UserID,Image,User_Angle,True_Angle,Rotation,Timestamp,Coord_x,Coord_y,Magnitude
3c3500e2-e51c-44b4-a2f8-86e5f7aef476,LL grass18 March 2023.JPG,23.84,203.84,180,2026-03-04 08:32:22,0.6432,0.8241,0.35
3c3500e2-e51c-44b4-a2f8-86e5f7aef476,LL grass21 March 2023.JPG,60.07,60.07,0,2026-03-04 08:32:30,0.7487,0.6432,0.29
3c3500e2-e51c-44b4-a2f8-86e5f7aef476,DJI_0350.JPG,23.08,203.08,180,2026-03-04 08:32:36,0.6231,0.7889,0.31
3c3500e2-e51c-44b4-a2f8-86e5f7aef476,DJI_0351.JPG,306.63,36.63,90,2026-03-04 08:32:43,0.206,0.7186,0.37
3c3500e2-e51c-44b4-a2f8-86e5f7aef476,DJI_0346.JPG,115.56,205.56,90,2026-03-04 08:32:47,0.6734,0.4171,0.19
3c3500e2-e51c-44b4-a2f8-86e5f7aef476,LL grass30 March 2023.JPG,19.27,199.27,180,2026-03-04 08:32:58,0.608,0.809,0.33
3c3500e2-e51c-44b4-a2f8-86e5f7aef476,LL grass24 March 2023.JPG,333.25,243.25,270,2026-03-04 08:33:05,0.3467,0.804,0.34
3c3500e2-e51c-44b4-a2f8-86e5f7aef476,LL grass.JPG,272.25,272.25,0,2026-03-04 08:33:22,0.1809,0.5126,0.32
3c3500e2-e51c-44b4-a2f8-86e5f7aef476,DJI_0366.JPG,356.45,86.45,90,2026-03-04 08:33:30,0.4774,0.8643,0.37
3c3500e2-e51c-44b4-a2f8-86e5f7aef476,LL grass16 March 2023.JPG,84.4,84.4,0,2026-03-04 08:33:38,0.8844,0.5377,0.39
3c3500e2-e51c-44b4-a2f8-86e5f7aef476,LL grass27 March 2023.JPG,343.41,253.41,270,2026-03-04 08:33:42,0.3869,0.8794,0.4
3c3500e2-e51c-44b4-a2f8-86e5f7aef476,DJI_0356.JPG,32.53,32.53,0,2026-03-04 08:33:48,0.7035,0.8191,0.38
3c3500e2-e51c-44b4-a2f8-86e5f7aef476,LL grass20 March 2023.JPG,247.5,247.5,0,2026-03-04 08:33:56,0.2513,0.397,0.27
3c3500e2-e51c-44b4-a2f8-86e5f7aef476,DJI_0361.JPG,82.61,82.61,0,2026-03-04 08:34:02,0.8291,0.5427,0.33
3c3500e2-e51c-44b4-a2f8-86e5f7aef476,LL grass12 March 2023.JPG,25.22,25.22,0,2026-03-04 08:34:06,0.6834,0.8894,0.43
3c3500e2-e51c-44b4-a2f8-86e5f7aef476,LL grass4 March 2023.JPG,53.95,143.95,90,2026-03-04 08:34:27,0.8693,0.7688,0.46
3c3500e2-e51c-44b4-a2f8-86e5f7aef476,LL grass17 March 2023.JPG,356.33,266.33,270,2026-03-04 08:34:37,0.4824,0.7739,0.27
3c3500e2-e51c-44b4-a2f8-86e5f7aef476,LL grass9 March 2023.JPG,343.79,73.79,90,2026-03-04 08:34:45,0.397,0.8543,0.37
3c3500e2-e51c-44b4-a2f8-86e5f7aef476,DJI_0344.JPG,6.78,6.78,0,2026-03-04 08:34:49,0.5427,0.8593,0.36
3c3500e2-e51c-44b4-a2f8-86e5f7aef476,LL grass32 March 2023.JPG,275.67,185.67,270,2026-03-04 08:34:56,0.1709,0.5327,0.33
3c3500e2-e51c-44b4-a2f8-86e5f7aef476,DJI_0355.JPG,296.37,26.37,90,2026-03-04 08:35:09,0.201,0.6482,0.33
3c3500e2-e51c-44b4-a2f8-86e5f7aef476,DJI_0369.JPG,354.54,84.54,90,2026-03-04 08:35:14,0.4724,0.7889,0.29
3c3500e2-e51c-44b4-a2f8-86e5f7aef476,LL grass28 March 2023.JPG,270.44,270.44,0,2026-03-04 08:35:24,0.1759,0.5025,0.32
3c3500e2-e51c-44b4-a2f8-86e5f7aef476,DJI_0371.JPG,280.34,280.34,0,2026-03-04 08:35:31,0.1005,0.5729,0.41
3c3500e2-e51c-44b4-a2f8-86e5f7aef476,LL grass7 March 2023.JPG,354.42,84.42,90,2026-03-04 08:35:41,0.4673,0.8342,0.34
3c3500e2-e51c-44b4-a2f8-86e5f7aef476,LL grass11 March 2023.JPG,90.54,180.54,90,2026-03-04 08:35:45,0.7688,0.4975,0.27
3c3500e2-e51c-44b4-a2f8-86e5f7aef476,DJI_0363.JPG,39.49,39.49,0,2026-03-04 08:35:49,0.6884,0.7286,0.3
3c3500e2-e51c-44b4-a2f8-86e5f7aef476,DJI_0345.JPG,323.6,233.6,270,2026-03-04 08:35:53,0.3166,0.7487,0.31
3c3500e2-e51c-44b4-a2f8-86e5f7aef476,DJI_0362.JPG,328.59,238.59,270,2026-03-04 08:36:05,0.3266,0.7839,0.33
3c3500e2-e51c-44b4-a2f8-86e5f7aef476,LL grass29 March 2023.JPG,348.69,258.69,270,2026-03-04 08:36:12,0.4372,0.8141,0.32
3c3500e2-e51c-44b4-a2f8-86e5f7aef476,DJI_0358.JPG,51.62,231.62,180,2026-03-04 08:36:18,0.8141,0.7487,0.4
3c3500e2-e51c-44b4-a2f8-86e5f7aef476,LL grass15 March 2023.JPG,292.65,202.65,270,2026-03-04 08:36:25,0.1206,0.6583,0.41
3c3500e2-e51c-44b4-a2f8-86e5f7aef476,LL aerial1.JPG,346.72,256.72,270,2026-03-04 08:36:50,0.4472,0.7236,0.23
3c3500e2-e51c-44b4-a2f8-86e5f7aef476,DJI_0359.JPG,54.35,54.35,0,2026-03-04 08:36:55,0.7487,0.6784,0.31
3c3500e2-e51c-44b4-a2f8-86e5f7aef476,DJI_0370.JPG,352.38,82.38,90,2026-03-04 08:37:03,0.4573,0.8191,0.32
3c3500e2-e51c-44b4-a2f8-86e5f7aef476,DJI_0349.JPG,35.54,35.54,0,2026-03-04 08:37:07,0.6884,0.7638,0.32
3c3500e2-e51c-44b4-a2f8-86e5f7aef476,LL grass2 March 2023.JPG,341.57,251.57,270,2026-03-04 08:37:19,0.3869,0.8392,0.36
3c3500e2-e51c-44b4-a2f8-86e5f7aef476,DJI_0352.JPG,28.35,28.35,0,2026-03-04 08:37:37,0.6884,0.8492,0.4
3c3500e2-e51c-44b4-a2f8-86e5f7aef476,LL grass19 March 2023.JPG,299.7,209.7,270,2026-03-04 08:37:42,0.1608,0.6935,0.39
3c3500e2-e51c-44b4-a2f8-86e5f7aef476,LL grass13 March 2023.JPG,309.56,219.56,270,2026-03-04 08:37:46,0.2111,0.7387,0.37
3c3500e2-e51c-44b4-a2f8-86e5f7aef476,DJI_0368.JPG,37.29,217.29,180,2026-03-04 08:37:54,0.7085,0.7739,0.34
3c3500e2-e51c-44b4-a2f8-86e5f7aef476,LL grass22 March 2023.JPG,319.28,229.28,270,2026-03-04 08:37:59,0.2513,0.7889,0.38
3c3500e2-e51c-44b4-a2f8-86e5f7aef476,DJI_0354.JPG,318.64,48.64,90,2026-03-04 08:38:11,0.2412,0.794,0.39
3c3500e2-e51c-44b4-a2f8-86e5f7aef476,DJI_0373.JPG,313.44,223.44,270,2026-03-04 08:38:21,0.2161,0.7688,0.39
3c3500e2-e51c-44b4-a2f8-86e5f7aef476,DJI_0367.JPG,356.36,86.36,90,2026-03-04 08:38:28,0.4724,0.9347,0.44
3c3500e2-e51c-44b4-a2f8-86e5f7aef476,DJI_0374.JPG,349.79,259.79,270,2026-03-04 08:38:38,0.4271,0.9045,0.41
3c3500e2-e51c-44b4-a2f8-86e5f7aef476,DJI_0364.JPG,51.41,231.41,180,2026-03-04 08:38:45,0.7487,0.6985,0.32
3c3500e2-e51c-44b4-a2f8-86e5f7aef476,LL grass8 March 2023.JPG,20.8,200.8,180,2026-03-04 08:38:51,0.6231,0.8241,0.35
3c3500e2-e51c-44b4-a2f8-86e5f7aef476,LL grass25 March 2023.JPG,338.57,248.57,270,2026-03-04 08:38:59,0.3668,0.8392,0.36
3c3500e2-e51c-44b4-a2f8-86e5f7aef476,LL grass1 March 2023.JPG,310.28,130.28,180,2026-03-04 08:39:19,0.1709,0.7789,0.43
3c3500e2-e51c-44b4-a2f8-86e5f7aef476,DJI_0365.JPG,339.3,249.3,270,2026-03-04 08:39:25,0.3719,0.8392,0.36
3c3500e2-e51c-44b4-a2f8-86e5f7aef476,DJI_0357.JPG,26.74,206.74,180,2026-03-04 08:39:30,0.6683,0.8342,0.37
3c3500e2-e51c-44b4-a2f8-86e5f7aef476,LL grass10 March 2023.JPG,44.46,44.46,0,2026-03-04 08:39:35,0.7638,0.7688,0.38
3c3500e2-e51c-44b4-a2f8-86e5f7aef476,DJI_0360.JPG,316.95,226.95,270,2026-03-04 08:39:42,0.2864,0.7286,0.31
3c3500e2-e51c-44b4-a2f8-86e5f7aef476,LL grass26 March 2023.JPG,344.23,74.23,90,2026-03-04 08:39:51,0.407,0.8291,0.34
3c3500e2-e51c-44b4-a2f8-86e5f7aef476,DJI_0348.JPG,41.07,41.07,0,2026-03-04 08:39:58,0.7387,0.7739,0.36
3c3500e2-e51c-44b4-a2f8-86e5f7aef476,LL grass6 March 2023.JPG,62.35,242.35,180,2026-03-04 08:40:09,0.8693,0.6935,0.42
3c3500e2-e51c-44b4-a2f8-86e5f7aef476,LL grass31 March 2023.JPG,45.84,225.84,180,2026-03-04 08:40:23,0.8492,0.8392,0.49
3c3500e2-e51c-44b4-a2f8-86e5f7aef476,DJI_0353.JPG,322.87,52.87,90,2026-03-04 08:40:36,0.2965,0.7688,0.34
3c3500e2-e51c-44b4-a2f8-86e5f7aef476,DJI_0372.JPG,37.79,217.79,180,2026-03-04 08:40:41,0.6734,0.7236,0.28
3c3500e2-e51c-44b4-a2f8-86e5f7aef476,LL grass5 March 2023.JPG,358.71,178.71,180,2026-03-04 08:40:50,0.4925,0.8342,0.33
3c3500e2-e51c-44b4-a2f8-86e5f7aef476,LL grass23 March 2023.JPG,326.89,236.89,270,2026-03-04 08:41:03,0.3116,0.7889,0.34
3c3500e2-e51c-44b4-a2f8-86e5f7aef476,LL grass3 March 2023.JPG,4.33,274.33,270,2026-03-04 08:41:08,0.5226,0.799,0.3
3c3500e2-e51c-44b4-a2f8-86e5f7aef476,DJI_0256.JPG,59.19,59.19,0,2026-03-04 08:41:20,0.7739,0.6633,0.32
3c3500e2-e51c-44b4-a2f8-86e5f7aef476,DJI_0347.JPG,274.87,184.87,270,2026-03-04 08:41:26,0.1759,0.5276,0.33
90f5b492-7766-469e-a5c1-b20dd0372194,LL grass13 March 2023.JPG,54.68,54.68,0,2026-03-04 10:16:26,0.8794,0.7688,0.46
9e4f1757-7fe3-46db-a031-d26556a325fe,DJI_0351.JPG,31.08,31.08,0,2026-03-05 09:37:28,0.7286,0.8794,0.44
9e4f1757-7fe3-46db-a031-d26556a325fe,LL grass32 March 2023.JPG,330.39,150.39,180,2026-03-05 09:37:52,0.3015,0.8492,0.4
a6dee9ee-0782-4ad0-98f0-30afd92a59be,DJI_0351.JPG,52.13,52.13,0,2026-03-05 09:38:14,0.7487,0.6935,0.32
9e4f1757-7fe3-46db-a031-d26556a325fe,LL grass16 March 2023.JPG,61.18,61.18,0,2026-03-05 09:38:16,0.9246,0.7337,0.48
a6dee9ee-0782-4ad0-98f0-30afd92a59be,LL grass32 March 2023.JPG,287,107,180,2026-03-05 09:38:22,0.196,0.593,0.32
9e4f1757-7fe3-46db-a031-d26556a325fe,DJI_0359.JPG,136.88,226.88,270,2026-03-05 09:38:33,0.6482,0.3417,0.22
a6dee9ee-0782-4ad0-98f0-30afd92a59be,LL grass16 March 2023.JPG,301.09,301.09,0,2026-03-05 09:38:42,0.1709,0.6985,0.38
9e4f1757-7fe3-46db-a031-d26556a325fe,LL grass3 March 2023.JPG,41.07,311.07,90,2026-03-05 09:38:44,0.7387,0.7739,0.36
a6dee9ee-0782-4ad0-98f0-30afd92a59be,DJI_0359.JPG,308.43,38.43,270,2026-03-05 09:38:49,0.1106,0.809,0.5
9e4f1757-7fe3-46db-a031-d26556a325fe,LL grass18 March 2023.JPG,317.24,47.24,270,2026-03-05 09:38:53,0.191,0.8342,0.46
9e4f1757-7fe3-46db-a031-d26556a325fe,LL grass28 March 2023.JPG,0.48,90.48,270,2026-03-05 09:39:05,0.5025,0.799,0.3
9e4f1757-7fe3-46db-a031-d26556a325fe,LL grass8 March 2023.JPG,228.03,48.03,180,2026-03-05 09:39:21,0.1005,0.1407,0.54
9e4f1757-7fe3-46db-a031-d26556a325fe,DJI_0362.JPG,286.35,16.35,270,2026-03-05 09:39:31,0.0804,0.6231,0.44
9e4f1757-7fe3-46db-a031-d26556a325fe,DJI_0352.JPG,345.56,345.56,0,2026-03-05 09:39:39,0.392,0.9196,0.43
e85f5f1b-e432-4225-9318-a2a48dde11eb,LL grass.JPG,324.46,324.46,0,2026-03-05 09:47:58,0.4121,0.6231,0.15
e85f5f1b-e432-4225-9318-a2a48dde11eb,DJI_0347.JPG,178,358,180,2026-03-05 09:48:06,0.5126,0.1407,0.36
e85f5f1b-e432-4225-9318-a2a48dde11eb,DJI_0363.JPG,40.43,40.43,0,2026-03-05 09:48:12,0.6734,0.7035,0.27
e85f5f1b-e432-4225-9318-a2a48dde11eb,DJI_0349.JPG,35.09,215.09,180,2026-03-05 09:48:19,0.7136,0.804,0.37
e85f5f1b-e432-4225-9318-a2a48dde11eb,DJI_0359.JPG,53.21,233.21,180,2026-03-05 09:48:25,0.799,0.7236,0.37
e85f5f1b-e432-4225-9318-a2a48dde11eb,LL aerial1.JPG,253.95,253.95,0,2026-03-05 09:48:32,0.3166,0.4472,0.19
e85f5f1b-e432-4225-9318-a2a48dde11eb,DJI_0362.JPG,41.24,41.24,0,2026-03-05 09:48:36,0.6784,0.7035,0.27
e85f5f1b-e432-4225-9318-a2a48dde11eb,DJI_0374.JPG,5.19,275.19,90,2026-03-05 09:48:40,0.5075,0.5829,0.08
e85f5f1b-e432-4225-9318-a2a48dde11eb,LL grass30 March 2023.JPG,161.06,251.06,270,2026-03-05 09:48:49,0.6181,0.1558,0.36
e85f5f1b-e432-4225-9318-a2a48dde11eb,DJI_0350.JPG,21.15,21.15,0,2026-03-05 09:48:54,0.6332,0.8442,0.37
e85f5f1b-e432-4225-9318-a2a48dde11eb,LL grass18 March 2023.JPG,327.36,237.36,90,2026-03-05 09:51:17,0.3568,0.7236,0.27
e85f5f1b-e432-4225-9318-a2a48dde11eb,LL grass3 March 2023.JPG,306.12,306.12,0,2026-03-05 09:51:24,0.407,0.5678,0.12
e85f5f1b-e432-4225-9318-a2a48dde11eb,LL grass16 March 2023.JPG,129.12,129.12,0,2026-03-05 09:51:33,0.6884,0.3467,0.24
e85f5f1b-e432-4225-9318-a2a48dde11eb,DJI_0369.JPG,59.85,59.85,0,2026-03-05 09:51:38,0.7638,0.6533,0.31
e85f5f1b-e432-4225-9318-a2a48dde11eb,LL grass2 March 2023.JPG,343.81,253.81,90,2026-03-05 09:51:48,0.4322,0.7337,0.24
e85f5f1b-e432-4225-9318-a2a48dde11eb,DJI_0346.JPG,326.19,56.19,270,2026-03-05 09:51:54,0.3166,0.7739,0.33
e85f5f1b-e432-4225-9318-a2a48dde11eb,DJI_0368.JPG,144.46,234.46,270,2026-03-05 09:52:00,0.6633,0.2714,0.28
e85f5f1b-e432-4225-9318-a2a48dde11eb,DJI_0352.JPG,146.74,146.74,0,2026-03-05 09:52:13,0.6533,0.2663,0.28
e85f5f1b-e432-4225-9318-a2a48dde11eb,LL grass22 March 2023.JPG,0,270,90,2026-03-05 09:52:14,0.5,0.5,0
e85f5f1b-e432-4225-9318-a2a48dde11eb,LL grass24 March 2023.JPG,138.69,228.69,270,2026-03-05 09:52:18,0.7186,0.2513,0.33
e85f5f1b-e432-4225-9318-a2a48dde11eb,DJI_0348.JPG,307.23,37.23,270,2026-03-05 09:52:23,0.1859,0.7387,0.39
e85f5f1b-e432-4225-9318-a2a48dde11eb,DJI_0360.JPG,145.42,55.42,90,2026-03-05 09:52:28,0.6784,0.2412,0.31
e85f5f1b-e432-4225-9318-a2a48dde11eb,LL grass8 March 2023.JPG,0,180,180,2026-03-05 09:52:29,0.5,0.5,0
e85f5f1b-e432-4225-9318-a2a48dde11eb,LL grass32 March 2023.JPG,14.74,194.74,180,2026-03-05 09:52:36,0.5126,0.5477,0.05
e85f5f1b-e432-4225-9318-a2a48dde11eb,LL grass19 March 2023.JPG,193.89,193.89,0,2026-03-05 09:52:39,0.4422,0.2663,0.24
e85f5f1b-e432-4225-9318-a2a48dde11eb,LL grass9 March 2023.JPG,113.31,23.31,90,2026-03-05 09:52:43,0.809,0.3668,0.34
e85f5f1b-e432-4225-9318-a2a48dde11eb,DJI_0356.JPG,219.62,39.62,180,2026-03-05 09:52:46,0.3065,0.2663,0.3
e85f5f1b-e432-4225-9318-a2a48dde11eb,LL grass5 March 2023.JPG,125.34,35.34,90,2026-03-05 09:52:53,0.6382,0.402,0.17
e85f5f1b-e432-4225-9318-a2a48dde11eb,LL grass10 March 2023.JPG,0,270,90,2026-03-05 09:52:54,0.5,0.5,0
e85f5f1b-e432-4225-9318-a2a48dde11eb,DJI_0367.JPG,261.1,261.1,0,2026-03-05 09:52:59,0.2915,0.4673,0.21
873de366-9400-4a3e-ba15-d0fd9e6be9e2,DJI_0256.JPG,45.84,45.84,0,2026-03-05 11:52:25,0.8492,0.8392,0.49
873de366-9400-4a3e-ba15-d0fd9e6be9e2,LL grass5 March 2023.JPG,63.82,63.82,0,2026-03-05 11:53:00,0.9447,0.7186,0.5
873de366-9400-4a3e-ba15-d0fd9e6be9e2,LL grass26 March 2023.JPG,46.04,226.04,180,2026-03-05 11:53:28,0.9246,0.9095,0.59
873de366-9400-4a3e-ba15-d0fd9e6be9e2,DJI_0369.JPG,76.49,76.49,0,2026-03-05 11:53:43,0.9497,0.608,0.46
873de366-9400-4a3e-ba15-d0fd9e6be9e2,LL grass19 March 2023.JPG,41.36,221.36,180,2026-03-05 11:54:07,0.8693,0.9196,0.56
873de366-9400-4a3e-ba15-d0fd9e6be9e2,LL grass.JPG,236.19,326.19,270,2026-03-05 11:54:29,0.2261,0.3166,0.33
873de366-9400-4a3e-ba15-d0fd9e6be9e2,DJI_0359.JPG,71.37,251.37,180,2026-03-05 11:54:59,0.9397,0.6482,0.46
873de366-9400-4a3e-ba15-d0fd9e6be9e2,DJI_0352.JPG,147.82,57.82,90,2026-03-05 11:55:41,0.7387,0.1206,0.45
873de366-9400-4a3e-ba15-d0fd9e6be9e2,LL grass22 March 2023.JPG,44.6,44.6,0,2026-03-05 11:56:04,0.8543,0.8593,0.5
873de366-9400-4a3e-ba15-d0fd9e6be9e2,LL grass7 March 2023.JPG,84.81,84.81,0,2026-03-05 11:56:35,0.9146,0.5377,0.42
873de366-9400-4a3e-ba15-d0fd9e6be9e2,DJI_0367.JPG,339.13,69.13,270,2026-03-05 11:56:50,0.3266,0.9548,0.49
873de366-9400-4a3e-ba15-d0fd9e6be9e2,LL grass11 March 2023.JPG,359.01,359.01,0,2026-03-05 11:56:59,0.4925,0.9347,0.43
873de366-9400-4a3e-ba15-d0fd9e6be9e2,DJI_0355.JPG,310.79,40.79,270,2026-03-05 11:57:04,0.0603,0.8794,0.58
873de366-9400-4a3e-ba15-d0fd9e6be9e2,DJI_0357.JPG,43.7,223.7,180,2026-03-05 11:57:10,0.8241,0.8392,0.47
873de366-9400-4a3e-ba15-d0fd9e6be9e2,LL grass16 March 2023.JPG,62.79,62.79,0,2026-03-05 11:57:20,0.9447,0.7286,0.5
873de366-9400-4a3e-ba15-d0fd9e6be9e2,DJI_0370.JPG,63.01,243.01,180,2026-03-05 11:57:30,0.9095,0.7085,0.46
873de366-9400-4a3e-ba15-d0fd9e6be9e2,DJI_0345.JPG,317.74,47.74,270,2026-03-05 11:57:38,0.1508,0.8844,0.52
873de366-9400-4a3e-ba15-d0fd9e6be9e2,LL grass10 March 2023.JPG,56.91,236.91,180,2026-03-05 11:57:42,0.8894,0.7538,0.46
873de366-9400-4a3e-ba15-d0fd9e6be9e2,DJI_0366.JPG,313.27,43.27,270,2026-03-05 11:57:49,0.0704,0.9045,0.59
3b0b941c-323a-4946-8cb3-eb4c54456a35,DJI_0359.JPG,135,225,270,2026-03-05 18:22:44,0.6985,0.3015,0.28
3b0b941c-323a-4946-8cb3-eb4c54456a35,DJI_0368.JPG,130.79,40.79,90,2026-03-05 18:22:59,0.6834,0.3417,0.24
3b0b941c-323a-4946-8cb3-eb4c54456a35,DJI_0360.JPG,50.78,230.78,180,2026-03-05 18:23:08,0.7186,0.6784,0.28
3b0b941c-323a-4946-8cb3-eb4c54456a35,DJI_0352.JPG,96.93,96.93,0,2026-03-05 18:23:19,0.7688,0.4673,0.27
3b0b941c-323a-4946-8cb3-eb4c54456a35,LL grass15 March 2023.JPG,131.36,41.36,90,2026-03-05 18:23:27,0.794,0.2412,0.39
3b0b941c-323a-4946-8cb3-eb4c54456a35,LL grass8 March 2023.JPG,112.89,202.89,270,2026-03-05 18:23:34,0.8392,0.3568,0.37
a7989646-a3cd-4040-9fd0-30cc0aaa110b,DJI_0353.JPG,305.96,35.96,270,2026-03-11 14:38:34,0.1156,0.7789,0.47
a7989646-a3cd-4040-9fd0-30cc0aaa110b,DJI_0356.JPG,32.98,32.98,0,2026-03-11 14:38:42,0.7136,0.8291,0.39
a7989646-a3cd-4040-9fd0-30cc0aaa110b,LL grass23 March 2023.JPG,45.46,45.46,0,2026-03-11 14:38:50,0.8141,0.809,0.44
a7989646-a3cd-4040-9fd0-30cc0aaa110b,DJI_0374.JPG,339.12,249.12,90,2026-03-11 14:38:56,0.407,0.7437,0.26
a7989646-a3cd-4040-9fd0-30cc0aaa110b,LL grass22 March 2023.JPG,317.22,47.22,270,2026-03-11 14:39:00,0.2513,0.7688,0.37
a7989646-a3cd-4040-9fd0-30cc0aaa110b,DJI_0358.JPG,322.35,52.35,270,2026-03-11 14:39:04,0.2965,0.7638,0.33
a7989646-a3cd-4040-9fd0-30cc0aaa110b,LL grass12 March 2023.JPG,31.96,31.96,0,2026-03-11 14:39:08,0.6834,0.794,0.35
a7989646-a3cd-4040-9fd0-30cc0aaa110b,DJI_0348.JPG,290.1,20.1,270,2026-03-11 14:39:12,0.191,0.6131,0.33
a7989646-a3cd-4040-9fd0-30cc0aaa110b,DJI_0357.JPG,313.77,43.77,270,2026-03-11 14:39:18,0.2613,0.7286,0.33
a7989646-a3cd-4040-9fd0-30cc0aaa110b,LL grass9 March 2023.JPG,295.88,25.88,270,2026-03-11 14:39:25,0.2462,0.6231,0.28
a7989646-a3cd-4040-9fd0-30cc0aaa110b,LL grass5 March 2023.JPG,345.36,255.36,90,2026-03-11 14:39:34,0.4271,0.7789,0.29
a7989646-a3cd-4040-9fd0-30cc0aaa110b,DJI_0372.JPG,337.35,67.35,270,2026-03-11 14:39:43,0.3668,0.8191,0.35
a7989646-a3cd-4040-9fd0-30cc0aaa110b,DJI_0362.JPG,324.84,54.84,270,2026-03-11 14:39:50,0.2965,0.7889,0.35
a7989646-a3cd-4040-9fd0-30cc0aaa110b,DJI_0350.JPG,34.58,34.58,0,2026-03-11 14:39:56,0.6784,0.7588,0.31
a7989646-a3cd-4040-9fd0-30cc0aaa110b,LL grass24 March 2023.JPG,66.56,246.56,180,2026-03-11 14:40:03,0.7839,0.6231,0.31
a7989646-a3cd-4040-9fd0-30cc0aaa110b,LL grass.JPG,9.36,279.36,90,2026-03-11 14:40:10,0.5377,0.7286,0.23
a7989646-a3cd-4040-9fd0-30cc0aaa110b,LL grass4 March 2023.JPG,350.22,350.22,0,2026-03-11 14:40:20,0.4623,0.7186,0.22
a7989646-a3cd-4040-9fd0-30cc0aaa110b,LL grass20 March 2023.JPG,237.41,237.41,0,2026-03-11 14:40:29,0.3467,0.402,0.18
a7989646-a3cd-4040-9fd0-30cc0aaa110b,LL grass25 March 2023.JPG,342.16,72.16,270,2026-03-11 14:40:38,0.407,0.7889,0.3
a7989646-a3cd-4040-9fd0-30cc0aaa110b,LL grass21 March 2023.JPG,341.81,251.81,90,2026-03-11 14:40:47,0.3819,0.8593,0.38
a7989646-a3cd-4040-9fd0-30cc0aaa110b,LL grass32 March 2023.JPG,345.43,255.43,90,2026-03-11 14:40:54,0.4171,0.8191,0.33
a7989646-a3cd-4040-9fd0-30cc0aaa110b,DJI_0363.JPG,30.83,30.83,0,2026-03-11 14:41:00,0.6935,0.8241,0.38
a7989646-a3cd-4040-9fd0-30cc0aaa110b,LL grass11 March 2023.JPG,179.45,359.45,180,2026-03-11 14:41:05,0.5025,0.2362,0.26
a7989646-a3cd-4040-9fd0-30cc0aaa110b,LL grass15 March 2023.JPG,277.62,7.62,270,2026-03-11 14:41:10,0.1809,0.5427,0.32
a7989646-a3cd-4040-9fd0-30cc0aaa110b,DJI_0364.JPG,259.16,79.16,180,2026-03-11 14:41:21,0.1457,0.4322,0.36
a7989646-a3cd-4040-9fd0-30cc0aaa110b,LL grass29 March 2023.JPG,165.21,75.21,90,2026-03-11 14:41:30,0.5829,0.1859,0.32
a7989646-a3cd-4040-9fd0-30cc0aaa110b,DJI_0344.JPG,192.13,192.13,0,2026-03-11 14:41:37,0.4422,0.2312,0.27
a7989646-a3cd-4040-9fd0-30cc0aaa110b,LL grass13 March 2023.JPG,198.43,198.43,0,2026-03-11 14:41:45,0.4271,0.2814,0.23
a7989646-a3cd-4040-9fd0-30cc0aaa110b,DJI_0373.JPG,330.2,240.2,90,2026-03-11 14:41:52,0.3518,0.7588,0.3
a7989646-a3cd-4040-9fd0-30cc0aaa110b,DJI_0360.JPG,229.88,49.88,180,2026-03-11 14:41:59,0.2764,0.3116,0.29
a7989646-a3cd-4040-9fd0-30cc0aaa110b,DJI_0370.JPG,153.21,243.21,270,2026-03-11 14:42:06,0.6281,0.2462,0.28
a7989646-a3cd-4040-9fd0-30cc0aaa110b,DJI_0359.JPG,154.15,244.15,270,2026-03-11 14:42:14,0.6181,0.2563,0.27
a7989646-a3cd-4040-9fd0-30cc0aaa110b,DJI_0352.JPG,64.56,244.56,180,2026-03-11 14:42:25,0.7588,0.6231,0.29
a7989646-a3cd-4040-9fd0-30cc0aaa110b,LL grass17 March 2023.JPG,355.6,85.6,270,2026-03-11 14:42:48,0.4774,0.794,0.29
a7989646-a3cd-4040-9fd0-30cc0aaa110b,DJI_0256.JPG,161.57,71.57,90,2026-03-11 14:42:55,0.5678,0.2965,0.21
a7989646-a3cd-4040-9fd0-30cc0aaa110b,LL grass26 March 2023.JPG,251.87,251.87,0,2026-03-11 14:43:04,0.2161,0.407,0.3
a7989646-a3cd-4040-9fd0-30cc0aaa110b,LL grass2 March 2023.JPG,343.26,253.26,90,2026-03-11 14:43:10,0.407,0.809,0.32
a7989646-a3cd-4040-9fd0-30cc0aaa110b,LL grass16 March 2023.JPG,171.1,81.1,90,2026-03-11 14:43:17,0.5327,0.2915,0.21
a7989646-a3cd-4040-9fd0-30cc0aaa110b,DJI_0355.JPG,290.1,20.1,270,2026-03-11 14:43:22,0.191,0.6131,0.33
a7989646-a3cd-4040-9fd0-30cc0aaa110b,LL grass7 March 2023.JPG,263.2,263.2,0,2026-03-11 14:43:26,0.2261,0.4673,0.28
a7989646-a3cd-4040-9fd0-30cc0aaa110b,DJI_0365.JPG,71.84,71.84,0,2026-03-11 14:43:33,0.8141,0.603,0.33
a7989646-a3cd-4040-9fd0-30cc0aaa110b,LL grass30 March 2023.JPG,165.19,255.19,270,2026-03-11 14:43:38,0.5578,0.2814,0.23
a7989646-a3cd-4040-9fd0-30cc0aaa110b,LL grass3 March 2023.JPG,259.35,259.35,0,2026-03-11 14:43:45,0.2462,0.4523,0.26
a7989646-a3cd-4040-9fd0-30cc0aaa110b,DJI_0346.JPG,327.71,237.71,90,2026-03-11 14:43:52,0.3015,0.8141,0.37
a7989646-a3cd-4040-9fd0-30cc0aaa110b,LL grass1 March 2023.JPG,0,180,180,2026-03-11 14:43:56,0.5,0.5,0
a7989646-a3cd-4040-9fd0-30cc0aaa110b,DJI_0366.JPG,333.95,63.95,270,2026-03-11 14:44:02,0.3367,0.8342,0.37
a7989646-a3cd-4040-9fd0-30cc0aaa110b,LL grass27 March 2023.JPG,344.23,74.23,270,2026-03-11 14:44:08,0.407,0.8291,0.34
a7989646-a3cd-4040-9fd0-30cc0aaa110b,DJI_0349.JPG,294.89,204.89,90,2026-03-11 14:44:15,0.2563,0.6131,0.27
a7989646-a3cd-4040-9fd0-30cc0aaa110b,DJI_0369.JPG,351.29,261.29,90,2026-03-11 14:44:20,0.4573,0.7789,0.28
a7989646-a3cd-4040-9fd0-30cc0aaa110b,LL grass10 March 2023.JPG,49.13,49.13,0,2026-03-11 14:44:24,0.7236,0.6935,0.3
a7989646-a3cd-4040-9fd0-30cc0aaa110b,LL grass31 March 2023.JPG,47.46,227.46,180,2026-03-11 14:44:31,0.7437,0.7236,0.33
a7989646-a3cd-4040-9fd0-30cc0aaa110b,DJI_0368.JPG,325.7,55.7,270,2026-03-11 14:44:35,0.3166,0.7688,0.33
a7989646-a3cd-4040-9fd0-30cc0aaa110b,LL grass8 March 2023.JPG,17.06,17.06,0,2026-03-11 14:44:39,0.5779,0.7538,0.27
a7989646-a3cd-4040-9fd0-30cc0aaa110b,LL grass6 March 2023.JPG,356.52,86.52,270,2026-03-11 14:44:45,0.4824,0.7889,0.29
a7989646-a3cd-4040-9fd0-30cc0aaa110b,DJI_0351.JPG,33.37,33.37,0,2026-03-11 14:44:49,0.7035,0.809,0.37
a7989646-a3cd-4040-9fd0-30cc0aaa110b,DJI_0347.JPG,90.51,0.51,90,2026-03-11 14:44:55,0.7839,0.4975,0.28
a7989646-a3cd-4040-9fd0-30cc0aaa110b,DJI_0367.JPG,79.57,259.57,180,2026-03-11 14:45:01,0.8141,0.5578,0.32
a7989646-a3cd-4040-9fd0-30cc0aaa110b,DJI_0361.JPG,343.89,73.89,270,2026-03-11 14:45:09,0.402,0.8392,0.35
a7989646-a3cd-4040-9fd0-30cc0aaa110b,LL grass18 March 2023.JPG,37.65,217.65,180,2026-03-11 14:45:14,0.7035,0.7638,0.33
a7989646-a3cd-4040-9fd0-30cc0aaa110b,DJI_0354.JPG,30.03,210.03,180,2026-03-11 14:45:19,0.6583,0.7739,0.32
a7989646-a3cd-4040-9fd0-30cc0aaa110b,DJI_0345.JPG,332.26,62.26,270,2026-03-11 14:45:26,0.3216,0.8392,0.38
a7989646-a3cd-4040-9fd0-30cc0aaa110b,LL grass19 March 2023.JPG,225.65,225.65,0,2026-03-11 14:45:33,0.2764,0.2814,0.31
a7989646-a3cd-4040-9fd0-30cc0aaa110b,LL aerial1.JPG,30.49,30.49,0,2026-03-11 14:45:41,0.6583,0.7688,0.31
a7989646-a3cd-4040-9fd0-30cc0aaa110b,LL grass28 March 2023.JPG,177.32,87.32,90,2026-03-11 14:45:50,0.5126,0.2312,0.27
a7989646-a3cd-4040-9fd0-30cc0aaa110b,DJI_0371.JPG,164.45,74.45,90,2026-03-11 14:45:56,0.5678,0.2563,0.25
f6e07adb-ba01-439d-b0db-3e6249d398c4,DJI_0347.JPG,347.7,347.7,0,2026-03-13 09:37:18,0.4271,0.8342,0.34
f6e07adb-ba01-439d-b0db-3e6249d398c4,DJI_0350.JPG,32.56,32.56,0,2026-03-13 09:37:33,0.6332,0.7085,0.25
236c8cf7-e446-4c74-8a62-adc5b6fc9b43,LL aerial1.JPG,254.95,74.95,180,2026-03-13 09:38:02,0.2663,0.4372,0.24
236c8cf7-e446-4c74-8a62-adc5b6fc9b43,LL grass22 March 2023.JPG,228.58,318.58,270,2026-03-13 09:38:08,0.3719,0.3869,0.17
f626f3ba-7d15-4301-b850-44698c328e82,DJI_0345.JPG,140.71,50.71,90,2026-03-13 10:42:44,0.6131,0.3618,0.18
f626f3ba-7d15-4301-b850-44698c328e82,DJI_0364.JPG,230.88,50.88,180,2026-03-13 10:43:15,0.3116,0.3467,0.24
f626f3ba-7d15-4301-b850-44698c328e82,LL grass26 March 2023.JPG,133.64,223.64,270,2026-03-13 10:43:25,0.608,0.397,0.15
f626f3ba-7d15-4301-b850-44698c328e82,LL grass8 March 2023.JPG,129.9,219.9,270,2026-03-13 10:43:47,0.6533,0.3719,0.2
f626f3ba-7d15-4301-b850-44698c328e82,DJI_0367.JPG,108.43,108.43,0,2026-03-13 10:44:05,0.6281,0.4573,0.14
f626f3ba-7d15-4301-b850-44698c328e82,DJI_0346.JPG,133.32,43.32,90,2026-03-13 10:44:24,0.5879,0.4171,0.12
f626f3ba-7d15-4301-b850-44698c328e82,DJI_0351.JPG,128.88,38.88,90,2026-03-13 10:44:45,0.5779,0.4372,0.1
f626f3ba-7d15-4301-b850-44698c328e82,DJI_0350.JPG,125.91,35.91,90,2026-03-13 10:45:00,0.5729,0.4472,0.09
f626f3ba-7d15-4301-b850-44698c328e82,LL grass19 March 2023.JPG,207.65,207.65,0,2026-03-13 10:45:29,0.4171,0.3417,0.18
f626f3ba-7d15-4301-b850-44698c328e82,LL grass12 March 2023.JPG,210.53,30.53,180,2026-03-13 10:45:47,0.4422,0.402,0.11
f626f3ba-7d15-4301-b850-44698c328e82,LL grass5 March 2023.JPG,73.61,73.61,0,2026-03-13 10:47:21,0.5427,0.5126,0.04
f626f3ba-7d15-4301-b850-44698c328e82,LL grass11 March 2023.JPG,358.78,358.78,0,2026-03-13 10:47:35,0.4975,0.6181,0.12
f626f3ba-7d15-4301-b850-44698c328e82,DJI_0256.JPG,323.33,53.33,270,2026-03-13 10:47:55,0.4121,0.6181,0.15
f626f3ba-7d15-4301-b850-44698c328e82,DJI_0365.JPG,266.5,86.5,180,2026-03-13 10:48:06,0.3769,0.4925,0.12
f626f3ba-7d15-4301-b850-44698c328e82,DJI_0349.JPG,119.58,209.58,270,2026-03-13 10:49:49,0.593,0.4472,0.11
f626f3ba-7d15-4301-b850-44698c328e82,LL grass13 March 2023.JPG,37.09,37.09,0,2026-03-13 10:50:19,0.5779,0.603,0.13
f626f3ba-7d15-4301-b850-44698c328e82,DJI_0347.JPG,94.4,4.4,90,2026-03-13 10:50:33,0.6633,0.4874,0.16
f626f3ba-7d15-4301-b850-44698c328e82,LL grass16 March 2023.JPG,187.7,97.7,90,2026-03-13 10:51:19,0.4874,0.407,0.09
f626f3ba-7d15-4301-b850-44698c328e82,LL grass2 March 2023.JPG,102.99,12.99,90,2026-03-13 10:52:28,0.5327,0.4925,0.03
f626f3ba-7d15-4301-b850-44698c328e82,DJI_0354.JPG,54.93,234.93,180,2026-03-13 10:52:44,0.6181,0.5829,0.14
f626f3ba-7d15-4301-b850-44698c328e82,LL grass9 March 2023.JPG,77.57,77.57,0,2026-03-13 10:52:59,0.6482,0.5327,0.15
f626f3ba-7d15-4301-b850-44698c328e82,LL grass22 March 2023.JPG,55.68,55.68,0,2026-03-13 10:53:23,0.6583,0.608,0.19
f626f3ba-7d15-4301-b850-44698c328e82,DJI_0374.JPG,52.13,52.13,0,2026-03-13 10:53:43,0.6131,0.5879,0.14
f626f3ba-7d15-4301-b850-44698c328e82,DJI_0368.JPG,241.59,241.59,0,2026-03-13 10:54:37,0.3467,0.4171,0.17
f626f3ba-7d15-4301-b850-44698c328e82,DJI_0348.JPG,126.18,36.18,90,2026-03-13 10:54:49,0.6683,0.3769,0.21
f626f3ba-7d15-4301-b850-44698c328e82,LL grass28 March 2023.JPG,48.73,48.73,0,2026-03-13 10:55:15,0.6231,0.608,0.16
f626f3ba-7d15-4301-b850-44698c328e82,LL grass20 March 2023.JPG,46.91,226.91,180,2026-03-13 10:55:29,0.5779,0.5729,0.11
f626f3ba-7d15-4301-b850-44698c328e82,DJI_0360.JPG,139.51,49.51,90,2026-03-13 10:55:46,0.5879,0.397,0.14
f626f3ba-7d15-4301-b850-44698c328e82,DJI_0358.JPG,137.94,47.94,90,2026-03-13 10:56:08,0.593,0.397,0.14
f626f3ba-7d15-4301-b850-44698c328e82,DJI_0362.JPG,222.21,42.21,180,2026-03-13 10:56:24,0.402,0.392,0.15
f626f3ba-7d15-4301-b850-44698c328e82,LL grass21 March 2023.JPG,56.8,236.8,180,2026-03-13 10:56:55,0.7035,0.6332,0.24
f626f3ba-7d15-4301-b850-44698c328e82,LL grass10 March 2023.JPG,46.57,46.57,0,2026-03-13 10:57:13,0.6884,0.6784,0.26
f626f3ba-7d15-4301-b850-44698c328e82,LL grass32 March 2023.JPG,55.44,325.44,90,2026-03-13 10:57:48,0.6131,0.5779,0.14
f626f3ba-7d15-4301-b850-44698c328e82,LL grass6 March 2023.JPG,332.97,62.97,270,2026-03-13 10:58:11,0.4372,0.6231,0.14
f626f3ba-7d15-4301-b850-44698c328e82,LL grass23 March 2023.JPG,254.2,74.2,180,2026-03-13 10:58:34,0.3668,0.4623,0.14
f626f3ba-7d15-4301-b850-44698c328e82,DJI_0357.JPG,231.52,231.52,0,2026-03-13 10:58:46,0.402,0.4221,0.13
f626f3ba-7d15-4301-b850-44698c328e82,LL grass.JPG,239.04,329.04,270,2026-03-13 10:59:00,0.4372,0.4623,0.07
f626f3ba-7d15-4301-b850-44698c328e82,DJI_0371.JPG,214.8,304.8,270,2026-03-13 10:59:16,0.397,0.3518,0.18
f626f3ba-7d15-4301-b850-44698c328e82,DJI_0359.JPG,130.84,40.84,90,2026-03-13 10:59:34,0.6482,0.3719,0.2
f626f3ba-7d15-4301-b850-44698c328e82,DJI_0344.JPG,99.9,9.9,90,2026-03-13 10:59:54,0.6583,0.4724,0.16
f626f3ba-7d15-4301-b850-44698c328e82,DJI_0353.JPG,234.73,54.73,180,2026-03-13 11:01:30,0.397,0.4271,0.13
f626f3ba-7d15-4301-b850-44698c328e82,LL grass4 March 2023.JPG,88.73,358.73,90,2026-03-13 11:01:54,0.6131,0.5025,0.11
f626f3ba-7d15-4301-b850-44698c328e82,DJI_0361.JPG,257.55,257.55,0,2026-03-13 11:02:10,0.3065,0.4573,0.2
f626f3ba-7d15-4301-b850-44698c328e82,LL grass1 March 2023.JPG,161.57,341.57,180,2026-03-13 11:02:27,0.5377,0.3869,0.12
f626f3ba-7d15-4301-b850-44698c328e82,LL grass24 March 2023.JPG,242.97,62.97,180,2026-03-13 11:02:45,0.3769,0.4372,0.14
f626f3ba-7d15-4301-b850-44698c328e82,DJI_0366.JPG,233.75,233.75,0,2026-03-13 11:03:01,0.3869,0.4171,0.14
f626f3ba-7d15-4301-b850-44698c328e82,DJI_0355.JPG,221.42,221.42,0,2026-03-13 11:03:17,0.3869,0.3719,0.17
f626f3ba-7d15-4301-b850-44698c328e82,LL grass17 March 2023.JPG,148.36,58.36,90,2026-03-13 11:03:33,0.6533,0.2513,0.29
f626f3ba-7d15-4301-b850-44698c328e82,LL grass18 March 2023.JPG,146.8,236.8,270,2026-03-13 11:03:45,0.6332,0.2965,0.24
f626f3ba-7d15-4301-b850-44698c328e82,LL grass7 March 2023.JPG,95.19,5.19,90,2026-03-13 11:04:04,0.6382,0.4874,0.14
f626f3ba-7d15-4301-b850-44698c328e82,LL grass25 March 2023.JPG,131.57,221.57,270,2026-03-13 11:04:22,0.6332,0.3819,0.18
f626f3ba-7d15-4301-b850-44698c328e82,DJI_0372.JPG,243.92,63.92,180,2026-03-13 11:04:36,0.3819,0.4422,0.13
f626f3ba-7d15-4301-b850-44698c328e82,DJI_0363.JPG,319.93,49.93,270,2026-03-13 11:05:06,0.3668,0.6583,0.21
f626f3ba-7d15-4301-b850-44698c328e82,DJI_0356.JPG,277.43,7.43,270,2026-03-13 11:05:38,0.3266,0.5226,0.17
f626f3ba-7d15-4301-b850-44698c328e82,LL grass27 March 2023.JPG,167.74,257.74,270,2026-03-13 11:05:52,0.5377,0.3266,0.18
f626f3ba-7d15-4301-b850-44698c328e82,LL aerial1.JPG,173.85,83.85,90,2026-03-13 11:06:17,0.5176,0.3367,0.16
f626f3ba-7d15-4301-b850-44698c328e82,LL grass29 March 2023.JPG,185.6,95.6,90,2026-03-13 11:06:31,0.4874,0.3719,0.13
f626f3ba-7d15-4301-b850-44698c328e82,DJI_0352.JPG,187.52,277.52,270,2026-03-13 11:06:50,0.4824,0.3668,0.13
f626f3ba-7d15-4301-b850-44698c328e82,DJI_0373.JPG,48.52,228.52,180,2026-03-13 11:07:38,0.6734,0.6533,0.23
f626f3ba-7d15-4301-b850-44698c328e82,LL grass15 March 2023.JPG,85.4,175.4,270,2026-03-13 11:08:01,0.7186,0.5176,0.22
f626f3ba-7d15-4301-b850-44698c328e82,DJI_0370.JPG,244.65,244.65,0,2026-03-13 11:08:21,0.3568,0.4322,0.16
f626f3ba-7d15-4301-b850-44698c328e82,LL grass3 March 2023.JPG,90.91,0.91,90,2026-03-13 11:08:33,0.6583,0.4975,0.16
f626f3ba-7d15-4301-b850-44698c328e82,DJI_0369.JPG,266.08,86.08,180,2026-03-13 11:08:47,0.3166,0.4874,0.18
f626f3ba-7d15-4301-b850-44698c328e82,LL grass30 March 2023.JPG,243.76,63.76,180,2026-03-13 11:09:09,0.3216,0.4121,0.2
f626f3ba-7d15-4301-b850-44698c328e82,LL grass31 March 2023.JPG,227.16,227.16,0,2026-03-13 11:09:31,0.3618,0.3719,0.19
7a752730-d8bf-48d0-857c-61bdb7b19a73,LL grass2 March 2023.JPG,187.82,97.82,90,2026-03-14 02:06:04,0.4824,0.3719,0.13
7a752730-d8bf-48d0-857c-61bdb7b19a73,DJI_0369.JPG,0,0,0,2026-03-14 02:06:06,0.5,0.5,0
574646b9-c2fa-47ee-a4e2-17eb128ff6e5,DJI_0361.JPG,36.12,216.12,180,2026-03-15 13:59:32,0.7035,0.7789,0.35
574646b9-c2fa-47ee-a4e2-17eb128ff6e5,DJI_0362.JPG,30.43,30.43,0,2026-03-15 14:00:03,0.593,0.6583,0.18
574646b9-c2fa-47ee-a4e2-17eb128ff6e5,LL grass23 March 2023.JPG,307.2,217.2,90,2026-03-15 14:00:18,0.2915,0.6583,0.26
574646b9-c2fa-47ee-a4e2-17eb128ff6e5,LL grass19 March 2023.JPG,298.98,208.98,90,2026-03-15 14:00:38,0.1508,0.6935,0.4
574646b9-c2fa-47ee-a4e2-17eb128ff6e5,DJI_0371.JPG,138.18,228.18,270,2026-03-15 14:01:12,0.7136,0.2613,0.32
574646b9-c2fa-47ee-a4e2-17eb128ff6e5,DJI_0360.JPG,320.62,50.62,270,2026-03-15 14:01:23,0.3618,0.6683,0.22
574646b9-c2fa-47ee-a4e2-17eb128ff6e5,DJI_0363.JPG,52.33,52.33,0,2026-03-15 14:01:56,0.6985,0.6533,0.25
574646b9-c2fa-47ee-a4e2-17eb128ff6e5,DJI_0373.JPG,242.53,242.53,0,2026-03-15 14:02:06,0.3116,0.402,0.21
574646b9-c2fa-47ee-a4e2-17eb128ff6e5,LL grass1 March 2023.JPG,194.3,284.3,270,2026-03-15 14:02:47,0.4673,0.3719,0.13
574646b9-c2fa-47ee-a4e2-17eb128ff6e5,LL grass6 March 2023.JPG,158.72,68.72,90,2026-03-15 14:03:00,0.593,0.2613,0.26
574646b9-c2fa-47ee-a4e2-17eb128ff6e5,LL grass8 March 2023.JPG,109.27,19.27,90,2026-03-15 14:03:17,0.809,0.392,0.33
574646b9-c2fa-47ee-a4e2-17eb128ff6e5,DJI_0353.JPG,169.99,259.99,270,2026-03-15 14:03:38,0.5226,0.3719,0.13
574646b9-c2fa-47ee-a4e2-17eb128ff6e5,LL grass18 March 2023.JPG,233.21,53.21,180,2026-03-15 14:03:44,0.2211,0.2915,0.35
574646b9-c2fa-47ee-a4e2-17eb128ff6e5,DJI_0350.JPG,22.92,22.92,0,2026-03-15 14:03:53,0.6583,0.8744,0.41
574646b9-c2fa-47ee-a4e2-17eb128ff6e5,LL grass22 March 2023.JPG,230.01,50.01,180,2026-03-15 14:03:59,0.1256,0.1859,0.49
574646b9-c2fa-47ee-a4e2-17eb128ff6e5,LL grass32 March 2023.JPG,298.83,208.83,90,2026-03-15 14:04:11,0.1759,0.6784,0.37
574646b9-c2fa-47ee-a4e2-17eb128ff6e5,DJI_0352.JPG,317.77,137.77,180,2026-03-15 14:04:18,0.3518,0.6633,0.22
574646b9-c2fa-47ee-a4e2-17eb128ff6e5,LL grass9 March 2023.JPG,309.29,39.29,270,2026-03-15 14:04:28,0.0854,0.8392,0.54
574646b9-c2fa-47ee-a4e2-17eb128ff6e5,DJI_0368.JPG,39.23,39.23,0,2026-03-15 14:04:37,0.7236,0.7739,0.35
574646b9-c2fa-47ee-a4e2-17eb128ff6e5,LL grass2 March 2023.JPG,200.08,290.08,270,2026-03-15 14:04:46,0.3668,0.1357,0.39
574646b9-c2fa-47ee-a4e2-17eb128ff6e5,LL grass4 March 2023.JPG,183.28,273.28,270,2026-03-15 14:04:57,0.4774,0.1055,0.4
574646b9-c2fa-47ee-a4e2-17eb128ff6e5,LL grass15 March 2023.JPG,9.78,9.78,0,2026-03-15 14:05:03,0.5628,0.8643,0.37
574646b9-c2fa-47ee-a4e2-17eb128ff6e5,LL grass5 March 2023.JPG,68.63,68.63,0,2026-03-15 14:05:11,0.6734,0.5678,0.19
574646b9-c2fa-47ee-a4e2-17eb128ff6e5,LL grass30 March 2023.JPG,242.32,242.32,0,2026-03-15 14:05:18,0.1407,0.3116,0.41
574646b9-c2fa-47ee-a4e2-17eb128ff6e5,DJI_0357.JPG,247.9,67.9,180,2026-03-15 14:05:24,0.0854,0.3317,0.45
574646b9-c2fa-47ee-a4e2-17eb128ff6e5,DJI_0354.JPG,35.77,35.77,0,2026-03-15 14:05:31,0.6683,0.7337,0.29
574646b9-c2fa-47ee-a4e2-17eb128ff6e5,DJI_0355.JPG,300.83,210.83,90,2026-03-15 14:05:42,0.1759,0.6935,0.38
574646b9-c2fa-47ee-a4e2-17eb128ff6e5,LL grass10 March 2023.JPG,53.7,233.7,180,2026-03-15 14:05:51,0.7839,0.7085,0.35
574646b9-c2fa-47ee-a4e2-17eb128ff6e5,DJI_0347.JPG,80.99,350.99,90,2026-03-15 14:06:00,0.8643,0.5578,0.37
574646b9-c2fa-47ee-a4e2-17eb128ff6e5,DJI_0374.JPG,52.91,52.91,0,2026-03-15 14:06:06,0.809,0.7337,0.39
574646b9-c2fa-47ee-a4e2-17eb128ff6e5,DJI_0349.JPG,134.4,44.4,90,2026-03-15 14:06:13,0.7437,0.2613,0.34
574646b9-c2fa-47ee-a4e2-17eb128ff6e5,DJI_0348.JPG,125.96,35.96,90,2026-03-15 14:06:21,0.8844,0.2211,0.47
574646b9-c2fa-47ee-a4e2-17eb128ff6e5,LL grass21 March 2023.JPG,46.96,226.96,180,2026-03-15 14:06:27,0.804,0.7839,0.42
574646b9-c2fa-47ee-a4e2-17eb128ff6e5,DJI_0366.JPG,65.99,65.99,0,2026-03-15 14:06:34,0.799,0.6332,0.33
574646b9-c2fa-47ee-a4e2-17eb128ff6e5,LL grass7 March 2023.JPG,86.07,86.07,0,2026-03-15 14:06:40,0.8291,0.5226,0.33
574646b9-c2fa-47ee-a4e2-17eb128ff6e5,LL grass27 March 2023.JPG,344.2,74.2,270,2026-03-15 14:06:46,0.3869,0.8995,0.42
574646b9-c2fa-47ee-a4e2-17eb128ff6e5,LL grass25 March 2023.JPG,52.56,232.56,180,2026-03-15 14:06:52,0.7789,0.7136,0.35
574646b9-c2fa-47ee-a4e2-17eb128ff6e5,DJI_0344.JPG,31.39,211.39,180,2026-03-15 14:07:00,0.7437,0.8995,0.47
574646b9-c2fa-47ee-a4e2-17eb128ff6e5,DJI_0365.JPG,343.41,73.41,270,2026-03-15 14:07:06,0.3869,0.8794,0.4
574646b9-c2fa-47ee-a4e2-17eb128ff6e5,LL grass3 March 2023.JPG,56.59,56.59,0,2026-03-15 14:07:15,0.6181,0.5779,0.14
574646b9-c2fa-47ee-a4e2-17eb128ff6e5,LL grass26 March 2023.JPG,320.92,50.92,270,2026-03-15 14:07:28,0.2613,0.794,0.38
574646b9-c2fa-47ee-a4e2-17eb128ff6e5,DJI_0346.JPG,135.92,225.92,270,2026-03-15 14:07:37,0.6533,0.3417,0.22
574646b9-c2fa-47ee-a4e2-17eb128ff6e5,DJI_0358.JPG,313.64,223.64,90,2026-03-15 14:07:54,0.1759,0.809,0.45
574646b9-c2fa-47ee-a4e2-17eb128ff6e5,DJI_0359.JPG,47.92,227.92,180,2026-03-15 14:08:06,0.7588,0.7337,0.35
574646b9-c2fa-47ee-a4e2-17eb128ff6e5,LL grass17 March 2023.JPG,304.63,214.63,90,2026-03-15 14:08:26,0.2563,0.6683,0.3
574646b9-c2fa-47ee-a4e2-17eb128ff6e5,LL grass11 March 2023.JPG,174.01,354.01,180,2026-03-15 14:08:34,0.5377,0.1407,0.36
574646b9-c2fa-47ee-a4e2-17eb128ff6e5,LL grass31 March 2023.JPG,308.19,218.19,90,2026-03-15 14:08:46,0.3116,0.6482,0.24
574646b9-c2fa-47ee-a4e2-17eb128ff6e5,DJI_0370.JPG,76.36,256.36,180,2026-03-15 14:08:54,0.9246,0.603,0.44
574646b9-c2fa-47ee-a4e2-17eb128ff6e5,LL grass13 March 2023.JPG,305.02,35.02,270,2026-03-15 14:09:06,0.1307,0.7588,0.45
574646b9-c2fa-47ee-a4e2-17eb128ff6e5,DJI_0369.JPG,46.1,226.1,180,2026-03-15 14:09:17,0.6332,0.6281,0.18
574646b9-c2fa-47ee-a4e2-17eb128ff6e5,DJI_0364.JPG,229.2,49.2,180,2026-03-15 14:09:27,0.206,0.2462,0.39
574646b9-c2fa-47ee-a4e2-17eb128ff6e5,LL grass29 March 2023.JPG,52.33,232.33,180,2026-03-15 14:09:51,0.6985,0.6533,0.25
574646b9-c2fa-47ee-a4e2-17eb128ff6e5,LL grass12 March 2023.JPG,37.59,37.59,0,2026-03-15 14:09:58,0.7688,0.8492,0.44
574646b9-c2fa-47ee-a4e2-17eb128ff6e5,LL aerial1.JPG,145.15,235.15,270,2026-03-15 14:10:12,0.6382,0.3015,0.24
574646b9-c2fa-47ee-a4e2-17eb128ff6e5,LL grass20 March 2023.JPG,132.48,222.48,270,2026-03-15 14:10:21,0.7387,0.2814,0.32
574646b9-c2fa-47ee-a4e2-17eb128ff6e5,DJI_0351.JPG,300.4,210.4,90,2026-03-15 14:10:33,0.196,0.6784,0.35
574646b9-c2fa-47ee-a4e2-17eb128ff6e5,DJI_0356.JPG,223.44,43.44,180,2026-03-15 14:10:43,0.2312,0.2161,0.39
574646b9-c2fa-47ee-a4e2-17eb128ff6e5,LL grass28 March 2023.JPG,324.77,54.77,270,2026-03-15 14:10:50,0.2462,0.8593,0.44
574646b9-c2fa-47ee-a4e2-17eb128ff6e5,DJI_0256.JPG,45.82,225.82,180,2026-03-15 14:11:08,0.6784,0.6734,0.25
574646b9-c2fa-47ee-a4e2-17eb128ff6e5,DJI_0367.JPG,356.19,86.19,270,2026-03-15 14:11:18,0.4824,0.7638,0.26
574646b9-c2fa-47ee-a4e2-17eb128ff6e5,DJI_0345.JPG,228.76,48.76,180,2026-03-15 14:11:26,0.2965,0.3216,0.27
574646b9-c2fa-47ee-a4e2-17eb128ff6e5,LL grass16 March 2023.JPG,77.6,257.6,180,2026-03-15 14:11:39,0.8543,0.5779,0.36
574646b9-c2fa-47ee-a4e2-17eb128ff6e5,LL grass24 March 2023.JPG,121.94,31.94,90,2026-03-15 14:12:00,0.7136,0.3668,0.25
574646b9-c2fa-47ee-a4e2-17eb128ff6e5,DJI_0372.JPG,39.54,39.54,0,2026-03-15 14:12:08,0.809,0.8744,0.49
574646b9-c2fa-47ee-a4e2-17eb128ff6e5,LL grass.JPG,162.2,342.2,180,2026-03-15 14:12:19,0.5879,0.2261,0.29
bd6669ed-8be4-467b-b4cb-f3fe7a89fc1d,DJI_0351.JPG,113.2,203.2,270,2026-03-15 17:46:44,0.5879,0.4623,0.1
bd6669ed-8be4-467b-b4cb-f3fe7a89fc1d,DJI_0345.JPG,46.59,226.59,180,2026-03-15 17:46:56,0.593,0.5879,0.13
bd6669ed-8be4-467b-b4cb-f3fe7a89fc1d,LL grass11 March 2023.JPG,180.58,0.58,180,2026-03-15 17:47:04,0.4975,0.2513,0.25
bd6669ed-8be4-467b-b4cb-f3fe7a89fc1d,DJI_0367.JPG,155.56,65.56,90,2026-03-15 17:47:11,0.5628,0.3618,0.15
bd6669ed-8be4-467b-b4cb-f3fe7a89fc1d,DJI_0366.JPG,143.69,53.69,90,2026-03-15 17:47:21,0.6533,0.2915,0.26
bd6669ed-8be4-467b-b4cb-f3fe7a89fc1d,LL grass1 March 2023.JPG,343.07,163.07,180,2026-03-15 17:47:33,0.4472,0.6734,0.18
bd6669ed-8be4-467b-b4cb-f3fe7a89fc1d,DJI_0361.JPG,160.99,250.99,270,2026-03-15 17:47:42,0.603,0.201,0.32
bd6669ed-8be4-467b-b4cb-f3fe7a89fc1d,DJI_0373.JPG,135,225,270,2026-03-15 17:47:57,0.598,0.402,0.14
bd6669ed-8be4-467b-b4cb-f3fe7a89fc1d,DJI_0365.JPG,79.64,259.64,180,2026-03-15 17:48:02,0.7337,0.5427,0.24
bd6669ed-8be4-467b-b4cb-f3fe7a89fc1d,DJI_0355.JPG,322.85,232.85,90,2026-03-15 17:48:14,0.4372,0.5829,0.1
bd6669ed-8be4-467b-b4cb-f3fe7a89fc1d,DJI_0347.JPG,263.66,353.66,270,2026-03-15 17:48:19,0.2965,0.4774,0.2
bd6669ed-8be4-467b-b4cb-f3fe7a89fc1d,LL grass16 March 2023.JPG,127.87,217.87,270,2026-03-15 17:48:27,0.6583,0.3769,0.2
bd6669ed-8be4-467b-b4cb-f3fe7a89fc1d,DJI_0357.JPG,150.38,60.38,90,2026-03-15 17:48:33,0.5729,0.3719,0.15
bd6669ed-8be4-467b-b4cb-f3fe7a89fc1d,DJI_0368.JPG,147.93,237.93,270,2026-03-15 17:48:39,0.6181,0.3116,0.22
bd6669ed-8be4-467b-b4cb-f3fe7a89fc1d,LL grass10 March 2023.JPG,238.8,58.8,180,2026-03-15 17:48:44,0.3216,0.392,0.21
bd6669ed-8be4-467b-b4cb-f3fe7a89fc1d,DJI_0374.JPG,218.09,218.09,0,2026-03-15 17:48:50,0.4271,0.407,0.12
bd6669ed-8be4-467b-b4cb-f3fe7a89fc1d,DJI_0369.JPG,234.95,54.95,180,2026-03-15 17:48:56,0.3317,0.3819,0.21
bd6669ed-8be4-467b-b4cb-f3fe7a89fc1d,DJI_0356.JPG,132.8,42.8,90,2026-03-15 17:49:02,0.7035,0.3116,0.28
bd6669ed-8be4-467b-b4cb-f3fe7a89fc1d,LL grass12 March 2023.JPG,204.44,204.44,0,2026-03-15 17:49:07,0.4121,0.3065,0.21
bd6669ed-8be4-467b-b4cb-f3fe7a89fc1d,DJI_0371.JPG,41.02,41.02,0,2026-03-15 17:49:14,0.7688,0.809,0.41
bd6669ed-8be4-467b-b4cb-f3fe7a89fc1d,DJI_0362.JPG,130.3,220.3,270,2026-03-15 17:49:20,0.6985,0.3317,0.26
bd6669ed-8be4-467b-b4cb-f3fe7a89fc1d,LL grass4 March 2023.JPG,355.13,175.13,180,2026-03-15 17:49:26,0.4724,0.8241,0.33
bd6669ed-8be4-467b-b4cb-f3fe7a89fc1d,LL grass32 March 2023.JPG,315,225,90,2026-03-15 17:49:34,0.3317,0.6683,0.24
bd6669ed-8be4-467b-b4cb-f3fe7a89fc1d,LL grass18 March 2023.JPG,190.75,190.75,0,2026-03-15 17:49:39,0.4623,0.3015,0.2
bd6669ed-8be4-467b-b4cb-f3fe7a89fc1d,LL grass15 March 2023.JPG,281.79,11.79,270,2026-03-15 17:49:44,0.2714,0.5477,0.23
bd6669ed-8be4-467b-b4cb-f3fe7a89fc1d,DJI_0350.JPG,184.82,4.82,180,2026-03-15 17:49:50,0.4824,0.2915,0.21
bd6669ed-8be4-467b-b4cb-f3fe7a89fc1d,LL grass24 March 2023.JPG,45.82,225.82,180,2026-03-15 17:49:55,0.6784,0.6734,0.25
bd6669ed-8be4-467b-b4cb-f3fe7a89fc1d,LL grass23 March 2023.JPG,183.67,93.67,90,2026-03-15 17:50:00,0.4824,0.2261,0.27
bd6669ed-8be4-467b-b4cb-f3fe7a89fc1d,LL grass13 March 2023.JPG,231.43,51.43,180,2026-03-15 17:50:05,0.3015,0.3417,0.25
bd6669ed-8be4-467b-b4cb-f3fe7a89fc1d,LL grass5 March 2023.JPG,49.13,49.13,0,2026-03-15 17:50:13,0.7236,0.6935,0.3
bd6669ed-8be4-467b-b4cb-f3fe7a89fc1d,LL grass8 March 2023.JPG,103.52,13.52,90,2026-03-15 17:50:18,0.6985,0.4523,0.2
bd6669ed-8be4-467b-b4cb-f3fe7a89fc1d,DJI_0363.JPG,237.94,57.94,180,2026-03-15 17:50:24,0.2714,0.3568,0.27
bd6669ed-8be4-467b-b4cb-f3fe7a89fc1d,DJI_0348.JPG,208.38,208.38,0,2026-03-15 17:50:29,0.3819,0.2814,0.25
bd6669ed-8be4-467b-b4cb-f3fe7a89fc1d,DJI_0359.JPG,241.9,241.9,0,2026-03-15 17:50:36,0.2412,0.3618,0.29
bd6669ed-8be4-467b-b4cb-f3fe7a89fc1d,DJI_0352.JPG,217.41,307.41,270,2026-03-15 17:50:42,0.402,0.3719,0.16
bd6669ed-8be4-467b-b4cb-f3fe7a89fc1d,LL grass20 March 2023.JPG,149.8,59.8,90,2026-03-15 17:50:47,0.598,0.3317,0.19
bd6669ed-8be4-467b-b4cb-f3fe7a89fc1d,LL grass17 March 2023.JPG,159.18,159.18,0,2026-03-15 17:50:52,0.5678,0.3216,0.19
bd6669ed-8be4-467b-b4cb-f3fe7a89fc1d,DJI_0346.JPG,207.9,207.9,0,2026-03-15 17:50:57,0.4322,0.3719,0.14
bd6669ed-8be4-467b-b4cb-f3fe7a89fc1d,LL grass30 March 2023.JPG,220.54,220.54,0,2026-03-15 17:51:03,0.3216,0.2915,0.27
bd6669ed-8be4-467b-b4cb-f3fe7a89fc1d,DJI_0370.JPG,180.67,90.67,90,2026-03-15 17:51:08,0.4975,0.2864,0.21
bd6669ed-8be4-467b-b4cb-f3fe7a89fc1d,LL grass7 March 2023.JPG,60.19,240.19,180,2026-03-15 17:51:17,0.7236,0.6281,0.26
bd6669ed-8be4-467b-b4cb-f3fe7a89fc1d,DJI_0364.JPG,175.7,265.7,270,2026-03-15 17:51:23,0.5176,0.2663,0.23
bd6669ed-8be4-467b-b4cb-f3fe7a89fc1d,DJI_0349.JPG,134.25,44.25,90,2026-03-15 17:51:30,0.6935,0.3116,0.27
bd6669ed-8be4-467b-b4cb-f3fe7a89fc1d,LL grass27 March 2023.JPG,167.64,77.64,90,2026-03-15 17:51:35,0.5578,0.2362,0.27
bd6669ed-8be4-467b-b4cb-f3fe7a89fc1d,LL grass28 March 2023.JPG,275.28,95.28,180,2026-03-15 17:51:41,0.201,0.5276,0.3
bd6669ed-8be4-467b-b4cb-f3fe7a89fc1d,LL grass22 March 2023.JPG,145.15,235.15,270,2026-03-15 17:51:47,0.6382,0.3015,0.24
bd6669ed-8be4-467b-b4cb-f3fe7a89fc1d,DJI_0360.JPG,150.32,60.32,90,2026-03-15 17:51:56,0.6332,0.2663,0.27
bd6669ed-8be4-467b-b4cb-f3fe7a89fc1d,LL grass25 March 2023.JPG,220.52,40.52,180,2026-03-15 17:52:02,0.3819,0.3618,0.18
bd6669ed-8be4-467b-b4cb-f3fe7a89fc1d,LL grass3 March 2023.JPG,181.61,271.61,270,2026-03-15 17:52:09,0.4925,0.2312,0.27
bd6669ed-8be4-467b-b4cb-f3fe7a89fc1d,LL aerial1.JPG,326.8,236.8,90,2026-03-15 17:52:15,0.3668,0.7035,0.24
bd6669ed-8be4-467b-b4cb-f3fe7a89fc1d,LL grass.JPG,321.23,141.23,180,2026-03-15 17:52:21,0.3769,0.6533,0.2
bd6669ed-8be4-467b-b4cb-f3fe7a89fc1d,DJI_0256.JPG,343.12,73.12,270,2026-03-15 17:52:30,0.4322,0.7236,0.23
bd6669ed-8be4-467b-b4cb-f3fe7a89fc1d,LL grass31 March 2023.JPG,52.29,52.29,0,2026-03-15 17:52:37,0.8543,0.7739,0.45
bd6669ed-8be4-467b-b4cb-f3fe7a89fc1d,DJI_0344.JPG,20.34,200.34,180,2026-03-15 17:52:43,0.5829,0.7236,0.24
bd6669ed-8be4-467b-b4cb-f3fe7a89fc1d,DJI_0372.JPG,326.11,236.11,90,2026-03-15 17:52:49,0.3869,0.6683,0.2
bd6669ed-8be4-467b-b4cb-f3fe7a89fc1d,LL grass6 March 2023.JPG,343.24,73.24,270,2026-03-15 17:52:56,0.4372,0.7085,0.22
bd6669ed-8be4-467b-b4cb-f3fe7a89fc1d,LL grass2 March 2023.JPG,305.33,215.33,90,2026-03-15 17:53:03,0.2412,0.6834,0.32
bd6669ed-8be4-467b-b4cb-f3fe7a89fc1d,LL grass19 March 2023.JPG,46.71,226.71,180,2026-03-15 17:53:08,0.6734,0.6633,0.24
bd6669ed-8be4-467b-b4cb-f3fe7a89fc1d,LL grass21 March 2023.JPG,327.46,57.46,270,2026-03-15 17:53:14,0.3317,0.7638,0.31
bd6669ed-8be4-467b-b4cb-f3fe7a89fc1d,DJI_0353.JPG,58.83,238.83,180,2026-03-15 17:53:22,0.7035,0.6231,0.24
bd6669ed-8be4-467b-b4cb-f3fe7a89fc1d,DJI_0358.JPG,309.71,219.71,90,2026-03-15 17:53:26,0.3518,0.6231,0.19
bd6669ed-8be4-467b-b4cb-f3fe7a89fc1d,DJI_0354.JPG,292.86,202.86,90,2026-03-15 17:53:33,0.2915,0.5879,0.23
bd6669ed-8be4-467b-b4cb-f3fe7a89fc1d,LL grass26 March 2023.JPG,241.7,241.7,0,2026-03-15 17:53:41,0.2714,0.3769,0.26
bd6669ed-8be4-467b-b4cb-f3fe7a89fc1d,LL grass29 March 2023.JPG,232.67,52.67,180,2026-03-15 17:53:46,0.3518,0.3869,0.19
bd6669ed-8be4-467b-b4cb-f3fe7a89fc1d,LL grass9 March 2023.JPG,249.66,69.66,180,2026-03-15 17:53:52,0.2764,0.4171,0.24
be6961f3-3875-4628-9966-f11b7311858f,DJI_0363.JPG,242.22,62.22,180,2026-03-16 09:41:40,0.2663,0.3769,0.26
be6961f3-3875-4628-9966-f11b7311858f,DJI_0368.JPG,41.14,41.14,0,2026-03-16 09:43:03,0.7085,0.7387,0.32
be6961f3-3875-4628-9966-f11b7311858f,LL grass8 March 2023.JPG,119.51,29.51,90,2026-03-16 09:43:10,0.8241,0.3166,0.37
be6961f3-3875-4628-9966-f11b7311858f,DJI_0349.JPG,225,225,0,2026-03-16 09:43:17,0.3719,0.3719,0.18
be6961f3-3875-4628-9966-f11b7311858f,LL grass5 March 2023.JPG,151.46,331.46,180,2026-03-16 09:44:23,0.5779,0.3568,0.16
be6961f3-3875-4628-9966-f11b7311858f,DJI_0256.JPG,204.27,114.27,90,2026-03-16 09:44:27,0.4422,0.3719,0.14
be6961f3-3875-4628-9966-f11b7311858f,DJI_0344.JPG,127.76,217.76,270,2026-03-16 09:44:32,0.6784,0.3618,0.23
be6961f3-3875-4628-9966-f11b7311858f,DJI_0352.JPG,172.07,352.07,180,2026-03-16 09:44:36,0.5276,0.3015,0.2
be6961f3-3875-4628-9966-f11b7311858f,DJI_0361.JPG,124.48,214.48,270,2026-03-16 09:44:42,0.7085,0.3568,0.25
be6961f3-3875-4628-9966-f11b7311858f,LL grass2 March 2023.JPG,187.39,97.39,90,2026-03-16 09:44:51,0.4573,0.1709,0.33
be6961f3-3875-4628-9966-f11b7311858f,LL grass17 March 2023.JPG,195.83,15.83,180,2026-03-16 09:44:55,0.4523,0.3317,0.17
be6961f3-3875-4628-9966-f11b7311858f,DJI_0372.JPG,45,225,180,2026-03-16 09:45:01,0.7487,0.7487,0.35
be6961f3-3875-4628-9966-f11b7311858f,DJI_0346.JPG,143.58,53.58,90,2026-03-16 09:45:05,0.6131,0.3467,0.19
be6961f3-3875-4628-9966-f11b7311858f,DJI_0371.JPG,159.51,249.51,270,2026-03-16 09:45:09,0.593,0.2513,0.27
be6961f3-3875-4628-9966-f11b7311858f,DJI_0374.JPG,169.14,259.14,270,2026-03-16 09:45:12,0.5477,0.2513,0.25
be6961f3-3875-4628-9966-f11b7311858f,LL grass16 March 2023.JPG,182.91,2.91,180,2026-03-16 09:45:19,0.4774,0.0553,0.45
be6961f3-3875-4628-9966-f11b7311858f,DJI_0359.JPG,61.03,241.03,180,2026-03-16 09:45:26,0.804,0.6683,0.35
be6961f3-3875-4628-9966-f11b7311858f,LL grass27 March 2023.JPG,168,78,90,2026-03-16 09:45:30,0.5678,0.1809,0.33
be6961f3-3875-4628-9966-f11b7311858f,LL grass12 March 2023.JPG,183.26,3.26,180,2026-03-16 09:45:33,0.4824,0.191,0.31
be6961f3-3875-4628-9966-f11b7311858f,DJI_0362.JPG,198.84,18.84,180,2026-03-16 09:45:39,0.4271,0.2864,0.23
be6961f3-3875-4628-9966-f11b7311858f,LL grass29 March 2023.JPG,116.83,116.83,0,2026-03-16 09:45:44,0.7136,0.392,0.24
be6961f3-3875-4628-9966-f11b7311858f,DJI_0353.JPG,105.87,195.87,270,2026-03-16 09:45:47,0.7387,0.4322,0.25
be6961f3-3875-4628-9966-f11b7311858f,DJI_0366.JPG,197.07,17.07,180,2026-03-16 09:45:51,0.402,0.1809,0.33
be6961f3-3875-4628-9966-f11b7311858f,LL grass7 March 2023.JPG,104.42,104.42,0,2026-03-16 09:45:57,0.7638,0.4322,0.27
be6961f3-3875-4628-9966-f11b7311858f,LL grass19 March 2023.JPG,81.3,81.3,0,2026-03-16 09:46:32,0.7136,0.5327,0.22
be6961f3-3875-4628-9966-f11b7311858f,LL grass21 March 2023.JPG,225.58,225.58,0,2026-03-16 09:46:37,0.2513,0.2563,0.35
be6961f3-3875-4628-9966-f11b7311858f,LL grass18 March 2023.JPG,236.92,236.92,0,2026-03-16 09:46:42,0.2261,0.3216,0.33
be6961f3-3875-4628-9966-f11b7311858f,DJI_0364.JPG,54.9,54.9,0,2026-03-16 09:46:47,0.9397,0.809,0.54
be6961f3-3875-4628-9966-f11b7311858f,DJI_0369.JPG,181.85,91.85,90,2026-03-16 09:46:53,0.4874,0.1106,0.39
be6961f3-3875-4628-9966-f11b7311858f,LL grass4 March 2023.JPG,302.77,302.77,0,2026-03-16 09:46:58,0.3166,0.6181,0.22
be6961f3-3875-4628-9966-f11b7311858f,LL grass.JPG,285.83,285.83,0,2026-03-16 09:47:06,0.3317,0.5477,0.17
be6961f3-3875-4628-9966-f11b7311858f,DJI_0347.JPG,4.5,4.5,0,2026-03-16 09:47:12,0.5327,0.9146,0.42
be6961f3-3875-4628-9966-f11b7311858f,LL aerial1.JPG,162.94,72.94,90,2026-03-16 09:47:18,0.5779,0.2462,0.27
be6961f3-3875-4628-9966-f11b7311858f,LL grass22 March 2023.JPG,254.84,74.84,180,2026-03-16 09:47:22,0.2312,0.4271,0.28
be6961f3-3875-4628-9966-f11b7311858f,LL grass28 March 2023.JPG,275.41,275.41,0,2026-03-16 09:47:26,0.2613,0.5226,0.24
be6961f3-3875-4628-9966-f11b7311858f,DJI_0348.JPG,304.63,34.63,270,2026-03-16 09:47:30,0.2563,0.6683,0.3
be6961f3-3875-4628-9966-f11b7311858f,LL grass23 March 2023.JPG,303.41,213.41,90,2026-03-16 09:47:33,0.1457,0.7337,0.42
be6961f3-3875-4628-9966-f11b7311858f,DJI_0357.JPG,269.56,269.56,0,2026-03-16 09:47:37,0.1709,0.4975,0.33
be6961f3-3875-4628-9966-f11b7311858f,DJI_0351.JPG,237.95,57.95,180,2026-03-16 09:47:41,0.2312,0.3317,0.32
be6961f3-3875-4628-9966-f11b7311858f,LL grass25 March 2023.JPG,244.48,244.48,0,2026-03-16 09:47:44,0.2211,0.3668,0.31
be6961f3-3875-4628-9966-f11b7311858f,DJI_0358.JPG,297.78,207.78,90,2026-03-16 09:47:48,0.2663,0.6231,0.26
be6961f3-3875-4628-9966-f11b7311858f,LL grass3 March 2023.JPG,91.22,1.22,90,2026-03-16 09:47:52,0.6181,0.4975,0.12
be6961f3-3875-4628-9966-f11b7311858f,LL grass9 March 2023.JPG,305.34,215.34,90,2026-03-16 09:47:55,0.3618,0.598,0.17
be6961f3-3875-4628-9966-f11b7311858f,DJI_0365.JPG,170.47,80.47,90,2026-03-16 09:48:01,0.5578,0.1558,0.35
be6961f3-3875-4628-9966-f11b7311858f,LL grass26 March 2023.JPG,16.28,286.28,90,2026-03-16 09:48:09,0.5829,0.7839,0.3
be6961f3-3875-4628-9966-f11b7311858f,LL grass11 March 2023.JPG,355.33,355.33,0,2026-03-16 09:48:13,0.4673,0.8995,0.4
be6961f3-3875-4628-9966-f11b7311858f,LL grass1 March 2023.JPG,104.53,14.53,90,2026-03-16 09:48:18,0.5678,0.4824,0.07
be6961f3-3875-4628-9966-f11b7311858f,LL grass30 March 2023.JPG,120.72,30.72,90,2026-03-16 09:48:25,0.6734,0.397,0.2
be6961f3-3875-4628-9966-f11b7311858f,LL grass24 March 2023.JPG,124.63,214.63,270,2026-03-16 09:48:28,0.7437,0.3317,0.3
be6961f3-3875-4628-9966-f11b7311858f,LL grass6 March 2023.JPG,198.43,18.43,180,2026-03-16 09:48:33,0.4724,0.4171,0.09
be6961f3-3875-4628-9966-f11b7311858f,DJI_0356.JPG,235.3,55.3,180,2026-03-16 09:48:59,0.2714,0.3417,0.28
be6961f3-3875-4628-9966-f11b7311858f,LL grass15 March 2023.JPG,137.6,47.6,90,2026-03-16 09:49:02,0.6583,0.3266,0.23
be6961f3-3875-4628-9966-f11b7311858f,LL grass32 March 2023.JPG,148.24,328.24,180,2026-03-16 09:49:08,0.6633,0.2362,0.31
be6961f3-3875-4628-9966-f11b7311858f,DJI_0373.JPG,172.04,352.04,180,2026-03-16 09:49:11,0.5327,0.2663,0.24
be6961f3-3875-4628-9966-f11b7311858f,DJI_0367.JPG,107.55,107.55,0,2026-03-16 09:49:16,0.794,0.407,0.31
be6961f3-3875-4628-9966-f11b7311858f,DJI_0355.JPG,280.71,190.71,90,2026-03-16 09:49:20,0.2211,0.5528,0.28
be6961f3-3875-4628-9966-f11b7311858f,DJI_0360.JPG,275.41,95.41,180,2026-03-16 09:49:25,0.2613,0.5226,0.24
be6961f3-3875-4628-9966-f11b7311858f,DJI_0354.JPG,250.59,250.59,0,2026-03-16 09:49:28,0.2362,0.407,0.28
be6961f3-3875-4628-9966-f11b7311858f,LL grass13 March 2023.JPG,193.44,193.44,0,2026-03-16 09:49:32,0.4322,0.2161,0.29
be6961f3-3875-4628-9966-f11b7311858f,LL grass31 March 2023.JPG,259.99,259.99,0,2026-03-16 09:49:36,0.2864,0.4623,0.22
be6961f3-3875-4628-9966-f11b7311858f,DJI_0345.JPG,100.26,190.26,270,2026-03-16 09:49:40,0.7638,0.4523,0.27
be6961f3-3875-4628-9966-f11b7311858f,LL grass10 March 2023.JPG,249.06,249.06,0,2026-03-16 09:49:43,0.2965,0.4221,0.22
be6961f3-3875-4628-9966-f11b7311858f,DJI_0350.JPG,37.72,37.72,0,2026-03-16 09:49:49,0.603,0.6332,0.17
be6961f3-3875-4628-9966-f11b7311858f,DJI_0370.JPG,261.03,261.03,0,2026-03-16 09:49:53,0.1658,0.4472,0.34
be6961f3-3875-4628-9966-f11b7311858f,LL grass20 March 2023.JPG,121.81,211.81,270,2026-03-16 09:49:58,0.6985,0.3769,0.23
ebadb593-b0f7-46cd-ba5a-b9eefd895fbf,DJI_0350.JPG,209.05,29.05,180,2026-03-16 12:58:44,0.3618,0.2513,0.28
ebadb593-b0f7-46cd-ba5a-b9eefd895fbf,LL grass20 March 2023.JPG,330.32,240.32,90,2026-03-16 12:58:58,0.3668,0.7337,0.27
ebadb593-b0f7-46cd-ba5a-b9eefd895fbf,LL grass31 March 2023.JPG,133.17,223.17,270,2026-03-16 12:59:06,0.7437,0.2714,0.33
ebadb593-b0f7-46cd-ba5a-b9eefd895fbf,DJI_0352.JPG,85.73,355.73,90,2026-03-16 12:59:20,0.6683,0.5126,0.17
ebadb593-b0f7-46cd-ba5a-b9eefd895fbf,LL grass.JPG,326.94,326.94,0,2026-03-16 12:59:27,0.397,0.6583,0.19
ebadb593-b0f7-46cd-ba5a-b9eefd895fbf,LL grass29 March 2023.JPG,30.29,300.29,90,2026-03-16 12:59:33,0.6482,0.7538,0.29
ebadb593-b0f7-46cd-ba5a-b9eefd895fbf,DJI_0351.JPG,58.65,58.65,0,2026-03-16 12:59:39,0.7186,0.6332,0.26
ebadb593-b0f7-46cd-ba5a-b9eefd895fbf,DJI_0256.JPG,274.99,94.99,180,2026-03-16 12:59:45,0.2412,0.5226,0.26
ebadb593-b0f7-46cd-ba5a-b9eefd895fbf,DJI_0344.JPG,284.39,14.39,270,2026-03-16 12:59:50,0.2161,0.5729,0.29
ebadb593-b0f7-46cd-ba5a-b9eefd895fbf,LL grass27 March 2023.JPG,356.01,86.01,270,2026-03-16 12:59:55,0.4774,0.8241,0.32
ebadb593-b0f7-46cd-ba5a-b9eefd895fbf,LL grass3 March 2023.JPG,277.67,277.67,0,2026-03-16 13:00:01,0.1457,0.5477,0.36
ebadb593-b0f7-46cd-ba5a-b9eefd895fbf,DJI_0354.JPG,10.01,10.01,0,2026-03-16 13:00:04,0.5528,0.799,0.3
ebadb593-b0f7-46cd-ba5a-b9eefd895fbf,LL grass9 March 2023.JPG,289.16,19.16,270,2026-03-16 13:00:08,0.2613,0.5829,0.25
1d8be5b1-3964-4247-8dce-38e6d0125e98,LL grass31 March 2023.JPG,143.2,233.2,270,2026-03-16 13:00:36,0.7387,0.1809,0.4
ebadb593-b0f7-46cd-ba5a-b9eefd895fbf,DJI_0372.JPG,143.71,53.71,90,2026-03-16 13:00:39,0.7638,0.1407,0.45
ebadb593-b0f7-46cd-ba5a-b9eefd895fbf,DJI_0366.JPG,132.08,132.08,0,2026-03-16 13:00:46,0.7588,0.2663,0.35
1d8be5b1-3964-4247-8dce-38e6d0125e98,DJI_0345.JPG,217.09,217.09,0,2026-03-16 13:00:49,0.2663,0.191,0.39
ebadb593-b0f7-46cd-ba5a-b9eefd895fbf,LL aerial1.JPG,138.21,48.21,90,2026-03-16 13:00:53,0.7538,0.2161,0.38
ebadb593-b0f7-46cd-ba5a-b9eefd895fbf,DJI_0360.JPG,304.34,214.34,90,2026-03-16 13:00:57,0.2462,0.6734,0.31
ebadb593-b0f7-46cd-ba5a-b9eefd895fbf,DJI_0355.JPG,40.03,220.03,180,2026-03-16 13:01:01,0.6583,0.6884,0.25
1d8be5b1-3964-4247-8dce-38e6d0125e98,LL grass6 March 2023.JPG,110.1,20.1,90,2026-03-16 13:01:02,0.809,0.3869,0.33
ebadb593-b0f7-46cd-ba5a-b9eefd895fbf,DJI_0353.JPG,68.57,248.57,180,2026-03-16 13:01:07,0.6985,0.5779,0.21
ebadb593-b0f7-46cd-ba5a-b9eefd895fbf,LL grass12 March 2023.JPG,310.56,40.56,270,2026-03-16 13:01:11,0.1859,0.7688,0.41
1d8be5b1-3964-4247-8dce-38e6d0125e98,DJI_0354.JPG,113.2,203.2,270,2026-03-16 13:01:14,0.9045,0.3266,0.44
ebadb593-b0f7-46cd-ba5a-b9eefd895fbf,LL grass19 March 2023.JPG,32.05,32.05,0,2026-03-16 13:01:18,0.6683,0.7688,0.32
ebadb593-b0f7-46cd-ba5a-b9eefd895fbf,DJI_0364.JPG,319.76,49.76,270,2026-03-16 13:01:23,0.2513,0.794,0.39
ebadb593-b0f7-46cd-ba5a-b9eefd895fbf,DJI_0347.JPG,356.58,356.58,0,2026-03-16 13:01:28,0.4824,0.794,0.29
ebadb593-b0f7-46cd-ba5a-b9eefd895fbf,LL grass28 March 2023.JPG,6.74,96.74,270,2026-03-16 13:01:34,0.5377,0.8191,0.32
ebadb593-b0f7-46cd-ba5a-b9eefd895fbf,LL grass21 March 2023.JPG,315.67,225.67,90,2026-03-16 13:01:40,0.2864,0.7186,0.31
ebadb593-b0f7-46cd-ba5a-b9eefd895fbf,DJI_0365.JPG,0,90,270,2026-03-16 13:01:44,0.5,0.5,0
ebadb593-b0f7-46cd-ba5a-b9eefd895fbf,DJI_0370.JPG,310.3,220.3,90,2026-03-16 13:01:50,0.3015,0.6683,0.26
ebadb593-b0f7-46cd-ba5a-b9eefd895fbf,LL grass13 March 2023.JPG,33.54,213.54,180,2026-03-16 13:02:02,0.6482,0.7236,0.27
ebadb593-b0f7-46cd-ba5a-b9eefd895fbf,LL grass18 March 2023.JPG,68.78,158.78,270,2026-03-16 13:02:07,0.7136,0.5829,0.23
ebadb593-b0f7-46cd-ba5a-b9eefd895fbf,LL grass26 March 2023.JPG,75.31,255.31,180,2026-03-16 13:02:11,0.7588,0.5678,0.27
ebadb593-b0f7-46cd-ba5a-b9eefd895fbf,DJI_0345.JPG,69.2,249.2,180,2026-03-16 13:02:17,0.8241,0.6231,0.35
ebadb593-b0f7-46cd-ba5a-b9eefd895fbf,DJI_0356.JPG,303.37,213.37,90,2026-03-16 13:02:23,0.191,0.7035,0.37
ebadb593-b0f7-46cd-ba5a-b9eefd895fbf,DJI_0348.JPG,303.41,33.41,270,2026-03-16 13:02:27,0.1457,0.7337,0.42
ebadb593-b0f7-46cd-ba5a-b9eefd895fbf,LL grass4 March 2023.JPG,62.47,332.47,90,2026-03-16 13:02:32,0.6784,0.593,0.2
ebadb593-b0f7-46cd-ba5a-b9eefd895fbf,DJI_0367.JPG,325.46,55.46,270,2026-03-16 13:02:40,0.3668,0.6935,0.23
1d8be5b1-3964-4247-8dce-38e6d0125e98,DJI_0374.JPG,264.61,84.61,180,2026-03-16 13:02:42,0.1005,0.4623,0.4
ebadb593-b0f7-46cd-ba5a-b9eefd895fbf,LL grass25 March 2023.JPG,322.87,232.87,90,2026-03-16 13:02:44,0.2965,0.7688,0.34
1d8be5b1-3964-4247-8dce-38e6d0125e98,LL grass30 March 2023.JPG,229.76,229.76,0,2026-03-16 13:02:50,0.206,0.2513,0.39
ebadb593-b0f7-46cd-ba5a-b9eefd895fbf,DJI_0349.JPG,325.23,235.23,90,2026-03-16 13:02:54,0.2261,0.8945,0.48
ebadb593-b0f7-46cd-ba5a-b9eefd895fbf,DJI_0358.JPG,216.12,216.12,0,2026-03-16 13:03:01,0.2965,0.2211,0.35
1d8be5b1-3964-4247-8dce-38e6d0125e98,DJI_0256.JPG,267.85,87.85,180,2026-03-16 13:03:05,0.1658,0.4874,0.33
ebadb593-b0f7-46cd-ba5a-b9eefd895fbf,LL grass10 March 2023.JPG,44.45,224.45,180,2026-03-16 13:03:05,0.7588,0.7638,0.37
ebadb593-b0f7-46cd-ba5a-b9eefd895fbf,LL grass5 March 2023.JPG,235.21,55.21,180,2026-03-16 13:03:12,0.1709,0.2714,0.4
1d8be5b1-3964-4247-8dce-38e6d0125e98,DJI_0359.JPG,139.15,229.15,270,2026-03-16 13:03:13,0.7889,0.1658,0.44
ebadb593-b0f7-46cd-ba5a-b9eefd895fbf,DJI_0371.JPG,223.68,43.68,180,2026-03-16 13:03:16,0.1809,0.1658,0.46
1d8be5b1-3964-4247-8dce-38e6d0125e98,DJI_0357.JPG,140.37,50.37,90,2026-03-16 13:03:20,0.8392,0.0905,0.53
ebadb593-b0f7-46cd-ba5a-b9eefd895fbf,LL grass23 March 2023.JPG,48.45,228.45,180,2026-03-16 13:03:20,0.809,0.7739,0.41
ebadb593-b0f7-46cd-ba5a-b9eefd895fbf,DJI_0368.JPG,322.13,52.13,270,2026-03-16 13:03:25,0.2362,0.8392,0.43
1d8be5b1-3964-4247-8dce-38e6d0125e98,LL aerial1.JPG,354.32,84.32,270,2026-03-16 13:03:26,0.4573,0.9296,0.43
ebadb593-b0f7-46cd-ba5a-b9eefd895fbf,DJI_0357.JPG,37.23,37.23,0,2026-03-16 13:03:36,0.7387,0.8141,0.39
1d8be5b1-3964-4247-8dce-38e6d0125e98,LL grass9 March 2023.JPG,140.02,50.02,90,2026-03-16 13:03:36,0.8392,0.0955,0.53
1d8be5b1-3964-4247-8dce-38e6d0125e98,LL grass13 March 2023.JPG,222.14,222.14,0,2026-03-16 13:03:43,0.2613,0.2362,0.36
ebadb593-b0f7-46cd-ba5a-b9eefd895fbf,DJI_0361.JPG,224.44,224.44,0,2026-03-16 13:03:44,0.2462,0.2412,0.36
ebadb593-b0f7-46cd-ba5a-b9eefd895fbf,LL grass16 March 2023.JPG,173.66,83.66,90,2026-03-16 13:03:51,0.5025,0.4774,0.02
1d8be5b1-3964-4247-8dce-38e6d0125e98,LL grass12 March 2023.JPG,205.14,25.14,180,2026-03-16 13:03:52,0.3266,0.1307,0.41
ebadb593-b0f7-46cd-ba5a-b9eefd895fbf,LL grass17 March 2023.JPG,43.82,313.82,90,2026-03-16 13:03:56,0.7387,0.7487,0.34
ebadb593-b0f7-46cd-ba5a-b9eefd895fbf,DJI_0369.JPG,180.42,0.42,180,2026-03-16 13:04:00,0.4975,0.1558,0.34
1d8be5b1-3964-4247-8dce-38e6d0125e98,LL grass22 March 2023.JPG,246,66,180,2026-03-16 13:04:02,0.1106,0.3266,0.43
ebadb593-b0f7-46cd-ba5a-b9eefd895fbf,LL grass2 March 2023.JPG,49.62,229.62,180,2026-03-16 13:04:06,0.8693,0.8141,0.48
1d8be5b1-3964-4247-8dce-38e6d0125e98,LL grass27 March 2023.JPG,356.7,86.7,270,2026-03-16 13:04:07,0.4724,0.9799,0.48
ebadb593-b0f7-46cd-ba5a-b9eefd895fbf,LL grass30 March 2023.JPG,51.74,231.74,180,2026-03-16 13:04:10,0.809,0.7437,0.39
1d8be5b1-3964-4247-8dce-38e6d0125e98,DJI_0347.JPG,262.92,352.92,270,2026-03-16 13:04:13,0.0754,0.4472,0.43
ebadb593-b0f7-46cd-ba5a-b9eefd895fbf,DJI_0346.JPG,310.29,220.29,90,2026-03-16 13:04:14,0.2362,0.7236,0.35
ebadb593-b0f7-46cd-ba5a-b9eefd895fbf,DJI_0362.JPG,36.79,36.79,0,2026-03-16 13:04:18,0.7236,0.799,0.37
1d8be5b1-3964-4247-8dce-38e6d0125e98,DJI_0361.JPG,177.57,87.57,90,2026-03-16 13:04:21,0.5176,0.0854,0.41
ebadb593-b0f7-46cd-ba5a-b9eefd895fbf,LL grass24 March 2023.JPG,140.76,50.76,90,2026-03-16 13:04:22,0.7688,0.1709,0.42
1d8be5b1-3964-4247-8dce-38e6d0125e98,LL grass20 March 2023.JPG,53.18,233.18,180,2026-03-16 13:04:26,0.9397,0.8291,0.55
ebadb593-b0f7-46cd-ba5a-b9eefd895fbf,LL grass6 March 2023.JPG,324.38,54.38,270,2026-03-16 13:04:28,0.2714,0.8191,0.39
ebadb593-b0f7-46cd-ba5a-b9eefd895fbf,LL grass15 March 2023.JPG,138.27,228.27,270,2026-03-16 13:04:35,0.7487,0.2211,0.37
ebadb593-b0f7-46cd-ba5a-b9eefd895fbf,DJI_0374.JPG,62.98,62.98,0,2026-03-16 13:04:41,0.8794,0.6935,0.43
1d8be5b1-3964-4247-8dce-38e6d0125e98,DJI_0371.JPG,281.31,281.31,0,2026-03-16 13:04:43,0.1859,0.5628,0.32
ebadb593-b0f7-46cd-ba5a-b9eefd895fbf,LL grass8 March 2023.JPG,309.43,39.43,270,2026-03-16 13:04:48,0.1608,0.7789,0.44
ebadb593-b0f7-46cd-ba5a-b9eefd895fbf,LL grass11 March 2023.JPG,359.59,359.59,0,2026-03-16 13:04:52,0.4975,0.8543,0.35
1d8be5b1-3964-4247-8dce-38e6d0125e98,LL grass17 March 2023.JPG,209.93,209.93,0,2026-03-16 13:04:52,0.4523,0.4171,0.1
1d8be5b1-3964-4247-8dce-38e6d0125e98,DJI_0346.JPG,42.53,222.53,180,2026-03-16 13:05:01,0.8342,0.8643,0.49
1d8be5b1-3964-4247-8dce-38e6d0125e98,DJI_0363.JPG,128.45,38.45,90,2026-03-16 13:05:06,0.9146,0.1709,0.53
ebadb593-b0f7-46cd-ba5a-b9eefd895fbf,LL grass22 March 2023.JPG,34.03,34.03,0,2026-03-16 13:05:40,0.6985,0.794,0.35
ebadb593-b0f7-46cd-ba5a-b9eefd895fbf,DJI_0359.JPG,349.79,349.79,0,2026-03-16 13:05:44,0.4271,0.9045,0.41
ebadb593-b0f7-46cd-ba5a-b9eefd895fbf,LL grass32 March 2023.JPG,142.89,52.89,90,2026-03-16 13:05:49,0.7186,0.2111,0.36
ebadb593-b0f7-46cd-ba5a-b9eefd895fbf,DJI_0363.JPG,334.83,64.83,270,2026-03-16 13:05:54,0.402,0.7085,0.23
1d8be5b1-3964-4247-8dce-38e6d0125e98,DJI_0373.JPG,221.21,41.21,180,2026-03-16 13:05:53,0.1809,0.1357,0.48
1d8be5b1-3964-4247-8dce-38e6d0125e98,LL grass5 March 2023.JPG,133,133,0,2026-03-16 13:05:59,0.7236,0.2915,0.31
ebadb593-b0f7-46cd-ba5a-b9eefd895fbf,LL grass7 March 2023.JPG,305.46,125.46,180,2026-03-16 13:05:59,0.1508,0.7487,0.43
ebadb593-b0f7-46cd-ba5a-b9eefd895fbf,DJI_0373.JPG,211.08,211.08,0,2026-03-16 13:06:03,0.2714,0.1206,0.44
ebadb593-b0f7-46cd-ba5a-b9eefd895fbf,LL grass1 March 2023.JPG,32.94,302.94,90,2026-03-16 13:06:07,0.7588,0.8995,0.48
1d8be5b1-3964-4247-8dce-38e6d0125e98,LL grass7 March 2023.JPG,53.5,53.5,0,2026-03-16 13:06:10,0.809,0.7286,0.38
1d8be5b1-3964-4247-8dce-38e6d0125e98,LL grass28 March 2023.JPG,356.52,86.52,270,2026-03-16 13:06:16,0.4724,0.9548,0.46
1d8be5b1-3964-4247-8dce-38e6d0125e98,DJI_0372.JPG,321.58,231.58,90,2026-03-16 13:06:22,0.2111,0.8643,0.46
1d8be5b1-3964-4247-8dce-38e6d0125e98,LL grass1 March 2023.JPG,349.16,349.16,0,2026-03-16 13:06:27,0.4322,0.8543,0.36
ebadb593-b0f7-46cd-ba5a-b9eefd895fbf,LL grass1 March 2023.JPG,32.94,302.94,90,2026-03-16 13:06:31,0.7588,0.8995,0.48
1d8be5b1-3964-4247-8dce-38e6d0125e98,LL grass10 March 2023.JPG,311.16,41.16,270,2026-03-16 13:06:31,0.1407,0.8141,0.48
1d8be5b1-3964-4247-8dce-38e6d0125e98,LL grass11 March 2023.JPG,186.26,6.26,180,2026-03-16 13:06:36,0.4573,0.1106,0.39
1d8be5b1-3964-4247-8dce-38e6d0125e98,DJI_0348.JPG,203.61,23.61,180,2026-03-16 13:06:42,0.3166,0.0804,0.46
1d8be5b1-3964-4247-8dce-38e6d0125e98,DJI_0358.JPG,145.89,235.89,270,2026-03-16 13:06:48,0.7638,0.1106,0.47
1d8be5b1-3964-4247-8dce-38e6d0125e98,LL grass21 March 2023.JPG,220.16,40.16,180,2026-03-16 13:06:53,0.201,0.1457,0.46
1d8be5b1-3964-4247-8dce-38e6d0125e98,DJI_0352.JPG,173.13,83.13,90,2026-03-16 13:06:56,0.5427,0.1457,0.36
1d8be5b1-3964-4247-8dce-38e6d0125e98,LL grass29 March 2023.JPG,160.84,250.84,270,2026-03-16 13:07:00,0.6231,0.1457,0.38
1d8be5b1-3964-4247-8dce-38e6d0125e98,LL grass26 March 2023.JPG,257.57,257.57,0,2026-03-16 13:07:07,0.0553,0.402,0.46
1d8be5b1-3964-4247-8dce-38e6d0125e98,DJI_0365.JPG,269.68,269.68,0,2026-03-16 13:07:16,0.0553,0.4975,0.44
1d8be5b1-3964-4247-8dce-38e6d0125e98,LL grass3 March 2023.JPG,274.06,4.06,270,2026-03-16 13:07:21,0.1106,0.5276,0.39
1d8be5b1-3964-4247-8dce-38e6d0125e98,LL grass23 March 2023.JPG,318.78,228.78,90,2026-03-16 13:07:26,0.2513,0.7839,0.38
1d8be5b1-3964-4247-8dce-38e6d0125e98,LL grass24 March 2023.JPG,307.76,217.76,90,2026-03-16 13:07:31,0.1658,0.7588,0.42
1d8be5b1-3964-4247-8dce-38e6d0125e98,DJI_0355.JPG,245.71,245.71,0,2026-03-16 13:07:37,0.2161,0.3719,0.31
1d8be5b1-3964-4247-8dce-38e6d0125e98,DJI_0344.JPG,302.25,212.25,90,2026-03-16 13:07:42,0.2412,0.6633,0.31
1d8be5b1-3964-4247-8dce-38e6d0125e98,LL grass15 March 2023.JPG,298.46,28.46,270,2026-03-16 13:07:48,0.1709,0.6784,0.37
1d8be5b1-3964-4247-8dce-38e6d0125e98,DJI_0350.JPG,219.52,39.52,180,2026-03-16 13:07:54,0.2161,0.1558,0.45
1d8be5b1-3964-4247-8dce-38e6d0125e98,LL grass19 March 2023.JPG,313.91,43.91,270,2026-03-16 13:08:05,0.0955,0.8894,0.56
1d8be5b1-3964-4247-8dce-38e6d0125e98,DJI_0353.JPG,58.93,58.93,0,2026-03-16 13:08:11,0.9045,0.7437,0.47
1d8be5b1-3964-4247-8dce-38e6d0125e98,LL grass32 March 2023.JPG,84.69,84.69,0,2026-03-16 13:08:16,0.9598,0.5427,0.46
1d8be5b1-3964-4247-8dce-38e6d0125e98,DJI_0369.JPG,313.21,43.21,270,2026-03-16 13:08:22,0.4171,0.5779,0.11
1d8be5b1-3964-4247-8dce-38e6d0125e98,LL grass2 March 2023.JPG,177.09,357.09,180,2026-03-16 13:08:27,0.5226,0.0553,0.45
1d8be5b1-3964-4247-8dce-38e6d0125e98,LL grass25 March 2023.JPG,224.54,44.54,180,2026-03-16 13:08:32,0.191,0.1859,0.44
1d8be5b1-3964-4247-8dce-38e6d0125e98,LL grass18 March 2023.JPG,248.45,248.45,0,2026-03-16 13:08:40,0.201,0.3819,0.32
1d8be5b1-3964-4247-8dce-38e6d0125e98,DJI_0349.JPG,129.76,219.76,270,2026-03-16 13:08:45,0.8291,0.2261,0.43
1d8be5b1-3964-4247-8dce-38e6d0125e98,LL grass4 March 2023.JPG,3.77,3.77,0,2026-03-16 13:08:50,0.5276,0.9196,0.42
1d8be5b1-3964-4247-8dce-38e6d0125e98,DJI_0351.JPG,215.02,35.02,180,2026-03-16 13:08:55,0.2412,0.1307,0.45
1d8be5b1-3964-4247-8dce-38e6d0125e98,DJI_0367.JPG,142.08,232.08,270,2026-03-16 13:08:59,0.8191,0.0905,0.52
1d8be5b1-3964-4247-8dce-38e6d0125e98,LL grass.JPG,268.47,358.47,270,2026-03-16 13:09:04,0.0302,0.4874,0.47
1d8be5b1-3964-4247-8dce-38e6d0125e98,DJI_0356.JPG,137.6,47.6,90,2026-03-16 13:09:11,0.8693,0.0955,0.55
1d8be5b1-3964-4247-8dce-38e6d0125e98,LL grass8 March 2023.JPG,93.4,3.4,90,2026-03-16 13:09:15,0.9648,0.4724,0.47
1d8be5b1-3964-4247-8dce-38e6d0125e98,DJI_0366.JPG,186.25,96.25,90,2026-03-16 13:09:20,0.4623,0.1558,0.35
1d8be5b1-3964-4247-8dce-38e6d0125e98,DJI_0364.JPG,47.54,227.54,180,2026-03-16 13:09:28,0.8543,0.8241,0.48
1d8be5b1-3964-4247-8dce-38e6d0125e98,DJI_0360.JPG,49.54,229.54,180,2026-03-16 13:09:39,0.9095,0.8492,0.54
1d8be5b1-3964-4247-8dce-38e6d0125e98,DJI_0368.JPG,142.13,52.13,90,2026-03-16 13:09:44,0.8342,0.0704,0.54
1d8be5b1-3964-4247-8dce-38e6d0125e98,DJI_0362.JPG,147.53,237.53,270,2026-03-16 13:09:49,0.7638,0.0854,0.49
1d8be5b1-3964-4247-8dce-38e6d0125e98,DJI_0370.JPG,144.09,234.09,270,2026-03-16 13:09:55,0.7638,0.1357,0.45
1d8be5b1-3964-4247-8dce-38e6d0125e98,LL grass16 March 2023.JPG,10.49,10.49,0,2026-03-16 13:10:18,0.5126,0.5678,0.07
9be2de69-5b80-4e51-ac88-6555cc86e024,LL grass25 March 2023.JPG,64.25,244.25,180,2026-03-16 13:12:37,0.7136,0.603,0.24
9be2de69-5b80-4e51-ac88-6555cc86e024,DJI_0374.JPG,325.06,235.06,90,2026-03-16 13:13:02,0.3719,0.6834,0.22
9be2de69-5b80-4e51-ac88-6555cc86e024,LL grass16 March 2023.JPG,38.95,128.95,270,2026-03-16 13:13:09,0.6482,0.6834,0.24
9be2de69-5b80-4e51-ac88-6555cc86e024,DJI_0344.JPG,276.2,186.2,90,2026-03-16 13:13:14,0.0603,0.5477,0.44
9be2de69-5b80-4e51-ac88-6555cc86e024,DJI_0361.JPG,78.69,78.69,0,2026-03-16 13:13:18,0.7387,0.5477,0.24
9be2de69-5b80-4e51-ac88-6555cc86e024,DJI_0357.JPG,297.61,207.61,90,2026-03-16 13:13:23,0.2261,0.6432,0.31
9be2de69-5b80-4e51-ac88-6555cc86e024,LL grass27 March 2023.JPG,268.03,88.03,180,2026-03-16 13:13:27,0.1357,0.4874,0.36
9be2de69-5b80-4e51-ac88-6555cc86e024,DJI_0349.JPG,307.59,217.59,90,2026-03-16 13:13:33,0.2161,0.7186,0.36
9be2de69-5b80-4e51-ac88-6555cc86e024,DJI_0367.JPG,358.39,268.39,90,2026-03-16 13:13:37,0.4925,0.7688,0.27
9be2de69-5b80-4e51-ac88-6555cc86e024,DJI_0359.JPG,63.23,63.23,0,2026-03-16 13:13:41,0.7739,0.6382,0.31
9be2de69-5b80-4e51-ac88-6555cc86e024,LL grass8 March 2023.JPG,0,180,180,2026-03-16 13:13:43,0.5,0.5,0
9be2de69-5b80-4e51-ac88-6555cc86e024,LL grass6 March 2023.JPG,63.68,63.68,0,2026-03-16 13:13:53,0.7387,0.6181,0.27
9be2de69-5b80-4e51-ac88-6555cc86e024,LL grass17 March 2023.JPG,33.77,33.77,0,2026-03-16 13:14:05,0.7739,0.9095,0.49
9be2de69-5b80-4e51-ac88-6555cc86e024,DJI_0370.JPG,330.95,60.95,270,2026-03-16 13:14:10,0.3618,0.7487,0.28
9be2de69-5b80-4e51-ac88-6555cc86e024,LL grass24 March 2023.JPG,58.47,238.47,180,2026-03-16 13:14:13,0.799,0.6834,0.35
9be2de69-5b80-4e51-ac88-6555cc86e024,LL grass3 March 2023.JPG,85.67,265.67,180,2026-03-16 13:14:22,0.799,0.5226,0.3
9be2de69-5b80-4e51-ac88-6555cc86e024,DJI_0372.JPG,51.54,51.54,0,2026-03-16 13:14:25,0.7688,0.7136,0.34
9be2de69-5b80-4e51-ac88-6555cc86e024,LL grass1 March 2023.JPG,258.05,348.05,270,2026-03-16 13:14:33,0.1558,0.4271,0.35
9be2de69-5b80-4e51-ac88-6555cc86e024,LL grass.JPG,129.16,309.16,180,2026-03-16 13:14:44,0.7437,0.3015,0.31
9be2de69-5b80-4e51-ac88-6555cc86e024,LL grass13 March 2023.JPG,52.26,52.26,0,2026-03-16 13:14:47,0.7889,0.7236,0.37
9be2de69-5b80-4e51-ac88-6555cc86e024,DJI_0346.JPG,135,225,270,2026-03-16 13:14:51,0.6985,0.3015,0.28
9be2de69-5b80-4e51-ac88-6555cc86e024,DJI_0360.JPG,222.73,222.73,0,2026-03-16 13:14:57,0.2563,0.2362,0.36
9be2de69-5b80-4e51-ac88-6555cc86e024,DJI_0369.JPG,72.67,252.67,180,2026-03-16 13:15:02,0.8141,0.598,0.33
9be2de69-5b80-4e51-ac88-6555cc86e024,LL grass7 March 2023.JPG,265.27,265.27,0,2026-03-16 13:15:06,0.1055,0.4673,0.4
9be2de69-5b80-4e51-ac88-6555cc86e024,LL grass26 March 2023.JPG,236.19,56.19,180,2026-03-16 13:15:11,0.2261,0.3166,0.33
9be2de69-5b80-4e51-ac88-6555cc86e024,DJI_0345.JPG,46.11,46.11,0,2026-03-16 13:15:15,0.7638,0.7538,0.37
9be2de69-5b80-4e51-ac88-6555cc86e024,DJI_0363.JPG,56.84,56.84,0,2026-03-16 13:15:18,0.6884,0.6231,0.23
9be2de69-5b80-4e51-ac88-6555cc86e024,LL grass20 March 2023.JPG,243.26,243.26,0,2026-03-16 13:15:22,0.1759,0.3367,0.36
9be2de69-5b80-4e51-ac88-6555cc86e024,LL grass30 March 2023.JPG,313.62,223.62,90,2026-03-16 13:15:26,0.2864,0.7035,0.3
9be2de69-5b80-4e51-ac88-6555cc86e024,DJI_0373.JPG,309.51,219.51,90,2026-03-16 13:15:29,0.3568,0.6181,0.19
9be2de69-5b80-4e51-ac88-6555cc86e024,DJI_0358.JPG,221.67,221.67,0,2026-03-16 13:15:33,0.2965,0.2714,0.31
9be2de69-5b80-4e51-ac88-6555cc86e024,DJI_0364.JPG,225,45,180,2026-03-16 13:15:41,0.3166,0.3166,0.26
9be2de69-5b80-4e51-ac88-6555cc86e024,DJI_0355.JPG,210.6,210.6,0,2026-03-16 13:15:46,0.3618,0.2663,0.27
9be2de69-5b80-4e51-ac88-6555cc86e024,LL grass22 March 2023.JPG,322.89,52.89,270,2026-03-16 13:15:50,0.2814,0.7889,0.36
9be2de69-5b80-4e51-ac88-6555cc86e024,LL grass9 March 2023.JPG,319.62,49.62,270,2026-03-16 13:15:54,0.2714,0.7688,0.35
9be2de69-5b80-4e51-ac88-6555cc86e024,DJI_0362.JPG,231.75,51.75,180,2026-03-16 13:15:58,0.2864,0.3317,0.27
9be2de69-5b80-4e51-ac88-6555cc86e024,LL grass18 March 2023.JPG,178.78,358.78,180,2026-03-16 13:16:08,0.5075,0.1457,0.35
9be2de69-5b80-4e51-ac88-6555cc86e024,DJI_0351.JPG,33.53,33.53,0,2026-03-16 13:16:13,0.6382,0.7085,0.25
9be2de69-5b80-4e51-ac88-6555cc86e024,DJI_0354.JPG,18.07,198.07,180,2026-03-16 13:16:29,0.5779,0.7387,0.25
9be2de69-5b80-4e51-ac88-6555cc86e024,DJI_0352.JPG,22,292,90,2026-03-16 13:16:44,0.6533,0.8794,0.41
9be2de69-5b80-4e51-ac88-6555cc86e024,LL grass2 March 2023.JPG,79.51,349.51,90,2026-03-16 13:16:51,0.7035,0.5377,0.21
9be2de69-5b80-4e51-ac88-6555cc86e024,LL grass4 March 2023.JPG,286.1,16.1,270,2026-03-16 13:16:57,0.1256,0.608,0.39
9be2de69-5b80-4e51-ac88-6555cc86e024,LL grass12 March 2023.JPG,29.67,209.67,180,2026-03-16 13:17:02,0.6131,0.6985,0.23
9be2de69-5b80-4e51-ac88-6555cc86e024,DJI_0348.JPG,281.98,191.98,90,2026-03-16 13:17:05,0.0854,0.5879,0.42
9be2de69-5b80-4e51-ac88-6555cc86e024,LL grass28 March 2023.JPG,288.72,108.72,180,2026-03-16 13:17:08,0.196,0.603,0.32
9be2de69-5b80-4e51-ac88-6555cc86e024,DJI_0256.JPG,0,0,0,2026-03-16 13:17:11,0.5,0.5,0
9be2de69-5b80-4e51-ac88-6555cc86e024,DJI_0353.JPG,272.69,272.69,0,2026-03-16 13:17:14,0.1256,0.5176,0.37
9be2de69-5b80-4e51-ac88-6555cc86e024,DJI_0368.JPG,46,46,0,2026-03-16 13:17:22,0.794,0.7839,0.41
9be2de69-5b80-4e51-ac88-6555cc86e024,DJI_0365.JPG,266.19,266.19,0,2026-03-16 13:17:25,0.1608,0.4774,0.34
9be2de69-5b80-4e51-ac88-6555cc86e024,LL grass11 March 2023.JPG,175.67,355.67,180,2026-03-16 13:17:29,0.5226,0.201,0.3
9be2de69-5b80-4e51-ac88-6555cc86e024,LL grass15 March 2023.JPG,34.48,34.48,0,2026-03-16 13:17:32,0.6432,0.7085,0.25
9be2de69-5b80-4e51-ac88-6555cc86e024,LL grass23 March 2023.JPG,54.59,234.59,180,2026-03-16 13:17:38,0.7085,0.6482,0.26
9be2de69-5b80-4e51-ac88-6555cc86e024,DJI_0350.JPG,26.32,26.32,0,2026-03-16 13:17:42,0.6181,0.7387,0.27
9be2de69-5b80-4e51-ac88-6555cc86e024,LL grass31 March 2023.JPG,168.88,78.88,90,2026-03-16 13:17:46,0.5578,0.206,0.3
9be2de69-5b80-4e51-ac88-6555cc86e024,LL grass19 March 2023.JPG,296.74,26.74,270,2026-03-16 13:17:49,0.1658,0.6683,0.37
9be2de69-5b80-4e51-ac88-6555cc86e024,LL grass10 March 2023.JPG,53.04,233.04,180,2026-03-16 13:17:52,0.7638,0.6985,0.33
9be2de69-5b80-4e51-ac88-6555cc86e024,LL grass32 March 2023.JPG,300.96,30.96,270,2026-03-16 13:18:00,0.4874,0.5075,0.01
9be2de69-5b80-4e51-ac88-6555cc86e024,LL aerial1.JPG,244.6,64.6,180,2026-03-16 13:18:05,0.2513,0.3819,0.28
9be2de69-5b80-4e51-ac88-6555cc86e024,DJI_0347.JPG,354.63,354.63,0,2026-03-16 13:18:09,0.4724,0.794,0.3
9be2de69-5b80-4e51-ac88-6555cc86e024,LL grass29 March 2023.JPG,345.61,255.61,90,2026-03-16 13:18:12,0.4271,0.7839,0.29
9be2de69-5b80-4e51-ac88-6555cc86e024,DJI_0356.JPG,285.79,15.79,270,2026-03-16 13:18:16,0.1357,0.603,0.38
9be2de69-5b80-4e51-ac88-6555cc86e024,LL grass5 March 2023.JPG,41.89,41.89,0,2026-03-16 13:18:22,0.7186,0.7437,0.33
9be2de69-5b80-4e51-ac88-6555cc86e024,DJI_0366.JPG,278.33,98.33,180,2026-03-16 13:18:26,0.1055,0.5578,0.4
9be2de69-5b80-4e51-ac88-6555cc86e024,DJI_0371.JPG,342.06,72.06,270,2026-03-16 13:18:29,0.3869,0.8492,0.37
9be2de69-5b80-4e51-ac88-6555cc86e024,LL grass21 March 2023.JPG,69.39,249.39,180,2026-03-16 13:18:32,0.8141,0.6181,0.34
a2db2740-aaa9-47a1-948e-409689e8d9b8,LL grass5 March 2023.JPG,136.53,46.53,90,2026-03-16 14:34:22,0.6834,0.3065,0.27
a2db2740-aaa9-47a1-948e-409689e8d9b8,DJI_0373.JPG,93.42,3.42,90,2026-03-16 14:34:30,0.794,0.4824,0.29
a2db2740-aaa9-47a1-948e-409689e8d9b8,DJI_0344.JPG,2.63,2.63,0,2026-03-16 14:34:34,0.5126,0.7739,0.27
a2db2740-aaa9-47a1-948e-409689e8d9b8,LL grass18 March 2023.JPG,114.81,24.81,90,2026-03-16 14:34:38,0.7337,0.392,0.26
a2db2740-aaa9-47a1-948e-409689e8d9b8,LL grass30 March 2023.JPG,45,225,180,2026-03-16 14:34:42,0.7286,0.7286,0.32
a2db2740-aaa9-47a1-948e-409689e8d9b8,LL grass23 March 2023.JPG,323.4,233.4,90,2026-03-16 14:34:50,0.3116,0.7538,0.32
a2db2740-aaa9-47a1-948e-409689e8d9b8,DJI_0372.JPG,51.62,51.62,0,2026-03-16 14:34:54,0.8141,0.7487,0.4
a2db2740-aaa9-47a1-948e-409689e8d9b8,LL grass6 March 2023.JPG,214.77,34.77,180,2026-03-16 14:35:06,0.3518,0.2864,0.26
a2db2740-aaa9-47a1-948e-409689e8d9b8,LL grass3 March 2023.JPG,232.29,232.29,0,2026-03-16 14:35:14,0.2563,0.3116,0.31
a2db2740-aaa9-47a1-948e-409689e8d9b8,DJI_0371.JPG,252.28,252.28,0,2026-03-16 14:35:21,0.2563,0.4221,0.26
a2db2740-aaa9-47a1-948e-409689e8d9b8,DJI_0345.JPG,152.74,62.74,90,2026-03-16 14:35:27,0.6281,0.2513,0.28
a2db2740-aaa9-47a1-948e-409689e8d9b8,LL grass9 March 2023.JPG,135,45,90,2026-03-16 14:35:38,0.7739,0.2261,0.39
a2db2740-aaa9-47a1-948e-409689e8d9b8,DJI_0367.JPG,48.95,228.95,180,2026-03-16 14:35:44,0.7337,0.7035,0.31
a2db2740-aaa9-47a1-948e-409689e8d9b8,DJI_0358.JPG,216.94,216.94,0,2026-03-16 14:35:47,0.2563,0.1759,0.41
a2db2740-aaa9-47a1-948e-409689e8d9b8,DJI_0366.JPG,161.28,251.28,270,2026-03-16 14:35:51,0.603,0.196,0.32
a2db2740-aaa9-47a1-948e-409689e8d9b8,LL grass13 March 2023.JPG,127.13,37.13,90,2026-03-16 14:35:55,0.7688,0.2965,0.34
a2db2740-aaa9-47a1-948e-409689e8d9b8,DJI_0362.JPG,138.55,228.55,270,2026-03-16 14:36:02,0.804,0.1558,0.46
a2db2740-aaa9-47a1-948e-409689e8d9b8,LL grass10 March 2023.JPG,131.58,221.58,270,2026-03-16 14:36:07,0.6784,0.3417,0.24
a2db2740-aaa9-47a1-948e-409689e8d9b8,DJI_0374.JPG,204.68,24.68,180,2026-03-16 14:36:17,0.3719,0.2211,0.31
a2db2740-aaa9-47a1-948e-409689e8d9b8,LL grass21 March 2023.JPG,135,225,270,2026-03-16 14:36:25,0.6884,0.3116,0.27
a2db2740-aaa9-47a1-948e-409689e8d9b8,DJI_0347.JPG,179.54,359.54,180,2026-03-16 14:36:30,0.5025,0.1859,0.31
a2db2740-aaa9-47a1-948e-409689e8d9b8,LL grass27 March 2023.JPG,345.87,75.87,270,2026-03-16 14:36:37,0.4121,0.8492,0.36
a2db2740-aaa9-47a1-948e-409689e8d9b8,DJI_0361.JPG,164.84,74.84,90,2026-03-16 14:36:43,0.5729,0.2312,0.28
a2db2740-aaa9-47a1-948e-409689e8d9b8,LL grass4 March 2023.JPG,178.42,358.42,180,2026-03-16 14:36:51,0.5075,0.2261,0.27
a2db2740-aaa9-47a1-948e-409689e8d9b8,LL grass25 March 2023.JPG,159.23,249.23,270,2026-03-16 14:36:55,0.5829,0.2814,0.23
a2db2740-aaa9-47a1-948e-409689e8d9b8,DJI_0348.JPG,182.37,2.37,180,2026-03-16 14:36:59,0.4874,0.196,0.3
a2db2740-aaa9-47a1-948e-409689e8d9b8,DJI_0359.JPG,157.42,67.42,90,2026-03-16 14:37:04,0.6181,0.2161,0.31
a2db2740-aaa9-47a1-948e-409689e8d9b8,DJI_0355.JPG,146.2,56.2,90,2026-03-16 14:37:08,0.7035,0.196,0.37
a2db2740-aaa9-47a1-948e-409689e8d9b8,LL grass2 March 2023.JPG,71.13,341.13,90,2026-03-16 14:37:15,0.6985,0.5678,0.21
a2db2740-aaa9-47a1-948e-409689e8d9b8,DJI_0353.JPG,94.59,184.59,270,2026-03-16 14:37:26,0.8442,0.4724,0.35
a2db2740-aaa9-47a1-948e-409689e8d9b8,DJI_0351.JPG,217.55,37.55,180,2026-03-16 14:37:29,0.2663,0.196,0.38
a2db2740-aaa9-47a1-948e-409689e8d9b8,DJI_0363.JPG,128.35,218.35,270,2026-03-16 14:37:33,0.7889,0.2714,0.37
a2db2740-aaa9-47a1-948e-409689e8d9b8,LL grass15 March 2023.JPG,121.63,31.63,90,2026-03-16 14:37:39,0.8141,0.3065,0.37
a2db2740-aaa9-47a1-948e-409689e8d9b8,LL grass17 March 2023.JPG,242.53,62.53,180,2026-03-16 14:38:10,0.3116,0.402,0.21
a2db2740-aaa9-47a1-948e-409689e8d9b8,DJI_0352.JPG,127.29,37.29,90,2026-03-16 14:38:17,0.7739,0.2915,0.34
a2db2740-aaa9-47a1-948e-409689e8d9b8,DJI_0357.JPG,315.58,45.58,270,2026-03-16 14:38:23,0.2563,0.7487,0.35
a2db2740-aaa9-47a1-948e-409689e8d9b8,LL grass19 March 2023.JPG,38.97,218.97,180,2026-03-16 14:38:32,0.8191,0.8945,0.51
a2db2740-aaa9-47a1-948e-409689e8d9b8,LL grass.JPG,149.85,329.85,180,2026-03-16 14:38:36,0.6533,0.2362,0.31
a2db2740-aaa9-47a1-948e-409689e8d9b8,LL aerial1.JPG,172.26,262.26,270,2026-03-16 14:38:41,0.5427,0.1859,0.32
a2db2740-aaa9-47a1-948e-409689e8d9b8,DJI_0360.JPG,56.05,56.05,0,2026-03-16 14:38:46,0.8844,0.7588,0.46
a2db2740-aaa9-47a1-948e-409689e8d9b8,DJI_0346.JPG,28.99,208.99,180,2026-03-16 14:38:52,0.7186,0.8945,0.45
a2db2740-aaa9-47a1-948e-409689e8d9b8,DJI_0349.JPG,42.14,42.14,0,2026-03-16 14:38:58,0.7387,0.7638,0.36
a2db2740-aaa9-47a1-948e-409689e8d9b8,LL grass12 March 2023.JPG,122.12,212.12,270,2026-03-16 14:39:02,0.8241,0.2965,0.38
a2db2740-aaa9-47a1-948e-409689e8d9b8,DJI_0364.JPG,32.04,32.04,0,2026-03-16 14:39:07,0.7186,0.8492,0.41
a2db2740-aaa9-47a1-948e-409689e8d9b8,LL grass22 March 2023.JPG,43.79,43.79,0,2026-03-16 14:39:13,0.8492,0.8643,0.5
a2db2740-aaa9-47a1-948e-409689e8d9b8,LL grass1 March 2023.JPG,277.9,7.9,270,2026-03-16 14:39:39,0.1558,0.5477,0.35
a2db2740-aaa9-47a1-948e-409689e8d9b8,DJI_0365.JPG,359.53,269.53,90,2026-03-16 14:39:47,0.4975,0.804,0.3
68bf331b-f98f-432e-81b4-3e3ce689afbc,LL grass10 March 2023.JPG,40.67,220.67,180,2026-03-16 14:39:47,0.6533,0.6784,0.24
a2db2740-aaa9-47a1-948e-409689e8d9b8,LL grass24 March 2023.JPG,120.23,30.23,90,2026-03-16 14:39:50,0.9095,0.2613,0.47
a2db2740-aaa9-47a1-948e-409689e8d9b8,DJI_0369.JPG,35.35,35.35,0,2026-03-16 14:39:54,0.7085,0.794,0.36
a2db2740-aaa9-47a1-948e-409689e8d9b8,LL grass16 March 2023.JPG,337.28,157.28,180,2026-03-16 14:39:59,0.3769,0.794,0.32
a2db2740-aaa9-47a1-948e-409689e8d9b8,DJI_0356.JPG,307.65,37.65,270,2026-03-16 14:40:04,0.2362,0.7035,0.33
68bf331b-f98f-432e-81b4-3e3ce689afbc,LL grass7 March 2023.JPG,99.39,99.39,0,2026-03-16 14:40:06,0.8191,0.4472,0.32
a2db2740-aaa9-47a1-948e-409689e8d9b8,LL grass7 March 2023.JPG,320.1,50.1,270,2026-03-16 14:40:09,0.3719,0.6533,0.2
68bf331b-f98f-432e-81b4-3e3ce689afbc,LL grass8 March 2023.JPG,276.16,6.16,270,2026-03-16 14:40:16,0.1508,0.5377,0.35
a2db2740-aaa9-47a1-948e-409689e8d9b8,LL grass31 March 2023.JPG,325.7,55.7,270,2026-03-16 14:40:27,0.2412,0.8794,0.46
68bf331b-f98f-432e-81b4-3e3ce689afbc,LL grass3 March 2023.JPG,309.76,219.76,90,2026-03-16 14:40:30,0.201,0.7487,0.39
a2db2740-aaa9-47a1-948e-409689e8d9b8,DJI_0350.JPG,121.69,31.69,90,2026-03-16 14:40:30,0.7889,0.3216,0.34
a2db2740-aaa9-47a1-948e-409689e8d9b8,DJI_0354.JPG,41.73,221.73,180,2026-03-16 14:40:35,0.7487,0.7789,0.37
68bf331b-f98f-432e-81b4-3e3ce689afbc,LL grass32 March 2023.JPG,152.65,242.65,270,2026-03-16 14:40:36,0.6884,0.1357,0.41
a2db2740-aaa9-47a1-948e-409689e8d9b8,LL grass26 March 2023.JPG,40.08,220.08,180,2026-03-16 14:40:39,0.7136,0.7538,0.33
a2db2740-aaa9-47a1-948e-409689e8d9b8,LL grass8 March 2023.JPG,212.54,32.54,180,2026-03-16 14:40:45,0.3317,0.2362,0.31
68bf331b-f98f-432e-81b4-3e3ce689afbc,DJI_0256.JPG,0.42,90.42,270,2026-03-16 14:40:47,0.5025,0.8442,0.34
a2db2740-aaa9-47a1-948e-409689e8d9b8,LL grass28 March 2023.JPG,152.77,242.77,270,2026-03-16 14:40:50,0.6332,0.2412,0.29
a2db2740-aaa9-47a1-948e-409689e8d9b8,LL grass11 March 2023.JPG,177.91,357.91,180,2026-03-16 14:40:54,0.5126,0.1558,0.34
68bf331b-f98f-432e-81b4-3e3ce689afbc,LL grass12 March 2023.JPG,127.43,37.43,90,2026-03-16 14:40:58,0.8643,0.2211,0.46
a2db2740-aaa9-47a1-948e-409689e8d9b8,LL grass29 March 2023.JPG,179.58,89.58,90,2026-03-16 14:41:00,0.5025,0.1608,0.34
a2db2740-aaa9-47a1-948e-409689e8d9b8,DJI_0370.JPG,146.2,236.2,270,2026-03-16 14:41:04,0.7035,0.196,0.37
68bf331b-f98f-432e-81b4-3e3ce689afbc,DJI_0359.JPG,57.02,237.02,180,2026-03-16 14:41:05,0.8291,0.7136,0.39
a2db2740-aaa9-47a1-948e-409689e8d9b8,DJI_0256.JPG,225.95,225.95,0,2026-03-16 14:41:10,0.191,0.201,0.43
68bf331b-f98f-432e-81b4-3e3ce689afbc,DJI_0351.JPG,164.17,344.17,180,2026-03-16 14:41:11,0.5477,0.3317,0.17
a2db2740-aaa9-47a1-948e-409689e8d9b8,LL grass20 March 2023.JPG,41.67,221.67,180,2026-03-16 14:41:15,0.7437,0.7739,0.37
68bf331b-f98f-432e-81b4-3e3ce689afbc,DJI_0361.JPG,257.4,257.4,0,2026-03-16 14:41:17,0.2864,0.4523,0.22
68bf331b-f98f-432e-81b4-3e3ce689afbc,LL grass26 March 2023.JPG,191.31,281.31,270,2026-03-16 14:41:21,0.4573,0.2864,0.22
a2db2740-aaa9-47a1-948e-409689e8d9b8,DJI_0368.JPG,219.18,219.18,0,2026-03-16 14:41:22,0.2563,0.201,0.39
a2db2740-aaa9-47a1-948e-409689e8d9b8,LL grass32 March 2023.JPG,193.93,283.93,270,2026-03-16 14:41:26,0.4221,0.1859,0.32
68bf331b-f98f-432e-81b4-3e3ce689afbc,LL grass5 March 2023.JPG,251.57,71.57,180,2026-03-16 14:41:32,0.191,0.397,0.33
a2db2740-aaa9-47a1-948e-409689e8d9b8,LL grass32 March 2023.JPG,193.93,283.93,270,2026-03-16 14:41:34,0.4221,0.1859,0.32
68bf331b-f98f-432e-81b4-3e3ce689afbc,DJI_0344.JPG,262.48,352.48,270,2026-03-16 14:41:43,0.1005,0.4472,0.4
68bf331b-f98f-432e-81b4-3e3ce689afbc,LL grass11 March 2023.JPG,336.8,336.8,0,2026-03-16 14:41:49,0.3719,0.799,0.33
68bf331b-f98f-432e-81b4-3e3ce689afbc,DJI_0366.JPG,228.55,48.55,180,2026-03-16 14:41:54,0.1558,0.196,0.46
68bf331b-f98f-432e-81b4-3e3ce689afbc,DJI_0364.JPG,178.58,268.58,270,2026-03-16 14:41:58,0.5075,0.196,0.3
68bf331b-f98f-432e-81b4-3e3ce689afbc,LL grass27 March 2023.JPG,177.47,267.47,270,2026-03-16 14:42:03,0.5126,0.2161,0.28
68bf331b-f98f-432e-81b4-3e3ce689afbc,LL grass15 March 2023.JPG,120.96,30.96,90,2026-03-16 14:42:08,0.8392,0.2965,0.4
68bf331b-f98f-432e-81b4-3e3ce689afbc,DJI_0358.JPG,221.91,221.91,0,2026-03-16 14:42:11,0.2362,0.206,0.39
68bf331b-f98f-432e-81b4-3e3ce689afbc,DJI_0367.JPG,246.08,66.08,180,2026-03-16 14:42:15,0.1658,0.3518,0.37
68bf331b-f98f-432e-81b4-3e3ce689afbc,LL grass23 March 2023.JPG,165.83,255.83,270,2026-03-16 14:42:19,0.5628,0.2513,0.26
68bf331b-f98f-432e-81b4-3e3ce689afbc,DJI_0362.JPG,52.91,52.91,0,2026-03-16 14:42:29,0.809,0.7337,0.39
68bf331b-f98f-432e-81b4-3e3ce689afbc,DJI_0360.JPG,347.54,77.54,270,2026-03-16 14:42:40,0.4472,0.7387,0.24
68bf331b-f98f-432e-81b4-3e3ce689afbc,DJI_0352.JPG,197.7,287.7,270,2026-03-16 14:42:46,0.4623,0.3819,0.12
68bf331b-f98f-432e-81b4-3e3ce689afbc,DJI_0372.JPG,55.19,55.19,0,2026-03-16 14:42:51,0.8794,0.7638,0.46
68bf331b-f98f-432e-81b4-3e3ce689afbc,LL grass31 March 2023.JPG,239.77,59.77,180,2026-03-16 14:42:56,0.1508,0.2965,0.4
68bf331b-f98f-432e-81b4-3e3ce689afbc,LL aerial1.JPG,239.87,59.87,180,2026-03-16 14:43:01,0.1407,0.2915,0.42
68bf331b-f98f-432e-81b4-3e3ce689afbc,LL grass21 March 2023.JPG,146.99,56.99,90,2026-03-16 14:43:06,0.7236,0.1558,0.41
68bf331b-f98f-432e-81b4-3e3ce689afbc,LL grass16 March 2023.JPG,91.71,91.71,0,2026-03-16 14:43:11,0.9196,0.4874,0.42
68bf331b-f98f-432e-81b4-3e3ce689afbc,DJI_0365.JPG,169.35,79.35,90,2026-03-16 14:43:15,0.5628,0.1658,0.34
68bf331b-f98f-432e-81b4-3e3ce689afbc,LL grass18 March 2023.JPG,101.98,191.98,270,2026-03-16 14:43:19,0.9146,0.4121,0.42
68bf331b-f98f-432e-81b4-3e3ce689afbc,DJI_0357.JPG,149.64,239.64,270,2026-03-16 14:43:23,0.7487,0.0754,0.49
68bf331b-f98f-432e-81b4-3e3ce689afbc,LL grass1 March 2023.JPG,155.83,335.83,180,2026-03-16 14:43:31,0.6432,0.1809,0.35
68bf331b-f98f-432e-81b4-3e3ce689afbc,LL grass29 March 2023.JPG,86.28,266.28,180,2026-03-16 14:43:35,0.9246,0.5276,0.43
68bf331b-f98f-432e-81b4-3e3ce689afbc,LL grass.JPG,145.52,325.52,180,2026-03-16 14:43:40,0.6432,0.2915,0.25
68bf331b-f98f-432e-81b4-3e3ce689afbc,LL grass30 March 2023.JPG,151.7,241.7,270,2026-03-16 14:43:43,0.6935,0.1407,0.41
68bf331b-f98f-432e-81b4-3e3ce689afbc,DJI_0368.JPG,158.27,248.27,270,2026-03-16 14:43:47,0.6332,0.1658,0.36
68bf331b-f98f-432e-81b4-3e3ce689afbc,DJI_0353.JPG,268.89,88.89,180,2026-03-16 14:43:51,0.1106,0.4925,0.39
68bf331b-f98f-432e-81b4-3e3ce689afbc,LL grass28 March 2023.JPG,258.69,78.69,180,2026-03-16 14:43:55,0.1357,0.4271,0.37
68bf331b-f98f-432e-81b4-3e3ce689afbc,DJI_0373.JPG,222.3,312.3,270,2026-03-16 14:43:58,0.2462,0.2211,0.38
19fb53a0-e19c-461d-afa4-a9710bff46b4,LL grass31 March 2023.JPG,318.25,228.25,90,2026-03-16 14:44:00,0.2915,0.7337,0.31
68bf331b-f98f-432e-81b4-3e3ce689afbc,LL grass6 March 2023.JPG,216.93,126.93,90,2026-03-16 14:44:03,0.2111,0.1156,0.48
68bf331b-f98f-432e-81b4-3e3ce689afbc,DJI_0371.JPG,237.25,57.25,180,2026-03-16 14:44:06,0.1055,0.2462,0.47
68bf331b-f98f-432e-81b4-3e3ce689afbc,LL grass9 March 2023.JPG,317.39,47.39,270,2026-03-16 14:44:10,0.2111,0.8141,0.43
68bf331b-f98f-432e-81b4-3e3ce689afbc,DJI_0369.JPG,150.87,60.87,90,2026-03-16 14:44:13,0.6834,0.1709,0.38
68bf331b-f98f-432e-81b4-3e3ce689afbc,LL grass25 March 2023.JPG,238.41,238.41,0,2026-03-16 14:44:17,0.0955,0.2513,0.47
19fb53a0-e19c-461d-afa4-a9710bff46b4,DJI_0367.JPG,67.74,67.74,0,2026-03-16 14:44:19,0.8744,0.6533,0.4
68bf331b-f98f-432e-81b4-3e3ce689afbc,DJI_0374.JPG,231.79,231.79,0,2026-03-16 14:44:21,0.1457,0.2211,0.45
68bf331b-f98f-432e-81b4-3e3ce689afbc,DJI_0370.JPG,233.43,233.43,0,2026-03-16 14:44:24,0.1106,0.2111,0.48
19fb53a0-e19c-461d-afa4-a9710bff46b4,DJI_0344.JPG,29.05,29.05,0,2026-03-16 14:44:27,0.7136,0.8844,0.44
68bf331b-f98f-432e-81b4-3e3ce689afbc,LL grass22 March 2023.JPG,230.51,50.51,180,2026-03-16 14:44:28,0.1859,0.2412,0.41
68bf331b-f98f-432e-81b4-3e3ce689afbc,DJI_0356.JPG,203.48,203.48,0,2026-03-16 14:44:32,0.392,0.2513,0.27
19fb53a0-e19c-461d-afa4-a9710bff46b4,DJI_0348.JPG,35.47,215.47,180,2026-03-16 14:44:35,0.7739,0.8844,0.47
68bf331b-f98f-432e-81b4-3e3ce689afbc,LL grass13 March 2023.JPG,208.36,208.36,0,2026-03-16 14:44:35,0.3467,0.2161,0.32
68bf331b-f98f-432e-81b4-3e3ce689afbc,DJI_0363.JPG,224.5,44.5,180,2026-03-16 14:44:39,0.2161,0.2111,0.41
68bf331b-f98f-432e-81b4-3e3ce689afbc,DJI_0349.JPG,201.43,201.43,0,2026-03-16 14:44:43,0.3668,0.1608,0.36
68bf331b-f98f-432e-81b4-3e3ce689afbc,DJI_0346.JPG,214.81,34.81,180,2026-03-16 14:44:46,0.3166,0.2362,0.32
68bf331b-f98f-432e-81b4-3e3ce689afbc,LL grass17 March 2023.JPG,235.38,235.38,0,2026-03-16 14:44:52,0.1106,0.2312,0.47
68bf331b-f98f-432e-81b4-3e3ce689afbc,LL grass20 March 2023.JPG,147.4,237.4,270,2026-03-16 14:44:55,0.6784,0.2211,0.33
68bf331b-f98f-432e-81b4-3e3ce689afbc,DJI_0355.JPG,190.49,190.49,0,2026-03-16 14:44:58,0.4372,0.1608,0.34
68bf331b-f98f-432e-81b4-3e3ce689afbc,DJI_0345.JPG,318.14,48.14,270,2026-03-16 14:45:05,0.3266,0.6935,0.26
68bf331b-f98f-432e-81b4-3e3ce689afbc,LL grass4 March 2023.JPG,155.25,335.25,180,2026-03-16 14:45:11,0.6633,0.1457,0.39
68bf331b-f98f-432e-81b4-3e3ce689afbc,LL grass24 March 2023.JPG,159.29,69.29,90,2026-03-16 14:45:14,0.6131,0.201,0.32
68bf331b-f98f-432e-81b4-3e3ce689afbc,DJI_0350.JPG,260.43,350.43,270,2026-03-16 14:45:19,0.2764,0.4623,0.23
68bf331b-f98f-432e-81b4-3e3ce689afbc,DJI_0354.JPG,170.75,350.75,180,2026-03-16 14:45:22,0.5528,0.1759,0.33
68bf331b-f98f-432e-81b4-3e3ce689afbc,LL grass19 March 2023.JPG,0,270,90,2026-03-16 14:45:23,0.5,0.5,0
68bf331b-f98f-432e-81b4-3e3ce689afbc,DJI_0348.JPG,111.52,201.52,270,2026-03-16 14:45:26,0.9397,0.3266,0.47
68bf331b-f98f-432e-81b4-3e3ce689afbc,LL grass2 March 2023.JPG,143.07,233.07,270,2026-03-16 14:45:30,0.804,0.0955,0.51
68bf331b-f98f-432e-81b4-3e3ce689afbc,DJI_0347.JPG,248.3,338.3,270,2026-03-16 14:45:34,0.2663,0.407,0.25
19fb53a0-e19c-461d-afa4-a9710bff46b4,DJI_0351.JPG,312.97,42.97,270,2026-03-16 14:46:23,0.206,0.7739,0.4
19fb53a0-e19c-461d-afa4-a9710bff46b4,DJI_0373.JPG,321.47,231.47,90,2026-03-16 14:47:01,0.1658,0.9196,0.54
19fb53a0-e19c-461d-afa4-a9710bff46b4,LL grass9 March 2023.JPG,261.97,261.97,0,2026-03-16 14:47:11,0.0905,0.4422,0.41
19fb53a0-e19c-461d-afa4-a9710bff46b4,LL grass2 March 2023.JPG,316.05,226.05,90,2026-03-16 14:47:32,0.0955,0.9196,0.58
19fb53a0-e19c-461d-afa4-a9710bff46b4,DJI_0370.JPG,2.34,272.34,90,2026-03-16 14:47:41,0.5176,0.9296,0.43
19fb53a0-e19c-461d-afa4-a9710bff46b4,LL aerial1.JPG,235.26,55.26,180,2026-03-16 14:47:52,0.1558,0.2613,0.42
19fb53a0-e19c-461d-afa4-a9710bff46b4,LL grass18 March 2023.JPG,14.44,14.44,0,2026-03-16 14:47:58,0.608,0.9196,0.43
19fb53a0-e19c-461d-afa4-a9710bff46b4,DJI_0361.JPG,262.22,82.22,180,2026-03-16 14:48:13,0.1508,0.4523,0.35
19fb53a0-e19c-461d-afa4-a9710bff46b4,LL grass4 March 2023.JPG,0,180,180,2026-03-16 14:48:14,0.5,0.5,0
19fb53a0-e19c-461d-afa4-a9710bff46b4,DJI_0358.JPG,105.47,195.47,270,2026-03-16 14:48:27,0.9447,0.3769,0.46
19fb53a0-e19c-461d-afa4-a9710bff46b4,LL grass10 March 2023.JPG,48.18,228.18,180,2026-03-16 14:48:40,0.9296,0.8844,0.58
19fb53a0-e19c-461d-afa4-a9710bff46b4,LL grass26 March 2023.JPG,258.32,258.32,0,2026-03-16 14:48:45,0.0503,0.407,0.46
19fb53a0-e19c-461d-afa4-a9710bff46b4,DJI_0362.JPG,272.32,92.32,180,2026-03-16 14:48:54,0.0653,0.5176,0.44
19fb53a0-e19c-461d-afa4-a9710bff46b4,DJI_0359.JPG,43.95,223.95,180,2026-03-16 14:49:00,0.9045,0.9196,0.58
19fb53a0-e19c-461d-afa4-a9710bff46b4,LL grass29 March 2023.JPG,346.22,76.22,270,2026-03-16 14:49:06,0.402,0.8995,0.41
19fb53a0-e19c-461d-afa4-a9710bff46b4,LL grass6 March 2023.JPG,168.84,78.84,90,2026-03-16 14:49:17,0.5729,0.1307,0.38
19fb53a0-e19c-461d-afa4-a9710bff46b4,DJI_0357.JPG,56.44,236.44,180,2026-03-16 14:49:22,0.7538,0.6683,0.3
19fb53a0-e19c-461d-afa4-a9710bff46b4,DJI_0365.JPG,249.64,69.64,180,2026-03-16 14:49:28,0.1005,0.3518,0.43
19fb53a0-e19c-461d-afa4-a9710bff46b4,DJI_0353.JPG,56.57,236.57,180,2026-03-16 14:49:35,0.8844,0.7538,0.46
19fb53a0-e19c-461d-afa4-a9710bff46b4,DJI_0374.JPG,284.74,14.74,270,2026-03-16 14:49:45,0.0704,0.6131,0.44
19fb53a0-e19c-461d-afa4-a9710bff46b4,DJI_0363.JPG,109.8,19.8,90,2026-03-16 14:49:58,0.9397,0.3417,0.47
19fb53a0-e19c-461d-afa4-a9710bff46b4,LL grass22 March 2023.JPG,112.65,202.65,270,2026-03-16 14:50:11,0.8191,0.3668,0.35
19fb53a0-e19c-461d-afa4-a9710bff46b4,LL grass21 March 2023.JPG,60.59,240.59,180,2026-03-16 14:50:19,0.9146,0.7337,0.48
19fb53a0-e19c-461d-afa4-a9710bff46b4,LL grass27 March 2023.JPG,353.74,83.74,270,2026-03-16 14:50:35,0.4573,0.8894,0.39
19fb53a0-e19c-461d-afa4-a9710bff46b4,DJI_0345.JPG,286.98,106.98,180,2026-03-16 14:50:41,0.0804,0.6281,0.44
19fb53a0-e19c-461d-afa4-a9710bff46b4,LL grass32 March 2023.JPG,49.8,319.8,90,2026-03-16 14:50:48,0.8241,0.7739,0.42
19fb53a0-e19c-461d-afa4-a9710bff46b4,LL grass11 March 2023.JPG,270.38,0.38,270,2026-03-16 14:50:57,0.1256,0.5025,0.37
19fb53a0-e19c-461d-afa4-a9710bff46b4,LL grass.JPG,320.15,230.15,90,2026-03-16 14:51:05,0.2462,0.804,0.4
19fb53a0-e19c-461d-afa4-a9710bff46b4,LL grass7 March 2023.JPG,271.25,181.25,90,2026-03-16 14:51:14,0.1558,0.5075,0.34
19fb53a0-e19c-461d-afa4-a9710bff46b4,DJI_0350.JPG,223.74,43.74,180,2026-03-16 14:51:45,0.1658,0.1508,0.48
19fb53a0-e19c-461d-afa4-a9710bff46b4,LL grass12 March 2023.JPG,209.71,209.71,0,2026-03-16 14:51:55,0.2663,0.0905,0.47
19fb53a0-e19c-461d-afa4-a9710bff46b4,LL grass20 March 2023.JPG,105.72,195.72,270,2026-03-16 14:52:09,0.9196,0.3819,0.44
19fb53a0-e19c-461d-afa4-a9710bff46b4,DJI_0352.JPG,222.49,312.49,270,2026-03-16 14:52:19,0.1709,0.1407,0.49
19fb53a0-e19c-461d-afa4-a9710bff46b4,DJI_0256.JPG,1.09,91.09,270,2026-03-16 14:52:29,0.5075,0.8945,0.39
19fb53a0-e19c-461d-afa4-a9710bff46b4,DJI_0355.JPG,300.42,210.42,90,2026-03-16 14:52:40,0.1106,0.7286,0.45
19fb53a0-e19c-461d-afa4-a9710bff46b4,LL grass17 March 2023.JPG,214.15,124.15,90,2026-03-16 14:52:47,0.2563,0.1407,0.43
19fb53a0-e19c-461d-afa4-a9710bff46b4,LL grass30 March 2023.JPG,297.03,207.03,90,2026-03-16 14:52:54,0.1307,0.6884,0.41
19fb53a0-e19c-461d-afa4-a9710bff46b4,DJI_0347.JPG,105.37,15.37,90,2026-03-16 14:53:04,0.9296,0.3819,0.45
19fb53a0-e19c-461d-afa4-a9710bff46b4,DJI_0369.JPG,302.59,212.59,90,2026-03-16 14:53:10,0.0402,0.794,0.55
19fb53a0-e19c-461d-afa4-a9710bff46b4,LL grass25 March 2023.JPG,157.28,67.28,90,2026-03-16 14:53:17,0.6231,0.206,0.32
19fb53a0-e19c-461d-afa4-a9710bff46b4,DJI_0372.JPG,0,180,180,2026-03-16 14:53:20,0.5,0.5,0
19fb53a0-e19c-461d-afa4-a9710bff46b4,LL grass1 March 2023.JPG,260.04,170.04,90,2026-03-16 14:53:38,0.1709,0.4422,0.33
19fb53a0-e19c-461d-afa4-a9710bff46b4,DJI_0360.JPG,337,67,270,2026-03-16 14:54:00,0.3518,0.8492,0.38
19fb53a0-e19c-461d-afa4-a9710bff46b4,DJI_0364.JPG,193.51,103.51,90,2026-03-16 14:54:08,0.4221,0.1759,0.33
19fb53a0-e19c-461d-afa4-a9710bff46b4,LL grass8 March 2023.JPG,203.48,23.48,180,2026-03-16 14:54:16,0.392,0.2513,0.27
19fb53a0-e19c-461d-afa4-a9710bff46b4,DJI_0368.JPG,58.66,58.66,0,2026-03-16 14:54:22,0.8342,0.7035,0.39
19fb53a0-e19c-461d-afa4-a9710bff46b4,DJI_0366.JPG,351.97,261.97,90,2026-03-16 14:54:35,0.4422,0.9095,0.41
19fb53a0-e19c-461d-afa4-a9710bff46b4,LL grass24 March 2023.JPG,97.57,7.57,90,2026-03-16 14:54:43,0.9347,0.4422,0.44
19fb53a0-e19c-461d-afa4-a9710bff46b4,DJI_0346.JPG,83.84,173.84,270,2026-03-16 14:54:58,0.8492,0.5377,0.35
19fb53a0-e19c-461d-afa4-a9710bff46b4,LL grass16 March 2023.JPG,185.87,275.87,270,2026-03-16 14:55:07,0.4724,0.2312,0.27
19fb53a0-e19c-461d-afa4-a9710bff46b4,LL grass13 March 2023.JPG,312.01,42.01,270,2026-03-16 14:55:13,0.196,0.7739,0.41
19fb53a0-e19c-461d-afa4-a9710bff46b4,LL grass5 March 2023.JPG,163.16,253.16,270,2026-03-16 14:55:25,0.5829,0.2261,0.29
19fb53a0-e19c-461d-afa4-a9710bff46b4,LL grass28 March 2023.JPG,12.89,102.89,270,2026-03-16 14:55:40,0.5879,0.8844,0.39
19fb53a0-e19c-461d-afa4-a9710bff46b4,LL grass19 March 2023.JPG,54.59,54.59,0,2026-03-16 14:55:47,0.9347,0.809,0.53
19fb53a0-e19c-461d-afa4-a9710bff46b4,DJI_0371.JPG,243.89,243.89,0,2026-03-16 14:55:53,0.1156,0.3116,0.43
19fb53a0-e19c-461d-afa4-a9710bff46b4,DJI_0349.JPG,51.39,231.39,180,2026-03-16 14:56:00,0.8241,0.7588,0.41
19fb53a0-e19c-461d-afa4-a9710bff46b4,DJI_0356.JPG,112.26,22.26,90,2026-03-16 14:56:05,0.8744,0.3467,0.4
19fb53a0-e19c-461d-afa4-a9710bff46b4,LL grass3 March 2023.JPG,190.94,280.94,270,2026-03-16 14:56:15,0.4422,0.201,0.3
19fb53a0-e19c-461d-afa4-a9710bff46b4,DJI_0354.JPG,284.37,194.37,90,2026-03-16 14:56:20,0.196,0.5779,0.31
19fb53a0-e19c-461d-afa4-a9710bff46b4,LL grass23 March 2023.JPG,136.72,46.72,90,2026-03-16 14:56:26,0.7437,0.2412,0.36
19fb53a0-e19c-461d-afa4-a9710bff46b4,LL grass15 March 2023.JPG,295.12,25.12,270,2026-03-16 14:56:32,0.0553,0.7085,0.49
af000f1d-f003-4440-9572-b57a27f08476,LL grass29 March 2023.JPG,118.56,118.56,0,2026-03-16 16:10:45,0.6985,0.392,0.23
af000f1d-f003-4440-9572-b57a27f08476,DJI_0372.JPG,24.83,294.83,90,2026-03-16 16:10:56,0.5779,0.6683,0.19
af000f1d-f003-4440-9572-b57a27f08476,LL grass24 March 2023.JPG,32.6,212.6,180,2026-03-16 16:11:03,0.6784,0.7789,0.33
af000f1d-f003-4440-9572-b57a27f08476,DJI_0350.JPG,37.5,37.5,0,2026-03-16 16:11:12,0.7487,0.8241,0.41
af000f1d-f003-4440-9572-b57a27f08476,LL grass9 March 2023.JPG,143.94,53.94,90,2026-03-16 16:11:17,0.6884,0.2412,0.32
af000f1d-f003-4440-9572-b57a27f08476,DJI_0360.JPG,244.55,64.55,180,2026-03-16 16:11:20,0.1357,0.3266,0.4
af000f1d-f003-4440-9572-b57a27f08476,DJI_0256.JPG,140.04,50.04,90,2026-03-16 16:11:27,0.7337,0.2211,0.36
af000f1d-f003-4440-9572-b57a27f08476,DJI_0347.JPG,2.55,2.55,0,2026-03-16 16:11:31,0.5176,0.8945,0.39
af000f1d-f003-4440-9572-b57a27f08476,DJI_0354.JPG,327.13,327.13,0,2026-03-16 16:11:36,0.2613,0.8693,0.44
af000f1d-f003-4440-9572-b57a27f08476,DJI_0358.JPG,59.04,59.04,0,2026-03-16 16:11:39,0.8643,0.7186,0.42
af000f1d-f003-4440-9572-b57a27f08476,LL grass20 March 2023.JPG,328.79,58.79,270,2026-03-16 16:11:43,0.2915,0.8442,0.4
af000f1d-f003-4440-9572-b57a27f08476,DJI_0361.JPG,0.41,90.41,270,2026-03-16 16:11:47,0.5025,0.8492,0.35
af000f1d-f003-4440-9572-b57a27f08476,DJI_0348.JPG,50.98,50.98,0,2026-03-16 16:11:51,0.8442,0.7789,0.44
af000f1d-f003-4440-9572-b57a27f08476,LL grass32 March 2023.JPG,294.98,24.98,270,2026-03-16 16:11:55,0.0955,0.6884,0.45
af000f1d-f003-4440-9572-b57a27f08476,LL grass28 March 2023.JPG,45.34,45.34,0,2026-03-16 16:11:59,0.9246,0.9196,0.6
af000f1d-f003-4440-9572-b57a27f08476,DJI_0351.JPG,312.06,222.06,90,2026-03-16 16:12:03,0.191,0.7789,0.42
af000f1d-f003-4440-9572-b57a27f08476,LL grass2 March 2023.JPG,45.43,225.43,180,2026-03-16 16:12:11,0.8342,0.8291,0.47
af000f1d-f003-4440-9572-b57a27f08476,LL grass21 March 2023.JPG,310.16,40.16,270,2026-03-16 16:12:14,0.1457,0.799,0.46
af000f1d-f003-4440-9572-b57a27f08476,LL grass18 March 2023.JPG,315,225,90,2026-03-16 16:12:17,0.1055,0.8945,0.56
af000f1d-f003-4440-9572-b57a27f08476,LL grass31 March 2023.JPG,241.12,61.12,180,2026-03-16 16:12:20,0.0854,0.2714,0.47
af000f1d-f003-4440-9572-b57a27f08476,DJI_0364.JPG,312.73,42.73,270,2026-03-16 16:12:24,0.1709,0.804,0.45
af000f1d-f003-4440-9572-b57a27f08476,LL grass30 March 2023.JPG,43.58,223.58,180,2026-03-16 16:12:27,0.8945,0.9146,0.57
af000f1d-f003-4440-9572-b57a27f08476,DJI_0349.JPG,311.42,221.42,90,2026-03-16 16:12:31,0.1156,0.8392,0.51
af000f1d-f003-4440-9572-b57a27f08476,DJI_0374.JPG,229.56,229.56,0,2026-03-16 16:12:39,0.1256,0.1809,0.49
af000f1d-f003-4440-9572-b57a27f08476,LL grass17 March 2023.JPG,335.67,245.67,90,2026-03-16 16:12:43,0.3216,0.8945,0.43
af000f1d-f003-4440-9572-b57a27f08476,DJI_0362.JPG,34.86,214.86,180,2026-03-16 16:12:47,0.7538,0.8643,0.44
af000f1d-f003-4440-9572-b57a27f08476,DJI_0345.JPG,310.57,220.57,90,2026-03-16 16:12:52,0.0804,0.8593,0.55
af000f1d-f003-4440-9572-b57a27f08476,DJI_0363.JPG,304.58,34.58,270,2026-03-16 16:12:55,0.0955,0.7789,0.49
af000f1d-f003-4440-9572-b57a27f08476,LL grass4 March 2023.JPG,268.71,358.71,270,2026-03-16 16:13:02,0.1658,0.4925,0.33
af000f1d-f003-4440-9572-b57a27f08476,LL grass25 March 2023.JPG,57.24,57.24,0,2026-03-16 16:13:05,0.8241,0.7085,0.39
af000f1d-f003-4440-9572-b57a27f08476,LL grass22 March 2023.JPG,45.9,45.9,0,2026-03-16 16:13:09,0.8241,0.8141,0.45
af000f1d-f003-4440-9572-b57a27f08476,LL grass8 March 2023.JPG,4.59,4.59,0,2026-03-16 16:13:13,0.5276,0.8442,0.35
af000f1d-f003-4440-9572-b57a27f08476,DJI_0359.JPG,313.28,223.28,90,2026-03-16 16:13:16,0.1558,0.8241,0.47
af000f1d-f003-4440-9572-b57a27f08476,LL grass1 March 2023.JPG,175.08,175.08,0,2026-03-16 16:13:29,0.5327,0.1206,0.38
af000f1d-f003-4440-9572-b57a27f08476,DJI_0356.JPG,226.89,46.89,180,2026-03-16 16:13:32,0.1859,0.206,0.43
af000f1d-f003-4440-9572-b57a27f08476,LL grass11 March 2023.JPG,79.66,349.66,90,2026-03-16 16:13:36,0.8442,0.5628,0.35
af000f1d-f003-4440-9572-b57a27f08476,LL grass.JPG,279.38,9.38,270,2026-03-16 16:13:46,0.2111,0.5477,0.29
af000f1d-f003-4440-9572-b57a27f08476,DJI_0365.JPG,173.87,263.87,270,2026-03-16 16:13:54,0.5327,0.196,0.31
af000f1d-f003-4440-9572-b57a27f08476,LL grass13 March 2023.JPG,221.29,221.29,0,2026-03-16 16:13:58,0.2462,0.2111,0.38
af000f1d-f003-4440-9572-b57a27f08476,LL grass27 March 2023.JPG,352.38,262.38,90,2026-03-16 16:14:02,0.4573,0.8191,0.32
af000f1d-f003-4440-9572-b57a27f08476,LL grass6 March 2023.JPG,50.33,230.33,180,2026-03-16 16:14:09,0.8241,0.7688,0.42
af000f1d-f003-4440-9572-b57a27f08476,DJI_0355.JPG,41.55,41.55,0,2026-03-16 16:14:12,0.7739,0.809,0.41
af000f1d-f003-4440-9572-b57a27f08476,LL grass15 March 2023.JPG,297.74,207.74,90,2026-03-16 16:14:16,0.1608,0.6784,0.38
af000f1d-f003-4440-9572-b57a27f08476,DJI_0344.JPG,46.99,46.99,0,2026-03-16 16:14:20,0.799,0.7789,0.41
af000f1d-f003-4440-9572-b57a27f08476,LL grass7 March 2023.JPG,109.72,199.72,270,2026-03-16 16:14:27,0.8995,0.3568,0.42
af000f1d-f003-4440-9572-b57a27f08476,LL grass10 March 2023.JPG,312.86,42.86,270,2026-03-16 16:14:31,0.2211,0.7588,0.38
af000f1d-f003-4440-9572-b57a27f08476,DJI_0366.JPG,59.14,59.14,0,2026-03-16 16:14:34,0.8995,0.7387,0.47
af000f1d-f003-4440-9572-b57a27f08476,LL grass23 March 2023.JPG,315.47,45.47,270,2026-03-16 16:14:37,0.196,0.809,0.43
af000f1d-f003-4440-9572-b57a27f08476,LL grass19 March 2023.JPG,41.23,41.23,0,2026-03-16 16:14:47,0.7136,0.7437,0.32
af000f1d-f003-4440-9572-b57a27f08476,DJI_0369.JPG,315,225,90,2026-03-16 16:14:51,0.1759,0.8241,0.46
af000f1d-f003-4440-9572-b57a27f08476,DJI_0370.JPG,316.78,316.78,0,2026-03-16 16:14:54,0.1859,0.8342,0.46
af000f1d-f003-4440-9572-b57a27f08476,LL aerial1.JPG,43.28,43.28,0,2026-03-16 16:14:58,0.7437,0.7588,0.36
af000f1d-f003-4440-9572-b57a27f08476,DJI_0346.JPG,38.46,128.46,270,2026-03-16 16:15:12,0.7136,0.7688,0.34
af000f1d-f003-4440-9572-b57a27f08476,DJI_0368.JPG,312.49,222.49,90,2026-03-16 16:15:16,0.1407,0.8291,0.49
af000f1d-f003-4440-9572-b57a27f08476,LL grass5 March 2023.JPG,55.4,145.4,270,2026-03-16 16:15:19,0.9698,0.8241,0.57
af000f1d-f003-4440-9572-b57a27f08476,DJI_0353.JPG,315.41,135.41,180,2026-03-16 16:15:23,0.1508,0.8543,0.5
af000f1d-f003-4440-9572-b57a27f08476,DJI_0373.JPG,43.64,43.64,0,2026-03-16 16:15:31,0.603,0.608,0.15
af000f1d-f003-4440-9572-b57a27f08476,LL grass26 March 2023.JPG,61.13,241.13,180,2026-03-16 16:15:34,0.7688,0.6482,0.31
af000f1d-f003-4440-9572-b57a27f08476,DJI_0371.JPG,34.46,214.46,180,2026-03-16 16:15:39,0.5879,0.6281,0.16
af000f1d-f003-4440-9572-b57a27f08476,LL grass3 March 2023.JPG,319.05,139.05,180,2026-03-16 16:15:45,0.2362,0.804,0.4
af000f1d-f003-4440-9572-b57a27f08476,DJI_0357.JPG,7,187,180,2026-03-16 16:15:49,0.5176,0.6432,0.14
af000f1d-f003-4440-9572-b57a27f08476,LL grass16 March 2023.JPG,305.79,215.79,90,2026-03-16 16:15:55,0.392,0.5779,0.13
af000f1d-f003-4440-9572-b57a27f08476,DJI_0367.JPG,63.64,63.64,0,2026-03-16 16:15:59,0.7789,0.6382,0.31
af000f1d-f003-4440-9572-b57a27f08476,DJI_0352.JPG,223.91,313.91,270,2026-03-16 16:16:09,0.2412,0.2312,0.37
af000f1d-f003-4440-9572-b57a27f08476,LL grass12 March 2023.JPG,220.24,40.24,180,2026-03-16 16:16:13,0.196,0.1407,0.47
2bfb4580-23fc-4294-bffa-e1fc06bc8160,DJI_0346.JPG,324.57,54.57,270,2026-03-16 16:57:36,0.3266,0.7437,0.3
2bfb4580-23fc-4294-bffa-e1fc06bc8160,LL grass9 March 2023.JPG,306.36,36.36,270,2026-03-16 16:57:58,0.2714,0.6683,0.28
2bfb4580-23fc-4294-bffa-e1fc06bc8160,DJI_0374.JPG,55.78,55.78,0,2026-03-16 16:58:05,0.6884,0.6281,0.23
2bfb4580-23fc-4294-bffa-e1fc06bc8160,DJI_0357.JPG,280.67,190.67,90,2026-03-16 16:58:11,0.3266,0.5327,0.18
2bfb4580-23fc-4294-bffa-e1fc06bc8160,LL grass11 March 2023.JPG,179.53,359.53,180,2026-03-16 16:58:16,0.5025,0.196,0.3
2bfb4580-23fc-4294-bffa-e1fc06bc8160,LL grass12 March 2023.JPG,213.83,213.83,0,2026-03-16 16:58:20,0.3367,0.2563,0.29
2bfb4580-23fc-4294-bffa-e1fc06bc8160,DJI_0367.JPG,142.77,232.77,270,2026-03-16 16:58:30,0.6432,0.3116,0.24
2bfb4580-23fc-4294-bffa-e1fc06bc8160,LL grass32 March 2023.JPG,206.85,116.85,90,2026-03-16 16:58:43,0.397,0.2965,0.23
2bfb4580-23fc-4294-bffa-e1fc06bc8160,LL grass10 March 2023.JPG,130.54,220.54,270,2026-03-16 16:58:49,0.7085,0.3216,0.27
2bfb4580-23fc-4294-bffa-e1fc06bc8160,DJI_0361.JPG,58.07,58.07,0,2026-03-16 16:58:53,0.6734,0.608,0.2
2bfb4580-23fc-4294-bffa-e1fc06bc8160,DJI_0347.JPG,354.02,354.02,0,2026-03-16 16:58:57,0.4724,0.7638,0.27
2bfb4580-23fc-4294-bffa-e1fc06bc8160,LL grass21 March 2023.JPG,64.98,244.98,180,2026-03-16 16:59:02,0.7638,0.6231,0.29
2bfb4580-23fc-4294-bffa-e1fc06bc8160,LL grass28 March 2023.JPG,53.03,233.03,180,2026-03-16 16:59:08,0.7236,0.6683,0.28
2bfb4580-23fc-4294-bffa-e1fc06bc8160,LL grass7 March 2023.JPG,271.58,91.58,180,2026-03-16 16:59:26,0.2261,0.5075,0.27
2bfb4580-23fc-4294-bffa-e1fc06bc8160,LL grass24 March 2023.JPG,45.61,45.61,0,2026-03-16 16:59:31,0.7387,0.7337,0.33
2bfb4580-23fc-4294-bffa-e1fc06bc8160,LL grass19 March 2023.JPG,49.62,49.62,0,2026-03-16 16:59:40,0.7688,0.7286,0.35
2bfb4580-23fc-4294-bffa-e1fc06bc8160,DJI_0366.JPG,76.33,256.33,180,2026-03-16 16:59:45,0.7789,0.5678,0.29
2bfb4580-23fc-4294-bffa-e1fc06bc8160,DJI_0352.JPG,135,315,180,2026-03-16 16:59:52,0.6734,0.3266,0.25
2bfb4580-23fc-4294-bffa-e1fc06bc8160,LL grass5 March 2023.JPG,149.15,239.15,270,2026-03-16 16:59:59,0.7236,0.1256,0.44
2bfb4580-23fc-4294-bffa-e1fc06bc8160,DJI_0354.JPG,95.12,5.12,90,2026-03-16 17:00:07,0.8643,0.4673,0.37
2bfb4580-23fc-4294-bffa-e1fc06bc8160,DJI_0360.JPG,42.76,42.76,0,2026-03-16 17:00:14,0.809,0.8342,0.46
2bfb4580-23fc-4294-bffa-e1fc06bc8160,LL grass13 March 2023.JPG,128.29,218.29,270,2026-03-16 17:00:19,0.8342,0.2362,0.43
2bfb4580-23fc-4294-bffa-e1fc06bc8160,DJI_0353.JPG,2.58,272.58,90,2026-03-16 17:00:27,0.5126,0.7789,0.28
2bfb4580-23fc-4294-bffa-e1fc06bc8160,LL grass27 March 2023.JPG,234.98,54.98,180,2026-03-16 17:00:31,0.1809,0.2764,0.39
2bfb4580-23fc-4294-bffa-e1fc06bc8160,DJI_0373.JPG,316.75,226.75,90,2026-03-16 17:00:39,0.2613,0.7538,0.35
2bfb4580-23fc-4294-bffa-e1fc06bc8160,LL aerial1.JPG,321.39,51.39,270,2026-03-16 17:00:46,0.2412,0.8241,0.41
2bfb4580-23fc-4294-bffa-e1fc06bc8160,LL grass26 March 2023.JPG,327.2,57.2,270,2026-03-16 17:00:51,0.2814,0.8392,0.4
2bfb4580-23fc-4294-bffa-e1fc06bc8160,DJI_0368.JPG,233.94,233.94,0,2026-03-16 17:00:55,0.2412,0.3116,0.32
2bfb4580-23fc-4294-bffa-e1fc06bc8160,LL grass20 March 2023.JPG,139.34,229.34,270,2026-03-16 17:01:00,0.6834,0.2864,0.28
2bfb4580-23fc-4294-bffa-e1fc06bc8160,LL grass30 March 2023.JPG,51.17,231.17,180,2026-03-16 17:01:06,0.809,0.7487,0.4
2bfb4580-23fc-4294-bffa-e1fc06bc8160,DJI_0365.JPG,242.84,62.84,180,2026-03-16 17:01:10,0.2111,0.3518,0.32
2bfb4580-23fc-4294-bffa-e1fc06bc8160,LL grass8 March 2023.JPG,350.6,350.6,0,2026-03-16 17:01:14,0.4422,0.8492,0.35
2bfb4580-23fc-4294-bffa-e1fc06bc8160,LL grass2 March 2023.JPG,219.76,219.76,0,2026-03-16 17:01:22,0.2513,0.201,0.39
2bfb4580-23fc-4294-bffa-e1fc06bc8160,LL grass3 March 2023.JPG,148.48,58.48,90,2026-03-16 17:01:29,0.7789,0.0452,0.53
2bfb4580-23fc-4294-bffa-e1fc06bc8160,LL grass23 March 2023.JPG,351.34,81.34,270,2026-03-16 17:01:34,0.4422,0.8794,0.38
2bfb4580-23fc-4294-bffa-e1fc06bc8160,DJI_0372.JPG,132.14,42.14,90,2026-03-16 17:01:41,0.7638,0.2613,0.36
2bfb4580-23fc-4294-bffa-e1fc06bc8160,DJI_0348.JPG,277.94,187.94,90,2026-03-16 17:01:45,0.0854,0.5578,0.42
2bfb4580-23fc-4294-bffa-e1fc06bc8160,LL grass15 March 2023.JPG,230.15,50.15,180,2026-03-16 17:01:49,0.196,0.2462,0.4
2bfb4580-23fc-4294-bffa-e1fc06bc8160,LL grass22 March 2023.JPG,124.27,34.27,90,2026-03-16 17:01:55,0.7839,0.3065,0.34
2bfb4580-23fc-4294-bffa-e1fc06bc8160,DJI_0350.JPG,276.73,6.73,270,2026-03-16 17:01:58,0.0955,0.5477,0.41
2bfb4580-23fc-4294-bffa-e1fc06bc8160,DJI_0351.JPG,222.78,42.78,180,2026-03-16 17:02:02,0.2513,0.2312,0.37
2bfb4580-23fc-4294-bffa-e1fc06bc8160,DJI_0358.JPG,128.57,218.57,270,2026-03-16 17:02:06,0.6985,0.3417,0.25
2bfb4580-23fc-4294-bffa-e1fc06bc8160,DJI_0344.JPG,82.57,352.57,90,2026-03-16 17:02:10,0.7889,0.5377,0.29
2bfb4580-23fc-4294-bffa-e1fc06bc8160,DJI_0363.JPG,59.93,239.93,180,2026-03-16 17:02:15,0.8342,0.6935,0.39
2bfb4580-23fc-4294-bffa-e1fc06bc8160,LL grass31 March 2023.JPG,54.59,54.59,0,2026-03-16 17:02:21,0.7085,0.6482,0.26
2bfb4580-23fc-4294-bffa-e1fc06bc8160,LL grass17 March 2023.JPG,75.09,75.09,0,2026-03-16 17:02:27,0.8492,0.593,0.36
2bfb4580-23fc-4294-bffa-e1fc06bc8160,LL grass25 March 2023.JPG,332.01,62.01,270,2026-03-16 17:02:31,0.2663,0.9397,0.5
2bfb4580-23fc-4294-bffa-e1fc06bc8160,LL grass.JPG,244.78,334.78,270,2026-03-16 17:02:36,0.196,0.3568,0.34
2bfb4580-23fc-4294-bffa-e1fc06bc8160,LL grass29 March 2023.JPG,84.12,84.12,0,2026-03-16 17:02:40,0.9146,0.5427,0.42
2bfb4580-23fc-4294-bffa-e1fc06bc8160,LL grass16 March 2023.JPG,254,74,180,2026-03-16 17:02:48,0.1759,0.407,0.34
2bfb4580-23fc-4294-bffa-e1fc06bc8160,DJI_0355.JPG,301.71,31.71,270,2026-03-16 17:02:53,0.1055,0.7437,0.46
2bfb4580-23fc-4294-bffa-e1fc06bc8160,DJI_0345.JPG,142.81,232.81,270,2026-03-16 17:02:57,0.7688,0.1457,0.44
2bfb4580-23fc-4294-bffa-e1fc06bc8160,LL grass4 March 2023.JPG,0,180,180,2026-03-16 17:02:59,0.5,0.5,0
2bfb4580-23fc-4294-bffa-e1fc06bc8160,DJI_0371.JPG,242.8,62.8,180,2026-03-16 17:03:04,0.2312,0.3618,0.3
2bfb4580-23fc-4294-bffa-e1fc06bc8160,DJI_0356.JPG,205.35,205.35,0,2026-03-16 17:03:09,0.3417,0.1658,0.37
2bfb4580-23fc-4294-bffa-e1fc06bc8160,DJI_0349.JPG,309.11,219.11,90,2026-03-16 17:03:12,0.1508,0.7839,0.45
2bfb4580-23fc-4294-bffa-e1fc06bc8160,DJI_0359.JPG,51.78,51.78,0,2026-03-16 17:03:19,0.7839,0.7236,0.36
2bfb4580-23fc-4294-bffa-e1fc06bc8160,DJI_0256.JPG,328.03,58.03,270,2026-03-16 17:03:25,0.2915,0.8342,0.39
2bfb4580-23fc-4294-bffa-e1fc06bc8160,DJI_0362.JPG,321.21,231.21,90,2026-03-16 17:03:29,0.1709,0.9095,0.53
2bfb4580-23fc-4294-bffa-e1fc06bc8160,DJI_0364.JPG,225.57,225.57,0,2026-03-16 17:03:33,0.2462,0.2513,0.36
2bfb4580-23fc-4294-bffa-e1fc06bc8160,LL grass18 March 2023.JPG,314.19,224.19,90,2026-03-16 17:03:38,0.1407,0.8492,0.5
2bfb4580-23fc-4294-bffa-e1fc06bc8160,LL grass1 March 2023.JPG,342.02,162.02,180,2026-03-16 17:03:43,0.3769,0.8794,0.4
2bfb4580-23fc-4294-bffa-e1fc06bc8160,LL grass6 March 2023.JPG,310.57,220.57,90,2026-03-16 17:03:51,0.0804,0.8593,0.55
2bfb4580-23fc-4294-bffa-e1fc06bc8160,DJI_0370.JPG,143.2,233.2,270,2026-03-16 17:03:55,0.7387,0.1809,0.4
2bfb4580-23fc-4294-bffa-e1fc06bc8160,DJI_0369.JPG,307.55,37.55,270,2026-03-16 17:03:59,0.1307,0.7839,0.47
06cd7081-2329-4ba1-8ee2-f137bda9c719,LL grass1 March 2023.JPG,315,45,270,2026-03-16 17:26:25,0.3769,0.6231,0.17
06cd7081-2329-4ba1-8ee2-f137bda9c719,DJI_0347.JPG,5.11,5.11,0,2026-03-16 17:26:36,0.5276,0.809,0.31
06cd7081-2329-4ba1-8ee2-f137bda9c719,DJI_0366.JPG,316.39,46.39,270,2026-03-16 17:26:41,0.196,0.8191,0.44
06cd7081-2329-4ba1-8ee2-f137bda9c719,DJI_0363.JPG,257.86,77.86,180,2026-03-16 17:26:49,0.3015,0.4573,0.2
06cd7081-2329-4ba1-8ee2-f137bda9c719,LL grass18 March 2023.JPG,116.27,206.27,270,2026-03-16 17:26:52,0.6985,0.402,0.22
06cd7081-2329-4ba1-8ee2-f137bda9c719,LL grass22 March 2023.JPG,216.77,36.77,180,2026-03-16 17:26:58,0.3216,0.2613,0.3
06cd7081-2329-4ba1-8ee2-f137bda9c719,LL grass8 March 2023.JPG,31.76,31.76,0,2026-03-16 17:27:05,0.7286,0.8693,0.43
06cd7081-2329-4ba1-8ee2-f137bda9c719,DJI_0367.JPG,312.68,42.68,270,2026-03-16 17:27:08,0.3065,0.6784,0.26
06cd7081-2329-4ba1-8ee2-f137bda9c719,DJI_0356.JPG,212.52,32.52,180,2026-03-16 17:27:15,0.2613,0.1256,0.44
06cd7081-2329-4ba1-8ee2-f137bda9c719,LL grass5 March 2023.JPG,307.33,307.33,0,2026-03-16 17:27:23,0.3518,0.6131,0.19
06cd7081-2329-4ba1-8ee2-f137bda9c719,LL grass30 March 2023.JPG,15.16,15.16,0,2026-03-16 17:27:28,0.5729,0.7688,0.28
06cd7081-2329-4ba1-8ee2-f137bda9c719,LL grass29 March 2023.JPG,155.17,245.17,270,2026-03-16 17:27:34,0.5779,0.3317,0.19
06cd7081-2329-4ba1-8ee2-f137bda9c719,LL grass10 March 2023.JPG,123.23,33.23,90,2026-03-16 17:27:40,0.7186,0.3568,0.26
06cd7081-2329-4ba1-8ee2-f137bda9c719,LL grass9 March 2023.JPG,152.5,242.5,270,2026-03-16 17:27:45,0.6583,0.196,0.34
06cd7081-2329-4ba1-8ee2-f137bda9c719,DJI_0351.JPG,126.57,36.57,90,2026-03-16 17:27:49,0.5779,0.4422,0.1
06cd7081-2329-4ba1-8ee2-f137bda9c719,LL grass27 March 2023.JPG,134.56,44.56,90,2026-03-16 17:28:10,0.8291,0.1759,0.46
06cd7081-2329-4ba1-8ee2-f137bda9c719,DJI_0344.JPG,9.57,9.57,0,2026-03-16 17:28:21,0.5377,0.7236,0.23
06cd7081-2329-4ba1-8ee2-f137bda9c719,DJI_0353.JPG,79.59,259.59,180,2026-03-16 17:28:25,0.6231,0.5226,0.13
06cd7081-2329-4ba1-8ee2-f137bda9c719,DJI_0348.JPG,26.22,206.22,180,2026-03-16 17:28:33,0.5829,0.6683,0.19
06cd7081-2329-4ba1-8ee2-f137bda9c719,DJI_0369.JPG,87.71,267.71,180,2026-03-16 17:28:41,0.6884,0.5075,0.19
06cd7081-2329-4ba1-8ee2-f137bda9c719,DJI_0357.JPG,136.26,226.26,270,2026-03-16 17:28:46,0.7236,0.2663,0.32
06cd7081-2329-4ba1-8ee2-f137bda9c719,LL grass32 March 2023.JPG,112.38,292.38,180,2026-03-16 17:28:54,0.799,0.3769,0.32
06cd7081-2329-4ba1-8ee2-f137bda9c719,DJI_0359.JPG,212.47,32.47,180,2026-03-16 17:28:58,0.4121,0.3618,0.16
06cd7081-2329-4ba1-8ee2-f137bda9c719,DJI_0352.JPG,249.93,69.93,180,2026-03-16 17:29:03,0.0804,0.3467,0.45
06cd7081-2329-4ba1-8ee2-f137bda9c719,LL grass21 March 2023.JPG,295.99,25.99,270,2026-03-16 17:29:11,0.196,0.6482,0.34
06cd7081-2329-4ba1-8ee2-f137bda9c719,LL grass17 March 2023.JPG,15.69,285.69,90,2026-03-16 17:29:16,0.5628,0.7236,0.23
06cd7081-2329-4ba1-8ee2-f137bda9c719,DJI_0346.JPG,60.33,60.33,0,2026-03-16 17:29:20,0.6985,0.6131,0.23
06cd7081-2329-4ba1-8ee2-f137bda9c719,LL grass13 March 2023.JPG,32.18,212.18,180,2026-03-16 17:29:26,0.7387,0.8794,0.45
06cd7081-2329-4ba1-8ee2-f137bda9c719,DJI_0350.JPG,264.23,174.23,90,2026-03-16 17:29:30,0.2764,0.4774,0.22
06cd7081-2329-4ba1-8ee2-f137bda9c719,DJI_0349.JPG,187.78,187.78,0,2026-03-16 17:29:35,0.4523,0.1508,0.35
06cd7081-2329-4ba1-8ee2-f137bda9c719,DJI_0364.JPG,268.26,268.26,0,2026-03-16 17:29:42,0.0854,0.4874,0.41
06cd7081-2329-4ba1-8ee2-f137bda9c719,LL grass.JPG,37.44,307.44,90,2026-03-16 17:29:47,0.7136,0.7789,0.35
06cd7081-2329-4ba1-8ee2-f137bda9c719,LL grass4 March 2023.JPG,34.13,124.13,270,2026-03-16 17:29:55,0.7538,0.8744,0.45
06cd7081-2329-4ba1-8ee2-f137bda9c719,DJI_0374.JPG,233,323,270,2026-03-16 17:30:00,0.3166,0.3618,0.23
06cd7081-2329-4ba1-8ee2-f137bda9c719,DJI_0368.JPG,221.13,221.13,0,2026-03-16 17:30:06,0.3266,0.3015,0.26
06cd7081-2329-4ba1-8ee2-f137bda9c719,DJI_0372.JPG,160.89,70.89,90,2026-03-16 17:30:10,0.5879,0.2462,0.27
06cd7081-2329-4ba1-8ee2-f137bda9c719,LL grass3 March 2023.JPG,19.2,19.2,0,2026-03-16 17:30:17,0.5779,0.7236,0.24
06cd7081-2329-4ba1-8ee2-f137bda9c719,LL grass2 March 2023.JPG,191.14,191.14,0,2026-03-16 17:30:25,0.4372,0.1809,0.33
06cd7081-2329-4ba1-8ee2-f137bda9c719,LL grass31 March 2023.JPG,211.2,211.2,0,2026-03-16 17:30:31,0.392,0.3216,0.21
06cd7081-2329-4ba1-8ee2-f137bda9c719,DJI_0345.JPG,217,217,0,2026-03-16 17:30:36,0.3618,0.3166,0.23
06cd7081-2329-4ba1-8ee2-f137bda9c719,LL grass23 March 2023.JPG,160.07,70.07,90,2026-03-16 17:30:40,0.5829,0.2714,0.24
06cd7081-2329-4ba1-8ee2-f137bda9c719,DJI_0362.JPG,0,270,90,2026-03-16 17:30:41,0.5,0.5,0
06cd7081-2329-4ba1-8ee2-f137bda9c719,LL grass11 March 2023.JPG,167.59,347.59,180,2026-03-16 17:30:46,0.5879,0.1005,0.41
06cd7081-2329-4ba1-8ee2-f137bda9c719,LL grass25 March 2023.JPG,237.23,57.23,180,2026-03-16 17:30:50,0.3166,0.3819,0.22
06cd7081-2329-4ba1-8ee2-f137bda9c719,LL grass15 March 2023.JPG,124.6,34.6,90,2026-03-16 17:30:55,0.8241,0.2764,0.39
06cd7081-2329-4ba1-8ee2-f137bda9c719,DJI_0371.JPG,225,225,0,2026-03-16 17:31:02,0.2563,0.2563,0.34
06cd7081-2329-4ba1-8ee2-f137bda9c719,LL grass24 March 2023.JPG,145.68,55.68,90,2026-03-16 17:31:06,0.608,0.3417,0.19
06cd7081-2329-4ba1-8ee2-f137bda9c719,DJI_0373.JPG,144.33,54.33,90,2026-03-16 17:31:10,0.6533,0.2864,0.26
06cd7081-2329-4ba1-8ee2-f137bda9c719,LL aerial1.JPG,312.78,42.78,270,2026-03-16 17:31:18,0.2312,0.7487,0.37
06cd7081-2329-4ba1-8ee2-f137bda9c719,LL grass12 March 2023.JPG,188.86,8.86,180,2026-03-16 17:31:23,0.4573,0.2261,0.28
06cd7081-2329-4ba1-8ee2-f137bda9c719,DJI_0355.JPG,121.95,211.95,270,2026-03-16 17:31:27,0.7538,0.3417,0.3
06cd7081-2329-4ba1-8ee2-f137bda9c719,DJI_0365.JPG,345.03,75.03,270,2026-03-16 17:31:31,0.4322,0.7538,0.26
06cd7081-2329-4ba1-8ee2-f137bda9c719,LL grass7 March 2023.JPG,349.33,169.33,180,2026-03-16 17:31:36,0.4673,0.6734,0.18
06cd7081-2329-4ba1-8ee2-f137bda9c719,DJI_0370.JPG,245.56,245.56,0,2026-03-16 17:31:42,0.2513,0.3869,0.27
06cd7081-2329-4ba1-8ee2-f137bda9c719,DJI_0354.JPG,134.25,224.25,270,2026-03-16 17:31:46,0.6935,0.3116,0.27
06cd7081-2329-4ba1-8ee2-f137bda9c719,LL grass26 March 2023.JPG,52.21,232.21,180,2026-03-16 17:31:52,0.9698,0.8643,0.59
06cd7081-2329-4ba1-8ee2-f137bda9c719,DJI_0361.JPG,148.18,58.18,90,2026-03-16 17:31:56,0.7136,0.1558,0.41
06cd7081-2329-4ba1-8ee2-f137bda9c719,DJI_0360.JPG,121.07,211.07,270,2026-03-16 17:31:59,0.9045,0.2563,0.47
06cd7081-2329-4ba1-8ee2-f137bda9c719,LL grass19 March 2023.JPG,316.57,46.57,270,2026-03-16 17:32:04,0.3216,0.6884,0.26
06cd7081-2329-4ba1-8ee2-f137bda9c719,DJI_0358.JPG,221.31,221.31,0,2026-03-16 17:32:11,0.2814,0.2513,0.33
06cd7081-2329-4ba1-8ee2-f137bda9c719,DJI_0256.JPG,244.32,64.32,180,2026-03-16 17:32:19,0.1709,0.3417,0.37
06cd7081-2329-4ba1-8ee2-f137bda9c719,LL grass16 March 2023.JPG,196.76,196.76,0,2026-03-16 17:32:23,0.4372,0.2915,0.22
06cd7081-2329-4ba1-8ee2-f137bda9c719,LL grass28 March 2023.JPG,263.78,83.78,180,2026-03-16 17:32:27,0.2462,0.4724,0.26
06cd7081-2329-4ba1-8ee2-f137bda9c719,LL grass6 March 2023.JPG,359.7,179.7,180,2026-03-16 17:32:31,0.4975,0.9749,0.47
06cd7081-2329-4ba1-8ee2-f137bda9c719,LL grass20 March 2023.JPG,147.13,237.13,270,2026-03-16 17:32:37,0.7387,0.1307,0.44
06cd7081-2329-4ba1-8ee2-f137bda9c719,LL grass20 March 2023.JPG,147.13,237.13,270,2026-03-16 17:32:42,0.7387,0.1307,0.44
06cd7081-2329-4ba1-8ee2-f137bda9c719,LL grass20 March 2023.JPG,147.13,237.13,270,2026-03-16 17:32:49,0.7387,0.1307,0.44
06cd7081-2329-4ba1-8ee2-f137bda9c719,LL grass20 March 2023.JPG,147.13,237.13,270,2026-03-16 17:32:50,0.7387,0.1307,0.44
06cd7081-2329-4ba1-8ee2-f137bda9c719,LL grass20 March 2023.JPG,147.13,237.13,270,2026-03-16 17:32:51,0.7387,0.1307,0.44
20296581-9be4-4147-a575-3962f6afc798,LL grass12 March 2023.JPG,43.35,43.35,0,2026-03-16 18:31:50,0.7538,0.7688,0.37
20296581-9be4-4147-a575-3962f6afc798,DJI_0256.JPG,227.46,47.46,180,2026-03-16 18:31:58,0.2563,0.2764,0.33
20296581-9be4-4147-a575-3962f6afc798,LL grass11 March 2023.JPG,88.81,358.81,90,2026-03-16 18:32:09,0.8643,0.5075,0.36
20296581-9be4-4147-a575-3962f6afc798,LL grass7 March 2023.JPG,20.64,110.64,270,2026-03-16 18:32:27,0.5729,0.6935,0.21
20296581-9be4-4147-a575-3962f6afc798,LL grass27 March 2023.JPG,235.14,55.14,180,2026-03-16 18:32:31,0.1357,0.2462,0.44
20296581-9be4-4147-a575-3962f6afc798,DJI_0361.JPG,315,225,90,2026-03-16 18:32:37,0.2261,0.7739,0.39
20296581-9be4-4147-a575-3962f6afc798,DJI_0359.JPG,52.13,232.13,180,2026-03-16 18:32:43,0.7487,0.6935,0.32
20296581-9be4-4147-a575-3962f6afc798,DJI_0368.JPG,311.67,41.67,270,2026-03-16 18:32:48,0.2261,0.7437,0.37
20296581-9be4-4147-a575-3962f6afc798,DJI_0344.JPG,14.26,194.26,180,2026-03-16 18:32:57,0.5377,0.6482,0.15
20296581-9be4-4147-a575-3962f6afc798,LL grass31 March 2023.JPG,216.79,216.79,0,2026-03-16 18:33:09,0.2915,0.2211,0.35
20296581-9be4-4147-a575-3962f6afc798,LL grass29 March 2023.JPG,91.14,91.14,0,2026-03-16 18:33:22,0.8794,0.4925,0.38
20296581-9be4-4147-a575-3962f6afc798,LL grass30 March 2023.JPG,331.43,241.43,90,2026-03-16 18:33:32,0.3618,0.7538,0.29
20296581-9be4-4147-a575-3962f6afc798,DJI_0349.JPG,40.91,40.91,0,2026-03-16 18:33:42,0.6633,0.6884,0.25
20296581-9be4-4147-a575-3962f6afc798,DJI_0370.JPG,78.69,258.69,180,2026-03-16 18:33:58,0.9146,0.5829,0.42
20296581-9be4-4147-a575-3962f6afc798,DJI_0366.JPG,95.19,95.19,0,2026-03-16 18:34:14,0.9146,0.4623,0.42
20296581-9be4-4147-a575-3962f6afc798,DJI_0373.JPG,54.05,54.05,0,2026-03-16 18:34:39,0.8291,0.7387,0.41
20296581-9be4-4147-a575-3962f6afc798,DJI_0367.JPG,263.03,83.03,180,2026-03-16 18:34:46,0.1508,0.4573,0.35
20296581-9be4-4147-a575-3962f6afc798,DJI_0353.JPG,50.96,50.96,0,2026-03-16 18:34:55,0.8191,0.7588,0.41
20296581-9be4-4147-a575-3962f6afc798,DJI_0357.JPG,307.13,37.13,270,2026-03-16 18:35:00,0.2312,0.7035,0.34
20296581-9be4-4147-a575-3962f6afc798,LL grass25 March 2023.JPG,311.75,41.75,270,2026-03-16 18:35:09,0.2663,0.7085,0.31
20296581-9be4-4147-a575-3962f6afc798,DJI_0354.JPG,37.79,217.79,180,2026-03-16 18:35:14,0.6734,0.7236,0.28
20296581-9be4-4147-a575-3962f6afc798,DJI_0345.JPG,311.02,41.02,270,2026-03-16 18:35:18,0.191,0.7688,0.41
20296581-9be4-4147-a575-3962f6afc798,LL grass.JPG,123.57,303.57,180,2026-03-16 18:35:23,0.7688,0.3216,0.32
20296581-9be4-4147-a575-3962f6afc798,DJI_0358.JPG,208.4,208.4,0,2026-03-16 18:35:58,0.3166,0.1608,0.39
20296581-9be4-4147-a575-3962f6afc798,DJI_0360.JPG,312.85,42.85,270,2026-03-16 18:36:05,0.2915,0.6935,0.28
20296581-9be4-4147-a575-3962f6afc798,DJI_0351.JPG,296.37,206.37,90,2026-03-16 18:36:13,0.201,0.6482,0.33
20296581-9be4-4147-a575-3962f6afc798,LL grass20 March 2023.JPG,292.86,22.86,270,2026-03-16 18:36:18,0.2915,0.5879,0.23
20296581-9be4-4147-a575-3962f6afc798,DJI_0352.JPG,329.04,149.04,180,2026-03-16 18:36:32,0.4472,0.5879,0.1
20296581-9be4-4147-a575-3962f6afc798,LL grass10 March 2023.JPG,321.65,231.65,90,2026-03-16 18:36:41,0.3668,0.6683,0.21
20296581-9be4-4147-a575-3962f6afc798,LL grass6 March 2023.JPG,218.76,38.76,180,2026-03-16 18:36:46,0.3568,0.3216,0.23
20296581-9be4-4147-a575-3962f6afc798,LL grass28 March 2023.JPG,134.25,44.25,90,2026-03-16 18:36:52,0.6935,0.3116,0.27
20296581-9be4-4147-a575-3962f6afc798,LL grass16 March 2023.JPG,199.13,289.13,270,2026-03-16 18:37:03,0.4573,0.3769,0.13
20296581-9be4-4147-a575-3962f6afc798,DJI_0374.JPG,65.56,245.56,180,2026-03-16 18:37:12,0.6935,0.5879,0.21
20296581-9be4-4147-a575-3962f6afc798,DJI_0346.JPG,324.93,234.93,90,2026-03-16 18:37:27,0.4171,0.6181,0.14
20296581-9be4-4147-a575-3962f6afc798,LL grass18 March 2023.JPG,188.39,188.39,0,2026-03-16 18:37:33,0.4774,0.3467,0.15
20296581-9be4-4147-a575-3962f6afc798,DJI_0365.JPG,7.52,97.52,270,2026-03-16 18:37:39,0.5176,0.6332,0.13
20296581-9be4-4147-a575-3962f6afc798,LL grass24 March 2023.JPG,121.81,211.81,270,2026-03-16 18:37:45,0.6985,0.3769,0.23
20296581-9be4-4147-a575-3962f6afc798,DJI_0348.JPG,25.25,205.25,180,2026-03-16 18:37:55,0.5628,0.6332,0.15
20296581-9be4-4147-a575-3962f6afc798,LL grass4 March 2023.JPG,295.02,25.02,270,2026-03-16 18:38:01,0.3869,0.5528,0.12
20296581-9be4-4147-a575-3962f6afc798,LL grass23 March 2023.JPG,137.44,47.44,90,2026-03-16 18:38:08,0.6131,0.3769,0.17
20296581-9be4-4147-a575-3962f6afc798,LL grass5 March 2023.JPG,315,315,0,2026-03-16 18:38:18,0.402,0.598,0.14
20296581-9be4-4147-a575-3962f6afc798,DJI_0347.JPG,84.81,354.81,90,2026-03-16 18:38:31,0.7487,0.5226,0.25
20296581-9be4-4147-a575-3962f6afc798,DJI_0364.JPG,302.8,212.8,90,2026-03-16 18:38:41,0.3869,0.5729,0.13
20296581-9be4-4147-a575-3962f6afc798,LL grass13 March 2023.JPG,118.03,208.03,270,2026-03-16 18:38:47,0.6935,0.397,0.22
20296581-9be4-4147-a575-3962f6afc798,LL grass17 March 2023.JPG,91.12,91.12,0,2026-03-16 18:38:59,0.6281,0.4975,0.13
20296581-9be4-4147-a575-3962f6afc798,DJI_0371.JPG,229.93,49.93,180,2026-03-16 18:39:10,0.3417,0.3668,0.21
20296581-9be4-4147-a575-3962f6afc798,LL grass9 March 2023.JPG,72.01,72.01,0,2026-03-16 18:39:16,0.6935,0.5628,0.2
20296581-9be4-4147-a575-3962f6afc798,LL grass1 March 2023.JPG,129.29,39.29,90,2026-03-16 18:39:21,0.6382,0.3869,0.18
20296581-9be4-4147-a575-3962f6afc798,LL grass32 March 2023.JPG,85.1,265.1,180,2026-03-16 18:39:33,0.5879,0.5075,0.09
20296581-9be4-4147-a575-3962f6afc798,DJI_0355.JPG,206.18,206.18,0,2026-03-16 18:39:39,0.4271,0.3518,0.17
20296581-9be4-4147-a575-3962f6afc798,LL aerial1.JPG,146.14,56.14,90,2026-03-16 18:39:44,0.6332,0.3015,0.24
20296581-9be4-4147-a575-3962f6afc798,DJI_0350.JPG,131.82,41.82,90,2026-03-16 18:39:50,0.6432,0.3719,0.19
20296581-9be4-4147-a575-3962f6afc798,LL grass26 March 2023.JPG,49.09,229.09,180,2026-03-16 18:39:58,0.6131,0.598,0.15
20296581-9be4-4147-a575-3962f6afc798,DJI_0372.JPG,327.88,237.88,90,2026-03-16 18:40:16,0.4322,0.608,0.13
20296581-9be4-4147-a575-3962f6afc798,DJI_0369.JPG,145.54,145.54,0,2026-03-16 18:40:29,0.5879,0.3719,0.16
20296581-9be4-4147-a575-3962f6afc798,LL grass22 March 2023.JPG,317.68,47.68,270,2026-03-16 18:41:21,0.3467,0.6683,0.23
20296581-9be4-4147-a575-3962f6afc798,DJI_0362.JPG,40.67,40.67,0,2026-03-16 18:41:31,0.6533,0.6784,0.24
20296581-9be4-4147-a575-3962f6afc798,LL grass21 March 2023.JPG,135,225,270,2026-03-16 18:41:37,0.6482,0.3518,0.21
20296581-9be4-4147-a575-3962f6afc798,LL grass19 March 2023.JPG,50.81,230.81,180,2026-03-16 18:41:45,0.6633,0.6332,0.21
20296581-9be4-4147-a575-3962f6afc798,LL grass3 March 2023.JPG,281.06,11.06,270,2026-03-16 18:41:58,0.2814,0.5427,0.22
20296581-9be4-4147-a575-3962f6afc798,DJI_0356.JPG,128.77,38.77,90,2026-03-16 18:42:08,0.6533,0.3769,0.2
20296581-9be4-4147-a575-3962f6afc798,LL grass15 March 2023.JPG,134.25,44.25,90,2026-03-16 18:42:15,0.6935,0.3116,0.27
20296581-9be4-4147-a575-3962f6afc798,DJI_0363.JPG,124.92,34.92,90,2026-03-16 18:42:20,0.6332,0.407,0.16
20296581-9be4-4147-a575-3962f6afc798,LL grass2 March 2023.JPG,123.37,33.37,90,2026-03-16 18:42:28,0.603,0.4322,0.12
20296581-9be4-4147-a575-3962f6afc798,LL grass8 March 2023.JPG,180.81,0.81,180,2026-03-16 18:42:43,0.4975,0.3216,0.18
86fd67a4-0832-40ac-878c-f9a7be37ad59,DJI_0368.JPG,32.09,212.09,180,2026-03-16 20:31:13,0.593,0.6482,0.17
86fd67a4-0832-40ac-878c-f9a7be37ad59,DJI_0367.JPG,45,225,180,2026-03-16 20:31:20,0.7437,0.7437,0.34
86fd67a4-0832-40ac-878c-f9a7be37ad59,LL grass10 March 2023.JPG,67.44,247.44,180,2026-03-16 20:31:28,0.6633,0.5678,0.18
86fd67a4-0832-40ac-878c-f9a7be37ad59,DJI_0357.JPG,20.42,200.42,180,2026-03-16 20:31:36,0.6281,0.8442,0.37
86fd67a4-0832-40ac-878c-f9a7be37ad59,DJI_0352.JPG,103.11,283.11,180,2026-03-16 20:31:41,0.6834,0.4573,0.19
86fd67a4-0832-40ac-878c-f9a7be37ad59,LL grass22 March 2023.JPG,326.48,236.48,90,2026-03-16 20:31:47,0.3719,0.6935,0.23
86fd67a4-0832-40ac-878c-f9a7be37ad59,LL grass17 March 2023.JPG,147.53,237.53,270,2026-03-16 20:32:07,0.5528,0.4171,0.1
86fd67a4-0832-40ac-878c-f9a7be37ad59,DJI_0363.JPG,68.3,248.3,180,2026-03-16 20:32:10,0.7337,0.593,0.25
86fd67a4-0832-40ac-878c-f9a7be37ad59,LL grass18 March 2023.JPG,23.54,23.54,0,2026-03-16 20:32:18,0.6784,0.9095,0.45
86fd67a4-0832-40ac-878c-f9a7be37ad59,LL grass31 March 2023.JPG,18.43,198.43,180,2026-03-16 20:32:23,0.5628,0.6884,0.2
86fd67a4-0832-40ac-878c-f9a7be37ad59,DJI_0372.JPG,329.55,239.55,90,2026-03-16 20:32:33,0.3065,0.8291,0.38
86fd67a4-0832-40ac-878c-f9a7be37ad59,LL grass23 March 2023.JPG,248.86,68.86,180,2026-03-16 20:32:52,0.3116,0.4271,0.2
86fd67a4-0832-40ac-878c-f9a7be37ad59,LL grass32 March 2023.JPG,344.5,74.5,270,2026-03-16 20:32:59,0.4171,0.799,0.31
86fd67a4-0832-40ac-878c-f9a7be37ad59,DJI_0348.JPG,343.37,73.37,270,2026-03-16 20:33:05,0.4422,0.6935,0.2
86fd67a4-0832-40ac-878c-f9a7be37ad59,LL grass16 March 2023.JPG,71.57,251.57,180,2026-03-16 20:33:10,0.6734,0.5578,0.18
86fd67a4-0832-40ac-878c-f9a7be37ad59,LL grass2 March 2023.JPG,248.63,158.63,90,2026-03-16 20:33:18,0.2111,0.3869,0.31
86fd67a4-0832-40ac-878c-f9a7be37ad59,DJI_0370.JPG,233.53,143.53,90,2026-03-16 20:33:22,0.4422,0.4573,0.07
86fd67a4-0832-40ac-878c-f9a7be37ad59,DJI_0358.JPG,37.49,127.49,270,2026-03-16 20:33:25,0.6985,0.7588,0.33
86fd67a4-0832-40ac-878c-f9a7be37ad59,LL grass29 March 2023.JPG,254.36,254.36,0,2026-03-16 20:33:28,0.3116,0.4472,0.2
86fd67a4-0832-40ac-878c-f9a7be37ad59,DJI_0349.JPG,135,45,90,2026-03-16 20:33:33,0.7337,0.2663,0.33
86fd67a4-0832-40ac-878c-f9a7be37ad59,LL grass6 March 2023.JPG,210.96,120.96,90,2026-03-16 20:33:38,0.402,0.3367,0.19
86fd67a4-0832-40ac-878c-f9a7be37ad59,LL grass4 March 2023.JPG,232.89,52.89,180,2026-03-16 20:33:45,0.2111,0.2814,0.36
86fd67a4-0832-40ac-878c-f9a7be37ad59,LL grass30 March 2023.JPG,172.78,82.78,90,2026-03-16 20:33:50,0.5226,0.3216,0.18
86fd67a4-0832-40ac-878c-f9a7be37ad59,LL grass13 March 2023.JPG,100.34,190.34,270,2026-03-16 20:33:55,0.8442,0.4372,0.35
86fd67a4-0832-40ac-878c-f9a7be37ad59,DJI_0359.JPG,231.05,231.05,0,2026-03-16 20:34:00,0.3166,0.3518,0.24
86fd67a4-0832-40ac-878c-f9a7be37ad59,DJI_0345.JPG,150,60,90,2026-03-16 20:34:05,0.6784,0.191,0.36
86fd67a4-0832-40ac-878c-f9a7be37ad59,LL grass19 March 2023.JPG,121.41,211.41,270,2026-03-16 20:34:13,0.7839,0.3266,0.33
86fd67a4-0832-40ac-878c-f9a7be37ad59,LL grass27 March 2023.JPG,240.84,60.84,180,2026-03-16 20:34:25,0.2613,0.3668,0.27
86fd67a4-0832-40ac-878c-f9a7be37ad59,DJI_0371.JPG,232.29,52.29,180,2026-03-16 20:34:28,0.1457,0.2261,0.45
86fd67a4-0832-40ac-878c-f9a7be37ad59,LL grass25 March 2023.JPG,225,225,0,2026-03-16 20:34:31,0.3819,0.3819,0.17
86fd67a4-0832-40ac-878c-f9a7be37ad59,DJI_0373.JPG,229.76,229.76,0,2026-03-16 20:34:37,0.402,0.4171,0.13
86fd67a4-0832-40ac-878c-f9a7be37ad59,DJI_0366.JPG,328.06,238.06,90,2026-03-16 20:34:46,0.3668,0.7136,0.25
86fd67a4-0832-40ac-878c-f9a7be37ad59,LL grass.JPG,156.41,336.41,180,2026-03-16 20:34:52,0.5779,0.3216,0.19
86fd67a4-0832-40ac-878c-f9a7be37ad59,DJI_0360.JPG,310.49,40.49,270,2026-03-16 20:34:57,0.397,0.5879,0.14
86fd67a4-0832-40ac-878c-f9a7be37ad59,DJI_0356.JPG,196.76,16.76,180,2026-03-16 20:35:01,0.4372,0.2915,0.22
86fd67a4-0832-40ac-878c-f9a7be37ad59,LL grass12 March 2023.JPG,113.75,23.75,90,2026-03-16 20:35:05,0.6884,0.4171,0.21
86fd67a4-0832-40ac-878c-f9a7be37ad59,LL grass21 March 2023.JPG,243.17,243.17,0,2026-03-16 20:35:09,0.2864,0.392,0.24
86fd67a4-0832-40ac-878c-f9a7be37ad59,DJI_0344.JPG,152.43,242.43,270,2026-03-16 20:35:15,0.6482,0.2161,0.32
86fd67a4-0832-40ac-878c-f9a7be37ad59,DJI_0361.JPG,320.25,230.25,90,2026-03-16 20:35:21,0.3015,0.7387,0.31
86fd67a4-0832-40ac-878c-f9a7be37ad59,LL grass26 March 2023.JPG,10.45,10.45,0,2026-03-16 20:35:25,0.5477,0.7588,0.26
86fd67a4-0832-40ac-878c-f9a7be37ad59,LL grass15 March 2023.JPG,307.81,37.81,270,2026-03-16 20:35:29,0.1859,0.7437,0.4
86fd67a4-0832-40ac-878c-f9a7be37ad59,DJI_0364.JPG,329.88,239.88,90,2026-03-16 20:35:40,0.3819,0.7035,0.24
86fd67a4-0832-40ac-878c-f9a7be37ad59,LL grass11 March 2023.JPG,77.4,347.4,90,2026-03-16 20:35:45,0.7136,0.5477,0.22
86fd67a4-0832-40ac-878c-f9a7be37ad59,LL grass3 March 2023.JPG,318.13,138.13,180,2026-03-16 20:35:50,0.196,0.8392,0.46
86fd67a4-0832-40ac-878c-f9a7be37ad59,DJI_0374.JPG,54.26,234.26,180,2026-03-16 20:35:54,0.7688,0.6935,0.33
86fd67a4-0832-40ac-878c-f9a7be37ad59,DJI_0365.JPG,325.23,55.23,270,2026-03-16 20:36:02,0.3518,0.7136,0.26
86fd67a4-0832-40ac-878c-f9a7be37ad59,DJI_0347.JPG,326.99,326.99,0,2026-03-16 20:36:15,0.2764,0.8442,0.41
86fd67a4-0832-40ac-878c-f9a7be37ad59,LL grass7 March 2023.JPG,242.57,62.57,180,2026-03-16 20:36:20,0.3015,0.397,0.22
86fd67a4-0832-40ac-878c-f9a7be37ad59,DJI_0362.JPG,318.63,228.63,90,2026-03-16 20:36:25,0.3518,0.6683,0.22
86fd67a4-0832-40ac-878c-f9a7be37ad59,LL grass8 March 2023.JPG,117.32,27.32,90,2026-03-16 20:36:35,0.7286,0.3819,0.26
86fd67a4-0832-40ac-878c-f9a7be37ad59,LL grass24 March 2023.JPG,36.4,36.4,0,2026-03-16 20:36:42,0.6834,0.7487,0.31
86fd67a4-0832-40ac-878c-f9a7be37ad59,DJI_0369.JPG,118.38,28.38,90,2026-03-16 20:36:47,0.7186,0.3819,0.25
86fd67a4-0832-40ac-878c-f9a7be37ad59,DJI_0355.JPG,136.39,46.39,90,2026-03-16 20:36:54,0.804,0.1809,0.44
86fd67a4-0832-40ac-878c-f9a7be37ad59,DJI_0354.JPG,64.41,334.41,90,2026-03-16 20:36:58,0.799,0.6432,0.33
86fd67a4-0832-40ac-878c-f9a7be37ad59,LL grass1 March 2023.JPG,143.82,53.82,90,2026-03-16 20:37:12,0.6231,0.3317,0.21
86fd67a4-0832-40ac-878c-f9a7be37ad59,DJI_0353.JPG,30.15,300.15,90,2026-03-16 20:37:21,0.6533,0.7638,0.31
86fd67a4-0832-40ac-878c-f9a7be37ad59,LL grass28 March 2023.JPG,155.73,245.73,270,2026-03-16 20:38:12,0.5578,0.3719,0.14
86fd67a4-0832-40ac-878c-f9a7be37ad59,LL grass5 March 2023.JPG,160.39,70.39,90,2026-03-16 20:38:17,0.5779,0.2814,0.23
86fd67a4-0832-40ac-878c-f9a7be37ad59,LL grass9 March 2023.JPG,135.56,45.56,90,2026-03-16 20:38:26,0.7538,0.2412,0.36
86fd67a4-0832-40ac-878c-f9a7be37ad59,LL grass20 March 2023.JPG,241.04,241.04,0,2026-03-16 20:38:30,0.2412,0.3568,0.3
86fd67a4-0832-40ac-878c-f9a7be37ad59,DJI_0350.JPG,220.35,310.35,270,2026-03-16 20:38:38,0.3015,0.2663,0.31
86fd67a4-0832-40ac-878c-f9a7be37ad59,LL aerial1.JPG,324.46,54.46,270,2026-03-16 20:38:42,0.3367,0.7286,0.28
86fd67a4-0832-40ac-878c-f9a7be37ad59,DJI_0346.JPG,322.35,232.35,90,2026-03-16 20:38:49,0.2965,0.7638,0.33
86fd67a4-0832-40ac-878c-f9a7be37ad59,DJI_0256.JPG,329.62,59.62,270,2026-03-16 20:38:56,0.3719,0.7186,0.25
86fd67a4-0832-40ac-878c-f9a7be37ad59,DJI_0351.JPG,310.53,40.53,270,2026-03-16 20:39:01,0.3266,0.6482,0.23
34fb9010-bce9-4504-810a-1ba46bb723c2,LL grass19 March 2023.JPG,101.31,11.31,90,2026-03-17 10:32:12,0.5628,0.4874,0.06
34fb9010-bce9-4504-810a-1ba46bb723c2,LL grass9 March 2023.JPG,271.97,271.97,0,2026-03-17 10:32:23,0.4271,0.5025,0.07
34fb9010-bce9-4504-810a-1ba46bb723c2,DJI_0346.JPG,50.57,320.57,90,2026-03-17 10:33:16,0.8392,0.7789,0.44
34fb9010-bce9-4504-810a-1ba46bb723c2,LL grass20 March 2023.JPG,299.78,29.78,270,2026-03-17 10:33:22,0.1005,0.7286,0.46
34fb9010-bce9-4504-810a-1ba46bb723c2,DJI_0366.JPG,317.68,317.68,0,2026-03-17 10:33:28,0.3467,0.6683,0.23
34fb9010-bce9-4504-810a-1ba46bb723c2,LL grass12 March 2023.JPG,29.99,29.99,0,2026-03-17 10:33:35,0.7538,0.9397,0.51
34fb9010-bce9-4504-810a-1ba46bb723c2,LL grass23 March 2023.JPG,200.51,200.51,0,2026-03-17 10:33:50,0.3769,0.1709,0.35
34fb9010-bce9-4504-810a-1ba46bb723c2,LL grass28 March 2023.JPG,321.43,321.43,0,2026-03-17 10:33:55,0.3417,0.6985,0.25
34fb9010-bce9-4504-810a-1ba46bb723c2,LL grass8 March 2023.JPG,80.12,80.12,0,2026-03-17 10:34:01,0.8894,0.5678,0.4
34fb9010-bce9-4504-810a-1ba46bb723c2,LL grass5 March 2023.JPG,137.63,47.63,90,2026-03-17 10:34:09,0.7085,0.2714,0.31
34fb9010-bce9-4504-810a-1ba46bb723c2,LL grass24 March 2023.JPG,97.08,7.08,90,2026-03-17 10:34:14,0.8844,0.4523,0.39
34fb9010-bce9-4504-810a-1ba46bb723c2,DJI_0352.JPG,26.4,206.4,180,2026-03-17 10:34:20,0.6734,0.8492,0.39
34fb9010-bce9-4504-810a-1ba46bb723c2,DJI_0356.JPG,124.73,124.73,0,2026-03-17 10:34:27,0.9749,0.1709,0.58
34fb9010-bce9-4504-810a-1ba46bb723c2,LL grass4 March 2023.JPG,48.26,138.26,270,2026-03-17 10:34:37,0.9196,0.8744,0.56
34fb9010-bce9-4504-810a-1ba46bb723c2,DJI_0372.JPG,35.02,305.02,90,2026-03-17 10:34:44,0.7588,0.8693,0.45
34fb9010-bce9-4504-810a-1ba46bb723c2,DJI_0358.JPG,61.04,151.04,270,2026-03-17 10:34:49,0.7588,0.6432,0.3
34fb9010-bce9-4504-810a-1ba46bb723c2,DJI_0351.JPG,353.4,173.4,180,2026-03-17 10:34:54,0.4573,0.8693,0.37
34fb9010-bce9-4504-810a-1ba46bb723c2,DJI_0357.JPG,116.18,296.18,180,2026-03-17 10:35:01,0.9447,0.2814,0.5
34fb9010-bce9-4504-810a-1ba46bb723c2,LL grass27 March 2023.JPG,322.13,232.13,90,2026-03-17 10:35:06,0.3065,0.7487,0.32
34fb9010-bce9-4504-810a-1ba46bb723c2,DJI_0365.JPG,221.73,221.73,0,2026-03-17 10:35:12,0.2513,0.2211,0.37
34fb9010-bce9-4504-810a-1ba46bb723c2,DJI_0256.JPG,124.77,214.77,270,2026-03-17 10:35:19,0.7136,0.3518,0.26
34fb9010-bce9-4504-810a-1ba46bb723c2,LL grass25 March 2023.JPG,322.82,232.82,90,2026-03-17 10:35:27,0.2161,0.8744,0.47
34fb9010-bce9-4504-810a-1ba46bb723c2,DJI_0349.JPG,331.42,331.42,0,2026-03-17 10:35:35,0.3317,0.809,0.35
34fb9010-bce9-4504-810a-1ba46bb723c2,DJI_0347.JPG,237.48,237.48,0,2026-03-17 10:35:44,0.1256,0.2613,0.44
34fb9010-bce9-4504-810a-1ba46bb723c2,LL grass18 March 2023.JPG,350.95,80.95,270,2026-03-17 10:35:50,0.4372,0.8945,0.4
34fb9010-bce9-4504-810a-1ba46bb723c2,DJI_0368.JPG,121.58,301.58,180,2026-03-17 10:35:57,0.8392,0.2915,0.4
34fb9010-bce9-4504-810a-1ba46bb723c2,DJI_0348.JPG,52.18,322.18,90,2026-03-17 10:36:01,0.8593,0.7789,0.45
34fb9010-bce9-4504-810a-1ba46bb723c2,LL grass30 March 2023.JPG,219.98,39.98,180,2026-03-17 10:36:09,0.2915,0.2513,0.32
34fb9010-bce9-4504-810a-1ba46bb723c2,DJI_0355.JPG,122.75,122.75,0,2026-03-17 10:36:16,0.8945,0.2462,0.47
34fb9010-bce9-4504-810a-1ba46bb723c2,DJI_0353.JPG,33.44,123.44,270,2026-03-17 10:36:21,0.7638,0.8995,0.48
34fb9010-bce9-4504-810a-1ba46bb723c2,DJI_0367.JPG,137.24,47.24,90,2026-03-17 10:36:27,0.809,0.1658,0.46
34fb9010-bce9-4504-810a-1ba46bb723c2,DJI_0364.JPG,275.75,95.75,180,2026-03-17 10:36:33,0.1256,0.5377,0.38
34fb9010-bce9-4504-810a-1ba46bb723c2,DJI_0373.JPG,60.59,60.59,0,2026-03-17 10:36:40,0.9146,0.7337,0.48
34fb9010-bce9-4504-810a-1ba46bb723c2,LL grass11 March 2023.JPG,88.05,358.05,90,2026-03-17 10:36:45,0.8693,0.5126,0.37
34fb9010-bce9-4504-810a-1ba46bb723c2,LL grass.JPG,92.88,182.88,270,2026-03-17 10:36:51,0.8492,0.4824,0.35
34fb9010-bce9-4504-810a-1ba46bb723c2,DJI_0354.JPG,139.3,49.3,90,2026-03-17 10:36:56,0.809,0.1407,0.47
34fb9010-bce9-4504-810a-1ba46bb723c2,DJI_0350.JPG,240.95,150.95,90,2026-03-17 10:37:02,0.1156,0.2864,0.44
34fb9010-bce9-4504-810a-1ba46bb723c2,DJI_0344.JPG,145.35,55.35,90,2026-03-17 10:37:07,0.7136,0.191,0.38
34fb9010-bce9-4504-810a-1ba46bb723c2,DJI_0345.JPG,140.76,230.76,270,2026-03-17 10:37:13,0.7688,0.1709,0.42
34fb9010-bce9-4504-810a-1ba46bb723c2,DJI_0363.JPG,40.75,220.75,180,2026-03-17 10:37:18,0.8442,0.8995,0.53
34fb9010-bce9-4504-810a-1ba46bb723c2,LL grass3 March 2023.JPG,24.81,204.81,180,2026-03-17 10:38:00,0.608,0.7337,0.26
34fb9010-bce9-4504-810a-1ba46bb723c2,LL grass6 March 2023.JPG,232.81,142.81,90,2026-03-17 10:38:17,0.1457,0.2312,0.44
34fb9010-bce9-4504-810a-1ba46bb723c2,DJI_0374.JPG,306.79,126.79,180,2026-03-17 10:38:28,0.201,0.7236,0.37
34fb9010-bce9-4504-810a-1ba46bb723c2,LL grass32 March 2023.JPG,109.63,109.63,0,2026-03-17 10:39:31,0.8593,0.3719,0.38
34fb9010-bce9-4504-810a-1ba46bb723c2,DJI_0360.JPG,128.99,218.99,270,2026-03-17 10:39:38,0.8693,0.201,0.48
34fb9010-bce9-4504-810a-1ba46bb723c2,DJI_0361.JPG,114.25,24.25,90,2026-03-17 10:39:48,0.8291,0.3518,0.36
34fb9010-bce9-4504-810a-1ba46bb723c2,LL grass26 March 2023.JPG,48.13,138.13,270,2026-03-17 10:39:59,0.8392,0.804,0.46
34fb9010-bce9-4504-810a-1ba46bb723c2,DJI_0371.JPG,46.72,316.72,90,2026-03-17 10:40:04,0.8442,0.8241,0.47
34fb9010-bce9-4504-810a-1ba46bb723c2,LL grass21 March 2023.JPG,43.04,223.04,180,2026-03-17 10:40:15,0.7839,0.804,0.42
34fb9010-bce9-4504-810a-1ba46bb723c2,DJI_0359.JPG,227.05,137.05,90,2026-03-17 10:40:19,0.1357,0.1608,0.5
34fb9010-bce9-4504-810a-1ba46bb723c2,LL grass7 March 2023.JPG,123.43,123.43,0,2026-03-17 10:40:31,0.8844,0.2462,0.46
34fb9010-bce9-4504-810a-1ba46bb723c2,DJI_0362.JPG,217.55,37.55,180,2026-03-17 10:40:46,0.2161,0.1307,0.47
34fb9010-bce9-4504-810a-1ba46bb723c2,LL grass2 March 2023.JPG,263.87,353.87,270,2026-03-17 10:41:25,0.196,0.4673,0.31
34fb9010-bce9-4504-810a-1ba46bb723c2,LL grass16 March 2023.JPG,222.14,222.14,0,2026-03-17 10:41:45,0.1658,0.1307,0.5
34fb9010-bce9-4504-810a-1ba46bb723c2,LL aerial1.JPG,318.69,228.69,90,2026-03-17 10:42:00,0.1357,0.9146,0.55
34fb9010-bce9-4504-810a-1ba46bb723c2,LL grass1 March 2023.JPG,139.26,139.26,0,2026-03-17 10:42:07,0.8744,0.0653,0.57
34fb9010-bce9-4504-810a-1ba46bb723c2,LL grass15 March 2023.JPG,35.02,215.02,180,2026-03-17 10:42:12,0.7588,0.8693,0.45
34fb9010-bce9-4504-810a-1ba46bb723c2,LL grass10 March 2023.JPG,46.86,226.86,180,2026-03-17 10:42:21,0.8191,0.799,0.44
34fb9010-bce9-4504-810a-1ba46bb723c2,LL grass22 March 2023.JPG,227.84,227.84,0,2026-03-17 10:42:25,0.0754,0.1156,0.57
34fb9010-bce9-4504-810a-1ba46bb723c2,DJI_0369.JPG,2.8,272.8,90,2026-03-17 10:42:33,0.5176,0.8593,0.36
34fb9010-bce9-4504-810a-1ba46bb723c2,DJI_0370.JPG,310.64,130.64,180,2026-03-17 10:42:38,0.2161,0.7437,0.37
34fb9010-bce9-4504-810a-1ba46bb723c2,LL grass31 March 2023.JPG,52.13,142.13,270,2026-03-17 10:42:43,0.8844,0.799,0.49
34fb9010-bce9-4504-810a-1ba46bb723c2,LL grass13 March 2023.JPG,119.45,299.45,180,2026-03-17 10:42:53,0.8693,0.2915,0.42
34fb9010-bce9-4504-810a-1ba46bb723c2,LL grass29 March 2023.JPG,155.75,65.75,90,2026-03-17 10:42:57,0.603,0.2714,0.25
34fb9010-bce9-4504-810a-1ba46bb723c2,LL grass17 March 2023.JPG,205.93,115.93,90,2026-03-17 10:43:04,0.3668,0.2261,0.3
34fb9010-bce9-4504-810a-1ba46bb723c2,LL grass17 March 2023.JPG,205.93,115.93,90,2026-03-17 10:43:59,0.3668,0.2261,0.3
e0391e21-26a4-4719-989c-78bb645c80c5,LL grass28 March 2023.JPG,295.02,115.02,180,2026-03-17 15:39:02,0.3116,0.5879,0.21
e0391e21-26a4-4719-989c-78bb645c80c5,LL grass27 March 2023.JPG,0,180,180,2026-03-17 15:39:05,0.5,0.5,0
e0391e21-26a4-4719-989c-78bb645c80c5,LL grass12 March 2023.JPG,293.44,23.44,270,2026-03-17 15:39:17,0.2161,0.6231,0.31
e0391e21-26a4-4719-989c-78bb645c80c5,DJI_0256.JPG,171.5,81.5,90,2026-03-17 15:39:35,0.5327,0.2814,0.22
e0391e21-26a4-4719-989c-78bb645c80c5,LL grass16 March 2023.JPG,237.63,327.63,270,2026-03-17 15:39:44,0.3216,0.3869,0.21
e0391e21-26a4-4719-989c-78bb645c80c5,DJI_0367.JPG,331.1,61.1,270,2026-03-17 15:39:59,0.3266,0.8141,0.36
e0391e21-26a4-4719-989c-78bb645c80c5,LL grass25 March 2023.JPG,135,45,90,2026-03-17 15:40:12,0.6583,0.3417,0.22
e0391e21-26a4-4719-989c-78bb645c80c5,DJI_0366.JPG,65.32,245.32,180,2026-03-17 15:40:23,0.593,0.5427,0.1
e0391e21-26a4-4719-989c-78bb645c80c5,DJI_0345.JPG,332.61,62.61,270,2026-03-17 15:40:31,0.392,0.7085,0.23
e0391e21-26a4-4719-989c-78bb645c80c5,LL grass30 March 2023.JPG,39.05,219.05,180,2026-03-17 15:40:39,0.608,0.6332,0.17
e0391e21-26a4-4719-989c-78bb645c80c5,LL grass19 March 2023.JPG,42.11,222.11,180,2026-03-17 15:40:47,0.7839,0.8141,0.42
e0391e21-26a4-4719-989c-78bb645c80c5,LL grass3 March 2023.JPG,309.16,129.16,180,2026-03-17 15:41:09,0.2563,0.6985,0.31
e0391e21-26a4-4719-989c-78bb645c80c5,LL aerial1.JPG,303.31,33.31,270,2026-03-17 15:41:20,0.2362,0.6734,0.32
e0391e21-26a4-4719-989c-78bb645c80c5,DJI_0372.JPG,326.48,56.48,270,2026-03-17 15:41:34,0.3719,0.6935,0.23
e0391e21-26a4-4719-989c-78bb645c80c5,DJI_0350.JPG,299.48,29.48,270,2026-03-17 15:41:43,0.2111,0.6633,0.33
e0391e21-26a4-4719-989c-78bb645c80c5,DJI_0352.JPG,40.3,220.3,180,2026-03-17 15:42:05,0.6683,0.6985,0.26
e0391e21-26a4-4719-989c-78bb645c80c5,DJI_0365.JPG,56.44,236.44,180,2026-03-17 15:42:13,0.7538,0.6683,0.3
e0391e21-26a4-4719-989c-78bb645c80c5,LL grass7 March 2023.JPG,268.58,268.58,0,2026-03-17 15:42:28,0.196,0.4925,0.3
e0391e21-26a4-4719-989c-78bb645c80c5,DJI_0353.JPG,119.05,209.05,270,2026-03-17 15:42:54,0.7035,0.3869,0.23
e0391e21-26a4-4719-989c-78bb645c80c5,LL grass.JPG,29.62,299.62,90,2026-03-17 15:43:09,0.5729,0.6281,0.15
e0391e21-26a4-4719-989c-78bb645c80c5,LL grass22 March 2023.JPG,233.79,53.79,180,2026-03-17 15:43:14,0.1809,0.2663,0.4
e0391e21-26a4-4719-989c-78bb645c80c5,DJI_0351.JPG,213.37,213.37,0,2026-03-17 15:43:23,0.2965,0.191,0.37
e0391e21-26a4-4719-989c-78bb645c80c5,DJI_0356.JPG,223.51,43.51,180,2026-03-17 15:43:43,0.3116,0.3015,0.27
e0391e21-26a4-4719-989c-78bb645c80c5,DJI_0355.JPG,56.71,56.71,0,2026-03-17 15:43:49,0.7487,0.6633,0.3
e0391e21-26a4-4719-989c-78bb645c80c5,LL grass20 March 2023.JPG,304.58,214.58,90,2026-03-17 15:43:55,0.2412,0.6784,0.31
e0391e21-26a4-4719-989c-78bb645c80c5,LL grass1 March 2023.JPG,135,45,90,2026-03-17 15:44:02,0.7136,0.2864,0.3
e0391e21-26a4-4719-989c-78bb645c80c5,LL grass31 March 2023.JPG,222.73,222.73,0,2026-03-17 15:44:08,0.2563,0.2362,0.36
e0391e21-26a4-4719-989c-78bb645c80c5,DJI_0358.JPG,138.33,228.33,270,2026-03-17 15:44:12,0.7437,0.2261,0.37
e0391e21-26a4-4719-989c-78bb645c80c5,LL grass8 March 2023.JPG,294.68,24.68,270,2026-03-17 15:44:20,0.2211,0.6281,0.31
e0391e21-26a4-4719-989c-78bb645c80c5,LL grass2 March 2023.JPG,151.22,61.22,90,2026-03-17 15:44:27,0.598,0.3216,0.2
e0391e21-26a4-4719-989c-78bb645c80c5,DJI_0347.JPG,194.35,14.35,180,2026-03-17 15:44:32,0.4171,0.1759,0.33
e0391e21-26a4-4719-989c-78bb645c80c5,LL grass4 March 2023.JPG,125.87,305.87,180,2026-03-17 15:44:54,0.6633,0.3819,0.2
e0391e21-26a4-4719-989c-78bb645c80c5,LL grass11 March 2023.JPG,351.16,351.16,0,2026-03-17 15:45:02,0.4472,0.8392,0.34
e0391e21-26a4-4719-989c-78bb645c80c5,DJI_0348.JPG,222.25,42.25,180,2026-03-17 15:45:07,0.201,0.1709,0.44
e0391e21-26a4-4719-989c-78bb645c80c5,DJI_0368.JPG,238.21,238.21,0,2026-03-17 15:45:17,0.196,0.3116,0.36
e0391e21-26a4-4719-989c-78bb645c80c5,DJI_0373.JPG,240.11,60.11,180,2026-03-17 15:45:28,0.1809,0.3166,0.37
e0391e21-26a4-4719-989c-78bb645c80c5,LL grass13 March 2023.JPG,304.09,34.09,270,2026-03-17 15:45:33,0.2513,0.6683,0.3
e0391e21-26a4-4719-989c-78bb645c80c5,LL grass5 March 2023.JPG,150.95,60.95,90,2026-03-17 15:45:41,0.5628,0.3869,0.13
e0391e21-26a4-4719-989c-78bb645c80c5,DJI_0346.JPG,213.23,213.23,0,2026-03-17 15:45:46,0.3568,0.2814,0.26
e0391e21-26a4-4719-989c-78bb645c80c5,DJI_0364.JPG,324.35,234.35,90,2026-03-17 15:45:57,0.3216,0.7487,0.31
e0391e21-26a4-4719-989c-78bb645c80c5,LL grass29 March 2023.JPG,319.22,49.22,270,2026-03-17 15:46:05,0.2161,0.8291,0.43
e0391e21-26a4-4719-989c-78bb645c80c5,LL grass23 March 2023.JPG,310.64,220.64,90,2026-03-17 15:46:11,0.2161,0.7437,0.37
e0391e21-26a4-4719-989c-78bb645c80c5,DJI_0359.JPG,50.33,50.33,0,2026-03-17 15:46:17,0.8241,0.7688,0.42
e0391e21-26a4-4719-989c-78bb645c80c5,LL grass6 March 2023.JPG,242.53,62.53,180,2026-03-17 15:46:28,0.3116,0.402,0.21
e0391e21-26a4-4719-989c-78bb645c80c5,LL grass9 March 2023.JPG,313.32,223.32,90,2026-03-17 15:46:40,0.2362,0.7487,0.36
e0391e21-26a4-4719-989c-78bb645c80c5,DJI_0371.JPG,141.26,231.26,270,2026-03-17 15:46:46,0.6834,0.2714,0.29
e0391e21-26a4-4719-989c-78bb645c80c5,DJI_0354.JPG,294.44,204.44,90,2026-03-17 15:46:54,0.196,0.6382,0.33
e0391e21-26a4-4719-989c-78bb645c80c5,LL grass24 March 2023.JPG,27.94,27.94,0,2026-03-17 15:47:03,0.6533,0.7889,0.33
e0391e21-26a4-4719-989c-78bb645c80c5,DJI_0362.JPG,217.87,37.87,180,2026-03-17 15:47:09,0.3065,0.2513,0.32
e0391e21-26a4-4719-989c-78bb645c80c5,LL grass18 March 2023.JPG,46.26,226.26,180,2026-03-17 15:47:17,0.7337,0.7236,0.32
e0391e21-26a4-4719-989c-78bb645c80c5,LL grass17 March 2023.JPG,32.07,302.07,90,2026-03-17 15:47:34,0.6181,0.6884,0.22
e0391e21-26a4-4719-989c-78bb645c80c5,DJI_0361.JPG,225.8,225.8,0,2026-03-17 15:47:40,0.3166,0.3216,0.26
e0391e21-26a4-4719-989c-78bb645c80c5,DJI_0374.JPG,43.51,133.51,270,2026-03-17 15:47:50,0.6884,0.6985,0.27
e0391e21-26a4-4719-989c-78bb645c80c5,DJI_0369.JPG,303.08,33.08,270,2026-03-17 15:47:56,0.2261,0.6784,0.33
e0391e21-26a4-4719-989c-78bb645c80c5,LL grass32 March 2023.JPG,42.25,132.25,270,2026-03-17 15:48:06,0.7487,0.7739,0.37
e0391e21-26a4-4719-989c-78bb645c80c5,DJI_0349.JPG,293.11,203.11,90,2026-03-17 15:48:13,0.1055,0.6683,0.43
e0391e21-26a4-4719-989c-78bb645c80c5,LL grass15 March 2023.JPG,31.21,31.21,0,2026-03-17 15:48:20,0.7085,0.8442,0.4
e0391e21-26a4-4719-989c-78bb645c80c5,DJI_0363.JPG,231.39,51.39,180,2026-03-17 15:48:27,0.1759,0.2412,0.41
e0391e21-26a4-4719-989c-78bb645c80c5,LL grass10 March 2023.JPG,216.05,216.05,0,2026-03-17 15:48:32,0.2714,0.1859,0.39
e0391e21-26a4-4719-989c-78bb645c80c5,LL grass21 March 2023.JPG,320.71,230.71,90,2026-03-17 15:48:37,0.2965,0.7487,0.32
e0391e21-26a4-4719-989c-78bb645c80c5,DJI_0357.JPG,217.54,217.54,0,2026-03-17 15:48:42,0.3166,0.2613,0.3
e0391e21-26a4-4719-989c-78bb645c80c5,DJI_0360.JPG,324.05,54.05,270,2026-03-17 15:48:48,0.2613,0.8291,0.41
e0391e21-26a4-4719-989c-78bb645c80c5,LL grass26 March 2023.JPG,321.4,51.4,270,2026-03-17 15:48:55,0.2613,0.799,0.38
e0391e21-26a4-4719-989c-78bb645c80c5,DJI_0344.JPG,354.23,354.23,0,2026-03-17 15:49:12,0.4774,0.7236,0.22
e0391e21-26a4-4719-989c-78bb645c80c5,DJI_0370.JPG,229.35,229.35,0,2026-03-17 15:49:17,0.2513,0.2864,0.33
dd58be60-a24d-4a37-8560-7091d5a3f806,LL grass26 March 2023.JPG,297,27,270,2026-03-17 16:24:33,0.1005,0.7035,0.45
dd58be60-a24d-4a37-8560-7091d5a3f806,DJI_0344.JPG,85.05,85.05,0,2026-03-17 16:24:42,0.8191,0.5276,0.32
dd58be60-a24d-4a37-8560-7091d5a3f806,LL grass17 March 2023.JPG,273.7,93.7,180,2026-03-17 16:24:52,0.1508,0.5226,0.35
dd58be60-a24d-4a37-8560-7091d5a3f806,DJI_0355.JPG,254.33,254.33,0,2026-03-17 16:25:19,0.1508,0.402,0.36
dd58be60-a24d-4a37-8560-7091d5a3f806,DJI_0361.JPG,315.8,45.8,270,2026-03-17 16:25:26,0.3216,0.6834,0.26
dd58be60-a24d-4a37-8560-7091d5a3f806,DJI_0349.JPG,292.05,22.05,270,2026-03-17 16:25:31,0.196,0.6231,0.33
dd58be60-a24d-4a37-8560-7091d5a3f806,DJI_0347.JPG,273.87,3.87,270,2026-03-17 16:25:36,0.1658,0.5226,0.33
dd58be60-a24d-4a37-8560-7091d5a3f806,LL grass21 March 2023.JPG,311.91,221.91,90,2026-03-17 16:25:42,0.402,0.5879,0.13
dd58be60-a24d-4a37-8560-7091d5a3f806,LL grass15 March 2023.JPG,60.33,60.33,0,2026-03-17 16:25:47,0.6985,0.6131,0.23
dd58be60-a24d-4a37-8560-7091d5a3f806,LL grass.JPG,271.58,271.58,0,2026-03-17 16:25:55,0.2261,0.5075,0.27
dd58be60-a24d-4a37-8560-7091d5a3f806,DJI_0357.JPG,311.93,221.93,90,2026-03-17 16:26:07,0.3518,0.6332,0.2
dd58be60-a24d-4a37-8560-7091d5a3f806,DJI_0351.JPG,301.31,31.31,270,2026-03-17 16:26:14,0.2563,0.6482,0.29
dd58be60-a24d-4a37-8560-7091d5a3f806,DJI_0373.JPG,0,180,180,2026-03-17 16:26:17,0.5,0.5,0
dd58be60-a24d-4a37-8560-7091d5a3f806,DJI_0369.JPG,273.01,93.01,180,2026-03-17 16:26:28,0.2613,0.5126,0.24
dd58be60-a24d-4a37-8560-7091d5a3f806,DJI_0371.JPG,318.76,48.76,270,2026-03-17 16:26:35,0.3216,0.7035,0.27
dd58be60-a24d-4a37-8560-7091d5a3f806,LL grass30 March 2023.JPG,303.06,213.06,90,2026-03-17 16:26:43,0.3417,0.603,0.19
dd58be60-a24d-4a37-8560-7091d5a3f806,LL grass22 March 2023.JPG,311.82,221.82,90,2026-03-17 16:26:49,0.2613,0.7136,0.32
dd58be60-a24d-4a37-8560-7091d5a3f806,LL grass28 March 2023.JPG,0,180,180,2026-03-17 16:26:50,0.5,0.5,0
dd58be60-a24d-4a37-8560-7091d5a3f806,DJI_0372.JPG,125.13,35.13,90,2026-03-17 16:26:58,0.7035,0.3568,0.25
dd58be60-a24d-4a37-8560-7091d5a3f806,LL grass25 March 2023.JPG,336.39,246.39,90,2026-03-17 16:27:02,0.3518,0.8392,0.37
dd58be60-a24d-4a37-8560-7091d5a3f806,DJI_0345.JPG,149.44,59.44,90,2026-03-17 16:27:13,0.6231,0.2915,0.24
dd58be60-a24d-4a37-8560-7091d5a3f806,DJI_0352.JPG,79.76,169.76,270,2026-03-17 16:27:21,0.7085,0.5377,0.21
dd58be60-a24d-4a37-8560-7091d5a3f806,LL grass9 March 2023.JPG,144.95,234.95,270,2026-03-17 16:27:29,0.6181,0.3317,0.21
dd58be60-a24d-4a37-8560-7091d5a3f806,DJI_0346.JPG,126.51,216.51,270,2026-03-17 16:27:35,0.6935,0.3568,0.24
dd58be60-a24d-4a37-8560-7091d5a3f806,LL grass7 March 2023.JPG,183.96,93.96,90,2026-03-17 16:27:40,0.4724,0.1005,0.4
dd58be60-a24d-4a37-8560-7091d5a3f806,DJI_0353.JPG,75.74,255.74,180,2026-03-17 16:27:46,0.6482,0.5377,0.15
dd58be60-a24d-4a37-8560-7091d5a3f806,DJI_0348.JPG,281.67,191.67,90,2026-03-17 16:27:54,0.196,0.5628,0.31
dd58be60-a24d-4a37-8560-7091d5a3f806,LL grass8 March 2023.JPG,11.75,11.75,0,2026-03-17 16:28:00,0.5528,0.7538,0.26
dd58be60-a24d-4a37-8560-7091d5a3f806,DJI_0362.JPG,92.68,92.68,0,2026-03-17 16:28:06,0.7688,0.4874,0.27
dd58be60-a24d-4a37-8560-7091d5a3f806,DJI_0256.JPG,62.35,62.35,0,2026-03-17 16:28:10,0.7638,0.6382,0.3
dd58be60-a24d-4a37-8560-7091d5a3f806,DJI_0367.JPG,346.72,256.72,90,2026-03-17 16:28:17,0.4472,0.7236,0.23
dd58be60-a24d-4a37-8560-7091d5a3f806,DJI_0356.JPG,45,45,0,2026-03-17 16:28:25,0.7839,0.7839,0.4
dd58be60-a24d-4a37-8560-7091d5a3f806,LL grass2 March 2023.JPG,65.08,65.08,0,2026-03-17 16:28:30,0.8191,0.6482,0.35
dd58be60-a24d-4a37-8560-7091d5a3f806,DJI_0370.JPG,313.28,43.28,270,2026-03-17 16:28:34,0.2412,0.7437,0.36
dd58be60-a24d-4a37-8560-7091d5a3f806,LL grass11 March 2023.JPG,4.9,4.9,0,2026-03-17 16:28:37,0.5377,0.9397,0.44
dd58be60-a24d-4a37-8560-7091d5a3f806,LL aerial1.JPG,54.38,234.38,180,2026-03-17 16:28:45,0.8191,0.7286,0.39
dd58be60-a24d-4a37-8560-7091d5a3f806,LL grass19 March 2023.JPG,282.93,192.93,90,2026-03-17 16:28:48,0.1608,0.5779,0.35
dd58be60-a24d-4a37-8560-7091d5a3f806,LL grass31 March 2023.JPG,318.07,228.07,90,2026-03-17 16:28:53,0.3668,0.6482,0.2
dd58be60-a24d-4a37-8560-7091d5a3f806,DJI_0354.JPG,76.56,256.56,180,2026-03-17 16:28:59,0.7839,0.5678,0.29
dd58be60-a24d-4a37-8560-7091d5a3f806,DJI_0365.JPG,259.51,79.51,180,2026-03-17 16:29:04,0.1608,0.4372,0.34
dd58be60-a24d-4a37-8560-7091d5a3f806,DJI_0350.JPG,28.66,208.66,180,2026-03-17 16:29:09,0.603,0.6884,0.21
dd58be60-a24d-4a37-8560-7091d5a3f806,LL grass24 March 2023.JPG,302.47,212.47,90,2026-03-17 16:29:16,0.196,0.6935,0.36
dd58be60-a24d-4a37-8560-7091d5a3f806,DJI_0366.JPG,83.84,353.84,90,2026-03-17 16:29:22,0.8492,0.5377,0.35
dd58be60-a24d-4a37-8560-7091d5a3f806,LL grass23 March 2023.JPG,283.93,193.93,90,2026-03-17 16:29:26,0.1859,0.5779,0.32
dd58be60-a24d-4a37-8560-7091d5a3f806,LL grass10 March 2023.JPG,316.91,226.91,90,2026-03-17 16:29:34,0.2814,0.7337,0.32
dd58be60-a24d-4a37-8560-7091d5a3f806,LL grass16 March 2023.JPG,308.01,38.01,270,2026-03-17 16:30:26,0.201,0.7337,0.38
dd58be60-a24d-4a37-8560-7091d5a3f806,DJI_0374.JPG,58.91,238.91,180,2026-03-17 16:30:42,0.8291,0.6985,0.38
dd58be60-a24d-4a37-8560-7091d5a3f806,LL grass29 March 2023.JPG,181.11,271.11,270,2026-03-17 16:30:50,0.4925,0.1106,0.39
dd58be60-a24d-4a37-8560-7091d5a3f806,DJI_0360.JPG,231.92,51.92,180,2026-03-17 16:30:55,0.1055,0.191,0.5
dd58be60-a24d-4a37-8560-7091d5a3f806,DJI_0364.JPG,232.71,52.71,180,2026-03-17 16:31:04,0.2261,0.2915,0.34
dd58be60-a24d-4a37-8560-7091d5a3f806,LL grass18 March 2023.JPG,185.94,185.94,0,2026-03-17 16:31:07,0.4673,0.1859,0.32
dd58be60-a24d-4a37-8560-7091d5a3f806,DJI_0359.JPG,323.07,53.07,270,2026-03-17 16:31:13,0.2261,0.8643,0.46
dd58be60-a24d-4a37-8560-7091d5a3f806,LL grass27 March 2023.JPG,77.57,77.57,0,2026-03-17 16:31:19,0.9447,0.598,0.46
dd58be60-a24d-4a37-8560-7091d5a3f806,LL grass12 March 2023.JPG,214.22,214.22,0,2026-03-17 16:31:23,0.2864,0.1859,0.38
dd58be60-a24d-4a37-8560-7091d5a3f806,LL grass1 March 2023.JPG,0,90,270,2026-03-17 16:31:25,0.5,0.5,0
dd58be60-a24d-4a37-8560-7091d5a3f806,LL grass13 March 2023.JPG,305.54,35.54,270,2026-03-17 16:31:34,0.201,0.7136,0.37
dd58be60-a24d-4a37-8560-7091d5a3f806,LL grass6 March 2023.JPG,247.34,67.34,180,2026-03-17 16:31:41,0.2412,0.392,0.28
dd58be60-a24d-4a37-8560-7091d5a3f806,DJI_0363.JPG,49.93,49.93,0,2026-03-17 16:31:47,0.8794,0.8191,0.5
dd58be60-a24d-4a37-8560-7091d5a3f806,LL grass32 March 2023.JPG,83.81,173.81,270,2026-03-17 16:31:53,0.7085,0.5226,0.21
dd58be60-a24d-4a37-8560-7091d5a3f806,LL grass4 March 2023.JPG,9.07,279.07,90,2026-03-17 16:32:07,0.5477,0.799,0.3
dd58be60-a24d-4a37-8560-7091d5a3f806,DJI_0368.JPG,326.04,236.04,90,2026-03-17 16:32:15,0.4171,0.6231,0.15
dd58be60-a24d-4a37-8560-7091d5a3f806,LL grass5 March 2023.JPG,0.71,90.71,270,2026-03-17 16:32:22,0.5025,0.7035,0.2
dd58be60-a24d-4a37-8560-7091d5a3f806,DJI_0358.JPG,304.27,34.27,270,2026-03-17 16:32:28,0.2161,0.6935,0.34
dd58be60-a24d-4a37-8560-7091d5a3f806,LL grass20 March 2023.JPG,333.15,243.15,90,2026-03-17 16:32:34,0.397,0.7035,0.23
dd58be60-a24d-4a37-8560-7091d5a3f806,LL grass3 March 2023.JPG,179.06,269.06,270,2026-03-17 16:32:46,0.5075,0.0402,0.46
dd58be60-a24d-4a37-8560-7091d5a3f806,LL grass3 March 2023.JPG,179.06,269.06,270,2026-03-17 16:33:01,0.5075,0.0402,0.46
b7b1fcf9-99c9-4d7c-bf1e-7343ab159088,LL grass12 March 2023.JPG,303.58,33.58,270,2026-03-17 18:24:41,0.201,0.6985,0.36
b7b1fcf9-99c9-4d7c-bf1e-7343ab159088,DJI_0349.JPG,36.44,216.44,180,2026-03-17 18:24:48,0.6985,0.7688,0.33
b7b1fcf9-99c9-4d7c-bf1e-7343ab159088,DJI_0364.JPG,277.94,277.94,0,2026-03-17 18:24:55,0.0854,0.5578,0.42
b7b1fcf9-99c9-4d7c-bf1e-7343ab159088,LL grass21 March 2023.JPG,45,45,0,2026-03-17 18:25:00,0.6734,0.6734,0.25
b7b1fcf9-99c9-4d7c-bf1e-7343ab159088,DJI_0345.JPG,323.26,53.26,270,2026-03-17 18:25:08,0.3668,0.6784,0.22
b7b1fcf9-99c9-4d7c-bf1e-7343ab159088,DJI_0351.JPG,45.49,45.49,0,2026-03-17 18:25:15,0.794,0.7889,0.41
b7b1fcf9-99c9-4d7c-bf1e-7343ab159088,LL grass25 March 2023.JPG,34.38,34.38,0,2026-03-17 18:25:22,0.6633,0.7387,0.29
b7b1fcf9-99c9-4d7c-bf1e-7343ab159088,LL grass1 March 2023.JPG,263.49,173.49,90,2026-03-17 18:25:33,0.1256,0.4573,0.38
b7b1fcf9-99c9-4d7c-bf1e-7343ab159088,LL grass5 March 2023.JPG,51.44,321.44,90,2026-03-17 18:25:43,0.6734,0.6382,0.22
b7b1fcf9-99c9-4d7c-bf1e-7343ab159088,DJI_0363.JPG,304.53,34.53,270,2026-03-17 18:25:49,0.1457,0.7437,0.43
b7b1fcf9-99c9-4d7c-bf1e-7343ab159088,DJI_0372.JPG,224.18,44.18,180,2026-03-17 18:25:56,0.3266,0.3216,0.25
b7b1fcf9-99c9-4d7c-bf1e-7343ab159088,LL grass11 March 2023.JPG,175.45,355.45,180,2026-03-17 18:26:02,0.5226,0.2161,0.28
b7b1fcf9-99c9-4d7c-bf1e-7343ab159088,LL grass26 March 2023.JPG,223.95,223.95,0,2026-03-17 18:26:11,0.2312,0.2211,0.39
b7b1fcf9-99c9-4d7c-bf1e-7343ab159088,DJI_0357.JPG,232.05,52.05,180,2026-03-17 18:26:19,0.2261,0.2864,0.35
b7b1fcf9-99c9-4d7c-bf1e-7343ab159088,LL grass17 March 2023.JPG,266.5,86.5,180,2026-03-17 18:26:33,0.1307,0.4774,0.37
b7b1fcf9-99c9-4d7c-bf1e-7343ab159088,DJI_0344.JPG,3.76,3.76,0,2026-03-17 18:26:42,0.5226,0.8442,0.34
b7b1fcf9-99c9-4d7c-bf1e-7343ab159088,LL grass3 March 2023.JPG,10.36,190.36,180,2026-03-17 18:26:48,0.5427,0.7337,0.24
b7b1fcf9-99c9-4d7c-bf1e-7343ab159088,LL grass24 March 2023.JPG,298.58,28.58,270,2026-03-17 18:26:56,0.1357,0.6985,0.41
b7b1fcf9-99c9-4d7c-bf1e-7343ab159088,DJI_0256.JPG,260.72,80.72,180,2026-03-17 18:27:08,0.1156,0.4372,0.39
b7b1fcf9-99c9-4d7c-bf1e-7343ab159088,LL grass13 March 2023.JPG,308.33,218.33,90,2026-03-17 18:27:14,0.2362,0.7085,0.34
b7b1fcf9-99c9-4d7c-bf1e-7343ab159088,DJI_0368.JPG,332.53,62.53,270,2026-03-17 18:27:28,0.402,0.6884,0.21
b7b1fcf9-99c9-4d7c-bf1e-7343ab159088,LL grass.JPG,177.88,357.88,180,2026-03-17 18:27:34,0.5075,0.2965,0.2
b7b1fcf9-99c9-4d7c-bf1e-7343ab159088,LL grass2 March 2023.JPG,181.8,181.8,0,2026-03-17 18:27:42,0.4874,0.1005,0.4
b7b1fcf9-99c9-4d7c-bf1e-7343ab159088,LL grass19 March 2023.JPG,303.06,33.06,270,2026-03-17 18:27:47,0.1256,0.7437,0.45
b7b1fcf9-99c9-4d7c-bf1e-7343ab159088,DJI_0347.JPG,79.06,349.06,90,2026-03-17 18:27:52,0.799,0.5578,0.3
b7b1fcf9-99c9-4d7c-bf1e-7343ab159088,DJI_0359.JPG,309.11,39.11,270,2026-03-17 18:28:05,0.1508,0.7839,0.45
b7b1fcf9-99c9-4d7c-bf1e-7343ab159088,LL grass18 March 2023.JPG,107.98,197.98,270,2026-03-17 18:28:11,0.8794,0.3769,0.4
b7b1fcf9-99c9-4d7c-bf1e-7343ab159088,LL grass6 March 2023.JPG,177.65,357.65,180,2026-03-17 18:28:19,0.5075,0.3166,0.18
b7b1fcf9-99c9-4d7c-bf1e-7343ab159088,LL grass8 March 2023.JPG,90.42,0.42,90,2026-03-17 18:28:25,0.8392,0.4975,0.34
b7b1fcf9-99c9-4d7c-bf1e-7343ab159088,LL grass16 March 2023.JPG,187.48,97.48,90,2026-03-17 18:28:33,0.4673,0.2513,0.25
b7b1fcf9-99c9-4d7c-bf1e-7343ab159088,DJI_0353.JPG,86.09,86.09,0,2026-03-17 18:28:41,0.9045,0.5276,0.41
b7b1fcf9-99c9-4d7c-bf1e-7343ab159088,DJI_0371.JPG,69.9,69.9,0,2026-03-17 18:28:50,0.809,0.6131,0.33
b7b1fcf9-99c9-4d7c-bf1e-7343ab159088,DJI_0360.JPG,147.21,57.21,90,2026-03-17 18:31:33,0.7638,0.0905,0.49
b7b1fcf9-99c9-4d7c-bf1e-7343ab159088,LL grass23 March 2023.JPG,0,90,270,2026-03-17 18:31:34,0.5,0.5,0
b7b1fcf9-99c9-4d7c-bf1e-7343ab159088,DJI_0362.JPG,131.88,41.88,90,2026-03-17 18:31:46,0.8894,0.1508,0.52
b7b1fcf9-99c9-4d7c-bf1e-7343ab159088,LL grass30 March 2023.JPG,49.09,49.09,0,2026-03-17 18:31:54,0.8392,0.794,0.45
b7b1fcf9-99c9-4d7c-bf1e-7343ab159088,LL grass10 March 2023.JPG,51.41,231.41,180,2026-03-17 18:32:00,0.7487,0.6985,0.32
b7b1fcf9-99c9-4d7c-bf1e-7343ab159088,LL grass20 March 2023.JPG,73.02,253.02,180,2026-03-17 18:32:06,0.7387,0.5729,0.25
b7b1fcf9-99c9-4d7c-bf1e-7343ab159088,DJI_0365.JPG,68.66,248.66,180,2026-03-17 18:32:14,0.8794,0.6482,0.41
3c7bb84b-7d79-4d9a-91b6-820f8a10a7b4,LL grass2 March 2023.JPG,85.48,175.48,270,2026-03-17 19:14:35,0.8492,0.5276,0.35
3c7bb84b-7d79-4d9a-91b6-820f8a10a7b4,LL grass17 March 2023.JPG,0,0,0,2026-03-17 19:14:36,0.5,0.5,0
3c7bb84b-7d79-4d9a-91b6-820f8a10a7b4,DJI_0350.JPG,56.6,56.6,0,2026-03-17 19:14:44,0.8392,0.7236,0.41
3c7bb84b-7d79-4d9a-91b6-820f8a10a7b4,LL grass12 March 2023.JPG,45,45,0,2026-03-17 19:14:48,0.794,0.794,0.42
3c7bb84b-7d79-4d9a-91b6-820f8a10a7b4,DJI_0363.JPG,310.96,220.96,90,2026-03-17 19:14:52,0.2714,0.6985,0.3
3c7bb84b-7d79-4d9a-91b6-820f8a10a7b4,DJI_0364.JPG,222.69,222.69,0,2026-03-17 19:14:57,0.2613,0.2412,0.35
3c7bb84b-7d79-4d9a-91b6-820f8a10a7b4,DJI_0357.JPG,318.27,48.27,270,2026-03-17 19:15:02,0.2513,0.7789,0.37
3c7bb84b-7d79-4d9a-91b6-820f8a10a7b4,LL grass8 March 2023.JPG,350.75,350.75,0,2026-03-17 19:15:07,0.4472,0.8241,0.33
3c7bb84b-7d79-4d9a-91b6-820f8a10a7b4,DJI_0344.JPG,268.76,358.76,270,2026-03-17 19:15:12,0.1508,0.4925,0.35
3c7bb84b-7d79-4d9a-91b6-820f8a10a7b4,DJI_0365.JPG,0,180,180,2026-03-17 19:15:12,0.5,0.5,0
3c7bb84b-7d79-4d9a-91b6-820f8a10a7b4,LL grass25 March 2023.JPG,123.23,33.23,90,2026-03-17 19:15:29,0.8643,0.2613,0.44
3c7bb84b-7d79-4d9a-91b6-820f8a10a7b4,DJI_0256.JPG,0,90,270,2026-03-17 19:15:30,0.5,0.5,0
3c7bb84b-7d79-4d9a-91b6-820f8a10a7b4,LL grass9 March 2023.JPG,48.69,48.69,0,2026-03-17 19:15:51,0.7487,0.7186,0.33
3c7bb84b-7d79-4d9a-91b6-820f8a10a7b4,DJI_0354.JPG,303.8,213.8,90,2026-03-17 19:15:56,0.2111,0.6935,0.35
3c7bb84b-7d79-4d9a-91b6-820f8a10a7b4,DJI_0362.JPG,291.73,201.73,90,2026-03-17 19:16:07,0.1658,0.6332,0.36
3c7bb84b-7d79-4d9a-91b6-820f8a10a7b4,LL grass13 March 2023.JPG,38.52,38.52,0,2026-03-17 19:16:20,0.598,0.6231,0.16
3c7bb84b-7d79-4d9a-91b6-820f8a10a7b4,LL grass21 March 2023.JPG,341.57,251.57,90,2026-03-17 19:16:30,0.4271,0.7186,0.23
3c7bb84b-7d79-4d9a-91b6-820f8a10a7b4,LL grass7 March 2023.JPG,359.58,89.58,270,2026-03-17 19:17:00,0.4975,0.8442,0.34
3c7bb84b-7d79-4d9a-91b6-820f8a10a7b4,LL grass10 March 2023.JPG,335.35,245.35,90,2026-03-17 19:17:06,0.402,0.7136,0.23
3c7bb84b-7d79-4d9a-91b6-820f8a10a7b4,DJI_0371.JPG,53.94,53.94,0,2026-03-17 19:17:19,0.7588,0.6884,0.32
3c7bb84b-7d79-4d9a-91b6-820f8a10a7b4,DJI_0351.JPG,225.92,225.92,0,2026-03-17 19:17:33,0.1809,0.191,0.44
3c7bb84b-7d79-4d9a-91b6-820f8a10a7b4,LL grass31 March 2023.JPG,342.01,252.01,90,2026-03-17 19:17:40,0.4372,0.6935,0.2
3c7bb84b-7d79-4d9a-91b6-820f8a10a7b4,DJI_0360.JPG,295.91,25.91,270,2026-03-17 19:17:49,0.4121,0.5427,0.1
3c7bb84b-7d79-4d9a-91b6-820f8a10a7b4,DJI_0370.JPG,93.26,273.26,180,2026-03-17 19:17:58,0.809,0.4824,0.31
3c7bb84b-7d79-4d9a-91b6-820f8a10a7b4,DJI_0368.JPG,312.55,222.55,90,2026-03-17 19:18:04,0.3166,0.6683,0.25
3c7bb84b-7d79-4d9a-91b6-820f8a10a7b4,LL grass3 March 2023.JPG,96.77,276.77,180,2026-03-17 19:18:25,0.9447,0.4472,0.45
3c7bb84b-7d79-4d9a-91b6-820f8a10a7b4,LL grass19 March 2023.JPG,325.91,235.91,90,2026-03-17 19:18:34,0.3317,0.7487,0.3
3c7bb84b-7d79-4d9a-91b6-820f8a10a7b4,DJI_0345.JPG,126.75,36.75,90,2026-03-17 19:18:42,0.6985,0.3518,0.25
3c7bb84b-7d79-4d9a-91b6-820f8a10a7b4,DJI_0356.JPG,305.96,215.96,90,2026-03-17 19:18:50,0.3719,0.593,0.16
3c7bb84b-7d79-4d9a-91b6-820f8a10a7b4,LL grass24 March 2023.JPG,324.61,234.61,90,2026-03-17 19:18:57,0.2412,0.8643,0.45
3c7bb84b-7d79-4d9a-91b6-820f8a10a7b4,LL grass30 March 2023.JPG,337.14,247.14,90,2026-03-17 19:19:06,0.4121,0.7085,0.23
3c7bb84b-7d79-4d9a-91b6-820f8a10a7b4,LL grass22 March 2023.JPG,301.4,31.4,270,2026-03-17 19:19:13,0.3065,0.6181,0.23
3c7bb84b-7d79-4d9a-91b6-820f8a10a7b4,DJI_0355.JPG,52.35,232.35,180,2026-03-17 19:19:19,0.5879,0.5678,0.11
3c7bb84b-7d79-4d9a-91b6-820f8a10a7b4,LL aerial1.JPG,140.47,50.47,90,2026-03-17 19:19:45,0.7136,0.2412,0.34
3c7bb84b-7d79-4d9a-91b6-820f8a10a7b4,DJI_0359.JPG,36.97,216.97,180,2026-03-17 19:19:56,0.6683,0.7236,0.28
3c7bb84b-7d79-4d9a-91b6-820f8a10a7b4,DJI_0352.JPG,20.61,290.61,90,2026-03-17 19:20:09,0.603,0.7739,0.29
3c7bb84b-7d79-4d9a-91b6-820f8a10a7b4,DJI_0373.JPG,47.51,227.51,180,2026-03-17 19:20:14,0.799,0.7739,0.41
3c7bb84b-7d79-4d9a-91b6-820f8a10a7b4,DJI_0367.JPG,148.37,238.37,270,2026-03-17 19:20:20,0.7337,0.1206,0.45
3c7bb84b-7d79-4d9a-91b6-820f8a10a7b4,DJI_0372.JPG,225.58,45.58,180,2026-03-17 19:20:28,0.2513,0.2563,0.35
3c7bb84b-7d79-4d9a-91b6-820f8a10a7b4,LL grass1 March 2023.JPG,159.4,159.4,0,2026-03-17 19:20:38,0.6332,0.1457,0.38
3c7bb84b-7d79-4d9a-91b6-820f8a10a7b4,LL grass27 March 2023.JPG,81.11,81.11,0,2026-03-17 19:20:45,0.8693,0.5578,0.37
3c7bb84b-7d79-4d9a-91b6-820f8a10a7b4,DJI_0361.JPG,204.61,24.61,180,2026-03-17 19:20:51,0.3769,0.2312,0.3
3c7bb84b-7d79-4d9a-91b6-820f8a10a7b4,DJI_0369.JPG,167.07,257.07,270,2026-03-17 19:20:57,0.5779,0.1608,0.35
3c7bb84b-7d79-4d9a-91b6-820f8a10a7b4,LL grass32 March 2023.JPG,182.58,92.58,90,2026-03-17 19:21:04,0.4874,0.2211,0.28
3c7bb84b-7d79-4d9a-91b6-820f8a10a7b4,LL grass20 March 2023.JPG,212.2,212.2,0,2026-03-17 19:21:09,0.3719,0.2965,0.24
3c7bb84b-7d79-4d9a-91b6-820f8a10a7b4,LL grass5 March 2023.JPG,56.58,56.58,0,2026-03-17 19:21:17,0.8693,0.7437,0.44
3c7bb84b-7d79-4d9a-91b6-820f8a10a7b4,DJI_0346.JPG,283.11,193.11,90,2026-03-17 19:21:24,0.3166,0.5427,0.19
3c7bb84b-7d79-4d9a-91b6-820f8a10a7b4,LL grass16 March 2023.JPG,137.16,317.16,180,2026-03-17 19:21:30,0.6281,0.3618,0.19
3c7bb84b-7d79-4d9a-91b6-820f8a10a7b4,DJI_0347.JPG,81.17,351.17,90,2026-03-17 19:21:35,0.9045,0.5628,0.41
3c7bb84b-7d79-4d9a-91b6-820f8a10a7b4,DJI_0349.JPG,125.41,215.41,270,2026-03-17 19:21:39,0.7085,0.3518,0.26
3c7bb84b-7d79-4d9a-91b6-820f8a10a7b4,DJI_0353.JPG,220.87,130.87,90,2026-03-17 19:21:43,0.3065,0.2764,0.3
3c7bb84b-7d79-4d9a-91b6-820f8a10a7b4,LL grass6 March 2023.JPG,306.68,126.68,180,2026-03-17 19:21:53,0.1256,0.7789,0.47
3c7bb84b-7d79-4d9a-91b6-820f8a10a7b4,DJI_0358.JPG,355.19,265.19,90,2026-03-17 19:21:57,0.4774,0.7688,0.27
3c7bb84b-7d79-4d9a-91b6-820f8a10a7b4,LL grass26 March 2023.JPG,353.05,83.05,270,2026-03-17 19:22:02,0.4623,0.809,0.31
3c7bb84b-7d79-4d9a-91b6-820f8a10a7b4,DJI_0374.JPG,162.55,72.55,90,2026-03-17 19:22:08,0.5276,0.4121,0.09
3c7bb84b-7d79-4d9a-91b6-820f8a10a7b4,LL grass18 March 2023.JPG,2.29,182.29,180,2026-03-17 19:22:14,0.5126,0.8141,0.31
3c7bb84b-7d79-4d9a-91b6-820f8a10a7b4,LL grass15 March 2023.JPG,131.89,221.89,270,2026-03-17 19:22:18,0.7437,0.2814,0.33
3c7bb84b-7d79-4d9a-91b6-820f8a10a7b4,LL grass.JPG,305.41,305.41,0,2026-03-17 19:22:28,0.2915,0.6482,0.26
3c7bb84b-7d79-4d9a-91b6-820f8a10a7b4,LL grass11 March 2023.JPG,169.35,349.35,180,2026-03-17 19:22:31,0.5628,0.1658,0.34
3c7bb84b-7d79-4d9a-91b6-820f8a10a7b4,DJI_0366.JPG,289.2,109.2,180,2026-03-17 19:22:35,0.2764,0.5779,0.24
3c7bb84b-7d79-4d9a-91b6-820f8a10a7b4,LL grass29 March 2023.JPG,183.22,93.22,90,2026-03-17 19:22:39,0.4874,0.2764,0.22
3c7bb84b-7d79-4d9a-91b6-820f8a10a7b4,LL grass28 March 2023.JPG,135,225,270,2026-03-17 19:22:43,0.6784,0.3216,0.25
3c7bb84b-7d79-4d9a-91b6-820f8a10a7b4,LL grass23 March 2023.JPG,235.08,235.08,0,2026-03-17 19:22:46,0.3668,0.407,0.16
3c7bb84b-7d79-4d9a-91b6-820f8a10a7b4,LL grass4 March 2023.JPG,327.96,57.96,270,2026-03-17 19:22:59,0.2814,0.8492,0.41
3c7bb84b-7d79-4d9a-91b6-820f8a10a7b4,DJI_0348.JPG,46.41,46.41,0,2026-03-17 19:23:05,0.7085,0.6985,0.29
734857ab-9d6e-4b5a-a2e5-880c70fe77c3,DJI_0352.JPG,315.84,45.84,270,2026-03-18 08:34:00,0.3317,0.6734,0.24
734857ab-9d6e-4b5a-a2e5-880c70fe77c3,DJI_0351.JPG,42.23,42.23,0,2026-03-18 08:34:15,0.6482,0.6633,0.22
734857ab-9d6e-4b5a-a2e5-880c70fe77c3,DJI_0344.JPG,117.9,27.9,90,2026-03-18 08:34:24,0.7136,0.3869,0.24
734857ab-9d6e-4b5a-a2e5-880c70fe77c3,LL grass4 March 2023.JPG,316.3,316.3,0,2026-03-18 08:34:45,0.392,0.6131,0.16
734857ab-9d6e-4b5a-a2e5-880c70fe77c3,DJI_0350.JPG,299.18,29.18,270,2026-03-18 08:35:00,0.3065,0.608,0.22
734857ab-9d6e-4b5a-a2e5-880c70fe77c3,DJI_0374.JPG,129.69,309.69,180,2026-03-18 08:35:23,0.6181,0.402,0.15
734857ab-9d6e-4b5a-a2e5-880c70fe77c3,DJI_0368.JPG,47.77,47.77,0,2026-03-18 08:35:32,0.6633,0.6482,0.22
734857ab-9d6e-4b5a-a2e5-880c70fe77c3,DJI_0345.JPG,37.72,217.72,180,2026-03-18 08:35:55,0.603,0.6332,0.17
734857ab-9d6e-4b5a-a2e5-880c70fe77c3,LL grass8 March 2023.JPG,272.82,2.82,270,2026-03-18 08:36:18,0.3467,0.5075,0.15
734857ab-9d6e-4b5a-a2e5-880c70fe77c3,LL grass32 March 2023.JPG,3.81,3.81,0,2026-03-18 08:36:27,0.5126,0.6884,0.19
734857ab-9d6e-4b5a-a2e5-880c70fe77c3,DJI_0359.JPG,345.76,75.76,270,2026-03-18 08:36:38,0.4573,0.6683,0.17
734857ab-9d6e-4b5a-a2e5-880c70fe77c3,LL grass.JPG,57.91,237.91,180,2026-03-18 08:37:00,0.6482,0.593,0.17
734857ab-9d6e-4b5a-a2e5-880c70fe77c3,DJI_0353.JPG,120.07,210.07,270,2026-03-18 08:37:14,0.6432,0.4171,0.17
734857ab-9d6e-4b5a-a2e5-880c70fe77c3,DJI_0358.JPG,330.68,240.68,90,2026-03-18 08:37:29,0.397,0.6834,0.21
734857ab-9d6e-4b5a-a2e5-880c70fe77c3,DJI_0369.JPG,215.07,35.07,180,2026-03-18 08:37:46,0.4171,0.3819,0.14
734857ab-9d6e-4b5a-a2e5-880c70fe77c3,LL grass5 March 2023.JPG,221.91,41.91,180,2026-03-18 08:37:57,0.4121,0.402,0.13
734857ab-9d6e-4b5a-a2e5-880c70fe77c3,LL grass22 March 2023.JPG,226.3,226.3,0,2026-03-18 08:38:06,0.3869,0.392,0.16
734857ab-9d6e-4b5a-a2e5-880c70fe77c3,DJI_0370.JPG,52.97,52.97,0,2026-03-18 08:38:12,0.6432,0.608,0.18
734857ab-9d6e-4b5a-a2e5-880c70fe77c3,DJI_0356.JPG,62.35,242.35,180,2026-03-18 08:38:21,0.6583,0.5829,0.18
734857ab-9d6e-4b5a-a2e5-880c70fe77c3,DJI_0373.JPG,53.28,233.28,180,2026-03-18 08:38:28,0.6583,0.6181,0.2
734857ab-9d6e-4b5a-a2e5-880c70fe77c3,LL grass15 March 2023.JPG,304.56,34.56,270,2026-03-18 08:38:33,0.3869,0.5779,0.14
734857ab-9d6e-4b5a-a2e5-880c70fe77c3,DJI_0371.JPG,333.78,333.78,0,2026-03-18 08:38:42,0.4171,0.6683,0.19
734857ab-9d6e-4b5a-a2e5-880c70fe77c3,LL grass16 March 2023.JPG,329.32,239.32,90,2026-03-18 08:38:54,0.4121,0.6482,0.17
734857ab-9d6e-4b5a-a2e5-880c70fe77c3,LL grass11 March 2023.JPG,15.64,15.64,0,2026-03-18 08:39:04,0.5528,0.6884,0.2
734857ab-9d6e-4b5a-a2e5-880c70fe77c3,LL grass1 March 2023.JPG,202.75,202.75,0,2026-03-18 08:39:20,0.4673,0.4221,0.08
734857ab-9d6e-4b5a-a2e5-880c70fe77c3,DJI_0363.JPG,312.56,42.56,270,2026-03-18 08:39:24,0.3769,0.6131,0.17
734857ab-9d6e-4b5a-a2e5-880c70fe77c3,LL grass27 March 2023.JPG,319.76,49.76,270,2026-03-18 08:39:32,0.4171,0.598,0.13
734857ab-9d6e-4b5a-a2e5-880c70fe77c3,LL grass21 March 2023.JPG,39.29,39.29,0,2026-03-18 08:39:41,0.6583,0.6935,0.25
734857ab-9d6e-4b5a-a2e5-880c70fe77c3,LL grass7 March 2023.JPG,220.24,220.24,0,2026-03-18 08:39:50,0.4171,0.402,0.13
734857ab-9d6e-4b5a-a2e5-880c70fe77c3,DJI_0364.JPG,319.48,229.48,90,2026-03-18 08:39:56,0.3819,0.6382,0.18
734857ab-9d6e-4b5a-a2e5-880c70fe77c3,DJI_0256.JPG,222.46,42.46,180,2026-03-18 08:40:03,0.392,0.3819,0.16
734857ab-9d6e-4b5a-a2e5-880c70fe77c3,LL grass30 March 2023.JPG,32.69,212.69,180,2026-03-18 08:40:09,0.608,0.6683,0.2
734857ab-9d6e-4b5a-a2e5-880c70fe77c3,DJI_0357.JPG,309.73,219.73,90,2026-03-18 08:40:17,0.3216,0.6482,0.23
734857ab-9d6e-4b5a-a2e5-880c70fe77c3,LL grass20 March 2023.JPG,313.9,223.9,90,2026-03-18 08:40:23,0.3668,0.6281,0.18
734857ab-9d6e-4b5a-a2e5-880c70fe77c3,LL grass19 March 2023.JPG,38.02,218.02,180,2026-03-18 08:40:29,0.608,0.6382,0.18
734857ab-9d6e-4b5a-a2e5-880c70fe77c3,DJI_0348.JPG,32.37,32.37,0,2026-03-18 08:40:36,0.6131,0.6784,0.21
734857ab-9d6e-4b5a-a2e5-880c70fe77c3,DJI_0354.JPG,308.29,38.29,270,2026-03-18 08:40:46,0.3568,0.6131,0.18
734857ab-9d6e-4b5a-a2e5-880c70fe77c3,LL grass17 March 2023.JPG,329.04,59.04,270,2026-03-18 08:40:54,0.4171,0.6382,0.16
734857ab-9d6e-4b5a-a2e5-880c70fe77c3,LL grass2 March 2023.JPG,307.06,217.06,90,2026-03-18 08:41:05,0.3769,0.593,0.15
734857ab-9d6e-4b5a-a2e5-880c70fe77c3,LL grass26 March 2023.JPG,56.53,236.53,180,2026-03-18 08:41:14,0.6482,0.598,0.18
734857ab-9d6e-4b5a-a2e5-880c70fe77c3,DJI_0365.JPG,231.48,51.48,180,2026-03-18 08:41:21,0.3769,0.402,0.16
734857ab-9d6e-4b5a-a2e5-880c70fe77c3,LL grass6 March 2023.JPG,244.44,64.44,180,2026-03-18 08:41:35,0.3266,0.4171,0.19
734857ab-9d6e-4b5a-a2e5-880c70fe77c3,LL grass31 March 2023.JPG,350.94,80.94,270,2026-03-18 08:41:45,0.4724,0.6734,0.18
734857ab-9d6e-4b5a-a2e5-880c70fe77c3,DJI_0347.JPG,8.39,8.39,0,2026-03-18 08:41:51,0.5226,0.6533,0.15
734857ab-9d6e-4b5a-a2e5-880c70fe77c3,DJI_0366.JPG,292.29,112.29,180,2026-03-18 08:41:58,0.3467,0.5628,0.17
734857ab-9d6e-4b5a-a2e5-880c70fe77c3,LL grass18 March 2023.JPG,303.91,33.91,270,2026-03-18 08:42:04,0.3467,0.603,0.18
734857ab-9d6e-4b5a-a2e5-880c70fe77c3,DJI_0361.JPG,227.86,227.86,0,2026-03-18 08:42:12,0.3417,0.3568,0.21
734857ab-9d6e-4b5a-a2e5-880c70fe77c3,DJI_0355.JPG,38.21,218.21,180,2026-03-18 08:42:19,0.593,0.6181,0.15
734857ab-9d6e-4b5a-a2e5-880c70fe77c3,LL grass28 March 2023.JPG,295.56,205.56,90,2026-03-18 08:42:31,0.3266,0.5829,0.19
734857ab-9d6e-4b5a-a2e5-880c70fe77c3,LL grass24 March 2023.JPG,301.76,31.76,270,2026-03-18 08:42:37,0.3417,0.598,0.19
734857ab-9d6e-4b5a-a2e5-880c70fe77c3,DJI_0349.JPG,60.73,60.73,0,2026-03-18 08:42:42,0.7286,0.6281,0.26
734857ab-9d6e-4b5a-a2e5-880c70fe77c3,LL aerial1.JPG,132.21,42.21,90,2026-03-18 08:42:51,0.608,0.402,0.15
734857ab-9d6e-4b5a-a2e5-880c70fe77c3,DJI_0360.JPG,48.18,48.18,0,2026-03-18 08:42:55,0.6432,0.6281,0.19
734857ab-9d6e-4b5a-a2e5-880c70fe77c3,DJI_0362.JPG,68.1,68.1,0,2026-03-18 08:43:03,0.7437,0.598,0.26
734857ab-9d6e-4b5a-a2e5-880c70fe77c3,LL grass13 March 2023.JPG,62.42,62.42,0,2026-03-18 08:43:07,0.6683,0.5879,0.19
734857ab-9d6e-4b5a-a2e5-880c70fe77c3,DJI_0367.JPG,324.04,234.04,90,2026-03-18 08:43:13,0.407,0.6281,0.16
734857ab-9d6e-4b5a-a2e5-880c70fe77c3,LL grass10 March 2023.JPG,56.11,236.11,180,2026-03-18 08:43:18,0.6683,0.6131,0.2
734857ab-9d6e-4b5a-a2e5-880c70fe77c3,LL grass9 March 2023.JPG,310.24,40.24,270,2026-03-18 08:43:24,0.3367,0.6382,0.21
734857ab-9d6e-4b5a-a2e5-880c70fe77c3,LL grass12 March 2023.JPG,52.13,52.13,0,2026-03-18 08:43:28,0.6583,0.6231,0.2
734857ab-9d6e-4b5a-a2e5-880c70fe77c3,LL grass23 March 2023.JPG,48.75,228.75,180,2026-03-18 08:43:34,0.6633,0.6432,0.22
734857ab-9d6e-4b5a-a2e5-880c70fe77c3,LL grass25 March 2023.JPG,124.32,34.32,90,2026-03-18 08:43:39,0.6583,0.392,0.19
734857ab-9d6e-4b5a-a2e5-880c70fe77c3,LL grass29 March 2023.JPG,67.43,247.43,180,2026-03-18 08:43:46,0.7236,0.593,0.24
734857ab-9d6e-4b5a-a2e5-880c70fe77c3,DJI_0372.JPG,222.61,42.61,180,2026-03-18 08:43:50,0.3266,0.3116,0.26
734857ab-9d6e-4b5a-a2e5-880c70fe77c3,LL grass3 March 2023.JPG,119.65,209.65,270,2026-03-18 08:43:57,0.6633,0.407,0.19
734857ab-9d6e-4b5a-a2e5-880c70fe77c3,DJI_0346.JPG,138.3,228.3,270,2026-03-18 08:44:01,0.6231,0.3618,0.19
cb3d52df-9b33-4c06-b9f0-198f306d72df,LL grass25 March 2023.JPG,176.63,266.63,270,2026-03-18 12:19:54,0.5126,0.2864,0.21
cb3d52df-9b33-4c06-b9f0-198f306d72df,LL grass26 March 2023.JPG,34.94,214.94,180,2026-03-18 12:20:04,0.6281,0.6834,0.22
cb3d52df-9b33-4c06-b9f0-198f306d72df,LL grass3 March 2023.JPG,160.11,340.11,180,2026-03-18 12:20:26,0.5427,0.3819,0.13
cb3d52df-9b33-4c06-b9f0-198f306d72df,DJI_0371.JPG,235.46,235.46,0,2026-03-18 12:20:34,0.3065,0.3668,0.23
cb3d52df-9b33-4c06-b9f0-198f306d72df,LL grass2 March 2023.JPG,66.8,336.8,90,2026-03-18 12:20:50,0.6583,0.5678,0.17
cb3d52df-9b33-4c06-b9f0-198f306d72df,DJI_0373.JPG,136.36,136.36,0,2026-03-18 12:21:35,0.603,0.392,0.15
cb3d52df-9b33-4c06-b9f0-198f306d72df,LL grass11 March 2023.JPG,157.95,337.95,180,2026-03-18 12:21:40,0.6231,0.196,0.33
cb3d52df-9b33-4c06-b9f0-198f306d72df,LL grass18 March 2023.JPG,148.19,58.19,90,2026-03-18 12:21:44,0.6231,0.3015,0.23
cb3d52df-9b33-4c06-b9f0-198f306d72df,DJI_0353.JPG,178.88,88.88,90,2026-03-18 12:21:48,0.5025,0.3719,0.13
cb3d52df-9b33-4c06-b9f0-198f306d72df,DJI_0347.JPG,277.25,7.25,270,2026-03-18 12:21:54,0.3618,0.5176,0.14
cb3d52df-9b33-4c06-b9f0-198f306d72df,LL grass21 March 2023.JPG,229.48,49.48,180,2026-03-18 12:22:18,0.3618,0.3819,0.18
cb3d52df-9b33-4c06-b9f0-198f306d72df,LL grass.JPG,108.95,18.95,90,2026-03-18 12:22:27,0.6683,0.4422,0.18
cb3d52df-9b33-4c06-b9f0-198f306d72df,DJI_0354.JPG,85.29,355.29,90,2026-03-18 12:22:40,0.7136,0.5176,0.21
cb3d52df-9b33-4c06-b9f0-198f306d72df,LL grass1 March 2023.JPG,357.77,357.77,0,2026-03-18 12:23:02,0.4925,0.6935,0.19
cb3d52df-9b33-4c06-b9f0-198f306d72df,DJI_0365.JPG,74.36,74.36,0,2026-03-18 12:23:06,0.6884,0.5528,0.2
cb3d52df-9b33-4c06-b9f0-198f306d72df,DJI_0364.JPG,214.58,214.58,0,2026-03-18 12:23:12,0.3216,0.2412,0.31
cb3d52df-9b33-4c06-b9f0-198f306d72df,DJI_0358.JPG,139.76,229.76,270,2026-03-18 12:23:22,0.6382,0.3367,0.21
cb3d52df-9b33-4c06-b9f0-198f306d72df,LL grass9 March 2023.JPG,116.24,206.24,270,2026-03-18 12:23:42,0.6784,0.4121,0.2
cb3d52df-9b33-4c06-b9f0-198f306d72df,DJI_0372.JPG,143.33,53.33,90,2026-03-18 12:23:52,0.5879,0.3819,0.15
cb3d52df-9b33-4c06-b9f0-198f306d72df,DJI_0351.JPG,111.95,21.95,90,2026-03-18 12:24:12,0.6683,0.4322,0.18
cb3d52df-9b33-4c06-b9f0-198f306d72df,LL grass6 March 2023.JPG,286.63,16.63,270,2026-03-18 12:24:17,0.3065,0.5578,0.2
cb3d52df-9b33-4c06-b9f0-198f306d72df,DJI_0348.JPG,212.69,212.69,0,2026-03-18 12:24:22,0.392,0.3317,0.2
cb3d52df-9b33-4c06-b9f0-198f306d72df,LL grass4 March 2023.JPG,350.36,350.36,0,2026-03-18 12:24:30,0.4774,0.6332,0.14
cb3d52df-9b33-4c06-b9f0-198f306d72df,DJI_0374.JPG,170.68,350.68,180,2026-03-18 12:24:33,0.5276,0.3317,0.17
cb3d52df-9b33-4c06-b9f0-198f306d72df,DJI_0352.JPG,212.07,212.07,0,2026-03-18 12:24:38,0.3819,0.3116,0.22
cb3d52df-9b33-4c06-b9f0-198f306d72df,DJI_0345.JPG,131.12,41.12,90,2026-03-18 12:24:44,0.6583,0.3618,0.21
cb3d52df-9b33-4c06-b9f0-198f306d72df,DJI_0256.JPG,188.27,98.27,90,2026-03-18 12:24:49,0.4573,0.206,0.3
cb3d52df-9b33-4c06-b9f0-198f306d72df,DJI_0368.JPG,154.07,154.07,0,2026-03-18 12:24:57,0.6332,0.2261,0.3
cb3d52df-9b33-4c06-b9f0-198f306d72df,DJI_0360.JPG,254.95,74.95,180,2026-03-18 12:25:01,0.2663,0.4372,0.24
cb3d52df-9b33-4c06-b9f0-198f306d72df,DJI_0362.JPG,219.38,39.38,180,2026-03-18 12:25:08,0.3618,0.3317,0.22
cb3d52df-9b33-4c06-b9f0-198f306d72df,DJI_0350.JPG,166.43,166.43,0,2026-03-18 12:25:13,0.5528,0.2814,0.22
cb3d52df-9b33-4c06-b9f0-198f306d72df,DJI_0363.JPG,170.26,260.26,270,2026-03-18 12:25:17,0.5427,0.2513,0.25
cb3d52df-9b33-4c06-b9f0-198f306d72df,DJI_0346.JPG,202.96,202.96,0,2026-03-18 12:25:23,0.4372,0.3518,0.16
cb3d52df-9b33-4c06-b9f0-198f306d72df,LL grass16 March 2023.JPG,164.64,254.64,270,2026-03-18 12:25:39,0.5628,0.2714,0.24
cb3d52df-9b33-4c06-b9f0-198f306d72df,LL grass13 March 2023.JPG,198.11,198.11,0,2026-03-18 12:25:46,0.4121,0.2312,0.28
cb3d52df-9b33-4c06-b9f0-198f306d72df,DJI_0357.JPG,142.54,52.54,90,2026-03-18 12:25:56,0.6482,0.3065,0.24
cb3d52df-9b33-4c06-b9f0-198f306d72df,LL grass24 March 2023.JPG,132.8,222.8,270,2026-03-18 12:26:00,0.7035,0.3116,0.28
cb3d52df-9b33-4c06-b9f0-198f306d72df,DJI_0361.JPG,218.86,38.86,180,2026-03-18 12:26:09,0.2915,0.2412,0.33
cb3d52df-9b33-4c06-b9f0-198f306d72df,LL grass29 March 2023.JPG,330.52,240.52,90,2026-03-18 12:26:19,0.402,0.6734,0.2
cb3d52df-9b33-4c06-b9f0-198f306d72df,LL grass7 March 2023.JPG,96.07,6.07,90,2026-03-18 12:26:24,0.6181,0.4874,0.12
cb3d52df-9b33-4c06-b9f0-198f306d72df,LL grass32 March 2023.JPG,143.05,233.05,270,2026-03-18 12:26:32,0.7136,0.2161,0.36
cb3d52df-9b33-4c06-b9f0-198f306d72df,LL grass28 March 2023.JPG,255.61,255.61,0,2026-03-18 12:26:36,0.2161,0.4271,0.29
cb3d52df-9b33-4c06-b9f0-198f306d72df,LL aerial1.JPG,282.03,282.03,0,2026-03-18 12:26:45,0.3467,0.5327,0.16
cb3d52df-9b33-4c06-b9f0-198f306d72df,LL grass22 March 2023.JPG,135,225,270,2026-03-18 12:26:49,0.598,0.402,0.14
cb3d52df-9b33-4c06-b9f0-198f306d72df,DJI_0355.JPG,219.05,219.05,0,2026-03-18 12:26:56,0.392,0.3668,0.17
cb3d52df-9b33-4c06-b9f0-198f306d72df,LL grass20 March 2023.JPG,128.57,218.57,270,2026-03-18 12:27:00,0.6985,0.3417,0.25
cb3d52df-9b33-4c06-b9f0-198f306d72df,DJI_0370.JPG,170.26,260.26,270,2026-03-18 12:27:05,0.5427,0.2513,0.25
cb3d52df-9b33-4c06-b9f0-198f306d72df,LL grass15 March 2023.JPG,148.24,58.24,90,2026-03-18 12:27:30,0.598,0.3417,0.19
cb3d52df-9b33-4c06-b9f0-198f306d72df,DJI_0344.JPG,99.11,9.11,90,2026-03-18 12:27:33,0.8291,0.4472,0.33
cb3d52df-9b33-4c06-b9f0-198f306d72df,LL grass27 March 2023.JPG,190.01,280.01,270,2026-03-18 12:27:37,0.4472,0.201,0.3
cb3d52df-9b33-4c06-b9f0-198f306d72df,LL grass31 March 2023.JPG,120.5,30.5,90,2026-03-18 12:27:41,0.6834,0.392,0.21
cb3d52df-9b33-4c06-b9f0-198f306d72df,LL grass23 March 2023.JPG,230.25,50.25,180,2026-03-18 12:27:45,0.2613,0.3015,0.31
cb3d52df-9b33-4c06-b9f0-198f306d72df,LL grass30 March 2023.JPG,152.91,242.91,270,2026-03-18 12:27:49,0.6683,0.1709,0.37
cb3d52df-9b33-4c06-b9f0-198f306d72df,DJI_0366.JPG,230.55,50.55,180,2026-03-18 12:27:55,0.3015,0.3367,0.26
cb3d52df-9b33-4c06-b9f0-198f306d72df,LL grass10 March 2023.JPG,208.66,208.66,0,2026-03-18 12:27:59,0.397,0.3116,0.21
cb3d52df-9b33-4c06-b9f0-198f306d72df,LL grass12 March 2023.JPG,206.32,26.32,180,2026-03-18 12:28:02,0.3819,0.2613,0.27
cb3d52df-9b33-4c06-b9f0-198f306d72df,DJI_0349.JPG,159.18,69.18,90,2026-03-18 12:28:05,0.5678,0.3216,0.19
cb3d52df-9b33-4c06-b9f0-198f306d72df,LL grass19 March 2023.JPG,151.44,241.44,270,2026-03-18 12:28:09,0.608,0.3015,0.23
cb3d52df-9b33-4c06-b9f0-198f306d72df,DJI_0359.JPG,100.49,10.49,90,2026-03-18 12:28:13,0.7035,0.4623,0.21
cb3d52df-9b33-4c06-b9f0-198f306d72df,LL grass5 March 2023.JPG,24.04,24.04,0,2026-03-18 12:28:18,0.5729,0.6633,0.18
cb3d52df-9b33-4c06-b9f0-198f306d72df,DJI_0369.JPG,108.05,108.05,0,2026-03-18 12:28:21,0.7236,0.4271,0.24
cb3d52df-9b33-4c06-b9f0-198f306d72df,LL grass17 March 2023.JPG,189.58,99.58,90,2026-03-18 12:28:25,0.4673,0.3065,0.2
cb3d52df-9b33-4c06-b9f0-198f306d72df,LL grass8 March 2023.JPG,100.53,10.53,90,2026-03-18 12:28:29,0.7839,0.4472,0.29
cb3d52df-9b33-4c06-b9f0-198f306d72df,DJI_0356.JPG,212.33,32.33,180,2026-03-18 12:28:33,0.3266,0.2261,0.32
cb3d52df-9b33-4c06-b9f0-198f306d72df,DJI_0367.JPG,166.08,76.08,90,2026-03-18 12:28:36,0.5729,0.206,0.3
b6f9724d-fbc2-4189-a31b-b3be1952a4bf,DJI_0368.JPG,51.65,231.65,180,2026-03-18 13:15:07,0.6683,0.6332,0.21
b6f9724d-fbc2-4189-a31b-b3be1952a4bf,LL grass32 March 2023.JPG,325.14,325.14,0,2026-03-18 13:16:19,0.2462,0.8643,0.44
b6f9724d-fbc2-4189-a31b-b3be1952a4bf,LL grass13 March 2023.JPG,309.41,219.41,90,2026-03-18 13:16:31,0.2462,0.7085,0.33
b6f9724d-fbc2-4189-a31b-b3be1952a4bf,LL grass28 March 2023.JPG,121.46,31.46,90,2026-03-18 13:16:52,0.6683,0.397,0.2
b6f9724d-fbc2-4189-a31b-b3be1952a4bf,LL grass8 March 2023.JPG,5.65,5.65,0,2026-03-18 13:17:15,0.5226,0.7286,0.23
b6f9724d-fbc2-4189-a31b-b3be1952a4bf,DJI_0347.JPG,179.53,359.53,180,2026-03-18 13:17:23,0.5025,0.196,0.3
b6f9724d-fbc2-4189-a31b-b3be1952a4bf,DJI_0349.JPG,134.18,224.18,270,2026-03-18 13:17:35,0.6784,0.3266,0.25
b6f9724d-fbc2-4189-a31b-b3be1952a4bf,LL grass27 March 2023.JPG,93.81,93.81,0,2026-03-18 13:17:45,0.8392,0.4774,0.34
b6f9724d-fbc2-4189-a31b-b3be1952a4bf,LL grass26 March 2023.JPG,52.71,52.71,0,2026-03-18 13:18:04,0.7739,0.7085,0.34
b6f9724d-fbc2-4189-a31b-b3be1952a4bf,DJI_0365.JPG,169.95,79.95,90,2026-03-18 13:18:10,0.5628,0.1457,0.36
b6f9724d-fbc2-4189-a31b-b3be1952a4bf,LL aerial1.JPG,64.65,64.65,0,2026-03-18 13:18:42,0.7387,0.6131,0.26
b6f9724d-fbc2-4189-a31b-b3be1952a4bf,LL grass16 March 2023.JPG,175.67,85.67,90,2026-03-18 13:18:59,0.5226,0.201,0.3
b6f9724d-fbc2-4189-a31b-b3be1952a4bf,DJI_0344.JPG,88.71,358.71,90,2026-03-18 13:19:17,0.8342,0.5075,0.33
b6f9724d-fbc2-4189-a31b-b3be1952a4bf,LL grass2 March 2023.JPG,356.13,176.13,180,2026-03-18 13:19:42,0.4774,0.8342,0.33
b6f9724d-fbc2-4189-a31b-b3be1952a4bf,LL grass7 March 2023.JPG,266.92,356.92,270,2026-03-18 13:19:49,0.2663,0.4874,0.23
b6f9724d-fbc2-4189-a31b-b3be1952a4bf,DJI_0346.JPG,221.79,221.79,0,2026-03-18 13:19:56,0.2462,0.2161,0.38
b6f9724d-fbc2-4189-a31b-b3be1952a4bf,LL grass11 March 2023.JPG,91.27,1.27,90,2026-03-18 13:20:10,0.8392,0.4925,0.34
b6f9724d-fbc2-4189-a31b-b3be1952a4bf,LL grass5 March 2023.JPG,233.83,233.83,0,2026-03-18 13:20:38,0.201,0.2814,0.37
b6f9724d-fbc2-4189-a31b-b3be1952a4bf,DJI_0352.JPG,158.63,68.63,90,2026-03-18 13:20:46,0.6131,0.2111,0.31
b6f9724d-fbc2-4189-a31b-b3be1952a4bf,DJI_0359.JPG,46.13,226.13,180,2026-03-18 13:21:27,0.8894,0.8744,0.54
b6f9724d-fbc2-4189-a31b-b3be1952a4bf,LL grass4 March 2023.JPG,355.54,175.54,180,2026-03-18 13:21:43,0.4724,0.8543,0.36
b6f9724d-fbc2-4189-a31b-b3be1952a4bf,LL grass25 March 2023.JPG,335.14,65.14,270,2026-03-18 13:21:49,0.3568,0.809,0.34
b6f9724d-fbc2-4189-a31b-b3be1952a4bf,DJI_0353.JPG,316.65,46.65,270,2026-03-18 13:23:00,0.2462,0.7688,0.37
b6f9724d-fbc2-4189-a31b-b3be1952a4bf,LL grass23 March 2023.JPG,69.58,69.58,0,2026-03-18 13:23:07,0.8442,0.6281,0.37
b6f9724d-fbc2-4189-a31b-b3be1952a4bf,DJI_0367.JPG,86.39,266.39,180,2026-03-18 13:23:17,0.7789,0.5176,0.28
b6f9724d-fbc2-4189-a31b-b3be1952a4bf,LL grass15 March 2023.JPG,311.6,41.6,270,2026-03-18 13:23:24,0.2312,0.7387,0.36
b6f9724d-fbc2-4189-a31b-b3be1952a4bf,DJI_0355.JPG,318.58,228.58,90,2026-03-18 13:23:43,0.2362,0.799,0.4
b6f9724d-fbc2-4189-a31b-b3be1952a4bf,LL grass1 March 2023.JPG,354.06,354.06,0,2026-03-18 13:23:57,0.4673,0.8141,0.32
b6f9724d-fbc2-4189-a31b-b3be1952a4bf,DJI_0256.JPG,48.34,48.34,0,2026-03-18 13:24:50,0.8191,0.7839,0.43
b6f9724d-fbc2-4189-a31b-b3be1952a4bf,LL grass9 March 2023.JPG,0,270,90,2026-03-18 13:24:52,0.5,0.5,0
b6f9724d-fbc2-4189-a31b-b3be1952a4bf,DJI_0351.JPG,313.07,43.07,270,2026-03-18 13:25:01,0.191,0.7889,0.42
b6f9724d-fbc2-4189-a31b-b3be1952a4bf,LL grass17 March 2023.JPG,168.69,78.69,90,2026-03-18 13:25:30,0.5628,0.1859,0.32
b6f9724d-fbc2-4189-a31b-b3be1952a4bf,DJI_0371.JPG,49.51,49.51,0,2026-03-18 13:25:42,0.809,0.7638,0.41
b6f9724d-fbc2-4189-a31b-b3be1952a4bf,LL grass24 March 2023.JPG,0,270,90,2026-03-18 13:26:21,0.5,0.5,0
bcc1464a-1b46-45e6-8611-830adfa88286,LL grass9 March 2023.JPG,228.13,48.13,180,2026-03-18 13:34:01,0.1608,0.196,0.46
bcc1464a-1b46-45e6-8611-830adfa88286,DJI_0347.JPG,4.33,4.33,0,2026-03-18 13:34:07,0.5226,0.799,0.3
bcc1464a-1b46-45e6-8611-830adfa88286,LL grass24 March 2023.JPG,56.62,236.62,180,2026-03-18 13:34:11,0.8241,0.7136,0.39
bcc1464a-1b46-45e6-8611-830adfa88286,DJI_0354.JPG,262.38,172.38,90,2026-03-18 13:34:16,0.1809,0.4573,0.32
bcc1464a-1b46-45e6-8611-830adfa88286,DJI_0345.JPG,62.1,62.1,0,2026-03-18 13:34:22,0.8844,0.7035,0.43
bcc1464a-1b46-45e6-8611-830adfa88286,DJI_0256.JPG,139.24,49.24,90,2026-03-18 13:34:28,0.8141,0.1357,0.48
bcc1464a-1b46-45e6-8611-830adfa88286,LL grass11 March 2023.JPG,263.9,353.9,270,2026-03-18 13:34:32,0.1005,0.4573,0.4
bcc1464a-1b46-45e6-8611-830adfa88286,DJI_0352.JPG,51.91,141.91,270,2026-03-18 13:34:43,0.7789,0.7186,0.35
bcc1464a-1b46-45e6-8611-830adfa88286,DJI_0359.JPG,148.59,238.59,270,2026-03-18 13:34:49,0.6734,0.2161,0.33
bcc1464a-1b46-45e6-8611-830adfa88286,LL grass13 March 2023.JPG,214.07,214.07,0,2026-03-18 13:34:55,0.3216,0.2362,0.32
bcc1464a-1b46-45e6-8611-830adfa88286,DJI_0360.JPG,39.86,219.86,180,2026-03-18 13:35:03,0.7035,0.7437,0.32
bcc1464a-1b46-45e6-8611-830adfa88286,LL grass7 March 2023.JPG,51.9,141.9,270,2026-03-18 13:35:10,0.8492,0.7739,0.44
bcc1464a-1b46-45e6-8611-830adfa88286,LL grass23 March 2023.JPG,345.43,75.43,270,2026-03-18 13:35:27,0.4171,0.8191,0.33
bcc1464a-1b46-45e6-8611-830adfa88286,LL grass12 March 2023.JPG,47.22,47.22,0,2026-03-18 13:35:32,0.7688,0.7487,0.37
bcc1464a-1b46-45e6-8611-830adfa88286,LL grass8 March 2023.JPG,3.55,3.55,0,2026-03-18 13:35:36,0.5226,0.8643,0.37
bcc1464a-1b46-45e6-8611-830adfa88286,DJI_0368.JPG,321.06,51.06,270,2026-03-18 13:35:42,0.2462,0.8141,0.4
bcc1464a-1b46-45e6-8611-830adfa88286,DJI_0372.JPG,229.62,49.62,180,2026-03-18 13:35:49,0.2312,0.2714,0.35
bcc1464a-1b46-45e6-8611-830adfa88286,DJI_0358.JPG,312.9,222.9,90,2026-03-18 13:35:56,0.2161,0.7638,0.39
bcc1464a-1b46-45e6-8611-830adfa88286,DJI_0373.JPG,315,225,90,2026-03-18 13:36:01,0.2261,0.7739,0.39
bcc1464a-1b46-45e6-8611-830adfa88286,DJI_0369.JPG,245.36,65.36,180,2026-03-18 13:37:35,0.1658,0.3467,0.37
bcc1464a-1b46-45e6-8611-830adfa88286,DJI_0366.JPG,327.02,57.02,270,2026-03-18 13:37:41,0.2864,0.8291,0.39
bcc1464a-1b46-45e6-8611-830adfa88286,LL grass25 March 2023.JPG,37.87,217.87,180,2026-03-18 13:37:47,0.6935,0.7487,0.32
bcc1464a-1b46-45e6-8611-830adfa88286,DJI_0362.JPG,229.22,49.22,180,2026-03-18 13:37:55,0.1709,0.2161,0.43
bcc1464a-1b46-45e6-8611-830adfa88286,LL grass18 March 2023.JPG,311.15,221.15,90,2026-03-18 13:37:59,0.2211,0.7437,0.37
bcc1464a-1b46-45e6-8611-830adfa88286,DJI_0350.JPG,205.13,25.13,180,2026-03-18 13:38:04,0.3668,0.2161,0.31
bcc1464a-1b46-45e6-8611-830adfa88286,DJI_0344.JPG,284.53,14.53,270,2026-03-18 13:38:09,0.1608,0.5879,0.35
bcc1464a-1b46-45e6-8611-830adfa88286,LL grass28 March 2023.JPG,140.25,230.25,270,2026-03-18 13:38:19,0.6985,0.2613,0.31
bcc1464a-1b46-45e6-8611-830adfa88286,LL grass32 March 2023.JPG,179.41,89.41,90,2026-03-18 13:38:24,0.5025,0.2563,0.24
bcc1464a-1b46-45e6-8611-830adfa88286,DJI_0374.JPG,138.78,138.78,0,2026-03-18 13:38:32,0.7487,0.2161,0.38
bcc1464a-1b46-45e6-8611-830adfa88286,LL grass2 March 2023.JPG,220.56,130.56,90,2026-03-18 13:39:02,0.2613,0.2211,0.37
bcc1464a-1b46-45e6-8611-830adfa88286,LL grass29 March 2023.JPG,83.77,83.77,0,2026-03-18 13:39:08,0.799,0.5327,0.3
bcc1464a-1b46-45e6-8611-830adfa88286,DJI_0371.JPG,136.03,46.03,90,2026-03-18 13:39:14,0.7739,0.2161,0.39
bcc1464a-1b46-45e6-8611-830adfa88286,LL grass3 March 2023.JPG,231.28,141.28,90,2026-03-18 13:39:27,0.2211,0.2764,0.36
bcc1464a-1b46-45e6-8611-830adfa88286,LL grass22 March 2023.JPG,34.77,34.77,0,2026-03-18 13:39:38,0.6482,0.7136,0.26
bcc1464a-1b46-45e6-8611-830adfa88286,DJI_0357.JPG,135.51,225.51,270,2026-03-18 13:40:42,0.7789,0.2161,0.4
bcc1464a-1b46-45e6-8611-830adfa88286,LL grass15 March 2023.JPG,129.58,39.58,90,2026-03-18 13:40:46,0.8191,0.2362,0.41
bcc1464a-1b46-45e6-8611-830adfa88286,LL grass21 March 2023.JPG,46.86,226.86,180,2026-03-18 13:40:51,0.8191,0.799,0.44
bcc1464a-1b46-45e6-8611-830adfa88286,DJI_0367.JPG,1.35,91.35,270,2026-03-18 13:40:58,0.5075,0.8191,0.32
bcc1464a-1b46-45e6-8611-830adfa88286,DJI_0365.JPG,90.38,90.38,0,2026-03-18 13:41:03,0.8794,0.4975,0.38
bcc1464a-1b46-45e6-8611-830adfa88286,DJI_0370.JPG,105.69,195.69,270,2026-03-18 13:41:10,0.7236,0.4372,0.23
bcc1464a-1b46-45e6-8611-830adfa88286,LL grass27 March 2023.JPG,346.83,76.83,270,2026-03-18 13:41:14,0.4171,0.8543,0.36
bcc1464a-1b46-45e6-8611-830adfa88286,LL grass.JPG,313.06,313.06,0,2026-03-18 13:41:29,0.3467,0.6432,0.21
bcc1464a-1b46-45e6-8611-830adfa88286,LL aerial1.JPG,65.67,245.67,180,2026-03-18 13:41:37,0.8945,0.6784,0.43
bcc1464a-1b46-45e6-8611-830adfa88286,DJI_0364.JPG,308.9,38.9,270,2026-03-18 13:41:45,0.1357,0.794,0.47
bcc1464a-1b46-45e6-8611-830adfa88286,DJI_0349.JPG,300.96,210.96,90,2026-03-18 13:42:16,0.1608,0.7035,0.4
bcc1464a-1b46-45e6-8611-830adfa88286,LL grass20 March 2023.JPG,238.85,238.85,0,2026-03-18 13:42:23,0.2714,0.3618,0.27
bcc1464a-1b46-45e6-8611-830adfa88286,LL grass19 March 2023.JPG,134.55,44.55,90,2026-03-18 13:42:30,0.8191,0.1859,0.45
bcc1464a-1b46-45e6-8611-830adfa88286,LL grass10 March 2023.JPG,307.32,217.32,90,2026-03-18 13:42:35,0.1407,0.7739,0.45
bcc1464a-1b46-45e6-8611-830adfa88286,LL grass30 March 2023.JPG,52.66,52.66,0,2026-03-18 13:42:42,0.8392,0.7588,0.43
bcc1464a-1b46-45e6-8611-830adfa88286,LL grass26 March 2023.JPG,140.02,50.02,90,2026-03-18 13:42:51,0.7085,0.2513,0.32
bcc1464a-1b46-45e6-8611-830adfa88286,LL grass16 March 2023.JPG,126.94,36.94,90,2026-03-18 13:43:05,0.8442,0.2412,0.43
bcc1464a-1b46-45e6-8611-830adfa88286,DJI_0353.JPG,40.28,40.28,0,2026-03-18 13:43:13,0.7789,0.8291,0.43
bcc1464a-1b46-45e6-8611-830adfa88286,LL grass17 March 2023.JPG,167.7,77.7,90,2026-03-18 13:43:18,0.5729,0.1658,0.34
bcc1464a-1b46-45e6-8611-830adfa88286,DJI_0351.JPG,134.48,44.48,90,2026-03-18 13:43:24,0.7789,0.2261,0.39
bcc1464a-1b46-45e6-8611-830adfa88286,DJI_0361.JPG,49.95,229.95,180,2026-03-18 13:43:29,0.7839,0.7387,0.37
bcc1464a-1b46-45e6-8611-830adfa88286,DJI_0363.JPG,316.48,46.48,270,2026-03-18 13:43:35,0.2161,0.799,0.41
bcc1464a-1b46-45e6-8611-830adfa88286,DJI_0355.JPG,313.28,43.28,270,2026-03-18 13:43:39,0.1558,0.8241,0.47
bcc1464a-1b46-45e6-8611-830adfa88286,DJI_0348.JPG,18.88,198.88,180,2026-03-18 13:43:46,0.6332,0.8894,0.41
bcc1464a-1b46-45e6-8611-830adfa88286,LL grass5 March 2023.JPG,135,45,90,2026-03-18 13:43:53,0.6985,0.3015,0.28
bcc1464a-1b46-45e6-8611-830adfa88286,LL grass1 March 2023.JPG,67.5,337.5,90,2026-03-18 13:43:59,0.7487,0.603,0.27
bcc1464a-1b46-45e6-8611-830adfa88286,LL grass6 March 2023.JPG,43.29,313.29,90,2026-03-18 13:44:15,0.6633,0.6734,0.24
bcc1464a-1b46-45e6-8611-830adfa88286,LL grass31 March 2023.JPG,131.42,221.42,270,2026-03-18 13:44:21,0.7136,0.3116,0.28
bcc1464a-1b46-45e6-8611-830adfa88286,LL grass4 March 2023.JPG,149.04,149.04,0,2026-03-18 13:44:27,0.6432,0.2613,0.28
bcc1464a-1b46-45e6-8611-830adfa88286,DJI_0346.JPG,49.21,229.21,180,2026-03-18 13:44:32,0.6834,0.6583,0.24
bcc1464a-1b46-45e6-8611-830adfa88286,DJI_0356.JPG,34.53,214.53,180,2026-03-18 13:44:37,0.6884,0.7739,0.33
30c659ba-827e-4777-aac1-256c61f20dbc,LL grass8 March 2023.JPG,89.46,359.46,90,2026-03-18 19:58:55,0.7688,0.5025,0.27
30c659ba-827e-4777-aac1-256c61f20dbc,DJI_0369.JPG,141.01,231.01,270,2026-03-18 19:59:27,0.6281,0.3417,0.2
30c659ba-827e-4777-aac1-256c61f20dbc,LL grass32 March 2023.JPG,238.35,238.35,0,2026-03-18 19:59:42,0.3166,0.3869,0.22
30c659ba-827e-4777-aac1-256c61f20dbc,LL grass23 March 2023.JPG,84.47,84.47,0,2026-03-18 19:59:51,0.7337,0.5226,0.23
30c659ba-827e-4777-aac1-256c61f20dbc,DJI_0372.JPG,231.44,51.44,180,2026-03-18 19:59:59,0.3266,0.3618,0.22
30c659ba-827e-4777-aac1-256c61f20dbc,LL grass25 March 2023.JPG,179.34,269.34,270,2026-03-18 20:00:08,0.5025,0.2814,0.22
30c659ba-827e-4777-aac1-256c61f20dbc,LL grass18 March 2023.JPG,45.73,225.73,180,2026-03-18 20:00:24,0.6985,0.6935,0.28
30c659ba-827e-4777-aac1-256c61f20dbc,DJI_0347.JPG,89.43,359.43,90,2026-03-18 20:00:30,0.7538,0.5025,0.25
30c659ba-827e-4777-aac1-256c61f20dbc,DJI_0256.JPG,58.35,58.35,0,2026-03-18 20:00:40,0.6834,0.6131,0.22
30c659ba-827e-4777-aac1-256c61f20dbc,LL grass9 March 2023.JPG,298.04,208.04,90,2026-03-18 20:00:48,0.2312,0.6432,0.3
30c659ba-827e-4777-aac1-256c61f20dbc,LL grass24 March 2023.JPG,47.36,47.36,0,2026-03-18 20:00:57,0.7538,0.7337,0.34
30c659ba-827e-4777-aac1-256c61f20dbc,DJI_0349.JPG,27.26,27.26,0,2026-03-18 20:01:06,0.6281,0.7487,0.28
30c659ba-827e-4777-aac1-256c61f20dbc,DJI_0370.JPG,147.91,237.91,270,2026-03-18 20:01:13,0.593,0.3518,0.17
30c659ba-827e-4777-aac1-256c61f20dbc,DJI_0350.JPG,22.85,22.85,0,2026-03-18 20:01:19,0.6683,0.8995,0.43
30c659ba-827e-4777-aac1-256c61f20dbc,DJI_0344.JPG,103.43,193.43,270,2026-03-18 20:01:28,0.8894,0.407,0.4
30c659ba-827e-4777-aac1-256c61f20dbc,LL grass17 March 2023.JPG,348.9,78.9,270,2026-03-18 20:01:37,0.4472,0.7688,0.27
30c659ba-827e-4777-aac1-256c61f20dbc,LL grass30 March 2023.JPG,43.97,43.97,0,2026-03-18 20:01:45,0.7739,0.7839,0.39
30c659ba-827e-4777-aac1-256c61f20dbc,DJI_0374.JPG,247.68,247.68,0,2026-03-18 20:01:51,0.2613,0.402,0.26
30c659ba-827e-4777-aac1-256c61f20dbc,DJI_0351.JPG,294.53,24.53,270,2026-03-18 20:01:59,0.2412,0.6181,0.28
30c659ba-827e-4777-aac1-256c61f20dbc,DJI_0346.JPG,56.74,236.74,180,2026-03-18 20:02:03,0.7337,0.6533,0.28
30c659ba-827e-4777-aac1-256c61f20dbc,DJI_0354.JPG,21.11,201.11,180,2026-03-18 20:02:08,0.598,0.7538,0.27
30c659ba-827e-4777-aac1-256c61f20dbc,DJI_0355.JPG,40.12,220.12,180,2026-03-18 20:02:15,0.6884,0.7236,0.29
30c659ba-827e-4777-aac1-256c61f20dbc,DJI_0361.JPG,62.17,62.17,0,2026-03-18 20:02:20,0.9045,0.7136,0.46
30c659ba-827e-4777-aac1-256c61f20dbc,LL grass3 March 2023.JPG,83.75,83.75,0,2026-03-18 20:02:30,0.8442,0.5377,0.35
30c659ba-827e-4777-aac1-256c61f20dbc,DJI_0362.JPG,35.44,215.44,180,2026-03-18 20:02:37,0.6985,0.7789,0.34
30c659ba-827e-4777-aac1-256c61f20dbc,LL grass28 March 2023.JPG,1.58,91.58,270,2026-03-18 20:02:43,0.5075,0.7739,0.27
30c659ba-827e-4777-aac1-256c61f20dbc,LL grass12 March 2023.JPG,97.74,187.74,270,2026-03-18 20:02:48,0.8141,0.4573,0.32
30c659ba-827e-4777-aac1-256c61f20dbc,LL grass11 March 2023.JPG,359.34,359.34,0,2026-03-18 20:02:52,0.4975,0.7186,0.22
30c659ba-827e-4777-aac1-256c61f20dbc,LL grass31 March 2023.JPG,321.46,51.46,270,2026-03-18 20:02:57,0.3819,0.6482,0.19
30c659ba-827e-4777-aac1-256c61f20dbc,LL grass2 March 2023.JPG,95.76,5.76,90,2026-03-18 20:03:04,0.7739,0.4724,0.28
30c659ba-827e-4777-aac1-256c61f20dbc,LL grass7 March 2023.JPG,98.77,188.77,270,2026-03-18 20:03:13,0.9397,0.4322,0.44
30c659ba-827e-4777-aac1-256c61f20dbc,DJI_0360.JPG,132.24,42.24,90,2026-03-18 20:03:18,0.7186,0.3015,0.3
30c659ba-827e-4777-aac1-256c61f20dbc,LL grass6 March 2023.JPG,171.03,351.03,180,2026-03-18 20:03:25,0.5226,0.3568,0.14
30c659ba-827e-4777-aac1-256c61f20dbc,DJI_0366.JPG,178.73,268.73,270,2026-03-18 20:03:30,0.5075,0.1608,0.34
30c659ba-827e-4777-aac1-256c61f20dbc,LL grass22 March 2023.JPG,168.4,78.4,90,2026-03-18 20:03:36,0.5779,0.1206,0.39
30c659ba-827e-4777-aac1-256c61f20dbc,LL grass16 March 2023.JPG,135,45,90,2026-03-18 20:03:41,0.5176,0.4824,0.02
30c659ba-827e-4777-aac1-256c61f20dbc,LL grass.JPG,88.1,268.1,180,2026-03-18 20:03:49,0.8794,0.5126,0.38
30c659ba-827e-4777-aac1-256c61f20dbc,LL grass21 March 2023.JPG,51.28,231.28,180,2026-03-18 20:03:55,0.804,0.7437,0.39
30c659ba-827e-4777-aac1-256c61f20dbc,DJI_0352.JPG,173.19,83.19,90,2026-03-18 20:04:07,0.5477,0.1005,0.4
30c659ba-827e-4777-aac1-256c61f20dbc,DJI_0367.JPG,81.75,81.75,0,2026-03-18 20:04:11,0.8291,0.5477,0.33
30c659ba-827e-4777-aac1-256c61f20dbc,LL grass26 March 2023.JPG,324.96,54.96,270,2026-03-18 20:04:15,0.3467,0.7186,0.27
30c659ba-827e-4777-aac1-256c61f20dbc,LL grass20 March 2023.JPG,45.75,225.75,180,2026-03-18 20:04:18,0.6935,0.6884,0.27
30c659ba-827e-4777-aac1-256c61f20dbc,DJI_0363.JPG,214.28,34.28,180,2026-03-18 20:04:43,0.2312,0.1055,0.48
30c659ba-827e-4777-aac1-256c61f20dbc,LL aerial1.JPG,88.15,88.15,0,2026-03-18 20:04:49,0.8894,0.5126,0.39
30c659ba-827e-4777-aac1-256c61f20dbc,DJI_0371.JPG,317.9,227.9,90,2026-03-18 20:04:54,0.3116,0.7085,0.28
30c659ba-827e-4777-aac1-256c61f20dbc,LL grass15 March 2023.JPG,302.14,32.14,270,2026-03-18 20:05:01,0.2161,0.6784,0.34
30c659ba-827e-4777-aac1-256c61f20dbc,DJI_0358.JPG,44.46,224.46,180,2026-03-18 20:05:05,0.7638,0.7688,0.38
30c659ba-827e-4777-aac1-256c61f20dbc,DJI_0373.JPG,301.41,211.41,90,2026-03-18 20:05:10,0.2161,0.6734,0.33
30c659ba-827e-4777-aac1-256c61f20dbc,LL grass5 March 2023.JPG,42.85,42.85,0,2026-03-18 20:05:14,0.6935,0.7085,0.28
30c659ba-827e-4777-aac1-256c61f20dbc,DJI_0353.JPG,266.07,86.07,180,2026-03-18 20:05:20,0.1709,0.4774,0.33
30c659ba-827e-4777-aac1-256c61f20dbc,LL grass29 March 2023.JPG,295.52,115.52,180,2026-03-18 20:05:25,0.2211,0.6332,0.31
30c659ba-827e-4777-aac1-256c61f20dbc,LL grass1 March 2023.JPG,90.43,0.43,90,2026-03-18 20:05:36,0.8342,0.4975,0.33
30c659ba-827e-4777-aac1-256c61f20dbc,DJI_0364.JPG,328.31,58.31,270,2026-03-18 20:05:41,0.3216,0.7889,0.34
30c659ba-827e-4777-aac1-256c61f20dbc,LL grass4 March 2023.JPG,268.45,358.45,270,2026-03-18 20:05:47,0.2211,0.4925,0.28
30c659ba-827e-4777-aac1-256c61f20dbc,DJI_0348.JPG,217.68,37.68,180,2026-03-18 20:05:51,0.2613,0.191,0.39
30c659ba-827e-4777-aac1-256c61f20dbc,LL grass10 March 2023.JPG,327.63,237.63,90,2026-03-18 20:05:58,0.3869,0.6784,0.21
30c659ba-827e-4777-aac1-256c61f20dbc,DJI_0356.JPG,303.55,213.55,90,2026-03-18 20:06:03,0.2613,0.6583,0.29
30c659ba-827e-4777-aac1-256c61f20dbc,DJI_0357.JPG,213.52,213.52,0,2026-03-18 20:06:07,0.3719,0.3065,0.23
30c659ba-827e-4777-aac1-256c61f20dbc,DJI_0365.JPG,278.47,278.47,0,2026-03-18 20:06:15,0.1457,0.5528,0.36
30c659ba-827e-4777-aac1-256c61f20dbc,LL grass13 March 2023.JPG,107.67,197.67,270,2026-03-18 20:06:23,0.8392,0.392,0.36
30c659ba-827e-4777-aac1-256c61f20dbc,LL grass27 March 2023.JPG,264.68,84.68,180,2026-03-18 20:06:28,0.0955,0.4623,0.41
30c659ba-827e-4777-aac1-256c61f20dbc,LL grass19 March 2023.JPG,126.37,36.37,90,2026-03-18 20:06:34,0.8241,0.2613,0.4
30c659ba-827e-4777-aac1-256c61f20dbc,DJI_0345.JPG,139.5,49.5,90,2026-03-18 20:06:43,0.794,0.1558,0.45
30c659ba-827e-4777-aac1-256c61f20dbc,DJI_0368.JPG,239.04,59.04,180,2026-03-18 20:06:47,0.2613,0.3568,0.28
30c659ba-827e-4777-aac1-256c61f20dbc,DJI_0359.JPG,157.23,247.23,270,2026-03-18 20:06:53,0.6382,0.1709,0.36
95f61447-a58d-4526-aa29-439aa6511f41,LL grass17 March 2023.JPG,123.61,33.61,90,2026-03-19 10:28:39,0.9045,0.2312,0.49
95f61447-a58d-4526-aa29-439aa6511f41,DJI_0365.JPG,275.39,275.39,0,2026-03-19 10:28:46,0.1005,0.5377,0.4
95f61447-a58d-4526-aa29-439aa6511f41,DJI_0348.JPG,126.2,36.2,90,2026-03-19 10:28:52,0.9497,0.1709,0.56
95f61447-a58d-4526-aa29-439aa6511f41,LL grass13 March 2023.JPG,221.6,41.6,180,2026-03-19 10:28:58,0.2613,0.2312,0.36
95f61447-a58d-4526-aa29-439aa6511f41,DJI_0371.JPG,240.47,330.47,270,2026-03-19 10:29:09,0.1407,0.2965,0.41
95f61447-a58d-4526-aa29-439aa6511f41,LL grass9 March 2023.JPG,229.73,229.73,0,2026-03-19 10:29:15,0.1055,0.1658,0.52
95f61447-a58d-4526-aa29-439aa6511f41,LL grass31 March 2023.JPG,177.91,357.91,180,2026-03-19 10:29:23,0.5126,0.1558,0.34
95f61447-a58d-4526-aa29-439aa6511f41,LL grass10 March 2023.JPG,82.22,262.22,180,2026-03-19 10:29:30,0.8492,0.5477,0.35
95f61447-a58d-4526-aa29-439aa6511f41,LL grass29 March 2023.JPG,246.08,66.08,180,2026-03-19 10:29:38,0.2111,0.3719,0.32
95f61447-a58d-4526-aa29-439aa6511f41,DJI_0347.JPG,184.56,4.56,180,2026-03-19 10:29:44,0.4673,0.0905,0.41
95f61447-a58d-4526-aa29-439aa6511f41,LL grass30 March 2023.JPG,122.98,212.98,270,2026-03-19 10:29:49,0.8291,0.2864,0.39
95f61447-a58d-4526-aa29-439aa6511f41,DJI_0344.JPG,295.1,25.1,270,2026-03-19 10:29:58,0.1407,0.6683,0.4
95f61447-a58d-4526-aa29-439aa6511f41,LL grass16 March 2023.JPG,344.36,344.36,0,2026-03-19 10:30:10,0.4472,0.6884,0.2
95f61447-a58d-4526-aa29-439aa6511f41,LL grass23 March 2023.JPG,244.24,244.24,0,2026-03-19 10:30:16,0.1407,0.3266,0.4
95f61447-a58d-4526-aa29-439aa6511f41,LL grass19 March 2023.JPG,129.34,219.34,270,2026-03-19 10:30:23,0.8342,0.2261,0.43
95f61447-a58d-4526-aa29-439aa6511f41,LL grass25 March 2023.JPG,129.14,39.14,90,2026-03-19 10:30:28,0.8241,0.2362,0.42
95f61447-a58d-4526-aa29-439aa6511f41,LL grass18 March 2023.JPG,257.42,347.42,270,2026-03-19 10:30:33,0.196,0.4322,0.31
95f61447-a58d-4526-aa29-439aa6511f41,LL grass4 March 2023.JPG,332.63,332.63,0,2026-03-19 10:30:39,0.3166,0.8543,0.4
95f61447-a58d-4526-aa29-439aa6511f41,LL grass11 March 2023.JPG,350.93,350.93,0,2026-03-19 10:30:46,0.4523,0.799,0.3
95f61447-a58d-4526-aa29-439aa6511f41,DJI_0363.JPG,275.11,95.11,180,2026-03-19 10:30:52,0.191,0.5276,0.31
95f61447-a58d-4526-aa29-439aa6511f41,LL grass7 March 2023.JPG,171.3,351.3,180,2026-03-19 10:30:59,0.5327,0.2864,0.22
95f61447-a58d-4526-aa29-439aa6511f41,LL grass24 March 2023.JPG,220.65,220.65,0,2026-03-19 10:31:03,0.2864,0.2513,0.33
95f61447-a58d-4526-aa29-439aa6511f41,DJI_0346.JPG,45.39,45.39,0,2026-03-19 10:31:08,0.8693,0.8643,0.52
95f61447-a58d-4526-aa29-439aa6511f41,LL grass.JPG,89.56,359.56,90,2026-03-19 10:31:14,0.8291,0.5025,0.33
95f61447-a58d-4526-aa29-439aa6511f41,LL grass12 March 2023.JPG,231.55,51.55,180,2026-03-19 10:31:18,0.0854,0.1709,0.53
95f61447-a58d-4526-aa29-439aa6511f41,DJI_0357.JPG,301.37,31.37,270,2026-03-19 10:31:23,0.191,0.6884,0.36
95f61447-a58d-4526-aa29-439aa6511f41,LL grass8 March 2023.JPG,216.6,216.6,0,2026-03-19 10:31:31,0.3116,0.2462,0.32
95f61447-a58d-4526-aa29-439aa6511f41,LL grass15 March 2023.JPG,226.86,46.86,180,2026-03-19 10:31:36,0.1809,0.201,0.44
95f61447-a58d-4526-aa29-439aa6511f41,LL grass20 March 2023.JPG,34.65,214.65,180,2026-03-19 10:31:40,0.7136,0.809,0.38
95f61447-a58d-4526-aa29-439aa6511f41,LL grass5 March 2023.JPG,76.33,76.33,0,2026-03-19 10:31:48,0.593,0.5226,0.1
95f61447-a58d-4526-aa29-439aa6511f41,DJI_0374.JPG,251.93,251.93,0,2026-03-19 10:31:53,0.2613,0.4221,0.25
95f61447-a58d-4526-aa29-439aa6511f41,DJI_0350.JPG,33.59,33.59,0,2026-03-19 10:31:58,0.7286,0.8442,0.41
95f61447-a58d-4526-aa29-439aa6511f41,DJI_0362.JPG,90.52,90.52,0,2026-03-19 10:32:04,0.7789,0.4975,0.28
95f61447-a58d-4526-aa29-439aa6511f41,LL grass2 March 2023.JPG,177.45,357.45,180,2026-03-19 10:32:09,0.5176,0.1055,0.39
95f61447-a58d-4526-aa29-439aa6511f41,LL grass32 March 2023.JPG,111.95,111.95,0,2026-03-19 10:32:13,0.6683,0.4322,0.18
95f61447-a58d-4526-aa29-439aa6511f41,DJI_0355.JPG,141.24,51.24,90,2026-03-19 10:32:17,0.6432,0.3216,0.23
95f61447-a58d-4526-aa29-439aa6511f41,DJI_0351.JPG,120.43,30.43,90,2026-03-19 10:32:23,0.6583,0.407,0.18
95f61447-a58d-4526-aa29-439aa6511f41,DJI_0356.JPG,200.98,200.98,0,2026-03-19 10:32:27,0.3719,0.1658,0.36
95f61447-a58d-4526-aa29-439aa6511f41,DJI_0359.JPG,0,90,270,2026-03-19 10:32:29,0.5,0.5,0
95f61447-a58d-4526-aa29-439aa6511f41,LL grass28 March 2023.JPG,129.86,39.86,90,2026-03-19 10:32:34,0.7437,0.2965,0.32
95f61447-a58d-4526-aa29-439aa6511f41,LL grass26 March 2023.JPG,130.55,220.55,270,2026-03-19 10:32:39,0.7437,0.2915,0.32
95f61447-a58d-4526-aa29-439aa6511f41,LL grass21 March 2023.JPG,160.77,250.77,270,2026-03-19 10:32:42,0.6131,0.1759,0.34
95f61447-a58d-4526-aa29-439aa6511f41,LL grass22 March 2023.JPG,233.6,53.6,180,2026-03-19 10:32:48,0.1558,0.2462,0.43
95f61447-a58d-4526-aa29-439aa6511f41,DJI_0349.JPG,126.63,36.63,90,2026-03-19 10:32:56,0.794,0.2814,0.37
95f61447-a58d-4526-aa29-439aa6511f41,LL grass6 March 2023.JPG,240.2,330.2,270,2026-03-19 10:33:01,0.2412,0.3518,0.3
95f61447-a58d-4526-aa29-439aa6511f41,DJI_0354.JPG,210.17,210.17,0,2026-03-19 10:33:05,0.3116,0.1759,0.37
95f61447-a58d-4526-aa29-439aa6511f41,DJI_0373.JPG,294.85,204.85,90,2026-03-19 10:33:11,0.1256,0.6734,0.41
95f61447-a58d-4526-aa29-439aa6511f41,DJI_0369.JPG,132.53,222.53,270,2026-03-19 10:33:16,0.9246,0.1106,0.58
95f61447-a58d-4526-aa29-439aa6511f41,DJI_0353.JPG,277.18,97.18,180,2026-03-19 10:33:20,0.201,0.5377,0.3
95f61447-a58d-4526-aa29-439aa6511f41,DJI_0361.JPG,232.07,52.07,180,2026-03-19 10:33:24,0.1357,0.2161,0.46
95f61447-a58d-4526-aa29-439aa6511f41,LL grass27 March 2023.JPG,146.74,56.74,90,2026-03-19 10:33:28,0.6533,0.2663,0.28
95f61447-a58d-4526-aa29-439aa6511f41,DJI_0370.JPG,183.32,273.32,270,2026-03-19 10:33:34,0.4774,0.1106,0.39
95f61447-a58d-4526-aa29-439aa6511f41,DJI_0352.JPG,222.05,132.05,90,2026-03-19 10:33:38,0.1759,0.1407,0.48
95f61447-a58d-4526-aa29-439aa6511f41,DJI_0368.JPG,224.59,224.59,0,2026-03-19 10:33:42,0.1508,0.1457,0.5
95f61447-a58d-4526-aa29-439aa6511f41,LL aerial1.JPG,95.39,95.39,0,2026-03-19 10:33:48,0.6332,0.4874,0.13
95f61447-a58d-4526-aa29-439aa6511f41,DJI_0372.JPG,239.4,329.4,270,2026-03-19 10:33:53,0.2663,0.3618,0.27
95f61447-a58d-4526-aa29-439aa6511f41,DJI_0367.JPG,129.87,39.87,90,2026-03-19 10:33:57,0.7136,0.3216,0.28
95f61447-a58d-4526-aa29-439aa6511f41,DJI_0256.JPG,293.54,113.54,180,2026-03-19 10:34:07,0.0905,0.6784,0.45
95f61447-a58d-4526-aa29-439aa6511f41,DJI_0358.JPG,129.66,219.66,270,2026-03-19 10:34:11,0.794,0.2563,0.38
95f61447-a58d-4526-aa29-439aa6511f41,DJI_0366.JPG,232.23,232.23,0,2026-03-19 10:34:15,0.1206,0.206,0.48
95f61447-a58d-4526-aa29-439aa6511f41,LL grass3 March 2023.JPG,171.16,351.16,180,2026-03-19 10:34:19,0.5528,0.1608,0.34
95f61447-a58d-4526-aa29-439aa6511f41,DJI_0360.JPG,152.22,242.22,270,2026-03-19 10:34:23,0.6231,0.2663,0.26
95f61447-a58d-4526-aa29-439aa6511f41,DJI_0364.JPG,225,45,180,2026-03-19 10:34:27,0.2362,0.2362,0.37
95f61447-a58d-4526-aa29-439aa6511f41,LL grass1 March 2023.JPG,179.66,359.66,180,2026-03-19 10:34:31,0.5025,0.0804,0.42
95f61447-a58d-4526-aa29-439aa6511f41,DJI_0345.JPG,138.9,228.9,270,2026-03-19 10:34:36,0.809,0.1457,0.47
894b5d5b-9b5e-4171-bf59-16c9b0a83350,LL grass17 March 2023.JPG,25.02,25.02,0,2026-03-19 13:23:47,0.6231,0.7638,0.29
894b5d5b-9b5e-4171-bf59-16c9b0a83350,LL grass11 March 2023.JPG,1.61,1.61,0,2026-03-19 13:23:57,0.5075,0.7688,0.27
894b5d5b-9b5e-4171-bf59-16c9b0a83350,LL grass12 March 2023.JPG,34.81,214.81,180,2026-03-19 13:24:04,0.6834,0.7638,0.32
894b5d5b-9b5e-4171-bf59-16c9b0a83350,DJI_0357.JPG,297.14,207.14,90,2026-03-19 13:24:12,0.201,0.6533,0.34
894b5d5b-9b5e-4171-bf59-16c9b0a83350,LL grass10 March 2023.JPG,312.02,222.02,90,2026-03-19 13:24:18,0.2462,0.7286,0.34
894b5d5b-9b5e-4171-bf59-16c9b0a83350,DJI_0348.JPG,41.6,41.6,0,2026-03-19 13:24:24,0.7387,0.7688,0.36
894b5d5b-9b5e-4171-bf59-16c9b0a83350,LL grass21 March 2023.JPG,43.13,43.13,0,2026-03-19 13:24:30,0.7236,0.7387,0.33
894b5d5b-9b5e-4171-bf59-16c9b0a83350,LL grass6 March 2023.JPG,243.95,243.95,0,2026-03-19 13:24:48,0.1658,0.3367,0.37
894b5d5b-9b5e-4171-bf59-16c9b0a83350,DJI_0370.JPG,140.26,230.26,270,2026-03-19 13:24:58,0.6734,0.2915,0.27
894b5d5b-9b5e-4171-bf59-16c9b0a83350,DJI_0364.JPG,47.22,227.22,180,2026-03-19 13:25:05,0.7688,0.7487,0.37
894b5d5b-9b5e-4171-bf59-16c9b0a83350,DJI_0366.JPG,112.91,112.91,0,2026-03-19 13:25:12,0.7437,0.397,0.26
894b5d5b-9b5e-4171-bf59-16c9b0a83350,LL grass25 March 2023.JPG,317.36,227.36,90,2026-03-19 13:25:20,0.2663,0.7538,0.34
894b5d5b-9b5e-4171-bf59-16c9b0a83350,LL grass29 March 2023.JPG,322.04,52.04,270,2026-03-19 13:25:26,0.3216,0.7286,0.29
894b5d5b-9b5e-4171-bf59-16c9b0a83350,LL grass1 March 2023.JPG,154.18,154.18,0,2026-03-19 13:25:33,0.6131,0.2663,0.26
894b5d5b-9b5e-4171-bf59-16c9b0a83350,DJI_0363.JPG,318.25,228.25,90,2026-03-19 13:25:39,0.2915,0.7337,0.31
894b5d5b-9b5e-4171-bf59-16c9b0a83350,LL aerial1.JPG,153.23,243.23,270,2026-03-19 13:25:45,0.6432,0.2161,0.32
894b5d5b-9b5e-4171-bf59-16c9b0a83350,DJI_0351.JPG,210.44,30.44,180,2026-03-19 13:25:50,0.3568,0.2563,0.28
894b5d5b-9b5e-4171-bf59-16c9b0a83350,LL grass31 March 2023.JPG,147.37,57.37,90,2026-03-19 13:25:55,0.7236,0.1508,0.41
894b5d5b-9b5e-4171-bf59-16c9b0a83350,DJI_0367.JPG,142.4,232.4,270,2026-03-19 13:25:59,0.6683,0.2814,0.28
894b5d5b-9b5e-4171-bf59-16c9b0a83350,DJI_0360.JPG,51.78,231.78,180,2026-03-19 13:26:05,0.7839,0.7236,0.36
894b5d5b-9b5e-4171-bf59-16c9b0a83350,LL grass9 March 2023.JPG,52.2,52.2,0,2026-03-19 13:26:10,0.7688,0.7085,0.34
894b5d5b-9b5e-4171-bf59-16c9b0a83350,DJI_0371.JPG,132.03,312.03,180,2026-03-19 13:26:16,0.7035,0.3166,0.27
894b5d5b-9b5e-4171-bf59-16c9b0a83350,LL grass32 March 2023.JPG,147.78,57.78,90,2026-03-19 13:26:23,0.6884,0.201,0.35
894b5d5b-9b5e-4171-bf59-16c9b0a83350,LL grass28 March 2023.JPG,143.06,233.06,270,2026-03-19 13:26:28,0.7437,0.1759,0.41
894b5d5b-9b5e-4171-bf59-16c9b0a83350,LL grass3 March 2023.JPG,163.13,73.13,90,2026-03-19 13:26:36,0.6181,0.1106,0.41
894b5d5b-9b5e-4171-bf59-16c9b0a83350,LL grass13 March 2023.JPG,124.56,214.56,270,2026-03-19 13:26:41,0.8392,0.2663,0.41
894b5d5b-9b5e-4171-bf59-16c9b0a83350,DJI_0372.JPG,131.66,41.66,90,2026-03-19 13:26:45,0.8191,0.2161,0.43
894b5d5b-9b5e-4171-bf59-16c9b0a83350,DJI_0344.JPG,191.16,11.16,180,2026-03-19 13:26:50,0.4271,0.1307,0.38
894b5d5b-9b5e-4171-bf59-16c9b0a83350,DJI_0352.JPG,174.81,84.81,90,2026-03-19 13:27:00,0.5276,0.196,0.31
894b5d5b-9b5e-4171-bf59-16c9b0a83350,LL grass19 March 2023.JPG,129.69,39.69,90,2026-03-19 13:27:05,0.8543,0.206,0.46
894b5d5b-9b5e-4171-bf59-16c9b0a83350,LL grass22 March 2023.JPG,221.22,41.22,180,2026-03-19 13:27:09,0.2161,0.1759,0.43
894b5d5b-9b5e-4171-bf59-16c9b0a83350,DJI_0368.JPG,141.06,231.06,270,2026-03-19 13:27:15,0.7538,0.1859,0.4
894b5d5b-9b5e-4171-bf59-16c9b0a83350,DJI_0345.JPG,220.01,220.01,0,2026-03-19 13:27:19,0.2111,0.1558,0.45
894b5d5b-9b5e-4171-bf59-16c9b0a83350,LL grass20 March 2023.JPG,54.46,234.46,180,2026-03-19 13:27:24,0.9045,0.7889,0.5
894b5d5b-9b5e-4171-bf59-16c9b0a83350,DJI_0361.JPG,317.84,47.84,270,2026-03-19 13:27:30,0.2111,0.8191,0.43
894b5d5b-9b5e-4171-bf59-16c9b0a83350,DJI_0256.JPG,83.59,83.59,0,2026-03-19 13:27:45,0.9246,0.5477,0.43
894b5d5b-9b5e-4171-bf59-16c9b0a83350,DJI_0358.JPG,223.93,223.93,0,2026-03-19 13:28:04,0.2362,0.2261,0.38
894b5d5b-9b5e-4171-bf59-16c9b0a83350,LL grass30 March 2023.JPG,128.1,38.1,90,2026-03-19 13:28:09,0.8492,0.2261,0.44
894b5d5b-9b5e-4171-bf59-16c9b0a83350,DJI_0373.JPG,221.1,221.1,0,2026-03-19 13:28:14,0.191,0.1457,0.47
894b5d5b-9b5e-4171-bf59-16c9b0a83350,DJI_0359.JPG,51.47,51.47,0,2026-03-19 13:28:20,0.9196,0.8342,0.54
894b5d5b-9b5e-4171-bf59-16c9b0a83350,DJI_0374.JPG,308.06,38.06,270,2026-03-19 13:28:26,0.1759,0.7538,0.41
894b5d5b-9b5e-4171-bf59-16c9b0a83350,DJI_0365.JPG,76.25,76.25,0,2026-03-19 13:28:33,0.8593,0.5879,0.37
894b5d5b-9b5e-4171-bf59-16c9b0a83350,LL grass24 March 2023.JPG,315.95,225.95,90,2026-03-19 13:28:44,0.201,0.809,0.43
894b5d5b-9b5e-4171-bf59-16c9b0a83350,LL grass7 March 2023.JPG,181.47,271.47,270,2026-03-19 13:29:04,0.4925,0.206,0.29
894b5d5b-9b5e-4171-bf59-16c9b0a83350,LL grass26 March 2023.JPG,241.81,241.81,0,2026-03-19 13:29:12,0.1859,0.3317,0.36
894b5d5b-9b5e-4171-bf59-16c9b0a83350,DJI_0353.JPG,274.12,94.12,180,2026-03-19 13:29:18,0.1859,0.5226,0.31
894b5d5b-9b5e-4171-bf59-16c9b0a83350,LL grass15 March 2023.JPG,120.69,30.69,90,2026-03-19 13:29:22,0.809,0.3166,0.36
894b5d5b-9b5e-4171-bf59-16c9b0a83350,LL grass18 March 2023.JPG,219.64,219.64,0,2026-03-19 13:29:29,0.2814,0.2362,0.34
894b5d5b-9b5e-4171-bf59-16c9b0a83350,DJI_0355.JPG,316.68,226.68,90,2026-03-19 13:29:36,0.2513,0.7638,0.36
894b5d5b-9b5e-4171-bf59-16c9b0a83350,LL grass4 March 2023.JPG,53.75,323.75,90,2026-03-19 13:29:45,0.7638,0.6935,0.33
894b5d5b-9b5e-4171-bf59-16c9b0a83350,LL grass16 March 2023.JPG,55.17,235.17,180,2026-03-19 13:29:52,0.9296,0.799,0.52
894b5d5b-9b5e-4171-bf59-16c9b0a83350,LL grass27 March 2023.JPG,158.29,68.29,90,2026-03-19 13:29:58,0.6131,0.2161,0.31
894b5d5b-9b5e-4171-bf59-16c9b0a83350,LL grass8 March 2023.JPG,3.01,3.01,0,2026-03-19 13:30:03,0.5176,0.8342,0.33
894b5d5b-9b5e-4171-bf59-16c9b0a83350,DJI_0347.JPG,81.97,351.97,90,2026-03-19 13:30:07,0.9095,0.5578,0.41
894b5d5b-9b5e-4171-bf59-16c9b0a83350,LL grass23 March 2023.JPG,56.22,56.22,0,2026-03-19 13:30:12,0.8794,0.7538,0.46
894b5d5b-9b5e-4171-bf59-16c9b0a83350,DJI_0369.JPG,110.95,20.95,90,2026-03-19 13:30:16,0.9397,0.3317,0.47
894b5d5b-9b5e-4171-bf59-16c9b0a83350,DJI_0350.JPG,91.07,181.07,270,2026-03-19 13:30:21,0.9045,0.4925,0.4
894b5d5b-9b5e-4171-bf59-16c9b0a83350,DJI_0362.JPG,116.98,26.98,90,2026-03-19 13:30:24,0.9196,0.2864,0.47
894b5d5b-9b5e-4171-bf59-16c9b0a83350,LL grass5 March 2023.JPG,201.71,21.71,180,2026-03-19 13:30:34,0.3869,0.2161,0.31
894b5d5b-9b5e-4171-bf59-16c9b0a83350,DJI_0354.JPG,215.18,215.18,0,2026-03-19 13:30:39,0.1759,0.0402,0.56
894b5d5b-9b5e-4171-bf59-16c9b0a83350,DJI_0356.JPG,132.46,42.46,90,2026-03-19 13:30:44,0.8543,0.1759,0.48
894b5d5b-9b5e-4171-bf59-16c9b0a83350,DJI_0346.JPG,134.18,44.18,90,2026-03-19 13:30:51,0.8543,0.1558,0.49
894b5d5b-9b5e-4171-bf59-16c9b0a83350,LL grass2 March 2023.JPG,28.09,208.09,180,2026-03-19 13:31:01,0.6784,0.8342,0.38
894b5d5b-9b5e-4171-bf59-16c9b0a83350,DJI_0349.JPG,127.05,217.05,270,2026-03-19 13:31:06,0.8894,0.206,0.49
894b5d5b-9b5e-4171-bf59-16c9b0a83350,LL grass.JPG,333.64,333.64,0,2026-03-19 13:31:12,0.3618,0.7789,0.31
62ab352e-7b9e-4dce-ae70-823d48f8d948,LL grass10 March 2023.JPG,324,324,0,2026-03-19 21:26:59,0.2864,0.794,0.36
62ab352e-7b9e-4dce-ae70-823d48f8d948,DJI_0359.JPG,116.9,206.9,270,2026-03-19 21:27:08,0.6734,0.4121,0.19
62ab352e-7b9e-4dce-ae70-823d48f8d948,LL grass15 March 2023.JPG,22.86,22.86,0,2026-03-19 21:27:13,0.5879,0.7085,0.23
62ab352e-7b9e-4dce-ae70-823d48f8d948,DJI_0344.JPG,121.31,301.31,180,2026-03-19 21:27:16,0.7437,0.3518,0.29
62ab352e-7b9e-4dce-ae70-823d48f8d948,LL grass29 March 2023.JPG,220.67,40.67,180,2026-03-19 21:27:20,0.3467,0.3216,0.24
62ab352e-7b9e-4dce-ae70-823d48f8d948,LL grass9 March 2023.JPG,45,45,0,2026-03-19 21:27:24,0.7487,0.7487,0.35
62ab352e-7b9e-4dce-ae70-823d48f8d948,LL grass31 March 2023.JPG,209.69,119.69,90,2026-03-19 21:27:28,0.3467,0.2312,0.31
62ab352e-7b9e-4dce-ae70-823d48f8d948,DJI_0348.JPG,157.34,247.34,270,2026-03-19 21:27:31,0.608,0.2412,0.28
62ab352e-7b9e-4dce-ae70-823d48f8d948,LL grass18 March 2023.JPG,335.56,335.56,0,2026-03-19 21:27:33,0.3618,0.804,0.33
62ab352e-7b9e-4dce-ae70-823d48f8d948,DJI_0367.JPG,139.24,319.24,180,2026-03-19 21:27:36,0.6884,0.2814,0.29
62ab352e-7b9e-4dce-ae70-823d48f8d948,LL grass.JPG,29.81,119.81,270,2026-03-19 21:27:41,0.6281,0.7236,0.26
62ab352e-7b9e-4dce-ae70-823d48f8d948,DJI_0354.JPG,315.73,315.73,0,2026-03-19 21:27:44,0.3065,0.6985,0.28
62ab352e-7b9e-4dce-ae70-823d48f8d948,LL aerial1.JPG,253.98,73.98,180,2026-03-19 21:27:49,0.2462,0.4271,0.26
62ab352e-7b9e-4dce-ae70-823d48f8d948,LL grass25 March 2023.JPG,154.09,64.09,90,2026-03-19 21:27:51,0.6281,0.2362,0.29
62ab352e-7b9e-4dce-ae70-823d48f8d948,LL grass17 March 2023.JPG,220.2,130.2,90,2026-03-19 21:27:53,0.2261,0.1759,0.42
62ab352e-7b9e-4dce-ae70-823d48f8d948,LL grass22 March 2023.JPG,314.07,314.07,0,2026-03-19 21:27:56,0.0302,0.9548,0.65
62ab352e-7b9e-4dce-ae70-823d48f8d948,LL grass5 March 2023.JPG,139.34,49.34,90,2026-03-19 21:28:00,0.6834,0.2864,0.28
62ab352e-7b9e-4dce-ae70-823d48f8d948,LL grass11 March 2023.JPG,231.78,141.78,90,2026-03-19 21:28:04,0.2161,0.2764,0.36
62ab352e-7b9e-4dce-ae70-823d48f8d948,LL grass20 March 2023.JPG,164.25,254.25,270,2026-03-19 21:28:07,0.5276,0.402,0.1
62ab352e-7b9e-4dce-ae70-823d48f8d948,DJI_0362.JPG,315,315,0,2026-03-19 21:28:09,0.3317,0.6683,0.24
62ab352e-7b9e-4dce-ae70-823d48f8d948,DJI_0353.JPG,299.29,29.29,270,2026-03-19 21:28:11,0.191,0.6734,0.35
62ab352e-7b9e-4dce-ae70-823d48f8d948,DJI_0371.JPG,313.66,43.66,270,2026-03-19 21:28:13,0.1709,0.8141,0.45
62ab352e-7b9e-4dce-ae70-823d48f8d948,LL grass26 March 2023.JPG,218.33,128.33,90,2026-03-19 21:28:16,0.2915,0.2362,0.34
62ab352e-7b9e-4dce-ae70-823d48f8d948,LL grass30 March 2023.JPG,124.05,214.05,270,2026-03-19 21:28:18,0.593,0.4372,0.11
62ab352e-7b9e-4dce-ae70-823d48f8d948,LL grass32 March 2023.JPG,215.54,215.54,0,2026-03-19 21:28:20,0.4623,0.4472,0.06
62ab352e-7b9e-4dce-ae70-823d48f8d948,LL grass16 March 2023.JPG,89.27,179.27,270,2026-03-19 21:28:22,0.6985,0.5025,0.2
62ab352e-7b9e-4dce-ae70-823d48f8d948,DJI_0373.JPG,125.93,305.93,180,2026-03-19 21:28:24,0.7739,0.3015,0.34
62ab352e-7b9e-4dce-ae70-823d48f8d948,DJI_0372.JPG,137.15,317.15,180,2026-03-19 21:28:26,0.6935,0.2915,0.28
62ab352e-7b9e-4dce-ae70-823d48f8d948,DJI_0256.JPG,176.23,266.23,270,2026-03-19 21:28:28,0.5276,0.0804,0.42
62ab352e-7b9e-4dce-ae70-823d48f8d948,LL grass13 March 2023.JPG,199.69,109.69,90,2026-03-19 21:28:30,0.402,0.2261,0.29
62ab352e-7b9e-4dce-ae70-823d48f8d948,DJI_0358.JPG,222.85,42.85,180,2026-03-19 21:28:31,0.3065,0.2915,0.28
62ab352e-7b9e-4dce-ae70-823d48f8d948,DJI_0361.JPG,204.61,24.61,180,2026-03-19 21:28:34,0.3769,0.2312,0.3
62ab352e-7b9e-4dce-ae70-823d48f8d948,DJI_0366.JPG,309.96,129.96,180,2026-03-19 21:28:37,0.407,0.5779,0.12
62ab352e-7b9e-4dce-ae70-823d48f8d948,DJI_0364.JPG,56.69,236.69,180,2026-03-19 21:28:39,0.5879,0.5578,0.11
62ab352e-7b9e-4dce-ae70-823d48f8d948,DJI_0350.JPG,0,90,270,2026-03-19 21:28:39,0.5,0.5,0
62ab352e-7b9e-4dce-ae70-823d48f8d948,DJI_0355.JPG,216.36,216.36,0,2026-03-19 21:28:42,0.3317,0.2714,0.28
62ab352e-7b9e-4dce-ae70-823d48f8d948,DJI_0370.JPG,309.74,129.74,180,2026-03-19 21:28:44,0.2915,0.6734,0.27
62ab352e-7b9e-4dce-ae70-823d48f8d948,LL grass1 March 2023.JPG,139.93,139.93,0,2026-03-19 21:28:46,0.6332,0.3417,0.21
62ab352e-7b9e-4dce-ae70-823d48f8d948,LL grass28 March 2023.JPG,250.6,250.6,0,2026-03-19 21:28:48,0.3216,0.4372,0.19
62ab352e-7b9e-4dce-ae70-823d48f8d948,DJI_0347.JPG,339.94,249.94,90,2026-03-19 21:28:50,0.4422,0.6583,0.17
62ab352e-7b9e-4dce-ae70-823d48f8d948,DJI_0351.JPG,154.93,334.93,180,2026-03-19 21:28:52,0.6281,0.2261,0.3
62ab352e-7b9e-4dce-ae70-823d48f8d948,LL grass24 March 2023.JPG,213.84,213.84,0,2026-03-19 21:28:55,0.3467,0.2714,0.28
62ab352e-7b9e-4dce-ae70-823d48f8d948,LL grass7 March 2023.JPG,185.33,275.33,270,2026-03-19 21:28:57,0.4824,0.3116,0.19
62ab352e-7b9e-4dce-ae70-823d48f8d948,LL grass12 March 2023.JPG,155.67,65.67,90,2026-03-19 21:28:58,0.5829,0.3166,0.2
62ab352e-7b9e-4dce-ae70-823d48f8d948,LL grass8 March 2023.JPG,223.59,133.59,90,2026-03-19 21:29:00,0.3015,0.2915,0.29
62ab352e-7b9e-4dce-ae70-823d48f8d948,DJI_0346.JPG,170.97,80.97,90,2026-03-19 21:29:03,0.5427,0.2312,0.27
62ab352e-7b9e-4dce-ae70-823d48f8d948,LL grass3 March 2023.JPG,227.45,317.45,270,2026-03-19 21:29:06,0.3166,0.3317,0.25
62ab352e-7b9e-4dce-ae70-823d48f8d948,DJI_0349.JPG,211.1,211.1,0,2026-03-19 21:29:11,0.3166,0.196,0.36
62ab352e-7b9e-4dce-ae70-823d48f8d948,DJI_0345.JPG,188.13,8.13,180,2026-03-19 21:29:14,0.4422,0.0955,0.41
62ab352e-7b9e-4dce-ae70-823d48f8d948,DJI_0365.JPG,191.03,191.03,0,2026-03-19 21:29:18,0.4221,0.1005,0.41
62ab352e-7b9e-4dce-ae70-823d48f8d948,DJI_0357.JPG,200.98,110.98,90,2026-03-19 21:29:24,0.3719,0.1658,0.36
62ab352e-7b9e-4dce-ae70-823d48f8d948,LL grass6 March 2023.JPG,202.89,202.89,0,2026-03-19 21:29:27,0.3568,0.1608,0.37
62ab352e-7b9e-4dce-ae70-823d48f8d948,LL grass19 March 2023.JPG,206.4,116.4,90,2026-03-19 21:29:30,0.3266,0.1508,0.39
62ab352e-7b9e-4dce-ae70-823d48f8d948,DJI_0369.JPG,210.96,30.96,180,2026-03-19 21:29:34,0.3266,0.2111,0.34
62ab352e-7b9e-4dce-ae70-823d48f8d948,DJI_0374.JPG,216.44,36.44,180,2026-03-19 21:29:36,0.3015,0.2312,0.33
62ab352e-7b9e-4dce-ae70-823d48f8d948,LL grass4 March 2023.JPG,193.65,13.65,180,2026-03-19 21:29:39,0.392,0.0553,0.46
62ab352e-7b9e-4dce-ae70-823d48f8d948,LL grass23 March 2023.JPG,0,180,180,2026-03-19 21:29:42,0.5,0.5,0
62ab352e-7b9e-4dce-ae70-823d48f8d948,DJI_0363.JPG,300.96,210.96,90,2026-03-19 21:29:44,0.3116,0.6131,0.22
62ab352e-7b9e-4dce-ae70-823d48f8d948,LL grass2 March 2023.JPG,91.64,181.64,270,2026-03-19 21:29:48,0.5879,0.4975,0.09
62ab352e-7b9e-4dce-ae70-823d48f8d948,LL grass27 March 2023.JPG,140.38,140.38,0,2026-03-19 21:29:50,0.6935,0.2663,0.3
62ab352e-7b9e-4dce-ae70-823d48f8d948,DJI_0360.JPG,249.23,159.23,90,2026-03-19 21:29:53,0.2814,0.4171,0.23
62ab352e-7b9e-4dce-ae70-823d48f8d948,DJI_0368.JPG,221.59,311.59,270,2026-03-19 21:29:56,0.3015,0.2764,0.3
62ab352e-7b9e-4dce-ae70-823d48f8d948,DJI_0356.JPG,279.25,189.25,90,2026-03-19 21:29:59,0.392,0.5176,0.11
62ab352e-7b9e-4dce-ae70-823d48f8d948,DJI_0352.JPG,221.53,311.53,270,2026-03-19 21:30:01,0.4221,0.4121,0.12
62ab352e-7b9e-4dce-ae70-823d48f8d948,LL grass21 March 2023.JPG,205.18,295.18,270,2026-03-19 21:30:04,0.3618,0.206,0.32
237abb23-f5ee-4634-8b13-224a9ad545c8,DJI_0365.JPG,346.54,76.54,270,2026-03-20 08:23:50,0.402,0.9095,0.42
237abb23-f5ee-4634-8b13-224a9ad545c8,LL grass21 March 2023.JPG,163.61,253.61,270,2026-03-20 08:23:55,0.5126,0.4573,0.04
237abb23-f5ee-4634-8b13-224a9ad545c8,LL grass27 March 2023.JPG,203.46,23.46,180,2026-03-20 08:23:58,0.4422,0.3668,0.15
237abb23-f5ee-4634-8b13-224a9ad545c8,DJI_0352.JPG,142.39,232.39,270,2026-03-20 08:24:02,0.6181,0.3467,0.19
237abb23-f5ee-4634-8b13-224a9ad545c8,LL grass26 March 2023.JPG,113.55,23.55,90,2026-03-20 08:24:06,0.598,0.4573,0.11
237abb23-f5ee-4634-8b13-224a9ad545c8,DJI_0364.JPG,77.74,167.74,270,2026-03-20 08:24:10,0.7889,0.5628,0.3
237abb23-f5ee-4634-8b13-224a9ad545c8,DJI_0360.JPG,91.47,91.47,0,2026-03-20 08:24:13,0.598,0.4975,0.1
237abb23-f5ee-4634-8b13-224a9ad545c8,DJI_0370.JPG,218.48,38.48,180,2026-03-20 08:24:17,0.4221,0.402,0.13
237abb23-f5ee-4634-8b13-224a9ad545c8,LL grass32 March 2023.JPG,351.1,261.1,90,2026-03-20 08:24:20,0.4673,0.7085,0.21
237abb23-f5ee-4634-8b13-224a9ad545c8,DJI_0368.JPG,297.12,207.12,90,2026-03-20 08:24:24,0.397,0.5528,0.12
237abb23-f5ee-4634-8b13-224a9ad545c8,LL grass28 March 2023.JPG,54.59,54.59,0,2026-03-20 08:24:28,0.7085,0.6482,0.26
237abb23-f5ee-4634-8b13-224a9ad545c8,DJI_0348.JPG,179.29,179.29,0,2026-03-20 08:24:31,0.5025,0.2965,0.2
237abb23-f5ee-4634-8b13-224a9ad545c8,DJI_0344.JPG,355.5,355.5,0,2026-03-20 08:24:34,0.4824,0.7236,0.22
237abb23-f5ee-4634-8b13-224a9ad545c8,LL grass23 March 2023.JPG,149.47,149.47,0,2026-03-20 08:24:37,0.5578,0.402,0.11
237abb23-f5ee-4634-8b13-224a9ad545c8,DJI_0256.JPG,335.35,335.35,0,2026-03-20 08:24:43,0.402,0.7136,0.23
237abb23-f5ee-4634-8b13-224a9ad545c8,DJI_0347.JPG,93.01,273.01,180,2026-03-20 08:24:48,0.5477,0.4975,0.05
237abb23-f5ee-4634-8b13-224a9ad545c8,DJI_0371.JPG,38.77,38.77,0,2026-03-20 08:24:52,0.6231,0.6533,0.2
237abb23-f5ee-4634-8b13-224a9ad545c8,LL grass22 March 2023.JPG,339.3,69.3,270,2026-03-20 08:24:56,0.4573,0.6131,0.12
237abb23-f5ee-4634-8b13-224a9ad545c8,LL grass3 March 2023.JPG,73.22,163.22,270,2026-03-20 08:25:10,0.6583,0.5477,0.17
237abb23-f5ee-4634-8b13-224a9ad545c8,DJI_0346.JPG,210.96,300.96,270,2026-03-20 08:25:13,0.4623,0.4372,0.07
237abb23-f5ee-4634-8b13-224a9ad545c8,DJI_0373.JPG,54.46,234.46,180,2026-03-20 08:25:16,0.5528,0.5377,0.06
237abb23-f5ee-4634-8b13-224a9ad545c8,LL grass25 March 2023.JPG,319.76,319.76,0,2026-03-20 08:25:20,0.4724,0.5327,0.04
237abb23-f5ee-4634-8b13-224a9ad545c8,DJI_0354.JPG,17.9,107.9,270,2026-03-20 08:25:24,0.5528,0.6633,0.17
237abb23-f5ee-4634-8b13-224a9ad545c8,DJI_0355.JPG,252.76,162.76,90,2026-03-20 08:25:28,0.2814,0.4322,0.23
237abb23-f5ee-4634-8b13-224a9ad545c8,LL grass24 March 2023.JPG,4.18,184.18,180,2026-03-20 08:25:33,0.5075,0.603,0.1
237abb23-f5ee-4634-8b13-224a9ad545c8,DJI_0361.JPG,49.76,139.76,270,2026-03-20 08:25:37,0.598,0.5829,0.13
237abb23-f5ee-4634-8b13-224a9ad545c8,DJI_0367.JPG,198.43,18.43,180,2026-03-20 08:25:42,0.397,0.191,0.33
237abb23-f5ee-4634-8b13-224a9ad545c8,LL grass16 March 2023.JPG,161.57,71.57,90,2026-03-20 08:25:45,0.5377,0.3869,0.12
237abb23-f5ee-4634-8b13-224a9ad545c8,DJI_0369.JPG,21.22,291.22,90,2026-03-20 08:25:48,0.5829,0.7136,0.23
237abb23-f5ee-4634-8b13-224a9ad545c8,LL grass10 March 2023.JPG,90.63,270.63,180,2026-03-20 08:25:52,0.7286,0.4975,0.23
237abb23-f5ee-4634-8b13-224a9ad545c8,LL grass7 March 2023.JPG,120.96,210.96,270,2026-03-20 08:25:56,0.5377,0.4774,0.04
237abb23-f5ee-4634-8b13-224a9ad545c8,LL grass6 March 2023.JPG,185.65,185.65,0,2026-03-20 08:26:00,0.4774,0.2714,0.23
237abb23-f5ee-4634-8b13-224a9ad545c8,DJI_0345.JPG,236.07,236.07,0,2026-03-20 08:26:04,0.3618,0.407,0.17
237abb23-f5ee-4634-8b13-224a9ad545c8,DJI_0349.JPG,31.29,121.29,270,2026-03-20 08:26:08,0.5779,0.6281,0.15
237abb23-f5ee-4634-8b13-224a9ad545c8,DJI_0351.JPG,232.04,322.04,270,2026-03-20 08:26:12,0.2714,0.3216,0.29
237abb23-f5ee-4634-8b13-224a9ad545c8,DJI_0353.JPG,1.7,91.7,270,2026-03-20 08:26:16,0.5075,0.7538,0.25
237abb23-f5ee-4634-8b13-224a9ad545c8,LL grass20 March 2023.JPG,359.46,89.46,270,2026-03-20 08:26:21,0.4975,0.7688,0.27
237abb23-f5ee-4634-8b13-224a9ad545c8,DJI_0350.JPG,203.84,23.84,180,2026-03-20 08:26:25,0.4523,0.392,0.12
237abb23-f5ee-4634-8b13-224a9ad545c8,DJI_0359.JPG,131.1,311.1,180,2026-03-20 08:26:35,0.6181,0.397,0.16
237abb23-f5ee-4634-8b13-224a9ad545c8,DJI_0363.JPG,284.53,284.53,0,2026-03-20 08:26:39,0.2965,0.5528,0.21
237abb23-f5ee-4634-8b13-224a9ad545c8,DJI_0357.JPG,351.66,171.66,180,2026-03-20 08:26:43,0.4724,0.6884,0.19
237abb23-f5ee-4634-8b13-224a9ad545c8,LL grass5 March 2023.JPG,198.43,108.43,90,2026-03-20 08:26:47,0.4623,0.3869,0.12
237abb23-f5ee-4634-8b13-224a9ad545c8,LL grass12 March 2023.JPG,262.37,172.37,90,2026-03-20 08:26:51,0.2563,0.4673,0.25
237abb23-f5ee-4634-8b13-224a9ad545c8,LL grass18 March 2023.JPG,285.4,105.4,180,2026-03-20 08:26:54,0.3266,0.5477,0.18
237abb23-f5ee-4634-8b13-224a9ad545c8,DJI_0356.JPG,27.07,207.07,180,2026-03-20 08:26:58,0.5578,0.6131,0.13
237abb23-f5ee-4634-8b13-224a9ad545c8,LL aerial1.JPG,353.66,173.66,180,2026-03-20 08:27:01,0.4975,0.5226,0.02
237abb23-f5ee-4634-8b13-224a9ad545c8,LL grass19 March 2023.JPG,294.15,24.15,270,2026-03-20 08:27:04,0.4271,0.5327,0.08
237abb23-f5ee-4634-8b13-224a9ad545c8,LL grass29 March 2023.JPG,23.31,23.31,0,2026-03-20 08:27:09,0.6332,0.809,0.34
237abb23-f5ee-4634-8b13-224a9ad545c8,DJI_0374.JPG,319.86,229.86,90,2026-03-20 08:27:13,0.392,0.6281,0.17
237abb23-f5ee-4634-8b13-224a9ad545c8,LL grass4 March 2023.JPG,84.81,264.81,180,2026-03-20 08:27:16,0.5276,0.5025,0.03
237abb23-f5ee-4634-8b13-224a9ad545c8,LL grass8 March 2023.JPG,356.71,356.71,0,2026-03-20 08:27:19,0.4874,0.7186,0.22
237abb23-f5ee-4634-8b13-224a9ad545c8,DJI_0358.JPG,347.87,77.87,270,2026-03-20 08:27:22,0.4422,0.7688,0.27
237abb23-f5ee-4634-8b13-224a9ad545c8,LL grass30 March 2023.JPG,61.42,331.42,90,2026-03-20 08:27:25,0.809,0.6683,0.35
237abb23-f5ee-4634-8b13-224a9ad545c8,DJI_0362.JPG,225,135,90,2026-03-20 08:27:29,0.407,0.407,0.13
237abb23-f5ee-4634-8b13-224a9ad545c8,LL grass2 March 2023.JPG,325.39,235.39,90,2026-03-20 08:27:32,0.3769,0.6784,0.22
237abb23-f5ee-4634-8b13-224a9ad545c8,LL grass17 March 2023.JPG,273.96,93.96,180,2026-03-20 08:27:35,0.2462,0.5176,0.25
237abb23-f5ee-4634-8b13-224a9ad545c8,LL grass1 March 2023.JPG,45,315,90,2026-03-20 08:27:38,0.6683,0.6683,0.24
237abb23-f5ee-4634-8b13-224a9ad545c8,LL grass31 March 2023.JPG,186.63,6.63,180,2026-03-20 08:27:42,0.4874,0.392,0.11
237abb23-f5ee-4634-8b13-224a9ad545c8,LL grass9 March 2023.JPG,126.62,306.62,180,2026-03-20 08:27:45,0.7739,0.2965,0.34
237abb23-f5ee-4634-8b13-224a9ad545c8,DJI_0372.JPG,307.87,127.87,180,2026-03-20 08:27:48,0.4774,0.5176,0.03
237abb23-f5ee-4634-8b13-224a9ad545c8,LL grass15 March 2023.JPG,325.86,325.86,0,2026-03-20 08:27:51,0.3518,0.7186,0.26
237abb23-f5ee-4634-8b13-224a9ad545c8,LL grass13 March 2023.JPG,174.47,174.47,0,2026-03-20 08:27:54,0.5075,0.4221,0.08
237abb23-f5ee-4634-8b13-224a9ad545c8,LL grass11 March 2023.JPG,152.93,332.93,180,2026-03-20 08:27:57,0.5578,0.3869,0.13
237abb23-f5ee-4634-8b13-224a9ad545c8,DJI_0366.JPG,36.74,216.74,180,2026-03-20 08:28:00,0.6332,0.6784,0.22
237abb23-f5ee-4634-8b13-224a9ad545c8,LL grass.JPG,333.78,153.78,180,2026-03-20 08:28:03,0.4171,0.6683,0.19
c8445154-9cd2-422d-82d7-801e7d8dbfc7,LL grass29 March 2023.JPG,351.62,261.62,90,2026-03-20 09:41:50,0.4523,0.8241,0.33
c8445154-9cd2-422d-82d7-801e7d8dbfc7,LL grass22 March 2023.JPG,55.66,55.66,0,2026-03-20 09:41:58,0.7538,0.6734,0.31
c8445154-9cd2-422d-82d7-801e7d8dbfc7,DJI_0363.JPG,324.89,54.89,270,2026-03-20 09:42:07,0.3216,0.7538,0.31
c8445154-9cd2-422d-82d7-801e7d8dbfc7,DJI_0364.JPG,318.32,48.32,270,2026-03-20 09:42:19,0.3367,0.6834,0.25
c8445154-9cd2-422d-82d7-801e7d8dbfc7,LL grass31 March 2023.JPG,243.2,333.2,270,2026-03-20 09:42:38,0.2563,0.3769,0.27
c8445154-9cd2-422d-82d7-801e7d8dbfc7,LL grass11 March 2023.JPG,358.51,358.51,0,2026-03-20 09:42:46,0.4925,0.7889,0.29
c8445154-9cd2-422d-82d7-801e7d8dbfc7,LL grass20 March 2023.JPG,138.33,228.33,270,2026-03-20 09:42:51,0.7437,0.2261,0.37
c8445154-9cd2-422d-82d7-801e7d8dbfc7,DJI_0347.JPG,359.58,359.58,0,2026-03-20 09:42:56,0.4975,0.8392,0.34
c8445154-9cd2-422d-82d7-801e7d8dbfc7,LL grass5 March 2023.JPG,1.37,91.37,270,2026-03-20 09:43:08,0.5075,0.8141,0.31
c8445154-9cd2-422d-82d7-801e7d8dbfc7,DJI_0348.JPG,43.35,43.35,0,2026-03-20 09:43:16,0.7538,0.7688,0.37
c8445154-9cd2-422d-82d7-801e7d8dbfc7,LL grass8 March 2023.JPG,214.63,34.63,180,2026-03-20 09:43:22,0.3317,0.2563,0.3
c8445154-9cd2-422d-82d7-801e7d8dbfc7,LL grass6 March 2023.JPG,183.89,93.89,90,2026-03-20 09:43:32,0.4824,0.2412,0.26
c8445154-9cd2-422d-82d7-801e7d8dbfc7,DJI_0360.JPG,237.53,237.53,0,2026-03-20 09:43:52,0.3065,0.3769,0.23
c8445154-9cd2-422d-82d7-801e7d8dbfc7,LL grass9 March 2023.JPG,251.57,71.57,180,2026-03-20 09:44:02,0.2211,0.407,0.29
c8445154-9cd2-422d-82d7-801e7d8dbfc7,LL grass23 March 2023.JPG,312.9,222.9,90,2026-03-20 09:44:13,0.2864,0.6985,0.29
c8445154-9cd2-422d-82d7-801e7d8dbfc7,LL grass16 March 2023.JPG,349.65,259.65,90,2026-03-20 09:44:29,0.4472,0.7889,0.29
c8445154-9cd2-422d-82d7-801e7d8dbfc7,DJI_0350.JPG,307.41,217.41,90,2026-03-20 09:44:37,0.2864,0.6633,0.27
c8445154-9cd2-422d-82d7-801e7d8dbfc7,LL aerial1.JPG,49.7,229.7,180,2026-03-20 09:44:52,0.6985,0.6683,0.26
c8445154-9cd2-422d-82d7-801e7d8dbfc7,DJI_0367.JPG,270.59,90.59,180,2026-03-20 09:44:58,0.2563,0.5025,0.24
c8445154-9cd2-422d-82d7-801e7d8dbfc7,DJI_0355.JPG,301.95,31.95,270,2026-03-20 09:45:04,0.2462,0.6583,0.3
c8445154-9cd2-422d-82d7-801e7d8dbfc7,DJI_0362.JPG,229.53,49.53,180,2026-03-20 09:45:23,0.2261,0.2663,0.36
c8445154-9cd2-422d-82d7-801e7d8dbfc7,LL grass2 March 2023.JPG,1.85,91.85,270,2026-03-20 09:45:31,0.5075,0.7337,0.23
c8445154-9cd2-422d-82d7-801e7d8dbfc7,DJI_0358.JPG,314.36,44.36,270,2026-03-20 09:45:38,0.2714,0.7236,0.32
c8445154-9cd2-422d-82d7-801e7d8dbfc7,LL grass13 March 2023.JPG,231.43,51.43,180,2026-03-20 09:45:45,0.3015,0.3417,0.25
c8445154-9cd2-422d-82d7-801e7d8dbfc7,LL grass21 March 2023.JPG,329.93,59.93,270,2026-03-20 09:46:01,0.3618,0.7387,0.28
c8445154-9cd2-422d-82d7-801e7d8dbfc7,DJI_0356.JPG,322.04,52.04,270,2026-03-20 09:46:23,0.3216,0.7286,0.29
c8445154-9cd2-422d-82d7-801e7d8dbfc7,DJI_0370.JPG,49.04,229.04,180,2026-03-20 09:46:29,0.7286,0.6985,0.3
c8445154-9cd2-422d-82d7-801e7d8dbfc7,LL grass3 March 2023.JPG,90.43,90.43,0,2026-03-20 09:46:41,0.8342,0.4975,0.33
c8445154-9cd2-422d-82d7-801e7d8dbfc7,LL grass10 March 2023.JPG,323.22,53.22,270,2026-03-20 09:46:52,0.3065,0.7588,0.32
c8445154-9cd2-422d-82d7-801e7d8dbfc7,LL grass1 March 2023.JPG,0.6,0.6,0,2026-03-20 09:47:06,0.5025,0.7387,0.24
c8445154-9cd2-422d-82d7-801e7d8dbfc7,DJI_0357.JPG,137.69,227.69,270,2026-03-20 09:47:14,0.7035,0.2764,0.3
c8445154-9cd2-422d-82d7-801e7d8dbfc7,DJI_0351.JPG,36.77,36.77,0,2026-03-20 09:47:21,0.6784,0.7387,0.3
c8445154-9cd2-422d-82d7-801e7d8dbfc7,LL grass27 March 2023.JPG,266.26,86.26,180,2026-03-20 09:47:27,0.2312,0.4824,0.27
c8445154-9cd2-422d-82d7-801e7d8dbfc7,DJI_0374.JPG,270.64,90.64,180,2026-03-20 09:47:35,0.2764,0.5025,0.22
c8445154-9cd2-422d-82d7-801e7d8dbfc7,LL grass12 March 2023.JPG,292.58,202.58,90,2026-03-20 09:47:41,0.2161,0.6181,0.31
c8445154-9cd2-422d-82d7-801e7d8dbfc7,DJI_0373.JPG,226.57,226.57,0,2026-03-20 09:47:54,0.3116,0.3216,0.26
c8445154-9cd2-422d-82d7-801e7d8dbfc7,DJI_0352.JPG,272.17,272.17,0,2026-03-20 09:48:01,0.3015,0.5075,0.2
c8445154-9cd2-422d-82d7-801e7d8dbfc7,DJI_0359.JPG,226.66,46.66,180,2026-03-20 09:48:08,0.3216,0.3317,0.25
c8445154-9cd2-422d-82d7-801e7d8dbfc7,LL grass18 March 2023.JPG,273.96,3.96,270,2026-03-20 09:48:12,0.2462,0.5176,0.25
c8445154-9cd2-422d-82d7-801e7d8dbfc7,LL grass4 March 2023.JPG,39.36,309.36,90,2026-03-20 09:48:19,0.6834,0.7236,0.29
c8445154-9cd2-422d-82d7-801e7d8dbfc7,LL grass7 March 2023.JPG,16.84,286.84,90,2026-03-20 09:48:24,0.5829,0.7739,0.29
c8445154-9cd2-422d-82d7-801e7d8dbfc7,DJI_0371.JPG,237.61,237.61,0,2026-03-20 09:48:31,0.2663,0.3518,0.28
c8445154-9cd2-422d-82d7-801e7d8dbfc7,DJI_0349.JPG,235.52,55.52,180,2026-03-20 09:48:37,0.2915,0.3568,0.25
c8445154-9cd2-422d-82d7-801e7d8dbfc7,LL grass.JPG,103.86,283.86,180,2026-03-20 09:48:43,0.6935,0.4523,0.2
c8445154-9cd2-422d-82d7-801e7d8dbfc7,LL grass26 March 2023.JPG,317.6,47.6,270,2026-03-20 09:48:50,0.3417,0.6734,0.23
c8445154-9cd2-422d-82d7-801e7d8dbfc7,DJI_0344.JPG,298.66,208.66,90,2026-03-20 09:49:04,0.3116,0.603,0.21
c8445154-9cd2-422d-82d7-801e7d8dbfc7,LL grass17 March 2023.JPG,175.29,265.29,270,2026-03-20 09:49:11,0.5176,0.2864,0.21
c8445154-9cd2-422d-82d7-801e7d8dbfc7,LL grass30 March 2023.JPG,234.96,234.96,0,2026-03-20 09:49:22,0.2814,0.3467,0.27
c8445154-9cd2-422d-82d7-801e7d8dbfc7,LL grass25 March 2023.JPG,348.9,78.9,270,2026-03-20 09:49:28,0.4472,0.7688,0.27
c8445154-9cd2-422d-82d7-801e7d8dbfc7,DJI_0366.JPG,244.78,244.78,0,2026-03-20 09:49:35,0.196,0.3568,0.34
c8445154-9cd2-422d-82d7-801e7d8dbfc7,DJI_0369.JPG,171.59,81.59,90,2026-03-20 09:49:42,0.5427,0.2111,0.29
c8445154-9cd2-422d-82d7-801e7d8dbfc7,LL grass15 March 2023.JPG,27.28,27.28,0,2026-03-20 09:49:48,0.6231,0.7387,0.27
c8445154-9cd2-422d-82d7-801e7d8dbfc7,DJI_0346.JPG,327.8,237.8,90,2026-03-20 09:49:55,0.3719,0.7035,0.24
c8445154-9cd2-422d-82d7-801e7d8dbfc7,LL grass24 March 2023.JPG,320.06,230.06,90,2026-03-20 09:50:04,0.2412,0.809,0.4
c8445154-9cd2-422d-82d7-801e7d8dbfc7,DJI_0354.JPG,128.22,218.22,270,2026-03-20 09:50:11,0.7839,0.2764,0.36
c8445154-9cd2-422d-82d7-801e7d8dbfc7,DJI_0353.JPG,240.17,60.17,180,2026-03-20 09:50:20,0.3116,0.392,0.22
c8445154-9cd2-422d-82d7-801e7d8dbfc7,DJI_0365.JPG,268.11,268.11,0,2026-03-20 09:50:30,0.2714,0.4925,0.23
c8445154-9cd2-422d-82d7-801e7d8dbfc7,DJI_0368.JPG,176.55,86.55,90,2026-03-20 09:50:42,0.5126,0.2915,0.21
c8445154-9cd2-422d-82d7-801e7d8dbfc7,LL grass19 March 2023.JPG,207.39,207.39,0,2026-03-20 09:50:50,0.392,0.2915,0.23
c8445154-9cd2-422d-82d7-801e7d8dbfc7,DJI_0345.JPG,247.73,67.73,180,2026-03-20 09:50:58,0.2362,0.392,0.29
c8445154-9cd2-422d-82d7-801e7d8dbfc7,DJI_0256.JPG,186.34,96.34,90,2026-03-20 09:51:07,0.4724,0.2513,0.25
c8445154-9cd2-422d-82d7-801e7d8dbfc7,DJI_0361.JPG,325.46,235.46,90,2026-03-20 09:51:16,0.3668,0.6935,0.23
c8445154-9cd2-422d-82d7-801e7d8dbfc7,LL grass28 March 2023.JPG,258.5,258.5,0,2026-03-20 09:51:21,0.2161,0.4422,0.29
c8445154-9cd2-422d-82d7-801e7d8dbfc7,LL grass32 March 2023.JPG,265.87,355.87,270,2026-03-20 09:51:26,0.2563,0.4824,0.24
c8445154-9cd2-422d-82d7-801e7d8dbfc7,DJI_0372.JPG,321.97,51.97,270,2026-03-20 09:51:32,0.3015,0.7538,0.32
803043fb-1d8d-440d-b4c1-f76d3b61d9d5,DJI_0358.JPG,224.38,44.38,180,2026-03-20 10:59:10,0.2714,0.2663,0.33
803043fb-1d8d-440d-b4c1-f76d3b61d9d5,DJI_0353.JPG,252.53,72.53,180,2026-03-20 10:59:17,0.1407,0.3869,0.38
803043fb-1d8d-440d-b4c1-f76d3b61d9d5,LL grass30 March 2023.JPG,219.56,309.56,270,2026-03-20 10:59:21,0.2613,0.2111,0.37
803043fb-1d8d-440d-b4c1-f76d3b61d9d5,LL grass22 March 2023.JPG,163.18,73.18,90,2026-03-20 11:00:03,0.598,0.1759,0.34
803043fb-1d8d-440d-b4c1-f76d3b61d9d5,LL grass5 March 2023.JPG,327.42,147.42,180,2026-03-20 11:00:12,0.2864,0.8342,0.4
803043fb-1d8d-440d-b4c1-f76d3b61d9d5,DJI_0359.JPG,253.99,253.99,0,2026-03-20 11:00:18,0.2111,0.4171,0.3
803043fb-1d8d-440d-b4c1-f76d3b61d9d5,DJI_0372.JPG,147.88,57.88,90,2026-03-20 11:00:21,0.7035,0.1759,0.38
803043fb-1d8d-440d-b4c1-f76d3b61d9d5,LL grass13 March 2023.JPG,308.04,218.04,90,2026-03-20 11:00:24,0.1307,0.7889,0.47
803043fb-1d8d-440d-b4c1-f76d3b61d9d5,DJI_0373.JPG,177.67,357.67,180,2026-03-20 11:00:28,0.5126,0.191,0.31
803043fb-1d8d-440d-b4c1-f76d3b61d9d5,LL grass16 March 2023.JPG,150.21,150.21,0,2026-03-20 11:00:33,0.7085,0.1357,0.42
803043fb-1d8d-440d-b4c1-f76d3b61d9d5,LL grass31 March 2023.JPG,44.34,44.34,0,2026-03-20 11:00:37,0.9296,0.9397,0.61
803043fb-1d8d-440d-b4c1-f76d3b61d9d5,LL grass9 March 2023.JPG,38.82,38.82,0,2026-03-20 11:00:42,0.7688,0.8342,0.43
803043fb-1d8d-440d-b4c1-f76d3b61d9d5,LL grass3 March 2023.JPG,286.98,286.98,0,2026-03-20 11:00:49,0.0804,0.6281,0.44
803043fb-1d8d-440d-b4c1-f76d3b61d9d5,DJI_0345.JPG,142.23,52.23,90,2026-03-20 11:00:52,0.794,0.1206,0.48
803043fb-1d8d-440d-b4c1-f76d3b61d9d5,LL grass32 March 2023.JPG,154.03,334.03,180,2026-03-20 11:00:56,0.6432,0.206,0.33
803043fb-1d8d-440d-b4c1-f76d3b61d9d5,LL grass15 March 2023.JPG,149.38,239.38,270,2026-03-20 11:01:04,0.7186,0.1307,0.43
803043fb-1d8d-440d-b4c1-f76d3b61d9d5,LL grass20 March 2023.JPG,144.82,234.82,270,2026-03-20 11:01:10,0.8241,0.0402,0.56
803043fb-1d8d-440d-b4c1-f76d3b61d9d5,LL grass7 March 2023.JPG,315,225,90,2026-03-20 11:01:15,0.0653,0.9347,0.61
803043fb-1d8d-440d-b4c1-f76d3b61d9d5,DJI_0347.JPG,38.36,38.36,0,2026-03-20 11:01:18,0.8241,0.9095,0.52
803043fb-1d8d-440d-b4c1-f76d3b61d9d5,DJI_0349.JPG,135,225,270,2026-03-20 11:01:23,0.8643,0.1357,0.52
803043fb-1d8d-440d-b4c1-f76d3b61d9d5,DJI_0362.JPG,313.64,223.64,90,2026-03-20 11:01:28,0.0653,0.9146,0.6
803043fb-1d8d-440d-b4c1-f76d3b61d9d5,DJI_0363.JPG,303.92,33.92,270,2026-03-20 11:01:35,0.0704,0.7889,0.52
803043fb-1d8d-440d-b4c1-f76d3b61d9d5,LL grass24 March 2023.JPG,37.74,217.74,180,2026-03-20 11:01:39,0.8442,0.9447,0.56
803043fb-1d8d-440d-b4c1-f76d3b61d9d5,DJI_0354.JPG,162.59,72.59,90,2026-03-20 11:06:35,0.6332,0.0754,0.45
803043fb-1d8d-440d-b4c1-f76d3b61d9d5,DJI_0352.JPG,0,90,270,2026-03-20 11:06:38,0.5,0.5,0
66f17c2b-ce0e-497f-a6e7-fa801da11a93,LL aerial1.JPG,132.69,132.69,0,2026-03-20 14:44:45,0.8241,0.201,0.44
66f17c2b-ce0e-497f-a6e7-fa801da11a93,LL grass2 March 2023.JPG,142.01,142.01,0,2026-03-20 14:44:52,0.7688,0.1558,0.44
66f17c2b-ce0e-497f-a6e7-fa801da11a93,DJI_0354.JPG,144.46,234.46,270,2026-03-20 14:44:55,0.7387,0.1658,0.41
66f17c2b-ce0e-497f-a6e7-fa801da11a93,LL grass10 March 2023.JPG,150.39,240.39,270,2026-03-20 14:44:58,0.6985,0.1508,0.4
66f17c2b-ce0e-497f-a6e7-fa801da11a93,LL grass6 March 2023.JPG,244.18,154.18,90,2026-03-20 14:45:03,0.1106,0.3116,0.43
66f17c2b-ce0e-497f-a6e7-fa801da11a93,DJI_0367.JPG,171.78,261.78,270,2026-03-20 14:45:06,0.5628,0.0653,0.44
66f17c2b-ce0e-497f-a6e7-fa801da11a93,DJI_0348.JPG,217.83,37.83,180,2026-03-20 14:45:10,0.1859,0.0955,0.51
66f17c2b-ce0e-497f-a6e7-fa801da11a93,LL grass29 March 2023.JPG,149.26,59.26,90,2026-03-20 14:45:16,0.7286,0.1156,0.45
66f17c2b-ce0e-497f-a6e7-fa801da11a93,LL grass20 March 2023.JPG,144.24,234.24,270,2026-03-20 14:45:19,0.7588,0.1407,0.44
66f17c2b-ce0e-497f-a6e7-fa801da11a93,LL grass5 March 2023.JPG,65.29,245.29,180,2026-03-20 14:45:26,0.9095,0.6884,0.45
66f17c2b-ce0e-497f-a6e7-fa801da11a93,DJI_0360.JPG,233.34,53.34,180,2026-03-20 14:45:30,0.1658,0.2513,0.42
66f17c2b-ce0e-497f-a6e7-fa801da11a93,DJI_0353.JPG,153.25,333.25,180,2026-03-20 14:45:33,0.6583,0.1859,0.35
66f17c2b-ce0e-497f-a6e7-fa801da11a93,DJI_0351.JPG,219.53,219.53,0,2026-03-20 14:45:36,0.2864,0.2412,0.34
66f17c2b-ce0e-497f-a6e7-fa801da11a93,DJI_0364.JPG,214.13,34.13,180,2026-03-20 14:45:39,0.2462,0.1256,0.45
66f17c2b-ce0e-497f-a6e7-fa801da11a93,DJI_0370.JPG,172.08,262.08,270,2026-03-20 14:45:42,0.5528,0.1206,0.38
66f17c2b-ce0e-497f-a6e7-fa801da11a93,LL grass18 March 2023.JPG,193.72,13.72,180,2026-03-20 14:45:46,0.4221,0.1809,0.33
66f17c2b-ce0e-497f-a6e7-fa801da11a93,DJI_0357.JPG,161.38,251.38,270,2026-03-20 14:45:49,0.6533,0.0452,0.48
66f17c2b-ce0e-497f-a6e7-fa801da11a93,DJI_0356.JPG,192.89,192.89,0,2026-03-20 14:45:52,0.4121,0.1156,0.39
66f17c2b-ce0e-497f-a6e7-fa801da11a93,LL grass31 March 2023.JPG,181.44,271.44,270,2026-03-20 14:45:55,0.4925,0.201,0.3
66f17c2b-ce0e-497f-a6e7-fa801da11a93,DJI_0355.JPG,202.14,202.14,0,2026-03-20 14:45:58,0.3518,0.1357,0.39
66f17c2b-ce0e-497f-a6e7-fa801da11a93,LL grass25 March 2023.JPG,150.38,60.38,90,2026-03-20 14:46:02,0.7186,0.1156,0.44
66f17c2b-ce0e-497f-a6e7-fa801da11a93,LL grass21 March 2023.JPG,223.16,43.16,180,2026-03-20 14:46:06,0.1206,0.0955,0.55
66f17c2b-ce0e-497f-a6e7-fa801da11a93,LL grass11 March 2023.JPG,173.66,353.66,180,2026-03-20 14:46:09,0.5477,0.0704,0.43
66f17c2b-ce0e-497f-a6e7-fa801da11a93,LL grass3 March 2023.JPG,68.7,248.7,180,2026-03-20 14:46:16,0.9447,0.6734,0.48
66f17c2b-ce0e-497f-a6e7-fa801da11a93,LL grass4 March 2023.JPG,47.11,227.11,180,2026-03-20 14:46:20,0.8543,0.8291,0.48
66f17c2b-ce0e-497f-a6e7-fa801da11a93,LL grass22 March 2023.JPG,230.71,230.71,0,2026-03-20 14:46:25,0.0854,0.1608,0.54
66f17c2b-ce0e-497f-a6e7-fa801da11a93,DJI_0368.JPG,228.93,48.93,180,2026-03-20 14:46:29,0.0704,0.1256,0.57
66f17c2b-ce0e-497f-a6e7-fa801da11a93,DJI_0372.JPG,138.34,48.34,90,2026-03-20 14:46:32,0.8643,0.0905,0.55
66f17c2b-ce0e-497f-a6e7-fa801da11a93,LL grass30 March 2023.JPG,152.14,242.14,270,2026-03-20 14:46:36,0.7085,0.1055,0.45
66f17c2b-ce0e-497f-a6e7-fa801da11a93,DJI_0349.JPG,137.44,47.44,90,2026-03-20 14:46:39,0.8945,0.0704,0.58
66f17c2b-ce0e-497f-a6e7-fa801da11a93,LL grass28 March 2023.JPG,141.3,51.3,90,2026-03-20 14:46:42,0.8241,0.0955,0.52
66f17c2b-ce0e-497f-a6e7-fa801da11a93,DJI_0346.JPG,150.15,240.15,270,2026-03-20 14:46:45,0.7437,0.0754,0.49
66f17c2b-ce0e-497f-a6e7-fa801da11a93,DJI_0365.JPG,145.48,145.48,0,2026-03-20 14:46:51,0.799,0.0653,0.53
66f17c2b-ce0e-497f-a6e7-fa801da11a93,DJI_0350.JPG,227.16,47.16,180,2026-03-20 14:46:54,0.0854,0.1156,0.57
66f17c2b-ce0e-497f-a6e7-fa801da11a93,LL grass19 March 2023.JPG,222.43,42.43,180,2026-03-20 14:46:57,0.1256,0.0905,0.55
66f17c2b-ce0e-497f-a6e7-fa801da11a93,LL grass1 March 2023.JPG,237.18,57.18,180,2026-03-20 14:47:02,0.0754,0.2261,0.51
66f17c2b-ce0e-497f-a6e7-fa801da11a93,DJI_0366.JPG,145.57,235.57,270,2026-03-20 14:47:05,0.7739,0.1005,0.48
66f17c2b-ce0e-497f-a6e7-fa801da11a93,DJI_0359.JPG,227.41,47.41,180,2026-03-20 14:47:08,0.0653,0.1005,0.59
66f17c2b-ce0e-497f-a6e7-fa801da11a93,LL grass16 March 2023.JPG,154.06,154.06,0,2026-03-20 14:47:12,0.7236,0.0402,0.51
66f17c2b-ce0e-497f-a6e7-fa801da11a93,LL grass7 March 2023.JPG,209.05,119.05,90,2026-03-20 14:47:20,0.2613,0.0704,0.49
66f17c2b-ce0e-497f-a6e7-fa801da11a93,LL grass27 March 2023.JPG,221.16,311.16,270,2026-03-20 14:47:26,0.1859,0.1407,0.48
66f17c2b-ce0e-497f-a6e7-fa801da11a93,LL grass.JPG,145.64,235.64,270,2026-03-20 14:47:31,0.804,0.0553,0.54
66f17c2b-ce0e-497f-a6e7-fa801da11a93,DJI_0374.JPG,225,225,0,2026-03-20 14:47:35,0.0653,0.0653,0.61
66f17c2b-ce0e-497f-a6e7-fa801da11a93,LL grass8 March 2023.JPG,227.51,227.51,0,2026-03-20 14:47:38,0.0804,0.1156,0.57
66f17c2b-ce0e-497f-a6e7-fa801da11a93,DJI_0369.JPG,223.16,223.16,0,2026-03-20 14:47:42,0.1206,0.0955,0.55
66f17c2b-ce0e-497f-a6e7-fa801da11a93,DJI_0352.JPG,152.58,152.58,0,2026-03-20 14:47:46,0.7437,0.0302,0.53
66f17c2b-ce0e-497f-a6e7-fa801da11a93,DJI_0344.JPG,199.52,199.52,0,2026-03-20 14:47:52,0.3317,0.0251,0.5
66f17c2b-ce0e-497f-a6e7-fa801da11a93,LL grass12 March 2023.JPG,143.95,53.95,90,2026-03-20 14:47:56,0.809,0.0754,0.53
66f17c2b-ce0e-497f-a6e7-fa801da11a93,DJI_0371.JPG,140.03,50.03,90,2026-03-20 14:48:00,0.8643,0.0653,0.57
66f17c2b-ce0e-497f-a6e7-fa801da11a93,LL grass15 March 2023.JPG,211.66,31.66,180,2026-03-20 14:48:04,0.2412,0.0804,0.49
66f17c2b-ce0e-497f-a6e7-fa801da11a93,LL grass26 March 2023.JPG,210.96,30.96,180,2026-03-20 14:48:08,0.2362,0.0603,0.51
66f17c2b-ce0e-497f-a6e7-fa801da11a93,DJI_0347.JPG,12.17,12.17,0,2026-03-20 14:48:13,0.5829,0.8844,0.39
66f17c2b-ce0e-497f-a6e7-fa801da11a93,DJI_0361.JPG,53.55,53.55,0,2026-03-20 14:48:17,0.8844,0.7839,0.48
66f17c2b-ce0e-497f-a6e7-fa801da11a93,LL grass17 March 2023.JPG,313.44,313.44,0,2026-03-20 14:48:49,0.1206,0.8593,0.52
66f17c2b-ce0e-497f-a6e7-fa801da11a93,DJI_0345.JPG,154.95,244.95,270,2026-03-20 14:48:52,0.6985,0.0754,0.47
66f17c2b-ce0e-497f-a6e7-fa801da11a93,DJI_0362.JPG,181.62,91.62,90,2026-03-20 14:48:56,0.4874,0.0553,0.44
66f17c2b-ce0e-497f-a6e7-fa801da11a93,DJI_0358.JPG,135.8,225.8,270,2026-03-20 14:48:59,0.8543,0.1357,0.51
66f17c2b-ce0e-497f-a6e7-fa801da11a93,LL grass32 March 2023.JPG,165.26,345.26,180,2026-03-20 14:49:03,0.5879,0.1658,0.35
66f17c2b-ce0e-497f-a6e7-fa801da11a93,LL grass13 March 2023.JPG,226.79,46.79,180,2026-03-20 14:49:09,0.0854,0.1106,0.57
66f17c2b-ce0e-497f-a6e7-fa801da11a93,LL grass24 March 2023.JPG,139.24,229.24,270,2026-03-20 14:49:12,0.8141,0.1357,0.48
66f17c2b-ce0e-497f-a6e7-fa801da11a93,LL grass9 March 2023.JPG,225,225,0,2026-03-20 14:49:15,0.1256,0.1256,0.53
66f17c2b-ce0e-497f-a6e7-fa801da11a93,DJI_0256.JPG,135.35,225.35,270,2026-03-20 14:49:22,0.9045,0.0905,0.58
66f17c2b-ce0e-497f-a6e7-fa801da11a93,LL grass23 March 2023.JPG,138.69,228.69,270,2026-03-20 14:49:25,0.8643,0.0854,0.55
66f17c2b-ce0e-497f-a6e7-fa801da11a93,DJI_0373.JPG,220.86,40.86,180,2026-03-20 14:49:30,0.1457,0.0905,0.54
66f17c2b-ce0e-497f-a6e7-fa801da11a93,DJI_0363.JPG,223.77,43.77,180,2026-03-20 14:49:34,0.1558,0.1407,0.5
b53d682d-a4d8-470b-aef4-05180d79f77d,LL grass13 March 2023.JPG,124.07,214.07,270,2026-03-20 17:11:18,0.7638,0.3216,0.32
b53d682d-a4d8-470b-aef4-05180d79f77d,LL grass7 March 2023.JPG,33.35,33.35,0,2026-03-20 17:11:34,0.6935,0.794,0.35
b53d682d-a4d8-470b-aef4-05180d79f77d,DJI_0350.JPG,130.4,40.4,90,2026-03-20 17:11:46,0.9045,0.1558,0.53
b53d682d-a4d8-470b-aef4-05180d79f77d,DJI_0367.JPG,64.08,244.08,180,2026-03-20 17:12:10,0.9497,0.7186,0.5
b53d682d-a4d8-470b-aef4-05180d79f77d,LL grass9 March 2023.JPG,322.24,232.24,90,2026-03-20 17:12:19,0.2412,0.8342,0.42
b53d682d-a4d8-470b-aef4-05180d79f77d,LL grass3 March 2023.JPG,37.63,37.63,0,2026-03-20 17:12:28,0.7538,0.8291,0.42
b53d682d-a4d8-470b-aef4-05180d79f77d,DJI_0366.JPG,317.44,227.44,90,2026-03-20 17:12:46,0.1608,0.8693,0.5
b53d682d-a4d8-470b-aef4-05180d79f77d,DJI_0356.JPG,126.4,216.4,270,2026-03-20 17:12:56,0.8442,0.2462,0.43
b53d682d-a4d8-470b-aef4-05180d79f77d,LL grass2 March 2023.JPG,57.71,57.71,0,2026-03-20 17:13:12,0.8141,0.6985,0.37
b53d682d-a4d8-470b-aef4-05180d79f77d,DJI_0352.JPG,331.59,61.59,270,2026-03-20 17:13:21,0.2513,0.9598,0.52
b53d682d-a4d8-470b-aef4-05180d79f77d,LL grass20 March 2023.JPG,46.28,226.28,180,2026-03-20 17:13:26,0.8442,0.8291,0.48
b53d682d-a4d8-470b-aef4-05180d79f77d,DJI_0363.JPG,301.85,31.85,270,2026-03-20 17:13:42,0.0754,0.7638,0.5
b53d682d-a4d8-470b-aef4-05180d79f77d,LL grass25 March 2023.JPG,47.1,47.1,0,2026-03-20 17:13:48,0.7839,0.7638,0.39
b53d682d-a4d8-470b-aef4-05180d79f77d,DJI_0374.JPG,46.89,46.89,0,2026-03-20 17:13:54,0.8141,0.794,0.43
b53d682d-a4d8-470b-aef4-05180d79f77d,LL grass30 March 2023.JPG,131.75,41.75,90,2026-03-20 17:14:03,0.8744,0.1658,0.5
b53d682d-a4d8-470b-aef4-05180d79f77d,DJI_0365.JPG,178.83,88.83,90,2026-03-20 17:14:08,0.5075,0.1307,0.37
b53d682d-a4d8-470b-aef4-05180d79f77d,DJI_0371.JPG,137.11,47.11,90,2026-03-20 17:14:14,0.8945,0.0754,0.58
b53d682d-a4d8-470b-aef4-05180d79f77d,DJI_0345.JPG,221.21,41.21,180,2026-03-20 17:14:20,0.1809,0.1357,0.48
b53d682d-a4d8-470b-aef4-05180d79f77d,LL grass8 March 2023.JPG,48.96,48.96,0,2026-03-20 17:14:26,0.8492,0.804,0.46
b53d682d-a4d8-470b-aef4-05180d79f77d,LL grass5 March 2023.JPG,134.33,44.33,90,2026-03-20 17:14:39,0.9347,0.0754,0.61
b53d682d-a4d8-470b-aef4-05180d79f77d,DJI_0351.JPG,228.66,228.66,0,2026-03-20 17:14:46,0.1658,0.206,0.45
b53d682d-a4d8-470b-aef4-05180d79f77d,LL grass19 March 2023.JPG,41.49,221.49,180,2026-03-20 17:14:54,0.7688,0.804,0.41
b53d682d-a4d8-470b-aef4-05180d79f77d,LL grass.JPG,50.24,320.24,90,2026-03-20 17:15:08,0.799,0.7487,0.39
b53d682d-a4d8-470b-aef4-05180d79f77d,LL grass28 March 2023.JPG,117.85,297.85,180,2026-03-20 17:18:12,0.809,0.3367,0.35
b53d682d-a4d8-470b-aef4-05180d79f77d,LL grass16 March 2023.JPG,41.91,311.91,90,2026-03-20 17:22:12,0.7638,0.794,0.39
b53d682d-a4d8-470b-aef4-05180d79f77d,LL grass4 March 2023.JPG,285.62,15.62,270,2026-03-20 17:22:21,0.0955,0.6131,0.42
b53d682d-a4d8-470b-aef4-05180d79f77d,DJI_0372.JPG,42.65,42.65,0,2026-03-20 17:22:28,0.794,0.8191,0.43
b53d682d-a4d8-470b-aef4-05180d79f77d,DJI_0364.JPG,43.66,223.66,180,2026-03-20 17:22:35,0.8141,0.8291,0.45
b53d682d-a4d8-470b-aef4-05180d79f77d,DJI_0349.JPG,54.6,54.6,0,2026-03-20 17:22:45,0.8995,0.7839,0.49
b53d682d-a4d8-470b-aef4-05180d79f77d,LL grass17 March 2023.JPG,28.19,28.19,0,2026-03-20 17:22:58,0.7437,0.9548,0.52
b53d682d-a4d8-470b-aef4-05180d79f77d,DJI_0362.JPG,212.23,212.23,0,2026-03-20 17:23:03,0.2513,0.1055,0.47
b53d682d-a4d8-470b-aef4-05180d79f77d,DJI_0359.JPG,161.04,251.04,270,2026-03-20 17:23:09,0.6131,0.1709,0.35
b53d682d-a4d8-470b-aef4-05180d79f77d,DJI_0373.JPG,218.29,218.29,0,2026-03-20 17:23:17,0.3116,0.2613,0.3
b53d682d-a4d8-470b-aef4-05180d79f77d,LL grass27 March 2023.JPG,177.02,87.02,90,2026-03-20 17:23:22,0.5226,0.0653,0.44
b53d682d-a4d8-470b-aef4-05180d79f77d,LL grass23 March 2023.JPG,169.66,79.66,90,2026-03-20 17:23:27,0.5628,0.1558,0.35
b53d682d-a4d8-470b-aef4-05180d79f77d,LL grass26 March 2023.JPG,89.59,269.59,180,2026-03-20 17:23:32,0.8543,0.5025,0.35
b53d682d-a4d8-470b-aef4-05180d79f77d,LL grass15 March 2023.JPG,238.88,58.88,180,2026-03-20 17:23:37,0.2211,0.3317,0.33
b53d682d-a4d8-470b-aef4-05180d79f77d,LL grass21 March 2023.JPG,140.06,230.06,270,2026-03-20 17:23:42,0.7588,0.191,0.4
b53d682d-a4d8-470b-aef4-05180d79f77d,LL grass11 March 2023.JPG,309.29,309.29,0,2026-03-20 17:23:54,0.2513,0.7035,0.32
b53d682d-a4d8-470b-aef4-05180d79f77d,DJI_0357.JPG,315,225,90,2026-03-20 17:24:00,0.1658,0.8342,0.47
b53d682d-a4d8-470b-aef4-05180d79f77d,DJI_0360.JPG,242.35,62.35,180,2026-03-20 17:27:32,0.1307,0.3065,0.42
b53d682d-a4d8-470b-aef4-05180d79f77d,LL grass10 March 2023.JPG,245.5,65.5,180,2026-03-20 17:27:39,0.1307,0.3317,0.41
b53d682d-a4d8-470b-aef4-05180d79f77d,DJI_0370.JPG,318.39,228.39,90,2026-03-20 17:27:43,0.1407,0.9045,0.54
b53d682d-a4d8-470b-aef4-05180d79f77d,DJI_0348.JPG,142.94,52.94,90,2026-03-20 17:27:49,0.7789,0.1307,0.46
b53d682d-a4d8-470b-aef4-05180d79f77d,DJI_0358.JPG,42.66,222.66,180,2026-03-20 17:27:55,0.8543,0.8844,0.52
b53d682d-a4d8-470b-aef4-05180d79f77d,DJI_0347.JPG,35.86,305.86,90,2026-03-20 17:28:02,0.6834,0.7538,0.31
b53d682d-a4d8-470b-aef4-05180d79f77d,DJI_0256.JPG,273.01,93.01,180,2026-03-20 17:28:15,0.0704,0.5226,0.43
b53d682d-a4d8-470b-aef4-05180d79f77d,LL grass18 March 2023.JPG,238.5,58.5,180,2026-03-20 17:28:21,0.2663,0.3568,0.27
b53d682d-a4d8-470b-aef4-05180d79f77d,LL grass6 March 2023.JPG,295.38,25.38,270,2026-03-20 17:28:28,0.1558,0.6633,0.38
b53d682d-a4d8-470b-aef4-05180d79f77d,DJI_0346.JPG,136.75,46.75,90,2026-03-20 17:28:33,0.7387,0.2462,0.35
b53d682d-a4d8-470b-aef4-05180d79f77d,DJI_0368.JPG,226.56,226.56,0,2026-03-20 17:28:37,0.1206,0.1407,0.52
b53d682d-a4d8-470b-aef4-05180d79f77d,LL grass31 March 2023.JPG,312.53,312.53,0,2026-03-20 17:28:44,0.1357,0.8342,0.49
b53d682d-a4d8-470b-aef4-05180d79f77d,DJI_0344.JPG,0,180,180,2026-03-20 17:28:45,0.5,0.5,0
b53d682d-a4d8-470b-aef4-05180d79f77d,LL grass32 March 2023.JPG,318.28,138.28,180,2026-03-20 17:28:50,0.2111,0.8241,0.43
b53d682d-a4d8-470b-aef4-05180d79f77d,LL grass22 March 2023.JPG,137.95,47.95,90,2026-03-20 17:28:55,0.8241,0.1407,0.48
b53d682d-a4d8-470b-aef4-05180d79f77d,DJI_0353.JPG,54.75,234.75,180,2026-03-20 17:28:59,0.6884,0.6332,0.23
b53d682d-a4d8-470b-aef4-05180d79f77d,DJI_0354.JPG,126.35,216.35,270,2026-03-20 17:29:04,0.8995,0.206,0.5
b53d682d-a4d8-470b-aef4-05180d79f77d,DJI_0361.JPG,275.91,95.91,180,2026-03-20 17:29:09,0.1357,0.5377,0.37
b53d682d-a4d8-470b-aef4-05180d79f77d,LL grass1 March 2023.JPG,307.34,37.34,270,2026-03-20 17:29:14,0.1608,0.7588,0.43
b53d682d-a4d8-470b-aef4-05180d79f77d,DJI_0355.JPG,305.8,35.8,270,2026-03-20 17:29:24,0.0854,0.799,0.51
b53d682d-a4d8-470b-aef4-05180d79f77d,LL grass24 March 2023.JPG,59.51,59.51,0,2026-03-20 17:29:49,0.7688,0.6583,0.31
b53d682d-a4d8-470b-aef4-05180d79f77d,LL grass12 March 2023.JPG,136.68,46.68,90,2026-03-20 17:29:55,0.9146,0.0603,0.6
b53d682d-a4d8-470b-aef4-05180d79f77d,DJI_0369.JPG,136.38,46.38,90,2026-03-20 17:30:00,0.7035,0.2864,0.3
b53d682d-a4d8-470b-aef4-05180d79f77d,LL grass29 March 2023.JPG,139.19,49.19,90,2026-03-20 17:30:04,0.8492,0.0955,0.53
b53d682d-a4d8-470b-aef4-05180d79f77d,LL aerial1.JPG,139.09,49.09,90,2026-03-20 17:30:10,0.794,0.1608,0.45
fc0b5765-85b2-4f90-8f23-168fb66711a7,DJI_0349.JPG,135,225,270,2026-03-30 13:19:31,0.5528,0.4472,0.07
fc0b5765-85b2-4f90-8f23-168fb66711a7,DJI_0345.JPG,136.25,46.25,90,2026-03-30 13:19:46,0.6131,0.3819,0.16
fc0b5765-85b2-4f90-8f23-168fb66711a7,DJI_0359.JPG,46.65,226.65,180,2026-03-30 13:19:59,0.7688,0.7538,0.37
fc0b5765-85b2-4f90-8f23-168fb66711a7,DJI_0370.JPG,225.75,225.75,0,2026-03-30 13:20:14,0.3065,0.3116,0.27
fc0b5765-85b2-4f90-8f23-168fb66711a7,LL grass17 March 2023.JPG,213.41,213.41,0,2026-03-30 13:20:26,0.4221,0.3819,0.14
fc0b5765-85b2-4f90-8f23-168fb66711a7,DJI_0256.JPG,152.26,62.26,90,2026-03-30 13:20:35,0.6784,0.1608,0.38
fc0b5765-85b2-4f90-8f23-168fb66711a7,LL grass24 March 2023.JPG,327.76,57.76,270,2026-03-30 13:20:43,0.397,0.6633,0.19
fc0b5765-85b2-4f90-8f23-168fb66711a7,DJI_0350.JPG,14.13,14.13,0,2026-03-30 13:20:53,0.593,0.8693,0.38
fc0b5765-85b2-4f90-8f23-168fb66711a7,DJI_0351.JPG,205.35,205.35,0,2026-03-30 13:21:04,0.3417,0.1658,0.37
fc0b5765-85b2-4f90-8f23-168fb66711a7,DJI_0363.JPG,332.97,62.97,270,2026-03-30 13:21:11,0.3116,0.8693,0.41
fc0b5765-85b2-4f90-8f23-168fb66711a7,LL grass15 March 2023.JPG,226.15,46.15,180,2026-03-30 13:21:31,0.3719,0.3769,0.18
fc0b5765-85b2-4f90-8f23-168fb66711a7,LL grass4 March 2023.JPG,342.6,342.6,0,2026-03-30 13:21:43,0.4472,0.6683,0.18
fc0b5765-85b2-4f90-8f23-168fb66711a7,LL grass18 March 2023.JPG,24.44,204.44,180,2026-03-30 13:21:50,0.6131,0.7487,0.27
fc0b5765-85b2-4f90-8f23-168fb66711a7,LL grass10 March 2023.JPG,47.7,227.7,180,2026-03-30 13:21:57,0.7789,0.7538,0.38
fc0b5765-85b2-4f90-8f23-168fb66711a7,DJI_0354.JPG,302.09,212.09,90,2026-03-30 13:22:06,0.3518,0.593,0.17
fc0b5765-85b2-4f90-8f23-168fb66711a7,LL grass21 March 2023.JPG,241.44,241.44,0,2026-03-30 13:22:24,0.3015,0.392,0.23
fc0b5765-85b2-4f90-8f23-168fb66711a7,DJI_0346.JPG,329.19,239.19,90,2026-03-30 13:22:28,0.3367,0.7739,0.32
fc0b5765-85b2-4f90-8f23-168fb66711a7,DJI_0374.JPG,350.22,350.22,0,2026-03-30 13:23:33,0.4874,0.5729,0.07
fc0b5765-85b2-4f90-8f23-168fb66711a7,LL grass29 March 2023.JPG,191.31,101.31,90,2026-03-30 13:23:45,0.4372,0.1859,0.32
fc0b5765-85b2-4f90-8f23-168fb66711a7,LL grass32 March 2023.JPG,338.07,68.07,270,2026-03-30 13:23:54,0.4221,0.6935,0.21
fc0b5765-85b2-4f90-8f23-168fb66711a7,LL grass9 March 2023.JPG,152.63,62.63,90,2026-03-30 13:24:06,0.6834,0.1457,0.4
fc0b5765-85b2-4f90-8f23-168fb66711a7,LL grass6 March 2023.JPG,215.54,35.54,180,2026-03-30 13:24:27,0.4372,0.4121,0.11
fc0b5765-85b2-4f90-8f23-168fb66711a7,DJI_0373.JPG,200.04,200.04,0,2026-03-30 13:24:39,0.4221,0.2864,0.23
fc0b5765-85b2-4f90-8f23-168fb66711a7,DJI_0357.JPG,214.07,214.07,0,2026-03-30 13:24:47,0.3216,0.2362,0.32