image_name,circular_mean,circular_variance,circular_median,circular_IQR,quantile_25,quantile_50,quantile_75
grass_image_test,125.24249735430877,0.4126040239807899,119.5299718579495,47.248700029000005,90.999724478,119.5299718579495,138.248424507
