2022-02-08 00:00:22,4.5,10.7,471,0.0,0.0,0,0.0,0.0,0,471.00,0.00,0.00,241,12.89,3.35,0.00,-3.6,4.998,4.998,4.998,4.998,128
2022-02-08 00:01:22,5.4,6.4,294,0.0,0.0,0,0.0,0.0,0,765.00,0.00,0.00,227,12.92,3.15,0.00,-3.6,4.998,4.998,4.998,4.998,74
2022-02-08 00:02:22,4.0,6.0,265,0.0,0.0,0,0.0,0.0,0,1030.00,0.00,0.00,257,12.92,3.57,0.00,-3.6,4.998,4.998,4.998,4.998,119
2022-02-08 00:03:22,6.3,9.3,403,0.0,0.0,0,0.0,0.0,0,1433.00,0.00,0.00,250,12.92,3.47,0.00,-3.6,4.998,4.998,4.998,4.998,162
2022-02-08 00:04:22,6.4,6.4,250,0.0,0.0,0,0.0,0.0,0,1683.00,0.00,0.00,239,12.89,3.32,0.00,-3.6,4.998,4.998,4.998,4.998,203
2022-02-08 00:05:22,5.7,6.6,319,0.0,0.0,0,0.0,0.0,0,2002.00,0.00,0.00,238,12.92,3.31,0.00,-3.6,4.998,4.998,4.998,4.998,86
2022-02-08 00:06:22,5.5,6.8,317,0.0,0.0,0,0.0,0.0,0,2319.00,0.00,0.00,246,12.89,3.42,0.00,-3.6,4.998,4.998,4.998,4.998,36
2022-02-08 00:07:22,6.7,7.9,306,0.0,0.0,0,0.0,0.0,0,2625.00,0.00,0.00,253,12.92,3.52,0.00,-3.6,4.998,4.998,4.998,4.998,90
2022-02-08 00:08:22,4.3,6.6,275,0.0,0.0,0,0.0,0.0,0,2900.00,0.00,0.00,268,12.89,3.73,0.00,-4.1,4.998,4.998,4.998,4.998,49
2022-02-08 00:09:22,7.6,8.3,288,0.0,0.0,0,0.0,0.0,0,3188.00,0.00,0.00,294,12.89,4.08,0.00,-3.6,4.998,4.998,4.998,4.998,205
2022-02-08 00:10:22,5.8,11.5,494,0.0,0.0,0,0.0,0.0,0,3682.00,0.00,0.00,248,12.89,3.45,0.00,-3.6,4.998,4.998,4.998,4.998,112
2022-02-08 00:11:22,6.2,9.2,358,0.0,0.0,0,0.0,0.0,0,4040.00,0.00,0.00,243,12.92,3.38,0.00,-3.6,4.998,4.998,4.998,4.998,56
2022-02-08 00:12:22,4.0,8.8,323,0.0,0.0,0,0.0,0.0,0,4363.00,0.00,0.00,271,12.89,3.77,0.00,-3.6,4.998,4.998,4.998,4.998,103
2022-02-08 00:13:22,4.8,9.5,401,0.0,0.0,0,0.0,0.0,0,4764.00,0.00,0.00,250,12.92,3.48,0.00,-3.6,4.998,4.998,4.998,4.998,178
2022-02-08 00:14:22,4.7,6.6,324,0.0,0.0,0,0.0,0.0,0,5088.00,0.00,0.00,248,12.92,3.45,0.00,-3.6,4.998,4.998,4.998,4.998,115
2022-02-08 00:15:22,4.0,6.1,274,0.0,0.0,0,0.0,0.0,0,5362.00,0.00,0.00,238,12.89,3.31,0.00,-4.1,4.998,4.998,4.998,4.998,76
2022-02-08 00:16:22,3.0,4.9,190,0.0,0.0,0,0.0,0.0,0,5552.00,0.00,0.00,239,12.92,3.33,0.00,-4.1,4.998,4.998,4.998,4.998,89
2022-02-08 00:17:22,3.7,6.9,275,0.0,0.0,0,0.0,0.0,0,5827.00,0.00,0.00,242,12.92,3.37,0.00,-4.1,4.998,4.998,4.998,4.998,227
2022-02-08 00:18:22,4.8,6.7,284,0.0,0.0,0,0.0,0.0,0,6111.00,0.00,0.00,248,12.89,3.44,0.00,-4.1,4.998,4.998,4.998,4.998,211
2022-02-08 00:19:22,5.8,7.3,333,0.0,0.0,0,0.0,0.0,0,6444.00,0.00,0.00,261,12.89,3.62,0.00,-4.5,4.998,4.998,4.998,4.998,88
2022-02-08 00:20:22,4.7,6.6,295,0.0,0.0,0,0.0,0.0,0,6739.00,0.00,0.00,246,12.89,3.42,0.00,-4.1,4.998,4.998,4.998,4.998,240
2022-02-08 00:21:22,3.2,6.2,276,0.0,0.0,0,0.0,0.0,0,7015.00,0.00,0.00,233,12.92,3.23,0.00,-4.1,4.998,4.998,4.998,4.998,64
2022-02-08 00:22:22,5.2,9.6,300,0.0,0.0,0,0.0,0.0,0,7315.00,0.00,0.00,256,12.92,3.56,0.00,-4.1,4.998,4.998,4.998,4.998,41
2022-02-08 00:23:22,5.2,7.1,304,0.0,0.0,0,0.0,0.0,0,7619.00,0.00,0.00,220,12.92,3.06,0.00,-4.1,4.998,4.998,4.998,4.998,210
2022-02-08 00:24:22,4.1,5.6,239,0.0,0.0,0,0.0,0.0,0,7858.00,0.00,0.00,258,12.89,3.58,0.00,-4.1,4.998,4.998,4.998,4.998,170
2022-02-08 00:25:22,3.3,4.6,203,0.0,0.0,0,0.0,0.0,0,8061.00,0.00,0.00,256,12.89,3.56,0.00,-4.5,4.998,4.998,4.998,4.998,237
2022-02-08 00:26:22,2.0,3.3,114,0.0,0.0,0,0.0,0.0,0,8175.00,0.00,0.00,256,12.89,3.56,0.00,-4.5,4.998,4.998,4.998,4.998,94
2022-02-08 00:27:22,3.7,5.8,221,0.0,0.0,0,0.0,0.0,0,8396.00,0.00,0.00,244,12.89,3.39,0.00,-4.1,4.998,4.998,4.998,4.998,116
2022-02-08 00:28:22,2.3,4.5,171,0.0,0.0,0,0.0,0.0,0,8567.00,0.00,0.00,245,12.89,3.40,0.00,-4.5,4.998,4.998,4.998,4.998,226
2022-02-08 00:29:22,5.3,5.3,223,0.0,0.0,0,0.0,0.0,0,8790.00,0.00,0.00,226,12.89,3.14,0.00,-4.5,4.998,4.998,4.998,4.998,193
2022-02-08 00:30:22,5.3,6.7,261,0.0,0.0,0,0.0,0.0,0,9051.00,0.00,0.00,268,12.89,3.72,0.00,-4.5,4.998,4.998,4.998,4.998,235
2022-02-08 00:31:22,3.7,5.2,191,0.0,0.0,0,0.0,0.0,0,9242.00,0.00,0.00,258,12.92,3.58,0.00,-4.5,4.998,4.998,4.998,4.998,42
2022-02-08 00:32:22,2.6,4.6,177,0.0,0.0,0,0.0,0.0,0,9419.00,0.00,0.00,259,12.89,3.59,0.00,-4.5,4.998,4.998,4.998,4.998,128
2022-02-08 00:33:22,3.3,5.3,216,0.0,0.0,0,0.0,0.0,0,9635.00,0.00,0.00,226,12.92,3.14,0.00,-4.5,4.998,4.998,4.998,4.998,23
2022-02-08 00:34:22,3.1,4.0,184,0.0,0.0,0,0.0,0.0,0,9819.00,0.00,0.00,245,12.89,3.40,0.00,-4.5,4.998,4.998,4.998,4.998,87
2022-02-08 00:35:22,2.3,3.4,141,0.0,0.0,0,0.0,0.0,0,9960.00,0.00,0.00,240,12.89,3.33,0.00,-4.5,4.998,4.998,4.998,4.998,152
2022-02-08 00:36:22,4.9,5.2,137,0.0,0.0,0,0.0,0.0,0,10097.00,0.00,0.00,239,12.92,3.32,0.00,-4.5,4.998,4.998,4.998,4.998,202
2022-02-08 00:37:22,3.3,5.3,216,0.0,0.0,0,0.0,0.0,0,10313.00,0.00,0.00,245,12.89,3.40,0.00,-4.5,4.998,4.998,4.998,4.998,17
2022-02-08 00:38:22,3.3,3.9,155,0.0,0.0,0,0.0,0.0,0,10468.00,0.00,0.00,244,12.89,3.39,0.00,-4.5,4.998,4.998,4.998,4.998,135
2022-02-08 00:39:22,2.0,3.6,141,0.0,0.0,0,0.0,0.0,0,10609.00,0.00,0.00,244,12.89,3.39,0.00,-5.0,4.998,4.998,4.998,4.998,148
2022-02-08 00:40:22,2.4,3.1,97,0.0,0.0,0,0.0,0.0,0,10706.00,0.00,0.00,245,12.89,3.40,0.00,-5.0,4.998,4.998,4.998,4.998,199
2022-02-08 00:41:22,2.1,3.6,124,0.0,0.0,0,0.0,0.0,0,10830.00,0.00,0.00,245,12.89,3.40,0.00,-5.0,4.998,4.998,4.998,4.998,191
2022-02-08 00:42:22,2.2,3.7,121,0.0,0.0,0,0.0,0.0,0,10951.00,0.00,0.00,237,12.89,3.29,0.00,-4.5,4.998,4.998,4.998,4.998,81
2022-02-08 00:43:22,3.4,4.2,177,0.0,0.0,0,0.0,0.0,0,11128.00,0.00,0.00,207,12.89,2.87,0.00,-5.0,4.998,4.998,4.998,4.998,219
2022-02-08 00:44:22,3.7,4.1,156,0.0,0.0,0,0.0,0.0,0,11284.00,0.00,0.00,207,12.89,2.88,0.00,-5.0,4.998,4.998,4.998,4.998,134
2022-02-08 00:45:22,2.4,4.3,189,0.0,0.0,0,0.0,0.0,0,11473.00,0.00,0.00,218,12.92,3.03,0.00,-4.5,4.998,4.998,4.998,4.998,112
2022-02-08 00:46:22,1.9,2.9,121,0.0,0.0,0,0.0,0.0,0,11594.00,0.00,0.00,218,12.89,3.03,0.00,-5.0,4.998,4.998,4.998,4.998,4
2022-02-08 00:47:22,2.6,4.2,171,0.0,0.0,0,0.0,0.0,0,11765.00,0.00,0.00,206,12.89,2.86,0.00,-4.5,4.998,4.998,4.998,4.998,40
2022-02-08 00:48:22,3.7,4.8,171,0.0,0.0,0,0.0,0.0,0,11936.00,0.00,0.00,206,12.89,2.86,0.00,-5.0,4.998,4.998,4.998,4.998,60
2022-02-08 00:49:22,0.0,4.1,77,0.0,0.0,0,0.0,0.0,0,12013.00,0.00,0.00,206,12.89,2.86,0.00,-5.5,4.998,4.998,4.998,4.998,177
2022-02-08 00:50:22,2.3,2.4,61,0.0,0.0,0,0.0,0.0,0,12074.00,0.00,0.00,206,12.89,2.86,0.00,-5.5,4.998,4.998,4.998,4.998,177
2022-02-08 00:51:22,2.6,4.5,139,0.0,0.0,0,0.0,0.0,0,12213.00,0.00,0.00,222,12.92,3.08,0.00,-5.0,4.998,4.998,4.998,4.998,253
2022-02-08 00:52:22,2.9,4.0,125,0.0,0.0,0,0.0,0.0,0,12338.00,0.00,0.00,222,12.89,3.08,0.00,-5.0,4.998,4.998,4.998,4.998,4
2022-02-08 00:53:22,2.6,4.8,166,0.0,0.0,0,0.0,0.0,0,12504.00,0.00,0.00,217,12.89,3.02,0.00,-5.5,4.998,4.998,4.998,4.998,135
2022-02-08 00:54:22,1.4,2.6,74,0.0,0.0,0,0.0,0.0,0,12578.00,0.00,0.00,217,12.89,3.02,0.00,-5.5,4.998,4.998,4.998,4.998,16
2022-02-08 00:55:22,2.6,4.0,152,0.0,0.0,0,0.0,0.0,0,12730.00,0.00,0.00,211,12.89,2.93,0.00,-5.0,4.998,4.998,4.998,4.998,68
2022-02-08 00:56:22,2.8,3.4,125,0.0,0.0,0,0.0,0.0,0,12855.00,0.00,0.00,192,12.89,2.67,0.00,-5.0,4.998,4.998,4.998,4.998,122
2022-02-08 00:57:22,1.6,4.3,165,0.0,0.0,0,0.0,0.0,0,13020.00,0.00,0.00,192,12.89,2.67,0.00,-5.5,4.998,4.998,4.998,4.998,117
2022-02-08 00:58:22,1.2,2.5,71,0.0,0.0,0,0.0,0.0,0,13091.00,0.00,0.00,192,12.89,2.67,0.00,-5.0,4.998,4.998,4.998,4.998,94
2022-02-08 00:59:22,0.0,0.0,0,0.0,0.0,0,0.0,0.0,0,13091.00,0.00,0.00,192,12.89,2.67,0.00,-5.5,4.998,4.998,4.998,4.998,93
2022-02-08 01:00:22,1.9,2.3,19,0.0,0.0,0,0.0,0.0,0,13110.00,0.00,0.00,192,12.89,2.67,0.00,-5.5,4.998,4.998,4.998,4.998,210
2022-02-08 01:01:22,1.0,1.8,35,0.0,0.0,0,0.0,0.0,0,13145.00,0.00,0.00,192,12.89,2.67,0.00,-6.0,4.998,4.998,4.998,4.998,234
2022-02-08 01:02:22,2.2,3.2,57,0.0,0.0,0,0.0,0.0,0,13202.00,0.00,0.00,192,12.89,2.67,0.00,-5.5,4.998,4.998,4.998,4.998,15
2022-02-08 01:03:22,4.2,4.7,165,0.0,0.0,0,0.0,0.0,0,13367.00,0.00,0.00,213,12.89,2.96,0.00,-5.0,4.998,4.998,4.998,4.998,12
2022-02-08 01:04:22,1.2,4.2,109,0.0,0.0,0,0.0,0.0,0,13476.00,0.00,0.00,214,12.89,2.97,0.00,-5.5,4.998,4.998,4.998,4.998,226
2022-02-08 01:05:22,2.9,3.2,67,0.0,0.0,0,0.0,0.0,0,13543.00,0.00,0.00,214,12.89,2.97,0.00,-5.0,4.998,4.998,4.998,4.998,147
2022-02-08 01:06:22,3.4,4.0,150,0.0,0.0,0,0.0,0.0,0,13693.00,0.00,0.00,217,12.89,3.02,0.00,-5.5,4.998,4.998,4.998,4.998,169
2022-02-08 01:07:22,2.1,3.4,117,0.0,0.0,0,0.0,0.0,0,13810.00,0.00,0.00,217,12.89,3.02,0.00,-5.5,4.998,4.998,4.998,4.998,237
2022-02-08 01:08:22,0.0,2.2,46,0.0,0.0,0,0.0,0.0,0,13856.00,0.00,0.00,217,12.89,3.02,0.00,-5.5,4.998,4.998,4.998,4.998,192
2022-02-08 01:09:22,3.4,4.4,102,0.0,0.0,0,0.0,0.0,0,13958.00,0.00,0.00,213,12.89,2.96,0.00,-5.0,4.998,4.998,4.998,4.998,240
2022-02-08 01:10:22,2.5,6.4,290,0.0,0.0,0,0.0,0.0,0,14248.00,0.00,0.00,204,12.89,2.83,0.00,-5.0,4.998,4.998,4.998,4.998,93
2022-02-08 01:11:22,3.3,5.8,220,0.0,0.0,0,0.0,0.0,0,14468.00,0.00,0.00,190,12.89,2.65,0.00,-5.0,4.998,4.998,4.998,4.998,168
2022-02-08 01:12:22,3.6,4.7,216,0.0,0.0,0,0.0,0.0,0,14684.00,0.00,0.00,177,12.89,2.46,0.00,-5.0,4.998,4.998,4.998,4.998,174
2022-02-08 01:13:22,2.9,4.6,186,0.0,0.0,0,0.0,0.0,0,14870.00,0.00,0.00,177,12.89,2.46,0.00,-5.5,4.998,4.998,4.998,4.998,6
2022-02-08 01:14:22,3.5,3.7,169,0.0,0.0,0,0.0,0.0,0,15039.00,0.00,0.00,177,12.89,2.46,0.00,-5.5,4.998,4.998,4.998,4.998,78
2022-02-08 01:15:22,3.7,4.1,198,0.0,0.0,0,0.0,0.0,0,15237.00,0.00,0.00,192,12.89,2.67,0.00,-5.5,4.998,4.998,4.998,4.998,185
2022-02-08 01:16:22,5.1,5.2,173,0.0,0.0,0,0.0,0.0,0,15410.00,0.00,0.00,193,12.89,2.68,0.00,-5.5,4.998,4.998,4.998,4.998,97
2022-02-08 01:17:22,3.0,5.3,211,0.0,0.0,0,0.0,0.0,0,15621.00,0.00,0.00,206,12.89,2.86,0.00,-5.5,4.998,4.998,4.998,4.998,185
2022-02-08 01:18:22,2.5,3.8,150,0.0,0.0,0,0.0,0.0,0,15771.00,0.00,0.00,206,12.89,2.86,0.00,-5.5,4.998,4.998,4.998,4.998,85
2022-02-08 01:19:22,0.0,2.3,58,0.0,0.0,0,0.0,0.0,0,15829.00,0.00,0.00,205,12.89,2.85,0.00,-6.0,4.998,4.998,4.998,4.998,206
2022-02-08 01:20:22,3.0,3.0,80,0.0,0.0,0,0.0,0.0,0,15909.00,0.00,0.00,206,12.89,2.86,0.00,-6.0,4.998,4.998,4.998,4.998,17
2022-02-08 01:21:22,2.3,6.6,231,0.0,0.0,0,0.0,0.0,0,16140.00,0.00,0.00,206,12.89,2.86,0.00,-5.0,4.998,4.998,4.998,4.998,118
2022-02-08 01:22:22,1.8,2.9,95,0.0,0.0,0,0.0,0.0,0,16235.00,0.00,0.00,206,12.89,2.86,0.00,-5.0,4.998,4.998,4.998,4.998,106
2022-02-08 01:23:22,2.5,2.5,42,0.0,0.0,0,0.0,0.0,0,16277.00,0.00,0.00,206,12.89,2.86,0.00,-5.5,4.998,4.998,4.998,4.998,163
2022-02-08 01:24:22,2.5,3.6,155,0.0,0.0,0,0.0,0.0,0,16432.00,0.00,0.00,206,12.89,2.86,0.00,-5.5,4.998,4.998,4.998,4.998,160
2022-02-08 01:25:22,2.0,3.9,120,0.0,0.0,0,0.0,0.0,0,16552.00,0.00,0.00,206,12.89,2.86,0.00,-5.5,4.998,4.998,4.998,4.998,7
2022-02-08 01:26:22,2.9,2.9,47,0.0,0.0,0,0.0,0.0,0,16599.00,0.00,0.00,205,12.89,2.85,0.00,-6.0,4.998,4.998,4.998,4.998,205
2022-02-08 01:27:22,3.4,5.4,213,0.0,0.0,0,0.0,0.0,0,16812.00,0.00,0.00,192,12.89,2.67,0.00,-5.5,4.998,4.998,4.998,4.998,102
2022-02-08 01:28:22,3.6,5.5,231,0.0,0.0,0,0.0,0.0,0,17043.00,0.00,0.00,194,12.89,2.70,0.00,-5.0,4.998,4.998,4.998,4.998,185
2022-02-08 01:29:22,1.5,4.4,147,0.0,0.0,0,0.0,0.0,0,17190.00,0.00,0.00,194,12.89,2.70,0.00,-5.5,4.998,4.998,4.998,4.998,183
2022-02-08 01:30:22,2.6,2.6,69,0.0,0.0,0,0.0,0.0,0,17259.00,0.00,0.00,194,12.89,2.70,0.00,-6.0,4.998,4.998,4.998,4.998,151
2022-02-08 01:31:22,3.8,4.5,186,0.0,0.0,0,0.0,0.0,0,17445.00,0.00,0.00,176,12.89,2.45,0.00,-5.5,4.998,4.998,4.998,4.998,127
2022-02-08 01:32:22,3.3,4.8,173,0.0,0.0,0,0.0,0.0,0,17618.00,0.00,0.00,186,12.89,2.59,0.00,-5.5,4.998,4.998,4.998,4.998,130
2022-02-08 01:33:22,3.6,4.3,167,0.0,0.0,0,0.0,0.0,0,17785.00,0.00,0.00,192,12.89,2.67,0.00,-5.5,4.998,4.998,4.998,4.998,81
2022-02-08 01:34:22,3.7,3.9,152,0.0,0.0,0,0.0,0.0,0,17937.00,0.00,0.00,192,12.89,2.67,0.00,-5.5,4.998,4.998,4.998,4.998,115
2022-02-08 01:35:22,3.5,4.8,223,0.0,0.0,0,0.0,0.0,0,18160.00,0.00,0.00,195,12.89,2.71,0.00,-5.5,4.998,4.998,4.998,4.998,1
2022-02-08 01:36:22,2.6,4.3,184,0.0,0.0,0,0.0,0.0,0,18344.00,0.00,0.00,198,12.89,2.75,0.00,-5.5,4.998,4.998,4.998,4.998,31
2022-02-08 01:37:22,2.7,3.2,137,0.0,0.0,0,0.0,0.0,0,18481.00,0.00,0.00,197,12.89,2.74,0.00,-5.5,4.998,4.998,4.998,4.998,139
2022-02-08 01:38:22,3.5,3.9,149,0.0,0.0,0,0.0,0.0,0,18630.00,0.00,0.00,198,12.89,2.75,0.00,-5.5,4.998,4.998,4.998,4.998,122
2022-02-08 01:39:22,2.2,3.8,113,0.0,0.0,0,0.0,0.0,0,18743.00,0.00,0.00,198,12.89,2.75,0.00,-6.0,4.998,4.998,4.998,4.998,103
2022-02-08 01:40:22,2.7,3.3,107,0.0,0.0,0,0.0,0.0,0,18850.00,0.00,0.00,198,12.89,2.75,0.00,-6.0,4.998,4.998,4.998,4.998,210
2022-02-08 01:41:22,2.3,4.2,144,0.0,0.0,0,0.0,0.0,0,18994.00,0.00,0.00,198,12.89,2.75,0.00,-5.5,4.998,4.998,4.998,4.998,56
2022-02-08 01:42:22,2.1,2.5,93,0.0,0.0,0,0.0,0.0,0,19087.00,0.00,0.00,198,12.89,2.75,0.00,-6.0,4.998,4.998,4.998,4.998,172
2022-02-08 01:43:22,1.0,3.3,88,0.0,0.0,0,0.0,0.0,0,19175.00,0.00,0.00,198,12.89,2.75,0.00,-6.0,4.998,4.998,4.998,4.998,50
2022-02-08 01:44:22,3.6,3.6,24,0.0,0.0,0,0.0,0.0,0,19199.00,0.00,0.00,198,12.89,2.75,0.00,-6.0,4.998,4.998,4.998,4.998,86
2022-02-08 01:45:22,1.5,4.4,155,0.0,0.0,0,0.0,0.0,0,19354.00,0.00,0.00,194,12.89,2.70,0.00,-5.5,4.998,4.998,4.998,4.998,26
2022-02-08 01:46:22,2.6,4.5,139,0.0,0.0,0,0.0,0.0,0,19493.00,0.00,0.00,195,12.89,2.71,0.00,-6.0,4.998,4.998,4.998,4.998,90
2022-02-08 01:47:22,2.6,3.3,123,0.0,0.0,0,0.0,0.0,0,19616.00,0.00,0.00,195,12.89,2.71,0.00,-6.0,4.998,4.998,4.998,4.998,162
2022-02-08 01:48:22,2.0,3.6,144,0.0,0.0,0,0.0,0.0,0,19760.00,0.00,0.00,195,12.89,2.70,0.00,-6.0,4.998,4.998,4.998,4.998,152
2022-02-08 01:49:22,3.5,4.4,179,0.0,0.0,0,0.0,0.0,0,19939.00,0.00,0.00,195,12.89,2.70,0.00,-6.0,4.998,4.998,4.998,4.998,133
2022-02-08 01:50:22,2.9,3.3,108,0.0,0.0,0,0.0,0.0,0,20047.00,0.00,0.00,195,12.89,2.70,0.00,-6.0,4.998,4.998,4.998,4.998,87
2022-02-08 01:51:22,3.1,3.3,152,0.0,0.0,0,0.0,0.0,0,20199.00,0.00,0.00,195,12.89,2.70,0.00,-6.5,4.998,4.998,4.998,4.998,103
2022-02-08 01:52:22,3.0,6.8,171,0.0,0.0,0,0.0,0.0,0,20370.00,0.00,0.00,180,12.89,2.50,0.00,-6.0,4.998,4.998,4.998,4.998,228
2022-02-08 01:53:22,3.1,3.3,133,0.0,0.0,0,0.0,0.0,0,20503.00,0.00,0.00,180,12.85,2.50,0.00,-6.5,4.998,4.998,4.998,4.998,33
2022-02-08 01:54:22,3.0,5.2,187,0.0,0.0,0,0.0,0.0,0,20690.00,0.00,0.00,196,12.89,2.73,0.00,-6.0,4.998,4.998,4.998,4.998,133
2022-02-08 01:55:22,2.5,5.2,192,0.0,0.0,0,0.0,0.0,0,20882.00,0.00,0.00,190,12.89,2.64,0.00,-6.0,4.998,4.998,4.998,4.998,146
2022-02-08 01:56:22,2.5,3.5,135,0.0,0.0,0,0.0,0.0,0,21017.00,0.00,0.00,190,12.89,2.64,0.00,-6.0,4.998,4.998,4.998,4.998,38
2022-02-08 01:57:22,3.0,4.3,150,0.0,0.0,0,0.0,0.0,0,21167.00,0.00,0.00,198,12.89,2.75,0.00,-6.5,4.998,4.998,4.998,4.998,233
2022-02-08 01:58:22,4.9,6.0,202,0.0,0.0,0,0.0,0.0,0,21369.00,0.00,0.00,210,12.89,2.92,0.00,-5.5,4.998,4.998,4.998,4.998,147
2022-02-08 01:59:22,2.2,5.7,163,0.0,0.0,0,0.0,0.0,0,21532.00,0.00,0.00,204,12.89,2.84,0.00,-5.5,4.998,4.998,4.998,4.998,116
2022-02-08 02:00:22,3.0,4.3,158,0.0,0.0,0,0.0,0.0,0,21690.00,0.00,0.00,202,12.89,2.81,0.00,-6.0,4.998,4.998,4.998,4.998,255
2022-02-08 02:01:22,3.1,4.2,145,0.0,0.0,0,0.0,0.0,0,21835.00,0.00,0.00,189,12.89,2.63,0.00,-6.0,4.998,4.998,4.998,4.998,48
2022-02-08 02:02:22,2.0,4.6,161,0.0,0.0,0,0.0,0.0,0,21996.00,0.00,0.00,196,12.89,2.72,0.00,-6.0,4.998,4.998,4.998,4.998,148
2022-02-08 02:03:22,2.8,4.2,161,0.0,0.0,0,0.0,0.0,0,22157.00,0.00,0.00,208,12.89,2.90,0.00,-6.0,4.998,4.998,4.998,4.998,213
2022-02-08 02:04:22,2.8,3.6,157,0.0,0.0,0,0.0,0.0,0,22314.00,0.00,0.00,208,12.89,2.89,0.00,-6.0,4.998,4.998,4.998,4.998,115
2022-02-08 02:05:22,4.6,4.9,188,0.0,0.0,0,0.0,0.0,0,22502.00,0.00,0.00,198,12.89,2.75,0.00,-6.5,4.998,4.998,4.998,4.998,228
2022-02-08 02:06:22,2.8,5.1,211,0.0,0.0,0,0.0,0.0,0,22713.00,0.00,0.00,183,12.89,2.54,0.00,-6.0,4.998,4.998,4.998,4.998,111
2022-02-08 02:07:22,2.4,3.9,133,0.0,0.0,0,0.0,0.0,0,22846.00,0.00,0.00,184,12.89,2.56,0.00,-6.0,4.998,4.998,4.998,4.998,18
2022-02-08 02:08:22,1.9,4.1,166,0.0,0.0,0,0.0,0.0,0,23012.00,0.00,0.00,183,12.89,2.54,0.00,-6.0,4.998,4.998,4.998,4.998,123
2022-02-08 02:09:22,6.2,7.9,242,0.0,0.0,0,0.0,0.0,0,23254.00,0.00,0.00,198,12.85,2.75,0.00,-6.0,4.998,4.998,4.998,4.998,183
2022-02-08 02:10:22,4.4,6.5,267,0.0,0.0,0,0.0,0.0,0,23521.00,0.00,0.00,192,12.85,2.67,0.00,-6.0,4.998,4.998,4.998,4.998,172
2022-02-08 02:11:22,3.9,4.5,190,0.0,0.0,0,0.0,0.0,0,23711.00,0.00,0.00,187,12.89,2.59,0.00,-6.5,4.998,4.998,4.998,4.998,243
2022-02-08 02:12:22,3.9,6.0,276,0.0,0.0,0,0.0,0.0,0,23987.00,0.00,0.00,198,12.89,2.75,0.00,-6.0,4.998,4.998,4.998,4.998,253
2022-02-08 02:13:22,3.9,4.7,186,0.0,0.0,0,0.0,0.0,0,24173.00,0.00,0.00,212,12.89,2.94,0.00,-6.0,4.998,4.998,4.998,4.998,66
2022-02-08 02:14:22,3.6,4.9,209,0.0,0.0,0,0.0,0.0,0,24382.00,0.00,0.00,191,12.89,2.66,0.00,-6.0,4.998,4.998,4.998,4.998,94
2022-02-08 02:15:22,2.3,6.0,214,0.0,0.0,0,0.0,0.0,0,24596.00,0.00,0.00,225,12.89,3.12,0.00,-5.5,4.998,4.998,4.998,4.998,32
2022-02-08 02:16:22,2.1,4.5,181,0.0,0.0,0,0.0,0.0,0,24777.00,0.00,0.00,182,12.89,2.53,0.00,-5.5,4.998,4.998,4.998,4.998,33
2022-02-08 02:17:22,3.8,4.6,178,0.0,0.0,0,0.0,0.0,0,24955.00,0.00,0.00,198,12.89,2.75,0.00,-5.5,4.998,4.998,4.998,4.998,234
2022-02-08 02:18:22,4.5,5.1,228,0.0,0.0,0,0.0,0.0,0,25183.00,0.00,0.00,193,12.89,2.68,0.00,-6.0,4.998,4.998,4.998,4.998,91
2022-02-08 02:19:22,4.9,7.4,290,0.0,0.0,0,0.0,0.0,0,25473.00,0.00,0.00,195,12.85,2.70,0.00,-5.5,4.998,4.998,4.998,4.998,13
2022-02-08 02:20:22,4.2,6.8,293,0.0,0.0,0,0.0,0.0,0,25766.00,0.00,0.00,183,12.85,2.55,0.00,-5.5,4.998,4.998,4.998,4.998,126
2022-02-08 02:21:22,6.4,7.6,299,0.0,0.0,0,0.0,0.0,0,26065.00,0.00,0.00,206,12.89,2.86,0.00,-6.0,4.998,4.998,4.998,4.998,248
2022-02-08 02:22:22,4.7,7.0,306,0.0,0.0,0,0.0,0.0,0,26371.00,0.00,0.00,201,12.85,2.79,0.00,-6.0,4.998,4.998,4.998,4.998,0
2022-02-08 02:23:22,1.8,5.3,172,0.0,0.0,0,0.0,0.0,0,26543.00,0.00,0.00,191,12.89,2.66,0.00,-6.0,4.998,4.998,4.998,4.998,81
2022-02-08 02:24:22,2.0,4.1,159,0.0,0.0,0,0.0,0.0,0,26702.00,0.00,0.00,242,12.89,3.36,0.00,-6.0,4.998,4.998,4.998,4.998,149
2022-02-08 02:25:22,2.3,2.9,107,0.0,0.0,0,0.0,0.0,0,26809.00,0.00,0.00,242,12.85,3.36,0.00,-6.5,4.998,4.998,4.998,4.998,105
2022-02-08 02:26:22,2.2,2.6,80,0.0,0.0,0,0.0,0.0,0,26889.00,0.00,0.00,242,12.89,3.36,0.00,-6.5,4.998,4.998,4.998,4.998,55
2022-02-08 02:27:22,0.0,2.7,63,0.0,0.0,0,0.0,0.0,0,26952.00,0.00,0.00,242,12.85,3.36,0.00,-6.5,4.998,4.998,4.998,4.998,56
2022-02-08 02:28:22,3.2,3.7,68,0.0,0.0,0,0.0,0.0,0,27020.00,0.00,0.00,240,12.89,3.33,0.00,-6.5,4.998,4.998,4.998,4.998,135
2022-02-08 02:29:22,5.4,5.8,166,0.0,0.0,0,0.0,0.0,0,27186.00,0.00,0.00,244,12.85,3.39,0.00,-6.5,4.998,4.998,4.998,4.998,97
2022-02-08 02:30:22,4.4,6.1,200,0.0,0.0,0,0.0,0.0,0,27386.00,0.00,0.00,221,12.85,3.08,0.00,-6.5,4.998,4.998,4.998,4.998,161
2022-02-08 02:31:22,2.8,4.2,129,0.0,0.0,0,0.0,0.0,0,27515.00,0.00,0.00,218,12.85,3.03,0.00,-6.5,4.998,4.998,4.998,4.998,41
2022-02-08 02:32:22,3.6,7.3,224,0.0,0.0,0,0.0,0.0,0,27739.00,0.00,0.00,219,12.89,3.05,0.00,-6.0,4.998,4.998,4.998,4.998,83
2022-02-08 02:33:22,5.1,8.2,348,0.0,0.0,0,0.0,0.0,0,28087.00,0.00,0.00,230,12.85,3.19,0.00,-5.5,4.998,4.998,4.998,4.998,121
2022-02-08 02:34:22,5.0,5.5,247,0.0,0.0,0,0.0,0.0,0,28334.00,0.00,0.00,204,12.89,2.84,0.00,-6.0,4.998,4.998,4.998,4.998,77
2022-02-08 02:35:22,6.5,8.6,305,0.0,0.0,0,0.0,0.0,0,28639.00,0.00,0.00,219,12.85,3.05,0.00,-5.5,4.998,4.998,4.998,4.998,84
2022-02-08 02:36:22,4.1,7.0,284,0.0,0.0,0,0.0,0.0,0,28923.00,0.00,0.00,225,12.85,3.13,0.00,-5.5,4.998,4.998,4.998,4.998,249
2022-02-08 02:37:22,2.6,4.7,177,0.0,0.0,0,0.0,0.0,0,29100.00,0.00,0.00,229,12.85,3.18,0.00,-6.0,4.998,4.998,4.998,4.998,223
2022-02-08 02:38:22,4.6,6.1,191,0.0,0.0,0,0.0,0.0,0,29291.00,0.00,0.00,218,12.89,3.03,0.00,-6.0,4.998,4.998,4.998,4.998,173
2022-02-08 02:39:22,3.6,5.5,211,0.0,0.0,0,0.0,0.0,0,29502.00,0.00,0.00,198,12.89,2.75,0.00,-6.0,4.998,4.998,4.998,4.998,206
2022-02-08 02:40:22,2.7,3.7,158,0.0,0.0,0,0.0,0.0,0,29660.00,0.00,0.00,198,12.85,2.76,0.00,-6.0,4.998,4.998,4.998,4.998,143
2022-02-08 02:41:22,3.0,3.9,153,0.0,0.0,0,0.0,0.0,0,29813.00,0.00,0.00,199,12.89,2.76,0.00,-6.0,4.998,4.998,4.998,4.998,97
2022-02-08 02:42:22,2.1,4.3,142,0.0,0.0,0,0.0,0.0,0,29955.00,0.00,0.00,228,12.85,3.16,0.00,-6.0,4.998,4.998,4.998,4.998,206
2022-02-08 02:43:22,4.5,4.5,138,0.0,0.0,0,0.0,0.0,0,30093.00,0.00,0.00,198,12.89,2.75,0.00,-6.5,4.998,4.998,4.998,4.998,254
2022-02-08 02:44:22,3.9,7.2,308,0.0,0.0,0,0.0,0.0,0,30401.00,0.00,0.00,221,12.85,3.07,0.00,-6.0,4.998,4.998,4.998,4.998,217
2022-02-08 02:45:22,4.2,5.8,262,0.0,0.0,0,0.0,0.0,0,30663.00,0.00,0.00,196,12.85,2.72,0.00,-6.0,4.998,4.998,4.998,4.998,252
2022-02-08 02:46:22,2.2,4.8,186,0.0,0.0,0,0.0,0.0,0,30849.00,0.00,0.00,196,12.89,2.72,0.00,-6.0,4.998,4.998,4.998,4.998,173
2022-02-08 02:47:22,1.9,3.1,123,0.0,0.0,0,0.0,0.0,0,30972.00,0.00,0.00,196,12.89,2.72,0.00,-6.5,4.998,4.998,4.998,4.998,106
2022-02-08 02:48:22,3.6,3.9,147,0.0,0.0,0,0.0,0.0,0,31119.00,0.00,0.00,211,12.89,2.94,0.00,-7.0,4.998,4.998,4.998,4.998,123
2022-02-08 02:49:22,3.3,4.2,176,0.0,0.0,0,0.0,0.0,0,31295.00,0.00,0.00,229,12.89,3.18,0.00,-6.0,4.998,4.998,4.998,4.998,22
2022-02-08 02:50:22,2.8,3.5,139,0.0,0.0,0,0.0,0.0,0,31434.00,0.00,0.00,229,12.85,3.18,0.00,-6.5,4.998,4.998,4.998,4.998,99
2022-02-08 02:51:22,3.2,4.6,138,0.0,0.0,0,0.0,0.0,0,31572.00,0.00,0.00,192,12.85,2.67,0.00,-6.5,4.998,4.998,4.998,4.998,10
2022-02-08 02:52:22,2.9,4.3,192,0.0,0.0,0,0.0,0.0,0,31764.00,0.00,0.00,210,12.85,2.91,0.00,-6.5,4.998,4.998,4.998,4.998,175
2022-02-08 02:53:22,5.0,5.7,221,0.0,0.0,0,0.0,0.0,0,31985.00,0.00,0.00,198,12.85,2.75,0.00,-6.0,4.998,4.998,4.998,4.998,177
2022-02-08 02:54:22,2.5,5.7,211,0.0,0.0,0,0.0,0.0,0,32196.00,0.00,0.00,198,12.85,2.75,0.00,-6.0,4.998,4.998,4.998,4.998,63
2022-02-08 02:55:22,2.5,3.9,167,0.0,0.0,0,0.0,0.0,0,32363.00,0.00,0.00,202,12.85,2.81,0.00,-6.5,4.998,4.998,4.998,4.998,49
2022-02-08 02:56:22,2.0,4.0,102,0.0,0.0,0,0.0,0.0,0,32465.00,0.00,0.00,186,12.85,2.58,0.00,-6.5,4.998,4.998,4.998,4.998,231
2022-02-08 02:57:22,3.9,7.0,151,0.0,0.0,0,0.0,0.0,0,32616.00,0.00,0.00,246,12.85,3.42,0.00,-6.5,4.998,4.998,4.998,4.998,113
2022-02-08 02:58:22,3.9,7.6,265,0.0,0.0,0,0.0,0.0,0,32881.00,0.00,0.00,210,12.85,2.92,0.00,-6.5,4.998,4.998,4.998,4.998,76
2022-02-08 02:59:22,4.7,4.9,187,0.0,0.0,0,0.0,0.0,0,33068.00,0.00,0.00,210,12.85,2.91,0.00,-7.0,4.998,4.998,4.998,4.998,219
2022-02-08 03:00:22,3.5,6.3,251,0.0,0.0,0,0.0,0.0,0,33319.00,0.00,0.00,204,12.85,2.84,0.00,-6.5,4.998,4.998,4.998,4.998,134
2022-02-08 03:01:22,4.5,6.0,240,0.0,0.0,0,0.0,0.0,0,33559.00,0.00,0.00,206,12.85,2.86,0.00,-6.0,4.998,4.998,4.998,4.998,226
2022-02-08 03:02:22,3.6,5.9,226,0.0,0.0,0,0.0,0.0,0,33785.00,0.00,0.00,196,12.85,2.72,0.00,-7.0,4.998,4.998,4.998,4.998,16
2022-02-08 03:03:22,3.3,4.5,175,0.0,0.0,0,0.0,0.0,0,33960.00,0.00,0.00,219,12.85,3.05,0.00,-7.0,4.998,4.998,4.998,4.998,98
2022-02-08 03:04:22,1.8,4.3,157,0.0,0.0,0,0.0,0.0,0,34117.00,0.00,0.00,216,12.85,3.01,0.00,-7.0,4.998,4.998,4.998,4.998,134
2022-02-08 03:05:22,5.6,7.0,239,0.0,0.0,0,0.0,0.0,0,34356.00,0.00,0.00,234,12.85,3.25,0.00,-6.5,4.998,4.998,4.998,4.998,42
2022-02-08 03:06:22,3.9,7.2,318,0.0,0.0,0,0.0,0.0,0,34674.00,0.00,0.00,203,12.89,2.82,0.00,-6.0,4.998,4.998,4.998,4.998,129
2022-02-08 03:07:22,4.8,7.0,290,0.0,0.0,0,0.0,0.0,0,34964.00,0.00,0.00,196,12.85,2.73,0.00,-6.0,4.998,4.998,4.998,4.998,55
2022-02-08 03:08:22,4.0,5.6,233,0.0,0.0,0,0.0,0.0,0,35197.00,0.00,0.00,205,12.85,2.85,0.00,-6.5,4.998,4.998,4.998,4.998,79
2022-02-08 03:09:22,4.8,8.5,377,0.0,0.0,0,0.0,0.0,0,35574.00,0.00,0.00,202,12.85,2.80,0.00,-6.0,4.998,4.998,4.998,4.998,232
2022-02-08 03:10:22,3.2,5.0,202,0.0,0.0,0,0.0,0.0,0,35776.00,0.00,0.00,201,12.85,2.79,0.00,-6.5,4.998,4.998,4.998,4.998,88
2022-02-08 03:11:22,3.9,6.7,268,0.0,0.0,0,0.0,0.0,0,36044.00,0.00,0.00,198,12.85,2.76,0.00,-6.5,4.998,4.998,4.998,4.998,252
2022-02-08 03:12:22,5.4,6.9,230,0.0,0.0,0,0.0,0.0,0,36274.00,0.00,0.00,191,12.85,2.66,0.00,-6.5,4.998,4.998,4.998,4.998,194
2022-02-08 03:13:22,2.6,8.0,292,0.0,0.0,0,0.0,0.0,0,36566.00,0.00,0.00,197,12.85,2.74,0.00,-6.5,4.998,4.998,4.998,4.998,234
2022-02-08 03:14:22,5.5,6.8,270,0.0,0.0,0,0.0,0.0,0,36836.00,0.00,0.00,221,12.85,3.07,0.00,-6.0,4.998,4.998,4.998,4.998,230
2022-02-08 03:15:22,4.7,6.1,249,0.0,0.0,0,0.0,0.0,0,37085.00,0.00,0.00,201,12.85,2.79,0.00,-6.5,4.998,4.998,4.998,4.998,44
2022-02-08 03:16:22,7.0,7.0,210,0.0,0.0,0,0.0,0.0,0,37295.00,0.00,0.00,214,12.89,2.98,0.00,-6.0,4.998,4.998,4.998,4.998,229
2022-02-08 03:17:22,2.7,7.1,209,0.0,0.0,0,0.0,0.0,0,37504.00,0.00,0.00,212,12.85,2.94,0.00,-6.0,4.998,4.998,4.998,4.998,182
2022-02-08 03:18:22,3.0,4.8,192,0.0,0.0,0,0.0,0.0,0,37696.00,0.00,0.00,183,12.89,2.54,0.00,-6.0,4.998,4.998,4.998,4.998,144
2022-02-08 03:19:22,4.1,5.4,223,0.0,0.0,0,0.0,0.0,0,37919.00,0.00,0.00,203,12.85,2.83,0.00,-6.5,4.998,4.998,4.998,4.998,60
2022-02-08 03:20:22,4.7,6.4,276,0.0,0.0,0,0.0,0.0,0,38195.00,0.00,0.00,200,12.85,2.78,0.00,-6.5,4.998,4.998,4.998,4.998,73
2022-02-08 03:21:22,3.1,5.8,256,0.0,0.0,0,0.0,0.0,0,38451.00,0.00,0.00,210,12.85,2.91,0.00,-6.5,4.998,4.998,4.998,4.998,91
2022-02-08 03:22:22,2.4,4.4,176,0.0,0.0,0,0.0,0.0,0,38627.00,0.00,0.00,216,12.85,3.00,0.00,-7.0,4.998,4.998,4.998,4.998,239
2022-02-08 03:23:22,3.5,4.3,132,0.0,0.0,0,0.0,0.0,0,38759.00,0.00,0.00,194,12.85,2.70,0.00,-7.0,4.998,4.998,4.998,4.998,165
2022-02-08 03:24:22,7.5,8.6,259,0.0,0.0,0,0.0,0.0,0,39018.00,0.00,0.00,179,12.85,2.49,0.00,-6.5,4.998,4.998,4.998,4.998,243
2022-02-08 03:25:22,4.2,7.8,324,0.0,0.0,0,0.0,0.0,0,39342.00,0.00,0.00,203,12.85,2.82,0.00,-7.0,4.998,4.998,4.998,4.998,138
2022-02-08 03:26:22,3.1,4.7,221,0.0,0.0,0,0.0,0.0,0,39563.00,0.00,0.00,206,12.85,2.86,0.00,-7.0,4.998,4.998,4.998,4.998,65
2022-02-08 03:27:22,4.1,4.6,145,0.0,0.0,0,0.0,0.0,0,39708.00,0.00,0.00,244,12.85,3.39,0.00,-7.0,4.998,4.998,4.998,4.998,27
2022-02-08 03:28:22,4.2,6.5,209,0.0,0.0,0,0.0,0.0,0,39917.00,0.00,0.00,210,12.85,2.91,0.00,-7.0,4.998,4.998,4.998,4.998,230
2022-02-08 03:29:22,3.0,5.1,203,0.0,0.0,0,0.0,0.0,0,40120.00,0.00,0.00,213,12.85,2.95,0.00,-7.0,4.998,4.998,4.998,4.998,117
2022-02-08 03:30:22,2.2,3.7,170,0.0,0.0,0,0.0,0.0,0,40290.00,0.00,0.00,211,12.85,2.94,0.00,-6.5,4.998,4.998,4.998,4.998,171
2022-02-08 03:31:22,4.8,5.8,185,0.0,0.0,0,0.0,0.0,0,40475.00,0.00,0.00,223,12.85,3.10,0.00,-7.0,4.998,4.998,4.998,4.998,72
2022-02-08 03:32:22,3.1,5.1,201,0.0,0.0,0,0.0,0.0,0,40676.00,0.00,0.00,219,12.85,3.04,0.00,-6.5,4.998,4.998,4.998,4.998,79
2022-02-08 03:33:22,3.1,3.8,135,0.0,0.0,0,0.0,0.0,0,40811.00,0.00,0.00,218,12.85,3.03,0.00,-6.5,4.998,4.998,4.998,4.998,213
2022-02-08 03:34:22,3.9,4.0,143,0.0,0.0,0,0.0,0.0,0,40954.00,0.00,0.00,218,12.85,3.03,0.00,-6.5,4.998,4.998,4.998,4.998,34
2022-02-08 03:35:22,3.2,4.4,183,0.0,0.0,0,0.0,0.0,0,41137.00,0.00,0.00,203,12.85,2.82,0.00,-7.0,4.998,4.998,4.998,4.998,211
2022-02-08 03:36:22,3.9,4.2,148,0.0,0.0,0,0.0,0.0,0,41285.00,0.00,0.00,197,12.85,2.73,0.00,-6.5,4.998,4.998,4.998,4.998,238
2022-02-08 03:37:22,2.0,3.9,119,0.0,0.0,0,0.0,0.0,0,41404.00,0.00,0.00,197,12.85,2.73,0.00,-7.0,4.998,4.998,4.998,4.998,235
2022-02-08 03:38:22,2.1,3.8,153,0.0,0.0,0,0.0,0.0,0,41557.00,0.00,0.00,216,12.85,3.01,0.00,-7.0,4.998,4.998,4.998,4.998,127
2022-02-08 03:39:22,1.5,4.8,137,0.0,0.0,0,0.0,0.0,0,41694.00,0.00,0.00,218,12.85,3.03,0.00,-7.0,4.998,4.998,4.998,4.998,19
2022-02-08 03:40:22,0.0,2.5,30,0.0,0.0,0,0.0,0.0,0,41724.00,0.00,0.00,218,12.85,3.03,0.00,-7.0,4.998,4.998,4.998,4.998,9
2022-02-08 03:41:22,2.3,2.5,28,0.0,0.0,0,0.0,0.0,0,41752.00,0.00,0.00,218,12.85,3.03,0.00,-7.0,4.998,4.998,4.998,4.998,52
2022-02-08 03:42:22,0.0,2.7,24,0.0,0.0,0,0.0,0.0,0,41776.00,0.00,0.00,218,12.85,3.03,0.00,-7.5,4.998,4.998,4.998,4.998,164
2022-02-08 03:43:22,2.3,4.0,112,0.0,0.0,0,0.0,0.0,0,41888.00,0.00,0.00,218,12.85,3.03,0.00,-6.5,4.998,4.998,4.998,4.998,146
2022-02-08 03:44:22,0.0,2.4,60,0.0,0.0,0,0.0,0.0,0,41948.00,0.00,0.00,217,12.85,3.02,0.00,-6.5,4.998,4.998,4.998,4.998,70
2022-02-08 03:45:22,0.0,2.5,48,0.0,0.0,0,0.0,0.0,0,41996.00,0.00,0.00,217,12.85,3.02,0.00,-7.5,4.998,4.998,4.998,4.998,86
2022-02-08 03:46:22,1.6,2.1,16,0.0,0.0,0,0.0,0.0,0,42012.00,0.00,0.00,217,12.85,3.02,0.00,-7.0,4.998,4.998,4.998,4.998,234
2022-02-08 03:47:22,0.0,2.1,29,0.0,0.0,0,0.0,0.0,0,42041.00,0.00,0.00,217,12.85,3.02,0.00,-7.0,4.998,4.998,4.998,4.998,186
2022-02-08 03:48:22,0.0,0.0,0,0.0,0.0,0,0.0,0.0,0,42041.00,0.00,0.00,217,12.85,3.02,0.00,-7.0,4.998,4.998,4.998,4.998,46
2022-02-08 03:49:22,1.9,1.9,4,0.0,0.0,0,0.0,0.0,0,42045.00,0.00,0.00,217,12.85,3.01,0.00,-7.0,4.998,4.998,4.998,4.998,74
2022-02-08 03:50:22,2.6,2.8,100,0.0,0.0,0,0.0,0.0,0,42145.00,0.00,0.00,217,12.85,3.01,0.00,-7.0,4.998,4.998,4.998,4.998,66
2022-02-08 03:51:22,1.9,2.9,113,0.0,0.0,0,0.0,0.0,0,42258.00,0.00,0.00,217,12.85,3.02,0.00,-7.0,4.998,4.998,4.998,4.998,69
2022-02-08 03:52:22,1.7,2.3,77,0.0,0.0,0,0.0,0.0,0,42335.00,0.00,0.00,217,12.85,3.02,0.00,-7.5,4.998,4.998,4.998,4.998,232
2022-02-08 03:53:22,1.3,4.0,122,0.0,0.0,0,0.0,0.0,0,42457.00,0.00,0.00,202,12.85,2.81,0.00,-7.5,4.998,4.998,4.998,4.998,132
2022-02-08 03:54:22,0.0,0.0,0,0.0,0.0,0,0.0,0.0,0,42457.00,0.00,0.00,202,12.85,2.81,0.00,-8.0,4.998,4.998,4.998,4.998,29
2022-02-08 03:55:22,0.0,0.0,0,0.0,0.0,0,0.0,0.0,0,42457.00,0.00,0.00,202,12.85,2.81,0.00,-8.0,4.998,4.998,4.998,4.998,100
2022-02-08 03:56:22,0.0,0.0,0,0.0,0.0,0,0.0,0.0,0,42457.00,0.00,0.00,202,12.85,2.81,0.00,-8.0,4.998,4.998,4.998,4.998,162
2022-02-08 03:57:22,0.0,0.0,0,0.0,0.0,0,0.0,0.0,0,42457.00,0.00,0.00,202,12.85,2.81,0.00,-8.0,4.998,4.998,4.998,4.998,219
2022-02-08 03:58:22,0.0,0.0,0,0.0,0.0,0,0.0,0.0,0,42457.00,0.00,0.00,202,12.85,2.81,0.00,-8.0,4.998,4.998,4.998,4.998,175
2022-02-08 03:59:22,0.0,0.0,0,0.0,0.0,0,0.0,0.0,0,42457.00,0.00,0.00,202,12.85,2.81,0.00,-8.0,4.998,4.998,4.998,4.998,214
2022-02-08 04:00:22,0.0,0.0,0,0.0,0.0,0,0.0,0.0,0,42457.00,0.00,0.00,202,12.85,2.81,0.00,-8.0,4.998,4.998,4.998,4.998,225
2022-02-08 04:01:22,0.0,0.0,0,0.0,0.0,0,0.0,0.0,0,42457.00,0.00,0.00,202,12.85,2.81,0.00,-8.0,4.998,4.998,4.998,4.998,152
2022-02-08 04:02:22,0.0,2.1,44,0.0,0.0,0,0.0,0.0,0,42501.00,0.00,0.00,202,12.85,2.81,0.00,-8.0,4.998,4.998,4.998,4.998,106
2022-02-08 04:03:22,0.0,0.0,0,0.0,0.0,0,0.0,0.0,0,42501.00,0.00,0.00,202,12.85,2.81,0.00,-8.0,4.998,4.998,4.998,4.998,211
2022-02-08 04:04:22,1.3,1.9,20,0.0,0.0,0,0.0,0.0,0,42521.00,0.00,0.00,202,12.85,2.81,0.00,-8.0,4.998,4.998,4.998,4.998,166
2022-02-08 04:05:22,1.2,1.8,26,0.0,0.0,0,0.0,0.0,0,42547.00,0.00,0.00,202,12.85,2.81,0.00,-8.0,4.998,4.998,4.998,4.998,182
2022-02-08 04:06:22,2.2,2.4,59,0.0,0.0,0,0.0,0.0,0,42606.00,0.00,0.00,202,12.85,2.81,0.00,-8.5,4.998,4.998,4.998,4.998,63
2022-02-08 04:07:22,1.4,2.3,49,0.0,0.0,0,0.0,0.0,0,42655.00,0.00,0.00,202,12.85,2.81,0.00,-8.0,4.998,4.998,4.998,4.998,28
2022-02-08 04:08:22,0.0,2.1,32,0.0,0.0,0,0.0,0.0,0,42687.00,0.00,0.00,202,12.85,2.81,0.00,-8.5,4.998,4.998,4.998,4.998,147
2022-02-08 04:09:22,0.0,0.0,0,0.0,0.0,0,0.0,0.0,0,42687.00,0.00,0.00,202,12.85,2.81,0.00,-8.9,4.998,4.998,4.998,4.998,18
2022-02-08 04:10:22,0.0,0.0,0,0.0,0.0,0,0.0,0.0,0,42687.00,0.00,0.00,202,12.85,2.80,0.00,-8.9,4.998,4.998,4.998,4.998,221
2022-02-08 04:11:22,0.0,0.0,0,0.0,0.0,0,0.0,0.0,0,42687.00,0.00,0.00,202,12.85,2.81,0.00,-8.9,4.998,4.998,4.998,4.998,111
2022-02-08 04:12:22,0.0,0.0,0,0.0,0.0,0,0.0,0.0,0,42687.00,0.00,0.00,202,12.85,2.81,0.00,-8.9,4.998,4.998,4.998,4.998,169
2022-02-08 04:13:22,0.0,0.0,0,0.0,0.0,0,0.0,0.0,0,42687.00,0.00,0.00,202,12.85,2.81,0.00,-8.9,4.998,4.998,4.998,4.998,208
2022-02-08 04:14:22,0.0,0.0,0,0.0,0.0,0,0.0,0.0,0,42687.00,0.00,0.00,202,12.85,2.81,0.00,-8.9,4.998,4.998,4.998,4.998,202
2022-02-08 04:15:22,0.0,0.0,0,0.0,0.0,0,0.0,0.0,0,42687.00,0.00,0.00,202,12.85,2.81,0.00,-9.4,4.998,4.998,4.998,4.998,173
2022-02-08 04:16:22,0.0,0.0,0,0.0,0.0,0,0.0,0.0,0,42687.00,0.00,0.00,202,12.85,2.81,0.00,-9.4,4.998,4.998,4.998,4.998,107
2022-02-08 04:17:22,0.0,0.0,0,0.0,0.0,0,0.0,0.0,0,42687.00,0.00,0.00,202,12.85,2.81,0.00,-9.4,4.998,4.998,4.998,4.998,18
2022-02-08 04:18:22,0.0,0.0,0,0.0,0.0,0,0.0,0.0,0,42687.00,0.00,0.00,202,12.85,2.81,0.00,-9.4,4.998,4.998,4.998,4.998,102
2022-02-08 04:19:22,0.0,0.0,0,0.0,0.0,0,0.0,0.0,0,42687.00,0.00,0.00,202,12.85,2.81,0.00,-9.4,4.998,4.998,4.998,4.998,31
2022-02-08 04:20:22,0.0,0.0,0,0.0,0.0,0,0.0,0.0,0,42687.00,0.00,0.00,202,12.85,2.80,0.00,-9.4,4.998,4.998,4.998,4.998,90
2022-02-08 04:21:22,0.0,0.0,0,0.0,0.0,0,0.0,0.0,0,42687.00,0.00,0.00,202,12.85,2.81,0.00,-9.4,4.998,4.998,4.998,4.998,232
2022-02-08 04:22:22,0.0,0.0,0,0.0,0.0,0,0.0,0.0,0,42687.00,0.00,0.00,202,12.85,2.81,0.00,-9.4,4.998,4.998,4.998,4.998,46
2022-02-08 04:23:22,0.0,0.0,0,0.0,0.0,0,0.0,0.0,0,42687.00,0.00,0.00,202,12.85,2.81,0.00,-9.4,4.998,4.998,4.998,4.998,87
2022-02-08 04:24:22,0.0,0.0,0,0.0,0.0,0,0.0,0.0,0,42687.00,0.00,0.00,202,12.85,2.81,0.00,-9.4,4.998,4.998,4.998,4.998,77
2022-02-08 04:25:22,0.0,0.0,0,0.0,0.0,0,0.0,0.0,0,42687.00,0.00,0.00,202,12.85,2.81,0.00,-9.9,4.998,4.998,4.998,4.998,228
2022-02-08 04:26:22,0.0,0.0,0,0.0,0.0,0,0.0,0.0,0,42687.00,0.00,0.00,202,12.85,2.81,0.00,-9.4,4.998,4.998,4.998,4.998,242
2022-02-08 04:27:22,0.0,0.0,0,0.0,0.0,0,0.0,0.0,0,42687.00,0.00,0.00,202,12.85,2.81,0.00,-9.4,4.998,4.998,4.998,4.998,139
2022-02-08 04:28:22,0.0,0.0,0,0.0,0.0,0,0.0,0.0,0,42687.00,0.00,0.00,202,12.85,2.81,0.00,-9.4,4.998,4.998,4.998,4.998,255
2022-02-08 04:29:22,0.0,0.0,0,0.0,0.0,0,0.0,0.0,0,42687.00,0.00,0.00,202,12.85,2.81,0.00,-9.4,4.998,4.998,4.998,4.998,134
2022-02-08 04:30:22,0.0,0.0,0,0.0,0.0,0,0.0,0.0,0,42687.00,0.00,0.00,202,12.85,2.81,0.00,-9.4,4.998,4.998,4.998,4.998,130
2022-02-08 04:31:22,0.0,0.0,1,0.0,0.0,0,0.0,0.0,0,42688.00,0.00,0.00,202,12.85,2.81,0.00,-9.4,4.998,4.998,4.998,4.998,166
2022-02-08 04:32:22,0.0,0.0,0,0.0,0.0,0,0.0,0.0,0,42688.00,0.00,0.00,202,12.81,2.81,0.00,-9.9,4.998,4.998,4.998,4.998,151
2022-02-08 04:33:22,0.0,0.0,0,0.0,0.0,0,0.0,0.0,0,42688.00,0.00,0.00,202,12.85,2.81,0.00,-9.9,4.998,4.998,4.998,4.998,155
2022-02-08 04:34:22,0.0,0.0,0,0.0,0.0,0,0.0,0.0,0,42688.00,0.00,0.00,202,12.85,2.81,0.00,-10.4,4.998,4.998,4.998,4.998,90
2022-02-08 04:35:22,0.0,0.0,0,0.0,0.0,0,0.0,0.0,0,42688.00,0.00,0.00,202,12.85,2.81,0.00,-10.4,4.998,4.998,4.998,4.998,73
2022-02-08 04:36:22,0.0,0.0,0,0.0,0.0,0,0.0,0.0,0,42688.00,0.00,0.00,202,12.81,2.81,0.00,-10.9,4.998,4.998,4.998,4.998,164
2022-02-08 04:37:22,0.0,0.0,0,0.0,0.0,0,0.0,0.0,0,42688.00,0.00,0.00,202,12.85,2.81,0.00,-10.9,4.998,4.998,4.998,4.998,19
2022-02-08 04:38:22,0.0,0.0,0,0.0,0.0,0,0.0,0.0,0,42688.00,0.00,0.00,202,12.85,2.81,0.00,-10.4,4.998,4.998,4.998,4.998,190
2022-02-08 04:39:22,0.0,0.0,0,0.0,0.0,0,0.0,0.0,0,42688.00,0.00,0.00,202,12.85,2.81,0.00,-9.9,4.998,4.998,4.998,4.998,74
2022-02-08 04:40:22,0.0,0.0,0,0.0,0.0,0,0.0,0.0,0,42688.00,0.00,0.00,202,12.85,2.81,0.00,-10.4,4.998,4.998,4.998,4.998,90
2022-02-08 04:41:22,0.0,2.3,37,0.0,0.0,0,0.0,0.0,0,42725.00,0.00,0.00,202,12.81,2.81,0.00,-10.4,4.998,4.998,4.998,4.998,238
2022-02-08 04:42:22,1.8,2.6,78,0.0,0.0,0,0.0,0.0,0,42803.00,0.00,0.00,202,12.85,2.81,0.00,-10.4,4.998,4.998,4.998,4.998,196
2022-02-08 04:43:22,0.0,1.7,25,0.0,0.0,0,0.0,0.0,0,42828.00,0.00,0.00,202,12.85,2.81,0.00,-10.4,4.998,4.998,4.998,4.998,123
2022-02-08 04:44:22,0.0,0.0,0,0.0,0.0,0,0.0,0.0,0,42828.00,0.00,0.00,202,12.85,2.81,0.00,-9.9,4.998,4.998,4.998,4.998,48
2022-02-08 04:45:22,0.0,0.0,0,0.0,0.0,0,0.0,0.0,0,42828.00,0.00,0.00,202,12.85,2.81,0.00,-9.9,4.998,4.998,4.998,4.998,73
2022-02-08 04:46:22,0.0,0.0,0,0.0,0.0,0,0.0,0.0,0,42828.00,0.00,0.00,202,12.85,2.81,0.00,-10.4,4.998,4.998,4.998,4.998,88
2022-02-08 04:47:22,0.0,0.0,0,0.0,0.0,0,0.0,0.0,0,42828.00,0.00,0.00,202,12.85,2.81,0.00,-10.4,4.998,4.998,4.998,4.998,75
2022-02-08 04:48:22,0.0,0.0,0,0.0,0.0,0,0.0,0.0,0,42828.00,0.00,0.00,202,12.81,2.81,0.00,-10.4,4.998,4.998,4.998,4.998,146
2022-02-08 04:49:22,0.0,0.0,0,0.0,0.0,0,0.0,0.0,0,42828.00,0.00,0.00,202,12.81,2.81,0.00,-10.4,4.998,4.998,4.998,4.998,129
2022-02-08 04:50:22,0.0,0.0,0,0.0,0.0,0,0.0,0.0,0,42828.00,0.00,0.00,202,12.81,2.81,0.00,-10.4,4.998,4.998,4.998,4.998,236
2022-02-08 04:51:22,0.0,0.0,0,0.0,0.0,0,0.0,0.0,0,42828.00,0.00,0.00,202,12.85,2.81,0.00,-10.4,4.998,4.998,4.998,4.998,91
2022-02-08 04:52:22,0.0,0.0,0,0.0,0.0,0,0.0,0.0,0,42828.00,0.00,0.00,202,12.85,2.81,0.00,-10.4,4.998,4.998,4.998,4.998,194
2022-02-08 04:53:22,0.0,0.0,0,0.0,0.0,0,0.0,0.0,0,42828.00,0.00,0.00,202,12.85,2.81,0.00,-10.4,4.998,4.998,4.998,4.998,209
2022-02-08 04:54:22,0.0,0.0,0,0.0,0.0,0,0.0,0.0,0,42828.00,0.00,0.00,202,12.81,2.81,0.00,-10.4,4.998,4.998,4.998,4.998,169
2022-02-08 04:55:22,0.0,0.0,0,0.0,0.0,0,0.0,0.0,0,42828.00,0.00,0.00,202,12.81,2.81,0.00,-10.9,4.998,4.998,4.998,4.998,106
2022-02-08 04:56:22,0.0,0.0,0,0.0,0.0,0,0.0,0.0,0,42828.00,0.00,0.00,202,12.85,2.81,0.00,-10.9,4.998,4.998,4.998,4.998,87
2022-02-08 04:57:22,0.0,0.0,0,0.0,0.0,0,0.0,0.0,0,42828.00,0.00,0.00,202,12.81,2.81,0.00,-11.4,4.998,4.998,4.998,4.998,254
2022-02-08 04:58:22,0.0,0.0,0,0.0,0.0,0,0.0,0.0,0,42828.00,0.00,0.00,202,12.81,2.81,0.00,-10.9,4.998,4.998,4.998,4.998,157
2022-02-08 04:59:22,0.0,0.0,0,0.0,0.0,0,0.0,0.0,0,42828.00,0.00,0.00,202,12.81,2.81,0.00,-10.9,4.998,4.998,4.998,4.998,142
2022-02-08 05:00:22,0.0,0.0,0,0.0,0.0,0,0.0,0.0,0,42828.00,0.00,0.00,202,12.81,2.81,0.00,-11.4,4.998,4.998,4.998,4.998,233
2022-02-08 05:01:22,0.0,0.0,0,0.0,0.0,0,0.0,0.0,0,42828.00,0.00,0.00,202,12.81,2.81,0.00,-11.4,4.998,4.998,4.998,4.998,250
2022-02-08 05:02:22,0.0,0.0,0,0.0,0.0,0,0.0,0.0,0,42828.00,0.00,0.00,202,12.85,2.81,0.00,-10.9,4.998,4.998,4.998,4.998,217
2022-02-08 05:03:22,0.0,0.0,0,0.0,0.0,0,0.0,0.0,0,42828.00,0.00,0.00,202,12.85,2.81,0.00,-10.9,4.998,4.998,4.998,4.998,202
2022-02-08 05:04:22,1.5,2.0,20,0.0,0.0,0,0.0,0.0,0,42848.00,0.00,0.00,202,12.85,2.81,0.00,-10.4,4.998,4.998,4.998,4.998,203
2022-02-08 05:05:22,0.0,1.4,4,0.0,0.0,0,0.0,0.0,0,42852.00,0.00,0.00,202,12.85,2.81,0.00,-10.9,4.998,4.998,4.998,4.998,141
2022-02-08 05:06:22,0.0,0.0,0,0.0,0.0,0,0.0,0.0,0,42852.00,0.00,0.00,202,12.85,2.81,0.00,-10.9,4.998,4.998,4.998,4.998,157
2022-02-08 05:07:22,0.0,0.0,0,0.0,0.0,0,0.0,0.0,0,42852.00,0.00,0.00,202,12.85,2.81,0.00,-10.4,4.998,4.998,4.998,4.998,94
2022-02-08 05:08:22,0.0,0.0,0,0.0,0.0,0,0.0,0.0,0,42852.00,0.00,0.00,202,12.81,2.81,0.00,-10.9,4.998,4.998,4.998,4.998,87
2022-02-08 05:09:22,0.0,0.0,0,0.0,0.0,0,0.0,0.0,0,42852.00,0.00,0.00,202,12.81,2.81,0.00,-10.9,4.998,4.998,4.998,4.998,68
2022-02-08 05:10:22,0.0,0.0,1,0.0,0.0,0,0.0,0.0,0,42853.00,0.00,0.00,202,12.81,2.81,0.00,-10.9,4.998,4.998,4.998,4.998,55
2022-02-08 05:11:22,1.3,1.7,44,0.0,0.0,0,0.0,0.0,0,42897.00,0.00,0.00,202,12.85,2.81,0.00,-10.4,4.998,4.998,4.998,4.998,138
2022-02-08 05:12:22,0.0,1.0,3,0.0,0.0,0,0.0,0.0,0,42900.00,0.00,0.00,202,12.81,2.81,0.00,-10.4,4.998,4.998,4.998,4.998,144
2022-02-08 05:13:22,0.0,0.0,0,0.0,0.0,0,0.0,0.0,0,42900.00,0.00,0.00,202,12.81,2.81,0.00,-10.4,4.998,4.998,4.998,4.998,43
2022-02-08 05:14:22,0.0,0.0,0,0.0,0.0,0,0.0,0.0,0,42900.00,0.00,0.00,202,12.85,2.81,0.00,-10.4,4.998,4.998,4.998,4.998,83
2022-02-08 05:15:22,0.0,0.0,0,0.0,0.0,0,0.0,0.0,0,42900.00,0.00,0.00,202,12.81,2.80,0.00,-10.4,4.998,4.998,4.998,4.998,19
2022-02-08 05:16:22,0.0,1.5,17,0.0,0.0,0,0.0,0.0,0,42917.00,0.00,0.00,202,12.81,2.81,0.00,-10.4,4.998,4.998,4.998,4.998,25
2022-02-08 05:17:22,0.0,1.2,3,0.0,0.0,0,0.0,0.0,0,42920.00,0.00,0.00,202,12.81,2.81,0.00,-10.4,4.998,4.998,4.998,4.998,96
2022-02-08 05:18:22,0.0,0.0,0,0.0,0.0,0,0.0,0.0,0,42920.00,0.00,0.00,202,12.81,2.81,0.00,-11.4,4.998,4.998,4.998,4.998,16
2022-02-08 05:19:22,0.0,0.0,0,0.0,0.0,0,0.0,0.0,0,42920.00,0.00,0.00,202,12.85,2.81,0.00,-10.9,4.998,4.998,4.998,4.998,185
2022-02-08 05:20:22,0.0,0.0,0,0.0,0.0,0,0.0,0.0,0,42920.00,0.00,0.00,202,12.81,2.81,0.00,-10.9,4.998,4.998,4.998,4.998,156
2022-02-08 05:21:22,0.0,0.0,0,0.0,0.0,0,0.0,0.0,0,42920.00,0.00,0.00,202,12.81,2.81,0.00,-10.4,4.998,4.998,4.998,4.998,95
2022-02-08 05:22:22,0.0,0.0,0,0.0,0.0,0,0.0,0.0,0,42920.00,0.00,0.00,202,12.81,2.81,0.00,-10.4,4.998,4.998,4.998,4.998,198
2022-02-08 05:23:22,0.0,0.0,0,0.0,0.0,0,0.0,0.0,0,42920.00,0.00,0.00,202,12.81,2.81,0.00,-9.4,4.998,4.998,4.998,4.998,245
2022-02-08 05:24:22,0.0,0.0,0,0.0,0.0,0,0.0,0.0,0,42920.00,0.00,0.00,202,12.81,2.81,0.00,-9.4,4.998,4.998,4.998,4.998,239
2022-02-08 05:25:22,0.0,0.0,0,0.0,0.0,0,0.0,0.0,0,42920.00,0.00,0.00,202,12.81,2.81,0.00,-9.4,4.998,4.998,4.998,4.998,150
2022-02-08 05:26:22,0.0,0.0,0,0.0,0.0,0,0.0,0.0,0,42920.00,0.00,0.00,202,12.81,2.81,0.00,-9.4,4.998,4.998,4.998,4.998,80
2022-02-08 05:27:22,0.0,0.0,0,0.0,0.0,0,0.0,0.0,0,42920.00,0.00,0.00,202,12.81,2.80,0.00,-10.4,4.998,4.998,4.998,4.998,103
2022-02-08 05:28:22,0.0,0.0,0,0.0,0.0,0,0.0,0.0,0,42920.00,0.00,0.00,202,12.81,2.81,0.00,-10.9,4.998,4.998,4.998,4.998,61
2022-02-08 05:29:22,0.0,0.0,0,0.0,0.0,0,0.0,0.0,0,42920.00,0.00,0.00,202,12.81,2.81,0.00,-10.4,4.998,4.998,4.998,4.998,254
2022-02-08 05:30:22,0.0,0.0,1,0.0,0.0,0,0.0,0.0,0,42921.00,0.00,0.00,202,12.81,2.81,0.00,-9.9,4.998,4.998,4.998,4.998,170
2022-02-08 05:31:22,0.0,0.0,0,0.0,0.0,0,0.0,0.0,0,42921.00,0.00,0.00,202,12.81,2.81,0.00,-10.4,4.998,4.998,4.998,4.998,90
2022-02-08 05:32:22,0.0,0.0,0,0.0,0.0,0,0.0,0.0,0,42921.00,0.00,0.00,202,12.81,2.81,0.00,-10.4,4.998,4.998,4.998,4.998,195
2022-02-08 05:33:22,0.0,0.0,0,0.0,0.0,0,0.0,0.0,0,42921.00,0.00,0.00,202,12.81,2.81,0.00,-10.4,4.998,4.998,4.998,4.998,208
2022-02-08 05:34:22,0.0,0.0,0,0.0,0.0,0,0.0,0.0,0,42921.00,0.00,0.00,202,12.81,2.81,0.00,-10.4,4.998,4.998,4.998,4.998,12
2022-02-08 05:35:22,0.0,0.0,0,0.0,0.0,0,0.0,0.0,0,42921.00,0.00,0.00,202,12.81,2.81,0.00,-10.4,4.998,4.998,4.998,4.998,31
2022-02-08 05:36:22,0.0,0.0,0,0.0,0.0,0,0.0,0.0,0,42921.00,0.00,0.00,202,12.81,2.81,0.00,-10.4,4.998,4.998,4.998,4.998,134
2022-02-08 05:37:22,0.0,0.0,0,0.0,0.0,0,0.0,0.0,0,42921.00,0.00,0.00,202,12.81,2.81,0.00,-9.9,4.998,4.998,4.998,4.998,226
2022-02-08 05:38:22,0.0,0.0,0,0.0,0.0,0,0.0,0.0,0,42921.00,0.00,0.00,202,12.81,2.81,0.00,-9.9,4.998,4.998,4.998,4.998,150
2022-02-08 05:39:22,0.0,0.0,0,0.0,0.0,0,0.0,0.0,0,42921.00,0.00,0.00,202,12.81,2.81,0.00,-9.9,4.998,4.998,4.998,4.998,239
2022-02-08 05:40:22,0.0,0.0,0,0.0,0.0,0,0.0,0.0,0,42921.00,0.00,0.00,202,12.81,2.80,0.00,-9.9,4.998,4.998,4.998,4.998,239
2022-02-08 05:41:22,2.2,2.2,6,0.0,0.0,0,0.0,0.0,0,42927.00,0.00,0.00,202,12.81,2.81,0.00,-9.9,4.998,4.998,4.998,4.998,22
2022-02-08 05:42:22,0.0,2.3,12,0.0,0.0,0,0.0,0.0,0,42939.00,0.00,0.00,202,12.81,2.81,0.00,-9.9,4.998,4.998,4.998,4.998,216
2022-02-08 05:43:22,0.0,0.0,0,0.0,0.0,0,0.0,0.0,0,42939.00,0.00,0.00,202,12.81,2.81,0.00,-9.9,4.998,4.998,4.998,4.998,57
2022-02-08 05:44:22,0.0,0.0,0,0.0,0.0,0,0.0,0.0,0,42939.00,0.00,0.00,202,12.81,2.81,0.00,-9.9,4.998,4.998,4.998,4.998,35
2022-02-08 05:45:22,0.0,0.0,0,0.0,0.0,0,0.0,0.0,0,42939.00,0.00,0.00,202,12.81,2.81,0.00,-10.4,4.998,4.998,4.998,4.998,30
2022-02-08 05:46:22,0.0,0.0,0,0.0,0.0,0,0.0,0.0,0,42939.00,0.00,0.00,202,12.81,2.81,0.00,-10.9,4.998,4.998,4.998,4.998,87
2022-02-08 05:47:22,0.0,0.0,0,0.0,0.0,0,0.0,0.0,0,42939.00,0.00,0.00,202,12.81,2.81,0.00,-10.4,4.998,4.998,4.998,4.998,148
2022-02-08 05:48:22,0.0,0.0,0,0.0,0.0,0,0.0,0.0,0,42939.00,0.00,0.00,202,12.81,2.81,0.00,-9.9,4.998,4.998,4.998,4.998,145
2022-02-08 05:49:22,0.0,0.0,1,0.0,0.0,0,0.0,0.0,0,42940.00,0.00,0.00,202,12.81,2.81,0.00,-9.4,4.998,4.998,4.998,4.998,97
2022-02-08 05:50:22,0.0,0.0,0,0.0,0.0,0,0.0,0.0,0,42940.00,0.00,0.00,202,12.81,2.81,0.00,-9.9,4.998,4.998,4.998,4.998,231
2022-02-08 05:51:22,0.0,0.0,0,0.0,0.0,0,0.0,0.0,0,42940.00,0.00,0.00,202,12.81,2.81,0.00,-9.9,4.998,4.998,4.998,4.998,158
2022-02-08 05:52:22,0.0,0.0,0,0.0,0.0,0,0.0,0.0,0,42940.00,0.00,0.00,202,12.81,2.81,0.00,-8.9,4.998,4.998,4.998,4.998,150
2022-02-08 05:53:22,0.0,0.0,0,0.0,0.0,0,0.0,0.0,0,42940.00,0.00,0.00,202,12.81,2.81,0.00,-8.9,4.998,4.998,4.998,4.998,239
2022-02-08 05:54:22,0.0,0.0,0,0.0,0.0,0,0.0,0.0,0,42940.00,0.00,0.00,202,12.81,2.81,0.00,-9.4,4.998,4.998,4.998,4.998,235
2022-02-08 05:55:22,0.0,0.0,0,0.0,0.0,0,0.0,0.0,0,42940.00,0.00,0.00,202,12.81,2.81,0.00,-9.9,4.998,4.998,4.998,4.998,66
2022-02-08 05:56:22,0.0,0.0,0,0.0,0.0,0,0.0,0.0,0,42940.00,0.00,0.00,202,12.81,2.81,0.00,-10.4,4.998,4.998,4.998,4.998,238
2022-02-08 05:57:22,0.0,0.0,0,0.0,0.0,0,0.0,0.0,0,42940.00,0.00,0.00,202,12.81,2.81,0.00,-10.4,4.998,4.998,4.998,4.998,253
2022-02-08 05:58:22,0.0,0.0,0,0.0,0.0,0,0.0,0.0,0,42940.00,0.00,0.00,202,12.81,2.81,0.00,-10.9,4.998,4.998,4.998,4.998,80
2022-02-08 05:59:22,0.0,0.0,0,0.0,0.0,0,0.0,0.0,0,42940.00,0.00,0.00,202,12.81,2.81,0.00,-9.9,4.998,4.998,4.998,4.998,240
2022-02-08 06:00:22,0.0,2.1,13,0.0,0.0,0,0.0,0.0,0,42953.00,0.00,0.00,202,12.81,2.81,0.00,-9.9,4.998,4.998,4.998,4.998,147
2022-02-08 06:01:22,1.6,2.2,23,0.0,0.0,0,0.0,0.0,0,42976.00,0.00,0.00,202,12.81,2.80,0.00,-9.9,4.998,4.998,4.998,4.998,149
2022-02-08 06:02:22,0.0,1.6,4,0.0,0.0,0,0.0,0.0,0,42980.00,0.00,0.00,202,12.81,2.80,0.00,-9.9,4.998,4.998,4.998,4.998,183
2022-02-08 06:03:22,0.0,0.0,0,0.0,0.0,0,0.0,0.0,0,42980.00,0.00,0.00,202,12.81,2.80,0.00,-9.9,4.998,4.998,4.998,4.998,110
2022-02-08 06:04:22,0.0,0.0,0,0.0,0.0,0,0.0,0.0,0,42980.00,0.00,0.00,202,12.81,2.80,0.00,-9.4,4.998,4.998,4.998,4.998,164
2022-02-08 06:05:22,0.0,0.0,0,0.0,0.0,0,0.0,0.0,0,42980.00,0.00,0.00,202,12.81,2.80,0.00,-9.4,4.998,4.998,4.998,4.998,221
2022-02-08 06:06:22,0.0,0.0,0,0.0,0.0,0,0.0,0.0,0,42980.00,0.00,0.00,202,12.81,2.80,0.00,-9.4,4.998,4.998,4.998,4.998,27
2022-02-08 06:07:22,0.0,0.0,0,0.0,0.0,0,0.0,0.0,0,42980.00,0.00,0.00,202,12.81,2.80,0.00,-9.4,4.998,4.998,4.998,4.998,98
2022-02-08 06:08:22,1.0,1.0,3,0.0,0.0,0,0.0,0.0,0,42983.00,0.00,0.00,202,12.81,2.80,0.00,-9.4,4.998,4.998,4.998,4.998,174
2022-02-08 06:09:22,0.0,0.0,1,0.0,0.0,0,0.0,0.0,0,42984.00,0.00,0.00,202,12.81,2.80,0.00,-9.4,4.998,4.998,4.998,4.998,63
2022-02-08 06:10:22,0.0,0.0,0,0.0,0.0,0,0.0,0.0,0,42984.00,0.00,0.00,202,12.81,2.80,0.00,-9.4,4.998,4.998,4.998,4.998,105
2022-02-08 06:11:22,0.0,0.0,0,0.0,0.0,0,0.0,0.0,0,42984.00,0.00,0.00,202,12.81,2.80,0.00,-8.9,4.998,4.998,4.998,4.998,14
2022-02-08 06:12:22,0.0,0.0,0,0.0,0.0,0,0.0,0.0,0,42984.00,0.00,0.00,202,12.81,2.80,0.00,-8.9,4.998,4.998,4.998,4.998,200
2022-02-08 06:13:22,0.0,0.0,0,0.0,0.0,0,0.0,0.0,0,42984.00,0.00,0.00,202,12.81,2.80,0.00,-8.9,4.998,4.998,4.998,4.998,177
2022-02-08 06:14:22,0.0,0.0,0,0.0,0.0,0,0.0,0.0,0,42984.00,0.00,0.00,202,12.81,2.80,0.00,-8.9,4.998,4.998,4.998,4.998,171
2022-02-08 06:15:22,0.0,0.0,0,0.0,0.0,0,0.0,0.0,0,42984.00,0.00,0.00,202,12.81,2.80,0.00,-8.9,4.998,4.998,4.998,4.998,210
2022-02-08 06:16:22,0.0,0.0,0,0.0,0.0,0,0.0,0.0,0,42984.00,0.00,0.00,201,12.81,2.80,0.00,-8.9,4.998,4.998,4.998,4.998,92
2022-02-08 06:17:22,0.0,0.0,0,0.0,0.0,0,0.0,0.0,0,42984.00,0.00,0.00,201,12.81,2.80,0.00,-9.4,4.998,4.998,4.998,4.998,59
2022-02-08 06:18:22,0.0,0.0,0,0.0,0.0,0,0.0,0.0,0,42984.00,0.00,0.00,202,12.81,2.80,0.00,-9.4,4.998,4.998,4.998,4.998,7
2022-02-08 06:19:22,0.0,0.0,0,0.0,0.0,0,0.0,0.0,0,42984.00,0.00,0.00,202,12.81,2.80,0.00,-9.4,4.998,4.998,4.998,4.998,126
2022-02-08 06:20:22,0.0,0.0,0,0.0,0.0,0,0.0,0.0,0,42984.00,0.00,0.00,202,12.81,2.80,0.00,-9.4,4.998,4.998,4.998,4.998,240
2022-02-08 06:21:22,0.0,0.0,0,0.0,0.0,0,0.0,0.0,0,42984.00,0.00,0.00,202,12.81,2.80,0.00,-9.4,4.998,4.998,4.998,4.998,137
2022-02-08 06:22:22,0.0,0.0,0,0.0,0.0,0,0.0,0.0,0,42984.00,0.00,0.00,202,12.81,2.80,0.00,-9.4,4.998,4.998,4.998,4.998,79
2022-02-08 06:23:22,0.0,0.0,0,0.0,0.0,0,0.0,0.0,0,42984.00,0.00,0.00,202,12.81,2.80,0.00,-8.9,4.998,4.998,4.998,4.998,40
2022-02-08 06:24:22,0.0,0.0,0,0.0,0.0,0,0.0,0.0,0,42984.00,0.00,0.00,202,12.81,2.80,0.00,-9.4,4.998,4.998,4.998,4.998,44
2022-02-08 06:25:22,0.0,0.0,0,0.0,0.0,0,0.0,0.0,0,42984.00,0.00,0.00,202,12.81,2.80,0.00,-9.4,4.998,4.998,4.998,4.998,85
2022-02-08 06:26:22,0.0,0.0,0,0.0,0.0,0,0.0,0.0,0,42984.00,0.00,0.00,202,12.81,2.80,0.00,-9.4,4.998,4.998,4.998,4.998,147
2022-02-08 06:27:22,0.0,0.0,0,0.0,0.0,0,0.0,0.0,0,42984.00,0.00,0.00,202,12.81,2.80,0.00,-8.9,4.998,4.998,4.998,4.998,244
2022-02-08 06:28:22,0.0,0.0,0,0.0,0.0,0,0.0,0.0,0,42984.00,0.00,0.00,202,12.81,2.80,0.00,-9.4,4.998,4.998,4.998,4.998,158
2022-02-08 06:29:22,0.0,0.0,0,0.0,0.0,0,0.0,0.0,0,42984.00,0.00,0.00,202,12.81,2.80,0.00,-9.4,4.998,4.998,4.998,4.998,231
2022-02-08 06:30:22,0.0,0.0,0,0.0,0.0,0,0.0,0.0,0,42984.00,0.00,0.00,202,12.81,2.80,0.00,-8.9,4.998,4.998,4.998,4.998,253
2022-02-08 06:31:22,0.0,0.0,0,0.0,0.0,0,0.0,0.0,0,42984.00,0.00,0.00,202,12.81,2.80,0.00,-8.9,4.998,4.998,4.998,4.998,132
2022-02-08 06:32:22,0.0,0.0,0,0.0,0.0,0,0.0,0.0,0,42984.00,0.00,0.00,201,12.81,2.80,0.00,-8.9,4.998,4.998,4.998,4.998,10
2022-02-08 06:33:22,0.0,0.0,0,0.0,0.0,0,0.0,0.0,0,42984.00,0.00,0.00,202,12.81,2.80,0.00,-8.9,4.998,4.998,4.998,4.998,59
2022-02-08 06:34:22,0.0,0.0,0,0.0,0.0,0,0.0,0.0,0,42984.00,0.00,0.00,202,12.81,2.80,0.00,-8.9,4.998,4.998,4.998,4.998,33
2022-02-08 06:35:22,0.0,0.0,0,0.0,0.0,0,0.0,0.0,0,42984.00,0.00,0.00,202,12.81,2.80,0.00,-8.9,4.998,4.998,4.998,4.998,88
2022-02-08 06:36:22,0.0,0.0,0,0.0,0.0,0,0.0,0.0,0,42984.00,0.00,0.00,201,12.81,2.80,0.00,-8.5,4.998,4.998,4.998,4.998,61
2022-02-08 06:37:22,0.0,0.0,1,0.0,0.0,0,0.0,0.0,0,42985.00,0.00,0.00,201,12.81,2.80,0.00,-8.5,4.998,4.998,4.998,4.998,30
2022-02-08 06:38:22,0.0,0.0,0,0.0,0.0,0,0.0,0.0,0,42985.00,0.00,0.00,201,12.81,2.79,0.00,-8.0,4.998,4.998,4.998,4.998,112
2022-02-08 06:39:22,2.1,2.3,35,0.0,0.0,0,0.0,0.0,0,43020.00,0.00,0.00,200,12.81,2.78,0.00,-8.0,4.998,4.998,4.998,4.998,51
2022-02-08 06:40:22,2.2,2.3,103,0.0,0.0,0,0.0,0.0,0,43123.00,0.00,0.00,200,12.81,2.77,0.00,-8.0,4.998,4.998,4.998,4.998,16
2022-02-08 06:41:22,2.5,2.5,110,0.0,0.0,0,0.0,0.0,0,43233.00,0.00,0.00,200,12.81,2.77,0.00,-8.0,4.998,4.998,4.998,4.998,137
2022-02-08 06:42:22,1.9,2.5,98,0.0,0.0,0,0.0,0.0,0,43331.00,0.00,0.00,200,12.81,2.78,0.00,-8.0,4.998,4.998,4.998,4.998,207
2022-02-08 06:43:22,1.7,1.9,68,0.0,0.0,0,0.0,0.0,0,43399.00,0.00,0.00,200,12.81,2.77,0.00,-7.5,4.998,4.998,4.998,4.998,146
2022-02-08 06:44:22,2.0,2.1,75,0.0,0.0,0,0.0,0.0,0,43474.00,0.00,0.00,200,12.81,2.77,0.00,-7.5,4.998,4.998,4.998,4.998,55
2022-02-08 06:45:22,2.0,2.4,100,0.0,0.0,0,0.0,0.0,0,43574.00,0.00,0.00,200,12.81,2.77,0.00,-7.5,4.998,4.998,4.998,4.998,52
2022-02-08 06:46:22,1.3,2.1,49,0.0,0.0,0,0.0,0.0,0,43623.00,0.00,0.00,200,12.81,2.77,0.00,-8.0,4.998,4.998,4.998,4.998,111
2022-02-08 06:47:22,0.0,1.7,42,0.0,0.0,0,0.0,0.0,0,43665.00,0.00,0.00,200,12.81,2.77,0.00,-8.5,4.998,4.998,4.998,4.998,36
2022-02-08 06:48:22,0.0,0.0,0,0.0,0.0,0,0.0,0.0,0,43665.00,0.00,0.00,199,12.81,2.77,0.00,-8.5,4.998,4.998,4.998,4.998,153
2022-02-08 06:49:22,0.0,0.0,0,0.0,0.0,0,0.0,0.0,0,43665.00,0.00,0.00,200,12.81,2.77,0.00,-8.5,4.998,4.998,4.998,4.998,229
2022-02-08 06:50:22,0.0,0.0,0,0.0,0.0,0,0.0,0.0,0,43665.00,0.00,0.00,199,12.81,2.77,0.00,-8.5,4.998,4.998,4.998,4.998,228
2022-02-08 06:51:22,0.0,0.0,0,0.0,0.0,0,0.0,0.0,0,43665.00,0.00,0.00,199,12.81,2.77,0.00,-8.5,4.998,4.998,4.998,4.998,157
2022-02-08 06:52:22,0.0,0.0,0,0.0,0.0,0,0.0,0.0,0,43665.00,0.00,0.00,200,12.81,2.77,0.00,-8.5,4.998,4.998,4.998,4.998,94
2022-02-08 06:53:22,0.0,0.0,0,0.0,0.0,0,0.0,0.0,0,43665.00,0.00,0.00,200,12.81,2.77,0.00,-8.5,4.998,4.998,4.998,4.998,39
2022-02-08 06:54:22,0.0,0.0,0,0.0,0.0,0,0.0,0.0,0,43665.00,0.00,0.00,200,12.77,2.77,0.00,-8.5,4.998,4.998,4.998,4.998,133
2022-02-08 06:55:22,0.0,0.0,0,0.0,0.0,0,0.0,0.0,0,43665.00,0.00,0.00,200,12.81,2.77,0.00,-8.5,4.998,4.998,4.998,4.998,68
2022-02-08 06:56:22,0.0,0.0,0,0.0,0.0,0,0.0,0.0,0,43665.00,0.00,0.00,200,12.81,2.77,0.00,-8.0,4.998,4.998,4.998,4.998,246
2022-02-08 06:57:22,0.0,0.0,0,0.0,0.0,0,0.0,0.0,0,43665.00,0.00,0.00,199,12.81,2.77,0.00,-8.5,4.998,4.998,4.998,4.998,254
2022-02-08 06:58:22,0.0,0.0,0,0.0,0.0,0,0.0,0.0,0,43665.00,0.00,0.00,200,12.81,2.77,0.00,-8.0,4.998,4.998,4.998,4.998,251
2022-02-08 06:59:22,0.0,0.0,0,0.0,0.0,0,0.0,0.0,0,43665.00,0.00,0.00,200,12.81,2.77,0.00,-8.0,4.998,4.998,4.998,4.998,130
2022-02-08 07:00:22,0.0,0.0,0,0.0,0.0,0,0.0,0.0,0,43665.00,0.00,0.00,199,12.81,2.77,0.00,-8.5,4.998,4.998,4.998,4.998,155
2022-02-08 07:01:22,0.0,0.0,0,0.0,0.0,0,0.0,0.0,0,43665.00,0.00,0.00,200,12.81,2.77,0.00,-8.5,4.998,4.998,4.998,4.998,231
2022-02-08 07:02:22,0.0,0.0,0,0.0,0.0,0,0.0,0.0,0,43665.00,0.00,0.00,200,12.81,2.77,0.00,-8.5,4.998,4.998,4.998,4.998,33
2022-02-08 07:03:22,0.0,0.0,0,0.0,0.0,0,0.0,0.0,0,43665.00,0.00,0.00,200,12.81,2.77,0.00,-8.9,4.998,4.998,4.998,4.998,179
2022-02-08 07:04:22,0.0,0.0,0,0.0,0.0,0,0.0,0.0,0,43665.00,0.00,0.00,200,12.81,2.77,0.00,-8.9,4.998,4.998,4.998,4.998,169
2022-02-08 07:05:22,0.0,0.0,0,0.0,0.0,0,0.0,0.0,0,43665.00,0.00,0.00,200,12.77,2.77,0.00,-9.4,4.998,4.998,4.998,4.998,118
2022-02-08 07:06:22,0.0,0.0,0,0.0,0.0,0,0.0,0.0,0,43665.00,0.00,0.00,200,12.81,2.77,0.00,-8.9,4.998,4.998,4.998,4.998,22
2022-02-08 07:07:22,0.0,0.0,0,0.0,0.0,0,0.0,0.0,0,43665.00,0.00,0.00,199,12.81,2.77,0.00,-9.4,4.998,4.998,4.998,4.998,116
2022-02-08 07:08:22,0.0,0.0,0,0.0,0.0,0,0.0,0.0,0,43665.00,0.00,0.00,200,12.81,2.77,0.00,-8.9,4.998,4.998,4.998,4.998,27
2022-02-08 07:09:22,0.0,0.0,0,0.0,0.0,0,0.0,0.0,0,43665.00,0.00,0.00,200,12.81,2.77,0.00,-8.5,4.998,4.998,4.998,4.998,137
2022-02-08 07:10:22,0.0,0.0,0,0.0,0.0,0,0.0,0.0,0,43665.00,0.00,0.00,200,12.81,2.77,0.00,-8.9,4.998,4.998,4.998,4.998,102
2022-02-08 07:11:22,0.0,0.0,0,0.0,0.0,0,0.0,0.0,0,43665.00,0.00,0.00,200,12.81,2.77,0.00,-8.5,4.998,4.998,4.998,4.998,244
2022-02-08 07:12:22,0.0,0.0,0,0.0,0.0,0,0.0,0.0,0,43665.00,0.00,0.00,200,12.81,2.77,0.00,-8.5,4.998,4.998,4.998,4.998,50
2022-02-08 07:13:22,0.0,0.0,0,0.0,0.0,0,0.0,0.0,0,43665.00,0.00,0.00,200,12.81,2.77,0.00,-9.4,4.998,4.998,4.998,4.998,190
2022-02-08 07:14:22,0.0,0.0,0,0.0,0.0,0,0.0,0.0,0,43665.00,0.00,0.00,200,12.81,2.77,0.00,-8.9,4.998,4.998,4.998,4.998,186
2022-02-08 07:15:22,0.0,0.0,0,0.0,0.0,0,0.0,0.0,0,43665.00,0.00,0.00,200,12.81,2.77,0.00,-8.5,4.998,4.998,4.998,4.998,40
2022-02-08 07:16:22,0.0,0.0,0,0.0,0.0,0,0.0,0.0,0,43665.00,0.00,0.00,200,12.81,2.77,0.00,-8.9,4.998,4.998,4.998,4.998,5
2022-02-08 07:17:22,0.0,0.0,0,0.0,0.0,0,0.0,0.0,0,43665.00,0.00,0.00,200,12.81,2.77,0.00,-8.9,4.998,4.998,4.998,4.998,124
2022-02-08 07:18:22,0.0,0.0,0,0.0,0.0,0,0.0,0.0,0,43665.00,0.00,0.00,199,12.81,2.77,0.00,-8.9,4.998,4.998,4.998,4.998,13
2022-02-08 07:19:22,0.0,0.0,0,0.0,0.0,0,0.0,0.0,0,43665.00,0.00,0.00,200,12.81,2.77,0.00,-9.4,4.998,4.998,4.998,4.998,111
2022-02-08 07:20:22,0.0,0.0,0,0.0,0.0,0,0.0,0.0,0,43665.00,0.00,0.00,200,12.81,2.77,0.00,-9.4,4.998,4.998,4.998,4.998,225
2022-02-08 07:21:22,0.0,0.0,0,0.0,0.0,0,0.0,0.0,0,43665.00,0.00,0.00,200,12.81,2.77,0.00,-9.4,4.998,4.998,4.998,4.998,152
2022-02-08 07:22:22,0.0,0.0,0,0.0,0.0,0,0.0,0.0,0,43665.00,0.00,0.00,200,12.81,2.77,0.00,-9.4,4.998,4.998,4.998,4.998,94
2022-02-08 07:23:22,0.0,0.0,0,0.0,0.0,0,0.0,0.0,0,43665.00,0.00,0.00,200,12.81,2.77,0.00,-9.4,4.998,4.998,4.998,4.998,39
2022-02-08 07:24:22,0.0,0.0,0,0.0,0.0,0,0.0,0.0,0,43665.00,0.00,0.00,200,12.81,2.77,0.00,-9.4,4.998,4.998,4.998,4.998,61
2022-02-08 07:25:22,0.0,0.0,0,0.0,0.0,0,0.0,0.0,0,43665.00,0.00,0.00,200,12.81,2.77,0.00,-9.4,4.998,4.998,4.998,4.998,68
2022-02-08 07:26:22,0.0,0.0,0,0.0,0.0,0,0.0,0.0,0,43665.00,0.00,0.00,200,12.81,2.77,0.00,-9.4,4.998,4.998,4.998,4.998,130
2022-02-08 07:27:22,0.0,0.0,0,0.0,0.0,0,0.0,0.0,0,43665.00,0.00,0.00,200,12.81,2.77,0.00,-9.4,4.998,4.998,4.998,4.998,251
2022-02-08 07:28:22,0.0,0.0,0,0.0,0.0,0,0.0,0.0,0,43665.00,0.00,0.00,200,12.81,2.77,0.00,-9.4,4.998,4.998,4.998,4.998,143
2022-02-08 07:29:22,0.0,0.0,0,0.0,0.0,0,0.0,0.0,0,43665.00,0.00,0.00,200,12.81,2.77,0.00,-9.4,4.998,4.998,4.998,4.998,246
2022-02-08 07:30:22,0.0,0.0,0,0.0,0.0,0,0.0,0.0,0,43665.00,0.00,0.00,200,12.81,2.77,0.00,-9.4,4.998,4.998,4.998,4.998,242
2022-02-08 07:31:22,0.0,0.0,0,0.0,0.0,0,0.0,0.0,0,43665.00,0.00,0.00,200,12.81,2.77,0.00,-9.4,4.998,4.998,4.998,4.998,139
2022-02-08 07:32:22,0.0,0.0,0,0.0,0.0,0,0.0,0.0,0,43665.00,0.00,0.00,200,12.81,2.77,0.00,-9.4,4.998,4.998,4.998,4.998,77
2022-02-08 07:33:22,0.0,0.0,0,0.0,0.0,0,0.0,0.0,0,43665.00,0.00,0.00,200,12.81,2.77,0.00,-9.4,4.998,4.998,4.998,4.998,52
2022-02-08 07:34:22,0.0,0.0,0,0.0,0.0,0,0.0,0.0,0,43665.00,0.00,0.00,200,12.81,2.77,0.00,-9.4,4.998,4.998,4.998,4.998,46
2022-02-08 07:35:22,0.0,0.0,0,0.0,0.0,0,0.0,0.0,0,43665.00,0.00,0.00,199,12.81,2.77,0.00,-8.9,4.998,4.998,4.998,4.998,76
2022-02-08 07:36:22,0.0,0.0,0,0.0,0.0,0,0.0,0.0,0,43665.00,0.00,0.00,200,12.81,2.77,0.00,-9.4,4.998,4.998,4.998,4.998,145
2022-02-08 07:37:22,0.0,0.0,0,0.0,0.0,0,0.0,0.0,0,43665.00,0.00,0.00,200,12.81,2.77,0.00,-9.4,4.998,4.998,4.998,4.998,232
2022-02-08 07:38:22,0.0,0.0,0,0.0,0.0,0,0.0,0.0,0,43665.00,0.00,0.00,200,12.81,2.77,0.00,-9.4,4.998,4.998,4.998,4.998,156
2022-02-08 07:39:22,0.0,0.0,0,0.0,0.0,0,0.0,0.0,0,43665.00,0.00,0.00,200,12.81,2.77,0.00,-9.4,4.998,4.998,4.998,4.998,229
2022-02-08 07:40:22,0.0,0.0,0,0.0,0.0,0,0.0,0.0,0,43665.00,0.00,0.00,200,12.81,2.77,0.00,-9.4,4.998,4.998,4.998,4.998,46
2022-02-08 07:41:22,0.0,0.0,0,0.0,0.0,0,0.0,0.0,0,43665.00,0.00,0.00,200,12.81,2.77,0.00,-9.4,4.998,4.998,4.998,4.998,87
2022-02-08 07:42:22,0.0,0.0,0,0.0,0.0,0,0.0,0.0,0,43665.00,0.00,0.00,200,12.81,2.77,0.00,-9.4,4.998,4.998,4.998,4.998,145
2022-02-08 07:43:22,0.0,0.0,0,0.0,0.0,0,0.0,0.0,0,43665.00,0.00,0.00,200,12.81,2.77,0.00,-9.4,4.998,4.998,4.998,4.998,232
2022-02-08 07:44:22,0.0,0.0,0,0.0,0.0,0,0.0,0.0,0,43665.00,0.00,0.00,200,12.81,2.77,0.00,-9.4,4.998,4.998,4.998,4.998,242
2022-02-08 07:45:22,0.0,0.0,0,0.0,0.0,0,0.0,0.0,0,43665.00,0.00,0.00,200,12.81,2.77,0.00,-9.4,4.998,4.998,4.998,4.998,139
2022-02-08 07:46:22,0.0,0.0,0,0.0,0.0,0,0.0,0.0,0,43665.00,0.00,0.00,199,12.81,2.77,0.00,-9.4,4.998,4.998,4.998,4.998,72
2022-02-08 07:47:22,0.0,0.0,0,0.0,0.0,0,0.0,0.0,0,43665.00,0.00,0.00,200,12.77,2.77,0.00,-9.9,4.998,4.998,4.998,4.998,92
2022-02-08 07:48:22,0.0,0.0,0,0.0,0.0,0,0.0,0.0,0,43665.00,0.00,0.00,200,12.77,2.77,0.00,-9.4,4.998,4.998,4.998,4.998,248
2022-02-08 07:49:22,0.0,0.0,0,0.0,0.0,0,0.0,0.0,0,43665.00,0.00,0.00,200,12.81,2.77,0.00,-9.9,4.998,4.998,4.998,4.998,233
2022-02-08 07:50:22,0.0,0.0,0,0.0,0.0,0,0.0,0.0,0,43665.00,0.00,0.00,199,12.81,2.77,0.00,-9.9,4.998,4.998,4.998,4.998,232
2022-02-08 07:51:22,0.0,0.0,0,0.0,0.0,0,0.0,0.0,0,43665.00,0.00,0.00,200,12.81,2.77,0.00,-9.9,4.998,4.998,4.998,4.998,148
2022-02-08 07:52:22,0.0,0.0,0,0.0,0.0,0,0.0,0.0,0,43665.00,0.00,0.00,200,12.77,2.77,0.00,-9.9,4.998,4.998,4.998,4.998,234
2022-02-08 07:53:22,0.0,0.0,0,0.0,0.0,0,0.0,0.0,0,43665.00,0.00,0.00,200,12.77,2.77,0.00,-9.9,4.998,4.998,4.998,4.998,147
2022-02-08 07:54:22,0.0,0.0,0,0.0,0.0,0,0.0,0.0,0,43665.00,0.00,0.00,200,12.77,2.77,0.00,-9.9,4.998,4.998,4.998,4.998,137
2022-02-08 07:55:22,0.0,0.0,0,0.0,0.0,0,0.0,0.0,0,43665.00,0.00,0.00,200,12.77,2.77,0.00,-9.4,4.998,4.998,4.998,4.998,32
2022-02-08 07:56:22,0.0,0.0,0,0.0,0.0,0,0.0,0.0,0,43665.00,0.00,0.00,200,12.77,2.77,0.00,-9.9,4.998,4.998,4.998,4.998,54
2022-02-08 07:57:22,0.0,0.0,0,0.0,0.0,0,0.0,0.0,0,43665.00,0.00,0.00,200,12.77,2.77,0.00,-9.9,4.998,4.998,4.998,4.998,79
2022-02-08 07:58:22,0.0,0.0,0,0.0,0.0,0,0.0,0.0,0,43665.00,0.00,0.00,200,12.77,2.77,0.00,-9.9,4.998,4.998,4.998,4.998,59
2022-02-08 07:59:22,0.0,0.0,0,0.0,0.0,0,0.0,0.0,0,43665.00,0.00,0.00,199,12.77,2.77,0.00,-10.4,4.998,4.998,4.998,4.998,195
2022-02-08 08:00:22,0.0,0.0,0,0.0,0.0,0,0.0,0.0,0,43665.00,0.00,0.00,200,12.77,2.77,0.00,-9.9,4.998,4.998,4.998,4.998,17
2022-02-08 08:01:22,0.0,0.0,0,0.0,0.0,0,0.0,0.0,0,43665.00,0.00,0.00,200,12.77,2.77,0.00,-9.9,4.998,4.998,4.998,4.998,104
2022-02-08 08:02:22,0.0,0.0,0,0.0,0.0,0,0.0,0.0,0,43665.00,0.00,0.00,200,12.77,2.77,0.00,-9.9,4.998,4.998,4.998,4.998,174
2022-02-08 08:03:22,0.0,0.0,0,0.0,0.0,0,0.0,0.0,0,43665.00,0.00,0.00,200,12.81,2.77,0.00,-9.9,4.998,4.998,4.998,4.998,111
2022-02-08 08:04:22,0.0,0.0,0,0.0,0.0,0,0.0,0.0,0,43665.00,0.00,0.00,200,12.77,2.77,0.00,-9.9,4.998,4.998,4.998,4.998,205
2022-02-08 08:05:22,0.0,0.0,0,0.0,0.0,0,0.0,0.0,0,43665.00,0.00,0.00,200,12.81,2.77,0.00,-9.9,4.998,4.998,4.998,4.998,12
2022-02-08 08:06:22,0.0,0.0,0,0.0,0.0,0,0.0,0.0,0,43665.00,0.00,0.00,200,12.77,2.77,0.00,-9.9,4.998,4.998,4.998,4.998,114
2022-02-08 08:07:22,0.0,0.0,0,0.0,0.0,0,0.0,0.0,0,43665.00,0.00,0.00,200,12.81,2.77,0.00,-9.9,4.998,4.998,4.998,4.998,179
2022-02-08 08:08:22,0.0,0.0,0,0.0,0.0,0,0.0,0.0,0,43665.00,0.00,0.00,200,12.81,2.77,0.00,-9.9,4.998,4.998,4.998,4.998,199
2022-02-08 08:09:22,0.0,0.0,0,0.0,0.0,0,0.0,0.0,0,43665.00,0.00,0.00,199,12.77,2.77,0.00,-9.9,4.998,4.998,4.998,4.998,3
2022-02-08 08:10:22,0.0,0.0,0,0.0,0.0,0,0.0,0.0,0,43665.00,0.00,0.00,200,12.81,2.77,0.00,-9.9,4.998,4.998,4.998,4.998,186
2022-02-08 08:11:22,0.0,0.0,0,0.0,0.0,0,0.0,0.0,0,43665.00,0.00,0.00,200,12.81,2.77,0.00,-9.9,4.998,4.998,4.998,4.998,195
2022-02-08 08:12:22,0.0,0.0,0,0.0,0.0,0,0.0,0.0,0,43665.00,0.00,0.00,200,12.81,2.77,0.00,-9.9,4.998,4.998,4.998,4.998,5
2022-02-08 08:13:22,0.0,0.0,0,0.0,0.0,0,0.0,0.0,0,43665.00,0.00,0.00,200,12.77,2.77,0.00,-9.9,4.998,4.998,4.998,4.998,196
2022-02-08 08:14:22,0.0,0.0,0,0.0,0.0,0,0.0,0.0,0,43665.00,0.00,0.00,200,12.81,2.77,0.00,-9.9,4.998,4.998,4.998,4.998,102
2022-02-08 08:15:22,0.0,0.0,0,0.0,0.0,0,0.0,0.0,0,43665.00,0.00,0.00,200,12.81,2.77,0.00,-9.4,4.998,4.998,4.998,4.998,207
2022-02-08 08:16:22,1.1,2.1,51,0.0,0.0,0,0.0,0.0,0,43716.00,0.00,0.00,200,12.81,2.77,0.00,-9.9,4.998,4.998,4.998,4.998,6
2022-02-08 08:17:22,0.0,0.0,0,0.0,0.0,0,0.0,0.0,0,43716.00,0.00,0.00,200,12.81,2.77,0.00,-9.9,4.998,4.998,4.998,4.998,51
2022-02-08 08:18:22,0.0,0.0,0,0.0,0.0,0,0.0,0.0,0,43716.00,0.00,0.00,200,12.81,2.77,0.00,-9.4,4.998,4.998,4.998,4.998,151
2022-02-08 08:19:22,2.1,2.4,50,0.0,0.0,0,0.0,0.0,0,43766.00,0.00,0.00,200,12.81,2.77,0.00,-8.9,4.998,4.998,4.998,4.998,91
2022-02-08 08:20:22,2.1,2.4,95,0.0,0.0,0,0.0,0.0,0,43861.00,0.00,0.00,200,12.81,2.77,0.00,-9.4,4.998,4.998,4.998,4.998,225
2022-02-08 08:21:22,2.2,2.2,66,0.0,0.0,0,0.0,0.0,0,43927.00,0.00,0.00,200,12.85,2.77,0.00,-9.4,4.998,4.998,4.998,4.998,111
2022-02-08 08:22:22,2.2,2.6,104,0.0,0.0,0,0.0,0.0,0,44031.00,0.00,0.00,200,12.81,2.77,0.00,-9.4,4.998,4.998,4.998,4.998,5
2022-02-08 08:23:22,2.3,3.2,123,0.0,0.0,0,0.0,0.0,0,44154.00,0.00,0.00,176,12.85,2.45,0.00,-9.4,4.998,4.998,4.998,4.998,184
2022-02-08 08:24:22,1.9,2.8,110,0.0,0.0,0,0.0,0.0,0,44264.00,0.00,0.00,176,12.85,2.45,0.00,-9.4,4.998,4.998,4.998,4.998,232
2022-02-08 08:25:22,2.7,3.1,126,0.0,0.0,0,0.0,0.0,0,44390.00,0.00,0.00,176,12.89,2.45,0.00,-8.9,4.998,4.998,4.998,4.998,82
2022-02-08 08:26:22,2.6,3.2,141,0.0,0.0,0,0.0,0.0,0,44531.00,0.00,0.00,172,12.92,2.40,0.00,-8.0,4.998,4.998,4.998,4.998,181
2022-02-08 08:27:22,1.9,2.5,87,0.0,0.0,0,0.0,0.0,0,44618.00,0.00,0.00,172,12.92,2.40,0.00,-8.0,4.998,4.998,4.998,4.998,33
2022-02-08 08:28:22,2.3,2.8,109,0.0,0.0,0,0.0,0.0,0,44727.00,0.00,0.00,172,12.92,2.40,0.00,-7.5,4.998,4.998,4.998,4.998,7
2022-02-08 08:29:22,2.3,3.0,98,0.0,0.0,0,0.0,0.0,0,44825.00,0.00,0.00,169,12.96,2.34,0.00,-7.0,4.998,4.998,4.998,4.998,53
2022-02-08 08:30:22,1.9,2.7,82,0.0,0.0,0,0.0,0.0,0,44907.00,0.00,0.00,168,13.00,2.34,0.00,-7.0,4.998,4.998,4.998,4.998,59
2022-02-08 08:31:22,0.0,1.8,6,0.0,0.0,0,0.0,0.0,0,44913.00,0.00,0.00,168,13.00,2.34,0.00,-7.0,4.998,4.998,4.998,4.998,50
2022-02-08 08:32:22,0.0,0.0,0,0.0,0.0,0,0.0,0.0,0,44913.00,0.00,0.00,168,13.04,2.34,0.00,-6.5,4.998,4.998,4.998,4.998,41
2022-02-08 08:33:22,1.4,2.0,25,0.0,0.0,0,0.0,0.0,0,44938.00,0.00,0.00,169,13.08,2.34,0.00,-7.5,4.998,4.998,4.998,4.998,23
2022-02-08 08:34:22,0.0,2.4,50,0.0,0.0,0,0.0,0.0,0,44988.00,0.00,0.00,168,13.12,2.34,0.00,-7.0,4.998,4.998,4.998,4.998,243
2022-02-08 08:35:22,2.2,3.0,19,0.0,0.0,0,0.0,0.0,0,45007.00,0.00,0.00,168,13.16,2.33,0.00,-6.5,4.998,4.998,4.998,4.998,21
2022-02-08 08:36:22,0.0,3.5,79,0.0,0.0,0,0.0,0.0,0,45086.00,0.00,0.00,167,13.20,2.32,0.00,-6.0,4.998,4.998,4.998,4.998,86
2022-02-08 08:37:22,1.6,4.1,112,0.0,0.0,0,0.0,0.0,0,45198.00,0.00,0.00,146,13.24,2.03,0.00,-6.5,4.998,4.998,4.998,4.998,81
2022-02-08 08:38:22,2.5,3.5,124,0.0,0.0,0,0.0,0.0,0,45322.00,0.00,0.00,119,13.28,1.66,0.00,-6.5,4.998,4.998,4.998,4.998,134
2022-02-08 08:39:22,3.2,4.8,149,0.0,0.0,0,0.0,0.0,0,45471.00,0.00,0.00,115,13.32,1.60,0.00,-7.0,4.998,4.998,4.998,4.998,119
2022-02-08 08:40:22,1.7,3.7,130,0.0,0.0,0,0.0,0.0,0,45601.00,0.00,0.00,113,13.39,1.57,0.00,-6.5,4.998,4.998,4.998,4.998,42
2022-02-08 08:41:22,3.0,3.9,155,0.0,0.0,0,0.0,0.0,0,45756.00,0.00,0.00,113,13.43,1.57,0.00,-6.5,4.998,4.998,4.998,4.998,160
2022-02-08 08:42:22,2.5,4.9,167,0.0,0.0,0,0.0,0.0,0,45923.00,0.00,0.00,108,13.55,1.50,0.00,-6.0,4.998,4.998,4.998,4.998,115
2022-02-08 08:43:22,2.3,2.6,111,0.0,0.0,0,0.0,0.0,0,46034.00,0.00,0.00,108,13.59,1.50,0.00,-6.0,4.998,4.998,4.998,4.998,121
2022-02-08 08:44:22,2.4,3.9,132,0.0,0.0,0,0.0,0.0,0,46166.00,0.00,0.00,107,13.67,1.49,0.00,-6.0,4.998,4.998,4.998,4.998,100
2022-02-08 08:45:22,2.4,3.0,118,0.0,0.0,0,0.0,0.0,0,46284.00,0.00,0.00,108,13.74,1.50,0.00,-5.5,4.998,4.998,4.998,4.998,38
2022-02-08 08:46:22,2.4,4.3,148,0.0,0.0,0,0.0,0.0,0,46432.00,0.00,0.00,108,13.82,1.50,0.00,-5.5,4.998,4.998,4.998,4.998,167
2022-02-08 08:47:22,2.7,3.2,125,0.0,0.0,0,0.0,0.0,0,46557.00,0.00,0.00,108,13.82,1.50,0.00,-5.5,4.998,4.998,4.998,4.998,215
2022-02-08 08:48:22,3.0,4.1,178,0.0,0.0,0,0.0,0.0,0,46735.00,0.00,0.00,107,13.78,1.49,0.00,-6.0,4.998,4.998,4.998,4.998,56
2022-02-08 08:49:22,1.9,3.0,113,0.0,0.0,0,0.0,0.0,0,46848.00,0.00,0.00,107,13.86,1.49,0.00,-6.0,4.998,4.998,4.998,4.998,87
2022-02-08 08:50:22,2.4,3.0,121,0.0,0.0,0,0.0,0.0,0,46969.00,0.00,0.00,107,13.90,1.48,0.00,-6.0,4.998,4.998,4.998,4.998,55
2022-02-08 08:51:22,3.3,3.3,152,0.0,0.0,0,0.0,0.0,0,47121.00,0.00,0.00,107,13.94,1.48,0.00,-6.0,4.998,4.998,4.998,4.998,231
2022-02-08 08:52:22,3.7,4.1,174,0.0,0.0,0,0.0,0.0,0,47295.00,0.00,0.00,106,13.94,1.48,0.00,-6.0,4.998,4.998,4.998,4.998,42
2022-02-08 08:53:22,4.1,4.1,210,0.0,0.0,0,0.0,0.0,0,47505.00,0.00,0.00,106,14.02,1.47,0.00,-6.0,4.998,4.998,4.998,4.998,170
2022-02-08 08:54:22,4.0,4.8,236,0.0,0.0,0,0.0,0.0,0,47741.00,0.00,0.00,106,14.06,1.47,0.00,-6.0,4.998,4.998,4.998,4.998,52
2022-02-08 08:55:22,5.0,5.7,288,0.0,0.0,0,0.0,0.0,0,48029.00,0.00,0.00,103,14.21,1.43,0.00,-6.5,4.998,4.998,4.998,4.998,37
2022-02-08 08:56:22,4.4,6.4,305,0.0,0.0,0,0.0,0.0,0,48334.00,0.00,0.00,102,14.57,1.42,0.00,-5.5,4.998,4.998,4.998,4.998,79
2022-02-08 08:57:22,4.2,6.3,298,0.0,0.0,0,0.0,0.0,0,48632.00,0.00,0.00,103,14.60,1.44,0.00,-6.0,4.998,4.998,4.998,4.998,137
2022-02-08 08:58:22,5.2,6.7,270,0.0,0.0,0,0.0,0.0,0,48902.00,0.00,0.00,107,14.57,1.48,0.00,-5.5,4.998,4.998,4.998,4.998,69
2022-02-08 08:59:22,5.9,6.8,270,0.0,0.0,0,0.0,0.0,0,49172.00,0.00,0.00,110,14.57,1.53,0.00,-5.0,4.998,4.998,4.998,4.998,252
2022-02-08 09:00:22,4.0,6.6,286,0.0,0.0,0,0.0,0.0,0,49458.00,0.00,0.00,112,14.60,1.56,0.00,-5.0,4.998,4.998,4.998,4.998,77
2022-02-08 09:01:22,5.2,6.7,271,0.0,0.0,0,0.0,0.0,0,49729.00,0.00,0.00,109,14.57,1.51,0.00,-5.0,4.998,4.998,4.998,4.998,59
2022-02-08 09:02:22,4.5,5.7,260,0.0,0.0,0,0.0,0.0,0,49989.00,0.00,0.00,111,14.45,1.54,0.00,-5.0,4.998,4.998,4.998,4.998,144
2022-02-08 09:03:22,5.5,8.0,358,0.0,0.0,0,0.0,0.0,0,50347.00,0.00,0.00,112,14.45,1.55,0.00,-4.5,4.998,4.998,4.998,4.998,172
2022-02-08 09:04:22,5.1,6.7,302,0.0,0.0,0,0.0,0.0,0,50649.00,0.00,0.00,122,14.45,1.70,0.00,-5.0,4.998,4.998,4.998,4.998,109
2022-02-08 09:05:22,5.3,6.4,297,0.0,0.0,0,0.0,0.0,0,50946.00,0.00,0.00,118,14.49,1.65,0.00,-4.5,4.998,4.998,4.998,4.998,150
2022-02-08 09:06:22,4.5,5.9,275,0.0,0.0,0,0.0,0.0,0,51221.00,0.00,0.00,93,14.49,1.29,0.00,-4.5,4.998,4.998,4.998,4.998,242
2022-02-08 09:07:22,5.1,7.4,313,0.0,0.0,0,0.0,0.0,0,51534.00,0.00,0.00,118,14.57,1.64,0.00,-5.0,4.998,4.998,4.998,4.998,44
2022-02-08 09:08:22,4.2,6.4,285,0.0,0.0,0,0.0,0.0,0,51819.00,0.00,0.00,101,14.57,1.41,0.00,-5.0,4.998,4.998,4.998,4.998,21
2022-02-08 09:09:22,4.9,6.2,252,0.0,0.0,0,0.0,0.0,0,52071.00,0.00,0.00,109,14.60,1.51,0.00,-4.5,4.998,4.998,4.998,4.998,185
2022-02-08 09:10:22,6.7,8.1,306,0.0,0.0,0,0.0,0.0,0,52377.00,0.00,0.00,105,14.57,1.45,0.00,-4.5,4.998,4.998,4.998,4.998,65
2022-02-08 09:11:22,4.0,7.2,276,0.0,0.0,0,0.0,0.0,0,52653.00,0.00,0.00,108,14.60,1.50,0.00,-4.5,4.998,4.998,4.998,4.998,189
2022-02-08 09:12:22,4.9,6.2,283,0.0,0.0,0,0.0,0.0,0,52936.00,0.00,0.00,115,14.60,1.60,0.00,-4.1,4.998,4.998,4.998,4.998,250
2022-02-08 09:13:22,6.0,7.3,351,0.0,0.0,0,0.0,0.0,0,53287.00,0.00,0.00,92,14.60,1.28,0.00,-4.5,4.998,4.998,4.998,4.998,25
2022-02-08 09:14:22,5.4,7.1,340,0.0,0.0,0,0.0,0.0,0,53627.00,0.00,0.00,102,14.60,1.42,0.00,-4.5,4.998,4.998,4.998,4.998,192
2022-02-08 09:15:22,6.7,8.5,413,0.0,0.0,0,0.0,0.0,0,54040.00,0.00,0.00,103,14.57,1.43,0.00,-4.1,4.998,4.998,4.998,4.998,253
2022-02-08 09:16:22,7.1,8.5,384,0.0,0.0,0,0.0,0.0,0,54424.00,0.00,0.00,116,14.57,1.62,0.00,-3.6,4.998,4.998,4.998,4.998,152
2022-02-08 09:17:22,4.6,7.6,361,0.0,0.0,0,0.0,0.0,0,54785.00,0.00,0.00,94,14.60,1.30,0.00,-3.6,4.998,4.998,4.998,4.998,40
2022-02-08 09:18:22,5.4,6.6,339,0.0,0.0,0,0.0,0.0,0,55124.00,0.00,0.00,104,14.57,1.44,0.00,-3.6,4.998,4.998,4.998,4.998,166
2022-02-08 09:19:22,5.3,6.3,301,0.0,0.0,0,0.0,0.0,0,55425.00,0.00,0.00,100,14.57,1.40,0.00,-3.1,4.998,4.998,4.998,4.998,174
2022-02-08 09:20:22,4.4,5.3,247,0.0,0.0,0,0.0,0.0,0,55672.00,0.00,0.00,119,14.57,1.66,0.00,-3.1,4.998,4.998,4.998,4.998,73
2022-02-08 09:21:22,4.0,9.6,344,0.0,0.0,0,0.0,0.0,0,56016.00,0.00,0.00,108,14.57,1.50,0.00,-3.1,4.998,4.998,4.998,4.998,161
2022-02-08 09:22:22,5.3,6.1,290,0.0,0.0,0,0.0,0.0,0,56306.00,0.00,0.00,87,14.60,1.22,0.00,-3.1,4.998,4.998,4.998,4.998,33
2022-02-08 09:23:22,5.0,7.4,332,0.0,0.0,0,0.0,0.0,0,56638.00,0.00,0.00,104,14.60,1.45,0.00,-3.6,4.998,4.998,4.998,4.998,4
2022-02-08 09:24:22,7.6,8.5,332,0.0,0.0,0,0.0,0.0,0,56970.00,0.00,0.00,104,14.60,1.44,0.00,-3.1,4.998,4.998,4.998,4.998,95
2022-02-08 09:25:22,3.5,8.7,287,0.0,0.0,0,0.0,0.0,0,57257.00,0.00,0.00,108,14.57,1.50,0.00,-2.6,4.998,4.998,4.998,4.998,51
2022-02-08 09:26:22,4.3,4.4,196,0.0,0.0,0,0.0,0.0,0,57453.00,0.00,0.00,108,14.57,1.51,0.00,-2.6,4.998,4.998,4.998,4.998,28
2022-02-08 09:27:22,2.8,5.5,238,0.0,0.0,0,0.0,0.0,0,57691.00,0.00,0.00,92,14.60,1.28,0.00,-3.1,4.998,4.998,4.998,4.998,205
2022-02-08 09:28:22,2.3,5.2,175,0.0,0.0,0,0.0,0.0,0,57866.00,0.00,0.00,119,14.57,1.66,0.00,-2.6,4.998,4.998,4.998,4.998,112
2022-02-08 09:29:22,2.0,2.3,9,0.0,0.0,0,0.0,0.0,0,57875.00,0.00,0.00,119,14.57,1.66,0.00,-2.6,4.998,4.998,4.998,4.998,98
2022-02-08 09:30:22,0.0,3.3,110,0.0,0.0,0,0.0,0.0,0,57985.00,0.00,0.00,120,14.60,1.67,0.00,-2.6,4.998,4.998,4.998,4.998,69
2022-02-08 09:31:22,4.2,4.6,126,0.0,0.0,0,0.0,0.0,0,58111.00,0.00,0.00,120,14.57,1.67,0.00,-2.1,4.998,4.998,4.998,4.998,173
2022-02-08 09:32:22,2.0,4.5,134,0.0,0.0,0,0.0,0.0,0,58245.00,0.00,0.00,120,14.60,1.67,0.00,-2.6,4.998,4.998,4.998,4.998,143
2022-02-08 09:33:22,1.6,3.6,126,0.0,0.0,0,0.0,0.0,0,58371.00,0.00,0.00,120,14.60,1.67,0.00,-2.1,4.998,4.998,4.998,4.998,58
2022-02-08 09:34:22,3.7,3.9,34,0.0,0.0,0,0.0,0.0,0,58405.00,0.00,0.00,114,14.60,1.59,0.00,-1.6,4.998,4.998,4.998,4.998,17
2022-02-08 09:35:22,2.5,4.8,211,0.0,0.0,0,0.0,0.0,0,58616.00,0.00,0.00,87,14.60,1.21,0.00,-1.6,4.998,4.998,4.998,4.998,10
2022-02-08 09:36:22,2.1,2.5,92,0.0,0.0,0,0.0,0.0,0,58708.00,0.00,0.00,87,14.57,1.21,0.00,-1.6,4.998,4.998,4.998,4.998,57
2022-02-08 09:37:22,1.9,2.8,90,0.0,0.0,0,0.0,0.0,0,58798.00,0.00,0.00,87,14.60,1.21,0.00,-1.1,4.998,4.998,4.998,4.998,150
2022-02-08 09:38:22,0.0,2.2,51,0.0,0.0,0,0.0,0.0,0,58849.00,0.00,0.00,87,14.60,1.22,0.00,-1.1,4.998,4.998,4.998,4.998,116
2022-02-08 09:39:22,3.1,3.1,32,0.0,0.0,0,0.0,0.0,0,58881.00,0.00,0.00,88,14.60,1.23,0.00,-1.1,4.998,4.998,4.998,4.998,70
2022-02-08 09:40:22,1.8,3.8,141,0.0,0.0,0,0.0,0.0,0,59022.00,0.00,0.00,139,14.57,1.93,0.00,-1.1,4.998,4.998,4.998,4.998,102
2022-02-08 09:41:22,0.0,2.2,49,0.0,0.0,0,0.0,0.0,0,59071.00,0.00,0.00,139,14.64,1.93,0.00,-1.1,4.998,4.998,4.998,4.998,125
2022-02-08 09:42:22,0.0,0.0,1,0.0,0.0,0,0.0,0.0,0,59072.00,0.00,0.00,139,14.60,1.94,0.00,-0.6,4.998,4.998,4.998,4.998,68
2022-02-08 09:43:22,0.0,0.0,0,0.0,0.0,0,0.0,0.0,0,59072.00,0.00,0.00,139,14.60,1.93,0.00,-0.2,4.998,4.998,4.998,4.998,126
2022-02-08 09:44:22,0.0,0.0,0,0.0,0.0,0,0.0,0.0,0,59072.00,0.00,0.00,139,14.60,1.94,0.00,-0.2,4.998,4.998,4.998,4.998,58
2022-02-08 09:45:22,0.0,0.0,0,0.0,0.0,0,0.0,0.0,0,59072.00,0.00,0.00,139,14.64,1.93,0.00,0.2,4.998,4.998,4.998,4.998,117
2022-02-08 09:46:22,0.0,0.0,0,0.0,0.0,0,0.0,0.0,0,59072.00,0.00,0.00,139,14.60,1.93,0.00,0.2,4.998,4.998,4.998,4.998,101
2022-02-08 09:47:22,0.0,0.0,0,0.0,0.0,0,0.0,0.0,0,59072.00,0.00,0.00,139,14.60,1.94,0.00,0.2,4.998,4.998,4.998,4.998,144
2022-02-08 09:48:22,0.0,0.0,0,0.0,0.0,0,0.0,0.0,0,59072.00,0.00,0.00,139,14.60,1.94,0.00,0.7,4.998,4.998,4.998,4.998,175
2022-02-08 09:49:22,0.0,0.0,0,0.0,0.0,0,0.0,0.0,0,59072.00,0.00,0.00,139,14.60,1.94,0.00,0.2,4.998,4.998,4.998,4.998,179
2022-02-08 09:50:22,0.0,0.0,0,0.0,0.0,0,0.0,0.0,0,59072.00,0.00,0.00,139,14.57,1.93,0.00,0.7,4.998,4.998,4.998,4.998,156
2022-02-08 09:51:22,0.0,0.0,0,0.0,0.0,0,0.0,0.0,0,59072.00,0.00,0.00,139,14.57,1.93,0.00,-0.2,4.998,4.998,4.998,4.998,79
2022-02-08 09:52:22,0.0,0.0,0,0.0,0.0,0,0.0,0.0,0,59072.00,0.00,0.00,139,14.60,1.93,0.00,-0.6,4.998,4.998,4.998,4.998,91
2022-02-08 09:53:22,0.0,0.0,0,0.0,0.0,0,0.0,0.0,0,59072.00,0.00,0.00,139,14.60,1.93,0.00,-0.6,4.998,4.998,4.998,4.998,34
2022-02-08 09:54:22,0.0,0.0,0,0.0,0.0,0,0.0,0.0,0,59072.00,0.00,0.00,139,14.60,1.93,0.00,-0.6,4.998,4.998,4.998,4.998,56
2022-02-08 09:55:22,0.0,0.0,0,0.0,0.0,0,0.0,0.0,0,59072.00,0.00,0.00,139,14.60,1.93,0.00,-0.6,4.998,4.998,4.998,4.998,65
2022-02-08 09:56:22,0.0,0.0,0,0.0,0.0,0,0.0,0.0,0,59072.00,0.00,0.00,139,14.60,1.93,0.00,-1.6,4.998,4.998,4.998,4.998,73
2022-02-08 09:57:22,2.1,2.1,8,0.0,0.0,0,0.0,0.0,0,59080.00,0.00,0.00,139,14.64,1.93,0.00,-1.6,4.998,4.998,4.998,4.998,152
2022-02-08 09:58:22,0.0,2.2,49,0.0,0.0,0,0.0,0.0,0,59129.00,0.00,0.00,139,14.60,1.93,0.00,-1.1,4.998,4.998,4.998,4.998,150
2022-02-08 09:59:22,1.2,1.7,7,0.0,0.0,0,0.0,0.0,0,59136.00,0.00,0.00,139,14.64,1.93,0.00,-1.1,4.998,4.998,4.998,4.998,155
2022-02-08 10:00:22,1.8,2.2,52,0.0,0.0,0,0.0,0.0,0,59188.00,0.00,0.00,139,14.60,1.93,0.00,-1.1,4.998,4.998,4.998,4.998,143
2022-02-08 10:01:22,1.4,1.7,59,0.0,0.0,0,0.0,0.0,0,59247.00,0.00,0.00,139,14.60,1.93,0.00,-0.2,4.998,4.998,4.998,4.998,5
2022-02-08 10:02:22,0.0,1.4,18,0.0,0.0,0,0.0,0.0,0,59265.00,0.00,0.00,139,14.64,1.93,0.00,-0.2,4.998,4.998,4.998,4.998,37
2022-02-08 10:03:22,0.0,0.0,0,0.0,0.0,0,0.0,0.0,0,59265.00,0.00,0.00,139,14.60,1.93,0.00,0.2,4.998,4.998,4.998,4.998,73
2022-02-08 10:04:22,0.0,3.0,48,0.0,0.0,0,0.0,0.0,0,59313.00,0.00,0.00,138,14.60,1.92,0.00,-0.2,4.998,4.998,4.998,4.998,249
2022-02-08 10:05:22,3.0,3.0,78,0.0,0.0,0,0.0,0.0,0,59391.00,0.00,0.00,138,14.60,1.92,0.00,-0.6,4.998,4.998,4.998,4.998,0
2022-02-08 10:06:22,1.3,3.2,110,0.0,0.0,0,0.0,0.0,0,59501.00,0.00,0.00,93,14.60,1.29,0.00,-0.6,4.998,4.998,4.998,4.998,36
2022-02-08 10:07:22,2.6,2.9,114,0.0,0.0,0,0.0,0.0,0,59615.00,0.00,0.00,92,14.64,1.27,0.00,-1.1,4.998,4.998,4.998,4.998,8
2022-02-08 10:08:22,2.5,2.7,115,0.0,0.0,0,0.0,0.0,0,59730.00,0.00,0.00,92,14.60,1.27,0.00,-1.1,4.998,4.998,4.998,4.998,187
2022-02-08 10:09:22,0.0,2.6,31,0.0,0.0,0,0.0,0.0,0,59761.00,0.00,0.00,92,14.60,1.27,0.00,-1.6,4.998,4.998,4.998,4.998,101
2022-02-08 10:10:22,0.0,0.0,0,0.0,0.0,0,0.0,0.0,0,59761.00,0.00,0.00,92,14.60,1.27,0.00,-1.1,4.998,4.998,4.998,4.998,89
2022-02-08 10:11:22,0.0,0.0,0,0.0,0.0,0,0.0,0.0,0,59761.00,0.00,0.00,92,14.60,1.27,0.00,-1.1,4.998,4.998,4.998,4.998,49
2022-02-08 10:12:22,0.0,0.0,0,0.0,0.0,0,0.0,0.0,0,59761.00,0.00,0.00,92,14.60,1.27,0.00,-0.6,4.998,4.998,4.998,4.998,73
2022-02-08 10:13:22,0.0,1.7,26,0.0,0.0,0,0.0,0.0,0,59787.00,0.00,0.00,92,14.57,1.28,0.00,-0.6,4.998,4.998,4.998,4.998,206
2022-02-08 10:14:22,0.0,0.0,1,0.0,0.0,0,0.0,0.0,0,59788.00,0.00,0.00,92,14.60,1.28,0.00,-0.6,4.998,4.998,4.998,4.998,2
2022-02-08 10:15:22,1.5,3.3,69,0.0,0.0,0,0.0,0.0,0,59857.00,0.00,0.00,110,14.57,1.53,0.00,-0.6,4.998,4.998,4.998,4.998,61
2022-02-08 10:16:22,0.0,1.5,8,0.0,0.0,0,0.0,0.0,0,59865.00,0.00,0.00,110,14.60,1.53,0.00,-0.2,4.998,4.998,4.998,4.998,118
2022-02-08 10:17:22,0.0,0.0,0,0.0,0.0,0,0.0,0.0,0,59865.00,0.00,0.00,110,14.60,1.53,0.00,-0.2,4.998,4.998,4.998,4.998,202
2022-02-08 10:18:22,0.0,0.0,0,0.0,0.0,0,0.0,0.0,0,59865.00,0.00,0.00,110,14.60,1.53,0.00,0.2,4.998,4.998,4.998,4.998,89
2022-02-08 10:19:22,0.0,0.0,0,0.0,0.0,0,0.0,0.0,0,59865.00,0.00,0.00,110,14.60,1.53,0.00,1.2,4.998,4.998,4.998,4.998,255
2022-02-08 10:20:22,1.8,2.5,55,0.0,0.0,0,0.0,0.0,0,59920.00,0.00,0.00,110,14.60,1.53,0.00,0.2,4.998,4.998,4.998,4.998,190
2022-02-08 10:21:22,0.0,1.7,5,0.0,0.0,0,0.0,0.0,0,59925.00,0.00,0.00,110,14.57,1.53,0.00,0.7,4.998,4.998,4.998,4.998,152
2022-02-08 10:22:22,3.1,5.2,160,0.0,0.0,0,0.0,0.0,0,60085.00,0.00,0.00,142,14.64,1.98,0.00,0.2,4.998,4.998,4.998,4.998,6
2022-02-08 10:23:22,3.2,3.8,103,0.0,0.0,0,0.0,0.0,0,60188.00,0.00,0.00,86,14.60,1.20,0.00,-0.2,4.998,4.998,4.998,4.998,177
2022-02-08 10:24:22,1.6,4.5,127,0.0,0.0,0,0.0,0.0,0,60315.00,0.00,0.00,86,14.60,1.20,0.00,-0.2,4.998,4.998,4.998,4.998,234
2022-02-08 10:25:22,3.2,3.9,150,0.0,0.0,0,0.0,0.0,0,60465.00,0.00,0.00,156,14.60,2.16,0.00,0.2,4.998,4.998,4.998,4.998,218
2022-02-08 10:26:22,3.0,3.5,95,0.0,0.0,0,0.0,0.0,0,60560.00,0.00,0.00,154,14.60,2.14,0.00,-0.2,4.998,4.998,4.998,4.998,72
2022-02-08 10:27:22,3.8,6.2,242,0.0,0.0,0,0.0,0.0,0,60802.00,0.00,0.00,83,14.60,1.15,0.00,-0.2,4.998,4.998,4.998,4.998,45
2022-02-08 10:28:22,3.1,4.1,165,0.0,0.0,0,0.0,0.0,0,60967.00,0.00,0.00,89,14.68,1.24,0.00,-0.2,4.998,4.998,4.998,4.998,15
2022-02-08 10:29:22,4.5,4.9,147,0.0,0.0,0,0.0,0.0,0,61114.00,0.00,0.00,91,14.60,1.26,0.00,-0.6,4.998,4.998,4.998,4.998,197
2022-02-08 10:30:22,2.3,4.8,161,0.0,0.0,0,0.0,0.0,0,61275.00,0.00,0.00,92,14.60,1.27,0.00,-0.6,4.998,4.998,4.998,4.998,55
2022-02-08 10:31:22,4.0,4.9,232,0.0,0.0,0,0.0,0.0,0,61507.00,0.00,0.00,104,14.60,1.44,0.00,-0.2,4.998,4.998,4.998,4.998,0
2022-02-08 10:32:22,2.1,5.7,210,0.0,0.0,0,0.0,0.0,0,61717.00,0.00,0.00,101,14.60,1.41,0.00,-0.6,4.998,4.998,4.998,4.998,48
2022-02-08 10:33:22,0.0,3.3,90,0.0,0.0,0,0.0,0.0,0,61807.00,0.00,0.00,101,14.60,1.41,0.00,-0.2,4.998,4.998,4.998,4.998,9
2022-02-08 10:34:22,2.6,2.8,32,0.0,0.0,0,0.0,0.0,0,61839.00,0.00,0.00,101,14.60,1.41,0.00,-0.2,4.998,4.998,4.998,4.998,33
2022-02-08 10:35:22,3.6,4.0,177,0.0,0.0,0,0.0,0.0,0,62016.00,0.00,0.00,101,14.60,1.40,0.00,-0.6,4.998,4.998,4.998,4.998,241
2022-02-08 10:36:22,3.3,4.8,218,0.0,0.0,0,0.0,0.0,0,62234.00,0.00,0.00,101,14.64,1.40,0.00,-1.1,4.998,4.998,4.998,4.998,163
2022-02-08 10:37:22,3.5,4.3,159,0.0,0.0,0,0.0,0.0,0,62393.00,0.00,0.00,101,14.64,1.40,0.00,-1.1,4.998,4.998,4.998,4.998,240
2022-02-08 10:38:22,3.7,5.9,261,0.0,0.0,0,0.0,0.0,0,62654.00,0.00,0.00,101,14.64,1.41,0.00,-1.1,4.998,4.998,4.998,4.998,42
2022-02-08 10:39:22,1.3,3.8,102,0.0,0.0,0,0.0,0.0,0,62756.00,0.00,0.00,101,14.60,1.41,0.00,-0.6,4.998,4.998,4.998,4.998,209
2022-02-08 10:40:22,2.5,2.7,61,0.0,0.0,0,0.0,0.0,0,62817.00,0.00,0.00,101,14.57,1.41,0.00,-0.6,4.998,4.998,4.998,4.998,90
2022-02-08 10:41:22,3.5,5.9,191,0.0,0.0,0,0.0,0.0,0,63008.00,0.00,0.00,200,14.60,2.78,0.00,-0.6,4.998,4.998,4.998,4.998,23
2022-02-08 10:42:22,2.7,6.2,253,0.0,0.0,0,0.0,0.0,0,63261.00,0.00,0.00,158,14.57,2.20,0.00,-0.2,4.998,4.998,4.998,4.998,70
2022-02-08 10:43:22,0.0,2.7,18,0.0,0.0,0,0.0,0.0,0,63279.00,0.00,0.00,158,14.60,2.20,0.00,-0.2,4.998,4.998,4.998,4.998,208
2022-02-08 10:44:22,0.0,0.0,0,0.0,0.0,0,0.0,0.0,0,63279.00,0.00,0.00,158,14.60,2.20,0.00,0.2,4.998,4.998,4.998,4.998,99
2022-02-08 10:45:22,2.6,3.9,105,0.0,0.0,0,0.0,0.0,0,63384.00,0.00,0.00,196,14.64,2.72,0.00,-0.2,4.998,4.998,4.998,4.998,209
2022-02-08 10:46:22,5.0,6.7,270,0.0,0.0,0,0.0,0.0,0,63654.00,0.00,0.00,152,14.64,2.11,0.00,-0.2,4.998,4.998,4.998,4.998,2
2022-02-08 10:47:22,2.7,5.4,186,0.0,0.0,0,0.0,0.0,0,63840.00,0.00,0.00,176,14.60,2.45,0.00,0.2,4.998,4.998,4.998,4.998,203
2022-02-08 10:48:22,3.0,4.7,189,0.0,0.0,0,0.0,0.0,0,64029.00,0.00,0.00,182,14.60,2.53,0.00,-0.2,4.998,4.998,4.998,4.998,75
2022-02-08 10:49:22,3.4,3.9,160,0.0,0.0,0,0.0,0.0,0,64189.00,0.00,0.00,183,14.60,2.54,0.00,0.2,4.998,4.998,4.998,4.998,195
2022-02-08 10:50:22,3.1,6.5,275,0.0,0.0,0,0.0,0.0,0,64464.00,0.00,0.00,202,14.60,2.81,0.00,-0.2,4.998,4.998,4.998,4.998,162
2022-02-08 10:51:22,3.8,5.5,224,0.0,0.0,0,0.0,0.0,0,64688.00,0.00,0.00,221,14.60,3.08,0.00,-0.2,4.998,4.998,4.998,4.998,135
2022-02-08 10:52:22,5.7,6.4,257,0.0,0.0,0,0.0,0.0,0,64945.00,0.00,0.00,238,14.64,3.31,0.00,-0.2,4.998,4.998,4.998,4.998,94
2022-02-08 10:53:22,3.6,6.9,262,0.0,0.0,0,0.0,0.0,0,65207.00,0.00,0.00,226,14.57,3.14,0.00,-0.6,4.998,4.998,4.998,4.998,136
2022-02-08 10:54:22,3.3,4.2,154,0.0,0.0,0,0.0,0.0,0,65361.00,0.00,0.00,212,14.60,2.94,0.00,-0.2,4.998,4.998,4.998,4.998,38
2022-02-08 10:55:22,2.0,3.2,89,0.0,0.0,0,0.0,0.0,0,65450.00,0.00,0.00,212,14.25,2.94,0.00,0.2,4.998,4.998,4.998,4.998,113
2022-02-08 10:56:22,3.6,4.0,108,0.0,0.0,0,0.0,0.0,0,65558.00,0.00,0.00,212,14.29,2.95,0.00,-0.2,4.998,4.998,4.998,4.998,248
2022-02-08 10:57:22,4.0,4.2,147,0.0,0.0,0,0.0,0.0,0,65705.00,0.00,0.00,212,14.25,2.95,0.00,-0.2,4.998,4.998,4.998,4.998,109
2022-02-08 10:58:22,0.0,4.2,112,0.0,0.0,0,0.0,0.0,0,65817.00,0.00,0.00,212,14.21,2.95,0.00,-0.2,4.998,4.998,4.998,4.998,25
2022-02-08 10:59:22,0.0,1.3,3,0.0,0.0,0,0.0,0.0,0,65820.00,0.00,0.00,212,14.25,2.95,0.00,-0.2,4.998,4.998,4.998,4.998,129
2022-02-08 11:00:22,2.7,4.9,93,0.0,0.0,0,0.0,0.0,0,65913.00,0.00,0.00,197,14.25,2.74,0.00,0.2,4.998,4.998,4.998,4.998,112
2022-02-08 11:01:22,1.4,3.6,71,0.0,0.0,0,0.0,0.0,0,65984.00,0.00,0.00,198,14.29,2.75,0.00,0.2,4.998,4.998,4.998,4.998,1
2022-02-08 11:02:22,0.0,4.8,149,0.0,0.0,0,0.0,0.0,0,66133.00,0.00,0.00,185,14.25,2.57,0.00,0.2,4.998,4.998,4.998,4.998,141
2022-02-08 11:03:22,2.6,2.9,88,0.0,0.0,0,0.0,0.0,0,66221.00,0.00,0.00,240,14.29,3.33,0.00,0.2,4.998,4.998,4.998,4.998,131
2022-02-08 11:04:22,3.5,4.8,156,0.0,0.0,0,0.0,0.0,0,66377.00,0.00,0.00,169,14.29,2.35,0.00,-0.2,4.998,4.998,4.998,4.998,125
2022-02-08 11:05:22,0.0,4.8,87,0.0,0.0,0,0.0,0.0,0,66464.00,0.00,0.00,173,14.29,2.40,0.00,-0.2,4.998,4.998,4.998,4.998,144
2022-02-08 11:06:22,0.0,2.8,47,0.0,0.0,0,0.0,0.0,0,66511.00,0.00,0.00,173,14.25,2.41,0.00,0.2,4.998,4.998,4.998,4.998,97
2022-02-08 11:07:22,0.0,4.1,65,0.0,0.0,0,0.0,0.0,0,66576.00,0.00,0.00,210,14.25,2.92,0.00,0.2,4.998,4.998,4.998,4.998,246
2022-02-08 11:08:22,3.3,3.3,19,0.0,0.0,0,0.0,0.0,0,66595.00,0.00,0.00,194,14.29,2.70,0.00,0.7,4.998,4.998,4.998,4.998,175
2022-02-08 11:09:22,4.0,4.2,202,0.0,0.0,0,0.0,0.0,0,66797.00,0.00,0.00,193,14.25,2.68,0.00,0.7,4.998,4.998,4.998,4.998,53
2022-02-08 11:10:22,2.9,5.0,220,0.0,0.0,0,0.0,0.0,0,67017.00,0.00,0.00,193,14.25,2.68,0.00,0.7,4.998,4.998,4.998,4.998,123
2022-02-08 11:11:22,0.0,3.1,92,0.0,0.0,0,0.0,0.0,0,67109.00,0.00,0.00,193,14.25,2.68,0.00,0.2,4.998,4.998,4.998,4.998,11
2022-02-08 11:12:22,1.3,3.9,114,0.0,0.0,0,0.0,0.0,0,67223.00,0.00,0.00,194,14.25,2.69,0.00,0.7,4.998,4.998,4.998,4.998,130
2022-02-08 11:13:22,3.4,4.3,132,0.0,0.0,0,0.0,0.0,0,67355.00,0.00,0.00,194,14.25,2.69,0.00,0.2,4.998,4.998,4.998,4.998,73
2022-02-08 11:14:22,2.5,3.8,146,0.0,0.0,0,0.0,0.0,0,67501.00,0.00,0.00,200,14.25,2.78,0.00,0.2,4.998,4.998,4.998,4.998,129
2022-02-08 11:15:22,3.2,3.8,139,0.0,0.0,0,0.0,0.0,0,67640.00,0.00,0.00,203,14.29,2.82,0.00,0.2,4.998,4.998,4.998,4.998,250
2022-02-08 11:16:22,0.0,4.9,128,0.0,0.0,0,0.0,0.0,0,67768.00,0.00,0.00,202,14.29,2.81,0.00,0.7,4.998,4.998,4.998,4.998,233
2022-02-08 11:17:22,0.0,1.4,8,0.0,0.0,0,0.0,0.0,0,67776.00,0.00,0.00,202,14.29,2.81,0.00,0.7,4.998,4.998,4.998,4.998,182
2022-02-08 11:18:22,2.1,2.3,27,0.0,0.0,0,0.0,0.0,0,67803.00,0.00,0.00,202,14.25,2.81,0.00,0.7,4.998,4.998,4.998,4.998,23
2022-02-08 11:19:22,2.7,3.2,104,0.0,0.0,0,0.0,0.0,0,67907.00,0.00,0.00,203,14.29,2.82,0.00,0.7,4.998,4.998,4.998,4.998,63
2022-02-08 11:20:22,0.0,4.2,129,0.0,0.0,0,0.0,0.0,0,68036.00,0.00,0.00,241,14.25,3.35,0.00,0.7,4.998,4.998,4.998,4.998,193
2022-02-08 11:21:22,3.6,3.6,122,0.0,0.0,0,0.0,0.0,0,68158.00,0.00,0.00,238,14.25,3.31,0.00,0.7,4.998,4.998,4.998,4.998,171
2022-02-08 11:22:22,4.8,6.5,213,0.0,0.0,0,0.0,0.0,0,68371.00,0.00,0.00,187,14.25,2.60,0.00,1.2,4.998,4.998,4.998,4.998,58
2022-02-08 11:23:22,2.6,5.8,238,0.0,0.0,0,0.0,0.0,0,68609.00,0.00,0.00,228,14.25,3.17,0.00,1.2,4.998,4.998,4.998,4.998,23
2022-02-08 11:24:22,4.4,5.0,180,0.0,0.0,0,0.0,0.0,0,68789.00,0.00,0.00,227,14.25,3.16,0.00,1.2,4.998,4.998,4.998,4.998,96
2022-02-08 11:25:22,2.2,4.9,224,0.0,0.0,0,0.0,0.0,0,69013.00,0.00,0.00,209,14.25,2.90,0.00,0.7,4.998,4.998,4.998,4.998,17
2022-02-08 11:26:22,3.3,3.9,139,0.0,0.0,0,0.0,0.0,0,69152.00,0.00,0.00,208,14.29,2.89,0.00,1.2,4.998,4.998,4.998,4.998,11
2022-02-08 11:27:22,1.9,3.9,153,0.0,0.0,0,0.0,0.0,0,69305.00,0.00,0.00,169,14.25,2.35,0.00,1.2,4.998,4.998,4.998,4.998,194
2022-02-08 11:28:22,0.0,2.9,62,0.0,0.0,0,0.0,0.0,0,69367.00,0.00,0.00,169,14.29,2.35,0.00,1.7,4.998,4.998,4.998,4.998,20
2022-02-08 11:29:22,3.9,4.8,150,0.0,0.0,0,0.0,0.0,0,69517.00,0.00,0.00,168,14.29,2.34,0.00,1.7,4.998,4.998,4.998,4.998,37
2022-02-08 11:30:22,2.9,4.5,171,0.0,0.0,0,0.0,0.0,0,69688.00,0.00,0.00,206,14.25,2.86,0.00,1.7,4.998,4.998,4.998,4.998,79
2022-02-08 11:31:22,3.4,3.9,164,0.0,0.0,0,0.0,0.0,0,69852.00,0.00,0.00,205,14.25,2.85,0.00,1.2,4.998,4.998,4.998,4.998,92
2022-02-08 11:32:22,4.1,6.1,270,0.0,0.0,0,0.0,0.0,0,70122.00,0.00,0.00,199,14.25,2.77,0.00,1.2,4.998,4.998,4.998,4.998,214
2022-02-08 11:33:22,2.8,5.9,175,0.0,0.0,0,0.0,0.0,0,70297.00,0.00,0.00,199,14.25,2.77,0.00,2.2,4.998,4.998,4.998,4.998,111
2022-02-08 11:34:22,4.1,4.1,150,0.0,0.0,0,0.0,0.0,0,70447.00,0.00,0.00,199,14.29,2.76,0.00,2.2,4.998,4.998,4.998,4.998,114
2022-02-08 11:35:22,3.8,6.2,266,0.0,0.0,0,0.0,0.0,0,70713.00,0.00,0.00,220,14.25,3.05,0.00,1.7,4.998,4.998,4.998,4.998,167
2022-02-08 11:36:22,4.2,5.1,189,0.0,0.0,0,0.0,0.0,0,70902.00,0.00,0.00,166,14.25,2.30,0.00,1.7,4.998,4.998,4.998,4.998,39
2022-02-08 11:37:22,3.3,7.2,297,0.0,0.0,0,0.0,0.0,0,71199.00,0.00,0.00,171,14.25,2.37,0.00,1.7,4.998,4.998,4.998,4.998,89
2022-02-08 11:38:22,5.0,5.0,116,0.0,0.0,0,0.0,0.0,0,71315.00,0.00,0.00,210,14.21,2.91,0.00,2.2,4.998,4.998,4.998,4.998,189
2022-02-08 11:39:22,8.4,8.4,388,0.0,0.0,0,0.0,0.0,0,71703.00,0.00,0.00,217,14.25,3.02,0.00,2.2,4.998,4.998,4.998,4.998,204
2022-02-08 11:40:22,5.4,9.5,341,0.0,0.0,0,0.0,0.0,0,72044.00,0.00,0.00,161,14.21,2.24,0.00,1.7,4.998,4.998,4.998,4.998,158
2022-02-08 11:41:22,4.2,6.1,207,0.0,0.0,0,0.0,0.0,0,72251.00,0.00,0.00,184,14.25,2.56,0.00,2.7,4.998,4.998,4.998,4.998,77
2022-02-08 11:42:22,3.0,7.8,297,0.0,0.0,0,0.0,0.0,0,72548.00,0.00,0.00,187,14.21,2.60,0.00,3.2,4.998,4.998,4.998,4.998,28
2022-02-08 11:43:22,1.4,4.1,100,0.0,0.0,0,0.0,0.0,0,72648.00,0.00,0.00,183,14.21,2.54,0.00,3.2,4.998,4.998,4.998,4.998,8
2022-02-08 11:44:22,3.6,5.2,153,0.0,0.0,0,0.0,0.0,0,72801.00,0.00,0.00,211,14.21,2.93,0.00,3.7,4.998,4.998,4.998,4.998,133
2022-02-08 11:45:22,3.1,6.7,244,0.0,0.0,0,0.0,0.0,0,73045.00,0.00,0.00,194,14.21,2.70,0.00,3.2,4.998,4.998,4.998,4.998,199
2022-02-08 11:46:22,6.4,7.6,248,0.0,0.0,0,0.0,0.0,0,73293.00,0.00,0.00,211,14.25,2.93,0.00,2.7,4.998,4.998,4.998,4.998,140
2022-02-08 11:47:22,5.4,8.8,308,0.0,0.0,0,0.0,0.0,0,73601.00,0.00,0.00,137,14.21,1.90,0.00,2.2,4.998,4.998,4.998,4.998,1
2022-02-08 11:48:22,3.1,8.0,311,0.0,0.0,0,0.0,0.0,0,73912.00,0.00,0.00,167,14.25,2.32,0.00,3.2,4.998,4.998,4.998,4.998,173
2022-02-08 11:49:22,1.7,7.3,222,0.0,0.0,0,0.0,0.0,0,74134.00,0.00,0.00,224,14.21,3.12,0.00,3.2,4.998,4.998,4.998,4.998,214
2022-02-08 11:50:22,3.6,4.8,193,0.0,0.0,0,0.0,0.0,0,74327.00,0.00,0.00,177,14.21,2.47,0.00,3.2,4.998,4.998,4.998,4.998,198
2022-02-08 11:51:22,3.8,6.6,266,0.0,0.0,0,0.0,0.0,0,74593.00,0.00,0.00,211,14.21,2.93,0.00,2.7,4.998,4.998,4.998,4.998,188
2022-02-08 11:52:22,5.6,6.2,186,0.0,0.0,0,0.0,0.0,0,74779.00,0.00,0.00,145,14.17,2.02,0.00,2.7,4.998,4.998,4.998,4.998,92
2022-02-08 11:53:22,6.3,11.1,343,0.0,0.0,0,0.0,0.0,0,75122.00,0.00,0.00,151,14.17,2.10,0.00,2.2,4.998,4.998,4.998,4.998,160
2022-02-08 11:54:22,6.4,8.6,379,0.0,0.0,0,0.0,0.0,0,75501.00,0.00,0.00,172,14.21,2.39,0.00,3.2,4.998,4.998,4.998,4.998,211
2022-02-08 11:55:22,5.4,7.7,317,0.0,0.0,0,0.0,0.0,0,75818.00,0.00,0.00,174,14.17,2.41,0.00,3.2,4.998,4.998,4.998,4.998,27
2022-02-08 11:56:22,6.3,6.8,272,0.0,0.0,0,0.0,0.0,0,76090.00,0.00,0.00,138,14.17,1.91,0.00,2.7,4.998,4.998,4.998,4.998,32
2022-02-08 11:57:22,6.5,9.2,366,0.0,0.0,0,0.0,0.0,0,76456.00,0.00,0.00,182,14.17,2.52,0.00,2.7,4.998,4.998,4.998,4.998,55
2022-02-08 11:58:22,7.1,7.3,342,0.0,0.0,0,0.0,0.0,0,76798.00,0.00,0.00,164,14.21,2.28,0.00,2.7,4.998,4.998,4.998,4.998,178
2022-02-08 11:59:22,4.5,7.6,331,0.0,0.0,0,0.0,0.0,0,77129.00,0.00,0.00,177,14.21,2.46,0.00,3.2,4.998,4.998,4.998,4.998,103
2022-02-08 12:00:22,5.0,8.4,309,0.0,0.0,0,0.0,0.0,0,77438.00,0.00,0.00,162,14.17,2.25,0.00,2.7,4.998,4.998,4.998,4.998,99
2022-02-08 12:01:22,5.8,7.0,265,0.0,0.0,0,0.0,0.0,0,77703.00,0.00,0.00,207,14.17,2.87,0.00,3.2,4.998,4.998,4.998,4.998,230
2022-02-08 12:02:22,4.6,6.3,264,0.0,0.0,0,0.0,0.0,0,77967.00,0.00,0.00,189,14.17,2.62,0.00,3.2,4.998,4.998,4.998,4.998,228
2022-02-08 12:03:22,4.4,5.6,203,0.0,0.0,0,0.0,0.0,0,78170.00,0.00,0.00,177,14.17,2.47,0.00,3.2,4.998,4.998,4.998,4.998,135
2022-02-08 12:04:22,7.5,8.1,318,0.0,0.0,0,0.0,0.0,0,78488.00,0.00,0.00,181,14.17,2.51,0.00,3.2,4.998,4.998,4.998,4.998,155
2022-02-08 12:05:22,5.0,8.7,315,0.0,0.0,0,0.0,0.0,0,78803.00,0.00,0.00,176,14.14,2.45,0.00,3.2,4.998,4.998,4.998,4.998,227
2022-02-08 12:06:22,5.5,9.4,367,0.0,0.0,0,0.0,0.0,0,79170.00,0.00,0.00,174,14.17,2.41,0.00,2.7,4.998,4.998,4.998,4.998,247
2022-02-08 12:07:22,5.7,7.1,314,0.0,0.0,0,0.0,0.0,0,79484.00,0.00,0.00,197,14.17,2.74,0.00,3.2,4.998,4.998,4.998,4.998,29
2022-02-08 12:08:22,4.8,8.2,330,0.0,0.0,0,0.0,0.0,0,79814.00,0.00,0.00,147,14.17,2.05,0.00,3.2,4.998,4.998,4.998,4.998,20
2022-02-08 12:09:22,3.2,7.4,298,0.0,0.0,0,0.0,0.0,0,80112.00,0.00,0.00,156,14.17,2.17,0.00,3.2,4.998,4.998,4.998,4.998,20
2022-02-08 12:10:22,1.9,4.6,175,0.0,0.0,0,0.0,0.0,0,80287.00,0.00,0.00,163,14.21,2.27,0.00,3.2,4.998,4.998,4.998,4.998,57
2022-02-08 12:11:22,5.3,5.6,194,0.0,0.0,0,0.0,0.0,0,80481.00,0.00,0.00,164,14.17,2.28,0.00,3.2,4.998,4.998,4.998,4.998,221
2022-02-08 12:12:22,4.6,6.5,216,0.0,0.0,0,0.0,0.0,0,80697.00,0.00,0.00,190,14.17,2.64,0.00,3.2,4.998,4.998,4.998,4.998,244
2022-02-08 12:13:22,4.1,6.5,303,0.0,0.0,0,0.0,0.0,0,81000.00,0.00,0.00,181,14.17,2.52,0.00,3.2,4.998,4.998,4.998,4.998,41
2022-02-08 12:14:22,3.9,6.5,288,0.0,0.0,0,0.0,0.0,0,81288.00,0.00,0.00,174,14.17,2.42,0.00,3.2,4.998,4.998,4.998,4.998,31
2022-02-08 12:15:22,8.0,9.6,347,0.0,0.0,0,0.0,0.0,0,81635.00,0.00,0.00,165,14.17,2.29,0.00,2.7,4.998,4.998,4.998,4.998,124
2022-02-08 12:16:22,2.5,7.9,351,0.0,0.0,0,0.0,0.0,0,81986.00,0.00,0.00,174,14.17,2.42,0.00,3.2,4.998,4.998,4.998,4.998,132
2022-02-08 12:17:22,7.8,8.8,394,0.0,0.0,0,0.0,0.0,0,82380.00,0.00,0.00,184,14.14,2.56,0.00,3.2,4.998,4.998,4.998,4.998,11
2022-02-08 12:18:22,8.2,9.3,399,0.0,0.0,0,0.0,0.0,0,82779.00,0.00,0.00,161,14.17,2.24,0.00,3.2,4.998,4.998,4.998,4.998,27
2022-02-08 12:19:22,6.0,8.2,358,0.0,0.0,0,0.0,0.0,0,83137.00,0.00,0.00,190,14.17,2.65,0.00,3.2,4.998,4.998,4.998,4.998,66
2022-02-08 12:20:22,5.7,9.5,454,0.0,0.0,0,0.0,0.0,0,83591.00,0.00,0.00,191,14.17,2.66,0.00,3.2,4.998,4.998,4.998,4.998,160
2022-02-08 12:21:22,6.7,6.7,236,0.0,0.0,0,0.0,0.0,0,83827.00,0.00,0.00,177,14.17,2.46,0.00,3.7,4.998,4.998,4.998,4.998,16
2022-02-08 12:22:22,4.8,7.3,318,0.0,0.0,0,0.0,0.0,0,84145.00,0.00,0.00,161,14.17,2.23,0.00,3.7,4.998,4.998,4.998,4.998,48
2022-02-08 12:23:22,4.7,8.4,315,0.0,0.0,0,0.0,0.0,0,84460.00,0.00,0.00,182,14.17,2.53,0.00,3.7,4.998,4.998,4.998,4.998,99
2022-02-08 12:24:22,3.9,7.0,265,0.0,0.0,0,0.0,0.0,0,84725.00,0.00,0.00,178,14.17,2.48,0.00,3.7,4.998,4.998,4.998,4.998,173
2022-02-08 12:25:22,5.1,6.1,243,0.0,0.0,0,0.0,0.0,0,84968.00,0.00,0.00,195,14.14,2.70,0.00,4.1,4.998,4.998,4.998,4.998,179
2022-02-08 12:26:22,4.7,5.4,215,0.0,0.0,0,0.0,0.0,0,85183.00,0.00,0.00,185,14.17,2.58,0.00,4.1,4.998,4.998,4.998,4.998,97
2022-02-08 12:27:22,5.1,6.4,302,0.0,0.0,0,0.0,0.0,0,85485.00,0.00,0.00,193,14.17,2.69,0.00,4.6,4.998,4.998,4.998,4.998,140
2022-02-08 12:28:22,5.8,6.6,283,0.0,0.0,0,0.0,0.0,0,85768.00,0.00,0.00,193,14.17,2.68,0.00,4.1,4.998,4.998,4.998,4.998,122
2022-02-08 12:29:22,4.0,8.0,325,0.0,0.0,0,0.0,0.0,0,86093.00,0.00,0.00,200,14.17,2.78,0.00,4.1,4.998,4.998,4.998,4.998,41
2022-02-08 12:30:22,6.6,8.0,362,0.0,0.0,0,0.0,0.0,0,86455.00,0.00,0.00,184,14.14,2.56,0.00,3.7,4.998,4.998,4.998,4.998,143
2022-02-08 12:31:22,3.4,7.2,316,0.0,0.0,0,0.0,0.0,0,86771.00,0.00,0.00,175,14.17,2.44,0.00,3.7,4.998,4.998,4.998,4.998,62
2022-02-08 12:32:22,1.8,4.4,147,0.0,0.0,0,0.0,0.0,0,86918.00,0.00,0.00,175,14.17,2.43,0.00,4.1,4.998,4.998,4.998,4.998,81
2022-02-08 12:33:22,0.0,2.5,47,0.0,0.0,0,0.0,0.0,0,86965.00,0.00,0.00,175,14.14,2.43,0.00,4.1,4.998,4.998,4.998,4.998,132
2022-02-08 12:34:22,4.1,6.0,161,0.0,0.0,0,0.0,0.0,0,87126.00,0.00,0.00,191,14.14,2.65,0.00,4.6,4.998,4.998,4.998,4.998,167
2022-02-08 12:35:22,2.9,5.9,223,0.0,0.0,0,0.0,0.0,0,87349.00,0.00,0.00,178,14.14,2.47,0.00,4.1,4.998,4.998,4.998,4.998,228
2022-02-08 12:36:22,6.5,8.5,350,0.0,0.0,0,0.0,0.0,0,87699.00,0.00,0.00,197,14.17,2.74,0.00,4.1,4.998,4.998,4.998,4.998,160
2022-02-08 12:37:22,5.1,7.8,358,0.0,0.0,0,0.0,0.0,0,88057.00,0.00,0.00,196,14.10,2.72,0.00,4.1,4.998,4.998,4.998,4.998,218
2022-02-08 12:38:22,5.0,5.9,261,0.0,0.0,0,0.0,0.0,0,88318.00,0.00,0.00,196,14.17,2.73,0.00,4.6,4.998,4.998,4.998,4.998,93
2022-02-08 12:39:22,4.7,5.9,285,0.0,0.0,0,0.0,0.0,0,88603.00,0.00,0.00,188,14.14,2.62,0.00,4.1,4.998,4.998,4.998,4.998,208
2022-02-08 12:40:22,3.9,6.5,281,0.0,0.0,0,0.0,0.0,0,88884.00,0.00,0.00,207,14.14,2.87,0.00,4.1,4.998,4.998,4.998,4.998,165
2022-02-08 12:41:22,3.6,5.3,238,0.0,0.0,0,0.0,0.0,0,89122.00,0.00,0.00,207,14.14,2.87,0.00,4.1,4.998,4.998,4.998,4.998,224
2022-02-08 12:42:22,3.4,5.0,211,0.0,0.0,0,0.0,0.0,0,89333.00,0.00,0.00,180,14.17,2.50,0.00,4.1,4.998,4.998,4.998,4.998,43
2022-02-08 12:43:22,1.6,3.5,87,0.0,0.0,0,0.0,0.0,0,89420.00,0.00,0.00,180,14.14,2.50,0.00,4.1,4.998,4.998,4.998,4.998,221
2022-02-08 12:44:22,4.7,5.8,200,0.0,0.0,0,0.0,0.0,0,89620.00,0.00,0.00,184,14.14,2.55,0.00,4.1,4.998,4.998,4.998,4.998,90
2022-02-08 12:45:22,6.3,6.5,272,0.0,0.0,0,0.0,0.0,0,89892.00,0.00,0.00,170,14.14,2.36,0.00,4.1,4.998,4.998,4.998,4.998,165
2022-02-08 12:46:22,4.9,7.7,317,0.0,0.0,0,0.0,0.0,0,90209.00,0.00,0.00,155,14.14,2.15,0.00,4.1,4.998,4.998,4.998,4.998,163
2022-02-08 12:47:22,4.3,7.9,305,0.0,0.0,0,0.0,0.0,0,90514.00,0.00,0.00,168,14.14,2.33,0.00,3.7,4.998,4.998,4.998,4.998,0
2022-02-08 12:48:22,3.7,6.7,301,0.0,0.0,0,0.0,0.0,0,90815.00,0.00,0.00,174,14.17,2.42,0.00,4.1,4.998,4.998,4.998,4.998,203
2022-02-08 12:49:22,2.4,4.4,175,0.0,0.0,0,0.0,0.0,0,90990.00,0.00,0.00,174,14.17,2.42,0.00,4.6,4.998,4.998,4.998,4.998,255
2022-02-08 12:50:22,2.6,4.1,162,0.0,0.0,0,0.0,0.0,0,91152.00,0.00,0.00,188,14.14,2.61,0.00,4.6,4.998,4.998,4.998,4.998,6
2022-02-08 12:51:22,2.6,3.0,116,0.0,0.0,0,0.0,0.0,0,91268.00,0.00,0.00,188,14.14,2.61,0.00,4.6,4.998,4.998,4.998,4.998,234
2022-02-08 12:52:22,3.4,3.4,126,0.0,0.0,0,0.0,0.0,0,91394.00,0.00,0.00,181,14.17,2.51,0.00,4.6,4.998,4.998,4.998,4.998,208
2022-02-08 12:53:22,0.0,3.9,82,0.0,0.0,0,0.0,0.0,0,91476.00,0.00,0.00,163,14.14,2.26,0.00,4.6,4.998,4.998,4.998,4.998,69
2022-02-08 12:54:22,3.0,3.4,91,0.0,0.0,0,0.0,0.0,0,91567.00,0.00,0.00,156,14.17,2.16,0.00,5.1,4.998,4.998,4.998,4.998,217
2022-02-08 12:55:22,2.5,4.1,119,0.0,0.0,0,0.0,0.0,0,91686.00,0.00,0.00,156,14.17,2.17,0.00,5.1,4.998,4.998,4.998,4.998,68
2022-02-08 12:56:22,2.1,3.1,108,0.0,0.0,0,0.0,0.0,0,91794.00,0.00,0.00,156,14.10,2.17,0.00,5.6,4.998,4.998,4.998,4.998,151
2022-02-08 12:57:22,1.9,2.2,16,0.0,0.0,0,0.0,0.0,0,91810.00,0.00,0.00,156,14.14,2.16,0.00,6.1,4.998,4.998,4.998,4.998,207
2022-02-08 12:58:22,2.5,3.0,99,0.0,0.0,0,0.0,0.0,0,91909.00,0.00,0.00,120,14.14,1.67,0.00,5.6,4.998,4.998,4.998,4.998,26
2022-02-08 12:59:22,3.7,3.8,174,0.0,0.0,0,0.0,0.0,0,92083.00,0.00,0.00,43,14.14,0.60,0.00,5.6,4.998,4.998,4.998,4.998,83
2022-02-08 13:00:22,3.6,4.0,200,0.0,0.0,0,0.0,0.0,0,92283.00,0.00,0.00,43,14.14,0.60,0.00,6.1,4.998,4.998,4.998,4.998,53
2022-02-08 13:01:22,4.1,4.4,226,0.0,0.0,0,0.0,0.0,0,92509.00,0.00,0.00,40,14.17,0.55,0.00,6.1,4.998,4.998,4.998,4.998,122
2022-02-08 13:02:22,2.8,4.2,200,0.0,0.0,0,0.0,0.0,0,92709.00,0.00,0.00,38,14.17,0.53,0.00,6.6,4.998,4.998,4.998,4.998,95
2022-02-08 13:03:22,3.1,3.7,160,0.0,0.0,0,0.0,0.0,0,92869.00,0.00,0.00,18,14.17,0.25,0.00,6.1,4.998,4.998,4.998,4.998,169
2022-02-08 13:04:22,4.3,4.7,175,0.0,0.0,0,0.0,0.0,0,93044.00,0.00,0.00,18,14.17,0.25,0.00,6.6,4.998,4.998,4.998,4.998,68
2022-02-08 13:05:22,3.6,4.8,240,0.0,0.0,0,0.0,0.0,0,93284.00,0.00,0.00,18,14.14,0.25,0.00,7.1,4.998,4.998,4.998,4.998,211
2022-02-08 13:06:22,3.2,3.9,177,0.0,0.0,0,0.0,0.0,0,93461.00,0.00,0.00,18,14.10,0.25,0.00,7.6,4.998,4.998,4.998,4.998,153
2022-02-08 13:07:22,2.9,4.7,215,0.0,0.0,0,0.0,0.0,0,93676.00,0.00,0.00,18,14.10,0.25,0.00,8.0,4.998,4.998,4.998,4.998,200
2022-02-08 13:08:22,4.1,4.8,232,0.0,0.0,0,0.0,0.0,0,93908.00,0.00,0.00,334,14.10,4.64,0.00,7.6,4.998,4.998,4.998,4.998,113
2022-02-08 13:09:22,4.1,4.7,240,0.0,0.0,0,0.0,0.0,0,94148.00,0.00,0.00,352,14.10,4.89,0.00,7.1,4.998,4.998,4.998,4.998,124
2022-02-08 13:10:22,3.3,4.3,211,0.0,0.0,0,0.0,0.0,0,94359.00,0.00,0.00,351,14.10,4.88,0.00,7.1,4.998,4.998,4.998,4.998,36
2022-02-08 13:11:22,3.2,3.5,153,0.0,0.0,0,0.0,0.0,0,94512.00,0.00,0.00,352,14.10,4.89,0.00,8.0,4.998,4.998,4.998,4.998,59
2022-02-08 13:12:22,3.2,4.3,190,0.0,0.0,0,0.0,0.0,0,94702.00,0.00,0.00,359,14.14,4.99,0.00,8.5,4.998,4.998,4.998,4.998,140
2022-02-08 13:13:22,0.0,4.1,114,0.0,0.0,0,0.0,0.0,0,94816.00,0.00,0.00,2,14.17,0.03,0.00,8.5,4.998,4.998,4.998,4.998,192
2022-02-08 13:14:22,2.6,3.9,138,0.0,0.0,0,0.0,0.0,0,94954.00,0.00,0.00,333,14.14,4.63,0.00,8.0,4.998,4.998,4.998,4.998,170
2022-02-08 13:15:22,3.6,5.2,214,0.0,0.0,0,0.0,0.0,0,95168.00,0.00,0.00,359,14.10,4.99,0.00,7.6,4.998,4.998,4.998,4.998,21
2022-02-08 13:16:22,2.4,3.9,121,0.0,0.0,0,0.0,0.0,0,95289.00,0.00,0.00,358,14.10,4.98,0.00,8.0,4.998,4.998,4.998,4.998,24
2022-02-08 13:17:22,4.4,4.6,202,0.0,0.0,0,0.0,0.0,0,95491.00,0.00,0.00,15,14.10,0.21,0.00,8.0,4.998,4.998,4.998,4.998,208
2022-02-08 13:18:22,3.6,4.8,245,0.0,0.0,0,0.0,0.0,0,95736.00,0.00,0.00,18,14.10,0.26,0.00,7.6,4.998,4.998,4.998,4.998,103
2022-02-08 13:19:22,3.1,4.5,191,0.0,0.0,0,0.0,0.0,0,95927.00,0.00,0.00,21,14.10,0.29,0.00,7.1,4.998,4.998,4.998,4.998,23
2022-02-08 13:20:22,3.3,3.5,162,0.0,0.0,0,0.0,0.0,0,96089.00,0.00,0.00,21,14.10,0.30,0.00,7.1,4.998,4.998,4.998,4.998,178
2022-02-08 13:21:22,3.2,4.6,213,0.0,0.0,0,0.0,0.0,0,96302.00,0.00,0.00,21,14.10,0.29,0.00,7.6,4.998,4.998,4.998,4.998,1
2022-02-08 13:22:22,2.5,3.5,143,0.0,0.0,0,0.0,0.0,0,96445.00,0.00,0.00,21,14.14,0.29,0.00,7.1,4.998,4.998,4.998,4.998,112
2022-02-08 13:23:22,3.0,3.4,164,0.0,0.0,0,0.0,0.0,0,96609.00,0.00,0.00,21,14.10,0.30,0.00,6.6,4.998,4.998,4.998,4.998,231
2022-02-08 13:24:22,2.9,3.3,158,0.0,0.0,0,0.0,0.0,0,96767.00,0.00,0.00,21,14.06,0.30,0.00,6.1,4.998,4.998,4.998,4.998,220
2022-02-08 13:25:22,2.1,2.9,64,0.0,0.0,0,0.0,0.0,0,96831.00,0.00,0.00,21,14.10,0.29,0.00,6.1,4.998,4.998,4.998,4.998,79
2022-02-08 13:26:22,2.2,2.2,18,0.0,0.0,0,0.0,0.0,0,96849.00,0.00,0.00,21,14.14,0.29,0.00,7.1,4.998,4.998,4.998,4.998,223
2022-02-08 13:27:22,2.7,3.7,158,0.0,0.0,0,0.0,0.0,0,97007.00,0.00,0.00,21,14.10,0.30,0.00,7.6,4.998,4.998,4.998,4.998,180
2022-02-08 13:28:22,3.1,3.1,112,0.0,0.0,0,0.0,0.0,0,97119.00,0.00,0.00,21,14.10,0.30,0.00,7.1,4.998,4.998,4.998,4.998,177
2022-02-08 13:29:22,2.9,4.0,195,0.0,0.0,0,0.0,0.0,0,97314.00,0.00,0.00,21,14.10,0.29,0.00,8.0,4.998,4.998,4.998,4.998,206
2022-02-08 13:30:22,4.3,4.4,191,0.0,0.0,0,0.0,0.0,0,97505.00,0.00,0.00,21,14.10,0.29,0.00,8.0,4.998,4.998,4.998,4.998,20
2022-02-08 13:31:22,3.0,4.3,194,0.0,0.0,0,0.0,0.0,0,97699.00,0.00,0.00,20,14.10,0.28,0.00,7.1,4.998,4.998,4.998,4.998,66
2022-02-08 13:32:22,5.9,6.4,311,0.0,0.0,0,0.0,0.0,0,98010.00,0.00,0.00,358,14.06,4.97,0.00,7.1,4.998,4.998,4.998,4.998,85
2022-02-08 13:33:22,4.6,6.1,288,0.0,0.0,0,0.0,0.0,0,98298.00,0.00,0.00,3,14.06,0.04,0.00,7.1,4.998,4.998,4.998,4.998,33
2022-02-08 13:34:22,4.6,6.5,287,0.0,0.0,0,0.0,0.0,0,98585.00,0.00,0.00,3,14.06,0.04,0.00,7.6,4.998,4.998,4.998,4.998,58
2022-02-08 13:35:22,3.8,5.0,236,0.0,0.0,0,0.0,0.0,0,98821.00,0.00,0.00,349,14.06,4.85,0.00,7.6,4.998,4.998,4.998,4.998,220
2022-02-08 13:36:22,4.8,5.8,258,0.0,0.0,0,0.0,0.0,0,99079.00,0.00,0.00,350,14.06,4.86,0.00,7.6,4.998,4.998,4.998,4.998,153
2022-02-08 13:37:22,3.3,5.6,262,0.0,0.0,0,0.0,0.0,0,99341.00,0.00,0.00,346,14.06,4.81,0.00,7.6,4.998,4.998,4.998,4.998,16
2022-02-08 13:38:22,4.1,5.7,268,0.0,0.0,0,0.0,0.0,0,99609.00,0.00,0.00,346,14.06,4.81,0.00,7.6,4.998,4.998,4.998,4.998,90
2022-02-08 13:39:22,3.8,4.3,177,0.0,0.0,0,0.0,0.0,0,99786.00,0.00,0.00,346,14.02,4.81,0.00,7.6,4.998,4.998,4.998,4.998,249
2022-02-08 13:40:22,3.1,4.2,181,0.0,0.0,0,0.0,0.0,0,99967.00,0.00,0.00,346,14.06,4.81,0.00,7.6,4.998,4.998,4.998,4.998,252
2022-02-08 13:41:22,3.3,4.7,204,0.0,0.0,0,0.0,0.0,0,100171.00,0.00,0.00,0,14.06,0.00,0.00,7.1,4.998,4.998,4.998,4.998,137
2022-02-08 13:42:22,3.2,4.1,177,0.0,0.0,0,0.0,0.0,0,100348.00,0.00,0.00,351,14.06,4.88,0.00,6.6,4.998,4.998,4.998,4.998,177
2022-02-08 13:43:22,1.8,6.2,225,0.0,0.0,0,0.0,0.0,0,100573.00,0.00,0.00,355,14.06,4.93,0.00,7.1,4.998,4.998,4.998,4.998,180
2022-02-08 13:44:22,4.2,6.6,226,0.0,0.0,0,0.0,0.0,0,100799.00,0.00,0.00,4,14.06,0.06,0.00,7.1,4.998,4.998,4.998,4.998,144
2022-02-08 13:45:22,4.8,5.9,248,0.0,0.0,0,0.0,0.0,0,101047.00,0.00,0.00,359,14.06,4.99,0.00,7.1,4.998,4.998,4.998,4.998,30
2022-02-08 13:46:22,5.0,5.0,220,0.0,0.0,0,0.0,0.0,0,101267.00,0.00,0.00,359,14.06,4.99,0.00,7.6,4.998,4.998,4.998,4.998,123
2022-02-08 13:47:22,3.3,5.1,192,0.0,0.0,0,0.0,0.0,0,101459.00,0.00,0.00,359,14.06,4.99,0.00,7.6,4.998,4.998,4.998,4.998,13
2022-02-08 13:48:22,2.7,3.9,144,0.0,0.0,0,0.0,0.0,0,101603.00,0.00,0.00,359,14.06,4.99,0.00,8.5,4.998,4.998,4.998,4.998,216
2022-02-08 13:49:22,3.5,4.5,195,0.0,0.0,0,0.0,0.0,0,101798.00,0.00,0.00,0,14.06,0.00,0.00,8.5,4.998,4.998,4.998,4.998,164
2022-02-08 13:50:22,2.8,3.6,168,0.0,0.0,0,0.0,0.0,0,101966.00,0.00,0.00,0,14.06,0.00,0.00,8.5,4.998,4.998,4.998,4.998,95
2022-02-08 13:51:22,0.0,3.0,93,0.0,0.0,0,0.0,0.0,0,102059.00,0.00,0.00,0,14.06,0.00,0.00,8.5,4.998,4.998,4.998,4.998,193
2022-02-08 13:52:22,2.4,2.8,95,0.0,0.0,0,0.0,0.0,0,102154.00,0.00,0.00,0,14.06,0.00,0.00,9.0,4.998,4.998,4.998,4.998,126
2022-02-08 13:53:22,3.4,4.9,199,0.0,0.0,0,0.0,0.0,0,102353.00,0.00,0.00,352,14.06,4.90,0.00,8.5,4.998,4.998,4.998,4.998,227
2022-02-08 13:54:22,2.3,3.7,107,0.0,0.0,0,0.0,0.0,0,102460.00,0.00,0.00,352,14.02,4.90,0.00,8.5,4.998,4.998,4.998,4.998,128
2022-02-08 13:55:22,1.6,4.1,127,0.0,0.0,0,0.0,0.0,0,102587.00,0.00,0.00,352,14.06,4.90,0.00,9.0,4.998,4.998,4.998,4.998,206
2022-02-08 13:56:22,3.6,4.0,161,0.0,0.0,0,0.0,0.0,0,102748.00,0.00,0.00,317,14.06,4.40,0.00,8.5,4.998,4.998,4.998,4.998,17
2022-02-08 13:57:22,3.0,4.3,197,0.0,0.0,0,0.0,0.0,0,102945.00,0.00,0.00,311,14.02,4.33,0.00,9.0,4.998,4.998,4.998,4.998,238
2022-02-08 13:58:22,5.4,7.0,257,0.0,0.0,0,0.0,0.0,0,103202.00,0.00,0.00,352,14.06,4.89,0.00,8.5,4.998,4.998,4.998,4.998,117
2022-02-08 13:59:22,5.1,7.8,334,0.0,0.0,0,0.0,0.0,0,103536.00,0.00,0.00,344,14.02,4.78,0.00,8.0,4.998,4.998,4.998,4.998,88
2022-02-08 14:00:22,3.9,5.3,200,0.0,0.0,0,0.0,0.0,0,103736.00,0.00,0.00,344,14.02,4.78,0.00,8.5,4.998,4.998,4.998,4.998,189
2022-02-08 14:01:22,4.3,5.1,196,0.0,0.0,0,0.0,0.0,0,103932.00,0.00,0.00,0,14.02,0.00,0.00,8.5,4.998,4.998,4.998,4.998,92
2022-02-08 14:02:22,4.0,7.1,288,0.0,0.0,0,0.0,0.0,0,104220.00,0.00,0.00,359,14.06,4.99,0.00,8.5,4.998,4.998,4.998,4.998,173
2022-02-08 14:03:22,5.3,6.4,287,0.0,0.0,0,0.0,0.0,0,104507.00,0.00,0.00,357,14.06,4.96,0.00,8.5,4.998,4.998,4.998,4.998,246
2022-02-08 14:04:22,4.3,7.6,325,0.0,0.0,0,0.0,0.0,0,104832.00,0.00,0.00,352,14.06,4.90,0.00,8.0,4.998,4.998,4.998,4.998,28
2022-02-08 14:05:22,4.6,5.1,196,0.0,0.0,0,0.0,0.0,0,105028.00,0.00,0.00,345,14.06,4.80,0.00,8.0,4.998,4.998,4.998,4.998,125
2022-02-08 14:06:22,4.5,5.3,255,0.0,0.0,0,0.0,0.0,0,105283.00,0.00,0.00,359,14.06,4.99,0.00,8.0,4.998,4.998,4.998,4.998,122
2022-02-08 14:07:22,4.0,4.6,219,0.0,0.0,0,0.0,0.0,0,105502.00,0.00,0.00,22,14.06,0.31,0.00,8.5,4.998,4.998,4.998,4.998,44
2022-02-08 14:08:22,4.8,6.2,242,0.0,0.0,0,0.0,0.0,0,105744.00,0.00,0.00,4,14.06,0.05,0.00,8.5,4.998,4.998,4.998,4.998,220
2022-02-08 14:09:22,7.2,8.5,414,0.0,0.0,0,0.0,0.0,0,106158.00,0.00,0.00,29,14.02,0.40,0.00,8.5,4.998,4.998,4.998,4.998,50
2022-02-08 14:10:22,4.3,7.7,336,0.0,0.0,0,0.0,0.0,0,106494.00,0.00,0.00,23,14.06,0.33,0.00,8.5,4.998,4.998,4.998,4.998,152
2022-02-08 14:11:22,5.6,6.5,331,0.0,0.0,0,0.0,0.0,0,106825.00,0.00,0.00,19,14.06,0.27,0.00,8.5,4.998,4.998,4.998,4.998,125
2022-02-08 14:12:22,6.4,6.6,348,0.0,0.0,0,0.0,0.0,0,107173.00,0.00,0.00,13,14.06,0.18,0.00,9.0,4.998,4.998,4.998,4.998,65
2022-02-08 14:13:22,6.5,8.7,443,0.0,0.0,0,0.0,0.0,0,107616.00,0.00,0.00,22,14.06,0.31,0.00,9.0,4.998,4.998,4.998,4.998,70
2022-02-08 14:14:22,7.8,8.5,453,0.0,0.0,0,0.0,0.0,0,108069.00,0.00,0.00,13,14.02,0.18,0.00,8.0,4.998,4.998,4.998,4.998,134
2022-02-08 14:15:22,7.3,8.3,456,0.0,0.0,0,0.0,0.0,0,108525.00,0.00,0.00,24,14.02,0.34,0.00,8.0,4.998,4.998,4.998,4.998,202
2022-02-08 14:16:22,6.5,8.2,436,0.0,0.0,0,0.0,0.0,0,108961.00,0.00,0.00,27,14.06,0.38,0.00,7.6,4.998,4.998,4.998,4.998,236
2022-02-08 14:17:22,6.0,6.9,336,0.0,0.0,0,0.0,0.0,0,109297.00,0.00,0.00,27,14.10,0.37,0.00,7.6,4.998,4.998,4.998,4.998,34
2022-02-08 14:18:22,5.5,6.2,296,0.0,0.0,0,0.0,0.0,0,109593.00,0.00,0.00,15,14.06,0.21,0.00,8.0,4.998,4.998,4.998,4.998,98
2022-02-08 14:19:22,5.4,6.2,341,0.0,0.0,0,0.0,0.0,0,109934.00,0.00,0.00,28,14.02,0.39,0.00,7.1,4.998,4.998,4.998,4.998,250
2022-02-08 14:20:22,7.4,8.2,384,0.0,0.0,0,0.0,0.0,0,110318.00,0.00,0.00,12,14.10,0.17,0.00,7.1,4.998,4.998,4.998,4.998,238
2022-02-08 14:21:22,5.3,7.9,382,0.0,0.0,0,0.0,0.0,0,110700.00,0.00,0.00,25,14.06,0.35,0.00,7.1,4.998,4.998,4.998,4.998,185
2022-02-08 14:22:22,7.2,7.9,384,0.0,0.0,0,0.0,0.0,0,111084.00,0.00,0.00,20,14.10,0.27,0.00,6.6,4.998,4.998,4.998,4.998,66
2022-02-08 14:23:22,6.4,7.7,406,0.0,0.0,0,0.0,0.0,0,111490.00,0.00,0.00,24,14.06,0.33,0.00,7.1,4.998,4.998,4.998,4.998,7
2022-02-08 14:24:22,5.2,7.5,412,0.0,0.0,0,0.0,0.0,0,111902.00,0.00,0.00,27,14.06,0.38,0.00,7.1,4.998,4.998,4.998,4.998,149
2022-02-08 14:25:22,5.8,7.1,357,0.0,0.0,0,0.0,0.0,0,112259.00,0.00,0.00,27,14.06,0.38,0.00,7.1,4.998,4.998,4.998,4.998,45
2022-02-08 14:26:22,4.8,6.9,306,0.0,0.0,0,0.0,0.0,0,112565.00,0.00,0.00,18,14.06,0.26,0.00,7.6,4.998,4.998,4.998,4.998,57
2022-02-08 14:27:22,3.0,5.0,173,0.0,0.0,0,0.0,0.0,0,112738.00,0.00,0.00,18,14.02,0.25,0.00,8.0,4.998,4.998,4.998,4.998,192
2022-02-08 14:28:22,3.3,5.5,226,0.0,0.0,0,0.0,0.0,0,112964.00,0.00,0.00,337,14.06,4.69,0.00,7.6,4.998,4.998,4.998,4.998,61
2022-02-08 14:29:22,3.8,5.1,226,0.0,0.0,0,0.0,0.0,0,113190.00,0.00,0.00,351,14.02,4.87,0.00,7.6,4.998,4.998,4.998,4.998,178
2022-02-08 14:30:22,2.3,4.3,168,0.0,0.0,0,0.0,0.0,0,113358.00,0.00,0.00,350,14.02,4.87,0.00,8.0,4.998,4.998,4.998,4.998,12
2022-02-08 14:31:22,2.8,3.8,170,0.0,0.0,0,0.0,0.0,0,113528.00,0.00,0.00,351,14.06,4.88,0.00,8.5,4.998,4.998,4.998,4.998,70
2022-02-08 14:32:22,0.0,2.9,48,0.0,0.0,0,0.0,0.0,0,113576.00,0.00,0.00,351,14.06,4.88,0.00,8.5,4.998,4.998,4.998,4.998,149
2022-02-08 14:33:22,0.0,0.0,0,0.0,0.0,0,0.0,0.0,0,113576.00,0.00,0.00,351,14.06,4.88,0.00,8.5,4.998,4.998,4.998,4.998,246
2022-02-08 14:34:22,1.8,1.8,31,0.0,0.0,0,0.0,0.0,0,113607.00,0.00,0.00,331,14.06,4.60,0.00,8.0,4.998,4.998,4.998,4.998,57
2022-02-08 14:35:22,0.0,3.0,42,0.0,0.0,0,0.0,0.0,0,113649.00,0.00,0.00,242,14.06,3.37,0.00,8.5,4.998,4.998,4.998,4.998,123
2022-02-08 14:36:22,3.4,4.5,47,0.0,0.0,0,0.0,0.0,0,113696.00,0.00,0.00,235,14.06,3.26,0.00,8.5,4.998,4.998,4.998,4.998,146
2022-02-08 14:37:22,3.3,5.3,175,0.0,0.0,0,0.0,0.0,0,113871.00,0.00,0.00,292,14.02,4.06,0.00,8.5,4.998,4.998,4.998,4.998,145
2022-02-08 14:38:22,4.3,4.8,198,0.0,0.0,0,0.0,0.0,0,114069.00,0.00,0.00,273,14.06,3.80,0.00,8.0,4.998,4.998,4.998,4.998,247
2022-02-08 14:39:22,5.0,9.8,367,0.0,0.0,0,0.0,0.0,0,114436.00,0.00,0.00,271,14.06,3.76,0.00,8.0,4.998,4.998,4.998,4.998,32
2022-02-08 14:40:22,5.2,7.4,356,0.0,0.0,0,0.0,0.0,0,114792.00,0.00,0.00,267,14.06,3.71,0.00,7.6,4.998,4.998,4.998,4.998,132
2022-02-08 14:41:22,2.2,5.3,190,0.0,0.0,0,0.0,0.0,0,114982.00,0.00,0.00,266,14.06,3.70,0.00,8.0,4.998,4.998,4.998,4.998,122
2022-02-08 14:42:22,3.3,5.4,200,0.0,0.0,0,0.0,0.0,0,115182.00,0.00,0.00,269,14.06,3.74,0.00,8.0,4.998,4.998,4.998,4.998,185
2022-02-08 14:43:22,3.3,7.1,252,0.0,0.0,0,0.0,0.0,0,115434.00,0.00,0.00,264,14.02,3.67,0.00,7.6,4.998,4.998,4.998,4.998,149
2022-02-08 14:44:22,4.9,5.1,152,0.0,0.0,0,0.0,0.0,0,115586.00,0.00,0.00,288,14.02,4.01,0.00,7.6,4.998,4.998,4.998,4.998,85
2022-02-08 14:45:22,7.3,7.3,229,0.0,0.0,0,0.0,0.0,0,115815.00,0.00,0.00,302,14.10,4.19,0.00,7.6,4.998,4.998,4.998,4.998,215
2022-02-08 14:46:22,4.4,7.1,287,0.0,0.0,0,0.0,0.0,0,116102.00,0.00,0.00,259,14.02,3.60,0.00,7.6,4.998,4.998,4.998,4.998,128
2022-02-08 14:47:22,3.6,5.9,243,0.0,0.0,0,0.0,0.0,0,116345.00,0.00,0.00,294,14.02,4.09,0.00,7.6,4.998,4.998,4.998,4.998,183
2022-02-08 14:48:22,1.0,5.1,166,0.0,0.0,0,0.0,0.0,0,116511.00,0.00,0.00,300,14.10,4.17,0.00,7.6,4.998,4.998,4.998,4.998,159
2022-02-08 14:49:22,0.0,0.0,1,0.0,0.0,0,0.0,0.0,0,116512.00,0.00,0.00,300,14.02,4.17,0.00,8.0,4.998,4.998,4.998,4.998,25
2022-02-08 14:50:22,2.1,2.2,26,0.0,0.0,0,0.0,0.0,0,116538.00,0.00,0.00,300,14.06,4.17,0.00,7.6,4.998,4.998,4.998,4.998,202
2022-02-08 14:51:22,5.1,6.5,273,0.0,0.0,0,0.0,0.0,0,116811.00,0.00,0.00,289,14.06,4.02,0.00,7.6,4.998,4.998,4.998,4.998,235
2022-02-08 14:52:22,3.3,6.5,221,0.0,0.0,0,0.0,0.0,0,117032.00,0.00,0.00,250,14.06,3.47,0.00,7.6,4.998,4.998,4.998,4.998,216
2022-02-08 14:53:22,2.2,5.9,205,0.0,0.0,0,0.0,0.0,0,117237.00,0.00,0.00,248,14.06,3.44,0.00,7.6,4.998,4.998,4.998,4.998,197
2022-02-08 14:54:22,1.6,3.0,121,0.0,0.0,0,0.0,0.0,0,117358.00,0.00,0.00,248,14.06,3.44,0.00,7.6,4.998,4.998,4.998,4.998,218
2022-02-08 14:55:22,0.0,3.0,46,0.0,0.0,0,0.0,0.0,0,117404.00,0.00,0.00,248,14.06,3.44,0.00,7.6,4.998,4.998,4.998,4.998,54
2022-02-08 14:56:22,2.8,3.0,64,0.0,0.0,0,0.0,0.0,0,117468.00,0.00,0.00,248,14.06,3.44,0.00,7.6,4.998,4.998,4.998,4.998,85
2022-02-08 14:57:22,4.7,5.6,233,0.0,0.0,0,0.0,0.0,0,117701.00,0.00,0.00,248,14.06,3.45,0.00,7.6,4.998,4.998,4.998,4.998,178
2022-02-08 14:58:22,1.5,5.0,141,0.0,0.0,0,0.0,0.0,0,117842.00,0.00,0.00,245,14.06,3.40,0.00,7.6,4.998,4.998,4.998,4.998,88
2022-02-08 14:59:22,0.0,1.6,6,0.0,0.0,0,0.0,0.0,0,117848.00,0.00,0.00,245,14.06,3.40,0.00,7.6,4.998,4.998,4.998,4.998,97
2022-02-08 15:00:22,3.2,3.6,74,0.0,0.0,0,0.0,0.0,0,117922.00,0.00,0.00,245,14.06,3.40,0.00,7.6,4.998,4.998,4.998,4.998,41
2022-02-08 15:01:22,1.7,3.6,134,0.0,0.0,0,0.0,0.0,0,118056.00,0.00,0.00,245,14.06,3.40,0.00,7.6,4.998,4.998,4.998,4.998,109
2022-02-08 15:02:22,2.9,5.2,224,0.0,0.0,0,0.0,0.0,0,118280.00,0.00,0.00,245,14.06,3.40,0.00,7.6,4.998,4.998,4.998,4.998,219
2022-02-08 15:03:22,3.3,3.9,185,0.0,0.0,0,0.0,0.0,0,118465.00,0.00,0.00,246,14.10,3.42,0.00,7.6,4.998,4.998,4.998,4.998,16
2022-02-08 15:04:22,3.6,4.1,153,0.0,0.0,0,0.0,0.0,0,118618.00,0.00,0.00,246,14.10,3.42,0.00,7.6,4.998,4.998,4.998,4.998,142
2022-02-08 15:05:22,1.9,4.1,124,0.0,0.0,0,0.0,0.0,0,118742.00,0.00,0.00,260,14.06,3.61,0.00,7.6,4.998,4.998,4.998,4.998,187
2022-02-08 15:06:22,3.6,3.7,85,0.0,0.0,0,0.0,0.0,0,118827.00,0.00,0.00,260,14.02,3.61,0.00,7.6,4.998,4.998,4.998,4.998,199
2022-02-08 15:07:22,2.1,3.7,152,0.0,0.0,0,0.0,0.0,0,118979.00,0.00,0.00,260,14.06,3.62,0.00,7.6,4.998,4.998,4.998,4.998,129
2022-02-08 15:08:22,3.3,3.5,69,0.0,0.0,0,0.0,0.0,0,119048.00,0.00,0.00,261,14.02,3.62,0.00,8.0,4.998,4.998,4.998,4.998,100
2022-02-08 15:09:22,3.4,4.7,224,0.0,0.0,0,0.0,0.0,0,119272.00,0.00,0.00,283,14.02,3.93,0.00,7.6,4.998,4.998,4.998,4.998,34
2022-02-08 15:10:22,4.3,6.0,251,0.0,0.0,0,0.0,0.0,0,119523.00,0.00,0.00,294,14.06,4.09,0.00,7.6,4.998,4.998,4.998,4.998,249
2022-02-08 15:11:22,2.7,4.4,198,0.0,0.0,0,0.0,0.0,0,119721.00,0.00,0.00,293,14.10,4.08,0.00,7.6,4.998,4.998,4.998,4.998,133
2022-02-08 15:12:22,3.6,5.1,175,0.0,0.0,0,0.0,0.0,0,119896.00,0.00,0.00,293,14.06,4.07,0.00,7.6,4.998,4.998,4.998,4.998,35
2022-02-08 15:13:22,1.2,3.8,115,0.0,0.0,0,0.0,0.0,0,120011.00,0.00,0.00,293,14.06,4.08,0.00,7.6,4.998,4.998,4.998,4.998,203
2022-02-08 15:14:22,4.0,5.6,234,0.0,0.0,0,0.0,0.0,0,120245.00,0.00,0.00,291,14.06,4.04,0.00,7.6,4.998,4.998,4.998,4.998,148
2022-02-08 15:15:22,4.2,5.2,197,0.0,0.0,0,0.0,0.0,0,120442.00,0.00,0.00,286,14.06,3.98,0.00,7.6,4.998,4.998,4.998,4.998,222
2022-02-08 15:16:22,3.7,5.7,245,0.0,0.0,0,0.0,0.0,0,120687.00,0.00,0.00,235,14.06,3.27,0.00,7.6,4.998,4.998,4.998,4.998,204
2022-02-08 15:17:22,5.0,6.4,246,0.0,0.0,0,0.0,0.0,0,120933.00,0.00,0.00,293,14.06,4.07,0.00,7.6,4.998,4.998,4.998,4.998,75
2022-02-08 15:18:22,4.1,7.2,319,0.0,0.0,0,0.0,0.0,0,121252.00,0.00,0.00,297,14.06,4.13,0.00,7.6,4.998,4.998,4.998,4.998,226
2022-02-08 15:19:22,5.0,5.6,236,0.0,0.0,0,0.0,0.0,0,121488.00,0.00,0.00,300,14.06,4.17,0.00,7.6,4.998,4.998,4.998,4.998,52
2022-02-08 15:20:22,6.5,6.5,301,0.0,0.0,0,0.0,0.0,0,121789.00,0.00,0.00,264,14.06,3.67,0.00,7.6,4.998,4.998,4.998,4.998,23
2022-02-08 15:21:22,5.7,9.2,344,0.0,0.0,0,0.0,0.0,0,122133.00,0.00,0.00,250,14.10,3.47,0.00,7.1,4.998,4.998,4.998,4.998,64
2022-02-08 15:22:22,3.9,5.7,241,0.0,0.0,0,0.0,0.0,0,122374.00,0.00,0.00,271,14.10,3.76,0.00,7.6,4.998,4.998,4.998,4.998,102
2022-02-08 15:23:22,4.4,6.2,253,0.0,0.0,0,0.0,0.0,0,122627.00,0.00,0.00,296,14.10,4.11,0.00,7.6,4.998,4.998,4.998,4.998,133
2022-02-08 15:24:22,3.2,7.2,357,0.0,0.0,0,0.0,0.0,0,122984.00,0.00,0.00,270,14.06,3.74,0.00,7.6,4.998,4.998,4.998,4.998,181
2022-02-08 15:25:22,5.4,6.0,252,0.0,0.0,0,0.0,0.0,0,123236.00,0.00,0.00,286,14.06,3.97,0.00,7.6,4.998,4.998,4.998,4.998,78
2022-02-08 15:26:22,4.7,7.7,292,0.0,0.0,0,0.0,0.0,0,123528.00,0.00,0.00,245,14.06,3.40,0.00,7.6,4.998,4.998,4.998,4.998,71
2022-02-08 15:27:22,3.1,5.6,230,0.0,0.0,0,0.0,0.0,0,123758.00,0.00,0.00,296,14.10,4.11,0.00,7.6,4.998,4.998,4.998,4.998,14
2022-02-08 15:28:22,3.7,5.1,171,0.0,0.0,0,0.0,0.0,0,123929.00,0.00,0.00,298,14.10,4.14,0.00,7.6,4.998,4.998,4.998,4.998,85
2022-02-08 15:29:22,2.3,4.9,209,0.0,0.0,0,0.0,0.0,0,124138.00,0.00,0.00,259,14.06,3.60,0.00,8.0,4.998,4.998,4.998,4.998,126
2022-02-08 15:30:22,0.0,2.4,15,0.0,0.0,0,0.0,0.0,0,124153.00,0.00,0.00,259,14.06,3.60,0.00,8.5,4.998,4.998,4.998,4.998,187
2022-02-08 15:31:22,0.0,0.0,0,0.0,0.0,0,0.0,0.0,0,124153.00,0.00,0.00,259,14.02,3.60,0.00,8.5,4.998,4.998,4.998,4.998,41
2022-02-08 15:32:22,1.4,3.9,107,0.0,0.0,0,0.0,0.0,0,124260.00,0.00,0.00,259,14.06,3.60,0.00,8.5,4.998,4.998,4.998,4.998,66
2022-02-08 15:33:22,3.2,3.5,56,0.0,0.0,0,0.0,0.0,0,124316.00,0.00,0.00,259,14.10,3.59,0.00,8.5,4.998,4.998,4.998,4.998,148
2022-02-08 15:34:22,2.0,3.2,138,0.0,0.0,0,0.0,0.0,0,124454.00,0.00,0.00,259,14.10,3.60,0.00,8.0,4.998,4.998,4.998,4.998,0
2022-02-08 15:35:22,2.4,3.2,124,0.0,0.0,0,0.0,0.0,0,124578.00,0.00,0.00,259,14.02,3.59,0.00,8.0,4.998,4.998,4.998,4.998,94
2022-02-08 15:36:22,4.5,5.0,177,0.0,0.0,0,0.0,0.0,0,124755.00,0.00,0.00,260,14.10,3.61,0.00,8.0,4.998,4.998,4.998,4.998,205
2022-02-08 15:37:22,0.0,5.4,109,0.0,0.0,0,0.0,0.0,0,124864.00,0.00,0.00,260,14.02,3.62,0.00,8.0,4.998,4.998,4.998,4.998,214
2022-02-08 15:38:22,3.0,3.1,43,0.0,0.0,0,0.0,0.0,0,124907.00,0.00,0.00,260,14.06,3.62,0.00,8.0,4.998,4.998,4.998,4.998,193
2022-02-08 15:39:22,1.9,3.1,129,0.0,0.0,0,0.0,0.0,0,125036.00,0.00,0.00,260,14.06,3.62,0.00,8.0,4.998,4.998,4.998,4.998,108
2022-02-08 15:40:22,1.4,4.5,96,0.0,0.0,0,0.0,0.0,0,125132.00,0.00,0.00,260,14.02,3.62,0.00,8.0,4.998,4.998,4.998,4.998,38
2022-02-08 15:41:22,4.5,6.0,198,0.0,0.0,0,0.0,0.0,0,125330.00,0.00,0.00,263,14.06,3.65,0.00,8.0,4.998,4.998,4.998,4.998,175
2022-02-08 15:42:22,4.2,6.4,286,0.0,0.0,0,0.0,0.0,0,125616.00,0.00,0.00,279,14.06,3.87,0.00,8.0,4.998,4.998,4.998,4.998,106
2022-02-08 15:43:22,3.4,4.9,200,0.0,0.0,0,0.0,0.0,0,125816.00,0.00,0.00,242,14.06,3.36,0.00,8.0,4.998,4.998,4.998,4.998,174
2022-02-08 15:44:22,0.0,4.7,104,0.0,0.0,0,0.0,0.0,0,125920.00,0.00,0.00,251,14.06,3.48,0.00,8.5,4.998,4.998,4.998,4.998,186
2022-02-08 15:45:22,4.2,4.5,154,0.0,0.0,0,0.0,0.0,0,126074.00,0.00,0.00,265,14.02,3.69,0.00,8.5,4.998,4.998,4.998,4.998,63
2022-02-08 15:46:22,3.9,6.7,242,0.0,0.0,0,0.0,0.0,0,126316.00,0.00,0.00,287,14.02,3.99,0.00,9.0,4.998,4.998,4.998,4.998,230
2022-02-08 15:47:22,4.4,6.3,253,0.0,0.0,0,0.0,0.0,0,126569.00,0.00,0.00,306,14.06,4.25,0.00,8.5,4.998,4.998,4.998,4.998,61
2022-02-08 15:48:22,3.7,4.2,183,0.0,0.0,0,0.0,0.0,0,126752.00,0.00,0.00,275,14.02,3.82,0.00,8.5,4.998,4.998,4.998,4.998,5
2022-02-08 15:49:22,3.4,6.1,235,0.0,0.0,0,0.0,0.0,0,126987.00,0.00,0.00,309,14.06,4.29,0.00,9.0,4.998,4.998,4.998,4.998,117
2022-02-08 15:50:22,3.5,6.5,232,0.0,0.0,0,0.0,0.0,0,127219.00,0.00,0.00,284,14.06,3.94,0.00,8.5,4.998,4.998,4.998,4.998,191
2022-02-08 15:51:22,1.7,4.4,140,0.0,0.0,0,0.0,0.0,0,127359.00,0.00,0.00,284,14.02,3.94,0.00,9.0,4.998,4.998,4.998,4.998,189
2022-02-08 15:52:22,2.6,3.5,126,0.0,0.0,0,0.0,0.0,0,127485.00,0.00,0.00,284,14.06,3.95,0.00,9.0,4.998,4.998,4.998,4.998,239
2022-02-08 15:53:22,1.8,5.7,217,0.0,0.0,0,0.0,0.0,0,127702.00,0.00,0.00,291,14.02,4.05,0.00,8.5,4.998,4.998,4.998,4.998,121
2022-02-08 15:54:22,0.0,4.6,121,0.0,0.0,0,0.0,0.0,0,127823.00,0.00,0.00,271,14.06,3.77,0.00,9.0,4.998,4.998,4.998,4.998,48
2022-02-08 15:55:22,1.6,4.6,48,0.0,0.0,0,0.0,0.0,0,127871.00,0.00,0.00,315,14.02,4.37,0.00,9.0,4.998,4.998,4.998,4.998,87
2022-02-08 15:56:22,3.1,5.0,187,0.0,0.0,0,0.0,0.0,0,128058.00,0.00,0.00,308,14.06,4.28,0.00,9.0,4.998,4.998,4.998,4.998,239
2022-02-08 15:57:22,2.2,3.8,135,0.0,0.0,0,0.0,0.0,0,128193.00,0.00,0.00,308,14.06,4.28,0.00,8.5,4.998,4.998,4.998,4.998,104
2022-02-08 15:58:22,1.9,2.4,63,0.0,0.0,0,0.0,0.0,0,128256.00,0.00,0.00,308,14.06,4.28,0.00,9.0,4.998,4.998,4.998,4.998,88
2022-02-08 15:59:22,1.5,2.5,78,0.0,0.0,0,0.0,0.0,0,128334.00,0.00,0.00,309,14.06,4.29,0.00,9.0,4.998,4.998,4.998,4.998,25
2022-02-08 16:00:22,4.1,4.5,142,0.0,0.0,0,0.0,0.0,0,128476.00,0.00,0.00,220,14.06,3.05,0.00,8.5,4.998,4.998,4.998,4.998,234
2022-02-08 16:01:22,2.1,5.2,149,0.0,0.0,0,0.0,0.0,0,128625.00,0.00,0.00,219,14.02,3.05,0.00,8.5,4.998,4.998,4.998,4.998,112
2022-02-08 16:02:22,1.7,4.5,150,0.0,0.0,0,0.0,0.0,0,128775.00,0.00,0.00,268,14.06,3.73,0.00,9.0,4.998,4.998,4.998,4.998,202
2022-02-08 16:03:22,4.3,4.5,81,0.0,0.0,0,0.0,0.0,0,128856.00,0.00,0.00,168,14.06,2.33,0.00,8.5,4.998,4.998,4.998,4.998,93
2022-02-08 16:04:22,7.6,12.1,495,0.0,0.0,0,0.0,0.0,0,129351.00,0.00,0.00,203,14.06,2.83,0.00,9.0,4.998,4.998,4.998,4.998,87
2022-02-08 16:05:22,5.6,10.8,446,0.0,0.0,0,0.0,0.0,0,129797.00,0.00,0.00,240,14.02,3.33,0.00,8.5,4.998,4.998,4.998,4.998,191
2022-02-08 16:06:22,0.0,5.8,91,0.0,0.0,0,0.0,0.0,0,129888.00,0.00,0.00,243,14.10,3.37,0.00,8.5,4.998,4.998,4.998,4.998,14
2022-02-08 16:07:22,3.3,3.5,50,0.0,0.0,0,0.0,0.0,0,129938.00,0.00,0.00,251,14.06,3.48,0.00,8.5,4.998,4.998,4.998,4.998,15
2022-02-08 16:08:22,2.9,5.2,202,0.0,0.0,0,0.0,0.0,0,130140.00,0.00,0.00,248,14.02,3.45,0.00,9.0,4.998,4.998,4.998,4.998,189
2022-02-08 16:09:22,3.1,3.5,66,0.0,0.0,0,0.0,0.0,0,130206.00,0.00,0.00,248,14.06,3.45,0.00,9.0,4.998,4.998,4.998,4.998,92
2022-02-08 16:10:22,11.0,13.3,431,0.0,0.0,0,0.0,0.0,0,130637.00,0.00,0.00,229,14.06,3.18,0.00,8.5,4.998,4.998,4.998,4.998,246
2022-02-08 16:11:22,7.6,12.7,502,0.0,0.0,0,0.0,0.0,0,131139.00,0.00,0.00,197,14.06,2.74,0.00,8.5,4.998,4.998,4.998,4.998,229
2022-02-08 16:12:22,7.1,10.9,449,0.0,0.0,0,0.0,0.0,0,131588.00,0.00,0.00,238,14.02,3.31,0.00,8.5,4.998,4.998,4.998,4.998,247
2022-02-08 16:13:22,6.4,7.9,337,0.0,0.0,0,0.0,0.0,0,131925.00,0.00,0.00,220,14.06,3.06,0.00,8.5,4.998,4.998,4.998,4.998,35
2022-02-08 16:14:22,5.5,9.8,388,0.0,0.0,0,0.0,0.0,0,132313.00,0.00,0.00,237,14.06,3.30,0.00,8.5,4.998,4.998,4.998,4.998,238
2022-02-08 16:15:22,5.1,6.7,275,0.0,0.0,0,0.0,0.0,0,132588.00,0.00,0.00,243,14.06,3.38,0.00,8.5,4.998,4.998,4.998,4.998,9
2022-02-08 16:16:22,5.3,10.4,446,0.0,0.0,0,0.0,0.0,0,133034.00,0.00,0.00,228,14.02,3.17,0.00,8.5,4.998,4.998,4.998,4.998,107
2022-02-08 16:17:22,5.4,10.9,435,0.0,0.0,0,0.0,0.0,0,133469.00,0.00,0.00,208,14.06,2.89,0.00,8.5,4.998,4.998,4.998,4.998,229
2022-02-08 16:18:22,7.7,8.0,350,0.0,0.0,0,0.0,0.0,0,133819.00,0.00,0.00,242,14.02,3.36,0.00,8.5,4.998,4.998,4.998,4.998,141
2022-02-08 16:19:22,7.1,8.3,405,0.0,0.0,0,0.0,0.0,0,134224.00,0.00,0.00,240,14.06,3.33,0.00,8.0,4.998,4.998,4.998,4.998,235
2022-02-08 16:20:22,6.8,9.4,381,0.0,0.0,0,0.0,0.0,0,134605.00,0.00,0.00,252,14.02,3.51,0.00,8.0,4.998,4.998,4.998,4.998,74
2022-02-08 16:21:22,2.5,8.0,321,0.0,0.0,0,0.0,0.0,0,134926.00,0.00,0.00,233,14.06,3.23,0.00,8.5,4.998,4.998,4.998,4.998,128
2022-02-08 16:22:22,6.9,9.7,433,0.0,0.0,0,0.0,0.0,0,135359.00,0.00,0.00,235,14.02,3.27,0.00,8.5,4.998,4.998,4.998,4.998,239
2022-02-08 16:23:22,4.0,7.2,272,0.0,0.0,0,0.0,0.0,0,135631.00,0.00,0.00,254,14.02,3.54,0.00,8.5,4.998,4.998,4.998,4.998,155
2022-02-08 16:24:22,2.5,7.2,298,0.0,0.0,0,0.0,0.0,0,135929.00,0.00,0.00,251,14.02,3.48,0.00,8.0,4.998,4.998,4.998,4.998,136
2022-02-08 16:25:22,4.2,6.1,187,0.0,0.0,0,0.0,0.0,0,136116.00,0.00,0.00,267,14.06,3.71,0.00,8.0,4.998,4.998,4.998,4.998,10
2022-02-08 16:26:22,7.7,10.5,463,0.0,0.0,0,0.0,0.0,0,136579.00,0.00,0.00,267,14.06,3.72,0.00,8.0,4.998,4.998,4.998,4.998,41
2022-02-08 16:27:22,4.2,7.7,307,0.0,0.0,0,0.0,0.0,0,136886.00,0.00,0.00,250,14.02,3.47,0.00,8.0,4.998,4.998,4.998,4.998,159
2022-02-08 16:28:22,5.7,6.7,245,0.0,0.0,0,0.0,0.0,0,137131.00,0.00,0.00,269,14.06,3.74,0.00,8.0,4.998,4.998,4.998,4.998,186
2022-02-08 16:29:22,7.9,9.6,417,0.0,0.0,0,0.0,0.0,0,137548.00,0.00,0.00,240,14.06,3.33,0.00,8.0,4.998,4.998,4.998,4.998,186
2022-02-08 16:30:22,7.4,8.8,390,0.0,0.0,0,0.0,0.0,0,137938.00,0.00,0.00,275,14.06,3.82,0.00,8.0,4.998,4.998,4.998,4.998,73
2022-02-08 16:31:22,6.6,8.8,405,0.0,0.0,0,0.0,0.0,0,138343.00,0.00,0.00,271,14.06,3.76,0.00,8.0,4.998,4.998,4.998,4.998,162
2022-02-08 16:32:22,6.3,8.3,360,0.0,0.0,0,0.0,0.0,0,138703.00,0.00,0.00,286,14.06,3.97,0.00,8.0,4.998,4.998,4.998,4.998,198
2022-02-08 16:33:22,3.2,6.3,287,0.0,0.0,0,0.0,0.0,0,138990.00,0.00,0.00,274,14.06,3.81,0.00,8.0,4.998,4.998,4.998,4.998,203
2022-02-08 16:34:22,7.3,7.7,251,0.0,0.0,0,0.0,0.0,0,139241.00,0.00,0.00,279,14.06,3.87,0.00,8.0,4.998,4.998,4.998,4.998,238
2022-02-08 16:35:22,4.7,7.3,314,0.0,0.0,0,0.0,0.0,0,139555.00,0.00,0.00,254,14.06,3.53,0.00,8.0,4.998,4.998,4.998,4.998,34
2022-02-08 16:36:22,5.3,6.1,259,0.0,0.0,0,0.0,0.0,0,139814.00,0.00,0.00,289,14.02,4.02,0.00,8.0,4.998,4.998,4.998,4.998,128
2022-02-08 16:37:22,2.6,5.5,206,0.0,0.0,0,0.0,0.0,0,140020.00,0.00,0.00,289,14.06,4.01,0.00,7.6,4.998,4.998,4.998,4.998,114
2022-02-08 16:38:22,4.1,4.2,146,0.0,0.0,0,0.0,0.0,0,140166.00,0.00,0.00,289,14.02,4.01,0.00,7.6,4.998,4.998,4.998,4.998,162
2022-02-08 16:39:22,5.4,6.7,265,0.0,0.0,0,0.0,0.0,0,140431.00,0.00,0.00,225,14.06,3.12,0.00,8.0,4.998,4.998,4.998,4.998,16
2022-02-08 16:40:22,3.4,7.9,274,0.0,0.0,0,0.0,0.0,0,140705.00,0.00,0.00,273,14.06,3.79,0.00,7.6,4.998,4.998,4.998,4.998,249
2022-02-08 16:41:22,4.2,4.9,231,0.0,0.0,0,0.0,0.0,0,140936.00,0.00,0.00,288,14.02,4.01,0.00,7.6,4.998,4.998,4.998,4.998,25
2022-02-08 16:42:22,4.9,7.1,257,0.0,0.0,0,0.0,0.0,0,141193.00,0.00,0.00,316,14.06,4.38,0.00,7.6,4.998,4.998,4.998,4.998,23
2022-02-08 16:43:22,3.6,6.7,260,0.0,0.0,0,0.0,0.0,0,141453.00,0.00,0.00,282,14.10,3.92,0.00,7.6,4.998,4.998,4.998,4.998,202
2022-02-08 16:44:22,4.1,6.9,218,0.0,0.0,0,0.0,0.0,0,141671.00,0.00,0.00,286,14.02,3.97,0.00,7.6,4.998,4.998,4.998,4.998,10
2022-02-08 16:45:22,4.4,6.3,255,0.0,0.0,0,0.0,0.0,0,141926.00,0.00,0.00,273,14.06,3.80,0.00,7.6,4.998,4.998,4.998,4.998,157
2022-02-08 16:46:22,3.5,5.9,268,0.0,0.0,0,0.0,0.0,0,142194.00,0.00,0.00,271,14.06,3.76,0.00,7.6,4.998,4.998,4.998,4.998,34
2022-02-08 16:47:22,2.3,6.0,206,0.0,0.0,0,0.0,0.0,0,142400.00,0.00,0.00,261,14.06,3.63,0.00,7.6,4.998,4.998,4.998,4.998,147
2022-02-08 16:48:22,4.9,6.4,270,0.0,0.0,0,0.0,0.0,0,142670.00,0.00,0.00,271,14.06,3.77,0.00,8.0,4.998,4.998,4.998,4.998,44
2022-02-08 16:49:22,4.9,5.5,213,0.0,0.0,0,0.0,0.0,0,142883.00,0.00,0.00,272,14.06,3.78,0.00,8.0,4.998,4.998,4.998,4.998,149
2022-02-08 16:50:22,3.9,5.7,230,0.0,0.0,0,0.0,0.0,0,143113.00,0.00,0.00,257,14.10,3.57,0.00,8.0,4.998,4.998,4.998,4.998,142
2022-02-08 16:51:22,3.8,7.0,283,0.0,0.0,0,0.0,0.0,0,143396.00,0.00,0.00,256,14.10,3.55,0.00,8.0,4.998,4.998,4.998,4.998,244
2022-02-08 16:52:22,5.8,7.7,278,0.0,0.0,0,0.0,0.0,0,143674.00,0.00,0.00,298,14.06,4.14,0.00,8.0,4.998,4.998,4.998,4.998,113
2022-02-08 16:53:22,5.0,6.9,323,0.0,0.0,0,0.0,0.0,0,143997.00,0.00,0.00,263,14.02,3.66,0.00,8.0,4.998,4.998,4.998,4.998,198
2022-02-08 16:54:22,5.0,5.5,216,0.0,0.0,0,0.0,0.0,0,144213.00,0.00,0.00,259,14.06,3.60,0.00,7.6,4.998,4.998,4.998,4.998,161
2022-02-08 16:55:22,4.4,7.3,292,0.0,0.0,0,0.0,0.0,0,144505.00,0.00,0.00,247,14.10,3.44,0.00,7.6,4.998,4.998,4.998,4.998,72
2022-02-08 16:56:22,5.3,7.3,317,0.0,0.0,0,0.0,0.0,0,144822.00,0.00,0.00,257,14.06,3.57,0.00,7.6,4.998,4.998,4.998,4.998,92
2022-02-08 16:57:22,2.7,6.2,238,0.0,0.0,0,0.0,0.0,0,145060.00,0.00,0.00,253,14.10,3.52,0.00,7.6,4.998,4.998,4.998,4.998,55
2022-02-08 16:58:22,4.0,6.4,248,0.0,0.0,0,0.0,0.0,0,145308.00,0.00,0.00,251,14.10,3.49,0.00,7.6,4.998,4.998,4.998,4.998,236
2022-02-08 16:59:22,3.2,5.7,193,0.0,0.0,0,0.0,0.0,0,145501.00,0.00,0.00,270,14.10,3.74,0.00,7.6,4.998,4.998,4.998,4.998,151
2022-02-08 17:00:22,5.7,6.0,252,0.0,0.0,0,0.0,0.0,0,145753.00,0.00,0.00,248,14.10,3.45,0.00,7.6,4.998,4.998,4.998,4.998,222
2022-02-08 17:01:22,4.4,6.0,239,0.0,0.0,0,0.0,0.0,0,145992.00,0.00,0.00,256,14.10,3.55,0.00,7.6,4.998,4.998,4.998,4.998,255
2022-02-08 17:02:22,4.1,6.3,257,0.0,0.0,0,0.0,0.0,0,146249.00,0.00,0.00,217,14.10,3.02,0.00,7.6,4.998,4.998,4.998,4.998,176
2022-02-08 17:03:22,5.6,6.6,296,0.0,0.0,0,0.0,0.0,0,146545.00,0.00,0.00,278,14.10,3.87,0.00,7.6,4.998,4.998,4.998,4.998,179
2022-02-08 17:04:22,2.5,6.1,241,0.0,0.0,0,0.0,0.0,0,146786.00,0.00,0.00,282,14.10,3.92,0.00,7.6,4.998,4.998,4.998,4.998,139
2022-02-08 17:05:22,4.1,9.5,356,0.0,0.0,0,0.0,0.0,0,147142.00,0.00,0.00,249,14.10,3.46,0.00,7.6,4.998,4.998,4.998,4.998,203
2022-02-08 17:06:22,3.8,4.9,202,0.0,0.0,0,0.0,0.0,0,147344.00,0.00,0.00,231,14.10,3.21,0.00,7.1,4.998,4.998,4.998,4.998,102
2022-02-08 17:07:22,6.3,7.4,297,0.0,0.0,0,0.0,0.0,0,147641.00,0.00,0.00,251,14.10,3.48,0.00,7.6,4.998,4.998,4.998,4.998,116
2022-02-08 17:08:22,6.3,7.8,316,0.0,0.0,0,0.0,0.0,0,147957.00,0.00,0.00,258,14.10,3.58,0.00,7.6,4.998,4.998,4.998,4.998,214
2022-02-08 17:09:22,3.4,6.4,228,0.0,0.0,0,0.0,0.0,0,148185.00,0.00,0.00,253,14.10,3.52,0.00,7.1,4.998,4.998,4.998,4.998,248
2022-02-08 17:10:22,1.6,3.3,101,0.0,0.0,0,0.0,0.0,0,148286.00,0.00,0.00,253,14.10,3.52,0.00,6.6,4.998,4.998,4.998,4.998,43
2022-02-08 17:11:22,7.8,8.7,309,0.0,0.0,0,0.0,0.0,0,148595.00,0.00,0.00,243,14.10,3.38,0.00,7.1,4.998,4.998,4.998,4.998,146
2022-02-08 17:12:22,4.2,9.4,385,0.0,0.0,0,0.0,0.0,0,148980.00,0.00,0.00,235,14.10,3.27,0.00,7.1,4.998,4.998,4.998,4.998,36
2022-02-08 17:13:22,4.0,6.3,306,0.0,0.0,0,0.0,0.0,0,149286.00,0.00,0.00,255,14.10,3.55,0.00,7.1,4.998,4.998,4.998,4.998,57
2022-02-08 17:14:22,4.7,5.7,246,0.0,0.0,0,0.0,0.0,0,149532.00,0.00,0.00,244,14.10,3.39,0.00,6.6,4.998,4.998,4.998,4.998,226
2022-02-08 17:15:22,5.2,7.2,294,0.0,0.0,0,0.0,0.0,0,149826.00,0.00,0.00,255,14.10,3.54,0.00,7.1,4.998,4.998,4.998,4.998,179
2022-02-08 17:16:22,3.5,6.5,269,0.0,0.0,0,0.0,0.0,0,150095.00,0.00,0.00,239,14.10,3.32,0.00,7.1,4.998,4.998,4.998,4.998,77
2022-02-08 17:17:22,1.9,5.4,205,0.0,0.0,0,0.0,0.0,0,150300.00,0.00,0.00,228,14.10,3.17,0.00,7.1,4.998,4.998,4.998,4.998,119
2022-02-08 17:18:22,0.0,2.8,73,0.0,0.0,0,0.0,0.0,0,150373.00,0.00,0.00,228,14.06,3.17,0.00,7.1,4.998,4.998,4.998,4.998,96
2022-02-08 17:19:22,5.3,6.1,261,0.0,0.0,0,0.0,0.0,0,150634.00,0.00,0.00,229,14.10,3.19,0.00,6.6,4.998,4.998,4.998,4.998,187
2022-02-08 17:20:22,4.7,6.0,271,0.0,0.0,0,0.0,0.0,0,150905.00,0.00,0.00,255,14.06,3.54,0.00,6.6,4.998,4.998,4.998,4.998,22
2022-02-08 17:21:22,6.2,8.0,332,0.0,0.0,0,0.0,0.0,0,151237.00,0.00,0.00,244,14.06,3.39,0.00,7.1,4.998,4.998,4.998,4.998,39
2022-02-08 17:22:22,4.3,9.2,320,0.0,0.0,0,0.0,0.0,0,151557.00,0.00,0.00,226,13.98,3.13,0.00,7.1,4.998,4.998,4.998,4.998,103
2022-02-08 17:23:22,5.7,8.9,362,0.0,0.0,0,0.0,0.0,0,151919.00,0.00,0.00,257,13.94,3.57,0.00,7.1,4.998,4.998,4.998,4.998,195
2022-02-08 17:24:22,3.1,5.8,212,0.0,0.0,0,0.0,0.0,0,152131.00,0.00,0.00,252,13.86,3.50,0.00,7.1,4.998,4.998,4.998,4.998,121
2022-02-08 17:25:22,2.3,3.3,103,0.0,0.0,0,0.0,0.0,0,152234.00,0.00,0.00,252,13.82,3.50,0.00,7.1,4.998,4.998,4.998,4.998,17
2022-02-08 17:26:22,0.0,3.0,111,0.0,0.0,0,0.0,0.0,0,152345.00,0.00,0.00,252,13.78,3.50,0.00,7.1,4.998,4.998,4.998,4.998,238
2022-02-08 17:27:22,0.0,2.6,56,0.0,0.0,0,0.0,0.0,0,152401.00,0.00,0.00,252,13.74,3.50,0.00,7.1,4.998,4.998,4.998,4.998,154
2022-02-08 17:28:22,2.3,2.3,15,0.0,0.0,0,0.0,0.0,0,152416.00,0.00,0.00,251,13.74,3.49,0.00,7.1,4.998,4.998,4.998,4.998,173
2022-02-08 17:29:22,3.2,3.6,151,0.0,0.0,0,0.0,0.0,0,152567.00,0.00,0.00,192,13.74,2.67,0.00,7.1,4.998,4.998,4.998,4.998,190
2022-02-08 17:30:22,1.1,3.7,143,0.0,0.0,0,0.0,0.0,0,152710.00,0.00,0.00,162,13.67,2.25,0.00,6.6,4.998,4.998,4.998,4.998,137
2022-02-08 17:31:22,0.0,1.1,1,0.0,0.0,0,0.0,0.0,0,152711.00,0.00,0.00,162,13.67,2.25,0.00,6.6,4.998,4.998,4.998,4.998,206
2022-02-08 17:32:22,1.3,2.3,29,0.0,0.0,0,0.0,0.0,0,152740.00,0.00,0.00,162,13.67,2.25,0.00,6.6,4.998,4.998,4.998,4.998,80
2022-02-08 17:33:22,0.0,3.0,56,0.0,0.0,0,0.0,0.0,0,152796.00,0.00,0.00,162,13.63,2.25,0.00,6.6,4.998,4.998,4.998,4.998,238
2022-02-08 17:34:22,1.4,2.7,74,0.0,0.0,0,0.0,0.0,0,152870.00,0.00,0.00,162,13.63,2.25,0.00,6.6,4.998,4.998,4.998,4.998,201
2022-02-08 17:35:22,1.7,1.7,11,0.0,0.0,0,0.0,0.0,0,152881.00,0.00,0.00,162,13.63,2.25,0.00,6.6,4.998,4.998,4.998,4.998,30
2022-02-08 17:36:22,1.6,3.0,82,0.0,0.0,0,0.0,0.0,0,152963.00,0.00,0.00,162,13.59,2.25,0.00,6.6,4.998,4.998,4.998,4.998,92
2022-02-08 17:37:22,0.0,1.5,21,0.0,0.0,0,0.0,0.0,0,152984.00,0.00,0.00,162,13.55,2.25,0.00,7.1,4.998,4.998,4.998,4.998,107
2022-02-08 17:38:22,3.0,3.2,40,0.0,0.0,0,0.0,0.0,0,153024.00,0.00,0.00,162,13.55,2.25,0.00,6.6,4.998,4.998,4.998,4.998,122
2022-02-08 17:39:22,4.9,4.9,197,0.0,0.0,0,0.0,0.0,0,153221.00,0.00,0.00,172,13.55,2.39,0.00,6.6,4.998,4.998,4.998,4.998,148
2022-02-08 17:40:22,4.8,5.0,224,0.0,0.0,0,0.0,0.0,0,153445.00,0.00,0.00,171,13.51,2.37,0.00,7.1,4.998,4.998,4.998,4.998,250
2022-02-08 17:41:22,3.8,6.2,269,0.0,0.0,0,0.0,0.0,0,153714.00,0.00,0.00,195,13.51,2.71,0.00,7.1,4.998,4.998,4.998,4.998,64
2022-02-08 17:42:22,3.4,4.3,163,0.0,0.0,0,0.0,0.0,0,153877.00,0.00,0.00,198,13.47,2.75,0.00,6.6,4.998,4.998,4.998,4.998,43
2022-02-08 17:43:22,1.8,3.3,109,0.0,0.0,0,0.0,0.0,0,153986.00,0.00,0.00,198,13.47,2.75,0.00,6.6,4.998,4.998,4.998,4.998,131
2022-02-08 17:44:22,1.9,2.7,21,0.0,0.0,0,0.0,0.0,0,154007.00,0.00,0.00,198,13.47,2.75,0.00,6.6,4.998,4.998,4.998,4.998,1
2022-02-08 17:45:22,0.0,1.7,5,0.0,0.0,0,0.0,0.0,0,154012.00,0.00,0.00,198,13.43,2.75,0.00,6.6,4.998,4.998,4.998,4.998,140
2022-02-08 17:46:22,2.0,2.4,28,0.0,0.0,0,0.0,0.0,0,154040.00,0.00,0.00,198,13.43,2.75,0.00,6.6,4.998,4.998,4.998,4.998,87
2022-02-08 17:47:22,0.0,3.0,57,0.0,0.0,0,0.0,0.0,0,154097.00,0.00,0.00,198,13.39,2.75,0.00,6.6,4.998,4.998,4.998,4.998,214
2022-02-08 17:48:22,0.0,1.2,4,0.0,0.0,0,0.0,0.0,0,154101.00,0.00,0.00,198,13.39,2.75,0.00,6.6,4.998,4.998,4.998,4.998,54
2022-02-08 17:49:22,1.8,1.9,26,0.0,0.0,0,0.0,0.0,0,154127.00,0.00,0.00,198,13.35,2.75,0.00,6.6,4.998,4.998,4.998,4.998,42
2022-02-08 17:50:22,1.0,2.3,64,0.0,0.0,0,0.0,0.0,0,154191.00,0.00,0.00,198,13.35,2.75,0.00,6.6,4.998,4.998,4.998,4.998,141
2022-02-08 17:51:22,0.8,2.5,75,0.0,0.0,0,0.0,0.0,0,154266.00,0.00,0.00,198,13.35,2.75,0.00,6.6,4.998,4.998,4.998,4.998,39
2022-02-08 17:52:22,0.0,2.1,59,0.0,0.0,0,0.0,0.0,0,154325.00,0.00,0.00,198,13.32,2.75,0.00,6.6,4.998,4.998,4.998,4.998,222
2022-02-08 17:53:22,0.0,0.0,0,0.0,0.0,0,0.0,0.0,0,154325.00,0.00,0.00,198,13.32,2.75,0.00,6.6,4.998,4.998,4.998,4.998,200
2022-02-08 17:54:22,0.0,1.2,3,0.0,0.0,0,0.0,0.0,0,154328.00,0.00,0.00,198,13.32,2.75,0.00,6.1,4.998,4.998,4.998,4.998,78
2022-02-08 17:55:22,1.4,2.7,77,0.0,0.0,0,0.0,0.0,0,154405.00,0.00,0.00,198,13.32,2.75,0.00,6.6,4.998,4.998,4.998,4.998,182
2022-02-08 17:56:22,0.0,1.0,2,0.0,0.0,0,0.0,0.0,0,154407.00,0.00,0.00,198,13.32,2.75,0.00,6.1,4.998,4.998,4.998,4.998,158
2022-02-08 17:57:22,0.0,0.0,0,0.0,0.0,0,0.0,0.0,0,154407.00,0.00,0.00,198,13.28,2.75,0.00,6.6,4.998,4.998,4.998,4.998,99
2022-02-08 17:58:22,0.0,0.0,0,0.0,0.0,0,0.0,0.0,0,154407.00,0.00,0.00,198,13.28,2.75,0.00,6.6,4.998,4.998,4.998,4.998,23
2022-02-08 17:59:22,0.0,0.0,0,0.0,0.0,0,0.0,0.0,0,154407.00,0.00,0.00,198,13.24,2.75,0.00,6.1,4.998,4.998,4.998,4.998,238
2022-02-08 18:00:22,0.0,0.0,0,0.0,0.0,0,0.0,0.0,0,154407.00,0.00,0.00,198,13.24,2.75,0.00,6.1,4.998,4.998,4.998,4.998,189
2022-02-08 18:01:22,0.0,0.0,0,0.0,0.0,0,0.0,0.0,0,154407.00,0.00,0.00,198,13.24,2.75,0.00,6.1,4.998,4.998,4.998,4.998,196
2022-02-08 18:02:22,0.0,0.0,0,0.0,0.0,0,0.0,0.0,0,154407.00,0.00,0.00,198,13.24,2.75,0.00,6.1,4.998,4.998,4.998,4.998,2
2022-02-08 18:03:22,0.0,0.0,0,0.0,0.0,0,0.0,0.0,0,154407.00,0.00,0.00,198,13.24,2.75,0.00,6.1,4.998,4.998,4.998,4.998,123
2022-02-08 18:04:22,0.0,0.0,0,0.0,0.0,0,0.0,0.0,0,154407.00,0.00,0.00,198,13.20,2.75,0.00,6.1,4.998,4.998,4.998,4.998,45
2022-02-08 18:05:22,0.0,0.0,0,0.0,0.0,0,0.0,0.0,0,154407.00,0.00,0.00,198,13.20,2.75,0.00,5.6,4.998,4.998,4.998,4.998,23
2022-02-08 18:06:22,0.0,0.0,0,0.0,0.0,0,0.0,0.0,0,154407.00,0.00,0.00,198,13.20,2.75,0.00,5.6,4.998,4.998,4.998,4.998,209
2022-02-08 18:07:22,0.0,0.0,0,0.0,0.0,0,0.0,0.0,0,154407.00,0.00,0.00,198,13.20,2.75,0.00,5.6,4.998,4.998,4.998,4.998,168
2022-02-08 18:08:22,0.0,0.0,0,0.0,0.0,0,0.0,0.0,0,154407.00,0.00,0.00,198,13.20,2.75,0.00,5.6,4.998,4.998,4.998,4.998,220
2022-02-08 18:09:22,0.0,0.0,0,0.0,0.0,0,0.0,0.0,0,154407.00,0.00,0.00,198,13.16,2.75,0.00,5.6,4.998,4.998,4.998,4.998,72
2022-02-08 18:10:22,0.0,0.0,1,0.0,0.0,0,0.0,0.0,0,154408.00,0.00,0.00,198,13.16,2.75,0.00,5.1,4.998,4.998,4.998,4.998,217
2022-02-08 18:11:22,0.0,2.6,56,0.0,0.0,0,0.0,0.0,0,154464.00,0.00,0.00,198,13.16,2.75,0.00,4.6,4.998,4.998,4.998,4.998,225
2022-02-08 18:12:22,0.0,0.0,1,0.0,0.0,0,0.0,0.0,0,154465.00,0.00,0.00,198,13.16,2.75,0.00,5.1,4.998,4.998,4.998,4.998,81
2022-02-08 18:13:22,0.0,0.0,0,0.0,0.0,0,0.0,0.0,0,154465.00,0.00,0.00,198,13.16,2.75,0.00,4.6,4.998,4.998,4.998,4.998,94
2022-02-08 18:14:22,0.0,0.0,0,0.0,0.0,0,0.0,0.0,0,154465.00,0.00,0.00,198,13.12,2.75,0.00,5.1,4.998,4.998,4.998,4.998,44
2022-02-08 18:15:22,0.0,0.0,0,0.0,0.0,0,0.0,0.0,0,154465.00,0.00,0.00,198,13.12,2.75,0.00,5.1,4.998,4.998,4.998,4.998,85
2022-02-08 18:16:22,0.0,0.0,0,0.0,0.0,0,0.0,0.0,0,154465.00,0.00,0.00,198,13.12,2.75,0.00,4.6,4.998,4.998,4.998,4.998,183
2022-02-08 18:17:22,0.0,0.0,0,0.0,0.0,0,0.0,0.0,0,154465.00,0.00,0.00,198,13.12,2.75,0.00,5.1,4.998,4.998,4.998,4.998,234
2022-02-08 18:18:22,0.0,0.0,0,0.0,0.0,0,0.0,0.0,0,154465.00,0.00,0.00,198,13.12,2.75,0.00,4.6,4.998,4.998,4.998,4.998,186
2022-02-08 18:19:22,0.0,0.0,0,0.0,0.0,0,0.0,0.0,0,154465.00,0.00,0.00,198,13.12,2.75,0.00,4.6,4.998,4.998,4.998,4.998,195
2022-02-08 18:20:22,3.0,4.4,135,0.0,0.0,0,0.0,0.0,0,154600.00,0.00,0.00,197,13.12,2.74,0.00,5.1,4.998,4.998,4.998,4.998,182
2022-02-08 18:21:22,1.2,3.4,124,0.0,0.0,0,0.0,0.0,0,154724.00,0.00,0.00,197,13.08,2.74,0.00,5.1,4.998,4.998,4.998,4.998,158
2022-02-08 18:22:22,1.7,2.5,38,0.0,0.0,0,0.0,0.0,0,154762.00,0.00,0.00,197,13.12,2.74,0.00,5.1,4.998,4.998,4.998,4.998,247
2022-02-08 18:23:22,2.5,2.6,44,0.0,0.0,0,0.0,0.0,0,154806.00,0.00,0.00,197,13.08,2.74,0.00,4.6,4.998,4.998,4.998,4.998,12
2022-02-08 18:24:22,2.2,3.4,131,0.0,0.0,0,0.0,0.0,0,154937.00,0.00,0.00,197,13.08,2.74,0.00,4.6,4.998,4.998,4.998,4.998,207
2022-02-08 18:25:22,0.0,2.2,14,0.0,0.0,0,0.0,0.0,0,154951.00,0.00,0.00,197,13.08,2.73,0.00,4.1,4.998,4.998,4.998,4.998,29
2022-02-08 18:26:22,0.0,0.0,0,0.0,0.0,0,0.0,0.0,0,154951.00,0.00,0.00,197,13.08,2.73,0.00,4.1,4.998,4.998,4.998,4.998,126
2022-02-08 18:27:22,0.0,0.0,0,0.0,0.0,0,0.0,0.0,0,154951.00,0.00,0.00,197,13.08,2.73,0.00,4.1,4.998,4.998,4.998,4.998,7
2022-02-08 18:28:22,0.0,0.0,0,0.0,0.0,0,0.0,0.0,0,154951.00,0.00,0.00,197,13.08,2.74,0.00,4.1,4.998,4.998,4.998,4.998,238
2022-02-08 18:29:22,0.0,0.0,0,0.0,0.0,0,0.0,0.0,0,154951.00,0.00,0.00,197,13.08,2.74,0.00,4.1,4.998,4.998,4.998,4.998,151
2022-02-08 18:30:22,0.0,0.0,0,0.0,0.0,0,0.0,0.0,0,154951.00,0.00,0.00,197,13.08,2.74,0.00,4.1,4.998,4.998,4.998,4.998,147
2022-02-08 18:31:22,2.6,4.9,102,0.0,0.0,0,0.0,0.0,0,155053.00,0.00,0.00,182,13.08,2.53,0.00,4.6,4.998,4.998,4.998,4.998,19
2022-02-08 18:32:22,2.0,2.7,55,0.0,0.0,0,0.0,0.0,0,155108.00,0.00,0.00,182,13.08,2.53,0.00,4.6,4.998,4.998,4.998,4.998,89
2022-02-08 18:33:22,0.0,2.0,32,0.0,0.0,0,0.0,0.0,0,155140.00,0.00,0.00,182,13.08,2.53,0.00,4.1,4.998,4.998,4.998,4.998,91
2022-02-08 18:34:22,2.6,2.7,12,0.0,0.0,0,0.0,0.0,0,155152.00,0.00,0.00,182,13.08,2.53,0.00,4.1,4.998,4.998,4.998,4.998,134
2022-02-08 18:35:22,2.6,2.8,127,0.0,0.0,0,0.0,0.0,0,155279.00,0.00,0.00,182,13.08,2.53,0.00,3.7,4.998,4.998,4.998,4.998,58
2022-02-08 18:36:22,2.1,2.6,117,0.0,0.0,0,0.0,0.0,0,155396.00,0.00,0.00,182,13.08,2.53,0.00,3.7,4.998,4.998,4.998,4.998,235
2022-02-08 18:37:22,1.2,2.3,77,0.0,0.0,0,0.0,0.0,0,155473.00,0.00,0.00,182,13.08,2.53,0.00,3.2,4.998,4.998,4.998,4.998,225
2022-02-08 18:38:22,1.8,1.8,16,0.0,0.0,0,0.0,0.0,0,155489.00,0.00,0.00,182,13.08,2.53,0.00,3.2,4.998,4.998,4.998,4.998,75
2022-02-08 18:39:22,1.2,1.8,63,0.0,0.0,0,0.0,0.0,0,155552.00,0.00,0.00,182,13.08,2.53,0.00,3.2,4.998,4.998,4.998,4.998,213
2022-02-08 18:40:22,0.0,0.0,0,0.0,0.0,0,0.0,0.0,0,155552.00,0.00,0.00,182,13.08,2.53,0.00,3.7,4.998,4.998,4.998,4.998,90
2022-02-08 18:41:22,0.0,0.0,0,0.0,0.0,0,0.0,0.0,0,155552.00,0.00,0.00,182,13.08,2.53,0.00,3.7,4.998,4.998,4.998,4.998,35
2022-02-08 18:42:22,0.0,0.0,0,0.0,0.0,0,0.0,0.0,0,155552.00,0.00,0.00,182,13.08,2.53,0.00,3.7,4.998,4.998,4.998,4.998,229
2022-02-08 18:43:22,0.0,0.0,0,0.0,0.0,0,0.0,0.0,0,155552.00,0.00,0.00,182,13.08,2.53,0.00,3.7,4.998,4.998,4.998,4.998,156
2022-02-08 18:44:22,0.0,0.0,0,0.0,0.0,0,0.0,0.0,0,155552.00,0.00,0.00,182,13.08,2.53,0.00,3.7,4.998,4.998,4.998,4.998,134
2022-02-08 18:45:22,0.0,0.0,1,0.0,0.0,0,0.0,0.0,0,155553.00,0.00,0.00,182,13.08,2.53,0.00,4.1,4.998,4.998,4.998,4.998,93
2022-02-08 18:46:22,0.0,0.0,0,0.0,0.0,0,0.0,0.0,0,155553.00,0.00,0.00,182,13.08,2.53,0.00,4.1,4.998,4.998,4.998,4.998,201
2022-02-08 18:47:22,0.0,0.0,0,0.0,0.0,0,0.0,0.0,0,155553.00,0.00,0.00,183,13.08,2.54,0.00,4.6,4.998,4.998,4.998,4.998,144
2022-02-08 18:48:22,0.0,0.0,0,0.0,0.0,0,0.0,0.0,0,155553.00,0.00,0.00,182,13.08,2.53,0.00,4.1,4.998,4.998,4.998,4.998,196
2022-02-08 18:49:22,0.0,0.0,0,0.0,0.0,0,0.0,0.0,0,155553.00,0.00,0.00,183,13.08,2.54,0.00,4.6,4.998,4.998,4.998,4.998,157
2022-02-08 18:50:22,0.0,0.0,0,0.0,0.0,0,0.0,0.0,0,155553.00,0.00,0.00,182,13.08,2.53,0.00,4.1,4.998,4.998,4.998,4.998,185
2022-02-08 18:51:22,0.0,2.5,17,0.0,0.0,0,0.0,0.0,0,155570.00,0.00,0.00,182,13.08,2.53,0.00,3.7,4.998,4.998,4.998,4.998,253
2022-02-08 18:52:22,0.0,0.0,1,0.0,0.0,0,0.0,0.0,0,155571.00,0.00,0.00,182,13.08,2.53,0.00,3.7,4.998,4.998,4.998,4.998,132
2022-02-08 18:53:22,0.0,0.0,2,0.0,0.0,0,0.0,0.0,0,155573.00,0.00,0.00,182,13.08,2.53,0.00,3.7,4.998,4.998,4.998,4.998,154
2022-02-08 18:54:22,0.0,0.0,0,0.0,0.0,0,0.0,0.0,0,155573.00,0.00,0.00,182,13.08,2.53,0.00,3.7,4.998,4.998,4.998,4.998,169
2022-02-08 18:55:22,0.0,0.0,0,0.0,0.0,0,0.0,0.0,0,155573.00,0.00,0.00,183,13.04,2.54,0.00,3.7,4.998,4.998,4.998,4.998,112
2022-02-08 18:56:22,0.0,0.0,0,0.0,0.0,0,0.0,0.0,0,155573.00,0.00,0.00,183,13.04,2.54,0.00,4.1,4.998,4.998,4.998,4.998,126
2022-02-08 18:57:22,1.3,2.4,54,0.0,0.0,0,0.0,0.0,0,155627.00,0.00,0.00,182,13.04,2.53,0.00,4.1,4.998,4.998,4.998,4.998,99
2022-02-08 18:58:22,0.0,1.3,5,0.0,0.0,0,0.0,0.0,0,155632.00,0.00,0.00,183,13.08,2.54,0.00,5.1,4.998,4.998,4.998,4.998,143
2022-02-08 18:59:22,0.0,0.0,0,0.0,0.0,0,0.0,0.0,0,155632.00,0.00,0.00,182,13.04,2.53,0.00,4.6,4.998,4.998,4.998,4.998,167
2022-02-08 19:00:22,0.0,0.0,0,0.0,0.0,0,0.0,0.0,0,155632.00,0.00,0.00,182,13.04,2.53,0.00,4.1,4.998,4.998,4.998,4.998,37
2022-02-08 19:01:22,0.0,0.0,0,0.0,0.0,0,0.0,0.0,0,155632.00,0.00,0.00,183,13.08,2.54,0.00,4.1,4.998,4.998,4.998,4.998,252
2022-02-08 19:02:22,0.0,0.0,0,0.0,0.0,0,0.0,0.0,0,155632.00,0.00,0.00,182,13.08,2.53,0.00,4.1,4.998,4.998,4.998,4.998,240
2022-02-08 19:03:22,0.0,0.0,0,0.0,0.0,0,0.0,0.0,0,155632.00,0.00,0.00,183,13.08,2.54,0.00,3.7,4.998,4.998,4.998,4.998,139
2022-02-08 19:04:22,0.0,0.0,0,0.0,0.0,0,0.0,0.0,0,155632.00,0.00,0.00,182,13.08,2.53,0.00,4.1,4.998,4.998,4.998,4.998,147
2022-02-08 19:05:22,0.0,0.0,0,0.0,0.0,0,0.0,0.0,0,155632.00,0.00,0.00,182,13.04,2.53,0.00,3.7,4.998,4.998,4.998,4.998,72
2022-02-08 19:06:22,0.0,0.0,0,0.0,0.0,0,0.0,0.0,0,155632.00,0.00,0.00,182,13.04,2.53,0.00,3.7,4.998,4.998,4.998,4.998,142
2022-02-08 19:07:22,0.0,0.0,0,0.0,0.0,0,0.0,0.0,0,155632.00,0.00,0.00,183,13.04,2.54,0.00,3.7,4.998,4.998,4.998,4.998,61
2022-02-08 19:08:22,0.0,0.0,0,0.0,0.0,0,0.0,0.0,0,155632.00,0.00,0.00,182,13.08,2.53,0.00,3.7,4.998,4.998,4.998,4.998,233
2022-02-08 19:09:22,0.0,0.0,1,0.0,0.0,0,0.0,0.0,0,155633.00,0.00,0.00,182,13.04,2.53,0.00,4.1,4.998,4.998,4.998,4.998,88
2022-02-08 19:10:22,0.0,0.0,0,0.0,0.0,0,0.0,0.0,0,155633.00,0.00,0.00,182,13.04,2.53,0.00,4.1,4.998,4.998,4.998,4.998,14
2022-02-08 19:11:22,0.0,0.0,0,0.0,0.0,0,0.0,0.0,0,155633.00,0.00,0.00,182,13.04,2.53,0.00,3.7,4.998,4.998,4.998,4.998,191
2022-02-08 19:12:22,0.0,1.5,7,0.0,0.0,0,0.0,0.0,0,155640.00,0.00,0.00,182,13.04,2.53,0.00,3.2,4.998,4.998,4.998,4.998,198
2022-02-08 19:13:22,0.0,0.0,0,0.0,0.0,0,0.0,0.0,0,155640.00,0.00,0.00,183,13.04,2.54,0.00,3.2,4.998,4.998,4.998,4.998,148
2022-02-08 19:14:22,1.2,1.3,5,0.0,0.0,0,0.0,0.0,0,155645.00,0.00,0.00,182,13.04,2.53,0.00,3.7,4.998,4.998,4.998,4.998,55
2022-02-08 19:15:22,0.0,0.0,0,0.0,0.0,0,0.0,0.0,0,155645.00,0.00,0.00,182,13.04,2.53,0.00,3.7,4.998,4.998,4.998,4.998,127
2022-02-08 19:16:22,0.0,0.0,0,0.0,0.0,0,0.0,0.0,0,155645.00,0.00,0.00,182,13.04,2.53,0.00,3.2,4.998,4.998,4.998,4.998,205
2022-02-08 19:17:22,0.0,0.0,0,0.0,0.0,0,0.0,0.0,0,155645.00,0.00,0.00,183,13.04,2.54,0.00,3.7,4.998,4.998,4.998,4.998,10
2022-02-08 19:18:22,0.0,0.0,0,0.0,0.0,0,0.0,0.0,0,155645.00,0.00,0.00,183,13.04,2.54,0.00,3.7,4.998,4.998,4.998,4.998,126
2022-02-08 19:19:22,0.0,0.0,0,0.0,0.0,0,0.0,0.0,0,155645.00,0.00,0.00,183,13.04,2.54,0.00,3.7,4.998,4.998,4.998,4.998,7
2022-02-08 19:20:22,0.0,0.0,0,0.0,0.0,0,0.0,0.0,0,155645.00,0.00,0.00,182,13.04,2.53,0.00,3.7,4.998,4.998,4.998,4.998,67
2022-02-08 19:21:22,0.0,0.0,0,0.0,0.0,0,0.0,0.0,0,155645.00,0.00,0.00,183,13.04,2.54,0.00,3.2,4.998,4.998,4.998,4.998,132
2022-02-08 19:22:22,0.0,0.0,0,0.0,0.0,0,0.0,0.0,0,155645.00,0.00,0.00,182,13.04,2.53,0.00,3.2,4.998,4.998,4.998,4.998,136
2022-02-08 19:23:22,0.0,0.0,0,0.0,0.0,0,0.0,0.0,0,155645.00,0.00,0.00,183,13.04,2.54,0.00,3.2,4.998,4.998,4.998,4.998,59
2022-02-08 19:24:22,0.0,0.0,0,0.0,0.0,0,0.0,0.0,0,155645.00,0.00,0.00,183,13.04,2.54,0.00,3.2,4.998,4.998,4.998,4.998,33
2022-02-08 19:25:22,0.0,0.0,0,0.0,0.0,0,0.0,0.0,0,155645.00,0.00,0.00,182,13.04,2.53,0.00,3.2,4.998,4.998,4.998,4.998,146
2022-02-08 19:26:22,0.0,0.0,0,0.0,0.0,0,0.0,0.0,0,155645.00,0.00,0.00,182,13.04,2.53,0.00,3.2,4.998,4.998,4.998,4.998,84
2022-02-08 19:27:22,0.0,0.0,0,0.0,0.0,0,0.0,0.0,0,155645.00,0.00,0.00,182,13.04,2.53,0.00,2.7,4.998,4.998,4.998,4.998,151
2022-02-08 19:28:22,0.0,0.0,0,0.0,0.0,0,0.0,0.0,0,155645.00,0.00,0.00,182,13.00,2.53,0.00,2.7,4.998,4.998,4.998,4.998,175
2022-02-08 19:29:22,0.0,0.0,0,0.0,0.0,0,0.0,0.0,0,155645.00,0.00,0.00,183,13.04,2.54,0.00,2.7,4.998,4.998,4.998,4.998,80
2022-02-08 19:30:22,0.0,2.0,18,0.0,0.0,0,0.0,0.0,0,155663.00,0.00,0.00,182,13.04,2.53,0.00,2.7,4.998,4.998,4.998,4.998,109
2022-02-08 19:31:22,0.0,0.0,0,0.0,0.0,0,0.0,0.0,0,155663.00,0.00,0.00,182,13.04,2.53,0.00,2.7,4.998,4.998,4.998,4.998,241
2022-02-08 19:32:22,0.0,0.0,0,0.0,0.0,0,0.0,0.0,0,155663.00,0.00,0.00,183,13.04,2.54,0.00,3.2,4.998,4.998,4.998,4.998,71
2022-02-08 19:33:22,0.0,0.0,0,0.0,0.0,0,0.0,0.0,0,155663.00,0.00,0.00,183,13.00,2.54,0.00,2.7,4.998,4.998,4.998,4.998,200
2022-02-08 19:34:22,0.0,0.0,0,0.0,0.0,0,0.0,0.0,0,155663.00,0.00,0.00,182,13.04,2.53,0.00,2.7,4.998,4.998,4.998,4.998,84
2022-02-08 19:35:22,0.0,0.0,1,0.0,0.0,0,0.0,0.0,0,155664.00,0.00,0.00,182,13.04,2.53,0.00,2.7,4.998,4.998,4.998,4.998,85
2022-02-08 19:36:22,0.0,1.9,31,0.0,0.0,0,0.0,0.0,0,155695.00,0.00,0.00,183,13.04,2.54,0.00,3.2,4.998,4.998,4.998,4.998,179
2022-02-08 19:37:22,0.0,0.0,0,0.0,0.0,0,0.0,0.0,0,155695.00,0.00,0.00,182,13.04,2.53,0.00,2.7,4.998,4.998,4.998,4.998,143
2022-02-08 19:38:22,0.0,0.0,0,0.0,0.0,0,0.0,0.0,0,155695.00,0.00,0.00,182,13.04,2.53,0.00,2.7,4.998,4.998,4.998,4.998,251
2022-02-08 19:39:22,0.0,0.0,0,0.0,0.0,0,0.0,0.0,0,155695.00,0.00,0.00,182,13.04,2.53,0.00,3.2,4.998,4.998,4.998,4.998,56
2022-02-08 19:40:22,0.0,1.9,17,0.0,0.0,0,0.0,0.0,0,155712.00,0.00,0.00,182,13.04,2.53,0.00,3.2,4.998,4.998,4.998,4.998,222
2022-02-08 19:41:22,1.3,3.2,88,0.0,0.0,0,0.0,0.0,0,155800.00,0.00,0.00,182,13.04,2.53,0.00,3.2,4.998,4.998,4.998,4.998,96
2022-02-08 19:42:22,1.3,2.3,45,0.0,0.0,0,0.0,0.0,0,155845.00,0.00,0.00,182,13.04,2.53,0.00,3.2,4.998,4.998,4.998,4.998,178
2022-02-08 19:43:22,0.0,1.0,4,0.0,0.0,0,0.0,0.0,0,155849.00,0.00,0.00,182,13.04,2.53,0.00,2.7,4.998,4.998,4.998,4.998,49
2022-02-08 19:44:22,0.0,1.5,8,0.0,0.0,0,0.0,0.0,0,155857.00,0.00,0.00,182,13.00,2.53,0.00,2.2,4.998,4.998,4.998,4.998,118
2022-02-08 19:45:22,0.0,0.0,1,0.0,0.0,0,0.0,0.0,0,155858.00,0.00,0.00,182,13.00,2.53,0.00,2.2,4.998,4.998,4.998,4.998,181
2022-02-08 19:46:22,0.0,0.0,1,0.0,0.0,0,0.0,0.0,0,155859.00,0.00,0.00,183,13.00,2.54,0.00,2.2,4.998,4.998,4.998,4.998,129
2022-02-08 19:47:22,0.0,0.0,0,0.0,0.0,0,0.0,0.0,0,155859.00,0.00,0.00,183,13.00,2.54,0.00,2.2,4.998,4.998,4.998,4.998,170
2022-02-08 19:48:22,0.0,0.0,0,0.0,0.0,0,0.0,0.0,0,155859.00,0.00,0.00,182,13.00,2.53,0.00,2.2,4.998,4.998,4.998,4.998,20
2022-02-08 19:49:22,0.0,0.0,2,0.0,0.0,0,0.0,0.0,0,155861.00,0.00,0.00,182,13.04,2.53,0.00,2.7,4.998,4.998,4.998,4.998,119
2022-02-08 19:50:22,2.4,3.3,48,0.0,0.0,0,0.0,0.0,0,155909.00,0.00,0.00,182,13.00,2.53,0.00,3.2,4.998,4.998,4.998,4.998,36
2022-02-08 19:51:22,1.7,2.2,39,0.0,0.0,0,0.0,0.0,0,155948.00,0.00,0.00,183,13.04,2.54,0.00,3.7,4.998,4.998,4.998,4.998,80
2022-02-08 19:52:22,1.8,2.4,73,0.0,0.0,0,0.0,0.0,0,156021.00,0.00,0.00,182,13.00,2.53,0.00,4.1,4.998,4.998,4.998,4.998,151
2022-02-08 19:53:22,0.0,2.4,60,0.0,0.0,0,0.0,0.0,0,156081.00,0.00,0.00,183,13.00,2.54,0.00,4.1,4.998,4.998,4.998,4.998,148
2022-02-08 19:54:22,2.5,3.4,88,0.0,0.0,0,0.0,0.0,0,156169.00,0.00,0.00,194,13.04,2.69,0.00,4.1,4.998,4.998,4.998,4.998,56
2022-02-08 19:55:22,1.5,4.9,166,0.0,0.0,0,0.0,0.0,0,156335.00,0.00,0.00,242,13.00,3.36,0.00,3.7,4.998,4.998,4.998,4.998,215
2022-02-08 19:56:22,0.0,2.6,70,0.0,0.0,0,0.0,0.0,0,156405.00,0.00,0.00,242,13.00,3.36,0.00,3.2,4.998,4.998,4.998,4.998,141
2022-02-08 19:57:22,2.0,2.9,37,0.0,0.0,0,0.0,0.0,0,156442.00,0.00,0.00,242,13.00,3.36,0.00,3.7,4.998,4.998,4.998,4.998,5
2022-02-08 19:58:22,3.2,3.4,42,0.0,0.0,0,0.0,0.0,0,156484.00,0.00,0.00,242,13.00,3.36,0.00,3.7,4.998,4.998,4.998,4.998,67
2022-02-08 19:59:22,1.7,3.3,115,0.0,0.0,0,0.0,0.0,0,156599.00,0.00,0.00,242,13.00,3.36,0.00,4.1,4.998,4.998,4.998,4.998,201
2022-02-08 20:00:22,0.0,1.5,5,0.0,0.0,0,0.0,0.0,0,156604.00,0.00,0.00,242,13.00,3.36,0.00,4.6,4.998,4.998,4.998,4.998,55
2022-02-08 20:01:22,0.0,0.0,0,0.0,0.0,0,0.0,0.0,0,156604.00,0.00,0.00,242,13.04,3.36,0.00,4.1,4.998,4.998,4.998,4.998,32
2022-02-08 20:02:22,0.0,0.0,0,0.0,0.0,0,0.0,0.0,0,156604.00,0.00,0.00,242,13.04,3.36,0.00,4.1,4.998,4.998,4.998,4.998,230
2022-02-08 20:03:22,0.0,0.0,0,0.0,0.0,0,0.0,0.0,0,156604.00,0.00,0.00,242,13.00,3.36,0.00,3.7,4.998,4.998,4.998,4.998,27
2022-02-08 20:04:22,1.8,2.4,29,0.0,0.0,0,0.0,0.0,0,156633.00,0.00,0.00,242,13.00,3.36,0.00,3.7,4.998,4.998,4.998,4.998,124
2022-02-08 20:05:22,0.0,2.7,67,0.0,0.0,0,0.0,0.0,0,156700.00,0.00,0.00,242,13.00,3.36,0.00,3.7,4.998,4.998,4.998,4.998,7
2022-02-08 20:06:22,0.0,0.0,0,0.0,0.0,0,0.0,0.0,0,156700.00,0.00,0.00,242,13.00,3.36,0.00,4.1,4.998,4.998,4.998,4.998,162
2022-02-08 20:07:22,1.7,2.8,33,0.0,0.0,0,0.0,0.0,0,156733.00,0.00,0.00,226,13.00,3.14,0.00,4.1,4.998,4.998,4.998,4.998,98
2022-02-08 20:08:22,0.0,2.1,36,0.0,0.0,0,0.0,0.0,0,156769.00,0.00,0.00,226,13.00,3.14,0.00,3.7,4.998,4.998,4.998,4.998,153
2022-02-08 20:09:22,1.8,2.8,32,0.0,0.0,0,0.0,0.0,0,156801.00,0.00,0.00,226,13.00,3.14,0.00,4.1,4.998,4.998,4.998,4.998,226
2022-02-08 20:10:22,0.0,2.7,55,0.0,0.0,0,0.0,0.0,0,156856.00,0.00,0.00,227,13.00,3.15,0.00,3.7,4.998,4.998,4.998,4.998,192
2022-02-08 20:11:22,3.4,3.8,82,0.0,0.0,0,0.0,0.0,0,156938.00,0.00,0.00,172,13.00,2.39,0.00,3.7,4.998,4.998,4.998,4.998,133
2022-02-08 20:12:22,0.0,3.5,63,0.0,0.0,0,0.0,0.0,0,157001.00,0.00,0.00,172,13.00,2.39,0.00,3.7,4.998,4.998,4.998,4.998,33
2022-02-08 20:13:22,0.0,2.5,23,0.0,0.0,0,0.0,0.0,0,157024.00,0.00,0.00,172,13.00,2.39,0.00,4.1,4.998,4.998,4.998,4.998,247
2022-02-08 20:14:22,3.2,3.4,23,0.0,0.0,0,0.0,0.0,0,157047.00,0.00,0.00,172,13.00,2.39,0.00,4.1,4.998,4.998,4.998,4.998,214
2022-02-08 20:15:22,2.4,3.2,102,0.0,0.0,0,0.0,0.0,0,157149.00,0.00,0.00,172,13.00,2.39,0.00,4.1,4.998,4.998,4.998,4.998,113
2022-02-08 20:16:22,2.9,5.6,166,0.0,0.0,0,0.0,0.0,0,157315.00,0.00,0.00,226,13.00,3.14,0.00,5.1,4.998,4.998,4.998,4.998,151
2022-02-08 20:17:22,2.8,3.2,134,0.0,0.0,0,0.0,0.0,0,157449.00,0.00,0.00,215,13.00,2.99,0.00,5.1,4.998,4.998,4.998,4.998,234
2022-02-08 20:18:22,1.6,3.2,56,0.0,0.0,0,0.0,0.0,0,157505.00,0.00,0.00,215,13.00,2.99,0.00,4.6,4.998,4.998,4.998,4.998,72
2022-02-08 20:19:22,0.0,2.4,56,0.0,0.0,0,0.0,0.0,0,157561.00,0.00,0.00,215,13.00,2.99,0.00,4.6,4.998,4.998,4.998,4.998,34
2022-02-08 20:20:22,1.7,2.2,30,0.0,0.0,0,0.0,0.0,0,157591.00,0.00,0.00,215,13.00,2.99,0.00,4.1,4.998,4.998,4.998,4.998,97
2022-02-08 20:21:22,0.0,1.9,30,0.0,0.0,0,0.0,0.0,0,157621.00,0.00,0.00,215,13.00,2.99,0.00,4.1,4.998,4.998,4.998,4.998,48
2022-02-08 20:22:22,0.0,0.0,0,0.0,0.0,0,0.0,0.0,0,157621.00,0.00,0.00,215,13.00,2.99,0.00,4.1,4.998,4.998,4.998,4.998,52
2022-02-08 20:23:22,2.4,2.5,29,0.0,0.0,0,0.0,0.0,0,157650.00,0.00,0.00,215,13.00,2.99,0.00,4.1,4.998,4.998,4.998,4.998,147
2022-02-08 20:24:22,0.0,2.4,30,0.0,0.0,0,0.0,0.0,0,157680.00,0.00,0.00,215,13.00,2.99,0.00,4.6,4.998,4.998,4.998,4.998,131
2022-02-08 20:25:22,2.7,3.9,94,0.0,0.0,0,0.0,0.0,0,157774.00,0.00,0.00,215,13.00,2.99,0.00,5.1,4.998,4.998,4.998,4.998,253
2022-02-08 20:26:22,1.3,3.0,78,0.0,0.0,0,0.0,0.0,0,157852.00,0.00,0.00,215,13.00,2.99,0.00,4.6,4.998,4.998,4.998,4.998,166
2022-02-08 20:27:22,2.1,4.3,120,0.0,0.0,0,0.0,0.0,0,157972.00,0.00,0.00,209,13.00,2.91,0.00,4.6,4.998,4.998,4.998,4.998,42
2022-02-08 20:28:22,1.0,2.1,54,0.0,0.0,0,0.0,0.0,0,158026.00,0.00,0.00,209,13.00,2.91,0.00,4.6,4.998,4.998,4.998,4.998,253
2022-02-08 20:29:22,3.5,4.2,109,0.0,0.0,0,0.0,0.0,0,158135.00,0.00,0.00,201,13.00,2.80,0.00,4.6,4.998,4.998,4.998,4.998,212
2022-02-08 20:30:22,2.0,4.0,164,0.0,0.0,0,0.0,0.0,0,158299.00,0.00,0.00,207,13.00,2.88,0.00,4.6,4.998,4.998,4.998,4.998,121
2022-02-08 20:31:22,1.0,3.8,104,0.0,0.0,0,0.0,0.0,0,158403.00,0.00,0.00,207,13.00,2.88,0.00,4.6,4.998,4.998,4.998,4.998,136
2022-02-08 20:32:22,2.1,3.2,105,0.0,0.0,0,0.0,0.0,0,158508.00,0.00,0.00,207,13.00,2.88,0.00,4.6,4.998,4.998,4.998,4.998,215
2022-02-08 20:33:22,2.6,3.2,70,0.0,0.0,0,0.0,0.0,0,158578.00,0.00,0.00,206,13.00,2.87,0.00,4.6,4.998,4.998,4.998,4.998,108
2022-02-08 20:34:22,1.2,4.1,130,0.0,0.0,0,0.0,0.0,0,158708.00,0.00,0.00,207,13.00,2.87,0.00,5.1,4.998,4.998,4.998,4.998,142
2022-02-08 20:35:22,2.4,3.2,54,0.0,0.0,0,0.0,0.0,0,158762.00,0.00,0.00,207,13.00,2.87,0.00,4.6,4.998,4.998,4.998,4.998,166
2022-02-08 20:36:22,2.2,3.1,86,0.0,0.0,0,0.0,0.0,0,158848.00,0.00,0.00,207,13.00,2.87,0.00,4.6,4.998,4.998,4.998,4.998,55
2022-02-08 20:37:22,4.6,5.3,196,0.0,0.0,0,0.0,0.0,0,159044.00,0.00,0.00,202,13.00,2.81,0.00,5.1,4.998,4.998,4.998,4.998,235
2022-02-08 20:38:22,2.6,5.3,215,0.0,0.0,0,0.0,0.0,0,159259.00,0.00,0.00,203,13.00,2.83,0.00,5.1,4.998,4.998,4.998,4.998,136
2022-02-08 20:39:22,2.0,4.1,136,0.0,0.0,0,0.0,0.0,0,159395.00,0.00,0.00,203,13.00,2.82,0.00,5.1,4.998,4.998,4.998,4.998,198
2022-02-08 20:40:22,3.4,4.7,165,0.0,0.0,0,0.0,0.0,0,159560.00,0.00,0.00,203,13.00,2.82,0.00,5.1,4.998,4.998,4.998,4.998,1
2022-02-08 20:41:22,2.5,3.7,159,0.0,0.0,0,0.0,0.0,0,159719.00,0.00,0.00,203,13.00,2.82,0.00,4.6,4.998,4.998,4.998,4.998,103
2022-02-08 20:42:22,2.7,3.0,116,0.0,0.0,0,0.0,0.0,0,159835.00,0.00,0.00,203,13.00,2.82,0.00,4.6,4.998,4.998,4.998,4.998,208
2022-02-08 20:43:22,3.7,5.8,214,0.0,0.0,0,0.0,0.0,0,160049.00,0.00,0.00,197,12.96,2.73,0.00,4.6,4.998,4.998,4.998,4.998,226
2022-02-08 20:44:22,4.1,6.8,257,0.0,0.0,0,0.0,0.0,0,160306.00,0.00,0.00,188,13.00,2.61,0.00,4.6,4.998,4.998,4.998,4.998,83
2022-02-08 20:45:22,3.7,5.3,222,0.0,0.0,0,0.0,0.0,0,160528.00,0.00,0.00,191,13.00,2.66,0.00,4.6,4.998,4.998,4.998,4.998,83
2022-02-08 20:46:22,4.5,4.5,183,0.0,0.0,0,0.0,0.0,0,160711.00,0.00,0.00,191,13.00,2.65,0.00,4.6,4.998,4.998,4.998,4.998,38
2022-02-08 20:47:22,2.6,4.5,199,0.0,0.0,0,0.0,0.0,0,160910.00,0.00,0.00,191,13.00,2.66,0.00,4.6,4.998,4.998,4.998,4.998,74
2022-02-08 20:48:22,3.9,6.2,266,0.0,0.0,0,0.0,0.0,0,161176.00,0.00,0.00,183,13.00,2.55,0.00,5.1,4.998,4.998,4.998,4.998,159
2022-02-08 20:49:22,4.0,4.2,179,0.0,0.0,0,0.0,0.0,0,161355.00,0.00,0.00,184,13.00,2.56,0.00,4.6,4.998,4.998,4.998,4.998,164
2022-02-08 20:50:22,4.8,8.8,339,0.0,0.0,0,0.0,0.0,0,161694.00,0.00,0.00,192,12.96,2.67,0.00,5.1,4.998,4.998,4.998,4.998,1
2022-02-08 20:51:22,3.6,4.9,216,0.0,0.0,0,0.0,0.0,0,161910.00,0.00,0.00,201,13.00,2.79,0.00,4.6,4.998,4.998,4.998,4.998,237
2022-02-08 20:52:22,4.9,6.9,263,0.0,0.0,0,0.0,0.0,0,162173.00,0.00,0.00,158,13.00,2.20,0.00,5.1,4.998,4.998,4.998,4.998,215
2022-02-08 20:53:22,2.6,7.8,297,0.0,0.0,0,0.0,0.0,0,162470.00,0.00,0.00,168,13.00,2.33,0.00,4.6,4.998,4.998,4.998,4.998,253
2022-02-08 20:54:22,3.6,6.0,222,0.0,0.0,0,0.0,0.0,0,162692.00,0.00,0.00,206,13.00,2.86,0.00,4.6,4.998,4.998,4.998,4.998,242
2022-02-08 20:55:22,6.7,9.4,375,0.0,0.0,0,0.0,0.0,0,163067.00,0.00,0.00,200,13.00,2.78,0.00,5.1,4.998,4.998,4.998,4.998,51
2022-02-08 20:56:22,5.3,7.8,354,0.0,0.0,0,0.0,0.0,0,163421.00,0.00,0.00,205,13.00,2.85,0.00,5.6,4.998,4.998,4.998,4.998,147
2022-02-08 20:57:22,5.4,7.5,324,0.0,0.0,0,0.0,0.0,0,163745.00,0.00,0.00,194,13.00,2.70,0.00,5.1,4.998,4.998,4.998,4.998,241
2022-02-08 20:58:22,3.0,5.5,241,0.0,0.0,0,0.0,0.0,0,163986.00,0.00,0.00,173,13.00,2.40,0.00,5.1,4.998,4.998,4.998,4.998,61
2022-02-08 20:59:22,5.1,5.5,224,0.0,0.0,0,0.0,0.0,0,164210.00,0.00,0.00,203,13.00,2.82,0.00,5.1,4.998,4.998,4.998,4.998,16
2022-02-08 21:00:22,3.0,6.2,237,0.0,0.0,0,0.0,0.0,0,164447.00,0.00,0.00,191,12.96,2.66,0.00,4.6,4.998,4.998,4.998,4.998,123
2022-02-08 21:01:22,5.0,6.1,275,0.0,0.0,0,0.0,0.0,0,164722.00,0.00,0.00,176,13.00,2.45,0.00,5.1,4.998,4.998,4.998,4.998,112
2022-02-08 21:02:22,6.2,7.2,281,0.0,0.0,0,0.0,0.0,0,165003.00,0.00,0.00,200,13.00,2.78,0.00,5.1,4.998,4.998,4.998,4.998,212
2022-02-08 21:03:22,3.8,7.7,304,0.0,0.0,0,0.0,0.0,0,165307.00,0.00,0.00,185,13.00,2.58,0.00,5.6,4.998,4.998,4.998,4.998,253
2022-02-08 21:04:22,4.1,8.0,289,0.0,0.0,0,0.0,0.0,0,165596.00,0.00,0.00,181,13.00,2.51,0.00,5.6,4.998,4.998,4.998,4.998,37
2022-02-08 21:05:22,4.5,8.6,384,0.0,0.0,0,0.0,0.0,0,165980.00,0.00,0.00,199,13.00,2.77,0.00,5.6,4.998,4.998,4.998,4.998,148
2022-02-08 21:06:22,3.9,5.8,242,0.0,0.0,0,0.0,0.0,0,166222.00,0.00,0.00,195,13.00,2.70,0.00,5.1,4.998,4.998,4.998,4.998,137
2022-02-08 21:07:22,2.4,7.0,239,0.0,0.0,0,0.0,0.0,0,166461.00,0.00,0.00,191,13.00,2.66,0.00,5.6,4.998,4.998,4.998,4.998,96
2022-02-08 21:08:22,4.3,5.1,196,0.0,0.0,0,0.0,0.0,0,166657.00,0.00,0.00,178,13.00,2.48,0.00,5.1,4.998,4.998,4.998,4.998,160
2022-02-08 21:09:22,3.7,6.6,249,0.0,0.0,0,0.0,0.0,0,166906.00,0.00,0.00,184,13.00,2.56,0.00,5.1,4.998,4.998,4.998,4.998,175
2022-02-08 21:10:22,4.0,6.3,294,0.0,0.0,0,0.0,0.0,0,167200.00,0.00,0.00,189,13.00,2.62,0.00,5.6,4.998,4.998,4.998,4.998,57
2022-02-08 21:11:22,6.8,6.8,241,0.0,0.0,0,0.0,0.0,0,167441.00,0.00,0.00,178,12.96,2.47,0.00,5.6,4.998,4.998,4.998,4.998,66
2022-02-08 21:12:22,5.3,6.9,292,0.0,0.0,0,0.0,0.0,0,167733.00,0.00,0.00,176,12.96,2.45,0.00,5.6,4.998,4.998,4.998,4.998,155
2022-02-08 21:13:22,3.2,5.5,132,0.0,0.0,0,0.0,0.0,0,167865.00,0.00,0.00,160,13.00,2.23,0.00,5.1,4.998,4.998,4.998,4.998,9
2022-02-08 21:14:22,2.9,6.4,234,0.0,0.0,0,0.0,0.0,0,168099.00,0.00,0.00,181,13.00,2.51,0.00,5.1,4.998,4.998,4.998,4.998,82
2022-02-08 21:15:22,2.7,4.5,160,0.0,0.0,0,0.0,0.0,0,168259.00,0.00,0.00,181,13.00,2.52,0.00,4.6,4.998,4.998,4.998,4.998,131
2022-02-08 21:16:22,1.4,2.9,107,0.0,0.0,0,0.0,0.0,0,168366.00,0.00,0.00,181,13.00,2.51,0.00,5.1,4.998,4.998,4.998,4.998,59
2022-02-08 21:17:22,4.6,5.8,161,0.0,0.0,0,0.0,0.0,0,168527.00,0.00,0.00,150,13.00,2.08,0.00,5.1,4.998,4.998,4.998,4.998,229
2022-02-08 21:18:22,4.9,5.7,229,0.0,0.0,0,0.0,0.0,0,168756.00,0.00,0.00,203,12.96,2.82,0.00,5.1,4.998,4.998,4.998,4.998,77
2022-02-08 21:19:22,3.3,5.7,237,0.0,0.0,0,0.0,0.0,0,168993.00,0.00,0.00,196,13.00,2.73,0.00,5.6,4.998,4.998,4.998,4.998,166
2022-02-08 21:20:22,3.6,5.4,211,0.0,0.0,0,0.0,0.0,0,169204.00,0.00,0.00,189,12.96,2.63,0.00,5.6,4.998,4.998,4.998,4.998,103
2022-02-08 21:21:22,3.4,5.2,145,0.0,0.0,0,0.0,0.0,0,169349.00,0.00,0.00,209,12.96,2.90,0.00,5.6,4.998,4.998,4.998,4.998,85
2022-02-08 21:22:22,2.6,3.6,158,0.0,0.0,0,0.0,0.0,0,169507.00,0.00,0.00,200,12.96,2.78,0.00,5.1,4.998,4.998,4.998,4.998,80
2022-02-08 21:23:22,2.7,3.7,123,0.0,0.0,0,0.0,0.0,0,169630.00,0.00,0.00,208,13.00,2.89,0.00,5.1,4.998,4.998,4.998,4.998,200
2022-02-08 21:24:22,7.1,8.8,286,0.0,0.0,0,0.0,0.0,0,169916.00,0.00,0.00,184,12.96,2.55,0.00,5.6,4.998,4.998,4.998,4.998,9
2022-02-08 21:25:22,4.3,7.7,318,0.0,0.0,0,0.0,0.0,0,170234.00,0.00,0.00,202,13.00,2.81,0.00,5.1,4.998,4.998,4.998,4.998,117
2022-02-08 21:26:22,2.6,5.4,223,0.0,0.0,0,0.0,0.0,0,170457.00,0.00,0.00,181,12.96,2.51,0.00,5.6,4.998,4.998,4.998,4.998,80
2022-02-08 21:27:22,3.7,8.9,307,0.0,0.0,0,0.0,0.0,0,170764.00,0.00,0.00,200,13.00,2.77,0.00,5.6,4.998,4.998,4.998,4.998,159
2022-02-08 21:28:22,4.4,5.5,181,0.0,0.0,0,0.0,0.0,0,170945.00,0.00,0.00,186,12.96,2.59,0.00,5.1,4.998,4.998,4.998,4.998,116
2022-02-08 21:29:22,5.9,6.0,284,0.0,0.0,0,0.0,0.0,0,171229.00,0.00,0.00,171,12.96,2.38,0.00,5.1,4.998,4.998,4.998,4.998,174
2022-02-08 21:30:22,4.8,8.1,305,0.0,0.0,0,0.0,0.0,0,171534.00,0.00,0.00,174,12.96,2.42,0.00,5.6,4.998,4.998,4.998,4.998,75
2022-02-08 21:31:22,4.7,7.6,300,0.0,0.0,0,0.0,0.0,0,171834.00,0.00,0.00,160,12.96,2.23,0.00,5.1,4.998,4.998,4.998,4.998,38
2022-02-08 21:32:22,6.5,9.2,374,0.0,0.0,0,0.0,0.0,0,172208.00,0.00,0.00,184,13.00,2.55,0.00,5.6,4.998,4.998,4.998,4.998,197
2022-02-08 21:33:22,3.1,7.5,221,0.0,0.0,0,0.0,0.0,0,172429.00,0.00,0.00,148,12.96,2.06,0.00,5.1,4.998,4.998,4.998,4.998,22
2022-02-08 21:34:22,5.8,6.9,239,0.0,0.0,0,0.0,0.0,0,172668.00,0.00,0.00,198,12.96,2.76,0.00,5.6,4.998,4.998,4.998,4.998,241
2022-02-08 21:35:22,4.2,6.4,262,0.0,0.0,0,0.0,0.0,0,172930.00,0.00,0.00,172,12.96,2.40,0.00,5.1,4.998,4.998,4.998,4.998,5
2022-02-08 21:36:22,10.0,12.8,358,0.0,0.0,0,0.0,0.0,0,173288.00,0.00,0.00,202,13.00,2.81,0.00,5.1,4.998,4.998,4.998,4.998,128
2022-02-08 21:37:22,3.7,10.4,406,0.0,0.0,0,0.0,0.0,0,173694.00,0.00,0.00,204,12.96,2.84,0.00,5.6,4.998,4.998,4.998,4.998,171
2022-02-08 21:38:22,5.2,8.1,309,0.0,0.0,0,0.0,0.0,0,174003.00,0.00,0.00,193,12.96,2.69,0.00,5.6,4.998,4.998,4.998,4.998,199
2022-02-08 21:39:22,7.4,8.1,201,0.0,0.0,0,0.0,0.0,0,174204.00,0.00,0.00,161,13.00,2.24,0.00,5.1,4.998,4.998,4.998,4.998,245
2022-02-08 21:40:22,3.4,7.8,259,0.0,0.0,0,0.0,0.0,0,174463.00,0.00,0.00,208,13.00,2.89,0.00,5.1,4.998,4.998,4.998,4.998,199
2022-02-08 21:41:22,9.3,9.4,350,0.0,0.0,0,0.0,0.0,0,174813.00,0.00,0.00,210,12.96,2.91,0.00,5.1,4.998,4.998,4.998,4.998,91
2022-02-08 21:42:22,3.5,10.2,445,0.0,0.0,0,0.0,0.0,0,175258.00,0.00,0.00,166,13.00,2.31,0.00,5.6,4.998,4.998,4.998,4.998,39
2022-02-08 21:43:22,4.7,7.2,279,0.0,0.0,0,0.0,0.0,0,175537.00,0.00,0.00,207,12.96,2.87,0.00,5.6,4.998,4.998,4.998,4.998,28
2022-02-08 21:44:22,5.0,5.5,207,0.0,0.0,0,0.0,0.0,0,175744.00,0.00,0.00,160,13.00,2.23,0.00,5.1,4.998,4.998,4.998,4.998,9
2022-02-08 21:45:22,7.1,8.9,379,0.0,0.0,0,0.0,0.0,0,176123.00,0.00,0.00,193,13.00,2.68,0.00,5.6,4.998,4.998,4.998,4.998,42
2022-02-08 21:46:22,4.7,10.5,408,0.0,0.0,0,0.0,0.0,0,176531.00,0.00,0.00,217,12.96,3.01,0.00,5.6,4.998,4.998,4.998,4.998,185
2022-02-08 21:47:22,3.6,6.2,245,0.0,0.0,0,0.0,0.0,0,176776.00,0.00,0.00,173,12.96,2.41,0.00,5.6,4.998,4.998,4.998,4.998,101
2022-02-08 21:48:22,5.5,5.7,182,0.0,0.0,0,0.0,0.0,0,176958.00,0.00,0.00,173,12.96,2.40,0.00,5.6,4.998,4.998,4.998,4.998,196
2022-02-08 21:49:22,3.9,8.9,390,0.0,0.0,0,0.0,0.0,0,177348.00,0.00,0.00,217,12.96,3.02,0.00,5.6,4.998,4.998,4.998,4.998,145
2022-02-08 21:50:22,5.6,10.9,366,0.0,0.0,0,0.0,0.0,0,177714.00,0.00,0.00,226,12.96,3.14,0.00,5.6,4.998,4.998,4.998,4.998,98
2022-02-08 21:51:22,4.5,9.7,356,0.0,0.0,0,0.0,0.0,0,178070.00,0.00,0.00,191,12.96,2.65,0.00,5.6,4.998,4.998,4.998,4.998,102
2022-02-08 21:52:22,4.5,8.2,334,0.0,0.0,0,0.0,0.0,0,178404.00,0.00,0.00,206,12.96,2.86,0.00,5.6,4.998,4.998,4.998,4.998,26
2022-02-08 21:53:22,5.3,6.7,314,0.0,0.0,0,0.0,0.0,0,178718.00,0.00,0.00,198,13.00,2.75,0.00,5.6,4.998,4.998,4.998,4.998,190
2022-02-08 21:54:22,6.5,6.9,221,0.0,0.0,0,0.0,0.0,0,178939.00,0.00,0.00,195,12.96,2.70,0.00,5.6,4.998,4.998,4.998,4.998,172
2022-02-08 21:55:22,3.7,8.8,310,0.0,0.0,0,0.0,0.0,0,179249.00,0.00,0.00,214,12.96,2.97,0.00,5.6,4.998,4.998,4.998,4.998,182
2022-02-08 21:56:22,5.3,9.9,397,0.0,0.0,0,0.0,0.0,0,179646.00,0.00,0.00,188,12.96,2.61,0.00,5.6,4.998,4.998,4.998,4.998,223
2022-02-08 21:57:22,5.5,12.9,588,0.0,0.0,0,0.0,0.0,0,180234.00,0.00,0.00,182,12.96,2.53,0.00,6.1,4.998,4.998,4.998,4.998,92
2022-02-08 21:58:22,6.0,9.0,395,0.0,0.0,0,0.0,0.0,0,180629.00,0.00,0.00,174,12.96,2.41,0.00,5.6,4.998,4.998,4.998,4.998,116
2022-02-08 21:59:22,6.2,10.1,438,0.0,0.0,0,0.0,0.0,0,181067.00,0.00,0.00,214,12.96,2.98,0.00,5.6,4.998,4.998,4.998,4.998,250
2022-02-08 22:00:22,2.3,8.9,328,0.0,0.0,0,0.0,0.0,0,181395.00,0.00,0.00,161,13.00,2.24,0.00,5.6,4.998,4.998,4.998,4.998,16
2022-02-08 22:01:22,4.8,6.8,280,0.0,0.0,0,0.0,0.0,0,181675.00,0.00,0.00,166,12.96,2.31,0.00,5.6,4.998,4.998,4.998,4.998,143
2022-02-08 22:02:22,5.4,7.7,355,0.0,0.0,0,0.0,0.0,0,182030.00,0.00,0.00,189,12.96,2.63,0.00,5.6,4.998,4.998,4.998,4.998,3
2022-02-08 22:03:22,6.0,9.1,305,0.0,0.0,0,0.0,0.0,0,182335.00,0.00,0.00,191,12.96,2.65,0.00,5.1,4.998,4.998,4.998,4.998,45
2022-02-08 22:04:22,3.5,7.3,323,0.0,0.0,0,0.0,0.0,0,182658.00,0.00,0.00,183,12.96,2.55,0.00,5.6,4.998,4.998,4.998,4.998,48
2022-02-08 22:05:22,5.5,7.8,317,0.0,0.0,0,0.0,0.0,0,182975.00,0.00,0.00,195,12.96,2.71,0.00,5.1,4.998,4.998,4.998,4.998,110
2022-02-08 22:06:22,4.8,7.9,340,0.0,0.0,0,0.0,0.0,0,183315.00,0.00,0.00,182,12.96,2.52,0.00,5.6,4.998,4.998,4.998,4.998,232
2022-02-08 22:07:22,4.2,9.8,396,0.0,0.0,0,0.0,0.0,0,183711.00,0.00,0.00,225,12.96,3.13,0.00,5.6,4.998,4.998,4.998,4.998,34
2022-02-08 22:08:22,3.3,5.2,225,0.0,0.0,0,0.0,0.0,0,183936.00,0.00,0.00,180,12.96,2.50,0.00,5.1,4.998,4.998,4.998,4.998,175
2022-02-08 22:09:22,5.5,9.9,318,0.0,0.0,0,0.0,0.0,0,184254.00,0.00,0.00,169,12.96,2.35,0.00,5.6,4.998,4.998,4.998,4.998,244
2022-02-08 22:10:22,5.3,7.5,372,0.0,0.0,0,0.0,0.0,0,184626.00,0.00,0.00,210,12.96,2.92,0.00,5.6,4.998,4.998,4.998,4.998,216
2022-02-08 22:11:22,6.4,7.8,344,0.0,0.0,0,0.0,0.0,0,184970.00,0.00,0.00,194,12.96,2.69,0.00,5.6,4.998,4.998,4.998,4.998,237
2022-02-08 22:12:22,2.5,7.0,298,0.0,0.0,0,0.0,0.0,0,185268.00,0.00,0.00,204,12.96,2.84,0.00,5.1,4.998,4.998,4.998,4.998,101
2022-02-08 22:13:22,5.6,6.6,240,0.0,0.0,0,0.0,0.0,0,185508.00,0.00,0.00,184,13.00,2.56,0.00,5.6,4.998,4.998,4.998,4.998,121
2022-02-08 22:14:22,6.9,8.6,361,0.0,0.0,0,0.0,0.0,0,185869.00,0.00,0.00,202,13.00,2.80,0.00,5.1,4.998,4.998,4.998,4.998,233
2022-02-08 22:15:22,6.1,9.0,364,0.0,0.0,0,0.0,0.0,0,186233.00,0.00,0.00,209,12.96,2.91,0.00,5.6,4.998,4.998,4.998,4.998,97
2022-02-08 22:16:22,3.9,10.4,411,0.0,0.0,0,0.0,0.0,0,186644.00,0.00,0.00,187,12.96,2.59,0.00,5.6,4.998,4.998,4.998,4.998,129
2022-02-08 22:17:22,7.0,9.3,396,0.0,0.0,0,0.0,0.0,0,187040.00,0.00,0.00,221,12.96,3.07,0.00,5.6,4.998,4.998,4.998,4.998,230
2022-02-08 22:18:22,7.5,10.5,400,0.0,0.0,0,0.0,0.0,0,187440.00,0.00,0.00,221,12.96,3.07,0.00,5.6,4.998,4.998,4.998,4.998,63
2022-02-08 22:19:22,6.4,12.8,508,0.0,0.0,0,0.0,0.0,0,187948.00,0.00,0.00,186,12.96,2.59,0.00,5.6,4.998,4.998,4.998,4.998,207
2022-02-08 22:20:22,4.8,9.6,344,0.0,0.0,0,0.0,0.0,0,188292.00,0.00,0.00,212,12.96,2.94,0.00,5.6,4.998,4.998,4.998,4.998,94
2022-02-08 22:21:22,6.0,11.2,406,0.0,0.0,0,0.0,0.0,0,188698.00,0.00,0.00,205,12.96,2.85,0.00,5.1,4.998,4.998,4.998,4.998,178
2022-02-08 22:22:22,5.2,7.5,319,0.0,0.0,0,0.0,0.0,0,189017.00,0.00,0.00,193,12.96,2.68,0.00,5.1,4.998,4.998,4.998,4.998,158
2022-02-08 22:23:22,7.3,8.9,377,0.0,0.0,0,0.0,0.0,0,189394.00,0.00,0.00,184,12.96,2.56,0.00,5.6,4.998,4.998,4.998,4.998,99
2022-02-08 22:24:22,3.2,9.8,409,0.0,0.0,0,0.0,0.0,0,189803.00,0.00,0.00,192,12.96,2.67,0.00,5.1,4.998,4.998,4.998,4.998,151
2022-02-08 22:25:22,6.6,7.8,284,0.0,0.0,0,0.0,0.0,0,190087.00,0.00,0.00,175,12.96,2.43,0.00,5.6,4.998,4.998,4.998,4.998,199
2022-02-08 22:26:22,7.6,9.5,386,0.0,0.0,0,0.0,0.0,0,190473.00,0.00,0.00,169,12.96,2.35,0.00,5.6,4.998,4.998,4.998,4.998,142
2022-02-08 22:27:22,6.6,9.1,337,0.0,0.0,0,0.0,0.0,0,190810.00,0.00,0.00,178,12.96,2.47,0.00,5.1,4.998,4.998,4.998,4.998,139
2022-02-08 22:28:22,7.0,10.7,478,0.0,0.0,0,0.0,0.0,0,191288.00,0.00,0.00,201,12.96,2.79,0.00,5.1,4.998,4.998,4.998,4.998,238
2022-02-08 22:29:22,7.3,12.0,499,0.0,0.0,0,0.0,0.0,0,191787.00,0.00,0.00,191,12.96,2.66,0.00,5.6,4.998,4.998,4.998,4.998,131
2022-02-08 22:30:22,5.8,9.2,401,0.0,0.0,0,0.0,0.0,0,192188.00,0.00,0.00,214,12.96,2.98,0.00,5.6,4.998,4.998,4.998,4.998,45
2022-02-08 22:31:22,5.7,8.4,357,0.0,0.0,0,0.0,0.0,0,192545.00,0.00,0.00,189,12.96,2.63,0.00,5.6,4.998,4.998,4.998,4.998,199
2022-02-08 22:32:22,4.8,7.0,312,0.0,0.0,0,0.0,0.0,0,192857.00,0.00,0.00,190,12.96,2.64,0.00,5.6,4.998,4.998,4.998,4.998,181
2022-02-08 22:33:22,9.6,10.5,382,0.0,0.0,0,0.0,0.0,0,193239.00,0.00,0.00,199,12.96,2.77,0.00,5.6,4.998,4.998,4.998,4.998,138
2022-02-08 22:34:22,7.1,9.5,436,0.0,0.0,0,0.0,0.0,0,193675.00,0.00,0.00,188,12.96,2.61,0.00,5.6,4.998,4.998,4.998,4.998,28
2022-02-08 22:35:22,7.4,13.2,540,0.0,0.0,0,0.0,0.0,0,194215.00,0.00,0.00,185,12.96,2.58,0.00,5.1,4.998,4.998,4.998,4.998,85
2022-02-08 22:36:22,7.5,9.6,402,0.0,0.0,0,0.0,0.0,0,194617.00,0.00,0.00,208,12.96,2.89,0.00,5.6,4.998,4.998,4.998,4.998,188
2022-02-08 22:37:22,3.6,9.4,338,0.0,0.0,0,0.0,0.0,0,194955.00,0.00,0.00,180,12.96,2.50,0.00,5.6,4.998,4.998,4.998,4.998,106
2022-02-08 22:38:22,5.5,12.0,312,0.0,0.0,0,0.0,0.0,0,195267.00,0.00,0.00,198,12.96,2.76,0.00,5.6,4.998,4.998,4.998,4.998,9
2022-02-08 22:39:22,7.2,17.8,599,0.0,0.0,0,0.0,0.0,0,195866.00,0.00,0.00,185,12.96,2.57,0.00,5.6,4.998,4.998,4.998,4.998,104
2022-02-08 22:40:22,14.3,17.8,572,0.0,0.0,0,0.0,0.0,0,196438.00,0.00,0.00,207,12.96,2.87,0.00,6.1,4.998,4.998,4.998,4.998,50
2022-02-08 22:41:22,4.8,17.1,726,0.0,0.0,0,0.0,0.0,0,197164.00,0.00,0.00,181,12.96,2.51,0.00,6.1,4.998,4.998,4.998,4.998,73
2022-02-08 22:42:22,8.4,8.5,378,0.0,0.0,0,0.0,0.0,0,197542.00,0.00,0.00,189,12.96,2.62,0.00,5.6,4.998,4.998,4.998,4.998,182
2022-02-08 22:43:22,6.6,13.0,402,0.0,0.0,0,0.0,0.0,0,197944.00,0.00,0.00,204,12.96,2.84,0.00,5.6,4.998,4.998,4.998,4.998,98
2022-02-08 22:44:22,4.7,10.1,394,0.0,0.0,0,0.0,0.0,0,198338.00,0.00,0.00,217,12.96,3.01,0.00,5.6,4.998,4.998,4.998,4.998,132
2022-02-08 22:45:22,7.9,10.8,461,0.0,0.0,0,0.0,0.0,0,198799.00,0.00,0.00,181,12.96,2.52,0.00,5.6,4.998,4.998,4.998,4.998,46
2022-02-08 22:46:22,8.7,10.9,480,0.0,0.0,0,0.0,0.0,0,199279.00,0.00,0.00,211,12.96,2.93,0.00,5.6,4.998,4.998,4.998,4.998,13
2022-02-08 22:47:22,7.1,13.2,537,0.0,0.0,0,0.0,0.0,0,199816.00,0.00,0.00,200,12.96,2.78,0.00,6.1,4.998,4.998,4.998,4.998,131
2022-02-08 22:48:22,6.6,14.4,581,0.0,0.0,0,0.0,0.0,0,200397.00,0.00,0.00,170,12.96,2.36,0.00,6.1,4.998,4.998,4.998,4.998,254
2022-02-08 22:49:22,7.2,9.5,401,0.0,0.0,0,0.0,0.0,0,200798.00,0.00,0.00,209,12.96,2.90,0.00,5.6,4.998,4.998,4.998,4.998,29
2022-02-08 22:50:22,12.1,14.8,587,0.0,0.0,0,0.0,0.0,0,201385.00,0.00,0.00,203,12.96,2.83,0.00,6.1,4.998,4.998,4.998,4.998,50
2022-02-08 22:51:22,6.0,12.6,570,0.0,0.0,0,0.0,0.0,0,201955.00,0.00,0.00,198,12.96,2.76,0.00,6.1,4.998,4.998,4.998,4.998,50
2022-02-08 22:52:22,4.3,8.3,379,0.0,0.0,0,0.0,0.0,0,202334.00,0.00,0.00,191,12.96,2.66,0.00,6.1,4.998,4.998,4.998,4.998,164
2022-02-08 22:53:22,7.8,11.6,472,0.0,0.0,0,0.0,0.0,0,202806.00,0.00,0.00,191,12.96,2.65,0.00,6.1,4.998,4.998,4.998,4.998,252
2022-02-08 22:54:22,8.2,10.3,435,0.0,0.0,0,0.0,0.0,0,203241.00,0.00,0.00,195,12.96,2.71,0.00,6.1,4.998,4.998,4.998,4.998,27
2022-02-08 22:55:22,7.5,10.8,484,0.0,0.0,0,0.0,0.0,0,203725.00,0.00,0.00,196,12.96,2.72,0.00,6.1,4.998,4.998,4.998,4.998,243
2022-02-08 22:56:22,6.2,11.3,541,0.0,0.0,0,0.0,0.0,0,204266.00,0.00,0.00,183,12.96,2.55,0.00,6.1,4.998,4.998,4.998,4.998,228
2022-02-08 22:57:22,6.0,11.5,464,0.0,0.0,0,0.0,0.0,0,204730.00,0.00,0.00,200,12.96,2.77,0.00,5.6,4.998,4.998,4.998,4.998,23
2022-02-08 22:58:22,3.9,9.1,339,0.0,0.0,0,0.0,0.0,0,205069.00,0.00,0.00,205,12.96,2.85,0.00,6.1,4.998,4.998,4.998,4.998,152
2022-02-08 22:59:22,5.3,11.0,438,0.0,0.0,0,0.0,0.0,0,205507.00,0.00,0.00,212,12.96,2.95,0.00,5.6,4.998,4.998,4.998,4.998,245
2022-02-08 23:00:22,6.8,11.1,418,0.0,0.0,0,0.0,0.0,0,205925.00,0.00,0.00,189,12.96,2.62,0.00,5.6,4.998,4.998,4.998,4.998,0
2022-02-08 23:01:22,11.2,14.3,553,0.0,0.0,0,0.0,0.0,0,206478.00,0.00,0.00,190,12.96,2.65,0.00,6.1,4.998,4.998,4.998,4.998,68
2022-02-08 23:02:22,4.9,12.4,455,0.0,0.0,0,0.0,0.0,0,206933.00,0.00,0.00,195,12.96,2.70,0.00,5.6,4.998,4.998,4.998,4.998,32
2022-02-08 23:03:22,4.7,9.0,368,0.0,0.0,0,0.0,0.0,0,207301.00,0.00,0.00,210,12.96,2.91,0.00,5.1,4.998,4.998,4.998,4.998,15
2022-02-08 23:04:22,4.6,12.4,450,0.0,0.0,0,0.0,0.0,0,207751.00,0.00,0.00,190,12.96,2.64,0.00,6.1,4.998,4.998,4.998,4.998,131
2022-02-08 23:05:22,8.6,12.5,398,0.0,0.0,0,0.0,0.0,0,208149.00,0.00,0.00,195,12.96,2.71,0.00,5.6,4.998,4.998,4.998,4.998,143
2022-02-08 23:06:22,5.6,9.7,435,0.0,0.0,0,0.0,0.0,0,208584.00,0.00,0.00,191,12.96,2.66,0.00,6.1,4.998,4.998,4.998,4.998,91
2022-02-08 23:07:22,8.3,15.9,560,0.0,0.0,0,0.0,0.0,0,209144.00,0.00,0.00,173,12.96,2.40,0.00,6.1,4.998,4.998,4.998,4.998,213
2022-02-08 23:08:22,4.7,11.7,385,0.0,0.0,0,0.0,0.0,0,209529.00,0.00,0.00,178,12.96,2.47,0.00,5.6,4.998,4.998,4.998,4.998,198
2022-02-08 23:09:22,4.3,11.5,387,0.0,0.0,0,0.0,0.0,0,209916.00,0.00,0.00,217,12.96,3.02,0.00,5.6,4.998,4.998,4.998,4.998,198
2022-02-08 23:10:22,7.3,10.9,458,0.0,0.0,0,0.0,0.0,0,210374.00,0.00,0.00,197,12.96,2.74,0.00,5.6,4.998,4.998,4.998,4.998,233
2022-02-08 23:11:22,7.5,9.0,366,0.0,0.0,0,0.0,0.0,0,210740.00,0.00,0.00,179,12.96,2.49,0.00,5.6,4.998,4.998,4.998,4.998,95
2022-02-08 23:12:22,5.6,12.7,517,0.0,0.0,0,0.0,0.0,0,211257.00,0.00,0.00,189,12.96,2.62,0.00,5.6,4.998,4.998,4.998,4.998,200
2022-02-08 23:13:22,9.9,12.5,519,0.0,0.0,0,0.0,0.0,0,211776.00,0.00,0.00,174,12.96,2.42,0.00,5.6,4.998,4.998,4.998,4.998,75
2022-02-08 23:14:22,9.0,13.7,638,0.0,0.0,0,0.0,0.0,0,212414.00,0.00,0.00,191,12.96,2.66,0.00,6.1,4.998,4.998,4.998,4.998,10
2022-02-08 23:15:22,5.3,10.0,324,0.0,0.0,0,0.0,0.0,0,212738.00,0.00,0.00,194,12.96,2.69,0.00,5.6,4.998,4.998,4.998,4.998,217
2022-02-08 23:16:22,10.4,11.0,464,0.0,0.0,0,0.0,0.0,0,213202.00,0.00,0.00,195,12.96,2.70,0.00,5.6,4.998,4.998,4.998,4.998,115
2022-02-08 23:17:22,5.8,12.7,574,0.0,0.0,0,0.0,0.0,0,213776.00,0.00,0.00,198,12.96,2.75,0.00,5.6,4.998,4.998,4.998,4.998,16
2022-02-08 23:18:22,7.8,13.1,478,0.0,0.0,0,0.0,0.0,0,214254.00,0.00,0.00,211,12.96,2.93,0.00,6.1,4.998,4.998,4.998,4.998,68
2022-02-08 23:19:22,7.2,11.3,454,0.0,0.0,0,0.0,0.0,0,214708.00,0.00,0.00,184,12.96,2.56,0.00,6.1,4.998,4.998,4.998,4.998,126
2022-02-08 23:20:22,3.1,10.4,438,0.0,0.0,0,0.0,0.0,0,215146.00,0.00,0.00,197,12.96,2.73,0.00,5.6,4.998,4.998,4.998,4.998,25
2022-02-08 23:21:22,5.6,7.9,312,0.0,0.0,0,0.0,0.0,0,215458.00,0.00,0.00,219,12.96,3.04,0.00,5.6,4.998,4.998,4.998,4.998,230
2022-02-08 23:22:22,6.5,10.1,461,0.0,0.0,0,0.0,0.0,0,215919.00,0.00,0.00,188,12.96,2.61,0.00,5.6,4.998,4.998,4.998,4.998,70
2022-02-08 23:23:22,8.6,9.2,418,0.0,0.0,0,0.0,0.0,0,216337.00,0.00,0.00,175,12.96,2.43,0.00,5.6,4.998,4.998,4.998,4.998,68
2022-02-08 23:24:22,4.6,11.0,460,0.0,0.0,0,0.0,0.0,0,216797.00,0.00,0.00,216,12.96,3.01,0.00,6.1,4.998,4.998,4.998,4.998,128
2022-02-08 23:25:22,7.1,12.9,450,0.0,0.0,0,0.0,0.0,0,217247.00,0.00,0.00,175,12.96,2.44,0.00,5.6,4.998,4.998,4.998,4.998,48
2022-02-08 23:26:22,6.6,10.4,404,0.0,0.0,0,0.0,0.0,0,217651.00,0.00,0.00,200,12.96,2.77,0.00,5.6,4.998,4.998,4.998,4.998,99
2022-02-08 23:27:22,6.1,11.3,457,0.0,0.0,0,0.0,0.0,0,218108.00,0.00,0.00,192,12.96,2.67,0.00,6.1,4.998,4.998,4.998,4.998,190
2022-02-08 23:28:22,6.4,10.4,478,0.0,0.0,0,0.0,0.0,0,218586.00,0.00,0.00,209,12.96,2.90,0.00,6.1,4.998,4.998,4.998,4.998,132
2022-02-08 23:29:22,7.8,12.0,525,0.0,0.0,0,0.0,0.0,0,219111.00,0.00,0.00,189,12.96,2.62,0.00,6.1,4.998,4.998,4.998,4.998,31
2022-02-08 23:30:22,4.9,9.4,389,0.0,0.0,0,0.0,0.0,0,219500.00,0.00,0.00,174,12.96,2.42,0.00,6.1,4.998,4.998,4.998,4.998,2
2022-02-08 23:31:22,7.1,10.6,520,0.0,0.0,0,0.0,0.0,0,220020.00,0.00,0.00,166,12.96,2.31,0.00,6.1,4.998,4.998,4.998,4.998,103
2022-02-08 23:32:22,6.6,10.1,400,0.0,0.0,0,0.0,0.0,0,220420.00,0.00,0.00,251,12.96,3.49,0.00,6.1,4.998,4.998,4.998,4.998,104
2022-02-08 23:33:22,5.5,8.0,261,0.0,0.0,0,0.0,0.0,0,220681.00,0.00,0.00,232,12.96,3.22,0.00,6.1,4.998,4.998,4.998,4.998,162
2022-02-08 23:34:22,4.4,8.4,360,0.0,0.0,0,0.0,0.0,0,221041.00,0.00,0.00,196,12.96,2.73,0.00,5.6,4.998,4.998,4.998,4.998,130
2022-02-08 23:35:22,6.1,6.6,175,0.0,0.0,0,0.0,0.0,0,221216.00,0.00,0.00,254,12.96,3.54,0.00,5.6,4.998,4.998,4.998,4.998,170
2022-02-08 23:36:22,8.0,13.2,513,0.0,0.0,0,0.0,0.0,0,221729.00,0.00,0.00,228,12.96,3.17,0.00,6.1,4.998,4.998,4.998,4.998,192
2022-02-08 23:37:22,5.4,8.7,381,0.0,0.0,0,0.0,0.0,0,222110.00,0.00,0.00,202,12.96,2.81,0.00,6.1,4.998,4.998,4.998,4.998,216
2022-02-08 23:38:22,2.6,5.5,218,0.0,0.0,0,0.0,0.0,0,222328.00,0.00,0.00,226,12.92,3.14,0.00,6.1,4.998,4.998,4.998,4.998,73
2022-02-08 23:39:22,5.0,13.0,440,0.0,0.0,0,0.0,0.0,0,222768.00,0.00,0.00,203,12.96,2.82,0.00,5.6,4.998,4.998,4.998,4.998,25
2022-02-08 23:40:22,5.0,8.9,371,0.0,0.0,0,0.0,0.0,0,223139.00,0.00,0.00,239,12.96,3.32,0.00,6.1,4.998,4.998,4.998,4.998,186
2022-02-08 23:41:22,4.2,7.3,334,0.0,0.0,0,0.0,0.0,0,223473.00,0.00,0.00,210,12.96,2.92,0.00,6.1,4.998,4.998,4.998,4.998,80
2022-02-08 23:42:22,7.6,12.2,358,0.0,0.0,0,0.0,0.0,0,223831.00,0.00,0.00,200,12.96,2.78,0.00,6.1,4.998,4.998,4.998,4.998,122
2022-02-08 23:43:22,5.6,10.4,363,0.0,0.0,0,0.0,0.0,0,224194.00,0.00,0.00,191,12.96,2.66,0.00,6.1,4.998,4.998,4.998,4.998,229
2022-02-08 23:44:22,2.8,7.0,211,0.0,0.0,0,0.0,0.0,0,224405.00,0.00,0.00,204,12.96,2.84,0.00,6.1,4.998,4.998,4.998,4.998,158
2022-02-08 23:45:22,4.3,6.1,199,0.0,0.0,0,0.0,0.0,0,224604.00,0.00,0.00,162,12.96,2.25,0.00,6.1,4.998,4.998,4.998,4.998,36
2022-02-08 23:46:22,4.6,5.7,238,0.0,0.0,0,0.0,0.0,0,224842.00,0.00,0.00,224,12.96,3.12,0.00,6.1,4.998,4.998,4.998,4.998,204
2022-02-08 23:47:22,6.8,13.4,398,0.0,0.0,0,0.0,0.0,0,225240.00,0.00,0.00,202,12.96,2.80,0.00,6.1,4.998,4.998,4.998,4.998,135
2022-02-08 23:48:22,3.8,7.9,276,0.0,0.0,0,0.0,0.0,0,225516.00,0.00,0.00,219,12.92,3.04,0.00,6.1,4.998,4.998,4.998,4.998,138
2022-02-08 23:49:22,10.4,10.4,359,0.0,0.0,0,0.0,0.0,0,225875.00,0.00,0.00,260,12.96,3.61,0.00,6.1,4.998,4.998,4.998,4.998,25
2022-02-08 23:50:22,4.7,13.6,501,0.0,0.0,0,0.0,0.0,0,226376.00,0.00,0.00,189,12.96,2.63,0.00,5.6,4.998,4.998,4.998,4.998,64
2022-02-08 23:51:22,4.4,11.3,399,0.0,0.0,0,0.0,0.0,0,226775.00,0.00,0.00,208,12.96,2.89,0.00,6.1,4.998,4.998,4.998,4.998,176
2022-02-08 23:52:22,7.3,14.6,617,0.0,0.0,0,0.0,0.0,0,227392.00,0.00,0.00,159,12.96,2.21,0.00,6.1,4.998,4.998,4.998,4.998,219
2022-02-08 23:53:22,6.9,13.4,615,0.0,0.0,0,0.0,0.0,0,228007.00,0.00,0.00,200,12.92,2.77,0.00,6.1,4.998,4.998,4.998,4.998,89
2022-02-08 23:54:22,8.0,8.5,403,0.0,0.0,0,0.0,0.0,0,228410.00,0.00,0.00,191,12.96,2.66,0.00,6.1,4.998,4.998,4.998,4.998,192
2022-02-08 23:55:22,11.2,16.6,566,0.0,0.0,0,0.0,0.0,0,228976.00,0.00,0.00,201,12.96,2.79,0.00,6.1,4.998,4.998,4.998,4.998,80
2022-02-08 23:56:22,6.3,15.3,546,0.0,0.0,0,0.0,0.0,0,229522.00,0.00,0.00,223,12.96,3.10,0.00,6.1,4.998,4.998,4.998,4.998,50
2022-02-08 23:57:22,5.8,8.7,318,0.0,0.0,0,0.0,0.0,0,229840.00,0.00,0.00,204,12.96,2.84,0.00,5.6,4.998,4.998,4.998,4.998,113
2022-02-08 23:58:22,7.6,7.6,281,0.0,0.0,0,0.0,0.0,0,230121.00,0.00,0.00,202,12.96,2.80,0.00,5.6,4.998,4.998,4.998,4.998,122
2022-02-08 23:59:22,9.9,9.9,382,0.0,0.0,0,0.0,0.0,0,230503.00,0.00,0.00,182,12.96,2.53,0.00,6.1,4.998,4.998,4.998,4.998,122
