2022-01-26 00:00:22,0.0,0.0,0,0.0,0.0,0,0.0,0.0,0,0.00,0.00,0.00,313,12.65,4.35,0.00,-31.9,4.998,4.998,4.998,4.998,242
2022-01-26 00:01:22,0.0,0.0,0,0.0,0.0,0,0.0,0.0,0,0.00,0.00,0.00,313,12.65,4.35,0.00,-31.4,4.998,4.998,4.998,4.998,127
2022-01-26 00:02:22,0.0,0.0,0,0.0,0.0,0,0.0,0.0,0,0.00,0.00,0.00,313,12.61,4.35,0.00,-31.4,4.998,4.998,4.998,4.998,43
2022-01-26 00:03:22,0.0,0.0,0,0.0,0.0,0,0.0,0.0,0,0.00,0.00,0.00,313,12.61,4.35,0.00,-31.4,4.998,4.998,4.998,4.998,118
2022-01-26 00:04:22,0.0,0.0,0,0.0,0.0,0,0.0,0.0,0,0.00,0.00,0.00,313,12.61,4.35,0.00,-31.4,4.998,4.998,4.998,4.998,83
2022-01-26 00:05:22,0.0,0.0,0,0.0,0.0,0,0.0,0.0,0,0.00,0.00,0.00,313,12.65,4.35,0.00,-31.4,4.998,4.998,4.998,4.998,170
2022-01-26 00:06:22,0.0,0.0,0,0.0,0.0,0,0.0,0.0,0,0.00,0.00,0.00,313,12.61,4.35,0.00,-31.4,4.998,4.998,4.998,4.998,254
2022-01-26 00:07:22,0.0,0.0,0,0.0,0.0,0,0.0,0.0,0,0.00,0.00,0.00,313,12.65,4.35,0.00,-31.9,4.998,4.998,4.998,4.998,215
2022-01-26 00:08:22,0.0,0.0,0,0.0,0.0,0,0.0,0.0,0,0.00,0.00,0.00,313,12.65,4.35,0.00,-31.4,4.998,4.998,4.998,4.998,203
2022-01-26 00:09:22,0.0,0.0,0,0.0,0.0,0,0.0,0.0,0,0.00,0.00,0.00,313,12.61,4.35,0.00,-31.9,4.998,4.998,4.998,4.998,226
2022-01-26 00:10:22,0.0,0.0,0,0.0,0.0,0,0.0,0.0,0,0.00,0.00,0.00,313,12.61,4.35,0.00,-31.9,4.998,4.998,4.998,4.998,73
2022-01-26 00:11:22,0.0,0.0,0,0.0,0.0,0,0.0,0.0,0,0.00,0.00,0.00,313,12.61,4.35,0.00,-31.4,4.998,4.998,4.998,4.998,196
2022-01-26 00:12:22,0.0,0.0,0,0.0,0.0,0,0.0,0.0,0,0.00,0.00,0.00,313,12.61,4.35,0.00,-31.4,4.998,4.998,4.998,4.998,52
2022-01-26 00:13:22,0.0,0.0,0,0.0,0.0,0,0.0,0.0,0,0.00,0.00,0.00,313,12.61,4.35,0.00,-31.4,4.998,4.998,4.998,4.998,105
2022-01-26 00:14:22,0.0,0.0,0,0.0,0.0,0,0.0,0.0,0,0.00,0.00,0.00,313,12.61,4.35,0.00,-30.9,4.998,4.998,4.998,4.998,82
2022-01-26 00:15:22,0.0,0.0,0,0.0,0.0,0,0.0,0.0,0,0.00,0.00,0.00,313,12.61,4.35,0.00,-31.4,4.998,4.998,4.998,4.998,17
2022-01-26 00:16:22,0.0,0.0,0,0.0,0.0,0,0.0,0.0,0,0.00,0.00,0.00,313,12.61,4.35,0.00,-31.9,4.998,4.998,4.998,4.998,49
2022-01-26 00:17:22,0.0,0.0,0,0.0,0.0,0,0.0,0.0,0,0.00,0.00,0.00,313,12.61,4.35,0.00,-31.9,4.998,4.998,4.998,4.998,108
2022-01-26 00:18:22,0.0,0.0,0,0.0,0.0,0,0.0,0.0,0,0.00,0.00,0.00,313,12.61,4.35,0.00,-31.9,4.998,4.998,4.998,4.998,160
2022-01-26 00:19:22,0.0,0.0,0,0.0,0.0,0,0.0,0.0,0,0.00,0.00,0.00,313,12.61,4.35,0.00,-32.4,4.998,4.998,4.998,4.998,132
2022-01-26 00:20:22,0.0,0.0,0,0.0,0.0,0,0.0,0.0,0,0.00,0.00,0.00,313,12.61,4.35,0.00,-32.4,4.998,4.998,4.998,4.998,163
2022-01-26 00:21:22,0.0,0.0,0,0.0,0.0,0,0.0,0.0,0,0.00,0.00,0.00,313,12.61,4.35,0.00,-32.4,4.998,4.998,4.998,4.998,254
2022-01-26 00:22:22,0.0,0.0,0,0.0,0.0,0,0.0,0.0,0,0.00,0.00,0.00,313,12.61,4.35,0.00,-31.9,4.998,4.998,4.998,4.998,119
2022-01-26 00:23:22,0.0,0.0,0,0.0,0.0,0,0.0,0.0,0,0.00,0.00,0.00,313,12.61,4.35,0.00,-32.4,4.998,4.998,4.998,4.998,83
2022-01-26 00:24:22,0.0,0.0,0,0.0,0.0,0,0.0,0.0,0,0.00,0.00,0.00,313,12.61,4.35,0.00,-31.9,4.998,4.998,4.998,4.998,15
2022-01-26 00:25:22,0.0,0.0,0,0.0,0.0,0,0.0,0.0,0,0.00,0.00,0.00,313,12.61,4.35,0.00,-31.9,4.998,4.998,4.998,4.998,82
2022-01-26 00:26:22,0.0,0.0,0,0.0,0.0,0,0.0,0.0,0,0.00,0.00,0.00,313,12.61,4.35,0.00,-31.9,4.998,4.998,4.998,4.998,162
2022-01-26 00:27:22,0.0,0.0,0,0.0,0.0,0,0.0,0.0,0,0.00,0.00,0.00,313,12.61,4.35,0.00,-31.9,4.998,4.998,4.998,4.998,255
2022-01-26 00:28:22,0.0,0.0,0,0.0,0.0,0,0.0,0.0,0,0.00,0.00,0.00,313,12.61,4.35,0.00,-31.9,4.998,4.998,4.998,4.998,51
2022-01-26 00:29:22,0.0,0.0,0,0.0,0.0,0,0.0,0.0,0,0.00,0.00,0.00,313,12.61,4.35,0.00,-31.9,4.998,4.998,4.998,4.998,110
2022-01-26 00:30:22,0.0,0.0,0,0.0,0.0,0,0.0,0.0,0,0.00,0.00,0.00,313,12.61,4.35,0.00,-31.9,4.998,4.998,4.998,4.998,197
2022-01-26 00:31:22,0.0,0.0,0,0.0,0.0,0,0.0,0.0,0,0.00,0.00,0.00,313,12.61,4.35,0.00,-31.4,4.998,4.998,4.998,4.998,72
2022-01-26 00:32:22,0.0,0.0,0,0.0,0.0,0,0.0,0.0,0,0.00,0.00,0.00,313,12.57,4.35,0.00,-31.9,4.998,4.998,4.998,4.998,168
2022-01-26 00:33:22,0.0,0.0,0,0.0,0.0,0,0.0,0.0,0,0.00,0.00,0.00,313,12.61,4.35,0.00,-31.9,4.998,4.998,4.998,4.998,53
2022-01-26 00:34:22,0.0,0.0,0,0.0,0.0,0,0.0,0.0,0,0.00,0.00,0.00,313,12.61,4.35,0.00,-31.9,4.998,4.998,4.998,4.998,16
2022-01-26 00:35:22,0.0,0.0,0,0.0,0.0,0,0.0,0.0,0,0.00,0.00,0.00,313,12.57,4.35,0.00,-31.9,4.998,4.998,4.998,4.998,141
2022-01-26 00:36:22,0.0,0.0,0,0.0,0.0,0,0.0,0.0,0,0.00,0.00,0.00,313,12.61,4.35,0.00,-31.9,4.998,4.998,4.998,4.998,189
2022-01-26 00:37:22,0.0,0.0,0,0.0,0.0,0,0.0,0.0,0,0.00,0.00,0.00,313,12.57,4.35,0.00,-31.9,4.998,4.998,4.998,4.998,32
2022-01-26 00:38:22,0.0,0.0,0,0.0,0.0,0,0.0,0.0,0,0.00,0.00,0.00,313,12.61,4.35,0.00,-31.9,4.998,4.998,4.998,4.998,44
2022-01-26 00:39:22,0.0,0.0,0,0.0,0.0,0,0.0,0.0,0,0.00,0.00,0.00,313,12.61,4.35,0.00,-31.9,4.998,4.998,4.998,4.998,113
2022-01-26 00:40:22,0.0,0.0,0,0.0,0.0,0,0.0,0.0,0,0.00,0.00,0.00,313,12.61,4.35,0.00,-31.9,4.998,4.998,4.998,4.998,16
2022-01-26 00:41:22,0.0,0.0,0,0.0,0.0,0,0.0,0.0,0,0.00,0.00,0.00,313,12.61,4.35,0.00,-31.4,4.998,4.998,4.998,4.998,157
2022-01-26 00:42:22,0.0,0.0,0,0.0,0.0,0,0.0,0.0,0,0.00,0.00,0.00,313,12.61,4.35,0.00,-31.9,4.998,4.998,4.998,4.998,189
2022-01-26 00:43:22,0.0,0.0,0,0.0,0.0,0,0.0,0.0,0,0.00,0.00,0.00,313,12.61,4.35,0.00,-31.4,4.998,4.998,4.998,4.998,48
2022-01-26 00:44:22,0.0,0.0,0,0.0,0.0,0,0.0,0.0,0,0.00,0.00,0.00,313,12.61,4.35,0.00,-31.4,4.998,4.998,4.998,4.998,21
2022-01-26 00:45:22,0.0,0.0,0,0.0,0.0,0,0.0,0.0,0,0.00,0.00,0.00,313,12.57,4.35,0.00,-31.9,4.998,4.998,4.998,4.998,88
2022-01-26 00:46:22,0.0,0.0,0,0.0,0.0,0,0.0,0.0,0,0.00,0.00,0.00,313,12.61,4.35,0.00,-31.9,4.998,4.998,4.998,4.998,104
2022-01-26 00:47:22,0.0,0.0,0,0.0,0.0,0,0.0,0.0,0,0.00,0.00,0.00,313,12.61,4.35,0.00,-31.9,4.998,4.998,4.998,4.998,53
2022-01-26 00:48:22,0.0,0.0,0,0.0,0.0,0,0.0,0.0,0,0.00,0.00,0.00,313,12.57,4.35,0.00,-31.4,4.998,4.998,4.998,4.998,233
2022-01-26 00:49:22,0.0,0.0,0,0.0,0.0,0,0.0,0.0,0,0.00,0.00,0.00,313,12.57,4.35,0.00,-31.9,4.998,4.998,4.998,4.998,100
2022-01-26 00:50:22,0.0,0.0,0,0.0,0.0,0,0.0,0.0,0,0.00,0.00,0.00,313,12.57,4.35,0.00,-31.4,4.998,4.998,4.998,4.998,31
2022-01-26 00:51:22,0.0,0.0,0,0.0,0.0,0,0.0,0.0,0,0.00,0.00,0.00,313,12.57,4.35,0.00,-31.4,4.998,4.998,4.998,4.998,66
2022-01-26 00:52:22,0.0,0.0,0,0.0,0.0,0,0.0,0.0,0,0.00,0.00,0.00,313,12.57,4.35,0.00,-31.9,4.998,4.998,4.998,4.998,98
2022-01-26 00:53:22,0.0,0.0,0,0.0,0.0,0,0.0,0.0,0,0.00,0.00,0.00,313,12.57,4.35,0.00,-31.4,4.998,4.998,4.998,4.998,239
2022-01-26 00:54:22,0.0,0.0,0,0.0,0.0,0,0.0,0.0,0,0.00,0.00,0.00,313,12.61,4.35,0.00,-31.9,4.998,4.998,4.998,4.998,218
2022-01-26 00:55:22,0.0,0.0,0,0.0,0.0,0,0.0,0.0,0,0.00,0.00,0.00,313,12.61,4.35,0.00,-31.4,4.998,4.998,4.998,4.998,87
2022-01-26 00:56:22,0.0,0.0,0,0.0,0.0,0,0.0,0.0,0,0.00,0.00,0.00,313,12.61,4.35,0.00,-31.9,4.998,4.998,4.998,4.998,119
2022-01-26 00:57:22,0.0,0.0,0,0.0,0.0,0,0.0,0.0,0,0.00,0.00,0.00,313,12.57,4.35,0.00,-31.9,4.998,4.998,4.998,4.998,234
2022-01-26 00:58:22,0.0,0.0,0,0.0,0.0,0,0.0,0.0,0,0.00,0.00,0.00,313,12.57,4.35,0.00,-31.9,4.998,4.998,4.998,4.998,38
2022-01-26 00:59:22,0.0,0.0,0,0.0,0.0,0,0.0,0.0,0,0.00,0.00,0.00,313,12.57,4.35,0.00,-31.9,4.998,4.998,4.998,4.998,123
2022-01-26 01:00:22,0.0,0.0,0,0.0,0.0,0,0.0,0.0,0,0.00,0.00,0.00,313,12.57,4.35,0.00,-31.9,4.998,4.998,4.998,4.998,239
2022-01-26 01:01:22,0.0,0.0,0,0.0,0.0,0,0.0,0.0,0,0.00,0.00,0.00,313,12.57,4.35,0.00,-31.9,4.998,4.998,4.998,4.998,178
2022-01-26 01:02:22,0.0,0.0,0,0.0,0.0,0,0.0,0.0,0,0.00,0.00,0.00,313,12.57,4.35,0.00,-31.9,4.998,4.998,4.998,4.998,66
2022-01-26 01:03:22,0.0,0.0,0,0.0,0.0,0,0.0,0.0,0,0.00,0.00,0.00,313,12.57,4.35,0.00,-31.9,4.998,4.998,4.998,4.998,31
2022-01-26 01:04:22,0.0,0.0,0,0.0,0.0,0,0.0,0.0,0,0.00,0.00,0.00,313,12.61,4.35,0.00,-31.9,4.998,4.998,4.998,4.998,250
2022-01-26 01:05:22,0.0,0.0,0,0.0,0.0,0,0.0,0.0,0,0.00,0.00,0.00,313,12.57,4.35,0.00,-31.9,4.998,4.998,4.998,4.998,103
2022-01-26 01:06:22,0.0,0.0,0,0.0,0.0,0,0.0,0.0,0,0.00,0.00,0.00,313,12.57,4.35,0.00,-31.9,4.998,4.998,4.998,4.998,151
2022-01-26 01:07:22,0.0,0.0,0,0.0,0.0,0,0.0,0.0,0,0.00,0.00,0.00,313,12.61,4.35,0.00,-31.9,4.998,4.998,4.998,4.998,10
2022-01-26 01:08:22,0.0,0.0,0,0.0,0.0,0,0.0,0.0,0,0.00,0.00,0.00,313,12.57,4.35,0.00,-31.9,4.998,4.998,4.998,4.998,6
2022-01-26 01:09:22,0.0,0.0,0,0.0,0.0,0,0.0,0.0,0,0.00,0.00,0.00,313,12.57,4.35,0.00,-31.9,4.998,4.998,4.998,4.998,91
2022-01-26 01:10:22,0.0,0.0,0,0.0,0.0,0,0.0,0.0,0,0.00,0.00,0.00,313,12.61,4.35,0.00,-31.9,4.998,4.998,4.998,4.998,48
2022-01-26 01:11:22,0.0,0.0,0,0.0,0.0,0,0.0,0.0,0,0.00,0.00,0.00,313,12.57,4.35,0.00,-31.9,4.998,4.998,4.998,4.998,173
2022-01-26 01:12:22,0.0,0.0,0,0.0,0.0,0,0.0,0.0,0,0.00,0.00,0.00,313,12.57,4.35,0.00,-32.4,4.998,4.998,4.998,4.998,36
2022-01-26 01:13:22,0.0,0.0,0,0.0,0.0,0,0.0,0.0,0,0.00,0.00,0.00,313,12.61,4.35,0.00,-31.9,4.998,4.998,4.998,4.998,192
2022-01-26 01:14:22,0.0,0.0,0,0.0,0.0,0,0.0,0.0,0,0.00,0.00,0.00,313,12.57,4.35,0.00,-31.4,4.998,4.998,4.998,4.998,245
2022-01-26 01:15:22,0.0,0.0,0,0.0,0.0,0,0.0,0.0,0,0.00,0.00,0.00,313,12.57,4.35,0.00,-31.4,4.998,4.998,4.998,4.998,168
2022-01-26 01:16:22,0.0,0.0,0,0.0,0.0,0,0.0,0.0,0,0.00,0.00,0.00,313,12.57,4.35,0.00,-31.4,4.998,4.998,4.998,4.998,88
2022-01-26 01:17:22,0.0,0.0,0,0.0,0.0,0,0.0,0.0,0,0.00,0.00,0.00,313,12.57,4.35,0.00,-31.4,4.998,4.998,4.998,4.998,5
2022-01-26 01:18:22,0.0,0.0,0,0.0,0.0,0,0.0,0.0,0,0.00,0.00,0.00,313,12.57,4.35,0.00,-31.9,4.998,4.998,4.998,4.998,25
2022-01-26 01:19:22,0.0,0.0,0,0.0,0.0,0,0.0,0.0,0,0.00,0.00,0.00,313,12.57,4.35,0.00,-31.9,4.998,4.998,4.998,4.998,68
2022-01-26 01:20:22,0.0,0.0,0,0.0,0.0,0,0.0,0.0,0,0.00,0.00,0.00,313,12.61,4.35,0.00,-31.9,4.998,4.998,4.998,4.998,163
2022-01-26 01:21:22,0.0,0.0,0,0.0,0.0,0,0.0,0.0,0,0.00,0.00,0.00,313,12.57,4.35,0.00,-32.4,4.998,4.998,4.998,4.998,71
2022-01-26 01:22:22,0.0,0.0,0,0.0,0.0,0,0.0,0.0,0,0.00,0.00,0.00,313,12.57,4.35,0.00,-32.4,4.998,4.998,4.998,4.998,183
2022-01-26 01:23:22,0.0,0.0,0,0.0,0.0,0,0.0,0.0,0,0.00,0.00,0.00,313,12.57,4.35,0.00,-31.9,4.998,4.998,4.998,4.998,147
2022-01-26 01:24:22,0.0,0.0,0,0.0,0.0,0,0.0,0.0,0,0.00,0.00,0.00,313,12.57,4.35,0.00,-31.9,4.998,4.998,4.998,4.998,182
2022-01-26 01:25:22,0.0,0.0,0,0.0,0.0,0,0.0,0.0,0,0.00,0.00,0.00,313,12.57,4.35,0.00,-31.9,4.998,4.998,4.998,4.998,235
2022-01-26 01:26:22,0.0,0.0,0,0.0,0.0,0,0.0,0.0,0,0.00,0.00,0.00,313,12.57,4.35,0.00,-31.4,4.998,4.998,4.998,4.998,203
2022-01-26 01:27:22,0.0,0.0,0,0.0,0.0,0,0.0,0.0,0,0.00,0.00,0.00,313,12.57,4.35,0.00,-31.9,4.998,4.998,4.998,4.998,70
2022-01-26 01:28:22,0.0,0.0,0,0.0,0.0,0,0.0,0.0,0,0.00,0.00,0.00,313,12.57,4.35,0.00,-31.4,4.998,4.998,4.998,4.998,90
2022-01-26 01:29:22,0.0,0.0,0,0.0,0.0,0,0.0,0.0,0,0.00,0.00,0.00,313,12.57,4.35,0.00,-31.4,4.998,4.998,4.998,4.998,7
2022-01-26 01:30:22,0.0,0.0,0,0.0,0.0,0,0.0,0.0,0,0.00,0.00,0.00,313,12.57,4.35,0.00,-31.4,4.998,4.998,4.998,4.998,172
2022-01-26 01:31:22,0.0,0.0,0,0.0,0.0,0,0.0,0.0,0,0.00,0.00,0.00,313,12.57,4.35,0.00,-31.4,4.998,4.998,4.998,4.998,241
2022-01-26 01:32:22,0.0,0.0,0,0.0,0.0,0,0.0,0.0,0,0.00,0.00,0.00,313,12.53,4.35,0.00,-30.9,4.998,4.998,4.998,4.998,187
2022-01-26 01:33:22,0.0,0.0,0,0.0,0.0,0,0.0,0.0,0,0.00,0.00,0.00,313,12.57,4.35,0.00,-31.4,4.998,4.998,4.998,4.998,92
2022-01-26 01:34:22,0.0,0.0,0,0.0,0.0,0,0.0,0.0,0,0.00,0.00,0.00,313,12.57,4.35,0.00,-31.4,4.998,4.998,4.998,4.998,121
2022-01-26 01:35:22,0.0,0.0,0,0.0,0.0,0,0.0,0.0,0,0.00,0.00,0.00,313,12.57,4.35,0.00,-31.4,4.998,4.998,4.998,4.998,36
2022-01-26 01:36:22,0.0,0.0,0,0.0,0.0,0,0.0,0.0,0,0.00,0.00,0.00,313,12.57,4.35,0.00,-31.9,4.998,4.998,4.998,4.998,4
2022-01-26 01:37:22,0.0,0.0,0,0.0,0.0,0,0.0,0.0,0,0.00,0.00,0.00,313,12.53,4.35,0.00,-31.4,4.998,4.998,4.998,4.998,45
2022-01-26 01:38:22,0.0,0.0,0,0.0,0.0,0,0.0,0.0,0,0.00,0.00,0.00,313,12.57,4.35,0.00,-31.9,4.998,4.998,4.998,4.998,149
2022-01-26 01:39:22,0.0,0.0,0,0.0,0.0,0,0.0,0.0,0,0.00,0.00,0.00,313,12.53,4.35,0.00,-31.9,4.998,4.998,4.998,4.998,108
2022-01-26 01:40:22,0.0,0.0,0,0.0,0.0,0,0.0,0.0,0,0.00,0.00,0.00,313,12.53,4.35,0.00,-31.9,4.998,4.998,4.998,4.998,13
2022-01-26 01:41:22,0.0,0.0,0,0.0,0.0,0,0.0,0.0,0,0.00,0.00,0.00,313,12.57,4.35,0.00,-31.9,4.998,4.998,4.998,4.998,244
2022-01-26 01:42:22,0.0,0.0,0,0.0,0.0,0,0.0,0.0,0,0.00,0.00,0.00,313,12.57,4.35,0.00,-31.9,4.998,4.998,4.998,4.998,4
2022-01-26 01:43:22,0.0,0.0,0,0.0,0.0,0,0.0,0.0,0,0.00,0.00,0.00,313,12.57,4.35,0.00,-31.9,4.998,4.998,4.998,4.998,89
2022-01-26 01:44:22,0.0,0.0,0,0.0,0.0,0,0.0,0.0,0,0.00,0.00,0.00,313,12.57,4.35,0.00,-31.9,4.998,4.998,4.998,4.998,124
2022-01-26 01:45:22,0.0,0.0,0,0.0,0.0,0,0.0,0.0,0,0.00,0.00,0.00,313,12.53,4.35,0.00,-31.9,4.998,4.998,4.998,4.998,133
2022-01-26 01:46:22,0.0,0.0,0,0.0,0.0,0,0.0,0.0,0,0.00,0.00,0.00,313,12.57,4.35,0.00,-31.9,4.998,4.998,4.998,4.998,209
2022-01-26 01:47:22,0.0,0.0,0,0.0,0.0,0,0.0,0.0,0,0.00,0.00,0.00,313,12.57,4.35,0.00,-31.9,4.998,4.998,4.998,4.998,140
2022-01-26 01:48:22,0.0,0.0,0,0.0,0.0,0,0.0,0.0,0,0.00,0.00,0.00,313,12.57,4.35,0.00,-31.9,4.998,4.998,4.998,4.998,64
2022-01-26 01:49:22,0.0,0.0,0,0.0,0.0,0,0.0,0.0,0,0.00,0.00,0.00,313,12.53,4.35,0.00,-31.4,4.998,4.998,4.998,4.998,105
2022-01-26 01:50:22,0.0,0.0,0,0.0,0.0,0,0.0,0.0,0,0.00,0.00,0.00,313,12.57,4.35,0.00,-31.9,4.998,4.998,4.998,4.998,182
2022-01-26 01:51:22,0.0,0.0,0,0.0,0.0,0,0.0,0.0,0,0.00,0.00,0.00,313,12.53,4.35,0.00,-31.4,4.998,4.998,4.998,4.998,159
2022-01-26 01:52:22,0.0,0.0,0,0.0,0.0,0,0.0,0.0,0,0.00,0.00,0.00,313,12.57,4.35,0.00,-31.9,4.998,4.998,4.998,4.998,27
2022-01-26 01:53:22,0.0,0.0,0,0.0,0.0,0,0.0,0.0,0,0.00,0.00,0.00,313,12.57,4.35,0.00,-31.4,4.998,4.998,4.998,4.998,150
2022-01-26 01:54:22,0.0,0.0,0,0.0,0.0,0,0.0,0.0,0,0.00,0.00,0.00,313,12.53,4.35,0.00,-31.4,4.998,4.998,4.998,4.998,23
2022-01-26 01:55:22,0.0,0.0,0,0.0,0.0,0,0.0,0.0,0,0.00,0.00,0.00,313,12.57,4.35,0.00,-31.4,4.998,4.998,4.998,4.998,238
2022-01-26 01:56:22,0.0,0.0,0,0.0,0.0,0,0.0,0.0,0,0.00,0.00,0.00,313,12.57,4.35,0.00,-31.4,4.998,4.998,4.998,4.998,30
2022-01-26 01:57:22,0.0,0.0,0,0.0,0.0,0,0.0,0.0,0,0.00,0.00,0.00,313,12.53,4.35,0.00,-31.4,4.998,4.998,4.998,4.998,231
2022-01-26 01:58:22,0.0,0.0,0,0.0,0.0,0,0.0,0.0,0,0.00,0.00,0.00,313,12.57,4.35,0.00,-31.9,4.998,4.998,4.998,4.998,95
2022-01-26 01:59:22,0.0,0.0,0,0.0,0.0,0,0.0,0.0,0,0.00,0.00,0.00,313,12.53,4.35,0.00,-31.4,4.998,4.998,4.998,4.998,118
2022-01-26 02:00:22,0.0,0.0,0,0.0,0.0,0,0.0,0.0,0,0.00,0.00,0.00,313,12.53,4.35,0.00,-31.4,4.998,4.998,4.998,4.998,93
2022-01-26 02:01:22,0.0,0.0,0,0.0,0.0,0,0.0,0.0,0,0.00,0.00,0.00,313,12.53,4.35,0.00,-31.4,4.998,4.998,4.998,4.998,0
2022-01-26 02:02:22,0.0,0.0,0,0.0,0.0,0,0.0,0.0,0,0.00,0.00,0.00,313,12.53,4.35,0.00,-31.9,4.998,4.998,4.998,4.998,32
2022-01-26 02:03:22,0.0,0.0,0,0.0,0.0,0,0.0,0.0,0,0.00,0.00,0.00,313,12.53,4.35,0.00,-31.9,4.998,4.998,4.998,4.998,125
2022-01-26 02:04:22,0.0,0.0,0,0.0,0.0,0,0.0,0.0,0,0.00,0.00,0.00,313,12.53,4.35,0.00,-31.9,4.998,4.998,4.998,4.998,88
2022-01-26 02:05:22,0.0,0.0,0,0.0,0.0,0,0.0,0.0,0,0.00,0.00,0.00,313,12.53,4.35,0.00,-31.9,4.998,4.998,4.998,4.998,5
2022-01-26 02:06:22,0.0,0.0,0,0.0,0.0,0,0.0,0.0,0,0.00,0.00,0.00,313,12.53,4.35,0.00,-32.4,4.998,4.998,4.998,4.998,140
2022-01-26 02:07:22,0.0,0.0,0,0.0,0.0,0,0.0,0.0,0,0.00,0.00,0.00,313,12.57,4.35,0.00,-32.4,4.998,4.998,4.998,4.998,117
2022-01-26 02:08:22,0.0,0.0,0,0.0,0.0,0,0.0,0.0,0,0.00,0.00,0.00,313,12.53,4.35,0.00,-32.4,4.998,4.998,4.998,4.998,29
2022-01-26 02:09:22,1.9,2.1,68,0.0,0.0,0,0.0,0.0,0,68.00,0.00,0.00,313,12.53,4.35,0.00,-32.4,4.998,4.998,4.998,4.998,83
2022-01-26 02:10:22,1.2,1.9,49,0.0,0.0,0,0.0,0.0,0,117.00,0.00,0.00,313,12.53,4.35,0.00,-32.4,4.998,4.998,4.998,4.998,164
2022-01-26 02:11:22,1.1,1.4,34,0.0,0.0,0,0.0,0.0,0,151.00,0.00,0.00,313,12.53,4.35,0.00,-31.9,4.998,4.998,4.998,4.998,244
2022-01-26 02:12:22,1.0,1.3,25,0.0,0.0,0,0.0,0.0,0,176.00,0.00,0.00,313,12.57,4.35,0.00,-31.9,4.998,4.998,4.998,4.998,129
2022-01-26 02:13:22,0.0,0.0,0,0.0,0.0,0,0.0,0.0,0,176.00,0.00,0.00,313,12.53,4.36,0.00,-31.9,4.998,4.998,4.998,4.998,223
2022-01-26 02:14:22,0.0,0.0,0,0.0,0.0,0,0.0,0.0,0,176.00,0.00,0.00,313,12.53,4.35,0.00,-31.4,4.998,4.998,4.998,4.998,70
2022-01-26 02:15:22,0.0,0.0,0,0.0,0.0,0,0.0,0.0,0,176.00,0.00,0.00,313,12.57,4.35,0.00,-31.9,4.998,4.998,4.998,4.998,90
2022-01-26 02:16:22,0.0,0.0,0,0.0,0.0,0,0.0,0.0,0,176.00,0.00,0.00,313,12.53,4.35,0.00,-31.9,4.998,4.998,4.998,4.998,162
2022-01-26 02:17:22,0.0,0.0,0,0.0,0.0,0,0.0,0.0,0,176.00,0.00,0.00,313,12.57,4.35,0.00,-31.4,4.998,4.998,4.998,4.998,190
2022-01-26 02:18:22,0.0,0.0,0,0.0,0.0,0,0.0,0.0,0,176.00,0.00,0.00,313,12.53,4.35,0.00,-31.4,4.998,4.998,4.998,4.998,81
2022-01-26 02:19:22,0.0,0.0,0,0.0,0.0,0,0.0,0.0,0,176.00,0.00,0.00,313,12.53,4.35,0.00,-31.4,4.998,4.998,4.998,4.998,57
2022-01-26 02:20:22,0.0,0.0,0,0.0,0.0,0,0.0,0.0,0,176.00,0.00,0.00,313,12.57,4.35,0.00,-31.4,4.998,4.998,4.998,4.998,62
2022-01-26 02:21:22,2.5,2.6,61,0.0,0.0,0,0.0,0.0,0,237.00,0.00,0.00,313,12.53,4.35,0.00,-31.9,4.998,4.998,4.998,4.998,194
2022-01-26 02:22:22,2.3,2.5,107,0.0,0.0,0,0.0,0.0,0,344.00,0.00,0.00,313,12.57,4.35,0.00,-32.4,4.998,4.998,4.998,4.998,129
2022-01-26 02:23:22,1.1,2.5,73,0.0,0.0,0,0.0,0.0,0,417.00,0.00,0.00,313,12.53,4.35,0.00,-32.9,4.998,4.998,4.998,4.998,130
2022-01-26 02:24:22,0.0,0.0,0,0.0,0.0,0,0.0,0.0,0,417.00,0.00,0.00,313,12.57,4.35,0.00,-33.4,4.998,4.998,4.998,4.998,123
2022-01-26 02:25:22,0.0,0.0,0,0.0,0.0,0,0.0,0.0,0,417.00,0.00,0.00,313,12.53,4.35,0.00,-32.4,4.998,4.998,4.998,4.998,121
2022-01-26 02:26:22,0.0,0.0,0,0.0,0.0,0,0.0,0.0,0,417.00,0.00,0.00,313,12.53,4.35,0.00,-31.9,4.998,4.998,4.998,4.998,92
2022-01-26 02:27:22,0.0,0.0,0,0.0,0.0,0,0.0,0.0,0,417.00,0.00,0.00,313,12.53,4.35,0.00,-31.9,4.998,4.998,4.998,4.998,52
2022-01-26 02:28:22,0.0,0.0,0,0.0,0.0,0,0.0,0.0,0,417.00,0.00,0.00,313,12.53,4.35,0.00,-31.9,4.998,4.998,4.998,4.998,127
2022-01-26 02:29:22,0.0,0.0,0,0.0,0.0,0,0.0,0.0,0,417.00,0.00,0.00,313,12.53,4.35,0.00,-31.9,4.998,4.998,4.998,4.998,23
2022-01-26 02:30:22,0.0,0.0,0,0.0,0.0,0,0.0,0.0,0,417.00,0.00,0.00,313,12.53,4.35,0.00,-31.4,4.998,4.998,4.998,4.998,219
2022-01-26 02:31:22,0.0,0.0,0,0.0,0.0,0,0.0,0.0,0,417.00,0.00,0.00,313,12.53,4.35,0.00,-31.4,4.998,4.998,4.998,4.998,179
2022-01-26 02:32:22,0.0,0.0,0,0.0,0.0,0,0.0,0.0,0,417.00,0.00,0.00,313,12.53,4.35,0.00,-31.4,4.998,4.998,4.998,4.998,239
2022-01-26 02:33:22,0.0,0.0,0,0.0,0.0,0,0.0,0.0,0,417.00,0.00,0.00,313,12.53,4.35,0.00,-31.4,4.998,4.998,4.998,4.998,135
2022-01-26 02:34:22,0.0,0.0,0,0.0,0.0,0,0.0,0.0,0,417.00,0.00,0.00,313,12.53,4.35,0.00,-30.9,4.998,4.998,4.998,4.998,223
2022-01-26 02:35:22,0.0,0.0,0,0.0,0.0,0,0.0,0.0,0,417.00,0.00,0.00,313,12.53,4.35,0.00,-30.4,4.998,4.998,4.998,4.998,103
2022-01-26 02:36:22,0.0,0.0,0,0.0,0.0,0,0.0,0.0,0,417.00,0.00,0.00,313,12.53,4.35,0.00,-30.9,4.998,4.998,4.998,4.998,235
2022-01-26 02:37:22,0.0,1.2,7,0.0,0.0,0,0.0,0.0,0,424.00,0.00,0.00,313,12.53,4.35,0.00,-30.9,4.998,4.998,4.998,4.998,90
2022-01-26 02:38:22,0.0,0.0,0,0.0,0.0,0,0.0,0.0,0,424.00,0.00,0.00,313,12.53,4.35,0.00,-30.9,4.998,4.998,4.998,4.998,47
2022-01-26 02:39:22,0.0,0.0,0,0.0,0.0,0,0.0,0.0,0,424.00,0.00,0.00,313,12.53,4.35,0.00,-30.9,4.998,4.998,4.998,4.998,71
2022-01-26 02:40:22,0.0,0.0,0,0.0,0.0,0,0.0,0.0,0,424.00,0.00,0.00,313,12.53,4.35,0.00,-30.9,4.998,4.998,4.998,4.998,56
2022-01-26 02:41:22,0.0,0.0,0,0.0,0.0,0,0.0,0.0,0,424.00,0.00,0.00,313,12.53,4.35,0.00,-30.9,4.998,4.998,4.998,4.998,80
2022-01-26 02:42:22,0.0,0.0,0,0.0,0.0,0,0.0,0.0,0,424.00,0.00,0.00,313,12.53,4.35,0.00,-30.9,4.998,4.998,4.998,4.998,12
2022-01-26 02:43:22,0.0,0.0,0,0.0,0.0,0,0.0,0.0,0,424.00,0.00,0.00,313,12.49,4.35,0.00,-31.4,4.998,4.998,4.998,4.998,85
2022-01-26 02:44:22,0.0,0.0,0,0.0,0.0,0,0.0,0.0,0,424.00,0.00,0.00,313,12.49,4.35,0.00,-31.9,4.998,4.998,4.998,4.998,195
2022-01-26 02:45:22,0.0,0.0,0,0.0,0.0,0,0.0,0.0,0,424.00,0.00,0.00,313,12.53,4.35,0.00,-31.4,4.998,4.998,4.998,4.998,84
2022-01-26 02:46:22,0.0,0.0,0,0.0,0.0,0,0.0,0.0,0,424.00,0.00,0.00,313,12.53,4.35,0.00,-31.9,4.998,4.998,4.998,4.998,216
2022-01-26 02:47:22,0.0,0.0,0,0.0,0.0,0,0.0,0.0,0,424.00,0.00,0.00,313,12.49,4.35,0.00,-31.4,4.998,4.998,4.998,4.998,79
2022-01-26 02:48:22,0.0,0.0,0,0.0,0.0,0,0.0,0.0,0,424.00,0.00,0.00,313,12.53,4.35,0.00,-31.4,4.998,4.998,4.998,4.998,43
2022-01-26 02:49:22,0.0,0.0,0,0.0,0.0,0,0.0,0.0,0,424.00,0.00,0.00,313,12.53,4.35,0.00,-31.9,4.998,4.998,4.998,4.998,147
2022-01-26 02:50:22,0.0,0.0,0,0.0,0.0,0,0.0,0.0,0,424.00,0.00,0.00,313,12.53,4.35,0.00,-31.9,4.998,4.998,4.998,4.998,143
2022-01-26 02:51:22,0.0,0.0,0,0.0,0.0,0,0.0,0.0,0,424.00,0.00,0.00,313,12.53,4.35,0.00,-31.9,4.998,4.998,4.998,4.998,231
2022-01-26 02:52:22,0.0,0.0,0,0.0,0.0,0,0.0,0.0,0,424.00,0.00,0.00,313,12.53,4.35,0.00,-31.4,4.998,4.998,4.998,4.998,107
2022-01-26 02:53:22,0.0,0.0,0,0.0,0.0,0,0.0,0.0,0,424.00,0.00,0.00,313,12.53,4.35,0.00,-31.4,4.998,4.998,4.998,4.998,3
2022-01-26 02:54:22,0.0,0.0,0,0.0,0.0,0,0.0,0.0,0,424.00,0.00,0.00,313,12.53,4.35,0.00,-31.4,4.998,4.998,4.998,4.998,69
2022-01-26 02:55:22,0.0,0.0,0,0.0,0.0,0,0.0,0.0,0,424.00,0.00,0.00,313,12.53,4.35,0.00,-31.4,4.998,4.998,4.998,4.998,45
2022-01-26 02:56:22,0.0,0.0,0,0.0,0.0,0,0.0,0.0,0,424.00,0.00,0.00,313,12.53,4.35,0.00,-31.4,4.998,4.998,4.998,4.998,113
2022-01-26 02:57:22,0.0,0.0,0,0.0,0.0,0,0.0,0.0,0,424.00,0.00,0.00,313,12.53,4.35,0.00,-31.4,4.998,4.998,4.998,4.998,25
2022-01-26 02:58:22,0.0,0.0,0,0.0,0.0,0,0.0,0.0,0,424.00,0.00,0.00,313,12.49,4.35,0.00,-31.4,4.998,4.998,4.998,4.998,125
2022-01-26 02:59:22,0.0,0.0,0,0.0,0.0,0,0.0,0.0,0,424.00,0.00,0.00,313,12.49,4.35,0.00,-30.9,4.998,4.998,4.998,4.998,11
2022-01-26 03:00:22,0.0,0.0,0,0.0,0.0,0,0.0,0.0,0,424.00,0.00,0.00,313,12.49,4.35,0.00,-31.4,4.998,4.998,4.998,4.998,10
2022-01-26 03:01:22,0.0,0.0,0,0.0,0.0,0,0.0,0.0,0,424.00,0.00,0.00,313,12.49,4.35,0.00,-31.4,4.998,4.998,4.998,4.998,98
2022-01-26 03:02:22,0.0,0.0,0,0.0,0.0,0,0.0,0.0,0,424.00,0.00,0.00,313,12.49,4.35,0.00,-30.9,4.998,4.998,4.998,4.998,32
2022-01-26 03:03:22,0.0,0.0,0,0.0,0.0,0,0.0,0.0,0,424.00,0.00,0.00,313,12.49,4.35,0.00,-30.9,4.998,4.998,4.998,4.998,72
2022-01-26 03:04:22,0.0,0.0,0,0.0,0.0,0,0.0,0.0,0,424.00,0.00,0.00,313,12.49,4.35,0.00,-30.9,4.998,4.998,4.998,4.998,14
2022-01-26 03:05:22,0.0,0.0,0,0.0,0.0,0,0.0,0.0,0,424.00,0.00,0.00,313,12.53,4.35,0.00,-30.9,4.998,4.998,4.998,4.998,73
2022-01-26 03:06:22,0.0,0.0,0,0.0,0.0,0,0.0,0.0,0,424.00,0.00,0.00,313,12.53,4.35,0.00,-30.9,4.998,4.998,4.998,4.998,21
2022-01-26 03:07:22,0.0,0.0,0,0.0,0.0,0,0.0,0.0,0,424.00,0.00,0.00,313,12.53,4.35,0.00,-30.9,4.998,4.998,4.998,4.998,125
2022-01-26 03:08:22,0.0,0.0,0,0.0,0.0,0,0.0,0.0,0,424.00,0.00,0.00,313,12.53,4.35,0.00,-30.9,4.998,4.998,4.998,4.998,54
2022-01-26 03:09:22,0.0,0.0,0,0.0,0.0,0,0.0,0.0,0,424.00,0.00,0.00,313,12.49,4.35,0.00,-30.9,4.998,4.998,4.998,4.998,113
2022-01-26 03:10:22,0.0,0.0,0,0.0,0.0,0,0.0,0.0,0,424.00,0.00,0.00,313,12.49,4.35,0.00,-30.9,4.998,4.998,4.998,4.998,109
2022-01-26 03:11:22,0.0,0.0,0,0.0,0.0,0,0.0,0.0,0,424.00,0.00,0.00,313,12.49,4.35,0.00,-30.4,4.998,4.998,4.998,4.998,213
2022-01-26 03:12:22,0.0,0.0,0,0.0,0.0,0,0.0,0.0,0,424.00,0.00,0.00,313,12.49,4.35,0.00,-30.9,4.998,4.998,4.998,4.998,89
2022-01-26 03:13:22,0.0,0.0,0,0.0,0.0,0,0.0,0.0,0,424.00,0.00,0.00,313,12.53,4.35,0.00,-30.9,4.998,4.998,4.998,4.998,30
2022-01-26 03:14:22,0.0,0.0,0,0.0,0.0,0,0.0,0.0,0,424.00,0.00,0.00,313,12.49,4.35,0.00,-30.4,4.998,4.998,4.998,4.998,167
2022-01-26 03:15:22,0.0,0.0,0,0.0,0.0,0,0.0,0.0,0,424.00,0.00,0.00,313,12.53,4.35,0.00,-30.9,4.998,4.998,4.998,4.998,48
2022-01-26 03:16:22,0.0,0.0,0,0.0,0.0,0,0.0,0.0,0,424.00,0.00,0.00,313,12.49,4.35,0.00,-30.9,4.998,4.998,4.998,4.998,67
2022-01-26 03:17:22,0.0,0.0,0,0.0,0.0,0,0.0,0.0,0,424.00,0.00,0.00,313,12.49,4.35,0.00,-30.9,4.998,4.998,4.998,4.998,43
2022-01-26 03:18:22,0.0,0.0,0,0.0,0.0,0,0.0,0.0,0,424.00,0.00,0.00,313,12.49,4.35,0.00,-30.9,4.998,4.998,4.998,4.998,96
2022-01-26 03:19:22,2.5,2.5,12,0.0,0.0,0,0.0,0.0,0,436.00,0.00,0.00,313,12.49,4.35,0.00,-31.4,4.998,4.998,4.998,4.998,50
2022-01-26 03:20:22,2.4,2.6,105,0.0,0.0,0,0.0,0.0,0,541.00,0.00,0.00,313,12.49,4.35,0.00,-31.9,4.998,4.998,4.998,4.998,174
2022-01-26 03:21:22,1.8,2.4,91,0.0,0.0,0,0.0,0.0,0,632.00,0.00,0.00,313,12.49,4.35,0.00,-31.9,4.998,4.998,4.998,4.998,90
2022-01-26 03:22:22,2.2,2.4,94,0.0,0.0,0,0.0,0.0,0,726.00,0.00,0.00,313,12.49,4.35,0.00,-31.4,4.998,4.998,4.998,4.998,184
2022-01-26 03:23:22,1.3,2.4,51,0.0,0.0,0,0.0,0.0,0,777.00,0.00,0.00,313,12.49,4.35,0.00,-31.4,4.998,4.998,4.998,4.998,127
2022-01-26 03:24:22,0.0,1.1,3,0.0,0.0,0,0.0,0.0,0,780.00,0.00,0.00,313,12.49,4.35,0.00,-31.4,4.998,4.998,4.998,4.998,35
2022-01-26 03:25:22,0.0,1.6,12,0.0,0.0,0,0.0,0.0,0,792.00,0.00,0.00,313,12.49,4.35,0.00,-31.4,4.998,4.998,4.998,4.998,148
2022-01-26 03:26:22,0.0,0.0,0,0.0,0.0,0,0.0,0.0,0,792.00,0.00,0.00,313,12.53,4.35,0.00,-31.4,4.998,4.998,4.998,4.998,188
2022-01-26 03:27:22,0.0,0.0,0,0.0,0.0,0,0.0,0.0,0,792.00,0.00,0.00,313,12.49,4.35,0.00,-30.9,4.998,4.998,4.998,4.998,229
2022-01-26 03:28:22,0.0,0.0,0,0.0,0.0,0,0.0,0.0,0,792.00,0.00,0.00,313,12.49,4.35,0.00,-30.9,4.998,4.998,4.998,4.998,174
2022-01-26 03:29:22,0.0,0.0,0,0.0,0.0,0,0.0,0.0,0,792.00,0.00,0.00,313,12.49,4.35,0.00,-30.9,4.998,4.998,4.998,4.998,198
2022-01-26 03:30:22,0.0,0.0,0,0.0,0.0,0,0.0,0.0,0,792.00,0.00,0.00,313,12.49,4.35,0.00,-30.4,4.998,4.998,4.998,4.998,10
2022-01-26 03:31:22,0.0,0.0,0,0.0,0.0,0,0.0,0.0,0,792.00,0.00,0.00,313,12.49,4.35,0.00,-30.9,4.998,4.998,4.998,4.998,178
2022-01-26 03:32:22,0.0,0.0,0,0.0,0.0,0,0.0,0.0,0,792.00,0.00,0.00,313,12.49,4.35,0.00,-30.9,4.998,4.998,4.998,4.998,238
2022-01-26 03:33:22,0.0,0.0,0,0.0,0.0,0,0.0,0.0,0,792.00,0.00,0.00,313,12.53,4.35,0.00,-30.9,4.998,4.998,4.998,4.998,169
2022-01-26 03:34:22,1.8,2.4,76,0.0,0.0,0,0.0,0.0,0,868.00,0.00,0.00,313,12.49,4.35,0.00,-30.4,4.998,4.998,4.998,4.998,51
2022-01-26 03:35:22,2.0,3.2,114,0.0,0.0,0,0.0,0.0,0,982.00,0.00,0.00,313,12.49,4.36,0.00,-30.4,4.998,4.998,4.998,4.998,247
2022-01-26 03:36:22,2.6,3.1,124,0.0,0.0,0,0.0,0.0,0,1106.00,0.00,0.00,313,12.49,4.36,0.00,-30.4,4.998,4.998,4.998,4.998,196
2022-01-26 03:37:22,1.5,3.2,124,0.0,0.0,0,0.0,0.0,0,1230.00,0.00,0.00,314,12.49,4.36,0.00,-30.4,4.998,4.998,4.998,4.998,37
2022-01-26 03:38:22,1.3,1.6,25,0.0,0.0,0,0.0,0.0,0,1255.00,0.00,0.00,314,12.49,4.36,0.00,-30.4,4.998,4.998,4.998,4.998,31
2022-01-26 03:39:22,0.0,1.3,5,0.0,0.0,0,0.0,0.0,0,1260.00,0.00,0.00,313,12.49,4.36,0.00,-30.4,4.998,4.998,4.998,4.998,21
2022-01-26 03:40:22,0.0,0.0,0,0.0,0.0,0,0.0,0.0,0,1260.00,0.00,0.00,313,12.49,4.36,0.00,-30.4,4.998,4.998,4.998,4.998,11
2022-01-26 03:41:22,0.0,0.0,1,0.0,0.0,0,0.0,0.0,0,1261.00,0.00,0.00,313,12.49,4.36,0.00,-30.4,4.998,4.998,4.998,4.998,250
2022-01-26 03:42:22,1.5,1.9,23,0.0,0.0,0,0.0,0.0,0,1284.00,0.00,0.00,313,12.49,4.36,0.00,-29.9,4.998,4.998,4.998,4.998,227
2022-01-26 03:43:22,0.0,1.5,21,0.0,0.0,0,0.0,0.0,0,1305.00,0.00,0.00,314,12.49,4.36,0.00,-29.9,4.998,4.998,4.998,4.998,147
2022-01-26 03:44:22,0.0,0.0,0,0.0,0.0,0,0.0,0.0,0,1305.00,0.00,0.00,313,12.49,4.36,0.00,-29.9,4.998,4.998,4.998,4.998,203
2022-01-26 03:45:22,1.2,1.6,12,0.0,0.0,0,0.0,0.0,0,1317.00,0.00,0.00,314,12.49,4.36,0.00,-29.9,4.998,4.998,4.998,4.998,129
2022-01-26 03:46:22,2.1,2.2,41,0.0,0.0,0,0.0,0.0,0,1358.00,0.00,0.00,313,12.49,4.36,0.00,-29.9,4.998,4.998,4.998,4.998,185
2022-01-26 03:47:22,0.0,2.4,28,0.0,0.0,0,0.0,0.0,0,1386.00,0.00,0.00,314,12.49,4.36,0.00,-30.4,4.998,4.998,4.998,4.998,208
2022-01-26 03:48:22,0.0,1.0,2,0.0,0.0,0,0.0,0.0,0,1388.00,0.00,0.00,314,12.49,4.36,0.00,-30.4,4.998,4.998,4.998,4.998,36
2022-01-26 03:49:22,0.0,0.0,0,0.0,0.0,0,0.0,0.0,0,1388.00,0.00,0.00,313,12.49,4.36,0.00,-30.9,4.998,4.998,4.998,4.998,146
2022-01-26 03:50:22,0.0,0.0,0,0.0,0.0,0,0.0,0.0,0,1388.00,0.00,0.00,313,12.49,4.36,0.00,-30.9,4.998,4.998,4.998,4.998,150
2022-01-26 03:51:22,0.0,0.0,0,0.0,0.0,0,0.0,0.0,0,1388.00,0.00,0.00,313,12.49,4.36,0.00,-30.4,4.998,4.998,4.998,4.998,63
2022-01-26 03:52:22,0.0,0.0,0,0.0,0.0,0,0.0,0.0,0,1388.00,0.00,0.00,313,12.49,4.36,0.00,-29.9,4.998,4.998,4.998,4.998,252
2022-01-26 03:53:22,0.0,0.0,0,0.0,0.0,0,0.0,0.0,0,1388.00,0.00,0.00,313,12.49,4.36,0.00,-29.9,4.998,4.998,4.998,4.998,133
2022-01-26 03:54:22,0.0,0.0,0,0.0,0.0,0,0.0,0.0,0,1388.00,0.00,0.00,313,12.49,4.36,0.00,-29.4,4.998,4.998,4.998,4.998,79
2022-01-26 03:55:22,1.0,1.6,29,0.0,0.0,0,0.0,0.0,0,1417.00,0.00,0.00,313,12.49,4.36,0.00,-30.4,4.998,4.998,4.998,4.998,110
2022-01-26 03:56:22,0.0,2.2,31,0.0,0.0,0,0.0,0.0,0,1448.00,0.00,0.00,313,12.49,4.36,0.00,-30.9,4.998,4.998,4.998,4.998,163
2022-01-26 03:57:22,0.0,1.7,17,0.0,0.0,0,0.0,0.0,0,1465.00,0.00,0.00,313,12.49,4.36,0.00,-30.4,4.998,4.998,4.998,4.998,174
2022-01-26 03:58:22,0.0,2.2,14,0.0,0.0,0,0.0,0.0,0,1479.00,0.00,0.00,313,12.49,4.36,0.00,-30.9,4.998,4.998,4.998,4.998,224
2022-01-26 03:59:22,1.8,2.7,52,0.0,0.0,0,0.0,0.0,0,1531.00,0.00,0.00,313,12.49,4.36,0.00,-29.4,4.998,4.998,4.998,4.998,27
2022-01-26 04:00:22,0.9,3.1,40,0.0,0.0,0,0.0,0.0,0,1571.00,0.00,0.00,311,12.49,4.33,0.00,-29.4,4.998,4.998,4.998,4.998,177
2022-01-26 04:01:22,0.0,1.6,13,0.0,0.0,0,0.0,0.0,0,1584.00,0.00,0.00,311,12.49,4.33,0.00,-29.4,4.998,4.998,4.998,4.998,74
2022-01-26 04:02:22,0.0,0.0,0,0.0,0.0,0,0.0,0.0,0,1584.00,0.00,0.00,311,12.46,4.33,0.00,-29.4,4.998,4.998,4.998,4.998,127
2022-01-26 04:03:22,1.2,1.2,3,0.0,0.0,0,0.0,0.0,0,1587.00,0.00,0.00,311,12.49,4.33,0.00,-29.4,4.998,4.998,4.998,4.998,53
2022-01-26 04:04:22,0.0,1.2,2,0.0,0.0,0,0.0,0.0,0,1589.00,0.00,0.00,311,12.49,4.33,0.00,-29.4,4.998,4.998,4.998,4.998,152
2022-01-26 04:05:22,0.0,0.0,0,0.0,0.0,0,0.0,0.0,0,1589.00,0.00,0.00,311,12.49,4.33,0.00,-29.4,4.998,4.998,4.998,4.998,244
2022-01-26 04:06:22,0.0,1.0,3,0.0,0.0,0,0.0,0.0,0,1592.00,0.00,0.00,311,12.49,4.33,0.00,-28.0,4.998,4.998,4.998,4.998,17
2022-01-26 04:07:22,0.0,1.5,9,0.0,0.0,0,0.0,0.0,0,1601.00,0.00,0.00,311,12.49,4.33,0.00,-27.5,4.998,4.998,4.998,4.998,49
2022-01-26 04:08:22,0.0,1.2,4,0.0,0.0,0,0.0,0.0,0,1605.00,0.00,0.00,311,12.49,4.33,0.00,-28.0,4.998,4.998,4.998,4.998,249
2022-01-26 04:09:22,0.0,1.7,8,0.0,0.0,0,0.0,0.0,0,1613.00,0.00,0.00,311,12.49,4.33,0.00,-28.0,4.998,4.998,4.998,4.998,189
2022-01-26 04:10:22,0.0,0.0,0,0.0,0.0,0,0.0,0.0,0,1613.00,0.00,0.00,311,12.49,4.32,0.00,-27.5,4.998,4.998,4.998,4.998,168
2022-01-26 04:11:22,0.0,0.0,0,0.0,0.0,0,0.0,0.0,0,1613.00,0.00,0.00,311,12.49,4.33,0.00,-28.0,4.998,4.998,4.998,4.998,19
2022-01-26 04:12:22,0.0,0.0,1,0.0,0.0,0,0.0,0.0,0,1614.00,0.00,0.00,311,12.49,4.33,0.00,-28.5,4.998,4.998,4.998,4.998,241
2022-01-26 04:13:22,0.0,1.9,11,0.0,0.0,0,0.0,0.0,0,1625.00,0.00,0.00,311,12.49,4.33,0.00,-27.5,4.998,4.998,4.998,4.998,69
2022-01-26 04:14:22,0.0,0.0,0,0.0,0.0,0,0.0,0.0,0,1625.00,0.00,0.00,312,12.49,4.33,0.00,-26.0,4.998,4.998,4.998,4.998,169
2022-01-26 04:15:22,0.0,2.8,28,0.0,0.0,0,0.0,0.0,0,1653.00,0.00,0.00,312,12.46,4.33,0.00,-26.5,4.998,4.998,4.998,4.998,245
2022-01-26 04:16:22,0.0,2.5,42,0.0,0.0,0,0.0,0.0,0,1695.00,0.00,0.00,307,12.49,4.27,0.00,-26.5,4.998,4.998,4.998,4.998,71
2022-01-26 04:17:22,0.0,1.9,18,0.0,0.0,0,0.0,0.0,0,1713.00,0.00,0.00,308,12.49,4.28,0.00,-26.0,4.998,4.998,4.998,4.998,244
2022-01-26 04:18:22,0.0,2.3,20,0.0,0.0,0,0.0,0.0,0,1733.00,0.00,0.00,308,12.49,4.28,0.00,-25.5,4.998,4.998,4.998,4.998,206
2022-01-26 04:19:22,0.0,1.6,8,0.0,0.0,0,0.0,0.0,0,1741.00,0.00,0.00,308,12.49,4.28,0.00,-24.6,4.998,4.998,4.998,4.998,242
2022-01-26 04:20:22,0.0,1.4,4,0.0,0.0,0,0.0,0.0,0,1745.00,0.00,0.00,308,12.49,4.28,0.00,-23.6,4.998,4.998,4.998,4.998,153
2022-01-26 04:21:22,1.5,2.2,31,0.0,0.0,0,0.0,0.0,0,1776.00,0.00,0.00,308,12.49,4.28,0.00,-22.6,4.998,4.998,4.998,4.998,247
2022-01-26 04:22:22,2.2,2.5,65,0.0,0.0,0,0.0,0.0,0,1841.00,0.00,0.00,309,12.49,4.29,0.00,-24.6,4.998,4.998,4.998,4.998,151
2022-01-26 04:23:22,1.0,3.1,83,0.0,0.0,0,0.0,0.0,0,1924.00,0.00,0.00,313,12.49,4.35,0.00,-26.0,4.998,4.998,4.998,4.998,139
2022-01-26 04:24:22,1.6,2.7,38,0.0,0.0,0,0.0,0.0,0,1962.00,0.00,0.00,313,12.49,4.36,0.00,-25.1,4.998,4.998,4.998,4.998,156
2022-01-26 04:25:22,0.9,1.8,34,0.0,0.0,0,0.0,0.0,0,1996.00,0.00,0.00,313,12.46,4.36,0.00,-22.1,4.998,4.998,4.998,4.998,165
2022-01-26 04:26:22,0.0,1.8,25,0.0,0.0,0,0.0,0.0,0,2021.00,0.00,0.00,313,12.46,4.35,0.00,-22.1,4.998,4.998,4.998,4.998,154
2022-01-26 04:27:22,0.0,1.3,3,0.0,0.0,0,0.0,0.0,0,2024.00,0.00,0.00,313,12.49,4.35,0.00,-23.6,4.998,4.998,4.998,4.998,14
2022-01-26 04:28:22,1.7,2.6,45,0.0,0.0,0,0.0,0.0,0,2069.00,0.00,0.00,313,12.49,4.35,0.00,-25.5,4.998,4.998,4.998,4.998,114
2022-01-26 04:29:22,0.0,1.6,12,0.0,0.0,0,0.0,0.0,0,2081.00,0.00,0.00,313,12.49,4.35,0.00,-25.5,4.998,4.998,4.998,4.998,102
2022-01-26 04:30:22,0.0,1.8,23,0.0,0.0,0,0.0,0.0,0,2104.00,0.00,0.00,313,12.49,4.35,0.00,-25.5,4.998,4.998,4.998,4.998,185
2022-01-26 04:31:22,1.3,2.1,20,0.0,0.0,0,0.0,0.0,0,2124.00,0.00,0.00,313,12.49,4.35,0.00,-23.6,4.998,4.998,4.998,4.998,18
2022-01-26 04:32:22,1.4,2.1,41,0.0,0.0,0,0.0,0.0,0,2165.00,0.00,0.00,313,12.49,4.35,0.00,-22.6,4.998,4.998,4.998,4.998,248
2022-01-26 04:33:22,0.0,1.1,12,0.0,0.0,0,0.0,0.0,0,2177.00,0.00,0.00,313,12.49,4.35,0.00,-22.1,4.998,4.998,4.998,4.998,13
2022-01-26 04:34:22,0.0,0.0,0,0.0,0.0,0,0.0,0.0,0,2177.00,0.00,0.00,313,12.49,4.35,0.00,-21.6,4.998,4.998,4.998,4.998,70
2022-01-26 04:35:22,0.0,0.0,0,0.0,0.0,0,0.0,0.0,0,2177.00,0.00,0.00,313,12.49,4.35,0.00,-23.1,4.998,4.998,4.998,4.998,178
2022-01-26 04:36:22,0.0,0.0,0,0.0,0.0,0,0.0,0.0,0,2177.00,0.00,0.00,313,12.49,4.35,0.00,-21.6,4.998,4.998,4.998,4.998,249
2022-01-26 04:37:22,0.0,0.0,0,0.0,0.0,0,0.0,0.0,0,2177.00,0.00,0.00,313,12.49,4.35,0.00,-23.1,4.998,4.998,4.998,4.998,13
2022-01-26 04:38:22,0.0,0.9,2,0.0,0.0,0,0.0,0.0,0,2179.00,0.00,0.00,313,12.49,4.35,0.00,-22.6,4.998,4.998,4.998,4.998,223
2022-01-26 04:39:22,0.0,0.0,0,0.0,0.0,0,0.0,0.0,0,2179.00,0.00,0.00,313,12.49,4.35,0.00,-23.1,4.998,4.998,4.998,4.998,1
2022-01-26 04:40:22,0.0,0.0,0,0.0,0.0,0,0.0,0.0,0,2179.00,0.00,0.00,313,12.49,4.35,0.00,-22.6,4.998,4.998,4.998,4.998,238
2022-01-26 04:41:22,1.2,3.6,64,0.0,0.0,0,0.0,0.0,0,2243.00,0.00,0.00,244,12.49,3.39,0.00,-22.1,4.998,4.998,4.998,4.998,96
2022-01-26 04:42:22,0.8,2.0,36,0.0,0.0,0,0.0,0.0,0,2279.00,0.00,0.00,243,12.49,3.38,0.00,-21.1,4.998,4.998,4.998,4.998,233
2022-01-26 04:43:22,0.0,1.7,25,0.0,0.0,0,0.0,0.0,0,2304.00,0.00,0.00,215,12.49,2.99,0.00,-22.6,4.998,4.998,4.998,4.998,38
2022-01-26 04:44:22,1.4,2.6,37,0.0,0.0,0,0.0,0.0,0,2341.00,0.00,0.00,215,12.49,2.99,0.00,-22.1,4.998,4.998,4.998,4.998,211
2022-01-26 04:45:22,0.0,2.0,24,0.0,0.0,0,0.0,0.0,0,2365.00,0.00,0.00,215,12.49,2.99,0.00,-22.1,4.998,4.998,4.998,4.998,161
2022-01-26 04:46:22,1.3,2.7,71,0.0,0.0,0,0.0,0.0,0,2436.00,0.00,0.00,215,12.49,2.98,0.00,-21.1,4.998,4.998,4.998,4.998,143
2022-01-26 04:47:22,1.2,1.6,16,0.0,0.0,0,0.0,0.0,0,2452.00,0.00,0.00,215,12.49,2.99,0.00,-22.1,4.998,4.998,4.998,4.998,138
2022-01-26 04:48:22,2.5,3.2,30,0.0,0.0,0,0.0,0.0,0,2482.00,0.00,0.00,211,12.49,2.94,0.00,-21.6,4.998,4.998,4.998,4.998,188
2022-01-26 04:49:22,1.5,2.7,56,0.0,0.0,0,0.0,0.0,0,2538.00,0.00,0.00,211,12.49,2.93,0.00,-20.7,4.998,4.998,4.998,4.998,63
2022-01-26 04:50:22,2.3,2.7,53,0.0,0.0,0,0.0,0.0,0,2591.00,0.00,0.00,182,12.49,2.52,0.00,-21.6,4.998,4.998,4.998,4.998,139
2022-01-26 04:51:22,2.7,3.1,81,0.0,0.0,0,0.0,0.0,0,2672.00,0.00,0.00,182,12.49,2.52,0.00,-22.1,4.998,4.998,4.998,4.998,191
2022-01-26 04:52:22,2.4,2.7,54,0.0,0.0,0,0.0,0.0,0,2726.00,0.00,0.00,182,12.49,2.53,0.00,-20.7,4.998,4.998,4.998,4.998,224
2022-01-26 04:53:22,5.2,6.0,255,0.0,0.0,0,0.0,0.0,0,2981.00,0.00,0.00,164,12.49,2.28,0.00,-20.2,4.998,4.998,4.998,4.998,184
2022-01-26 04:54:22,5.0,6.7,231,0.0,0.0,0,0.0,0.0,0,3212.00,0.00,0.00,192,12.49,2.67,0.00,-19.2,4.998,4.998,4.998,4.998,205
2022-01-26 04:55:22,3.4,5.1,201,0.0,0.0,0,0.0,0.0,0,3413.00,0.00,0.00,194,12.49,2.70,0.00,-19.7,4.998,4.998,4.998,4.998,80
2022-01-26 04:56:22,3.0,5.1,156,0.0,0.0,0,0.0,0.0,0,3569.00,0.00,0.00,178,12.49,2.48,0.00,-18.7,4.998,4.998,4.998,4.998,203
2022-01-26 04:57:22,4.3,7.4,295,0.0,0.0,0,0.0,0.0,0,3864.00,0.00,0.00,176,12.49,2.45,0.00,-18.2,4.998,4.998,4.998,4.998,149
2022-01-26 04:58:22,3.7,7.9,254,0.0,0.0,0,0.0,0.0,0,4118.00,0.00,0.00,194,12.49,2.70,0.00,-18.2,4.998,4.998,4.998,4.998,170
2022-01-26 04:59:22,2.1,4.8,120,0.0,0.0,0,0.0,0.0,0,4238.00,0.00,0.00,216,12.49,3.01,0.00,-17.7,4.998,4.998,4.998,4.998,25
2022-01-26 05:00:22,1.7,2.3,48,0.0,0.0,0,0.0,0.0,0,4286.00,0.00,0.00,212,12.49,2.94,0.00,-18.2,4.998,4.998,4.998,4.998,64
2022-01-26 05:01:22,3.7,5.9,196,0.0,0.0,0,0.0,0.0,0,4482.00,0.00,0.00,202,12.49,2.80,0.00,-18.2,4.998,4.998,4.998,4.998,21
2022-01-26 05:02:22,3.2,5.4,209,0.0,0.0,0,0.0,0.0,0,4691.00,0.00,0.00,165,12.49,2.29,0.00,-17.7,4.998,4.998,4.998,4.998,118
2022-01-26 05:03:22,5.1,6.6,208,0.0,0.0,0,0.0,0.0,0,4899.00,0.00,0.00,200,12.49,2.78,0.00,-17.7,4.998,4.998,4.998,4.998,104
2022-01-26 05:04:22,2.3,9.5,294,0.0,0.0,0,0.0,0.0,0,5193.00,0.00,0.00,176,12.49,2.45,0.00,-17.7,4.998,4.998,4.998,4.998,145
2022-01-26 05:05:22,6.7,8.8,290,0.0,0.0,0,0.0,0.0,0,5483.00,0.00,0.00,221,12.53,3.07,0.00,-17.2,4.998,4.998,4.998,4.998,151
2022-01-26 05:06:22,5.3,8.7,311,0.0,0.0,0,0.0,0.0,0,5794.00,0.00,0.00,193,12.49,2.68,0.00,-17.2,4.998,4.998,4.998,4.998,26
2022-01-26 05:07:22,2.6,5.9,173,0.0,0.0,0,0.0,0.0,0,5967.00,0.00,0.00,201,12.49,2.80,0.00,-17.2,4.998,4.998,4.998,4.998,38
2022-01-26 05:08:22,2.8,5.5,203,0.0,0.0,0,0.0,0.0,0,6170.00,0.00,0.00,201,12.53,2.80,0.00,-17.2,4.998,4.998,4.998,4.998,124
2022-01-26 05:09:22,1.7,7.0,214,0.0,0.0,0,0.0,0.0,0,6384.00,0.00,0.00,211,12.49,2.93,0.00,-17.2,4.998,4.998,4.998,4.998,23
2022-01-26 05:10:22,3.1,6.5,247,0.0,0.0,0,0.0,0.0,0,6631.00,0.00,0.00,208,12.53,2.89,0.00,-17.2,4.998,4.998,4.998,4.998,140
2022-01-26 05:11:22,2.8,4.8,176,0.0,0.0,0,0.0,0.0,0,6807.00,0.00,0.00,160,12.53,2.22,0.00,-17.2,4.998,4.998,4.998,4.998,122
2022-01-26 05:12:22,4.9,5.9,230,0.0,0.0,0,0.0,0.0,0,7037.00,0.00,0.00,184,12.49,2.55,0.00,-17.7,4.998,4.998,4.998,4.998,114
2022-01-26 05:13:22,4.5,8.3,284,0.0,0.0,0,0.0,0.0,0,7321.00,0.00,0.00,181,12.49,2.51,0.00,-17.2,4.998,4.998,4.998,4.998,187
2022-01-26 05:14:22,2.9,8.0,220,0.0,0.0,0,0.0,0.0,0,7541.00,0.00,0.00,181,12.49,2.52,0.00,-17.2,4.998,4.998,4.998,4.998,78
2022-01-26 05:15:22,4.1,6.8,219,0.0,0.0,0,0.0,0.0,0,7760.00,0.00,0.00,184,12.53,2.56,0.00,-16.8,4.998,4.998,4.998,4.998,39
2022-01-26 05:16:22,2.4,8.0,310,0.0,0.0,0,0.0,0.0,0,8070.00,0.00,0.00,168,12.53,2.33,0.00,-17.2,4.998,4.998,4.998,4.998,151
2022-01-26 05:17:22,3.1,5.4,224,0.0,0.0,0,0.0,0.0,0,8294.00,0.00,0.00,175,12.49,2.43,0.00,-17.2,4.998,4.998,4.998,4.998,105
2022-01-26 05:18:22,4.8,7.3,273,0.0,0.0,0,0.0,0.0,0,8567.00,0.00,0.00,175,12.53,2.44,0.00,-17.2,4.998,4.998,4.998,4.998,205
2022-01-26 05:19:22,4.1,9.8,380,0.0,0.0,0,0.0,0.0,0,8947.00,0.00,0.00,178,12.53,2.47,0.00,-16.8,4.998,4.998,4.998,4.998,20
2022-01-26 05:20:22,4.8,7.5,305,0.0,0.0,0,0.0,0.0,0,9252.00,0.00,0.00,201,12.53,2.79,0.00,-16.8,4.998,4.998,4.998,4.998,66
2022-01-26 05:21:22,3.6,6.2,269,0.0,0.0,0,0.0,0.0,0,9521.00,0.00,0.00,209,12.49,2.91,0.00,-16.8,4.998,4.998,4.998,4.998,18
2022-01-26 05:22:22,4.7,5.9,226,0.0,0.0,0,0.0,0.0,0,9747.00,0.00,0.00,185,12.53,2.57,0.00,-17.2,4.998,4.998,4.998,4.998,235
2022-01-26 05:23:22,5.2,8.6,343,0.0,0.0,0,0.0,0.0,0,10090.00,0.00,0.00,174,12.53,2.42,0.00,-16.3,4.998,4.998,4.998,4.998,125
2022-01-26 05:24:22,5.1,6.6,286,0.0,0.0,0,0.0,0.0,0,10376.00,0.00,0.00,192,12.53,2.67,0.00,-16.8,4.998,4.998,4.998,4.998,4
2022-01-26 05:25:22,4.5,7.8,339,0.0,0.0,0,0.0,0.0,0,10715.00,0.00,0.00,145,12.53,2.02,0.00,-16.8,4.998,4.998,4.998,4.998,26
2022-01-26 05:26:22,5.5,5.7,243,0.0,0.0,0,0.0,0.0,0,10958.00,0.00,0.00,199,12.49,2.76,0.00,-16.8,4.998,4.998,4.998,4.998,85
2022-01-26 05:27:22,2.6,7.1,311,0.0,0.0,0,0.0,0.0,0,11269.00,0.00,0.00,175,12.53,2.43,0.00,-16.8,4.998,4.998,4.998,4.998,3
2022-01-26 05:28:22,4.9,5.1,201,0.0,0.0,0,0.0,0.0,0,11470.00,0.00,0.00,173,12.53,2.40,0.00,-17.2,4.998,4.998,4.998,4.998,64
2022-01-26 05:29:22,4.7,7.5,301,0.0,0.0,0,0.0,0.0,0,11771.00,0.00,0.00,170,12.53,2.37,0.00,-16.3,4.998,4.998,4.998,4.998,81
2022-01-26 05:30:22,4.3,4.8,173,0.0,0.0,0,0.0,0.0,0,11944.00,0.00,0.00,179,12.53,2.49,0.00,-16.8,4.998,4.998,4.998,4.998,218
2022-01-26 05:31:22,3.3,10.6,367,0.0,0.0,0,0.0,0.0,0,12311.00,0.00,0.00,185,12.53,2.57,0.00,-16.8,4.998,4.998,4.998,4.998,217
2022-01-26 05:32:22,5.8,6.3,238,0.0,0.0,0,0.0,0.0,0,12549.00,0.00,0.00,202,12.53,2.81,0.00,-17.2,4.998,4.998,4.998,4.998,164
2022-01-26 05:33:22,6.6,8.2,306,0.0,0.0,0,0.0,0.0,0,12855.00,0.00,0.00,195,12.53,2.71,0.00,-16.8,4.998,4.998,4.998,4.998,155
2022-01-26 05:34:22,4.0,6.8,279,0.0,0.0,0,0.0,0.0,0,13134.00,0.00,0.00,188,12.53,2.61,0.00,-16.8,4.998,4.998,4.998,4.998,194
2022-01-26 05:35:22,5.0,9.5,338,0.0,0.0,0,0.0,0.0,0,13472.00,0.00,0.00,167,12.53,2.32,0.00,-16.3,4.998,4.998,4.998,4.998,132
2022-01-26 05:36:22,4.3,7.3,313,0.0,0.0,0,0.0,0.0,0,13785.00,0.00,0.00,184,12.53,2.56,0.00,-16.3,4.998,4.998,4.998,4.998,42
2022-01-26 05:37:22,4.2,6.6,277,0.0,0.0,0,0.0,0.0,0,14062.00,0.00,0.00,202,12.53,2.81,0.00,-16.3,4.998,4.998,4.998,4.998,115
2022-01-26 05:38:22,4.3,5.7,223,0.0,0.0,0,0.0,0.0,0,14285.00,0.00,0.00,173,12.53,2.41,0.00,-16.3,4.998,4.998,4.998,4.998,182
2022-01-26 05:39:22,5.4,7.3,260,0.0,0.0,0,0.0,0.0,0,14545.00,0.00,0.00,195,12.53,2.71,0.00,-16.3,4.998,4.998,4.998,4.998,171
2022-01-26 05:40:22,7.8,10.3,356,0.0,0.0,0,0.0,0.0,0,14901.00,0.00,0.00,197,12.53,2.74,0.00,-16.3,4.998,4.998,4.998,4.998,176
2022-01-26 05:41:22,6.9,7.8,300,0.0,0.0,0,0.0,0.0,0,15201.00,0.00,0.00,195,12.53,2.71,0.00,-16.3,4.998,4.998,4.998,4.998,240
2022-01-26 05:42:22,5.8,8.5,359,0.0,0.0,0,0.0,0.0,0,15560.00,0.00,0.00,173,12.57,2.41,0.00,-15.8,4.998,4.998,4.998,4.998,70
2022-01-26 05:43:22,6.0,8.0,352,0.0,0.0,0,0.0,0.0,0,15912.00,0.00,0.00,189,12.53,2.63,0.00,-16.3,4.998,4.998,4.998,4.998,222
2022-01-26 05:44:22,7.0,7.4,315,0.0,0.0,0,0.0,0.0,0,16227.00,0.00,0.00,185,12.53,2.57,0.00,-16.3,4.998,4.998,4.998,4.998,176
2022-01-26 05:45:22,5.2,7.4,289,0.0,0.0,0,0.0,0.0,0,16516.00,0.00,0.00,185,12.53,2.58,0.00,-16.3,4.998,4.998,4.998,4.998,171
2022-01-26 05:46:22,4.1,8.4,367,0.0,0.0,0,0.0,0.0,0,16883.00,0.00,0.00,190,12.53,2.64,0.00,-15.8,4.998,4.998,4.998,4.998,51
2022-01-26 05:47:22,7.2,10.1,337,0.0,0.0,0,0.0,0.0,0,17220.00,0.00,0.00,176,12.53,2.45,0.00,-16.3,4.998,4.998,4.998,4.998,57
2022-01-26 05:48:22,4.1,8.2,321,0.0,0.0,0,0.0,0.0,0,17541.00,0.00,0.00,161,12.53,2.24,0.00,-15.8,4.998,4.998,4.998,4.998,91
2022-01-26 05:49:22,7.3,7.7,316,0.0,0.0,0,0.0,0.0,0,17857.00,0.00,0.00,160,12.53,2.23,0.00,-16.3,4.998,4.998,4.998,4.998,241
2022-01-26 05:50:22,6.9,7.6,294,0.0,0.0,0,0.0,0.0,0,18151.00,0.00,0.00,155,12.53,2.15,0.00,-16.3,4.998,4.998,4.998,4.998,241
2022-01-26 05:51:22,5.8,8.0,362,0.0,0.0,0,0.0,0.0,0,18513.00,0.00,0.00,198,12.53,2.76,0.00,-16.3,4.998,4.998,4.998,4.998,46
2022-01-26 05:52:22,5.9,9.2,393,0.0,0.0,0,0.0,0.0,0,18906.00,0.00,0.00,175,12.53,2.43,0.00,-15.8,4.998,4.998,4.998,4.998,5
2022-01-26 05:53:22,6.2,8.1,300,0.0,0.0,0,0.0,0.0,0,19206.00,0.00,0.00,176,12.53,2.45,0.00,-15.8,4.998,4.998,4.998,4.998,148
2022-01-26 05:54:22,2.3,8.0,269,0.0,0.0,0,0.0,0.0,0,19475.00,0.00,0.00,191,12.53,2.66,0.00,-15.8,4.998,4.998,4.998,4.998,75
2022-01-26 05:55:22,3.2,7.0,249,0.0,0.0,0,0.0,0.0,0,19724.00,0.00,0.00,176,12.57,2.44,0.00,-16.3,4.998,4.998,4.998,4.998,248
2022-01-26 05:56:22,6.5,8.0,307,0.0,0.0,0,0.0,0.0,0,20031.00,0.00,0.00,181,12.53,2.51,0.00,-15.8,4.998,4.998,4.998,4.998,181
2022-01-26 05:57:22,3.3,7.2,241,0.0,0.0,0,0.0,0.0,0,20272.00,0.00,0.00,181,12.53,2.52,0.00,-15.8,4.998,4.998,4.998,4.998,38
2022-01-26 05:58:22,5.7,6.8,250,0.0,0.0,0,0.0,0.0,0,20522.00,0.00,0.00,171,12.57,2.37,0.00,-15.8,4.998,4.998,4.998,4.998,44
2022-01-26 05:59:22,2.1,8.7,284,0.0,0.0,0,0.0,0.0,0,20806.00,0.00,0.00,176,12.53,2.44,0.00,-15.3,4.998,4.998,4.998,4.998,22
2022-01-26 06:00:22,5.7,9.8,294,0.0,0.0,0,0.0,0.0,0,21100.00,0.00,0.00,193,12.57,2.68,0.00,-15.3,4.998,4.998,4.998,4.998,147
2022-01-26 06:01:22,3.8,7.4,324,0.0,0.0,0,0.0,0.0,0,21424.00,0.00,0.00,188,12.57,2.61,0.00,-15.8,4.998,4.998,4.998,4.998,161
2022-01-26 06:02:22,4.5,9.1,320,0.0,0.0,0,0.0,0.0,0,21744.00,0.00,0.00,192,12.57,2.67,0.00,-15.3,4.998,4.998,4.998,4.998,242
2022-01-26 06:03:22,5.7,8.2,360,0.0,0.0,0,0.0,0.0,0,22104.00,0.00,0.00,191,12.53,2.66,0.00,-15.3,4.998,4.998,4.998,4.998,229
2022-01-26 06:04:22,2.1,5.9,215,0.0,0.0,0,0.0,0.0,0,22319.00,0.00,0.00,162,12.57,2.25,0.00,-15.3,4.998,4.998,4.998,4.998,125
2022-01-26 06:05:22,2.8,4.5,163,0.0,0.0,0,0.0,0.0,0,22482.00,0.00,0.00,175,12.57,2.43,0.00,-16.3,4.998,4.998,4.998,4.998,112
2022-01-26 06:06:22,5.3,5.3,225,0.0,0.0,0,0.0,0.0,0,22707.00,0.00,0.00,207,12.57,2.88,0.00,-15.8,4.998,4.998,4.998,4.998,46
2022-01-26 06:07:22,4.6,6.6,289,0.0,0.0,0,0.0,0.0,0,22996.00,0.00,0.00,216,12.57,3.00,0.00,-15.8,4.998,4.998,4.998,4.998,76
2022-01-26 06:08:22,5.3,8.6,334,0.0,0.0,0,0.0,0.0,0,23330.00,0.00,0.00,172,12.53,2.39,0.00,-15.3,4.998,4.998,4.998,4.998,87
2022-01-26 06:09:22,5.1,6.7,276,0.0,0.0,0,0.0,0.0,0,23606.00,0.00,0.00,189,12.53,2.63,0.00,-15.3,4.998,4.998,4.998,4.998,93
2022-01-26 06:10:22,2.3,6.6,287,0.0,0.0,0,0.0,0.0,0,23893.00,0.00,0.00,159,12.57,2.21,0.00,-15.3,4.998,4.998,4.998,4.998,242
2022-01-26 06:11:22,2.4,5.8,223,0.0,0.0,0,0.0,0.0,0,24116.00,0.00,0.00,193,12.53,2.68,0.00,-15.3,4.998,4.998,4.998,4.998,44
2022-01-26 06:12:22,4.2,6.8,281,0.0,0.0,0,0.0,0.0,0,24397.00,0.00,0.00,176,12.57,2.44,0.00,-15.3,4.998,4.998,4.998,4.998,20
2022-01-26 06:13:22,5.0,7.5,277,0.0,0.0,0,0.0,0.0,0,24674.00,0.00,0.00,171,12.57,2.37,0.00,-15.3,4.998,4.998,4.998,4.998,60
2022-01-26 06:14:22,5.5,10.7,345,0.0,0.0,0,0.0,0.0,0,25019.00,0.00,0.00,178,12.57,2.47,0.00,-14.8,4.998,4.998,4.998,4.998,19
2022-01-26 06:15:22,5.2,8.2,294,0.0,0.0,0,0.0,0.0,0,25313.00,0.00,0.00,170,12.57,2.36,0.00,-15.3,4.998,4.998,4.998,4.998,158
2022-01-26 06:16:22,4.4,7.8,302,0.0,0.0,0,0.0,0.0,0,25615.00,0.00,0.00,206,12.57,2.86,0.00,-15.3,4.998,4.998,4.998,4.998,254
2022-01-26 06:17:22,7.1,7.8,282,0.0,0.0,0,0.0,0.0,0,25897.00,0.00,0.00,133,12.57,1.85,0.00,-14.8,4.998,4.998,4.998,4.998,122
2022-01-26 06:18:22,5.1,10.1,423,0.0,0.0,0,0.0,0.0,0,26320.00,0.00,0.00,181,12.57,2.51,0.00,-15.3,4.998,4.998,4.998,4.998,192
2022-01-26 06:19:22,2.3,7.9,242,0.0,0.0,0,0.0,0.0,0,26562.00,0.00,0.00,180,12.57,2.50,0.00,-15.3,4.998,4.998,4.998,4.998,121
2022-01-26 06:20:22,4.9,6.1,221,0.0,0.0,0,0.0,0.0,0,26783.00,0.00,0.00,148,12.57,2.05,0.00,-15.3,4.998,4.998,4.998,4.998,112
2022-01-26 06:21:22,4.1,9.0,339,0.0,0.0,0,0.0,0.0,0,27122.00,0.00,0.00,168,12.57,2.33,0.00,-14.8,4.998,4.998,4.998,4.998,180
2022-01-26 06:22:22,2.7,5.3,170,0.0,0.0,0,0.0,0.0,0,27292.00,0.00,0.00,175,12.57,2.43,0.00,-14.8,4.998,4.998,4.998,4.998,139
2022-01-26 06:23:22,5.2,6.4,251,0.0,0.0,0,0.0,0.0,0,27543.00,0.00,0.00,176,12.57,2.44,0.00,-14.8,4.998,4.998,4.998,4.998,145
2022-01-26 06:24:22,7.2,10.0,361,0.0,0.0,0,0.0,0.0,0,27904.00,0.00,0.00,187,12.57,2.59,0.00,-14.8,4.998,4.998,4.998,4.998,179
2022-01-26 06:25:22,3.2,7.5,235,0.0,0.0,0,0.0,0.0,0,28139.00,0.00,0.00,193,12.57,2.68,0.00,-15.3,4.998,4.998,4.998,4.998,237
2022-01-26 06:26:22,3.7,3.8,158,0.0,0.0,0,0.0,0.0,0,28297.00,0.00,0.00,191,12.57,2.66,0.00,-15.3,4.998,4.998,4.998,4.998,243
2022-01-26 06:27:22,2.6,9.4,324,0.0,0.0,0,0.0,0.0,0,28621.00,0.00,0.00,192,12.57,2.67,0.00,-14.8,4.998,4.998,4.998,4.998,129
2022-01-26 06:28:22,3.8,6.7,226,0.0,0.0,0,0.0,0.0,0,28847.00,0.00,0.00,194,12.57,2.69,0.00,-15.3,4.998,4.998,4.998,4.998,192
2022-01-26 06:29:22,4.8,5.2,239,0.0,0.0,0,0.0,0.0,0,29086.00,0.00,0.00,168,12.57,2.34,0.00,-14.8,4.998,4.998,4.998,4.998,241
2022-01-26 06:30:22,2.8,5.9,278,0.0,0.0,0,0.0,0.0,0,29364.00,0.00,0.00,204,12.57,2.84,0.00,-15.3,4.998,4.998,4.998,4.998,130
2022-01-26 06:31:22,7.4,7.4,279,0.0,0.0,0,0.0,0.0,0,29643.00,0.00,0.00,168,12.57,2.34,0.00,-15.3,4.998,4.998,4.998,4.998,138
2022-01-26 06:32:22,6.9,8.0,360,0.0,0.0,0,0.0,0.0,0,30003.00,0.00,0.00,165,12.57,2.29,0.00,-14.8,4.998,4.998,4.998,4.998,91
2022-01-26 06:33:22,6.8,10.1,397,0.0,0.0,0,0.0,0.0,0,30400.00,0.00,0.00,195,12.57,2.70,0.00,-14.8,4.998,4.998,4.998,4.998,77
2022-01-26 06:34:22,3.3,7.1,268,0.0,0.0,0,0.0,0.0,0,30668.00,0.00,0.00,181,12.57,2.52,0.00,-15.3,4.998,4.998,4.998,4.998,203
2022-01-26 06:35:22,5.4,8.3,325,0.0,0.0,0,0.0,0.0,0,30993.00,0.00,0.00,182,12.57,2.52,0.00,-14.8,4.998,4.998,4.998,4.998,66
2022-01-26 06:36:22,5.6,7.0,334,0.0,0.0,0,0.0,0.0,0,31327.00,0.00,0.00,186,12.57,2.59,0.00,-14.8,4.998,4.998,4.998,4.998,23
2022-01-26 06:37:22,7.1,8.8,316,0.0,0.0,0,0.0,0.0,0,31643.00,0.00,0.00,183,12.57,2.55,0.00,-14.8,4.998,4.998,4.998,4.998,11
2022-01-26 06:38:22,5.4,7.5,361,0.0,0.0,0,0.0,0.0,0,32004.00,0.00,0.00,201,12.57,2.79,0.00,-14.8,4.998,4.998,4.998,4.998,184
2022-01-26 06:39:22,3.0,5.7,205,0.0,0.0,0,0.0,0.0,0,32209.00,0.00,0.00,172,12.57,2.39,0.00,-15.3,4.998,4.998,4.998,4.998,23
2022-01-26 06:40:22,5.6,8.3,219,0.0,0.0,0,0.0,0.0,0,32428.00,0.00,0.00,188,12.57,2.61,0.00,-15.3,4.998,4.998,4.998,4.998,131
2022-01-26 06:41:22,3.5,9.1,333,0.0,0.0,0,0.0,0.0,0,32761.00,0.00,0.00,174,12.57,2.42,0.00,-14.8,4.998,4.998,4.998,4.998,156
2022-01-26 06:42:22,5.0,6.1,237,0.0,0.0,0,0.0,0.0,0,32998.00,0.00,0.00,163,12.57,2.27,0.00,-15.3,4.998,4.998,4.998,4.998,122
2022-01-26 06:43:22,4.5,5.6,241,0.0,0.0,0,0.0,0.0,0,33239.00,0.00,0.00,174,12.57,2.41,0.00,-14.8,4.998,4.998,4.998,4.998,222
2022-01-26 06:44:22,4.1,9.3,321,0.0,0.0,0,0.0,0.0,0,33560.00,0.00,0.00,183,12.57,2.55,0.00,-14.8,4.998,4.998,4.998,4.998,14
2022-01-26 06:45:22,4.2,6.8,296,0.0,0.0,0,0.0,0.0,0,33856.00,0.00,0.00,161,12.57,2.23,0.00,-14.8,4.998,4.998,4.998,4.998,192
2022-01-26 06:46:22,4.4,6.6,265,0.0,0.0,0,0.0,0.0,0,34121.00,0.00,0.00,190,12.57,2.64,0.00,-14.8,4.998,4.998,4.998,4.998,133
2022-01-26 06:47:22,3.9,5.9,274,0.0,0.0,0,0.0,0.0,0,34395.00,0.00,0.00,186,12.57,2.59,0.00,-14.8,4.998,4.998,4.998,4.998,254
2022-01-26 06:48:22,4.3,4.8,199,0.0,0.0,0,0.0,0.0,0,34594.00,0.00,0.00,186,12.57,2.59,0.00,-15.3,4.998,4.998,4.998,4.998,191
2022-01-26 06:49:22,3.7,8.0,275,0.0,0.0,0,0.0,0.0,0,34869.00,0.00,0.00,170,12.57,2.37,0.00,-14.8,4.998,4.998,4.998,4.998,229
2022-01-26 06:50:22,7.5,7.7,329,0.0,0.0,0,0.0,0.0,0,35198.00,0.00,0.00,187,12.57,2.59,0.00,-14.8,4.998,4.998,4.998,4.998,99
2022-01-26 06:51:22,4.8,8.3,415,0.0,0.0,0,0.0,0.0,0,35613.00,0.00,0.00,170,12.57,2.37,0.00,-14.8,4.998,4.998,4.998,4.998,22
2022-01-26 06:52:22,3.8,5.6,256,0.0,0.0,0,0.0,0.0,0,35869.00,0.00,0.00,171,12.57,2.38,0.00,-14.8,4.998,4.998,4.998,4.998,128
2022-01-26 06:53:22,4.6,6.5,265,0.0,0.0,0,0.0,0.0,0,36134.00,0.00,0.00,184,12.57,2.56,0.00,-14.8,4.998,4.998,4.998,4.998,153
2022-01-26 06:54:22,5.1,6.9,278,0.0,0.0,0,0.0,0.0,0,36412.00,0.00,0.00,181,12.57,2.51,0.00,-15.3,4.998,4.998,4.998,4.998,254
2022-01-26 06:55:22,7.6,8.2,315,0.0,0.0,0,0.0,0.0,0,36727.00,0.00,0.00,168,12.57,2.34,0.00,-14.8,4.998,4.998,4.998,4.998,122
2022-01-26 06:56:22,5.8,9.2,353,0.0,0.0,0,0.0,0.0,0,37080.00,0.00,0.00,201,12.57,2.79,0.00,-14.8,4.998,4.998,4.998,4.998,228
2022-01-26 06:57:22,3.7,6.6,287,0.0,0.0,0,0.0,0.0,0,37367.00,0.00,0.00,184,12.57,2.56,0.00,-14.8,4.998,4.998,4.998,4.998,115
2022-01-26 06:58:22,8.9,8.9,336,0.0,0.0,0,0.0,0.0,0,37703.00,0.00,0.00,171,12.57,2.37,0.00,-14.8,4.998,4.998,4.998,4.998,63
2022-01-26 06:59:22,7.0,9.8,404,0.0,0.0,0,0.0,0.0,0,38107.00,0.00,0.00,142,12.57,1.98,0.00,-14.8,4.998,4.998,4.998,4.998,48
2022-01-26 07:00:22,4.8,6.8,331,0.0,0.0,0,0.0,0.0,0,38438.00,0.00,0.00,177,12.57,2.46,0.00,-15.3,4.998,4.998,4.998,4.998,93
2022-01-26 07:01:22,5.7,6.4,252,0.0,0.0,0,0.0,0.0,0,38690.00,0.00,0.00,210,12.57,2.92,0.00,-15.3,4.998,4.998,4.998,4.998,244
2022-01-26 07:02:22,3.8,8.4,357,0.0,0.0,0,0.0,0.0,0,39047.00,0.00,0.00,182,12.57,2.52,0.00,-15.3,4.998,4.998,4.998,4.998,145
2022-01-26 07:03:22,3.5,4.3,184,0.0,0.0,0,0.0,0.0,0,39231.00,0.00,0.00,185,12.57,2.57,0.00,-15.3,4.998,4.998,4.998,4.998,179
2022-01-26 07:04:22,6.0,10.0,400,0.0,0.0,0,0.0,0.0,0,39631.00,0.00,0.00,186,12.57,2.58,0.00,-15.3,4.998,4.998,4.998,4.998,52
2022-01-26 07:05:22,6.4,8.2,267,0.0,0.0,0,0.0,0.0,0,39898.00,0.00,0.00,178,12.57,2.47,0.00,-14.8,4.998,4.998,4.998,4.998,20
2022-01-26 07:06:22,6.3,9.5,422,0.0,0.0,0,0.0,0.0,0,40320.00,0.00,0.00,195,12.57,2.71,0.00,-14.8,4.998,4.998,4.998,4.998,197
2022-01-26 07:07:22,5.0,6.8,292,0.0,0.0,0,0.0,0.0,0,40612.00,0.00,0.00,166,12.57,2.31,0.00,-15.3,4.998,4.998,4.998,4.998,79
2022-01-26 07:08:22,11.1,11.2,287,0.0,0.0,0,0.0,0.0,0,40899.00,0.00,0.00,174,12.57,2.42,0.00,-15.3,4.998,4.998,4.998,4.998,4
2022-01-26 07:09:22,5.7,10.4,383,0.0,0.0,0,0.0,0.0,0,41282.00,0.00,0.00,165,12.57,2.29,0.00,-14.8,4.998,4.998,4.998,4.998,253
2022-01-26 07:10:22,5.4,7.6,313,0.0,0.0,0,0.0,0.0,0,41595.00,0.00,0.00,176,12.57,2.45,0.00,-15.3,4.998,4.998,4.998,4.998,218
2022-01-26 07:11:22,8.3,9.8,354,0.0,0.0,0,0.0,0.0,0,41949.00,0.00,0.00,187,12.57,2.60,0.00,-15.3,4.998,4.998,4.998,4.998,179
2022-01-26 07:12:22,6.3,11.7,446,0.0,0.0,0,0.0,0.0,0,42395.00,0.00,0.00,168,12.57,2.33,0.00,-14.8,4.998,4.998,4.998,4.998,122
2022-01-26 07:13:22,4.2,9.3,339,0.0,0.0,0,0.0,0.0,0,42734.00,0.00,0.00,166,12.57,2.31,0.00,-14.8,4.998,4.998,4.998,4.998,203
2022-01-26 07:14:22,8.1,9.7,322,0.0,0.0,0,0.0,0.0,0,43056.00,0.00,0.00,174,12.57,2.42,0.00,-14.8,4.998,4.998,4.998,4.998,140
2022-01-26 07:15:22,5.3,8.8,372,0.0,0.0,0,0.0,0.0,0,43428.00,0.00,0.00,162,12.57,2.25,0.00,-14.8,4.998,4.998,4.998,4.998,204
2022-01-26 07:16:22,3.6,6.4,282,0.0,0.0,0,0.0,0.0,0,43710.00,0.00,0.00,175,12.57,2.44,0.00,-14.8,4.998,4.998,4.998,4.998,36
2022-01-26 07:17:22,4.7,8.2,351,0.0,0.0,0,0.0,0.0,0,44061.00,0.00,0.00,161,12.57,2.24,0.00,-14.8,4.998,4.998,4.998,4.998,159
2022-01-26 07:18:22,5.4,6.1,246,0.0,0.0,0,0.0,0.0,0,44307.00,0.00,0.00,194,12.57,2.69,0.00,-14.8,4.998,4.998,4.998,4.998,220
2022-01-26 07:19:22,5.8,8.0,287,0.0,0.0,0,0.0,0.0,0,44594.00,0.00,0.00,157,12.57,2.18,0.00,-14.8,4.998,4.998,4.998,4.998,239
2022-01-26 07:20:22,2.9,7.0,266,0.0,0.0,0,0.0,0.0,0,44860.00,0.00,0.00,177,12.57,2.47,0.00,-14.8,4.998,4.998,4.998,4.998,75
2022-01-26 07:21:22,2.9,6.2,239,0.0,0.0,0,0.0,0.0,0,45099.00,0.00,0.00,185,12.57,2.57,0.00,-14.8,4.998,4.998,4.998,4.998,174
2022-01-26 07:22:22,4.2,5.8,208,0.0,0.0,0,0.0,0.0,0,45307.00,0.00,0.00,194,12.57,2.69,0.00,-14.8,4.998,4.998,4.998,4.998,158
2022-01-26 07:23:22,4.4,5.7,204,0.0,0.0,0,0.0,0.0,0,45511.00,0.00,0.00,161,12.57,2.23,0.00,-14.8,4.998,4.998,4.998,4.998,129
2022-01-26 07:24:22,5.5,7.3,256,0.0,0.0,0,0.0,0.0,0,45767.00,0.00,0.00,162,12.57,2.25,0.00,-14.8,4.998,4.998,4.998,4.998,190
2022-01-26 07:25:22,3.8,8.6,288,0.0,0.0,0,0.0,0.0,0,46055.00,0.00,0.00,171,12.57,2.38,0.00,-14.8,4.998,4.998,4.998,4.998,112
2022-01-26 07:26:22,3.6,5.6,251,0.0,0.0,0,0.0,0.0,0,46306.00,0.00,0.00,170,12.57,2.37,0.00,-14.8,4.998,4.998,4.998,4.998,131
2022-01-26 07:27:22,3.3,9.2,258,0.0,0.0,0,0.0,0.0,0,46564.00,0.00,0.00,175,12.57,2.43,0.00,-14.8,4.998,4.998,4.998,4.998,53
2022-01-26 07:28:22,4.0,5.0,231,0.0,0.0,0,0.0,0.0,0,46795.00,0.00,0.00,188,12.57,2.61,0.00,-14.8,4.998,4.998,4.998,4.998,213
2022-01-26 07:29:22,5.3,5.5,210,0.0,0.0,0,0.0,0.0,0,47005.00,0.00,0.00,185,12.57,2.58,0.00,-14.8,4.998,4.998,4.998,4.998,159
2022-01-26 07:30:22,6.6,7.5,331,0.0,0.0,0,0.0,0.0,0,47336.00,0.00,0.00,188,12.57,2.61,0.00,-14.8,4.998,4.998,4.998,4.998,221
2022-01-26 07:31:22,5.3,7.3,305,0.0,0.0,0,0.0,0.0,0,47641.00,0.00,0.00,193,12.57,2.69,0.00,-14.3,4.998,4.998,4.998,4.998,177
2022-01-26 07:32:22,5.4,7.3,304,0.0,0.0,0,0.0,0.0,0,47945.00,0.00,0.00,194,12.57,2.70,0.00,-14.8,4.998,4.998,4.998,4.998,108
2022-01-26 07:33:22,5.7,9.1,441,0.0,0.0,0,0.0,0.0,0,48386.00,0.00,0.00,184,12.57,2.56,0.00,-14.8,4.998,4.998,4.998,4.998,42
2022-01-26 07:34:22,3.2,6.9,302,0.0,0.0,0,0.0,0.0,0,48688.00,0.00,0.00,165,12.57,2.29,0.00,-14.3,4.998,4.998,4.998,4.998,95
2022-01-26 07:35:22,5.1,7.2,310,0.0,0.0,0,0.0,0.0,0,48998.00,0.00,0.00,170,12.57,2.37,0.00,-14.8,4.998,4.998,4.998,4.998,108
2022-01-26 07:36:22,3.9,8.2,358,0.0,0.0,0,0.0,0.0,0,49356.00,0.00,0.00,194,12.57,2.70,0.00,-14.8,4.998,4.998,4.998,4.998,191
2022-01-26 07:37:22,5.8,6.8,259,0.0,0.0,0,0.0,0.0,0,49615.00,0.00,0.00,161,12.57,2.23,0.00,-14.8,4.998,4.998,4.998,4.998,88
2022-01-26 07:38:22,5.3,7.1,300,0.0,0.0,0,0.0,0.0,0,49915.00,0.00,0.00,172,12.57,2.39,0.00,-14.3,4.998,4.998,4.998,4.998,1
2022-01-26 07:39:22,5.2,8.6,383,0.0,0.0,0,0.0,0.0,0,50298.00,0.00,0.00,172,12.57,2.39,0.00,-14.3,4.998,4.998,4.998,4.998,188
2022-01-26 07:40:22,7.3,8.0,309,0.0,0.0,0,0.0,0.0,0,50607.00,0.00,0.00,172,12.57,2.39,0.00,-14.3,4.998,4.998,4.998,4.998,250
2022-01-26 07:41:22,3.8,8.4,308,0.0,0.0,0,0.0,0.0,0,50915.00,0.00,0.00,174,12.57,2.41,0.00,-14.3,4.998,4.998,4.998,4.998,143
2022-01-26 07:42:22,6.0,7.9,329,0.0,0.0,0,0.0,0.0,0,51244.00,0.00,0.00,181,12.57,2.51,0.00,-14.3,4.998,4.998,4.998,4.998,79
2022-01-26 07:43:22,3.5,10.7,435,0.0,0.0,0,0.0,0.0,0,51679.00,0.00,0.00,158,12.57,2.20,0.00,-14.3,4.998,4.998,4.998,4.998,159
2022-01-26 07:44:22,5.4,6.8,260,0.0,0.0,0,0.0,0.0,0,51939.00,0.00,0.00,185,12.57,2.57,0.00,-14.3,4.998,4.998,4.998,4.998,39
2022-01-26 07:45:22,6.3,7.9,334,0.0,0.0,0,0.0,0.0,0,52273.00,0.00,0.00,177,12.57,2.46,0.00,-14.3,4.998,4.998,4.998,4.998,98
2022-01-26 07:46:22,5.6,6.9,313,0.0,0.0,0,0.0,0.0,0,52586.00,0.00,0.00,185,12.57,2.57,0.00,-14.3,4.998,4.998,4.998,4.998,216
2022-01-26 07:47:22,5.3,8.6,358,0.0,0.0,0,0.0,0.0,0,52944.00,0.00,0.00,184,12.57,2.56,0.00,-14.3,4.998,4.998,4.998,4.998,61
2022-01-26 07:48:22,3.7,5.8,221,0.0,0.0,0,0.0,0.0,0,53165.00,0.00,0.00,180,12.57,2.50,0.00,-14.3,4.998,4.998,4.998,4.998,191
2022-01-26 07:49:22,3.4,4.4,211,0.0,0.0,0,0.0,0.0,0,53376.00,0.00,0.00,201,12.57,2.80,0.00,-14.3,4.998,4.998,4.998,4.998,226
2022-01-26 07:50:22,5.9,7.1,344,0.0,0.0,0,0.0,0.0,0,53720.00,0.00,0.00,188,12.57,2.61,0.00,-14.3,4.998,4.998,4.998,4.998,59
2022-01-26 07:51:22,3.1,6.9,286,0.0,0.0,0,0.0,0.0,0,54006.00,0.00,0.00,173,12.57,2.41,0.00,-14.3,4.998,4.998,4.998,4.998,3
2022-01-26 07:52:22,3.5,7.4,281,0.0,0.0,0,0.0,0.0,0,54287.00,0.00,0.00,200,12.57,2.78,0.00,-14.3,4.998,4.998,4.998,4.998,222
2022-01-26 07:53:22,7.6,7.7,227,0.0,0.0,0,0.0,0.0,0,54514.00,0.00,0.00,150,12.57,2.09,0.00,-14.3,4.998,4.998,4.998,4.998,110
2022-01-26 07:54:22,5.6,8.0,335,0.0,0.0,0,0.0,0.0,0,54849.00,0.00,0.00,173,12.57,2.40,0.00,-14.3,4.998,4.998,4.998,4.998,16
2022-01-26 07:55:22,5.7,7.8,337,0.0,0.0,0,0.0,0.0,0,55186.00,0.00,0.00,205,12.57,2.85,0.00,-14.3,4.998,4.998,4.998,4.998,4
2022-01-26 07:56:22,5.6,9.0,386,0.0,0.0,0,0.0,0.0,0,55572.00,0.00,0.00,192,12.57,2.67,0.00,-14.3,4.998,4.998,4.998,4.998,205
2022-01-26 07:57:22,5.2,8.8,412,0.0,0.0,0,0.0,0.0,0,55984.00,0.00,0.00,163,12.57,2.27,0.00,-13.8,4.998,4.998,4.998,4.998,248
2022-01-26 07:58:22,7.5,10.1,248,0.0,0.0,0,0.0,0.0,0,56232.00,0.00,0.00,194,12.57,2.70,0.00,-14.3,4.998,4.998,4.998,4.998,107
2022-01-26 07:59:22,5.5,10.5,358,0.0,0.0,0,0.0,0.0,0,56590.00,0.00,0.00,152,12.57,2.12,0.00,-14.3,4.998,4.998,4.998,4.998,49
2022-01-26 08:00:22,6.0,9.0,329,0.0,0.0,0,0.0,0.0,0,56919.00,0.00,0.00,195,12.57,2.70,0.00,-13.8,4.998,4.998,4.998,4.998,151
2022-01-26 08:01:22,4.0,6.5,193,0.0,0.0,0,0.0,0.0,0,57112.00,0.00,0.00,208,12.57,2.89,0.00,-13.8,4.998,4.998,4.998,4.998,103
2022-01-26 08:02:22,3.8,4.9,223,0.0,0.0,0,0.0,0.0,0,57335.00,0.00,0.00,204,12.57,2.84,0.00,-13.8,4.998,4.998,4.998,4.998,214
2022-01-26 08:03:22,4.7,6.5,223,0.0,0.0,0,0.0,0.0,0,57558.00,0.00,0.00,189,12.57,2.62,0.00,-13.8,4.998,4.998,4.998,4.998,197
2022-01-26 08:04:22,3.3,8.3,328,0.0,0.0,0,0.0,0.0,0,57886.00,0.00,0.00,194,12.57,2.69,0.00,-13.8,4.998,4.998,4.998,4.998,113
2022-01-26 08:05:22,4.0,6.1,265,0.0,0.0,0,0.0,0.0,0,58151.00,0.00,0.00,179,12.57,2.49,0.00,-13.8,4.998,4.998,4.998,4.998,222
2022-01-26 08:06:22,4.4,5.6,210,0.0,0.0,0,0.0,0.0,0,58361.00,0.00,0.00,196,12.57,2.72,0.00,-13.8,4.998,4.998,4.998,4.998,237
2022-01-26 08:07:22,3.1,5.0,161,0.0,0.0,0,0.0,0.0,0,58522.00,0.00,0.00,199,12.57,2.76,0.00,-13.8,4.998,4.998,4.998,4.998,228
2022-01-26 08:08:22,5.2,6.7,286,0.0,0.0,0,0.0,0.0,0,58808.00,0.00,0.00,214,12.57,2.97,0.00,-13.8,4.998,4.998,4.998,4.998,133
2022-01-26 08:09:22,6.5,8.1,336,0.0,0.0,0,0.0,0.0,0,59144.00,0.00,0.00,194,12.57,2.70,0.00,-13.8,4.998,4.998,4.998,4.998,93
2022-01-26 08:10:22,2.9,6.9,234,0.0,0.0,0,0.0,0.0,0,59378.00,0.00,0.00,176,12.57,2.45,0.00,-13.8,4.998,4.998,4.998,4.998,255
2022-01-26 08:11:22,4.8,7.9,301,0.0,0.0,0,0.0,0.0,0,59679.00,0.00,0.00,182,12.57,2.52,0.00,-13.8,4.998,4.998,4.998,4.998,96
2022-01-26 08:12:22,6.9,9.5,316,0.0,0.0,0,0.0,0.0,0,59995.00,0.00,0.00,174,12.53,2.42,0.00,-13.3,4.998,4.998,4.998,4.998,239
2022-01-26 08:13:22,5.5,10.6,358,0.0,0.0,0,0.0,0.0,0,60353.00,0.00,0.00,192,12.57,2.67,0.00,-13.3,4.998,4.998,4.998,4.998,113
2022-01-26 08:14:22,2.9,6.0,221,0.0,0.0,0,0.0,0.0,0,60574.00,0.00,0.00,183,12.57,2.55,0.00,-13.3,4.998,4.998,4.998,4.998,221
2022-01-26 08:15:22,8.9,9.5,373,0.0,0.0,0,0.0,0.0,0,60947.00,0.00,0.00,188,12.53,2.61,0.00,-13.3,4.998,4.998,4.998,4.998,17
2022-01-26 08:16:22,2.7,9.3,301,0.0,0.0,0,0.0,0.0,0,61248.00,0.00,0.00,197,12.53,2.74,0.00,-13.3,4.998,4.998,4.998,4.998,13
2022-01-26 08:17:22,6.4,8.2,295,0.0,0.0,0,0.0,0.0,0,61543.00,0.00,0.00,177,12.57,2.46,0.00,-13.3,4.998,4.998,4.998,4.998,68
2022-01-26 08:18:22,5.7,7.1,277,0.0,0.0,0,0.0,0.0,0,61820.00,0.00,0.00,193,12.53,2.68,0.00,-13.3,4.998,4.998,4.998,4.998,210
2022-01-26 08:19:22,2.7,6.8,241,0.0,0.0,0,0.0,0.0,0,62061.00,0.00,0.00,185,12.53,2.58,0.00,-13.3,4.998,4.998,4.998,4.998,100
2022-01-26 08:20:22,4.9,8.0,268,0.0,0.0,0,0.0,0.0,0,62329.00,0.00,0.00,189,12.53,2.62,0.00,-13.3,4.998,4.998,4.998,4.998,211
2022-01-26 08:21:22,4.9,6.6,266,0.0,0.0,0,0.0,0.0,0,62595.00,0.00,0.00,190,12.57,2.64,0.00,-13.3,4.998,4.998,4.998,4.998,128
2022-01-26 08:22:22,5.5,7.6,309,0.0,0.0,0,0.0,0.0,0,62904.00,0.00,0.00,172,12.57,2.39,0.00,-13.3,4.998,4.998,4.998,4.998,5
2022-01-26 08:23:22,7.4,7.7,358,0.0,0.0,0,0.0,0.0,0,63262.00,0.00,0.00,180,12.57,2.50,0.00,-13.3,4.998,4.998,4.998,4.998,255
2022-01-26 08:24:22,5.5,10.9,420,0.0,0.0,0,0.0,0.0,0,63682.00,0.00,0.00,175,12.57,2.44,0.00,-13.3,4.998,4.998,4.998,4.998,196
2022-01-26 08:25:22,4.2,6.3,280,0.0,0.0,0,0.0,0.0,0,63962.00,0.00,0.00,164,12.57,2.29,0.00,-13.3,4.998,4.998,4.998,4.998,13
2022-01-26 08:26:22,4.7,7.6,250,0.0,0.0,0,0.0,0.0,0,64212.00,0.00,0.00,179,12.53,2.49,0.00,-13.3,4.998,4.998,4.998,4.998,109
2022-01-26 08:27:22,2.8,5.3,195,0.0,0.0,0,0.0,0.0,0,64407.00,0.00,0.00,188,12.53,2.62,0.00,-13.3,4.998,4.998,4.998,4.998,230
2022-01-26 08:28:22,4.6,8.0,246,0.0,0.0,0,0.0,0.0,0,64653.00,0.00,0.00,181,12.57,2.51,0.00,-13.3,4.998,4.998,4.998,4.998,93
2022-01-26 08:29:22,6.1,8.4,380,0.0,0.0,0,0.0,0.0,0,65033.00,0.00,0.00,173,12.53,2.40,0.00,-13.3,4.998,4.998,4.998,4.998,19
2022-01-26 08:30:22,6.1,8.5,394,0.0,0.0,0,0.0,0.0,0,65427.00,0.00,0.00,171,12.53,2.38,0.00,-13.3,4.998,4.998,4.998,4.998,217
2022-01-26 08:31:22,5.6,8.3,375,0.0,0.0,0,0.0,0.0,0,65802.00,0.00,0.00,176,12.57,2.45,0.00,-12.8,4.998,4.998,4.998,4.998,130
2022-01-26 08:32:22,3.4,6.4,294,0.0,0.0,0,0.0,0.0,0,66096.00,0.00,0.00,190,12.53,2.64,0.00,-12.8,4.998,4.998,4.998,4.998,48
2022-01-26 08:33:22,4.2,6.9,259,0.0,0.0,0,0.0,0.0,0,66355.00,0.00,0.00,182,12.57,2.53,0.00,-13.3,4.998,4.998,4.998,4.998,36
2022-01-26 08:34:22,4.9,5.8,258,0.0,0.0,0,0.0,0.0,0,66613.00,0.00,0.00,187,12.57,2.60,0.00,-13.3,4.998,4.998,4.998,4.998,140
2022-01-26 08:35:22,6.2,9.3,386,0.0,0.0,0,0.0,0.0,0,66999.00,0.00,0.00,163,12.53,2.27,0.00,-12.8,4.998,4.998,4.998,4.998,216
2022-01-26 08:36:22,7.9,8.2,290,0.0,0.0,0,0.0,0.0,0,67289.00,0.00,0.00,179,12.57,2.49,0.00,-12.8,4.998,4.998,4.998,4.998,184
2022-01-26 08:37:22,6.0,9.5,427,0.0,0.0,0,0.0,0.0,0,67716.00,0.00,0.00,178,12.57,2.47,0.00,-13.3,4.998,4.998,4.998,4.998,89
2022-01-26 08:38:22,4.9,6.3,271,0.0,0.0,0,0.0,0.0,0,67987.00,0.00,0.00,178,12.57,2.47,0.00,-12.8,4.998,4.998,4.998,4.998,19
2022-01-26 08:39:22,3.7,8.3,298,0.0,0.0,0,0.0,0.0,0,68285.00,0.00,0.00,192,12.57,2.67,0.00,-12.8,4.998,4.998,4.998,4.998,57
2022-01-26 08:40:22,6.9,7.2,251,0.0,0.0,0,0.0,0.0,0,68536.00,0.00,0.00,158,12.57,2.19,0.00,-12.8,4.998,4.998,4.998,4.998,87
2022-01-26 08:41:22,4.1,8.9,314,0.0,0.0,0,0.0,0.0,0,68850.00,0.00,0.00,185,12.57,2.58,0.00,-12.8,4.998,4.998,4.998,4.998,40
2022-01-26 08:42:22,5.1,14.1,464,0.0,0.0,0,0.0,0.0,0,69314.00,0.00,0.00,167,12.53,2.32,0.00,-12.8,4.998,4.998,4.998,4.998,226
2022-01-26 08:43:22,5.2,8.3,387,0.0,0.0,0,0.0,0.0,0,69701.00,0.00,0.00,159,12.57,2.21,0.00,-12.8,4.998,4.998,4.998,4.998,147
2022-01-26 08:44:22,3.9,8.8,353,0.0,0.0,0,0.0,0.0,0,70054.00,0.00,0.00,176,12.57,2.45,0.00,-13.3,4.998,4.998,4.998,4.998,112
2022-01-26 08:45:22,4.5,7.6,278,0.0,0.0,0,0.0,0.0,0,70332.00,0.00,0.00,176,12.57,2.44,0.00,-12.8,4.998,4.998,4.998,4.998,204
2022-01-26 08:46:22,3.3,6.6,265,0.0,0.0,0,0.0,0.0,0,70597.00,0.00,0.00,198,12.57,2.76,0.00,-12.8,4.998,4.998,4.998,4.998,248
2022-01-26 08:47:22,4.6,9.0,320,0.0,0.0,0,0.0,0.0,0,70917.00,0.00,0.00,175,12.57,2.44,0.00,-12.8,4.998,4.998,4.998,4.998,117
2022-01-26 08:48:22,6.1,8.8,429,0.0,0.0,0,0.0,0.0,0,71346.00,0.00,0.00,217,12.57,3.01,0.00,-12.8,4.998,4.998,4.998,4.998,1
2022-01-26 08:49:22,5.3,8.8,357,0.0,0.0,0,0.0,0.0,0,71703.00,0.00,0.00,166,12.57,2.31,0.00,-12.4,4.998,4.998,4.998,4.998,174
2022-01-26 08:50:22,5.2,12.1,312,0.0,0.0,0,0.0,0.0,0,72015.00,0.00,0.00,209,12.57,2.90,0.00,-12.8,4.998,4.998,4.998,4.998,5
2022-01-26 08:51:22,4.2,6.8,277,0.0,0.0,0,0.0,0.0,0,72292.00,0.00,0.00,142,12.57,1.97,0.00,-12.8,4.998,4.998,4.998,4.998,19
2022-01-26 08:52:22,2.8,11.0,342,0.0,0.0,0,0.0,0.0,0,72634.00,0.00,0.00,179,12.57,2.49,0.00,-12.4,4.998,4.998,4.998,4.998,188
2022-01-26 08:53:22,3.7,5.3,233,0.0,0.0,0,0.0,0.0,0,72867.00,0.00,0.00,179,12.57,2.49,0.00,-12.8,4.998,4.998,4.998,4.998,50
2022-01-26 08:54:22,4.0,5.8,240,0.0,0.0,0,0.0,0.0,0,73107.00,0.00,0.00,187,12.57,2.60,0.00,-12.8,4.998,4.998,4.998,4.998,196
2022-01-26 08:55:22,7.9,8.2,298,0.0,0.0,0,0.0,0.0,0,73405.00,0.00,0.00,145,12.57,2.02,0.00,-12.4,4.998,4.998,4.998,4.998,34
2022-01-26 08:56:22,5.0,8.9,379,0.0,0.0,0,0.0,0.0,0,73784.00,0.00,0.00,154,12.57,2.14,0.00,-12.8,4.998,4.998,4.998,4.998,209
2022-01-26 08:57:22,2.8,7.6,316,0.0,0.0,0,0.0,0.0,0,74100.00,0.00,0.00,202,12.57,2.80,0.00,-12.4,4.998,4.998,4.998,4.998,223
2022-01-26 08:58:22,4.5,4.9,212,0.0,0.0,0,0.0,0.0,0,74312.00,0.00,0.00,190,12.57,2.65,0.00,-12.8,4.998,4.998,4.998,4.998,74
2022-01-26 08:59:22,4.3,4.9,235,0.0,0.0,0,0.0,0.0,0,74547.00,0.00,0.00,180,12.57,2.49,0.00,-12.4,4.998,4.998,4.998,4.998,114
2022-01-26 09:00:22,2.5,6.5,263,0.0,0.0,0,0.0,0.0,0,74810.00,0.00,0.00,163,12.61,2.27,0.00,-12.4,4.998,4.998,4.998,4.998,17
2022-01-26 09:01:22,6.0,7.0,241,0.0,0.0,0,0.0,0.0,0,75051.00,0.00,0.00,186,12.61,2.59,0.00,-12.4,4.998,4.998,4.998,4.998,86
2022-01-26 09:02:22,3.5,7.4,280,0.0,0.0,0,0.0,0.0,0,75331.00,0.00,0.00,179,12.57,2.49,0.00,-12.4,4.998,4.998,4.998,4.998,109
2022-01-26 09:03:22,4.8,6.6,306,0.0,0.0,0,0.0,0.0,0,75637.00,0.00,0.00,177,12.57,2.46,0.00,-12.4,4.998,4.998,4.998,4.998,81
2022-01-26 09:04:22,3.7,5.7,238,0.0,0.0,0,0.0,0.0,0,75875.00,0.00,0.00,159,12.57,2.21,0.00,-12.8,4.998,4.998,4.998,4.998,5
2022-01-26 09:05:22,3.1,5.8,216,0.0,0.0,0,0.0,0.0,0,76091.00,0.00,0.00,149,12.61,2.07,0.00,-12.4,4.998,4.998,4.998,4.998,238
2022-01-26 09:06:22,2.8,6.7,237,0.0,0.0,0,0.0,0.0,0,76328.00,0.00,0.00,172,12.61,2.39,0.00,-12.4,4.998,4.998,4.998,4.998,252
2022-01-26 09:07:22,4.0,6.8,247,0.0,0.0,0,0.0,0.0,0,76575.00,0.00,0.00,178,12.61,2.48,0.00,-12.4,4.998,4.998,4.998,4.998,130
2022-01-26 09:08:22,6.2,6.5,199,0.0,0.0,0,0.0,0.0,0,76774.00,0.00,0.00,185,12.61,2.57,0.00,-12.4,4.998,4.998,4.998,4.998,193
2022-01-26 09:09:22,3.3,6.7,240,0.0,0.0,0,0.0,0.0,0,77014.00,0.00,0.00,166,12.61,2.31,0.00,-12.4,4.998,4.998,4.998,4.998,175
2022-01-26 09:10:22,4.3,5.3,215,0.0,0.0,0,0.0,0.0,0,77229.00,0.00,0.00,188,12.57,2.62,0.00,-12.4,4.998,4.998,4.998,4.998,84
2022-01-26 09:11:22,3.6,8.9,313,0.0,0.0,0,0.0,0.0,0,77542.00,0.00,0.00,165,12.61,2.29,0.00,-12.4,4.998,4.998,4.998,4.998,148
2022-01-26 09:12:22,4.1,5.7,249,0.0,0.0,0,0.0,0.0,0,77791.00,0.00,0.00,173,12.57,2.40,0.00,-12.4,4.998,4.998,4.998,4.998,44
2022-01-26 09:13:22,3.3,7.0,273,0.0,0.0,0,0.0,0.0,0,78064.00,0.00,0.00,161,12.61,2.24,0.00,-12.4,4.998,4.998,4.998,4.998,23
2022-01-26 09:14:22,5.0,6.9,236,0.0,0.0,0,0.0,0.0,0,78300.00,0.00,0.00,194,12.57,2.70,0.00,-12.4,4.998,4.998,4.998,4.998,176
2022-01-26 09:15:22,3.3,5.3,200,0.0,0.0,0,0.0,0.0,0,78500.00,0.00,0.00,169,12.61,2.35,0.00,-12.4,4.998,4.998,4.998,4.998,63
2022-01-26 09:16:22,4.4,7.6,297,0.0,0.0,0,0.0,0.0,0,78797.00,0.00,0.00,188,12.61,2.62,0.00,-12.8,4.998,4.998,4.998,4.998,59
2022-01-26 09:17:22,4.4,7.2,297,0.0,0.0,0,0.0,0.0,0,79094.00,0.00,0.00,191,12.61,2.65,0.00,-12.4,4.998,4.998,4.998,4.998,138
2022-01-26 09:18:22,7.1,8.1,257,0.0,0.0,0,0.0,0.0,0,79351.00,0.00,0.00,162,12.61,2.25,0.00,-12.4,4.998,4.998,4.998,4.998,77
2022-01-26 09:19:22,5.4,7.9,338,0.0,0.0,0,0.0,0.0,0,79689.00,0.00,0.00,167,12.57,2.32,0.00,-12.4,4.998,4.998,4.998,4.998,6
2022-01-26 09:20:22,3.0,6.5,269,0.0,0.0,0,0.0,0.0,0,79958.00,0.00,0.00,170,12.57,2.36,0.00,-12.4,4.998,4.998,4.998,4.998,152
2022-01-26 09:21:22,5.2,9.3,344,0.0,0.0,0,0.0,0.0,0,80302.00,0.00,0.00,186,12.57,2.58,0.00,-12.4,4.998,4.998,4.998,4.998,32
2022-01-26 09:22:22,4.9,5.4,216,0.0,0.0,0,0.0,0.0,0,80518.00,0.00,0.00,161,12.61,2.23,0.00,-12.4,4.998,4.998,4.998,4.998,206
2022-01-26 09:23:22,2.8,5.6,197,0.0,0.0,0,0.0,0.0,0,80715.00,0.00,0.00,173,12.61,2.41,0.00,-11.9,4.998,4.998,4.998,4.998,12
2022-01-26 09:24:22,6.8,7.1,261,0.0,0.0,0,0.0,0.0,0,80976.00,0.00,0.00,181,12.61,2.51,0.00,-12.4,4.998,4.998,4.998,4.998,9
2022-01-26 09:25:22,5.7,7.6,307,0.0,0.0,0,0.0,0.0,0,81283.00,0.00,0.00,149,12.61,2.07,0.00,-12.4,4.998,4.998,4.998,4.998,192
2022-01-26 09:26:22,2.8,7.2,291,0.0,0.0,0,0.0,0.0,0,81574.00,0.00,0.00,168,12.61,2.34,0.00,-12.4,4.998,4.998,4.998,4.998,211
2022-01-26 09:27:22,4.5,4.8,206,0.0,0.0,0,0.0,0.0,0,81780.00,0.00,0.00,169,12.61,2.34,0.00,-12.4,4.998,4.998,4.998,4.998,200
2022-01-26 09:28:22,3.0,4.7,156,0.0,0.0,0,0.0,0.0,0,81936.00,0.00,0.00,172,12.57,2.39,0.00,-12.4,4.998,4.998,4.998,4.998,185
2022-01-26 09:29:22,6.8,7.5,282,0.0,0.0,0,0.0,0.0,0,82218.00,0.00,0.00,151,12.61,2.10,0.00,-12.4,4.998,4.998,4.998,4.998,162
2022-01-26 09:30:22,4.6,9.0,337,0.0,0.0,0,0.0,0.0,0,82555.00,0.00,0.00,170,12.61,2.36,0.00,-12.4,4.998,4.998,4.998,4.998,157
2022-01-26 09:31:22,3.8,5.7,242,0.0,0.0,0,0.0,0.0,0,82797.00,0.00,0.00,162,12.61,2.25,0.00,-12.4,4.998,4.998,4.998,4.998,111
2022-01-26 09:32:22,4.2,4.8,226,0.0,0.0,0,0.0,0.0,0,83023.00,0.00,0.00,179,12.61,2.49,0.00,-12.4,4.998,4.998,4.998,4.998,8
2022-01-26 09:33:22,4.2,5.3,212,0.0,0.0,0,0.0,0.0,0,83235.00,0.00,0.00,201,12.61,2.79,0.00,-11.9,4.998,4.998,4.998,4.998,184
2022-01-26 09:34:22,4.9,5.4,258,0.0,0.0,0,0.0,0.0,0,83493.00,0.00,0.00,185,12.65,2.57,0.00,-11.9,4.998,4.998,4.998,4.998,227
2022-01-26 09:35:22,4.8,7.2,274,0.0,0.0,0,0.0,0.0,0,83767.00,0.00,0.00,144,12.65,2.00,0.00,-11.9,4.998,4.998,4.998,4.998,178
2022-01-26 09:36:22,4.3,6.0,231,0.0,0.0,0,0.0,0.0,0,83998.00,0.00,0.00,177,12.65,2.47,0.00,-11.9,4.998,4.998,4.998,4.998,196
2022-01-26 09:37:22,3.1,6.1,218,0.0,0.0,0,0.0,0.0,0,84216.00,0.00,0.00,174,12.61,2.42,0.00,-12.4,4.998,4.998,4.998,4.998,36
2022-01-26 09:38:22,2.8,6.5,222,0.0,0.0,0,0.0,0.0,0,84438.00,0.00,0.00,180,12.65,2.50,0.00,-11.9,4.998,4.998,4.998,4.998,26
2022-01-26 09:39:22,2.3,3.7,162,0.0,0.0,0,0.0,0.0,0,84600.00,0.00,0.00,176,12.61,2.45,0.00,-11.9,4.998,4.998,4.998,4.998,49
2022-01-26 09:40:22,1.4,3.6,146,0.0,0.0,0,0.0,0.0,0,84746.00,0.00,0.00,175,12.61,2.43,0.00,-12.4,4.998,4.998,4.998,4.998,115
2022-01-26 09:41:22,4.2,8.4,220,0.0,0.0,0,0.0,0.0,0,84966.00,0.00,0.00,176,12.65,2.45,0.00,-11.9,4.998,4.998,4.998,4.998,125
2022-01-26 09:42:22,4.9,7.5,283,0.0,0.0,0,0.0,0.0,0,85249.00,0.00,0.00,129,12.61,1.79,0.00,-11.9,4.998,4.998,4.998,4.998,207
2022-01-26 09:43:22,6.5,7.5,244,0.0,0.0,0,0.0,0.0,0,85493.00,0.00,0.00,185,12.61,2.58,0.00,-11.9,4.998,4.998,4.998,4.998,58
2022-01-26 09:44:22,5.5,9.9,400,0.0,0.0,0,0.0,0.0,0,85893.00,0.00,0.00,186,12.61,2.58,0.00,-11.4,4.998,4.998,4.998,4.998,44
2022-01-26 09:45:22,8.6,8.9,384,0.0,0.0,0,0.0,0.0,0,86277.00,0.00,0.00,147,12.65,2.04,0.00,-11.4,4.998,4.998,4.998,4.998,115
2022-01-26 09:46:22,5.6,9.2,392,0.0,0.0,0,0.0,0.0,0,86669.00,0.00,0.00,201,12.65,2.79,0.00,-10.9,4.998,4.998,4.998,4.998,42
2022-01-26 09:47:22,7.2,9.1,435,0.0,0.0,0,0.0,0.0,0,87104.00,0.00,0.00,198,12.65,2.76,0.00,-10.9,4.998,4.998,4.998,4.998,94
2022-01-26 09:48:22,6.5,13.1,548,0.0,0.0,0,0.0,0.0,0,87652.00,0.00,0.00,199,12.65,2.76,0.00,-10.9,4.998,4.998,4.998,4.998,128
2022-01-26 09:49:22,4.1,9.0,359,0.0,0.0,0,0.0,0.0,0,88011.00,0.00,0.00,181,12.65,2.51,0.00,-10.4,4.998,4.998,4.998,4.998,68
2022-01-26 09:50:22,4.8,7.6,288,0.0,0.0,0,0.0,0.0,0,88299.00,0.00,0.00,182,12.61,2.52,0.00,-10.9,4.998,4.998,4.998,4.998,252
2022-01-26 09:51:22,6.8,12.6,415,0.0,0.0,0,0.0,0.0,0,88714.00,0.00,0.00,242,12.65,3.36,0.00,-10.4,4.998,4.998,4.998,4.998,51
2022-01-26 09:52:22,7.4,11.3,433,0.0,0.0,0,0.0,0.0,0,89147.00,0.00,0.00,245,12.65,3.40,0.00,-10.4,4.998,4.998,4.998,4.998,112
2022-01-26 09:53:22,10.5,17.8,565,0.0,0.0,0,0.0,0.0,0,89712.00,0.00,0.00,161,12.65,2.23,0.00,-10.4,4.998,4.998,4.998,4.998,135
2022-01-26 09:54:22,5.1,20.8,770,0.0,0.0,0,0.0,0.0,0,90482.00,0.00,0.00,198,12.65,2.75,0.00,-9.9,4.998,4.998,4.998,4.998,133
2022-01-26 09:55:22,10.5,18.1,756,0.0,0.0,0,0.0,0.0,0,91238.00,0.00,0.00,188,12.65,2.62,0.00,-9.9,4.998,4.998,4.998,4.998,188
2022-01-26 09:56:22,7.0,14.8,662,0.0,0.0,0,0.0,0.0,0,91900.00,0.00,0.00,178,12.65,2.48,0.00,-9.9,4.998,4.998,4.998,4.998,45
2022-01-26 09:57:22,8.6,20.0,784,0.0,0.0,0,0.0,0.0,0,92684.00,0.00,0.00,201,12.65,2.80,0.00,-9.9,4.998,4.998,4.998,4.998,242
2022-01-26 09:58:22,7.7,11.9,535,0.0,0.0,0,0.0,0.0,0,93219.00,0.00,0.00,196,12.65,2.72,0.00,-9.9,4.998,4.998,4.998,4.998,79
2022-01-26 09:59:22,13.3,20.7,780,0.0,0.0,0,0.0,0.0,0,93999.00,0.00,0.00,202,12.65,2.81,0.00,-9.9,4.998,4.998,4.998,4.998,15
2022-01-26 10:00:22,7.8,14.2,563,0.0,0.0,0,0.0,0.0,0,94562.00,0.00,0.00,190,12.65,2.65,0.00,-9.9,4.998,4.998,4.998,4.998,136
2022-01-26 10:01:22,5.8,17.4,623,0.0,0.0,0,0.0,0.0,0,95185.00,0.00,0.00,228,12.69,3.16,0.00,-9.9,4.998,4.998,4.998,4.998,103
2022-01-26 10:02:22,4.0,12.6,464,0.0,0.0,0,0.0,0.0,0,95649.00,0.00,0.00,193,12.69,2.68,0.00,-9.9,4.998,4.998,4.998,4.998,62
2022-01-26 10:03:22,9.4,12.4,519,0.0,0.0,0,0.0,0.0,0,96168.00,0.00,0.00,183,12.69,2.55,0.00,-9.9,4.998,4.998,4.998,4.998,87
2022-01-26 10:04:22,9.2,17.2,621,0.0,0.0,0,0.0,0.0,0,96789.00,0.00,0.00,236,12.69,3.28,0.00,-9.4,4.998,4.998,4.998,4.998,29
2022-01-26 10:05:22,11.9,20.0,677,0.0,0.0,0,0.0,0.0,0,97466.00,0.00,0.00,211,12.69,2.93,0.00,-9.4,4.998,4.998,4.998,4.998,137
2022-01-26 10:06:22,8.2,16.1,688,0.0,0.0,0,0.0,0.0,0,98154.00,0.00,0.00,195,12.69,2.71,0.00,-9.9,4.998,4.998,4.998,4.998,43
2022-01-26 10:07:22,12.5,18.5,778,0.0,0.0,0,0.0,0.0,0,98932.00,0.00,0.00,206,12.69,2.87,0.00,-9.4,4.998,4.998,4.998,4.998,17
2022-01-26 10:08:22,9.0,18.7,709,0.0,0.0,0,0.0,0.0,0,99641.00,0.00,0.00,207,12.69,2.88,0.00,-9.4,4.998,4.998,4.998,4.998,232
2022-01-26 10:09:22,9.6,15.9,625,0.0,0.0,0,0.0,0.0,0,100266.00,0.00,0.00,226,12.69,3.13,0.00,-9.4,4.998,4.998,4.998,4.998,217
2022-01-26 10:10:22,9.6,12.8,548,0.0,0.0,0,0.0,0.0,0,100814.00,0.00,0.00,188,12.69,2.61,0.00,-9.4,4.998,4.998,4.998,4.998,67
2022-01-26 10:11:22,7.3,13.5,519,0.0,0.0,0,0.0,0.0,0,101333.00,0.00,0.00,238,12.69,3.30,0.00,-9.4,4.998,4.998,4.998,4.998,56
2022-01-26 10:12:22,12.3,18.8,534,0.0,0.0,0,0.0,0.0,0,101867.00,0.00,0.00,204,12.73,2.84,0.00,-9.4,4.998,4.998,4.998,4.998,209
2022-01-26 10:13:22,15.6,25.9,1079,0.0,0.0,0,0.0,0.0,0,102946.00,0.00,0.00,192,12.69,2.67,0.00,-9.4,4.998,4.998,4.998,4.998,190
2022-01-26 10:14:22,9.4,20.0,694,0.0,0.0,0,0.0,0.0,0,103640.00,0.00,0.00,218,12.73,3.03,0.00,-9.4,4.998,4.998,4.998,4.998,218
2022-01-26 10:15:22,10.4,17.4,700,0.0,0.0,0,0.0,0.0,0,104340.00,0.00,0.00,165,12.73,2.29,0.00,-9.4,4.998,4.998,4.998,4.998,85
2022-01-26 10:16:22,14.1,19.2,850,0.0,0.0,0,0.0,0.0,0,105190.00,0.00,0.00,204,12.73,2.84,0.00,-8.9,4.998,4.998,4.998,4.998,2
2022-01-26 10:17:22,13.7,21.2,822,0.0,0.0,0,0.0,0.0,0,106012.00,0.00,0.00,150,12.73,2.09,0.00,-9.4,4.998,4.998,4.998,4.998,235
2022-01-26 10:18:22,13.4,20.5,685,0.0,0.0,0,0.0,0.0,0,106697.00,0.00,0.00,190,12.73,2.64,0.00,-9.4,4.998,4.998,4.998,4.998,5
2022-01-26 10:19:22,10.4,19.5,707,0.0,0.0,0,0.0,0.0,0,107404.00,0.00,0.00,167,12.73,2.32,0.00,-9.4,4.998,4.998,4.998,4.998,224
2022-01-26 10:20:22,4.3,17.5,677,0.0,0.0,0,0.0,0.0,0,108081.00,0.00,0.00,189,12.73,2.63,0.00,-9.4,4.998,4.998,4.998,4.998,95
2022-01-26 10:21:22,9.9,13.4,513,0.0,0.0,0,0.0,0.0,0,108594.00,0.00,0.00,212,12.73,2.94,0.00,-9.4,4.998,4.998,4.998,4.998,240
2022-01-26 10:22:22,5.6,17.7,711,0.0,0.0,0,0.0,0.0,0,109305.00,0.00,0.00,204,12.73,2.84,0.00,-9.4,4.998,4.998,4.998,4.998,41
2022-01-26 10:23:22,10.1,15.6,526,0.0,0.0,0,0.0,0.0,0,109831.00,0.00,0.00,208,12.77,2.90,0.00,-9.4,4.998,4.998,4.998,4.998,100
2022-01-26 10:24:22,8.0,17.4,624,0.0,0.0,0,0.0,0.0,0,110455.00,0.00,0.00,184,12.77,2.56,0.00,-8.9,4.998,4.998,4.998,4.998,122
2022-01-26 10:25:22,14.5,21.3,712,0.0,0.0,0,0.0,0.0,0,111167.00,0.00,0.00,210,12.77,2.92,0.00,-9.4,4.998,4.998,4.998,4.998,247
2022-01-26 10:26:22,13.4,20.7,896,0.0,0.0,0,0.0,0.0,0,112063.00,0.00,0.00,200,12.81,2.78,0.00,-8.9,4.998,4.998,4.998,4.998,157
2022-01-26 10:27:22,11.2,17.9,754,0.0,0.0,0,0.0,0.0,0,112817.00,0.00,0.00,158,12.81,2.20,0.00,-8.9,4.998,4.998,4.998,4.998,155
2022-01-26 10:28:22,8.8,19.9,758,0.0,0.0,0,0.0,0.0,0,113575.00,0.00,0.00,194,12.81,2.70,0.00,-8.9,4.998,4.998,4.998,4.998,195
2022-01-26 10:29:22,13.8,18.7,605,0.0,0.0,0,0.0,0.0,0,114180.00,0.00,0.00,191,12.81,2.66,0.00,-8.9,4.998,4.998,4.998,4.998,235
2022-01-26 10:30:22,11.9,22.8,860,0.0,0.0,0,0.0,0.0,0,115040.00,0.00,0.00,185,12.81,2.58,0.00,-8.9,4.998,4.998,4.998,4.998,161
2022-01-26 10:31:22,7.7,23.9,800,0.0,0.0,0,0.0,0.0,0,115840.00,0.00,0.00,171,12.85,2.38,0.00,-9.4,4.998,4.998,4.998,4.998,107
2022-01-26 10:32:22,14.3,17.8,671,0.0,0.0,0,0.0,0.0,0,116511.00,0.00,0.00,229,12.85,3.19,0.00,-8.9,4.998,4.998,4.998,4.998,228
2022-01-26 10:33:22,10.8,19.9,781,0.0,0.0,0,0.0,0.0,0,117292.00,0.00,0.00,189,12.85,2.63,0.00,-9.4,4.998,4.998,4.998,4.998,181
2022-01-26 10:34:22,8.1,18.6,675,0.0,0.0,0,0.0,0.0,0,117967.00,0.00,0.00,226,12.85,3.14,0.00,-8.9,4.998,4.998,4.998,4.998,244
2022-01-26 10:35:22,10.4,18.8,684,0.0,0.0,0,0.0,0.0,0,118651.00,0.00,0.00,214,12.85,2.97,0.00,-8.9,4.998,4.998,4.998,4.998,143
2022-01-26 10:36:22,6.0,16.6,701,0.0,0.0,0,0.0,0.0,0,119352.00,0.00,0.00,173,12.89,2.40,0.00,-8.9,4.998,4.998,4.998,4.998,127
2022-01-26 10:37:22,14.1,15.3,659,0.0,0.0,0,0.0,0.0,0,120011.00,0.00,0.00,181,12.89,2.51,0.00,-8.5,4.998,4.998,4.998,4.998,199
2022-01-26 10:38:22,9.4,17.6,675,0.0,0.0,0,0.0,0.0,0,120686.00,0.00,0.00,178,12.92,2.47,0.00,-8.5,4.998,4.998,4.998,4.998,26
2022-01-26 10:39:22,12.1,14.6,602,0.0,0.0,0,0.0,0.0,0,121288.00,0.00,0.00,201,12.92,2.80,0.00,-8.9,4.998,4.998,4.998,4.998,127
2022-01-26 10:40:22,15.8,22.8,884,0.0,0.0,0,0.0,0.0,0,122172.00,0.00,0.00,192,12.92,2.67,0.00,-8.5,4.998,4.998,4.998,4.998,43
2022-01-26 10:41:22,9.1,17.4,644,0.0,0.0,0,0.0,0.0,0,122816.00,0.00,0.00,160,12.92,2.22,0.00,-8.5,4.998,4.998,4.998,4.998,139
2022-01-26 10:42:22,10.9,12.9,470,0.0,0.0,0,0.0,0.0,0,123286.00,0.00,0.00,205,12.96,2.85,0.00,-8.5,4.998,4.998,4.998,4.998,175
2022-01-26 10:43:22,12.1,17.2,687,0.0,0.0,0,0.0,0.0,0,123973.00,0.00,0.00,182,12.96,2.53,0.00,-8.9,4.998,4.998,4.998,4.998,184
2022-01-26 10:44:22,8.3,16.1,608,0.0,0.0,0,0.0,0.0,0,124581.00,0.00,0.00,235,13.00,3.27,0.00,-8.5,4.998,4.998,4.998,4.998,127
2022-01-26 10:45:22,10.4,17.1,598,0.0,0.0,0,0.0,0.0,0,125179.00,0.00,0.00,181,13.00,2.51,0.00,-8.5,4.998,4.998,4.998,4.998,35
2022-01-26 10:46:22,15.2,17.1,667,0.0,0.0,0,0.0,0.0,0,125846.00,0.00,0.00,180,13.00,2.50,0.00,-8.9,4.998,4.998,4.998,4.998,182
2022-01-26 10:47:22,7.8,16.7,670,0.0,0.0,0,0.0,0.0,0,126516.00,0.00,0.00,173,13.00,2.41,0.00,-8.5,4.998,4.998,4.998,4.998,172
2022-01-26 10:48:22,5.1,16.5,649,0.0,0.0,0,0.0,0.0,0,127165.00,0.00,0.00,208,13.04,2.90,0.00,-8.5,4.998,4.998,4.998,4.998,197
2022-01-26 10:49:22,6.4,10.9,486,0.0,0.0,0,0.0,0.0,0,127651.00,0.00,0.00,213,13.04,2.96,0.00,-8.5,4.998,4.998,4.998,4.998,172
2022-01-26 10:50:22,7.1,13.6,551,0.0,0.0,0,0.0,0.0,0,128202.00,0.00,0.00,224,13.04,3.11,0.00,-8.5,4.998,4.998,4.998,4.998,51
2022-01-26 10:51:22,15.0,15.0,613,0.0,0.0,0,0.0,0.0,0,128815.00,0.00,0.00,225,13.04,3.12,0.00,-8.5,4.998,4.998,4.998,4.998,81
2022-01-26 10:52:22,7.9,16.7,687,0.0,0.0,0,0.0,0.0,0,129502.00,0.00,0.00,232,13.08,3.22,0.00,-8.9,4.998,4.998,4.998,4.998,42
2022-01-26 10:53:22,13.1,14.8,519,0.0,0.0,0,0.0,0.0,0,130021.00,0.00,0.00,213,13.08,2.96,0.00,-8.9,4.998,4.998,4.998,4.998,54
2022-01-26 10:54:22,12.6,13.6,491,0.0,0.0,0,0.0,0.0,0,130512.00,0.00,0.00,176,13.08,2.45,0.00,-8.5,4.998,4.998,4.998,4.998,214
2022-01-26 10:55:22,8.9,18.2,757,0.0,0.0,0,0.0,0.0,0,131269.00,0.00,0.00,186,13.08,2.58,0.00,-8.5,4.998,4.998,4.998,4.998,229
2022-01-26 10:56:22,12.5,14.2,738,0.0,0.0,0,0.0,0.0,0,132007.00,0.00,0.00,204,13.08,2.83,0.00,-8.9,4.998,4.998,4.998,4.998,170
2022-01-26 10:57:22,7.9,12.1,438,0.0,0.0,0,0.0,0.0,0,132445.00,0.00,0.00,194,13.12,2.69,0.00,-8.5,4.998,4.998,4.998,4.998,1
2022-01-26 10:58:22,9.2,9.8,303,0.0,0.0,0,0.0,0.0,0,132748.00,0.00,0.00,227,13.08,3.15,0.00,-8.0,4.998,4.998,4.998,4.998,237
2022-01-26 10:59:22,10.1,15.2,582,0.0,0.0,0,0.0,0.0,0,133330.00,0.00,0.00,206,13.12,2.87,0.00,-8.0,4.998,4.998,4.998,4.998,166
2022-01-26 11:00:22,3.3,14.1,544,0.0,0.0,0,0.0,0.0,0,133874.00,0.00,0.00,227,13.12,3.16,0.00,-8.0,4.998,4.998,4.998,4.998,193
2022-01-26 11:01:22,8.8,17.0,705,0.0,0.0,0,0.0,0.0,0,134579.00,0.00,0.00,235,13.12,3.27,0.00,-8.5,4.998,4.998,4.998,4.998,210
2022-01-26 11:02:22,11.0,17.2,667,0.0,0.0,0,0.0,0.0,0,135246.00,0.00,0.00,245,13.12,3.41,0.00,-8.5,4.998,4.998,4.998,4.998,184
2022-01-26 11:03:22,6.8,13.1,497,0.0,0.0,0,0.0,0.0,0,135743.00,0.00,0.00,240,13.16,3.33,0.00,-8.5,4.998,4.998,4.998,4.998,244
2022-01-26 11:04:22,4.6,8.3,352,0.0,0.0,0,0.0,0.0,0,136095.00,0.00,0.00,197,13.12,2.74,0.00,-8.0,4.998,4.998,4.998,4.998,123
2022-01-26 11:05:22,8.7,10.7,279,0.0,0.0,0,0.0,0.0,0,136374.00,0.00,0.00,214,13.16,2.98,0.00,-8.0,4.998,4.998,4.998,4.998,81
2022-01-26 11:06:22,7.8,12.2,549,0.0,0.0,0,0.0,0.0,0,136923.00,0.00,0.00,217,13.16,3.02,0.00,-8.5,4.998,4.998,4.998,4.998,146
2022-01-26 11:07:22,5.7,9.9,391,0.0,0.0,0,0.0,0.0,0,137314.00,0.00,0.00,184,13.20,2.56,0.00,-8.0,4.998,4.998,4.998,4.998,53
2022-01-26 11:08:22,13.1,17.7,705,0.0,0.0,0,0.0,0.0,0,138019.00,0.00,0.00,185,13.20,2.57,0.00,-8.0,4.998,4.998,4.998,4.998,84
2022-01-26 11:09:22,7.9,13.3,487,0.0,0.0,0,0.0,0.0,0,138506.00,0.00,0.00,218,13.20,3.03,0.00,-8.0,4.998,4.998,4.998,4.998,200
2022-01-26 11:10:22,9.0,18.3,635,0.0,0.0,0,0.0,0.0,0,139141.00,0.00,0.00,220,13.20,3.05,0.00,-8.0,4.998,4.998,4.998,4.998,75
2022-01-26 11:11:22,11.1,15.7,669,0.0,0.0,0,0.0,0.0,0,139810.00,0.00,0.00,189,13.24,2.63,0.00,-8.0,4.998,4.998,4.998,4.998,91
2022-01-26 11:12:22,5.8,11.7,499,0.0,0.0,0,0.0,0.0,0,140309.00,0.00,0.00,194,13.24,2.70,0.00,-8.0,4.998,4.998,4.998,4.998,185
2022-01-26 11:13:22,5.9,8.9,350,0.0,0.0,0,0.0,0.0,0,140659.00,0.00,0.00,240,13.28,3.33,0.00,-8.0,4.998,4.998,4.998,4.998,89
2022-01-26 11:14:22,8.7,9.3,357,0.0,0.0,0,0.0,0.0,0,141016.00,0.00,0.00,174,13.24,2.41,0.00,-8.0,4.998,4.998,4.998,4.998,179
2022-01-26 11:15:22,13.1,14.9,491,0.0,0.0,0,0.0,0.0,0,141507.00,0.00,0.00,245,13.28,3.41,0.00,-7.5,4.998,4.998,4.998,4.998,64
2022-01-26 11:16:22,10.2,13.5,485,0.0,0.0,0,0.0,0.0,0,141992.00,0.00,0.00,190,13.28,2.64,0.00,-8.0,4.998,4.998,4.998,4.998,81
2022-01-26 11:17:22,7.6,17.4,668,0.0,0.0,0,0.0,0.0,0,142660.00,0.00,0.00,201,13.32,2.79,0.00,-8.0,4.998,4.998,4.998,4.998,35
2022-01-26 11:18:22,7.1,19.8,716,0.0,0.0,0,0.0,0.0,0,143376.00,0.00,0.00,236,13.28,3.28,0.00,-8.0,4.998,4.998,4.998,4.998,147
2022-01-26 11:19:22,16.9,20.7,635,0.0,0.0,0,0.0,0.0,0,144011.00,0.00,0.00,202,13.32,2.81,0.00,-8.0,4.998,4.998,4.998,4.998,233
2022-01-26 11:20:22,7.7,19.7,902,0.0,0.0,0,0.0,0.0,0,144913.00,0.00,0.00,210,13.32,2.92,0.00,-8.0,4.998,4.998,4.998,4.998,104
2022-01-26 11:21:22,7.0,18.3,655,0.0,0.0,0,0.0,0.0,0,145568.00,0.00,0.00,214,13.32,2.98,0.00,-8.0,4.998,4.998,4.998,4.998,255
2022-01-26 11:22:22,10.8,15.7,631,0.0,0.0,0,0.0,0.0,0,146199.00,0.00,0.00,200,13.32,2.78,0.00,-8.0,4.998,4.998,4.998,4.998,8
2022-01-26 11:23:22,6.3,15.3,589,0.0,0.0,0,0.0,0.0,0,146788.00,0.00,0.00,230,13.32,3.20,0.00,-8.0,4.998,4.998,4.998,4.998,233
2022-01-26 11:24:22,8.2,9.8,386,0.0,0.0,0,0.0,0.0,0,147174.00,0.00,0.00,217,13.32,3.02,0.00,-7.5,4.998,4.998,4.998,4.998,74
2022-01-26 11:25:22,12.2,15.6,560,0.0,0.0,0,0.0,0.0,0,147734.00,0.00,0.00,251,13.32,3.49,0.00,-7.5,4.998,4.998,4.998,4.998,106
2022-01-26 11:26:22,15.2,15.5,472,0.0,0.0,0,0.0,0.0,0,148206.00,0.00,0.00,261,13.35,3.62,0.00,-7.5,4.998,4.998,4.998,4.998,255
2022-01-26 11:27:22,13.9,27.9,903,0.0,0.0,0,0.0,0.0,0,149109.00,0.00,0.00,222,13.35,3.08,0.00,-8.0,4.998,4.998,4.998,4.998,189
2022-01-26 11:28:22,10.1,22.2,820,0.0,0.0,0,0.0,0.0,0,149929.00,0.00,0.00,228,13.35,3.17,0.00,-8.0,4.998,4.998,4.998,4.998,28
2022-01-26 11:29:22,7.3,24.0,730,0.0,0.0,0,0.0,0.0,0,150659.00,0.00,0.00,238,13.35,3.30,0.00,-8.0,4.998,4.998,4.998,4.998,0
2022-01-26 11:30:22,20.5,25.0,619,0.0,0.0,0,0.0,0.0,0,151278.00,0.00,0.00,195,13.35,2.71,0.00,-7.5,4.998,4.998,4.998,4.998,15
2022-01-26 11:31:22,11.3,23.1,987,0.0,0.0,0,0.0,0.0,0,152265.00,0.00,0.00,208,13.39,2.90,0.00,-7.5,4.998,4.998,4.998,4.998,193
2022-01-26 11:32:22,18.8,23.2,909,0.0,0.0,0,0.0,0.0,0,153174.00,0.00,0.00,278,13.39,3.86,0.00,-7.5,4.998,4.998,4.998,4.998,192
2022-01-26 11:33:22,8.8,20.5,551,0.0,0.0,0,0.0,0.0,0,153725.00,0.00,0.00,196,13.39,2.73,0.00,-8.0,4.998,4.998,4.998,4.998,212
2022-01-26 11:34:22,8.5,18.6,684,0.0,0.0,0,0.0,0.0,0,154409.00,0.00,0.00,236,13.43,3.28,0.00,-8.0,4.998,4.998,4.998,4.998,122
2022-01-26 11:35:22,9.5,20.5,815,0.0,0.0,0,0.0,0.0,0,155224.00,0.00,0.00,227,13.43,3.16,0.00,-7.5,4.998,4.998,4.998,4.998,20
2022-01-26 11:36:22,9.0,18.4,756,0.0,0.0,0,0.0,0.0,0,155980.00,0.00,0.00,225,13.43,3.13,0.00,-7.5,4.998,4.998,4.998,4.998,75
2022-01-26 11:37:22,12.5,18.7,613,0.0,0.0,0,0.0,0.0,0,156593.00,0.00,0.00,233,13.43,3.23,0.00,-7.5,4.998,4.998,4.998,4.998,181
2022-01-26 11:38:22,6.4,19.1,735,0.0,0.0,0,0.0,0.0,0,157328.00,0.00,0.00,219,13.43,3.05,0.00,-8.0,4.998,4.998,4.998,4.998,202
2022-01-26 11:39:22,12.1,21.6,806,0.0,0.0,0,0.0,0.0,0,158134.00,0.00,0.00,191,13.43,2.66,0.00,-8.0,4.998,4.998,4.998,4.998,43
2022-01-26 11:40:22,10.5,13.0,574,0.0,0.0,0,0.0,0.0,0,158708.00,0.00,0.00,229,13.39,3.18,0.00,-8.0,4.998,4.998,4.998,4.998,37
2022-01-26 11:41:22,7.6,16.6,647,0.0,0.0,0,0.0,0.0,0,159355.00,0.00,0.00,221,13.39,3.07,0.00,-7.5,4.998,4.998,4.998,4.998,88
2022-01-26 11:42:22,6.2,10.7,451,0.0,0.0,0,0.0,0.0,0,159806.00,0.00,0.00,189,13.39,2.63,0.00,-7.5,4.998,4.998,4.998,4.998,71
2022-01-26 11:43:22,18.9,23.8,628,0.0,0.0,0,0.0,0.0,0,160434.00,0.00,0.00,243,13.39,3.38,0.00,-7.5,4.998,4.998,4.998,4.998,253
2022-01-26 11:44:22,10.5,19.9,685,0.0,0.0,0,0.0,0.0,0,161119.00,0.00,0.00,217,13.39,3.02,0.00,-7.5,4.998,4.998,4.998,4.998,133
2022-01-26 11:45:22,14.0,16.2,749,0.0,0.0,0,0.0,0.0,0,161868.00,0.00,0.00,227,13.39,3.15,0.00,-8.0,4.998,4.998,4.998,4.998,44
2022-01-26 11:46:22,9.9,19.7,792,0.0,0.0,0,0.0,0.0,0,162660.00,0.00,0.00,280,13.39,3.89,0.00,-8.0,4.998,4.998,4.998,4.998,237
2022-01-26 11:47:22,12.4,19.1,815,0.0,0.0,0,0.0,0.0,0,163475.00,0.00,0.00,185,13.39,2.57,0.00,-7.5,4.998,4.998,4.998,4.998,228
2022-01-26 11:48:22,10.1,17.0,599,0.0,0.0,0,0.0,0.0,0,164074.00,0.00,0.00,240,13.39,3.33,0.00,-7.5,4.998,4.998,4.998,4.998,34
2022-01-26 11:49:22,20.9,22.3,671,0.0,0.0,0,0.0,0.0,0,164745.00,0.00,0.00,218,13.39,3.03,0.00,-7.5,4.998,4.998,4.998,4.998,254
2022-01-26 11:50:22,8.4,20.9,886,0.0,0.0,0,0.0,0.0,0,165631.00,0.00,0.00,205,13.39,2.85,0.00,-7.5,4.998,4.998,4.998,4.998,18
2022-01-26 11:51:22,7.4,15.2,608,0.0,0.0,0,0.0,0.0,0,166239.00,0.00,0.00,209,13.39,2.91,0.00,-7.5,4.998,4.998,4.998,4.998,247
2022-01-26 11:52:22,11.6,16.0,604,0.0,0.0,0,0.0,0.0,0,166843.00,0.00,0.00,222,13.39,3.09,0.00,-7.5,4.998,4.998,4.998,4.998,128
2022-01-26 11:53:22,4.5,11.7,358,0.0,0.0,0,0.0,0.0,0,167201.00,0.00,0.00,210,13.39,2.92,0.00,-7.0,4.998,4.998,4.998,4.998,62
2022-01-26 11:54:22,9.2,11.9,345,0.0,0.0,0,0.0,0.0,0,167546.00,0.00,0.00,221,13.43,3.07,0.00,-7.0,4.998,4.998,4.998,4.998,157
2022-01-26 11:55:22,7.5,12.4,491,0.0,0.0,0,0.0,0.0,0,168037.00,0.00,0.00,172,13.39,2.39,0.00,-7.5,4.998,4.998,4.998,4.998,223
2022-01-26 11:56:22,11.1,20.3,733,0.0,0.0,0,0.0,0.0,0,168770.00,0.00,0.00,211,13.43,2.93,0.00,-7.5,4.998,4.998,4.998,4.998,27
2022-01-26 11:57:22,13.9,15.9,678,0.0,0.0,0,0.0,0.0,0,169448.00,0.00,0.00,189,13.43,2.63,0.00,-7.5,4.998,4.998,4.998,4.998,185
2022-01-26 11:58:22,13.7,24.7,874,0.0,0.0,0,0.0,0.0,0,170322.00,0.00,0.00,198,13.43,2.75,0.00,-8.0,4.998,4.998,4.998,4.998,130
2022-01-26 11:59:22,17.0,20.6,912,0.0,0.0,0,0.0,0.0,0,171234.00,0.00,0.00,219,13.43,3.05,0.00,-8.0,4.998,4.998,4.998,4.998,32
2022-01-26 12:00:22,9.2,19.0,787,0.0,0.0,0,0.0,0.0,0,172021.00,0.00,0.00,201,13.39,2.79,0.00,-7.5,4.998,4.998,4.998,4.998,125
2022-01-26 12:01:22,9.9,22.0,841,0.0,0.0,0,0.0,0.0,0,172862.00,0.00,0.00,199,13.43,2.76,0.00,-7.5,4.998,4.998,4.998,4.998,251
2022-01-26 12:02:22,8.4,22.1,683,0.0,0.0,0,0.0,0.0,0,173545.00,0.00,0.00,196,13.39,2.73,0.00,-7.5,4.998,4.998,4.998,4.998,182
2022-01-26 12:03:22,9.4,16.8,556,0.0,0.0,0,0.0,0.0,0,174101.00,0.00,0.00,201,13.39,2.80,0.00,-7.5,4.998,4.998,4.998,4.998,24
2022-01-26 12:04:22,8.6,19.7,744,0.0,0.0,0,0.0,0.0,0,174845.00,0.00,0.00,159,13.43,2.22,0.00,-8.0,4.998,4.998,4.998,4.998,21
2022-01-26 12:05:22,11.4,18.4,689,0.0,0.0,0,0.0,0.0,0,175534.00,0.00,0.00,204,13.43,2.84,0.00,-7.5,4.998,4.998,4.998,4.998,159
2022-01-26 12:06:22,8.6,21.4,593,0.0,0.0,0,0.0,0.0,0,176127.00,0.00,0.00,177,13.43,2.46,0.00,-7.5,4.998,4.998,4.998,4.998,239
2022-01-26 12:07:22,5.5,16.1,655,0.0,0.0,0,0.0,0.0,0,176782.00,0.00,0.00,203,13.43,2.83,0.00,-7.0,4.998,4.998,4.998,4.998,9
2022-01-26 12:08:22,12.0,17.6,715,0.0,0.0,0,0.0,0.0,0,177497.00,0.00,0.00,198,13.43,2.75,0.00,-7.5,4.998,4.998,4.998,4.998,134
2022-01-26 12:09:22,10.3,20.0,844,0.0,0.0,0,0.0,0.0,0,178341.00,0.00,0.00,217,13.43,3.02,0.00,-7.5,4.998,4.998,4.998,4.998,196
2022-01-26 12:10:22,8.1,14.1,587,0.0,0.0,0,0.0,0.0,0,178928.00,0.00,0.00,216,13.43,3.01,0.00,-7.5,4.998,4.998,4.998,4.998,22
2022-01-26 12:11:22,8.0,21.6,737,0.0,0.0,0,0.0,0.0,0,179665.00,0.00,0.00,207,13.43,2.88,0.00,-7.5,4.998,4.998,4.998,4.998,55
2022-01-26 12:12:22,6.5,13.1,496,0.0,0.0,0,0.0,0.0,0,180161.00,0.00,0.00,229,13.47,3.19,0.00,-7.5,4.998,4.998,4.998,4.998,40
2022-01-26 12:13:22,8.1,30.6,836,0.0,0.0,0,0.0,0.0,0,180997.00,0.00,0.00,242,13.47,3.36,0.00,-7.5,4.998,4.998,4.998,4.998,175
2022-01-26 12:14:22,6.0,10.7,467,0.0,0.0,0,0.0,0.0,0,181464.00,0.00,0.00,236,13.51,3.28,0.00,-7.5,4.998,4.998,4.998,4.998,49
2022-01-26 12:15:22,9.4,23.2,812,0.0,0.0,0,0.0,0.0,0,182276.00,0.00,0.00,244,13.55,3.39,0.00,-7.5,4.998,4.998,4.998,4.998,248
2022-01-26 12:16:22,6.4,11.8,463,0.0,0.0,0,0.0,0.0,0,182739.00,0.00,0.00,233,13.59,3.24,0.00,-7.0,4.998,4.998,4.998,4.998,181
2022-01-26 12:17:22,14.5,26.4,782,0.0,0.0,0,0.0,0.0,0,183521.00,0.00,0.00,239,13.74,3.32,0.00,-7.0,4.998,4.998,4.998,4.998,13
2022-01-26 12:18:22,12.9,15.2,606,0.0,0.0,0,0.0,0.0,0,184127.00,0.00,0.00,251,13.74,3.48,0.00,-7.0,4.998,4.998,4.998,4.998,114
2022-01-26 12:19:22,5.4,13.0,539,0.0,0.0,0,0.0,0.0,0,184666.00,0.00,0.00,224,13.71,3.11,0.00,-6.5,4.998,4.998,4.998,4.998,135
2022-01-26 12:20:22,9.0,17.3,613,0.0,0.0,0,0.0,0.0,0,185279.00,0.00,0.00,231,13.82,3.21,0.00,-7.0,4.998,4.998,4.998,4.998,249
2022-01-26 12:21:22,7.4,11.9,452,0.0,0.0,0,0.0,0.0,0,185731.00,0.00,0.00,210,13.74,2.91,0.00,-6.5,4.998,4.998,4.998,4.998,186
2022-01-26 12:22:22,7.2,17.7,518,0.0,0.0,0,0.0,0.0,0,186249.00,0.00,0.00,197,13.71,2.74,0.00,-6.5,4.998,4.998,4.998,4.998,213
2022-01-26 12:23:22,13.4,17.2,662,0.0,0.0,0,0.0,0.0,0,186911.00,0.00,0.00,203,13.67,2.83,0.00,-7.0,4.998,4.998,4.998,4.998,185
2022-01-26 12:24:22,10.2,13.8,526,0.0,0.0,0,0.0,0.0,0,187437.00,0.00,0.00,198,13.67,2.75,0.00,-7.0,4.998,4.998,4.998,4.998,112
2022-01-26 12:25:22,10.0,14.9,546,0.0,0.0,0,0.0,0.0,0,187983.00,0.00,0.00,269,13.63,3.74,0.00,-6.5,4.998,4.998,4.998,4.998,56
2022-01-26 12:26:22,13.7,18.0,782,0.0,0.0,0,0.0,0.0,0,188765.00,0.00,0.00,235,13.63,3.27,0.00,-7.5,4.998,4.998,4.998,4.998,193
2022-01-26 12:27:22,11.2,17.3,662,0.0,0.0,0,0.0,0.0,0,189427.00,0.00,0.00,233,13.63,3.24,0.00,-7.0,4.998,4.998,4.998,4.998,154
2022-01-26 12:28:22,13.6,21.0,915,0.0,0.0,0,0.0,0.0,0,190342.00,0.00,0.00,215,13.63,2.98,0.00,-7.0,4.998,4.998,4.998,4.998,47
2022-01-26 12:29:22,5.6,20.0,658,0.0,0.0,0,0.0,0.0,0,191000.00,0.00,0.00,227,13.67,3.16,0.00,-7.0,4.998,4.998,4.998,4.998,201
2022-01-26 12:30:22,22.9,26.1,810,0.0,0.0,0,0.0,0.0,0,191810.00,0.00,0.00,181,13.71,2.51,0.00,-7.0,4.998,4.998,4.998,4.998,127
2022-01-26 12:31:22,11.9,25.2,702,0.0,0.0,0,0.0,0.0,0,192512.00,0.00,0.00,222,14.06,3.09,0.00,-7.0,4.998,4.998,4.998,4.998,93
2022-01-26 12:32:22,9.3,19.6,800,0.0,0.0,0,0.0,0.0,0,193312.00,0.00,0.00,210,13.78,2.92,0.00,-7.0,4.998,4.998,4.998,4.998,123
2022-01-26 12:33:22,8.6,17.4,727,0.0,0.0,0,0.0,0.0,0,194039.00,0.00,0.00,215,13.82,2.99,0.00,-7.0,4.998,4.998,4.998,4.998,183
2022-01-26 12:34:22,9.5,18.9,763,0.0,0.0,0,0.0,0.0,0,194802.00,0.00,0.00,218,13.71,3.03,0.00,-7.0,4.998,4.998,4.998,4.998,67
2022-01-26 12:35:22,12.0,19.5,777,0.0,0.0,0,0.0,0.0,0,195579.00,0.00,0.00,226,13.71,3.14,0.00,-7.0,4.998,4.998,4.998,4.998,30
2022-01-26 12:36:22,7.3,11.5,454,0.0,0.0,0,0.0,0.0,0,196033.00,0.00,0.00,198,13.67,2.75,0.00,-7.0,4.998,4.998,4.998,4.998,208
2022-01-26 12:37:22,11.0,12.6,483,0.0,0.0,0,0.0,0.0,0,196516.00,0.00,0.00,183,13.63,2.54,0.00,-7.0,4.998,4.998,4.998,4.998,199
2022-01-26 12:38:22,13.4,15.0,661,0.0,0.0,0,0.0,0.0,0,197177.00,0.00,0.00,174,13.63,2.42,0.00,-7.0,4.998,4.998,4.998,4.998,43
2022-01-26 12:39:22,10.3,20.2,821,0.0,0.0,0,0.0,0.0,0,197998.00,0.00,0.00,176,13.59,2.44,0.00,-7.0,4.998,4.998,4.998,4.998,80
2022-01-26 12:40:22,13.7,19.9,874,0.0,0.0,0,0.0,0.0,0,198872.00,0.00,0.00,219,13.59,3.04,0.00,-7.5,4.998,4.998,4.998,4.998,64
2022-01-26 12:41:22,6.7,20.1,812,0.0,0.0,0,0.0,0.0,0,199684.00,0.00,0.00,142,13.59,1.98,0.00,-7.5,4.998,4.998,4.998,4.998,18
2022-01-26 12:42:22,11.6,14.1,564,0.0,0.0,0,0.0,0.0,0,200248.00,0.00,0.00,208,13.59,2.90,0.00,-7.0,4.998,4.998,4.998,4.998,168
2022-01-26 12:43:22,6.5,13.3,518,0.0,0.0,0,0.0,0.0,0,200766.00,0.00,0.00,233,13.59,3.24,0.00,-7.5,4.998,4.998,4.998,4.998,31
2022-01-26 12:44:22,11.5,15.5,518,0.0,0.0,0,0.0,0.0,0,201284.00,0.00,0.00,183,13.67,2.54,0.00,-7.0,4.998,4.998,4.998,4.998,161
2022-01-26 12:45:22,17.4,19.8,767,0.0,0.0,0,0.0,0.0,0,202051.00,0.00,0.00,181,13.67,2.51,0.00,-7.0,4.998,4.998,4.998,4.998,199
2022-01-26 12:46:22,12.1,18.4,842,0.0,0.0,0,0.0,0.0,0,202893.00,0.00,0.00,194,13.67,2.69,0.00,-7.0,4.998,4.998,4.998,4.998,182
2022-01-26 12:47:22,11.2,19.2,772,0.0,0.0,0,0.0,0.0,0,203665.00,0.00,0.00,204,13.71,2.84,0.00,-6.5,4.998,4.998,4.998,4.998,118
2022-01-26 12:48:22,13.6,13.8,537,0.0,0.0,0,0.0,0.0,0,204202.00,0.00,0.00,184,13.74,2.56,0.00,-7.0,4.998,4.998,4.998,4.998,66
2022-01-26 12:49:22,7.2,14.6,525,0.0,0.0,0,0.0,0.0,0,204727.00,0.00,0.00,173,14.02,2.41,0.00,-6.5,4.998,4.998,4.998,4.998,242
2022-01-26 12:50:22,9.5,20.6,664,0.0,0.0,0,0.0,0.0,0,205391.00,0.00,0.00,222,14.06,3.09,0.00,-6.5,4.998,4.998,4.998,4.998,47
2022-01-26 12:51:22,6.9,13.0,486,0.0,0.0,0,0.0,0.0,0,205877.00,0.00,0.00,202,14.10,2.80,0.00,-6.0,4.998,4.998,4.998,4.998,70
2022-01-26 12:52:22,13.5,17.6,673,0.0,0.0,0,0.0,0.0,0,206550.00,0.00,0.00,249,14.17,3.46,0.00,-6.5,4.998,4.998,4.998,4.998,87
2022-01-26 12:53:22,9.4,22.0,851,0.0,0.0,0,0.0,0.0,0,207401.00,0.00,0.00,195,14.21,2.70,0.00,-6.5,4.998,4.998,4.998,4.998,12
2022-01-26 12:54:22,6.7,14.9,623,0.0,0.0,0,0.0,0.0,0,208024.00,0.00,0.00,182,14.14,2.53,0.00,-6.5,4.998,4.998,4.998,4.998,13
2022-01-26 12:55:22,12.1,18.3,628,0.0,0.0,0,0.0,0.0,0,208652.00,0.00,0.00,226,14.17,3.13,0.00,-6.5,4.998,4.998,4.998,4.998,82
2022-01-26 12:56:22,8.6,18.5,783,0.0,0.0,0,0.0,0.0,0,209435.00,0.00,0.00,216,14.49,3.00,0.00,-7.0,4.998,4.998,4.998,4.998,109
2022-01-26 12:57:22,7.8,15.8,649,0.0,0.0,0,0.0,0.0,0,210084.00,0.00,0.00,226,14.25,3.14,0.00,-6.0,4.998,4.998,4.998,4.998,134
2022-01-26 12:58:22,7.6,12.9,449,0.0,0.0,0,0.0,0.0,0,210533.00,0.00,0.00,266,14.60,3.70,0.00,-6.0,4.998,4.998,4.998,4.998,30
2022-01-26 12:59:22,10.6,16.6,669,0.0,0.0,0,0.0,0.0,0,211202.00,0.00,0.00,198,14.57,2.75,0.00,-6.0,4.998,4.998,4.998,4.998,245
2022-01-26 13:00:22,15.1,15.7,644,0.0,0.0,0,0.0,0.0,0,211846.00,0.00,0.00,228,14.57,3.17,0.00,-6.0,4.998,4.998,4.998,4.998,197
2022-01-26 13:01:22,8.3,29.1,895,0.0,0.0,0,0.0,0.0,0,212741.00,0.00,0.00,178,14.57,2.48,0.00,-6.5,4.998,4.998,4.998,4.998,176
2022-01-26 13:02:22,10.4,15.4,642,0.0,0.0,0,0.0,0.0,0,213383.00,0.00,0.00,202,14.57,2.81,0.00,-6.5,4.998,4.998,4.998,4.998,21
2022-01-26 13:03:22,17.4,20.7,914,0.0,0.0,0,0.0,0.0,0,214297.00,0.00,0.00,227,14.57,3.16,0.00,-6.5,4.998,4.998,4.998,4.998,240
2022-01-26 13:04:22,12.6,21.7,937,0.0,0.0,0,0.0,0.0,0,215234.00,0.00,0.00,236,14.57,3.29,0.00,-6.5,4.998,4.998,4.998,4.998,220
2022-01-26 13:05:22,10.8,14.6,664,0.0,0.0,0,0.0,0.0,0,215898.00,0.00,0.00,201,14.57,2.80,0.00,-6.5,4.998,4.998,4.998,4.998,11
2022-01-26 13:06:22,12.9,16.3,636,0.0,0.0,0,0.0,0.0,0,216534.00,0.00,0.00,204,14.57,2.83,0.00,-6.5,4.998,4.998,4.998,4.998,99
2022-01-26 13:07:22,14.2,23.4,915,0.0,0.0,0,0.0,0.0,0,217449.00,0.00,0.00,253,14.57,3.51,0.00,-6.5,4.998,4.998,4.998,4.998,57
2022-01-26 13:08:22,8.9,20.7,878,0.0,0.0,0,0.0,0.0,0,218327.00,0.00,0.00,234,14.60,3.25,0.00,-6.5,4.998,4.998,4.998,4.998,212
2022-01-26 13:09:22,15.1,20.5,784,0.0,0.0,0,0.0,0.0,0,219111.00,0.00,0.00,227,14.60,3.16,0.00,-6.5,4.998,4.998,4.998,4.998,189
2022-01-26 13:10:22,12.1,20.4,765,0.0,0.0,0,0.0,0.0,0,219876.00,0.00,0.00,228,14.57,3.16,0.00,-6.5,4.998,4.998,4.998,4.998,233
2022-01-26 13:11:22,11.8,21.4,910,0.0,0.0,0,0.0,0.0,0,220786.00,0.00,0.00,226,14.57,3.14,0.00,-6.5,4.998,4.998,4.998,4.998,110
2022-01-26 13:12:22,9.7,23.9,775,0.0,0.0,0,0.0,0.0,0,221561.00,0.00,0.00,235,14.57,3.27,0.00,-6.5,4.998,4.998,4.998,4.998,28
2022-01-26 13:13:22,9.1,24.9,927,0.0,0.0,0,0.0,0.0,0,222488.00,0.00,0.00,223,14.60,3.10,0.00,-6.0,4.998,4.998,4.998,4.998,46
2022-01-26 13:14:22,10.3,18.7,788,0.0,0.0,0,0.0,0.0,0,223276.00,0.00,0.00,240,14.57,3.33,0.00,-6.0,4.998,4.998,4.998,4.998,76
2022-01-26 13:15:22,10.2,18.9,692,0.0,0.0,0,0.0,0.0,0,223968.00,0.00,0.00,186,14.57,2.59,0.00,-6.0,4.998,4.998,4.998,4.998,169
2022-01-26 13:16:22,13.9,14.0,597,0.0,0.0,0,0.0,0.0,0,224565.00,0.00,0.00,207,14.57,2.87,0.00,-6.0,4.998,4.998,4.998,4.998,151
2022-01-26 13:17:22,12.2,16.3,521,0.0,0.0,0,0.0,0.0,0,225086.00,0.00,0.00,239,14.60,3.32,0.00,-5.5,4.998,4.998,4.998,4.998,154
2022-01-26 13:18:22,11.2,23.6,882,0.0,0.0,0,0.0,0.0,0,225968.00,0.00,0.00,223,14.57,3.11,0.00,-6.0,4.998,4.998,4.998,4.998,10
2022-01-26 13:19:22,11.5,21.5,779,0.0,0.0,0,0.0,0.0,0,226747.00,0.00,0.00,202,14.57,2.81,0.00,-6.0,4.998,4.998,4.998,4.998,205
2022-01-26 13:20:22,21.5,26.6,987,0.0,0.0,0,0.0,0.0,0,227734.00,0.00,0.00,176,14.57,2.45,0.00,-6.5,4.998,4.998,4.998,4.998,140
2022-01-26 13:21:22,13.3,22.3,951,0.0,0.0,0,0.0,0.0,0,228685.00,0.00,0.00,195,14.60,2.70,0.00,-6.0,4.998,4.998,4.998,4.998,207
2022-01-26 13:22:22,10.9,13.8,569,0.0,0.0,0,0.0,0.0,0,229254.00,0.00,0.00,204,14.57,2.83,0.00,-6.0,4.998,4.998,4.998,4.998,157
2022-01-26 13:23:22,18.3,24.4,868,0.0,0.0,0,0.0,0.0,0,230122.00,0.00,0.00,210,14.57,2.91,0.00,-6.0,4.998,4.998,4.998,4.998,68
2022-01-26 13:24:22,10.8,23.5,841,0.0,0.0,0,0.0,0.0,0,230963.00,0.00,0.00,222,14.60,3.09,0.00,-6.0,4.998,4.998,4.998,4.998,8
2022-01-26 13:25:22,9.2,20.0,720,0.0,0.0,0,0.0,0.0,0,231683.00,0.00,0.00,189,14.60,2.63,0.00,-5.5,4.998,4.998,4.998,4.998,72
2022-01-26 13:26:22,8.5,10.0,448,0.0,0.0,0,0.0,0.0,0,232131.00,0.00,0.00,211,14.57,2.93,0.00,-5.5,4.998,4.998,4.998,4.998,114
2022-01-26 13:27:22,13.0,21.4,594,0.0,0.0,0,0.0,0.0,0,232725.00,0.00,0.00,184,14.53,2.56,0.00,-5.5,4.998,4.998,4.998,4.998,197
2022-01-26 13:28:22,18.7,20.0,805,0.0,0.0,0,0.0,0.0,0,233530.00,0.00,0.00,194,14.57,2.70,0.00,-5.5,4.998,4.998,4.998,4.998,66
2022-01-26 13:29:22,19.5,23.2,861,0.0,0.0,0,0.0,0.0,0,234391.00,0.00,0.00,178,14.57,2.48,0.00,-5.5,4.998,4.998,4.998,4.998,14
2022-01-26 13:30:22,10.0,19.1,679,0.0,0.0,0,0.0,0.0,0,235070.00,0.00,0.00,202,14.57,2.80,0.00,-5.5,4.998,4.998,4.998,4.998,96
2022-01-26 13:31:22,9.1,25.7,1016,0.0,0.0,0,0.0,0.0,0,236086.00,0.00,0.00,222,14.57,3.08,0.00,-6.0,4.998,4.998,4.998,4.998,89
2022-01-26 13:32:22,6.7,19.0,730,0.0,0.0,0,0.0,0.0,0,236816.00,0.00,0.00,243,14.60,3.38,0.00,-5.5,4.998,4.998,4.998,4.998,217
2022-01-26 13:33:22,17.2,19.8,761,0.0,0.0,0,0.0,0.0,0,237577.00,0.00,0.00,222,14.64,3.08,0.00,-5.5,4.998,4.998,4.998,4.998,1
2022-01-26 13:34:22,12.2,24.2,938,0.0,0.0,0,0.0,0.0,0,238515.00,0.00,0.00,187,14.60,2.59,0.00,-5.5,4.998,4.998,4.998,4.998,39
2022-01-26 13:35:22,10.5,22.4,837,0.0,0.0,0,0.0,0.0,0,239352.00,0.00,0.00,186,14.57,2.59,0.00,-5.5,4.998,4.998,4.998,4.998,107
2022-01-26 13:36:22,10.2,15.0,638,0.0,0.0,0,0.0,0.0,0,239990.00,0.00,0.00,277,14.57,3.84,0.00,-5.0,4.998,4.998,4.998,4.998,219
2022-01-26 13:37:22,15.7,21.4,675,0.0,0.0,0,0.0,0.0,0,240665.00,0.00,0.00,199,14.60,2.77,0.00,-5.0,4.998,4.998,4.998,4.998,9
2022-01-26 13:38:22,12.1,22.6,853,0.0,0.0,0,0.0,0.0,0,241518.00,0.00,0.00,186,14.60,2.58,0.00,-5.5,4.998,4.998,4.998,4.998,98
2022-01-26 13:39:22,20.2,26.8,971,0.0,0.0,0,0.0,0.0,0,242489.00,0.00,0.00,192,14.64,2.67,0.00,-5.5,4.998,4.998,4.998,4.998,137
2022-01-26 13:40:22,17.2,25.7,1085,0.0,0.0,0,0.0,0.0,0,243574.00,0.00,0.00,164,14.60,2.28,0.00,-5.5,4.998,4.998,4.998,4.998,130
2022-01-26 13:41:22,14.6,25.2,983,0.0,0.0,0,0.0,0.0,0,244557.00,0.00,0.00,184,14.60,2.55,0.00,-5.5,4.998,4.998,4.998,4.998,132
2022-01-26 13:42:22,7.2,22.3,886,0.0,0.0,0,0.0,0.0,0,245443.00,0.00,0.00,181,14.57,2.52,0.00,-5.5,4.998,4.998,4.998,4.998,155
2022-01-26 13:43:22,13.5,22.3,856,0.0,0.0,0,0.0,0.0,0,246299.00,0.00,0.00,191,14.60,2.65,0.00,-5.5,4.998,4.998,4.998,4.998,180
2022-01-26 13:44:22,13.3,25.3,1054,0.0,0.0,0,0.0,0.0,0,247353.00,0.00,0.00,215,14.60,2.99,0.00,-5.5,4.998,4.998,4.998,4.998,220
2022-01-26 13:45:22,11.5,27.5,977,0.0,0.0,0,0.0,0.0,0,248330.00,0.00,0.00,225,14.60,3.13,0.00,-5.5,4.998,4.998,4.998,4.998,9
2022-01-26 13:46:22,7.2,19.2,718,0.0,0.0,0,0.0,0.0,0,249048.00,0.00,0.00,210,14.60,2.91,0.00,-5.5,4.998,4.998,4.998,4.998,127
2022-01-26 13:47:22,11.1,14.1,562,0.0,0.0,0,0.0,0.0,0,249610.00,0.00,0.00,181,14.60,2.51,0.00,-5.0,4.998,4.998,4.998,4.998,68
2022-01-26 13:48:22,15.9,18.5,716,0.0,0.0,0,0.0,0.0,0,250326.00,0.00,0.00,189,14.64,2.62,0.00,-5.0,4.998,4.998,4.998,4.998,104
2022-01-26 13:49:22,11.6,17.3,751,0.0,0.0,0,0.0,0.0,0,251077.00,0.00,0.00,235,14.60,3.27,0.00,-5.0,4.998,4.998,4.998,4.998,248
2022-01-26 13:50:22,12.9,20.3,906,0.0,0.0,0,0.0,0.0,0,251983.00,0.00,0.00,249,14.60,3.46,0.00,-5.5,4.998,4.998,4.998,4.998,119
2022-01-26 13:51:22,16.1,23.7,782,0.0,0.0,0,0.0,0.0,0,252765.00,0.00,0.00,192,14.60,2.67,0.00,-5.0,4.998,4.998,4.998,4.998,27
2022-01-26 13:52:22,12.0,23.3,873,0.0,0.0,0,0.0,0.0,0,253638.00,0.00,0.00,225,14.60,3.12,0.00,-5.0,4.998,4.998,4.998,4.998,44
2022-01-26 13:53:22,14.3,16.8,619,0.0,0.0,0,0.0,0.0,0,254257.00,0.00,0.00,192,14.64,2.67,0.00,-5.0,4.998,4.998,4.998,4.998,74
2022-01-26 13:54:22,7.6,16.3,720,0.0,0.0,0,0.0,0.0,0,254977.00,0.00,0.00,226,14.64,3.14,0.00,-4.5,4.998,4.998,4.998,4.998,246
2022-01-26 13:55:22,6.8,19.0,744,0.0,0.0,0,0.0,0.0,0,255721.00,0.00,0.00,194,14.60,2.69,0.00,-5.0,4.998,4.998,4.998,4.998,161
2022-01-26 13:56:22,10.2,14.5,601,0.0,0.0,0,0.0,0.0,0,256322.00,0.00,0.00,215,14.57,2.98,0.00,-5.0,4.998,4.998,4.998,4.998,249
2022-01-26 13:57:22,7.6,12.8,490,0.0,0.0,0,0.0,0.0,0,256812.00,0.00,0.00,246,14.60,3.42,0.00,-4.5,4.998,4.998,4.998,4.998,5
2022-01-26 13:58:22,17.8,18.7,683,0.0,0.0,0,0.0,0.0,0,257495.00,0.00,0.00,207,14.60,2.87,0.00,-4.5,4.998,4.998,4.998,4.998,90
2022-01-26 13:59:22,15.0,18.8,802,0.0,0.0,0,0.0,0.0,0,258297.00,0.00,0.00,176,14.60,2.45,0.00,-5.0,4.998,4.998,4.998,4.998,4
2022-01-26 14:00:22,8.5,17.9,671,0.0,0.0,0,0.0,0.0,0,258968.00,0.00,0.00,228,14.60,3.17,0.00,-4.5,4.998,4.998,4.998,4.998,163
2022-01-26 14:01:22,6.5,14.8,581,0.0,0.0,0,0.0,0.0,0,259549.00,0.00,0.00,212,14.60,2.95,0.00,-4.5,4.998,4.998,4.998,4.998,214
2022-01-26 14:02:22,12.1,24.0,672,0.0,0.0,0,0.0,0.0,0,260221.00,0.00,0.00,195,14.57,2.71,0.00,-4.5,4.998,4.998,4.998,4.998,184
2022-01-26 14:03:22,11.4,18.8,726,0.0,0.0,0,0.0,0.0,0,260947.00,0.00,0.00,191,14.57,2.65,0.00,-5.0,4.998,4.998,4.998,4.998,168
2022-01-26 14:04:22,15.3,16.1,687,0.0,0.0,0,0.0,0.0,0,261634.00,0.00,0.00,207,14.68,2.88,0.00,-4.5,4.998,4.998,4.998,4.998,111
2022-01-26 14:05:22,8.7,18.0,802,0.0,0.0,0,0.0,0.0,0,262436.00,0.00,0.00,189,14.57,2.63,0.00,-4.1,4.998,4.998,4.998,4.998,214
2022-01-26 14:06:22,9.4,22.9,819,0.0,0.0,0,0.0,0.0,0,263255.00,0.00,0.00,212,14.57,2.94,0.00,-4.5,4.998,4.998,4.998,4.998,184
2022-01-26 14:07:22,13.0,15.6,568,0.0,0.0,0,0.0,0.0,0,263823.00,0.00,0.00,183,14.60,2.54,0.00,-4.1,4.998,4.998,4.998,4.998,188
2022-01-26 14:08:22,12.0,18.8,796,0.0,0.0,0,0.0,0.0,0,264619.00,0.00,0.00,213,14.57,2.96,0.00,-4.1,4.998,4.998,4.998,4.998,189
2022-01-26 14:09:22,9.6,19.1,742,0.0,0.0,0,0.0,0.0,0,265361.00,0.00,0.00,179,14.57,2.49,0.00,-4.1,4.998,4.998,4.998,4.998,221
2022-01-26 14:10:22,8.8,17.7,667,0.0,0.0,0,0.0,0.0,0,266028.00,0.00,0.00,206,14.60,2.87,0.00,-4.1,4.998,4.998,4.998,4.998,172
2022-01-26 14:11:22,16.3,17.9,683,0.0,0.0,0,0.0,0.0,0,266711.00,0.00,0.00,204,14.60,2.84,0.00,-4.1,4.998,4.998,4.998,4.998,100
2022-01-26 14:12:22,11.0,16.8,719,0.0,0.0,0,0.0,0.0,0,267430.00,0.00,0.00,242,14.60,3.36,0.00,-4.5,4.998,4.998,4.998,4.998,167
2022-01-26 14:13:22,10.1,14.4,590,0.0,0.0,0,0.0,0.0,0,268020.00,0.00,0.00,149,14.60,2.07,0.00,-4.5,4.998,4.998,4.998,4.998,209
2022-01-26 14:14:22,9.8,11.2,447,0.0,0.0,0,0.0,0.0,0,268467.00,0.00,0.00,179,14.57,2.49,0.00,-3.6,4.998,4.998,4.998,4.998,24
2022-01-26 14:15:22,8.9,19.3,654,0.0,0.0,0,0.0,0.0,0,269121.00,0.00,0.00,187,14.60,2.60,0.00,-3.6,4.998,4.998,4.998,4.998,225
2022-01-26 14:16:22,10.4,15.5,695,0.0,0.0,0,0.0,0.0,0,269816.00,0.00,0.00,188,14.60,2.61,0.00,-4.1,4.998,4.998,4.998,4.998,12
2022-01-26 14:17:22,11.5,18.4,754,0.0,0.0,0,0.0,0.0,0,270570.00,0.00,0.00,173,14.57,2.41,0.00,-4.1,4.998,4.998,4.998,4.998,29
2022-01-26 14:18:22,9.9,16.1,637,0.0,0.0,0,0.0,0.0,0,271207.00,0.00,0.00,175,14.57,2.44,0.00,-4.5,4.998,4.998,4.998,4.998,251
2022-01-26 14:19:22,8.7,19.7,830,0.0,0.0,0,0.0,0.0,0,272037.00,0.00,0.00,180,14.57,2.50,0.00,-4.5,4.998,4.998,4.998,4.998,124
2022-01-26 14:20:22,9.2,17.6,762,0.0,0.0,0,0.0,0.0,0,272799.00,0.00,0.00,197,14.60,2.74,0.00,-4.1,4.998,4.998,4.998,4.998,239
2022-01-26 14:21:22,13.5,18.2,751,0.0,0.0,0,0.0,0.0,0,273550.00,0.00,0.00,194,14.57,2.70,0.00,-4.1,4.998,4.998,4.998,4.998,137
2022-01-26 14:22:22,6.3,21.8,834,0.0,0.0,0,0.0,0.0,0,274384.00,0.00,0.00,188,14.60,2.61,0.00,-4.1,4.998,4.998,4.998,4.998,131
2022-01-26 14:23:22,10.8,21.4,803,0.0,0.0,0,0.0,0.0,0,275187.00,0.00,0.00,201,14.60,2.79,0.00,-4.1,4.998,4.998,4.998,4.998,101
2022-01-26 14:24:22,9.9,17.3,673,0.0,0.0,0,0.0,0.0,0,275860.00,0.00,0.00,222,14.60,3.09,0.00,-4.1,4.998,4.998,4.998,4.998,69
2022-01-26 14:25:22,7.1,20.4,650,0.0,0.0,0,0.0,0.0,0,276510.00,0.00,0.00,249,14.60,3.46,0.00,-4.1,4.998,4.998,4.998,4.998,107
2022-01-26 14:26:22,7.5,18.3,653,0.0,0.0,0,0.0,0.0,0,277163.00,0.00,0.00,239,14.60,3.33,0.00,-4.1,4.998,4.998,4.998,4.998,64
2022-01-26 14:27:22,10.3,14.4,590,0.0,0.0,0,0.0,0.0,0,277753.00,0.00,0.00,221,14.60,3.07,0.00,-4.5,4.998,4.998,4.998,4.998,174
2022-01-26 14:28:22,10.5,16.0,666,0.0,0.0,0,0.0,0.0,0,278419.00,0.00,0.00,206,14.60,2.87,0.00,-4.1,4.998,4.998,4.998,4.998,233
2022-01-26 14:29:22,6.7,12.5,558,0.0,0.0,0,0.0,0.0,0,278977.00,0.00,0.00,176,14.60,2.45,0.00,-4.1,4.998,4.998,4.998,4.998,123
2022-01-26 14:30:22,18.1,25.0,733,0.0,0.0,0,0.0,0.0,0,279710.00,0.00,0.00,208,14.64,2.90,0.00,-4.5,4.998,4.998,4.998,4.998,219
2022-01-26 14:31:22,14.5,24.4,943,0.0,0.0,0,0.0,0.0,0,280653.00,0.00,0.00,212,14.60,2.95,0.00,-4.5,4.998,4.998,4.998,4.998,111
2022-01-26 14:32:22,14.6,29.2,1058,0.0,0.0,0,0.0,0.0,0,281711.00,0.00,0.00,216,14.60,3.01,0.00,-4.5,4.998,4.998,4.998,4.998,171
2022-01-26 14:33:22,10.7,21.4,745,0.0,0.0,0,0.0,0.0,0,282456.00,0.00,0.00,222,14.60,3.09,0.00,-4.5,4.998,4.998,4.998,4.998,41
2022-01-26 14:34:22,15.7,19.0,795,0.0,0.0,0,0.0,0.0,0,283251.00,0.00,0.00,195,14.57,2.71,0.00,-4.5,4.998,4.998,4.998,4.998,143
2022-01-26 14:35:22,13.7,15.5,705,0.0,0.0,0,0.0,0.0,0,283956.00,0.00,0.00,197,14.68,2.74,0.00,-4.5,4.998,4.998,4.998,4.998,131
2022-01-26 14:36:22,9.2,26.6,802,0.0,0.0,0,0.0,0.0,0,284758.00,0.00,0.00,189,14.64,2.62,0.00,-4.1,4.998,4.998,4.998,4.998,116
2022-01-26 14:37:22,10.8,19.8,849,0.0,0.0,0,0.0,0.0,0,285607.00,0.00,0.00,242,14.60,3.37,0.00,-4.5,4.998,4.998,4.998,4.998,218
2022-01-26 14:38:22,9.8,18.0,669,0.0,0.0,0,0.0,0.0,0,286276.00,0.00,0.00,215,14.57,2.98,0.00,-4.1,4.998,4.998,4.998,4.998,14
2022-01-26 14:39:22,9.5,21.4,750,0.0,0.0,0,0.0,0.0,0,287026.00,0.00,0.00,183,14.60,2.55,0.00,-4.5,4.998,4.998,4.998,4.998,90
2022-01-26 14:40:22,11.5,15.1,585,0.0,0.0,0,0.0,0.0,0,287611.00,0.00,0.00,152,14.60,2.11,0.00,-4.5,4.998,4.998,4.998,4.998,229
2022-01-26 14:41:22,15.3,24.8,959,0.0,0.0,0,0.0,0.0,0,288570.00,0.00,0.00,187,14.64,2.59,0.00,-4.5,4.998,4.998,4.998,4.998,126
2022-01-26 14:42:22,11.1,16.3,510,0.0,0.0,0,0.0,0.0,0,289080.00,0.00,0.00,176,14.57,2.45,0.00,-4.1,4.998,4.998,4.998,4.998,227
2022-01-26 14:43:22,5.5,14.2,543,0.0,0.0,0,0.0,0.0,0,289623.00,0.00,0.00,170,14.60,2.36,0.00,-4.1,4.998,4.998,4.998,4.998,98
2022-01-26 14:44:22,17.8,24.0,895,0.0,0.0,0,0.0,0.0,0,290518.00,0.00,0.00,213,14.60,2.96,0.00,-4.1,4.998,4.998,4.998,4.998,105
2022-01-26 14:45:22,11.9,20.7,920,0.0,0.0,0,0.0,0.0,0,291438.00,0.00,0.00,183,14.57,2.55,0.00,-4.1,4.998,4.998,4.998,4.998,210
2022-01-26 14:46:22,10.4,22.9,963,0.0,0.0,0,0.0,0.0,0,292401.00,0.00,0.00,209,14.60,2.91,0.00,-4.1,4.998,4.998,4.998,4.998,75
2022-01-26 14:47:22,8.3,17.1,711,0.0,0.0,0,0.0,0.0,0,293112.00,0.00,0.00,162,14.60,2.25,0.00,-4.1,4.998,4.998,4.998,4.998,91
2022-01-26 14:48:22,8.4,16.3,613,0.0,0.0,0,0.0,0.0,0,293725.00,0.00,0.00,195,14.60,2.70,0.00,-3.6,4.998,4.998,4.998,4.998,101
2022-01-26 14:49:22,9.1,12.4,525,0.0,0.0,0,0.0,0.0,0,294250.00,0.00,0.00,228,14.60,3.17,0.00,-4.1,4.998,4.998,4.998,4.998,125
2022-01-26 14:50:22,6.3,15.0,618,0.0,0.0,0,0.0,0.0,0,294868.00,0.00,0.00,240,14.64,3.33,0.00,-3.1,4.998,4.998,4.998,4.998,164
2022-01-26 14:51:22,10.5,11.1,506,0.0,0.0,0,0.0,0.0,0,295374.00,0.00,0.00,210,14.60,2.92,0.00,-3.6,4.998,4.998,4.998,4.998,51
2022-01-26 14:52:22,13.3,20.8,726,0.0,0.0,0,0.0,0.0,0,296100.00,0.00,0.00,247,14.60,3.43,0.00,-3.1,4.998,4.998,4.998,4.998,117
2022-01-26 14:53:22,9.4,17.0,642,0.0,0.0,0,0.0,0.0,0,296742.00,0.00,0.00,239,14.60,3.33,0.00,-3.6,4.998,4.998,4.998,4.998,96
2022-01-26 14:54:22,10.9,15.2,641,0.0,0.0,0,0.0,0.0,0,297383.00,0.00,0.00,195,14.57,2.71,0.00,-3.1,4.998,4.998,4.998,4.998,69
2022-01-26 14:55:22,7.9,22.1,786,0.0,0.0,0,0.0,0.0,0,298169.00,0.00,0.00,206,14.60,2.86,0.00,-3.6,4.998,4.998,4.998,4.998,85
2022-01-26 14:56:22,9.8,15.2,645,0.0,0.0,0,0.0,0.0,0,298814.00,0.00,0.00,201,14.60,2.79,0.00,-3.1,4.998,4.998,4.998,4.998,105
2022-01-26 14:57:22,9.6,14.2,553,0.0,0.0,0,0.0,0.0,0,299367.00,0.00,0.00,223,14.41,3.11,0.00,-3.6,4.998,4.998,4.998,4.998,225
2022-01-26 14:58:22,8.2,16.7,633,0.0,0.0,0,0.0,0.0,0,300000.00,0.00,0.00,193,14.41,2.69,0.00,-3.1,4.998,4.998,4.998,4.998,72
2022-01-26 14:59:22,10.8,18.1,682,0.0,0.0,0,0.0,0.0,0,300682.00,0.00,0.00,198,14.41,2.76,0.00,-3.6,4.998,4.998,4.998,4.998,167
2022-01-26 15:00:22,7.3,22.3,654,0.0,0.0,0,0.0,0.0,0,301336.00,0.00,0.00,218,14.41,3.03,0.00,-3.6,4.998,4.998,4.998,4.998,193
2022-01-26 15:01:22,13.3,18.4,766,0.0,0.0,0,0.0,0.0,0,302102.00,0.00,0.00,251,14.41,3.49,0.00,-3.6,4.998,4.998,4.998,4.998,88
2022-01-26 15:02:22,13.7,23.1,909,0.0,0.0,0,0.0,0.0,0,303011.00,0.00,0.00,189,14.41,2.63,0.00,-4.1,4.998,4.998,4.998,4.998,179
2022-01-26 15:03:22,18.4,21.4,940,0.0,0.0,0,0.0,0.0,0,303951.00,0.00,0.00,223,14.37,3.11,0.00,-3.6,4.998,4.998,4.998,4.998,130
2022-01-26 15:04:22,19.6,20.5,852,0.0,0.0,0,0.0,0.0,0,304803.00,0.00,0.00,260,14.41,3.61,0.00,-3.6,4.998,4.998,4.998,4.998,57
2022-01-26 15:05:22,7.2,21.6,915,0.0,0.0,0,0.0,0.0,0,305718.00,0.00,0.00,218,14.41,3.03,0.00,-4.1,4.998,4.998,4.998,4.998,240
2022-01-26 15:06:22,11.7,15.6,458,0.0,0.0,0,0.0,0.0,0,306176.00,0.00,0.00,247,14.37,3.43,0.00,-4.1,4.998,4.998,4.998,4.998,33
2022-01-26 15:07:22,14.4,17.3,717,0.0,0.0,0,0.0,0.0,0,306893.00,0.00,0.00,247,14.41,3.43,0.00,-4.1,4.998,4.998,4.998,4.998,213
2022-01-26 15:08:22,10.3,22.7,875,0.0,0.0,0,0.0,0.0,0,307768.00,0.00,0.00,186,14.41,2.59,0.00,-3.6,4.998,4.998,4.998,4.998,221
2022-01-26 15:09:22,12.2,22.5,821,0.0,0.0,0,0.0,0.0,0,308589.00,0.00,0.00,200,14.41,2.77,0.00,-3.6,4.998,4.998,4.998,4.998,64
2022-01-26 15:10:22,8.5,13.0,475,0.0,0.0,0,0.0,0.0,0,309064.00,0.00,0.00,226,14.37,3.14,0.00,-3.6,4.998,4.998,4.998,4.998,245
2022-01-26 15:11:22,8.6,21.0,670,0.0,0.0,0,0.0,0.0,0,309734.00,0.00,0.00,233,14.41,3.23,0.00,-3.6,4.998,4.998,4.998,4.998,41
2022-01-26 15:12:22,12.4,21.7,673,0.0,0.0,0,0.0,0.0,0,310407.00,0.00,0.00,208,14.41,2.90,0.00,-4.1,4.998,4.998,4.998,4.998,198
2022-01-26 15:13:22,2.4,14.2,414,0.0,0.0,0,0.0,0.0,0,310821.00,0.00,0.00,206,14.41,2.87,0.00,-3.6,4.998,4.998,4.998,4.998,53
2022-01-26 15:14:22,13.7,17.7,553,0.0,0.0,0,0.0,0.0,0,311374.00,0.00,0.00,249,14.41,3.46,0.00,-3.6,4.998,4.998,4.998,4.998,157
2022-01-26 15:15:22,6.7,19.1,656,0.0,0.0,0,0.0,0.0,0,312030.00,0.00,0.00,213,14.41,2.96,0.00,-3.6,4.998,4.998,4.998,4.998,156
2022-01-26 15:16:22,18.8,24.6,609,0.0,0.0,0,0.0,0.0,0,312639.00,0.00,0.00,211,14.41,2.93,0.00,-3.6,4.998,4.998,4.998,4.998,59
2022-01-26 15:17:22,11.0,23.7,828,0.0,0.0,0,0.0,0.0,0,313467.00,0.00,0.00,197,14.41,2.74,0.00,-4.1,4.998,4.998,4.998,4.998,219
2022-01-26 15:18:22,9.4,13.0,585,0.0,0.0,0,0.0,0.0,0,314052.00,0.00,0.00,213,14.41,2.96,0.00,-4.1,4.998,4.998,4.998,4.998,29
2022-01-26 15:19:22,10.1,20.1,638,0.0,0.0,0,0.0,0.0,0,314690.00,0.00,0.00,201,14.41,2.79,0.00,-3.6,4.998,4.998,4.998,4.998,50
2022-01-26 15:20:22,8.4,14.9,598,0.0,0.0,0,0.0,0.0,0,315288.00,0.00,0.00,217,14.41,3.02,0.00,-3.6,4.998,4.998,4.998,4.998,217
2022-01-26 15:21:22,10.4,17.2,715,0.0,0.0,0,0.0,0.0,0,316003.00,0.00,0.00,230,14.45,3.19,0.00,-3.6,4.998,4.998,4.998,4.998,0
2022-01-26 15:22:22,11.3,13.0,596,0.0,0.0,0,0.0,0.0,0,316599.00,0.00,0.00,208,14.41,2.90,0.00,-3.6,4.998,4.998,4.998,4.998,36
2022-01-26 15:23:22,9.9,15.5,551,0.0,0.0,0,0.0,0.0,0,317150.00,0.00,0.00,225,14.41,3.13,0.00,-3.6,4.998,4.998,4.998,4.998,240
2022-01-26 15:24:22,7.1,11.9,478,0.0,0.0,0,0.0,0.0,0,317628.00,0.00,0.00,195,14.37,2.71,0.00,-3.6,4.998,4.998,4.998,4.998,138
2022-01-26 15:25:22,10.7,18.8,697,0.0,0.0,0,0.0,0.0,0,318325.00,0.00,0.00,194,14.41,2.69,0.00,-3.6,4.998,4.998,4.998,4.998,66
2022-01-26 15:26:22,11.3,12.9,583,0.0,0.0,0,0.0,0.0,0,318908.00,0.00,0.00,206,14.37,2.87,0.00,-4.1,4.998,4.998,4.998,4.998,244
2022-01-26 15:27:22,6.3,14.1,571,0.0,0.0,0,0.0,0.0,0,319479.00,0.00,0.00,217,14.41,3.02,0.00,-4.1,4.998,4.998,4.998,4.998,69
2022-01-26 15:28:22,6.8,9.9,443,0.0,0.0,0,0.0,0.0,0,319922.00,0.00,0.00,195,14.37,2.71,0.00,-3.6,4.998,4.998,4.998,4.998,63
2022-01-26 15:29:22,10.2,21.1,498,0.0,0.0,0,0.0,0.0,0,320420.00,0.00,0.00,222,14.41,3.08,0.00,-3.6,4.998,4.998,4.998,4.998,210
2022-01-26 15:30:22,6.8,17.8,553,0.0,0.0,0,0.0,0.0,0,320973.00,0.00,0.00,201,14.41,2.80,0.00,-4.1,4.998,4.998,4.998,4.998,236
2022-01-26 15:31:22,20.0,25.8,849,0.0,0.0,0,0.0,0.0,0,321822.00,0.00,0.00,200,14.41,2.78,0.00,-4.1,4.998,4.998,4.998,4.998,195
2022-01-26 15:32:22,12.6,22.7,1018,0.0,0.0,0,0.0,0.0,0,322840.00,0.00,0.00,217,14.41,3.02,0.00,-4.1,4.998,4.998,4.998,4.998,30
2022-01-26 15:33:22,8.7,13.8,580,0.0,0.0,0,0.0,0.0,0,323420.00,0.00,0.00,223,14.41,3.11,0.00,-3.6,4.998,4.998,4.998,4.998,103
2022-01-26 15:34:22,10.3,15.2,557,0.0,0.0,0,0.0,0.0,0,323977.00,0.00,0.00,198,14.41,2.75,0.00,-4.1,4.998,4.998,4.998,4.998,73
2022-01-26 15:35:22,7.5,15.4,561,0.0,0.0,0,0.0,0.0,0,324538.00,0.00,0.00,188,14.41,2.62,0.00,-3.6,4.998,4.998,4.998,4.998,223
2022-01-26 15:36:22,4.9,9.3,374,0.0,0.0,0,0.0,0.0,0,324912.00,0.00,0.00,224,14.41,3.12,0.00,-3.6,4.998,4.998,4.998,4.998,164
2022-01-26 15:37:22,9.6,15.5,498,0.0,0.0,0,0.0,0.0,0,325410.00,0.00,0.00,244,14.41,3.39,0.00,-3.6,4.998,4.998,4.998,4.998,70
2022-01-26 15:38:22,7.2,13.9,556,0.0,0.0,0,0.0,0.0,0,325966.00,0.00,0.00,184,14.41,2.56,0.00,-3.6,4.998,4.998,4.998,4.998,212
2022-01-26 15:39:22,8.0,17.2,582,0.0,0.0,0,0.0,0.0,0,326548.00,0.00,0.00,258,14.41,3.59,0.00,-4.1,4.998,4.998,4.998,4.998,150
2022-01-26 15:40:22,7.9,15.4,633,0.0,0.0,0,0.0,0.0,0,327181.00,0.00,0.00,216,14.41,3.00,0.00,-4.1,4.998,4.998,4.998,4.998,207
2022-01-26 15:41:22,8.8,20.4,762,0.0,0.0,0,0.0,0.0,0,327943.00,0.00,0.00,208,14.41,2.89,0.00,-3.6,4.998,4.998,4.998,4.998,90
2022-01-26 15:42:22,10.0,15.6,598,0.0,0.0,0,0.0,0.0,0,328541.00,0.00,0.00,252,14.41,3.50,0.00,-3.6,4.998,4.998,4.998,4.998,66
2022-01-26 15:43:22,17.3,17.3,662,0.0,0.0,0,0.0,0.0,0,329203.00,0.00,0.00,241,14.41,3.35,0.00,-3.6,4.998,4.998,4.998,4.998,120
2022-01-26 15:44:22,11.2,16.6,697,0.0,0.0,0,0.0,0.0,0,329900.00,0.00,0.00,214,14.41,2.97,0.00,-4.1,4.998,4.998,4.998,4.998,106
2022-01-26 15:45:22,7.4,19.0,785,0.0,0.0,0,0.0,0.0,0,330685.00,0.00,0.00,194,14.41,2.70,0.00,-4.1,4.998,4.998,4.998,4.998,113
2022-01-26 15:46:22,8.1,15.9,688,0.0,0.0,0,0.0,0.0,0,331373.00,0.00,0.00,205,14.41,2.85,0.00,-4.1,4.998,4.998,4.998,4.998,9
2022-01-26 15:47:22,5.0,11.0,431,0.0,0.0,0,0.0,0.0,0,331804.00,0.00,0.00,213,14.41,2.95,0.00,-3.6,4.998,4.998,4.998,4.998,253
2022-01-26 15:48:22,6.3,20.2,747,0.0,0.0,0,0.0,0.0,0,332551.00,0.00,0.00,207,14.41,2.87,0.00,-3.6,4.998,4.998,4.998,4.998,174
2022-01-26 15:49:22,13.8,17.9,747,0.0,0.0,0,0.0,0.0,0,333298.00,0.00,0.00,177,14.37,2.47,0.00,-3.6,4.998,4.998,4.998,4.998,246
2022-01-26 15:50:22,8.9,15.9,677,0.0,0.0,0,0.0,0.0,0,333975.00,0.00,0.00,236,14.21,3.28,0.00,-3.6,4.998,4.998,4.998,4.998,251
2022-01-26 15:51:22,11.4,23.1,865,0.0,0.0,0,0.0,0.0,0,334840.00,0.00,0.00,248,14.10,3.45,0.00,-4.1,4.998,4.998,4.998,4.998,159
2022-01-26 15:52:22,12.5,16.3,789,0.0,0.0,0,0.0,0.0,0,335629.00,0.00,0.00,223,14.02,3.10,0.00,-4.1,4.998,4.998,4.998,4.998,240
2022-01-26 15:53:22,6.7,12.7,532,0.0,0.0,0,0.0,0.0,0,336161.00,0.00,0.00,178,13.94,2.48,0.00,-4.1,4.998,4.998,4.998,4.998,225
2022-01-26 15:54:22,12.5,19.5,694,0.0,0.0,0,0.0,0.0,0,336855.00,0.00,0.00,205,13.90,2.85,0.00,-3.6,4.998,4.998,4.998,4.998,50
2022-01-26 15:55:22,8.5,14.6,576,0.0,0.0,0,0.0,0.0,0,337431.00,0.00,0.00,208,13.86,2.89,0.00,-4.1,4.998,4.998,4.998,4.998,6
2022-01-26 15:56:22,9.0,13.6,593,0.0,0.0,0,0.0,0.0,0,338024.00,0.00,0.00,206,13.82,2.87,0.00,-4.1,4.998,4.998,4.998,4.998,178
2022-01-26 15:57:22,13.1,13.1,571,0.0,0.0,0,0.0,0.0,0,338595.00,0.00,0.00,246,13.74,3.41,0.00,-3.6,4.998,4.998,4.998,4.998,204
2022-01-26 15:58:22,11.6,16.0,649,0.0,0.0,0,0.0,0.0,0,339244.00,0.00,0.00,209,13.71,2.90,0.00,-4.1,4.998,4.998,4.998,4.998,232
2022-01-26 15:59:22,12.3,14.1,463,0.0,0.0,0,0.0,0.0,0,339707.00,0.00,0.00,208,13.63,2.89,0.00,-4.1,4.998,4.998,4.998,4.998,58
2022-01-26 16:00:22,4.6,13.0,401,0.0,0.0,0,0.0,0.0,0,340108.00,0.00,0.00,179,13.63,2.49,0.00,-4.1,4.998,4.998,4.998,4.998,143
2022-01-26 16:01:22,11.7,15.0,653,0.0,0.0,0,0.0,0.0,0,340761.00,0.00,0.00,181,13.59,2.51,0.00,-4.1,4.998,4.998,4.998,4.998,107
2022-01-26 16:02:22,15.7,17.4,778,0.0,0.0,0,0.0,0.0,0,341539.00,0.00,0.00,183,13.55,2.55,0.00,-4.1,4.998,4.998,4.998,4.998,178
2022-01-26 16:03:22,8.5,18.5,804,0.0,0.0,0,0.0,0.0,0,342343.00,0.00,0.00,195,13.51,2.71,0.00,-4.1,4.998,4.998,4.998,4.998,253
2022-01-26 16:04:22,11.5,14.5,668,0.0,0.0,0,0.0,0.0,0,343011.00,0.00,0.00,191,13.47,2.66,0.00,-4.1,4.998,4.998,4.998,4.998,85
2022-01-26 16:05:22,7.5,12.0,515,0.0,0.0,0,0.0,0.0,0,343526.00,0.00,0.00,231,13.47,3.21,0.00,-4.1,4.998,4.998,4.998,4.998,184
2022-01-26 16:06:22,6.9,18.3,581,0.0,0.0,0,0.0,0.0,0,344107.00,0.00,0.00,187,13.47,2.59,0.00,-4.1,4.998,4.998,4.998,4.998,126
2022-01-26 16:07:22,15.3,22.9,785,0.0,0.0,0,0.0,0.0,0,344892.00,0.00,0.00,193,13.43,2.69,0.00,-4.1,4.998,4.998,4.998,4.998,131
2022-01-26 16:08:22,10.6,17.1,541,0.0,0.0,0,0.0,0.0,0,345433.00,0.00,0.00,212,13.43,2.94,0.00,-4.1,4.998,4.998,4.998,4.998,218
2022-01-26 16:09:22,11.5,17.4,642,0.0,0.0,0,0.0,0.0,0,346075.00,0.00,0.00,215,13.43,2.99,0.00,-4.1,4.998,4.998,4.998,4.998,176
2022-01-26 16:10:22,7.3,17.7,703,0.0,0.0,0,0.0,0.0,0,346778.00,0.00,0.00,210,13.43,2.92,0.00,-4.1,4.998,4.998,4.998,4.998,19
2022-01-26 16:11:22,7.7,17.7,731,0.0,0.0,0,0.0,0.0,0,347509.00,0.00,0.00,223,13.43,3.11,0.00,-4.1,4.998,4.998,4.998,4.998,163
2022-01-26 16:12:22,13.5,20.9,731,0.0,0.0,0,0.0,0.0,0,348240.00,0.00,0.00,248,13.43,3.45,0.00,-4.5,4.998,4.998,4.998,4.998,232
2022-01-26 16:13:22,10.3,20.1,836,0.0,0.0,0,0.0,0.0,0,349076.00,0.00,0.00,231,13.39,3.21,0.00,-4.1,4.998,4.998,4.998,4.998,131
2022-01-26 16:14:22,9.0,13.4,623,0.0,0.0,0,0.0,0.0,0,349699.00,0.00,0.00,225,13.43,3.12,0.00,-4.1,4.998,4.998,4.998,4.998,137
2022-01-26 16:15:22,10.7,17.6,602,0.0,0.0,0,0.0,0.0,0,350301.00,0.00,0.00,179,13.43,2.49,0.00,-4.1,4.998,4.998,4.998,4.998,141
2022-01-26 16:16:22,13.8,14.6,548,0.0,0.0,0,0.0,0.0,0,350849.00,0.00,0.00,177,13.39,2.46,0.00,-4.1,4.998,4.998,4.998,4.998,222
2022-01-26 16:17:22,14.3,18.5,834,0.0,0.0,0,0.0,0.0,0,351683.00,0.00,0.00,241,13.43,3.35,0.00,-4.1,4.998,4.998,4.998,4.998,99
2022-01-26 16:18:22,9.1,16.9,669,0.0,0.0,0,0.0,0.0,0,352352.00,0.00,0.00,206,13.43,2.87,0.00,-4.1,4.998,4.998,4.998,4.998,2
2022-01-26 16:19:22,7.1,17.8,669,0.0,0.0,0,0.0,0.0,0,353021.00,0.00,0.00,222,13.43,3.09,0.00,-4.1,4.998,4.998,4.998,4.998,120
2022-01-26 16:20:22,5.5,11.7,559,0.0,0.0,0,0.0,0.0,0,353580.00,0.00,0.00,207,13.43,2.87,0.00,-4.1,4.998,4.998,4.998,4.998,100
2022-01-26 16:21:22,6.6,7.5,322,0.0,0.0,0,0.0,0.0,0,353902.00,0.00,0.00,233,13.43,3.23,0.00,-4.1,4.998,4.998,4.998,4.998,7
2022-01-26 16:22:22,10.7,11.8,485,0.0,0.0,0,0.0,0.0,0,354387.00,0.00,0.00,193,13.43,2.69,0.00,-4.1,4.998,4.998,4.998,4.998,203
2022-01-26 16:23:22,9.2,13.9,467,0.0,0.0,0,0.0,0.0,0,354854.00,0.00,0.00,251,13.43,3.49,0.00,-4.1,4.998,4.998,4.998,4.998,63
2022-01-26 16:24:22,7.7,10.9,417,0.0,0.0,0,0.0,0.0,0,355271.00,0.00,0.00,207,13.43,2.87,0.00,-4.1,4.998,4.998,4.998,4.998,220
2022-01-26 16:25:22,10.7,16.3,586,0.0,0.0,0,0.0,0.0,0,355857.00,0.00,0.00,226,13.39,3.13,0.00,-4.1,4.998,4.998,4.998,4.998,48
2022-01-26 16:26:22,8.1,13.3,562,0.0,0.0,0,0.0,0.0,0,356419.00,0.00,0.00,266,13.39,3.70,0.00,-4.1,4.998,4.998,4.998,4.998,171
2022-01-26 16:27:22,9.3,16.2,572,0.0,0.0,0,0.0,0.0,0,356991.00,0.00,0.00,180,13.35,2.50,0.00,-4.1,4.998,4.998,4.998,4.998,215
2022-01-26 16:28:22,6.6,11.9,589,0.0,0.0,0,0.0,0.0,0,357580.00,0.00,0.00,202,13.35,2.80,0.00,-4.1,4.998,4.998,4.998,4.998,44
2022-01-26 16:29:22,8.5,13.1,575,0.0,0.0,0,0.0,0.0,0,358155.00,0.00,0.00,218,13.39,3.03,0.00,-4.1,4.998,4.998,4.998,4.998,147
2022-01-26 16:30:22,8.7,10.1,403,0.0,0.0,0,0.0,0.0,0,358558.00,0.00,0.00,180,13.39,2.50,0.00,-4.1,4.998,4.998,4.998,4.998,228
2022-01-26 16:31:22,6.5,12.2,504,0.0,0.0,0,0.0,0.0,0,359062.00,0.00,0.00,180,13.35,2.49,0.00,-4.1,4.998,4.998,4.998,4.998,71
2022-01-26 16:32:22,9.5,12.8,559,0.0,0.0,0,0.0,0.0,0,359621.00,0.00,0.00,174,13.35,2.42,0.00,-4.5,4.998,4.998,4.998,4.998,26
2022-01-26 16:33:22,11.6,13.6,602,0.0,0.0,0,0.0,0.0,0,360223.00,0.00,0.00,188,13.35,2.61,0.00,-4.1,4.998,4.998,4.998,4.998,151
2022-01-26 16:34:22,7.7,14.6,639,0.0,0.0,0,0.0,0.0,0,360862.00,0.00,0.00,215,13.35,2.98,0.00,-4.5,4.998,4.998,4.998,4.998,46
2022-01-26 16:35:22,7.2,14.5,538,0.0,0.0,0,0.0,0.0,0,361400.00,0.00,0.00,181,13.35,2.51,0.00,-4.1,4.998,4.998,4.998,4.998,57
2022-01-26 16:36:22,4.2,10.7,387,0.0,0.0,0,0.0,0.0,0,361787.00,0.00,0.00,214,13.32,2.97,0.00,-4.5,4.998,4.998,4.998,4.998,247
2022-01-26 16:37:22,4.8,11.0,451,0.0,0.0,0,0.0,0.0,0,362238.00,0.00,0.00,187,13.32,2.60,0.00,-4.1,4.998,4.998,4.998,4.998,19
2022-01-26 16:38:22,10.3,11.9,474,0.0,0.0,0,0.0,0.0,0,362712.00,0.00,0.00,195,13.32,2.71,0.00,-4.1,4.998,4.998,4.998,4.998,17
2022-01-26 16:39:22,13.5,15.2,586,0.0,0.0,0,0.0,0.0,0,363298.00,0.00,0.00,243,13.32,3.38,0.00,-4.1,4.998,4.998,4.998,4.998,175
2022-01-26 16:40:22,7.5,15.0,669,0.0,0.0,0,0.0,0.0,0,363967.00,0.00,0.00,219,13.28,3.04,0.00,-4.1,4.998,4.998,4.998,4.998,41
2022-01-26 16:41:22,6.9,11.3,416,0.0,0.0,0,0.0,0.0,0,364383.00,0.00,0.00,244,13.32,3.39,0.00,-4.5,4.998,4.998,4.998,4.998,140
2022-01-26 16:42:22,3.9,10.4,344,0.0,0.0,0,0.0,0.0,0,364727.00,0.00,0.00,225,13.28,3.12,0.00,-4.1,4.998,4.998,4.998,4.998,29
2022-01-26 16:43:22,6.7,9.8,398,0.0,0.0,0,0.0,0.0,0,365125.00,0.00,0.00,203,13.28,2.82,0.00,-4.5,4.998,4.998,4.998,4.998,179
2022-01-26 16:44:22,6.7,12.7,449,0.0,0.0,0,0.0,0.0,0,365574.00,0.00,0.00,177,13.28,2.47,0.00,-4.1,4.998,4.998,4.998,4.998,226
2022-01-26 16:45:22,15.2,19.9,596,0.0,0.0,0,0.0,0.0,0,366170.00,0.00,0.00,187,13.28,2.60,0.00,-4.1,4.998,4.998,4.998,4.998,9
2022-01-26 16:46:22,9.2,18.3,609,0.0,0.0,0,0.0,0.0,0,366779.00,0.00,0.00,175,13.24,2.44,0.00,-4.1,4.998,4.998,4.998,4.998,179
2022-01-26 16:47:22,9.4,16.4,624,0.0,0.0,0,0.0,0.0,0,367403.00,0.00,0.00,201,13.28,2.80,0.00,-4.1,4.998,4.998,4.998,4.998,7
2022-01-26 16:48:22,5.1,16.8,595,0.0,0.0,0,0.0,0.0,0,367998.00,0.00,0.00,198,13.24,2.76,0.00,-4.1,4.998,4.998,4.998,4.998,13
2022-01-26 16:49:22,5.7,9.9,386,0.0,0.0,0,0.0,0.0,0,368384.00,0.00,0.00,182,13.28,2.53,0.00,-4.1,4.998,4.998,4.998,4.998,226
2022-01-26 16:50:22,5.2,9.7,394,0.0,0.0,0,0.0,0.0,0,368778.00,0.00,0.00,193,13.28,2.69,0.00,-4.1,4.998,4.998,4.998,4.998,251
2022-01-26 16:51:22,9.9,18.3,572,0.0,0.0,0,0.0,0.0,0,369350.00,0.00,0.00,194,13.28,2.69,0.00,-4.1,4.998,4.998,4.998,4.998,163
2022-01-26 16:52:22,10.1,13.2,568,0.0,0.0,0,0.0,0.0,0,369918.00,0.00,0.00,226,13.24,3.14,0.00,-4.1,4.998,4.998,4.998,4.998,189
2022-01-26 16:53:22,9.9,10.5,440,0.0,0.0,0,0.0,0.0,0,370358.00,0.00,0.00,202,13.24,2.81,0.00,-4.1,4.998,4.998,4.998,4.998,154
2022-01-26 16:54:22,10.9,16.0,505,0.0,0.0,0,0.0,0.0,0,370863.00,0.00,0.00,195,13.24,2.71,0.00,-4.1,4.998,4.998,4.998,4.998,128
2022-01-26 16:55:22,8.7,18.7,752,0.0,0.0,0,0.0,0.0,0,371615.00,0.00,0.00,180,13.24,2.49,0.00,-4.1,4.998,4.998,4.998,4.998,250
2022-01-26 16:56:22,8.1,12.2,484,0.0,0.0,0,0.0,0.0,0,372099.00,0.00,0.00,183,13.24,2.54,0.00,-4.1,4.998,4.998,4.998,4.998,3
2022-01-26 16:57:22,16.2,17.4,573,0.0,0.0,0,0.0,0.0,0,372672.00,0.00,0.00,195,13.24,2.70,0.00,-4.1,4.998,4.998,4.998,4.998,18
2022-01-26 16:58:22,4.3,17.9,637,0.0,0.0,0,0.0,0.0,0,373309.00,0.00,0.00,185,13.24,2.57,0.00,-4.1,4.998,4.998,4.998,4.998,187
2022-01-26 16:59:22,7.7,15.6,599,0.0,0.0,0,0.0,0.0,0,373908.00,0.00,0.00,198,13.20,2.75,0.00,-4.1,4.998,4.998,4.998,4.998,136
2022-01-26 17:00:22,6.9,14.0,546,0.0,0.0,0,0.0,0.0,0,374454.00,0.00,0.00,174,13.24,2.42,0.00,-4.1,4.998,4.998,4.998,4.998,255
2022-01-26 17:01:22,9.8,12.0,510,0.0,0.0,0,0.0,0.0,0,374964.00,0.00,0.00,197,13.20,2.74,0.00,-4.5,4.998,4.998,4.998,4.998,17
2022-01-26 17:02:22,7.6,10.9,508,0.0,0.0,0,0.0,0.0,0,375472.00,0.00,0.00,196,13.20,2.72,0.00,-4.1,4.998,4.998,4.998,4.998,113
2022-01-26 17:03:22,4.4,8.2,334,0.0,0.0,0,0.0,0.0,0,375806.00,0.00,0.00,193,13.20,2.68,0.00,-4.1,4.998,4.998,4.998,4.998,204
2022-01-26 17:04:22,6.9,8.5,374,0.0,0.0,0,0.0,0.0,0,376180.00,0.00,0.00,195,13.20,2.70,0.00,-4.1,4.998,4.998,4.998,4.998,63
2022-01-26 17:05:22,5.1,13.1,519,0.0,0.0,0,0.0,0.0,0,376699.00,0.00,0.00,219,13.20,3.04,0.00,-4.5,4.998,4.998,4.998,4.998,193
2022-01-26 17:06:22,8.9,10.6,396,0.0,0.0,0,0.0,0.0,0,377095.00,0.00,0.00,159,13.20,2.21,0.00,-4.5,4.998,4.998,4.998,4.998,107
2022-01-26 17:07:22,8.6,17.8,723,0.0,0.0,0,0.0,0.0,0,377818.00,0.00,0.00,203,13.20,2.82,0.00,-4.1,4.998,4.998,4.998,4.998,178
2022-01-26 17:08:22,10.5,15.1,600,0.0,0.0,0,0.0,0.0,0,378418.00,0.00,0.00,172,13.20,2.39,0.00,-4.5,4.998,4.998,4.998,4.998,147
2022-01-26 17:09:22,6.4,12.8,520,0.0,0.0,0,0.0,0.0,0,378938.00,0.00,0.00,199,13.20,2.77,0.00,-4.1,4.998,4.998,4.998,4.998,40
2022-01-26 17:10:22,12.2,15.5,634,0.0,0.0,0,0.0,0.0,0,379572.00,0.00,0.00,168,13.20,2.33,0.00,-4.5,4.998,4.998,4.998,4.998,69
2022-01-26 17:11:22,8.7,14.4,620,0.0,0.0,0,0.0,0.0,0,380192.00,0.00,0.00,222,13.16,3.09,0.00,-4.5,4.998,4.998,4.998,4.998,182
2022-01-26 17:12:22,16.6,21.0,693,0.0,0.0,0,0.0,0.0,0,380885.00,0.00,0.00,173,13.20,2.40,0.00,-4.1,4.998,4.998,4.998,4.998,197
2022-01-26 17:13:22,10.6,19.1,585,0.0,0.0,0,0.0,0.0,0,381470.00,0.00,0.00,215,13.16,2.98,0.00,-4.1,4.998,4.998,4.998,4.998,74
2022-01-26 17:14:22,10.3,26.0,748,0.0,0.0,0,0.0,0.0,0,382218.00,0.00,0.00,225,13.20,3.12,0.00,-4.1,4.998,4.998,4.998,4.998,141
2022-01-26 17:15:22,11.5,13.2,537,0.0,0.0,0,0.0,0.0,0,382755.00,0.00,0.00,180,13.20,2.50,0.00,-4.5,4.998,4.998,4.998,4.998,13
2022-01-26 17:16:22,11.4,12.2,479,0.0,0.0,0,0.0,0.0,0,383234.00,0.00,0.00,199,13.16,2.76,0.00,-4.1,4.998,4.998,4.998,4.998,25
2022-01-26 17:17:22,6.2,12.1,413,0.0,0.0,0,0.0,0.0,0,383647.00,0.00,0.00,183,13.16,2.54,0.00,-4.1,4.998,4.998,4.998,4.998,208
2022-01-26 17:18:22,18.6,19.9,609,0.0,0.0,0,0.0,0.0,0,384256.00,0.00,0.00,211,13.16,2.94,0.00,-4.1,4.998,4.998,4.998,4.998,148
2022-01-26 17:19:22,10.4,19.4,810,0.0,0.0,0,0.0,0.0,0,385066.00,0.00,0.00,169,13.16,2.35,0.00,-4.5,4.998,4.998,4.998,4.998,4
2022-01-26 17:20:22,8.2,16.8,679,0.0,0.0,0,0.0,0.0,0,385745.00,0.00,0.00,220,13.16,3.06,0.00,-4.1,4.998,4.998,4.998,4.998,233
2022-01-26 17:21:22,9.3,13.5,542,0.0,0.0,0,0.0,0.0,0,386287.00,0.00,0.00,236,13.16,3.28,0.00,-4.5,4.998,4.998,4.998,4.998,93
2022-01-26 17:22:22,6.1,13.8,548,0.0,0.0,0,0.0,0.0,0,386835.00,0.00,0.00,154,13.16,2.14,0.00,-4.5,4.998,4.998,4.998,4.998,151
2022-01-26 17:23:22,12.0,15.5,625,0.0,0.0,0,0.0,0.0,0,387460.00,0.00,0.00,181,13.16,2.51,0.00,-4.5,4.998,4.998,4.998,4.998,23
2022-01-26 17:24:22,9.9,14.3,694,0.0,0.0,0,0.0,0.0,0,388154.00,0.00,0.00,182,13.12,2.53,0.00,-4.5,4.998,4.998,4.998,4.998,203
2022-01-26 17:25:22,4.4,13.3,569,0.0,0.0,0,0.0,0.0,0,388723.00,0.00,0.00,233,13.16,3.23,0.00,-4.5,4.998,4.998,4.998,4.998,244
2022-01-26 17:26:22,7.4,15.3,630,0.0,0.0,0,0.0,0.0,0,389353.00,0.00,0.00,222,13.12,3.09,0.00,-4.1,4.998,4.998,4.998,4.998,79
2022-01-26 17:27:22,10.0,26.3,680,0.0,0.0,0,0.0,0.0,0,390033.00,0.00,0.00,200,13.12,2.77,0.00,-4.1,4.998,4.998,4.998,4.998,99
2022-01-26 17:28:22,8.7,13.2,475,0.0,0.0,0,0.0,0.0,0,390508.00,0.00,0.00,253,13.16,3.52,0.00,-4.5,4.998,4.998,4.998,4.998,90
2022-01-26 17:29:22,9.4,22.7,809,0.0,0.0,0,0.0,0.0,0,391317.00,0.00,0.00,204,13.12,2.84,0.00,-4.5,4.998,4.998,4.998,4.998,202
2022-01-26 17:30:22,8.1,13.2,576,0.0,0.0,0,0.0,0.0,0,391893.00,0.00,0.00,208,13.12,2.89,0.00,-4.5,4.998,4.998,4.998,4.998,211
2022-01-26 17:31:22,3.5,16.5,551,0.0,0.0,0,0.0,0.0,0,392444.00,0.00,0.00,176,13.12,2.44,0.00,-4.1,4.998,4.998,4.998,4.998,234
2022-01-26 17:32:22,6.4,8.0,355,0.0,0.0,0,0.0,0.0,0,392799.00,0.00,0.00,186,13.12,2.59,0.00,-4.5,4.998,4.998,4.998,4.998,207
2022-01-26 17:33:22,15.3,15.4,592,0.0,0.0,0,0.0,0.0,0,393391.00,0.00,0.00,177,13.12,2.46,0.00,-4.5,4.998,4.998,4.998,4.998,53
2022-01-26 17:34:22,6.2,15.9,470,0.0,0.0,0,0.0,0.0,0,393861.00,0.00,0.00,221,13.12,3.08,0.00,-4.5,4.998,4.998,4.998,4.998,151
2022-01-26 17:35:22,9.8,16.2,592,0.0,0.0,0,0.0,0.0,0,394453.00,0.00,0.00,200,13.08,2.78,0.00,-4.1,4.998,4.998,4.998,4.998,190
2022-01-26 17:36:22,10.2,13.8,607,0.0,0.0,0,0.0,0.0,0,395060.00,0.00,0.00,187,13.12,2.60,0.00,-4.1,4.998,4.998,4.998,4.998,154
2022-01-26 17:37:22,6.2,15.7,686,0.0,0.0,0,0.0,0.0,0,395746.00,0.00,0.00,182,13.08,2.53,0.00,-4.1,4.998,4.998,4.998,4.998,32
2022-01-26 17:38:22,10.0,12.9,491,0.0,0.0,0,0.0,0.0,0,396237.00,0.00,0.00,216,13.12,3.00,0.00,-4.1,4.998,4.998,4.998,4.998,7
2022-01-26 17:39:22,11.1,19.8,597,0.0,0.0,0,0.0,0.0,0,396834.00,0.00,0.00,200,13.12,2.78,0.00,-4.1,4.998,4.998,4.998,4.998,127
2022-01-26 17:40:22,13.0,14.4,634,0.0,0.0,0,0.0,0.0,0,397468.00,0.00,0.00,212,13.08,2.94,0.00,-4.1,4.998,4.998,4.998,4.998,144
2022-01-26 17:41:22,6.1,15.6,554,0.0,0.0,0,0.0,0.0,0,398022.00,0.00,0.00,249,13.08,3.46,0.00,-4.1,4.998,4.998,4.998,4.998,157
2022-01-26 17:42:22,7.9,12.8,455,0.0,0.0,0,0.0,0.0,0,398477.00,0.00,0.00,186,13.08,2.59,0.00,-4.1,4.998,4.998,4.998,4.998,58
2022-01-26 17:43:22,7.1,14.0,531,0.0,0.0,0,0.0,0.0,0,399008.00,0.00,0.00,240,13.08,3.33,0.00,-4.1,4.998,4.998,4.998,4.998,157
2022-01-26 17:44:22,6.8,16.8,536,0.0,0.0,0,0.0,0.0,0,399544.00,0.00,0.00,174,13.08,2.42,0.00,-4.1,4.998,4.998,4.998,4.998,25
2022-01-26 17:45:22,8.1,16.0,575,0.0,0.0,0,0.0,0.0,0,400119.00,0.00,0.00,206,13.08,2.86,0.00,-4.1,4.998,4.998,4.998,4.998,107
2022-01-26 17:46:22,9.4,15.9,615,0.0,0.0,0,0.0,0.0,0,400734.00,0.00,0.00,227,13.08,3.15,0.00,-4.5,4.998,4.998,4.998,4.998,66
2022-01-26 17:47:22,3.8,10.5,395,0.0,0.0,0,0.0,0.0,0,401129.00,0.00,0.00,217,13.08,3.01,0.00,-4.1,4.998,4.998,4.998,4.998,45
2022-01-26 17:48:22,7.3,9.6,377,0.0,0.0,0,0.0,0.0,0,401506.00,0.00,0.00,214,13.08,2.97,0.00,-4.1,4.998,4.998,4.998,4.998,201
2022-01-26 17:49:22,8.9,10.4,412,0.0,0.0,0,0.0,0.0,0,401918.00,0.00,0.00,196,13.08,2.73,0.00,-4.5,4.998,4.998,4.998,4.998,91
2022-01-26 17:50:22,7.7,13.5,495,0.0,0.0,0,0.0,0.0,0,402413.00,0.00,0.00,227,13.08,3.15,0.00,-4.5,4.998,4.998,4.998,4.998,42
2022-01-26 17:51:22,6.2,12.7,462,0.0,0.0,0,0.0,0.0,0,402875.00,0.00,0.00,238,13.08,3.31,0.00,-4.1,4.998,4.998,4.998,4.998,126
2022-01-26 17:52:22,7.7,11.3,417,0.0,0.0,0,0.0,0.0,0,403292.00,0.00,0.00,188,13.08,2.61,0.00,-4.1,4.998,4.998,4.998,4.998,245
2022-01-26 17:53:22,8.4,15.1,492,0.0,0.0,0,0.0,0.0,0,403784.00,0.00,0.00,214,13.08,2.98,0.00,-4.1,4.998,4.998,4.998,4.998,70
2022-01-26 17:54:22,9.9,14.3,595,0.0,0.0,0,0.0,0.0,0,404379.00,0.00,0.00,223,13.08,3.11,0.00,-4.1,4.998,4.998,4.998,4.998,34
2022-01-26 17:55:22,11.2,17.9,680,0.0,0.0,0,0.0,0.0,0,405059.00,0.00,0.00,200,13.04,2.77,0.00,-4.1,4.998,4.998,4.998,4.998,88
2022-01-26 17:56:22,14.1,24.3,936,0.0,0.0,0,0.0,0.0,0,405995.00,0.00,0.00,227,13.04,3.15,0.00,-4.1,4.998,4.998,4.998,4.998,255
2022-01-26 17:57:22,10.0,19.1,839,0.0,0.0,0,0.0,0.0,0,406834.00,0.00,0.00,207,13.08,2.87,0.00,-4.1,4.998,4.998,4.998,4.998,247
2022-01-26 17:58:22,12.8,20.9,918,0.0,0.0,0,0.0,0.0,0,407752.00,0.00,0.00,212,13.08,2.94,0.00,-4.1,4.998,4.998,4.998,4.998,129
2022-01-26 17:59:22,12.2,16.2,670,0.0,0.0,0,0.0,0.0,0,408422.00,0.00,0.00,219,13.04,3.04,0.00,-4.1,4.998,4.998,4.998,4.998,85
2022-01-26 18:00:22,16.9,21.4,995,0.0,0.0,0,0.0,0.0,0,409417.00,0.00,0.00,177,13.04,2.47,0.00,-4.1,4.998,4.998,4.998,4.998,130
2022-01-26 18:01:22,7.0,20.3,747,0.0,0.0,0,0.0,0.0,0,410164.00,0.00,0.00,215,13.04,2.98,0.00,-4.1,4.998,4.998,4.998,4.998,245
2022-01-26 18:02:22,11.6,15.3,577,0.0,0.0,0,0.0,0.0,0,410741.00,0.00,0.00,238,13.08,3.30,0.00,-4.1,4.998,4.998,4.998,4.998,104
2022-01-26 18:03:22,13.6,20.7,824,0.0,0.0,0,0.0,0.0,0,411565.00,0.00,0.00,198,13.08,2.75,0.00,-4.1,4.998,4.998,4.998,4.998,224
2022-01-26 18:04:22,11.7,16.0,594,0.0,0.0,0,0.0,0.0,0,412159.00,0.00,0.00,200,13.04,2.78,0.00,-4.1,4.998,4.998,4.998,4.998,165
2022-01-26 18:05:22,9.8,15.5,686,0.0,0.0,0,0.0,0.0,0,412845.00,0.00,0.00,226,13.04,3.13,0.00,-4.1,4.998,4.998,4.998,4.998,168
2022-01-26 18:06:22,18.1,18.1,686,0.0,0.0,0,0.0,0.0,0,413531.00,0.00,0.00,201,13.04,2.79,0.00,-4.1,4.998,4.998,4.998,4.998,85
2022-01-26 18:07:22,13.9,25.0,1060,0.0,0.0,0,0.0,0.0,0,414591.00,0.00,0.00,223,13.04,3.11,0.00,-4.1,4.998,4.998,4.998,4.998,17
2022-01-26 18:08:22,14.5,23.5,815,0.0,0.0,0,0.0,0.0,0,415406.00,0.00,0.00,191,13.04,2.65,0.00,-4.1,4.998,4.998,4.998,4.998,5
2022-01-26 18:09:22,17.7,20.0,860,0.0,0.0,0,0.0,0.0,0,416266.00,0.00,0.00,187,13.04,2.60,0.00,-4.1,4.998,4.998,4.998,4.998,201
2022-01-26 18:10:22,15.8,18.3,734,0.0,0.0,0,0.0,0.0,0,417000.00,0.00,0.00,199,13.04,2.76,0.00,-4.1,4.998,4.998,4.998,4.998,181
2022-01-26 18:11:22,10.4,22.0,940,0.0,0.0,0,0.0,0.0,0,417940.00,0.00,0.00,235,13.04,3.27,0.00,-4.1,4.998,4.998,4.998,4.998,54
2022-01-26 18:12:22,9.6,17.2,766,0.0,0.0,0,0.0,0.0,0,418706.00,0.00,0.00,239,13.04,3.32,0.00,-4.1,4.998,4.998,4.998,4.998,27
2022-01-26 18:13:22,13.1,15.4,539,0.0,0.0,0,0.0,0.0,0,419245.00,0.00,0.00,206,13.08,2.86,0.00,-4.1,4.998,4.998,4.998,4.998,51
2022-01-26 18:14:22,6.3,13.4,591,0.0,0.0,0,0.0,0.0,0,419836.00,0.00,0.00,176,13.08,2.45,0.00,-4.1,4.998,4.998,4.998,4.998,175
2022-01-26 18:15:22,14.3,14.8,683,0.0,0.0,0,0.0,0.0,0,420519.00,0.00,0.00,196,13.08,2.73,0.00,-4.1,4.998,4.998,4.998,4.998,82
2022-01-26 18:16:22,10.3,14.1,558,0.0,0.0,0,0.0,0.0,0,421077.00,0.00,0.00,186,13.08,2.58,0.00,-4.1,4.998,4.998,4.998,4.998,188
2022-01-26 18:17:22,4.6,10.7,390,0.0,0.0,0,0.0,0.0,0,421467.00,0.00,0.00,264,13.04,3.66,0.00,-4.1,4.998,4.998,4.998,4.998,17
2022-01-26 18:18:22,8.5,16.0,552,0.0,0.0,0,0.0,0.0,0,422019.00,0.00,0.00,171,13.08,2.38,0.00,-4.1,4.998,4.998,4.998,4.998,20
2022-01-26 18:19:22,5.6,17.1,590,0.0,0.0,0,0.0,0.0,0,422609.00,0.00,0.00,156,13.04,2.16,0.00,-4.1,4.998,4.998,4.998,4.998,24
2022-01-26 18:20:22,6.0,11.3,507,0.0,0.0,0,0.0,0.0,0,423116.00,0.00,0.00,204,13.04,2.84,0.00,-4.1,4.998,4.998,4.998,4.998,213
2022-01-26 18:21:22,6.0,10.6,472,0.0,0.0,0,0.0,0.0,0,423588.00,0.00,0.00,230,13.04,3.20,0.00,-4.1,4.998,4.998,4.998,4.998,75
2022-01-26 18:22:22,7.4,19.1,644,0.0,0.0,0,0.0,0.0,0,424232.00,0.00,0.00,171,13.08,2.38,0.00,-4.1,4.998,4.998,4.998,4.998,77
2022-01-26 18:23:22,6.5,11.7,536,0.0,0.0,0,0.0,0.0,0,424768.00,0.00,0.00,201,13.08,2.79,0.00,-4.1,4.998,4.998,4.998,4.998,87
2022-01-26 18:24:22,13.9,14.9,565,0.0,0.0,0,0.0,0.0,0,425333.00,0.00,0.00,195,13.08,2.71,0.00,-4.1,4.998,4.998,4.998,4.998,196
2022-01-26 18:25:22,8.2,19.1,789,0.0,0.0,0,0.0,0.0,0,426122.00,0.00,0.00,187,13.04,2.60,0.00,-4.1,4.998,4.998,4.998,4.998,225
2022-01-26 18:26:22,13.9,16.5,639,0.0,0.0,0,0.0,0.0,0,426761.00,0.00,0.00,189,13.04,2.63,0.00,-4.1,4.998,4.998,4.998,4.998,198
2022-01-26 18:27:22,5.1,16.2,588,0.0,0.0,0,0.0,0.0,0,427349.00,0.00,0.00,216,13.04,3.00,0.00,-4.1,4.998,4.998,4.998,4.998,194
2022-01-26 18:28:22,8.6,19.1,728,0.0,0.0,0,0.0,0.0,0,428077.00,0.00,0.00,227,13.04,3.15,0.00,-4.1,4.998,4.998,4.998,4.998,115
2022-01-26 18:29:22,10.2,14.6,496,0.0,0.0,0,0.0,0.0,0,428573.00,0.00,0.00,157,13.04,2.19,0.00,-4.1,4.998,4.998,4.998,4.998,141
2022-01-26 18:30:22,8.7,22.5,750,0.0,0.0,0,0.0,0.0,0,429323.00,0.00,0.00,242,13.08,3.36,0.00,-4.1,4.998,4.998,4.998,4.998,74
2022-01-26 18:31:22,12.5,15.7,560,0.0,0.0,0,0.0,0.0,0,429883.00,0.00,0.00,236,13.04,3.28,0.00,-4.1,4.998,4.998,4.998,4.998,101
2022-01-26 18:32:22,9.1,18.1,738,0.0,0.0,0,0.0,0.0,0,430621.00,0.00,0.00,205,13.08,2.85,0.00,-4.1,4.998,4.998,4.998,4.998,134
2022-01-26 18:33:22,10.2,10.2,428,0.0,0.0,0,0.0,0.0,0,431049.00,0.00,0.00,179,13.04,2.49,0.00,-4.1,4.998,4.998,4.998,4.998,177
2022-01-26 18:34:22,9.6,19.0,828,0.0,0.0,0,0.0,0.0,0,431877.00,0.00,0.00,215,13.04,2.99,0.00,-4.1,4.998,4.998,4.998,4.998,194
2022-01-26 18:35:22,6.6,20.0,781,0.0,0.0,0,0.0,0.0,0,432658.00,0.00,0.00,214,13.04,2.98,0.00,-4.1,4.998,4.998,4.998,4.998,80
2022-01-26 18:36:22,7.8,16.6,632,0.0,0.0,0,0.0,0.0,0,433290.00,0.00,0.00,171,13.04,2.38,0.00,-4.1,4.998,4.998,4.998,4.998,138
2022-01-26 18:37:22,10.2,18.5,693,0.0,0.0,0,0.0,0.0,0,433983.00,0.00,0.00,232,13.04,3.22,0.00,-4.1,4.998,4.998,4.998,4.998,55
2022-01-26 18:38:22,13.7,24.5,869,0.0,0.0,0,0.0,0.0,0,434852.00,0.00,0.00,217,13.04,3.02,0.00,-4.1,4.998,4.998,4.998,4.998,166
2022-01-26 18:39:22,14.1,18.5,765,0.0,0.0,0,0.0,0.0,0,435617.00,0.00,0.00,197,13.04,2.74,0.00,-4.1,4.998,4.998,4.998,4.998,75
2022-01-26 18:40:22,11.8,21.0,662,0.0,0.0,0,0.0,0.0,0,436279.00,0.00,0.00,191,13.04,2.66,0.00,-4.1,4.998,4.998,4.998,4.998,186
2022-01-26 18:41:22,9.4,17.0,612,0.0,0.0,0,0.0,0.0,0,436891.00,0.00,0.00,226,13.04,3.13,0.00,-4.1,4.998,4.998,4.998,4.998,223
2022-01-26 18:42:22,9.3,20.6,848,0.0,0.0,0,0.0,0.0,0,437739.00,0.00,0.00,178,13.04,2.47,0.00,-4.5,4.998,4.998,4.998,4.998,43
2022-01-26 18:43:22,6.6,15.3,613,0.0,0.0,0,0.0,0.0,0,438352.00,0.00,0.00,215,13.04,2.99,0.00,-4.1,4.998,4.998,4.998,4.998,155
2022-01-26 18:44:22,14.7,14.7,479,0.0,0.0,0,0.0,0.0,0,438831.00,0.00,0.00,167,13.04,2.32,0.00,-4.1,4.998,4.998,4.998,4.998,132
2022-01-26 18:45:22,10.7,22.2,969,0.0,0.0,0,0.0,0.0,0,439800.00,0.00,0.00,196,13.04,2.73,0.00,-3.6,4.998,4.998,4.998,4.998,248
2022-01-26 18:46:22,9.8,16.2,621,0.0,0.0,0,0.0,0.0,0,440421.00,0.00,0.00,188,13.04,2.62,0.00,-4.1,4.998,4.998,4.998,4.998,36
2022-01-26 18:47:22,7.7,15.8,631,0.0,0.0,0,0.0,0.0,0,441052.00,0.00,0.00,203,13.04,2.82,0.00,-4.1,4.998,4.998,4.998,4.998,140
2022-01-26 18:48:22,7.4,14.5,597,0.0,0.0,0,0.0,0.0,0,441649.00,0.00,0.00,188,13.04,2.62,0.00,-4.1,4.998,4.998,4.998,4.998,23
2022-01-26 18:49:22,7.5,11.1,464,0.0,0.0,0,0.0,0.0,0,442113.00,0.00,0.00,200,13.04,2.78,0.00,-4.1,4.998,4.998,4.998,4.998,85
2022-01-26 18:50:22,9.2,11.5,471,0.0,0.0,0,0.0,0.0,0,442584.00,0.00,0.00,201,13.04,2.79,0.00,-4.1,4.998,4.998,4.998,4.998,227
2022-01-26 18:51:22,13.8,21.0,581,0.0,0.0,0,0.0,0.0,0,443165.00,0.00,0.00,202,13.04,2.80,0.00,-4.1,4.998,4.998,4.998,4.998,184
2022-01-26 18:52:22,7.7,14.1,627,0.0,0.0,0,0.0,0.0,0,443792.00,0.00,0.00,216,13.04,3.00,0.00,-4.1,4.998,4.998,4.998,4.998,48
2022-01-26 18:53:22,7.1,14.8,520,0.0,0.0,0,0.0,0.0,0,444312.00,0.00,0.00,193,13.04,2.69,0.00,-4.1,4.998,4.998,4.998,4.998,224
2022-01-26 18:54:22,4.8,7.2,276,0.0,0.0,0,0.0,0.0,0,444588.00,0.00,0.00,197,13.04,2.74,0.00,-4.1,4.998,4.998,4.998,4.998,146
2022-01-26 18:55:22,5.7,15.0,552,0.0,0.0,0,0.0,0.0,0,445140.00,0.00,0.00,198,13.04,2.75,0.00,-4.1,4.998,4.998,4.998,4.998,32
2022-01-26 18:56:22,11.6,17.1,579,0.0,0.0,0,0.0,0.0,0,445719.00,0.00,0.00,210,13.04,2.92,0.00,-3.6,4.998,4.998,4.998,4.998,222
2022-01-26 18:57:22,8.5,15.6,582,0.0,0.0,0,0.0,0.0,0,446301.00,0.00,0.00,210,13.04,2.92,0.00,-4.1,4.998,4.998,4.998,4.998,101
2022-01-26 18:58:22,7.7,15.3,666,0.0,0.0,0,0.0,0.0,0,446967.00,0.00,0.00,220,13.04,3.05,0.00,-3.6,4.998,4.998,4.998,4.998,7
2022-01-26 18:59:22,10.2,18.2,527,0.0,0.0,0,0.0,0.0,0,447494.00,0.00,0.00,251,13.04,3.49,0.00,-4.1,4.998,4.998,4.998,4.998,167
2022-01-26 19:00:22,5.6,14.3,606,0.0,0.0,0,0.0,0.0,0,448100.00,0.00,0.00,164,13.04,2.28,0.00,-4.1,4.998,4.998,4.998,4.998,166
2022-01-26 19:01:22,13.5,21.6,824,0.0,0.0,0,0.0,0.0,0,448924.00,0.00,0.00,183,13.04,2.54,0.00,-3.6,4.998,4.998,4.998,4.998,110
2022-01-26 19:02:22,12.7,17.2,704,0.0,0.0,0,0.0,0.0,0,449628.00,0.00,0.00,191,13.04,2.65,0.00,-4.1,4.998,4.998,4.998,4.998,84
2022-01-26 19:03:22,6.7,22.8,785,0.0,0.0,0,0.0,0.0,0,450413.00,0.00,0.00,199,13.04,2.76,0.00,-4.1,4.998,4.998,4.998,4.998,38
2022-01-26 19:04:22,5.9,13.3,460,0.0,0.0,0,0.0,0.0,0,450873.00,0.00,0.00,176,13.04,2.45,0.00,-3.6,4.998,4.998,4.998,4.998,81
2022-01-26 19:05:22,9.6,19.2,731,0.0,0.0,0,0.0,0.0,0,451604.00,0.00,0.00,198,13.04,2.75,0.00,-3.6,4.998,4.998,4.998,4.998,53
2022-01-26 19:06:22,10.6,11.5,477,0.0,0.0,0,0.0,0.0,0,452081.00,0.00,0.00,174,13.04,2.42,0.00,-4.1,4.998,4.998,4.998,4.998,55
2022-01-26 19:07:22,9.8,21.2,902,0.0,0.0,0,0.0,0.0,0,452983.00,0.00,0.00,195,13.04,2.71,0.00,-4.1,4.998,4.998,4.998,4.998,111
2022-01-26 19:08:22,20.0,21.7,795,0.0,0.0,0,0.0,0.0,0,453778.00,0.00,0.00,191,13.04,2.65,0.00,-3.6,4.998,4.998,4.998,4.998,30
2022-01-26 19:09:22,12.1,20.5,773,0.0,0.0,0,0.0,0.0,0,454551.00,0.00,0.00,184,13.04,2.56,0.00,-4.1,4.998,4.998,4.998,4.998,60
2022-01-26 19:10:22,11.3,16.1,764,0.0,0.0,0,0.0,0.0,0,455315.00,0.00,0.00,206,13.04,2.87,0.00,-4.1,4.998,4.998,4.998,4.998,6
2022-01-26 19:11:22,8.6,15.2,577,0.0,0.0,0,0.0,0.0,0,455892.00,0.00,0.00,223,13.04,3.11,0.00,-4.1,4.998,4.998,4.998,4.998,4
2022-01-26 19:12:22,12.0,17.2,693,0.0,0.0,0,0.0,0.0,0,456585.00,0.00,0.00,182,13.00,2.52,0.00,-4.1,4.998,4.998,4.998,4.998,190
2022-01-26 19:13:22,14.5,18.6,709,0.0,0.0,0,0.0,0.0,0,457294.00,0.00,0.00,193,13.00,2.68,0.00,-4.1,4.998,4.998,4.998,4.998,118
2022-01-26 19:14:22,8.3,15.1,615,0.0,0.0,0,0.0,0.0,0,457909.00,0.00,0.00,214,13.04,2.97,0.00,-4.1,4.998,4.998,4.998,4.998,96
2022-01-26 19:15:22,9.4,17.5,745,0.0,0.0,0,0.0,0.0,0,458654.00,0.00,0.00,171,13.00,2.38,0.00,-3.6,4.998,4.998,4.998,4.998,197
2022-01-26 19:16:22,5.2,14.6,515,0.0,0.0,0,0.0,0.0,0,459169.00,0.00,0.00,174,13.04,2.42,0.00,-4.1,4.998,4.998,4.998,4.998,66
2022-01-26 19:17:22,7.5,10.1,362,0.0,0.0,0,0.0,0.0,0,459531.00,0.00,0.00,175,13.04,2.43,0.00,-4.1,4.998,4.998,4.998,4.998,28
2022-01-26 19:18:22,15.2,16.0,672,0.0,0.0,0,0.0,0.0,0,460203.00,0.00,0.00,160,13.04,2.23,0.00,-4.1,4.998,4.998,4.998,4.998,19
2022-01-26 19:19:22,5.1,15.5,697,0.0,0.0,0,0.0,0.0,0,460900.00,0.00,0.00,171,13.04,2.38,0.00,-4.1,4.998,4.998,4.998,4.998,239
2022-01-26 19:20:22,6.5,7.7,254,0.0,0.0,0,0.0,0.0,0,461154.00,0.00,0.00,221,13.04,3.08,0.00,-4.1,4.998,4.998,4.998,4.998,231
2022-01-26 19:21:22,7.6,12.7,551,0.0,0.0,0,0.0,0.0,0,461705.00,0.00,0.00,218,13.04,3.03,0.00,-4.1,4.998,4.998,4.998,4.998,65
2022-01-26 19:22:22,7.0,11.6,482,0.0,0.0,0,0.0,0.0,0,462187.00,0.00,0.00,203,13.04,2.82,0.00,-4.1,4.998,4.998,4.998,4.998,123
2022-01-26 19:23:22,16.3,20.8,828,0.0,0.0,0,0.0,0.0,0,463015.00,0.00,0.00,176,13.00,2.44,0.00,-4.1,4.998,4.998,4.998,4.998,80
2022-01-26 19:24:22,17.7,23.3,939,0.0,0.0,0,0.0,0.0,0,463954.00,0.00,0.00,200,13.04,2.78,0.00,-4.1,4.998,4.998,4.998,4.998,94
2022-01-26 19:25:22,5.3,18.2,727,0.0,0.0,0,0.0,0.0,0,464681.00,0.00,0.00,193,13.04,2.68,0.00,-3.6,4.998,4.998,4.998,4.998,8
2022-01-26 19:26:22,8.9,15.6,469,0.0,0.0,0,0.0,0.0,0,465150.00,0.00,0.00,200,13.00,2.77,0.00,-4.1,4.998,4.998,4.998,4.998,195
2022-01-26 19:27:22,14.6,17.3,626,0.0,0.0,0,0.0,0.0,0,465776.00,0.00,0.00,217,13.00,3.02,0.00,-4.1,4.998,4.998,4.998,4.998,89
2022-01-26 19:28:22,10.0,16.3,677,0.0,0.0,0,0.0,0.0,0,466453.00,0.00,0.00,204,13.00,2.84,0.00,-3.6,4.998,4.998,4.998,4.998,118
2022-01-26 19:29:22,5.3,16.3,647,0.0,0.0,0,0.0,0.0,0,467100.00,0.00,0.00,205,13.00,2.85,0.00,-3.6,4.998,4.998,4.998,4.998,221
2022-01-26 19:30:22,6.9,13.9,518,0.0,0.0,0,0.0,0.0,0,467618.00,0.00,0.00,195,13.04,2.70,0.00,-4.1,4.998,4.998,4.998,4.998,146
2022-01-26 19:31:22,7.4,8.4,264,0.0,0.0,0,0.0,0.0,0,467882.00,0.00,0.00,247,13.00,3.43,0.00,-3.6,4.998,4.998,4.998,4.998,65
2022-01-26 19:32:22,8.5,16.7,666,0.0,0.0,0,0.0,0.0,0,468548.00,0.00,0.00,185,13.00,2.57,0.00,-4.1,4.998,4.998,4.998,4.998,54
2022-01-26 19:33:22,14.1,17.3,629,0.0,0.0,0,0.0,0.0,0,469177.00,0.00,0.00,174,13.00,2.42,0.00,-4.1,4.998,4.998,4.998,4.998,183
2022-01-26 19:34:22,7.3,23.8,789,0.0,0.0,0,0.0,0.0,0,469966.00,0.00,0.00,181,13.04,2.51,0.00,-3.6,4.998,4.998,4.998,4.998,70
2022-01-26 19:35:22,13.6,16.8,606,0.0,0.0,0,0.0,0.0,0,470572.00,0.00,0.00,230,13.00,3.20,0.00,-4.1,4.998,4.998,4.998,4.998,161
2022-01-26 19:36:22,6.4,22.6,708,0.0,0.0,0,0.0,0.0,0,471280.00,0.00,0.00,182,13.04,2.52,0.00,-3.6,4.998,4.998,4.998,4.998,240
2022-01-26 19:37:22,7.5,18.9,665,0.0,0.0,0,0.0,0.0,0,471945.00,0.00,0.00,204,13.00,2.84,0.00,-3.6,4.998,4.998,4.998,4.998,47
2022-01-26 19:38:22,5.9,12.6,462,0.0,0.0,0,0.0,0.0,0,472407.00,0.00,0.00,221,13.00,3.07,0.00,-4.1,4.998,4.998,4.998,4.998,113
2022-01-26 19:39:22,8.1,14.5,560,0.0,0.0,0,0.0,0.0,0,472967.00,0.00,0.00,219,13.00,3.04,0.00,-3.6,4.998,4.998,4.998,4.998,151
2022-01-26 19:40:22,5.7,13.6,543,0.0,0.0,0,0.0,0.0,0,473510.00,0.00,0.00,171,13.00,2.38,0.00,-3.6,4.998,4.998,4.998,4.998,243
2022-01-26 19:41:22,10.4,14.7,531,0.0,0.0,0,0.0,0.0,0,474041.00,0.00,0.00,185,13.04,2.57,0.00,-4.1,4.998,4.998,4.998,4.998,197
2022-01-26 19:42:22,7.2,20.6,615,0.0,0.0,0,0.0,0.0,0,474656.00,0.00,0.00,200,13.00,2.77,0.00,-4.1,4.998,4.998,4.998,4.998,167
2022-01-26 19:43:22,7.9,16.1,606,0.0,0.0,0,0.0,0.0,0,475262.00,0.00,0.00,198,13.00,2.75,0.00,-3.6,4.998,4.998,4.998,4.998,147
2022-01-26 19:44:22,8.2,18.1,703,0.0,0.0,0,0.0,0.0,0,475965.00,0.00,0.00,203,13.00,2.82,0.00,-3.6,4.998,4.998,4.998,4.998,105
2022-01-26 19:45:22,5.2,10.0,446,0.0,0.0,0,0.0,0.0,0,476411.00,0.00,0.00,207,13.00,2.88,0.00,-3.6,4.998,4.998,4.998,4.998,117
2022-01-26 19:46:22,10.0,22.7,518,0.0,0.0,0,0.0,0.0,0,476929.00,0.00,0.00,215,13.00,2.98,0.00,-4.1,4.998,4.998,4.998,4.998,210
2022-01-26 19:47:22,11.4,21.5,721,0.0,0.0,0,0.0,0.0,0,477650.00,0.00,0.00,197,13.04,2.73,0.00,-3.6,4.998,4.998,4.998,4.998,245
2022-01-26 19:48:22,7.7,15.1,652,0.0,0.0,0,0.0,0.0,0,478302.00,0.00,0.00,219,13.00,3.04,0.00,-3.6,4.998,4.998,4.998,4.998,6
2022-01-26 19:49:22,15.3,19.4,805,0.0,0.0,0,0.0,0.0,0,479107.00,0.00,0.00,213,13.00,2.96,0.00,-4.1,4.998,4.998,4.998,4.998,75
2022-01-26 19:50:22,5.9,14.7,413,0.0,0.0,0,0.0,0.0,0,479520.00,0.00,0.00,164,13.00,2.29,0.00,-3.6,4.998,4.998,4.998,4.998,154
2022-01-26 19:51:22,12.5,16.3,603,0.0,0.0,0,0.0,0.0,0,480123.00,0.00,0.00,202,13.00,2.81,0.00,-3.6,4.998,4.998,4.998,4.998,14
2022-01-26 19:52:22,9.5,26.4,853,0.0,0.0,0,0.0,0.0,0,480976.00,0.00,0.00,164,13.00,2.28,0.00,-3.6,4.998,4.998,4.998,4.998,57
2022-01-26 19:53:22,11.7,18.2,777,0.0,0.0,0,0.0,0.0,0,481753.00,0.00,0.00,209,13.00,2.90,0.00,-3.6,4.998,4.998,4.998,4.998,224
2022-01-26 19:54:22,12.4,24.8,862,0.0,0.0,0,0.0,0.0,0,482615.00,0.00,0.00,199,13.00,2.76,0.00,-3.6,4.998,4.998,4.998,4.998,29
2022-01-26 19:55:22,12.6,19.3,815,0.0,0.0,0,0.0,0.0,0,483430.00,0.00,0.00,221,13.00,3.07,0.00,-3.6,4.998,4.998,4.998,4.998,71
2022-01-26 19:56:22,5.7,18.7,741,0.0,0.0,0,0.0,0.0,0,484171.00,0.00,0.00,262,13.00,3.64,0.00,-3.6,4.998,4.998,4.998,4.998,207
2022-01-26 19:57:22,9.6,15.1,669,0.0,0.0,0,0.0,0.0,0,484840.00,0.00,0.00,164,13.00,2.28,0.00,-4.1,4.998,4.998,4.998,4.998,200
2022-01-26 19:58:22,16.5,17.7,680,0.0,0.0,0,0.0,0.0,0,485520.00,0.00,0.00,166,13.00,2.31,0.00,-3.6,4.998,4.998,4.998,4.998,63
2022-01-26 19:59:22,9.1,19.7,633,0.0,0.0,0,0.0,0.0,0,486153.00,0.00,0.00,224,13.00,3.11,0.00,-4.1,4.998,4.998,4.998,4.998,200
2022-01-26 20:00:22,19.7,22.0,563,0.0,0.0,0,0.0,0.0,0,486716.00,0.00,0.00,213,13.00,2.96,0.00,-4.1,4.998,4.998,4.998,4.998,55
2022-01-26 20:01:22,6.0,22.5,772,0.0,0.0,0,0.0,0.0,0,487488.00,0.00,0.00,219,13.00,3.04,0.00,-4.1,4.998,4.998,4.998,4.998,200
2022-01-26 20:02:22,10.1,16.0,633,0.0,0.0,0,0.0,0.0,0,488121.00,0.00,0.00,195,13.00,2.71,0.00,-4.1,4.998,4.998,4.998,4.998,139
2022-01-26 20:03:22,12.0,15.7,756,0.0,0.0,0,0.0,0.0,0,488877.00,0.00,0.00,179,13.00,2.49,0.00,-3.6,4.998,4.998,4.998,4.998,112
2022-01-26 20:04:22,8.4,18.7,726,0.0,0.0,0,0.0,0.0,0,489603.00,0.00,0.00,165,13.00,2.29,0.00,-3.6,4.998,4.998,4.998,4.998,236
2022-01-26 20:05:22,12.5,24.7,831,0.0,0.0,0,0.0,0.0,0,490434.00,0.00,0.00,197,13.00,2.73,0.00,-3.6,4.998,4.998,4.998,4.998,237
2022-01-26 20:06:22,9.4,18.2,795,0.0,0.0,0,0.0,0.0,0,491229.00,0.00,0.00,239,13.00,3.33,0.00,-3.6,4.998,4.998,4.998,4.998,212
2022-01-26 20:07:22,9.5,14.8,596,0.0,0.0,0,0.0,0.0,0,491825.00,0.00,0.00,246,13.00,3.42,0.00,-3.6,4.998,4.998,4.998,4.998,187
2022-01-26 20:08:22,17.8,24.2,717,0.0,0.0,0,0.0,0.0,0,492542.00,0.00,0.00,171,13.00,2.37,0.00,-4.1,4.998,4.998,4.998,4.998,214
2022-01-26 20:09:22,4.8,18.2,646,0.0,0.0,0,0.0,0.0,0,493188.00,0.00,0.00,218,13.00,3.03,0.00,-4.1,4.998,4.998,4.998,4.998,7
2022-01-26 20:10:22,8.7,9.1,352,0.0,0.0,0,0.0,0.0,0,493540.00,0.00,0.00,175,13.00,2.43,0.00,-3.6,4.998,4.998,4.998,4.998,44
2022-01-26 20:11:22,10.4,15.1,691,0.0,0.0,0,0.0,0.0,0,494231.00,0.00,0.00,210,13.00,2.91,0.00,-4.1,4.998,4.998,4.998,4.998,127
2022-01-26 20:12:22,5.6,13.9,590,0.0,0.0,0,0.0,0.0,0,494821.00,0.00,0.00,219,13.00,3.05,0.00,-4.1,4.998,4.998,4.998,4.998,58
2022-01-26 20:13:22,9.0,11.8,480,0.0,0.0,0,0.0,0.0,0,495301.00,0.00,0.00,212,13.00,2.94,0.00,-3.6,4.998,4.998,4.998,4.998,186
2022-01-26 20:14:22,12.0,14.8,638,0.0,0.0,0,0.0,0.0,0,495939.00,0.00,0.00,184,13.00,2.55,0.00,-3.6,4.998,4.998,4.998,4.998,97
2022-01-26 20:15:22,6.1,19.3,617,0.0,0.0,0,0.0,0.0,0,496556.00,0.00,0.00,195,13.00,2.70,0.00,-4.1,4.998,4.998,4.998,4.998,208
2022-01-26 20:16:22,10.3,12.5,512,0.0,0.0,0,0.0,0.0,0,497068.00,0.00,0.00,209,13.00,2.90,0.00,-4.1,4.998,4.998,4.998,4.998,32
2022-01-26 20:17:22,3.6,10.8,351,0.0,0.0,0,0.0,0.0,0,497419.00,0.00,0.00,238,13.00,3.31,0.00,-4.1,4.998,4.998,4.998,4.998,204
2022-01-26 20:18:22,8.4,8.7,355,0.0,0.0,0,0.0,0.0,0,497774.00,0.00,0.00,207,13.00,2.88,0.00,-4.1,4.998,4.998,4.998,4.998,180
2022-01-26 20:19:22,10.2,15.0,585,0.0,0.0,0,0.0,0.0,0,498359.00,0.00,0.00,190,13.00,2.65,0.00,-3.6,4.998,4.998,4.998,4.998,214
2022-01-26 20:20:22,5.1,15.4,689,0.0,0.0,0,0.0,0.0,0,499048.00,0.00,0.00,197,13.00,2.74,0.00,-3.6,4.998,4.998,4.998,4.998,42
2022-01-26 20:21:22,7.4,13.0,493,0.0,0.0,0,0.0,0.0,0,499541.00,0.00,0.00,225,13.00,3.12,0.00,-4.1,4.998,4.998,4.998,4.998,161
2022-01-26 20:22:22,5.9,12.1,470,0.0,0.0,0,0.0,0.0,0,500011.00,0.00,0.00,217,13.00,3.02,0.00,-3.6,4.998,4.998,4.998,4.998,164
2022-01-26 20:23:22,2.6,5.9,265,0.0,0.0,0,0.0,0.0,0,500276.00,0.00,0.00,228,13.00,3.17,0.00,-4.1,4.998,4.998,4.998,4.998,156
2022-01-26 20:24:22,6.4,11.7,422,0.0,0.0,0,0.0,0.0,0,500698.00,0.00,0.00,228,13.00,3.17,0.00,-4.1,4.998,4.998,4.998,4.998,155
2022-01-26 20:25:22,3.3,6.4,203,0.0,0.0,0,0.0,0.0,0,500901.00,0.00,0.00,223,13.00,3.10,0.00,-3.6,4.998,4.998,4.998,4.998,199
2022-01-26 20:26:22,6.2,13.4,515,0.0,0.0,0,0.0,0.0,0,501416.00,0.00,0.00,214,13.00,2.97,0.00,-3.6,4.998,4.998,4.998,4.998,118
2022-01-26 20:27:22,5.7,11.1,471,0.0,0.0,0,0.0,0.0,0,501887.00,0.00,0.00,198,13.00,2.76,0.00,-4.1,4.998,4.998,4.998,4.998,137
2022-01-26 20:28:22,7.5,12.7,405,0.0,0.0,0,0.0,0.0,0,502292.00,0.00,0.00,168,12.96,2.33,0.00,-3.6,4.998,4.998,4.998,4.998,125
2022-01-26 20:29:22,4.9,12.4,477,0.0,0.0,0,0.0,0.0,0,502769.00,0.00,0.00,211,13.00,2.94,0.00,-3.6,4.998,4.998,4.998,4.998,44
2022-01-26 20:30:22,5.5,9.1,383,0.0,0.0,0,0.0,0.0,0,503152.00,0.00,0.00,184,12.96,2.56,0.00,-3.6,4.998,4.998,4.998,4.998,196
2022-01-26 20:31:22,7.7,10.7,387,0.0,0.0,0,0.0,0.0,0,503539.00,0.00,0.00,227,13.00,3.15,0.00,-3.6,4.998,4.998,4.998,4.998,229
2022-01-26 20:32:22,5.1,10.6,415,0.0,0.0,0,0.0,0.0,0,503954.00,0.00,0.00,194,13.00,2.69,0.00,-3.6,4.998,4.998,4.998,4.998,244
2022-01-26 20:33:22,5.3,8.3,353,0.0,0.0,0,0.0,0.0,0,504307.00,0.00,0.00,200,13.00,2.78,0.00,-3.6,4.998,4.998,4.998,4.998,223
2022-01-26 20:34:22,4.1,6.9,239,0.0,0.0,0,0.0,0.0,0,504546.00,0.00,0.00,235,13.00,3.27,0.00,-3.6,4.998,4.998,4.998,4.998,64
2022-01-26 20:35:22,7.5,10.2,352,0.0,0.0,0,0.0,0.0,0,504898.00,0.00,0.00,233,13.00,3.23,0.00,-3.6,4.998,4.998,4.998,4.998,79
2022-01-26 20:36:22,4.0,14.2,507,0.0,0.0,0,0.0,0.0,0,505405.00,0.00,0.00,222,13.00,3.08,0.00,-3.6,4.998,4.998,4.998,4.998,101
2022-01-26 20:37:22,8.2,8.9,325,0.0,0.0,0,0.0,0.0,0,505730.00,0.00,0.00,199,13.00,2.77,0.00,-3.6,4.998,4.998,4.998,4.998,63
2022-01-26 20:38:22,8.6,18.2,566,0.0,0.0,0,0.0,0.0,0,506296.00,0.00,0.00,203,13.00,2.82,0.00,-3.6,4.998,4.998,4.998,4.998,101
2022-01-26 20:39:22,8.4,13.2,561,0.0,0.0,0,0.0,0.0,0,506857.00,0.00,0.00,205,13.00,2.85,0.00,-3.6,4.998,4.998,4.998,4.998,135
2022-01-26 20:40:22,6.1,19.3,679,0.0,0.0,0,0.0,0.0,0,507536.00,0.00,0.00,211,13.00,2.93,0.00,-3.6,4.998,4.998,4.998,4.998,91
2022-01-26 20:41:22,17.3,17.6,655,0.0,0.0,0,0.0,0.0,0,508191.00,0.00,0.00,254,13.00,3.54,0.00,-3.6,4.998,4.998,4.998,4.998,204
2022-01-26 20:42:22,11.9,17.6,617,0.0,0.0,0,0.0,0.0,0,508808.00,0.00,0.00,203,12.96,2.83,0.00,-3.1,4.998,4.998,4.998,4.998,68
2022-01-26 20:43:22,7.5,13.1,503,0.0,0.0,0,0.0,0.0,0,509311.00,0.00,0.00,246,13.00,3.41,0.00,-3.6,4.998,4.998,4.998,4.998,198
2022-01-26 20:44:22,6.5,12.6,502,0.0,0.0,0,0.0,0.0,0,509813.00,0.00,0.00,214,13.00,2.97,0.00,-3.6,4.998,4.998,4.998,4.998,178
2022-01-26 20:45:22,4.1,6.3,241,0.0,0.0,0,0.0,0.0,0,510054.00,0.00,0.00,215,13.00,2.99,0.00,-3.6,4.998,4.998,4.998,4.998,158
2022-01-26 20:46:22,10.1,12.7,338,0.0,0.0,0,0.0,0.0,0,510392.00,0.00,0.00,182,13.00,2.53,0.00,-3.6,4.998,4.998,4.998,4.998,131
2022-01-26 20:47:22,9.7,12.8,497,0.0,0.0,0,0.0,0.0,0,510889.00,0.00,0.00,207,13.00,2.88,0.00,-3.6,4.998,4.998,4.998,4.998,99
2022-01-26 20:48:22,7.7,18.7,764,0.0,0.0,0,0.0,0.0,0,511653.00,0.00,0.00,218,13.00,3.03,0.00,-3.6,4.998,4.998,4.998,4.998,92
2022-01-26 20:49:22,9.1,13.5,466,0.0,0.0,0,0.0,0.0,0,512119.00,0.00,0.00,213,13.00,2.96,0.00,-3.6,4.998,4.998,4.998,4.998,227
2022-01-26 20:50:22,6.3,16.6,627,0.0,0.0,0,0.0,0.0,0,512746.00,0.00,0.00,216,13.00,3.00,0.00,-3.6,4.998,4.998,4.998,4.998,181
2022-01-26 20:51:22,15.2,17.5,723,0.0,0.0,0,0.0,0.0,0,513469.00,0.00,0.00,212,12.96,2.94,0.00,-3.1,4.998,4.998,4.998,4.998,160
2022-01-26 20:52:22,5.9,18.5,741,0.0,0.0,0,0.0,0.0,0,514210.00,0.00,0.00,185,12.96,2.58,0.00,-3.6,4.998,4.998,4.998,4.998,214
2022-01-26 20:53:22,9.5,13.3,542,0.0,0.0,0,0.0,0.0,0,514752.00,0.00,0.00,209,13.00,2.91,0.00,-3.6,4.998,4.998,4.998,4.998,250
2022-01-26 20:54:22,6.3,14.1,544,0.0,0.0,0,0.0,0.0,0,515296.00,0.00,0.00,222,13.00,3.09,0.00,-3.6,4.998,4.998,4.998,4.998,38
2022-01-26 20:55:22,6.6,14.0,490,0.0,0.0,0,0.0,0.0,0,515786.00,0.00,0.00,219,13.00,3.05,0.00,-3.6,4.998,4.998,4.998,4.998,177
2022-01-26 20:56:22,3.3,11.9,477,0.0,0.0,0,0.0,0.0,0,516263.00,0.00,0.00,210,13.00,2.91,0.00,-3.6,4.998,4.998,4.998,4.998,67
2022-01-26 20:57:22,8.5,12.2,476,0.0,0.0,0,0.0,0.0,0,516739.00,0.00,0.00,185,13.00,2.57,0.00,-3.6,4.998,4.998,4.998,4.998,59
2022-01-26 20:58:22,7.0,16.9,549,0.0,0.0,0,0.0,0.0,0,517288.00,0.00,0.00,217,13.00,3.01,0.00,-3.6,4.998,4.998,4.998,4.998,32
2022-01-26 20:59:22,12.1,16.0,624,0.0,0.0,0,0.0,0.0,0,517912.00,0.00,0.00,230,13.00,3.20,0.00,-3.6,4.998,4.998,4.998,4.998,20
2022-01-26 21:00:22,8.1,15.1,592,0.0,0.0,0,0.0,0.0,0,518504.00,0.00,0.00,200,13.00,2.78,0.00,-3.6,4.998,4.998,4.998,4.998,206
2022-01-26 21:01:22,7.5,10.6,468,0.0,0.0,0,0.0,0.0,0,518972.00,0.00,0.00,198,12.96,2.76,0.00,-3.6,4.998,4.998,4.998,4.998,7
2022-01-26 21:02:22,6.3,11.0,453,0.0,0.0,0,0.0,0.0,0,519425.00,0.00,0.00,221,13.00,3.07,0.00,-3.6,4.998,4.998,4.998,4.998,195
2022-01-26 21:03:22,5.9,9.1,389,0.0,0.0,0,0.0,0.0,0,519814.00,0.00,0.00,234,13.00,3.26,0.00,-3.6,4.998,4.998,4.998,4.998,119
2022-01-26 21:04:22,5.1,9.0,417,0.0,0.0,0,0.0,0.0,0,520231.00,0.00,0.00,207,12.96,2.88,0.00,-3.6,4.998,4.998,4.998,4.998,121
2022-01-26 21:05:22,7.0,10.7,480,0.0,0.0,0,0.0,0.0,0,520711.00,0.00,0.00,242,13.00,3.36,0.00,-3.6,4.998,4.998,4.998,4.998,16
2022-01-26 21:06:22,6.8,9.3,375,0.0,0.0,0,0.0,0.0,0,521086.00,0.00,0.00,209,12.96,2.90,0.00,-3.1,4.998,4.998,4.998,4.998,123
2022-01-26 21:07:22,9.2,11.6,387,0.0,0.0,0,0.0,0.0,0,521473.00,0.00,0.00,226,13.00,3.14,0.00,-3.1,4.998,4.998,4.998,4.998,190
2022-01-26 21:08:22,7.6,15.6,668,0.0,0.0,0,0.0,0.0,0,522141.00,0.00,0.00,198,13.00,2.75,0.00,-3.1,4.998,4.998,4.998,4.998,127
2022-01-26 21:09:22,7.5,14.0,502,0.0,0.0,0,0.0,0.0,0,522643.00,0.00,0.00,210,12.96,2.92,0.00,-3.1,4.998,4.998,4.998,4.998,130
2022-01-26 21:10:22,6.5,13.6,491,0.0,0.0,0,0.0,0.0,0,523134.00,0.00,0.00,223,12.96,3.10,0.00,-3.6,4.998,4.998,4.998,4.998,142
2022-01-26 21:11:22,5.6,14.1,525,0.0,0.0,0,0.0,0.0,0,523659.00,0.00,0.00,207,12.96,2.88,0.00,-3.6,4.998,4.998,4.998,4.998,149
2022-01-26 21:12:22,9.2,13.6,581,0.0,0.0,0,0.0,0.0,0,524240.00,0.00,0.00,229,12.96,3.18,0.00,-3.6,4.998,4.998,4.998,4.998,18
2022-01-26 21:13:22,12.5,13.7,573,0.0,0.0,0,0.0,0.0,0,524813.00,0.00,0.00,244,13.00,3.39,0.00,-3.6,4.998,4.998,4.998,4.998,160
2022-01-26 21:14:22,7.6,12.4,412,0.0,0.0,0,0.0,0.0,0,525225.00,0.00,0.00,201,13.00,2.80,0.00,-3.6,4.998,4.998,4.998,4.998,110
2022-01-26 21:15:22,7.4,13.6,463,0.0,0.0,0,0.0,0.0,0,525688.00,0.00,0.00,220,12.96,3.05,0.00,-3.6,4.998,4.998,4.998,4.998,243
2022-01-26 21:16:22,6.6,8.8,363,0.0,0.0,0,0.0,0.0,0,526051.00,0.00,0.00,194,13.00,2.70,0.00,-3.6,4.998,4.998,4.998,4.998,68
2022-01-26 21:17:22,6.3,14.1,454,0.0,0.0,0,0.0,0.0,0,526505.00,0.00,0.00,200,12.96,2.77,0.00,-3.6,4.998,4.998,4.998,4.998,195
2022-01-26 21:18:22,8.3,10.8,427,0.0,0.0,0,0.0,0.0,0,526932.00,0.00,0.00,240,12.96,3.34,0.00,-3.1,4.998,4.998,4.998,4.998,71
2022-01-26 21:19:22,1.5,8.9,309,0.0,0.0,0,0.0,0.0,0,527241.00,0.00,0.00,222,13.00,3.09,0.00,-3.6,4.998,4.998,4.998,4.998,46
2022-01-26 21:20:22,3.4,8.1,346,0.0,0.0,0,0.0,0.0,0,527587.00,0.00,0.00,235,12.96,3.27,0.00,-3.1,4.998,4.998,4.998,4.998,253
2022-01-26 21:21:22,9.9,10.5,352,0.0,0.0,0,0.0,0.0,0,527939.00,0.00,0.00,230,13.00,3.20,0.00,-3.6,4.998,4.998,4.998,4.998,206
2022-01-26 21:22:22,7.5,15.1,515,0.0,0.0,0,0.0,0.0,0,528454.00,0.00,0.00,227,12.96,3.15,0.00,-3.6,4.998,4.998,4.998,4.998,43
2022-01-26 21:23:22,10.2,11.4,452,0.0,0.0,0,0.0,0.0,0,528906.00,0.00,0.00,186,12.96,2.58,0.00,-3.6,4.998,4.998,4.998,4.998,130
2022-01-26 21:24:22,8.1,12.8,564,0.0,0.0,0,0.0,0.0,0,529470.00,0.00,0.00,195,13.00,2.71,0.00,-3.6,4.998,4.998,4.998,4.998,27
2022-01-26 21:25:22,5.5,8.4,354,0.0,0.0,0,0.0,0.0,0,529824.00,0.00,0.00,207,12.96,2.87,0.00,-3.6,4.998,4.998,4.998,4.998,203
2022-01-26 21:26:22,4.3,6.1,273,0.0,0.0,0,0.0,0.0,0,530097.00,0.00,0.00,210,13.00,2.92,0.00,-3.6,4.998,4.998,4.998,4.998,213
2022-01-26 21:27:22,4.4,6.5,286,0.0,0.0,0,0.0,0.0,0,530383.00,0.00,0.00,224,12.96,3.12,0.00,-3.6,4.998,4.998,4.998,4.998,198
2022-01-26 21:28:22,8.2,9.3,249,0.0,0.0,0,0.0,0.0,0,530632.00,0.00,0.00,209,12.96,2.91,0.00,-3.6,4.998,4.998,4.998,4.998,77
2022-01-26 21:29:22,5.3,9.0,430,0.0,0.0,0,0.0,0.0,0,531062.00,0.00,0.00,213,12.96,2.96,0.00,-3.6,4.998,4.998,4.998,4.998,81
2022-01-26 21:30:22,5.9,9.7,352,0.0,0.0,0,0.0,0.0,0,531414.00,0.00,0.00,228,12.96,3.17,0.00,-3.6,4.998,4.998,4.998,4.998,151
2022-01-26 21:31:22,5.0,7.5,373,0.0,0.0,0,0.0,0.0,0,531787.00,0.00,0.00,226,12.96,3.14,0.00,-3.6,4.998,4.998,4.998,4.998,244
2022-01-26 21:32:22,3.2,6.5,276,0.0,0.0,0,0.0,0.0,0,532063.00,0.00,0.00,191,12.96,2.66,0.00,-3.6,4.998,4.998,4.998,4.998,172
2022-01-26 21:33:22,5.3,11.1,476,0.0,0.0,0,0.0,0.0,0,532539.00,0.00,0.00,187,12.96,2.60,0.00,-3.6,4.998,4.998,4.998,4.998,228
2022-01-26 21:34:22,6.3,12.8,375,0.0,0.0,0,0.0,0.0,0,532914.00,0.00,0.00,203,12.96,2.83,0.00,-3.6,4.998,4.998,4.998,4.998,109
2022-01-26 21:35:22,8.2,10.6,404,0.0,0.0,0,0.0,0.0,0,533318.00,0.00,0.00,231,12.96,3.21,0.00,-3.6,4.998,4.998,4.998,4.998,117
2022-01-26 21:36:22,6.3,8.5,357,0.0,0.0,0,0.0,0.0,0,533675.00,0.00,0.00,198,12.96,2.76,0.00,-3.6,4.998,4.998,4.998,4.998,76
2022-01-26 21:37:22,4.5,13.6,470,0.0,0.0,0,0.0,0.0,0,534145.00,0.00,0.00,233,12.96,3.23,0.00,-3.6,4.998,4.998,4.998,4.998,136
2022-01-26 21:38:22,5.5,8.4,366,0.0,0.0,0,0.0,0.0,0,534511.00,0.00,0.00,209,12.96,2.91,0.00,-3.6,4.998,4.998,4.998,4.998,251
2022-01-26 21:39:22,9.6,10.2,391,0.0,0.0,0,0.0,0.0,0,534902.00,0.00,0.00,227,12.96,3.16,0.00,-3.6,4.998,4.998,4.998,4.998,42
2022-01-26 21:40:22,5.2,13.6,536,0.0,0.0,0,0.0,0.0,0,535438.00,0.00,0.00,224,12.96,3.11,0.00,-4.1,4.998,4.998,4.998,4.998,105
2022-01-26 21:41:22,8.5,9.2,408,0.0,0.0,0,0.0,0.0,0,535846.00,0.00,0.00,184,12.96,2.56,0.00,-3.6,4.998,4.998,4.998,4.998,75
2022-01-26 21:42:22,11.4,13.8,631,0.0,0.0,0,0.0,0.0,0,536477.00,0.00,0.00,199,12.96,2.77,0.00,-3.6,4.998,4.998,4.998,4.998,247
2022-01-26 21:43:22,5.5,11.6,486,0.0,0.0,0,0.0,0.0,0,536963.00,0.00,0.00,221,12.96,3.08,0.00,-3.6,4.998,4.998,4.998,4.998,47
2022-01-26 21:44:22,15.7,18.8,798,0.0,0.0,0,0.0,0.0,0,537761.00,0.00,0.00,214,12.96,2.97,0.00,-3.6,4.998,4.998,4.998,4.998,112
2022-01-26 21:45:22,8.8,15.4,597,0.0,0.0,0,0.0,0.0,0,538358.00,0.00,0.00,251,12.96,3.49,0.00,-3.6,4.998,4.998,4.998,4.998,145
2022-01-26 21:46:22,7.9,12.0,478,0.0,0.0,0,0.0,0.0,0,538836.00,0.00,0.00,230,12.96,3.19,0.00,-3.6,4.998,4.998,4.998,4.998,31
2022-01-26 21:47:22,7.5,17.7,515,0.0,0.0,0,0.0,0.0,0,539351.00,0.00,0.00,241,12.96,3.34,0.00,-3.6,4.998,4.998,4.998,4.998,136
2022-01-26 21:48:22,4.7,9.2,361,0.0,0.0,0,0.0,0.0,0,539712.00,0.00,0.00,198,12.96,2.75,0.00,-3.6,4.998,4.998,4.998,4.998,64
2022-01-26 21:49:22,7.6,24.7,566,0.0,0.0,0,0.0,0.0,0,540278.00,0.00,0.00,210,12.96,2.92,0.00,-3.1,4.998,4.998,4.998,4.998,210
2022-01-26 21:50:22,12.1,24.0,777,0.0,0.0,0,0.0,0.0,0,541055.00,0.00,0.00,226,12.96,3.13,0.00,-3.6,4.998,4.998,4.998,4.998,188
2022-01-26 21:51:22,5.8,18.0,730,0.0,0.0,0,0.0,0.0,0,541785.00,0.00,0.00,210,12.96,2.91,0.00,-3.1,4.998,4.998,4.998,4.998,237
2022-01-26 21:52:22,7.2,15.8,588,0.0,0.0,0,0.0,0.0,0,542373.00,0.00,0.00,213,12.96,2.96,0.00,-3.6,4.998,4.998,4.998,4.998,217
2022-01-26 21:53:22,7.2,11.5,435,0.0,0.0,0,0.0,0.0,0,542808.00,0.00,0.00,205,12.96,2.85,0.00,-3.6,4.998,4.998,4.998,4.998,222
2022-01-26 21:54:22,9.4,13.0,530,0.0,0.0,0,0.0,0.0,0,543338.00,0.00,0.00,228,12.96,3.17,0.00,-3.6,4.998,4.998,4.998,4.998,177
2022-01-26 21:55:22,6.1,13.1,475,0.0,0.0,0,0.0,0.0,0,543813.00,0.00,0.00,223,12.96,3.11,0.00,-4.1,4.998,4.998,4.998,4.998,215
2022-01-26 21:56:22,3.9,10.2,427,0.0,0.0,0,0.0,0.0,0,544240.00,0.00,0.00,199,12.96,2.77,0.00,-3.6,4.998,4.998,4.998,4.998,167
2022-01-26 21:57:22,7.0,12.0,376,0.0,0.0,0,0.0,0.0,0,544616.00,0.00,0.00,215,12.96,2.98,0.00,-3.6,4.998,4.998,4.998,4.998,246
2022-01-26 21:58:22,8.6,18.8,617,0.0,0.0,0,0.0,0.0,0,545233.00,0.00,0.00,225,12.96,3.12,0.00,-3.6,4.998,4.998,4.998,4.998,52
2022-01-26 21:59:22,12.9,13.8,504,0.0,0.0,0,0.0,0.0,0,545737.00,0.00,0.00,202,12.96,2.81,0.00,-3.6,4.998,4.998,4.998,4.998,104
2022-01-26 22:00:22,6.9,14.4,559,0.0,0.0,0,0.0,0.0,0,546296.00,0.00,0.00,210,12.96,2.91,0.00,-3.6,4.998,4.998,4.998,4.998,145
2022-01-26 22:01:22,2.7,10.7,385,0.0,0.0,0,0.0,0.0,0,546681.00,0.00,0.00,229,12.96,3.18,0.00,-3.6,4.998,4.998,4.998,4.998,213
2022-01-26 22:02:22,6.0,18.2,514,0.0,0.0,0,0.0,0.0,0,547195.00,0.00,0.00,242,12.96,3.36,0.00,-3.6,4.998,4.998,4.998,4.998,222
2022-01-26 22:03:22,7.2,13.6,536,0.0,0.0,0,0.0,0.0,0,547731.00,0.00,0.00,221,12.96,3.08,0.00,-3.6,4.998,4.998,4.998,4.998,239
2022-01-26 22:04:22,6.2,11.0,490,0.0,0.0,0,0.0,0.0,0,548221.00,0.00,0.00,217,12.96,3.02,0.00,-3.6,4.998,4.998,4.998,4.998,105
2022-01-26 22:05:22,9.9,10.0,384,0.0,0.0,0,0.0,0.0,0,548605.00,0.00,0.00,225,12.96,3.13,0.00,-3.6,4.998,4.998,4.998,4.998,108
2022-01-26 22:06:22,7.2,17.7,683,0.0,0.0,0,0.0,0.0,0,549288.00,0.00,0.00,208,12.96,2.90,0.00,-3.6,4.998,4.998,4.998,4.998,109
2022-01-26 22:07:22,9.5,10.7,431,0.0,0.0,0,0.0,0.0,0,549719.00,0.00,0.00,234,12.96,3.25,0.00,-3.6,4.998,4.998,4.998,4.998,74
2022-01-26 22:08:22,6.8,10.2,437,0.0,0.0,0,0.0,0.0,0,550156.00,0.00,0.00,204,12.96,2.84,0.00,-3.6,4.998,4.998,4.998,4.998,222
2022-01-26 22:09:22,4.1,13.8,480,0.0,0.0,0,0.0,0.0,0,550636.00,0.00,0.00,214,12.96,2.98,0.00,-3.6,4.998,4.998,4.998,4.998,127
2022-01-26 22:10:22,6.1,8.8,317,0.0,0.0,0,0.0,0.0,0,550953.00,0.00,0.00,213,12.96,2.96,0.00,-3.6,4.998,4.998,4.998,4.998,94
2022-01-26 22:11:22,6.7,7.1,221,0.0,0.0,0,0.0,0.0,0,551174.00,0.00,0.00,234,12.96,3.25,0.00,-3.6,4.998,4.998,4.998,4.998,151
2022-01-26 22:12:22,4.7,11.9,473,0.0,0.0,0,0.0,0.0,0,551647.00,0.00,0.00,168,12.96,2.33,0.00,-3.6,4.998,4.998,4.998,4.998,40
2022-01-26 22:13:22,10.7,11.3,321,0.0,0.0,0,0.0,0.0,0,551968.00,0.00,0.00,190,12.96,2.64,0.00,-3.6,4.998,4.998,4.998,4.998,232
2022-01-26 22:14:22,6.2,13.1,550,0.0,0.0,0,0.0,0.0,0,552518.00,0.00,0.00,209,12.92,2.91,0.00,-4.1,4.998,4.998,4.998,4.998,51
2022-01-26 22:15:22,4.8,8.4,329,0.0,0.0,0,0.0,0.0,0,552847.00,0.00,0.00,201,12.96,2.79,0.00,-3.6,4.998,4.998,4.998,4.998,24
2022-01-26 22:16:22,6.7,12.0,541,0.0,0.0,0,0.0,0.0,0,553388.00,0.00,0.00,202,12.96,2.80,0.00,-3.6,4.998,4.998,4.998,4.998,80
2022-01-26 22:17:22,5.7,10.1,457,0.0,0.0,0,0.0,0.0,0,553845.00,0.00,0.00,212,12.96,2.95,0.00,-3.6,4.998,4.998,4.998,4.998,137
2022-01-26 22:18:22,13.8,15.3,407,0.0,0.0,0,0.0,0.0,0,554252.00,0.00,0.00,165,12.96,2.30,0.00,-3.6,4.998,4.998,4.998,4.998,212
2022-01-26 22:19:22,6.3,15.6,452,0.0,0.0,0,0.0,0.0,0,554704.00,0.00,0.00,217,12.92,3.02,0.00,-3.6,4.998,4.998,4.998,4.998,85
2022-01-26 22:20:22,4.7,8.8,323,0.0,0.0,0,0.0,0.0,0,555027.00,0.00,0.00,201,12.96,2.79,0.00,-3.6,4.998,4.998,4.998,4.998,53
2022-01-26 22:21:22,5.0,9.2,347,0.0,0.0,0,0.0,0.0,0,555374.00,0.00,0.00,200,12.96,2.78,0.00,-3.6,4.998,4.998,4.998,4.998,174
2022-01-26 22:22:22,4.0,11.5,372,0.0,0.0,0,0.0,0.0,0,555746.00,0.00,0.00,238,12.96,3.30,0.00,-3.6,4.998,4.998,4.998,4.998,203
2022-01-26 22:23:22,4.7,10.1,350,0.0,0.0,0,0.0,0.0,0,556096.00,0.00,0.00,215,12.92,2.98,0.00,-3.6,4.998,4.998,4.998,4.998,89
2022-01-26 22:24:22,4.2,9.1,276,0.0,0.0,0,0.0,0.0,0,556372.00,0.00,0.00,216,12.96,3.00,0.00,-3.6,4.998,4.998,4.998,4.998,52
2022-01-26 22:25:22,4.9,9.7,345,0.0,0.0,0,0.0,0.0,0,556717.00,0.00,0.00,159,12.96,2.21,0.00,-3.6,4.998,4.998,4.998,4.998,41
2022-01-26 22:26:22,9.5,9.5,254,0.0,0.0,0,0.0,0.0,0,556971.00,0.00,0.00,197,12.96,2.74,0.00,-3.6,4.998,4.998,4.998,4.998,120
2022-01-26 22:27:22,7.0,12.8,463,0.0,0.0,0,0.0,0.0,0,557434.00,0.00,0.00,152,12.96,2.11,0.00,-3.6,4.998,4.998,4.998,4.998,179
2022-01-26 22:28:22,7.9,11.5,366,0.0,0.0,0,0.0,0.0,0,557800.00,0.00,0.00,220,12.96,3.06,0.00,-3.6,4.998,4.998,4.998,4.998,157
2022-01-26 22:29:22,11.5,18.0,687,0.0,0.0,0,0.0,0.0,0,558487.00,0.00,0.00,223,12.96,3.10,0.00,-3.6,4.998,4.998,4.998,4.998,126
2022-01-26 22:30:22,9.3,12.1,413,0.0,0.0,0,0.0,0.0,0,558900.00,0.00,0.00,247,12.96,3.43,0.00,-3.6,4.998,4.998,4.998,4.998,175
2022-01-26 22:31:22,10.0,15.8,660,0.0,0.0,0,0.0,0.0,0,559560.00,0.00,0.00,235,12.96,3.26,0.00,-3.6,4.998,4.998,4.998,4.998,54
2022-01-26 22:32:22,10.2,15.8,602,0.0,0.0,0,0.0,0.0,0,560162.00,0.00,0.00,212,12.96,2.95,0.00,-3.6,4.998,4.998,4.998,4.998,0
2022-01-26 22:33:22,6.8,18.8,707,0.0,0.0,0,0.0,0.0,0,560869.00,0.00,0.00,191,12.96,2.65,0.00,-3.6,4.998,4.998,4.998,4.998,17
2022-01-26 22:34:22,8.5,23.2,713,0.0,0.0,0,0.0,0.0,0,561582.00,0.00,0.00,224,12.92,3.12,0.00,-3.6,4.998,4.998,4.998,4.998,84
2022-01-26 22:35:22,10.6,23.2,793,0.0,0.0,0,0.0,0.0,0,562375.00,0.00,0.00,203,12.96,2.82,0.00,-3.6,4.998,4.998,4.998,4.998,108
2022-01-26 22:36:22,8.9,13.4,599,0.0,0.0,0,0.0,0.0,0,562974.00,0.00,0.00,223,12.96,3.11,0.00,-3.6,4.998,4.998,4.998,4.998,106
2022-01-26 22:37:22,9.5,18.1,825,0.0,0.0,0,0.0,0.0,0,563799.00,0.00,0.00,229,12.96,3.18,0.00,-3.6,4.998,4.998,4.998,4.998,173
2022-01-26 22:38:22,4.9,19.2,689,0.0,0.0,0,0.0,0.0,0,564488.00,0.00,0.00,203,12.96,2.83,0.00,-3.6,4.998,4.998,4.998,4.998,106
2022-01-26 22:39:22,5.5,17.2,620,0.0,0.0,0,0.0,0.0,0,565108.00,0.00,0.00,230,12.96,3.20,0.00,-3.6,4.998,4.998,4.998,4.998,144
2022-01-26 22:40:22,5.3,9.4,392,0.0,0.0,0,0.0,0.0,0,565500.00,0.00,0.00,202,12.96,2.81,0.00,-3.6,4.998,4.998,4.998,4.998,197
2022-01-26 22:41:22,9.1,11.5,496,0.0,0.0,0,0.0,0.0,0,565996.00,0.00,0.00,204,12.96,2.84,0.00,-3.6,4.998,4.998,4.998,4.998,253
2022-01-26 22:42:22,5.9,12.9,447,0.0,0.0,0,0.0,0.0,0,566443.00,0.00,0.00,204,12.96,2.83,0.00,-3.6,4.998,4.998,4.998,4.998,131
2022-01-26 22:43:22,9.3,13.5,518,0.0,0.0,0,0.0,0.0,0,566961.00,0.00,0.00,183,12.92,2.54,0.00,-3.6,4.998,4.998,4.998,4.998,123
2022-01-26 22:44:22,4.5,12.3,504,0.0,0.0,0,0.0,0.0,0,567465.00,0.00,0.00,172,12.96,2.39,0.00,-4.1,4.998,4.998,4.998,4.998,187
2022-01-26 22:45:22,8.8,12.4,547,0.0,0.0,0,0.0,0.0,0,568012.00,0.00,0.00,184,12.92,2.55,0.00,-3.6,4.998,4.998,4.998,4.998,60
2022-01-26 22:46:22,5.1,12.2,526,0.0,0.0,0,0.0,0.0,0,568538.00,0.00,0.00,200,12.96,2.77,0.00,-3.6,4.998,4.998,4.998,4.998,246
2022-01-26 22:47:22,4.2,7.2,306,0.0,0.0,0,0.0,0.0,0,568844.00,0.00,0.00,211,12.92,2.93,0.00,-3.6,4.998,4.998,4.998,4.998,100
2022-01-26 22:48:22,9.5,9.8,298,0.0,0.0,0,0.0,0.0,0,569142.00,0.00,0.00,181,12.96,2.51,0.00,-4.1,4.998,4.998,4.998,4.998,171
2022-01-26 22:49:22,11.5,20.5,875,0.0,0.0,0,0.0,0.0,0,570017.00,0.00,0.00,222,12.96,3.08,0.00,-4.1,4.998,4.998,4.998,4.998,118
2022-01-26 22:50:22,7.5,13.9,636,0.0,0.0,0,0.0,0.0,0,570653.00,0.00,0.00,215,12.96,2.99,0.00,-4.1,4.998,4.998,4.998,4.998,96
2022-01-26 22:51:22,5.9,7.7,339,0.0,0.0,0,0.0,0.0,0,570992.00,0.00,0.00,230,12.96,3.20,0.00,-3.6,4.998,4.998,4.998,4.998,49
2022-01-26 22:52:22,5.4,9.6,382,0.0,0.0,0,0.0,0.0,0,571374.00,0.00,0.00,205,12.96,2.85,0.00,-4.1,4.998,4.998,4.998,4.998,251
2022-01-26 22:53:22,9.6,11.5,333,0.0,0.0,0,0.0,0.0,0,571707.00,0.00,0.00,185,12.92,2.57,0.00,-4.1,4.998,4.998,4.998,4.998,161
2022-01-26 22:54:22,4.9,9.8,410,0.0,0.0,0,0.0,0.0,0,572117.00,0.00,0.00,195,12.96,2.71,0.00,-3.6,4.998,4.998,4.998,4.998,65
2022-01-26 22:55:22,8.8,19.4,715,0.0,0.0,0,0.0,0.0,0,572832.00,0.00,0.00,172,12.92,2.39,0.00,-4.1,4.998,4.998,4.998,4.998,146
2022-01-26 22:56:22,6.4,12.4,476,0.0,0.0,0,0.0,0.0,0,573308.00,0.00,0.00,240,12.96,3.34,0.00,-4.1,4.998,4.998,4.998,4.998,182
2022-01-26 22:57:22,10.1,19.3,703,0.0,0.0,0,0.0,0.0,0,574011.00,0.00,0.00,215,12.96,2.99,0.00,-4.1,4.998,4.998,4.998,4.998,215
2022-01-26 22:58:22,8.5,14.7,751,0.0,0.0,0,0.0,0.0,0,574762.00,0.00,0.00,209,12.92,2.90,0.00,-4.1,4.998,4.998,4.998,4.998,77
2022-01-26 22:59:22,12.5,13.0,521,0.0,0.0,0,0.0,0.0,0,575283.00,0.00,0.00,226,12.92,3.14,0.00,-4.1,4.998,4.998,4.998,4.998,203
2022-01-26 23:00:22,11.2,14.6,585,0.0,0.0,0,0.0,0.0,0,575868.00,0.00,0.00,225,12.92,3.12,0.00,-4.1,4.998,4.998,4.998,4.998,152
2022-01-26 23:01:22,9.5,18.6,740,0.0,0.0,0,0.0,0.0,0,576608.00,0.00,0.00,198,12.96,2.75,0.00,-4.1,4.998,4.998,4.998,4.998,226
2022-01-26 23:02:22,9.4,14.8,608,0.0,0.0,0,0.0,0.0,0,577216.00,0.00,0.00,183,12.92,2.54,0.00,-4.5,4.998,4.998,4.998,4.998,79
2022-01-26 23:03:22,8.7,13.4,610,0.0,0.0,0,0.0,0.0,0,577826.00,0.00,0.00,195,12.96,2.71,0.00,-4.1,4.998,4.998,4.998,4.998,132
2022-01-26 23:04:22,10.9,17.3,574,0.0,0.0,0,0.0,0.0,0,578400.00,0.00,0.00,200,12.96,2.78,0.00,-4.5,4.998,4.998,4.998,4.998,176
2022-01-26 23:05:22,5.5,15.0,550,0.0,0.0,0,0.0,0.0,0,578950.00,0.00,0.00,230,12.96,3.20,0.00,-4.5,4.998,4.998,4.998,4.998,79
2022-01-26 23:06:22,3.8,10.1,399,0.0,0.0,0,0.0,0.0,0,579349.00,0.00,0.00,201,12.92,2.79,0.00,-4.1,4.998,4.998,4.998,4.998,148
2022-01-26 23:07:22,2.7,8.6,321,0.0,0.0,0,0.0,0.0,0,579670.00,0.00,0.00,222,12.92,3.08,0.00,-4.1,4.998,4.998,4.998,4.998,160
2022-01-26 23:08:22,7.6,9.0,405,0.0,0.0,0,0.0,0.0,0,580075.00,0.00,0.00,234,12.92,3.25,0.00,-4.5,4.998,4.998,4.998,4.998,239
2022-01-26 23:09:22,6.1,14.7,561,0.0,0.0,0,0.0,0.0,0,580636.00,0.00,0.00,223,12.92,3.10,0.00,-4.5,4.998,4.998,4.998,4.998,154
2022-01-26 23:10:22,14.5,15.5,565,0.0,0.0,0,0.0,0.0,0,581201.00,0.00,0.00,208,12.92,2.89,0.00,-4.1,4.998,4.998,4.998,4.998,114
2022-01-26 23:11:22,10.7,15.8,561,0.0,0.0,0,0.0,0.0,0,581762.00,0.00,0.00,227,12.92,3.15,0.00,-4.5,4.998,4.998,4.998,4.998,24
2022-01-26 23:12:22,7.9,11.1,507,0.0,0.0,0,0.0,0.0,0,582269.00,0.00,0.00,170,12.92,2.36,0.00,-4.5,4.998,4.998,4.998,4.998,116
2022-01-26 23:13:22,8.2,11.0,483,0.0,0.0,0,0.0,0.0,0,582752.00,0.00,0.00,215,12.92,2.99,0.00,-4.5,4.998,4.998,4.998,4.998,194
2022-01-26 23:14:22,4.3,9.5,378,0.0,0.0,0,0.0,0.0,0,583130.00,0.00,0.00,205,12.92,2.85,0.00,-4.5,4.998,4.998,4.998,4.998,161
2022-01-26 23:15:22,7.5,15.4,561,0.0,0.0,0,0.0,0.0,0,583691.00,0.00,0.00,234,12.92,3.25,0.00,-4.5,4.998,4.998,4.998,4.998,224
2022-01-26 23:16:22,12.1,12.9,453,0.0,0.0,0,0.0,0.0,0,584144.00,0.00,0.00,187,12.96,2.59,0.00,-4.5,4.998,4.998,4.998,4.998,99
2022-01-26 23:17:22,10.1,14.0,567,0.0,0.0,0,0.0,0.0,0,584711.00,0.00,0.00,214,12.92,2.97,0.00,-4.5,4.998,4.998,4.998,4.998,130
2022-01-26 23:18:22,2.2,10.8,385,0.0,0.0,0,0.0,0.0,0,585096.00,0.00,0.00,203,12.96,2.82,0.00,-4.5,4.998,4.998,4.998,4.998,212
2022-01-26 23:19:22,6.1,8.7,366,0.0,0.0,0,0.0,0.0,0,585462.00,0.00,0.00,226,12.92,3.14,0.00,-4.5,4.998,4.998,4.998,4.998,219
2022-01-26 23:20:22,8.8,13.1,432,0.0,0.0,0,0.0,0.0,0,585894.00,0.00,0.00,232,12.96,3.22,0.00,-4.5,4.998,4.998,4.998,4.998,166
2022-01-26 23:21:22,4.1,10.9,423,0.0,0.0,0,0.0,0.0,0,586317.00,0.00,0.00,204,12.92,2.84,0.00,-4.5,4.998,4.998,4.998,4.998,57
2022-01-26 23:22:22,12.8,12.8,480,0.0,0.0,0,0.0,0.0,0,586797.00,0.00,0.00,185,12.96,2.57,0.00,-4.5,4.998,4.998,4.998,4.998,47
2022-01-26 23:23:22,7.5,14.5,526,0.0,0.0,0,0.0,0.0,0,587323.00,0.00,0.00,205,12.96,2.85,0.00,-5.0,4.998,4.998,4.998,4.998,18
2022-01-26 23:24:22,5.0,10.9,446,0.0,0.0,0,0.0,0.0,0,587769.00,0.00,0.00,212,12.92,2.94,0.00,-4.5,4.998,4.998,4.998,4.998,96
2022-01-26 23:25:22,4.9,12.0,429,0.0,0.0,0,0.0,0.0,0,588198.00,0.00,0.00,215,12.96,2.99,0.00,-5.0,4.998,4.998,4.998,4.998,149
2022-01-26 23:26:22,5.3,8.7,396,0.0,0.0,0,0.0,0.0,0,588594.00,0.00,0.00,246,12.96,3.42,0.00,-4.5,4.998,4.998,4.998,4.998,83
2022-01-26 23:27:22,4.8,9.6,420,0.0,0.0,0,0.0,0.0,0,589014.00,0.00,0.00,219,12.96,3.05,0.00,-4.5,4.998,4.998,4.998,4.998,230
2022-01-26 23:28:22,3.1,8.5,275,0.0,0.0,0,0.0,0.0,0,589289.00,0.00,0.00,225,12.96,3.12,0.00,-4.5,4.998,4.998,4.998,4.998,241
2022-01-26 23:29:22,5.5,6.0,211,0.0,0.0,0,0.0,0.0,0,589500.00,0.00,0.00,183,12.92,2.54,0.00,-5.0,4.998,4.998,4.998,4.998,214
2022-01-26 23:30:22,9.7,12.6,415,0.0,0.0,0,0.0,0.0,0,589915.00,0.00,0.00,227,12.96,3.15,0.00,-4.5,4.998,4.998,4.998,4.998,22
2022-01-26 23:31:22,5.8,11.9,525,0.0,0.0,0,0.0,0.0,0,590440.00,0.00,0.00,157,12.92,2.19,0.00,-5.0,4.998,4.998,4.998,4.998,155
2022-01-26 23:32:22,8.6,11.1,457,0.0,0.0,0,0.0,0.0,0,590897.00,0.00,0.00,201,12.92,2.80,0.00,-4.5,4.998,4.998,4.998,4.998,20
2022-01-26 23:33:22,6.7,9.1,383,0.0,0.0,0,0.0,0.0,0,591280.00,0.00,0.00,197,12.92,2.73,0.00,-5.0,4.998,4.998,4.998,4.998,6
2022-01-26 23:34:22,10.1,18.2,675,0.0,0.0,0,0.0,0.0,0,591955.00,0.00,0.00,195,12.92,2.70,0.00,-4.5,4.998,4.998,4.998,4.998,238
2022-01-26 23:35:22,5.9,15.4,607,0.0,0.0,0,0.0,0.0,0,592562.00,0.00,0.00,203,12.92,2.83,0.00,-4.5,4.998,4.998,4.998,4.998,32
2022-01-26 23:36:22,2.8,8.8,309,0.0,0.0,0,0.0,0.0,0,592871.00,0.00,0.00,176,12.92,2.45,0.00,-4.5,4.998,4.998,4.998,4.998,143
2022-01-26 23:37:22,6.8,10.6,371,0.0,0.0,0,0.0,0.0,0,593242.00,0.00,0.00,201,12.96,2.79,0.00,-4.5,4.998,4.998,4.998,4.998,149
2022-01-26 23:38:22,7.5,13.0,413,0.0,0.0,0,0.0,0.0,0,593655.00,0.00,0.00,209,12.92,2.90,0.00,-5.0,4.998,4.998,4.998,4.998,62
2022-01-26 23:39:22,5.6,7.7,312,0.0,0.0,0,0.0,0.0,0,593967.00,0.00,0.00,235,12.92,3.27,0.00,-5.0,4.998,4.998,4.998,4.998,126
2022-01-26 23:40:22,5.6,10.0,379,0.0,0.0,0,0.0,0.0,0,594346.00,0.00,0.00,214,12.92,2.97,0.00,-4.5,4.998,4.998,4.998,4.998,241
2022-01-26 23:41:22,8.9,12.1,468,0.0,0.0,0,0.0,0.0,0,594814.00,0.00,0.00,198,12.92,2.75,0.00,-4.5,4.998,4.998,4.998,4.998,251
2022-01-26 23:42:22,5.6,11.2,464,0.0,0.0,0,0.0,0.0,0,595278.00,0.00,0.00,227,12.92,3.15,0.00,-4.5,4.998,4.998,4.998,4.998,69
2022-01-26 23:43:22,10.6,12.4,483,0.0,0.0,0,0.0,0.0,0,595761.00,0.00,0.00,165,12.92,2.30,0.00,-4.5,4.998,4.998,4.998,4.998,105
2022-01-26 23:44:22,7.0,13.3,569,0.0,0.0,0,0.0,0.0,0,596330.00,0.00,0.00,262,12.92,3.65,0.00,-5.0,4.998,4.998,4.998,4.998,53
2022-01-26 23:45:22,8.1,10.0,475,0.0,0.0,0,0.0,0.0,0,596805.00,0.00,0.00,180,12.96,2.50,0.00,-4.5,4.998,4.998,4.998,4.998,202
2022-01-26 23:46:22,3.5,11.7,409,0.0,0.0,0,0.0,0.0,0,597214.00,0.00,0.00,223,12.92,3.11,0.00,-5.0,4.998,4.998,4.998,4.998,220
2022-01-26 23:47:22,7.0,11.9,387,0.0,0.0,0,0.0,0.0,0,597601.00,0.00,0.00,213,12.92,2.96,0.00,-4.5,4.998,4.998,4.998,4.998,220
2022-01-26 23:48:22,11.7,21.9,764,0.0,0.0,0,0.0,0.0,0,598365.00,0.00,0.00,189,12.92,2.63,0.00,-5.0,4.998,4.998,4.998,4.998,98
2022-01-26 23:49:22,5.7,14.5,651,0.0,0.0,0,0.0,0.0,0,599016.00,0.00,0.00,224,12.92,3.11,0.00,-4.5,4.998,4.998,4.998,4.998,5
2022-01-26 23:50:22,8.5,15.4,535,0.0,0.0,0,0.0,0.0,0,599551.00,0.00,0.00,215,12.92,2.99,0.00,-4.5,4.998,4.998,4.998,4.998,237
2022-01-26 23:51:22,4.9,7.9,357,0.0,0.0,0,0.0,0.0,0,599908.00,0.00,0.00,204,12.92,2.83,0.00,-4.5,4.998,4.998,4.998,4.998,172
2022-01-26 23:52:22,5.2,13.8,398,0.0,0.0,0,0.0,0.0,0,600306.00,0.00,0.00,160,12.92,2.23,0.00,-4.5,4.998,4.998,4.998,4.998,230
2022-01-26 23:53:22,6.7,9.4,362,0.0,0.0,0,0.0,0.0,0,600668.00,0.00,0.00,182,12.92,2.52,0.00,-4.5,4.998,4.998,4.998,4.998,175
2022-01-26 23:54:22,7.7,10.8,494,0.0,0.0,0,0.0,0.0,0,601162.00,0.00,0.00,191,12.92,2.66,0.00,-5.0,4.998,4.998,4.998,4.998,100
2022-01-26 23:55:22,7.5,9.7,452,0.0,0.0,0,0.0,0.0,0,601614.00,0.00,0.00,178,12.92,2.48,0.00,-4.5,4.998,4.998,4.998,4.998,65
2022-01-26 23:56:22,5.4,9.9,399,0.0,0.0,0,0.0,0.0,0,602013.00,0.00,0.00,180,12.92,2.50,0.00,-2.6,4.998,4.998,4.998,4.998,227
2022-01-26 23:57:22,5.5,7.4,293,0.0,0.0,0,0.0,0.0,0,602306.00,0.00,0.00,179,12.92,2.49,0.00,-4.5,4.998,4.998,4.998,4.998,105
2022-01-26 23:58:22,6.0,7.1,283,0.0,0.0,0,0.0,0.0,0,602589.00,0.00,0.00,179,12.92,2.49,0.00,-5.0,4.998,4.998,4.998,4.998,191
2022-01-26 23:59:22,6.7,12.4,439,0.0,0.0,0,0.0,0.0,0,603028.00,0.00,0.00,177,12.92,2.46,0.00,-5.0,4.998,4.998,4.998,4.998,12
