2022-03-09 00:00:22,6.4,12.9,480,0.0,0.0,0,0.0,0.0,0,480.00,0.00,0.00,229,12.85,3.19,0.00,-0.2,4.998,4.998,4.998,4.998,45
2022-03-09 00:01:22,5.7,11.7,506,0.0,0.0,0,0.0,0.0,0,986.00,0.00,0.00,225,12.85,3.13,0.00,-0.2,4.998,4.998,4.998,4.998,84
2022-03-09 00:02:22,7.3,9.8,346,0.0,0.0,0,0.0,0.0,0,1332.00,0.00,0.00,213,12.85,2.95,0.00,-0.2,4.998,4.998,4.998,4.998,73
2022-03-09 00:03:22,7.0,11.6,449,0.0,0.0,0,0.0,0.0,0,1781.00,0.00,0.00,210,12.85,2.92,0.00,-0.2,4.998,4.998,4.998,4.998,188
2022-03-09 00:04:22,7.3,13.3,574,0.0,0.0,0,0.0,0.0,0,2355.00,0.00,0.00,204,12.85,2.84,0.00,-0.2,4.998,4.998,4.998,4.998,88
2022-03-09 00:05:22,8.9,9.2,415,0.0,0.0,0,0.0,0.0,0,2770.00,0.00,0.00,235,12.89,3.27,0.00,-0.2,4.998,4.998,4.998,4.998,65
2022-03-09 00:06:22,4.8,19.0,621,0.0,0.0,0,0.0,0.0,0,3391.00,0.00,0.00,231,12.85,3.21,0.00,-0.2,4.998,4.998,4.998,4.998,221
2022-03-09 00:07:22,10.8,20.9,655,0.0,0.0,0,0.0,0.0,0,4046.00,0.00,0.00,255,12.85,3.55,0.00,0.2,4.998,4.998,4.998,4.998,167
2022-03-09 00:08:22,6.6,11.4,514,0.0,0.0,0,0.0,0.0,0,4560.00,0.00,0.00,236,12.89,3.29,0.00,-0.2,4.998,4.998,4.998,4.998,103
2022-03-09 00:09:22,4.8,14.3,384,0.0,0.0,0,0.0,0.0,0,4944.00,0.00,0.00,237,12.85,3.29,0.00,-0.2,4.998,4.998,4.998,4.998,106
2022-03-09 00:10:22,4.5,8.7,284,0.0,0.0,0,0.0,0.0,0,5228.00,0.00,0.00,267,12.89,3.71,0.00,-0.2,4.998,4.998,4.998,4.998,184
2022-03-09 00:11:22,7.8,12.0,420,0.0,0.0,0,0.0,0.0,0,5648.00,0.00,0.00,242,12.85,3.36,0.00,-0.2,4.998,4.998,4.998,4.998,82
2022-03-09 00:12:22,6.0,12.9,440,0.0,0.0,0,0.0,0.0,0,6088.00,0.00,0.00,172,12.85,2.39,0.00,-0.2,4.998,4.998,4.998,4.998,212
2022-03-09 00:13:22,6.3,10.8,344,0.0,0.0,0,0.0,0.0,0,6432.00,0.00,0.00,215,12.89,2.99,0.00,-0.2,4.998,4.998,4.998,4.998,0
2022-03-09 00:14:22,5.3,7.9,337,0.0,0.0,0,0.0,0.0,0,6769.00,0.00,0.00,206,12.85,2.86,0.00,-0.2,4.998,4.998,4.998,4.998,147
2022-03-09 00:15:22,7.6,13.0,444,0.0,0.0,0,0.0,0.0,0,7213.00,0.00,0.00,244,12.85,3.39,0.00,-0.6,4.998,4.998,4.998,4.998,171
2022-03-09 00:16:22,5.1,13.6,468,0.0,0.0,0,0.0,0.0,0,7681.00,0.00,0.00,207,12.85,2.87,0.00,-0.2,4.998,4.998,4.998,4.998,206
2022-03-09 00:17:22,6.6,9.8,289,0.0,0.0,0,0.0,0.0,0,7970.00,0.00,0.00,220,12.85,3.06,0.00,-0.2,4.998,4.998,4.998,4.998,110
2022-03-09 00:18:22,4.5,8.6,297,0.0,0.0,0,0.0,0.0,0,8267.00,0.00,0.00,222,12.85,3.09,0.00,-0.2,4.998,4.998,4.998,4.998,172
2022-03-09 00:19:22,2.9,5.1,170,0.0,0.0,0,0.0,0.0,0,8437.00,0.00,0.00,235,12.85,3.27,0.00,-0.2,4.998,4.998,4.998,4.998,128
2022-03-09 00:20:22,14.7,15.1,412,0.0,0.0,0,0.0,0.0,0,8849.00,0.00,0.00,227,12.85,3.16,0.00,-0.2,4.998,4.998,4.998,4.998,80
2022-03-09 00:21:22,9.3,14.6,569,0.0,0.0,0,0.0,0.0,0,9418.00,0.00,0.00,249,12.89,3.46,0.00,-0.2,4.998,4.998,4.998,4.998,212
2022-03-09 00:22:22,6.9,10.0,313,0.0,0.0,0,0.0,0.0,0,9731.00,0.00,0.00,193,12.85,2.68,0.00,-0.2,4.998,4.998,4.998,4.998,140
2022-03-09 00:23:22,4.6,13.8,497,0.0,0.0,0,0.0,0.0,0,10228.00,0.00,0.00,225,12.85,3.13,0.00,-0.2,4.998,4.998,4.998,4.998,31
2022-03-09 00:24:22,7.8,13.3,503,0.0,0.0,0,0.0,0.0,0,10731.00,0.00,0.00,215,12.85,2.99,0.00,-0.2,4.998,4.998,4.998,4.998,76
2022-03-09 00:25:22,5.7,13.1,443,0.0,0.0,0,0.0,0.0,0,11174.00,0.00,0.00,246,12.89,3.42,0.00,-0.2,4.998,4.998,4.998,4.998,117
2022-03-09 00:26:22,6.3,12.8,494,0.0,0.0,0,0.0,0.0,0,11668.00,0.00,0.00,216,12.85,3.00,0.00,-0.2,4.998,4.998,4.998,4.998,62
2022-03-09 00:27:22,5.0,9.6,373,0.0,0.0,0,0.0,0.0,0,12041.00,0.00,0.00,193,12.85,2.68,0.00,-0.2,4.998,4.998,4.998,4.998,228
2022-03-09 00:28:22,4.9,8.6,300,0.0,0.0,0,0.0,0.0,0,12341.00,0.00,0.00,218,12.85,3.03,0.00,-0.2,4.998,4.998,4.998,4.998,217
2022-03-09 00:29:22,7.5,12.8,404,0.0,0.0,0,0.0,0.0,0,12745.00,0.00,0.00,240,12.85,3.33,0.00,-0.2,4.998,4.998,4.998,4.998,155
2022-03-09 00:30:22,9.0,9.9,345,0.0,0.0,0,0.0,0.0,0,13090.00,0.00,0.00,242,12.85,3.36,0.00,-0.2,4.998,4.998,4.998,4.998,19
2022-03-09 00:31:22,6.1,12.4,456,0.0,0.0,0,0.0,0.0,0,13546.00,0.00,0.00,204,12.85,2.84,0.00,-0.2,4.998,4.998,4.998,4.998,88
2022-03-09 00:32:22,3.2,8.9,344,0.0,0.0,0,0.0,0.0,0,13890.00,0.00,0.00,211,12.85,2.93,0.00,-0.6,4.998,4.998,4.998,4.998,3
2022-03-09 00:33:22,9.2,13.6,447,0.0,0.0,0,0.0,0.0,0,14337.00,0.00,0.00,216,12.85,3.01,0.00,-0.2,4.998,4.998,4.998,4.998,138
2022-03-09 00:34:22,5.1,10.7,420,0.0,0.0,0,0.0,0.0,0,14757.00,0.00,0.00,218,12.85,3.03,0.00,-0.2,4.998,4.998,4.998,4.998,32
2022-03-09 00:35:22,4.8,12.8,441,0.0,0.0,0,0.0,0.0,0,15198.00,0.00,0.00,222,12.85,3.08,0.00,-0.2,4.998,4.998,4.998,4.998,206
2022-03-09 00:36:22,6.3,9.8,406,0.0,0.0,0,0.0,0.0,0,15604.00,0.00,0.00,223,12.85,3.11,0.00,-0.2,4.998,4.998,4.998,4.998,72
2022-03-09 00:37:22,6.3,9.0,338,0.0,0.0,0,0.0,0.0,0,15942.00,0.00,0.00,199,12.85,2.77,0.00,-0.2,4.998,4.998,4.998,4.998,151
2022-03-09 00:38:22,5.3,9.2,416,0.0,0.0,0,0.0,0.0,0,16358.00,0.00,0.00,179,12.85,2.49,0.00,-0.2,4.998,4.998,4.998,4.998,149
2022-03-09 00:39:22,6.5,11.5,458,0.0,0.0,0,0.0,0.0,0,16816.00,0.00,0.00,235,12.85,3.27,0.00,0.2,4.998,4.998,4.998,4.998,105
2022-03-09 00:40:22,4.0,10.7,412,0.0,0.0,0,0.0,0.0,0,17228.00,0.00,0.00,235,12.85,3.26,0.00,-0.2,4.998,4.998,4.998,4.998,10
2022-03-09 00:41:22,6.2,10.8,333,0.0,0.0,0,0.0,0.0,0,17561.00,0.00,0.00,219,12.85,3.04,0.00,-0.2,4.998,4.998,4.998,4.998,152
2022-03-09 00:42:22,2.7,7.0,216,0.0,0.0,0,0.0,0.0,0,17777.00,0.00,0.00,207,12.85,2.88,0.00,-0.2,4.998,4.998,4.998,4.998,173
2022-03-09 00:43:22,3.8,8.1,262,0.0,0.0,0,0.0,0.0,0,18039.00,0.00,0.00,233,12.85,3.23,0.00,-0.6,4.998,4.998,4.998,4.998,97
2022-03-09 00:44:22,8.7,10.0,429,0.0,0.0,0,0.0,0.0,0,18468.00,0.00,0.00,245,12.85,3.41,0.00,0.2,4.998,4.998,4.998,4.998,91
2022-03-09 00:45:22,3.8,9.1,304,0.0,0.0,0,0.0,0.0,0,18772.00,0.00,0.00,194,12.85,2.70,0.00,-0.2,4.998,4.998,4.998,4.998,110
2022-03-09 00:46:22,6.5,10.7,390,0.0,0.0,0,0.0,0.0,0,19162.00,0.00,0.00,205,12.85,2.85,0.00,0.2,4.998,4.998,4.998,4.998,199
2022-03-09 00:47:22,3.1,7.3,297,0.0,0.0,0,0.0,0.0,0,19459.00,0.00,0.00,220,12.85,3.06,0.00,-0.2,4.998,4.998,4.998,4.998,166
2022-03-09 00:48:22,2.3,8.1,292,0.0,0.0,0,0.0,0.0,0,19751.00,0.00,0.00,226,12.85,3.14,0.00,-0.2,4.998,4.998,4.998,4.998,130
2022-03-09 00:49:22,6.7,9.1,302,0.0,0.0,0,0.0,0.0,0,20053.00,0.00,0.00,213,12.85,2.96,0.00,-0.6,4.998,4.998,4.998,4.998,8
2022-03-09 00:50:22,6.7,8.5,334,0.0,0.0,0,0.0,0.0,0,20387.00,0.00,0.00,227,12.85,3.15,0.00,-0.2,4.998,4.998,4.998,4.998,111
2022-03-09 00:51:22,6.1,7.3,305,0.0,0.0,0,0.0,0.0,0,20692.00,0.00,0.00,208,12.85,2.90,0.00,-0.2,4.998,4.998,4.998,4.998,105
2022-03-09 00:52:22,4.8,10.7,432,0.0,0.0,0,0.0,0.0,0,21124.00,0.00,0.00,204,12.85,2.84,0.00,-0.2,4.998,4.998,4.998,4.998,224
2022-03-09 00:53:22,8.0,11.6,427,0.0,0.0,0,0.0,0.0,0,21551.00,0.00,0.00,207,12.85,2.87,0.00,-0.2,4.998,4.998,4.998,4.998,156
2022-03-09 00:54:22,8.0,12.9,497,0.0,0.0,0,0.0,0.0,0,22048.00,0.00,0.00,207,12.85,2.87,0.00,-0.2,4.998,4.998,4.998,4.998,127
2022-03-09 00:55:22,5.0,8.3,365,0.0,0.0,0,0.0,0.0,0,22413.00,0.00,0.00,220,12.85,3.06,0.00,-0.2,4.998,4.998,4.998,4.998,247
2022-03-09 00:56:22,3.2,12.3,430,0.0,0.0,0,0.0,0.0,0,22843.00,0.00,0.00,210,12.85,2.92,0.00,0.2,4.998,4.998,4.998,4.998,132
2022-03-09 00:57:22,5.3,7.5,307,0.0,0.0,0,0.0,0.0,0,23150.00,0.00,0.00,191,12.85,2.65,0.00,-0.2,4.998,4.998,4.998,4.998,27
2022-03-09 00:58:22,1.5,7.8,208,0.0,0.0,0,0.0,0.0,0,23358.00,0.00,0.00,225,12.85,3.13,0.00,-0.6,4.998,4.998,4.998,4.998,89
2022-03-09 00:59:22,8.3,8.4,211,0.0,0.0,0,0.0,0.0,0,23569.00,0.00,0.00,192,12.85,2.67,0.00,-0.6,4.998,4.998,4.998,4.998,95
2022-03-09 01:00:22,5.2,8.2,358,0.0,0.0,0,0.0,0.0,0,23927.00,0.00,0.00,183,12.85,2.54,0.00,-0.2,4.998,4.998,4.998,4.998,120
2022-03-09 01:01:22,4.8,8.4,371,0.0,0.0,0,0.0,0.0,0,24298.00,0.00,0.00,205,12.85,2.85,0.00,-0.2,4.998,4.998,4.998,4.998,133
2022-03-09 01:02:22,11.7,12.0,406,0.0,0.0,0,0.0,0.0,0,24704.00,0.00,0.00,187,12.85,2.60,0.00,-0.2,4.998,4.998,4.998,4.998,17
2022-03-09 01:03:22,6.5,12.2,531,0.0,0.0,0,0.0,0.0,0,25235.00,0.00,0.00,209,12.85,2.90,0.00,-0.2,4.998,4.998,4.998,4.998,242
2022-03-09 01:04:22,3.5,13.2,481,0.0,0.0,0,0.0,0.0,0,25716.00,0.00,0.00,173,12.85,2.41,0.00,-0.2,4.998,4.998,4.998,4.998,234
2022-03-09 01:05:22,9.9,13.5,385,0.0,0.0,0,0.0,0.0,0,26101.00,0.00,0.00,177,12.85,2.47,0.00,-0.2,4.998,4.998,4.998,4.998,204
2022-03-09 01:06:22,6.5,10.4,452,0.0,0.0,0,0.0,0.0,0,26553.00,0.00,0.00,206,12.85,2.86,0.00,-0.2,4.998,4.998,4.998,4.998,168
2022-03-09 01:07:22,6.0,7.8,371,0.0,0.0,0,0.0,0.0,0,26924.00,0.00,0.00,230,12.85,3.20,0.00,-0.2,4.998,4.998,4.998,4.998,44
2022-03-09 01:08:22,5.6,10.6,401,0.0,0.0,0,0.0,0.0,0,27325.00,0.00,0.00,159,12.85,2.21,0.00,0.2,4.998,4.998,4.998,4.998,219
2022-03-09 01:09:22,2.7,8.3,326,0.0,0.0,0,0.0,0.0,0,27651.00,0.00,0.00,194,12.85,2.70,0.00,0.2,4.998,4.998,4.998,4.998,40
2022-03-09 01:10:22,5.4,11.5,320,0.0,0.0,0,0.0,0.0,0,27971.00,0.00,0.00,158,12.85,2.20,0.00,0.2,4.998,4.998,4.998,4.998,20
2022-03-09 01:11:22,5.6,9.4,357,0.0,0.0,0,0.0,0.0,0,28328.00,0.00,0.00,203,12.85,2.82,0.00,-0.2,4.998,4.998,4.998,4.998,140
2022-03-09 01:12:22,4.8,10.7,419,0.0,0.0,0,0.0,0.0,0,28747.00,0.00,0.00,222,12.85,3.09,0.00,-0.2,4.998,4.998,4.998,4.998,188
2022-03-09 01:13:22,4.0,9.5,322,0.0,0.0,0,0.0,0.0,0,29069.00,0.00,0.00,184,12.85,2.55,0.00,-0.6,4.998,4.998,4.998,4.998,103
2022-03-09 01:14:22,5.9,7.5,326,0.0,0.0,0,0.0,0.0,0,29395.00,0.00,0.00,239,12.85,3.32,0.00,-0.2,4.998,4.998,4.998,4.998,58
2022-03-09 01:15:22,7.4,7.8,244,0.0,0.0,0,0.0,0.0,0,29639.00,0.00,0.00,253,12.85,3.52,0.00,-0.2,4.998,4.998,4.998,4.998,235
2022-03-09 01:16:22,7.7,9.7,361,0.0,0.0,0,0.0,0.0,0,30000.00,0.00,0.00,194,12.81,2.70,0.00,-0.2,4.998,4.998,4.998,4.998,82
2022-03-09 01:17:22,3.0,10.3,392,0.0,0.0,0,0.0,0.0,0,30392.00,0.00,0.00,181,12.85,2.51,0.00,-0.2,4.998,4.998,4.998,4.998,118
2022-03-09 01:18:22,4.7,6.8,278,0.0,0.0,0,0.0,0.0,0,30670.00,0.00,0.00,211,12.81,2.94,0.00,-0.2,4.998,4.998,4.998,4.998,166
2022-03-09 01:19:22,3.0,12.1,452,0.0,0.0,0,0.0,0.0,0,31122.00,0.00,0.00,203,12.85,2.82,0.00,0.2,4.998,4.998,4.998,4.998,168
2022-03-09 01:20:22,11.3,11.3,335,0.0,0.0,0,0.0,0.0,0,31457.00,0.00,0.00,262,12.85,3.65,0.00,-0.2,4.998,4.998,4.998,4.998,98
2022-03-09 01:21:22,2.6,11.6,223,0.0,0.0,0,0.0,0.0,0,31680.00,0.00,0.00,231,12.85,3.21,0.00,-0.2,4.998,4.998,4.998,4.998,149
2022-03-09 01:22:22,7.9,8.7,336,0.0,0.0,0,0.0,0.0,0,32016.00,0.00,0.00,221,12.85,3.07,0.00,-0.2,4.998,4.998,4.998,4.998,68
2022-03-09 01:23:22,7.2,8.9,395,0.0,0.0,0,0.0,0.0,0,32411.00,0.00,0.00,210,12.85,2.92,0.00,-0.2,4.998,4.998,4.998,4.998,223
2022-03-09 01:24:22,9.5,11.7,400,0.0,0.0,0,0.0,0.0,0,32811.00,0.00,0.00,236,12.85,3.28,0.00,0.2,4.998,4.998,4.998,4.998,125
2022-03-09 01:25:22,9.5,9.7,352,0.0,0.0,0,0.0,0.0,0,33163.00,0.00,0.00,237,12.81,3.30,0.00,-0.2,4.998,4.998,4.998,4.998,136
2022-03-09 01:26:22,9.4,11.4,446,0.0,0.0,0,0.0,0.0,0,33609.00,0.00,0.00,236,12.81,3.28,0.00,-0.2,4.998,4.998,4.998,4.998,40
2022-03-09 01:27:22,3.5,9.1,296,0.0,0.0,0,0.0,0.0,0,33905.00,0.00,0.00,209,12.85,2.91,0.00,-0.2,4.998,4.998,4.998,4.998,77
2022-03-09 01:28:22,4.4,8.0,283,0.0,0.0,0,0.0,0.0,0,34188.00,0.00,0.00,193,12.85,2.69,0.00,-0.6,4.998,4.998,4.998,4.998,233
2022-03-09 01:29:22,5.5,10.7,458,0.0,0.0,0,0.0,0.0,0,34646.00,0.00,0.00,201,12.85,2.80,0.00,-0.2,4.998,4.998,4.998,4.998,219
2022-03-09 01:30:22,4.7,9.2,332,0.0,0.0,0,0.0,0.0,0,34978.00,0.00,0.00,209,12.81,2.91,0.00,-0.2,4.998,4.998,4.998,4.998,17
2022-03-09 01:31:22,5.1,7.4,330,0.0,0.0,0,0.0,0.0,0,35308.00,0.00,0.00,192,12.81,2.67,0.00,0.2,4.998,4.998,4.998,4.998,251
2022-03-09 01:32:22,6.8,8.4,308,0.0,0.0,0,0.0,0.0,0,35616.00,0.00,0.00,219,12.81,3.04,0.00,-0.2,4.998,4.998,4.998,4.998,185
2022-03-09 01:33:22,9.3,9.5,400,0.0,0.0,0,0.0,0.0,0,36016.00,0.00,0.00,233,12.81,3.23,0.00,-0.2,4.998,4.998,4.998,4.998,80
2022-03-09 01:34:22,7.6,10.7,441,0.0,0.0,0,0.0,0.0,0,36457.00,0.00,0.00,219,12.85,3.04,0.00,-0.2,4.998,4.998,4.998,4.998,214
2022-03-09 01:35:22,6.7,8.1,256,0.0,0.0,0,0.0,0.0,0,36713.00,0.00,0.00,197,12.85,2.74,0.00,-0.2,4.998,4.998,4.998,4.998,197
2022-03-09 01:36:22,5.4,12.0,443,0.0,0.0,0,0.0,0.0,0,37156.00,0.00,0.00,201,12.81,2.80,0.00,-0.2,4.998,4.998,4.998,4.998,148
2022-03-09 01:37:22,7.1,10.7,469,0.0,0.0,0,0.0,0.0,0,37625.00,0.00,0.00,233,12.81,3.24,0.00,-0.2,4.998,4.998,4.998,4.998,31
2022-03-09 01:38:22,3.3,9.1,330,0.0,0.0,0,0.0,0.0,0,37955.00,0.00,0.00,223,12.81,3.10,0.00,-0.2,4.998,4.998,4.998,4.998,187
2022-03-09 01:39:22,7.4,8.4,351,0.0,0.0,0,0.0,0.0,0,38306.00,0.00,0.00,188,12.85,2.61,0.00,-0.2,4.998,4.998,4.998,4.998,99
2022-03-09 01:40:22,5.1,8.9,382,0.0,0.0,0,0.0,0.0,0,38688.00,0.00,0.00,166,12.85,2.30,0.00,-0.2,4.998,4.998,4.998,4.998,241
2022-03-09 01:41:22,7.7,9.8,412,0.0,0.0,0,0.0,0.0,0,39100.00,0.00,0.00,198,12.81,2.75,0.00,-0.2,4.998,4.998,4.998,4.998,121
2022-03-09 01:42:22,8.6,9.5,367,0.0,0.0,0,0.0,0.0,0,39467.00,0.00,0.00,247,12.81,3.44,0.00,-0.2,4.998,4.998,4.998,4.998,174
2022-03-09 01:43:22,3.8,9.3,339,0.0,0.0,0,0.0,0.0,0,39806.00,0.00,0.00,225,12.81,3.12,0.00,-0.2,4.998,4.998,4.998,4.998,109
2022-03-09 01:44:22,5.5,10.3,333,0.0,0.0,0,0.0,0.0,0,40139.00,0.00,0.00,201,12.81,2.80,0.00,-0.2,4.998,4.998,4.998,4.998,97
2022-03-09 01:45:22,3.5,9.1,339,0.0,0.0,0,0.0,0.0,0,40478.00,0.00,0.00,188,12.81,2.61,0.00,0.2,4.998,4.998,4.998,4.998,146
2022-03-09 01:46:22,5.7,8.1,279,0.0,0.0,0,0.0,0.0,0,40757.00,0.00,0.00,210,12.81,2.92,0.00,0.2,4.998,4.998,4.998,4.998,21
2022-03-09 01:47:22,7.9,9.9,358,0.0,0.0,0,0.0,0.0,0,41115.00,0.00,0.00,242,12.85,3.36,0.00,0.2,4.998,4.998,4.998,4.998,204
2022-03-09 01:48:22,5.7,9.0,374,0.0,0.0,0,0.0,0.0,0,41489.00,0.00,0.00,240,12.85,3.33,0.00,0.2,4.998,4.998,4.998,4.998,225
2022-03-09 01:49:22,1.9,5.5,179,0.0,0.0,0,0.0,0.0,0,41668.00,0.00,0.00,213,12.85,2.96,0.00,0.2,4.998,4.998,4.998,4.998,218
2022-03-09 01:50:22,6.4,6.7,165,0.0,0.0,0,0.0,0.0,0,41833.00,0.00,0.00,260,12.81,3.61,0.00,0.2,4.998,4.998,4.998,4.998,108
2022-03-09 01:51:22,5.2,7.9,281,0.0,0.0,0,0.0,0.0,0,42114.00,0.00,0.00,202,12.81,2.81,0.00,0.2,4.998,4.998,4.998,4.998,111
2022-03-09 01:52:22,3.4,7.6,284,0.0,0.0,0,0.0,0.0,0,42398.00,0.00,0.00,220,12.85,3.05,0.00,-0.2,4.998,4.998,4.998,4.998,219
2022-03-09 01:53:22,4.9,8.7,341,0.0,0.0,0,0.0,0.0,0,42739.00,0.00,0.00,206,12.81,2.86,0.00,-0.2,4.998,4.998,4.998,4.998,124
2022-03-09 01:54:22,6.2,7.2,326,0.0,0.0,0,0.0,0.0,0,43065.00,0.00,0.00,231,12.85,3.21,0.00,-0.2,4.998,4.998,4.998,4.998,131
2022-03-09 01:55:22,5.9,7.3,264,0.0,0.0,0,0.0,0.0,0,43329.00,0.00,0.00,193,12.85,2.68,0.00,-0.2,4.998,4.998,4.998,4.998,109
2022-03-09 01:56:22,5.2,10.7,410,0.0,0.0,0,0.0,0.0,0,43739.00,0.00,0.00,189,12.85,2.62,0.00,-0.2,4.998,4.998,4.998,4.998,219
2022-03-09 01:57:22,7.8,9.9,301,0.0,0.0,0,0.0,0.0,0,44040.00,0.00,0.00,206,12.81,2.86,0.00,-0.2,4.998,4.998,4.998,4.998,114
2022-03-09 01:58:22,3.3,10.1,344,0.0,0.0,0,0.0,0.0,0,44384.00,0.00,0.00,185,12.85,2.57,0.00,0.2,4.998,4.998,4.998,4.998,116
2022-03-09 01:59:22,6.1,7.0,253,0.0,0.0,0,0.0,0.0,0,44637.00,0.00,0.00,209,12.81,2.90,0.00,0.2,4.998,4.998,4.998,4.998,72
2022-03-09 02:00:22,6.3,9.1,342,0.0,0.0,0,0.0,0.0,0,44979.00,0.00,0.00,227,12.81,3.15,0.00,-0.2,4.998,4.998,4.998,4.998,58
2022-03-09 02:01:22,5.6,6.9,269,0.0,0.0,0,0.0,0.0,0,45248.00,0.00,0.00,230,12.81,3.19,0.00,-0.2,4.998,4.998,4.998,4.998,190
2022-03-09 02:02:22,7.3,10.5,473,0.0,0.0,0,0.0,0.0,0,45721.00,0.00,0.00,209,12.81,2.91,0.00,-0.2,4.998,4.998,4.998,4.998,12
2022-03-09 02:03:22,5.0,8.3,351,0.0,0.0,0,0.0,0.0,0,46072.00,0.00,0.00,215,12.81,2.99,0.00,0.2,4.998,4.998,4.998,4.998,226
2022-03-09 02:04:22,4.2,11.8,376,0.0,0.0,0,0.0,0.0,0,46448.00,0.00,0.00,175,12.81,2.44,0.00,0.2,4.998,4.998,4.998,4.998,249
2022-03-09 02:05:22,4.1,7.4,266,0.0,0.0,0,0.0,0.0,0,46714.00,0.00,0.00,181,12.81,2.52,0.00,-0.2,4.998,4.998,4.998,4.998,48
2022-03-09 02:06:22,7.9,11.2,499,0.0,0.0,0,0.0,0.0,0,47213.00,0.00,0.00,214,12.81,2.97,0.00,0.2,4.998,4.998,4.998,4.998,228
2022-03-09 02:07:22,4.6,8.9,395,0.0,0.0,0,0.0,0.0,0,47608.00,0.00,0.00,243,12.81,3.37,0.00,-0.2,4.998,4.998,4.998,4.998,186
2022-03-09 02:08:22,5.7,6.7,315,0.0,0.0,0,0.0,0.0,0,47923.00,0.00,0.00,234,12.81,3.25,0.00,-0.2,4.998,4.998,4.998,4.998,129
2022-03-09 02:09:22,6.3,7.7,331,0.0,0.0,0,0.0,0.0,0,48254.00,0.00,0.00,219,12.81,3.04,0.00,-0.2,4.998,4.998,4.998,4.998,249
2022-03-09 02:10:22,3.6,8.2,233,0.0,0.0,0,0.0,0.0,0,48487.00,0.00,0.00,210,12.81,2.91,0.00,0.2,4.998,4.998,4.998,4.998,247
2022-03-09 02:11:22,7.1,9.9,382,0.0,0.0,0,0.0,0.0,0,48869.00,0.00,0.00,193,12.81,2.68,0.00,-0.2,4.998,4.998,4.998,4.998,15
2022-03-09 02:12:22,5.6,9.6,416,0.0,0.0,0,0.0,0.0,0,49285.00,0.00,0.00,187,12.81,2.59,0.00,-0.2,4.998,4.998,4.998,4.998,94
2022-03-09 02:13:22,7.1,7.5,277,0.0,0.0,0,0.0,0.0,0,49562.00,0.00,0.00,207,12.81,2.88,0.00,-0.2,4.998,4.998,4.998,4.998,15
2022-03-09 02:14:22,3.3,8.2,287,0.0,0.0,0,0.0,0.0,0,49849.00,0.00,0.00,226,12.81,3.14,0.00,-0.2,4.998,4.998,4.998,4.998,130
2022-03-09 02:15:22,2.9,5.8,183,0.0,0.0,0,0.0,0.0,0,50032.00,0.00,0.00,208,12.81,2.89,0.00,-0.2,4.998,4.998,4.998,4.998,198
2022-03-09 02:16:22,6.2,8.3,302,0.0,0.0,0,0.0,0.0,0,50334.00,0.00,0.00,246,12.81,3.41,0.00,-0.2,4.998,4.998,4.998,4.998,171
2022-03-09 02:17:22,5.0,8.5,374,0.0,0.0,0,0.0,0.0,0,50708.00,0.00,0.00,176,12.81,2.44,0.00,-0.2,4.998,4.998,4.998,4.998,221
2022-03-09 02:18:22,7.4,10.1,398,0.0,0.0,0,0.0,0.0,0,51106.00,0.00,0.00,243,12.81,3.37,0.00,0.2,4.998,4.998,4.998,4.998,231
2022-03-09 02:19:22,6.4,7.7,286,0.0,0.0,0,0.0,0.0,0,51392.00,0.00,0.00,202,12.81,2.80,0.00,-0.6,4.998,4.998,4.998,4.998,131
2022-03-09 02:20:22,3.5,7.5,302,0.0,0.0,0,0.0,0.0,0,51694.00,0.00,0.00,223,12.81,3.11,0.00,-0.2,4.998,4.998,4.998,4.998,79
2022-03-09 02:21:22,3.8,5.2,194,0.0,0.0,0,0.0,0.0,0,51888.00,0.00,0.00,229,12.81,3.18,0.00,-0.2,4.998,4.998,4.998,4.998,119
2022-03-09 02:22:22,3.6,5.8,216,0.0,0.0,0,0.0,0.0,0,52104.00,0.00,0.00,229,12.81,3.19,0.00,-0.2,4.998,4.998,4.998,4.998,230
2022-03-09 02:23:22,2.8,5.5,232,0.0,0.0,0,0.0,0.0,0,52336.00,0.00,0.00,225,12.81,3.13,0.00,-0.2,4.998,4.998,4.998,4.998,49
2022-03-09 02:24:22,5.7,6.5,292,0.0,0.0,0,0.0,0.0,0,52628.00,0.00,0.00,226,12.81,3.13,0.00,-0.2,4.998,4.998,4.998,4.998,87
2022-03-09 02:25:22,5.4,10.3,354,0.0,0.0,0,0.0,0.0,0,52982.00,0.00,0.00,196,12.81,2.72,0.00,-0.2,4.998,4.998,4.998,4.998,94
2022-03-09 02:26:22,8.0,8.3,314,0.0,0.0,0,0.0,0.0,0,53296.00,0.00,0.00,181,12.81,2.51,0.00,-0.2,4.998,4.998,4.998,4.998,26
2022-03-09 02:27:22,5.4,8.9,419,0.0,0.0,0,0.0,0.0,0,53715.00,0.00,0.00,208,12.81,2.89,0.00,-0.2,4.998,4.998,4.998,4.998,6
2022-03-09 02:28:22,6.5,8.1,309,0.0,0.0,0,0.0,0.0,0,54024.00,0.00,0.00,238,12.81,3.31,0.00,-0.2,4.998,4.998,4.998,4.998,166
2022-03-09 02:29:22,3.0,8.1,310,0.0,0.0,0,0.0,0.0,0,54334.00,0.00,0.00,227,12.81,3.16,0.00,-0.2,4.998,4.998,4.998,4.998,215
2022-03-09 02:30:22,4.2,6.8,243,0.0,0.0,0,0.0,0.0,0,54577.00,0.00,0.00,224,12.81,3.11,0.00,-0.2,4.998,4.998,4.998,4.998,70
2022-03-09 02:31:22,5.2,10.1,325,0.0,0.0,0,0.0,0.0,0,54902.00,0.00,0.00,227,12.81,3.16,0.00,-0.2,4.998,4.998,4.998,4.998,88
2022-03-09 02:32:22,5.1,12.2,446,0.0,0.0,0,0.0,0.0,0,55348.00,0.00,0.00,236,12.81,3.28,0.00,-0.2,4.998,4.998,4.998,4.998,141
2022-03-09 02:33:22,5.0,6.5,314,0.0,0.0,0,0.0,0.0,0,55662.00,0.00,0.00,221,12.81,3.08,0.00,-0.6,4.998,4.998,4.998,4.998,243
2022-03-09 02:34:22,6.8,10.1,392,0.0,0.0,0,0.0,0.0,0,56054.00,0.00,0.00,192,12.81,2.67,0.00,-0.2,4.998,4.998,4.998,4.998,40
2022-03-09 02:35:22,6.2,8.8,388,0.0,0.0,0,0.0,0.0,0,56442.00,0.00,0.00,191,12.77,2.66,0.00,-0.2,4.998,4.998,4.998,4.998,55
2022-03-09 02:36:22,7.4,10.6,447,0.0,0.0,0,0.0,0.0,0,56889.00,0.00,0.00,209,12.81,2.91,0.00,-0.2,4.998,4.998,4.998,4.998,145
2022-03-09 02:37:22,5.1,8.0,317,0.0,0.0,0,0.0,0.0,0,57206.00,0.00,0.00,194,12.81,2.70,0.00,-0.2,4.998,4.998,4.998,4.998,244
2022-03-09 02:38:22,5.7,7.4,314,0.0,0.0,0,0.0,0.0,0,57520.00,0.00,0.00,189,12.81,2.63,0.00,-0.2,4.998,4.998,4.998,4.998,70
2022-03-09 02:39:22,8.8,9.3,347,0.0,0.0,0,0.0,0.0,0,57867.00,0.00,0.00,243,12.81,3.37,0.00,-0.2,4.998,4.998,4.998,4.998,135
2022-03-09 02:40:22,5.6,10.4,433,0.0,0.0,0,0.0,0.0,0,58300.00,0.00,0.00,244,12.81,3.39,0.00,-0.2,4.998,4.998,4.998,4.998,202
2022-03-09 02:41:22,7.6,13.5,420,0.0,0.0,0,0.0,0.0,0,58720.00,0.00,0.00,202,12.81,2.81,0.00,-0.2,4.998,4.998,4.998,4.998,95
2022-03-09 02:42:22,6.4,9.0,300,0.0,0.0,0,0.0,0.0,0,59020.00,0.00,0.00,240,12.81,3.33,0.00,-0.2,4.998,4.998,4.998,4.998,15
2022-03-09 02:43:22,5.3,9.7,378,0.0,0.0,0,0.0,0.0,0,59398.00,0.00,0.00,229,12.81,3.18,0.00,-0.2,4.998,4.998,4.998,4.998,4
2022-03-09 02:44:22,6.4,12.1,358,0.0,0.0,0,0.0,0.0,0,59756.00,0.00,0.00,229,12.81,3.18,0.00,-0.2,4.998,4.998,4.998,4.998,39
2022-03-09 02:45:22,5.6,10.3,459,0.0,0.0,0,0.0,0.0,0,60215.00,0.00,0.00,229,12.81,3.18,0.00,-0.2,4.998,4.998,4.998,4.998,188
2022-03-09 02:46:22,9.4,9.4,362,0.0,0.0,0,0.0,0.0,0,60577.00,0.00,0.00,266,12.81,3.70,0.00,-0.2,4.998,4.998,4.998,4.998,255
2022-03-09 02:47:22,8.0,10.3,465,0.0,0.0,0,0.0,0.0,0,61042.00,0.00,0.00,208,12.77,2.90,0.00,0.2,4.998,4.998,4.998,4.998,168
2022-03-09 02:48:22,11.1,13.4,521,0.0,0.0,0,0.0,0.0,0,61563.00,0.00,0.00,233,12.77,3.23,0.00,0.2,4.998,4.998,4.998,4.998,149
2022-03-09 02:49:22,9.1,11.5,316,0.0,0.0,0,0.0,0.0,0,61879.00,0.00,0.00,214,12.77,2.98,0.00,-0.2,4.998,4.998,4.998,4.998,244
2022-03-09 02:50:22,7.6,11.5,415,0.0,0.0,0,0.0,0.0,0,62294.00,0.00,0.00,220,12.77,3.06,0.00,0.2,4.998,4.998,4.998,4.998,10
2022-03-09 02:51:22,4.7,9.4,346,0.0,0.0,0,0.0,0.0,0,62640.00,0.00,0.00,225,12.81,3.13,0.00,-0.2,4.998,4.998,4.998,4.998,48
2022-03-09 02:52:22,8.4,9.3,290,0.0,0.0,0,0.0,0.0,0,62930.00,0.00,0.00,200,12.77,2.78,0.00,-0.2,4.998,4.998,4.998,4.998,109
2022-03-09 02:53:22,3.7,9.0,262,0.0,0.0,0,0.0,0.0,0,63192.00,0.00,0.00,226,12.81,3.14,0.00,-0.2,4.998,4.998,4.998,4.998,230
2022-03-09 02:54:22,4.6,9.9,344,0.0,0.0,0,0.0,0.0,0,63536.00,0.00,0.00,211,12.81,2.93,0.00,0.2,4.998,4.998,4.998,4.998,255
2022-03-09 02:55:22,7.3,8.4,334,0.0,0.0,0,0.0,0.0,0,63870.00,0.00,0.00,184,12.81,2.56,0.00,0.2,4.998,4.998,4.998,4.998,154
2022-03-09 02:56:22,3.8,7.7,340,0.0,0.0,0,0.0,0.0,0,64210.00,0.00,0.00,208,12.81,2.90,0.00,0.2,4.998,4.998,4.998,4.998,142
2022-03-09 02:57:22,5.7,8.9,336,0.0,0.0,0,0.0,0.0,0,64546.00,0.00,0.00,168,12.77,2.33,0.00,-0.2,4.998,4.998,4.998,4.998,33
2022-03-09 02:58:22,3.2,13.5,426,0.0,0.0,0,0.0,0.0,0,64972.00,0.00,0.00,220,12.81,3.05,0.00,-0.2,4.998,4.998,4.998,4.998,240
2022-03-09 02:59:22,2.9,12.9,407,0.0,0.0,0,0.0,0.0,0,65379.00,0.00,0.00,225,12.77,3.12,0.00,0.2,4.998,4.998,4.998,4.998,209
2022-03-09 03:00:22,3.9,8.1,325,0.0,0.0,0,0.0,0.0,0,65704.00,0.00,0.00,216,12.77,3.00,0.00,0.2,4.998,4.998,4.998,4.998,80
2022-03-09 03:01:22,6.6,9.7,388,0.0,0.0,0,0.0,0.0,0,66092.00,0.00,0.00,211,12.81,2.94,0.00,-0.2,4.998,4.998,4.998,4.998,131
2022-03-09 03:02:22,6.4,8.5,337,0.0,0.0,0,0.0,0.0,0,66429.00,0.00,0.00,198,12.77,2.75,0.00,0.2,4.998,4.998,4.998,4.998,1
2022-03-09 03:03:22,4.7,9.0,308,0.0,0.0,0,0.0,0.0,0,66737.00,0.00,0.00,241,12.77,3.34,0.00,-0.2,4.998,4.998,4.998,4.998,238
2022-03-09 03:04:22,6.0,11.3,398,0.0,0.0,0,0.0,0.0,0,67135.00,0.00,0.00,220,12.77,3.05,0.00,-0.2,4.998,4.998,4.998,4.998,185
2022-03-09 03:05:22,3.1,10.6,361,0.0,0.0,0,0.0,0.0,0,67496.00,0.00,0.00,196,12.81,2.72,0.00,0.2,4.998,4.998,4.998,4.998,231
2022-03-09 03:06:22,4.7,7.2,306,0.0,0.0,0,0.0,0.0,0,67802.00,0.00,0.00,223,12.81,3.10,0.00,0.2,4.998,4.998,4.998,4.998,56
2022-03-09 03:07:22,4.8,5.7,146,0.0,0.0,0,0.0,0.0,0,67948.00,0.00,0.00,222,12.81,3.08,0.00,0.2,4.998,4.998,4.998,4.998,190
2022-03-09 03:08:22,5.5,5.5,217,0.0,0.0,0,0.0,0.0,0,68165.00,0.00,0.00,181,12.81,2.51,0.00,-0.2,4.998,4.998,4.998,4.998,184
2022-03-09 03:09:22,3.6,7.6,223,0.0,0.0,0,0.0,0.0,0,68388.00,0.00,0.00,208,12.81,2.89,0.00,-0.2,4.998,4.998,4.998,4.998,217
2022-03-09 03:10:22,6.7,11.2,364,0.0,0.0,0,0.0,0.0,0,68752.00,0.00,0.00,206,12.77,2.87,0.00,0.2,4.998,4.998,4.998,4.998,116
2022-03-09 03:11:22,8.9,9.1,404,0.0,0.0,0,0.0,0.0,0,69156.00,0.00,0.00,242,12.77,3.37,0.00,0.2,4.998,4.998,4.998,4.998,136
2022-03-09 03:12:22,3.8,10.4,364,0.0,0.0,0,0.0,0.0,0,69520.00,0.00,0.00,217,12.81,3.01,0.00,0.2,4.998,4.998,4.998,4.998,252
2022-03-09 03:13:22,5.4,8.4,274,0.0,0.0,0,0.0,0.0,0,69794.00,0.00,0.00,236,12.81,3.28,0.00,0.2,4.998,4.998,4.998,4.998,194
2022-03-09 03:14:22,8.3,12.4,523,0.0,0.0,0,0.0,0.0,0,70317.00,0.00,0.00,190,12.77,2.64,0.00,0.2,4.998,4.998,4.998,4.998,170
2022-03-09 03:15:22,5.7,10.7,413,0.0,0.0,0,0.0,0.0,0,70730.00,0.00,0.00,245,12.77,3.40,0.00,0.7,4.998,4.998,4.998,4.998,86
2022-03-09 03:16:22,2.4,6.5,259,0.0,0.0,0,0.0,0.0,0,70989.00,0.00,0.00,229,12.81,3.19,0.00,0.2,4.998,4.998,4.998,4.998,221
2022-03-09 03:17:22,3.6,6.2,208,0.0,0.0,0,0.0,0.0,0,71197.00,0.00,0.00,218,12.81,3.03,0.00,-0.2,4.998,4.998,4.998,4.998,131
2022-03-09 03:18:22,3.8,7.5,300,0.0,0.0,0,0.0,0.0,0,71497.00,0.00,0.00,221,12.77,3.07,0.00,0.2,4.998,4.998,4.998,4.998,199
2022-03-09 03:19:22,7.6,10.8,327,0.0,0.0,0,0.0,0.0,0,71824.00,0.00,0.00,228,12.81,3.17,0.00,-0.2,4.998,4.998,4.998,4.998,28
2022-03-09 03:20:22,6.3,11.8,433,0.0,0.0,0,0.0,0.0,0,72257.00,0.00,0.00,223,12.77,3.10,0.00,0.2,4.998,4.998,4.998,4.998,167
2022-03-09 03:21:22,4.7,9.8,389,0.0,0.0,0,0.0,0.0,0,72646.00,0.00,0.00,218,12.81,3.03,0.00,-0.2,4.998,4.998,4.998,4.998,104
2022-03-09 03:22:22,6.7,11.8,404,0.0,0.0,0,0.0,0.0,0,73050.00,0.00,0.00,174,12.81,2.41,0.00,0.2,4.998,4.998,4.998,4.998,48
2022-03-09 03:23:22,4.8,13.7,519,0.0,0.0,0,0.0,0.0,0,73569.00,0.00,0.00,232,12.77,3.23,0.00,0.2,4.998,4.998,4.998,4.998,143
2022-03-09 03:24:22,7.0,9.0,324,0.0,0.0,0,0.0,0.0,0,73893.00,0.00,0.00,233,12.77,3.24,0.00,0.2,4.998,4.998,4.998,4.998,241
2022-03-09 03:25:22,7.5,10.2,452,0.0,0.0,0,0.0,0.0,0,74345.00,0.00,0.00,221,12.81,3.07,0.00,0.2,4.998,4.998,4.998,4.998,89
2022-03-09 03:26:22,4.5,14.3,526,0.0,0.0,0,0.0,0.0,0,74871.00,0.00,0.00,142,12.81,1.98,0.00,-0.2,4.998,4.998,4.998,4.998,195
2022-03-09 03:27:22,6.0,8.1,309,0.0,0.0,0,0.0,0.0,0,75180.00,0.00,0.00,223,12.81,3.10,0.00,0.2,4.998,4.998,4.998,4.998,11
2022-03-09 03:28:22,5.8,8.4,341,0.0,0.0,0,0.0,0.0,0,75521.00,0.00,0.00,233,12.77,3.23,0.00,0.2,4.998,4.998,4.998,4.998,234
2022-03-09 03:29:22,4.3,7.1,280,0.0,0.0,0,0.0,0.0,0,75801.00,0.00,0.00,211,12.77,2.93,0.00,-0.2,4.998,4.998,4.998,4.998,190
2022-03-09 03:30:22,6.4,7.7,295,0.0,0.0,0,0.0,0.0,0,76096.00,0.00,0.00,206,12.77,2.86,0.00,0.2,4.998,4.998,4.998,4.998,188
2022-03-09 03:31:22,7.6,10.7,404,0.0,0.0,0,0.0,0.0,0,76500.00,0.00,0.00,193,12.77,2.69,0.00,-0.2,4.998,4.998,4.998,4.998,71
2022-03-09 03:32:22,7.5,9.0,363,0.0,0.0,0,0.0,0.0,0,76863.00,0.00,0.00,239,12.77,3.33,0.00,-0.2,4.998,4.998,4.998,4.998,120
2022-03-09 03:33:22,2.7,8.8,332,0.0,0.0,0,0.0,0.0,0,77195.00,0.00,0.00,283,12.81,3.93,0.00,0.2,4.998,4.998,4.998,4.998,109
2022-03-09 03:34:22,5.9,9.4,298,0.0,0.0,0,0.0,0.0,0,77493.00,0.00,0.00,195,12.77,2.71,0.00,-0.2,4.998,4.998,4.998,4.998,175
2022-03-09 03:35:22,5.8,9.6,408,0.0,0.0,0,0.0,0.0,0,77901.00,0.00,0.00,213,12.81,2.95,0.00,-0.2,4.998,4.998,4.998,4.998,114
2022-03-09 03:36:22,5.3,7.3,294,0.0,0.0,0,0.0,0.0,0,78195.00,0.00,0.00,200,12.77,2.78,0.00,0.2,4.998,4.998,4.998,4.998,211
2022-03-09 03:37:22,5.4,6.1,248,0.0,0.0,0,0.0,0.0,0,78443.00,0.00,0.00,262,12.77,3.64,0.00,-0.2,4.998,4.998,4.998,4.998,3
2022-03-09 03:38:22,5.8,9.6,332,0.0,0.0,0,0.0,0.0,0,78775.00,0.00,0.00,215,12.77,2.98,0.00,-0.2,4.998,4.998,4.998,4.998,126
2022-03-09 03:39:22,5.6,9.8,462,0.0,0.0,0,0.0,0.0,0,79237.00,0.00,0.00,217,12.77,3.02,0.00,0.2,4.998,4.998,4.998,4.998,38
2022-03-09 03:40:22,5.7,8.6,328,0.0,0.0,0,0.0,0.0,0,79565.00,0.00,0.00,172,12.77,2.39,0.00,-0.2,4.998,4.998,4.998,4.998,112
2022-03-09 03:41:22,4.9,5.9,273,0.0,0.0,0,0.0,0.0,0,79838.00,0.00,0.00,204,12.77,2.83,0.00,-0.2,4.998,4.998,4.998,4.998,143
2022-03-09 03:42:22,5.2,12.9,449,0.0,0.0,0,0.0,0.0,0,80287.00,0.00,0.00,203,12.81,2.83,0.00,-0.2,4.998,4.998,4.998,4.998,59
2022-03-09 03:43:22,7.6,9.5,310,0.0,0.0,0,0.0,0.0,0,80597.00,0.00,0.00,248,12.81,3.45,0.00,-0.2,4.998,4.998,4.998,4.998,106
2022-03-09 03:44:22,4.7,8.2,286,0.0,0.0,0,0.0,0.0,0,80883.00,0.00,0.00,215,12.77,2.99,0.00,0.2,4.998,4.998,4.998,4.998,145
2022-03-09 03:45:22,4.0,7.4,272,0.0,0.0,0,0.0,0.0,0,81155.00,0.00,0.00,201,12.77,2.80,0.00,-0.2,4.998,4.998,4.998,4.998,88
2022-03-09 03:46:22,4.9,7.6,314,0.0,0.0,0,0.0,0.0,0,81469.00,0.00,0.00,200,12.77,2.78,0.00,-0.2,4.998,4.998,4.998,4.998,239
2022-03-09 03:47:22,6.1,7.0,304,0.0,0.0,0,0.0,0.0,0,81773.00,0.00,0.00,189,12.77,2.62,0.00,-0.2,4.998,4.998,4.998,4.998,10
2022-03-09 03:48:22,5.9,9.2,353,0.0,0.0,0,0.0,0.0,0,82126.00,0.00,0.00,204,12.77,2.84,0.00,-0.2,4.998,4.998,4.998,4.998,44
2022-03-09 03:49:22,4.2,6.6,294,0.0,0.0,0,0.0,0.0,0,82420.00,0.00,0.00,219,12.77,3.05,0.00,0.2,4.998,4.998,4.998,4.998,172
2022-03-09 03:50:22,10.6,10.7,311,0.0,0.0,0,0.0,0.0,0,82731.00,0.00,0.00,198,12.77,2.75,0.00,-0.2,4.998,4.998,4.998,4.998,197
2022-03-09 03:51:22,7.1,10.6,419,0.0,0.0,0,0.0,0.0,0,83150.00,0.00,0.00,188,12.77,2.61,0.00,-0.2,4.998,4.998,4.998,4.998,96
2022-03-09 03:52:22,6.3,10.6,474,0.0,0.0,0,0.0,0.0,0,83624.00,0.00,0.00,198,12.77,2.75,0.00,0.2,4.998,4.998,4.998,4.998,168
2022-03-09 03:53:22,5.2,6.7,269,0.0,0.0,0,0.0,0.0,0,83893.00,0.00,0.00,203,12.77,2.82,0.00,-0.2,4.998,4.998,4.998,4.998,250
2022-03-09 03:54:22,7.3,9.6,395,0.0,0.0,0,0.0,0.0,0,84288.00,0.00,0.00,230,12.77,3.20,0.00,-0.2,4.998,4.998,4.998,4.998,27
2022-03-09 03:55:22,4.4,7.5,318,0.0,0.0,0,0.0,0.0,0,84606.00,0.00,0.00,214,12.77,2.97,0.00,-0.2,4.998,4.998,4.998,4.998,247
2022-03-09 03:56:22,2.5,8.5,266,0.0,0.0,0,0.0,0.0,0,84872.00,0.00,0.00,218,12.77,3.03,0.00,-0.2,4.998,4.998,4.998,4.998,34
2022-03-09 03:57:22,5.2,5.8,207,0.0,0.0,0,0.0,0.0,0,85079.00,0.00,0.00,225,12.77,3.13,0.00,-0.2,4.998,4.998,4.998,4.998,62
2022-03-09 03:58:22,4.2,7.8,292,0.0,0.0,0,0.0,0.0,0,85371.00,0.00,0.00,220,12.77,3.06,0.00,-0.2,4.998,4.998,4.998,4.998,244
2022-03-09 03:59:22,3.5,6.9,270,0.0,0.0,0,0.0,0.0,0,85641.00,0.00,0.00,197,12.77,2.74,0.00,-0.2,4.998,4.998,4.998,4.998,208
2022-03-09 04:00:22,8.2,8.8,326,0.0,0.0,0,0.0,0.0,0,85967.00,0.00,0.00,207,12.77,2.88,0.00,-0.2,4.998,4.998,4.998,4.998,101
2022-03-09 04:01:22,6.9,15.9,584,0.0,0.0,0,0.0,0.0,0,86551.00,0.00,0.00,203,12.77,2.82,0.00,-0.2,4.998,4.998,4.998,4.998,130
2022-03-09 04:02:22,4.7,8.9,378,0.0,0.0,0,0.0,0.0,0,86929.00,0.00,0.00,224,12.77,3.11,0.00,-0.2,4.998,4.998,4.998,4.998,188
2022-03-09 04:03:22,4.7,8.5,299,0.0,0.0,0,0.0,0.0,0,87228.00,0.00,0.00,195,12.77,2.71,0.00,0.2,4.998,4.998,4.998,4.998,103
2022-03-09 04:04:22,3.4,9.4,331,0.0,0.0,0,0.0,0.0,0,87559.00,0.00,0.00,224,12.77,3.12,0.00,0.2,4.998,4.998,4.998,4.998,94
2022-03-09 04:05:22,6.5,8.5,264,0.0,0.0,0,0.0,0.0,0,87823.00,0.00,0.00,227,12.77,3.16,0.00,-0.2,4.998,4.998,4.998,4.998,140
2022-03-09 04:06:22,4.2,10.1,347,0.0,0.0,0,0.0,0.0,0,88170.00,0.00,0.00,200,12.77,2.77,0.00,-0.6,4.998,4.998,4.998,4.998,62
2022-03-09 04:07:22,3.3,11.0,330,0.0,0.0,0,0.0,0.0,0,88500.00,0.00,0.00,223,12.77,3.10,0.00,-0.6,4.998,4.998,4.998,4.998,253
2022-03-09 04:08:22,4.3,9.0,361,0.0,0.0,0,0.0,0.0,0,88861.00,0.00,0.00,210,12.77,2.91,0.00,0.2,4.998,4.998,4.998,4.998,191
2022-03-09 04:09:22,4.8,5.9,243,0.0,0.0,0,0.0,0.0,0,89104.00,0.00,0.00,235,12.77,3.27,0.00,-0.6,4.998,4.998,4.998,4.998,82
2022-03-09 04:10:22,4.6,10.8,410,0.0,0.0,0,0.0,0.0,0,89514.00,0.00,0.00,236,12.77,3.29,0.00,-0.2,4.998,4.998,4.998,4.998,208
2022-03-09 04:11:22,4.3,5.3,230,0.0,0.0,0,0.0,0.0,0,89744.00,0.00,0.00,185,12.77,2.57,0.00,-0.2,4.998,4.998,4.998,4.998,195
2022-03-09 04:12:22,9.4,11.1,346,0.0,0.0,0,0.0,0.0,0,90090.00,0.00,0.00,221,12.77,3.07,0.00,-0.2,4.998,4.998,4.998,4.998,181
2022-03-09 04:13:22,3.9,10.4,414,0.0,0.0,0,0.0,0.0,0,90504.00,0.00,0.00,222,12.77,3.08,0.00,-0.2,4.998,4.998,4.998,4.998,138
2022-03-09 04:14:22,4.4,9.5,330,0.0,0.0,0,0.0,0.0,0,90834.00,0.00,0.00,193,12.77,2.68,0.00,-0.2,4.998,4.998,4.998,4.998,138
2022-03-09 04:15:22,3.6,10.7,346,0.0,0.0,0,0.0,0.0,0,91180.00,0.00,0.00,207,12.77,2.88,0.00,-0.2,4.998,4.998,4.998,4.998,210
2022-03-09 04:16:22,1.9,5.2,166,0.0,0.0,0,0.0,0.0,0,91346.00,0.00,0.00,214,12.77,2.97,0.00,-0.6,4.998,4.998,4.998,4.998,132
2022-03-09 04:17:22,7.3,7.6,269,0.0,0.0,0,0.0,0.0,0,91615.00,0.00,0.00,265,12.77,3.69,0.00,-0.2,4.998,4.998,4.998,4.998,101
2022-03-09 04:18:22,3.7,7.4,341,0.0,0.0,0,0.0,0.0,0,91956.00,0.00,0.00,223,12.77,3.10,0.00,-0.2,4.998,4.998,4.998,4.998,121
2022-03-09 04:19:22,4.6,6.1,229,0.0,0.0,0,0.0,0.0,0,92185.00,0.00,0.00,220,12.77,3.06,0.00,-0.2,4.998,4.998,4.998,4.998,96
2022-03-09 04:20:22,4.0,10.9,312,0.0,0.0,0,0.0,0.0,0,92497.00,0.00,0.00,209,12.77,2.91,0.00,-0.2,4.998,4.998,4.998,4.998,146
2022-03-09 04:21:22,4.9,7.0,262,0.0,0.0,0,0.0,0.0,0,92759.00,0.00,0.00,205,12.77,2.85,0.00,-0.2,4.998,4.998,4.998,4.998,49
2022-03-09 04:22:22,4.3,6.5,247,0.0,0.0,0,0.0,0.0,0,93006.00,0.00,0.00,220,12.77,3.05,0.00,-0.2,4.998,4.998,4.998,4.998,95
2022-03-09 04:23:22,4.6,7.8,332,0.0,0.0,0,0.0,0.0,0,93338.00,0.00,0.00,222,12.77,3.09,0.00,-0.2,4.998,4.998,4.998,4.998,151
2022-03-09 04:24:22,7.1,8.8,375,0.0,0.0,0,0.0,0.0,0,93713.00,0.00,0.00,219,12.77,3.05,0.00,-0.2,4.998,4.998,4.998,4.998,64
2022-03-09 04:25:22,6.1,13.1,481,0.0,0.0,0,0.0,0.0,0,94194.00,0.00,0.00,186,12.77,2.58,0.00,-0.2,4.998,4.998,4.998,4.998,119
2022-03-09 04:26:22,5.4,10.7,451,0.0,0.0,0,0.0,0.0,0,94645.00,0.00,0.00,198,12.77,2.75,0.00,-0.2,4.998,4.998,4.998,4.998,209
2022-03-09 04:27:22,8.1,10.8,444,0.0,0.0,0,0.0,0.0,0,95089.00,0.00,0.00,201,12.73,2.80,0.00,-0.2,4.998,4.998,4.998,4.998,223
2022-03-09 04:28:22,4.3,10.9,464,0.0,0.0,0,0.0,0.0,0,95553.00,0.00,0.00,222,12.77,3.09,0.00,0.2,4.998,4.998,4.998,4.998,185
2022-03-09 04:29:22,9.3,12.2,413,0.0,0.0,0,0.0,0.0,0,95966.00,0.00,0.00,202,12.77,2.80,0.00,0.2,4.998,4.998,4.998,4.998,150
2022-03-09 04:30:22,4.8,11.0,420,0.0,0.0,0,0.0,0.0,0,96386.00,0.00,0.00,228,12.77,3.17,0.00,-0.2,4.998,4.998,4.998,4.998,149
2022-03-09 04:31:22,6.5,6.5,289,0.0,0.0,0,0.0,0.0,0,96675.00,0.00,0.00,233,12.77,3.24,0.00,0.2,4.998,4.998,4.998,4.998,76
2022-03-09 04:32:22,5.3,12.5,466,0.0,0.0,0,0.0,0.0,0,97141.00,0.00,0.00,223,12.77,3.11,0.00,-0.2,4.998,4.998,4.998,4.998,95
2022-03-09 04:33:22,5.0,8.5,391,0.0,0.0,0,0.0,0.0,0,97532.00,0.00,0.00,204,12.73,2.84,0.00,-0.2,4.998,4.998,4.998,4.998,20
2022-03-09 04:34:22,4.9,8.7,330,0.0,0.0,0,0.0,0.0,0,97862.00,0.00,0.00,223,12.77,3.11,0.00,-0.2,4.998,4.998,4.998,4.998,146
2022-03-09 04:35:22,4.6,6.6,235,0.0,0.0,0,0.0,0.0,0,98097.00,0.00,0.00,228,12.73,3.17,0.00,-0.2,4.998,4.998,4.998,4.998,246
2022-03-09 04:36:22,4.4,10.1,320,0.0,0.0,0,0.0,0.0,0,98417.00,0.00,0.00,231,12.73,3.21,0.00,-0.2,4.998,4.998,4.998,4.998,169
2022-03-09 04:37:22,8.3,9.2,352,0.0,0.0,0,0.0,0.0,0,98769.00,0.00,0.00,222,12.77,3.08,0.00,-0.2,4.998,4.998,4.998,4.998,89
2022-03-09 04:38:22,4.5,8.9,336,0.0,0.0,0,0.0,0.0,0,99105.00,0.00,0.00,227,12.77,3.15,0.00,-0.6,4.998,4.998,4.998,4.998,84
2022-03-09 04:39:22,10.1,10.8,296,0.0,0.0,0,0.0,0.0,0,99401.00,0.00,0.00,242,12.77,3.36,0.00,-0.2,4.998,4.998,4.998,4.998,92
2022-03-09 04:40:22,4.5,9.4,385,0.0,0.0,0,0.0,0.0,0,99786.00,0.00,0.00,214,12.77,2.97,0.00,0.2,4.998,4.998,4.998,4.998,241
2022-03-09 04:41:22,6.5,8.3,368,0.0,0.0,0,0.0,0.0,0,100154.00,0.00,0.00,202,12.77,2.81,0.00,-0.2,4.998,4.998,4.998,4.998,219
2022-03-09 04:42:22,8.4,9.4,329,0.0,0.0,0,0.0,0.0,0,100483.00,0.00,0.00,220,12.77,3.05,0.00,-0.6,4.998,4.998,4.998,4.998,156
2022-03-09 04:43:22,5.0,10.5,441,0.0,0.0,0,0.0,0.0,0,100924.00,0.00,0.00,217,12.77,3.01,0.00,0.2,4.998,4.998,4.998,4.998,90
2022-03-09 04:44:22,4.9,6.2,274,0.0,0.0,0,0.0,0.0,0,101198.00,0.00,0.00,227,12.73,3.15,0.00,-0.2,4.998,4.998,4.998,4.998,129
2022-03-09 04:45:22,3.8,8.6,373,0.0,0.0,0,0.0,0.0,0,101571.00,0.00,0.00,217,12.77,3.01,0.00,-0.2,4.998,4.998,4.998,4.998,238
2022-03-09 04:46:22,4.8,7.7,328,0.0,0.0,0,0.0,0.0,0,101899.00,0.00,0.00,238,12.73,3.30,0.00,-0.2,4.998,4.998,4.998,4.998,140
2022-03-09 04:47:22,5.0,7.4,309,0.0,0.0,0,0.0,0.0,0,102208.00,0.00,0.00,233,12.77,3.23,0.00,-0.6,4.998,4.998,4.998,4.998,16
2022-03-09 04:48:22,4.0,6.2,273,0.0,0.0,0,0.0,0.0,0,102481.00,0.00,0.00,207,12.77,2.87,0.00,-0.6,4.998,4.998,4.998,4.998,253
2022-03-09 04:49:22,3.4,6.2,238,0.0,0.0,0,0.0,0.0,0,102719.00,0.00,0.00,226,12.73,3.14,0.00,-0.2,4.998,4.998,4.998,4.998,99
2022-03-09 04:50:22,4.2,5.8,209,0.0,0.0,0,0.0,0.0,0,102928.00,0.00,0.00,181,12.77,2.51,0.00,-0.2,4.998,4.998,4.998,4.998,70
2022-03-09 04:51:22,5.4,7.2,282,0.0,0.0,0,0.0,0.0,0,103210.00,0.00,0.00,240,12.77,3.33,0.00,-0.6,4.998,4.998,4.998,4.998,196
2022-03-09 04:52:22,3.2,6.5,250,0.0,0.0,0,0.0,0.0,0,103460.00,0.00,0.00,203,12.77,2.82,0.00,-0.6,4.998,4.998,4.998,4.998,57
2022-03-09 04:53:22,3.3,3.6,95,0.0,0.0,0,0.0,0.0,0,103555.00,0.00,0.00,203,12.73,2.82,0.00,-0.6,4.998,4.998,4.998,4.998,110
2022-03-09 04:54:22,5.4,5.5,248,0.0,0.0,0,0.0,0.0,0,103803.00,0.00,0.00,226,12.73,3.13,0.00,-0.6,4.998,4.998,4.998,4.998,78
2022-03-09 04:55:22,3.9,7.5,260,0.0,0.0,0,0.0,0.0,0,104063.00,0.00,0.00,228,12.73,3.16,0.00,-0.6,4.998,4.998,4.998,4.998,135
2022-03-09 04:56:22,5.1,7.2,277,0.0,0.0,0,0.0,0.0,0,104340.00,0.00,0.00,202,12.77,2.81,0.00,-0.6,4.998,4.998,4.998,4.998,56
2022-03-09 04:57:22,4.4,9.4,366,0.0,0.0,0,0.0,0.0,0,104706.00,0.00,0.00,234,12.77,3.25,0.00,-0.2,4.998,4.998,4.998,4.998,209
2022-03-09 04:58:22,4.1,8.7,324,0.0,0.0,0,0.0,0.0,0,105030.00,0.00,0.00,181,12.73,2.52,0.00,-0.2,4.998,4.998,4.998,4.998,63
2022-03-09 04:59:22,4.2,9.2,319,0.0,0.0,0,0.0,0.0,0,105349.00,0.00,0.00,206,12.73,2.87,0.00,-0.2,4.998,4.998,4.998,4.998,206
2022-03-09 05:00:22,3.6,6.6,250,0.0,0.0,0,0.0,0.0,0,105599.00,0.00,0.00,225,12.77,3.12,0.00,-0.6,4.998,4.998,4.998,4.998,132
2022-03-09 05:01:22,3.9,5.3,170,0.0,0.0,0,0.0,0.0,0,105769.00,0.00,0.00,227,12.77,3.15,0.00,-0.6,4.998,4.998,4.998,4.998,254
2022-03-09 05:02:22,4.7,7.4,244,0.0,0.0,0,0.0,0.0,0,106013.00,0.00,0.00,211,12.77,2.93,0.00,-1.1,4.998,4.998,4.998,4.998,120
2022-03-09 05:03:22,1.9,7.2,228,0.0,0.0,0,0.0,0.0,0,106241.00,0.00,0.00,218,12.73,3.03,0.00,-0.6,4.998,4.998,4.998,4.998,3
2022-03-09 05:04:22,4.2,6.4,216,0.0,0.0,0,0.0,0.0,0,106457.00,0.00,0.00,239,12.73,3.32,0.00,-0.6,4.998,4.998,4.998,4.998,235
2022-03-09 05:05:22,3.9,5.8,199,0.0,0.0,0,0.0,0.0,0,106656.00,0.00,0.00,194,12.77,2.70,0.00,-0.6,4.998,4.998,4.998,4.998,109
2022-03-09 05:06:22,4.5,8.1,274,0.0,0.0,0,0.0,0.0,0,106930.00,0.00,0.00,224,12.73,3.12,0.00,-0.6,4.998,4.998,4.998,4.998,97
2022-03-09 05:07:22,4.1,7.4,228,0.0,0.0,0,0.0,0.0,0,107158.00,0.00,0.00,198,12.73,2.75,0.00,-0.6,4.998,4.998,4.998,4.998,81
2022-03-09 05:08:22,2.5,4.8,165,0.0,0.0,0,0.0,0.0,0,107323.00,0.00,0.00,198,12.77,2.76,0.00,-0.6,4.998,4.998,4.998,4.998,66
2022-03-09 05:09:22,3.8,6.6,261,0.0,0.0,0,0.0,0.0,0,107584.00,0.00,0.00,217,12.73,3.02,0.00,-0.6,4.998,4.998,4.998,4.998,149
2022-03-09 05:10:22,3.6,5.9,243,0.0,0.0,0,0.0,0.0,0,107827.00,0.00,0.00,219,12.77,3.04,0.00,-0.6,4.998,4.998,4.998,4.998,110
2022-03-09 05:11:22,3.4,5.5,222,0.0,0.0,0,0.0,0.0,0,108049.00,0.00,0.00,215,12.77,2.98,0.00,-0.6,4.998,4.998,4.998,4.998,2
2022-03-09 05:12:22,7.5,10.5,216,0.0,0.0,0,0.0,0.0,0,108265.00,0.00,0.00,223,12.73,3.10,0.00,-0.6,4.998,4.998,4.998,4.998,176
2022-03-09 05:13:22,7.6,8.1,310,0.0,0.0,0,0.0,0.0,0,108575.00,0.00,0.00,242,12.77,3.36,0.00,-0.6,4.998,4.998,4.998,4.998,217
2022-03-09 05:14:22,5.9,8.8,394,0.0,0.0,0,0.0,0.0,0,108969.00,0.00,0.00,254,12.77,3.53,0.00,-0.6,4.998,4.998,4.998,4.998,117
2022-03-09 05:15:22,3.8,6.4,262,0.0,0.0,0,0.0,0.0,0,109231.00,0.00,0.00,246,12.77,3.42,0.00,-0.6,4.998,4.998,4.998,4.998,183
2022-03-09 05:16:22,3.5,5.1,203,0.0,0.0,0,0.0,0.0,0,109434.00,0.00,0.00,235,12.73,3.27,0.00,-0.6,4.998,4.998,4.998,4.998,45
2022-03-09 05:17:22,3.7,5.8,237,0.0,0.0,0,0.0,0.0,0,109671.00,0.00,0.00,227,12.73,3.16,0.00,-0.6,4.998,4.998,4.998,4.998,149
2022-03-09 05:18:22,7.4,9.3,262,0.0,0.0,0,0.0,0.0,0,109933.00,0.00,0.00,248,12.73,3.45,0.00,-1.1,4.998,4.998,4.998,4.998,190
2022-03-09 05:19:22,4.2,8.2,278,0.0,0.0,0,0.0,0.0,0,110211.00,0.00,0.00,250,12.73,3.47,0.00,-0.6,4.998,4.998,4.998,4.998,118
2022-03-09 05:20:22,2.6,4.7,181,0.0,0.0,0,0.0,0.0,0,110392.00,0.00,0.00,245,12.73,3.40,0.00,-0.6,4.998,4.998,4.998,4.998,45
2022-03-09 05:21:22,3.6,3.8,120,0.0,0.0,0,0.0,0.0,0,110512.00,0.00,0.00,230,12.77,3.20,0.00,-1.1,4.998,4.998,4.998,4.998,81
2022-03-09 05:22:22,4.2,7.9,276,0.0,0.0,0,0.0,0.0,0,110788.00,0.00,0.00,159,12.73,2.21,0.00,-0.6,4.998,4.998,4.998,4.998,248
2022-03-09 05:23:22,6.3,8.8,301,0.0,0.0,0,0.0,0.0,0,111089.00,0.00,0.00,190,12.77,2.64,0.00,-1.1,4.998,4.998,4.998,4.998,206
2022-03-09 05:24:22,4.9,7.4,316,0.0,0.0,0,0.0,0.0,0,111405.00,0.00,0.00,211,12.77,2.93,0.00,-1.1,4.998,4.998,4.998,4.998,212
2022-03-09 05:25:22,4.3,6.9,276,0.0,0.0,0,0.0,0.0,0,111681.00,0.00,0.00,225,12.77,3.13,0.00,-0.6,4.998,4.998,4.998,4.998,27
2022-03-09 05:26:22,5.7,6.4,192,0.0,0.0,0,0.0,0.0,0,111873.00,0.00,0.00,240,12.73,3.33,0.00,-1.1,4.998,4.998,4.998,4.998,137
2022-03-09 05:27:22,4.3,7.4,319,0.0,0.0,0,0.0,0.0,0,112192.00,0.00,0.00,214,12.77,2.98,0.00,-1.1,4.998,4.998,4.998,4.998,66
2022-03-09 05:28:22,4.3,5.6,234,0.0,0.0,0,0.0,0.0,0,112426.00,0.00,0.00,256,12.77,3.56,0.00,-1.1,4.998,4.998,4.998,4.998,224
2022-03-09 05:29:22,5.1,6.3,235,0.0,0.0,0,0.0,0.0,0,112661.00,0.00,0.00,257,12.73,3.57,0.00,-1.1,4.998,4.998,4.998,4.998,2
2022-03-09 05:30:22,2.2,5.1,181,0.0,0.0,0,0.0,0.0,0,112842.00,0.00,0.00,270,12.73,3.75,0.00,-0.6,4.998,4.998,4.998,4.998,163
2022-03-09 05:31:22,4.5,4.6,180,0.0,0.0,0,0.0,0.0,0,113022.00,0.00,0.00,221,12.73,3.08,0.00,-1.1,4.998,4.998,4.998,4.998,5
2022-03-09 05:32:22,3.9,5.8,190,0.0,0.0,0,0.0,0.0,0,113212.00,0.00,0.00,205,12.73,2.85,0.00,-1.1,4.998,4.998,4.998,4.998,83
2022-03-09 05:33:22,3.6,6.3,243,0.0,0.0,0,0.0,0.0,0,113455.00,0.00,0.00,227,12.77,3.16,0.00,-0.6,4.998,4.998,4.998,4.998,28
2022-03-09 05:34:22,2.6,4.6,165,0.0,0.0,0,0.0,0.0,0,113620.00,0.00,0.00,202,12.77,2.81,0.00,-1.1,4.998,4.998,4.998,4.998,77
2022-03-09 05:35:22,6.0,6.4,231,0.0,0.0,0,0.0,0.0,0,113851.00,0.00,0.00,236,12.73,3.28,0.00,-1.1,4.998,4.998,4.998,4.998,168
2022-03-09 05:36:22,3.3,6.8,251,0.0,0.0,0,0.0,0.0,0,114102.00,0.00,0.00,241,12.73,3.34,0.00,-1.1,4.998,4.998,4.998,4.998,208
2022-03-09 05:37:22,2.5,5.7,205,0.0,0.0,0,0.0,0.0,0,114307.00,0.00,0.00,209,12.73,2.90,0.00,-1.1,4.998,4.998,4.998,4.998,199
2022-03-09 05:38:22,2.0,5.0,179,0.0,0.0,0,0.0,0.0,0,114486.00,0.00,0.00,215,12.73,2.98,0.00,-1.1,4.998,4.998,4.998,4.998,23
2022-03-09 05:39:22,2.2,3.3,84,0.0,0.0,0,0.0,0.0,0,114570.00,0.00,0.00,218,12.73,3.03,0.00,-1.1,4.998,4.998,4.998,4.998,240
2022-03-09 05:40:22,5.1,5.9,220,0.0,0.0,0,0.0,0.0,0,114790.00,0.00,0.00,267,12.73,3.71,0.00,-1.1,4.998,4.998,4.998,4.998,151
2022-03-09 05:41:22,4.2,7.2,293,0.0,0.0,0,0.0,0.0,0,115083.00,0.00,0.00,257,12.73,3.57,0.00,-0.6,4.998,4.998,4.998,4.998,153
2022-03-09 05:42:22,3.4,5.6,231,0.0,0.0,0,0.0,0.0,0,115314.00,0.00,0.00,240,12.73,3.33,0.00,-1.1,4.998,4.998,4.998,4.998,252
2022-03-09 05:43:22,6.5,8.0,253,0.0,0.0,0,0.0,0.0,0,115567.00,0.00,0.00,237,12.73,3.29,0.00,-0.6,4.998,4.998,4.998,4.998,175
2022-03-09 05:44:22,4.7,7.5,352,0.0,0.0,0,0.0,0.0,0,115919.00,0.00,0.00,218,12.73,3.03,0.00,-0.6,4.998,4.998,4.998,4.998,19
2022-03-09 05:45:22,3.6,5.4,221,0.0,0.0,0,0.0,0.0,0,116140.00,0.00,0.00,209,12.73,2.90,0.00,-1.1,4.998,4.998,4.998,4.998,46
2022-03-09 05:46:22,3.1,5.4,207,0.0,0.0,0,0.0,0.0,0,116347.00,0.00,0.00,220,12.73,3.06,0.00,-1.1,4.998,4.998,4.998,4.998,66
2022-03-09 05:47:22,3.2,4.2,161,0.0,0.0,0,0.0,0.0,0,116508.00,0.00,0.00,221,12.73,3.07,0.00,-1.1,4.998,4.998,4.998,4.998,93
2022-03-09 05:48:22,2.9,5.3,229,0.0,0.0,0,0.0,0.0,0,116737.00,0.00,0.00,216,12.73,3.00,0.00,-1.1,4.998,4.998,4.998,4.998,238
2022-03-09 05:49:22,1.9,5.2,195,0.0,0.0,0,0.0,0.0,0,116932.00,0.00,0.00,209,12.73,2.91,0.00,-1.1,4.998,4.998,4.998,4.998,239
2022-03-09 05:50:22,2.7,2.8,84,0.0,0.0,0,0.0,0.0,0,117016.00,0.00,0.00,209,12.73,2.91,0.00,-1.1,4.998,4.998,4.998,4.998,178
2022-03-09 05:51:22,3.6,8.5,300,0.0,0.0,0,0.0,0.0,0,117316.00,0.00,0.00,228,12.77,3.17,0.00,-1.1,4.998,4.998,4.998,4.998,50
2022-03-09 05:52:22,4.3,4.4,189,0.0,0.0,0,0.0,0.0,0,117505.00,0.00,0.00,212,12.73,2.95,0.00,-1.1,4.998,4.998,4.998,4.998,183
2022-03-09 05:53:22,4.8,4.9,203,0.0,0.0,0,0.0,0.0,0,117708.00,0.00,0.00,211,12.73,2.94,0.00,-1.1,4.998,4.998,4.998,4.998,152
2022-03-09 05:54:22,2.1,5.3,173,0.0,0.0,0,0.0,0.0,0,117881.00,0.00,0.00,212,12.73,2.94,0.00,-1.1,4.998,4.998,4.998,4.998,131
2022-03-09 05:55:22,2.1,2.8,101,0.0,0.0,0,0.0,0.0,0,117982.00,0.00,0.00,212,12.73,2.94,0.00,-1.6,4.998,4.998,4.998,4.998,72
2022-03-09 05:56:22,4.1,5.0,193,0.0,0.0,0,0.0,0.0,0,118175.00,0.00,0.00,220,12.73,3.06,0.00,-1.6,4.998,4.998,4.998,4.998,54
2022-03-09 05:57:22,2.8,5.1,182,0.0,0.0,0,0.0,0.0,0,118357.00,0.00,0.00,224,12.77,3.12,0.00,-1.1,4.998,4.998,4.998,4.998,149
2022-03-09 05:58:22,3.6,4.8,165,0.0,0.0,0,0.0,0.0,0,118522.00,0.00,0.00,214,12.73,2.97,0.00,-1.1,4.998,4.998,4.998,4.998,223
2022-03-09 05:59:22,3.1,4.9,174,0.0,0.0,0,0.0,0.0,0,118696.00,0.00,0.00,225,12.73,3.12,0.00,-1.1,4.998,4.998,4.998,4.998,188
2022-03-09 06:00:22,3.7,5.9,234,0.0,0.0,0,0.0,0.0,0,118930.00,0.00,0.00,235,12.73,3.27,0.00,-1.6,4.998,4.998,4.998,4.998,2
2022-03-09 06:01:22,2.9,7.6,313,0.0,0.0,0,0.0,0.0,0,119243.00,0.00,0.00,225,12.73,3.12,0.00,-1.1,4.998,4.998,4.998,4.998,49
2022-03-09 06:02:22,5.6,6.9,174,0.0,0.0,0,0.0,0.0,0,119417.00,0.00,0.00,219,12.73,3.04,0.00,-1.1,4.998,4.998,4.998,4.998,128
2022-03-09 06:03:22,3.8,6.3,276,0.0,0.0,0,0.0,0.0,0,119693.00,0.00,0.00,236,12.73,3.29,0.00,-1.1,4.998,4.998,4.998,4.998,187
2022-03-09 06:04:22,2.7,5.0,166,0.0,0.0,0,0.0,0.0,0,119859.00,0.00,0.00,235,12.73,3.27,0.00,-1.1,4.998,4.998,4.998,4.998,155
2022-03-09 06:05:22,3.4,7.5,259,0.0,0.0,0,0.0,0.0,0,120118.00,0.00,0.00,225,12.73,3.13,0.00,-1.1,4.998,4.998,4.998,4.998,207
2022-03-09 06:06:22,4.3,7.1,270,0.0,0.0,0,0.0,0.0,0,120388.00,0.00,0.00,232,12.73,3.23,0.00,-1.1,4.998,4.998,4.998,4.998,19
2022-03-09 06:07:22,4.3,6.8,227,0.0,0.0,0,0.0,0.0,0,120615.00,0.00,0.00,229,12.73,3.18,0.00,-1.1,4.998,4.998,4.998,4.998,207
2022-03-09 06:08:22,7.3,7.7,269,0.0,0.0,0,0.0,0.0,0,120884.00,0.00,0.00,213,12.73,2.95,0.00,-1.1,4.998,4.998,4.998,4.998,180
2022-03-09 06:09:22,5.0,7.8,297,0.0,0.0,0,0.0,0.0,0,121181.00,0.00,0.00,214,12.73,2.97,0.00,-1.1,4.998,4.998,4.998,4.998,243
2022-03-09 06:10:22,2.1,5.0,211,0.0,0.0,0,0.0,0.0,0,121392.00,0.00,0.00,205,12.73,2.85,0.00,-1.6,4.998,4.998,4.998,4.998,81
2022-03-09 06:11:22,4.3,4.4,105,0.0,0.0,0,0.0,0.0,0,121497.00,0.00,0.00,219,12.73,3.05,0.00,-1.6,4.998,4.998,4.998,4.998,107
2022-03-09 06:12:22,3.5,4.8,194,0.0,0.0,0,0.0,0.0,0,121691.00,0.00,0.00,226,12.73,3.13,0.00,-1.6,4.998,4.998,4.998,4.998,42
2022-03-09 06:13:22,1.9,5.2,191,0.0,0.0,0,0.0,0.0,0,121882.00,0.00,0.00,219,12.73,3.04,0.00,-1.6,4.998,4.998,4.998,4.998,216
2022-03-09 06:14:22,4.6,5.5,160,0.0,0.0,0,0.0,0.0,0,122042.00,0.00,0.00,197,12.73,2.74,0.00,-1.6,4.998,4.998,4.998,4.998,60
2022-03-09 06:15:22,3.0,6.3,216,0.0,0.0,0,0.0,0.0,0,122258.00,0.00,0.00,203,12.73,2.82,0.00,-1.6,4.998,4.998,4.998,4.998,54
2022-03-09 06:16:22,4.6,7.2,250,0.0,0.0,0,0.0,0.0,0,122508.00,0.00,0.00,236,12.73,3.28,0.00,-1.1,4.998,4.998,4.998,4.998,138
2022-03-09 06:17:22,5.2,5.9,243,0.0,0.0,0,0.0,0.0,0,122751.00,0.00,0.00,206,12.73,2.86,0.00,-1.1,4.998,4.998,4.998,4.998,92
2022-03-09 06:18:22,4.3,6.2,281,0.0,0.0,0,0.0,0.0,0,123032.00,0.00,0.00,216,12.73,3.01,0.00,-1.1,4.998,4.998,4.998,4.998,197
2022-03-09 06:19:22,4.9,6.9,267,0.0,0.0,0,0.0,0.0,0,123299.00,0.00,0.00,207,12.73,2.88,0.00,-1.6,4.998,4.998,4.998,4.998,130
2022-03-09 06:20:22,3.4,5.4,170,0.0,0.0,0,0.0,0.0,0,123469.00,0.00,0.00,214,12.73,2.98,0.00,-1.1,4.998,4.998,4.998,4.998,123
2022-03-09 06:21:22,2.8,5.3,194,0.0,0.0,0,0.0,0.0,0,123663.00,0.00,0.00,210,12.69,2.91,0.00,-1.6,4.998,4.998,4.998,4.998,88
2022-03-09 06:22:22,4.9,6.8,296,0.0,0.0,0,0.0,0.0,0,123959.00,0.00,0.00,202,12.73,2.81,0.00,-1.6,4.998,4.998,4.998,4.998,166
2022-03-09 06:23:22,4.1,6.7,289,0.0,0.0,0,0.0,0.0,0,124248.00,0.00,0.00,214,12.73,2.98,0.00,-1.1,4.998,4.998,4.998,4.998,57
2022-03-09 06:24:22,2.7,8.3,272,0.0,0.0,0,0.0,0.0,0,124520.00,0.00,0.00,208,12.73,2.89,0.00,-1.6,4.998,4.998,4.998,4.998,154
2022-03-09 06:25:22,6.2,8.7,317,0.0,0.0,0,0.0,0.0,0,124837.00,0.00,0.00,235,12.73,3.27,0.00,-1.6,4.998,4.998,4.998,4.998,177
2022-03-09 06:26:22,5.6,7.0,321,0.0,0.0,0,0.0,0.0,0,125158.00,0.00,0.00,216,12.73,3.00,0.00,-1.1,4.998,4.998,4.998,4.998,199
2022-03-09 06:27:22,7.4,8.1,324,0.0,0.0,0,0.0,0.0,0,125482.00,0.00,0.00,218,12.73,3.03,0.00,-1.1,4.998,4.998,4.998,4.998,104
2022-03-09 06:28:22,4.4,7.9,300,0.0,0.0,0,0.0,0.0,0,125782.00,0.00,0.00,215,12.73,2.99,0.00,-1.6,4.998,4.998,4.998,4.998,49
2022-03-09 06:29:22,5.0,5.9,212,0.0,0.0,0,0.0,0.0,0,125994.00,0.00,0.00,217,12.73,3.02,0.00,-1.6,4.998,4.998,4.998,4.998,133
2022-03-09 06:30:22,2.9,6.6,273,0.0,0.0,0,0.0,0.0,0,126267.00,0.00,0.00,203,12.73,2.82,0.00,-1.6,4.998,4.998,4.998,4.998,182
2022-03-09 06:31:22,3.7,7.5,290,0.0,0.0,0,0.0,0.0,0,126557.00,0.00,0.00,207,12.73,2.87,0.00,-1.1,4.998,4.998,4.998,4.998,179
2022-03-09 06:32:22,5.5,7.2,312,0.0,0.0,0,0.0,0.0,0,126869.00,0.00,0.00,201,12.73,2.80,0.00,-1.6,4.998,4.998,4.998,4.998,159
2022-03-09 06:33:22,7.3,10.1,360,0.0,0.0,0,0.0,0.0,0,127229.00,0.00,0.00,204,12.73,2.84,0.00,-1.1,4.998,4.998,4.998,4.998,237
2022-03-09 06:34:22,5.5,10.0,396,0.0,0.0,0,0.0,0.0,0,127625.00,0.00,0.00,242,12.73,3.36,0.00,-1.1,4.998,4.998,4.998,4.998,23
2022-03-09 06:35:22,3.8,7.4,304,0.0,0.0,0,0.0,0.0,0,127929.00,0.00,0.00,201,12.73,2.79,0.00,-1.1,4.998,4.998,4.998,4.998,91
2022-03-09 06:36:22,5.8,6.5,273,0.0,0.0,0,0.0,0.0,0,128202.00,0.00,0.00,237,12.73,3.29,0.00,-1.1,4.998,4.998,4.998,4.998,184
2022-03-09 06:37:22,3.1,6.1,181,0.0,0.0,0,0.0,0.0,0,128383.00,0.00,0.00,235,12.73,3.27,0.00,-1.6,4.998,4.998,4.998,4.998,7
2022-03-09 06:38:22,3.0,6.0,228,0.0,0.0,0,0.0,0.0,0,128611.00,0.00,0.00,235,12.73,3.27,0.00,-1.1,4.998,4.998,4.998,4.998,104
2022-03-09 06:39:22,5.7,8.1,270,0.0,0.0,0,0.0,0.0,0,128881.00,0.00,0.00,227,12.73,3.15,0.00,-1.6,4.998,4.998,4.998,4.998,241
2022-03-09 06:40:22,4.1,7.3,289,0.0,0.0,0,0.0,0.0,0,129170.00,0.00,0.00,188,12.73,2.61,0.00,-1.6,4.998,4.998,4.998,4.998,193
2022-03-09 06:41:22,4.9,6.3,205,0.0,0.0,0,0.0,0.0,0,129375.00,0.00,0.00,215,12.73,2.99,0.00,-1.6,4.998,4.998,4.998,4.998,201
2022-03-09 06:42:22,4.5,6.4,281,0.0,0.0,0,0.0,0.0,0,129656.00,0.00,0.00,207,12.73,2.88,0.00,-1.6,4.998,4.998,4.998,4.998,240
2022-03-09 06:43:22,5.6,9.3,341,0.0,0.0,0,0.0,0.0,0,129997.00,0.00,0.00,247,12.73,3.43,0.00,-1.1,4.998,4.998,4.998,4.998,35
2022-03-09 06:44:22,2.6,6.4,225,0.0,0.0,0,0.0,0.0,0,130222.00,0.00,0.00,240,12.73,3.34,0.00,-1.6,4.998,4.998,4.998,4.998,181
2022-03-09 06:45:22,3.0,6.8,209,0.0,0.0,0,0.0,0.0,0,130431.00,0.00,0.00,228,12.73,3.17,0.00,-1.6,4.998,4.998,4.998,4.998,185
2022-03-09 06:46:22,3.6,5.0,218,0.0,0.0,0,0.0,0.0,0,130649.00,0.00,0.00,229,12.73,3.18,0.00,-1.6,4.998,4.998,4.998,4.998,246
2022-03-09 06:47:22,2.0,5.0,181,0.0,0.0,0,0.0,0.0,0,130830.00,0.00,0.00,223,12.73,3.10,0.00,-1.6,4.998,4.998,4.998,4.998,185
2022-03-09 06:48:22,4.8,6.8,256,0.0,0.0,0,0.0,0.0,0,131086.00,0.00,0.00,206,12.73,2.86,0.00,-1.6,4.998,4.998,4.998,4.998,45
2022-03-09 06:49:22,4.2,6.1,278,0.0,0.0,0,0.0,0.0,0,131364.00,0.00,0.00,206,12.73,2.86,0.00,-1.6,4.998,4.998,4.998,4.998,26
2022-03-09 06:50:22,3.4,7.9,269,0.0,0.0,0,0.0,0.0,0,131633.00,0.00,0.00,218,12.73,3.03,0.00,-1.1,4.998,4.998,4.998,4.998,88
2022-03-09 06:51:22,4.4,5.1,207,0.0,0.0,0,0.0,0.0,0,131840.00,0.00,0.00,224,12.73,3.11,0.00,-1.1,4.998,4.998,4.998,4.998,36
2022-03-09 06:52:22,4.9,6.9,281,0.0,0.0,0,0.0,0.0,0,132121.00,0.00,0.00,221,12.73,3.08,0.00,-1.1,4.998,4.998,4.998,4.998,100
2022-03-09 06:53:22,6.2,7.1,260,0.0,0.0,0,0.0,0.0,0,132381.00,0.00,0.00,229,12.73,3.19,0.00,-1.6,4.998,4.998,4.998,4.998,133
2022-03-09 06:54:22,8.6,9.9,321,0.0,0.0,0,0.0,0.0,0,132702.00,0.00,0.00,216,12.73,3.01,0.00,-1.1,4.998,4.998,4.998,4.998,113
2022-03-09 06:55:22,4.3,9.4,356,0.0,0.0,0,0.0,0.0,0,133058.00,0.00,0.00,235,12.73,3.26,0.00,-1.1,4.998,4.998,4.998,4.998,131
2022-03-09 06:56:22,3.5,7.0,270,0.0,0.0,0,0.0,0.0,0,133328.00,0.00,0.00,245,12.73,3.40,0.00,-1.1,4.998,4.998,4.998,4.998,9
2022-03-09 06:57:22,5.1,8.4,342,0.0,0.0,0,0.0,0.0,0,133670.00,0.00,0.00,230,12.73,3.20,0.00,-1.1,4.998,4.998,4.998,4.998,84
2022-03-09 06:58:22,3.4,8.9,312,0.0,0.0,0,0.0,0.0,0,133982.00,0.00,0.00,244,12.73,3.39,0.00,-1.6,4.998,4.998,4.998,4.998,35
2022-03-09 06:59:22,2.5,7.2,210,0.0,0.0,0,0.0,0.0,0,134192.00,0.00,0.00,204,12.73,2.83,0.00,-1.6,4.998,4.998,4.998,4.998,41
2022-03-09 07:00:22,4.8,7.2,212,0.0,0.0,0,0.0,0.0,0,134404.00,0.00,0.00,262,12.73,3.64,0.00,-1.6,4.998,4.998,4.998,4.998,74
2022-03-09 07:01:22,3.5,6.0,259,0.0,0.0,0,0.0,0.0,0,134663.00,0.00,0.00,251,12.73,3.49,0.00,-1.1,4.998,4.998,4.998,4.998,73
2022-03-09 07:02:22,3.2,6.0,241,0.0,0.0,0,0.0,0.0,0,134904.00,0.00,0.00,235,12.69,3.27,0.00,-1.6,4.998,4.998,4.998,4.998,181
2022-03-09 07:03:22,2.4,5.8,154,0.0,0.0,0,0.0,0.0,0,135058.00,0.00,0.00,267,12.73,3.71,0.00,-1.6,4.998,4.998,4.998,4.998,5
2022-03-09 07:04:22,6.0,7.0,286,0.0,0.0,0,0.0,0.0,0,135344.00,0.00,0.00,238,12.73,3.30,0.00,-1.6,4.998,4.998,4.998,4.998,135
2022-03-09 07:05:22,5.5,6.2,236,0.0,0.0,0,0.0,0.0,0,135580.00,0.00,0.00,245,12.73,3.40,0.00,-1.6,4.998,4.998,4.998,4.998,201
2022-03-09 07:06:22,2.4,6.2,222,0.0,0.0,0,0.0,0.0,0,135802.00,0.00,0.00,217,12.73,3.01,0.00,-1.6,4.998,4.998,4.998,4.998,228
2022-03-09 07:07:22,2.7,4.0,123,0.0,0.0,0,0.0,0.0,0,135925.00,0.00,0.00,218,12.69,3.03,0.00,-2.1,4.998,4.998,4.998,4.998,120
2022-03-09 07:08:22,2.9,3.7,144,0.0,0.0,0,0.0,0.0,0,136069.00,0.00,0.00,224,12.69,3.12,0.00,-2.1,4.998,4.998,4.998,4.998,137
2022-03-09 07:09:22,4.1,5.3,171,0.0,0.0,0,0.0,0.0,0,136240.00,0.00,0.00,245,12.69,3.41,0.00,-1.6,4.998,4.998,4.998,4.998,178
2022-03-09 07:10:22,1.2,5.2,174,0.0,0.0,0,0.0,0.0,0,136414.00,0.00,0.00,248,12.69,3.45,0.00,-2.1,4.998,4.998,4.998,4.998,246
2022-03-09 07:11:22,1.8,4.9,200,0.0,0.0,0,0.0,0.0,0,136614.00,0.00,0.00,230,12.69,3.20,0.00,-1.6,4.998,4.998,4.998,4.998,229
2022-03-09 07:12:22,3.0,4.2,134,0.0,0.0,0,0.0,0.0,0,136748.00,0.00,0.00,239,12.69,3.32,0.00,-2.1,4.998,4.998,4.998,4.998,100
2022-03-09 07:13:22,3.6,5.8,227,0.0,0.0,0,0.0,0.0,0,136975.00,0.00,0.00,250,12.69,3.47,0.00,-2.1,4.998,4.998,4.998,4.998,59
2022-03-09 07:14:22,2.6,5.6,227,0.0,0.0,0,0.0,0.0,0,137202.00,0.00,0.00,222,12.69,3.09,0.00,-1.6,4.998,4.998,4.998,4.998,82
2022-03-09 07:15:22,2.4,5.6,224,0.0,0.0,0,0.0,0.0,0,137426.00,0.00,0.00,248,12.69,3.44,0.00,-1.6,4.998,4.998,4.998,4.998,148
2022-03-09 07:16:22,2.8,4.5,163,0.0,0.0,0,0.0,0.0,0,137589.00,0.00,0.00,213,12.69,2.95,0.00,-1.6,4.998,4.998,4.998,4.998,140
2022-03-09 07:17:22,5.3,5.3,148,0.0,0.0,0,0.0,0.0,0,137737.00,0.00,0.00,248,12.69,3.45,0.00,-2.1,4.998,4.998,4.998,4.998,163
2022-03-09 07:18:22,3.3,6.7,289,0.0,0.0,0,0.0,0.0,0,138026.00,0.00,0.00,230,12.69,3.19,0.00,-1.6,4.998,4.998,4.998,4.998,184
2022-03-09 07:19:22,3.5,4.8,196,0.0,0.0,0,0.0,0.0,0,138222.00,0.00,0.00,230,12.69,3.19,0.00,-1.6,4.998,4.998,4.998,4.998,188
2022-03-09 07:20:22,2.0,6.8,198,0.0,0.0,0,0.0,0.0,0,138420.00,0.00,0.00,210,12.69,2.91,0.00,-1.6,4.998,4.998,4.998,4.998,56
2022-03-09 07:21:22,5.7,6.9,268,0.0,0.0,0,0.0,0.0,0,138688.00,0.00,0.00,217,12.69,3.01,0.00,-1.1,4.998,4.998,4.998,4.998,177
2022-03-09 07:22:22,3.9,6.5,274,0.0,0.0,0,0.0,0.0,0,138962.00,0.00,0.00,237,12.69,3.29,0.00,-1.6,4.998,4.998,4.998,4.998,157
2022-03-09 07:23:22,3.3,5.3,207,0.0,0.0,0,0.0,0.0,0,139169.00,0.00,0.00,209,12.69,2.91,0.00,-1.6,4.998,4.998,4.998,4.998,141
2022-03-09 07:24:22,4.0,7.1,236,0.0,0.0,0,0.0,0.0,0,139405.00,0.00,0.00,225,12.69,3.12,0.00,-1.6,4.998,4.998,4.998,4.998,255
2022-03-09 07:25:22,3.0,6.1,193,0.0,0.0,0,0.0,0.0,0,139598.00,0.00,0.00,238,12.69,3.31,0.00,-1.6,4.998,4.998,4.998,4.998,92
2022-03-09 07:26:22,2.9,3.7,114,0.0,0.0,0,0.0,0.0,0,139712.00,0.00,0.00,238,12.69,3.31,0.00,-2.1,4.998,4.998,4.998,4.998,102
2022-03-09 07:27:22,3.6,7.2,266,0.0,0.0,0,0.0,0.0,0,139978.00,0.00,0.00,249,12.69,3.46,0.00,-1.6,4.998,4.998,4.998,4.998,179
2022-03-09 07:28:22,2.3,5.3,197,0.0,0.0,0,0.0,0.0,0,140175.00,0.00,0.00,248,12.69,3.45,0.00,-1.6,4.998,4.998,4.998,4.998,49
2022-03-09 07:29:22,2.3,4.1,149,0.0,0.0,0,0.0,0.0,0,140324.00,0.00,0.00,248,12.69,3.45,0.00,-2.1,4.998,4.998,4.998,4.998,42
2022-03-09 07:30:22,2.3,4.1,148,0.0,0.0,0,0.0,0.0,0,140472.00,0.00,0.00,248,12.73,3.45,0.00,-2.1,4.998,4.998,4.998,4.998,208
2022-03-09 07:31:22,1.8,3.5,113,0.0,0.0,0,0.0,0.0,0,140585.00,0.00,0.00,248,12.69,3.45,0.00,-2.1,4.998,4.998,4.998,4.998,185
2022-03-09 07:32:22,3.3,3.7,147,0.0,0.0,0,0.0,0.0,0,140732.00,0.00,0.00,248,12.69,3.45,0.00,-2.1,4.998,4.998,4.998,4.998,120
2022-03-09 07:33:22,3.7,6.2,246,0.0,0.0,0,0.0,0.0,0,140978.00,0.00,0.00,254,12.73,3.53,0.00,-1.6,4.998,4.998,4.998,4.998,94
2022-03-09 07:34:22,4.3,4.5,189,0.0,0.0,0,0.0,0.0,0,141167.00,0.00,0.00,236,12.73,3.28,0.00,-1.6,4.998,4.998,4.998,4.998,30
2022-03-09 07:35:22,3.1,4.3,161,0.0,0.0,0,0.0,0.0,0,141328.00,0.00,0.00,237,12.73,3.30,0.00,-1.6,4.998,4.998,4.998,4.998,101
2022-03-09 07:36:22,6.9,7.7,332,0.0,0.0,0,0.0,0.0,0,141660.00,0.00,0.00,258,12.73,3.58,0.00,-1.6,4.998,4.998,4.998,4.998,177
2022-03-09 07:37:22,2.0,7.5,251,0.0,0.0,0,0.0,0.0,0,141911.00,0.00,0.00,247,12.73,3.43,0.00,-1.6,4.998,4.998,4.998,4.998,213
2022-03-09 07:38:22,4.1,7.5,256,0.0,0.0,0,0.0,0.0,0,142167.00,0.00,0.00,249,12.73,3.47,0.00,-1.1,4.998,4.998,4.998,4.998,57
2022-03-09 07:39:22,3.3,6.7,279,0.0,0.0,0,0.0,0.0,0,142446.00,0.00,0.00,246,12.73,3.42,0.00,-1.6,4.998,4.998,4.998,4.998,50
2022-03-09 07:40:22,4.7,8.8,343,0.0,0.0,0,0.0,0.0,0,142789.00,0.00,0.00,260,12.77,3.61,0.00,-1.1,4.998,4.998,4.998,4.998,12
2022-03-09 07:41:22,1.9,4.6,115,0.0,0.0,0,0.0,0.0,0,142904.00,0.00,0.00,259,12.77,3.60,0.00,-1.1,4.998,4.998,4.998,4.998,231
2022-03-09 07:42:22,1.7,3.4,111,0.0,0.0,0,0.0,0.0,0,143015.00,0.00,0.00,260,12.77,3.61,0.00,-1.1,4.998,4.998,4.998,4.998,95
2022-03-09 07:43:22,3.2,3.7,108,0.0,0.0,0,0.0,0.0,0,143123.00,0.00,0.00,259,12.77,3.60,0.00,-1.1,4.998,4.998,4.998,4.998,176
2022-03-09 07:44:22,2.9,3.6,136,0.0,0.0,0,0.0,0.0,0,143259.00,0.00,0.00,260,12.77,3.62,0.00,-1.1,4.998,4.998,4.998,4.998,189
2022-03-09 07:45:22,0.0,2.9,64,0.0,0.0,0,0.0,0.0,0,143323.00,0.00,0.00,260,12.77,3.62,0.00,-1.6,4.998,4.998,4.998,4.998,149
2022-03-09 07:46:22,2.5,3.5,74,0.0,0.0,0,0.0,0.0,0,143397.00,0.00,0.00,260,12.77,3.62,0.00,-1.1,4.998,4.998,4.998,4.998,243
2022-03-09 07:47:22,2.6,4.1,140,0.0,0.0,0,0.0,0.0,0,143537.00,0.00,0.00,260,12.81,3.62,0.00,-1.1,4.998,4.998,4.998,4.998,211
2022-03-09 07:48:22,5.2,6.7,243,0.0,0.0,0,0.0,0.0,0,143780.00,0.00,0.00,253,12.81,3.52,0.00,-1.1,4.998,4.998,4.998,4.998,134
2022-03-09 07:49:22,4.9,7.3,331,0.0,0.0,0,0.0,0.0,0,144111.00,0.00,0.00,259,12.81,3.60,0.00,-0.6,4.998,4.998,4.998,4.998,114
2022-03-09 07:50:22,2.6,5.2,233,0.0,0.0,0,0.0,0.0,0,144344.00,0.00,0.00,233,12.81,3.24,0.00,-1.1,4.998,4.998,4.998,4.998,39
2022-03-09 07:51:22,5.0,5.4,216,0.0,0.0,0,0.0,0.0,0,144560.00,0.00,0.00,239,12.81,3.32,0.00,-0.6,4.998,4.998,4.998,4.998,231
2022-03-09 07:52:22,5.8,5.8,229,0.0,0.0,0,0.0,0.0,0,144789.00,0.00,0.00,268,12.85,3.73,0.00,-1.1,4.998,4.998,4.998,4.998,121
2022-03-09 07:53:22,3.9,7.2,295,0.0,0.0,0,0.0,0.0,0,145084.00,0.00,0.00,248,12.85,3.45,0.00,-1.1,4.998,4.998,4.998,4.998,244
2022-03-09 07:54:22,5.7,6.7,297,0.0,0.0,0,0.0,0.0,0,145381.00,0.00,0.00,233,12.85,3.23,0.00,-1.1,4.998,4.998,4.998,4.998,254
2022-03-09 07:55:22,4.0,5.8,282,0.0,0.0,0,0.0,0.0,0,145663.00,0.00,0.00,236,12.85,3.29,0.00,-0.6,4.998,4.998,4.998,4.998,38
2022-03-09 07:56:22,4.3,6.0,287,0.0,0.0,0,0.0,0.0,0,145950.00,0.00,0.00,211,12.89,2.93,0.00,-0.6,4.998,4.998,4.998,4.998,24
2022-03-09 07:57:22,3.3,7.1,225,0.0,0.0,0,0.0,0.0,0,146175.00,0.00,0.00,231,12.89,3.21,0.00,-0.6,4.998,4.998,4.998,4.998,16
2022-03-09 07:58:22,4.5,6.9,275,0.0,0.0,0,0.0,0.0,0,146450.00,0.00,0.00,233,12.92,3.24,0.00,-0.6,4.998,4.998,4.998,4.998,235
2022-03-09 07:59:22,4.7,5.6,269,0.0,0.0,0,0.0,0.0,0,146719.00,0.00,0.00,235,12.96,3.27,0.00,-0.6,4.998,4.998,4.998,4.998,59
2022-03-09 08:00:22,4.3,5.1,200,0.0,0.0,0,0.0,0.0,0,146919.00,0.00,0.00,232,12.96,3.22,0.00,-0.2,4.998,4.998,4.998,4.998,51
2022-03-09 08:01:22,3.8,4.6,183,0.0,0.0,0,0.0,0.0,0,147102.00,0.00,0.00,232,13.00,3.22,0.00,-0.6,4.998,4.998,4.998,4.998,34
2022-03-09 08:02:22,4.2,6.1,252,0.0,0.0,0,0.0,0.0,0,147354.00,0.00,0.00,227,13.00,3.15,0.00,-0.2,4.998,4.998,4.998,4.998,220
2022-03-09 08:03:22,4.9,6.1,285,0.0,0.0,0,0.0,0.0,0,147639.00,0.00,0.00,243,13.04,3.37,0.00,-0.2,4.998,4.998,4.998,4.998,92
2022-03-09 08:04:22,5.0,7.2,295,0.0,0.0,0,0.0,0.0,0,147934.00,0.00,0.00,233,13.08,3.24,0.00,-0.2,4.998,4.998,4.998,4.998,229
2022-03-09 08:05:22,4.3,6.0,233,0.0,0.0,0,0.0,0.0,0,148167.00,0.00,0.00,231,13.12,3.21,0.00,-0.2,4.998,4.998,4.998,4.998,12
2022-03-09 08:06:22,3.3,6.3,248,0.0,0.0,0,0.0,0.0,0,148415.00,0.00,0.00,265,13.16,3.68,0.00,-0.2,4.998,4.998,4.998,4.998,108
2022-03-09 08:07:22,6.2,6.7,260,0.0,0.0,0,0.0,0.0,0,148675.00,0.00,0.00,239,13.20,3.32,0.00,-0.2,4.998,4.998,4.998,4.998,15
2022-03-09 08:08:22,3.5,6.8,280,0.0,0.0,0,0.0,0.0,0,148955.00,0.00,0.00,262,13.24,3.64,0.00,-0.2,4.998,4.998,4.998,4.998,253
2022-03-09 08:09:22,5.4,6.7,289,0.0,0.0,0,0.0,0.0,0,149244.00,0.00,0.00,250,13.28,3.47,0.00,-0.2,4.998,4.998,4.998,4.998,8
2022-03-09 08:10:22,6.5,7.3,286,0.0,0.0,0,0.0,0.0,0,149530.00,0.00,0.00,242,13.32,3.36,0.00,-0.2,4.998,4.998,4.998,4.998,241
2022-03-09 08:11:22,5.2,10.4,420,0.0,0.0,0,0.0,0.0,0,149950.00,0.00,0.00,255,13.39,3.54,0.00,-0.2,4.998,4.998,4.998,4.998,141
2022-03-09 08:12:22,5.0,6.4,296,0.0,0.0,0,0.0,0.0,0,150246.00,0.00,0.00,229,13.43,3.19,0.00,0.2,4.998,4.998,4.998,4.998,51
2022-03-09 08:13:22,7.0,8.3,285,0.0,0.0,0,0.0,0.0,0,150531.00,0.00,0.00,233,13.51,3.23,0.00,0.2,4.998,4.998,4.998,4.998,41
2022-03-09 08:14:22,4.9,7.2,318,0.0,0.0,0,0.0,0.0,0,150849.00,0.00,0.00,245,13.55,3.40,0.00,-0.2,4.998,4.998,4.998,4.998,75
2022-03-09 08:15:22,6.2,7.5,351,0.0,0.0,0,0.0,0.0,0,151200.00,0.00,0.00,227,13.59,3.16,0.00,0.2,4.998,4.998,4.998,4.998,177
2022-03-09 08:16:22,7.0,7.0,311,0.0,0.0,0,0.0,0.0,0,151511.00,0.00,0.00,251,13.63,3.49,0.00,-0.2,4.998,4.998,4.998,4.998,152
2022-03-09 08:17:22,5.6,7.0,283,0.0,0.0,0,0.0,0.0,0,151794.00,0.00,0.00,250,13.67,3.48,0.00,-0.2,4.998,4.998,4.998,4.998,156
2022-03-09 08:18:22,5.3,8.2,380,0.0,0.0,0,0.0,0.0,0,152174.00,0.00,0.00,243,13.71,3.38,0.00,-0.2,4.998,4.998,4.998,4.998,77
2022-03-09 08:19:22,3.9,6.9,257,0.0,0.0,0,0.0,0.0,0,152431.00,0.00,0.00,264,13.74,3.67,0.00,-0.2,4.998,4.998,4.998,4.998,76
2022-03-09 08:20:22,4.5,6.2,276,0.0,0.0,0,0.0,0.0,0,152707.00,0.00,0.00,245,13.82,3.41,0.00,-0.2,4.998,4.998,4.998,4.998,228
2022-03-09 08:21:22,5.7,5.7,218,0.0,0.0,0,0.0,0.0,0,152925.00,0.00,0.00,282,13.86,3.92,0.00,-0.2,4.998,4.998,4.998,4.998,160
2022-03-09 08:22:22,5.9,8.7,421,0.0,0.0,0,0.0,0.0,0,153346.00,0.00,0.00,235,13.94,3.27,0.00,-0.2,4.998,4.998,4.998,4.998,243
2022-03-09 08:23:22,4.2,8.8,345,0.0,0.0,0,0.0,0.0,0,153691.00,0.00,0.00,252,14.02,3.51,0.00,0.2,4.998,4.998,4.998,4.998,54
2022-03-09 08:24:22,5.2,6.4,289,0.0,0.0,0,0.0,0.0,0,153980.00,0.00,0.00,254,14.10,3.53,0.00,-0.2,4.998,4.998,4.998,4.998,124
2022-03-09 08:25:22,4.8,6.2,237,0.0,0.0,0,0.0,0.0,0,154217.00,0.00,0.00,248,14.14,3.45,0.00,0.2,4.998,4.998,4.998,4.998,208
2022-03-09 08:26:22,3.1,7.1,292,0.0,0.0,0,0.0,0.0,0,154509.00,0.00,0.00,254,14.17,3.54,0.00,-0.2,4.998,4.998,4.998,4.998,230
2022-03-09 08:27:22,4.6,9.4,325,0.0,0.0,0,0.0,0.0,0,154834.00,0.00,0.00,236,14.21,3.29,0.00,-0.2,4.998,4.998,4.998,4.998,110
2022-03-09 08:28:22,5.3,8.4,415,0.0,0.0,0,0.0,0.0,0,155249.00,0.00,0.00,257,14.25,3.57,0.00,-0.6,4.998,4.998,4.998,4.998,39
2022-03-09 08:29:22,4.5,10.2,441,0.0,0.0,0,0.0,0.0,0,155690.00,0.00,0.00,247,14.25,3.43,0.00,-0.2,4.998,4.998,4.998,4.998,148
2022-03-09 08:30:22,6.7,9.1,413,0.0,0.0,0,0.0,0.0,0,156103.00,0.00,0.00,220,14.29,3.06,0.00,-0.2,4.998,4.998,4.998,4.998,229
2022-03-09 08:31:22,3.0,6.6,295,0.0,0.0,0,0.0,0.0,0,156398.00,0.00,0.00,248,14.33,3.45,0.00,-0.2,4.998,4.998,4.998,4.998,197
2022-03-09 08:32:22,4.6,6.8,228,0.0,0.0,0,0.0,0.0,0,156626.00,0.00,0.00,248,14.41,3.45,0.00,-0.2,4.998,4.998,4.998,4.998,90
2022-03-09 08:33:22,5.6,6.3,260,0.0,0.0,0,0.0,0.0,0,156886.00,0.00,0.00,248,14.45,3.44,0.00,-0.2,4.998,4.998,4.998,4.998,102
2022-03-09 08:34:22,6.5,7.2,309,0.0,0.0,0,0.0,0.0,0,157195.00,0.00,0.00,307,14.49,4.27,0.00,-0.2,4.998,4.998,4.998,4.998,185
2022-03-09 08:35:22,5.3,7.8,351,0.0,0.0,0,0.0,0.0,0,157546.00,0.00,0.00,221,14.53,3.07,0.00,-0.2,4.998,4.998,4.998,4.998,197
2022-03-09 08:36:22,3.5,9.5,362,0.0,0.0,0,0.0,0.0,0,157908.00,0.00,0.00,272,14.53,3.78,0.00,-0.2,4.998,4.998,4.998,4.998,35
2022-03-09 08:37:22,7.5,9.9,307,0.0,0.0,0,0.0,0.0,0,158215.00,0.00,0.00,254,14.53,3.53,0.00,-0.2,4.998,4.998,4.998,4.998,248
2022-03-09 08:38:22,3.6,8.5,347,0.0,0.0,0,0.0,0.0,0,158562.00,0.00,0.00,252,14.53,3.51,0.00,-0.2,4.998,4.998,4.998,4.998,119
2022-03-09 08:39:22,4.0,5.6,218,0.0,0.0,0,0.0,0.0,0,158780.00,0.00,0.00,223,14.57,3.11,0.00,-0.2,4.998,4.998,4.998,4.998,19
2022-03-09 08:40:22,8.5,9.2,330,0.0,0.0,0,0.0,0.0,0,159110.00,0.00,0.00,240,14.57,3.33,0.00,-0.2,4.998,4.998,4.998,4.998,173
2022-03-09 08:41:22,4.6,10.7,370,0.0,0.0,0,0.0,0.0,0,159480.00,0.00,0.00,288,14.57,4.00,0.00,-0.2,4.998,4.998,4.998,4.998,160
2022-03-09 08:42:22,4.5,7.0,266,0.0,0.0,0,0.0,0.0,0,159746.00,0.00,0.00,251,14.60,3.49,0.00,-0.2,4.998,4.998,4.998,4.998,171
2022-03-09 08:43:22,4.4,6.2,262,0.0,0.0,0,0.0,0.0,0,160008.00,0.00,0.00,290,14.60,4.02,0.00,-0.2,4.998,4.998,4.998,4.998,117
2022-03-09 08:44:22,4.6,6.2,261,0.0,0.0,0,0.0,0.0,0,160269.00,0.00,0.00,271,14.60,3.76,0.00,-0.2,4.998,4.998,4.998,4.998,43
2022-03-09 08:45:22,2.2,4.3,152,0.0,0.0,0,0.0,0.0,0,160421.00,0.00,0.00,270,14.57,3.74,0.00,0.2,4.998,4.998,4.998,4.998,199
2022-03-09 08:46:22,3.8,7.0,248,0.0,0.0,0,0.0,0.0,0,160669.00,0.00,0.00,253,14.60,3.52,0.00,-0.2,4.998,4.998,4.998,4.998,50
2022-03-09 08:47:22,5.0,7.4,309,0.0,0.0,0,0.0,0.0,0,160978.00,0.00,0.00,229,14.60,3.18,0.00,0.2,4.998,4.998,4.998,4.998,182
2022-03-09 08:48:22,9.6,13.9,467,0.0,0.0,0,0.0,0.0,0,161445.00,0.00,0.00,260,14.57,3.62,0.00,-0.2,4.998,4.998,4.998,4.998,72
2022-03-09 08:49:22,5.2,9.6,414,0.0,0.0,0,0.0,0.0,0,161859.00,0.00,0.00,268,14.60,3.73,0.00,-0.2,4.998,4.998,4.998,4.998,121
2022-03-09 08:50:22,6.5,9.3,423,0.0,0.0,0,0.0,0.0,0,162282.00,0.00,0.00,269,14.60,3.74,0.00,-0.6,4.998,4.998,4.998,4.998,138
2022-03-09 08:51:22,6.7,8.9,448,0.0,0.0,0,0.0,0.0,0,162730.00,0.00,0.00,255,14.60,3.54,0.00,-0.2,4.998,4.998,4.998,4.998,148
2022-03-09 08:52:22,3.7,8.9,392,0.0,0.0,0,0.0,0.0,0,163122.00,0.00,0.00,258,14.60,3.59,0.00,0.2,4.998,4.998,4.998,4.998,252
2022-03-09 08:53:22,4.7,7.2,293,0.0,0.0,0,0.0,0.0,0,163415.00,0.00,0.00,251,14.60,3.48,0.00,0.2,4.998,4.998,4.998,4.998,66
2022-03-09 08:54:22,4.0,7.0,304,0.0,0.0,0,0.0,0.0,0,163719.00,0.00,0.00,261,14.57,3.63,0.00,0.7,4.998,4.998,4.998,4.998,48
2022-03-09 08:55:22,4.5,8.4,317,0.0,0.0,0,0.0,0.0,0,164036.00,0.00,0.00,262,14.60,3.64,0.00,0.7,4.998,4.998,4.998,4.998,163
2022-03-09 08:56:22,5.2,7.4,324,0.0,0.0,0,0.0,0.0,0,164360.00,0.00,0.00,289,14.60,4.02,0.00,0.2,4.998,4.998,4.998,4.998,146
2022-03-09 08:57:22,4.1,7.3,319,0.0,0.0,0,0.0,0.0,0,164679.00,0.00,0.00,272,14.60,3.78,0.00,0.7,4.998,4.998,4.998,4.998,11
2022-03-09 08:58:22,5.4,7.6,353,0.0,0.0,0,0.0,0.0,0,165032.00,0.00,0.00,256,14.57,3.55,0.00,0.7,4.998,4.998,4.998,4.998,127
2022-03-09 08:59:22,5.3,6.8,342,0.0,0.0,0,0.0,0.0,0,165374.00,0.00,0.00,242,14.57,3.36,0.00,0.7,4.998,4.998,4.998,4.998,85
2022-03-09 09:00:22,7.3,10.7,405,0.0,0.0,0,0.0,0.0,0,165779.00,0.00,0.00,291,14.60,4.05,0.00,1.2,4.998,4.998,4.998,4.998,65
2022-03-09 09:01:22,4.5,8.8,329,0.0,0.0,0,0.0,0.0,0,166108.00,0.00,0.00,278,14.57,3.86,0.00,1.2,4.998,4.998,4.998,4.998,179
2022-03-09 09:02:22,3.6,6.4,267,0.0,0.0,0,0.0,0.0,0,166375.00,0.00,0.00,277,14.60,3.85,0.00,1.2,4.998,4.998,4.998,4.998,30
2022-03-09 09:03:22,7.5,9.7,409,0.0,0.0,0,0.0,0.0,0,166784.00,0.00,0.00,249,14.60,3.46,0.00,0.7,4.998,4.998,4.998,4.998,233
2022-03-09 09:04:22,4.8,7.8,295,0.0,0.0,0,0.0,0.0,0,167079.00,0.00,0.00,293,14.57,4.08,0.00,1.2,4.998,4.998,4.998,4.998,115
2022-03-09 09:05:22,5.5,7.4,299,0.0,0.0,0,0.0,0.0,0,167378.00,0.00,0.00,245,14.57,3.41,0.00,1.2,4.998,4.998,4.998,4.998,78
2022-03-09 09:06:22,6.0,8.6,308,0.0,0.0,0,0.0,0.0,0,167686.00,0.00,0.00,256,14.60,3.55,0.00,1.2,4.998,4.998,4.998,4.998,80
2022-03-09 09:07:22,3.9,8.0,351,0.0,0.0,0,0.0,0.0,0,168037.00,0.00,0.00,256,14.60,3.55,0.00,1.7,4.998,4.998,4.998,4.998,50
2022-03-09 09:08:22,5.2,8.2,291,0.0,0.0,0,0.0,0.0,0,168328.00,0.00,0.00,241,14.60,3.34,0.00,2.2,4.998,4.998,4.998,4.998,51
2022-03-09 09:09:22,10.1,10.1,363,0.0,0.0,0,0.0,0.0,0,168691.00,0.00,0.00,243,14.57,3.37,0.00,1.2,4.998,4.998,4.998,4.998,199
2022-03-09 09:10:22,4.9,10.4,375,0.0,0.0,0,0.0,0.0,0,169066.00,0.00,0.00,248,14.60,3.45,0.00,1.2,4.998,4.998,4.998,4.998,209
2022-03-09 09:11:22,4.2,8.8,294,0.0,0.0,0,0.0,0.0,0,169360.00,0.00,0.00,244,14.60,3.39,0.00,1.7,4.998,4.998,4.998,4.998,252
2022-03-09 09:12:22,5.1,7.0,330,0.0,0.0,0,0.0,0.0,0,169690.00,0.00,0.00,256,14.60,3.55,0.00,1.7,4.998,4.998,4.998,4.998,29
2022-03-09 09:13:22,5.0,6.8,287,0.0,0.0,0,0.0,0.0,0,169977.00,0.00,0.00,268,14.64,3.72,0.00,1.2,4.998,4.998,4.998,4.998,52
2022-03-09 09:14:22,7.3,10.0,417,0.0,0.0,0,0.0,0.0,0,170394.00,0.00,0.00,239,14.64,3.32,0.00,1.7,4.998,4.998,4.998,4.998,253
2022-03-09 09:15:22,5.8,12.7,596,0.0,0.0,0,0.0,0.0,0,170990.00,0.00,0.00,241,14.60,3.34,0.00,0.7,4.998,4.998,4.998,4.998,225
2022-03-09 09:16:22,5.3,9.7,389,0.0,0.0,0,0.0,0.0,0,171379.00,0.00,0.00,275,14.60,3.83,0.00,1.7,4.998,4.998,4.998,4.998,20
2022-03-09 09:17:22,7.7,7.7,254,0.0,0.0,0,0.0,0.0,0,171633.00,0.00,0.00,242,14.64,3.36,0.00,2.2,4.998,4.998,4.998,4.998,32
2022-03-09 09:18:22,9.0,11.3,475,0.0,0.0,0,0.0,0.0,0,172108.00,0.00,0.00,233,14.60,3.24,0.00,1.7,4.998,4.998,4.998,4.998,102
2022-03-09 09:19:22,5.5,11.3,396,0.0,0.0,0,0.0,0.0,0,172504.00,0.00,0.00,276,14.60,3.84,0.00,1.7,4.998,4.998,4.998,4.998,230
2022-03-09 09:20:22,7.2,15.8,570,0.0,0.0,0,0.0,0.0,0,173074.00,0.00,0.00,280,14.64,3.89,0.00,1.2,4.998,4.998,4.998,4.998,243
2022-03-09 09:21:22,8.6,11.0,523,0.0,0.0,0,0.0,0.0,0,173597.00,0.00,0.00,246,14.60,3.42,0.00,0.7,4.998,4.998,4.998,4.998,178
2022-03-09 09:22:22,11.2,12.1,494,0.0,0.0,0,0.0,0.0,0,174091.00,0.00,0.00,266,14.57,3.70,0.00,0.7,4.998,4.998,4.998,4.998,189
2022-03-09 09:23:22,5.6,12.8,539,0.0,0.0,0,0.0,0.0,0,174630.00,0.00,0.00,257,14.60,3.57,0.00,1.2,4.998,4.998,4.998,4.998,228
2022-03-09 09:24:22,5.1,14.5,456,0.0,0.0,0,0.0,0.0,0,175086.00,0.00,0.00,296,14.64,4.12,0.00,0.7,4.998,4.998,4.998,4.998,19
2022-03-09 09:25:22,10.4,11.8,463,0.0,0.0,0,0.0,0.0,0,175549.00,0.00,0.00,252,14.57,3.50,0.00,1.2,4.998,4.998,4.998,4.998,181
2022-03-09 09:26:22,5.6,9.9,323,0.0,0.0,0,0.0,0.0,0,175872.00,0.00,0.00,260,14.64,3.62,0.00,1.2,4.998,4.998,4.998,4.998,68
2022-03-09 09:27:22,6.7,7.4,257,0.0,0.0,0,0.0,0.0,0,176129.00,0.00,0.00,228,14.60,3.17,0.00,1.7,4.998,4.998,4.998,4.998,141
2022-03-09 09:28:22,4.9,11.7,459,0.0,0.0,0,0.0,0.0,0,176588.00,0.00,0.00,224,14.64,3.11,0.00,1.2,4.998,4.998,4.998,4.998,64
2022-03-09 09:29:22,6.9,12.8,568,0.0,0.0,0,0.0,0.0,0,177156.00,0.00,0.00,230,14.57,3.20,0.00,1.2,4.998,4.998,4.998,4.998,153
2022-03-09 09:30:22,8.8,12.4,505,0.0,0.0,0,0.0,0.0,0,177661.00,0.00,0.00,260,14.60,3.61,0.00,0.7,4.998,4.998,4.998,4.998,255
2022-03-09 09:31:22,5.8,11.4,490,0.0,0.0,0,0.0,0.0,0,178151.00,0.00,0.00,239,14.60,3.32,0.00,1.2,4.998,4.998,4.998,4.998,131
2022-03-09 09:32:22,5.7,9.8,351,0.0,0.0,0,0.0,0.0,0,178502.00,0.00,0.00,303,14.60,4.20,0.00,0.7,4.998,4.998,4.998,4.998,213
2022-03-09 09:33:22,4.5,8.8,336,0.0,0.0,0,0.0,0.0,0,178838.00,0.00,0.00,312,14.60,4.34,0.00,1.2,4.998,4.998,4.998,4.998,178
2022-03-09 09:34:22,5.0,8.5,405,0.0,0.0,0,0.0,0.0,0,179243.00,0.00,0.00,284,14.60,3.95,0.00,1.2,4.998,4.998,4.998,4.998,245
2022-03-09 09:35:22,5.3,6.2,264,0.0,0.0,0,0.0,0.0,0,179507.00,0.00,0.00,268,14.60,3.73,0.00,1.7,4.998,4.998,4.998,4.998,55
2022-03-09 09:36:22,6.7,8.4,308,0.0,0.0,0,0.0,0.0,0,179815.00,0.00,0.00,272,14.60,3.77,0.00,1.7,4.998,4.998,4.998,4.998,253
2022-03-09 09:37:22,9.5,14.4,574,0.0,0.0,0,0.0,0.0,0,180389.00,0.00,0.00,292,14.64,4.06,0.00,1.2,4.998,4.998,4.998,4.998,244
2022-03-09 09:38:22,9.3,16.8,632,0.0,0.0,0,0.0,0.0,0,181021.00,0.00,0.00,266,14.60,3.70,0.00,1.2,4.998,4.998,4.998,4.998,217
2022-03-09 09:39:22,8.6,10.9,492,0.0,0.0,0,0.0,0.0,0,181513.00,0.00,0.00,264,14.60,3.67,0.00,1.2,4.998,4.998,4.998,4.998,152
2022-03-09 09:40:22,10.1,10.3,352,0.0,0.0,0,0.0,0.0,0,181865.00,0.00,0.00,266,14.60,3.69,0.00,1.2,4.998,4.998,4.998,4.998,5
2022-03-09 09:41:22,5.6,11.6,479,0.0,0.0,0,0.0,0.0,0,182344.00,0.00,0.00,267,14.64,3.71,0.00,0.7,4.998,4.998,4.998,4.998,206
2022-03-09 09:42:22,6.7,11.4,499,0.0,0.0,0,0.0,0.0,0,182843.00,0.00,0.00,288,14.60,4.01,0.00,0.7,4.998,4.998,4.998,4.998,43
2022-03-09 09:43:22,10.0,13.9,528,0.0,0.0,0,0.0,0.0,0,183371.00,0.00,0.00,274,14.60,3.81,0.00,0.7,4.998,4.998,4.998,4.998,191
2022-03-09 09:44:22,9.3,13.7,530,0.0,0.0,0,0.0,0.0,0,183901.00,0.00,0.00,288,14.60,4.00,0.00,0.7,4.998,4.998,4.998,4.998,240
2022-03-09 09:45:22,10.7,14.8,676,0.0,0.0,0,0.0,0.0,0,184577.00,0.00,0.00,289,14.60,4.02,0.00,1.2,4.998,4.998,4.998,4.998,78
2022-03-09 09:46:22,5.4,12.7,548,0.0,0.0,0,0.0,0.0,0,185125.00,0.00,0.00,277,14.60,3.85,0.00,0.7,4.998,4.998,4.998,4.998,99
2022-03-09 09:47:22,4.4,8.8,354,0.0,0.0,0,0.0,0.0,0,185479.00,0.00,0.00,258,14.64,3.58,0.00,1.2,4.998,4.998,4.998,4.998,7
2022-03-09 09:48:22,4.6,10.1,397,0.0,0.0,0,0.0,0.0,0,185876.00,0.00,0.00,261,14.60,3.62,0.00,1.2,4.998,4.998,4.998,4.998,110
2022-03-09 09:49:22,7.3,14.6,613,0.0,0.0,0,0.0,0.0,0,186489.00,0.00,0.00,221,14.60,3.07,0.00,0.2,4.998,4.998,4.998,4.998,3
2022-03-09 09:50:22,6.7,13.2,527,0.0,0.0,0,0.0,0.0,0,187016.00,0.00,0.00,288,14.60,4.01,0.00,0.7,4.998,4.998,4.998,4.998,185
2022-03-09 09:51:22,6.6,11.3,485,0.0,0.0,0,0.0,0.0,0,187501.00,0.00,0.00,267,14.60,3.71,0.00,0.7,4.998,4.998,4.998,4.998,23
2022-03-09 09:52:22,9.6,14.6,667,0.0,0.0,0,0.0,0.0,0,188168.00,0.00,0.00,257,14.60,3.57,0.00,0.7,4.998,4.998,4.998,4.998,14
2022-03-09 09:53:22,7.5,10.0,428,0.0,0.0,0,0.0,0.0,0,188596.00,0.00,0.00,268,14.60,3.73,0.00,1.2,4.998,4.998,4.998,4.998,104
2022-03-09 09:54:22,9.5,13.0,561,0.0,0.0,0,0.0,0.0,0,189157.00,0.00,0.00,266,14.60,3.69,0.00,0.7,4.998,4.998,4.998,4.998,84
2022-03-09 09:55:22,4.8,11.0,405,0.0,0.0,0,0.0,0.0,0,189562.00,0.00,0.00,245,14.60,3.40,0.00,0.7,4.998,4.998,4.998,4.998,48
2022-03-09 09:56:22,7.9,12.2,466,0.0,0.0,0,0.0,0.0,0,190028.00,0.00,0.00,273,14.60,3.79,0.00,1.2,4.998,4.998,4.998,4.998,128
2022-03-09 09:57:22,7.5,10.7,470,0.0,0.0,0,0.0,0.0,0,190498.00,0.00,0.00,211,14.60,2.94,0.00,0.7,4.998,4.998,4.998,4.998,248
2022-03-09 09:58:22,10.3,13.9,565,0.0,0.0,0,0.0,0.0,0,191063.00,0.00,0.00,243,14.60,3.37,0.00,0.7,4.998,4.998,4.998,4.998,112
2022-03-09 09:59:22,7.6,10.8,482,0.0,0.0,0,0.0,0.0,0,191545.00,0.00,0.00,272,14.60,3.78,0.00,0.7,4.998,4.998,4.998,4.998,35
2022-03-09 10:00:22,5.5,9.8,369,0.0,0.0,0,0.0,0.0,0,191914.00,0.00,0.00,294,14.64,4.08,0.00,1.2,4.998,4.998,4.998,4.998,55
2022-03-09 10:01:22,2.8,8.3,251,0.0,0.0,0,0.0,0.0,0,192165.00,0.00,0.00,276,14.60,3.84,0.00,1.2,4.998,4.998,4.998,4.998,83
2022-03-09 10:02:22,3.7,8.1,277,0.0,0.0,0,0.0,0.0,0,192442.00,0.00,0.00,268,14.64,3.73,0.00,1.2,4.998,4.998,4.998,4.998,55
2022-03-09 10:03:22,5.1,9.3,371,0.0,0.0,0,0.0,0.0,0,192813.00,0.00,0.00,336,14.60,4.67,0.00,1.2,4.998,4.998,4.998,4.998,78
2022-03-09 10:04:22,9.4,11.0,471,0.0,0.0,0,0.0,0.0,0,193284.00,0.00,0.00,293,14.60,4.07,0.00,1.2,4.998,4.998,4.998,4.998,61
2022-03-09 10:05:22,10.2,13.0,455,0.0,0.0,0,0.0,0.0,0,193739.00,0.00,0.00,318,14.60,4.42,0.00,0.7,4.998,4.998,4.998,4.998,162
2022-03-09 10:06:22,13.2,16.6,689,0.0,0.0,0,0.0,0.0,0,194428.00,0.00,0.00,242,14.60,3.37,0.00,0.7,4.998,4.998,4.998,4.998,151
2022-03-09 10:07:22,6.4,15.9,462,0.0,0.0,0,0.0,0.0,0,194890.00,0.00,0.00,281,14.60,3.91,0.00,0.7,4.998,4.998,4.998,4.998,46
2022-03-09 10:08:22,9.1,12.2,390,0.0,0.0,0,0.0,0.0,0,195280.00,0.00,0.00,277,14.60,3.84,0.00,0.7,4.998,4.998,4.998,4.998,122
2022-03-09 10:09:22,8.7,12.4,505,0.0,0.0,0,0.0,0.0,0,195785.00,0.00,0.00,280,14.60,3.89,0.00,0.7,4.998,4.998,4.998,4.998,158
2022-03-09 10:10:22,6.5,12.3,514,0.0,0.0,0,0.0,0.0,0,196299.00,0.00,0.00,309,14.64,4.29,0.00,0.7,4.998,4.998,4.998,4.998,3
2022-03-09 10:11:22,5.3,10.3,493,0.0,0.0,0,0.0,0.0,0,196792.00,0.00,0.00,285,14.60,3.95,0.00,0.7,4.998,4.998,4.998,4.998,118
2022-03-09 10:12:22,10.3,10.8,397,0.0,0.0,0,0.0,0.0,0,197189.00,0.00,0.00,287,14.64,3.99,0.00,0.7,4.998,4.998,4.998,4.998,159
2022-03-09 10:13:22,7.1,12.3,458,0.0,0.0,0,0.0,0.0,0,197647.00,0.00,0.00,275,14.64,3.82,0.00,0.2,4.998,4.998,4.998,4.998,113
2022-03-09 10:14:22,6.2,8.7,333,0.0,0.0,0,0.0,0.0,0,197980.00,0.00,0.00,281,14.57,3.91,0.00,1.2,4.998,4.998,4.998,4.998,135
2022-03-09 10:15:22,5.4,8.3,350,0.0,0.0,0,0.0,0.0,0,198330.00,0.00,0.00,244,14.60,3.39,0.00,0.7,4.998,4.998,4.998,4.998,252
2022-03-09 10:16:22,5.9,7.3,309,0.0,0.0,0,0.0,0.0,0,198639.00,0.00,0.00,311,14.60,4.32,0.00,1.2,4.998,4.998,4.998,4.998,7
2022-03-09 10:17:22,3.5,6.7,238,0.0,0.0,0,0.0,0.0,0,198877.00,0.00,0.00,233,14.64,3.23,0.00,1.2,4.998,4.998,4.998,4.998,228
2022-03-09 10:18:22,7.8,11.7,517,0.0,0.0,0,0.0,0.0,0,199394.00,0.00,0.00,225,14.64,3.13,0.00,1.2,4.998,4.998,4.998,4.998,40
2022-03-09 10:19:22,6.8,14.3,589,0.0,0.0,0,0.0,0.0,0,199983.00,0.00,0.00,250,14.60,3.48,0.00,0.7,4.998,4.998,4.998,4.998,92
2022-03-09 10:20:22,3.9,9.5,354,0.0,0.0,0,0.0,0.0,0,200337.00,0.00,0.00,267,14.64,3.72,0.00,1.2,4.998,4.998,4.998,4.998,210
2022-03-09 10:21:22,12.1,19.9,521,0.0,0.0,0,0.0,0.0,0,200858.00,0.00,0.00,272,14.60,3.78,0.00,1.2,4.998,4.998,4.998,4.998,196
2022-03-09 10:22:22,7.2,19.8,819,0.0,0.0,0,0.0,0.0,0,201677.00,0.00,0.00,273,14.60,3.80,0.00,0.7,4.998,4.998,4.998,4.998,131
2022-03-09 10:23:22,11.1,15.9,607,0.0,0.0,0,0.0,0.0,0,202284.00,0.00,0.00,242,14.60,3.36,0.00,0.7,4.998,4.998,4.998,4.998,246
2022-03-09 10:24:22,10.9,11.8,537,0.0,0.0,0,0.0,0.0,0,202821.00,0.00,0.00,265,14.64,3.68,0.00,0.7,4.998,4.998,4.998,4.998,168
2022-03-09 10:25:22,7.0,14.3,630,0.0,0.0,0,0.0,0.0,0,203451.00,0.00,0.00,242,14.60,3.37,0.00,1.2,4.998,4.998,4.998,4.998,126
2022-03-09 10:26:22,8.3,12.6,488,0.0,0.0,0,0.0,0.0,0,203939.00,0.00,0.00,262,14.60,3.64,0.00,0.7,4.998,4.998,4.998,4.998,100
2022-03-09 10:27:22,5.4,14.0,500,0.0,0.0,0,0.0,0.0,0,204439.00,0.00,0.00,275,14.60,3.83,0.00,1.2,4.998,4.998,4.998,4.998,125
2022-03-09 10:28:22,9.3,13.5,503,0.0,0.0,0,0.0,0.0,0,204942.00,0.00,0.00,236,14.64,3.28,0.00,1.2,4.998,4.998,4.998,4.998,45
2022-03-09 10:29:22,3.1,12.0,464,0.0,0.0,0,0.0,0.0,0,205406.00,0.00,0.00,239,14.60,3.32,0.00,1.2,4.998,4.998,4.998,4.998,97
2022-03-09 10:30:22,6.5,11.6,481,0.0,0.0,0,0.0,0.0,0,205887.00,0.00,0.00,306,14.60,4.25,0.00,1.2,4.998,4.998,4.998,4.998,6
2022-03-09 10:31:22,6.9,11.4,417,0.0,0.0,0,0.0,0.0,0,206304.00,0.00,0.00,286,14.60,3.97,0.00,1.2,4.998,4.998,4.998,4.998,61
2022-03-09 10:32:22,8.0,14.3,506,0.0,0.0,0,0.0,0.0,0,206810.00,0.00,0.00,292,14.60,4.05,0.00,1.2,4.998,4.998,4.998,4.998,31
2022-03-09 10:33:22,10.3,10.5,423,0.0,0.0,0,0.0,0.0,0,207233.00,0.00,0.00,310,14.57,4.30,0.00,1.7,4.998,4.998,4.998,4.998,152
2022-03-09 10:34:22,7.4,12.3,526,0.0,0.0,0,0.0,0.0,0,207759.00,0.00,0.00,284,14.64,3.95,0.00,1.2,4.998,4.998,4.998,4.998,197
2022-03-09 10:35:22,9.0,14.8,600,0.0,0.0,0,0.0,0.0,0,208359.00,0.00,0.00,294,14.60,4.09,0.00,1.2,4.998,4.998,4.998,4.998,13
2022-03-09 10:36:22,8.1,14.7,606,0.0,0.0,0,0.0,0.0,0,208965.00,0.00,0.00,294,14.64,4.09,0.00,1.7,4.998,4.998,4.998,4.998,126
2022-03-09 10:37:22,7.0,11.8,516,0.0,0.0,0,0.0,0.0,0,209481.00,0.00,0.00,301,14.60,4.19,0.00,1.2,4.998,4.998,4.998,4.998,135
2022-03-09 10:38:22,6.0,10.3,382,0.0,0.0,0,0.0,0.0,0,209863.00,0.00,0.00,278,14.64,3.87,0.00,1.7,4.998,4.998,4.998,4.998,19
2022-03-09 10:39:22,9.7,11.4,450,0.0,0.0,0,0.0,0.0,0,210313.00,0.00,0.00,314,14.64,4.37,0.00,1.7,4.998,4.998,4.998,4.998,6
2022-03-09 10:40:22,9.7,17.3,746,0.0,0.0,0,0.0,0.0,0,211059.00,0.00,0.00,280,14.64,3.89,0.00,1.2,4.998,4.998,4.998,4.998,172
2022-03-09 10:41:22,5.8,19.8,731,0.0,0.0,0,0.0,0.0,0,211790.00,0.00,0.00,234,14.33,3.25,0.00,1.2,4.998,4.998,4.998,4.998,13
2022-03-09 10:42:22,7.1,13.8,540,0.0,0.0,0,0.0,0.0,0,212330.00,0.00,0.00,271,14.25,3.76,0.00,1.2,4.998,4.998,4.998,4.998,169
2022-03-09 10:43:22,12.3,15.7,597,0.0,0.0,0,0.0,0.0,0,212927.00,0.00,0.00,256,14.21,3.56,0.00,1.7,4.998,4.998,4.998,4.998,176
2022-03-09 10:44:22,8.7,17.6,746,0.0,0.0,0,0.0,0.0,0,213673.00,0.00,0.00,257,14.21,3.57,0.00,1.2,4.998,4.998,4.998,4.998,218
2022-03-09 10:45:22,7.4,17.2,574,0.0,0.0,0,0.0,0.0,0,214247.00,0.00,0.00,306,14.21,4.25,0.00,1.2,4.998,4.998,4.998,4.998,124
2022-03-09 10:46:22,5.8,17.2,684,0.0,0.0,0,0.0,0.0,0,214931.00,0.00,0.00,298,14.21,4.14,0.00,1.2,4.998,4.998,4.998,4.998,84
2022-03-09 10:47:22,14.6,18.9,721,0.0,0.0,0,0.0,0.0,0,215652.00,0.00,0.00,280,14.17,3.89,0.00,0.7,4.998,4.998,4.998,4.998,134
2022-03-09 10:48:22,5.2,15.2,593,0.0,0.0,0,0.0,0.0,0,216245.00,0.00,0.00,274,14.21,3.81,0.00,1.2,4.998,4.998,4.998,4.998,124
2022-03-09 10:49:22,7.2,11.1,377,0.0,0.0,0,0.0,0.0,0,216622.00,0.00,0.00,309,14.17,4.30,0.00,1.7,4.998,4.998,4.998,4.998,222
2022-03-09 10:50:22,11.9,15.5,582,0.0,0.0,0,0.0,0.0,0,217204.00,0.00,0.00,278,14.21,3.86,0.00,1.2,4.998,4.998,4.998,4.998,7
2022-03-09 10:51:22,13.2,16.0,705,0.0,0.0,0,0.0,0.0,0,217909.00,0.00,0.00,243,14.17,3.37,0.00,0.7,4.998,4.998,4.998,4.998,26
2022-03-09 10:52:22,5.8,20.0,643,0.0,0.0,0,0.0,0.0,0,218552.00,0.00,0.00,305,14.17,4.24,0.00,1.2,4.998,4.998,4.998,4.998,156
2022-03-09 10:53:22,5.3,16.6,654,0.0,0.0,0,0.0,0.0,0,219206.00,0.00,0.00,260,14.17,3.62,0.00,1.2,4.998,4.998,4.998,4.998,225
2022-03-09 10:54:22,5.8,9.3,428,0.0,0.0,0,0.0,0.0,0,219634.00,0.00,0.00,249,14.17,3.46,0.00,1.7,4.998,4.998,4.998,4.998,89
2022-03-09 10:55:22,13.5,16.3,682,0.0,0.0,0,0.0,0.0,0,220316.00,0.00,0.00,238,14.17,3.31,0.00,1.2,4.998,4.998,4.998,4.998,146
2022-03-09 10:56:22,7.2,14.5,636,0.0,0.0,0,0.0,0.0,0,220952.00,0.00,0.00,283,14.17,3.94,0.00,1.2,4.998,4.998,4.998,4.998,248
2022-03-09 10:57:22,6.2,15.1,658,0.0,0.0,0,0.0,0.0,0,221610.00,0.00,0.00,288,14.17,4.00,0.00,0.7,4.998,4.998,4.998,4.998,4
2022-03-09 10:58:22,8.1,12.9,535,0.0,0.0,0,0.0,0.0,0,222145.00,0.00,0.00,263,14.17,3.65,0.00,1.2,4.998,4.998,4.998,4.998,225
2022-03-09 10:59:22,6.4,13.0,452,0.0,0.0,0,0.0,0.0,0,222597.00,0.00,0.00,264,14.17,3.67,0.00,2.2,4.998,4.998,4.998,4.998,240
2022-03-09 11:00:22,9.8,14.0,536,0.0,0.0,0,0.0,0.0,0,223133.00,0.00,0.00,270,14.17,3.75,0.00,1.2,4.998,4.998,4.998,4.998,220
2022-03-09 11:01:22,11.3,13.6,678,0.0,0.0,0,0.0,0.0,0,223811.00,0.00,0.00,255,14.17,3.55,0.00,1.2,4.998,4.998,4.998,4.998,114
2022-03-09 11:02:22,4.1,13.3,539,0.0,0.0,0,0.0,0.0,0,224350.00,0.00,0.00,278,14.17,3.86,0.00,0.7,4.998,4.998,4.998,4.998,226
2022-03-09 11:03:22,9.6,10.6,356,0.0,0.0,0,0.0,0.0,0,224706.00,0.00,0.00,316,14.17,4.39,0.00,1.2,4.998,4.998,4.998,4.998,44
2022-03-09 11:04:22,8.7,11.2,503,0.0,0.0,0,0.0,0.0,0,225209.00,0.00,0.00,303,14.17,4.20,0.00,0.7,4.998,4.998,4.998,4.998,250
2022-03-09 11:05:22,6.9,10.0,399,0.0,0.0,0,0.0,0.0,0,225608.00,0.00,0.00,272,14.17,3.77,0.00,1.2,4.998,4.998,4.998,4.998,13
2022-03-09 11:06:22,5.8,9.7,421,0.0,0.0,0,0.0,0.0,0,226029.00,0.00,0.00,226,14.14,3.14,0.00,1.7,4.998,4.998,4.998,4.998,139
2022-03-09 11:07:22,9.3,12.1,470,0.0,0.0,0,0.0,0.0,0,226499.00,0.00,0.00,271,14.21,3.77,0.00,1.2,4.998,4.998,4.998,4.998,225
2022-03-09 11:08:22,5.7,14.9,685,0.0,0.0,0,0.0,0.0,0,227184.00,0.00,0.00,282,14.21,3.92,0.00,1.2,4.998,4.998,4.998,4.998,73
2022-03-09 11:09:22,7.1,12.6,587,0.0,0.0,0,0.0,0.0,0,227771.00,0.00,0.00,272,14.17,3.77,0.00,1.2,4.998,4.998,4.998,4.998,59
2022-03-09 11:10:22,11.0,12.4,517,0.0,0.0,0,0.0,0.0,0,228288.00,0.00,0.00,251,14.17,3.49,0.00,1.2,4.998,4.998,4.998,4.998,79
2022-03-09 11:11:22,10.7,13.0,456,0.0,0.0,0,0.0,0.0,0,228744.00,0.00,0.00,285,14.17,3.96,0.00,1.7,4.998,4.998,4.998,4.998,154
2022-03-09 11:12:22,7.3,14.1,632,0.0,0.0,0,0.0,0.0,0,229376.00,0.00,0.00,229,14.17,3.18,0.00,1.2,4.998,4.998,4.998,4.998,231
2022-03-09 11:13:22,5.7,12.6,526,0.0,0.0,0,0.0,0.0,0,229902.00,0.00,0.00,291,14.17,4.05,0.00,1.2,4.998,4.998,4.998,4.998,91
2022-03-09 11:14:22,7.8,11.6,539,0.0,0.0,0,0.0,0.0,0,230441.00,0.00,0.00,265,14.17,3.69,0.00,1.2,4.998,4.998,4.998,4.998,28
2022-03-09 11:15:22,6.5,15.6,527,0.0,0.0,0,0.0,0.0,0,230968.00,0.00,0.00,245,14.17,3.40,0.00,1.2,4.998,4.998,4.998,4.998,56
2022-03-09 11:16:22,8.6,11.6,520,0.0,0.0,0,0.0,0.0,0,231488.00,0.00,0.00,282,14.17,3.92,0.00,1.2,4.998,4.998,4.998,4.998,245
2022-03-09 11:17:22,4.1,11.4,491,0.0,0.0,0,0.0,0.0,0,231979.00,0.00,0.00,255,14.17,3.54,0.00,1.7,4.998,4.998,4.998,4.998,3
2022-03-09 11:18:22,9.0,12.4,433,0.0,0.0,0,0.0,0.0,0,232412.00,0.00,0.00,250,14.17,3.47,0.00,2.2,4.998,4.998,4.998,4.998,57
2022-03-09 11:19:22,5.3,12.5,532,0.0,0.0,0,0.0,0.0,0,232944.00,0.00,0.00,275,14.17,3.83,0.00,1.7,4.998,4.998,4.998,4.998,32
2022-03-09 11:20:22,4.9,10.7,387,0.0,0.0,0,0.0,0.0,0,233331.00,0.00,0.00,249,14.17,3.47,0.00,2.2,4.998,4.998,4.998,4.998,102
2022-03-09 11:21:22,7.3,9.0,349,0.0,0.0,0,0.0,0.0,0,233680.00,0.00,0.00,329,14.17,4.58,0.00,2.2,4.998,4.998,4.998,4.998,91
2022-03-09 11:22:22,7.1,13.8,537,0.0,0.0,0,0.0,0.0,0,234217.00,0.00,0.00,270,14.17,3.75,0.00,1.7,4.998,4.998,4.998,4.998,161
2022-03-09 11:23:22,10.9,12.0,542,0.0,0.0,0,0.0,0.0,0,234759.00,0.00,0.00,246,14.17,3.41,0.00,1.7,4.998,4.998,4.998,4.998,52
2022-03-09 11:24:22,8.0,11.2,493,0.0,0.0,0,0.0,0.0,0,235252.00,0.00,0.00,306,14.17,4.25,0.00,1.7,4.998,4.998,4.998,4.998,216
2022-03-09 11:25:22,7.0,12.0,520,0.0,0.0,0,0.0,0.0,0,235772.00,0.00,0.00,243,14.17,3.38,0.00,1.2,4.998,4.998,4.998,4.998,210
2022-03-09 11:26:22,7.9,13.2,569,0.0,0.0,0,0.0,0.0,0,236341.00,0.00,0.00,268,14.17,3.73,0.00,1.2,4.998,4.998,4.998,4.998,106
2022-03-09 11:27:22,9.6,13.5,593,0.0,0.0,0,0.0,0.0,0,236934.00,0.00,0.00,245,14.17,3.40,0.00,1.2,4.998,4.998,4.998,4.998,232
2022-03-09 11:28:22,10.9,14.5,603,0.0,0.0,0,0.0,0.0,0,237537.00,0.00,0.00,266,14.17,3.70,0.00,1.2,4.998,4.998,4.998,4.998,225
2022-03-09 11:29:22,11.2,16.1,700,0.0,0.0,0,0.0,0.0,0,238237.00,0.00,0.00,223,14.17,3.10,0.00,1.2,4.998,4.998,4.998,4.998,192
2022-03-09 11:30:22,6.9,15.3,551,0.0,0.0,0,0.0,0.0,0,238788.00,0.00,0.00,270,14.17,3.75,0.00,1.7,4.998,4.998,4.998,4.998,18
2022-03-09 11:31:22,10.9,14.7,607,0.0,0.0,0,0.0,0.0,0,239395.00,0.00,0.00,245,14.21,3.40,0.00,1.2,4.998,4.998,4.998,4.998,198
2022-03-09 11:32:22,10.4,15.3,619,0.0,0.0,0,0.0,0.0,0,240014.00,0.00,0.00,258,14.17,3.59,0.00,1.2,4.998,4.998,4.998,4.998,164
2022-03-09 11:33:22,4.5,12.5,434,0.0,0.0,0,0.0,0.0,0,240448.00,0.00,0.00,283,14.17,3.94,0.00,1.7,4.998,4.998,4.998,4.998,103
2022-03-09 11:34:22,4.5,6.2,256,0.0,0.0,0,0.0,0.0,0,240704.00,0.00,0.00,264,14.17,3.66,0.00,2.7,4.998,4.998,4.998,4.998,23
2022-03-09 11:35:22,10.6,13.2,489,0.0,0.0,0,0.0,0.0,0,241193.00,0.00,0.00,233,14.17,3.24,0.00,1.7,4.998,4.998,4.998,4.998,126
2022-03-09 11:36:22,6.8,10.8,492,0.0,0.0,0,0.0,0.0,0,241685.00,0.00,0.00,253,14.17,3.52,0.00,2.2,4.998,4.998,4.998,4.998,94
2022-03-09 11:37:22,5.7,9.3,425,0.0,0.0,0,0.0,0.0,0,242110.00,0.00,0.00,291,14.17,4.05,0.00,2.2,4.998,4.998,4.998,4.998,5
2022-03-09 11:38:22,3.6,8.3,327,0.0,0.0,0,0.0,0.0,0,242437.00,0.00,0.00,322,14.17,4.47,0.00,2.2,4.998,4.998,4.998,4.998,219
2022-03-09 11:39:22,4.9,8.1,366,0.0,0.0,0,0.0,0.0,0,242803.00,0.00,0.00,280,14.17,3.89,0.00,2.2,4.998,4.998,4.998,4.998,222
2022-03-09 11:40:22,5.4,10.5,438,0.0,0.0,0,0.0,0.0,0,243241.00,0.00,0.00,300,14.17,4.16,0.00,2.2,4.998,4.998,4.998,4.998,53
2022-03-09 11:41:22,7.5,11.6,415,0.0,0.0,0,0.0,0.0,0,243656.00,0.00,0.00,232,14.17,3.23,0.00,2.7,4.998,4.998,4.998,4.998,53
2022-03-09 11:42:22,4.5,11.4,467,0.0,0.0,0,0.0,0.0,0,244123.00,0.00,0.00,255,14.17,3.55,0.00,2.2,4.998,4.998,4.998,4.998,123
2022-03-09 11:43:22,7.1,10.5,433,0.0,0.0,0,0.0,0.0,0,244556.00,0.00,0.00,259,14.17,3.59,0.00,3.2,4.998,4.998,4.998,4.998,226
2022-03-09 11:44:22,6.7,9.8,425,0.0,0.0,0,0.0,0.0,0,244981.00,0.00,0.00,254,14.17,3.53,0.00,2.7,4.998,4.998,4.998,4.998,203
2022-03-09 11:45:22,6.1,11.9,475,0.0,0.0,0,0.0,0.0,0,245456.00,0.00,0.00,272,14.17,3.78,0.00,2.2,4.998,4.998,4.998,4.998,156
2022-03-09 11:46:22,10.7,14.6,514,0.0,0.0,0,0.0,0.0,0,245970.00,0.00,0.00,285,14.17,3.96,0.00,2.2,4.998,4.998,4.998,4.998,6
2022-03-09 11:47:22,6.4,12.0,540,0.0,0.0,0,0.0,0.0,0,246510.00,0.00,0.00,281,14.14,3.90,0.00,2.2,4.998,4.998,4.998,4.998,139
2022-03-09 11:48:22,7.1,9.4,399,0.0,0.0,0,0.0,0.0,0,246909.00,0.00,0.00,318,14.17,4.41,0.00,2.2,4.998,4.998,4.998,4.998,10
2022-03-09 11:49:22,5.5,9.4,396,0.0,0.0,0,0.0,0.0,0,247305.00,0.00,0.00,274,14.17,3.81,0.00,1.7,4.998,4.998,4.998,4.998,165
2022-03-09 11:50:22,6.7,6.7,282,0.0,0.0,0,0.0,0.0,0,247587.00,0.00,0.00,293,14.17,4.07,0.00,2.2,4.998,4.998,4.998,4.998,214
2022-03-09 11:51:22,8.6,10.4,400,0.0,0.0,0,0.0,0.0,0,247987.00,0.00,0.00,303,14.17,4.20,0.00,2.7,4.998,4.998,4.998,4.998,212
2022-03-09 11:52:22,6.2,11.1,425,0.0,0.0,0,0.0,0.0,0,248412.00,0.00,0.00,287,14.17,3.99,0.00,2.2,4.998,4.998,4.998,4.998,232
2022-03-09 11:53:22,5.9,11.0,514,0.0,0.0,0,0.0,0.0,0,248926.00,0.00,0.00,284,14.17,3.94,0.00,1.7,4.998,4.998,4.998,4.998,119
2022-03-09 11:54:22,9.9,12.1,411,0.0,0.0,0,0.0,0.0,0,249337.00,0.00,0.00,278,14.17,3.87,0.00,2.2,4.998,4.998,4.998,4.998,76
2022-03-09 11:55:22,8.5,11.6,453,0.0,0.0,0,0.0,0.0,0,249790.00,0.00,0.00,267,14.17,3.71,0.00,2.2,4.998,4.998,4.998,4.998,14
2022-03-09 11:56:22,3.0,9.6,292,0.0,0.0,0,0.0,0.0,0,250082.00,0.00,0.00,266,14.17,3.70,0.00,2.2,4.998,4.998,4.998,4.998,211
2022-03-09 11:57:22,3.6,5.8,193,0.0,0.0,0,0.0,0.0,0,250275.00,0.00,0.00,261,14.17,3.63,0.00,2.7,4.998,4.998,4.998,4.998,235
2022-03-09 11:58:22,3.0,9.8,318,0.0,0.0,0,0.0,0.0,0,250593.00,0.00,0.00,223,14.17,3.10,0.00,3.2,4.998,4.998,4.998,4.998,100
2022-03-09 11:59:22,6.7,8.3,282,0.0,0.0,0,0.0,0.0,0,250875.00,0.00,0.00,293,14.17,4.07,0.00,3.2,4.998,4.998,4.998,4.998,123
2022-03-09 12:00:22,9.0,13.5,559,0.0,0.0,0,0.0,0.0,0,251434.00,0.00,0.00,298,14.17,4.14,0.00,2.2,4.998,4.998,4.998,4.998,150
2022-03-09 12:01:22,7.9,13.2,612,0.0,0.0,0,0.0,0.0,0,252046.00,0.00,0.00,278,14.17,3.86,0.00,2.2,4.998,4.998,4.998,4.998,49
2022-03-09 12:02:22,7.5,10.6,492,0.0,0.0,0,0.0,0.0,0,252538.00,0.00,0.00,259,14.17,3.60,0.00,1.7,4.998,4.998,4.998,4.998,55
2022-03-09 12:03:22,10.2,13.1,597,0.0,0.0,0,0.0,0.0,0,253135.00,0.00,0.00,289,14.17,4.02,0.00,2.2,4.998,4.998,4.998,4.998,52
2022-03-09 12:04:22,7.2,12.7,494,0.0,0.0,0,0.0,0.0,0,253629.00,0.00,0.00,268,14.17,3.72,0.00,2.2,4.998,4.998,4.998,4.998,169
2022-03-09 12:05:22,5.7,10.2,437,0.0,0.0,0,0.0,0.0,0,254066.00,0.00,0.00,260,14.17,3.62,0.00,2.2,4.998,4.998,4.998,4.998,62
2022-03-09 12:06:22,7.1,10.2,456,0.0,0.0,0,0.0,0.0,0,254522.00,0.00,0.00,316,14.17,4.39,0.00,2.2,4.998,4.998,4.998,4.998,145
2022-03-09 12:07:22,2.9,10.2,414,0.0,0.0,0,0.0,0.0,0,254936.00,0.00,0.00,296,14.17,4.12,0.00,1.7,4.998,4.998,4.998,4.998,203
2022-03-09 12:08:22,5.5,9.1,286,0.0,0.0,0,0.0,0.0,0,255222.00,0.00,0.00,282,14.17,3.92,0.00,2.7,4.998,4.998,4.998,4.998,132
2022-03-09 12:09:22,4.5,7.3,347,0.0,0.0,0,0.0,0.0,0,255569.00,0.00,0.00,293,14.17,4.07,0.00,2.7,4.998,4.998,4.998,4.998,175
2022-03-09 12:10:22,3.4,9.4,295,0.0,0.0,0,0.0,0.0,0,255864.00,0.00,0.00,300,14.17,4.17,0.00,2.7,4.998,4.998,4.998,4.998,226
2022-03-09 12:11:22,4.5,10.4,381,0.0,0.0,0,0.0,0.0,0,256245.00,0.00,0.00,295,14.17,4.10,0.00,2.7,4.998,4.998,4.998,4.998,220
2022-03-09 12:12:22,5.1,8.9,326,0.0,0.0,0,0.0,0.0,0,256571.00,0.00,0.00,324,14.17,4.50,0.00,2.7,4.998,4.998,4.998,4.998,62
2022-03-09 12:13:22,2.7,7.2,291,0.0,0.0,0,0.0,0.0,0,256862.00,0.00,0.00,306,14.17,4.26,0.00,2.7,4.998,4.998,4.998,4.998,63
2022-03-09 12:14:22,5.5,7.0,232,0.0,0.0,0,0.0,0.0,0,257094.00,0.00,0.00,318,14.17,4.41,0.00,3.2,4.998,4.998,4.998,4.998,116
2022-03-09 12:15:22,8.1,9.0,366,0.0,0.0,0,0.0,0.0,0,257460.00,0.00,0.00,325,14.17,4.52,0.00,3.2,4.998,4.998,4.998,4.998,226
2022-03-09 12:16:22,4.0,11.3,411,0.0,0.0,0,0.0,0.0,0,257871.00,0.00,0.00,309,14.14,4.30,0.00,2.7,4.998,4.998,4.998,4.998,179
2022-03-09 12:17:22,3.7,8.5,289,0.0,0.0,0,0.0,0.0,0,258160.00,0.00,0.00,280,14.14,3.89,0.00,3.2,4.998,4.998,4.998,4.998,79
2022-03-09 12:18:22,5.5,9.4,327,0.0,0.0,0,0.0,0.0,0,258487.00,0.00,0.00,256,14.17,3.55,0.00,3.7,4.998,4.998,4.998,4.998,71
2022-03-09 12:19:22,8.1,8.9,392,0.0,0.0,0,0.0,0.0,0,258879.00,0.00,0.00,321,14.14,4.46,0.00,3.7,4.998,4.998,4.998,4.998,222
2022-03-09 12:20:22,5.5,9.2,379,0.0,0.0,0,0.0,0.0,0,259258.00,0.00,0.00,337,14.17,4.69,0.00,3.7,4.998,4.998,4.998,4.998,253
2022-03-09 12:21:22,5.7,9.2,337,0.0,0.0,0,0.0,0.0,0,259595.00,0.00,0.00,329,14.17,4.57,0.00,3.2,4.998,4.998,4.998,4.998,150
2022-03-09 12:22:22,4.8,7.6,289,0.0,0.0,0,0.0,0.0,0,259884.00,0.00,0.00,312,14.17,4.34,0.00,3.2,4.998,4.998,4.998,4.998,10
2022-03-09 12:23:22,2.2,4.9,196,0.0,0.0,0,0.0,0.0,0,260080.00,0.00,0.00,341,14.17,4.74,0.00,4.1,4.998,4.998,4.998,4.998,156
2022-03-09 12:24:22,1.9,5.2,151,0.0,0.0,0,0.0,0.0,0,260231.00,0.00,0.00,300,14.17,4.16,0.00,3.7,4.998,4.998,4.998,4.998,141
2022-03-09 12:25:22,4.8,7.9,222,0.0,0.0,0,0.0,0.0,0,260453.00,0.00,0.00,291,14.17,4.04,0.00,3.7,4.998,4.998,4.998,4.998,156
2022-03-09 12:26:22,4.5,5.6,259,0.0,0.0,0,0.0,0.0,0,260712.00,0.00,0.00,264,14.14,3.67,0.00,3.2,4.998,4.998,4.998,4.998,62
2022-03-09 12:27:22,8.1,8.9,246,0.0,0.0,0,0.0,0.0,0,260958.00,0.00,0.00,244,14.17,3.39,0.00,3.7,4.998,4.998,4.998,4.998,122
2022-03-09 12:28:22,7.3,9.5,357,0.0,0.0,0,0.0,0.0,0,261315.00,0.00,0.00,194,14.14,2.69,0.00,3.2,4.998,4.998,4.998,4.998,94
2022-03-09 12:29:22,4.5,10.2,358,0.0,0.0,0,0.0,0.0,0,261673.00,0.00,0.00,246,14.14,3.41,0.00,3.2,4.998,4.998,4.998,4.998,223
2022-03-09 12:30:22,2.1,8.5,327,0.0,0.0,0,0.0,0.0,0,262000.00,0.00,0.00,276,14.14,3.83,0.00,3.2,4.998,4.998,4.998,4.998,205
2022-03-09 12:31:22,4.5,5.7,179,0.0,0.0,0,0.0,0.0,0,262179.00,0.00,0.00,289,14.10,4.01,0.00,4.1,4.998,4.998,4.998,4.998,232
2022-03-09 12:32:22,2.8,7.1,252,0.0,0.0,0,0.0,0.0,0,262431.00,0.00,0.00,304,14.10,4.22,0.00,4.1,4.998,4.998,4.998,4.998,77
2022-03-09 12:33:22,3.9,9.1,329,0.0,0.0,0,0.0,0.0,0,262760.00,0.00,0.00,231,14.14,3.21,0.00,3.7,4.998,4.998,4.998,4.998,135
2022-03-09 12:34:22,3.7,6.6,254,0.0,0.0,0,0.0,0.0,0,263014.00,0.00,0.00,319,14.10,4.43,0.00,4.1,4.998,4.998,4.998,4.998,56
2022-03-09 12:35:22,2.5,7.9,236,0.0,0.0,0,0.0,0.0,0,263250.00,0.00,0.00,343,14.14,4.77,0.00,4.1,4.998,4.998,4.998,4.998,242
2022-03-09 12:36:22,4.2,5.6,257,0.0,0.0,0,0.0,0.0,0,263507.00,0.00,0.00,312,14.10,4.34,0.00,3.7,4.998,4.998,4.998,4.998,10
2022-03-09 12:37:22,3.0,5.0,121,0.0,0.0,0,0.0,0.0,0,263628.00,0.00,0.00,283,14.10,3.94,0.00,4.1,4.998,4.998,4.998,4.998,193
2022-03-09 12:38:22,5.2,5.9,242,0.0,0.0,0,0.0,0.0,0,263870.00,0.00,0.00,263,14.10,3.65,0.00,4.1,4.998,4.998,4.998,4.998,116
2022-03-09 12:39:22,4.7,8.1,390,0.0,0.0,0,0.0,0.0,0,264260.00,0.00,0.00,243,14.10,3.38,0.00,3.2,4.998,4.998,4.998,4.998,60
2022-03-09 12:40:22,6.2,6.5,237,0.0,0.0,0,0.0,0.0,0,264497.00,0.00,0.00,233,14.14,3.24,0.00,3.7,4.998,4.998,4.998,4.998,198
2022-03-09 12:41:22,4.5,6.5,256,0.0,0.0,0,0.0,0.0,0,264753.00,0.00,0.00,185,14.14,2.57,0.00,4.1,4.998,4.998,4.998,4.998,133
2022-03-09 12:42:22,5.8,6.4,203,0.0,0.0,0,0.0,0.0,0,264956.00,0.00,0.00,202,14.14,2.81,0.00,4.1,4.998,4.998,4.998,4.998,123
2022-03-09 12:43:22,3.7,6.1,242,0.0,0.0,0,0.0,0.0,0,265198.00,0.00,0.00,252,14.10,3.51,0.00,4.1,4.998,4.998,4.998,4.998,239
2022-03-09 12:44:22,2.4,4.2,120,0.0,0.0,0,0.0,0.0,0,265318.00,0.00,0.00,119,14.10,1.66,0.00,4.1,4.998,4.998,4.998,4.998,217
2022-03-09 12:45:22,3.8,4.0,117,0.0,0.0,0,0.0,0.0,0,265435.00,0.00,0.00,236,14.10,3.28,0.00,4.1,4.998,4.998,4.998,4.998,96
2022-03-09 12:46:22,3.1,5.2,233,0.0,0.0,0,0.0,0.0,0,265668.00,0.00,0.00,337,14.10,4.69,0.00,4.1,4.998,4.998,4.998,4.998,241
2022-03-09 12:47:22,4.3,5.2,114,0.0,0.0,0,0.0,0.0,0,265782.00,0.00,0.00,276,14.17,3.84,0.00,4.1,4.998,4.998,4.998,4.998,109
2022-03-09 12:48:22,4.8,8.3,353,0.0,0.0,0,0.0,0.0,0,266135.00,0.00,0.00,228,14.10,3.16,0.00,3.7,4.998,4.998,4.998,4.998,168
2022-03-09 12:49:22,7.1,7.8,336,0.0,0.0,0,0.0,0.0,0,266471.00,0.00,0.00,229,14.10,3.18,0.00,3.2,4.998,4.998,4.998,4.998,61
2022-03-09 12:50:22,5.0,9.5,411,0.0,0.0,0,0.0,0.0,0,266882.00,0.00,0.00,250,14.10,3.47,0.00,3.2,4.998,4.998,4.998,4.998,71
2022-03-09 12:51:22,4.6,7.8,309,0.0,0.0,0,0.0,0.0,0,267191.00,0.00,0.00,208,14.14,2.89,0.00,3.7,4.998,4.998,4.998,4.998,140
2022-03-09 12:52:22,4.4,5.4,196,0.0,0.0,0,0.0,0.0,0,267387.00,0.00,0.00,208,14.10,2.89,0.00,4.1,4.998,4.998,4.998,4.998,159
2022-03-09 12:53:22,6.5,8.3,277,0.0,0.0,0,0.0,0.0,0,267664.00,0.00,0.00,220,14.10,3.05,0.00,3.7,4.998,4.998,4.998,4.998,146
2022-03-09 12:54:22,3.5,8.4,258,0.0,0.0,0,0.0,0.0,0,267922.00,0.00,0.00,301,14.10,4.18,0.00,3.7,4.998,4.998,4.998,4.998,162
2022-03-09 12:55:22,2.3,7.3,209,0.0,0.0,0,0.0,0.0,0,268131.00,0.00,0.00,281,14.10,3.91,0.00,3.7,4.998,4.998,4.998,4.998,64
2022-03-09 12:56:22,2.5,4.0,114,0.0,0.0,0,0.0,0.0,0,268245.00,0.00,0.00,241,14.10,3.35,0.00,3.2,4.998,4.998,4.998,4.998,101
2022-03-09 12:57:22,3.0,4.0,151,0.0,0.0,0,0.0,0.0,0,268396.00,0.00,0.00,298,14.10,4.14,0.00,4.1,4.998,4.998,4.998,4.998,190
2022-03-09 12:58:22,10.2,11.5,240,0.0,0.0,0,0.0,0.0,0,268636.00,0.00,0.00,276,14.14,3.84,0.00,4.1,4.998,4.998,4.998,4.998,214
2022-03-09 12:59:22,5.6,12.4,491,0.0,0.0,0,0.0,0.0,0,269127.00,0.00,0.00,315,14.14,4.38,0.00,3.2,4.998,4.998,4.998,4.998,76
2022-03-09 13:00:22,6.5,6.6,262,0.0,0.0,0,0.0,0.0,0,269389.00,0.00,0.00,306,14.17,4.25,0.00,4.1,4.998,4.998,4.998,4.998,81
2022-03-09 13:01:22,5.7,8.6,399,0.0,0.0,0,0.0,0.0,0,269788.00,0.00,0.00,245,14.14,3.40,0.00,3.7,4.998,4.998,4.998,4.998,141
2022-03-09 13:02:22,8.5,10.1,405,0.0,0.0,0,0.0,0.0,0,270193.00,0.00,0.00,297,14.10,4.12,0.00,3.2,4.998,4.998,4.998,4.998,116
2022-03-09 13:03:22,5.9,8.2,258,0.0,0.0,0,0.0,0.0,0,270451.00,0.00,0.00,268,14.10,3.73,0.00,3.7,4.998,4.998,4.998,4.998,202
2022-03-09 13:04:22,4.2,7.0,269,0.0,0.0,0,0.0,0.0,0,270720.00,0.00,0.00,281,14.14,3.91,0.00,4.1,4.998,4.998,4.998,4.998,90
2022-03-09 13:05:22,3.6,10.8,320,0.0,0.0,0,0.0,0.0,0,271040.00,0.00,0.00,267,14.10,3.72,0.00,5.1,4.998,4.998,4.998,4.998,190
2022-03-09 13:06:22,5.6,7.4,253,0.0,0.0,0,0.0,0.0,0,271293.00,0.00,0.00,309,14.14,4.29,0.00,4.6,4.998,4.998,4.998,4.998,31
2022-03-09 13:07:22,3.0,7.1,221,0.0,0.0,0,0.0,0.0,0,271514.00,0.00,0.00,287,14.10,3.98,0.00,4.6,4.998,4.998,4.998,4.998,150
2022-03-09 13:08:22,4.4,6.3,231,0.0,0.0,0,0.0,0.0,0,271745.00,0.00,0.00,297,14.10,4.13,0.00,5.1,4.998,4.998,4.998,4.998,196
2022-03-09 13:09:22,7.9,8.3,355,0.0,0.0,0,0.0,0.0,0,272100.00,0.00,0.00,255,14.10,3.54,0.00,4.1,4.998,4.998,4.998,4.998,249
2022-03-09 13:10:22,10.7,11.0,461,0.0,0.0,0,0.0,0.0,0,272561.00,0.00,0.00,291,14.10,4.04,0.00,3.7,4.998,4.998,4.998,4.998,130
2022-03-09 13:11:22,5.3,10.8,411,0.0,0.0,0,0.0,0.0,0,272972.00,0.00,0.00,246,14.10,3.42,0.00,3.2,4.998,4.998,4.998,4.998,217
2022-03-09 13:12:22,4.8,7.9,344,0.0,0.0,0,0.0,0.0,0,273316.00,0.00,0.00,242,14.10,3.36,0.00,2.7,4.998,4.998,4.998,4.998,213
2022-03-09 13:13:22,7.8,10.0,394,0.0,0.0,0,0.0,0.0,0,273710.00,0.00,0.00,234,14.10,3.25,0.00,3.2,4.998,4.998,4.998,4.998,87
2022-03-09 13:14:22,6.6,9.1,416,0.0,0.0,0,0.0,0.0,0,274126.00,0.00,0.00,312,14.10,4.34,0.00,3.2,4.998,4.998,4.998,4.998,174
2022-03-09 13:15:22,5.6,10.0,383,0.0,0.0,0,0.0,0.0,0,274509.00,0.00,0.00,281,14.10,3.91,0.00,3.2,4.998,4.998,4.998,4.998,49
2022-03-09 13:16:22,7.9,9.6,364,0.0,0.0,0,0.0,0.0,0,274873.00,0.00,0.00,281,14.10,3.91,0.00,3.7,4.998,4.998,4.998,4.998,236
2022-03-09 13:17:22,6.0,12.7,455,0.0,0.0,0,0.0,0.0,0,275328.00,0.00,0.00,292,14.10,4.06,0.00,3.2,4.998,4.998,4.998,4.998,106
2022-03-09 13:18:22,6.5,9.5,437,0.0,0.0,0,0.0,0.0,0,275765.00,0.00,0.00,310,14.10,4.30,0.00,3.2,4.998,4.998,4.998,4.998,219
2022-03-09 13:19:22,5.9,9.7,393,0.0,0.0,0,0.0,0.0,0,276158.00,0.00,0.00,309,14.10,4.29,0.00,3.2,4.998,4.998,4.998,4.998,152
2022-03-09 13:20:22,7.5,8.0,378,0.0,0.0,0,0.0,0.0,0,276536.00,0.00,0.00,283,14.14,3.93,0.00,4.1,4.998,4.998,4.998,4.998,23
2022-03-09 13:21:22,10.1,10.1,444,0.0,0.0,0,0.0,0.0,0,276980.00,0.00,0.00,282,14.10,3.92,0.00,3.7,4.998,4.998,4.998,4.998,203
2022-03-09 13:22:22,7.4,11.0,423,0.0,0.0,0,0.0,0.0,0,277403.00,0.00,0.00,261,14.14,3.62,0.00,3.7,4.998,4.998,4.998,4.998,188
2022-03-09 13:23:22,6.4,9.8,424,0.0,0.0,0,0.0,0.0,0,277827.00,0.00,0.00,286,14.10,3.97,0.00,4.1,4.998,4.998,4.998,4.998,200
2022-03-09 13:24:22,5.5,8.9,402,0.0,0.0,0,0.0,0.0,0,278229.00,0.00,0.00,313,14.10,4.35,0.00,4.1,4.998,4.998,4.998,4.998,120
2022-03-09 13:25:22,6.1,10.7,378,0.0,0.0,0,0.0,0.0,0,278607.00,0.00,0.00,333,14.10,4.63,0.00,3.7,4.998,4.998,4.998,4.998,27
2022-03-09 13:26:22,7.9,8.1,304,0.0,0.0,0,0.0,0.0,0,278911.00,0.00,0.00,216,14.10,3.00,0.00,4.1,4.998,4.998,4.998,4.998,114
2022-03-09 13:27:22,4.0,9.9,370,0.0,0.0,0,0.0,0.0,0,279281.00,0.00,0.00,228,14.10,3.16,0.00,3.7,4.998,4.998,4.998,4.998,6
2022-03-09 13:28:22,6.3,9.7,296,0.0,0.0,0,0.0,0.0,0,279577.00,0.00,0.00,196,14.10,2.72,0.00,4.1,4.998,4.998,4.998,4.998,198
2022-03-09 13:29:22,3.6,9.1,395,0.0,0.0,0,0.0,0.0,0,279972.00,0.00,0.00,237,14.14,3.30,0.00,3.7,4.998,4.998,4.998,4.998,190
2022-03-09 13:30:22,4.4,6.9,311,0.0,0.0,0,0.0,0.0,0,280283.00,0.00,0.00,251,14.10,3.48,0.00,3.7,4.998,4.998,4.998,4.998,81
2022-03-09 13:31:22,3.1,5.4,188,0.0,0.0,0,0.0,0.0,0,280471.00,0.00,0.00,249,14.10,3.46,0.00,3.7,4.998,4.998,4.998,4.998,93
2022-03-09 13:32:22,6.3,7.4,168,0.0,0.0,0,0.0,0.0,0,280639.00,0.00,0.00,291,14.10,4.04,0.00,4.6,4.998,4.998,4.998,4.998,111
2022-03-09 13:33:22,6.4,6.8,223,0.0,0.0,0,0.0,0.0,0,280862.00,0.00,0.00,284,14.10,3.95,0.00,4.6,4.998,4.998,4.998,4.998,130
2022-03-09 13:34:22,5.6,7.2,318,0.0,0.0,0,0.0,0.0,0,281180.00,0.00,0.00,335,14.10,4.66,0.00,3.7,4.998,4.998,4.998,4.998,210
2022-03-09 13:35:22,4.8,6.6,326,0.0,0.0,0,0.0,0.0,0,281506.00,0.00,0.00,282,14.10,3.92,0.00,4.6,4.998,4.998,4.998,4.998,64
2022-03-09 13:36:22,7.6,9.2,362,0.0,0.0,0,0.0,0.0,0,281868.00,0.00,0.00,228,14.10,3.16,0.00,4.1,4.998,4.998,4.998,4.998,5
2022-03-09 13:37:22,4.5,15.0,561,0.0,0.0,0,0.0,0.0,0,282429.00,0.00,0.00,266,14.10,3.69,0.00,3.7,4.998,4.998,4.998,4.998,76
2022-03-09 13:38:22,8.5,10.7,319,0.0,0.0,0,0.0,0.0,0,282748.00,0.00,0.00,227,14.14,3.16,0.00,4.1,4.998,4.998,4.998,4.998,228
2022-03-09 13:39:22,10.4,11.8,417,0.0,0.0,0,0.0,0.0,0,283165.00,0.00,0.00,247,14.10,3.44,0.00,4.1,4.998,4.998,4.998,4.998,197
2022-03-09 13:40:22,10.7,11.9,563,0.0,0.0,0,0.0,0.0,0,283728.00,0.00,0.00,245,14.10,3.41,0.00,3.7,4.998,4.998,4.998,4.998,128
2022-03-09 13:41:22,6.2,12.7,488,0.0,0.0,0,0.0,0.0,0,284216.00,0.00,0.00,206,14.10,2.86,0.00,4.1,4.998,4.998,4.998,4.998,214
2022-03-09 13:42:22,10.1,13.5,524,0.0,0.0,0,0.0,0.0,0,284740.00,0.00,0.00,237,14.17,3.29,0.00,4.1,4.998,4.998,4.998,4.998,149
2022-03-09 13:43:22,3.5,11.8,430,0.0,0.0,0,0.0,0.0,0,285170.00,0.00,0.00,185,14.10,2.57,0.00,4.1,4.998,4.998,4.998,4.998,206
2022-03-09 13:44:22,3.2,6.3,218,0.0,0.0,0,0.0,0.0,0,285388.00,0.00,0.00,204,14.10,2.84,0.00,4.6,4.998,4.998,4.998,4.998,252
2022-03-09 13:45:22,2.9,3.1,76,0.0,0.0,0,0.0,0.0,0,285464.00,0.00,0.00,204,14.10,2.84,0.00,5.6,4.998,4.998,4.998,4.998,217
2022-03-09 13:46:22,6.1,7.5,277,0.0,0.0,0,0.0,0.0,0,285741.00,0.00,0.00,215,14.14,2.99,0.00,5.6,4.998,4.998,4.998,4.998,140
2022-03-09 13:47:22,11.1,12.2,597,0.0,0.0,0,0.0,0.0,0,286338.00,0.00,0.00,230,14.14,3.20,0.00,4.6,4.998,4.998,4.998,4.998,78
2022-03-09 13:48:22,5.9,12.3,576,0.0,0.0,0,0.0,0.0,0,286914.00,0.00,0.00,225,14.17,3.12,0.00,4.1,4.998,4.998,4.998,4.998,190
2022-03-09 13:49:22,5.6,12.8,423,0.0,0.0,0,0.0,0.0,0,287337.00,0.00,0.00,226,14.14,3.14,0.00,4.1,4.998,4.998,4.998,4.998,162
2022-03-09 13:50:22,1.9,6.7,207,0.0,0.0,0,0.0,0.0,0,287544.00,0.00,0.00,244,14.17,3.39,0.00,4.1,4.998,4.998,4.998,4.998,140
2022-03-09 13:51:22,7.0,7.0,243,0.0,0.0,0,0.0,0.0,0,287787.00,0.00,0.00,253,14.17,3.52,0.00,5.1,4.998,4.998,4.998,4.998,4
2022-03-09 13:52:22,7.5,11.2,524,0.0,0.0,0,0.0,0.0,0,288311.00,0.00,0.00,260,14.14,3.62,0.00,4.1,4.998,4.998,4.998,4.998,87
2022-03-09 13:53:22,7.7,10.7,489,0.0,0.0,0,0.0,0.0,0,288800.00,0.00,0.00,247,14.17,3.44,0.00,4.1,4.998,4.998,4.998,4.998,43
2022-03-09 13:54:22,5.9,9.6,430,0.0,0.0,0,0.0,0.0,0,289230.00,0.00,0.00,243,14.17,3.38,0.00,3.7,4.998,4.998,4.998,4.998,215
2022-03-09 13:55:22,6.1,6.7,295,0.0,0.0,0,0.0,0.0,0,289525.00,0.00,0.00,223,14.17,3.11,0.00,4.6,4.998,4.998,4.998,4.998,195
2022-03-09 13:56:22,5.3,7.9,375,0.0,0.0,0,0.0,0.0,0,289900.00,0.00,0.00,200,14.17,2.77,0.00,4.6,4.998,4.998,4.998,4.998,48
2022-03-09 13:57:22,6.7,8.6,303,0.0,0.0,0,0.0,0.0,0,290203.00,0.00,0.00,212,14.14,2.94,0.00,4.6,4.998,4.998,4.998,4.998,29
2022-03-09 13:58:22,5.2,9.3,414,0.0,0.0,0,0.0,0.0,0,290617.00,0.00,0.00,237,14.17,3.30,0.00,4.1,4.998,4.998,4.998,4.998,104
2022-03-09 13:59:22,3.4,5.9,233,0.0,0.0,0,0.0,0.0,0,290850.00,0.00,0.00,238,14.14,3.31,0.00,4.1,4.998,4.998,4.998,4.998,189
2022-03-09 14:00:22,8.8,10.2,301,0.0,0.0,0,0.0,0.0,0,291151.00,0.00,0.00,289,14.17,4.01,0.00,4.1,4.998,4.998,4.998,4.998,94
2022-03-09 14:01:22,5.3,9.4,389,0.0,0.0,0,0.0,0.0,0,291540.00,0.00,0.00,326,14.17,4.54,0.00,4.1,4.998,4.998,4.998,4.998,76
2022-03-09 14:02:22,6.9,7.9,312,0.0,0.0,0,0.0,0.0,0,291852.00,0.00,0.00,232,14.17,3.22,0.00,4.6,4.998,4.998,4.998,4.998,244
2022-03-09 14:03:22,8.3,11.8,491,0.0,0.0,0,0.0,0.0,0,292343.00,0.00,0.00,258,14.14,3.58,0.00,4.1,4.998,4.998,4.998,4.998,54
2022-03-09 14:04:22,5.3,10.9,515,0.0,0.0,0,0.0,0.0,0,292858.00,0.00,0.00,241,14.17,3.35,0.00,3.7,4.998,4.998,4.998,4.998,134
2022-03-09 14:05:22,11.0,14.1,452,0.0,0.0,0,0.0,0.0,0,293310.00,0.00,0.00,248,14.17,3.45,0.00,4.1,4.998,4.998,4.998,4.998,98
2022-03-09 14:06:22,7.8,11.4,509,0.0,0.0,0,0.0,0.0,0,293819.00,0.00,0.00,231,14.17,3.21,0.00,4.1,4.998,4.998,4.998,4.998,129
2022-03-09 14:07:22,4.4,15.0,491,0.0,0.0,0,0.0,0.0,0,294310.00,0.00,0.00,260,14.17,3.61,0.00,4.1,4.998,4.998,4.998,4.998,146
2022-03-09 14:08:22,12.4,13.3,546,0.0,0.0,0,0.0,0.0,0,294856.00,0.00,0.00,235,14.17,3.27,0.00,4.6,4.998,4.998,4.998,4.998,124
2022-03-09 14:09:22,4.7,14.6,520,0.0,0.0,0,0.0,0.0,0,295376.00,0.00,0.00,247,14.14,3.44,0.00,4.1,4.998,4.998,4.998,4.998,216
2022-03-09 14:10:22,5.1,10.6,364,0.0,0.0,0,0.0,0.0,0,295740.00,0.00,0.00,201,14.17,2.80,0.00,4.1,4.998,4.998,4.998,4.998,94
2022-03-09 14:11:22,7.7,9.8,417,0.0,0.0,0,0.0,0.0,0,296157.00,0.00,0.00,252,14.17,3.50,0.00,4.1,4.998,4.998,4.998,4.998,117
2022-03-09 14:12:22,5.9,9.4,400,0.0,0.0,0,0.0,0.0,0,296557.00,0.00,0.00,184,14.17,2.56,0.00,4.1,4.998,4.998,4.998,4.998,58
2022-03-09 14:13:22,7.1,13.9,388,0.0,0.0,0,0.0,0.0,0,296945.00,0.00,0.00,236,14.17,3.28,0.00,4.6,4.998,4.998,4.998,4.998,6
2022-03-09 14:14:22,3.9,11.4,346,0.0,0.0,0,0.0,0.0,0,297291.00,0.00,0.00,188,14.17,2.62,0.00,4.1,4.998,4.998,4.998,4.998,248
2022-03-09 14:15:22,10.2,14.1,467,0.0,0.0,0,0.0,0.0,0,297758.00,0.00,0.00,183,14.14,2.54,0.00,4.6,4.998,4.998,4.998,4.998,171
2022-03-09 14:16:22,5.1,14.5,532,0.0,0.0,0,0.0,0.0,0,298290.00,0.00,0.00,229,14.17,3.18,0.00,5.1,4.998,4.998,4.998,4.998,22
2022-03-09 14:17:22,4.9,7.5,295,0.0,0.0,0,0.0,0.0,0,298585.00,0.00,0.00,217,14.17,3.02,0.00,5.1,4.998,4.998,4.998,4.998,206
2022-03-09 14:18:22,6.5,9.9,265,0.0,0.0,0,0.0,0.0,0,298850.00,0.00,0.00,215,14.17,2.98,0.00,5.1,4.998,4.998,4.998,4.998,73
2022-03-09 14:19:22,9.1,17.0,625,0.0,0.0,0,0.0,0.0,0,299475.00,0.00,0.00,246,14.17,3.42,0.00,5.1,4.998,4.998,4.998,4.998,41
2022-03-09 14:20:22,7.1,14.6,595,0.0,0.0,0,0.0,0.0,0,300070.00,0.00,0.00,207,14.21,2.88,0.00,5.1,4.998,4.998,4.998,4.998,160
2022-03-09 14:21:22,10.9,15.5,603,0.0,0.0,0,0.0,0.0,0,300673.00,0.00,0.00,266,14.17,3.70,0.00,4.1,4.998,4.998,4.998,4.998,74
2022-03-09 14:22:22,6.8,14.6,660,0.0,0.0,0,0.0,0.0,0,301333.00,0.00,0.00,243,14.17,3.38,0.00,3.7,4.998,4.998,4.998,4.998,116
2022-03-09 14:23:22,7.2,12.9,501,0.0,0.0,0,0.0,0.0,0,301834.00,0.00,0.00,215,14.17,2.99,0.00,4.1,4.998,4.998,4.998,4.998,252
2022-03-09 14:24:22,4.1,10.5,410,0.0,0.0,0,0.0,0.0,0,302244.00,0.00,0.00,281,14.17,3.91,0.00,4.1,4.998,4.998,4.998,4.998,79
2022-03-09 14:25:22,4.8,5.8,274,0.0,0.0,0,0.0,0.0,0,302518.00,0.00,0.00,250,14.17,3.48,0.00,4.6,4.998,4.998,4.998,4.998,150
2022-03-09 14:26:22,7.5,7.6,294,0.0,0.0,0,0.0,0.0,0,302812.00,0.00,0.00,223,14.17,3.10,0.00,5.1,4.998,4.998,4.998,4.998,146
2022-03-09 14:27:22,11.8,13.3,493,0.0,0.0,0,0.0,0.0,0,303305.00,0.00,0.00,252,14.17,3.51,0.00,5.1,4.998,4.998,4.998,4.998,84
2022-03-09 14:28:22,7.0,13.0,523,0.0,0.0,0,0.0,0.0,0,303828.00,0.00,0.00,251,14.17,3.49,0.00,4.6,4.998,4.998,4.998,4.998,54
2022-03-09 14:29:22,7.3,16.3,680,0.0,0.0,0,0.0,0.0,0,304508.00,0.00,0.00,248,14.17,3.44,0.00,4.1,4.998,4.998,4.998,4.998,41
2022-03-09 14:30:22,8.2,13.6,588,0.0,0.0,0,0.0,0.0,0,305096.00,0.00,0.00,265,14.14,3.68,0.00,4.1,4.998,4.998,4.998,4.998,115
2022-03-09 14:31:22,13.9,15.5,535,0.0,0.0,0,0.0,0.0,0,305631.00,0.00,0.00,236,14.14,3.28,0.00,4.1,4.998,4.998,4.998,4.998,223
2022-03-09 14:32:22,11.5,17.3,749,0.0,0.0,0,0.0,0.0,0,306380.00,0.00,0.00,238,14.17,3.31,0.00,4.1,4.998,4.998,4.998,4.998,31
2022-03-09 14:33:22,11.2,17.6,659,0.0,0.0,0,0.0,0.0,0,307039.00,0.00,0.00,230,14.17,3.19,0.00,4.1,4.998,4.998,4.998,4.998,54
2022-03-09 14:34:22,13.9,15.0,596,0.0,0.0,0,0.0,0.0,0,307635.00,0.00,0.00,263,14.17,3.66,0.00,4.1,4.998,4.998,4.998,4.998,186
2022-03-09 14:35:22,7.1,15.5,534,0.0,0.0,0,0.0,0.0,0,308169.00,0.00,0.00,254,14.17,3.54,0.00,4.1,4.998,4.998,4.998,4.998,248
2022-03-09 14:36:22,12.6,13.8,448,0.0,0.0,0,0.0,0.0,0,308617.00,0.00,0.00,284,14.17,3.95,0.00,5.1,4.998,4.998,4.998,4.998,187
2022-03-09 14:37:22,7.8,13.2,500,0.0,0.0,0,0.0,0.0,0,309117.00,0.00,0.00,247,14.17,3.43,0.00,4.6,4.998,4.998,4.998,4.998,218
2022-03-09 14:38:22,4.1,10.7,394,0.0,0.0,0,0.0,0.0,0,309511.00,0.00,0.00,307,14.17,4.27,0.00,5.1,4.998,4.998,4.998,4.998,19
2022-03-09 14:39:22,8.8,13.6,439,0.0,0.0,0,0.0,0.0,0,309950.00,0.00,0.00,209,14.17,2.91,0.00,4.6,4.998,4.998,4.998,4.998,153
2022-03-09 14:40:22,12.7,16.6,746,0.0,0.0,0,0.0,0.0,0,310696.00,0.00,0.00,242,14.17,3.36,0.00,4.6,4.998,4.998,4.998,4.998,75
2022-03-09 14:41:22,7.4,13.5,651,0.0,0.0,0,0.0,0.0,0,311347.00,0.00,0.00,229,14.17,3.18,0.00,4.1,4.998,4.998,4.998,4.998,86
2022-03-09 14:42:22,8.0,10.2,462,0.0,0.0,0,0.0,0.0,0,311809.00,0.00,0.00,228,14.17,3.16,0.00,4.6,4.998,4.998,4.998,4.998,76
2022-03-09 14:43:22,6.2,12.8,439,0.0,0.0,0,0.0,0.0,0,312248.00,0.00,0.00,264,14.17,3.67,0.00,5.1,4.998,4.998,4.998,4.998,234
2022-03-09 14:44:22,9.5,11.0,375,0.0,0.0,0,0.0,0.0,0,312623.00,0.00,0.00,246,14.17,3.41,0.00,5.6,4.998,4.998,4.998,4.998,228
2022-03-09 14:45:22,8.9,15.5,687,0.0,0.0,0,0.0,0.0,0,313310.00,0.00,0.00,222,14.17,3.09,0.00,4.6,4.998,4.998,4.998,4.998,124
2022-03-09 14:46:22,8.5,19.6,703,0.0,0.0,0,0.0,0.0,0,314013.00,0.00,0.00,222,14.17,3.08,0.00,4.6,4.998,4.998,4.998,4.998,113
2022-03-09 14:47:22,9.5,12.5,481,0.0,0.0,0,0.0,0.0,0,314494.00,0.00,0.00,252,14.17,3.50,0.00,4.6,4.998,4.998,4.998,4.998,108
2022-03-09 14:48:22,9.1,10.7,408,0.0,0.0,0,0.0,0.0,0,314902.00,0.00,0.00,188,14.21,2.62,0.00,4.6,4.998,4.998,4.998,4.998,245
2022-03-09 14:49:22,4.9,10.6,460,0.0,0.0,0,0.0,0.0,0,315362.00,0.00,0.00,214,14.17,2.97,0.00,4.6,4.998,4.998,4.998,4.998,153
2022-03-09 14:50:22,13.9,14.3,450,0.0,0.0,0,0.0,0.0,0,315812.00,0.00,0.00,236,14.17,3.28,0.00,5.6,4.998,4.998,4.998,4.998,224
2022-03-09 14:51:22,9.4,17.1,808,0.0,0.0,0,0.0,0.0,0,316620.00,0.00,0.00,238,14.25,3.31,0.00,4.6,4.998,4.998,4.998,4.998,15
2022-03-09 14:52:22,8.0,13.9,596,0.0,0.0,0,0.0,0.0,0,317216.00,0.00,0.00,226,14.17,3.13,0.00,4.6,4.998,4.998,4.998,4.998,44
2022-03-09 14:53:22,10.3,13.5,634,0.0,0.0,0,0.0,0.0,0,317850.00,0.00,0.00,235,14.17,3.26,0.00,4.1,4.998,4.998,4.998,4.998,240
2022-03-09 14:54:22,6.3,14.3,646,0.0,0.0,0,0.0,0.0,0,318496.00,0.00,0.00,225,14.17,3.12,0.00,5.1,4.998,4.998,4.998,4.998,123
2022-03-09 14:55:22,8.0,10.6,406,0.0,0.0,0,0.0,0.0,0,318902.00,0.00,0.00,239,14.17,3.32,0.00,5.1,4.998,4.998,4.998,4.998,59
2022-03-09 14:56:22,8.2,11.8,484,0.0,0.0,0,0.0,0.0,0,319386.00,0.00,0.00,208,14.17,2.90,0.00,5.1,4.998,4.998,4.998,4.998,111
2022-03-09 14:57:22,8.2,16.9,642,0.0,0.0,0,0.0,0.0,0,320028.00,0.00,0.00,191,14.17,2.66,0.00,4.6,4.998,4.998,4.998,4.998,109
2022-03-09 14:58:22,11.2,13.4,617,0.0,0.0,0,0.0,0.0,0,320645.00,0.00,0.00,250,14.17,3.48,0.00,5.1,4.998,4.998,4.998,4.998,159
2022-03-09 14:59:22,9.5,16.5,616,0.0,0.0,0,0.0,0.0,0,321261.00,0.00,0.00,205,14.14,2.85,0.00,4.6,4.998,4.998,4.998,4.998,34
2022-03-09 15:00:22,10.1,22.5,761,0.0,0.0,0,0.0,0.0,0,322022.00,0.00,0.00,176,14.17,2.45,0.00,4.6,4.998,4.998,4.998,4.998,9
2022-03-09 15:01:22,9.9,12.5,579,0.0,0.0,0,0.0,0.0,0,322601.00,0.00,0.00,212,14.25,2.94,0.00,4.6,4.998,4.998,4.998,4.998,44
2022-03-09 15:02:22,3.1,11.0,429,0.0,0.0,0,0.0,0.0,0,323030.00,0.00,0.00,260,14.17,3.62,0.00,4.6,4.998,4.998,4.998,4.998,109
2022-03-09 15:03:22,13.4,13.5,353,0.0,0.0,0,0.0,0.0,0,323383.00,0.00,0.00,246,14.17,3.41,0.00,5.1,4.998,4.998,4.998,4.998,61
2022-03-09 15:04:22,13.0,19.4,812,0.0,0.0,0,0.0,0.0,0,324195.00,0.00,0.00,270,14.17,3.74,0.00,4.6,4.998,4.998,4.998,4.998,184
2022-03-09 15:05:22,8.5,18.1,793,0.0,0.0,0,0.0,0.0,0,324988.00,0.00,0.00,211,14.21,2.94,0.00,4.1,4.998,4.998,4.998,4.998,174
2022-03-09 15:06:22,12.7,14.1,470,0.0,0.0,0,0.0,0.0,0,325458.00,0.00,0.00,220,14.14,3.06,0.00,5.1,4.998,4.998,4.998,4.998,191
2022-03-09 15:07:22,10.7,16.2,754,0.0,0.0,0,0.0,0.0,0,326212.00,0.00,0.00,232,14.17,3.22,0.00,5.1,4.998,4.998,4.998,4.998,254
2022-03-09 15:08:22,8.4,14.3,546,0.0,0.0,0,0.0,0.0,0,326758.00,0.00,0.00,180,14.17,2.50,0.00,5.1,4.998,4.998,4.998,4.998,20
2022-03-09 15:09:22,8.1,15.8,808,0.0,0.0,0,0.0,0.0,0,327566.00,0.00,0.00,216,14.17,3.00,0.00,4.6,4.998,4.998,4.998,4.998,237
2022-03-09 15:10:22,3.3,11.3,472,0.0,0.0,0,0.0,0.0,0,328038.00,0.00,0.00,234,14.17,3.26,0.00,5.1,4.998,4.998,4.998,4.998,60
2022-03-09 15:11:22,9.7,12.4,470,0.0,0.0,0,0.0,0.0,0,328508.00,0.00,0.00,182,14.17,2.52,0.00,4.6,4.998,4.998,4.998,4.998,116
2022-03-09 15:12:22,6.6,11.8,506,0.0,0.0,0,0.0,0.0,0,329014.00,0.00,0.00,215,14.17,2.99,0.00,5.1,4.998,4.998,4.998,4.998,223
2022-03-09 15:13:22,6.5,9.1,400,0.0,0.0,0,0.0,0.0,0,329414.00,0.00,0.00,188,14.17,2.61,0.00,5.1,4.998,4.998,4.998,4.998,85
2022-03-09 15:14:22,4.7,8.1,332,0.0,0.0,0,0.0,0.0,0,329746.00,0.00,0.00,240,14.17,3.33,0.00,5.1,4.998,4.998,4.998,4.998,231
2022-03-09 15:15:22,12.7,13.4,491,0.0,0.0,0,0.0,0.0,0,330237.00,0.00,0.00,244,14.17,3.39,0.00,5.1,4.998,4.998,4.998,4.998,214
2022-03-09 15:16:22,7.2,13.7,531,0.0,0.0,0,0.0,0.0,0,330768.00,0.00,0.00,235,14.17,3.27,0.00,4.6,4.998,4.998,4.998,4.998,244
2022-03-09 15:17:22,8.4,15.0,599,0.0,0.0,0,0.0,0.0,0,331367.00,0.00,0.00,272,14.17,3.78,0.00,4.6,4.998,4.998,4.998,4.998,249
2022-03-09 15:18:22,7.6,10.5,510,0.0,0.0,0,0.0,0.0,0,331877.00,0.00,0.00,221,14.17,3.07,0.00,4.6,4.998,4.998,4.998,4.998,109
2022-03-09 15:19:22,9.9,16.0,609,0.0,0.0,0,0.0,0.0,0,332486.00,0.00,0.00,237,14.17,3.30,0.00,4.6,4.998,4.998,4.998,4.998,181
2022-03-09 15:20:22,7.1,15.6,583,0.0,0.0,0,0.0,0.0,0,333069.00,0.00,0.00,251,14.17,3.49,0.00,5.1,4.998,4.998,4.998,4.998,252
2022-03-09 15:21:22,10.4,13.9,605,0.0,0.0,0,0.0,0.0,0,333674.00,0.00,0.00,219,14.17,3.04,0.00,4.6,4.998,4.998,4.998,4.998,57
2022-03-09 15:22:22,8.1,11.3,489,0.0,0.0,0,0.0,0.0,0,334163.00,0.00,0.00,242,14.17,3.37,0.00,5.1,4.998,4.998,4.998,4.998,24
2022-03-09 15:23:22,6.4,10.6,444,0.0,0.0,0,0.0,0.0,0,334607.00,0.00,0.00,219,14.17,3.05,0.00,4.6,4.998,4.998,4.998,4.998,105
2022-03-09 15:24:22,5.9,9.9,360,0.0,0.0,0,0.0,0.0,0,334967.00,0.00,0.00,225,14.21,3.12,0.00,5.1,4.998,4.998,4.998,4.998,80
2022-03-09 15:25:22,8.9,15.5,587,0.0,0.0,0,0.0,0.0,0,335554.00,0.00,0.00,240,14.17,3.33,0.00,5.1,4.998,4.998,4.998,4.998,66
2022-03-09 15:26:22,8.6,18.8,685,0.0,0.0,0,0.0,0.0,0,336239.00,0.00,0.00,257,14.17,3.57,0.00,4.6,4.998,4.998,4.998,4.998,243
2022-03-09 15:27:22,8.4,12.2,525,0.0,0.0,0,0.0,0.0,0,336764.00,0.00,0.00,243,14.17,3.38,0.00,4.6,4.998,4.998,4.998,4.998,21
2022-03-09 15:28:22,4.6,11.3,450,0.0,0.0,0,0.0,0.0,0,337214.00,0.00,0.00,227,14.17,3.15,0.00,4.6,4.998,4.998,4.998,4.998,27
2022-03-09 15:29:22,6.5,15.8,289,0.0,0.0,0,0.0,0.0,0,337503.00,0.00,0.00,226,14.17,3.13,0.00,4.6,4.998,4.998,4.998,4.998,103
2022-03-09 15:30:22,8.2,11.3,464,0.0,0.0,0,0.0,0.0,0,337967.00,0.00,0.00,197,14.17,2.74,0.00,5.1,4.998,4.998,4.998,4.998,42
2022-03-09 15:31:22,5.1,8.2,331,0.0,0.0,0,0.0,0.0,0,338298.00,0.00,0.00,211,14.17,2.93,0.00,5.6,4.998,4.998,4.998,4.998,103
2022-03-09 15:32:22,3.5,9.3,280,0.0,0.0,0,0.0,0.0,0,338578.00,0.00,0.00,285,14.17,3.96,0.00,5.6,4.998,4.998,4.998,4.998,32
2022-03-09 15:33:22,12.2,14.5,435,0.0,0.0,0,0.0,0.0,0,339013.00,0.00,0.00,238,14.14,3.31,0.00,5.1,4.998,4.998,4.998,4.998,163
2022-03-09 15:34:22,7.1,12.2,638,0.0,0.0,0,0.0,0.0,0,339651.00,0.00,0.00,227,14.17,3.16,0.00,4.6,4.998,4.998,4.998,4.998,130
2022-03-09 15:35:22,8.0,13.1,559,0.0,0.0,0,0.0,0.0,0,340210.00,0.00,0.00,258,14.17,3.58,0.00,5.1,4.998,4.998,4.998,4.998,134
2022-03-09 15:36:22,5.6,8.1,292,0.0,0.0,0,0.0,0.0,0,340502.00,0.00,0.00,265,14.17,3.69,0.00,5.1,4.998,4.998,4.998,4.998,87
2022-03-09 15:37:22,4.5,13.0,453,0.0,0.0,0,0.0,0.0,0,340955.00,0.00,0.00,219,14.17,3.04,0.00,5.6,4.998,4.998,4.998,4.998,16
2022-03-09 15:38:22,6.4,15.9,613,0.0,0.0,0,0.0,0.0,0,341568.00,0.00,0.00,243,14.17,3.37,0.00,4.6,4.998,4.998,4.998,4.998,80
2022-03-09 15:39:22,6.9,14.6,585,0.0,0.0,0,0.0,0.0,0,342153.00,0.00,0.00,241,14.17,3.34,0.00,4.6,4.998,4.998,4.998,4.998,80
2022-03-09 15:40:22,7.0,11.8,509,0.0,0.0,0,0.0,0.0,0,342662.00,0.00,0.00,243,14.14,3.37,0.00,5.1,4.998,4.998,4.998,4.998,7
2022-03-09 15:41:22,8.6,10.5,432,0.0,0.0,0,0.0,0.0,0,343094.00,0.00,0.00,247,14.17,3.43,0.00,5.1,4.998,4.998,4.998,4.998,75
2022-03-09 15:42:22,6.2,12.6,411,0.0,0.0,0,0.0,0.0,0,343505.00,0.00,0.00,232,14.21,3.22,0.00,5.1,4.998,4.998,4.998,4.998,16
2022-03-09 15:43:22,6.0,14.3,492,0.0,0.0,0,0.0,0.0,0,343997.00,0.00,0.00,230,14.17,3.19,0.00,5.1,4.998,4.998,4.998,4.998,79
2022-03-09 15:44:22,6.9,14.6,581,0.0,0.0,0,0.0,0.0,0,344578.00,0.00,0.00,231,14.17,3.21,0.00,4.6,4.998,4.998,4.998,4.998,142
2022-03-09 15:45:22,10.3,13.5,628,0.0,0.0,0,0.0,0.0,0,345206.00,0.00,0.00,196,14.17,2.72,0.00,4.6,4.998,4.998,4.998,4.998,38
2022-03-09 15:46:22,7.9,14.9,499,0.0,0.0,0,0.0,0.0,0,345705.00,0.00,0.00,239,14.17,3.32,0.00,4.6,4.998,4.998,4.998,4.998,186
2022-03-09 15:47:22,6.1,7.8,354,0.0,0.0,0,0.0,0.0,0,346059.00,0.00,0.00,254,14.17,3.53,0.00,5.1,4.998,4.998,4.998,4.998,185
2022-03-09 15:48:22,7.5,11.7,421,0.0,0.0,0,0.0,0.0,0,346480.00,0.00,0.00,236,14.17,3.28,0.00,5.1,4.998,4.998,4.998,4.998,55
2022-03-09 15:49:22,7.9,12.3,544,0.0,0.0,0,0.0,0.0,0,347024.00,0.00,0.00,234,14.17,3.26,0.00,5.1,4.998,4.998,4.998,4.998,220
2022-03-09 15:50:22,9.6,10.2,390,0.0,0.0,0,0.0,0.0,0,347414.00,0.00,0.00,208,14.17,2.90,0.00,5.1,4.998,4.998,4.998,4.998,215
2022-03-09 15:51:22,9.1,12.9,452,0.0,0.0,0,0.0,0.0,0,347866.00,0.00,0.00,249,14.17,3.46,0.00,4.6,4.998,4.998,4.998,4.998,45
2022-03-09 15:52:22,10.7,13.8,611,0.0,0.0,0,0.0,0.0,0,348477.00,0.00,0.00,220,14.17,3.06,0.00,5.1,4.998,4.998,4.998,4.998,246
2022-03-09 15:53:22,6.9,10.9,489,0.0,0.0,0,0.0,0.0,0,348966.00,0.00,0.00,293,14.21,4.08,0.00,4.6,4.998,4.998,4.998,4.998,80
2022-03-09 15:54:22,9.7,11.2,355,0.0,0.0,0,0.0,0.0,0,349321.00,0.00,0.00,262,14.17,3.64,0.00,4.6,4.998,4.998,4.998,4.998,173
2022-03-09 15:55:22,15.4,15.4,582,0.0,0.0,0,0.0,0.0,0,349903.00,0.00,0.00,259,14.17,3.60,0.00,4.6,4.998,4.998,4.998,4.998,58
2022-03-09 15:56:22,12.9,17.6,686,0.0,0.0,0,0.0,0.0,0,350589.00,0.00,0.00,206,14.17,2.87,0.00,4.6,4.998,4.998,4.998,4.998,172
2022-03-09 15:57:22,6.0,15.9,514,0.0,0.0,0,0.0,0.0,0,351103.00,0.00,0.00,233,14.17,3.23,0.00,5.1,4.998,4.998,4.998,4.998,48
2022-03-09 15:58:22,6.9,14.9,497,0.0,0.0,0,0.0,0.0,0,351600.00,0.00,0.00,285,14.17,3.96,0.00,5.1,4.998,4.998,4.998,4.998,195
2022-03-09 15:59:22,10.5,12.0,516,0.0,0.0,0,0.0,0.0,0,352116.00,0.00,0.00,274,14.17,3.80,0.00,5.1,4.998,4.998,4.998,4.998,97
2022-03-09 16:00:22,14.2,16.9,659,0.0,0.0,0,0.0,0.0,0,352775.00,0.00,0.00,251,14.21,3.49,0.00,5.1,4.998,4.998,4.998,4.998,136
2022-03-09 16:01:22,13.2,19.1,759,0.0,0.0,0,0.0,0.0,0,353534.00,0.00,0.00,183,14.17,2.54,0.00,4.6,4.998,4.998,4.998,4.998,16
2022-03-09 16:02:22,8.2,18.9,708,0.0,0.0,0,0.0,0.0,0,354242.00,0.00,0.00,217,14.17,3.02,0.00,4.1,4.998,4.998,4.998,4.998,86
2022-03-09 16:03:22,9.4,11.3,477,0.0,0.0,0,0.0,0.0,0,354719.00,0.00,0.00,244,14.17,3.39,0.00,5.1,4.998,4.998,4.998,4.998,78
2022-03-09 16:04:22,7.0,13.5,449,0.0,0.0,0,0.0,0.0,0,355168.00,0.00,0.00,245,14.17,3.41,0.00,4.6,4.998,4.998,4.998,4.998,200
2022-03-09 16:05:22,6.6,13.1,498,0.0,0.0,0,0.0,0.0,0,355666.00,0.00,0.00,246,14.17,3.41,0.00,4.6,4.998,4.998,4.998,4.998,204
2022-03-09 16:06:22,5.2,13.2,540,0.0,0.0,0,0.0,0.0,0,356206.00,0.00,0.00,236,14.17,3.28,0.00,5.1,4.998,4.998,4.998,4.998,39
2022-03-09 16:07:22,13.6,14.4,539,0.0,0.0,0,0.0,0.0,0,356745.00,0.00,0.00,235,14.17,3.26,0.00,4.6,4.998,4.998,4.998,4.998,203
2022-03-09 16:08:22,12.6,17.3,665,0.0,0.0,0,0.0,0.0,0,357410.00,0.00,0.00,246,14.17,3.42,0.00,4.6,4.998,4.998,4.998,4.998,129
2022-03-09 16:09:22,10.8,14.6,553,0.0,0.0,0,0.0,0.0,0,357963.00,0.00,0.00,220,14.17,3.06,0.00,4.6,4.998,4.998,4.998,4.998,122
2022-03-09 16:10:22,3.0,12.8,462,0.0,0.0,0,0.0,0.0,0,358425.00,0.00,0.00,184,14.17,2.55,0.00,5.1,4.998,4.998,4.998,4.998,56
2022-03-09 16:11:22,9.7,12.9,468,0.0,0.0,0,0.0,0.0,0,358893.00,0.00,0.00,232,14.21,3.23,0.00,5.1,4.998,4.998,4.998,4.998,156
2022-03-09 16:12:22,10.0,16.8,620,0.0,0.0,0,0.0,0.0,0,359513.00,0.00,0.00,272,14.17,3.78,0.00,5.1,4.998,4.998,4.998,4.998,36
2022-03-09 16:13:22,6.3,15.8,588,0.0,0.0,0,0.0,0.0,0,360101.00,0.00,0.00,215,14.17,2.99,0.00,5.1,4.998,4.998,4.998,4.998,232
2022-03-09 16:14:22,9.5,15.3,596,0.0,0.0,0,0.0,0.0,0,360697.00,0.00,0.00,193,14.17,2.68,0.00,5.1,4.998,4.998,4.998,4.998,37
2022-03-09 16:15:22,5.7,13.5,449,0.0,0.0,0,0.0,0.0,0,361146.00,0.00,0.00,190,14.17,2.64,0.00,5.1,4.998,4.998,4.998,4.998,121
2022-03-09 16:16:22,8.3,9.4,465,0.0,0.0,0,0.0,0.0,0,361611.00,0.00,0.00,221,14.17,3.07,0.00,5.1,4.998,4.998,4.998,4.998,199
2022-03-09 16:17:22,7.7,17.7,596,0.0,0.0,0,0.0,0.0,0,362207.00,0.00,0.00,252,14.17,3.50,0.00,5.1,4.998,4.998,4.998,4.998,12
2022-03-09 16:18:22,8.5,17.3,778,0.0,0.0,0,0.0,0.0,0,362985.00,0.00,0.00,250,14.14,3.47,0.00,5.1,4.998,4.998,4.998,4.998,161
2022-03-09 16:19:22,10.8,15.8,813,0.0,0.0,0,0.0,0.0,0,363798.00,0.00,0.00,267,14.17,3.71,0.00,4.6,4.998,4.998,4.998,4.998,104
2022-03-09 16:20:22,12.3,13.6,450,0.0,0.0,0,0.0,0.0,0,364248.00,0.00,0.00,237,14.17,3.29,0.00,5.6,4.998,4.998,4.998,4.998,224
2022-03-09 16:21:22,9.3,17.1,754,0.0,0.0,0,0.0,0.0,0,365002.00,0.00,0.00,271,14.17,3.76,0.00,5.1,4.998,4.998,4.998,4.998,232
2022-03-09 16:22:22,13.3,16.9,767,0.0,0.0,0,0.0,0.0,0,365769.00,0.00,0.00,234,14.17,3.25,0.00,5.1,4.998,4.998,4.998,4.998,228
2022-03-09 16:23:22,7.0,13.6,519,0.0,0.0,0,0.0,0.0,0,366288.00,0.00,0.00,202,14.17,2.80,0.00,5.6,4.998,4.998,4.998,4.998,165
2022-03-09 16:24:22,7.6,18.0,665,0.0,0.0,0,0.0,0.0,0,366953.00,0.00,0.00,259,14.17,3.60,0.00,5.6,4.998,4.998,4.998,4.998,81
2022-03-09 16:25:22,4.2,10.0,398,0.0,0.0,0,0.0,0.0,0,367351.00,0.00,0.00,205,14.17,2.85,0.00,6.1,4.998,4.998,4.998,4.998,210
2022-03-09 16:26:22,5.0,7.5,287,0.0,0.0,0,0.0,0.0,0,367638.00,0.00,0.00,200,14.17,2.78,0.00,6.6,4.998,4.998,4.998,4.998,219
2022-03-09 16:27:22,4.1,6.0,229,0.0,0.0,0,0.0,0.0,0,367867.00,0.00,0.00,221,14.17,3.08,0.00,7.1,4.998,4.998,4.998,4.998,51
2022-03-09 16:28:22,6.9,9.1,348,0.0,0.0,0,0.0,0.0,0,368215.00,0.00,0.00,212,14.21,2.94,0.00,6.6,4.998,4.998,4.998,4.998,85
2022-03-09 16:29:22,4.0,8.9,315,0.0,0.0,0,0.0,0.0,0,368530.00,0.00,0.00,205,14.17,2.85,0.00,7.1,4.998,4.998,4.998,4.998,151
2022-03-09 16:30:22,4.6,6.7,241,0.0,0.0,0,0.0,0.0,0,368771.00,0.00,0.00,209,14.17,2.91,0.00,7.6,4.998,4.998,4.998,4.998,83
2022-03-09 16:31:22,10.0,11.2,351,0.0,0.0,0,0.0,0.0,0,369122.00,0.00,0.00,249,14.17,3.47,0.00,7.6,4.998,4.998,4.998,4.998,179
2022-03-09 16:32:22,6.9,14.7,622,0.0,0.0,0,0.0,0.0,0,369744.00,0.00,0.00,239,14.17,3.32,0.00,6.6,4.998,4.998,4.998,4.998,221
2022-03-09 16:33:22,11.9,12.4,452,0.0,0.0,0,0.0,0.0,0,370196.00,0.00,0.00,252,14.21,3.50,0.00,6.6,4.998,4.998,4.998,4.998,172
2022-03-09 16:34:22,8.7,17.0,739,0.0,0.0,0,0.0,0.0,0,370935.00,0.00,0.00,247,14.17,3.44,0.00,5.6,4.998,4.998,4.998,4.998,233
2022-03-09 16:35:22,5.9,10.8,432,0.0,0.0,0,0.0,0.0,0,371367.00,0.00,0.00,244,14.17,3.39,0.00,6.1,4.998,4.998,4.998,4.998,89
2022-03-09 16:36:22,3.0,8.1,336,0.0,0.0,0,0.0,0.0,0,371703.00,0.00,0.00,223,14.17,3.11,0.00,6.6,4.998,4.998,4.998,4.998,17
2022-03-09 16:37:22,6.8,12.1,405,0.0,0.0,0,0.0,0.0,0,372108.00,0.00,0.00,187,14.17,2.60,0.00,6.6,4.998,4.998,4.998,4.998,28
2022-03-09 16:38:22,6.3,14.0,514,0.0,0.0,0,0.0,0.0,0,372622.00,0.00,0.00,213,14.17,2.95,0.00,6.6,4.998,4.998,4.998,4.998,185
2022-03-09 16:39:22,11.4,12.6,387,0.0,0.0,0,0.0,0.0,0,373009.00,0.00,0.00,225,14.17,3.13,0.00,6.6,4.998,4.998,4.998,4.998,240
2022-03-09 16:40:22,10.9,15.5,616,0.0,0.0,0,0.0,0.0,0,373625.00,0.00,0.00,238,14.17,3.31,0.00,5.6,4.998,4.998,4.998,4.998,18
2022-03-09 16:41:22,4.1,11.3,486,0.0,0.0,0,0.0,0.0,0,374111.00,0.00,0.00,227,14.17,3.16,0.00,6.1,4.998,4.998,4.998,4.998,1
2022-03-09 16:42:22,9.3,9.3,328,0.0,0.0,0,0.0,0.0,0,374439.00,0.00,0.00,254,14.17,3.54,0.00,6.6,4.998,4.998,4.998,4.998,145
2022-03-09 16:43:22,7.1,10.7,374,0.0,0.0,0,0.0,0.0,0,374813.00,0.00,0.00,195,14.17,2.71,0.00,6.6,4.998,4.998,4.998,4.998,3
2022-03-09 16:44:22,13.3,17.1,716,0.0,0.0,0,0.0,0.0,0,375529.00,0.00,0.00,207,14.17,2.88,0.00,5.6,4.998,4.998,4.998,4.998,111
2022-03-09 16:45:22,15.1,17.8,752,0.0,0.0,0,0.0,0.0,0,376281.00,0.00,0.00,249,14.17,3.47,0.00,5.6,4.998,4.998,4.998,4.998,181
2022-03-09 16:46:22,5.8,18.5,696,0.0,0.0,0,0.0,0.0,0,376977.00,0.00,0.00,223,14.17,3.11,0.00,5.6,4.998,4.998,4.998,4.998,105
2022-03-09 16:47:22,10.3,22.0,817,0.0,0.0,0,0.0,0.0,0,377794.00,0.00,0.00,293,14.17,4.07,0.00,5.1,4.998,4.998,4.998,4.998,55
2022-03-09 16:48:22,5.4,11.8,480,0.0,0.0,0,0.0,0.0,0,378274.00,0.00,0.00,235,14.17,3.27,0.00,5.6,4.998,4.998,4.998,4.998,254
2022-03-09 16:49:22,8.3,11.7,483,0.0,0.0,0,0.0,0.0,0,378757.00,0.00,0.00,244,14.17,3.39,0.00,6.1,4.998,4.998,4.998,4.998,85
2022-03-09 16:50:22,11.8,17.6,735,0.0,0.0,0,0.0,0.0,0,379492.00,0.00,0.00,211,14.17,2.93,0.00,5.1,4.998,4.998,4.998,4.998,47
2022-03-09 16:51:22,8.7,16.9,592,0.0,0.0,0,0.0,0.0,0,380084.00,0.00,0.00,240,14.17,3.34,0.00,5.1,4.998,4.998,4.998,4.998,151
2022-03-09 16:52:22,10.5,15.6,671,0.0,0.0,0,0.0,0.0,0,380755.00,0.00,0.00,255,14.17,3.54,0.00,5.1,4.998,4.998,4.998,4.998,121
2022-03-09 16:53:22,8.3,14.9,637,0.0,0.0,0,0.0,0.0,0,381392.00,0.00,0.00,244,14.17,3.39,0.00,5.1,4.998,4.998,4.998,4.998,72
2022-03-09 16:54:22,7.0,20.4,627,0.0,0.0,0,0.0,0.0,0,382019.00,0.00,0.00,242,14.17,3.36,0.00,4.6,4.998,4.998,4.998,4.998,246
2022-03-09 16:55:22,6.2,15.2,556,0.0,0.0,0,0.0,0.0,0,382575.00,0.00,0.00,236,14.14,3.28,0.00,5.1,4.998,4.998,4.998,4.998,233
2022-03-09 16:56:22,9.1,12.7,464,0.0,0.0,0,0.0,0.0,0,383039.00,0.00,0.00,189,14.17,2.63,0.00,5.1,4.998,4.998,4.998,4.998,123
2022-03-09 16:57:22,6.8,12.2,480,0.0,0.0,0,0.0,0.0,0,383519.00,0.00,0.00,234,14.21,3.26,0.00,5.1,4.998,4.998,4.998,4.998,108
2022-03-09 16:58:22,3.8,9.5,424,0.0,0.0,0,0.0,0.0,0,383943.00,0.00,0.00,223,14.17,3.10,0.00,5.1,4.998,4.998,4.998,4.998,27
2022-03-09 16:59:22,5.3,9.8,402,0.0,0.0,0,0.0,0.0,0,384345.00,0.00,0.00,246,14.21,3.41,0.00,5.1,4.998,4.998,4.998,4.998,240
2022-03-09 17:00:22,6.9,7.6,328,0.0,0.0,0,0.0,0.0,0,384673.00,0.00,0.00,209,14.14,2.90,0.00,5.1,4.998,4.998,4.998,4.998,244
2022-03-09 17:01:22,12.2,12.9,510,0.0,0.0,0,0.0,0.0,0,385183.00,0.00,0.00,263,14.17,3.66,0.00,5.1,4.998,4.998,4.998,4.998,142
2022-03-09 17:02:22,15.8,17.0,782,0.0,0.0,0,0.0,0.0,0,385965.00,0.00,0.00,250,14.17,3.48,0.00,5.1,4.998,4.998,4.998,4.998,143
2022-03-09 17:03:22,11.0,16.3,743,0.0,0.0,0,0.0,0.0,0,386708.00,0.00,0.00,229,14.17,3.19,0.00,4.6,4.998,4.998,4.998,4.998,83
2022-03-09 17:04:22,6.3,12.2,508,0.0,0.0,0,0.0,0.0,0,387216.00,0.00,0.00,251,14.17,3.48,0.00,5.1,4.998,4.998,4.998,4.998,40
2022-03-09 17:05:22,5.7,8.2,338,0.0,0.0,0,0.0,0.0,0,387554.00,0.00,0.00,196,14.17,2.72,0.00,5.1,4.998,4.998,4.998,4.998,68
2022-03-09 17:06:22,4.2,9.2,331,0.0,0.0,0,0.0,0.0,0,387885.00,0.00,0.00,225,14.17,3.13,0.00,5.6,4.998,4.998,4.998,4.998,26
2022-03-09 17:07:22,10.3,13.1,384,0.0,0.0,0,0.0,0.0,0,388269.00,0.00,0.00,204,14.17,2.84,0.00,5.6,4.998,4.998,4.998,4.998,106
2022-03-09 17:08:22,9.5,10.9,438,0.0,0.0,0,0.0,0.0,0,388707.00,0.00,0.00,214,14.17,2.98,0.00,5.6,4.998,4.998,4.998,4.998,16
2022-03-09 17:09:22,5.5,10.4,410,0.0,0.0,0,0.0,0.0,0,389117.00,0.00,0.00,215,14.17,2.98,0.00,5.1,4.998,4.998,4.998,4.998,98
2022-03-09 17:10:22,6.0,11.6,450,0.0,0.0,0,0.0,0.0,0,389567.00,0.00,0.00,172,14.21,2.39,0.00,5.1,4.998,4.998,4.998,4.998,171
2022-03-09 17:11:22,7.7,12.1,417,0.0,0.0,0,0.0,0.0,0,389984.00,0.00,0.00,212,14.17,2.94,0.00,5.1,4.998,4.998,4.998,4.998,194
2022-03-09 17:12:22,7.3,11.8,443,0.0,0.0,0,0.0,0.0,0,390427.00,0.00,0.00,186,14.17,2.58,0.00,5.1,4.998,4.998,4.998,4.998,250
2022-03-09 17:13:22,10.8,12.6,521,0.0,0.0,0,0.0,0.0,0,390948.00,0.00,0.00,204,14.21,2.84,0.00,5.1,4.998,4.998,4.998,4.998,199
2022-03-09 17:14:22,5.5,12.3,514,0.0,0.0,0,0.0,0.0,0,391462.00,0.00,0.00,199,14.17,2.77,0.00,5.1,4.998,4.998,4.998,4.998,132
2022-03-09 17:15:22,11.1,15.7,670,0.0,0.0,0,0.0,0.0,0,392132.00,0.00,0.00,188,14.17,2.62,0.00,4.6,4.998,4.998,4.998,4.998,45
2022-03-09 17:16:22,4.3,14.3,443,0.0,0.0,0,0.0,0.0,0,392575.00,0.00,0.00,191,14.17,2.66,0.00,4.6,4.998,4.998,4.998,4.998,198
2022-03-09 17:17:22,6.5,12.3,463,0.0,0.0,0,0.0,0.0,0,393038.00,0.00,0.00,222,14.17,3.09,0.00,5.1,4.998,4.998,4.998,4.998,29
2022-03-09 17:18:22,6.7,12.0,455,0.0,0.0,0,0.0,0.0,0,393493.00,0.00,0.00,199,14.17,2.76,0.00,5.1,4.998,4.998,4.998,4.998,4
2022-03-09 17:19:22,6.8,16.5,625,0.0,0.0,0,0.0,0.0,0,394118.00,0.00,0.00,184,14.17,2.56,0.00,5.1,4.998,4.998,4.998,4.998,161
2022-03-09 17:20:22,8.9,15.4,661,0.0,0.0,0,0.0,0.0,0,394779.00,0.00,0.00,259,14.17,3.59,0.00,4.1,4.998,4.998,4.998,4.998,22
2022-03-09 17:21:22,11.8,15.1,644,0.0,0.0,0,0.0,0.0,0,395423.00,0.00,0.00,221,14.17,3.08,0.00,4.6,4.998,4.998,4.998,4.998,46
2022-03-09 17:22:22,11.8,17.0,722,0.0,0.0,0,0.0,0.0,0,396145.00,0.00,0.00,262,14.17,3.64,0.00,4.1,4.998,4.998,4.998,4.998,81
2022-03-09 17:23:22,7.8,16.3,601,0.0,0.0,0,0.0,0.0,0,396746.00,0.00,0.00,237,14.17,3.29,0.00,4.1,4.998,4.998,4.998,4.998,108
2022-03-09 17:24:22,8.5,16.6,682,0.0,0.0,0,0.0,0.0,0,397428.00,0.00,0.00,242,14.21,3.37,0.00,4.1,4.998,4.998,4.998,4.998,10
2022-03-09 17:25:22,9.5,20.4,675,0.0,0.0,0,0.0,0.0,0,398103.00,0.00,0.00,273,14.17,3.79,0.00,4.1,4.998,4.998,4.998,4.998,103
2022-03-09 17:26:22,9.8,10.7,489,0.0,0.0,0,0.0,0.0,0,398592.00,0.00,0.00,239,14.17,3.32,0.00,4.1,4.998,4.998,4.998,4.998,106
2022-03-09 17:27:22,9.1,20.4,889,0.0,0.0,0,0.0,0.0,0,399481.00,0.00,0.00,226,14.17,3.14,0.00,3.7,4.998,4.998,4.998,4.998,206
2022-03-09 17:28:22,7.4,17.6,654,0.0,0.0,0,0.0,0.0,0,400135.00,0.00,0.00,221,14.21,3.07,0.00,3.7,4.998,4.998,4.998,4.998,75
2022-03-09 17:29:22,7.4,12.0,540,0.0,0.0,0,0.0,0.0,0,400675.00,0.00,0.00,254,14.17,3.53,0.00,3.7,4.998,4.998,4.998,4.998,74
2022-03-09 17:30:22,9.6,11.0,474,0.0,0.0,0,0.0,0.0,0,401149.00,0.00,0.00,232,14.17,3.22,0.00,4.1,4.998,4.998,4.998,4.998,115
2022-03-09 17:31:22,16.4,21.4,646,0.0,0.0,0,0.0,0.0,0,401795.00,0.00,0.00,249,14.17,3.46,0.00,3.7,4.998,4.998,4.998,4.998,99
2022-03-09 17:32:22,8.1,16.8,597,0.0,0.0,0,0.0,0.0,0,402392.00,0.00,0.00,231,14.17,3.21,0.00,3.7,4.998,4.998,4.998,4.998,57
2022-03-09 17:33:22,10.3,15.9,699,0.0,0.0,0,0.0,0.0,0,403091.00,0.00,0.00,274,14.17,3.81,0.00,3.2,4.998,4.998,4.998,4.998,34
2022-03-09 17:34:22,14.7,17.2,741,0.0,0.0,0,0.0,0.0,0,403832.00,0.00,0.00,279,14.17,3.88,0.00,3.2,4.998,4.998,4.998,4.998,123
2022-03-09 17:35:22,10.0,15.8,578,0.0,0.0,0,0.0,0.0,0,404410.00,0.00,0.00,257,14.21,3.57,0.00,3.2,4.998,4.998,4.998,4.998,47
2022-03-09 17:36:22,9.3,13.7,541,0.0,0.0,0,0.0,0.0,0,404951.00,0.00,0.00,242,14.17,3.37,0.00,3.7,4.998,4.998,4.998,4.998,189
2022-03-09 17:37:22,3.7,9.4,292,0.0,0.0,0,0.0,0.0,0,405243.00,0.00,0.00,200,14.17,2.78,0.00,3.7,4.998,4.998,4.998,4.998,248
2022-03-09 17:38:22,5.1,6.1,258,0.0,0.0,0,0.0,0.0,0,405501.00,0.00,0.00,246,14.17,3.42,0.00,3.7,4.998,4.998,4.998,4.998,142
2022-03-09 17:39:22,12.0,12.6,393,0.0,0.0,0,0.0,0.0,0,405894.00,0.00,0.00,267,14.17,3.71,0.00,3.2,4.998,4.998,4.998,4.998,20
2022-03-09 17:40:22,11.5,15.1,690,0.0,0.0,0,0.0,0.0,0,406584.00,0.00,0.00,213,14.17,2.96,0.00,3.2,4.998,4.998,4.998,4.998,165
2022-03-09 17:41:22,7.5,11.8,545,0.0,0.0,0,0.0,0.0,0,407129.00,0.00,0.00,219,14.17,3.04,0.00,3.2,4.998,4.998,4.998,4.998,193
2022-03-09 17:42:22,6.6,8.9,389,0.0,0.0,0,0.0,0.0,0,407518.00,0.00,0.00,237,14.17,3.30,0.00,2.7,4.998,4.998,4.998,4.998,114
2022-03-09 17:43:22,12.7,13.2,523,0.0,0.0,0,0.0,0.0,0,408041.00,0.00,0.00,281,14.17,3.90,0.00,3.2,4.998,4.998,4.998,4.998,203
2022-03-09 17:44:22,10.2,14.8,643,0.0,0.0,0,0.0,0.0,0,408684.00,0.00,0.00,252,14.21,3.51,0.00,2.7,4.998,4.998,4.998,4.998,148
2022-03-09 17:45:22,5.6,11.5,459,0.0,0.0,0,0.0,0.0,0,409143.00,0.00,0.00,217,14.17,3.02,0.00,3.2,4.998,4.998,4.998,4.998,120
2022-03-09 17:46:22,3.8,7.3,277,0.0,0.0,0,0.0,0.0,0,409420.00,0.00,0.00,239,14.21,3.32,0.00,3.2,4.998,4.998,4.998,4.998,139
2022-03-09 17:47:22,6.8,14.1,492,0.0,0.0,0,0.0,0.0,0,409912.00,0.00,0.00,195,14.21,2.71,0.00,3.2,4.998,4.998,4.998,4.998,36
2022-03-09 17:48:22,11.2,12.6,465,0.0,0.0,0,0.0,0.0,0,410377.00,0.00,0.00,253,14.21,3.51,0.00,2.7,4.998,4.998,4.998,4.998,113
2022-03-09 17:49:22,7.8,11.0,493,0.0,0.0,0,0.0,0.0,0,410870.00,0.00,0.00,238,14.21,3.30,0.00,3.2,4.998,4.998,4.998,4.998,146
2022-03-09 17:50:22,12.4,13.1,584,0.0,0.0,0,0.0,0.0,0,411454.00,0.00,0.00,260,14.21,3.61,0.00,3.2,4.998,4.998,4.998,4.998,200
2022-03-09 17:51:22,14.0,16.3,646,0.0,0.0,0,0.0,0.0,0,412100.00,0.00,0.00,243,14.21,3.38,0.00,2.7,4.998,4.998,4.998,4.998,198
2022-03-09 17:52:22,7.7,18.2,732,0.0,0.0,0,0.0,0.0,0,412832.00,0.00,0.00,241,14.21,3.35,0.00,3.2,4.998,4.998,4.998,4.998,223
2022-03-09 17:53:22,8.6,11.7,518,0.0,0.0,0,0.0,0.0,0,413350.00,0.00,0.00,258,14.21,3.58,0.00,2.7,4.998,4.998,4.998,4.998,167
2022-03-09 17:54:22,10.9,14.7,570,0.0,0.0,0,0.0,0.0,0,413920.00,0.00,0.00,210,14.21,2.92,0.00,2.7,4.998,4.998,4.998,4.998,88
2022-03-09 17:55:22,4.4,13.8,566,0.0,0.0,0,0.0,0.0,0,414486.00,0.00,0.00,192,14.21,2.67,0.00,3.2,4.998,4.998,4.998,4.998,215
2022-03-09 17:56:22,6.1,9.2,386,0.0,0.0,0,0.0,0.0,0,414872.00,0.00,0.00,229,14.25,3.18,0.00,3.7,4.998,4.998,4.998,4.998,185
2022-03-09 17:57:22,12.4,14.0,596,0.0,0.0,0,0.0,0.0,0,415468.00,0.00,0.00,232,14.21,3.22,0.00,3.2,4.998,4.998,4.998,4.998,211
2022-03-09 17:58:22,9.4,13.3,604,0.0,0.0,0,0.0,0.0,0,416072.00,0.00,0.00,259,14.25,3.60,0.00,3.7,4.998,4.998,4.998,4.998,1
2022-03-09 17:59:22,11.5,16.8,605,0.0,0.0,0,0.0,0.0,0,416677.00,0.00,0.00,263,14.21,3.65,0.00,3.2,4.998,4.998,4.998,4.998,165
2022-03-09 18:00:22,7.7,12.8,520,0.0,0.0,0,0.0,0.0,0,417197.00,0.00,0.00,275,14.21,3.83,0.00,2.7,4.998,4.998,4.998,4.998,232
2022-03-09 18:01:22,7.9,15.3,554,0.0,0.0,0,0.0,0.0,0,417751.00,0.00,0.00,260,14.21,3.62,0.00,2.7,4.998,4.998,4.998,4.998,173
2022-03-09 18:02:22,11.1,14.5,585,0.0,0.0,0,0.0,0.0,0,418336.00,0.00,0.00,196,14.21,2.72,0.00,2.7,4.998,4.998,4.998,4.998,65
2022-03-09 18:03:22,7.3,11.8,475,0.0,0.0,0,0.0,0.0,0,418811.00,0.00,0.00,238,14.21,3.31,0.00,2.7,4.998,4.998,4.998,4.998,38
2022-03-09 18:04:22,7.0,13.0,530,0.0,0.0,0,0.0,0.0,0,419341.00,0.00,0.00,226,14.21,3.14,0.00,2.7,4.998,4.998,4.998,4.998,8
2022-03-09 18:05:22,8.6,10.2,405,0.0,0.0,0,0.0,0.0,0,419746.00,0.00,0.00,240,14.21,3.34,0.00,2.2,4.998,4.998,4.998,4.998,52
2022-03-09 18:06:22,6.1,13.2,488,0.0,0.0,0,0.0,0.0,0,420234.00,0.00,0.00,270,14.21,3.75,0.00,2.7,4.998,4.998,4.998,4.998,93
2022-03-09 18:07:22,6.6,11.6,486,0.0,0.0,0,0.0,0.0,0,420720.00,0.00,0.00,244,14.21,3.39,0.00,2.2,4.998,4.998,4.998,4.998,114
2022-03-09 18:08:22,11.4,14.5,541,0.0,0.0,0,0.0,0.0,0,421261.00,0.00,0.00,230,14.25,3.20,0.00,2.2,4.998,4.998,4.998,4.998,169
2022-03-09 18:09:22,6.0,11.9,518,0.0,0.0,0,0.0,0.0,0,421779.00,0.00,0.00,260,14.21,3.62,0.00,2.2,4.998,4.998,4.998,4.998,194
2022-03-09 18:10:22,6.8,11.3,423,0.0,0.0,0,0.0,0.0,0,422202.00,0.00,0.00,255,14.21,3.54,0.00,2.2,4.998,4.998,4.998,4.998,1
2022-03-09 18:11:22,4.0,10.6,462,0.0,0.0,0,0.0,0.0,0,422664.00,0.00,0.00,228,14.21,3.16,0.00,2.7,4.998,4.998,4.998,4.998,144
2022-03-09 18:12:22,5.0,7.9,304,0.0,0.0,0,0.0,0.0,0,422968.00,0.00,0.00,249,14.21,3.46,0.00,2.2,4.998,4.998,4.998,4.998,247
2022-03-09 18:13:22,8.4,10.7,358,0.0,0.0,0,0.0,0.0,0,423326.00,0.00,0.00,232,14.21,3.22,0.00,2.2,4.998,4.998,4.998,4.998,2
2022-03-09 18:14:22,4.7,9.9,397,0.0,0.0,0,0.0,0.0,0,423723.00,0.00,0.00,221,14.21,3.08,0.00,2.2,4.998,4.998,4.998,4.998,182
2022-03-09 18:15:22,6.2,8.4,382,0.0,0.0,0,0.0,0.0,0,424105.00,0.00,0.00,225,14.25,3.12,0.00,2.2,4.998,4.998,4.998,4.998,134
2022-03-09 18:16:22,4.9,6.3,281,0.0,0.0,0,0.0,0.0,0,424386.00,0.00,0.00,225,14.21,3.13,0.00,2.2,4.998,4.998,4.998,4.998,40
2022-03-09 18:17:22,5.1,10.1,359,0.0,0.0,0,0.0,0.0,0,424745.00,0.00,0.00,229,14.21,3.19,0.00,2.2,4.998,4.998,4.998,4.998,137
2022-03-09 18:18:22,6.1,10.0,392,0.0,0.0,0,0.0,0.0,0,425137.00,0.00,0.00,249,14.21,3.46,0.00,1.7,4.998,4.998,4.998,4.998,159
2022-03-09 18:19:22,8.5,12.0,495,0.0,0.0,0,0.0,0.0,0,425632.00,0.00,0.00,251,14.21,3.49,0.00,1.7,4.998,4.998,4.998,4.998,122
2022-03-09 18:20:22,6.8,18.6,654,0.0,0.0,0,0.0,0.0,0,426286.00,0.00,0.00,219,14.21,3.04,0.00,2.2,4.998,4.998,4.998,4.998,108
2022-03-09 18:21:22,5.9,10.3,455,0.0,0.0,0,0.0,0.0,0,426741.00,0.00,0.00,244,14.21,3.39,0.00,1.7,4.998,4.998,4.998,4.998,154
2022-03-09 18:22:22,8.1,13.1,462,0.0,0.0,0,0.0,0.0,0,427203.00,0.00,0.00,259,14.21,3.60,0.00,1.7,4.998,4.998,4.998,4.998,206
2022-03-09 18:23:22,3.5,9.8,332,0.0,0.0,0,0.0,0.0,0,427535.00,0.00,0.00,220,14.21,3.06,0.00,2.2,4.998,4.998,4.998,4.998,135
2022-03-09 18:24:22,8.7,10.8,488,0.0,0.0,0,0.0,0.0,0,428023.00,0.00,0.00,227,14.21,3.16,0.00,1.7,4.998,4.998,4.998,4.998,42
2022-03-09 18:25:22,7.2,10.2,486,0.0,0.0,0,0.0,0.0,0,428509.00,0.00,0.00,238,14.21,3.31,0.00,1.7,4.998,4.998,4.998,4.998,26
2022-03-09 18:26:22,7.4,8.8,368,0.0,0.0,0,0.0,0.0,0,428877.00,0.00,0.00,227,14.21,3.15,0.00,1.7,4.998,4.998,4.998,4.998,154
2022-03-09 18:27:22,6.0,7.5,330,0.0,0.0,0,0.0,0.0,0,429207.00,0.00,0.00,228,14.21,3.17,0.00,2.2,4.998,4.998,4.998,4.998,63
2022-03-09 18:28:22,3.9,7.6,290,0.0,0.0,0,0.0,0.0,0,429497.00,0.00,0.00,239,14.21,3.32,0.00,1.7,4.998,4.998,4.998,4.998,212
2022-03-09 18:29:22,6.8,15.9,520,0.0,0.0,0,0.0,0.0,0,430017.00,0.00,0.00,235,14.25,3.26,0.00,2.2,4.998,4.998,4.998,4.998,83
2022-03-09 18:30:22,5.4,15.0,441,0.0,0.0,0,0.0,0.0,0,430458.00,0.00,0.00,239,14.21,3.33,0.00,1.7,4.998,4.998,4.998,4.998,4
2022-03-09 18:31:22,5.4,9.8,423,0.0,0.0,0,0.0,0.0,0,430881.00,0.00,0.00,260,14.25,3.62,0.00,1.7,4.998,4.998,4.998,4.998,96
2022-03-09 18:32:22,3.1,8.0,240,0.0,0.0,0,0.0,0.0,0,431121.00,0.00,0.00,210,14.25,2.92,0.00,1.7,4.998,4.998,4.998,4.998,124
2022-03-09 18:33:22,12.5,12.7,370,0.0,0.0,0,0.0,0.0,0,431491.00,0.00,0.00,244,14.06,3.39,0.00,2.2,4.998,4.998,4.998,4.998,7
2022-03-09 18:34:22,6.9,13.1,447,0.0,0.0,0,0.0,0.0,0,431938.00,0.00,0.00,249,13.74,3.46,0.00,1.7,4.998,4.998,4.998,4.998,22
2022-03-09 18:35:22,5.1,9.0,376,0.0,0.0,0,0.0,0.0,0,432314.00,0.00,0.00,260,13.59,3.61,0.00,1.7,4.998,4.998,4.998,4.998,19
2022-03-09 18:36:22,4.0,7.4,272,0.0,0.0,0,0.0,0.0,0,432586.00,0.00,0.00,261,13.55,3.63,0.00,1.7,4.998,4.998,4.998,4.998,166
2022-03-09 18:37:22,5.0,8.1,320,0.0,0.0,0,0.0,0.0,0,432906.00,0.00,0.00,254,13.63,3.53,0.00,1.7,4.998,4.998,4.998,4.998,211
2022-03-09 18:38:22,6.0,8.4,375,0.0,0.0,0,0.0,0.0,0,433281.00,0.00,0.00,267,14.25,3.72,0.00,1.2,4.998,4.998,4.998,4.998,73
2022-03-09 18:39:22,5.3,11.2,397,0.0,0.0,0,0.0,0.0,0,433678.00,0.00,0.00,261,14.60,3.62,0.00,1.7,4.998,4.998,4.998,4.998,63
2022-03-09 18:40:22,7.4,10.6,462,0.0,0.0,0,0.0,0.0,0,434140.00,0.00,0.00,270,14.60,3.74,0.00,2.2,4.998,4.998,4.998,4.998,209
2022-03-09 18:41:22,3.2,8.2,316,0.0,0.0,0,0.0,0.0,0,434456.00,0.00,0.00,254,14.60,3.53,0.00,2.2,4.998,4.998,4.998,4.998,211
2022-03-09 18:42:22,4.2,6.5,249,0.0,0.0,0,0.0,0.0,0,434705.00,0.00,0.00,242,14.60,3.37,0.00,1.7,4.998,4.998,4.998,4.998,205
2022-03-09 18:43:22,3.9,5.1,241,0.0,0.0,0,0.0,0.0,0,434946.00,0.00,0.00,273,14.33,3.79,0.00,1.7,4.998,4.998,4.998,4.998,16
2022-03-09 18:44:22,3.9,7.3,323,0.0,0.0,0,0.0,0.0,0,435269.00,0.00,0.00,267,13.86,3.71,0.00,1.7,4.998,4.998,4.998,4.998,153
2022-03-09 18:45:22,3.6,5.4,182,0.0,0.0,0,0.0,0.0,0,435451.00,0.00,0.00,255,13.59,3.54,0.00,1.2,4.998,4.998,4.998,4.998,7
2022-03-09 18:46:22,5.5,7.0,296,0.0,0.0,0,0.0,0.0,0,435747.00,0.00,0.00,261,13.55,3.63,0.00,1.7,4.998,4.998,4.998,4.998,166
2022-03-09 18:47:22,6.8,10.2,384,0.0,0.0,0,0.0,0.0,0,436131.00,0.00,0.00,283,13.51,3.94,0.00,1.7,4.998,4.998,4.998,4.998,196
2022-03-09 18:48:22,4.6,6.6,292,0.0,0.0,0,0.0,0.0,0,436423.00,0.00,0.00,263,13.47,3.66,0.00,1.2,4.998,4.998,4.998,4.998,30
2022-03-09 18:49:22,2.6,4.7,189,0.0,0.0,0,0.0,0.0,0,436612.00,0.00,0.00,254,13.43,3.54,0.00,1.7,4.998,4.998,4.998,4.998,204
2022-03-09 18:50:22,2.7,4.5,167,0.0,0.0,0,0.0,0.0,0,436779.00,0.00,0.00,254,13.39,3.53,0.00,1.2,4.998,4.998,4.998,4.998,171
2022-03-09 18:51:22,5.8,6.2,219,0.0,0.0,0,0.0,0.0,0,436998.00,0.00,0.00,257,13.39,3.57,0.00,0.7,4.998,4.998,4.998,4.998,9
2022-03-09 18:52:22,3.8,6.3,271,0.0,0.0,0,0.0,0.0,0,437269.00,0.00,0.00,239,13.35,3.32,0.00,0.7,4.998,4.998,4.998,4.998,27
2022-03-09 18:53:22,3.9,5.0,205,0.0,0.0,0,0.0,0.0,0,437474.00,0.00,0.00,272,13.35,3.78,0.00,0.7,4.998,4.998,4.998,4.998,213
2022-03-09 18:54:22,4.4,6.3,283,0.0,0.0,0,0.0,0.0,0,437757.00,0.00,0.00,230,13.32,3.19,0.00,0.7,4.998,4.998,4.998,4.998,102
2022-03-09 18:55:22,3.5,7.0,273,0.0,0.0,0,0.0,0.0,0,438030.00,0.00,0.00,280,13.32,3.89,0.00,1.2,4.998,4.998,4.998,4.998,175
2022-03-09 18:56:22,5.5,7.2,274,0.0,0.0,0,0.0,0.0,0,438304.00,0.00,0.00,252,13.28,3.50,0.00,0.7,4.998,4.998,4.998,4.998,231
2022-03-09 18:57:22,3.9,6.9,339,0.0,0.0,0,0.0,0.0,0,438643.00,0.00,0.00,275,13.28,3.82,0.00,0.7,4.998,4.998,4.998,4.998,197
2022-03-09 18:58:22,4.4,7.8,334,0.0,0.0,0,0.0,0.0,0,438977.00,0.00,0.00,255,13.24,3.54,0.00,0.7,4.998,4.998,4.998,4.998,48
2022-03-09 18:59:22,4.4,6.5,269,0.0,0.0,0,0.0,0.0,0,439246.00,0.00,0.00,261,13.24,3.63,0.00,0.7,4.998,4.998,4.998,4.998,54
2022-03-09 19:00:22,3.1,5.3,193,0.0,0.0,0,0.0,0.0,0,439439.00,0.00,0.00,277,13.20,3.85,0.00,0.7,4.998,4.998,4.998,4.998,160
2022-03-09 19:01:22,4.5,4.5,180,0.0,0.0,0,0.0,0.0,0,439619.00,0.00,0.00,253,13.20,3.52,0.00,0.2,4.998,4.998,4.998,4.998,110
2022-03-09 19:02:22,4.7,6.2,301,0.0,0.0,0,0.0,0.0,0,439920.00,0.00,0.00,243,13.20,3.37,0.00,1.2,4.998,4.998,4.998,4.998,38
2022-03-09 19:03:22,3.6,4.9,193,0.0,0.0,0,0.0,0.0,0,440113.00,0.00,0.00,243,13.16,3.37,0.00,0.7,4.998,4.998,4.998,4.998,143
2022-03-09 19:04:22,3.0,4.1,129,0.0,0.0,0,0.0,0.0,0,440242.00,0.00,0.00,243,13.16,3.37,0.00,0.7,4.998,4.998,4.998,4.998,94
2022-03-09 19:05:22,3.5,4.7,203,0.0,0.0,0,0.0,0.0,0,440445.00,0.00,0.00,243,13.16,3.38,0.00,0.2,4.998,4.998,4.998,4.998,142
2022-03-09 19:06:22,3.7,5.3,201,0.0,0.0,0,0.0,0.0,0,440646.00,0.00,0.00,256,13.12,3.56,0.00,0.7,4.998,4.998,4.998,4.998,180
2022-03-09 19:07:22,2.9,3.8,147,0.0,0.0,0,0.0,0.0,0,440793.00,0.00,0.00,256,13.12,3.56,0.00,0.7,4.998,4.998,4.998,4.998,234
2022-03-09 19:08:22,3.3,6.8,198,0.0,0.0,0,0.0,0.0,0,440991.00,0.00,0.00,257,13.08,3.57,0.00,0.7,4.998,4.998,4.998,4.998,85
2022-03-09 19:09:22,2.9,5.4,204,0.0,0.0,0,0.0,0.0,0,441195.00,0.00,0.00,242,13.08,3.37,0.00,0.2,4.998,4.998,4.998,4.998,119
2022-03-09 19:10:22,3.6,4.1,171,0.0,0.0,0,0.0,0.0,0,441366.00,0.00,0.00,237,13.08,3.30,0.00,0.2,4.998,4.998,4.998,4.998,179
2022-03-09 19:11:22,2.3,3.8,143,0.0,0.0,0,0.0,0.0,0,441509.00,0.00,0.00,237,13.08,3.30,0.00,0.2,4.998,4.998,4.998,4.998,62
2022-03-09 19:12:22,2.1,2.4,96,0.0,0.0,0,0.0,0.0,0,441605.00,0.00,0.00,237,13.04,3.30,0.00,0.2,4.998,4.998,4.998,4.998,104
2022-03-09 19:13:22,2.4,2.4,84,0.0,0.0,0,0.0,0.0,0,441689.00,0.00,0.00,237,13.08,3.30,0.00,0.2,4.998,4.998,4.998,4.998,174
2022-03-09 19:14:22,3.9,4.0,131,0.0,0.0,0,0.0,0.0,0,441820.00,0.00,0.00,237,13.08,3.30,0.00,0.2,4.998,4.998,4.998,4.998,177
2022-03-09 19:15:22,2.0,4.6,176,0.0,0.0,0,0.0,0.0,0,441996.00,0.00,0.00,251,13.08,3.49,0.00,0.2,4.998,4.998,4.998,4.998,122
2022-03-09 19:16:22,0.0,2.2,38,0.0,0.0,0,0.0,0.0,0,442034.00,0.00,0.00,251,13.08,3.49,0.00,0.2,4.998,4.998,4.998,4.998,128
2022-03-09 19:17:22,2.2,3.0,92,0.0,0.0,0,0.0,0.0,0,442126.00,0.00,0.00,251,13.04,3.49,0.00,-0.2,4.998,4.998,4.998,4.998,61
2022-03-09 19:18:22,3.8,4.1,111,0.0,0.0,0,0.0,0.0,0,442237.00,0.00,0.00,247,13.08,3.43,0.00,0.2,4.998,4.998,4.998,4.998,94
2022-03-09 19:19:22,2.7,4.5,203,0.0,0.0,0,0.0,0.0,0,442440.00,0.00,0.00,246,13.04,3.42,0.00,0.2,4.998,4.998,4.998,4.998,45
2022-03-09 19:20:22,3.0,3.6,145,0.0,0.0,0,0.0,0.0,0,442585.00,0.00,0.00,246,13.04,3.42,0.00,0.2,4.998,4.998,4.998,4.998,32
2022-03-09 19:21:22,1.4,3.0,110,0.0,0.0,0,0.0,0.0,0,442695.00,0.00,0.00,222,13.08,3.09,0.00,-0.2,4.998,4.998,4.998,4.998,197
2022-03-09 19:22:22,2.0,3.9,107,0.0,0.0,0,0.0,0.0,0,442802.00,0.00,0.00,222,13.04,3.09,0.00,0.2,4.998,4.998,4.998,4.998,138
2022-03-09 19:23:22,3.2,4.5,191,0.0,0.0,0,0.0,0.0,0,442993.00,0.00,0.00,229,13.04,3.19,0.00,0.2,4.998,4.998,4.998,4.998,35
2022-03-09 19:24:22,3.4,4.5,204,0.0,0.0,0,0.0,0.0,0,443197.00,0.00,0.00,222,13.04,3.09,0.00,0.2,4.998,4.998,4.998,4.998,152
2022-03-09 19:25:22,4.0,4.2,142,0.0,0.0,0,0.0,0.0,0,443339.00,0.00,0.00,222,13.04,3.09,0.00,-0.2,4.998,4.998,4.998,4.998,237
2022-03-09 19:26:22,1.7,4.0,146,0.0,0.0,0,0.0,0.0,0,443485.00,0.00,0.00,222,13.04,3.09,0.00,-0.2,4.998,4.998,4.998,4.998,31
2022-03-09 19:27:22,2.5,3.1,112,0.0,0.0,0,0.0,0.0,0,443597.00,0.00,0.00,222,13.04,3.09,0.00,-0.2,4.998,4.998,4.998,4.998,55
2022-03-09 19:28:22,2.7,4.4,180,0.0,0.0,0,0.0,0.0,0,443777.00,0.00,0.00,226,13.04,3.14,0.00,-0.2,4.998,4.998,4.998,4.998,143
2022-03-09 19:29:22,4.0,4.8,190,0.0,0.0,0,0.0,0.0,0,443967.00,0.00,0.00,228,13.04,3.17,0.00,-0.2,4.998,4.998,4.998,4.998,127
2022-03-09 19:30:22,3.9,5.9,234,0.0,0.0,0,0.0,0.0,0,444201.00,0.00,0.00,233,13.04,3.23,0.00,0.2,4.998,4.998,4.998,4.998,134
2022-03-09 19:31:22,2.5,4.7,174,0.0,0.0,0,0.0,0.0,0,444375.00,0.00,0.00,233,13.04,3.23,0.00,0.2,4.998,4.998,4.998,4.998,137
2022-03-09 19:32:22,3.3,4.1,121,0.0,0.0,0,0.0,0.0,0,444496.00,0.00,0.00,233,13.00,3.23,0.00,-0.2,4.998,4.998,4.998,4.998,26
2022-03-09 19:33:22,3.1,3.3,79,0.0,0.0,0,0.0,0.0,0,444575.00,0.00,0.00,233,13.04,3.24,0.00,-0.2,4.998,4.998,4.998,4.998,131
2022-03-09 19:34:22,3.1,3.9,138,0.0,0.0,0,0.0,0.0,0,444713.00,0.00,0.00,232,13.04,3.23,0.00,-0.2,4.998,4.998,4.998,4.998,57
2022-03-09 19:35:22,1.3,4.1,143,0.0,0.0,0,0.0,0.0,0,444856.00,0.00,0.00,229,13.04,3.18,0.00,-0.2,4.998,4.998,4.998,4.998,44
2022-03-09 19:36:22,1.5,2.6,66,0.0,0.0,0,0.0,0.0,0,444922.00,0.00,0.00,229,13.04,3.19,0.00,-0.6,4.998,4.998,4.998,4.998,236
2022-03-09 19:37:22,2.5,3.7,117,0.0,0.0,0,0.0,0.0,0,445039.00,0.00,0.00,229,13.04,3.19,0.00,-0.2,4.998,4.998,4.998,4.998,230
2022-03-09 19:38:22,1.9,3.6,122,0.0,0.0,0,0.0,0.0,0,445161.00,0.00,0.00,229,13.00,3.19,0.00,-0.6,4.998,4.998,4.998,4.998,219
2022-03-09 19:39:22,2.4,2.9,111,0.0,0.0,0,0.0,0.0,0,445272.00,0.00,0.00,229,13.00,3.19,0.00,-0.6,4.998,4.998,4.998,4.998,39
2022-03-09 19:40:22,3.3,3.4,115,0.0,0.0,0,0.0,0.0,0,445387.00,0.00,0.00,229,13.00,3.19,0.00,-0.6,4.998,4.998,4.998,4.998,64
2022-03-09 19:41:22,2.1,3.3,112,0.0,0.0,0,0.0,0.0,0,445499.00,0.00,0.00,229,13.04,3.18,0.00,-0.6,4.998,4.998,4.998,4.998,244
2022-03-09 19:42:22,0.0,3.9,44,0.0,0.0,0,0.0,0.0,0,445543.00,0.00,0.00,229,13.00,3.19,0.00,-0.6,4.998,4.998,4.998,4.998,71
2022-03-09 19:43:22,3.9,3.9,42,0.0,0.0,0,0.0,0.0,0,445585.00,0.00,0.00,229,13.04,3.18,0.00,-0.6,4.998,4.998,4.998,4.998,244
2022-03-09 19:44:22,1.2,3.9,88,0.0,0.0,0,0.0,0.0,0,445673.00,0.00,0.00,226,13.00,3.14,0.00,-0.6,4.998,4.998,4.998,4.998,233
2022-03-09 19:45:22,1.9,2.2,34,0.0,0.0,0,0.0,0.0,0,445707.00,0.00,0.00,226,13.00,3.14,0.00,-0.6,4.998,4.998,4.998,4.998,173
2022-03-09 19:46:22,1.1,1.9,30,0.0,0.0,0,0.0,0.0,0,445737.00,0.00,0.00,226,13.00,3.14,0.00,-0.6,4.998,4.998,4.998,4.998,29
2022-03-09 19:47:22,0.0,2.5,33,0.0,0.0,0,0.0,0.0,0,445770.00,0.00,0.00,226,13.00,3.14,0.00,-1.1,4.998,4.998,4.998,4.998,14
2022-03-09 19:48:22,0.0,0.0,0,0.0,0.0,0,0.0,0.0,0,445770.00,0.00,0.00,226,13.00,3.14,0.00,-1.1,4.998,4.998,4.998,4.998,255
2022-03-09 19:49:22,1.6,3.0,58,0.0,0.0,0,0.0,0.0,0,445828.00,0.00,0.00,226,13.00,3.14,0.00,-1.1,4.998,4.998,4.998,4.998,83
2022-03-09 19:50:22,0.0,3.8,98,0.0,0.0,0,0.0,0.0,0,445926.00,0.00,0.00,226,13.00,3.13,0.00,-0.6,4.998,4.998,4.998,4.998,99
2022-03-09 19:51:22,0.0,0.0,1,0.0,0.0,0,0.0,0.0,0,445927.00,0.00,0.00,226,13.00,3.14,0.00,-1.1,4.998,4.998,4.998,4.998,238
2022-03-09 19:52:22,2.2,2.3,52,0.0,0.0,0,0.0,0.0,0,445979.00,0.00,0.00,226,13.00,3.13,0.00,-0.6,4.998,4.998,4.998,4.998,61
2022-03-09 19:53:22,2.1,3.0,80,0.0,0.0,0,0.0,0.0,0,446059.00,0.00,0.00,226,13.00,3.14,0.00,-1.1,4.998,4.998,4.998,4.998,2
2022-03-09 19:54:22,1.0,1.7,9,0.0,0.0,0,0.0,0.0,0,446068.00,0.00,0.00,226,13.00,3.13,0.00,-0.6,4.998,4.998,4.998,4.998,111
2022-03-09 19:55:22,1.5,1.5,9,0.0,0.0,0,0.0,0.0,0,446077.00,0.00,0.00,226,13.00,3.13,0.00,-1.1,4.998,4.998,4.998,4.998,188
2022-03-09 19:56:22,1.9,2.7,74,0.0,0.0,0,0.0,0.0,0,446151.00,0.00,0.00,226,13.00,3.14,0.00,-0.6,4.998,4.998,4.998,4.998,47
2022-03-09 19:57:22,2.0,3.0,101,0.0,0.0,0,0.0,0.0,0,446252.00,0.00,0.00,226,12.96,3.14,0.00,-1.1,4.998,4.998,4.998,4.998,16
2022-03-09 19:58:22,3.2,3.8,119,0.0,0.0,0,0.0,0.0,0,446371.00,0.00,0.00,223,13.00,3.10,0.00,-0.6,4.998,4.998,4.998,4.998,83
2022-03-09 19:59:22,2.6,3.1,119,0.0,0.0,0,0.0,0.0,0,446490.00,0.00,0.00,223,12.96,3.11,0.00,-1.1,4.998,4.998,4.998,4.998,105
2022-03-09 20:00:22,2.1,3.1,117,0.0,0.0,0,0.0,0.0,0,446607.00,0.00,0.00,222,13.00,3.09,0.00,-1.1,4.998,4.998,4.998,4.998,126
2022-03-09 20:01:22,1.5,2.3,77,0.0,0.0,0,0.0,0.0,0,446684.00,0.00,0.00,222,13.00,3.09,0.00,-1.1,4.998,4.998,4.998,4.998,237
2022-03-09 20:02:22,1.7,2.6,94,0.0,0.0,0,0.0,0.0,0,446778.00,0.00,0.00,223,12.96,3.10,0.00,-1.6,4.998,4.998,4.998,4.998,220
2022-03-09 20:03:22,2.3,3.4,89,0.0,0.0,0,0.0,0.0,0,446867.00,0.00,0.00,214,13.00,2.98,0.00,-1.1,4.998,4.998,4.998,4.998,95
2022-03-09 20:04:22,1.5,2.4,67,0.0,0.0,0,0.0,0.0,0,446934.00,0.00,0.00,214,12.96,2.98,0.00,-1.1,4.998,4.998,4.998,4.998,123
2022-03-09 20:05:22,0.0,1.7,45,0.0,0.0,0,0.0,0.0,0,446979.00,0.00,0.00,214,12.96,2.98,0.00,-1.1,4.998,4.998,4.998,4.998,17
2022-03-09 20:06:22,1.4,1.5,11,0.0,0.0,0,0.0,0.0,0,446990.00,0.00,0.00,215,13.00,2.98,0.00,-1.6,4.998,4.998,4.998,4.998,33
2022-03-09 20:07:22,0.0,1.6,15,0.0,0.0,0,0.0,0.0,0,447005.00,0.00,0.00,214,12.96,2.98,0.00,-1.1,4.998,4.998,4.998,4.998,195
2022-03-09 20:08:22,0.0,1.1,5,0.0,0.0,0,0.0,0.0,0,447010.00,0.00,0.00,215,13.00,2.98,0.00,-1.1,4.998,4.998,4.998,4.998,117
2022-03-09 20:09:22,0.0,0.0,1,0.0,0.0,0,0.0,0.0,0,447011.00,0.00,0.00,214,13.00,2.98,0.00,-1.1,4.998,4.998,4.998,4.998,247
2022-03-09 20:10:22,0.0,0.0,0,0.0,0.0,0,0.0,0.0,0,447011.00,0.00,0.00,214,12.96,2.98,0.00,-1.6,4.998,4.998,4.998,4.998,128
2022-03-09 20:11:22,0.0,0.0,0,0.0,0.0,0,0.0,0.0,0,447011.00,0.00,0.00,214,13.00,2.98,0.00,-1.6,4.998,4.998,4.998,4.998,167
2022-03-09 20:12:22,0.0,0.0,0,0.0,0.0,0,0.0,0.0,0,447011.00,0.00,0.00,214,13.00,2.98,0.00,-1.6,4.998,4.998,4.998,4.998,62
2022-03-09 20:13:22,0.0,0.0,0,0.0,0.0,0,0.0,0.0,0,447011.00,0.00,0.00,215,13.00,2.98,0.00,-1.6,4.998,4.998,4.998,4.998,93
2022-03-09 20:14:22,0.0,0.0,0,0.0,0.0,0,0.0,0.0,0,447011.00,0.00,0.00,214,12.96,2.98,0.00,-2.1,4.998,4.998,4.998,4.998,134
2022-03-09 20:15:22,0.0,0.0,0,0.0,0.0,0,0.0,0.0,0,447011.00,0.00,0.00,214,12.96,2.98,0.00,-1.6,4.998,4.998,4.998,4.998,214
2022-03-09 20:16:22,0.0,0.0,0,0.0,0.0,0,0.0,0.0,0,447011.00,0.00,0.00,215,12.96,2.98,0.00,-1.6,4.998,4.998,4.998,4.998,63
2022-03-09 20:17:22,0.0,0.0,0,0.0,0.0,0,0.0,0.0,0,447011.00,0.00,0.00,214,12.96,2.98,0.00,-1.6,4.998,4.998,4.998,4.998,92
2022-03-09 20:18:22,0.0,0.0,0,0.0,0.0,0,0.0,0.0,0,447011.00,0.00,0.00,214,12.96,2.98,0.00,-2.1,4.998,4.998,4.998,4.998,98
2022-03-09 20:19:22,0.0,0.0,0,0.0,0.0,0,0.0,0.0,0,447011.00,0.00,0.00,214,12.96,2.98,0.00,-2.1,4.998,4.998,4.998,4.998,113
2022-03-09 20:20:22,0.0,0.0,0,0.0,0.0,0,0.0,0.0,0,447011.00,0.00,0.00,214,13.00,2.98,0.00,-2.1,4.998,4.998,4.998,4.998,196
2022-03-09 20:21:22,0.0,0.0,0,0.0,0.0,0,0.0,0.0,0,447011.00,0.00,0.00,214,12.96,2.98,0.00,-2.1,4.998,4.998,4.998,4.998,227
2022-03-09 20:22:22,0.0,0.0,0,0.0,0.0,0,0.0,0.0,0,447011.00,0.00,0.00,215,13.00,2.98,0.00,-2.1,4.998,4.998,4.998,4.998,62
2022-03-09 20:23:22,0.0,0.0,0,0.0,0.0,0,0.0,0.0,0,447011.00,0.00,0.00,214,12.96,2.98,0.00,-2.1,4.998,4.998,4.998,4.998,105
2022-03-09 20:24:22,0.0,0.0,0,0.0,0.0,0,0.0,0.0,0,447011.00,0.00,0.00,214,12.96,2.98,0.00,-2.1,4.998,4.998,4.998,4.998,181
2022-03-09 20:25:22,0.0,0.0,0,0.0,0.0,0,0.0,0.0,0,447011.00,0.00,0.00,214,12.96,2.98,0.00,-2.6,4.998,4.998,4.998,4.998,76
2022-03-09 20:26:22,0.0,0.0,0,0.0,0.0,0,0.0,0.0,0,447011.00,0.00,0.00,214,12.96,2.98,0.00,-2.6,4.998,4.998,4.998,4.998,213
2022-03-09 20:27:22,0.0,0.0,0,0.0,0.0,0,0.0,0.0,0,447011.00,0.00,0.00,214,12.96,2.98,0.00,-2.1,4.998,4.998,4.998,4.998,44
2022-03-09 20:28:22,0.0,0.0,0,0.0,0.0,0,0.0,0.0,0,447011.00,0.00,0.00,214,12.96,2.98,0.00,-2.6,4.998,4.998,4.998,4.998,187
2022-03-09 20:29:22,0.0,0.0,0,0.0,0.0,0,0.0,0.0,0,447011.00,0.00,0.00,214,12.96,2.98,0.00,-2.6,4.998,4.998,4.998,4.998,168
2022-03-09 20:30:22,0.0,0.0,0,0.0,0.0,0,0.0,0.0,0,447011.00,0.00,0.00,214,12.96,2.98,0.00,-2.6,4.998,4.998,4.998,4.998,197
2022-03-09 20:31:22,0.0,0.0,0,0.0,0.0,0,0.0,0.0,0,447011.00,0.00,0.00,214,12.96,2.98,0.00,-2.6,4.998,4.998,4.998,4.998,214
2022-03-09 20:32:22,0.0,0.0,0,0.0,0.0,0,0.0,0.0,0,447011.00,0.00,0.00,214,12.96,2.98,0.00,-2.6,4.998,4.998,4.998,4.998,79
2022-03-09 20:33:22,0.0,0.0,0,0.0,0.0,0,0.0,0.0,0,447011.00,0.00,0.00,214,12.96,2.98,0.00,-2.6,4.998,4.998,4.998,4.998,92
2022-03-09 20:34:22,1.5,1.6,5,0.0,0.0,0,0.0,0.0,0,447016.00,0.00,0.00,214,12.96,2.98,0.00,-2.6,4.998,4.998,4.998,4.998,102
2022-03-09 20:35:22,0.0,1.7,14,0.0,0.0,0,0.0,0.0,0,447030.00,0.00,0.00,214,12.96,2.98,0.00,-2.1,4.998,4.998,4.998,4.998,107
2022-03-09 20:36:22,0.0,1.5,12,0.0,0.0,0,0.0,0.0,0,447042.00,0.00,0.00,214,12.96,2.98,0.00,-2.1,4.998,4.998,4.998,4.998,24
2022-03-09 20:37:22,0.0,0.0,0,0.0,0.0,0,0.0,0.0,0,447042.00,0.00,0.00,214,12.92,2.98,0.00,-2.6,4.998,4.998,4.998,4.998,15
2022-03-09 20:38:22,0.0,0.0,0,0.0,0.0,0,0.0,0.0,0,447042.00,0.00,0.00,215,12.96,2.98,0.00,-2.6,4.998,4.998,4.998,4.998,119
2022-03-09 20:39:22,0.0,0.0,0,0.0,0.0,0,0.0,0.0,0,447042.00,0.00,0.00,215,12.96,2.98,0.00,-3.1,4.998,4.998,4.998,4.998,64
2022-03-09 20:40:22,0.0,0.0,0,0.0,0.0,0,0.0,0.0,0,447042.00,0.00,0.00,214,12.96,2.98,0.00,-3.1,4.998,4.998,4.998,4.998,199
2022-03-09 20:41:22,1.5,1.5,11,0.0,0.0,0,0.0,0.0,0,447053.00,0.00,0.00,214,12.96,2.98,0.00,-3.1,4.998,4.998,4.998,4.998,210
2022-03-09 20:42:22,1.5,1.8,60,0.0,0.0,0,0.0,0.0,0,447113.00,0.00,0.00,214,12.96,2.98,0.00,-3.1,4.998,4.998,4.998,4.998,88
2022-03-09 20:43:22,1.2,1.6,51,0.0,0.0,0,0.0,0.0,0,447164.00,0.00,0.00,214,12.96,2.98,0.00,-3.6,4.998,4.998,4.998,4.998,43
2022-03-09 20:44:22,1.7,1.7,57,0.0,0.0,0,0.0,0.0,0,447221.00,0.00,0.00,214,12.96,2.98,0.00,-3.6,4.998,4.998,4.998,4.998,230
2022-03-09 20:45:22,1.8,2.0,74,0.0,0.0,0,0.0,0.0,0,447295.00,0.00,0.00,214,12.96,2.98,0.00,-3.1,4.998,4.998,4.998,4.998,171
2022-03-09 20:46:22,1.5,1.8,62,0.0,0.0,0,0.0,0.0,0,447357.00,0.00,0.00,214,12.96,2.98,0.00,-3.6,4.998,4.998,4.998,4.998,220
2022-03-09 20:47:22,1.6,1.6,26,0.0,0.0,0,0.0,0.0,0,447383.00,0.00,0.00,214,12.96,2.98,0.00,-3.1,4.998,4.998,4.998,4.998,40
2022-03-09 20:48:22,0.0,1.7,20,0.0,0.0,0,0.0,0.0,0,447403.00,0.00,0.00,214,12.96,2.98,0.00,-3.6,4.998,4.998,4.998,4.998,254
2022-03-09 20:49:22,0.0,0.0,0,0.0,0.0,0,0.0,0.0,0,447403.00,0.00,0.00,214,12.96,2.98,0.00,-3.1,4.998,4.998,4.998,4.998,45
2022-03-09 20:50:22,0.0,0.0,0,0.0,0.0,0,0.0,0.0,0,447403.00,0.00,0.00,215,12.92,2.98,0.00,-3.1,4.998,4.998,4.998,4.998,69
2022-03-09 20:51:22,0.0,0.0,0,0.0,0.0,0,0.0,0.0,0,447403.00,0.00,0.00,214,12.96,2.98,0.00,-3.1,4.998,4.998,4.998,4.998,83
2022-03-09 20:52:22,0.0,0.0,0,0.0,0.0,0,0.0,0.0,0,447403.00,0.00,0.00,214,12.92,2.98,0.00,-3.1,4.998,4.998,4.998,4.998,191
2022-03-09 20:53:22,0.0,0.0,0,0.0,0.0,0,0.0,0.0,0,447403.00,0.00,0.00,214,12.96,2.98,0.00,-3.1,4.998,4.998,4.998,4.998,217
2022-03-09 20:54:22,0.0,0.0,0,0.0,0.0,0,0.0,0.0,0,447403.00,0.00,0.00,214,12.96,2.98,0.00,-3.1,4.998,4.998,4.998,4.998,5
2022-03-09 20:55:22,0.0,0.0,0,0.0,0.0,0,0.0,0.0,0,447403.00,0.00,0.00,214,12.96,2.98,0.00,-3.1,4.998,4.998,4.998,4.998,22
2022-03-09 20:56:22,0.0,0.0,0,0.0,0.0,0,0.0,0.0,0,447403.00,0.00,0.00,214,12.96,2.97,0.00,-3.1,4.998,4.998,4.998,4.998,107
2022-03-09 20:57:22,0.0,0.0,0,0.0,0.0,0,0.0,0.0,0,447403.00,0.00,0.00,214,12.92,2.98,0.00,-3.1,4.998,4.998,4.998,4.998,233
2022-03-09 20:58:22,0.0,0.0,0,0.0,0.0,0,0.0,0.0,0,447403.00,0.00,0.00,214,12.92,2.98,0.00,-3.1,4.998,4.998,4.998,4.998,148
2022-03-09 20:59:22,0.0,0.0,0,0.0,0.0,0,0.0,0.0,0,447403.00,0.00,0.00,214,12.96,2.98,0.00,-3.6,4.998,4.998,4.998,4.998,24
2022-03-09 21:00:22,0.0,0.0,0,0.0,0.0,0,0.0,0.0,0,447403.00,0.00,0.00,214,12.92,2.98,0.00,-3.6,4.998,4.998,4.998,4.998,20
2022-03-09 21:01:22,0.0,0.0,0,0.0,0.0,0,0.0,0.0,0,447403.00,0.00,0.00,214,12.96,2.98,0.00,-3.1,4.998,4.998,4.998,4.998,152
2022-03-09 21:02:22,0.0,0.0,0,0.0,0.0,0,0.0,0.0,0,447403.00,0.00,0.00,214,12.92,2.98,0.00,-3.6,4.998,4.998,4.998,4.998,158
2022-03-09 21:03:22,0.0,0.0,0,0.0,0.0,0,0.0,0.0,0,447403.00,0.00,0.00,214,12.92,2.98,0.00,-3.6,4.998,4.998,4.998,4.998,141
2022-03-09 21:04:22,0.0,0.0,0,0.0,0.0,0,0.0,0.0,0,447403.00,0.00,0.00,214,12.96,2.98,0.00,-3.6,4.998,4.998,4.998,4.998,36
2022-03-09 21:05:22,0.0,0.0,0,0.0,0.0,0,0.0,0.0,0,447403.00,0.00,0.00,214,12.92,2.98,0.00,-3.6,4.998,4.998,4.998,4.998,66
2022-03-09 21:06:22,0.0,0.0,0,0.0,0.0,0,0.0,0.0,0,447403.00,0.00,0.00,214,12.92,2.98,0.00,-3.1,4.998,4.998,4.998,4.998,49
2022-03-09 21:07:22,2.2,3.2,109,0.0,0.0,0,0.0,0.0,0,447512.00,0.00,0.00,213,12.96,2.96,0.00,-3.1,4.998,4.998,4.998,4.998,29
2022-03-09 21:08:22,2.0,2.4,90,0.0,0.0,0,0.0,0.0,0,447602.00,0.00,0.00,214,12.92,2.97,0.00,-3.1,4.998,4.998,4.998,4.998,179
2022-03-09 21:09:22,2.0,2.4,94,0.0,0.0,0,0.0,0.0,0,447696.00,0.00,0.00,214,12.92,2.97,0.00,-3.1,4.998,4.998,4.998,4.998,92
2022-03-09 21:10:22,1.7,2.7,85,0.0,0.0,0,0.0,0.0,0,447781.00,0.00,0.00,213,12.92,2.96,0.00,-3.1,4.998,4.998,4.998,4.998,143
2022-03-09 21:11:22,1.2,1.8,58,0.0,0.0,0,0.0,0.0,0,447839.00,0.00,0.00,214,12.92,2.97,0.00,-3.1,4.998,4.998,4.998,4.998,71
2022-03-09 21:12:22,0.0,1.7,27,0.0,0.0,0,0.0,0.0,0,447866.00,0.00,0.00,213,12.92,2.96,0.00,-3.6,4.998,4.998,4.998,4.998,129
2022-03-09 21:13:22,0.0,0.0,0,0.0,0.0,0,0.0,0.0,0,447866.00,0.00,0.00,214,12.92,2.97,0.00,-3.6,4.998,4.998,4.998,4.998,112
2022-03-09 21:14:22,0.0,0.0,0,0.0,0.0,0,0.0,0.0,0,447866.00,0.00,0.00,214,12.92,2.97,0.00,-3.6,4.998,4.998,4.998,4.998,172
2022-03-09 21:15:22,0.0,0.0,0,0.0,0.0,0,0.0,0.0,0,447866.00,0.00,0.00,213,12.92,2.96,0.00,-3.1,4.998,4.998,4.998,4.998,202
2022-03-09 21:16:22,0.0,0.0,0,0.0,0.0,0,0.0,0.0,0,447866.00,0.00,0.00,213,12.92,2.96,0.00,-3.6,4.998,4.998,4.998,4.998,185
2022-03-09 21:17:22,0.0,0.0,0,0.0,0.0,0,0.0,0.0,0,447866.00,0.00,0.00,213,12.92,2.96,0.00,-3.1,4.998,4.998,4.998,4.998,64
2022-03-09 21:18:22,0.0,0.0,0,0.0,0.0,0,0.0,0.0,0,447866.00,0.00,0.00,214,12.92,2.97,0.00,-3.6,4.998,4.998,4.998,4.998,72
2022-03-09 21:19:22,5.0,5.0,17,0.0,0.0,0,0.0,0.0,0,447883.00,0.00,0.00,173,12.92,2.40,0.00,-3.6,4.998,4.998,4.998,4.998,64
2022-03-09 21:20:22,3.5,5.0,178,0.0,0.0,0,0.0,0.0,0,448061.00,0.00,0.00,140,12.92,1.95,0.00,-3.1,4.998,4.998,4.998,4.998,138
2022-03-09 21:21:22,2.5,4.3,149,0.0,0.0,0,0.0,0.0,0,448210.00,0.00,0.00,149,12.92,2.07,0.00,-2.6,4.998,4.998,4.998,4.998,8
2022-03-09 21:22:22,1.1,2.6,73,0.0,0.0,0,0.0,0.0,0,448283.00,0.00,0.00,149,12.92,2.08,0.00,-2.6,4.998,4.998,4.998,4.998,67
2022-03-09 21:23:22,0.0,2.8,44,0.0,0.0,0,0.0,0.0,0,448327.00,0.00,0.00,152,12.92,2.12,0.00,-3.1,4.998,4.998,4.998,4.998,32
2022-03-09 21:24:22,1.5,2.1,45,0.0,0.0,0,0.0,0.0,0,448372.00,0.00,0.00,152,12.92,2.12,0.00,-3.1,4.998,4.998,4.998,4.998,106
2022-03-09 21:25:22,3.0,4.8,109,0.0,0.0,0,0.0,0.0,0,448481.00,0.00,0.00,153,12.92,2.12,0.00,-3.1,4.998,4.998,4.998,4.998,66
2022-03-09 21:26:22,2.7,3.6,73,0.0,0.0,0,0.0,0.0,0,448554.00,0.00,0.00,144,12.92,2.00,0.00,-3.1,4.998,4.998,4.998,4.998,60
2022-03-09 21:27:22,2.2,5.9,172,0.0,0.0,0,0.0,0.0,0,448726.00,0.00,0.00,159,12.92,2.22,0.00,-2.6,4.998,4.998,4.998,4.998,192
2022-03-09 21:28:22,4.6,5.8,201,0.0,0.0,0,0.0,0.0,0,448927.00,0.00,0.00,156,12.92,2.17,0.00,-2.6,4.998,4.998,4.998,4.998,37
2022-03-09 21:29:22,2.1,4.9,166,0.0,0.0,0,0.0,0.0,0,449093.00,0.00,0.00,156,12.92,2.17,0.00,-2.6,4.998,4.998,4.998,4.998,239
2022-03-09 21:30:22,3.0,4.1,136,0.0,0.0,0,0.0,0.0,0,449229.00,0.00,0.00,164,12.92,2.28,0.00,-2.6,4.998,4.998,4.998,4.998,65
2022-03-09 21:31:22,1.8,3.0,28,0.0,0.0,0,0.0,0.0,0,449257.00,0.00,0.00,164,12.92,2.28,0.00,-2.6,4.998,4.998,4.998,4.998,190
2022-03-09 21:32:22,3.3,4.5,146,0.0,0.0,0,0.0,0.0,0,449403.00,0.00,0.00,158,12.89,2.20,0.00,-2.6,4.998,4.998,4.998,4.998,87
2022-03-09 21:33:22,2.1,4.2,165,0.0,0.0,0,0.0,0.0,0,449568.00,0.00,0.00,158,12.92,2.20,0.00,-2.6,4.998,4.998,4.998,4.998,68
2022-03-09 21:34:22,4.3,4.5,166,0.0,0.0,0,0.0,0.0,0,449734.00,0.00,0.00,156,12.92,2.17,0.00,-2.1,4.998,4.998,4.998,4.998,173
2022-03-09 21:35:22,3.0,5.8,191,0.0,0.0,0,0.0,0.0,0,449925.00,0.00,0.00,182,12.92,2.52,0.00,-2.6,4.998,4.998,4.998,4.998,251
2022-03-09 21:36:22,3.0,3.5,123,0.0,0.0,0,0.0,0.0,0,450048.00,0.00,0.00,181,12.92,2.52,0.00,-2.1,4.998,4.998,4.998,4.998,25
2022-03-09 21:37:22,3.4,4.4,179,0.0,0.0,0,0.0,0.0,0,450227.00,0.00,0.00,170,12.89,2.36,0.00,-2.1,4.998,4.998,4.998,4.998,219
2022-03-09 21:38:22,2.6,3.3,134,0.0,0.0,0,0.0,0.0,0,450361.00,0.00,0.00,170,12.92,2.36,0.00,-2.1,4.998,4.998,4.998,4.998,195
2022-03-09 21:39:22,1.8,2.9,92,0.0,0.0,0,0.0,0.0,0,450453.00,0.00,0.00,170,12.89,2.36,0.00,-2.1,4.998,4.998,4.998,4.998,66
2022-03-09 21:40:22,1.2,1.9,22,0.0,0.0,0,0.0,0.0,0,450475.00,0.00,0.00,170,12.92,2.36,0.00,-2.6,4.998,4.998,4.998,4.998,255
2022-03-09 21:41:22,2.4,2.9,54,0.0,0.0,0,0.0,0.0,0,450529.00,0.00,0.00,170,12.92,2.36,0.00,-2.1,4.998,4.998,4.998,4.998,160
2022-03-09 21:42:22,2.6,3.8,131,0.0,0.0,0,0.0,0.0,0,450660.00,0.00,0.00,170,12.92,2.36,0.00,-2.1,4.998,4.998,4.998,4.998,52
2022-03-09 21:43:22,2.0,2.9,97,0.0,0.0,0,0.0,0.0,0,450757.00,0.00,0.00,170,12.89,2.36,0.00,-2.1,4.998,4.998,4.998,4.998,74
2022-03-09 21:44:22,1.9,2.8,113,0.0,0.0,0,0.0,0.0,0,450870.00,0.00,0.00,170,12.89,2.36,0.00,-2.6,4.998,4.998,4.998,4.998,164
2022-03-09 21:45:22,1.9,3.0,98,0.0,0.0,0,0.0,0.0,0,450968.00,0.00,0.00,170,12.89,2.36,0.00,-2.6,4.998,4.998,4.998,4.998,83
2022-03-09 21:46:22,2.0,3.0,82,0.0,0.0,0,0.0,0.0,0,451050.00,0.00,0.00,170,12.89,2.36,0.00,-2.6,4.998,4.998,4.998,4.998,218
2022-03-09 21:47:22,0.0,2.6,65,0.0,0.0,0,0.0,0.0,0,451115.00,0.00,0.00,170,12.89,2.36,0.00,-2.6,4.998,4.998,4.998,4.998,24
2022-03-09 21:48:22,1.9,1.9,31,0.0,0.0,0,0.0,0.0,0,451146.00,0.00,0.00,170,12.92,2.36,0.00,-2.1,4.998,4.998,4.998,4.998,211
2022-03-09 21:49:22,0.0,2.1,15,0.0,0.0,0,0.0,0.0,0,451161.00,0.00,0.00,170,12.89,2.36,0.00,-2.6,4.998,4.998,4.998,4.998,62
2022-03-09 21:50:22,0.0,0.0,0,0.0,0.0,0,0.0,0.0,0,451161.00,0.00,0.00,170,12.89,2.36,0.00,-2.6,4.998,4.998,4.998,4.998,145
2022-03-09 21:51:22,0.0,0.0,0,0.0,0.0,0,0.0,0.0,0,451161.00,0.00,0.00,170,12.92,2.36,0.00,-2.6,4.998,4.998,4.998,4.998,156
2022-03-09 21:52:22,0.0,1.8,18,0.0,0.0,0,0.0,0.0,0,451179.00,0.00,0.00,170,12.89,2.36,0.00,-2.6,4.998,4.998,4.998,4.998,68
2022-03-09 21:53:22,0.0,0.0,0,0.0,0.0,0,0.0,0.0,0,451179.00,0.00,0.00,170,12.89,2.36,0.00,-3.1,4.998,4.998,4.998,4.998,247
2022-03-09 21:54:22,1.5,1.6,5,0.0,0.0,0,0.0,0.0,0,451184.00,0.00,0.00,170,12.89,2.36,0.00,-3.1,4.998,4.998,4.998,4.998,19
2022-03-09 21:55:22,0.0,2.5,63,0.0,0.0,0,0.0,0.0,0,451247.00,0.00,0.00,170,12.89,2.36,0.00,-3.1,4.998,4.998,4.998,4.998,174
2022-03-09 21:56:22,0.0,0.0,0,0.0,0.0,0,0.0,0.0,0,451247.00,0.00,0.00,170,12.89,2.36,0.00,-3.6,4.998,4.998,4.998,4.998,171
2022-03-09 21:57:22,0.0,0.0,0,0.0,0.0,0,0.0,0.0,0,451247.00,0.00,0.00,170,12.89,2.36,0.00,-3.1,4.998,4.998,4.998,4.998,82
2022-03-09 21:58:22,2.3,4.2,111,0.0,0.0,0,0.0,0.0,0,451358.00,0.00,0.00,171,12.89,2.37,0.00,-2.6,4.998,4.998,4.998,4.998,25
2022-03-09 21:59:22,1.9,2.4,65,0.0,0.0,0,0.0,0.0,0,451423.00,0.00,0.00,170,12.89,2.37,0.00,-3.1,4.998,4.998,4.998,4.998,229
2022-03-09 22:00:22,1.5,2.3,74,0.0,0.0,0,0.0,0.0,0,451497.00,0.00,0.00,170,12.89,2.37,0.00,-3.1,4.998,4.998,4.998,4.998,202
2022-03-09 22:01:22,0.0,1.4,6,0.0,0.0,0,0.0,0.0,0,451503.00,0.00,0.00,170,12.89,2.37,0.00,-3.1,4.998,4.998,4.998,4.998,69
2022-03-09 22:02:22,2.0,4.3,132,0.0,0.0,0,0.0,0.0,0,451635.00,0.00,0.00,170,12.89,2.36,0.00,-3.1,4.998,4.998,4.998,4.998,154
2022-03-09 22:03:22,3.4,3.9,114,0.0,0.0,0,0.0,0.0,0,451749.00,0.00,0.00,169,12.89,2.35,0.00,-3.1,4.998,4.998,4.998,4.998,215
2022-03-09 22:04:22,2.2,3.2,66,0.0,0.0,0,0.0,0.0,0,451815.00,0.00,0.00,170,12.89,2.36,0.00,-3.1,4.998,4.998,4.998,4.998,199
2022-03-09 22:05:22,1.6,2.7,86,0.0,0.0,0,0.0,0.0,0,451901.00,0.00,0.00,170,12.89,2.36,0.00,-3.1,4.998,4.998,4.998,4.998,108
2022-03-09 22:06:22,2.5,4.0,117,0.0,0.0,0,0.0,0.0,0,452018.00,0.00,0.00,170,12.89,2.36,0.00,-3.1,4.998,4.998,4.998,4.998,54
2022-03-09 22:07:22,1.7,2.6,83,0.0,0.0,0,0.0,0.0,0,452101.00,0.00,0.00,170,12.89,2.37,0.00,-3.6,4.998,4.998,4.998,4.998,27
2022-03-09 22:08:22,2.4,3.3,85,0.0,0.0,0,0.0,0.0,0,452186.00,0.00,0.00,170,12.89,2.36,0.00,-3.1,4.998,4.998,4.998,4.998,133
2022-03-09 22:09:22,0.0,2.5,37,0.0,0.0,0,0.0,0.0,0,452223.00,0.00,0.00,170,12.89,2.36,0.00,-3.1,4.998,4.998,4.998,4.998,162
2022-03-09 22:10:22,0.0,2.5,32,0.0,0.0,0,0.0,0.0,0,452255.00,0.00,0.00,170,12.89,2.36,0.00,-3.6,4.998,4.998,4.998,4.998,116
2022-03-09 22:11:22,2.5,3.2,61,0.0,0.0,0,0.0,0.0,0,452316.00,0.00,0.00,170,12.89,2.36,0.00,-2.6,4.998,4.998,4.998,4.998,199
2022-03-09 22:12:22,1.6,2.5,61,0.0,0.0,0,0.0,0.0,0,452377.00,0.00,0.00,170,12.89,2.36,0.00,-3.1,4.998,4.998,4.998,4.998,80
2022-03-09 22:13:22,2.1,2.8,99,0.0,0.0,0,0.0,0.0,0,452476.00,0.00,0.00,170,12.89,2.36,0.00,-2.6,4.998,4.998,4.998,4.998,65
2022-03-09 22:14:22,2.7,3.4,121,0.0,0.0,0,0.0,0.0,0,452597.00,0.00,0.00,170,12.89,2.36,0.00,-2.6,4.998,4.998,4.998,4.998,105
2022-03-09 22:15:22,3.0,3.6,158,0.0,0.0,0,0.0,0.0,0,452755.00,0.00,0.00,170,12.89,2.37,0.00,-2.6,4.998,4.998,4.998,4.998,163
2022-03-09 22:16:22,1.5,2.9,90,0.0,0.0,0,0.0,0.0,0,452845.00,0.00,0.00,170,12.89,2.36,0.00,-2.6,4.998,4.998,4.998,4.998,57
2022-03-09 22:17:22,3.1,4.3,129,0.0,0.0,0,0.0,0.0,0,452974.00,0.00,0.00,170,12.89,2.36,0.00,-3.1,4.998,4.998,4.998,4.998,11
2022-03-09 22:18:22,2.6,3.3,98,0.0,0.0,0,0.0,0.0,0,453072.00,0.00,0.00,170,12.89,2.37,0.00,-2.6,4.998,4.998,4.998,4.998,234
2022-03-09 22:19:22,0.0,2.6,42,0.0,0.0,0,0.0,0.0,0,453114.00,0.00,0.00,170,12.89,2.36,0.00,-3.1,4.998,4.998,4.998,4.998,199
2022-03-09 22:20:22,0.0,0.0,0,0.0,0.0,0,0.0,0.0,0,453114.00,0.00,0.00,170,12.89,2.36,0.00,-3.6,4.998,4.998,4.998,4.998,110
2022-03-09 22:21:22,0.0,0.0,0,0.0,0.0,0,0.0,0.0,0,453114.00,0.00,0.00,170,12.89,2.37,0.00,-3.6,4.998,4.998,4.998,4.998,182
2022-03-09 22:22:22,0.0,0.0,0,0.0,0.0,0,0.0,0.0,0,453114.00,0.00,0.00,170,12.89,2.37,0.00,-3.1,4.998,4.998,4.998,4.998,197
2022-03-09 22:23:22,2.1,3.4,68,0.0,0.0,0,0.0,0.0,0,453182.00,0.00,0.00,170,12.89,2.37,0.00,-2.6,4.998,4.998,4.998,4.998,244
2022-03-09 22:24:22,0.0,2.1,7,0.0,0.0,0,0.0,0.0,0,453189.00,0.00,0.00,170,12.89,2.37,0.00,-3.1,4.998,4.998,4.998,4.998,68
2022-03-09 22:25:22,0.0,0.0,0,0.0,0.0,0,0.0,0.0,0,453189.00,0.00,0.00,170,12.89,2.37,0.00,-3.6,4.998,4.998,4.998,4.998,251
2022-03-09 22:26:22,1.6,2.1,23,0.0,0.0,0,0.0,0.0,0,453212.00,0.00,0.00,170,12.89,2.37,0.00,-2.6,4.998,4.998,4.998,4.998,134
2022-03-09 22:27:22,0.0,1.8,39,0.0,0.0,0,0.0,0.0,0,453251.00,0.00,0.00,170,12.89,2.36,0.00,-2.6,4.998,4.998,4.998,4.998,71
2022-03-09 22:28:22,1.1,1.4,9,0.0,0.0,0,0.0,0.0,0,453260.00,0.00,0.00,170,12.89,2.36,0.00,-2.6,4.998,4.998,4.998,4.998,151
2022-03-09 22:29:22,0.0,1.4,10,0.0,0.0,0,0.0,0.0,0,453270.00,0.00,0.00,170,12.89,2.36,0.00,-3.1,4.998,4.998,4.998,4.998,160
2022-03-09 22:30:22,0.0,1.0,3,0.0,0.0,0,0.0,0.0,0,453273.00,0.00,0.00,170,12.89,2.37,0.00,-2.6,4.998,4.998,4.998,4.998,154
2022-03-09 22:31:22,1.4,1.4,14,0.0,0.0,0,0.0,0.0,0,453287.00,0.00,0.00,170,12.85,2.37,0.00,-2.1,4.998,4.998,4.998,4.998,57
2022-03-09 22:32:22,0.0,1.5,10,0.0,0.0,0,0.0,0.0,0,453297.00,0.00,0.00,170,12.89,2.37,0.00,-2.6,4.998,4.998,4.998,4.998,75
2022-03-09 22:33:22,0.0,0.0,0,0.0,0.0,0,0.0,0.0,0,453297.00,0.00,0.00,170,12.89,2.37,0.00,-3.1,4.998,4.998,4.998,4.998,140
2022-03-09 22:34:22,0.0,0.0,0,0.0,0.0,0,0.0,0.0,0,453297.00,0.00,0.00,170,12.89,2.36,0.00,-3.6,4.998,4.998,4.998,4.998,113
2022-03-09 22:35:22,0.0,0.0,0,0.0,0.0,0,0.0,0.0,0,453297.00,0.00,0.00,170,12.89,2.36,0.00,-3.1,4.998,4.998,4.998,4.998,136
2022-03-09 22:36:22,0.0,0.0,0,0.0,0.0,0,0.0,0.0,0,453297.00,0.00,0.00,170,12.89,2.37,0.00,-3.6,4.998,4.998,4.998,4.998,48
2022-03-09 22:37:22,0.0,0.0,0,0.0,0.0,0,0.0,0.0,0,453297.00,0.00,0.00,170,12.89,2.37,0.00,-3.1,4.998,4.998,4.998,4.998,201
2022-03-09 22:38:22,0.0,0.0,0,0.0,0.0,0,0.0,0.0,0,453297.00,0.00,0.00,170,12.89,2.37,0.00,-3.6,4.998,4.998,4.998,4.998,94
2022-03-09 22:39:22,0.0,0.0,0,0.0,0.0,0,0.0,0.0,0,453297.00,0.00,0.00,170,12.85,2.36,0.00,-3.1,4.998,4.998,4.998,4.998,160
2022-03-09 22:40:22,0.0,0.0,0,0.0,0.0,0,0.0,0.0,0,453297.00,0.00,0.00,170,12.89,2.37,0.00,-2.6,4.998,4.998,4.998,4.998,116
2022-03-09 22:41:22,0.0,0.0,0,0.0,0.0,0,0.0,0.0,0,453297.00,0.00,0.00,170,12.89,2.36,0.00,-2.6,4.998,4.998,4.998,4.998,172
2022-03-09 22:42:22,0.0,0.0,0,0.0,0.0,0,0.0,0.0,0,453297.00,0.00,0.00,170,12.89,2.36,0.00,-3.1,4.998,4.998,4.998,4.998,17
2022-03-09 22:43:22,0.0,0.0,0,0.0,0.0,0,0.0,0.0,0,453297.00,0.00,0.00,170,12.96,2.37,0.00,-3.1,4.998,4.998,4.998,4.998,162
2022-03-09 22:44:22,0.0,0.0,0,0.0,0.0,0,0.0,0.0,0,453297.00,0.00,0.00,170,12.89,2.37,0.00,-3.6,4.998,4.998,4.998,4.998,255
2022-03-09 22:45:22,0.0,0.0,0,0.0,0.0,0,0.0,0.0,0,453297.00,0.00,0.00,170,12.85,2.36,0.00,-4.1,4.998,4.998,4.998,4.998,24
2022-03-09 22:46:22,0.0,0.0,0,0.0,0.0,0,0.0,0.0,0,453297.00,0.00,0.00,170,12.89,2.37,0.00,-3.6,4.998,4.998,4.998,4.998,117
2022-03-09 22:47:22,2.9,3.0,50,0.0,0.0,0,0.0,0.0,0,453347.00,0.00,0.00,170,12.89,2.37,0.00,-4.1,4.998,4.998,4.998,4.998,157
2022-03-09 22:48:22,0.0,2.9,75,0.0,0.0,0,0.0,0.0,0,453422.00,0.00,0.00,170,12.89,2.37,0.00,-3.1,4.998,4.998,4.998,4.998,39
2022-03-09 22:49:22,2.2,2.7,104,0.0,0.0,0,0.0,0.0,0,453526.00,0.00,0.00,170,12.89,2.37,0.00,-3.6,4.998,4.998,4.998,4.998,198
2022-03-09 22:50:22,2.6,3.2,120,0.0,0.0,0,0.0,0.0,0,453646.00,0.00,0.00,170,12.89,2.37,0.00,-3.1,4.998,4.998,4.998,4.998,178
2022-03-09 22:51:22,3.9,4.2,129,0.0,0.0,0,0.0,0.0,0,453775.00,0.00,0.00,170,12.89,2.37,0.00,-3.6,4.998,4.998,4.998,4.998,254
2022-03-09 22:52:22,2.4,4.1,131,0.0,0.0,0,0.0,0.0,0,453906.00,0.00,0.00,170,12.89,2.37,0.00,-3.6,4.998,4.998,4.998,4.998,22
2022-03-09 22:53:22,1.9,3.9,125,0.0,0.0,0,0.0,0.0,0,454031.00,0.00,0.00,170,12.89,2.36,0.00,-3.6,4.998,4.998,4.998,4.998,169
2022-03-09 22:54:22,1.8,2.9,60,0.0,0.0,0,0.0,0.0,0,454091.00,0.00,0.00,170,12.89,2.36,0.00,-4.1,4.998,4.998,4.998,4.998,137
2022-03-09 22:55:22,1.8,2.9,81,0.0,0.0,0,0.0,0.0,0,454172.00,0.00,0.00,170,12.89,2.36,0.00,-3.6,4.998,4.998,4.998,4.998,106
2022-03-09 22:56:22,0.0,2.7,51,0.0,0.0,0,0.0,0.0,0,454223.00,0.00,0.00,170,12.85,2.37,0.00,-3.6,4.998,4.998,4.998,4.998,48
2022-03-09 22:57:22,2.1,2.5,20,0.0,0.0,0,0.0,0.0,0,454243.00,0.00,0.00,170,12.85,2.36,0.00,-4.1,4.998,4.998,4.998,4.998,167
2022-03-09 22:58:22,0.0,2.0,15,0.0,0.0,0,0.0,0.0,0,454258.00,0.00,0.00,170,12.89,2.37,0.00,-3.6,4.998,4.998,4.998,4.998,222
2022-03-09 22:59:22,0.0,0.0,0,0.0,0.0,0,0.0,0.0,0,454258.00,0.00,0.00,170,12.85,2.36,0.00,-3.6,4.998,4.998,4.998,4.998,86
2022-03-09 23:00:22,0.0,0.0,0,0.0,0.0,0,0.0,0.0,0,454258.00,0.00,0.00,170,12.85,2.37,0.00,-3.6,4.998,4.998,4.998,4.998,228
2022-03-09 23:01:22,0.0,1.9,19,0.0,0.0,0,0.0,0.0,0,454277.00,0.00,0.00,170,12.85,2.36,0.00,-3.6,4.998,4.998,4.998,4.998,236
2022-03-09 23:02:22,0.0,1.4,5,0.0,0.0,0,0.0,0.0,0,454282.00,0.00,0.00,170,12.89,2.37,0.00,-3.6,4.998,4.998,4.998,4.998,92
2022-03-09 23:03:22,0.0,0.0,0,0.0,0.0,0,0.0,0.0,0,454282.00,0.00,0.00,170,12.89,2.37,0.00,-3.1,4.998,4.998,4.998,4.998,232
2022-03-09 23:04:22,0.0,0.0,0,0.0,0.0,0,0.0,0.0,0,454282.00,0.00,0.00,170,12.85,2.36,0.00,-3.1,4.998,4.998,4.998,4.998,51
2022-03-09 23:05:22,0.0,0.0,0,0.0,0.0,0,0.0,0.0,0,454282.00,0.00,0.00,170,12.89,2.37,0.00,-3.1,4.998,4.998,4.998,4.998,39
2022-03-09 23:06:22,0.0,0.0,0,0.0,0.0,0,0.0,0.0,0,454282.00,0.00,0.00,170,12.85,2.37,0.00,-3.1,4.998,4.998,4.998,4.998,114
2022-03-09 23:07:22,1.6,2.0,26,0.0,0.0,0,0.0,0.0,0,454308.00,0.00,0.00,170,12.89,2.36,0.00,-2.6,4.998,4.998,4.998,4.998,107
2022-03-09 23:08:22,0.0,2.4,42,0.0,0.0,0,0.0,0.0,0,454350.00,0.00,0.00,170,12.89,2.36,0.00,-2.6,4.998,4.998,4.998,4.998,137
2022-03-09 23:09:22,0.0,0.0,0,0.0,0.0,0,0.0,0.0,0,454350.00,0.00,0.00,170,12.85,2.37,0.00,-3.1,4.998,4.998,4.998,4.998,32
2022-03-09 23:10:22,0.0,0.0,0,0.0,0.0,0,0.0,0.0,0,454350.00,0.00,0.00,170,12.85,2.36,0.00,-3.1,4.998,4.998,4.998,4.998,134
2022-03-09 23:11:22,0.0,0.0,0,0.0,0.0,0,0.0,0.0,0,454350.00,0.00,0.00,170,12.85,2.36,0.00,-3.1,4.998,4.998,4.998,4.998,149
2022-03-09 23:12:22,0.0,0.0,1,0.0,0.0,0,0.0,0.0,0,454351.00,0.00,0.00,170,12.85,2.36,0.00,-3.6,4.998,4.998,4.998,4.998,42
2022-03-09 23:13:22,0.0,0.0,0,0.0,0.0,0,0.0,0.0,0,454351.00,0.00,0.00,170,12.89,2.36,0.00,-3.6,4.998,4.998,4.998,4.998,49
2022-03-09 23:14:22,0.0,0.0,0,0.0,0.0,0,0.0,0.0,0,454351.00,0.00,0.00,170,12.85,2.37,0.00,-3.6,4.998,4.998,4.998,4.998,234
2022-03-09 23:15:22,0.0,0.0,0,0.0,0.0,0,0.0,0.0,0,454351.00,0.00,0.00,170,12.85,2.36,0.00,-3.6,4.998,4.998,4.998,4.998,50
2022-03-09 23:16:22,0.0,0.0,0,0.0,0.0,0,0.0,0.0,0,454351.00,0.00,0.00,170,12.85,2.36,0.00,-3.6,4.998,4.998,4.998,4.998,171
2022-03-09 23:17:22,2.1,2.1,9,0.0,0.0,0,0.0,0.0,0,454360.00,0.00,0.00,170,12.85,2.36,0.00,-3.1,4.998,4.998,4.998,4.998,156
2022-03-09 23:18:22,2.0,2.5,100,0.0,0.0,0,0.0,0.0,0,454460.00,0.00,0.00,170,12.89,2.37,0.00,-3.1,4.998,4.998,4.998,4.998,32
2022-03-09 23:19:22,2.4,2.7,128,0.0,0.0,0,0.0,0.0,0,454588.00,0.00,0.00,170,12.89,2.37,0.00,-3.1,4.998,4.998,4.998,4.998,59
2022-03-09 23:20:22,2.5,2.9,131,0.0,0.0,0,0.0,0.0,0,454719.00,0.00,0.00,170,12.85,2.37,0.00,-3.1,4.998,4.998,4.998,4.998,15
2022-03-09 23:21:22,2.1,2.8,107,0.0,0.0,0,0.0,0.0,0,454826.00,0.00,0.00,170,12.85,2.36,0.00,-3.1,4.998,4.998,4.998,4.998,83
2022-03-09 23:22:22,2.1,2.2,97,0.0,0.0,0,0.0,0.0,0,454923.00,0.00,0.00,170,12.85,2.37,0.00,-3.1,4.998,4.998,4.998,4.998,88
2022-03-09 23:23:22,1.4,2.1,63,0.0,0.0,0,0.0,0.0,0,454986.00,0.00,0.00,170,12.85,2.36,0.00,-3.1,4.998,4.998,4.998,4.998,165
2022-03-09 23:24:22,0.0,1.5,21,0.0,0.0,0,0.0,0.0,0,455007.00,0.00,0.00,170,12.85,2.36,0.00,-3.6,4.998,4.998,4.998,4.998,172
2022-03-09 23:25:22,0.0,0.0,0,0.0,0.0,0,0.0,0.0,0,455007.00,0.00,0.00,170,12.85,2.36,0.00,-3.1,4.998,4.998,4.998,4.998,140
2022-03-09 23:26:22,1.1,1.2,4,0.0,0.0,0,0.0,0.0,0,455011.00,0.00,0.00,170,12.89,2.36,0.00,-3.6,4.998,4.998,4.998,4.998,154
2022-03-09 23:27:22,0.0,0.0,0,0.0,0.0,0,0.0,0.0,0,455011.00,0.00,0.00,170,12.85,2.37,0.00,-3.6,4.998,4.998,4.998,4.998,251
2022-03-09 23:28:22,0.0,0.0,0,0.0,0.0,0,0.0,0.0,0,455011.00,0.00,0.00,170,12.85,2.37,0.00,-4.1,4.998,4.998,4.998,4.998,117
2022-03-09 23:29:22,0.0,0.0,0,0.0,0.0,0,0.0,0.0,0,455011.00,0.00,0.00,170,12.85,2.36,0.00,-4.1,4.998,4.998,4.998,4.998,173
2022-03-09 23:30:22,0.0,0.0,0,0.0,0.0,0,0.0,0.0,0,455011.00,0.00,0.00,170,12.85,2.37,0.00,-4.1,4.998,4.998,4.998,4.998,11
2022-03-09 23:31:22,0.0,0.0,0,0.0,0.0,0,0.0,0.0,0,455011.00,0.00,0.00,170,12.85,2.37,0.00,-4.5,4.998,4.998,4.998,4.998,87
2022-03-09 23:32:22,0.0,0.0,0,0.0,0.0,0,0.0,0.0,0,455011.00,0.00,0.00,170,12.85,2.36,0.00,-5.0,4.998,4.998,4.998,4.998,191
2022-03-09 23:33:22,0.0,0.0,0,0.0,0.0,0,0.0,0.0,0,455011.00,0.00,0.00,170,12.85,2.37,0.00,-5.0,4.998,4.998,4.998,4.998,103
2022-03-09 23:34:22,0.0,0.0,0,0.0,0.0,0,0.0,0.0,0,455011.00,0.00,0.00,170,12.85,2.36,0.00,-5.0,4.998,4.998,4.998,4.998,112
2022-03-09 23:35:22,0.0,0.0,0,0.0,0.0,0,0.0,0.0,0,455011.00,0.00,0.00,170,12.85,2.37,0.00,-4.5,4.998,4.998,4.998,4.998,18
2022-03-09 23:36:22,0.0,0.0,0,0.0,0.0,0,0.0,0.0,0,455011.00,0.00,0.00,170,12.85,2.37,0.00,-4.5,4.998,4.998,4.998,4.998,139
2022-03-09 23:37:22,0.0,0.0,0,0.0,0.0,0,0.0,0.0,0,455011.00,0.00,0.00,170,12.85,2.36,0.00,-4.5,4.998,4.998,4.998,4.998,83
2022-03-09 23:38:22,0.0,0.0,0,0.0,0.0,0,0.0,0.0,0,455011.00,0.00,0.00,170,12.85,2.37,0.00,-4.1,4.998,4.998,4.998,4.998,170
2022-03-09 23:39:22,0.0,0.0,0,0.0,0.0,0,0.0,0.0,0,455011.00,0.00,0.00,170,12.85,2.36,0.00,-4.1,4.998,4.998,4.998,4.998,114
2022-03-09 23:40:22,0.0,0.0,0,0.0,0.0,0,0.0,0.0,0,455011.00,0.00,0.00,170,12.85,2.36,0.00,-4.5,4.998,4.998,4.998,4.998,202
2022-03-09 23:41:22,0.0,0.0,0,0.0,0.0,0,0.0,0.0,0,455011.00,0.00,0.00,170,12.85,2.37,0.00,-4.1,4.998,4.998,4.998,4.998,93
2022-03-09 23:42:22,0.0,0.0,0,0.0,0.0,0,0.0,0.0,0,455011.00,0.00,0.00,170,12.85,2.36,0.00,-4.5,4.998,4.998,4.998,4.998,64
2022-03-09 23:43:22,0.0,0.0,0,0.0,0.0,0,0.0,0.0,0,455011.00,0.00,0.00,170,12.85,2.37,0.00,-5.0,4.998,4.998,4.998,4.998,34
2022-03-09 23:44:22,0.0,0.0,0,0.0,0.0,0,0.0,0.0,0,455011.00,0.00,0.00,170,12.85,2.37,0.00,-5.0,4.998,4.998,4.998,4.998,254
2022-03-09 23:45:22,0.0,0.0,0,0.0,0.0,0,0.0,0.0,0,455011.00,0.00,0.00,170,12.85,2.37,0.00,-5.0,4.998,4.998,4.998,4.998,237
2022-03-09 23:46:22,0.0,0.0,0,0.0,0.0,0,0.0,0.0,0,455011.00,0.00,0.00,170,12.85,2.37,0.00,-5.0,4.998,4.998,4.998,4.998,116
2022-03-09 23:47:22,0.0,0.0,0,0.0,0.0,0,0.0,0.0,0,455011.00,0.00,0.00,170,12.85,2.37,0.00,-5.0,4.998,4.998,4.998,4.998,103
2022-03-09 23:48:22,0.0,0.0,0,0.0,0.0,0,0.0,0.0,0,455011.00,0.00,0.00,170,12.85,2.36,0.00,-4.5,4.998,4.998,4.998,4.998,107
2022-03-09 23:49:22,0.0,0.0,0,0.0,0.0,0,0.0,0.0,0,455011.00,0.00,0.00,170,12.85,2.36,0.00,-4.1,4.998,4.998,4.998,4.998,55
2022-03-09 23:50:22,0.0,0.0,0,0.0,0.0,0,0.0,0.0,0,455011.00,0.00,0.00,170,12.85,2.36,0.00,-4.5,4.998,4.998,4.998,4.998,21
2022-03-09 23:51:22,0.0,0.0,0,0.0,0.0,0,0.0,0.0,0,455011.00,0.00,0.00,170,12.85,2.36,0.00,-4.1,4.998,4.998,4.998,4.998,73
2022-03-09 23:52:22,0.0,0.0,0,0.0,0.0,0,0.0,0.0,0,455011.00,0.00,0.00,170,12.85,2.36,0.00,-4.1,4.998,4.998,4.998,4.998,208
2022-03-09 23:53:22,0.0,0.0,0,0.0,0.0,0,0.0,0.0,0,455011.00,0.00,0.00,170,12.85,2.36,0.00,-4.1,4.998,4.998,4.998,4.998,195
2022-03-09 23:54:22,2.4,2.8,89,0.0,0.0,0,0.0,0.0,0,455100.00,0.00,0.00,170,12.85,2.36,0.00,-4.5,4.998,4.998,4.998,4.998,207
2022-03-09 23:55:22,1.7,2.7,111,0.0,0.0,0,0.0,0.0,0,455211.00,0.00,0.00,170,12.85,2.36,0.00,-5.0,4.998,4.998,4.998,4.998,46
2022-03-09 23:56:22,1.3,1.7,43,0.0,0.0,0,0.0,0.0,0,455254.00,0.00,0.00,170,12.85,2.37,0.00,-4.5,4.998,4.998,4.998,4.998,204
2022-03-09 23:57:22,0.0,1.7,32,0.0,0.0,0,0.0,0.0,0,455286.00,0.00,0.00,170,12.81,2.36,0.00,-4.5,4.998,4.998,4.998,4.998,163
2022-03-09 23:58:22,0.0,0.0,0,0.0,0.0,0,0.0,0.0,0,455286.00,0.00,0.00,170,12.85,2.36,0.00,-5.0,4.998,4.998,4.998,4.998,206
2022-03-09 23:59:22,0.0,0.0,0,0.0,0.0,0,0.0,0.0,0,455286.00,0.00,0.00,170,12.85,2.37,0.00,-5.0,4.998,4.998,4.998,4.998,22
