2022-03-10 00:00:22,0.0,0.0,0,0.0,0.0,0,0.0,0.0,0,0.00,0.00,0.00,170,12.85,2.36,0.00,-5.0,4.998,4.998,4.998,4.998,157
2022-03-10 00:01:22,0.0,0.0,0,0.0,0.0,0,0.0,0.0,0,0.00,0.00,0.00,170,12.85,2.37,0.00,-5.0,4.998,4.998,4.998,4.998,194
2022-03-10 00:02:22,0.0,0.0,0,0.0,0.0,0,0.0,0.0,0,0.00,0.00,0.00,170,12.85,2.37,0.00,-5.5,4.998,4.998,4.998,4.998,104
2022-03-10 00:03:22,0.0,0.0,0,0.0,0.0,0,0.0,0.0,0,0.00,0.00,0.00,170,12.85,2.37,0.00,-5.5,4.998,4.998,4.998,4.998,252
2022-03-10 00:04:22,0.0,0.0,0,0.0,0.0,0,0.0,0.0,0,0.00,0.00,0.00,170,12.85,2.36,0.00,-5.0,4.998,4.998,4.998,4.998,184
2022-03-10 00:05:22,0.0,0.0,0,0.0,0.0,0,0.0,0.0,0,0.00,0.00,0.00,170,12.81,2.37,0.00,-5.5,4.998,4.998,4.998,4.998,230
2022-03-10 00:06:22,0.0,0.0,0,0.0,0.0,0,0.0,0.0,0,0.00,0.00,0.00,170,12.85,2.37,0.00,-4.5,4.998,4.998,4.998,4.998,131
2022-03-10 00:07:22,0.0,0.0,0,0.0,0.0,0,0.0,0.0,0,0.00,0.00,0.00,170,12.85,2.36,0.00,-5.0,4.998,4.998,4.998,4.998,102
2022-03-10 00:08:22,0.0,0.0,0,0.0,0.0,0,0.0,0.0,0,0.00,0.00,0.00,170,12.85,2.37,0.00,-5.0,4.998,4.998,4.998,4.998,199
2022-03-10 00:09:22,0.0,0.0,0,0.0,0.0,0,0.0,0.0,0,0.00,0.00,0.00,170,12.85,2.37,0.00,-4.5,4.998,4.998,4.998,4.998,233
2022-03-10 00:10:22,0.0,0.0,0,0.0,0.0,0,0.0,0.0,0,0.00,0.00,0.00,170,12.85,2.36,0.00,-4.1,4.998,4.998,4.998,4.998,53
2022-03-10 00:11:22,0.0,0.0,1,0.0,0.0,0,0.0,0.0,0,1.00,0.00,0.00,170,12.85,2.36,0.00,-4.5,4.998,4.998,4.998,4.998,54
2022-03-10 00:12:22,0.0,0.0,0,0.0,0.0,0,0.0,0.0,0,1.00,0.00,0.00,170,12.85,2.37,0.00,-4.5,4.998,4.998,4.998,4.998,243
2022-03-10 00:13:22,0.0,0.0,0,0.0,0.0,0,0.0,0.0,0,1.00,0.00,0.00,170,12.85,2.37,0.00,-5.0,4.998,4.998,4.998,4.998,221
2022-03-10 00:14:22,0.0,0.0,0,0.0,0.0,0,0.0,0.0,0,1.00,0.00,0.00,170,12.81,2.36,0.00,-4.5,4.998,4.998,4.998,4.998,34
2022-03-10 00:15:22,0.0,0.0,0,0.0,0.0,0,0.0,0.0,0,1.00,0.00,0.00,170,12.85,2.37,0.00,-5.0,4.998,4.998,4.998,4.998,178
2022-03-10 00:16:22,0.0,0.0,0,0.0,0.0,0,0.0,0.0,0,1.00,0.00,0.00,170,12.85,2.36,0.00,-4.1,4.998,4.998,4.998,4.998,82
2022-03-10 00:17:22,0.0,0.0,0,0.0,0.0,0,0.0,0.0,0,1.00,0.00,0.00,170,12.81,2.37,0.00,-4.5,4.998,4.998,4.998,4.998,55
2022-03-10 00:18:22,0.0,0.0,0,0.0,0.0,0,0.0,0.0,0,1.00,0.00,0.00,170,12.81,2.37,0.00,-4.5,4.998,4.998,4.998,4.998,93
2022-03-10 00:19:22,0.0,0.0,0,0.0,0.0,0,0.0,0.0,0,1.00,0.00,0.00,170,12.81,2.37,0.00,-4.5,4.998,4.998,4.998,4.998,201
2022-03-10 00:20:22,0.0,0.0,0,0.0,0.0,0,0.0,0.0,0,1.00,0.00,0.00,170,12.81,2.36,0.00,-4.5,4.998,4.998,4.998,4.998,247
2022-03-10 00:21:22,0.0,0.0,0,0.0,0.0,0,0.0,0.0,0,1.00,0.00,0.00,170,12.85,2.36,0.00,-4.1,4.998,4.998,4.998,4.998,89
2022-03-10 00:22:22,0.0,0.0,0,0.0,0.0,0,0.0,0.0,0,1.00,0.00,0.00,170,12.81,2.37,0.00,-4.1,4.998,4.998,4.998,4.998,57
2022-03-10 00:23:22,0.0,0.0,0,0.0,0.0,0,0.0,0.0,0,1.00,0.00,0.00,170,12.81,2.37,0.00,-4.5,4.998,4.998,4.998,4.998,226
2022-03-10 00:24:22,0.0,0.0,0,0.0,0.0,0,0.0,0.0,0,1.00,0.00,0.00,170,12.85,2.36,0.00,-5.0,4.998,4.998,4.998,4.998,29
2022-03-10 00:25:22,0.0,0.0,0,0.0,0.0,0,0.0,0.0,0,1.00,0.00,0.00,170,12.85,2.37,0.00,-4.5,4.998,4.998,4.998,4.998,248
2022-03-10 00:26:22,0.0,0.0,0,0.0,0.0,0,0.0,0.0,0,1.00,0.00,0.00,170,12.85,2.37,0.00,-4.5,4.998,4.998,4.998,4.998,38
2022-03-10 00:27:22,0.0,0.0,0,0.0,0.0,0,0.0,0.0,0,1.00,0.00,0.00,170,12.81,2.37,0.00,-4.5,4.998,4.998,4.998,4.998,199
2022-03-10 00:28:22,0.0,0.0,0,0.0,0.0,0,0.0,0.0,0,1.00,0.00,0.00,170,12.85,2.36,0.00,-4.1,4.998,4.998,4.998,4.998,92
2022-03-10 00:29:22,0.0,0.0,0,0.0,0.0,0,0.0,0.0,0,1.00,0.00,0.00,170,12.81,2.37,0.00,-4.5,4.998,4.998,4.998,4.998,57
2022-03-10 00:30:22,0.0,0.0,0,0.0,0.0,0,0.0,0.0,0,1.00,0.00,0.00,170,12.81,2.36,0.00,-4.5,4.998,4.998,4.998,4.998,170
2022-03-10 00:31:22,0.0,0.0,0,0.0,0.0,0,0.0,0.0,0,1.00,0.00,0.00,170,12.81,2.37,0.00,-4.1,4.998,4.998,4.998,4.998,186
2022-03-10 00:32:22,0.0,0.0,0,0.0,0.0,0,0.0,0.0,0,1.00,0.00,0.00,170,12.81,2.36,0.00,-4.5,4.998,4.998,4.998,4.998,224
2022-03-10 00:33:22,0.0,0.0,0,0.0,0.0,0,0.0,0.0,0,1.00,0.00,0.00,170,12.85,2.36,0.00,-4.5,4.998,4.998,4.998,4.998,1
2022-03-10 00:34:22,0.0,0.0,0,0.0,0.0,0,0.0,0.0,0,1.00,0.00,0.00,170,12.85,2.37,0.00,-4.5,4.998,4.998,4.998,4.998,49
2022-03-10 00:35:22,0.0,0.0,0,0.0,0.0,0,0.0,0.0,0,1.00,0.00,0.00,170,12.85,2.36,0.00,-4.5,4.998,4.998,4.998,4.998,110
2022-03-10 00:36:22,0.0,0.0,0,0.0,0.0,0,0.0,0.0,0,1.00,0.00,0.00,170,12.85,2.36,0.00,-4.1,4.998,4.998,4.998,4.998,255
2022-03-10 00:37:22,0.0,0.0,0,0.0,0.0,0,0.0,0.0,0,1.00,0.00,0.00,170,12.85,2.37,0.00,-4.5,4.998,4.998,4.998,4.998,239
2022-03-10 00:38:22,0.0,0.0,0,0.0,0.0,0,0.0,0.0,0,1.00,0.00,0.00,170,12.81,2.36,0.00,-4.5,4.998,4.998,4.998,4.998,59
2022-03-10 00:39:22,0.0,0.0,0,0.0,0.0,0,0.0,0.0,0,1.00,0.00,0.00,170,12.81,2.36,0.00,-4.5,4.998,4.998,4.998,4.998,175
2022-03-10 00:40:22,0.0,0.0,0,0.0,0.0,0,0.0,0.0,0,1.00,0.00,0.00,170,12.81,2.36,0.00,-4.5,4.998,4.998,4.998,4.998,143
2022-03-10 00:41:22,0.0,0.0,0,0.0,0.0,0,0.0,0.0,0,1.00,0.00,0.00,170,12.81,2.37,0.00,-4.5,4.998,4.998,4.998,4.998,208
2022-03-10 00:42:22,0.0,0.0,0,0.0,0.0,0,0.0,0.0,0,1.00,0.00,0.00,170,12.81,2.37,0.00,-5.0,4.998,4.998,4.998,4.998,180
2022-03-10 00:43:22,0.0,0.0,0,0.0,0.0,0,0.0,0.0,0,1.00,0.00,0.00,170,12.85,2.36,0.00,-5.0,4.998,4.998,4.998,4.998,158
2022-03-10 00:44:22,0.0,0.0,0,0.0,0.0,0,0.0,0.0,0,1.00,0.00,0.00,170,12.85,2.36,0.00,-4.5,4.998,4.998,4.998,4.998,223
2022-03-10 00:45:22,0.0,0.0,0,0.0,0.0,0,0.0,0.0,0,1.00,0.00,0.00,170,12.81,2.36,0.00,-5.0,4.998,4.998,4.998,4.998,132
2022-03-10 00:46:22,0.0,0.0,0,0.0,0.0,0,0.0,0.0,0,1.00,0.00,0.00,170,12.85,2.36,0.00,-4.5,4.998,4.998,4.998,4.998,149
2022-03-10 00:47:22,0.0,0.0,0,0.0,0.0,0,0.0,0.0,0,1.00,0.00,0.00,170,12.81,2.37,0.00,-4.1,4.998,4.998,4.998,4.998,240
2022-03-10 00:48:22,0.0,0.0,0,0.0,0.0,0,0.0,0.0,0,1.00,0.00,0.00,170,12.81,2.37,0.00,-4.1,4.998,4.998,4.998,4.998,154
2022-03-10 00:49:22,0.0,0.0,0,0.0,0.0,0,0.0,0.0,0,1.00,0.00,0.00,170,12.81,2.37,0.00,-4.5,4.998,4.998,4.998,4.998,65
2022-03-10 00:50:22,0.0,0.0,0,0.0,0.0,0,0.0,0.0,0,1.00,0.00,0.00,170,12.81,2.37,0.00,-4.1,4.998,4.998,4.998,4.998,86
2022-03-10 00:51:22,0.0,0.0,0,0.0,0.0,0,0.0,0.0,0,1.00,0.00,0.00,170,12.81,2.36,0.00,-4.1,4.998,4.998,4.998,4.998,9
2022-03-10 00:52:22,0.0,0.0,0,0.0,0.0,0,0.0,0.0,0,1.00,0.00,0.00,170,12.81,2.36,0.00,-4.1,4.998,4.998,4.998,4.998,215
2022-03-10 00:53:22,0.0,0.0,0,0.0,0.0,0,0.0,0.0,0,1.00,0.00,0.00,170,12.81,2.36,0.00,-4.1,4.998,4.998,4.998,4.998,67
2022-03-10 00:54:22,0.0,0.0,0,0.0,0.0,0,0.0,0.0,0,1.00,0.00,0.00,170,12.81,2.37,0.00,-4.1,4.998,4.998,4.998,4.998,115
2022-03-10 00:55:22,0.0,0.0,0,0.0,0.0,0,0.0,0.0,0,1.00,0.00,0.00,170,12.81,2.36,0.00,-4.1,4.998,4.998,4.998,4.998,44
2022-03-10 00:56:22,0.0,0.0,0,0.0,0.0,0,0.0,0.0,0,1.00,0.00,0.00,170,12.81,2.36,0.00,-4.5,4.998,4.998,4.998,4.998,189
2022-03-10 00:57:22,0.0,0.0,0,0.0,0.0,0,0.0,0.0,0,1.00,0.00,0.00,170,12.81,2.37,0.00,-4.1,4.998,4.998,4.998,4.998,173
2022-03-10 00:58:22,0.0,0.0,0,0.0,0.0,0,0.0,0.0,0,1.00,0.00,0.00,170,12.81,2.37,0.00,-4.1,4.998,4.998,4.998,4.998,199
2022-03-10 00:59:22,0.0,0.0,0,0.0,0.0,0,0.0,0.0,0,1.00,0.00,0.00,170,12.81,2.36,0.00,-4.1,4.998,4.998,4.998,4.998,152
2022-03-10 01:00:22,0.0,0.0,0,0.0,0.0,0,0.0,0.0,0,1.00,0.00,0.00,170,12.81,2.37,0.00,-4.1,4.998,4.998,4.998,4.998,182
2022-03-10 01:01:22,0.0,0.0,0,0.0,0.0,0,0.0,0.0,0,1.00,0.00,0.00,170,12.81,2.37,0.00,-4.1,4.998,4.998,4.998,4.998,34
2022-03-10 01:02:22,0.0,0.0,0,0.0,0.0,0,0.0,0.0,0,1.00,0.00,0.00,170,12.81,2.36,0.00,-4.1,4.998,4.998,4.998,4.998,55
2022-03-10 01:03:22,0.0,0.0,0,0.0,0.0,0,0.0,0.0,0,1.00,0.00,0.00,170,12.81,2.36,0.00,-4.1,4.998,4.998,4.998,4.998,163
2022-03-10 01:04:22,0.0,0.0,0,0.0,0.0,0,0.0,0.0,0,1.00,0.00,0.00,170,12.81,2.36,0.00,-4.5,4.998,4.998,4.998,4.998,23
2022-03-10 01:05:22,0.0,0.0,0,0.0,0.0,0,0.0,0.0,0,1.00,0.00,0.00,170,12.81,2.37,0.00,-4.1,4.998,4.998,4.998,4.998,7
2022-03-10 01:06:22,0.0,0.0,0,0.0,0.0,0,0.0,0.0,0,1.00,0.00,0.00,170,12.81,2.36,0.00,-4.1,4.998,4.998,4.998,4.998,18
2022-03-10 01:07:22,0.0,0.0,0,0.0,0.0,0,0.0,0.0,0,1.00,0.00,0.00,170,12.81,2.36,0.00,-4.5,4.998,4.998,4.998,4.998,201
2022-03-10 01:08:22,0.0,0.0,0,0.0,0.0,0,0.0,0.0,0,1.00,0.00,0.00,170,12.81,2.36,0.00,-4.1,4.998,4.998,4.998,4.998,236
2022-03-10 01:09:22,0.0,0.0,0,0.0,0.0,0,0.0,0.0,0,1.00,0.00,0.00,170,12.81,2.37,0.00,-4.1,4.998,4.998,4.998,4.998,179
2022-03-10 01:10:22,0.0,0.0,0,0.0,0.0,0,0.0,0.0,0,1.00,0.00,0.00,170,12.81,2.37,0.00,-4.1,4.998,4.998,4.998,4.998,235
2022-03-10 01:11:22,0.0,0.0,0,0.0,0.0,0,0.0,0.0,0,1.00,0.00,0.00,170,12.81,2.37,0.00,-4.1,4.998,4.998,4.998,4.998,127
2022-03-10 01:12:22,0.0,0.0,0,0.0,0.0,0,0.0,0.0,0,1.00,0.00,0.00,170,12.81,2.36,0.00,-3.6,4.998,4.998,4.998,4.998,153
2022-03-10 01:13:22,0.0,0.0,0,0.0,0.0,0,0.0,0.0,0,1.00,0.00,0.00,170,12.81,2.37,0.00,-4.1,4.998,4.998,4.998,4.998,53
2022-03-10 01:14:22,0.0,0.0,0,0.0,0.0,0,0.0,0.0,0,1.00,0.00,0.00,170,12.81,2.37,0.00,-4.1,4.998,4.998,4.998,4.998,206
2022-03-10 01:15:22,0.0,0.0,0,0.0,0.0,0,0.0,0.0,0,1.00,0.00,0.00,170,12.81,2.37,0.00,-3.6,4.998,4.998,4.998,4.998,169
2022-03-10 01:16:22,0.0,0.0,0,0.0,0.0,0,0.0,0.0,0,1.00,0.00,0.00,170,12.81,2.37,0.00,-4.1,4.998,4.998,4.998,4.998,132
2022-03-10 01:17:22,0.0,0.0,0,0.0,0.0,0,0.0,0.0,0,1.00,0.00,0.00,170,12.81,2.37,0.00,-4.1,4.998,4.998,4.998,4.998,16
2022-03-10 01:18:22,0.0,0.0,0,0.0,0.0,0,0.0,0.0,0,1.00,0.00,0.00,170,12.81,2.37,0.00,-4.1,4.998,4.998,4.998,4.998,122
2022-03-10 01:19:22,0.0,0.0,0,0.0,0.0,0,0.0,0.0,0,1.00,0.00,0.00,170,12.81,2.37,0.00,-4.1,4.998,4.998,4.998,4.998,238
2022-03-10 01:20:22,0.0,0.0,0,0.0,0.0,0,0.0,0.0,0,1.00,0.00,0.00,170,12.81,2.37,0.00,-4.1,4.998,4.998,4.998,4.998,27
2022-03-10 01:21:22,0.0,0.0,0,0.0,0.0,0,0.0,0.0,0,1.00,0.00,0.00,170,12.81,2.37,0.00,-4.1,4.998,4.998,4.998,4.998,143
2022-03-10 01:22:22,0.0,0.0,0,0.0,0.0,0,0.0,0.0,0,1.00,0.00,0.00,170,12.81,2.36,0.00,-3.6,4.998,4.998,4.998,4.998,105
2022-03-10 01:23:22,0.0,0.0,0,0.0,0.0,0,0.0,0.0,0,1.00,0.00,0.00,170,12.81,2.36,0.00,-4.1,4.998,4.998,4.998,4.998,14
2022-03-10 01:24:22,0.0,0.0,0,0.0,0.0,0,0.0,0.0,0,1.00,0.00,0.00,170,12.81,2.37,0.00,-3.6,4.998,4.998,4.998,4.998,205
2022-03-10 01:25:22,0.0,0.0,0,0.0,0.0,0,0.0,0.0,0,1.00,0.00,0.00,170,12.81,2.37,0.00,-3.6,4.998,4.998,4.998,4.998,89
2022-03-10 01:26:22,0.0,0.0,0,0.0,0.0,0,0.0,0.0,0,1.00,0.00,0.00,170,12.81,2.36,0.00,-3.6,4.998,4.998,4.998,4.998,76
2022-03-10 01:27:22,0.0,0.0,0,0.0,0.0,0,0.0,0.0,0,1.00,0.00,0.00,170,12.81,2.36,0.00,-3.6,4.998,4.998,4.998,4.998,216
2022-03-10 01:28:22,0.0,0.0,0,0.0,0.0,0,0.0,0.0,0,1.00,0.00,0.00,170,12.81,2.36,0.00,-4.1,4.998,4.998,4.998,4.998,65
2022-03-10 01:29:22,0.0,0.0,0,0.0,0.0,0,0.0,0.0,0,1.00,0.00,0.00,170,12.81,2.37,0.00,-3.6,4.998,4.998,4.998,4.998,237
2022-03-10 01:30:22,0.0,0.0,0,0.0,0.0,0,0.0,0.0,0,1.00,0.00,0.00,170,12.81,2.36,0.00,-4.1,4.998,4.998,4.998,4.998,141
2022-03-10 01:31:22,0.0,0.0,0,0.0,0.0,0,0.0,0.0,0,1.00,0.00,0.00,170,12.81,2.36,0.00,-3.6,4.998,4.998,4.998,4.998,234
2022-03-10 01:32:22,0.0,0.0,0,0.0,0.0,0,0.0,0.0,0,1.00,0.00,0.00,170,12.81,2.36,0.00,-4.1,4.998,4.998,4.998,4.998,199
2022-03-10 01:33:22,0.0,0.0,0,0.0,0.0,0,0.0,0.0,0,1.00,0.00,0.00,170,12.81,2.36,0.00,-4.1,4.998,4.998,4.998,4.998,83
2022-03-10 01:34:22,0.0,0.0,0,0.0,0.0,0,0.0,0.0,0,1.00,0.00,0.00,170,12.81,2.37,0.00,-3.6,4.998,4.998,4.998,4.998,144
2022-03-10 01:35:22,0.0,0.0,0,0.0,0.0,0,0.0,0.0,0,1.00,0.00,0.00,170,12.77,2.36,0.00,-3.1,4.998,4.998,4.998,4.998,157
2022-03-10 01:36:22,0.0,0.0,0,0.0,0.0,0,0.0,0.0,0,1.00,0.00,0.00,170,12.81,2.37,0.00,-3.1,4.998,4.998,4.998,4.998,48
2022-03-10 01:37:22,0.0,0.0,0,0.0,0.0,0,0.0,0.0,0,1.00,0.00,0.00,170,12.77,2.36,0.00,-3.6,4.998,4.998,4.998,4.998,61
2022-03-10 01:38:22,0.0,0.0,0,0.0,0.0,0,0.0,0.0,0,1.00,0.00,0.00,170,12.81,2.36,0.00,-3.6,4.998,4.998,4.998,4.998,239
2022-03-10 01:39:22,0.0,0.0,0,0.0,0.0,0,0.0,0.0,0,1.00,0.00,0.00,170,12.81,2.36,0.00,-3.6,4.998,4.998,4.998,4.998,123
2022-03-10 01:40:22,0.0,0.0,0,0.0,0.0,0,0.0,0.0,0,1.00,0.00,0.00,170,12.81,2.37,0.00,-3.6,4.998,4.998,4.998,4.998,144
2022-03-10 01:41:22,0.0,0.0,0,0.0,0.0,0,0.0,0.0,0,1.00,0.00,0.00,170,12.81,2.37,0.00,-3.1,4.998,4.998,4.998,4.998,238
2022-03-10 01:42:22,0.0,0.0,0,0.0,0.0,0,0.0,0.0,0,1.00,0.00,0.00,170,12.81,2.37,0.00,-3.6,4.998,4.998,4.998,4.998,218
2022-03-10 01:43:22,0.0,0.0,0,0.0,0.0,0,0.0,0.0,0,1.00,0.00,0.00,170,12.81,2.37,0.00,-3.6,4.998,4.998,4.998,4.998,78
2022-03-10 01:44:22,0.0,0.0,0,0.0,0.0,0,0.0,0.0,0,1.00,0.00,0.00,170,12.81,2.37,0.00,-3.6,4.998,4.998,4.998,4.998,181
2022-03-10 01:45:22,0.0,0.0,0,0.0,0.0,0,0.0,0.0,0,1.00,0.00,0.00,170,12.81,2.37,0.00,-3.6,4.998,4.998,4.998,4.998,33
2022-03-10 01:46:22,0.0,0.0,0,0.0,0.0,0,0.0,0.0,0,1.00,0.00,0.00,170,12.81,2.37,0.00,-3.6,4.998,4.998,4.998,4.998,255
2022-03-10 01:47:22,0.0,0.0,0,0.0,0.0,0,0.0,0.0,0,1.00,0.00,0.00,170,12.77,2.36,0.00,-3.6,4.998,4.998,4.998,4.998,24
2022-03-10 01:48:22,0.0,0.0,0,0.0,0.0,0,0.0,0.0,0,1.00,0.00,0.00,170,12.81,2.37,0.00,-3.6,4.998,4.998,4.998,4.998,1
2022-03-10 01:49:22,0.0,0.0,0,0.0,0.0,0,0.0,0.0,0,1.00,0.00,0.00,170,12.77,2.36,0.00,-3.6,4.998,4.998,4.998,4.998,230
2022-03-10 01:50:22,0.0,0.0,0,0.0,0.0,0,0.0,0.0,0,1.00,0.00,0.00,170,12.81,2.36,0.00,-3.1,4.998,4.998,4.998,4.998,236
2022-03-10 01:51:22,0.0,0.0,0,0.0,0.0,0,0.0,0.0,0,1.00,0.00,0.00,170,12.81,2.36,0.00,-3.1,4.998,4.998,4.998,4.998,120
2022-03-10 01:52:22,0.0,0.0,0,0.0,0.0,0,0.0,0.0,0,1.00,0.00,0.00,170,12.77,2.36,0.00,-3.6,4.998,4.998,4.998,4.998,244
2022-03-10 01:53:22,0.0,0.0,0,0.0,0.0,0,0.0,0.0,0,1.00,0.00,0.00,170,12.81,2.37,0.00,-3.6,4.998,4.998,4.998,4.998,19
2022-03-10 01:54:22,0.0,0.0,0,0.0,0.0,0,0.0,0.0,0,1.00,0.00,0.00,170,12.77,2.37,0.00,-3.6,4.998,4.998,4.998,4.998,80
2022-03-10 01:55:22,0.0,0.0,0,0.0,0.0,0,0.0,0.0,0,1.00,0.00,0.00,170,12.81,2.36,0.00,-3.1,4.998,4.998,4.998,4.998,93
2022-03-10 01:56:22,0.0,0.0,0,0.0,0.0,0,0.0,0.0,0,1.00,0.00,0.00,170,12.81,2.37,0.00,-3.1,4.998,4.998,4.998,4.998,72
2022-03-10 01:57:22,0.0,0.0,0,0.0,0.0,0,0.0,0.0,0,1.00,0.00,0.00,170,12.77,2.36,0.00,-3.1,4.998,4.998,4.998,4.998,175
2022-03-10 01:58:22,0.0,0.0,0,0.0,0.0,0,0.0,0.0,0,1.00,0.00,0.00,170,12.81,2.37,0.00,-3.1,4.998,4.998,4.998,4.998,182
2022-03-10 01:59:22,0.0,0.0,0,0.0,0.0,0,0.0,0.0,0,1.00,0.00,0.00,170,12.81,2.36,0.00,-3.6,4.998,4.998,4.998,4.998,3
2022-03-10 02:00:22,0.0,0.0,0,0.0,0.0,0,0.0,0.0,0,1.00,0.00,0.00,170,12.77,2.37,0.00,-3.1,4.998,4.998,4.998,4.998,75
2022-03-10 02:01:22,0.0,0.0,0,0.0,0.0,0,0.0,0.0,0,1.00,0.00,0.00,170,12.77,2.36,0.00,-3.1,4.998,4.998,4.998,4.998,20
2022-03-10 02:02:22,0.0,0.0,0,0.0,0.0,0,0.0,0.0,0,1.00,0.00,0.00,170,12.77,2.37,0.00,-3.1,4.998,4.998,4.998,4.998,1
2022-03-10 02:03:22,0.0,0.0,0,0.0,0.0,0,0.0,0.0,0,1.00,0.00,0.00,170,12.81,2.36,0.00,-3.1,4.998,4.998,4.998,4.998,230
2022-03-10 02:04:22,0.0,0.0,0,0.0,0.0,0,0.0,0.0,0,1.00,0.00,0.00,170,12.77,2.37,0.00,-3.6,4.998,4.998,4.998,4.998,132
2022-03-10 02:05:22,0.0,0.0,0,0.0,0.0,0,0.0,0.0,0,1.00,0.00,0.00,170,12.77,2.36,0.00,-3.1,4.998,4.998,4.998,4.998,49
2022-03-10 02:06:22,0.0,0.0,0,0.0,0.0,0,0.0,0.0,0,1.00,0.00,0.00,170,12.77,2.37,0.00,-3.1,4.998,4.998,4.998,4.998,36
2022-03-10 02:07:22,0.0,0.0,0,0.0,0.0,0,0.0,0.0,0,1.00,0.00,0.00,170,12.81,2.36,0.00,-3.1,4.998,4.998,4.998,4.998,195
2022-03-10 02:08:22,0.0,0.0,0,0.0,0.0,0,0.0,0.0,0,1.00,0.00,0.00,170,12.81,2.36,0.00,-3.1,4.998,4.998,4.998,4.998,169
2022-03-10 02:09:22,0.0,0.0,0,0.0,0.0,0,0.0,0.0,0,1.00,0.00,0.00,170,12.81,2.37,0.00,-3.1,4.998,4.998,4.998,4.998,246
2022-03-10 02:10:22,0.0,0.0,0,0.0,0.0,0,0.0,0.0,0,1.00,0.00,0.00,170,12.77,2.36,0.00,-3.1,4.998,4.998,4.998,4.998,221
2022-03-10 02:11:22,0.0,0.0,0,0.0,0.0,0,0.0,0.0,0,1.00,0.00,0.00,170,12.81,2.36,0.00,-3.1,4.998,4.998,4.998,4.998,241
2022-03-10 02:12:22,0.0,0.0,0,0.0,0.0,0,0.0,0.0,0,1.00,0.00,0.00,170,12.77,2.37,0.00,-3.1,4.998,4.998,4.998,4.998,92
2022-03-10 02:13:22,0.0,0.0,0,0.0,0.0,0,0.0,0.0,0,1.00,0.00,0.00,170,12.77,2.36,0.00,-3.1,4.998,4.998,4.998,4.998,3
2022-03-10 02:14:22,0.0,0.0,0,0.0,0.0,0,0.0,0.0,0,1.00,0.00,0.00,170,12.77,2.37,0.00,-3.1,4.998,4.998,4.998,4.998,51
2022-03-10 02:15:22,1.7,1.7,4,0.0,0.0,0,0.0,0.0,0,5.00,0.00,0.00,170,12.77,2.36,0.00,-3.1,4.998,4.998,4.998,4.998,172
2022-03-10 02:16:22,2.1,2.1,80,0.0,0.0,0,0.0,0.0,0,85.00,0.00,0.00,170,12.77,2.36,0.00,-3.1,4.998,4.998,4.998,4.998,181
2022-03-10 02:17:22,3.2,3.5,145,0.0,0.0,0,0.0,0.0,0,230.00,0.00,0.00,170,12.77,2.37,0.00,-3.1,4.998,4.998,4.998,4.998,52
2022-03-10 02:18:22,1.4,3.8,149,0.0,0.0,0,0.0,0.0,0,379.00,0.00,0.00,170,12.77,2.37,0.00,-3.1,4.998,4.998,4.998,4.998,124
2022-03-10 02:19:22,0.0,1.4,5,0.0,0.0,0,0.0,0.0,0,384.00,0.00,0.00,171,12.77,2.37,0.00,-3.1,4.998,4.998,4.998,4.998,28
2022-03-10 02:20:22,0.0,0.0,0,0.0,0.0,0,0.0,0.0,0,384.00,0.00,0.00,170,12.77,2.37,0.00,-3.6,4.998,4.998,4.998,4.998,241
2022-03-10 02:21:22,0.0,0.0,0,0.0,0.0,0,0.0,0.0,0,384.00,0.00,0.00,170,12.81,2.37,0.00,-3.1,4.998,4.998,4.998,4.998,188
2022-03-10 02:22:22,0.0,0.0,0,0.0,0.0,0,0.0,0.0,0,384.00,0.00,0.00,170,12.77,2.37,0.00,-3.1,4.998,4.998,4.998,4.998,151
2022-03-10 02:23:22,0.0,0.0,0,0.0,0.0,0,0.0,0.0,0,384.00,0.00,0.00,171,12.77,2.37,0.00,-3.1,4.998,4.998,4.998,4.998,248
2022-03-10 02:24:22,0.0,0.0,0,0.0,0.0,0,0.0,0.0,0,384.00,0.00,0.00,171,12.77,2.37,0.00,-3.1,4.998,4.998,4.998,4.998,45
2022-03-10 02:25:22,0.0,0.0,0,0.0,0.0,0,0.0,0.0,0,384.00,0.00,0.00,171,12.77,2.37,0.00,-3.1,4.998,4.998,4.998,4.998,50
2022-03-10 02:26:22,0.0,0.0,0,0.0,0.0,0,0.0,0.0,0,384.00,0.00,0.00,171,12.81,2.37,0.00,-3.1,4.998,4.998,4.998,4.998,25
2022-03-10 02:27:22,0.0,0.0,0,0.0,0.0,0,0.0,0.0,0,384.00,0.00,0.00,171,12.81,2.37,0.00,-3.1,4.998,4.998,4.998,4.998,6
2022-03-10 02:28:22,0.0,0.0,0,0.0,0.0,0,0.0,0.0,0,384.00,0.00,0.00,170,12.77,2.37,0.00,-3.1,4.998,4.998,4.998,4.998,56
2022-03-10 02:29:22,0.0,0.0,0,0.0,0.0,0,0.0,0.0,0,384.00,0.00,0.00,170,12.77,2.37,0.00,-3.1,4.998,4.998,4.998,4.998,39
2022-03-10 02:30:22,0.0,1.6,24,0.0,0.0,0,0.0,0.0,0,408.00,0.00,0.00,170,12.81,2.37,0.00,-3.1,4.998,4.998,4.998,4.998,197
2022-03-10 02:31:22,0.0,0.0,0,0.0,0.0,0,0.0,0.0,0,408.00,0.00,0.00,171,12.77,2.37,0.00,-3.1,4.998,4.998,4.998,4.998,115
2022-03-10 02:32:22,0.0,0.0,0,0.0,0.0,0,0.0,0.0,0,408.00,0.00,0.00,170,12.77,2.37,0.00,-3.6,4.998,4.998,4.998,4.998,122
2022-03-10 02:33:22,0.0,0.0,0,0.0,0.0,0,0.0,0.0,0,408.00,0.00,0.00,170,12.77,2.37,0.00,-3.1,4.998,4.998,4.998,4.998,143
2022-03-10 02:34:22,0.0,0.0,0,0.0,0.0,0,0.0,0.0,0,408.00,0.00,0.00,170,12.81,2.37,0.00,-3.1,4.998,4.998,4.998,4.998,226
2022-03-10 02:35:22,0.0,0.0,0,0.0,0.0,0,0.0,0.0,0,408.00,0.00,0.00,170,12.77,2.37,0.00,-3.1,4.998,4.998,4.998,4.998,69
2022-03-10 02:36:22,0.0,0.0,0,0.0,0.0,0,0.0,0.0,0,408.00,0.00,0.00,171,12.81,2.37,0.00,-3.1,4.998,4.998,4.998,4.998,30
2022-03-10 02:37:22,0.0,0.0,0,0.0,0.0,0,0.0,0.0,0,408.00,0.00,0.00,170,12.77,2.37,0.00,-3.1,4.998,4.998,4.998,4.998,201
2022-03-10 02:38:22,0.0,0.0,0,0.0,0.0,0,0.0,0.0,0,408.00,0.00,0.00,170,12.77,2.37,0.00,-3.1,4.998,4.998,4.998,4.998,63
2022-03-10 02:39:22,0.0,1.5,16,0.0,0.0,0,0.0,0.0,0,424.00,0.00,0.00,170,12.81,2.37,0.00,-3.1,4.998,4.998,4.998,4.998,29
2022-03-10 02:40:22,1.9,1.9,7,0.0,0.0,0,0.0,0.0,0,431.00,0.00,0.00,170,12.81,2.37,0.00,-2.6,4.998,4.998,4.998,4.998,158
2022-03-10 02:41:22,0.0,2.2,42,0.0,0.0,0,0.0,0.0,0,473.00,0.00,0.00,171,12.77,2.37,0.00,-3.1,4.998,4.998,4.998,4.998,86
2022-03-10 02:42:22,0.0,0.0,0,0.0,0.0,0,0.0,0.0,0,473.00,0.00,0.00,170,12.81,2.37,0.00,-3.1,4.998,4.998,4.998,4.998,97
2022-03-10 02:43:22,1.2,1.2,3,0.0,0.0,0,0.0,0.0,0,476.00,0.00,0.00,170,12.77,2.37,0.00,-3.1,4.998,4.998,4.998,4.998,235
2022-03-10 02:44:22,1.8,2.2,34,0.0,0.0,0,0.0,0.0,0,510.00,0.00,0.00,171,12.81,2.37,0.00,-2.6,4.998,4.998,4.998,4.998,23
2022-03-10 02:45:22,1.8,2.2,70,0.0,0.0,0,0.0,0.0,0,580.00,0.00,0.00,170,12.77,2.37,0.00,-2.6,4.998,4.998,4.998,4.998,210
2022-03-10 02:46:22,2.9,2.9,59,0.0,0.0,0,0.0,0.0,0,639.00,0.00,0.00,171,12.77,2.37,0.00,-2.6,4.998,4.998,4.998,4.998,42
2022-03-10 02:47:22,0.0,3.1,68,0.0,0.0,0,0.0,0.0,0,707.00,0.00,0.00,170,12.77,2.37,0.00,-2.6,4.998,4.998,4.998,4.998,133
2022-03-10 02:48:22,1.6,1.6,21,0.0,0.0,0,0.0,0.0,0,728.00,0.00,0.00,170,12.81,2.37,0.00,-2.6,4.998,4.998,4.998,4.998,85
2022-03-10 02:49:22,0.0,1.5,4,0.0,0.0,0,0.0,0.0,0,732.00,0.00,0.00,171,12.77,2.37,0.00,-3.1,4.998,4.998,4.998,4.998,151
2022-03-10 02:50:22,0.0,0.0,0,0.0,0.0,0,0.0,0.0,0,732.00,0.00,0.00,170,12.77,2.37,0.00,-2.6,4.998,4.998,4.998,4.998,244
2022-03-10 02:51:22,0.0,0.0,0,0.0,0.0,0,0.0,0.0,0,732.00,0.00,0.00,170,12.77,2.37,0.00,-2.6,4.998,4.998,4.998,4.998,235
2022-03-10 02:52:22,0.0,0.0,0,0.0,0.0,0,0.0,0.0,0,732.00,0.00,0.00,171,12.77,2.37,0.00,-2.6,4.998,4.998,4.998,4.998,8
2022-03-10 02:53:22,0.0,0.0,0,0.0,0.0,0,0.0,0.0,0,732.00,0.00,0.00,171,12.77,2.37,0.00,-2.6,4.998,4.998,4.998,4.998,23
2022-03-10 02:54:22,0.0,0.0,0,0.0,0.0,0,0.0,0.0,0,732.00,0.00,0.00,170,12.89,2.37,0.00,-3.1,4.998,4.998,4.998,4.998,151
2022-03-10 02:55:22,0.0,0.0,1,0.0,0.0,0,0.0,0.0,0,733.00,0.00,0.00,170,12.77,2.37,0.00,-3.1,4.998,4.998,4.998,4.998,167
2022-03-10 02:56:22,0.0,0.0,0,0.0,0.0,0,0.0,0.0,0,733.00,0.00,0.00,170,12.81,2.37,0.00,-3.1,4.998,4.998,4.998,4.998,170
2022-03-10 02:57:22,0.0,1.2,4,0.0,0.0,0,0.0,0.0,0,737.00,0.00,0.00,170,12.77,2.37,0.00,-3.1,4.998,4.998,4.998,4.998,128
2022-03-10 02:58:22,0.0,0.0,0,0.0,0.0,0,0.0,0.0,0,737.00,0.00,0.00,171,12.77,2.37,0.00,-3.1,4.998,4.998,4.998,4.998,137
2022-03-10 02:59:22,0.0,1.7,12,0.0,0.0,0,0.0,0.0,0,749.00,0.00,0.00,170,12.77,2.37,0.00,-2.6,4.998,4.998,4.998,4.998,137
2022-03-10 03:00:22,0.0,0.0,0,0.0,0.0,0,0.0,0.0,0,749.00,0.00,0.00,170,12.77,2.37,0.00,-2.6,4.998,4.998,4.998,4.998,154
2022-03-10 03:01:22,2.9,2.9,6,0.0,0.0,0,0.0,0.0,0,755.00,0.00,0.00,171,12.77,2.37,0.00,-2.6,4.998,4.998,4.998,4.998,213
2022-03-10 03:02:22,2.0,3.7,157,0.0,0.0,0,0.0,0.0,0,912.00,0.00,0.00,171,12.81,2.37,0.00,-2.1,4.998,4.998,4.998,4.998,61
2022-03-10 03:03:22,1.1,3.5,71,0.0,0.0,0,0.0,0.0,0,983.00,0.00,0.00,171,12.77,2.37,0.00,-2.1,4.998,4.998,4.998,4.998,84
2022-03-10 03:04:22,0.0,0.0,0,0.0,0.0,0,0.0,0.0,0,983.00,0.00,0.00,170,12.77,2.37,0.00,-2.1,4.998,4.998,4.998,4.998,134
2022-03-10 03:05:22,0.0,0.0,0,0.0,0.0,0,0.0,0.0,0,983.00,0.00,0.00,171,12.77,2.37,0.00,-2.1,4.998,4.998,4.998,4.998,233
2022-03-10 03:06:22,0.0,0.0,0,0.0,0.0,0,0.0,0.0,0,983.00,0.00,0.00,170,12.77,2.37,0.00,-2.1,4.998,4.998,4.998,4.998,10
2022-03-10 03:07:22,0.0,0.0,0,0.0,0.0,0,0.0,0.0,0,983.00,0.00,0.00,170,12.77,2.37,0.00,-2.1,4.998,4.998,4.998,4.998,21
2022-03-10 03:08:22,0.0,0.0,0,0.0,0.0,0,0.0,0.0,0,983.00,0.00,0.00,171,12.77,2.37,0.00,-2.1,4.998,4.998,4.998,4.998,147
2022-03-10 03:09:22,1.2,1.9,35,0.0,0.0,0,0.0,0.0,0,1018.00,0.00,0.00,171,12.77,2.37,0.00,-2.1,4.998,4.998,4.998,4.998,77
2022-03-10 03:10:22,0.0,1.9,30,0.0,0.0,0,0.0,0.0,0,1048.00,0.00,0.00,170,12.77,2.37,0.00,-2.1,4.998,4.998,4.998,4.998,231
2022-03-10 03:11:22,0.0,0.0,0,0.0,0.0,0,0.0,0.0,0,1048.00,0.00,0.00,170,12.77,2.37,0.00,-2.6,4.998,4.998,4.998,4.998,213
2022-03-10 03:12:22,0.0,0.0,0,0.0,0.0,0,0.0,0.0,0,1048.00,0.00,0.00,171,12.77,2.37,0.00,-2.1,4.998,4.998,4.998,4.998,19
2022-03-10 03:13:22,0.0,0.0,0,0.0,0.0,0,0.0,0.0,0,1048.00,0.00,0.00,170,12.77,2.37,0.00,-2.1,4.998,4.998,4.998,4.998,11
2022-03-10 03:14:22,0.0,0.0,0,0.0,0.0,0,0.0,0.0,0,1048.00,0.00,0.00,170,12.77,2.37,0.00,-2.6,4.998,4.998,4.998,4.998,167
2022-03-10 03:15:22,0.0,0.0,0,0.0,0.0,0,0.0,0.0,0,1048.00,0.00,0.00,171,12.77,2.37,0.00,-3.1,4.998,4.998,4.998,4.998,155
2022-03-10 03:16:22,1.9,1.9,12,0.0,0.0,0,0.0,0.0,0,1060.00,0.00,0.00,170,12.77,2.37,0.00,-2.6,4.998,4.998,4.998,4.998,209
2022-03-10 03:17:22,0.0,2.5,52,0.0,0.0,0,0.0,0.0,0,1112.00,0.00,0.00,170,12.77,2.37,0.00,-2.1,4.998,4.998,4.998,4.998,217
2022-03-10 03:18:22,0.0,0.0,0,0.0,0.0,0,0.0,0.0,0,1112.00,0.00,0.00,171,12.77,2.37,0.00,-2.6,4.998,4.998,4.998,4.998,55
2022-03-10 03:19:22,0.0,0.0,0,0.0,0.0,0,0.0,0.0,0,1112.00,0.00,0.00,171,12.77,2.37,0.00,-2.1,4.998,4.998,4.998,4.998,181
2022-03-10 03:20:22,0.0,0.0,0,0.0,0.0,0,0.0,0.0,0,1112.00,0.00,0.00,171,12.77,2.37,0.00,-2.6,4.998,4.998,4.998,4.998,252
2022-03-10 03:21:22,0.0,0.0,1,0.0,0.0,0,0.0,0.0,0,1113.00,0.00,0.00,171,12.77,2.37,0.00,-2.1,4.998,4.998,4.998,4.998,207
2022-03-10 03:22:22,0.0,0.0,0,0.0,0.0,0,0.0,0.0,0,1113.00,0.00,0.00,170,12.77,2.37,0.00,-2.1,4.998,4.998,4.998,4.998,90
2022-03-10 03:23:22,0.0,0.0,0,0.0,0.0,0,0.0,0.0,0,1113.00,0.00,0.00,170,12.77,2.37,0.00,-2.1,4.998,4.998,4.998,4.998,50
2022-03-10 03:24:22,0.0,2.3,35,0.0,0.0,0,0.0,0.0,0,1148.00,0.00,0.00,170,12.77,2.37,0.00,-2.6,4.998,4.998,4.998,4.998,47
2022-03-10 03:25:22,1.8,2.6,89,0.0,0.0,0,0.0,0.0,0,1237.00,0.00,0.00,170,12.77,2.37,0.00,-2.1,4.998,4.998,4.998,4.998,200
2022-03-10 03:26:22,0.0,1.8,19,0.0,0.0,0,0.0,0.0,0,1256.00,0.00,0.00,170,12.77,2.37,0.00,-2.6,4.998,4.998,4.998,4.998,45
2022-03-10 03:27:22,2.6,2.6,75,0.0,0.0,0,0.0,0.0,0,1331.00,0.00,0.00,171,12.77,2.37,0.00,-2.1,4.998,4.998,4.998,4.998,118
2022-03-10 03:28:22,3.0,3.0,45,0.0,0.0,0,0.0,0.0,0,1376.00,0.00,0.00,171,12.77,2.37,0.00,-2.1,4.998,4.998,4.998,4.998,146
2022-03-10 03:29:22,1.4,3.7,123,0.0,0.0,0,0.0,0.0,0,1499.00,0.00,0.00,170,12.77,2.37,0.00,-2.1,4.998,4.998,4.998,4.998,64
2022-03-10 03:30:22,1.5,2.0,38,0.0,0.0,0,0.0,0.0,0,1537.00,0.00,0.00,170,12.77,2.37,0.00,-2.1,4.998,4.998,4.998,4.998,159
2022-03-10 03:31:22,2.5,2.6,88,0.0,0.0,0,0.0,0.0,0,1625.00,0.00,0.00,171,12.77,2.37,0.00,-1.6,4.998,4.998,4.998,4.998,225
2022-03-10 03:32:22,2.0,2.6,98,0.0,0.0,0,0.0,0.0,0,1723.00,0.00,0.00,171,12.77,2.37,0.00,-2.1,4.998,4.998,4.998,4.998,44
2022-03-10 03:33:22,2.2,3.3,105,0.0,0.0,0,0.0,0.0,0,1828.00,0.00,0.00,170,12.77,2.37,0.00,-2.1,4.998,4.998,4.998,4.998,130
2022-03-10 03:34:22,0.0,2.3,69,0.0,0.0,0,0.0,0.0,0,1897.00,0.00,0.00,170,12.77,2.37,0.00,-2.1,4.998,4.998,4.998,4.998,92
2022-03-10 03:35:22,3.3,3.4,45,0.0,0.0,0,0.0,0.0,0,1942.00,0.00,0.00,171,12.77,2.37,0.00,-2.1,4.998,4.998,4.998,4.998,203
2022-03-10 03:36:22,1.9,3.6,118,0.0,0.0,0,0.0,0.0,0,2060.00,0.00,0.00,170,12.77,2.37,0.00,-2.1,4.998,4.998,4.998,4.998,183
2022-03-10 03:37:22,1.8,3.8,133,0.0,0.0,0,0.0,0.0,0,2193.00,0.00,0.00,170,12.77,2.37,0.00,-1.6,4.998,4.998,4.998,4.998,167
2022-03-10 03:38:22,1.4,2.1,65,0.0,0.0,0,0.0,0.0,0,2258.00,0.00,0.00,171,12.73,2.37,0.00,-1.6,4.998,4.998,4.998,4.998,108
2022-03-10 03:39:22,1.6,2.3,73,0.0,0.0,0,0.0,0.0,0,2331.00,0.00,0.00,170,12.77,2.37,0.00,-1.6,4.998,4.998,4.998,4.998,42
2022-03-10 03:40:22,1.1,2.2,58,0.0,0.0,0,0.0,0.0,0,2389.00,0.00,0.00,171,12.77,2.37,0.00,-1.6,4.998,4.998,4.998,4.998,107
2022-03-10 03:41:22,0.0,1.7,28,0.0,0.0,0,0.0,0.0,0,2417.00,0.00,0.00,171,12.77,2.37,0.00,-2.1,4.998,4.998,4.998,4.998,243
2022-03-10 03:42:22,0.0,0.0,0,0.0,0.0,0,0.0,0.0,0,2417.00,0.00,0.00,171,12.77,2.37,0.00,-2.1,4.998,4.998,4.998,4.998,66
2022-03-10 03:43:22,2.1,2.2,30,0.0,0.0,0,0.0,0.0,0,2447.00,0.00,0.00,171,12.77,2.37,0.00,-1.6,4.998,4.998,4.998,4.998,175
2022-03-10 03:44:22,0.0,2.2,17,0.0,0.0,0,0.0,0.0,0,2464.00,0.00,0.00,170,12.77,2.37,0.00,-1.6,4.998,4.998,4.998,4.998,244
2022-03-10 03:45:22,0.0,0.0,0,0.0,0.0,0,0.0,0.0,0,2464.00,0.00,0.00,171,12.77,2.37,0.00,-1.6,4.998,4.998,4.998,4.998,73
2022-03-10 03:46:22,1.3,1.4,10,0.0,0.0,0,0.0,0.0,0,2474.00,0.00,0.00,170,12.77,2.37,0.00,-1.6,4.998,4.998,4.998,4.998,223
2022-03-10 03:47:22,0.0,1.3,3,0.0,0.0,0,0.0,0.0,0,2477.00,0.00,0.00,170,12.77,2.37,0.00,-1.6,4.998,4.998,4.998,4.998,205
2022-03-10 03:48:22,1.4,1.9,30,0.0,0.0,0,0.0,0.0,0,2507.00,0.00,0.00,170,12.77,2.37,0.00,-1.6,4.998,4.998,4.998,4.998,73
2022-03-10 03:49:22,0.0,1.6,22,0.0,0.0,0,0.0,0.0,0,2529.00,0.00,0.00,171,12.77,2.37,0.00,-2.1,4.998,4.998,4.998,4.998,53
2022-03-10 03:50:22,0.0,0.0,0,0.0,0.0,0,0.0,0.0,0,2529.00,0.00,0.00,170,12.77,2.37,0.00,-1.6,4.998,4.998,4.998,4.998,17
2022-03-10 03:51:22,1.9,2.3,12,0.0,0.0,0,0.0,0.0,0,2541.00,0.00,0.00,171,12.77,2.37,0.00,-2.1,4.998,4.998,4.998,4.998,215
2022-03-10 03:52:22,1.8,2.2,31,0.0,0.0,0,0.0,0.0,0,2572.00,0.00,0.00,170,12.73,2.37,0.00,-2.1,4.998,4.998,4.998,4.998,206
2022-03-10 03:53:22,0.0,2.5,73,0.0,0.0,0,0.0,0.0,0,2645.00,0.00,0.00,171,12.77,2.37,0.00,-2.1,4.998,4.998,4.998,4.998,5
2022-03-10 03:54:22,0.0,0.0,0,0.0,0.0,0,0.0,0.0,0,2645.00,0.00,0.00,170,12.77,2.37,0.00,-2.1,4.998,4.998,4.998,4.998,195
2022-03-10 03:55:22,0.0,1.4,7,0.0,0.0,0,0.0,0.0,0,2652.00,0.00,0.00,171,12.77,2.37,0.00,-2.1,4.998,4.998,4.998,4.998,98
2022-03-10 03:56:22,1.9,2.2,66,0.0,0.0,0,0.0,0.0,0,2718.00,0.00,0.00,171,12.77,2.37,0.00,-1.6,4.998,4.998,4.998,4.998,9
2022-03-10 03:57:22,1.6,2.2,96,0.0,0.0,0,0.0,0.0,0,2814.00,0.00,0.00,170,12.77,2.37,0.00,-1.6,4.998,4.998,4.998,4.998,33
2022-03-10 03:58:22,0.0,1.6,11,0.0,0.0,0,0.0,0.0,0,2825.00,0.00,0.00,171,12.77,2.37,0.00,-1.6,4.998,4.998,4.998,4.998,139
2022-03-10 03:59:22,0.0,0.0,0,0.0,0.0,0,0.0,0.0,0,2825.00,0.00,0.00,171,12.77,2.37,0.00,-1.6,4.998,4.998,4.998,4.998,142
2022-03-10 04:00:22,0.0,0.0,0,0.0,0.0,0,0.0,0.0,0,2825.00,0.00,0.00,170,12.77,2.37,0.00,-1.6,4.998,4.998,4.998,4.998,123
2022-03-10 04:01:22,0.0,0.0,0,0.0,0.0,0,0.0,0.0,0,2825.00,0.00,0.00,171,12.73,2.37,0.00,-1.6,4.998,4.998,4.998,4.998,22
2022-03-10 04:02:22,0.0,0.0,0,0.0,0.0,0,0.0,0.0,0,2825.00,0.00,0.00,170,12.77,2.37,0.00,-1.6,4.998,4.998,4.998,4.998,79
2022-03-10 04:03:22,1.3,2.0,63,0.0,0.0,0,0.0,0.0,0,2888.00,0.00,0.00,171,12.77,2.37,0.00,-1.6,4.998,4.998,4.998,4.998,75
2022-03-10 04:04:22,0.0,1.3,8,0.0,0.0,0,0.0,0.0,0,2896.00,0.00,0.00,171,12.77,2.37,0.00,-1.6,4.998,4.998,4.998,4.998,117
2022-03-10 04:05:22,0.0,0.0,0,0.0,0.0,0,0.0,0.0,0,2896.00,0.00,0.00,171,12.73,2.37,0.00,-2.1,4.998,4.998,4.998,4.998,45
2022-03-10 04:06:22,0.0,0.0,0,0.0,0.0,0,0.0,0.0,0,2896.00,0.00,0.00,171,12.77,2.37,0.00,-2.1,4.998,4.998,4.998,4.998,4
2022-03-10 04:07:22,0.0,0.0,0,0.0,0.0,0,0.0,0.0,0,2896.00,0.00,0.00,171,12.73,2.37,0.00,-2.1,4.998,4.998,4.998,4.998,25
2022-03-10 04:08:22,0.0,0.0,0,0.0,0.0,0,0.0,0.0,0,2896.00,0.00,0.00,171,12.77,2.37,0.00,-2.1,4.998,4.998,4.998,4.998,39
2022-03-10 04:09:22,0.0,0.0,0,0.0,0.0,0,0.0,0.0,0,2896.00,0.00,0.00,170,12.77,2.37,0.00,-2.6,4.998,4.998,4.998,4.998,213
2022-03-10 04:10:22,0.0,0.0,0,0.0,0.0,0,0.0,0.0,0,2896.00,0.00,0.00,170,12.77,2.37,0.00,-2.1,4.998,4.998,4.998,4.998,35
2022-03-10 04:11:22,0.0,0.0,0,0.0,0.0,0,0.0,0.0,0,2896.00,0.00,0.00,170,12.73,2.37,0.00,-2.1,4.998,4.998,4.998,4.998,62
2022-03-10 04:12:22,0.0,0.0,0,0.0,0.0,0,0.0,0.0,0,2896.00,0.00,0.00,170,12.77,2.37,0.00,-2.6,4.998,4.998,4.998,4.998,253
2022-03-10 04:13:22,0.0,0.0,0,0.0,0.0,0,0.0,0.0,0,2896.00,0.00,0.00,171,12.73,2.37,0.00,-2.1,4.998,4.998,4.998,4.998,122
2022-03-10 04:14:22,0.0,0.0,0,0.0,0.0,0,0.0,0.0,0,2896.00,0.00,0.00,170,12.77,2.37,0.00,-2.1,4.998,4.998,4.998,4.998,57
2022-03-10 04:15:22,0.0,0.0,0,0.0,0.0,0,0.0,0.0,0,2896.00,0.00,0.00,170,12.77,2.37,0.00,-1.6,4.998,4.998,4.998,4.998,18
2022-03-10 04:16:22,0.0,0.0,0,0.0,0.0,0,0.0,0.0,0,2896.00,0.00,0.00,171,12.73,2.37,0.00,-2.1,4.998,4.998,4.998,4.998,8
2022-03-10 04:17:22,0.0,0.0,0,0.0,0.0,0,0.0,0.0,0,2896.00,0.00,0.00,171,12.77,2.37,0.00,-2.1,4.998,4.998,4.998,4.998,21
2022-03-10 04:18:22,0.0,0.0,0,0.0,0.0,0,0.0,0.0,0,2896.00,0.00,0.00,171,12.73,2.37,0.00,-2.1,4.998,4.998,4.998,4.998,43
2022-03-10 04:19:22,0.0,0.0,0,0.0,0.0,0,0.0,0.0,0,2896.00,0.00,0.00,171,12.73,2.37,0.00,-2.1,4.998,4.998,4.998,4.998,67
2022-03-10 04:20:22,0.0,0.0,0,0.0,0.0,0,0.0,0.0,0,2896.00,0.00,0.00,171,12.73,2.37,0.00,-2.1,4.998,4.998,4.998,4.998,224
2022-03-10 04:21:22,0.0,0.0,0,0.0,0.0,0,0.0,0.0,0,2896.00,0.00,0.00,170,12.73,2.37,0.00,-2.1,4.998,4.998,4.998,4.998,248
2022-03-10 04:22:22,0.0,0.0,0,0.0,0.0,0,0.0,0.0,0,2896.00,0.00,0.00,171,12.73,2.37,0.00,-2.1,4.998,4.998,4.998,4.998,212
2022-03-10 04:23:22,0.0,0.0,0,0.0,0.0,0,0.0,0.0,0,2896.00,0.00,0.00,171,12.77,2.37,0.00,-2.1,4.998,4.998,4.998,4.998,201
2022-03-10 04:24:22,0.0,0.0,0,0.0,0.0,0,0.0,0.0,0,2896.00,0.00,0.00,171,12.77,2.37,0.00,-2.1,4.998,4.998,4.998,4.998,143
2022-03-10 04:25:22,0.0,0.0,0,0.0,0.0,0,0.0,0.0,0,2896.00,0.00,0.00,170,12.77,2.37,0.00,-1.6,4.998,4.998,4.998,4.998,212
2022-03-10 04:26:22,0.0,0.0,0,0.0,0.0,0,0.0,0.0,0,2896.00,0.00,0.00,171,12.73,2.37,0.00,-2.1,4.998,4.998,4.998,4.998,206
2022-03-10 04:27:22,0.0,0.0,0,0.0,0.0,0,0.0,0.0,0,2896.00,0.00,0.00,171,12.73,2.37,0.00,-2.1,4.998,4.998,4.998,4.998,166
2022-03-10 04:28:22,0.0,0.0,0,0.0,0.0,0,0.0,0.0,0,2896.00,0.00,0.00,170,12.77,2.37,0.00,-2.1,4.998,4.998,4.998,4.998,232
2022-03-10 04:29:22,0.0,0.0,0,0.0,0.0,0,0.0,0.0,0,2896.00,0.00,0.00,171,12.73,2.37,0.00,-2.1,4.998,4.998,4.998,4.998,133
2022-03-10 04:30:22,0.0,0.0,0,0.0,0.0,0,0.0,0.0,0,2896.00,0.00,0.00,170,12.77,2.37,0.00,-2.1,4.998,4.998,4.998,4.998,156
2022-03-10 04:31:22,0.0,0.0,0,0.0,0.0,0,0.0,0.0,0,2896.00,0.00,0.00,171,12.73,2.37,0.00,-1.6,4.998,4.998,4.998,4.998,178
2022-03-10 04:32:22,0.0,0.0,0,0.0,0.0,0,0.0,0.0,0,2896.00,0.00,0.00,170,12.77,2.37,0.00,-2.1,4.998,4.998,4.998,4.998,168
2022-03-10 04:33:22,0.0,0.0,0,0.0,0.0,0,0.0,0.0,0,2896.00,0.00,0.00,170,12.77,2.37,0.00,-1.6,4.998,4.998,4.998,4.998,131
2022-03-10 04:34:22,0.0,0.0,0,0.0,0.0,0,0.0,0.0,0,2896.00,0.00,0.00,170,12.77,2.37,0.00,-2.1,4.998,4.998,4.998,4.998,134
2022-03-10 04:35:22,0.0,0.0,0,0.0,0.0,0,0.0,0.0,0,2896.00,0.00,0.00,171,12.73,2.37,0.00,-2.1,4.998,4.998,4.998,4.998,235
2022-03-10 04:36:22,0.0,0.0,0,0.0,0.0,0,0.0,0.0,0,2896.00,0.00,0.00,171,12.73,2.37,0.00,-2.1,4.998,4.998,4.998,4.998,183
2022-03-10 04:37:22,0.0,0.0,0,0.0,0.0,0,0.0,0.0,0,2896.00,0.00,0.00,170,12.77,2.37,0.00,-2.1,4.998,4.998,4.998,4.998,218
2022-03-10 04:38:22,0.0,0.0,0,0.0,0.0,0,0.0,0.0,0,2896.00,0.00,0.00,171,12.73,2.37,0.00,-1.6,4.998,4.998,4.998,4.998,215
2022-03-10 04:39:22,0.0,0.0,0,0.0,0.0,0,0.0,0.0,0,2896.00,0.00,0.00,170,12.73,2.37,0.00,-2.1,4.998,4.998,4.998,4.998,140
2022-03-10 04:40:22,0.0,2.3,44,0.0,0.0,0,0.0,0.0,0,2940.00,0.00,0.00,171,12.73,2.37,0.00,-1.6,4.998,4.998,4.998,4.998,50
2022-03-10 04:41:22,0.0,0.0,0,0.0,0.0,0,0.0,0.0,0,2940.00,0.00,0.00,170,12.73,2.37,0.00,-1.6,4.998,4.998,4.998,4.998,245
2022-03-10 04:42:22,0.0,0.0,0,0.0,0.0,0,0.0,0.0,0,2940.00,0.00,0.00,170,12.73,2.37,0.00,-2.1,4.998,4.998,4.998,4.998,234
2022-03-10 04:43:22,0.0,0.0,0,0.0,0.0,0,0.0,0.0,0,2940.00,0.00,0.00,171,12.73,2.37,0.00,-2.1,4.998,4.998,4.998,4.998,242
2022-03-10 04:44:22,0.0,0.0,0,0.0,0.0,0,0.0,0.0,0,2940.00,0.00,0.00,170,12.73,2.37,0.00,-2.1,4.998,4.998,4.998,4.998,196
2022-03-10 04:45:22,0.0,0.0,0,0.0,0.0,0,0.0,0.0,0,2940.00,0.00,0.00,170,12.77,2.37,0.00,-2.1,4.998,4.998,4.998,4.998,217
2022-03-10 04:46:22,0.0,0.0,1,0.0,0.0,0,0.0,0.0,0,2941.00,0.00,0.00,170,12.77,2.37,0.00,-2.1,4.998,4.998,4.998,4.998,52
2022-03-10 04:47:22,0.0,0.0,0,0.0,0.0,0,0.0,0.0,0,2941.00,0.00,0.00,170,12.77,2.37,0.00,-2.1,4.998,4.998,4.998,4.998,229
2022-03-10 04:48:22,0.0,0.0,0,0.0,0.0,0,0.0,0.0,0,2941.00,0.00,0.00,170,12.73,2.37,0.00,-2.1,4.998,4.998,4.998,4.998,219
2022-03-10 04:49:22,0.0,0.0,0,0.0,0.0,0,0.0,0.0,0,2941.00,0.00,0.00,170,12.77,2.37,0.00,-2.1,4.998,4.998,4.998,4.998,198
2022-03-10 04:50:22,0.0,0.0,0,0.0,0.0,0,0.0,0.0,0,2941.00,0.00,0.00,170,12.73,2.37,0.00,-2.1,4.998,4.998,4.998,4.998,175
2022-03-10 04:51:22,0.0,0.0,0,0.0,0.0,0,0.0,0.0,0,2941.00,0.00,0.00,170,12.73,2.37,0.00,-2.1,4.998,4.998,4.998,4.998,199
2022-03-10 04:52:22,0.0,0.0,0,0.0,0.0,0,0.0,0.0,0,2941.00,0.00,0.00,171,12.73,2.37,0.00,-2.1,4.998,4.998,4.998,4.998,235
2022-03-10 04:53:22,0.0,0.0,0,0.0,0.0,0,0.0,0.0,0,2941.00,0.00,0.00,171,12.73,2.37,0.00,-2.1,4.998,4.998,4.998,4.998,131
2022-03-10 04:54:22,0.0,0.0,0,0.0,0.0,0,0.0,0.0,0,2941.00,0.00,0.00,170,12.73,2.37,0.00,-2.1,4.998,4.998,4.998,4.998,181
2022-03-10 04:55:22,0.0,0.0,0,0.0,0.0,0,0.0,0.0,0,2941.00,0.00,0.00,170,12.73,2.37,0.00,-2.1,4.998,4.998,4.998,4.998,221
2022-03-10 04:56:22,0.0,0.0,0,0.0,0.0,0,0.0,0.0,0,2941.00,0.00,0.00,170,12.73,2.37,0.00,-2.6,4.998,4.998,4.998,4.998,107
2022-03-10 04:57:22,0.0,0.0,0,0.0,0.0,0,0.0,0.0,0,2941.00,0.00,0.00,170,12.73,2.37,0.00,-2.6,4.998,4.998,4.998,4.998,3
2022-03-10 04:58:22,0.0,0.0,0,0.0,0.0,0,0.0,0.0,0,2941.00,0.00,0.00,171,12.73,2.37,0.00,-2.1,4.998,4.998,4.998,4.998,210
2022-03-10 04:59:22,0.0,0.0,0,0.0,0.0,0,0.0,0.0,0,2941.00,0.00,0.00,170,12.73,2.37,0.00,-2.1,4.998,4.998,4.998,4.998,202
2022-03-10 05:00:22,0.0,0.0,0,0.0,0.0,0,0.0,0.0,0,2941.00,0.00,0.00,171,12.73,2.37,0.00,-2.6,4.998,4.998,4.998,4.998,79
2022-03-10 05:01:22,0.0,0.0,0,0.0,0.0,0,0.0,0.0,0,2941.00,0.00,0.00,171,12.73,2.37,0.00,-2.1,4.998,4.998,4.998,4.998,205
2022-03-10 05:02:22,0.0,0.0,0,0.0,0.0,0,0.0,0.0,0,2941.00,0.00,0.00,170,12.73,2.37,0.00,-2.1,4.998,4.998,4.998,4.998,225
2022-03-10 05:03:22,0.0,0.0,0,0.0,0.0,0,0.0,0.0,0,2941.00,0.00,0.00,170,12.73,2.37,0.00,-2.6,4.998,4.998,4.998,4.998,99
2022-03-10 05:04:22,0.0,0.0,0,0.0,0.0,0,0.0,0.0,0,2941.00,0.00,0.00,171,12.73,2.37,0.00,-2.1,4.998,4.998,4.998,4.998,191
2022-03-10 05:05:22,0.0,0.0,0,0.0,0.0,0,0.0,0.0,0,2941.00,0.00,0.00,171,12.73,2.37,0.00,-2.1,4.998,4.998,4.998,4.998,215
2022-03-10 05:06:22,0.0,0.0,0,0.0,0.0,0,0.0,0.0,0,2941.00,0.00,0.00,171,12.73,2.37,0.00,-2.1,4.998,4.998,4.998,4.998,139
2022-03-10 05:07:22,0.0,0.0,0,0.0,0.0,0,0.0,0.0,0,2941.00,0.00,0.00,170,12.73,2.37,0.00,-2.1,4.998,4.998,4.998,4.998,147
2022-03-10 05:08:22,0.0,0.0,0,0.0,0.0,0,0.0,0.0,0,2941.00,0.00,0.00,170,12.73,2.37,0.00,-2.1,4.998,4.998,4.998,4.998,216
2022-03-10 05:09:22,0.0,0.0,0,0.0,0.0,0,0.0,0.0,0,2941.00,0.00,0.00,170,12.73,2.37,0.00,-2.1,4.998,4.998,4.998,4.998,176
2022-03-10 05:10:22,0.0,0.0,0,0.0,0.0,0,0.0,0.0,0,2941.00,0.00,0.00,171,12.73,2.37,0.00,-2.1,4.998,4.998,4.998,4.998,220
2022-03-10 05:11:22,0.0,0.0,0,0.0,0.0,0,0.0,0.0,0,2941.00,0.00,0.00,170,12.73,2.37,0.00,-2.1,4.998,4.998,4.998,4.998,196
2022-03-10 05:12:22,0.0,0.0,0,0.0,0.0,0,0.0,0.0,0,2941.00,0.00,0.00,170,12.73,2.37,0.00,-2.1,4.998,4.998,4.998,4.998,152
2022-03-10 05:13:22,0.0,0.0,0,0.0,0.0,0,0.0,0.0,0,2941.00,0.00,0.00,171,12.73,2.37,0.00,-2.6,4.998,4.998,4.998,4.998,106
2022-03-10 05:14:22,0.0,0.0,0,0.0,0.0,0,0.0,0.0,0,2941.00,0.00,0.00,170,12.73,2.37,0.00,-2.1,4.998,4.998,4.998,4.998,182
2022-03-10 05:15:22,0.0,0.0,0,0.0,0.0,0,0.0,0.0,0,2941.00,0.00,0.00,171,12.73,2.37,0.00,-2.6,4.998,4.998,4.998,4.998,68
2022-03-10 05:16:22,0.0,0.0,0,0.0,0.0,0,0.0,0.0,0,2941.00,0.00,0.00,170,12.73,2.37,0.00,-2.6,4.998,4.998,4.998,4.998,104
2022-03-10 05:17:22,0.0,0.0,0,0.0,0.0,0,0.0,0.0,0,2941.00,0.00,0.00,171,12.73,2.37,0.00,-2.6,4.998,4.998,4.998,4.998,112
2022-03-10 05:18:22,0.0,0.0,0,0.0,0.0,0,0.0,0.0,0,2941.00,0.00,0.00,171,12.73,2.37,0.00,-2.6,4.998,4.998,4.998,4.998,59
2022-03-10 05:19:22,0.0,0.0,0,0.0,0.0,0,0.0,0.0,0,2941.00,0.00,0.00,170,12.73,2.37,0.00,-2.6,4.998,4.998,4.998,4.998,35
2022-03-10 05:20:22,0.0,0.0,0,0.0,0.0,0,0.0,0.0,0,2941.00,0.00,0.00,170,12.73,2.37,0.00,-2.6,4.998,4.998,4.998,4.998,128
2022-03-10 05:21:22,0.0,0.0,0,0.0,0.0,0,0.0,0.0,0,2941.00,0.00,0.00,171,12.73,2.37,0.00,-2.6,4.998,4.998,4.998,4.998,152
2022-03-10 05:22:22,0.0,0.0,0,0.0,0.0,0,0.0,0.0,0,2941.00,0.00,0.00,170,12.73,2.37,0.00,-2.1,4.998,4.998,4.998,4.998,94
2022-03-10 05:23:22,0.0,0.0,0,0.0,0.0,0,0.0,0.0,0,2941.00,0.00,0.00,170,12.73,2.37,0.00,-2.6,4.998,4.998,4.998,4.998,220
2022-03-10 05:24:22,0.0,0.0,0,0.0,0.0,0,0.0,0.0,0,2941.00,0.00,0.00,171,12.73,2.37,0.00,-2.6,4.998,4.998,4.998,4.998,234
2022-03-10 05:25:22,0.0,0.0,0,0.0,0.0,0,0.0,0.0,0,2941.00,0.00,0.00,171,12.73,2.37,0.00,-2.6,4.998,4.998,4.998,4.998,130
2022-03-10 05:26:22,0.0,0.0,0,0.0,0.0,0,0.0,0.0,0,2941.00,0.00,0.00,170,12.73,2.37,0.00,-2.6,4.998,4.998,4.998,4.998,174
2022-03-10 05:27:22,0.0,0.0,0,0.0,0.0,0,0.0,0.0,0,2941.00,0.00,0.00,171,12.73,2.37,0.00,-2.6,4.998,4.998,4.998,4.998,182
2022-03-10 05:28:22,0.0,0.0,0,0.0,0.0,0,0.0,0.0,0,2941.00,0.00,0.00,171,12.73,2.37,0.00,-2.6,4.998,4.998,4.998,4.998,253
2022-03-10 05:29:22,0.0,0.0,0,0.0,0.0,0,0.0,0.0,0,2941.00,0.00,0.00,171,12.69,2.37,0.00,-2.1,4.998,4.998,4.998,4.998,178
2022-03-10 05:30:22,0.0,0.0,0,0.0,0.0,0,0.0,0.0,0,2941.00,0.00,0.00,170,12.73,2.37,0.00,-2.6,4.998,4.998,4.998,4.998,249
2022-03-10 05:31:22,0.0,0.0,0,0.0,0.0,0,0.0,0.0,0,2941.00,0.00,0.00,170,12.73,2.37,0.00,-2.6,4.998,4.998,4.998,4.998,145
2022-03-10 05:32:22,0.0,0.0,0,0.0,0.0,0,0.0,0.0,0,2941.00,0.00,0.00,170,12.73,2.37,0.00,-2.6,4.998,4.998,4.998,4.998,205
2022-03-10 05:33:22,0.0,0.0,0,0.0,0.0,0,0.0,0.0,0,2941.00,0.00,0.00,170,12.73,2.37,0.00,-2.1,4.998,4.998,4.998,4.998,79
2022-03-10 05:34:22,0.0,0.0,0,0.0,0.0,0,0.0,0.0,0,2941.00,0.00,0.00,171,12.73,2.37,0.00,-2.6,4.998,4.998,4.998,4.998,147
2022-03-10 05:35:22,0.0,0.0,0,0.0,0.0,0,0.0,0.0,0,2941.00,0.00,0.00,171,12.73,2.37,0.00,-2.1,4.998,4.998,4.998,4.998,17
2022-03-10 05:36:22,0.0,0.0,0,0.0,0.0,0,0.0,0.0,0,2941.00,0.00,0.00,170,12.73,2.37,0.00,-2.6,4.998,4.998,4.998,4.998,215
2022-03-10 05:37:22,0.0,0.0,0,0.0,0.0,0,0.0,0.0,0,2941.00,0.00,0.00,170,12.73,2.37,0.00,-2.1,4.998,4.998,4.998,4.998,85
2022-03-10 05:38:22,0.0,0.0,0,0.0,0.0,0,0.0,0.0,0,2941.00,0.00,0.00,170,12.73,2.37,0.00,-2.1,4.998,4.998,4.998,4.998,30
2022-03-10 05:39:22,0.0,0.0,0,0.0,0.0,0,0.0,0.0,0,2941.00,0.00,0.00,170,12.73,2.37,0.00,-2.6,4.998,4.998,4.998,4.998,156
2022-03-10 05:40:22,0.0,0.0,0,0.0,0.0,0,0.0,0.0,0,2941.00,0.00,0.00,171,12.73,2.37,0.00,-2.1,4.998,4.998,4.998,4.998,121
2022-03-10 05:41:22,0.0,0.0,0,0.0,0.0,0,0.0,0.0,0,2941.00,0.00,0.00,171,12.73,2.37,0.00,-2.6,4.998,4.998,4.998,4.998,251
2022-03-10 05:42:22,0.0,0.0,0,0.0,0.0,0,0.0,0.0,0,2941.00,0.00,0.00,170,12.73,2.37,0.00,-2.1,4.998,4.998,4.998,4.998,61
2022-03-10 05:43:22,0.0,0.0,0,0.0,0.0,0,0.0,0.0,0,2941.00,0.00,0.00,171,12.73,2.37,0.00,-2.6,4.998,4.998,4.998,4.998,207
2022-03-10 05:44:22,0.0,0.0,0,0.0,0.0,0,0.0,0.0,0,2941.00,0.00,0.00,170,12.73,2.37,0.00,-2.6,4.998,4.998,4.998,4.998,249
2022-03-10 05:45:22,0.0,0.0,0,0.0,0.0,0,0.0,0.0,0,2941.00,0.00,0.00,171,12.69,2.37,0.00,-2.6,4.998,4.998,4.998,4.998,44
2022-03-10 05:46:22,0.0,0.0,0,0.0,0.0,0,0.0,0.0,0,2941.00,0.00,0.00,171,12.73,2.37,0.00,-2.6,4.998,4.998,4.998,4.998,189
2022-03-10 05:47:22,0.0,0.0,0,0.0,0.0,0,0.0,0.0,0,2941.00,0.00,0.00,170,12.73,2.37,0.00,-2.6,4.998,4.998,4.998,4.998,165
2022-03-10 05:48:22,0.0,0.0,0,0.0,0.0,0,0.0,0.0,0,2941.00,0.00,0.00,170,12.73,2.37,0.00,-2.6,4.998,4.998,4.998,4.998,238
2022-03-10 05:49:22,0.0,0.0,0,0.0,0.0,0,0.0,0.0,0,2941.00,0.00,0.00,171,12.73,2.37,0.00,-2.6,4.998,4.998,4.998,4.998,246
2022-03-10 05:50:22,0.0,0.0,0,0.0,0.0,0,0.0,0.0,0,2941.00,0.00,0.00,170,12.73,2.37,0.00,-2.6,4.998,4.998,4.998,4.998,154
2022-03-10 05:51:22,0.0,0.0,0,0.0,0.0,0,0.0,0.0,0,2941.00,0.00,0.00,170,12.73,2.37,0.00,-2.6,4.998,4.998,4.998,4.998,242
2022-03-10 05:52:22,0.0,0.0,0,0.0,0.0,0,0.0,0.0,0,2941.00,0.00,0.00,170,12.73,2.37,0.00,-2.6,4.998,4.998,4.998,4.998,174
2022-03-10 05:53:22,0.0,0.0,0,0.0,0.0,0,0.0,0.0,0,2941.00,0.00,0.00,170,12.73,2.37,0.00,-2.6,4.998,4.998,4.998,4.998,198
2022-03-10 05:54:22,0.0,0.0,0,0.0,0.0,0,0.0,0.0,0,2941.00,0.00,0.00,171,12.69,2.37,0.00,-2.6,4.998,4.998,4.998,4.998,61
2022-03-10 05:55:22,0.0,0.0,0,0.0,0.0,0,0.0,0.0,0,2941.00,0.00,0.00,170,12.73,2.37,0.00,-2.6,4.998,4.998,4.998,4.998,232
2022-03-10 05:56:22,0.0,0.0,0,0.0,0.0,0,0.0,0.0,0,2941.00,0.00,0.00,170,12.73,2.37,0.00,-2.6,4.998,4.998,4.998,4.998,180
2022-03-10 05:57:22,0.0,0.0,0,0.0,0.0,0,0.0,0.0,0,2941.00,0.00,0.00,170,12.73,2.37,0.00,-2.6,4.998,4.998,4.998,4.998,220
2022-03-10 05:58:22,0.0,0.0,0,0.0,0.0,0,0.0,0.0,0,2941.00,0.00,0.00,170,12.73,2.37,0.00,-2.6,4.998,4.998,4.998,4.998,151
2022-03-10 05:59:22,0.0,0.0,0,0.0,0.0,0,0.0,0.0,0,2941.00,0.00,0.00,171,12.73,2.37,0.00,-2.6,4.998,4.998,4.998,4.998,143
2022-03-10 06:00:22,0.0,0.0,0,0.0,0.0,0,0.0,0.0,0,2941.00,0.00,0.00,171,12.69,2.37,0.00,-2.6,4.998,4.998,4.998,4.998,177
2022-03-10 06:01:22,0.0,0.0,0,0.0,0.0,0,0.0,0.0,0,2941.00,0.00,0.00,170,12.73,2.37,0.00,-3.1,4.998,4.998,4.998,4.998,64
2022-03-10 06:02:22,0.0,0.0,0,0.0,0.0,0,0.0,0.0,0,2941.00,0.00,0.00,170,12.73,2.37,0.00,-2.6,4.998,4.998,4.998,4.998,56
2022-03-10 06:03:22,0.0,0.0,0,0.0,0.0,0,0.0,0.0,0,2941.00,0.00,0.00,170,12.73,2.37,0.00,-2.6,4.998,4.998,4.998,4.998,80
2022-03-10 06:04:22,0.0,0.0,0,0.0,0.0,0,0.0,0.0,0,2941.00,0.00,0.00,170,12.73,2.37,0.00,-2.6,4.998,4.998,4.998,4.998,22
2022-03-10 06:05:22,0.0,0.0,0,0.0,0.0,0,0.0,0.0,0,2941.00,0.00,0.00,170,12.73,2.37,0.00,-2.6,4.998,4.998,4.998,4.998,126
2022-03-10 06:06:22,0.0,0.0,0,0.0,0.0,0,0.0,0.0,0,2941.00,0.00,0.00,170,12.73,2.37,0.00,-2.6,4.998,4.998,4.998,4.998,34
2022-03-10 06:07:22,0.0,0.0,0,0.0,0.0,0,0.0,0.0,0,2941.00,0.00,0.00,171,12.69,2.37,0.00,-2.6,4.998,4.998,4.998,4.998,247
2022-03-10 06:08:22,0.0,0.0,0,0.0,0.0,0,0.0,0.0,0,2941.00,0.00,0.00,171,12.73,2.37,0.00,-2.6,4.998,4.998,4.998,4.998,113
2022-03-10 06:09:22,0.0,0.0,0,0.0,0.0,0,0.0,0.0,0,2941.00,0.00,0.00,171,12.69,2.37,0.00,-2.6,4.998,4.998,4.998,4.998,212
2022-03-10 06:10:22,0.0,0.0,0,0.0,0.0,0,0.0,0.0,0,2941.00,0.00,0.00,170,12.73,2.37,0.00,-2.6,4.998,4.998,4.998,4.998,117
2022-03-10 06:11:22,0.0,0.0,0,0.0,0.0,0,0.0,0.0,0,2941.00,0.00,0.00,170,12.73,2.37,0.00,-2.6,4.998,4.998,4.998,4.998,29
2022-03-10 06:12:22,0.0,0.0,0,0.0,0.0,0,0.0,0.0,0,2941.00,0.00,0.00,170,12.73,2.37,0.00,-2.6,4.998,4.998,4.998,4.998,65
2022-03-10 06:13:22,0.0,0.0,0,0.0,0.0,0,0.0,0.0,0,2941.00,0.00,0.00,170,12.73,2.37,0.00,-2.6,4.998,4.998,4.998,4.998,41
2022-03-10 06:14:22,0.0,0.0,0,0.0,0.0,0,0.0,0.0,0,2941.00,0.00,0.00,170,12.73,2.37,0.00,-2.6,4.998,4.998,4.998,4.998,111
2022-03-10 06:15:22,0.0,0.0,0,0.0,0.0,0,0.0,0.0,0,2941.00,0.00,0.00,170,12.73,2.37,0.00,-2.6,4.998,4.998,4.998,4.998,7
2022-03-10 06:16:22,0.0,0.0,0,0.0,0.0,0,0.0,0.0,0,2941.00,0.00,0.00,170,12.73,2.37,0.00,-2.1,4.998,4.998,4.998,4.998,177
2022-03-10 06:17:22,0.0,0.0,0,0.0,0.0,0,0.0,0.0,0,2941.00,0.00,0.00,171,12.73,2.37,0.00,-2.1,4.998,4.998,4.998,4.998,169
2022-03-10 06:18:22,0.0,0.0,0,0.0,0.0,0,0.0,0.0,0,2941.00,0.00,0.00,171,12.73,2.37,0.00,-2.6,4.998,4.998,4.998,4.998,8
2022-03-10 06:19:22,0.0,0.0,0,0.0,0.0,0,0.0,0.0,0,2941.00,0.00,0.00,170,12.69,2.37,0.00,-2.1,4.998,4.998,4.998,4.998,55
2022-03-10 06:20:22,0.0,0.0,0,0.0,0.0,0,0.0,0.0,0,2941.00,0.00,0.00,170,12.69,2.37,0.00,-3.1,4.998,4.998,4.998,4.998,90
2022-03-10 06:21:22,0.0,0.0,0,0.0,0.0,0,0.0,0.0,0,2941.00,0.00,0.00,171,12.69,2.37,0.00,-2.6,4.998,4.998,4.998,4.998,102
2022-03-10 06:22:22,0.0,0.0,0,0.0,0.0,0,0.0,0.0,0,2941.00,0.00,0.00,170,12.69,2.37,0.00,-2.6,4.998,4.998,4.998,4.998,74
2022-03-10 06:23:22,0.0,0.0,0,0.0,0.0,0,0.0,0.0,0,2941.00,0.00,0.00,170,12.73,2.37,0.00,-3.1,4.998,4.998,4.998,4.998,203
2022-03-10 06:24:22,0.0,0.0,0,0.0,0.0,0,0.0,0.0,0,2941.00,0.00,0.00,170,12.73,2.37,0.00,-2.6,4.998,4.998,4.998,4.998,169
2022-03-10 06:25:22,0.0,0.0,0,0.0,0.0,0,0.0,0.0,0,2941.00,0.00,0.00,171,12.69,2.37,0.00,-2.6,4.998,4.998,4.998,4.998,124
2022-03-10 06:26:22,0.0,0.0,0,0.0,0.0,0,0.0,0.0,0,2941.00,0.00,0.00,171,12.69,2.37,0.00,-2.6,4.998,4.998,4.998,4.998,32
2022-03-10 06:27:22,0.0,0.0,0,0.0,0.0,0,0.0,0.0,0,2941.00,0.00,0.00,171,12.73,2.37,0.00,-2.6,4.998,4.998,4.998,4.998,133
2022-03-10 06:28:22,0.0,0.0,0,0.0,0.0,0,0.0,0.0,0,2941.00,0.00,0.00,171,12.69,2.37,0.00,-2.6,4.998,4.998,4.998,4.998,3
2022-03-10 06:29:22,0.0,0.0,0,0.0,0.0,0,0.0,0.0,0,2941.00,0.00,0.00,171,12.73,2.37,0.00,-3.1,4.998,4.998,4.998,4.998,130
2022-03-10 06:30:22,0.0,0.0,0,0.0,0.0,0,0.0,0.0,0,2941.00,0.00,0.00,170,12.73,2.37,0.00,-2.6,4.998,4.998,4.998,4.998,202
2022-03-10 06:31:22,0.0,0.0,0,0.0,0.0,0,0.0,0.0,0,2941.00,0.00,0.00,171,12.73,2.37,0.00,-2.6,4.998,4.998,4.998,4.998,210
2022-03-10 06:32:22,0.0,0.0,0,0.0,0.0,0,0.0,0.0,0,2941.00,0.00,0.00,170,12.69,2.37,0.00,-2.6,4.998,4.998,4.998,4.998,51
2022-03-10 06:33:22,0.0,0.0,0,0.0,0.0,0,0.0,0.0,0,2941.00,0.00,0.00,170,12.73,2.37,0.00,-3.1,4.998,4.998,4.998,4.998,178
2022-03-10 06:34:22,0.0,0.0,0,0.0,0.0,0,0.0,0.0,0,2941.00,0.00,0.00,171,12.69,2.37,0.00,-2.6,4.998,4.998,4.998,4.998,109
2022-03-10 06:35:22,0.0,0.0,0,0.0,0.0,0,0.0,0.0,0,2941.00,0.00,0.00,171,12.73,2.37,0.00,-3.1,4.998,4.998,4.998,4.998,236
2022-03-10 06:36:22,0.0,0.0,0,0.0,0.0,0,0.0,0.0,0,2941.00,0.00,0.00,171,12.69,2.37,0.00,-3.1,4.998,4.998,4.998,4.998,125
2022-03-10 06:37:22,1.8,1.9,11,0.0,0.0,0,0.0,0.0,0,2952.00,0.00,0.00,170,12.73,2.36,0.00,-3.1,4.998,4.998,4.998,4.998,147
2022-03-10 06:38:22,1.6,2.8,102,0.0,0.0,0,0.0,0.0,0,3054.00,0.00,0.00,170,12.69,2.36,0.00,-3.1,4.998,4.998,4.998,4.998,114
2022-03-10 06:39:22,1.8,2.4,96,0.0,0.0,0,0.0,0.0,0,3150.00,0.00,0.00,170,12.69,2.36,0.00,-2.6,4.998,4.998,4.998,4.998,0
2022-03-10 06:40:22,1.8,1.9,73,0.0,0.0,0,0.0,0.0,0,3223.00,0.00,0.00,170,12.69,2.36,0.00,-2.6,4.998,4.998,4.998,4.998,40
2022-03-10 06:41:22,1.8,2.4,95,0.0,0.0,0,0.0,0.0,0,3318.00,0.00,0.00,170,12.69,2.36,0.00,-3.1,4.998,4.998,4.998,4.998,137
2022-03-10 06:42:22,2.0,2.1,83,0.0,0.0,0,0.0,0.0,0,3401.00,0.00,0.00,170,12.69,2.36,0.00,-3.1,4.998,4.998,4.998,4.998,185
2022-03-10 06:43:22,1.8,1.9,73,0.0,0.0,0,0.0,0.0,0,3474.00,0.00,0.00,170,12.69,2.37,0.00,-3.1,4.998,4.998,4.998,4.998,72
2022-03-10 06:44:22,1.5,2.0,75,0.0,0.0,0,0.0,0.0,0,3549.00,0.00,0.00,170,12.69,2.36,0.00,-3.1,4.998,4.998,4.998,4.998,93
2022-03-10 06:45:22,1.3,1.6,48,0.0,0.0,0,0.0,0.0,0,3597.00,0.00,0.00,170,12.69,2.36,0.00,-3.1,4.998,4.998,4.998,4.998,109
2022-03-10 06:46:22,1.0,1.0,6,0.0,0.0,0,0.0,0.0,0,3603.00,0.00,0.00,170,12.69,2.36,0.00,-3.1,4.998,4.998,4.998,4.998,39
2022-03-10 06:47:22,2.4,2.7,60,0.0,0.0,0,0.0,0.0,0,3663.00,0.00,0.00,170,12.73,2.36,0.00,-3.1,4.998,4.998,4.998,4.998,78
2022-03-10 06:48:22,2.6,2.7,106,0.0,0.0,0,0.0,0.0,0,3769.00,0.00,0.00,170,12.69,2.36,0.00,-2.6,4.998,4.998,4.998,4.998,120
2022-03-10 06:49:22,3.9,4.2,158,0.0,0.0,0,0.0,0.0,0,3927.00,0.00,0.00,39,12.73,0.54,0.00,-3.1,4.998,4.998,4.998,4.998,140
2022-03-10 06:50:22,3.3,4.3,211,0.0,0.0,0,0.0,0.0,0,4138.00,0.00,0.00,25,12.73,0.35,0.00,-3.1,4.998,4.998,4.998,4.998,151
2022-03-10 06:51:22,3.6,4.6,209,0.0,0.0,0,0.0,0.0,0,4347.00,0.00,0.00,17,12.69,0.24,0.00,-3.1,4.998,4.998,4.998,4.998,43
2022-03-10 06:52:22,2.3,4.1,169,0.0,0.0,0,0.0,0.0,0,4516.00,0.00,0.00,17,12.69,0.24,0.00,-2.6,4.998,4.998,4.998,4.998,62
2022-03-10 06:53:22,3.0,4.2,165,0.0,0.0,0,0.0,0.0,0,4681.00,0.00,0.00,10,12.69,0.14,0.00,-2.6,4.998,4.998,4.998,4.998,155
2022-03-10 06:54:22,3.8,3.9,152,0.0,0.0,0,0.0,0.0,0,4833.00,0.00,0.00,15,12.69,0.21,0.00,-2.6,4.998,4.998,4.998,4.998,91
2022-03-10 06:55:22,3.8,5.4,256,0.0,0.0,0,0.0,0.0,0,5089.00,0.00,0.00,16,12.73,0.22,0.00,-2.6,4.998,4.998,4.998,4.998,20
2022-03-10 06:56:22,3.0,4.9,235,0.0,0.0,0,0.0,0.0,0,5324.00,0.00,0.00,6,12.69,0.09,0.00,-2.6,4.998,4.998,4.998,4.998,24
2022-03-10 06:57:22,2.6,3.5,160,0.0,0.0,0,0.0,0.0,0,5484.00,0.00,0.00,7,12.73,0.10,0.00,-2.6,4.998,4.998,4.998,4.998,74
2022-03-10 06:58:22,3.9,4.7,194,0.0,0.0,0,0.0,0.0,0,5678.00,0.00,0.00,7,12.69,0.10,0.00,-2.6,4.998,4.998,4.998,4.998,138
2022-03-10 06:59:22,4.5,5.1,244,0.0,0.0,0,0.0,0.0,0,5922.00,0.00,0.00,0,12.73,0.00,0.00,-2.6,4.998,4.998,4.998,4.998,189
2022-03-10 07:00:22,1.7,4.5,156,0.0,0.0,0,0.0,0.0,0,6078.00,0.00,0.00,0,12.69,0.00,0.00,-2.6,4.998,4.998,4.998,4.998,37
2022-03-10 07:01:22,0.0,1.7,6,0.0,0.0,0,0.0,0.0,0,6084.00,0.00,0.00,0,12.69,0.00,0.00,-2.6,4.998,4.998,4.998,4.998,184
2022-03-10 07:02:22,2.0,2.0,4,0.0,0.0,0,0.0,0.0,0,6088.00,0.00,0.00,0,12.69,0.00,0.00,-2.6,4.998,4.998,4.998,4.998,37
2022-03-10 07:03:22,4.2,6.2,210,0.0,0.0,0,0.0,0.0,0,6298.00,0.00,0.00,8,12.73,0.12,0.00,-3.1,4.998,4.998,4.998,4.998,156
2022-03-10 07:04:22,4.3,5.9,248,0.0,0.0,0,0.0,0.0,0,6546.00,0.00,0.00,359,12.69,4.99,0.00,-2.6,4.998,4.998,4.998,4.998,15
2022-03-10 07:05:22,2.1,4.8,195,0.0,0.0,0,0.0,0.0,0,6741.00,0.00,0.00,15,12.69,0.21,0.00,-2.6,4.998,4.998,4.998,4.998,195
2022-03-10 07:06:22,4.3,5.4,241,0.0,0.0,0,0.0,0.0,0,6982.00,0.00,0.00,359,12.73,4.99,0.00,-2.6,4.998,4.998,4.998,4.998,198
2022-03-10 07:07:22,2.2,5.1,222,0.0,0.0,0,0.0,0.0,0,7204.00,0.00,0.00,348,12.69,4.84,0.00,-2.6,4.998,4.998,4.998,4.998,207
2022-03-10 07:08:22,3.8,4.1,161,0.0,0.0,0,0.0,0.0,0,7365.00,0.00,0.00,4,12.73,0.06,0.00,-2.6,4.998,4.998,4.998,4.998,53
2022-03-10 07:09:22,3.1,5.1,210,0.0,0.0,0,0.0,0.0,0,7575.00,0.00,0.00,4,12.69,0.06,0.00,-2.6,4.998,4.998,4.998,4.998,29
2022-03-10 07:10:22,3.7,4.6,203,0.0,0.0,0,0.0,0.0,0,7778.00,0.00,0.00,13,12.69,0.18,0.00,-2.6,4.998,4.998,4.998,4.998,80
2022-03-10 07:11:22,3.5,4.9,236,0.0,0.0,0,0.0,0.0,0,8014.00,0.00,0.00,2,12.73,0.03,0.00,-3.1,4.998,4.998,4.998,4.998,111
2022-03-10 07:12:22,4.2,4.8,203,0.0,0.0,0,0.0,0.0,0,8217.00,0.00,0.00,2,12.69,0.03,0.00,-2.6,4.998,4.998,4.998,4.998,148
2022-03-10 07:13:22,3.0,4.7,191,0.0,0.0,0,0.0,0.0,0,8408.00,0.00,0.00,3,12.69,0.04,0.00,-2.6,4.998,4.998,4.998,4.998,219
2022-03-10 07:14:22,3.1,3.7,132,0.0,0.0,0,0.0,0.0,0,8540.00,0.00,0.00,3,12.69,0.04,0.00,-2.6,4.998,4.998,4.998,4.998,86
2022-03-10 07:15:22,2.6,3.3,113,0.0,0.0,0,0.0,0.0,0,8653.00,0.00,0.00,3,12.69,0.04,0.00,-2.6,4.998,4.998,4.998,4.998,26
2022-03-10 07:16:22,4.2,4.7,190,0.0,0.0,0,0.0,0.0,0,8843.00,0.00,0.00,10,12.69,0.15,0.00,-2.6,4.998,4.998,4.998,4.998,10
2022-03-10 07:17:22,4.8,6.4,241,0.0,0.0,0,0.0,0.0,0,9084.00,0.00,0.00,15,12.65,0.21,0.00,-2.6,4.998,4.998,4.998,4.998,80
2022-03-10 07:18:22,3.9,5.2,199,0.0,0.0,0,0.0,0.0,0,9283.00,0.00,0.00,14,12.69,0.19,0.00,-3.1,4.998,4.998,4.998,4.998,156
2022-03-10 07:19:22,4.0,4.9,234,0.0,0.0,0,0.0,0.0,0,9517.00,0.00,0.00,0,12.69,0.00,0.00,-2.6,4.998,4.998,4.998,4.998,198
2022-03-10 07:20:22,2.6,4.8,195,0.0,0.0,0,0.0,0.0,0,9712.00,0.00,0.00,359,12.69,4.99,0.00,-2.6,4.998,4.998,4.998,4.998,204
2022-03-10 07:21:22,2.3,3.7,153,0.0,0.0,0,0.0,0.0,0,9865.00,0.00,0.00,359,12.69,4.99,0.00,-2.6,4.998,4.998,4.998,4.998,120
2022-03-10 07:22:22,2.4,3.7,139,0.0,0.0,0,0.0,0.0,0,10004.00,0.00,0.00,359,12.69,4.99,0.00,-3.1,4.998,4.998,4.998,4.998,166
2022-03-10 07:23:22,1.8,2.7,121,0.0,0.0,0,0.0,0.0,0,10125.00,0.00,0.00,359,12.65,4.99,0.00,-2.6,4.998,4.998,4.998,4.998,146
2022-03-10 07:24:22,3.4,4.1,157,0.0,0.0,0,0.0,0.0,0,10282.00,0.00,0.00,9,12.69,0.13,0.00,-3.1,4.998,4.998,4.998,4.998,230
2022-03-10 07:25:22,4.4,5.1,208,0.0,0.0,0,0.0,0.0,0,10490.00,0.00,0.00,359,12.69,4.99,0.00,-3.1,4.998,4.998,4.998,4.998,175
2022-03-10 07:26:22,3.9,5.4,187,0.0,0.0,0,0.0,0.0,0,10677.00,0.00,0.00,5,12.69,0.07,0.00,-3.1,4.998,4.998,4.998,4.998,15
2022-03-10 07:27:22,3.5,4.6,194,0.0,0.0,0,0.0,0.0,0,10871.00,0.00,0.00,6,12.69,0.08,0.00,-2.6,4.998,4.998,4.998,4.998,118
2022-03-10 07:28:22,3.8,4.2,190,0.0,0.0,0,0.0,0.0,0,11061.00,0.00,0.00,6,12.69,0.08,0.00,-2.6,4.998,4.998,4.998,4.998,35
2022-03-10 07:29:22,3.6,4.8,219,0.0,0.0,0,0.0,0.0,0,11280.00,0.00,0.00,6,12.69,0.08,0.00,-1.6,4.998,4.998,4.998,4.998,244
2022-03-10 07:30:22,3.8,5.4,252,0.0,0.0,0,0.0,0.0,0,11532.00,0.00,0.00,19,12.69,0.26,0.00,-2.6,4.998,4.998,4.998,4.998,163
2022-03-10 07:31:22,2.8,4.1,185,0.0,0.0,0,0.0,0.0,0,11717.00,0.00,0.00,19,12.69,0.26,0.00,-3.1,4.998,4.998,4.998,4.998,16
2022-03-10 07:32:22,5.8,6.0,238,0.0,0.0,0,0.0,0.0,0,11955.00,0.00,0.00,28,12.69,0.39,0.00,-3.1,4.998,4.998,4.998,4.998,241
2022-03-10 07:33:22,4.9,6.6,355,0.0,0.0,0,0.0,0.0,0,12310.00,0.00,0.00,30,12.69,0.41,0.00,-3.1,4.998,4.998,4.998,4.998,64
2022-03-10 07:34:22,5.5,5.9,296,0.0,0.0,0,0.0,0.0,0,12606.00,0.00,0.00,28,12.69,0.39,0.00,-2.6,4.998,4.998,4.998,4.998,49
2022-03-10 07:35:22,3.7,5.7,256,0.0,0.0,0,0.0,0.0,0,12862.00,0.00,0.00,27,12.73,0.38,0.00,-2.6,4.998,4.998,4.998,4.998,24
2022-03-10 07:36:22,3.7,4.3,210,0.0,0.0,0,0.0,0.0,0,13072.00,0.00,0.00,27,12.73,0.38,0.00,-2.6,4.998,4.998,4.998,4.998,209
2022-03-10 07:37:22,3.6,4.0,183,0.0,0.0,0,0.0,0.0,0,13255.00,0.00,0.00,26,12.73,0.36,0.00,-2.6,4.998,4.998,4.998,4.998,140
2022-03-10 07:38:22,3.6,4.4,192,0.0,0.0,0,0.0,0.0,0,13447.00,0.00,0.00,9,12.73,0.13,0.00,-2.6,4.998,4.998,4.998,4.998,132
2022-03-10 07:39:22,4.7,5.0,211,0.0,0.0,0,0.0,0.0,0,13658.00,0.00,0.00,10,12.73,0.14,0.00,-2.6,4.998,4.998,4.998,4.998,231
2022-03-10 07:40:22,4.1,5.7,249,0.0,0.0,0,0.0,0.0,0,13907.00,0.00,0.00,5,12.73,0.08,0.00,-2.6,4.998,4.998,4.998,4.998,22
2022-03-10 07:41:22,3.9,4.6,190,0.0,0.0,0,0.0,0.0,0,14097.00,0.00,0.00,21,12.73,0.29,0.00,-2.6,4.998,4.998,4.998,4.998,24
2022-03-10 07:42:22,3.0,3.9,164,0.0,0.0,0,0.0,0.0,0,14261.00,0.00,0.00,20,12.77,0.27,0.00,-2.6,4.998,4.998,4.998,4.998,139
2022-03-10 07:43:22,6.4,7.0,227,0.0,0.0,0,0.0,0.0,0,14488.00,0.00,0.00,3,12.77,0.04,0.00,-3.1,4.998,4.998,4.998,4.998,26
2022-03-10 07:44:22,4.3,7.6,373,0.0,0.0,0,0.0,0.0,0,14861.00,0.00,0.00,9,12.77,0.12,0.00,-2.1,4.998,4.998,4.998,4.998,208
2022-03-10 07:45:22,2.5,4.6,180,0.0,0.0,0,0.0,0.0,0,15041.00,0.00,0.00,4,12.77,0.06,0.00,-2.1,4.998,4.998,4.998,4.998,223
2022-03-10 07:46:22,4.7,6.8,247,0.0,0.0,0,0.0,0.0,0,15288.00,0.00,0.00,14,12.77,0.19,0.00,-2.6,4.998,4.998,4.998,4.998,134
2022-03-10 07:47:22,4.0,7.8,333,0.0,0.0,0,0.0,0.0,0,15621.00,0.00,0.00,20,12.77,0.27,0.00,-2.6,4.998,4.998,4.998,4.998,119
2022-03-10 07:48:22,4.7,6.5,287,0.0,0.0,0,0.0,0.0,0,15908.00,0.00,0.00,12,12.81,0.17,0.00,-2.1,4.998,4.998,4.998,4.998,186
2022-03-10 07:49:22,5.8,7.4,322,0.0,0.0,0,0.0,0.0,0,16230.00,0.00,0.00,16,12.81,0.23,0.00,-2.1,4.998,4.998,4.998,4.998,183
2022-03-10 07:50:22,4.6,6.2,256,0.0,0.0,0,0.0,0.0,0,16486.00,0.00,0.00,7,12.81,0.10,0.00,-2.1,4.998,4.998,4.998,4.998,71
2022-03-10 07:51:22,3.8,6.9,285,0.0,0.0,0,0.0,0.0,0,16771.00,0.00,0.00,11,12.81,0.16,0.00,-1.6,4.998,4.998,4.998,4.998,201
2022-03-10 07:52:22,4.9,5.5,212,0.0,0.0,0,0.0,0.0,0,16983.00,0.00,0.00,0,12.81,0.00,0.00,-1.6,4.998,4.998,4.998,4.998,187
2022-03-10 07:53:22,6.3,6.8,319,0.0,0.0,0,0.0,0.0,0,17302.00,0.00,0.00,359,12.85,4.99,0.00,-2.1,4.998,4.998,4.998,4.998,185
2022-03-10 07:54:22,6.4,7.1,339,0.0,0.0,0,0.0,0.0,0,17641.00,0.00,0.00,0,12.85,0.00,0.00,-2.1,4.998,4.998,4.998,4.998,55
2022-03-10 07:55:22,5.8,6.9,349,0.0,0.0,0,0.0,0.0,0,17990.00,0.00,0.00,19,12.85,0.26,0.00,-2.1,4.998,4.998,4.998,4.998,118
2022-03-10 07:56:22,4.0,5.9,230,0.0,0.0,0,0.0,0.0,0,18220.00,0.00,0.00,13,12.89,0.19,0.00,-2.1,4.998,4.998,4.998,4.998,87
2022-03-10 07:57:22,8.0,8.1,265,0.0,0.0,0,0.0,0.0,0,18485.00,0.00,0.00,33,12.89,0.46,0.00,-2.1,4.998,4.998,4.998,4.998,121
2022-03-10 07:58:22,5.4,8.5,381,0.0,0.0,0,0.0,0.0,0,18866.00,0.00,0.00,28,12.89,0.40,0.00,-2.6,4.998,4.998,4.998,4.998,69
2022-03-10 07:59:22,8.2,9.4,478,0.0,0.0,0,0.0,0.0,0,19344.00,0.00,0.00,22,12.89,0.31,0.00,-2.1,4.998,4.998,4.998,4.998,107
2022-03-10 08:00:22,5.3,9.3,406,0.0,0.0,0,0.0,0.0,0,19750.00,0.00,0.00,21,12.89,0.29,0.00,-2.6,4.998,4.998,4.998,4.998,29
2022-03-10 08:01:22,3.9,5.8,233,0.0,0.0,0,0.0,0.0,0,19983.00,0.00,0.00,21,12.92,0.29,0.00,-2.1,4.998,4.998,4.998,4.998,205
2022-03-10 08:02:22,5.1,5.4,232,0.0,0.0,0,0.0,0.0,0,20215.00,0.00,0.00,2,12.96,0.03,0.00,-2.6,4.998,4.998,4.998,4.998,129
2022-03-10 08:03:22,5.4,7.0,330,0.0,0.0,0,0.0,0.0,0,20545.00,0.00,0.00,17,12.96,0.23,0.00,-2.6,4.998,4.998,4.998,4.998,231
2022-03-10 08:04:22,5.9,7.8,363,0.0,0.0,0,0.0,0.0,0,20908.00,0.00,0.00,23,12.96,0.33,0.00,-2.6,4.998,4.998,4.998,4.998,193
2022-03-10 08:05:22,4.4,7.2,329,0.0,0.0,0,0.0,0.0,0,21237.00,0.00,0.00,33,13.00,0.45,0.00,-2.6,4.998,4.998,4.998,4.998,246
2022-03-10 08:06:22,6.4,8.6,340,0.0,0.0,0,0.0,0.0,0,21577.00,0.00,0.00,0,13.00,0.00,0.00,-2.1,4.998,4.998,4.998,4.998,40
2022-03-10 08:07:22,4.2,6.6,287,0.0,0.0,0,0.0,0.0,0,21864.00,0.00,0.00,359,13.00,4.99,0.00,-2.1,4.998,4.998,4.998,4.998,126
2022-03-10 08:08:22,7.0,7.1,289,0.0,0.0,0,0.0,0.0,0,22153.00,0.00,0.00,37,13.00,0.51,0.00,-2.1,4.998,4.998,4.998,4.998,53
2022-03-10 08:09:22,4.3,7.7,323,0.0,0.0,0,0.0,0.0,0,22476.00,0.00,0.00,18,13.00,0.26,0.00,-2.1,4.998,4.998,4.998,4.998,231
2022-03-10 08:10:22,4.1,6.1,255,0.0,0.0,0,0.0,0.0,0,22731.00,0.00,0.00,19,13.04,0.26,0.00,-2.6,4.998,4.998,4.998,4.998,235
2022-03-10 08:11:22,6.1,6.8,287,0.0,0.0,0,0.0,0.0,0,23018.00,0.00,0.00,10,13.04,0.14,0.00,-2.6,4.998,4.998,4.998,4.998,222
2022-03-10 08:12:22,6.4,6.7,317,0.0,0.0,0,0.0,0.0,0,23335.00,0.00,0.00,21,13.08,0.29,0.00,-2.1,4.998,4.998,4.998,4.998,210
2022-03-10 08:13:22,5.9,8.1,386,0.0,0.0,0,0.0,0.0,0,23721.00,0.00,0.00,20,13.12,0.28,0.00,-2.1,4.998,4.998,4.998,4.998,77
2022-03-10 08:14:22,4.2,6.3,292,0.0,0.0,0,0.0,0.0,0,24013.00,0.00,0.00,21,13.16,0.29,0.00,-2.1,4.998,4.998,4.998,4.998,34
2022-03-10 08:15:22,3.8,4.9,193,0.0,0.0,0,0.0,0.0,0,24206.00,0.00,0.00,21,13.16,0.29,0.00,-2.1,4.998,4.998,4.998,4.998,156
2022-03-10 08:16:22,3.6,6.7,260,0.0,0.0,0,0.0,0.0,0,24466.00,0.00,0.00,10,13.20,0.14,0.00,-2.6,4.998,4.998,4.998,4.998,189
2022-03-10 08:17:22,5.4,6.3,258,0.0,0.0,0,0.0,0.0,0,24724.00,0.00,0.00,34,13.20,0.47,0.00,-2.1,4.998,4.998,4.998,4.998,82
2022-03-10 08:18:22,6.1,8.2,383,0.0,0.0,0,0.0,0.0,0,25107.00,0.00,0.00,28,13.24,0.39,0.00,-2.1,4.998,4.998,4.998,4.998,45
2022-03-10 08:19:22,4.1,7.9,352,0.0,0.0,0,0.0,0.0,0,25459.00,0.00,0.00,20,13.24,0.28,0.00,-2.6,4.998,4.998,4.998,4.998,71
2022-03-10 08:20:22,5.4,9.1,353,0.0,0.0,0,0.0,0.0,0,25812.00,0.00,0.00,45,13.28,0.62,0.00,-2.1,4.998,4.998,4.998,4.998,6
2022-03-10 08:21:22,6.3,8.3,399,0.0,0.0,0,0.0,0.0,0,26211.00,0.00,0.00,40,13.28,0.55,0.00,-2.1,4.998,4.998,4.998,4.998,38
2022-03-10 08:22:22,6.6,8.2,391,0.0,0.0,0,0.0,0.0,0,26602.00,0.00,0.00,22,13.32,0.31,0.00,-2.6,4.998,4.998,4.998,4.998,56
2022-03-10 08:23:22,5.5,9.9,474,0.0,0.0,0,0.0,0.0,0,27076.00,0.00,0.00,16,13.35,0.22,0.00,-2.1,4.998,4.998,4.998,4.998,248
2022-03-10 08:24:22,8.1,8.7,447,0.0,0.0,0,0.0,0.0,0,27523.00,0.00,0.00,17,13.35,0.24,0.00,-2.6,4.998,4.998,4.998,4.998,34
2022-03-10 08:25:22,5.5,8.8,385,0.0,0.0,0,0.0,0.0,0,27908.00,0.00,0.00,12,13.43,0.17,0.00,-2.6,4.998,4.998,4.998,4.998,86
2022-03-10 08:26:22,8.4,9.3,414,0.0,0.0,0,0.0,0.0,0,28322.00,0.00,0.00,10,13.43,0.15,0.00,-2.1,4.998,4.998,4.998,4.998,221
2022-03-10 08:27:22,7.0,8.7,407,0.0,0.0,0,0.0,0.0,0,28729.00,0.00,0.00,19,13.47,0.26,0.00,-2.1,4.998,4.998,4.998,4.998,120
2022-03-10 08:28:22,5.2,8.6,402,0.0,0.0,0,0.0,0.0,0,29131.00,0.00,0.00,15,13.47,0.21,0.00,-2.1,4.998,4.998,4.998,4.998,19
2022-03-10 08:29:22,5.9,7.2,296,0.0,0.0,0,0.0,0.0,0,29427.00,0.00,0.00,20,13.47,0.27,0.00,-2.1,4.998,4.998,4.998,4.998,86
2022-03-10 08:30:22,5.7,7.6,322,0.0,0.0,0,0.0,0.0,0,29749.00,0.00,0.00,18,13.51,0.26,0.00,-2.1,4.998,4.998,4.998,4.998,172
2022-03-10 08:31:22,5.7,8.7,353,0.0,0.0,0,0.0,0.0,0,30102.00,0.00,0.00,5,13.51,0.07,0.00,-2.1,4.998,4.998,4.998,4.998,42
2022-03-10 08:32:22,7.6,7.9,393,0.0,0.0,0,0.0,0.0,0,30495.00,0.00,0.00,16,13.51,0.22,0.00,-2.6,4.998,4.998,4.998,4.998,183
2022-03-10 08:33:22,4.8,8.7,426,0.0,0.0,0,0.0,0.0,0,30921.00,0.00,0.00,11,13.51,0.16,0.00,-2.6,4.998,4.998,4.998,4.998,27
2022-03-10 08:34:22,8.7,9.3,387,0.0,0.0,0,0.0,0.0,0,31308.00,0.00,0.00,29,13.55,0.41,0.00,-2.1,4.998,4.998,4.998,4.998,61
2022-03-10 08:35:22,7.3,9.3,405,0.0,0.0,0,0.0,0.0,0,31713.00,0.00,0.00,11,13.59,0.16,0.00,-2.1,4.998,4.998,4.998,4.998,186
2022-03-10 08:36:22,5.3,9.6,415,0.0,0.0,0,0.0,0.0,0,32128.00,0.00,0.00,14,13.59,0.20,0.00,-2.1,4.998,4.998,4.998,4.998,10
2022-03-10 08:37:22,9.3,9.6,443,0.0,0.0,0,0.0,0.0,0,32571.00,0.00,0.00,23,13.59,0.33,0.00,-2.1,4.998,4.998,4.998,4.998,77
2022-03-10 08:38:22,5.2,9.2,370,0.0,0.0,0,0.0,0.0,0,32941.00,0.00,0.00,19,13.63,0.26,0.00,-2.1,4.998,4.998,4.998,4.998,142
2022-03-10 08:39:22,5.4,8.4,367,0.0,0.0,0,0.0,0.0,0,33308.00,0.00,0.00,19,13.63,0.26,0.00,-2.1,4.998,4.998,4.998,4.998,180
2022-03-10 08:40:22,4.2,8.1,361,0.0,0.0,0,0.0,0.0,0,33669.00,0.00,0.00,23,13.67,0.32,0.00,-2.1,4.998,4.998,4.998,4.998,60
2022-03-10 08:41:22,5.3,7.6,329,0.0,0.0,0,0.0,0.0,0,33998.00,0.00,0.00,14,13.67,0.19,0.00,-2.1,4.998,4.998,4.998,4.998,226
2022-03-10 08:42:22,7.4,7.6,281,0.0,0.0,0,0.0,0.0,0,34279.00,0.00,0.00,26,13.67,0.37,0.00,-1.6,4.998,4.998,4.998,4.998,177
2022-03-10 08:43:22,5.1,7.3,334,0.0,0.0,0,0.0,0.0,0,34613.00,0.00,0.00,44,13.67,0.62,0.00,-2.1,4.998,4.998,4.998,4.998,28
2022-03-10 08:44:22,6.3,7.9,306,0.0,0.0,0,0.0,0.0,0,34919.00,0.00,0.00,17,13.71,0.23,0.00,-2.1,4.998,4.998,4.998,4.998,121
2022-03-10 08:45:22,4.8,6.4,281,0.0,0.0,0,0.0,0.0,0,35200.00,0.00,0.00,33,13.71,0.46,0.00,-2.1,4.998,4.998,4.998,4.998,231
2022-03-10 08:46:22,7.0,8.5,367,0.0,0.0,0,0.0,0.0,0,35567.00,0.00,0.00,18,13.74,0.25,0.00,-2.1,4.998,4.998,4.998,4.998,171
2022-03-10 08:47:22,4.1,7.3,312,0.0,0.0,0,0.0,0.0,0,35879.00,0.00,0.00,13,13.71,0.18,0.00,-2.1,4.998,4.998,4.998,4.998,56
2022-03-10 08:48:22,6.0,8.3,332,0.0,0.0,0,0.0,0.0,0,36211.00,0.00,0.00,21,13.74,0.29,0.00,-1.6,4.998,4.998,4.998,4.998,190
2022-03-10 08:49:22,3.7,6.7,336,0.0,0.0,0,0.0,0.0,0,36547.00,0.00,0.00,22,13.78,0.31,0.00,-2.1,4.998,4.998,4.998,4.998,146
2022-03-10 08:50:22,6.4,6.6,252,0.0,0.0,0,0.0,0.0,0,36799.00,0.00,0.00,50,13.82,0.70,0.00,-2.1,4.998,4.998,4.998,4.998,246
2022-03-10 08:51:22,5.2,7.4,324,0.0,0.0,0,0.0,0.0,0,37123.00,0.00,0.00,14,13.86,0.19,0.00,-2.1,4.998,4.998,4.998,4.998,184
2022-03-10 08:52:22,4.8,5.8,205,0.0,0.0,0,0.0,0.0,0,37328.00,0.00,0.00,47,13.86,0.66,0.00,-2.1,4.998,4.998,4.998,4.998,163
2022-03-10 08:53:22,6.6,8.0,316,0.0,0.0,0,0.0,0.0,0,37644.00,0.00,0.00,32,13.94,0.45,0.00,-2.1,4.998,4.998,4.998,4.998,236
2022-03-10 08:54:22,5.4,7.7,364,0.0,0.0,0,0.0,0.0,0,38008.00,0.00,0.00,32,13.94,0.44,0.00,-2.1,4.998,4.998,4.998,4.998,154
2022-03-10 08:55:22,8.1,8.2,361,0.0,0.0,0,0.0,0.0,0,38369.00,0.00,0.00,29,14.02,0.41,0.00,-2.1,4.998,4.998,4.998,4.998,180
2022-03-10 08:56:22,6.8,8.8,451,0.0,0.0,0,0.0,0.0,0,38820.00,0.00,0.00,32,14.06,0.44,0.00,-2.1,4.998,4.998,4.998,4.998,134
2022-03-10 08:57:22,5.5,7.9,380,0.0,0.0,0,0.0,0.0,0,39200.00,0.00,0.00,31,14.10,0.44,0.00,-1.6,4.998,4.998,4.998,4.998,254
2022-03-10 08:58:22,5.5,7.2,308,0.0,0.0,0,0.0,0.0,0,39508.00,0.00,0.00,53,14.17,0.74,0.00,-2.1,4.998,4.998,4.998,4.998,234
2022-03-10 08:59:22,5.3,7.5,335,0.0,0.0,0,0.0,0.0,0,39843.00,0.00,0.00,30,14.21,0.41,0.00,-1.6,4.998,4.998,4.998,4.998,245
2022-03-10 09:00:22,4.1,7.6,348,0.0,0.0,0,0.0,0.0,0,40191.00,0.00,0.00,49,14.25,0.68,0.00,-1.6,4.998,4.998,4.998,4.998,176
2022-03-10 09:01:22,4.3,6.3,284,0.0,0.0,0,0.0,0.0,0,40475.00,0.00,0.00,43,14.29,0.61,0.00,-1.6,4.998,4.998,4.998,4.998,248
2022-03-10 09:02:22,7.4,7.4,316,0.0,0.0,0,0.0,0.0,0,40791.00,0.00,0.00,41,14.29,0.57,0.00,-1.6,4.998,4.998,4.998,4.998,164
2022-03-10 09:03:22,4.2,8.1,350,0.0,0.0,0,0.0,0.0,0,41141.00,0.00,0.00,30,14.33,0.42,0.00,-1.6,4.998,4.998,4.998,4.998,242
2022-03-10 09:04:22,5.5,6.3,294,0.0,0.0,0,0.0,0.0,0,41435.00,0.00,0.00,15,14.33,0.21,0.00,-1.6,4.998,4.998,4.998,4.998,64
2022-03-10 09:05:22,3.8,7.4,305,0.0,0.0,0,0.0,0.0,0,41740.00,0.00,0.00,16,14.33,0.22,0.00,-1.6,4.998,4.998,4.998,4.998,154
2022-03-10 09:06:22,6.0,7.1,266,0.0,0.0,0,0.0,0.0,0,42006.00,0.00,0.00,26,14.41,0.36,0.00,-1.6,4.998,4.998,4.998,4.998,123
2022-03-10 09:07:22,6.8,8.3,404,0.0,0.0,0,0.0,0.0,0,42410.00,0.00,0.00,28,14.45,0.40,0.00,-1.6,4.998,4.998,4.998,4.998,26
2022-03-10 09:08:22,5.3,7.7,361,0.0,0.0,0,0.0,0.0,0,42771.00,0.00,0.00,8,14.49,0.11,0.00,-1.6,4.998,4.998,4.998,4.998,233
2022-03-10 09:09:22,6.8,9.2,463,0.0,0.0,0,0.0,0.0,0,43234.00,0.00,0.00,20,14.53,0.27,0.00,-1.6,4.998,4.998,4.998,4.998,2
2022-03-10 09:10:22,7.1,7.5,387,0.0,0.0,0,0.0,0.0,0,43621.00,0.00,0.00,6,14.53,0.09,0.00,-1.6,4.998,4.998,4.998,4.998,224
2022-03-10 09:11:22,6.5,8.6,414,0.0,0.0,0,0.0,0.0,0,44035.00,0.00,0.00,29,14.60,0.40,0.00,-1.6,4.998,4.998,4.998,4.998,160
2022-03-10 09:12:22,6.8,8.2,381,0.0,0.0,0,0.0,0.0,0,44416.00,0.00,0.00,30,14.60,0.42,0.00,-1.1,4.998,4.998,4.998,4.998,142
2022-03-10 09:13:22,4.7,7.2,329,0.0,0.0,0,0.0,0.0,0,44745.00,0.00,0.00,21,14.60,0.30,0.00,-1.1,4.998,4.998,4.998,4.998,146
2022-03-10 09:14:22,4.7,7.7,326,0.0,0.0,0,0.0,0.0,0,45071.00,0.00,0.00,5,14.60,0.08,0.00,-1.1,4.998,4.998,4.998,4.998,90
2022-03-10 09:15:22,4.9,8.4,323,0.0,0.0,0,0.0,0.0,0,45394.00,0.00,0.00,15,14.60,0.21,0.00,-1.1,4.998,4.998,4.998,4.998,1
2022-03-10 09:16:22,4.7,6.0,305,0.0,0.0,0,0.0,0.0,0,45699.00,0.00,0.00,21,14.60,0.29,0.00,-1.6,4.998,4.998,4.998,4.998,59
2022-03-10 09:17:22,3.5,7.0,317,0.0,0.0,0,0.0,0.0,0,46016.00,0.00,0.00,27,14.60,0.38,0.00,-1.1,4.998,4.998,4.998,4.998,223
2022-03-10 09:18:22,4.4,8.1,350,0.0,0.0,0,0.0,0.0,0,46366.00,0.00,0.00,12,14.60,0.17,0.00,-1.1,4.998,4.998,4.998,4.998,63
2022-03-10 09:19:22,6.4,7.3,354,0.0,0.0,0,0.0,0.0,0,46720.00,0.00,0.00,19,14.57,0.27,0.00,-1.1,4.998,4.998,4.998,4.998,89
2022-03-10 09:20:22,5.2,7.1,354,0.0,0.0,0,0.0,0.0,0,47074.00,0.00,0.00,53,14.60,0.74,0.00,-1.1,4.998,4.998,4.998,4.998,201
2022-03-10 09:21:22,5.5,10.1,440,0.0,0.0,0,0.0,0.0,0,47514.00,0.00,0.00,74,14.60,1.04,0.00,-2.1,4.998,4.998,4.998,4.998,182
2022-03-10 09:22:22,7.6,8.0,368,0.0,0.0,0,0.0,0.0,0,47882.00,0.00,0.00,48,14.60,0.67,0.00,-1.1,4.998,4.998,4.998,4.998,80
2022-03-10 09:23:22,4.9,7.8,375,0.0,0.0,0,0.0,0.0,0,48257.00,0.00,0.00,43,14.60,0.60,0.00,-1.6,4.998,4.998,4.998,4.998,54
2022-03-10 09:24:22,3.4,6.0,256,0.0,0.0,0,0.0,0.0,0,48513.00,0.00,0.00,33,14.60,0.46,0.00,-1.1,4.998,4.998,4.998,4.998,244
2022-03-10 09:25:22,7.2,8.3,332,0.0,0.0,0,0.0,0.0,0,48845.00,0.00,0.00,28,14.57,0.39,0.00,-1.1,4.998,4.998,4.998,4.998,234
2022-03-10 09:26:22,6.4,9.1,401,0.0,0.0,0,0.0,0.0,0,49246.00,0.00,0.00,50,14.57,0.70,0.00,-1.6,4.998,4.998,4.998,4.998,198
2022-03-10 09:27:22,7.8,8.1,352,0.0,0.0,0,0.0,0.0,0,49598.00,0.00,0.00,39,14.57,0.54,0.00,-1.1,4.998,4.998,4.998,4.998,111
2022-03-10 09:28:22,6.3,8.4,417,0.0,0.0,0,0.0,0.0,0,50015.00,0.00,0.00,17,14.60,0.24,0.00,-1.1,4.998,4.998,4.998,4.998,138
2022-03-10 09:29:22,4.9,8.1,376,0.0,0.0,0,0.0,0.0,0,50391.00,0.00,0.00,28,14.57,0.39,0.00,-1.1,4.998,4.998,4.998,4.998,156
2022-03-10 09:30:22,3.2,7.9,312,0.0,0.0,0,0.0,0.0,0,50703.00,0.00,0.00,29,14.57,0.40,0.00,-1.1,4.998,4.998,4.998,4.998,128
2022-03-10 09:31:22,4.3,5.7,281,0.0,0.0,0,0.0,0.0,0,50984.00,0.00,0.00,3,14.57,0.05,0.00,-0.6,4.998,4.998,4.998,4.998,108
2022-03-10 09:32:22,5.3,8.0,337,0.0,0.0,0,0.0,0.0,0,51321.00,0.00,0.00,7,14.57,0.09,0.00,-1.1,4.998,4.998,4.998,4.998,118
2022-03-10 09:33:22,5.3,7.8,318,0.0,0.0,0,0.0,0.0,0,51639.00,0.00,0.00,21,14.60,0.29,0.00,-0.6,4.998,4.998,4.998,4.998,174
2022-03-10 09:34:22,4.7,8.4,376,0.0,0.0,0,0.0,0.0,0,52015.00,0.00,0.00,25,14.60,0.35,0.00,-1.1,4.998,4.998,4.998,4.998,85
2022-03-10 09:35:22,4.8,7.2,334,0.0,0.0,0,0.0,0.0,0,52349.00,0.00,0.00,38,14.60,0.53,0.00,-0.6,4.998,4.998,4.998,4.998,158
2022-03-10 09:36:22,5.6,8.5,349,0.0,0.0,0,0.0,0.0,0,52698.00,0.00,0.00,48,14.60,0.67,0.00,-0.6,4.998,4.998,4.998,4.998,96
2022-03-10 09:37:22,5.6,6.6,320,0.0,0.0,0,0.0,0.0,0,53018.00,0.00,0.00,62,14.60,0.86,0.00,-1.1,4.998,4.998,4.998,4.998,87
2022-03-10 09:38:22,7.3,7.4,321,0.0,0.0,0,0.0,0.0,0,53339.00,0.00,0.00,34,14.57,0.48,0.00,-1.1,4.998,4.998,4.998,4.998,173
2022-03-10 09:39:22,5.8,7.5,366,0.0,0.0,0,0.0,0.0,0,53705.00,0.00,0.00,11,14.57,0.15,0.00,-1.1,4.998,4.998,4.998,4.998,250
2022-03-10 09:40:22,3.9,8.0,338,0.0,0.0,0,0.0,0.0,0,54043.00,0.00,0.00,1,14.60,0.01,0.00,-0.6,4.998,4.998,4.998,4.998,36
2022-03-10 09:41:22,7.6,8.7,362,0.0,0.0,0,0.0,0.0,0,54405.00,0.00,0.00,18,14.60,0.25,0.00,-0.6,4.998,4.998,4.998,4.998,18
2022-03-10 09:42:22,6.6,9.4,443,0.0,0.0,0,0.0,0.0,0,54848.00,0.00,0.00,12,14.57,0.17,0.00,-0.6,4.998,4.998,4.998,4.998,182
2022-03-10 09:43:22,5.1,8.6,395,0.0,0.0,0,0.0,0.0,0,55243.00,0.00,0.00,32,14.57,0.44,0.00,-0.6,4.998,4.998,4.998,4.998,144
2022-03-10 09:44:22,4.9,5.5,264,0.0,0.0,0,0.0,0.0,0,55507.00,0.00,0.00,32,14.60,0.45,0.00,-0.6,4.998,4.998,4.998,4.998,94
2022-03-10 09:45:22,5.6,8.3,382,0.0,0.0,0,0.0,0.0,0,55889.00,0.00,0.00,17,14.60,0.23,0.00,-0.6,4.998,4.998,4.998,4.998,235
2022-03-10 09:46:22,3.4,6.1,289,0.0,0.0,0,0.0,0.0,0,56178.00,0.00,0.00,21,14.60,0.30,0.00,-0.2,4.998,4.998,4.998,4.998,113
2022-03-10 09:47:22,4.7,6.8,309,0.0,0.0,0,0.0,0.0,0,56487.00,0.00,0.00,41,14.57,0.58,0.00,-0.6,4.998,4.998,4.998,4.998,217
2022-03-10 09:48:22,7.7,7.9,312,0.0,0.0,0,0.0,0.0,0,56799.00,0.00,0.00,82,14.57,1.14,0.00,-0.6,4.998,4.998,4.998,4.998,52
2022-03-10 09:49:22,6.6,8.4,399,0.0,0.0,0,0.0,0.0,0,57198.00,0.00,0.00,63,14.57,0.88,0.00,-0.6,4.998,4.998,4.998,4.998,170
2022-03-10 09:50:22,8.6,9.4,431,0.0,0.0,0,0.0,0.0,0,57629.00,0.00,0.00,49,14.60,0.68,0.00,-0.6,4.998,4.998,4.998,4.998,25
2022-03-10 09:51:22,5.9,8.5,393,0.0,0.0,0,0.0,0.0,0,58022.00,0.00,0.00,77,14.60,1.07,0.00,-0.6,4.998,4.998,4.998,4.998,68
2022-03-10 09:52:22,5.4,7.8,366,0.0,0.0,0,0.0,0.0,0,58388.00,0.00,0.00,71,14.60,0.99,0.00,-0.6,4.998,4.998,4.998,4.998,30
2022-03-10 09:53:22,5.0,7.8,367,0.0,0.0,0,0.0,0.0,0,58755.00,0.00,0.00,46,14.60,0.64,0.00,-1.1,4.998,4.998,4.998,4.998,243
2022-03-10 09:54:22,4.6,5.6,240,0.0,0.0,0,0.0,0.0,0,58995.00,0.00,0.00,49,14.60,0.68,0.00,-0.2,4.998,4.998,4.998,4.998,145
2022-03-10 09:55:22,2.6,5.4,204,0.0,0.0,0,0.0,0.0,0,59199.00,0.00,0.00,41,14.60,0.57,0.00,-0.2,4.998,4.998,4.998,4.998,85
2022-03-10 09:56:22,3.1,5.3,213,0.0,0.0,0,0.0,0.0,0,59412.00,0.00,0.00,57,14.57,0.79,0.00,-0.2,4.998,4.998,4.998,4.998,59
2022-03-10 09:57:22,3.9,6.4,251,0.0,0.0,0,0.0,0.0,0,59663.00,0.00,0.00,47,14.57,0.66,0.00,-0.6,4.998,4.998,4.998,4.998,129
2022-03-10 09:58:22,3.8,5.1,211,0.0,0.0,0,0.0,0.0,0,59874.00,0.00,0.00,17,14.60,0.24,0.00,-0.2,4.998,4.998,4.998,4.998,200
2022-03-10 09:59:22,4.6,6.2,253,0.0,0.0,0,0.0,0.0,0,60127.00,0.00,0.00,0,14.60,0.00,0.00,-0.2,4.998,4.998,4.998,4.998,240
2022-03-10 10:00:22,5.2,7.2,271,0.0,0.0,0,0.0,0.0,0,60398.00,0.00,0.00,24,14.57,0.34,0.00,-0.2,4.998,4.998,4.998,4.998,123
2022-03-10 10:01:22,7.0,7.7,355,0.0,0.0,0,0.0,0.0,0,60753.00,0.00,0.00,0,14.60,0.00,0.00,-0.2,4.998,4.998,4.998,4.998,177
2022-03-10 10:02:22,4.7,7.9,385,0.0,0.0,0,0.0,0.0,0,61138.00,0.00,0.00,20,14.60,0.28,0.00,-0.2,4.998,4.998,4.998,4.998,159
2022-03-10 10:03:22,4.2,6.8,297,0.0,0.0,0,0.0,0.0,0,61435.00,0.00,0.00,37,14.60,0.52,0.00,-0.6,4.998,4.998,4.998,4.998,61
2022-03-10 10:04:22,5.6,7.4,338,0.0,0.0,0,0.0,0.0,0,61773.00,0.00,0.00,36,14.64,0.50,0.00,-0.2,4.998,4.998,4.998,4.998,171
2022-03-10 10:05:22,5.2,6.1,287,0.0,0.0,0,0.0,0.0,0,62060.00,0.00,0.00,23,14.60,0.32,0.00,-0.2,4.998,4.998,4.998,4.998,167
2022-03-10 10:06:22,5.3,7.3,332,0.0,0.0,0,0.0,0.0,0,62392.00,0.00,0.00,56,14.60,0.78,0.00,-0.2,4.998,4.998,4.998,4.998,56
2022-03-10 10:07:22,5.6,6.2,283,0.0,0.0,0,0.0,0.0,0,62675.00,0.00,0.00,72,14.60,1.00,0.00,-0.2,4.998,4.998,4.998,4.998,125
2022-03-10 10:08:22,4.2,6.0,278,0.0,0.0,0,0.0,0.0,0,62953.00,0.00,0.00,65,14.60,0.90,0.00,0.2,4.998,4.998,4.998,4.998,195
2022-03-10 10:09:22,4.6,5.4,242,0.0,0.0,0,0.0,0.0,0,63195.00,0.00,0.00,84,14.57,1.17,0.00,-0.2,4.998,4.998,4.998,4.998,35
2022-03-10 10:10:22,5.3,7.7,379,0.0,0.0,0,0.0,0.0,0,63574.00,0.00,0.00,74,14.60,1.03,0.00,-0.2,4.998,4.998,4.998,4.998,24
2022-03-10 10:11:22,5.2,7.0,350,0.0,0.0,0,0.0,0.0,0,63924.00,0.00,0.00,64,14.57,0.89,0.00,-0.2,4.998,4.998,4.998,4.998,95
2022-03-10 10:12:22,4.6,7.0,314,0.0,0.0,0,0.0,0.0,0,64238.00,0.00,0.00,70,14.60,0.97,0.00,-0.2,4.998,4.998,4.998,4.998,85
2022-03-10 10:13:22,3.8,5.0,228,0.0,0.0,0,0.0,0.0,0,64466.00,0.00,0.00,70,14.57,0.98,0.00,-0.2,4.998,4.998,4.998,4.998,227
2022-03-10 10:14:22,3.2,6.2,274,0.0,0.0,0,0.0,0.0,0,64740.00,0.00,0.00,55,14.60,0.77,0.00,0.2,4.998,4.998,4.998,4.998,181
2022-03-10 10:15:22,5.3,7.2,325,0.0,0.0,0,0.0,0.0,0,65065.00,0.00,0.00,67,14.60,0.93,0.00,0.2,4.998,4.998,4.998,4.998,20
2022-03-10 10:16:22,6.0,7.6,396,0.0,0.0,0,0.0,0.0,0,65461.00,0.00,0.00,72,14.68,1.00,0.00,0.2,4.998,4.998,4.998,4.998,182
2022-03-10 10:17:22,6.0,7.0,312,0.0,0.0,0,0.0,0.0,0,65773.00,0.00,0.00,73,14.60,1.02,0.00,0.7,4.998,4.998,4.998,4.998,247
2022-03-10 10:18:22,6.5,7.1,350,0.0,0.0,0,0.0,0.0,0,66123.00,0.00,0.00,62,14.60,0.86,0.00,0.2,4.998,4.998,4.998,4.998,115
2022-03-10 10:19:22,5.4,7.1,333,0.0,0.0,0,0.0,0.0,0,66456.00,0.00,0.00,59,14.60,0.82,0.00,-0.2,4.998,4.998,4.998,4.998,106
2022-03-10 10:20:22,5.8,8.0,378,0.0,0.0,0,0.0,0.0,0,66834.00,0.00,0.00,44,14.60,0.61,0.00,0.2,4.998,4.998,4.998,4.998,133
2022-03-10 10:21:22,4.4,8.1,423,0.0,0.0,0,0.0,0.0,0,67257.00,0.00,0.00,48,14.60,0.66,0.00,-0.2,4.998,4.998,4.998,4.998,180
2022-03-10 10:22:22,0.8,4.8,153,0.0,0.0,0,0.0,0.0,0,67410.00,0.00,0.00,48,14.60,0.67,0.00,0.7,4.998,4.998,4.998,4.998,109
2022-03-10 10:23:22,5.2,5.2,167,0.0,0.0,0,0.0,0.0,0,67577.00,0.00,0.00,60,14.60,0.84,0.00,0.7,4.998,4.998,4.998,4.998,173
2022-03-10 10:24:22,5.6,7.2,335,0.0,0.0,0,0.0,0.0,0,67912.00,0.00,0.00,16,14.57,0.23,0.00,1.2,4.998,4.998,4.998,4.998,212
2022-03-10 10:25:22,3.8,6.3,257,0.0,0.0,0,0.0,0.0,0,68169.00,0.00,0.00,28,14.60,0.40,0.00,1.2,4.998,4.998,4.998,4.998,152
2022-03-10 10:26:22,6.8,6.9,244,0.0,0.0,0,0.0,0.0,0,68413.00,0.00,0.00,55,14.64,0.77,0.00,0.7,4.998,4.998,4.998,4.998,6
2022-03-10 10:27:22,4.0,7.1,350,0.0,0.0,0,0.0,0.0,0,68763.00,0.00,0.00,36,14.60,0.51,0.00,0.2,4.998,4.998,4.998,4.998,64
2022-03-10 10:28:22,4.4,6.7,263,0.0,0.0,0,0.0,0.0,0,69026.00,0.00,0.00,55,14.60,0.77,0.00,0.2,4.998,4.998,4.998,4.998,6
2022-03-10 10:29:22,0.0,4.6,122,0.0,0.0,0,0.0,0.0,0,69148.00,0.00,0.00,55,14.60,0.77,0.00,1.2,4.998,4.998,4.998,4.998,48
2022-03-10 10:30:22,3.8,4.0,94,0.0,0.0,0,0.0,0.0,0,69242.00,0.00,0.00,105,14.60,1.45,0.00,1.2,4.998,4.998,4.998,4.998,42
2022-03-10 10:31:22,5.1,5.9,235,0.0,0.0,0,0.0,0.0,0,69477.00,0.00,0.00,22,14.60,0.31,0.00,1.7,4.998,4.998,4.998,4.998,70
2022-03-10 10:32:22,4.9,7.5,371,0.0,0.0,0,0.0,0.0,0,69848.00,0.00,0.00,30,14.64,0.42,0.00,1.2,4.998,4.998,4.998,4.998,146
2022-03-10 10:33:22,6.3,8.0,319,0.0,0.0,0,0.0,0.0,0,70167.00,0.00,0.00,72,14.60,1.00,0.00,0.7,4.998,4.998,4.998,4.998,174
2022-03-10 10:34:22,5.5,7.0,342,0.0,0.0,0,0.0,0.0,0,70509.00,0.00,0.00,87,14.60,1.21,0.00,0.7,4.998,4.998,4.998,4.998,205
2022-03-10 10:35:22,3.5,7.0,267,0.0,0.0,0,0.0,0.0,0,70776.00,0.00,0.00,77,14.60,1.07,0.00,0.2,4.998,4.998,4.998,4.998,88
2022-03-10 10:36:22,4.4,5.6,227,0.0,0.0,0,0.0,0.0,0,71003.00,0.00,0.00,107,14.64,1.49,0.00,0.7,4.998,4.998,4.998,4.998,200
2022-03-10 10:37:22,4.6,6.6,229,0.0,0.0,0,0.0,0.0,0,71232.00,0.00,0.00,30,14.60,0.42,0.00,1.2,4.998,4.998,4.998,4.998,65
2022-03-10 10:38:22,5.6,9.3,416,0.0,0.0,0,0.0,0.0,0,71648.00,0.00,0.00,55,14.60,0.77,0.00,0.2,4.998,4.998,4.998,4.998,40
2022-03-10 10:39:22,4.2,6.0,307,0.0,0.0,0,0.0,0.0,0,71955.00,0.00,0.00,44,14.60,0.62,0.00,0.2,4.998,4.998,4.998,4.998,98
2022-03-10 10:40:22,3.3,4.3,153,0.0,0.0,0,0.0,0.0,0,72108.00,0.00,0.00,44,14.60,0.62,0.00,0.7,4.998,4.998,4.998,4.998,254
2022-03-10 10:41:22,6.0,7.1,259,0.0,0.0,0,0.0,0.0,0,72367.00,0.00,0.00,54,14.60,0.75,0.00,0.7,4.998,4.998,4.998,4.998,109
2022-03-10 10:42:22,2.6,6.1,228,0.0,0.0,0,0.0,0.0,0,72595.00,0.00,0.00,53,14.60,0.73,0.00,0.7,4.998,4.998,4.998,4.998,98
2022-03-10 10:43:22,4.1,5.4,216,0.0,0.0,0,0.0,0.0,0,72811.00,0.00,0.00,54,14.64,0.75,0.00,1.2,4.998,4.998,4.998,4.998,170
2022-03-10 10:44:22,2.6,6.1,244,0.0,0.0,0,0.0,0.0,0,73055.00,0.00,0.00,46,14.60,0.64,0.00,1.2,4.998,4.998,4.998,4.998,187
2022-03-10 10:45:22,3.6,4.1,150,0.0,0.0,0,0.0,0.0,0,73205.00,0.00,0.00,47,14.60,0.65,0.00,1.7,4.998,4.998,4.998,4.998,20
2022-03-10 10:46:22,3.3,4.8,202,0.0,0.0,0,0.0,0.0,0,73407.00,0.00,0.00,28,14.68,0.39,0.00,2.2,4.998,4.998,4.998,4.998,1
2022-03-10 10:47:22,4.6,6.9,256,0.0,0.0,0,0.0,0.0,0,73663.00,0.00,0.00,49,14.68,0.68,0.00,2.2,4.998,4.998,4.998,4.998,120
2022-03-10 10:48:22,6.2,8.3,335,0.0,0.0,0,0.0,0.0,0,73998.00,0.00,0.00,54,14.57,0.75,0.00,1.2,4.998,4.998,4.998,4.998,227
2022-03-10 10:49:22,5.0,7.6,387,0.0,0.0,0,0.0,0.0,0,74385.00,0.00,0.00,74,14.64,1.03,0.00,1.2,4.998,4.998,4.998,4.998,242
2022-03-10 10:50:22,5.5,6.4,330,0.0,0.0,0,0.0,0.0,0,74715.00,0.00,0.00,68,14.68,0.95,0.00,0.7,4.998,4.998,4.998,4.998,6
2022-03-10 10:51:22,4.1,6.7,299,0.0,0.0,0,0.0,0.0,0,75014.00,0.00,0.00,49,14.64,0.68,0.00,1.2,4.998,4.998,4.998,4.998,146
2022-03-10 10:52:22,5.4,8.3,306,0.0,0.0,0,0.0,0.0,0,75320.00,0.00,0.00,43,14.60,0.60,0.00,1.7,4.998,4.998,4.998,4.998,144
2022-03-10 10:53:22,5.2,8.8,378,0.0,0.0,0,0.0,0.0,0,75698.00,0.00,0.00,16,14.64,0.22,0.00,1.2,4.998,4.998,4.998,4.998,37
2022-03-10 10:54:22,4.5,7.6,317,0.0,0.0,0,0.0,0.0,0,76015.00,0.00,0.00,41,14.64,0.57,0.00,1.7,4.998,4.998,4.998,4.998,148
2022-03-10 10:55:22,6.2,7.9,362,0.0,0.0,0,0.0,0.0,0,76377.00,0.00,0.00,51,14.60,0.71,0.00,1.2,4.998,4.998,4.998,4.998,11
2022-03-10 10:56:22,4.8,7.1,244,0.0,0.0,0,0.0,0.0,0,76621.00,0.00,0.00,39,14.64,0.55,0.00,1.2,4.998,4.998,4.998,4.998,213
2022-03-10 10:57:22,6.9,7.7,336,0.0,0.0,0,0.0,0.0,0,76957.00,0.00,0.00,29,14.64,0.41,0.00,1.2,4.998,4.998,4.998,4.998,55
2022-03-10 10:58:22,3.3,8.1,365,0.0,0.0,0,0.0,0.0,0,77322.00,0.00,0.00,13,14.60,0.18,0.00,1.7,4.998,4.998,4.998,4.998,255
2022-03-10 10:59:22,3.7,6.5,287,0.0,0.0,0,0.0,0.0,0,77609.00,0.00,0.00,31,14.60,0.43,0.00,1.7,4.998,4.998,4.998,4.998,106
2022-03-10 11:00:22,4.2,8.8,223,0.0,0.0,0,0.0,0.0,0,77832.00,0.00,0.00,76,14.60,1.05,0.00,1.7,4.998,4.998,4.998,4.998,203
2022-03-10 11:01:22,4.3,7.6,360,0.0,0.0,0,0.0,0.0,0,78192.00,0.00,0.00,63,14.60,0.88,0.00,1.2,4.998,4.998,4.998,4.998,57
2022-03-10 11:02:22,4.6,5.4,244,0.0,0.0,0,0.0,0.0,0,78436.00,0.00,0.00,55,14.60,0.77,0.00,1.2,4.998,4.998,4.998,4.998,163
2022-03-10 11:03:22,5.2,5.9,207,0.0,0.0,0,0.0,0.0,0,78643.00,0.00,0.00,73,14.64,1.01,0.00,2.2,4.998,4.998,4.998,4.998,103
2022-03-10 11:04:22,4.5,6.2,266,0.0,0.0,0,0.0,0.0,0,78909.00,0.00,0.00,69,14.60,0.97,0.00,1.7,4.998,4.998,4.998,4.998,172
2022-03-10 11:05:22,3.2,5.0,235,0.0,0.0,0,0.0,0.0,0,79144.00,0.00,0.00,68,14.60,0.95,0.00,1.7,4.998,4.998,4.998,4.998,90
2022-03-10 11:06:22,4.4,7.4,361,0.0,0.0,0,0.0,0.0,0,79505.00,0.00,0.00,103,14.60,1.43,0.00,1.7,4.998,4.998,4.998,4.998,92
2022-03-10 11:07:22,8.9,9.6,351,0.0,0.0,0,0.0,0.0,0,79856.00,0.00,0.00,92,14.60,1.27,0.00,1.2,4.998,4.998,4.998,4.998,6
2022-03-10 11:08:22,6.9,9.5,471,0.0,0.0,0,0.0,0.0,0,80327.00,0.00,0.00,94,14.64,1.31,0.00,0.7,4.998,4.998,4.998,4.998,100
2022-03-10 11:09:22,9.2,9.9,404,0.0,0.0,0,0.0,0.0,0,80731.00,0.00,0.00,106,14.64,1.47,0.00,1.2,4.998,4.998,4.998,4.998,126
2022-03-10 11:10:22,6.6,9.3,505,0.0,0.0,0,0.0,0.0,0,81236.00,0.00,0.00,82,14.37,1.14,0.00,0.7,4.998,4.998,4.998,4.998,20
2022-03-10 11:11:22,7.0,9.6,474,0.0,0.0,0,0.0,0.0,0,81710.00,0.00,0.00,49,14.29,0.69,0.00,0.7,4.998,4.998,4.998,4.998,159
2022-03-10 11:12:22,4.3,7.2,262,0.0,0.0,0,0.0,0.0,0,81972.00,0.00,0.00,66,14.25,0.92,0.00,1.2,4.998,4.998,4.998,4.998,160
2022-03-10 11:13:22,6.6,7.5,340,0.0,0.0,0,0.0,0.0,0,82312.00,0.00,0.00,62,14.21,0.86,0.00,1.2,4.998,4.998,4.998,4.998,43
2022-03-10 11:14:22,5.8,8.1,286,0.0,0.0,0,0.0,0.0,0,82598.00,0.00,0.00,88,14.21,1.22,0.00,1.7,4.998,4.998,4.998,4.998,66
2022-03-10 11:15:22,5.3,5.9,279,0.0,0.0,0,0.0,0.0,0,82877.00,0.00,0.00,34,14.25,0.48,0.00,2.2,4.998,4.998,4.998,4.998,254
2022-03-10 11:16:22,5.8,6.8,333,0.0,0.0,0,0.0,0.0,0,83210.00,0.00,0.00,13,14.21,0.19,0.00,2.7,4.998,4.998,4.998,4.998,117
2022-03-10 11:17:22,2.4,6.1,225,0.0,0.0,0,0.0,0.0,0,83435.00,0.00,0.00,18,14.25,0.25,0.00,2.7,4.998,4.998,4.998,4.998,39
2022-03-10 11:18:22,4.9,8.2,293,0.0,0.0,0,0.0,0.0,0,83728.00,0.00,0.00,52,14.21,0.72,0.00,2.7,4.998,4.998,4.998,4.998,166
2022-03-10 11:19:22,5.2,6.6,287,0.0,0.0,0,0.0,0.0,0,84015.00,0.00,0.00,82,14.25,1.14,0.00,3.2,4.998,4.998,4.998,4.998,86
2022-03-10 11:20:22,4.5,6.5,310,0.0,0.0,0,0.0,0.0,0,84325.00,0.00,0.00,37,14.21,0.52,0.00,2.2,4.998,4.998,4.998,4.998,73
2022-03-10 11:21:22,3.2,6.1,246,0.0,0.0,0,0.0,0.0,0,84571.00,0.00,0.00,41,14.21,0.58,0.00,2.2,4.998,4.998,4.998,4.998,235
2022-03-10 11:22:22,3.5,4.5,195,0.0,0.0,0,0.0,0.0,0,84766.00,0.00,0.00,17,14.21,0.24,0.00,3.2,4.998,4.998,4.998,4.998,69
2022-03-10 11:23:22,3.6,4.3,168,0.0,0.0,0,0.0,0.0,0,84934.00,0.00,0.00,47,14.21,0.65,0.00,3.2,4.998,4.998,4.998,4.998,50
2022-03-10 11:24:22,2.6,6.4,243,0.0,0.0,0,0.0,0.0,0,85177.00,0.00,0.00,67,14.25,0.93,0.00,2.7,4.998,4.998,4.998,4.998,220
2022-03-10 11:25:22,8.6,9.5,314,0.0,0.0,0,0.0,0.0,0,85491.00,0.00,0.00,99,14.25,1.37,0.00,3.2,4.998,4.998,4.998,4.998,136
2022-03-10 11:26:22,5.1,10.5,389,0.0,0.0,0,0.0,0.0,0,85880.00,0.00,0.00,108,14.25,1.51,0.00,1.7,4.998,4.998,4.998,4.998,239
2022-03-10 11:27:22,2.4,5.4,198,0.0,0.0,0,0.0,0.0,0,86078.00,0.00,0.00,78,14.21,1.09,0.00,2.7,4.998,4.998,4.998,4.998,189
2022-03-10 11:28:22,2.6,3.5,107,0.0,0.0,0,0.0,0.0,0,86185.00,0.00,0.00,68,14.17,0.94,0.00,2.7,4.998,4.998,4.998,4.998,143
2022-03-10 11:29:22,3.4,3.7,140,0.0,0.0,0,0.0,0.0,0,86325.00,0.00,0.00,68,14.17,0.95,0.00,2.7,4.998,4.998,4.998,4.998,55
2022-03-10 11:30:22,5.8,8.5,361,0.0,0.0,0,0.0,0.0,0,86686.00,0.00,0.00,88,14.17,1.22,0.00,2.7,4.998,4.998,4.998,4.998,25
2022-03-10 11:31:22,4.4,8.3,406,0.0,0.0,0,0.0,0.0,0,87092.00,0.00,0.00,118,14.21,1.65,0.00,1.7,4.998,4.998,4.998,4.998,11
2022-03-10 11:32:22,0.0,6.0,133,0.0,0.0,0,0.0,0.0,0,87225.00,0.00,0.00,101,14.17,1.40,0.00,2.2,4.998,4.998,4.998,4.998,73
2022-03-10 11:33:22,4.6,9.0,307,0.0,0.0,0,0.0,0.0,0,87532.00,0.00,0.00,33,14.17,0.46,0.00,2.2,4.998,4.998,4.998,4.998,188
2022-03-10 11:34:22,4.8,7.4,321,0.0,0.0,0,0.0,0.0,0,87853.00,0.00,0.00,13,14.25,0.19,0.00,2.7,4.998,4.998,4.998,4.998,166
2022-03-10 11:35:22,3.5,7.6,364,0.0,0.0,0,0.0,0.0,0,88217.00,0.00,0.00,20,14.17,0.28,0.00,3.2,4.998,4.998,4.998,4.998,33
2022-03-10 11:36:22,5.9,6.3,201,0.0,0.0,0,0.0,0.0,0,88418.00,0.00,0.00,34,14.17,0.47,0.00,2.7,4.998,4.998,4.998,4.998,16
2022-03-10 11:37:22,2.5,6.1,201,0.0,0.0,0,0.0,0.0,0,88619.00,0.00,0.00,27,14.14,0.38,0.00,2.7,4.998,4.998,4.998,4.998,177
2022-03-10 11:38:22,3.5,7.1,307,0.0,0.0,0,0.0,0.0,0,88926.00,0.00,0.00,1,14.17,0.01,0.00,3.2,4.998,4.998,4.998,4.998,133
2022-03-10 11:39:22,7.7,9.3,196,0.0,0.0,0,0.0,0.0,0,89122.00,0.00,0.00,356,14.21,4.94,0.00,3.2,4.998,4.998,4.998,4.998,8
2022-03-10 11:40:22,7.3,9.5,483,0.0,0.0,0,0.0,0.0,0,89605.00,0.00,0.00,36,14.17,0.51,0.00,1.7,4.998,4.998,4.998,4.998,115
2022-03-10 11:41:22,3.3,7.4,224,0.0,0.0,0,0.0,0.0,0,89829.00,0.00,0.00,37,14.21,0.51,0.00,1.7,4.998,4.998,4.998,4.998,176
2022-03-10 11:42:22,3.9,6.9,283,0.0,0.0,0,0.0,0.0,0,90112.00,0.00,0.00,8,14.17,0.12,0.00,2.2,4.998,4.998,4.998,4.998,37
2022-03-10 11:43:22,2.5,4.5,150,0.0,0.0,0,0.0,0.0,0,90262.00,0.00,0.00,9,14.17,0.12,0.00,2.2,4.998,4.998,4.998,4.998,88
2022-03-10 11:44:22,2.8,4.9,184,0.0,0.0,0,0.0,0.0,0,90446.00,0.00,0.00,359,14.17,4.99,0.00,3.2,4.998,4.998,4.998,4.998,56
2022-03-10 11:45:22,5.9,7.6,329,0.0,0.0,0,0.0,0.0,0,90775.00,0.00,0.00,74,14.17,1.03,0.00,2.2,4.998,4.998,4.998,4.998,213
2022-03-10 11:46:22,2.0,7.3,306,0.0,0.0,0,0.0,0.0,0,91081.00,0.00,0.00,44,14.21,0.62,0.00,1.7,4.998,4.998,4.998,4.998,237
2022-03-10 11:47:22,1.2,2.1,38,0.0,0.0,0,0.0,0.0,0,91119.00,0.00,0.00,44,14.17,0.62,0.00,2.7,4.998,4.998,4.998,4.998,135
2022-03-10 11:48:22,2.9,4.0,131,0.0,0.0,0,0.0,0.0,0,91250.00,0.00,0.00,44,14.17,0.62,0.00,3.2,4.998,4.998,4.998,4.998,182
2022-03-10 11:49:22,3.0,4.4,176,0.0,0.0,0,0.0,0.0,0,91426.00,0.00,0.00,37,14.21,0.52,0.00,3.2,4.998,4.998,4.998,4.998,139
2022-03-10 11:50:22,3.1,5.3,204,0.0,0.0,0,0.0,0.0,0,91630.00,0.00,0.00,18,14.17,0.26,0.00,3.7,4.998,4.998,4.998,4.998,22
2022-03-10 11:51:22,4.1,4.4,160,0.0,0.0,0,0.0,0.0,0,91790.00,0.00,0.00,57,14.17,0.80,0.00,3.2,4.998,4.998,4.998,4.998,29
2022-03-10 11:52:22,4.8,6.7,321,0.0,0.0,0,0.0,0.0,0,92111.00,0.00,0.00,40,14.17,0.55,0.00,3.2,4.998,4.998,4.998,4.998,49
2022-03-10 11:53:22,3.8,4.6,152,0.0,0.0,0,0.0,0.0,0,92263.00,0.00,0.00,65,14.17,0.91,0.00,3.7,4.998,4.998,4.998,4.998,162
2022-03-10 11:54:22,5.7,7.5,295,0.0,0.0,0,0.0,0.0,0,92558.00,0.00,0.00,54,14.17,0.75,0.00,3.2,4.998,4.998,4.998,4.998,114
2022-03-10 11:55:22,6.0,7.7,392,0.0,0.0,0,0.0,0.0,0,92950.00,0.00,0.00,38,14.17,0.53,0.00,2.7,4.998,4.998,4.998,4.998,150
2022-03-10 11:56:22,1.2,6.6,198,0.0,0.0,0,0.0,0.0,0,93148.00,0.00,0.00,48,14.17,0.67,0.00,2.7,4.998,4.998,4.998,4.998,22
2022-03-10 11:57:22,5.4,6.1,193,0.0,0.0,0,0.0,0.0,0,93341.00,0.00,0.00,36,14.21,0.50,0.00,3.2,4.998,4.998,4.998,4.998,139
2022-03-10 11:58:22,4.9,6.1,279,0.0,0.0,0,0.0,0.0,0,93620.00,0.00,0.00,27,14.14,0.38,0.00,3.7,4.998,4.998,4.998,4.998,42
2022-03-10 11:59:22,5.9,6.1,245,0.0,0.0,0,0.0,0.0,0,93865.00,0.00,0.00,59,14.21,0.82,0.00,3.7,4.998,4.998,4.998,4.998,80
2022-03-10 12:00:22,8.4,9.8,458,0.0,0.0,0,0.0,0.0,0,94323.00,0.00,0.00,72,14.25,1.00,0.00,3.2,4.998,4.998,4.998,4.998,7
2022-03-10 12:01:22,1.8,8.7,289,0.0,0.0,0,0.0,0.0,0,94612.00,0.00,0.00,94,14.17,1.30,0.00,3.2,4.998,4.998,4.998,4.998,222
2022-03-10 12:02:22,0.0,4.4,105,0.0,0.0,0,0.0,0.0,0,94717.00,0.00,0.00,54,14.17,0.76,0.00,3.7,4.998,4.998,4.998,4.998,102
2022-03-10 12:03:22,6.8,8.1,263,0.0,0.0,0,0.0,0.0,0,94980.00,0.00,0.00,64,14.17,0.89,0.00,4.1,4.998,4.998,4.998,4.998,87
2022-03-10 12:04:22,4.7,8.0,386,0.0,0.0,0,0.0,0.0,0,95366.00,0.00,0.00,17,14.17,0.24,0.00,4.6,4.998,4.998,4.998,4.998,206
2022-03-10 12:05:22,7.6,8.0,199,0.0,0.0,0,0.0,0.0,0,95565.00,0.00,0.00,63,14.17,0.88,0.00,4.6,4.998,4.998,4.998,4.998,28
2022-03-10 12:06:22,2.9,7.5,275,0.0,0.0,0,0.0,0.0,0,95840.00,0.00,0.00,59,14.17,0.83,0.00,4.1,4.998,4.998,4.998,4.998,120
2022-03-10 12:07:22,4.1,5.2,211,0.0,0.0,0,0.0,0.0,0,96051.00,0.00,0.00,51,14.17,0.71,0.00,5.1,4.998,4.998,4.998,4.998,206
2022-03-10 12:08:22,4.6,5.7,211,0.0,0.0,0,0.0,0.0,0,96262.00,0.00,0.00,359,14.14,4.99,0.00,5.1,4.998,4.998,4.998,4.998,146
2022-03-10 12:09:22,5.5,7.4,302,0.0,0.0,0,0.0,0.0,0,96564.00,0.00,0.00,14,14.17,0.20,0.00,5.6,4.998,4.998,4.998,4.998,237
2022-03-10 12:10:22,6.0,9.0,381,0.0,0.0,0,0.0,0.0,0,96945.00,0.00,0.00,0,14.14,0.00,0.00,4.6,4.998,4.998,4.998,4.998,153
2022-03-10 12:11:22,6.2,7.5,332,0.0,0.0,0,0.0,0.0,0,97277.00,0.00,0.00,45,14.17,0.62,0.00,4.6,4.998,4.998,4.998,4.998,100
2022-03-10 12:12:22,6.5,9.3,460,0.0,0.0,0,0.0,0.0,0,97737.00,0.00,0.00,2,14.14,0.03,0.00,4.6,4.998,4.998,4.998,4.998,42
2022-03-10 12:13:22,5.5,8.6,440,0.0,0.0,0,0.0,0.0,0,98177.00,0.00,0.00,29,14.21,0.41,0.00,4.6,4.998,4.998,4.998,4.998,52
2022-03-10 12:14:22,2.1,5.8,241,0.0,0.0,0,0.0,0.0,0,98418.00,0.00,0.00,30,14.17,0.41,0.00,4.1,4.998,4.998,4.998,4.998,244
2022-03-10 12:15:22,2.5,5.8,204,0.0,0.0,0,0.0,0.0,0,98622.00,0.00,0.00,43,14.17,0.61,0.00,5.1,4.998,4.998,4.998,4.998,172
2022-03-10 12:16:22,3.3,7.2,253,0.0,0.0,0,0.0,0.0,0,98875.00,0.00,0.00,22,14.10,0.30,0.00,4.6,4.998,4.998,4.998,4.998,246
2022-03-10 12:17:22,3.0,4.5,152,0.0,0.0,0,0.0,0.0,0,99027.00,0.00,0.00,0,14.14,0.00,0.00,5.6,4.998,4.998,4.998,4.998,221
2022-03-10 12:18:22,5.3,8.2,321,0.0,0.0,0,0.0,0.0,0,99348.00,0.00,0.00,36,14.10,0.50,0.00,5.1,4.998,4.998,4.998,4.998,186
2022-03-10 12:19:22,5.3,6.5,233,0.0,0.0,0,0.0,0.0,0,99581.00,0.00,0.00,41,14.10,0.57,0.00,5.1,4.998,4.998,4.998,4.998,129
2022-03-10 12:20:22,6.0,7.5,342,0.0,0.0,0,0.0,0.0,0,99923.00,0.00,0.00,24,14.10,0.33,0.00,5.6,4.998,4.998,4.998,4.998,134
2022-03-10 12:21:22,5.3,7.7,319,0.0,0.0,0,0.0,0.0,0,100242.00,0.00,0.00,71,14.10,0.99,0.00,5.1,4.998,4.998,4.998,4.998,153
2022-03-10 12:22:22,4.9,9.2,372,0.0,0.0,0,0.0,0.0,0,100614.00,0.00,0.00,10,14.10,0.14,0.00,5.1,4.998,4.998,4.998,4.998,61
2022-03-10 12:23:22,4.3,7.1,274,0.0,0.0,0,0.0,0.0,0,100888.00,0.00,0.00,6,14.21,0.09,0.00,5.6,4.998,4.998,4.998,4.998,195
2022-03-10 12:24:22,3.8,7.2,276,0.0,0.0,0,0.0,0.0,0,101164.00,0.00,0.00,0,14.10,0.00,0.00,5.6,4.998,4.998,4.998,4.998,157
2022-03-10 12:25:22,4.6,8.0,249,0.0,0.0,0,0.0,0.0,0,101413.00,0.00,0.00,348,14.10,4.84,0.00,5.1,4.998,4.998,4.998,4.998,188
2022-03-10 12:26:22,2.1,5.0,185,0.0,0.0,0,0.0,0.0,0,101598.00,0.00,0.00,357,14.14,4.97,0.00,4.6,4.998,4.998,4.998,4.998,253
2022-03-10 12:27:22,4.1,5.9,224,0.0,0.0,0,0.0,0.0,0,101822.00,0.00,0.00,269,14.10,3.74,0.00,5.1,4.998,4.998,4.998,4.998,240
2022-03-10 12:28:22,4.8,6.8,221,0.0,0.0,0,0.0,0.0,0,102043.00,0.00,0.00,34,14.10,0.47,0.00,5.6,4.998,4.998,4.998,4.998,75
2022-03-10 12:29:22,7.5,9.2,337,0.0,0.0,0,0.0,0.0,0,102380.00,0.00,0.00,21,14.10,0.29,0.00,5.1,4.998,4.998,4.998,4.998,76
2022-03-10 12:30:22,6.2,9.6,467,0.0,0.0,0,0.0,0.0,0,102847.00,0.00,0.00,359,14.10,4.99,0.00,5.6,4.998,4.998,4.998,4.998,205
2022-03-10 12:31:22,4.1,6.2,274,0.0,0.0,0,0.0,0.0,0,103121.00,0.00,0.00,3,14.10,0.04,0.00,5.6,4.998,4.998,4.998,4.998,53
2022-03-10 12:32:22,1.4,6.9,211,0.0,0.0,0,0.0,0.0,0,103332.00,0.00,0.00,346,14.10,4.80,0.00,5.6,4.998,4.998,4.998,4.998,168
2022-03-10 12:33:22,3.7,6.5,155,0.0,0.0,0,0.0,0.0,0,103487.00,0.00,0.00,329,14.17,4.57,0.00,5.6,4.998,4.998,4.998,4.998,252
2022-03-10 12:34:22,2.6,4.8,178,0.0,0.0,0,0.0,0.0,0,103665.00,0.00,0.00,315,14.10,4.37,0.00,5.1,4.998,4.998,4.998,4.998,215
2022-03-10 12:35:22,2.5,8.6,313,0.0,0.0,0,0.0,0.0,0,103978.00,0.00,0.00,322,14.10,4.48,0.00,5.1,4.998,4.998,4.998,4.998,29
2022-03-10 12:36:22,3.2,6.5,254,0.0,0.0,0,0.0,0.0,0,104232.00,0.00,0.00,17,14.10,0.24,0.00,5.6,4.998,4.998,4.998,4.998,97
2022-03-10 12:37:22,4.8,6.8,307,0.0,0.0,0,0.0,0.0,0,104539.00,0.00,0.00,27,14.14,0.38,0.00,5.6,4.998,4.998,4.998,4.998,161
2022-03-10 12:38:22,1.8,6.4,268,0.0,0.0,0,0.0,0.0,0,104807.00,0.00,0.00,358,14.10,4.98,0.00,5.6,4.998,4.998,4.998,4.998,176
2022-03-10 12:39:22,3.1,5.5,185,0.0,0.0,0,0.0,0.0,0,104992.00,0.00,0.00,316,14.14,4.39,0.00,5.6,4.998,4.998,4.998,4.998,79
2022-03-10 12:40:22,4.4,7.8,284,0.0,0.0,0,0.0,0.0,0,105276.00,0.00,0.00,330,14.14,4.58,0.00,5.6,4.998,4.998,4.998,4.998,63
2022-03-10 12:41:22,1.4,6.6,216,0.0,0.0,0,0.0,0.0,0,105492.00,0.00,0.00,298,14.10,4.14,0.00,5.6,4.998,4.998,4.998,4.998,212
2022-03-10 12:42:22,1.7,4.0,139,0.0,0.0,0,0.0,0.0,0,105631.00,0.00,0.00,329,14.06,4.58,0.00,6.6,4.998,4.998,4.998,4.998,243
2022-03-10 12:43:22,3.6,6.0,223,0.0,0.0,0,0.0,0.0,0,105854.00,0.00,0.00,357,14.06,4.97,0.00,7.1,4.998,4.998,4.998,4.998,150
2022-03-10 12:44:22,2.2,6.5,240,0.0,0.0,0,0.0,0.0,0,106094.00,0.00,0.00,14,14.02,0.20,0.00,7.1,4.998,4.998,4.998,4.998,239
2022-03-10 12:45:22,6.1,9.6,266,0.0,0.0,0,0.0,0.0,0,106360.00,0.00,0.00,2,14.02,0.02,0.00,6.6,4.998,4.998,4.998,4.998,46
2022-03-10 12:46:22,6.2,8.4,424,0.0,0.0,0,0.0,0.0,0,106784.00,0.00,0.00,24,14.02,0.33,0.00,6.6,4.998,4.998,4.998,4.998,2
2022-03-10 12:47:22,5.1,7.4,349,0.0,0.0,0,0.0,0.0,0,107133.00,0.00,0.00,32,14.06,0.44,0.00,5.1,4.998,4.998,4.998,4.998,9
2022-03-10 12:48:22,5.7,6.6,250,0.0,0.0,0,0.0,0.0,0,107383.00,0.00,0.00,0,14.02,0.00,0.00,5.1,4.998,4.998,4.998,4.998,51
2022-03-10 12:49:22,5.2,6.9,245,0.0,0.0,0,0.0,0.0,0,107628.00,0.00,0.00,0,14.06,0.00,0.00,5.6,4.998,4.998,4.998,4.998,41
2022-03-10 12:50:22,1.8,6.2,232,0.0,0.0,0,0.0,0.0,0,107860.00,0.00,0.00,327,14.02,4.54,0.00,5.1,4.998,4.998,4.998,4.998,236
2022-03-10 12:51:22,4.6,5.7,200,0.0,0.0,0,0.0,0.0,0,108060.00,0.00,0.00,23,14.10,0.32,0.00,5.1,4.998,4.998,4.998,4.998,173
2022-03-10 12:52:22,2.1,5.3,207,0.0,0.0,0,0.0,0.0,0,108267.00,0.00,0.00,1,14.02,0.01,0.00,5.6,4.998,4.998,4.998,4.998,38
2022-03-10 12:53:22,1.4,4.7,155,0.0,0.0,0,0.0,0.0,0,108422.00,0.00,0.00,1,14.06,0.01,0.00,6.1,4.998,4.998,4.998,4.998,102
2022-03-10 12:54:22,3.0,6.1,201,0.0,0.0,0,0.0,0.0,0,108623.00,0.00,0.00,346,14.10,4.80,0.00,5.6,4.998,4.998,4.998,4.998,198
2022-03-10 12:55:22,5.6,7.3,309,0.0,0.0,0,0.0,0.0,0,108932.00,0.00,0.00,24,14.02,0.34,0.00,5.6,4.998,4.998,4.998,4.998,69
2022-03-10 12:56:22,6.0,8.1,312,0.0,0.0,0,0.0,0.0,0,109244.00,0.00,0.00,4,14.06,0.06,0.00,6.1,4.998,4.998,4.998,4.998,1
2022-03-10 12:57:22,6.0,6.3,251,0.0,0.0,0,0.0,0.0,0,109495.00,0.00,0.00,5,14.02,0.08,0.00,6.6,4.998,4.998,4.998,4.998,86
2022-03-10 12:58:22,6.9,7.6,397,0.0,0.0,0,0.0,0.0,0,109892.00,0.00,0.00,11,14.10,0.15,0.00,5.6,4.998,4.998,4.998,4.998,244
2022-03-10 12:59:22,4.4,8.3,320,0.0,0.0,0,0.0,0.0,0,110212.00,0.00,0.00,359,14.06,4.99,0.00,5.6,4.998,4.998,4.998,4.998,128
2022-03-10 13:00:22,2.6,4.6,190,0.0,0.0,0,0.0,0.0,0,110402.00,0.00,0.00,351,14.02,4.88,0.00,6.1,4.998,4.998,4.998,4.998,146
2022-03-10 13:01:22,4.7,5.8,260,0.0,0.0,0,0.0,0.0,0,110662.00,0.00,0.00,359,14.02,4.99,0.00,5.1,4.998,4.998,4.998,4.998,227
2022-03-10 13:02:22,3.3,5.5,231,0.0,0.0,0,0.0,0.0,0,110893.00,0.00,0.00,359,14.06,4.99,0.00,5.6,4.998,4.998,4.998,4.998,93
2022-03-10 13:03:22,4.5,6.9,263,0.0,0.0,0,0.0,0.0,0,111156.00,0.00,0.00,72,14.02,1.00,0.00,5.6,4.998,4.998,4.998,4.998,130
2022-03-10 13:04:22,4.9,6.4,277,0.0,0.0,0,0.0,0.0,0,111433.00,0.00,0.00,96,14.02,1.34,0.00,5.6,4.998,4.998,4.998,4.998,87
2022-03-10 13:05:22,2.9,5.5,176,0.0,0.0,0,0.0,0.0,0,111609.00,0.00,0.00,107,14.06,1.49,0.00,5.6,4.998,4.998,4.998,4.998,166
2022-03-10 13:06:22,6.6,10.6,305,0.0,0.0,0,0.0,0.0,0,111914.00,0.00,0.00,25,14.06,0.35,0.00,5.6,4.998,4.998,4.998,4.998,121
2022-03-10 13:07:22,5.1,7.8,289,0.0,0.0,0,0.0,0.0,0,112203.00,0.00,0.00,1,14.06,0.02,0.00,6.1,4.998,4.998,4.998,4.998,171
2022-03-10 13:08:22,3.4,4.9,207,0.0,0.0,0,0.0,0.0,0,112410.00,0.00,0.00,359,14.06,4.99,0.00,5.6,4.998,4.998,4.998,4.998,181
2022-03-10 13:09:22,3.2,5.4,216,0.0,0.0,0,0.0,0.0,0,112626.00,0.00,0.00,21,14.06,0.29,0.00,6.1,4.998,4.998,4.998,4.998,113
2022-03-10 13:10:22,5.0,6.4,237,0.0,0.0,0,0.0,0.0,0,112863.00,0.00,0.00,12,14.06,0.17,0.00,6.1,4.998,4.998,4.998,4.998,239
2022-03-10 13:11:22,5.6,7.8,348,0.0,0.0,0,0.0,0.0,0,113211.00,0.00,0.00,341,14.06,4.74,0.00,5.6,4.998,4.998,4.998,4.998,231
2022-03-10 13:12:22,4.0,5.4,238,0.0,0.0,0,0.0,0.0,0,113449.00,0.00,0.00,36,14.06,0.50,0.00,6.1,4.998,4.998,4.998,4.998,2
2022-03-10 13:13:22,0.0,6.1,156,0.0,0.0,0,0.0,0.0,0,113605.00,0.00,0.00,14,14.02,0.20,0.00,6.1,4.998,4.998,4.998,4.998,183
2022-03-10 13:14:22,2.0,2.7,96,0.0,0.0,0,0.0,0.0,0,113701.00,0.00,0.00,14,14.02,0.20,0.00,6.1,4.998,4.998,4.998,4.998,207
2022-03-10 13:15:22,3.3,5.8,257,0.0,0.0,0,0.0,0.0,0,113958.00,0.00,0.00,11,14.02,0.16,0.00,5.6,4.998,4.998,4.998,4.998,112
2022-03-10 13:16:22,5.0,7.7,361,0.0,0.0,0,0.0,0.0,0,114319.00,0.00,0.00,24,14.06,0.34,0.00,5.6,4.998,4.998,4.998,4.998,205
2022-03-10 13:17:22,4.4,5.6,233,0.0,0.0,0,0.0,0.0,0,114552.00,0.00,0.00,38,14.02,0.53,0.00,5.1,4.998,4.998,4.998,4.998,235
2022-03-10 13:18:22,2.2,4.9,223,0.0,0.0,0,0.0,0.0,0,114775.00,0.00,0.00,71,14.06,0.99,0.00,4.6,4.998,4.998,4.998,4.998,94
2022-03-10 13:19:22,3.5,5.0,201,0.0,0.0,0,0.0,0.0,0,114976.00,0.00,0.00,8,14.06,0.11,0.00,5.1,4.998,4.998,4.998,4.998,52
2022-03-10 13:20:22,6.4,6.8,302,0.0,0.0,0,0.0,0.0,0,115278.00,0.00,0.00,355,14.06,4.93,0.00,4.6,4.998,4.998,4.998,4.998,28
2022-03-10 13:21:22,3.9,6.9,318,0.0,0.0,0,0.0,0.0,0,115596.00,0.00,0.00,28,14.06,0.39,0.00,4.6,4.998,4.998,4.998,4.998,1
2022-03-10 13:22:22,5.6,7.6,368,0.0,0.0,0,0.0,0.0,0,115964.00,0.00,0.00,36,14.06,0.51,0.00,4.1,4.998,4.998,4.998,4.998,190
2022-03-10 13:23:22,4.4,6.1,287,0.0,0.0,0,0.0,0.0,0,116251.00,0.00,0.00,36,14.06,0.50,0.00,4.1,4.998,4.998,4.998,4.998,200
2022-03-10 13:24:22,1.8,5.1,152,0.0,0.0,0,0.0,0.0,0,116403.00,0.00,0.00,33,14.10,0.45,0.00,4.6,4.998,4.998,4.998,4.998,41
2022-03-10 13:25:22,4.2,5.3,157,0.0,0.0,0,0.0,0.0,0,116560.00,0.00,0.00,18,14.06,0.26,0.00,5.1,4.998,4.998,4.998,4.998,230
2022-03-10 13:26:22,4.5,5.6,245,0.0,0.0,0,0.0,0.0,0,116805.00,0.00,0.00,41,14.02,0.57,0.00,4.6,4.998,4.998,4.998,4.998,116
2022-03-10 13:27:22,3.9,6.6,241,0.0,0.0,0,0.0,0.0,0,117046.00,0.00,0.00,53,14.10,0.73,0.00,4.6,4.998,4.998,4.998,4.998,96
2022-03-10 13:28:22,6.6,6.8,256,0.0,0.0,0,0.0,0.0,0,117302.00,0.00,0.00,40,14.10,0.55,0.00,4.6,4.998,4.998,4.998,4.998,38
2022-03-10 13:29:22,7.2,7.9,375,0.0,0.0,0,0.0,0.0,0,117677.00,0.00,0.00,48,14.10,0.67,0.00,4.6,4.998,4.998,4.998,4.998,4
2022-03-10 13:30:22,7.3,9.3,484,0.0,0.0,0,0.0,0.0,0,118161.00,0.00,0.00,75,14.10,1.04,0.00,4.1,4.998,4.998,4.998,4.998,253
2022-03-10 13:31:22,6.9,7.3,296,0.0,0.0,0,0.0,0.0,0,118457.00,0.00,0.00,55,14.14,0.77,0.00,4.1,4.998,4.998,4.998,4.998,101
2022-03-10 13:32:22,5.2,7.1,319,0.0,0.0,0,0.0,0.0,0,118776.00,0.00,0.00,29,14.10,0.40,0.00,3.7,4.998,4.998,4.998,4.998,135
2022-03-10 13:33:22,0.0,5.5,129,0.0,0.0,0,0.0,0.0,0,118905.00,0.00,0.00,29,14.14,0.40,0.00,4.6,4.998,4.998,4.998,4.998,235
2022-03-10 13:34:22,0.0,0.0,0,0.0,0.0,0,0.0,0.0,0,118905.00,0.00,0.00,29,14.10,0.40,0.00,5.1,4.998,4.998,4.998,4.998,159
2022-03-10 13:35:22,0.0,0.0,3,0.0,0.0,0,0.0,0.0,0,118908.00,0.00,0.00,29,14.10,0.40,0.00,5.6,4.998,4.998,4.998,4.998,236
2022-03-10 13:36:22,5.5,6.1,198,0.0,0.0,0,0.0,0.0,0,119106.00,0.00,0.00,2,14.14,0.03,0.00,5.6,4.998,4.998,4.998,4.998,138
2022-03-10 13:37:22,6.7,9.1,396,0.0,0.0,0,0.0,0.0,0,119502.00,0.00,0.00,43,14.10,0.60,0.00,5.1,4.998,4.998,4.998,4.998,62
2022-03-10 13:38:22,6.8,7.2,347,0.0,0.0,0,0.0,0.0,0,119849.00,0.00,0.00,28,14.10,0.40,0.00,4.6,4.998,4.998,4.998,4.998,37
2022-03-10 13:39:22,4.8,7.9,398,0.0,0.0,0,0.0,0.0,0,120247.00,0.00,0.00,30,14.14,0.42,0.00,5.1,4.998,4.998,4.998,4.998,216
2022-03-10 13:40:22,4.0,7.7,307,0.0,0.0,0,0.0,0.0,0,120554.00,0.00,0.00,62,14.10,0.87,0.00,4.6,4.998,4.998,4.998,4.998,181
2022-03-10 13:41:22,4.9,6.4,273,0.0,0.0,0,0.0,0.0,0,120827.00,0.00,0.00,27,14.10,0.37,0.00,5.1,4.998,4.998,4.998,4.998,225
2022-03-10 13:42:22,5.0,7.1,326,0.0,0.0,0,0.0,0.0,0,121153.00,0.00,0.00,1,14.10,0.01,0.00,4.6,4.998,4.998,4.998,4.998,182
2022-03-10 13:43:22,4.4,6.6,290,0.0,0.0,0,0.0,0.0,0,121443.00,0.00,0.00,0,14.10,0.00,0.00,5.1,4.998,4.998,4.998,4.998,251
2022-03-10 13:44:22,5.6,8.3,359,0.0,0.0,0,0.0,0.0,0,121802.00,0.00,0.00,19,14.10,0.26,0.00,5.1,4.998,4.998,4.998,4.998,178
2022-03-10 13:45:22,6.5,6.5,301,0.0,0.0,0,0.0,0.0,0,122103.00,0.00,0.00,35,14.10,0.49,0.00,5.1,4.998,4.998,4.998,4.998,205
2022-03-10 13:46:22,6.2,7.9,389,0.0,0.0,0,0.0,0.0,0,122492.00,0.00,0.00,16,14.14,0.22,0.00,5.1,4.998,4.998,4.998,4.998,229
2022-03-10 13:47:22,5.1,6.9,336,0.0,0.0,0,0.0,0.0,0,122828.00,0.00,0.00,24,14.14,0.34,0.00,4.6,4.998,4.998,4.998,4.998,137
2022-03-10 13:48:22,4.8,7.7,355,0.0,0.0,0,0.0,0.0,0,123183.00,0.00,0.00,10,14.10,0.15,0.00,5.1,4.998,4.998,4.998,4.998,189
2022-03-10 13:49:22,4.6,6.2,277,0.0,0.0,0,0.0,0.0,0,123460.00,0.00,0.00,36,14.10,0.50,0.00,4.6,4.998,4.998,4.998,4.998,97
2022-03-10 13:50:22,8.0,8.5,394,0.0,0.0,0,0.0,0.0,0,123854.00,0.00,0.00,17,14.10,0.24,0.00,5.1,4.998,4.998,4.998,4.998,208
2022-03-10 13:51:22,4.2,8.2,379,0.0,0.0,0,0.0,0.0,0,124233.00,0.00,0.00,14,14.10,0.20,0.00,5.1,4.998,4.998,4.998,4.998,146
2022-03-10 13:52:22,5.6,8.8,349,0.0,0.0,0,0.0,0.0,0,124582.00,0.00,0.00,13,14.10,0.19,0.00,5.1,4.998,4.998,4.998,4.998,104
2022-03-10 13:53:22,6.4,8.5,413,0.0,0.0,0,0.0,0.0,0,124995.00,0.00,0.00,14,14.14,0.20,0.00,4.6,4.998,4.998,4.998,4.998,239
2022-03-10 13:54:22,6.6,8.3,396,0.0,0.0,0,0.0,0.0,0,125391.00,0.00,0.00,10,14.14,0.14,0.00,4.6,4.998,4.998,4.998,4.998,239
2022-03-10 13:55:22,6.3,7.7,393,0.0,0.0,0,0.0,0.0,0,125784.00,0.00,0.00,350,14.10,4.86,0.00,4.6,4.998,4.998,4.998,4.998,164
2022-03-10 13:56:22,5.1,7.6,325,0.0,0.0,0,0.0,0.0,0,126109.00,0.00,0.00,20,14.10,0.28,0.00,4.6,4.998,4.998,4.998,4.998,133
2022-03-10 13:57:22,6.3,7.7,375,0.0,0.0,0,0.0,0.0,0,126484.00,0.00,0.00,23,14.14,0.32,0.00,5.1,4.998,4.998,4.998,4.998,215
2022-03-10 13:58:22,4.3,7.2,360,0.0,0.0,0,0.0,0.0,0,126844.00,0.00,0.00,18,14.10,0.25,0.00,4.6,4.998,4.998,4.998,4.998,46
2022-03-10 13:59:22,6.4,8.5,383,0.0,0.0,0,0.0,0.0,0,127227.00,0.00,0.00,17,14.10,0.24,0.00,4.6,4.998,4.998,4.998,4.998,233
2022-03-10 14:00:22,4.1,7.1,298,0.0,0.0,0,0.0,0.0,0,127525.00,0.00,0.00,15,14.10,0.21,0.00,5.1,4.998,4.998,4.998,4.998,36
2022-03-10 14:01:22,4.6,5.2,241,0.0,0.0,0,0.0,0.0,0,127766.00,0.00,0.00,18,14.14,0.26,0.00,5.1,4.998,4.998,4.998,4.998,194
2022-03-10 14:02:22,3.3,5.2,213,0.0,0.0,0,0.0,0.0,0,127979.00,0.00,0.00,11,14.14,0.16,0.00,5.1,4.998,4.998,4.998,4.998,76
2022-03-10 14:03:22,3.1,4.5,182,0.0,0.0,0,0.0,0.0,0,128161.00,0.00,0.00,342,14.14,4.76,0.00,5.6,4.998,4.998,4.998,4.998,117
2022-03-10 14:04:22,4.3,5.6,262,0.0,0.0,0,0.0,0.0,0,128423.00,0.00,0.00,5,14.10,0.08,0.00,5.6,4.998,4.998,4.998,4.998,51
2022-03-10 14:05:22,6.3,7.5,325,0.0,0.0,0,0.0,0.0,0,128748.00,0.00,0.00,350,14.14,4.87,0.00,5.1,4.998,4.998,4.998,4.998,220
2022-03-10 14:06:22,3.4,7.5,309,0.0,0.0,0,0.0,0.0,0,129057.00,0.00,0.00,359,14.10,4.99,0.00,4.6,4.998,4.998,4.998,4.998,28
2022-03-10 14:07:22,4.6,4.8,183,0.0,0.0,0,0.0,0.0,0,129240.00,0.00,0.00,5,14.14,0.08,0.00,4.6,4.998,4.998,4.998,4.998,193
2022-03-10 14:08:22,3.7,7.5,352,0.0,0.0,0,0.0,0.0,0,129592.00,0.00,0.00,354,14.10,4.92,0.00,4.6,4.998,4.998,4.998,4.998,112
2022-03-10 14:09:22,4.7,7.8,300,0.0,0.0,0,0.0,0.0,0,129892.00,0.00,0.00,356,14.10,4.94,0.00,4.6,4.998,4.998,4.998,4.998,206
2022-03-10 14:10:22,5.3,7.9,366,0.0,0.0,0,0.0,0.0,0,130258.00,0.00,0.00,3,14.10,0.04,0.00,4.6,4.998,4.998,4.998,4.998,174
2022-03-10 14:11:22,3.2,6.8,264,0.0,0.0,0,0.0,0.0,0,130522.00,0.00,0.00,349,14.14,4.85,0.00,4.6,4.998,4.998,4.998,4.998,141
2022-03-10 14:12:22,5.3,5.4,164,0.0,0.0,0,0.0,0.0,0,130686.00,0.00,0.00,350,14.14,4.86,0.00,5.1,4.998,4.998,4.998,4.998,2
2022-03-10 14:13:22,5.7,5.9,270,0.0,0.0,0,0.0,0.0,0,130956.00,0.00,0.00,3,14.14,0.05,0.00,5.1,4.998,4.998,4.998,4.998,174
2022-03-10 14:14:22,5.0,7.2,353,0.0,0.0,0,0.0,0.0,0,131309.00,0.00,0.00,10,14.10,0.14,0.00,4.6,4.998,4.998,4.998,4.998,226
2022-03-10 14:15:22,6.4,8.3,366,0.0,0.0,0,0.0,0.0,0,131675.00,0.00,0.00,356,14.10,4.94,0.00,4.1,4.998,4.998,4.998,4.998,45
2022-03-10 14:16:22,6.0,7.7,364,0.0,0.0,0,0.0,0.0,0,132039.00,0.00,0.00,347,14.14,4.82,0.00,4.6,4.998,4.998,4.998,4.998,44
2022-03-10 14:17:22,5.8,6.2,282,0.0,0.0,0,0.0,0.0,0,132321.00,0.00,0.00,37,14.14,0.51,0.00,4.6,4.998,4.998,4.998,4.998,194
2022-03-10 14:18:22,3.7,7.5,349,0.0,0.0,0,0.0,0.0,0,132670.00,0.00,0.00,49,14.17,0.68,0.00,4.1,4.998,4.998,4.998,4.998,7
2022-03-10 14:19:22,7.2,7.8,330,0.0,0.0,0,0.0,0.0,0,133000.00,0.00,0.00,27,14.14,0.38,0.00,4.6,4.998,4.998,4.998,4.998,138
2022-03-10 14:20:22,4.4,7.6,325,0.0,0.0,0,0.0,0.0,0,133325.00,0.00,0.00,15,14.14,0.21,0.00,4.6,4.998,4.998,4.998,4.998,139
2022-03-10 14:21:22,7.1,7.5,326,0.0,0.0,0,0.0,0.0,0,133651.00,0.00,0.00,18,14.14,0.25,0.00,5.1,4.998,4.998,4.998,4.998,158
2022-03-10 14:22:22,4.8,7.5,386,0.0,0.0,0,0.0,0.0,0,134037.00,0.00,0.00,21,14.14,0.29,0.00,4.6,4.998,4.998,4.998,4.998,113
2022-03-10 14:23:22,5.0,6.4,265,0.0,0.0,0,0.0,0.0,0,134302.00,0.00,0.00,33,14.14,0.46,0.00,4.6,4.998,4.998,4.998,4.998,91
2022-03-10 14:24:22,7.7,8.8,335,0.0,0.0,0,0.0,0.0,0,134637.00,0.00,0.00,27,14.17,0.38,0.00,4.6,4.998,4.998,4.998,4.998,209
2022-03-10 14:25:22,5.8,8.9,424,0.0,0.0,0,0.0,0.0,0,135061.00,0.00,0.00,25,14.14,0.35,0.00,4.6,4.998,4.998,4.998,4.998,200
2022-03-10 14:26:22,5.4,6.3,320,0.0,0.0,0,0.0,0.0,0,135381.00,0.00,0.00,41,14.14,0.57,0.00,4.1,4.998,4.998,4.998,4.998,108
2022-03-10 14:27:22,7.3,9.9,406,0.0,0.0,0,0.0,0.0,0,135787.00,0.00,0.00,18,14.14,0.26,0.00,4.6,4.998,4.998,4.998,4.998,100
2022-03-10 14:28:22,5.9,7.9,332,0.0,0.0,0,0.0,0.0,0,136119.00,0.00,0.00,36,14.17,0.51,0.00,4.6,4.998,4.998,4.998,4.998,222
2022-03-10 14:29:22,8.8,9.5,450,0.0,0.0,0,0.0,0.0,0,136569.00,0.00,0.00,45,14.14,0.62,0.00,4.1,4.998,4.998,4.998,4.998,172
2022-03-10 14:30:22,5.7,8.9,374,0.0,0.0,0,0.0,0.0,0,136943.00,0.00,0.00,16,14.14,0.22,0.00,4.1,4.998,4.998,4.998,4.998,153
2022-03-10 14:31:22,4.2,6.3,282,0.0,0.0,0,0.0,0.0,0,137225.00,0.00,0.00,24,14.14,0.34,0.00,4.6,4.998,4.998,4.998,4.998,248
2022-03-10 14:32:22,3.9,5.0,235,0.0,0.0,0,0.0,0.0,0,137460.00,0.00,0.00,10,14.17,0.15,0.00,4.6,4.998,4.998,4.998,4.998,47
2022-03-10 14:33:22,7.1,8.7,355,0.0,0.0,0,0.0,0.0,0,137815.00,0.00,0.00,46,14.17,0.63,0.00,4.1,4.998,4.998,4.998,4.998,63
2022-03-10 14:34:22,4.6,7.9,379,0.0,0.0,0,0.0,0.0,0,138194.00,0.00,0.00,49,14.14,0.68,0.00,4.1,4.998,4.998,4.998,4.998,253
2022-03-10 14:35:22,5.5,7.8,310,0.0,0.0,0,0.0,0.0,0,138504.00,0.00,0.00,36,14.14,0.50,0.00,4.1,4.998,4.998,4.998,4.998,91
2022-03-10 14:36:22,6.1,8.4,429,0.0,0.0,0,0.0,0.0,0,138933.00,0.00,0.00,34,14.17,0.48,0.00,4.1,4.998,4.998,4.998,4.998,230
2022-03-10 14:37:22,6.5,8.0,392,0.0,0.0,0,0.0,0.0,0,139325.00,0.00,0.00,24,14.17,0.34,0.00,4.1,4.998,4.998,4.998,4.998,94
2022-03-10 14:38:22,4.9,7.4,357,0.0,0.0,0,0.0,0.0,0,139682.00,0.00,0.00,29,14.14,0.41,0.00,4.1,4.998,4.998,4.998,4.998,57
2022-03-10 14:39:22,6.1,8.3,376,0.0,0.0,0,0.0,0.0,0,140058.00,0.00,0.00,45,14.17,0.62,0.00,4.1,4.998,4.998,4.998,4.998,214
2022-03-10 14:40:22,6.9,8.5,382,0.0,0.0,0,0.0,0.0,0,140440.00,0.00,0.00,27,14.14,0.38,0.00,4.1,4.998,4.998,4.998,4.998,231
2022-03-10 14:41:22,5.4,7.6,358,0.0,0.0,0,0.0,0.0,0,140798.00,0.00,0.00,28,14.17,0.40,0.00,4.1,4.998,4.998,4.998,4.998,35
2022-03-10 14:42:22,5.8,6.6,285,0.0,0.0,0,0.0,0.0,0,141083.00,0.00,0.00,50,14.14,0.70,0.00,4.6,4.998,4.998,4.998,4.998,86
2022-03-10 14:43:22,5.7,6.9,351,0.0,0.0,0,0.0,0.0,0,141434.00,0.00,0.00,47,14.14,0.65,0.00,4.1,4.998,4.998,4.998,4.998,107
2022-03-10 14:44:22,5.2,6.1,315,0.0,0.0,0,0.0,0.0,0,141749.00,0.00,0.00,56,14.14,0.78,0.00,4.1,4.998,4.998,4.998,4.998,158
2022-03-10 14:45:22,4.1,6.3,301,0.0,0.0,0,0.0,0.0,0,142050.00,0.00,0.00,37,14.17,0.52,0.00,4.1,4.998,4.998,4.998,4.998,53
2022-03-10 14:46:22,5.1,8.1,392,0.0,0.0,0,0.0,0.0,0,142442.00,0.00,0.00,352,14.17,4.89,0.00,4.6,4.998,4.998,4.998,4.998,249
2022-03-10 14:47:22,5.5,7.5,292,0.0,0.0,0,0.0,0.0,0,142734.00,0.00,0.00,3,14.14,0.04,0.00,4.6,4.998,4.998,4.998,4.998,118
2022-03-10 14:48:22,3.3,6.6,287,0.0,0.0,0,0.0,0.0,0,143021.00,0.00,0.00,0,14.17,0.00,0.00,4.1,4.998,4.998,4.998,4.998,102
2022-03-10 14:49:22,6.0,7.2,255,0.0,0.0,0,0.0,0.0,0,143276.00,0.00,0.00,18,14.17,0.25,0.00,5.1,4.998,4.998,4.998,4.998,19
2022-03-10 14:50:22,6.9,7.2,304,0.0,0.0,0,0.0,0.0,0,143580.00,0.00,0.00,22,14.14,0.31,0.00,4.6,4.998,4.998,4.998,4.998,14
2022-03-10 14:51:22,3.9,9.2,385,0.0,0.0,0,0.0,0.0,0,143965.00,0.00,0.00,51,14.17,0.71,0.00,4.6,4.998,4.998,4.998,4.998,249
2022-03-10 14:52:22,4.9,6.8,284,0.0,0.0,0,0.0,0.0,0,144249.00,0.00,0.00,27,14.17,0.38,0.00,4.6,4.998,4.998,4.998,4.998,184
2022-03-10 14:53:22,3.1,5.5,255,0.0,0.0,0,0.0,0.0,0,144504.00,0.00,0.00,52,14.17,0.72,0.00,4.6,4.998,4.998,4.998,4.998,2
2022-03-10 14:54:22,4.4,6.7,246,0.0,0.0,0,0.0,0.0,0,144750.00,0.00,0.00,3,14.17,0.05,0.00,5.1,4.998,4.998,4.998,4.998,139
2022-03-10 14:55:22,5.9,7.6,358,0.0,0.0,0,0.0,0.0,0,145108.00,0.00,0.00,21,14.17,0.29,0.00,4.6,4.998,4.998,4.998,4.998,19
2022-03-10 14:56:22,4.6,6.4,282,0.0,0.0,0,0.0,0.0,0,145390.00,0.00,0.00,3,14.17,0.04,0.00,4.1,4.998,4.998,4.998,4.998,151
2022-03-10 14:57:22,4.8,8.4,350,0.0,0.0,0,0.0,0.0,0,145740.00,0.00,0.00,17,14.17,0.23,0.00,4.1,4.998,4.998,4.998,4.998,188
2022-03-10 14:58:22,7.0,7.9,404,0.0,0.0,0,0.0,0.0,0,146144.00,0.00,0.00,10,14.17,0.14,0.00,4.6,4.998,4.998,4.998,4.998,205
2022-03-10 14:59:22,6.6,8.6,437,0.0,0.0,0,0.0,0.0,0,146581.00,0.00,0.00,23,14.17,0.33,0.00,4.1,4.998,4.998,4.998,4.998,87
2022-03-10 15:00:22,4.6,10.2,431,0.0,0.0,0,0.0,0.0,0,147012.00,0.00,0.00,25,14.17,0.35,0.00,4.6,4.998,4.998,4.998,4.998,136
2022-03-10 15:01:22,7.5,10.5,453,0.0,0.0,0,0.0,0.0,0,147465.00,0.00,0.00,15,14.17,0.20,0.00,4.1,4.998,4.998,4.998,4.998,111
2022-03-10 15:02:22,7.2,9.7,452,0.0,0.0,0,0.0,0.0,0,147917.00,0.00,0.00,37,14.17,0.52,0.00,4.1,4.998,4.998,4.998,4.998,186
2022-03-10 15:03:22,5.7,9.6,409,0.0,0.0,0,0.0,0.0,0,148326.00,0.00,0.00,56,14.17,0.78,0.00,3.7,4.998,4.998,4.998,4.998,38
2022-03-10 15:04:22,6.0,8.5,328,0.0,0.0,0,0.0,0.0,0,148654.00,0.00,0.00,1,14.17,0.01,0.00,4.1,4.998,4.998,4.998,4.998,163
2022-03-10 15:05:22,7.4,9.2,426,0.0,0.0,0,0.0,0.0,0,149080.00,0.00,0.00,20,14.17,0.28,0.00,4.1,4.998,4.998,4.998,4.998,199
2022-03-10 15:06:22,7.6,8.3,382,0.0,0.0,0,0.0,0.0,0,149462.00,0.00,0.00,15,14.17,0.21,0.00,4.1,4.998,4.998,4.998,4.998,157
2022-03-10 15:07:22,7.6,8.7,396,0.0,0.0,0,0.0,0.0,0,149858.00,0.00,0.00,24,14.17,0.33,0.00,4.1,4.998,4.998,4.998,4.998,136
2022-03-10 15:08:22,4.7,9.4,454,0.0,0.0,0,0.0,0.0,0,150312.00,0.00,0.00,33,14.14,0.46,0.00,4.1,4.998,4.998,4.998,4.998,237
2022-03-10 15:09:22,8.6,9.0,423,0.0,0.0,0,0.0,0.0,0,150735.00,0.00,0.00,24,14.14,0.34,0.00,4.1,4.998,4.998,4.998,4.998,222
2022-03-10 15:10:22,5.9,8.5,437,0.0,0.0,0,0.0,0.0,0,151172.00,0.00,0.00,22,14.17,0.31,0.00,4.1,4.998,4.998,4.998,4.998,66
2022-03-10 15:11:22,5.9,9.0,405,0.0,0.0,0,0.0,0.0,0,151577.00,0.00,0.00,15,14.17,0.20,0.00,4.1,4.998,4.998,4.998,4.998,76
2022-03-10 15:12:22,7.8,8.6,389,0.0,0.0,0,0.0,0.0,0,151966.00,0.00,0.00,22,14.17,0.31,0.00,4.1,4.998,4.998,4.998,4.998,248
2022-03-10 15:13:22,6.5,8.5,378,0.0,0.0,0,0.0,0.0,0,152344.00,0.00,0.00,46,14.17,0.63,0.00,4.1,4.998,4.998,4.998,4.998,127
2022-03-10 15:14:22,4.3,6.8,329,0.0,0.0,0,0.0,0.0,0,152673.00,0.00,0.00,16,14.17,0.23,0.00,4.1,4.998,4.998,4.998,4.998,184
2022-03-10 15:15:22,6.7,6.8,316,0.0,0.0,0,0.0,0.0,0,152989.00,0.00,0.00,40,14.17,0.56,0.00,4.6,4.998,4.998,4.998,4.998,239
2022-03-10 15:16:22,6.1,9.3,401,0.0,0.0,0,0.0,0.0,0,153390.00,0.00,0.00,26,14.14,0.36,0.00,4.6,4.998,4.998,4.998,4.998,152
2022-03-10 15:17:22,6.7,7.5,307,0.0,0.0,0,0.0,0.0,0,153697.00,0.00,0.00,26,14.14,0.36,0.00,4.6,4.998,4.998,4.998,4.998,223
2022-03-10 15:18:22,5.2,7.9,327,0.0,0.0,0,0.0,0.0,0,154024.00,0.00,0.00,45,14.17,0.62,0.00,4.1,4.998,4.998,4.998,4.998,65
2022-03-10 15:19:22,5.2,6.4,273,0.0,0.0,0,0.0,0.0,0,154297.00,0.00,0.00,359,14.17,4.99,0.00,5.1,4.998,4.998,4.998,4.998,152
2022-03-10 15:20:22,6.3,8.0,323,0.0,0.0,0,0.0,0.0,0,154620.00,0.00,0.00,61,14.17,0.85,0.00,4.6,4.998,4.998,4.998,4.998,8
2022-03-10 15:21:22,5.8,8.3,356,0.0,0.0,0,0.0,0.0,0,154976.00,0.00,0.00,9,14.17,0.12,0.00,4.1,4.998,4.998,4.998,4.998,56
2022-03-10 15:22:22,5.5,7.3,303,0.0,0.0,0,0.0,0.0,0,155279.00,0.00,0.00,15,14.17,0.20,0.00,4.6,4.998,4.998,4.998,4.998,25
2022-03-10 15:23:22,6.1,8.6,343,0.0,0.0,0,0.0,0.0,0,155622.00,0.00,0.00,21,14.21,0.29,0.00,4.6,4.998,4.998,4.998,4.998,121
2022-03-10 15:24:22,5.9,7.6,317,0.0,0.0,0,0.0,0.0,0,155939.00,0.00,0.00,37,14.17,0.51,0.00,4.6,4.998,4.998,4.998,4.998,161
2022-03-10 15:25:22,3.8,7.0,279,0.0,0.0,0,0.0,0.0,0,156218.00,0.00,0.00,16,14.17,0.23,0.00,4.6,4.998,4.998,4.998,4.998,9
2022-03-10 15:26:22,5.2,7.3,330,0.0,0.0,0,0.0,0.0,0,156548.00,0.00,0.00,13,14.17,0.18,0.00,5.1,4.998,4.998,4.998,4.998,45
2022-03-10 15:27:22,5.2,6.3,308,0.0,0.0,0,0.0,0.0,0,156856.00,0.00,0.00,22,14.14,0.31,0.00,4.6,4.998,4.998,4.998,4.998,71
2022-03-10 15:28:22,4.5,6.2,266,0.0,0.0,0,0.0,0.0,0,157122.00,0.00,0.00,11,14.17,0.16,0.00,5.1,4.998,4.998,4.998,4.998,80
2022-03-10 15:29:22,10.0,10.3,355,0.0,0.0,0,0.0,0.0,0,157477.00,0.00,0.00,27,14.17,0.38,0.00,4.6,4.998,4.998,4.998,4.998,198
2022-03-10 15:30:22,5.8,11.0,391,0.0,0.0,0,0.0,0.0,0,157868.00,0.00,0.00,11,14.17,0.16,0.00,4.6,4.998,4.998,4.998,4.998,66
2022-03-10 15:31:22,5.2,7.7,342,0.0,0.0,0,0.0,0.0,0,158210.00,0.00,0.00,26,14.17,0.36,0.00,5.1,4.998,4.998,4.998,4.998,231
2022-03-10 15:32:22,6.3,8.2,374,0.0,0.0,0,0.0,0.0,0,158584.00,0.00,0.00,20,14.17,0.27,0.00,4.6,4.998,4.998,4.998,4.998,131
2022-03-10 15:33:22,5.6,11.2,490,0.0,0.0,0,0.0,0.0,0,159074.00,0.00,0.00,352,14.21,4.89,0.00,4.6,4.998,4.998,4.998,4.998,224
2022-03-10 15:34:22,6.4,10.2,448,0.0,0.0,0,0.0,0.0,0,159522.00,0.00,0.00,2,14.17,0.03,0.00,4.6,4.998,4.998,4.998,4.998,80
2022-03-10 15:35:22,4.6,12.1,496,0.0,0.0,0,0.0,0.0,0,160018.00,0.00,0.00,28,14.17,0.39,0.00,4.6,4.998,4.998,4.998,4.998,152
2022-03-10 15:36:22,6.4,9.9,453,0.0,0.0,0,0.0,0.0,0,160471.00,0.00,0.00,27,14.17,0.38,0.00,4.1,4.998,4.998,4.998,4.998,143
2022-03-10 15:37:22,8.2,10.3,459,0.0,0.0,0,0.0,0.0,0,160930.00,0.00,0.00,9,14.17,0.13,0.00,4.6,4.998,4.998,4.998,4.998,24
2022-03-10 15:38:22,5.5,9.7,425,0.0,0.0,0,0.0,0.0,0,161355.00,0.00,0.00,42,14.17,0.59,0.00,4.6,4.998,4.998,4.998,4.998,22
2022-03-10 15:39:22,7.2,8.6,393,0.0,0.0,0,0.0,0.0,0,161748.00,0.00,0.00,51,14.17,0.71,0.00,4.6,4.998,4.998,4.998,4.998,232
2022-03-10 15:40:22,5.3,7.8,401,0.0,0.0,0,0.0,0.0,0,162149.00,0.00,0.00,37,14.14,0.52,0.00,4.1,4.998,4.998,4.998,4.998,220
2022-03-10 15:41:22,4.6,7.3,344,0.0,0.0,0,0.0,0.0,0,162493.00,0.00,0.00,49,14.17,0.68,0.00,4.6,4.998,4.998,4.998,4.998,177
2022-03-10 15:42:22,6.4,6.6,302,0.0,0.0,0,0.0,0.0,0,162795.00,0.00,0.00,13,14.17,0.18,0.00,4.6,4.998,4.998,4.998,4.998,179
2022-03-10 15:43:22,7.0,8.0,279,0.0,0.0,0,0.0,0.0,0,163074.00,0.00,0.00,34,14.17,0.47,0.00,5.1,4.998,4.998,4.998,4.998,45
2022-03-10 15:44:22,5.7,8.0,330,0.0,0.0,0,0.0,0.0,0,163404.00,0.00,0.00,40,14.17,0.55,0.00,4.6,4.998,4.998,4.998,4.998,223
2022-03-10 15:45:22,2.7,7.0,270,0.0,0.0,0,0.0,0.0,0,163674.00,0.00,0.00,52,14.17,0.72,0.00,4.1,4.998,4.998,4.998,4.998,202
2022-03-10 15:46:22,4.6,7.7,309,0.0,0.0,0,0.0,0.0,0,163983.00,0.00,0.00,31,14.17,0.44,0.00,4.1,4.998,4.998,4.998,4.998,133
2022-03-10 15:47:22,4.3,6.6,265,0.0,0.0,0,0.0,0.0,0,164248.00,0.00,0.00,26,14.17,0.36,0.00,4.6,4.998,4.998,4.998,4.998,200
2022-03-10 15:48:22,7.0,8.0,376,0.0,0.0,0,0.0,0.0,0,164624.00,0.00,0.00,26,14.17,0.36,0.00,4.6,4.998,4.998,4.998,4.998,194
2022-03-10 15:49:22,5.8,7.8,383,0.0,0.0,0,0.0,0.0,0,165007.00,0.00,0.00,18,14.17,0.26,0.00,4.6,4.998,4.998,4.998,4.998,229
2022-03-10 15:50:22,6.1,11.0,477,0.0,0.0,0,0.0,0.0,0,165484.00,0.00,0.00,40,14.17,0.56,0.00,4.6,4.998,4.998,4.998,4.998,120
2022-03-10 15:51:22,5.7,7.1,333,0.0,0.0,0,0.0,0.0,0,165817.00,0.00,0.00,44,14.17,0.62,0.00,4.1,4.998,4.998,4.998,4.998,62
2022-03-10 15:52:22,5.7,6.7,332,0.0,0.0,0,0.0,0.0,0,166149.00,0.00,0.00,29,14.17,0.41,0.00,4.6,4.998,4.998,4.998,4.998,236
2022-03-10 15:53:22,6.7,9.0,405,0.0,0.0,0,0.0,0.0,0,166554.00,0.00,0.00,36,14.17,0.50,0.00,4.6,4.998,4.998,4.998,4.998,109
2022-03-10 15:54:22,7.4,10.4,406,0.0,0.0,0,0.0,0.0,0,166960.00,0.00,0.00,31,14.21,0.44,0.00,4.6,4.998,4.998,4.998,4.998,186
2022-03-10 15:55:22,6.3,8.5,416,0.0,0.0,0,0.0,0.0,0,167376.00,0.00,0.00,22,14.17,0.31,0.00,4.1,4.998,4.998,4.998,4.998,167
2022-03-10 15:56:22,7.9,8.4,392,0.0,0.0,0,0.0,0.0,0,167768.00,0.00,0.00,16,14.17,0.22,0.00,4.1,4.998,4.998,4.998,4.998,167
2022-03-10 15:57:22,8.3,8.8,405,0.0,0.0,0,0.0,0.0,0,168173.00,0.00,0.00,6,14.17,0.08,0.00,4.6,4.998,4.998,4.998,4.998,145
2022-03-10 15:58:22,7.0,8.6,414,0.0,0.0,0,0.0,0.0,0,168587.00,0.00,0.00,7,14.14,0.09,0.00,4.1,4.998,4.998,4.998,4.998,133
2022-03-10 15:59:22,8.6,8.9,435,0.0,0.0,0,0.0,0.0,0,169022.00,0.00,0.00,19,14.17,0.26,0.00,4.1,4.998,4.998,4.998,4.998,159
2022-03-10 16:00:22,6.0,9.8,471,0.0,0.0,0,0.0,0.0,0,169493.00,0.00,0.00,30,14.17,0.42,0.00,4.1,4.998,4.998,4.998,4.998,187
2022-03-10 16:01:22,7.6,10.5,472,0.0,0.0,0,0.0,0.0,0,169965.00,0.00,0.00,30,14.17,0.41,0.00,4.1,4.998,4.998,4.998,4.998,224
2022-03-10 16:02:22,7.5,10.7,470,0.0,0.0,0,0.0,0.0,0,170435.00,0.00,0.00,37,14.17,0.52,0.00,4.1,4.998,4.998,4.998,4.998,115
2022-03-10 16:03:22,5.1,8.6,392,0.0,0.0,0,0.0,0.0,0,170827.00,0.00,0.00,35,14.17,0.49,0.00,4.1,4.998,4.998,4.998,4.998,61
2022-03-10 16:04:22,7.7,8.7,339,0.0,0.0,0,0.0,0.0,0,171166.00,0.00,0.00,30,14.17,0.42,0.00,4.1,4.998,4.998,4.998,4.998,32
2022-03-10 16:05:22,5.2,9.4,416,0.0,0.0,0,0.0,0.0,0,171582.00,0.00,0.00,26,14.17,0.37,0.00,4.1,4.998,4.998,4.998,4.998,28
2022-03-10 16:06:22,7.6,8.0,399,0.0,0.0,0,0.0,0.0,0,171981.00,0.00,0.00,45,14.14,0.63,0.00,4.1,4.998,4.998,4.998,4.998,86
2022-03-10 16:07:22,6.1,8.5,434,0.0,0.0,0,0.0,0.0,0,172415.00,0.00,0.00,69,14.14,0.97,0.00,4.1,4.998,4.998,4.998,4.998,50
2022-03-10 16:08:22,4.9,7.5,284,0.0,0.0,0,0.0,0.0,0,172699.00,0.00,0.00,36,14.17,0.50,0.00,4.6,4.998,4.998,4.998,4.998,24
2022-03-10 16:09:22,5.8,6.7,236,0.0,0.0,0,0.0,0.0,0,172935.00,0.00,0.00,7,14.21,0.09,0.00,4.1,4.998,4.998,4.998,4.998,244
2022-03-10 16:10:22,8.0,9.1,351,0.0,0.0,0,0.0,0.0,0,173286.00,0.00,0.00,26,14.17,0.36,0.00,4.1,4.998,4.998,4.998,4.998,176
2022-03-10 16:11:22,4.3,9.6,450,0.0,0.0,0,0.0,0.0,0,173736.00,0.00,0.00,11,14.17,0.16,0.00,4.1,4.998,4.998,4.998,4.998,114
2022-03-10 16:12:22,8.1,9.7,422,0.0,0.0,0,0.0,0.0,0,174158.00,0.00,0.00,46,14.14,0.64,0.00,4.1,4.998,4.998,4.998,4.998,148
2022-03-10 16:13:22,4.7,8.5,382,0.0,0.0,0,0.0,0.0,0,174540.00,0.00,0.00,5,14.17,0.07,0.00,4.1,4.998,4.998,4.998,4.998,194
2022-03-10 16:14:22,6.1,8.6,410,0.0,0.0,0,0.0,0.0,0,174950.00,0.00,0.00,22,14.17,0.31,0.00,4.1,4.998,4.998,4.998,4.998,139
2022-03-10 16:15:22,6.3,9.4,348,0.0,0.0,0,0.0,0.0,0,175298.00,0.00,0.00,10,14.17,0.14,0.00,4.1,4.998,4.998,4.998,4.998,236
2022-03-10 16:16:22,6.9,7.5,339,0.0,0.0,0,0.0,0.0,0,175637.00,0.00,0.00,2,14.21,0.03,0.00,4.1,4.998,4.998,4.998,4.998,9
2022-03-10 16:17:22,6.9,9.1,373,0.0,0.0,0,0.0,0.0,0,176010.00,0.00,0.00,56,14.17,0.78,0.00,4.1,4.998,4.998,4.998,4.998,229
2022-03-10 16:18:22,4.9,7.8,376,0.0,0.0,0,0.0,0.0,0,176386.00,0.00,0.00,28,14.14,0.39,0.00,3.7,4.998,4.998,4.998,4.998,105
2022-03-10 16:19:22,5.4,7.5,345,0.0,0.0,0,0.0,0.0,0,176731.00,0.00,0.00,31,14.17,0.44,0.00,4.1,4.998,4.998,4.998,4.998,171
2022-03-10 16:20:22,6.6,8.5,336,0.0,0.0,0,0.0,0.0,0,177067.00,0.00,0.00,11,14.17,0.16,0.00,4.1,4.998,4.998,4.998,4.998,206
2022-03-10 16:21:22,4.3,7.2,330,0.0,0.0,0,0.0,0.0,0,177397.00,0.00,0.00,13,14.17,0.18,0.00,4.1,4.998,4.998,4.998,4.998,120
2022-03-10 16:22:22,5.3,8.6,371,0.0,0.0,0,0.0,0.0,0,177768.00,0.00,0.00,0,14.17,0.00,0.00,4.1,4.998,4.998,4.998,4.998,6
2022-03-10 16:23:22,7.9,8.7,401,0.0,0.0,0,0.0,0.0,0,178169.00,0.00,0.00,359,14.17,4.99,0.00,4.1,4.998,4.998,4.998,4.998,47
2022-03-10 16:24:22,6.2,10.9,481,0.0,0.0,0,0.0,0.0,0,178650.00,0.00,0.00,39,14.17,0.54,0.00,4.1,4.998,4.998,4.998,4.998,174
2022-03-10 16:25:22,5.7,9.9,437,0.0,0.0,0,0.0,0.0,0,179087.00,0.00,0.00,39,14.17,0.54,0.00,4.1,4.998,4.998,4.998,4.998,247
2022-03-10 16:26:22,6.0,8.1,328,0.0,0.0,0,0.0,0.0,0,179415.00,0.00,0.00,13,14.17,0.19,0.00,4.1,4.998,4.998,4.998,4.998,241
2022-03-10 16:27:22,4.9,7.7,354,0.0,0.0,0,0.0,0.0,0,179769.00,0.00,0.00,28,14.17,0.40,0.00,4.1,4.998,4.998,4.998,4.998,231
2022-03-10 16:28:22,6.8,9.2,397,0.0,0.0,0,0.0,0.0,0,180166.00,0.00,0.00,10,14.17,0.14,0.00,4.1,4.998,4.998,4.998,4.998,253
2022-03-10 16:29:22,5.8,7.8,348,0.0,0.0,0,0.0,0.0,0,180514.00,0.00,0.00,16,14.17,0.23,0.00,4.1,4.998,4.998,4.998,4.998,6
2022-03-10 16:30:22,6.2,8.7,410,0.0,0.0,0,0.0,0.0,0,180924.00,0.00,0.00,25,14.14,0.35,0.00,4.1,4.998,4.998,4.998,4.998,51
2022-03-10 16:31:22,7.0,8.3,425,0.0,0.0,0,0.0,0.0,0,181349.00,0.00,0.00,19,14.17,0.27,0.00,4.1,4.998,4.998,4.998,4.998,65
2022-03-10 16:32:22,7.3,8.6,384,0.0,0.0,0,0.0,0.0,0,181733.00,0.00,0.00,15,14.17,0.20,0.00,4.1,4.998,4.998,4.998,4.998,145
2022-03-10 16:33:22,4.9,7.9,378,0.0,0.0,0,0.0,0.0,0,182111.00,0.00,0.00,356,14.17,4.95,0.00,4.1,4.998,4.998,4.998,4.998,185
2022-03-10 16:34:22,5.1,8.9,383,0.0,0.0,0,0.0,0.0,0,182494.00,0.00,0.00,0,14.17,0.00,0.00,3.7,4.998,4.998,4.998,4.998,108
2022-03-10 16:35:22,8.1,8.1,281,0.0,0.0,0,0.0,0.0,0,182775.00,0.00,0.00,23,14.17,0.32,0.00,3.7,4.998,4.998,4.998,4.998,168
2022-03-10 16:36:22,4.7,8.5,419,0.0,0.0,0,0.0,0.0,0,183194.00,0.00,0.00,19,14.17,0.26,0.00,3.7,4.998,4.998,4.998,4.998,132
2022-03-10 16:37:22,4.9,5.6,214,0.0,0.0,0,0.0,0.0,0,183408.00,0.00,0.00,17,14.17,0.23,0.00,4.1,4.998,4.998,4.998,4.998,99
2022-03-10 16:38:22,5.3,8.1,346,0.0,0.0,0,0.0,0.0,0,183754.00,0.00,0.00,28,14.17,0.39,0.00,3.7,4.998,4.998,4.998,4.998,224
2022-03-10 16:39:22,5.0,6.0,288,0.0,0.0,0,0.0,0.0,0,184042.00,0.00,0.00,19,14.17,0.27,0.00,4.1,4.998,4.998,4.998,4.998,203
2022-03-10 16:40:22,7.5,10.3,430,0.0,0.0,0,0.0,0.0,0,184472.00,0.00,0.00,26,14.17,0.36,0.00,4.1,4.998,4.998,4.998,4.998,179
2022-03-10 16:41:22,7.0,9.2,479,0.0,0.0,0,0.0,0.0,0,184951.00,0.00,0.00,15,14.17,0.21,0.00,3.7,4.998,4.998,4.998,4.998,144
2022-03-10 16:42:22,6.5,8.7,421,0.0,0.0,0,0.0,0.0,0,185372.00,0.00,0.00,7,14.17,0.10,0.00,3.7,4.998,4.998,4.998,4.998,219
2022-03-10 16:43:22,5.5,9.5,386,0.0,0.0,0,0.0,0.0,0,185758.00,0.00,0.00,15,14.17,0.20,0.00,3.7,4.998,4.998,4.998,4.998,81
2022-03-10 16:44:22,7.4,11.0,466,0.0,0.0,0,0.0,0.0,0,186224.00,0.00,0.00,11,14.17,0.16,0.00,3.7,4.998,4.998,4.998,4.998,139
2022-03-10 16:45:22,6.1,9.5,441,0.0,0.0,0,0.0,0.0,0,186665.00,0.00,0.00,5,14.21,0.07,0.00,3.7,4.998,4.998,4.998,4.998,224
2022-03-10 16:46:22,6.1,6.8,266,0.0,0.0,0,0.0,0.0,0,186931.00,0.00,0.00,339,14.21,4.71,0.00,3.7,4.998,4.998,4.998,4.998,74
2022-03-10 16:47:22,2.5,6.6,265,0.0,0.0,0,0.0,0.0,0,187196.00,0.00,0.00,4,14.21,0.05,0.00,3.7,4.998,4.998,4.998,4.998,119
2022-03-10 16:48:22,5.0,7.3,249,0.0,0.0,0,0.0,0.0,0,187445.00,0.00,0.00,0,14.21,0.00,0.00,3.7,4.998,4.998,4.998,4.998,94
2022-03-10 16:49:22,6.3,6.7,287,0.0,0.0,0,0.0,0.0,0,187732.00,0.00,0.00,322,14.21,4.48,0.00,3.7,4.998,4.998,4.998,4.998,78
2022-03-10 16:50:22,4.0,7.3,276,0.0,0.0,0,0.0,0.0,0,188008.00,0.00,0.00,339,14.21,4.72,0.00,3.7,4.998,4.998,4.998,4.998,165
2022-03-10 16:51:22,5.6,5.8,196,0.0,0.0,0,0.0,0.0,0,188204.00,0.00,0.00,332,14.21,4.61,0.00,3.7,4.998,4.998,4.998,4.998,159
2022-03-10 16:52:22,3.6,6.4,285,0.0,0.0,0,0.0,0.0,0,188489.00,0.00,0.00,345,14.21,4.80,0.00,3.7,4.998,4.998,4.998,4.998,91
2022-03-10 16:53:22,3.2,5.0,199,0.0,0.0,0,0.0,0.0,0,188688.00,0.00,0.00,333,14.21,4.62,0.00,3.7,4.998,4.998,4.998,4.998,58
2022-03-10 16:54:22,4.1,6.3,249,0.0,0.0,0,0.0,0.0,0,188937.00,0.00,0.00,13,14.21,0.18,0.00,3.7,4.998,4.998,4.998,4.998,41
2022-03-10 16:55:22,7.8,11.2,455,0.0,0.0,0,0.0,0.0,0,189392.00,0.00,0.00,359,14.21,4.99,0.00,3.7,4.998,4.998,4.998,4.998,203
2022-03-10 16:56:22,4.9,8.3,311,0.0,0.0,0,0.0,0.0,0,189703.00,0.00,0.00,8,14.21,0.12,0.00,3.7,4.998,4.998,4.998,4.998,127
2022-03-10 16:57:22,5.4,10.5,390,0.0,0.0,0,0.0,0.0,0,190093.00,0.00,0.00,20,14.21,0.28,0.00,3.7,4.998,4.998,4.998,4.998,116
2022-03-10 16:58:22,10.7,11.0,532,0.0,0.0,0,0.0,0.0,0,190625.00,0.00,0.00,23,14.21,0.33,0.00,3.7,4.998,4.998,4.998,4.998,198
2022-03-10 16:59:22,6.1,10.9,554,0.0,0.0,0,0.0,0.0,0,191179.00,0.00,0.00,12,14.21,0.17,0.00,3.7,4.998,4.998,4.998,4.998,207
2022-03-10 17:00:22,6.9,9.1,443,0.0,0.0,0,0.0,0.0,0,191622.00,0.00,0.00,4,14.21,0.05,0.00,3.2,4.998,4.998,4.998,4.998,190
2022-03-10 17:01:22,6.6,9.5,429,0.0,0.0,0,0.0,0.0,0,192051.00,0.00,0.00,18,14.21,0.25,0.00,3.7,4.998,4.998,4.998,4.998,62
2022-03-10 17:02:22,8.3,12.5,553,0.0,0.0,0,0.0,0.0,0,192604.00,0.00,0.00,35,14.25,0.49,0.00,3.7,4.998,4.998,4.998,4.998,158
2022-03-10 17:03:22,9.0,12.2,580,0.0,0.0,0,0.0,0.0,0,193184.00,0.00,0.00,21,14.21,0.29,0.00,3.2,4.998,4.998,4.998,4.998,50
2022-03-10 17:04:22,6.8,11.7,598,0.0,0.0,0,0.0,0.0,0,193782.00,0.00,0.00,30,14.21,0.42,0.00,3.2,4.998,4.998,4.998,4.998,46
2022-03-10 17:05:22,9.3,11.5,561,0.0,0.0,0,0.0,0.0,0,194343.00,0.00,0.00,43,14.21,0.61,0.00,2.7,4.998,4.998,4.998,4.998,194
2022-03-10 17:06:22,9.8,11.3,565,0.0,0.0,0,0.0,0.0,0,194908.00,0.00,0.00,30,14.21,0.41,0.00,3.2,4.998,4.998,4.998,4.998,63
2022-03-10 17:07:22,7.0,13.3,571,0.0,0.0,0,0.0,0.0,0,195479.00,0.00,0.00,16,14.21,0.23,0.00,3.2,4.998,4.998,4.998,4.998,136
2022-03-10 17:08:22,6.2,9.5,433,0.0,0.0,0,0.0,0.0,0,195912.00,0.00,0.00,9,14.21,0.13,0.00,3.2,4.998,4.998,4.998,4.998,67
2022-03-10 17:09:22,8.5,10.1,431,0.0,0.0,0,0.0,0.0,0,196343.00,0.00,0.00,15,14.21,0.21,0.00,3.2,4.998,4.998,4.998,4.998,85
2022-03-10 17:10:22,5.9,11.6,546,0.0,0.0,0,0.0,0.0,0,196889.00,0.00,0.00,26,14.21,0.37,0.00,3.2,4.998,4.998,4.998,4.998,128
2022-03-10 17:11:22,5.8,7.7,362,0.0,0.0,0,0.0,0.0,0,197251.00,0.00,0.00,22,14.21,0.30,0.00,3.2,4.998,4.998,4.998,4.998,126
2022-03-10 17:12:22,8.4,11.1,464,0.0,0.0,0,0.0,0.0,0,197715.00,0.00,0.00,18,14.21,0.25,0.00,3.2,4.998,4.998,4.998,4.998,232
2022-03-10 17:13:22,7.6,11.9,520,0.0,0.0,0,0.0,0.0,0,198235.00,0.00,0.00,36,14.21,0.50,0.00,3.2,4.998,4.998,4.998,4.998,178
2022-03-10 17:14:22,8.4,11.7,542,0.0,0.0,0,0.0,0.0,0,198777.00,0.00,0.00,42,14.21,0.59,0.00,3.2,4.998,4.998,4.998,4.998,45
2022-03-10 17:15:22,6.5,11.2,512,0.0,0.0,0,0.0,0.0,0,199289.00,0.00,0.00,5,14.21,0.07,0.00,3.2,4.998,4.998,4.998,4.998,136
2022-03-10 17:16:22,9.6,11.5,508,0.0,0.0,0,0.0,0.0,0,199797.00,0.00,0.00,35,14.25,0.48,0.00,2.7,4.998,4.998,4.998,4.998,74
2022-03-10 17:17:22,6.9,11.1,513,0.0,0.0,0,0.0,0.0,0,200310.00,0.00,0.00,17,14.21,0.24,0.00,3.2,4.998,4.998,4.998,4.998,243
2022-03-10 17:18:22,7.4,11.2,560,0.0,0.0,0,0.0,0.0,0,200870.00,0.00,0.00,22,14.21,0.30,0.00,2.7,4.998,4.998,4.998,4.998,124
2022-03-10 17:19:22,9.5,14.1,482,0.0,0.0,0,0.0,0.0,0,201352.00,0.00,0.00,12,14.21,0.17,0.00,2.7,4.998,4.998,4.998,4.998,37
2022-03-10 17:20:22,8.8,10.3,488,0.0,0.0,0,0.0,0.0,0,201840.00,0.00,0.00,33,14.21,0.46,0.00,2.7,4.998,4.998,4.998,4.998,73
2022-03-10 17:21:22,8.7,12.0,570,0.0,0.0,0,0.0,0.0,0,202410.00,0.00,0.00,26,14.21,0.36,0.00,2.7,4.998,4.998,4.998,4.998,4
2022-03-10 17:22:22,7.0,10.6,518,0.0,0.0,0,0.0,0.0,0,202928.00,0.00,0.00,26,14.21,0.37,0.00,2.7,4.998,4.998,4.998,4.998,67
2022-03-10 17:23:22,5.1,9.9,465,0.0,0.0,0,0.0,0.0,0,203393.00,0.00,0.00,9,14.21,0.13,0.00,2.7,4.998,4.998,4.998,4.998,135
2022-03-10 17:24:22,9.0,10.3,433,0.0,0.0,0,0.0,0.0,0,203826.00,0.00,0.00,3,14.21,0.04,0.00,2.7,4.998,4.998,4.998,4.998,251
2022-03-10 17:25:22,7.1,9.5,405,0.0,0.0,0,0.0,0.0,0,204231.00,0.00,0.00,2,14.21,0.03,0.00,2.7,4.998,4.998,4.998,4.998,105
2022-03-10 17:26:22,7.3,8.3,405,0.0,0.0,0,0.0,0.0,0,204636.00,0.00,0.00,16,14.21,0.23,0.00,2.7,4.998,4.998,4.998,4.998,93
2022-03-10 17:27:22,3.9,7.7,308,0.0,0.0,0,0.0,0.0,0,204944.00,0.00,0.00,9,14.25,0.13,0.00,2.7,4.998,4.998,4.998,4.998,135
2022-03-10 17:28:22,6.5,8.1,337,0.0,0.0,0,0.0,0.0,0,205281.00,0.00,0.00,0,14.21,0.00,0.00,2.7,4.998,4.998,4.998,4.998,246
2022-03-10 17:29:22,7.3,10.0,472,0.0,0.0,0,0.0,0.0,0,205753.00,0.00,0.00,12,14.21,0.17,0.00,2.2,4.998,4.998,4.998,4.998,25
2022-03-10 17:30:22,7.0,14.8,512,0.0,0.0,0,0.0,0.0,0,206265.00,0.00,0.00,3,14.21,0.04,0.00,2.2,4.998,4.998,4.998,4.998,180
2022-03-10 17:31:22,8.2,11.1,505,0.0,0.0,0,0.0,0.0,0,206770.00,0.00,0.00,26,14.21,0.36,0.00,2.2,4.998,4.998,4.998,4.998,138
2022-03-10 17:32:22,7.3,9.2,437,0.0,0.0,0,0.0,0.0,0,207207.00,0.00,0.00,13,14.21,0.19,0.00,2.2,4.998,4.998,4.998,4.998,75
2022-03-10 17:33:22,4.1,10.2,487,0.0,0.0,0,0.0,0.0,0,207694.00,0.00,0.00,354,14.21,4.92,0.00,1.7,4.998,4.998,4.998,4.998,3
2022-03-10 17:34:22,4.8,7.9,274,0.0,0.0,0,0.0,0.0,0,207968.00,0.00,0.00,11,14.21,0.16,0.00,1.7,4.998,4.998,4.998,4.998,90
2022-03-10 17:35:22,4.0,6.4,294,0.0,0.0,0,0.0,0.0,0,208262.00,0.00,0.00,19,14.21,0.26,0.00,1.7,4.998,4.998,4.998,4.998,110
2022-03-10 17:36:22,8.9,10.3,389,0.0,0.0,0,0.0,0.0,0,208651.00,0.00,0.00,18,14.21,0.26,0.00,2.2,4.998,4.998,4.998,4.998,169
2022-03-10 17:37:22,7.3,10.3,477,0.0,0.0,0,0.0,0.0,0,209128.00,0.00,0.00,24,14.21,0.34,0.00,1.7,4.998,4.998,4.998,4.998,156
2022-03-10 17:38:22,6.8,11.1,495,0.0,0.0,0,0.0,0.0,0,209623.00,0.00,0.00,29,14.25,0.40,0.00,2.2,4.998,4.998,4.998,4.998,198
2022-03-10 17:39:22,6.3,10.4,533,0.0,0.0,0,0.0,0.0,0,210156.00,0.00,0.00,9,14.21,0.12,0.00,1.7,4.998,4.998,4.998,4.998,139
2022-03-10 17:40:22,4.3,9.7,410,0.0,0.0,0,0.0,0.0,0,210566.00,0.00,0.00,1,14.21,0.02,0.00,1.7,4.998,4.998,4.998,4.998,96
2022-03-10 17:41:22,5.1,7.4,347,0.0,0.0,0,0.0,0.0,0,210913.00,0.00,0.00,11,14.25,0.15,0.00,1.7,4.998,4.998,4.998,4.998,173
2022-03-10 17:42:22,5.5,8.3,376,0.0,0.0,0,0.0,0.0,0,211289.00,0.00,0.00,7,14.25,0.10,0.00,1.7,4.998,4.998,4.998,4.998,22
2022-03-10 17:43:22,4.4,9.4,418,0.0,0.0,0,0.0,0.0,0,211707.00,0.00,0.00,6,14.25,0.09,0.00,1.7,4.998,4.998,4.998,4.998,105
2022-03-10 17:44:22,5.0,7.7,354,0.0,0.0,0,0.0,0.0,0,212061.00,0.00,0.00,7,14.25,0.10,0.00,1.7,4.998,4.998,4.998,4.998,82
2022-03-10 17:45:22,3.9,6.1,251,0.0,0.0,0,0.0,0.0,0,212312.00,0.00,0.00,21,14.21,0.29,0.00,1.2,4.998,4.998,4.998,4.998,84
2022-03-10 17:46:22,5.9,9.2,324,0.0,0.0,0,0.0,0.0,0,212636.00,0.00,0.00,14,14.21,0.20,0.00,1.7,4.998,4.998,4.998,4.998,248
2022-03-10 17:47:22,7.1,8.3,378,0.0,0.0,0,0.0,0.0,0,213014.00,0.00,0.00,359,14.21,4.99,0.00,1.7,4.998,4.998,4.998,4.998,47
2022-03-10 17:48:22,7.4,9.6,410,0.0,0.0,0,0.0,0.0,0,213424.00,0.00,0.00,42,14.21,0.58,0.00,1.7,4.998,4.998,4.998,4.998,151
2022-03-10 17:49:22,5.5,8.7,426,0.0,0.0,0,0.0,0.0,0,213850.00,0.00,0.00,4,14.21,0.05,0.00,1.7,4.998,4.998,4.998,4.998,231
2022-03-10 17:50:22,8.1,8.6,407,0.0,0.0,0,0.0,0.0,0,214257.00,0.00,0.00,18,14.21,0.25,0.00,1.2,4.998,4.998,4.998,4.998,23
2022-03-10 17:51:22,7.5,8.3,346,0.0,0.0,0,0.0,0.0,0,214603.00,0.00,0.00,1,14.21,0.02,0.00,1.7,4.998,4.998,4.998,4.998,66
2022-03-10 17:52:22,7.0,8.3,386,0.0,0.0,0,0.0,0.0,0,214989.00,0.00,0.00,10,14.21,0.15,0.00,1.7,4.998,4.998,4.998,4.998,224
2022-03-10 17:53:22,6.3,9.7,428,0.0,0.0,0,0.0,0.0,0,215417.00,0.00,0.00,33,14.21,0.46,0.00,1.7,4.998,4.998,4.998,4.998,185
2022-03-10 17:54:22,5.8,9.1,412,0.0,0.0,0,0.0,0.0,0,215829.00,0.00,0.00,15,14.25,0.21,0.00,1.7,4.998,4.998,4.998,4.998,224
2022-03-10 17:55:22,3.7,7.6,347,0.0,0.0,0,0.0,0.0,0,216176.00,0.00,0.00,8,14.29,0.12,0.00,1.2,4.998,4.998,4.998,4.998,143
2022-03-10 17:56:22,5.8,7.3,336,0.0,0.0,0,0.0,0.0,0,216512.00,0.00,0.00,34,14.25,0.47,0.00,1.2,4.998,4.998,4.998,4.998,137
2022-03-10 17:57:22,3.5,6.1,236,0.0,0.0,0,0.0,0.0,0,216748.00,0.00,0.00,16,14.25,0.22,0.00,1.2,4.998,4.998,4.998,4.998,173
2022-03-10 17:58:22,4.5,5.4,237,0.0,0.0,0,0.0,0.0,0,216985.00,0.00,0.00,11,14.29,0.16,0.00,1.2,4.998,4.998,4.998,4.998,208
2022-03-10 17:59:22,3.6,4.4,181,0.0,0.0,0,0.0,0.0,0,217166.00,0.00,0.00,10,14.25,0.15,0.00,1.2,4.998,4.998,4.998,4.998,176
2022-03-10 18:00:22,2.7,4.3,183,0.0,0.0,0,0.0,0.0,0,217349.00,0.00,0.00,13,14.25,0.18,0.00,0.7,4.998,4.998,4.998,4.998,200
2022-03-10 18:01:22,3.7,8.5,283,0.0,0.0,0,0.0,0.0,0,217632.00,0.00,0.00,334,14.29,4.64,0.00,1.2,4.998,4.998,4.998,4.998,235
2022-03-10 18:02:22,4.9,6.7,290,0.0,0.0,0,0.0,0.0,0,217922.00,0.00,0.00,5,14.25,0.08,0.00,1.2,4.998,4.998,4.998,4.998,246
2022-03-10 18:03:22,3.4,6.0,282,0.0,0.0,0,0.0,0.0,0,218204.00,0.00,0.00,15,14.02,0.20,0.00,1.2,4.998,4.998,4.998,4.998,11
2022-03-10 18:04:22,5.2,5.6,234,0.0,0.0,0,0.0,0.0,0,218438.00,0.00,0.00,20,13.78,0.27,0.00,1.2,4.998,4.998,4.998,4.998,71
2022-03-10 18:05:22,6.6,6.9,299,0.0,0.0,0,0.0,0.0,0,218737.00,0.00,0.00,22,13.59,0.31,0.00,1.2,4.998,4.998,4.998,4.998,109
2022-03-10 18:06:22,4.6,7.6,349,0.0,0.0,0,0.0,0.0,0,219086.00,0.00,0.00,13,13.51,0.18,0.00,1.2,4.998,4.998,4.998,4.998,249
2022-03-10 18:07:22,4.3,5.6,264,0.0,0.0,0,0.0,0.0,0,219350.00,0.00,0.00,9,13.51,0.13,0.00,1.2,4.998,4.998,4.998,4.998,105
2022-03-10 18:08:22,4.2,6.3,291,0.0,0.0,0,0.0,0.0,0,219641.00,0.00,0.00,24,13.47,0.34,0.00,1.2,4.998,4.998,4.998,4.998,3
2022-03-10 18:09:22,6.0,6.7,330,0.0,0.0,0,0.0,0.0,0,219971.00,0.00,0.00,29,13.43,0.40,0.00,1.2,4.998,4.998,4.998,4.998,231
2022-03-10 18:10:22,3.7,6.7,299,0.0,0.0,0,0.0,0.0,0,220270.00,0.00,0.00,29,13.43,0.40,0.00,1.2,4.998,4.998,4.998,4.998,164
2022-03-10 18:11:22,4.6,5.0,203,0.0,0.0,0,0.0,0.0,0,220473.00,0.00,0.00,31,13.39,0.43,0.00,0.7,4.998,4.998,4.998,4.998,227
2022-03-10 18:12:22,3.0,4.9,191,0.0,0.0,0,0.0,0.0,0,220664.00,0.00,0.00,32,13.39,0.44,0.00,1.2,4.998,4.998,4.998,4.998,229
2022-03-10 18:13:22,2.2,3.5,144,0.0,0.0,0,0.0,0.0,0,220808.00,0.00,0.00,32,13.39,0.44,0.00,1.2,4.998,4.998,4.998,4.998,173
2022-03-10 18:14:22,3.1,3.5,146,0.0,0.0,0,0.0,0.0,0,220954.00,0.00,0.00,31,13.39,0.44,0.00,0.7,4.998,4.998,4.998,4.998,18
2022-03-10 18:15:22,2.9,3.8,163,0.0,0.0,0,0.0,0.0,0,221117.00,0.00,0.00,25,13.35,0.35,0.00,0.7,4.998,4.998,4.998,4.998,96
2022-03-10 18:16:22,1.8,4.2,174,0.0,0.0,0,0.0,0.0,0,221291.00,0.00,0.00,25,13.35,0.35,0.00,1.2,4.998,4.998,4.998,4.998,60
2022-03-10 18:17:22,1.5,2.3,79,0.0,0.0,0,0.0,0.0,0,221370.00,0.00,0.00,25,13.39,0.35,0.00,1.2,4.998,4.998,4.998,4.998,86
2022-03-10 18:18:22,3.8,5.0,211,0.0,0.0,0,0.0,0.0,0,221581.00,0.00,0.00,17,13.35,0.24,0.00,1.2,4.998,4.998,4.998,4.998,82
2022-03-10 18:19:22,3.4,4.2,205,0.0,0.0,0,0.0,0.0,0,221786.00,0.00,0.00,30,13.35,0.42,0.00,0.7,4.998,4.998,4.998,4.998,13
2022-03-10 18:20:22,5.2,5.5,252,0.0,0.0,0,0.0,0.0,0,222038.00,0.00,0.00,46,13.32,0.63,0.00,0.7,4.998,4.998,4.998,4.998,188
2022-03-10 18:21:22,4.8,5.7,247,0.0,0.0,0,0.0,0.0,0,222285.00,0.00,0.00,15,13.32,0.21,0.00,1.2,4.998,4.998,4.998,4.998,44
2022-03-10 18:22:22,3.1,5.4,240,0.0,0.0,0,0.0,0.0,0,222525.00,0.00,0.00,16,13.28,0.22,0.00,0.7,4.998,4.998,4.998,4.998,198
2022-03-10 18:23:22,3.0,4.0,171,0.0,0.0,0,0.0,0.0,0,222696.00,0.00,0.00,16,13.24,0.22,0.00,0.7,4.998,4.998,4.998,4.998,5
2022-03-10 18:24:22,1.9,3.1,98,0.0,0.0,0,0.0,0.0,0,222794.00,0.00,0.00,16,13.24,0.22,0.00,0.7,4.998,4.998,4.998,4.998,228
2022-03-10 18:25:22,4.3,5.0,193,0.0,0.0,0,0.0,0.0,0,222987.00,0.00,0.00,17,13.24,0.24,0.00,0.7,4.998,4.998,4.998,4.998,208
2022-03-10 18:26:22,4.4,5.7,278,0.0,0.0,0,0.0,0.0,0,223265.00,0.00,0.00,30,13.20,0.42,0.00,0.7,4.998,4.998,4.998,4.998,63
2022-03-10 18:27:22,2.9,5.3,259,0.0,0.0,0,0.0,0.0,0,223524.00,0.00,0.00,30,13.20,0.42,0.00,0.7,4.998,4.998,4.998,4.998,99
2022-03-10 18:28:22,3.1,4.3,199,0.0,0.0,0,0.0,0.0,0,223723.00,0.00,0.00,25,13.20,0.35,0.00,0.7,4.998,4.998,4.998,4.998,235
2022-03-10 18:29:22,3.9,4.5,188,0.0,0.0,0,0.0,0.0,0,223911.00,0.00,0.00,25,13.20,0.35,0.00,0.7,4.998,4.998,4.998,4.998,77
2022-03-10 18:30:22,3.9,5.4,184,0.0,0.0,0,0.0,0.0,0,224095.00,0.00,0.00,25,13.16,0.35,0.00,0.7,4.998,4.998,4.998,4.998,169
2022-03-10 18:31:22,5.0,6.0,254,0.0,0.0,0,0.0,0.0,0,224349.00,0.00,0.00,20,13.16,0.27,0.00,0.7,4.998,4.998,4.998,4.998,246
2022-03-10 18:32:22,3.2,5.0,216,0.0,0.0,0,0.0,0.0,0,224565.00,0.00,0.00,21,13.16,0.29,0.00,0.7,4.998,4.998,4.998,4.998,39
2022-03-10 18:33:22,2.4,3.2,134,0.0,0.0,0,0.0,0.0,0,224699.00,0.00,0.00,20,13.16,0.28,0.00,0.7,4.998,4.998,4.998,4.998,28
2022-03-10 18:34:22,3.2,3.7,148,0.0,0.0,0,0.0,0.0,0,224847.00,0.00,0.00,17,13.16,0.23,0.00,0.7,4.998,4.998,4.998,4.998,38
2022-03-10 18:35:22,2.7,3.3,148,0.0,0.0,0,0.0,0.0,0,224995.00,0.00,0.00,17,13.12,0.23,0.00,0.7,4.998,4.998,4.998,4.998,108
2022-03-10 18:36:22,2.5,4.1,154,0.0,0.0,0,0.0,0.0,0,225149.00,0.00,0.00,17,13.12,0.24,0.00,0.7,4.998,4.998,4.998,4.998,78
2022-03-10 18:37:22,2.3,3.4,130,0.0,0.0,0,0.0,0.0,0,225279.00,0.00,0.00,17,13.12,0.24,0.00,0.2,4.998,4.998,4.998,4.998,140
2022-03-10 18:38:22,4.4,4.4,168,0.0,0.0,0,0.0,0.0,0,225447.00,0.00,0.00,17,13.12,0.23,0.00,0.7,4.998,4.998,4.998,4.998,135
2022-03-10 18:39:22,3.5,4.6,222,0.0,0.0,0,0.0,0.0,0,225669.00,0.00,0.00,17,13.08,0.23,0.00,0.7,4.998,4.998,4.998,4.998,55
2022-03-10 18:40:22,2.2,4.3,175,0.0,0.0,0,0.0,0.0,0,225844.00,0.00,0.00,17,13.08,0.23,0.00,0.7,4.998,4.998,4.998,4.998,210
2022-03-10 18:41:22,2.9,4.3,184,0.0,0.0,0,0.0,0.0,0,226028.00,0.00,0.00,17,13.08,0.24,0.00,0.2,4.998,4.998,4.998,4.998,182
2022-03-10 18:42:22,3.8,4.8,193,0.0,0.0,0,0.0,0.0,0,226221.00,0.00,0.00,17,13.08,0.23,0.00,0.2,4.998,4.998,4.998,4.998,20
2022-03-10 18:43:22,2.2,3.8,160,0.0,0.0,0,0.0,0.0,0,226381.00,0.00,0.00,17,13.08,0.23,0.00,0.2,4.998,4.998,4.998,4.998,102
2022-03-10 18:44:22,4.2,5.1,197,0.0,0.0,0,0.0,0.0,0,226578.00,0.00,0.00,16,13.08,0.22,0.00,0.2,4.998,4.998,4.998,4.998,207
2022-03-10 18:45:22,4.6,4.9,224,0.0,0.0,0,0.0,0.0,0,226802.00,0.00,0.00,16,13.04,0.22,0.00,0.2,4.998,4.998,4.998,4.998,31
2022-03-10 18:46:22,3.9,4.9,253,0.0,0.0,0,0.0,0.0,0,227055.00,0.00,0.00,16,13.08,0.22,0.00,0.2,4.998,4.998,4.998,4.998,61
2022-03-10 18:47:22,3.0,5.0,212,0.0,0.0,0,0.0,0.0,0,227267.00,0.00,0.00,16,13.04,0.23,0.00,0.2,4.998,4.998,4.998,4.998,163
2022-03-10 18:48:22,3.6,3.8,171,0.0,0.0,0,0.0,0.0,0,227438.00,0.00,0.00,16,13.04,0.22,0.00,0.2,4.998,4.998,4.998,4.998,198
2022-03-10 18:49:22,3.7,4.7,230,0.0,0.0,0,0.0,0.0,0,227668.00,0.00,0.00,16,13.04,0.23,0.00,0.2,4.998,4.998,4.998,4.998,124
2022-03-10 18:50:22,4.0,4.4,205,0.0,0.0,0,0.0,0.0,0,227873.00,0.00,0.00,17,13.04,0.23,0.00,0.2,4.998,4.998,4.998,4.998,123
2022-03-10 18:51:22,3.3,4.2,192,0.0,0.0,0,0.0,0.0,0,228065.00,0.00,0.00,17,13.04,0.23,0.00,0.2,4.998,4.998,4.998,4.998,8
2022-03-10 18:52:22,4.6,5.0,189,0.0,0.0,0,0.0,0.0,0,228254.00,0.00,0.00,24,13.04,0.34,0.00,0.2,4.998,4.998,4.998,4.998,126
2022-03-10 18:53:22,4.1,5.5,268,0.0,0.0,0,0.0,0.0,0,228522.00,0.00,0.00,49,13.04,0.68,0.00,-0.2,4.998,4.998,4.998,4.998,223
2022-03-10 18:54:22,4.2,4.5,192,0.0,0.0,0,0.0,0.0,0,228714.00,0.00,0.00,49,13.04,0.68,0.00,-0.2,4.998,4.998,4.998,4.998,40
2022-03-10 18:55:22,5.3,5.6,249,0.0,0.0,0,0.0,0.0,0,228963.00,0.00,0.00,63,13.04,0.87,0.00,0.2,4.998,4.998,4.998,4.998,84
2022-03-10 18:56:22,4.3,5.3,254,0.0,0.0,0,0.0,0.0,0,229217.00,0.00,0.00,62,13.00,0.86,0.00,0.2,4.998,4.998,4.998,4.998,251
2022-03-10 18:57:22,3.8,5.1,242,0.0,0.0,0,0.0,0.0,0,229459.00,0.00,0.00,37,13.00,0.52,0.00,0.2,4.998,4.998,4.998,4.998,209
2022-03-10 18:58:22,3.0,3.7,170,0.0,0.0,0,0.0,0.0,0,229629.00,0.00,0.00,37,13.00,0.52,0.00,-0.2,4.998,4.998,4.998,4.998,175
2022-03-10 18:59:22,3.1,3.4,142,0.0,0.0,0,0.0,0.0,0,229771.00,0.00,0.00,37,13.00,0.52,0.00,-0.2,4.998,4.998,4.998,4.998,242
2022-03-10 19:00:22,2.3,4.9,195,0.0,0.0,0,0.0,0.0,0,229966.00,0.00,0.00,65,13.00,0.90,0.00,0.2,4.998,4.998,4.998,4.998,227
2022-03-10 19:01:22,3.3,4.1,164,0.0,0.0,0,0.0,0.0,0,230130.00,0.00,0.00,65,13.00,0.90,0.00,-0.2,4.998,4.998,4.998,4.998,104
2022-03-10 19:02:22,3.2,4.3,186,0.0,0.0,0,0.0,0.0,0,230316.00,0.00,0.00,51,13.00,0.71,0.00,0.2,4.998,4.998,4.998,4.998,177
2022-03-10 19:03:22,3.6,5.0,206,0.0,0.0,0,0.0,0.0,0,230522.00,0.00,0.00,51,13.00,0.71,0.00,0.2,4.998,4.998,4.998,4.998,152
2022-03-10 19:04:22,4.4,4.8,213,0.0,0.0,0,0.0,0.0,0,230735.00,0.00,0.00,52,13.00,0.72,0.00,0.2,4.998,4.998,4.998,4.998,226
2022-03-10 19:05:22,4.7,5.2,262,0.0,0.0,0,0.0,0.0,0,230997.00,0.00,0.00,52,13.00,0.73,0.00,-0.2,4.998,4.998,4.998,4.998,84
2022-03-10 19:06:22,4.5,5.0,255,0.0,0.0,0,0.0,0.0,0,231252.00,0.00,0.00,63,13.00,0.87,0.00,-0.2,4.998,4.998,4.998,4.998,89
2022-03-10 19:07:22,4.6,6.4,328,0.0,0.0,0,0.0,0.0,0,231580.00,0.00,0.00,66,13.00,0.92,0.00,-0.2,4.998,4.998,4.998,4.998,152
2022-03-10 19:08:22,4.7,5.6,297,0.0,0.0,0,0.0,0.0,0,231877.00,0.00,0.00,68,13.00,0.94,0.00,-0.2,4.998,4.998,4.998,4.998,12
2022-03-10 19:09:22,5.6,6.9,316,0.0,0.0,0,0.0,0.0,0,232193.00,0.00,0.00,75,13.00,1.04,0.00,0.2,4.998,4.998,4.998,4.998,171
2022-03-10 19:10:22,5.8,7.2,354,0.0,0.0,0,0.0,0.0,0,232547.00,0.00,0.00,77,13.00,1.07,0.00,-0.2,4.998,4.998,4.998,4.998,230
2022-03-10 19:11:22,7.1,8.1,376,0.0,0.0,0,0.0,0.0,0,232923.00,0.00,0.00,74,13.00,1.04,0.00,0.2,4.998,4.998,4.998,4.998,75
2022-03-10 19:12:22,5.4,6.9,372,0.0,0.0,0,0.0,0.0,0,233295.00,0.00,0.00,69,13.00,0.97,0.00,0.2,4.998,4.998,4.998,4.998,65
2022-03-10 19:13:22,5.1,6.1,318,0.0,0.0,0,0.0,0.0,0,233613.00,0.00,0.00,62,13.00,0.86,0.00,-0.2,4.998,4.998,4.998,4.998,191
2022-03-10 19:14:22,5.7,9.3,419,0.0,0.0,0,0.0,0.0,0,234032.00,0.00,0.00,50,13.00,0.70,0.00,0.2,4.998,4.998,4.998,4.998,110
2022-03-10 19:15:22,5.7,8.5,411,0.0,0.0,0,0.0,0.0,0,234443.00,0.00,0.00,71,13.00,0.99,0.00,-0.2,4.998,4.998,4.998,4.998,212
2022-03-10 19:16:22,4.9,6.5,329,0.0,0.0,0,0.0,0.0,0,234772.00,0.00,0.00,62,13.00,0.86,0.00,-0.2,4.998,4.998,4.998,4.998,153
2022-03-10 19:17:22,4.8,5.3,244,0.0,0.0,0,0.0,0.0,0,235016.00,0.00,0.00,62,13.00,0.87,0.00,0.2,4.998,4.998,4.998,4.998,20
2022-03-10 19:18:22,6.4,7.4,343,0.0,0.0,0,0.0,0.0,0,235359.00,0.00,0.00,67,13.00,0.93,0.00,0.2,4.998,4.998,4.998,4.998,45
2022-03-10 19:19:22,5.7,6.5,320,0.0,0.0,0,0.0,0.0,0,235679.00,0.00,0.00,73,13.00,1.02,0.00,-0.2,4.998,4.998,4.998,4.998,24
2022-03-10 19:20:22,5.5,6.1,277,0.0,0.0,0,0.0,0.0,0,235956.00,0.00,0.00,74,13.00,1.04,0.00,-0.2,4.998,4.998,4.998,4.998,60
2022-03-10 19:21:22,5.5,6.2,273,0.0,0.0,0,0.0,0.0,0,236229.00,0.00,0.00,73,13.00,1.02,0.00,-0.2,4.998,4.998,4.998,4.998,151
2022-03-10 19:22:22,5.5,6.3,304,0.0,0.0,0,0.0,0.0,0,236533.00,0.00,0.00,82,13.00,1.15,0.00,-0.2,4.998,4.998,4.998,4.998,15
2022-03-10 19:23:22,5.9,6.5,326,0.0,0.0,0,0.0,0.0,0,236859.00,0.00,0.00,79,13.00,1.10,0.00,-0.2,4.998,4.998,4.998,4.998,73
2022-03-10 19:24:22,4.9,6.8,329,0.0,0.0,0,0.0,0.0,0,237188.00,0.00,0.00,78,13.00,1.08,0.00,0.2,4.998,4.998,4.998,4.998,228
2022-03-10 19:25:22,4.5,5.9,275,0.0,0.0,0,0.0,0.0,0,237463.00,0.00,0.00,65,13.00,0.90,0.00,0.2,4.998,4.998,4.998,4.998,203
2022-03-10 19:26:22,3.6,4.8,230,0.0,0.0,0,0.0,0.0,0,237693.00,0.00,0.00,65,13.00,0.90,0.00,0.2,4.998,4.998,4.998,4.998,246
2022-03-10 19:27:22,5.8,6.1,269,0.0,0.0,0,0.0,0.0,0,237962.00,0.00,0.00,74,13.00,1.04,0.00,-0.2,4.998,4.998,4.998,4.998,228
2022-03-10 19:28:22,5.3,6.6,306,0.0,0.0,0,0.0,0.0,0,238268.00,0.00,0.00,75,12.96,1.04,0.00,0.2,4.998,4.998,4.998,4.998,252
2022-03-10 19:29:22,3.7,5.8,229,0.0,0.0,0,0.0,0.0,0,238497.00,0.00,0.00,80,13.00,1.11,0.00,-0.2,4.998,4.998,4.998,4.998,117
2022-03-10 19:30:22,4.4,5.2,245,0.0,0.0,0,0.0,0.0,0,238742.00,0.00,0.00,80,13.00,1.12,0.00,-0.2,4.998,4.998,4.998,4.998,240
2022-03-10 19:31:22,4.4,5.5,264,0.0,0.0,0,0.0,0.0,0,239006.00,0.00,0.00,82,12.96,1.15,0.00,-0.2,4.998,4.998,4.998,4.998,104
2022-03-10 19:32:22,5.3,5.6,256,0.0,0.0,0,0.0,0.0,0,239262.00,0.00,0.00,78,12.96,1.08,0.00,0.2,4.998,4.998,4.998,4.998,195
2022-03-10 19:33:22,4.9,6.0,315,0.0,0.0,0,0.0,0.0,0,239577.00,0.00,0.00,78,13.00,1.08,0.00,-0.2,4.998,4.998,4.998,4.998,157
2022-03-10 19:34:22,4.9,6.2,318,0.0,0.0,0,0.0,0.0,0,239895.00,0.00,0.00,87,13.00,1.21,0.00,0.2,4.998,4.998,4.998,4.998,3
2022-03-10 19:35:22,4.0,5.3,262,0.0,0.0,0,0.0,0.0,0,240157.00,0.00,0.00,84,13.00,1.17,0.00,-0.2,4.998,4.998,4.998,4.998,80
2022-03-10 19:36:22,5.8,7.0,322,0.0,0.0,0,0.0,0.0,0,240479.00,0.00,0.00,84,13.00,1.17,0.00,0.2,4.998,4.998,4.998,4.998,176
2022-03-10 19:37:22,4.4,5.8,276,0.0,0.0,0,0.0,0.0,0,240755.00,0.00,0.00,83,12.96,1.16,0.00,-0.2,4.998,4.998,4.998,4.998,131
2022-03-10 19:38:22,3.4,5.1,250,0.0,0.0,0,0.0,0.0,0,241005.00,0.00,0.00,83,13.00,1.16,0.00,-0.2,4.998,4.998,4.998,4.998,72
2022-03-10 19:39:22,4.2,4.6,206,0.0,0.0,0,0.0,0.0,0,241211.00,0.00,0.00,83,12.96,1.16,0.00,0.2,4.998,4.998,4.998,4.998,34
2022-03-10 19:40:22,3.0,5.2,233,0.0,0.0,0,0.0,0.0,0,241444.00,0.00,0.00,77,12.96,1.07,0.00,-0.2,4.998,4.998,4.998,4.998,108
2022-03-10 19:41:22,3.0,5.0,212,0.0,0.0,0,0.0,0.0,0,241656.00,0.00,0.00,77,12.96,1.07,0.00,-0.2,4.998,4.998,4.998,4.998,239
2022-03-10 19:42:22,3.6,4.0,179,0.0,0.0,0,0.0,0.0,0,241835.00,0.00,0.00,77,12.96,1.07,0.00,-0.2,4.998,4.998,4.998,4.998,45
2022-03-10 19:43:22,3.1,4.0,166,0.0,0.0,0,0.0,0.0,0,242001.00,0.00,0.00,77,12.96,1.07,0.00,-0.2,4.998,4.998,4.998,4.998,118
2022-03-10 19:44:22,2.1,3.5,156,0.0,0.0,0,0.0,0.0,0,242157.00,0.00,0.00,77,13.00,1.07,0.00,-0.2,4.998,4.998,4.998,4.998,29
2022-03-10 19:45:22,4.3,5.0,226,0.0,0.0,0,0.0,0.0,0,242383.00,0.00,0.00,77,13.00,1.07,0.00,-0.2,4.998,4.998,4.998,4.998,175
2022-03-10 19:46:22,3.4,4.5,227,0.0,0.0,0,0.0,0.0,0,242610.00,0.00,0.00,77,12.96,1.07,0.00,2.2,4.998,4.998,4.998,4.998,58
2022-03-10 19:47:22,3.5,3.7,177,0.0,0.0,0,0.0,0.0,0,242787.00,0.00,0.00,76,12.96,1.06,0.00,-0.2,4.998,4.998,4.998,4.998,241
2022-03-10 19:48:22,3.0,3.6,167,0.0,0.0,0,0.0,0.0,0,242954.00,0.00,0.00,76,12.96,1.06,0.00,-0.2,4.998,4.998,4.998,4.998,81
2022-03-10 19:49:22,2.9,4.3,197,0.0,0.0,0,0.0,0.0,0,243151.00,0.00,0.00,76,12.96,1.06,0.00,-0.2,4.998,4.998,4.998,4.998,149
2022-03-10 19:50:22,3.0,3.4,152,0.0,0.0,0,0.0,0.0,0,243303.00,0.00,0.00,76,12.96,1.06,0.00,0.2,4.998,4.998,4.998,4.998,222
2022-03-10 19:51:22,3.9,4.0,167,0.0,0.0,0,0.0,0.0,0,243470.00,0.00,0.00,75,13.00,1.04,0.00,0.2,4.998,4.998,4.998,4.998,138
2022-03-10 19:52:22,3.4,4.6,231,0.0,0.0,0,0.0,0.0,0,243701.00,0.00,0.00,55,12.96,0.77,0.00,-0.2,4.998,4.998,4.998,4.998,120
2022-03-10 19:53:22,2.5,3.8,174,0.0,0.0,0,0.0,0.0,0,243875.00,0.00,0.00,55,12.96,0.77,0.00,-0.2,4.998,4.998,4.998,4.998,209
2022-03-10 19:54:22,3.6,3.6,152,0.0,0.0,0,0.0,0.0,0,244027.00,0.00,0.00,55,12.96,0.77,0.00,-0.2,4.998,4.998,4.998,4.998,32
2022-03-10 19:55:22,3.1,4.8,205,0.0,0.0,0,0.0,0.0,0,244232.00,0.00,0.00,55,12.96,0.76,0.00,-0.2,4.998,4.998,4.998,4.998,112
2022-03-10 19:56:22,3.1,3.9,185,0.0,0.0,0,0.0,0.0,0,244417.00,0.00,0.00,55,12.96,0.77,0.00,-0.2,4.998,4.998,4.998,4.998,105
2022-03-10 19:57:22,3.3,4.4,203,0.0,0.0,0,0.0,0.0,0,244620.00,0.00,0.00,55,12.96,0.77,0.00,-0.2,4.998,4.998,4.998,4.998,247
2022-03-10 19:58:22,3.1,3.6,148,0.0,0.0,0,0.0,0.0,0,244768.00,0.00,0.00,55,12.96,0.77,0.00,-0.2,4.998,4.998,4.998,4.998,138
2022-03-10 19:59:22,3.2,3.4,134,0.0,0.0,0,0.0,0.0,0,244902.00,0.00,0.00,55,12.96,0.77,0.00,-0.2,4.998,4.998,4.998,4.998,128
2022-03-10 20:00:22,2.4,3.4,140,0.0,0.0,0,0.0,0.0,0,245042.00,0.00,0.00,55,12.96,0.76,0.00,-0.2,4.998,4.998,4.998,4.998,13
2022-03-10 20:01:22,2.5,2.7,118,0.0,0.0,0,0.0,0.0,0,245160.00,0.00,0.00,55,12.96,0.76,0.00,-0.2,4.998,4.998,4.998,4.998,245
2022-03-10 20:02:22,4.7,4.7,171,0.0,0.0,0,0.0,0.0,0,245331.00,0.00,0.00,53,12.96,0.74,0.00,0.2,4.998,4.998,4.998,4.998,172
2022-03-10 20:03:22,3.5,5.3,246,0.0,0.0,0,0.0,0.0,0,245577.00,0.00,0.00,76,12.96,1.05,0.00,-0.2,4.998,4.998,4.998,4.998,248
2022-03-10 20:04:22,3.9,4.2,188,0.0,0.0,0,0.0,0.0,0,245765.00,0.00,0.00,67,12.96,0.94,0.00,-0.2,4.998,4.998,4.998,4.998,232
2022-03-10 20:05:22,4.2,4.8,234,0.0,0.0,0,0.0,0.0,0,245999.00,0.00,0.00,62,12.96,0.87,0.00,-0.2,4.998,4.998,4.998,4.998,195
2022-03-10 20:06:22,3.0,4.6,209,0.0,0.0,0,0.0,0.0,0,246208.00,0.00,0.00,62,12.96,0.87,0.00,-0.2,4.998,4.998,4.998,4.998,219
2022-03-10 20:07:22,4.6,5.2,261,0.0,0.0,0,0.0,0.0,0,246469.00,0.00,0.00,62,12.96,0.86,0.00,-0.2,4.998,4.998,4.998,4.998,22
2022-03-10 20:08:22,3.3,4.6,211,0.0,0.0,0,0.0,0.0,0,246680.00,0.00,0.00,62,12.96,0.86,0.00,-0.2,4.998,4.998,4.998,4.998,26
2022-03-10 20:09:22,3.1,3.9,189,0.0,0.0,0,0.0,0.0,0,246869.00,0.00,0.00,62,12.96,0.86,0.00,-0.2,4.998,4.998,4.998,4.998,81
2022-03-10 20:10:22,3.9,4.5,194,0.0,0.0,0,0.0,0.0,0,247063.00,0.00,0.00,62,12.96,0.86,0.00,-0.2,4.998,4.998,4.998,4.998,58
2022-03-10 20:11:22,4.4,5.6,221,0.0,0.0,0,0.0,0.0,0,247284.00,0.00,0.00,52,12.96,0.72,0.00,-0.2,4.998,4.998,4.998,4.998,185
2022-03-10 20:12:22,3.7,5.4,236,0.0,0.0,0,0.0,0.0,0,247520.00,0.00,0.00,45,12.96,0.63,0.00,-0.6,4.998,4.998,4.998,4.998,184
2022-03-10 20:13:22,4.4,5.0,236,0.0,0.0,0,0.0,0.0,0,247756.00,0.00,0.00,51,12.96,0.71,0.00,0.2,4.998,4.998,4.998,4.998,144
2022-03-10 20:14:22,4.2,4.8,207,0.0,0.0,0,0.0,0.0,0,247963.00,0.00,0.00,46,12.96,0.63,0.00,0.2,4.998,4.998,4.998,4.998,224
2022-03-10 20:15:22,3.6,5.4,236,0.0,0.0,0,0.0,0.0,0,248199.00,0.00,0.00,53,12.96,0.74,0.00,-0.2,4.998,4.998,4.998,4.998,9
2022-03-10 20:16:22,2.5,4.1,191,0.0,0.0,0,0.0,0.0,0,248390.00,0.00,0.00,53,12.92,0.74,0.00,-0.2,4.998,4.998,4.998,4.998,218
2022-03-10 20:17:22,3.2,3.2,133,0.0,0.0,0,0.0,0.0,0,248523.00,0.00,0.00,53,12.96,0.73,0.00,-0.2,4.998,4.998,4.998,4.998,2
2022-03-10 20:18:22,3.0,3.6,165,0.0,0.0,0,0.0,0.0,0,248688.00,0.00,0.00,53,12.96,0.73,0.00,-0.2,4.998,4.998,4.998,4.998,222
2022-03-10 20:19:22,1.2,3.1,76,0.0,0.0,0,0.0,0.0,0,248764.00,0.00,0.00,52,12.96,0.73,0.00,0.2,4.998,4.998,4.998,4.998,19
2022-03-10 20:20:22,2.3,2.8,95,0.0,0.0,0,0.0,0.0,0,248859.00,0.00,0.00,53,12.96,0.73,0.00,-0.2,4.998,4.998,4.998,4.998,95
2022-03-10 20:21:22,2.5,3.6,161,0.0,0.0,0,0.0,0.0,0,249020.00,0.00,0.00,52,12.92,0.73,0.00,-0.2,4.998,4.998,4.998,4.998,18
2022-03-10 20:22:22,2.0,3.1,107,0.0,0.0,0,0.0,0.0,0,249127.00,0.00,0.00,52,12.96,0.73,0.00,-0.2,4.998,4.998,4.998,4.998,225
2022-03-10 20:23:22,1.8,3.3,96,0.0,0.0,0,0.0,0.0,0,249223.00,0.00,0.00,52,12.96,0.73,0.00,-0.2,4.998,4.998,4.998,4.998,95
2022-03-10 20:24:22,2.2,2.4,61,0.0,0.0,0,0.0,0.0,0,249284.00,0.00,0.00,52,12.92,0.73,0.00,-0.2,4.998,4.998,4.998,4.998,207
2022-03-10 20:25:22,3.3,4.2,181,0.0,0.0,0,0.0,0.0,0,249465.00,0.00,0.00,48,12.96,0.67,0.00,-0.2,4.998,4.998,4.998,4.998,164
2022-03-10 20:26:22,1.1,3.3,107,0.0,0.0,0,0.0,0.0,0,249572.00,0.00,0.00,48,12.96,0.66,0.00,-0.2,4.998,4.998,4.998,4.998,119
2022-03-10 20:27:22,0.0,0.0,0,0.0,0.0,0,0.0,0.0,0,249572.00,0.00,0.00,48,12.92,0.67,0.00,-0.2,4.998,4.998,4.998,4.998,7
2022-03-10 20:28:22,2.0,2.3,77,0.0,0.0,0,0.0,0.0,0,249649.00,0.00,0.00,48,12.92,0.67,0.00,-0.2,4.998,4.998,4.998,4.998,166
2022-03-10 20:29:22,2.2,3.1,116,0.0,0.0,0,0.0,0.0,0,249765.00,0.00,0.00,48,12.92,0.67,0.00,-0.2,4.998,4.998,4.998,4.998,159
2022-03-10 20:30:22,3.0,3.2,129,0.0,0.0,0,0.0,0.0,0,249894.00,0.00,0.00,48,12.92,0.67,0.00,-0.2,4.998,4.998,4.998,4.998,175
2022-03-10 20:31:22,1.8,3.1,114,0.0,0.0,0,0.0,0.0,0,250008.00,0.00,0.00,48,12.96,0.67,0.00,-0.2,4.998,4.998,4.998,4.998,41
2022-03-10 20:32:22,3.1,3.4,108,0.0,0.0,0,0.0,0.0,0,250116.00,0.00,0.00,48,12.96,0.67,0.00,-0.2,4.998,4.998,4.998,4.998,83
2022-03-10 20:33:22,2.6,3.2,113,0.0,0.0,0,0.0,0.0,0,250229.00,0.00,0.00,48,12.92,0.66,0.00,-0.2,4.998,4.998,4.998,4.998,253
2022-03-10 20:34:22,2.1,2.8,94,0.0,0.0,0,0.0,0.0,0,250323.00,0.00,0.00,48,12.92,0.67,0.00,-0.2,4.998,4.998,4.998,4.998,61
2022-03-10 20:35:22,1.8,3.0,102,0.0,0.0,0,0.0,0.0,0,250425.00,0.00,0.00,48,12.92,0.67,0.00,-0.2,4.998,4.998,4.998,4.998,250
2022-03-10 20:36:22,1.8,2.4,97,0.0,0.0,0,0.0,0.0,0,250522.00,0.00,0.00,48,12.92,0.67,0.00,-0.2,4.998,4.998,4.998,4.998,94
2022-03-10 20:37:22,2.2,2.3,95,0.0,0.0,0,0.0,0.0,0,250617.00,0.00,0.00,48,12.92,0.67,0.00,-0.2,4.998,4.998,4.998,4.998,17
2022-03-10 20:38:22,3.8,4.3,127,0.0,0.0,0,0.0,0.0,0,250744.00,0.00,0.00,48,12.96,0.66,0.00,-0.2,4.998,4.998,4.998,4.998,234
2022-03-10 20:39:22,2.9,4.0,163,0.0,0.0,0,0.0,0.0,0,250907.00,0.00,0.00,48,12.96,0.67,0.00,-0.2,4.998,4.998,4.998,4.998,248
2022-03-10 20:40:22,2.7,3.1,100,0.0,0.0,0,0.0,0.0,0,251007.00,0.00,0.00,48,12.96,0.66,0.00,-0.2,4.998,4.998,4.998,4.998,73
2022-03-10 20:41:22,2.5,3.6,156,0.0,0.0,0,0.0,0.0,0,251163.00,0.00,0.00,48,12.92,0.67,0.00,-0.2,4.998,4.998,4.998,4.998,246
2022-03-10 20:42:22,2.6,4.0,161,0.0,0.0,0,0.0,0.0,0,251324.00,0.00,0.00,48,12.92,0.67,0.00,-0.2,4.998,4.998,4.998,4.998,194
2022-03-10 20:43:22,2.8,4.8,194,0.0,0.0,0,0.0,0.0,0,251518.00,0.00,0.00,53,12.92,0.74,0.00,-0.2,4.998,4.998,4.998,4.998,182
2022-03-10 20:44:22,4.1,4.3,181,0.0,0.0,0,0.0,0.0,0,251699.00,0.00,0.00,53,12.96,0.74,0.00,-0.2,4.998,4.998,4.998,4.998,146
2022-03-10 20:45:22,3.9,4.9,216,0.0,0.0,0,0.0,0.0,0,251915.00,0.00,0.00,64,12.96,0.89,0.00,-0.2,4.998,4.998,4.998,4.998,29
2022-03-10 20:46:22,3.6,4.3,203,0.0,0.0,0,0.0,0.0,0,252118.00,0.00,0.00,66,12.92,0.92,0.00,-0.2,4.998,4.998,4.998,4.998,121
2022-03-10 20:47:22,4.8,5.6,206,0.0,0.0,0,0.0,0.0,0,252324.00,0.00,0.00,69,12.92,0.97,0.00,0.2,4.998,4.998,4.998,4.998,172
2022-03-10 20:48:22,5.1,6.7,310,0.0,0.0,0,0.0,0.0,0,252634.00,0.00,0.00,66,12.92,0.92,0.00,-0.2,4.998,4.998,4.998,4.998,91
2022-03-10 20:49:22,4.5,6.9,304,0.0,0.0,0,0.0,0.0,0,252938.00,0.00,0.00,59,12.96,0.83,0.00,-0.2,4.998,4.998,4.998,4.998,243
2022-03-10 20:50:22,4.4,5.5,235,0.0,0.0,0,0.0,0.0,0,253173.00,0.00,0.00,66,12.92,0.92,0.00,0.2,4.998,4.998,4.998,4.998,138
2022-03-10 20:51:22,4.4,4.9,241,0.0,0.0,0,0.0,0.0,0,253414.00,0.00,0.00,67,12.92,0.94,0.00,-0.2,4.998,4.998,4.998,4.998,21
2022-03-10 20:52:22,4.5,5.6,269,0.0,0.0,0,0.0,0.0,0,253683.00,0.00,0.00,67,12.96,0.94,0.00,-0.2,4.998,4.998,4.998,4.998,33
2022-03-10 20:53:22,4.4,4.8,229,0.0,0.0,0,0.0,0.0,0,253912.00,0.00,0.00,70,12.92,0.97,0.00,-0.2,4.998,4.998,4.998,4.998,133
2022-03-10 20:54:22,4.4,6.0,303,0.0,0.0,0,0.0,0.0,0,254215.00,0.00,0.00,67,12.92,0.94,0.00,-0.2,4.998,4.998,4.998,4.998,49
2022-03-10 20:55:22,4.1,4.8,250,0.0,0.0,0,0.0,0.0,0,254465.00,0.00,0.00,68,12.92,0.94,0.00,0.2,4.998,4.998,4.998,4.998,34
2022-03-10 20:56:22,4.3,5.7,253,0.0,0.0,0,0.0,0.0,0,254718.00,0.00,0.00,65,12.92,0.90,0.00,-0.2,4.998,4.998,4.998,4.998,75
2022-03-10 20:57:22,4.6,4.9,217,0.0,0.0,0,0.0,0.0,0,254935.00,0.00,0.00,65,12.92,0.90,0.00,-0.2,4.998,4.998,4.998,4.998,65
2022-03-10 20:58:22,4.0,5.2,263,0.0,0.0,0,0.0,0.0,0,255198.00,0.00,0.00,65,12.92,0.91,0.00,-0.2,4.998,4.998,4.998,4.998,116
2022-03-10 20:59:22,4.3,5.1,231,0.0,0.0,0,0.0,0.0,0,255429.00,0.00,0.00,52,12.92,0.72,0.00,-0.2,4.998,4.998,4.998,4.998,221
2022-03-10 21:00:22,3.4,5.1,229,0.0,0.0,0,0.0,0.0,0,255658.00,0.00,0.00,53,12.96,0.73,0.00,-0.2,4.998,4.998,4.998,4.998,157
2022-03-10 21:01:22,3.9,4.4,199,0.0,0.0,0,0.0,0.0,0,255857.00,0.00,0.00,53,12.92,0.73,0.00,-0.6,4.998,4.998,4.998,4.998,18
2022-03-10 21:02:22,3.0,4.1,153,0.0,0.0,0,0.0,0.0,0,256010.00,0.00,0.00,53,12.92,0.73,0.00,0.2,4.998,4.998,4.998,4.998,222
2022-03-10 21:03:22,3.0,4.2,192,0.0,0.0,0,0.0,0.0,0,256202.00,0.00,0.00,53,12.92,0.73,0.00,-0.2,4.998,4.998,4.998,4.998,93
2022-03-10 21:04:22,3.5,3.9,171,0.0,0.0,0,0.0,0.0,0,256373.00,0.00,0.00,53,12.92,0.73,0.00,-0.2,4.998,4.998,4.998,4.998,33
2022-03-10 21:05:22,2.4,3.4,155,0.0,0.0,0,0.0,0.0,0,256528.00,0.00,0.00,53,12.92,0.73,0.00,0.2,4.998,4.998,4.998,4.998,152
2022-03-10 21:06:22,3.6,3.6,151,0.0,0.0,0,0.0,0.0,0,256679.00,0.00,0.00,51,12.92,0.71,0.00,0.2,4.998,4.998,4.998,4.998,77
2022-03-10 21:07:22,2.9,3.6,161,0.0,0.0,0,0.0,0.0,0,256840.00,0.00,0.00,52,12.92,0.72,0.00,-0.2,4.998,4.998,4.998,4.998,2
2022-03-10 21:08:22,3.4,4.0,183,0.0,0.0,0,0.0,0.0,0,257023.00,0.00,0.00,52,12.92,0.72,0.00,-0.2,4.998,4.998,4.998,4.998,90
2022-03-10 21:09:22,3.8,4.0,168,0.0,0.0,0,0.0,0.0,0,257191.00,0.00,0.00,52,12.92,0.72,0.00,-0.2,4.998,4.998,4.998,4.998,48
2022-03-10 21:10:22,2.7,5.8,217,0.0,0.0,0,0.0,0.0,0,257408.00,0.00,0.00,52,12.92,0.73,0.00,-0.2,4.998,4.998,4.998,4.998,111
2022-03-10 21:11:22,3.0,4.1,153,0.0,0.0,0,0.0,0.0,0,257561.00,0.00,0.00,52,12.92,0.73,0.00,-0.2,4.998,4.998,4.998,4.998,146
2022-03-10 21:12:22,1.6,3.2,122,0.0,0.0,0,0.0,0.0,0,257683.00,0.00,0.00,53,12.92,0.73,0.00,-0.2,4.998,4.998,4.998,4.998,160
2022-03-10 21:13:22,1.3,2.0,63,0.0,0.0,0,0.0,0.0,0,257746.00,0.00,0.00,53,12.92,0.73,0.00,-0.2,4.998,4.998,4.998,4.998,49
2022-03-10 21:14:22,2.0,2.3,26,0.0,0.0,0,0.0,0.0,0,257772.00,0.00,0.00,53,12.92,0.73,0.00,-0.2,4.998,4.998,4.998,4.998,20
2022-03-10 21:15:22,0.0,2.6,49,0.0,0.0,0,0.0,0.0,0,257821.00,0.00,0.00,53,12.92,0.73,0.00,0.2,4.998,4.998,4.998,4.998,46
2022-03-10 21:16:22,0.0,0.0,0,0.0,0.0,0,0.0,0.0,0,257821.00,0.00,0.00,53,12.92,0.73,0.00,-0.2,4.998,4.998,4.998,4.998,3
2022-03-10 21:17:22,1.7,2.0,14,0.0,0.0,0,0.0,0.0,0,257835.00,0.00,0.00,52,12.92,0.72,0.00,-0.2,4.998,4.998,4.998,4.998,170
2022-03-10 21:18:22,0.0,2.4,64,0.0,0.0,0,0.0,0.0,0,257899.00,0.00,0.00,52,12.92,0.72,0.00,0.2,4.998,4.998,4.998,4.998,231
2022-03-10 21:19:22,1.8,3.5,109,0.0,0.0,0,0.0,0.0,0,258008.00,0.00,0.00,52,12.92,0.72,0.00,0.2,4.998,4.998,4.998,4.998,208
2022-03-10 21:20:22,2.0,2.4,98,0.0,0.0,0,0.0,0.0,0,258106.00,0.00,0.00,52,12.89,0.72,0.00,-0.2,4.998,4.998,4.998,4.998,27
2022-03-10 21:21:22,1.0,3.1,98,0.0,0.0,0,0.0,0.0,0,258204.00,0.00,0.00,52,12.92,0.72,0.00,-0.2,4.998,4.998,4.998,4.998,13
2022-03-10 21:22:22,0.9,2.7,71,0.0,0.0,0,0.0,0.0,0,258275.00,0.00,0.00,52,12.92,0.72,0.00,-0.2,4.998,4.998,4.998,4.998,246
2022-03-10 21:23:22,2.5,2.9,123,0.0,0.0,0,0.0,0.0,0,258398.00,0.00,0.00,52,12.92,0.72,0.00,-0.2,4.998,4.998,4.998,4.998,54
2022-03-10 21:24:22,2.2,2.9,109,0.0,0.0,0,0.0,0.0,0,258507.00,0.00,0.00,52,12.92,0.72,0.00,-0.2,4.998,4.998,4.998,4.998,227
2022-03-10 21:25:22,1.9,2.6,88,0.0,0.0,0,0.0,0.0,0,258595.00,0.00,0.00,52,12.92,0.72,0.00,0.2,4.998,4.998,4.998,4.998,133
2022-03-10 21:26:22,1.9,3.1,100,0.0,0.0,0,0.0,0.0,0,258695.00,0.00,0.00,52,12.92,0.72,0.00,-0.2,4.998,4.998,4.998,4.998,232
2022-03-10 21:27:22,1.9,2.1,74,0.0,0.0,0,0.0,0.0,0,258769.00,0.00,0.00,52,12.92,0.72,0.00,-0.2,4.998,4.998,4.998,4.998,66
2022-03-10 21:28:22,2.0,2.6,94,0.0,0.0,0,0.0,0.0,0,258863.00,0.00,0.00,52,12.92,0.72,0.00,0.2,4.998,4.998,4.998,4.998,10
2022-03-10 21:29:22,2.0,2.7,103,0.0,0.0,0,0.0,0.0,0,258966.00,0.00,0.00,52,12.89,0.72,0.00,-0.2,4.998,4.998,4.998,4.998,118
2022-03-10 21:30:22,3.0,3.1,121,0.0,0.0,0,0.0,0.0,0,259087.00,0.00,0.00,52,12.92,0.72,0.00,0.2,4.998,4.998,4.998,4.998,199
2022-03-10 21:31:22,1.4,3.0,107,0.0,0.0,0,0.0,0.0,0,259194.00,0.00,0.00,52,12.92,0.72,0.00,0.2,4.998,4.998,4.998,4.998,113
2022-03-10 21:32:22,2.1,2.1,73,0.0,0.0,0,0.0,0.0,0,259267.00,0.00,0.00,52,12.89,0.72,0.00,-0.2,4.998,4.998,4.998,4.998,244
2022-03-10 21:33:22,2.4,2.9,131,0.0,0.0,0,0.0,0.0,0,259398.00,0.00,0.00,52,12.92,0.72,0.00,0.2,4.998,4.998,4.998,4.998,213
2022-03-10 21:34:22,2.8,3.0,113,0.0,0.0,0,0.0,0.0,0,259511.00,0.00,0.00,52,12.92,0.72,0.00,-0.2,4.998,4.998,4.998,4.998,136
2022-03-10 21:35:22,1.9,2.8,99,0.0,0.0,0,0.0,0.0,0,259610.00,0.00,0.00,52,12.92,0.72,0.00,-0.2,4.998,4.998,4.998,4.998,41
2022-03-10 21:36:22,1.3,2.2,78,0.0,0.0,0,0.0,0.0,0,259688.00,0.00,0.00,52,12.92,0.72,0.00,-0.2,4.998,4.998,4.998,4.998,57
2022-03-10 21:37:22,2.6,3.8,125,0.0,0.0,0,0.0,0.0,0,259813.00,0.00,0.00,40,12.89,0.55,0.00,-0.2,4.998,4.998,4.998,4.998,170
2022-03-10 21:38:22,2.8,3.0,118,0.0,0.0,0,0.0,0.0,0,259931.00,0.00,0.00,39,12.92,0.55,0.00,-0.2,4.998,4.998,4.998,4.998,242
2022-03-10 21:39:22,2.2,3.0,104,0.0,0.0,0,0.0,0.0,0,260035.00,0.00,0.00,39,12.92,0.55,0.00,-0.2,4.998,4.998,4.998,4.998,169
2022-03-10 21:40:22,2.6,2.8,115,0.0,0.0,0,0.0,0.0,0,260150.00,0.00,0.00,40,12.92,0.55,0.00,-0.2,4.998,4.998,4.998,4.998,27
2022-03-10 21:41:22,2.6,3.1,120,0.0,0.0,0,0.0,0.0,0,260270.00,0.00,0.00,40,12.92,0.55,0.00,-0.2,4.998,4.998,4.998,4.998,251
2022-03-10 21:42:22,2.3,2.7,99,0.0,0.0,0,0.0,0.0,0,260369.00,0.00,0.00,39,12.92,0.55,0.00,-0.2,4.998,4.998,4.998,4.998,188
2022-03-10 21:43:22,1.1,2.4,80,0.0,0.0,0,0.0,0.0,0,260449.00,0.00,0.00,40,12.89,0.55,0.00,0.2,4.998,4.998,4.998,4.998,253
2022-03-10 21:44:22,2.4,2.4,36,0.0,0.0,0,0.0,0.0,0,260485.00,0.00,0.00,40,12.92,0.55,0.00,-0.2,4.998,4.998,4.998,4.998,254
2022-03-10 21:45:22,1.3,2.4,79,0.0,0.0,0,0.0,0.0,0,260564.00,0.00,0.00,40,12.89,0.55,0.00,-0.2,4.998,4.998,4.998,4.998,94
2022-03-10 21:46:22,0.0,1.3,4,0.0,0.0,0,0.0,0.0,0,260568.00,0.00,0.00,39,12.92,0.55,0.00,0.2,4.998,4.998,4.998,4.998,18
2022-03-10 21:47:22,1.1,2.6,62,0.0,0.0,0,0.0,0.0,0,260630.00,0.00,0.00,39,12.89,0.55,0.00,-0.2,4.998,4.998,4.998,4.998,192
2022-03-10 21:48:22,2.1,2.4,86,0.0,0.0,0,0.0,0.0,0,260716.00,0.00,0.00,39,12.92,0.55,0.00,-0.2,4.998,4.998,4.998,4.998,133
2022-03-10 21:49:22,2.6,3.1,121,0.0,0.0,0,0.0,0.0,0,260837.00,0.00,0.00,40,12.89,0.55,0.00,0.2,4.998,4.998,4.998,4.998,26
2022-03-10 21:50:22,2.4,3.4,109,0.0,0.0,0,0.0,0.0,0,260946.00,0.00,0.00,39,12.89,0.55,0.00,0.2,4.998,4.998,4.998,4.998,50
2022-03-10 21:51:22,2.7,3.4,137,0.0,0.0,0,0.0,0.0,0,261083.00,0.00,0.00,40,12.89,0.55,0.00,-0.2,4.998,4.998,4.998,4.998,121
2022-03-10 21:52:22,2.7,3.1,134,0.0,0.0,0,0.0,0.0,0,261217.00,0.00,0.00,40,12.89,0.55,0.00,0.2,4.998,4.998,4.998,4.998,140
2022-03-10 21:53:22,2.8,3.1,137,0.0,0.0,0,0.0,0.0,0,261354.00,0.00,0.00,39,12.89,0.55,0.00,-0.2,4.998,4.998,4.998,4.998,211
2022-03-10 21:54:22,2.3,3.5,138,0.0,0.0,0,0.0,0.0,0,261492.00,0.00,0.00,39,12.89,0.55,0.00,-0.2,4.998,4.998,4.998,4.998,194
2022-03-10 21:55:22,2.5,2.5,99,0.0,0.0,0,0.0,0.0,0,261591.00,0.00,0.00,39,12.92,0.55,0.00,0.2,4.998,4.998,4.998,4.998,46
2022-03-10 21:56:22,3.5,4.1,148,0.0,0.0,0,0.0,0.0,0,261739.00,0.00,0.00,39,12.92,0.55,0.00,-0.2,4.998,4.998,4.998,4.998,104
2022-03-10 21:57:22,0.0,3.6,62,0.0,0.0,0,0.0,0.0,0,261801.00,0.00,0.00,39,12.89,0.54,0.00,-0.2,4.998,4.998,4.998,4.998,83
2022-03-10 21:58:22,3.1,4.3,152,0.0,0.0,0,0.0,0.0,0,261953.00,0.00,0.00,18,12.92,0.26,0.00,-0.2,4.998,4.998,4.998,4.998,56
2022-03-10 21:59:22,1.1,3.1,96,0.0,0.0,0,0.0,0.0,0,262049.00,0.00,0.00,18,12.89,0.25,0.00,-0.2,4.998,4.998,4.998,4.998,192
2022-03-10 22:00:22,2.4,2.7,107,0.0,0.0,0,0.0,0.0,0,262156.00,0.00,0.00,18,12.92,0.26,0.00,-0.2,4.998,4.998,4.998,4.998,56
2022-03-10 22:01:22,3.0,3.2,115,0.0,0.0,0,0.0,0.0,0,262271.00,0.00,0.00,18,12.89,0.26,0.00,-0.2,4.998,4.998,4.998,4.998,138
2022-03-10 22:02:22,2.8,3.2,108,0.0,0.0,0,0.0,0.0,0,262379.00,0.00,0.00,18,12.89,0.26,0.00,-0.2,4.998,4.998,4.998,4.998,14
2022-03-10 22:03:22,0.0,3.0,46,0.0,0.0,0,0.0,0.0,0,262425.00,0.00,0.00,18,12.89,0.26,0.00,-0.2,4.998,4.998,4.998,4.998,31
2022-03-10 22:04:22,1.2,3.5,99,0.0,0.0,0,0.0,0.0,0,262524.00,0.00,0.00,18,12.92,0.26,0.00,0.2,4.998,4.998,4.998,4.998,229
2022-03-10 22:05:22,2.9,3.1,100,0.0,0.0,0,0.0,0.0,0,262624.00,0.00,0.00,16,12.89,0.23,0.00,-0.2,4.998,4.998,4.998,4.998,159
2022-03-10 22:06:22,2.8,3.0,116,0.0,0.0,0,0.0,0.0,0,262740.00,0.00,0.00,16,12.89,0.22,0.00,-0.2,4.998,4.998,4.998,4.998,0
2022-03-10 22:07:22,1.7,2.9,92,0.0,0.0,0,0.0,0.0,0,262832.00,0.00,0.00,16,12.92,0.22,0.00,-0.2,4.998,4.998,4.998,4.998,62
2022-03-10 22:08:22,0.0,1.7,5,0.0,0.0,0,0.0,0.0,0,262837.00,0.00,0.00,16,12.92,0.22,0.00,-0.2,4.998,4.998,4.998,4.998,70
2022-03-10 22:09:22,0.0,0.0,0,0.0,0.0,0,0.0,0.0,0,262837.00,0.00,0.00,16,12.89,0.22,0.00,-0.2,4.998,4.998,4.998,4.998,255
2022-03-10 22:10:22,1.1,2.5,78,0.0,0.0,0,0.0,0.0,0,262915.00,0.00,0.00,16,12.89,0.22,0.00,0.2,4.998,4.998,4.998,4.998,145
2022-03-10 22:11:22,0.0,0.0,1,0.0,0.0,0,0.0,0.0,0,262916.00,0.00,0.00,16,12.92,0.22,0.00,-0.2,4.998,4.998,4.998,4.998,40
2022-03-10 22:12:22,0.0,0.0,0,0.0,0.0,0,0.0,0.0,0,262916.00,0.00,0.00,16,12.92,0.22,0.00,0.2,4.998,4.998,4.998,4.998,87
2022-03-10 22:13:22,1.3,1.3,2,0.0,0.0,0,0.0,0.0,0,262918.00,0.00,0.00,16,12.92,0.22,0.00,-0.2,4.998,4.998,4.998,4.998,15
2022-03-10 22:14:22,2.1,2.5,81,0.0,0.0,0,0.0,0.0,0,262999.00,0.00,0.00,16,12.92,0.22,0.00,-0.2,4.998,4.998,4.998,4.998,62
2022-03-10 22:15:22,0.0,2.3,46,0.0,0.0,0,0.0,0.0,0,263045.00,0.00,0.00,16,12.92,0.22,0.00,-0.2,4.998,4.998,4.998,4.998,213
2022-03-10 22:16:22,0.0,0.0,0,0.0,0.0,0,0.0,0.0,0,263045.00,0.00,0.00,16,12.89,0.22,0.00,0.2,4.998,4.998,4.998,4.998,14
2022-03-10 22:17:22,0.0,0.0,0,0.0,0.0,0,0.0,0.0,0,263045.00,0.00,0.00,16,12.89,0.22,0.00,-0.2,4.998,4.998,4.998,4.998,183
2022-03-10 22:18:22,1.7,1.9,11,0.0,0.0,0,0.0,0.0,0,263056.00,0.00,0.00,16,12.89,0.22,0.00,0.2,4.998,4.998,4.998,4.998,159
2022-03-10 22:19:22,2.2,2.7,68,0.0,0.0,0,0.0,0.0,0,263124.00,0.00,0.00,16,12.89,0.22,0.00,0.2,4.998,4.998,4.998,4.998,130
2022-03-10 22:20:22,1.7,2.3,65,0.0,0.0,0,0.0,0.0,0,263189.00,0.00,0.00,16,12.89,0.22,0.00,-0.2,4.998,4.998,4.998,4.998,112
2022-03-10 22:21:22,0.0,2.5,51,0.0,0.0,0,0.0,0.0,0,263240.00,0.00,0.00,16,12.89,0.22,0.00,-0.2,4.998,4.998,4.998,4.998,19
2022-03-10 22:22:22,0.0,0.0,0,0.0,0.0,0,0.0,0.0,0,263240.00,0.00,0.00,16,12.89,0.22,0.00,-0.2,4.998,4.998,4.998,4.998,208
2022-03-10 22:23:22,0.0,0.0,0,0.0,0.0,0,0.0,0.0,0,263240.00,0.00,0.00,16,12.89,0.22,0.00,-0.2,4.998,4.998,4.998,4.998,169
2022-03-10 22:24:22,0.0,0.0,0,0.0,0.0,0,0.0,0.0,0,263240.00,0.00,0.00,16,12.89,0.22,0.00,-0.2,4.998,4.998,4.998,4.998,179
2022-03-10 22:25:22,0.0,0.0,0,0.0,0.0,0,0.0,0.0,0,263240.00,0.00,0.00,16,12.89,0.22,0.00,0.2,4.998,4.998,4.998,4.998,18
2022-03-10 22:26:22,0.0,0.0,0,0.0,0.0,0,0.0,0.0,0,263240.00,0.00,0.00,16,12.89,0.22,0.00,-0.2,4.998,4.998,4.998,4.998,12
2022-03-10 22:27:22,0.0,0.0,0,0.0,0.0,0,0.0,0.0,0,263240.00,0.00,0.00,16,12.92,0.22,0.00,-0.2,4.998,4.998,4.998,4.998,107
2022-03-10 22:28:22,0.0,0.0,0,0.0,0.0,0,0.0,0.0,0,263240.00,0.00,0.00,16,12.89,0.22,0.00,-0.2,4.998,4.998,4.998,4.998,1
2022-03-10 22:29:22,0.0,0.0,0,0.0,0.0,0,0.0,0.0,0,263240.00,0.00,0.00,16,12.89,0.22,0.00,-0.2,4.998,4.998,4.998,4.998,120
2022-03-10 22:30:22,0.0,0.0,0,0.0,0.0,0,0.0,0.0,0,263240.00,0.00,0.00,16,12.92,0.22,0.00,0.2,4.998,4.998,4.998,4.998,67
2022-03-10 22:31:22,0.0,0.0,0,0.0,0.0,0,0.0,0.0,0,263240.00,0.00,0.00,16,12.89,0.22,0.00,-0.2,4.998,4.998,4.998,4.998,5
2022-03-10 22:32:22,1.9,2.1,67,0.0,0.0,0,0.0,0.0,0,263307.00,0.00,0.00,16,12.89,0.22,0.00,-0.2,4.998,4.998,4.998,4.998,220
2022-03-10 22:33:22,0.0,1.8,30,0.0,0.0,0,0.0,0.0,0,263337.00,0.00,0.00,16,12.89,0.22,0.00,-0.2,4.998,4.998,4.998,4.998,139
2022-03-10 22:34:22,0.0,0.0,0,0.0,0.0,0,0.0,0.0,0,263337.00,0.00,0.00,16,12.89,0.22,0.00,-0.2,4.998,4.998,4.998,4.998,94
2022-03-10 22:35:22,0.0,0.0,0,0.0,0.0,0,0.0,0.0,0,263337.00,0.00,0.00,16,12.89,0.22,0.00,-0.2,4.998,4.998,4.998,4.998,39
2022-03-10 22:36:22,0.0,0.0,0,0.0,0.0,0,0.0,0.0,0,263337.00,0.00,0.00,16,12.89,0.22,0.00,-0.2,4.998,4.998,4.998,4.998,225
2022-03-10 22:37:22,0.0,0.0,0,0.0,0.0,0,0.0,0.0,0,263337.00,0.00,0.00,16,12.89,0.22,0.00,-0.2,4.998,4.998,4.998,4.998,152
2022-03-10 22:38:22,1.5,2.0,27,0.0,0.0,0,0.0,0.0,0,263364.00,0.00,0.00,16,12.89,0.22,0.00,-0.2,4.998,4.998,4.998,4.998,41
2022-03-10 22:39:22,0.0,1.5,5,0.0,0.0,0,0.0,0.0,0,263369.00,0.00,0.00,16,12.89,0.22,0.00,-0.2,4.998,4.998,4.998,4.998,66
2022-03-10 22:40:22,0.0,0.0,0,0.0,0.0,0,0.0,0.0,0,263369.00,0.00,0.00,16,12.89,0.22,0.00,-0.2,4.998,4.998,4.998,4.998,65
2022-03-10 22:41:22,0.0,0.0,0,0.0,0.0,0,0.0,0.0,0,263369.00,0.00,0.00,16,12.89,0.22,0.00,-0.2,4.998,4.998,4.998,4.998,56
2022-03-10 22:42:22,0.0,0.0,0,0.0,0.0,0,0.0,0.0,0,263369.00,0.00,0.00,16,12.89,0.22,0.00,0.2,4.998,4.998,4.998,4.998,158
2022-03-10 22:43:22,0.0,0.0,0,0.0,0.0,0,0.0,0.0,0,263369.00,0.00,0.00,16,12.89,0.22,0.00,-0.2,4.998,4.998,4.998,4.998,135
2022-03-10 22:44:22,0.0,0.0,0,0.0,0.0,0,0.0,0.0,0,263369.00,0.00,0.00,16,12.89,0.22,0.00,-0.2,4.998,4.998,4.998,4.998,157
2022-03-10 22:45:22,0.0,0.0,0,0.0,0.0,0,0.0,0.0,0,263369.00,0.00,0.00,16,12.89,0.22,0.00,-0.2,4.998,4.998,4.998,4.998,228
2022-03-10 22:46:22,0.0,0.0,0,0.0,0.0,0,0.0,0.0,0,263369.00,0.00,0.00,16,12.89,0.22,0.00,-0.2,4.998,4.998,4.998,4.998,34
2022-03-10 22:47:22,0.0,0.0,0,0.0,0.0,0,0.0,0.0,0,263369.00,0.00,0.00,16,12.89,0.22,0.00,-0.2,4.998,4.998,4.998,4.998,91
2022-03-10 22:48:22,0.0,0.0,0,0.0,0.0,0,0.0,0.0,0,263369.00,0.00,0.00,16,12.89,0.22,0.00,0.2,4.998,4.998,4.998,4.998,167
2022-03-10 22:49:22,0.0,0.0,0,0.0,0.0,0,0.0,0.0,0,263369.00,0.00,0.00,16,12.89,0.22,0.00,-0.6,4.998,4.998,4.998,4.998,25
2022-03-10 22:50:22,0.0,0.0,0,0.0,0.0,0,0.0,0.0,0,263369.00,0.00,0.00,16,12.89,0.22,0.00,-0.2,4.998,4.998,4.998,4.998,82
2022-03-10 22:51:22,0.0,0.0,0,0.0,0.0,0,0.0,0.0,0,263369.00,0.00,0.00,16,12.89,0.22,0.00,-0.2,4.998,4.998,4.998,4.998,43
2022-03-10 22:52:22,0.0,0.0,0,0.0,0.0,0,0.0,0.0,0,263369.00,0.00,0.00,16,12.89,0.22,0.00,0.2,4.998,4.998,4.998,4.998,231
2022-03-10 22:53:22,0.0,0.0,0,0.0,0.0,0,0.0,0.0,0,263369.00,0.00,0.00,16,12.89,0.22,0.00,-0.6,4.998,4.998,4.998,4.998,219
2022-03-10 22:54:22,0.0,0.0,0,0.0,0.0,0,0.0,0.0,0,263369.00,0.00,0.00,16,12.89,0.22,0.00,-0.2,4.998,4.998,4.998,4.998,142
2022-03-10 22:55:22,0.0,0.0,0,0.0,0.0,0,0.0,0.0,0,263369.00,0.00,0.00,16,12.89,0.22,0.00,-0.2,4.998,4.998,4.998,4.998,247
2022-03-10 22:56:22,0.0,0.0,0,0.0,0.0,0,0.0,0.0,0,263369.00,0.00,0.00,16,12.89,0.22,0.00,-0.2,4.998,4.998,4.998,4.998,49
2022-03-10 22:57:22,0.0,0.0,0,0.0,0.0,0,0.0,0.0,0,263369.00,0.00,0.00,16,12.89,0.22,0.00,-0.2,4.998,4.998,4.998,4.998,72
2022-03-10 22:58:22,0.0,0.0,0,0.0,0.0,0,0.0,0.0,0,263369.00,0.00,0.00,16,12.89,0.22,0.00,-0.2,4.998,4.998,4.998,4.998,60
2022-03-10 22:59:22,0.0,0.0,0,0.0,0.0,0,0.0,0.0,0,263369.00,0.00,0.00,16,12.89,0.22,0.00,-0.2,4.998,4.998,4.998,4.998,69
2022-03-10 23:00:22,0.0,0.0,0,0.0,0.0,0,0.0,0.0,0,263369.00,0.00,0.00,16,12.89,0.22,0.00,-0.2,4.998,4.998,4.998,4.998,45
2022-03-10 23:01:22,0.0,0.0,0,0.0,0.0,0,0.0,0.0,0,263369.00,0.00,0.00,16,12.89,0.22,0.00,-0.2,4.998,4.998,4.998,4.998,84
2022-03-10 23:02:22,0.0,0.0,0,0.0,0.0,0,0.0,0.0,0,263369.00,0.00,0.00,16,12.89,0.22,0.00,-0.2,4.998,4.998,4.998,4.998,146
2022-03-10 23:03:22,0.0,0.0,0,0.0,0.0,0,0.0,0.0,0,263369.00,0.00,0.00,16,12.89,0.22,0.00,-0.2,4.998,4.998,4.998,4.998,235
2022-03-10 23:04:22,0.0,0.0,0,0.0,0.0,0,0.0,0.0,0,263369.00,0.00,0.00,16,12.89,0.22,0.00,-0.2,4.998,4.998,4.998,4.998,241
2022-03-10 23:05:22,0.0,0.0,0,0.0,0.0,0,0.0,0.0,0,263369.00,0.00,0.00,16,12.89,0.22,0.00,-0.2,4.998,4.998,4.998,4.998,136
2022-03-10 23:06:22,0.0,0.0,0,0.0,0.0,0,0.0,0.0,0,263369.00,0.00,0.00,16,12.89,0.22,0.00,-0.2,4.998,4.998,4.998,4.998,78
2022-03-10 23:07:22,0.0,0.0,0,0.0,0.0,0,0.0,0.0,0,263369.00,0.00,0.00,16,12.89,0.22,0.00,-0.2,4.998,4.998,4.998,4.998,55
2022-03-10 23:08:22,0.0,0.0,0,0.0,0.0,0,0.0,0.0,0,263369.00,0.00,0.00,16,12.89,0.22,0.00,-0.2,4.998,4.998,4.998,4.998,67
2022-03-10 23:09:22,0.0,0.0,0,0.0,0.0,0,0.0,0.0,0,263369.00,0.00,0.00,16,12.89,0.22,0.00,-0.2,4.998,4.998,4.998,4.998,58
2022-03-10 23:10:22,0.0,0.0,0,0.0,0.0,0,0.0,0.0,0,263369.00,0.00,0.00,16,12.89,0.22,0.00,-0.6,4.998,4.998,4.998,4.998,113
2022-03-10 23:11:22,0.0,0.0,0,0.0,0.0,0,0.0,0.0,0,263369.00,0.00,0.00,16,12.89,0.22,0.00,-0.2,4.998,4.998,4.998,4.998,71
2022-03-10 23:12:22,0.0,0.0,0,0.0,0.0,0,0.0,0.0,0,263369.00,0.00,0.00,16,12.89,0.22,0.00,-0.2,4.998,4.998,4.998,4.998,129
2022-03-10 23:13:22,0.0,0.0,0,0.0,0.0,0,0.0,0.0,0,263369.00,0.00,0.00,16,12.89,0.22,0.00,-0.2,4.998,4.998,4.998,4.998,248
2022-03-10 23:14:22,0.0,0.0,0,0.0,0.0,0,0.0,0.0,0,263369.00,0.00,0.00,16,12.89,0.22,0.00,-0.2,4.998,4.998,4.998,4.998,226
2022-03-10 23:15:22,0.0,0.0,0,0.0,0.0,0,0.0,0.0,0,263369.00,0.00,0.00,16,12.89,0.22,0.00,-0.2,4.998,4.998,4.998,4.998,155
2022-03-10 23:16:22,0.0,0.0,0,0.0,0.0,0,0.0,0.0,0,263369.00,0.00,0.00,16,12.89,0.22,0.00,-0.2,4.998,4.998,4.998,4.998,93
2022-03-10 23:17:22,1.6,1.6,5,0.0,0.0,0,0.0,0.0,0,263374.00,0.00,0.00,16,12.89,0.22,0.00,-0.2,4.998,4.998,4.998,4.998,136
2022-03-10 23:18:22,0.9,1.8,57,0.0,0.0,0,0.0,0.0,0,263431.00,0.00,0.00,16,12.89,0.22,0.00,-0.2,4.998,4.998,4.998,4.998,211
2022-03-10 23:19:22,0.0,1.0,1,0.0,0.0,0,0.0,0.0,0,263432.00,0.00,0.00,16,12.85,0.22,0.00,-0.2,4.998,4.998,4.998,4.998,182
2022-03-10 23:20:22,0.0,0.0,0,0.0,0.0,0,0.0,0.0,0,263432.00,0.00,0.00,16,12.89,0.22,0.00,-0.2,4.998,4.998,4.998,4.998,140
2022-03-10 23:21:22,0.0,0.0,0,0.0,0.0,0,0.0,0.0,0,263432.00,0.00,0.00,16,12.89,0.22,0.00,-0.2,4.998,4.998,4.998,4.998,245
2022-03-10 23:22:22,1.6,1.7,13,0.0,0.0,0,0.0,0.0,0,263445.00,0.00,0.00,16,12.85,0.22,0.00,-0.2,4.998,4.998,4.998,4.998,18
2022-03-10 23:23:22,1.6,2.3,76,0.0,0.0,0,0.0,0.0,0,263521.00,0.00,0.00,16,12.85,0.22,0.00,-0.2,4.998,4.998,4.998,4.998,250
2022-03-10 23:24:22,0.0,1.5,12,0.0,0.0,0,0.0,0.0,0,263533.00,0.00,0.00,16,12.89,0.22,0.00,-0.2,4.998,4.998,4.998,4.998,76
2022-03-10 23:25:22,0.0,0.0,0,0.0,0.0,0,0.0,0.0,0,263533.00,0.00,0.00,16,12.89,0.22,0.00,-0.2,4.998,4.998,4.998,4.998,203
2022-03-10 23:26:22,0.0,0.0,0,0.0,0.0,0,0.0,0.0,0,263533.00,0.00,0.00,16,12.89,0.22,0.00,-0.2,4.998,4.998,4.998,4.998,13
2022-03-10 23:27:22,0.0,0.0,0,0.0,0.0,0,0.0,0.0,0,263533.00,0.00,0.00,16,12.85,0.22,0.00,-0.2,4.998,4.998,4.998,4.998,184
2022-03-10 23:28:22,2.2,2.6,36,0.0,0.0,0,0.0,0.0,0,263569.00,0.00,0.00,6,12.89,0.09,0.00,-0.2,4.998,4.998,4.998,4.998,86
2022-03-10 23:29:22,0.0,2.1,30,0.0,0.0,0,0.0,0.0,0,263599.00,0.00,0.00,6,12.85,0.09,0.00,-0.2,4.998,4.998,4.998,4.998,60
2022-03-10 23:30:22,0.0,0.0,0,0.0,0.0,0,0.0,0.0,0,263599.00,0.00,0.00,6,12.85,0.09,0.00,-0.2,4.998,4.998,4.998,4.998,162
2022-03-10 23:31:22,0.0,0.0,0,0.0,0.0,0,0.0,0.0,0,263599.00,0.00,0.00,6,12.89,0.09,0.00,0.2,4.998,4.998,4.998,4.998,120
2022-03-10 23:32:22,0.0,0.0,0,0.0,0.0,0,0.0,0.0,0,263599.00,0.00,0.00,6,12.85,0.09,0.00,-0.2,4.998,4.998,4.998,4.998,150
2022-03-10 23:33:22,0.0,0.0,0,0.0,0.0,0,0.0,0.0,0,263599.00,0.00,0.00,6,12.85,0.08,0.00,-0.2,4.998,4.998,4.998,4.998,53
2022-03-10 23:34:22,0.0,0.0,0,0.0,0.0,0,0.0,0.0,0,263599.00,0.00,0.00,6,12.89,0.09,0.00,0.2,4.998,4.998,4.998,4.998,33
2022-03-10 23:35:22,0.0,0.0,0,0.0,0.0,0,0.0,0.0,0,263599.00,0.00,0.00,6,12.89,0.09,0.00,-0.2,4.998,4.998,4.998,4.998,28
2022-03-10 23:36:22,0.0,0.0,0,0.0,0.0,0,0.0,0.0,0,263599.00,0.00,0.00,6,12.85,0.08,0.00,-0.2,4.998,4.998,4.998,4.998,71
2022-03-10 23:37:22,0.0,0.0,0,0.0,0.0,0,0.0,0.0,0,263599.00,0.00,0.00,6,12.85,0.09,0.00,-0.2,4.998,4.998,4.998,4.998,228
2022-03-10 23:38:22,0.0,0.0,0,0.0,0.0,0,0.0,0.0,0,263599.00,0.00,0.00,6,12.85,0.09,0.00,-0.2,4.998,4.998,4.998,4.998,175
2022-03-10 23:39:22,0.0,0.0,0,0.0,0.0,0,0.0,0.0,0,263599.00,0.00,0.00,6,12.89,0.09,0.00,-0.2,4.998,4.998,4.998,4.998,11
2022-03-10 23:40:22,0.0,0.0,0,0.0,0.0,0,0.0,0.0,0,263599.00,0.00,0.00,6,12.89,0.09,0.00,-0.2,4.998,4.998,4.998,4.998,116
2022-03-10 23:41:22,0.0,0.0,0,0.0,0.0,0,0.0,0.0,0,263599.00,0.00,0.00,6,12.89,0.09,0.00,-0.2,4.998,4.998,4.998,4.998,28
2022-03-10 23:42:22,0.0,0.0,0,0.0,0.0,0,0.0,0.0,0,263599.00,0.00,0.00,6,12.89,0.09,0.00,-0.2,4.998,4.998,4.998,4.998,64
2022-03-10 23:43:22,0.0,0.0,0,0.0,0.0,0,0.0,0.0,0,263599.00,0.00,0.00,6,12.85,0.09,0.00,-0.2,4.998,4.998,4.998,4.998,228
2022-03-10 23:44:22,0.0,0.0,0,0.0,0.0,0,0.0,0.0,0,263599.00,0.00,0.00,6,12.85,0.09,0.00,-0.2,4.998,4.998,4.998,4.998,162
2022-03-10 23:45:22,1.9,2.0,27,0.0,0.0,0,0.0,0.0,0,263626.00,0.00,0.00,6,12.85,0.09,0.00,-0.2,4.998,4.998,4.998,4.998,124
2022-03-10 23:46:22,2.6,2.7,117,0.0,0.0,0,0.0,0.0,0,263743.00,0.00,0.00,6,12.85,0.09,0.00,-0.2,4.998,4.998,4.998,4.998,192
2022-03-10 23:47:22,1.4,2.6,94,0.0,0.0,0,0.0,0.0,0,263837.00,0.00,0.00,6,12.85,0.09,0.00,-0.2,4.998,4.998,4.998,4.998,223
2022-03-10 23:48:22,0.0,1.1,3,0.0,0.0,0,0.0,0.0,0,263840.00,0.00,0.00,6,12.85,0.09,0.00,-0.2,4.998,4.998,4.998,4.998,70
2022-03-10 23:49:22,0.0,0.0,0,0.0,0.0,0,0.0,0.0,0,263840.00,0.00,0.00,6,12.85,0.09,0.00,-0.2,4.998,4.998,4.998,4.998,90
2022-03-10 23:50:22,0.0,0.0,0,0.0,0.0,0,0.0,0.0,0,263840.00,0.00,0.00,6,12.85,0.09,0.00,-0.2,4.998,4.998,4.998,4.998,70
2022-03-10 23:51:22,0.0,0.0,0,0.0,0.0,0,0.0,0.0,0,263840.00,0.00,0.00,6,12.89,0.09,0.00,-0.6,4.998,4.998,4.998,4.998,173
2022-03-10 23:52:22,0.0,0.0,0,0.0,0.0,0,0.0,0.0,0,263840.00,0.00,0.00,6,12.85,0.09,0.00,-0.2,4.998,4.998,4.998,4.998,114
2022-03-10 23:53:22,0.0,0.0,0,0.0,0.0,0,0.0,0.0,0,263840.00,0.00,0.00,6,12.85,0.09,0.00,-0.2,4.998,4.998,4.998,4.998,26
2022-03-10 23:54:22,0.0,0.0,0,0.0,0.0,0,0.0,0.0,0,263840.00,0.00,0.00,6,12.85,0.09,0.00,-0.2,4.998,4.998,4.998,4.998,92
2022-03-10 23:55:22,0.0,0.0,1,0.0,0.0,0,0.0,0.0,0,263841.00,0.00,0.00,6,12.85,0.09,0.00,-0.2,4.998,4.998,4.998,4.998,37
2022-03-10 23:56:22,0.0,0.0,0,0.0,0.0,0,0.0,0.0,0,263841.00,0.00,0.00,6,12.85,0.09,0.00,-0.2,4.998,4.998,4.998,4.998,192
2022-03-10 23:57:22,0.0,0.0,0,0.0,0.0,0,0.0,0.0,0,263841.00,0.00,0.00,6,12.85,0.09,0.00,-0.2,4.998,4.998,4.998,4.998,168
2022-03-10 23:58:22,2.4,2.9,97,0.0,0.0,0,0.0,0.0,0,263938.00,0.00,0.00,7,12.89,0.10,0.00,-0.2,4.998,4.998,4.998,4.998,140
2022-03-10 23:59:22,1.4,2.4,89,0.0,0.0,0,0.0,0.0,0,264027.00,0.00,0.00,7,12.89,0.09,0.00,-0.2,4.998,4.998,4.998,4.998,33
