2022-01-13 00:00:22,0.0,0.0,0,0.0,0.0,0,0.0,0.0,0,0.00,0.00,0.00,29,12.57,0.40,0.00,-6.0,4.998,4.998,4.998,4.998,186
2022-01-13 00:01:22,0.0,0.0,0,0.0,0.0,0,0.0,0.0,0,0.00,0.00,0.00,29,12.57,0.41,0.00,-5.5,4.998,4.998,4.998,4.998,73
2022-01-13 00:02:22,0.0,0.0,0,0.0,0.0,0,0.0,0.0,0,0.00,0.00,0.00,29,12.57,0.40,0.00,-6.0,4.998,4.998,4.998,4.998,75
2022-01-13 00:03:22,0.0,0.0,0,0.0,0.0,0,0.0,0.0,0,0.00,0.00,0.00,29,12.57,0.41,0.00,-5.5,4.998,4.998,4.998,4.998,184
2022-01-13 00:04:22,0.0,0.0,0,0.0,0.0,0,0.0,0.0,0,0.00,0.00,0.00,29,12.57,0.40,0.00,-5.5,4.998,4.998,4.998,4.998,156
2022-01-13 00:05:22,0.0,0.0,0,0.0,0.0,0,0.0,0.0,0,0.00,0.00,0.00,29,12.57,0.41,0.00,-6.0,4.998,4.998,4.998,4.998,111
2022-01-13 00:06:22,0.0,0.0,0,0.0,0.0,0,0.0,0.0,0,0.00,0.00,0.00,29,12.57,0.40,0.00,-6.0,4.998,4.998,4.998,4.998,176
2022-01-13 00:07:22,0.0,0.0,0,0.0,0.0,0,0.0,0.0,0,0.00,0.00,0.00,29,12.57,0.41,0.00,-6.0,4.998,4.998,4.998,4.998,158
2022-01-13 00:08:22,0.0,0.0,0,0.0,0.0,0,0.0,0.0,0,0.00,0.00,0.00,29,12.57,0.40,0.00,-6.0,4.998,4.998,4.998,4.998,68
2022-01-13 00:09:22,0.0,0.0,0,0.0,0.0,0,0.0,0.0,0,0.00,0.00,0.00,29,12.57,0.41,0.00,-5.5,4.998,4.998,4.998,4.998,183
2022-01-13 00:10:22,0.0,0.0,0,0.0,0.0,0,0.0,0.0,0,0.00,0.00,0.00,29,12.57,0.41,0.00,-6.0,4.998,4.998,4.998,4.998,229
2022-01-13 00:11:22,0.0,0.0,0,0.0,0.0,0,0.0,0.0,0,0.00,0.00,0.00,29,12.57,0.40,0.00,-5.5,4.998,4.998,4.998,4.998,22
2022-01-13 00:12:22,0.0,0.0,0,0.0,0.0,0,0.0,0.0,0,0.00,0.00,0.00,29,12.57,0.41,0.00,-6.0,4.998,4.998,4.998,4.998,20
2022-01-13 00:13:22,0.0,0.0,0,0.0,0.0,0,0.0,0.0,0,0.00,0.00,0.00,29,12.57,0.41,0.00,-6.0,4.998,4.998,4.998,4.998,241
2022-01-13 00:14:22,0.0,0.0,0,0.0,0.0,0,0.0,0.0,0,0.00,0.00,0.00,29,12.57,0.41,0.00,-6.0,4.998,4.998,4.998,4.998,30
2022-01-13 00:15:22,0.0,0.0,0,0.0,0.0,0,0.0,0.0,0,0.00,0.00,0.00,29,12.57,0.40,0.00,-6.0,4.998,4.998,4.998,4.998,48
2022-01-13 00:16:22,0.0,0.0,0,0.0,0.0,0,0.0,0.0,0,0.00,0.00,0.00,29,12.57,0.40,0.00,-6.0,4.998,4.998,4.998,4.998,36
2022-01-13 00:17:22,0.0,0.0,0,0.0,0.0,0,0.0,0.0,0,0.00,0.00,0.00,29,12.57,0.41,0.00,-6.0,4.998,4.998,4.998,4.998,10
2022-01-13 00:18:22,0.0,0.0,0,0.0,0.0,0,0.0,0.0,0,0.00,0.00,0.00,29,12.57,0.41,0.00,-6.0,4.998,4.998,4.998,4.998,27
2022-01-13 00:19:22,0.0,0.0,0,0.0,0.0,0,0.0,0.0,0,0.00,0.00,0.00,29,12.57,0.41,0.00,-6.0,4.998,4.998,4.998,4.998,254
2022-01-13 00:20:22,0.0,0.0,0,0.0,0.0,0,0.0,0.0,0,0.00,0.00,0.00,29,12.57,0.41,0.00,-6.0,4.998,4.998,4.998,4.998,59
2022-01-13 00:21:22,0.0,0.0,0,0.0,0.0,0,0.0,0.0,0,0.00,0.00,0.00,29,12.57,0.41,0.00,-5.5,4.998,4.998,4.998,4.998,3
2022-01-13 00:22:22,0.0,0.0,0,0.0,0.0,0,0.0,0.0,0,0.00,0.00,0.00,29,12.57,0.41,0.00,-6.0,4.998,4.998,4.998,4.998,202
2022-01-13 00:23:22,0.0,0.0,0,0.0,0.0,0,0.0,0.0,0,0.00,0.00,0.00,29,12.57,0.41,0.00,-5.5,4.998,4.998,4.998,4.998,242
2022-01-13 00:24:22,0.0,0.0,0,0.0,0.0,0,0.0,0.0,0,0.00,0.00,0.00,29,12.57,0.40,0.00,-6.0,4.998,4.998,4.998,4.998,11
2022-01-13 00:25:22,0.0,0.0,0,0.0,0.0,0,0.0,0.0,0,0.00,0.00,0.00,29,12.57,0.41,0.00,-6.0,4.998,4.998,4.998,4.998,37
2022-01-13 00:26:22,0.0,0.0,0,0.0,0.0,0,0.0,0.0,0,0.00,0.00,0.00,29,12.57,0.40,0.00,-6.0,4.998,4.998,4.998,4.998,250
2022-01-13 00:27:22,0.0,0.0,0,0.0,0.0,0,0.0,0.0,0,0.00,0.00,0.00,29,12.57,0.41,0.00,-6.0,4.998,4.998,4.998,4.998,212
2022-01-13 00:28:22,0.0,0.0,0,0.0,0.0,0,0.0,0.0,0,0.00,0.00,0.00,29,12.57,0.41,0.00,-6.0,4.998,4.998,4.998,4.998,197
2022-01-13 00:29:22,0.0,0.0,0,0.0,0.0,0,0.0,0.0,0,0.00,0.00,0.00,29,12.57,0.40,0.00,-5.5,4.998,4.998,4.998,4.998,54
2022-01-13 00:30:22,0.0,0.0,0,0.0,0.0,0,0.0,0.0,0,0.00,0.00,0.00,29,12.57,0.41,0.00,-6.0,4.998,4.998,4.998,4.998,175
2022-01-13 00:31:22,0.0,0.0,0,0.0,0.0,0,0.0,0.0,0,0.00,0.00,0.00,29,12.57,0.41,0.00,-6.0,4.998,4.998,4.998,4.998,74
2022-01-13 00:32:22,0.0,0.0,0,0.0,0.0,0,0.0,0.0,0,0.00,0.00,0.00,29,12.57,0.41,0.00,-5.5,4.998,4.998,4.998,4.998,131
2022-01-13 00:33:22,0.0,0.0,0,0.0,0.0,0,0.0,0.0,0,0.00,0.00,0.00,29,12.57,0.41,0.00,-6.0,4.998,4.998,4.998,4.998,187
2022-01-13 00:34:22,0.0,0.0,0,0.0,0.0,0,0.0,0.0,0,0.00,0.00,0.00,29,12.57,0.40,0.00,-6.0,4.998,4.998,4.998,4.998,159
2022-01-13 00:35:22,0.0,0.0,0,0.0,0.0,0,0.0,0.0,0,0.00,0.00,0.00,29,12.57,0.40,0.00,-6.0,4.998,4.998,4.998,4.998,122
2022-01-13 00:36:22,0.0,0.0,0,0.0,0.0,0,0.0,0.0,0,0.00,0.00,0.00,29,12.57,0.40,0.00,-6.0,4.998,4.998,4.998,4.998,110
2022-01-13 00:37:22,0.0,0.0,0,0.0,0.0,0,0.0,0.0,0,0.00,0.00,0.00,29,12.57,0.40,0.00,-6.0,4.998,4.998,4.998,4.998,139
2022-01-13 00:38:22,0.0,0.0,0,0.0,0.0,0,0.0,0.0,0,0.00,0.00,0.00,29,12.57,0.41,0.00,-5.5,4.998,4.998,4.998,4.998,140
2022-01-13 00:39:22,0.0,0.0,0,0.0,0.0,0,0.0,0.0,0,0.00,0.00,0.00,29,12.57,0.40,0.00,-6.0,4.998,4.998,4.998,4.998,127
2022-01-13 00:40:22,0.0,0.0,0,0.0,0.0,0,0.0,0.0,0,0.00,0.00,0.00,29,12.57,0.41,0.00,-6.0,4.998,4.998,4.998,4.998,84
2022-01-13 00:41:22,0.0,0.0,0,0.0,0.0,0,0.0,0.0,0,0.00,0.00,0.00,29,12.57,0.41,0.00,-6.0,4.998,4.998,4.998,4.998,177
2022-01-13 00:42:22,0.0,0.0,0,0.0,0.0,0,0.0,0.0,0,0.00,0.00,0.00,29,12.57,0.40,0.00,-6.0,4.998,4.998,4.998,4.998,110
2022-01-13 00:43:22,0.0,0.0,0,0.0,0.0,0,0.0,0.0,0,0.00,0.00,0.00,29,12.57,0.41,0.00,-5.5,4.998,4.998,4.998,4.998,157
2022-01-13 00:44:22,0.0,0.0,0,0.0,0.0,0,0.0,0.0,0,0.00,0.00,0.00,29,12.57,0.41,0.00,-6.0,4.998,4.998,4.998,4.998,175
2022-01-13 00:45:22,0.0,0.0,0,0.0,0.0,0,0.0,0.0,0,0.00,0.00,0.00,29,12.57,0.41,0.00,-6.0,4.998,4.998,4.998,4.998,74
2022-01-13 00:46:22,0.0,0.0,0,0.0,0.0,0,0.0,0.0,0,0.00,0.00,0.00,29,12.57,0.41,0.00,-6.0,4.998,4.998,4.998,4.998,94
2022-01-13 00:47:22,0.0,0.0,0,0.0,0.0,0,0.0,0.0,0,0.00,0.00,0.00,29,12.57,0.41,0.00,-6.0,4.998,4.998,4.998,4.998,187
2022-01-13 00:48:22,0.0,0.0,0,0.0,0.0,0,0.0,0.0,0,0.00,0.00,0.00,29,12.57,0.41,0.00,-5.5,4.998,4.998,4.998,4.998,119
2022-01-13 00:49:22,0.0,0.0,0,0.0,0.0,0,0.0,0.0,0,0.00,0.00,0.00,29,12.57,0.41,0.00,-6.0,4.998,4.998,4.998,4.998,79
2022-01-13 00:50:22,0.0,0.0,0,0.0,0.0,0,0.0,0.0,0,0.00,0.00,0.00,29,12.57,0.41,0.00,-6.0,4.998,4.998,4.998,4.998,192
2022-01-13 00:51:22,0.0,0.0,0,0.0,0.0,0,0.0,0.0,0,0.00,0.00,0.00,29,12.57,0.41,0.00,-6.0,4.998,4.998,4.998,4.998,37
2022-01-13 00:52:22,0.0,0.0,0,0.0,0.0,0,0.0,0.0,0,0.00,0.00,0.00,29,12.57,0.41,0.00,-6.0,4.998,4.998,4.998,4.998,49
2022-01-13 00:53:22,0.0,0.0,0,0.0,0.0,0,0.0,0.0,0,0.00,0.00,0.00,29,12.57,0.41,0.00,-6.0,4.998,4.998,4.998,4.998,212
2022-01-13 00:54:22,0.0,0.0,0,0.0,0.0,0,0.0,0.0,0,0.00,0.00,0.00,29,12.53,0.41,0.00,-5.5,4.998,4.998,4.998,4.998,147
2022-01-13 00:55:22,0.0,0.0,0,0.0,0.0,0,0.0,0.0,0,0.00,0.00,0.00,29,12.57,0.41,0.00,-6.0,4.998,4.998,4.998,4.998,222
2022-01-13 00:56:22,0.0,0.0,0,0.0,0.0,0,0.0,0.0,0,0.00,0.00,0.00,29,12.57,0.41,0.00,-6.0,4.998,4.998,4.998,4.998,202
2022-01-13 00:57:22,0.0,0.0,0,0.0,0.0,0,0.0,0.0,0,0.00,0.00,0.00,29,12.57,0.41,0.00,-5.5,4.998,4.998,4.998,4.998,242
2022-01-13 00:58:22,0.0,0.0,0,0.0,0.0,0,0.0,0.0,0,0.00,0.00,0.00,29,12.57,0.41,0.00,-6.0,4.998,4.998,4.998,4.998,62
2022-01-13 00:59:22,0.0,0.0,0,0.0,0.0,0,0.0,0.0,0,0.00,0.00,0.00,29,12.57,0.41,0.00,-6.0,4.998,4.998,4.998,4.998,219
2022-01-13 01:00:22,0.0,0.0,0,0.0,0.0,0,0.0,0.0,0,0.00,0.00,0.00,29,12.57,0.41,0.00,-5.5,4.998,4.998,4.998,4.998,179
2022-01-13 01:01:22,0.0,0.0,0,0.0,0.0,0,0.0,0.0,0,0.00,0.00,0.00,29,12.57,0.41,0.00,-6.0,4.998,4.998,4.998,4.998,139
2022-01-13 01:02:22,0.0,0.0,0,0.0,0.0,0,0.0,0.0,0,0.00,0.00,0.00,29,12.57,0.41,0.00,-6.0,4.998,4.998,4.998,4.998,159
2022-01-13 01:03:22,0.0,0.0,0,0.0,0.0,0,0.0,0.0,0,0.00,0.00,0.00,29,12.57,0.41,0.00,-6.0,4.998,4.998,4.998,4.998,122
2022-01-13 01:04:22,0.0,0.0,0,0.0,0.0,0,0.0,0.0,0,0.00,0.00,0.00,29,12.57,0.40,0.00,-5.5,4.998,4.998,4.998,4.998,131
2022-01-13 01:05:22,0.0,0.0,0,0.0,0.0,0,0.0,0.0,0,0.00,0.00,0.00,29,12.57,0.41,0.00,-6.0,4.998,4.998,4.998,4.998,112
2022-01-13 01:06:22,0.0,0.0,0,0.0,0.0,0,0.0,0.0,0,0.00,0.00,0.00,29,12.57,0.41,0.00,-5.5,4.998,4.998,4.998,4.998,185
2022-01-13 01:07:22,0.0,0.0,0,0.0,0.0,0,0.0,0.0,0,0.00,0.00,0.00,29,12.57,0.41,0.00,-6.0,4.998,4.998,4.998,4.998,129
2022-01-13 01:08:22,0.0,0.0,0,0.0,0.0,0,0.0,0.0,0,0.00,0.00,0.00,29,12.57,0.40,0.00,-6.0,4.998,4.998,4.998,4.998,91
2022-01-13 01:09:22,0.0,0.0,0,0.0,0.0,0,0.0,0.0,0,0.00,0.00,0.00,29,12.57,0.41,0.00,-6.0,4.998,4.998,4.998,4.998,117
2022-01-13 01:10:22,0.0,0.0,0,0.0,0.0,0,0.0,0.0,0,0.00,0.00,0.00,29,12.57,0.41,0.00,-6.0,4.998,4.998,4.998,4.998,250
2022-01-13 01:11:22,0.0,0.0,0,0.0,0.0,0,0.0,0.0,0,0.00,0.00,0.00,29,12.57,0.41,0.00,-5.5,4.998,4.998,4.998,4.998,194
2022-01-13 01:12:22,0.0,0.0,0,0.0,0.0,0,0.0,0.0,0,0.00,0.00,0.00,29,12.57,0.41,0.00,-5.5,4.998,4.998,4.998,4.998,214
2022-01-13 01:13:22,0.0,0.0,0,0.0,0.0,0,0.0,0.0,0,0.00,0.00,0.00,29,12.53,0.41,0.00,-6.0,4.998,4.998,4.998,4.998,155
2022-01-13 01:14:22,0.0,0.0,0,0.0,0.0,0,0.0,0.0,0,0.00,0.00,0.00,29,12.57,0.41,0.00,-5.5,4.998,4.998,4.998,4.998,220
2022-01-13 01:15:22,0.0,0.0,0,0.0,0.0,0,0.0,0.0,0,0.00,0.00,0.00,29,12.57,0.41,0.00,-6.0,4.998,4.998,4.998,4.998,228
2022-01-13 01:16:22,0.0,0.0,0,0.0,0.0,0,0.0,0.0,0,0.00,0.00,0.00,29,12.57,0.40,0.00,-5.5,4.998,4.998,4.998,4.998,230
2022-01-13 01:17:22,0.0,0.0,0,0.0,0.0,0,0.0,0.0,0,0.00,0.00,0.00,29,12.57,0.41,0.00,-5.5,4.998,4.998,4.998,4.998,200
2022-01-13 01:18:22,0.0,0.0,0,0.0,0.0,0,0.0,0.0,0,0.00,0.00,0.00,29,12.57,0.41,0.00,-5.5,4.998,4.998,4.998,4.998,217
2022-01-13 01:19:22,0.0,0.0,0,0.0,0.0,0,0.0,0.0,0,0.00,0.00,0.00,29,12.57,0.41,0.00,-6.0,4.998,4.998,4.998,4.998,225
2022-01-13 01:20:22,0.0,0.0,0,0.0,0.0,0,0.0,0.0,0,0.00,0.00,0.00,29,12.57,0.41,0.00,-5.5,4.998,4.998,4.998,4.998,249
2022-01-13 01:21:22,0.0,0.0,0,0.0,0.0,0,0.0,0.0,0,0.00,0.00,0.00,29,12.57,0.41,0.00,-6.0,4.998,4.998,4.998,4.998,193
2022-01-13 01:22:22,0.0,0.0,0,0.0,0.0,0,0.0,0.0,0,0.00,0.00,0.00,29,12.57,0.41,0.00,-6.0,4.998,4.998,4.998,4.998,213
2022-01-13 01:23:22,0.0,0.0,0,0.0,0.0,0,0.0,0.0,0,0.00,0.00,0.00,29,12.57,0.40,0.00,-5.5,4.998,4.998,4.998,4.998,38
2022-01-13 01:24:22,0.0,0.0,0,0.0,0.0,0,0.0,0.0,0,0.00,0.00,0.00,29,12.57,0.41,0.00,-5.5,4.998,4.998,4.998,4.998,2
2022-01-13 01:25:22,0.0,0.0,0,0.0,0.0,0,0.0,0.0,0,0.00,0.00,0.00,29,12.57,0.41,0.00,-6.0,4.998,4.998,4.998,4.998,58
2022-01-13 01:26:22,0.0,0.0,0,0.0,0.0,0,0.0,0.0,0,0.00,0.00,0.00,29,12.57,0.41,0.00,-6.0,4.998,4.998,4.998,4.998,46
2022-01-13 01:27:22,0.0,0.0,0,0.0,0.0,0,0.0,0.0,0,0.00,0.00,0.00,29,12.57,0.41,0.00,-5.5,4.998,4.998,4.998,4.998,22
2022-01-13 01:28:22,0.0,0.0,0,0.0,0.0,0,0.0,0.0,0,0.00,0.00,0.00,29,12.57,0.41,0.00,-6.0,4.998,4.998,4.998,4.998,218
2022-01-13 01:29:22,0.0,0.0,0,0.0,0.0,0,0.0,0.0,0,0.00,0.00,0.00,29,12.57,0.41,0.00,-6.0,4.998,4.998,4.998,4.998,63
2022-01-13 01:30:22,0.0,0.0,0,0.0,0.0,0,0.0,0.0,0,0.00,0.00,0.00,29,12.57,0.41,0.00,-6.0,4.998,4.998,4.998,4.998,176
2022-01-13 01:31:22,0.0,0.0,0,0.0,0.0,0,0.0,0.0,0,0.00,0.00,0.00,29,12.57,0.41,0.00,-6.0,4.998,4.998,4.998,4.998,85
2022-01-13 01:32:22,0.0,0.0,0,0.0,0.0,0,0.0,0.0,0,0.00,0.00,0.00,29,12.57,0.41,0.00,-6.0,4.998,4.998,4.998,4.998,65
2022-01-13 01:33:22,0.0,0.0,0,0.0,0.0,0,0.0,0.0,0,0.00,0.00,0.00,29,12.57,0.41,0.00,-5.5,4.998,4.998,4.998,4.998,121
2022-01-13 01:34:22,0.0,0.0,0,0.0,0.0,0,0.0,0.0,0,0.00,0.00,0.00,29,12.57,0.40,0.00,-6.0,4.998,4.998,4.998,4.998,128
2022-01-13 01:35:22,0.0,0.0,0,0.0,0.0,0,0.0,0.0,0,0.00,0.00,0.00,29,12.57,0.41,0.00,-5.5,4.998,4.998,4.998,4.998,115
2022-01-13 01:36:22,0.0,0.0,0,0.0,0.0,0,0.0,0.0,0,0.00,0.00,0.00,29,12.57,0.41,0.00,-5.5,4.998,4.998,4.998,4.998,103
2022-01-13 01:37:22,0.0,0.0,0,0.0,0.0,0,0.0,0.0,0,0.00,0.00,0.00,29,12.57,0.41,0.00,-5.5,4.998,4.998,4.998,4.998,130
2022-01-13 01:38:22,0.0,0.0,0,0.0,0.0,0,0.0,0.0,0,0.00,0.00,0.00,29,12.57,0.40,0.00,-6.0,4.998,4.998,4.998,4.998,133
2022-01-13 01:39:22,0.0,0.0,0,0.0,0.0,0,0.0,0.0,0,0.00,0.00,0.00,29,12.57,0.40,0.00,-5.5,4.998,4.998,4.998,4.998,189
2022-01-13 01:40:22,0.0,0.0,0,0.0,0.0,0,0.0,0.0,0,0.00,0.00,0.00,29,12.57,0.40,0.00,-6.0,4.998,4.998,4.998,4.998,128
2022-01-13 01:41:22,0.0,0.0,0,0.0,0.0,0,0.0,0.0,0,0.00,0.00,0.00,29,12.57,0.40,0.00,-5.5,4.998,4.998,4.998,4.998,184
2022-01-13 01:42:22,0.0,0.0,0,0.0,0.0,0,0.0,0.0,0,0.00,0.00,0.00,29,12.57,0.40,0.00,-5.5,4.998,4.998,4.998,4.998,172
2022-01-13 01:43:22,0.0,0.0,0,0.0,0.0,0,0.0,0.0,0,0.00,0.00,0.00,29,12.57,0.41,0.00,-6.0,4.998,4.998,4.998,4.998,95
2022-01-13 01:44:22,0.0,0.0,0,0.0,0.0,0,0.0,0.0,0,0.00,0.00,0.00,29,12.57,0.40,0.00,-5.5,4.998,4.998,4.998,4.998,166
2022-01-13 01:45:22,0.0,0.0,0,0.0,0.0,0,0.0,0.0,0,0.00,0.00,0.00,29,12.57,0.41,0.00,-6.0,4.998,4.998,4.998,4.998,85
2022-01-13 01:46:22,0.0,0.0,0,0.0,0.0,0,0.0,0.0,0,0.00,0.00,0.00,29,12.53,0.41,0.00,-6.0,4.998,4.998,4.998,4.998,52
2022-01-13 01:47:22,0.0,0.0,0,0.0,0.0,0,0.0,0.0,0,0.00,0.00,0.00,29,12.53,0.40,0.00,-6.0,4.998,4.998,4.998,4.998,26
2022-01-13 01:48:22,0.0,0.0,0,0.0,0.0,0,0.0,0.0,0,0.00,0.00,0.00,29,12.57,0.41,0.00,-6.0,4.998,4.998,4.998,4.998,181
2022-01-13 01:49:22,0.0,0.0,0,0.0,0.0,0,0.0,0.0,0,0.00,0.00,0.00,29,12.57,0.41,0.00,-6.0,4.998,4.998,4.998,4.998,80
2022-01-13 01:50:22,0.0,0.0,0,0.0,0.0,0,0.0,0.0,0,0.00,0.00,0.00,29,12.57,0.40,0.00,-6.0,4.998,4.998,4.998,4.998,20
2022-01-13 01:51:22,0.0,0.0,0,0.0,0.0,0,0.0,0.0,0,0.00,0.00,0.00,29,12.57,0.41,0.00,-6.5,4.998,4.998,4.998,4.998,78
2022-01-13 01:52:22,0.0,0.0,0,0.0,0.0,0,0.0,0.0,0,0.00,0.00,0.00,29,12.57,0.41,0.00,-5.5,4.998,4.998,4.998,4.998,243
2022-01-13 01:53:22,0.0,0.0,0,0.0,0.0,0,0.0,0.0,0,0.00,0.00,0.00,29,12.57,0.41,0.00,-6.0,4.998,4.998,4.998,4.998,203
2022-01-13 01:54:22,0.0,0.0,0,0.0,0.0,0,0.0,0.0,0,0.00,0.00,0.00,29,12.57,0.41,0.00,-5.5,4.998,4.998,4.998,4.998,249
2022-01-13 01:55:22,0.0,0.0,0,0.0,0.0,0,0.0,0.0,0,0.00,0.00,0.00,29,12.57,0.41,0.00,-6.0,4.998,4.998,4.998,4.998,193
2022-01-13 01:56:22,0.0,0.0,0,0.0,0.0,0,0.0,0.0,0,0.00,0.00,0.00,29,12.53,0.41,0.00,-6.0,4.998,4.998,4.998,4.998,160
2022-01-13 01:57:22,0.0,0.0,0,0.0,0.0,0,0.0,0.0,0,0.00,0.00,0.00,29,12.57,0.41,0.00,-5.5,4.998,4.998,4.998,4.998,237
2022-01-13 01:58:22,0.0,0.0,0,0.0,0.0,0,0.0,0.0,0,0.00,0.00,0.00,29,12.57,0.41,0.00,-6.0,4.998,4.998,4.998,4.998,33
2022-01-13 01:59:22,0.0,0.0,0,0.0,0.0,0,0.0,0.0,0,0.00,0.00,0.00,29,12.57,0.41,0.00,-5.5,4.998,4.998,4.998,4.998,25
2022-01-13 02:00:22,0.0,0.0,0,0.0,0.0,0,0.0,0.0,0,0.00,0.00,0.00,29,12.57,0.41,0.00,-6.0,4.998,4.998,4.998,4.998,253
2022-01-13 02:01:22,0.0,0.0,0,0.0,0.0,0,0.0,0.0,0,0.00,0.00,0.00,29,12.57,0.41,0.00,-5.5,4.998,4.998,4.998,4.998,197
2022-01-13 02:02:22,0.0,0.0,0,0.0,0.0,0,0.0,0.0,0,0.00,0.00,0.00,29,12.57,0.41,0.00,-6.0,4.998,4.998,4.998,4.998,12
2022-01-13 02:03:22,0.0,0.0,0,0.0,0.0,0,0.0,0.0,0,0.00,0.00,0.00,29,12.57,0.40,0.00,-6.0,4.998,4.998,4.998,4.998,34
2022-01-13 02:04:22,0.0,0.0,0,0.0,0.0,0,0.0,0.0,0,0.00,0.00,0.00,29,12.57,0.41,0.00,-6.0,4.998,4.998,4.998,4.998,6
2022-01-13 02:05:22,0.0,0.0,0,0.0,0.0,0,0.0,0.0,0,0.00,0.00,0.00,29,12.57,0.41,0.00,-6.0,4.998,4.998,4.998,4.998,227
2022-01-13 02:06:22,0.0,0.0,0,0.0,0.0,0,0.0,0.0,0,0.00,0.00,0.00,29,12.53,0.41,0.00,-5.5,4.998,4.998,4.998,4.998,95
2022-01-13 02:07:22,0.0,0.0,0,0.0,0.0,0,0.0,0.0,0,0.00,0.00,0.00,29,12.57,0.41,0.00,-6.0,4.998,4.998,4.998,4.998,18
2022-01-13 02:08:22,0.0,0.0,0,0.0,0.0,0,0.0,0.0,0,0.00,0.00,0.00,29,12.57,0.41,0.00,-6.0,4.998,4.998,4.998,4.998,3
2022-01-13 02:09:22,0.0,0.0,0,0.0,0.0,0,0.0,0.0,0,0.00,0.00,0.00,29,12.57,0.40,0.00,-6.0,4.998,4.998,4.998,4.998,45
2022-01-13 02:10:22,0.0,0.0,0,0.0,0.0,0,0.0,0.0,0,0.00,0.00,0.00,29,12.57,0.40,0.00,-5.5,4.998,4.998,4.998,4.998,127
2022-01-13 02:11:22,0.0,0.0,0,0.0,0.0,0,0.0,0.0,0,0.00,0.00,0.00,29,12.57,0.40,0.00,-6.0,4.998,4.998,4.998,4.998,71
2022-01-13 02:12:22,0.0,0.0,0,0.0,0.0,0,0.0,0.0,0,0.00,0.00,0.00,29,12.57,0.40,0.00,-6.0,4.998,4.998,4.998,4.998,83
2022-01-13 02:13:22,0.0,0.0,0,0.0,0.0,0,0.0,0.0,0,0.00,0.00,0.00,29,12.57,0.40,0.00,-6.0,4.998,4.998,4.998,4.998,182
2022-01-13 02:14:22,0.0,0.0,0,0.0,0.0,0,0.0,0.0,0,0.00,0.00,0.00,29,12.57,0.40,0.00,-6.0,4.998,4.998,4.998,4.998,89
2022-01-13 02:15:22,0.0,0.0,0,0.0,0.0,0,0.0,0.0,0,0.00,0.00,0.00,29,12.57,0.40,0.00,-6.0,4.998,4.998,4.998,4.998,188
2022-01-13 02:16:22,0.0,0.0,0,0.0,0.0,0,0.0,0.0,0,0.00,0.00,0.00,29,12.57,0.40,0.00,-5.5,4.998,4.998,4.998,4.998,117
2022-01-13 02:17:22,0.0,0.0,0,0.0,0.0,0,0.0,0.0,0,0.00,0.00,0.00,29,12.57,0.40,0.00,-6.0,4.998,4.998,4.998,4.998,77
2022-01-13 02:18:22,0.0,0.0,0,0.0,0.0,0,0.0,0.0,0,0.00,0.00,0.00,28,12.57,0.40,0.00,-6.0,4.998,4.998,4.998,4.998,44
2022-01-13 02:19:22,0.0,0.0,0,0.0,0.0,0,0.0,0.0,0,0.00,0.00,0.00,353,12.57,4.91,0.00,-6.0,4.998,4.998,4.998,4.998,194
2022-01-13 02:20:22,0.0,0.0,0,0.0,0.0,0,0.0,0.0,0,0.00,0.00,0.00,353,12.57,4.90,0.00,-6.0,4.998,4.998,4.998,4.998,252
2022-01-13 02:21:22,0.0,0.0,0,0.0,0.0,0,0.0,0.0,0,0.00,0.00,0.00,353,12.57,4.91,0.00,-6.0,4.998,4.998,4.998,4.998,163
2022-01-13 02:22:22,0.0,0.0,0,0.0,0.0,0,0.0,0.0,0,0.00,0.00,0.00,352,12.57,4.89,0.00,-6.0,4.998,4.998,4.998,4.998,64
2022-01-13 02:23:22,0.0,0.0,0,0.0,0.0,0,0.0,0.0,0,0.00,0.00,0.00,342,12.57,4.75,0.00,-6.0,4.998,4.998,4.998,4.998,64
2022-01-13 02:24:22,0.0,0.0,0,0.0,0.0,0,0.0,0.0,0,0.00,0.00,0.00,336,12.57,4.67,0.00,-6.0,4.998,4.998,4.998,4.998,170
2022-01-13 02:25:22,0.0,0.0,0,0.0,0.0,0,0.0,0.0,0,0.00,0.00,0.00,336,12.53,4.67,0.00,-6.0,4.998,4.998,4.998,4.998,75
2022-01-13 02:26:22,0.0,0.0,0,0.0,0.0,0,0.0,0.0,0,0.00,0.00,0.00,336,12.57,4.67,0.00,-6.0,4.998,4.998,4.998,4.998,224
2022-01-13 02:27:22,0.0,0.0,0,0.0,0.0,0,0.0,0.0,0,0.00,0.00,0.00,336,12.57,4.67,0.00,-6.0,4.998,4.998,4.998,4.998,116
2022-01-13 02:28:22,0.0,0.0,0,0.0,0.0,0,0.0,0.0,0,0.00,0.00,0.00,336,12.57,4.67,0.00,-5.5,4.998,4.998,4.998,4.998,195
2022-01-13 02:29:22,0.0,0.0,0,0.0,0.0,0,0.0,0.0,0,0.00,0.00,0.00,337,12.57,4.68,0.00,-5.5,4.998,4.998,4.998,4.998,195
2022-01-13 02:30:22,0.0,0.0,0,0.0,0.0,0,0.0,0.0,0,0.00,0.00,0.00,337,12.57,4.68,0.00,-6.0,4.998,4.998,4.998,4.998,70
2022-01-13 02:31:22,0.0,0.0,0,0.0,0.0,0,0.0,0.0,0,0.00,0.00,0.00,337,12.53,4.68,0.00,-6.0,4.998,4.998,4.998,4.998,167
2022-01-13 02:32:22,0.0,0.0,0,0.0,0.0,0,0.0,0.0,0,0.00,0.00,0.00,336,12.57,4.67,0.00,-6.0,4.998,4.998,4.998,4.998,152
2022-01-13 02:33:22,0.0,0.0,0,0.0,0.0,0,0.0,0.0,0,0.00,0.00,0.00,337,12.57,4.68,0.00,-6.0,4.998,4.998,4.998,4.998,152
2022-01-13 02:34:22,0.0,0.0,0,0.0,0.0,0,0.0,0.0,0,0.00,0.00,0.00,337,12.53,4.68,0.00,-6.5,4.998,4.998,4.998,4.998,98
2022-01-13 02:35:22,0.0,0.0,0,0.0,0.0,0,0.0,0.0,0,0.00,0.00,0.00,337,12.57,4.68,0.00,-6.0,4.998,4.998,4.998,4.998,247
2022-01-13 02:36:22,0.0,0.0,0,0.0,0.0,0,0.0,0.0,0,0.00,0.00,0.00,337,12.57,4.68,0.00,-6.0,4.998,4.998,4.998,4.998,41
2022-01-13 02:37:22,0.0,0.0,0,0.0,0.0,0,0.0,0.0,0,0.00,0.00,0.00,337,12.57,4.68,0.00,-6.0,4.998,4.998,4.998,4.998,189
2022-01-13 02:38:22,0.0,0.0,0,0.0,0.0,0,0.0,0.0,0,0.00,0.00,0.00,337,12.57,4.68,0.00,-6.0,4.998,4.998,4.998,4.998,215
2022-01-13 02:39:22,0.0,0.0,0,0.0,0.0,0,0.0,0.0,0,0.00,0.00,0.00,337,12.53,4.68,0.00,-6.0,4.998,4.998,4.998,4.998,54
2022-01-13 02:40:22,0.0,0.0,0,0.0,0.0,0,0.0,0.0,0,0.00,0.00,0.00,337,12.53,4.68,0.00,-6.0,4.998,4.998,4.998,4.998,22
2022-01-13 02:41:22,0.0,0.0,0,0.0,0.0,0,0.0,0.0,0,0.00,0.00,0.00,337,12.57,4.69,0.00,-6.0,4.998,4.998,4.998,4.998,60
2022-01-13 02:42:22,0.0,0.0,0,0.0,0.0,0,0.0,0.0,0,0.00,0.00,0.00,337,12.53,4.68,0.00,-6.0,4.998,4.998,4.998,4.998,92
2022-01-13 02:43:22,0.0,0.0,0,0.0,0.0,0,0.0,0.0,0,0.00,0.00,0.00,337,12.57,4.69,0.00,-5.5,4.998,4.998,4.998,4.998,171
2022-01-13 02:44:22,0.0,0.0,0,0.0,0.0,0,0.0,0.0,0,0.00,0.00,0.00,337,12.57,4.68,0.00,-6.0,4.998,4.998,4.998,4.998,70
2022-01-13 02:45:22,0.0,0.0,0,0.0,0.0,0,0.0,0.0,0,0.00,0.00,0.00,337,12.57,4.68,0.00,-6.0,4.998,4.998,4.998,4.998,210
2022-01-13 02:46:22,0.0,0.0,0,0.0,0.0,0,0.0,0.0,0,0.00,0.00,0.00,337,12.53,4.68,0.00,-6.0,4.998,4.998,4.998,4.998,121
2022-01-13 02:47:22,0.0,0.0,0,0.0,0.0,0,0.0,0.0,0,0.00,0.00,0.00,337,12.53,4.68,0.00,-6.0,4.998,4.998,4.998,4.998,237
2022-01-13 02:48:22,0.0,0.0,0,0.0,0.0,0,0.0,0.0,0,0.00,0.00,0.00,337,12.57,4.68,0.00,-6.0,4.998,4.998,4.998,4.998,242
2022-01-13 02:49:22,0.0,0.0,0,0.0,0.0,0,0.0,0.0,0,0.00,0.00,0.00,336,12.57,4.67,0.00,-6.0,4.998,4.998,4.998,4.998,242
2022-01-13 02:50:22,0.0,0.0,0,0.0,0.0,0,0.0,0.0,0,0.00,0.00,0.00,337,12.57,4.68,0.00,-6.0,4.998,4.998,4.998,4.998,62
2022-01-13 02:51:22,0.0,0.0,0,0.0,0.0,0,0.0,0.0,0,0.00,0.00,0.00,337,12.57,4.68,0.00,-6.0,4.998,4.998,4.998,4.998,170
2022-01-13 02:52:22,0.0,0.0,0,0.0,0.0,0,0.0,0.0,0,0.00,0.00,0.00,336,12.57,4.67,0.00,-6.0,4.998,4.998,4.998,4.998,224
2022-01-13 02:53:22,0.0,0.0,0,0.0,0.0,0,0.0,0.0,0,0.00,0.00,0.00,337,12.53,4.68,0.00,-6.0,4.998,4.998,4.998,4.998,149
2022-01-13 02:54:22,0.0,0.0,0,0.0,0.0,0,0.0,0.0,0,0.00,0.00,0.00,337,12.57,4.68,0.00,-6.0,4.998,4.998,4.998,4.998,27
2022-01-13 02:55:22,0.0,0.0,0,0.0,0.0,0,0.0,0.0,0,0.00,0.00,0.00,337,12.57,4.68,0.00,-6.0,4.998,4.998,4.998,4.998,143
2022-01-13 02:56:22,0.0,0.0,0,0.0,0.0,0,0.0,0.0,0,0.00,0.00,0.00,337,12.53,4.68,0.00,-6.0,4.998,4.998,4.998,4.998,36
2022-01-13 02:57:22,0.0,0.0,0,0.0,0.0,0,0.0,0.0,0,0.00,0.00,0.00,337,12.57,4.68,0.00,-6.0,4.998,4.998,4.998,4.998,197
2022-01-13 02:58:22,0.0,0.0,0,0.0,0.0,0,0.0,0.0,0,0.00,0.00,0.00,337,12.57,4.68,0.00,-6.0,4.998,4.998,4.998,4.998,175
2022-01-13 02:59:22,0.0,0.0,0,0.0,0.0,0,0.0,0.0,0,0.00,0.00,0.00,337,12.53,4.68,0.00,-6.0,4.998,4.998,4.998,4.998,78
2022-01-13 03:00:22,0.0,0.0,0,0.0,0.0,0,0.0,0.0,0,0.00,0.00,0.00,337,12.53,4.68,0.00,-6.0,4.998,4.998,4.998,4.998,171
2022-01-13 03:01:22,0.0,0.0,0,0.0,0.0,0,0.0,0.0,0,0.00,0.00,0.00,337,12.57,4.68,0.00,-6.0,4.998,4.998,4.998,4.998,74
2022-01-13 03:02:22,0.0,0.0,0,0.0,0.0,0,0.0,0.0,0,0.00,0.00,0.00,337,12.57,4.68,0.00,-5.5,4.998,4.998,4.998,4.998,73
2022-01-13 03:03:22,0.0,0.0,0,0.0,0.0,0,0.0,0.0,0,0.00,0.00,0.00,337,12.53,4.68,0.00,-6.0,4.998,4.998,4.998,4.998,117
2022-01-13 03:04:22,0.0,0.0,0,0.0,0.0,0,0.0,0.0,0,0.00,0.00,0.00,336,12.53,4.67,0.00,-6.0,4.998,4.998,4.998,4.998,26
2022-01-13 03:05:22,0.0,0.0,0,0.0,0.0,0,0.0,0.0,0,0.00,0.00,0.00,336,12.57,4.67,0.00,-6.5,4.998,4.998,4.998,4.998,143
2022-01-13 03:06:22,0.0,0.0,0,0.0,0.0,0,0.0,0.0,0,0.00,0.00,0.00,337,12.53,4.68,0.00,-6.0,4.998,4.998,4.998,4.998,196
2022-01-13 03:07:22,0.0,0.0,0,0.0,0.0,0,0.0,0.0,0,0.00,0.00,0.00,336,12.53,4.67,0.00,-6.0,4.998,4.998,4.998,4.998,196
2022-01-13 03:08:22,0.0,0.0,0,0.0,0.0,0,0.0,0.0,0,0.00,0.00,0.00,336,12.57,4.67,0.00,-6.0,4.998,4.998,4.998,4.998,219
2022-01-13 03:09:22,0.0,0.0,0,0.0,0.0,0,0.0,0.0,0,0.00,0.00,0.00,336,12.57,4.67,0.00,-6.0,4.998,4.998,4.998,4.998,79
2022-01-13 03:10:22,0.0,0.0,0,0.0,0.0,0,0.0,0.0,0,0.00,0.00,0.00,336,12.53,4.67,0.00,-6.0,4.998,4.998,4.998,4.998,98
2022-01-13 03:11:22,0.0,0.0,0,0.0,0.0,0,0.0,0.0,0,0.00,0.00,0.00,336,12.53,4.67,0.00,-6.0,4.998,4.998,4.998,4.998,246
2022-01-13 03:12:22,0.0,0.0,0,0.0,0.0,0,0.0,0.0,0,0.00,0.00,0.00,336,12.53,4.67,0.00,-6.0,4.998,4.998,4.998,4.998,40
2022-01-13 03:13:22,0.0,0.0,0,0.0,0.0,0,0.0,0.0,0,0.00,0.00,0.00,336,12.57,4.67,0.00,-6.0,4.998,4.998,4.998,4.998,201
2022-01-13 03:14:22,0.0,0.0,0,0.0,0.0,0,0.0,0.0,0,0.00,0.00,0.00,337,12.57,4.68,0.00,-6.0,4.998,4.998,4.998,4.998,166
2022-01-13 03:15:22,0.0,0.0,0,0.0,0.0,0,0.0,0.0,0,0.00,0.00,0.00,337,12.53,4.68,0.00,-6.0,4.998,4.998,4.998,4.998,71
2022-01-13 03:16:22,0.0,0.0,0,0.0,0.0,0,0.0,0.0,0,0.00,0.00,0.00,337,12.57,4.69,0.00,-6.0,4.998,4.998,4.998,4.998,39
2022-01-13 03:17:22,0.0,0.0,0,0.0,0.0,0,0.0,0.0,0,0.00,0.00,0.00,337,12.53,4.69,0.00,-6.0,4.998,4.998,4.998,4.998,198
2022-01-13 03:18:22,0.0,0.0,0,0.0,0.0,0,0.0,0.0,0,0.00,0.00,0.00,337,12.53,4.68,0.00,-6.0,4.998,4.998,4.998,4.998,103
2022-01-13 03:19:22,0.0,0.0,0,0.0,0.0,0,0.0,0.0,0,0.00,0.00,0.00,337,12.57,4.68,0.00,-6.0,4.998,4.998,4.998,4.998,134
2022-01-13 03:20:22,0.0,0.0,0,0.0,0.0,0,0.0,0.0,0,0.00,0.00,0.00,337,12.57,4.68,0.00,-6.0,4.998,4.998,4.998,4.998,115
2022-01-13 03:21:22,0.0,0.0,0,0.0,0.0,0,0.0,0.0,0,0.00,0.00,0.00,337,12.57,4.68,0.00,-6.0,4.998,4.998,4.998,4.998,231
2022-01-13 03:22:22,0.0,0.0,0,0.0,0.0,0,0.0,0.0,0,0.00,0.00,0.00,337,12.53,4.68,0.00,-6.0,4.998,4.998,4.998,4.998,76
2022-01-13 03:23:22,0.0,0.0,0,0.0,0.0,0,0.0,0.0,0,0.00,0.00,0.00,337,12.57,4.68,0.00,-6.5,4.998,4.998,4.998,4.998,217
2022-01-13 03:24:22,0.0,0.0,0,0.0,0.0,0,0.0,0.0,0,0.00,0.00,0.00,337,12.57,4.68,0.00,-6.0,4.998,4.998,4.998,4.998,86
2022-01-13 03:25:22,0.0,0.0,0,0.0,0.0,0,0.0,0.0,0,0.00,0.00,0.00,337,12.57,4.68,0.00,-6.0,4.998,4.998,4.998,4.998,194
2022-01-13 03:26:22,0.0,0.0,0,0.0,0.0,0,0.0,0.0,0,0.00,0.00,0.00,337,12.57,4.68,0.00,-6.5,4.998,4.998,4.998,4.998,104
2022-01-13 03:27:22,0.0,0.0,0,0.0,0.0,0,0.0,0.0,0,0.00,0.00,0.00,336,12.53,4.67,0.00,-6.0,4.998,4.998,4.998,4.998,105
2022-01-13 03:28:22,0.0,0.0,0,0.0,0.0,0,0.0,0.0,0,0.00,0.00,0.00,359,12.57,4.99,0.00,-6.0,4.998,4.998,4.998,4.998,66
2022-01-13 03:29:22,0.0,0.0,0,0.0,0.0,0,0.0,0.0,0,0.00,0.00,0.00,0,12.57,0.00,0.00,-6.0,4.998,4.998,4.998,4.998,136
2022-01-13 03:30:22,0.0,0.0,0,0.0,0.0,0,0.0,0.0,0,0.00,0.00,0.00,0,12.53,0.00,0.00,-6.0,4.998,4.998,4.998,4.998,89
2022-01-13 03:31:22,0.0,0.0,0,0.0,0.0,0,0.0,0.0,0,0.00,0.00,0.00,0,12.57,0.00,0.00,-6.0,4.998,4.998,4.998,4.998,153
2022-01-13 03:32:22,0.0,0.0,0,0.0,0.0,0,0.0,0.0,0,0.00,0.00,0.00,0,12.57,0.00,0.00,-6.0,4.998,4.998,4.998,4.998,245
2022-01-13 03:33:22,0.0,0.0,0,0.0,0.0,0,0.0,0.0,0,0.00,0.00,0.00,0,12.57,0.00,0.00,-6.0,4.998,4.998,4.998,4.998,64
2022-01-13 03:34:22,0.0,0.0,0,0.0,0.0,0,0.0,0.0,0,0.00,0.00,0.00,0,12.57,0.00,0.00,-6.5,4.998,4.998,4.998,4.998,183
2022-01-13 03:35:22,0.0,0.0,0,0.0,0.0,0,0.0,0.0,0,0.00,0.00,0.00,0,12.57,0.00,0.00,-6.0,4.998,4.998,4.998,4.998,118
2022-01-13 03:36:22,0.0,0.0,0,0.0,0.0,0,0.0,0.0,0,0.00,0.00,0.00,0,12.57,0.00,0.00,-6.0,4.998,4.998,4.998,4.998,26
2022-01-13 03:37:22,0.0,0.0,0,0.0,0.0,0,0.0,0.0,0,0.00,0.00,0.00,0,12.57,0.00,0.00,-6.0,4.998,4.998,4.998,4.998,175
2022-01-13 03:38:22,0.0,0.0,0,0.0,0.0,0,0.0,0.0,0,0.00,0.00,0.00,0,12.53,0.00,0.00,-6.0,4.998,4.998,4.998,4.998,173
2022-01-13 03:39:22,0.0,0.0,0,0.0,0.0,0,0.0,0.0,0,0.00,0.00,0.00,0,12.57,0.00,0.00,-6.0,4.998,4.998,4.998,4.998,109
2022-01-13 03:40:22,0.0,0.0,0,0.0,0.0,0,0.0,0.0,0,0.00,0.00,0.00,0,12.53,0.00,0.00,-6.0,4.998,4.998,4.998,4.998,182
2022-01-13 03:41:22,0.0,0.0,0,0.0,0.0,0,0.0,0.0,0,0.00,0.00,0.00,0,12.57,0.00,0.00,-6.0,4.998,4.998,4.998,4.998,118
2022-01-13 03:42:22,0.0,0.0,0,0.0,0.0,0,0.0,0.0,0,0.00,0.00,0.00,0,12.57,0.00,0.00,-6.5,4.998,4.998,4.998,4.998,110
2022-01-13 03:43:22,0.0,0.0,0,0.0,0.0,0,0.0,0.0,0,0.00,0.00,0.00,0,12.57,0.00,0.00,-6.0,4.998,4.998,4.998,4.998,175
2022-01-13 03:44:22,0.0,0.0,0,0.0,0.0,0,0.0,0.0,0,0.00,0.00,0.00,0,12.57,0.00,0.00,-6.0,4.998,4.998,4.998,4.998,44
2022-01-13 03:45:22,0.0,0.0,0,0.0,0.0,0,0.0,0.0,0,0.00,0.00,0.00,0,12.57,0.00,0.00,-6.0,4.998,4.998,4.998,4.998,153
2022-01-13 03:46:22,0.0,0.0,0,0.0,0.0,0,0.0,0.0,0,0.00,0.00,0.00,0,12.57,0.00,0.00,-6.0,4.998,4.998,4.998,4.998,245
2022-01-13 03:47:22,0.0,0.0,0,0.0,0.0,0,0.0,0.0,0,0.00,0.00,0.00,0,12.57,0.00,0.00,-6.0,4.998,4.998,4.998,4.998,64
2022-01-13 03:48:22,0.0,0.0,0,0.0,0.0,0,0.0,0.0,0,0.00,0.00,0.00,0,12.53,0.00,0.00,-6.5,4.998,4.998,4.998,4.998,54
2022-01-13 03:49:22,0.0,0.0,0,0.0,0.0,0,0.0,0.0,0,0.00,0.00,0.00,0,12.53,0.00,0.00,-6.0,4.998,4.998,4.998,4.998,247
2022-01-13 03:50:22,0.0,0.0,0,0.0,0.0,0,0.0,0.0,0,0.00,0.00,0.00,0,12.57,0.00,0.00,-6.5,4.998,4.998,4.998,4.998,82
2022-01-13 03:51:22,0.0,0.0,0,0.0,0.0,0,0.0,0.0,0,0.00,0.00,0.00,0,12.57,0.00,0.00,-6.0,4.998,4.998,4.998,4.998,147
2022-01-13 03:52:22,0.0,0.0,0,0.0,0.0,0,0.0,0.0,0,0.00,0.00,0.00,0,12.57,0.00,0.00,-6.5,4.998,4.998,4.998,4.998,139
2022-01-13 03:53:22,0.0,0.0,0,0.0,0.0,0,0.0,0.0,0,0.00,0.00,0.00,0,12.57,0.00,0.00,-6.0,4.998,4.998,4.998,4.998,74
2022-01-13 03:54:22,0.0,0.0,0,0.0,0.0,0,0.0,0.0,0,0.00,0.00,0.00,0,12.53,0.00,0.00,-6.0,4.998,4.998,4.998,4.998,188
2022-01-13 03:55:22,0.0,0.0,0,0.0,0.0,0,0.0,0.0,0,0.00,0.00,0.00,0,12.53,0.00,0.00,-6.0,4.998,4.998,4.998,4.998,9
2022-01-13 03:56:22,0.0,0.0,0,0.0,0.0,0,0.0,0.0,0,0.00,0.00,0.00,0,12.57,0.00,0.00,-6.0,4.998,4.998,4.998,4.998,16
2022-01-13 03:57:22,0.0,0.0,0,0.0,0.0,0,0.0,0.0,0,0.00,0.00,0.00,0,12.53,0.00,0.00,-6.0,4.998,4.998,4.998,4.998,208
2022-01-13 03:58:22,0.0,0.0,0,0.0,0.0,0,0.0,0.0,0,0.00,0.00,0.00,0,12.57,0.00,0.00,-6.0,4.998,4.998,4.998,4.998,210
2022-01-13 03:59:22,0.0,0.0,0,0.0,0.0,0,0.0,0.0,0,0.00,0.00,0.00,0,12.53,0.00,0.00,-6.0,4.998,4.998,4.998,4.998,18
2022-01-13 04:00:22,0.0,0.0,0,0.0,0.0,0,0.0,0.0,0,0.00,0.00,0.00,0,12.53,0.00,0.00,-6.0,4.998,4.998,4.998,4.998,104
2022-01-13 04:01:22,0.0,0.0,0,0.0,0.0,0,0.0,0.0,0,0.00,0.00,0.00,0,12.57,0.00,0.00,-6.0,4.998,4.998,4.998,4.998,168
2022-01-13 04:02:22,0.0,0.0,0,0.0,0.0,0,0.0,0.0,0,0.00,0.00,0.00,0,12.53,0.00,0.00,-6.0,4.998,4.998,4.998,4.998,177
2022-01-13 04:03:22,0.0,0.0,0,0.0,0.0,0,0.0,0.0,0,0.00,0.00,0.00,0,12.57,0.00,0.00,-6.0,4.998,4.998,4.998,4.998,113
2022-01-13 04:04:22,0.0,0.0,0,0.0,0.0,0,0.0,0.0,0,0.00,0.00,0.00,0,12.57,0.00,0.00,-6.0,4.998,4.998,4.998,4.998,242
2022-01-13 04:05:22,0.0,0.0,0,0.0,0.0,0,0.0,0.0,0,0.00,0.00,0.00,13,12.53,0.18,0.00,-6.0,4.998,4.998,4.998,4.998,136
2022-01-13 04:06:22,0.0,0.0,0,0.0,0.0,0,0.0,0.0,0,0.00,0.00,0.00,16,12.57,0.22,0.00,-6.0,4.998,4.998,4.998,4.998,214
2022-01-13 04:07:22,0.0,0.0,0,0.0,0.0,0,0.0,0.0,0,0.00,0.00,0.00,15,12.53,0.21,0.00,-6.0,4.998,4.998,4.998,4.998,35
2022-01-13 04:08:22,0.0,0.0,0,0.0,0.0,0,0.0,0.0,0,0.00,0.00,0.00,15,12.53,0.20,0.00,-6.0,4.998,4.998,4.998,4.998,249
2022-01-13 04:09:22,0.0,0.0,0,0.0,0.0,0,0.0,0.0,0,0.00,0.00,0.00,15,12.53,0.21,0.00,-6.0,4.998,4.998,4.998,4.998,215
2022-01-13 04:10:22,0.0,0.0,0,0.0,0.0,0,0.0,0.0,0,0.00,0.00,0.00,15,12.53,0.20,0.00,-6.0,4.998,4.998,4.998,4.998,147
2022-01-13 04:11:22,0.0,0.0,0,0.0,0.0,0,0.0,0.0,0,0.00,0.00,0.00,15,12.53,0.20,0.00,-6.0,4.998,4.998,4.998,4.998,118
2022-01-13 04:12:22,0.0,0.0,0,0.0,0.0,0,0.0,0.0,0,0.00,0.00,0.00,15,12.53,0.20,0.00,-6.0,4.998,4.998,4.998,4.998,98
2022-01-13 04:13:22,0.0,0.0,0,0.0,0.0,0,0.0,0.0,0,0.00,0.00,0.00,15,12.53,0.20,0.00,-6.0,4.998,4.998,4.998,4.998,135
2022-01-13 04:14:22,0.0,0.0,0,0.0,0.0,0,0.0,0.0,0,0.00,0.00,0.00,15,12.57,0.21,0.00,-6.0,4.998,4.998,4.998,4.998,214
2022-01-13 04:15:22,0.0,0.0,0,0.0,0.0,0,0.0,0.0,0,0.00,0.00,0.00,15,12.57,0.21,0.00,-6.0,4.998,4.998,4.998,4.998,51
2022-01-13 04:16:22,0.0,0.0,0,0.0,0.0,0,0.0,0.0,0,0.00,0.00,0.00,15,12.57,0.20,0.00,-6.0,4.998,4.998,4.998,4.998,236
2022-01-13 04:17:22,0.0,0.0,0,0.0,0.0,0,0.0,0.0,0,0.00,0.00,0.00,15,12.57,0.20,0.00,-6.0,4.998,4.998,4.998,4.998,9
2022-01-13 04:18:22,0.0,0.0,0,0.0,0.0,0,0.0,0.0,0,0.00,0.00,0.00,15,12.53,0.20,0.00,-6.0,4.998,4.998,4.998,4.998,109
2022-01-13 04:19:22,0.0,0.0,0,0.0,0.0,0,0.0,0.0,0,0.00,0.00,0.00,15,12.57,0.20,0.00,-6.0,4.998,4.998,4.998,4.998,253
2022-01-13 04:20:22,0.0,0.0,0,0.0,0.0,0,0.0,0.0,0,0.00,0.00,0.00,15,12.53,0.20,0.00,-6.0,4.998,4.998,4.998,4.998,77
2022-01-13 04:21:22,0.0,0.0,0,0.0,0.0,0,0.0,0.0,0,0.00,0.00,0.00,15,12.53,0.20,0.00,-6.5,4.998,4.998,4.998,4.998,220
2022-01-13 04:22:22,0.0,0.0,0,0.0,0.0,0,0.0,0.0,0,0.00,0.00,0.00,15,12.57,0.20,0.00,-6.0,4.998,4.998,4.998,4.998,201
2022-01-13 04:23:22,0.0,0.0,0,0.0,0.0,0,0.0,0.0,0,0.00,0.00,0.00,14,12.53,0.20,0.00,-6.0,4.998,4.998,4.998,4.998,41
2022-01-13 04:24:22,0.0,0.0,0,0.0,0.0,0,0.0,0.0,0,0.00,0.00,0.00,13,12.57,0.19,0.00,-6.0,4.998,4.998,4.998,4.998,153
2022-01-13 04:25:22,0.0,0.0,0,0.0,0.0,0,0.0,0.0,0,0.00,0.00,0.00,13,12.53,0.19,0.00,-6.0,4.998,4.998,4.998,4.998,9
2022-01-13 04:26:22,0.0,0.0,0,0.0,0.0,0,0.0,0.0,0,0.00,0.00,0.00,13,12.53,0.18,0.00,-6.0,4.998,4.998,4.998,4.998,214
2022-01-13 04:27:22,0.0,0.0,0,0.0,0.0,0,0.0,0.0,0,0.00,0.00,0.00,13,12.57,0.19,0.00,-6.0,4.998,4.998,4.998,4.998,141
2022-01-13 04:28:22,0.0,0.0,0,0.0,0.0,0,0.0,0.0,0,0.00,0.00,0.00,13,12.57,0.18,0.00,-6.0,4.998,4.998,4.998,4.998,87
2022-01-13 04:29:22,0.0,0.0,0,0.0,0.0,0,0.0,0.0,0,0.00,0.00,0.00,13,12.53,0.18,0.00,-6.0,4.998,4.998,4.998,4.998,199
2022-01-13 04:30:22,0.0,0.0,0,0.0,0.0,0,0.0,0.0,0,0.00,0.00,0.00,349,12.57,4.85,0.00,-6.0,4.998,4.998,4.998,4.998,230
2022-01-13 04:31:22,0.0,0.0,0,0.0,0.0,0,0.0,0.0,0,0.00,0.00,0.00,349,12.57,4.85,0.00,-6.0,4.998,4.998,4.998,4.998,114
2022-01-13 04:32:22,0.0,0.0,0,0.0,0.0,0,0.0,0.0,0,0.00,0.00,0.00,349,12.53,4.85,0.00,-6.0,4.998,4.998,4.998,4.998,217
2022-01-13 04:33:22,0.0,0.0,0,0.0,0.0,0,0.0,0.0,0,0.00,0.00,0.00,349,12.57,4.85,0.00,-6.0,4.998,4.998,4.998,4.998,56
2022-01-13 04:34:22,0.0,0.0,0,0.0,0.0,0,0.0,0.0,0,0.00,0.00,0.00,349,12.53,4.85,0.00,-6.0,4.998,4.998,4.998,4.998,182
2022-01-13 04:35:22,0.0,0.0,0,0.0,0.0,0,0.0,0.0,0,0.00,0.00,0.00,349,12.53,4.85,0.00,-6.0,4.998,4.998,4.998,4.998,34
2022-01-13 04:36:22,0.0,0.0,0,0.0,0.0,0,0.0,0.0,0,0.00,0.00,0.00,349,12.57,4.85,0.00,-6.0,4.998,4.998,4.998,4.998,137
2022-01-13 04:37:22,0.0,0.0,0,0.0,0.0,0,0.0,0.0,0,0.00,0.00,0.00,26,12.57,0.37,0.00,-6.0,4.998,4.998,4.998,4.998,186
2022-01-13 04:38:22,0.0,0.0,0,0.0,0.0,0,0.0,0.0,0,0.00,0.00,0.00,359,12.53,4.99,0.00,-6.5,4.998,4.998,4.998,4.998,88
2022-01-13 04:39:22,0.0,0.0,0,0.0,0.0,0,0.0,0.0,0,0.00,0.00,0.00,347,12.57,4.82,0.00,-6.0,4.998,4.998,4.998,4.998,151
2022-01-13 04:40:22,0.0,0.0,0,0.0,0.0,0,0.0,0.0,0,0.00,0.00,0.00,341,12.53,4.73,0.00,-6.0,4.998,4.998,4.998,4.998,96
2022-01-13 04:41:22,0.0,0.0,0,0.0,0.0,0,0.0,0.0,0,0.00,0.00,0.00,359,12.53,4.99,0.00,-6.0,4.998,4.998,4.998,4.998,12
2022-01-13 04:42:22,0.0,0.0,0,0.0,0.0,0,0.0,0.0,0,0.00,0.00,0.00,338,12.53,4.70,0.00,-6.0,4.998,4.998,4.998,4.998,101
2022-01-13 04:43:22,0.0,0.0,0,0.0,0.0,0,0.0,0.0,0,0.00,0.00,0.00,350,12.57,4.86,0.00,-6.0,4.998,4.998,4.998,4.998,94
2022-01-13 04:44:22,0.0,0.0,0,0.0,0.0,0,0.0,0.0,0,0.00,0.00,0.00,350,12.53,4.86,0.00,-6.5,4.998,4.998,4.998,4.998,164
2022-01-13 04:45:22,0.0,0.0,0,0.0,0.0,0,0.0,0.0,0,0.00,0.00,0.00,342,12.53,4.75,0.00,-6.5,4.998,4.998,4.998,4.998,120
2022-01-13 04:46:22,0.0,0.0,0,0.0,0.0,0,0.0,0.0,0,0.00,0.00,0.00,342,12.53,4.76,0.00,-6.0,4.998,4.998,4.998,4.998,255
2022-01-13 04:47:22,0.0,0.0,0,0.0,0.0,0,0.0,0.0,0,0.00,0.00,0.00,342,12.57,4.75,0.00,-6.0,4.998,4.998,4.998,4.998,51
2022-01-13 04:48:22,0.0,0.0,0,0.0,0.0,0,0.0,0.0,0,0.00,0.00,0.00,342,12.53,4.75,0.00,-6.0,4.998,4.998,4.998,4.998,44
2022-01-13 04:49:22,0.0,0.0,0,0.0,0.0,0,0.0,0.0,0,0.00,0.00,0.00,327,12.53,4.54,0.00,-6.0,4.998,4.998,4.998,4.998,235
2022-01-13 04:50:22,0.0,0.0,0,0.0,0.0,0,0.0,0.0,0,0.00,0.00,0.00,328,12.53,4.55,0.00,-6.0,4.998,4.998,4.998,4.998,34
2022-01-13 04:51:22,0.0,0.0,0,0.0,0.0,0,0.0,0.0,0,0.00,0.00,0.00,338,12.57,4.69,0.00,-6.5,4.998,4.998,4.998,4.998,97
2022-01-13 04:52:22,0.0,0.0,0,0.0,0.0,0,0.0,0.0,0,0.00,0.00,0.00,359,12.53,4.99,0.00,-6.0,4.998,4.998,4.998,4.998,143
2022-01-13 04:53:22,0.0,0.0,0,0.0,0.0,0,0.0,0.0,0,0.00,0.00,0.00,339,12.53,4.71,0.00,-6.5,4.998,4.998,4.998,4.998,99
2022-01-13 04:54:22,0.0,0.0,0,0.0,0.0,0,0.0,0.0,0,0.00,0.00,0.00,334,12.53,4.64,0.00,-6.5,4.998,4.998,4.998,4.998,181
2022-01-13 04:55:22,0.0,0.0,0,0.0,0.0,0,0.0,0.0,0,0.00,0.00,0.00,350,12.57,4.87,0.00,-6.0,4.998,4.998,4.998,4.998,167
2022-01-13 04:56:22,0.0,0.0,0,0.0,0.0,0,0.0,0.0,0,0.00,0.00,0.00,330,12.53,4.58,0.00,-6.0,4.998,4.998,4.998,4.998,81
2022-01-13 04:57:22,0.0,0.0,0,0.0,0.0,0,0.0,0.0,0,0.00,0.00,0.00,333,12.53,4.63,0.00,-6.0,4.998,4.998,4.998,4.998,21
2022-01-13 04:58:22,0.0,0.0,0,0.0,0.0,0,0.0,0.0,0,0.00,0.00,0.00,341,12.57,4.74,0.00,-6.5,4.998,4.998,4.998,4.998,243
2022-01-13 04:59:22,0.0,0.0,0,0.0,0.0,0,0.0,0.0,0,0.00,0.00,0.00,355,12.53,4.94,0.00,-6.5,4.998,4.998,4.998,4.998,164
2022-01-13 05:00:22,0.0,0.0,0,0.0,0.0,0,0.0,0.0,0,0.00,0.00,0.00,355,12.57,4.93,0.00,-6.0,4.998,4.998,4.998,4.998,30
2022-01-13 05:01:22,0.0,0.0,0,0.0,0.0,0,0.0,0.0,0,0.00,0.00,0.00,341,12.53,4.74,0.00,-6.5,4.998,4.998,4.998,4.998,99
2022-01-13 05:02:22,0.0,0.0,0,0.0,0.0,0,0.0,0.0,0,0.00,0.00,0.00,349,12.53,4.85,0.00,-6.5,4.998,4.998,4.998,4.998,53
2022-01-13 05:03:22,0.0,0.0,0,0.0,0.0,0,0.0,0.0,0,0.00,0.00,0.00,349,12.53,4.84,0.00,-6.5,4.998,4.998,4.998,4.998,106
2022-01-13 05:04:22,0.0,0.0,0,0.0,0.0,0,0.0,0.0,0,0.00,0.00,0.00,336,12.53,4.67,0.00,-6.0,4.998,4.998,4.998,4.998,52
2022-01-13 05:05:22,0.0,0.0,0,0.0,0.0,0,0.0,0.0,0,0.00,0.00,0.00,346,12.53,4.81,0.00,-6.5,4.998,4.998,4.998,4.998,231
2022-01-13 05:06:22,0.0,0.0,0,0.0,0.0,0,0.0,0.0,0,0.00,0.00,0.00,350,12.53,4.87,0.00,-6.0,4.998,4.998,4.998,4.998,236
2022-01-13 05:07:22,0.0,0.0,0,0.0,0.0,0,0.0,0.0,0,0.00,0.00,0.00,356,12.53,4.95,0.00,-6.5,4.998,4.998,4.998,4.998,57
2022-01-13 05:08:22,0.0,0.0,0,0.0,0.0,0,0.0,0.0,0,0.00,0.00,0.00,359,12.53,4.99,0.00,-6.5,4.998,4.998,4.998,4.998,192
2022-01-13 05:09:22,0.0,0.0,0,0.0,0.0,0,0.0,0.0,0,0.00,0.00,0.00,342,12.53,4.75,0.00,-6.5,4.998,4.998,4.998,4.998,113
2022-01-13 05:10:22,0.0,0.0,0,0.0,0.0,0,0.0,0.0,0,0.00,0.00,0.00,342,12.53,4.75,0.00,-6.0,4.998,4.998,4.998,4.998,93
2022-01-13 05:11:22,0.0,0.0,0,0.0,0.0,0,0.0,0.0,0,0.00,0.00,0.00,348,12.53,4.83,0.00,-6.5,4.998,4.998,4.998,4.998,83
2022-01-13 05:12:22,0.0,0.0,0,0.0,0.0,0,0.0,0.0,0,0.00,0.00,0.00,330,12.57,4.58,0.00,-6.0,4.998,4.998,4.998,4.998,188
2022-01-13 05:13:22,0.0,0.0,0,0.0,0.0,0,0.0,0.0,0,0.00,0.00,0.00,359,12.53,4.99,0.00,-6.0,4.998,4.998,4.998,4.998,166
2022-01-13 05:14:22,0.0,0.0,0,0.0,0.0,0,0.0,0.0,0,0.00,0.00,0.00,312,12.57,4.34,0.00,-6.0,4.998,4.998,4.998,4.998,174
2022-01-13 05:15:22,0.0,0.0,0,0.0,0.0,0,0.0,0.0,0,0.00,0.00,0.00,342,12.57,4.76,0.00,-6.0,4.998,4.998,4.998,4.998,180
2022-01-13 05:16:22,0.0,0.0,0,0.0,0.0,0,0.0,0.0,0,0.00,0.00,0.00,342,12.53,4.75,0.00,-6.5,4.998,4.998,4.998,4.998,70
2022-01-13 05:17:22,0.0,0.0,0,0.0,0.0,0,0.0,0.0,0,0.00,0.00,0.00,342,12.53,4.75,0.00,-6.5,4.998,4.998,4.998,4.998,210
2022-01-13 05:18:22,0.0,0.0,0,0.0,0.0,0,0.0,0.0,0,0.00,0.00,0.00,346,12.57,4.81,0.00,-6.5,4.998,4.998,4.998,4.998,239
2022-01-13 05:19:22,0.0,0.0,0,0.0,0.0,0,0.0,0.0,0,0.00,0.00,0.00,346,12.53,4.80,0.00,-6.5,4.998,4.998,4.998,4.998,197
2022-01-13 05:20:22,0.0,0.0,0,0.0,0.0,0,0.0,0.0,0,0.00,0.00,0.00,346,12.53,4.81,0.00,-6.0,4.998,4.998,4.998,4.998,143
2022-01-13 05:21:22,0.0,0.0,0,0.0,0.0,0,0.0,0.0,0,0.00,0.00,0.00,349,12.53,4.85,0.00,-6.5,4.998,4.998,4.998,4.998,70
2022-01-13 05:22:22,0.0,0.0,0,0.0,0.0,0,0.0,0.0,0,0.00,0.00,0.00,316,12.53,4.38,0.00,-6.5,4.998,4.998,4.998,4.998,229
2022-01-13 05:23:22,0.0,0.0,0,0.0,0.0,0,0.0,0.0,0,0.00,0.00,0.00,331,12.53,4.60,0.00,-6.5,4.998,4.998,4.998,4.998,28
2022-01-13 05:24:22,0.0,0.0,0,0.0,0.0,0,0.0,0.0,0,0.00,0.00,0.00,356,12.53,4.95,0.00,-6.5,4.998,4.998,4.998,4.998,74
2022-01-13 05:25:22,0.0,0.0,0,0.0,0.0,0,0.0,0.0,0,0.00,0.00,0.00,333,12.53,4.62,0.00,-6.5,4.998,4.998,4.998,4.998,173
2022-01-13 05:26:22,0.0,0.0,0,0.0,0.0,0,0.0,0.0,0,0.00,0.00,0.00,333,12.53,4.63,0.00,-7.0,4.998,4.998,4.998,4.998,2
2022-01-13 05:27:22,0.0,0.0,0,0.0,0.0,0,0.0,0.0,0,0.00,0.00,0.00,348,12.53,4.84,0.00,-6.5,4.998,4.998,4.998,4.998,146
2022-01-13 05:28:22,0.0,0.0,0,0.0,0.0,0,0.0,0.0,0,0.00,0.00,0.00,359,12.53,4.99,0.00,-6.5,4.998,4.998,4.998,4.998,109
2022-01-13 05:29:22,0.0,0.0,0,0.0,0.0,0,0.0,0.0,0,0.00,0.00,0.00,359,12.53,4.99,0.00,-6.5,4.998,4.998,4.998,4.998,249
2022-01-13 05:30:22,0.0,0.0,0,0.0,0.0,0,0.0,0.0,0,0.00,0.00,0.00,359,12.53,4.99,0.00,-6.5,4.998,4.998,4.998,4.998,161
2022-01-13 05:31:22,0.0,0.0,0,0.0,0.0,0,0.0,0.0,0,0.00,0.00,0.00,351,12.53,4.88,0.00,-6.0,4.998,4.998,4.998,4.998,115
2022-01-13 05:32:22,0.0,0.0,0,0.0,0.0,0,0.0,0.0,0,0.00,0.00,0.00,352,12.57,4.89,0.00,-6.5,4.998,4.998,4.998,4.998,47
2022-01-13 05:33:22,0.0,0.0,0,0.0,0.0,0,0.0,0.0,0,0.00,0.00,0.00,357,12.53,4.96,0.00,-6.5,4.998,4.998,4.998,4.998,177
2022-01-13 05:34:22,0.0,0.0,0,0.0,0.0,0,0.0,0.0,0,0.00,0.00,0.00,359,12.53,4.99,0.00,-6.0,4.998,4.998,4.998,4.998,240
2022-01-13 05:35:22,0.0,0.0,0,0.0,0.0,0,0.0,0.0,0,0.00,0.00,0.00,333,12.53,4.62,0.00,-6.5,4.998,4.998,4.998,4.998,240
2022-01-13 05:36:22,0.0,0.0,0,0.0,0.0,0,0.0,0.0,0,0.00,0.00,0.00,331,12.57,4.59,0.00,-6.5,4.998,4.998,4.998,4.998,251
2022-01-13 05:37:22,0.0,0.0,0,0.0,0.0,0,0.0,0.0,0,0.00,0.00,0.00,341,12.53,4.74,0.00,-6.5,4.998,4.998,4.998,4.998,252
2022-01-13 05:38:22,0.0,0.0,0,0.0,0.0,0,0.0,0.0,0,0.00,0.00,0.00,342,12.53,4.76,0.00,-6.5,4.998,4.998,4.998,4.998,56
2022-01-13 05:39:22,0.0,0.0,0,0.0,0.0,0,0.0,0.0,0,0.00,0.00,0.00,341,12.53,4.74,0.00,-6.5,4.998,4.998,4.998,4.998,2
2022-01-13 05:40:22,0.0,0.0,0,0.0,0.0,0,0.0,0.0,0,0.00,0.00,0.00,341,12.53,4.74,0.00,-6.5,4.998,4.998,4.998,4.998,34
2022-01-13 05:41:22,0.0,0.0,0,0.0,0.0,0,0.0,0.0,0,0.00,0.00,0.00,341,12.53,4.74,0.00,-6.5,4.998,4.998,4.998,4.998,182
2022-01-13 05:42:22,0.0,0.0,0,0.0,0.0,0,0.0,0.0,0,0.00,0.00,0.00,342,12.57,4.75,0.00,-6.5,4.998,4.998,4.998,4.998,158
2022-01-13 05:43:22,0.0,0.0,0,0.0,0.0,0,0.0,0.0,0,0.00,0.00,0.00,359,12.53,4.99,0.00,-6.5,4.998,4.998,4.998,4.998,90
2022-01-13 05:44:22,0.0,0.0,0,0.0,0.0,0,0.0,0.0,0,0.00,0.00,0.00,1,12.53,0.01,0.00,-6.5,4.998,4.998,4.998,4.998,238
2022-01-13 05:45:22,0.0,0.0,0,0.0,0.0,0,0.0,0.0,0,0.00,0.00,0.00,2,12.53,0.03,0.00,-6.5,4.998,4.998,4.998,4.998,245
2022-01-13 05:46:22,0.0,0.0,0,0.0,0.0,0,0.0,0.0,0,0.00,0.00,0.00,2,12.53,0.03,0.00,-6.5,4.998,4.998,4.998,4.998,153
2022-01-13 05:47:22,0.0,0.0,0,0.0,0.0,0,0.0,0.0,0,0.00,0.00,0.00,2,12.53,0.03,0.00,-6.5,4.998,4.998,4.998,4.998,44
2022-01-13 05:48:22,0.0,0.0,0,0.0,0.0,0,0.0,0.0,0,0.00,0.00,0.00,2,12.53,0.02,0.00,-6.5,4.998,4.998,4.998,4.998,144
2022-01-13 05:49:22,0.0,0.0,0,0.0,0.0,0,0.0,0.0,0,0.00,0.00,0.00,2,12.53,0.02,0.00,-6.5,4.998,4.998,4.998,4.998,37
2022-01-13 05:50:22,0.0,0.0,0,0.0,0.0,0,0.0,0.0,0,0.00,0.00,0.00,2,12.53,0.02,0.00,-6.5,4.998,4.998,4.998,4.998,129
2022-01-13 05:51:22,0.0,0.0,0,0.0,0.0,0,0.0,0.0,0,0.00,0.00,0.00,349,12.53,4.85,0.00,-6.5,4.998,4.998,4.998,4.998,99
2022-01-13 05:52:22,0.0,0.0,0,0.0,0.0,0,0.0,0.0,0,0.00,0.00,0.00,349,12.53,4.85,0.00,-6.5,4.998,4.998,4.998,4.998,189
2022-01-13 05:53:22,0.0,0.0,0,0.0,0.0,0,0.0,0.0,0,0.00,0.00,0.00,349,12.53,4.85,0.00,-6.5,4.998,4.998,4.998,4.998,41
2022-01-13 05:54:22,0.0,0.0,0,0.0,0.0,0,0.0,0.0,0,0.00,0.00,0.00,350,12.53,4.86,0.00,-6.5,4.998,4.998,4.998,4.998,145
2022-01-13 05:55:22,0.0,0.0,0,0.0,0.0,0,0.0,0.0,0,0.00,0.00,0.00,350,12.53,4.86,0.00,-6.5,4.998,4.998,4.998,4.998,5
2022-01-13 05:56:22,0.0,0.0,0,0.0,0.0,0,0.0,0.0,0,0.00,0.00,0.00,350,12.53,4.86,0.00,-6.5,4.998,4.998,4.998,4.998,219
2022-01-13 05:57:22,0.0,0.0,0,0.0,0.0,0,0.0,0.0,0,0.00,0.00,0.00,350,12.53,4.86,0.00,-6.5,4.998,4.998,4.998,4.998,79
2022-01-13 05:58:22,0.0,0.0,0,0.0,0.0,0,0.0,0.0,0,0.00,0.00,0.00,350,12.53,4.86,0.00,-6.5,4.998,4.998,4.998,4.998,37
2022-01-13 05:59:22,0.0,0.0,0,0.0,0.0,0,0.0,0.0,0,0.00,0.00,0.00,350,12.53,4.86,0.00,-6.0,4.998,4.998,4.998,4.998,197
2022-01-13 06:00:22,0.0,0.0,0,0.0,0.0,0,0.0,0.0,0,0.00,0.00,0.00,350,12.53,4.87,0.00,-6.5,4.998,4.998,4.998,4.998,171
2022-01-13 06:01:22,0.0,0.0,0,0.0,0.0,0,0.0,0.0,0,0.00,0.00,0.00,350,12.53,4.86,0.00,-6.5,4.998,4.998,4.998,4.998,244
2022-01-13 06:02:22,0.0,0.0,0,0.0,0.0,0,0.0,0.0,0,0.00,0.00,0.00,349,12.53,4.85,0.00,-6.5,4.998,4.998,4.998,4.998,105
2022-01-13 06:03:22,0.0,0.0,0,0.0,0.0,0,0.0,0.0,0,0.00,0.00,0.00,350,12.53,4.86,0.00,-6.5,4.998,4.998,4.998,4.998,190
2022-01-13 06:04:22,0.0,0.0,0,0.0,0.0,0,0.0,0.0,0,0.00,0.00,0.00,350,12.53,4.86,0.00,-6.5,4.998,4.998,4.998,4.998,69
2022-01-13 06:05:22,0.0,0.0,0,0.0,0.0,0,0.0,0.0,0,0.00,0.00,0.00,359,12.53,4.99,0.00,-6.5,4.998,4.998,4.998,4.998,188
2022-01-13 06:06:22,0.0,0.0,0,0.0,0.0,0,0.0,0.0,0,0.00,0.00,0.00,359,12.53,4.99,0.00,-6.5,4.998,4.998,4.998,4.998,98
2022-01-13 06:07:22,0.0,0.0,0,0.0,0.0,0,0.0,0.0,0,0.00,0.00,0.00,359,12.53,4.99,0.00,-6.5,4.998,4.998,4.998,4.998,246
2022-01-13 06:08:22,0.0,0.0,0,0.0,0.0,0,0.0,0.0,0,0.00,0.00,0.00,359,12.53,4.99,0.00,-6.5,4.998,4.998,4.998,4.998,156
2022-01-13 06:09:22,0.0,0.0,0,0.0,0.0,0,0.0,0.0,0,0.00,0.00,0.00,359,12.53,4.99,0.00,-6.5,4.998,4.998,4.998,4.998,8
2022-01-13 06:10:22,0.0,0.0,0,0.0,0.0,0,0.0,0.0,0,0.00,0.00,0.00,359,12.53,4.99,0.00,-6.5,4.998,4.998,4.998,4.998,80
2022-01-13 06:11:22,0.0,0.0,0,0.0,0.0,0,0.0,0.0,0,0.00,0.00,0.00,359,12.53,4.99,0.00,-6.5,4.998,4.998,4.998,4.998,196
2022-01-13 06:12:22,0.0,0.0,0,0.0,0.0,0,0.0,0.0,0,0.00,0.00,0.00,359,12.53,4.99,0.00,-6.5,4.998,4.998,4.998,4.998,26
2022-01-13 06:13:22,0.0,0.0,0,0.0,0.0,0,0.0,0.0,0,0.00,0.00,0.00,354,12.53,4.92,0.00,-6.5,4.998,4.998,4.998,4.998,123
2022-01-13 06:14:22,0.0,0.0,0,0.0,0.0,0,0.0,0.0,0,0.00,0.00,0.00,337,12.53,4.68,0.00,-6.5,4.998,4.998,4.998,4.998,213
2022-01-13 06:15:22,0.0,0.0,0,0.0,0.0,0,0.0,0.0,0,0.00,0.00,0.00,337,12.53,4.68,0.00,-6.5,4.998,4.998,4.998,4.998,65
2022-01-13 06:16:22,0.0,0.0,0,0.0,0.0,0,0.0,0.0,0,0.00,0.00,0.00,337,12.53,4.68,0.00,-6.5,4.998,4.998,4.998,4.998,159
2022-01-13 06:17:22,0.0,0.0,0,0.0,0.0,0,0.0,0.0,0,0.00,0.00,0.00,335,12.53,4.65,0.00,-7.0,4.998,4.998,4.998,4.998,139
2022-01-13 06:18:22,0.0,0.0,0,0.0,0.0,0,0.0,0.0,0,0.00,0.00,0.00,335,12.53,4.65,0.00,-6.5,4.998,4.998,4.998,4.998,91
2022-01-13 06:19:22,0.0,0.0,0,0.0,0.0,0,0.0,0.0,0,0.00,0.00,0.00,335,12.53,4.65,0.00,-6.5,4.998,4.998,4.998,4.998,207
2022-01-13 06:20:22,0.0,0.0,0,0.0,0.0,0,0.0,0.0,0,0.00,0.00,0.00,2,12.53,0.02,0.00,-6.5,4.998,4.998,4.998,4.998,158
2022-01-13 06:21:22,0.0,0.0,0,0.0,0.0,0,0.0,0.0,0,0.00,0.00,0.00,3,12.53,0.04,0.00,-7.0,4.998,4.998,4.998,4.998,116
2022-01-13 06:22:22,0.0,0.0,0,0.0,0.0,0,0.0,0.0,0,0.00,0.00,0.00,3,12.53,0.04,0.00,-6.5,4.998,4.998,4.998,4.998,162
2022-01-13 06:23:22,0.0,0.0,0,0.0,0.0,0,0.0,0.0,0,0.00,0.00,0.00,26,12.53,0.36,0.00,-6.5,4.998,4.998,4.998,4.998,147
2022-01-13 06:24:22,0.0,0.0,0,0.0,0.0,0,0.0,0.0,0,0.00,0.00,0.00,4,12.53,0.06,0.00,-7.0,4.998,4.998,4.998,4.998,156
2022-01-13 06:25:22,0.0,0.0,0,0.0,0.0,0,0.0,0.0,0,0.00,0.00,0.00,4,12.53,0.06,0.00,-6.5,4.998,4.998,4.998,4.998,147
2022-01-13 06:26:22,0.0,0.0,0,0.0,0.0,0,0.0,0.0,0,0.00,0.00,0.00,4,12.53,0.05,0.00,-6.5,4.998,4.998,4.998,4.998,210
2022-01-13 06:27:22,0.0,0.0,0,0.0,0.0,0,0.0,0.0,0,0.00,0.00,0.00,4,12.53,0.05,0.00,-6.5,4.998,4.998,4.998,4.998,103
2022-01-13 06:28:22,0.0,0.0,0,0.0,0.0,0,0.0,0.0,0,0.00,0.00,0.00,4,12.53,0.05,0.00,-7.0,4.998,4.998,4.998,4.998,170
2022-01-13 06:29:22,0.0,0.0,0,0.0,0.0,0,0.0,0.0,0,0.00,0.00,0.00,17,12.53,0.24,0.00,-6.5,4.998,4.998,4.998,4.998,229
2022-01-13 06:30:22,0.0,0.0,0,0.0,0.0,0,0.0,0.0,0,0.00,0.00,0.00,354,12.53,4.91,0.00,-6.5,4.998,4.998,4.998,4.998,37
2022-01-13 06:31:22,0.0,0.0,0,0.0,0.0,0,0.0,0.0,0,0.00,0.00,0.00,354,12.53,4.91,0.00,-6.5,4.998,4.998,4.998,4.998,177
2022-01-13 06:32:22,0.0,0.0,0,0.0,0.0,0,0.0,0.0,0,0.00,0.00,0.00,354,12.53,4.92,0.00,-7.0,4.998,4.998,4.998,4.998,248
2022-01-13 06:33:22,0.0,0.0,0,0.0,0.0,0,0.0,0.0,0,0.00,0.00,0.00,354,12.53,4.92,0.00,-6.5,4.998,4.998,4.998,4.998,214
2022-01-13 06:34:22,0.0,0.0,0,0.0,0.0,0,0.0,0.0,0,0.00,0.00,0.00,354,12.53,4.92,0.00,-7.0,4.998,4.998,4.998,4.998,151
2022-01-13 06:35:22,0.0,0.0,0,0.0,0.0,0,0.0,0.0,0,0.00,0.00,0.00,354,12.53,4.92,0.00,-6.5,4.998,4.998,4.998,4.998,185
2022-01-13 06:36:22,0.0,0.0,0,0.0,0.0,0,0.0,0.0,0,0.00,0.00,0.00,354,12.53,4.92,0.00,-7.0,4.998,4.998,4.998,4.998,221
2022-01-13 06:37:22,0.0,0.0,0,0.0,0.0,0,0.0,0.0,0,0.00,0.00,0.00,354,12.53,4.91,0.00,-6.5,4.998,4.998,4.998,4.998,222
2022-01-13 06:38:22,0.0,0.0,0,0.0,0.0,0,0.0,0.0,0,0.00,0.00,0.00,354,12.53,4.91,0.00,-7.0,4.998,4.998,4.998,4.998,14
2022-01-13 06:39:22,0.0,0.0,0,0.0,0.0,0,0.0,0.0,0,0.00,0.00,0.00,354,12.53,4.91,0.00,-6.5,4.998,4.998,4.998,4.998,32
2022-01-13 06:40:22,0.0,0.0,0,0.0,0.0,0,0.0,0.0,0,0.00,0.00,0.00,354,12.53,4.92,0.00,-7.0,4.998,4.998,4.998,4.998,151
2022-01-13 06:41:22,0.0,0.0,0,0.0,0.0,0,0.0,0.0,0,0.00,0.00,0.00,354,12.53,4.92,0.00,-7.0,4.998,4.998,4.998,4.998,3
2022-01-13 06:42:22,0.0,0.0,0,0.0,0.0,0,0.0,0.0,0,0.00,0.00,0.00,354,12.53,4.92,0.00,-6.5,4.998,4.998,4.998,4.998,103
2022-01-13 06:43:22,0.0,0.0,0,0.0,0.0,0,0.0,0.0,0,0.00,0.00,0.00,354,12.53,4.91,0.00,-7.0,4.998,4.998,4.998,4.998,100
2022-01-13 06:44:22,0.0,0.0,0,0.0,0.0,0,0.0,0.0,0,0.00,0.00,0.00,354,12.53,4.91,0.00,-7.0,4.998,4.998,4.998,4.998,159
2022-01-13 06:45:22,0.0,0.0,0,0.0,0.0,0,0.0,0.0,0,0.00,0.00,0.00,354,12.53,4.91,0.00,-7.0,4.998,4.998,4.998,4.998,11
2022-01-13 06:46:22,0.0,0.0,0,0.0,0.0,0,0.0,0.0,0,0.00,0.00,0.00,354,12.53,4.91,0.00,-7.0,4.998,4.998,4.998,4.998,213
2022-01-13 06:47:22,0.0,0.0,0,0.0,0.0,0,0.0,0.0,0,0.00,0.00,0.00,353,12.53,4.91,0.00,-6.5,4.998,4.998,4.998,4.998,175
2022-01-13 06:48:22,0.0,0.0,0,0.0,0.0,0,0.0,0.0,0,0.00,0.00,0.00,354,12.53,4.91,0.00,-7.0,4.998,4.998,4.998,4.998,43
2022-01-13 06:49:22,0.0,0.0,0,0.0,0.0,0,0.0,0.0,0,0.00,0.00,0.00,353,12.53,4.91,0.00,-6.5,4.998,4.998,4.998,4.998,81
2022-01-13 06:50:22,0.0,0.0,0,0.0,0.0,0,0.0,0.0,0,0.00,0.00,0.00,353,12.53,4.91,0.00,-6.5,4.998,4.998,4.998,4.998,9
2022-01-13 06:51:22,0.0,0.0,0,0.0,0.0,0,0.0,0.0,0,0.00,0.00,0.00,353,12.53,4.91,0.00,-6.5,4.998,4.998,4.998,4.998,157
2022-01-13 06:52:22,0.0,0.0,0,0.0,0.0,0,0.0,0.0,0,0.00,0.00,0.00,353,12.53,4.91,0.00,-7.0,4.998,4.998,4.998,4.998,249
2022-01-13 06:53:22,0.0,0.0,0,0.0,0.0,0,0.0,0.0,0,0.00,0.00,0.00,359,12.53,4.99,0.00,-6.5,4.998,4.998,4.998,4.998,91
2022-01-13 06:54:22,0.0,0.0,0,0.0,0.0,0,0.0,0.0,0,0.00,0.00,0.00,333,12.53,4.63,0.00,-6.5,4.998,4.998,4.998,4.998,139
2022-01-13 06:55:22,0.0,0.0,0,0.0,0.0,0,0.0,0.0,0,0.00,0.00,0.00,359,12.53,4.99,0.00,-7.0,4.998,4.998,4.998,4.998,142
2022-01-13 06:56:22,0.0,0.0,0,0.0,0.0,0,0.0,0.0,0,0.00,0.00,0.00,359,12.53,4.99,0.00,-6.5,4.998,4.998,4.998,4.998,234
2022-01-13 06:57:22,0.0,0.0,0,0.0,0.0,0,0.0,0.0,0,0.00,0.00,0.00,359,12.53,4.99,0.00,-6.5,4.998,4.998,4.998,4.998,126
2022-01-13 06:58:22,0.0,0.0,0,0.0,0.0,0,0.0,0.0,0,0.00,0.00,0.00,359,12.53,4.99,0.00,-6.5,4.998,4.998,4.998,4.998,20
2022-01-13 06:59:22,0.0,0.0,0,0.0,0.0,0,0.0,0.0,0,0.00,0.00,0.00,0,12.53,0.00,0.00,-6.5,4.998,4.998,4.998,4.998,238
2022-01-13 07:00:22,0.0,0.0,0,0.0,0.0,0,0.0,0.0,0,0.00,0.00,0.00,0,12.49,0.00,0.00,-7.0,4.998,4.998,4.998,4.998,155
2022-01-13 07:01:22,0.0,0.0,0,0.0,0.0,0,0.0,0.0,0,0.00,0.00,0.00,335,12.53,4.65,0.00,-6.5,4.998,4.998,4.998,4.998,107
2022-01-13 07:02:22,0.0,0.0,0,0.0,0.0,0,0.0,0.0,0,0.00,0.00,0.00,301,12.53,4.18,0.00,-7.0,4.998,4.998,4.998,4.998,122
2022-01-13 07:03:22,0.0,0.0,0,0.0,0.0,0,0.0,0.0,0,0.00,0.00,0.00,344,12.53,4.78,0.00,-7.0,4.998,4.998,4.998,4.998,2
2022-01-13 07:04:22,0.0,0.0,0,0.0,0.0,0,0.0,0.0,0,0.00,0.00,0.00,356,12.53,4.95,0.00,-7.0,4.998,4.998,4.998,4.998,105
2022-01-13 07:05:22,0.0,0.0,0,0.0,0.0,0,0.0,0.0,0,0.00,0.00,0.00,359,12.53,4.99,0.00,-6.5,4.998,4.998,4.998,4.998,212
2022-01-13 07:06:22,0.0,0.0,0,0.0,0.0,0,0.0,0.0,0,0.00,0.00,0.00,359,12.53,4.99,0.00,-7.0,4.998,4.998,4.998,4.998,176
2022-01-13 07:07:22,0.0,0.0,0,0.0,0.0,0,0.0,0.0,0,0.00,0.00,0.00,359,12.53,4.99,0.00,-6.5,4.998,4.998,4.998,4.998,158
2022-01-13 07:08:22,0.0,0.0,0,0.0,0.0,0,0.0,0.0,0,0.00,0.00,0.00,322,12.53,4.47,0.00,-7.0,4.998,4.998,4.998,4.998,142
2022-01-13 07:09:22,0.0,0.0,0,0.0,0.0,0,0.0,0.0,0,0.00,0.00,0.00,359,12.53,4.99,0.00,-7.0,4.998,4.998,4.998,4.998,218
2022-01-13 07:10:22,0.0,0.0,0,0.0,0.0,0,0.0,0.0,0,0.00,0.00,0.00,359,12.53,4.99,0.00,-7.0,4.998,4.998,4.998,4.998,130
2022-01-13 07:11:22,0.0,0.0,0,0.0,0.0,0,0.0,0.0,0,0.00,0.00,0.00,359,12.53,4.99,0.00,-7.0,4.998,4.998,4.998,4.998,22
2022-01-13 07:12:22,0.0,0.0,0,0.0,0.0,0,0.0,0.0,0,0.00,0.00,0.00,359,12.53,4.99,0.00,-6.5,4.998,4.998,4.998,4.998,114
2022-01-13 07:13:22,0.0,0.0,0,0.0,0.0,0,0.0,0.0,0,0.00,0.00,0.00,359,12.53,4.99,0.00,-7.0,4.998,4.998,4.998,4.998,92
2022-01-13 07:14:22,0.0,0.0,0,0.0,0.0,0,0.0,0.0,0,0.00,0.00,0.00,359,12.53,4.99,0.00,-6.5,4.998,4.998,4.998,4.998,29
2022-01-13 07:15:22,0.0,0.0,0,0.0,0.0,0,0.0,0.0,0,0.00,0.00,0.00,359,12.53,4.99,0.00,-6.5,4.998,4.998,4.998,4.998,137
2022-01-13 07:16:22,0.0,0.0,0,0.0,0.0,0,0.0,0.0,0,0.00,0.00,0.00,344,12.53,4.78,0.00,-7.0,4.998,4.998,4.998,4.998,238
2022-01-13 07:17:22,0.0,0.0,0,0.0,0.0,0,0.0,0.0,0,0.00,0.00,0.00,351,12.53,4.88,0.00,-6.5,4.998,4.998,4.998,4.998,241
2022-01-13 07:18:22,0.0,0.0,0,0.0,0.0,0,0.0,0.0,0,0.00,0.00,0.00,353,12.53,4.91,0.00,-6.5,4.998,4.998,4.998,4.998,37
2022-01-13 07:19:22,0.0,0.0,0,0.0,0.0,0,0.0,0.0,0,0.00,0.00,0.00,357,12.53,4.96,0.00,-7.0,4.998,4.998,4.998,4.998,73
2022-01-13 07:20:22,0.0,0.0,0,0.0,0.0,0,0.0,0.0,0,0.00,0.00,0.00,2,12.53,0.03,0.00,-6.5,4.998,4.998,4.998,4.998,8
2022-01-13 07:21:22,0.0,0.0,0,0.0,0.0,0,0.0,0.0,0,0.00,0.00,0.00,347,12.53,4.82,0.00,-6.5,4.998,4.998,4.998,4.998,6
2022-01-13 07:22:22,0.0,0.0,0,0.0,0.0,0,0.0,0.0,0,0.00,0.00,0.00,348,12.53,4.83,0.00,-6.5,4.998,4.998,4.998,4.998,73
2022-01-13 07:23:22,0.0,0.0,0,0.0,0.0,0,0.0,0.0,0,0.00,0.00,0.00,348,12.53,4.83,0.00,-7.0,4.998,4.998,4.998,4.998,103
2022-01-13 07:24:22,0.0,0.0,0,0.0,0.0,0,0.0,0.0,0,0.00,0.00,0.00,324,12.53,4.50,0.00,-7.0,4.998,4.998,4.998,4.998,26
2022-01-13 07:25:22,0.0,0.0,0,0.0,0.0,0,0.0,0.0,0,0.00,0.00,0.00,327,12.53,4.54,0.00,-7.0,4.998,4.998,4.998,4.998,181
2022-01-13 07:26:22,0.0,0.0,0,0.0,0.0,0,0.0,0.0,0,0.00,0.00,0.00,327,12.53,4.55,0.00,-6.5,4.998,4.998,4.998,4.998,26
2022-01-13 07:27:22,0.0,0.0,0,0.0,0.0,0,0.0,0.0,0,0.00,0.00,0.00,350,12.53,4.86,0.00,-7.0,4.998,4.998,4.998,4.998,228
2022-01-13 07:28:22,0.0,0.0,0,0.0,0.0,0,0.0,0.0,0,0.00,0.00,0.00,349,12.53,4.85,0.00,-6.5,4.998,4.998,4.998,4.998,119
2022-01-13 07:29:22,0.0,0.0,0,0.0,0.0,0,0.0,0.0,0,0.00,0.00,0.00,313,12.53,4.36,0.00,-7.0,4.998,4.998,4.998,4.998,103
2022-01-13 07:30:22,0.0,0.0,0,0.0,0.0,0,0.0,0.0,0,0.00,0.00,0.00,328,12.53,4.56,0.00,-7.0,4.998,4.998,4.998,4.998,229
2022-01-13 07:31:22,0.0,0.0,0,0.0,0.0,0,0.0,0.0,0,0.00,0.00,0.00,347,12.53,4.82,0.00,-7.0,4.998,4.998,4.998,4.998,225
2022-01-13 07:32:22,0.0,0.0,0,0.0,0.0,0,0.0,0.0,0,0.00,0.00,0.00,346,12.53,4.80,0.00,-6.5,4.998,4.998,4.998,4.998,19
2022-01-13 07:33:22,0.0,0.0,0,0.0,0.0,0,0.0,0.0,0,0.00,0.00,0.00,3,12.53,0.04,0.00,-7.0,4.998,4.998,4.998,4.998,21
2022-01-13 07:34:22,0.0,0.0,0,0.0,0.0,0,0.0,0.0,0,0.00,0.00,0.00,1,12.53,0.02,0.00,-7.0,4.998,4.998,4.998,4.998,59
2022-01-13 07:35:22,0.0,0.0,0,0.0,0.0,0,0.0,0.0,0,0.00,0.00,0.00,334,12.53,4.64,0.00,-6.5,4.998,4.998,4.998,4.998,5
2022-01-13 07:36:22,0.0,0.0,0,0.0,0.0,0,0.0,0.0,0,0.00,0.00,0.00,343,12.53,4.77,0.00,-7.0,4.998,4.998,4.998,4.998,243
2022-01-13 07:37:22,0.0,0.0,0,0.0,0.0,0,0.0,0.0,0,0.00,0.00,0.00,331,12.53,4.60,0.00,-7.0,4.998,4.998,4.998,4.998,234
2022-01-13 07:38:22,0.0,0.0,0,0.0,0.0,0,0.0,0.0,0,0.00,0.00,0.00,329,12.53,4.58,0.00,-7.0,4.998,4.998,4.998,4.998,43
2022-01-13 07:39:22,0.0,0.0,0,0.0,0.0,0,0.0,0.0,0,0.00,0.00,0.00,352,12.53,4.89,0.00,-7.0,4.998,4.998,4.998,4.998,155
2022-01-13 07:40:22,0.0,0.0,0,0.0,0.0,0,0.0,0.0,0,0.00,0.00,0.00,293,12.53,4.07,0.00,-7.0,4.998,4.998,4.998,4.998,111
2022-01-13 07:41:22,0.0,0.0,0,0.0,0.0,0,0.0,0.0,0,0.00,0.00,0.00,6,12.53,0.08,0.00,-7.0,4.998,4.998,4.998,4.998,134
2022-01-13 07:42:22,0.0,0.0,0,0.0,0.0,0,0.0,0.0,0,0.00,0.00,0.00,332,12.53,4.61,0.00,-7.0,4.998,4.998,4.998,4.998,253
2022-01-13 07:43:22,0.0,0.0,0,0.0,0.0,0,0.0,0.0,0,0.00,0.00,0.00,0,12.53,0.00,0.00,-7.0,4.998,4.998,4.998,4.998,193
2022-01-13 07:44:22,0.0,0.0,0,0.0,0.0,0,0.0,0.0,0,0.00,0.00,0.00,341,12.53,4.74,0.00,-7.0,4.998,4.998,4.998,4.998,137
2022-01-13 07:45:22,0.0,0.0,0,0.0,0.0,0,0.0,0.0,0,0.00,0.00,0.00,353,12.53,4.90,0.00,-7.0,4.998,4.998,4.998,4.998,252
2022-01-13 07:46:22,0.0,0.0,0,0.0,0.0,0,0.0,0.0,0,0.00,0.00,0.00,359,12.53,4.99,0.00,-6.5,4.998,4.998,4.998,4.998,223
2022-01-13 07:47:22,0.0,0.0,0,0.0,0.0,0,0.0,0.0,0,0.00,0.00,0.00,330,12.53,4.59,0.00,-7.0,4.998,4.998,4.998,4.998,193
2022-01-13 07:48:22,0.0,0.0,0,0.0,0.0,0,0.0,0.0,0,0.00,0.00,0.00,315,12.53,4.37,0.00,-7.0,4.998,4.998,4.998,4.998,100
2022-01-13 07:49:22,0.0,0.0,0,0.0,0.0,0,0.0,0.0,0,0.00,0.00,0.00,0,12.53,0.00,0.00,-7.0,4.998,4.998,4.998,4.998,236
2022-01-13 07:50:22,0.0,0.0,0,0.0,0.0,0,0.0,0.0,0,0.00,0.00,0.00,311,12.53,4.32,0.00,-7.0,4.998,4.998,4.998,4.998,12
2022-01-13 07:51:22,0.0,0.0,0,0.0,0.0,0,0.0,0.0,0,0.00,0.00,0.00,313,12.53,4.36,0.00,-7.0,4.998,4.998,4.998,4.998,211
2022-01-13 07:52:22,0.0,0.0,0,0.0,0.0,0,0.0,0.0,0,0.00,0.00,0.00,335,12.53,4.65,0.00,-7.0,4.998,4.998,4.998,4.998,135
2022-01-13 07:53:22,0.0,0.0,0,0.0,0.0,0,0.0,0.0,0,0.00,0.00,0.00,3,12.49,0.04,0.00,-7.0,4.998,4.998,4.998,4.998,210
2022-01-13 07:54:22,0.0,0.0,0,0.0,0.0,0,0.0,0.0,0,0.00,0.00,0.00,351,12.53,4.87,0.00,-7.0,4.998,4.998,4.998,4.998,164
2022-01-13 07:55:22,0.0,0.0,0,0.0,0.0,0,0.0,0.0,0,0.00,0.00,0.00,297,12.53,4.13,0.00,-7.0,4.998,4.998,4.998,4.998,27
2022-01-13 07:56:22,0.0,0.0,0,0.0,0.0,0,0.0,0.0,0,0.00,0.00,0.00,330,12.49,4.58,0.00,-7.0,4.998,4.998,4.998,4.998,14
2022-01-13 07:57:22,0.0,0.0,0,0.0,0.0,0,0.0,0.0,0,0.00,0.00,0.00,359,12.53,4.99,0.00,-7.0,4.998,4.998,4.998,4.998,172
2022-01-13 07:58:22,0.0,0.0,0,0.0,0.0,0,0.0,0.0,0,0.00,0.00,0.00,337,12.53,4.68,0.00,-7.0,4.998,4.998,4.998,4.998,102
2022-01-13 07:59:22,0.0,0.0,0,0.0,0.0,0,0.0,0.0,0,0.00,0.00,0.00,332,12.53,4.61,0.00,-7.0,4.998,4.998,4.998,4.998,239
2022-01-13 08:00:22,0.0,0.0,0,0.0,0.0,0,0.0,0.0,0,0.00,0.00,0.00,329,12.53,4.58,0.00,-7.0,4.998,4.998,4.998,4.998,1
2022-01-13 08:01:22,0.0,0.0,0,0.0,0.0,0,0.0,0.0,0,0.00,0.00,0.00,358,12.53,4.97,0.00,-7.5,4.998,4.998,4.998,4.998,43
2022-01-13 08:02:22,0.0,0.0,0,0.0,0.0,0,0.0,0.0,0,0.00,0.00,0.00,348,12.53,4.84,0.00,-7.5,4.998,4.998,4.998,4.998,63
2022-01-13 08:03:22,0.0,0.0,0,0.0,0.0,0,0.0,0.0,0,0.00,0.00,0.00,323,12.53,4.49,0.00,-7.5,4.998,4.998,4.998,4.998,161
2022-01-13 08:04:22,0.0,0.0,0,0.0,0.0,0,0.0,0.0,0,0.00,0.00,0.00,356,12.53,4.94,0.00,-7.5,4.998,4.998,4.998,4.998,157
2022-01-13 08:05:22,0.0,0.0,0,0.0,0.0,0,0.0,0.0,0,0.00,0.00,0.00,323,12.53,4.49,0.00,-7.5,4.998,4.998,4.998,4.998,206
2022-01-13 08:06:22,0.0,0.0,0,0.0,0.0,0,0.0,0.0,0,0.00,0.00,0.00,318,12.53,4.42,0.00,-7.5,4.998,4.998,4.998,4.998,217
2022-01-13 08:07:22,0.0,0.0,0,0.0,0.0,0,0.0,0.0,0,0.00,0.00,0.00,323,12.49,4.49,0.00,-8.0,4.998,4.998,4.998,4.998,124
2022-01-13 08:08:22,0.0,0.0,0,0.0,0.0,0,0.0,0.0,0,0.00,0.00,0.00,334,12.53,4.64,0.00,-8.0,4.998,4.998,4.998,4.998,101
2022-01-13 08:09:22,0.0,0.0,0,0.0,0.0,0,0.0,0.0,0,0.00,0.00,0.00,322,12.53,4.47,0.00,-8.0,4.998,4.998,4.998,4.998,16
2022-01-13 08:10:22,0.0,0.0,0,0.0,0.0,0,0.0,0.0,0,0.00,0.00,0.00,345,12.53,4.79,0.00,-8.0,4.998,4.998,4.998,4.998,48
2022-01-13 08:11:22,0.0,0.0,0,0.0,0.0,0,0.0,0.0,0,0.00,0.00,0.00,359,12.53,4.99,0.00,-8.0,4.998,4.998,4.998,4.998,28
2022-01-13 08:12:22,0.0,0.0,0,0.0,0.0,0,0.0,0.0,0,0.00,0.00,0.00,323,12.53,4.49,0.00,-8.0,4.998,4.998,4.998,4.998,93
2022-01-13 08:13:22,0.0,0.0,0,0.0,0.0,0,0.0,0.0,0,0.00,0.00,0.00,331,12.53,4.59,0.00,-8.0,4.998,4.998,4.998,4.998,22
2022-01-13 08:14:22,0.0,0.0,0,0.0,0.0,0,0.0,0.0,0,0.00,0.00,0.00,1,12.53,0.01,0.00,-8.0,4.998,4.998,4.998,4.998,106
2022-01-13 08:15:22,0.0,0.0,0,0.0,0.0,0,0.0,0.0,0,0.00,0.00,0.00,337,12.53,4.68,0.00,-8.0,4.998,4.998,4.998,4.998,153
2022-01-13 08:16:22,0.0,0.0,0,0.0,0.0,0,0.0,0.0,0,0.00,0.00,0.00,343,12.53,4.76,0.00,-8.0,4.998,4.998,4.998,4.998,159
2022-01-13 08:17:22,0.0,0.0,0,0.0,0.0,0,0.0,0.0,0,0.00,0.00,0.00,337,12.53,4.69,0.00,-8.0,4.998,4.998,4.998,4.998,24
2022-01-13 08:18:22,0.0,0.0,0,0.0,0.0,0,0.0,0.0,0,0.00,0.00,0.00,351,12.53,4.88,0.00,-8.0,4.998,4.998,4.998,4.998,43
2022-01-13 08:19:22,0.0,0.0,0,0.0,0.0,0,0.0,0.0,0,0.00,0.00,0.00,330,12.53,4.58,0.00,-8.5,4.998,4.998,4.998,4.998,2
2022-01-13 08:20:22,0.0,0.0,0,0.0,0.0,0,0.0,0.0,0,0.00,0.00,0.00,318,12.53,4.42,0.00,-8.5,4.998,4.998,4.998,4.998,90
2022-01-13 08:21:22,0.0,0.0,0,0.0,0.0,0,0.0,0.0,0,0.00,0.00,0.00,331,12.53,4.60,0.00,-8.5,4.998,4.998,4.998,4.998,166
2022-01-13 08:22:22,0.0,0.0,0,0.0,0.0,0,0.0,0.0,0,0.00,0.00,0.00,341,12.53,4.73,0.00,-8.0,4.998,4.998,4.998,4.998,202
2022-01-13 08:23:22,0.0,0.0,0,0.0,0.0,0,0.0,0.0,0,0.00,0.00,0.00,347,12.53,4.82,0.00,-8.0,4.998,4.998,4.998,4.998,252
2022-01-13 08:24:22,0.0,0.0,0,0.0,0.0,0,0.0,0.0,0,0.00,0.00,0.00,338,12.53,4.70,0.00,-8.0,4.998,4.998,4.998,4.998,234
2022-01-13 08:25:22,0.0,0.0,0,0.0,0.0,0,0.0,0.0,0,0.00,0.00,0.00,351,12.53,4.88,0.00,-8.0,4.998,4.998,4.998,4.998,251
2022-01-13 08:26:22,0.0,0.0,0,0.0,0.0,0,0.0,0.0,0,0.00,0.00,0.00,320,12.49,4.45,0.00,-8.0,4.998,4.998,4.998,4.998,196
2022-01-13 08:27:22,0.0,0.0,0,0.0,0.0,0,0.0,0.0,0,0.00,0.00,0.00,4,12.49,0.06,0.00,-8.0,4.998,4.998,4.998,4.998,237
2022-01-13 08:28:22,0.0,0.0,0,0.0,0.0,0,0.0,0.0,0,0.00,0.00,0.00,351,12.49,4.88,0.00,-8.0,4.998,4.998,4.998,4.998,22
2022-01-13 08:29:22,0.0,0.0,0,0.0,0.0,0,0.0,0.0,0,0.00,0.00,0.00,349,12.53,4.85,0.00,-8.5,4.998,4.998,4.998,4.998,39
2022-01-13 08:30:22,0.0,0.0,0,0.0,0.0,0,0.0,0.0,0,0.00,0.00,0.00,359,12.53,4.99,0.00,-8.0,4.998,4.998,4.998,4.998,37
2022-01-13 08:31:22,0.0,0.0,0,0.0,0.0,0,0.0,0.0,0,0.00,0.00,0.00,346,12.53,4.81,0.00,-8.0,4.998,4.998,4.998,4.998,182
2022-01-13 08:32:22,0.0,0.0,0,0.0,0.0,0,0.0,0.0,0,0.00,0.00,0.00,335,12.49,4.65,0.00,-8.0,4.998,4.998,4.998,4.998,56
2022-01-13 08:33:22,0.0,0.0,0,0.0,0.0,0,0.0,0.0,0,0.00,0.00,0.00,359,12.49,4.99,0.00,-8.5,4.998,4.998,4.998,4.998,66
2022-01-13 08:34:22,0.0,0.0,0,0.0,0.0,0,0.0,0.0,0,0.00,0.00,0.00,340,12.49,4.73,0.00,-8.5,4.998,4.998,4.998,4.998,49
2022-01-13 08:35:22,0.0,0.0,0,0.0,0.0,0,0.0,0.0,0,0.00,0.00,0.00,21,12.49,0.30,0.00,-8.5,4.998,4.998,4.998,4.998,103
2022-01-13 08:36:22,0.0,0.0,0,0.0,0.0,0,0.0,0.0,0,0.00,0.00,0.00,356,12.49,4.95,0.00,-8.5,4.998,4.998,4.998,4.998,96
2022-01-13 08:37:22,0.0,0.0,0,0.0,0.0,0,0.0,0.0,0,0.00,0.00,0.00,335,12.49,4.65,0.00,-8.5,4.998,4.998,4.998,4.998,253
2022-01-13 08:38:22,0.0,0.0,0,0.0,0.0,0,0.0,0.0,0,0.00,0.00,0.00,349,12.49,4.85,0.00,-8.5,4.998,4.998,4.998,4.998,35
2022-01-13 08:39:22,0.0,0.0,0,0.0,0.0,0,0.0,0.0,0,0.00,0.00,0.00,19,12.49,0.26,0.00,-8.5,4.998,4.998,4.998,4.998,22
2022-01-13 08:40:22,0.0,0.0,0,0.0,0.0,0,0.0,0.0,0,0.00,0.00,0.00,12,12.49,0.17,0.00,-8.5,4.998,4.998,4.998,4.998,116
2022-01-13 08:41:22,0.0,0.0,0,0.0,0.0,0,0.0,0.0,0,0.00,0.00,0.00,311,12.49,4.32,0.00,-8.5,4.998,4.998,4.998,4.998,118
2022-01-13 08:42:22,0.0,0.0,0,0.0,0.0,0,0.0,0.0,0,0.00,0.00,0.00,339,12.49,4.71,0.00,-8.9,4.998,4.998,4.998,4.998,20
2022-01-13 08:43:22,0.0,0.0,0,0.0,0.0,0,0.0,0.0,0,0.00,0.00,0.00,345,12.49,4.79,0.00,-8.5,4.998,4.998,4.998,4.998,223
2022-01-13 08:44:22,0.0,0.0,0,0.0,0.0,0,0.0,0.0,0,0.00,0.00,0.00,341,12.49,4.74,0.00,-8.5,4.998,4.998,4.998,4.998,58
2022-01-13 08:45:22,0.0,0.0,0,0.0,0.0,0,0.0,0.0,0,0.00,0.00,0.00,350,12.49,4.86,0.00,-8.9,4.998,4.998,4.998,4.998,142
2022-01-13 08:46:22,0.0,0.0,0,0.0,0.0,0,0.0,0.0,0,0.00,0.00,0.00,8,12.49,0.11,0.00,-8.5,4.998,4.998,4.998,4.998,157
2022-01-13 08:47:22,0.0,0.0,0,0.0,0.0,0,0.0,0.0,0,0.00,0.00,0.00,353,12.49,4.91,0.00,-8.9,4.998,4.998,4.998,4.998,37
2022-01-13 08:48:22,0.0,0.0,0,0.0,0.0,0,0.0,0.0,0,0.00,0.00,0.00,331,12.49,4.60,0.00,-8.9,4.998,4.998,4.998,4.998,253
2022-01-13 08:49:22,0.0,0.0,0,0.0,0.0,0,0.0,0.0,0,0.00,0.00,0.00,341,12.49,4.74,0.00,-8.5,4.998,4.998,4.998,4.998,26
2022-01-13 08:50:22,0.0,0.0,0,0.0,0.0,0,0.0,0.0,0,0.00,0.00,0.00,359,12.49,4.99,0.00,-8.9,4.998,4.998,4.998,4.998,15
2022-01-13 08:51:22,0.0,0.0,0,0.0,0.0,0,0.0,0.0,0,0.00,0.00,0.00,4,12.49,0.06,0.00,-8.5,4.998,4.998,4.998,4.998,64
2022-01-13 08:52:22,0.0,0.0,0,0.0,0.0,0,0.0,0.0,0,0.00,0.00,0.00,340,12.49,4.73,0.00,-8.5,4.998,4.998,4.998,4.998,38
2022-01-13 08:53:22,0.0,0.0,0,0.0,0.0,0,0.0,0.0,0,0.00,0.00,0.00,326,12.49,4.53,0.00,-8.9,4.998,4.998,4.998,4.998,137
2022-01-13 08:54:22,0.0,0.0,0,0.0,0.0,0,0.0,0.0,0,0.00,0.00,0.00,333,12.49,4.63,0.00,-8.9,4.998,4.998,4.998,4.998,1
2022-01-13 08:55:22,0.0,0.0,0,0.0,0.0,0,0.0,0.0,0,0.00,0.00,0.00,329,12.49,4.57,0.00,-8.9,4.998,4.998,4.998,4.998,207
2022-01-13 08:56:22,0.0,0.0,0,0.0,0.0,0,0.0,0.0,0,0.00,0.00,0.00,345,12.53,4.79,0.00,-8.9,4.998,4.998,4.998,4.998,21
2022-01-13 08:57:22,0.0,0.0,0,0.0,0.0,0,0.0,0.0,0,0.00,0.00,0.00,349,12.49,4.85,0.00,-8.9,4.998,4.998,4.998,4.998,218
2022-01-13 08:58:22,0.0,0.0,0,0.0,0.0,0,0.0,0.0,0,0.00,0.00,0.00,323,12.49,4.49,0.00,-8.9,4.998,4.998,4.998,4.998,1
2022-01-13 08:59:22,0.0,0.0,0,0.0,0.0,0,0.0,0.0,0,0.00,0.00,0.00,359,12.49,4.99,0.00,-8.9,4.998,4.998,4.998,4.998,10
2022-01-13 09:00:22,0.0,0.0,0,0.0,0.0,0,0.0,0.0,0,0.00,0.00,0.00,341,12.49,4.73,0.00,-9.4,4.998,4.998,4.998,4.998,9
2022-01-13 09:01:22,0.0,0.0,0,0.0,0.0,0,0.0,0.0,0,0.00,0.00,0.00,4,12.53,0.05,0.00,-8.9,4.998,4.998,4.998,4.998,8
2022-01-13 09:02:22,0.0,0.0,0,0.0,0.0,0,0.0,0.0,0,0.00,0.00,0.00,326,12.53,4.54,0.00,-8.9,4.998,4.998,4.998,4.998,110
2022-01-13 09:03:22,0.0,0.0,0,0.0,0.0,0,0.0,0.0,0,0.00,0.00,0.00,333,12.49,4.63,0.00,-9.4,4.998,4.998,4.998,4.998,4
2022-01-13 09:04:22,0.0,0.0,0,0.0,0.0,0,0.0,0.0,0,0.00,0.00,0.00,358,12.49,4.97,0.00,-8.9,4.998,4.998,4.998,4.998,149
2022-01-13 09:05:22,0.0,0.0,0,0.0,0.0,0,0.0,0.0,0,0.00,0.00,0.00,325,12.53,4.51,0.00,-9.4,4.998,4.998,4.998,4.998,123
2022-01-13 09:06:22,0.0,0.0,0,0.0,0.0,0,0.0,0.0,0,0.00,0.00,0.00,345,12.53,4.79,0.00,-9.4,4.998,4.998,4.998,4.998,235
2022-01-13 09:07:22,0.0,0.0,0,0.0,0.0,0,0.0,0.0,0,0.00,0.00,0.00,331,12.49,4.60,0.00,-9.4,4.998,4.998,4.998,4.998,52
2022-01-13 09:08:22,0.0,0.0,0,0.0,0.0,0,0.0,0.0,0,0.00,0.00,0.00,342,12.49,4.75,0.00,-9.4,4.998,4.998,4.998,4.998,69
2022-01-13 09:09:22,0.0,0.0,0,0.0,0.0,0,0.0,0.0,0,0.00,0.00,0.00,346,12.53,4.80,0.00,-9.4,4.998,4.998,4.998,4.998,245
2022-01-13 09:10:22,0.0,0.0,0,0.0,0.0,0,0.0,0.0,0,0.00,0.00,0.00,359,12.53,4.99,0.00,-9.9,4.998,4.998,4.998,4.998,177
2022-01-13 09:11:22,0.0,0.0,0,0.0,0.0,0,0.0,0.0,0,0.00,0.00,0.00,332,12.49,4.61,0.00,-9.4,4.998,4.998,4.998,4.998,133
2022-01-13 09:12:22,0.0,0.0,0,0.0,0.0,0,0.0,0.0,0,0.00,0.00,0.00,340,12.53,4.73,0.00,-9.9,4.998,4.998,4.998,4.998,115
2022-01-13 09:13:22,0.0,0.0,0,0.0,0.0,0,0.0,0.0,0,0.00,0.00,0.00,347,12.49,4.82,0.00,-9.4,4.998,4.998,4.998,4.998,40
2022-01-13 09:14:22,0.0,0.0,0,0.0,0.0,0,0.0,0.0,0,0.00,0.00,0.00,322,12.53,4.47,0.00,-9.9,4.998,4.998,4.998,4.998,84
2022-01-13 09:15:22,0.0,0.0,0,0.0,0.0,0,0.0,0.0,0,0.00,0.00,0.00,346,12.49,4.81,0.00,-9.4,4.998,4.998,4.998,4.998,26
2022-01-13 09:16:22,0.0,0.0,0,0.0,0.0,0,0.0,0.0,0,0.00,0.00,0.00,359,12.53,4.99,0.00,-9.4,4.998,4.998,4.998,4.998,14
2022-01-13 09:17:22,0.0,0.0,0,0.0,0.0,0,0.0,0.0,0,0.00,0.00,0.00,359,12.53,4.99,0.00,-9.4,4.998,4.998,4.998,4.998,154
2022-01-13 09:18:22,0.0,0.0,0,0.0,0.0,0,0.0,0.0,0,0.00,0.00,0.00,339,12.49,4.72,0.00,-9.9,4.998,4.998,4.998,4.998,204
2022-01-13 09:19:22,0.0,0.0,0,0.0,0.0,0,0.0,0.0,0,0.00,0.00,0.00,343,12.49,4.76,0.00,-9.4,4.998,4.998,4.998,4.998,209
2022-01-13 09:20:22,0.0,0.0,0,0.0,0.0,0,0.0,0.0,0,0.00,0.00,0.00,347,12.53,4.82,0.00,-9.9,4.998,4.998,4.998,4.998,27
2022-01-13 09:21:22,0.0,0.0,0,0.0,0.0,0,0.0,0.0,0,0.00,0.00,0.00,22,12.53,0.31,0.00,-9.9,4.998,4.998,4.998,4.998,124
2022-01-13 09:22:22,0.0,0.0,0,0.0,0.0,0,0.0,0.0,0,0.00,0.00,0.00,352,12.53,4.89,0.00,-9.9,4.998,4.998,4.998,4.998,186
2022-01-13 09:23:22,0.0,0.0,0,0.0,0.0,0,0.0,0.0,0,0.00,0.00,0.00,349,12.53,4.84,0.00,-9.9,4.998,4.998,4.998,4.998,122
2022-01-13 09:24:22,0.0,0.0,0,0.0,0.0,0,0.0,0.0,0,0.00,0.00,0.00,319,12.49,4.43,0.00,-9.9,4.998,4.998,4.998,4.998,68
2022-01-13 09:25:22,0.0,0.0,0,0.0,0.0,0,0.0,0.0,0,0.00,0.00,0.00,344,12.53,4.79,0.00,-9.9,4.998,4.998,4.998,4.998,56
2022-01-13 09:26:22,0.0,0.0,0,0.0,0.0,0,0.0,0.0,0,0.00,0.00,0.00,354,12.53,4.92,0.00,-9.9,4.998,4.998,4.998,4.998,219
2022-01-13 09:27:22,0.0,0.0,0,0.0,0.0,0,0.0,0.0,0,0.00,0.00,0.00,339,12.53,4.71,0.00,-10.4,4.998,4.998,4.998,4.998,137
2022-01-13 09:28:22,0.0,0.0,0,0.0,0.0,0,0.0,0.0,0,0.00,0.00,0.00,327,12.49,4.54,0.00,-9.9,4.998,4.998,4.998,4.998,107
2022-01-13 09:29:22,0.0,0.0,0,0.0,0.0,0,0.0,0.0,0,0.00,0.00,0.00,348,12.53,4.84,0.00,-9.9,4.998,4.998,4.998,4.998,209
2022-01-13 09:30:22,0.0,0.0,0,0.0,0.0,0,0.0,0.0,0,0.00,0.00,0.00,352,12.49,4.89,0.00,-9.9,4.998,4.998,4.998,4.998,96
2022-01-13 09:31:22,0.0,0.0,0,0.0,0.0,0,0.0,0.0,0,0.00,0.00,0.00,345,12.53,4.80,0.00,-9.9,4.998,4.998,4.998,4.998,12
2022-01-13 09:32:22,0.0,0.0,0,0.0,0.0,0,0.0,0.0,0,0.00,0.00,0.00,348,12.53,4.83,0.00,-9.9,4.998,4.998,4.998,4.998,157
2022-01-13 09:33:22,0.0,0.0,0,0.0,0.0,0,0.0,0.0,0,0.00,0.00,0.00,356,12.53,4.95,0.00,-9.9,4.998,4.998,4.998,4.998,81
2022-01-13 09:34:22,0.0,0.0,0,0.0,0.0,0,0.0,0.0,0,0.00,0.00,0.00,359,12.53,4.99,0.00,-10.4,4.998,4.998,4.998,4.998,209
2022-01-13 09:35:22,0.0,0.0,0,0.0,0.0,0,0.0,0.0,0,0.00,0.00,0.00,342,12.53,4.75,0.00,-9.9,4.998,4.998,4.998,4.998,136
2022-01-13 09:36:22,0.0,0.0,0,0.0,0.0,0,0.0,0.0,0,0.00,0.00,0.00,345,12.53,4.80,0.00,-9.9,4.998,4.998,4.998,4.998,247
2022-01-13 09:37:22,0.0,0.0,0,0.0,0.0,0,0.0,0.0,0,0.00,0.00,0.00,328,12.57,4.56,0.00,-9.9,4.998,4.998,4.998,4.998,88
2022-01-13 09:38:22,0.0,0.0,0,0.0,0.0,0,0.0,0.0,0,0.00,0.00,0.00,355,12.57,4.93,0.00,-9.9,4.998,4.998,4.998,4.998,182
2022-01-13 09:39:22,0.0,0.0,0,0.0,0.0,0,0.0,0.0,0,0.00,0.00,0.00,355,12.53,4.93,0.00,-9.9,4.998,4.998,4.998,4.998,87
2022-01-13 09:40:22,0.0,0.0,0,0.0,0.0,0,0.0,0.0,0,0.00,0.00,0.00,8,12.53,0.11,0.00,-10.4,4.998,4.998,4.998,4.998,177
2022-01-13 09:41:22,0.0,0.0,0,0.0,0.0,0,0.0,0.0,0,0.00,0.00,0.00,357,12.53,4.96,0.00,-9.9,4.998,4.998,4.998,4.998,99
2022-01-13 09:42:22,0.0,0.0,0,0.0,0.0,0,0.0,0.0,0,0.00,0.00,0.00,9,12.53,0.12,0.00,-9.9,4.998,4.998,4.998,4.998,154
2022-01-13 09:43:22,0.0,0.0,0,0.0,0.0,0,0.0,0.0,0,0.00,0.00,0.00,345,12.57,4.80,0.00,-10.4,4.998,4.998,4.998,4.998,107
2022-01-13 09:44:22,0.0,0.0,0,0.0,0.0,0,0.0,0.0,0,0.00,0.00,0.00,13,12.57,0.18,0.00,-9.9,4.998,4.998,4.998,4.998,153
2022-01-13 09:45:22,0.0,0.0,0,0.0,0.0,0,0.0,0.0,0,0.00,0.00,0.00,42,12.57,0.59,0.00,-10.4,4.998,4.998,4.998,4.998,57
2022-01-13 09:46:22,0.0,0.0,0,0.0,0.0,0,0.0,0.0,0,0.00,0.00,0.00,339,12.57,4.72,0.00,-9.9,4.998,4.998,4.998,4.998,2
2022-01-13 09:47:22,0.0,0.0,0,0.0,0.0,0,0.0,0.0,0,0.00,0.00,0.00,352,12.57,4.89,0.00,-9.9,4.998,4.998,4.998,4.998,6
2022-01-13 09:48:22,0.0,0.0,0,0.0,0.0,0,0.0,0.0,0,0.00,0.00,0.00,343,12.57,4.76,0.00,-10.4,4.998,4.998,4.998,4.998,86
2022-01-13 09:49:22,0.0,0.0,0,0.0,0.0,0,0.0,0.0,0,0.00,0.00,0.00,1,12.57,0.01,0.00,-9.9,4.998,4.998,4.998,4.998,163
2022-01-13 09:50:22,0.0,0.0,0,0.0,0.0,0,0.0,0.0,0,0.00,0.00,0.00,3,12.53,0.04,0.00,-10.4,4.998,4.998,4.998,4.998,38
2022-01-13 09:51:22,0.0,0.0,0,0.0,0.0,0,0.0,0.0,0,0.00,0.00,0.00,10,12.57,0.14,0.00,-10.4,4.998,4.998,4.998,4.998,133
2022-01-13 09:52:22,0.0,0.0,0,0.0,0.0,0,0.0,0.0,0,0.00,0.00,0.00,4,12.57,0.05,0.00,-10.4,4.998,4.998,4.998,4.998,152
2022-01-13 09:53:22,0.0,0.0,0,0.0,0.0,0,0.0,0.0,0,0.00,0.00,0.00,358,12.57,4.97,0.00,-10.4,4.998,4.998,4.998,4.998,48
2022-01-13 09:54:22,0.0,0.0,0,0.0,0.0,0,0.0,0.0,0,0.00,0.00,0.00,359,12.57,4.99,0.00,-10.4,4.998,4.998,4.998,4.998,191
2022-01-13 09:55:22,0.0,0.0,0,0.0,0.0,0,0.0,0.0,0,0.00,0.00,0.00,345,12.57,4.79,0.00,-10.4,4.998,4.998,4.998,4.998,105
2022-01-13 09:56:22,0.0,0.0,0,0.0,0.0,0,0.0,0.0,0,0.00,0.00,0.00,329,12.57,4.57,0.00,-10.4,4.998,4.998,4.998,4.998,219
2022-01-13 09:57:22,0.0,0.0,0,0.0,0.0,0,0.0,0.0,0,0.00,0.00,0.00,338,12.57,4.69,0.00,-10.4,4.998,4.998,4.998,4.998,68
2022-01-13 09:58:22,0.0,0.0,0,0.0,0.0,0,0.0,0.0,0,0.00,0.00,0.00,328,12.57,4.56,0.00,-10.4,4.998,4.998,4.998,4.998,173
2022-01-13 09:59:22,0.0,0.0,0,0.0,0.0,0,0.0,0.0,0,0.00,0.00,0.00,328,12.57,4.56,0.00,-10.4,4.998,4.998,4.998,4.998,240
2022-01-13 10:00:22,0.0,0.0,0,0.0,0.0,0,0.0,0.0,0,0.00,0.00,0.00,350,12.61,4.86,0.00,-10.4,4.998,4.998,4.998,4.998,58
2022-01-13 10:01:22,0.0,0.0,0,0.0,0.0,0,0.0,0.0,0,0.00,0.00,0.00,346,12.61,4.80,0.00,-10.4,4.998,4.998,4.998,4.998,92
2022-01-13 10:02:22,0.0,0.0,0,0.0,0.0,0,0.0,0.0,0,0.00,0.00,0.00,343,12.61,4.76,0.00,-10.9,4.998,4.998,4.998,4.998,64
2022-01-13 10:03:22,0.0,0.0,0,0.0,0.0,0,0.0,0.0,0,0.00,0.00,0.00,358,12.61,4.98,0.00,-10.4,4.998,4.998,4.998,4.998,224
2022-01-13 10:04:22,0.0,0.0,0,0.0,0.0,0,0.0,0.0,0,0.00,0.00,0.00,342,12.61,4.75,0.00,-10.4,4.998,4.998,4.998,4.998,247
2022-01-13 10:05:22,0.0,0.0,0,0.0,0.0,0,0.0,0.0,0,0.00,0.00,0.00,14,12.61,0.20,0.00,-10.9,4.998,4.998,4.998,4.998,135
2022-01-13 10:06:22,0.0,0.0,0,0.0,0.0,0,0.0,0.0,0,0.00,0.00,0.00,350,12.65,4.86,0.00,-10.9,4.998,4.998,4.998,4.998,54
2022-01-13 10:07:22,0.0,0.0,0,0.0,0.0,0,0.0,0.0,0,0.00,0.00,0.00,328,12.65,4.55,0.00,-10.9,4.998,4.998,4.998,4.998,135
2022-01-13 10:08:22,0.0,0.0,0,0.0,0.0,0,0.0,0.0,0,0.00,0.00,0.00,352,12.61,4.90,0.00,-10.9,4.998,4.998,4.998,4.998,29
2022-01-13 10:09:22,0.0,0.0,0,0.0,0.0,0,0.0,0.0,0,0.00,0.00,0.00,0,12.65,0.00,0.00,-10.9,4.998,4.998,4.998,4.998,172
2022-01-13 10:10:22,0.0,0.0,0,0.0,0.0,0,0.0,0.0,0,0.00,0.00,0.00,344,12.65,4.79,0.00,-10.4,4.998,4.998,4.998,4.998,215
2022-01-13 10:11:22,0.0,0.0,0,0.0,0.0,0,0.0,0.0,0,0.00,0.00,0.00,358,12.69,4.98,0.00,-10.9,4.998,4.998,4.998,4.998,208
2022-01-13 10:12:22,0.0,0.0,0,0.0,0.0,0,0.0,0.0,0,0.00,0.00,0.00,358,12.69,4.98,0.00,-10.9,4.998,4.998,4.998,4.998,32
2022-01-13 10:13:22,0.0,0.0,0,0.0,0.0,0,0.0,0.0,0,0.00,0.00,0.00,20,12.73,0.27,0.00,-10.9,4.998,4.998,4.998,4.998,214
2022-01-13 10:14:22,0.0,0.0,0,0.0,0.0,0,0.0,0.0,0,0.00,0.00,0.00,4,12.69,0.06,0.00,-10.9,4.998,4.998,4.998,4.998,174
2022-01-13 10:15:22,0.0,0.0,0,0.0,0.0,0,0.0,0.0,0,0.00,0.00,0.00,336,12.73,4.66,0.00,-10.9,4.998,4.998,4.998,4.998,133
2022-01-13 10:16:22,0.0,0.0,0,0.0,0.0,0,0.0,0.0,0,0.00,0.00,0.00,359,12.77,4.99,0.00,-10.9,4.998,4.998,4.998,4.998,153
2022-01-13 10:17:22,0.0,0.0,0,0.0,0.0,0,0.0,0.0,0,0.00,0.00,0.00,311,12.77,4.33,0.00,-10.9,4.998,4.998,4.998,4.998,244
2022-01-13 10:18:22,0.0,0.0,0,0.0,0.0,0,0.0,0.0,0,0.00,0.00,0.00,359,12.77,4.99,0.00,-10.9,4.998,4.998,4.998,4.998,8
2022-01-13 10:19:22,0.0,0.0,0,0.0,0.0,0,0.0,0.0,0,0.00,0.00,0.00,0,12.77,0.00,0.00,-10.9,4.998,4.998,4.998,4.998,69
2022-01-13 10:20:22,0.0,0.0,0,0.0,0.0,0,0.0,0.0,0,0.00,0.00,0.00,347,12.77,4.82,0.00,-11.4,4.998,4.998,4.998,4.998,114
2022-01-13 10:21:22,0.0,0.0,0,0.0,0.0,0,0.0,0.0,0,0.00,0.00,0.00,0,12.77,0.00,0.00,-11.4,4.998,4.998,4.998,4.998,123
2022-01-13 10:22:22,0.0,0.0,0,0.0,0.0,0,0.0,0.0,0,0.00,0.00,0.00,15,12.85,0.21,0.00,-10.9,4.998,4.998,4.998,4.998,192
2022-01-13 10:23:22,0.0,0.0,0,0.0,0.0,0,0.0,0.0,0,0.00,0.00,0.00,359,12.85,4.99,0.00,-10.9,4.998,4.998,4.998,4.998,173
2022-01-13 10:24:22,0.0,0.0,0,0.0,0.0,0,0.0,0.0,0,0.00,0.00,0.00,359,12.89,4.99,0.00,-10.9,4.998,4.998,4.998,4.998,126
2022-01-13 10:25:22,0.0,0.0,0,0.0,0.0,0,0.0,0.0,0,0.00,0.00,0.00,352,12.89,4.90,0.00,-10.9,4.998,4.998,4.998,4.998,240
2022-01-13 10:26:22,0.0,0.0,0,0.0,0.0,0,0.0,0.0,0,0.00,0.00,0.00,355,12.96,4.94,0.00,-10.9,4.998,4.998,4.998,4.998,117
2022-01-13 10:27:22,0.0,0.0,0,0.0,0.0,0,0.0,0.0,0,0.00,0.00,0.00,308,12.96,4.28,0.00,-10.9,4.998,4.998,4.998,4.998,169
2022-01-13 10:28:22,0.0,0.0,0,0.0,0.0,0,0.0,0.0,0,0.00,0.00,0.00,351,13.04,4.88,0.00,-10.9,4.998,4.998,4.998,4.998,43
2022-01-13 10:29:22,0.0,0.0,0,0.0,0.0,0,0.0,0.0,0,0.00,0.00,0.00,335,13.00,4.66,0.00,-10.9,4.998,4.998,4.998,4.998,229
2022-01-13 10:30:22,0.0,0.0,0,0.0,0.0,0,0.0,0.0,0,0.00,0.00,0.00,15,13.04,0.21,0.00,-10.9,4.998,4.998,4.998,4.998,47
2022-01-13 10:31:22,0.0,0.0,0,0.0,0.0,0,0.0,0.0,0,0.00,0.00,0.00,341,13.12,4.73,0.00,-10.9,4.998,4.998,4.998,4.998,119
2022-01-13 10:32:22,0.0,0.0,0,0.0,0.0,0,0.0,0.0,0,0.00,0.00,0.00,330,13.12,4.58,0.00,-10.9,4.998,4.998,4.998,4.998,235
2022-01-13 10:33:22,0.0,0.0,0,0.0,0.0,0,0.0,0.0,0,0.00,0.00,0.00,355,13.32,4.93,0.00,-10.4,4.998,4.998,4.998,4.998,154
2022-01-13 10:34:22,0.0,0.0,0,0.0,0.0,0,0.0,0.0,0,0.00,0.00,0.00,8,13.47,0.11,0.00,-10.4,4.998,4.998,4.998,4.998,209
2022-01-13 10:35:22,0.0,0.0,0,0.0,0.0,0,0.0,0.0,0,0.00,0.00,0.00,7,13.51,0.10,0.00,-10.9,4.998,4.998,4.998,4.998,212
2022-01-13 10:36:22,0.0,0.0,0,0.0,0.0,0,0.0,0.0,0,0.00,0.00,0.00,3,13.59,0.04,0.00,-10.4,4.998,4.998,4.998,4.998,168
2022-01-13 10:37:22,0.0,0.0,0,0.0,0.0,0,0.0,0.0,0,0.00,0.00,0.00,6,13.63,0.08,0.00,-10.4,4.998,4.998,4.998,4.998,45
2022-01-13 10:38:22,0.0,0.0,0,0.0,0.0,0,0.0,0.0,0,0.00,0.00,0.00,4,13.67,0.06,0.00,-10.9,4.998,4.998,4.998,4.998,250
2022-01-13 10:39:22,0.0,0.0,0,0.0,0.0,0,0.0,0.0,0,0.00,0.00,0.00,10,13.71,0.14,0.00,-10.4,4.998,4.998,4.998,4.998,32
2022-01-13 10:40:22,0.0,0.0,0,0.0,0.0,0,0.0,0.0,0,0.00,0.00,0.00,359,13.74,4.99,0.00,-10.4,4.998,4.998,4.998,4.998,27
2022-01-13 10:41:22,0.0,0.0,0,0.0,0.0,0,0.0,0.0,0,0.00,0.00,0.00,354,13.78,4.91,0.00,-10.9,4.998,4.998,4.998,4.998,72
2022-01-13 10:42:22,0.0,0.0,0,0.0,0.0,0,0.0,0.0,0,0.00,0.00,0.00,355,13.78,4.93,0.00,-10.9,4.998,4.998,4.998,4.998,80
2022-01-13 10:43:22,0.0,0.0,0,0.0,0.0,0,0.0,0.0,0,0.00,0.00,0.00,359,13.82,4.99,0.00,-10.9,4.998,4.998,4.998,4.998,176
2022-01-13 10:44:22,0.0,0.0,0,0.0,0.0,0,0.0,0.0,0,0.00,0.00,0.00,358,13.86,4.98,0.00,-10.9,4.998,4.998,4.998,4.998,214
2022-01-13 10:45:22,0.0,0.0,0,0.0,0.0,0,0.0,0.0,0,0.00,0.00,0.00,10,13.86,0.14,0.00,-10.4,4.998,4.998,4.998,4.998,164
2022-01-13 10:46:22,0.0,0.0,0,0.0,0.0,0,0.0,0.0,0,0.00,0.00,0.00,332,13.90,4.62,0.00,-10.4,4.998,4.998,4.998,4.998,165
2022-01-13 10:47:22,0.0,0.0,0,0.0,0.0,0,0.0,0.0,0,0.00,0.00,0.00,330,13.94,4.59,0.00,-10.4,4.998,4.998,4.998,4.998,190
2022-01-13 10:48:22,0.0,0.0,0,0.0,0.0,0,0.0,0.0,0,0.00,0.00,0.00,359,13.94,4.99,0.00,-10.4,4.998,4.998,4.998,4.998,160
2022-01-13 10:49:22,0.0,0.0,0,0.0,0.0,0,0.0,0.0,0,0.00,0.00,0.00,341,13.98,4.73,0.00,-10.9,4.998,4.998,4.998,4.998,146
2022-01-13 10:50:22,0.0,0.0,0,0.0,0.0,0,0.0,0.0,0,0.00,0.00,0.00,342,13.98,4.75,0.00,-10.4,4.998,4.998,4.998,4.998,117
2022-01-13 10:51:22,0.0,0.0,0,0.0,0.0,0,0.0,0.0,0,0.00,0.00,0.00,0,14.02,0.00,0.00,-10.4,4.998,4.998,4.998,4.998,42
2022-01-13 10:52:22,0.0,0.0,0,0.0,0.0,0,0.0,0.0,0,0.00,0.00,0.00,345,14.10,4.79,0.00,-10.9,4.998,4.998,4.998,4.998,152
2022-01-13 10:53:22,0.0,0.0,0,0.0,0.0,0,0.0,0.0,0,0.00,0.00,0.00,356,14.14,4.95,0.00,-10.9,4.998,4.998,4.998,4.998,182
2022-01-13 10:54:22,0.0,0.0,0,0.0,0.0,0,0.0,0.0,0,0.00,0.00,0.00,357,14.17,4.97,0.00,-9.9,4.998,4.998,4.998,4.998,97
2022-01-13 10:55:22,0.0,0.0,0,0.0,0.0,0,0.0,0.0,0,0.00,0.00,0.00,354,14.29,4.91,0.00,-10.4,4.998,4.998,4.998,4.998,41
2022-01-13 10:56:22,0.0,0.0,0,0.0,0.0,0,0.0,0.0,0,0.00,0.00,0.00,352,14.37,4.89,0.00,-10.9,4.998,4.998,4.998,4.998,34
2022-01-13 10:57:22,0.0,0.0,0,0.0,0.0,0,0.0,0.0,0,0.00,0.00,0.00,309,14.45,4.29,0.00,-10.4,4.998,4.998,4.998,4.998,25
2022-01-13 10:58:22,0.0,0.0,0,0.0,0.0,0,0.0,0.0,0,0.00,0.00,0.00,346,14.29,4.80,0.00,-10.9,4.998,4.998,4.998,4.998,70
2022-01-13 10:59:22,0.0,0.0,0,0.0,0.0,0,0.0,0.0,0,0.00,0.00,0.00,3,14.33,0.04,0.00,-9.9,4.998,4.998,4.998,4.998,27
2022-01-13 11:00:22,0.0,0.0,0,0.0,0.0,0,0.0,0.0,0,0.00,0.00,0.00,329,14.25,4.57,0.00,-10.4,4.998,4.998,4.998,4.998,150
2022-01-13 11:01:22,0.0,0.0,0,0.0,0.0,0,0.0,0.0,0,0.00,0.00,0.00,348,14.14,4.83,0.00,-10.9,4.998,4.998,4.998,4.998,144
2022-01-13 11:02:22,0.0,0.0,0,0.0,0.0,0,0.0,0.0,0,0.00,0.00,0.00,32,14.33,0.44,0.00,-10.9,4.998,4.998,4.998,4.998,88
2022-01-13 11:03:22,0.0,0.0,0,0.0,0.0,0,0.0,0.0,0,0.00,0.00,0.00,326,13.94,4.53,0.00,-10.9,4.998,4.998,4.998,4.998,253
2022-01-13 11:04:22,0.0,0.0,0,0.0,0.0,0,0.0,0.0,0,0.00,0.00,0.00,338,14.57,4.70,0.00,-10.4,4.998,4.998,4.998,4.998,49
2022-01-13 11:05:22,0.0,0.0,0,0.0,0.0,0,0.0,0.0,0,0.00,0.00,0.00,332,14.33,4.61,0.00,-10.4,4.998,4.998,4.998,4.998,49
2022-01-13 11:06:22,0.0,0.0,0,0.0,0.0,0,0.0,0.0,0,0.00,0.00,0.00,358,13.82,4.97,0.00,-10.9,4.998,4.998,4.998,4.998,173
2022-01-13 11:07:22,0.0,0.0,0,0.0,0.0,0,0.0,0.0,0,0.00,0.00,0.00,357,13.71,4.96,0.00,-11.9,4.998,4.998,4.998,4.998,102
2022-01-13 11:08:22,0.0,0.0,0,0.0,0.0,0,0.0,0.0,0,0.00,0.00,0.00,318,13.67,4.42,0.00,-11.4,4.998,4.998,4.998,4.998,73
2022-01-13 11:09:22,0.0,0.0,0,0.0,0.0,0,0.0,0.0,0,0.00,0.00,0.00,329,13.67,4.58,0.00,-11.4,4.998,4.998,4.998,4.998,57
2022-01-13 11:10:22,0.0,0.0,0,0.0,0.0,0,0.0,0.0,0,0.00,0.00,0.00,341,13.55,4.73,0.00,-11.9,4.998,4.998,4.998,4.998,235
2022-01-13 11:11:22,0.0,0.0,0,0.0,0.0,0,0.0,0.0,0,0.00,0.00,0.00,6,13.47,0.08,0.00,-11.9,4.998,4.998,4.998,4.998,209
2022-01-13 11:12:22,0.0,0.0,0,0.0,0.0,0,0.0,0.0,0,0.00,0.00,0.00,15,13.86,0.20,0.00,-11.4,4.998,4.998,4.998,4.998,194
2022-01-13 11:13:22,0.0,0.0,0,0.0,0.0,0,0.0,0.0,0,0.00,0.00,0.00,26,13.71,0.36,0.00,-10.9,4.998,4.998,4.998,4.998,58
2022-01-13 11:14:22,0.0,0.0,0,0.0,0.0,0,0.0,0.0,0,0.00,0.00,0.00,0,14.25,0.00,0.00,-10.9,4.998,4.998,4.998,4.998,178
2022-01-13 11:15:22,0.0,0.0,0,0.0,0.0,0,0.0,0.0,0,0.00,0.00,0.00,349,14.41,4.84,0.00,-10.9,4.998,4.998,4.998,4.998,190
2022-01-13 11:16:22,0.0,0.0,0,0.0,0.0,0,0.0,0.0,0,0.00,0.00,0.00,359,14.53,4.99,0.00,-10.9,4.998,4.998,4.998,4.998,167
2022-01-13 11:17:22,0.0,0.0,0,0.0,0.0,0,0.0,0.0,0,0.00,0.00,0.00,359,14.60,4.99,0.00,-10.9,4.998,4.998,4.998,4.998,0
2022-01-13 11:18:22,0.0,0.0,0,0.0,0.0,0,0.0,0.0,0,0.00,0.00,0.00,16,14.57,0.22,0.00,-10.9,4.998,4.998,4.998,4.998,88
2022-01-13 11:19:22,0.0,0.0,0,0.0,0.0,0,0.0,0.0,0,0.00,0.00,0.00,328,14.60,4.56,0.00,-10.9,4.998,4.998,4.998,4.998,191
2022-01-13 11:20:22,0.0,0.0,0,0.0,0.0,0,0.0,0.0,0,0.00,0.00,0.00,20,14.53,0.28,0.00,-10.9,4.998,4.998,4.998,4.998,62
2022-01-13 11:21:22,0.0,0.0,0,0.0,0.0,0,0.0,0.0,0,0.00,0.00,0.00,2,14.57,0.03,0.00,-10.4,4.998,4.998,4.998,4.998,78
2022-01-13 11:22:22,0.0,0.0,0,0.0,0.0,0,0.0,0.0,0,0.00,0.00,0.00,22,14.57,0.31,0.00,-10.4,4.998,4.998,4.998,4.998,83
2022-01-13 11:23:22,0.0,0.0,0,0.0,0.0,0,0.0,0.0,0,0.00,0.00,0.00,1,14.60,0.01,0.00,-10.9,4.998,4.998,4.998,4.998,209
2022-01-13 11:24:22,0.0,0.0,0,0.0,0.0,0,0.0,0.0,0,0.00,0.00,0.00,16,14.57,0.22,0.00,-10.9,4.998,4.998,4.998,4.998,28
2022-01-13 11:25:22,0.0,0.0,0,0.0,0.0,0,0.0,0.0,0,0.00,0.00,0.00,333,14.57,4.63,0.00,-11.4,4.998,4.998,4.998,4.998,169
2022-01-13 11:26:22,0.0,0.0,0,0.0,0.0,0,0.0,0.0,0,0.00,0.00,0.00,344,14.60,4.79,0.00,-10.9,4.998,4.998,4.998,4.998,85
2022-01-13 11:27:22,0.0,0.0,0,0.0,0.0,0,0.0,0.0,0,0.00,0.00,0.00,359,13.78,4.99,0.00,-11.4,4.998,4.998,4.998,4.998,181
2022-01-13 11:28:22,0.0,0.0,0,0.0,0.0,0,0.0,0.0,0,0.00,0.00,0.00,304,13.71,4.23,0.00,-11.9,4.998,4.998,4.998,4.998,96
2022-01-13 11:29:22,0.0,0.0,0,0.0,0.0,0,0.0,0.0,0,0.00,0.00,0.00,338,13.63,4.70,0.00,-11.4,4.998,4.998,4.998,4.998,197
2022-01-13 11:30:22,0.0,0.0,0,0.0,0.0,0,0.0,0.0,0,0.00,0.00,0.00,353,14.29,4.91,0.00,-10.9,4.998,4.998,4.998,4.998,222
2022-01-13 11:31:22,0.0,0.0,0,0.0,0.0,0,0.0,0.0,0,0.00,0.00,0.00,328,14.53,4.55,0.00,-11.4,4.998,4.998,4.998,4.998,49
2022-01-13 11:32:22,0.0,0.0,0,0.0,0.0,0,0.0,0.0,0,0.00,0.00,0.00,359,14.57,4.99,0.00,-11.4,4.998,4.998,4.998,4.998,68
2022-01-13 11:33:22,0.0,0.0,0,0.0,0.0,0,0.0,0.0,0,0.00,0.00,0.00,350,14.02,4.86,0.00,-11.9,4.998,4.998,4.998,4.998,131
2022-01-13 11:34:22,0.0,0.0,0,0.0,0.0,0,0.0,0.0,0,0.00,0.00,0.00,319,13.82,4.44,0.00,-11.9,4.998,4.998,4.998,4.998,202
2022-01-13 11:35:22,0.0,0.0,0,0.0,0.0,0,0.0,0.0,0,0.00,0.00,0.00,339,13.78,4.71,0.00,-11.4,4.998,4.998,4.998,4.998,176
2022-01-13 11:36:22,0.0,0.0,0,0.0,0.0,0,0.0,0.0,0,0.00,0.00,0.00,18,14.06,0.25,0.00,-11.9,4.998,4.998,4.998,4.998,155
2022-01-13 11:37:22,0.0,0.0,0,0.0,0.0,0,0.0,0.0,0,0.00,0.00,0.00,331,13.94,4.60,0.00,-11.9,4.998,4.998,4.998,4.998,14
2022-01-13 11:38:22,0.0,0.0,0,0.0,0.0,0,0.0,0.0,0,0.00,0.00,0.00,345,14.10,4.79,0.00,-11.9,4.998,4.998,4.998,4.998,161
2022-01-13 11:39:22,0.0,0.0,0,0.0,0.0,0,0.0,0.0,0,0.00,0.00,0.00,349,13.78,4.85,0.00,-12.4,4.998,4.998,4.998,4.998,241
2022-01-13 11:40:22,0.0,0.0,0,0.0,0.0,0,0.0,0.0,0,0.00,0.00,0.00,308,14.45,4.28,0.00,-11.9,4.998,4.998,4.998,4.998,163
2022-01-13 11:41:22,0.0,0.0,0,0.0,0.0,0,0.0,0.0,0,0.00,0.00,0.00,16,13.67,0.23,0.00,-11.9,4.998,4.998,4.998,4.998,159
2022-01-13 11:42:22,0.0,0.0,0,0.0,0.0,0,0.0,0.0,0,0.00,0.00,0.00,320,13.59,4.45,0.00,-12.4,4.998,4.998,4.998,4.998,104
2022-01-13 11:43:22,0.0,0.0,0,0.0,0.0,0,0.0,0.0,0,0.00,0.00,0.00,300,14.21,4.17,0.00,-11.9,4.998,4.998,4.998,4.998,245
2022-01-13 11:44:22,0.0,0.0,0,0.0,0.0,0,0.0,0.0,0,0.00,0.00,0.00,359,13.78,4.99,0.00,-11.9,4.998,4.998,4.998,4.998,95
2022-01-13 11:45:22,0.0,0.0,0,0.0,0.0,0,0.0,0.0,0,0.00,0.00,0.00,286,13.71,3.97,0.00,-11.9,4.998,4.998,4.998,4.998,223
2022-01-13 11:46:22,0.0,0.0,0,0.0,0.0,0,0.0,0.0,0,0.00,0.00,0.00,343,13.59,4.77,0.00,-12.4,4.998,4.998,4.998,4.998,49
2022-01-13 11:47:22,0.0,0.0,0,0.0,0.0,0,0.0,0.0,0,0.00,0.00,0.00,327,13.55,4.54,0.00,-12.4,4.998,4.998,4.998,4.998,111
2022-01-13 11:48:22,0.0,0.0,0,0.0,0.0,0,0.0,0.0,0,0.00,0.00,0.00,352,13.51,4.90,0.00,-11.9,4.998,4.998,4.998,4.998,101
2022-01-13 11:49:22,0.0,0.0,0,0.0,0.0,0,0.0,0.0,0,0.00,0.00,0.00,319,13.51,4.44,0.00,-12.4,4.998,4.998,4.998,4.998,175
2022-01-13 11:50:22,0.0,0.0,0,0.0,0.0,0,0.0,0.0,0,0.00,0.00,0.00,359,13.51,4.99,0.00,-12.4,4.998,4.998,4.998,4.998,57
2022-01-13 11:51:22,0.0,0.0,0,0.0,0.0,0,0.0,0.0,0,0.00,0.00,0.00,356,13.55,4.94,0.00,-12.4,4.998,4.998,4.998,4.998,107
2022-01-13 11:52:22,0.0,0.0,0,0.0,0.0,0,0.0,0.0,0,0.00,0.00,0.00,351,13.51,4.88,0.00,-12.4,4.998,4.998,4.998,4.998,243
2022-01-13 11:53:22,0.0,0.0,0,0.0,0.0,0,0.0,0.0,0,0.00,0.00,0.00,324,13.39,4.50,0.00,-12.4,4.998,4.998,4.998,4.998,161
2022-01-13 11:54:22,0.0,0.0,0,0.0,0.0,0,0.0,0.0,0,0.00,0.00,0.00,333,13.47,4.63,0.00,-12.4,4.998,4.998,4.998,4.998,226
2022-01-13 11:55:22,0.0,0.0,0,0.0,0.0,0,0.0,0.0,0,0.00,0.00,0.00,321,13.59,4.46,0.00,-12.4,4.998,4.998,4.998,4.998,77
2022-01-13 11:56:22,0.0,0.0,0,0.0,0.0,0,0.0,0.0,0,0.00,0.00,0.00,15,13.67,0.20,0.00,-12.4,4.998,4.998,4.998,4.998,87
2022-01-13 11:57:22,0.0,0.0,0,0.0,0.0,0,0.0,0.0,0,0.00,0.00,0.00,357,13.63,4.97,0.00,-12.4,4.998,4.998,4.998,4.998,204
2022-01-13 11:58:22,0.0,0.0,0,0.0,0.0,0,0.0,0.0,0,0.00,0.00,0.00,335,13.59,4.65,0.00,-11.9,4.998,4.998,4.998,4.998,164
2022-01-13 11:59:22,0.0,0.0,0,0.0,0.0,0,0.0,0.0,0,0.00,0.00,0.00,358,13.51,4.98,0.00,-12.4,4.998,4.998,4.998,4.998,106
2022-01-13 12:00:22,0.0,0.0,0,0.0,0.0,0,0.0,0.0,0,0.00,0.00,0.00,359,13.82,4.99,0.00,-12.4,4.998,4.998,4.998,4.998,14
2022-01-13 12:01:22,0.0,0.0,0,0.0,0.0,0,0.0,0.0,0,0.00,0.00,0.00,344,13.86,4.78,0.00,-12.4,4.998,4.998,4.998,4.998,155
2022-01-13 12:02:22,0.0,0.0,0,0.0,0.0,0,0.0,0.0,0,0.00,0.00,0.00,359,13.94,4.99,0.00,-11.9,4.998,4.998,4.998,4.998,3
2022-01-13 12:03:22,0.0,0.0,0,0.0,0.0,0,0.0,0.0,0,0.00,0.00,0.00,10,14.57,0.15,0.00,-11.4,4.998,4.998,4.998,4.998,172
2022-01-13 12:04:22,0.0,0.0,0,0.0,0.0,0,0.0,0.0,0,0.00,0.00,0.00,359,14.49,4.99,0.00,-11.4,4.998,4.998,4.998,4.998,226
2022-01-13 12:05:22,0.0,0.0,0,0.0,0.0,0,0.0,0.0,0,0.00,0.00,0.00,4,14.21,0.05,0.00,-11.9,4.998,4.998,4.998,4.998,181
2022-01-13 12:06:22,0.0,0.0,0,0.0,0.0,0,0.0,0.0,0,0.00,0.00,0.00,0,14.53,0.00,0.00,-11.4,4.998,4.998,4.998,4.998,21
2022-01-13 12:07:22,0.0,0.0,0,0.0,0.0,0,0.0,0.0,0,0.00,0.00,0.00,330,14.60,4.58,0.00,-11.4,4.998,4.998,4.998,4.998,226
2022-01-13 12:08:22,0.0,0.0,0,0.0,0.0,0,0.0,0.0,0,0.00,0.00,0.00,359,14.60,4.99,0.00,-11.9,4.998,4.998,4.998,4.998,219
2022-01-13 12:09:22,0.0,0.0,0,0.0,0.0,0,0.0,0.0,0,0.00,0.00,0.00,305,14.57,4.24,0.00,-11.9,4.998,4.998,4.998,4.998,190
2022-01-13 12:10:22,0.0,0.0,0,0.0,0.0,0,0.0,0.0,0,0.00,0.00,0.00,14,14.57,0.19,0.00,-11.4,4.998,4.998,4.998,4.998,105
2022-01-13 12:11:22,0.0,0.0,0,0.0,0.0,0,0.0,0.0,0,0.00,0.00,0.00,13,14.10,0.19,0.00,-11.4,4.998,4.998,4.998,4.998,27
2022-01-13 12:12:22,0.0,0.0,0,0.0,0.0,0,0.0,0.0,0,0.00,0.00,0.00,346,14.60,4.80,0.00,-11.4,4.998,4.998,4.998,4.998,166
2022-01-13 12:13:22,0.0,0.0,0,0.0,0.0,0,0.0,0.0,0,0.00,0.00,0.00,356,14.60,4.94,0.00,-11.9,4.998,4.998,4.998,4.998,118
2022-01-13 12:14:22,0.0,0.0,0,0.0,0.0,0,0.0,0.0,0,0.00,0.00,0.00,329,14.60,4.57,0.00,-11.9,4.998,4.998,4.998,4.998,49
2022-01-13 12:15:22,0.0,0.0,0,0.0,0.0,0,0.0,0.0,0,0.00,0.00,0.00,359,14.60,4.99,0.00,-11.9,4.998,4.998,4.998,4.998,165
2022-01-13 12:16:22,0.0,0.0,0,0.0,0.0,0,0.0,0.0,0,0.00,0.00,0.00,332,14.57,4.61,0.00,-11.4,4.998,4.998,4.998,4.998,228
2022-01-13 12:17:22,0.0,0.0,0,0.0,0.0,0,0.0,0.0,0,0.00,0.00,0.00,349,13.86,4.84,0.00,-11.9,4.998,4.998,4.998,4.998,125
2022-01-13 12:18:22,0.0,0.0,0,0.0,0.0,0,0.0,0.0,0,0.00,0.00,0.00,332,13.86,4.61,0.00,-12.4,4.998,4.998,4.998,4.998,99
2022-01-13 12:19:22,0.0,0.0,0,0.0,0.0,0,0.0,0.0,0,0.00,0.00,0.00,335,14.14,4.66,0.00,-12.4,4.998,4.998,4.998,4.998,176
2022-01-13 12:20:22,0.0,0.0,0,0.0,0.0,0,0.0,0.0,0,0.00,0.00,0.00,329,14.49,4.57,0.00,-12.4,4.998,4.998,4.998,4.998,219
2022-01-13 12:21:22,0.0,0.0,0,0.0,0.0,0,0.0,0.0,0,0.00,0.00,0.00,330,14.57,4.58,0.00,-12.4,4.998,4.998,4.998,4.998,225
2022-01-13 12:22:22,0.0,0.0,0,0.0,0.0,0,0.0,0.0,0,0.00,0.00,0.00,348,14.49,4.84,0.00,-11.9,4.998,4.998,4.998,4.998,66
2022-01-13 12:23:22,0.0,0.0,0,0.0,0.0,0,0.0,0.0,0,0.00,0.00,0.00,8,14.17,0.11,0.00,-12.4,4.998,4.998,4.998,4.998,164
2022-01-13 12:24:22,0.0,0.0,0,0.0,0.0,0,0.0,0.0,0,0.00,0.00,0.00,354,13.90,4.91,0.00,-12.4,4.998,4.998,4.998,4.998,2
2022-01-13 12:25:22,0.0,0.0,0,0.0,0.0,0,0.0,0.0,0,0.00,0.00,0.00,357,13.82,4.97,0.00,-12.4,4.998,4.998,4.998,4.998,190
2022-01-13 12:26:22,0.0,0.0,0,0.0,0.0,0,0.0,0.0,0,0.00,0.00,0.00,358,14.57,4.98,0.00,-12.4,4.998,4.998,4.998,4.998,6
2022-01-13 12:27:22,0.0,0.0,0,0.0,0.0,0,0.0,0.0,0,0.00,0.00,0.00,345,14.57,4.79,0.00,-11.9,4.998,4.998,4.998,4.998,78
2022-01-13 12:28:22,0.0,0.0,0,0.0,0.0,0,0.0,0.0,0,0.00,0.00,0.00,12,14.49,0.17,0.00,-11.9,4.998,4.998,4.998,4.998,229
2022-01-13 12:29:22,0.0,0.0,0,0.0,0.0,0,0.0,0.0,0,0.00,0.00,0.00,357,14.21,4.96,0.00,-11.9,4.998,4.998,4.998,4.998,88
2022-01-13 12:30:22,0.0,0.0,0,0.0,0.0,0,0.0,0.0,0,0.00,0.00,0.00,5,13.82,0.07,0.00,-12.4,4.998,4.998,4.998,4.998,176
2022-01-13 12:31:22,0.0,0.0,0,0.0,0.0,0,0.0,0.0,0,0.00,0.00,0.00,338,13.86,4.70,0.00,-12.4,4.998,4.998,4.998,4.998,52
2022-01-13 12:32:22,0.0,0.0,0,0.0,0.0,0,0.0,0.0,0,0.00,0.00,0.00,2,13.90,0.03,0.00,-12.4,4.998,4.998,4.998,4.998,92
2022-01-13 12:33:22,0.0,0.0,0,0.0,0.0,0,0.0,0.0,0,0.00,0.00,0.00,318,14.57,4.42,0.00,-11.9,4.998,4.998,4.998,4.998,166
2022-01-13 12:34:22,0.0,0.0,0,0.0,0.0,0,0.0,0.0,0,0.00,0.00,0.00,327,14.60,4.55,0.00,-11.9,4.998,4.998,4.998,4.998,75
2022-01-13 12:35:22,0.0,0.0,0,0.0,0.0,0,0.0,0.0,0,0.00,0.00,0.00,359,14.02,4.99,0.00,-12.4,4.998,4.998,4.998,4.998,137
2022-01-13 12:36:22,0.0,0.0,0,0.0,0.0,0,0.0,0.0,0,0.00,0.00,0.00,346,14.10,4.81,0.00,-11.9,4.998,4.998,4.998,4.998,124
2022-01-13 12:37:22,0.0,0.0,0,0.0,0.0,0,0.0,0.0,0,0.00,0.00,0.00,15,14.10,0.21,0.00,-12.4,4.998,4.998,4.998,4.998,153
2022-01-13 12:38:22,0.0,0.0,0,0.0,0.0,0,0.0,0.0,0,0.00,0.00,0.00,313,14.49,4.35,0.00,-11.9,4.998,4.998,4.998,4.998,33
2022-01-13 12:39:22,0.0,0.0,0,0.0,0.0,0,0.0,0.0,0,0.00,0.00,0.00,356,14.57,4.94,0.00,-11.4,4.998,4.998,4.998,4.998,48
2022-01-13 12:40:22,0.0,0.0,0,0.0,0.0,0,0.0,0.0,0,0.00,0.00,0.00,31,14.53,0.43,0.00,-11.4,4.998,4.998,4.998,4.998,120
2022-01-13 12:41:22,0.0,0.0,0,0.0,0.0,0,0.0,0.0,0,0.00,0.00,0.00,346,14.57,4.80,0.00,-11.9,4.998,4.998,4.998,4.998,129
2022-01-13 12:42:22,0.0,0.0,0,0.0,0.0,0,0.0,0.0,0,0.00,0.00,0.00,339,14.60,4.71,0.00,-11.9,4.998,4.998,4.998,4.998,110
2022-01-13 12:43:22,0.0,0.0,0,0.0,0.0,0,0.0,0.0,0,0.00,0.00,0.00,333,14.57,4.62,0.00,-11.4,4.998,4.998,4.998,4.998,42
2022-01-13 12:44:22,0.0,0.0,0,0.0,0.0,0,0.0,0.0,0,0.00,0.00,0.00,312,14.14,4.34,0.00,-12.4,4.998,4.998,4.998,4.998,131
2022-01-13 12:45:22,0.0,0.0,0,0.0,0.0,0,0.0,0.0,0,0.00,0.00,0.00,3,14.10,0.04,0.00,-12.8,4.998,4.998,4.998,4.998,92
2022-01-13 12:46:22,0.0,0.0,0,0.0,0.0,0,0.0,0.0,0,0.00,0.00,0.00,346,14.21,4.80,0.00,-12.8,4.998,4.998,4.998,4.998,121
2022-01-13 12:47:22,0.0,0.0,0,0.0,0.0,0,0.0,0.0,0,0.00,0.00,0.00,323,14.57,4.49,0.00,-12.8,4.998,4.998,4.998,4.998,118
2022-01-13 12:48:22,0.0,0.0,0,0.0,0.0,0,0.0,0.0,0,0.00,0.00,0.00,359,14.57,4.99,0.00,-12.4,4.998,4.998,4.998,4.998,186
2022-01-13 12:49:22,0.0,0.0,0,0.0,0.0,0,0.0,0.0,0,0.00,0.00,0.00,20,14.37,0.27,0.00,-12.4,4.998,4.998,4.998,4.998,215
2022-01-13 12:50:22,0.0,0.0,0,0.0,0.0,0,0.0,0.0,0,0.00,0.00,0.00,347,14.57,4.82,0.00,-12.4,4.998,4.998,4.998,4.998,82
2022-01-13 12:51:22,0.0,0.0,0,0.0,0.0,0,0.0,0.0,0,0.00,0.00,0.00,359,14.60,4.99,0.00,-11.9,4.998,4.998,4.998,4.998,54
2022-01-13 12:52:22,0.0,0.0,0,0.0,0.0,0,0.0,0.0,0,0.00,0.00,0.00,328,14.57,4.56,0.00,-11.9,4.998,4.998,4.998,4.998,182
2022-01-13 12:53:22,0.0,0.0,0,0.0,0.0,0,0.0,0.0,0,0.00,0.00,0.00,328,14.60,4.56,0.00,-11.9,4.998,4.998,4.998,4.998,181
2022-01-13 12:54:22,0.0,0.0,0,0.0,0.0,0,0.0,0.0,0,0.00,0.00,0.00,359,14.57,4.99,0.00,-11.9,4.998,4.998,4.998,4.998,224
2022-01-13 12:55:22,0.0,0.0,0,0.0,0.0,0,0.0,0.0,0,0.00,0.00,0.00,335,14.57,4.66,0.00,-11.9,4.998,4.998,4.998,4.998,237
2022-01-13 12:56:22,0.0,0.0,0,0.0,0.0,0,0.0,0.0,0,0.00,0.00,0.00,335,14.60,4.66,0.00,-11.9,4.998,4.998,4.998,4.998,67
2022-01-13 12:57:22,0.0,0.0,0,0.0,0.0,0,0.0,0.0,0,0.00,0.00,0.00,0,14.57,0.00,0.00,-11.9,4.998,4.998,4.998,4.998,53
2022-01-13 12:58:22,0.0,0.0,0,0.0,0.0,0,0.0,0.0,0,0.00,0.00,0.00,324,14.57,4.50,0.00,-12.4,4.998,4.998,4.998,4.998,9
2022-01-13 12:59:22,0.0,0.0,0,0.0,0.0,0,0.0,0.0,0,0.00,0.00,0.00,346,14.57,4.80,0.00,-12.4,4.998,4.998,4.998,4.998,14
2022-01-13 13:00:22,0.0,0.0,0,0.0,0.0,0,0.0,0.0,0,0.00,0.00,0.00,335,14.25,4.66,0.00,-12.4,4.998,4.998,4.998,4.998,215
2022-01-13 13:01:22,0.0,0.0,0,0.0,0.0,0,0.0,0.0,0,0.00,0.00,0.00,348,14.57,4.83,0.00,-12.4,4.998,4.998,4.998,4.998,198
2022-01-13 13:02:22,0.0,0.0,0,0.0,0.0,0,0.0,0.0,0,0.00,0.00,0.00,4,14.60,0.06,0.00,-11.9,4.998,4.998,4.998,4.998,91
2022-01-13 13:03:22,0.0,0.0,0,0.0,0.0,0,0.0,0.0,0,0.00,0.00,0.00,355,14.53,4.93,0.00,-11.4,4.998,4.998,4.998,4.998,81
2022-01-13 13:04:22,0.0,0.0,0,0.0,0.0,0,0.0,0.0,0,0.00,0.00,0.00,359,14.53,4.99,0.00,-11.9,4.998,4.998,4.998,4.998,100
2022-01-13 13:05:22,0.0,0.0,0,0.0,0.0,0,0.0,0.0,0,0.00,0.00,0.00,322,14.57,4.48,0.00,-11.9,4.998,4.998,4.998,4.998,145
2022-01-13 13:06:22,0.0,0.0,0,0.0,0.0,0,0.0,0.0,0,0.00,0.00,0.00,16,14.53,0.23,0.00,-11.9,4.998,4.998,4.998,4.998,82
2022-01-13 13:07:22,0.0,0.0,0,0.0,0.0,0,0.0,0.0,0,0.00,0.00,0.00,336,14.57,4.67,0.00,-11.4,4.998,4.998,4.998,4.998,95
2022-01-13 13:08:22,0.0,0.0,0,0.0,0.0,0,0.0,0.0,0,0.00,0.00,0.00,329,14.53,4.58,0.00,-11.9,4.998,4.998,4.998,4.998,220
2022-01-13 13:09:22,0.0,0.0,0,0.0,0.0,0,0.0,0.0,0,0.00,0.00,0.00,310,14.53,4.31,0.00,-11.9,4.998,4.998,4.998,4.998,221
2022-01-13 13:10:22,0.0,0.0,0,0.0,0.0,0,0.0,0.0,0,0.00,0.00,0.00,333,14.53,4.63,0.00,-12.4,4.998,4.998,4.998,4.998,0
2022-01-13 13:11:22,0.0,0.0,0,0.0,0.0,0,0.0,0.0,0,0.00,0.00,0.00,326,14.53,4.53,0.00,-11.9,4.998,4.998,4.998,4.998,88
2022-01-13 13:12:22,0.0,0.0,0,0.0,0.0,0,0.0,0.0,0,0.00,0.00,0.00,297,14.53,4.13,0.00,-11.9,4.998,4.998,4.998,4.998,254
2022-01-13 13:13:22,0.0,0.0,0,0.0,0.0,0,0.0,0.0,0,0.00,0.00,0.00,345,14.57,4.79,0.00,-12.4,4.998,4.998,4.998,4.998,8
2022-01-13 13:14:22,0.0,0.0,0,0.0,0.0,0,0.0,0.0,0,0.00,0.00,0.00,0,14.57,0.00,0.00,-12.4,4.998,4.998,4.998,4.998,98
2022-01-13 13:15:22,0.0,0.0,0,0.0,0.0,0,0.0,0.0,0,0.00,0.00,0.00,338,14.53,4.70,0.00,-11.9,4.998,4.998,4.998,4.998,118
2022-01-13 13:16:22,0.0,0.0,0,0.0,0.0,0,0.0,0.0,0,0.00,0.00,0.00,331,14.53,4.60,0.00,-12.4,4.998,4.998,4.998,4.998,127
2022-01-13 13:17:22,0.0,0.0,0,0.0,0.0,0,0.0,0.0,0,0.00,0.00,0.00,2,14.49,0.03,0.00,-11.9,4.998,4.998,4.998,4.998,131
2022-01-13 13:18:22,0.0,0.0,0,0.0,0.0,0,0.0,0.0,0,0.00,0.00,0.00,335,14.57,4.66,0.00,-11.9,4.998,4.998,4.998,4.998,179
2022-01-13 13:19:22,0.0,0.0,0,0.0,0.0,0,0.0,0.0,0,0.00,0.00,0.00,3,14.53,0.05,0.00,-11.9,4.998,4.998,4.998,4.998,204
2022-01-13 13:20:22,0.0,0.0,0,0.0,0.0,0,0.0,0.0,0,0.00,0.00,0.00,346,14.49,4.81,0.00,-11.9,4.998,4.998,4.998,4.998,19
2022-01-13 13:21:22,0.0,0.0,0,0.0,0.0,0,0.0,0.0,0,0.00,0.00,0.00,359,14.49,4.99,0.00,-12.4,4.998,4.998,4.998,4.998,54
2022-01-13 13:22:22,0.0,0.0,0,0.0,0.0,0,0.0,0.0,0,0.00,0.00,0.00,10,14.53,0.14,0.00,-12.4,4.998,4.998,4.998,4.998,7
2022-01-13 13:23:22,0.0,0.0,0,0.0,0.0,0,0.0,0.0,0,0.00,0.00,0.00,357,14.53,4.96,0.00,-12.4,4.998,4.998,4.998,4.998,247
2022-01-13 13:24:22,0.0,0.0,0,0.0,0.0,0,0.0,0.0,0,0.00,0.00,0.00,341,14.57,4.74,0.00,-12.4,4.998,4.998,4.998,4.998,15
2022-01-13 13:25:22,0.0,0.0,0,0.0,0.0,0,0.0,0.0,0,0.00,0.00,0.00,352,14.53,4.89,0.00,-11.9,4.998,4.998,4.998,4.998,61
2022-01-13 13:26:22,0.0,0.0,0,0.0,0.0,0,0.0,0.0,0,0.00,0.00,0.00,356,14.53,4.95,0.00,-11.9,4.998,4.998,4.998,4.998,25
2022-01-13 13:27:22,0.0,0.0,0,0.0,0.0,0,0.0,0.0,0,0.00,0.00,0.00,0,14.49,0.00,0.00,-12.4,4.998,4.998,4.998,4.998,35
2022-01-13 13:28:22,0.0,0.0,0,0.0,0.0,0,0.0,0.0,0,0.00,0.00,0.00,322,14.49,4.47,0.00,-12.4,4.998,4.998,4.998,4.998,195
2022-01-13 13:29:22,0.0,0.0,0,0.0,0.0,0,0.0,0.0,0,0.00,0.00,0.00,309,14.37,4.29,0.00,-12.4,4.998,4.998,4.998,4.998,23
2022-01-13 13:30:22,0.0,0.0,0,0.0,0.0,0,0.0,0.0,0,0.00,0.00,0.00,325,14.21,4.51,0.00,-12.4,4.998,4.998,4.998,4.998,251
2022-01-13 13:31:22,0.0,0.0,0,0.0,0.0,0,0.0,0.0,0,0.00,0.00,0.00,354,14.29,4.92,0.00,-12.8,4.998,4.998,4.998,4.998,115
2022-01-13 13:32:22,0.0,0.0,0,0.0,0.0,0,0.0,0.0,0,0.00,0.00,0.00,322,14.14,4.47,0.00,-12.8,4.998,4.998,4.998,4.998,166
2022-01-13 13:33:22,0.0,0.0,0,0.0,0.0,0,0.0,0.0,0,0.00,0.00,0.00,343,14.02,4.76,0.00,-12.8,4.998,4.998,4.998,4.998,169
2022-01-13 13:34:22,0.0,0.0,0,0.0,0.0,0,0.0,0.0,0,0.00,0.00,0.00,351,14.25,4.88,0.00,-12.8,4.998,4.998,4.998,4.998,77
2022-01-13 13:35:22,0.0,0.0,0,0.0,0.0,0,0.0,0.0,0,0.00,0.00,0.00,326,14.17,4.53,0.00,-12.8,4.998,4.998,4.998,4.998,184
2022-01-13 13:36:22,0.0,0.0,0,0.0,0.0,0,0.0,0.0,0,0.00,0.00,0.00,335,14.41,4.66,0.00,-12.4,4.998,4.998,4.998,4.998,14
2022-01-13 13:37:22,0.0,0.0,0,0.0,0.0,0,0.0,0.0,0,0.00,0.00,0.00,307,14.53,4.27,0.00,-12.4,4.998,4.998,4.998,4.998,31
2022-01-13 13:38:22,0.0,0.0,0,0.0,0.0,0,0.0,0.0,0,0.00,0.00,0.00,330,14.49,4.59,0.00,-12.4,4.998,4.998,4.998,4.998,79
2022-01-13 13:39:22,0.0,0.0,0,0.0,0.0,0,0.0,0.0,0,0.00,0.00,0.00,337,14.49,4.68,0.00,-12.4,4.998,4.998,4.998,4.998,34
2022-01-13 13:40:22,0.0,0.0,0,0.0,0.0,0,0.0,0.0,0,0.00,0.00,0.00,338,14.53,4.70,0.00,-12.4,4.998,4.998,4.998,4.998,222
2022-01-13 13:41:22,0.0,0.0,0,0.0,0.0,0,0.0,0.0,0,0.00,0.00,0.00,1,14.25,0.01,0.00,-12.4,4.998,4.998,4.998,4.998,193
2022-01-13 13:42:22,0.0,0.0,0,0.0,0.0,0,0.0,0.0,0,0.00,0.00,0.00,342,14.49,4.76,0.00,-12.8,4.998,4.998,4.998,4.998,61
2022-01-13 13:43:22,0.0,0.0,0,0.0,0.0,0,0.0,0.0,0,0.00,0.00,0.00,339,14.49,4.71,0.00,-13.3,4.998,4.998,4.998,4.998,194
2022-01-13 13:44:22,0.0,0.0,0,0.0,0.0,0,0.0,0.0,0,0.00,0.00,0.00,333,14.57,4.62,0.00,-12.8,4.998,4.998,4.998,4.998,52
2022-01-13 13:45:22,0.0,0.0,0,0.0,0.0,0,0.0,0.0,0,0.00,0.00,0.00,357,14.53,4.96,0.00,-12.4,4.998,4.998,4.998,4.998,69
2022-01-13 13:46:22,0.0,0.0,0,0.0,0.0,0,0.0,0.0,0,0.00,0.00,0.00,310,14.53,4.31,0.00,-11.9,4.998,4.998,4.998,4.998,87
2022-01-13 13:47:22,0.0,0.0,0,0.0,0.0,0,0.0,0.0,0,0.00,0.00,0.00,13,14.49,0.19,0.00,-12.4,4.998,4.998,4.998,4.998,76
2022-01-13 13:48:22,0.0,0.0,0,0.0,0.0,0,0.0,0.0,0,0.00,0.00,0.00,2,14.57,0.02,0.00,-11.9,4.998,4.998,4.998,4.998,95
2022-01-13 13:49:22,0.0,0.0,0,0.0,0.0,0,0.0,0.0,0,0.00,0.00,0.00,10,14.53,0.14,0.00,-12.4,4.998,4.998,4.998,4.998,48
2022-01-13 13:50:22,0.0,0.0,0,0.0,0.0,0,0.0,0.0,0,0.00,0.00,0.00,0,14.33,0.00,0.00,-12.4,4.998,4.998,4.998,4.998,142
2022-01-13 13:51:22,0.0,0.0,0,0.0,0.0,0,0.0,0.0,0,0.00,0.00,0.00,348,14.57,4.83,0.00,-12.4,4.998,4.998,4.998,4.998,159
2022-01-13 13:52:22,0.0,0.0,0,0.0,0.0,0,0.0,0.0,0,0.00,0.00,0.00,7,14.57,0.09,0.00,-11.9,4.998,4.998,4.998,4.998,225
2022-01-13 13:53:22,0.0,0.0,0,0.0,0.0,0,0.0,0.0,0,0.00,0.00,0.00,344,14.57,4.78,0.00,-12.4,4.998,4.998,4.998,4.998,169
2022-01-13 13:54:22,0.0,0.0,0,0.0,0.0,0,0.0,0.0,0,0.00,0.00,0.00,348,14.57,4.83,0.00,-12.4,4.998,4.998,4.998,4.998,23
2022-01-13 13:55:22,0.0,0.0,0,0.0,0.0,0,0.0,0.0,0,0.00,0.00,0.00,315,14.60,4.37,0.00,-12.4,4.998,4.998,4.998,4.998,171
2022-01-13 13:56:22,0.0,0.0,0,0.0,0.0,0,0.0,0.0,0,0.00,0.00,0.00,323,14.53,4.49,0.00,-12.4,4.998,4.998,4.998,4.998,2
2022-01-13 13:57:22,0.0,0.0,0,0.0,0.0,0,0.0,0.0,0,0.00,0.00,0.00,281,14.53,3.90,0.00,-11.9,4.998,4.998,4.998,4.998,179
2022-01-13 13:58:22,0.0,0.0,0,0.0,0.0,0,0.0,0.0,0,0.00,0.00,0.00,322,14.57,4.47,0.00,-12.4,4.998,4.998,4.998,4.998,157
2022-01-13 13:59:22,0.0,0.0,0,0.0,0.0,0,0.0,0.0,0,0.00,0.00,0.00,336,14.57,4.67,0.00,-12.4,4.998,4.998,4.998,4.998,62
2022-01-13 14:00:22,0.0,0.0,0,0.0,0.0,0,0.0,0.0,0,0.00,0.00,0.00,350,14.57,4.86,0.00,-12.8,4.998,4.998,4.998,4.998,80
2022-01-13 14:01:22,0.0,0.0,0,0.0,0.0,0,0.0,0.0,0,0.00,0.00,0.00,322,14.57,4.47,0.00,-12.4,4.998,4.998,4.998,4.998,106
2022-01-13 14:02:22,0.0,0.0,0,0.0,0.0,0,0.0,0.0,0,0.00,0.00,0.00,0,14.60,0.00,0.00,-12.4,4.998,4.998,4.998,4.998,119
2022-01-13 14:03:22,0.0,0.0,0,0.0,0.0,0,0.0,0.0,0,0.00,0.00,0.00,359,14.57,4.99,0.00,-11.9,4.998,4.998,4.998,4.998,255
2022-01-13 14:04:22,0.0,0.0,0,0.0,0.0,0,0.0,0.0,0,0.00,0.00,0.00,305,14.57,4.24,0.00,-11.9,4.998,4.998,4.998,4.998,188
2022-01-13 14:05:22,0.0,0.0,0,0.0,0.0,0,0.0,0.0,0,0.00,0.00,0.00,0,14.57,0.00,0.00,-12.4,4.998,4.998,4.998,4.998,198
2022-01-13 14:06:22,0.0,0.0,0,0.0,0.0,0,0.0,0.0,0,0.00,0.00,0.00,347,14.53,4.82,0.00,-12.8,4.998,4.998,4.998,4.998,95
2022-01-13 14:07:22,0.0,0.0,0,0.0,0.0,0,0.0,0.0,0,0.00,0.00,0.00,359,14.53,4.99,0.00,-13.3,4.998,4.998,4.998,4.998,211
2022-01-13 14:08:22,0.0,0.0,0,0.0,0.0,0,0.0,0.0,0,0.00,0.00,0.00,312,14.57,4.33,0.00,-12.8,4.998,4.998,4.998,4.998,92
2022-01-13 14:09:22,0.0,0.0,0,0.0,0.0,0,0.0,0.0,0,0.00,0.00,0.00,346,14.57,4.81,0.00,-12.4,4.998,4.998,4.998,4.998,195
2022-01-13 14:10:22,0.0,0.0,0,0.0,0.0,0,0.0,0.0,0,0.00,0.00,0.00,317,14.57,4.41,0.00,-12.8,4.998,4.998,4.998,4.998,58
2022-01-13 14:11:22,0.0,0.0,0,0.0,0.0,0,0.0,0.0,0,0.00,0.00,0.00,348,14.53,4.83,0.00,-12.8,4.998,4.998,4.998,4.998,140
2022-01-13 14:12:22,0.0,0.0,0,0.0,0.0,0,0.0,0.0,0,0.00,0.00,0.00,346,14.37,4.80,0.00,-12.8,4.998,4.998,4.998,4.998,79
2022-01-13 14:13:22,0.0,0.0,0,0.0,0.0,0,0.0,0.0,0,0.00,0.00,0.00,342,14.37,4.75,0.00,-13.3,4.998,4.998,4.998,4.998,254
2022-01-13 14:14:22,0.0,0.0,0,0.0,0.0,0,0.0,0.0,0,0.00,0.00,0.00,338,14.60,4.70,0.00,-12.8,4.998,4.998,4.998,4.998,89
2022-01-13 14:15:22,0.0,0.0,0,0.0,0.0,0,0.0,0.0,0,0.00,0.00,0.00,323,14.53,4.48,0.00,-12.4,4.998,4.998,4.998,4.998,89
2022-01-13 14:16:22,0.0,0.0,0,0.0,0.0,0,0.0,0.0,0,0.00,0.00,0.00,346,14.57,4.81,0.00,-12.8,4.998,4.998,4.998,4.998,251
2022-01-13 14:17:22,0.0,0.0,0,0.0,0.0,0,0.0,0.0,0,0.00,0.00,0.00,341,14.60,4.73,0.00,-12.4,4.998,4.998,4.998,4.998,91
2022-01-13 14:18:22,0.0,0.0,0,0.0,0.0,0,0.0,0.0,0,0.00,0.00,0.00,356,14.60,4.95,0.00,-12.4,4.998,4.998,4.998,4.998,130
2022-01-13 14:19:22,0.0,0.0,0,0.0,0.0,0,0.0,0.0,0,0.00,0.00,0.00,354,14.57,4.92,0.00,-12.8,4.998,4.998,4.998,4.998,17
2022-01-13 14:20:22,0.0,0.0,0,0.0,0.0,0,0.0,0.0,0,0.00,0.00,0.00,0,14.57,0.00,0.00,-12.4,4.998,4.998,4.998,4.998,146
2022-01-13 14:21:22,0.0,0.0,0,0.0,0.0,0,0.0,0.0,0,0.00,0.00,0.00,3,14.53,0.04,0.00,-12.4,4.998,4.998,4.998,4.998,183
2022-01-13 14:22:22,0.0,0.0,0,0.0,0.0,0,0.0,0.0,0,0.00,0.00,0.00,3,14.53,0.05,0.00,-11.9,4.998,4.998,4.998,4.998,45
2022-01-13 14:23:22,0.0,0.0,0,0.0,0.0,0,0.0,0.0,0,0.00,0.00,0.00,317,14.57,4.40,0.00,-11.9,4.998,4.998,4.998,4.998,60
2022-01-13 14:24:22,0.0,0.0,0,0.0,0.0,0,0.0,0.0,0,0.00,0.00,0.00,324,14.57,4.51,0.00,-11.9,4.998,4.998,4.998,4.998,13
2022-01-13 14:25:22,0.0,0.0,0,0.0,0.0,0,0.0,0.0,0,0.00,0.00,0.00,343,14.53,4.77,0.00,-11.9,4.998,4.998,4.998,4.998,146
2022-01-13 14:26:22,0.0,0.0,0,0.0,0.0,0,0.0,0.0,0,0.00,0.00,0.00,333,14.53,4.63,0.00,-12.4,4.998,4.998,4.998,4.998,241
2022-01-13 14:27:22,0.0,0.0,0,0.0,0.0,0,0.0,0.0,0,0.00,0.00,0.00,324,14.57,4.50,0.00,-12.4,4.998,4.998,4.998,4.998,115
2022-01-13 14:28:22,0.0,0.0,0,0.0,0.0,0,0.0,0.0,0,0.00,0.00,0.00,342,14.57,4.75,0.00,-12.4,4.998,4.998,4.998,4.998,198
2022-01-13 14:29:22,0.0,0.0,0,0.0,0.0,0,0.0,0.0,0,0.00,0.00,0.00,334,14.57,4.64,0.00,-12.4,4.998,4.998,4.998,4.998,246
2022-01-13 14:30:22,0.0,0.0,0,0.0,0.0,0,0.0,0.0,0,0.00,0.00,0.00,340,14.57,4.73,0.00,-12.8,4.998,4.998,4.998,4.998,87
2022-01-13 14:31:22,0.0,0.0,0,0.0,0.0,0,0.0,0.0,0,0.00,0.00,0.00,357,14.57,4.96,0.00,-12.4,4.998,4.998,4.998,4.998,251
2022-01-13 14:32:22,0.0,0.0,0,0.0,0.0,0,0.0,0.0,0,0.00,0.00,0.00,8,14.57,0.11,0.00,-12.8,4.998,4.998,4.998,4.998,123
2022-01-13 14:33:22,0.0,0.0,0,0.0,0.0,0,0.0,0.0,0,0.00,0.00,0.00,300,14.57,4.17,0.00,-12.4,4.998,4.998,4.998,4.998,179
2022-01-13 14:34:22,0.0,0.0,0,0.0,0.0,0,0.0,0.0,0,0.00,0.00,0.00,336,14.53,4.66,0.00,-12.8,4.998,4.998,4.998,4.998,55
2022-01-13 14:35:22,0.0,0.0,0,0.0,0.0,0,0.0,0.0,0,0.00,0.00,0.00,355,14.57,4.94,0.00,-12.8,4.998,4.998,4.998,4.998,53
2022-01-13 14:36:22,0.0,0.0,0,0.0,0.0,0,0.0,0.0,0,0.00,0.00,0.00,349,14.57,4.85,0.00,-12.4,4.998,4.998,4.998,4.998,254
2022-01-13 14:37:22,0.0,0.0,0,0.0,0.0,0,0.0,0.0,0,0.00,0.00,0.00,310,14.57,4.31,0.00,-12.4,4.998,4.998,4.998,4.998,24
2022-01-13 14:38:22,0.0,0.0,0,0.0,0.0,0,0.0,0.0,0,0.00,0.00,0.00,3,14.49,0.04,0.00,-12.8,4.998,4.998,4.998,4.998,252
2022-01-13 14:39:22,0.0,0.0,0,0.0,0.0,0,0.0,0.0,0,0.00,0.00,0.00,333,14.49,4.63,0.00,-12.4,4.998,4.998,4.998,4.998,13
2022-01-13 14:40:22,0.0,0.0,0,0.0,0.0,0,0.0,0.0,0,0.00,0.00,0.00,331,14.45,4.59,0.00,-12.8,4.998,4.998,4.998,4.998,100
2022-01-13 14:41:22,0.0,0.0,0,0.0,0.0,0,0.0,0.0,0,0.00,0.00,0.00,354,14.45,4.92,0.00,-12.8,4.998,4.998,4.998,4.998,220
2022-01-13 14:42:22,0.0,0.0,0,0.0,0.0,0,0.0,0.0,0,0.00,0.00,0.00,314,14.29,4.37,0.00,-12.8,4.998,4.998,4.998,4.998,51
2022-01-13 14:43:22,0.0,0.0,0,0.0,0.0,0,0.0,0.0,0,0.00,0.00,0.00,328,14.25,4.55,0.00,-13.3,4.998,4.998,4.998,4.998,46
2022-01-13 14:44:22,0.0,0.0,0,0.0,0.0,0,0.0,0.0,0,0.00,0.00,0.00,356,14.41,4.95,0.00,-12.8,4.998,4.998,4.998,4.998,139
2022-01-13 14:45:22,0.0,0.0,0,0.0,0.0,0,0.0,0.0,0,0.00,0.00,0.00,333,14.37,4.63,0.00,-12.8,4.998,4.998,4.998,4.998,18
2022-01-13 14:46:22,0.0,0.0,0,0.0,0.0,0,0.0,0.0,0,0.00,0.00,0.00,349,14.10,4.84,0.00,-12.8,4.998,4.998,4.998,4.998,205
2022-01-13 14:47:22,0.0,0.0,0,0.0,0.0,0,0.0,0.0,0,0.00,0.00,0.00,357,14.10,4.96,0.00,-13.3,4.998,4.998,4.998,4.998,136
2022-01-13 14:48:22,0.0,0.0,0,0.0,0.0,0,0.0,0.0,0,0.00,0.00,0.00,338,14.17,4.70,0.00,-13.3,4.998,4.998,4.998,4.998,34
2022-01-13 14:49:22,0.0,0.0,0,0.0,0.0,0,0.0,0.0,0,0.00,0.00,0.00,359,14.17,4.99,0.00,-12.4,4.998,4.998,4.998,4.998,11
2022-01-13 14:50:22,0.0,0.0,0,0.0,0.0,0,0.0,0.0,0,0.00,0.00,0.00,340,14.25,4.72,0.00,-12.4,4.998,4.998,4.998,4.998,106
2022-01-13 14:51:22,0.0,0.0,0,0.0,0.0,0,0.0,0.0,0,0.00,0.00,0.00,326,14.29,4.54,0.00,-12.8,4.998,4.998,4.998,4.998,92
2022-01-13 14:52:22,0.0,0.0,0,0.0,0.0,0,0.0,0.0,0,0.00,0.00,0.00,339,14.17,4.71,0.00,-12.4,4.998,4.998,4.998,4.998,186
2022-01-13 14:53:22,0.0,0.0,0,0.0,0.0,0,0.0,0.0,0,0.00,0.00,0.00,348,14.06,4.84,0.00,-12.8,4.998,4.998,4.998,4.998,147
2022-01-13 14:54:22,0.0,0.0,0,0.0,0.0,0,0.0,0.0,0,0.00,0.00,0.00,358,14.02,4.97,0.00,-12.8,4.998,4.998,4.998,4.998,60
2022-01-13 14:55:22,0.0,0.0,0,0.0,0.0,0,0.0,0.0,0,0.00,0.00,0.00,339,13.94,4.71,0.00,-12.8,4.998,4.998,4.998,4.998,57
2022-01-13 14:56:22,0.0,0.0,0,0.0,0.0,0,0.0,0.0,0,0.00,0.00,0.00,37,13.94,0.52,0.00,-13.3,4.998,4.998,4.998,4.998,230
2022-01-13 14:57:22,0.0,0.0,0,0.0,0.0,0,0.0,0.0,0,0.00,0.00,0.00,342,13.90,4.75,0.00,-12.8,4.998,4.998,4.998,4.998,82
2022-01-13 14:58:22,0.0,0.0,0,0.0,0.0,0,0.0,0.0,0,0.00,0.00,0.00,348,13.94,4.83,0.00,-13.3,4.998,4.998,4.998,4.998,215
2022-01-13 14:59:22,0.0,0.0,0,0.0,0.0,0,0.0,0.0,0,0.00,0.00,0.00,3,13.94,0.05,0.00,-12.8,4.998,4.998,4.998,4.998,200
2022-01-13 15:00:22,0.0,0.0,0,0.0,0.0,0,0.0,0.0,0,0.00,0.00,0.00,18,14.06,0.25,0.00,-12.8,4.998,4.998,4.998,4.998,140
2022-01-13 15:01:22,0.0,0.0,0,0.0,0.0,0,0.0,0.0,0,0.00,0.00,0.00,16,14.02,0.22,0.00,-13.3,4.998,4.998,4.998,4.998,14
2022-01-13 15:02:22,0.0,0.0,0,0.0,0.0,0,0.0,0.0,0,0.00,0.00,0.00,348,13.98,4.83,0.00,-13.3,4.998,4.998,4.998,4.998,69
2022-01-13 15:03:22,0.0,0.0,0,0.0,0.0,0,0.0,0.0,0,0.00,0.00,0.00,331,14.06,4.60,0.00,-13.3,4.998,4.998,4.998,4.998,40
2022-01-13 15:04:22,0.0,0.0,0,0.0,0.0,0,0.0,0.0,0,0.00,0.00,0.00,291,14.57,4.04,0.00,-13.8,4.998,4.998,4.998,4.998,239
2022-01-13 15:05:22,0.0,0.0,0,0.0,0.0,0,0.0,0.0,0,0.00,0.00,0.00,340,14.17,4.73,0.00,-13.8,4.998,4.998,4.998,4.998,116
2022-01-13 15:06:22,0.0,0.0,0,0.0,0.0,0,0.0,0.0,0,0.00,0.00,0.00,359,14.57,4.99,0.00,-13.3,4.998,4.998,4.998,4.998,83
2022-01-13 15:07:22,0.0,0.0,0,0.0,0.0,0,0.0,0.0,0,0.00,0.00,0.00,359,14.57,4.99,0.00,-12.8,4.998,4.998,4.998,4.998,193
2022-01-13 15:08:22,0.0,0.0,0,0.0,0.0,0,0.0,0.0,0,0.00,0.00,0.00,353,14.57,4.90,0.00,-12.8,4.998,4.998,4.998,4.998,206
2022-01-13 15:09:22,0.0,0.0,0,0.0,0.0,0,0.0,0.0,0,0.00,0.00,0.00,359,14.41,4.99,0.00,-13.3,4.998,4.998,4.998,4.998,70
2022-01-13 15:10:22,0.0,0.0,0,0.0,0.0,0,0.0,0.0,0,0.00,0.00,0.00,328,14.33,4.56,0.00,-13.8,4.998,4.998,4.998,4.998,41
2022-01-13 15:11:22,0.0,0.0,0,0.0,0.0,0,0.0,0.0,0,0.00,0.00,0.00,309,14.10,4.29,0.00,-13.8,4.998,4.998,4.998,4.998,71
2022-01-13 15:12:22,0.0,0.0,0,0.0,0.0,0,0.0,0.0,0,0.00,0.00,0.00,342,13.98,4.75,0.00,-13.8,4.998,4.998,4.998,4.998,121
2022-01-13 15:13:22,0.0,0.0,0,0.0,0.0,0,0.0,0.0,0,0.00,0.00,0.00,352,13.90,4.89,0.00,-13.8,4.998,4.998,4.998,4.998,43
2022-01-13 15:14:22,0.0,0.0,0,0.0,0.0,0,0.0,0.0,0,0.00,0.00,0.00,357,13.86,4.97,0.00,-13.8,4.998,4.998,4.998,4.998,235
2022-01-13 15:15:22,0.0,0.0,0,0.0,0.0,0,0.0,0.0,0,0.00,0.00,0.00,345,13.82,4.79,0.00,-13.8,4.998,4.998,4.998,4.998,45
2022-01-13 15:16:22,0.0,0.0,0,0.0,0.0,0,0.0,0.0,0,0.00,0.00,0.00,12,13.78,0.17,0.00,-13.8,4.998,4.998,4.998,4.998,28
2022-01-13 15:17:22,0.0,0.0,0,0.0,0.0,0,0.0,0.0,0,0.00,0.00,0.00,340,13.78,4.73,0.00,-14.3,4.998,4.998,4.998,4.998,55
2022-01-13 15:18:22,0.0,0.0,0,0.0,0.0,0,0.0,0.0,0,0.00,0.00,0.00,344,13.86,4.78,0.00,-13.8,4.998,4.998,4.998,4.998,15
2022-01-13 15:19:22,0.0,0.0,0,0.0,0.0,0,0.0,0.0,0,0.00,0.00,0.00,341,13.90,4.74,0.00,-14.3,4.998,4.998,4.998,4.998,197
2022-01-13 15:20:22,0.0,0.0,0,0.0,0.0,0,0.0,0.0,0,0.00,0.00,0.00,336,13.98,4.66,0.00,-13.8,4.998,4.998,4.998,4.998,218
2022-01-13 15:21:22,0.0,0.0,0,0.0,0.0,0,0.0,0.0,0,0.00,0.00,0.00,335,13.90,4.65,0.00,-14.3,4.998,4.998,4.998,4.998,218
2022-01-13 15:22:22,0.0,0.0,0,0.0,0.0,0,0.0,0.0,0,0.00,0.00,0.00,348,13.98,4.84,0.00,-13.8,4.998,4.998,4.998,4.998,187
2022-01-13 15:23:22,0.0,0.0,0,0.0,0.0,0,0.0,0.0,0,0.00,0.00,0.00,358,14.14,4.97,0.00,-13.8,4.998,4.998,4.998,4.998,162
2022-01-13 15:24:22,0.0,0.0,0,0.0,0.0,0,0.0,0.0,0,0.00,0.00,0.00,0,14.21,0.00,0.00,-13.8,4.998,4.998,4.998,4.998,28
2022-01-13 15:25:22,0.0,0.0,0,0.0,0.0,0,0.0,0.0,0,0.00,0.00,0.00,347,13.98,4.82,0.00,-13.3,4.998,4.998,4.998,4.998,5
2022-01-13 15:26:22,0.0,0.0,0,0.0,0.0,0,0.0,0.0,0,0.00,0.00,0.00,4,14.17,0.06,0.00,-13.8,4.998,4.998,4.998,4.998,173
2022-01-13 15:27:22,0.0,0.0,0,0.0,0.0,0,0.0,0.0,0,0.00,0.00,0.00,0,14.57,0.00,0.00,-14.3,4.998,4.998,4.998,4.998,95
2022-01-13 15:28:22,0.0,0.0,0,0.0,0.0,0,0.0,0.0,0,0.00,0.00,0.00,320,14.60,4.44,0.00,-13.3,4.998,4.998,4.998,4.998,86
2022-01-13 15:29:22,0.0,0.0,0,0.0,0.0,0,0.0,0.0,0,0.00,0.00,0.00,1,14.57,0.02,0.00,-13.3,4.998,4.998,4.998,4.998,90
2022-01-13 15:30:22,0.0,0.0,0,0.0,0.0,0,0.0,0.0,0,0.00,0.00,0.00,353,14.57,4.91,0.00,-13.3,4.998,4.998,4.998,4.998,140
2022-01-13 15:31:22,0.0,0.0,0,0.0,0.0,0,0.0,0.0,0,0.00,0.00,0.00,4,14.57,0.06,0.00,-12.8,4.998,4.998,4.998,4.998,151
2022-01-13 15:32:22,0.0,0.0,0,0.0,0.0,0,0.0,0.0,0,0.00,0.00,0.00,349,14.45,4.84,0.00,-13.3,4.998,4.998,4.998,4.998,252
2022-01-13 15:33:22,0.0,0.0,0,0.0,0.0,0,0.0,0.0,0,0.00,0.00,0.00,332,14.29,4.61,0.00,-14.3,4.998,4.998,4.998,4.998,115
2022-01-13 15:34:22,0.0,0.0,0,0.0,0.0,0,0.0,0.0,0,0.00,0.00,0.00,332,14.57,4.62,0.00,-13.8,4.998,4.998,4.998,4.998,92
2022-01-13 15:35:22,0.0,0.0,0,0.0,0.0,0,0.0,0.0,0,0.00,0.00,0.00,324,14.57,4.51,0.00,-13.8,4.998,4.998,4.998,4.998,106
2022-01-13 15:36:22,0.0,0.0,0,0.0,0.0,0,0.0,0.0,0,0.00,0.00,0.00,22,14.45,0.31,0.00,-13.8,4.998,4.998,4.998,4.998,14
2022-01-13 15:37:22,0.0,0.0,0,0.0,0.0,0,0.0,0.0,0,0.00,0.00,0.00,342,14.57,4.75,0.00,-14.3,4.998,4.998,4.998,4.998,81
2022-01-13 15:38:22,0.0,0.0,0,0.0,0.0,0,0.0,0.0,0,0.00,0.00,0.00,359,14.21,4.99,0.00,-13.8,4.998,4.998,4.998,4.998,31
2022-01-13 15:39:22,0.0,0.0,0,0.0,0.0,0,0.0,0.0,0,0.00,0.00,0.00,359,14.10,4.99,0.00,-13.8,4.998,4.998,4.998,4.998,247
2022-01-13 15:40:22,0.0,0.0,0,0.0,0.0,0,0.0,0.0,0,0.00,0.00,0.00,336,14.21,4.67,0.00,-14.3,4.998,4.998,4.998,4.998,132
2022-01-13 15:41:22,0.0,0.0,0,0.0,0.0,0,0.0,0.0,0,0.00,0.00,0.00,333,14.17,4.63,0.00,-14.3,4.998,4.998,4.998,4.998,113
2022-01-13 15:42:22,0.0,0.0,0,0.0,0.0,0,0.0,0.0,0,0.00,0.00,0.00,350,14.10,4.86,0.00,-14.3,4.998,4.998,4.998,4.998,238
2022-01-13 15:43:22,0.0,0.0,0,0.0,0.0,0,0.0,0.0,0,0.00,0.00,0.00,350,14.33,4.86,0.00,-14.3,4.998,4.998,4.998,4.998,123
2022-01-13 15:44:22,0.0,0.0,0,0.0,0.0,0,0.0,0.0,0,0.00,0.00,0.00,345,14.06,4.79,0.00,-14.3,4.998,4.998,4.998,4.998,9
2022-01-13 15:45:22,0.0,0.0,0,0.0,0.0,0,0.0,0.0,0,0.00,0.00,0.00,289,14.14,4.01,0.00,-14.3,4.998,4.998,4.998,4.998,136
2022-01-13 15:46:22,0.0,0.0,0,0.0,0.0,0,0.0,0.0,0,0.00,0.00,0.00,328,14.06,4.55,0.00,-14.8,4.998,4.998,4.998,4.998,15
2022-01-13 15:47:22,0.0,0.0,0,0.0,0.0,0,0.0,0.0,0,0.00,0.00,0.00,325,14.29,4.52,0.00,-14.3,4.998,4.998,4.998,4.998,8
2022-01-13 15:48:22,0.0,0.0,0,0.0,0.0,0,0.0,0.0,0,0.00,0.00,0.00,346,14.57,4.81,0.00,-14.3,4.998,4.998,4.998,4.998,156
2022-01-13 15:49:22,0.0,0.0,0,0.0,0.0,0,0.0,0.0,0,0.00,0.00,0.00,338,14.57,4.70,0.00,-14.8,4.998,4.998,4.998,4.998,145
2022-01-13 15:50:22,0.0,0.0,0,0.0,0.0,0,0.0,0.0,0,0.00,0.00,0.00,357,14.57,4.96,0.00,-13.8,4.998,4.998,4.998,4.998,48
2022-01-13 15:51:22,0.0,0.0,0,0.0,0.0,0,0.0,0.0,0,0.00,0.00,0.00,322,14.57,4.47,0.00,-13.8,4.998,4.998,4.998,4.998,111
2022-01-13 15:52:22,0.0,0.0,0,0.0,0.0,0,0.0,0.0,0,0.00,0.00,0.00,311,14.57,4.32,0.00,-13.8,4.998,4.998,4.998,4.998,25
2022-01-13 15:53:22,0.0,0.0,0,0.0,0.0,0,0.0,0.0,0,0.00,0.00,0.00,339,14.57,4.72,0.00,-14.3,4.998,4.998,4.998,4.998,35
2022-01-13 15:54:22,0.0,0.0,0,0.0,0.0,0,0.0,0.0,0,0.00,0.00,0.00,342,13.94,4.75,0.00,-14.8,4.998,4.998,4.998,4.998,168
2022-01-13 15:55:22,0.0,0.0,0,0.0,0.0,0,0.0,0.0,0,0.00,0.00,0.00,333,13.86,4.62,0.00,-14.8,4.998,4.998,4.998,4.998,125
2022-01-13 15:56:22,0.0,0.0,0,0.0,0.0,0,0.0,0.0,0,0.00,0.00,0.00,355,13.78,4.93,0.00,-14.8,4.998,4.998,4.998,4.998,180
2022-01-13 15:57:22,0.0,0.0,0,0.0,0.0,0,0.0,0.0,0,0.00,0.00,0.00,321,13.71,4.46,0.00,-14.8,4.998,4.998,4.998,4.998,75
2022-01-13 15:58:22,0.0,0.0,0,0.0,0.0,0,0.0,0.0,0,0.00,0.00,0.00,7,13.71,0.10,0.00,-15.3,4.998,4.998,4.998,4.998,95
2022-01-13 15:59:22,0.0,0.0,0,0.0,0.0,0,0.0,0.0,0,0.00,0.00,0.00,307,13.74,4.27,0.00,-14.8,4.998,4.998,4.998,4.998,47
2022-01-13 16:00:22,0.0,0.0,0,0.0,0.0,0,0.0,0.0,0,0.00,0.00,0.00,341,14.53,4.74,0.00,-14.8,4.998,4.998,4.998,4.998,107
2022-01-13 16:01:22,0.0,0.0,0,0.0,0.0,0,0.0,0.0,0,0.00,0.00,0.00,356,14.57,4.95,0.00,-14.3,4.998,4.998,4.998,4.998,245
2022-01-13 16:02:22,0.0,0.0,0,0.0,0.0,0,0.0,0.0,0,0.00,0.00,0.00,14,14.57,0.19,0.00,-14.3,4.998,4.998,4.998,4.998,240
2022-01-13 16:03:22,0.0,0.0,0,0.0,0.0,0,0.0,0.0,0,0.00,0.00,0.00,337,14.57,4.69,0.00,-14.3,4.998,4.998,4.998,4.998,17
2022-01-13 16:04:22,0.0,0.0,0,0.0,0.0,0,0.0,0.0,0,0.00,0.00,0.00,340,14.57,4.73,0.00,-14.3,4.998,4.998,4.998,4.998,120
2022-01-13 16:05:22,0.0,0.0,0,0.0,0.0,0,0.0,0.0,0,0.00,0.00,0.00,350,14.57,4.87,0.00,-14.3,4.998,4.998,4.998,4.998,70
2022-01-13 16:06:22,0.0,0.0,0,0.0,0.0,0,0.0,0.0,0,0.00,0.00,0.00,331,14.06,4.60,0.00,-13.8,4.998,4.998,4.998,4.998,103
2022-01-13 16:07:22,0.0,0.0,0,0.0,0.0,0,0.0,0.0,0,0.00,0.00,0.00,330,13.86,4.58,0.00,-14.3,4.998,4.998,4.998,4.998,75
2022-01-13 16:08:22,0.0,0.0,0,0.0,0.0,0,0.0,0.0,0,0.00,0.00,0.00,331,13.82,4.60,0.00,-14.3,4.998,4.998,4.998,4.998,214
2022-01-13 16:09:22,0.0,0.0,0,0.0,0.0,0,0.0,0.0,0,0.00,0.00,0.00,359,13.74,4.99,0.00,-14.3,4.998,4.998,4.998,4.998,208
2022-01-13 16:10:22,0.0,0.0,0,0.0,0.0,0,0.0,0.0,0,0.00,0.00,0.00,349,13.71,4.85,0.00,-14.3,4.998,4.998,4.998,4.998,34
2022-01-13 16:11:22,0.0,0.0,0,0.0,0.0,0,0.0,0.0,0,0.00,0.00,0.00,326,13.67,4.54,0.00,-14.3,4.998,4.998,4.998,4.998,29
2022-01-13 16:12:22,0.0,0.0,0,0.0,0.0,0,0.0,0.0,0,0.00,0.00,0.00,197,13.67,2.74,0.00,-14.8,4.998,4.998,4.998,4.998,32
2022-01-13 16:13:22,0.0,0.0,0,0.0,0.0,0,0.0,0.0,0,0.00,0.00,0.00,303,13.63,4.21,0.00,-14.3,4.998,4.998,4.998,4.998,45
2022-01-13 16:14:22,0.0,0.0,0,0.0,0.0,0,0.0,0.0,0,0.00,0.00,0.00,357,13.67,4.96,0.00,-14.8,4.998,4.998,4.998,4.998,15
2022-01-13 16:15:22,0.0,0.0,0,0.0,0.0,0,0.0,0.0,0,0.00,0.00,0.00,0,13.67,0.00,0.00,-14.8,4.998,4.998,4.998,4.998,145
2022-01-13 16:16:22,0.0,0.0,0,0.0,0.0,0,0.0,0.0,0,0.00,0.00,0.00,319,13.74,4.43,0.00,-14.3,4.998,4.998,4.998,4.998,77
2022-01-13 16:17:22,0.0,0.0,0,0.0,0.0,0,0.0,0.0,0,0.00,0.00,0.00,359,13.86,4.99,0.00,-13.8,4.998,4.998,4.998,4.998,105
2022-01-13 16:18:22,0.0,0.0,0,0.0,0.0,0,0.0,0.0,0,0.00,0.00,0.00,346,13.67,4.81,0.00,-14.8,4.998,4.998,4.998,4.998,113
2022-01-13 16:19:22,0.0,0.0,0,0.0,0.0,0,0.0,0.0,0,0.00,0.00,0.00,332,13.71,4.62,0.00,-14.3,4.998,4.998,4.998,4.998,197
2022-01-13 16:20:22,0.0,0.0,0,0.0,0.0,0,0.0,0.0,0,0.00,0.00,0.00,350,13.63,4.86,0.00,-14.8,4.998,4.998,4.998,4.998,99
2022-01-13 16:21:22,0.0,0.0,0,0.0,0.0,0,0.0,0.0,0,0.00,0.00,0.00,352,13.67,4.90,0.00,-14.8,4.998,4.998,4.998,4.998,132
2022-01-13 16:22:22,0.0,0.0,0,0.0,0.0,0,0.0,0.0,0,0.00,0.00,0.00,321,13.59,4.46,0.00,-14.8,4.998,4.998,4.998,4.998,155
2022-01-13 16:23:22,0.0,0.0,0,0.0,0.0,0,0.0,0.0,0,0.00,0.00,0.00,0,13.59,0.00,0.00,-14.8,4.998,4.998,4.998,4.998,215
2022-01-13 16:24:22,0.0,0.0,0,0.0,0.0,0,0.0,0.0,0,0.00,0.00,0.00,332,13.55,4.61,0.00,-15.3,4.998,4.998,4.998,4.998,75
2022-01-13 16:25:22,0.0,0.0,0,0.0,0.0,0,0.0,0.0,0,0.00,0.00,0.00,340,13.59,4.72,0.00,-14.3,4.998,4.998,4.998,4.998,191
2022-01-13 16:26:22,0.0,0.0,0,0.0,0.0,0,0.0,0.0,0,0.00,0.00,0.00,352,13.55,4.89,0.00,-14.8,4.998,4.998,4.998,4.998,158
2022-01-13 16:27:22,0.0,0.0,0,0.0,0.0,0,0.0,0.0,0,0.00,0.00,0.00,5,13.55,0.07,0.00,-14.8,4.998,4.998,4.998,4.998,189
2022-01-13 16:28:22,0.0,0.0,0,0.0,0.0,0,0.0,0.0,0,0.00,0.00,0.00,359,13.55,4.99,0.00,-14.8,4.998,4.998,4.998,4.998,135
2022-01-13 16:29:22,0.0,0.0,0,0.0,0.0,0,0.0,0.0,0,0.00,0.00,0.00,8,13.55,0.11,0.00,-14.8,4.998,4.998,4.998,4.998,73
2022-01-13 16:30:22,0.0,0.0,0,0.0,0.0,0,0.0,0.0,0,0.00,0.00,0.00,341,13.55,4.74,0.00,-14.8,4.998,4.998,4.998,4.998,75
2022-01-13 16:31:22,0.0,0.0,0,0.0,0.0,0,0.0,0.0,0,0.00,0.00,0.00,320,13.55,4.44,0.00,-14.3,4.998,4.998,4.998,4.998,107
2022-01-13 16:32:22,0.0,0.0,0,0.0,0.0,0,0.0,0.0,0,0.00,0.00,0.00,337,13.51,4.68,0.00,-14.3,4.998,4.998,4.998,4.998,155
2022-01-13 16:33:22,0.0,0.0,0,0.0,0.0,0,0.0,0.0,0,0.00,0.00,0.00,322,13.51,4.48,0.00,-14.3,4.998,4.998,4.998,4.998,40
2022-01-13 16:34:22,0.0,0.0,0,0.0,0.0,0,0.0,0.0,0,0.00,0.00,0.00,355,13.51,4.94,0.00,-14.8,4.998,4.998,4.998,4.998,179
2022-01-13 16:35:22,0.0,0.0,0,0.0,0.0,0,0.0,0.0,0,0.00,0.00,0.00,319,13.47,4.44,0.00,-14.8,4.998,4.998,4.998,4.998,185
2022-01-13 16:36:22,0.0,0.0,0,0.0,0.0,0,0.0,0.0,0,0.00,0.00,0.00,337,13.47,4.68,0.00,-14.8,4.998,4.998,4.998,4.998,150
2022-01-13 16:37:22,0.0,0.0,0,0.0,0.0,0,0.0,0.0,0,0.00,0.00,0.00,338,13.43,4.70,0.00,-14.8,4.998,4.998,4.998,4.998,221
2022-01-13 16:38:22,0.0,0.0,0,0.0,0.0,0,0.0,0.0,0,0.00,0.00,0.00,345,13.43,4.79,0.00,-15.3,4.998,4.998,4.998,4.998,5
2022-01-13 16:39:22,0.0,0.0,0,0.0,0.0,0,0.0,0.0,0,0.00,0.00,0.00,328,13.39,4.56,0.00,-14.8,4.998,4.998,4.998,4.998,139
2022-01-13 16:40:22,0.0,0.0,0,0.0,0.0,0,0.0,0.0,0,0.00,0.00,0.00,348,13.39,4.83,0.00,-14.8,4.998,4.998,4.998,4.998,51
2022-01-13 16:41:22,0.0,0.0,0,0.0,0.0,0,0.0,0.0,0,0.00,0.00,0.00,331,13.39,4.60,0.00,-14.8,4.998,4.998,4.998,4.998,73
2022-01-13 16:42:22,0.0,0.0,0,0.0,0.0,0,0.0,0.0,0,0.00,0.00,0.00,339,13.39,4.71,0.00,-14.8,4.998,4.998,4.998,4.998,222
2022-01-13 16:43:22,0.0,0.0,0,0.0,0.0,0,0.0,0.0,0,0.00,0.00,0.00,327,13.39,4.54,0.00,-14.8,4.998,4.998,4.998,4.998,252
2022-01-13 16:44:22,0.0,0.0,0,0.0,0.0,0,0.0,0.0,0,0.00,0.00,0.00,334,13.39,4.64,0.00,-14.8,4.998,4.998,4.998,4.998,169
2022-01-13 16:45:22,0.0,0.0,0,0.0,0.0,0,0.0,0.0,0,0.00,0.00,0.00,348,13.35,4.83,0.00,-14.8,4.998,4.998,4.998,4.998,77
2022-01-13 16:46:22,0.0,0.0,0,0.0,0.0,0,0.0,0.0,0,0.00,0.00,0.00,296,13.35,4.12,0.00,-14.8,4.998,4.998,4.998,4.998,80
2022-01-13 16:47:22,0.0,0.0,0,0.0,0.0,0,0.0,0.0,0,0.00,0.00,0.00,356,13.35,4.95,0.00,-14.8,4.998,4.998,4.998,4.998,75
2022-01-13 16:48:22,0.0,0.0,0,0.0,0.0,0,0.0,0.0,0,0.00,0.00,0.00,338,13.32,4.69,0.00,-14.8,4.998,4.998,4.998,4.998,165
2022-01-13 16:49:22,0.0,0.0,0,0.0,0.0,0,0.0,0.0,0,0.00,0.00,0.00,335,13.35,4.66,0.00,-14.8,4.998,4.998,4.998,4.998,214
2022-01-13 16:50:22,0.0,0.0,0,0.0,0.0,0,0.0,0.0,0,0.00,0.00,0.00,343,13.32,4.76,0.00,-15.3,4.998,4.998,4.998,4.998,93
2022-01-13 16:51:22,0.0,0.0,0,0.0,0.0,0,0.0,0.0,0,0.00,0.00,0.00,349,13.32,4.84,0.00,-15.3,4.998,4.998,4.998,4.998,94
2022-01-13 16:52:22,0.0,0.0,0,0.0,0.0,0,0.0,0.0,0,0.00,0.00,0.00,323,13.32,4.49,0.00,-15.3,4.998,4.998,4.998,4.998,209
2022-01-13 16:53:22,0.0,0.0,0,0.0,0.0,0,0.0,0.0,0,0.00,0.00,0.00,346,13.28,4.81,0.00,-15.3,4.998,4.998,4.998,4.998,73
2022-01-13 16:54:22,0.0,0.0,0,0.0,0.0,0,0.0,0.0,0,0.00,0.00,0.00,17,13.28,0.24,0.00,-14.8,4.998,4.998,4.998,4.998,187
2022-01-13 16:55:22,0.0,0.0,0,0.0,0.0,0,0.0,0.0,0,0.00,0.00,0.00,359,13.28,4.99,0.00,-15.3,4.998,4.998,4.998,4.998,48
2022-01-13 16:56:22,0.0,0.0,0,0.0,0.0,0,0.0,0.0,0,0.00,0.00,0.00,347,13.28,4.82,0.00,-15.3,4.998,4.998,4.998,4.998,222
2022-01-13 16:57:22,0.0,0.0,0,0.0,0.0,0,0.0,0.0,0,0.00,0.00,0.00,350,13.28,4.87,0.00,-15.3,4.998,4.998,4.998,4.998,167
2022-01-13 16:58:22,0.0,0.0,0,0.0,0.0,0,0.0,0.0,0,0.00,0.00,0.00,320,13.24,4.45,0.00,-15.3,4.998,4.998,4.998,4.998,22
2022-01-13 16:59:22,0.0,0.0,0,0.0,0.0,0,0.0,0.0,0,0.00,0.00,0.00,347,13.28,4.82,0.00,-15.3,4.998,4.998,4.998,4.998,18
2022-01-13 17:00:22,0.0,0.0,0,0.0,0.0,0,0.0,0.0,0,0.00,0.00,0.00,326,13.28,4.53,0.00,-14.8,4.998,4.998,4.998,4.998,252
2022-01-13 17:01:22,0.0,0.0,0,0.0,0.0,0,0.0,0.0,0,0.00,0.00,0.00,346,13.28,4.80,0.00,-15.3,4.998,4.998,4.998,4.998,51
2022-01-13 17:02:22,0.0,0.0,0,0.0,0.0,0,0.0,0.0,0,0.00,0.00,0.00,331,13.28,4.60,0.00,-14.8,4.998,4.998,4.998,4.998,42
2022-01-13 17:03:22,0.0,0.0,0,0.0,0.0,0,0.0,0.0,0,0.00,0.00,0.00,352,13.24,4.89,0.00,-15.3,4.998,4.998,4.998,4.998,22
2022-01-13 17:04:22,0.0,0.0,0,0.0,0.0,0,0.0,0.0,0,0.00,0.00,0.00,336,13.24,4.66,0.00,-15.3,4.998,4.998,4.998,4.998,243
2022-01-13 17:05:22,0.0,0.0,0,0.0,0.0,0,0.0,0.0,0,0.00,0.00,0.00,313,13.24,4.36,0.00,-15.3,4.998,4.998,4.998,4.998,85
2022-01-13 17:06:22,0.0,0.0,0,0.0,0.0,0,0.0,0.0,0,0.00,0.00,0.00,332,13.24,4.62,0.00,-15.3,4.998,4.998,4.998,4.998,38
2022-01-13 17:07:22,0.0,0.0,0,0.0,0.0,0,0.0,0.0,0,0.00,0.00,0.00,333,13.24,4.63,0.00,-14.8,4.998,4.998,4.998,4.998,83
2022-01-13 17:08:22,0.0,0.0,0,0.0,0.0,0,0.0,0.0,0,0.00,0.00,0.00,311,13.20,4.32,0.00,-15.3,4.998,4.998,4.998,4.998,228
2022-01-13 17:09:22,0.0,0.0,0,0.0,0.0,0,0.0,0.0,0,0.00,0.00,0.00,346,13.20,4.80,0.00,-15.8,4.998,4.998,4.998,4.998,137
2022-01-13 17:10:22,0.0,0.0,0,0.0,0.0,0,0.0,0.0,0,0.00,0.00,0.00,359,13.20,4.99,0.00,-15.3,4.998,4.998,4.998,4.998,213
2022-01-13 17:11:22,0.0,0.0,0,0.0,0.0,0,0.0,0.0,0,0.00,0.00,0.00,359,13.20,4.99,0.00,-15.8,4.998,4.998,4.998,4.998,137
2022-01-13 17:12:22,0.0,0.0,0,0.0,0.0,0,0.0,0.0,0,0.00,0.00,0.00,336,13.16,4.67,0.00,-15.3,4.998,4.998,4.998,4.998,7
2022-01-13 17:13:22,0.0,0.0,0,0.0,0.0,0,0.0,0.0,0,0.00,0.00,0.00,346,13.16,4.80,0.00,-15.3,4.998,4.998,4.998,4.998,19
2022-01-13 17:14:22,0.0,0.0,0,0.0,0.0,0,0.0,0.0,0,0.00,0.00,0.00,344,13.16,4.78,0.00,-15.3,4.998,4.998,4.998,4.998,172
2022-01-13 17:15:22,0.0,0.0,0,0.0,0.0,0,0.0,0.0,0,0.00,0.00,0.00,7,13.16,0.10,0.00,-15.3,4.998,4.998,4.998,4.998,245
2022-01-13 17:16:22,0.0,0.0,0,0.0,0.0,0,0.0,0.0,0,0.00,0.00,0.00,339,13.16,4.71,0.00,-15.3,4.998,4.998,4.998,4.998,218
2022-01-13 17:17:22,0.0,0.0,0,0.0,0.0,0,0.0,0.0,0,0.00,0.00,0.00,327,13.12,4.54,0.00,-15.3,4.998,4.998,4.998,4.998,92
2022-01-13 17:18:22,0.0,0.0,0,0.0,0.0,0,0.0,0.0,0,0.00,0.00,0.00,355,13.12,4.94,0.00,-15.3,4.998,4.998,4.998,4.998,235
2022-01-13 17:19:22,0.0,0.0,0,0.0,0.0,0,0.0,0.0,0,0.00,0.00,0.00,349,13.12,4.85,0.00,-15.3,4.998,4.998,4.998,4.998,102
2022-01-13 17:20:22,0.0,0.0,0,0.0,0.0,0,0.0,0.0,0,0.00,0.00,0.00,6,13.12,0.09,0.00,-15.8,4.998,4.998,4.998,4.998,219
2022-01-13 17:21:22,0.0,0.0,0,0.0,0.0,0,0.0,0.0,0,0.00,0.00,0.00,359,13.12,4.99,0.00,-15.3,4.998,4.998,4.998,4.998,127
2022-01-13 17:22:22,0.0,0.0,0,0.0,0.0,0,0.0,0.0,0,0.00,0.00,0.00,359,13.12,4.99,0.00,-15.3,4.998,4.998,4.998,4.998,143
2022-01-13 17:23:22,0.0,0.0,0,0.0,0.0,0,0.0,0.0,0,0.00,0.00,0.00,14,13.08,0.19,0.00,-15.3,4.998,4.998,4.998,4.998,173
2022-01-13 17:24:22,0.0,0.0,0,0.0,0.0,0,0.0,0.0,0,0.00,0.00,0.00,327,13.12,4.54,0.00,-15.3,4.998,4.998,4.998,4.998,63
2022-01-13 17:25:22,0.0,0.0,0,0.0,0.0,0,0.0,0.0,0,0.00,0.00,0.00,359,13.08,4.99,0.00,-15.3,4.998,4.998,4.998,4.998,133
2022-01-13 17:26:22,0.0,0.0,0,0.0,0.0,0,0.0,0.0,0,0.00,0.00,0.00,342,13.08,4.76,0.00,-15.3,4.998,4.998,4.998,4.998,175
2022-01-13 17:27:22,0.0,0.0,0,0.0,0.0,0,0.0,0.0,0,0.00,0.00,0.00,347,13.04,4.82,0.00,-15.3,4.998,4.998,4.998,4.998,192
2022-01-13 17:28:22,0.0,0.0,0,0.0,0.0,0,0.0,0.0,0,0.00,0.00,0.00,355,13.08,4.93,0.00,-15.8,4.998,4.998,4.998,4.998,37
2022-01-13 17:29:22,0.0,0.0,0,0.0,0.0,0,0.0,0.0,0,0.00,0.00,0.00,347,13.08,4.82,0.00,-15.8,4.998,4.998,4.998,4.998,166
2022-01-13 17:30:22,0.0,0.0,0,0.0,0.0,0,0.0,0.0,0,0.00,0.00,0.00,349,13.08,4.85,0.00,-15.3,4.998,4.998,4.998,4.998,113
2022-01-13 17:31:22,0.0,0.0,0,0.0,0.0,0,0.0,0.0,0,0.00,0.00,0.00,10,13.08,0.14,0.00,-15.8,4.998,4.998,4.998,4.998,10
2022-01-13 17:32:22,0.0,0.0,0,0.0,0.0,0,0.0,0.0,0,0.00,0.00,0.00,23,13.08,0.33,0.00,-15.8,4.998,4.998,4.998,4.998,159
2022-01-13 17:33:22,0.0,0.0,0,0.0,0.0,0,0.0,0.0,0,0.00,0.00,0.00,354,13.04,4.92,0.00,-15.8,4.998,4.998,4.998,4.998,50
2022-01-13 17:34:22,0.0,0.0,0,0.0,0.0,0,0.0,0.0,0,0.00,0.00,0.00,359,13.04,4.99,0.00,-15.8,4.998,4.998,4.998,4.998,48
2022-01-13 17:35:22,0.0,0.0,0,0.0,0.0,0,0.0,0.0,0,0.00,0.00,0.00,355,13.04,4.94,0.00,-15.8,4.998,4.998,4.998,4.998,222
2022-01-13 17:36:22,0.0,0.0,0,0.0,0.0,0,0.0,0.0,0,0.00,0.00,0.00,353,13.04,4.91,0.00,-15.8,4.998,4.998,4.998,4.998,169
2022-01-13 17:37:22,0.0,0.0,0,0.0,0.0,0,0.0,0.0,0,0.00,0.00,0.00,358,13.04,4.98,0.00,-15.3,4.998,4.998,4.998,4.998,38
2022-01-13 17:38:22,0.0,0.0,0,0.0,0.0,0,0.0,0.0,0,0.00,0.00,0.00,359,13.04,4.99,0.00,-15.3,4.998,4.998,4.998,4.998,13
2022-01-13 17:39:22,0.0,0.0,0,0.0,0.0,0,0.0,0.0,0,0.00,0.00,0.00,341,13.04,4.74,0.00,-15.8,4.998,4.998,4.998,4.998,107
2022-01-13 17:40:22,0.0,0.0,0,0.0,0.0,0,0.0,0.0,0,0.00,0.00,0.00,328,13.04,4.56,0.00,-15.8,4.998,4.998,4.998,4.998,30
2022-01-13 17:41:22,0.0,0.0,0,0.0,0.0,0,0.0,0.0,0,0.00,0.00,0.00,350,13.04,4.86,0.00,-15.8,4.998,4.998,4.998,4.998,160
2022-01-13 17:42:22,0.0,0.0,0,0.0,0.0,0,0.0,0.0,0,0.00,0.00,0.00,331,13.00,4.60,0.00,-15.8,4.998,4.998,4.998,4.998,233
2022-01-13 17:43:22,0.0,0.0,0,0.0,0.0,0,0.0,0.0,0,0.00,0.00,0.00,337,13.04,4.69,0.00,-15.8,4.998,4.998,4.998,4.998,213
2022-01-13 17:44:22,0.0,0.0,0,0.0,0.0,0,0.0,0.0,0,0.00,0.00,0.00,359,13.00,4.99,0.00,-15.8,4.998,4.998,4.998,4.998,65
2022-01-13 17:45:22,0.0,0.0,0,0.0,0.0,0,0.0,0.0,0,0.00,0.00,0.00,339,13.04,4.71,0.00,-15.8,4.998,4.998,4.998,4.998,15
2022-01-13 17:46:22,0.0,0.0,0,0.0,0.0,0,0.0,0.0,0,0.00,0.00,0.00,336,13.04,4.67,0.00,-15.8,4.998,4.998,4.998,4.998,247
2022-01-13 17:47:22,0.0,0.0,0,0.0,0.0,0,0.0,0.0,0,0.00,0.00,0.00,338,13.04,4.69,0.00,-15.8,4.998,4.998,4.998,4.998,30
2022-01-13 17:48:22,0.0,0.0,0,0.0,0.0,0,0.0,0.0,0,0.00,0.00,0.00,355,13.00,4.93,0.00,-15.8,4.998,4.998,4.998,4.998,189
2022-01-13 17:49:22,0.0,0.0,0,0.0,0.0,0,0.0,0.0,0,0.00,0.00,0.00,359,13.00,4.99,0.00,-15.8,4.998,4.998,4.998,4.998,32
2022-01-13 17:50:22,0.0,0.0,0,0.0,0.0,0,0.0,0.0,0,0.00,0.00,0.00,342,13.00,4.76,0.00,-15.8,4.998,4.998,4.998,4.998,81
2022-01-13 17:51:22,0.0,0.0,0,0.0,0.0,0,0.0,0.0,0,0.00,0.00,0.00,10,13.00,0.14,0.00,-16.3,4.998,4.998,4.998,4.998,136
2022-01-13 17:52:22,0.0,0.0,0,0.0,0.0,0,0.0,0.0,0,0.00,0.00,0.00,345,13.00,4.79,0.00,-15.8,4.998,4.998,4.998,4.998,173
2022-01-13 17:53:22,0.0,0.0,0,0.0,0.0,0,0.0,0.0,0,0.00,0.00,0.00,354,13.00,4.92,0.00,-15.8,4.998,4.998,4.998,4.998,92
2022-01-13 17:54:22,0.0,0.0,0,0.0,0.0,0,0.0,0.0,0,0.00,0.00,0.00,338,13.00,4.70,0.00,-15.8,4.998,4.998,4.998,4.998,14
2022-01-13 17:55:22,0.0,0.0,0,0.0,0.0,0,0.0,0.0,0,0.00,0.00,0.00,2,13.00,0.02,0.00,-15.8,4.998,4.998,4.998,4.998,118
2022-01-13 17:56:22,0.0,0.0,0,0.0,0.0,0,0.0,0.0,0,0.00,0.00,0.00,359,13.00,4.99,0.00,-15.8,4.998,4.998,4.998,4.998,243
2022-01-13 17:57:22,0.0,0.0,0,0.0,0.0,0,0.0,0.0,0,0.00,0.00,0.00,339,12.96,4.72,0.00,-15.8,4.998,4.998,4.998,4.998,169
2022-01-13 17:58:22,0.0,0.0,0,0.0,0.0,0,0.0,0.0,0,0.00,0.00,0.00,339,13.00,4.72,0.00,-15.8,4.998,4.998,4.998,4.998,218
2022-01-13 17:59:22,0.0,0.0,0,0.0,0.0,0,0.0,0.0,0,0.00,0.00,0.00,359,13.00,4.99,0.00,-15.8,4.998,4.998,4.998,4.998,63
2022-01-13 18:00:22,0.0,0.0,0,0.0,0.0,0,0.0,0.0,0,0.00,0.00,0.00,329,13.00,4.58,0.00,-16.3,4.998,4.998,4.998,4.998,138
2022-01-13 18:01:22,0.0,0.0,0,0.0,0.0,0,0.0,0.0,0,0.00,0.00,0.00,0,13.00,0.00,0.00,-16.3,4.998,4.998,4.998,4.998,146
2022-01-13 18:02:22,0.0,0.0,0,0.0,0.0,0,0.0,0.0,0,0.00,0.00,0.00,348,13.00,4.83,0.00,-16.3,4.998,4.998,4.998,4.998,84
2022-01-13 18:03:22,0.0,0.0,0,0.0,0.0,0,0.0,0.0,0,0.00,0.00,0.00,307,13.00,4.27,0.00,-16.3,4.998,4.998,4.998,4.998,159
2022-01-13 18:04:22,0.0,0.0,0,0.0,0.0,0,0.0,0.0,0,0.00,0.00,0.00,14,13.00,0.20,0.00,-16.3,4.998,4.998,4.998,4.998,89
2022-01-13 18:05:22,0.0,0.0,0,0.0,0.0,0,0.0,0.0,0,0.00,0.00,0.00,5,13.00,0.08,0.00,-15.8,4.998,4.998,4.998,4.998,235
2022-01-13 18:06:22,0.0,0.0,0,0.0,0.0,0,0.0,0.0,0,0.00,0.00,0.00,326,13.00,4.54,0.00,-16.3,4.998,4.998,4.998,4.998,174
2022-01-13 18:07:22,0.0,0.0,0,0.0,0.0,0,0.0,0.0,0,0.00,0.00,0.00,346,13.00,4.81,0.00,-16.3,4.998,4.998,4.998,4.998,42
2022-01-13 18:08:22,0.0,0.0,0,0.0,0.0,0,0.0,0.0,0,0.00,0.00,0.00,328,13.00,4.55,0.00,-16.3,4.998,4.998,4.998,4.998,198
2022-01-13 18:09:22,0.0,0.0,0,0.0,0.0,0,0.0,0.0,0,0.00,0.00,0.00,354,13.00,4.91,0.00,-16.3,4.998,4.998,4.998,4.998,146
2022-01-13 18:10:22,0.0,0.0,0,0.0,0.0,0,0.0,0.0,0,0.00,0.00,0.00,343,13.00,4.77,0.00,-15.8,4.998,4.998,4.998,4.998,132
2022-01-13 18:11:22,0.0,0.0,0,0.0,0.0,0,0.0,0.0,0,0.00,0.00,0.00,332,13.00,4.61,0.00,-16.3,4.998,4.998,4.998,4.998,115
2022-01-13 18:12:22,0.0,0.0,0,0.0,0.0,0,0.0,0.0,0,0.00,0.00,0.00,320,13.00,4.44,0.00,-16.3,4.998,4.998,4.998,4.998,250
2022-01-13 18:13:22,0.0,0.0,0,0.0,0.0,0,0.0,0.0,0,0.00,0.00,0.00,338,13.00,4.70,0.00,-16.3,4.998,4.998,4.998,4.998,177
2022-01-13 18:14:22,0.0,0.0,0,0.0,0.0,0,0.0,0.0,0,0.00,0.00,0.00,313,13.00,4.35,0.00,-16.3,4.998,4.998,4.998,4.998,120
2022-01-13 18:15:22,0.0,0.0,0,0.0,0.0,0,0.0,0.0,0,0.00,0.00,0.00,334,13.00,4.64,0.00,-16.3,4.998,4.998,4.998,4.998,33
2022-01-13 18:16:22,0.0,0.0,0,0.0,0.0,0,0.0,0.0,0,0.00,0.00,0.00,346,13.00,4.80,0.00,-16.3,4.998,4.998,4.998,4.998,159
2022-01-13 18:17:22,0.0,0.0,0,0.0,0.0,0,0.0,0.0,0,0.00,0.00,0.00,341,13.00,4.74,0.00,-16.3,4.998,4.998,4.998,4.998,14
2022-01-13 18:18:22,0.0,0.0,0,0.0,0.0,0,0.0,0.0,0,0.00,0.00,0.00,15,13.00,0.21,0.00,-16.3,4.998,4.998,4.998,4.998,87
2022-01-13 18:19:22,0.0,0.0,0,0.0,0.0,0,0.0,0.0,0,0.00,0.00,0.00,7,13.00,0.10,0.00,-16.3,4.998,4.998,4.998,4.998,118
2022-01-13 18:20:22,0.0,0.0,0,0.0,0.0,0,0.0,0.0,0,0.00,0.00,0.00,25,13.00,0.35,0.00,-16.8,4.998,4.998,4.998,4.998,176
2022-01-13 18:21:22,0.0,0.0,0,0.0,0.0,0,0.0,0.0,0,0.00,0.00,0.00,333,13.00,4.62,0.00,-16.3,4.998,4.998,4.998,4.998,255
2022-01-13 18:22:22,0.0,0.0,0,0.0,0.0,0,0.0,0.0,0,0.00,0.00,0.00,355,13.00,4.94,0.00,-16.3,4.998,4.998,4.998,4.998,156
2022-01-13 18:23:22,0.0,0.0,0,0.0,0.0,0,0.0,0.0,0,0.00,0.00,0.00,319,13.00,4.44,0.00,-16.3,4.998,4.998,4.998,4.998,79
2022-01-13 18:24:22,0.0,0.0,0,0.0,0.0,0,0.0,0.0,0,0.00,0.00,0.00,339,13.00,4.71,0.00,-16.8,4.998,4.998,4.998,4.998,225
2022-01-13 18:25:22,0.0,0.0,0,0.0,0.0,0,0.0,0.0,0,0.00,0.00,0.00,350,13.00,4.86,0.00,-16.3,4.998,4.998,4.998,4.998,199
2022-01-13 18:26:22,0.0,0.0,0,0.0,0.0,0,0.0,0.0,0,0.00,0.00,0.00,336,12.96,4.66,0.00,-16.3,4.998,4.998,4.998,4.998,13
2022-01-13 18:27:22,0.0,0.0,0,0.0,0.0,0,0.0,0.0,0,0.00,0.00,0.00,349,13.00,4.85,0.00,-16.8,4.998,4.998,4.998,4.998,197
2022-01-13 18:28:22,0.0,0.0,0,0.0,0.0,0,0.0,0.0,0,0.00,0.00,0.00,344,13.00,4.78,0.00,-16.8,4.998,4.998,4.998,4.998,6
2022-01-13 18:29:22,0.0,0.0,0,0.0,0.0,0,0.0,0.0,0,0.00,0.00,0.00,324,12.96,4.50,0.00,-16.3,4.998,4.998,4.998,4.998,37
2022-01-13 18:30:22,0.0,0.0,0,0.0,0.0,0,0.0,0.0,0,0.00,0.00,0.00,344,12.96,4.79,0.00,-16.8,4.998,4.998,4.998,4.998,184
2022-01-13 18:31:22,0.0,0.0,0,0.0,0.0,0,0.0,0.0,0,0.00,0.00,0.00,345,12.96,4.80,0.00,-16.8,4.998,4.998,4.998,4.998,144
2022-01-13 18:32:22,0.0,0.0,0,0.0,0.0,0,0.0,0.0,0,0.00,0.00,0.00,330,13.00,4.59,0.00,-16.8,4.998,4.998,4.998,4.998,227
2022-01-13 18:33:22,0.0,0.0,0,0.0,0.0,0,0.0,0.0,0,0.00,0.00,0.00,354,12.96,4.91,0.00,-16.8,4.998,4.998,4.998,4.998,251
2022-01-13 18:34:22,0.0,0.0,0,0.0,0.0,0,0.0,0.0,0,0.00,0.00,0.00,350,12.96,4.87,0.00,-16.8,4.998,4.998,4.998,4.998,204
2022-01-13 18:35:22,0.0,0.0,0,0.0,0.0,0,0.0,0.0,0,0.00,0.00,0.00,329,13.00,4.57,0.00,-16.8,4.998,4.998,4.998,4.998,221
2022-01-13 18:36:22,0.0,0.0,0,0.0,0.0,0,0.0,0.0,0,0.00,0.00,0.00,340,12.96,4.73,0.00,-16.8,4.998,4.998,4.998,4.998,2
2022-01-13 18:37:22,0.0,0.0,0,0.0,0.0,0,0.0,0.0,0,0.00,0.00,0.00,359,12.96,4.99,0.00,-17.2,4.998,4.998,4.998,4.998,242
2022-01-13 18:38:22,0.0,0.0,0,0.0,0.0,0,0.0,0.0,0,0.00,0.00,0.00,339,12.96,4.71,0.00,-16.8,4.998,4.998,4.998,4.998,125
2022-01-13 18:39:22,0.0,0.0,0,0.0,0.0,0,0.0,0.0,0,0.00,0.00,0.00,359,12.96,4.99,0.00,-16.8,4.998,4.998,4.998,4.998,151
2022-01-13 18:40:22,0.0,0.0,0,0.0,0.0,0,0.0,0.0,0,0.00,0.00,0.00,334,12.96,4.64,0.00,-16.8,4.998,4.998,4.998,4.998,78
2022-01-13 18:41:22,0.0,0.0,0,0.0,0.0,0,0.0,0.0,0,0.00,0.00,0.00,309,12.96,4.30,0.00,-16.8,4.998,4.998,4.998,4.998,37
2022-01-13 18:42:22,0.0,0.0,0,0.0,0.0,0,0.0,0.0,0,0.00,0.00,0.00,340,12.96,4.73,0.00,-16.8,4.998,4.998,4.998,4.998,2
2022-01-13 18:43:22,0.0,0.0,0,0.0,0.0,0,0.0,0.0,0,0.00,0.00,0.00,339,12.96,4.72,0.00,-16.8,4.998,4.998,4.998,4.998,190
2022-01-13 18:44:22,0.0,0.0,0,0.0,0.0,0,0.0,0.0,0,0.00,0.00,0.00,356,12.96,4.94,0.00,-16.8,4.998,4.998,4.998,4.998,136
2022-01-13 18:45:22,0.0,0.0,0,0.0,0.0,0,0.0,0.0,0,0.00,0.00,0.00,353,12.96,4.91,0.00,-16.8,4.998,4.998,4.998,4.998,74
2022-01-13 18:46:22,0.0,0.0,0,0.0,0.0,0,0.0,0.0,0,0.00,0.00,0.00,348,12.96,4.83,0.00,-16.8,4.998,4.998,4.998,4.998,121
2022-01-13 18:47:22,0.0,0.0,0,0.0,0.0,0,0.0,0.0,0,0.00,0.00,0.00,345,12.96,4.79,0.00,-16.8,4.998,4.998,4.998,4.998,88
2022-01-13 18:48:22,0.0,0.0,0,0.0,0.0,0,0.0,0.0,0,0.00,0.00,0.00,345,12.96,4.79,0.00,-16.8,4.998,4.998,4.998,4.998,148
2022-01-13 18:49:22,0.0,0.0,0,0.0,0.0,0,0.0,0.0,0,0.00,0.00,0.00,358,12.96,4.98,0.00,-16.8,4.998,4.998,4.998,4.998,165
2022-01-13 18:50:22,0.0,0.0,0,0.0,0.0,0,0.0,0.0,0,0.00,0.00,0.00,343,12.96,4.76,0.00,-17.2,4.998,4.998,4.998,4.998,215
2022-01-13 18:51:22,0.0,0.0,0,0.0,0.0,0,0.0,0.0,0,0.00,0.00,0.00,352,12.96,4.89,0.00,-17.2,4.998,4.998,4.998,4.998,200
2022-01-13 18:52:22,0.0,0.0,0,0.0,0.0,0,0.0,0.0,0,0.00,0.00,0.00,334,12.96,4.64,0.00,-17.2,4.998,4.998,4.998,4.998,8
2022-01-13 18:53:22,0.0,0.0,0,0.0,0.0,0,0.0,0.0,0,0.00,0.00,0.00,331,12.96,4.60,0.00,-17.2,4.998,4.998,4.998,4.998,61
2022-01-13 18:54:22,0.0,0.0,0,0.0,0.0,0,0.0,0.0,0,0.00,0.00,0.00,345,12.96,4.79,0.00,-17.2,4.998,4.998,4.998,4.998,67
2022-01-13 18:55:22,0.0,0.0,0,0.0,0.0,0,0.0,0.0,0,0.00,0.00,0.00,342,12.96,4.76,0.00,-17.2,4.998,4.998,4.998,4.998,79
2022-01-13 18:56:22,0.0,0.0,0,0.0,0.0,0,0.0,0.0,0,0.00,0.00,0.00,0,12.96,0.00,0.00,-17.2,4.998,4.998,4.998,4.998,134
2022-01-13 18:57:22,0.0,0.0,0,0.0,0.0,0,0.0,0.0,0,0.00,0.00,0.00,354,12.96,4.92,0.00,-16.8,4.998,4.998,4.998,4.998,235
2022-01-13 18:58:22,0.0,0.0,0,0.0,0.0,0,0.0,0.0,0,0.00,0.00,0.00,330,12.96,4.58,0.00,-17.2,4.998,4.998,4.998,4.998,209
2022-01-13 18:59:22,0.0,0.0,0,0.0,0.0,0,0.0,0.0,0,0.00,0.00,0.00,329,12.96,4.58,0.00,-17.2,4.998,4.998,4.998,4.998,45
2022-01-13 19:00:22,0.0,0.0,0,0.0,0.0,0,0.0,0.0,0,0.00,0.00,0.00,344,12.96,4.79,0.00,-17.2,4.998,4.998,4.998,4.998,166
2022-01-13 19:01:22,0.0,0.0,0,0.0,0.0,0,0.0,0.0,0,0.00,0.00,0.00,355,12.96,4.93,0.00,-17.2,4.998,4.998,4.998,4.998,160
2022-01-13 19:02:22,0.0,0.0,0,0.0,0.0,0,0.0,0.0,0,0.00,0.00,0.00,332,12.96,4.61,0.00,-17.2,4.998,4.998,4.998,4.998,175
2022-01-13 19:03:22,0.0,0.0,0,0.0,0.0,0,0.0,0.0,0,0.00,0.00,0.00,345,12.96,4.80,0.00,-17.2,4.998,4.998,4.998,4.998,35
2022-01-13 19:04:22,0.0,0.0,0,0.0,0.0,0,0.0,0.0,0,0.00,0.00,0.00,343,12.92,4.76,0.00,-17.2,4.998,4.998,4.998,4.998,134
2022-01-13 19:05:22,0.0,0.0,0,0.0,0.0,0,0.0,0.0,0,0.00,0.00,0.00,342,12.92,4.76,0.00,-17.2,4.998,4.998,4.998,4.998,203
2022-01-13 19:06:22,0.0,0.0,0,0.0,0.0,0,0.0,0.0,0,0.00,0.00,0.00,357,12.92,4.96,0.00,-17.2,4.998,4.998,4.998,4.998,162
2022-01-13 19:07:22,0.0,0.0,0,0.0,0.0,0,0.0,0.0,0,0.00,0.00,0.00,353,12.96,4.90,0.00,-17.2,4.998,4.998,4.998,4.998,219
2022-01-13 19:08:22,0.0,0.0,0,0.0,0.0,0,0.0,0.0,0,0.00,0.00,0.00,0,12.92,0.00,0.00,-17.7,4.998,4.998,4.998,4.998,12
2022-01-13 19:09:22,0.0,0.0,0,0.0,0.0,0,0.0,0.0,0,0.00,0.00,0.00,359,12.92,4.99,0.00,-17.2,4.998,4.998,4.998,4.998,45
2022-01-13 19:10:22,0.0,0.0,0,0.0,0.0,0,0.0,0.0,0,0.00,0.00,0.00,0,12.92,0.00,0.00,-17.2,4.998,4.998,4.998,4.998,18
2022-01-13 19:11:22,0.0,0.0,0,0.0,0.0,0,0.0,0.0,0,0.00,0.00,0.00,345,12.92,4.79,0.00,-17.2,4.998,4.998,4.998,4.998,80
2022-01-13 19:12:22,0.0,0.0,0,0.0,0.0,0,0.0,0.0,0,0.00,0.00,0.00,328,12.96,4.55,0.00,-17.7,4.998,4.998,4.998,4.998,218
2022-01-13 19:13:22,0.0,0.0,0,0.0,0.0,0,0.0,0.0,0,0.00,0.00,0.00,342,12.92,4.76,0.00,-17.2,4.998,4.998,4.998,4.998,172
2022-01-13 19:14:22,0.0,0.0,0,0.0,0.0,0,0.0,0.0,0,0.00,0.00,0.00,335,12.96,4.65,0.00,-17.2,4.998,4.998,4.998,4.998,168
2022-01-13 19:15:22,0.0,0.0,0,0.0,0.0,0,0.0,0.0,0,0.00,0.00,0.00,359,12.96,4.99,0.00,-17.2,4.998,4.998,4.998,4.998,170
2022-01-13 19:16:22,0.0,0.0,0,0.0,0.0,0,0.0,0.0,0,0.00,0.00,0.00,351,12.96,4.88,0.00,-17.2,4.998,4.998,4.998,4.998,61
2022-01-13 19:17:22,0.0,0.0,0,0.0,0.0,0,0.0,0.0,0,0.00,0.00,0.00,337,12.96,4.69,0.00,-17.2,4.998,4.998,4.998,4.998,18
2022-01-13 19:18:22,0.0,0.0,0,0.0,0.0,0,0.0,0.0,0,0.00,0.00,0.00,344,12.96,4.78,0.00,-17.2,4.998,4.998,4.998,4.998,167
2022-01-13 19:19:22,0.0,0.0,0,0.0,0.0,0,0.0,0.0,0,0.00,0.00,0.00,333,12.92,4.63,0.00,-17.2,4.998,4.998,4.998,4.998,229
2022-01-13 19:20:22,0.0,0.0,0,0.0,0.0,0,0.0,0.0,0,0.00,0.00,0.00,359,12.92,4.99,0.00,-17.2,4.998,4.998,4.998,4.998,21
2022-01-13 19:21:22,0.0,0.0,0,0.0,0.0,0,0.0,0.0,0,0.00,0.00,0.00,333,12.96,4.63,0.00,-17.2,4.998,4.998,4.998,4.998,59
2022-01-13 19:22:22,0.0,0.0,0,0.0,0.0,0,0.0,0.0,0,0.00,0.00,0.00,320,12.96,4.45,0.00,-17.2,4.998,4.998,4.998,4.998,173
2022-01-13 19:23:22,0.0,0.0,0,0.0,0.0,0,0.0,0.0,0,0.00,0.00,0.00,354,12.92,4.92,0.00,-17.2,4.998,4.998,4.998,4.998,194
2022-01-13 19:24:22,0.0,0.0,0,0.0,0.0,0,0.0,0.0,0,0.00,0.00,0.00,332,12.96,4.62,0.00,-17.2,4.998,4.998,4.998,4.998,84
2022-01-13 19:25:22,0.0,0.0,0,0.0,0.0,0,0.0,0.0,0,0.00,0.00,0.00,345,12.96,4.79,0.00,-17.2,4.998,4.998,4.998,4.998,178
2022-01-13 19:26:22,0.0,0.0,0,0.0,0.0,0,0.0,0.0,0,0.00,0.00,0.00,0,12.96,0.00,0.00,-17.2,4.998,4.998,4.998,4.998,98
2022-01-13 19:27:22,0.0,0.0,0,0.0,0.0,0,0.0,0.0,0,0.00,0.00,0.00,333,12.92,4.63,0.00,-17.2,4.998,4.998,4.998,4.998,231
2022-01-13 19:28:22,0.0,0.0,0,0.0,0.0,0,0.0,0.0,0,0.00,0.00,0.00,327,12.92,4.54,0.00,-17.2,4.998,4.998,4.998,4.998,52
2022-01-13 19:29:22,0.0,0.0,0,0.0,0.0,0,0.0,0.0,0,0.00,0.00,0.00,22,12.96,0.31,0.00,-17.2,4.998,4.998,4.998,4.998,246
2022-01-13 19:30:22,0.0,0.0,0,0.0,0.0,0,0.0,0.0,0,0.00,0.00,0.00,335,12.96,4.65,0.00,-16.8,4.998,4.998,4.998,4.998,5
2022-01-13 19:31:22,0.0,0.0,0,0.0,0.0,0,0.0,0.0,0,0.00,0.00,0.00,8,12.92,0.11,0.00,-17.2,4.998,4.998,4.998,4.998,218
2022-01-13 19:32:22,0.0,0.0,0,0.0,0.0,0,0.0,0.0,0,0.00,0.00,0.00,322,12.92,4.47,0.00,-17.2,4.998,4.998,4.998,4.998,230
2022-01-13 19:33:22,0.0,0.0,0,0.0,0.0,0,0.0,0.0,0,0.00,0.00,0.00,359,12.92,4.99,0.00,-17.2,4.998,4.998,4.998,4.998,250
2022-01-13 19:34:22,0.0,0.0,0,0.0,0.0,0,0.0,0.0,0,0.00,0.00,0.00,0,12.92,0.00,0.00,-17.2,4.998,4.998,4.998,4.998,163
2022-01-13 19:35:22,0.0,0.0,0,0.0,0.0,0,0.0,0.0,0,0.00,0.00,0.00,5,12.92,0.07,0.00,-17.2,4.998,4.998,4.998,4.998,33
2022-01-13 19:36:22,0.0,0.0,0,0.0,0.0,0,0.0,0.0,0,0.00,0.00,0.00,7,12.92,0.09,0.00,-17.2,4.998,4.998,4.998,4.998,135
2022-01-13 19:37:22,0.0,0.0,0,0.0,0.0,0,0.0,0.0,0,0.00,0.00,0.00,313,12.92,4.36,0.00,-17.2,4.998,4.998,4.998,4.998,156
2022-01-13 19:38:22,0.0,0.0,0,0.0,0.0,0,0.0,0.0,0,0.00,0.00,0.00,333,12.92,4.63,0.00,-17.2,4.998,4.998,4.998,4.998,52
2022-01-13 19:39:22,0.0,0.0,0,0.0,0.0,0,0.0,0.0,0,0.00,0.00,0.00,0,12.92,0.00,0.00,-17.2,4.998,4.998,4.998,4.998,67
2022-01-13 19:40:22,0.0,0.0,0,0.0,0.0,0,0.0,0.0,0,0.00,0.00,0.00,337,12.92,4.69,0.00,-17.2,4.998,4.998,4.998,4.998,202
2022-01-13 19:41:22,0.0,0.0,0,0.0,0.0,0,0.0,0.0,0,0.00,0.00,0.00,10,12.92,0.14,0.00,-17.2,4.998,4.998,4.998,4.998,24
2022-01-13 19:42:22,0.0,0.0,0,0.0,0.0,0,0.0,0.0,0,0.00,0.00,0.00,350,12.92,4.87,0.00,-17.7,4.998,4.998,4.998,4.998,60
2022-01-13 19:43:22,0.0,0.0,0,0.0,0.0,0,0.0,0.0,0,0.00,0.00,0.00,335,12.92,4.65,0.00,-17.7,4.998,4.998,4.998,4.998,4
2022-01-13 19:44:22,0.0,0.0,0,0.0,0.0,0,0.0,0.0,0,0.00,0.00,0.00,12,12.92,0.17,0.00,-17.7,4.998,4.998,4.998,4.998,218
2022-01-13 19:45:22,0.0,0.0,0,0.0,0.0,0,0.0,0.0,0,0.00,0.00,0.00,14,12.92,0.20,0.00,-17.7,4.998,4.998,4.998,4.998,234
2022-01-13 19:46:22,0.0,0.0,0,0.0,0.0,0,0.0,0.0,0,0.00,0.00,0.00,358,12.92,4.98,0.00,-17.7,4.998,4.998,4.998,4.998,52
2022-01-13 19:47:22,0.0,0.0,0,0.0,0.0,0,0.0,0.0,0,0.00,0.00,0.00,332,12.92,4.61,0.00,-17.7,4.998,4.998,4.998,4.998,177
2022-01-13 19:48:22,0.0,0.0,0,0.0,0.0,0,0.0,0.0,0,0.00,0.00,0.00,322,12.92,4.47,0.00,-17.7,4.998,4.998,4.998,4.998,3
2022-01-13 19:49:22,0.0,0.0,0,0.0,0.0,0,0.0,0.0,0,0.00,0.00,0.00,27,12.92,0.37,0.00,-17.7,4.998,4.998,4.998,4.998,206
2022-01-13 19:50:22,0.0,0.0,0,0.0,0.0,0,0.0,0.0,0,0.00,0.00,0.00,351,12.92,4.88,0.00,-17.7,4.998,4.998,4.998,4.998,211
2022-01-13 19:51:22,0.0,0.0,0,0.0,0.0,0,0.0,0.0,0,0.00,0.00,0.00,13,12.92,0.18,0.00,-17.7,4.998,4.998,4.998,4.998,107
2022-01-13 19:52:22,0.0,0.0,0,0.0,0.0,0,0.0,0.0,0,0.00,0.00,0.00,346,12.92,4.81,0.00,-17.7,4.998,4.998,4.998,4.998,24
2022-01-13 19:53:22,0.0,0.0,0,0.0,0.0,0,0.0,0.0,0,0.00,0.00,0.00,348,12.92,4.83,0.00,-17.7,4.998,4.998,4.998,4.998,179
2022-01-13 19:54:22,0.0,0.0,0,0.0,0.0,0,0.0,0.0,0,0.00,0.00,0.00,337,12.92,4.68,0.00,-17.7,4.998,4.998,4.998,4.998,131
2022-01-13 19:55:22,0.0,0.0,0,0.0,0.0,0,0.0,0.0,0,0.00,0.00,0.00,342,12.92,4.75,0.00,-18.2,4.998,4.998,4.998,4.998,220
2022-01-13 19:56:22,0.0,0.0,0,0.0,0.0,0,0.0,0.0,0,0.00,0.00,0.00,324,12.92,4.50,0.00,-18.2,4.998,4.998,4.998,4.998,85
2022-01-13 19:57:22,0.0,0.0,0,0.0,0.0,0,0.0,0.0,0,0.00,0.00,0.00,341,12.92,4.73,0.00,-17.7,4.998,4.998,4.998,4.998,216
2022-01-13 19:58:22,0.0,0.0,0,0.0,0.0,0,0.0,0.0,0,0.00,0.00,0.00,355,12.92,4.93,0.00,-18.2,4.998,4.998,4.998,4.998,168
2022-01-13 19:59:22,0.0,0.0,0,0.0,0.0,0,0.0,0.0,0,0.00,0.00,0.00,337,12.92,4.69,0.00,-18.2,4.998,4.998,4.998,4.998,32
2022-01-13 20:00:22,0.0,0.0,0,0.0,0.0,0,0.0,0.0,0,0.00,0.00,0.00,343,12.92,4.77,0.00,-18.2,4.998,4.998,4.998,4.998,107
2022-01-13 20:01:22,0.0,0.0,0,0.0,0.0,0,0.0,0.0,0,0.00,0.00,0.00,345,12.89,4.79,0.00,-18.2,4.998,4.998,4.998,4.998,49
2022-01-13 20:02:22,0.0,0.0,0,0.0,0.0,0,0.0,0.0,0,0.00,0.00,0.00,341,12.92,4.73,0.00,-18.2,4.998,4.998,4.998,4.998,178
2022-01-13 20:03:22,0.0,0.0,0,0.0,0.0,0,0.0,0.0,0,0.00,0.00,0.00,330,12.92,4.59,0.00,-18.2,4.998,4.998,4.998,4.998,116
2022-01-13 20:04:22,0.0,0.0,0,0.0,0.0,0,0.0,0.0,0,0.00,0.00,0.00,324,12.92,4.51,0.00,-18.2,4.998,4.998,4.998,4.998,216
2022-01-13 20:05:22,0.0,0.0,0,0.0,0.0,0,0.0,0.0,0,0.00,0.00,0.00,359,12.92,4.99,0.00,-18.2,4.998,4.998,4.998,4.998,222
2022-01-13 20:06:22,0.0,0.0,0,0.0,0.0,0,0.0,0.0,0,0.00,0.00,0.00,350,12.92,4.86,0.00,-18.7,4.998,4.998,4.998,4.998,151
2022-01-13 20:07:22,0.0,0.0,0,0.0,0.0,0,0.0,0.0,0,0.00,0.00,0.00,345,12.92,4.79,0.00,-18.2,4.998,4.998,4.998,4.998,248
2022-01-13 20:08:22,0.0,0.0,0,0.0,0.0,0,0.0,0.0,0,0.00,0.00,0.00,1,12.92,0.02,0.00,-18.7,4.998,4.998,4.998,4.998,197
2022-01-13 20:09:22,0.0,0.0,0,0.0,0.0,0,0.0,0.0,0,0.00,0.00,0.00,341,12.89,4.74,0.00,-18.2,4.998,4.998,4.998,4.998,105
2022-01-13 20:10:22,0.0,0.0,0,0.0,0.0,0,0.0,0.0,0,0.00,0.00,0.00,351,12.89,4.87,0.00,-18.7,4.998,4.998,4.998,4.998,166
2022-01-13 20:11:22,0.0,0.0,0,0.0,0.0,0,0.0,0.0,0,0.00,0.00,0.00,0,12.92,0.00,0.00,-18.2,4.998,4.998,4.998,4.998,214
2022-01-13 20:12:22,0.0,0.0,0,0.0,0.0,0,0.0,0.0,0,0.00,0.00,0.00,1,12.92,0.01,0.00,-18.2,4.998,4.998,4.998,4.998,37
2022-01-13 20:13:22,0.0,0.0,0,0.0,0.0,0,0.0,0.0,0,0.00,0.00,0.00,339,12.89,4.72,0.00,-18.7,4.998,4.998,4.998,4.998,196
2022-01-13 20:14:22,0.0,0.0,0,0.0,0.0,0,0.0,0.0,0,0.00,0.00,0.00,352,12.92,4.89,0.00,-18.7,4.998,4.998,4.998,4.998,96
2022-01-13 20:15:22,0.0,0.0,0,0.0,0.0,0,0.0,0.0,0,0.00,0.00,0.00,341,12.89,4.73,0.00,-18.7,4.998,4.998,4.998,4.998,77
2022-01-13 20:16:22,0.0,0.0,0,0.0,0.0,0,0.0,0.0,0,0.00,0.00,0.00,359,12.92,4.99,0.00,-18.7,4.998,4.998,4.998,4.998,69
2022-01-13 20:17:22,0.0,0.0,0,0.0,0.0,0,0.0,0.0,0,0.00,0.00,0.00,334,12.89,4.64,0.00,-18.7,4.998,4.998,4.998,4.998,17
2022-01-13 20:18:22,0.0,0.0,0,0.0,0.0,0,0.0,0.0,0,0.00,0.00,0.00,1,12.92,0.02,0.00,-18.7,4.998,4.998,4.998,4.998,81
2022-01-13 20:19:22,0.0,0.0,0,0.0,0.0,0,0.0,0.0,0,0.00,0.00,0.00,349,12.89,4.85,0.00,-18.7,4.998,4.998,4.998,4.998,91
2022-01-13 20:20:22,0.0,0.0,0,0.0,0.0,0,0.0,0.0,0,0.00,0.00,0.00,341,12.89,4.73,0.00,-18.7,4.998,4.998,4.998,4.998,86
2022-01-13 20:21:22,0.0,0.0,0,0.0,0.0,0,0.0,0.0,0,0.00,0.00,0.00,342,12.89,4.76,0.00,-19.2,4.998,4.998,4.998,4.998,34
2022-01-13 20:22:22,0.0,0.0,0,0.0,0.0,0,0.0,0.0,0,0.00,0.00,0.00,357,12.89,4.96,0.00,-18.7,4.998,4.998,4.998,4.998,241
2022-01-13 20:23:22,0.0,0.0,0,0.0,0.0,0,0.0,0.0,0,0.00,0.00,0.00,335,12.89,4.65,0.00,-18.7,4.998,4.998,4.998,4.998,176
2022-01-13 20:24:22,0.0,0.0,0,0.0,0.0,0,0.0,0.0,0,0.00,0.00,0.00,333,12.92,4.63,0.00,-18.7,4.998,4.998,4.998,4.998,172
2022-01-13 20:25:22,0.0,0.0,0,0.0,0.0,0,0.0,0.0,0,0.00,0.00,0.00,347,12.89,4.82,0.00,-18.7,4.998,4.998,4.998,4.998,137
2022-01-13 20:26:22,0.0,0.0,0,0.0,0.0,0,0.0,0.0,0,0.00,0.00,0.00,349,12.89,4.85,0.00,-19.2,4.998,4.998,4.998,4.998,190
2022-01-13 20:27:22,0.0,0.0,0,0.0,0.0,0,0.0,0.0,0,0.00,0.00,0.00,315,12.89,4.38,0.00,-19.2,4.998,4.998,4.998,4.998,133
2022-01-13 20:28:22,0.0,0.0,0,0.0,0.0,0,0.0,0.0,0,0.00,0.00,0.00,339,12.89,4.72,0.00,-19.2,4.998,4.998,4.998,4.998,244
2022-01-13 20:29:22,0.0,0.0,0,0.0,0.0,0,0.0,0.0,0,0.00,0.00,0.00,325,12.89,4.51,0.00,-19.2,4.998,4.998,4.998,4.998,90
2022-01-13 20:30:22,0.0,0.0,0,0.0,0.0,0,0.0,0.0,0,0.00,0.00,0.00,350,12.89,4.87,0.00,-19.2,4.998,4.998,4.998,4.998,128
2022-01-13 20:31:22,0.0,0.0,0,0.0,0.0,0,0.0,0.0,0,0.00,0.00,0.00,350,12.89,4.87,0.00,-19.2,4.998,4.998,4.998,4.998,221
2022-01-13 20:32:22,0.0,0.0,0,0.0,0.0,0,0.0,0.0,0,0.00,0.00,0.00,335,12.89,4.66,0.00,-18.7,4.998,4.998,4.998,4.998,253
2022-01-13 20:33:22,0.0,0.0,0,0.0,0.0,0,0.0,0.0,0,0.00,0.00,0.00,327,12.89,4.54,0.00,-19.2,4.998,4.998,4.998,4.998,130
2022-01-13 20:34:22,0.0,0.0,0,0.0,0.0,0,0.0,0.0,0,0.00,0.00,0.00,355,12.89,4.93,0.00,-18.7,4.998,4.998,4.998,4.998,21
2022-01-13 20:35:22,0.0,0.0,0,0.0,0.0,0,0.0,0.0,0,0.00,0.00,0.00,343,12.89,4.77,0.00,-19.2,4.998,4.998,4.998,4.998,15
2022-01-13 20:36:22,0.0,0.0,0,0.0,0.0,0,0.0,0.0,0,0.00,0.00,0.00,339,12.89,4.72,0.00,-19.2,4.998,4.998,4.998,4.998,122
2022-01-13 20:37:22,0.0,0.0,0,0.0,0.0,0,0.0,0.0,0,0.00,0.00,0.00,339,12.89,4.71,0.00,-19.2,4.998,4.998,4.998,4.998,40
2022-01-13 20:38:22,0.0,0.0,0,0.0,0.0,0,0.0,0.0,0,0.00,0.00,0.00,324,12.89,4.51,0.00,-19.2,4.998,4.998,4.998,4.998,8
2022-01-13 20:39:22,5.5,11.3,299,0.0,0.0,0,0.0,0.0,0,299.00,0.00,0.00,338,12.89,4.70,0.00,-19.2,4.998,4.998,4.998,4.998,164
2022-01-13 20:40:22,6.5,7.5,295,0.0,0.0,0,0.0,0.0,0,594.00,0.00,0.00,312,12.89,4.34,0.00,-18.7,4.998,4.998,4.998,4.998,173
2022-01-13 20:41:22,4.5,8.2,388,0.0,0.0,0,0.0,0.0,0,982.00,0.00,0.00,343,12.89,4.77,0.00,-18.7,4.998,4.998,4.998,4.998,126
2022-01-13 20:42:22,4.2,7.1,284,0.0,0.0,0,0.0,0.0,0,1266.00,0.00,0.00,344,12.89,4.78,0.00,-18.7,4.998,4.998,4.998,4.998,251
2022-01-13 20:43:22,9.9,11.2,461,0.0,0.0,0,0.0,0.0,0,1727.00,0.00,0.00,359,12.89,4.99,0.00,-19.2,4.998,4.998,4.998,4.998,230
2022-01-13 20:44:22,7.8,10.3,377,0.0,0.0,0,0.0,0.0,0,2104.00,0.00,0.00,342,12.89,4.76,0.00,-19.2,4.998,4.998,4.998,4.998,92
2022-01-13 20:45:22,8.0,10.4,501,0.0,0.0,0,0.0,0.0,0,2605.00,0.00,0.00,328,12.85,4.56,0.00,-19.2,4.998,4.998,4.998,4.998,173
2022-01-13 20:46:22,3.5,10.3,440,0.0,0.0,0,0.0,0.0,0,3045.00,0.00,0.00,356,12.89,4.94,0.00,-19.2,4.998,4.998,4.998,4.998,181
2022-01-13 20:47:22,4.6,9.9,393,0.0,0.0,0,0.0,0.0,0,3438.00,0.00,0.00,359,12.89,4.99,0.00,-19.2,4.998,4.998,4.998,4.998,132
2022-01-13 20:48:22,5.7,8.6,371,0.0,0.0,0,0.0,0.0,0,3809.00,0.00,0.00,351,12.85,4.88,0.00,-19.2,4.998,4.998,4.998,4.998,21
2022-01-13 20:49:22,6.3,7.2,277,0.0,0.0,0,0.0,0.0,0,4086.00,0.00,0.00,334,12.89,4.64,0.00,-19.7,4.998,4.998,4.998,4.998,49
2022-01-13 20:50:22,4.3,7.1,318,0.0,0.0,0,0.0,0.0,0,4404.00,0.00,0.00,354,12.89,4.92,0.00,-19.2,4.998,4.998,4.998,4.998,214
2022-01-13 20:51:22,7.1,11.4,435,0.0,0.0,0,0.0,0.0,0,4839.00,0.00,0.00,342,12.89,4.75,0.00,-19.2,4.998,4.998,4.998,4.998,93
2022-01-13 20:52:22,5.1,7.9,266,0.0,0.0,0,0.0,0.0,0,5105.00,0.00,0.00,341,12.89,4.73,0.00,-19.2,4.998,4.998,4.998,4.998,145
2022-01-13 20:53:22,4.4,6.6,267,0.0,0.0,0,0.0,0.0,0,5372.00,0.00,0.00,0,12.89,0.00,0.00,-19.7,4.998,4.998,4.998,4.998,66
2022-01-13 20:54:22,3.2,5.0,188,0.0,0.0,0,0.0,0.0,0,5560.00,0.00,0.00,1,12.85,0.01,0.00,-19.2,4.998,4.998,4.998,4.998,122
2022-01-13 20:55:22,3.5,6.4,269,0.0,0.0,0,0.0,0.0,0,5829.00,0.00,0.00,0,12.85,0.00,0.00,-19.2,4.998,4.998,4.998,4.998,195
2022-01-13 20:56:22,8.3,15.1,455,0.0,0.0,0,0.0,0.0,0,6284.00,0.00,0.00,15,12.89,0.21,0.00,-19.2,4.998,4.998,4.998,4.998,190
2022-01-13 20:57:22,4.8,11.4,464,0.0,0.0,0,0.0,0.0,0,6748.00,0.00,0.00,346,12.85,4.80,0.00,-19.2,4.998,4.998,4.998,4.998,156
2022-01-13 20:58:22,5.3,8.7,336,0.0,0.0,0,0.0,0.0,0,7084.00,0.00,0.00,17,12.89,0.23,0.00,-19.7,4.998,4.998,4.998,4.998,2
2022-01-13 20:59:22,1.8,6.5,249,0.0,0.0,0,0.0,0.0,0,7333.00,0.00,0.00,2,12.85,0.03,0.00,-19.7,4.998,4.998,4.998,4.998,243
2022-01-13 21:00:22,5.0,8.1,239,0.0,0.0,0,0.0,0.0,0,7572.00,0.00,0.00,331,12.85,4.60,0.00,-19.7,4.998,4.998,4.998,4.998,185
2022-01-13 21:01:22,3.8,8.6,289,0.0,0.0,0,0.0,0.0,0,7861.00,0.00,0.00,337,12.85,4.68,0.00,-19.7,4.998,4.998,4.998,4.998,243
2022-01-13 21:02:22,4.9,8.7,331,0.0,0.0,0,0.0,0.0,0,8192.00,0.00,0.00,343,12.85,4.76,0.00,-19.7,4.998,4.998,4.998,4.998,5
2022-01-13 21:03:22,4.6,7.4,283,0.0,0.0,0,0.0,0.0,0,8475.00,0.00,0.00,336,12.85,4.66,0.00,-19.2,4.998,4.998,4.998,4.998,105
2022-01-13 21:04:22,7.3,9.7,370,0.0,0.0,0,0.0,0.0,0,8845.00,0.00,0.00,331,12.89,4.60,0.00,-19.2,4.998,4.998,4.998,4.998,6
2022-01-13 21:05:22,5.6,8.1,274,0.0,0.0,0,0.0,0.0,0,9119.00,0.00,0.00,352,12.85,4.89,0.00,-19.2,4.998,4.998,4.998,4.998,146
2022-01-13 21:06:22,5.5,7.2,292,0.0,0.0,0,0.0,0.0,0,9411.00,0.00,0.00,335,12.89,4.65,0.00,-19.7,4.998,4.998,4.998,4.998,248
2022-01-13 21:07:22,2.8,5.9,207,0.0,0.0,0,0.0,0.0,0,9618.00,0.00,0.00,354,12.85,4.92,0.00,-19.7,4.998,4.998,4.998,4.998,35
2022-01-13 21:08:22,1.5,5.4,198,0.0,0.0,0,0.0,0.0,0,9816.00,0.00,0.00,339,12.89,4.71,0.00,-19.7,4.998,4.998,4.998,4.998,254
2022-01-13 21:09:22,1.7,2.8,59,0.0,0.0,0,0.0,0.0,0,9875.00,0.00,0.00,339,12.85,4.71,0.00,-19.7,4.998,4.998,4.998,4.998,201
2022-01-13 21:10:22,9.9,11.2,161,0.0,0.0,0,0.0,0.0,0,10036.00,0.00,0.00,335,12.85,4.65,0.00,-20.2,4.998,4.998,4.998,4.998,140
2022-01-13 21:11:22,5.1,10.5,478,0.0,0.0,0,0.0,0.0,0,10514.00,0.00,0.00,336,12.89,4.67,0.00,-19.2,4.998,4.998,4.998,4.998,52
2022-01-13 21:12:22,3.8,7.0,267,0.0,0.0,0,0.0,0.0,0,10781.00,0.00,0.00,359,12.89,4.99,0.00,-19.2,4.998,4.998,4.998,4.998,221
2022-01-13 21:13:22,3.9,5.7,255,0.0,0.0,0,0.0,0.0,0,11036.00,0.00,0.00,345,12.85,4.79,0.00,-19.7,4.998,4.998,4.998,4.998,84
2022-01-13 21:14:22,6.5,10.7,398,0.0,0.0,0,0.0,0.0,0,11434.00,0.00,0.00,0,12.89,0.00,0.00,-19.7,4.998,4.998,4.998,4.998,245
2022-01-13 21:15:22,7.7,12.4,431,0.0,0.0,0,0.0,0.0,0,11865.00,0.00,0.00,320,12.85,4.45,0.00,-19.7,4.998,4.998,4.998,4.998,112
2022-01-13 21:16:22,2.5,8.5,236,0.0,0.0,0,0.0,0.0,0,12101.00,0.00,0.00,311,12.85,4.32,0.00,-19.7,4.998,4.998,4.998,4.998,133
2022-01-13 21:17:22,2.8,7.0,297,0.0,0.0,0,0.0,0.0,0,12398.00,0.00,0.00,350,12.89,4.86,0.00,-19.7,4.998,4.998,4.998,4.998,157
2022-01-13 21:18:22,3.5,8.6,310,0.0,0.0,0,0.0,0.0,0,12708.00,0.00,0.00,356,12.89,4.95,0.00,-20.2,4.998,4.998,4.998,4.998,237
2022-01-13 21:19:22,2.5,5.5,219,0.0,0.0,0,0.0,0.0,0,12927.00,0.00,0.00,320,12.85,4.44,0.00,-19.7,4.998,4.998,4.998,4.998,253
2022-01-13 21:20:22,5.2,6.8,276,0.0,0.0,0,0.0,0.0,0,13203.00,0.00,0.00,327,12.85,4.55,0.00,-19.7,4.998,4.998,4.998,4.998,55
2022-01-13 21:21:22,4.5,8.8,405,0.0,0.0,0,0.0,0.0,0,13608.00,0.00,0.00,333,12.85,4.63,0.00,-19.7,4.998,4.998,4.998,4.998,96
2022-01-13 21:22:22,5.1,7.5,280,0.0,0.0,0,0.0,0.0,0,13888.00,0.00,0.00,359,12.85,4.99,0.00,-19.7,4.998,4.998,4.998,4.998,36
2022-01-13 21:23:22,4.7,8.1,330,0.0,0.0,0,0.0,0.0,0,14218.00,0.00,0.00,357,12.85,4.96,0.00,-19.7,4.998,4.998,4.998,4.998,62
2022-01-13 21:24:22,2.9,6.3,241,0.0,0.0,0,0.0,0.0,0,14459.00,0.00,0.00,352,12.85,4.89,0.00,-19.7,4.998,4.998,4.998,4.998,213
2022-01-13 21:25:22,3.2,4.2,147,0.0,0.0,0,0.0,0.0,0,14606.00,0.00,0.00,327,12.89,4.54,0.00,-19.7,4.998,4.998,4.998,4.998,175
2022-01-13 21:26:22,4.2,10.7,330,0.0,0.0,0,0.0,0.0,0,14936.00,0.00,0.00,359,12.85,4.99,0.00,-19.7,4.998,4.998,4.998,4.998,251
2022-01-13 21:27:22,1.5,4.7,162,0.0,0.0,0,0.0,0.0,0,15098.00,0.00,0.00,1,12.85,0.01,0.00,-20.2,4.998,4.998,4.998,4.998,195
2022-01-13 21:28:22,4.8,7.0,256,0.0,0.0,0,0.0,0.0,0,15354.00,0.00,0.00,345,12.85,4.79,0.00,-20.2,4.998,4.998,4.998,4.998,0
2022-01-13 21:29:22,2.9,7.3,298,0.0,0.0,0,0.0,0.0,0,15652.00,0.00,0.00,346,12.85,4.80,0.00,-19.7,4.998,4.998,4.998,4.998,87
2022-01-13 21:30:22,4.2,5.1,181,0.0,0.0,0,0.0,0.0,0,15833.00,0.00,0.00,345,12.85,4.79,0.00,-19.7,4.998,4.998,4.998,4.998,147
2022-01-13 21:31:22,2.8,6.3,207,0.0,0.0,0,0.0,0.0,0,16040.00,0.00,0.00,354,12.85,4.92,0.00,-20.2,4.998,4.998,4.998,4.998,134
2022-01-13 21:32:22,4.9,8.4,321,0.0,0.0,0,0.0,0.0,0,16361.00,0.00,0.00,345,12.85,4.79,0.00,-20.2,4.998,4.998,4.998,4.998,116
2022-01-13 21:33:22,4.9,8.6,300,0.0,0.0,0,0.0,0.0,0,16661.00,0.00,0.00,349,12.85,4.85,0.00,-19.7,4.998,4.998,4.998,4.998,169
2022-01-13 21:34:22,4.8,8.4,299,0.0,0.0,0,0.0,0.0,0,16960.00,0.00,0.00,341,12.85,4.74,0.00,-20.2,4.998,4.998,4.998,4.998,64
2022-01-13 21:35:22,7.3,7.3,291,0.0,0.0,0,0.0,0.0,0,17251.00,0.00,0.00,345,12.85,4.79,0.00,-20.2,4.998,4.998,4.998,4.998,163
2022-01-13 21:36:22,5.2,7.1,302,0.0,0.0,0,0.0,0.0,0,17553.00,0.00,0.00,343,12.85,4.77,0.00,-20.2,4.998,4.998,4.998,4.998,230
2022-01-13 21:37:22,6.3,9.3,400,0.0,0.0,0,0.0,0.0,0,17953.00,0.00,0.00,338,12.85,4.69,0.00,-19.7,4.998,4.998,4.998,4.998,143
2022-01-13 21:38:22,5.7,8.4,382,0.0,0.0,0,0.0,0.0,0,18335.00,0.00,0.00,347,12.85,4.82,0.00,-20.2,4.998,4.998,4.998,4.998,66
2022-01-13 21:39:22,4.9,6.8,282,0.0,0.0,0,0.0,0.0,0,18617.00,0.00,0.00,333,12.85,4.63,0.00,-20.2,4.998,4.998,4.998,4.998,253
2022-01-13 21:40:22,4.3,5.0,199,0.0,0.0,0,0.0,0.0,0,18816.00,0.00,0.00,329,12.85,4.57,0.00,-20.2,4.998,4.998,4.998,4.998,22
2022-01-13 21:41:22,3.4,8.5,394,0.0,0.0,0,0.0,0.0,0,19210.00,0.00,0.00,349,12.85,4.85,0.00,-20.2,4.998,4.998,4.998,4.998,80
2022-01-13 21:42:22,3.7,5.3,219,0.0,0.0,0,0.0,0.0,0,19429.00,0.00,0.00,352,12.85,4.89,0.00,-20.2,4.998,4.998,4.998,4.998,36
2022-01-13 21:43:22,1.6,7.3,266,0.0,0.0,0,0.0,0.0,0,19695.00,0.00,0.00,0,12.85,0.00,0.00,-20.2,4.998,4.998,4.998,4.998,159
2022-01-13 21:44:22,3.1,7.9,274,0.0,0.0,0,0.0,0.0,0,19969.00,0.00,0.00,342,12.85,4.76,0.00,-19.7,4.998,4.998,4.998,4.998,205
2022-01-13 21:45:22,3.4,5.6,223,0.0,0.0,0,0.0,0.0,0,20192.00,0.00,0.00,344,12.85,4.79,0.00,-20.2,4.998,4.998,4.998,4.998,75
2022-01-13 21:46:22,3.9,5.6,179,0.0,0.0,0,0.0,0.0,0,20371.00,0.00,0.00,352,12.85,4.90,0.00,-20.2,4.998,4.998,4.998,4.998,191
2022-01-13 21:47:22,4.1,5.6,205,0.0,0.0,0,0.0,0.0,0,20576.00,0.00,0.00,359,12.85,4.99,0.00,-20.2,4.998,4.998,4.998,4.998,158
2022-01-13 21:48:22,5.3,8.4,348,0.0,0.0,0,0.0,0.0,0,20924.00,0.00,0.00,359,12.85,4.99,0.00,-20.2,4.998,4.998,4.998,4.998,8
2022-01-13 21:49:22,5.6,8.9,350,0.0,0.0,0,0.0,0.0,0,21274.00,0.00,0.00,2,12.85,0.03,0.00,-20.2,4.998,4.998,4.998,4.998,233
2022-01-13 21:50:22,4.0,7.9,282,0.0,0.0,0,0.0,0.0,0,21556.00,0.00,0.00,4,12.85,0.06,0.00,-20.7,4.998,4.998,4.998,4.998,16
2022-01-13 21:51:22,4.2,7.1,286,0.0,0.0,0,0.0,0.0,0,21842.00,0.00,0.00,323,12.85,4.49,0.00,-20.7,4.998,4.998,4.998,4.998,132
2022-01-13 21:52:22,2.7,7.2,226,0.0,0.0,0,0.0,0.0,0,22068.00,0.00,0.00,351,12.85,4.88,0.00,-20.2,4.998,4.998,4.998,4.998,218
2022-01-13 21:53:22,6.6,6.9,270,0.0,0.0,0,0.0,0.0,0,22338.00,0.00,0.00,355,12.85,4.93,0.00,-20.2,4.998,4.998,4.998,4.998,7
2022-01-13 21:54:22,3.4,7.8,341,0.0,0.0,0,0.0,0.0,0,22679.00,0.00,0.00,359,12.85,4.99,0.00,-20.2,4.998,4.998,4.998,4.998,196
2022-01-13 21:55:22,4.8,7.5,289,0.0,0.0,0,0.0,0.0,0,22968.00,0.00,0.00,358,12.85,4.98,0.00,-20.2,4.998,4.998,4.998,4.998,141
2022-01-13 21:56:22,4.8,6.9,296,0.0,0.0,0,0.0,0.0,0,23264.00,0.00,0.00,1,12.81,0.01,0.00,-20.2,4.998,4.998,4.998,4.998,243
2022-01-13 21:57:22,3.2,6.4,234,0.0,0.0,0,0.0,0.0,0,23498.00,0.00,0.00,357,12.85,4.96,0.00,-20.2,4.998,4.998,4.998,4.998,110
2022-01-13 21:58:22,7.0,9.5,413,0.0,0.0,0,0.0,0.0,0,23911.00,0.00,0.00,3,12.85,0.05,0.00,-20.2,4.998,4.998,4.998,4.998,219
2022-01-13 21:59:22,6.8,9.8,397,0.0,0.0,0,0.0,0.0,0,24308.00,0.00,0.00,351,12.81,4.87,0.00,-20.2,4.998,4.998,4.998,4.998,80
2022-01-13 22:00:22,6.6,11.6,463,0.0,0.0,0,0.0,0.0,0,24771.00,0.00,0.00,359,12.85,4.99,0.00,-19.7,4.998,4.998,4.998,4.998,66
2022-01-13 22:01:22,7.9,8.7,412,0.0,0.0,0,0.0,0.0,0,25183.00,0.00,0.00,353,12.85,4.91,0.00,-20.2,4.998,4.998,4.998,4.998,230
2022-01-13 22:02:22,8.1,9.8,472,0.0,0.0,0,0.0,0.0,0,25655.00,0.00,0.00,2,12.81,0.03,0.00,-20.2,4.998,4.998,4.998,4.998,38
2022-01-13 22:03:22,3.8,9.3,364,0.0,0.0,0,0.0,0.0,0,26019.00,0.00,0.00,348,12.81,4.83,0.00,-20.7,4.998,4.998,4.998,4.998,163
2022-01-13 22:04:22,9.5,10.7,289,0.0,0.0,0,0.0,0.0,0,26308.00,0.00,0.00,2,12.85,0.03,0.00,-20.2,4.998,4.998,4.998,4.998,19
2022-01-13 22:05:22,8.6,12.1,377,0.0,0.0,0,0.0,0.0,0,26685.00,0.00,0.00,335,12.85,4.65,0.00,-20.2,4.998,4.998,4.998,4.998,34
2022-01-13 22:06:22,4.0,8.9,245,0.0,0.0,0,0.0,0.0,0,26930.00,0.00,0.00,348,12.81,4.83,0.00,-20.2,4.998,4.998,4.998,4.998,94
2022-01-13 22:07:22,1.9,4.8,182,0.0,0.0,0,0.0,0.0,0,27112.00,0.00,0.00,358,12.81,4.98,0.00,-20.7,4.998,4.998,4.998,4.998,100
2022-01-13 22:08:22,7.3,9.6,370,0.0,0.0,0,0.0,0.0,0,27482.00,0.00,0.00,336,12.81,4.66,0.00,-20.2,4.998,4.998,4.998,4.998,205
2022-01-13 22:09:22,8.6,11.1,420,0.0,0.0,0,0.0,0.0,0,27902.00,0.00,0.00,19,12.81,0.26,0.00,-20.2,4.998,4.998,4.998,4.998,191
2022-01-13 22:10:22,7.4,9.6,462,0.0,0.0,0,0.0,0.0,0,28364.00,0.00,0.00,9,12.81,0.13,0.00,-20.2,4.998,4.998,4.998,4.998,205
2022-01-13 22:11:22,6.1,9.6,410,0.0,0.0,0,0.0,0.0,0,28774.00,0.00,0.00,350,12.85,4.86,0.00,-20.2,4.998,4.998,4.998,4.998,84
2022-01-13 22:12:22,3.8,6.7,240,0.0,0.0,0,0.0,0.0,0,29014.00,0.00,0.00,352,12.85,4.90,0.00,-20.7,4.998,4.998,4.998,4.998,225
2022-01-13 22:13:22,5.0,10.7,418,0.0,0.0,0,0.0,0.0,0,29432.00,0.00,0.00,352,12.85,4.90,0.00,-20.2,4.998,4.998,4.998,4.998,228
2022-01-13 22:14:22,6.7,8.4,359,0.0,0.0,0,0.0,0.0,0,29791.00,0.00,0.00,34,12.81,0.48,0.00,-20.2,4.998,4.998,4.998,4.998,164
2022-01-13 22:15:22,5.5,11.0,456,0.0,0.0,0,0.0,0.0,0,30247.00,0.00,0.00,351,12.85,4.88,0.00,-20.2,4.998,4.998,4.998,4.998,78
2022-01-13 22:16:22,3.7,8.1,293,0.0,0.0,0,0.0,0.0,0,30540.00,0.00,0.00,344,12.81,4.78,0.00,-20.2,4.998,4.998,4.998,4.998,203
2022-01-13 22:17:22,2.1,4.1,141,0.0,0.0,0,0.0,0.0,0,30681.00,0.00,0.00,344,12.85,4.78,0.00,-20.7,4.998,4.998,4.998,4.998,152
2022-01-13 22:18:22,4.5,6.3,237,0.0,0.0,0,0.0,0.0,0,30918.00,0.00,0.00,347,12.85,4.82,0.00,-20.7,4.998,4.998,4.998,4.998,214
2022-01-13 22:19:22,1.4,5.5,208,0.0,0.0,0,0.0,0.0,0,31126.00,0.00,0.00,322,12.81,4.47,0.00,-20.7,4.998,4.998,4.998,4.998,124
2022-01-13 22:20:22,4.0,7.5,280,0.0,0.0,0,0.0,0.0,0,31406.00,0.00,0.00,340,12.85,4.72,0.00,-20.7,4.998,4.998,4.998,4.998,150
2022-01-13 22:21:22,3.5,4.2,165,0.0,0.0,0,0.0,0.0,0,31571.00,0.00,0.00,322,12.85,4.48,0.00,-20.7,4.998,4.998,4.998,4.998,166
2022-01-13 22:22:22,2.1,7.5,181,0.0,0.0,0,0.0,0.0,0,31752.00,0.00,0.00,341,12.81,4.74,0.00,-20.7,4.998,4.998,4.998,4.998,170
2022-01-13 22:23:22,4.0,6.3,216,0.0,0.0,0,0.0,0.0,0,31968.00,0.00,0.00,322,12.81,4.47,0.00,-20.7,4.998,4.998,4.998,4.998,1
2022-01-13 22:24:22,6.7,7.5,242,0.0,0.0,0,0.0,0.0,0,32210.00,0.00,0.00,4,12.81,0.06,0.00,-20.7,4.998,4.998,4.998,4.998,128
2022-01-13 22:25:22,5.7,11.1,445,0.0,0.0,0,0.0,0.0,0,32655.00,0.00,0.00,345,12.81,4.79,0.00,-20.7,4.998,4.998,4.998,4.998,152
2022-01-13 22:26:22,2.8,7.8,254,0.0,0.0,0,0.0,0.0,0,32909.00,0.00,0.00,342,12.81,4.76,0.00,-20.7,4.998,4.998,4.998,4.998,142
2022-01-13 22:27:22,3.2,8.2,253,0.0,0.0,0,0.0,0.0,0,33162.00,0.00,0.00,351,12.81,4.87,0.00,-20.7,4.998,4.998,4.998,4.998,75
2022-01-13 22:28:22,3.9,6.7,261,0.0,0.0,0,0.0,0.0,0,33423.00,0.00,0.00,312,12.81,4.33,0.00,-20.2,4.998,4.998,4.998,4.998,129
2022-01-13 22:29:22,6.6,7.3,273,0.0,0.0,0,0.0,0.0,0,33696.00,0.00,0.00,321,12.81,4.46,0.00,-20.7,4.998,4.998,4.998,4.998,243
2022-01-13 22:30:22,7.4,12.5,392,0.0,0.0,0,0.0,0.0,0,34088.00,0.00,0.00,332,12.81,4.61,0.00,-20.7,4.998,4.998,4.998,4.998,181
2022-01-13 22:31:22,7.9,9.5,395,0.0,0.0,0,0.0,0.0,0,34483.00,0.00,0.00,341,12.81,4.73,0.00,-20.2,4.998,4.998,4.998,4.998,1
2022-01-13 22:32:22,3.1,10.9,381,0.0,0.0,0,0.0,0.0,0,34864.00,0.00,0.00,352,12.81,4.90,0.00,-20.7,4.998,4.998,4.998,4.998,150
2022-01-13 22:33:22,2.9,5.4,214,0.0,0.0,0,0.0,0.0,0,35078.00,0.00,0.00,3,12.81,0.04,0.00,-20.7,4.998,4.998,4.998,4.998,126
2022-01-13 22:34:22,3.9,9.2,255,0.0,0.0,0,0.0,0.0,0,35333.00,0.00,0.00,17,12.81,0.23,0.00,-20.7,4.998,4.998,4.998,4.998,51
2022-01-13 22:35:22,3.2,13.4,373,0.0,0.0,0,0.0,0.0,0,35706.00,0.00,0.00,330,12.81,4.59,0.00,-20.7,4.998,4.998,4.998,4.998,65
2022-01-13 22:36:22,5.7,6.3,252,0.0,0.0,0,0.0,0.0,0,35958.00,0.00,0.00,324,12.81,4.50,0.00,-20.7,4.998,4.998,4.998,4.998,188
2022-01-13 22:37:22,7.6,8.3,361,0.0,0.0,0,0.0,0.0,0,36319.00,0.00,0.00,2,12.81,0.03,0.00,-20.7,4.998,4.998,4.998,4.998,255
2022-01-13 22:38:22,5.5,9.5,459,0.0,0.0,0,0.0,0.0,0,36778.00,0.00,0.00,337,12.81,4.69,0.00,-20.7,4.998,4.998,4.998,4.998,145
2022-01-13 22:39:22,7.1,8.8,407,0.0,0.0,0,0.0,0.0,0,37185.00,0.00,0.00,3,12.81,0.04,0.00,-20.7,4.998,4.998,4.998,4.998,125
2022-01-13 22:40:22,3.6,7.4,287,0.0,0.0,0,0.0,0.0,0,37472.00,0.00,0.00,344,12.81,4.79,0.00,-20.7,4.998,4.998,4.998,4.998,105
2022-01-13 22:41:22,7.7,8.6,372,0.0,0.0,0,0.0,0.0,0,37844.00,0.00,0.00,11,12.81,0.16,0.00,-20.7,4.998,4.998,4.998,4.998,58
2022-01-13 22:42:22,4.2,8.5,330,0.0,0.0,0,0.0,0.0,0,38174.00,0.00,0.00,2,12.81,0.03,0.00,-21.1,4.998,4.998,4.998,4.998,224
2022-01-13 22:43:22,5.4,9.2,371,0.0,0.0,0,0.0,0.0,0,38545.00,0.00,0.00,3,12.81,0.05,0.00,-20.7,4.998,4.998,4.998,4.998,112
2022-01-13 22:44:22,3.8,7.4,309,0.0,0.0,0,0.0,0.0,0,38854.00,0.00,0.00,355,12.81,4.93,0.00,-20.7,4.998,4.998,4.998,4.998,110
2022-01-13 22:45:22,4.4,7.5,226,0.0,0.0,0,0.0,0.0,0,39080.00,0.00,0.00,359,12.81,4.99,0.00,-20.7,4.998,4.998,4.998,4.998,33
2022-01-13 22:46:22,5.0,5.4,205,0.0,0.0,0,0.0,0.0,0,39285.00,0.00,0.00,3,12.81,0.04,0.00,-20.7,4.998,4.998,4.998,4.998,123
2022-01-13 22:47:22,3.8,12.6,408,0.0,0.0,0,0.0,0.0,0,39693.00,0.00,0.00,359,12.81,4.99,0.00,-20.7,4.998,4.998,4.998,4.998,101
2022-01-13 22:48:22,6.7,7.0,237,0.0,0.0,0,0.0,0.0,0,39930.00,0.00,0.00,359,12.81,4.99,0.00,-20.7,4.998,4.998,4.998,4.998,37
2022-01-13 22:49:22,4.0,9.5,319,0.0,0.0,0,0.0,0.0,0,40249.00,0.00,0.00,3,12.81,0.04,0.00,-20.7,4.998,4.998,4.998,4.998,11
2022-01-13 22:50:22,5.9,8.0,270,0.0,0.0,0,0.0,0.0,0,40519.00,0.00,0.00,6,12.81,0.09,0.00,-21.1,4.998,4.998,4.998,4.998,222
2022-01-13 22:51:22,3.2,8.2,249,0.0,0.0,0,0.0,0.0,0,40768.00,0.00,0.00,349,12.81,4.85,0.00,-20.7,4.998,4.998,4.998,4.998,219
2022-01-13 22:52:22,5.3,7.2,261,0.0,0.0,0,0.0,0.0,0,41029.00,0.00,0.00,7,12.81,0.09,0.00,-20.7,4.998,4.998,4.998,4.998,193
2022-01-13 22:53:22,2.6,5.9,185,0.0,0.0,0,0.0,0.0,0,41214.00,0.00,0.00,357,12.81,4.97,0.00,-21.1,4.998,4.998,4.998,4.998,163
2022-01-13 22:54:22,3.9,6.1,228,0.0,0.0,0,0.0,0.0,0,41442.00,0.00,0.00,359,12.81,4.99,0.00,-21.1,4.998,4.998,4.998,4.998,96
2022-01-13 22:55:22,4.8,7.8,343,0.0,0.0,0,0.0,0.0,0,41785.00,0.00,0.00,352,12.81,4.89,0.00,-20.7,4.998,4.998,4.998,4.998,245
2022-01-13 22:56:22,5.6,8.0,350,0.0,0.0,0,0.0,0.0,0,42135.00,0.00,0.00,336,12.81,4.67,0.00,-21.1,4.998,4.998,4.998,4.998,236
2022-01-13 22:57:22,2.9,5.2,217,0.0,0.0,0,0.0,0.0,0,42352.00,0.00,0.00,359,12.81,4.99,0.00,-21.1,4.998,4.998,4.998,4.998,35
2022-01-13 22:58:22,3.8,11.2,420,0.0,0.0,0,0.0,0.0,0,42772.00,0.00,0.00,0,12.77,0.00,0.00,-20.7,4.998,4.998,4.998,4.998,170
2022-01-13 22:59:22,5.2,5.7,217,0.0,0.0,0,0.0,0.0,0,42989.00,0.00,0.00,338,12.81,4.70,0.00,-20.7,4.998,4.998,4.998,4.998,193
2022-01-13 23:00:22,5.7,6.7,214,0.0,0.0,0,0.0,0.0,0,43203.00,0.00,0.00,2,12.81,0.03,0.00,-21.1,4.998,4.998,4.998,4.998,202
2022-01-13 23:01:22,5.1,7.1,316,0.0,0.0,0,0.0,0.0,0,43519.00,0.00,0.00,333,12.81,4.63,0.00,-21.1,4.998,4.998,4.998,4.998,252
2022-01-13 23:02:22,2.9,4.8,184,0.0,0.0,0,0.0,0.0,0,43703.00,0.00,0.00,318,12.77,4.42,0.00,-21.1,4.998,4.998,4.998,4.998,116
2022-01-13 23:03:22,6.7,6.7,260,0.0,0.0,0,0.0,0.0,0,43963.00,0.00,0.00,353,12.81,4.91,0.00,-20.7,4.998,4.998,4.998,4.998,50
2022-01-13 23:04:22,4.5,9.1,360,0.0,0.0,0,0.0,0.0,0,44323.00,0.00,0.00,334,12.81,4.64,0.00,-20.7,4.998,4.998,4.998,4.998,60
2022-01-13 23:05:22,8.5,9.3,293,0.0,0.0,0,0.0,0.0,0,44616.00,0.00,0.00,3,12.81,0.05,0.00,-21.1,4.998,4.998,4.998,4.998,242
2022-01-13 23:06:22,5.6,8.9,378,0.0,0.0,0,0.0,0.0,0,44994.00,0.00,0.00,349,12.81,4.84,0.00,-21.1,4.998,4.998,4.998,4.998,221
2022-01-13 23:07:22,7.1,9.4,332,0.0,0.0,0,0.0,0.0,0,45326.00,0.00,0.00,359,12.81,4.99,0.00,-21.1,4.998,4.998,4.998,4.998,68
2022-01-13 23:08:22,8.3,12.0,446,0.0,0.0,0,0.0,0.0,0,45772.00,0.00,0.00,333,12.77,4.62,0.00,-21.1,4.998,4.998,4.998,4.998,184
2022-01-13 23:09:22,6.1,14.4,453,0.0,0.0,0,0.0,0.0,0,46225.00,0.00,0.00,351,12.81,4.88,0.00,-20.7,4.998,4.998,4.998,4.998,145
2022-01-13 23:10:22,4.6,9.9,431,0.0,0.0,0,0.0,0.0,0,46656.00,0.00,0.00,1,12.81,0.01,0.00,-20.7,4.998,4.998,4.998,4.998,90
2022-01-13 23:11:22,4.7,9.3,305,0.0,0.0,0,0.0,0.0,0,46961.00,0.00,0.00,350,12.81,4.87,0.00,-21.1,4.998,4.998,4.998,4.998,208
2022-01-13 23:12:22,2.8,10.0,424,0.0,0.0,0,0.0,0.0,0,47385.00,0.00,0.00,356,12.81,4.94,0.00,-21.1,4.998,4.998,4.998,4.998,191
2022-01-13 23:13:22,2.9,5.5,186,0.0,0.0,0,0.0,0.0,0,47571.00,0.00,0.00,359,12.77,4.99,0.00,-21.1,4.998,4.998,4.998,4.998,37
2022-01-13 23:14:22,1.2,3.8,126,0.0,0.0,0,0.0,0.0,0,47697.00,0.00,0.00,351,12.81,4.88,0.00,-21.1,4.998,4.998,4.998,4.998,123
2022-01-13 23:15:22,3.9,6.8,177,0.0,0.0,0,0.0,0.0,0,47874.00,0.00,0.00,0,12.81,0.00,0.00,-21.1,4.998,4.998,4.998,4.998,178
2022-01-13 23:16:22,4.8,7.1,285,0.0,0.0,0,0.0,0.0,0,48159.00,0.00,0.00,347,12.81,4.82,0.00,-21.1,4.998,4.998,4.998,4.998,244
2022-01-13 23:17:22,4.4,8.5,340,0.0,0.0,0,0.0,0.0,0,48499.00,0.00,0.00,359,12.81,4.99,0.00,-21.1,4.998,4.998,4.998,4.998,240
2022-01-13 23:18:22,2.0,7.4,265,0.0,0.0,0,0.0,0.0,0,48764.00,0.00,0.00,359,12.77,4.99,0.00,-21.1,4.998,4.998,4.998,4.998,73
2022-01-13 23:19:22,4.0,6.1,233,0.0,0.0,0,0.0,0.0,0,48997.00,0.00,0.00,0,12.81,0.00,0.00,-21.6,4.998,4.998,4.998,4.998,235
2022-01-13 23:20:22,2.9,6.8,235,0.0,0.0,0,0.0,0.0,0,49232.00,0.00,0.00,343,12.81,4.76,0.00,-21.1,4.998,4.998,4.998,4.998,113
2022-01-13 23:21:22,4.5,7.6,308,0.0,0.0,0,0.0,0.0,0,49540.00,0.00,0.00,359,12.81,4.99,0.00,-21.1,4.998,4.998,4.998,4.998,33
2022-01-13 23:22:22,2.7,7.1,281,0.0,0.0,0,0.0,0.0,0,49821.00,0.00,0.00,359,12.77,4.99,0.00,-21.1,4.998,4.998,4.998,4.998,96
2022-01-13 23:23:22,4.2,5.6,205,0.0,0.0,0,0.0,0.0,0,50026.00,0.00,0.00,2,12.77,0.03,0.00,-21.1,4.998,4.998,4.998,4.998,159
2022-01-13 23:24:22,3.9,6.2,222,0.0,0.0,0,0.0,0.0,0,50248.00,0.00,0.00,4,12.77,0.06,0.00,-21.1,4.998,4.998,4.998,4.998,197
2022-01-13 23:25:22,3.8,8.3,317,0.0,0.0,0,0.0,0.0,0,50565.00,0.00,0.00,346,12.77,4.81,0.00,-21.6,4.998,4.998,4.998,4.998,165
2022-01-13 23:26:22,6.3,12.4,488,0.0,0.0,0,0.0,0.0,0,51053.00,0.00,0.00,359,12.81,4.99,0.00,-21.1,4.998,4.998,4.998,4.998,73
2022-01-13 23:27:22,3.4,6.4,181,0.0,0.0,0,0.0,0.0,0,51234.00,0.00,0.00,8,12.81,0.11,0.00,-21.6,4.998,4.998,4.998,4.998,18
2022-01-13 23:28:22,4.1,8.9,345,0.0,0.0,0,0.0,0.0,0,51579.00,0.00,0.00,3,12.77,0.05,0.00,-21.1,4.998,4.998,4.998,4.998,71
2022-01-13 23:29:22,4.3,7.8,296,0.0,0.0,0,0.0,0.0,0,51875.00,0.00,0.00,352,12.77,4.89,0.00,-21.1,4.998,4.998,4.998,4.998,52
2022-01-13 23:30:22,4.4,10.5,400,0.0,0.0,0,0.0,0.0,0,52275.00,0.00,0.00,0,12.77,0.00,0.00,-21.1,4.998,4.998,4.998,4.998,208
2022-01-13 23:31:22,6.7,8.0,219,0.0,0.0,0,0.0,0.0,0,52494.00,0.00,0.00,339,12.77,4.72,0.00,-21.6,4.998,4.998,4.998,4.998,232
2022-01-13 23:32:22,2.6,7.5,298,0.0,0.0,0,0.0,0.0,0,52792.00,0.00,0.00,6,12.81,0.08,0.00,-21.1,4.998,4.998,4.998,4.998,162
2022-01-13 23:33:22,5.1,6.5,234,0.0,0.0,0,0.0,0.0,0,53026.00,0.00,0.00,7,12.77,0.09,0.00,-21.1,4.998,4.998,4.998,4.998,76
2022-01-13 23:34:22,6.2,9.7,341,0.0,0.0,0,0.0,0.0,0,53367.00,0.00,0.00,359,12.77,4.99,0.00,-21.1,4.998,4.998,4.998,4.998,217
2022-01-13 23:35:22,6.2,9.4,339,0.0,0.0,0,0.0,0.0,0,53706.00,0.00,0.00,324,12.77,4.50,0.00,-21.6,4.998,4.998,4.998,4.998,115
2022-01-13 23:36:22,7.3,7.8,276,0.0,0.0,0,0.0,0.0,0,53982.00,0.00,0.00,10,12.77,0.14,0.00,-21.6,4.998,4.998,4.998,4.998,84
2022-01-13 23:37:22,5.3,9.6,396,0.0,0.0,0,0.0,0.0,0,54378.00,0.00,0.00,0,12.77,0.00,0.00,-21.6,4.998,4.998,4.998,4.998,124
2022-01-13 23:38:22,3.3,7.4,328,0.0,0.0,0,0.0,0.0,0,54706.00,0.00,0.00,357,12.81,4.97,0.00,-21.1,4.998,4.998,4.998,4.998,252
2022-01-13 23:39:22,1.4,9.7,292,0.0,0.0,0,0.0,0.0,0,54998.00,0.00,0.00,316,12.77,4.38,0.00,-21.6,4.998,4.998,4.998,4.998,174
2022-01-13 23:40:22,5.0,5.6,223,0.0,0.0,0,0.0,0.0,0,55221.00,0.00,0.00,350,12.81,4.86,0.00,-21.6,4.998,4.998,4.998,4.998,148
2022-01-13 23:41:22,4.2,9.4,307,0.0,0.0,0,0.0,0.0,0,55528.00,0.00,0.00,0,12.77,0.00,0.00,-21.6,4.998,4.998,4.998,4.998,208
2022-01-13 23:42:22,4.9,5.6,185,0.0,0.0,0,0.0,0.0,0,55713.00,0.00,0.00,342,12.77,4.76,0.00,-21.6,4.998,4.998,4.998,4.998,12
2022-01-13 23:43:22,9.3,9.9,243,0.0,0.0,0,0.0,0.0,0,55956.00,0.00,0.00,21,12.77,0.29,0.00,-21.6,4.998,4.998,4.998,4.998,11
2022-01-13 23:44:22,4.9,10.8,308,0.0,0.0,0,0.0,0.0,0,56264.00,0.00,0.00,339,12.77,4.71,0.00,-21.1,4.998,4.998,4.998,4.998,196
2022-01-13 23:45:22,4.5,6.8,295,0.0,0.0,0,0.0,0.0,0,56559.00,0.00,0.00,3,12.77,0.04,0.00,-21.6,4.998,4.998,4.998,4.998,177
2022-01-13 23:46:22,4.8,5.5,217,0.0,0.0,0,0.0,0.0,0,56776.00,0.00,0.00,4,12.77,0.06,0.00,-21.6,4.998,4.998,4.998,4.998,3
2022-01-13 23:47:22,5.7,9.1,406,0.0,0.0,0,0.0,0.0,0,57182.00,0.00,0.00,357,12.77,4.96,0.00,-21.1,4.998,4.998,4.998,4.998,26
2022-01-13 23:48:22,8.7,8.7,401,0.0,0.0,0,0.0,0.0,0,57583.00,0.00,0.00,6,12.77,0.08,0.00,-21.6,4.998,4.998,4.998,4.998,66
2022-01-13 23:49:22,6.3,8.4,381,0.0,0.0,0,0.0,0.0,0,57964.00,0.00,0.00,10,12.77,0.15,0.00,-21.1,4.998,4.998,4.998,4.998,79
2022-01-13 23:50:22,5.4,9.3,423,0.0,0.0,0,0.0,0.0,0,58387.00,0.00,0.00,0,12.77,0.00,0.00,-21.1,4.998,4.998,4.998,4.998,116
2022-01-13 23:51:22,5.1,6.4,269,0.0,0.0,0,0.0,0.0,0,58656.00,0.00,0.00,5,12.77,0.07,0.00,-21.6,4.998,4.998,4.998,4.998,67
2022-01-13 23:52:22,4.2,7.9,302,0.0,0.0,0,0.0,0.0,0,58958.00,0.00,0.00,0,12.81,0.00,0.00,-21.6,4.998,4.998,4.998,4.998,95
2022-01-13 23:53:22,2.7,6.0,228,0.0,0.0,0,0.0,0.0,0,59186.00,0.00,0.00,349,12.77,4.84,0.00,-21.6,4.998,4.998,4.998,4.998,221
2022-01-13 23:54:22,1.3,3.5,87,0.0,0.0,0,0.0,0.0,0,59273.00,0.00,0.00,349,12.77,4.84,0.00,-21.6,4.998,4.998,4.998,4.998,217
2022-01-13 23:55:22,2.9,8.4,242,0.0,0.0,0,0.0,0.0,0,59515.00,0.00,0.00,342,12.77,4.76,0.00,-21.6,4.998,4.998,4.998,4.998,219
2022-01-13 23:56:22,3.2,9.3,313,0.0,0.0,0,0.0,0.0,0,59828.00,0.00,0.00,3,12.77,0.04,0.00,-21.6,4.998,4.998,4.998,4.998,91
2022-01-13 23:57:22,6.7,10.3,419,0.0,0.0,0,0.0,0.0,0,60247.00,0.00,0.00,359,12.77,4.99,0.00,-21.6,4.998,4.998,4.998,4.998,12
2022-01-13 23:58:22,6.2,9.6,389,0.0,0.0,0,0.0,0.0,0,60636.00,0.00,0.00,331,12.77,4.60,0.00,-21.6,4.998,4.998,4.998,4.998,30
2022-01-13 23:59:22,5.8,8.7,369,0.0,0.0,0,0.0,0.0,0,61005.00,0.00,0.00,9,12.77,0.12,0.00,-21.6,4.998,4.998,4.998,4.998,233
