2022-03-05 00:00:22,2.0,2.9,105,0.0,0.0,0,0.0,0.0,0,105.00,0.00,0.00,26,12.89,0.36,0.00,-0.6,4.998,4.998,4.998,4.998,201
2022-03-05 00:01:22,2.9,4.3,149,0.0,0.0,0,0.0,0.0,0,254.00,0.00,0.00,26,12.92,0.36,0.00,-0.6,4.998,4.998,4.998,4.998,185
2022-03-05 00:02:22,2.9,4.4,180,0.0,0.0,0,0.0,0.0,0,434.00,0.00,0.00,26,12.89,0.36,0.00,-0.6,4.998,4.998,4.998,4.998,83
2022-03-05 00:03:22,2.3,2.8,91,0.0,0.0,0,0.0,0.0,0,525.00,0.00,0.00,26,12.89,0.36,0.00,-1.1,4.998,4.998,4.998,4.998,254
2022-03-05 00:04:22,2.8,3.2,108,0.0,0.0,0,0.0,0.0,0,633.00,0.00,0.00,27,12.89,0.37,0.00,-1.1,4.998,4.998,4.998,4.998,106
2022-03-05 00:05:22,2.5,5.0,186,0.0,0.0,0,0.0,0.0,0,819.00,0.00,0.00,60,12.89,0.83,0.00,-1.1,4.998,4.998,4.998,4.998,32
2022-03-05 00:06:22,2.8,3.9,162,0.0,0.0,0,0.0,0.0,0,981.00,0.00,0.00,66,12.92,0.92,0.00,-1.1,4.998,4.998,4.998,4.998,129
2022-03-05 00:07:22,4.1,4.7,205,0.0,0.0,0,0.0,0.0,0,1186.00,0.00,0.00,82,12.92,1.14,0.00,-1.6,4.998,4.998,4.998,4.998,24
2022-03-05 00:08:22,3.8,4.4,214,0.0,0.0,0,0.0,0.0,0,1400.00,0.00,0.00,83,12.92,1.15,0.00,-1.1,4.998,4.998,4.998,4.998,203
2022-03-05 00:09:22,3.5,4.4,221,0.0,0.0,0,0.0,0.0,0,1621.00,0.00,0.00,85,12.89,1.19,0.00,-0.6,4.998,4.998,4.998,4.998,189
2022-03-05 00:10:22,3.5,3.7,163,0.0,0.0,0,0.0,0.0,0,1784.00,0.00,0.00,85,12.89,1.18,0.00,-1.1,4.998,4.998,4.998,4.998,183
2022-03-05 00:11:22,4.0,4.4,192,0.0,0.0,0,0.0,0.0,0,1976.00,0.00,0.00,83,12.89,1.16,0.00,-1.1,4.998,4.998,4.998,4.998,239
2022-03-05 00:12:22,4.3,4.4,196,0.0,0.0,0,0.0,0.0,0,2172.00,0.00,0.00,73,12.89,1.02,0.00,-1.1,4.998,4.998,4.998,4.998,189
2022-03-05 00:13:22,4.1,5.0,226,0.0,0.0,0,0.0,0.0,0,2398.00,0.00,0.00,66,12.92,0.91,0.00,-0.6,4.998,4.998,4.998,4.998,217
2022-03-05 00:14:22,4.4,5.0,270,0.0,0.0,0,0.0,0.0,0,2668.00,0.00,0.00,66,12.89,0.91,0.00,-1.1,4.998,4.998,4.998,4.998,212
2022-03-05 00:15:22,5.0,5.6,291,0.0,0.0,0,0.0,0.0,0,2959.00,0.00,0.00,41,12.89,0.57,0.00,-1.1,4.998,4.998,4.998,4.998,209
2022-03-05 00:16:22,3.7,5.8,257,0.0,0.0,0,0.0,0.0,0,3216.00,0.00,0.00,33,12.89,0.46,0.00,-1.1,4.998,4.998,4.998,4.998,193
2022-03-05 00:17:22,4.3,4.9,228,0.0,0.0,0,0.0,0.0,0,3444.00,0.00,0.00,33,12.92,0.46,0.00,-1.1,4.998,4.998,4.998,4.998,114
2022-03-05 00:18:22,3.5,5.0,214,0.0,0.0,0,0.0,0.0,0,3658.00,0.00,0.00,33,12.89,0.46,0.00,-1.1,4.998,4.998,4.998,4.998,48
2022-03-05 00:19:22,3.3,4.5,179,0.0,0.0,0,0.0,0.0,0,3837.00,0.00,0.00,33,12.89,0.46,0.00,-1.6,4.998,4.998,4.998,4.998,167
2022-03-05 00:20:22,2.7,3.7,169,0.0,0.0,0,0.0,0.0,0,4006.00,0.00,0.00,33,12.89,0.46,0.00,-1.1,4.998,4.998,4.998,4.998,228
2022-03-05 00:21:22,0.0,2.7,34,0.0,0.0,0,0.0,0.0,0,4040.00,0.00,0.00,33,12.89,0.46,0.00,-1.1,4.998,4.998,4.998,4.998,182
2022-03-05 00:22:22,1.7,3.0,71,0.0,0.0,0,0.0,0.0,0,4111.00,0.00,0.00,33,12.89,0.46,0.00,-1.1,4.998,4.998,4.998,4.998,63
2022-03-05 00:23:22,2.1,2.7,81,0.0,0.0,0,0.0,0.0,0,4192.00,0.00,0.00,33,12.89,0.46,0.00,-1.1,4.998,4.998,4.998,4.998,36
2022-03-05 00:24:22,1.8,3.1,102,0.0,0.0,0,0.0,0.0,0,4294.00,0.00,0.00,33,12.89,0.46,0.00,-1.1,4.998,4.998,4.998,4.998,72
2022-03-05 00:25:22,4.4,5.9,214,0.0,0.0,0,0.0,0.0,0,4508.00,0.00,0.00,69,12.89,0.96,0.00,-1.1,4.998,4.998,4.998,4.998,186
2022-03-05 00:26:22,4.3,5.5,254,0.0,0.0,0,0.0,0.0,0,4762.00,0.00,0.00,71,12.89,0.98,0.00,-0.6,4.998,4.998,4.998,4.998,248
2022-03-05 00:27:22,5.4,5.5,258,0.0,0.0,0,0.0,0.0,0,5020.00,0.00,0.00,69,12.89,0.96,0.00,-0.6,4.998,4.998,4.998,4.998,155
2022-03-05 00:28:22,6.1,7.3,341,0.0,0.0,0,0.0,0.0,0,5361.00,0.00,0.00,72,12.92,1.00,0.00,-0.6,4.998,4.998,4.998,4.998,230
2022-03-05 00:29:22,4.7,6.9,346,0.0,0.0,0,0.0,0.0,0,5707.00,0.00,0.00,56,12.89,0.79,0.00,-0.6,4.998,4.998,4.998,4.998,197
2022-03-05 00:30:22,5.4,7.4,255,0.0,0.0,0,0.0,0.0,0,5962.00,0.00,0.00,74,12.89,1.03,0.00,-1.1,4.998,4.998,4.998,4.998,253
2022-03-05 00:31:22,5.0,6.0,304,0.0,0.0,0,0.0,0.0,0,6266.00,0.00,0.00,64,12.89,0.89,0.00,-0.6,4.998,4.998,4.998,4.998,228
2022-03-05 00:32:22,4.2,5.7,258,0.0,0.0,0,0.0,0.0,0,6524.00,0.00,0.00,64,12.89,0.89,0.00,-1.1,4.998,4.998,4.998,4.998,56
2022-03-05 00:33:22,4.0,5.4,247,0.0,0.0,0,0.0,0.0,0,6771.00,0.00,0.00,64,12.89,0.89,0.00,-1.1,4.998,4.998,4.998,4.998,104
2022-03-05 00:34:22,4.5,7.2,302,0.0,0.0,0,0.0,0.0,0,7073.00,0.00,0.00,51,12.89,0.71,0.00,-1.1,4.998,4.998,4.998,4.998,233
2022-03-05 00:35:22,5.5,5.5,263,0.0,0.0,0,0.0,0.0,0,7336.00,0.00,0.00,65,12.89,0.91,0.00,-0.6,4.998,4.998,4.998,4.998,15
2022-03-05 00:36:22,3.7,6.2,289,0.0,0.0,0,0.0,0.0,0,7625.00,0.00,0.00,58,12.89,0.81,0.00,-0.6,4.998,4.998,4.998,4.998,17
2022-03-05 00:37:22,3.8,4.9,215,0.0,0.0,0,0.0,0.0,0,7840.00,0.00,0.00,59,12.89,0.82,0.00,-1.1,4.998,4.998,4.998,4.998,203
2022-03-05 00:38:22,3.3,3.9,179,0.0,0.0,0,0.0,0.0,0,8019.00,0.00,0.00,59,12.89,0.82,0.00,-1.1,4.998,4.998,4.998,4.998,231
2022-03-05 00:39:22,3.9,4.8,220,0.0,0.0,0,0.0,0.0,0,8239.00,0.00,0.00,69,12.89,0.97,0.00,-1.1,4.998,4.998,4.998,4.998,180
2022-03-05 00:40:22,3.7,4.2,204,0.0,0.0,0,0.0,0.0,0,8443.00,0.00,0.00,69,12.89,0.97,0.00,-1.1,4.998,4.998,4.998,4.998,55
2022-03-05 00:41:22,3.0,3.8,169,0.0,0.0,0,0.0,0.0,0,8612.00,0.00,0.00,69,12.89,0.97,0.00,-0.6,4.998,4.998,4.998,4.998,50
2022-03-05 00:42:22,2.5,3.1,119,0.0,0.0,0,0.0,0.0,0,8731.00,0.00,0.00,69,12.89,0.97,0.00,-1.1,4.998,4.998,4.998,4.998,110
2022-03-05 00:43:22,2.2,2.7,117,0.0,0.0,0,0.0,0.0,0,8848.00,0.00,0.00,69,12.89,0.97,0.00,-1.1,4.998,4.998,4.998,4.998,150
2022-03-05 00:44:22,2.5,3.0,133,0.0,0.0,0,0.0,0.0,0,8981.00,0.00,0.00,69,12.89,0.97,0.00,-1.1,4.998,4.998,4.998,4.998,164
2022-03-05 00:45:22,1.9,2.6,100,0.0,0.0,0,0.0,0.0,0,9081.00,0.00,0.00,69,12.89,0.97,0.00,-1.1,4.998,4.998,4.998,4.998,114
2022-03-05 00:46:22,0.0,2.2,47,0.0,0.0,0,0.0,0.0,0,9128.00,0.00,0.00,69,12.89,0.97,0.00,-0.6,4.998,4.998,4.998,4.998,243
2022-03-05 00:47:22,2.1,2.4,43,0.0,0.0,0,0.0,0.0,0,9171.00,0.00,0.00,69,12.89,0.97,0.00,-0.6,4.998,4.998,4.998,4.998,160
2022-03-05 00:48:22,3.1,3.4,151,0.0,0.0,0,0.0,0.0,0,9322.00,0.00,0.00,69,12.89,0.97,0.00,-0.6,4.998,4.998,4.998,4.998,119
2022-03-05 00:49:22,3.4,3.4,158,0.0,0.0,0,0.0,0.0,0,9480.00,0.00,0.00,69,12.89,0.97,0.00,-1.1,4.998,4.998,4.998,4.998,211
2022-03-05 00:50:22,2.7,3.4,160,0.0,0.0,0,0.0,0.0,0,9640.00,0.00,0.00,69,12.89,0.96,0.00,-0.6,4.998,4.998,4.998,4.998,147
2022-03-05 00:51:22,2.4,3.3,149,0.0,0.0,0,0.0,0.0,0,9789.00,0.00,0.00,69,12.89,0.97,0.00,-1.1,4.998,4.998,4.998,4.998,109
2022-03-05 00:52:22,2.6,3.2,142,0.0,0.0,0,0.0,0.0,0,9931.00,0.00,0.00,69,12.89,0.96,0.00,-1.1,4.998,4.998,4.998,4.998,54
2022-03-05 00:53:22,3.0,3.5,152,0.0,0.0,0,0.0,0.0,0,10083.00,0.00,0.00,68,12.89,0.95,0.00,-0.6,4.998,4.998,4.998,4.998,215
2022-03-05 00:54:22,2.0,3.3,144,0.0,0.0,0,0.0,0.0,0,10227.00,0.00,0.00,68,12.89,0.95,0.00,-0.6,4.998,4.998,4.998,4.998,69
2022-03-05 00:55:22,1.5,3.0,109,0.0,0.0,0,0.0,0.0,0,10336.00,0.00,0.00,68,12.89,0.95,0.00,-0.6,4.998,4.998,4.998,4.998,49
2022-03-05 00:56:22,2.5,2.9,86,0.0,0.0,0,0.0,0.0,0,10422.00,0.00,0.00,68,12.85,0.95,0.00,-0.6,4.998,4.998,4.998,4.998,110
2022-03-05 00:57:22,1.6,3.1,118,0.0,0.0,0,0.0,0.0,0,10540.00,0.00,0.00,68,12.89,0.95,0.00,-0.6,4.998,4.998,4.998,4.998,46
2022-03-05 00:58:22,2.3,2.3,74,0.0,0.0,0,0.0,0.0,0,10614.00,0.00,0.00,68,12.89,0.95,0.00,-0.6,4.998,4.998,4.998,4.998,53
2022-03-05 00:59:22,1.8,2.6,93,0.0,0.0,0,0.0,0.0,0,10707.00,0.00,0.00,68,12.89,0.95,0.00,-0.6,4.998,4.998,4.998,4.998,180
2022-03-05 01:00:22,2.8,3.3,110,0.0,0.0,0,0.0,0.0,0,10817.00,0.00,0.00,12,12.89,0.17,0.00,-0.6,4.998,4.998,4.998,4.998,92
2022-03-05 01:01:22,2.7,3.1,138,0.0,0.0,0,0.0,0.0,0,10955.00,0.00,0.00,13,12.89,0.18,0.00,-0.6,4.998,4.998,4.998,4.998,92
2022-03-05 01:02:22,2.3,2.9,119,0.0,0.0,0,0.0,0.0,0,11074.00,0.00,0.00,12,12.85,0.17,0.00,-0.6,4.998,4.998,4.998,4.998,21
2022-03-05 01:03:22,1.9,2.7,100,0.0,0.0,0,0.0,0.0,0,11174.00,0.00,0.00,12,12.85,0.17,0.00,-0.6,4.998,4.998,4.998,4.998,52
2022-03-05 01:04:22,1.9,2.7,89,0.0,0.0,0,0.0,0.0,0,11263.00,0.00,0.00,12,12.89,0.17,0.00,-0.6,4.998,4.998,4.998,4.998,221
2022-03-05 01:05:22,1.8,2.0,64,0.0,0.0,0,0.0,0.0,0,11327.00,0.00,0.00,12,12.89,0.17,0.00,-0.6,4.998,4.998,4.998,4.998,20
2022-03-05 01:06:22,0.0,2.1,39,0.0,0.0,0,0.0,0.0,0,11366.00,0.00,0.00,12,12.89,0.17,0.00,-0.6,4.998,4.998,4.998,4.998,5
2022-03-05 01:07:22,2.0,2.2,39,0.0,0.0,0,0.0,0.0,0,11405.00,0.00,0.00,12,12.89,0.17,0.00,-0.6,4.998,4.998,4.998,4.998,151
2022-03-05 01:08:22,1.0,2.6,79,0.0,0.0,0,0.0,0.0,0,11484.00,0.00,0.00,12,12.89,0.17,0.00,-0.6,4.998,4.998,4.998,4.998,82
2022-03-05 01:09:22,2.1,3.0,90,0.0,0.0,0,0.0,0.0,0,11574.00,0.00,0.00,12,12.89,0.17,0.00,-1.1,4.998,4.998,4.998,4.998,66
2022-03-05 01:10:22,3.6,4.4,141,0.0,0.0,0,0.0,0.0,0,11715.00,0.00,0.00,12,12.89,0.17,0.00,-1.1,4.998,4.998,4.998,4.998,85
2022-03-05 01:11:22,3.9,4.7,207,0.0,0.0,0,0.0,0.0,0,11922.00,0.00,0.00,5,12.89,0.07,0.00,-1.1,4.998,4.998,4.998,4.998,84
2022-03-05 01:12:22,3.7,4.5,200,0.0,0.0,0,0.0,0.0,0,12122.00,0.00,0.00,7,12.89,0.09,0.00,-0.6,4.998,4.998,4.998,4.998,254
2022-03-05 01:13:22,2.2,3.6,118,0.0,0.0,0,0.0,0.0,0,12240.00,0.00,0.00,7,12.89,0.10,0.00,-0.6,4.998,4.998,4.998,4.998,36
2022-03-05 01:14:22,1.6,2.9,91,0.0,0.0,0,0.0,0.0,0,12331.00,0.00,0.00,6,12.89,0.09,0.00,-0.6,4.998,4.998,4.998,4.998,249
2022-03-05 01:15:22,2.8,3.4,130,0.0,0.0,0,0.0,0.0,0,12461.00,0.00,0.00,359,12.85,4.99,0.00,-0.6,4.998,4.998,4.998,4.998,24
2022-03-05 01:16:22,2.6,3.2,113,0.0,0.0,0,0.0,0.0,0,12574.00,0.00,0.00,358,12.89,4.98,0.00,-1.1,4.998,4.998,4.998,4.998,68
2022-03-05 01:17:22,3.7,4.3,149,0.0,0.0,0,0.0,0.0,0,12723.00,0.00,0.00,359,12.89,4.99,0.00,-0.6,4.998,4.998,4.998,4.998,174
2022-03-05 01:18:22,2.3,3.9,141,0.0,0.0,0,0.0,0.0,0,12864.00,0.00,0.00,359,12.89,4.99,0.00,-0.6,4.998,4.998,4.998,4.998,19
2022-03-05 01:19:22,2.5,3.4,143,0.0,0.0,0,0.0,0.0,0,13007.00,0.00,0.00,359,12.89,4.99,0.00,-0.6,4.998,4.998,4.998,4.998,240
2022-03-05 01:20:22,2.5,4.0,131,0.0,0.0,0,0.0,0.0,0,13138.00,0.00,0.00,359,12.89,4.99,0.00,-0.6,4.998,4.998,4.998,4.998,56
2022-03-05 01:21:22,3.1,5.3,155,0.0,0.0,0,0.0,0.0,0,13293.00,0.00,0.00,8,12.89,0.11,0.00,-1.1,4.998,4.998,4.998,4.998,248
2022-03-05 01:22:22,4.5,4.5,139,0.0,0.0,0,0.0,0.0,0,13432.00,0.00,0.00,7,12.89,0.10,0.00,0.2,4.998,4.998,4.998,4.998,70
2022-03-05 01:23:22,1.5,5.3,190,0.0,0.0,0,0.0,0.0,0,13622.00,0.00,0.00,11,12.89,0.16,0.00,-0.6,4.998,4.998,4.998,4.998,254
2022-03-05 01:24:22,1.8,4.2,149,0.0,0.0,0,0.0,0.0,0,13771.00,0.00,0.00,11,12.89,0.16,0.00,-0.6,4.998,4.998,4.998,4.998,98
2022-03-05 01:25:22,5.0,5.1,129,0.0,0.0,0,0.0,0.0,0,13900.00,0.00,0.00,12,12.89,0.17,0.00,-1.1,4.998,4.998,4.998,4.998,61
2022-03-05 01:26:22,3.3,5.0,186,0.0,0.0,0,0.0,0.0,0,14086.00,0.00,0.00,10,12.89,0.15,0.00,-1.1,4.998,4.998,4.998,4.998,23
2022-03-05 01:27:22,3.5,3.7,120,0.0,0.0,0,0.0,0.0,0,14206.00,0.00,0.00,10,12.89,0.15,0.00,-0.6,4.998,4.998,4.998,4.998,36
2022-03-05 01:28:22,3.4,5.2,220,0.0,0.0,0,0.0,0.0,0,14426.00,0.00,0.00,359,12.89,4.99,0.00,-0.6,4.998,4.998,4.998,4.998,64
2022-03-05 01:29:22,3.0,3.5,145,0.0,0.0,0,0.0,0.0,0,14571.00,0.00,0.00,359,12.89,4.99,0.00,-0.6,4.998,4.998,4.998,4.998,0
2022-03-05 01:30:22,2.5,3.6,131,0.0,0.0,0,0.0,0.0,0,14702.00,0.00,0.00,357,12.89,4.97,0.00,-0.6,4.998,4.998,4.998,4.998,119
2022-03-05 01:31:22,1.4,2.8,98,0.0,0.0,0,0.0,0.0,0,14800.00,0.00,0.00,357,12.89,4.97,0.00,-0.6,4.998,4.998,4.998,4.998,207
2022-03-05 01:32:22,2.5,4.0,82,0.0,0.0,0,0.0,0.0,0,14882.00,0.00,0.00,358,12.85,4.97,0.00,-0.6,4.998,4.998,4.998,4.998,143
2022-03-05 01:33:22,3.3,3.6,130,0.0,0.0,0,0.0,0.0,0,15012.00,0.00,0.00,358,12.89,4.98,0.00,-0.6,4.998,4.998,4.998,4.998,206
2022-03-05 01:34:22,3.0,3.6,135,0.0,0.0,0,0.0,0.0,0,15147.00,0.00,0.00,355,12.89,4.93,0.00,-0.6,4.998,4.998,4.998,4.998,87
2022-03-05 01:35:22,1.0,3.8,112,0.0,0.0,0,0.0,0.0,0,15259.00,0.00,0.00,355,12.89,4.93,0.00,-0.6,4.998,4.998,4.998,4.998,125
2022-03-05 01:36:22,0.0,3.0,72,0.0,0.0,0,0.0,0.0,0,15331.00,0.00,0.00,354,12.89,4.92,0.00,-0.6,4.998,4.998,4.998,4.998,164
2022-03-05 01:37:22,3.2,3.8,68,0.0,0.0,0,0.0,0.0,0,15399.00,0.00,0.00,355,12.89,4.93,0.00,-0.6,4.998,4.998,4.998,4.998,192
2022-03-05 01:38:22,3.1,3.7,154,0.0,0.0,0,0.0,0.0,0,15553.00,0.00,0.00,355,12.85,4.93,0.00,-0.6,4.998,4.998,4.998,4.998,37
2022-03-05 01:39:22,2.3,3.5,156,0.0,0.0,0,0.0,0.0,0,15709.00,0.00,0.00,355,12.89,4.93,0.00,-0.6,4.998,4.998,4.998,4.998,1
2022-03-05 01:40:22,2.8,3.9,159,0.0,0.0,0,0.0,0.0,0,15868.00,0.00,0.00,354,12.89,4.92,0.00,-1.1,4.998,4.998,4.998,4.998,24
2022-03-05 01:41:22,3.4,4.6,218,0.0,0.0,0,0.0,0.0,0,16086.00,0.00,0.00,2,12.85,0.03,0.00,-0.6,4.998,4.998,4.998,4.998,219
2022-03-05 01:42:22,2.7,3.6,173,0.0,0.0,0,0.0,0.0,0,16259.00,0.00,0.00,2,12.85,0.03,0.00,-0.6,4.998,4.998,4.998,4.998,131
2022-03-05 01:43:22,2.5,3.1,142,0.0,0.0,0,0.0,0.0,0,16401.00,0.00,0.00,2,12.85,0.03,0.00,-0.6,4.998,4.998,4.998,4.998,175
2022-03-05 01:44:22,1.9,2.6,65,0.0,0.0,0,0.0,0.0,0,16466.00,0.00,0.00,2,12.85,0.03,0.00,-0.6,4.998,4.998,4.998,4.998,56
2022-03-05 01:45:22,3.0,3.2,113,0.0,0.0,0,0.0,0.0,0,16579.00,0.00,0.00,3,12.89,0.04,0.00,-0.6,4.998,4.998,4.998,4.998,52
2022-03-05 01:46:22,2.9,4.2,178,0.0,0.0,0,0.0,0.0,0,16757.00,0.00,0.00,3,12.89,0.04,0.00,-0.6,4.998,4.998,4.998,4.998,81
2022-03-05 01:47:22,1.6,3.1,121,0.0,0.0,0,0.0,0.0,0,16878.00,0.00,0.00,2,12.89,0.03,0.00,-0.6,4.998,4.998,4.998,4.998,58
2022-03-05 01:48:22,3.0,3.2,101,0.0,0.0,0,0.0,0.0,0,16979.00,0.00,0.00,3,12.89,0.04,0.00,-0.6,4.998,4.998,4.998,4.998,86
2022-03-05 01:49:22,3.1,3.5,163,0.0,0.0,0,0.0,0.0,0,17142.00,0.00,0.00,2,12.85,0.03,0.00,-0.6,4.998,4.998,4.998,4.998,200
2022-03-05 01:50:22,2.2,3.5,136,0.0,0.0,0,0.0,0.0,0,17278.00,0.00,0.00,3,12.89,0.04,0.00,-0.6,4.998,4.998,4.998,4.998,88
2022-03-05 01:51:22,1.3,2.2,59,0.0,0.0,0,0.0,0.0,0,17337.00,0.00,0.00,3,12.85,0.04,0.00,-0.6,4.998,4.998,4.998,4.998,136
2022-03-05 01:52:22,1.4,2.6,82,0.0,0.0,0,0.0,0.0,0,17419.00,0.00,0.00,2,12.89,0.03,0.00,-0.6,4.998,4.998,4.998,4.998,164
2022-03-05 01:53:22,0.0,2.1,29,0.0,0.0,0,0.0,0.0,0,17448.00,0.00,0.00,2,12.89,0.03,0.00,-0.6,4.998,4.998,4.998,4.998,41
2022-03-05 01:54:22,2.1,2.3,47,0.0,0.0,0,0.0,0.0,0,17495.00,0.00,0.00,2,12.89,0.03,0.00,-0.6,4.998,4.998,4.998,4.998,147
2022-03-05 01:55:22,2.1,2.3,97,0.0,0.0,0,0.0,0.0,0,17592.00,0.00,0.00,2,12.89,0.03,0.00,-0.6,4.998,4.998,4.998,4.998,6
2022-03-05 01:56:22,1.5,3.1,101,0.0,0.0,0,0.0,0.0,0,17693.00,0.00,0.00,2,12.85,0.03,0.00,-0.2,4.998,4.998,4.998,4.998,46
2022-03-05 01:57:22,0.0,1.6,7,0.0,0.0,0,0.0,0.0,0,17700.00,0.00,0.00,2,12.85,0.03,0.00,-0.2,4.998,4.998,4.998,4.998,72
2022-03-05 01:58:22,0.0,1.8,27,0.0,0.0,0,0.0,0.0,0,17727.00,0.00,0.00,2,12.89,0.03,0.00,-0.2,4.998,4.998,4.998,4.998,212
2022-03-05 01:59:22,0.0,0.0,0,0.0,0.0,0,0.0,0.0,0,17727.00,0.00,0.00,2,12.85,0.02,0.00,-0.6,4.998,4.998,4.998,4.998,194
2022-03-05 02:00:22,2.8,3.3,119,0.0,0.0,0,0.0,0.0,0,17846.00,0.00,0.00,2,12.89,0.03,0.00,-0.6,4.998,4.998,4.998,4.998,47
2022-03-05 02:01:22,1.0,3.0,55,0.0,0.0,0,0.0,0.0,0,17901.00,0.00,0.00,2,12.89,0.03,0.00,-0.6,4.998,4.998,4.998,4.998,209
2022-03-05 02:02:22,0.0,1.4,10,0.0,0.0,0,0.0,0.0,0,17911.00,0.00,0.00,2,12.85,0.03,0.00,-0.6,4.998,4.998,4.998,4.998,214
2022-03-05 02:03:22,2.9,3.5,58,0.0,0.0,0,0.0,0.0,0,17969.00,0.00,0.00,2,12.85,0.03,0.00,-0.6,4.998,4.998,4.998,4.998,16
2022-03-05 02:04:22,2.1,3.3,105,0.0,0.0,0,0.0,0.0,0,18074.00,0.00,0.00,2,12.89,0.03,0.00,-0.2,4.998,4.998,4.998,4.998,160
2022-03-05 02:05:22,2.7,2.7,87,0.0,0.0,0,0.0,0.0,0,18161.00,0.00,0.00,2,12.89,0.03,0.00,-0.6,4.998,4.998,4.998,4.998,151
2022-03-05 02:06:22,2.8,3.7,168,0.0,0.0,0,0.0,0.0,0,18329.00,0.00,0.00,2,12.89,0.03,0.00,-0.2,4.998,4.998,4.998,4.998,163
2022-03-05 02:07:22,3.5,4.8,217,0.0,0.0,0,0.0,0.0,0,18546.00,0.00,0.00,12,12.89,0.17,0.00,-0.2,4.998,4.998,4.998,4.998,144
2022-03-05 02:08:22,2.7,4.0,191,0.0,0.0,0,0.0,0.0,0,18737.00,0.00,0.00,12,12.85,0.17,0.00,-0.2,4.998,4.998,4.998,4.998,49
2022-03-05 02:09:22,4.5,4.5,177,0.0,0.0,0,0.0,0.0,0,18914.00,0.00,0.00,12,12.85,0.17,0.00,-0.6,4.998,4.998,4.998,4.998,223
2022-03-05 02:10:22,3.1,4.9,229,0.0,0.0,0,0.0,0.0,0,19143.00,0.00,0.00,14,12.85,0.19,0.00,-0.6,4.998,4.998,4.998,4.998,2
2022-03-05 02:11:22,3.6,4.2,186,0.0,0.0,0,0.0,0.0,0,19329.00,0.00,0.00,13,12.85,0.19,0.00,-0.2,4.998,4.998,4.998,4.998,164
2022-03-05 02:12:22,3.5,4.0,183,0.0,0.0,0,0.0,0.0,0,19512.00,0.00,0.00,14,12.89,0.19,0.00,-0.2,4.998,4.998,4.998,4.998,0
2022-03-05 02:13:22,2.8,4.1,184,0.0,0.0,0,0.0,0.0,0,19696.00,0.00,0.00,14,12.85,0.19,0.00,-0.6,4.998,4.998,4.998,4.998,78
2022-03-05 02:14:22,3.0,4.4,196,0.0,0.0,0,0.0,0.0,0,19892.00,0.00,0.00,15,12.85,0.21,0.00,-0.2,4.998,4.998,4.998,4.998,154
2022-03-05 02:15:22,3.0,3.7,165,0.0,0.0,0,0.0,0.0,0,20057.00,0.00,0.00,15,12.85,0.21,0.00,-0.2,4.998,4.998,4.998,4.998,14
2022-03-05 02:16:22,2.8,3.4,159,0.0,0.0,0,0.0,0.0,0,20216.00,0.00,0.00,15,12.85,0.21,0.00,-0.6,4.998,4.998,4.998,4.998,179
2022-03-05 02:17:22,1.1,2.8,95,0.0,0.0,0,0.0,0.0,0,20311.00,0.00,0.00,15,12.89,0.21,0.00,-0.6,4.998,4.998,4.998,4.998,225
2022-03-05 02:18:22,1.3,2.7,44,0.0,0.0,0,0.0,0.0,0,20355.00,0.00,0.00,15,12.89,0.21,0.00,-0.6,4.998,4.998,4.998,4.998,155
2022-03-05 02:19:22,2.4,2.5,44,0.0,0.0,0,0.0,0.0,0,20399.00,0.00,0.00,15,12.85,0.21,0.00,-0.6,4.998,4.998,4.998,4.998,166
2022-03-05 02:20:22,0.0,2.8,68,0.0,0.0,0,0.0,0.0,0,20467.00,0.00,0.00,15,12.85,0.21,0.00,-0.6,4.998,4.998,4.998,4.998,80
2022-03-05 02:21:22,0.0,0.0,0,0.0,0.0,0,0.0,0.0,0,20467.00,0.00,0.00,15,12.85,0.21,0.00,-0.6,4.998,4.998,4.998,4.998,95
2022-03-05 02:22:22,0.0,0.0,0,0.0,0.0,0,0.0,0.0,0,20467.00,0.00,0.00,15,12.85,0.21,0.00,-0.2,4.998,4.998,4.998,4.998,76
2022-03-05 02:23:22,0.0,0.0,0,0.0,0.0,0,0.0,0.0,0,20467.00,0.00,0.00,15,12.85,0.21,0.00,-0.6,4.998,4.998,4.998,4.998,107
2022-03-05 02:24:22,1.8,2.1,32,0.0,0.0,0,0.0,0.0,0,20499.00,0.00,0.00,15,12.85,0.21,0.00,-0.6,4.998,4.998,4.998,4.998,119
2022-03-05 02:25:22,2.9,3.1,52,0.0,0.0,0,0.0,0.0,0,20551.00,0.00,0.00,15,12.85,0.21,0.00,-0.2,4.998,4.998,4.998,4.998,29
2022-03-05 02:26:22,1.2,3.0,99,0.0,0.0,0,0.0,0.0,0,20650.00,0.00,0.00,15,12.85,0.21,0.00,-0.2,4.998,4.998,4.998,4.998,226
2022-03-05 02:27:22,0.0,1.7,17,0.0,0.0,0,0.0,0.0,0,20667.00,0.00,0.00,15,12.89,0.21,0.00,-0.6,4.998,4.998,4.998,4.998,115
2022-03-05 02:28:22,1.8,2.6,38,0.0,0.0,0,0.0,0.0,0,20705.00,0.00,0.00,15,12.85,0.21,0.00,-0.2,4.998,4.998,4.998,4.998,165
2022-03-05 02:29:22,1.2,1.8,47,0.0,0.0,0,0.0,0.0,0,20752.00,0.00,0.00,15,12.85,0.20,0.00,-0.2,4.998,4.998,4.998,4.998,64
2022-03-05 02:30:22,1.9,2.0,9,0.0,0.0,0,0.0,0.0,0,20761.00,0.00,0.00,15,12.85,0.21,0.00,-0.2,4.998,4.998,4.998,4.998,251
2022-03-05 02:31:22,0.0,2.2,18,0.0,0.0,0,0.0,0.0,0,20779.00,0.00,0.00,15,12.85,0.21,0.00,-0.2,4.998,4.998,4.998,4.998,163
2022-03-05 02:32:22,2.0,2.0,16,0.0,0.0,0,0.0,0.0,0,20795.00,0.00,0.00,15,12.85,0.20,0.00,-0.2,4.998,4.998,4.998,4.998,2
2022-03-05 02:33:22,2.3,2.9,114,0.0,0.0,0,0.0,0.0,0,20909.00,0.00,0.00,15,12.85,0.21,0.00,-0.2,4.998,4.998,4.998,4.998,20
2022-03-05 02:34:22,2.2,2.6,97,0.0,0.0,0,0.0,0.0,0,21006.00,0.00,0.00,15,12.85,0.20,0.00,-0.6,4.998,4.998,4.998,4.998,241
2022-03-05 02:35:22,1.9,3.5,141,0.0,0.0,0,0.0,0.0,0,21147.00,0.00,0.00,15,12.85,0.21,0.00,-0.6,4.998,4.998,4.998,4.998,71
2022-03-05 02:36:22,1.5,2.8,90,0.0,0.0,0,0.0,0.0,0,21237.00,0.00,0.00,15,12.85,0.21,0.00,-0.2,4.998,4.998,4.998,4.998,22
2022-03-05 02:37:22,3.0,3.2,124,0.0,0.0,0,0.0,0.0,0,21361.00,0.00,0.00,15,12.85,0.21,0.00,-0.2,4.998,4.998,4.998,4.998,18
2022-03-05 02:38:22,1.9,3.4,144,0.0,0.0,0,0.0,0.0,0,21505.00,0.00,0.00,15,12.85,0.21,0.00,-0.2,4.998,4.998,4.998,4.998,215
2022-03-05 02:39:22,1.1,2.2,75,0.0,0.0,0,0.0,0.0,0,21580.00,0.00,0.00,15,12.85,0.21,0.00,-0.2,4.998,4.998,4.998,4.998,119
2022-03-05 02:40:22,1.2,1.4,8,0.0,0.0,0,0.0,0.0,0,21588.00,0.00,0.00,15,12.85,0.21,0.00,-0.6,4.998,4.998,4.998,4.998,26
2022-03-05 02:41:22,0.0,0.0,2,0.0,0.0,0,0.0,0.0,0,21590.00,0.00,0.00,16,12.85,0.22,0.00,-0.2,4.998,4.998,4.998,4.998,171
2022-03-05 02:42:22,2.9,3.0,39,0.0,0.0,0,0.0,0.0,0,21629.00,0.00,0.00,15,12.85,0.20,0.00,-0.2,4.998,4.998,4.998,4.998,162
2022-03-05 02:43:22,3.3,4.0,181,0.0,0.0,0,0.0,0.0,0,21810.00,0.00,0.00,15,12.85,0.21,0.00,-0.2,4.998,4.998,4.998,4.998,112
2022-03-05 02:44:22,3.1,3.6,167,0.0,0.0,0,0.0,0.0,0,21977.00,0.00,0.00,15,12.85,0.21,0.00,-0.6,4.998,4.998,4.998,4.998,221
2022-03-05 02:45:22,3.8,4.2,202,0.0,0.0,0,0.0,0.0,0,22179.00,0.00,0.00,17,12.85,0.23,0.00,-0.6,4.998,4.998,4.998,4.998,191
2022-03-05 02:46:22,2.6,4.2,180,0.0,0.0,0,0.0,0.0,0,22359.00,0.00,0.00,17,12.85,0.23,0.00,-0.6,4.998,4.998,4.998,4.998,168
2022-03-05 02:47:22,2.2,3.0,118,0.0,0.0,0,0.0,0.0,0,22477.00,0.00,0.00,17,12.85,0.24,0.00,-0.2,4.998,4.998,4.998,4.998,88
2022-03-05 02:48:22,2.8,3.3,143,0.0,0.0,0,0.0,0.0,0,22620.00,0.00,0.00,17,12.85,0.24,0.00,-0.6,4.998,4.998,4.998,4.998,98
2022-03-05 02:49:22,1.9,3.0,116,0.0,0.0,0,0.0,0.0,0,22736.00,0.00,0.00,17,12.85,0.23,0.00,-0.2,4.998,4.998,4.998,4.998,230
2022-03-05 02:50:22,0.0,1.7,18,0.0,0.0,0,0.0,0.0,0,22754.00,0.00,0.00,17,12.85,0.23,0.00,-0.2,4.998,4.998,4.998,4.998,43
2022-03-05 02:51:22,0.0,0.0,0,0.0,0.0,0,0.0,0.0,0,22754.00,0.00,0.00,17,12.85,0.23,0.00,-0.2,4.998,4.998,4.998,4.998,134
2022-03-05 02:52:22,1.3,1.7,38,0.0,0.0,0,0.0,0.0,0,22792.00,0.00,0.00,17,12.85,0.23,0.00,-0.2,4.998,4.998,4.998,4.998,74
2022-03-05 02:53:22,0.0,1.4,7,0.0,0.0,0,0.0,0.0,0,22799.00,0.00,0.00,17,12.85,0.24,0.00,-0.6,4.998,4.998,4.998,4.998,252
2022-03-05 02:54:22,3.5,4.0,123,0.0,0.0,0,0.0,0.0,0,22922.00,0.00,0.00,60,12.85,0.84,0.00,-0.2,4.998,4.998,4.998,4.998,239
2022-03-05 02:55:22,3.4,4.6,195,0.0,0.0,0,0.0,0.0,0,23117.00,0.00,0.00,72,12.85,1.01,0.00,-0.2,4.998,4.998,4.998,4.998,65
2022-03-05 02:56:22,3.7,4.6,220,0.0,0.0,0,0.0,0.0,0,23337.00,0.00,0.00,80,12.85,1.11,0.00,-0.2,4.998,4.998,4.998,4.998,76
2022-03-05 02:57:22,4.4,5.5,265,0.0,0.0,0,0.0,0.0,0,23602.00,0.00,0.00,80,12.85,1.11,0.00,-0.6,4.998,4.998,4.998,4.998,163
2022-03-05 02:58:22,2.9,4.6,198,0.0,0.0,0,0.0,0.0,0,23800.00,0.00,0.00,80,12.85,1.11,0.00,-0.6,4.998,4.998,4.998,4.998,16
2022-03-05 02:59:22,2.5,3.3,138,0.0,0.0,0,0.0,0.0,0,23938.00,0.00,0.00,79,12.85,1.10,0.00,-0.2,4.998,4.998,4.998,4.998,37
2022-03-05 03:00:22,2.8,3.8,167,0.0,0.0,0,0.0,0.0,0,24105.00,0.00,0.00,79,12.85,1.10,0.00,-0.2,4.998,4.998,4.998,4.998,124
2022-03-05 03:01:22,3.5,3.8,171,0.0,0.0,0,0.0,0.0,0,24276.00,0.00,0.00,78,12.85,1.08,0.00,-0.2,4.998,4.998,4.998,4.998,148
2022-03-05 03:02:22,2.5,3.6,155,0.0,0.0,0,0.0,0.0,0,24431.00,0.00,0.00,78,12.85,1.08,0.00,-0.2,4.998,4.998,4.998,4.998,42
2022-03-05 03:03:22,2.6,3.2,147,0.0,0.0,0,0.0,0.0,0,24578.00,0.00,0.00,77,12.85,1.07,0.00,-0.2,4.998,4.998,4.998,4.998,55
2022-03-05 03:04:22,2.7,3.9,165,0.0,0.0,0,0.0,0.0,0,24743.00,0.00,0.00,58,12.85,0.81,0.00,-0.2,4.998,4.998,4.998,4.998,112
2022-03-05 03:05:22,2.6,3.1,144,0.0,0.0,0,0.0,0.0,0,24887.00,0.00,0.00,58,12.85,0.81,0.00,-0.2,4.998,4.998,4.998,4.998,203
2022-03-05 03:06:22,0.0,2.8,65,0.0,0.0,0,0.0,0.0,0,24952.00,0.00,0.00,59,12.85,0.82,0.00,-0.2,4.998,4.998,4.998,4.998,104
2022-03-05 03:07:22,0.0,0.0,0,0.0,0.0,0,0.0,0.0,0,24952.00,0.00,0.00,58,12.85,0.81,0.00,-0.2,4.998,4.998,4.998,4.998,151
2022-03-05 03:08:22,2.2,2.3,41,0.0,0.0,0,0.0,0.0,0,24993.00,0.00,0.00,58,12.85,0.81,0.00,-0.2,4.998,4.998,4.998,4.998,138
2022-03-05 03:09:22,2.7,3.2,143,0.0,0.0,0,0.0,0.0,0,25136.00,0.00,0.00,34,12.85,0.47,0.00,-0.2,4.998,4.998,4.998,4.998,207
2022-03-05 03:10:22,4.2,4.5,187,0.0,0.0,0,0.0,0.0,0,25323.00,0.00,0.00,2,12.85,0.02,0.00,-0.2,4.998,4.998,4.998,4.998,140
2022-03-05 03:11:22,3.7,5.2,232,0.0,0.0,0,0.0,0.0,0,25555.00,0.00,0.00,21,12.85,0.29,0.00,-0.2,4.998,4.998,4.998,4.998,17
2022-03-05 03:12:22,5.4,5.5,235,0.0,0.0,0,0.0,0.0,0,25790.00,0.00,0.00,28,12.85,0.39,0.00,-0.2,4.998,4.998,4.998,4.998,219
2022-03-05 03:13:22,5.3,6.9,336,0.0,0.0,0,0.0,0.0,0,26126.00,0.00,0.00,11,12.85,0.16,0.00,-0.2,4.998,4.998,4.998,4.998,224
2022-03-05 03:14:22,5.6,7.1,337,0.0,0.0,0,0.0,0.0,0,26463.00,0.00,0.00,23,12.85,0.32,0.00,-0.2,4.998,4.998,4.998,4.998,122
2022-03-05 03:15:22,4.2,6.8,298,0.0,0.0,0,0.0,0.0,0,26761.00,0.00,0.00,30,12.85,0.42,0.00,-0.2,4.998,4.998,4.998,4.998,200
2022-03-05 03:16:22,3.1,4.7,190,0.0,0.0,0,0.0,0.0,0,26951.00,0.00,0.00,22,12.81,0.31,0.00,-0.2,4.998,4.998,4.998,4.998,79
2022-03-05 03:17:22,3.3,3.7,174,0.0,0.0,0,0.0,0.0,0,27125.00,0.00,0.00,23,12.85,0.32,0.00,-0.2,4.998,4.998,4.998,4.998,250
2022-03-05 03:18:22,3.6,4.7,212,0.0,0.0,0,0.0,0.0,0,27337.00,0.00,0.00,43,12.85,0.60,0.00,-0.2,4.998,4.998,4.998,4.998,103
2022-03-05 03:19:22,4.4,5.0,225,0.0,0.0,0,0.0,0.0,0,27562.00,0.00,0.00,40,12.85,0.55,0.00,-0.2,4.998,4.998,4.998,4.998,185
2022-03-05 03:20:22,2.6,4.5,194,0.0,0.0,0,0.0,0.0,0,27756.00,0.00,0.00,34,12.85,0.48,0.00,-0.2,4.998,4.998,4.998,4.998,214
2022-03-05 03:21:22,2.4,4.2,190,0.0,0.0,0,0.0,0.0,0,27946.00,0.00,0.00,34,12.85,0.48,0.00,-0.2,4.998,4.998,4.998,4.998,242
2022-03-05 03:22:22,3.5,3.9,147,0.0,0.0,0,0.0,0.0,0,28093.00,0.00,0.00,14,12.85,0.19,0.00,-0.2,4.998,4.998,4.998,4.998,144
2022-03-05 03:23:22,2.8,3.6,146,0.0,0.0,0,0.0,0.0,0,28239.00,0.00,0.00,14,12.85,0.19,0.00,-0.2,4.998,4.998,4.998,4.998,35
2022-03-05 03:24:22,1.9,2.8,81,0.0,0.0,0,0.0,0.0,0,28320.00,0.00,0.00,13,12.85,0.19,0.00,-0.6,4.998,4.998,4.998,4.998,115
2022-03-05 03:25:22,1.0,2.1,45,0.0,0.0,0,0.0,0.0,0,28365.00,0.00,0.00,13,12.85,0.19,0.00,-0.2,4.998,4.998,4.998,4.998,168
2022-03-05 03:26:22,1.4,1.4,6,0.0,0.0,0,0.0,0.0,0,28371.00,0.00,0.00,13,12.85,0.19,0.00,-0.2,4.998,4.998,4.998,4.998,16
2022-03-05 03:27:22,2.5,4.1,123,0.0,0.0,0,0.0,0.0,0,28494.00,0.00,0.00,14,12.85,0.19,0.00,-0.2,4.998,4.998,4.998,4.998,77
2022-03-05 03:28:22,1.3,2.8,76,0.0,0.0,0,0.0,0.0,0,28570.00,0.00,0.00,14,12.85,0.19,0.00,-0.6,4.998,4.998,4.998,4.998,42
2022-03-05 03:29:22,3.3,3.4,120,0.0,0.0,0,0.0,0.0,0,28690.00,0.00,0.00,14,12.85,0.19,0.00,-0.6,4.998,4.998,4.998,4.998,34
2022-03-05 03:30:22,2.3,3.4,124,0.0,0.0,0,0.0,0.0,0,28814.00,0.00,0.00,14,12.85,0.19,0.00,-0.6,4.998,4.998,4.998,4.998,57
2022-03-05 03:31:22,3.4,4.4,176,0.0,0.0,0,0.0,0.0,0,28990.00,0.00,0.00,71,12.85,0.99,0.00,-0.2,4.998,4.998,4.998,4.998,106
2022-03-05 03:32:22,3.0,3.4,143,0.0,0.0,0,0.0,0.0,0,29133.00,0.00,0.00,71,12.85,0.99,0.00,-0.2,4.998,4.998,4.998,4.998,222
2022-03-05 03:33:22,2.7,3.6,174,0.0,0.0,0,0.0,0.0,0,29307.00,0.00,0.00,53,12.85,0.74,0.00,-0.6,4.998,4.998,4.998,4.998,232
2022-03-05 03:34:22,2.7,3.3,136,0.0,0.0,0,0.0,0.0,0,29443.00,0.00,0.00,13,12.85,0.18,0.00,-0.2,4.998,4.998,4.998,4.998,20
2022-03-05 03:35:22,1.9,3.1,131,0.0,0.0,0,0.0,0.0,0,29574.00,0.00,0.00,12,12.85,0.17,0.00,-0.2,4.998,4.998,4.998,4.998,146
2022-03-05 03:36:22,3.2,3.6,131,0.0,0.0,0,0.0,0.0,0,29705.00,0.00,0.00,13,12.85,0.18,0.00,-0.2,4.998,4.998,4.998,4.998,29
2022-03-05 03:37:22,3.0,4.5,181,0.0,0.0,0,0.0,0.0,0,29886.00,0.00,0.00,47,12.81,0.66,0.00,-0.2,4.998,4.998,4.998,4.998,143
2022-03-05 03:38:22,1.4,3.5,125,0.0,0.0,0,0.0,0.0,0,30011.00,0.00,0.00,47,12.85,0.65,0.00,-0.2,4.998,4.998,4.998,4.998,67
2022-03-05 03:39:22,0.0,1.3,4,0.0,0.0,0,0.0,0.0,0,30015.00,0.00,0.00,47,12.85,0.66,0.00,-0.6,4.998,4.998,4.998,4.998,159
2022-03-05 03:40:22,1.7,1.7,8,0.0,0.0,0,0.0,0.0,0,30023.00,0.00,0.00,47,12.85,0.65,0.00,-0.2,4.998,4.998,4.998,4.998,11
2022-03-05 03:41:22,3.1,3.7,151,0.0,0.0,0,0.0,0.0,0,30174.00,0.00,0.00,47,12.85,0.66,0.00,-0.6,4.998,4.998,4.998,4.998,71
2022-03-05 03:42:22,3.6,3.8,167,0.0,0.0,0,0.0,0.0,0,30341.00,0.00,0.00,47,12.81,0.66,0.00,-0.2,4.998,4.998,4.998,4.998,40
2022-03-05 03:43:22,4.1,5.1,229,0.0,0.0,0,0.0,0.0,0,30570.00,0.00,0.00,53,12.81,0.73,0.00,-0.2,4.998,4.998,4.998,4.998,146
2022-03-05 03:44:22,3.9,5.2,273,0.0,0.0,0,0.0,0.0,0,30843.00,0.00,0.00,69,12.81,0.96,0.00,-0.6,4.998,4.998,4.998,4.998,109
2022-03-05 03:45:22,3.9,5.0,231,0.0,0.0,0,0.0,0.0,0,31074.00,0.00,0.00,68,12.85,0.95,0.00,-0.6,4.998,4.998,4.998,4.998,23
2022-03-05 03:46:22,4.7,5.5,245,0.0,0.0,0,0.0,0.0,0,31319.00,0.00,0.00,53,12.85,0.74,0.00,-0.6,4.998,4.998,4.998,4.998,120
2022-03-05 03:47:22,4.7,4.9,250,0.0,0.0,0,0.0,0.0,0,31569.00,0.00,0.00,55,12.85,0.77,0.00,-0.6,4.998,4.998,4.998,4.998,80
2022-03-05 03:48:22,4.0,5.4,248,0.0,0.0,0,0.0,0.0,0,31817.00,0.00,0.00,59,12.85,0.82,0.00,-0.6,4.998,4.998,4.998,4.998,245
2022-03-05 03:49:22,3.2,5.0,226,0.0,0.0,0,0.0,0.0,0,32043.00,0.00,0.00,58,12.85,0.81,0.00,-0.2,4.998,4.998,4.998,4.998,22
2022-03-05 03:50:22,2.7,3.8,152,0.0,0.0,0,0.0,0.0,0,32195.00,0.00,0.00,59,12.81,0.82,0.00,-0.6,4.998,4.998,4.998,4.998,107
2022-03-05 03:51:22,3.8,4.1,173,0.0,0.0,0,0.0,0.0,0,32368.00,0.00,0.00,59,12.85,0.82,0.00,-0.6,4.998,4.998,4.998,4.998,41
2022-03-05 03:52:22,4.7,5.4,228,0.0,0.0,0,0.0,0.0,0,32596.00,0.00,0.00,68,12.85,0.94,0.00,-0.2,4.998,4.998,4.998,4.998,166
2022-03-05 03:53:22,4.4,6.3,280,0.0,0.0,0,0.0,0.0,0,32876.00,0.00,0.00,68,12.81,0.94,0.00,-0.6,4.998,4.998,4.998,4.998,199
2022-03-05 03:54:22,3.7,4.6,216,0.0,0.0,0,0.0,0.0,0,33092.00,0.00,0.00,67,12.81,0.93,0.00,-0.2,4.998,4.998,4.998,4.998,68
2022-03-05 03:55:22,3.6,4.6,219,0.0,0.0,0,0.0,0.0,0,33311.00,0.00,0.00,65,12.85,0.91,0.00,-0.2,4.998,4.998,4.998,4.998,39
2022-03-05 03:56:22,4.4,5.0,249,0.0,0.0,0,0.0,0.0,0,33560.00,0.00,0.00,68,12.85,0.95,0.00,-0.2,4.998,4.998,4.998,4.998,117
2022-03-05 03:57:22,3.6,5.0,239,0.0,0.0,0,0.0,0.0,0,33799.00,0.00,0.00,68,12.81,0.95,0.00,-0.6,4.998,4.998,4.998,4.998,207
2022-03-05 03:58:22,2.6,4.5,213,0.0,0.0,0,0.0,0.0,0,34012.00,0.00,0.00,68,12.81,0.95,0.00,-0.6,4.998,4.998,4.998,4.998,93
2022-03-05 03:59:22,3.6,4.1,158,0.0,0.0,0,0.0,0.0,0,34170.00,0.00,0.00,68,12.81,0.95,0.00,-0.2,4.998,4.998,4.998,4.998,194
2022-03-05 04:00:22,3.7,4.7,219,0.0,0.0,0,0.0,0.0,0,34389.00,0.00,0.00,68,12.81,0.95,0.00,-0.6,4.998,4.998,4.998,4.998,227
2022-03-05 04:01:22,3.8,4.7,228,0.0,0.0,0,0.0,0.0,0,34617.00,0.00,0.00,68,12.81,0.95,0.00,-0.6,4.998,4.998,4.998,4.998,54
2022-03-05 04:02:22,4.9,5.4,259,0.0,0.0,0,0.0,0.0,0,34876.00,0.00,0.00,68,12.85,0.95,0.00,-0.6,4.998,4.998,4.998,4.998,77
2022-03-05 04:03:22,3.3,5.2,251,0.0,0.0,0,0.0,0.0,0,35127.00,0.00,0.00,68,12.85,0.95,0.00,-0.2,4.998,4.998,4.998,4.998,192
2022-03-05 04:04:22,3.7,4.6,228,0.0,0.0,0,0.0,0.0,0,35355.00,0.00,0.00,68,12.81,0.95,0.00,-0.2,4.998,4.998,4.998,4.998,98
2022-03-05 04:05:22,4.5,4.8,250,0.0,0.0,0,0.0,0.0,0,35605.00,0.00,0.00,68,12.85,0.95,0.00,-0.2,4.998,4.998,4.998,4.998,95
2022-03-05 04:06:22,4.4,4.9,263,0.0,0.0,0,0.0,0.0,0,35868.00,0.00,0.00,76,12.85,1.05,0.00,-0.6,4.998,4.998,4.998,4.998,183
2022-03-05 04:07:22,3.4,4.5,195,0.0,0.0,0,0.0,0.0,0,36063.00,0.00,0.00,75,12.85,1.05,0.00,-0.6,4.998,4.998,4.998,4.998,225
2022-03-05 04:08:22,4.0,4.3,210,0.0,0.0,0,0.0,0.0,0,36273.00,0.00,0.00,76,12.81,1.05,0.00,-0.2,4.998,4.998,4.998,4.998,121
2022-03-05 04:09:22,3.4,4.3,201,0.0,0.0,0,0.0,0.0,0,36474.00,0.00,0.00,75,12.85,1.05,0.00,-0.2,4.998,4.998,4.998,4.998,90
2022-03-05 04:10:22,3.7,4.8,189,0.0,0.0,0,0.0,0.0,0,36663.00,0.00,0.00,76,12.85,1.05,0.00,-0.2,4.998,4.998,4.998,4.998,162
2022-03-05 04:11:22,3.9,5.4,250,0.0,0.0,0,0.0,0.0,0,36913.00,0.00,0.00,82,12.85,1.14,0.00,-0.6,4.998,4.998,4.998,4.998,80
2022-03-05 04:12:22,3.7,4.8,220,0.0,0.0,0,0.0,0.0,0,37133.00,0.00,0.00,82,12.81,1.15,0.00,-0.2,4.998,4.998,4.998,4.998,181
2022-03-05 04:13:22,3.8,4.5,213,0.0,0.0,0,0.0,0.0,0,37346.00,0.00,0.00,83,12.85,1.15,0.00,-0.2,4.998,4.998,4.998,4.998,167
2022-03-05 04:14:22,3.8,3.9,171,0.0,0.0,0,0.0,0.0,0,37517.00,0.00,0.00,82,12.85,1.14,0.00,-0.6,4.998,4.998,4.998,4.998,198
2022-03-05 04:15:22,3.6,5.5,254,0.0,0.0,0,0.0,0.0,0,37771.00,0.00,0.00,82,12.85,1.14,0.00,-0.6,4.998,4.998,4.998,4.998,222
2022-03-05 04:16:22,3.1,4.3,193,0.0,0.0,0,0.0,0.0,0,37964.00,0.00,0.00,74,12.85,1.03,0.00,-0.6,4.998,4.998,4.998,4.998,200
2022-03-05 04:17:22,3.3,3.8,176,0.0,0.0,0,0.0,0.0,0,38140.00,0.00,0.00,74,12.85,1.03,0.00,-0.2,4.998,4.998,4.998,4.998,150
2022-03-05 04:18:22,5.4,5.7,259,0.0,0.0,0,0.0,0.0,0,38399.00,0.00,0.00,74,12.81,1.04,0.00,-0.2,4.998,4.998,4.998,4.998,209
2022-03-05 04:19:22,6.1,6.4,334,0.0,0.0,0,0.0,0.0,0,38733.00,0.00,0.00,74,12.81,1.03,0.00,-0.2,4.998,4.998,4.998,4.998,94
2022-03-05 04:20:22,6.4,6.4,341,0.0,0.0,0,0.0,0.0,0,39074.00,0.00,0.00,74,12.81,1.03,0.00,-0.6,4.998,4.998,4.998,4.998,196
2022-03-05 04:21:22,4.4,6.7,334,0.0,0.0,0,0.0,0.0,0,39408.00,0.00,0.00,69,12.81,0.96,0.00,-0.6,4.998,4.998,4.998,4.998,173
2022-03-05 04:22:22,4.0,4.7,240,0.0,0.0,0,0.0,0.0,0,39648.00,0.00,0.00,68,12.81,0.95,0.00,-0.2,4.998,4.998,4.998,4.998,101
2022-03-05 04:23:22,4.8,5.0,234,0.0,0.0,0,0.0,0.0,0,39882.00,0.00,0.00,68,12.81,0.95,0.00,-0.2,4.998,4.998,4.998,4.998,158
2022-03-05 04:24:22,4.3,5.6,274,0.0,0.0,0,0.0,0.0,0,40156.00,0.00,0.00,68,12.81,0.95,0.00,-0.6,4.998,4.998,4.998,4.998,80
2022-03-05 04:25:22,3.8,5.2,262,0.0,0.0,0,0.0,0.0,0,40418.00,0.00,0.00,68,12.81,0.95,0.00,-1.1,4.998,4.998,4.998,4.998,171
2022-03-05 04:26:22,3.4,4.2,191,0.0,0.0,0,0.0,0.0,0,40609.00,0.00,0.00,68,12.85,0.95,0.00,-0.6,4.998,4.998,4.998,4.998,207
2022-03-05 04:27:22,4.5,5.0,227,0.0,0.0,0,0.0,0.0,0,40836.00,0.00,0.00,56,12.85,0.78,0.00,-0.6,4.998,4.998,4.998,4.998,123
2022-03-05 04:28:22,4.0,5.0,240,0.0,0.0,0,0.0,0.0,0,41076.00,0.00,0.00,57,12.81,0.79,0.00,-0.6,4.998,4.998,4.998,4.998,224
2022-03-05 04:29:22,3.5,5.1,235,0.0,0.0,0,0.0,0.0,0,41311.00,0.00,0.00,55,12.81,0.77,0.00,-0.6,4.998,4.998,4.998,4.998,177
2022-03-05 04:30:22,3.1,4.1,177,0.0,0.0,0,0.0,0.0,0,41488.00,0.00,0.00,55,12.85,0.77,0.00,-0.6,4.998,4.998,4.998,4.998,146
2022-03-05 04:31:22,2.4,4.1,183,0.0,0.0,0,0.0,0.0,0,41671.00,0.00,0.00,56,12.81,0.78,0.00,-0.6,4.998,4.998,4.998,4.998,3
2022-03-05 04:32:22,3.0,3.6,174,0.0,0.0,0,0.0,0.0,0,41845.00,0.00,0.00,56,12.81,0.78,0.00,-0.6,4.998,4.998,4.998,4.998,206
2022-03-05 04:33:22,4.3,4.8,186,0.0,0.0,0,0.0,0.0,0,42031.00,0.00,0.00,57,12.81,0.80,0.00,-0.6,4.998,4.998,4.998,4.998,176
2022-03-05 04:34:22,3.8,4.6,233,0.0,0.0,0,0.0,0.0,0,42264.00,0.00,0.00,57,12.81,0.80,0.00,-0.6,4.998,4.998,4.998,4.998,152
2022-03-05 04:35:22,2.7,3.9,173,0.0,0.0,0,0.0,0.0,0,42437.00,0.00,0.00,57,12.81,0.80,0.00,-0.6,4.998,4.998,4.998,4.998,118
2022-03-05 04:36:22,3.7,3.7,157,0.0,0.0,0,0.0,0.0,0,42594.00,0.00,0.00,57,12.81,0.80,0.00,-0.6,4.998,4.998,4.998,4.998,195
2022-03-05 04:37:22,4.1,4.8,239,0.0,0.0,0,0.0,0.0,0,42833.00,0.00,0.00,67,12.81,0.93,0.00,-0.6,4.998,4.998,4.998,4.998,194
2022-03-05 04:38:22,3.8,4.6,206,0.0,0.0,0,0.0,0.0,0,43039.00,0.00,0.00,67,12.81,0.93,0.00,-0.6,4.998,4.998,4.998,4.998,91
2022-03-05 04:39:22,4.1,4.5,219,0.0,0.0,0,0.0,0.0,0,43258.00,0.00,0.00,67,12.81,0.93,0.00,-0.6,4.998,4.998,4.998,4.998,178
2022-03-05 04:40:22,3.0,4.1,175,0.0,0.0,0,0.0,0.0,0,43433.00,0.00,0.00,67,12.85,0.93,0.00,-0.6,4.998,4.998,4.998,4.998,183
2022-03-05 04:41:22,4.1,4.3,178,0.0,0.0,0,0.0,0.0,0,43611.00,0.00,0.00,67,12.81,0.93,0.00,-0.6,4.998,4.998,4.998,4.998,162
2022-03-05 04:42:22,5.2,5.5,285,0.0,0.0,0,0.0,0.0,0,43896.00,0.00,0.00,66,12.81,0.92,0.00,-0.6,4.998,4.998,4.998,4.998,32
2022-03-05 04:43:22,5.5,6.1,331,0.0,0.0,0,0.0,0.0,0,44227.00,0.00,0.00,66,12.81,0.92,0.00,-0.6,4.998,4.998,4.998,4.998,160
2022-03-05 04:44:22,4.6,6.5,299,0.0,0.0,0,0.0,0.0,0,44526.00,0.00,0.00,67,12.81,0.93,0.00,-0.6,4.998,4.998,4.998,4.998,224
2022-03-05 04:45:22,3.4,4.9,229,0.0,0.0,0,0.0,0.0,0,44755.00,0.00,0.00,67,12.81,0.93,0.00,-0.6,4.998,4.998,4.998,4.998,207
2022-03-05 04:46:22,3.4,5.0,223,0.0,0.0,0,0.0,0.0,0,44978.00,0.00,0.00,66,12.81,0.92,0.00,-0.6,4.998,4.998,4.998,4.998,243
2022-03-05 04:47:22,0.0,3.6,97,0.0,0.0,0,0.0,0.0,0,45075.00,0.00,0.00,66,12.81,0.92,0.00,-0.6,4.998,4.998,4.998,4.998,236
2022-03-05 04:48:22,0.0,0.0,0,0.0,0.0,0,0.0,0.0,0,45075.00,0.00,0.00,66,12.81,0.92,0.00,-1.1,4.998,4.998,4.998,4.998,184
2022-03-05 04:49:22,2.9,3.0,43,0.0,0.0,0,0.0,0.0,0,45118.00,0.00,0.00,66,12.81,0.92,0.00,-0.6,4.998,4.998,4.998,4.998,193
2022-03-05 04:50:22,5.2,5.7,228,0.0,0.0,0,0.0,0.0,0,45346.00,0.00,0.00,54,12.81,0.75,0.00,-0.6,4.998,4.998,4.998,4.998,85
2022-03-05 04:51:22,6.6,7.9,402,0.0,0.0,0,0.0,0.0,0,45748.00,0.00,0.00,37,12.81,0.51,0.00,-0.6,4.998,4.998,4.998,4.998,74
2022-03-05 04:52:22,4.7,7.1,343,0.0,0.0,0,0.0,0.0,0,46091.00,0.00,0.00,31,12.81,0.43,0.00,-0.2,4.998,4.998,4.998,4.998,210
2022-03-05 04:53:22,4.5,5.6,290,0.0,0.0,0,0.0,0.0,0,46381.00,0.00,0.00,31,12.81,0.44,0.00,-0.6,4.998,4.998,4.998,4.998,21
2022-03-05 04:54:22,5.7,5.7,249,0.0,0.0,0,0.0,0.0,0,46630.00,0.00,0.00,359,12.81,4.99,0.00,-0.6,4.998,4.998,4.998,4.998,68
2022-03-05 04:55:22,4.5,6.6,298,0.0,0.0,0,0.0,0.0,0,46928.00,0.00,0.00,26,12.81,0.36,0.00,-0.6,4.998,4.998,4.998,4.998,250
2022-03-05 04:56:22,2.8,4.7,189,0.0,0.0,0,0.0,0.0,0,47117.00,0.00,0.00,30,12.81,0.42,0.00,-0.6,4.998,4.998,4.998,4.998,111
2022-03-05 04:57:22,4.4,5.4,224,0.0,0.0,0,0.0,0.0,0,47341.00,0.00,0.00,4,12.81,0.06,0.00,-0.2,4.998,4.998,4.998,4.998,231
2022-03-05 04:58:22,3.7,5.9,261,0.0,0.0,0,0.0,0.0,0,47602.00,0.00,0.00,26,12.81,0.36,0.00,-0.2,4.998,4.998,4.998,4.998,139
2022-03-05 04:59:22,3.9,5.6,262,0.0,0.0,0,0.0,0.0,0,47864.00,0.00,0.00,3,12.81,0.04,0.00,-0.2,4.998,4.998,4.998,4.998,4
2022-03-05 05:00:22,3.3,4.9,207,0.0,0.0,0,0.0,0.0,0,48071.00,0.00,0.00,33,12.81,0.45,0.00,-0.6,4.998,4.998,4.998,4.998,86
2022-03-05 05:01:22,3.4,5.0,162,0.0,0.0,0,0.0,0.0,0,48233.00,0.00,0.00,16,12.81,0.22,0.00,-0.2,4.998,4.998,4.998,4.998,138
2022-03-05 05:02:22,2.6,4.2,170,0.0,0.0,0,0.0,0.0,0,48403.00,0.00,0.00,26,12.81,0.36,0.00,-0.2,4.998,4.998,4.998,4.998,254
2022-03-05 05:03:22,0.0,2.6,49,0.0,0.0,0,0.0,0.0,0,48452.00,0.00,0.00,26,12.81,0.36,0.00,-0.6,4.998,4.998,4.998,4.998,157
2022-03-05 05:04:22,0.0,0.0,0,0.0,0.0,0,0.0,0.0,0,48452.00,0.00,0.00,26,12.81,0.36,0.00,-0.2,4.998,4.998,4.998,4.998,100
2022-03-05 05:05:22,3.3,3.9,161,0.0,0.0,0,0.0,0.0,0,48613.00,0.00,0.00,28,12.81,0.39,0.00,-0.2,4.998,4.998,4.998,4.998,195
2022-03-05 05:06:22,3.2,3.6,172,0.0,0.0,0,0.0,0.0,0,48785.00,0.00,0.00,29,12.81,0.40,0.00,-0.6,4.998,4.998,4.998,4.998,119
2022-03-05 05:07:22,5.1,5.4,217,0.0,0.0,0,0.0,0.0,0,49002.00,0.00,0.00,95,12.81,1.32,0.00,-0.6,4.998,4.998,4.998,4.998,106
2022-03-05 05:08:22,2.9,5.2,226,0.0,0.0,0,0.0,0.0,0,49228.00,0.00,0.00,71,12.81,0.99,0.00,-0.2,4.998,4.998,4.998,4.998,252
2022-03-05 05:09:22,2.3,3.5,141,0.0,0.0,0,0.0,0.0,0,49369.00,0.00,0.00,71,12.81,0.99,0.00,-0.2,4.998,4.998,4.998,4.998,60
2022-03-05 05:10:22,3.7,5.2,241,0.0,0.0,0,0.0,0.0,0,49610.00,0.00,0.00,60,12.81,0.84,0.00,-0.6,4.998,4.998,4.998,4.998,132
2022-03-05 05:11:22,4.1,5.2,256,0.0,0.0,0,0.0,0.0,0,49866.00,0.00,0.00,50,12.81,0.70,0.00,-0.6,4.998,4.998,4.998,4.998,185
2022-03-05 05:12:22,1.8,4.8,205,0.0,0.0,0,0.0,0.0,0,50071.00,0.00,0.00,50,12.81,0.70,0.00,-0.6,4.998,4.998,4.998,4.998,132
2022-03-05 05:13:22,2.1,3.4,142,0.0,0.0,0,0.0,0.0,0,50213.00,0.00,0.00,41,12.81,0.57,0.00,-0.6,4.998,4.998,4.998,4.998,102
2022-03-05 05:14:22,0.0,2.1,15,0.0,0.0,0,0.0,0.0,0,50228.00,0.00,0.00,40,12.81,0.56,0.00,-0.6,4.998,4.998,4.998,4.998,52
2022-03-05 05:15:22,0.0,0.0,0,0.0,0.0,0,0.0,0.0,0,50228.00,0.00,0.00,40,12.81,0.56,0.00,-0.6,4.998,4.998,4.998,4.998,244
2022-03-05 05:16:22,1.7,2.7,71,0.0,0.0,0,0.0,0.0,0,50299.00,0.00,0.00,40,12.81,0.56,0.00,-0.6,4.998,4.998,4.998,4.998,148
2022-03-05 05:17:22,2.0,2.1,60,0.0,0.0,0,0.0,0.0,0,50359.00,0.00,0.00,40,12.81,0.56,0.00,-0.6,4.998,4.998,4.998,4.998,86
2022-03-05 05:18:22,3.0,4.3,173,0.0,0.0,0,0.0,0.0,0,50532.00,0.00,0.00,40,12.81,0.56,0.00,-0.6,4.998,4.998,4.998,4.998,186
2022-03-05 05:19:22,2.2,3.0,86,0.0,0.0,0,0.0,0.0,0,50618.00,0.00,0.00,40,12.81,0.56,0.00,-1.1,4.998,4.998,4.998,4.998,104
2022-03-05 05:20:22,5.1,6.3,221,0.0,0.0,0,0.0,0.0,0,50839.00,0.00,0.00,87,12.81,1.21,0.00,-0.6,4.998,4.998,4.998,4.998,38
2022-03-05 05:21:22,5.1,6.3,306,0.0,0.0,0,0.0,0.0,0,51145.00,0.00,0.00,85,12.81,1.18,0.00,-1.1,4.998,4.998,4.998,4.998,169
2022-03-05 05:22:22,4.5,5.6,274,0.0,0.0,0,0.0,0.0,0,51419.00,0.00,0.00,71,12.81,0.98,0.00,-0.6,4.998,4.998,4.998,4.998,36
2022-03-05 05:23:22,5.9,6.6,321,0.0,0.0,0,0.0,0.0,0,51740.00,0.00,0.00,59,12.81,0.83,0.00,-0.6,4.998,4.998,4.998,4.998,1
2022-03-05 05:24:22,3.0,6.3,260,0.0,0.0,0,0.0,0.0,0,52000.00,0.00,0.00,57,12.81,0.79,0.00,-0.6,4.998,4.998,4.998,4.998,18
2022-03-05 05:25:22,2.8,4.0,168,0.0,0.0,0,0.0,0.0,0,52168.00,0.00,0.00,64,12.81,0.89,0.00,-1.1,4.998,4.998,4.998,4.998,233
2022-03-05 05:26:22,3.5,4.2,186,0.0,0.0,0,0.0,0.0,0,52354.00,0.00,0.00,74,12.81,1.04,0.00,-0.6,4.998,4.998,4.998,4.998,247
2022-03-05 05:27:22,4.1,5.6,253,0.0,0.0,0,0.0,0.0,0,52607.00,0.00,0.00,66,12.81,0.91,0.00,-0.6,4.998,4.998,4.998,4.998,43
2022-03-05 05:28:22,5.1,5.4,280,0.0,0.0,0,0.0,0.0,0,52887.00,0.00,0.00,68,12.81,0.95,0.00,-0.6,4.998,4.998,4.998,4.998,155
2022-03-05 05:29:22,6.7,7.8,374,0.0,0.0,0,0.0,0.0,0,53261.00,0.00,0.00,85,12.77,1.18,0.00,-1.1,4.998,4.998,4.998,4.998,243
2022-03-05 05:30:22,6.0,7.1,360,0.0,0.0,0,0.0,0.0,0,53621.00,0.00,0.00,80,12.81,1.11,0.00,-1.1,4.998,4.998,4.998,4.998,60
2022-03-05 05:31:22,3.2,6.2,256,0.0,0.0,0,0.0,0.0,0,53877.00,0.00,0.00,84,12.81,1.17,0.00,-0.6,4.998,4.998,4.998,4.998,204
2022-03-05 05:32:22,1.6,3.3,45,0.0,0.0,0,0.0,0.0,0,53922.00,0.00,0.00,84,12.81,1.17,0.00,-0.6,4.998,4.998,4.998,4.998,78
2022-03-05 05:33:22,6.0,6.8,236,0.0,0.0,0,0.0,0.0,0,54158.00,0.00,0.00,64,12.81,0.89,0.00,-0.6,4.998,4.998,4.998,4.998,82
2022-03-05 05:34:22,6.2,7.5,413,0.0,0.0,0,0.0,0.0,0,54571.00,0.00,0.00,68,12.77,0.94,0.00,-0.6,4.998,4.998,4.998,4.998,156
2022-03-05 05:35:22,5.2,7.9,359,0.0,0.0,0,0.0,0.0,0,54930.00,0.00,0.00,79,12.81,1.10,0.00,-1.1,4.998,4.998,4.998,4.998,119
2022-03-05 05:36:22,3.1,5.3,245,0.0,0.0,0,0.0,0.0,0,55175.00,0.00,0.00,102,12.81,1.42,0.00,-0.6,4.998,4.998,4.998,4.998,129
2022-03-05 05:37:22,5.7,5.8,239,0.0,0.0,0,0.0,0.0,0,55414.00,0.00,0.00,74,12.81,1.03,0.00,-0.6,4.998,4.998,4.998,4.998,177
2022-03-05 05:38:22,6.2,6.7,313,0.0,0.0,0,0.0,0.0,0,55727.00,0.00,0.00,55,12.77,0.77,0.00,-1.1,4.998,4.998,4.998,4.998,171
2022-03-05 05:39:22,4.4,7.8,292,0.0,0.0,0,0.0,0.0,0,56019.00,0.00,0.00,85,12.81,1.18,0.00,-1.1,4.998,4.998,4.998,4.998,47
2022-03-05 05:40:22,2.4,4.7,161,0.0,0.0,0,0.0,0.0,0,56180.00,0.00,0.00,106,12.81,1.47,0.00,-1.1,4.998,4.998,4.998,4.998,74
2022-03-05 05:41:22,5.0,5.2,194,0.0,0.0,0,0.0,0.0,0,56374.00,0.00,0.00,82,12.81,1.15,0.00,-1.1,4.998,4.998,4.998,4.998,196
2022-03-05 05:42:22,5.3,6.1,309,0.0,0.0,0,0.0,0.0,0,56683.00,0.00,0.00,81,12.77,1.12,0.00,-0.6,4.998,4.998,4.998,4.998,158
2022-03-05 05:43:22,5.3,6.4,312,0.0,0.0,0,0.0,0.0,0,56995.00,0.00,0.00,94,12.81,1.31,0.00,-1.1,4.998,4.998,4.998,4.998,91
2022-03-05 05:44:22,3.5,6.1,268,0.0,0.0,0,0.0,0.0,0,57263.00,0.00,0.00,101,12.81,1.40,0.00,-1.1,4.998,4.998,4.998,4.998,176
2022-03-05 05:45:22,4.2,5.2,220,0.0,0.0,0,0.0,0.0,0,57483.00,0.00,0.00,95,12.77,1.33,0.00,-1.1,4.998,4.998,4.998,4.998,30
2022-03-05 05:46:22,5.7,6.8,341,0.0,0.0,0,0.0,0.0,0,57824.00,0.00,0.00,74,12.81,1.03,0.00,-1.1,4.998,4.998,4.998,4.998,57
2022-03-05 05:47:22,3.7,6.7,331,0.0,0.0,0,0.0,0.0,0,58155.00,0.00,0.00,92,12.81,1.28,0.00,-1.1,4.998,4.998,4.998,4.998,205
2022-03-05 05:48:22,2.8,4.1,198,0.0,0.0,0,0.0,0.0,0,58353.00,0.00,0.00,175,12.81,2.43,0.00,-1.1,4.998,4.998,4.998,4.998,155
2022-03-05 05:49:22,4.9,5.7,175,0.0,0.0,0,0.0,0.0,0,58528.00,0.00,0.00,75,12.77,1.04,0.00,-1.1,4.998,4.998,4.998,4.998,211
2022-03-05 05:50:22,5.7,7.0,344,0.0,0.0,0,0.0,0.0,0,58872.00,0.00,0.00,87,12.77,1.21,0.00,-0.6,4.998,4.998,4.998,4.998,161
2022-03-05 05:51:22,4.1,5.6,262,0.0,0.0,0,0.0,0.0,0,59134.00,0.00,0.00,87,12.77,1.21,0.00,-1.1,4.998,4.998,4.998,4.998,190
2022-03-05 05:52:22,4.1,4.8,238,0.0,0.0,0,0.0,0.0,0,59372.00,0.00,0.00,95,12.81,1.33,0.00,-0.6,4.998,4.998,4.998,4.998,27
2022-03-05 05:53:22,4.5,5.0,246,0.0,0.0,0,0.0,0.0,0,59618.00,0.00,0.00,95,12.81,1.32,0.00,-1.1,4.998,4.998,4.998,4.998,134
2022-03-05 05:54:22,5.6,6.3,322,0.0,0.0,0,0.0,0.0,0,59940.00,0.00,0.00,86,12.81,1.20,0.00,-1.1,4.998,4.998,4.998,4.998,31
2022-03-05 05:55:22,5.6,6.3,332,0.0,0.0,0,0.0,0.0,0,60272.00,0.00,0.00,71,12.77,0.99,0.00,-1.1,4.998,4.998,4.998,4.998,10
2022-03-05 05:56:22,4.6,6.6,318,0.0,0.0,0,0.0,0.0,0,60590.00,0.00,0.00,88,12.81,1.23,0.00,-0.6,4.998,4.998,4.998,4.998,234
2022-03-05 05:57:22,5.2,5.8,258,0.0,0.0,0,0.0,0.0,0,60848.00,0.00,0.00,78,12.77,1.08,0.00,-0.6,4.998,4.998,4.998,4.998,45
2022-03-05 05:58:22,4.7,6.2,320,0.0,0.0,0,0.0,0.0,0,61168.00,0.00,0.00,62,12.77,0.87,0.00,-0.6,4.998,4.998,4.998,4.998,26
2022-03-05 05:59:22,6.1,6.2,264,0.0,0.0,0,0.0,0.0,0,61432.00,0.00,0.00,85,12.81,1.18,0.00,-0.6,4.998,4.998,4.998,4.998,254
2022-03-05 06:00:22,6.4,8.2,388,0.0,0.0,0,0.0,0.0,0,61820.00,0.00,0.00,81,12.77,1.13,0.00,-0.6,4.998,4.998,4.998,4.998,72
2022-03-05 06:01:22,5.5,6.4,317,0.0,0.0,0,0.0,0.0,0,62137.00,0.00,0.00,92,12.77,1.28,0.00,-0.6,4.998,4.998,4.998,4.998,253
2022-03-05 06:02:22,4.3,6.0,265,0.0,0.0,0,0.0,0.0,0,62402.00,0.00,0.00,84,12.77,1.17,0.00,-0.6,4.998,4.998,4.998,4.998,13
2022-03-05 06:03:22,5.2,5.5,280,0.0,0.0,0,0.0,0.0,0,62682.00,0.00,0.00,79,12.81,1.10,0.00,-0.6,4.998,4.998,4.998,4.998,131
2022-03-05 06:04:22,5.4,5.6,286,0.0,0.0,0,0.0,0.0,0,62968.00,0.00,0.00,77,12.77,1.07,0.00,-0.6,4.998,4.998,4.998,4.998,27
2022-03-05 06:05:22,4.4,5.4,255,0.0,0.0,0,0.0,0.0,0,63223.00,0.00,0.00,75,12.77,1.05,0.00,-0.6,4.998,4.998,4.998,4.998,144
2022-03-05 06:06:22,4.1,5.1,256,0.0,0.0,0,0.0,0.0,0,63479.00,0.00,0.00,73,12.81,1.01,0.00,-0.6,4.998,4.998,4.998,4.998,115
2022-03-05 06:07:22,4.9,5.4,287,0.0,0.0,0,0.0,0.0,0,63766.00,0.00,0.00,65,12.77,0.90,0.00,-0.6,4.998,4.998,4.998,4.998,217
2022-03-05 06:08:22,6.1,6.1,330,0.0,0.0,0,0.0,0.0,0,64096.00,0.00,0.00,70,12.77,0.97,0.00,-0.6,4.998,4.998,4.998,4.998,20
2022-03-05 06:09:22,5.3,6.4,329,0.0,0.0,0,0.0,0.0,0,64425.00,0.00,0.00,77,12.77,1.07,0.00,-0.6,4.998,4.998,4.998,4.998,121
2022-03-05 06:10:22,5.3,6.8,347,0.0,0.0,0,0.0,0.0,0,64772.00,0.00,0.00,71,12.77,0.99,0.00,-0.6,4.998,4.998,4.998,4.998,210
2022-03-05 06:11:22,4.4,6.5,318,0.0,0.0,0,0.0,0.0,0,65090.00,0.00,0.00,70,12.81,0.97,0.00,-0.6,4.998,4.998,4.998,4.998,183
2022-03-05 06:12:22,4.0,5.3,242,0.0,0.0,0,0.0,0.0,0,65332.00,0.00,0.00,73,12.77,1.02,0.00,-1.1,4.998,4.998,4.998,4.998,51
2022-03-05 06:13:22,4.6,4.9,236,0.0,0.0,0,0.0,0.0,0,65568.00,0.00,0.00,73,12.77,1.02,0.00,-1.1,4.998,4.998,4.998,4.998,225
2022-03-05 06:14:22,3.9,5.2,246,0.0,0.0,0,0.0,0.0,0,65814.00,0.00,0.00,73,12.77,1.02,0.00,-1.1,4.998,4.998,4.998,4.998,4
2022-03-05 06:15:22,3.9,4.7,216,0.0,0.0,0,0.0,0.0,0,66030.00,0.00,0.00,73,12.81,1.02,0.00,-0.6,4.998,4.998,4.998,4.998,163
2022-03-05 06:16:22,4.4,5.1,257,0.0,0.0,0,0.0,0.0,0,66287.00,0.00,0.00,74,12.77,1.04,0.00,-0.6,4.998,4.998,4.998,4.998,161
2022-03-05 06:17:22,4.5,5.6,281,0.0,0.0,0,0.0,0.0,0,66568.00,0.00,0.00,74,12.77,1.03,0.00,-1.1,4.998,4.998,4.998,4.998,96
2022-03-05 06:18:22,4.1,5.6,267,0.0,0.0,0,0.0,0.0,0,66835.00,0.00,0.00,74,12.77,1.03,0.00,-1.1,4.998,4.998,4.998,4.998,58
2022-03-05 06:19:22,4.5,5.9,215,0.0,0.0,0,0.0,0.0,0,67050.00,0.00,0.00,67,12.77,0.94,0.00,-0.6,4.998,4.998,4.998,4.998,191
2022-03-05 06:20:22,5.2,5.3,270,0.0,0.0,0,0.0,0.0,0,67320.00,0.00,0.00,72,12.77,1.01,0.00,-0.6,4.998,4.998,4.998,4.998,195
2022-03-05 06:21:22,3.2,5.5,232,0.0,0.0,0,0.0,0.0,0,67552.00,0.00,0.00,67,12.77,0.93,0.00,-0.6,4.998,4.998,4.998,4.998,54
2022-03-05 06:22:22,4.3,5.7,248,0.0,0.0,0,0.0,0.0,0,67800.00,0.00,0.00,67,12.77,0.93,0.00,-0.6,4.998,4.998,4.998,4.998,111
2022-03-05 06:23:22,5.0,5.8,279,0.0,0.0,0,0.0,0.0,0,68079.00,0.00,0.00,68,12.77,0.94,0.00,-0.6,4.998,4.998,4.998,4.998,190
2022-03-05 06:24:22,4.3,5.6,286,0.0,0.0,0,0.0,0.0,0,68365.00,0.00,0.00,68,12.77,0.94,0.00,-0.6,4.998,4.998,4.998,4.998,114
2022-03-05 06:25:22,4.0,5.4,258,0.0,0.0,0,0.0,0.0,0,68623.00,0.00,0.00,68,12.77,0.95,0.00,-0.6,4.998,4.998,4.998,4.998,154
2022-03-05 06:26:22,5.6,6.5,311,0.0,0.0,0,0.0,0.0,0,68934.00,0.00,0.00,67,12.81,0.94,0.00,-0.6,4.998,4.998,4.998,4.998,50
2022-03-05 06:27:22,4.9,6.0,328,0.0,0.0,0,0.0,0.0,0,69262.00,0.00,0.00,57,12.77,0.79,0.00,-0.6,4.998,4.998,4.998,4.998,229
2022-03-05 06:28:22,3.2,4.9,212,0.0,0.0,0,0.0,0.0,0,69474.00,0.00,0.00,59,12.77,0.83,0.00,-0.6,4.998,4.998,4.998,4.998,158
2022-03-05 06:29:22,6.5,6.9,293,0.0,0.0,0,0.0,0.0,0,69767.00,0.00,0.00,61,12.81,0.84,0.00,-0.2,4.998,4.998,4.998,4.998,237
2022-03-05 06:30:22,5.0,7.4,368,0.0,0.0,0,0.0,0.0,0,70135.00,0.00,0.00,53,12.77,0.74,0.00,-0.2,4.998,4.998,4.998,4.998,232
2022-03-05 06:31:22,4.0,6.2,323,0.0,0.0,0,0.0,0.0,0,70458.00,0.00,0.00,65,12.81,0.90,0.00,-0.6,4.998,4.998,4.998,4.998,97
2022-03-05 06:32:22,5.2,6.4,260,0.0,0.0,0,0.0,0.0,0,70718.00,0.00,0.00,78,12.81,1.08,0.00,-0.2,4.998,4.998,4.998,4.998,35
2022-03-05 06:33:22,4.6,6.4,322,0.0,0.0,0,0.0,0.0,0,71040.00,0.00,0.00,81,12.77,1.13,0.00,-0.6,4.998,4.998,4.998,4.998,162
2022-03-05 06:34:22,3.8,5.3,267,0.0,0.0,0,0.0,0.0,0,71307.00,0.00,0.00,77,12.81,1.07,0.00,-0.6,4.998,4.998,4.998,4.998,218
2022-03-05 06:35:22,5.3,6.2,274,0.0,0.0,0,0.0,0.0,0,71581.00,0.00,0.00,57,12.81,0.80,0.00,-0.6,4.998,4.998,4.998,4.998,243
2022-03-05 06:36:22,4.9,5.7,289,0.0,0.0,0,0.0,0.0,0,71870.00,0.00,0.00,61,12.81,0.85,0.00,-0.2,4.998,4.998,4.998,4.998,247
2022-03-05 06:37:22,5.7,6.5,324,0.0,0.0,0,0.0,0.0,0,72194.00,0.00,0.00,67,12.77,0.93,0.00,-0.6,4.998,4.998,4.998,4.998,61
2022-03-05 06:38:22,3.9,5.8,264,0.0,0.0,0,0.0,0.0,0,72458.00,0.00,0.00,66,12.77,0.92,0.00,-0.6,4.998,4.998,4.998,4.998,82
2022-03-05 06:39:22,4.8,6.2,304,0.0,0.0,0,0.0,0.0,0,72762.00,0.00,0.00,72,12.77,1.00,0.00,-0.2,4.998,4.998,4.998,4.998,5
2022-03-05 06:40:22,4.7,6.8,327,0.0,0.0,0,0.0,0.0,0,73089.00,0.00,0.00,64,12.77,0.89,0.00,-0.2,4.998,4.998,4.998,4.998,191
2022-03-05 06:41:22,2.8,5.3,208,0.0,0.0,0,0.0,0.0,0,73297.00,0.00,0.00,58,12.77,0.80,0.00,-0.2,4.998,4.998,4.998,4.998,65
2022-03-05 06:42:22,3.0,3.7,140,0.0,0.0,0,0.0,0.0,0,73437.00,0.00,0.00,58,12.81,0.80,0.00,-0.2,4.998,4.998,4.998,4.998,171
2022-03-05 06:43:22,3.0,4.8,223,0.0,0.0,0,0.0,0.0,0,73660.00,0.00,0.00,58,12.81,0.80,0.00,-0.2,4.998,4.998,4.998,4.998,82
2022-03-05 06:44:22,3.2,4.7,196,0.0,0.0,0,0.0,0.0,0,73856.00,0.00,0.00,63,12.77,0.88,0.00,-0.2,4.998,4.998,4.998,4.998,4
2022-03-05 06:45:22,0.9,3.2,59,0.0,0.0,0,0.0,0.0,0,73915.00,0.00,0.00,63,12.77,0.88,0.00,-0.2,4.998,4.998,4.998,4.998,121
2022-03-05 06:46:22,0.0,0.0,0,0.0,0.0,0,0.0,0.0,0,73915.00,0.00,0.00,63,12.77,0.88,0.00,-0.2,4.998,4.998,4.998,4.998,63
2022-03-05 06:47:22,0.0,0.0,0,0.0,0.0,0,0.0,0.0,0,73915.00,0.00,0.00,64,12.77,0.89,0.00,-0.2,4.998,4.998,4.998,4.998,200
2022-03-05 06:48:22,0.0,0.0,0,0.0,0.0,0,0.0,0.0,0,73915.00,0.00,0.00,63,12.81,0.88,0.00,-0.2,4.998,4.998,4.998,4.998,164
2022-03-05 06:49:22,0.0,0.0,0,0.0,0.0,0,0.0,0.0,0,73915.00,0.00,0.00,63,12.77,0.88,0.00,-0.2,4.998,4.998,4.998,4.998,116
2022-03-05 06:50:22,0.0,0.0,0,0.0,0.0,0,0.0,0.0,0,73915.00,0.00,0.00,64,12.77,0.89,0.00,-0.2,4.998,4.998,4.998,4.998,247
2022-03-05 06:51:22,0.0,0.0,0,0.0,0.0,0,0.0,0.0,0,73915.00,0.00,0.00,63,12.77,0.88,0.00,-0.2,4.998,4.998,4.998,4.998,0
2022-03-05 06:52:22,0.0,0.0,0,0.0,0.0,0,0.0,0.0,0,73915.00,0.00,0.00,63,12.77,0.88,0.00,-0.2,4.998,4.998,4.998,4.998,92
2022-03-05 06:53:22,0.0,0.0,0,0.0,0.0,0,0.0,0.0,0,73915.00,0.00,0.00,63,12.77,0.88,0.00,0.2,4.998,4.998,4.998,4.998,230
2022-03-05 06:54:22,0.0,0.0,0,0.0,0.0,0,0.0,0.0,0,73915.00,0.00,0.00,63,12.77,0.88,0.00,0.2,4.998,4.998,4.998,4.998,51
2022-03-05 06:55:22,0.0,0.0,0,0.0,0.0,0,0.0,0.0,0,73915.00,0.00,0.00,63,12.77,0.88,0.00,0.2,4.998,4.998,4.998,4.998,44
2022-03-05 06:56:22,0.0,0.0,0,0.0,0.0,0,0.0,0.0,0,73915.00,0.00,0.00,63,12.77,0.88,0.00,0.2,4.998,4.998,4.998,4.998,191
2022-03-05 06:57:22,0.0,0.0,0,0.0,0.0,0,0.0,0.0,0,73915.00,0.00,0.00,63,12.77,0.88,0.00,-0.2,4.998,4.998,4.998,4.998,46
2022-03-05 06:58:22,1.9,1.9,12,0.0,0.0,0,0.0,0.0,0,73927.00,0.00,0.00,63,12.77,0.88,0.00,0.2,4.998,4.998,4.998,4.998,11
2022-03-05 06:59:22,1.7,2.7,110,0.0,0.0,0,0.0,0.0,0,74037.00,0.00,0.00,63,12.77,0.88,0.00,-0.2,4.998,4.998,4.998,4.998,18
2022-03-05 07:00:22,0.0,1.8,18,0.0,0.0,0,0.0,0.0,0,74055.00,0.00,0.00,63,12.77,0.88,0.00,-0.2,4.998,4.998,4.998,4.998,111
2022-03-05 07:01:22,1.9,2.2,32,0.0,0.0,0,0.0,0.0,0,74087.00,0.00,0.00,63,12.77,0.87,0.00,-0.2,4.998,4.998,4.998,4.998,239
2022-03-05 07:02:22,0.0,1.9,16,0.0,0.0,0,0.0,0.0,0,74103.00,0.00,0.00,63,12.81,0.88,0.00,0.2,4.998,4.998,4.998,4.998,45
2022-03-05 07:03:22,0.0,0.0,0,0.0,0.0,0,0.0,0.0,0,74103.00,0.00,0.00,63,12.77,0.88,0.00,0.2,4.998,4.998,4.998,4.998,194
2022-03-05 07:04:22,3.2,3.4,28,0.0,0.0,0,0.0,0.0,0,74131.00,0.00,0.00,63,12.77,0.87,0.00,-0.2,4.998,4.998,4.998,4.998,115
2022-03-05 07:05:22,2.5,3.5,156,0.0,0.0,0,0.0,0.0,0,74287.00,0.00,0.00,63,12.77,0.88,0.00,-0.2,4.998,4.998,4.998,4.998,155
2022-03-05 07:06:22,1.9,2.9,106,0.0,0.0,0,0.0,0.0,0,74393.00,0.00,0.00,63,12.77,0.88,0.00,-0.2,4.998,4.998,4.998,4.998,61
2022-03-05 07:07:22,2.9,3.1,109,0.0,0.0,0,0.0,0.0,0,74502.00,0.00,0.00,63,12.77,0.88,0.00,-0.2,4.998,4.998,4.998,4.998,176
2022-03-05 07:08:22,0.0,2.9,30,0.0,0.0,0,0.0,0.0,0,74532.00,0.00,0.00,63,12.77,0.88,0.00,-0.2,4.998,4.998,4.998,4.998,14
2022-03-05 07:09:22,2.6,2.8,69,0.0,0.0,0,0.0,0.0,0,74601.00,0.00,0.00,63,12.81,0.88,0.00,-0.2,4.998,4.998,4.998,4.998,5
2022-03-05 07:10:22,3.9,11.2,290,0.0,0.0,0,0.0,0.0,0,74891.00,0.00,0.00,154,12.77,2.14,0.00,0.2,4.998,4.998,4.998,4.998,58
2022-03-05 07:11:22,3.2,5.2,189,0.0,0.0,0,0.0,0.0,0,75080.00,0.00,0.00,120,12.77,1.67,0.00,-0.2,4.998,4.998,4.998,4.998,216
2022-03-05 07:12:22,3.1,3.7,135,0.0,0.0,0,0.0,0.0,0,75215.00,0.00,0.00,120,12.77,1.67,0.00,-0.2,4.998,4.998,4.998,4.998,120
2022-03-05 07:13:22,4.6,4.6,217,0.0,0.0,0,0.0,0.0,0,75432.00,0.00,0.00,102,12.77,1.42,0.00,-0.2,4.998,4.998,4.998,4.998,141
2022-03-05 07:14:22,4.6,6.3,303,0.0,0.0,0,0.0,0.0,0,75735.00,0.00,0.00,91,12.77,1.26,0.00,0.2,4.998,4.998,4.998,4.998,249
2022-03-05 07:15:22,5.3,5.8,307,0.0,0.0,0,0.0,0.0,0,76042.00,0.00,0.00,100,12.77,1.40,0.00,-0.2,4.998,4.998,4.998,4.998,173
2022-03-05 07:16:22,5.8,6.1,319,0.0,0.0,0,0.0,0.0,0,76361.00,0.00,0.00,71,12.77,0.99,0.00,0.2,4.998,4.998,4.998,4.998,46
2022-03-05 07:17:22,4.0,8.2,331,0.0,0.0,0,0.0,0.0,0,76692.00,0.00,0.00,114,12.77,1.58,0.00,0.7,4.998,4.998,4.998,4.998,131
2022-03-05 07:18:22,3.4,4.4,206,0.0,0.0,0,0.0,0.0,0,76898.00,0.00,0.00,93,12.77,1.29,0.00,0.2,4.998,4.998,4.998,4.998,81
2022-03-05 07:19:22,1.9,4.8,181,0.0,0.0,0,0.0,0.0,0,77079.00,0.00,0.00,128,12.77,1.78,0.00,0.2,4.998,4.998,4.998,4.998,249
2022-03-05 07:20:22,2.4,3.0,84,0.0,0.0,0,0.0,0.0,0,77163.00,0.00,0.00,127,12.77,1.77,0.00,0.7,4.998,4.998,4.998,4.998,89
2022-03-05 07:21:22,1.8,4.4,156,0.0,0.0,0,0.0,0.0,0,77319.00,0.00,0.00,106,12.77,1.47,0.00,0.2,4.998,4.998,4.998,4.998,116
2022-03-05 07:22:22,0.0,3.5,92,0.0,0.0,0,0.0,0.0,0,77411.00,0.00,0.00,184,12.81,2.56,0.00,1.7,4.998,4.998,4.998,4.998,203
2022-03-05 07:23:22,3.1,3.3,14,0.0,0.0,0,0.0,0.0,0,77425.00,0.00,0.00,192,12.77,2.67,0.00,2.2,4.998,4.998,4.998,4.998,98
2022-03-05 07:24:22,2.7,5.2,186,0.0,0.0,0,0.0,0.0,0,77611.00,0.00,0.00,217,12.77,3.02,0.00,3.7,4.998,4.998,4.998,4.998,196
2022-03-05 07:25:22,4.0,6.3,240,0.0,0.0,0,0.0,0.0,0,77851.00,0.00,0.00,202,12.77,2.81,0.00,4.6,4.998,4.998,4.998,4.998,151
2022-03-05 07:26:22,8.5,14.0,465,0.0,0.0,0,0.0,0.0,0,78316.00,0.00,0.00,176,12.77,2.45,0.00,5.6,4.998,4.998,4.998,4.998,242
2022-03-05 07:27:22,5.4,9.3,401,0.0,0.0,0,0.0,0.0,0,78717.00,0.00,0.00,228,12.77,3.17,0.00,5.6,4.998,4.998,4.998,4.998,40
2022-03-05 07:28:22,7.6,15.7,489,0.0,0.0,0,0.0,0.0,0,79206.00,0.00,0.00,152,12.77,2.11,0.00,6.6,4.998,4.998,4.998,4.998,14
2022-03-05 07:29:22,11.4,13.3,593,0.0,0.0,0,0.0,0.0,0,79799.00,0.00,0.00,185,12.77,2.57,0.00,7.6,4.998,4.998,4.998,4.998,76
2022-03-05 07:30:22,5.4,12.6,438,0.0,0.0,0,0.0,0.0,0,80237.00,0.00,0.00,176,12.77,2.44,0.00,7.6,4.998,4.998,4.998,4.998,217
2022-03-05 07:31:22,5.1,14.3,482,0.0,0.0,0,0.0,0.0,0,80719.00,0.00,0.00,203,12.77,2.82,0.00,7.1,4.998,4.998,4.998,4.998,21
2022-03-05 07:32:22,6.9,14.1,451,0.0,0.0,0,0.0,0.0,0,81170.00,0.00,0.00,230,12.77,3.19,0.00,8.0,4.998,4.998,4.998,4.998,150
2022-03-05 07:33:22,6.5,10.2,439,0.0,0.0,0,0.0,0.0,0,81609.00,0.00,0.00,188,12.77,2.61,0.00,7.6,4.998,4.998,4.998,4.998,141
2022-03-05 07:34:22,4.5,12.1,472,0.0,0.0,0,0.0,0.0,0,82081.00,0.00,0.00,215,12.77,2.98,0.00,8.0,4.998,4.998,4.998,4.998,189
2022-03-05 07:35:22,10.3,13.6,538,0.0,0.0,0,0.0,0.0,0,82619.00,0.00,0.00,159,12.77,2.21,0.00,8.0,4.998,4.998,4.998,4.998,68
2022-03-05 07:36:22,7.2,15.8,610,0.0,0.0,0,0.0,0.0,0,83229.00,0.00,0.00,204,12.77,2.84,0.00,8.0,4.998,4.998,4.998,4.998,38
2022-03-05 07:37:22,9.2,15.3,491,0.0,0.0,0,0.0,0.0,0,83720.00,0.00,0.00,197,12.77,2.74,0.00,8.5,4.998,4.998,4.998,4.998,196
2022-03-05 07:38:22,10.1,15.9,633,0.0,0.0,0,0.0,0.0,0,84353.00,0.00,0.00,200,12.77,2.78,0.00,8.5,4.998,4.998,4.998,4.998,154
2022-03-05 07:39:22,8.0,12.8,523,0.0,0.0,0,0.0,0.0,0,84876.00,0.00,0.00,201,12.77,2.79,0.00,9.0,4.998,4.998,4.998,4.998,86
2022-03-05 07:40:22,10.0,14.5,552,0.0,0.0,0,0.0,0.0,0,85428.00,0.00,0.00,217,12.77,3.02,0.00,9.0,4.998,4.998,4.998,4.998,29
2022-03-05 07:41:22,8.0,15.9,632,0.0,0.0,0,0.0,0.0,0,86060.00,0.00,0.00,201,12.77,2.79,0.00,9.0,4.998,4.998,4.998,4.998,7
2022-03-05 07:42:22,12.1,17.6,605,0.0,0.0,0,0.0,0.0,0,86665.00,0.00,0.00,238,12.77,3.30,0.00,9.0,4.998,4.998,4.998,4.998,185
2022-03-05 07:43:22,8.9,21.5,776,0.0,0.0,0,0.0,0.0,0,87441.00,0.00,0.00,187,12.73,2.59,0.00,9.0,4.998,4.998,4.998,4.998,117
2022-03-05 07:44:22,10.2,15.6,659,0.0,0.0,0,0.0,0.0,0,88100.00,0.00,0.00,185,12.73,2.58,0.00,9.0,4.998,4.998,4.998,4.998,255
2022-03-05 07:45:22,19.3,22.0,949,0.0,0.0,0,0.0,0.0,0,89049.00,0.00,0.00,206,12.73,2.86,0.00,9.5,4.998,4.998,4.998,4.998,166
2022-03-05 07:46:22,10.4,20.9,723,0.0,0.0,0,0.0,0.0,0,89772.00,0.00,0.00,188,12.73,2.61,0.00,9.0,4.998,4.998,4.998,4.998,61
2022-03-05 07:47:22,11.9,15.8,651,0.0,0.0,0,0.0,0.0,0,90423.00,0.00,0.00,231,12.77,3.21,0.00,9.0,4.998,4.998,4.998,4.998,60
2022-03-05 07:48:22,6.9,17.2,560,0.0,0.0,0,0.0,0.0,0,90983.00,0.00,0.00,196,12.73,2.72,0.00,9.0,4.998,4.998,4.998,4.998,15
2022-03-05 07:49:22,9.8,15.0,622,0.0,0.0,0,0.0,0.0,0,91605.00,0.00,0.00,177,12.77,2.47,0.00,8.5,4.998,4.998,4.998,4.998,169
2022-03-05 07:50:22,10.5,19.8,840,0.0,0.0,0,0.0,0.0,0,92445.00,0.00,0.00,170,12.77,2.36,0.00,9.5,4.998,4.998,4.998,4.998,169
2022-03-05 07:51:22,7.5,17.9,654,0.0,0.0,0,0.0,0.0,0,93099.00,0.00,0.00,192,12.73,2.67,0.00,9.0,4.998,4.998,4.998,4.998,179
2022-03-05 07:52:22,7.6,10.0,442,0.0,0.0,0,0.0,0.0,0,93541.00,0.00,0.00,190,12.73,2.64,0.00,8.5,4.998,4.998,4.998,4.998,33
2022-03-05 07:53:22,9.1,15.8,623,0.0,0.0,0,0.0,0.0,0,94164.00,0.00,0.00,205,12.77,2.85,0.00,9.0,4.998,4.998,4.998,4.998,193
2022-03-05 07:54:22,11.5,20.8,766,0.0,0.0,0,0.0,0.0,0,94930.00,0.00,0.00,195,12.77,2.71,0.00,9.0,4.998,4.998,4.998,4.998,114
2022-03-05 07:55:22,13.9,17.3,621,0.0,0.0,0,0.0,0.0,0,95551.00,0.00,0.00,188,12.73,2.62,0.00,9.0,4.998,4.998,4.998,4.998,148
2022-03-05 07:56:22,12.6,15.0,671,0.0,0.0,0,0.0,0.0,0,96222.00,0.00,0.00,187,12.73,2.60,0.00,9.0,4.998,4.998,4.998,4.998,92
2022-03-05 07:57:22,7.5,15.7,685,0.0,0.0,0,0.0,0.0,0,96907.00,0.00,0.00,195,12.73,2.70,0.00,9.0,4.998,4.998,4.998,4.998,134
2022-03-05 07:58:22,10.5,19.1,652,0.0,0.0,0,0.0,0.0,0,97559.00,0.00,0.00,190,12.77,2.64,0.00,9.0,4.998,4.998,4.998,4.998,252
2022-03-05 07:59:22,7.9,17.7,760,0.0,0.0,0,0.0,0.0,0,98319.00,0.00,0.00,223,12.77,3.10,0.00,9.0,4.998,4.998,4.998,4.998,91
2022-03-05 08:00:22,12.3,21.3,828,0.0,0.0,0,0.0,0.0,0,99147.00,0.00,0.00,176,12.77,2.45,0.00,9.5,4.998,4.998,4.998,4.998,1
2022-03-05 08:01:22,11.0,15.9,763,0.0,0.0,0,0.0,0.0,0,99910.00,0.00,0.00,220,12.77,3.06,0.00,9.5,4.998,4.998,4.998,4.998,167
2022-03-05 08:02:22,10.1,20.6,882,0.0,0.0,0,0.0,0.0,0,100792.00,0.00,0.00,206,12.77,2.86,0.00,9.5,4.998,4.998,4.998,4.998,34
2022-03-05 08:03:22,9.2,14.9,666,0.0,0.0,0,0.0,0.0,0,101458.00,0.00,0.00,203,12.77,2.82,0.00,9.5,4.998,4.998,4.998,4.998,114
2022-03-05 08:04:22,8.6,12.4,525,0.0,0.0,0,0.0,0.0,0,101983.00,0.00,0.00,194,12.77,2.70,0.00,9.0,4.998,4.998,4.998,4.998,215
2022-03-05 08:05:22,11.3,16.8,638,0.0,0.0,0,0.0,0.0,0,102621.00,0.00,0.00,195,12.77,2.70,0.00,9.5,4.998,4.998,4.998,4.998,236
2022-03-05 08:06:22,8.2,15.2,642,0.0,0.0,0,0.0,0.0,0,103263.00,0.00,0.00,209,12.77,2.91,0.00,9.5,4.998,4.998,4.998,4.998,51
2022-03-05 08:07:22,5.9,11.6,552,0.0,0.0,0,0.0,0.0,0,103815.00,0.00,0.00,224,12.77,3.11,0.00,9.0,4.998,4.998,4.998,4.998,62
2022-03-05 08:08:22,13.0,18.0,750,0.0,0.0,0,0.0,0.0,0,104565.00,0.00,0.00,190,12.77,2.64,0.00,9.5,4.998,4.998,4.998,4.998,188
2022-03-05 08:09:22,4.2,14.3,543,0.0,0.0,0,0.0,0.0,0,105108.00,0.00,0.00,216,12.77,3.00,0.00,9.0,4.998,4.998,4.998,4.998,167
2022-03-05 08:10:22,4.9,7.8,353,0.0,0.0,0,0.0,0.0,0,105461.00,0.00,0.00,156,12.77,2.16,0.00,8.5,4.998,4.998,4.998,4.998,170
2022-03-05 08:11:22,9.1,10.2,446,0.0,0.0,0,0.0,0.0,0,105907.00,0.00,0.00,172,12.77,2.39,0.00,9.0,4.998,4.998,4.998,4.998,54
2022-03-05 08:12:22,9.5,16.9,628,0.0,0.0,0,0.0,0.0,0,106535.00,0.00,0.00,202,12.81,2.80,0.00,8.5,4.998,4.998,4.998,4.998,216
2022-03-05 08:13:22,10.8,14.0,520,0.0,0.0,0,0.0,0.0,0,107055.00,0.00,0.00,209,12.77,2.91,0.00,9.0,4.998,4.998,4.998,4.998,108
2022-03-05 08:14:22,9.9,13.1,551,0.0,0.0,0,0.0,0.0,0,107606.00,0.00,0.00,231,12.77,3.21,0.00,8.5,4.998,4.998,4.998,4.998,103
2022-03-05 08:15:22,6.2,17.6,732,0.0,0.0,0,0.0,0.0,0,108338.00,0.00,0.00,206,12.77,2.87,0.00,9.0,4.998,4.998,4.998,4.998,187
2022-03-05 08:16:22,7.2,21.0,596,0.0,0.0,0,0.0,0.0,0,108934.00,0.00,0.00,159,12.77,2.21,0.00,9.0,4.998,4.998,4.998,4.998,230
2022-03-05 08:17:22,6.5,18.3,679,0.0,0.0,0,0.0,0.0,0,109613.00,0.00,0.00,214,12.77,2.97,0.00,9.0,4.998,4.998,4.998,4.998,94
2022-03-05 08:18:22,6.7,15.8,575,0.0,0.0,0,0.0,0.0,0,110188.00,0.00,0.00,216,12.81,3.00,0.00,9.0,4.998,4.998,4.998,4.998,53
2022-03-05 08:19:22,8.5,11.8,443,0.0,0.0,0,0.0,0.0,0,110631.00,0.00,0.00,209,12.81,2.90,0.00,9.0,4.998,4.998,4.998,4.998,42
2022-03-05 08:20:22,7.1,15.2,679,0.0,0.0,0,0.0,0.0,0,111310.00,0.00,0.00,229,12.77,3.18,0.00,9.0,4.998,4.998,4.998,4.998,55
2022-03-05 08:21:22,9.3,15.2,505,0.0,0.0,0,0.0,0.0,0,111815.00,0.00,0.00,244,12.81,3.39,0.00,8.5,4.998,4.998,4.998,4.998,24
2022-03-05 08:22:22,9.3,12.6,457,0.0,0.0,0,0.0,0.0,0,112272.00,0.00,0.00,190,12.77,2.64,0.00,8.5,4.998,4.998,4.998,4.998,188
2022-03-05 08:23:22,13.1,17.8,668,0.0,0.0,0,0.0,0.0,0,112940.00,0.00,0.00,174,12.77,2.42,0.00,9.0,4.998,4.998,4.998,4.998,95
2022-03-05 08:24:22,11.1,14.5,593,0.0,0.0,0,0.0,0.0,0,113533.00,0.00,0.00,199,12.77,2.77,0.00,8.5,4.998,4.998,4.998,4.998,151
2022-03-05 08:25:22,7.2,12.4,552,0.0,0.0,0,0.0,0.0,0,114085.00,0.00,0.00,194,12.77,2.70,0.00,8.5,4.998,4.998,4.998,4.998,234
2022-03-05 08:26:22,9.9,10.1,343,0.0,0.0,0,0.0,0.0,0,114428.00,0.00,0.00,178,12.77,2.47,0.00,8.5,4.998,4.998,4.998,4.998,190
2022-03-05 08:27:22,11.4,16.0,662,0.0,0.0,0,0.0,0.0,0,115090.00,0.00,0.00,219,12.77,3.05,0.00,8.0,4.998,4.998,4.998,4.998,199
2022-03-05 08:28:22,6.8,15.7,653,0.0,0.0,0,0.0,0.0,0,115743.00,0.00,0.00,234,12.81,3.25,0.00,8.5,4.998,4.998,4.998,4.998,246
2022-03-05 08:29:22,8.4,16.3,665,0.0,0.0,0,0.0,0.0,0,116408.00,0.00,0.00,227,12.77,3.15,0.00,8.5,4.998,4.998,4.998,4.998,85
2022-03-05 08:30:22,9.6,13.5,484,0.0,0.0,0,0.0,0.0,0,116892.00,0.00,0.00,179,12.77,2.49,0.00,8.0,4.998,4.998,4.998,4.998,77
2022-03-05 08:31:22,7.3,16.5,633,0.0,0.0,0,0.0,0.0,0,117525.00,0.00,0.00,187,12.77,2.60,0.00,8.0,4.998,4.998,4.998,4.998,76
2022-03-05 08:32:22,9.0,15.7,570,0.0,0.0,0,0.0,0.0,0,118095.00,0.00,0.00,203,12.77,2.82,0.00,8.0,4.998,4.998,4.998,4.998,84
2022-03-05 08:33:22,9.1,21.2,814,0.0,0.0,0,0.0,0.0,0,118909.00,0.00,0.00,181,12.81,2.51,0.00,8.5,4.998,4.998,4.998,4.998,233
2022-03-05 08:34:22,6.8,12.7,565,0.0,0.0,0,0.0,0.0,0,119474.00,0.00,0.00,183,12.77,2.54,0.00,8.0,4.998,4.998,4.998,4.998,12
2022-03-05 08:35:22,12.4,14.6,627,0.0,0.0,0,0.0,0.0,0,120101.00,0.00,0.00,165,12.81,2.29,0.00,8.0,4.998,4.998,4.998,4.998,238
2022-03-05 08:36:22,8.9,17.7,695,0.0,0.0,0,0.0,0.0,0,120796.00,0.00,0.00,197,12.77,2.74,0.00,8.0,4.998,4.998,4.998,4.998,34
2022-03-05 08:37:22,9.7,13.9,482,0.0,0.0,0,0.0,0.0,0,121278.00,0.00,0.00,216,12.77,3.01,0.00,8.0,4.998,4.998,4.998,4.998,64
2022-03-05 08:38:22,7.1,14.6,516,0.0,0.0,0,0.0,0.0,0,121794.00,0.00,0.00,234,12.77,3.25,0.00,8.5,4.998,4.998,4.998,4.998,252
2022-03-05 08:39:22,12.1,17.8,706,0.0,0.0,0,0.0,0.0,0,122500.00,0.00,0.00,191,12.77,2.66,0.00,8.5,4.998,4.998,4.998,4.998,148
2022-03-05 08:40:22,7.0,14.7,579,0.0,0.0,0,0.0,0.0,0,123079.00,0.00,0.00,196,12.77,2.73,0.00,8.0,4.998,4.998,4.998,4.998,90
2022-03-05 08:41:22,12.4,13.0,537,0.0,0.0,0,0.0,0.0,0,123616.00,0.00,0.00,218,12.77,3.03,0.00,8.0,4.998,4.998,4.998,4.998,223
2022-03-05 08:42:22,6.0,15.4,555,0.0,0.0,0,0.0,0.0,0,124171.00,0.00,0.00,201,12.81,2.80,0.00,8.0,4.998,4.998,4.998,4.998,113
2022-03-05 08:43:22,12.3,13.4,609,0.0,0.0,0,0.0,0.0,0,124780.00,0.00,0.00,196,12.81,2.73,0.00,8.0,4.998,4.998,4.998,4.998,47
2022-03-05 08:44:22,8.7,12.3,352,0.0,0.0,0,0.0,0.0,0,125132.00,0.00,0.00,203,12.77,2.82,0.00,8.0,4.998,4.998,4.998,4.998,117
2022-03-05 08:45:22,6.3,17.2,507,0.0,0.0,0,0.0,0.0,0,125639.00,0.00,0.00,223,12.77,3.10,0.00,8.0,4.998,4.998,4.998,4.998,80
2022-03-05 08:46:22,8.0,12.9,438,0.0,0.0,0,0.0,0.0,0,126077.00,0.00,0.00,176,12.81,2.44,0.00,8.0,4.998,4.998,4.998,4.998,179
2022-03-05 08:47:22,6.8,12.5,491,0.0,0.0,0,0.0,0.0,0,126568.00,0.00,0.00,216,12.81,3.00,0.00,8.0,4.998,4.998,4.998,4.998,6
2022-03-05 08:48:22,11.6,12.4,427,0.0,0.0,0,0.0,0.0,0,126995.00,0.00,0.00,171,12.81,2.38,0.00,8.0,4.998,4.998,4.998,4.998,124
2022-03-05 08:49:22,6.8,17.3,552,0.0,0.0,0,0.0,0.0,0,127547.00,0.00,0.00,210,12.81,2.92,0.00,8.0,4.998,4.998,4.998,4.998,202
2022-03-05 08:50:22,5.2,16.8,555,0.0,0.0,0,0.0,0.0,0,128102.00,0.00,0.00,214,12.81,2.97,0.00,8.0,4.998,4.998,4.998,4.998,11
2022-03-05 08:51:22,10.7,11.6,429,0.0,0.0,0,0.0,0.0,0,128531.00,0.00,0.00,181,12.81,2.51,0.00,8.0,4.998,4.998,4.998,4.998,12
2022-03-05 08:52:22,5.5,11.8,487,0.0,0.0,0,0.0,0.0,0,129018.00,0.00,0.00,220,12.81,3.06,0.00,8.0,4.998,4.998,4.998,4.998,88
2022-03-05 08:53:22,7.8,13.2,501,0.0,0.0,0,0.0,0.0,0,129519.00,0.00,0.00,208,12.81,2.89,0.00,8.0,4.998,4.998,4.998,4.998,216
2022-03-05 08:54:22,8.9,14.8,456,0.0,0.0,0,0.0,0.0,0,129975.00,0.00,0.00,193,12.81,2.69,0.00,8.0,4.998,4.998,4.998,4.998,84
2022-03-05 08:55:22,10.0,17.9,648,0.0,0.0,0,0.0,0.0,0,130623.00,0.00,0.00,181,12.81,2.52,0.00,8.0,4.998,4.998,4.998,4.998,71
2022-03-05 08:56:22,11.9,14.0,618,0.0,0.0,0,0.0,0.0,0,131241.00,0.00,0.00,230,12.81,3.20,0.00,8.5,4.998,4.998,4.998,4.998,42
2022-03-05 08:57:22,9.5,19.3,571,0.0,0.0,0,0.0,0.0,0,131812.00,0.00,0.00,183,12.81,2.55,0.00,8.0,4.998,4.998,4.998,4.998,45
2022-03-05 08:58:22,12.9,16.8,699,0.0,0.0,0,0.0,0.0,0,132511.00,0.00,0.00,170,12.81,2.37,0.00,8.5,4.998,4.998,4.998,4.998,74
2022-03-05 08:59:22,8.7,18.0,693,0.0,0.0,0,0.0,0.0,0,133204.00,0.00,0.00,209,12.81,2.91,0.00,8.0,4.998,4.998,4.998,4.998,197
2022-03-05 09:00:22,9.0,24.3,743,0.0,0.0,0,0.0,0.0,0,133947.00,0.00,0.00,198,12.81,2.75,0.00,8.5,4.998,4.998,4.998,4.998,210
2022-03-05 09:01:22,8.0,18.9,658,0.0,0.0,0,0.0,0.0,0,134605.00,0.00,0.00,176,12.81,2.45,0.00,8.0,4.998,4.998,4.998,4.998,149
2022-03-05 09:02:22,8.1,18.3,633,0.0,0.0,0,0.0,0.0,0,135238.00,0.00,0.00,170,12.81,2.37,0.00,8.0,4.998,4.998,4.998,4.998,134
2022-03-05 09:03:22,11.5,19.8,778,0.0,0.0,0,0.0,0.0,0,136016.00,0.00,0.00,165,12.81,2.30,0.00,8.0,4.998,4.998,4.998,4.998,187
2022-03-05 09:04:22,13.4,19.9,664,0.0,0.0,0,0.0,0.0,0,136680.00,0.00,0.00,190,12.81,2.64,0.00,8.0,4.998,4.998,4.998,4.998,138
2022-03-05 09:05:22,6.1,13.7,584,0.0,0.0,0,0.0,0.0,0,137264.00,0.00,0.00,180,12.81,2.50,0.00,8.0,4.998,4.998,4.998,4.998,38
2022-03-05 09:06:22,10.9,17.8,550,0.0,0.0,0,0.0,0.0,0,137814.00,0.00,0.00,199,12.81,2.76,0.00,8.0,4.998,4.998,4.998,4.998,248
2022-03-05 09:07:22,16.4,17.2,654,0.0,0.0,0,0.0,0.0,0,138468.00,0.00,0.00,169,12.81,2.35,0.00,8.0,4.998,4.998,4.998,4.998,202
2022-03-05 09:08:22,12.7,17.4,798,0.0,0.0,0,0.0,0.0,0,139266.00,0.00,0.00,186,12.81,2.58,0.00,8.0,4.998,4.998,4.998,4.998,113
2022-03-05 09:09:22,12.6,16.3,632,0.0,0.0,0,0.0,0.0,0,139898.00,0.00,0.00,215,12.81,2.99,0.00,8.0,4.998,4.998,4.998,4.998,134
2022-03-05 09:10:22,6.5,18.9,760,0.0,0.0,0,0.0,0.0,0,140658.00,0.00,0.00,184,12.81,2.56,0.00,8.5,4.998,4.998,4.998,4.998,113
2022-03-05 09:11:22,14.3,15.1,433,0.0,0.0,0,0.0,0.0,0,141091.00,0.00,0.00,169,12.81,2.35,0.00,8.0,4.998,4.998,4.998,4.998,154
2022-03-05 09:12:22,5.4,20.8,712,0.0,0.0,0,0.0,0.0,0,141803.00,0.00,0.00,169,12.81,2.35,0.00,8.0,4.998,4.998,4.998,4.998,79
2022-03-05 09:13:22,10.3,12.3,478,0.0,0.0,0,0.0,0.0,0,142281.00,0.00,0.00,219,12.81,3.04,0.00,8.0,4.998,4.998,4.998,4.998,67
2022-03-05 09:14:22,9.3,12.3,565,0.0,0.0,0,0.0,0.0,0,142846.00,0.00,0.00,228,12.81,3.16,0.00,8.0,4.998,4.998,4.998,4.998,246
2022-03-05 09:15:22,7.3,10.7,492,0.0,0.0,0,0.0,0.0,0,143338.00,0.00,0.00,189,12.81,2.62,0.00,8.0,4.998,4.998,4.998,4.998,113
2022-03-05 09:16:22,16.5,19.1,707,0.0,0.0,0,0.0,0.0,0,144045.00,0.00,0.00,189,12.81,2.62,0.00,8.0,4.998,4.998,4.998,4.998,137
2022-03-05 09:17:22,7.7,21.1,809,0.0,0.0,0,0.0,0.0,0,144854.00,0.00,0.00,173,12.81,2.41,0.00,8.5,4.998,4.998,4.998,4.998,13
2022-03-05 09:18:22,11.4,18.7,665,0.0,0.0,0,0.0,0.0,0,145519.00,0.00,0.00,189,12.81,2.62,0.00,8.5,4.998,4.998,4.998,4.998,225
2022-03-05 09:19:22,6.9,14.5,448,0.0,0.0,0,0.0,0.0,0,145967.00,0.00,0.00,188,12.81,2.61,0.00,8.0,4.998,4.998,4.998,4.998,47
2022-03-05 09:20:22,8.6,11.7,500,0.0,0.0,0,0.0,0.0,0,146467.00,0.00,0.00,187,12.81,2.60,0.00,8.0,4.998,4.998,4.998,4.998,235
2022-03-05 09:21:22,15.0,24.6,794,0.0,0.0,0,0.0,0.0,0,147261.00,0.00,0.00,203,12.85,2.83,0.00,8.5,4.998,4.998,4.998,4.998,8
2022-03-05 09:22:22,4.9,19.4,610,0.0,0.0,0,0.0,0.0,0,147871.00,0.00,0.00,215,12.85,2.99,0.00,8.0,4.998,4.998,4.998,4.998,173
2022-03-05 09:23:22,12.1,16.8,623,0.0,0.0,0,0.0,0.0,0,148494.00,0.00,0.00,228,12.85,3.17,0.00,8.0,4.998,4.998,4.998,4.998,50
2022-03-05 09:24:22,10.2,16.4,713,0.0,0.0,0,0.0,0.0,0,149207.00,0.00,0.00,188,12.85,2.62,0.00,8.5,4.998,4.998,4.998,4.998,179
2022-03-05 09:25:22,11.3,20.8,664,0.0,0.0,0,0.0,0.0,0,149871.00,0.00,0.00,162,12.85,2.25,0.00,8.0,4.998,4.998,4.998,4.998,55
2022-03-05 09:26:22,11.8,13.7,552,0.0,0.0,0,0.0,0.0,0,150423.00,0.00,0.00,203,12.85,2.83,0.00,8.0,4.998,4.998,4.998,4.998,138
2022-03-05 09:27:22,8.2,15.8,643,0.0,0.0,0,0.0,0.0,0,151066.00,0.00,0.00,214,12.89,2.98,0.00,8.5,4.998,4.998,4.998,4.998,92
2022-03-05 09:28:22,7.6,19.8,699,0.0,0.0,0,0.0,0.0,0,151765.00,0.00,0.00,219,12.89,3.04,0.00,8.5,4.998,4.998,4.998,4.998,206
2022-03-05 09:29:22,15.4,18.3,614,0.0,0.0,0,0.0,0.0,0,152379.00,0.00,0.00,220,12.92,3.06,0.00,8.0,4.998,4.998,4.998,4.998,163
2022-03-05 09:30:22,12.4,16.7,615,0.0,0.0,0,0.0,0.0,0,152994.00,0.00,0.00,186,12.92,2.58,0.00,8.5,4.998,4.998,4.998,4.998,148
2022-03-05 09:31:22,7.6,20.1,673,0.0,0.0,0,0.0,0.0,0,153667.00,0.00,0.00,201,12.96,2.80,0.00,8.0,4.998,4.998,4.998,4.998,204
2022-03-05 09:32:22,12.9,17.9,671,0.0,0.0,0,0.0,0.0,0,154338.00,0.00,0.00,208,12.96,2.89,0.00,8.5,4.998,4.998,4.998,4.998,121
2022-03-05 09:33:22,11.2,18.6,744,0.0,0.0,0,0.0,0.0,0,155082.00,0.00,0.00,176,13.00,2.45,0.00,8.5,4.998,4.998,4.998,4.998,41
2022-03-05 09:34:22,9.4,18.2,726,0.0,0.0,0,0.0,0.0,0,155808.00,0.00,0.00,177,13.00,2.46,0.00,8.5,4.998,4.998,4.998,4.998,98
2022-03-05 09:35:22,16.1,25.8,960,0.0,0.0,0,0.0,0.0,0,156768.00,0.00,0.00,204,13.00,2.84,0.00,8.5,4.998,4.998,4.998,4.998,142
2022-03-05 09:36:22,13.9,20.0,833,0.0,0.0,0,0.0,0.0,0,157601.00,0.00,0.00,191,13.00,2.66,0.00,8.5,4.998,4.998,4.998,4.998,121
2022-03-05 09:37:22,15.2,18.2,843,0.0,0.0,0,0.0,0.0,0,158444.00,0.00,0.00,202,13.04,2.81,0.00,9.0,4.998,4.998,4.998,4.998,114
2022-03-05 09:38:22,15.1,20.2,985,0.0,0.0,0,0.0,0.0,0,159429.00,0.00,0.00,210,13.04,2.91,0.00,8.5,4.998,4.998,4.998,4.998,63
2022-03-05 09:39:22,15.2,21.5,784,0.0,0.0,0,0.0,0.0,0,160213.00,0.00,0.00,213,13.04,2.96,0.00,8.5,4.998,4.998,4.998,4.998,78
2022-03-05 09:40:22,9.9,21.6,732,0.0,0.0,0,0.0,0.0,0,160945.00,0.00,0.00,191,13.04,2.65,0.00,8.0,4.998,4.998,4.998,4.998,31
2022-03-05 09:41:22,15.6,16.6,583,0.0,0.0,0,0.0,0.0,0,161528.00,0.00,0.00,198,13.04,2.76,0.00,8.0,4.998,4.998,4.998,4.998,63
2022-03-05 09:42:22,10.4,17.6,801,0.0,0.0,0,0.0,0.0,0,162329.00,0.00,0.00,183,13.00,2.54,0.00,8.0,4.998,4.998,4.998,4.998,109
2022-03-05 09:43:22,12.0,14.9,648,0.0,0.0,0,0.0,0.0,0,162977.00,0.00,0.00,209,13.04,2.90,0.00,8.0,4.998,4.998,4.998,4.998,0
2022-03-05 09:44:22,18.0,22.8,901,0.0,0.0,0,0.0,0.0,0,163878.00,0.00,0.00,227,13.04,3.15,0.00,8.0,4.998,4.998,4.998,4.998,50
2022-03-05 09:45:22,14.4,21.8,830,0.0,0.0,0,0.0,0.0,0,164708.00,0.00,0.00,208,13.04,2.90,0.00,8.5,4.998,4.998,4.998,4.998,111
2022-03-05 09:46:22,11.0,19.6,698,0.0,0.0,0,0.0,0.0,0,165406.00,0.00,0.00,191,13.04,2.65,0.00,8.0,4.998,4.998,4.998,4.998,138
2022-03-05 09:47:22,24.9,28.6,1148,0.0,0.0,0,0.0,0.0,0,166554.00,0.00,0.00,205,13.04,2.85,0.00,8.5,4.998,4.998,4.998,4.998,149
2022-03-05 09:48:22,11.9,24.7,896,0.0,0.0,0,0.0,0.0,0,167450.00,0.00,0.00,212,13.12,2.95,0.00,8.5,4.998,4.998,4.998,4.998,168
2022-03-05 09:49:22,11.6,17.6,757,0.0,0.0,0,0.0,0.0,0,168207.00,0.00,0.00,221,13.16,3.07,0.00,8.0,4.998,4.998,4.998,4.998,198
2022-03-05 09:50:22,10.8,17.6,691,0.0,0.0,0,0.0,0.0,0,168898.00,0.00,0.00,206,13.16,2.86,0.00,8.5,4.998,4.998,4.998,4.998,133
2022-03-05 09:51:22,13.9,16.3,637,0.0,0.0,0,0.0,0.0,0,169535.00,0.00,0.00,209,13.16,2.91,0.00,8.0,4.998,4.998,4.998,4.998,186
2022-03-05 09:52:22,10.4,18.0,757,0.0,0.0,0,0.0,0.0,0,170292.00,0.00,0.00,188,13.20,2.61,0.00,8.0,4.998,4.998,4.998,4.998,13
2022-03-05 09:53:22,6.3,14.4,661,0.0,0.0,0,0.0,0.0,0,170953.00,0.00,0.00,217,13.20,3.02,0.00,8.5,4.998,4.998,4.998,4.998,82
2022-03-05 09:54:22,11.0,23.0,730,0.0,0.0,0,0.0,0.0,0,171683.00,0.00,0.00,193,13.24,2.68,0.00,8.5,4.998,4.998,4.998,4.998,90
2022-03-05 09:55:22,20.0,20.2,594,0.0,0.0,0,0.0,0.0,0,172277.00,0.00,0.00,210,13.24,2.92,0.00,8.5,4.998,4.998,4.998,4.998,111
2022-03-05 09:56:22,13.3,21.3,736,0.0,0.0,0,0.0,0.0,0,173013.00,0.00,0.00,212,13.24,2.95,0.00,8.0,4.998,4.998,4.998,4.998,122
2022-03-05 09:57:22,15.4,24.5,794,0.0,0.0,0,0.0,0.0,0,173807.00,0.00,0.00,202,13.20,2.80,0.00,8.5,4.998,4.998,4.998,4.998,153
2022-03-05 09:58:22,9.7,21.7,846,0.0,0.0,0,0.0,0.0,0,174653.00,0.00,0.00,162,13.20,2.26,0.00,8.5,4.998,4.998,4.998,4.998,199
2022-03-05 09:59:22,21.2,21.6,931,0.0,0.0,0,0.0,0.0,0,175584.00,0.00,0.00,185,13.20,2.57,0.00,8.5,4.998,4.998,4.998,4.998,8
2022-03-05 10:00:22,7.3,21.2,884,0.0,0.0,0,0.0,0.0,0,176468.00,0.00,0.00,217,13.20,3.02,0.00,8.5,4.998,4.998,4.998,4.998,140
2022-03-05 10:01:22,10.7,20.7,704,0.0,0.0,0,0.0,0.0,0,177172.00,0.00,0.00,176,13.16,2.44,0.00,8.5,4.998,4.998,4.998,4.998,163
2022-03-05 10:02:22,14.4,25.5,758,0.0,0.0,0,0.0,0.0,0,177930.00,0.00,0.00,228,13.16,3.16,0.00,8.5,4.998,4.998,4.998,4.998,165
2022-03-05 10:03:22,6.2,15.0,638,0.0,0.0,0,0.0,0.0,0,178568.00,0.00,0.00,213,13.16,2.96,0.00,8.5,4.998,4.998,4.998,4.998,189
2022-03-05 10:04:22,12.0,25.0,970,0.0,0.0,0,0.0,0.0,0,179538.00,0.00,0.00,214,13.16,2.98,0.00,8.5,4.998,4.998,4.998,4.998,19
2022-03-05 10:05:22,10.6,18.2,679,0.0,0.0,0,0.0,0.0,0,180217.00,0.00,0.00,173,13.16,2.41,0.00,8.5,4.998,4.998,4.998,4.998,168
2022-03-05 10:06:22,9.6,14.3,621,0.0,0.0,0,0.0,0.0,0,180838.00,0.00,0.00,196,13.16,2.72,0.00,8.5,4.998,4.998,4.998,4.998,106
2022-03-05 10:07:22,7.4,17.3,663,0.0,0.0,0,0.0,0.0,0,181501.00,0.00,0.00,214,13.20,2.98,0.00,8.5,4.998,4.998,4.998,4.998,12
2022-03-05 10:08:22,15.1,17.7,693,0.0,0.0,0,0.0,0.0,0,182194.00,0.00,0.00,215,13.16,2.98,0.00,8.5,4.998,4.998,4.998,4.998,56
2022-03-05 10:09:22,10.5,16.7,773,0.0,0.0,0,0.0,0.0,0,182967.00,0.00,0.00,188,13.16,2.62,0.00,8.5,4.998,4.998,4.998,4.998,10
2022-03-05 10:10:22,11.0,16.3,611,0.0,0.0,0,0.0,0.0,0,183578.00,0.00,0.00,208,13.20,2.89,0.00,8.5,4.998,4.998,4.998,4.998,45
2022-03-05 10:11:22,8.2,16.1,646,0.0,0.0,0,0.0,0.0,0,184224.00,0.00,0.00,203,13.24,2.82,0.00,8.5,4.998,4.998,4.998,4.998,159
2022-03-05 10:12:22,9.9,17.0,537,0.0,0.0,0,0.0,0.0,0,184761.00,0.00,0.00,225,13.24,3.12,0.00,8.5,4.998,4.998,4.998,4.998,218
2022-03-05 10:13:22,6.5,20.3,722,0.0,0.0,0,0.0,0.0,0,185483.00,0.00,0.00,203,13.28,2.82,0.00,9.0,4.998,4.998,4.998,4.998,179
2022-03-05 10:14:22,9.7,12.0,581,0.0,0.0,0,0.0,0.0,0,186064.00,0.00,0.00,189,13.28,2.63,0.00,8.5,4.998,4.998,4.998,4.998,9
2022-03-05 10:15:22,9.5,17.5,811,0.0,0.0,0,0.0,0.0,0,186875.00,0.00,0.00,220,13.32,3.06,0.00,8.5,4.998,4.998,4.998,4.998,71
2022-03-05 10:16:22,10.3,20.4,723,0.0,0.0,0,0.0,0.0,0,187598.00,0.00,0.00,185,13.32,2.58,0.00,9.0,4.998,4.998,4.998,4.998,236
2022-03-05 10:17:22,7.6,12.4,548,0.0,0.0,0,0.0,0.0,0,188146.00,0.00,0.00,187,13.32,2.59,0.00,8.5,4.998,4.998,4.998,4.998,109
2022-03-05 10:18:22,9.8,17.5,449,0.0,0.0,0,0.0,0.0,0,188595.00,0.00,0.00,227,13.32,3.16,0.00,8.5,4.998,4.998,4.998,4.998,90
2022-03-05 10:19:22,14.2,21.9,729,0.0,0.0,0,0.0,0.0,0,189324.00,0.00,0.00,192,13.28,2.67,0.00,9.0,4.998,4.998,4.998,4.998,147
2022-03-05 10:20:22,11.1,25.2,885,0.0,0.0,0,0.0,0.0,0,190209.00,0.00,0.00,193,13.32,2.69,0.00,9.0,4.998,4.998,4.998,4.998,229
2022-03-05 10:21:22,4.4,16.2,551,0.0,0.0,0,0.0,0.0,0,190760.00,0.00,0.00,157,13.28,2.18,0.00,9.0,4.998,4.998,4.998,4.998,33
2022-03-05 10:22:22,9.1,20.8,706,0.0,0.0,0,0.0,0.0,0,191466.00,0.00,0.00,164,13.28,2.28,0.00,9.0,4.998,4.998,4.998,4.998,197
2022-03-05 10:23:22,12.1,25.3,930,0.0,0.0,0,0.0,0.0,0,192396.00,0.00,0.00,203,13.28,2.82,0.00,9.0,4.998,4.998,4.998,4.998,32
2022-03-05 10:24:22,14.9,17.2,779,0.0,0.0,0,0.0,0.0,0,193175.00,0.00,0.00,183,13.32,2.55,0.00,9.0,4.998,4.998,4.998,4.998,243
2022-03-05 10:25:22,12.9,20.2,938,0.0,0.0,0,0.0,0.0,0,194113.00,0.00,0.00,188,13.35,2.61,0.00,9.0,4.998,4.998,4.998,4.998,171
2022-03-05 10:26:22,8.0,17.8,654,0.0,0.0,0,0.0,0.0,0,194767.00,0.00,0.00,215,13.43,2.99,0.00,8.5,4.998,4.998,4.998,4.998,50
2022-03-05 10:27:22,18.3,21.7,679,0.0,0.0,0,0.0,0.0,0,195446.00,0.00,0.00,227,13.47,3.16,0.00,9.0,4.998,4.998,4.998,4.998,127
2022-03-05 10:28:22,7.2,20.3,719,0.0,0.0,0,0.0,0.0,0,196165.00,0.00,0.00,174,13.51,2.41,0.00,9.0,4.998,4.998,4.998,4.998,15
2022-03-05 10:29:22,3.8,16.0,596,0.0,0.0,0,0.0,0.0,0,196761.00,0.00,0.00,230,13.51,3.20,0.00,9.0,4.998,4.998,4.998,4.998,61
2022-03-05 10:30:22,11.0,20.3,656,0.0,0.0,0,0.0,0.0,0,197417.00,0.00,0.00,183,13.51,2.55,0.00,9.0,4.998,4.998,4.998,4.998,46
2022-03-05 10:31:22,9.8,14.3,616,0.0,0.0,0,0.0,0.0,0,198033.00,0.00,0.00,184,13.51,2.56,0.00,9.0,4.998,4.998,4.998,4.998,226
2022-03-05 10:32:22,9.7,14.9,685,0.0,0.0,0,0.0,0.0,0,198718.00,0.00,0.00,169,13.55,2.34,0.00,9.0,4.998,4.998,4.998,4.998,131
2022-03-05 10:33:22,13.4,18.6,720,0.0,0.0,0,0.0,0.0,0,199438.00,0.00,0.00,181,13.55,2.52,0.00,9.0,4.998,4.998,4.998,4.998,85
2022-03-05 10:34:22,14.4,21.4,911,0.0,0.0,0,0.0,0.0,0,200349.00,0.00,0.00,198,13.59,2.76,0.00,9.5,4.998,4.998,4.998,4.998,176
2022-03-05 10:35:22,10.6,17.1,735,0.0,0.0,0,0.0,0.0,0,201084.00,0.00,0.00,212,13.59,2.94,0.00,9.0,4.998,4.998,4.998,4.998,150
2022-03-05 10:36:22,11.2,20.7,673,0.0,0.0,0,0.0,0.0,0,201757.00,0.00,0.00,195,13.59,2.71,0.00,9.5,4.998,4.998,4.998,4.998,198
2022-03-05 10:37:22,8.3,16.6,629,0.0,0.0,0,0.0,0.0,0,202386.00,0.00,0.00,178,13.59,2.48,0.00,9.5,4.998,4.998,4.998,4.998,208
2022-03-05 10:38:22,6.9,20.9,721,0.0,0.0,0,0.0,0.0,0,203107.00,0.00,0.00,209,13.55,2.90,0.00,9.0,4.998,4.998,4.998,4.998,106
2022-03-05 10:39:22,10.1,21.6,661,0.0,0.0,0,0.0,0.0,0,203768.00,0.00,0.00,201,13.59,2.79,0.00,9.0,4.998,4.998,4.998,4.998,65
2022-03-05 10:40:22,7.8,16.6,620,0.0,0.0,0,0.0,0.0,0,204388.00,0.00,0.00,179,13.59,2.49,0.00,9.5,4.998,4.998,4.998,4.998,88
2022-03-05 10:41:22,11.8,19.3,672,0.0,0.0,0,0.0,0.0,0,205060.00,0.00,0.00,182,13.63,2.53,0.00,9.5,4.998,4.998,4.998,4.998,254
2022-03-05 10:42:22,10.6,16.7,569,0.0,0.0,0,0.0,0.0,0,205629.00,0.00,0.00,220,13.63,3.06,0.00,9.5,4.998,4.998,4.998,4.998,162
2022-03-05 10:43:22,5.0,13.4,542,0.0,0.0,0,0.0,0.0,0,206171.00,0.00,0.00,179,13.71,2.49,0.00,9.0,4.998,4.998,4.998,4.998,7
2022-03-05 10:44:22,19.1,19.1,721,0.0,0.0,0,0.0,0.0,0,206892.00,0.00,0.00,209,13.74,2.91,0.00,9.5,4.998,4.998,4.998,4.998,138
2022-03-05 10:45:22,12.0,22.9,852,0.0,0.0,0,0.0,0.0,0,207744.00,0.00,0.00,193,13.78,2.68,0.00,9.5,4.998,4.998,4.998,4.998,152
2022-03-05 10:46:22,11.2,17.3,677,0.0,0.0,0,0.0,0.0,0,208421.00,0.00,0.00,246,13.82,3.41,0.00,10.0,4.998,4.998,4.998,4.998,245
2022-03-05 10:47:22,13.2,15.0,697,0.0,0.0,0,0.0,0.0,0,209118.00,0.00,0.00,158,13.78,2.20,0.00,9.5,4.998,4.998,4.998,4.998,144
2022-03-05 10:48:22,4.4,16.0,596,0.0,0.0,0,0.0,0.0,0,209714.00,0.00,0.00,229,13.78,3.19,0.00,9.5,4.998,4.998,4.998,4.998,129
2022-03-05 10:49:22,8.7,17.6,585,0.0,0.0,0,0.0,0.0,0,210299.00,0.00,0.00,214,13.74,2.98,0.00,10.0,4.998,4.998,4.998,4.998,181
2022-03-05 10:50:22,10.2,18.5,708,0.0,0.0,0,0.0,0.0,0,211007.00,0.00,0.00,192,13.74,2.67,0.00,9.5,4.998,4.998,4.998,4.998,46
2022-03-05 10:51:22,7.4,17.0,722,0.0,0.0,0,0.0,0.0,0,211729.00,0.00,0.00,219,13.71,3.05,0.00,9.5,4.998,4.998,4.998,4.998,242
2022-03-05 10:52:22,5.7,15.3,606,0.0,0.0,0,0.0,0.0,0,212335.00,0.00,0.00,203,13.71,2.82,0.00,9.0,4.998,4.998,4.998,4.998,46
2022-03-05 10:53:22,8.0,14.3,583,0.0,0.0,0,0.0,0.0,0,212918.00,0.00,0.00,182,13.71,2.52,0.00,9.5,4.998,4.998,4.998,4.998,86
2022-03-05 10:54:22,8.0,12.8,570,0.0,0.0,0,0.0,0.0,0,213488.00,0.00,0.00,203,13.71,2.83,0.00,9.0,4.998,4.998,4.998,4.998,71
2022-03-05 10:55:22,7.3,9.7,436,0.0,0.0,0,0.0,0.0,0,213924.00,0.00,0.00,181,13.71,2.51,0.00,9.5,4.998,4.998,4.998,4.998,184
2022-03-05 10:56:22,16.4,19.6,584,0.0,0.0,0,0.0,0.0,0,214508.00,0.00,0.00,225,13.67,3.12,0.00,9.5,4.998,4.998,4.998,4.998,144
2022-03-05 10:57:22,11.0,16.9,670,0.0,0.0,0,0.0,0.0,0,215178.00,0.00,0.00,174,13.67,2.42,0.00,9.5,4.998,4.998,4.998,4.998,191
2022-03-05 10:58:22,5.5,14.0,489,0.0,0.0,0,0.0,0.0,0,215667.00,0.00,0.00,171,13.67,2.38,0.00,9.5,4.998,4.998,4.998,4.998,92
2022-03-05 10:59:22,5.3,10.5,433,0.0,0.0,0,0.0,0.0,0,216100.00,0.00,0.00,152,13.67,2.12,0.00,9.5,4.998,4.998,4.998,4.998,42
2022-03-05 11:00:22,10.7,18.3,664,0.0,0.0,0,0.0,0.0,0,216764.00,0.00,0.00,147,13.67,2.04,0.00,9.5,4.998,4.998,4.998,4.998,120
2022-03-05 11:01:22,14.3,21.6,892,0.0,0.0,0,0.0,0.0,0,217656.00,0.00,0.00,206,13.67,2.87,0.00,9.5,4.998,4.998,4.998,4.998,34
2022-03-05 11:02:22,15.5,18.6,727,0.0,0.0,0,0.0,0.0,0,218383.00,0.00,0.00,187,13.67,2.59,0.00,9.5,4.998,4.998,4.998,4.998,122
2022-03-05 11:03:22,11.5,16.5,764,0.0,0.0,0,0.0,0.0,0,219147.00,0.00,0.00,191,13.67,2.66,0.00,9.5,4.998,4.998,4.998,4.998,133
2022-03-05 11:04:22,11.6,16.5,720,0.0,0.0,0,0.0,0.0,0,219867.00,0.00,0.00,200,13.63,2.78,0.00,9.5,4.998,4.998,4.998,4.998,73
2022-03-05 11:05:22,12.2,23.7,826,0.0,0.0,0,0.0,0.0,0,220693.00,0.00,0.00,200,13.59,2.78,0.00,9.5,4.998,4.998,4.998,4.998,246
2022-03-05 11:06:22,6.7,15.5,617,0.0,0.0,0,0.0,0.0,0,221310.00,0.00,0.00,209,13.59,2.91,0.00,9.5,4.998,4.998,4.998,4.998,204
2022-03-05 11:07:22,8.3,14.1,509,0.0,0.0,0,0.0,0.0,0,221819.00,0.00,0.00,207,13.59,2.88,0.00,9.0,4.998,4.998,4.998,4.998,66
2022-03-05 11:08:22,7.0,19.8,698,0.0,0.0,0,0.0,0.0,0,222517.00,0.00,0.00,159,13.63,2.22,0.00,9.5,4.998,4.998,4.998,4.998,140
2022-03-05 11:09:22,10.8,20.4,675,0.0,0.0,0,0.0,0.0,0,223192.00,0.00,0.00,214,13.67,2.97,0.00,9.5,4.998,4.998,4.998,4.998,197
2022-03-05 11:10:22,8.5,19.9,629,0.0,0.0,0,0.0,0.0,0,223821.00,0.00,0.00,209,13.71,2.91,0.00,10.0,4.998,4.998,4.998,4.998,243
2022-03-05 11:11:22,11.3,17.0,717,0.0,0.0,0,0.0,0.0,0,224538.00,0.00,0.00,164,13.78,2.28,0.00,10.0,4.998,4.998,4.998,4.998,177
2022-03-05 11:12:22,22.4,27.5,844,0.0,0.0,0,0.0,0.0,0,225382.00,0.00,0.00,168,13.90,2.33,0.00,10.0,4.998,4.998,4.998,4.998,55
2022-03-05 11:13:22,13.7,23.1,812,0.0,0.0,0,0.0,0.0,0,226194.00,0.00,0.00,198,13.98,2.76,0.00,10.0,4.998,4.998,4.998,4.998,103
2022-03-05 11:14:22,11.8,18.9,702,0.0,0.0,0,0.0,0.0,0,226896.00,0.00,0.00,250,14.10,3.47,0.00,10.0,4.998,4.998,4.998,4.998,152
2022-03-05 11:15:22,13.4,21.3,813,0.0,0.0,0,0.0,0.0,0,227709.00,0.00,0.00,176,14.17,2.45,0.00,10.0,4.998,4.998,4.998,4.998,80
2022-03-05 11:16:22,11.9,17.6,728,0.0,0.0,0,0.0,0.0,0,228437.00,0.00,0.00,160,14.21,2.22,0.00,10.0,4.998,4.998,4.998,4.998,12
2022-03-05 11:17:22,12.1,19.8,835,0.0,0.0,0,0.0,0.0,0,229272.00,0.00,0.00,175,14.25,2.43,0.00,10.0,4.998,4.998,4.998,4.998,55
2022-03-05 11:18:22,6.3,17.3,693,0.0,0.0,0,0.0,0.0,0,229965.00,0.00,0.00,190,14.37,2.65,0.00,10.5,4.998,4.998,4.998,4.998,18
2022-03-05 11:19:22,7.3,15.3,672,0.0,0.0,0,0.0,0.0,0,230637.00,0.00,0.00,218,14.53,3.03,0.00,10.0,4.998,4.998,4.998,4.998,205
2022-03-05 11:20:22,8.1,19.1,830,0.0,0.0,0,0.0,0.0,0,231467.00,0.00,0.00,190,14.60,2.65,0.00,10.5,4.998,4.998,4.998,4.998,248
2022-03-05 11:21:22,7.9,21.0,830,0.0,0.0,0,0.0,0.0,0,232297.00,0.00,0.00,181,14.53,2.51,0.00,11.0,4.998,4.998,4.998,4.998,26
2022-03-05 11:22:22,11.1,16.8,738,0.0,0.0,0,0.0,0.0,0,233035.00,0.00,0.00,142,14.57,1.97,0.00,11.0,4.998,4.998,4.998,4.998,144
2022-03-05 11:23:22,6.8,16.2,744,0.0,0.0,0,0.0,0.0,0,233779.00,0.00,0.00,208,14.57,2.89,0.00,11.0,4.998,4.998,4.998,4.998,145
2022-03-05 11:24:22,6.6,13.2,543,0.0,0.0,0,0.0,0.0,0,234322.00,0.00,0.00,206,14.57,2.87,0.00,11.5,4.998,4.998,4.998,4.998,125
2022-03-05 11:25:22,10.7,18.1,600,0.0,0.0,0,0.0,0.0,0,234922.00,0.00,0.00,173,14.60,2.41,0.00,11.5,4.998,4.998,4.998,4.998,88
2022-03-05 11:26:22,9.9,18.9,778,0.0,0.0,0,0.0,0.0,0,235700.00,0.00,0.00,193,14.53,2.68,0.00,11.5,4.998,4.998,4.998,4.998,152
2022-03-05 11:27:22,12.3,18.7,618,0.0,0.0,0,0.0,0.0,0,236318.00,0.00,0.00,205,14.53,2.85,0.00,11.0,4.998,4.998,4.998,4.998,223
2022-03-05 11:28:22,11.3,17.7,578,0.0,0.0,0,0.0,0.0,0,236896.00,0.00,0.00,225,14.45,3.12,0.00,10.5,4.998,4.998,4.998,4.998,82
2022-03-05 11:29:22,11.7,24.7,1011,0.0,0.0,0,0.0,0.0,0,237907.00,0.00,0.00,205,14.37,2.85,0.00,11.0,4.998,4.998,4.998,4.998,59
2022-03-05 11:30:22,15.7,20.6,838,0.0,0.0,0,0.0,0.0,0,238745.00,0.00,0.00,196,14.33,2.72,0.00,11.0,4.998,4.998,4.998,4.998,121
2022-03-05 11:31:22,8.9,16.4,578,0.0,0.0,0,0.0,0.0,0,239323.00,0.00,0.00,185,14.29,2.57,0.00,10.5,4.998,4.998,4.998,4.998,36
2022-03-05 11:32:22,12.7,18.3,743,0.0,0.0,0,0.0,0.0,0,240066.00,0.00,0.00,204,14.25,2.83,0.00,11.0,4.998,4.998,4.998,4.998,200
2022-03-05 11:33:22,11.0,17.4,709,0.0,0.0,0,0.0,0.0,0,240775.00,0.00,0.00,208,14.17,2.89,0.00,10.5,4.998,4.998,4.998,4.998,7
2022-03-05 11:34:22,5.0,15.8,559,0.0,0.0,0,0.0,0.0,0,241334.00,0.00,0.00,214,14.14,2.97,0.00,10.5,4.998,4.998,4.998,4.998,229
2022-03-05 11:35:22,7.0,9.8,337,0.0,0.0,0,0.0,0.0,0,241671.00,0.00,0.00,206,14.10,2.86,0.00,10.5,4.998,4.998,4.998,4.998,124
2022-03-05 11:36:22,9.8,17.6,621,0.0,0.0,0,0.0,0.0,0,242292.00,0.00,0.00,226,14.14,3.14,0.00,10.5,4.998,4.998,4.998,4.998,203
2022-03-05 11:37:22,11.3,15.1,465,0.0,0.0,0,0.0,0.0,0,242757.00,0.00,0.00,200,14.14,2.78,0.00,11.0,4.998,4.998,4.998,4.998,97
2022-03-05 11:38:22,8.0,11.6,544,0.0,0.0,0,0.0,0.0,0,243301.00,0.00,0.00,200,14.21,2.78,0.00,10.5,4.998,4.998,4.998,4.998,18
2022-03-05 11:39:22,9.3,11.3,504,0.0,0.0,0,0.0,0.0,0,243805.00,0.00,0.00,188,14.25,2.61,0.00,10.5,4.998,4.998,4.998,4.998,88
2022-03-05 11:40:22,5.2,10.3,451,0.0,0.0,0,0.0,0.0,0,244256.00,0.00,0.00,207,14.45,2.88,0.00,11.0,4.998,4.998,4.998,4.998,133
2022-03-05 11:41:22,10.5,11.0,422,0.0,0.0,0,0.0,0.0,0,244678.00,0.00,0.00,157,14.60,2.18,0.00,11.0,4.998,4.998,4.998,4.998,238
2022-03-05 11:42:22,8.7,15.3,521,0.0,0.0,0,0.0,0.0,0,245199.00,0.00,0.00,204,14.57,2.84,0.00,11.0,4.998,4.998,4.998,4.998,102
2022-03-05 11:43:22,8.6,12.6,544,0.0,0.0,0,0.0,0.0,0,245743.00,0.00,0.00,186,14.60,2.58,0.00,11.0,4.998,4.998,4.998,4.998,149
2022-03-05 11:44:22,12.9,19.4,549,0.0,0.0,0,0.0,0.0,0,246292.00,0.00,0.00,172,14.60,2.39,0.00,11.5,4.998,4.998,4.998,4.998,25
2022-03-05 11:45:22,11.9,13.5,582,0.0,0.0,0,0.0,0.0,0,246874.00,0.00,0.00,184,14.60,2.56,0.00,11.5,4.998,4.998,4.998,4.998,161
2022-03-05 11:46:22,11.6,20.5,755,0.0,0.0,0,0.0,0.0,0,247629.00,0.00,0.00,211,14.57,2.93,0.00,11.5,4.998,4.998,4.998,4.998,198
2022-03-05 11:47:22,15.3,15.9,647,0.0,0.0,0,0.0,0.0,0,248276.00,0.00,0.00,215,14.60,2.99,0.00,11.5,4.998,4.998,4.998,4.998,163
2022-03-05 11:48:22,10.4,16.0,589,0.0,0.0,0,0.0,0.0,0,248865.00,0.00,0.00,187,14.60,2.60,0.00,11.5,4.998,4.998,4.998,4.998,99
2022-03-05 11:49:22,8.0,14.1,552,0.0,0.0,0,0.0,0.0,0,249417.00,0.00,0.00,177,14.57,2.46,0.00,11.5,4.998,4.998,4.998,4.998,110
2022-03-05 11:50:22,10.3,17.1,743,0.0,0.0,0,0.0,0.0,0,250160.00,0.00,0.00,218,14.64,3.03,0.00,11.5,4.998,4.998,4.998,4.998,237
2022-03-05 11:51:22,7.0,22.2,667,0.0,0.0,0,0.0,0.0,0,250827.00,0.00,0.00,202,14.57,2.81,0.00,12.0,4.998,4.998,4.998,4.998,184
2022-03-05 11:52:22,10.8,17.8,579,0.0,0.0,0,0.0,0.0,0,251406.00,0.00,0.00,197,14.60,2.74,0.00,11.5,4.998,4.998,4.998,4.998,13
2022-03-05 11:53:22,8.6,18.3,694,0.0,0.0,0,0.0,0.0,0,252100.00,0.00,0.00,220,14.60,3.06,0.00,11.5,4.998,4.998,4.998,4.998,41
2022-03-05 11:54:22,8.8,20.6,640,0.0,0.0,0,0.0,0.0,0,252740.00,0.00,0.00,203,14.60,2.82,0.00,11.5,4.998,4.998,4.998,4.998,155
2022-03-05 11:55:22,14.3,17.1,718,0.0,0.0,0,0.0,0.0,0,253458.00,0.00,0.00,165,14.60,2.29,0.00,12.0,4.998,4.998,4.998,4.998,92
2022-03-05 11:56:22,17.0,21.8,926,0.0,0.0,0,0.0,0.0,0,254384.00,0.00,0.00,200,14.57,2.78,0.00,11.5,4.998,4.998,4.998,4.998,25
2022-03-05 11:57:22,8.4,17.5,675,0.0,0.0,0,0.0,0.0,0,255059.00,0.00,0.00,225,14.60,3.13,0.00,12.0,4.998,4.998,4.998,4.998,80
2022-03-05 11:58:22,6.5,10.7,435,0.0,0.0,0,0.0,0.0,0,255494.00,0.00,0.00,186,14.64,2.58,0.00,12.0,4.998,4.998,4.998,4.998,126
2022-03-05 11:59:22,12.0,15.2,678,0.0,0.0,0,0.0,0.0,0,256172.00,0.00,0.00,225,14.60,3.12,0.00,12.4,4.998,4.998,4.998,4.998,185
2022-03-05 12:00:22,8.2,16.2,596,0.0,0.0,0,0.0,0.0,0,256768.00,0.00,0.00,221,14.57,3.07,0.00,12.9,4.998,4.998,4.998,4.998,177
2022-03-05 12:01:22,6.9,10.6,410,0.0,0.0,0,0.0,0.0,0,257178.00,0.00,0.00,193,14.60,2.68,0.00,12.9,4.998,4.998,4.998,4.998,195
2022-03-05 12:02:22,18.7,19.0,660,0.0,0.0,0,0.0,0.0,0,257838.00,0.00,0.00,181,14.64,2.51,0.00,12.9,4.998,4.998,4.998,4.998,107
2022-03-05 12:03:22,5.0,19.4,629,0.0,0.0,0,0.0,0.0,0,258467.00,0.00,0.00,219,14.60,3.04,0.00,12.4,4.998,4.998,4.998,4.998,21
2022-03-05 12:04:22,11.0,14.2,496,0.0,0.0,0,0.0,0.0,0,258963.00,0.00,0.00,202,14.68,2.81,0.00,12.9,4.998,4.998,4.998,4.998,138
2022-03-05 12:05:22,11.3,18.1,667,0.0,0.0,0,0.0,0.0,0,259630.00,0.00,0.00,178,14.64,2.47,0.00,12.9,4.998,4.998,4.998,4.998,71
2022-03-05 12:06:22,12.4,15.9,662,0.0,0.0,0,0.0,0.0,0,260292.00,0.00,0.00,200,14.57,2.77,0.00,12.9,4.998,4.998,4.998,4.998,44
2022-03-05 12:07:22,15.8,21.5,822,0.0,0.0,0,0.0,0.0,0,261114.00,0.00,0.00,194,14.57,2.70,0.00,13.4,4.998,4.998,4.998,4.998,0
2022-03-05 12:08:22,13.1,20.8,809,0.0,0.0,0,0.0,0.0,0,261923.00,0.00,0.00,203,14.57,2.83,0.00,12.9,4.998,4.998,4.998,4.998,11
2022-03-05 12:09:22,8.8,20.1,727,0.0,0.0,0,0.0,0.0,0,262650.00,0.00,0.00,234,14.57,3.26,0.00,12.9,4.998,4.998,4.998,4.998,88
2022-03-05 12:10:22,6.9,13.7,393,0.0,0.0,0,0.0,0.0,0,263043.00,0.00,0.00,189,14.53,2.62,0.00,13.4,4.998,4.998,4.998,4.998,8
2022-03-05 12:11:22,5.5,12.3,458,0.0,0.0,0,0.0,0.0,0,263501.00,0.00,0.00,225,14.57,3.13,0.00,13.9,4.998,4.998,4.998,4.998,164
2022-03-05 12:12:22,11.9,16.2,712,0.0,0.0,0,0.0,0.0,0,264213.00,0.00,0.00,205,14.57,2.85,0.00,13.4,4.998,4.998,4.998,4.998,162
2022-03-05 12:13:22,11.5,29.1,974,0.0,0.0,0,0.0,0.0,0,265187.00,0.00,0.00,201,14.60,2.79,0.00,13.9,4.998,4.998,4.998,4.998,240
2022-03-05 12:14:22,13.4,14.8,688,0.0,0.0,0,0.0,0.0,0,265875.00,0.00,0.00,200,14.57,2.77,0.00,13.9,4.998,4.998,4.998,4.998,202
2022-03-05 12:15:22,11.4,16.6,677,0.0,0.0,0,0.0,0.0,0,266552.00,0.00,0.00,225,14.53,3.12,0.00,13.9,4.998,4.998,4.998,4.998,126
2022-03-05 12:16:22,6.4,12.6,469,0.0,0.0,0,0.0,0.0,0,267021.00,0.00,0.00,182,14.53,2.53,0.00,13.9,4.998,4.998,4.998,4.998,39
2022-03-05 12:17:22,11.6,22.5,871,0.0,0.0,0,0.0,0.0,0,267892.00,0.00,0.00,204,14.53,2.84,0.00,13.4,4.998,4.998,4.998,4.998,53
2022-03-05 12:18:22,7.5,21.8,886,0.0,0.0,0,0.0,0.0,0,268778.00,0.00,0.00,172,14.57,2.40,0.00,13.9,4.998,4.998,4.998,4.998,126
2022-03-05 12:19:22,7.6,17.8,629,0.0,0.0,0,0.0,0.0,0,269407.00,0.00,0.00,188,14.49,2.62,0.00,13.9,4.998,4.998,4.998,4.998,89
2022-03-05 12:20:22,10.1,19.6,757,0.0,0.0,0,0.0,0.0,0,270164.00,0.00,0.00,187,14.53,2.59,0.00,13.9,4.998,4.998,4.998,4.998,205
2022-03-05 12:21:22,13.9,23.5,798,0.0,0.0,0,0.0,0.0,0,270962.00,0.00,0.00,178,14.53,2.48,0.00,13.9,4.998,4.998,4.998,4.998,80
2022-03-05 12:22:22,16.3,25.4,1008,0.0,0.0,0,0.0,0.0,0,271970.00,0.00,0.00,192,14.53,2.67,0.00,14.4,4.998,4.998,4.998,4.998,53
2022-03-05 12:23:22,8.7,20.2,887,0.0,0.0,0,0.0,0.0,0,272857.00,0.00,0.00,206,14.49,2.86,0.00,13.9,4.998,4.998,4.998,4.998,24
2022-03-05 12:24:22,21.4,27.0,937,0.0,0.0,0,0.0,0.0,0,273794.00,0.00,0.00,209,14.49,2.90,0.00,13.9,4.998,4.998,4.998,4.998,154
2022-03-05 12:25:22,10.2,22.4,943,0.0,0.0,0,0.0,0.0,0,274737.00,0.00,0.00,250,14.49,3.47,0.00,14.4,4.998,4.998,4.998,4.998,16
2022-03-05 12:26:22,11.4,19.4,806,0.0,0.0,0,0.0,0.0,0,275543.00,0.00,0.00,226,14.49,3.14,0.00,13.9,4.998,4.998,4.998,4.998,125
2022-03-05 12:27:22,15.2,21.3,790,0.0,0.0,0,0.0,0.0,0,276333.00,0.00,0.00,186,14.49,2.58,0.00,14.4,4.998,4.998,4.998,4.998,8
2022-03-05 12:28:22,13.9,24.5,1025,0.0,0.0,0,0.0,0.0,0,277358.00,0.00,0.00,208,14.53,2.89,0.00,13.9,4.998,4.998,4.998,4.998,66
2022-03-05 12:29:22,16.8,19.5,809,0.0,0.0,0,0.0,0.0,0,278167.00,0.00,0.00,200,14.49,2.78,0.00,14.4,4.998,4.998,4.998,4.998,250
2022-03-05 12:30:22,10.0,17.6,763,0.0,0.0,0,0.0,0.0,0,278930.00,0.00,0.00,217,14.49,3.02,0.00,14.4,4.998,4.998,4.998,4.998,2
2022-03-05 12:31:22,9.5,17.0,627,0.0,0.0,0,0.0,0.0,0,279557.00,0.00,0.00,235,14.49,3.26,0.00,14.9,4.998,4.998,4.998,4.998,196
2022-03-05 12:32:22,7.9,25.1,917,0.0,0.0,0,0.0,0.0,0,280474.00,0.00,0.00,235,14.49,3.27,0.00,14.4,4.998,4.998,4.998,4.998,235
2022-03-05 12:33:22,7.9,16.4,641,0.0,0.0,0,0.0,0.0,0,281115.00,0.00,0.00,233,14.49,3.24,0.00,14.9,4.998,4.998,4.998,4.998,116
2022-03-05 12:34:22,7.6,23.8,639,0.0,0.0,0,0.0,0.0,0,281754.00,0.00,0.00,196,14.49,2.73,0.00,14.9,4.998,4.998,4.998,4.998,158
2022-03-05 12:35:22,12.4,18.1,728,0.0,0.0,0,0.0,0.0,0,282482.00,0.00,0.00,248,14.49,3.45,0.00,14.4,4.998,4.998,4.998,4.998,104
2022-03-05 12:36:22,9.5,16.1,672,0.0,0.0,0,0.0,0.0,0,283154.00,0.00,0.00,214,14.49,2.97,0.00,14.4,4.998,4.998,4.998,4.998,7
2022-03-05 12:37:22,13.6,17.4,610,0.0,0.0,0,0.0,0.0,0,283764.00,0.00,0.00,219,14.53,3.04,0.00,14.4,4.998,4.998,4.998,4.998,63
2022-03-05 12:38:22,12.1,20.1,689,0.0,0.0,0,0.0,0.0,0,284453.00,0.00,0.00,218,14.49,3.03,0.00,14.4,4.998,4.998,4.998,4.998,169
2022-03-05 12:39:22,6.4,15.2,570,0.0,0.0,0,0.0,0.0,0,285023.00,0.00,0.00,195,14.49,2.71,0.00,14.9,4.998,4.998,4.998,4.998,99
2022-03-05 12:40:22,9.5,17.6,602,0.0,0.0,0,0.0,0.0,0,285625.00,0.00,0.00,259,14.49,3.60,0.00,14.9,4.998,4.998,4.998,4.998,31
2022-03-05 12:41:22,7.6,17.7,611,0.0,0.0,0,0.0,0.0,0,286236.00,0.00,0.00,186,14.45,2.58,0.00,14.9,4.998,4.998,4.998,4.998,177
2022-03-05 12:42:22,7.4,14.7,523,0.0,0.0,0,0.0,0.0,0,286759.00,0.00,0.00,227,14.41,3.15,0.00,14.9,4.998,4.998,4.998,4.998,244
2022-03-05 12:43:22,9.0,18.2,765,0.0,0.0,0,0.0,0.0,0,287524.00,0.00,0.00,208,14.57,2.89,0.00,14.9,4.998,4.998,4.998,4.998,138
2022-03-05 12:44:22,6.3,17.6,702,0.0,0.0,0,0.0,0.0,0,288226.00,0.00,0.00,229,14.45,3.18,0.00,15.4,4.998,4.998,4.998,4.998,15
2022-03-05 12:45:22,11.2,17.8,601,0.0,0.0,0,0.0,0.0,0,288827.00,0.00,0.00,202,14.45,2.81,0.00,15.4,4.998,4.998,4.998,4.998,39
2022-03-05 12:46:22,27.5,28.8,913,0.0,0.0,0,0.0,0.0,0,289740.00,0.00,0.00,185,14.45,2.57,0.00,14.9,4.998,4.998,4.998,4.998,71
2022-03-05 12:47:22,20.0,28.1,915,0.0,0.0,0,0.0,0.0,0,290655.00,0.00,0.00,170,14.45,2.36,0.00,15.4,4.998,4.998,4.998,4.998,139
2022-03-05 12:48:22,10.1,24.5,1020,0.0,0.0,0,0.0,0.0,0,291675.00,0.00,0.00,164,14.45,2.28,0.00,15.4,4.998,4.998,4.998,4.998,143
2022-03-05 12:49:22,11.1,20.7,869,0.0,0.0,0,0.0,0.0,0,292544.00,0.00,0.00,230,14.41,3.20,0.00,15.4,4.998,4.998,4.998,4.998,218
2022-03-05 12:50:22,15.3,22.8,900,0.0,0.0,0,0.0,0.0,0,293444.00,0.00,0.00,217,14.45,3.02,0.00,15.4,4.998,4.998,4.998,4.998,35
2022-03-05 12:51:22,12.6,24.2,859,0.0,0.0,0,0.0,0.0,0,294303.00,0.00,0.00,211,14.49,2.93,0.00,15.4,4.998,4.998,4.998,4.998,160
2022-03-05 12:52:22,11.3,27.9,976,0.0,0.0,0,0.0,0.0,0,295279.00,0.00,0.00,206,14.53,2.86,0.00,15.4,4.998,4.998,4.998,4.998,130
2022-03-05 12:53:22,9.5,15.0,725,0.0,0.0,0,0.0,0.0,0,296004.00,0.00,0.00,183,14.41,2.54,0.00,15.4,4.998,4.998,4.998,4.998,11
2022-03-05 12:54:22,9.8,21.1,720,0.0,0.0,0,0.0,0.0,0,296724.00,0.00,0.00,221,14.45,3.08,0.00,15.4,4.998,4.998,4.998,4.998,147
2022-03-05 12:55:22,13.8,25.2,847,0.0,0.0,0,0.0,0.0,0,297571.00,0.00,0.00,240,14.45,3.33,0.00,15.9,4.998,4.998,4.998,4.998,234
2022-03-05 12:56:22,8.9,21.3,694,0.0,0.0,0,0.0,0.0,0,298265.00,0.00,0.00,202,14.45,2.81,0.00,15.9,4.998,4.998,4.998,4.998,165
2022-03-05 12:57:22,16.0,29.3,887,0.0,0.0,0,0.0,0.0,0,299152.00,0.00,0.00,191,14.45,2.66,0.00,15.9,4.998,4.998,4.998,4.998,46
2022-03-05 12:58:22,9.2,23.2,991,0.0,0.0,0,0.0,0.0,0,300143.00,0.00,0.00,143,14.41,1.99,0.00,15.9,4.998,4.998,4.998,4.998,112
2022-03-05 12:59:22,6.4,31.6,1096,0.0,0.0,0,0.0,0.0,0,301239.00,0.00,0.00,217,14.45,3.02,0.00,15.9,4.998,4.998,4.998,4.998,229
2022-03-05 13:00:22,10.7,17.2,572,0.0,0.0,0,0.0,0.0,0,301811.00,0.00,0.00,208,14.45,2.89,0.00,15.9,4.998,4.998,4.998,4.998,78
2022-03-05 13:01:22,5.2,21.9,709,0.0,0.0,0,0.0,0.0,0,302520.00,0.00,0.00,228,14.45,3.17,0.00,15.9,4.998,4.998,4.998,4.998,241
2022-03-05 13:02:22,12.6,12.6,538,0.0,0.0,0,0.0,0.0,0,303058.00,0.00,0.00,242,14.49,3.37,0.00,15.9,4.998,4.998,4.998,4.998,3
2022-03-05 13:03:22,11.9,21.8,866,0.0,0.0,0,0.0,0.0,0,303924.00,0.00,0.00,190,14.41,2.64,0.00,16.4,4.998,4.998,4.998,4.998,39
2022-03-05 13:04:22,6.5,17.6,541,0.0,0.0,0,0.0,0.0,0,304465.00,0.00,0.00,213,14.45,2.96,0.00,16.4,4.998,4.998,4.998,4.998,175
2022-03-05 13:05:22,13.0,20.0,726,0.0,0.0,0,0.0,0.0,0,305191.00,0.00,0.00,187,14.45,2.59,0.00,15.9,4.998,4.998,4.998,4.998,239
2022-03-05 13:06:22,10.3,22.1,769,0.0,0.0,0,0.0,0.0,0,305960.00,0.00,0.00,188,14.41,2.61,0.00,16.4,4.998,4.998,4.998,4.998,79
2022-03-05 13:07:22,10.8,20.8,832,0.0,0.0,0,0.0,0.0,0,306792.00,0.00,0.00,151,14.45,2.10,0.00,15.9,4.998,4.998,4.998,4.998,54
2022-03-05 13:08:22,7.9,18.3,754,0.0,0.0,0,0.0,0.0,0,307546.00,0.00,0.00,195,14.41,2.71,0.00,16.4,4.998,4.998,4.998,4.998,182
2022-03-05 13:09:22,6.2,19.5,644,0.0,0.0,0,0.0,0.0,0,308190.00,0.00,0.00,183,14.45,2.54,0.00,16.4,4.998,4.998,4.998,4.998,150
2022-03-05 13:10:22,9.8,19.3,581,0.0,0.0,0,0.0,0.0,0,308771.00,0.00,0.00,202,14.45,2.80,0.00,16.4,4.998,4.998,4.998,4.998,157
2022-03-05 13:11:22,5.5,14.2,556,0.0,0.0,0,0.0,0.0,0,309327.00,0.00,0.00,179,14.41,2.49,0.00,16.4,4.998,4.998,4.998,4.998,184
2022-03-05 13:12:22,9.1,17.6,544,0.0,0.0,0,0.0,0.0,0,309871.00,0.00,0.00,227,14.45,3.15,0.00,16.4,4.998,4.998,4.998,4.998,166
2022-03-05 13:13:22,12.8,17.8,798,0.0,0.0,0,0.0,0.0,0,310669.00,0.00,0.00,192,14.41,2.67,0.00,16.4,4.998,4.998,4.998,4.998,173
2022-03-05 13:14:22,16.8,19.8,785,0.0,0.0,0,0.0,0.0,0,311454.00,0.00,0.00,197,14.41,2.74,0.00,16.8,4.998,4.998,4.998,4.998,222
2022-03-05 13:15:22,8.6,18.6,788,0.0,0.0,0,0.0,0.0,0,312242.00,0.00,0.00,208,14.41,2.89,0.00,16.8,4.998,4.998,4.998,4.998,158
2022-03-05 13:16:22,9.6,16.3,589,0.0,0.0,0,0.0,0.0,0,312831.00,0.00,0.00,194,14.45,2.70,0.00,16.4,4.998,4.998,4.998,4.998,191
2022-03-05 13:17:22,8.6,20.7,874,0.0,0.0,0,0.0,0.0,0,313705.00,0.00,0.00,195,14.41,2.71,0.00,16.4,4.998,4.998,4.998,4.998,148
2022-03-05 13:18:22,12.5,14.5,736,0.0,0.0,0,0.0,0.0,0,314441.00,0.00,0.00,208,14.45,2.89,0.00,16.8,4.998,4.998,4.998,4.998,27
2022-03-05 13:19:22,8.0,13.4,434,0.0,0.0,0,0.0,0.0,0,314875.00,0.00,0.00,178,14.41,2.48,0.00,16.8,4.998,4.998,4.998,4.998,69
2022-03-05 13:20:22,10.8,24.4,891,0.0,0.0,0,0.0,0.0,0,315766.00,0.00,0.00,164,13.82,2.28,0.00,16.8,4.998,4.998,4.998,4.998,191
2022-03-05 13:21:22,6.2,19.3,622,0.0,0.0,0,0.0,0.0,0,316388.00,0.00,0.00,214,13.82,2.98,0.00,16.8,4.998,4.998,4.998,4.998,116
2022-03-05 13:22:22,10.1,13.6,546,0.0,0.0,0,0.0,0.0,0,316934.00,0.00,0.00,211,13.82,2.93,0.00,16.8,4.998,4.998,4.998,4.998,225
2022-03-05 13:23:22,9.3,13.6,559,0.0,0.0,0,0.0,0.0,0,317493.00,0.00,0.00,158,13.90,2.19,0.00,16.8,4.998,4.998,4.998,4.998,131
2022-03-05 13:24:22,6.9,22.5,754,0.0,0.0,0,0.0,0.0,0,318247.00,0.00,0.00,234,13.78,3.26,0.00,16.8,4.998,4.998,4.998,4.998,195
2022-03-05 13:25:22,6.9,15.1,664,0.0,0.0,0,0.0,0.0,0,318911.00,0.00,0.00,204,13.82,2.83,0.00,17.3,4.998,4.998,4.998,4.998,202
2022-03-05 13:26:22,22.4,24.5,760,0.0,0.0,0,0.0,0.0,0,319671.00,0.00,0.00,188,13.82,2.61,0.00,17.3,4.998,4.998,4.998,4.998,152
2022-03-05 13:27:22,15.1,25.7,789,0.0,0.0,0,0.0,0.0,0,320460.00,0.00,0.00,152,13.78,2.11,0.00,17.3,4.998,4.998,4.998,4.998,21
2022-03-05 13:28:22,7.7,19.8,749,0.0,0.0,0,0.0,0.0,0,321209.00,0.00,0.00,227,13.82,3.16,0.00,17.3,4.998,4.998,4.998,4.998,236
2022-03-05 13:29:22,14.1,19.2,625,0.0,0.0,0,0.0,0.0,0,321834.00,0.00,0.00,209,13.78,2.90,0.00,17.3,4.998,4.998,4.998,4.998,55
2022-03-05 13:30:22,12.0,21.5,775,0.0,0.0,0,0.0,0.0,0,322609.00,0.00,0.00,208,13.82,2.90,0.00,17.3,4.998,4.998,4.998,4.998,242
2022-03-05 13:31:22,9.2,25.9,1097,0.0,0.0,0,0.0,0.0,0,323706.00,0.00,0.00,236,13.82,3.29,0.00,17.3,4.998,4.998,4.998,4.998,49
2022-03-05 13:32:22,12.3,18.3,821,0.0,0.0,0,0.0,0.0,0,324527.00,0.00,0.00,182,13.82,2.53,0.00,17.3,4.998,4.998,4.998,4.998,46
2022-03-05 13:33:22,8.6,19.7,711,0.0,0.0,0,0.0,0.0,0,325238.00,0.00,0.00,183,13.82,2.54,0.00,17.3,4.998,4.998,4.998,4.998,79
2022-03-05 13:34:22,9.6,19.1,816,0.0,0.0,0,0.0,0.0,0,326054.00,0.00,0.00,208,13.82,2.90,0.00,17.8,4.998,4.998,4.998,4.998,213
2022-03-05 13:35:22,13.4,19.2,657,0.0,0.0,0,0.0,0.0,0,326711.00,0.00,0.00,226,13.78,3.14,0.00,17.3,4.998,4.998,4.998,4.998,88
2022-03-05 13:36:22,15.6,19.9,808,0.0,0.0,0,0.0,0.0,0,327519.00,0.00,0.00,177,13.78,2.47,0.00,17.3,4.998,4.998,4.998,4.998,158
2022-03-05 13:37:22,14.7,23.2,943,0.0,0.0,0,0.0,0.0,0,328462.00,0.00,0.00,205,13.82,2.85,0.00,17.8,4.998,4.998,4.998,4.998,140
2022-03-05 13:38:22,13.3,18.9,850,0.0,0.0,0,0.0,0.0,0,329312.00,0.00,0.00,211,13.82,2.93,0.00,17.8,4.998,4.998,4.998,4.998,217
2022-03-05 13:39:22,12.6,20.0,737,0.0,0.0,0,0.0,0.0,0,330049.00,0.00,0.00,219,13.90,3.04,0.00,17.8,4.998,4.998,4.998,4.998,102
2022-03-05 13:40:22,12.2,25.8,918,0.0,0.0,0,0.0,0.0,0,330967.00,0.00,0.00,206,13.78,2.86,0.00,17.8,4.998,4.998,4.998,4.998,247
2022-03-05 13:41:22,15.0,18.6,841,0.0,0.0,0,0.0,0.0,0,331808.00,0.00,0.00,236,13.82,3.28,0.00,17.8,4.998,4.998,4.998,4.998,205
2022-03-05 13:42:22,12.9,23.0,847,0.0,0.0,0,0.0,0.0,0,332655.00,0.00,0.00,229,13.78,3.18,0.00,17.8,4.998,4.998,4.998,4.998,135
2022-03-05 13:43:22,13.4,21.3,891,0.0,0.0,0,0.0,0.0,0,333546.00,0.00,0.00,221,13.78,3.07,0.00,17.3,4.998,4.998,4.998,4.998,126
2022-03-05 13:44:22,7.6,19.3,794,0.0,0.0,0,0.0,0.0,0,334340.00,0.00,0.00,210,13.78,2.91,0.00,17.8,4.998,4.998,4.998,4.998,171
2022-03-05 13:45:22,11.5,23.0,809,0.0,0.0,0,0.0,0.0,0,335149.00,0.00,0.00,138,13.78,1.92,0.00,17.8,4.998,4.998,4.998,4.998,156
2022-03-05 13:46:22,7.8,22.2,800,0.0,0.0,0,0.0,0.0,0,335949.00,0.00,0.00,246,13.78,3.42,0.00,17.8,4.998,4.998,4.998,4.998,4
2022-03-05 13:47:22,20.1,21.6,694,0.0,0.0,0,0.0,0.0,0,336643.00,0.00,0.00,192,13.78,2.67,0.00,17.8,4.998,4.998,4.998,4.998,188
2022-03-05 13:48:22,6.8,23.7,869,0.0,0.0,0,0.0,0.0,0,337512.00,0.00,0.00,223,13.78,3.11,0.00,17.8,4.998,4.998,4.998,4.998,238
2022-03-05 13:49:22,18.6,22.9,775,0.0,0.0,0,0.0,0.0,0,338287.00,0.00,0.00,180,13.78,2.50,0.00,17.8,4.998,4.998,4.998,4.998,179
2022-03-05 13:50:22,14.9,19.7,741,0.0,0.0,0,0.0,0.0,0,339028.00,0.00,0.00,194,13.86,2.70,0.00,17.3,4.998,4.998,4.998,4.998,202
2022-03-05 13:51:22,7.6,23.5,688,0.0,0.0,0,0.0,0.0,0,339716.00,0.00,0.00,267,13.78,3.72,0.00,17.8,4.998,4.998,4.998,4.998,252
2022-03-05 13:52:22,6.7,21.3,727,0.0,0.0,0,0.0,0.0,0,340443.00,0.00,0.00,193,13.82,2.69,0.00,18.3,4.998,4.998,4.998,4.998,129
2022-03-05 13:53:22,17.7,38.8,1184,0.0,0.0,0,0.0,0.0,0,341627.00,0.00,0.00,167,13.78,2.32,0.00,18.3,4.998,4.998,4.998,4.998,103
2022-03-05 13:54:22,16.4,29.7,1041,0.0,0.0,0,0.0,0.0,0,342668.00,0.00,0.00,208,13.78,2.90,0.00,17.8,4.998,4.998,4.998,4.998,2
2022-03-05 13:55:22,14.4,20.8,954,0.0,0.0,0,0.0,0.0,0,343622.00,0.00,0.00,198,13.82,2.75,0.00,18.3,4.998,4.998,4.998,4.998,186
2022-03-05 13:56:22,7.6,19.1,706,0.0,0.0,0,0.0,0.0,0,344328.00,0.00,0.00,231,13.82,3.21,0.00,18.3,4.998,4.998,4.998,4.998,246
2022-03-05 13:57:22,36.7,41.7,1388,0.0,0.0,0,0.0,0.0,0,345716.00,0.00,0.00,251,13.78,3.48,0.00,18.3,4.998,4.998,4.998,4.998,229
2022-03-05 13:58:22,7.0,37.5,1191,0.0,0.0,0,0.0,0.0,0,346907.00,0.00,0.00,189,13.82,2.63,0.00,18.8,4.998,4.998,4.998,4.998,153
2022-03-05 13:59:22,9.7,21.9,844,0.0,0.0,0,0.0,0.0,0,347751.00,0.00,0.00,213,13.82,2.96,0.00,18.8,4.998,4.998,4.998,4.998,83
2022-03-05 14:00:22,14.3,30.6,1177,0.0,0.0,0,0.0,0.0,0,348928.00,0.00,0.00,204,13.82,2.84,0.00,18.8,4.998,4.998,4.998,4.998,164
2022-03-05 14:01:22,11.5,32.2,1106,0.0,0.0,0,0.0,0.0,0,350034.00,0.00,0.00,248,13.78,3.44,0.00,18.8,4.998,4.998,4.998,4.998,14
2022-03-05 14:02:22,11.7,23.5,875,0.0,0.0,0,0.0,0.0,0,350909.00,0.00,0.00,173,13.78,2.41,0.00,18.8,4.998,4.998,4.998,4.998,149
2022-03-05 14:03:22,11.9,22.5,815,0.0,0.0,0,0.0,0.0,0,351724.00,0.00,0.00,267,13.78,3.71,0.00,18.8,4.998,4.998,4.998,4.998,180
2022-03-05 14:04:22,13.2,30.4,1117,0.0,0.0,0,0.0,0.0,0,352841.00,0.00,0.00,204,13.78,2.84,0.00,18.8,4.998,4.998,4.998,4.998,200
2022-03-05 14:05:22,17.3,19.8,727,0.0,0.0,0,0.0,0.0,0,353568.00,0.00,0.00,246,13.82,3.42,0.00,18.3,4.998,4.998,4.998,4.998,98
2022-03-05 14:06:22,21.8,27.2,1075,0.0,0.0,0,0.0,0.0,0,354643.00,0.00,0.00,212,13.82,2.95,0.00,18.8,4.998,4.998,4.998,4.998,189
2022-03-05 14:07:22,11.2,26.2,901,0.0,0.0,0,0.0,0.0,0,355544.00,0.00,0.00,217,13.90,3.01,0.00,18.3,4.998,4.998,4.998,4.998,105
2022-03-05 14:08:22,14.7,25.1,882,0.0,0.0,0,0.0,0.0,0,356426.00,0.00,0.00,194,13.82,2.69,0.00,18.8,4.998,4.998,4.998,4.998,5
2022-03-05 14:09:22,17.8,31.4,1009,0.0,0.0,0,0.0,0.0,0,357435.00,0.00,0.00,252,13.82,3.50,0.00,18.8,4.998,4.998,4.998,4.998,43
2022-03-05 14:10:22,16.9,35.4,1234,0.0,0.0,0,0.0,0.0,0,358669.00,0.00,0.00,221,13.78,3.07,0.00,18.8,4.998,4.998,4.998,4.998,162
2022-03-05 14:11:22,10.3,32.7,1299,0.0,0.0,0,0.0,0.0,0,359968.00,0.00,0.00,308,13.78,4.28,0.00,18.3,4.998,4.998,4.998,4.998,122
2022-03-05 14:12:22,10.2,37.9,1157,0.0,0.0,0,0.0,0.0,0,361125.00,0.00,0.00,238,13.78,3.31,0.00,18.3,4.998,4.998,4.998,4.998,88
2022-03-05 14:13:22,14.2,37.3,1042,0.0,0.0,0,0.0,0.0,0,362167.00,0.00,0.00,231,13.82,3.21,0.00,18.3,4.998,4.998,4.998,4.998,30
2022-03-05 14:14:22,22.1,41.9,1240,0.0,0.0,0,0.0,0.0,0,363407.00,0.00,0.00,209,13.78,2.91,0.00,18.8,4.998,4.998,4.998,4.998,227
2022-03-05 14:15:22,19.0,33.4,1245,0.0,0.0,0,0.0,0.0,0,364652.00,0.00,0.00,255,13.78,3.55,0.00,18.8,4.998,4.998,4.998,4.998,229
2022-03-05 14:16:22,14.5,37.9,1388,0.0,0.0,0,0.0,0.0,0,366040.00,0.00,0.00,234,13.78,3.26,0.00,18.3,4.998,4.998,4.998,4.998,221
2022-03-05 14:17:22,17.7,44.2,1239,0.0,0.0,0,0.0,0.0,0,367279.00,0.00,0.00,276,13.78,3.84,0.00,18.8,4.998,4.998,4.998,4.998,76
2022-03-05 14:18:22,16.3,32.7,1181,0.0,0.0,0,0.0,0.0,0,368460.00,0.00,0.00,219,13.78,3.04,0.00,18.3,4.998,4.998,4.998,4.998,140
2022-03-05 14:19:22,13.1,43.3,1573,0.0,0.0,0,0.0,0.0,0,370033.00,0.00,0.00,251,13.78,3.49,0.00,18.3,4.998,4.998,4.998,4.998,251
2022-03-05 14:20:22,17.9,32.0,1258,0.0,0.0,0,0.0,0.0,0,371291.00,0.00,0.00,247,13.78,3.44,0.00,17.8,4.998,4.998,4.998,4.998,53
2022-03-05 14:21:22,12.4,24.1,1043,0.0,0.0,0,0.0,0.0,0,372334.00,0.00,0.00,250,13.82,3.48,0.00,18.3,4.998,4.998,4.998,4.998,140
2022-03-05 14:22:22,15.5,22.4,782,0.0,0.0,0,0.0,0.0,0,373116.00,0.00,0.00,254,13.78,3.53,0.00,18.3,4.998,4.998,4.998,4.998,16
2022-03-05 14:23:22,31.1,35.1,1286,0.0,0.0,0,0.0,0.0,0,374402.00,0.00,0.00,242,13.78,3.36,0.00,18.3,4.998,4.998,4.998,4.998,242
2022-03-05 14:24:22,18.9,44.2,1432,0.0,0.0,0,0.0,0.0,0,375834.00,0.00,0.00,246,13.78,3.42,0.00,18.3,4.998,4.998,4.998,4.998,96
2022-03-05 14:25:22,18.7,37.6,1332,0.0,0.0,0,0.0,0.0,0,377166.00,0.00,0.00,223,13.78,3.10,0.00,18.3,4.998,4.998,4.998,4.998,160
2022-03-05 14:26:22,21.4,45.3,1287,0.0,0.0,0,0.0,0.0,0,378453.00,0.00,0.00,211,13.78,2.94,0.00,18.3,4.998,4.998,4.998,4.998,246
2022-03-05 14:27:22,27.2,39.5,1358,0.0,0.0,0,0.0,0.0,0,379811.00,0.00,0.00,221,13.78,3.08,0.00,18.3,4.998,4.998,4.998,4.998,85
2022-03-05 14:28:22,17.8,38.9,1464,0.0,0.0,0,0.0,0.0,0,381275.00,0.00,0.00,221,13.78,3.07,0.00,18.3,4.998,4.998,4.998,4.998,5
2022-03-05 14:29:22,19.3,35.5,1128,0.0,0.0,0,0.0,0.0,0,382403.00,0.00,0.00,228,13.78,3.17,0.00,18.3,4.998,4.998,4.998,4.998,103
2022-03-05 14:30:22,24.0,34.2,1069,0.0,0.0,0,0.0,0.0,0,383472.00,0.00,0.00,215,13.78,2.98,0.00,18.8,4.998,4.998,4.998,4.998,122
2022-03-05 14:31:22,28.1,36.5,1122,0.0,0.0,0,0.0,0.0,0,384594.00,0.00,0.00,235,13.78,3.26,0.00,18.8,4.998,4.998,4.998,4.998,193
2022-03-05 14:32:22,16.1,40.5,1532,0.0,0.0,0,0.0,0.0,0,386126.00,0.00,0.00,225,13.78,3.12,0.00,18.3,4.998,4.998,4.998,4.998,46
2022-03-05 14:33:22,14.0,23.8,797,0.0,0.0,0,0.0,0.0,0,386923.00,0.00,0.00,258,13.78,3.59,0.00,18.8,4.998,4.998,4.998,4.998,209
2022-03-05 14:34:22,22.3,44.2,1384,0.0,0.0,0,0.0,0.0,0,388307.00,0.00,0.00,242,13.78,3.36,0.00,18.8,4.998,4.998,4.998,4.998,200
2022-03-05 14:35:22,10.4,38.3,1454,0.0,0.0,0,0.0,0.0,0,389761.00,0.00,0.00,246,13.78,3.42,0.00,18.3,4.998,4.998,4.998,4.998,126
2022-03-05 14:36:22,19.8,42.3,1397,0.0,0.0,0,0.0,0.0,0,391158.00,0.00,0.00,247,13.78,3.44,0.00,18.3,4.998,4.998,4.998,4.998,79
2022-03-05 14:37:22,16.1,41.1,1185,0.0,0.0,0,0.0,0.0,0,392343.00,0.00,0.00,183,13.78,2.54,0.00,17.8,4.998,4.998,4.998,4.998,118
2022-03-05 14:38:22,15.4,44.4,1535,0.0,0.0,0,0.0,0.0,0,393878.00,0.00,0.00,209,13.78,2.91,0.00,18.3,4.998,4.998,4.998,4.998,246
2022-03-05 14:39:22,33.4,35.5,1256,0.0,0.0,0,0.0,0.0,0,395134.00,0.00,0.00,266,13.78,3.69,0.00,18.8,4.998,4.998,4.998,4.998,156
2022-03-05 14:40:22,40.0,57.8,1918,0.0,0.0,0,0.0,0.0,0,397052.00,0.00,0.00,252,13.78,3.50,0.00,18.3,4.998,4.998,4.998,4.998,177
2022-03-05 14:41:22,22.1,48.0,1901,0.0,0.0,0,0.0,0.0,0,398953.00,0.00,0.00,247,13.78,3.44,0.00,18.3,4.998,4.998,4.998,4.998,178
2022-03-05 14:42:22,15.4,22.8,978,0.0,0.0,0,0.0,0.0,0,399931.00,0.00,0.00,241,13.78,3.35,0.00,17.8,4.998,4.998,4.998,4.998,56
2022-03-05 14:43:22,22.8,49.9,1899,0.0,0.0,0,0.0,0.0,0,401830.00,0.00,0.00,247,13.78,3.43,0.00,17.8,4.998,4.998,4.998,4.998,58
2022-03-05 14:44:22,14.3,35.8,1304,0.0,0.0,0,0.0,0.0,0,403134.00,0.00,0.00,260,13.82,3.62,0.00,17.8,4.998,4.998,4.998,4.998,114
2022-03-05 14:45:22,36.5,45.1,1184,0.0,0.0,0,0.0,0.0,0,404318.00,0.00,0.00,260,13.78,3.62,0.00,17.3,4.998,4.998,4.998,4.998,3
2022-03-05 14:46:22,25.2,42.9,1569,0.0,0.0,0,0.0,0.0,0,405887.00,0.00,0.00,272,13.82,3.77,0.00,17.3,4.998,4.998,4.998,4.998,80
2022-03-05 14:47:22,17.3,55.3,1896,0.0,0.0,0,0.0,0.0,0,407783.00,0.00,0.00,242,13.78,3.37,0.00,17.8,4.998,4.998,4.998,4.998,66
2022-03-05 14:48:22,15.1,48.6,1717,0.0,0.0,0,0.0,0.0,0,409500.00,0.00,0.00,226,13.82,3.14,0.00,17.3,4.998,4.998,4.998,4.998,231
2022-03-05 14:49:22,23.2,25.2,934,0.0,0.0,0,0.0,0.0,0,410434.00,0.00,0.00,236,13.78,3.28,0.00,17.3,4.998,4.998,4.998,4.998,72
2022-03-05 14:50:22,10.1,32.5,1102,0.0,0.0,0,0.0,0.0,0,411536.00,0.00,0.00,269,13.78,3.74,0.00,17.8,4.998,4.998,4.998,4.998,45
2022-03-05 14:51:22,25.7,29.0,1076,0.0,0.0,0,0.0,0.0,0,412612.00,0.00,0.00,250,13.78,3.47,0.00,17.8,4.998,4.998,4.998,4.998,147
2022-03-05 14:52:22,20.6,42.7,1189,0.0,0.0,0,0.0,0.0,0,413801.00,0.00,0.00,233,13.78,3.24,0.00,17.3,4.998,4.998,4.998,4.998,33
2022-03-05 14:53:22,19.3,36.7,1362,0.0,0.0,0,0.0,0.0,0,415163.00,0.00,0.00,299,13.78,4.15,0.00,17.3,4.998,4.998,4.998,4.998,4
2022-03-05 14:54:22,23.7,41.9,1489,0.0,0.0,0,0.0,0.0,0,416652.00,0.00,0.00,262,13.78,3.64,0.00,17.3,4.998,4.998,4.998,4.998,73
2022-03-05 14:55:22,18.2,27.7,1024,0.0,0.0,0,0.0,0.0,0,417676.00,0.00,0.00,242,13.78,3.37,0.00,17.8,4.998,4.998,4.998,4.998,185
2022-03-05 14:56:22,25.7,42.9,1276,0.0,0.0,0,0.0,0.0,0,418952.00,0.00,0.00,230,13.78,3.19,0.00,17.3,4.998,4.998,4.998,4.998,6
2022-03-05 14:57:22,11.8,43.7,1432,0.0,0.0,0,0.0,0.0,0,420384.00,0.00,0.00,193,13.82,2.68,0.00,17.3,4.998,4.998,4.998,4.998,241
2022-03-05 14:58:22,10.7,18.9,769,0.0,0.0,0,0.0,0.0,0,421153.00,0.00,0.00,279,13.82,3.88,0.00,17.8,4.998,4.998,4.998,4.998,207
2022-03-05 14:59:22,13.0,28.2,799,0.0,0.0,0,0.0,0.0,0,421952.00,0.00,0.00,242,13.78,3.36,0.00,17.8,4.998,4.998,4.998,4.998,135
2022-03-05 15:00:22,29.8,39.1,1409,0.0,0.0,0,0.0,0.0,0,423361.00,0.00,0.00,221,13.78,3.07,0.00,17.8,4.998,4.998,4.998,4.998,131
2022-03-05 15:01:22,17.0,32.9,1260,0.0,0.0,0,0.0,0.0,0,424621.00,0.00,0.00,291,13.78,4.04,0.00,17.8,4.998,4.998,4.998,4.998,80
2022-03-05 15:02:22,16.0,32.9,1066,0.0,0.0,0,0.0,0.0,0,425687.00,0.00,0.00,233,13.82,3.23,0.00,17.8,4.998,4.998,4.998,4.998,103
2022-03-05 15:03:22,24.0,51.4,1598,0.0,0.0,0,0.0,0.0,0,427285.00,0.00,0.00,216,13.78,3.01,0.00,17.3,4.998,4.998,4.998,4.998,204
2022-03-05 15:04:22,14.1,47.5,1924,0.0,0.0,0,0.0,0.0,0,429209.00,0.00,0.00,264,13.78,3.66,0.00,17.3,4.998,4.998,4.998,4.998,126
2022-03-05 15:05:22,15.0,33.6,1444,0.0,0.0,0,0.0,0.0,0,430653.00,0.00,0.00,218,13.82,3.03,0.00,17.8,4.998,4.998,4.998,4.998,249
2022-03-05 15:06:22,30.6,63.7,1828,0.0,0.0,0,0.0,0.0,0,432481.00,0.00,0.00,266,13.78,3.70,0.00,17.3,4.998,4.998,4.998,4.998,101
2022-03-05 15:07:22,18.7,53.3,1556,0.0,0.0,0,0.0,0.0,0,434037.00,0.00,0.00,248,13.78,3.44,0.00,17.8,4.998,4.998,4.998,4.998,3
2022-03-05 15:08:22,19.0,53.3,1609,0.0,0.0,0,0.0,0.0,0,435646.00,0.00,0.00,219,13.78,3.04,0.00,17.3,4.998,4.998,4.998,4.998,116
2022-03-05 15:09:22,19.3,36.7,1627,0.0,0.0,0,0.0,0.0,0,437273.00,0.00,0.00,203,13.78,2.83,0.00,17.3,4.998,4.998,4.998,4.998,20
2022-03-05 15:10:22,11.7,32.7,1427,0.0,0.0,0,0.0,0.0,0,438700.00,0.00,0.00,264,13.78,3.67,0.00,17.8,4.998,4.998,4.998,4.998,176
2022-03-05 15:11:22,20.4,37.3,1439,0.0,0.0,0,0.0,0.0,0,440139.00,0.00,0.00,253,13.78,3.52,0.00,17.3,4.998,4.998,4.998,4.998,99
2022-03-05 15:12:22,36.1,48.0,1521,0.0,0.0,0,0.0,0.0,0,441660.00,0.00,0.00,234,13.78,3.26,0.00,17.3,4.998,4.998,4.998,4.998,202
2022-03-05 15:13:22,25.3,48.0,1643,0.0,0.0,0,0.0,0.0,0,443303.00,0.00,0.00,284,13.82,3.95,0.00,17.3,4.998,4.998,4.998,4.998,203
2022-03-05 15:14:22,19.9,42.7,1714,0.0,0.0,0,0.0,0.0,0,445017.00,0.00,0.00,269,13.86,3.74,0.00,17.3,4.998,4.998,4.998,4.998,123
2022-03-05 15:15:22,23.6,32.1,1228,0.0,0.0,0,0.0,0.0,0,446245.00,0.00,0.00,287,13.78,3.98,0.00,17.3,4.998,4.998,4.998,4.998,166
2022-03-05 15:16:22,21.2,34.5,1256,0.0,0.0,0,0.0,0.0,0,447501.00,0.00,0.00,290,13.78,4.03,0.00,17.3,4.998,4.998,4.998,4.998,19
2022-03-05 15:17:22,7.7,28.9,1050,0.0,0.0,0,0.0,0.0,0,448551.00,0.00,0.00,324,13.78,4.51,0.00,17.3,4.998,4.998,4.998,4.998,200
2022-03-05 15:18:22,18.7,37.9,1317,0.0,0.0,0,0.0,0.0,0,449868.00,0.00,0.00,229,13.78,3.19,0.00,17.3,4.998,4.998,4.998,4.998,10
2022-03-05 15:19:22,17.4,40.0,1299,0.0,0.0,0,0.0,0.0,0,451167.00,0.00,0.00,237,13.78,3.30,0.00,17.3,4.998,4.998,4.998,4.998,35
2022-03-05 15:20:22,12.7,41.1,1480,0.0,0.0,0,0.0,0.0,0,452647.00,0.00,0.00,210,13.78,2.91,0.00,16.8,4.998,4.998,4.998,4.998,183
2022-03-05 15:21:22,10.8,41.7,1190,0.0,0.0,0,0.0,0.0,0,453837.00,0.00,0.00,274,13.82,3.80,0.00,17.3,4.998,4.998,4.998,4.998,204
2022-03-05 15:22:22,11.5,30.5,990,0.0,0.0,0,0.0,0.0,0,454827.00,0.00,0.00,241,13.78,3.35,0.00,17.3,4.998,4.998,4.998,4.998,10
2022-03-05 15:23:22,19.3,26.0,1083,0.0,0.0,0,0.0,0.0,0,455910.00,0.00,0.00,315,13.82,4.38,0.00,17.3,4.998,4.998,4.998,4.998,39
2022-03-05 15:24:22,11.3,26.4,955,0.0,0.0,0,0.0,0.0,0,456865.00,0.00,0.00,252,13.78,3.50,0.00,17.3,4.998,4.998,4.998,4.998,160
2022-03-05 15:25:22,12.7,29.2,1272,0.0,0.0,0,0.0,0.0,0,458137.00,0.00,0.00,223,13.78,3.11,0.00,17.3,4.998,4.998,4.998,4.998,235
2022-03-05 15:26:22,26.0,35.9,1267,0.0,0.0,0,0.0,0.0,0,459404.00,0.00,0.00,257,13.78,3.57,0.00,17.3,4.998,4.998,4.998,4.998,91
2022-03-05 15:27:22,13.7,32.8,1149,0.0,0.0,0,0.0,0.0,0,460553.00,0.00,0.00,248,13.78,3.45,0.00,17.3,4.998,4.998,4.998,4.998,45
2022-03-05 15:28:22,10.4,28.8,1064,0.0,0.0,0,0.0,0.0,0,461617.00,0.00,0.00,226,13.78,3.13,0.00,16.8,4.998,4.998,4.998,4.998,43
2022-03-05 15:29:22,21.1,33.5,1069,0.0,0.0,0,0.0,0.0,0,462686.00,0.00,0.00,237,13.82,3.30,0.00,17.3,4.998,4.998,4.998,4.998,222
2022-03-05 15:30:22,12.1,35.5,1272,0.0,0.0,0,0.0,0.0,0,463958.00,0.00,0.00,235,13.78,3.27,0.00,17.3,4.998,4.998,4.998,4.998,111
2022-03-05 15:31:22,22.6,26.8,854,0.0,0.0,0,0.0,0.0,0,464812.00,0.00,0.00,227,13.78,3.15,0.00,17.3,4.998,4.998,4.998,4.998,197
2022-03-05 15:32:22,18.0,36.1,1244,0.0,0.0,0,0.0,0.0,0,466056.00,0.00,0.00,243,13.78,3.37,0.00,16.8,4.998,4.998,4.998,4.998,72
2022-03-05 15:33:22,24.6,34.7,1500,0.0,0.0,0,0.0,0.0,0,467556.00,0.00,0.00,242,13.82,3.37,0.00,16.8,4.998,4.998,4.998,4.998,162
2022-03-05 15:34:22,19.1,37.5,1421,0.0,0.0,0,0.0,0.0,0,468977.00,0.00,0.00,236,13.82,3.28,0.00,16.8,4.998,4.998,4.998,4.998,127
2022-03-05 15:35:22,15.8,37.0,1139,0.0,0.0,0,0.0,0.0,0,470116.00,0.00,0.00,239,13.82,3.32,0.00,16.8,4.998,4.998,4.998,4.998,37
2022-03-05 15:36:22,10.4,30.1,1116,0.0,0.0,0,0.0,0.0,0,471232.00,0.00,0.00,222,13.86,3.09,0.00,16.8,4.998,4.998,4.998,4.998,21
2022-03-05 15:37:22,21.1,28.3,1123,0.0,0.0,0,0.0,0.0,0,472355.00,0.00,0.00,261,13.78,3.63,0.00,16.8,4.998,4.998,4.998,4.998,204
2022-03-05 15:38:22,13.0,25.6,879,0.0,0.0,0,0.0,0.0,0,473234.00,0.00,0.00,259,13.78,3.59,0.00,16.8,4.998,4.998,4.998,4.998,24
2022-03-05 15:39:22,13.0,31.0,1156,0.0,0.0,0,0.0,0.0,0,474390.00,0.00,0.00,246,13.78,3.42,0.00,16.8,4.998,4.998,4.998,4.998,76
2022-03-05 15:40:22,28.1,49.6,1539,0.0,0.0,0,0.0,0.0,0,475929.00,0.00,0.00,227,13.78,3.15,0.00,16.8,4.998,4.998,4.998,4.998,112
2022-03-05 15:41:22,8.5,32.4,1336,0.0,0.0,0,0.0,0.0,0,477265.00,0.00,0.00,239,13.82,3.32,0.00,16.4,4.998,4.998,4.998,4.998,95
2022-03-05 15:42:22,14.5,29.6,1014,0.0,0.0,0,0.0,0.0,0,478279.00,0.00,0.00,228,13.78,3.17,0.00,16.8,4.998,4.998,4.998,4.998,46
2022-03-05 15:43:22,21.8,27.0,1147,0.0,0.0,0,0.0,0.0,0,479426.00,0.00,0.00,230,13.86,3.20,0.00,16.8,4.998,4.998,4.998,4.998,122
2022-03-05 15:44:22,18.2,28.9,1257,0.0,0.0,0,0.0,0.0,0,480683.00,0.00,0.00,239,13.82,3.33,0.00,16.8,4.998,4.998,4.998,4.998,18
2022-03-05 15:45:22,19.8,27.0,1176,0.0,0.0,0,0.0,0.0,0,481859.00,0.00,0.00,252,13.82,3.50,0.00,16.8,4.998,4.998,4.998,4.998,198
2022-03-05 15:46:22,23.5,27.8,973,0.0,0.0,0,0.0,0.0,0,482832.00,0.00,0.00,223,13.78,3.10,0.00,16.8,4.998,4.998,4.998,4.998,85
2022-03-05 15:47:22,13.8,37.6,1343,0.0,0.0,0,0.0,0.0,0,484175.00,0.00,0.00,265,13.78,3.69,0.00,16.8,4.998,4.998,4.998,4.998,157
2022-03-05 15:48:22,26.4,33.0,1408,0.0,0.0,0,0.0,0.0,0,485583.00,0.00,0.00,235,13.78,3.26,0.00,16.8,4.998,4.998,4.998,4.998,66
2022-03-05 15:49:22,19.5,36.8,1308,0.0,0.0,0,0.0,0.0,0,486891.00,0.00,0.00,244,13.78,3.39,0.00,16.8,4.998,4.998,4.998,4.998,85
2022-03-05 15:50:22,11.0,26.2,895,0.0,0.0,0,0.0,0.0,0,487786.00,0.00,0.00,264,13.78,3.67,0.00,16.8,4.998,4.998,4.998,4.998,186
2022-03-05 15:51:22,16.9,35.7,1440,0.0,0.0,0,0.0,0.0,0,489226.00,0.00,0.00,182,13.78,2.53,0.00,16.8,4.998,4.998,4.998,4.998,215
2022-03-05 15:52:22,11.2,32.3,1189,0.0,0.0,0,0.0,0.0,0,490415.00,0.00,0.00,250,13.78,3.48,0.00,16.8,4.998,4.998,4.998,4.998,40
2022-03-05 15:53:22,14.8,35.2,1025,0.0,0.0,0,0.0,0.0,0,491440.00,0.00,0.00,240,13.78,3.33,0.00,16.8,4.998,4.998,4.998,4.998,135
2022-03-05 15:54:22,9.0,36.8,1443,0.0,0.0,0,0.0,0.0,0,492883.00,0.00,0.00,283,13.78,3.93,0.00,16.4,4.998,4.998,4.998,4.998,31
2022-03-05 15:55:22,14.7,25.0,1018,0.0,0.0,0,0.0,0.0,0,493901.00,0.00,0.00,239,13.82,3.32,0.00,16.4,4.998,4.998,4.998,4.998,112
2022-03-05 15:56:22,11.3,29.7,1065,0.0,0.0,0,0.0,0.0,0,494966.00,0.00,0.00,249,13.82,3.46,0.00,16.8,4.998,4.998,4.998,4.998,80
2022-03-05 15:57:22,11.7,35.2,1398,0.0,0.0,0,0.0,0.0,0,496364.00,0.00,0.00,231,13.78,3.21,0.00,16.8,4.998,4.998,4.998,4.998,162
2022-03-05 15:58:22,21.3,43.7,1632,0.0,0.0,0,0.0,0.0,0,497996.00,0.00,0.00,256,13.78,3.55,0.00,16.8,4.998,4.998,4.998,4.998,201
2022-03-05 15:59:22,9.9,47.5,1486,0.0,0.0,0,0.0,0.0,0,499482.00,0.00,0.00,256,13.78,3.56,0.00,16.8,4.998,4.998,4.998,4.998,153
2022-03-05 16:00:22,15.8,25.3,1052,0.0,0.0,0,0.0,0.0,0,500534.00,0.00,0.00,235,13.78,3.27,0.00,16.8,4.998,4.998,4.998,4.998,214
2022-03-05 16:01:22,11.8,24.6,770,0.0,0.0,0,0.0,0.0,0,501304.00,0.00,0.00,234,13.82,3.25,0.00,16.8,4.998,4.998,4.998,4.998,61
2022-03-05 16:02:22,13.0,27.9,1077,0.0,0.0,0,0.0,0.0,0,502381.00,0.00,0.00,225,13.78,3.12,0.00,16.4,4.998,4.998,4.998,4.998,222
2022-03-05 16:03:22,14.5,33.1,1193,0.0,0.0,0,0.0,0.0,0,503574.00,0.00,0.00,256,13.78,3.55,0.00,16.8,4.998,4.998,4.998,4.998,29
2022-03-05 16:04:22,21.3,38.4,1404,0.0,0.0,0,0.0,0.0,0,504978.00,0.00,0.00,231,13.82,3.21,0.00,16.8,4.998,4.998,4.998,4.998,133
2022-03-05 16:05:22,17.5,29.7,1102,0.0,0.0,0,0.0,0.0,0,506080.00,0.00,0.00,236,13.78,3.28,0.00,16.8,4.998,4.998,4.998,4.998,87
2022-03-05 16:06:22,28.4,39.8,1507,0.0,0.0,0,0.0,0.0,0,507587.00,0.00,0.00,235,13.78,3.27,0.00,16.8,4.998,4.998,4.998,4.998,105
2022-03-05 16:07:22,14.8,42.3,1686,0.0,0.0,0,0.0,0.0,0,509273.00,0.00,0.00,276,13.86,3.83,0.00,16.8,4.998,4.998,4.998,4.998,6
2022-03-05 16:08:22,15.2,32.3,1390,0.0,0.0,0,0.0,0.0,0,510663.00,0.00,0.00,227,13.82,3.15,0.00,16.8,4.998,4.998,4.998,4.998,9
2022-03-05 16:09:22,30.2,38.9,1602,0.0,0.0,0,0.0,0.0,0,512265.00,0.00,0.00,238,13.78,3.31,0.00,16.8,4.998,4.998,4.998,4.998,80
2022-03-05 16:10:22,14.5,42.1,1380,0.0,0.0,0,0.0,0.0,0,513645.00,0.00,0.00,248,13.82,3.45,0.00,16.8,4.998,4.998,4.998,4.998,15
2022-03-05 16:11:22,23.4,39.3,1650,0.0,0.0,0,0.0,0.0,0,515295.00,0.00,0.00,250,13.82,3.48,0.00,16.8,4.998,4.998,4.998,4.998,221
2022-03-05 16:12:22,15.8,39.1,1542,0.0,0.0,0,0.0,0.0,0,516837.00,0.00,0.00,231,13.82,3.21,0.00,16.8,4.998,4.998,4.998,4.998,25
2022-03-05 16:13:22,21.3,29.3,1228,0.0,0.0,0,0.0,0.0,0,518065.00,0.00,0.00,296,13.78,4.11,0.00,16.8,4.998,4.998,4.998,4.998,20
2022-03-05 16:14:22,16.3,28.1,1151,0.0,0.0,0,0.0,0.0,0,519216.00,0.00,0.00,254,13.82,3.53,0.00,16.4,4.998,4.998,4.998,4.998,39
2022-03-05 16:15:22,16.1,50.5,1397,0.0,0.0,0,0.0,0.0,0,520613.00,0.00,0.00,274,13.78,3.80,0.00,16.8,4.998,4.998,4.998,4.998,206
2022-03-05 16:16:22,23.5,29.2,1093,0.0,0.0,0,0.0,0.0,0,521706.00,0.00,0.00,294,13.78,4.09,0.00,16.4,4.998,4.998,4.998,4.998,155
2022-03-05 16:17:22,14.9,29.1,1085,0.0,0.0,0,0.0,0.0,0,522791.00,0.00,0.00,236,13.78,3.29,0.00,16.8,4.998,4.998,4.998,4.998,144
2022-03-05 16:18:22,20.3,34.2,1163,0.0,0.0,0,0.0,0.0,0,523954.00,0.00,0.00,217,13.78,3.02,0.00,16.8,4.998,4.998,4.998,4.998,205
2022-03-05 16:19:22,18.8,29.7,1295,0.0,0.0,0,0.0,0.0,0,525249.00,0.00,0.00,244,13.82,3.39,0.00,16.8,4.998,4.998,4.998,4.998,54
2022-03-05 16:20:22,10.3,33.5,1268,0.0,0.0,0,0.0,0.0,0,526517.00,0.00,0.00,264,13.78,3.67,0.00,16.8,4.998,4.998,4.998,4.998,134
2022-03-05 16:21:22,22.2,28.5,1107,0.0,0.0,0,0.0,0.0,0,527624.00,0.00,0.00,246,13.78,3.42,0.00,16.8,4.998,4.998,4.998,4.998,195
2022-03-05 16:22:22,16.4,28.6,1216,0.0,0.0,0,0.0,0.0,0,528840.00,0.00,0.00,256,13.82,3.56,0.00,16.8,4.998,4.998,4.998,4.998,139
2022-03-05 16:23:22,17.3,32.9,1281,0.0,0.0,0,0.0,0.0,0,530121.00,0.00,0.00,249,13.82,3.46,0.00,16.4,4.998,4.998,4.998,4.998,123
2022-03-05 16:24:22,32.8,40.7,1334,0.0,0.0,0,0.0,0.0,0,531455.00,0.00,0.00,234,13.78,3.26,0.00,16.8,4.998,4.998,4.998,4.998,244
2022-03-05 16:25:22,11.0,48.3,1115,0.0,0.0,0,0.0,0.0,0,532570.00,0.00,0.00,231,13.86,3.21,0.00,17.3,4.998,4.998,4.998,4.998,67
2022-03-05 16:26:22,20.2,37.5,1100,0.0,0.0,0,0.0,0.0,0,533670.00,0.00,0.00,227,13.78,3.16,0.00,17.3,4.998,4.998,4.998,4.998,41
2022-03-05 16:27:22,14.1,29.8,1135,0.0,0.0,0,0.0,0.0,0,534805.00,0.00,0.00,241,13.78,3.35,0.00,17.3,4.998,4.998,4.998,4.998,177
2022-03-05 16:28:22,22.1,44.4,1418,0.0,0.0,0,0.0,0.0,0,536223.00,0.00,0.00,242,13.86,3.36,0.00,16.8,4.998,4.998,4.998,4.998,102
2022-03-05 16:29:22,8.6,32.2,1145,0.0,0.0,0,0.0,0.0,0,537368.00,0.00,0.00,227,13.82,3.15,0.00,17.3,4.998,4.998,4.998,4.998,148
2022-03-05 16:30:22,18.1,27.0,1118,0.0,0.0,0,0.0,0.0,0,538486.00,0.00,0.00,266,13.82,3.70,0.00,17.3,4.998,4.998,4.998,4.998,45
2022-03-05 16:31:22,16.6,29.1,1029,0.0,0.0,0,0.0,0.0,0,539515.00,0.00,0.00,259,13.78,3.59,0.00,17.3,4.998,4.998,4.998,4.998,51
2022-03-05 16:32:22,17.7,33.9,1267,0.0,0.0,0,0.0,0.0,0,540782.00,0.00,0.00,243,13.86,3.37,0.00,17.3,4.998,4.998,4.998,4.998,181
2022-03-05 16:33:22,15.2,24.9,960,0.0,0.0,0,0.0,0.0,0,541742.00,0.00,0.00,231,13.82,3.21,0.00,17.3,4.998,4.998,4.998,4.998,13
2022-03-05 16:34:22,27.0,37.9,1254,0.0,0.0,0,0.0,0.0,0,542996.00,0.00,0.00,219,13.82,3.04,0.00,16.8,4.998,4.998,4.998,4.998,231
2022-03-05 16:35:22,19.3,33.3,1338,0.0,0.0,0,0.0,0.0,0,544334.00,0.00,0.00,278,13.78,3.87,0.00,16.8,4.998,4.998,4.998,4.998,254
2022-03-05 16:36:22,12.1,42.3,1118,0.0,0.0,0,0.0,0.0,0,545452.00,0.00,0.00,235,13.82,3.27,0.00,17.3,4.998,4.998,4.998,4.998,74
2022-03-05 16:37:22,16.1,24.0,813,0.0,0.0,0,0.0,0.0,0,546265.00,0.00,0.00,254,13.78,3.53,0.00,17.3,4.998,4.998,4.998,4.998,87
2022-03-05 16:38:22,7.1,17.4,696,0.0,0.0,0,0.0,0.0,0,546961.00,0.00,0.00,259,13.82,3.60,0.00,17.8,4.998,4.998,4.998,4.998,163
2022-03-05 16:39:22,29.4,42.1,1505,0.0,0.0,0,0.0,0.0,0,548466.00,0.00,0.00,223,13.78,3.10,0.00,16.8,4.998,4.998,4.998,4.998,20
2022-03-05 16:40:22,23.0,38.3,1619,0.0,0.0,0,0.0,0.0,0,550085.00,0.00,0.00,241,13.82,3.35,0.00,16.8,4.998,4.998,4.998,4.998,2
2022-03-05 16:41:22,11.7,30.2,1039,0.0,0.0,0,0.0,0.0,0,551124.00,0.00,0.00,241,13.78,3.35,0.00,16.8,4.998,4.998,4.998,4.998,166
2022-03-05 16:42:22,12.4,24.3,953,0.0,0.0,0,0.0,0.0,0,552077.00,0.00,0.00,229,13.82,3.19,0.00,16.8,4.998,4.998,4.998,4.998,22
2022-03-05 16:43:22,14.5,37.0,1375,0.0,0.0,0,0.0,0.0,0,553452.00,0.00,0.00,293,13.78,4.07,0.00,16.8,4.998,4.998,4.998,4.998,248
2022-03-05 16:44:22,16.1,27.5,1014,0.0,0.0,0,0.0,0.0,0,554466.00,0.00,0.00,292,13.82,4.06,0.00,16.8,4.998,4.998,4.998,4.998,105
2022-03-05 16:45:22,31.2,35.8,1303,0.0,0.0,0,0.0,0.0,0,555769.00,0.00,0.00,261,13.82,3.63,0.00,17.3,4.998,4.998,4.998,4.998,34
2022-03-05 16:46:22,14.8,40.5,1494,0.0,0.0,0,0.0,0.0,0,557263.00,0.00,0.00,283,13.82,3.93,0.00,16.8,4.998,4.998,4.998,4.998,9
2022-03-05 16:47:22,16.6,43.3,1375,0.0,0.0,0,0.0,0.0,0,558638.00,0.00,0.00,271,13.78,3.76,0.00,16.8,4.998,4.998,4.998,4.998,142
2022-03-05 16:48:22,13.9,36.4,1266,0.0,0.0,0,0.0,0.0,0,559904.00,0.00,0.00,260,13.82,3.61,0.00,16.4,4.998,4.998,4.998,4.998,52
2022-03-05 16:49:22,21.8,44.6,1306,0.0,0.0,0,0.0,0.0,0,561210.00,0.00,0.00,256,13.78,3.56,0.00,16.4,4.998,4.998,4.998,4.998,69
2022-03-05 16:50:22,21.8,34.5,1108,0.0,0.0,0,0.0,0.0,0,562318.00,0.00,0.00,269,13.82,3.74,0.00,16.8,4.998,4.998,4.998,4.998,224
2022-03-05 16:51:22,19.5,32.1,1094,0.0,0.0,0,0.0,0.0,0,563412.00,0.00,0.00,259,13.86,3.60,0.00,16.8,4.998,4.998,4.998,4.998,94
2022-03-05 16:52:22,15.2,26.8,966,0.0,0.0,0,0.0,0.0,0,564378.00,0.00,0.00,258,13.78,3.58,0.00,16.8,4.998,4.998,4.998,4.998,158
2022-03-05 16:53:22,24.7,32.2,1287,0.0,0.0,0,0.0,0.0,0,565665.00,0.00,0.00,227,13.82,3.16,0.00,16.8,4.998,4.998,4.998,4.998,11
2022-03-05 16:54:22,31.2,32.5,1199,0.0,0.0,0,0.0,0.0,0,566864.00,0.00,0.00,238,13.78,3.30,0.00,16.4,4.998,4.998,4.998,4.998,163
2022-03-05 16:55:22,18.3,35.7,1443,0.0,0.0,0,0.0,0.0,0,568307.00,0.00,0.00,228,13.78,3.17,0.00,16.4,4.998,4.998,4.998,4.998,174
2022-03-05 16:56:22,23.9,42.9,1466,0.0,0.0,0,0.0,0.0,0,569773.00,0.00,0.00,256,13.78,3.56,0.00,16.4,4.998,4.998,4.998,4.998,96
2022-03-05 16:57:22,21.0,41.1,1571,0.0,0.0,0,0.0,0.0,0,571344.00,0.00,0.00,223,13.82,3.11,0.00,15.9,4.998,4.998,4.998,4.998,9
2022-03-05 16:58:22,15.4,35.9,1502,0.0,0.0,0,0.0,0.0,0,572846.00,0.00,0.00,254,13.82,3.54,0.00,16.4,4.998,4.998,4.998,4.998,86
2022-03-05 16:59:22,10.6,33.9,1065,0.0,0.0,0,0.0,0.0,0,573911.00,0.00,0.00,244,13.82,3.39,0.00,16.4,4.998,4.998,4.998,4.998,192
2022-03-05 17:00:22,14.3,19.8,723,0.0,0.0,0,0.0,0.0,0,574634.00,0.00,0.00,259,13.82,3.60,0.00,15.9,4.998,4.998,4.998,4.998,18
2022-03-05 17:01:22,18.0,29.9,1211,0.0,0.0,0,0.0,0.0,0,575845.00,0.00,0.00,284,13.78,3.95,0.00,16.4,4.998,4.998,4.998,4.998,223
2022-03-05 17:02:22,9.4,30.5,1157,0.0,0.0,0,0.0,0.0,0,577002.00,0.00,0.00,244,13.82,3.39,0.00,16.4,4.998,4.998,4.998,4.998,48
2022-03-05 17:03:22,11.6,30.4,1115,0.0,0.0,0,0.0,0.0,0,578117.00,0.00,0.00,270,13.82,3.75,0.00,16.8,4.998,4.998,4.998,4.998,84
2022-03-05 17:04:22,17.0,38.6,1246,0.0,0.0,0,0.0,0.0,0,579363.00,0.00,0.00,251,13.78,3.48,0.00,16.8,4.998,4.998,4.998,4.998,42
2022-03-05 17:05:22,21.4,31.6,1375,0.0,0.0,0,0.0,0.0,0,580738.00,0.00,0.00,248,13.78,3.44,0.00,16.4,4.998,4.998,4.998,4.998,74
2022-03-05 17:06:22,13.7,31.1,1282,0.0,0.0,0,0.0,0.0,0,582020.00,0.00,0.00,274,13.78,3.80,0.00,16.8,4.998,4.998,4.998,4.998,197
2022-03-05 17:07:22,14.6,18.0,762,0.0,0.0,0,0.0,0.0,0,582782.00,0.00,0.00,290,13.82,4.02,0.00,16.8,4.998,4.998,4.998,4.998,99
2022-03-05 17:08:22,9.3,16.3,647,0.0,0.0,0,0.0,0.0,0,583429.00,0.00,0.00,250,13.82,3.48,0.00,16.8,4.998,4.998,4.998,4.998,137
2022-03-05 17:09:22,13.3,26.0,841,0.0,0.0,0,0.0,0.0,0,584270.00,0.00,0.00,244,13.78,3.39,0.00,16.8,4.998,4.998,4.998,4.998,8
2022-03-05 17:10:22,13.8,30.1,1182,0.0,0.0,0,0.0,0.0,0,585452.00,0.00,0.00,224,13.82,3.12,0.00,16.4,4.998,4.998,4.998,4.998,49
2022-03-05 17:11:22,9.9,21.4,769,0.0,0.0,0,0.0,0.0,0,586221.00,0.00,0.00,223,13.82,3.11,0.00,16.8,4.998,4.998,4.998,4.998,44
2022-03-05 17:12:22,18.7,36.2,1038,0.0,0.0,0,0.0,0.0,0,587259.00,0.00,0.00,285,13.78,3.96,0.00,15.9,4.998,4.998,4.998,4.998,115
2022-03-05 17:13:22,11.7,33.9,1075,0.0,0.0,0,0.0,0.0,0,588334.00,0.00,0.00,244,13.82,3.39,0.00,15.9,4.998,4.998,4.998,4.998,116
2022-03-05 17:14:22,11.0,28.1,978,0.0,0.0,0,0.0,0.0,0,589312.00,0.00,0.00,236,13.82,3.29,0.00,15.9,4.998,4.998,4.998,4.998,255
2022-03-05 17:15:22,35.2,38.6,1089,0.0,0.0,0,0.0,0.0,0,590401.00,0.00,0.00,290,13.86,4.03,0.00,16.4,4.998,4.998,4.998,4.998,224
2022-03-05 17:16:22,16.8,42.3,1603,0.0,0.0,0,0.0,0.0,0,592004.00,0.00,0.00,309,13.82,4.29,0.00,16.4,4.998,4.998,4.998,4.998,199
2022-03-05 17:17:22,18.1,27.8,1253,0.0,0.0,0,0.0,0.0,0,593257.00,0.00,0.00,242,13.82,3.37,0.00,16.4,4.998,4.998,4.998,4.998,194
2022-03-05 17:18:22,10.6,24.4,814,0.0,0.0,0,0.0,0.0,0,594071.00,0.00,0.00,281,13.78,3.90,0.00,16.4,4.998,4.998,4.998,4.998,170
2022-03-05 17:19:22,23.4,27.5,1039,0.0,0.0,0,0.0,0.0,0,595110.00,0.00,0.00,273,13.86,3.79,0.00,16.8,4.998,4.998,4.998,4.998,208
2022-03-05 17:20:22,31.4,41.7,1388,0.0,0.0,0,0.0,0.0,0,596498.00,0.00,0.00,233,13.82,3.24,0.00,16.4,4.998,4.998,4.998,4.998,70
2022-03-05 17:21:22,22.7,42.9,1495,0.0,0.0,0,0.0,0.0,0,597993.00,0.00,0.00,304,13.78,4.22,0.00,16.4,4.998,4.998,4.998,4.998,21
2022-03-05 17:22:22,19.6,47.8,1453,0.0,0.0,0,0.0,0.0,0,599446.00,0.00,0.00,258,13.82,3.59,0.00,16.4,4.998,4.998,4.998,4.998,98
2022-03-05 17:23:22,8.7,38.6,1158,0.0,0.0,0,0.0,0.0,0,600604.00,0.00,0.00,285,13.78,3.95,0.00,16.4,4.998,4.998,4.998,4.998,155
2022-03-05 17:24:22,13.5,29.3,983,0.0,0.0,0,0.0,0.0,0,601587.00,0.00,0.00,203,13.82,2.82,0.00,16.4,4.998,4.998,4.998,4.998,251
2022-03-05 17:25:22,14.0,20.8,859,0.0,0.0,0,0.0,0.0,0,602446.00,0.00,0.00,273,13.82,3.79,0.00,16.4,4.998,4.998,4.998,4.998,110
2022-03-05 17:26:22,10.2,27.7,1104,0.0,0.0,0,0.0,0.0,0,603550.00,0.00,0.00,248,13.82,3.45,0.00,16.4,4.998,4.998,4.998,4.998,3
2022-03-05 17:27:22,13.5,28.1,1184,0.0,0.0,0,0.0,0.0,0,604734.00,0.00,0.00,262,13.78,3.64,0.00,15.9,4.998,4.998,4.998,4.998,156
2022-03-05 17:28:22,23.8,27.4,1167,0.0,0.0,0,0.0,0.0,0,605901.00,0.00,0.00,248,13.78,3.44,0.00,16.4,4.998,4.998,4.998,4.998,127
2022-03-05 17:29:22,16.0,29.0,1068,0.0,0.0,0,0.0,0.0,0,606969.00,0.00,0.00,261,13.86,3.62,0.00,15.9,4.998,4.998,4.998,4.998,109
2022-03-05 17:30:22,17.9,26.0,1225,0.0,0.0,0,0.0,0.0,0,608194.00,0.00,0.00,251,13.82,3.48,0.00,15.9,4.998,4.998,4.998,4.998,254
2022-03-05 17:31:22,12.2,31.8,1138,0.0,0.0,0,0.0,0.0,0,609332.00,0.00,0.00,269,13.82,3.74,0.00,16.4,4.998,4.998,4.998,4.998,78
2022-03-05 17:32:22,11.6,17.3,686,0.0,0.0,0,0.0,0.0,0,610018.00,0.00,0.00,279,13.82,3.87,0.00,16.4,4.998,4.998,4.998,4.998,228
2022-03-05 17:33:22,11.3,21.8,809,0.0,0.0,0,0.0,0.0,0,610827.00,0.00,0.00,272,13.82,3.78,0.00,16.4,4.998,4.998,4.998,4.998,187
2022-03-05 17:34:22,12.0,18.0,819,0.0,0.0,0,0.0,0.0,0,611646.00,0.00,0.00,271,13.82,3.77,0.00,15.9,4.998,4.998,4.998,4.998,55
2022-03-05 17:35:22,14.9,27.5,993,0.0,0.0,0,0.0,0.0,0,612639.00,0.00,0.00,240,13.82,3.33,0.00,15.9,4.998,4.998,4.998,4.998,228
2022-03-05 17:36:22,14.6,28.6,1203,0.0,0.0,0,0.0,0.0,0,613842.00,0.00,0.00,264,13.82,3.66,0.00,15.9,4.998,4.998,4.998,4.998,39
2022-03-05 17:37:22,10.0,16.4,689,0.0,0.0,0,0.0,0.0,0,614531.00,0.00,0.00,230,13.82,3.19,0.00,15.9,4.998,4.998,4.998,4.998,57
2022-03-05 17:38:22,16.3,20.9,847,0.0,0.0,0,0.0,0.0,0,615378.00,0.00,0.00,296,13.82,4.12,0.00,15.9,4.998,4.998,4.998,4.998,196
2022-03-05 17:39:22,3.3,21.3,759,0.0,0.0,0,0.0,0.0,0,616137.00,0.00,0.00,229,13.86,3.19,0.00,15.9,4.998,4.998,4.998,4.998,92
2022-03-05 17:40:22,11.2,22.6,871,0.0,0.0,0,0.0,0.0,0,617008.00,0.00,0.00,250,13.82,3.48,0.00,15.9,4.998,4.998,4.998,4.998,76
2022-03-05 17:41:22,9.5,24.0,742,0.0,0.0,0,0.0,0.0,0,617750.00,0.00,0.00,236,13.82,3.28,0.00,15.9,4.998,4.998,4.998,4.998,81
2022-03-05 17:42:22,16.5,19.6,886,0.0,0.0,0,0.0,0.0,0,618636.00,0.00,0.00,247,13.82,3.43,0.00,15.9,4.998,4.998,4.998,4.998,108
2022-03-05 17:43:22,13.5,23.7,819,0.0,0.0,0,0.0,0.0,0,619455.00,0.00,0.00,226,13.82,3.14,0.00,15.4,4.998,4.998,4.998,4.998,167
2022-03-05 17:44:22,13.4,24.3,1071,0.0,0.0,0,0.0,0.0,0,620526.00,0.00,0.00,260,13.82,3.62,0.00,15.9,4.998,4.998,4.998,4.998,100
2022-03-05 17:45:22,15.2,22.7,847,0.0,0.0,0,0.0,0.0,0,621373.00,0.00,0.00,264,13.86,3.67,0.00,15.9,4.998,4.998,4.998,4.998,225
2022-03-05 17:46:22,13.9,16.8,667,0.0,0.0,0,0.0,0.0,0,622040.00,0.00,0.00,239,13.82,3.32,0.00,15.9,4.998,4.998,4.998,4.998,195
2022-03-05 17:47:22,14.4,22.9,953,0.0,0.0,0,0.0,0.0,0,622993.00,0.00,0.00,234,13.86,3.26,0.00,15.9,4.998,4.998,4.998,4.998,25
2022-03-05 17:48:22,19.5,24.3,768,0.0,0.0,0,0.0,0.0,0,623761.00,0.00,0.00,259,13.82,3.60,0.00,15.4,4.998,4.998,4.998,4.998,105
2022-03-05 17:49:22,22.0,32.7,1153,0.0,0.0,0,0.0,0.0,0,624914.00,0.00,0.00,227,13.86,3.16,0.00,15.9,4.998,4.998,4.998,4.998,245
2022-03-05 17:50:22,25.0,27.7,1220,0.0,0.0,0,0.0,0.0,0,626134.00,0.00,0.00,242,13.82,3.37,0.00,15.4,4.998,4.998,4.998,4.998,218
2022-03-05 17:51:22,19.3,35.4,1479,0.0,0.0,0,0.0,0.0,0,627613.00,0.00,0.00,254,13.82,3.54,0.00,15.4,4.998,4.998,4.998,4.998,223
2022-03-05 17:52:22,25.4,37.0,1489,0.0,0.0,0,0.0,0.0,0,629102.00,0.00,0.00,243,13.82,3.38,0.00,15.4,4.998,4.998,4.998,4.998,166
2022-03-05 17:53:22,9.9,28.8,886,0.0,0.0,0,0.0,0.0,0,629988.00,0.00,0.00,228,13.82,3.16,0.00,15.4,4.998,4.998,4.998,4.998,97
2022-03-05 17:54:22,13.9,26.0,962,0.0,0.0,0,0.0,0.0,0,630950.00,0.00,0.00,250,13.82,3.47,0.00,15.4,4.998,4.998,4.998,4.998,209
2022-03-05 17:55:22,14.6,25.7,1018,0.0,0.0,0,0.0,0.0,0,631968.00,0.00,0.00,257,13.82,3.57,0.00,15.4,4.998,4.998,4.998,4.998,8
2022-03-05 17:56:22,16.2,22.2,972,0.0,0.0,0,0.0,0.0,0,632940.00,0.00,0.00,248,13.86,3.45,0.00,15.4,4.998,4.998,4.998,4.998,13
2022-03-05 17:57:22,14.4,30.1,1235,0.0,0.0,0,0.0,0.0,0,634175.00,0.00,0.00,229,13.82,3.19,0.00,15.4,4.998,4.998,4.998,4.998,166
2022-03-05 17:58:22,23.2,33.5,1088,0.0,0.0,0,0.0,0.0,0,635263.00,0.00,0.00,248,13.86,3.45,0.00,15.4,4.998,4.998,4.998,4.998,112
2022-03-05 17:59:22,22.0,40.2,1439,0.0,0.0,0,0.0,0.0,0,636702.00,0.00,0.00,246,13.82,3.42,0.00,15.4,4.998,4.998,4.998,4.998,151
2022-03-05 18:00:22,8.8,28.3,981,0.0,0.0,0,0.0,0.0,0,637683.00,0.00,0.00,273,13.86,3.79,0.00,15.4,4.998,4.998,4.998,4.998,168
2022-03-05 18:01:22,11.8,17.4,797,0.0,0.0,0,0.0,0.0,0,638480.00,0.00,0.00,225,13.86,3.13,0.00,15.4,4.998,4.998,4.998,4.998,146
2022-03-05 18:02:22,6.9,17.3,724,0.0,0.0,0,0.0,0.0,0,639204.00,0.00,0.00,294,13.86,4.08,0.00,15.4,4.998,4.998,4.998,4.998,225
2022-03-05 18:03:22,10.1,18.0,622,0.0,0.0,0,0.0,0.0,0,639826.00,0.00,0.00,244,13.82,3.39,0.00,15.4,4.998,4.998,4.998,4.998,120
2022-03-05 18:04:22,11.1,24.5,615,0.0,0.0,0,0.0,0.0,0,640441.00,0.00,0.00,268,13.86,3.72,0.00,15.4,4.998,4.998,4.998,4.998,97
2022-03-05 18:05:22,13.2,26.0,1054,0.0,0.0,0,0.0,0.0,0,641495.00,0.00,0.00,235,13.86,3.27,0.00,14.9,4.998,4.998,4.998,4.998,115
2022-03-05 18:06:22,10.9,19.6,731,0.0,0.0,0,0.0,0.0,0,642226.00,0.00,0.00,233,13.82,3.24,0.00,14.9,4.998,4.998,4.998,4.998,95
2022-03-05 18:07:22,17.2,23.0,934,0.0,0.0,0,0.0,0.0,0,643160.00,0.00,0.00,236,13.86,3.28,0.00,14.9,4.998,4.998,4.998,4.998,182
2022-03-05 18:08:22,9.3,25.9,972,0.0,0.0,0,0.0,0.0,0,644132.00,0.00,0.00,261,13.86,3.63,0.00,14.9,4.998,4.998,4.998,4.998,68
2022-03-05 18:09:22,7.1,29.9,712,0.0,0.0,0,0.0,0.0,0,644844.00,0.00,0.00,270,13.86,3.75,0.00,14.9,4.998,4.998,4.998,4.998,66
2022-03-05 18:10:22,14.4,30.5,958,0.0,0.0,0,0.0,0.0,0,645802.00,0.00,0.00,247,13.82,3.43,0.00,14.9,4.998,4.998,4.998,4.998,211
2022-03-05 18:11:22,16.3,22.8,927,0.0,0.0,0,0.0,0.0,0,646729.00,0.00,0.00,246,13.82,3.42,0.00,14.4,4.998,4.998,4.998,4.998,37
2022-03-05 18:12:22,10.5,26.6,1094,0.0,0.0,0,0.0,0.0,0,647823.00,0.00,0.00,234,13.86,3.25,0.00,14.9,4.998,4.998,4.998,4.998,173
2022-03-05 18:13:22,10.0,25.6,854,0.0,0.0,0,0.0,0.0,0,648677.00,0.00,0.00,257,13.82,3.57,0.00,14.9,4.998,4.998,4.998,4.998,14
2022-03-05 18:14:22,9.0,20.7,641,0.0,0.0,0,0.0,0.0,0,649318.00,0.00,0.00,255,13.82,3.54,0.00,14.4,4.998,4.998,4.998,4.998,115
2022-03-05 18:15:22,15.7,20.8,756,0.0,0.0,0,0.0,0.0,0,650074.00,0.00,0.00,250,13.86,3.48,0.00,14.4,4.998,4.998,4.998,4.998,132
2022-03-05 18:16:22,20.4,21.9,798,0.0,0.0,0,0.0,0.0,0,650872.00,0.00,0.00,238,13.86,3.31,0.00,14.9,4.998,4.998,4.998,4.998,4
2022-03-05 18:17:22,13.9,25.6,780,0.0,0.0,0,0.0,0.0,0,651652.00,0.00,0.00,244,13.82,3.39,0.00,14.9,4.998,4.998,4.998,4.998,83
2022-03-05 18:18:22,15.6,22.8,1035,0.0,0.0,0,0.0,0.0,0,652687.00,0.00,0.00,247,13.82,3.43,0.00,14.4,4.998,4.998,4.998,4.998,90
2022-03-05 18:19:22,11.6,25.1,963,0.0,0.0,0,0.0,0.0,0,653650.00,0.00,0.00,242,13.86,3.37,0.00,14.4,4.998,4.998,4.998,4.998,210
2022-03-05 18:20:22,12.7,18.2,727,0.0,0.0,0,0.0,0.0,0,654377.00,0.00,0.00,248,13.86,3.44,0.00,14.9,4.998,4.998,4.998,4.998,18
2022-03-05 18:21:22,9.9,17.3,694,0.0,0.0,0,0.0,0.0,0,655071.00,0.00,0.00,243,13.82,3.38,0.00,14.4,4.998,4.998,4.998,4.998,53
2022-03-05 18:22:22,11.2,16.5,601,0.0,0.0,0,0.0,0.0,0,655672.00,0.00,0.00,259,13.86,3.60,0.00,14.4,4.998,4.998,4.998,4.998,2
2022-03-05 18:23:22,16.0,23.2,831,0.0,0.0,0,0.0,0.0,0,656503.00,0.00,0.00,219,13.86,3.04,0.00,14.4,4.998,4.998,4.998,4.998,92
2022-03-05 18:24:22,20.4,21.2,705,0.0,0.0,0,0.0,0.0,0,657208.00,0.00,0.00,230,13.86,3.19,0.00,13.9,4.998,4.998,4.998,4.998,212
2022-03-05 18:25:22,15.8,23.1,970,0.0,0.0,0,0.0,0.0,0,658178.00,0.00,0.00,249,13.86,3.46,0.00,14.4,4.998,4.998,4.998,4.998,225
2022-03-05 18:26:22,9.4,15.6,558,0.0,0.0,0,0.0,0.0,0,658736.00,0.00,0.00,278,13.86,3.86,0.00,14.4,4.998,4.998,4.998,4.998,234
2022-03-05 18:27:22,8.3,15.1,614,0.0,0.0,0,0.0,0.0,0,659350.00,0.00,0.00,253,13.63,3.51,0.00,13.9,4.998,4.998,4.998,4.998,70
2022-03-05 18:28:22,17.4,25.1,977,0.0,0.0,0,0.0,0.0,0,660327.00,0.00,0.00,268,13.55,3.73,0.00,13.9,4.998,4.998,4.998,4.998,226
2022-03-05 18:29:22,12.8,18.6,746,0.0,0.0,0,0.0,0.0,0,661073.00,0.00,0.00,267,13.51,3.71,0.00,13.9,4.998,4.998,4.998,4.998,91
2022-03-05 18:30:22,12.2,18.1,652,0.0,0.0,0,0.0,0.0,0,661725.00,0.00,0.00,251,13.47,3.49,0.00,13.9,4.998,4.998,4.998,4.998,55
2022-03-05 18:31:22,9.7,19.3,802,0.0,0.0,0,0.0,0.0,0,662527.00,0.00,0.00,239,13.43,3.32,0.00,13.9,4.998,4.998,4.998,4.998,168
2022-03-05 18:32:22,8.2,19.3,734,0.0,0.0,0,0.0,0.0,0,663261.00,0.00,0.00,238,13.43,3.31,0.00,13.9,4.998,4.998,4.998,4.998,39
2022-03-05 18:33:22,8.5,14.5,625,0.0,0.0,0,0.0,0.0,0,663886.00,0.00,0.00,243,13.39,3.37,0.00,13.9,4.998,4.998,4.998,4.998,173
2022-03-05 18:34:22,7.8,12.4,585,0.0,0.0,0,0.0,0.0,0,664471.00,0.00,0.00,244,13.39,3.39,0.00,13.9,4.998,4.998,4.998,4.998,5
2022-03-05 18:35:22,6.9,9.3,428,0.0,0.0,0,0.0,0.0,0,664899.00,0.00,0.00,243,13.35,3.37,0.00,13.9,4.998,4.998,4.998,4.998,68
2022-03-05 18:36:22,12.1,19.3,505,0.0,0.0,0,0.0,0.0,0,665404.00,0.00,0.00,279,13.32,3.87,0.00,13.9,4.998,4.998,4.998,4.998,236
2022-03-05 18:37:22,11.0,22.2,757,0.0,0.0,0,0.0,0.0,0,666161.00,0.00,0.00,233,13.32,3.24,0.00,13.4,4.998,4.998,4.998,4.998,133
2022-03-05 18:38:22,8.5,11.3,446,0.0,0.0,0,0.0,0.0,0,666607.00,0.00,0.00,243,13.28,3.37,0.00,13.4,4.998,4.998,4.998,4.998,98
2022-03-05 18:39:22,10.8,13.7,504,0.0,0.0,0,0.0,0.0,0,667111.00,0.00,0.00,270,13.28,3.74,0.00,13.4,4.998,4.998,4.998,4.998,89
2022-03-05 18:40:22,9.1,17.8,749,0.0,0.0,0,0.0,0.0,0,667860.00,0.00,0.00,234,13.28,3.26,0.00,13.9,4.998,4.998,4.998,4.998,177
2022-03-05 18:41:22,8.1,13.5,508,0.0,0.0,0,0.0,0.0,0,668368.00,0.00,0.00,245,13.28,3.40,0.00,13.4,4.998,4.998,4.998,4.998,156
2022-03-05 18:42:22,4.9,15.9,571,0.0,0.0,0,0.0,0.0,0,668939.00,0.00,0.00,240,13.28,3.33,0.00,13.4,4.998,4.998,4.998,4.998,192
2022-03-05 18:43:22,16.3,21.2,609,0.0,0.0,0,0.0,0.0,0,669548.00,0.00,0.00,242,13.24,3.37,0.00,13.4,4.998,4.998,4.998,4.998,255
2022-03-05 18:44:22,8.4,19.9,846,0.0,0.0,0,0.0,0.0,0,670394.00,0.00,0.00,184,13.24,2.55,0.00,13.4,4.998,4.998,4.998,4.998,0
2022-03-05 18:45:22,10.9,18.9,820,0.0,0.0,0,0.0,0.0,0,671214.00,0.00,0.00,247,13.24,3.44,0.00,13.4,4.998,4.998,4.998,4.998,25
2022-03-05 18:46:22,7.0,13.7,481,0.0,0.0,0,0.0,0.0,0,671695.04,0.00,0.00,256,13.20,3.55,0.00,13.4,4.998,4.998,4.998,4.998,253
2022-03-05 18:47:22,10.4,18.9,714,0.0,0.0,0,0.0,0.0,0,672409.04,0.00,0.00,217,13.20,3.02,0.00,13.4,4.998,4.998,4.998,4.998,254
2022-03-05 18:48:22,3.8,14.7,479,0.0,0.0,0,0.0,0.0,0,672888.00,0.00,0.00,247,13.20,3.43,0.00,13.4,4.998,4.998,4.998,4.998,104
2022-03-05 18:49:22,2.0,12.8,388,0.0,0.0,0,0.0,0.0,0,673276.00,0.00,0.00,259,13.20,3.59,0.00,13.4,4.998,4.998,4.998,4.998,35
2022-03-05 18:50:22,5.5,10.8,340,0.0,0.0,0,0.0,0.0,0,673616.00,0.00,0.00,241,13.16,3.35,0.00,12.9,4.998,4.998,4.998,4.998,166
2022-03-05 18:51:22,12.0,22.7,730,0.0,0.0,0,0.0,0.0,0,674346.00,0.00,0.00,249,13.16,3.46,0.00,13.4,4.998,4.998,4.998,4.998,61
2022-03-05 18:52:22,15.2,21.3,654,0.0,0.0,0,0.0,0.0,0,675000.00,0.00,0.00,241,13.12,3.35,0.00,13.4,4.998,4.998,4.998,4.998,69
2022-03-05 18:53:22,13.0,20.1,804,0.0,0.0,0,0.0,0.0,0,675804.00,0.00,0.00,274,13.16,3.81,0.00,13.4,4.998,4.998,4.998,4.998,115
2022-03-05 18:54:22,14.6,19.7,782,0.0,0.0,0,0.0,0.0,0,676586.00,0.00,0.00,273,13.12,3.79,0.00,13.4,4.998,4.998,4.998,4.998,114
2022-03-05 18:55:22,12.8,20.5,772,0.0,0.0,0,0.0,0.0,0,677358.00,0.00,0.00,278,13.16,3.86,0.00,13.4,4.998,4.998,4.998,4.998,99
2022-03-05 18:56:22,11.1,18.8,731,0.0,0.0,0,0.0,0.0,0,678089.04,0.00,0.00,246,13.12,3.41,0.00,13.4,4.998,4.998,4.998,4.998,217
2022-03-05 18:57:22,8.2,14.6,716,0.0,0.0,0,0.0,0.0,0,678805.04,0.00,0.00,220,13.12,3.06,0.00,12.9,4.998,4.998,4.998,4.998,23
2022-03-05 18:58:22,11.1,18.0,751,0.0,0.0,0,0.0,0.0,0,679556.00,0.00,0.00,243,13.12,3.37,0.00,12.9,4.998,4.998,4.998,4.998,151
2022-03-05 18:59:22,15.0,16.1,598,0.0,0.0,0,0.0,0.0,0,680154.00,0.00,0.00,282,13.08,3.92,0.00,12.9,4.998,4.998,4.998,4.998,186
2022-03-05 19:00:22,8.0,15.3,477,0.0,0.0,0,0.0,0.0,0,680631.04,0.00,0.00,261,13.12,3.62,0.00,12.9,4.998,4.998,4.998,4.998,52
2022-03-05 19:01:22,9.4,13.3,541,0.0,0.0,0,0.0,0.0,0,681172.00,0.00,0.00,242,13.08,3.36,0.00,12.9,4.998,4.998,4.998,4.998,147
2022-03-05 19:02:22,8.0,13.0,575,0.0,0.0,0,0.0,0.0,0,681747.04,0.00,0.00,215,13.08,2.99,0.00,12.9,4.998,4.998,4.998,4.998,219
2022-03-05 19:03:22,12.4,18.1,765,0.0,0.0,0,0.0,0.0,0,682512.00,0.00,0.00,259,13.08,3.60,0.00,12.4,4.998,4.998,4.998,4.998,116
2022-03-05 19:04:22,8.2,17.3,719,0.0,0.0,0,0.0,0.0,0,683231.04,0.00,0.00,252,13.08,3.50,0.00,12.9,4.998,4.998,4.998,4.998,83
2022-03-05 19:05:22,12.8,15.9,689,0.0,0.0,0,0.0,0.0,0,683920.00,0.00,0.00,256,13.08,3.55,0.00,12.9,4.998,4.998,4.998,4.998,8
2022-03-05 19:06:22,9.9,12.7,517,0.0,0.0,0,0.0,0.0,0,684437.04,0.00,0.00,223,13.08,3.11,0.00,12.9,4.998,4.998,4.998,4.998,122
2022-03-05 19:07:22,8.4,12.0,490,0.0,0.0,0,0.0,0.0,0,684927.04,0.00,0.00,234,13.08,3.25,0.00,12.4,4.998,4.998,4.998,4.998,228
2022-03-05 19:08:22,5.5,9.8,417,0.0,0.0,0,0.0,0.0,0,685344.00,0.00,0.00,234,13.08,3.26,0.00,12.4,4.998,4.998,4.998,4.998,13
2022-03-05 19:09:22,9.5,12.7,587,0.0,0.0,0,0.0,0.0,0,685931.04,0.00,0.00,228,13.08,3.17,0.00,12.9,4.998,4.998,4.998,4.998,232
2022-03-05 19:10:22,11.4,13.5,617,0.0,0.0,0,0.0,0.0,0,686548.00,0.00,0.00,222,13.08,3.08,0.00,12.9,4.998,4.998,4.998,4.998,137
2022-03-05 19:11:22,11.2,18.1,773,0.0,0.0,0,0.0,0.0,0,687321.04,0.00,0.00,232,13.08,3.23,0.00,12.9,4.998,4.998,4.998,4.998,11
2022-03-05 19:12:22,15.5,18.2,683,0.0,0.0,0,0.0,0.0,0,688004.00,0.00,0.00,241,13.08,3.34,0.00,12.4,4.998,4.998,4.998,4.998,34
2022-03-05 19:13:22,5.7,16.8,660,0.0,0.0,0,0.0,0.0,0,688664.00,0.00,0.00,247,13.08,3.43,0.00,12.4,4.998,4.998,4.998,4.998,37
2022-03-05 19:14:22,5.4,9.3,336,0.0,0.0,0,0.0,0.0,0,689000.00,0.00,0.00,222,13.08,3.08,0.00,12.4,4.998,4.998,4.998,4.998,29
2022-03-05 19:15:22,9.5,17.7,680,0.0,0.0,0,0.0,0.0,0,689680.00,0.00,0.00,242,13.08,3.36,0.00,12.9,4.998,4.998,4.998,4.998,248
2022-03-05 19:16:22,10.8,16.9,633,0.0,0.0,0,0.0,0.0,0,690313.04,0.00,0.00,236,13.08,3.28,0.00,12.4,4.998,4.998,4.998,4.998,157
2022-03-05 19:17:22,8.7,12.3,570,0.0,0.0,0,0.0,0.0,0,690883.04,0.00,0.00,265,13.08,3.68,0.00,12.4,4.998,4.998,4.998,4.998,144
2022-03-05 19:18:22,10.2,12.6,549,0.0,0.0,0,0.0,0.0,0,691432.00,0.00,0.00,249,13.08,3.46,0.00,12.4,4.998,4.998,4.998,4.998,241
2022-03-05 19:19:22,7.0,13.5,652,0.0,0.0,0,0.0,0.0,0,692084.00,0.00,0.00,267,13.08,3.71,0.00,12.4,4.998,4.998,4.998,4.998,217
2022-03-05 19:20:22,9.3,17.0,615,0.0,0.0,0,0.0,0.0,0,692699.04,0.00,0.00,235,13.08,3.27,0.00,12.4,4.998,4.998,4.998,4.998,91
2022-03-05 19:21:22,11.1,20.2,802,0.0,0.0,0,0.0,0.0,0,693501.04,0.00,0.00,245,13.08,3.41,0.00,12.9,4.998,4.998,4.998,4.998,226
2022-03-05 19:22:22,8.8,16.0,578,0.0,0.0,0,0.0,0.0,0,694079.04,0.00,0.00,236,13.08,3.29,0.00,12.4,4.998,4.998,4.998,4.998,149
2022-03-05 19:23:22,5.3,11.9,534,0.0,0.0,0,0.0,0.0,0,694613.04,0.00,0.00,229,13.08,3.18,0.00,12.4,4.998,4.998,4.998,4.998,134
2022-03-05 19:24:22,6.5,16.6,552,0.0,0.0,0,0.0,0.0,0,695165.04,0.00,0.00,238,13.08,3.31,0.00,12.4,4.998,4.998,4.998,4.998,104
2022-03-05 19:25:22,11.0,19.4,706,0.0,0.0,0,0.0,0.0,0,695871.04,0.00,0.00,243,13.08,3.38,0.00,12.4,4.998,4.998,4.998,4.998,76
2022-03-05 19:26:22,9.7,18.9,843,0.0,0.0,0,0.0,0.0,0,696714.00,0.00,0.00,268,13.08,3.73,0.00,12.9,4.998,4.998,4.998,4.998,188
2022-03-05 19:27:22,8.2,18.1,714,0.0,0.0,0,0.0,0.0,0,697428.00,0.00,0.00,253,13.08,3.51,0.00,12.9,4.998,4.998,4.998,4.998,100
2022-03-05 19:28:22,10.2,19.3,694,0.0,0.0,0,0.0,0.0,0,698122.00,0.00,0.00,227,13.04,3.16,0.00,12.4,4.998,4.998,4.998,4.998,159
2022-03-05 19:29:22,6.2,10.3,471,0.0,0.0,0,0.0,0.0,0,698593.04,0.00,0.00,234,13.08,3.25,0.00,12.0,4.998,4.998,4.998,4.998,197
2022-03-05 19:30:22,6.7,15.0,577,0.0,0.0,0,0.0,0.0,0,699170.00,0.00,0.00,233,13.08,3.23,0.00,12.4,4.998,4.998,4.998,4.998,207
2022-03-05 19:31:22,7.1,14.2,559,0.0,0.0,0,0.0,0.0,0,699729.04,0.00,0.00,246,13.08,3.41,0.00,12.4,4.998,4.998,4.998,4.998,91
2022-03-05 19:32:22,5.7,8.0,364,0.0,0.0,0,0.0,0.0,0,700093.04,0.00,0.00,225,13.04,3.12,0.00,12.0,4.998,4.998,4.998,4.998,52
2022-03-05 19:33:22,9.6,10.7,443,0.0,0.0,0,0.0,0.0,0,700536.00,0.00,0.00,276,13.04,3.83,0.00,12.0,4.998,4.998,4.998,4.998,73
2022-03-05 19:34:22,6.9,14.3,563,0.0,0.0,0,0.0,0.0,0,701099.04,0.00,0.00,215,13.04,2.99,0.00,12.0,4.998,4.998,4.998,4.998,136
2022-03-05 19:35:22,3.9,9.4,359,0.0,0.0,0,0.0,0.0,0,701458.00,0.00,0.00,214,13.08,2.97,0.00,12.0,4.998,4.998,4.998,4.998,188
2022-03-05 19:36:22,9.3,10.5,377,0.0,0.0,0,0.0,0.0,0,701835.04,0.00,0.00,237,13.08,3.29,0.00,11.5,4.998,4.998,4.998,4.998,205
2022-03-05 19:37:22,6.1,10.6,415,0.0,0.0,0,0.0,0.0,0,702250.00,0.00,0.00,237,13.08,3.29,0.00,12.0,4.998,4.998,4.998,4.998,160
2022-03-05 19:38:22,5.7,12.6,505,0.0,0.0,0,0.0,0.0,0,702755.04,0.00,0.00,215,13.04,2.99,0.00,12.0,4.998,4.998,4.998,4.998,77
2022-03-05 19:39:22,11.5,13.7,487,0.0,0.0,0,0.0,0.0,0,703242.00,0.00,0.00,255,13.08,3.54,0.00,12.0,4.998,4.998,4.998,4.998,207
2022-03-05 19:40:22,10.1,13.0,475,0.0,0.0,0,0.0,0.0,0,703717.04,0.00,0.00,245,13.08,3.41,0.00,12.0,4.998,4.998,4.998,4.998,105
2022-03-05 19:41:22,6.1,12.1,437,0.0,0.0,0,0.0,0.0,0,704154.00,0.00,0.00,178,13.04,2.48,0.00,12.0,4.998,4.998,4.998,4.998,109
2022-03-05 19:42:22,6.8,10.5,488,0.0,0.0,0,0.0,0.0,0,704642.00,0.00,0.00,211,13.08,2.94,0.00,12.0,4.998,4.998,4.998,4.998,161
2022-03-05 19:43:22,5.5,10.7,411,0.0,0.0,0,0.0,0.0,0,705053.04,0.00,0.00,260,13.08,3.61,0.00,12.0,4.998,4.998,4.998,4.998,98
2022-03-05 19:44:22,7.7,11.3,418,0.0,0.0,0,0.0,0.0,0,705471.04,0.00,0.00,249,13.04,3.46,0.00,12.0,4.998,4.998,4.998,4.998,201
2022-03-05 19:45:22,6.9,8.7,373,0.0,0.0,0,0.0,0.0,0,705844.00,0.00,0.00,231,13.04,3.21,0.00,11.5,4.998,4.998,4.998,4.998,115
2022-03-05 19:46:22,9.2,11.0,408,0.0,0.0,0,0.0,0.0,0,706252.00,0.00,0.00,214,13.04,2.97,0.00,11.5,4.998,4.998,4.998,4.998,200
2022-03-05 19:47:22,9.5,14.7,589,0.0,0.0,0,0.0,0.0,0,706841.04,0.00,0.00,272,13.08,3.77,0.00,12.0,4.998,4.998,4.998,4.998,242
2022-03-05 19:48:22,5.1,9.6,410,0.0,0.0,0,0.0,0.0,0,707251.04,0.00,0.00,242,13.04,3.37,0.00,12.0,4.998,4.998,4.998,4.998,1
2022-03-05 19:49:22,10.0,11.8,484,0.0,0.0,0,0.0,0.0,0,707735.04,0.00,0.00,220,13.04,3.05,0.00,11.5,4.998,4.998,4.998,4.998,8
2022-03-05 19:50:22,4.3,12.4,476,0.0,0.0,0,0.0,0.0,0,708211.04,0.00,0.00,240,13.04,3.33,0.00,12.0,4.998,4.998,4.998,4.998,56
2022-03-05 19:51:22,6.7,8.2,325,0.0,0.0,0,0.0,0.0,0,708536.00,0.00,0.00,274,13.08,3.80,0.00,11.5,4.998,4.998,4.998,4.998,123
2022-03-05 19:52:22,4.6,10.5,425,0.0,0.0,0,0.0,0.0,0,708961.04,0.00,0.00,273,13.04,3.79,0.00,11.5,4.998,4.998,4.998,4.998,217
2022-03-05 19:53:22,9.0,13.6,476,0.0,0.0,0,0.0,0.0,0,709437.04,0.00,0.00,242,13.04,3.36,0.00,11.5,4.998,4.998,4.998,4.998,22
2022-03-05 19:54:22,8.5,11.0,439,0.0,0.0,0,0.0,0.0,0,709876.00,0.00,0.00,253,13.04,3.52,0.00,11.5,4.998,4.998,4.998,4.998,143
2022-03-05 19:55:22,11.7,12.7,437,0.0,0.0,0,0.0,0.0,0,710313.04,0.00,0.00,245,13.04,3.40,0.00,11.5,4.998,4.998,4.998,4.998,232
2022-03-05 19:56:22,6.3,15.3,513,0.0,0.0,0,0.0,0.0,0,710826.00,0.00,0.00,248,13.04,3.44,0.00,11.5,4.998,4.998,4.998,4.998,6
2022-03-05 19:57:22,5.5,9.8,331,0.0,0.0,0,0.0,0.0,0,711157.04,0.00,0.00,248,13.04,3.45,0.00,11.5,4.998,4.998,4.998,4.998,170
2022-03-05 19:58:22,6.5,9.1,367,0.0,0.0,0,0.0,0.0,0,711524.00,0.00,0.00,223,13.04,3.11,0.00,11.5,4.998,4.998,4.998,4.998,158
2022-03-05 19:59:22,6.5,14.8,527,0.0,0.0,0,0.0,0.0,0,712051.04,0.00,0.00,223,13.04,3.10,0.00,11.5,4.998,4.998,4.998,4.998,57
2022-03-05 20:00:22,8.7,13.1,517,0.0,0.0,0,0.0,0.0,0,712568.00,0.00,0.00,247,13.04,3.43,0.00,11.5,4.998,4.998,4.998,4.998,168
2022-03-05 20:01:22,8.5,20.0,744,0.0,0.0,0,0.0,0.0,0,713312.00,0.00,0.00,223,13.04,3.11,0.00,12.0,4.998,4.998,4.998,4.998,42
2022-03-05 20:02:22,16.2,22.2,814,0.0,0.0,0,0.0,0.0,0,714126.00,0.00,0.00,240,13.04,3.34,0.00,12.0,4.998,4.998,4.998,4.998,108
2022-03-05 20:03:22,8.4,17.7,692,0.0,0.0,0,0.0,0.0,0,714818.00,0.00,0.00,268,13.04,3.73,0.00,12.0,4.998,4.998,4.998,4.998,29
2022-03-05 20:04:22,7.7,12.7,511,0.0,0.0,0,0.0,0.0,0,715329.04,0.00,0.00,263,13.04,3.66,0.00,11.5,4.998,4.998,4.998,4.998,235
2022-03-05 20:05:22,6.4,13.8,624,0.0,0.0,0,0.0,0.0,0,715953.04,0.00,0.00,242,13.04,3.36,0.00,11.5,4.998,4.998,4.998,4.998,215
2022-03-05 20:06:22,6.8,16.0,619,0.0,0.0,0,0.0,0.0,0,716572.00,0.00,0.00,262,13.04,3.64,0.00,11.5,4.998,4.998,4.998,4.998,69
2022-03-05 20:07:22,11.1,15.5,658,0.0,0.0,0,0.0,0.0,0,717230.00,0.00,0.00,266,13.04,3.70,0.00,11.5,4.998,4.998,4.998,4.998,112
2022-03-05 20:08:22,7.2,15.8,611,0.0,0.0,0,0.0,0.0,0,717841.04,0.00,0.00,234,13.04,3.26,0.00,11.5,4.998,4.998,4.998,4.998,170
2022-03-05 20:09:22,9.5,12.8,533,0.0,0.0,0,0.0,0.0,0,718374.00,0.00,0.00,241,13.04,3.35,0.00,11.5,4.998,4.998,4.998,4.998,75
2022-03-05 20:10:22,13.4,20.7,773,0.0,0.0,0,0.0,0.0,0,719147.04,0.00,0.00,274,13.04,3.81,0.00,11.5,4.998,4.998,4.998,4.998,93
2022-03-05 20:11:22,19.4,19.4,663,0.0,0.0,0,0.0,0.0,0,719810.00,0.00,0.00,250,13.04,3.48,0.00,11.5,4.998,4.998,4.998,4.998,40
2022-03-05 20:12:22,12.8,20.9,948,0.0,0.0,0,0.0,0.0,0,720758.00,0.00,0.00,253,13.04,3.51,0.00,11.5,4.998,4.998,4.998,4.998,91
2022-03-05 20:13:22,4.8,21.9,735,0.0,0.0,0,0.0,0.0,0,721493.04,0.00,0.00,232,13.04,3.22,0.00,11.5,4.998,4.998,4.998,4.998,190
2022-03-05 20:14:22,11.7,21.2,688,0.0,0.0,0,0.0,0.0,0,722181.04,0.00,0.00,236,13.04,3.28,0.00,11.5,4.998,4.998,4.998,4.998,107
2022-03-05 20:15:22,16.6,26.0,947,0.0,0.0,0,0.0,0.0,0,723128.00,0.00,0.00,253,13.04,3.51,0.00,11.5,4.998,4.998,4.998,4.998,100
2022-03-05 20:16:22,14.9,23.3,946,0.0,0.0,0,0.0,0.0,0,724074.00,0.00,0.00,277,13.04,3.85,0.00,11.5,4.998,4.998,4.998,4.998,208
2022-03-05 20:17:22,10.9,22.3,886,0.0,0.0,0,0.0,0.0,0,724960.00,0.00,0.00,227,13.04,3.15,0.00,11.5,4.998,4.998,4.998,4.998,91
2022-03-05 20:18:22,6.7,19.6,679,0.0,0.0,0,0.0,0.0,0,725639.04,0.00,0.00,208,13.00,2.89,0.00,11.5,4.998,4.998,4.998,4.998,226
2022-03-05 20:19:22,10.1,24.3,869,0.0,0.0,0,0.0,0.0,0,726508.00,0.00,0.00,261,13.04,3.63,0.00,11.5,4.998,4.998,4.998,4.998,249
2022-03-05 20:20:22,13.0,16.0,581,0.0,0.0,0,0.0,0.0,0,727089.04,0.00,0.00,245,13.04,3.41,0.00,11.5,4.998,4.998,4.998,4.998,164
2022-03-05 20:21:22,10.9,21.6,800,0.0,0.0,0,0.0,0.0,0,727889.04,0.00,0.00,248,13.04,3.44,0.00,11.5,4.998,4.998,4.998,4.998,24
2022-03-05 20:22:22,12.9,19.1,704,0.0,0.0,0,0.0,0.0,0,728593.04,0.00,0.00,217,13.04,3.02,0.00,11.5,4.998,4.998,4.998,4.998,103
2022-03-05 20:23:22,9.6,14.3,672,0.0,0.0,0,0.0,0.0,0,729265.04,0.00,0.00,228,13.04,3.17,0.00,11.5,4.998,4.998,4.998,4.998,32
2022-03-05 20:24:22,8.3,11.3,476,0.0,0.0,0,0.0,0.0,0,729741.04,0.00,0.00,266,13.00,3.70,0.00,11.0,4.998,4.998,4.998,4.998,234
2022-03-05 20:25:22,17.3,20.7,729,0.0,0.0,0,0.0,0.0,0,730470.00,0.00,0.00,229,13.00,3.18,0.00,11.0,4.998,4.998,4.998,4.998,135
2022-03-05 20:26:22,8.3,25.3,1060,0.0,0.0,0,0.0,0.0,0,731530.00,0.00,0.00,278,13.00,3.86,0.00,11.0,4.998,4.998,4.998,4.998,184
2022-03-05 20:27:22,12.7,16.4,608,0.0,0.0,0,0.0,0.0,0,732138.00,0.00,0.00,245,13.00,3.40,0.00,11.0,4.998,4.998,4.998,4.998,200
2022-03-05 20:28:22,11.2,22.1,616,0.0,0.0,0,0.0,0.0,0,732754.00,0.00,0.00,252,13.00,3.51,0.00,10.5,4.998,4.998,4.998,4.998,100
2022-03-05 20:29:22,8.0,20.2,734,0.0,0.0,0,0.0,0.0,0,733488.00,0.00,0.00,270,13.04,3.75,0.00,11.0,4.998,4.998,4.998,4.998,90
2022-03-05 20:30:22,8.1,12.8,495,0.0,0.0,0,0.0,0.0,0,733983.04,0.00,0.00,268,13.00,3.72,0.00,10.5,4.998,4.998,4.998,4.998,3
2022-03-05 20:31:22,7.8,15.0,612,0.0,0.0,0,0.0,0.0,0,734595.04,0.00,0.00,223,13.00,3.10,0.00,11.0,4.998,4.998,4.998,4.998,144
2022-03-05 20:32:22,10.5,17.4,659,0.0,0.0,0,0.0,0.0,0,735254.00,0.00,0.00,258,13.00,3.58,0.00,10.5,4.998,4.998,4.998,4.998,23
2022-03-05 20:33:22,7.9,16.7,682,0.0,0.0,0,0.0,0.0,0,735936.00,0.00,0.00,243,13.00,3.38,0.00,11.0,4.998,4.998,4.998,4.998,217
2022-03-05 20:34:22,8.3,11.5,517,0.0,0.0,0,0.0,0.0,0,736453.04,0.00,0.00,277,13.04,3.85,0.00,10.5,4.998,4.998,4.998,4.998,124
2022-03-05 20:35:22,13.5,14.8,579,0.0,0.0,0,0.0,0.0,0,737032.00,0.00,0.00,279,13.04,3.88,0.00,10.5,4.998,4.998,4.998,4.998,83
2022-03-05 20:36:22,17.4,20.7,716,0.0,0.0,0,0.0,0.0,0,737748.00,0.00,0.00,255,13.00,3.54,0.00,10.5,4.998,4.998,4.998,4.998,224
2022-03-05 20:37:22,6.2,22.8,783,0.0,0.0,0,0.0,0.0,0,738531.04,0.00,0.00,271,13.00,3.76,0.00,10.5,4.998,4.998,4.998,4.998,150
2022-03-05 20:38:22,10.1,21.7,736,0.0,0.0,0,0.0,0.0,0,739267.04,0.00,0.00,275,13.00,3.83,0.00,10.5,4.998,4.998,4.998,4.998,157
2022-03-05 20:39:22,7.7,13.2,523,0.0,0.0,0,0.0,0.0,0,739790.00,0.00,0.00,278,13.00,3.86,0.00,10.5,4.998,4.998,4.998,4.998,197
2022-03-05 20:40:22,7.8,11.7,512,0.0,0.0,0,0.0,0.0,0,740302.00,0.00,0.00,274,13.00,3.81,0.00,10.0,4.998,4.998,4.998,4.998,205
2022-03-05 20:41:22,5.2,12.5,462,0.0,0.0,0,0.0,0.0,0,740764.00,0.00,0.00,285,13.00,3.96,0.00,10.0,4.998,4.998,4.998,4.998,175
2022-03-05 20:42:22,5.7,19.6,574,0.0,0.0,0,0.0,0.0,0,741338.00,0.00,0.00,265,13.00,3.68,0.00,10.0,4.998,4.998,4.998,4.998,247
2022-03-05 20:43:22,6.9,11.2,383,0.0,0.0,0,0.0,0.0,0,741721.04,0.00,0.00,279,13.00,3.87,0.00,9.5,4.998,4.998,4.998,4.998,5
2022-03-05 20:44:22,11.5,20.6,770,0.0,0.0,0,0.0,0.0,0,742491.04,0.00,0.00,262,13.00,3.64,0.00,10.0,4.998,4.998,4.998,4.998,14
2022-03-05 20:45:22,12.4,27.4,1008,0.0,0.0,0,0.0,0.0,0,743499.04,0.00,0.00,288,13.00,4.01,0.00,9.5,4.998,4.998,4.998,4.998,5
2022-03-05 20:46:22,6.2,17.1,534,0.0,0.0,0,0.0,0.0,0,744033.04,0.00,0.00,303,13.00,4.21,0.00,9.5,4.998,4.998,4.998,4.998,176
2022-03-05 20:47:22,9.9,18.7,520,0.0,0.0,0,0.0,0.0,0,744553.04,0.00,0.00,259,13.00,3.60,0.00,9.0,4.998,4.998,4.998,4.998,62
2022-03-05 20:48:22,20.8,20.8,777,0.0,0.0,0,0.0,0.0,0,745330.00,0.00,0.00,263,13.00,3.65,0.00,9.5,4.998,4.998,4.998,4.998,36
2022-03-05 20:49:22,13.5,20.9,927,0.0,0.0,0,0.0,0.0,0,746257.04,0.00,0.00,291,13.00,4.05,0.00,9.5,4.998,4.998,4.998,4.998,124
2022-03-05 20:50:22,14.6,18.4,756,0.0,0.0,0,0.0,0.0,0,747013.04,0.00,0.00,295,13.00,4.10,0.00,9.5,4.998,4.998,4.998,4.998,27
2022-03-05 20:51:22,10.9,27.4,919,0.0,0.0,0,0.0,0.0,0,747932.00,0.00,0.00,236,13.00,3.28,0.00,9.5,4.998,4.998,4.998,4.998,81
2022-03-05 20:52:22,13.3,16.5,700,0.0,0.0,0,0.0,0.0,0,748632.00,0.00,0.00,253,13.00,3.52,0.00,9.5,4.998,4.998,4.998,4.998,190
2022-03-05 20:53:22,13.1,18.1,737,0.0,0.0,0,0.0,0.0,0,749369.04,0.00,0.00,249,13.00,3.46,0.00,9.0,4.998,4.998,4.998,4.998,241
2022-03-05 20:54:22,11.3,23.6,755,0.0,0.0,0,0.0,0.0,0,750124.00,0.00,0.00,248,13.00,3.45,0.00,9.0,4.998,4.998,4.998,4.998,74
2022-03-05 20:55:22,7.3,18.5,765,0.0,0.0,0,0.0,0.0,0,750889.04,0.00,0.00,268,13.00,3.72,0.00,9.0,4.998,4.998,4.998,4.998,123
2022-03-05 20:56:22,9.5,13.1,545,0.0,0.0,0,0.0,0.0,0,751434.00,0.00,0.00,278,13.00,3.86,0.00,9.0,4.998,4.998,4.998,4.998,84
2022-03-05 20:57:22,10.2,19.2,615,0.0,0.0,0,0.0,0.0,0,752049.04,0.00,0.00,271,13.00,3.76,0.00,9.0,4.998,4.998,4.998,4.998,126
2022-03-05 20:58:22,11.9,18.9,763,0.0,0.0,0,0.0,0.0,0,752812.00,0.00,0.00,273,13.00,3.80,0.00,9.0,4.998,4.998,4.998,4.998,165
2022-03-05 20:59:22,9.9,14.3,523,0.0,0.0,0,0.0,0.0,0,753335.04,0.00,0.00,275,13.00,3.82,0.00,9.0,4.998,4.998,4.998,4.998,38
2022-03-05 21:00:22,11.5,14.0,591,0.0,0.0,0,0.0,0.0,0,753926.00,0.00,0.00,267,13.00,3.71,0.00,8.5,4.998,4.998,4.998,4.998,133
2022-03-05 21:01:22,10.0,18.2,639,0.0,0.0,0,0.0,0.0,0,754565.04,0.00,0.00,289,13.00,4.01,0.00,9.0,4.998,4.998,4.998,4.998,161
2022-03-05 21:02:22,11.0,14.9,573,0.0,0.0,0,0.0,0.0,0,755138.00,0.00,0.00,261,13.00,3.63,0.00,9.0,4.998,4.998,4.998,4.998,212
2022-03-05 21:03:22,5.1,16.2,601,0.0,0.0,0,0.0,0.0,0,755739.04,0.00,0.00,255,13.00,3.54,0.00,8.5,4.998,4.998,4.998,4.998,31
2022-03-05 21:04:22,18.1,20.4,862,0.0,0.0,0,0.0,0.0,0,756601.04,0.00,0.00,231,13.00,3.21,0.00,8.5,4.998,4.998,4.998,4.998,62
2022-03-05 21:05:22,5.5,19.2,668,0.0,0.0,0,0.0,0.0,0,757269.04,0.00,0.00,268,13.00,3.73,0.00,9.0,4.998,4.998,4.998,4.998,230
2022-03-05 21:06:22,9.8,17.6,636,0.0,0.0,0,0.0,0.0,0,757905.04,0.00,0.00,265,13.00,3.69,0.00,8.5,4.998,4.998,4.998,4.998,253
2022-03-05 21:07:22,6.5,10.9,431,0.0,0.0,0,0.0,0.0,0,758336.00,0.00,0.00,279,13.00,3.88,0.00,8.5,4.998,4.998,4.998,4.998,163
2022-03-05 21:08:22,7.6,16.8,622,0.0,0.0,0,0.0,0.0,0,758958.00,0.00,0.00,278,13.00,3.86,0.00,8.5,4.998,4.998,4.998,4.998,76
2022-03-05 21:09:22,6.9,12.1,549,0.0,0.0,0,0.0,0.0,0,759507.04,0.00,0.00,301,13.00,4.18,0.00,8.5,4.998,4.998,4.998,4.998,167
2022-03-05 21:10:22,11.4,14.1,501,0.0,0.0,0,0.0,0.0,0,760008.00,0.00,0.00,275,13.00,3.83,0.00,8.5,4.998,4.998,4.998,4.998,193
2022-03-05 21:11:22,6.0,16.7,651,0.0,0.0,0,0.0,0.0,0,760659.04,0.00,0.00,280,13.00,3.89,0.00,8.5,4.998,4.998,4.998,4.998,3
2022-03-05 21:12:22,19.2,21.6,779,0.0,0.0,0,0.0,0.0,0,761438.00,0.00,0.00,250,13.00,3.48,0.00,8.5,4.998,4.998,4.998,4.998,148
2022-03-05 21:13:22,10.1,20.6,621,0.0,0.0,0,0.0,0.0,0,762059.04,0.00,0.00,291,13.00,4.04,0.00,8.0,4.998,4.998,4.998,4.998,191
2022-03-05 21:14:22,14.0,18.9,758,0.0,0.0,0,0.0,0.0,0,762817.04,0.00,0.00,278,13.00,3.87,0.00,8.0,4.998,4.998,4.998,4.998,199
2022-03-05 21:15:22,7.8,19.2,644,0.0,0.0,0,0.0,0.0,0,763461.04,0.00,0.00,266,13.00,3.70,0.00,8.0,4.998,4.998,4.998,4.998,133
2022-03-05 21:16:22,9.1,12.4,484,0.0,0.0,0,0.0,0.0,0,763945.04,0.00,0.00,256,13.00,3.55,0.00,8.0,4.998,4.998,4.998,4.998,5
2022-03-05 21:17:22,11.7,19.7,833,0.0,0.0,0,0.0,0.0,0,764778.00,0.00,0.00,265,13.00,3.69,0.00,8.0,4.998,4.998,4.998,4.998,119
2022-03-05 21:18:22,11.6,17.2,737,0.0,0.0,0,0.0,0.0,0,765515.04,0.00,0.00,274,13.00,3.80,0.00,8.0,4.998,4.998,4.998,4.998,149
2022-03-05 21:19:22,9.3,21.7,854,0.0,0.0,0,0.0,0.0,0,766369.04,0.00,0.00,282,13.00,3.92,0.00,8.0,4.998,4.998,4.998,4.998,77
2022-03-05 21:20:22,9.3,16.4,694,0.0,0.0,0,0.0,0.0,0,767063.04,0.00,0.00,250,13.00,3.48,0.00,7.6,4.998,4.998,4.998,4.998,75
2022-03-05 21:21:22,13.1,18.4,735,0.0,0.0,0,0.0,0.0,0,767798.00,0.00,0.00,267,12.96,3.71,0.00,7.6,4.998,4.998,4.998,4.998,16
2022-03-05 21:22:22,12.5,17.8,522,0.0,0.0,0,0.0,0.0,0,768320.00,0.00,0.00,253,12.96,3.52,0.00,7.6,4.998,4.998,4.998,4.998,137
2022-03-05 21:23:22,11.3,15.4,607,0.0,0.0,0,0.0,0.0,0,768927.04,0.00,0.00,277,12.96,3.84,0.00,7.6,4.998,4.998,4.998,4.998,251
2022-03-05 21:24:22,6.4,16.4,520,0.0,0.0,0,0.0,0.0,0,769447.04,0.00,0.00,231,13.00,3.21,0.00,7.6,4.998,4.998,4.998,4.998,206
2022-03-05 21:25:22,6.9,15.2,621,0.0,0.0,0,0.0,0.0,0,770068.00,0.00,0.00,247,13.00,3.43,0.00,7.6,4.998,4.998,4.998,4.998,51
2022-03-05 21:26:22,4.1,8.9,362,0.0,0.0,0,0.0,0.0,0,770430.00,0.00,0.00,288,13.00,4.01,0.00,7.6,4.998,4.998,4.998,4.998,42
2022-03-05 21:27:22,14.1,16.0,532,0.0,0.0,0,0.0,0.0,0,770962.00,0.00,0.00,285,13.00,3.96,0.00,7.6,4.998,4.998,4.998,4.998,30
2022-03-05 21:28:22,10.0,19.3,698,0.0,0.0,0,0.0,0.0,0,771660.00,0.00,0.00,341,12.96,4.74,0.00,7.6,4.998,4.998,4.998,4.998,250
2022-03-05 21:29:22,18.1,21.4,850,0.0,0.0,0,0.0,0.0,0,772510.00,0.00,0.00,259,12.96,3.60,0.00,7.6,4.998,4.998,4.998,4.998,132
2022-03-05 21:30:22,12.6,19.6,825,0.0,0.0,0,0.0,0.0,0,773335.04,0.00,0.00,256,13.00,3.55,0.00,7.6,4.998,4.998,4.998,4.998,217
2022-03-05 21:31:22,12.4,13.6,595,0.0,0.0,0,0.0,0.0,0,773930.00,0.00,0.00,243,13.00,3.38,0.00,7.1,4.998,4.998,4.998,4.998,2
2022-03-05 21:32:22,9.4,17.3,633,0.0,0.0,0,0.0,0.0,0,774563.04,0.00,0.00,260,13.00,3.61,0.00,7.1,4.998,4.998,4.998,4.998,145
2022-03-05 21:33:22,11.4,15.7,678,0.0,0.0,0,0.0,0.0,0,775241.04,0.00,0.00,297,12.96,4.13,0.00,7.1,4.998,4.998,4.998,4.998,103
2022-03-05 21:34:22,14.0,21.8,868,0.0,0.0,0,0.0,0.0,0,776109.04,0.00,0.00,250,13.00,3.48,0.00,7.6,4.998,4.998,4.998,4.998,7
2022-03-05 21:35:22,6.5,20.2,818,0.0,0.0,0,0.0,0.0,0,776927.04,0.00,0.00,246,12.96,3.42,0.00,7.6,4.998,4.998,4.998,4.998,35
2022-03-05 21:36:22,8.9,19.1,858,0.0,0.0,0,0.0,0.0,0,777785.04,0.00,0.00,270,13.00,3.75,0.00,7.6,4.998,4.998,4.998,4.998,111
2022-03-05 21:37:22,6.7,22.5,662,0.0,0.0,0,0.0,0.0,0,778447.04,0.00,0.00,254,13.00,3.53,0.00,7.1,4.998,4.998,4.998,4.998,199
2022-03-05 21:38:22,14.1,21.1,839,0.0,0.0,0,0.0,0.0,0,779286.00,0.00,0.00,244,12.96,3.39,0.00,7.1,4.998,4.998,4.998,4.998,28
2022-03-05 21:39:22,12.3,17.8,706,0.0,0.0,0,0.0,0.0,0,779992.00,0.00,0.00,272,13.00,3.78,0.00,7.1,4.998,4.998,4.998,4.998,148
2022-03-05 21:40:22,13.1,24.0,767,0.0,0.0,0,0.0,0.0,0,780759.04,0.00,0.00,262,13.00,3.65,0.00,7.1,4.998,4.998,4.998,4.998,36
2022-03-05 21:41:22,15.1,17.6,767,0.0,0.0,0,0.0,0.0,0,781526.00,0.00,0.00,242,13.00,3.36,0.00,7.1,4.998,4.998,4.998,4.998,195
2022-03-05 21:42:22,8.6,22.2,828,0.0,0.0,0,0.0,0.0,0,782354.00,0.00,0.00,305,12.96,4.24,0.00,7.1,4.998,4.998,4.998,4.998,231
2022-03-05 21:43:22,9.2,11.4,445,0.0,0.0,0,0.0,0.0,0,782799.04,0.00,0.00,234,12.96,3.25,0.00,7.1,4.998,4.998,4.998,4.998,115
2022-03-05 21:44:22,13.7,14.6,563,0.0,0.0,0,0.0,0.0,0,783362.00,0.00,0.00,260,12.96,3.61,0.00,6.6,4.998,4.998,4.998,4.998,25
2022-03-05 21:45:22,15.5,19.8,852,0.0,0.0,0,0.0,0.0,0,784214.00,0.00,0.00,248,12.96,3.45,0.00,7.1,4.998,4.998,4.998,4.998,75
2022-03-05 21:46:22,13.6,18.1,621,0.0,0.0,0,0.0,0.0,0,784835.04,0.00,0.00,273,12.96,3.79,0.00,7.1,4.998,4.998,4.998,4.998,241
2022-03-05 21:47:22,12.4,21.2,767,0.0,0.0,0,0.0,0.0,0,785602.00,0.00,0.00,272,13.00,3.78,0.00,7.1,4.998,4.998,4.998,4.998,196
2022-03-05 21:48:22,8.6,15.1,560,0.0,0.0,0,0.0,0.0,0,786162.00,0.00,0.00,280,12.96,3.89,0.00,7.1,4.998,4.998,4.998,4.998,58
2022-03-05 21:49:22,14.1,16.0,647,0.0,0.0,0,0.0,0.0,0,786809.04,0.00,0.00,242,12.96,3.37,0.00,7.1,4.998,4.998,4.998,4.998,55
2022-03-05 21:50:22,10.0,19.8,747,0.0,0.0,0,0.0,0.0,0,787556.00,0.00,0.00,284,12.96,3.95,0.00,7.1,4.998,4.998,4.998,4.998,216
2022-03-05 21:51:22,5.6,13.0,546,0.0,0.0,0,0.0,0.0,0,788102.00,0.00,0.00,264,12.96,3.67,0.00,7.1,4.998,4.998,4.998,4.998,88
2022-03-05 21:52:22,6.8,11.3,471,0.0,0.0,0,0.0,0.0,0,788573.04,0.00,0.00,248,12.96,3.45,0.00,7.1,4.998,4.998,4.998,4.998,96
2022-03-05 21:53:22,6.9,13.9,496,0.0,0.0,0,0.0,0.0,0,789069.04,0.00,0.00,271,12.96,3.76,0.00,7.1,4.998,4.998,4.998,4.998,16
2022-03-05 21:54:22,5.6,10.9,354,0.0,0.0,0,0.0,0.0,0,789423.04,0.00,0.00,248,12.96,3.45,0.00,6.6,4.998,4.998,4.998,4.998,125
2022-03-05 21:55:22,11.4,13.1,520,0.0,0.0,0,0.0,0.0,0,789943.04,0.00,0.00,236,12.96,3.28,0.00,6.6,4.998,4.998,4.998,4.998,104
2022-03-05 21:56:22,12.8,14.9,525,0.0,0.0,0,0.0,0.0,0,790468.00,0.00,0.00,254,12.96,3.53,0.00,7.1,4.998,4.998,4.998,4.998,11
2022-03-05 21:57:22,12.3,14.5,487,0.0,0.0,0,0.0,0.0,0,790955.04,0.00,0.00,251,13.00,3.48,0.00,7.1,4.998,4.998,4.998,4.998,155
2022-03-05 21:58:22,11.3,13.8,531,0.0,0.0,0,0.0,0.0,0,791486.00,0.00,0.00,258,12.96,3.59,0.00,7.1,4.998,4.998,4.998,4.998,40
2022-03-05 21:59:22,8.8,23.8,817,0.0,0.0,0,0.0,0.0,0,792303.04,0.00,0.00,281,13.00,3.91,0.00,7.1,4.998,4.998,4.998,4.998,173
2022-03-05 22:00:22,10.5,16.4,673,0.0,0.0,0,0.0,0.0,0,792976.00,0.00,0.00,294,12.96,4.08,0.00,6.6,4.998,4.998,4.998,4.998,109
2022-03-05 22:01:22,4.5,11.1,450,0.0,0.0,0,0.0,0.0,0,793426.00,0.00,0.00,272,12.96,3.78,0.00,6.6,4.998,4.998,4.998,4.998,139
2022-03-05 22:02:22,5.9,10.4,445,0.0,0.0,0,0.0,0.0,0,793871.04,0.00,0.00,271,12.96,3.77,0.00,6.6,4.998,4.998,4.998,4.998,19
2022-03-05 22:03:22,8.7,12.6,422,0.0,0.0,0,0.0,0.0,0,794293.04,0.00,0.00,248,12.96,3.45,0.00,6.6,4.998,4.998,4.998,4.998,171
2022-03-05 22:04:22,10.0,15.1,642,0.0,0.0,0,0.0,0.0,0,794935.04,0.00,0.00,271,12.96,3.76,0.00,6.6,4.998,4.998,4.998,4.998,247
2022-03-05 22:05:22,8.3,19.4,738,0.0,0.0,0,0.0,0.0,0,795673.04,0.00,0.00,283,12.96,3.94,0.00,6.6,4.998,4.998,4.998,4.998,143
2022-03-05 22:06:22,13.6,21.1,836,0.0,0.0,0,0.0,0.0,0,796509.04,0.00,0.00,256,12.96,3.55,0.00,6.6,4.998,4.998,4.998,4.998,92
2022-03-05 22:07:22,16.8,20.0,817,0.0,0.0,0,0.0,0.0,0,797326.00,0.00,0.00,226,12.96,3.14,0.00,6.6,4.998,4.998,4.998,4.998,153
2022-03-05 22:08:22,20.2,21.8,913,0.0,0.0,0,0.0,0.0,0,798239.04,0.00,0.00,221,12.96,3.07,0.00,6.6,4.998,4.998,4.998,4.998,152
2022-03-05 22:09:22,9.7,27.5,1091,0.0,0.0,0,0.0,0.0,0,799330.00,0.00,0.00,244,12.96,3.39,0.00,6.6,4.998,4.998,4.998,4.998,74
2022-03-05 22:10:22,12.4,22.3,806,0.0,0.0,0,0.0,0.0,0,800136.00,0.00,0.00,249,12.96,3.46,0.00,6.6,4.998,4.998,4.998,4.998,65
2022-03-05 22:11:22,16.8,23.2,1007,0.0,0.0,0,0.0,0.0,0,801143.04,0.00,0.00,257,12.96,3.57,0.00,6.6,4.998,4.998,4.998,4.998,235
2022-03-05 22:12:22,19.4,29.4,1014,0.0,0.0,0,0.0,0.0,0,802157.04,0.00,0.00,279,12.96,3.88,0.00,6.6,4.998,4.998,4.998,4.998,156
2022-03-05 22:13:22,10.5,19.7,821,0.0,0.0,0,0.0,0.0,0,802978.00,0.00,0.00,271,12.96,3.77,0.00,6.6,4.998,4.998,4.998,4.998,147
2022-03-05 22:14:22,16.5,18.9,595,0.0,0.0,0,0.0,0.0,0,803573.04,0.00,0.00,247,12.96,3.43,0.00,6.6,4.998,4.998,4.998,4.998,250
2022-03-05 22:15:22,15.7,21.5,987,0.0,0.0,0,0.0,0.0,0,804560.00,0.00,0.00,267,12.96,3.72,0.00,6.1,4.998,4.998,4.998,4.998,246
2022-03-05 22:16:22,8.3,22.3,830,0.0,0.0,0,0.0,0.0,0,805390.00,0.00,0.00,265,12.96,3.69,0.00,6.6,4.998,4.998,4.998,4.998,70
2022-03-05 22:17:22,9.4,17.4,679,0.0,0.0,0,0.0,0.0,0,806069.04,0.00,0.00,270,12.96,3.75,0.00,6.1,4.998,4.998,4.998,4.998,56
2022-03-05 22:18:22,13.6,17.8,743,0.0,0.0,0,0.0,0.0,0,806812.00,0.00,0.00,275,12.96,3.83,0.00,6.1,4.998,4.998,4.998,4.998,153
2022-03-05 22:19:22,11.9,25.3,890,0.0,0.0,0,0.0,0.0,0,807702.00,0.00,0.00,272,12.96,3.77,0.00,6.6,4.998,4.998,4.998,4.998,159
2022-03-05 22:20:22,7.0,15.0,666,0.0,0.0,0,0.0,0.0,0,808368.00,0.00,0.00,251,12.96,3.49,0.00,6.6,4.998,4.998,4.998,4.998,26
2022-03-05 22:21:22,9.1,18.3,604,0.0,0.0,0,0.0,0.0,0,808972.00,0.00,0.00,263,12.96,3.65,0.00,6.1,4.998,4.998,4.998,4.998,114
2022-03-05 22:22:22,9.3,14.3,577,0.0,0.0,0,0.0,0.0,0,809549.04,0.00,0.00,275,12.96,3.83,0.00,6.1,4.998,4.998,4.998,4.998,162
2022-03-05 22:23:22,6.8,9.4,395,0.0,0.0,0,0.0,0.0,0,809944.00,0.00,0.00,244,12.96,3.39,0.00,6.1,4.998,4.998,4.998,4.998,18
2022-03-05 22:24:22,12.8,15.5,565,0.0,0.0,0,0.0,0.0,0,810509.04,0.00,0.00,240,12.96,3.33,0.00,6.1,4.998,4.998,4.998,4.998,132
2022-03-05 22:25:22,13.0,13.5,572,0.0,0.0,0,0.0,0.0,0,811081.04,0.00,0.00,259,12.96,3.60,0.00,6.1,4.998,4.998,4.998,4.998,64
2022-03-05 22:26:22,5.5,15.1,664,0.0,0.0,0,0.0,0.0,0,811745.04,0.00,0.00,248,12.96,3.44,0.00,6.6,4.998,4.998,4.998,4.998,230
2022-03-05 22:27:22,9.5,15.3,558,0.0,0.0,0,0.0,0.0,0,812303.04,0.00,0.00,293,12.96,4.07,0.00,6.1,4.998,4.998,4.998,4.998,24
2022-03-05 22:28:22,6.5,16.7,573,0.0,0.0,0,0.0,0.0,0,812876.00,0.00,0.00,229,12.96,3.19,0.00,6.1,4.998,4.998,4.998,4.998,99
2022-03-05 22:29:22,14.9,21.9,853,0.0,0.0,0,0.0,0.0,0,813729.04,0.00,0.00,259,12.96,3.59,0.00,6.1,4.998,4.998,4.998,4.998,199
2022-03-05 22:30:22,12.8,23.2,984,0.0,0.0,0,0.0,0.0,0,814713.04,0.00,0.00,234,12.92,3.25,0.00,6.1,4.998,4.998,4.998,4.998,184
2022-03-05 22:31:22,13.4,15.9,717,0.0,0.0,0,0.0,0.0,0,815430.00,0.00,0.00,236,12.96,3.28,0.00,6.1,4.998,4.998,4.998,4.998,20
2022-03-05 22:32:22,16.0,17.3,596,0.0,0.0,0,0.0,0.0,0,816026.00,0.00,0.00,265,12.96,3.68,0.00,6.1,4.998,4.998,4.998,4.998,40
2022-03-05 22:33:22,11.3,18.2,780,0.0,0.0,0,0.0,0.0,0,816806.00,0.00,0.00,234,12.96,3.25,0.00,6.1,4.998,4.998,4.998,4.998,222
2022-03-05 22:34:22,9.6,17.0,778,0.0,0.0,0,0.0,0.0,0,817584.00,0.00,0.00,257,12.96,3.57,0.00,6.1,4.998,4.998,4.998,4.998,117
2022-03-05 22:35:22,12.8,20.8,874,0.0,0.0,0,0.0,0.0,0,818458.00,0.00,0.00,235,12.96,3.26,0.00,6.1,4.998,4.998,4.998,4.998,198
2022-03-05 22:36:22,9.4,18.4,798,0.0,0.0,0,0.0,0.0,0,819256.00,0.00,0.00,227,12.96,3.15,0.00,6.1,4.998,4.998,4.998,4.998,252
2022-03-05 22:37:22,8.3,10.2,454,0.0,0.0,0,0.0,0.0,0,819710.00,0.00,0.00,223,12.96,3.10,0.00,6.1,4.998,4.998,4.998,4.998,170
2022-03-05 22:38:22,14.2,22.2,752,0.0,0.0,0,0.0,0.0,0,820462.00,0.00,0.00,230,12.92,3.20,0.00,6.1,4.998,4.998,4.998,4.998,98
2022-03-05 22:39:22,8.9,25.9,951,0.0,0.0,0,0.0,0.0,0,821413.04,0.00,0.00,245,12.96,3.40,0.00,6.1,4.998,4.998,4.998,4.998,100
2022-03-05 22:40:22,5.3,24.2,638,0.0,0.0,0,0.0,0.0,0,822051.04,0.00,0.00,255,12.96,3.54,0.00,5.6,4.998,4.998,4.998,4.998,153
2022-03-05 22:41:22,14.0,20.6,683,0.0,0.0,0,0.0,0.0,0,822734.00,0.00,0.00,200,12.96,2.78,0.00,5.6,4.998,4.998,4.998,4.998,167
2022-03-05 22:42:22,9.1,22.9,771,0.0,0.0,0,0.0,0.0,0,823505.04,0.00,0.00,266,12.96,3.70,0.00,6.1,4.998,4.998,4.998,4.998,102
2022-03-05 22:43:22,10.2,19.7,740,0.0,0.0,0,0.0,0.0,0,824245.04,0.00,0.00,206,12.96,2.86,0.00,5.6,4.998,4.998,4.998,4.998,105
2022-03-05 22:44:22,6.5,16.5,683,0.0,0.0,0,0.0,0.0,0,824928.00,0.00,0.00,182,12.96,2.52,0.00,5.6,4.998,4.998,4.998,4.998,111
2022-03-05 22:45:22,11.0,13.7,431,0.0,0.0,0,0.0,0.0,0,825359.04,0.00,0.00,220,12.96,3.06,0.00,5.1,4.998,4.998,4.998,4.998,234
2022-03-05 22:46:22,6.1,18.6,691,0.0,0.0,0,0.0,0.0,0,826050.00,0.00,0.00,254,12.96,3.53,0.00,5.6,4.998,4.998,4.998,4.998,227
2022-03-05 22:47:22,9.5,19.6,687,0.0,0.0,0,0.0,0.0,0,826737.04,0.00,0.00,223,12.96,3.11,0.00,6.1,4.998,4.998,4.998,4.998,16
2022-03-05 22:48:22,5.3,16.7,601,0.0,0.0,0,0.0,0.0,0,827338.00,0.00,0.00,234,12.96,3.25,0.00,5.6,4.998,4.998,4.998,4.998,135
2022-03-05 22:49:22,11.8,21.1,801,0.0,0.0,0,0.0,0.0,0,828139.04,0.00,0.00,247,12.96,3.43,0.00,5.6,4.998,4.998,4.998,4.998,33
2022-03-05 22:50:22,11.1,16.7,680,0.0,0.0,0,0.0,0.0,0,828819.04,0.00,0.00,264,12.96,3.66,0.00,5.6,4.998,4.998,4.998,4.998,187
2022-03-05 22:51:22,5.5,15.6,635,0.0,0.0,0,0.0,0.0,0,829454.00,0.00,0.00,235,12.96,3.27,0.00,5.6,4.998,4.998,4.998,4.998,224
2022-03-05 22:52:22,16.2,22.2,766,0.0,0.0,0,0.0,0.0,0,830220.00,0.00,0.00,239,12.96,3.33,0.00,5.6,4.998,4.998,4.998,4.998,79
2022-03-05 22:53:22,10.7,25.9,884,0.0,0.0,0,0.0,0.0,0,831104.00,0.00,0.00,230,12.92,3.19,0.00,5.6,4.998,4.998,4.998,4.998,28
2022-03-05 22:54:22,9.1,21.4,884,0.0,0.0,0,0.0,0.0,0,831988.00,0.00,0.00,240,12.92,3.34,0.00,6.1,4.998,4.998,4.998,4.998,4
2022-03-05 22:55:22,10.8,12.9,555,0.0,0.0,0,0.0,0.0,0,832543.04,0.00,0.00,227,12.96,3.15,0.00,5.6,4.998,4.998,4.998,4.998,170
2022-03-05 22:56:22,8.4,18.7,794,0.0,0.0,0,0.0,0.0,0,833337.04,0.00,0.00,218,12.92,3.03,0.00,5.6,4.998,4.998,4.998,4.998,29
2022-03-05 22:57:22,8.1,12.6,473,0.0,0.0,0,0.0,0.0,0,833810.00,0.00,0.00,245,12.96,3.40,0.00,5.6,4.998,4.998,4.998,4.998,167
2022-03-05 22:58:22,12.3,23.8,783,0.0,0.0,0,0.0,0.0,0,834593.04,0.00,0.00,230,12.92,3.19,0.00,5.6,4.998,4.998,4.998,4.998,25
2022-03-05 22:59:22,14.7,21.2,808,0.0,0.0,0,0.0,0.0,0,835401.04,0.00,0.00,248,12.96,3.44,0.00,6.1,4.998,4.998,4.998,4.998,77
2022-03-05 23:00:22,10.7,15.3,507,0.0,0.0,0,0.0,0.0,0,835908.00,0.00,0.00,246,12.96,3.41,0.00,5.6,4.998,4.998,4.998,4.998,115
2022-03-05 23:01:22,14.9,20.9,817,0.0,0.0,0,0.0,0.0,0,836725.04,0.00,0.00,228,12.92,3.17,0.00,5.6,4.998,4.998,4.998,4.998,95
2022-03-05 23:02:22,5.7,19.3,665,0.0,0.0,0,0.0,0.0,0,837390.00,0.00,0.00,263,12.96,3.65,0.00,5.6,4.998,4.998,4.998,4.998,70
2022-03-05 23:03:22,11.4,15.0,614,0.0,0.0,0,0.0,0.0,0,838004.00,0.00,0.00,225,12.92,3.12,0.00,5.6,4.998,4.998,4.998,4.998,52
2022-03-05 23:04:22,15.5,23.7,867,0.0,0.0,0,0.0,0.0,0,838871.04,0.00,0.00,237,12.92,3.29,0.00,5.6,4.998,4.998,4.998,4.998,213
2022-03-05 23:05:22,12.8,28.1,1162,0.0,0.0,0,0.0,0.0,0,840033.04,0.00,0.00,243,12.96,3.37,0.00,5.6,4.998,4.998,4.998,4.998,245
2022-03-05 23:06:22,19.9,21.8,726,0.0,0.0,0,0.0,0.0,0,840759.04,0.00,0.00,280,12.96,3.90,0.00,5.6,4.998,4.998,4.998,4.998,59
2022-03-05 23:07:22,6.7,21.3,599,0.0,0.0,0,0.0,0.0,0,841358.00,0.00,0.00,235,12.92,3.27,0.00,5.6,4.998,4.998,4.998,4.998,41
2022-03-05 23:08:22,6.0,14.0,594,0.0,0.0,0,0.0,0.0,0,841952.00,0.00,0.00,244,12.96,3.39,0.00,5.6,4.998,4.998,4.998,4.998,249
2022-03-05 23:09:22,19.6,23.5,844,0.0,0.0,0,0.0,0.0,0,842796.00,0.00,0.00,241,12.96,3.35,0.00,5.1,4.998,4.998,4.998,4.998,226
2022-03-05 23:10:22,14.1,21.8,905,0.0,0.0,0,0.0,0.0,0,843701.04,0.00,0.00,242,12.92,3.36,0.00,5.6,4.998,4.998,4.998,4.998,251
2022-03-05 23:11:22,15.4,19.0,800,0.0,0.0,0,0.0,0.0,0,844501.04,0.00,0.00,252,12.96,3.50,0.00,5.6,4.998,4.998,4.998,4.998,36
2022-03-05 23:12:22,13.5,18.1,866,0.0,0.0,0,0.0,0.0,0,845367.04,0.00,0.00,205,12.92,2.85,0.00,5.1,4.998,4.998,4.998,4.998,109
2022-03-05 23:13:22,10.1,16.3,673,0.0,0.0,0,0.0,0.0,0,846040.00,0.00,0.00,238,12.96,3.31,0.00,5.6,4.998,4.998,4.998,4.998,15
2022-03-05 23:14:22,9.6,15.7,542,0.0,0.0,0,0.0,0.0,0,846582.00,0.00,0.00,203,12.96,2.82,0.00,5.6,4.998,4.998,4.998,4.998,70
2022-03-05 23:15:22,16.6,18.1,649,0.0,0.0,0,0.0,0.0,0,847231.04,0.00,0.00,234,12.92,3.25,0.00,5.6,4.998,4.998,4.998,4.998,203
2022-03-05 23:16:22,12.5,23.3,964,0.0,0.0,0,0.0,0.0,0,848195.04,0.00,0.00,281,12.92,3.91,0.00,5.6,4.998,4.998,4.998,4.998,20
2022-03-05 23:17:22,9.4,18.9,698,0.0,0.0,0,0.0,0.0,0,848893.04,0.00,0.00,246,12.92,3.41,0.00,5.1,4.998,4.998,4.998,4.998,77
2022-03-05 23:18:22,13.9,20.3,705,0.0,0.0,0,0.0,0.0,0,849598.00,0.00,0.00,226,12.92,3.14,0.00,5.6,4.998,4.998,4.998,4.998,113
2022-03-05 23:19:22,9.3,13.8,628,0.0,0.0,0,0.0,0.0,0,850226.00,0.00,0.00,276,12.96,3.84,0.00,5.6,4.998,4.998,4.998,4.998,81
2022-03-05 23:20:22,9.4,11.3,392,0.0,0.0,0,0.0,0.0,0,850618.00,0.00,0.00,244,12.92,3.39,0.00,5.1,4.998,4.998,4.998,4.998,197
2022-03-05 23:21:22,14.9,17.5,674,0.0,0.0,0,0.0,0.0,0,851292.00,0.00,0.00,236,12.92,3.28,0.00,5.1,4.998,4.998,4.998,4.998,252
2022-03-05 23:22:22,13.6,20.4,838,0.0,0.0,0,0.0,0.0,0,852130.00,0.00,0.00,271,12.92,3.76,0.00,5.1,4.998,4.998,4.998,4.998,31
2022-03-05 23:23:22,15.5,20.0,920,0.0,0.0,0,0.0,0.0,0,853050.00,0.00,0.00,240,12.92,3.33,0.00,5.1,4.998,4.998,4.998,4.998,204
2022-03-05 23:24:22,7.8,20.0,905,0.0,0.0,0,0.0,0.0,0,853955.04,0.00,0.00,206,12.92,2.86,0.00,5.1,4.998,4.998,4.998,4.998,181
2022-03-05 23:25:22,10.0,11.8,521,0.0,0.0,0,0.0,0.0,0,854476.00,0.00,0.00,264,12.92,3.66,0.00,5.1,4.998,4.998,4.998,4.998,27
2022-03-05 23:26:22,11.5,21.9,813,0.0,0.0,0,0.0,0.0,0,855289.04,0.00,0.00,210,12.92,2.91,0.00,5.6,4.998,4.998,4.998,4.998,196
2022-03-05 23:27:22,11.3,18.0,803,0.0,0.0,0,0.0,0.0,0,856092.00,0.00,0.00,228,12.92,3.17,0.00,5.6,4.998,4.998,4.998,4.998,222
2022-03-05 23:28:22,10.7,14.3,577,0.0,0.0,0,0.0,0.0,0,856669.04,0.00,0.00,255,12.92,3.55,0.00,5.1,4.998,4.998,4.998,4.998,189
2022-03-05 23:29:22,10.1,15.6,660,0.0,0.0,0,0.0,0.0,0,857329.04,0.00,0.00,242,12.96,3.37,0.00,5.1,4.998,4.998,4.998,4.998,77
2022-03-05 23:30:22,8.9,18.2,714,0.0,0.0,0,0.0,0.0,0,858043.04,0.00,0.00,261,12.92,3.63,0.00,5.1,4.998,4.998,4.998,4.998,96
2022-03-05 23:31:22,7.8,13.9,560,0.0,0.0,0,0.0,0.0,0,858603.04,0.00,0.00,213,12.92,2.96,0.00,5.1,4.998,4.998,4.998,4.998,117
2022-03-05 23:32:22,15.2,18.5,830,0.0,0.0,0,0.0,0.0,0,859433.04,0.00,0.00,256,12.92,3.56,0.00,5.6,4.998,4.998,4.998,4.998,243
2022-03-05 23:33:22,7.5,16.0,607,0.0,0.0,0,0.0,0.0,0,860040.00,0.00,0.00,234,12.92,3.26,0.00,5.6,4.998,4.998,4.998,4.998,5
2022-03-05 23:34:22,10.7,12.1,545,0.0,0.0,0,0.0,0.0,0,860585.04,0.00,0.00,224,12.92,3.11,0.00,5.1,4.998,4.998,4.998,4.998,40
2022-03-05 23:35:22,9.4,16.6,764,0.0,0.0,0,0.0,0.0,0,861349.04,0.00,0.00,248,12.92,3.44,0.00,5.1,4.998,4.998,4.998,4.998,111
2022-03-05 23:36:22,4.0,14.9,530,0.0,0.0,0,0.0,0.0,0,861879.04,0.00,0.00,359,12.92,4.99,0.00,5.1,4.998,4.998,4.998,4.998,175
2022-03-05 23:37:22,17.8,23.7,933,0.0,0.0,0,0.0,0.0,0,862812.00,0.00,0.00,205,12.92,2.85,0.00,5.1,4.998,4.998,4.998,4.998,52
2022-03-05 23:38:22,13.5,24.1,886,0.0,0.0,0,0.0,0.0,0,863698.00,0.00,0.00,269,12.92,3.74,0.00,5.1,4.998,4.998,4.998,4.998,73
2022-03-05 23:39:22,6.9,24.2,772,0.0,0.0,0,0.0,0.0,0,864470.00,0.00,0.00,258,12.92,3.59,0.00,5.6,4.998,4.998,4.998,4.998,177
2022-03-05 23:40:22,12.1,20.0,654,0.0,0.0,0,0.0,0.0,0,865124.00,0.00,0.00,206,12.92,2.86,0.00,5.1,4.998,4.998,4.998,4.998,18
2022-03-05 23:41:22,15.4,21.5,946,0.0,0.0,0,0.0,0.0,0,866070.00,0.00,0.00,229,12.92,3.18,0.00,5.6,4.998,4.998,4.998,4.998,28
2022-03-05 23:42:22,12.8,19.8,765,0.0,0.0,0,0.0,0.0,0,866835.04,0.00,0.00,251,12.92,3.49,0.00,5.1,4.998,4.998,4.998,4.998,244
2022-03-05 23:43:22,11.0,25.0,919,0.0,0.0,0,0.0,0.0,0,867754.00,0.00,0.00,223,12.92,3.11,0.00,5.1,4.998,4.998,4.998,4.998,18
2022-03-05 23:44:22,12.1,19.8,867,0.0,0.0,0,0.0,0.0,0,868621.04,0.00,0.00,290,12.92,4.02,0.00,5.6,4.998,4.998,4.998,4.998,87
2022-03-05 23:45:22,17.6,22.7,836,0.0,0.0,0,0.0,0.0,0,869457.04,0.00,0.00,263,12.92,3.66,0.00,5.6,4.998,4.998,4.998,4.998,18
2022-03-05 23:46:22,23.4,27.4,1033,0.0,0.0,0,0.0,0.0,0,870490.00,0.00,0.00,230,12.92,3.20,0.00,5.1,4.998,4.998,4.998,4.998,193
2022-03-05 23:47:22,11.1,22.2,952,0.0,0.0,0,0.0,0.0,0,871442.00,0.00,0.00,246,12.92,3.42,0.00,5.6,4.998,4.998,4.998,4.998,103
2022-03-05 23:48:22,10.4,16.1,687,0.0,0.0,0,0.0,0.0,0,872129.04,0.00,0.00,235,12.92,3.26,0.00,5.1,4.998,4.998,4.998,4.998,191
2022-03-05 23:49:22,10.0,22.8,733,0.0,0.0,0,0.0,0.0,0,872862.00,0.00,0.00,279,12.92,3.88,0.00,5.1,4.998,4.998,4.998,4.998,129
2022-03-05 23:50:22,9.0,15.8,672,0.0,0.0,0,0.0,0.0,0,873534.00,0.00,0.00,227,12.92,3.15,0.00,5.1,4.998,4.998,4.998,4.998,53
2022-03-05 23:51:22,9.6,25.8,823,0.0,0.0,0,0.0,0.0,0,874357.04,0.00,0.00,228,12.92,3.17,0.00,5.1,4.998,4.998,4.998,4.998,125
2022-03-05 23:52:22,17.2,20.9,762,0.0,0.0,0,0.0,0.0,0,875119.04,0.00,0.00,227,12.92,3.15,0.00,5.1,4.998,4.998,4.998,4.998,107
2022-03-05 23:53:22,10.5,22.0,766,0.0,0.0,0,0.0,0.0,0,875885.04,0.00,0.00,245,12.92,3.41,0.00,4.6,4.998,4.998,4.998,4.998,17
2022-03-05 23:54:22,15.8,22.9,957,0.0,0.0,0,0.0,0.0,0,876842.00,0.00,0.00,230,12.92,3.20,0.00,4.6,4.998,4.998,4.998,4.998,202
2022-03-05 23:55:22,14.4,19.1,815,0.0,0.0,0,0.0,0.0,0,877657.04,0.00,0.00,223,12.92,3.11,0.00,5.1,4.998,4.998,4.998,4.998,42
2022-03-05 23:56:22,9.7,18.3,683,0.0,0.0,0,0.0,0.0,0,878340.00,0.00,0.00,288,12.92,4.00,0.00,5.1,4.998,4.998,4.998,4.998,44
2022-03-05 23:57:22,13.9,18.7,685,0.0,0.0,0,0.0,0.0,0,879025.04,0.00,0.00,256,12.92,3.56,0.00,5.1,4.998,4.998,4.998,4.998,30
2022-03-05 23:58:22,9.4,17.7,758,0.0,0.0,0,0.0,0.0,0,879783.04,0.00,0.00,273,12.92,3.79,0.00,5.1,4.998,4.998,4.998,4.998,45
2022-03-05 23:59:22,10.5,19.7,904,0.0,0.0,0,0.0,0.0,0,880687.04,0.00,0.00,241,12.92,3.35,0.00,5.1,4.998,4.998,4.998,4.998,174
