2022-02-10 00:00:22,3.1,8.2,281,0.0,0.0,0,0.0,0.0,0,281.00,0.00,0.00,195,12.89,2.71,0.00,-0.6,4.998,4.998,4.998,4.998,165
2022-02-10 00:01:22,4.0,5.3,251,0.0,0.0,0,0.0,0.0,0,532.00,0.00,0.00,191,12.89,2.65,0.00,-1.1,4.998,4.998,4.998,4.998,49
2022-02-10 00:02:22,3.0,5.4,228,0.0,0.0,0,0.0,0.0,0,760.00,0.00,0.00,190,12.89,2.64,0.00,-1.1,4.998,4.998,4.998,4.998,221
2022-02-10 00:03:22,3.4,4.0,182,0.0,0.0,0,0.0,0.0,0,942.00,0.00,0.00,191,12.89,2.66,0.00,-1.1,4.998,4.998,4.998,4.998,164
2022-02-10 00:04:22,5.4,10.1,392,0.0,0.0,0,0.0,0.0,0,1334.00,0.00,0.00,193,12.89,2.69,0.00,-0.6,4.998,4.998,4.998,4.998,12
2022-02-10 00:05:22,4.5,7.4,315,0.0,0.0,0,0.0,0.0,0,1649.00,0.00,0.00,196,12.89,2.72,0.00,-0.6,4.998,4.998,4.998,4.998,200
2022-02-10 00:06:22,4.5,5.3,238,0.0,0.0,0,0.0,0.0,0,1887.00,0.00,0.00,225,12.89,3.13,0.00,-0.6,4.998,4.998,4.998,4.998,208
2022-02-10 00:07:22,3.1,6.4,213,0.0,0.0,0,0.0,0.0,0,2100.00,0.00,0.00,210,12.89,2.92,0.00,-0.6,4.998,4.998,4.998,4.998,34
2022-02-10 00:08:22,5.5,5.9,238,0.0,0.0,0,0.0,0.0,0,2338.00,0.00,0.00,191,12.89,2.66,0.00,-0.6,4.998,4.998,4.998,4.998,138
2022-02-10 00:09:22,4.7,7.4,320,0.0,0.0,0,0.0,0.0,0,2658.00,0.00,0.00,230,12.89,3.19,0.00,-0.6,4.998,4.998,4.998,4.998,169
2022-02-10 00:10:22,4.0,6.6,257,0.0,0.0,0,0.0,0.0,0,2915.00,0.00,0.00,194,12.85,2.69,0.00,-1.1,4.998,4.998,4.998,4.998,27
2022-02-10 00:11:22,4.6,6.5,279,0.0,0.0,0,0.0,0.0,0,3194.00,0.00,0.00,214,12.89,2.97,0.00,-0.6,4.998,4.998,4.998,4.998,112
2022-02-10 00:12:22,3.6,4.9,225,0.0,0.0,0,0.0,0.0,0,3419.00,0.00,0.00,210,12.89,2.92,0.00,-1.1,4.998,4.998,4.998,4.998,141
2022-02-10 00:13:22,5.4,8.3,315,0.0,0.0,0,0.0,0.0,0,3734.00,0.00,0.00,208,12.89,2.89,0.00,-1.1,4.998,4.998,4.998,4.998,47
2022-02-10 00:14:22,3.9,7.0,333,0.0,0.0,0,0.0,0.0,0,4067.00,0.00,0.00,195,12.89,2.70,0.00,-0.6,4.998,4.998,4.998,4.998,110
2022-02-10 00:15:22,2.6,5.8,228,0.0,0.0,0,0.0,0.0,0,4295.00,0.00,0.00,204,12.89,2.84,0.00,-0.6,4.998,4.998,4.998,4.998,99
2022-02-10 00:16:22,3.0,4.0,152,0.0,0.0,0,0.0,0.0,0,4447.00,0.00,0.00,203,12.89,2.82,0.00,-0.6,4.998,4.998,4.998,4.998,181
2022-02-10 00:17:22,5.3,7.4,315,0.0,0.0,0,0.0,0.0,0,4762.00,0.00,0.00,202,12.85,2.81,0.00,-1.1,4.998,4.998,4.998,4.998,231
2022-02-10 00:18:22,4.5,8.0,326,0.0,0.0,0,0.0,0.0,0,5088.00,0.00,0.00,195,12.85,2.71,0.00,-0.6,4.998,4.998,4.998,4.998,243
2022-02-10 00:19:22,6.3,9.5,320,0.0,0.0,0,0.0,0.0,0,5408.00,0.00,0.00,221,12.89,3.08,0.00,-0.6,4.998,4.998,4.998,4.998,217
2022-02-10 00:20:22,7.5,9.7,360,0.0,0.0,0,0.0,0.0,0,5768.00,0.00,0.00,207,12.85,2.88,0.00,-0.6,4.998,4.998,4.998,4.998,213
2022-02-10 00:21:22,5.1,7.8,296,0.0,0.0,0,0.0,0.0,0,6064.00,0.00,0.00,237,12.85,3.30,0.00,-1.1,4.998,4.998,4.998,4.998,210
2022-02-10 00:22:22,8.7,8.7,344,0.0,0.0,0,0.0,0.0,0,6408.00,0.00,0.00,214,12.89,2.98,0.00,-0.6,4.998,4.998,4.998,4.998,189
2022-02-10 00:23:22,5.2,9.2,361,0.0,0.0,0,0.0,0.0,0,6769.00,0.00,0.00,227,12.85,3.15,0.00,-0.6,4.998,4.998,4.998,4.998,99
2022-02-10 00:24:22,4.1,5.0,215,0.0,0.0,0,0.0,0.0,0,6984.00,0.00,0.00,181,12.85,2.51,0.00,-0.6,4.998,4.998,4.998,4.998,54
2022-02-10 00:25:22,4.1,4.5,207,0.0,0.0,0,0.0,0.0,0,7191.00,0.00,0.00,201,12.89,2.79,0.00,-0.6,4.998,4.998,4.998,4.998,92
2022-02-10 00:26:22,5.7,6.4,246,0.0,0.0,0,0.0,0.0,0,7437.00,0.00,0.00,190,12.85,2.64,0.00,-0.6,4.998,4.998,4.998,4.998,96
2022-02-10 00:27:22,3.8,8.2,293,0.0,0.0,0,0.0,0.0,0,7730.00,0.00,0.00,208,12.89,2.90,0.00,-1.1,4.998,4.998,4.998,4.998,212
2022-02-10 00:28:22,4.5,4.9,220,0.0,0.0,0,0.0,0.0,0,7950.00,0.00,0.00,209,12.89,2.90,0.00,-0.6,4.998,4.998,4.998,4.998,90
2022-02-10 00:29:22,2.5,6.4,260,0.0,0.0,0,0.0,0.0,0,8210.00,0.00,0.00,204,12.85,2.84,0.00,-0.6,4.998,4.998,4.998,4.998,28
2022-02-10 00:30:22,3.6,4.2,168,0.0,0.0,0,0.0,0.0,0,8378.00,0.00,0.00,203,12.85,2.83,0.00,-0.6,4.998,4.998,4.998,4.998,205
2022-02-10 00:31:22,4.0,4.7,166,0.0,0.0,0,0.0,0.0,0,8544.00,0.00,0.00,207,12.89,2.88,0.00,-1.1,4.998,4.998,4.998,4.998,201
2022-02-10 00:32:22,2.9,5.6,231,0.0,0.0,0,0.0,0.0,0,8775.00,0.00,0.00,206,12.85,2.86,0.00,-1.1,4.998,4.998,4.998,4.998,174
2022-02-10 00:33:22,3.7,4.6,184,0.0,0.0,0,0.0,0.0,0,8959.00,0.00,0.00,207,12.89,2.87,0.00,-1.1,4.998,4.998,4.998,4.998,101
2022-02-10 00:34:22,5.9,8.2,264,0.0,0.0,0,0.0,0.0,0,9223.00,0.00,0.00,206,12.89,2.87,0.00,-0.6,4.998,4.998,4.998,4.998,30
2022-02-10 00:35:22,3.1,7.1,270,0.0,0.0,0,0.0,0.0,0,9493.00,0.00,0.00,226,12.85,3.13,0.00,-0.6,4.998,4.998,4.998,4.998,225
2022-02-10 00:36:22,3.9,5.8,231,0.0,0.0,0,0.0,0.0,0,9724.00,0.00,0.00,221,12.85,3.07,0.00,-0.2,4.998,4.998,4.998,4.998,135
2022-02-10 00:37:22,2.5,5.3,199,0.0,0.0,0,0.0,0.0,0,9923.00,0.00,0.00,193,12.89,2.68,0.00,-0.6,4.998,4.998,4.998,4.998,54
2022-02-10 00:38:22,3.9,9.9,266,0.0,0.0,0,0.0,0.0,0,10189.00,0.00,0.00,206,12.85,2.87,0.00,-0.6,4.998,4.998,4.998,4.998,130
2022-02-10 00:39:22,2.1,6.6,222,0.0,0.0,0,0.0,0.0,0,10411.00,0.00,0.00,196,12.85,2.72,0.00,-0.2,4.998,4.998,4.998,4.998,208
2022-02-10 00:40:22,6.7,7.4,246,0.0,0.0,0,0.0,0.0,0,10657.00,0.00,0.00,231,12.89,3.21,0.00,-0.6,4.998,4.998,4.998,4.998,167
2022-02-10 00:41:22,7.0,8.4,354,0.0,0.0,0,0.0,0.0,0,11011.00,0.00,0.00,202,12.85,2.81,0.00,-0.6,4.998,4.998,4.998,4.998,83
2022-02-10 00:42:22,7.1,8.8,338,0.0,0.0,0,0.0,0.0,0,11349.00,0.00,0.00,186,12.89,2.59,0.00,-0.6,4.998,4.998,4.998,4.998,77
2022-02-10 00:43:22,3.7,9.1,375,0.0,0.0,0,0.0,0.0,0,11724.00,0.00,0.00,225,12.85,3.12,0.00,-0.6,4.998,4.998,4.998,4.998,33
2022-02-10 00:44:22,5.8,9.0,320,0.0,0.0,0,0.0,0.0,0,12044.00,0.00,0.00,192,12.89,2.67,0.00,-0.2,4.998,4.998,4.998,4.998,225
2022-02-10 00:45:22,2.6,6.8,279,0.0,0.0,0,0.0,0.0,0,12323.00,0.00,0.00,227,12.85,3.15,0.00,-0.2,4.998,4.998,4.998,4.998,108
2022-02-10 00:46:22,4.5,6.5,243,0.0,0.0,0,0.0,0.0,0,12566.00,0.00,0.00,233,12.85,3.23,0.00,-0.2,4.998,4.998,4.998,4.998,17
2022-02-10 00:47:22,5.0,7.9,344,0.0,0.0,0,0.0,0.0,0,12910.00,0.00,0.00,210,12.85,2.92,0.00,-0.2,4.998,4.998,4.998,4.998,46
2022-02-10 00:48:22,3.8,8.0,338,0.0,0.0,0,0.0,0.0,0,13248.00,0.00,0.00,208,12.85,2.89,0.00,-0.6,4.998,4.998,4.998,4.998,17
2022-02-10 00:49:22,3.9,8.5,297,0.0,0.0,0,0.0,0.0,0,13545.00,0.00,0.00,210,12.89,2.91,0.00,-0.6,4.998,4.998,4.998,4.998,88
2022-02-10 00:50:22,5.9,7.4,326,0.0,0.0,0,0.0,0.0,0,13871.00,0.00,0.00,217,12.89,3.01,0.00,-0.2,4.998,4.998,4.998,4.998,173
2022-02-10 00:51:22,5.4,8.8,396,0.0,0.0,0,0.0,0.0,0,14267.00,0.00,0.00,211,12.89,2.94,0.00,-0.2,4.998,4.998,4.998,4.998,118
2022-02-10 00:52:22,4.3,11.2,383,0.0,0.0,0,0.0,0.0,0,14650.00,0.00,0.00,202,12.85,2.80,0.00,-0.2,4.998,4.998,4.998,4.998,66
2022-02-10 00:53:22,3.9,8.8,321,0.0,0.0,0,0.0,0.0,0,14971.00,0.00,0.00,218,12.89,3.03,0.00,-0.2,4.998,4.998,4.998,4.998,194
2022-02-10 00:54:22,2.3,4.1,143,0.0,0.0,0,0.0,0.0,0,15114.00,0.00,0.00,217,12.85,3.01,0.00,-0.6,4.998,4.998,4.998,4.998,87
2022-02-10 00:55:22,5.0,6.1,200,0.0,0.0,0,0.0,0.0,0,15314.00,0.00,0.00,212,12.89,2.95,0.00,-0.2,4.998,4.998,4.998,4.998,213
2022-02-10 00:56:22,6.0,8.1,347,0.0,0.0,0,0.0,0.0,0,15661.00,0.00,0.00,211,12.85,2.94,0.00,-0.2,4.998,4.998,4.998,4.998,152
2022-02-10 00:57:22,6.2,7.0,326,0.0,0.0,0,0.0,0.0,0,15987.00,0.00,0.00,202,12.85,2.80,0.00,-0.2,4.998,4.998,4.998,4.998,64
2022-02-10 00:58:22,3.8,7.2,316,0.0,0.0,0,0.0,0.0,0,16303.00,0.00,0.00,196,12.85,2.72,0.00,-0.2,4.998,4.998,4.998,4.998,80
2022-02-10 00:59:22,4.1,7.3,234,0.0,0.0,0,0.0,0.0,0,16537.00,0.00,0.00,242,12.85,3.36,0.00,-0.2,4.998,4.998,4.998,4.998,136
2022-02-10 01:00:22,5.2,9.4,352,0.0,0.0,0,0.0,0.0,0,16889.00,0.00,0.00,219,12.85,3.04,0.00,-0.2,4.998,4.998,4.998,4.998,190
2022-02-10 01:01:22,3.6,7.5,295,0.0,0.0,0,0.0,0.0,0,17184.00,0.00,0.00,226,12.85,3.14,0.00,-0.2,4.998,4.998,4.998,4.998,110
2022-02-10 01:02:22,3.6,4.8,165,0.0,0.0,0,0.0,0.0,0,17349.00,0.00,0.00,225,12.85,3.12,0.00,-0.2,4.998,4.998,4.998,4.998,123
2022-02-10 01:03:22,4.9,5.2,187,0.0,0.0,0,0.0,0.0,0,17536.00,0.00,0.00,192,12.85,2.67,0.00,-0.2,4.998,4.998,4.998,4.998,237
2022-02-10 01:04:22,7.7,8.0,292,0.0,0.0,0,0.0,0.0,0,17828.00,0.00,0.00,213,12.85,2.96,0.00,-0.2,4.998,4.998,4.998,4.998,8
2022-02-10 01:05:22,3.9,8.2,357,0.0,0.0,0,0.0,0.0,0,18185.00,0.00,0.00,201,12.85,2.79,0.00,-0.2,4.998,4.998,4.998,4.998,170
2022-02-10 01:06:22,4.8,4.9,220,0.0,0.0,0,0.0,0.0,0,18405.00,0.00,0.00,199,12.85,2.77,0.00,-0.2,4.998,4.998,4.998,4.998,76
2022-02-10 01:07:22,3.6,6.2,258,0.0,0.0,0,0.0,0.0,0,18663.00,0.00,0.00,221,12.85,3.07,0.00,-0.6,4.998,4.998,4.998,4.998,51
2022-02-10 01:08:22,4.9,5.4,243,0.0,0.0,0,0.0,0.0,0,18906.00,0.00,0.00,226,12.85,3.14,0.00,-0.2,4.998,4.998,4.998,4.998,198
2022-02-10 01:09:22,3.2,8.2,287,0.0,0.0,0,0.0,0.0,0,19193.00,0.00,0.00,232,12.85,3.22,0.00,-0.6,4.998,4.998,4.998,4.998,75
2022-02-10 01:10:22,6.1,10.4,418,0.0,0.0,0,0.0,0.0,0,19611.00,0.00,0.00,204,12.85,2.84,0.00,-0.2,4.998,4.998,4.998,4.998,202
2022-02-10 01:11:22,6.5,7.4,300,0.0,0.0,0,0.0,0.0,0,19911.00,0.00,0.00,241,12.85,3.35,0.00,-0.2,4.998,4.998,4.998,4.998,37
2022-02-10 01:12:22,4.4,9.3,351,0.0,0.0,0,0.0,0.0,0,20262.00,0.00,0.00,189,12.85,2.63,0.00,-0.2,4.998,4.998,4.998,4.998,135
2022-02-10 01:13:22,5.7,8.1,318,0.0,0.0,0,0.0,0.0,0,20580.00,0.00,0.00,232,12.85,3.22,0.00,-0.2,4.998,4.998,4.998,4.998,26
2022-02-10 01:14:22,4.4,8.2,309,0.0,0.0,0,0.0,0.0,0,20889.00,0.00,0.00,217,12.85,3.01,0.00,-0.2,4.998,4.998,4.998,4.998,142
2022-02-10 01:15:22,5.4,5.8,245,0.0,0.0,0,0.0,0.0,0,21134.00,0.00,0.00,246,12.85,3.42,0.00,-0.6,4.998,4.998,4.998,4.998,242
2022-02-10 01:16:22,3.8,6.2,262,0.0,0.0,0,0.0,0.0,0,21396.00,0.00,0.00,253,12.85,3.52,0.00,-0.2,4.998,4.998,4.998,4.998,90
2022-02-10 01:17:22,5.3,7.5,308,0.0,0.0,0,0.0,0.0,0,21704.00,0.00,0.00,233,12.85,3.24,0.00,-0.6,4.998,4.998,4.998,4.998,122
2022-02-10 01:18:22,3.0,6.4,227,0.0,0.0,0,0.0,0.0,0,21931.00,0.00,0.00,207,12.85,2.88,0.00,-0.2,4.998,4.998,4.998,4.998,143
2022-02-10 01:19:22,1.8,4.3,156,0.0,0.0,0,0.0,0.0,0,22087.00,0.00,0.00,208,12.85,2.89,0.00,-0.6,4.998,4.998,4.998,4.998,224
2022-02-10 01:20:22,4.1,8.1,296,0.0,0.0,0,0.0,0.0,0,22383.00,0.00,0.00,220,12.85,3.05,0.00,-0.2,4.998,4.998,4.998,4.998,132
2022-02-10 01:21:22,10.6,11.9,497,0.0,0.0,0,0.0,0.0,0,22880.00,0.00,0.00,236,12.85,3.29,0.00,-0.2,4.998,4.998,4.998,4.998,113
2022-02-10 01:22:22,7.6,11.7,426,0.0,0.0,0,0.0,0.0,0,23306.00,0.00,0.00,217,12.85,3.02,0.00,-0.2,4.998,4.998,4.998,4.998,113
2022-02-10 01:23:22,6.0,9.4,361,0.0,0.0,0,0.0,0.0,0,23667.00,0.00,0.00,252,12.85,3.50,0.00,0.2,4.998,4.998,4.998,4.998,3
2022-02-10 01:24:22,3.6,6.4,219,0.0,0.0,0,0.0,0.0,0,23886.00,0.00,0.00,236,12.85,3.28,0.00,-0.2,4.998,4.998,4.998,4.998,95
2022-02-10 01:25:22,2.8,7.2,261,0.0,0.0,0,0.0,0.0,0,24147.00,0.00,0.00,227,12.85,3.15,0.00,-0.2,4.998,4.998,4.998,4.998,104
2022-02-10 01:26:22,3.7,10.4,336,0.0,0.0,0,0.0,0.0,0,24483.00,0.00,0.00,227,12.85,3.15,0.00,-0.2,4.998,4.998,4.998,4.998,145
2022-02-10 01:27:22,6.7,11.1,449,0.0,0.0,0,0.0,0.0,0,24932.00,0.00,0.00,261,12.85,3.63,0.00,0.2,4.998,4.998,4.998,4.998,245
2022-02-10 01:28:22,4.0,8.2,258,0.0,0.0,0,0.0,0.0,0,25190.00,0.00,0.00,248,12.85,3.45,0.00,-0.2,4.998,4.998,4.998,4.998,57
2022-02-10 01:29:22,2.2,8.1,258,0.0,0.0,0,0.0,0.0,0,25448.00,0.00,0.00,218,12.85,3.03,0.00,-0.2,4.998,4.998,4.998,4.998,98
2022-02-10 01:30:22,8.0,9.1,295,0.0,0.0,0,0.0,0.0,0,25743.00,0.00,0.00,241,12.85,3.35,0.00,-0.6,4.998,4.998,4.998,4.998,93
2022-02-10 01:31:22,3.6,9.9,414,0.0,0.0,0,0.0,0.0,0,26157.00,0.00,0.00,220,12.85,3.05,0.00,-0.2,4.998,4.998,4.998,4.998,63
2022-02-10 01:32:22,5.1,6.4,261,0.0,0.0,0,0.0,0.0,0,26418.00,0.00,0.00,264,12.85,3.66,0.00,-0.2,4.998,4.998,4.998,4.998,129
2022-02-10 01:33:22,3.1,6.4,290,0.0,0.0,0,0.0,0.0,0,26708.00,0.00,0.00,236,12.85,3.28,0.00,-0.2,4.998,4.998,4.998,4.998,141
2022-02-10 01:34:22,4.6,4.7,161,0.0,0.0,0,0.0,0.0,0,26869.00,0.00,0.00,228,12.85,3.16,0.00,-0.2,4.998,4.998,4.998,4.998,214
2022-02-10 01:35:22,5.8,8.7,372,0.0,0.0,0,0.0,0.0,0,27241.00,0.00,0.00,204,12.85,2.84,0.00,-0.2,4.998,4.998,4.998,4.998,246
2022-02-10 01:36:22,3.9,6.9,301,0.0,0.0,0,0.0,0.0,0,27542.00,0.00,0.00,226,12.85,3.13,0.00,-0.2,4.998,4.998,4.998,4.998,52
2022-02-10 01:37:22,5.7,6.4,232,0.0,0.0,0,0.0,0.0,0,27774.00,0.00,0.00,238,12.85,3.30,0.00,0.2,4.998,4.998,4.998,4.998,74
2022-02-10 01:38:22,3.8,6.1,243,0.0,0.0,0,0.0,0.0,0,28017.00,0.00,0.00,221,12.85,3.07,0.00,-0.6,4.998,4.998,4.998,4.998,174
2022-02-10 01:39:22,3.1,7.6,280,0.0,0.0,0,0.0,0.0,0,28297.00,0.00,0.00,217,12.85,3.02,0.00,-0.2,4.998,4.998,4.998,4.998,208
2022-02-10 01:40:22,4.4,7.9,300,0.0,0.0,0,0.0,0.0,0,28597.00,0.00,0.00,246,12.85,3.42,0.00,-0.2,4.998,4.998,4.998,4.998,18
2022-02-10 01:41:22,4.6,6.2,258,0.0,0.0,0,0.0,0.0,0,28855.00,0.00,0.00,225,12.85,3.12,0.00,-0.2,4.998,4.998,4.998,4.998,249
2022-02-10 01:42:22,6.2,7.1,292,0.0,0.0,0,0.0,0.0,0,29147.00,0.00,0.00,209,12.85,2.91,0.00,-0.6,4.998,4.998,4.998,4.998,197
2022-02-10 01:43:22,4.3,6.6,279,0.0,0.0,0,0.0,0.0,0,29426.00,0.00,0.00,207,12.85,2.88,0.00,-0.2,4.998,4.998,4.998,4.998,214
2022-02-10 01:44:22,5.8,10.7,396,0.0,0.0,0,0.0,0.0,0,29822.00,0.00,0.00,247,12.85,3.44,0.00,-0.6,4.998,4.998,4.998,4.998,225
2022-02-10 01:45:22,7.8,12.7,497,0.0,0.0,0,0.0,0.0,0,30319.00,0.00,0.00,226,12.85,3.14,0.00,-0.2,4.998,4.998,4.998,4.998,226
2022-02-10 01:46:22,8.5,9.8,333,0.0,0.0,0,0.0,0.0,0,30652.00,0.00,0.00,248,12.85,3.44,0.00,-0.2,4.998,4.998,4.998,4.998,86
2022-02-10 01:47:22,6.4,11.4,454,0.0,0.0,0,0.0,0.0,0,31106.00,0.00,0.00,247,12.85,3.44,0.00,-0.2,4.998,4.998,4.998,4.998,130
2022-02-10 01:48:22,4.9,10.3,453,0.0,0.0,0,0.0,0.0,0,31559.00,0.00,0.00,233,12.85,3.24,0.00,-0.2,4.998,4.998,4.998,4.998,101
2022-02-10 01:49:22,9.4,10.6,340,0.0,0.0,0,0.0,0.0,0,31899.00,0.00,0.00,238,12.85,3.31,0.00,-0.2,4.998,4.998,4.998,4.998,215
2022-02-10 01:50:22,6.7,12.3,521,0.0,0.0,0,0.0,0.0,0,32420.00,0.00,0.00,253,12.85,3.52,0.00,-0.2,4.998,4.998,4.998,4.998,143
2022-02-10 01:51:22,8.4,9.7,463,0.0,0.0,0,0.0,0.0,0,32883.00,0.00,0.00,236,12.85,3.29,0.00,-0.2,4.998,4.998,4.998,4.998,146
2022-02-10 01:52:22,9.8,10.5,446,0.0,0.0,0,0.0,0.0,0,33329.00,0.00,0.00,235,12.85,3.27,0.00,-0.2,4.998,4.998,4.998,4.998,139
2022-02-10 01:53:22,3.2,9.6,298,0.0,0.0,0,0.0,0.0,0,33627.00,0.00,0.00,258,12.85,3.58,0.00,-0.2,4.998,4.998,4.998,4.998,74
2022-02-10 01:54:22,7.9,12.6,439,0.0,0.0,0,0.0,0.0,0,34066.00,0.00,0.00,219,12.85,3.05,0.00,-0.2,4.998,4.998,4.998,4.998,47
2022-02-10 01:55:22,5.6,10.1,415,0.0,0.0,0,0.0,0.0,0,34481.00,0.00,0.00,220,12.85,3.06,0.00,-0.2,4.998,4.998,4.998,4.998,203
2022-02-10 01:56:22,9.0,12.6,491,0.0,0.0,0,0.0,0.0,0,34972.00,0.00,0.00,168,12.85,2.34,0.00,0.2,4.998,4.998,4.998,4.998,136
2022-02-10 01:57:22,9.0,13.9,518,0.0,0.0,0,0.0,0.0,0,35490.00,0.00,0.00,240,12.85,3.33,0.00,-0.2,4.998,4.998,4.998,4.998,132
2022-02-10 01:58:22,9.6,12.6,533,0.0,0.0,0,0.0,0.0,0,36023.00,0.00,0.00,239,12.85,3.32,0.00,-0.2,4.998,4.998,4.998,4.998,4
2022-02-10 01:59:22,5.6,9.7,410,0.0,0.0,0,0.0,0.0,0,36433.00,0.00,0.00,255,12.85,3.54,0.00,-0.2,4.998,4.998,4.998,4.998,14
2022-02-10 02:00:22,5.5,9.9,409,0.0,0.0,0,0.0,0.0,0,36842.00,0.00,0.00,222,12.85,3.09,0.00,-0.2,4.998,4.998,4.998,4.998,216
2022-02-10 02:01:22,3.0,11.7,424,0.0,0.0,0,0.0,0.0,0,37266.00,0.00,0.00,217,12.85,3.01,0.00,-0.2,4.998,4.998,4.998,4.998,172
2022-02-10 02:02:22,5.1,7.2,288,0.0,0.0,0,0.0,0.0,0,37554.00,0.00,0.00,198,12.85,2.75,0.00,-0.2,4.998,4.998,4.998,4.998,210
2022-02-10 02:03:22,6.3,7.0,305,0.0,0.0,0,0.0,0.0,0,37859.00,0.00,0.00,208,12.85,2.90,0.00,-0.2,4.998,4.998,4.998,4.998,88
2022-02-10 02:04:22,4.0,7.8,286,0.0,0.0,0,0.0,0.0,0,38145.00,0.00,0.00,229,12.85,3.18,0.00,-0.2,4.998,4.998,4.998,4.998,204
2022-02-10 02:05:22,3.0,7.4,292,0.0,0.0,0,0.0,0.0,0,38437.00,0.00,0.00,206,12.85,2.86,0.00,-0.6,4.998,4.998,4.998,4.998,43
2022-02-10 02:06:22,5.4,7.7,256,0.0,0.0,0,0.0,0.0,0,38693.00,0.00,0.00,205,12.85,2.85,0.00,-0.2,4.998,4.998,4.998,4.998,200
2022-02-10 02:07:22,5.7,5.7,200,0.0,0.0,0,0.0,0.0,0,38893.00,0.00,0.00,204,12.85,2.84,0.00,-0.2,4.998,4.998,4.998,4.998,43
2022-02-10 02:08:22,6.4,9.4,370,0.0,0.0,0,0.0,0.0,0,39263.00,0.00,0.00,228,12.85,3.17,0.00,-0.2,4.998,4.998,4.998,4.998,182
2022-02-10 02:09:22,5.9,11.6,439,0.0,0.0,0,0.0,0.0,0,39702.00,0.00,0.00,208,12.85,2.90,0.00,-0.2,4.998,4.998,4.998,4.998,122
2022-02-10 02:10:22,4.8,9.3,384,0.0,0.0,0,0.0,0.0,0,40086.00,0.00,0.00,201,12.85,2.79,0.00,-0.2,4.998,4.998,4.998,4.998,63
2022-02-10 02:11:22,3.5,5.3,225,0.0,0.0,0,0.0,0.0,0,40311.00,0.00,0.00,199,12.85,2.77,0.00,-0.2,4.998,4.998,4.998,4.998,228
2022-02-10 02:12:22,2.6,6.2,235,0.0,0.0,0,0.0,0.0,0,40546.00,0.00,0.00,253,12.85,3.51,0.00,-0.2,4.998,4.998,4.998,4.998,139
2022-02-10 02:13:22,7.7,7.8,159,0.0,0.0,0,0.0,0.0,0,40705.00,0.00,0.00,253,12.85,3.52,0.00,-0.2,4.998,4.998,4.998,4.998,134
2022-02-10 02:14:22,6.0,10.6,420,0.0,0.0,0,0.0,0.0,0,41125.00,0.00,0.00,192,12.85,2.67,0.00,-0.6,4.998,4.998,4.998,4.998,211
2022-02-10 02:15:22,5.3,8.4,347,0.0,0.0,0,0.0,0.0,0,41472.00,0.00,0.00,227,12.85,3.16,0.00,-0.2,4.998,4.998,4.998,4.998,239
2022-02-10 02:16:22,4.8,9.7,366,0.0,0.0,0,0.0,0.0,0,41838.00,0.00,0.00,201,12.85,2.79,0.00,-0.2,4.998,4.998,4.998,4.998,11
2022-02-10 02:17:22,4.6,5.9,266,0.0,0.0,0,0.0,0.0,0,42104.00,0.00,0.00,241,12.85,3.35,0.00,-0.2,4.998,4.998,4.998,4.998,139
2022-02-10 02:18:22,5.4,7.8,326,0.0,0.0,0,0.0,0.0,0,42430.00,0.00,0.00,230,12.85,3.19,0.00,-0.2,4.998,4.998,4.998,4.998,255
2022-02-10 02:19:22,2.2,5.8,175,0.0,0.0,0,0.0,0.0,0,42605.00,0.00,0.00,221,12.85,3.07,0.00,-0.2,4.998,4.998,4.998,4.998,94
2022-02-10 02:20:22,5.5,9.5,356,0.0,0.0,0,0.0,0.0,0,42961.00,0.00,0.00,217,12.85,3.02,0.00,-0.2,4.998,4.998,4.998,4.998,254
2022-02-10 02:21:22,4.5,7.0,291,0.0,0.0,0,0.0,0.0,0,43252.00,0.00,0.00,220,12.85,3.06,0.00,-0.2,4.998,4.998,4.998,4.998,142
2022-02-10 02:22:22,7.6,8.6,323,0.0,0.0,0,0.0,0.0,0,43575.00,0.00,0.00,237,12.85,3.30,0.00,-0.2,4.998,4.998,4.998,4.998,183
2022-02-10 02:23:22,5.7,7.6,317,0.0,0.0,0,0.0,0.0,0,43892.00,0.00,0.00,228,12.81,3.16,0.00,-0.2,4.998,4.998,4.998,4.998,135
2022-02-10 02:24:22,7.3,10.0,373,0.0,0.0,0,0.0,0.0,0,44265.00,0.00,0.00,228,12.85,3.17,0.00,-0.2,4.998,4.998,4.998,4.998,177
2022-02-10 02:25:22,3.0,7.8,243,0.0,0.0,0,0.0,0.0,0,44508.00,0.00,0.00,210,12.85,2.92,0.00,-0.2,4.998,4.998,4.998,4.998,94
2022-02-10 02:26:22,4.0,8.8,318,0.0,0.0,0,0.0,0.0,0,44826.00,0.00,0.00,200,12.85,2.78,0.00,-0.2,4.998,4.998,4.998,4.998,117
2022-02-10 02:27:22,6.3,11.1,444,0.0,0.0,0,0.0,0.0,0,45270.00,0.00,0.00,200,12.85,2.77,0.00,-0.2,4.998,4.998,4.998,4.998,202
2022-02-10 02:28:22,3.9,7.1,305,0.0,0.0,0,0.0,0.0,0,45575.00,0.00,0.00,194,12.85,2.69,0.00,-0.2,4.998,4.998,4.998,4.998,99
2022-02-10 02:29:22,4.2,6.7,259,0.0,0.0,0,0.0,0.0,0,45834.00,0.00,0.00,232,12.85,3.22,0.00,-0.2,4.998,4.998,4.998,4.998,118
2022-02-10 02:30:22,3.0,5.5,251,0.0,0.0,0,0.0,0.0,0,46085.00,0.00,0.00,202,12.85,2.80,0.00,-0.2,4.998,4.998,4.998,4.998,234
2022-02-10 02:31:22,5.5,7.4,307,0.0,0.0,0,0.0,0.0,0,46392.00,0.00,0.00,235,12.85,3.26,0.00,-0.6,4.998,4.998,4.998,4.998,78
2022-02-10 02:32:22,5.8,9.3,330,0.0,0.0,0,0.0,0.0,0,46722.00,0.00,0.00,235,12.85,3.27,0.00,-0.2,4.998,4.998,4.998,4.998,46
2022-02-10 02:33:22,6.0,6.9,229,0.0,0.0,0,0.0,0.0,0,46951.00,0.00,0.00,210,12.85,2.92,0.00,-0.2,4.998,4.998,4.998,4.998,162
2022-02-10 02:34:22,3.6,8.6,330,0.0,0.0,0,0.0,0.0,0,47281.00,0.00,0.00,208,12.85,2.89,0.00,-0.6,4.998,4.998,4.998,4.998,94
2022-02-10 02:35:22,2.1,5.0,215,0.0,0.0,0,0.0,0.0,0,47496.00,0.00,0.00,208,12.85,2.90,0.00,-0.2,4.998,4.998,4.998,4.998,82
2022-02-10 02:36:22,2.0,4.3,90,0.0,0.0,0,0.0,0.0,0,47586.00,0.00,0.00,204,12.85,2.83,0.00,-0.2,4.998,4.998,4.998,4.998,23
2022-02-10 02:37:22,4.9,5.2,174,0.0,0.0,0,0.0,0.0,0,47760.00,0.00,0.00,214,12.85,2.98,0.00,-0.2,4.998,4.998,4.998,4.998,35
2022-02-10 02:38:22,6.4,9.7,392,0.0,0.0,0,0.0,0.0,0,48152.00,0.00,0.00,225,12.85,3.13,0.00,-0.2,4.998,4.998,4.998,4.998,226
2022-02-10 02:39:22,4.5,8.8,356,0.0,0.0,0,0.0,0.0,0,48508.00,0.00,0.00,209,12.85,2.91,0.00,-0.2,4.998,4.998,4.998,4.998,243
2022-02-10 02:40:22,5.5,8.8,311,0.0,0.0,0,0.0,0.0,0,48819.00,0.00,0.00,211,12.85,2.93,0.00,-0.2,4.998,4.998,4.998,4.998,66
2022-02-10 02:41:22,3.1,6.9,245,0.0,0.0,0,0.0,0.0,0,49064.00,0.00,0.00,215,12.85,2.98,0.00,-0.2,4.998,4.998,4.998,4.998,23
2022-02-10 02:42:22,5.8,11.4,275,0.0,0.0,0,0.0,0.0,0,49339.00,0.00,0.00,190,12.85,2.64,0.00,-0.2,4.998,4.998,4.998,4.998,73
2022-02-10 02:43:22,7.2,7.9,331,0.0,0.0,0,0.0,0.0,0,49670.00,0.00,0.00,217,12.85,3.02,0.00,-0.2,4.998,4.998,4.998,4.998,204
2022-02-10 02:44:22,5.3,7.2,341,0.0,0.0,0,0.0,0.0,0,50011.00,0.00,0.00,225,12.85,3.13,0.00,-0.2,4.998,4.998,4.998,4.998,45
2022-02-10 02:45:22,4.0,6.4,287,0.0,0.0,0,0.0,0.0,0,50298.00,0.00,0.00,194,12.85,2.69,0.00,-0.2,4.998,4.998,4.998,4.998,169
2022-02-10 02:46:22,5.8,6.1,263,0.0,0.0,0,0.0,0.0,0,50561.00,0.00,0.00,214,12.85,2.97,0.00,-0.6,4.998,4.998,4.998,4.998,228
2022-02-10 02:47:22,6.5,6.8,296,0.0,0.0,0,0.0,0.0,0,50857.00,0.00,0.00,214,12.85,2.97,0.00,-0.2,4.998,4.998,4.998,4.998,120
2022-02-10 02:48:22,7.6,11.4,341,0.0,0.0,0,0.0,0.0,0,51198.00,0.00,0.00,206,12.85,2.87,0.00,-0.2,4.998,4.998,4.998,4.998,85
2022-02-10 02:49:22,4.3,10.0,403,0.0,0.0,0,0.0,0.0,0,51601.00,0.00,0.00,227,12.85,3.15,0.00,-0.2,4.998,4.998,4.998,4.998,145
2022-02-10 02:50:22,9.7,11.5,434,0.0,0.0,0,0.0,0.0,0,52035.00,0.00,0.00,218,12.85,3.03,0.00,-0.2,4.998,4.998,4.998,4.998,198
2022-02-10 02:51:22,4.6,9.7,299,0.0,0.0,0,0.0,0.0,0,52334.00,0.00,0.00,197,12.85,2.74,0.00,-0.2,4.998,4.998,4.998,4.998,139
2022-02-10 02:52:22,3.3,9.1,296,0.0,0.0,0,0.0,0.0,0,52630.00,0.00,0.00,220,12.85,3.05,0.00,-0.2,4.998,4.998,4.998,4.998,91
2022-02-10 02:53:22,5.9,9.1,384,0.0,0.0,0,0.0,0.0,0,53014.00,0.00,0.00,238,12.85,3.31,0.00,-0.2,4.998,4.998,4.998,4.998,73
2022-02-10 02:54:22,4.4,8.0,332,0.0,0.0,0,0.0,0.0,0,53346.00,0.00,0.00,202,12.81,2.81,0.00,-0.2,4.998,4.998,4.998,4.998,206
2022-02-10 02:55:22,6.1,7.9,310,0.0,0.0,0,0.0,0.0,0,53656.00,0.00,0.00,225,12.85,3.13,0.00,-0.2,4.998,4.998,4.998,4.998,103
2022-02-10 02:56:22,5.5,7.8,285,0.0,0.0,0,0.0,0.0,0,53941.00,0.00,0.00,220,12.85,3.06,0.00,-0.2,4.998,4.998,4.998,4.998,112
2022-02-10 02:57:22,6.8,6.8,243,0.0,0.0,0,0.0,0.0,0,54184.00,0.00,0.00,238,12.85,3.30,0.00,-0.2,4.998,4.998,4.998,4.998,95
2022-02-10 02:58:22,2.9,8.4,273,0.0,0.0,0,0.0,0.0,0,54457.00,0.00,0.00,221,12.85,3.07,0.00,-0.2,4.998,4.998,4.998,4.998,68
2022-02-10 02:59:22,4.2,6.4,251,0.0,0.0,0,0.0,0.0,0,54708.00,0.00,0.00,239,12.85,3.32,0.00,-0.2,4.998,4.998,4.998,4.998,155
2022-02-10 03:00:22,2.6,7.1,282,0.0,0.0,0,0.0,0.0,0,54990.00,0.00,0.00,237,12.85,3.30,0.00,-0.2,4.998,4.998,4.998,4.998,168
2022-02-10 03:01:22,4.3,5.8,197,0.0,0.0,0,0.0,0.0,0,55187.00,0.00,0.00,236,12.85,3.28,0.00,-0.2,4.998,4.998,4.998,4.998,128
2022-02-10 03:02:22,3.5,6.3,272,0.0,0.0,0,0.0,0.0,0,55459.00,0.00,0.00,202,12.85,2.81,0.00,-0.2,4.998,4.998,4.998,4.998,175
2022-02-10 03:03:22,3.8,5.3,217,0.0,0.0,0,0.0,0.0,0,55676.00,0.00,0.00,204,12.85,2.84,0.00,-0.2,4.998,4.998,4.998,4.998,54
2022-02-10 03:04:22,4.9,5.8,215,0.0,0.0,0,0.0,0.0,0,55891.00,0.00,0.00,202,12.85,2.81,0.00,-0.2,4.998,4.998,4.998,4.998,40
2022-02-10 03:05:22,4.1,6.9,328,0.0,0.0,0,0.0,0.0,0,56219.00,0.00,0.00,224,12.85,3.11,0.00,-0.2,4.998,4.998,4.998,4.998,82
2022-02-10 03:06:22,5.7,6.7,284,0.0,0.0,0,0.0,0.0,0,56503.00,0.00,0.00,190,12.85,2.64,0.00,-0.2,4.998,4.998,4.998,4.998,172
2022-02-10 03:07:22,5.2,8.7,379,0.0,0.0,0,0.0,0.0,0,56882.00,0.00,0.00,228,12.85,3.17,0.00,-0.2,4.998,4.998,4.998,4.998,254
2022-02-10 03:08:22,5.0,6.1,253,0.0,0.0,0,0.0,0.0,0,57135.00,0.00,0.00,230,12.81,3.19,0.00,-0.6,4.998,4.998,4.998,4.998,91
2022-02-10 03:09:22,6.0,6.8,282,0.0,0.0,0,0.0,0.0,0,57417.00,0.00,0.00,187,12.85,2.60,0.00,-0.2,4.998,4.998,4.998,4.998,46
2022-02-10 03:10:22,4.9,7.0,312,0.0,0.0,0,0.0,0.0,0,57729.00,0.00,0.00,213,12.85,2.96,0.00,-0.2,4.998,4.998,4.998,4.998,188
2022-02-10 03:11:22,3.4,5.7,226,0.0,0.0,0,0.0,0.0,0,57955.00,0.00,0.00,196,12.81,2.72,0.00,-0.2,4.998,4.998,4.998,4.998,111
2022-02-10 03:12:22,3.2,6.9,190,0.0,0.0,0,0.0,0.0,0,58145.00,0.00,0.00,216,12.85,3.01,0.00,-0.2,4.998,4.998,4.998,4.998,246
2022-02-10 03:13:22,5.4,6.2,261,0.0,0.0,0,0.0,0.0,0,58406.00,0.00,0.00,215,12.85,2.99,0.00,-0.2,4.998,4.998,4.998,4.998,184
2022-02-10 03:14:22,5.7,7.1,326,0.0,0.0,0,0.0,0.0,0,58732.00,0.00,0.00,203,12.81,2.83,0.00,-0.2,4.998,4.998,4.998,4.998,42
2022-02-10 03:15:22,4.9,6.8,257,0.0,0.0,0,0.0,0.0,0,58989.00,0.00,0.00,210,12.85,2.92,0.00,-0.2,4.998,4.998,4.998,4.998,241
2022-02-10 03:16:22,3.8,6.6,269,0.0,0.0,0,0.0,0.0,0,59258.00,0.00,0.00,240,12.85,3.33,0.00,-0.2,4.998,4.998,4.998,4.998,84
2022-02-10 03:17:22,6.2,7.8,287,0.0,0.0,0,0.0,0.0,0,59545.00,0.00,0.00,240,12.85,3.33,0.00,-0.2,4.998,4.998,4.998,4.998,143
2022-02-10 03:18:22,4.0,6.8,227,0.0,0.0,0,0.0,0.0,0,59772.00,0.00,0.00,206,12.85,2.86,0.00,-0.2,4.998,4.998,4.998,4.998,14
2022-02-10 03:19:22,2.3,4.9,181,0.0,0.0,0,0.0,0.0,0,59953.00,0.00,0.00,196,12.85,2.73,0.00,-0.2,4.998,4.998,4.998,4.998,217
2022-02-10 03:20:22,7.2,7.8,224,0.0,0.0,0,0.0,0.0,0,60177.00,0.00,0.00,218,12.85,3.03,0.00,-0.2,4.998,4.998,4.998,4.998,53
2022-02-10 03:21:22,7.1,9.2,424,0.0,0.0,0,0.0,0.0,0,60601.00,0.00,0.00,258,12.81,3.58,0.00,-0.2,4.998,4.998,4.998,4.998,173
2022-02-10 03:22:22,4.6,7.4,252,0.0,0.0,0,0.0,0.0,0,60853.00,0.00,0.00,220,12.85,3.05,0.00,-0.2,4.998,4.998,4.998,4.998,53
2022-02-10 03:23:22,1.2,6.0,190,0.0,0.0,0,0.0,0.0,0,61043.00,0.00,0.00,219,12.85,3.04,0.00,-0.2,4.998,4.998,4.998,4.998,115
2022-02-10 03:24:22,4.7,6.9,241,0.0,0.0,0,0.0,0.0,0,61284.00,0.00,0.00,214,12.85,2.97,0.00,-0.2,4.998,4.998,4.998,4.998,231
2022-02-10 03:25:22,9.0,10.0,240,0.0,0.0,0,0.0,0.0,0,61524.00,0.00,0.00,201,12.85,2.79,0.00,-0.2,4.998,4.998,4.998,4.998,21
2022-02-10 03:26:22,4.5,9.0,344,0.0,0.0,0,0.0,0.0,0,61868.00,0.00,0.00,199,12.85,2.77,0.00,-0.2,4.998,4.998,4.998,4.998,49
2022-02-10 03:27:22,3.9,5.4,227,0.0,0.0,0,0.0,0.0,0,62095.00,0.00,0.00,203,12.81,2.82,0.00,-0.6,4.998,4.998,4.998,4.998,208
2022-02-10 03:28:22,2.2,4.7,181,0.0,0.0,0,0.0,0.0,0,62276.00,0.00,0.00,204,12.81,2.84,0.00,-0.2,4.998,4.998,4.998,4.998,23
2022-02-10 03:29:22,4.7,9.5,332,0.0,0.0,0,0.0,0.0,0,62608.00,0.00,0.00,215,12.85,2.99,0.00,-0.2,4.998,4.998,4.998,4.998,168
2022-02-10 03:30:22,3.4,9.0,330,0.0,0.0,0,0.0,0.0,0,62938.00,0.00,0.00,209,12.85,2.90,0.00,-0.2,4.998,4.998,4.998,4.998,94
2022-02-10 03:31:22,6.1,7.0,273,0.0,0.0,0,0.0,0.0,0,63211.00,0.00,0.00,180,12.85,2.50,0.00,-0.2,4.998,4.998,4.998,4.998,253
2022-02-10 03:32:22,5.0,9.0,322,0.0,0.0,0,0.0,0.0,0,63533.00,0.00,0.00,233,12.85,3.24,0.00,0.2,4.998,4.998,4.998,4.998,51
2022-02-10 03:33:22,5.1,6.4,244,0.0,0.0,0,0.0,0.0,0,63777.00,0.00,0.00,206,12.85,2.87,0.00,-0.2,4.998,4.998,4.998,4.998,34
2022-02-10 03:34:22,3.5,5.8,220,0.0,0.0,0,0.0,0.0,0,63997.00,0.00,0.00,210,12.85,2.92,0.00,-0.2,4.998,4.998,4.998,4.998,206
2022-02-10 03:35:22,6.9,8.5,321,0.0,0.0,0,0.0,0.0,0,64318.00,0.00,0.00,216,12.85,3.00,0.00,-0.2,4.998,4.998,4.998,4.998,68
2022-02-10 03:36:22,6.3,9.6,441,0.0,0.0,0,0.0,0.0,0,64759.00,0.00,0.00,181,12.81,2.51,0.00,-0.6,4.998,4.998,4.998,4.998,175
2022-02-10 03:37:22,6.0,9.0,295,0.0,0.0,0,0.0,0.0,0,65054.00,0.00,0.00,208,12.81,2.89,0.00,-0.2,4.998,4.998,4.998,4.998,169
2022-02-10 03:38:22,3.6,6.3,254,0.0,0.0,0,0.0,0.0,0,65308.00,0.00,0.00,234,12.85,3.25,0.00,-0.2,4.998,4.998,4.998,4.998,25
2022-02-10 03:39:22,6.8,7.7,214,0.0,0.0,0,0.0,0.0,0,65522.00,0.00,0.00,229,12.81,3.18,0.00,-0.2,4.998,4.998,4.998,4.998,74
2022-02-10 03:40:22,6.0,8.5,407,0.0,0.0,0,0.0,0.0,0,65929.00,0.00,0.00,228,12.85,3.16,0.00,0.2,4.998,4.998,4.998,4.998,196
2022-02-10 03:41:22,7.6,11.6,473,0.0,0.0,0,0.0,0.0,0,66402.00,0.00,0.00,210,12.85,2.91,0.00,-0.2,4.998,4.998,4.998,4.998,220
2022-02-10 03:42:22,7.2,8.9,380,0.0,0.0,0,0.0,0.0,0,66782.00,0.00,0.00,214,12.85,2.97,0.00,-0.2,4.998,4.998,4.998,4.998,195
2022-02-10 03:43:22,5.2,8.6,407,0.0,0.0,0,0.0,0.0,0,67189.00,0.00,0.00,170,12.85,2.37,0.00,0.2,4.998,4.998,4.998,4.998,163
2022-02-10 03:44:22,5.0,9.2,332,0.0,0.0,0,0.0,0.0,0,67521.00,0.00,0.00,213,12.81,2.96,0.00,-0.2,4.998,4.998,4.998,4.998,42
2022-02-10 03:45:22,4.9,7.7,307,0.0,0.0,0,0.0,0.0,0,67828.00,0.00,0.00,201,12.85,2.79,0.00,-0.2,4.998,4.998,4.998,4.998,176
2022-02-10 03:46:22,6.4,8.8,311,0.0,0.0,0,0.0,0.0,0,68139.00,0.00,0.00,217,12.81,3.02,0.00,-0.2,4.998,4.998,4.998,4.998,182
2022-02-10 03:47:22,4.2,6.6,267,0.0,0.0,0,0.0,0.0,0,68406.00,0.00,0.00,230,12.81,3.20,0.00,-0.2,4.998,4.998,4.998,4.998,82
2022-02-10 03:48:22,3.2,4.6,189,0.0,0.0,0,0.0,0.0,0,68595.00,0.00,0.00,196,12.81,2.72,0.00,-0.2,4.998,4.998,4.998,4.998,177
2022-02-10 03:49:22,2.4,8.0,241,0.0,0.0,0,0.0,0.0,0,68836.00,0.00,0.00,213,12.85,2.96,0.00,-0.2,4.998,4.998,4.998,4.998,54
2022-02-10 03:50:22,3.1,7.4,282,0.0,0.0,0,0.0,0.0,0,69118.00,0.00,0.00,223,12.85,3.10,0.00,-0.2,4.998,4.998,4.998,4.998,204
2022-02-10 03:51:22,5.1,7.4,277,0.0,0.0,0,0.0,0.0,0,69395.00,0.00,0.00,216,12.85,3.00,0.00,-0.2,4.998,4.998,4.998,4.998,62
2022-02-10 03:52:22,5.6,10.8,382,0.0,0.0,0,0.0,0.0,0,69777.00,0.00,0.00,190,12.81,2.65,0.00,0.2,4.998,4.998,4.998,4.998,110
2022-02-10 03:53:22,4.6,5.5,242,0.0,0.0,0,0.0,0.0,0,70019.00,0.00,0.00,217,12.85,3.02,0.00,-0.2,4.998,4.998,4.998,4.998,83
2022-02-10 03:54:22,4.4,7.1,284,0.0,0.0,0,0.0,0.0,0,70303.00,0.00,0.00,214,12.85,2.98,0.00,-0.2,4.998,4.998,4.998,4.998,172
2022-02-10 03:55:22,3.3,5.4,243,0.0,0.0,0,0.0,0.0,0,70546.00,0.00,0.00,219,12.85,3.05,0.00,-0.2,4.998,4.998,4.998,4.998,230
2022-02-10 03:56:22,3.8,5.7,234,0.0,0.0,0,0.0,0.0,0,70780.00,0.00,0.00,215,12.81,2.98,0.00,-0.2,4.998,4.998,4.998,4.998,245
2022-02-10 03:57:22,9.1,10.3,316,0.0,0.0,0,0.0,0.0,0,71096.00,0.00,0.00,171,12.85,2.38,0.00,-0.2,4.998,4.998,4.998,4.998,37
2022-02-10 03:58:22,5.0,9.4,319,0.0,0.0,0,0.0,0.0,0,71415.00,0.00,0.00,233,12.85,3.24,0.00,-0.2,4.998,4.998,4.998,4.998,204
2022-02-10 03:59:22,5.0,5.1,221,0.0,0.0,0,0.0,0.0,0,71636.00,0.00,0.00,228,12.85,3.17,0.00,-0.2,4.998,4.998,4.998,4.998,107
2022-02-10 04:00:22,3.2,7.2,268,0.0,0.0,0,0.0,0.0,0,71904.00,0.00,0.00,182,12.85,2.52,0.00,-0.2,4.998,4.998,4.998,4.998,10
2022-02-10 04:01:22,5.5,7.2,251,0.0,0.0,0,0.0,0.0,0,72155.00,0.00,0.00,208,12.85,2.89,0.00,0.2,4.998,4.998,4.998,4.998,214
2022-02-10 04:02:22,5.6,8.5,326,0.0,0.0,0,0.0,0.0,0,72481.00,0.00,0.00,231,12.85,3.21,0.00,-0.2,4.998,4.998,4.998,4.998,49
2022-02-10 04:03:22,5.7,8.9,337,0.0,0.0,0,0.0,0.0,0,72818.00,0.00,0.00,215,12.85,2.99,0.00,-0.2,4.998,4.998,4.998,4.998,215
2022-02-10 04:04:22,6.7,10.8,459,0.0,0.0,0,0.0,0.0,0,73277.00,0.00,0.00,237,12.85,3.30,0.00,0.2,4.998,4.998,4.998,4.998,222
2022-02-10 04:05:22,5.0,8.2,372,0.0,0.0,0,0.0,0.0,0,73649.00,0.00,0.00,183,12.85,2.54,0.00,0.2,4.998,4.998,4.998,4.998,218
2022-02-10 04:06:22,7.8,9.4,232,0.0,0.0,0,0.0,0.0,0,73881.00,0.00,0.00,204,12.85,2.84,0.00,-0.2,4.998,4.998,4.998,4.998,140
2022-02-10 04:07:22,4.9,7.4,312,0.0,0.0,0,0.0,0.0,0,74193.00,0.00,0.00,196,12.81,2.72,0.00,-0.2,4.998,4.998,4.998,4.998,241
2022-02-10 04:08:22,3.4,8.2,331,0.0,0.0,0,0.0,0.0,0,74524.00,0.00,0.00,235,12.81,3.27,0.00,-0.2,4.998,4.998,4.998,4.998,149
2022-02-10 04:09:22,4.8,9.5,416,0.0,0.0,0,0.0,0.0,0,74940.00,0.00,0.00,212,12.81,2.94,0.00,-0.2,4.998,4.998,4.998,4.998,106
2022-02-10 04:10:22,5.3,5.9,283,0.0,0.0,0,0.0,0.0,0,75223.00,0.00,0.00,197,12.85,2.74,0.00,0.2,4.998,4.998,4.998,4.998,12
2022-02-10 04:11:22,4.1,7.4,255,0.0,0.0,0,0.0,0.0,0,75478.00,0.00,0.00,203,12.85,2.83,0.00,-0.2,4.998,4.998,4.998,4.998,131
2022-02-10 04:12:22,3.5,6.1,267,0.0,0.0,0,0.0,0.0,0,75745.00,0.00,0.00,204,12.85,2.84,0.00,-0.2,4.998,4.998,4.998,4.998,166
2022-02-10 04:13:22,4.9,8.2,328,0.0,0.0,0,0.0,0.0,0,76073.00,0.00,0.00,213,12.81,2.96,0.00,-0.2,4.998,4.998,4.998,4.998,74
2022-02-10 04:14:22,5.5,8.8,351,0.0,0.0,0,0.0,0.0,0,76424.00,0.00,0.00,209,12.81,2.91,0.00,-0.2,4.998,4.998,4.998,4.998,116
2022-02-10 04:15:22,3.6,7.0,299,0.0,0.0,0,0.0,0.0,0,76723.00,0.00,0.00,196,12.81,2.73,0.00,0.2,4.998,4.998,4.998,4.998,167
2022-02-10 04:16:22,4.1,7.3,212,0.0,0.0,0,0.0,0.0,0,76935.00,0.00,0.00,222,12.81,3.08,0.00,-0.2,4.998,4.998,4.998,4.998,202
2022-02-10 04:17:22,5.1,5.9,246,0.0,0.0,0,0.0,0.0,0,77181.00,0.00,0.00,191,12.85,2.65,0.00,-0.2,4.998,4.998,4.998,4.998,119
2022-02-10 04:18:22,1.6,5.5,199,0.0,0.0,0,0.0,0.0,0,77380.00,0.00,0.00,212,12.81,2.94,0.00,-0.2,4.998,4.998,4.998,4.998,24
2022-02-10 04:19:22,3.8,4.9,191,0.0,0.0,0,0.0,0.0,0,77571.00,0.00,0.00,214,12.81,2.98,0.00,-0.2,4.998,4.998,4.998,4.998,12
2022-02-10 04:20:22,3.9,6.5,271,0.0,0.0,0,0.0,0.0,0,77842.00,0.00,0.00,231,12.85,3.21,0.00,0.2,4.998,4.998,4.998,4.998,252
2022-02-10 04:21:22,5.5,6.7,249,0.0,0.0,0,0.0,0.0,0,78091.00,0.00,0.00,190,12.81,2.64,0.00,-0.2,4.998,4.998,4.998,4.998,242
2022-02-10 04:22:22,4.4,5.7,273,0.0,0.0,0,0.0,0.0,0,78364.00,0.00,0.00,196,12.81,2.73,0.00,-0.2,4.998,4.998,4.998,4.998,49
2022-02-10 04:23:22,3.4,5.4,244,0.0,0.0,0,0.0,0.0,0,78608.00,0.00,0.00,191,12.81,2.66,0.00,-0.2,4.998,4.998,4.998,4.998,6
2022-02-10 04:24:22,3.2,5.0,188,0.0,0.0,0,0.0,0.0,0,78796.00,0.00,0.00,190,12.85,2.65,0.00,-0.6,4.998,4.998,4.998,4.998,241
2022-02-10 04:25:22,3.7,6.4,214,0.0,0.0,0,0.0,0.0,0,79010.00,0.00,0.00,231,12.81,3.21,0.00,-0.2,4.998,4.998,4.998,4.998,23
2022-02-10 04:26:22,4.2,6.1,224,0.0,0.0,0,0.0,0.0,0,79234.00,0.00,0.00,196,12.81,2.73,0.00,-0.2,4.998,4.998,4.998,4.998,103
2022-02-10 04:27:22,4.0,6.8,324,0.0,0.0,0,0.0,0.0,0,79558.00,0.00,0.00,187,12.85,2.60,0.00,-0.2,4.998,4.998,4.998,4.998,41
2022-02-10 04:28:22,3.0,4.1,173,0.0,0.0,0,0.0,0.0,0,79731.00,0.00,0.00,187,12.85,2.60,0.00,-0.2,4.998,4.998,4.998,4.998,141
2022-02-10 04:29:22,6.0,6.5,261,0.0,0.0,0,0.0,0.0,0,79992.00,0.00,0.00,196,12.81,2.72,0.00,-0.2,4.998,4.998,4.998,4.998,224
2022-02-10 04:30:22,3.2,6.5,233,0.0,0.0,0,0.0,0.0,0,80225.00,0.00,0.00,187,12.81,2.60,0.00,-0.2,4.998,4.998,4.998,4.998,21
2022-02-10 04:31:22,4.1,5.5,237,0.0,0.0,0,0.0,0.0,0,80462.00,0.00,0.00,185,12.81,2.58,0.00,-0.2,4.998,4.998,4.998,4.998,113
2022-02-10 04:32:22,4.2,4.4,195,0.0,0.0,0,0.0,0.0,0,80657.00,0.00,0.00,185,12.85,2.58,0.00,-0.6,4.998,4.998,4.998,4.998,222
2022-02-10 04:33:22,3.4,7.4,286,0.0,0.0,0,0.0,0.0,0,80943.00,0.00,0.00,193,12.85,2.69,0.00,-0.2,4.998,4.998,4.998,4.998,139
2022-02-10 04:34:22,2.4,4.3,176,0.0,0.0,0,0.0,0.0,0,81119.00,0.00,0.00,194,12.85,2.69,0.00,-0.2,4.998,4.998,4.998,4.998,129
2022-02-10 04:35:22,3.2,6.5,255,0.0,0.0,0,0.0,0.0,0,81374.00,0.00,0.00,210,12.85,2.91,0.00,-0.2,4.998,4.998,4.998,4.998,41
2022-02-10 04:36:22,5.0,6.9,314,0.0,0.0,0,0.0,0.0,0,81688.00,0.00,0.00,215,12.85,2.98,0.00,-0.2,4.998,4.998,4.998,4.998,47
2022-02-10 04:37:22,2.6,5.2,194,0.0,0.0,0,0.0,0.0,0,81882.00,0.00,0.00,194,12.81,2.69,0.00,-0.2,4.998,4.998,4.998,4.998,157
2022-02-10 04:38:22,4.1,5.6,223,0.0,0.0,0,0.0,0.0,0,82105.00,0.00,0.00,198,12.81,2.75,0.00,-0.2,4.998,4.998,4.998,4.998,240
2022-02-10 04:39:22,3.4,7.3,328,0.0,0.0,0,0.0,0.0,0,82433.00,0.00,0.00,192,12.85,2.67,0.00,-0.2,4.998,4.998,4.998,4.998,178
2022-02-10 04:40:22,3.5,5.2,221,0.0,0.0,0,0.0,0.0,0,82654.00,0.00,0.00,197,12.81,2.73,0.00,-0.2,4.998,4.998,4.998,4.998,222
2022-02-10 04:41:22,2.4,3.9,148,0.0,0.0,0,0.0,0.0,0,82802.00,0.00,0.00,197,12.85,2.73,0.00,-0.2,4.998,4.998,4.998,4.998,245
2022-02-10 04:42:22,3.7,6.8,267,0.0,0.0,0,0.0,0.0,0,83069.00,0.00,0.00,182,12.85,2.53,0.00,-0.2,4.998,4.998,4.998,4.998,166
2022-02-10 04:43:22,3.1,5.2,217,0.0,0.0,0,0.0,0.0,0,83286.00,0.00,0.00,209,12.81,2.90,0.00,-0.2,4.998,4.998,4.998,4.998,193
2022-02-10 04:44:22,4.8,6.4,255,0.0,0.0,0,0.0,0.0,0,83541.00,0.00,0.00,232,12.85,3.22,0.00,0.2,4.998,4.998,4.998,4.998,154
2022-02-10 04:45:22,4.2,5.0,239,0.0,0.0,0,0.0,0.0,0,83780.00,0.00,0.00,230,12.85,3.19,0.00,-0.2,4.998,4.998,4.998,4.998,204
2022-02-10 04:46:22,3.0,5.8,170,0.0,0.0,0,0.0,0.0,0,83950.00,0.00,0.00,182,12.85,2.52,0.00,-0.2,4.998,4.998,4.998,4.998,55
2022-02-10 04:47:22,3.4,5.8,175,0.0,0.0,0,0.0,0.0,0,84125.00,0.00,0.00,183,12.81,2.54,0.00,-0.2,4.998,4.998,4.998,4.998,90
2022-02-10 04:48:22,2.6,4.4,171,0.0,0.0,0,0.0,0.0,0,84296.00,0.00,0.00,183,12.81,2.55,0.00,-0.2,4.998,4.998,4.998,4.998,170
2022-02-10 04:49:22,3.3,5.2,208,0.0,0.0,0,0.0,0.0,0,84504.00,0.00,0.00,183,12.81,2.54,0.00,-0.2,4.998,4.998,4.998,4.998,230
2022-02-10 04:50:22,4.6,5.6,237,0.0,0.0,0,0.0,0.0,0,84741.00,0.00,0.00,185,12.81,2.58,0.00,-0.6,4.998,4.998,4.998,4.998,203
2022-02-10 04:51:22,0.0,4.6,133,0.0,0.0,0,0.0,0.0,0,84874.00,0.00,0.00,186,12.81,2.58,0.00,-0.2,4.998,4.998,4.998,4.998,154
2022-02-10 04:52:22,0.0,2.1,41,0.0,0.0,0,0.0,0.0,0,84915.00,0.00,0.00,186,12.85,2.58,0.00,-0.2,4.998,4.998,4.998,4.998,19
2022-02-10 04:53:22,2.1,4.4,134,0.0,0.0,0,0.0,0.0,0,85049.00,0.00,0.00,172,12.81,2.40,0.00,-0.2,4.998,4.998,4.998,4.998,155
2022-02-10 04:54:22,4.3,5.5,200,0.0,0.0,0,0.0,0.0,0,85249.00,0.00,0.00,204,12.81,2.84,0.00,-0.2,4.998,4.998,4.998,4.998,217
2022-02-10 04:55:22,3.3,4.9,177,0.0,0.0,0,0.0,0.0,0,85426.00,0.00,0.00,198,12.81,2.75,0.00,-0.2,4.998,4.998,4.998,4.998,62
2022-02-10 04:56:22,2.5,5.5,208,0.0,0.0,0,0.0,0.0,0,85634.00,0.00,0.00,204,12.85,2.83,0.00,-0.2,4.998,4.998,4.998,4.998,72
2022-02-10 04:57:22,3.0,3.7,164,0.0,0.0,0,0.0,0.0,0,85798.00,0.00,0.00,207,12.81,2.87,0.00,-0.2,4.998,4.998,4.998,4.998,17
2022-02-10 04:58:22,5.0,5.5,186,0.0,0.0,0,0.0,0.0,0,85984.00,0.00,0.00,214,12.85,2.98,0.00,-0.2,4.998,4.998,4.998,4.998,95
2022-02-10 04:59:22,5.3,7.2,366,0.0,0.0,0,0.0,0.0,0,86350.00,0.00,0.00,191,12.81,2.66,0.00,-0.2,4.998,4.998,4.998,4.998,20
2022-02-10 05:00:22,1.9,6.3,230,0.0,0.0,0,0.0,0.0,0,86580.00,0.00,0.00,192,12.85,2.67,0.00,-0.2,4.998,4.998,4.998,4.998,250
2022-02-10 05:01:22,2.1,3.9,166,0.0,0.0,0,0.0,0.0,0,86746.00,0.00,0.00,192,12.85,2.67,0.00,-0.2,4.998,4.998,4.998,4.998,174
2022-02-10 05:02:22,4.7,5.1,165,0.0,0.0,0,0.0,0.0,0,86911.00,0.00,0.00,192,12.81,2.67,0.00,-0.2,4.998,4.998,4.998,4.998,28
2022-02-10 05:03:22,2.4,4.7,126,0.0,0.0,0,0.0,0.0,0,87037.00,0.00,0.00,191,12.81,2.66,0.00,-0.2,4.998,4.998,4.998,4.998,161
2022-02-10 05:04:22,3.5,5.3,178,0.0,0.0,0,0.0,0.0,0,87215.00,0.00,0.00,192,12.81,2.67,0.00,-0.2,4.998,4.998,4.998,4.998,115
2022-02-10 05:05:22,4.6,4.7,171,0.0,0.0,0,0.0,0.0,0,87386.00,0.00,0.00,216,12.81,3.01,0.00,-0.2,4.998,4.998,4.998,4.998,253
2022-02-10 05:06:22,3.3,5.2,193,0.0,0.0,0,0.0,0.0,0,87579.00,0.00,0.00,203,12.85,2.82,0.00,-0.2,4.998,4.998,4.998,4.998,214
2022-02-10 05:07:22,2.6,4.2,135,0.0,0.0,0,0.0,0.0,0,87714.00,0.00,0.00,203,12.85,2.83,0.00,-0.2,4.998,4.998,4.998,4.998,218
2022-02-10 05:08:22,3.4,4.9,203,0.0,0.0,0,0.0,0.0,0,87917.00,0.00,0.00,202,12.81,2.81,0.00,-0.2,4.998,4.998,4.998,4.998,228
2022-02-10 05:09:22,5.2,5.7,240,0.0,0.0,0,0.0,0.0,0,88157.00,0.00,0.00,173,12.81,2.40,0.00,-0.2,4.998,4.998,4.998,4.998,61
2022-02-10 05:10:22,4.6,7.1,306,0.0,0.0,0,0.0,0.0,0,88463.00,0.00,0.00,205,12.85,2.85,0.00,-0.2,4.998,4.998,4.998,4.998,123
2022-02-10 05:11:22,3.2,6.9,251,0.0,0.0,0,0.0,0.0,0,88714.00,0.00,0.00,206,12.85,2.87,0.00,-0.2,4.998,4.998,4.998,4.998,120
2022-02-10 05:12:22,3.4,4.6,200,0.0,0.0,0,0.0,0.0,0,88914.00,0.00,0.00,195,12.85,2.71,0.00,-0.2,4.998,4.998,4.998,4.998,164
2022-02-10 05:13:22,5.3,6.4,266,0.0,0.0,0,0.0,0.0,0,89180.00,0.00,0.00,189,12.81,2.62,0.00,-0.2,4.998,4.998,4.998,4.998,22
2022-02-10 05:14:22,3.6,5.5,227,0.0,0.0,0,0.0,0.0,0,89407.00,0.00,0.00,188,12.85,2.62,0.00,-0.2,4.998,4.998,4.998,4.998,213
2022-02-10 05:15:22,3.0,3.9,159,0.0,0.0,0,0.0,0.0,0,89566.00,0.00,0.00,189,12.85,2.62,0.00,-0.2,4.998,4.998,4.998,4.998,42
2022-02-10 05:16:22,3.2,5.1,207,0.0,0.0,0,0.0,0.0,0,89773.00,0.00,0.00,191,12.81,2.66,0.00,-0.2,4.998,4.998,4.998,4.998,17
2022-02-10 05:17:22,2.1,3.6,129,0.0,0.0,0,0.0,0.0,0,89902.00,0.00,0.00,191,12.85,2.66,0.00,-0.2,4.998,4.998,4.998,4.998,59
2022-02-10 05:18:22,3.0,3.1,122,0.0,0.0,0,0.0,0.0,0,90024.00,0.00,0.00,191,12.81,2.66,0.00,-0.2,4.998,4.998,4.998,4.998,237
2022-02-10 05:19:22,4.5,4.9,204,0.0,0.0,0,0.0,0.0,0,90228.00,0.00,0.00,162,12.85,2.25,0.00,-0.2,4.998,4.998,4.998,4.998,20
2022-02-10 05:20:22,5.4,7.3,342,0.0,0.0,0,0.0,0.0,0,90570.00,0.00,0.00,197,12.81,2.74,0.00,-0.2,4.998,4.998,4.998,4.998,24
2022-02-10 05:21:22,3.8,5.9,253,0.0,0.0,0,0.0,0.0,0,90823.00,0.00,0.00,177,12.85,2.47,0.00,-0.2,4.998,4.998,4.998,4.998,96
2022-02-10 05:22:22,4.5,5.8,255,0.0,0.0,0,0.0,0.0,0,91078.00,0.00,0.00,182,12.85,2.52,0.00,-0.2,4.998,4.998,4.998,4.998,242
2022-02-10 05:23:22,2.8,5.4,226,0.0,0.0,0,0.0,0.0,0,91304.00,0.00,0.00,154,12.85,2.14,0.00,0.2,4.998,4.998,4.998,4.998,176
2022-02-10 05:24:22,4.6,6.0,216,0.0,0.0,0,0.0,0.0,0,91520.00,0.00,0.00,176,12.81,2.45,0.00,-0.2,4.998,4.998,4.998,4.998,58
2022-02-10 05:25:22,4.2,5.5,214,0.0,0.0,0,0.0,0.0,0,91734.00,0.00,0.00,183,12.85,2.54,0.00,-0.2,4.998,4.998,4.998,4.998,185
2022-02-10 05:26:22,5.2,6.4,295,0.0,0.0,0,0.0,0.0,0,92029.00,0.00,0.00,196,12.81,2.72,0.00,-0.2,4.998,4.998,4.998,4.998,70
2022-02-10 05:27:22,6.5,6.8,335,0.0,0.0,0,0.0,0.0,0,92364.00,0.00,0.00,214,12.81,2.97,0.00,-0.2,4.998,4.998,4.998,4.998,162
2022-02-10 05:28:22,4.4,6.7,282,0.0,0.0,0,0.0,0.0,0,92646.00,0.00,0.00,220,12.81,3.06,0.00,-0.2,4.998,4.998,4.998,4.998,138
2022-02-10 05:29:22,3.0,7.8,221,0.0,0.0,0,0.0,0.0,0,92867.00,0.00,0.00,177,12.85,2.47,0.00,-0.2,4.998,4.998,4.998,4.998,168
2022-02-10 05:30:22,4.7,6.5,224,0.0,0.0,0,0.0,0.0,0,93091.00,0.00,0.00,186,12.85,2.58,0.00,-0.2,4.998,4.998,4.998,4.998,3
2022-02-10 05:31:22,4.9,5.1,197,0.0,0.0,0,0.0,0.0,0,93288.00,0.00,0.00,188,12.81,2.62,0.00,-0.2,4.998,4.998,4.998,4.998,204
2022-02-10 05:32:22,3.2,6.0,253,0.0,0.0,0,0.0,0.0,0,93541.00,0.00,0.00,205,12.81,2.85,0.00,-0.2,4.998,4.998,4.998,4.998,35
2022-02-10 05:33:22,4.1,4.5,204,0.0,0.0,0,0.0,0.0,0,93745.00,0.00,0.00,187,12.81,2.60,0.00,-0.2,4.998,4.998,4.998,4.998,232
2022-02-10 05:34:22,3.9,5.7,245,0.0,0.0,0,0.0,0.0,0,93990.00,0.00,0.00,217,12.81,3.02,0.00,-0.2,4.998,4.998,4.998,4.998,251
2022-02-10 05:35:22,3.1,7.3,321,0.0,0.0,0,0.0,0.0,0,94311.00,0.00,0.00,203,12.81,2.82,0.00,-0.2,4.998,4.998,4.998,4.998,5
2022-02-10 05:36:22,5.2,5.8,237,0.0,0.0,0,0.0,0.0,0,94548.00,0.00,0.00,181,12.81,2.51,0.00,-0.6,4.998,4.998,4.998,4.998,63
2022-02-10 05:37:22,3.6,6.1,274,0.0,0.0,0,0.0,0.0,0,94822.00,0.00,0.00,199,12.85,2.77,0.00,-0.2,4.998,4.998,4.998,4.998,218
2022-02-10 05:38:22,2.9,5.3,192,0.0,0.0,0,0.0,0.0,0,95014.00,0.00,0.00,214,12.85,2.97,0.00,0.2,4.998,4.998,4.998,4.998,55
2022-02-10 05:39:22,4.7,6.6,286,0.0,0.0,0,0.0,0.0,0,95300.00,0.00,0.00,173,12.85,2.40,0.00,-0.2,4.998,4.998,4.998,4.998,215
2022-02-10 05:40:22,5.4,10.6,405,0.0,0.0,0,0.0,0.0,0,95705.00,0.00,0.00,197,12.85,2.73,0.00,-0.2,4.998,4.998,4.998,4.998,128
2022-02-10 05:41:22,3.9,5.1,216,0.0,0.0,0,0.0,0.0,0,95921.00,0.00,0.00,175,12.85,2.43,0.00,0.2,4.998,4.998,4.998,4.998,179
2022-02-10 05:42:22,3.2,4.4,184,0.0,0.0,0,0.0,0.0,0,96105.00,0.00,0.00,201,12.85,2.79,0.00,-0.2,4.998,4.998,4.998,4.998,16
2022-02-10 05:43:22,5.3,8.4,245,0.0,0.0,0,0.0,0.0,0,96350.00,0.00,0.00,205,12.81,2.85,0.00,0.2,4.998,4.998,4.998,4.998,143
2022-02-10 05:44:22,4.0,7.1,272,0.0,0.0,0,0.0,0.0,0,96622.00,0.00,0.00,215,12.85,2.98,0.00,-0.2,4.998,4.998,4.998,4.998,221
2022-02-10 05:45:22,5.3,5.4,225,0.0,0.0,0,0.0,0.0,0,96847.00,0.00,0.00,240,12.81,3.33,0.00,-0.2,4.998,4.998,4.998,4.998,34
2022-02-10 05:46:22,3.3,5.5,189,0.0,0.0,0,0.0,0.0,0,97036.00,0.00,0.00,215,12.85,2.98,0.00,-0.2,4.998,4.998,4.998,4.998,163
2022-02-10 05:47:22,4.3,4.7,198,0.0,0.0,0,0.0,0.0,0,97234.00,0.00,0.00,205,12.81,2.85,0.00,-0.2,4.998,4.998,4.998,4.998,129
2022-02-10 05:48:22,6.1,6.2,275,0.0,0.0,0,0.0,0.0,0,97509.00,0.00,0.00,203,12.81,2.82,0.00,-0.2,4.998,4.998,4.998,4.998,141
2022-02-10 05:49:22,4.1,7.0,287,0.0,0.0,0,0.0,0.0,0,97796.00,0.00,0.00,227,12.81,3.16,0.00,-0.2,4.998,4.998,4.998,4.998,39
2022-02-10 05:50:22,2.8,7.3,253,0.0,0.0,0,0.0,0.0,0,98049.00,0.00,0.00,229,12.85,3.18,0.00,-0.2,4.998,4.998,4.998,4.998,156
2022-02-10 05:51:22,3.9,6.3,250,0.0,0.0,0,0.0,0.0,0,98299.00,0.00,0.00,201,12.81,2.79,0.00,-0.2,4.998,4.998,4.998,4.998,64
2022-02-10 05:52:22,2.6,5.7,225,0.0,0.0,0,0.0,0.0,0,98524.00,0.00,0.00,198,12.81,2.75,0.00,-0.2,4.998,4.998,4.998,4.998,251
2022-02-10 05:53:22,2.6,6.4,231,0.0,0.0,0,0.0,0.0,0,98755.00,0.00,0.00,197,12.81,2.74,0.00,-0.2,4.998,4.998,4.998,4.998,29
2022-02-10 05:54:22,6.2,6.5,242,0.0,0.0,0,0.0,0.0,0,98997.00,0.00,0.00,196,12.81,2.72,0.00,-0.2,4.998,4.998,4.998,4.998,228
2022-02-10 05:55:22,3.9,7.3,284,0.0,0.0,0,0.0,0.0,0,99281.00,0.00,0.00,201,12.81,2.79,0.00,-0.2,4.998,4.998,4.998,4.998,72
2022-02-10 05:56:22,3.6,4.3,118,0.0,0.0,0,0.0,0.0,0,99399.00,0.00,0.00,200,12.81,2.78,0.00,-0.2,4.998,4.998,4.998,4.998,174
2022-02-10 05:57:22,3.3,3.9,171,0.0,0.0,0,0.0,0.0,0,99570.00,0.00,0.00,201,12.85,2.79,0.00,-0.2,4.998,4.998,4.998,4.998,26
2022-02-10 05:58:22,4.4,4.4,194,0.0,0.0,0,0.0,0.0,0,99764.00,0.00,0.00,219,12.81,3.04,0.00,-0.2,4.998,4.998,4.998,4.998,205
2022-02-10 05:59:22,5.1,6.6,256,0.0,0.0,0,0.0,0.0,0,100020.00,0.00,0.00,202,12.85,2.81,0.00,-0.2,4.998,4.998,4.998,4.998,203
2022-02-10 06:00:22,5.9,6.5,277,0.0,0.0,0,0.0,0.0,0,100297.00,0.00,0.00,214,12.85,2.97,0.00,-0.2,4.998,4.998,4.998,4.998,19
2022-02-10 06:01:22,4.1,6.8,273,0.0,0.0,0,0.0,0.0,0,100570.00,0.00,0.00,191,12.81,2.65,0.00,-0.2,4.998,4.998,4.998,4.998,40
2022-02-10 06:02:22,2.6,5.6,241,0.0,0.0,0,0.0,0.0,0,100811.00,0.00,0.00,191,12.85,2.65,0.00,-0.6,4.998,4.998,4.998,4.998,55
2022-02-10 06:03:22,2.1,4.9,187,0.0,0.0,0,0.0,0.0,0,100998.00,0.00,0.00,232,12.85,3.22,0.00,-0.6,4.998,4.998,4.998,4.998,59
2022-02-10 06:04:22,1.9,3.3,125,0.0,0.0,0,0.0,0.0,0,101123.00,0.00,0.00,232,12.81,3.22,0.00,-0.2,4.998,4.998,4.998,4.998,143
2022-02-10 06:05:22,3.3,4.1,124,0.0,0.0,0,0.0,0.0,0,101247.00,0.00,0.00,193,12.85,2.68,0.00,-0.2,4.998,4.998,4.998,4.998,248
2022-02-10 06:06:22,3.4,5.9,271,0.0,0.0,0,0.0,0.0,0,101518.00,0.00,0.00,197,12.81,2.74,0.00,-0.2,4.998,4.998,4.998,4.998,165
2022-02-10 06:07:22,4.8,5.1,190,0.0,0.0,0,0.0,0.0,0,101708.00,0.00,0.00,196,12.81,2.73,0.00,-0.2,4.998,4.998,4.998,4.998,118
2022-02-10 06:08:22,6.0,6.9,329,0.0,0.0,0,0.0,0.0,0,102037.00,0.00,0.00,189,12.85,2.63,0.00,-0.2,4.998,4.998,4.998,4.998,105
2022-02-10 06:09:22,6.5,6.5,196,0.0,0.0,0,0.0,0.0,0,102233.00,0.00,0.00,201,12.81,2.79,0.00,-0.2,4.998,4.998,4.998,4.998,158
2022-02-10 06:10:22,4.5,6.6,223,0.0,0.0,0,0.0,0.0,0,102456.00,0.00,0.00,206,12.81,2.86,0.00,-0.2,4.998,4.998,4.998,4.998,199
2022-02-10 06:11:22,6.0,6.4,313,0.0,0.0,0,0.0,0.0,0,102769.00,0.00,0.00,178,12.85,2.48,0.00,-0.2,4.998,4.998,4.998,4.998,151
2022-02-10 06:12:22,4.5,6.1,264,0.0,0.0,0,0.0,0.0,0,103033.00,0.00,0.00,202,12.81,2.81,0.00,-0.2,4.998,4.998,4.998,4.998,110
2022-02-10 06:13:22,3.0,5.0,191,0.0,0.0,0,0.0,0.0,0,103224.00,0.00,0.00,217,12.81,3.02,0.00,-0.2,4.998,4.998,4.998,4.998,77
2022-02-10 06:14:22,3.4,5.0,202,0.0,0.0,0,0.0,0.0,0,103426.00,0.00,0.00,217,12.81,3.01,0.00,-0.2,4.998,4.998,4.998,4.998,174
2022-02-10 06:15:22,2.4,5.7,231,0.0,0.0,0,0.0,0.0,0,103657.00,0.00,0.00,204,12.81,2.84,0.00,-0.2,4.998,4.998,4.998,4.998,17
2022-02-10 06:16:22,4.5,5.2,191,0.0,0.0,0,0.0,0.0,0,103848.00,0.00,0.00,204,12.81,2.84,0.00,-0.2,4.998,4.998,4.998,4.998,94
2022-02-10 06:17:22,3.8,7.2,252,0.0,0.0,0,0.0,0.0,0,104100.00,0.00,0.00,194,12.81,2.70,0.00,0.2,4.998,4.998,4.998,4.998,104
2022-02-10 06:18:22,5.4,5.8,232,0.0,0.0,0,0.0,0.0,0,104332.00,0.00,0.00,195,12.85,2.71,0.00,-0.2,4.998,4.998,4.998,4.998,234
2022-02-10 06:19:22,4.6,5.8,216,0.0,0.0,0,0.0,0.0,0,104548.00,0.00,0.00,195,12.85,2.71,0.00,-0.2,4.998,4.998,4.998,4.998,158
2022-02-10 06:20:22,9.0,11.4,498,0.0,0.0,0,0.0,0.0,0,105046.00,0.00,0.00,206,12.81,2.86,0.00,-0.2,4.998,4.998,4.998,4.998,111
2022-02-10 06:21:22,5.3,10.5,419,0.0,0.0,0,0.0,0.0,0,105465.00,0.00,0.00,195,12.85,2.70,0.00,-0.2,4.998,4.998,4.998,4.998,9
2022-02-10 06:22:22,5.1,6.7,285,0.0,0.0,0,0.0,0.0,0,105750.00,0.00,0.00,215,12.81,2.99,0.00,-0.2,4.998,4.998,4.998,4.998,12
2022-02-10 06:23:22,5.5,7.8,305,0.0,0.0,0,0.0,0.0,0,106055.00,0.00,0.00,197,12.81,2.74,0.00,-0.2,4.998,4.998,4.998,4.998,9
2022-02-10 06:24:22,6.5,8.3,392,0.0,0.0,0,0.0,0.0,0,106447.00,0.00,0.00,201,12.85,2.80,0.00,-0.2,4.998,4.998,4.998,4.998,192
2022-02-10 06:25:22,6.7,7.1,324,0.0,0.0,0,0.0,0.0,0,106771.00,0.00,0.00,205,12.81,2.85,0.00,-0.2,4.998,4.998,4.998,4.998,12
2022-02-10 06:26:22,4.7,6.8,319,0.0,0.0,0,0.0,0.0,0,107090.00,0.00,0.00,199,12.81,2.77,0.00,-0.2,4.998,4.998,4.998,4.998,177
2022-02-10 06:27:22,3.8,4.8,232,0.0,0.0,0,0.0,0.0,0,107322.00,0.00,0.00,191,12.81,2.66,0.00,0.2,4.998,4.998,4.998,4.998,91
2022-02-10 06:28:22,6.1,6.5,248,0.0,0.0,0,0.0,0.0,0,107570.00,0.00,0.00,195,12.85,2.71,0.00,-0.2,4.998,4.998,4.998,4.998,25
2022-02-10 06:29:22,4.6,7.8,339,0.0,0.0,0,0.0,0.0,0,107909.00,0.00,0.00,195,12.81,2.71,0.00,-0.2,4.998,4.998,4.998,4.998,117
2022-02-10 06:30:22,3.5,5.1,222,0.0,0.0,0,0.0,0.0,0,108131.00,0.00,0.00,201,12.85,2.79,0.00,-0.2,4.998,4.998,4.998,4.998,65
2022-02-10 06:31:22,2.4,4.6,167,0.0,0.0,0,0.0,0.0,0,108298.00,0.00,0.00,161,12.85,2.23,0.00,-0.2,4.998,4.998,4.998,4.998,195
2022-02-10 06:32:22,2.8,5.0,215,0.0,0.0,0,0.0,0.0,0,108513.00,0.00,0.00,194,12.85,2.70,0.00,-0.2,4.998,4.998,4.998,4.998,160
2022-02-10 06:33:22,3.3,5.3,215,0.0,0.0,0,0.0,0.0,0,108728.00,0.00,0.00,178,12.81,2.47,0.00,-0.2,4.998,4.998,4.998,4.998,159
2022-02-10 06:34:22,4.7,4.9,211,0.0,0.0,0,0.0,0.0,0,108939.00,0.00,0.00,178,12.85,2.48,0.00,0.2,4.998,4.998,4.998,4.998,173
2022-02-10 06:35:22,5.6,6.5,294,0.0,0.0,0,0.0,0.0,0,109233.00,0.00,0.00,176,12.85,2.44,0.00,-0.2,4.998,4.998,4.998,4.998,145
2022-02-10 06:36:22,4.9,7.2,345,0.0,0.0,0,0.0,0.0,0,109578.00,0.00,0.00,165,12.85,2.29,0.00,-0.2,4.998,4.998,4.998,4.998,6
2022-02-10 06:37:22,4.3,6.2,239,0.0,0.0,0,0.0,0.0,0,109817.00,0.00,0.00,182,12.81,2.53,0.00,0.2,4.998,4.998,4.998,4.998,211
2022-02-10 06:38:22,5.1,6.4,288,0.0,0.0,0,0.0,0.0,0,110105.00,0.00,0.00,148,12.81,2.05,0.00,-0.2,4.998,4.998,4.998,4.998,17
2022-02-10 06:39:22,3.7,6.0,228,0.0,0.0,0,0.0,0.0,0,110333.00,0.00,0.00,173,12.81,2.40,0.00,-0.2,4.998,4.998,4.998,4.998,107
2022-02-10 06:40:22,4.0,6.1,267,0.0,0.0,0,0.0,0.0,0,110600.00,0.00,0.00,202,12.81,2.81,0.00,-0.2,4.998,4.998,4.998,4.998,134
2022-02-10 06:41:22,5.1,5.2,172,0.0,0.0,0,0.0,0.0,0,110772.00,0.00,0.00,193,12.81,2.68,0.00,0.2,4.998,4.998,4.998,4.998,23
2022-02-10 06:42:22,5.7,6.3,287,0.0,0.0,0,0.0,0.0,0,111059.00,0.00,0.00,183,12.81,2.54,0.00,0.2,4.998,4.998,4.998,4.998,96
2022-02-10 06:43:22,2.8,6.5,309,0.0,0.0,0,0.0,0.0,0,111368.00,0.00,0.00,185,12.81,2.57,0.00,0.2,4.998,4.998,4.998,4.998,106
2022-02-10 06:44:22,4.8,8.4,376,0.0,0.0,0,0.0,0.0,0,111744.00,0.00,0.00,187,12.81,2.59,0.00,-0.2,4.998,4.998,4.998,4.998,209
2022-02-10 06:45:22,3.4,5.5,241,0.0,0.0,0,0.0,0.0,0,111985.00,0.00,0.00,210,12.81,2.92,0.00,0.2,4.998,4.998,4.998,4.998,113
2022-02-10 06:46:22,5.8,6.5,291,0.0,0.0,0,0.0,0.0,0,112276.00,0.00,0.00,190,12.81,2.64,0.00,-0.2,4.998,4.998,4.998,4.998,188
2022-02-10 06:47:22,8.1,8.7,338,0.0,0.0,0,0.0,0.0,0,112614.00,0.00,0.00,152,12.81,2.11,0.00,0.2,4.998,4.998,4.998,4.998,130
2022-02-10 06:48:22,5.0,9.3,369,0.0,0.0,0,0.0,0.0,0,112983.00,0.00,0.00,184,12.81,2.56,0.00,-0.2,4.998,4.998,4.998,4.998,137
2022-02-10 06:49:22,5.6,9.9,357,0.0,0.0,0,0.0,0.0,0,113340.00,0.00,0.00,185,12.85,2.58,0.00,-0.2,4.998,4.998,4.998,4.998,82
2022-02-10 06:50:22,6.8,7.0,295,0.0,0.0,0,0.0,0.0,0,113635.00,0.00,0.00,159,12.85,2.21,0.00,0.2,4.998,4.998,4.998,4.998,93
2022-02-10 06:51:22,2.1,6.8,237,0.0,0.0,0,0.0,0.0,0,113872.00,0.00,0.00,182,12.81,2.52,0.00,0.2,4.998,4.998,4.998,4.998,22
2022-02-10 06:52:22,5.4,6.5,210,0.0,0.0,0,0.0,0.0,0,114082.00,0.00,0.00,167,12.85,2.32,0.00,0.2,4.998,4.998,4.998,4.998,103
2022-02-10 06:53:22,5.9,11.1,385,0.0,0.0,0,0.0,0.0,0,114467.00,0.00,0.00,205,12.81,2.85,0.00,0.2,4.998,4.998,4.998,4.998,91
2022-02-10 06:54:22,5.6,7.4,340,0.0,0.0,0,0.0,0.0,0,114807.00,0.00,0.00,174,12.85,2.42,0.00,0.2,4.998,4.998,4.998,4.998,194
2022-02-10 06:55:22,3.2,6.9,282,0.0,0.0,0,0.0,0.0,0,115089.00,0.00,0.00,196,12.85,2.73,0.00,0.2,4.998,4.998,4.998,4.998,215
2022-02-10 06:56:22,7.3,8.2,284,0.0,0.0,0,0.0,0.0,0,115373.00,0.00,0.00,176,12.81,2.44,0.00,0.2,4.998,4.998,4.998,4.998,167
2022-02-10 06:57:22,5.6,10.4,395,0.0,0.0,0,0.0,0.0,0,115768.00,0.00,0.00,176,12.81,2.45,0.00,0.2,4.998,4.998,4.998,4.998,225
2022-02-10 06:58:22,7.5,11.7,446,0.0,0.0,0,0.0,0.0,0,116214.00,0.00,0.00,157,12.81,2.19,0.00,0.2,4.998,4.998,4.998,4.998,38
2022-02-10 06:59:22,7.0,8.5,404,0.0,0.0,0,0.0,0.0,0,116618.00,0.00,0.00,166,12.81,2.31,0.00,0.2,4.998,4.998,4.998,4.998,232
2022-02-10 07:00:22,6.1,8.4,371,0.0,0.0,0,0.0,0.0,0,116989.00,0.00,0.00,166,12.81,2.31,0.00,0.2,4.998,4.998,4.998,4.998,224
2022-02-10 07:01:22,8.7,8.7,394,0.0,0.0,0,0.0,0.0,0,117383.00,0.00,0.00,199,12.85,2.76,0.00,0.2,4.998,4.998,4.998,4.998,221
2022-02-10 07:02:22,3.4,10.3,353,0.0,0.0,0,0.0,0.0,0,117736.00,0.00,0.00,157,12.85,2.18,0.00,-0.2,4.998,4.998,4.998,4.998,94
2022-02-10 07:03:22,7.2,8.5,369,0.0,0.0,0,0.0,0.0,0,118105.00,0.00,0.00,187,12.85,2.60,0.00,0.2,4.998,4.998,4.998,4.998,66
2022-02-10 07:04:22,6.3,7.4,337,0.0,0.0,0,0.0,0.0,0,118442.00,0.00,0.00,176,12.85,2.45,0.00,0.2,4.998,4.998,4.998,4.998,217
2022-02-10 07:05:22,6.3,7.0,322,0.0,0.0,0,0.0,0.0,0,118764.00,0.00,0.00,194,12.85,2.70,0.00,0.2,4.998,4.998,4.998,4.998,161
2022-02-10 07:06:22,7.7,9.3,446,0.0,0.0,0,0.0,0.0,0,119210.00,0.00,0.00,174,12.81,2.42,0.00,0.2,4.998,4.998,4.998,4.998,187
2022-02-10 07:07:22,5.4,10.5,440,0.0,0.0,0,0.0,0.0,0,119650.00,0.00,0.00,184,12.85,2.55,0.00,0.2,4.998,4.998,4.998,4.998,57
2022-02-10 07:08:22,7.3,10.3,325,0.0,0.0,0,0.0,0.0,0,119975.00,0.00,0.00,167,12.81,2.32,0.00,0.2,4.998,4.998,4.998,4.998,31
2022-02-10 07:09:22,5.7,8.0,305,0.0,0.0,0,0.0,0.0,0,120280.00,0.00,0.00,159,12.81,2.22,0.00,0.2,4.998,4.998,4.998,4.998,190
2022-02-10 07:10:22,6.0,9.1,385,0.0,0.0,0,0.0,0.0,0,120665.00,0.00,0.00,193,12.81,2.68,0.00,0.2,4.998,4.998,4.998,4.998,43
2022-02-10 07:11:22,5.8,11.5,436,0.0,0.0,0,0.0,0.0,0,121101.00,0.00,0.00,159,12.81,2.21,0.00,0.2,4.998,4.998,4.998,4.998,44
2022-02-10 07:12:22,3.5,8.6,357,0.0,0.0,0,0.0,0.0,0,121458.00,0.00,0.00,183,12.81,2.54,0.00,-0.2,4.998,4.998,4.998,4.998,98
2022-02-10 07:13:22,9.2,9.5,311,0.0,0.0,0,0.0,0.0,0,121769.00,0.00,0.00,194,12.81,2.70,0.00,0.2,4.998,4.998,4.998,4.998,101
2022-02-10 07:14:22,7.8,13.0,558,0.0,0.0,0,0.0,0.0,0,122327.00,0.00,0.00,174,12.81,2.42,0.00,0.2,4.998,4.998,4.998,4.998,134
2022-02-10 07:15:22,4.8,8.0,342,0.0,0.0,0,0.0,0.0,0,122669.00,0.00,0.00,168,12.85,2.33,0.00,0.2,4.998,4.998,4.998,4.998,236
2022-02-10 07:16:22,5.7,8.5,386,0.0,0.0,0,0.0,0.0,0,123055.00,0.00,0.00,162,12.85,2.25,0.00,0.2,4.998,4.998,4.998,4.998,230
2022-02-10 07:17:22,8.5,9.3,319,0.0,0.0,0,0.0,0.0,0,123374.00,0.00,0.00,206,12.81,2.86,0.00,0.2,4.998,4.998,4.998,4.998,124
2022-02-10 07:18:22,6.3,10.0,387,0.0,0.0,0,0.0,0.0,0,123761.00,0.00,0.00,189,12.81,2.63,0.00,-0.2,4.998,4.998,4.998,4.998,232
2022-02-10 07:19:22,7.1,10.3,462,0.0,0.0,0,0.0,0.0,0,124223.00,0.00,0.00,170,12.81,2.36,0.00,0.2,4.998,4.998,4.998,4.998,249
2022-02-10 07:20:22,5.1,11.0,444,0.0,0.0,0,0.0,0.0,0,124667.00,0.00,0.00,172,12.81,2.39,0.00,0.2,4.998,4.998,4.998,4.998,41
2022-02-10 07:21:22,7.3,9.1,408,0.0,0.0,0,0.0,0.0,0,125075.00,0.00,0.00,150,12.81,2.09,0.00,0.2,4.998,4.998,4.998,4.998,11
2022-02-10 07:22:22,5.7,9.0,375,0.0,0.0,0,0.0,0.0,0,125450.00,0.00,0.00,213,12.81,2.96,0.00,0.2,4.998,4.998,4.998,4.998,80
2022-02-10 07:23:22,3.3,8.5,307,0.0,0.0,0,0.0,0.0,0,125757.00,0.00,0.00,199,12.81,2.77,0.00,0.2,4.998,4.998,4.998,4.998,74
2022-02-10 07:24:22,4.1,7.4,244,0.0,0.0,0,0.0,0.0,0,126001.00,0.00,0.00,172,12.81,2.39,0.00,0.2,4.998,4.998,4.998,4.998,222
2022-02-10 07:25:22,8.6,8.7,292,0.0,0.0,0,0.0,0.0,0,126293.00,0.00,0.00,159,12.81,2.21,0.00,0.2,4.998,4.998,4.998,4.998,14
2022-02-10 07:26:22,2.4,10.2,370,0.0,0.0,0,0.0,0.0,0,126663.00,0.00,0.00,167,12.81,2.32,0.00,0.2,4.998,4.998,4.998,4.998,89
2022-02-10 07:27:22,6.5,8.2,332,0.0,0.0,0,0.0,0.0,0,126995.00,0.00,0.00,183,12.85,2.54,0.00,0.2,4.998,4.998,4.998,4.998,190
2022-02-10 07:28:22,5.1,10.4,425,0.0,0.0,0,0.0,0.0,0,127420.00,0.00,0.00,163,12.81,2.26,0.00,0.2,4.998,4.998,4.998,4.998,140
2022-02-10 07:29:22,4.3,8.1,335,0.0,0.0,0,0.0,0.0,0,127755.00,0.00,0.00,167,12.81,2.32,0.00,0.2,4.998,4.998,4.998,4.998,177
2022-02-10 07:30:22,7.6,8.2,375,0.0,0.0,0,0.0,0.0,0,128130.00,0.00,0.00,159,12.81,2.21,0.00,0.2,4.998,4.998,4.998,4.998,166
2022-02-10 07:31:22,8.1,10.8,440,0.0,0.0,0,0.0,0.0,0,128570.00,0.00,0.00,202,12.81,2.81,0.00,-0.2,4.998,4.998,4.998,4.998,197
2022-02-10 07:32:22,3.9,9.3,403,0.0,0.0,0,0.0,0.0,0,128973.00,0.00,0.00,179,12.85,2.49,0.00,0.2,4.998,4.998,4.998,4.998,143
2022-02-10 07:33:22,2.8,8.0,313,0.0,0.0,0,0.0,0.0,0,129286.00,0.00,0.00,227,12.81,3.15,0.00,0.2,4.998,4.998,4.998,4.998,95
2022-02-10 07:34:22,3.7,8.4,297,0.0,0.0,0,0.0,0.0,0,129583.00,0.00,0.00,204,12.85,2.84,0.00,0.2,4.998,4.998,4.998,4.998,220
2022-02-10 07:35:22,5.7,8.4,365,0.0,0.0,0,0.0,0.0,0,129948.00,0.00,0.00,208,12.81,2.90,0.00,0.2,4.998,4.998,4.998,4.998,153
2022-02-10 07:36:22,4.3,10.1,346,0.0,0.0,0,0.0,0.0,0,130294.00,0.00,0.00,183,12.81,2.54,0.00,0.2,4.998,4.998,4.998,4.998,194
2022-02-10 07:37:22,7.1,11.3,465,0.0,0.0,0,0.0,0.0,0,130759.00,0.00,0.00,211,12.85,2.93,0.00,0.2,4.998,4.998,4.998,4.998,134
2022-02-10 07:38:22,4.2,10.0,402,0.0,0.0,0,0.0,0.0,0,131161.00,0.00,0.00,200,12.81,2.78,0.00,-0.2,4.998,4.998,4.998,4.998,243
2022-02-10 07:39:22,4.7,7.6,351,0.0,0.0,0,0.0,0.0,0,131512.00,0.00,0.00,222,12.81,3.08,0.00,0.2,4.998,4.998,4.998,4.998,75
2022-02-10 07:40:22,8.5,13.0,564,0.0,0.0,0,0.0,0.0,0,132076.00,0.00,0.00,177,12.81,2.46,0.00,0.2,4.998,4.998,4.998,4.998,226
2022-02-10 07:41:22,3.8,12.3,455,0.0,0.0,0,0.0,0.0,0,132531.00,0.00,0.00,193,12.85,2.69,0.00,0.2,4.998,4.998,4.998,4.998,159
2022-02-10 07:42:22,3.3,5.1,217,0.0,0.0,0,0.0,0.0,0,132748.00,0.00,0.00,179,12.81,2.49,0.00,0.2,4.998,4.998,4.998,4.998,236
2022-02-10 07:43:22,3.2,6.6,262,0.0,0.0,0,0.0,0.0,0,133010.00,0.00,0.00,176,12.85,2.45,0.00,0.2,4.998,4.998,4.998,4.998,31
2022-02-10 07:44:22,6.7,9.1,292,0.0,0.0,0,0.0,0.0,0,133302.00,0.00,0.00,200,12.85,2.78,0.00,0.2,4.998,4.998,4.998,4.998,4
2022-02-10 07:45:22,4.5,10.8,333,0.0,0.0,0,0.0,0.0,0,133635.00,0.00,0.00,157,12.81,2.18,0.00,0.2,4.998,4.998,4.998,4.998,136
2022-02-10 07:46:22,5.3,6.0,264,0.0,0.0,0,0.0,0.0,0,133899.00,0.00,0.00,186,12.81,2.58,0.00,0.2,4.998,4.998,4.998,4.998,61
2022-02-10 07:47:22,4.1,7.6,313,0.0,0.0,0,0.0,0.0,0,134212.00,0.00,0.00,167,12.85,2.32,0.00,0.2,4.998,4.998,4.998,4.998,147
2022-02-10 07:48:22,4.0,10.3,335,0.0,0.0,0,0.0,0.0,0,134547.00,0.00,0.00,179,12.81,2.49,0.00,0.7,4.998,4.998,4.998,4.998,183
2022-02-10 07:49:22,6.3,7.3,295,0.0,0.0,0,0.0,0.0,0,134842.00,0.00,0.00,198,12.81,2.75,0.00,0.7,4.998,4.998,4.998,4.998,119
2022-02-10 07:50:22,7.2,7.8,358,0.0,0.0,0,0.0,0.0,0,135200.00,0.00,0.00,172,12.85,2.39,0.00,0.2,4.998,4.998,4.998,4.998,212
2022-02-10 07:51:22,4.9,10.5,414,0.0,0.0,0,0.0,0.0,0,135614.00,0.00,0.00,185,12.81,2.58,0.00,0.2,4.998,4.998,4.998,4.998,224
2022-02-10 07:52:22,7.2,8.3,289,0.0,0.0,0,0.0,0.0,0,135903.00,0.00,0.00,186,12.81,2.59,0.00,0.2,4.998,4.998,4.998,4.998,15
2022-02-10 07:53:22,6.5,7.4,366,0.0,0.0,0,0.0,0.0,0,136269.00,0.00,0.00,178,12.81,2.47,0.00,0.7,4.998,4.998,4.998,4.998,139
2022-02-10 07:54:22,5.6,7.6,331,0.0,0.0,0,0.0,0.0,0,136600.00,0.00,0.00,195,12.85,2.71,0.00,0.2,4.998,4.998,4.998,4.998,94
2022-02-10 07:55:22,5.1,6.7,288,0.0,0.0,0,0.0,0.0,0,136888.00,0.00,0.00,185,12.81,2.57,0.00,0.2,4.998,4.998,4.998,4.998,242
2022-02-10 07:56:22,7.5,9.7,338,0.0,0.0,0,0.0,0.0,0,137226.00,0.00,0.00,178,12.81,2.48,0.00,0.2,4.998,4.998,4.998,4.998,247
2022-02-10 07:57:22,4.0,9.3,377,0.0,0.0,0,0.0,0.0,0,137603.00,0.00,0.00,208,12.85,2.89,0.00,0.2,4.998,4.998,4.998,4.998,107
2022-02-10 07:58:22,4.5,9.4,297,0.0,0.0,0,0.0,0.0,0,137900.00,0.00,0.00,183,12.81,2.54,0.00,0.2,4.998,4.998,4.998,4.998,37
2022-02-10 07:59:22,9.3,11.1,497,0.0,0.0,0,0.0,0.0,0,138397.00,0.00,0.00,207,12.85,2.88,0.00,0.2,4.998,4.998,4.998,4.998,125
2022-02-10 08:00:22,5.3,10.1,412,0.0,0.0,0,0.0,0.0,0,138809.00,0.00,0.00,146,12.81,2.03,0.00,0.2,4.998,4.998,4.998,4.998,227
2022-02-10 08:01:22,4.5,10.1,407,0.0,0.0,0,0.0,0.0,0,139216.00,0.00,0.00,165,12.85,2.29,0.00,0.2,4.998,4.998,4.998,4.998,73
2022-02-10 08:02:22,3.2,4.8,191,0.0,0.0,0,0.0,0.0,0,139407.00,0.00,0.00,171,12.81,2.38,0.00,0.2,4.998,4.998,4.998,4.998,219
2022-02-10 08:03:22,5.5,8.7,310,0.0,0.0,0,0.0,0.0,0,139717.00,0.00,0.00,182,12.81,2.53,0.00,0.2,4.998,4.998,4.998,4.998,31
2022-02-10 08:04:22,6.1,7.9,314,0.0,0.0,0,0.0,0.0,0,140031.00,0.00,0.00,132,12.81,1.84,0.00,0.7,4.998,4.998,4.998,4.998,52
2022-02-10 08:05:22,3.9,10.2,395,0.0,0.0,0,0.0,0.0,0,140426.00,0.00,0.00,156,12.81,2.17,0.00,0.2,4.998,4.998,4.998,4.998,222
2022-02-10 08:06:22,6.7,7.1,320,0.0,0.0,0,0.0,0.0,0,140746.00,0.00,0.00,163,12.81,2.27,0.00,0.2,4.998,4.998,4.998,4.998,9
2022-02-10 08:07:22,4.0,8.6,388,0.0,0.0,0,0.0,0.0,0,141134.00,0.00,0.00,206,12.81,2.86,0.00,0.7,4.998,4.998,4.998,4.998,110
2022-02-10 08:08:22,4.2,9.7,352,0.0,0.0,0,0.0,0.0,0,141486.00,0.00,0.00,208,12.81,2.89,0.00,0.7,4.998,4.998,4.998,4.998,92
2022-02-10 08:09:22,3.5,7.4,314,0.0,0.0,0,0.0,0.0,0,141800.00,0.00,0.00,181,12.81,2.52,0.00,0.2,4.998,4.998,4.998,4.998,55
2022-02-10 08:10:22,5.8,9.0,376,0.0,0.0,0,0.0,0.0,0,142176.00,0.00,0.00,185,12.81,2.57,0.00,0.2,4.998,4.998,4.998,4.998,235
2022-02-10 08:11:22,7.1,10.0,427,0.0,0.0,0,0.0,0.0,0,142603.00,0.00,0.00,181,12.81,2.51,0.00,0.2,4.998,4.998,4.998,4.998,89
2022-02-10 08:12:22,5.7,8.7,298,0.0,0.0,0,0.0,0.0,0,142901.00,0.00,0.00,188,12.81,2.61,0.00,0.2,4.998,4.998,4.998,4.998,43
2022-02-10 08:13:22,10.3,11.3,400,0.0,0.0,0,0.0,0.0,0,143301.00,0.00,0.00,164,12.81,2.29,0.00,0.2,4.998,4.998,4.998,4.998,228
2022-02-10 08:14:22,10.1,13.3,565,0.0,0.0,0,0.0,0.0,0,143866.00,0.00,0.00,129,12.81,1.79,0.00,0.7,4.998,4.998,4.998,4.998,189
2022-02-10 08:15:22,6.1,13.3,499,0.0,0.0,0,0.0,0.0,0,144365.00,0.00,0.00,215,12.81,2.98,0.00,0.2,4.998,4.998,4.998,4.998,1
2022-02-10 08:16:22,5.5,8.5,423,0.0,0.0,0,0.0,0.0,0,144788.00,0.00,0.00,187,12.81,2.60,0.00,0.2,4.998,4.998,4.998,4.998,195
2022-02-10 08:17:22,4.7,7.7,319,0.0,0.0,0,0.0,0.0,0,145107.00,0.00,0.00,185,12.81,2.57,0.00,0.2,4.998,4.998,4.998,4.998,224
2022-02-10 08:18:22,8.5,12.2,448,0.0,0.0,0,0.0,0.0,0,145555.00,0.00,0.00,162,12.81,2.26,0.00,0.2,4.998,4.998,4.998,4.998,168
2022-02-10 08:19:22,5.8,8.5,312,0.0,0.0,0,0.0,0.0,0,145867.00,0.00,0.00,187,12.81,2.59,0.00,0.2,4.998,4.998,4.998,4.998,137
2022-02-10 08:20:22,6.0,9.3,378,0.0,0.0,0,0.0,0.0,0,146245.00,0.00,0.00,183,12.81,2.54,0.00,0.7,4.998,4.998,4.998,4.998,35
2022-02-10 08:21:22,7.6,10.1,418,0.0,0.0,0,0.0,0.0,0,146663.00,0.00,0.00,193,12.85,2.69,0.00,0.2,4.998,4.998,4.998,4.998,44
2022-02-10 08:22:22,5.1,7.9,335,0.0,0.0,0,0.0,0.0,0,146998.00,0.00,0.00,207,12.81,2.87,0.00,0.7,4.998,4.998,4.998,4.998,163
2022-02-10 08:23:22,7.0,10.1,368,0.0,0.0,0,0.0,0.0,0,147366.00,0.00,0.00,169,12.85,2.35,0.00,0.2,4.998,4.998,4.998,4.998,167
2022-02-10 08:24:22,3.7,7.6,358,0.0,0.0,0,0.0,0.0,0,147724.00,0.00,0.00,197,12.81,2.73,0.00,0.2,4.998,4.998,4.998,4.998,84
2022-02-10 08:25:22,5.1,9.6,318,0.0,0.0,0,0.0,0.0,0,148042.00,0.00,0.00,177,12.81,2.46,0.00,0.2,4.998,4.998,4.998,4.998,252
2022-02-10 08:26:22,5.9,9.0,362,0.0,0.0,0,0.0,0.0,0,148404.00,0.00,0.00,178,12.85,2.48,0.00,0.2,4.998,4.998,4.998,4.998,126
2022-02-10 08:27:22,5.7,13.4,485,0.0,0.0,0,0.0,0.0,0,148889.00,0.00,0.00,169,12.85,2.34,0.00,0.2,4.998,4.998,4.998,4.998,51
2022-02-10 08:28:22,5.9,12.5,533,0.0,0.0,0,0.0,0.0,0,149422.00,0.00,0.00,160,12.85,2.22,0.00,0.7,4.998,4.998,4.998,4.998,175
2022-02-10 08:29:22,4.4,6.8,301,0.0,0.0,0,0.0,0.0,0,149723.00,0.00,0.00,158,12.85,2.20,0.00,0.2,4.998,4.998,4.998,4.998,150
2022-02-10 08:30:22,5.0,7.1,288,0.0,0.0,0,0.0,0.0,0,150011.00,0.00,0.00,161,12.85,2.24,0.00,0.2,4.998,4.998,4.998,4.998,116
2022-02-10 08:31:22,6.1,10.9,456,0.0,0.0,0,0.0,0.0,0,150467.00,0.00,0.00,167,12.85,2.32,0.00,0.2,4.998,4.998,4.998,4.998,101
2022-02-10 08:32:22,6.9,10.0,399,0.0,0.0,0,0.0,0.0,0,150866.00,0.00,0.00,166,12.89,2.30,0.00,0.7,4.998,4.998,4.998,4.998,185
2022-02-10 08:33:22,3.5,7.2,273,0.0,0.0,0,0.0,0.0,0,151139.00,0.00,0.00,164,12.85,2.28,0.00,0.2,4.998,4.998,4.998,4.998,151
2022-02-10 08:34:22,4.3,5.7,232,0.0,0.0,0,0.0,0.0,0,151371.00,0.00,0.00,183,12.85,2.55,0.00,0.2,4.998,4.998,4.998,4.998,133
2022-02-10 08:35:22,5.3,5.3,212,0.0,0.0,0,0.0,0.0,0,151583.00,0.00,0.00,168,12.85,2.34,0.00,0.2,4.998,4.998,4.998,4.998,50
2022-02-10 08:36:22,4.7,10.5,426,0.0,0.0,0,0.0,0.0,0,152009.00,0.00,0.00,172,12.85,2.40,0.00,0.7,4.998,4.998,4.998,4.998,167
2022-02-10 08:37:22,4.6,11.6,416,0.0,0.0,0,0.0,0.0,0,152425.00,0.00,0.00,196,12.85,2.73,0.00,0.2,4.998,4.998,4.998,4.998,221
2022-02-10 08:38:22,4.5,7.2,289,0.0,0.0,0,0.0,0.0,0,152714.00,0.00,0.00,198,12.85,2.75,0.00,0.7,4.998,4.998,4.998,4.998,12
2022-02-10 08:39:22,6.1,7.3,272,0.0,0.0,0,0.0,0.0,0,152986.00,0.00,0.00,196,12.85,2.72,0.00,0.7,4.998,4.998,4.998,4.998,79
2022-02-10 08:40:22,4.8,9.8,420,0.0,0.0,0,0.0,0.0,0,153406.00,0.00,0.00,187,12.85,2.60,0.00,0.7,4.998,4.998,4.998,4.998,104
2022-02-10 08:41:22,6.7,9.4,392,0.0,0.0,0,0.0,0.0,0,153798.00,0.00,0.00,208,12.85,2.90,0.00,0.7,4.998,4.998,4.998,4.998,184
2022-02-10 08:42:22,8.6,10.8,446,0.0,0.0,0,0.0,0.0,0,154244.00,0.00,0.00,187,12.89,2.59,0.00,0.7,4.998,4.998,4.998,4.998,191
2022-02-10 08:43:22,6.5,12.0,539,0.0,0.0,0,0.0,0.0,0,154783.00,0.00,0.00,167,12.89,2.32,0.00,0.7,4.998,4.998,4.998,4.998,237
2022-02-10 08:44:22,4.9,6.9,337,0.0,0.0,0,0.0,0.0,0,155120.00,0.00,0.00,163,12.92,2.27,0.00,0.2,4.998,4.998,4.998,4.998,15
2022-02-10 08:45:22,9.0,10.6,337,0.0,0.0,0,0.0,0.0,0,155457.00,0.00,0.00,197,12.96,2.74,0.00,0.7,4.998,4.998,4.998,4.998,241
2022-02-10 08:46:22,4.8,9.9,428,0.0,0.0,0,0.0,0.0,0,155885.00,0.00,0.00,200,13.04,2.78,0.00,1.2,4.998,4.998,4.998,4.998,46
2022-02-10 08:47:22,4.4,5.8,260,0.0,0.0,0,0.0,0.0,0,156145.00,0.00,0.00,145,13.08,2.01,0.00,1.2,4.998,4.998,4.998,4.998,72
2022-02-10 08:48:22,5.8,8.9,379,0.0,0.0,0,0.0,0.0,0,156524.00,0.00,0.00,114,13.12,1.59,0.00,1.2,4.998,4.998,4.998,4.998,228
2022-02-10 08:49:22,8.6,10.7,375,0.0,0.0,0,0.0,0.0,0,156899.00,0.00,0.00,157,13.12,2.19,0.00,1.2,4.998,4.998,4.998,4.998,193
2022-02-10 08:50:22,6.6,15.5,572,0.0,0.0,0,0.0,0.0,0,157471.00,0.00,0.00,191,13.16,2.66,0.00,0.7,4.998,4.998,4.998,4.998,103
2022-02-10 08:51:22,8.5,9.0,439,0.0,0.0,0,0.0,0.0,0,157910.00,0.00,0.00,176,13.24,2.45,0.00,1.2,4.998,4.998,4.998,4.998,180
2022-02-10 08:52:22,6.4,10.3,475,0.0,0.0,0,0.0,0.0,0,158385.00,0.00,0.00,185,13.28,2.57,0.00,1.2,4.998,4.998,4.998,4.998,39
2022-02-10 08:53:22,6.2,10.2,459,0.0,0.0,0,0.0,0.0,0,158844.00,0.00,0.00,151,13.35,2.10,0.00,1.2,4.998,4.998,4.998,4.998,117
2022-02-10 08:54:22,4.5,9.3,380,0.0,0.0,0,0.0,0.0,0,159224.00,0.00,0.00,196,13.43,2.72,0.00,1.2,4.998,4.998,4.998,4.998,219
2022-02-10 08:55:22,4.0,5.0,210,0.0,0.0,0,0.0,0.0,0,159434.00,0.00,0.00,190,13.47,2.65,0.00,1.2,4.998,4.998,4.998,4.998,33
2022-02-10 08:56:22,6.1,7.2,308,0.0,0.0,0,0.0,0.0,0,159742.00,0.00,0.00,150,13.51,2.08,0.00,0.7,4.998,4.998,4.998,4.998,241
2022-02-10 08:57:22,6.1,10.1,361,0.0,0.0,0,0.0,0.0,0,160103.00,0.00,0.00,168,13.63,2.33,0.00,1.2,4.998,4.998,4.998,4.998,202
2022-02-10 08:58:22,6.8,9.7,357,0.0,0.0,0,0.0,0.0,0,160460.00,0.00,0.00,177,13.67,2.47,0.00,1.2,4.998,4.998,4.998,4.998,206
2022-02-10 08:59:22,6.6,11.5,511,0.0,0.0,0,0.0,0.0,0,160971.00,0.00,0.00,177,13.67,2.47,0.00,1.2,4.998,4.998,4.998,4.998,125
2022-02-10 09:00:22,4.7,6.9,331,0.0,0.0,0,0.0,0.0,0,161302.00,0.00,0.00,189,13.74,2.62,0.00,1.2,4.998,4.998,4.998,4.998,248
2022-02-10 09:01:22,8.3,12.0,419,0.0,0.0,0,0.0,0.0,0,161721.00,0.00,0.00,199,13.82,2.77,0.00,1.2,4.998,4.998,4.998,4.998,141
2022-02-10 09:02:22,4.5,12.5,439,0.0,0.0,0,0.0,0.0,0,162160.00,0.00,0.00,193,13.86,2.69,0.00,1.2,4.998,4.998,4.998,4.998,130
2022-02-10 09:03:22,4.2,6.8,258,0.0,0.0,0,0.0,0.0,0,162418.00,0.00,0.00,188,13.78,2.61,0.00,0.7,4.998,4.998,4.998,4.998,31
2022-02-10 09:04:22,3.5,5.3,220,0.0,0.0,0,0.0,0.0,0,162638.00,0.00,0.00,172,13.78,2.40,0.00,1.2,4.998,4.998,4.998,4.998,166
2022-02-10 09:05:22,7.1,9.3,318,0.0,0.0,0,0.0,0.0,0,162956.00,0.00,0.00,197,13.78,2.73,0.00,1.2,4.998,4.998,4.998,4.998,91
2022-02-10 09:06:22,3.5,7.2,324,0.0,0.0,0,0.0,0.0,0,163280.00,0.00,0.00,163,13.74,2.27,0.00,1.2,4.998,4.998,4.998,4.998,189
2022-02-10 09:07:22,5.4,6.6,286,0.0,0.0,0,0.0,0.0,0,163566.00,0.00,0.00,179,13.74,2.49,0.00,1.2,4.998,4.998,4.998,4.998,53
2022-02-10 09:08:22,8.2,14.5,566,0.0,0.0,0,0.0,0.0,0,164132.00,0.00,0.00,147,13.71,2.05,0.00,0.7,4.998,4.998,4.998,4.998,208
2022-02-10 09:09:22,6.5,8.4,324,0.0,0.0,0,0.0,0.0,0,164456.00,0.00,0.00,191,13.71,2.66,0.00,1.2,4.998,4.998,4.998,4.998,100
2022-02-10 09:10:22,4.5,9.4,354,0.0,0.0,0,0.0,0.0,0,164810.00,0.00,0.00,175,13.71,2.44,0.00,1.2,4.998,4.998,4.998,4.998,201
2022-02-10 09:11:22,7.2,8.4,335,0.0,0.0,0,0.0,0.0,0,165145.00,0.00,0.00,156,13.67,2.17,0.00,0.7,4.998,4.998,4.998,4.998,169
2022-02-10 09:12:22,8.4,9.6,417,0.0,0.0,0,0.0,0.0,0,165562.00,0.00,0.00,155,13.71,2.15,0.00,1.2,4.998,4.998,4.998,4.998,84
2022-02-10 09:13:22,7.4,8.8,339,0.0,0.0,0,0.0,0.0,0,165901.00,0.00,0.00,200,13.71,2.78,0.00,0.7,4.998,4.998,4.998,4.998,35
2022-02-10 09:14:22,4.5,8.1,317,0.0,0.0,0,0.0,0.0,0,166218.00,0.00,0.00,183,13.71,2.55,0.00,1.2,4.998,4.998,4.998,4.998,56
2022-02-10 09:15:22,12.2,12.6,311,0.0,0.0,0,0.0,0.0,0,166529.00,0.00,0.00,163,13.67,2.26,0.00,0.7,4.998,4.998,4.998,4.998,101
2022-02-10 09:16:22,6.3,11.7,495,0.0,0.0,0,0.0,0.0,0,167024.00,0.00,0.00,129,13.71,1.79,0.00,1.2,4.998,4.998,4.998,4.998,23
2022-02-10 09:17:22,4.2,7.4,305,0.0,0.0,0,0.0,0.0,0,167329.00,0.00,0.00,161,13.74,2.24,0.00,1.2,4.998,4.998,4.998,4.998,67
2022-02-10 09:18:22,4.3,7.1,289,0.0,0.0,0,0.0,0.0,0,167618.00,0.00,0.00,159,13.86,2.21,0.00,1.2,4.998,4.998,4.998,4.998,230
2022-02-10 09:19:22,5.8,5.9,245,0.0,0.0,0,0.0,0.0,0,167863.00,0.00,0.00,212,14.37,2.95,0.00,1.7,4.998,4.998,4.998,4.998,238
2022-02-10 09:20:22,6.3,11.9,476,0.0,0.0,0,0.0,0.0,0,168339.00,0.00,0.00,185,14.25,2.57,0.00,1.7,4.998,4.998,4.998,4.998,187
2022-02-10 09:21:22,4.2,9.9,413,0.0,0.0,0,0.0,0.0,0,168752.00,0.00,0.00,184,14.33,2.56,0.00,1.7,4.998,4.998,4.998,4.998,89
2022-02-10 09:22:22,13.1,13.7,483,0.0,0.0,0,0.0,0.0,0,169235.00,0.00,0.00,201,14.60,2.79,0.00,1.7,4.998,4.998,4.998,4.998,78
2022-02-10 09:23:22,7.3,13.9,590,0.0,0.0,0,0.0,0.0,0,169825.00,0.00,0.00,199,14.60,2.76,0.00,2.7,4.998,4.998,4.998,4.998,131
2022-02-10 09:24:22,5.6,7.1,346,0.0,0.0,0,0.0,0.0,0,170171.00,0.00,0.00,180,14.60,2.50,0.00,2.7,4.998,4.998,4.998,4.998,145
2022-02-10 09:25:22,5.6,10.5,462,0.0,0.0,0,0.0,0.0,0,170633.00,0.00,0.00,180,14.57,2.49,0.00,2.2,4.998,4.998,4.998,4.998,176
2022-02-10 09:26:22,6.8,11.2,437,0.0,0.0,0,0.0,0.0,0,171070.00,0.00,0.00,181,14.60,2.51,0.00,2.7,4.998,4.998,4.998,4.998,153
2022-02-10 09:27:22,7.2,11.1,488,0.0,0.0,0,0.0,0.0,0,171558.00,0.00,0.00,197,14.60,2.73,0.00,2.7,4.998,4.998,4.998,4.998,232
2022-02-10 09:28:22,7.9,13.6,556,0.0,0.0,0,0.0,0.0,0,172114.00,0.00,0.00,187,14.60,2.60,0.00,2.7,4.998,4.998,4.998,4.998,160
2022-02-10 09:29:22,12.7,14.4,530,0.0,0.0,0,0.0,0.0,0,172644.00,0.00,0.00,192,14.60,2.67,0.00,2.7,4.998,4.998,4.998,4.998,60
2022-02-10 09:30:22,7.2,13.3,483,0.0,0.0,0,0.0,0.0,0,173127.00,0.00,0.00,124,14.57,1.73,0.00,2.7,4.998,4.998,4.998,4.998,184
2022-02-10 09:31:22,8.8,10.5,332,0.0,0.0,0,0.0,0.0,0,173459.00,0.00,0.00,197,14.57,2.73,0.00,3.2,4.998,4.998,4.998,4.998,209
2022-02-10 09:32:22,3.8,13.9,532,0.0,0.0,0,0.0,0.0,0,173991.00,0.00,0.00,197,14.60,2.74,0.00,2.7,4.998,4.998,4.998,4.998,192
2022-02-10 09:33:22,9.7,17.0,460,0.0,0.0,0,0.0,0.0,0,174451.00,0.00,0.00,175,14.60,2.43,0.00,2.7,4.998,4.998,4.998,4.998,128
2022-02-10 09:34:22,6.3,14.6,634,0.0,0.0,0,0.0,0.0,0,175085.00,0.00,0.00,192,14.57,2.67,0.00,2.7,4.998,4.998,4.998,4.998,0
2022-02-10 09:35:22,9.8,11.0,459,0.0,0.0,0,0.0,0.0,0,175544.00,0.00,0.00,211,14.60,2.93,0.00,2.7,4.998,4.998,4.998,4.998,24
2022-02-10 09:36:22,4.9,10.3,492,0.0,0.0,0,0.0,0.0,0,176036.00,0.00,0.00,152,14.60,2.11,0.00,2.7,4.998,4.998,4.998,4.998,188
2022-02-10 09:37:22,7.3,13.6,566,0.0,0.0,0,0.0,0.0,0,176602.00,0.00,0.00,184,14.60,2.56,0.00,2.7,4.998,4.998,4.998,4.998,96
2022-02-10 09:38:22,6.7,11.4,447,0.0,0.0,0,0.0,0.0,0,177049.00,0.00,0.00,196,14.60,2.72,0.00,2.7,4.998,4.998,4.998,4.998,68
2022-02-10 09:39:22,5.8,9.8,421,0.0,0.0,0,0.0,0.0,0,177470.00,0.00,0.00,179,14.53,2.49,0.00,2.2,4.998,4.998,4.998,4.998,65
2022-02-10 09:40:22,6.1,12.9,598,0.0,0.0,0,0.0,0.0,0,178068.00,0.00,0.00,143,14.45,1.99,0.00,2.2,4.998,4.998,4.998,4.998,98
2022-02-10 09:41:22,5.9,17.5,627,0.0,0.0,0,0.0,0.0,0,178695.00,0.00,0.00,199,14.49,2.77,0.00,1.7,4.998,4.998,4.998,4.998,45
2022-02-10 09:42:22,9.9,13.7,543,0.0,0.0,0,0.0,0.0,0,179238.00,0.00,0.00,190,14.45,2.65,0.00,1.7,4.998,4.998,4.998,4.998,226
2022-02-10 09:43:22,8.1,12.3,655,0.0,0.0,0,0.0,0.0,0,179893.00,0.00,0.00,168,14.60,2.33,0.00,1.7,4.998,4.998,4.998,4.998,167
2022-02-10 09:44:22,5.9,11.7,419,0.0,0.0,0,0.0,0.0,0,180312.00,0.00,0.00,166,14.57,2.31,0.00,2.2,4.998,4.998,4.998,4.998,49
2022-02-10 09:45:22,4.3,9.0,399,0.0,0.0,0,0.0,0.0,0,180711.00,0.00,0.00,181,14.57,2.51,0.00,2.2,4.998,4.998,4.998,4.998,133
2022-02-10 09:46:22,14.4,14.4,510,0.0,0.0,0,0.0,0.0,0,181221.00,0.00,0.00,181,14.57,2.52,0.00,2.7,4.998,4.998,4.998,4.998,226
2022-02-10 09:47:22,6.9,15.7,642,0.0,0.0,0,0.0,0.0,0,181863.00,0.00,0.00,172,14.60,2.39,0.00,2.2,4.998,4.998,4.998,4.998,219
2022-02-10 09:48:22,10.6,11.2,357,0.0,0.0,0,0.0,0.0,0,182220.00,0.00,0.00,189,14.60,2.63,0.00,2.7,4.998,4.998,4.998,4.998,157
2022-02-10 09:49:22,7.2,12.1,555,0.0,0.0,0,0.0,0.0,0,182775.00,0.00,0.00,180,14.57,2.50,0.00,2.7,4.998,4.998,4.998,4.998,182
2022-02-10 09:50:22,8.6,10.3,384,0.0,0.0,0,0.0,0.0,0,183159.00,0.00,0.00,193,14.60,2.68,0.00,3.2,4.998,4.998,4.998,4.998,218
2022-02-10 09:51:22,7.0,12.5,467,0.0,0.0,0,0.0,0.0,0,183626.00,0.00,0.00,215,14.60,2.99,0.00,2.7,4.998,4.998,4.998,4.998,159
2022-02-10 09:52:22,7.9,10.1,365,0.0,0.0,0,0.0,0.0,0,183991.00,0.00,0.00,201,14.60,2.80,0.00,3.2,4.998,4.998,4.998,4.998,77
2022-02-10 09:53:22,5.6,9.0,464,0.0,0.0,0,0.0,0.0,0,184455.00,0.00,0.00,190,14.64,2.65,0.00,3.2,4.998,4.998,4.998,4.998,23
2022-02-10 09:54:22,7.1,8.4,333,0.0,0.0,0,0.0,0.0,0,184788.00,0.00,0.00,212,14.60,2.94,0.00,3.2,4.998,4.998,4.998,4.998,87
2022-02-10 09:55:22,6.6,8.4,349,0.0,0.0,0,0.0,0.0,0,185137.00,0.00,0.00,175,14.64,2.43,0.00,3.7,4.998,4.998,4.998,4.998,25
2022-02-10 09:56:22,3.8,7.8,299,0.0,0.0,0,0.0,0.0,0,185436.00,0.00,0.00,164,14.60,2.28,0.00,3.2,4.998,4.998,4.998,4.998,41
2022-02-10 09:57:22,11.8,13.7,516,0.0,0.0,0,0.0,0.0,0,185952.00,0.00,0.00,190,14.60,2.64,0.00,3.2,4.998,4.998,4.998,4.998,83
2022-02-10 09:58:22,14.2,16.3,763,0.0,0.0,0,0.0,0.0,0,186715.00,0.00,0.00,189,14.57,2.62,0.00,2.7,4.998,4.998,4.998,4.998,109
2022-02-10 09:59:22,4.7,15.2,547,0.0,0.0,0,0.0,0.0,0,187262.00,0.00,0.00,196,14.64,2.72,0.00,2.7,4.998,4.998,4.998,4.998,209
2022-02-10 10:00:22,9.5,9.5,411,0.0,0.0,0,0.0,0.0,0,187673.00,0.00,0.00,210,14.60,2.92,0.00,2.7,4.998,4.998,4.998,4.998,144
2022-02-10 10:01:22,8.8,13.8,531,0.0,0.0,0,0.0,0.0,0,188204.00,0.00,0.00,154,14.64,2.14,0.00,2.7,4.998,4.998,4.998,4.998,119
2022-02-10 10:02:22,11.8,12.7,570,0.0,0.0,0,0.0,0.0,0,188774.00,0.00,0.00,163,14.64,2.27,0.00,3.2,4.998,4.998,4.998,4.998,224
2022-02-10 10:03:22,5.3,14.4,505,0.0,0.0,0,0.0,0.0,0,189279.00,0.00,0.00,206,14.57,2.86,0.00,2.7,4.998,4.998,4.998,4.998,15
2022-02-10 10:04:22,12.4,14.8,563,0.0,0.0,0,0.0,0.0,0,189842.00,0.00,0.00,207,14.60,2.88,0.00,2.7,4.998,4.998,4.998,4.998,9
2022-02-10 10:05:22,11.2,19.7,653,0.0,0.0,0,0.0,0.0,0,190495.00,0.00,0.00,171,14.57,2.38,0.00,2.2,4.998,4.998,4.998,4.998,207
2022-02-10 10:06:22,8.4,14.8,608,0.0,0.0,0,0.0,0.0,0,191103.00,0.00,0.00,151,14.60,2.10,0.00,2.7,4.998,4.998,4.998,4.998,141
2022-02-10 10:07:22,9.2,9.7,422,0.0,0.0,0,0.0,0.0,0,191525.00,0.00,0.00,205,14.60,2.85,0.00,2.2,4.998,4.998,4.998,4.998,122
2022-02-10 10:08:22,7.0,11.6,538,0.0,0.0,0,0.0,0.0,0,192063.00,0.00,0.00,213,14.60,2.96,0.00,2.7,4.998,4.998,4.998,4.998,91
2022-02-10 10:09:22,8.2,9.5,419,0.0,0.0,0,0.0,0.0,0,192482.00,0.00,0.00,166,14.60,2.31,0.00,2.7,4.998,4.998,4.998,4.998,93
2022-02-10 10:10:22,9.2,14.6,467,0.0,0.0,0,0.0,0.0,0,192949.00,0.00,0.00,189,14.60,2.63,0.00,2.2,4.998,4.998,4.998,4.998,203
2022-02-10 10:11:22,8.8,11.4,491,0.0,0.0,0,0.0,0.0,0,193440.00,0.00,0.00,179,14.57,2.49,0.00,2.2,4.998,4.998,4.998,4.998,225
2022-02-10 10:12:22,8.4,16.9,729,0.0,0.0,0,0.0,0.0,0,194169.00,0.00,0.00,144,14.60,2.00,0.00,2.7,4.998,4.998,4.998,4.998,205
2022-02-10 10:13:22,8.1,9.2,423,0.0,0.0,0,0.0,0.0,0,194592.00,0.00,0.00,153,14.60,2.13,0.00,2.2,4.998,4.998,4.998,4.998,217
2022-02-10 10:14:22,6.6,11.3,445,0.0,0.0,0,0.0,0.0,0,195037.00,0.00,0.00,202,14.60,2.80,0.00,2.7,4.998,4.998,4.998,4.998,79
2022-02-10 10:15:22,13.4,13.7,580,0.0,0.0,0,0.0,0.0,0,195617.00,0.00,0.00,131,14.60,1.82,0.00,2.2,4.998,4.998,4.998,4.998,199
2022-02-10 10:16:22,10.0,18.1,728,0.0,0.0,0,0.0,0.0,0,196345.00,0.00,0.00,168,14.60,2.33,0.00,2.7,4.998,4.998,4.998,4.998,39
2022-02-10 10:17:22,7.6,14.9,490,0.0,0.0,0,0.0,0.0,0,196835.00,0.00,0.00,176,14.60,2.45,0.00,2.7,4.998,4.998,4.998,4.998,115
2022-02-10 10:18:22,12.0,18.8,651,0.0,0.0,0,0.0,0.0,0,197486.00,0.00,0.00,214,14.60,2.97,0.00,2.2,4.998,4.998,4.998,4.998,255
2022-02-10 10:19:22,9.2,15.3,571,0.0,0.0,0,0.0,0.0,0,198057.00,0.00,0.00,163,14.64,2.26,0.00,2.2,4.998,4.998,4.998,4.998,229
2022-02-10 10:20:22,8.7,13.1,406,0.0,0.0,0,0.0,0.0,0,198463.00,0.00,0.00,186,14.60,2.58,0.00,2.7,4.998,4.998,4.998,4.998,160
2022-02-10 10:21:22,5.4,18.0,728,0.0,0.0,0,0.0,0.0,0,199191.00,0.00,0.00,178,14.60,2.48,0.00,2.2,4.998,4.998,4.998,4.998,58
2022-02-10 10:22:22,12.6,17.8,666,0.0,0.0,0,0.0,0.0,0,199857.00,0.00,0.00,193,14.57,2.68,0.00,2.2,4.998,4.998,4.998,4.998,205
2022-02-10 10:23:22,12.0,18.3,941,0.0,0.0,0,0.0,0.0,0,200798.00,0.00,0.00,188,14.60,2.61,0.00,2.7,4.998,4.998,4.998,4.998,92
2022-02-10 10:24:22,8.1,16.8,702,0.0,0.0,0,0.0,0.0,0,201500.00,0.00,0.00,149,14.60,2.07,0.00,2.2,4.998,4.998,4.998,4.998,98
2022-02-10 10:25:22,5.2,16.8,556,0.0,0.0,0,0.0,0.0,0,202056.00,0.00,0.00,187,14.57,2.59,0.00,2.7,4.998,4.998,4.998,4.998,163
2022-02-10 10:26:22,12.4,14.7,563,0.0,0.0,0,0.0,0.0,0,202619.00,0.00,0.00,177,14.57,2.46,0.00,2.7,4.998,4.998,4.998,4.998,218
2022-02-10 10:27:22,6.5,12.6,550,0.0,0.0,0,0.0,0.0,0,203169.00,0.00,0.00,211,14.57,2.93,0.00,2.7,4.998,4.998,4.998,4.998,156
2022-02-10 10:28:22,5.0,10.9,463,0.0,0.0,0,0.0,0.0,0,203632.00,0.00,0.00,172,14.60,2.39,0.00,2.7,4.998,4.998,4.998,4.998,208
2022-02-10 10:29:22,8.2,15.5,626,0.0,0.0,0,0.0,0.0,0,204258.00,0.00,0.00,150,14.60,2.08,0.00,2.2,4.998,4.998,4.998,4.998,79
2022-02-10 10:30:22,14.7,21.8,835,0.0,0.0,0,0.0,0.0,0,205093.00,0.00,0.00,152,14.64,2.11,0.00,2.7,4.998,4.998,4.998,4.998,251
2022-02-10 10:31:22,11.9,17.8,765,0.0,0.0,0,0.0,0.0,0,205858.00,0.00,0.00,181,14.60,2.51,0.00,2.7,4.998,4.998,4.998,4.998,201
2022-02-10 10:32:22,8.9,18.6,760,0.0,0.0,0,0.0,0.0,0,206618.00,0.00,0.00,193,14.60,2.68,0.00,2.7,4.998,4.998,4.998,4.998,17
2022-02-10 10:33:22,4.4,11.8,485,0.0,0.0,0,0.0,0.0,0,207103.00,0.00,0.00,175,14.64,2.43,0.00,2.7,4.998,4.998,4.998,4.998,245
2022-02-10 10:34:22,7.9,10.8,370,0.0,0.0,0,0.0,0.0,0,207473.00,0.00,0.00,198,14.60,2.75,0.00,3.2,4.998,4.998,4.998,4.998,145
2022-02-10 10:35:22,9.0,18.2,717,0.0,0.0,0,0.0,0.0,0,208190.00,0.00,0.00,196,14.60,2.72,0.00,3.2,4.998,4.998,4.998,4.998,179
2022-02-10 10:36:22,9.5,15.5,659,0.0,0.0,0,0.0,0.0,0,208849.00,0.00,0.00,219,14.60,3.04,0.00,2.7,4.998,4.998,4.998,4.998,22
2022-02-10 10:37:22,6.5,11.4,461,0.0,0.0,0,0.0,0.0,0,209310.00,0.00,0.00,218,14.60,3.03,0.00,3.2,4.998,4.998,4.998,4.998,174
2022-02-10 10:38:22,5.5,15.9,558,0.0,0.0,0,0.0,0.0,0,209868.00,0.00,0.00,180,14.60,2.50,0.00,3.2,4.998,4.998,4.998,4.998,26
2022-02-10 10:39:22,7.6,10.3,456,0.0,0.0,0,0.0,0.0,0,210324.00,0.00,0.00,177,14.64,2.46,0.00,3.7,4.998,4.998,4.998,4.998,223
2022-02-10 10:40:22,7.3,14.0,641,0.0,0.0,0,0.0,0.0,0,210965.00,0.00,0.00,171,14.60,2.37,0.00,3.2,4.998,4.998,4.998,4.998,2
2022-02-10 10:41:22,7.5,10.2,486,0.0,0.0,0,0.0,0.0,0,211451.00,0.00,0.00,215,14.64,2.98,0.00,3.7,4.998,4.998,4.998,4.998,21
2022-02-10 10:42:22,11.2,18.0,710,0.0,0.0,0,0.0,0.0,0,212161.00,0.00,0.00,214,14.64,2.98,0.00,3.7,4.998,4.998,4.998,4.998,60
2022-02-10 10:43:22,5.5,13.6,523,0.0,0.0,0,0.0,0.0,0,212684.00,0.00,0.00,196,14.60,2.72,0.00,3.2,4.998,4.998,4.998,4.998,249
2022-02-10 10:44:22,10.9,17.4,493,0.0,0.0,0,0.0,0.0,0,213177.00,0.00,0.00,231,14.60,3.21,0.00,3.2,4.998,4.998,4.998,4.998,6
2022-02-10 10:45:22,7.5,13.2,543,0.0,0.0,0,0.0,0.0,0,213720.00,0.00,0.00,205,14.64,2.85,0.00,3.2,4.998,4.998,4.998,4.998,16
2022-02-10 10:46:22,7.0,13.9,513,0.0,0.0,0,0.0,0.0,0,214233.00,0.00,0.00,156,14.60,2.17,0.00,3.7,4.998,4.998,4.998,4.998,154
2022-02-10 10:47:22,11.9,18.5,673,0.0,0.0,0,0.0,0.0,0,214906.00,0.00,0.00,159,14.64,2.22,0.00,3.7,4.998,4.998,4.998,4.998,217
2022-02-10 10:48:22,7.4,14.9,663,0.0,0.0,0,0.0,0.0,0,215569.00,0.00,0.00,212,14.60,2.94,0.00,3.7,4.998,4.998,4.998,4.998,14
2022-02-10 10:49:22,7.1,15.1,601,0.0,0.0,0,0.0,0.0,0,216170.00,0.00,0.00,183,14.60,2.55,0.00,3.7,4.998,4.998,4.998,4.998,124
2022-02-10 10:50:22,11.0,23.5,767,0.0,0.0,0,0.0,0.0,0,216937.00,0.00,0.00,178,14.60,2.47,0.00,3.7,4.998,4.998,4.998,4.998,190
2022-02-10 10:51:22,11.5,17.7,603,0.0,0.0,0,0.0,0.0,0,217540.00,0.00,0.00,182,14.64,2.53,0.00,3.7,4.998,4.998,4.998,4.998,171
2022-02-10 10:52:22,9.7,18.0,767,0.0,0.0,0,0.0,0.0,0,218307.00,0.00,0.00,177,14.60,2.46,0.00,3.7,4.998,4.998,4.998,4.998,124
2022-02-10 10:53:22,5.1,19.3,686,0.0,0.0,0,0.0,0.0,0,218993.00,0.00,0.00,177,14.57,2.47,0.00,3.7,4.998,4.998,4.998,4.998,194
2022-02-10 10:54:22,15.7,16.9,735,0.0,0.0,0,0.0,0.0,0,219728.00,0.00,0.00,190,14.60,2.64,0.00,3.7,4.998,4.998,4.998,4.998,162
2022-02-10 10:55:22,4.7,16.3,534,0.0,0.0,0,0.0,0.0,0,220262.00,0.00,0.00,209,14.60,2.91,0.00,3.7,4.998,4.998,4.998,4.998,248
2022-02-10 10:56:22,8.1,14.8,489,0.0,0.0,0,0.0,0.0,0,220751.00,0.00,0.00,201,14.60,2.79,0.00,4.1,4.998,4.998,4.998,4.998,12
2022-02-10 10:57:22,12.5,16.6,601,0.0,0.0,0,0.0,0.0,0,221352.00,0.00,0.00,172,14.60,2.39,0.00,3.7,4.998,4.998,4.998,4.998,22
2022-02-10 10:58:22,10.3,19.9,757,0.0,0.0,0,0.0,0.0,0,222109.00,0.00,0.00,212,14.68,2.94,0.00,3.7,4.998,4.998,4.998,4.998,251
2022-02-10 10:59:22,5.2,15.4,673,0.0,0.0,0,0.0,0.0,0,222782.00,0.00,0.00,166,14.60,2.31,0.00,3.7,4.998,4.998,4.998,4.998,236
2022-02-10 11:00:22,11.3,16.9,639,0.0,0.0,0,0.0,0.0,0,223421.00,0.00,0.00,197,14.60,2.74,0.00,3.7,4.998,4.998,4.998,4.998,9
2022-02-10 11:01:22,13.1,24.3,935,0.0,0.0,0,0.0,0.0,0,224356.00,0.00,0.00,193,14.64,2.68,0.00,3.7,4.998,4.998,4.998,4.998,203
2022-02-10 11:02:22,3.1,16.6,629,0.0,0.0,0,0.0,0.0,0,224985.00,0.00,0.00,170,14.64,2.36,0.00,3.7,4.998,4.998,4.998,4.998,236
2022-02-10 11:03:22,9.2,16.3,685,0.0,0.0,0,0.0,0.0,0,225670.00,0.00,0.00,169,14.60,2.34,0.00,3.7,4.998,4.998,4.998,4.998,51
2022-02-10 11:04:22,14.9,18.1,799,0.0,0.0,0,0.0,0.0,0,226469.00,0.00,0.00,230,14.60,3.19,0.00,3.7,4.998,4.998,4.998,4.998,179
2022-02-10 11:05:22,4.4,17.6,629,0.0,0.0,0,0.0,0.0,0,227098.00,0.00,0.00,214,14.64,2.97,0.00,3.7,4.998,4.998,4.998,4.998,221
2022-02-10 11:06:22,9.8,22.1,837,0.0,0.0,0,0.0,0.0,0,227935.00,0.00,0.00,192,14.60,2.67,0.00,3.2,4.998,4.998,4.998,4.998,222
2022-02-10 11:07:22,13.3,16.1,659,0.0,0.0,0,0.0,0.0,0,228594.00,0.00,0.00,206,14.60,2.87,0.00,3.7,4.998,4.998,4.998,4.998,143
2022-02-10 11:08:22,13.9,16.3,631,0.0,0.0,0,0.0,0.0,0,229225.00,0.00,0.00,187,14.60,2.60,0.00,3.7,4.998,4.998,4.998,4.998,133
2022-02-10 11:09:22,11.6,14.7,690,0.0,0.0,0,0.0,0.0,0,229915.00,0.00,0.00,171,14.60,2.38,0.00,3.7,4.998,4.998,4.998,4.998,113
2022-02-10 11:10:22,6.6,23.0,807,0.0,0.0,0,0.0,0.0,0,230722.00,0.00,0.00,193,14.60,2.69,0.00,3.7,4.998,4.998,4.998,4.998,67
2022-02-10 11:11:22,12.0,14.3,590,0.0,0.0,0,0.0,0.0,0,231312.00,0.00,0.00,228,14.60,3.16,0.00,3.7,4.998,4.998,4.998,4.998,103
2022-02-10 11:12:22,9.1,14.0,591,0.0,0.0,0,0.0,0.0,0,231903.00,0.00,0.00,191,14.60,2.66,0.00,4.1,4.998,4.998,4.998,4.998,7
2022-02-10 11:13:22,13.2,16.3,674,0.0,0.0,0,0.0,0.0,0,232577.00,0.00,0.00,182,14.60,2.53,0.00,4.1,4.998,4.998,4.998,4.998,123
2022-02-10 11:14:22,9.1,14.3,594,0.0,0.0,0,0.0,0.0,0,233171.00,0.00,0.00,171,14.68,2.38,0.00,4.1,4.998,4.998,4.998,4.998,221
2022-02-10 11:15:22,7.2,11.8,543,0.0,0.0,0,0.0,0.0,0,233714.00,0.00,0.00,216,14.64,3.01,0.00,4.1,4.998,4.998,4.998,4.998,194
2022-02-10 11:16:22,9.8,19.8,716,0.0,0.0,0,0.0,0.0,0,234430.00,0.00,0.00,220,14.60,3.06,0.00,4.1,4.998,4.998,4.998,4.998,199
2022-02-10 11:17:22,19.1,21.7,734,0.0,0.0,0,0.0,0.0,0,235164.00,0.00,0.00,201,14.60,2.79,0.00,4.1,4.998,4.998,4.998,4.998,89
2022-02-10 11:18:22,5.3,19.8,564,0.0,0.0,0,0.0,0.0,0,235728.00,0.00,0.00,166,14.64,2.30,0.00,4.1,4.998,4.998,4.998,4.998,178
2022-02-10 11:19:22,9.1,15.5,611,0.0,0.0,0,0.0,0.0,0,236339.00,0.00,0.00,201,14.64,2.79,0.00,4.1,4.998,4.998,4.998,4.998,152
2022-02-10 11:20:22,9.2,22.9,884,0.0,0.0,0,0.0,0.0,0,237223.00,0.00,0.00,197,14.60,2.74,0.00,4.1,4.998,4.998,4.998,4.998,119
2022-02-10 11:21:22,13.8,19.8,758,0.0,0.0,0,0.0,0.0,0,237981.00,0.00,0.00,210,14.17,2.91,0.00,4.1,4.998,4.998,4.998,4.998,58
2022-02-10 11:22:22,12.1,16.2,654,0.0,0.0,0,0.0,0.0,0,238635.00,0.00,0.00,229,14.17,3.18,0.00,3.7,4.998,4.998,4.998,4.998,137
2022-02-10 11:23:22,12.8,19.9,837,0.0,0.0,0,0.0,0.0,0,239472.00,0.00,0.00,170,14.17,2.37,0.00,4.1,4.998,4.998,4.998,4.998,56
2022-02-10 11:24:22,7.0,19.8,652,0.0,0.0,0,0.0,0.0,0,240124.00,0.00,0.00,202,14.21,2.81,0.00,4.1,4.998,4.998,4.998,4.998,255
2022-02-10 11:25:22,13.0,20.7,801,0.0,0.0,0,0.0,0.0,0,240925.00,0.00,0.00,202,14.17,2.80,0.00,3.7,4.998,4.998,4.998,4.998,202
2022-02-10 11:26:22,10.5,12.8,602,0.0,0.0,0,0.0,0.0,0,241527.00,0.00,0.00,229,14.21,3.18,0.00,4.1,4.998,4.998,4.998,4.998,174
2022-02-10 11:27:22,10.2,10.8,475,0.0,0.0,0,0.0,0.0,0,242002.00,0.00,0.00,230,14.17,3.20,0.00,4.1,4.998,4.998,4.998,4.998,180
2022-02-10 11:28:22,13.8,15.3,675,0.0,0.0,0,0.0,0.0,0,242677.00,0.00,0.00,195,14.14,2.71,0.00,4.1,4.998,4.998,4.998,4.998,162
2022-02-10 11:29:22,23.2,25.9,802,0.0,0.0,0,0.0,0.0,0,243479.00,0.00,0.00,201,14.17,2.79,0.00,4.1,4.998,4.998,4.998,4.998,78
2022-02-10 11:30:22,17.6,30.3,1134,0.0,0.0,0,0.0,0.0,0,244613.00,0.00,0.00,184,14.17,2.56,0.00,4.1,4.998,4.998,4.998,4.998,42
2022-02-10 11:31:22,18.6,33.4,1124,0.0,0.0,0,0.0,0.0,0,245737.00,0.00,0.00,198,14.17,2.75,0.00,4.1,4.998,4.998,4.998,4.998,48
2022-02-10 11:32:22,13.9,20.8,775,0.0,0.0,0,0.0,0.0,0,246512.00,0.00,0.00,233,14.14,3.24,0.00,4.6,4.998,4.998,4.998,4.998,183
2022-02-10 11:33:22,15.7,18.7,767,0.0,0.0,0,0.0,0.0,0,247279.00,0.00,0.00,216,14.14,3.01,0.00,4.1,4.998,4.998,4.998,4.998,127
2022-02-10 11:34:22,8.9,19.5,760,0.0,0.0,0,0.0,0.0,0,248039.00,0.00,0.00,209,14.17,2.90,0.00,4.6,4.998,4.998,4.998,4.998,221
2022-02-10 11:35:22,17.8,26.0,809,0.0,0.0,0,0.0,0.0,0,248848.00,0.00,0.00,209,14.17,2.90,0.00,4.6,4.998,4.998,4.998,4.998,215
2022-02-10 11:36:22,14.9,26.4,1069,0.0,0.0,0,0.0,0.0,0,249917.00,0.00,0.00,203,14.17,2.83,0.00,4.1,4.998,4.998,4.998,4.998,123
2022-02-10 11:37:22,9.5,23.1,908,0.0,0.0,0,0.0,0.0,0,250825.00,0.00,0.00,240,14.17,3.33,0.00,4.6,4.998,4.998,4.998,4.998,245
2022-02-10 11:38:22,19.8,23.8,859,0.0,0.0,0,0.0,0.0,0,251684.00,0.00,0.00,183,14.14,2.54,0.00,4.6,4.998,4.998,4.998,4.998,47
2022-02-10 11:39:22,21.2,26.5,920,0.0,0.0,0,0.0,0.0,0,252604.00,0.00,0.00,211,14.21,2.93,0.00,4.6,4.998,4.998,4.998,4.998,164
2022-02-10 11:40:22,17.3,22.3,971,0.0,0.0,0,0.0,0.0,0,253575.00,0.00,0.00,191,14.14,2.65,0.00,4.1,4.998,4.998,4.998,4.998,141
2022-02-10 11:41:22,14.1,21.3,886,0.0,0.0,0,0.0,0.0,0,254461.00,0.00,0.00,192,14.14,2.67,0.00,4.1,4.998,4.998,4.998,4.998,211
2022-02-10 11:42:22,9.5,27.5,920,0.0,0.0,0,0.0,0.0,0,255381.00,0.00,0.00,198,14.14,2.76,0.00,4.1,4.998,4.998,4.998,4.998,180
2022-02-10 11:43:22,21.4,24.6,884,0.0,0.0,0,0.0,0.0,0,256265.00,0.00,0.00,203,14.14,2.82,0.00,4.1,4.998,4.998,4.998,4.998,121
2022-02-10 11:44:22,12.3,25.8,1203,0.0,0.0,0,0.0,0.0,0,257468.00,0.00,0.00,204,14.14,2.84,0.00,4.1,4.998,4.998,4.998,4.998,31
2022-02-10 11:45:22,10.5,21.0,744,0.0,0.0,0,0.0,0.0,0,258212.00,0.00,0.00,224,14.17,3.11,0.00,4.1,4.998,4.998,4.998,4.998,229
2022-02-10 11:46:22,7.6,12.7,506,0.0,0.0,0,0.0,0.0,0,258718.00,0.00,0.00,182,14.17,2.52,0.00,4.1,4.998,4.998,4.998,4.998,13
2022-02-10 11:47:22,14.1,21.5,847,0.0,0.0,0,0.0,0.0,0,259565.00,0.00,0.00,179,14.17,2.49,0.00,4.1,4.998,4.998,4.998,4.998,59
2022-02-10 11:48:22,17.8,22.9,710,0.0,0.0,0,0.0,0.0,0,260275.00,0.00,0.00,196,14.14,2.72,0.00,4.1,4.998,4.998,4.998,4.998,154
2022-02-10 11:49:22,9.0,18.0,736,0.0,0.0,0,0.0,0.0,0,261011.00,0.00,0.00,190,14.14,2.65,0.00,4.1,4.998,4.998,4.998,4.998,187
2022-02-10 11:50:22,10.8,23.3,959,0.0,0.0,0,0.0,0.0,0,261970.00,0.00,0.00,212,14.14,2.94,0.00,4.1,4.998,4.998,4.998,4.998,61
2022-02-10 11:51:22,18.1,30.1,1074,0.0,0.0,0,0.0,0.0,0,263044.00,0.00,0.00,219,14.17,3.04,0.00,4.1,4.998,4.998,4.998,4.998,30
2022-02-10 11:52:22,14.5,22.5,861,0.0,0.0,0,0.0,0.0,0,263905.00,0.00,0.00,191,14.14,2.66,0.00,4.1,4.998,4.998,4.998,4.998,242
2022-02-10 11:53:22,13.0,25.6,825,0.0,0.0,0,0.0,0.0,0,264730.00,0.00,0.00,194,14.14,2.69,0.00,4.1,4.998,4.998,4.998,4.998,210
2022-02-10 11:54:22,13.1,22.6,929,0.0,0.0,0,0.0,0.0,0,265659.00,0.00,0.00,207,14.14,2.88,0.00,4.1,4.998,4.998,4.998,4.998,202
2022-02-10 11:55:22,8.4,16.3,616,0.0,0.0,0,0.0,0.0,0,266275.00,0.00,0.00,211,14.14,2.93,0.00,4.1,4.998,4.998,4.998,4.998,233
2022-02-10 11:56:22,6.9,16.8,594,0.0,0.0,0,0.0,0.0,0,266869.00,0.00,0.00,222,14.14,3.09,0.00,4.1,4.998,4.998,4.998,4.998,156
2022-02-10 11:57:22,8.6,20.7,818,0.0,0.0,0,0.0,0.0,0,267687.00,0.00,0.00,168,14.14,2.33,0.00,4.1,4.998,4.998,4.998,4.998,232
2022-02-10 11:58:22,6.0,21.3,727,0.0,0.0,0,0.0,0.0,0,268414.00,0.00,0.00,184,14.17,2.55,0.00,4.1,4.998,4.998,4.998,4.998,74
2022-02-10 11:59:22,15.0,23.1,751,0.0,0.0,0,0.0,0.0,0,269165.00,0.00,0.00,183,14.17,2.55,0.00,4.1,4.998,4.998,4.998,4.998,33
2022-02-10 12:00:22,20.7,22.6,1173,0.0,0.0,0,0.0,0.0,0,270338.00,0.00,0.00,174,14.17,2.42,0.00,4.1,4.998,4.998,4.998,4.998,209
2022-02-10 12:01:22,12.2,23.8,978,0.0,0.0,0,0.0,0.0,0,271316.00,0.00,0.00,204,14.17,2.84,0.00,4.1,4.998,4.998,4.998,4.998,218
2022-02-10 12:02:22,14.3,19.4,731,0.0,0.0,0,0.0,0.0,0,272047.00,0.00,0.00,173,14.17,2.40,0.00,4.1,4.998,4.998,4.998,4.998,163
2022-02-10 12:03:22,10.0,21.4,890,0.0,0.0,0,0.0,0.0,0,272937.00,0.00,0.00,228,14.17,3.17,0.00,4.1,4.998,4.998,4.998,4.998,240
2022-02-10 12:04:22,7.4,17.2,612,0.0,0.0,0,0.0,0.0,0,273549.00,0.00,0.00,180,14.14,2.50,0.00,4.6,4.998,4.998,4.998,4.998,93
2022-02-10 12:05:22,9.5,16.6,734,0.0,0.0,0,0.0,0.0,0,274283.00,0.00,0.00,204,14.17,2.84,0.00,4.6,4.998,4.998,4.998,4.998,108
2022-02-10 12:06:22,9.5,17.6,698,0.0,0.0,0,0.0,0.0,0,274981.00,0.00,0.00,180,14.17,2.49,0.00,4.6,4.998,4.998,4.998,4.998,173
2022-02-10 12:07:22,5.8,14.4,594,0.0,0.0,0,0.0,0.0,0,275575.00,0.00,0.00,233,14.17,3.24,0.00,4.6,4.998,4.998,4.998,4.998,234
2022-02-10 12:08:22,10.7,14.0,462,0.0,0.0,0,0.0,0.0,0,276037.00,0.00,0.00,243,14.17,3.38,0.00,4.6,4.998,4.998,4.998,4.998,243
2022-02-10 12:09:22,10.7,22.4,816,0.0,0.0,0,0.0,0.0,0,276853.00,0.00,0.00,184,14.17,2.56,0.00,4.6,4.998,4.998,4.998,4.998,193
2022-02-10 12:10:22,12.9,21.7,860,0.0,0.0,0,0.0,0.0,0,277713.00,0.00,0.00,234,14.17,3.25,0.00,4.6,4.998,4.998,4.998,4.998,9
2022-02-10 12:11:22,17.3,27.8,819,0.0,0.0,0,0.0,0.0,0,278532.00,0.00,0.00,215,14.17,2.99,0.00,4.6,4.998,4.998,4.998,4.998,25
2022-02-10 12:12:22,10.3,23.7,1026,0.0,0.0,0,0.0,0.0,0,279558.00,0.00,0.00,211,14.17,2.93,0.00,4.6,4.998,4.998,4.998,4.998,31
2022-02-10 12:13:22,6.0,16.7,764,0.0,0.0,0,0.0,0.0,0,280322.00,0.00,0.00,194,14.14,2.70,0.00,4.6,4.998,4.998,4.998,4.998,23
2022-02-10 12:14:22,5.6,10.9,484,0.0,0.0,0,0.0,0.0,0,280806.00,0.00,0.00,216,14.17,3.00,0.00,5.1,4.998,4.998,4.998,4.998,43
2022-02-10 12:15:22,11.4,19.0,762,0.0,0.0,0,0.0,0.0,0,281568.00,0.00,0.00,214,14.17,2.97,0.00,5.1,4.998,4.998,4.998,4.998,167
2022-02-10 12:16:22,8.7,18.5,798,0.0,0.0,0,0.0,0.0,0,282366.00,0.00,0.00,207,14.14,2.88,0.00,5.1,4.998,4.998,4.998,4.998,85
2022-02-10 12:17:22,16.5,25.6,870,0.0,0.0,0,0.0,0.0,0,283236.00,0.00,0.00,168,14.21,2.33,0.00,5.1,4.998,4.998,4.998,4.998,49
2022-02-10 12:18:22,15.9,27.6,929,0.0,0.0,0,0.0,0.0,0,284165.00,0.00,0.00,182,14.21,2.53,0.00,5.1,4.998,4.998,4.998,4.998,67
2022-02-10 12:19:22,11.2,18.9,925,0.0,0.0,0,0.0,0.0,0,285090.00,0.00,0.00,188,14.17,2.61,0.00,5.1,4.998,4.998,4.998,4.998,168
2022-02-10 12:20:22,17.3,21.7,820,0.0,0.0,0,0.0,0.0,0,285910.00,0.00,0.00,174,14.17,2.42,0.00,4.6,4.998,4.998,4.998,4.998,126
2022-02-10 12:21:22,8.8,18.8,859,0.0,0.0,0,0.0,0.0,0,286769.00,0.00,0.00,175,14.17,2.43,0.00,4.6,4.998,4.998,4.998,4.998,6
2022-02-10 12:22:22,13.3,20.2,821,0.0,0.0,0,0.0,0.0,0,287590.00,0.00,0.00,188,14.14,2.62,0.00,4.6,4.998,4.998,4.998,4.998,55
2022-02-10 12:23:22,5.6,15.7,734,0.0,0.0,0,0.0,0.0,0,288324.00,0.00,0.00,176,14.21,2.45,0.00,4.6,4.998,4.998,4.998,4.998,97
2022-02-10 12:24:22,6.8,13.7,512,0.0,0.0,0,0.0,0.0,0,288836.00,0.00,0.00,231,14.17,3.21,0.00,4.6,4.998,4.998,4.998,4.998,83
2022-02-10 12:25:22,14.5,15.3,660,0.0,0.0,0,0.0,0.0,0,289496.00,0.00,0.00,200,14.17,2.78,0.00,4.6,4.998,4.998,4.998,4.998,160
2022-02-10 12:26:22,13.4,18.9,753,0.0,0.0,0,0.0,0.0,0,290249.00,0.00,0.00,208,14.17,2.90,0.00,4.6,4.998,4.998,4.998,4.998,52
2022-02-10 12:27:22,19.1,24.0,1044,0.0,0.0,0,0.0,0.0,0,291293.00,0.00,0.00,216,14.17,3.01,0.00,4.6,4.998,4.998,4.998,4.998,60
2022-02-10 12:28:22,13.1,21.5,822,0.0,0.0,0,0.0,0.0,0,292115.00,0.00,0.00,202,14.17,2.81,0.00,4.6,4.998,4.998,4.998,4.998,62
2022-02-10 12:29:22,13.4,15.9,582,0.0,0.0,0,0.0,0.0,0,292697.00,0.00,0.00,204,14.14,2.83,0.00,4.6,4.998,4.998,4.998,4.998,228
2022-02-10 12:30:22,15.3,21.6,720,0.0,0.0,0,0.0,0.0,0,293417.00,0.00,0.00,191,14.17,2.66,0.00,4.6,4.998,4.998,4.998,4.998,2
2022-02-10 12:31:22,22.0,22.4,892,0.0,0.0,0,0.0,0.0,0,294309.00,0.00,0.00,196,14.17,2.72,0.00,5.1,4.998,4.998,4.998,4.998,50
2022-02-10 12:32:22,11.6,22.2,780,0.0,0.0,0,0.0,0.0,0,295089.00,0.00,0.00,202,14.17,2.80,0.00,5.1,4.998,4.998,4.998,4.998,70
2022-02-10 12:33:22,11.7,17.5,583,0.0,0.0,0,0.0,0.0,0,295672.00,0.00,0.00,162,14.17,2.25,0.00,4.6,4.998,4.998,4.998,4.998,23
2022-02-10 12:34:22,11.9,16.8,642,0.0,0.0,0,0.0,0.0,0,296314.00,0.00,0.00,232,14.14,3.22,0.00,4.6,4.998,4.998,4.998,4.998,122
2022-02-10 12:35:22,6.8,12.9,515,0.0,0.0,0,0.0,0.0,0,296829.00,0.00,0.00,169,14.14,2.34,0.00,4.6,4.998,4.998,4.998,4.998,134
2022-02-10 12:36:22,9.2,10.5,498,0.0,0.0,0,0.0,0.0,0,297327.00,0.00,0.00,187,14.17,2.60,0.00,4.6,4.998,4.998,4.998,4.998,179
2022-02-10 12:37:22,12.4,14.5,479,0.0,0.0,0,0.0,0.0,0,297806.00,0.00,0.00,195,14.14,2.70,0.00,4.6,4.998,4.998,4.998,4.998,8
2022-02-10 12:38:22,4.9,13.4,543,0.0,0.0,0,0.0,0.0,0,298349.00,0.00,0.00,168,14.14,2.33,0.00,5.1,4.998,4.998,4.998,4.998,105
2022-02-10 12:39:22,8.8,14.2,543,0.0,0.0,0,0.0,0.0,0,298892.00,0.00,0.00,198,14.14,2.75,0.00,5.1,4.998,4.998,4.998,4.998,32
2022-02-10 12:40:22,12.9,15.6,575,0.0,0.0,0,0.0,0.0,0,299467.00,0.00,0.00,197,14.14,2.73,0.00,5.1,4.998,4.998,4.998,4.998,241
2022-02-10 12:41:22,9.9,15.5,626,0.0,0.0,0,0.0,0.0,0,300093.00,0.00,0.00,213,14.14,2.96,0.00,4.6,4.998,4.998,4.998,4.998,99
2022-02-10 12:42:22,17.4,23.5,572,0.0,0.0,0,0.0,0.0,0,300665.00,0.00,0.00,193,14.14,2.68,0.00,5.1,4.998,4.998,4.998,4.998,141
2022-02-10 12:43:22,10.5,19.6,818,0.0,0.0,0,0.0,0.0,0,301483.00,0.00,0.00,191,14.14,2.66,0.00,5.1,4.998,4.998,4.998,4.998,173
2022-02-10 12:44:22,5.9,12.2,446,0.0,0.0,0,0.0,0.0,0,301929.00,0.00,0.00,180,14.17,2.50,0.00,4.6,4.998,4.998,4.998,4.998,1
2022-02-10 12:45:22,7.6,12.6,472,0.0,0.0,0,0.0,0.0,0,302401.00,0.00,0.00,178,14.14,2.47,0.00,5.1,4.998,4.998,4.998,4.998,62
2022-02-10 12:46:22,11.6,21.9,886,0.0,0.0,0,0.0,0.0,0,303287.00,0.00,0.00,204,14.17,2.84,0.00,5.1,4.998,4.998,4.998,4.998,33
2022-02-10 12:47:22,11.6,12.9,507,0.0,0.0,0,0.0,0.0,0,303794.00,0.00,0.00,182,14.17,2.52,0.00,5.1,4.998,4.998,4.998,4.998,13
2022-02-10 12:48:22,9.9,17.8,811,0.0,0.0,0,0.0,0.0,0,304605.00,0.00,0.00,176,14.17,2.44,0.00,5.1,4.998,4.998,4.998,4.998,182
2022-02-10 12:49:22,7.7,11.8,467,0.0,0.0,0,0.0,0.0,0,305072.00,0.00,0.00,209,14.17,2.91,0.00,5.1,4.998,4.998,4.998,4.998,33
2022-02-10 12:50:22,9.9,14.7,609,0.0,0.0,0,0.0,0.0,0,305681.00,0.00,0.00,180,14.14,2.50,0.00,5.1,4.998,4.998,4.998,4.998,91
2022-02-10 12:51:22,7.7,11.4,532,0.0,0.0,0,0.0,0.0,0,306213.00,0.00,0.00,219,14.17,3.04,0.00,5.1,4.998,4.998,4.998,4.998,196
2022-02-10 12:52:22,8.8,13.7,675,0.0,0.0,0,0.0,0.0,0,306888.00,0.00,0.00,198,14.14,2.76,0.00,5.1,4.998,4.998,4.998,4.998,63
2022-02-10 12:53:22,11.3,16.1,677,0.0,0.0,0,0.0,0.0,0,307565.00,0.00,0.00,240,14.14,3.34,0.00,5.1,4.998,4.998,4.998,4.998,143
2022-02-10 12:54:22,8.9,20.5,639,0.0,0.0,0,0.0,0.0,0,308204.00,0.00,0.00,233,14.17,3.24,0.00,5.1,4.998,4.998,4.998,4.998,71
2022-02-10 12:55:22,5.6,9.9,406,0.0,0.0,0,0.0,0.0,0,308610.00,0.00,0.00,205,14.17,2.85,0.00,5.1,4.998,4.998,4.998,4.998,73
2022-02-10 12:56:22,10.4,18.9,590,0.0,0.0,0,0.0,0.0,0,309200.00,0.00,0.00,207,14.17,2.88,0.00,5.1,4.998,4.998,4.998,4.998,140
2022-02-10 12:57:22,15.5,18.9,681,0.0,0.0,0,0.0,0.0,0,309881.00,0.00,0.00,211,14.21,2.93,0.00,5.1,4.998,4.998,4.998,4.998,68
2022-02-10 12:58:22,13.4,21.3,755,0.0,0.0,0,0.0,0.0,0,310636.00,0.00,0.00,200,14.14,2.77,0.00,5.6,4.998,4.998,4.998,4.998,93
2022-02-10 12:59:22,12.7,22.7,951,0.0,0.0,0,0.0,0.0,0,311587.00,0.00,0.00,212,14.17,2.94,0.00,5.1,4.998,4.998,4.998,4.998,22
2022-02-10 13:00:22,10.1,17.6,747,0.0,0.0,0,0.0,0.0,0,312334.00,0.00,0.00,198,14.17,2.75,0.00,5.1,4.998,4.998,4.998,4.998,159
2022-02-10 13:01:22,11.3,19.3,902,0.0,0.0,0,0.0,0.0,0,313236.00,0.00,0.00,209,14.17,2.91,0.00,5.6,4.998,4.998,4.998,4.998,213
2022-02-10 13:02:22,9.2,17.2,702,0.0,0.0,0,0.0,0.0,0,313938.00,0.00,0.00,182,14.14,2.53,0.00,5.6,4.998,4.998,4.998,4.998,48
2022-02-10 13:03:22,10.8,17.9,727,0.0,0.0,0,0.0,0.0,0,314665.00,0.00,0.00,222,14.14,3.08,0.00,5.6,4.998,4.998,4.998,4.998,197
2022-02-10 13:04:22,11.2,19.7,799,0.0,0.0,0,0.0,0.0,0,315464.00,0.00,0.00,173,14.17,2.40,0.00,5.6,4.998,4.998,4.998,4.998,19
2022-02-10 13:05:22,14.0,18.0,733,0.0,0.0,0,0.0,0.0,0,316197.00,0.00,0.00,198,14.17,2.75,0.00,5.1,4.998,4.998,4.998,4.998,195
2022-02-10 13:06:22,6.6,18.0,577,0.0,0.0,0,0.0,0.0,0,316774.00,0.00,0.00,211,14.14,2.93,0.00,5.6,4.998,4.998,4.998,4.998,26
2022-02-10 13:07:22,14.3,16.1,656,0.0,0.0,0,0.0,0.0,0,317430.00,0.00,0.00,197,14.14,2.73,0.00,5.6,4.998,4.998,4.998,4.998,7
2022-02-10 13:08:22,13.0,18.0,777,0.0,0.0,0,0.0,0.0,0,318207.00,0.00,0.00,185,14.14,2.57,0.00,5.6,4.998,4.998,4.998,4.998,166
2022-02-10 13:09:22,7.0,22.9,739,0.0,0.0,0,0.0,0.0,0,318946.00,0.00,0.00,181,14.14,2.51,0.00,5.6,4.998,4.998,4.998,4.998,176
2022-02-10 13:10:22,9.0,15.3,609,0.0,0.0,0,0.0,0.0,0,319555.00,0.00,0.00,171,14.17,2.38,0.00,5.6,4.998,4.998,4.998,4.998,47
2022-02-10 13:11:22,11.7,17.3,588,0.0,0.0,0,0.0,0.0,0,320143.00,0.00,0.00,186,14.17,2.59,0.00,5.6,4.998,4.998,4.998,4.998,142
2022-02-10 13:12:22,15.7,29.6,1116,0.0,0.0,0,0.0,0.0,0,321259.00,0.00,0.00,197,14.17,2.73,0.00,5.6,4.998,4.998,4.998,4.998,111
2022-02-10 13:13:22,8.8,23.8,827,0.0,0.0,0,0.0,0.0,0,322086.00,0.00,0.00,161,14.14,2.23,0.00,5.6,4.998,4.998,4.998,4.998,238
2022-02-10 13:14:22,10.6,16.0,693,0.0,0.0,0,0.0,0.0,0,322779.00,0.00,0.00,185,14.14,2.57,0.00,5.6,4.998,4.998,4.998,4.998,19
2022-02-10 13:15:22,9.7,15.5,657,0.0,0.0,0,0.0,0.0,0,323436.00,0.00,0.00,192,14.17,2.67,0.00,5.6,4.998,4.998,4.998,4.998,64
2022-02-10 13:16:22,12.5,19.1,785,0.0,0.0,0,0.0,0.0,0,324221.00,0.00,0.00,212,14.14,2.95,0.00,5.6,4.998,4.998,4.998,4.998,188
2022-02-10 13:17:22,7.1,12.9,531,0.0,0.0,0,0.0,0.0,0,324752.00,0.00,0.00,204,14.17,2.84,0.00,5.6,4.998,4.998,4.998,4.998,52
2022-02-10 13:18:22,11.3,19.1,740,0.0,0.0,0,0.0,0.0,0,325492.00,0.00,0.00,192,14.17,2.67,0.00,5.6,4.998,4.998,4.998,4.998,198
2022-02-10 13:19:22,8.2,12.7,644,0.0,0.0,0,0.0,0.0,0,326136.00,0.00,0.00,189,14.17,2.63,0.00,5.6,4.998,4.998,4.998,4.998,132
2022-02-10 13:20:22,4.2,10.1,422,0.0,0.0,0,0.0,0.0,0,326558.00,0.00,0.00,170,14.17,2.36,0.00,5.6,4.998,4.998,4.998,4.998,129
2022-02-10 13:21:22,8.5,12.4,459,0.0,0.0,0,0.0,0.0,0,327017.00,0.00,0.00,168,14.17,2.33,0.00,5.6,4.998,4.998,4.998,4.998,22
2022-02-10 13:22:22,8.2,15.0,531,0.0,0.0,0,0.0,0.0,0,327548.00,0.00,0.00,168,14.17,2.33,0.00,5.6,4.998,4.998,4.998,4.998,165
2022-02-10 13:23:22,12.1,20.3,931,0.0,0.0,0,0.0,0.0,0,328479.00,0.00,0.00,207,14.17,2.87,0.00,5.6,4.998,4.998,4.998,4.998,159
2022-02-10 13:24:22,15.2,20.4,880,0.0,0.0,0,0.0,0.0,0,329359.00,0.00,0.00,180,14.14,2.50,0.00,6.1,4.998,4.998,4.998,4.998,252
2022-02-10 13:25:22,16.6,30.4,940,0.0,0.0,0,0.0,0.0,0,330299.00,0.00,0.00,190,14.17,2.64,0.00,5.6,4.998,4.998,4.998,4.998,31
2022-02-10 13:26:22,10.5,26.2,912,0.0,0.0,0,0.0,0.0,0,331211.00,0.00,0.00,196,14.17,2.72,0.00,5.6,4.998,4.998,4.998,4.998,97
2022-02-10 13:27:22,10.7,20.6,869,0.0,0.0,0,0.0,0.0,0,332080.00,0.00,0.00,191,14.14,2.66,0.00,6.1,4.998,4.998,4.998,4.998,148
2022-02-10 13:28:22,12.1,18.1,661,0.0,0.0,0,0.0,0.0,0,332741.00,0.00,0.00,171,14.17,2.38,0.00,5.6,4.998,4.998,4.998,4.998,176
2022-02-10 13:29:22,10.2,13.7,630,0.0,0.0,0,0.0,0.0,0,333371.00,0.00,0.00,203,14.14,2.83,0.00,6.1,4.998,4.998,4.998,4.998,45
2022-02-10 13:30:22,12.2,21.1,811,0.0,0.0,0,0.0,0.0,0,334182.00,0.00,0.00,176,14.14,2.45,0.00,5.6,4.998,4.998,4.998,4.998,149
2022-02-10 13:31:22,10.3,12.8,627,0.0,0.0,0,0.0,0.0,0,334809.00,0.00,0.00,196,14.17,2.73,0.00,6.1,4.998,4.998,4.998,4.998,198
2022-02-10 13:32:22,22.2,26.9,1010,0.0,0.0,0,0.0,0.0,0,335819.00,0.00,0.00,183,14.17,2.55,0.00,6.1,4.998,4.998,4.998,4.998,147
2022-02-10 13:33:22,20.9,25.2,890,0.0,0.0,0,0.0,0.0,0,336709.00,0.00,0.00,177,14.17,2.46,0.00,6.1,4.998,4.998,4.998,4.998,99
2022-02-10 13:34:22,13.2,22.4,917,0.0,0.0,0,0.0,0.0,0,337626.00,0.00,0.00,196,14.17,2.72,0.00,5.6,4.998,4.998,4.998,4.998,79
2022-02-10 13:35:22,5.5,17.1,655,0.0,0.0,0,0.0,0.0,0,338281.00,0.00,0.00,182,14.14,2.52,0.00,5.6,4.998,4.998,4.998,4.998,44
2022-02-10 13:36:22,5.8,8.0,359,0.0,0.0,0,0.0,0.0,0,338640.00,0.00,0.00,140,14.14,1.95,0.00,5.6,4.998,4.998,4.998,4.998,225
2022-02-10 13:37:22,7.0,7.5,308,0.0,0.0,0,0.0,0.0,0,338948.00,0.00,0.00,196,14.14,2.73,0.00,5.6,4.998,4.998,4.998,4.998,127
2022-02-10 13:38:22,12.9,27.0,739,0.0,0.0,0,0.0,0.0,0,339687.00,0.00,0.00,214,14.17,2.97,0.00,6.1,4.998,4.998,4.998,4.998,218
2022-02-10 13:39:22,8.4,14.6,610,0.0,0.0,0,0.0,0.0,0,340297.00,0.00,0.00,177,14.17,2.47,0.00,6.1,4.998,4.998,4.998,4.998,126
2022-02-10 13:40:22,15.0,16.1,707,0.0,0.0,0,0.0,0.0,0,341004.00,0.00,0.00,197,14.14,2.74,0.00,6.1,4.998,4.998,4.998,4.998,136
2022-02-10 13:41:22,9.9,16.1,664,0.0,0.0,0,0.0,0.0,0,341668.00,0.00,0.00,180,14.17,2.49,0.00,6.1,4.998,4.998,4.998,4.998,108
2022-02-10 13:42:22,6.4,11.9,447,0.0,0.0,0,0.0,0.0,0,342115.00,0.00,0.00,226,14.14,3.14,0.00,6.1,4.998,4.998,4.998,4.998,120
2022-02-10 13:43:22,7.8,12.8,474,0.0,0.0,0,0.0,0.0,0,342589.00,0.00,0.00,196,14.14,2.72,0.00,6.1,4.998,4.998,4.998,4.998,0
2022-02-10 13:44:22,7.4,14.4,543,0.0,0.0,0,0.0,0.0,0,343132.00,0.00,0.00,195,14.17,2.71,0.00,6.1,4.998,4.998,4.998,4.998,253
2022-02-10 13:45:22,10.4,21.1,543,0.0,0.0,0,0.0,0.0,0,343675.00,0.00,0.00,214,14.14,2.98,0.00,6.1,4.998,4.998,4.998,4.998,197
2022-02-10 13:46:22,15.7,19.9,822,0.0,0.0,0,0.0,0.0,0,344497.00,0.00,0.00,194,14.14,2.69,0.00,6.1,4.998,4.998,4.998,4.998,150
2022-02-10 13:47:22,17.4,18.6,817,0.0,0.0,0,0.0,0.0,0,345314.00,0.00,0.00,189,14.14,2.62,0.00,6.1,4.998,4.998,4.998,4.998,185
2022-02-10 13:48:22,6.6,19.7,551,0.0,0.0,0,0.0,0.0,0,345865.00,0.00,0.00,184,14.14,2.56,0.00,6.1,4.998,4.998,4.998,4.998,109
2022-02-10 13:49:22,5.6,6.8,290,0.0,0.0,0,0.0,0.0,0,346155.00,0.00,0.00,224,14.17,3.11,0.00,6.1,4.998,4.998,4.998,4.998,175
2022-02-10 13:50:22,7.9,8.6,352,0.0,0.0,0,0.0,0.0,0,346507.00,0.00,0.00,197,14.17,2.74,0.00,6.1,4.998,4.998,4.998,4.998,78
2022-02-10 13:51:22,7.7,10.9,421,0.0,0.0,0,0.0,0.0,0,346928.00,0.00,0.00,189,14.17,2.63,0.00,6.1,4.998,4.998,4.998,4.998,218
2022-02-10 13:52:22,4.0,10.2,330,0.0,0.0,0,0.0,0.0,0,347258.00,0.00,0.00,232,14.17,3.22,0.00,6.1,4.998,4.998,4.998,4.998,187
2022-02-10 13:53:22,9.0,10.7,419,0.0,0.0,0,0.0,0.0,0,347677.00,0.00,0.00,179,14.14,2.49,0.00,6.1,4.998,4.998,4.998,4.998,139
2022-02-10 13:54:22,4.7,10.7,384,0.0,0.0,0,0.0,0.0,0,348061.00,0.00,0.00,198,14.14,2.76,0.00,6.6,4.998,4.998,4.998,4.998,145
2022-02-10 13:55:22,7.3,13.8,476,0.0,0.0,0,0.0,0.0,0,348537.00,0.00,0.00,210,14.14,2.92,0.00,6.6,4.998,4.998,4.998,4.998,82
2022-02-10 13:56:22,13.8,14.8,667,0.0,0.0,0,0.0,0.0,0,349204.00,0.00,0.00,169,14.17,2.34,0.00,6.1,4.998,4.998,4.998,4.998,48
2022-02-10 13:57:22,7.5,17.1,680,0.0,0.0,0,0.0,0.0,0,349884.00,0.00,0.00,215,14.14,2.99,0.00,6.6,4.998,4.998,4.998,4.998,141
2022-02-10 13:58:22,7.1,17.4,592,0.0,0.0,0,0.0,0.0,0,350476.00,0.00,0.00,205,14.14,2.85,0.00,6.6,4.998,4.998,4.998,4.998,73
2022-02-10 13:59:22,8.2,13.8,478,0.0,0.0,0,0.0,0.0,0,350954.00,0.00,0.00,204,14.17,2.84,0.00,6.6,4.998,4.998,4.998,4.998,169
2022-02-10 14:00:22,16.1,16.9,578,0.0,0.0,0,0.0,0.0,0,351532.00,0.00,0.00,202,14.14,2.80,0.00,6.6,4.998,4.998,4.998,4.998,42
2022-02-10 14:01:22,7.1,18.8,706,0.0,0.0,0,0.0,0.0,0,352238.00,0.00,0.00,189,14.14,2.63,0.00,6.1,4.998,4.998,4.998,4.998,228
2022-02-10 14:02:22,6.7,16.5,580,0.0,0.0,0,0.0,0.0,0,352818.00,0.00,0.00,149,14.14,2.07,0.00,6.6,4.998,4.998,4.998,4.998,190
2022-02-10 14:03:22,10.3,10.3,425,0.0,0.0,0,0.0,0.0,0,353243.00,0.00,0.00,166,14.17,2.30,0.00,6.1,4.998,4.998,4.998,4.998,62
2022-02-10 14:04:22,8.3,13.5,542,0.0,0.0,0,0.0,0.0,0,353785.00,0.00,0.00,198,14.17,2.75,0.00,6.6,4.998,4.998,4.998,4.998,41
2022-02-10 14:05:22,5.1,8.5,391,0.0,0.0,0,0.0,0.0,0,354176.00,0.00,0.00,227,14.14,3.15,0.00,6.1,4.998,4.998,4.998,4.998,185
2022-02-10 14:06:22,6.4,8.3,277,0.0,0.0,0,0.0,0.0,0,354453.00,0.00,0.00,209,14.14,2.91,0.00,6.6,4.998,4.998,4.998,4.998,141
2022-02-10 14:07:22,7.2,11.0,483,0.0,0.0,0,0.0,0.0,0,354936.00,0.00,0.00,176,14.14,2.45,0.00,6.6,4.998,4.998,4.998,4.998,96
2022-02-10 14:08:22,4.2,11.2,459,0.0,0.0,0,0.0,0.0,0,355395.00,0.00,0.00,191,14.14,2.65,0.00,6.6,4.998,4.998,4.998,4.998,20
2022-02-10 14:09:22,7.4,13.6,587,0.0,0.0,0,0.0,0.0,0,355982.00,0.00,0.00,182,14.14,2.53,0.00,6.6,4.998,4.998,4.998,4.998,171
2022-02-10 14:10:22,5.6,8.7,380,0.0,0.0,0,0.0,0.0,0,356362.00,0.00,0.00,210,14.17,2.92,0.00,6.6,4.998,4.998,4.998,4.998,224
2022-02-10 14:11:22,7.2,11.1,421,0.0,0.0,0,0.0,0.0,0,356783.00,0.00,0.00,187,14.14,2.59,0.00,7.1,4.998,4.998,4.998,4.998,195
2022-02-10 14:12:22,6.1,16.6,576,0.0,0.0,0,0.0,0.0,0,357359.00,0.00,0.00,231,14.14,3.21,0.00,6.1,4.998,4.998,4.998,4.998,8
2022-02-10 14:13:22,13.9,14.7,523,0.0,0.0,0,0.0,0.0,0,357882.00,0.00,0.00,187,14.14,2.60,0.00,6.6,4.998,4.998,4.998,4.998,18
2022-02-10 14:14:22,16.9,21.3,601,0.0,0.0,0,0.0,0.0,0,358483.00,0.00,0.00,198,14.17,2.75,0.00,6.6,4.998,4.998,4.998,4.998,50
2022-02-10 14:15:22,7.8,16.7,647,0.0,0.0,0,0.0,0.0,0,359130.00,0.00,0.00,221,14.10,3.07,0.00,6.6,4.998,4.998,4.998,4.998,223
2022-02-10 14:16:22,13.0,14.7,635,0.0,0.0,0,0.0,0.0,0,359765.00,0.00,0.00,157,14.10,2.19,0.00,6.6,4.998,4.998,4.998,4.998,161
2022-02-10 14:17:22,9.4,19.6,718,0.0,0.0,0,0.0,0.0,0,360483.00,0.00,0.00,187,14.14,2.60,0.00,6.1,4.998,4.998,4.998,4.998,53
2022-02-10 14:18:22,10.3,18.4,637,0.0,0.0,0,0.0,0.0,0,361120.00,0.00,0.00,183,14.14,2.54,0.00,6.6,4.998,4.998,4.998,4.998,180
2022-02-10 14:19:22,9.1,14.1,622,0.0,0.0,0,0.0,0.0,0,361742.00,0.00,0.00,222,14.14,3.09,0.00,6.6,4.998,4.998,4.998,4.998,160
2022-02-10 14:20:22,9.9,17.6,628,0.0,0.0,0,0.0,0.0,0,362370.00,0.00,0.00,178,14.10,2.48,0.00,6.6,4.998,4.998,4.998,4.998,170
2022-02-10 14:21:22,6.4,14.9,688,0.0,0.0,0,0.0,0.0,0,363058.00,0.00,0.00,206,14.14,2.87,0.00,6.6,4.998,4.998,4.998,4.998,90
2022-02-10 14:22:22,6.6,11.0,432,0.0,0.0,0,0.0,0.0,0,363490.00,0.00,0.00,224,14.14,3.12,0.00,7.1,4.998,4.998,4.998,4.998,207
2022-02-10 14:23:22,16.2,25.4,747,0.0,0.0,0,0.0,0.0,0,364237.00,0.00,0.00,203,14.14,2.83,0.00,6.6,4.998,4.998,4.998,4.998,154
2022-02-10 14:24:22,13.8,21.0,684,0.0,0.0,0,0.0,0.0,0,364921.00,0.00,0.00,158,14.14,2.20,0.00,7.1,4.998,4.998,4.998,4.998,73
2022-02-10 14:25:22,13.1,15.7,661,0.0,0.0,0,0.0,0.0,0,365582.00,0.00,0.00,241,14.14,3.35,0.00,6.6,4.998,4.998,4.998,4.998,227
2022-02-10 14:26:22,11.9,17.7,561,0.0,0.0,0,0.0,0.0,0,366143.00,0.00,0.00,230,14.10,3.19,0.00,6.6,4.998,4.998,4.998,4.998,144
2022-02-10 14:27:22,9.8,18.6,769,0.0,0.0,0,0.0,0.0,0,366912.00,0.00,0.00,174,14.14,2.41,0.00,6.6,4.998,4.998,4.998,4.998,108
2022-02-10 14:28:22,10.9,19.3,725,0.0,0.0,0,0.0,0.0,0,367637.00,0.00,0.00,241,14.14,3.35,0.00,6.6,4.998,4.998,4.998,4.998,213
2022-02-10 14:29:22,6.6,10.8,487,0.0,0.0,0,0.0,0.0,0,368124.00,0.00,0.00,198,14.14,2.76,0.00,7.1,4.998,4.998,4.998,4.998,156
2022-02-10 14:30:22,9.4,13.7,575,0.0,0.0,0,0.0,0.0,0,368699.00,0.00,0.00,189,14.17,2.63,0.00,7.1,4.998,4.998,4.998,4.998,40
2022-02-10 14:31:22,7.5,14.3,510,0.0,0.0,0,0.0,0.0,0,369209.00,0.00,0.00,182,14.10,2.52,0.00,7.1,4.998,4.998,4.998,4.998,166
2022-02-10 14:32:22,7.9,12.7,448,0.0,0.0,0,0.0,0.0,0,369657.00,0.00,0.00,212,14.14,2.95,0.00,7.1,4.998,4.998,4.998,4.998,98
2022-02-10 14:33:22,10.2,13.2,608,0.0,0.0,0,0.0,0.0,0,370265.00,0.00,0.00,201,14.10,2.79,0.00,7.1,4.998,4.998,4.998,4.998,23
2022-02-10 14:34:22,8.4,11.7,531,0.0,0.0,0,0.0,0.0,0,370796.00,0.00,0.00,209,14.14,2.91,0.00,7.1,4.998,4.998,4.998,4.998,225
2022-02-10 14:35:22,11.1,11.1,441,0.0,0.0,0,0.0,0.0,0,371237.00,0.00,0.00,219,14.10,3.04,0.00,7.1,4.998,4.998,4.998,4.998,236
2022-02-10 14:36:22,11.6,22.4,744,0.0,0.0,0,0.0,0.0,0,371981.00,0.00,0.00,198,14.14,2.75,0.00,7.1,4.998,4.998,4.998,4.998,184
2022-02-10 14:37:22,12.3,14.1,528,0.0,0.0,0,0.0,0.0,0,372509.00,0.00,0.00,189,14.10,2.62,0.00,7.1,4.998,4.998,4.998,4.998,168
2022-02-10 14:38:22,7.2,16.1,655,0.0,0.0,0,0.0,0.0,0,373164.00,0.00,0.00,192,14.14,2.67,0.00,7.1,4.998,4.998,4.998,4.998,24
2022-02-10 14:39:22,9.0,12.3,478,0.0,0.0,0,0.0,0.0,0,373642.00,0.00,0.00,232,14.14,3.22,0.00,7.1,4.998,4.998,4.998,4.998,135
2022-02-10 14:40:22,10.0,15.1,695,0.0,0.0,0,0.0,0.0,0,374337.00,0.00,0.00,191,14.10,2.66,0.00,7.1,4.998,4.998,4.998,4.998,76
2022-02-10 14:41:22,8.7,17.3,619,0.0,0.0,0,0.0,0.0,0,374956.00,0.00,0.00,188,14.14,2.62,0.00,7.1,4.998,4.998,4.998,4.998,12
2022-02-10 14:42:22,8.8,11.2,497,0.0,0.0,0,0.0,0.0,0,375453.00,0.00,0.00,201,14.14,2.79,0.00,7.1,4.998,4.998,4.998,4.998,218
2022-02-10 14:43:22,7.4,12.8,539,0.0,0.0,0,0.0,0.0,0,375992.00,0.00,0.00,244,14.14,3.39,0.00,7.1,4.998,4.998,4.998,4.998,176
2022-02-10 14:44:22,17.9,20.5,592,0.0,0.0,0,0.0,0.0,0,376584.00,0.00,0.00,258,14.14,3.58,0.00,7.1,4.998,4.998,4.998,4.998,192
2022-02-10 14:45:22,5.7,33.0,1034,0.0,0.0,0,0.0,0.0,0,377618.00,0.00,0.00,188,14.10,2.62,0.00,7.1,4.998,4.998,4.998,4.998,250
2022-02-10 14:46:22,9.9,17.6,721,0.0,0.0,0,0.0,0.0,0,378339.00,0.00,0.00,214,14.10,2.97,0.00,7.1,4.998,4.998,4.998,4.998,96
2022-02-10 14:47:22,9.8,18.9,793,0.0,0.0,0,0.0,0.0,0,379132.00,0.00,0.00,209,14.10,2.91,0.00,7.1,4.998,4.998,4.998,4.998,146
2022-02-10 14:48:22,14.0,18.9,712,0.0,0.0,0,0.0,0.0,0,379844.00,0.00,0.00,255,14.10,3.54,0.00,7.1,4.998,4.998,4.998,4.998,139
2022-02-10 14:49:22,9.0,17.0,703,0.0,0.0,0,0.0,0.0,0,380547.00,0.00,0.00,212,14.14,2.95,0.00,7.6,4.998,4.998,4.998,4.998,219
2022-02-10 14:50:22,13.5,16.8,684,0.0,0.0,0,0.0,0.0,0,381231.00,0.00,0.00,230,14.14,3.20,0.00,7.6,4.998,4.998,4.998,4.998,195
2022-02-10 14:51:22,7.6,21.2,722,0.0,0.0,0,0.0,0.0,0,381953.00,0.00,0.00,227,14.14,3.15,0.00,7.1,4.998,4.998,4.998,4.998,238
2022-02-10 14:52:22,7.8,15.7,637,0.0,0.0,0,0.0,0.0,0,382590.00,0.00,0.00,211,14.10,2.94,0.00,7.1,4.998,4.998,4.998,4.998,123
2022-02-10 14:53:22,3.8,16.3,618,0.0,0.0,0,0.0,0.0,0,383208.00,0.00,0.00,189,14.10,2.63,0.00,7.1,4.998,4.998,4.998,4.998,124
2022-02-10 14:54:22,11.2,12.6,418,0.0,0.0,0,0.0,0.0,0,383626.00,0.00,0.00,191,14.10,2.65,0.00,7.1,4.998,4.998,4.998,4.998,164
2022-02-10 14:55:22,10.0,14.0,522,0.0,0.0,0,0.0,0.0,0,384148.00,0.00,0.00,186,14.10,2.59,0.00,7.1,4.998,4.998,4.998,4.998,197
2022-02-10 14:56:22,5.3,11.8,481,0.0,0.0,0,0.0,0.0,0,384629.00,0.00,0.00,221,14.10,3.07,0.00,7.1,4.998,4.998,4.998,4.998,210
2022-02-10 14:57:22,9.7,13.1,511,0.0,0.0,0,0.0,0.0,0,385140.00,0.00,0.00,217,14.10,3.02,0.00,7.1,4.998,4.998,4.998,4.998,23
2022-02-10 14:58:22,10.5,21.3,851,0.0,0.0,0,0.0,0.0,0,385991.00,0.00,0.00,210,14.10,2.92,0.00,7.1,4.998,4.998,4.998,4.998,19
2022-02-10 14:59:22,8.2,30.4,1201,0.0,0.0,0,0.0,0.0,0,387192.00,0.00,0.00,194,14.10,2.70,0.00,6.6,4.998,4.998,4.998,4.998,61
2022-02-10 15:00:22,17.2,26.0,900,0.0,0.0,0,0.0,0.0,0,388092.00,0.00,0.00,222,14.10,3.09,0.00,7.1,4.998,4.998,4.998,4.998,3
2022-02-10 15:01:22,13.9,33.4,1180,0.0,0.0,0,0.0,0.0,0,389272.00,0.00,0.00,214,14.10,2.98,0.00,6.6,4.998,4.998,4.998,4.998,155
2022-02-10 15:02:22,18.0,28.3,1056,0.0,0.0,0,0.0,0.0,0,390328.00,0.00,0.00,259,14.14,3.59,0.00,6.1,4.998,4.998,4.998,4.998,37
2022-02-10 15:03:22,23.4,23.7,856,0.0,0.0,0,0.0,0.0,0,391184.00,0.00,0.00,209,14.10,2.91,0.00,6.1,4.998,4.998,4.998,4.998,104
2022-02-10 15:04:22,20.1,33.4,1009,0.0,0.0,0,0.0,0.0,0,392193.00,0.00,0.00,210,14.10,2.91,0.00,5.6,4.998,4.998,4.998,4.998,143
2022-02-10 15:05:22,15.3,25.9,1004,0.0,0.0,0,0.0,0.0,0,393197.00,0.00,0.00,259,14.10,3.60,0.00,6.1,4.998,4.998,4.998,4.998,40
2022-02-10 15:06:22,14.0,24.3,796,0.0,0.0,0,0.0,0.0,0,393993.00,0.00,0.00,248,14.10,3.44,0.00,6.1,4.998,4.998,4.998,4.998,229
2022-02-10 15:07:22,9.1,23.5,908,0.0,0.0,0,0.0,0.0,0,394901.00,0.00,0.00,248,14.14,3.45,0.00,5.6,4.998,4.998,4.998,4.998,62
2022-02-10 15:08:22,5.4,21.7,786,0.0,0.0,0,0.0,0.0,0,395687.00,0.00,0.00,236,14.10,3.29,0.00,5.6,4.998,4.998,4.998,4.998,229
2022-02-10 15:09:22,11.9,15.9,580,0.0,0.0,0,0.0,0.0,0,396267.00,0.00,0.00,248,14.10,3.44,0.00,6.1,4.998,4.998,4.998,4.998,120
2022-02-10 15:10:22,7.3,24.9,861,0.0,0.0,0,0.0,0.0,0,397128.00,0.00,0.00,246,14.10,3.42,0.00,5.6,4.998,4.998,4.998,4.998,23
2022-02-10 15:11:22,12.1,24.5,901,0.0,0.0,0,0.0,0.0,0,398029.00,0.00,0.00,204,14.10,2.84,0.00,5.6,4.998,4.998,4.998,4.998,31
2022-02-10 15:12:22,9.9,23.1,911,0.0,0.0,0,0.0,0.0,0,398940.00,0.00,0.00,193,14.10,2.68,0.00,5.6,4.998,4.998,4.998,4.998,76
2022-02-10 15:13:22,9.0,22.3,822,0.0,0.0,0,0.0,0.0,0,399762.00,0.00,0.00,249,14.10,3.46,0.00,5.6,4.998,4.998,4.998,4.998,67
2022-02-10 15:14:22,13.7,22.8,751,0.0,0.0,0,0.0,0.0,0,400513.00,0.00,0.00,252,14.10,3.50,0.00,5.6,4.998,4.998,4.998,4.998,73
2022-02-10 15:15:22,10.7,30.2,1039,0.0,0.0,0,0.0,0.0,0,401552.00,0.00,0.00,242,14.10,3.37,0.00,4.6,4.998,4.998,4.998,4.998,121
2022-02-10 15:16:22,8.9,28.1,886,0.0,0.0,0,0.0,0.0,0,402438.00,0.00,0.00,233,14.14,3.23,0.00,5.1,4.998,4.998,4.998,4.998,67
2022-02-10 15:17:22,9.2,13.4,506,0.0,0.0,0,0.0,0.0,0,402944.00,0.00,0.00,235,14.14,3.27,0.00,5.1,4.998,4.998,4.998,4.998,29
2022-02-10 15:18:22,3.7,9.8,359,0.0,0.0,0,0.0,0.0,0,403303.00,0.00,0.00,198,14.17,2.75,0.00,5.1,4.998,4.998,4.998,4.998,2
2022-02-10 15:19:22,9.4,13.7,548,0.0,0.0,0,0.0,0.0,0,403851.00,0.00,0.00,259,14.14,3.60,0.00,5.1,4.998,4.998,4.998,4.998,252
2022-02-10 15:20:22,11.5,15.5,636,0.0,0.0,0,0.0,0.0,0,404487.00,0.00,0.00,249,14.17,3.47,0.00,5.6,4.998,4.998,4.998,4.998,58
2022-02-10 15:21:22,12.6,22.9,949,0.0,0.0,0,0.0,0.0,0,405436.00,0.00,0.00,223,14.14,3.10,0.00,5.6,4.998,4.998,4.998,4.998,55
2022-02-10 15:22:22,12.1,19.8,853,0.0,0.0,0,0.0,0.0,0,406289.00,0.00,0.00,187,14.14,2.60,0.00,5.6,4.998,4.998,4.998,4.998,15
2022-02-10 15:23:22,14.0,18.6,742,0.0,0.0,0,0.0,0.0,0,407031.00,0.00,0.00,259,14.14,3.60,0.00,5.1,4.998,4.998,4.998,4.998,101
2022-02-10 15:24:22,6.4,15.9,617,0.0,0.0,0,0.0,0.0,0,407648.00,0.00,0.00,232,14.10,3.22,0.00,5.1,4.998,4.998,4.998,4.998,79
2022-02-10 15:25:22,6.9,12.0,427,0.0,0.0,0,0.0,0.0,0,408075.00,0.00,0.00,191,14.14,2.66,0.00,5.6,4.998,4.998,4.998,4.998,242
2022-02-10 15:26:22,9.0,9.2,396,0.0,0.0,0,0.0,0.0,0,408471.00,0.00,0.00,220,14.17,3.06,0.00,5.6,4.998,4.998,4.998,4.998,202
2022-02-10 15:27:22,11.7,21.1,770,0.0,0.0,0,0.0,0.0,0,409241.00,0.00,0.00,201,14.17,2.79,0.00,5.6,4.998,4.998,4.998,4.998,121
2022-02-10 15:28:22,6.5,11.1,475,0.0,0.0,0,0.0,0.0,0,409716.00,0.00,0.00,161,14.17,2.24,0.00,5.6,4.998,4.998,4.998,4.998,177
2022-02-10 15:29:22,8.0,15.1,641,0.0,0.0,0,0.0,0.0,0,410357.00,0.00,0.00,210,14.17,2.92,0.00,5.6,4.998,4.998,4.998,4.998,183
2022-02-10 15:30:22,6.7,9.8,398,0.0,0.0,0,0.0,0.0,0,410755.00,0.00,0.00,212,14.17,2.95,0.00,5.6,4.998,4.998,4.998,4.998,44
2022-02-10 15:31:22,4.1,8.4,346,0.0,0.0,0,0.0,0.0,0,411101.00,0.00,0.00,211,14.17,2.93,0.00,5.6,4.998,4.998,4.998,4.998,92
2022-02-10 15:32:22,7.9,11.2,354,0.0,0.0,0,0.0,0.0,0,411455.00,0.00,0.00,189,14.14,2.63,0.00,5.6,4.998,4.998,4.998,4.998,202
2022-02-10 15:33:22,5.2,10.3,424,0.0,0.0,0,0.0,0.0,0,411879.00,0.00,0.00,203,14.17,2.82,0.00,5.6,4.998,4.998,4.998,4.998,164
2022-02-10 15:34:22,14.5,16.5,545,0.0,0.0,0,0.0,0.0,0,412424.00,0.00,0.00,184,14.14,2.55,0.00,5.6,4.998,4.998,4.998,4.998,5
2022-02-10 15:35:22,13.7,17.5,771,0.0,0.0,0,0.0,0.0,0,413195.00,0.00,0.00,219,14.17,3.04,0.00,5.6,4.998,4.998,4.998,4.998,175
2022-02-10 15:36:22,7.8,14.7,679,0.0,0.0,0,0.0,0.0,0,413874.00,0.00,0.00,199,14.17,2.77,0.00,5.6,4.998,4.998,4.998,4.998,43
2022-02-10 15:37:22,16.4,25.1,987,0.0,0.0,0,0.0,0.0,0,414861.00,0.00,0.00,179,14.14,2.49,0.00,5.6,4.998,4.998,4.998,4.998,31
2022-02-10 15:38:22,8.1,21.7,914,0.0,0.0,0,0.0,0.0,0,415775.00,0.00,0.00,194,14.17,2.70,0.00,5.6,4.998,4.998,4.998,4.998,152
2022-02-10 15:39:22,5.9,13.4,548,0.0,0.0,0,0.0,0.0,0,416323.00,0.00,0.00,217,14.14,3.02,0.00,6.1,4.998,4.998,4.998,4.998,167
2022-02-10 15:40:22,8.2,13.6,444,0.0,0.0,0,0.0,0.0,0,416767.00,0.00,0.00,242,14.14,3.36,0.00,5.6,4.998,4.998,4.998,4.998,151
2022-02-10 15:41:22,8.7,13.8,542,0.0,0.0,0,0.0,0.0,0,417309.00,0.00,0.00,166,14.17,2.30,0.00,5.6,4.998,4.998,4.998,4.998,86
2022-02-10 15:42:22,13.5,20.1,828,0.0,0.0,0,0.0,0.0,0,418137.00,0.00,0.00,213,14.17,2.96,0.00,5.6,4.998,4.998,4.998,4.998,110
2022-02-10 15:43:22,14.0,16.9,744,0.0,0.0,0,0.0,0.0,0,418881.00,0.00,0.00,210,14.14,2.92,0.00,5.6,4.998,4.998,4.998,4.998,232
2022-02-10 15:44:22,11.5,19.1,785,0.0,0.0,0,0.0,0.0,0,419666.00,0.00,0.00,171,14.14,2.38,0.00,5.6,4.998,4.998,4.998,4.998,160
2022-02-10 15:45:22,12.0,30.5,954,0.0,0.0,0,0.0,0.0,0,420620.00,0.00,0.00,184,14.14,2.56,0.00,5.6,4.998,4.998,4.998,4.998,219
2022-02-10 15:46:22,14.1,16.8,701,0.0,0.0,0,0.0,0.0,0,421321.00,0.00,0.00,181,14.17,2.52,0.00,5.6,4.998,4.998,4.998,4.998,122
2022-02-10 15:47:22,11.9,15.0,704,0.0,0.0,0,0.0,0.0,0,422025.00,0.00,0.00,171,14.14,2.38,0.00,5.1,4.998,4.998,4.998,4.998,33
2022-02-10 15:48:22,11.7,16.6,753,0.0,0.0,0,0.0,0.0,0,422778.00,0.00,0.00,153,14.17,2.13,0.00,5.1,4.998,4.998,4.998,4.998,83
2022-02-10 15:49:22,6.2,12.5,554,0.0,0.0,0,0.0,0.0,0,423332.00,0.00,0.00,179,14.17,2.49,0.00,5.1,4.998,4.998,4.998,4.998,216
2022-02-10 15:50:22,22.9,23.5,636,0.0,0.0,0,0.0,0.0,0,423968.00,0.00,0.00,202,14.14,2.80,0.00,5.1,4.998,4.998,4.998,4.998,120
2022-02-10 15:51:22,12.2,26.4,1006,0.0,0.0,0,0.0,0.0,0,424974.00,0.00,0.00,186,14.14,2.59,0.00,5.6,4.998,4.998,4.998,4.998,245
2022-02-10 15:52:22,10.8,18.3,715,0.0,0.0,0,0.0,0.0,0,425689.00,0.00,0.00,190,14.17,2.64,0.00,5.6,4.998,4.998,4.998,4.998,63
2022-02-10 15:53:22,12.3,23.1,782,0.0,0.0,0,0.0,0.0,0,426471.00,0.00,0.00,211,14.14,2.93,0.00,5.6,4.998,4.998,4.998,4.998,55
2022-02-10 15:54:22,8.2,13.6,552,0.0,0.0,0,0.0,0.0,0,427023.00,0.00,0.00,207,14.14,2.88,0.00,5.6,4.998,4.998,4.998,4.998,94
2022-02-10 15:55:22,18.1,21.2,789,0.0,0.0,0,0.0,0.0,0,427812.00,0.00,0.00,184,14.17,2.56,0.00,5.1,4.998,4.998,4.998,4.998,238
2022-02-10 15:56:22,10.4,25.8,944,0.0,0.0,0,0.0,0.0,0,428756.00,0.00,0.00,196,14.17,2.72,0.00,5.6,4.998,4.998,4.998,4.998,91
2022-02-10 15:57:22,12.6,14.6,692,0.0,0.0,0,0.0,0.0,0,429448.00,0.00,0.00,203,14.17,2.82,0.00,5.6,4.998,4.998,4.998,4.998,27
2022-02-10 15:58:22,12.3,20.9,776,0.0,0.0,0,0.0,0.0,0,430224.00,0.00,0.00,171,14.14,2.38,0.00,5.6,4.998,4.998,4.998,4.998,235
2022-02-10 15:59:22,7.2,13.4,512,0.0,0.0,0,0.0,0.0,0,430736.00,0.00,0.00,175,14.17,2.44,0.00,5.6,4.998,4.998,4.998,4.998,45
2022-02-10 16:00:22,10.4,21.4,820,0.0,0.0,0,0.0,0.0,0,431556.00,0.00,0.00,217,14.17,3.01,0.00,6.1,4.998,4.998,4.998,4.998,138
2022-02-10 16:01:22,11.8,19.0,802,0.0,0.0,0,0.0,0.0,0,432358.00,0.00,0.00,192,14.17,2.67,0.00,5.6,4.998,4.998,4.998,4.998,1
2022-02-10 16:02:22,10.5,14.1,608,0.0,0.0,0,0.0,0.0,0,432966.00,0.00,0.00,220,14.17,3.06,0.00,5.6,4.998,4.998,4.998,4.998,93
2022-02-10 16:03:22,11.2,21.5,753,0.0,0.0,0,0.0,0.0,0,433719.00,0.00,0.00,190,14.14,2.64,0.00,5.6,4.998,4.998,4.998,4.998,32
2022-02-10 16:04:22,7.9,15.0,638,0.0,0.0,0,0.0,0.0,0,434357.00,0.00,0.00,188,14.17,2.62,0.00,5.6,4.998,4.998,4.998,4.998,104
2022-02-10 16:05:22,8.7,15.2,482,0.0,0.0,0,0.0,0.0,0,434839.00,0.00,0.00,181,14.17,2.52,0.00,6.1,4.998,4.998,4.998,4.998,248
2022-02-10 16:06:22,4.9,15.7,680,0.0,0.0,0,0.0,0.0,0,435519.00,0.00,0.00,171,14.17,2.38,0.00,5.6,4.998,4.998,4.998,4.998,113
2022-02-10 16:07:22,12.5,18.6,699,0.0,0.0,0,0.0,0.0,0,436218.00,0.00,0.00,208,14.14,2.90,0.00,5.6,4.998,4.998,4.998,4.998,254
2022-02-10 16:08:22,7.4,14.3,498,0.0,0.0,0,0.0,0.0,0,436716.00,0.00,0.00,205,14.17,2.85,0.00,6.1,4.998,4.998,4.998,4.998,186
2022-02-10 16:09:22,7.8,21.0,740,0.0,0.0,0,0.0,0.0,0,437456.00,0.00,0.00,195,14.17,2.70,0.00,5.6,4.998,4.998,4.998,4.998,161
2022-02-10 16:10:22,7.2,15.6,604,0.0,0.0,0,0.0,0.0,0,438060.00,0.00,0.00,182,14.17,2.53,0.00,6.1,4.998,4.998,4.998,4.998,254
2022-02-10 16:11:22,8.0,14.4,621,0.0,0.0,0,0.0,0.0,0,438681.00,0.00,0.00,198,14.17,2.75,0.00,6.1,4.998,4.998,4.998,4.998,202
2022-02-10 16:12:22,8.6,15.6,560,0.0,0.0,0,0.0,0.0,0,439241.00,0.00,0.00,211,14.14,2.94,0.00,6.1,4.998,4.998,4.998,4.998,234
2022-02-10 16:13:22,4.3,12.0,485,0.0,0.0,0,0.0,0.0,0,439726.00,0.00,0.00,213,14.14,2.95,0.00,6.1,4.998,4.998,4.998,4.998,190
2022-02-10 16:14:22,5.8,14.0,425,0.0,0.0,0,0.0,0.0,0,440151.00,0.00,0.00,181,14.14,2.51,0.00,5.6,4.998,4.998,4.998,4.998,140
2022-02-10 16:15:22,9.1,10.5,299,0.0,0.0,0,0.0,0.0,0,440450.00,0.00,0.00,187,14.17,2.60,0.00,6.1,4.998,4.998,4.998,4.998,143
2022-02-10 16:16:22,8.5,15.1,618,0.0,0.0,0,0.0,0.0,0,441068.00,0.00,0.00,179,14.17,2.49,0.00,6.1,4.998,4.998,4.998,4.998,216
2022-02-10 16:17:22,8.7,17.6,614,0.0,0.0,0,0.0,0.0,0,441682.00,0.00,0.00,207,14.14,2.88,0.00,6.1,4.998,4.998,4.998,4.998,20
2022-02-10 16:18:22,6.3,12.3,506,0.0,0.0,0,0.0,0.0,0,442188.00,0.00,0.00,211,14.14,2.93,0.00,6.1,4.998,4.998,4.998,4.998,221
2022-02-10 16:19:22,5.7,8.8,420,0.0,0.0,0,0.0,0.0,0,442608.00,0.00,0.00,196,14.17,2.73,0.00,6.1,4.998,4.998,4.998,4.998,94
2022-02-10 16:20:22,6.8,11.8,401,0.0,0.0,0,0.0,0.0,0,443009.00,0.00,0.00,180,14.17,2.50,0.00,6.1,4.998,4.998,4.998,4.998,116
2022-02-10 16:21:22,5.3,12.9,464,0.0,0.0,0,0.0,0.0,0,443473.00,0.00,0.00,213,14.17,2.96,0.00,6.1,4.998,4.998,4.998,4.998,44
2022-02-10 16:22:22,8.2,13.2,507,0.0,0.0,0,0.0,0.0,0,443980.00,0.00,0.00,162,14.14,2.25,0.00,6.6,4.998,4.998,4.998,4.998,21
2022-02-10 16:23:22,5.8,10.0,377,0.0,0.0,0,0.0,0.0,0,444357.00,0.00,0.00,178,14.17,2.47,0.00,6.1,4.998,4.998,4.998,4.998,191
2022-02-10 16:24:22,8.9,16.6,526,0.0,0.0,0,0.0,0.0,0,444883.00,0.00,0.00,157,14.17,2.19,0.00,6.6,4.998,4.998,4.998,4.998,206
2022-02-10 16:25:22,15.5,16.4,698,0.0,0.0,0,0.0,0.0,0,445581.00,0.00,0.00,152,14.14,2.11,0.00,6.6,4.998,4.998,4.998,4.998,13
2022-02-10 16:26:22,7.9,20.8,709,0.0,0.0,0,0.0,0.0,0,446290.00,0.00,0.00,178,14.17,2.48,0.00,6.6,4.998,4.998,4.998,4.998,97
2022-02-10 16:27:22,9.4,14.7,612,0.0,0.0,0,0.0,0.0,0,446902.00,0.00,0.00,200,14.17,2.78,0.00,6.6,4.998,4.998,4.998,4.998,116
2022-02-10 16:28:22,9.3,11.2,518,0.0,0.0,0,0.0,0.0,0,447420.00,0.00,0.00,172,14.17,2.39,0.00,6.6,4.998,4.998,4.998,4.998,191
2022-02-10 16:29:22,5.4,9.6,283,0.0,0.0,0,0.0,0.0,0,447703.00,0.00,0.00,165,14.17,2.30,0.00,6.6,4.998,4.998,4.998,4.998,76
2022-02-10 16:30:22,6.5,14.9,533,0.0,0.0,0,0.0,0.0,0,448236.00,0.00,0.00,193,14.17,2.69,0.00,6.6,4.998,4.998,4.998,4.998,203
2022-02-10 16:31:22,6.7,14.6,477,0.0,0.0,0,0.0,0.0,0,448713.00,0.00,0.00,204,14.14,2.84,0.00,6.6,4.998,4.998,4.998,4.998,77
2022-02-10 16:32:22,6.9,11.6,377,0.0,0.0,0,0.0,0.0,0,449090.00,0.00,0.00,202,14.17,2.81,0.00,6.6,4.998,4.998,4.998,4.998,117
2022-02-10 16:33:22,6.6,13.6,465,0.0,0.0,0,0.0,0.0,0,449555.00,0.00,0.00,168,14.17,2.33,0.00,6.6,4.998,4.998,4.998,4.998,36
2022-02-10 16:34:22,4.4,13.4,556,0.0,0.0,0,0.0,0.0,0,450111.00,0.00,0.00,193,14.17,2.69,0.00,7.1,4.998,4.998,4.998,4.998,123
2022-02-10 16:35:22,11.5,16.6,587,0.0,0.0,0,0.0,0.0,0,450698.00,0.00,0.00,189,14.17,2.63,0.00,6.6,4.998,4.998,4.998,4.998,206
2022-02-10 16:36:22,7.4,13.0,588,0.0,0.0,0,0.0,0.0,0,451286.00,0.00,0.00,189,14.14,2.63,0.00,6.6,4.998,4.998,4.998,4.998,13
2022-02-10 16:37:22,12.3,19.3,702,0.0,0.0,0,0.0,0.0,0,451988.00,0.00,0.00,186,14.14,2.59,0.00,7.1,4.998,4.998,4.998,4.998,80
2022-02-10 16:38:22,8.8,15.7,673,0.0,0.0,0,0.0,0.0,0,452661.00,0.00,0.00,196,14.17,2.72,0.00,7.1,4.998,4.998,4.998,4.998,195
2022-02-10 16:39:22,5.7,9.2,369,0.0,0.0,0,0.0,0.0,0,453030.00,0.00,0.00,186,14.17,2.59,0.00,6.6,4.998,4.998,4.998,4.998,124
2022-02-10 16:40:22,8.1,8.5,303,0.0,0.0,0,0.0,0.0,0,453333.00,0.00,0.00,172,14.14,2.40,0.00,7.1,4.998,4.998,4.998,4.998,14
2022-02-10 16:41:22,10.5,13.2,558,0.0,0.0,0,0.0,0.0,0,453891.00,0.00,0.00,168,14.14,2.33,0.00,7.1,4.998,4.998,4.998,4.998,179
2022-02-10 16:42:22,4.4,11.0,434,0.0,0.0,0,0.0,0.0,0,454325.00,0.00,0.00,207,14.14,2.88,0.00,7.1,4.998,4.998,4.998,4.998,117
2022-02-10 16:43:22,12.7,13.5,480,0.0,0.0,0,0.0,0.0,0,454805.00,0.00,0.00,194,14.17,2.70,0.00,6.6,4.998,4.998,4.998,4.998,213
2022-02-10 16:44:22,5.5,12.1,445,0.0,0.0,0,0.0,0.0,0,455250.00,0.00,0.00,210,14.17,2.91,0.00,6.6,4.998,4.998,4.998,4.998,249
2022-02-10 16:45:22,11.7,15.4,503,0.0,0.0,0,0.0,0.0,0,455753.00,0.00,0.00,176,14.17,2.45,0.00,6.6,4.998,4.998,4.998,4.998,88
2022-02-10 16:46:22,5.7,13.0,493,0.0,0.0,0,0.0,0.0,0,456246.00,0.00,0.00,194,14.14,2.70,0.00,7.1,4.998,4.998,4.998,4.998,15
2022-02-10 16:47:22,9.8,17.9,710,0.0,0.0,0,0.0,0.0,0,456956.00,0.00,0.00,193,14.14,2.68,0.00,7.1,4.998,4.998,4.998,4.998,180
2022-02-10 16:48:22,8.8,15.0,576,0.0,0.0,0,0.0,0.0,0,457532.00,0.00,0.00,218,14.17,3.03,0.00,7.1,4.998,4.998,4.998,4.998,208
2022-02-10 16:49:22,12.8,14.4,519,0.0,0.0,0,0.0,0.0,0,458051.00,0.00,0.00,242,14.17,3.37,0.00,7.1,4.998,4.998,4.998,4.998,20
2022-02-10 16:50:22,7.5,17.1,623,0.0,0.0,0,0.0,0.0,0,458674.00,0.00,0.00,204,14.14,2.83,0.00,7.1,4.998,4.998,4.998,4.998,75
2022-02-10 16:51:22,9.4,14.3,490,0.0,0.0,0,0.0,0.0,0,459164.00,0.00,0.00,189,14.17,2.63,0.00,7.1,4.998,4.998,4.998,4.998,113
2022-02-10 16:52:22,9.3,15.0,587,0.0,0.0,0,0.0,0.0,0,459751.00,0.00,0.00,198,14.17,2.76,0.00,7.1,4.998,4.998,4.998,4.998,34
2022-02-10 16:53:22,11.2,17.5,754,0.0,0.0,0,0.0,0.0,0,460505.00,0.00,0.00,208,14.17,2.89,0.00,7.1,4.998,4.998,4.998,4.998,11
2022-02-10 16:54:22,7.3,12.4,409,0.0,0.0,0,0.0,0.0,0,460914.00,0.00,0.00,172,14.17,2.39,0.00,7.1,4.998,4.998,4.998,4.998,29
2022-02-10 16:55:22,9.0,20.7,698,0.0,0.0,0,0.0,0.0,0,461612.00,0.00,0.00,204,14.17,2.84,0.00,7.6,4.998,4.998,4.998,4.998,221
2022-02-10 16:56:22,8.3,12.9,565,0.0,0.0,0,0.0,0.0,0,462177.00,0.00,0.00,221,14.14,3.07,0.00,7.1,4.998,4.998,4.998,4.998,88
2022-02-10 16:57:22,6.7,12.4,480,0.0,0.0,0,0.0,0.0,0,462657.00,0.00,0.00,184,14.14,2.55,0.00,7.6,4.998,4.998,4.998,4.998,175
2022-02-10 16:58:22,11.6,15.9,741,0.0,0.0,0,0.0,0.0,0,463398.00,0.00,0.00,208,14.14,2.90,0.00,7.6,4.998,4.998,4.998,4.998,147
2022-02-10 16:59:22,11.0,16.1,674,0.0,0.0,0,0.0,0.0,0,464072.00,0.00,0.00,162,14.14,2.26,0.00,7.6,4.998,4.998,4.998,4.998,192
2022-02-10 17:00:22,7.8,16.9,701,0.0,0.0,0,0.0,0.0,0,464773.00,0.00,0.00,171,14.14,2.37,0.00,7.6,4.998,4.998,4.998,4.998,162
2022-02-10 17:01:22,5.5,16.7,625,0.0,0.0,0,0.0,0.0,0,465398.00,0.00,0.00,184,14.17,2.56,0.00,7.6,4.998,4.998,4.998,4.998,181
2022-02-10 17:02:22,8.0,20.2,783,0.0,0.0,0,0.0,0.0,0,466181.00,0.00,0.00,176,14.14,2.45,0.00,8.0,4.998,4.998,4.998,4.998,41
2022-02-10 17:03:22,5.2,18.2,611,0.0,0.0,0,0.0,0.0,0,466792.00,0.00,0.00,208,14.17,2.90,0.00,7.6,4.998,4.998,4.998,4.998,182
2022-02-10 17:04:22,15.0,15.9,656,0.0,0.0,0,0.0,0.0,0,467448.00,0.00,0.00,227,14.14,3.16,0.00,8.0,4.998,4.998,4.998,4.998,97
2022-02-10 17:05:22,5.5,17.1,766,0.0,0.0,0,0.0,0.0,0,468214.00,0.00,0.00,191,14.17,2.65,0.00,8.0,4.998,4.998,4.998,4.998,211
2022-02-10 17:06:22,9.9,14.6,644,0.0,0.0,0,0.0,0.0,0,468858.00,0.00,0.00,200,14.17,2.78,0.00,8.0,4.998,4.998,4.998,4.998,37
2022-02-10 17:07:22,8.2,16.6,580,0.0,0.0,0,0.0,0.0,0,469438.00,0.00,0.00,202,14.14,2.81,0.00,8.0,4.998,4.998,4.998,4.998,30
2022-02-10 17:08:22,6.8,17.7,723,0.0,0.0,0,0.0,0.0,0,470161.00,0.00,0.00,176,14.14,2.44,0.00,8.0,4.998,4.998,4.998,4.998,26
2022-02-10 17:09:22,8.1,11.6,512,0.0,0.0,0,0.0,0.0,0,470673.00,0.00,0.00,228,14.14,3.16,0.00,8.0,4.998,4.998,4.998,4.998,183
2022-02-10 17:10:22,6.1,13.6,522,0.0,0.0,0,0.0,0.0,0,471195.00,0.00,0.00,201,14.14,2.79,0.00,8.0,4.998,4.998,4.998,4.998,172
2022-02-10 17:11:22,9.4,16.4,621,0.0,0.0,0,0.0,0.0,0,471816.00,0.00,0.00,206,14.17,2.87,0.00,8.0,4.998,4.998,4.998,4.998,28
2022-02-10 17:12:22,4.8,13.3,389,0.0,0.0,0,0.0,0.0,0,472205.00,0.00,0.00,183,14.14,2.55,0.00,8.0,4.998,4.998,4.998,4.998,129
2022-02-10 17:13:22,12.3,16.6,521,0.0,0.0,0,0.0,0.0,0,472726.00,0.00,0.00,204,14.14,2.84,0.00,8.0,4.998,4.998,4.998,4.998,157
2022-02-10 17:14:22,9.1,14.4,625,0.0,0.0,0,0.0,0.0,0,473351.00,0.00,0.00,204,14.14,2.84,0.00,8.0,4.998,4.998,4.998,4.998,149
2022-02-10 17:15:22,7.1,10.7,370,0.0,0.0,0,0.0,0.0,0,473721.00,0.00,0.00,180,14.17,2.50,0.00,7.6,4.998,4.998,4.998,4.998,100
2022-02-10 17:16:22,8.9,10.4,422,0.0,0.0,0,0.0,0.0,0,474143.00,0.00,0.00,192,14.17,2.67,0.00,7.6,4.998,4.998,4.998,4.998,112
2022-02-10 17:17:22,14.6,15.7,689,0.0,0.0,0,0.0,0.0,0,474832.00,0.00,0.00,173,14.17,2.41,0.00,8.0,4.998,4.998,4.998,4.998,10
2022-02-10 17:18:22,22.1,22.2,660,0.0,0.0,0,0.0,0.0,0,475492.00,0.00,0.00,216,14.17,3.00,0.00,8.0,4.998,4.998,4.998,4.998,41
2022-02-10 17:19:22,5.9,24.0,768,0.0,0.0,0,0.0,0.0,0,476260.00,0.00,0.00,203,14.17,2.82,0.00,8.0,4.998,4.998,4.998,4.998,97
2022-02-10 17:20:22,11.6,17.3,552,0.0,0.0,0,0.0,0.0,0,476812.00,0.00,0.00,201,14.14,2.79,0.00,8.0,4.998,4.998,4.998,4.998,105
2022-02-10 17:21:22,14.7,20.9,983,0.0,0.0,0,0.0,0.0,0,477795.00,0.00,0.00,203,14.14,2.83,0.00,8.0,4.998,4.998,4.998,4.998,251
2022-02-10 17:22:22,9.7,15.7,598,0.0,0.0,0,0.0,0.0,0,478393.00,0.00,0.00,174,14.14,2.42,0.00,8.0,4.998,4.998,4.998,4.998,24
2022-02-10 17:23:22,9.1,19.0,637,0.0,0.0,0,0.0,0.0,0,479030.00,0.00,0.00,231,14.10,3.21,0.00,8.0,4.998,4.998,4.998,4.998,202
2022-02-10 17:24:22,6.8,10.2,353,0.0,0.0,0,0.0,0.0,0,479383.00,0.00,0.00,201,14.14,2.79,0.00,8.0,4.998,4.998,4.998,4.998,230
2022-02-10 17:25:22,5.8,10.1,412,0.0,0.0,0,0.0,0.0,0,479795.00,0.00,0.00,189,14.14,2.63,0.00,8.0,4.998,4.998,4.998,4.998,250
2022-02-10 17:26:22,9.0,14.1,533,0.0,0.0,0,0.0,0.0,0,480328.00,0.00,0.00,215,14.14,2.98,0.00,8.0,4.998,4.998,4.998,4.998,117
2022-02-10 17:27:22,7.3,10.3,460,0.0,0.0,0,0.0,0.0,0,480788.00,0.00,0.00,154,14.14,2.14,0.00,8.0,4.998,4.998,4.998,4.998,119
2022-02-10 17:28:22,8.3,15.8,602,0.0,0.0,0,0.0,0.0,0,481390.00,0.00,0.00,187,14.10,2.60,0.00,8.0,4.998,4.998,4.998,4.998,112
2022-02-10 17:29:22,4.7,12.2,584,0.0,0.0,0,0.0,0.0,0,481974.00,0.00,0.00,202,14.14,2.81,0.00,8.0,4.998,4.998,4.998,4.998,224
2022-02-10 17:30:22,10.7,16.5,707,0.0,0.0,0,0.0,0.0,0,482681.00,0.00,0.00,163,14.14,2.27,0.00,8.0,4.998,4.998,4.998,4.998,203
2022-02-10 17:31:22,8.8,11.0,464,0.0,0.0,0,0.0,0.0,0,483145.00,0.00,0.00,210,14.10,2.92,0.00,8.0,4.998,4.998,4.998,4.998,167
2022-02-10 17:32:22,10.2,20.6,647,0.0,0.0,0,0.0,0.0,0,483792.00,0.00,0.00,181,14.10,2.52,0.00,8.0,4.998,4.998,4.998,4.998,93
2022-02-10 17:33:22,6.2,12.0,445,0.0,0.0,0,0.0,0.0,0,484237.00,0.00,0.00,180,14.14,2.50,0.00,8.0,4.998,4.998,4.998,4.998,126
2022-02-10 17:34:22,6.7,19.8,623,0.0,0.0,0,0.0,0.0,0,484860.00,0.00,0.00,207,14.14,2.87,0.00,8.0,4.998,4.998,4.998,4.998,242
2022-02-10 17:35:22,7.7,9.6,423,0.0,0.0,0,0.0,0.0,0,485283.00,0.00,0.00,171,14.14,2.38,0.00,8.0,4.998,4.998,4.998,4.998,228
2022-02-10 17:36:22,4.4,19.7,592,0.0,0.0,0,0.0,0.0,0,485875.00,0.00,0.00,200,14.17,2.78,0.00,8.0,4.998,4.998,4.998,4.998,226
2022-02-10 17:37:22,11.6,21.6,862,0.0,0.0,0,0.0,0.0,0,486737.00,0.00,0.00,202,14.10,2.80,0.00,8.5,4.998,4.998,4.998,4.998,200
2022-02-10 17:38:22,15.2,22.5,867,0.0,0.0,0,0.0,0.0,0,487604.00,0.00,0.00,199,14.10,2.77,0.00,8.0,4.998,4.998,4.998,4.998,133
2022-02-10 17:39:22,10.4,15.1,622,0.0,0.0,0,0.0,0.0,0,488226.00,0.00,0.00,215,14.14,2.98,0.00,8.5,4.998,4.998,4.998,4.998,255
2022-02-10 17:40:22,19.3,19.9,833,0.0,0.0,0,0.0,0.0,0,489059.00,0.00,0.00,219,14.10,3.05,0.00,8.0,4.998,4.998,4.998,4.998,252
2022-02-10 17:41:22,15.1,19.0,686,0.0,0.0,0,0.0,0.0,0,489745.00,0.00,0.00,186,14.10,2.58,0.00,8.0,4.998,4.998,4.998,4.998,255
2022-02-10 17:42:22,9.1,15.2,627,0.0,0.0,0,0.0,0.0,0,490372.00,0.00,0.00,211,14.10,2.94,0.00,8.0,4.998,4.998,4.998,4.998,241
2022-02-10 17:43:22,20.5,22.8,639,0.0,0.0,0,0.0,0.0,0,491011.00,0.00,0.00,236,14.10,3.28,0.00,8.0,4.998,4.998,4.998,4.998,166
2022-02-10 17:44:22,14.4,20.7,719,0.0,0.0,0,0.0,0.0,0,491730.00,0.00,0.00,201,14.10,2.80,0.00,8.5,4.998,4.998,4.998,4.998,150
2022-02-10 17:45:22,11.1,20.7,866,0.0,0.0,0,0.0,0.0,0,492596.00,0.00,0.00,210,13.94,2.92,0.00,8.5,4.998,4.998,4.998,4.998,51
2022-02-10 17:46:22,11.5,14.7,658,0.0,0.0,0,0.0,0.0,0,493254.00,0.00,0.00,184,13.78,2.56,0.00,8.0,4.998,4.998,4.998,4.998,252
2022-02-10 17:47:22,9.9,16.9,686,0.0,0.0,0,0.0,0.0,0,493940.00,0.00,0.00,181,13.71,2.52,0.00,8.0,4.998,4.998,4.998,4.998,100
2022-02-10 17:48:22,8.7,15.8,676,0.0,0.0,0,0.0,0.0,0,494616.00,0.00,0.00,197,13.67,2.74,0.00,8.0,4.998,4.998,4.998,4.998,75
2022-02-10 17:49:22,8.5,12.9,497,0.0,0.0,0,0.0,0.0,0,495113.00,0.00,0.00,190,13.63,2.64,0.00,8.0,4.998,4.998,4.998,4.998,139
2022-02-10 17:50:22,13.5,23.1,896,0.0,0.0,0,0.0,0.0,0,496009.00,0.00,0.00,195,13.59,2.70,0.00,8.0,4.998,4.998,4.998,4.998,43
2022-02-10 17:51:22,10.8,17.6,650,0.0,0.0,0,0.0,0.0,0,496659.00,0.00,0.00,191,13.55,2.66,0.00,8.5,4.998,4.998,4.998,4.998,157
2022-02-10 17:52:22,7.9,18.1,619,0.0,0.0,0,0.0,0.0,0,497278.00,0.00,0.00,211,13.55,2.93,0.00,8.0,4.998,4.998,4.998,4.998,4
2022-02-10 17:53:22,10.2,13.8,583,0.0,0.0,0,0.0,0.0,0,497861.00,0.00,0.00,207,13.55,2.88,0.00,8.0,4.998,4.998,4.998,4.998,27
2022-02-10 17:54:22,7.5,18.9,717,0.0,0.0,0,0.0,0.0,0,498578.00,0.00,0.00,223,13.51,3.10,0.00,8.5,4.998,4.998,4.998,4.998,7
2022-02-10 17:55:22,14.6,21.7,949,0.0,0.0,0,0.0,0.0,0,499527.00,0.00,0.00,208,13.47,2.89,0.00,8.5,4.998,4.998,4.998,4.998,182
2022-02-10 17:56:22,8.5,17.4,794,0.0,0.0,0,0.0,0.0,0,500321.00,0.00,0.00,202,13.43,2.81,0.00,8.0,4.998,4.998,4.998,4.998,23
2022-02-10 17:57:22,7.4,14.7,545,0.0,0.0,0,0.0,0.0,0,500866.00,0.00,0.00,211,13.43,2.94,0.00,8.0,4.998,4.998,4.998,4.998,105
2022-02-10 17:58:22,12.5,18.3,600,0.0,0.0,0,0.0,0.0,0,501466.00,0.00,0.00,195,13.39,2.71,0.00,8.0,4.998,4.998,4.998,4.998,148
2022-02-10 17:59:22,10.4,17.3,757,0.0,0.0,0,0.0,0.0,0,502223.00,0.00,0.00,169,13.35,2.35,0.00,8.0,4.998,4.998,4.998,4.998,70
2022-02-10 18:00:22,7.3,12.7,562,0.0,0.0,0,0.0,0.0,0,502785.00,0.00,0.00,220,13.35,3.06,0.00,8.0,4.998,4.998,4.998,4.998,212
2022-02-10 18:01:22,9.3,12.0,498,0.0,0.0,0,0.0,0.0,0,503283.00,0.00,0.00,206,13.35,2.87,0.00,8.0,4.998,4.998,4.998,4.998,16
2022-02-10 18:02:22,13.4,15.8,538,0.0,0.0,0,0.0,0.0,0,503821.00,0.00,0.00,249,13.32,3.47,0.00,8.0,4.998,4.998,4.998,4.998,125
2022-02-10 18:03:22,17.3,18.2,764,0.0,0.0,0,0.0,0.0,0,504585.00,0.00,0.00,185,13.28,2.57,0.00,8.0,4.998,4.998,4.998,4.998,199
2022-02-10 18:04:22,17.6,21.3,806,0.0,0.0,0,0.0,0.0,0,505391.00,0.00,0.00,190,13.28,2.64,0.00,8.5,4.998,4.998,4.998,4.998,95
2022-02-10 18:05:22,12.1,17.8,645,0.0,0.0,0,0.0,0.0,0,506036.00,0.00,0.00,213,13.28,2.96,0.00,8.0,4.998,4.998,4.998,4.998,85
2022-02-10 18:06:22,11.4,19.9,692,0.0,0.0,0,0.0,0.0,0,506728.00,0.00,0.00,168,13.24,2.33,0.00,8.0,4.998,4.998,4.998,4.998,93
2022-02-10 18:07:22,7.5,12.8,548,0.0,0.0,0,0.0,0.0,0,507276.00,0.00,0.00,159,13.24,2.21,0.00,8.0,4.998,4.998,4.998,4.998,63
2022-02-10 18:08:22,11.4,13.7,613,0.0,0.0,0,0.0,0.0,0,507889.00,0.00,0.00,191,13.20,2.66,0.00,8.0,4.998,4.998,4.998,4.998,225
2022-02-10 18:09:22,4.8,18.1,475,0.0,0.0,0,0.0,0.0,0,508364.00,0.00,0.00,163,13.20,2.27,0.00,8.0,4.998,4.998,4.998,4.998,240
2022-02-10 18:10:22,8.6,13.4,491,0.0,0.0,0,0.0,0.0,0,508855.00,0.00,0.00,205,13.20,2.85,0.00,8.0,4.998,4.998,4.998,4.998,3
2022-02-10 18:11:22,9.2,20.2,734,0.0,0.0,0,0.0,0.0,0,509589.00,0.00,0.00,194,13.20,2.70,0.00,8.0,4.998,4.998,4.998,4.998,56
2022-02-10 18:12:22,8.7,14.0,572,0.0,0.0,0,0.0,0.0,0,510161.00,0.00,0.00,160,13.16,2.23,0.00,8.0,4.998,4.998,4.998,4.998,84
2022-02-10 18:13:22,10.8,10.9,368,0.0,0.0,0,0.0,0.0,0,510529.00,0.00,0.00,182,13.16,2.53,0.00,8.0,4.998,4.998,4.998,4.998,172
2022-02-10 18:14:22,8.2,12.2,497,0.0,0.0,0,0.0,0.0,0,511026.00,0.00,0.00,203,13.16,2.82,0.00,8.0,4.998,4.998,4.998,4.998,131
2022-02-10 18:15:22,7.3,17.9,724,0.0,0.0,0,0.0,0.0,0,511750.00,0.00,0.00,189,13.12,2.63,0.00,8.0,4.998,4.998,4.998,4.998,91
2022-02-10 18:16:22,5.8,15.6,559,0.0,0.0,0,0.0,0.0,0,512309.00,0.00,0.00,180,13.16,2.50,0.00,8.0,4.998,4.998,4.998,4.998,213
2022-02-10 18:17:22,8.1,16.5,661,0.0,0.0,0,0.0,0.0,0,512970.00,0.00,0.00,180,13.16,2.50,0.00,8.0,4.998,4.998,4.998,4.998,110
2022-02-10 18:18:22,5.0,13.2,512,0.0,0.0,0,0.0,0.0,0,513482.00,0.00,0.00,221,13.12,3.07,0.00,8.0,4.998,4.998,4.998,4.998,201
2022-02-10 18:19:22,5.5,12.6,439,0.0,0.0,0,0.0,0.0,0,513921.00,0.00,0.00,242,13.12,3.36,0.00,8.0,4.998,4.998,4.998,4.998,57
2022-02-10 18:20:22,2.7,15.1,518,0.0,0.0,0,0.0,0.0,0,514439.00,0.00,0.00,179,13.12,2.49,0.00,8.0,4.998,4.998,4.998,4.998,101
2022-02-10 18:21:22,8.1,13.9,518,0.0,0.0,0,0.0,0.0,0,514957.00,0.00,0.00,198,13.08,2.76,0.00,8.0,4.998,4.998,4.998,4.998,227
2022-02-10 18:22:22,5.8,14.4,621,0.0,0.0,0,0.0,0.0,0,515578.00,0.00,0.00,253,13.08,3.51,0.00,8.0,4.998,4.998,4.998,4.998,46
2022-02-10 18:23:22,6.3,7.7,341,0.0,0.0,0,0.0,0.0,0,515919.00,0.00,0.00,187,13.08,2.60,0.00,8.0,4.998,4.998,4.998,4.998,63
2022-02-10 18:24:22,9.2,15.0,507,0.0,0.0,0,0.0,0.0,0,516426.00,0.00,0.00,189,13.08,2.63,0.00,8.0,4.998,4.998,4.998,4.998,204
2022-02-10 18:25:22,7.6,14.6,501,0.0,0.0,0,0.0,0.0,0,516927.00,0.00,0.00,203,13.08,2.82,0.00,8.0,4.998,4.998,4.998,4.998,67
2022-02-10 18:26:22,12.4,20.0,795,0.0,0.0,0,0.0,0.0,0,517722.00,0.00,0.00,188,13.08,2.62,0.00,8.0,4.998,4.998,4.998,4.998,241
2022-02-10 18:27:22,10.1,13.6,582,0.0,0.0,0,0.0,0.0,0,518304.00,0.00,0.00,197,13.08,2.74,0.00,8.0,4.998,4.998,4.998,4.998,92
2022-02-10 18:28:22,11.5,16.6,646,0.0,0.0,0,0.0,0.0,0,518950.00,0.00,0.00,190,13.08,2.65,0.00,8.0,4.998,4.998,4.998,4.998,73
2022-02-10 18:29:22,8.8,15.8,664,0.0,0.0,0,0.0,0.0,0,519614.00,0.00,0.00,228,13.08,3.16,0.00,8.5,4.998,4.998,4.998,4.998,129
2022-02-10 18:30:22,8.7,11.4,464,0.0,0.0,0,0.0,0.0,0,520078.00,0.00,0.00,193,13.08,2.68,0.00,8.0,4.998,4.998,4.998,4.998,43
2022-02-10 18:31:22,11.9,16.3,771,0.0,0.0,0,0.0,0.0,0,520849.00,0.00,0.00,197,13.08,2.74,0.00,8.0,4.998,4.998,4.998,4.998,240
2022-02-10 18:32:22,11.1,12.0,472,0.0,0.0,0,0.0,0.0,0,521321.00,0.00,0.00,170,13.08,2.36,0.00,8.0,4.998,4.998,4.998,4.998,115
2022-02-10 18:33:22,7.3,19.3,714,0.0,0.0,0,0.0,0.0,0,522035.00,0.00,0.00,202,13.08,2.81,0.00,8.0,4.998,4.998,4.998,4.998,47
2022-02-10 18:34:22,9.9,15.7,684,0.0,0.0,0,0.0,0.0,0,522719.00,0.00,0.00,240,13.08,3.33,0.00,8.0,4.998,4.998,4.998,4.998,210
2022-02-10 18:35:22,3.8,13.6,497,0.0,0.0,0,0.0,0.0,0,523216.00,0.00,0.00,247,13.08,3.43,0.00,8.0,4.998,4.998,4.998,4.998,235
2022-02-10 18:36:22,6.9,12.7,465,0.0,0.0,0,0.0,0.0,0,523681.00,0.00,0.00,178,13.08,2.48,0.00,8.0,4.998,4.998,4.998,4.998,172
2022-02-10 18:37:22,6.9,10.5,393,0.0,0.0,0,0.0,0.0,0,524074.00,0.00,0.00,219,13.08,3.04,0.00,8.0,4.998,4.998,4.998,4.998,189
2022-02-10 18:38:22,6.7,7.3,299,0.0,0.0,0,0.0,0.0,0,524373.00,0.00,0.00,238,13.08,3.31,0.00,8.0,4.998,4.998,4.998,4.998,41
2022-02-10 18:39:22,6.4,12.8,549,0.0,0.0,0,0.0,0.0,0,524922.00,0.00,0.00,233,13.08,3.23,0.00,8.5,4.998,4.998,4.998,4.998,255
2022-02-10 18:40:22,10.3,11.8,491,0.0,0.0,0,0.0,0.0,0,525413.00,0.00,0.00,197,13.08,2.73,0.00,8.0,4.998,4.998,4.998,4.998,223
2022-02-10 18:41:22,4.6,12.4,474,0.0,0.0,0,0.0,0.0,0,525887.00,0.00,0.00,204,13.08,2.84,0.00,8.0,4.998,4.998,4.998,4.998,236
2022-02-10 18:42:22,4.4,7.9,310,0.0,0.0,0,0.0,0.0,0,526197.00,0.00,0.00,196,13.08,2.73,0.00,8.0,4.998,4.998,4.998,4.998,194
2022-02-10 18:43:22,9.2,9.2,332,0.0,0.0,0,0.0,0.0,0,526529.00,0.00,0.00,178,13.08,2.47,0.00,8.0,4.998,4.998,4.998,4.998,167
2022-02-10 18:44:22,10.6,14.9,534,0.0,0.0,0,0.0,0.0,0,527063.00,0.00,0.00,219,13.08,3.05,0.00,8.0,4.998,4.998,4.998,4.998,214
2022-02-10 18:45:22,4.0,10.2,329,0.0,0.0,0,0.0,0.0,0,527392.00,0.00,0.00,227,13.08,3.15,0.00,8.0,4.998,4.998,4.998,4.998,217
2022-02-10 18:46:22,6.6,12.5,519,0.0,0.0,0,0.0,0.0,0,527911.00,0.00,0.00,253,13.08,3.51,0.00,8.0,4.998,4.998,4.998,4.998,52
2022-02-10 18:47:22,4.6,14.3,453,0.0,0.0,0,0.0,0.0,0,528364.00,0.00,0.00,200,13.08,2.77,0.00,8.0,4.998,4.998,4.998,4.998,190
2022-02-10 18:48:22,10.7,12.6,461,0.0,0.0,0,0.0,0.0,0,528825.00,0.00,0.00,214,13.08,2.98,0.00,8.0,4.998,4.998,4.998,4.998,177
2022-02-10 18:49:22,16.3,16.3,454,0.0,0.0,0,0.0,0.0,0,529279.00,0.00,0.00,239,13.08,3.32,0.00,8.0,4.998,4.998,4.998,4.998,25
2022-02-10 18:50:22,9.7,16.1,552,0.0,0.0,0,0.0,0.0,0,529831.00,0.00,0.00,204,13.04,2.84,0.00,8.0,4.998,4.998,4.998,4.998,248
2022-02-10 18:51:22,4.0,9.9,404,0.0,0.0,0,0.0,0.0,0,530235.00,0.00,0.00,206,13.08,2.87,0.00,8.0,4.998,4.998,4.998,4.998,5
2022-02-10 18:52:22,6.3,13.1,464,0.0,0.0,0,0.0,0.0,0,530699.00,0.00,0.00,221,13.04,3.08,0.00,8.5,4.998,4.998,4.998,4.998,46
2022-02-10 18:53:22,8.2,21.3,789,0.0,0.0,0,0.0,0.0,0,531488.00,0.00,0.00,227,13.08,3.15,0.00,8.5,4.998,4.998,4.998,4.998,110
2022-02-10 18:54:22,14.2,16.1,583,0.0,0.0,0,0.0,0.0,0,532071.00,0.00,0.00,190,13.08,2.64,0.00,8.5,4.998,4.998,4.998,4.998,225
2022-02-10 18:55:22,8.9,14.6,561,0.0,0.0,0,0.0,0.0,0,532632.00,0.00,0.00,200,13.04,2.78,0.00,8.5,4.998,4.998,4.998,4.998,253
2022-02-10 18:56:22,6.6,17.1,631,0.0,0.0,0,0.0,0.0,0,533263.00,0.00,0.00,209,13.08,2.91,0.00,8.0,4.998,4.998,4.998,4.998,188
2022-02-10 18:57:22,8.9,13.1,556,0.0,0.0,0,0.0,0.0,0,533819.00,0.00,0.00,185,13.08,2.57,0.00,8.5,4.998,4.998,4.998,4.998,134
2022-02-10 18:58:22,6.1,10.5,432,0.0,0.0,0,0.0,0.0,0,534251.00,0.00,0.00,254,13.08,3.53,0.00,8.0,4.998,4.998,4.998,4.998,31
2022-02-10 18:59:22,8.5,9.6,330,0.0,0.0,0,0.0,0.0,0,534581.00,0.00,0.00,203,13.08,2.82,0.00,8.0,4.998,4.998,4.998,4.998,171
2022-02-10 19:00:22,3.2,13.7,429,0.0,0.0,0,0.0,0.0,0,535010.00,0.00,0.00,222,13.04,3.09,0.00,8.5,4.998,4.998,4.998,4.998,88
2022-02-10 19:01:22,3.5,10.0,343,0.0,0.0,0,0.0,0.0,0,535353.00,0.00,0.00,247,13.08,3.44,0.00,8.5,4.998,4.998,4.998,4.998,29
2022-02-10 19:02:22,6.3,11.5,408,0.0,0.0,0,0.0,0.0,0,535761.00,0.00,0.00,220,13.04,3.06,0.00,8.0,4.998,4.998,4.998,4.998,124
2022-02-10 19:03:22,11.6,20.5,778,0.0,0.0,0,0.0,0.0,0,536539.00,0.00,0.00,165,13.04,2.30,0.00,8.5,4.998,4.998,4.998,4.998,68
2022-02-10 19:04:22,8.5,16.5,552,0.0,0.0,0,0.0,0.0,0,537091.00,0.00,0.00,202,13.08,2.80,0.00,8.5,4.998,4.998,4.998,4.998,153
2022-02-10 19:05:22,4.5,9.2,351,0.0,0.0,0,0.0,0.0,0,537442.00,0.00,0.00,225,13.04,3.12,0.00,8.0,4.998,4.998,4.998,4.998,69
2022-02-10 19:06:22,7.8,10.3,480,0.0,0.0,0,0.0,0.0,0,537922.00,0.00,0.00,230,13.04,3.20,0.00,8.5,4.998,4.998,4.998,4.998,195
2022-02-10 19:07:22,6.2,12.6,502,0.0,0.0,0,0.0,0.0,0,538424.00,0.00,0.00,216,13.04,3.00,0.00,8.5,4.998,4.998,4.998,4.998,208
2022-02-10 19:08:22,9.1,11.1,427,0.0,0.0,0,0.0,0.0,0,538851.00,0.00,0.00,239,13.08,3.32,0.00,8.5,4.998,4.998,4.998,4.998,194
2022-02-10 19:09:22,5.3,9.2,328,0.0,0.0,0,0.0,0.0,0,539179.00,0.00,0.00,219,13.08,3.04,0.00,8.5,4.998,4.998,4.998,4.998,202
2022-02-10 19:10:22,7.7,15.5,546,0.0,0.0,0,0.0,0.0,0,539725.00,0.00,0.00,258,13.04,3.59,0.00,8.5,4.998,4.998,4.998,4.998,67
2022-02-10 19:11:22,11.4,17.3,757,0.0,0.0,0,0.0,0.0,0,540482.00,0.00,0.00,221,13.04,3.08,0.00,8.5,4.998,4.998,4.998,4.998,230
2022-02-10 19:12:22,6.5,14.4,621,0.0,0.0,0,0.0,0.0,0,541103.00,0.00,0.00,207,13.04,2.88,0.00,8.5,4.998,4.998,4.998,4.998,244
2022-02-10 19:13:22,6.0,11.9,477,0.0,0.0,0,0.0,0.0,0,541580.00,0.00,0.00,235,13.08,3.27,0.00,8.0,4.998,4.998,4.998,4.998,198
2022-02-10 19:14:22,7.7,13.7,405,0.0,0.0,0,0.0,0.0,0,541985.00,0.00,0.00,234,13.08,3.25,0.00,8.0,4.998,4.998,4.998,4.998,1
2022-02-10 19:15:22,7.8,14.9,608,0.0,0.0,0,0.0,0.0,0,542593.00,0.00,0.00,247,13.04,3.43,0.00,8.5,4.998,4.998,4.998,4.998,102
2022-02-10 19:16:22,10.7,13.5,561,0.0,0.0,0,0.0,0.0,0,543154.00,0.00,0.00,171,13.04,2.38,0.00,8.5,4.998,4.998,4.998,4.998,19
2022-02-10 19:17:22,7.5,17.5,607,0.0,0.0,0,0.0,0.0,0,543761.00,0.00,0.00,206,13.04,2.87,0.00,8.5,4.998,4.998,4.998,4.998,21
2022-02-10 19:18:22,12.2,21.7,604,0.0,0.0,0,0.0,0.0,0,544365.00,0.00,0.00,172,13.04,2.39,0.00,8.5,4.998,4.998,4.998,4.998,242
2022-02-10 19:19:22,12.5,15.7,547,0.0,0.0,0,0.0,0.0,0,544912.00,0.00,0.00,225,13.04,3.13,0.00,8.5,4.998,4.998,4.998,4.998,92
2022-02-10 19:20:22,11.6,21.1,832,0.0,0.0,0,0.0,0.0,0,545744.00,0.00,0.00,208,13.04,2.89,0.00,8.5,4.998,4.998,4.998,4.998,197
2022-02-10 19:21:22,11.7,12.8,482,0.0,0.0,0,0.0,0.0,0,546226.00,0.00,0.00,217,13.04,3.01,0.00,8.5,4.998,4.998,4.998,4.998,210
2022-02-10 19:22:22,7.5,15.8,558,0.0,0.0,0,0.0,0.0,0,546784.00,0.00,0.00,209,13.04,2.90,0.00,8.5,4.998,4.998,4.998,4.998,183
2022-02-10 19:23:22,10.2,20.2,658,0.0,0.0,0,0.0,0.0,0,547442.00,0.00,0.00,229,13.04,3.18,0.00,9.0,4.998,4.998,4.998,4.998,153
2022-02-10 19:24:22,6.9,13.9,560,0.0,0.0,0,0.0,0.0,0,548002.00,0.00,0.00,187,13.04,2.59,0.00,8.5,4.998,4.998,4.998,4.998,20
2022-02-10 19:25:22,20.4,20.7,738,0.0,0.0,0,0.0,0.0,0,548740.00,0.00,0.00,185,13.04,2.57,0.00,9.0,4.998,4.998,4.998,4.998,48
2022-02-10 19:26:22,3.2,24.2,806,0.0,0.0,0,0.0,0.0,0,549546.00,0.00,0.00,247,13.04,3.43,0.00,9.0,4.998,4.998,4.998,4.998,73
2022-02-10 19:27:22,15.9,20.7,653,0.0,0.0,0,0.0,0.0,0,550199.00,0.00,0.00,198,13.04,2.75,0.00,8.5,4.998,4.998,4.998,4.998,18
2022-02-10 19:28:22,8.0,19.1,668,0.0,0.0,0,0.0,0.0,0,550867.00,0.00,0.00,194,13.04,2.70,0.00,9.0,4.998,4.998,4.998,4.998,103
2022-02-10 19:29:22,5.9,12.7,417,0.0,0.0,0,0.0,0.0,0,551284.00,0.00,0.00,212,13.04,2.95,0.00,8.5,4.998,4.998,4.998,4.998,157
2022-02-10 19:30:22,12.9,18.3,650,0.0,0.0,0,0.0,0.0,0,551934.00,0.00,0.00,183,13.04,2.54,0.00,8.5,4.998,4.998,4.998,4.998,9
2022-02-10 19:31:22,17.6,38.9,1317,0.0,0.0,0,0.0,0.0,0,553251.00,0.00,0.00,208,13.04,2.90,0.00,9.0,4.998,4.998,4.998,4.998,242
2022-02-10 19:32:22,17.7,34.0,1235,0.0,0.0,0,0.0,0.0,0,554486.00,0.00,0.00,220,13.04,3.06,0.00,8.5,4.998,4.998,4.998,4.998,101
2022-02-10 19:33:22,10.5,23.8,1014,0.0,0.0,0,0.0,0.0,0,555500.00,0.00,0.00,207,13.04,2.87,0.00,8.5,4.998,4.998,4.998,4.998,8
2022-02-10 19:34:22,16.0,38.8,1156,0.0,0.0,0,0.0,0.0,0,556656.00,0.00,0.00,226,13.04,3.14,0.00,8.0,4.998,4.998,4.998,4.998,184
2022-02-10 19:35:22,17.8,31.0,1164,0.0,0.0,0,0.0,0.0,0,557820.00,0.00,0.00,219,13.04,3.04,0.00,8.0,4.998,4.998,4.998,4.998,35
2022-02-10 19:36:22,17.2,39.1,1285,0.0,0.0,0,0.0,0.0,0,559105.00,0.00,0.00,238,13.04,3.30,0.00,8.0,4.998,4.998,4.998,4.998,212
2022-02-10 19:37:22,10.6,37.5,1245,0.0,0.0,0,0.0,0.0,0,560350.00,0.00,0.00,251,13.04,3.48,0.00,7.6,4.998,4.998,4.998,4.998,77
2022-02-10 19:38:22,14.0,29.0,1010,0.0,0.0,0,0.0,0.0,0,561360.00,0.00,0.00,203,13.04,2.82,0.00,8.0,4.998,4.998,4.998,4.998,117
2022-02-10 19:39:22,18.8,23.6,950,0.0,0.0,0,0.0,0.0,0,562310.00,0.00,0.00,250,13.04,3.48,0.00,8.0,4.998,4.998,4.998,4.998,97
2022-02-10 19:40:22,14.4,20.4,864,0.0,0.0,0,0.0,0.0,0,563174.00,0.00,0.00,226,13.04,3.14,0.00,8.0,4.998,4.998,4.998,4.998,21
2022-02-10 19:41:22,24.1,28.3,904,0.0,0.0,0,0.0,0.0,0,564078.00,0.00,0.00,213,13.04,2.96,0.00,8.0,4.998,4.998,4.998,4.998,40
2022-02-10 19:42:22,13.3,29.1,1000,0.0,0.0,0,0.0,0.0,0,565078.00,0.00,0.00,229,13.04,3.18,0.00,8.0,4.998,4.998,4.998,4.998,80
2022-02-10 19:43:22,16.5,27.3,1054,0.0,0.0,0,0.0,0.0,0,566132.00,0.00,0.00,268,13.04,3.72,0.00,8.5,4.998,4.998,4.998,4.998,65
2022-02-10 19:44:22,16.4,33.1,1293,0.0,0.0,0,0.0,0.0,0,567425.00,0.00,0.00,221,13.04,3.07,0.00,8.0,4.998,4.998,4.998,4.998,96
2022-02-10 19:45:22,13.8,23.6,794,0.0,0.0,0,0.0,0.0,0,568219.00,0.00,0.00,214,13.04,2.97,0.00,8.0,4.998,4.998,4.998,4.998,10
2022-02-10 19:46:22,8.5,19.4,758,0.0,0.0,0,0.0,0.0,0,568977.00,0.00,0.00,202,13.04,2.81,0.00,8.0,4.998,4.998,4.998,4.998,243
2022-02-10 19:47:22,10.8,24.0,750,0.0,0.0,0,0.0,0.0,0,569727.00,0.00,0.00,284,13.04,3.95,0.00,8.0,4.998,4.998,4.998,4.998,50
2022-02-10 19:48:22,10.6,13.4,589,0.0,0.0,0,0.0,0.0,0,570316.00,0.00,0.00,232,13.04,3.22,0.00,8.0,4.998,4.998,4.998,4.998,78
2022-02-10 19:49:22,11.2,15.3,596,0.0,0.0,0,0.0,0.0,0,570912.00,0.00,0.00,271,13.04,3.76,0.00,8.0,4.998,4.998,4.998,4.998,125
2022-02-10 19:50:22,14.3,20.2,932,0.0,0.0,0,0.0,0.0,0,571844.00,0.00,0.00,268,13.04,3.73,0.00,8.0,4.998,4.998,4.998,4.998,93
2022-02-10 19:51:22,10.6,18.3,696,0.0,0.0,0,0.0,0.0,0,572540.00,0.00,0.00,249,13.00,3.47,0.00,8.0,4.998,4.998,4.998,4.998,45
2022-02-10 19:52:22,10.5,18.0,666,0.0,0.0,0,0.0,0.0,0,573206.00,0.00,0.00,184,13.04,2.56,0.00,8.0,4.998,4.998,4.998,4.998,85
2022-02-10 19:53:22,17.3,19.2,558,0.0,0.0,0,0.0,0.0,0,573764.00,0.00,0.00,239,13.00,3.32,0.00,8.0,4.998,4.998,4.998,4.998,103
2022-02-10 19:54:22,9.5,22.5,851,0.0,0.0,0,0.0,0.0,0,574615.00,0.00,0.00,223,13.00,3.11,0.00,8.0,4.998,4.998,4.998,4.998,248
2022-02-10 19:55:22,22.0,23.1,736,0.0,0.0,0,0.0,0.0,0,575351.00,0.00,0.00,241,13.00,3.34,0.00,8.0,4.998,4.998,4.998,4.998,142
2022-02-10 19:56:22,6.6,22.3,586,0.0,0.0,0,0.0,0.0,0,575937.00,0.00,0.00,270,13.04,3.75,0.00,7.6,4.998,4.998,4.998,4.998,34
2022-02-10 19:57:22,10.5,19.5,775,0.0,0.0,0,0.0,0.0,0,576712.00,0.00,0.00,234,13.04,3.25,0.00,8.0,4.998,4.998,4.998,4.998,222
2022-02-10 19:58:22,12.1,19.4,818,0.0,0.0,0,0.0,0.0,0,577530.00,0.00,0.00,255,13.00,3.54,0.00,8.0,4.998,4.998,4.998,4.998,68
2022-02-10 19:59:22,4.7,15.7,564,0.0,0.0,0,0.0,0.0,0,578094.00,0.00,0.00,260,13.04,3.61,0.00,7.6,4.998,4.998,4.998,4.998,226
2022-02-10 20:00:22,13.0,22.3,780,0.0,0.0,0,0.0,0.0,0,578874.00,0.00,0.00,258,13.04,3.59,0.00,8.0,4.998,4.998,4.998,4.998,77
2022-02-10 20:01:22,9.6,17.4,780,0.0,0.0,0,0.0,0.0,0,579654.00,0.00,0.00,250,13.04,3.47,0.00,8.0,4.998,4.998,4.998,4.998,37
2022-02-10 20:02:22,4.5,16.3,533,0.0,0.0,0,0.0,0.0,0,580187.00,0.00,0.00,247,13.00,3.43,0.00,8.0,4.998,4.998,4.998,4.998,252
2022-02-10 20:03:22,9.1,14.3,461,0.0,0.0,0,0.0,0.0,0,580648.00,0.00,0.00,283,13.04,3.94,0.00,7.6,4.998,4.998,4.998,4.998,82
2022-02-10 20:04:22,9.3,14.3,524,0.0,0.0,0,0.0,0.0,0,581172.00,0.00,0.00,203,13.04,2.82,0.00,7.6,4.998,4.998,4.998,4.998,139
2022-02-10 20:05:22,12.2,15.3,655,0.0,0.0,0,0.0,0.0,0,581827.00,0.00,0.00,203,13.04,2.82,0.00,7.6,4.998,4.998,4.998,4.998,50
2022-02-10 20:06:22,6.6,15.3,589,0.0,0.0,0,0.0,0.0,0,582416.00,0.00,0.00,239,13.00,3.32,0.00,8.0,4.998,4.998,4.998,4.998,137
2022-02-10 20:07:22,8.1,11.8,511,0.0,0.0,0,0.0,0.0,0,582927.00,0.00,0.00,234,13.04,3.25,0.00,7.6,4.998,4.998,4.998,4.998,127
2022-02-10 20:08:22,6.8,9.0,341,0.0,0.0,0,0.0,0.0,0,583268.00,0.00,0.00,281,13.00,3.91,0.00,7.1,4.998,4.998,4.998,4.998,247
2022-02-10 20:09:22,4.8,13.6,474,0.0,0.0,0,0.0,0.0,0,583742.00,0.00,0.00,240,13.00,3.34,0.00,7.6,4.998,4.998,4.998,4.998,144
2022-02-10 20:10:22,8.5,9.7,421,0.0,0.0,0,0.0,0.0,0,584163.00,0.00,0.00,263,13.00,3.65,0.00,7.6,4.998,4.998,4.998,4.998,179
2022-02-10 20:11:22,5.4,9.6,386,0.0,0.0,0,0.0,0.0,0,584549.00,0.00,0.00,223,13.04,3.11,0.00,7.6,4.998,4.998,4.998,4.998,28
2022-02-10 20:12:22,4.7,6.6,240,0.0,0.0,0,0.0,0.0,0,584789.00,0.00,0.00,245,13.04,3.40,0.00,7.6,4.998,4.998,4.998,4.998,109
2022-02-10 20:13:22,3.8,9.3,337,0.0,0.0,0,0.0,0.0,0,585126.00,0.00,0.00,226,13.00,3.14,0.00,7.6,4.998,4.998,4.998,4.998,44
2022-02-10 20:14:22,6.8,10.4,417,0.0,0.0,0,0.0,0.0,0,585543.00,0.00,0.00,210,13.00,2.91,0.00,7.6,4.998,4.998,4.998,4.998,59
2022-02-10 20:15:22,4.2,8.6,287,0.0,0.0,0,0.0,0.0,0,585830.00,0.00,0.00,251,13.00,3.49,0.00,7.6,4.998,4.998,4.998,4.998,124
2022-02-10 20:16:22,4.6,8.0,383,0.0,0.0,0,0.0,0.0,0,586213.00,0.00,0.00,227,13.04,3.16,0.00,7.1,4.998,4.998,4.998,4.998,83
2022-02-10 20:17:22,5.7,8.9,416,0.0,0.0,0,0.0,0.0,0,586629.00,0.00,0.00,244,13.00,3.39,0.00,7.6,4.998,4.998,4.998,4.998,249
2022-02-10 20:18:22,6.1,6.8,314,0.0,0.0,0,0.0,0.0,0,586943.00,0.00,0.00,260,13.00,3.61,0.00,7.1,4.998,4.998,4.998,4.998,216
2022-02-10 20:19:22,4.7,7.6,319,0.0,0.0,0,0.0,0.0,0,587262.00,0.00,0.00,239,13.00,3.32,0.00,7.1,4.998,4.998,4.998,4.998,81
2022-02-10 20:20:22,5.4,13.0,487,0.0,0.0,0,0.0,0.0,0,587749.00,0.00,0.00,253,13.00,3.52,0.00,7.1,4.998,4.998,4.998,4.998,120
2022-02-10 20:21:22,5.8,7.3,348,0.0,0.0,0,0.0,0.0,0,588097.00,0.00,0.00,220,13.00,3.06,0.00,7.6,4.998,4.998,4.998,4.998,24
2022-02-10 20:22:22,9.2,12.4,416,0.0,0.0,0,0.0,0.0,0,588513.00,0.00,0.00,258,13.00,3.59,0.00,7.1,4.998,4.998,4.998,4.998,98
2022-02-10 20:23:22,9.4,12.2,571,0.0,0.0,0,0.0,0.0,0,589084.00,0.00,0.00,237,13.00,3.30,0.00,7.6,4.998,4.998,4.998,4.998,112
2022-02-10 20:24:22,4.5,10.0,391,0.0,0.0,0,0.0,0.0,0,589475.00,0.00,0.00,233,13.00,3.24,0.00,7.6,4.998,4.998,4.998,4.998,106
2022-02-10 20:25:22,3.1,8.2,367,0.0,0.0,0,0.0,0.0,0,589842.00,0.00,0.00,241,13.00,3.35,0.00,7.1,4.998,4.998,4.998,4.998,45
2022-02-10 20:26:22,3.7,4.7,191,0.0,0.0,0,0.0,0.0,0,590033.00,0.00,0.00,234,13.00,3.25,0.00,7.1,4.998,4.998,4.998,4.998,19
2022-02-10 20:27:22,5.6,5.6,209,0.0,0.0,0,0.0,0.0,0,590242.00,0.00,0.00,281,13.00,3.91,0.00,7.1,4.998,4.998,4.998,4.998,3
2022-02-10 20:28:22,3.4,8.5,325,0.0,0.0,0,0.0,0.0,0,590567.00,0.00,0.00,219,13.00,3.05,0.00,7.1,4.998,4.998,4.998,4.998,210
2022-02-10 20:29:22,0.0,4.2,124,0.0,0.0,0,0.0,0.0,0,590691.00,0.00,0.00,235,13.00,3.26,0.00,7.1,4.998,4.998,4.998,4.998,124
2022-02-10 20:30:22,6.4,10.6,371,0.0,0.0,0,0.0,0.0,0,591062.00,0.00,0.00,271,13.00,3.76,0.00,7.1,4.998,4.998,4.998,4.998,238
2022-02-10 20:31:22,6.6,7.2,266,0.0,0.0,0,0.0,0.0,0,591328.00,0.00,0.00,303,13.00,4.21,0.00,7.1,4.998,4.998,4.998,4.998,184
2022-02-10 20:32:22,5.6,8.1,318,0.0,0.0,0,0.0,0.0,0,591646.00,0.00,0.00,242,13.00,3.36,0.00,7.1,4.998,4.998,4.998,4.998,198
2022-02-10 20:33:22,7.3,10.3,422,0.0,0.0,0,0.0,0.0,0,592068.00,0.00,0.00,269,13.00,3.74,0.00,7.1,4.998,4.998,4.998,4.998,5
2022-02-10 20:34:22,7.2,11.1,496,0.0,0.0,0,0.0,0.0,0,592564.00,0.00,0.00,267,13.00,3.71,0.00,7.6,4.998,4.998,4.998,4.998,33
2022-02-10 20:35:22,4.8,8.9,347,0.0,0.0,0,0.0,0.0,0,592911.00,0.00,0.00,285,13.00,3.96,0.00,7.1,4.998,4.998,4.998,4.998,114
2022-02-10 20:36:22,7.0,8.0,271,0.0,0.0,0,0.0,0.0,0,593182.00,0.00,0.00,233,13.00,3.24,0.00,7.1,4.998,4.998,4.998,4.998,110
2022-02-10 20:37:22,7.1,13.1,567,0.0,0.0,0,0.0,0.0,0,593749.00,0.00,0.00,208,13.00,2.90,0.00,7.6,4.998,4.998,4.998,4.998,144
2022-02-10 20:38:22,6.3,11.4,443,0.0,0.0,0,0.0,0.0,0,594192.00,0.00,0.00,243,13.00,3.38,0.00,7.1,4.998,4.998,4.998,4.998,43
2022-02-10 20:39:22,2.9,8.5,368,0.0,0.0,0,0.0,0.0,0,594560.00,0.00,0.00,282,13.00,3.92,0.00,7.1,4.998,4.998,4.998,4.998,45
2022-02-10 20:40:22,7.3,10.2,378,0.0,0.0,0,0.0,0.0,0,594938.00,0.00,0.00,218,13.00,3.03,0.00,7.1,4.998,4.998,4.998,4.998,157
2022-02-10 20:41:22,9.5,13.7,636,0.0,0.0,0,0.0,0.0,0,595574.00,0.00,0.00,256,13.00,3.56,0.00,7.1,4.998,4.998,4.998,4.998,91
2022-02-10 20:42:22,8.0,10.6,502,0.0,0.0,0,0.0,0.0,0,596076.00,0.00,0.00,260,13.00,3.61,0.00,7.1,4.998,4.998,4.998,4.998,78
2022-02-10 20:43:22,4.2,11.4,547,0.0,0.0,0,0.0,0.0,0,596623.00,0.00,0.00,255,13.00,3.54,0.00,7.1,4.998,4.998,4.998,4.998,8
2022-02-10 20:44:22,14.5,15.6,420,0.0,0.0,0,0.0,0.0,0,597043.00,0.00,0.00,203,13.00,2.82,0.00,7.1,4.998,4.998,4.998,4.998,1
2022-02-10 20:45:22,6.4,14.8,401,0.0,0.0,0,0.0,0.0,0,597444.00,0.00,0.00,219,13.00,3.04,0.00,7.1,4.998,4.998,4.998,4.998,222
2022-02-10 20:46:22,7.4,9.3,363,0.0,0.0,0,0.0,0.0,0,597807.00,0.00,0.00,243,13.00,3.38,0.00,7.1,4.998,4.998,4.998,4.998,32
2022-02-10 20:47:22,7.2,14.5,632,0.0,0.0,0,0.0,0.0,0,598439.00,0.00,0.00,245,13.00,3.40,0.00,7.1,4.998,4.998,4.998,4.998,210
2022-02-10 20:48:22,8.9,12.4,557,0.0,0.0,0,0.0,0.0,0,598996.00,0.00,0.00,221,13.00,3.08,0.00,7.1,4.998,4.998,4.998,4.998,207
2022-02-10 20:49:22,7.3,12.4,462,0.0,0.0,0,0.0,0.0,0,599458.00,0.00,0.00,246,13.00,3.42,0.00,6.6,4.998,4.998,4.998,4.998,242
2022-02-10 20:50:22,8.2,11.1,494,0.0,0.0,0,0.0,0.0,0,599952.00,0.00,0.00,202,13.00,2.81,0.00,7.1,4.998,4.998,4.998,4.998,244
2022-02-10 20:51:22,13.5,15.1,652,0.0,0.0,0,0.0,0.0,0,600604.00,0.00,0.00,273,13.00,3.79,0.00,7.1,4.998,4.998,4.998,4.998,115
2022-02-10 20:52:22,8.7,16.4,768,0.0,0.0,0,0.0,0.0,0,601372.00,0.00,0.00,233,13.00,3.23,0.00,7.1,4.998,4.998,4.998,4.998,105
2022-02-10 20:53:22,5.5,10.6,368,0.0,0.0,0,0.0,0.0,0,601740.00,0.00,0.00,217,13.00,3.01,0.00,7.1,4.998,4.998,4.998,4.998,127
2022-02-10 20:54:22,7.4,10.3,465,0.0,0.0,0,0.0,0.0,0,602205.00,0.00,0.00,253,13.00,3.52,0.00,6.6,4.998,4.998,4.998,4.998,146
2022-02-10 20:55:22,7.0,9.8,428,0.0,0.0,0,0.0,0.0,0,602633.00,0.00,0.00,251,13.00,3.49,0.00,7.1,4.998,4.998,4.998,4.998,213
2022-02-10 20:56:22,4.8,12.5,468,0.0,0.0,0,0.0,0.0,0,603101.00,0.00,0.00,247,13.00,3.43,0.00,6.6,4.998,4.998,4.998,4.998,6
2022-02-10 20:57:22,9.5,10.6,348,0.0,0.0,0,0.0,0.0,0,603449.00,0.00,0.00,262,13.00,3.64,0.00,6.6,4.998,4.998,4.998,4.998,50
2022-02-10 20:58:22,10.1,16.9,572,0.0,0.0,0,0.0,0.0,0,604021.00,0.00,0.00,236,13.00,3.28,0.00,6.6,4.998,4.998,4.998,4.998,6
2022-02-10 20:59:22,6.6,15.5,605,0.0,0.0,0,0.0,0.0,0,604626.00,0.00,0.00,256,13.00,3.55,0.00,6.6,4.998,4.998,4.998,4.998,57
2022-02-10 21:00:22,6.7,13.1,542,0.0,0.0,0,0.0,0.0,0,605168.00,0.00,0.00,242,13.00,3.36,0.00,6.6,4.998,4.998,4.998,4.998,100
2022-02-10 21:01:22,4.8,13.4,527,0.0,0.0,0,0.0,0.0,0,605695.00,0.00,0.00,275,13.00,3.82,0.00,6.6,4.998,4.998,4.998,4.998,136
2022-02-10 21:02:22,10.5,16.7,552,0.0,0.0,0,0.0,0.0,0,606247.00,0.00,0.00,296,13.00,4.11,0.00,6.6,4.998,4.998,4.998,4.998,227
2022-02-10 21:03:22,8.3,14.1,562,0.0,0.0,0,0.0,0.0,0,606809.00,0.00,0.00,249,13.00,3.47,0.00,6.1,4.998,4.998,4.998,4.998,135
2022-02-10 21:04:22,6.5,9.9,409,0.0,0.0,0,0.0,0.0,0,607218.00,0.00,0.00,273,13.00,3.80,0.00,6.1,4.998,4.998,4.998,4.998,137
2022-02-10 21:05:22,10.7,15.9,723,0.0,0.0,0,0.0,0.0,0,607941.00,0.00,0.00,254,13.00,3.53,0.00,6.1,4.998,4.998,4.998,4.998,232
2022-02-10 21:06:22,11.0,11.7,469,0.0,0.0,0,0.0,0.0,0,608410.00,0.00,0.00,265,13.00,3.68,0.00,6.1,4.998,4.998,4.998,4.998,115
2022-02-10 21:07:22,10.0,12.9,511,0.0,0.0,0,0.0,0.0,0,608921.00,0.00,0.00,265,13.00,3.69,0.00,5.6,4.998,4.998,4.998,4.998,155
2022-02-10 21:08:22,10.6,10.7,407,0.0,0.0,0,0.0,0.0,0,609328.00,0.00,0.00,245,13.00,3.40,0.00,5.6,4.998,4.998,4.998,4.998,102
2022-02-10 21:09:22,9.8,18.3,781,0.0,0.0,0,0.0,0.0,0,610109.00,0.00,0.00,233,13.00,3.23,0.00,5.6,4.998,4.998,4.998,4.998,254
2022-02-10 21:10:22,11.0,18.3,764,0.0,0.0,0,0.0,0.0,0,610873.00,0.00,0.00,261,13.00,3.63,0.00,5.6,4.998,4.998,4.998,4.998,171
2022-02-10 21:11:22,5.3,14.4,605,0.0,0.0,0,0.0,0.0,0,611478.00,0.00,0.00,278,13.00,3.86,0.00,5.6,4.998,4.998,4.998,4.998,117
2022-02-10 21:12:22,11.9,22.9,875,0.0,0.0,0,0.0,0.0,0,612353.00,0.00,0.00,246,13.00,3.42,0.00,5.6,4.998,4.998,4.998,4.998,110
2022-02-10 21:13:22,15.5,19.8,758,0.0,0.0,0,0.0,0.0,0,613111.00,0.00,0.00,234,13.00,3.26,0.00,5.1,4.998,4.998,4.998,4.998,146
2022-02-10 21:14:22,14.3,21.8,973,0.0,0.0,0,0.0,0.0,0,614084.00,0.00,0.00,247,13.00,3.43,0.00,5.1,4.998,4.998,4.998,4.998,129
2022-02-10 21:15:22,13.1,20.9,937,0.0,0.0,0,0.0,0.0,0,615021.00,0.00,0.00,230,12.96,3.19,0.00,4.6,4.998,4.998,4.998,4.998,32
2022-02-10 21:16:22,10.8,16.3,720,0.0,0.0,0,0.0,0.0,0,615741.00,0.00,0.00,282,13.00,3.92,0.00,5.1,4.998,4.998,4.998,4.998,126
2022-02-10 21:17:22,5.2,12.4,552,0.0,0.0,0,0.0,0.0,0,616293.00,0.00,0.00,256,13.00,3.55,0.00,4.6,4.998,4.998,4.998,4.998,183
2022-02-10 21:18:22,13.7,18.9,679,0.0,0.0,0,0.0,0.0,0,616972.00,0.00,0.00,273,12.96,3.79,0.00,5.1,4.998,4.998,4.998,4.998,9
2022-02-10 21:19:22,7.8,16.5,744,0.0,0.0,0,0.0,0.0,0,617716.00,0.00,0.00,235,13.00,3.27,0.00,5.1,4.998,4.998,4.998,4.998,198
2022-02-10 21:20:22,10.9,15.0,596,0.0,0.0,0,0.0,0.0,0,618312.00,0.00,0.00,233,13.00,3.23,0.00,4.6,4.998,4.998,4.998,4.998,59
2022-02-10 21:21:22,7.5,18.6,708,0.0,0.0,0,0.0,0.0,0,619020.00,0.00,0.00,204,12.96,2.84,0.00,4.6,4.998,4.998,4.998,4.998,191
2022-02-10 21:22:22,12.3,14.2,517,0.0,0.0,0,0.0,0.0,0,619537.00,0.00,0.00,279,12.96,3.88,0.00,4.6,4.998,4.998,4.998,4.998,86
2022-02-10 21:23:22,9.6,13.6,514,0.0,0.0,0,0.0,0.0,0,620051.00,0.00,0.00,249,12.96,3.46,0.00,4.6,4.998,4.998,4.998,4.998,170
2022-02-10 21:24:22,4.5,14.4,537,0.0,0.0,0,0.0,0.0,0,620588.00,0.00,0.00,251,12.96,3.48,0.00,5.1,4.998,4.998,4.998,4.998,28
2022-02-10 21:25:22,10.3,12.8,484,0.0,0.0,0,0.0,0.0,0,621072.00,0.00,0.00,240,12.96,3.33,0.00,4.6,4.998,4.998,4.998,4.998,223
2022-02-10 21:26:22,10.1,14.2,603,0.0,0.0,0,0.0,0.0,0,621675.00,0.00,0.00,230,13.00,3.19,0.00,5.1,4.998,4.998,4.998,4.998,140
2022-02-10 21:27:22,8.7,11.5,509,0.0,0.0,0,0.0,0.0,0,622184.00,0.00,0.00,252,12.96,3.51,0.00,4.6,4.998,4.998,4.998,4.998,199
2022-02-10 21:28:22,9.5,15.4,562,0.0,0.0,0,0.0,0.0,0,622746.00,0.00,0.00,257,12.96,3.57,0.00,5.1,4.998,4.998,4.998,4.998,203
2022-02-10 21:29:22,8.2,11.7,473,0.0,0.0,0,0.0,0.0,0,623219.00,0.00,0.00,230,12.96,3.19,0.00,4.6,4.998,4.998,4.998,4.998,192
2022-02-10 21:30:22,7.8,9.4,386,0.0,0.0,0,0.0,0.0,0,623605.00,0.00,0.00,279,12.96,3.88,0.00,4.6,4.998,4.998,4.998,4.998,252
2022-02-10 21:31:22,6.5,10.0,419,0.0,0.0,0,0.0,0.0,0,624024.00,0.00,0.00,219,12.96,3.05,0.00,4.6,4.998,4.998,4.998,4.998,200
2022-02-10 21:32:22,6.3,12.9,526,0.0,0.0,0,0.0,0.0,0,624550.00,0.00,0.00,245,13.00,3.41,0.00,4.6,4.998,4.998,4.998,4.998,135
2022-02-10 21:33:22,11.4,11.4,423,0.0,0.0,0,0.0,0.0,0,624973.00,0.00,0.00,268,12.96,3.73,0.00,4.6,4.998,4.998,4.998,4.998,253
2022-02-10 21:34:22,7.9,15.2,558,0.0,0.0,0,0.0,0.0,0,625531.00,0.00,0.00,238,13.00,3.31,0.00,4.1,4.998,4.998,4.998,4.998,239
2022-02-10 21:35:22,5.5,10.3,435,0.0,0.0,0,0.0,0.0,0,625966.00,0.00,0.00,250,13.00,3.47,0.00,4.1,4.998,4.998,4.998,4.998,217
2022-02-10 21:36:22,8.8,9.5,418,0.0,0.0,0,0.0,0.0,0,626384.00,0.00,0.00,241,12.96,3.35,0.00,4.1,4.998,4.998,4.998,4.998,167
2022-02-10 21:37:22,6.8,15.5,621,0.0,0.0,0,0.0,0.0,0,627005.00,0.00,0.00,268,12.96,3.73,0.00,4.1,4.998,4.998,4.998,4.998,212
2022-02-10 21:38:22,5.7,11.2,433,0.0,0.0,0,0.0,0.0,0,627438.00,0.00,0.00,238,13.00,3.31,0.00,4.1,4.998,4.998,4.998,4.998,86
2022-02-10 21:39:22,6.8,11.9,449,0.0,0.0,0,0.0,0.0,0,627887.00,0.00,0.00,243,12.96,3.38,0.00,4.1,4.998,4.998,4.998,4.998,25
2022-02-10 21:40:22,7.4,9.2,403,0.0,0.0,0,0.0,0.0,0,628290.00,0.00,0.00,238,12.96,3.31,0.00,4.1,4.998,4.998,4.998,4.998,49
2022-02-10 21:41:22,7.0,10.4,469,0.0,0.0,0,0.0,0.0,0,628759.00,0.00,0.00,223,12.96,3.10,0.00,4.1,4.998,4.998,4.998,4.998,83
2022-02-10 21:42:22,10.4,11.0,401,0.0,0.0,0,0.0,0.0,0,629160.00,0.00,0.00,250,13.00,3.48,0.00,4.1,4.998,4.998,4.998,4.998,96
2022-02-10 21:43:22,6.4,11.3,494,0.0,0.0,0,0.0,0.0,0,629654.00,0.00,0.00,240,12.96,3.34,0.00,4.1,4.998,4.998,4.998,4.998,94
2022-02-10 21:44:22,5.5,7.8,327,0.0,0.0,0,0.0,0.0,0,629981.00,0.00,0.00,240,12.96,3.33,0.00,4.1,4.998,4.998,4.998,4.998,88
2022-02-10 21:45:22,8.2,14.3,480,0.0,0.0,0,0.0,0.0,0,630461.00,0.00,0.00,225,12.96,3.12,0.00,4.1,4.998,4.998,4.998,4.998,19
2022-02-10 21:46:22,3.8,9.5,341,0.0,0.0,0,0.0,0.0,0,630802.00,0.00,0.00,286,13.00,3.97,0.00,4.1,4.998,4.998,4.998,4.998,72
2022-02-10 21:47:22,6.7,7.4,321,0.0,0.0,0,0.0,0.0,0,631123.00,0.00,0.00,240,12.96,3.33,0.00,4.1,4.998,4.998,4.998,4.998,245
2022-02-10 21:48:22,6.1,10.7,471,0.0,0.0,0,0.0,0.0,0,631594.00,0.00,0.00,263,12.96,3.66,0.00,4.1,4.998,4.998,4.998,4.998,107
2022-02-10 21:49:22,9.0,11.1,545,0.0,0.0,0,0.0,0.0,0,632139.00,0.00,0.00,249,13.00,3.46,0.00,4.1,4.998,4.998,4.998,4.998,162
2022-02-10 21:50:22,8.2,9.6,459,0.0,0.0,0,0.0,0.0,0,632598.00,0.00,0.00,220,12.96,3.06,0.00,4.1,4.998,4.998,4.998,4.998,206
2022-02-10 21:51:22,6.3,9.2,436,0.0,0.0,0,0.0,0.0,0,633034.00,0.00,0.00,258,13.00,3.59,0.00,4.1,4.998,4.998,4.998,4.998,157
2022-02-10 21:52:22,4.8,8.4,356,0.0,0.0,0,0.0,0.0,0,633390.00,0.00,0.00,239,12.96,3.32,0.00,3.7,4.998,4.998,4.998,4.998,231
2022-02-10 21:53:22,8.6,10.7,448,0.0,0.0,0,0.0,0.0,0,633838.00,0.00,0.00,226,12.96,3.13,0.00,3.7,4.998,4.998,4.998,4.998,34
2022-02-10 21:54:22,4.8,10.1,363,0.0,0.0,0,0.0,0.0,0,634201.00,0.00,0.00,234,12.96,3.26,0.00,4.1,4.998,4.998,4.998,4.998,157
2022-02-10 21:55:22,4.8,5.1,226,0.0,0.0,0,0.0,0.0,0,634427.00,0.00,0.00,236,12.96,3.29,0.00,3.7,4.998,4.998,4.998,4.998,207
2022-02-10 21:56:22,3.4,10.4,471,0.0,0.0,0,0.0,0.0,0,634898.00,0.00,0.00,222,12.96,3.09,0.00,3.7,4.998,4.998,4.998,4.998,134
2022-02-10 21:57:22,8.1,10.9,471,0.0,0.0,0,0.0,0.0,0,635369.00,0.00,0.00,229,12.96,3.18,0.00,4.1,4.998,4.998,4.998,4.998,167
2022-02-10 21:58:22,7.0,10.4,447,0.0,0.0,0,0.0,0.0,0,635816.00,0.00,0.00,227,12.96,3.16,0.00,3.7,4.998,4.998,4.998,4.998,53
2022-02-10 21:59:22,6.5,12.5,445,0.0,0.0,0,0.0,0.0,0,636261.00,0.00,0.00,282,12.96,3.92,0.00,3.7,4.998,4.998,4.998,4.998,161
2022-02-10 22:00:22,3.5,7.3,347,0.0,0.0,0,0.0,0.0,0,636608.00,0.00,0.00,235,12.96,3.26,0.00,3.7,4.998,4.998,4.998,4.998,162
2022-02-10 22:01:22,3.3,5.8,235,0.0,0.0,0,0.0,0.0,0,636843.00,0.00,0.00,241,12.96,3.34,0.00,3.7,4.998,4.998,4.998,4.998,75
2022-02-10 22:02:22,3.2,5.5,220,0.0,0.0,0,0.0,0.0,0,637063.00,0.00,0.00,290,12.96,4.03,0.00,3.7,4.998,4.998,4.998,4.998,65
2022-02-10 22:03:22,4.3,6.0,201,0.0,0.0,0,0.0,0.0,0,637264.00,0.00,0.00,235,12.96,3.27,0.00,3.7,4.998,4.998,4.998,4.998,120
2022-02-10 22:04:22,6.5,8.0,339,0.0,0.0,0,0.0,0.0,0,637603.00,0.00,0.00,257,12.96,3.57,0.00,3.7,4.998,4.998,4.998,4.998,211
2022-02-10 22:05:22,5.0,6.6,282,0.0,0.0,0,0.0,0.0,0,637885.00,0.00,0.00,248,12.96,3.45,0.00,3.7,4.998,4.998,4.998,4.998,8
2022-02-10 22:06:22,7.0,7.4,272,0.0,0.0,0,0.0,0.0,0,638157.00,0.00,0.00,217,12.96,3.01,0.00,3.7,4.998,4.998,4.998,4.998,29
2022-02-10 22:07:22,7.0,7.5,359,0.0,0.0,0,0.0,0.0,0,638516.00,0.00,0.00,227,12.96,3.15,0.00,3.7,4.998,4.998,4.998,4.998,71
2022-02-10 22:08:22,7.2,9.7,377,0.0,0.0,0,0.0,0.0,0,638893.00,0.00,0.00,228,12.96,3.17,0.00,3.7,4.998,4.998,4.998,4.998,53
2022-02-10 22:09:22,4.3,7.8,288,0.0,0.0,0,0.0,0.0,0,639181.00,0.00,0.00,249,12.92,3.46,0.00,3.7,4.998,4.998,4.998,4.998,184
2022-02-10 22:10:22,3.7,4.8,207,0.0,0.0,0,0.0,0.0,0,639388.00,0.00,0.00,236,12.96,3.28,0.00,3.7,4.998,4.998,4.998,4.998,132
2022-02-10 22:11:22,4.3,5.2,182,0.0,0.0,0,0.0,0.0,0,639570.00,0.00,0.00,231,12.96,3.21,0.00,3.7,4.998,4.998,4.998,4.998,26
2022-02-10 22:12:22,5.3,5.8,273,0.0,0.0,0,0.0,0.0,0,639843.00,0.00,0.00,223,12.96,3.11,0.00,3.7,4.998,4.998,4.998,4.998,169
2022-02-10 22:13:22,5.2,7.9,291,0.0,0.0,0,0.0,0.0,0,640134.00,0.00,0.00,253,12.96,3.51,0.00,3.7,4.998,4.998,4.998,4.998,208
2022-02-10 22:14:22,4.4,6.5,305,0.0,0.0,0,0.0,0.0,0,640439.00,0.00,0.00,242,12.96,3.36,0.00,3.7,4.998,4.998,4.998,4.998,27
2022-02-10 22:15:22,5.1,5.4,204,0.0,0.0,0,0.0,0.0,0,640643.00,0.00,0.00,241,12.96,3.34,0.00,3.2,4.998,4.998,4.998,4.998,159
2022-02-10 22:16:22,4.6,6.9,299,0.0,0.0,0,0.0,0.0,0,640942.00,0.00,0.00,251,12.96,3.48,0.00,3.7,4.998,4.998,4.998,4.998,227
2022-02-10 22:17:22,3.3,5.6,237,0.0,0.0,0,0.0,0.0,0,641179.00,0.00,0.00,243,12.96,3.38,0.00,3.7,4.998,4.998,4.998,4.998,23
2022-02-10 22:18:22,4.6,7.4,235,0.0,0.0,0,0.0,0.0,0,641414.00,0.00,0.00,227,12.96,3.15,0.00,3.7,4.998,4.998,4.998,4.998,175
2022-02-10 22:19:22,5.6,7.8,301,0.0,0.0,0,0.0,0.0,0,641715.00,0.00,0.00,242,12.96,3.37,0.00,3.7,4.998,4.998,4.998,4.998,140
2022-02-10 22:20:22,5.1,7.6,302,0.0,0.0,0,0.0,0.0,0,642017.00,0.00,0.00,238,12.96,3.31,0.00,3.2,4.998,4.998,4.998,4.998,23
2022-02-10 22:21:22,4.9,7.1,315,0.0,0.0,0,0.0,0.0,0,642332.00,0.00,0.00,269,12.96,3.74,0.00,3.7,4.998,4.998,4.998,4.998,109
2022-02-10 22:22:22,9.1,12.0,430,0.0,0.0,0,0.0,0.0,0,642762.00,0.00,0.00,235,12.96,3.27,0.00,3.7,4.998,4.998,4.998,4.998,92
2022-02-10 22:23:22,7.8,9.3,422,0.0,0.0,0,0.0,0.0,0,643184.00,0.00,0.00,234,12.96,3.26,0.00,3.7,4.998,4.998,4.998,4.998,20
2022-02-10 22:24:22,4.2,10.6,428,0.0,0.0,0,0.0,0.0,0,643612.00,0.00,0.00,250,12.96,3.47,0.00,3.7,4.998,4.998,4.998,4.998,205
2022-02-10 22:25:22,4.6,6.9,310,0.0,0.0,0,0.0,0.0,0,643922.00,0.00,0.00,235,12.96,3.27,0.00,3.7,4.998,4.998,4.998,4.998,66
2022-02-10 22:26:22,2.6,9.3,359,0.0,0.0,0,0.0,0.0,0,644281.00,0.00,0.00,228,12.96,3.17,0.00,3.2,4.998,4.998,4.998,4.998,200
2022-02-10 22:27:22,7.5,9.1,395,0.0,0.0,0,0.0,0.0,0,644676.00,0.00,0.00,243,12.96,3.38,0.00,3.7,4.998,4.998,4.998,4.998,42
2022-02-10 22:28:22,6.3,8.6,350,0.0,0.0,0,0.0,0.0,0,645026.00,0.00,0.00,245,12.96,3.40,0.00,3.7,4.998,4.998,4.998,4.998,26
2022-02-10 22:29:22,7.0,12.6,403,0.0,0.0,0,0.0,0.0,0,645429.00,0.00,0.00,248,12.96,3.45,0.00,3.7,4.998,4.998,4.998,4.998,205
2022-02-10 22:30:22,8.3,10.8,488,0.0,0.0,0,0.0,0.0,0,645917.00,0.00,0.00,238,12.96,3.30,0.00,3.2,4.998,4.998,4.998,4.998,72
2022-02-10 22:31:22,4.8,10.0,425,0.0,0.0,0,0.0,0.0,0,646342.00,0.00,0.00,235,12.96,3.27,0.00,3.7,4.998,4.998,4.998,4.998,171
2022-02-10 22:32:22,5.1,9.1,363,0.0,0.0,0,0.0,0.0,0,646705.00,0.00,0.00,255,12.96,3.54,0.00,3.2,4.998,4.998,4.998,4.998,111
2022-02-10 22:33:22,4.3,9.2,400,0.0,0.0,0,0.0,0.0,0,647105.00,0.00,0.00,246,12.96,3.42,0.00,2.7,4.998,4.998,4.998,4.998,99
2022-02-10 22:34:22,9.2,15.2,627,0.0,0.0,0,0.0,0.0,0,647732.00,0.00,0.00,280,12.92,3.89,0.00,3.7,4.998,4.998,4.998,4.998,254
2022-02-10 22:35:22,6.4,10.7,504,0.0,0.0,0,0.0,0.0,0,648236.00,0.00,0.00,251,12.96,3.48,0.00,3.2,4.998,4.998,4.998,4.998,209
2022-02-10 22:36:22,7.1,13.6,459,0.0,0.0,0,0.0,0.0,0,648695.00,0.00,0.00,238,12.96,3.31,0.00,3.2,4.998,4.998,4.998,4.998,255
2022-02-10 22:37:22,6.6,12.3,524,0.0,0.0,0,0.0,0.0,0,649219.00,0.00,0.00,236,12.96,3.29,0.00,3.2,4.998,4.998,4.998,4.998,55
2022-02-10 22:38:22,7.4,11.7,481,0.0,0.0,0,0.0,0.0,0,649700.00,0.00,0.00,232,12.92,3.22,0.00,3.2,4.998,4.998,4.998,4.998,70
2022-02-10 22:39:22,10.3,14.7,591,0.0,0.0,0,0.0,0.0,0,650291.00,0.00,0.00,268,12.96,3.72,0.00,3.2,4.998,4.998,4.998,4.998,160
2022-02-10 22:40:22,11.9,16.1,669,0.0,0.0,0,0.0,0.0,0,650960.00,0.00,0.00,265,12.92,3.68,0.00,3.2,4.998,4.998,4.998,4.998,84
2022-02-10 22:41:22,7.4,12.3,534,0.0,0.0,0,0.0,0.0,0,651494.00,0.00,0.00,275,12.96,3.82,0.00,3.2,4.998,4.998,4.998,4.998,37
2022-02-10 22:42:22,6.8,8.4,399,0.0,0.0,0,0.0,0.0,0,651893.00,0.00,0.00,278,12.96,3.86,0.00,3.2,4.998,4.998,4.998,4.998,58
2022-02-10 22:43:22,5.6,9.6,394,0.0,0.0,0,0.0,0.0,0,652287.00,0.00,0.00,243,12.96,3.37,0.00,3.2,4.998,4.998,4.998,4.998,108
2022-02-10 22:44:22,6.6,9.0,402,0.0,0.0,0,0.0,0.0,0,652689.00,0.00,0.00,253,12.96,3.52,0.00,3.2,4.998,4.998,4.998,4.998,241
2022-02-10 22:45:22,7.0,9.6,443,0.0,0.0,0,0.0,0.0,0,653132.00,0.00,0.00,259,12.92,3.59,0.00,3.2,4.998,4.998,4.998,4.998,21
2022-02-10 22:46:22,9.9,12.5,447,0.0,0.0,0,0.0,0.0,0,653579.00,0.00,0.00,285,12.92,3.95,0.00,2.7,4.998,4.998,4.998,4.998,29
2022-02-10 22:47:22,5.9,13.1,550,0.0,0.0,0,0.0,0.0,0,654129.00,0.00,0.00,249,12.96,3.46,0.00,3.2,4.998,4.998,4.998,4.998,143
2022-02-10 22:48:22,9.5,12.8,511,0.0,0.0,0,0.0,0.0,0,654640.00,0.00,0.00,226,12.96,3.13,0.00,2.7,4.998,4.998,4.998,4.998,125
2022-02-10 22:49:22,5.8,10.1,425,0.0,0.0,0,0.0,0.0,0,655065.00,0.00,0.00,257,12.92,3.57,0.00,2.7,4.998,4.998,4.998,4.998,245
2022-02-10 22:50:22,6.8,10.9,486,0.0,0.0,0,0.0,0.0,0,655551.00,0.00,0.00,257,12.96,3.57,0.00,3.2,4.998,4.998,4.998,4.998,151
2022-02-10 22:51:22,6.0,14.1,477,0.0,0.0,0,0.0,0.0,0,656028.00,0.00,0.00,288,12.96,4.00,0.00,3.2,4.998,4.998,4.998,4.998,129
2022-02-10 22:52:22,6.9,9.0,314,0.0,0.0,0,0.0,0.0,0,656342.00,0.00,0.00,186,12.96,2.59,0.00,2.7,4.998,4.998,4.998,4.998,15
2022-02-10 22:53:22,6.4,9.0,370,0.0,0.0,0,0.0,0.0,0,656712.00,0.00,0.00,252,12.92,3.50,0.00,2.7,4.998,4.998,4.998,4.998,235
2022-02-10 22:54:22,7.8,16.0,648,0.0,0.0,0,0.0,0.0,0,657360.00,0.00,0.00,226,12.92,3.13,0.00,2.7,4.998,4.998,4.998,4.998,28
2022-02-10 22:55:22,6.7,14.2,529,0.0,0.0,0,0.0,0.0,0,657889.00,0.00,0.00,243,12.96,3.38,0.00,2.7,4.998,4.998,4.998,4.998,88
2022-02-10 22:56:22,12.3,18.0,673,0.0,0.0,0,0.0,0.0,0,658562.00,0.00,0.00,238,12.92,3.31,0.00,2.7,4.998,4.998,4.998,4.998,121
2022-02-10 22:57:22,10.3,16.5,669,0.0,0.0,0,0.0,0.0,0,659231.00,0.00,0.00,249,12.92,3.47,0.00,2.7,4.998,4.998,4.998,4.998,95
2022-02-10 22:58:22,7.8,12.7,539,0.0,0.0,0,0.0,0.0,0,659770.00,0.00,0.00,231,12.96,3.21,0.00,2.7,4.998,4.998,4.998,4.998,24
2022-02-10 22:59:22,11.3,11.3,475,0.0,0.0,0,0.0,0.0,0,660245.00,0.00,0.00,224,12.92,3.12,0.00,2.7,4.998,4.998,4.998,4.998,60
2022-02-10 23:00:22,8.7,13.1,505,0.0,0.0,0,0.0,0.0,0,660750.00,0.00,0.00,240,12.92,3.33,0.00,2.7,4.998,4.998,4.998,4.998,52
2022-02-10 23:01:22,11.4,11.7,543,0.0,0.0,0,0.0,0.0,0,661293.00,0.00,0.00,260,12.96,3.61,0.00,2.7,4.998,4.998,4.998,4.998,44
2022-02-10 23:02:22,7.8,14.2,573,0.0,0.0,0,0.0,0.0,0,661866.00,0.00,0.00,238,12.92,3.30,0.00,2.2,4.998,4.998,4.998,4.998,56
2022-02-10 23:03:22,3.4,9.6,392,0.0,0.0,0,0.0,0.0,0,662258.00,0.00,0.00,214,12.96,2.97,0.00,2.7,4.998,4.998,4.998,4.998,97
2022-02-10 23:04:22,7.0,12.8,412,0.0,0.0,0,0.0,0.0,0,662670.00,0.00,0.00,243,12.92,3.37,0.00,2.7,4.998,4.998,4.998,4.998,168
2022-02-10 23:05:22,10.5,15.1,569,0.0,0.0,0,0.0,0.0,0,663239.00,0.00,0.00,246,12.92,3.42,0.00,2.2,4.998,4.998,4.998,4.998,170
2022-02-10 23:06:22,11.5,13.7,612,0.0,0.0,0,0.0,0.0,0,663851.00,0.00,0.00,251,12.96,3.49,0.00,2.7,4.998,4.998,4.998,4.998,92
2022-02-10 23:07:22,12.5,18.3,538,0.0,0.0,0,0.0,0.0,0,664389.00,0.00,0.00,229,12.92,3.18,0.00,2.2,4.998,4.998,4.998,4.998,10
2022-02-10 23:08:22,11.2,17.3,638,0.0,0.0,0,0.0,0.0,0,665027.00,0.00,0.00,240,12.92,3.33,0.00,2.7,4.998,4.998,4.998,4.998,1
2022-02-10 23:09:22,5.5,12.9,504,0.0,0.0,0,0.0,0.0,0,665531.00,0.00,0.00,244,12.92,3.39,0.00,2.7,4.998,4.998,4.998,4.998,50
2022-02-10 23:10:22,9.7,11.3,468,0.0,0.0,0,0.0,0.0,0,665999.00,0.00,0.00,209,12.92,2.91,0.00,2.7,4.998,4.998,4.998,4.998,121
2022-02-10 23:11:22,5.6,9.8,351,0.0,0.0,0,0.0,0.0,0,666350.00,0.00,0.00,220,12.96,3.05,0.00,2.2,4.998,4.998,4.998,4.998,168
2022-02-10 23:12:22,9.3,14.0,488,0.0,0.0,0,0.0,0.0,0,666838.00,0.00,0.00,237,12.92,3.29,0.00,2.7,4.998,4.998,4.998,4.998,190
2022-02-10 23:13:22,8.2,12.3,570,0.0,0.0,0,0.0,0.0,0,667408.00,0.00,0.00,207,12.92,2.88,0.00,2.7,4.998,4.998,4.998,4.998,77
2022-02-10 23:14:22,4.4,8.3,333,0.0,0.0,0,0.0,0.0,0,667741.00,0.00,0.00,232,12.92,3.22,0.00,2.7,4.998,4.998,4.998,4.998,174
2022-02-10 23:15:22,7.6,17.0,496,0.0,0.0,0,0.0,0.0,0,668237.00,0.00,0.00,199,12.96,2.77,0.00,2.7,4.998,4.998,4.998,4.998,50
2022-02-10 23:16:22,7.5,18.9,735,0.0,0.0,0,0.0,0.0,0,668972.00,0.00,0.00,232,12.92,3.23,0.00,2.2,4.998,4.998,4.998,4.998,168
2022-02-10 23:17:22,5.6,8.5,360,0.0,0.0,0,0.0,0.0,0,669332.00,0.00,0.00,233,12.96,3.23,0.00,2.7,4.998,4.998,4.998,4.998,1
2022-02-10 23:18:22,5.9,12.9,498,0.0,0.0,0,0.0,0.0,0,669830.00,0.00,0.00,188,12.92,2.61,0.00,2.2,4.998,4.998,4.998,4.998,126
2022-02-10 23:19:22,4.9,9.7,431,0.0,0.0,0,0.0,0.0,0,670261.00,0.00,0.00,245,12.92,3.40,0.00,2.2,4.998,4.998,4.998,4.998,109
2022-02-10 23:20:22,7.5,9.3,308,0.0,0.0,0,0.0,0.0,0,670569.00,0.00,0.00,245,12.92,3.40,0.00,2.2,4.998,4.998,4.998,4.998,67
2022-02-10 23:21:22,5.9,9.9,389,0.0,0.0,0,0.0,0.0,0,670958.00,0.00,0.00,252,12.92,3.51,0.00,2.2,4.998,4.998,4.998,4.998,24
2022-02-10 23:22:22,4.0,10.6,375,0.0,0.0,0,0.0,0.0,0,671333.04,0.00,0.00,241,12.92,3.35,0.00,2.2,4.998,4.998,4.998,4.998,138
2022-02-10 23:23:22,6.5,9.3,320,0.0,0.0,0,0.0,0.0,0,671653.04,0.00,0.00,225,12.92,3.13,0.00,2.2,4.998,4.998,4.998,4.998,201
2022-02-10 23:24:22,5.7,13.3,541,0.0,0.0,0,0.0,0.0,0,672194.00,0.00,0.00,256,12.92,3.56,0.00,2.2,4.998,4.998,4.998,4.998,14
2022-02-10 23:25:22,3.6,8.6,381,0.0,0.0,0,0.0,0.0,0,672575.04,0.00,0.00,225,12.92,3.12,0.00,2.2,4.998,4.998,4.998,4.998,75
2022-02-10 23:26:22,9.0,13.0,435,0.0,0.0,0,0.0,0.0,0,673010.00,0.00,0.00,221,12.92,3.08,0.00,2.7,4.998,4.998,4.998,4.998,162
2022-02-10 23:27:22,3.5,9.8,304,0.0,0.0,0,0.0,0.0,0,673314.00,0.00,0.00,229,12.92,3.18,0.00,2.2,4.998,4.998,4.998,4.998,14
2022-02-10 23:28:22,7.2,7.2,299,0.0,0.0,0,0.0,0.0,0,673613.04,0.00,0.00,229,12.92,3.19,0.00,2.7,4.998,4.998,4.998,4.998,196
2022-02-10 23:29:22,12.5,12.6,344,0.0,0.0,0,0.0,0.0,0,673957.04,0.00,0.00,202,12.92,2.80,0.00,2.2,4.998,4.998,4.998,4.998,156
2022-02-10 23:30:22,9.0,12.1,483,0.0,0.0,0,0.0,0.0,0,674440.00,0.00,0.00,191,12.92,2.66,0.00,2.2,4.998,4.998,4.998,4.998,222
2022-02-10 23:31:22,3.2,9.9,288,0.0,0.0,0,0.0,0.0,0,674728.00,0.00,0.00,228,12.92,3.17,0.00,2.2,4.998,4.998,4.998,4.998,112
2022-02-10 23:32:22,4.0,7.6,306,0.0,0.0,0,0.0,0.0,0,675034.00,0.00,0.00,237,12.92,3.30,0.00,2.7,4.998,4.998,4.998,4.998,7
2022-02-10 23:33:22,8.2,12.0,455,0.0,0.0,0,0.0,0.0,0,675489.04,0.00,0.00,226,12.92,3.13,0.00,2.7,4.998,4.998,4.998,4.998,46
2022-02-10 23:34:22,3.2,10.7,485,0.0,0.0,0,0.0,0.0,0,675974.00,0.00,0.00,197,12.92,2.74,0.00,2.2,4.998,4.998,4.998,4.998,114
2022-02-10 23:35:22,9.0,10.7,424,0.0,0.0,0,0.0,0.0,0,676398.00,0.00,0.00,206,12.92,2.86,0.00,2.7,4.998,4.998,4.998,4.998,226
2022-02-10 23:36:22,4.0,9.4,328,0.0,0.0,0,0.0,0.0,0,676726.00,0.00,0.00,213,12.92,2.95,0.00,2.2,4.998,4.998,4.998,4.998,129
2022-02-10 23:37:22,4.7,4.7,181,0.0,0.0,0,0.0,0.0,0,676907.04,0.00,0.00,212,12.92,2.94,0.00,2.2,4.998,4.998,4.998,4.998,129
2022-02-10 23:38:22,5.7,11.3,414,0.0,0.0,0,0.0,0.0,0,677321.04,0.00,0.00,218,12.92,3.03,0.00,2.7,4.998,4.998,4.998,4.998,248
2022-02-10 23:39:22,6.1,14.4,513,0.0,0.0,0,0.0,0.0,0,677834.00,0.00,0.00,247,12.92,3.44,0.00,2.2,4.998,4.998,4.998,4.998,209
2022-02-10 23:40:22,5.8,15.9,633,0.0,0.0,0,0.0,0.0,0,678467.04,0.00,0.00,236,12.92,3.29,0.00,2.7,4.998,4.998,4.998,4.998,58
2022-02-10 23:41:22,5.2,10.0,425,0.0,0.0,0,0.0,0.0,0,678892.00,0.00,0.00,198,12.92,2.75,0.00,2.2,4.998,4.998,4.998,4.998,102
2022-02-10 23:42:22,6.6,7.6,321,0.0,0.0,0,0.0,0.0,0,679213.04,0.00,0.00,209,12.92,2.91,0.00,2.7,4.998,4.998,4.998,4.998,12
2022-02-10 23:43:22,5.5,8.9,333,0.0,0.0,0,0.0,0.0,0,679546.00,0.00,0.00,215,12.92,2.99,0.00,4.6,4.998,4.998,4.998,4.998,54
2022-02-10 23:44:22,5.7,8.4,386,0.0,0.0,0,0.0,0.0,0,679932.00,0.00,0.00,220,12.92,3.06,0.00,2.2,4.998,4.998,4.998,4.998,240
2022-02-10 23:45:22,5.0,8.8,326,0.0,0.0,0,0.0,0.0,0,680258.00,0.00,0.00,243,12.92,3.38,0.00,2.7,4.998,4.998,4.998,4.998,136
2022-02-10 23:46:22,3.9,7.6,315,0.0,0.0,0,0.0,0.0,0,680573.04,0.00,0.00,204,12.92,2.84,0.00,2.2,4.998,4.998,4.998,4.998,162
2022-02-10 23:47:22,7.4,7.4,210,0.0,0.0,0,0.0,0.0,0,680783.04,0.00,0.00,237,12.92,3.29,0.00,2.7,4.998,4.998,4.998,4.998,213
2022-02-10 23:48:22,5.3,8.3,261,0.0,0.0,0,0.0,0.0,0,681044.00,0.00,0.00,209,12.92,2.91,0.00,2.2,4.998,4.998,4.998,4.998,130
2022-02-10 23:49:22,6.7,8.7,360,0.0,0.0,0,0.0,0.0,0,681404.00,0.00,0.00,224,12.92,3.11,0.00,2.2,4.998,4.998,4.998,4.998,47
2022-02-10 23:50:22,6.9,8.6,360,0.0,0.0,0,0.0,0.0,0,681764.00,0.00,0.00,169,12.92,2.34,0.00,2.7,4.998,4.998,4.998,4.998,129
2022-02-10 23:51:22,4.4,9.5,397,0.0,0.0,0,0.0,0.0,0,682161.04,0.00,0.00,199,12.92,2.76,0.00,2.2,4.998,4.998,4.998,4.998,189
2022-02-10 23:52:22,5.1,7.7,299,0.0,0.0,0,0.0,0.0,0,682460.00,0.00,0.00,201,12.92,2.79,0.00,2.7,4.998,4.998,4.998,4.998,51
2022-02-10 23:53:22,3.9,12.0,458,0.0,0.0,0,0.0,0.0,0,682918.00,0.00,0.00,221,12.92,3.07,0.00,2.7,4.998,4.998,4.998,4.998,249
2022-02-10 23:54:22,4.4,8.4,308,0.0,0.0,0,0.0,0.0,0,683226.00,0.00,0.00,265,12.92,3.68,0.00,2.7,4.998,4.998,4.998,4.998,181
2022-02-10 23:55:22,5.1,6.2,259,0.0,0.0,0,0.0,0.0,0,683485.04,0.00,0.00,190,12.92,2.65,0.00,2.2,4.998,4.998,4.998,4.998,2
2022-02-10 23:56:22,9.3,9.8,439,0.0,0.0,0,0.0,0.0,0,683924.00,0.00,0.00,217,12.92,3.02,0.00,2.7,4.998,4.998,4.998,4.998,214
2022-02-10 23:57:22,7.5,10.8,367,0.0,0.0,0,0.0,0.0,0,684291.04,0.00,0.00,222,12.92,3.08,0.00,2.2,4.998,4.998,4.998,4.998,219
2022-02-10 23:58:22,5.7,9.3,383,0.0,0.0,0,0.0,0.0,0,684674.00,0.00,0.00,195,12.92,2.70,0.00,2.2,4.998,4.998,4.998,4.998,123
2022-02-10 23:59:22,7.1,13.4,512,0.0,0.0,0,0.0,0.0,0,685186.00,0.00,0.00,204,12.92,2.84,0.00,2.7,4.998,4.998,4.998,4.998,10
