2022-03-03 00:00:22,0.0,0.0,0,0.0,0.0,0,0.0,0.0,0,0.00,0.00,0.00,5,12.49,0.07,0.00,-22.6,4.998,4.998,4.998,4.998,113
2022-03-03 00:01:22,0.0,0.0,0,0.0,0.0,0,0.0,0.0,0,0.00,0.00,0.00,5,12.53,0.07,0.00,-23.1,4.998,4.998,4.998,4.998,159
2022-03-03 00:02:22,0.0,0.0,0,0.0,0.0,0,0.0,0.0,0,0.00,0.00,0.00,5,12.49,0.07,0.00,-22.6,4.998,4.998,4.998,4.998,128
2022-03-03 00:03:22,0.0,0.0,0,0.0,0.0,0,0.0,0.0,0,0.00,0.00,0.00,5,12.53,0.07,0.00,-22.6,4.998,4.998,4.998,4.998,74
2022-03-03 00:04:22,0.0,0.0,0,0.0,0.0,0,0.0,0.0,0,0.00,0.00,0.00,5,12.49,0.07,0.00,-23.1,4.998,4.998,4.998,4.998,174
2022-03-03 00:05:22,0.0,0.0,0,0.0,0.0,0,0.0,0.0,0,0.00,0.00,0.00,5,12.49,0.07,0.00,-23.6,4.998,4.998,4.998,4.998,161
2022-03-03 00:06:22,0.0,0.0,0,0.0,0.0,0,0.0,0.0,0,0.00,0.00,0.00,5,12.49,0.07,0.00,-23.6,4.998,4.998,4.998,4.998,181
2022-03-03 00:07:22,0.0,0.0,0,0.0,0.0,0,0.0,0.0,0,0.00,0.00,0.00,5,12.49,0.07,0.00,-23.6,4.998,4.998,4.998,4.998,80
2022-03-03 00:08:22,0.0,0.0,0,0.0,0.0,0,0.0,0.0,0,0.00,0.00,0.00,5,12.53,0.07,0.00,-23.6,4.998,4.998,4.998,4.998,110
2022-03-03 00:09:22,0.0,0.0,0,0.0,0.0,0,0.0,0.0,0,0.00,0.00,0.00,5,12.53,0.07,0.00,-23.6,4.998,4.998,4.998,4.998,139
2022-03-03 00:10:22,0.0,0.0,0,0.0,0.0,0,0.0,0.0,0,0.00,0.00,0.00,5,12.53,0.07,0.00,-23.6,4.998,4.998,4.998,4.998,4
2022-03-03 00:11:22,0.0,0.0,0,0.0,0.0,0,0.0,0.0,0,0.00,0.00,0.00,5,12.49,0.07,0.00,-23.6,4.998,4.998,4.998,4.998,206
2022-03-03 00:12:22,0.0,0.0,0,0.0,0.0,0,0.0,0.0,0,0.00,0.00,0.00,5,12.53,0.07,0.00,-23.6,4.998,4.998,4.998,4.998,245
2022-03-03 00:13:22,0.0,0.0,0,0.0,0.0,0,0.0,0.0,0,0.00,0.00,0.00,5,12.49,0.07,0.00,-23.6,4.998,4.998,4.998,4.998,63
2022-03-03 00:14:22,0.0,0.0,0,0.0,0.0,0,0.0,0.0,0,0.00,0.00,0.00,5,12.53,0.07,0.00,-23.6,4.998,4.998,4.998,4.998,255
2022-03-03 00:15:22,0.0,0.0,0,0.0,0.0,0,0.0,0.0,0,0.00,0.00,0.00,5,12.49,0.07,0.00,-23.6,4.998,4.998,4.998,4.998,53
2022-03-03 00:16:22,0.0,0.0,0,0.0,0.0,0,0.0,0.0,0,0.00,0.00,0.00,5,12.49,0.07,0.00,-23.6,4.998,4.998,4.998,4.998,33
2022-03-03 00:17:22,0.0,0.0,0,0.0,0.0,0,0.0,0.0,0,0.00,0.00,0.00,5,12.53,0.07,0.00,-23.6,4.998,4.998,4.998,4.998,235
2022-03-03 00:18:22,0.0,0.0,0,0.0,0.0,0,0.0,0.0,0,0.00,0.00,0.00,5,12.49,0.07,0.00,-23.6,4.998,4.998,4.998,4.998,213
2022-03-03 00:19:22,0.0,0.0,0,0.0,0.0,0,0.0,0.0,0,0.00,0.00,0.00,5,12.49,0.07,0.00,-24.1,4.998,4.998,4.998,4.998,195
2022-03-03 00:20:22,0.0,0.0,0,0.0,0.0,0,0.0,0.0,0,0.00,0.00,0.00,5,12.49,0.07,0.00,-24.1,4.998,4.998,4.998,4.998,6
2022-03-03 00:21:22,0.0,0.0,0,0.0,0.0,0,0.0,0.0,0,0.00,0.00,0.00,5,12.49,0.07,0.00,-23.6,4.998,4.998,4.998,4.998,16
2022-03-03 00:22:22,0.0,0.0,0,0.0,0.0,0,0.0,0.0,0,0.00,0.00,0.00,5,12.49,0.07,0.00,-23.6,4.998,4.998,4.998,4.998,4
2022-03-03 00:23:22,0.0,0.0,0,0.0,0.0,0,0.0,0.0,0,0.00,0.00,0.00,5,12.49,0.07,0.00,-23.6,4.998,4.998,4.998,4.998,225
2022-03-03 00:24:22,0.0,0.0,0,0.0,0.0,0,0.0,0.0,0,0.00,0.00,0.00,5,12.49,0.07,0.00,-23.6,4.998,4.998,4.998,4.998,14
2022-03-03 00:25:22,0.0,0.0,0,0.0,0.0,0,0.0,0.0,0,0.00,0.00,0.00,5,12.49,0.07,0.00,-23.6,4.998,4.998,4.998,4.998,235
2022-03-03 00:26:22,0.0,0.0,0,0.0,0.0,0,0.0,0.0,0,0.00,0.00,0.00,5,12.49,0.07,0.00,-23.6,4.998,4.998,4.998,4.998,255
2022-03-03 00:27:22,0.0,0.0,0,0.0,0.0,0,0.0,0.0,0,0.00,0.00,0.00,5,12.49,0.07,0.00,-24.1,4.998,4.998,4.998,4.998,233
2022-03-03 00:28:22,0.0,0.0,0,0.0,0.0,0,0.0,0.0,0,0.00,0.00,0.00,5,12.49,0.07,0.00,-23.6,4.998,4.998,4.998,4.998,11
2022-03-03 00:29:22,0.0,0.0,0,0.0,0.0,0,0.0,0.0,0,0.00,0.00,0.00,5,12.49,0.07,0.00,-23.6,4.998,4.998,4.998,4.998,238
2022-03-03 00:30:22,0.0,0.0,0,0.0,0.0,0,0.0,0.0,0,0.00,0.00,0.00,5,12.49,0.07,0.00,-23.6,4.998,4.998,4.998,4.998,97
2022-03-03 00:31:22,0.0,0.0,0,0.0,0.0,0,0.0,0.0,0,0.00,0.00,0.00,5,12.49,0.07,0.00,-23.6,4.998,4.998,4.998,4.998,132
2022-03-03 00:32:22,0.0,0.0,0,0.0,0.0,0,0.0,0.0,0,0.00,0.00,0.00,5,12.49,0.07,0.00,-23.6,4.998,4.998,4.998,4.998,144
2022-03-03 00:33:22,0.0,0.0,0,0.0,0.0,0,0.0,0.0,0,0.00,0.00,0.00,5,12.49,0.07,0.00,-24.1,4.998,4.998,4.998,4.998,134
2022-03-03 00:34:22,0.0,0.0,0,0.0,0.0,0,0.0,0.0,0,0.00,0.00,0.00,5,12.49,0.07,0.00,-23.6,4.998,4.998,4.998,4.998,154
2022-03-03 00:35:22,0.0,0.0,0,0.0,0.0,0,0.0,0.0,0,0.00,0.00,0.00,5,12.46,0.07,0.00,-23.6,4.998,4.998,4.998,4.998,88
2022-03-03 00:36:22,0.0,0.0,0,0.0,0.0,0,0.0,0.0,0,0.00,0.00,0.00,5,12.49,0.07,0.00,-24.1,4.998,4.998,4.998,4.998,152
2022-03-03 00:37:22,0.0,0.0,0,0.0,0.0,0,0.0,0.0,0,0.00,0.00,0.00,5,12.49,0.07,0.00,-24.1,4.998,4.998,4.998,4.998,125
2022-03-03 00:38:22,0.0,0.0,0,0.0,0.0,0,0.0,0.0,0,0.00,0.00,0.00,5,12.49,0.07,0.00,-24.1,4.998,4.998,4.998,4.998,108
2022-03-03 00:39:22,0.0,0.0,0,0.0,0.0,0,0.0,0.0,0,0.00,0.00,0.00,5,12.49,0.07,0.00,-23.6,4.998,4.998,4.998,4.998,122
2022-03-03 00:40:22,0.0,0.0,0,0.0,0.0,0,0.0,0.0,0,0.00,0.00,0.00,5,12.49,0.07,0.00,-23.6,4.998,4.998,4.998,4.998,154
2022-03-03 00:41:22,0.0,0.0,0,0.0,0.0,0,0.0,0.0,0,0.00,0.00,0.00,5,12.49,0.07,0.00,-23.6,4.998,4.998,4.998,4.998,127
2022-03-03 00:42:22,0.0,0.0,0,0.0,0.0,0,0.0,0.0,0,0.00,0.00,0.00,5,12.49,0.07,0.00,-24.1,4.998,4.998,4.998,4.998,152
2022-03-03 00:43:22,0.0,0.0,0,0.0,0.0,0,0.0,0.0,0,0.00,0.00,0.00,5,12.46,0.07,0.00,-23.6,4.998,4.998,4.998,4.998,169
2022-03-03 00:44:22,0.0,0.0,0,0.0,0.0,0,0.0,0.0,0,0.00,0.00,0.00,5,12.49,0.07,0.00,-23.6,4.998,4.998,4.998,4.998,97
2022-03-03 00:45:22,0.0,0.0,0,0.0,0.0,0,0.0,0.0,0,0.00,0.00,0.00,5,12.49,0.07,0.00,-23.6,4.998,4.998,4.998,4.998,132
2022-03-03 00:46:22,0.0,0.0,0,0.0,0.0,0,0.0,0.0,0,0.00,0.00,0.00,5,12.46,0.07,0.00,-23.6,4.998,4.998,4.998,4.998,183
2022-03-03 00:47:22,0.0,0.0,0,0.0,0.0,0,0.0,0.0,0,0.00,0.00,0.00,5,12.49,0.07,0.00,-23.6,4.998,4.998,4.998,4.998,117
2022-03-03 00:48:22,0.0,0.0,0,0.0,0.0,0,0.0,0.0,0,0.00,0.00,0.00,5,12.46,0.07,0.00,-23.6,4.998,4.998,4.998,4.998,67
2022-03-03 00:49:22,0.0,0.0,0,0.0,0.0,0,0.0,0.0,0,0.00,0.00,0.00,5,12.49,0.07,0.00,-24.1,4.998,4.998,4.998,4.998,114
2022-03-03 00:50:22,0.0,0.0,0,0.0,0.0,0,0.0,0.0,0,0.00,0.00,0.00,5,12.46,0.07,0.00,-24.1,4.998,4.998,4.998,4.998,218
2022-03-03 00:51:22,0.0,0.0,0,0.0,0.0,0,0.0,0.0,0,0.00,0.00,0.00,5,12.49,0.07,0.00,-24.1,4.998,4.998,4.998,4.998,24
2022-03-03 00:52:22,0.0,0.0,0,0.0,0.0,0,0.0,0.0,0,0.00,0.00,0.00,5,12.49,0.07,0.00,-24.6,4.998,4.998,4.998,4.998,230
2022-03-03 00:53:22,0.0,0.0,0,0.0,0.0,0,0.0,0.0,0,0.00,0.00,0.00,5,12.46,0.07,0.00,-24.6,4.998,4.998,4.998,4.998,36
2022-03-03 00:54:22,0.0,0.0,0,0.0,0.0,0,0.0,0.0,0,0.00,0.00,0.00,5,12.49,0.07,0.00,-24.6,4.998,4.998,4.998,4.998,236
2022-03-03 00:55:22,0.0,0.0,0,0.0,0.0,0,0.0,0.0,0,0.00,0.00,0.00,5,12.49,0.07,0.00,-24.1,4.998,4.998,4.998,4.998,227
2022-03-03 00:56:22,0.0,0.0,0,0.0,0.0,0,0.0,0.0,0,0.00,0.00,0.00,5,12.49,0.07,0.00,-24.6,4.998,4.998,4.998,4.998,29
2022-03-03 00:57:22,0.0,0.0,0,0.0,0.0,0,0.0,0.0,0,0.00,0.00,0.00,5,12.46,0.07,0.00,-24.6,4.998,4.998,4.998,4.998,223
2022-03-03 00:58:22,0.0,0.0,0,0.0,0.0,0,0.0,0.0,0,0.00,0.00,0.00,5,12.46,0.07,0.00,-24.1,4.998,4.998,4.998,4.998,36
2022-03-03 00:59:22,0.0,0.0,0,0.0,0.0,0,0.0,0.0,0,0.00,0.00,0.00,5,12.49,0.07,0.00,-24.1,4.998,4.998,4.998,4.998,230
2022-03-03 01:00:22,0.0,0.0,0,0.0,0.0,0,0.0,0.0,0,0.00,0.00,0.00,5,12.46,0.07,0.00,-24.1,4.998,4.998,4.998,4.998,116
2022-03-03 01:01:22,0.0,0.0,0,0.0,0.0,0,0.0,0.0,0,0.00,0.00,0.00,5,12.46,0.07,0.00,-24.1,4.998,4.998,4.998,4.998,145
2022-03-03 01:02:22,0.0,0.0,0,0.0,0.0,0,0.0,0.0,0,0.00,0.00,0.00,5,12.46,0.07,0.00,-24.1,4.998,4.998,4.998,4.998,133
2022-03-03 01:03:22,0.0,0.0,0,0.0,0.0,0,0.0,0.0,0,0.00,0.00,0.00,5,12.46,0.07,0.00,-24.1,4.998,4.998,4.998,4.998,96
2022-03-03 01:04:22,0.0,0.0,0,0.0,0.0,0,0.0,0.0,0,0.00,0.00,0.00,5,12.49,0.07,0.00,-24.1,4.998,4.998,4.998,4.998,168
2022-03-03 01:05:22,0.0,0.0,0,0.0,0.0,0,0.0,0.0,0,0.00,0.00,0.00,5,12.49,0.07,0.00,-24.1,4.998,4.998,4.998,4.998,77
2022-03-03 01:06:22,0.0,0.0,0,0.0,0.0,0,0.0,0.0,0,0.00,0.00,0.00,5,12.49,0.07,0.00,-24.1,4.998,4.998,4.998,4.998,89
2022-03-03 01:07:22,0.0,0.0,0,0.0,0.0,0,0.0,0.0,0,0.00,0.00,0.00,5,12.49,0.07,0.00,-24.1,4.998,4.998,4.998,4.998,188
2022-03-03 01:08:22,0.0,0.0,0,0.0,0.0,0,0.0,0.0,0,0.00,0.00,0.00,5,12.49,0.07,0.00,-24.6,4.998,4.998,4.998,4.998,71
2022-03-03 01:09:22,0.0,0.0,0,0.0,0.0,0,0.0,0.0,0,0.00,0.00,0.00,5,12.49,0.07,0.00,-24.1,4.998,4.998,4.998,4.998,72
2022-03-03 01:10:22,0.0,0.0,0,0.0,0.0,0,0.0,0.0,0,0.00,0.00,0.00,5,12.49,0.07,0.00,-24.1,4.998,4.998,4.998,4.998,199
2022-03-03 01:11:22,0.0,0.0,0,0.0,0.0,0,0.0,0.0,0,0.00,0.00,0.00,5,12.46,0.07,0.00,-24.6,4.998,4.998,4.998,4.998,239
2022-03-03 01:12:22,0.0,0.0,0,0.0,0.0,0,0.0,0.0,0,0.00,0.00,0.00,5,12.46,0.07,0.00,-24.6,4.998,4.998,4.998,4.998,251
2022-03-03 01:13:22,0.0,0.0,0,0.0,0.0,0,0.0,0.0,0,0.00,0.00,0.00,5,12.49,0.07,0.00,-24.1,4.998,4.998,4.998,4.998,211
2022-03-03 01:14:22,0.0,0.0,0,0.0,0.0,0,0.0,0.0,0,0.00,0.00,0.00,5,12.46,0.07,0.00,-24.6,4.998,4.998,4.998,4.998,241
2022-03-03 01:15:22,0.0,0.0,0,0.0,0.0,0,0.0,0.0,0,0.00,0.00,0.00,5,12.46,0.07,0.00,-24.6,4.998,4.998,4.998,4.998,20
2022-03-03 01:16:22,0.0,0.0,0,0.0,0.0,0,0.0,0.0,0,0.00,0.00,0.00,5,12.49,0.07,0.00,-24.6,4.998,4.998,4.998,4.998,39
2022-03-03 01:17:22,0.0,0.0,0,0.0,0.0,0,0.0,0.0,0,0.00,0.00,0.00,5,12.46,0.07,0.00,-24.6,4.998,4.998,4.998,4.998,229
2022-03-03 01:18:22,0.0,0.0,0,0.0,0.0,0,0.0,0.0,0,0.00,0.00,0.00,5,12.49,0.07,0.00,-24.6,4.998,4.998,4.998,4.998,211
2022-03-03 01:19:22,0.0,0.0,0,0.0,0.0,0,0.0,0.0,0,0.00,0.00,0.00,5,12.46,0.07,0.00,-25.1,4.998,4.998,4.998,4.998,53
2022-03-03 01:20:22,0.0,0.0,0,0.0,0.0,0,0.0,0.0,0,0.00,0.00,0.00,5,12.46,0.07,0.00,-25.1,4.998,4.998,4.998,4.998,240
2022-03-03 01:21:22,0.0,0.0,0,0.0,0.0,0,0.0,0.0,0,0.00,0.00,0.00,5,12.46,0.07,0.00,-25.1,4.998,4.998,4.998,4.998,21
2022-03-03 01:22:22,0.0,0.0,0,0.0,0.0,0,0.0,0.0,0,0.00,0.00,0.00,5,12.46,0.07,0.00,-25.1,4.998,4.998,4.998,4.998,1
2022-03-03 01:23:22,0.0,0.0,0,0.0,0.0,0,0.0,0.0,0,0.00,0.00,0.00,5,12.46,0.07,0.00,-24.6,4.998,4.998,4.998,4.998,192
2022-03-03 01:24:22,0.0,0.0,0,0.0,0.0,0,0.0,0.0,0,0.00,0.00,0.00,5,12.46,0.07,0.00,-25.1,4.998,4.998,4.998,4.998,11
2022-03-03 01:25:22,0.0,0.0,0,0.0,0.0,0,0.0,0.0,0,0.00,0.00,0.00,5,12.46,0.07,0.00,-25.1,4.998,4.998,4.998,4.998,238
2022-03-03 01:26:22,0.0,0.0,0,0.0,0.0,0,0.0,0.0,0,0.00,0.00,0.00,5,12.46,0.07,0.00,-25.1,4.998,4.998,4.998,4.998,250
2022-03-03 01:27:22,0.0,0.0,0,0.0,0.0,0,0.0,0.0,0,0.00,0.00,0.00,5,12.46,0.07,0.00,-25.1,4.998,4.998,4.998,4.998,31
2022-03-03 01:28:22,0.0,0.0,0,0.0,0.0,0,0.0,0.0,0,0.00,0.00,0.00,5,12.46,0.07,0.00,-25.1,4.998,4.998,4.998,4.998,14
2022-03-03 01:29:22,0.0,0.0,0,0.0,0.0,0,0.0,0.0,0,0.00,0.00,0.00,5,12.46,0.07,0.00,-25.1,4.998,4.998,4.998,4.998,235
2022-03-03 01:30:22,0.0,0.0,0,0.0,0.0,0,0.0,0.0,0,0.00,0.00,0.00,5,12.46,0.07,0.00,-25.1,4.998,4.998,4.998,4.998,100
2022-03-03 01:31:22,0.0,0.0,0,0.0,0.0,0,0.0,0.0,0,0.00,0.00,0.00,5,12.49,0.07,0.00,-25.1,4.998,4.998,4.998,4.998,166
2022-03-03 01:32:22,0.0,0.0,0,0.0,0.0,0,0.0,0.0,0,0.00,0.00,0.00,5,12.46,0.07,0.00,-24.6,4.998,4.998,4.998,4.998,177
2022-03-03 01:33:22,0.0,0.0,0,0.0,0.0,0,0.0,0.0,0,0.00,0.00,0.00,5,12.46,0.07,0.00,-25.1,4.998,4.998,4.998,4.998,112
2022-03-03 01:34:22,0.0,0.0,0,0.0,0.0,0,0.0,0.0,0,0.00,0.00,0.00,5,12.46,0.07,0.00,-25.1,4.998,4.998,4.998,4.998,159
2022-03-03 01:35:22,0.0,0.0,0,0.0,0.0,0,0.0,0.0,0,0.00,0.00,0.00,5,12.46,0.07,0.00,-25.1,4.998,4.998,4.998,4.998,122
2022-03-03 01:36:22,0.0,0.0,0,0.0,0.0,0,0.0,0.0,0,0.00,0.00,0.00,5,12.46,0.07,0.00,-25.5,4.998,4.998,4.998,4.998,33
2022-03-03 01:37:22,0.0,0.0,0,0.0,0.0,0,0.0,0.0,0,0.00,0.00,0.00,5,12.46,0.07,0.00,-25.5,4.998,4.998,4.998,4.998,196
2022-03-03 01:38:22,0.0,0.0,0,0.0,0.0,0,0.0,0.0,0,0.00,0.00,0.00,5,12.46,0.07,0.00,-25.1,4.998,4.998,4.998,4.998,154
2022-03-03 01:39:22,0.0,0.0,0,0.0,0.0,0,0.0,0.0,0,0.00,0.00,0.00,5,12.46,0.07,0.00,-25.5,4.998,4.998,4.998,4.998,48
2022-03-03 01:40:22,0.0,0.0,0,0.0,0.0,0,0.0,0.0,0,0.00,0.00,0.00,5,12.46,0.07,0.00,-25.1,4.998,4.998,4.998,4.998,159
2022-03-03 01:41:22,0.0,0.0,0,0.0,0.0,0,0.0,0.0,0,0.00,0.00,0.00,5,12.46,0.07,0.00,-25.1,4.998,4.998,4.998,4.998,122
2022-03-03 01:42:22,0.0,0.0,0,0.0,0.0,0,0.0,0.0,0,0.00,0.00,0.00,5,12.46,0.07,0.00,-25.1,4.998,4.998,4.998,4.998,110
2022-03-03 01:43:22,0.0,0.0,0,0.0,0.0,0,0.0,0.0,0,0.00,0.00,0.00,5,12.46,0.07,0.00,-25.1,4.998,4.998,4.998,4.998,139
2022-03-03 01:44:22,0.0,0.0,0,0.0,0.0,0,0.0,0.0,0,0.00,0.00,0.00,5,12.42,0.07,0.00,-25.1,4.998,4.998,4.998,4.998,192
2022-03-03 01:45:22,0.0,0.0,0,0.0,0.0,0,0.0,0.0,0,0.00,0.00,0.00,5,12.46,0.07,0.00,-25.1,4.998,4.998,4.998,4.998,129
2022-03-03 01:46:22,0.0,0.0,0,0.0,0.0,0,0.0,0.0,0,0.00,0.00,0.00,5,12.46,0.07,0.00,-25.1,4.998,4.998,4.998,4.998,149
2022-03-03 01:47:22,0.0,0.0,0,0.0,0.0,0,0.0,0.0,0,0.00,0.00,0.00,5,12.46,0.07,0.00,-25.1,4.998,4.998,4.998,4.998,112
2022-03-03 01:48:22,0.0,0.0,0,0.0,0.0,0,0.0,0.0,0,0.00,0.00,0.00,5,12.46,0.07,0.00,-25.1,4.998,4.998,4.998,4.998,97
2022-03-03 01:49:22,0.0,0.0,0,0.0,0.0,0,0.0,0.0,0,0.00,0.00,0.00,5,12.46,0.07,0.00,-24.6,4.998,4.998,4.998,4.998,160
2022-03-03 01:50:22,0.0,0.0,0,0.0,0.0,0,0.0,0.0,0,0.00,0.00,0.00,5,12.46,0.07,0.00,-25.1,4.998,4.998,4.998,4.998,11
2022-03-03 01:51:22,0.0,0.0,0,0.0,0.0,0,0.0,0.0,0,0.00,0.00,0.00,5,12.46,0.07,0.00,-25.1,4.998,4.998,4.998,4.998,238
2022-03-03 01:52:22,0.0,0.0,0,0.0,0.0,0,0.0,0.0,0,0.00,0.00,0.00,5,12.46,0.07,0.00,-25.1,4.998,4.998,4.998,4.998,250
2022-03-03 01:53:22,0.0,0.0,0,0.0,0.0,0,0.0,0.0,0,0.00,0.00,0.00,5,12.46,0.07,0.00,-25.5,4.998,4.998,4.998,4.998,80
2022-03-03 01:54:22,0.0,0.0,0,0.0,0.0,0,0.0,0.0,0,0.00,0.00,0.00,5,12.46,0.07,0.00,-25.1,4.998,4.998,4.998,4.998,240
2022-03-03 01:55:22,0.0,0.0,0,0.0,0.0,0,0.0,0.0,0,0.00,0.00,0.00,5,12.46,0.07,0.00,-25.5,4.998,4.998,4.998,4.998,90
2022-03-03 01:56:22,0.0,0.0,0,0.0,0.0,0,0.0,0.0,0,0.00,0.00,0.00,5,12.46,0.07,0.00,-25.5,4.998,4.998,4.998,4.998,78
2022-03-03 01:57:22,0.0,0.0,0,0.0,0.0,0,0.0,0.0,0,0.00,0.00,0.00,5,12.46,0.07,0.00,-25.5,4.998,4.998,4.998,4.998,171
2022-03-03 01:58:22,0.0,0.0,0,0.0,0.0,0,0.0,0.0,0,0.00,0.00,0.00,5,12.46,0.07,0.00,-25.5,4.998,4.998,4.998,4.998,186
2022-03-03 01:59:22,0.0,0.0,0,0.0,0.0,0,0.0,0.0,0,0.00,0.00,0.00,5,12.46,0.07,0.00,-25.1,4.998,4.998,4.998,4.998,16
2022-03-03 02:00:22,0.0,0.0,0,0.0,0.0,0,0.0,0.0,0,0.00,0.00,0.00,5,12.46,0.07,0.00,-25.5,4.998,4.998,4.998,4.998,102
2022-03-03 02:01:22,0.0,0.0,0,0.0,0.0,0,0.0,0.0,0,0.00,0.00,0.00,5,12.46,0.07,0.00,-25.5,4.998,4.998,4.998,4.998,131
2022-03-03 02:02:22,0.0,0.0,0,0.0,0.0,0,0.0,0.0,0,0.00,0.00,0.00,5,12.46,0.07,0.00,-25.5,4.998,4.998,4.998,4.998,151
2022-03-03 02:03:22,0.0,0.0,0,0.0,0.0,0,0.0,0.0,0,0.00,0.00,0.00,5,12.46,0.07,0.00,-25.5,4.998,4.998,4.998,4.998,114
2022-03-03 02:04:22,0.0,0.0,0,0.0,0.0,0,0.0,0.0,0,0.00,0.00,0.00,5,12.46,0.07,0.00,-25.5,4.998,4.998,4.998,4.998,157
2022-03-03 02:05:22,0.0,0.0,0,0.0,0.0,0,0.0,0.0,0,0.00,0.00,0.00,5,12.46,0.07,0.00,-25.1,4.998,4.998,4.998,4.998,55
2022-03-03 02:06:22,1.9,1.9,14,0.0,0.0,0,0.0,0.0,0,14.00,0.00,0.00,5,12.46,0.07,0.00,-25.5,4.998,4.998,4.998,4.998,249
2022-03-03 02:07:22,1.7,2.0,77,0.0,0.0,0,0.0,0.0,0,91.00,0.00,0.00,5,12.46,0.07,0.00,-25.5,4.998,4.998,4.998,4.998,2
2022-03-03 02:08:22,1.3,1.8,69,0.0,0.0,0,0.0,0.0,0,160.00,0.00,0.00,5,12.46,0.07,0.00,-25.5,4.998,4.998,4.998,4.998,158
2022-03-03 02:09:22,0.0,1.4,16,0.0,0.0,0,0.0,0.0,0,176.00,0.00,0.00,5,12.46,0.07,0.00,-26.0,4.998,4.998,4.998,4.998,115
2022-03-03 02:10:22,0.0,0.0,0,0.0,0.0,0,0.0,0.0,0,176.00,0.00,0.00,5,12.46,0.07,0.00,-26.0,4.998,4.998,4.998,4.998,67
2022-03-03 02:11:22,0.0,0.0,0,0.0,0.0,0,0.0,0.0,0,176.00,0.00,0.00,5,12.46,0.07,0.00,-26.0,4.998,4.998,4.998,4.998,30
2022-03-03 02:12:22,0.0,0.0,0,0.0,0.0,0,0.0,0.0,0,176.00,0.00,0.00,5,12.46,0.07,0.00,-25.5,4.998,4.998,4.998,4.998,51
2022-03-03 02:13:22,0.0,0.0,0,0.0,0.0,0,0.0,0.0,0,176.00,0.00,0.00,5,12.42,0.07,0.00,-25.5,4.998,4.998,4.998,4.998,202
2022-03-03 02:14:22,0.0,0.0,0,0.0,0.0,0,0.0,0.0,0,176.00,0.00,0.00,5,12.42,0.07,0.00,-25.1,4.998,4.998,4.998,4.998,160
2022-03-03 02:15:22,0.0,0.0,0,0.0,0.0,0,0.0,0.0,0,176.00,0.00,0.00,5,12.46,0.07,0.00,-25.1,4.998,4.998,4.998,4.998,89
2022-03-03 02:16:22,0.0,0.0,0,0.0,0.0,0,0.0,0.0,0,176.00,0.00,0.00,5,12.46,0.07,0.00,-25.5,4.998,4.998,4.998,4.998,230
2022-03-03 02:17:22,0.0,0.0,0,0.0,0.0,0,0.0,0.0,0,176.00,0.00,0.00,5,12.42,0.07,0.00,-25.1,4.998,4.998,4.998,4.998,80
2022-03-03 02:18:22,0.0,0.0,0,0.0,0.0,0,0.0,0.0,0,176.00,0.00,0.00,5,12.42,0.07,0.00,-26.0,4.998,4.998,4.998,4.998,14
2022-03-03 02:19:22,0.0,0.0,0,0.0,0.0,0,0.0,0.0,0,176.00,0.00,0.00,5,12.42,0.07,0.00,-26.0,4.998,4.998,4.998,4.998,83
2022-03-03 02:20:22,0.0,0.0,0,0.0,0.0,0,0.0,0.0,0,176.00,0.00,0.00,5,12.42,0.07,0.00,-26.0,4.998,4.998,4.998,4.998,116
2022-03-03 02:21:22,0.0,0.0,0,0.0,0.0,0,0.0,0.0,0,176.00,0.00,0.00,5,12.42,0.07,0.00,-26.0,4.998,4.998,4.998,4.998,41
2022-03-03 02:22:22,0.0,0.0,0,0.0,0.0,0,0.0,0.0,0,176.00,0.00,0.00,5,12.42,0.07,0.00,-26.0,4.998,4.998,4.998,4.998,217
2022-03-03 02:23:22,0.0,0.0,0,0.0,0.0,0,0.0,0.0,0,176.00,0.00,0.00,5,12.42,0.07,0.00,-26.5,4.998,4.998,4.998,4.998,240
2022-03-03 02:24:22,0.0,0.0,0,0.0,0.0,0,0.0,0.0,0,176.00,0.00,0.00,5,12.42,0.07,0.00,-26.5,4.998,4.998,4.998,4.998,213
2022-03-03 02:25:22,0.0,0.0,0,0.0,0.0,0,0.0,0.0,0,176.00,0.00,0.00,5,12.46,0.07,0.00,-26.5,4.998,4.998,4.998,4.998,44
2022-03-03 02:26:22,0.0,0.0,0,0.0,0.0,0,0.0,0.0,0,176.00,0.00,0.00,5,12.46,0.07,0.00,-26.5,4.998,4.998,4.998,4.998,220
2022-03-03 02:27:22,0.0,0.0,0,0.0,0.0,0,0.0,0.0,0,176.00,0.00,0.00,5,12.42,0.07,0.00,-26.5,4.998,4.998,4.998,4.998,37
2022-03-03 02:28:22,0.0,0.0,0,0.0,0.0,0,0.0,0.0,0,176.00,0.00,0.00,5,12.46,0.07,0.00,-26.0,4.998,4.998,4.998,4.998,57
2022-03-03 02:29:22,0.0,0.0,0,0.0,0.0,0,0.0,0.0,0,176.00,0.00,0.00,5,12.42,0.07,0.00,-25.5,4.998,4.998,4.998,4.998,29
2022-03-03 02:30:22,0.0,0.0,0,0.0,0.0,0,0.0,0.0,0,176.00,0.00,0.00,5,12.42,0.07,0.00,-26.0,4.998,4.998,4.998,4.998,107
2022-03-03 02:31:22,0.0,0.0,0,0.0,0.0,0,0.0,0.0,0,176.00,0.00,0.00,5,12.46,0.07,0.00,-26.0,4.998,4.998,4.998,4.998,146
2022-03-03 02:32:22,0.0,0.0,0,0.0,0.0,0,0.0,0.0,0,176.00,0.00,0.00,5,12.42,0.07,0.00,-26.0,4.998,4.998,4.998,4.998,198
2022-03-03 02:33:22,0.0,0.0,0,0.0,0.0,0,0.0,0.0,0,176.00,0.00,0.00,5,12.46,0.07,0.00,-26.0,4.998,4.998,4.998,4.998,63
2022-03-03 02:34:22,0.0,0.0,0,0.0,0.0,0,0.0,0.0,0,176.00,0.00,0.00,5,12.42,0.07,0.00,-26.0,4.998,4.998,4.998,4.998,190
2022-03-03 02:35:22,0.0,0.0,0,0.0,0.0,0,0.0,0.0,0,176.00,0.00,0.00,5,12.42,0.07,0.00,-26.0,4.998,4.998,4.998,4.998,227
2022-03-03 02:36:22,0.0,0.0,0,0.0,0.0,0,0.0,0.0,0,176.00,0.00,0.00,5,12.42,0.07,0.00,-26.5,4.998,4.998,4.998,4.998,103
2022-03-03 02:37:22,0.0,0.0,0,0.0,0.0,0,0.0,0.0,0,176.00,0.00,0.00,5,12.42,0.07,0.00,-26.0,4.998,4.998,4.998,4.998,78
2022-03-03 02:38:22,0.0,0.0,0,0.0,0.0,0,0.0,0.0,0,176.00,0.00,0.00,5,12.46,0.07,0.00,-26.0,4.998,4.998,4.998,4.998,38
2022-03-03 02:39:22,0.0,0.0,0,0.0,0.0,0,0.0,0.0,0,176.00,0.00,0.00,5,12.46,0.07,0.00,-26.0,4.998,4.998,4.998,4.998,123
2022-03-03 02:40:22,0.0,0.0,0,0.0,0.0,0,0.0,0.0,0,176.00,0.00,0.00,5,12.42,0.07,0.00,-26.0,4.998,4.998,4.998,4.998,190
2022-03-03 02:41:22,0.0,0.0,0,0.0,0.0,0,0.0,0.0,0,176.00,0.00,0.00,5,12.46,0.07,0.00,-26.0,4.998,4.998,4.998,4.998,71
2022-03-03 02:42:22,0.0,0.0,0,0.0,0.0,0,0.0,0.0,0,176.00,0.00,0.00,5,12.46,0.07,0.00,-26.0,4.998,4.998,4.998,4.998,183
2022-03-03 02:43:22,0.0,0.0,0,0.0,0.0,0,0.0,0.0,0,176.00,0.00,0.00,5,12.46,0.07,0.00,-26.0,4.998,4.998,4.998,4.998,234
2022-03-03 02:44:22,0.0,0.0,0,0.0,0.0,0,0.0,0.0,0,176.00,0.00,0.00,5,12.46,0.07,0.00,-26.5,4.998,4.998,4.998,4.998,187
2022-03-03 02:45:22,0.0,0.0,0,0.0,0.0,0,0.0,0.0,0,176.00,0.00,0.00,5,12.46,0.07,0.00,-26.5,4.998,4.998,4.998,4.998,230
2022-03-03 02:46:22,0.0,0.0,0,0.0,0.0,0,0.0,0.0,0,176.00,0.00,0.00,5,12.42,0.07,0.00,-26.5,4.998,4.998,4.998,4.998,178
2022-03-03 02:47:22,0.0,0.0,0,0.0,0.0,0,0.0,0.0,0,176.00,0.00,0.00,5,12.42,0.07,0.00,-26.5,4.998,4.998,4.998,4.998,239
2022-03-03 02:48:22,0.0,0.0,0,0.0,0.0,0,0.0,0.0,0,176.00,0.00,0.00,5,12.42,0.07,0.00,-26.5,4.998,4.998,4.998,4.998,35
2022-03-03 02:49:22,0.0,0.0,0,0.0,0.0,0,0.0,0.0,0,176.00,0.00,0.00,5,12.42,0.07,0.00,-26.5,4.998,4.998,4.998,4.998,126
2022-03-03 02:50:22,0.0,0.0,0,0.0,0.0,0,0.0,0.0,0,176.00,0.00,0.00,5,12.46,0.07,0.00,-26.5,4.998,4.998,4.998,4.998,113
2022-03-03 02:51:22,0.0,0.0,0,0.0,0.0,0,0.0,0.0,0,176.00,0.00,0.00,5,12.46,0.07,0.00,-26.5,4.998,4.998,4.998,4.998,44
2022-03-03 02:52:22,0.0,0.0,0,0.0,0.0,0,0.0,0.0,0,176.00,0.00,0.00,5,12.46,0.07,0.00,-26.5,4.998,4.998,4.998,4.998,220
2022-03-03 02:53:22,0.0,0.0,0,0.0,0.0,0,0.0,0.0,0,176.00,0.00,0.00,5,12.46,0.07,0.00,-26.5,4.998,4.998,4.998,4.998,129
2022-03-03 02:54:22,0.0,0.0,0,0.0,0.0,0,0.0,0.0,0,176.00,0.00,0.00,5,12.46,0.07,0.00,-26.5,4.998,4.998,4.998,4.998,164
2022-03-03 02:55:22,0.0,0.0,0,0.0,0.0,0,0.0,0.0,0,176.00,0.00,0.00,5,12.42,0.07,0.00,-27.0,4.998,4.998,4.998,4.998,231
2022-03-03 02:56:22,0.0,0.0,0,0.0,0.0,0,0.0,0.0,0,176.00,0.00,0.00,5,12.42,0.07,0.00,-27.0,4.998,4.998,4.998,4.998,23
2022-03-03 02:57:22,0.0,0.0,0,0.0,0.0,0,0.0,0.0,0,176.00,0.00,0.00,5,12.42,0.07,0.00,-26.5,4.998,4.998,4.998,4.998,240
2022-03-03 02:58:22,0.0,0.0,0,0.0,0.0,0,0.0,0.0,0,176.00,0.00,0.00,5,12.42,0.07,0.00,-27.0,4.998,4.998,4.998,4.998,134
2022-03-03 02:59:22,0.0,0.0,0,0.0,0.0,0,0.0,0.0,0,176.00,0.00,0.00,5,12.42,0.07,0.00,-27.0,4.998,4.998,4.998,4.998,219
2022-03-03 03:00:22,0.0,0.0,0,0.0,0.0,0,0.0,0.0,0,176.00,0.00,0.00,5,12.42,0.07,0.00,-27.0,4.998,4.998,4.998,4.998,79
2022-03-03 03:01:22,0.0,0.0,0,0.0,0.0,0,0.0,0.0,0,176.00,0.00,0.00,5,12.42,0.07,0.00,-27.0,4.998,4.998,4.998,4.998,18
2022-03-03 03:02:22,0.0,0.0,0,0.0,0.0,0,0.0,0.0,0,176.00,0.00,0.00,5,12.42,0.07,0.00,-26.5,4.998,4.998,4.998,4.998,88
2022-03-03 03:03:22,0.0,0.0,0,0.0,0.0,0,0.0,0.0,0,176.00,0.00,0.00,5,12.42,0.07,0.00,-26.5,4.998,4.998,4.998,4.998,5
2022-03-03 03:04:22,0.0,0.0,0,0.0,0.0,0,0.0,0.0,0,176.00,0.00,0.00,5,12.42,0.07,0.00,-26.5,4.998,4.998,4.998,4.998,32
2022-03-03 03:05:22,0.0,0.0,0,0.0,0.0,0,0.0,0.0,0,176.00,0.00,0.00,5,12.42,0.07,0.00,-26.5,4.998,4.998,4.998,4.998,125
2022-03-03 03:06:22,0.0,0.0,0,0.0,0.0,0,0.0,0.0,0,176.00,0.00,0.00,5,12.42,0.07,0.00,-26.5,4.998,4.998,4.998,4.998,141
2022-03-03 03:07:22,0.0,0.0,0,0.0,0.0,0,0.0,0.0,0,176.00,0.00,0.00,5,12.42,0.07,0.00,-26.5,4.998,4.998,4.998,4.998,208
2022-03-03 03:08:22,0.0,0.0,0,0.0,0.0,0,0.0,0.0,0,176.00,0.00,0.00,5,12.42,0.07,0.00,-26.5,4.998,4.998,4.998,4.998,28
2022-03-03 03:09:22,0.0,0.0,0,0.0,0.0,0,0.0,0.0,0,176.00,0.00,0.00,5,12.42,0.07,0.00,-26.5,4.998,4.998,4.998,4.998,65
2022-03-03 03:10:22,0.0,0.0,0,0.0,0.0,0,0.0,0.0,0,176.00,0.00,0.00,5,12.42,0.07,0.00,-26.5,4.998,4.998,4.998,4.998,234
2022-03-03 03:11:22,0.0,0.0,0,0.0,0.0,0,0.0,0.0,0,176.00,0.00,0.00,5,12.42,0.07,0.00,-26.5,4.998,4.998,4.998,4.998,183
2022-03-03 03:12:22,0.0,0.0,0,0.0,0.0,0,0.0,0.0,0,176.00,0.00,0.00,5,12.42,0.07,0.00,-26.5,4.998,4.998,4.998,4.998,71
2022-03-03 03:13:22,0.0,0.0,0,0.0,0.0,0,0.0,0.0,0,176.00,0.00,0.00,5,12.42,0.07,0.00,-26.5,4.998,4.998,4.998,4.998,26
2022-03-03 03:14:22,0.0,0.0,0,0.0,0.0,0,0.0,0.0,0,176.00,0.00,0.00,5,12.42,0.07,0.00,-26.5,4.998,4.998,4.998,4.998,63
2022-03-03 03:15:22,0.0,0.0,0,0.0,0.0,0,0.0,0.0,0,176.00,0.00,0.00,5,12.42,0.07,0.00,-26.5,4.998,4.998,4.998,4.998,98
2022-03-03 03:16:22,0.0,0.0,0,0.0,0.0,0,0.0,0.0,0,176.00,0.00,0.00,5,12.42,0.07,0.00,-26.5,4.998,4.998,4.998,4.998,146
2022-03-03 03:17:22,0.0,0.0,0,0.0,0.0,0,0.0,0.0,0,176.00,0.00,0.00,5,12.42,0.07,0.00,-26.5,4.998,4.998,4.998,4.998,207
2022-03-03 03:18:22,0.0,0.0,0,0.0,0.0,0,0.0,0.0,0,176.00,0.00,0.00,5,12.42,0.07,0.00,-26.5,4.998,4.998,4.998,4.998,3
2022-03-03 03:19:22,0.0,0.0,0,0.0,0.0,0,0.0,0.0,0,176.00,0.00,0.00,5,12.42,0.07,0.00,-27.0,4.998,4.998,4.998,4.998,228
2022-03-03 03:20:22,0.0,0.0,0,0.0,0.0,0,0.0,0.0,0,176.00,0.00,0.00,5,12.42,0.07,0.00,-26.5,4.998,4.998,4.998,4.998,121
2022-03-03 03:21:22,0.0,0.0,0,0.0,0.0,0,0.0,0.0,0,176.00,0.00,0.00,5,12.42,0.07,0.00,-26.5,4.998,4.998,4.998,4.998,36
2022-03-03 03:22:22,1.5,1.6,12,0.0,0.0,0,0.0,0.0,0,188.00,0.00,0.00,5,12.42,0.07,0.00,-26.5,4.998,4.998,4.998,4.998,25
2022-03-03 03:23:22,0.0,1.5,10,0.0,0.0,0,0.0,0.0,0,198.00,0.00,0.00,5,12.42,0.07,0.00,-27.0,4.998,4.998,4.998,4.998,23
2022-03-03 03:24:22,0.0,0.0,0,0.0,0.0,0,0.0,0.0,0,198.00,0.00,0.00,5,12.42,0.07,0.00,-27.0,4.998,4.998,4.998,4.998,4
2022-03-03 03:25:22,0.0,0.0,0,0.0,0.0,0,0.0,0.0,0,198.00,0.00,0.00,5,12.42,0.07,0.00,-26.5,4.998,4.998,4.998,4.998,227
2022-03-03 03:26:22,0.0,0.0,0,0.0,0.0,0,0.0,0.0,0,198.00,0.00,0.00,5,12.42,0.07,0.00,-27.0,4.998,4.998,4.998,4.998,169
2022-03-03 03:27:22,0.0,0.0,0,0.0,0.0,0,0.0,0.0,0,198.00,0.00,0.00,5,12.42,0.07,0.00,-27.5,4.998,4.998,4.998,4.998,128
2022-03-03 03:28:22,0.0,0.0,0,0.0,0.0,0,0.0,0.0,0,198.00,0.00,0.00,5,12.42,0.07,0.00,-27.5,4.998,4.998,4.998,4.998,76
2022-03-03 03:29:22,0.0,0.0,0,0.0,0.0,0,0.0,0.0,0,198.00,0.00,0.00,5,12.42,0.07,0.00,-27.0,4.998,4.998,4.998,4.998,101
2022-03-03 03:30:22,0.0,0.0,0,0.0,0.0,0,0.0,0.0,0,198.00,0.00,0.00,5,12.42,0.07,0.00,-27.0,4.998,4.998,4.998,4.998,206
2022-03-03 03:31:22,0.0,0.0,0,0.0,0.0,0,0.0,0.0,0,198.00,0.00,0.00,5,12.42,0.07,0.00,-26.5,4.998,4.998,4.998,4.998,41
2022-03-03 03:32:22,0.0,0.0,0,0.0,0.0,0,0.0,0.0,0,198.00,0.00,0.00,5,12.42,0.07,0.00,-26.5,4.998,4.998,4.998,4.998,217
2022-03-03 03:33:22,0.0,0.0,0,0.0,0.0,0,0.0,0.0,0,198.00,0.00,0.00,5,12.42,0.07,0.00,-27.0,4.998,4.998,4.998,4.998,62
2022-03-03 03:34:22,0.0,0.0,0,0.0,0.0,0,0.0,0.0,0,198.00,0.00,0.00,5,12.42,0.07,0.00,-27.5,4.998,4.998,4.998,4.998,111
2022-03-03 03:35:22,0.0,0.0,0,0.0,0.0,0,0.0,0.0,0,198.00,0.00,0.00,5,12.42,0.07,0.00,-27.0,4.998,4.998,4.998,4.998,70
2022-03-03 03:36:22,0.0,0.0,0,0.0,0.0,0,0.0,0.0,0,198.00,0.00,0.00,5,12.42,0.07,0.00,-27.0,4.998,4.998,4.998,4.998,182
2022-03-03 03:37:22,0.0,0.0,0,0.0,0.0,0,0.0,0.0,0,198.00,0.00,0.00,5,12.42,0.07,0.00,-27.0,4.998,4.998,4.998,4.998,235
2022-03-03 03:38:22,0.0,0.0,0,0.0,0.0,0,0.0,0.0,0,198.00,0.00,0.00,5,12.42,0.07,0.00,-27.0,4.998,4.998,4.998,4.998,39
2022-03-03 03:39:22,0.0,0.0,0,0.0,0.0,0,0.0,0.0,0,198.00,0.00,0.00,5,12.42,0.07,0.00,-27.0,4.998,4.998,4.998,4.998,122
2022-03-03 03:40:22,0.0,0.0,0,0.0,0.0,0,0.0,0.0,0,198.00,0.00,0.00,5,12.42,0.07,0.00,-27.0,4.998,4.998,4.998,4.998,27
2022-03-03 03:41:22,0.0,0.0,0,0.0,0.0,0,0.0,0.0,0,198.00,0.00,0.00,5,12.38,0.07,0.00,-27.0,4.998,4.998,4.998,4.998,255
2022-03-03 03:42:22,0.0,0.0,0,0.0,0.0,0,0.0,0.0,0,198.00,0.00,0.00,5,12.42,0.07,0.00,-26.5,4.998,4.998,4.998,4.998,12
2022-03-03 03:43:22,0.0,0.0,0,0.0,0.0,0,0.0,0.0,0,198.00,0.00,0.00,5,12.38,0.07,0.00,-27.0,4.998,4.998,4.998,4.998,82
2022-03-03 03:44:22,0.0,0.0,0,0.0,0.0,0,0.0,0.0,0,198.00,0.00,0.00,5,12.42,0.07,0.00,-26.5,4.998,4.998,4.998,4.998,116
2022-03-03 03:45:22,0.0,0.0,0,0.0,0.0,0,0.0,0.0,0,198.00,0.00,0.00,5,12.42,0.07,0.00,-27.0,4.998,4.998,4.998,4.998,147
2022-03-03 03:46:22,0.0,0.0,0,0.0,0.0,0,0.0,0.0,0,198.00,0.00,0.00,5,12.38,0.07,0.00,-27.0,4.998,4.998,4.998,4.998,218
2022-03-03 03:47:22,0.0,0.0,0,0.0,0.0,0,0.0,0.0,0,198.00,0.00,0.00,5,12.38,0.07,0.00,-27.0,4.998,4.998,4.998,4.998,135
2022-03-03 03:48:22,0.0,0.0,0,0.0,0.0,0,0.0,0.0,0,198.00,0.00,0.00,5,12.42,0.07,0.00,-27.5,4.998,4.998,4.998,4.998,134
2022-03-03 03:49:22,0.0,0.0,0,0.0,0.0,0,0.0,0.0,0,198.00,0.00,0.00,5,12.38,0.07,0.00,-27.0,4.998,4.998,4.998,4.998,22
2022-03-03 03:50:22,0.0,0.0,0,0.0,0.0,0,0.0,0.0,0,198.00,0.00,0.00,5,12.42,0.07,0.00,-27.0,4.998,4.998,4.998,4.998,4
2022-03-03 03:51:22,0.0,0.0,0,0.0,0.0,0,0.0,0.0,0,198.00,0.00,0.00,5,12.42,0.07,0.00,-27.0,4.998,4.998,4.998,4.998,89
2022-03-03 03:52:22,0.0,0.0,0,0.0,0.0,0,0.0,0.0,0,198.00,0.00,0.00,5,12.38,0.07,0.00,-27.5,4.998,4.998,4.998,4.998,100
2022-03-03 03:53:22,0.0,0.0,0,0.0,0.0,0,0.0,0.0,0,198.00,0.00,0.00,5,12.42,0.07,0.00,-27.5,4.998,4.998,4.998,4.998,128
2022-03-03 03:54:22,0.0,0.0,0,0.0,0.0,0,0.0,0.0,0,198.00,0.00,0.00,5,12.38,0.07,0.00,-27.5,4.998,4.998,4.998,4.998,28
2022-03-03 03:55:22,0.0,0.0,0,0.0,0.0,0,0.0,0.0,0,198.00,0.00,0.00,5,12.38,0.07,0.00,-27.0,4.998,4.998,4.998,4.998,53
2022-03-03 03:56:22,0.0,0.0,0,0.0,0.0,0,0.0,0.0,0,198.00,0.00,0.00,5,12.38,0.07,0.00,-27.0,4.998,4.998,4.998,4.998,197
2022-03-03 03:57:22,0.0,0.0,0,0.0,0.0,0,0.0,0.0,0,198.00,0.00,0.00,5,12.38,0.07,0.00,-27.5,4.998,4.998,4.998,4.998,236
2022-03-03 03:58:22,0.0,0.0,0,0.0,0.0,0,0.0,0.0,0,198.00,0.00,0.00,5,12.42,0.07,0.00,-27.5,4.998,4.998,4.998,4.998,153
2022-03-03 03:59:22,0.0,0.0,0,0.0,0.0,0,0.0,0.0,0,198.00,0.00,0.00,5,12.38,0.07,0.00,-27.0,4.998,4.998,4.998,4.998,9
2022-03-03 04:00:22,0.0,0.0,0,0.0,0.0,0,0.0,0.0,0,198.00,0.00,0.00,5,12.42,0.07,0.00,-27.0,4.998,4.998,4.998,4.998,71
2022-03-03 04:01:22,0.0,0.0,0,0.0,0.0,0,0.0,0.0,0,198.00,0.00,0.00,5,12.38,0.07,0.00,-27.0,4.998,4.998,4.998,4.998,163
2022-03-03 04:02:22,0.0,0.0,0,0.0,0.0,0,0.0,0.0,0,198.00,0.00,0.00,5,12.42,0.07,0.00,-27.0,4.998,4.998,4.998,4.998,234
2022-03-03 04:03:22,0.0,0.0,0,0.0,0.0,0,0.0,0.0,0,198.00,0.00,0.00,5,12.42,0.07,0.00,-27.5,4.998,4.998,4.998,4.998,195
2022-03-03 04:04:22,0.0,0.0,0,0.0,0.0,0,0.0,0.0,0,198.00,0.00,0.00,5,12.42,0.07,0.00,-27.5,4.998,4.998,4.998,4.998,230
2022-03-03 04:05:22,0.0,0.0,0,0.0,0.0,0,0.0,0.0,0,198.00,0.00,0.00,5,12.38,0.07,0.00,-27.5,4.998,4.998,4.998,4.998,2
2022-03-03 04:06:22,0.0,0.0,0,0.0,0.0,0,0.0,0.0,0,198.00,0.00,0.00,5,12.38,0.07,0.00,-27.5,4.998,4.998,4.998,4.998,242
2022-03-03 04:07:22,0.0,0.0,0,0.0,0.0,0,0.0,0.0,0,198.00,0.00,0.00,5,12.38,0.07,0.00,-27.5,4.998,4.998,4.998,4.998,175
2022-03-03 04:08:22,0.0,0.0,0,0.0,0.0,0,0.0,0.0,0,198.00,0.00,0.00,5,12.42,0.07,0.00,-27.5,4.998,4.998,4.998,4.998,218
2022-03-03 04:09:22,0.0,0.0,0,0.0,0.0,0,0.0,0.0,0,198.00,0.00,0.00,5,12.42,0.07,0.00,-27.5,4.998,4.998,4.998,4.998,135
2022-03-03 04:10:22,0.0,0.0,0,0.0,0.0,0,0.0,0.0,0,198.00,0.00,0.00,5,12.38,0.07,0.00,-27.5,4.998,4.998,4.998,4.998,149
2022-03-03 04:11:22,0.0,0.0,0,0.0,0.0,0,0.0,0.0,0,198.00,0.00,0.00,5,12.38,0.07,0.00,-28.0,4.998,4.998,4.998,4.998,253
2022-03-03 04:12:22,0.0,0.0,0,0.0,0.0,0,0.0,0.0,0,198.00,0.00,0.00,5,12.42,0.07,0.00,-28.0,4.998,4.998,4.998,4.998,180
2022-03-03 04:13:22,0.0,0.0,0,0.0,0.0,0,0.0,0.0,0,198.00,0.00,0.00,5,12.42,0.07,0.00,-28.0,4.998,4.998,4.998,4.998,233
2022-03-03 04:14:22,0.0,0.0,0,0.0,0.0,0,0.0,0.0,0,198.00,0.00,0.00,5,12.38,0.07,0.00,-28.0,4.998,4.998,4.998,4.998,117
2022-03-03 04:15:22,0.0,0.0,0,0.0,0.0,0,0.0,0.0,0,198.00,0.00,0.00,5,12.42,0.07,0.00,-27.5,4.998,4.998,4.998,4.998,164
2022-03-03 04:16:22,0.0,0.0,0,0.0,0.0,0,0.0,0.0,0,198.00,0.00,0.00,5,12.42,0.07,0.00,-27.5,4.998,4.998,4.998,4.998,84
2022-03-03 04:17:22,0.0,0.0,0,0.0,0.0,0,0.0,0.0,0,198.00,0.00,0.00,5,12.38,0.07,0.00,-27.5,4.998,4.998,4.998,4.998,176
2022-03-03 04:18:22,0.0,0.0,0,0.0,0.0,0,0.0,0.0,0,198.00,0.00,0.00,5,12.42,0.07,0.00,-27.5,4.998,4.998,4.998,4.998,197
2022-03-03 04:19:22,0.0,0.0,0,0.0,0.0,0,0.0,0.0,0,198.00,0.00,0.00,5,12.38,0.07,0.00,-28.0,4.998,4.998,4.998,4.998,20
2022-03-03 04:20:22,0.0,0.0,0,0.0,0.0,0,0.0,0.0,0,198.00,0.00,0.00,5,12.38,0.07,0.00,-28.0,4.998,4.998,4.998,4.998,51
2022-03-03 04:21:22,0.0,0.0,0,0.0,0.0,0,0.0,0.0,0,198.00,0.00,0.00,5,12.38,0.07,0.00,-28.0,4.998,4.998,4.998,4.998,110
2022-03-03 04:22:22,0.0,0.0,0,0.0,0.0,0,0.0,0.0,0,198.00,0.00,0.00,5,12.38,0.07,0.00,-28.0,4.998,4.998,4.998,4.998,158
2022-03-03 04:23:22,0.0,0.0,0,0.0,0.0,0,0.0,0.0,0,198.00,0.00,0.00,5,12.38,0.07,0.00,-28.0,4.998,4.998,4.998,4.998,195
2022-03-03 04:24:22,0.0,0.0,0,0.0,0.0,0,0.0,0.0,0,198.00,0.00,0.00,5,12.38,0.07,0.00,-27.5,4.998,4.998,4.998,4.998,211
2022-03-03 04:25:22,0.0,0.0,0,0.0,0.0,0,0.0,0.0,0,198.00,0.00,0.00,5,12.38,0.07,0.00,-27.5,4.998,4.998,4.998,4.998,142
2022-03-03 04:26:22,0.0,0.0,0,0.0,0.0,0,0.0,0.0,0,198.00,0.00,0.00,5,12.42,0.07,0.00,-28.0,4.998,4.998,4.998,4.998,242
2022-03-03 04:27:22,0.0,0.0,0,0.0,0.0,0,0.0,0.0,0,198.00,0.00,0.00,5,12.38,0.07,0.00,-27.5,4.998,4.998,4.998,4.998,35
2022-03-03 04:28:22,0.0,0.0,0,0.0,0.0,0,0.0,0.0,0,198.00,0.00,0.00,5,12.38,0.07,0.00,-28.0,4.998,4.998,4.998,4.998,218
2022-03-03 04:29:22,0.0,0.0,0,0.0,0.0,0,0.0,0.0,0,198.00,0.00,0.00,5,12.38,0.07,0.00,-28.0,4.998,4.998,4.998,4.998,135
2022-03-03 04:30:22,0.0,0.0,0,0.0,0.0,0,0.0,0.0,0,198.00,0.00,0.00,5,12.42,0.07,0.00,-28.0,4.998,4.998,4.998,4.998,149
2022-03-03 04:31:22,0.0,0.0,0,0.0,0.0,0,0.0,0.0,0,198.00,0.00,0.00,5,12.38,0.07,0.00,-27.5,4.998,4.998,4.998,4.998,68
2022-03-03 04:32:22,0.0,0.0,0,0.0,0.0,0,0.0,0.0,0,198.00,0.00,0.00,5,12.38,0.07,0.00,-28.0,4.998,4.998,4.998,4.998,129
2022-03-03 04:33:22,0.0,0.0,0,0.0,0.0,0,0.0,0.0,0,198.00,0.00,0.00,5,12.42,0.07,0.00,-28.0,4.998,4.998,4.998,4.998,101
2022-03-03 04:34:22,0.0,0.0,0,0.0,0.0,0,0.0,0.0,0,198.00,0.00,0.00,5,12.38,0.07,0.00,-28.0,4.998,4.998,4.998,4.998,249
2022-03-03 04:35:22,0.0,0.0,0,0.0,0.0,0,0.0,0.0,0,198.00,0.00,0.00,5,12.38,0.07,0.00,-28.0,4.998,4.998,4.998,4.998,164
2022-03-03 04:36:22,0.0,0.0,0,0.0,0.0,0,0.0,0.0,0,198.00,0.00,0.00,5,12.38,0.07,0.00,-28.0,4.998,4.998,4.998,4.998,84
2022-03-03 04:37:22,0.0,0.0,0,0.0,0.0,0,0.0,0.0,0,198.00,0.00,0.00,5,12.38,0.07,0.00,-27.0,4.998,4.998,4.998,4.998,72
2022-03-03 04:38:22,0.0,0.0,0,0.0,0.0,0,0.0,0.0,0,198.00,0.00,0.00,5,12.42,0.07,0.00,-27.5,4.998,4.998,4.998,4.998,73
2022-03-03 04:39:22,0.0,0.0,0,0.0,0.0,0,0.0,0.0,0,198.00,0.00,0.00,5,12.38,0.07,0.00,-27.5,4.998,4.998,4.998,4.998,173
2022-03-03 04:40:22,0.0,0.0,0,0.0,0.0,0,0.0,0.0,0,198.00,0.00,0.00,5,12.42,0.07,0.00,-27.0,4.998,4.998,4.998,4.998,1
2022-03-03 04:41:22,0.0,0.0,0,0.0,0.0,0,0.0,0.0,0,198.00,0.00,0.00,5,12.42,0.07,0.00,-27.0,4.998,4.998,4.998,4.998,92
2022-03-03 04:42:22,0.0,0.0,0,0.0,0.0,0,0.0,0.0,0,198.00,0.00,0.00,5,12.38,0.07,0.00,-27.0,4.998,4.998,4.998,4.998,21
2022-03-03 04:43:22,0.0,0.0,0,0.0,0.0,0,0.0,0.0,0,198.00,0.00,0.00,5,12.38,0.07,0.00,-27.5,4.998,4.998,4.998,4.998,60
2022-03-03 04:44:22,0.0,0.0,0,0.0,0.0,0,0.0,0.0,0,198.00,0.00,0.00,5,12.38,0.07,0.00,-27.5,4.998,4.998,4.998,4.998,25
2022-03-03 04:45:22,0.0,0.0,0,0.0,0.0,0,0.0,0.0,0,198.00,0.00,0.00,5,12.42,0.07,0.00,-27.5,4.998,4.998,4.998,4.998,253
2022-03-03 04:46:22,0.0,0.0,0,0.0,0.0,0,0.0,0.0,0,198.00,0.00,0.00,5,12.38,0.07,0.00,-28.0,4.998,4.998,4.998,4.998,129
2022-03-03 04:47:22,0.0,0.0,0,0.0,0.0,0,0.0,0.0,0,198.00,0.00,0.00,5,12.38,0.07,0.00,-28.0,4.998,4.998,4.998,4.998,220
2022-03-03 04:48:22,0.0,0.0,0,0.0,0.0,0,0.0,0.0,0,198.00,0.00,0.00,5,12.38,0.07,0.00,-28.0,4.998,4.998,4.998,4.998,16
2022-03-03 04:49:22,0.0,0.0,0,0.0,0.0,0,0.0,0.0,0,198.00,0.00,0.00,5,12.38,0.07,0.00,-28.0,4.998,4.998,4.998,4.998,77
2022-03-03 04:50:22,0.0,0.0,0,0.0,0.0,0,0.0,0.0,0,198.00,0.00,0.00,5,12.42,0.07,0.00,-28.0,4.998,4.998,4.998,4.998,95
2022-03-03 04:51:22,0.0,0.0,0,0.0,0.0,0,0.0,0.0,0,198.00,0.00,0.00,5,12.42,0.07,0.00,-28.0,4.998,4.998,4.998,4.998,2
2022-03-03 04:52:22,0.0,0.0,0,0.0,0.0,0,0.0,0.0,0,198.00,0.00,0.00,5,12.38,0.07,0.00,-28.0,4.998,4.998,4.998,4.998,75
2022-03-03 04:53:22,0.0,0.0,0,0.0,0.0,0,0.0,0.0,0,198.00,0.00,0.00,5,12.38,0.07,0.00,-28.0,4.998,4.998,4.998,4.998,22
2022-03-03 04:54:22,0.0,0.0,0,0.0,0.0,0,0.0,0.0,0,198.00,0.00,0.00,5,12.38,0.07,0.00,-27.5,4.998,4.998,4.998,4.998,6
2022-03-03 04:55:22,0.0,0.0,0,0.0,0.0,0,0.0,0.0,0,198.00,0.00,0.00,5,12.38,0.07,0.00,-27.5,4.998,4.998,4.998,4.998,91
2022-03-03 04:56:22,0.0,0.0,0,0.0,0.0,0,0.0,0.0,0,198.00,0.00,0.00,5,12.38,0.07,0.00,-27.5,4.998,4.998,4.998,4.998,171
2022-03-03 04:57:22,0.0,1.5,16,0.0,0.0,0,0.0,0.0,0,214.00,0.00,0.00,5,12.38,0.07,0.00,-27.5,4.998,4.998,4.998,4.998,127
2022-03-03 04:58:22,0.0,0.0,0,0.0,0.0,0,0.0,0.0,0,214.00,0.00,0.00,5,12.38,0.07,0.00,-28.0,4.998,4.998,4.998,4.998,176
2022-03-03 04:59:22,0.0,0.0,0,0.0,0.0,0,0.0,0.0,0,214.00,0.00,0.00,5,12.38,0.07,0.00,-28.5,4.998,4.998,4.998,4.998,153
2022-03-03 05:00:22,0.0,0.0,0,0.0,0.0,0,0.0,0.0,0,214.00,0.00,0.00,5,12.38,0.07,0.00,-28.0,4.998,4.998,4.998,4.998,121
2022-03-03 05:01:22,0.0,0.0,0,0.0,0.0,0,0.0,0.0,0,214.00,0.00,0.00,5,12.38,0.07,0.00,-27.5,4.998,4.998,4.998,4.998,17
2022-03-03 05:02:22,1.4,2.2,48,0.0,0.0,0,0.0,0.0,0,262.00,0.00,0.00,17,12.38,0.24,0.00,-27.5,4.998,4.998,4.998,4.998,10
2022-03-03 05:03:22,1.6,2.2,77,0.0,0.0,0,0.0,0.0,0,339.00,0.00,0.00,17,12.38,0.24,0.00,-27.5,4.998,4.998,4.998,4.998,6
2022-03-03 05:04:22,2.5,2.6,85,0.0,0.0,0,0.0,0.0,0,424.00,0.00,0.00,17,12.42,0.24,0.00,-27.5,4.998,4.998,4.998,4.998,38
2022-03-03 05:05:22,1.9,2.5,95,0.0,0.0,0,0.0,0.0,0,519.00,0.00,0.00,17,12.38,0.24,0.00,-28.0,4.998,4.998,4.998,4.998,80
2022-03-03 05:06:22,1.6,2.5,87,0.0,0.0,0,0.0,0.0,0,606.00,0.00,0.00,17,12.42,0.24,0.00,-28.0,4.998,4.998,4.998,4.998,83
2022-03-03 05:07:22,1.9,2.2,55,0.0,0.0,0,0.0,0.0,0,661.00,0.00,0.00,17,12.38,0.24,0.00,-28.0,4.998,4.998,4.998,4.998,58
2022-03-03 05:08:22,1.9,2.2,70,0.0,0.0,0,0.0,0.0,0,731.00,0.00,0.00,17,12.38,0.24,0.00,-28.0,4.998,4.998,4.998,4.998,240
2022-03-03 05:09:22,1.1,2.5,86,0.0,0.0,0,0.0,0.0,0,817.00,0.00,0.00,17,12.38,0.24,0.00,-28.0,4.998,4.998,4.998,4.998,5
2022-03-03 05:10:22,0.0,2.0,56,0.0,0.0,0,0.0,0.0,0,873.00,0.00,0.00,17,12.38,0.24,0.00,-28.0,4.998,4.998,4.998,4.998,174
2022-03-03 05:11:22,1.1,1.4,10,0.0,0.0,0,0.0,0.0,0,883.00,0.00,0.00,17,12.38,0.24,0.00,-28.0,4.998,4.998,4.998,4.998,95
2022-03-03 05:12:22,0.0,1.1,1,0.0,0.0,0,0.0,0.0,0,884.00,0.00,0.00,17,12.38,0.24,0.00,-28.0,4.998,4.998,4.998,4.998,152
2022-03-03 05:13:22,0.0,0.0,0,0.0,0.0,0,0.0,0.0,0,884.00,0.00,0.00,17,12.38,0.24,0.00,-28.0,4.998,4.998,4.998,4.998,223
2022-03-03 05:14:22,0.0,0.0,0,0.0,0.0,0,0.0,0.0,0,884.00,0.00,0.00,17,12.38,0.24,0.00,-28.0,4.998,4.998,4.998,4.998,10
2022-03-03 05:15:22,0.0,0.0,0,0.0,0.0,0,0.0,0.0,0,884.00,0.00,0.00,17,12.38,0.24,0.00,-28.0,4.998,4.998,4.998,4.998,21
2022-03-03 05:16:22,1.4,2.6,44,0.0,0.0,0,0.0,0.0,0,928.00,0.00,0.00,17,12.38,0.23,0.00,-28.0,4.998,4.998,4.998,4.998,192
2022-03-03 05:17:22,0.0,1.6,15,0.0,0.0,0,0.0,0.0,0,943.00,0.00,0.00,17,12.38,0.24,0.00,-28.0,4.998,4.998,4.998,4.998,245
2022-03-03 05:18:22,0.0,0.0,0,0.0,0.0,0,0.0,0.0,0,943.00,0.00,0.00,17,12.38,0.24,0.00,-28.0,4.998,4.998,4.998,4.998,144
2022-03-03 05:19:22,0.0,0.0,0,0.0,0.0,0,0.0,0.0,0,943.00,0.00,0.00,17,12.38,0.24,0.00,-28.5,4.998,4.998,4.998,4.998,251
2022-03-03 05:20:22,1.1,2.1,22,0.0,0.0,0,0.0,0.0,0,965.00,0.00,0.00,17,12.38,0.24,0.00,-27.5,4.998,4.998,4.998,4.998,99
2022-03-03 05:21:22,2.6,2.9,20,0.0,0.0,0,0.0,0.0,0,985.00,0.00,0.00,105,12.38,1.45,0.00,-28.0,4.998,4.998,4.998,4.998,153
2022-03-03 05:22:22,1.3,2.7,43,0.0,0.0,0,0.0,0.0,0,1028.00,0.00,0.00,119,12.38,1.66,0.00,-28.0,4.998,4.998,4.998,4.998,73
2022-03-03 05:23:22,0.0,1.8,30,0.0,0.0,0,0.0,0.0,0,1058.00,0.00,0.00,119,12.38,1.66,0.00,-28.0,4.998,4.998,4.998,4.998,162
2022-03-03 05:24:22,0.0,0.0,0,0.0,0.0,0,0.0,0.0,0,1058.00,0.00,0.00,119,12.38,1.66,0.00,-29.0,4.998,4.998,4.998,4.998,162
2022-03-03 05:25:22,1.5,1.5,14,0.0,0.0,0,0.0,0.0,0,1072.00,0.00,0.00,120,12.38,1.67,0.00,-28.5,4.998,4.998,4.998,4.998,236
2022-03-03 05:26:22,1.2,1.9,49,0.0,0.0,0,0.0,0.0,0,1121.00,0.00,0.00,120,12.38,1.66,0.00,-29.0,4.998,4.998,4.998,4.998,63
2022-03-03 05:27:22,0.0,1.2,5,0.0,0.0,0,0.0,0.0,0,1126.00,0.00,0.00,120,12.38,1.67,0.00,-28.5,4.998,4.998,4.998,4.998,65
2022-03-03 05:28:22,0.0,0.0,0,0.0,0.0,0,0.0,0.0,0,1126.00,0.00,0.00,120,12.38,1.67,0.00,-27.5,4.998,4.998,4.998,4.998,141
2022-03-03 05:29:22,1.6,1.6,3,0.0,0.0,0,0.0,0.0,0,1129.00,0.00,0.00,120,12.38,1.67,0.00,-27.5,4.998,4.998,4.998,4.998,4
2022-03-03 05:30:22,0.0,2.0,22,0.0,0.0,0,0.0,0.0,0,1151.00,0.00,0.00,120,12.38,1.66,0.00,-27.0,4.998,4.998,4.998,4.998,60
2022-03-03 05:31:22,1.2,2.6,20,0.0,0.0,0,0.0,0.0,0,1171.00,0.00,0.00,126,12.38,1.75,0.00,-26.5,4.998,4.998,4.998,4.998,112
2022-03-03 05:32:22,1.0,1.4,14,0.0,0.0,0,0.0,0.0,0,1185.00,0.00,0.00,126,12.38,1.75,0.00,-26.5,4.998,4.998,4.998,4.998,146
2022-03-03 05:33:22,1.8,1.8,21,0.0,0.0,0,0.0,0.0,0,1206.00,0.00,0.00,126,12.38,1.76,0.00,-26.5,4.998,4.998,4.998,4.998,195
2022-03-03 05:34:22,1.9,2.7,75,0.0,0.0,0,0.0,0.0,0,1281.00,0.00,0.00,158,12.38,2.20,0.00,-26.0,4.998,4.998,4.998,4.998,2
2022-03-03 05:35:22,1.4,2.6,72,0.0,0.0,0,0.0,0.0,0,1353.00,0.00,0.00,162,12.38,2.25,0.00,-25.1,4.998,4.998,4.998,4.998,69
2022-03-03 05:36:22,1.8,1.9,55,0.0,0.0,0,0.0,0.0,0,1408.00,0.00,0.00,162,12.38,2.26,0.00,-25.5,4.998,4.998,4.998,4.998,163
2022-03-03 05:37:22,0.0,2.8,66,0.0,0.0,0,0.0,0.0,0,1474.00,0.00,0.00,203,12.38,2.82,0.00,-26.5,4.998,4.998,4.998,4.998,64
2022-03-03 05:38:22,1.2,1.6,11,0.0,0.0,0,0.0,0.0,0,1485.00,0.00,0.00,203,12.38,2.82,0.00,-26.0,4.998,4.998,4.998,4.998,110
2022-03-03 05:39:22,0.0,1.6,15,0.0,0.0,0,0.0,0.0,0,1500.00,0.00,0.00,203,12.38,2.82,0.00,-25.5,4.998,4.998,4.998,4.998,186
2022-03-03 05:40:22,2.0,2.3,78,0.0,0.0,0,0.0,0.0,0,1578.00,0.00,0.00,224,12.38,3.11,0.00,-26.0,4.998,4.998,4.998,4.998,61
2022-03-03 05:41:22,2.2,2.8,97,0.0,0.0,0,0.0,0.0,0,1675.00,0.00,0.00,245,12.38,3.40,0.00,-25.5,4.998,4.998,4.998,4.998,130
2022-03-03 05:42:22,1.8,2.7,89,0.0,0.0,0,0.0,0.0,0,1764.00,0.00,0.00,246,12.38,3.41,0.00,-25.5,4.998,4.998,4.998,4.998,252
2022-03-03 05:43:22,2.4,2.8,86,0.0,0.0,0,0.0,0.0,0,1850.00,0.00,0.00,246,12.38,3.41,0.00,-25.1,4.998,4.998,4.998,4.998,91
2022-03-03 05:44:22,2.6,2.8,118,0.0,0.0,0,0.0,0.0,0,1968.00,0.00,0.00,248,12.38,3.45,0.00,-24.1,4.998,4.998,4.998,4.998,77
2022-03-03 05:45:22,2.4,2.8,92,0.0,0.0,0,0.0,0.0,0,2060.00,0.00,0.00,248,12.38,3.44,0.00,-25.1,4.998,4.998,4.998,4.998,145
2022-03-03 05:46:22,0.0,2.4,22,0.0,0.0,0,0.0,0.0,0,2082.00,0.00,0.00,248,12.38,3.45,0.00,-25.5,4.998,4.998,4.998,4.998,113
2022-03-03 05:47:22,1.1,2.4,52,0.0,0.0,0,0.0,0.0,0,2134.00,0.00,0.00,248,12.38,3.44,0.00,-27.0,4.998,4.998,4.998,4.998,23
2022-03-03 05:48:22,0.0,2.5,56,0.0,0.0,0,0.0,0.0,0,2190.00,0.00,0.00,248,12.38,3.45,0.00,-27.5,4.998,4.998,4.998,4.998,0
2022-03-03 05:49:22,0.0,3.4,70,0.0,0.0,0,0.0,0.0,0,2260.00,0.00,0.00,228,12.38,3.17,0.00,-27.0,4.998,4.998,4.998,4.998,44
2022-03-03 05:50:22,1.7,2.2,41,0.0,0.0,0,0.0,0.0,0,2301.00,0.00,0.00,228,12.38,3.17,0.00,-27.0,4.998,4.998,4.998,4.998,221
2022-03-03 05:51:22,1.6,2.6,58,0.0,0.0,0,0.0,0.0,0,2359.00,0.00,0.00,226,12.38,3.14,0.00,-26.5,4.998,4.998,4.998,4.998,137
2022-03-03 05:52:22,1.9,1.9,27,0.0,0.0,0,0.0,0.0,0,2386.00,0.00,0.00,226,12.38,3.14,0.00,-26.5,4.998,4.998,4.998,4.998,223
2022-03-03 05:53:22,0.0,2.3,30,0.0,0.0,0,0.0,0.0,0,2416.00,0.00,0.00,226,12.38,3.14,0.00,-26.0,4.998,4.998,4.998,4.998,245
2022-03-03 05:54:22,1.8,2.6,44,0.0,0.0,0,0.0,0.0,0,2460.00,0.00,0.00,226,12.38,3.14,0.00,-25.1,4.998,4.998,4.998,4.998,214
2022-03-03 05:55:22,0.0,1.5,4,0.0,0.0,0,0.0,0.0,0,2464.00,0.00,0.00,226,12.38,3.14,0.00,-26.0,4.998,4.998,4.998,4.998,118
2022-03-03 05:56:22,0.0,0.0,0,0.0,0.0,0,0.0,0.0,0,2464.00,0.00,0.00,226,12.38,3.14,0.00,-26.5,4.998,4.998,4.998,4.998,94
2022-03-03 05:57:22,0.0,0.0,0,0.0,0.0,0,0.0,0.0,0,2464.00,0.00,0.00,226,12.38,3.13,0.00,-26.5,4.998,4.998,4.998,4.998,84
2022-03-03 05:58:22,0.0,1.1,4,0.0,0.0,0,0.0,0.0,0,2468.00,0.00,0.00,226,12.38,3.14,0.00,-26.0,4.998,4.998,4.998,4.998,218
2022-03-03 05:59:22,0.0,0.0,0,0.0,0.0,0,0.0,0.0,0,2468.00,0.00,0.00,226,12.38,3.14,0.00,-26.5,4.998,4.998,4.998,4.998,70
2022-03-03 06:00:22,0.0,2.2,14,0.0,0.0,0,0.0,0.0,0,2482.00,0.00,0.00,226,12.38,3.14,0.00,-26.0,4.998,4.998,4.998,4.998,108
2022-03-03 06:01:22,0.0,0.0,0,0.0,0.0,0,0.0,0.0,0,2482.00,0.00,0.00,226,12.38,3.14,0.00,-26.5,4.998,4.998,4.998,4.998,173
2022-03-03 06:02:22,0.0,1.7,22,0.0,0.0,0,0.0,0.0,0,2504.00,0.00,0.00,226,12.38,3.14,0.00,-25.1,4.998,4.998,4.998,4.998,114
2022-03-03 06:03:22,0.0,1.1,4,0.0,0.0,0,0.0,0.0,0,2508.00,0.00,0.00,226,12.38,3.14,0.00,-25.5,4.998,4.998,4.998,4.998,49
2022-03-03 06:04:22,0.0,0.0,0,0.0,0.0,0,0.0,0.0,0,2508.00,0.00,0.00,226,12.38,3.14,0.00,-26.0,4.998,4.998,4.998,4.998,103
2022-03-03 06:05:22,0.0,0.0,0,0.0,0.0,0,0.0,0.0,0,2508.00,0.00,0.00,226,12.38,3.14,0.00,-26.5,4.998,4.998,4.998,4.998,106
2022-03-03 06:06:22,2.4,2.4,38,0.0,0.0,0,0.0,0.0,0,2546.00,0.00,0.00,226,12.38,3.14,0.00,-26.0,4.998,4.998,4.998,4.998,25
2022-03-03 06:07:22,2.0,2.3,89,0.0,0.0,0,0.0,0.0,0,2635.00,0.00,0.00,226,12.38,3.14,0.00,-26.0,4.998,4.998,4.998,4.998,242
2022-03-03 06:08:22,3.0,3.1,86,0.0,0.0,0,0.0,0.0,0,2721.00,0.00,0.00,226,12.38,3.14,0.00,-27.0,4.998,4.998,4.998,4.998,226
2022-03-03 06:09:22,1.6,3.1,132,0.0,0.0,0,0.0,0.0,0,2853.00,0.00,0.00,226,12.38,3.14,0.00,-27.0,4.998,4.998,4.998,4.998,214
2022-03-03 06:10:22,2.4,2.6,94,0.0,0.0,0,0.0,0.0,0,2947.00,0.00,0.00,226,12.38,3.14,0.00,-26.5,4.998,4.998,4.998,4.998,180
2022-03-03 06:11:22,1.6,2.5,78,0.0,0.0,0,0.0,0.0,0,3025.00,0.00,0.00,226,12.38,3.14,0.00,-27.0,4.998,4.998,4.998,4.998,18
2022-03-03 06:12:22,1.5,1.7,53,0.0,0.0,0,0.0,0.0,0,3078.00,0.00,0.00,226,12.38,3.14,0.00,-26.5,4.998,4.998,4.998,4.998,32
2022-03-03 06:13:22,0.0,1.4,12,0.0,0.0,0,0.0,0.0,0,3090.00,0.00,0.00,226,12.38,3.14,0.00,-26.5,4.998,4.998,4.998,4.998,35
2022-03-03 06:14:22,0.0,0.0,0,0.0,0.0,0,0.0,0.0,0,3090.00,0.00,0.00,226,12.38,3.14,0.00,-26.5,4.998,4.998,4.998,4.998,12
2022-03-03 06:15:22,0.0,0.0,0,0.0,0.0,0,0.0,0.0,0,3090.00,0.00,0.00,226,12.38,3.14,0.00,-26.0,4.998,4.998,4.998,4.998,1
2022-03-03 06:16:22,0.0,0.0,0,0.0,0.0,0,0.0,0.0,0,3090.00,0.00,0.00,226,12.38,3.14,0.00,-26.0,4.998,4.998,4.998,4.998,199
2022-03-03 06:17:22,0.0,0.0,0,0.0,0.0,0,0.0,0.0,0,3090.00,0.00,0.00,226,12.38,3.14,0.00,-26.0,4.998,4.998,4.998,4.998,190
2022-03-03 06:18:22,0.0,0.0,0,0.0,0.0,0,0.0,0.0,0,3090.00,0.00,0.00,226,12.38,3.14,0.00,-26.5,4.998,4.998,4.998,4.998,190
2022-03-03 06:19:22,0.0,0.0,0,0.0,0.0,0,0.0,0.0,0,3090.00,0.00,0.00,226,12.38,3.14,0.00,-26.5,4.998,4.998,4.998,4.998,199
2022-03-03 06:20:22,0.0,0.0,0,0.0,0.0,0,0.0,0.0,0,3090.00,0.00,0.00,226,12.38,3.14,0.00,-26.5,4.998,4.998,4.998,4.998,73
2022-03-03 06:21:22,0.0,0.0,0,0.0,0.0,0,0.0,0.0,0,3090.00,0.00,0.00,226,12.38,3.14,0.00,-27.0,4.998,4.998,4.998,4.998,138
2022-03-03 06:22:22,0.0,0.0,0,0.0,0.0,0,0.0,0.0,0,3090.00,0.00,0.00,226,12.38,3.14,0.00,-27.0,4.998,4.998,4.998,4.998,76
2022-03-03 06:23:22,0.0,0.0,0,0.0,0.0,0,0.0,0.0,0,3090.00,0.00,0.00,226,12.38,3.14,0.00,-27.0,4.998,4.998,4.998,4.998,53
2022-03-03 06:24:22,0.0,0.0,0,0.0,0.0,0,0.0,0.0,0,3090.00,0.00,0.00,226,12.38,3.14,0.00,-26.5,4.998,4.998,4.998,4.998,149
2022-03-03 06:25:22,0.0,0.0,0,0.0,0.0,0,0.0,0.0,0,3090.00,0.00,0.00,226,12.38,3.14,0.00,-26.5,4.998,4.998,4.998,4.998,236
2022-03-03 06:26:22,0.0,0.0,0,0.0,0.0,0,0.0,0.0,0,3090.00,0.00,0.00,226,12.38,3.14,0.00,-26.5,4.998,4.998,4.998,4.998,42
2022-03-03 06:27:22,0.0,0.0,0,0.0,0.0,0,0.0,0.0,0,3090.00,0.00,0.00,226,12.38,3.14,0.00,-27.0,4.998,4.998,4.998,4.998,233
2022-03-03 06:28:22,0.0,0.0,0,0.0,0.0,0,0.0,0.0,0,3090.00,0.00,0.00,226,12.38,3.14,0.00,-26.5,4.998,4.998,4.998,4.998,39
2022-03-03 06:29:22,0.0,0.0,0,0.0,0.0,0,0.0,0.0,0,3090.00,0.00,0.00,226,12.38,3.14,0.00,-26.5,4.998,4.998,4.998,4.998,94
2022-03-03 06:30:22,0.0,0.0,0,0.0,0.0,0,0.0,0.0,0,3090.00,0.00,0.00,226,12.38,3.14,0.00,-26.5,4.998,4.998,4.998,4.998,90
2022-03-03 06:31:22,0.0,0.0,0,0.0,0.0,0,0.0,0.0,0,3090.00,0.00,0.00,226,12.38,3.14,0.00,-26.5,4.998,4.998,4.998,4.998,35
2022-03-03 06:32:22,0.0,0.0,0,0.0,0.0,0,0.0,0.0,0,3090.00,0.00,0.00,226,12.38,3.14,0.00,-26.5,4.998,4.998,4.998,4.998,229
2022-03-03 06:33:22,0.0,0.0,0,0.0,0.0,0,0.0,0.0,0,3090.00,0.00,0.00,226,12.38,3.14,0.00,-26.5,4.998,4.998,4.998,4.998,156
2022-03-03 06:34:22,0.0,0.0,0,0.0,0.0,0,0.0,0.0,0,3090.00,0.00,0.00,226,12.38,3.14,0.00,-26.5,4.998,4.998,4.998,4.998,134
2022-03-03 06:35:22,0.0,0.0,0,0.0,0.0,0,0.0,0.0,0,3090.00,0.00,0.00,226,12.38,3.14,0.00,-27.0,4.998,4.998,4.998,4.998,69
2022-03-03 06:36:22,0.0,0.0,0,0.0,0.0,0,0.0,0.0,0,3090.00,0.00,0.00,226,12.38,3.14,0.00,-27.5,4.998,4.998,4.998,4.998,247
2022-03-03 06:37:22,0.0,0.0,0,0.0,0.0,0,0.0,0.0,0,3090.00,0.00,0.00,226,12.38,3.14,0.00,-27.0,4.998,4.998,4.998,4.998,250
2022-03-03 06:38:22,0.0,0.0,0,0.0,0.0,0,0.0,0.0,0,3090.00,0.00,0.00,226,12.38,3.14,0.00,-27.0,4.998,4.998,4.998,4.998,142
2022-03-03 06:39:22,0.0,0.0,0,0.0,0.0,0,0.0,0.0,0,3090.00,0.00,0.00,226,12.38,3.14,0.00,-26.5,4.998,4.998,4.998,4.998,77
2022-03-03 06:40:22,0.0,0.0,0,0.0,0.0,0,0.0,0.0,0,3090.00,0.00,0.00,226,12.38,3.14,0.00,-26.5,4.998,4.998,4.998,4.998,134
2022-03-03 06:41:22,0.0,0.0,0,0.0,0.0,0,0.0,0.0,0,3090.00,0.00,0.00,226,12.38,3.14,0.00,-26.5,4.998,4.998,4.998,4.998,255
2022-03-03 06:42:22,0.0,0.0,0,0.0,0.0,0,0.0,0.0,0,3090.00,0.00,0.00,226,12.38,3.14,0.00,-27.0,4.998,4.998,4.998,4.998,131
2022-03-03 06:43:22,0.0,0.0,0,0.0,0.0,0,0.0,0.0,0,3090.00,0.00,0.00,226,12.38,3.14,0.00,-27.0,4.998,4.998,4.998,4.998,250
2022-03-03 06:44:22,0.0,0.0,0,0.0,0.0,0,0.0,0.0,0,3090.00,0.00,0.00,226,12.38,3.14,0.00,-27.0,4.998,4.998,4.998,4.998,224
2022-03-03 06:45:22,0.0,0.0,0,0.0,0.0,0,0.0,0.0,0,3090.00,0.00,0.00,226,12.38,3.14,0.00,-27.0,4.998,4.998,4.998,4.998,153
2022-03-03 06:46:22,0.0,0.0,0,0.0,0.0,0,0.0,0.0,0,3090.00,0.00,0.00,226,12.38,3.14,0.00,-27.5,4.998,4.998,4.998,4.998,43
2022-03-03 06:47:22,0.0,0.0,0,0.0,0.0,0,0.0,0.0,0,3090.00,0.00,0.00,226,12.38,3.14,0.00,-27.0,4.998,4.998,4.998,4.998,38
2022-03-03 06:48:22,0.0,0.0,0,0.0,0.0,0,0.0,0.0,0,3090.00,0.00,0.00,226,12.38,3.14,0.00,-27.5,4.998,4.998,4.998,4.998,38
2022-03-03 06:49:22,0.0,0.0,0,0.0,0.0,0,0.0,0.0,0,3090.00,0.00,0.00,226,12.38,3.14,0.00,-27.5,4.998,4.998,4.998,4.998,95
2022-03-03 06:50:22,0.0,0.0,0,0.0,0.0,0,0.0,0.0,0,3090.00,0.00,0.00,226,12.38,3.14,0.00,-27.0,4.998,4.998,4.998,4.998,47
2022-03-03 06:51:22,0.0,0.0,0,0.0,0.0,0,0.0,0.0,0,3090.00,0.00,0.00,226,12.38,3.14,0.00,-27.0,4.998,4.998,4.998,4.998,86
2022-03-03 06:52:22,0.0,0.0,0,0.0,0.0,0,0.0,0.0,0,3090.00,0.00,0.00,226,12.38,3.14,0.00,-27.5,4.998,4.998,4.998,4.998,228
2022-03-03 06:53:22,0.0,0.0,0,0.0,0.0,0,0.0,0.0,0,3090.00,0.00,0.00,226,12.38,3.14,0.00,-27.5,4.998,4.998,4.998,4.998,157
2022-03-03 06:54:22,0.0,0.0,0,0.0,0.0,0,0.0,0.0,0,3090.00,0.00,0.00,226,12.38,3.14,0.00,-27.5,4.998,4.998,4.998,4.998,135
2022-03-03 06:55:22,0.0,0.0,0,0.0,0.0,0,0.0,0.0,0,3090.00,0.00,0.00,226,12.38,3.14,0.00,-27.5,4.998,4.998,4.998,4.998,254
2022-03-03 06:56:22,0.0,0.0,0,0.0,0.0,0,0.0,0.0,0,3090.00,0.00,0.00,226,12.38,3.14,0.00,-27.0,4.998,4.998,4.998,4.998,76
2022-03-03 06:57:22,0.0,0.0,0,0.0,0.0,0,0.0,0.0,0,3090.00,0.00,0.00,226,12.34,3.14,0.00,-27.0,4.998,4.998,4.998,4.998,195
2022-03-03 06:58:22,0.0,0.0,0,0.0,0.0,0,0.0,0.0,0,3090.00,0.00,0.00,226,12.38,3.14,0.00,-27.0,4.998,4.998,4.998,4.998,65
2022-03-03 06:59:22,0.0,0.0,0,0.0,0.0,0,0.0,0.0,0,3090.00,0.00,0.00,226,12.38,3.14,0.00,-27.0,4.998,4.998,4.998,4.998,56
2022-03-03 07:00:22,0.0,0.0,0,0.0,0.0,0,0.0,0.0,0,3090.00,0.00,0.00,226,12.38,3.14,0.00,-26.5,4.998,4.998,4.998,4.998,234
2022-03-03 07:01:22,0.0,0.0,0,0.0,0.0,0,0.0,0.0,0,3090.00,0.00,0.00,226,12.38,3.14,0.00,-26.5,4.998,4.998,4.998,4.998,147
2022-03-03 07:02:22,0.0,0.0,0,0.0,0.0,0,0.0,0.0,0,3090.00,0.00,0.00,226,12.38,3.14,0.00,-27.0,4.998,4.998,4.998,4.998,239
2022-03-03 07:03:22,0.0,0.0,0,0.0,0.0,0,0.0,0.0,0,3090.00,0.00,0.00,226,12.38,3.14,0.00,-27.0,4.998,4.998,4.998,4.998,150
2022-03-03 07:04:22,0.0,0.0,0,0.0,0.0,0,0.0,0.0,0,3090.00,0.00,0.00,226,12.38,3.14,0.00,-27.0,4.998,4.998,4.998,4.998,140
2022-03-03 07:05:22,0.0,0.0,0,0.0,0.0,0,0.0,0.0,0,3090.00,0.00,0.00,226,12.38,3.14,0.00,-26.5,4.998,4.998,4.998,4.998,79
2022-03-03 07:06:22,0.0,0.0,0,0.0,0.0,0,0.0,0.0,0,3090.00,0.00,0.00,226,12.38,3.14,0.00,-26.0,4.998,4.998,4.998,4.998,253
2022-03-03 07:07:22,0.0,0.0,0,0.0,0.0,0,0.0,0.0,0,3090.00,0.00,0.00,226,12.38,3.14,0.00,-26.5,4.998,4.998,4.998,4.998,240
2022-03-03 07:08:22,0.0,0.0,0,0.0,0.0,0,0.0,0.0,0,3090.00,0.00,0.00,226,12.38,3.14,0.00,-26.5,4.998,4.998,4.998,4.998,132
2022-03-03 07:09:22,0.0,0.0,0,0.0,0.0,0,0.0,0.0,0,3090.00,0.00,0.00,226,12.38,3.14,0.00,-27.0,4.998,4.998,4.998,4.998,71
2022-03-03 07:10:22,0.0,0.0,0,0.0,0.0,0,0.0,0.0,0,3090.00,0.00,0.00,226,12.38,3.14,0.00,-26.5,4.998,4.998,4.998,4.998,249
2022-03-03 07:11:22,0.0,0.0,0,0.0,0.0,0,0.0,0.0,0,3090.00,0.00,0.00,226,12.38,3.14,0.00,-27.0,4.998,4.998,4.998,4.998,58
2022-03-03 07:12:22,0.0,0.0,0,0.0,0.0,0,0.0,0.0,0,3090.00,0.00,0.00,226,12.38,3.14,0.00,-27.0,4.998,4.998,4.998,4.998,252
2022-03-03 07:13:22,0.0,0.0,0,0.0,0.0,0,0.0,0.0,0,3090.00,0.00,0.00,226,12.38,3.14,0.00,-27.0,4.998,4.998,4.998,4.998,133
2022-03-03 07:14:22,0.0,0.0,0,0.0,0.0,0,0.0,0.0,0,3090.00,0.00,0.00,226,12.38,3.14,0.00,-27.0,4.998,4.998,4.998,4.998,159
2022-03-03 07:15:22,0.0,0.0,0,0.0,0.0,0,0.0,0.0,0,3090.00,0.00,0.00,226,12.38,3.14,0.00,-27.0,4.998,4.998,4.998,4.998,230
2022-03-03 07:16:22,0.0,0.0,0,0.0,0.0,0,0.0,0.0,0,3090.00,0.00,0.00,226,12.38,3.14,0.00,-27.0,4.998,4.998,4.998,4.998,32
2022-03-03 07:17:22,0.0,0.0,0,0.0,0.0,0,0.0,0.0,0,3090.00,0.00,0.00,226,12.38,3.14,0.00,-27.0,4.998,4.998,4.998,4.998,89
2022-03-03 07:18:22,0.0,0.0,0,0.0,0.0,0,0.0,0.0,0,3090.00,0.00,0.00,226,12.38,3.14,0.00,-27.0,4.998,4.998,4.998,4.998,45
2022-03-03 07:19:22,0.0,0.0,0,0.0,0.0,0,0.0,0.0,0,3090.00,0.00,0.00,226,12.38,3.14,0.00,-27.0,4.998,4.998,4.998,4.998,84
2022-03-03 07:20:22,0.0,0.0,0,0.0,0.0,0,0.0,0.0,0,3090.00,0.00,0.00,226,12.38,3.14,0.00,-26.5,4.998,4.998,4.998,4.998,96
2022-03-03 07:21:22,0.0,0.0,0,0.0,0.0,0,0.0,0.0,0,3090.00,0.00,0.00,226,12.38,3.14,0.00,-26.5,4.998,4.998,4.998,4.998,25
2022-03-03 07:22:22,0.0,0.0,0,0.0,0.0,0,0.0,0.0,0,3090.00,0.00,0.00,226,12.38,3.14,0.00,-27.0,4.998,4.998,4.998,4.998,101
2022-03-03 07:23:22,0.0,0.0,0,0.0,0.0,0,0.0,0.0,0,3090.00,0.00,0.00,226,12.34,3.14,0.00,-27.0,4.998,4.998,4.998,4.998,234
2022-03-03 07:24:22,0.0,0.0,0,0.0,0.0,0,0.0,0.0,0,3090.00,0.00,0.00,226,12.34,3.14,0.00,-27.5,4.998,4.998,4.998,4.998,132
2022-03-03 07:25:22,0.0,0.0,0,0.0,0.0,0,0.0,0.0,0,3090.00,0.00,0.00,226,12.34,3.14,0.00,-27.0,4.998,4.998,4.998,4.998,137
2022-03-03 07:26:22,0.0,0.0,0,0.0,0.0,0,0.0,0.0,0,3090.00,0.00,0.00,226,12.38,3.14,0.00,-27.0,4.998,4.998,4.998,4.998,185
2022-03-03 07:27:22,0.0,0.0,0,0.0,0.0,0,0.0,0.0,0,3090.00,0.00,0.00,226,12.34,3.14,0.00,-26.5,4.998,4.998,4.998,4.998,140
2022-03-03 07:28:22,1.6,1.8,14,0.0,0.0,0,0.0,0.0,0,3104.00,0.00,0.00,226,12.34,3.14,0.00,-27.0,4.998,4.998,4.998,4.998,112
2022-03-03 07:29:22,0.0,1.3,6,0.0,0.0,0,0.0,0.0,0,3110.00,0.00,0.00,226,12.34,3.14,0.00,-26.0,4.998,4.998,4.998,4.998,244
2022-03-03 07:30:22,0.0,0.0,0,0.0,0.0,0,0.0,0.0,0,3110.00,0.00,0.00,226,12.34,3.14,0.00,-26.5,4.998,4.998,4.998,4.998,42
2022-03-03 07:31:22,0.0,0.0,0,0.0,0.0,0,0.0,0.0,0,3110.00,0.00,0.00,226,12.34,3.14,0.00,-27.0,4.998,4.998,4.998,4.998,233
2022-03-03 07:32:22,1.3,2.5,74,0.0,0.0,0,0.0,0.0,0,3184.00,0.00,0.00,214,12.34,2.97,0.00,-27.0,4.998,4.998,4.998,4.998,199
2022-03-03 07:33:22,1.3,2.7,40,0.0,0.0,0,0.0,0.0,0,3224.00,0.00,0.00,185,12.34,2.57,0.00,-26.5,4.998,4.998,4.998,4.998,184
2022-03-03 07:34:22,0.0,1.2,6,0.0,0.0,0,0.0,0.0,0,3230.00,0.00,0.00,185,12.34,2.57,0.00,-26.5,4.998,4.998,4.998,4.998,128
2022-03-03 07:35:22,0.0,0.0,1,0.0,0.0,0,0.0,0.0,0,3231.00,0.00,0.00,185,12.34,2.57,0.00,-27.0,4.998,4.998,4.998,4.998,73
2022-03-03 07:36:22,1.4,1.7,25,0.0,0.0,0,0.0,0.0,0,3256.00,0.00,0.00,185,12.34,2.57,0.00,-25.1,4.998,4.998,4.998,4.998,204
2022-03-03 07:37:22,2.8,6.0,121,0.0,0.0,0,0.0,0.0,0,3377.00,0.00,0.00,186,12.34,2.59,0.00,-22.6,4.998,4.998,4.998,4.998,76
2022-03-03 07:38:22,1.9,3.2,115,0.0,0.0,0,0.0,0.0,0,3492.00,0.00,0.00,186,12.34,2.58,0.00,-22.1,4.998,4.998,4.998,4.998,204
2022-03-03 07:39:22,1.8,3.2,94,0.0,0.0,0,0.0,0.0,0,3586.00,0.00,0.00,173,12.34,2.40,0.00,-23.6,4.998,4.998,4.998,4.998,175
2022-03-03 07:40:22,0.0,4.7,109,0.0,0.0,0,0.0,0.0,0,3695.00,0.00,0.00,173,12.34,2.41,0.00,-24.1,4.998,4.998,4.998,4.998,123
2022-03-03 07:41:22,5.2,5.3,91,0.0,0.0,0,0.0,0.0,0,3786.00,0.00,0.00,167,12.34,2.32,0.00,-24.1,4.998,4.998,4.998,4.998,56
2022-03-03 07:42:22,4.0,5.5,172,0.0,0.0,0,0.0,0.0,0,3958.00,0.00,0.00,170,12.34,2.37,0.00,-24.1,4.998,4.998,4.998,4.998,156
2022-03-03 07:43:22,2.4,5.8,166,0.0,0.0,0,0.0,0.0,0,4124.00,0.00,0.00,161,12.34,2.24,0.00,-23.6,4.998,4.998,4.998,4.998,61
2022-03-03 07:44:22,3.9,5.3,111,0.0,0.0,0,0.0,0.0,0,4235.00,0.00,0.00,153,12.34,2.12,0.00,-22.6,4.998,4.998,4.998,4.998,128
2022-03-03 07:45:22,2.6,5.9,170,0.0,0.0,0,0.0,0.0,0,4405.00,0.00,0.00,174,12.34,2.41,0.00,-22.1,4.998,4.998,4.998,4.998,61
2022-03-03 07:46:22,1.8,5.4,153,0.0,0.0,0,0.0,0.0,0,4558.00,0.00,0.00,174,12.38,2.41,0.00,-21.6,4.998,4.998,4.998,4.998,82
2022-03-03 07:47:22,2.1,5.1,108,0.0,0.0,0,0.0,0.0,0,4666.00,0.00,0.00,179,12.34,2.49,0.00,-22.1,4.998,4.998,4.998,4.998,62
2022-03-03 07:48:22,2.5,4.4,142,0.0,0.0,0,0.0,0.0,0,4808.00,0.00,0.00,191,12.34,2.66,0.00,-22.1,4.998,4.998,4.998,4.998,22
2022-03-03 07:49:22,2.7,4.9,143,0.0,0.0,0,0.0,0.0,0,4951.00,0.00,0.00,190,12.34,2.65,0.00,-21.6,4.998,4.998,4.998,4.998,119
2022-03-03 07:50:22,2.2,3.7,119,0.0,0.0,0,0.0,0.0,0,5070.00,0.00,0.00,190,12.34,2.64,0.00,-21.1,4.998,4.998,4.998,4.998,6
2022-03-03 07:51:22,1.6,2.7,75,0.0,0.0,0,0.0,0.0,0,5145.00,0.00,0.00,190,12.34,2.65,0.00,-22.1,4.998,4.998,4.998,4.998,142
2022-03-03 07:52:22,3.3,4.9,155,0.0,0.0,0,0.0,0.0,0,5300.00,0.00,0.00,169,12.34,2.35,0.00,-20.7,4.998,4.998,4.998,4.998,93
2022-03-03 07:53:22,3.1,4.8,157,0.0,0.0,0,0.0,0.0,0,5457.00,0.00,0.00,181,12.34,2.51,0.00,-20.7,4.998,4.998,4.998,4.998,125
2022-03-03 07:54:22,3.2,3.4,119,0.0,0.0,0,0.0,0.0,0,5576.00,0.00,0.00,186,12.38,2.58,0.00,-20.7,4.998,4.998,4.998,4.998,207
2022-03-03 07:55:22,2.3,7.7,241,0.0,0.0,0,0.0,0.0,0,5817.00,0.00,0.00,196,12.38,2.72,0.00,-20.7,4.998,4.998,4.998,4.998,93
2022-03-03 07:56:22,3.1,5.6,204,0.0,0.0,0,0.0,0.0,0,6021.00,0.00,0.00,155,12.38,2.15,0.00,-19.7,4.998,4.998,4.998,4.998,60
2022-03-03 07:57:22,5.1,5.8,213,0.0,0.0,0,0.0,0.0,0,6234.00,0.00,0.00,172,12.38,2.39,0.00,-19.7,4.998,4.998,4.998,4.998,248
2022-03-03 07:58:22,5.4,7.4,278,0.0,0.0,0,0.0,0.0,0,6512.00,0.00,0.00,174,12.34,2.41,0.00,-19.7,4.998,4.998,4.998,4.998,127
2022-03-03 07:59:22,5.0,5.5,185,0.0,0.0,0,0.0,0.0,0,6697.00,0.00,0.00,166,12.38,2.31,0.00,-19.2,4.998,4.998,4.998,4.998,225
2022-03-03 08:00:22,4.2,6.3,252,0.0,0.0,0,0.0,0.0,0,6949.00,0.00,0.00,177,12.38,2.46,0.00,-18.7,4.998,4.998,4.998,4.998,134
2022-03-03 08:01:22,3.2,5.0,183,0.0,0.0,0,0.0,0.0,0,7132.00,0.00,0.00,190,12.38,2.64,0.00,-19.2,4.998,4.998,4.998,4.998,177
2022-03-03 08:02:22,2.0,4.3,148,0.0,0.0,0,0.0,0.0,0,7280.00,0.00,0.00,183,12.38,2.55,0.00,-18.7,4.998,4.998,4.998,4.998,138
2022-03-03 08:03:22,4.8,4.9,101,0.0,0.0,0,0.0,0.0,0,7381.00,0.00,0.00,174,12.38,2.42,0.00,-18.7,4.998,4.998,4.998,4.998,98
2022-03-03 08:04:22,2.2,6.5,202,0.0,0.0,0,0.0,0.0,0,7583.00,0.00,0.00,188,12.38,2.62,0.00,-18.7,4.998,4.998,4.998,4.998,118
2022-03-03 08:05:22,3.3,4.1,172,0.0,0.0,0,0.0,0.0,0,7755.00,0.00,0.00,189,12.38,2.62,0.00,-18.2,4.998,4.998,4.998,4.998,46
2022-03-03 08:06:22,3.0,3.9,166,0.0,0.0,0,0.0,0.0,0,7921.00,0.00,0.00,194,12.38,2.70,0.00,-18.2,4.998,4.998,4.998,4.998,35
2022-03-03 08:07:22,3.6,4.5,179,0.0,0.0,0,0.0,0.0,0,8100.00,0.00,0.00,181,12.38,2.51,0.00,-17.7,4.998,4.998,4.998,4.998,144
2022-03-03 08:08:22,2.9,5.2,178,0.0,0.0,0,0.0,0.0,0,8278.00,0.00,0.00,184,12.38,2.56,0.00,-17.7,4.998,4.998,4.998,4.998,62
2022-03-03 08:09:22,1.6,4.3,156,0.0,0.0,0,0.0,0.0,0,8434.00,0.00,0.00,195,12.42,2.71,0.00,-17.7,4.998,4.998,4.998,4.998,46
2022-03-03 08:10:22,4.4,5.8,191,0.0,0.0,0,0.0,0.0,0,8625.00,0.00,0.00,160,12.38,2.22,0.00,-17.7,4.998,4.998,4.998,4.998,104
2022-03-03 08:11:22,3.2,5.1,222,0.0,0.0,0,0.0,0.0,0,8847.00,0.00,0.00,184,12.42,2.56,0.00,-17.7,4.998,4.998,4.998,4.998,2
2022-03-03 08:12:22,2.8,4.2,162,0.0,0.0,0,0.0,0.0,0,9009.00,0.00,0.00,186,12.38,2.59,0.00,-17.7,4.998,4.998,4.998,4.998,116
2022-03-03 08:13:22,3.9,5.1,192,0.0,0.0,0,0.0,0.0,0,9201.00,0.00,0.00,190,12.38,2.65,0.00,-17.2,4.998,4.998,4.998,4.998,134
2022-03-03 08:14:22,2.0,4.3,151,0.0,0.0,0,0.0,0.0,0,9352.00,0.00,0.00,190,12.38,2.64,0.00,-17.2,4.998,4.998,4.998,4.998,37
2022-03-03 08:15:22,2.2,2.7,97,0.0,0.0,0,0.0,0.0,0,9449.00,0.00,0.00,190,12.42,2.65,0.00,-17.2,4.998,4.998,4.998,4.998,72
2022-03-03 08:16:22,3.6,4.0,110,0.0,0.0,0,0.0,0.0,0,9559.00,0.00,0.00,190,12.42,2.64,0.00,-17.2,4.998,4.998,4.998,4.998,174
2022-03-03 08:17:22,4.1,4.1,171,0.0,0.0,0,0.0,0.0,0,9730.00,0.00,0.00,201,12.42,2.79,0.00,-16.8,4.998,4.998,4.998,4.998,241
2022-03-03 08:18:22,3.0,4.3,144,0.0,0.0,0,0.0,0.0,0,9874.00,0.00,0.00,211,12.42,2.94,0.00,-17.7,4.998,4.998,4.998,4.998,126
2022-03-03 08:19:22,1.2,2.8,93,0.0,0.0,0,0.0,0.0,0,9967.00,0.00,0.00,211,12.42,2.94,0.00,-17.7,4.998,4.998,4.998,4.998,211
2022-03-03 08:20:22,1.9,6.4,84,0.0,0.0,0,0.0,0.0,0,10051.00,0.00,0.00,219,12.46,3.04,0.00,-16.8,4.998,4.998,4.998,4.998,111
2022-03-03 08:21:22,0.0,1.9,12,0.0,0.0,0,0.0,0.0,0,10063.00,0.00,0.00,219,12.46,3.04,0.00,-16.8,4.998,4.998,4.998,4.998,214
2022-03-03 08:22:22,0.0,0.0,0,0.0,0.0,0,0.0,0.0,0,10063.00,0.00,0.00,219,12.42,3.04,0.00,-16.3,4.998,4.998,4.998,4.998,169
2022-03-03 08:23:22,1.6,2.1,34,0.0,0.0,0,0.0,0.0,0,10097.00,0.00,0.00,219,12.46,3.04,0.00,-16.8,4.998,4.998,4.998,4.998,29
2022-03-03 08:24:22,2.4,2.4,36,0.0,0.0,0,0.0,0.0,0,10133.00,0.00,0.00,219,12.46,3.04,0.00,-17.2,4.998,4.998,4.998,4.998,187
2022-03-03 08:25:22,1.1,3.2,68,0.0,0.0,0,0.0,0.0,0,10201.00,0.00,0.00,219,12.42,3.04,0.00,-17.7,4.998,4.998,4.998,4.998,103
2022-03-03 08:26:22,1.4,2.2,42,0.0,0.0,0,0.0,0.0,0,10243.00,0.00,0.00,219,12.46,3.04,0.00,-18.7,4.998,4.998,4.998,4.998,202
2022-03-03 08:27:22,2.1,3.5,134,0.0,0.0,0,0.0,0.0,0,10377.00,0.00,0.00,220,12.42,3.05,0.00,-18.7,4.998,4.998,4.998,4.998,42
2022-03-03 08:28:22,2.9,3.1,89,0.0,0.0,0,0.0,0.0,0,10466.00,0.00,0.00,220,12.46,3.05,0.00,-17.7,4.998,4.998,4.998,4.998,34
2022-03-03 08:29:22,3.0,3.5,131,0.0,0.0,0,0.0,0.0,0,10597.00,0.00,0.00,221,12.46,3.08,0.00,-17.2,4.998,4.998,4.998,4.998,57
2022-03-03 08:30:22,4.6,5.7,188,0.0,0.0,0,0.0,0.0,0,10785.00,0.00,0.00,246,12.46,3.41,0.00,-16.3,4.998,4.998,4.998,4.998,145
2022-03-03 08:31:22,1.8,5.7,109,0.0,0.0,0,0.0,0.0,0,10894.00,0.00,0.00,243,12.46,3.38,0.00,-16.8,4.998,4.998,4.998,4.998,21
2022-03-03 08:32:22,1.6,2.8,66,0.0,0.0,0,0.0,0.0,0,10960.00,0.00,0.00,243,12.46,3.37,0.00,-18.2,4.998,4.998,4.998,4.998,164
2022-03-03 08:33:22,2.4,4.3,125,0.0,0.0,0,0.0,0.0,0,11085.00,0.00,0.00,203,12.46,2.82,0.00,-17.7,4.998,4.998,4.998,4.998,69
2022-03-03 08:34:22,2.3,4.2,179,0.0,0.0,0,0.0,0.0,0,11264.00,0.00,0.00,208,12.46,2.89,0.00,-18.2,4.998,4.998,4.998,4.998,121
2022-03-03 08:35:22,2.5,4.4,152,0.0,0.0,0,0.0,0.0,0,11416.00,0.00,0.00,211,12.46,2.93,0.00,-18.2,4.998,4.998,4.998,4.998,5
2022-03-03 08:36:22,4.0,7.3,223,0.0,0.0,0,0.0,0.0,0,11639.00,0.00,0.00,197,12.46,2.73,0.00,-17.2,4.998,4.998,4.998,4.998,50
2022-03-03 08:37:22,3.4,6.7,244,0.0,0.0,0,0.0,0.0,0,11883.00,0.00,0.00,208,12.46,2.89,0.00,-16.8,4.998,4.998,4.998,4.998,150
2022-03-03 08:38:22,4.4,6.3,259,0.0,0.0,0,0.0,0.0,0,12142.00,0.00,0.00,247,12.46,3.43,0.00,-16.3,4.998,4.998,4.998,4.998,116
2022-03-03 08:39:22,6.9,8.1,376,0.0,0.0,0,0.0,0.0,0,12518.00,0.00,0.00,286,12.46,3.97,0.00,-17.2,4.998,4.998,4.998,4.998,4
2022-03-03 08:40:22,3.1,7.3,277,0.0,0.0,0,0.0,0.0,0,12795.00,0.00,0.00,266,12.46,3.70,0.00,-18.2,4.998,4.998,4.998,4.998,77
2022-03-03 08:41:22,3.9,4.0,181,0.0,0.0,0,0.0,0.0,0,12976.00,0.00,0.00,255,12.42,3.54,0.00,-18.7,4.998,4.998,4.998,4.998,194
2022-03-03 08:42:22,4.4,6.9,255,0.0,0.0,0,0.0,0.0,0,13231.00,0.00,0.00,245,12.46,3.40,0.00,-16.8,4.998,4.998,4.998,4.998,164
2022-03-03 08:43:22,3.9,7.3,294,0.0,0.0,0,0.0,0.0,0,13525.00,0.00,0.00,205,12.46,2.85,0.00,-16.3,4.998,4.998,4.998,4.998,169
2022-03-03 08:44:22,4.3,9.2,241,0.0,0.0,0,0.0,0.0,0,13766.00,0.00,0.00,206,12.46,2.86,0.00,-16.3,4.998,4.998,4.998,4.998,35
2022-03-03 08:45:22,3.6,6.1,285,0.0,0.0,0,0.0,0.0,0,14051.00,0.00,0.00,207,12.46,2.88,0.00,-15.8,4.998,4.998,4.998,4.998,141
2022-03-03 08:46:22,3.5,4.8,170,0.0,0.0,0,0.0,0.0,0,14221.00,0.00,0.00,204,12.46,2.83,0.00,-16.3,4.998,4.998,4.998,4.998,158
2022-03-03 08:47:22,3.0,5.1,195,0.0,0.0,0,0.0,0.0,0,14416.00,0.00,0.00,230,12.46,3.19,0.00,-15.8,4.998,4.998,4.998,4.998,12
2022-03-03 08:48:22,5.1,5.1,121,0.0,0.0,0,0.0,0.0,0,14537.00,0.00,0.00,234,12.46,3.25,0.00,-15.8,4.998,4.998,4.998,4.998,25
2022-03-03 08:49:22,5.6,7.1,317,0.0,0.0,0,0.0,0.0,0,14854.00,0.00,0.00,245,12.46,3.41,0.00,-16.3,4.998,4.998,4.998,4.998,33
2022-03-03 08:50:22,8.5,9.1,308,0.0,0.0,0,0.0,0.0,0,15162.00,0.00,0.00,206,12.46,2.87,0.00,-15.8,4.998,4.998,4.998,4.998,190
2022-03-03 08:51:22,4.3,8.2,318,0.0,0.0,0,0.0,0.0,0,15480.00,0.00,0.00,212,12.46,2.95,0.00,-15.8,4.998,4.998,4.998,4.998,174
2022-03-03 08:52:22,7.5,9.9,346,0.0,0.0,0,0.0,0.0,0,15826.00,0.00,0.00,184,12.46,2.55,0.00,-15.3,4.998,4.998,4.998,4.998,25
2022-03-03 08:53:22,3.5,7.8,224,0.0,0.0,0,0.0,0.0,0,16050.00,0.00,0.00,228,12.46,3.16,0.00,-15.3,4.998,4.998,4.998,4.998,171
2022-03-03 08:54:22,5.8,7.9,238,0.0,0.0,0,0.0,0.0,0,16288.00,0.00,0.00,199,12.49,2.76,0.00,-15.3,4.998,4.998,4.998,4.998,82
2022-03-03 08:55:22,6.7,12.9,478,0.0,0.0,0,0.0,0.0,0,16766.00,0.00,0.00,217,12.46,3.01,0.00,-15.3,4.998,4.998,4.998,4.998,148
2022-03-03 08:56:22,6.5,9.2,384,0.0,0.0,0,0.0,0.0,0,17150.00,0.00,0.00,180,12.46,2.50,0.00,-15.3,4.998,4.998,4.998,4.998,36
2022-03-03 08:57:22,5.2,7.8,349,0.0,0.0,0,0.0,0.0,0,17499.00,0.00,0.00,191,12.46,2.65,0.00,-15.8,4.998,4.998,4.998,4.998,44
2022-03-03 08:58:22,6.8,8.1,372,0.0,0.0,0,0.0,0.0,0,17871.00,0.00,0.00,194,12.49,2.69,0.00,-15.3,4.998,4.998,4.998,4.998,230
2022-03-03 08:59:22,5.4,8.9,305,0.0,0.0,0,0.0,0.0,0,18176.00,0.00,0.00,207,12.49,2.88,0.00,-15.3,4.998,4.998,4.998,4.998,86
2022-03-03 09:00:22,5.9,12.3,481,0.0,0.0,0,0.0,0.0,0,18657.00,0.00,0.00,217,12.49,3.02,0.00,-15.3,4.998,4.998,4.998,4.998,60
2022-03-03 09:01:22,4.8,8.7,333,0.0,0.0,0,0.0,0.0,0,18990.00,0.00,0.00,191,12.53,2.66,0.00,-14.8,4.998,4.998,4.998,4.998,32
2022-03-03 09:02:22,2.1,6.7,269,0.0,0.0,0,0.0,0.0,0,19259.00,0.00,0.00,213,12.57,2.95,0.00,-13.8,4.998,4.998,4.998,4.998,199
2022-03-03 09:03:22,7.4,9.8,297,0.0,0.0,0,0.0,0.0,0,19556.00,0.00,0.00,217,12.57,3.02,0.00,-13.8,4.998,4.998,4.998,4.998,251
2022-03-03 09:04:22,5.7,10.3,456,0.0,0.0,0,0.0,0.0,0,20012.00,0.00,0.00,217,12.53,3.01,0.00,-14.3,4.998,4.998,4.998,4.998,233
2022-03-03 09:05:22,3.9,8.5,392,0.0,0.0,0,0.0,0.0,0,20404.00,0.00,0.00,188,12.57,2.61,0.00,-14.3,4.998,4.998,4.998,4.998,59
2022-03-03 09:06:22,6.1,8.4,317,0.0,0.0,0,0.0,0.0,0,20721.00,0.00,0.00,231,12.53,3.21,0.00,-14.8,4.998,4.998,4.998,4.998,184
2022-03-03 09:07:22,7.4,9.0,307,0.0,0.0,0,0.0,0.0,0,21028.00,0.00,0.00,253,12.57,3.52,0.00,-14.3,4.998,4.998,4.998,4.998,218
2022-03-03 09:08:22,6.9,9.6,350,0.0,0.0,0,0.0,0.0,0,21378.00,0.00,0.00,221,12.57,3.07,0.00,-14.3,4.998,4.998,4.998,4.998,123
2022-03-03 09:09:22,7.4,10.8,447,0.0,0.0,0,0.0,0.0,0,21825.00,0.00,0.00,229,12.57,3.19,0.00,-14.3,4.998,4.998,4.998,4.998,191
2022-03-03 09:10:22,7.8,11.9,527,0.0,0.0,0,0.0,0.0,0,22352.00,0.00,0.00,197,12.53,2.74,0.00,-14.3,4.998,4.998,4.998,4.998,182
2022-03-03 09:11:22,4.7,8.4,313,0.0,0.0,0,0.0,0.0,0,22665.00,0.00,0.00,193,12.53,2.68,0.00,-14.3,4.998,4.998,4.998,4.998,85
2022-03-03 09:12:22,7.1,13.7,485,0.0,0.0,0,0.0,0.0,0,23150.00,0.00,0.00,206,12.57,2.87,0.00,-14.3,4.998,4.998,4.998,4.998,137
2022-03-03 09:13:22,8.1,11.8,540,0.0,0.0,0,0.0,0.0,0,23690.00,0.00,0.00,251,12.53,3.49,0.00,-14.3,4.998,4.998,4.998,4.998,115
2022-03-03 09:14:22,3.9,9.0,353,0.0,0.0,0,0.0,0.0,0,24043.00,0.00,0.00,226,12.53,3.14,0.00,-14.3,4.998,4.998,4.998,4.998,137
2022-03-03 09:15:22,7.4,11.0,432,0.0,0.0,0,0.0,0.0,0,24475.00,0.00,0.00,227,12.53,3.15,0.00,-14.3,4.998,4.998,4.998,4.998,173
2022-03-03 09:16:22,8.6,11.9,436,0.0,0.0,0,0.0,0.0,0,24911.00,0.00,0.00,193,12.53,2.69,0.00,-14.3,4.998,4.998,4.998,4.998,11
2022-03-03 09:17:22,7.4,11.6,442,0.0,0.0,0,0.0,0.0,0,25353.00,0.00,0.00,204,12.57,2.84,0.00,-14.3,4.998,4.998,4.998,4.998,77
2022-03-03 09:18:22,6.0,8.8,339,0.0,0.0,0,0.0,0.0,0,25692.00,0.00,0.00,194,12.57,2.70,0.00,-13.8,4.998,4.998,4.998,4.998,158
2022-03-03 09:19:22,6.2,10.3,419,0.0,0.0,0,0.0,0.0,0,26111.00,0.00,0.00,225,12.57,3.12,0.00,-14.3,4.998,4.998,4.998,4.998,77
2022-03-03 09:20:22,8.3,9.7,333,0.0,0.0,0,0.0,0.0,0,26444.00,0.00,0.00,220,12.57,3.05,0.00,-13.8,4.998,4.998,4.998,4.998,20
2022-03-03 09:21:22,5.3,11.2,383,0.0,0.0,0,0.0,0.0,0,26827.00,0.00,0.00,247,12.57,3.43,0.00,-13.8,4.998,4.998,4.998,4.998,133
2022-03-03 09:22:22,4.0,7.2,298,0.0,0.0,0,0.0,0.0,0,27125.00,0.00,0.00,211,12.57,2.94,0.00,-13.8,4.998,4.998,4.998,4.998,191
2022-03-03 09:23:22,7.2,12.0,486,0.0,0.0,0,0.0,0.0,0,27611.00,0.00,0.00,225,12.53,3.12,0.00,-13.8,4.998,4.998,4.998,4.998,155
2022-03-03 09:24:22,6.2,10.4,445,0.0,0.0,0,0.0,0.0,0,28056.00,0.00,0.00,231,12.53,3.21,0.00,-13.8,4.998,4.998,4.998,4.998,79
2022-03-03 09:25:22,6.3,8.6,319,0.0,0.0,0,0.0,0.0,0,28375.00,0.00,0.00,217,12.53,3.02,0.00,-13.8,4.998,4.998,4.998,4.998,207
2022-03-03 09:26:22,5.8,10.4,433,0.0,0.0,0,0.0,0.0,0,28808.00,0.00,0.00,223,12.53,3.11,0.00,-13.8,4.998,4.998,4.998,4.998,87
2022-03-03 09:27:22,3.6,7.3,291,0.0,0.0,0,0.0,0.0,0,29099.00,0.00,0.00,203,12.57,2.82,0.00,-13.8,4.998,4.998,4.998,4.998,193
2022-03-03 09:28:22,4.0,11.3,370,0.0,0.0,0,0.0,0.0,0,29469.00,0.00,0.00,213,12.53,2.96,0.00,-13.3,4.998,4.998,4.998,4.998,139
2022-03-03 09:29:22,7.8,12.7,474,0.0,0.0,0,0.0,0.0,0,29943.00,0.00,0.00,189,12.53,2.63,0.00,-13.3,4.998,4.998,4.998,4.998,248
2022-03-03 09:30:22,6.1,8.8,355,0.0,0.0,0,0.0,0.0,0,30298.00,0.00,0.00,185,12.53,2.57,0.00,-13.3,4.998,4.998,4.998,4.998,166
2022-03-03 09:31:22,6.7,10.8,468,0.0,0.0,0,0.0,0.0,0,30766.00,0.00,0.00,200,12.53,2.78,0.00,-13.3,4.998,4.998,4.998,4.998,71
2022-03-03 09:32:22,6.9,9.3,362,0.0,0.0,0,0.0,0.0,0,31128.00,0.00,0.00,204,12.53,2.84,0.00,-13.3,4.998,4.998,4.998,4.998,189
2022-03-03 09:33:22,4.3,7.6,302,0.0,0.0,0,0.0,0.0,0,31430.00,0.00,0.00,211,12.57,2.93,0.00,-13.3,4.998,4.998,4.998,4.998,254
2022-03-03 09:34:22,9.6,9.6,372,0.0,0.0,0,0.0,0.0,0,31802.00,0.00,0.00,167,12.61,2.32,0.00,-12.8,4.998,4.998,4.998,4.998,154
2022-03-03 09:35:22,6.8,11.3,488,0.0,0.0,0,0.0,0.0,0,32290.00,0.00,0.00,191,12.61,2.65,0.00,-12.4,4.998,4.998,4.998,4.998,74
2022-03-03 09:36:22,4.3,7.7,315,0.0,0.0,0,0.0,0.0,0,32605.00,0.00,0.00,210,12.65,2.91,0.00,-11.9,4.998,4.998,4.998,4.998,162
2022-03-03 09:37:22,9.0,10.4,447,0.0,0.0,0,0.0,0.0,0,33052.00,0.00,0.00,215,12.65,2.99,0.00,-11.9,4.998,4.998,4.998,4.998,99
2022-03-03 09:38:22,10.8,10.8,432,0.0,0.0,0,0.0,0.0,0,33484.00,0.00,0.00,207,12.69,2.88,0.00,-11.9,4.998,4.998,4.998,4.998,155
2022-03-03 09:39:22,6.7,11.1,462,0.0,0.0,0,0.0,0.0,0,33946.00,0.00,0.00,178,12.73,2.48,0.00,-11.9,4.998,4.998,4.998,4.998,71
2022-03-03 09:40:22,6.1,9.1,392,0.0,0.0,0,0.0,0.0,0,34338.00,0.00,0.00,225,12.65,3.12,0.00,-11.9,4.998,4.998,4.998,4.998,249
2022-03-03 09:41:22,4.5,6.5,269,0.0,0.0,0,0.0,0.0,0,34607.00,0.00,0.00,201,12.69,2.79,0.00,-11.9,4.998,4.998,4.998,4.998,83
2022-03-03 09:42:22,6.4,9.6,393,0.0,0.0,0,0.0,0.0,0,35000.00,0.00,0.00,194,12.69,2.70,0.00,-11.4,4.998,4.998,4.998,4.998,114
2022-03-03 09:43:22,4.6,7.4,302,0.0,0.0,0,0.0,0.0,0,35302.00,0.00,0.00,201,12.69,2.80,0.00,-11.4,4.998,4.998,4.998,4.998,52
2022-03-03 09:44:22,6.0,9.2,337,0.0,0.0,0,0.0,0.0,0,35639.00,0.00,0.00,193,12.73,2.68,0.00,-11.4,4.998,4.998,4.998,4.998,94
2022-03-03 09:45:22,4.8,11.0,446,0.0,0.0,0,0.0,0.0,0,36085.00,0.00,0.00,215,12.73,2.99,0.00,-11.4,4.998,4.998,4.998,4.998,2
2022-03-03 09:46:22,9.7,10.0,289,0.0,0.0,0,0.0,0.0,0,36374.00,0.00,0.00,235,12.73,3.26,0.00,-11.4,4.998,4.998,4.998,4.998,79
2022-03-03 09:47:22,3.7,10.8,349,0.0,0.0,0,0.0,0.0,0,36723.00,0.00,0.00,213,12.73,2.96,0.00,-11.4,4.998,4.998,4.998,4.998,11
2022-03-03 09:48:22,5.2,8.8,360,0.0,0.0,0,0.0,0.0,0,37083.00,0.00,0.00,193,12.73,2.69,0.00,-11.4,4.998,4.998,4.998,4.998,138
2022-03-03 09:49:22,5.5,6.2,281,0.0,0.0,0,0.0,0.0,0,37364.00,0.00,0.00,180,12.77,2.50,0.00,-10.9,4.998,4.998,4.998,4.998,253
2022-03-03 09:50:22,8.9,10.3,381,0.0,0.0,0,0.0,0.0,0,37745.00,0.00,0.00,216,12.77,3.00,0.00,-10.9,4.998,4.998,4.998,4.998,150
2022-03-03 09:51:22,5.1,12.0,499,0.0,0.0,0,0.0,0.0,0,38244.00,0.00,0.00,222,12.73,3.08,0.00,-10.9,4.998,4.998,4.998,4.998,208
2022-03-03 09:52:22,7.2,9.7,336,0.0,0.0,0,0.0,0.0,0,38580.00,0.00,0.00,217,12.73,3.01,0.00,-11.4,4.998,4.998,4.998,4.998,45
2022-03-03 09:53:22,4.4,10.5,467,0.0,0.0,0,0.0,0.0,0,39047.00,0.00,0.00,214,12.77,2.97,0.00,-10.9,4.998,4.998,4.998,4.998,59
2022-03-03 09:54:22,4.4,9.0,342,0.0,0.0,0,0.0,0.0,0,39389.00,0.00,0.00,221,12.77,3.07,0.00,-10.9,4.998,4.998,4.998,4.998,151
2022-03-03 09:55:22,5.4,7.1,291,0.0,0.0,0,0.0,0.0,0,39680.00,0.00,0.00,226,12.77,3.14,0.00,-10.9,4.998,4.998,4.998,4.998,244
2022-03-03 09:56:22,5.0,7.6,311,0.0,0.0,0,0.0,0.0,0,39991.00,0.00,0.00,213,12.77,2.95,0.00,-10.9,4.998,4.998,4.998,4.998,51
2022-03-03 09:57:22,9.2,10.0,293,0.0,0.0,0,0.0,0.0,0,40284.00,0.00,0.00,258,12.77,3.58,0.00,-10.9,4.998,4.998,4.998,4.998,27
2022-03-03 09:58:22,6.0,10.7,390,0.0,0.0,0,0.0,0.0,0,40674.00,0.00,0.00,245,12.77,3.41,0.00,-10.4,4.998,4.998,4.998,4.998,252
2022-03-03 09:59:22,7.5,9.2,309,0.0,0.0,0,0.0,0.0,0,40983.00,0.00,0.00,217,12.77,3.02,0.00,-10.4,4.998,4.998,4.998,4.998,72
2022-03-03 10:00:22,7.6,13.9,544,0.0,0.0,0,0.0,0.0,0,41527.00,0.00,0.00,200,12.77,2.78,0.00,-10.9,4.998,4.998,4.998,4.998,231
2022-03-03 10:01:22,8.2,13.2,500,0.0,0.0,0,0.0,0.0,0,42027.00,0.00,0.00,193,12.77,2.69,0.00,-10.9,4.998,4.998,4.998,4.998,176
2022-03-03 10:02:22,5.5,10.7,378,0.0,0.0,0,0.0,0.0,0,42405.00,0.00,0.00,205,12.77,2.85,0.00,-10.4,4.998,4.998,4.998,4.998,30
2022-03-03 10:03:22,7.1,11.2,491,0.0,0.0,0,0.0,0.0,0,42896.00,0.00,0.00,213,12.77,2.96,0.00,-10.4,4.998,4.998,4.998,4.998,78
2022-03-03 10:04:22,7.3,9.8,439,0.0,0.0,0,0.0,0.0,0,43335.00,0.00,0.00,215,12.77,2.98,0.00,-10.4,4.998,4.998,4.998,4.998,147
2022-03-03 10:05:22,5.8,13.0,445,0.0,0.0,0,0.0,0.0,0,43780.00,0.00,0.00,208,12.77,2.90,0.00,-10.4,4.998,4.998,4.998,4.998,158
2022-03-03 10:06:22,8.1,9.6,331,0.0,0.0,0,0.0,0.0,0,44111.00,0.00,0.00,230,12.77,3.19,0.00,-9.9,4.998,4.998,4.998,4.998,208
2022-03-03 10:07:22,5.0,10.5,389,0.0,0.0,0,0.0,0.0,0,44500.00,0.00,0.00,154,12.77,2.14,0.00,-10.4,4.998,4.998,4.998,4.998,22
2022-03-03 10:08:22,6.8,12.2,447,0.0,0.0,0,0.0,0.0,0,44947.00,0.00,0.00,233,12.77,3.23,0.00,-10.4,4.998,4.998,4.998,4.998,22
2022-03-03 10:09:22,5.3,10.7,458,0.0,0.0,0,0.0,0.0,0,45405.00,0.00,0.00,221,12.77,3.07,0.00,-10.4,4.998,4.998,4.998,4.998,179
2022-03-03 10:10:22,8.2,9.5,400,0.0,0.0,0,0.0,0.0,0,45805.00,0.00,0.00,208,12.81,2.90,0.00,-9.9,4.998,4.998,4.998,4.998,3
2022-03-03 10:11:22,10.6,12.4,482,0.0,0.0,0,0.0,0.0,0,46287.00,0.00,0.00,211,12.77,2.93,0.00,-10.4,4.998,4.998,4.998,4.998,156
2022-03-03 10:12:22,5.2,12.3,506,0.0,0.0,0,0.0,0.0,0,46793.00,0.00,0.00,204,12.81,2.84,0.00,-9.9,4.998,4.998,4.998,4.998,117
2022-03-03 10:13:22,9.8,18.5,666,0.0,0.0,0,0.0,0.0,0,47459.00,0.00,0.00,197,12.81,2.74,0.00,-10.4,4.998,4.998,4.998,4.998,47
2022-03-03 10:14:22,13.6,14.2,573,0.0,0.0,0,0.0,0.0,0,48032.00,0.00,0.00,198,12.81,2.76,0.00,-9.9,4.998,4.998,4.998,4.998,44
2022-03-03 10:15:22,12.3,16.0,679,0.0,0.0,0,0.0,0.0,0,48711.00,0.00,0.00,186,12.85,2.58,0.00,-9.9,4.998,4.998,4.998,4.998,99
2022-03-03 10:16:22,6.5,14.1,432,0.0,0.0,0,0.0,0.0,0,49143.00,0.00,0.00,201,12.81,2.79,0.00,-9.9,4.998,4.998,4.998,4.998,77
2022-03-03 10:17:22,13.5,15.0,625,0.0,0.0,0,0.0,0.0,0,49768.00,0.00,0.00,240,12.85,3.33,0.00,-9.9,4.998,4.998,4.998,4.998,3
2022-03-03 10:18:22,9.2,16.5,538,0.0,0.0,0,0.0,0.0,0,50306.00,0.00,0.00,192,12.85,2.67,0.00,-9.9,4.998,4.998,4.998,4.998,181
2022-03-03 10:19:22,8.4,13.5,519,0.0,0.0,0,0.0,0.0,0,50825.00,0.00,0.00,177,12.85,2.46,0.00,-9.9,4.998,4.998,4.998,4.998,204
2022-03-03 10:20:22,10.6,13.9,567,0.0,0.0,0,0.0,0.0,0,51392.00,0.00,0.00,192,12.85,2.67,0.00,-9.9,4.998,4.998,4.998,4.998,238
2022-03-03 10:21:22,7.0,13.3,585,0.0,0.0,0,0.0,0.0,0,51977.00,0.00,0.00,222,12.85,3.08,0.00,-9.9,4.998,4.998,4.998,4.998,219
2022-03-03 10:22:22,9.5,12.7,453,0.0,0.0,0,0.0,0.0,0,52430.00,0.00,0.00,183,12.85,2.54,0.00,-9.9,4.998,4.998,4.998,4.998,221
2022-03-03 10:23:22,6.1,10.2,467,0.0,0.0,0,0.0,0.0,0,52897.00,0.00,0.00,230,12.85,3.19,0.00,-9.4,4.998,4.998,4.998,4.998,10
2022-03-03 10:24:22,8.4,13.7,617,0.0,0.0,0,0.0,0.0,0,53514.00,0.00,0.00,174,12.89,2.42,0.00,-9.4,4.998,4.998,4.998,4.998,35
2022-03-03 10:25:22,8.8,13.7,637,0.0,0.0,0,0.0,0.0,0,54151.00,0.00,0.00,214,12.89,2.97,0.00,-9.9,4.998,4.998,4.998,4.998,219
2022-03-03 10:26:22,5.9,13.4,502,0.0,0.0,0,0.0,0.0,0,54653.00,0.00,0.00,207,12.89,2.87,0.00,-9.4,4.998,4.998,4.998,4.998,35
2022-03-03 10:27:22,6.6,11.5,538,0.0,0.0,0,0.0,0.0,0,55191.00,0.00,0.00,191,12.89,2.66,0.00,-8.9,4.998,4.998,4.998,4.998,44
2022-03-03 10:28:22,16.0,17.5,584,0.0,0.0,0,0.0,0.0,0,55775.00,0.00,0.00,233,12.92,3.24,0.00,-9.4,4.998,4.998,4.998,4.998,64
2022-03-03 10:29:22,9.9,16.8,656,0.0,0.0,0,0.0,0.0,0,56431.00,0.00,0.00,208,12.92,2.89,0.00,-9.4,4.998,4.998,4.998,4.998,150
2022-03-03 10:30:22,4.8,11.9,477,0.0,0.0,0,0.0,0.0,0,56908.00,0.00,0.00,204,12.92,2.84,0.00,-9.4,4.998,4.998,4.998,4.998,252
2022-03-03 10:31:22,10.1,16.8,720,0.0,0.0,0,0.0,0.0,0,57628.00,0.00,0.00,203,12.92,2.82,0.00,-8.9,4.998,4.998,4.998,4.998,188
2022-03-03 10:32:22,3.5,12.4,517,0.0,0.0,0,0.0,0.0,0,58145.00,0.00,0.00,194,12.92,2.70,0.00,-8.9,4.998,4.998,4.998,4.998,99
2022-03-03 10:33:22,5.7,11.5,446,0.0,0.0,0,0.0,0.0,0,58591.00,0.00,0.00,224,12.96,3.12,0.00,-8.9,4.998,4.998,4.998,4.998,216
2022-03-03 10:34:22,7.1,16.8,577,0.0,0.0,0,0.0,0.0,0,59168.00,0.00,0.00,223,12.96,3.10,0.00,-8.9,4.998,4.998,4.998,4.998,170
2022-03-03 10:35:22,6.7,11.5,493,0.0,0.0,0,0.0,0.0,0,59661.00,0.00,0.00,221,12.96,3.07,0.00,-8.5,4.998,4.998,4.998,4.998,162
2022-03-03 10:36:22,9.3,11.7,418,0.0,0.0,0,0.0,0.0,0,60079.00,0.00,0.00,201,13.00,2.80,0.00,-8.5,4.998,4.998,4.998,4.998,5
2022-03-03 10:37:22,5.8,13.6,543,0.0,0.0,0,0.0,0.0,0,60622.00,0.00,0.00,222,13.00,3.08,0.00,-8.5,4.998,4.998,4.998,4.998,76
2022-03-03 10:38:22,5.6,11.1,473,0.0,0.0,0,0.0,0.0,0,61095.00,0.00,0.00,195,13.04,2.71,0.00,-8.5,4.998,4.998,4.998,4.998,94
2022-03-03 10:39:22,4.4,6.3,170,0.0,0.0,0,0.0,0.0,0,61265.00,0.00,0.00,205,13.00,2.85,0.00,-8.5,4.998,4.998,4.998,4.998,12
2022-03-03 10:40:22,6.8,10.4,371,0.0,0.0,0,0.0,0.0,0,61636.00,0.00,0.00,184,13.04,2.55,0.00,-8.0,4.998,4.998,4.998,4.998,41
2022-03-03 10:41:22,8.0,9.5,438,0.0,0.0,0,0.0,0.0,0,62074.00,0.00,0.00,237,13.04,3.29,0.00,-8.5,4.998,4.998,4.998,4.998,55
2022-03-03 10:42:22,6.6,11.3,457,0.0,0.0,0,0.0,0.0,0,62531.00,0.00,0.00,198,13.04,2.76,0.00,-8.9,4.998,4.998,4.998,4.998,126
2022-03-03 10:43:22,6.6,8.8,358,0.0,0.0,0,0.0,0.0,0,62889.00,0.00,0.00,202,13.08,2.81,0.00,-8.0,4.998,4.998,4.998,4.998,80
2022-03-03 10:44:22,4.2,11.2,367,0.0,0.0,0,0.0,0.0,0,63256.00,0.00,0.00,205,13.08,2.85,0.00,-8.0,4.998,4.998,4.998,4.998,34
2022-03-03 10:45:22,5.7,9.1,297,0.0,0.0,0,0.0,0.0,0,63553.00,0.00,0.00,188,13.08,2.62,0.00,-7.5,4.998,4.998,4.998,4.998,9
2022-03-03 10:46:22,4.1,11.8,473,0.0,0.0,0,0.0,0.0,0,64026.00,0.00,0.00,237,13.12,3.30,0.00,-8.0,4.998,4.998,4.998,4.998,16
2022-03-03 10:47:22,8.3,14.7,480,0.0,0.0,0,0.0,0.0,0,64506.00,0.00,0.00,185,13.12,2.57,0.00,-8.0,4.998,4.998,4.998,4.998,144
2022-03-03 10:48:22,7.5,11.6,536,0.0,0.0,0,0.0,0.0,0,65042.00,0.00,0.00,187,13.12,2.59,0.00,-7.5,4.998,4.998,4.998,4.998,172
2022-03-03 10:49:22,4.1,12.3,521,0.0,0.0,0,0.0,0.0,0,65563.00,0.00,0.00,204,13.12,2.83,0.00,-7.5,4.998,4.998,4.998,4.998,108
2022-03-03 10:50:22,4.9,8.5,339,0.0,0.0,0,0.0,0.0,0,65902.00,0.00,0.00,188,13.16,2.62,0.00,-7.5,4.998,4.998,4.998,4.998,120
2022-03-03 10:51:22,8.0,13.1,512,0.0,0.0,0,0.0,0.0,0,66414.00,0.00,0.00,188,13.16,2.62,0.00,-7.5,4.998,4.998,4.998,4.998,204
2022-03-03 10:52:22,7.5,7.8,269,0.0,0.0,0,0.0,0.0,0,66683.00,0.00,0.00,220,13.16,3.05,0.00,-7.0,4.998,4.998,4.998,4.998,60
2022-03-03 10:53:22,8.8,10.7,425,0.0,0.0,0,0.0,0.0,0,67108.00,0.00,0.00,150,13.16,2.08,0.00,-7.0,4.998,4.998,4.998,4.998,120
2022-03-03 10:54:22,9.2,13.1,448,0.0,0.0,0,0.0,0.0,0,67556.00,0.00,0.00,200,13.20,2.78,0.00,-7.5,4.998,4.998,4.998,4.998,178
2022-03-03 10:55:22,9.4,12.6,510,0.0,0.0,0,0.0,0.0,0,68066.00,0.00,0.00,170,13.20,2.36,0.00,-7.5,4.998,4.998,4.998,4.998,23
2022-03-03 10:56:22,5.2,11.8,458,0.0,0.0,0,0.0,0.0,0,68524.00,0.00,0.00,188,13.24,2.61,0.00,-7.5,4.998,4.998,4.998,4.998,87
2022-03-03 10:57:22,11.2,11.2,444,0.0,0.0,0,0.0,0.0,0,68968.00,0.00,0.00,190,13.20,2.64,0.00,-7.5,4.998,4.998,4.998,4.998,217
2022-03-03 10:58:22,8.6,14.2,568,0.0,0.0,0,0.0,0.0,0,69536.00,0.00,0.00,203,13.20,2.82,0.00,-7.5,4.998,4.998,4.998,4.998,165
2022-03-03 10:59:22,6.5,10.3,394,0.0,0.0,0,0.0,0.0,0,69930.00,0.00,0.00,193,13.24,2.68,0.00,-7.5,4.998,4.998,4.998,4.998,166
2022-03-03 11:00:22,6.3,12.0,459,0.0,0.0,0,0.0,0.0,0,70389.00,0.00,0.00,223,13.24,3.10,0.00,-7.5,4.998,4.998,4.998,4.998,189
2022-03-03 11:01:22,3.4,8.5,275,0.0,0.0,0,0.0,0.0,0,70664.00,0.00,0.00,206,13.24,2.86,0.00,-7.0,4.998,4.998,4.998,4.998,51
2022-03-03 11:02:22,8.6,9.4,403,0.0,0.0,0,0.0,0.0,0,71067.00,0.00,0.00,219,13.24,3.05,0.00,-7.0,4.998,4.998,4.998,4.998,82
2022-03-03 11:03:22,7.2,11.0,435,0.0,0.0,0,0.0,0.0,0,71502.00,0.00,0.00,195,13.24,2.71,0.00,-7.0,4.998,4.998,4.998,4.998,204
2022-03-03 11:04:22,8.6,9.1,315,0.0,0.0,0,0.0,0.0,0,71817.00,0.00,0.00,220,13.20,3.05,0.00,-7.0,4.998,4.998,4.998,4.998,192
2022-03-03 11:05:22,8.9,15.2,612,0.0,0.0,0,0.0,0.0,0,72429.00,0.00,0.00,200,13.20,2.77,0.00,-8.0,4.998,4.998,4.998,4.998,30
2022-03-03 11:06:22,8.5,12.7,527,0.0,0.0,0,0.0,0.0,0,72956.00,0.00,0.00,225,13.20,3.12,0.00,-7.5,4.998,4.998,4.998,4.998,2
2022-03-03 11:07:22,7.7,13.1,568,0.0,0.0,0,0.0,0.0,0,73524.00,0.00,0.00,228,13.24,3.17,0.00,-7.5,4.998,4.998,4.998,4.998,255
2022-03-03 11:08:22,6.6,9.1,371,0.0,0.0,0,0.0,0.0,0,73895.00,0.00,0.00,224,13.28,3.11,0.00,-7.0,4.998,4.998,4.998,4.998,11
2022-03-03 11:09:22,6.4,15.6,616,0.0,0.0,0,0.0,0.0,0,74511.00,0.00,0.00,208,13.24,2.89,0.00,-7.0,4.998,4.998,4.998,4.998,173
2022-03-03 11:10:22,8.4,9.6,365,0.0,0.0,0,0.0,0.0,0,74876.00,0.00,0.00,229,13.32,3.18,0.00,-7.0,4.998,4.998,4.998,4.998,170
2022-03-03 11:11:22,5.9,8.1,327,0.0,0.0,0,0.0,0.0,0,75203.00,0.00,0.00,192,13.28,2.67,0.00,-6.0,4.998,4.998,4.998,4.998,22
2022-03-03 11:12:22,16.0,16.0,471,0.0,0.0,0,0.0,0.0,0,75674.00,0.00,0.00,202,13.32,2.80,0.00,-6.5,4.998,4.998,4.998,4.998,132
2022-03-03 11:13:22,16.7,17.5,638,0.0,0.0,0,0.0,0.0,0,76312.00,0.00,0.00,179,13.32,2.49,0.00,-7.0,4.998,4.998,4.998,4.998,108
2022-03-03 11:14:22,6.9,17.8,527,0.0,0.0,0,0.0,0.0,0,76839.00,0.00,0.00,195,13.35,2.70,0.00,-6.5,4.998,4.998,4.998,4.998,230
2022-03-03 11:15:22,6.4,12.2,459,0.0,0.0,0,0.0,0.0,0,77298.00,0.00,0.00,225,13.32,3.12,0.00,-6.5,4.998,4.998,4.998,4.998,119
2022-03-03 11:16:22,5.4,7.5,319,0.0,0.0,0,0.0,0.0,0,77617.00,0.00,0.00,189,13.35,2.63,0.00,-6.5,4.998,4.998,4.998,4.998,106
2022-03-03 11:17:22,6.1,11.4,542,0.0,0.0,0,0.0,0.0,0,78159.00,0.00,0.00,212,13.35,2.95,0.00,-7.0,4.998,4.998,4.998,4.998,81
2022-03-03 11:18:22,10.4,13.7,489,0.0,0.0,0,0.0,0.0,0,78648.00,0.00,0.00,194,13.35,2.69,0.00,-6.5,4.998,4.998,4.998,4.998,139
2022-03-03 11:19:22,3.8,12.5,521,0.0,0.0,0,0.0,0.0,0,79169.00,0.00,0.00,220,13.35,3.06,0.00,-6.5,4.998,4.998,4.998,4.998,37
2022-03-03 11:20:22,7.0,11.4,460,0.0,0.0,0,0.0,0.0,0,79629.00,0.00,0.00,227,13.35,3.15,0.00,-6.0,4.998,4.998,4.998,4.998,112
2022-03-03 11:21:22,6.6,8.9,374,0.0,0.0,0,0.0,0.0,0,80003.00,0.00,0.00,210,13.39,2.91,0.00,-6.5,4.998,4.998,4.998,4.998,140
2022-03-03 11:22:22,7.6,10.6,458,0.0,0.0,0,0.0,0.0,0,80461.00,0.00,0.00,208,13.39,2.89,0.00,-6.0,4.998,4.998,4.998,4.998,190
2022-03-03 11:23:22,5.8,8.3,343,0.0,0.0,0,0.0,0.0,0,80804.00,0.00,0.00,227,13.39,3.15,0.00,-5.5,4.998,4.998,4.998,4.998,46
2022-03-03 11:24:22,2.7,8.6,266,0.0,0.0,0,0.0,0.0,0,81070.00,0.00,0.00,228,13.43,3.17,0.00,-6.0,4.998,4.998,4.998,4.998,159
2022-03-03 11:25:22,9.4,9.4,228,0.0,0.0,0,0.0,0.0,0,81298.00,0.00,0.00,255,13.43,3.54,0.00,-5.5,4.998,4.998,4.998,4.998,34
2022-03-03 11:26:22,8.2,11.3,466,0.0,0.0,0,0.0,0.0,0,81764.00,0.00,0.00,239,13.43,3.32,0.00,-6.0,4.998,4.998,4.998,4.998,189
2022-03-03 11:27:22,7.7,8.9,407,0.0,0.0,0,0.0,0.0,0,82171.00,0.00,0.00,244,13.43,3.39,0.00,-6.0,4.998,4.998,4.998,4.998,100
2022-03-03 11:28:22,10.7,16.7,553,0.0,0.0,0,0.0,0.0,0,82724.00,0.00,0.00,245,13.43,3.40,0.00,-6.0,4.998,4.998,4.998,4.998,237
2022-03-03 11:29:22,4.8,14.7,535,0.0,0.0,0,0.0,0.0,0,83259.00,0.00,0.00,238,13.43,3.31,0.00,-6.0,4.998,4.998,4.998,4.998,13
2022-03-03 11:30:22,10.3,19.6,672,0.0,0.0,0,0.0,0.0,0,83931.00,0.00,0.00,197,13.43,2.73,0.00,-6.0,4.998,4.998,4.998,4.998,197
2022-03-03 11:31:22,12.9,14.9,570,0.0,0.0,0,0.0,0.0,0,84501.00,0.00,0.00,213,13.43,2.96,0.00,-6.0,4.998,4.998,4.998,4.998,226
2022-03-03 11:32:22,13.1,15.6,637,0.0,0.0,0,0.0,0.0,0,85138.00,0.00,0.00,220,13.43,3.06,0.00,-6.0,4.998,4.998,4.998,4.998,178
2022-03-03 11:33:22,6.3,15.2,528,0.0,0.0,0,0.0,0.0,0,85666.00,0.00,0.00,263,13.43,3.65,0.00,-6.0,4.998,4.998,4.998,4.998,123
2022-03-03 11:34:22,7.6,19.3,816,0.0,0.0,0,0.0,0.0,0,86482.00,0.00,0.00,264,13.43,3.67,0.00,-6.0,4.998,4.998,4.998,4.998,180
2022-03-03 11:35:22,8.0,26.4,858,0.0,0.0,0,0.0,0.0,0,87340.00,0.00,0.00,230,14.57,3.20,0.00,-6.5,4.998,4.998,4.998,4.998,98
2022-03-03 11:36:22,8.9,15.8,652,0.0,0.0,0,0.0,0.0,0,87992.00,0.00,0.00,228,14.57,3.16,0.00,-6.0,4.998,4.998,4.998,4.998,252
2022-03-03 11:37:22,14.6,15.7,559,0.0,0.0,0,0.0,0.0,0,88551.00,0.00,0.00,264,14.57,3.66,0.00,-6.0,4.998,4.998,4.998,4.998,28
2022-03-03 11:38:22,14.0,15.3,707,0.0,0.0,0,0.0,0.0,0,89258.00,0.00,0.00,250,14.53,3.47,0.00,-6.0,4.998,4.998,4.998,4.998,201
2022-03-03 11:39:22,6.5,19.6,746,0.0,0.0,0,0.0,0.0,0,90004.00,0.00,0.00,211,14.57,2.94,0.00,-6.5,4.998,4.998,4.998,4.998,102
2022-03-03 11:40:22,8.0,16.4,602,0.0,0.0,0,0.0,0.0,0,90606.00,0.00,0.00,236,14.60,3.28,0.00,-6.5,4.998,4.998,4.998,4.998,246
2022-03-03 11:41:22,8.5,16.4,595,0.0,0.0,0,0.0,0.0,0,91201.00,0.00,0.00,188,14.57,2.62,0.00,-6.0,4.998,4.998,4.998,4.998,71
2022-03-03 11:42:22,6.4,13.1,520,0.0,0.0,0,0.0,0.0,0,91721.00,0.00,0.00,198,14.57,2.76,0.00,-6.0,4.998,4.998,4.998,4.998,223
2022-03-03 11:43:22,8.9,10.4,473,0.0,0.0,0,0.0,0.0,0,92194.00,0.00,0.00,248,14.57,3.45,0.00,-6.0,4.998,4.998,4.998,4.998,216
2022-03-03 11:44:22,7.5,17.2,604,0.0,0.0,0,0.0,0.0,0,92798.00,0.00,0.00,227,14.57,3.16,0.00,-6.0,4.998,4.998,4.998,4.998,70
2022-03-03 11:45:22,6.3,16.4,709,0.0,0.0,0,0.0,0.0,0,93507.00,0.00,0.00,217,14.53,3.02,0.00,-6.0,4.998,4.998,4.998,4.998,214
2022-03-03 11:46:22,8.3,12.8,578,0.0,0.0,0,0.0,0.0,0,94085.00,0.00,0.00,239,14.60,3.32,0.00,-6.5,4.998,4.998,4.998,4.998,110
2022-03-03 11:47:22,10.4,19.6,628,0.0,0.0,0,0.0,0.0,0,94713.00,0.00,0.00,216,14.60,3.00,0.00,-6.0,4.998,4.998,4.998,4.998,102
2022-03-03 11:48:22,6.1,13.6,551,0.0,0.0,0,0.0,0.0,0,95264.00,0.00,0.00,223,14.57,3.11,0.00,-6.0,4.998,4.998,4.998,4.998,215
2022-03-03 11:49:22,7.7,13.2,540,0.0,0.0,0,0.0,0.0,0,95804.00,0.00,0.00,191,14.60,2.65,0.00,-5.5,4.998,4.998,4.998,4.998,251
2022-03-03 11:50:22,10.3,13.9,569,0.0,0.0,0,0.0,0.0,0,96373.00,0.00,0.00,251,14.57,3.49,0.00,-6.0,4.998,4.998,4.998,4.998,122
2022-03-03 11:51:22,10.7,17.3,605,0.0,0.0,0,0.0,0.0,0,96978.00,0.00,0.00,270,14.57,3.74,0.00,-5.5,4.998,4.998,4.998,4.998,195
2022-03-03 11:52:22,9.5,16.0,565,0.0,0.0,0,0.0,0.0,0,97543.00,0.00,0.00,194,14.57,2.70,0.00,-6.0,4.998,4.998,4.998,4.998,173
2022-03-03 11:53:22,4.6,13.6,525,0.0,0.0,0,0.0,0.0,0,98068.00,0.00,0.00,206,14.57,2.87,0.00,-5.5,4.998,4.998,4.998,4.998,54
2022-03-03 11:54:22,7.2,11.7,458,0.0,0.0,0,0.0,0.0,0,98526.00,0.00,0.00,212,14.57,2.95,0.00,-6.0,4.998,4.998,4.998,4.998,97
2022-03-03 11:55:22,8.3,13.1,462,0.0,0.0,0,0.0,0.0,0,98988.00,0.00,0.00,238,14.60,3.31,0.00,-6.0,4.998,4.998,4.998,4.998,196
2022-03-03 11:56:22,10.8,15.4,595,0.0,0.0,0,0.0,0.0,0,99583.00,0.00,0.00,207,14.57,2.87,0.00,-6.0,4.998,4.998,4.998,4.998,174
2022-03-03 11:57:22,15.2,21.3,789,0.0,0.0,0,0.0,0.0,0,100372.00,0.00,0.00,260,14.60,3.61,0.00,-6.0,4.998,4.998,4.998,4.998,54
2022-03-03 11:58:22,11.3,17.1,758,0.0,0.0,0,0.0,0.0,0,101130.00,0.00,0.00,211,14.57,2.93,0.00,-6.5,4.998,4.998,4.998,4.998,96
2022-03-03 11:59:22,11.2,13.9,520,0.0,0.0,0,0.0,0.0,0,101650.00,0.00,0.00,229,14.60,3.18,0.00,-6.0,4.998,4.998,4.998,4.998,251
2022-03-03 12:00:22,9.4,11.2,477,0.0,0.0,0,0.0,0.0,0,102127.00,0.00,0.00,201,14.57,2.80,0.00,-6.0,4.998,4.998,4.998,4.998,52
2022-03-03 12:01:22,12.0,13.3,518,0.0,0.0,0,0.0,0.0,0,102645.00,0.00,0.00,202,14.60,2.81,0.00,-6.0,4.998,4.998,4.998,4.998,202
2022-03-03 12:02:22,10.5,12.4,404,0.0,0.0,0,0.0,0.0,0,103049.00,0.00,0.00,200,14.57,2.77,0.00,-5.5,4.998,4.998,4.998,4.998,210
2022-03-03 12:03:22,5.9,13.1,615,0.0,0.0,0,0.0,0.0,0,103664.00,0.00,0.00,200,14.57,2.78,0.00,-6.0,4.998,4.998,4.998,4.998,0
2022-03-03 12:04:22,6.7,17.5,521,0.0,0.0,0,0.0,0.0,0,104185.00,0.00,0.00,221,14.57,3.07,0.00,-6.0,4.998,4.998,4.998,4.998,239
2022-03-03 12:05:22,12.5,13.9,617,0.0,0.0,0,0.0,0.0,0,104802.00,0.00,0.00,234,14.57,3.25,0.00,-6.0,4.998,4.998,4.998,4.998,122
2022-03-03 12:06:22,10.9,21.5,773,0.0,0.0,0,0.0,0.0,0,105575.00,0.00,0.00,247,14.60,3.43,0.00,-6.5,4.998,4.998,4.998,4.998,239
2022-03-03 12:07:22,10.1,17.8,754,0.0,0.0,0,0.0,0.0,0,106329.00,0.00,0.00,210,14.57,2.92,0.00,-6.0,4.998,4.998,4.998,4.998,26
2022-03-03 12:08:22,7.9,14.4,589,0.0,0.0,0,0.0,0.0,0,106918.00,0.00,0.00,149,14.57,2.07,0.00,-6.0,4.998,4.998,4.998,4.998,18
2022-03-03 12:09:22,5.9,18.6,616,0.0,0.0,0,0.0,0.0,0,107534.00,0.00,0.00,196,14.57,2.73,0.00,-5.5,4.998,4.998,4.998,4.998,246
2022-03-03 12:10:22,5.1,8.1,270,0.0,0.0,0,0.0,0.0,0,107804.00,0.00,0.00,177,14.60,2.47,0.00,-5.0,4.998,4.998,4.998,4.998,51
2022-03-03 12:11:22,10.5,19.7,625,0.0,0.0,0,0.0,0.0,0,108429.00,0.00,0.00,239,14.57,3.32,0.00,-5.5,4.998,4.998,4.998,4.998,173
2022-03-03 12:12:22,9.4,17.5,700,0.0,0.0,0,0.0,0.0,0,109129.00,0.00,0.00,190,14.60,2.64,0.00,-6.0,4.998,4.998,4.998,4.998,212
2022-03-03 12:13:22,7.8,16.7,730,0.0,0.0,0,0.0,0.0,0,109859.00,0.00,0.00,199,14.57,2.76,0.00,-6.0,4.998,4.998,4.998,4.998,189
2022-03-03 12:14:22,13.0,13.9,548,0.0,0.0,0,0.0,0.0,0,110407.00,0.00,0.00,193,14.60,2.69,0.00,-5.5,4.998,4.998,4.998,4.998,207
2022-03-03 12:15:22,10.5,18.5,612,0.0,0.0,0,0.0,0.0,0,111019.00,0.00,0.00,248,14.60,3.45,0.00,-5.5,4.998,4.998,4.998,4.998,221
2022-03-03 12:16:22,4.4,14.8,466,0.0,0.0,0,0.0,0.0,0,111485.00,0.00,0.00,197,14.57,2.73,0.00,-5.0,4.998,4.998,4.998,4.998,94
2022-03-03 12:17:22,7.7,10.2,274,0.0,0.0,0,0.0,0.0,0,111759.00,0.00,0.00,204,14.57,2.83,0.00,-4.5,4.998,4.998,4.998,4.998,138
2022-03-03 12:18:22,7.9,14.1,573,0.0,0.0,0,0.0,0.0,0,112332.00,0.00,0.00,177,14.57,2.47,0.00,-5.0,4.998,4.998,4.998,4.998,144
2022-03-03 12:19:22,5.7,16.8,637,0.0,0.0,0,0.0,0.0,0,112969.00,0.00,0.00,219,14.60,3.04,0.00,-5.5,4.998,4.998,4.998,4.998,107
2022-03-03 12:20:22,5.6,14.8,474,0.0,0.0,0,0.0,0.0,0,113443.00,0.00,0.00,222,14.57,3.08,0.00,-5.0,4.998,4.998,4.998,4.998,89
2022-03-03 12:21:22,7.8,15.6,612,0.0,0.0,0,0.0,0.0,0,114055.00,0.00,0.00,202,14.57,2.81,0.00,-5.0,4.998,4.998,4.998,4.998,215
2022-03-03 12:22:22,8.8,12.2,579,0.0,0.0,0,0.0,0.0,0,114634.00,0.00,0.00,189,14.57,2.62,0.00,-5.0,4.998,4.998,4.998,4.998,19
2022-03-03 12:23:22,6.9,10.4,353,0.0,0.0,0,0.0,0.0,0,114987.00,0.00,0.00,208,14.57,2.89,0.00,-5.0,4.998,4.998,4.998,4.998,115
2022-03-03 12:24:22,5.2,18.2,631,0.0,0.0,0,0.0,0.0,0,115618.00,0.00,0.00,235,14.57,3.27,0.00,-4.5,4.998,4.998,4.998,4.998,40
2022-03-03 12:25:22,7.0,13.2,529,0.0,0.0,0,0.0,0.0,0,116147.00,0.00,0.00,223,14.60,3.10,0.00,-5.0,4.998,4.998,4.998,4.998,167
2022-03-03 12:26:22,6.2,13.1,427,0.0,0.0,0,0.0,0.0,0,116574.00,0.00,0.00,240,14.57,3.33,0.00,-4.5,4.998,4.998,4.998,4.998,206
2022-03-03 12:27:22,11.7,16.3,470,0.0,0.0,0,0.0,0.0,0,117044.00,0.00,0.00,198,14.60,2.75,0.00,-4.5,4.998,4.998,4.998,4.998,123
2022-03-03 12:28:22,8.1,11.5,478,0.0,0.0,0,0.0,0.0,0,117522.00,0.00,0.00,234,14.60,3.25,0.00,-4.5,4.998,4.998,4.998,4.998,195
2022-03-03 12:29:22,9.3,15.0,615,0.0,0.0,0,0.0,0.0,0,118137.00,0.00,0.00,197,14.60,2.74,0.00,-4.5,4.998,4.998,4.998,4.998,105
2022-03-03 12:30:22,7.7,14.4,664,0.0,0.0,0,0.0,0.0,0,118801.00,0.00,0.00,231,14.57,3.21,0.00,-4.5,4.998,4.998,4.998,4.998,84
2022-03-03 12:31:22,9.3,13.6,618,0.0,0.0,0,0.0,0.0,0,119419.00,0.00,0.00,230,14.60,3.19,0.00,-5.0,4.998,4.998,4.998,4.998,172
2022-03-03 12:32:22,8.6,13.7,649,0.0,0.0,0,0.0,0.0,0,120068.00,0.00,0.00,199,14.60,2.76,0.00,-4.5,4.998,4.998,4.998,4.998,130
2022-03-03 12:33:22,4.5,10.2,435,0.0,0.0,0,0.0,0.0,0,120503.00,0.00,0.00,222,14.60,3.09,0.00,-4.1,4.998,4.998,4.998,4.998,208
2022-03-03 12:34:22,8.8,10.3,383,0.0,0.0,0,0.0,0.0,0,120886.00,0.00,0.00,218,14.60,3.03,0.00,-4.1,4.998,4.998,4.998,4.998,172
2022-03-03 12:35:22,9.1,11.4,434,0.0,0.0,0,0.0,0.0,0,121320.00,0.00,0.00,231,14.60,3.21,0.00,-4.1,4.998,4.998,4.998,4.998,43
2022-03-03 12:36:22,10.3,14.8,636,0.0,0.0,0,0.0,0.0,0,121956.00,0.00,0.00,234,14.57,3.25,0.00,-4.5,4.998,4.998,4.998,4.998,58
2022-03-03 12:37:22,13.1,15.1,577,0.0,0.0,0,0.0,0.0,0,122533.00,0.00,0.00,234,14.60,3.25,0.00,-4.1,4.998,4.998,4.998,4.998,49
2022-03-03 12:38:22,6.5,15.9,659,0.0,0.0,0,0.0,0.0,0,123192.00,0.00,0.00,217,14.57,3.01,0.00,-4.1,4.998,4.998,4.998,4.998,122
2022-03-03 12:39:22,12.3,14.6,532,0.0,0.0,0,0.0,0.0,0,123724.00,0.00,0.00,210,14.57,2.92,0.00,-4.1,4.998,4.998,4.998,4.998,220
2022-03-03 12:40:22,8.9,14.5,489,0.0,0.0,0,0.0,0.0,0,124213.00,0.00,0.00,257,14.57,3.57,0.00,-4.5,4.998,4.998,4.998,4.998,190
2022-03-03 12:41:22,13.0,17.0,637,0.0,0.0,0,0.0,0.0,0,124850.00,0.00,0.00,227,14.60,3.15,0.00,-4.5,4.998,4.998,4.998,4.998,248
2022-03-03 12:42:22,16.1,19.3,743,0.0,0.0,0,0.0,0.0,0,125593.00,0.00,0.00,249,14.60,3.46,0.00,-4.5,4.998,4.998,4.998,4.998,224
2022-03-03 12:43:22,14.1,17.3,597,0.0,0.0,0,0.0,0.0,0,126190.00,0.00,0.00,232,14.57,3.22,0.00,-4.1,4.998,4.998,4.998,4.998,28
2022-03-03 12:44:22,12.4,17.5,658,0.0,0.0,0,0.0,0.0,0,126848.00,0.00,0.00,283,14.64,3.93,0.00,-4.1,4.998,4.998,4.998,4.998,57
2022-03-03 12:45:22,6.8,13.9,568,0.0,0.0,0,0.0,0.0,0,127416.00,0.00,0.00,229,14.60,3.18,0.00,-4.1,4.998,4.998,4.998,4.998,220
2022-03-03 12:46:22,16.5,22.1,555,0.0,0.0,0,0.0,0.0,0,127971.00,0.00,0.00,265,14.60,3.68,0.00,-4.1,4.998,4.998,4.998,4.998,144
2022-03-03 12:47:22,10.9,21.5,642,0.0,0.0,0,0.0,0.0,0,128613.00,0.00,0.00,210,14.64,2.91,0.00,-4.1,4.998,4.998,4.998,4.998,245
2022-03-03 12:48:22,11.6,19.0,808,0.0,0.0,0,0.0,0.0,0,129421.00,0.00,0.00,269,14.57,3.74,0.00,-4.1,4.998,4.998,4.998,4.998,190
2022-03-03 12:49:22,11.6,16.1,631,0.0,0.0,0,0.0,0.0,0,130052.00,0.00,0.00,247,14.60,3.43,0.00,-4.5,4.998,4.998,4.998,4.998,31
2022-03-03 12:50:22,10.1,13.3,589,0.0,0.0,0,0.0,0.0,0,130641.00,0.00,0.00,225,14.64,3.12,0.00,-4.1,4.998,4.998,4.998,4.998,27
2022-03-03 12:51:22,9.0,13.6,619,0.0,0.0,0,0.0,0.0,0,131260.00,0.00,0.00,245,14.60,3.40,0.00,-4.1,4.998,4.998,4.998,4.998,185
2022-03-03 12:52:22,5.9,13.0,480,0.0,0.0,0,0.0,0.0,0,131740.00,0.00,0.00,293,14.60,4.08,0.00,-3.6,4.998,4.998,4.998,4.998,229
2022-03-03 12:53:22,8.4,18.1,723,0.0,0.0,0,0.0,0.0,0,132463.00,0.00,0.00,271,14.57,3.76,0.00,-4.1,4.998,4.998,4.998,4.998,103
2022-03-03 12:54:22,15.1,19.0,821,0.0,0.0,0,0.0,0.0,0,133284.00,0.00,0.00,283,14.60,3.93,0.00,-4.1,4.998,4.998,4.998,4.998,167
2022-03-03 12:55:22,5.6,16.5,683,0.0,0.0,0,0.0,0.0,0,133967.00,0.00,0.00,271,14.60,3.76,0.00,-4.1,4.998,4.998,4.998,4.998,83
2022-03-03 12:56:22,6.1,17.7,536,0.0,0.0,0,0.0,0.0,0,134503.00,0.00,0.00,233,14.57,3.24,0.00,-4.1,4.998,4.998,4.998,4.998,216
2022-03-03 12:57:22,18.0,18.2,617,0.0,0.0,0,0.0,0.0,0,135120.00,0.00,0.00,247,14.64,3.43,0.00,-4.1,4.998,4.998,4.998,4.998,66
2022-03-03 12:58:22,13.9,19.5,856,0.0,0.0,0,0.0,0.0,0,135976.00,0.00,0.00,239,14.60,3.32,0.00,-4.5,4.998,4.998,4.998,4.998,38
2022-03-03 12:59:22,10.9,17.4,671,0.0,0.0,0,0.0,0.0,0,136647.00,0.00,0.00,201,14.64,2.79,0.00,-4.1,4.998,4.998,4.998,4.998,111
2022-03-03 13:00:22,17.3,19.3,781,0.0,0.0,0,0.0,0.0,0,137428.00,0.00,0.00,227,14.57,3.15,0.00,-4.5,4.998,4.998,4.998,4.998,34
2022-03-03 13:01:22,14.0,19.6,799,0.0,0.0,0,0.0,0.0,0,138227.00,0.00,0.00,243,14.60,3.38,0.00,-4.5,4.998,4.998,4.998,4.998,94
2022-03-03 13:02:22,15.2,24.5,1051,0.0,0.0,0,0.0,0.0,0,139278.00,0.00,0.00,239,14.60,3.32,0.00,-5.0,4.998,4.998,4.998,4.998,108
2022-03-03 13:03:22,16.8,21.4,887,0.0,0.0,0,0.0,0.0,0,140165.00,0.00,0.00,254,14.60,3.53,0.00,-4.5,4.998,4.998,4.998,4.998,179
2022-03-03 13:04:22,18.3,20.1,848,0.0,0.0,0,0.0,0.0,0,141013.00,0.00,0.00,230,14.60,3.20,0.00,-4.5,4.998,4.998,4.998,4.998,33
2022-03-03 13:05:22,14.0,20.6,937,0.0,0.0,0,0.0,0.0,0,141950.00,0.00,0.00,225,14.60,3.12,0.00,-5.0,4.998,4.998,4.998,4.998,72
2022-03-03 13:06:22,8.2,15.5,738,0.0,0.0,0,0.0,0.0,0,142688.00,0.00,0.00,163,14.57,2.27,0.00,-4.5,4.998,4.998,4.998,4.998,194
2022-03-03 13:07:22,12.5,19.1,714,0.0,0.0,0,0.0,0.0,0,143402.00,0.00,0.00,212,14.57,2.95,0.00,-4.1,4.998,4.998,4.998,4.998,3
2022-03-03 13:08:22,9.3,14.1,563,0.0,0.0,0,0.0,0.0,0,143965.00,0.00,0.00,223,14.57,3.10,0.00,-4.1,4.998,4.998,4.998,4.998,49
2022-03-03 13:09:22,10.3,14.2,570,0.0,0.0,0,0.0,0.0,0,144535.00,0.00,0.00,259,14.60,3.60,0.00,-4.1,4.998,4.998,4.998,4.998,15
2022-03-03 13:10:22,10.2,13.8,708,0.0,0.0,0,0.0,0.0,0,145243.00,0.00,0.00,266,14.64,3.70,0.00,-4.5,4.998,4.998,4.998,4.998,9
2022-03-03 13:11:22,5.0,14.2,582,0.0,0.0,0,0.0,0.0,0,145825.00,0.00,0.00,230,14.60,3.20,0.00,-4.1,4.998,4.998,4.998,4.998,99
2022-03-03 13:12:22,17.4,25.8,801,0.0,0.0,0,0.0,0.0,0,146626.00,0.00,0.00,202,14.60,2.80,0.00,-4.1,4.998,4.998,4.998,4.998,181
2022-03-03 13:13:22,12.5,17.8,621,0.0,0.0,0,0.0,0.0,0,147247.00,0.00,0.00,217,14.57,3.02,0.00,-4.1,4.998,4.998,4.998,4.998,6
2022-03-03 13:14:22,10.4,17.7,696,0.0,0.0,0,0.0,0.0,0,147943.00,0.00,0.00,243,14.57,3.37,0.00,-4.5,4.998,4.998,4.998,4.998,69
2022-03-03 13:15:22,12.1,16.5,777,0.0,0.0,0,0.0,0.0,0,148720.00,0.00,0.00,244,14.60,3.39,0.00,-4.1,4.998,4.998,4.998,4.998,223
2022-03-03 13:16:22,9.5,15.0,601,0.0,0.0,0,0.0,0.0,0,149321.00,0.00,0.00,234,14.60,3.26,0.00,-4.1,4.998,4.998,4.998,4.998,239
2022-03-03 13:17:22,12.3,16.2,631,0.0,0.0,0,0.0,0.0,0,149952.00,0.00,0.00,211,14.60,2.93,0.00,-4.5,4.998,4.998,4.998,4.998,215
2022-03-03 13:18:22,6.2,12.8,548,0.0,0.0,0,0.0,0.0,0,150500.00,0.00,0.00,233,14.60,3.24,0.00,-4.1,4.998,4.998,4.998,4.998,87
2022-03-03 13:19:22,11.7,16.1,482,0.0,0.0,0,0.0,0.0,0,150982.00,0.00,0.00,237,14.60,3.30,0.00,-4.1,4.998,4.998,4.998,4.998,52
2022-03-03 13:20:22,11.4,14.7,701,0.0,0.0,0,0.0,0.0,0,151683.00,0.00,0.00,259,14.64,3.59,0.00,-4.5,4.998,4.998,4.998,4.998,116
2022-03-03 13:21:22,7.9,24.2,855,0.0,0.0,0,0.0,0.0,0,152538.00,0.00,0.00,248,14.60,3.45,0.00,-4.1,4.998,4.998,4.998,4.998,7
2022-03-03 13:22:22,13.5,17.9,637,0.0,0.0,0,0.0,0.0,0,153175.00,0.00,0.00,246,14.60,3.42,0.00,-4.1,4.998,4.998,4.998,4.998,85
2022-03-03 13:23:22,9.3,15.2,643,0.0,0.0,0,0.0,0.0,0,153818.00,0.00,0.00,261,14.60,3.62,0.00,-3.6,4.998,4.998,4.998,4.998,144
2022-03-03 13:24:22,6.9,13.2,507,0.0,0.0,0,0.0,0.0,0,154325.00,0.00,0.00,247,14.60,3.44,0.00,-4.1,4.998,4.998,4.998,4.998,172
2022-03-03 13:25:22,6.7,11.4,487,0.0,0.0,0,0.0,0.0,0,154812.00,0.00,0.00,248,14.60,3.45,0.00,-3.6,4.998,4.998,4.998,4.998,43
2022-03-03 13:26:22,5.2,10.0,441,0.0,0.0,0,0.0,0.0,0,155253.00,0.00,0.00,227,14.60,3.15,0.00,-3.1,4.998,4.998,4.998,4.998,175
2022-03-03 13:27:22,9.9,13.5,592,0.0,0.0,0,0.0,0.0,0,155845.00,0.00,0.00,262,14.60,3.64,0.00,-3.6,4.998,4.998,4.998,4.998,42
2022-03-03 13:28:22,14.1,15.2,547,0.0,0.0,0,0.0,0.0,0,156392.00,0.00,0.00,235,14.57,3.27,0.00,-3.6,4.998,4.998,4.998,4.998,156
2022-03-03 13:29:22,11.4,17.4,614,0.0,0.0,0,0.0,0.0,0,157006.00,0.00,0.00,235,14.64,3.26,0.00,-4.1,4.998,4.998,4.998,4.998,205
2022-03-03 13:30:22,5.1,11.4,518,0.0,0.0,0,0.0,0.0,0,157524.00,0.00,0.00,210,14.60,2.92,0.00,-3.6,4.998,4.998,4.998,4.998,173
2022-03-03 13:31:22,4.3,9.3,312,0.0,0.0,0,0.0,0.0,0,157836.00,0.00,0.00,248,14.60,3.44,0.00,-3.1,4.998,4.998,4.998,4.998,252
2022-03-03 13:32:22,11.1,15.2,629,0.0,0.0,0,0.0,0.0,0,158465.00,0.00,0.00,256,14.60,3.56,0.00,-3.1,4.998,4.998,4.998,4.998,191
2022-03-03 13:33:22,8.8,14.3,691,0.0,0.0,0,0.0,0.0,0,159156.00,0.00,0.00,266,14.57,3.70,0.00,-3.1,4.998,4.998,4.998,4.998,6
2022-03-03 13:34:22,5.9,12.5,537,0.0,0.0,0,0.0,0.0,0,159693.00,0.00,0.00,223,14.41,3.10,0.00,-3.1,4.998,4.998,4.998,4.998,29
2022-03-03 13:35:22,11.8,16.2,577,0.0,0.0,0,0.0,0.0,0,160270.00,0.00,0.00,181,14.45,2.51,0.00,-3.1,4.998,4.998,4.998,4.998,204
2022-03-03 13:36:22,14.3,15.9,610,0.0,0.0,0,0.0,0.0,0,160880.00,0.00,0.00,253,14.45,3.52,0.00,-3.1,4.998,4.998,4.998,4.998,160
2022-03-03 13:37:22,13.3,18.0,732,0.0,0.0,0,0.0,0.0,0,161612.00,0.00,0.00,253,14.45,3.51,0.00,-3.6,4.998,4.998,4.998,4.998,245
2022-03-03 13:38:22,10.5,18.9,754,0.0,0.0,0,0.0,0.0,0,162366.00,0.00,0.00,228,14.45,3.16,0.00,-3.1,4.998,4.998,4.998,4.998,146
2022-03-03 13:39:22,5.7,15.7,660,0.0,0.0,0,0.0,0.0,0,163026.00,0.00,0.00,255,14.41,3.54,0.00,-3.1,4.998,4.998,4.998,4.998,229
2022-03-03 13:40:22,14.7,17.9,752,0.0,0.0,0,0.0,0.0,0,163778.00,0.00,0.00,250,14.37,3.48,0.00,-3.6,4.998,4.998,4.998,4.998,97
2022-03-03 13:41:22,4.8,18.8,704,0.0,0.0,0,0.0,0.0,0,164482.00,0.00,0.00,256,14.37,3.55,0.00,-3.1,4.998,4.998,4.998,4.998,86
2022-03-03 13:42:22,5.9,9.0,314,0.0,0.0,0,0.0,0.0,0,164796.00,0.00,0.00,199,14.41,2.76,0.00,-3.1,4.998,4.998,4.998,4.998,163
2022-03-03 13:43:22,15.8,22.0,798,0.0,0.0,0,0.0,0.0,0,165594.00,0.00,0.00,194,14.41,2.70,0.00,-3.6,4.998,4.998,4.998,4.998,113
2022-03-03 13:44:22,6.6,15.9,506,0.0,0.0,0,0.0,0.0,0,166100.00,0.00,0.00,220,14.41,3.05,0.00,-3.1,4.998,4.998,4.998,4.998,112
2022-03-03 13:45:22,4.6,6.7,239,0.0,0.0,0,0.0,0.0,0,166339.00,0.00,0.00,227,14.37,3.15,0.00,-2.6,4.998,4.998,4.998,4.998,58
2022-03-03 13:46:22,3.4,9.0,348,0.0,0.0,0,0.0,0.0,0,166687.00,0.00,0.00,225,14.41,3.13,0.00,-2.6,4.998,4.998,4.998,4.998,144
2022-03-03 13:47:22,8.0,11.4,395,0.0,0.0,0,0.0,0.0,0,167082.00,0.00,0.00,272,14.37,3.77,0.00,-3.1,4.998,4.998,4.998,4.998,197
2022-03-03 13:48:22,11.6,14.8,697,0.0,0.0,0,0.0,0.0,0,167779.00,0.00,0.00,244,14.37,3.39,0.00,-2.6,4.998,4.998,4.998,4.998,39
2022-03-03 13:49:22,9.2,13.3,692,0.0,0.0,0,0.0,0.0,0,168471.00,0.00,0.00,278,14.37,3.86,0.00,-3.1,4.998,4.998,4.998,4.998,238
2022-03-03 13:50:22,10.8,20.1,678,0.0,0.0,0,0.0,0.0,0,169149.00,0.00,0.00,271,14.37,3.76,0.00,-3.1,4.998,4.998,4.998,4.998,114
2022-03-03 13:51:22,11.4,20.7,815,0.0,0.0,0,0.0,0.0,0,169964.00,0.00,0.00,230,14.37,3.20,0.00,-3.6,4.998,4.998,4.998,4.998,85
2022-03-03 13:52:22,9.9,24.5,875,0.0,0.0,0,0.0,0.0,0,170839.00,0.00,0.00,247,14.37,3.43,0.00,-3.1,4.998,4.998,4.998,4.998,199
2022-03-03 13:53:22,13.5,17.4,798,0.0,0.0,0,0.0,0.0,0,171637.00,0.00,0.00,198,14.37,2.75,0.00,-3.6,4.998,4.998,4.998,4.998,212
2022-03-03 13:54:22,6.8,17.8,655,0.0,0.0,0,0.0,0.0,0,172292.00,0.00,0.00,205,14.41,2.85,0.00,-3.6,4.998,4.998,4.998,4.998,153
2022-03-03 13:55:22,11.4,14.4,615,0.0,0.0,0,0.0,0.0,0,172907.00,0.00,0.00,189,14.37,2.63,0.00,-3.1,4.998,4.998,4.998,4.998,8
2022-03-03 13:56:22,9.5,15.2,510,0.0,0.0,0,0.0,0.0,0,173417.00,0.00,0.00,183,14.41,2.55,0.00,-3.1,4.998,4.998,4.998,4.998,234
2022-03-03 13:57:22,6.9,14.9,614,0.0,0.0,0,0.0,0.0,0,174031.00,0.00,0.00,212,14.37,2.95,0.00,-3.1,4.998,4.998,4.998,4.998,71
2022-03-03 13:58:22,8.2,15.6,649,0.0,0.0,0,0.0,0.0,0,174680.00,0.00,0.00,245,14.37,3.41,0.00,-3.1,4.998,4.998,4.998,4.998,3
2022-03-03 13:59:22,8.3,13.9,571,0.0,0.0,0,0.0,0.0,0,175251.00,0.00,0.00,224,14.37,3.11,0.00,-3.1,4.998,4.998,4.998,4.998,45
2022-03-03 14:00:22,5.1,11.4,490,0.0,0.0,0,0.0,0.0,0,175741.00,0.00,0.00,226,14.41,3.14,0.00,-3.1,4.998,4.998,4.998,4.998,206
2022-03-03 14:01:22,6.2,11.8,455,0.0,0.0,0,0.0,0.0,0,176196.00,0.00,0.00,235,14.37,3.27,0.00,-2.1,4.998,4.998,4.998,4.998,7
2022-03-03 14:02:22,9.7,20.2,801,0.0,0.0,0,0.0,0.0,0,176997.00,0.00,0.00,252,14.37,3.51,0.00,-2.6,4.998,4.998,4.998,4.998,39
2022-03-03 14:03:22,7.3,11.8,523,0.0,0.0,0,0.0,0.0,0,177520.00,0.00,0.00,196,14.37,2.72,0.00,-2.6,4.998,4.998,4.998,4.998,19
2022-03-03 14:04:22,5.2,13.0,485,0.0,0.0,0,0.0,0.0,0,178005.00,0.00,0.00,233,14.37,3.24,0.00,-2.1,4.998,4.998,4.998,4.998,240
2022-03-03 14:05:22,14.7,16.1,736,0.0,0.0,0,0.0,0.0,0,178741.00,0.00,0.00,246,14.37,3.41,0.00,-2.6,4.998,4.998,4.998,4.998,201
2022-03-03 14:06:22,10.2,17.2,655,0.0,0.0,0,0.0,0.0,0,179396.00,0.00,0.00,246,14.33,3.42,0.00,-2.6,4.998,4.998,4.998,4.998,204
2022-03-03 14:07:22,8.1,10.6,438,0.0,0.0,0,0.0,0.0,0,179834.00,0.00,0.00,242,14.37,3.36,0.00,-2.6,4.998,4.998,4.998,4.998,146
2022-03-03 14:08:22,5.1,12.4,389,0.0,0.0,0,0.0,0.0,0,180223.00,0.00,0.00,247,14.37,3.43,0.00,-2.1,4.998,4.998,4.998,4.998,206
2022-03-03 14:09:22,8.8,13.4,599,0.0,0.0,0,0.0,0.0,0,180822.00,0.00,0.00,214,14.37,2.98,0.00,-2.1,4.998,4.998,4.998,4.998,236
2022-03-03 14:10:22,8.6,14.1,493,0.0,0.0,0,0.0,0.0,0,181315.00,0.00,0.00,272,14.33,3.78,0.00,-2.6,4.998,4.998,4.998,4.998,43
2022-03-03 14:11:22,5.3,12.6,532,0.0,0.0,0,0.0,0.0,0,181847.00,0.00,0.00,201,14.37,2.79,0.00,-2.6,4.998,4.998,4.998,4.998,38
2022-03-03 14:12:22,5.7,9.0,358,0.0,0.0,0,0.0,0.0,0,182205.00,0.00,0.00,236,14.41,3.28,0.00,-2.1,4.998,4.998,4.998,4.998,211
2022-03-03 14:13:22,13.6,16.8,601,0.0,0.0,0,0.0,0.0,0,182806.00,0.00,0.00,267,14.37,3.71,0.00,-2.6,4.998,4.998,4.998,4.998,213
2022-03-03 14:14:22,6.1,13.2,408,0.0,0.0,0,0.0,0.0,0,183214.00,0.00,0.00,238,14.37,3.30,0.00,-2.6,4.998,4.998,4.998,4.998,144
2022-03-03 14:15:22,12.0,14.5,497,0.0,0.0,0,0.0,0.0,0,183711.00,0.00,0.00,236,14.37,3.28,0.00,-3.1,4.998,4.998,4.998,4.998,185
2022-03-03 14:16:22,11.4,15.6,637,0.0,0.0,0,0.0,0.0,0,184348.00,0.00,0.00,258,14.37,3.58,0.00,-2.6,4.998,4.998,4.998,4.998,125
2022-03-03 14:17:22,9.4,15.4,660,0.0,0.0,0,0.0,0.0,0,185008.00,0.00,0.00,255,14.37,3.55,0.00,-2.6,4.998,4.998,4.998,4.998,161
2022-03-03 14:18:22,9.4,18.8,842,0.0,0.0,0,0.0,0.0,0,185850.00,0.00,0.00,241,14.37,3.34,0.00,-3.1,4.998,4.998,4.998,4.998,195
2022-03-03 14:19:22,7.6,16.9,584,0.0,0.0,0,0.0,0.0,0,186434.00,0.00,0.00,221,14.37,3.07,0.00,-2.6,4.998,4.998,4.998,4.998,179
2022-03-03 14:20:22,12.2,13.4,547,0.0,0.0,0,0.0,0.0,0,186981.00,0.00,0.00,259,14.41,3.60,0.00,-2.1,4.998,4.998,4.998,4.998,7
2022-03-03 14:21:22,6.4,15.6,655,0.0,0.0,0,0.0,0.0,0,187636.00,0.00,0.00,223,14.37,3.10,0.00,-2.6,4.998,4.998,4.998,4.998,222
2022-03-03 14:22:22,8.8,19.1,671,0.0,0.0,0,0.0,0.0,0,188307.00,0.00,0.00,238,14.37,3.30,0.00,-2.6,4.998,4.998,4.998,4.998,225
2022-03-03 14:23:22,8.7,14.0,687,0.0,0.0,0,0.0,0.0,0,188994.00,0.00,0.00,283,14.37,3.94,0.00,-2.6,4.998,4.998,4.998,4.998,209
2022-03-03 14:24:22,10.6,10.7,350,0.0,0.0,0,0.0,0.0,0,189344.00,0.00,0.00,253,14.37,3.52,0.00,-2.6,4.998,4.998,4.998,4.998,73
2022-03-03 14:25:22,11.7,16.3,680,0.0,0.0,0,0.0,0.0,0,190024.00,0.00,0.00,214,14.37,2.98,0.00,-2.6,4.998,4.998,4.998,4.998,57
2022-03-03 14:26:22,13.4,25.6,785,0.0,0.0,0,0.0,0.0,0,190809.00,0.00,0.00,170,14.37,2.37,0.00,-3.1,4.998,4.998,4.998,4.998,221
2022-03-03 14:27:22,11.6,18.7,820,0.0,0.0,0,0.0,0.0,0,191629.00,0.00,0.00,221,14.33,3.08,0.00,-3.1,4.998,4.998,4.998,4.998,47
2022-03-03 14:28:22,9.2,20.0,872,0.0,0.0,0,0.0,0.0,0,192501.00,0.00,0.00,249,14.37,3.47,0.00,-3.1,4.998,4.998,4.998,4.998,20
2022-03-03 14:29:22,9.5,11.8,543,0.0,0.0,0,0.0,0.0,0,193044.00,0.00,0.00,231,14.37,3.21,0.00,-2.6,4.998,4.998,4.998,4.998,201
2022-03-03 14:30:22,7.7,11.8,476,0.0,0.0,0,0.0,0.0,0,193520.00,0.00,0.00,242,14.37,3.36,0.00,-2.1,4.998,4.998,4.998,4.998,81
2022-03-03 14:31:22,8.5,11.4,512,0.0,0.0,0,0.0,0.0,0,194032.00,0.00,0.00,258,14.37,3.58,0.00,-2.1,4.998,4.998,4.998,4.998,33
2022-03-03 14:32:22,8.1,12.8,509,0.0,0.0,0,0.0,0.0,0,194541.00,0.00,0.00,234,14.37,3.25,0.00,-2.1,4.998,4.998,4.998,4.998,3
2022-03-03 14:33:22,11.0,13.7,555,0.0,0.0,0,0.0,0.0,0,195096.00,0.00,0.00,272,14.37,3.78,0.00,-2.1,4.998,4.998,4.998,4.998,148
2022-03-03 14:34:22,4.0,14.0,476,0.0,0.0,0,0.0,0.0,0,195572.00,0.00,0.00,284,14.37,3.95,0.00,-2.1,4.998,4.998,4.998,4.998,176
2022-03-03 14:35:22,6.7,8.1,372,0.0,0.0,0,0.0,0.0,0,195944.00,0.00,0.00,227,14.37,3.15,0.00,-2.1,4.998,4.998,4.998,4.998,94
2022-03-03 14:36:22,12.8,15.5,499,0.0,0.0,0,0.0,0.0,0,196443.00,0.00,0.00,257,14.33,3.57,0.00,-2.1,4.998,4.998,4.998,4.998,84
2022-03-03 14:37:22,9.9,16.0,701,0.0,0.0,0,0.0,0.0,0,197144.00,0.00,0.00,227,14.33,3.15,0.00,-2.1,4.998,4.998,4.998,4.998,152
2022-03-03 14:38:22,5.9,10.6,451,0.0,0.0,0,0.0,0.0,0,197595.00,0.00,0.00,267,14.33,3.71,0.00,-1.6,4.998,4.998,4.998,4.998,73
2022-03-03 14:39:22,14.4,22.2,716,0.0,0.0,0,0.0,0.0,0,198311.00,0.00,0.00,269,14.33,3.74,0.00,-2.1,4.998,4.998,4.998,4.998,127
2022-03-03 14:40:22,7.2,19.2,661,0.0,0.0,0,0.0,0.0,0,198972.00,0.00,0.00,263,14.37,3.65,0.00,-2.1,4.998,4.998,4.998,4.998,187
2022-03-03 14:41:22,5.5,7.6,263,0.0,0.0,0,0.0,0.0,0,199235.00,0.00,0.00,235,14.33,3.26,0.00,-1.6,4.998,4.998,4.998,4.998,14
2022-03-03 14:42:22,11.9,13.3,500,0.0,0.0,0,0.0,0.0,0,199735.00,0.00,0.00,273,14.37,3.79,0.00,-1.6,4.998,4.998,4.998,4.998,201
2022-03-03 14:43:22,10.1,16.9,667,0.0,0.0,0,0.0,0.0,0,200402.00,0.00,0.00,217,14.33,3.02,0.00,-2.1,4.998,4.998,4.998,4.998,215
2022-03-03 14:44:22,11.0,16.8,749,0.0,0.0,0,0.0,0.0,0,201151.00,0.00,0.00,226,14.37,3.14,0.00,-2.6,4.998,4.998,4.998,4.998,175
2022-03-03 14:45:22,6.9,12.6,478,0.0,0.0,0,0.0,0.0,0,201629.00,0.00,0.00,239,14.37,3.32,0.00,-2.1,4.998,4.998,4.998,4.998,106
2022-03-03 14:46:22,16.5,20.9,378,0.0,0.0,0,0.0,0.0,0,202007.00,0.00,0.00,226,14.37,3.14,0.00,-1.6,4.998,4.998,4.998,4.998,34
2022-03-03 14:47:22,16.6,18.6,747,0.0,0.0,0,0.0,0.0,0,202754.00,0.00,0.00,233,14.37,3.24,0.00,-2.1,4.998,4.998,4.998,4.998,139
2022-03-03 14:48:22,12.0,19.2,849,0.0,0.0,0,0.0,0.0,0,203603.00,0.00,0.00,233,14.37,3.24,0.00,-2.6,4.998,4.998,4.998,4.998,212
2022-03-03 14:49:22,9.9,20.2,882,0.0,0.0,0,0.0,0.0,0,204485.00,0.00,0.00,231,14.33,3.21,0.00,-2.6,4.998,4.998,4.998,4.998,97
2022-03-03 14:50:22,5.5,13.1,489,0.0,0.0,0,0.0,0.0,0,204974.00,0.00,0.00,220,14.33,3.06,0.00,-2.1,4.998,4.998,4.998,4.998,39
2022-03-03 14:51:22,9.9,21.0,817,0.0,0.0,0,0.0,0.0,0,205791.00,0.00,0.00,245,14.37,3.41,0.00,-2.1,4.998,4.998,4.998,4.998,153
2022-03-03 14:52:22,7.4,15.6,596,0.0,0.0,0,0.0,0.0,0,206387.00,0.00,0.00,262,14.33,3.64,0.00,-2.1,4.998,4.998,4.998,4.998,172
2022-03-03 14:53:22,5.4,15.2,646,0.0,0.0,0,0.0,0.0,0,207033.00,0.00,0.00,212,14.37,2.94,0.00,-1.6,4.998,4.998,4.998,4.998,230
2022-03-03 14:54:22,10.3,12.4,534,0.0,0.0,0,0.0,0.0,0,207567.00,0.00,0.00,249,14.37,3.46,0.00,-2.1,4.998,4.998,4.998,4.998,121
2022-03-03 14:55:22,10.0,19.6,766,0.0,0.0,0,0.0,0.0,0,208333.00,0.00,0.00,190,14.33,2.65,0.00,-2.1,4.998,4.998,4.998,4.998,224
2022-03-03 14:56:22,5.9,14.3,533,0.0,0.0,0,0.0,0.0,0,208866.00,0.00,0.00,265,14.33,3.69,0.00,-1.6,4.998,4.998,4.998,4.998,112
2022-03-03 14:57:22,9.7,15.8,509,0.0,0.0,0,0.0,0.0,0,209375.00,0.00,0.00,269,14.37,3.74,0.00,-1.6,4.998,4.998,4.998,4.998,16
2022-03-03 14:58:22,10.6,24.4,884,0.0,0.0,0,0.0,0.0,0,210259.00,0.00,0.00,288,14.33,4.00,0.00,-1.6,4.998,4.998,4.998,4.998,12
2022-03-03 14:59:22,11.8,20.9,790,0.0,0.0,0,0.0,0.0,0,211049.00,0.00,0.00,255,14.33,3.54,0.00,-1.6,4.998,4.998,4.998,4.998,237
2022-03-03 15:00:22,9.3,21.0,805,0.0,0.0,0,0.0,0.0,0,211854.00,0.00,0.00,265,14.37,3.68,0.00,-2.1,4.998,4.998,4.998,4.998,48
2022-03-03 15:01:22,10.6,21.0,682,0.0,0.0,0,0.0,0.0,0,212536.00,0.00,0.00,239,14.37,3.32,0.00,-2.1,4.998,4.998,4.998,4.998,62
2022-03-03 15:02:22,11.7,17.3,757,0.0,0.0,0,0.0,0.0,0,213293.00,0.00,0.00,280,14.33,3.89,0.00,-2.1,4.998,4.998,4.998,4.998,93
2022-03-03 15:03:22,9.0,17.4,794,0.0,0.0,0,0.0,0.0,0,214087.00,0.00,0.00,256,14.33,3.56,0.00,-2.6,4.998,4.998,4.998,4.998,97
2022-03-03 15:04:22,9.4,18.1,864,0.0,0.0,0,0.0,0.0,0,214951.00,0.00,0.00,257,14.33,3.57,0.00,-2.6,4.998,4.998,4.998,4.998,5
2022-03-03 15:05:22,15.9,18.2,761,0.0,0.0,0,0.0,0.0,0,215712.00,0.00,0.00,244,14.33,3.39,0.00,-2.6,4.998,4.998,4.998,4.998,142
2022-03-03 15:06:22,7.3,16.1,577,0.0,0.0,0,0.0,0.0,0,216289.00,0.00,0.00,267,14.33,3.71,0.00,-2.1,4.998,4.998,4.998,4.998,231
2022-03-03 15:07:22,8.2,14.5,480,0.0,0.0,0,0.0,0.0,0,216769.00,0.00,0.00,256,14.37,3.56,0.00,-2.1,4.998,4.998,4.998,4.998,254
2022-03-03 15:08:22,7.1,17.9,592,0.0,0.0,0,0.0,0.0,0,217361.00,0.00,0.00,279,14.33,3.88,0.00,-1.6,4.998,4.998,4.998,4.998,51
2022-03-03 15:09:22,6.8,20.6,777,0.0,0.0,0,0.0,0.0,0,218138.00,0.00,0.00,307,14.41,4.27,0.00,-2.1,4.998,4.998,4.998,4.998,14
2022-03-03 15:10:22,12.1,14.6,560,0.0,0.0,0,0.0,0.0,0,218698.00,0.00,0.00,247,14.33,3.44,0.00,-1.6,4.998,4.998,4.998,4.998,191
2022-03-03 15:11:22,10.2,14.9,685,0.0,0.0,0,0.0,0.0,0,219383.00,0.00,0.00,234,14.33,3.26,0.00,-2.1,4.998,4.998,4.998,4.998,243
2022-03-03 15:12:22,14.3,18.6,756,0.0,0.0,0,0.0,0.0,0,220139.00,0.00,0.00,261,14.37,3.62,0.00,-1.1,4.998,4.998,4.998,4.998,122
2022-03-03 15:13:22,8.1,14.8,621,0.0,0.0,0,0.0,0.0,0,220760.00,0.00,0.00,232,14.37,3.23,0.00,-1.6,4.998,4.998,4.998,4.998,145
2022-03-03 15:14:22,7.3,10.9,468,0.0,0.0,0,0.0,0.0,0,221228.00,0.00,0.00,244,14.33,3.39,0.00,-1.6,4.998,4.998,4.998,4.998,21
2022-03-03 15:15:22,9.6,13.9,625,0.0,0.0,0,0.0,0.0,0,221853.00,0.00,0.00,247,14.33,3.43,0.00,-1.6,4.998,4.998,4.998,4.998,234
2022-03-03 15:16:22,9.0,11.6,518,0.0,0.0,0,0.0,0.0,0,222371.00,0.00,0.00,257,14.37,3.57,0.00,-1.6,4.998,4.998,4.998,4.998,96
2022-03-03 15:17:22,12.0,15.7,649,0.0,0.0,0,0.0,0.0,0,223020.00,0.00,0.00,231,14.33,3.21,0.00,-1.6,4.998,4.998,4.998,4.998,135
2022-03-03 15:18:22,13.7,16.1,712,0.0,0.0,0,0.0,0.0,0,223732.00,0.00,0.00,261,14.33,3.63,0.00,-2.1,4.998,4.998,4.998,4.998,147
2022-03-03 15:19:22,9.4,16.4,720,0.0,0.0,0,0.0,0.0,0,224452.00,0.00,0.00,248,14.33,3.44,0.00,-2.1,4.998,4.998,4.998,4.998,52
2022-03-03 15:20:22,14.2,17.7,709,0.0,0.0,0,0.0,0.0,0,225161.00,0.00,0.00,211,14.33,2.93,0.00,-2.1,4.998,4.998,4.998,4.998,196
2022-03-03 15:21:22,14.0,19.2,854,0.0,0.0,0,0.0,0.0,0,226015.00,0.00,0.00,207,14.33,2.87,0.00,-2.6,4.998,4.998,4.998,4.998,156
2022-03-03 15:22:22,8.6,15.6,403,0.0,0.0,0,0.0,0.0,0,226418.00,0.00,0.00,236,14.33,3.28,0.00,-2.1,4.998,4.998,4.998,4.998,243
2022-03-03 15:23:22,9.2,17.1,655,0.0,0.0,0,0.0,0.0,0,227073.00,0.00,0.00,246,14.41,3.42,0.00,-1.6,4.998,4.998,4.998,4.998,21
2022-03-03 15:24:22,9.3,20.6,807,0.0,0.0,0,0.0,0.0,0,227880.00,0.00,0.00,227,14.33,3.15,0.00,-1.1,4.998,4.998,4.998,4.998,167
2022-03-03 15:25:22,7.9,12.3,551,0.0,0.0,0,0.0,0.0,0,228431.00,0.00,0.00,222,14.37,3.09,0.00,-1.1,4.998,4.998,4.998,4.998,84
2022-03-03 15:26:22,10.2,16.4,690,0.0,0.0,0,0.0,0.0,0,229121.00,0.00,0.00,252,14.41,3.50,0.00,-1.1,4.998,4.998,4.998,4.998,55
2022-03-03 15:27:22,16.3,20.4,860,0.0,0.0,0,0.0,0.0,0,229981.00,0.00,0.00,181,14.37,2.52,0.00,-1.6,4.998,4.998,4.998,4.998,80
2022-03-03 15:28:22,4.9,19.5,762,0.0,0.0,0,0.0,0.0,0,230743.00,0.00,0.00,218,14.33,3.03,0.00,-1.6,4.998,4.998,4.998,4.998,85
2022-03-03 15:29:22,6.4,16.0,496,0.0,0.0,0,0.0,0.0,0,231239.00,0.00,0.00,184,14.33,2.55,0.00,-2.1,4.998,4.998,4.998,4.998,48
2022-03-03 15:30:22,15.0,16.6,511,0.0,0.0,0,0.0,0.0,0,231750.00,0.00,0.00,253,14.33,3.52,0.00,-2.1,4.998,4.998,4.998,4.998,77
2022-03-03 15:31:22,14.1,20.3,886,0.0,0.0,0,0.0,0.0,0,232636.00,0.00,0.00,255,14.37,3.54,0.00,-2.6,4.998,4.998,4.998,4.998,216
2022-03-03 15:32:22,6.2,18.7,765,0.0,0.0,0,0.0,0.0,0,233401.00,0.00,0.00,239,14.33,3.33,0.00,-2.6,4.998,4.998,4.998,4.998,250
2022-03-03 15:33:22,12.3,15.7,582,0.0,0.0,0,0.0,0.0,0,233983.00,0.00,0.00,236,14.37,3.29,0.00,-2.6,4.998,4.998,4.998,4.998,223
2022-03-03 15:34:22,10.0,16.9,602,0.0,0.0,0,0.0,0.0,0,234585.00,0.00,0.00,248,14.33,3.45,0.00,-2.1,4.998,4.998,4.998,4.998,3
2022-03-03 15:35:22,8.8,10.1,396,0.0,0.0,0,0.0,0.0,0,234981.00,0.00,0.00,226,14.37,3.14,0.00,-1.6,4.998,4.998,4.998,4.998,4
2022-03-03 15:36:22,4.1,11.8,492,0.0,0.0,0,0.0,0.0,0,235473.00,0.00,0.00,290,14.33,4.02,0.00,-2.1,4.998,4.998,4.998,4.998,240
2022-03-03 15:37:22,1.1,12.4,350,0.0,0.0,0,0.0,0.0,0,235823.00,0.00,0.00,213,14.37,2.96,0.00,-1.6,4.998,4.998,4.998,4.998,55
2022-03-03 15:38:22,12.3,16.8,412,0.0,0.0,0,0.0,0.0,0,236235.00,0.00,0.00,243,14.33,3.37,0.00,-1.6,4.998,4.998,4.998,4.998,47
2022-03-03 15:39:22,10.2,13.1,480,0.0,0.0,0,0.0,0.0,0,236715.00,0.00,0.00,250,14.33,3.48,0.00,-1.6,4.998,4.998,4.998,4.998,86
2022-03-03 15:40:22,13.7,17.7,744,0.0,0.0,0,0.0,0.0,0,237459.00,0.00,0.00,251,14.37,3.49,0.00,-2.1,4.998,4.998,4.998,4.998,13
2022-03-03 15:41:22,7.5,20.8,800,0.0,0.0,0,0.0,0.0,0,238259.00,0.00,0.00,233,14.33,3.24,0.00,-2.1,4.998,4.998,4.998,4.998,230
2022-03-03 15:42:22,10.4,14.6,624,0.0,0.0,0,0.0,0.0,0,238883.00,0.00,0.00,202,14.33,2.81,0.00,-2.1,4.998,4.998,4.998,4.998,95
2022-03-03 15:43:22,5.2,15.0,590,0.0,0.0,0,0.0,0.0,0,239473.00,0.00,0.00,278,14.33,3.86,0.00,-2.1,4.998,4.998,4.998,4.998,37
2022-03-03 15:44:22,8.8,9.6,387,0.0,0.0,0,0.0,0.0,0,239860.00,0.00,0.00,252,14.37,3.51,0.00,-1.6,4.998,4.998,4.998,4.998,108
2022-03-03 15:45:22,11.2,19.0,771,0.0,0.0,0,0.0,0.0,0,240631.00,0.00,0.00,238,14.37,3.31,0.00,-1.1,4.998,4.998,4.998,4.998,210
2022-03-03 15:46:22,7.8,16.8,634,0.0,0.0,0,0.0,0.0,0,241265.00,0.00,0.00,190,14.33,2.65,0.00,-1.6,4.998,4.998,4.998,4.998,142
2022-03-03 15:47:22,6.0,19.1,723,0.0,0.0,0,0.0,0.0,0,241988.00,0.00,0.00,243,14.33,3.38,0.00,-2.1,4.998,4.998,4.998,4.998,234
2022-03-03 15:48:22,10.0,12.6,547,0.0,0.0,0,0.0,0.0,0,242535.00,0.00,0.00,206,14.33,2.87,0.00,-2.1,4.998,4.998,4.998,4.998,107
2022-03-03 15:49:22,11.6,18.0,736,0.0,0.0,0,0.0,0.0,0,243271.00,0.00,0.00,250,14.37,3.48,0.00,-2.6,4.998,4.998,4.998,4.998,137
2022-03-03 15:50:22,6.8,18.3,766,0.0,0.0,0,0.0,0.0,0,244037.00,0.00,0.00,225,14.33,3.12,0.00,-2.6,4.998,4.998,4.998,4.998,48
2022-03-03 15:51:22,7.5,18.3,686,0.0,0.0,0,0.0,0.0,0,244723.00,0.00,0.00,282,14.33,3.92,0.00,-3.1,4.998,4.998,4.998,4.998,63
2022-03-03 15:52:22,10.1,13.4,589,0.0,0.0,0,0.0,0.0,0,245312.00,0.00,0.00,260,14.33,3.61,0.00,-2.6,4.998,4.998,4.998,4.998,36
2022-03-03 15:53:22,7.1,12.5,497,0.0,0.0,0,0.0,0.0,0,245809.00,0.00,0.00,200,14.33,2.78,0.00,-2.6,4.998,4.998,4.998,4.998,253
2022-03-03 15:54:22,4.8,13.5,460,0.0,0.0,0,0.0,0.0,0,246269.00,0.00,0.00,204,14.33,2.83,0.00,-2.1,4.998,4.998,4.998,4.998,241
2022-03-03 15:55:22,9.8,18.0,733,0.0,0.0,0,0.0,0.0,0,247002.00,0.00,0.00,189,14.33,2.63,0.00,-2.1,4.998,4.998,4.998,4.998,51
2022-03-03 15:56:22,11.1,18.4,653,0.0,0.0,0,0.0,0.0,0,247655.00,0.00,0.00,178,14.33,2.48,0.00,-2.6,4.998,4.998,4.998,4.998,32
2022-03-03 15:57:22,7.9,14.8,633,0.0,0.0,0,0.0,0.0,0,248288.00,0.00,0.00,200,14.33,2.77,0.00,-2.6,4.998,4.998,4.998,4.998,52
2022-03-03 15:58:22,6.0,9.0,434,0.0,0.0,0,0.0,0.0,0,248722.00,0.00,0.00,238,14.33,3.30,0.00,-2.6,4.998,4.998,4.998,4.998,218
2022-03-03 15:59:22,5.7,7.5,338,0.0,0.0,0,0.0,0.0,0,249060.00,0.00,0.00,222,14.37,3.09,0.00,-2.6,4.998,4.998,4.998,4.998,1
2022-03-03 16:00:22,6.2,12.9,470,0.0,0.0,0,0.0,0.0,0,249530.00,0.00,0.00,215,14.33,2.99,0.00,-3.1,4.998,4.998,4.998,4.998,54
2022-03-03 16:01:22,3.4,8.7,375,0.0,0.0,0,0.0,0.0,0,249905.00,0.00,0.00,241,14.33,3.34,0.00,-2.6,4.998,4.998,4.998,4.998,194
2022-03-03 16:02:22,12.3,21.8,591,0.0,0.0,0,0.0,0.0,0,250496.00,0.00,0.00,215,14.37,2.99,0.00,-3.1,4.998,4.998,4.998,4.998,52
2022-03-03 16:03:22,9.3,15.5,622,0.0,0.0,0,0.0,0.0,0,251118.00,0.00,0.00,242,14.33,3.36,0.00,-3.1,4.998,4.998,4.998,4.998,73
2022-03-03 16:04:22,8.5,13.7,659,0.0,0.0,0,0.0,0.0,0,251777.00,0.00,0.00,225,14.33,3.12,0.00,-2.6,4.998,4.998,4.998,4.998,164
2022-03-03 16:05:22,7.0,11.1,511,0.0,0.0,0,0.0,0.0,0,252288.00,0.00,0.00,240,14.33,3.33,0.00,-3.1,4.998,4.998,4.998,4.998,220
2022-03-03 16:06:22,6.3,10.1,366,0.0,0.0,0,0.0,0.0,0,252654.00,0.00,0.00,231,14.33,3.21,0.00,-2.6,4.998,4.998,4.998,4.998,208
2022-03-03 16:07:22,9.8,11.3,430,0.0,0.0,0,0.0,0.0,0,253084.00,0.00,0.00,281,14.33,3.90,0.00,-3.1,4.998,4.998,4.998,4.998,41
2022-03-03 16:08:22,7.8,16.3,641,0.0,0.0,0,0.0,0.0,0,253725.00,0.00,0.00,192,14.33,2.67,0.00,-3.1,4.998,4.998,4.998,4.998,191
2022-03-03 16:09:22,5.5,17.0,635,0.0,0.0,0,0.0,0.0,0,254360.00,0.00,0.00,198,14.33,2.75,0.00,-3.1,4.998,4.998,4.998,4.998,172
2022-03-03 16:10:22,7.5,10.9,331,0.0,0.0,0,0.0,0.0,0,254691.00,0.00,0.00,243,14.33,3.37,0.00,-2.6,4.998,4.998,4.998,4.998,23
2022-03-03 16:11:22,8.3,16.9,712,0.0,0.0,0,0.0,0.0,0,255403.00,0.00,0.00,245,14.33,3.40,0.00,-2.6,4.998,4.998,4.998,4.998,235
2022-03-03 16:12:22,6.5,9.6,435,0.0,0.0,0,0.0,0.0,0,255838.00,0.00,0.00,206,14.37,2.87,0.00,-2.6,4.998,4.998,4.998,4.998,88
2022-03-03 16:13:22,8.4,15.4,532,0.0,0.0,0,0.0,0.0,0,256370.00,0.00,0.00,249,14.33,3.46,0.00,-2.6,4.998,4.998,4.998,4.998,109
2022-03-03 16:14:22,3.7,10.5,409,0.0,0.0,0,0.0,0.0,0,256779.00,0.00,0.00,218,14.33,3.03,0.00,-2.6,4.998,4.998,4.998,4.998,205
2022-03-03 16:15:22,8.1,14.1,493,0.0,0.0,0,0.0,0.0,0,257272.00,0.00,0.00,265,14.33,3.68,0.00,-2.6,4.998,4.998,4.998,4.998,252
2022-03-03 16:16:22,6.9,12.4,505,0.0,0.0,0,0.0,0.0,0,257777.00,0.00,0.00,208,14.37,2.89,0.00,-2.6,4.998,4.998,4.998,4.998,111
2022-03-03 16:17:22,6.2,10.0,363,0.0,0.0,0,0.0,0.0,0,258140.00,0.00,0.00,234,14.37,3.26,0.00,-2.6,4.998,4.998,4.998,4.998,77
2022-03-03 16:18:22,7.7,11.0,429,0.0,0.0,0,0.0,0.0,0,258569.00,0.00,0.00,213,14.37,2.96,0.00,-2.6,4.998,4.998,4.998,4.998,142
2022-03-03 16:19:22,10.0,16.8,726,0.0,0.0,0,0.0,0.0,0,259295.00,0.00,0.00,220,14.33,3.06,0.00,-2.6,4.998,4.998,4.998,4.998,175
2022-03-03 16:20:22,14.5,15.9,674,0.0,0.0,0,0.0,0.0,0,259969.00,0.00,0.00,217,14.33,3.02,0.00,-3.1,4.998,4.998,4.998,4.998,38
2022-03-03 16:21:22,10.7,15.6,647,0.0,0.0,0,0.0,0.0,0,260616.00,0.00,0.00,250,14.33,3.48,0.00,-3.1,4.998,4.998,4.998,4.998,54
2022-03-03 16:22:22,6.2,13.6,487,0.0,0.0,0,0.0,0.0,0,261103.00,0.00,0.00,178,14.33,2.48,0.00,-2.6,4.998,4.998,4.998,4.998,163
2022-03-03 16:23:22,13.4,14.3,537,0.0,0.0,0,0.0,0.0,0,261640.00,0.00,0.00,185,14.37,2.58,0.00,-2.6,4.998,4.998,4.998,4.998,33
2022-03-03 16:24:22,7.5,18.1,827,0.0,0.0,0,0.0,0.0,0,262467.00,0.00,0.00,247,14.33,3.43,0.00,-3.1,4.998,4.998,4.998,4.998,230
2022-03-03 16:25:22,5.9,12.9,506,0.0,0.0,0,0.0,0.0,0,262973.00,0.00,0.00,257,14.33,3.57,0.00,-3.1,4.998,4.998,4.998,4.998,205
2022-03-03 16:26:22,9.9,11.8,351,0.0,0.0,0,0.0,0.0,0,263324.00,0.00,0.00,242,14.33,3.36,0.00,-3.1,4.998,4.998,4.998,4.998,182
2022-03-03 16:27:22,7.7,14.3,639,0.0,0.0,0,0.0,0.0,0,263963.00,0.00,0.00,210,14.33,2.91,0.00,-3.6,4.998,4.998,4.998,4.998,207
2022-03-03 16:28:22,7.9,16.2,624,0.0,0.0,0,0.0,0.0,0,264587.00,0.00,0.00,194,14.29,2.70,0.00,-3.6,4.998,4.998,4.998,4.998,244
2022-03-03 16:29:22,10.3,17.8,778,0.0,0.0,0,0.0,0.0,0,265365.00,0.00,0.00,245,14.25,3.40,0.00,-3.6,4.998,4.998,4.998,4.998,207
2022-03-03 16:30:22,14.6,20.1,829,0.0,0.0,0,0.0,0.0,0,266194.00,0.00,0.00,241,14.29,3.35,0.00,-4.1,4.998,4.998,4.998,4.998,142
2022-03-03 16:31:22,9.9,16.2,677,0.0,0.0,0,0.0,0.0,0,266871.00,0.00,0.00,273,14.33,3.80,0.00,-4.1,4.998,4.998,4.998,4.998,82
2022-03-03 16:32:22,12.5,15.5,670,0.0,0.0,0,0.0,0.0,0,267541.00,0.00,0.00,226,14.37,3.13,0.00,-4.1,4.998,4.998,4.998,4.998,225
2022-03-03 16:33:22,11.8,13.8,612,0.0,0.0,0,0.0,0.0,0,268153.00,0.00,0.00,244,14.37,3.39,0.00,-4.1,4.998,4.998,4.998,4.998,73
2022-03-03 16:34:22,11.8,14.0,618,0.0,0.0,0,0.0,0.0,0,268771.00,0.00,0.00,240,14.37,3.33,0.00,-3.6,4.998,4.998,4.998,4.998,26
2022-03-03 16:35:22,8.1,13.2,489,0.0,0.0,0,0.0,0.0,0,269260.00,0.00,0.00,228,14.33,3.17,0.00,-2.1,4.998,4.998,4.998,4.998,85
2022-03-03 16:36:22,8.8,12.1,512,0.0,0.0,0,0.0,0.0,0,269772.00,0.00,0.00,247,14.33,3.44,0.00,-2.1,4.998,4.998,4.998,4.998,25
2022-03-03 16:37:22,5.1,10.7,358,0.0,0.0,0,0.0,0.0,0,270130.00,0.00,0.00,249,14.33,3.46,0.00,-2.1,4.998,4.998,4.998,4.998,243
2022-03-03 16:38:22,11.7,13.6,469,0.0,0.0,0,0.0,0.0,0,270599.00,0.00,0.00,167,14.37,2.32,0.00,-2.6,4.998,4.998,4.998,4.998,200
2022-03-03 16:39:22,8.5,15.2,532,0.0,0.0,0,0.0,0.0,0,271131.00,0.00,0.00,235,14.33,3.26,0.00,-2.1,4.998,4.998,4.998,4.998,12
2022-03-03 16:40:22,5.1,10.2,311,0.0,0.0,0,0.0,0.0,0,271442.00,0.00,0.00,231,14.37,3.21,0.00,-1.6,4.998,4.998,4.998,4.998,164
2022-03-03 16:41:22,4.8,10.9,333,0.0,0.0,0,0.0,0.0,0,271775.00,0.00,0.00,227,14.37,3.15,0.00,-2.1,4.998,4.998,4.998,4.998,197
2022-03-03 16:42:22,10.5,15.1,445,0.0,0.0,0,0.0,0.0,0,272220.00,0.00,0.00,244,14.37,3.39,0.00,-3.1,4.998,4.998,4.998,4.998,34
2022-03-03 16:43:22,8.7,12.2,502,0.0,0.0,0,0.0,0.0,0,272722.00,0.00,0.00,229,14.37,3.18,0.00,-3.1,4.998,4.998,4.998,4.998,106
2022-03-03 16:44:22,6.4,8.2,346,0.0,0.0,0,0.0,0.0,0,273068.00,0.00,0.00,263,14.37,3.65,0.00,-2.6,4.998,4.998,4.998,4.998,229
2022-03-03 16:45:22,7.5,12.7,487,0.0,0.0,0,0.0,0.0,0,273555.00,0.00,0.00,242,14.37,3.37,0.00,-2.6,4.998,4.998,4.998,4.998,224
2022-03-03 16:46:22,10.9,16.1,656,0.0,0.0,0,0.0,0.0,0,274211.00,0.00,0.00,223,14.37,3.11,0.00,-3.1,4.998,4.998,4.998,4.998,11
2022-03-03 16:47:22,6.9,12.8,496,0.0,0.0,0,0.0,0.0,0,274707.00,0.00,0.00,240,14.33,3.33,0.00,-2.6,4.998,4.998,4.998,4.998,217
2022-03-03 16:48:22,9.2,14.3,641,0.0,0.0,0,0.0,0.0,0,275348.00,0.00,0.00,236,14.37,3.29,0.00,-3.1,4.998,4.998,4.998,4.998,108
2022-03-03 16:49:22,8.5,17.8,711,0.0,0.0,0,0.0,0.0,0,276059.00,0.00,0.00,247,14.37,3.43,0.00,-3.1,4.998,4.998,4.998,4.998,208
2022-03-03 16:50:22,9.6,15.5,627,0.0,0.0,0,0.0,0.0,0,276686.00,0.00,0.00,230,14.37,3.20,0.00,-3.1,4.998,4.998,4.998,4.998,42
2022-03-03 16:51:22,8.0,15.6,755,0.0,0.0,0,0.0,0.0,0,277441.00,0.00,0.00,247,14.37,3.43,0.00,-3.1,4.998,4.998,4.998,4.998,196
2022-03-03 16:52:22,9.2,12.7,549,0.0,0.0,0,0.0,0.0,0,277990.00,0.00,0.00,208,14.37,2.89,0.00,-3.1,4.998,4.998,4.998,4.998,192
2022-03-03 16:53:22,5.6,10.7,377,0.0,0.0,0,0.0,0.0,0,278367.00,0.00,0.00,215,14.37,2.99,0.00,-2.6,4.998,4.998,4.998,4.998,113
2022-03-03 16:54:22,5.4,8.8,336,0.0,0.0,0,0.0,0.0,0,278703.00,0.00,0.00,236,14.33,3.28,0.00,-2.6,4.998,4.998,4.998,4.998,74
2022-03-03 16:55:22,9.3,11.5,388,0.0,0.0,0,0.0,0.0,0,279091.00,0.00,0.00,227,14.37,3.15,0.00,-2.6,4.998,4.998,4.998,4.998,204
2022-03-03 16:56:22,7.0,14.7,632,0.0,0.0,0,0.0,0.0,0,279723.00,0.00,0.00,234,14.33,3.26,0.00,-1.6,4.998,4.998,4.998,4.998,77
2022-03-03 16:57:22,8.5,12.3,531,0.0,0.0,0,0.0,0.0,0,280254.00,0.00,0.00,258,14.37,3.58,0.00,-2.1,4.998,4.998,4.998,4.998,108
2022-03-03 16:58:22,5.9,11.9,408,0.0,0.0,0,0.0,0.0,0,280662.00,0.00,0.00,242,14.37,3.37,0.00,-2.6,4.998,4.998,4.998,4.998,73
2022-03-03 16:59:22,10.7,15.2,645,0.0,0.0,0,0.0,0.0,0,281307.00,0.00,0.00,210,14.37,2.92,0.00,-2.6,4.998,4.998,4.998,4.998,150
2022-03-03 17:00:22,8.1,12.9,640,0.0,0.0,0,0.0,0.0,0,281947.00,0.00,0.00,230,14.37,3.20,0.00,-2.6,4.998,4.998,4.998,4.998,243
2022-03-03 17:01:22,7.2,12.2,600,0.0,0.0,0,0.0,0.0,0,282547.00,0.00,0.00,249,14.37,3.46,0.00,-2.6,4.998,4.998,4.998,4.998,126
2022-03-03 17:02:22,10.3,11.9,530,0.0,0.0,0,0.0,0.0,0,283077.00,0.00,0.00,241,14.33,3.34,0.00,-3.1,4.998,4.998,4.998,4.998,107
2022-03-03 17:03:22,8.6,17.8,720,0.0,0.0,0,0.0,0.0,0,283797.00,0.00,0.00,231,14.33,3.21,0.00,-2.6,4.998,4.998,4.998,4.998,148
2022-03-03 17:04:22,8.8,14.8,684,0.0,0.0,0,0.0,0.0,0,284481.00,0.00,0.00,214,14.37,2.97,0.00,-2.6,4.998,4.998,4.998,4.998,143
2022-03-03 17:05:22,7.4,13.9,612,0.0,0.0,0,0.0,0.0,0,285093.00,0.00,0.00,236,14.33,3.28,0.00,-3.1,4.998,4.998,4.998,4.998,186
2022-03-03 17:06:22,10.6,15.4,554,0.0,0.0,0,0.0,0.0,0,285647.00,0.00,0.00,225,14.33,3.13,0.00,-3.1,4.998,4.998,4.998,4.998,250
2022-03-03 17:07:22,5.0,13.2,518,0.0,0.0,0,0.0,0.0,0,286165.00,0.00,0.00,217,14.41,3.02,0.00,-3.1,4.998,4.998,4.998,4.998,21
2022-03-03 17:08:22,4.5,13.9,403,0.0,0.0,0,0.0,0.0,0,286568.00,0.00,0.00,238,14.41,3.31,0.00,-3.1,4.998,4.998,4.998,4.998,227
2022-03-03 17:09:22,10.3,13.6,440,0.0,0.0,0,0.0,0.0,0,287008.00,0.00,0.00,217,14.41,3.02,0.00,-2.6,4.998,4.998,4.998,4.998,74
2022-03-03 17:10:22,10.0,16.5,715,0.0,0.0,0,0.0,0.0,0,287723.00,0.00,0.00,235,14.37,3.27,0.00,-3.1,4.998,4.998,4.998,4.998,211
2022-03-03 17:11:22,5.6,15.1,638,0.0,0.0,0,0.0,0.0,0,288361.00,0.00,0.00,300,14.41,4.16,0.00,-3.1,4.998,4.998,4.998,4.998,175
2022-03-03 17:12:22,7.2,16.9,585,0.0,0.0,0,0.0,0.0,0,288946.00,0.00,0.00,242,14.41,3.36,0.00,-2.6,4.998,4.998,4.998,4.998,245
2022-03-03 17:13:22,13.3,16.9,726,0.0,0.0,0,0.0,0.0,0,289672.00,0.00,0.00,222,14.41,3.09,0.00,-3.1,4.998,4.998,4.998,4.998,76
2022-03-03 17:14:22,6.2,13.0,503,0.0,0.0,0,0.0,0.0,0,290175.00,0.00,0.00,231,14.41,3.21,0.00,-2.6,4.998,4.998,4.998,4.998,120
2022-03-03 17:15:22,3.6,14.0,442,0.0,0.0,0,0.0,0.0,0,290617.00,0.00,0.00,209,14.41,2.90,0.00,-2.6,4.998,4.998,4.998,4.998,39
2022-03-03 17:16:22,5.9,10.3,333,0.0,0.0,0,0.0,0.0,0,290950.00,0.00,0.00,206,14.41,2.86,0.00,-2.6,4.998,4.998,4.998,4.998,73
2022-03-03 17:17:22,6.2,8.5,369,0.0,0.0,0,0.0,0.0,0,291319.00,0.00,0.00,288,14.41,4.01,0.00,-2.6,4.998,4.998,4.998,4.998,248
2022-03-03 17:18:22,4.1,9.4,382,0.0,0.0,0,0.0,0.0,0,291701.00,0.00,0.00,185,14.41,2.57,0.00,-2.6,4.998,4.998,4.998,4.998,172
2022-03-03 17:19:22,9.6,13.2,475,0.0,0.0,0,0.0,0.0,0,292176.00,0.00,0.00,210,14.41,2.92,0.00,-2.6,4.998,4.998,4.998,4.998,160
2022-03-03 17:20:22,4.9,14.8,612,0.0,0.0,0,0.0,0.0,0,292788.00,0.00,0.00,290,14.41,4.03,0.00,-2.6,4.998,4.998,4.998,4.998,81
2022-03-03 17:21:22,7.1,8.3,338,0.0,0.0,0,0.0,0.0,0,293126.00,0.00,0.00,182,14.41,2.53,0.00,-2.6,4.998,4.998,4.998,4.998,27
2022-03-03 17:22:22,9.0,13.1,509,0.0,0.0,0,0.0,0.0,0,293635.00,0.00,0.00,247,14.41,3.43,0.00,-3.1,4.998,4.998,4.998,4.998,209
2022-03-03 17:23:22,7.1,16.8,652,0.0,0.0,0,0.0,0.0,0,294287.00,0.00,0.00,237,14.41,3.29,0.00,-2.6,4.998,4.998,4.998,4.998,244
2022-03-03 17:24:22,3.9,14.1,526,0.0,0.0,0,0.0,0.0,0,294813.00,0.00,0.00,187,14.41,2.60,0.00,-3.1,4.998,4.998,4.998,4.998,7
2022-03-03 17:25:22,5.0,7.8,357,0.0,0.0,0,0.0,0.0,0,295170.00,0.00,0.00,213,14.41,2.96,0.00,-3.1,4.998,4.998,4.998,4.998,227
2022-03-03 17:26:22,6.6,10.0,405,0.0,0.0,0,0.0,0.0,0,295575.00,0.00,0.00,255,14.41,3.54,0.00,-3.1,4.998,4.998,4.998,4.998,184
2022-03-03 17:27:22,4.9,9.7,385,0.0,0.0,0,0.0,0.0,0,295960.00,0.00,0.00,191,14.41,2.66,0.00,-3.1,4.998,4.998,4.998,4.998,147
2022-03-03 17:28:22,5.7,11.5,373,0.0,0.0,0,0.0,0.0,0,296333.00,0.00,0.00,254,14.41,3.53,0.00,-3.1,4.998,4.998,4.998,4.998,75
2022-03-03 17:29:22,7.1,11.5,342,0.0,0.0,0,0.0,0.0,0,296675.00,0.00,0.00,201,14.41,2.79,0.00,-2.6,4.998,4.998,4.998,4.998,45
2022-03-03 17:30:22,11.3,15.9,628,0.0,0.0,0,0.0,0.0,0,297303.00,0.00,0.00,193,14.41,2.69,0.00,-3.1,4.998,4.998,4.998,4.998,83
2022-03-03 17:31:22,7.1,13.3,593,0.0,0.0,0,0.0,0.0,0,297896.00,0.00,0.00,217,14.41,3.02,0.00,-3.1,4.998,4.998,4.998,4.998,232
2022-03-03 17:32:22,10.7,13.3,454,0.0,0.0,0,0.0,0.0,0,298350.00,0.00,0.00,231,14.37,3.21,0.00,-3.1,4.998,4.998,4.998,4.998,90
2022-03-03 17:33:22,8.2,11.9,524,0.0,0.0,0,0.0,0.0,0,298874.00,0.00,0.00,257,14.41,3.57,0.00,-2.6,4.998,4.998,4.998,4.998,110
2022-03-03 17:34:22,5.5,17.2,591,0.0,0.0,0,0.0,0.0,0,299465.00,0.00,0.00,129,14.37,1.79,0.00,-2.6,4.998,4.998,4.998,4.998,241
2022-03-03 17:35:22,9.0,17.1,616,0.0,0.0,0,0.0,0.0,0,300081.00,0.00,0.00,246,14.41,3.41,0.00,-3.1,4.998,4.998,4.998,4.998,124
2022-03-03 17:36:22,10.2,13.5,516,0.0,0.0,0,0.0,0.0,0,300597.00,0.00,0.00,226,14.41,3.13,0.00,-3.1,4.998,4.998,4.998,4.998,137
2022-03-03 17:37:22,13.3,20.7,660,0.0,0.0,0,0.0,0.0,0,301257.00,0.00,0.00,194,14.41,2.70,0.00,-2.6,4.998,4.998,4.998,4.998,250
2022-03-03 17:38:22,7.2,14.9,632,0.0,0.0,0,0.0,0.0,0,301889.00,0.00,0.00,264,14.41,3.67,0.00,-3.1,4.998,4.998,4.998,4.998,61
2022-03-03 17:39:22,8.2,18.3,641,0.0,0.0,0,0.0,0.0,0,302530.00,0.00,0.00,202,14.41,2.81,0.00,-2.6,4.998,4.998,4.998,4.998,230
2022-03-03 17:40:22,8.1,14.5,569,0.0,0.0,0,0.0,0.0,0,303099.00,0.00,0.00,240,14.41,3.34,0.00,-3.1,4.998,4.998,4.998,4.998,2
2022-03-03 17:41:22,12.2,13.9,571,0.0,0.0,0,0.0,0.0,0,303670.00,0.00,0.00,246,14.41,3.42,0.00,-2.6,4.998,4.998,4.998,4.998,172
2022-03-03 17:42:22,12.3,24.0,964,0.0,0.0,0,0.0,0.0,0,304634.00,0.00,0.00,229,14.41,3.18,0.00,-2.6,4.998,4.998,4.998,4.998,210
2022-03-03 17:43:22,15.1,20.6,855,0.0,0.0,0,0.0,0.0,0,305489.00,0.00,0.00,229,14.41,3.19,0.00,-2.1,4.998,4.998,4.998,4.998,184
2022-03-03 17:44:22,5.3,18.2,494,0.0,0.0,0,0.0,0.0,0,305983.00,0.00,0.00,280,14.41,3.90,0.00,-2.1,4.998,4.998,4.998,4.998,163
2022-03-03 17:45:22,14.9,16.1,648,0.0,0.0,0,0.0,0.0,0,306631.00,0.00,0.00,206,14.41,2.86,0.00,-2.1,4.998,4.998,4.998,4.998,242
2022-03-03 17:46:22,9.3,16.3,685,0.0,0.0,0,0.0,0.0,0,307316.00,0.00,0.00,233,14.37,3.24,0.00,-1.6,4.998,4.998,4.998,4.998,105
2022-03-03 17:47:22,10.9,18.2,701,0.0,0.0,0,0.0,0.0,0,308017.00,0.00,0.00,227,14.37,3.16,0.00,-1.6,4.998,4.998,4.998,4.998,133
2022-03-03 17:48:22,2.1,13.9,382,0.0,0.0,0,0.0,0.0,0,308399.00,0.00,0.00,209,14.41,2.90,0.00,-2.1,4.998,4.998,4.998,4.998,34
2022-03-03 17:49:22,6.4,12.7,409,0.0,0.0,0,0.0,0.0,0,308808.00,0.00,0.00,243,14.41,3.38,0.00,-1.6,4.998,4.998,4.998,4.998,50
2022-03-03 17:50:22,7.6,9.6,288,0.0,0.0,0,0.0,0.0,0,309096.00,0.00,0.00,252,14.37,3.50,0.00,-1.6,4.998,4.998,4.998,4.998,240
2022-03-03 17:51:22,12.2,14.0,556,0.0,0.0,0,0.0,0.0,0,309652.00,0.00,0.00,235,14.37,3.27,0.00,-1.6,4.998,4.998,4.998,4.998,172
2022-03-03 17:52:22,6.6,15.5,692,0.0,0.0,0,0.0,0.0,0,310344.00,0.00,0.00,247,14.41,3.44,0.00,-2.1,4.998,4.998,4.998,4.998,167
2022-03-03 17:53:22,8.3,11.6,432,0.0,0.0,0,0.0,0.0,0,310776.00,0.00,0.00,256,14.41,3.56,0.00,-2.1,4.998,4.998,4.998,4.998,84
2022-03-03 17:54:22,4.7,8.4,281,0.0,0.0,0,0.0,0.0,0,311057.00,0.00,0.00,237,14.41,3.30,0.00,-2.6,4.998,4.998,4.998,4.998,40
2022-03-03 17:55:22,5.9,11.3,416,0.0,0.0,0,0.0,0.0,0,311473.00,0.00,0.00,207,14.41,2.88,0.00,-2.6,4.998,4.998,4.998,4.998,249
2022-03-03 17:56:22,3.6,11.5,503,0.0,0.0,0,0.0,0.0,0,311976.00,0.00,0.00,271,14.41,3.76,0.00,-2.6,4.998,4.998,4.998,4.998,156
2022-03-03 17:57:22,12.0,15.8,497,0.0,0.0,0,0.0,0.0,0,312473.00,0.00,0.00,265,14.41,3.68,0.00,-2.1,4.998,4.998,4.998,4.998,35
2022-03-03 17:58:22,8.3,17.6,754,0.0,0.0,0,0.0,0.0,0,313227.00,0.00,0.00,244,14.41,3.39,0.00,-2.1,4.998,4.998,4.998,4.998,42
2022-03-03 17:59:22,8.4,10.9,491,0.0,0.0,0,0.0,0.0,0,313718.00,0.00,0.00,181,14.37,2.51,0.00,-2.1,4.998,4.998,4.998,4.998,112
2022-03-03 18:00:22,6.4,9.2,382,0.0,0.0,0,0.0,0.0,0,314100.00,0.00,0.00,205,14.37,2.85,0.00,-1.1,4.998,4.998,4.998,4.998,146
2022-03-03 18:01:22,10.5,16.7,672,0.0,0.0,0,0.0,0.0,0,314772.00,0.00,0.00,270,14.41,3.75,0.00,-1.6,4.998,4.998,4.998,4.998,76
2022-03-03 18:02:22,15.7,19.8,742,0.0,0.0,0,0.0,0.0,0,315514.00,0.00,0.00,244,14.41,3.39,0.00,-2.1,4.998,4.998,4.998,4.998,99
2022-03-03 18:03:22,13.8,20.5,754,0.0,0.0,0,0.0,0.0,0,316268.00,0.00,0.00,254,14.37,3.53,0.00,-2.1,4.998,4.998,4.998,4.998,148
2022-03-03 18:04:22,10.5,16.5,696,0.0,0.0,0,0.0,0.0,0,316964.00,0.00,0.00,217,14.41,3.02,0.00,-1.6,4.998,4.998,4.998,4.998,46
2022-03-03 18:05:22,5.7,14.2,519,0.0,0.0,0,0.0,0.0,0,317483.00,0.00,0.00,207,14.41,2.88,0.00,-1.6,4.998,4.998,4.998,4.998,4
2022-03-03 18:06:22,7.2,7.4,311,0.0,0.0,0,0.0,0.0,0,317794.00,0.00,0.00,252,14.41,3.50,0.00,-1.6,4.998,4.998,4.998,4.998,100
2022-03-03 18:07:22,13.3,19.1,718,0.0,0.0,0,0.0,0.0,0,318512.00,0.00,0.00,255,14.41,3.54,0.00,-2.1,4.998,4.998,4.998,4.998,248
2022-03-03 18:08:22,10.0,17.6,763,0.0,0.0,0,0.0,0.0,0,319275.00,0.00,0.00,239,14.41,3.33,0.00,-2.1,4.998,4.998,4.998,4.998,50
2022-03-03 18:09:22,12.7,16.3,725,0.0,0.0,0,0.0,0.0,0,320000.00,0.00,0.00,231,14.41,3.21,0.00,-2.1,4.998,4.998,4.998,4.998,81
2022-03-03 18:10:22,10.1,15.8,677,0.0,0.0,0,0.0,0.0,0,320677.00,0.00,0.00,235,14.37,3.27,0.00,-2.1,4.998,4.998,4.998,4.998,210
2022-03-03 18:11:22,8.8,14.5,606,0.0,0.0,0,0.0,0.0,0,321283.00,0.00,0.00,241,14.41,3.35,0.00,-2.1,4.998,4.998,4.998,4.998,161
2022-03-03 18:12:22,11.1,17.7,574,0.0,0.0,0,0.0,0.0,0,321857.00,0.00,0.00,242,14.41,3.37,0.00,-2.1,4.998,4.998,4.998,4.998,5
2022-03-03 18:13:22,6.7,13.8,648,0.0,0.0,0,0.0,0.0,0,322505.00,0.00,0.00,218,14.37,3.03,0.00,-2.1,4.998,4.998,4.998,4.998,240
2022-03-03 18:14:22,5.2,10.0,417,0.0,0.0,0,0.0,0.0,0,322922.00,0.00,0.00,210,14.41,2.91,0.00,-2.1,4.998,4.998,4.998,4.998,185
2022-03-03 18:15:22,6.5,9.7,320,0.0,0.0,0,0.0,0.0,0,323242.00,0.00,0.00,198,14.41,2.75,0.00,-1.6,4.998,4.998,4.998,4.998,96
2022-03-03 18:16:22,6.4,10.4,447,0.0,0.0,0,0.0,0.0,0,323689.00,0.00,0.00,226,14.37,3.13,0.00,-2.1,4.998,4.998,4.998,4.998,35
2022-03-03 18:17:22,4.8,8.6,310,0.0,0.0,0,0.0,0.0,0,323999.00,0.00,0.00,210,14.37,2.91,0.00,-2.1,4.998,4.998,4.998,4.998,197
2022-03-03 18:18:22,8.9,10.8,415,0.0,0.0,0,0.0,0.0,0,324414.00,0.00,0.00,206,14.37,2.86,0.00,-1.6,4.998,4.998,4.998,4.998,31
2022-03-03 18:19:22,11.6,13.5,487,0.0,0.0,0,0.0,0.0,0,324901.00,0.00,0.00,242,14.41,3.36,0.00,-2.1,4.998,4.998,4.998,4.998,164
2022-03-03 18:20:22,7.3,12.0,435,0.0,0.0,0,0.0,0.0,0,325336.00,0.00,0.00,242,14.41,3.36,0.00,-2.1,4.998,4.998,4.998,4.998,203
2022-03-03 18:21:22,7.2,12.5,518,0.0,0.0,0,0.0,0.0,0,325854.00,0.00,0.00,250,14.41,3.47,0.00,-2.6,4.998,4.998,4.998,4.998,211
2022-03-03 18:22:22,6.0,12.5,480,0.0,0.0,0,0.0,0.0,0,326334.00,0.00,0.00,187,14.41,2.59,0.00,-2.6,4.998,4.998,4.998,4.998,220
2022-03-03 18:23:22,10.0,18.2,627,0.0,0.0,0,0.0,0.0,0,326961.00,0.00,0.00,246,14.41,3.42,0.00,-2.6,4.998,4.998,4.998,4.998,202
2022-03-03 18:24:22,8.7,10.4,423,0.0,0.0,0,0.0,0.0,0,327384.00,0.00,0.00,196,14.41,2.72,0.00,-3.1,4.998,4.998,4.998,4.998,138
2022-03-03 18:25:22,7.2,13.3,440,0.0,0.0,0,0.0,0.0,0,327824.00,0.00,0.00,179,14.41,2.49,0.00,-3.1,4.998,4.998,4.998,4.998,172
2022-03-03 18:26:22,5.9,7.5,262,0.0,0.0,0,0.0,0.0,0,328086.00,0.00,0.00,227,14.41,3.15,0.00,-2.6,4.998,4.998,4.998,4.998,201
2022-03-03 18:27:22,7.7,9.9,428,0.0,0.0,0,0.0,0.0,0,328514.00,0.00,0.00,209,14.14,2.91,0.00,-3.1,4.998,4.998,4.998,4.998,146
2022-03-03 18:28:22,7.1,12.4,437,0.0,0.0,0,0.0,0.0,0,328951.00,0.00,0.00,214,14.02,2.97,0.00,-3.1,4.998,4.998,4.998,4.998,203
2022-03-03 18:29:22,11.5,12.3,435,0.0,0.0,0,0.0,0.0,0,329386.00,0.00,0.00,236,13.98,3.28,0.00,-3.6,4.998,4.998,4.998,4.998,127
2022-03-03 18:30:22,5.0,12.2,414,0.0,0.0,0,0.0,0.0,0,329800.00,0.00,0.00,231,13.94,3.21,0.00,-3.6,4.998,4.998,4.998,4.998,154
2022-03-03 18:31:22,4.0,5.3,206,0.0,0.0,0,0.0,0.0,0,330006.00,0.00,0.00,227,13.90,3.15,0.00,-3.6,4.998,4.998,4.998,4.998,175
2022-03-03 18:32:22,5.1,6.2,273,0.0,0.0,0,0.0,0.0,0,330279.00,0.00,0.00,241,13.86,3.34,0.00,-3.6,4.998,4.998,4.998,4.998,230
2022-03-03 18:33:22,8.7,16.8,444,0.0,0.0,0,0.0,0.0,0,330723.00,0.00,0.00,225,13.78,3.12,0.00,-4.1,4.998,4.998,4.998,4.998,246
2022-03-03 18:34:22,6.2,14.1,557,0.0,0.0,0,0.0,0.0,0,331280.00,0.00,0.00,204,13.78,2.84,0.00,-3.6,4.998,4.998,4.998,4.998,146
2022-03-03 18:35:22,5.3,14.3,488,0.0,0.0,0,0.0,0.0,0,331768.00,0.00,0.00,249,13.74,3.46,0.00,-3.6,4.998,4.998,4.998,4.998,126
2022-03-03 18:36:22,9.7,14.0,529,0.0,0.0,0,0.0,0.0,0,332297.00,0.00,0.00,199,13.71,2.76,0.00,-3.6,4.998,4.998,4.998,4.998,234
2022-03-03 18:37:22,11.0,12.1,466,0.0,0.0,0,0.0,0.0,0,332763.00,0.00,0.00,196,13.67,2.72,0.00,-3.6,4.998,4.998,4.998,4.998,145
2022-03-03 18:38:22,3.1,12.7,421,0.0,0.0,0,0.0,0.0,0,333184.00,0.00,0.00,236,13.63,3.28,0.00,-3.6,4.998,4.998,4.998,4.998,137
2022-03-03 18:39:22,3.6,9.4,305,0.0,0.0,0,0.0,0.0,0,333489.00,0.00,0.00,207,13.63,2.88,0.00,-4.1,4.998,4.998,4.998,4.998,122
2022-03-03 18:40:22,11.6,20.7,477,0.0,0.0,0,0.0,0.0,0,333966.00,0.00,0.00,247,13.59,3.43,0.00,-3.6,4.998,4.998,4.998,4.998,98
2022-03-03 18:41:22,9.5,19.3,719,0.0,0.0,0,0.0,0.0,0,334685.00,0.00,0.00,252,13.55,3.50,0.00,-3.6,4.998,4.998,4.998,4.998,153
2022-03-03 18:42:22,3.0,11.6,404,0.0,0.0,0,0.0,0.0,0,335089.00,0.00,0.00,255,13.51,3.54,0.00,-4.1,4.998,4.998,4.998,4.998,42
2022-03-03 18:43:22,9.2,10.6,380,0.0,0.0,0,0.0,0.0,0,335469.00,0.00,0.00,214,13.47,2.98,0.00,-4.1,4.998,4.998,4.998,4.998,74
2022-03-03 18:44:22,5.6,9.9,367,0.0,0.0,0,0.0,0.0,0,335836.00,0.00,0.00,217,13.43,3.01,0.00,-3.6,4.998,4.998,4.998,4.998,228
2022-03-03 18:45:22,3.3,7.4,301,0.0,0.0,0,0.0,0.0,0,336137.00,0.00,0.00,249,13.39,3.46,0.00,-4.1,4.998,4.998,4.998,4.998,40
2022-03-03 18:46:22,11.8,13.7,559,0.0,0.0,0,0.0,0.0,0,336696.00,0.00,0.00,235,13.39,3.27,0.00,-3.6,4.998,4.998,4.998,4.998,99
2022-03-03 18:47:22,9.0,12.0,452,0.0,0.0,0,0.0,0.0,0,337148.00,0.00,0.00,232,13.35,3.23,0.00,-3.6,4.998,4.998,4.998,4.998,187
2022-03-03 18:48:22,6.1,9.5,385,0.0,0.0,0,0.0,0.0,0,337533.00,0.00,0.00,220,13.35,3.06,0.00,-4.1,4.998,4.998,4.998,4.998,190
2022-03-03 18:49:22,4.1,6.5,213,0.0,0.0,0,0.0,0.0,0,337746.00,0.00,0.00,214,13.32,2.98,0.00,-4.1,4.998,4.998,4.998,4.998,173
2022-03-03 18:50:22,5.6,12.0,352,0.0,0.0,0,0.0,0.0,0,338098.00,0.00,0.00,161,13.28,2.24,0.00,-4.1,4.998,4.998,4.998,4.998,25
2022-03-03 18:51:22,4.7,7.8,317,0.0,0.0,0,0.0,0.0,0,338415.00,0.00,0.00,178,13.24,2.48,0.00,-4.1,4.998,4.998,4.998,4.998,7
2022-03-03 18:52:22,5.1,8.4,365,0.0,0.0,0,0.0,0.0,0,338780.00,0.00,0.00,207,13.24,2.87,0.00,-4.1,4.998,4.998,4.998,4.998,253
2022-03-03 18:53:22,6.4,8.5,253,0.0,0.0,0,0.0,0.0,0,339033.00,0.00,0.00,193,13.24,2.68,0.00,-4.5,4.998,4.998,4.998,4.998,184
2022-03-03 18:54:22,4.5,7.0,286,0.0,0.0,0,0.0,0.0,0,339319.00,0.00,0.00,206,13.20,2.86,0.00,-4.5,4.998,4.998,4.998,4.998,180
2022-03-03 18:55:22,5.0,6.6,276,0.0,0.0,0,0.0,0.0,0,339595.00,0.00,0.00,200,13.20,2.77,0.00,-4.5,4.998,4.998,4.998,4.998,230
2022-03-03 18:56:22,5.7,13.1,490,0.0,0.0,0,0.0,0.0,0,340085.00,0.00,0.00,212,13.16,2.94,0.00,-4.5,4.998,4.998,4.998,4.998,10
2022-03-03 18:57:22,5.9,8.2,344,0.0,0.0,0,0.0,0.0,0,340429.00,0.00,0.00,189,13.16,2.63,0.00,-4.5,4.998,4.998,4.998,4.998,23
2022-03-03 18:58:22,3.3,5.9,250,0.0,0.0,0,0.0,0.0,0,340679.00,0.00,0.00,188,13.12,2.61,0.00,-4.1,4.998,4.998,4.998,4.998,54
2022-03-03 18:59:22,6.1,9.6,411,0.0,0.0,0,0.0,0.0,0,341090.00,0.00,0.00,190,13.12,2.64,0.00,-4.1,4.998,4.998,4.998,4.998,20
2022-03-03 19:00:22,6.1,7.1,293,0.0,0.0,0,0.0,0.0,0,341383.00,0.00,0.00,181,13.12,2.52,0.00,-4.5,4.998,4.998,4.998,4.998,138
2022-03-03 19:01:22,7.3,8.2,316,0.0,0.0,0,0.0,0.0,0,341699.00,0.00,0.00,196,13.12,2.73,0.00,-4.1,4.998,4.998,4.998,4.998,178
2022-03-03 19:02:22,5.2,7.8,294,0.0,0.0,0,0.0,0.0,0,341993.00,0.00,0.00,188,13.12,2.61,0.00,-4.1,4.998,4.998,4.998,4.998,124
2022-03-03 19:03:22,4.1,5.4,200,0.0,0.0,0,0.0,0.0,0,342193.00,0.00,0.00,206,13.08,2.86,0.00,-5.0,4.998,4.998,4.998,4.998,11
2022-03-03 19:04:22,2.6,5.8,237,0.0,0.0,0,0.0,0.0,0,342430.00,0.00,0.00,188,13.12,2.62,0.00,-4.5,4.998,4.998,4.998,4.998,30
2022-03-03 19:05:22,4.6,5.6,183,0.0,0.0,0,0.0,0.0,0,342613.00,0.00,0.00,223,13.08,3.11,0.00,-4.5,4.998,4.998,4.998,4.998,149
2022-03-03 19:06:22,6.3,8.4,307,0.0,0.0,0,0.0,0.0,0,342920.00,0.00,0.00,244,13.08,3.39,0.00,-4.5,4.998,4.998,4.998,4.998,134
2022-03-03 19:07:22,6.7,7.7,279,0.0,0.0,0,0.0,0.0,0,343199.00,0.00,0.00,204,13.12,2.83,0.00,-4.1,4.998,4.998,4.998,4.998,125
2022-03-03 19:08:22,5.2,7.2,315,0.0,0.0,0,0.0,0.0,0,343514.00,0.00,0.00,190,13.08,2.64,0.00,-4.1,4.998,4.998,4.998,4.998,219
2022-03-03 19:09:22,8.2,8.6,296,0.0,0.0,0,0.0,0.0,0,343810.00,0.00,0.00,235,13.08,3.27,0.00,-4.5,4.998,4.998,4.998,4.998,150
2022-03-03 19:10:22,3.2,8.6,263,0.0,0.0,0,0.0,0.0,0,344073.00,0.00,0.00,208,13.08,2.89,0.00,-4.5,4.998,4.998,4.998,4.998,157
2022-03-03 19:11:22,6.1,8.0,309,0.0,0.0,0,0.0,0.0,0,344382.00,0.00,0.00,220,13.08,3.05,0.00,-4.5,4.998,4.998,4.998,4.998,113
2022-03-03 19:12:22,6.4,7.9,380,0.0,0.0,0,0.0,0.0,0,344762.00,0.00,0.00,203,13.08,2.82,0.00,-4.5,4.998,4.998,4.998,4.998,223
2022-03-03 19:13:22,4.1,5.9,207,0.0,0.0,0,0.0,0.0,0,344969.00,0.00,0.00,201,13.08,2.79,0.00,-5.0,4.998,4.998,4.998,4.998,89
2022-03-03 19:14:22,4.1,5.0,220,0.0,0.0,0,0.0,0.0,0,345189.00,0.00,0.00,183,13.08,2.54,0.00,-4.5,4.998,4.998,4.998,4.998,93
2022-03-03 19:15:22,2.2,5.0,205,0.0,0.0,0,0.0,0.0,0,345394.00,0.00,0.00,221,13.08,3.08,0.00,-4.5,4.998,4.998,4.998,4.998,3
2022-03-03 19:16:22,6.7,9.2,242,0.0,0.0,0,0.0,0.0,0,345636.00,0.00,0.00,233,13.08,3.23,0.00,-4.5,4.998,4.998,4.998,4.998,69
2022-03-03 19:17:22,6.3,10.2,414,0.0,0.0,0,0.0,0.0,0,346050.00,0.00,0.00,239,13.08,3.33,0.00,-4.1,4.998,4.998,4.998,4.998,3
2022-03-03 19:18:22,6.3,7.5,338,0.0,0.0,0,0.0,0.0,0,346388.00,0.00,0.00,203,13.08,2.83,0.00,-4.5,4.998,4.998,4.998,4.998,53
2022-03-03 19:19:22,4.8,7.0,288,0.0,0.0,0,0.0,0.0,0,346676.00,0.00,0.00,201,13.04,2.80,0.00,-4.5,4.998,4.998,4.998,4.998,70
2022-03-03 19:20:22,4.4,5.0,223,0.0,0.0,0,0.0,0.0,0,346899.00,0.00,0.00,207,13.08,2.88,0.00,-4.5,4.998,4.998,4.998,4.998,29
2022-03-03 19:21:22,7.2,8.7,293,0.0,0.0,0,0.0,0.0,0,347192.00,0.00,0.00,172,13.08,2.39,0.00,-4.5,4.998,4.998,4.998,4.998,143
2022-03-03 19:22:22,4.2,9.9,375,0.0,0.0,0,0.0,0.0,0,347567.00,0.00,0.00,190,13.08,2.65,0.00,-4.1,4.998,4.998,4.998,4.998,193
2022-03-03 19:23:22,4.4,10.5,401,0.0,0.0,0,0.0,0.0,0,347968.00,0.00,0.00,203,13.08,2.83,0.00,-4.1,4.998,4.998,4.998,4.998,218
2022-03-03 19:24:22,3.8,7.0,246,0.0,0.0,0,0.0,0.0,0,348214.00,0.00,0.00,217,13.08,3.01,0.00,-4.5,4.998,4.998,4.998,4.998,64
2022-03-03 19:25:22,2.9,5.9,187,0.0,0.0,0,0.0,0.0,0,348401.00,0.00,0.00,186,13.04,2.59,0.00,-4.1,4.998,4.998,4.998,4.998,69
2022-03-03 19:26:22,3.2,8.1,287,0.0,0.0,0,0.0,0.0,0,348688.00,0.00,0.00,204,13.08,2.84,0.00,-4.1,4.998,4.998,4.998,4.998,205
2022-03-03 19:27:22,3.4,5.0,190,0.0,0.0,0,0.0,0.0,0,348878.00,0.00,0.00,191,13.04,2.66,0.00,-4.5,4.998,4.998,4.998,4.998,231
2022-03-03 19:28:22,2.9,5.6,220,0.0,0.0,0,0.0,0.0,0,349098.00,0.00,0.00,215,13.04,2.99,0.00,-4.5,4.998,4.998,4.998,4.998,60
2022-03-03 19:29:22,4.1,7.0,208,0.0,0.0,0,0.0,0.0,0,349306.00,0.00,0.00,212,13.04,2.94,0.00,-4.1,4.998,4.998,4.998,4.998,208
2022-03-03 19:30:22,3.6,4.9,195,0.0,0.0,0,0.0,0.0,0,349501.00,0.00,0.00,211,13.04,2.93,0.00,-4.5,4.998,4.998,4.998,4.998,245
2022-03-03 19:31:22,5.3,5.6,216,0.0,0.0,0,0.0,0.0,0,349717.00,0.00,0.00,169,13.04,2.34,0.00,-4.5,4.998,4.998,4.998,4.998,180
2022-03-03 19:32:22,5.6,7.7,263,0.0,0.0,0,0.0,0.0,0,349980.00,0.00,0.00,195,13.04,2.70,0.00,-4.5,4.998,4.998,4.998,4.998,127
2022-03-03 19:33:22,4.2,8.7,287,0.0,0.0,0,0.0,0.0,0,350267.00,0.00,0.00,208,13.04,2.89,0.00,-4.1,4.998,4.998,4.998,4.998,18
2022-03-03 19:34:22,4.7,6.8,244,0.0,0.0,0,0.0,0.0,0,350511.00,0.00,0.00,199,13.04,2.76,0.00,-4.5,4.998,4.998,4.998,4.998,169
2022-03-03 19:35:22,3.6,7.4,287,0.0,0.0,0,0.0,0.0,0,350798.00,0.00,0.00,185,13.04,2.57,0.00,-4.5,4.998,4.998,4.998,4.998,179
2022-03-03 19:36:22,4.8,5.3,231,0.0,0.0,0,0.0,0.0,0,351029.00,0.00,0.00,182,13.04,2.53,0.00,-4.5,4.998,4.998,4.998,4.998,51
2022-03-03 19:37:22,3.7,7.3,317,0.0,0.0,0,0.0,0.0,0,351346.00,0.00,0.00,225,13.04,3.12,0.00,-4.1,4.998,4.998,4.998,4.998,34
2022-03-03 19:38:22,5.4,8.1,326,0.0,0.0,0,0.0,0.0,0,351672.00,0.00,0.00,202,13.04,2.81,0.00,-4.1,4.998,4.998,4.998,4.998,90
2022-03-03 19:39:22,4.5,6.5,187,0.0,0.0,0,0.0,0.0,0,351859.00,0.00,0.00,211,13.04,2.93,0.00,-4.1,4.998,4.998,4.998,4.998,117
2022-03-03 19:40:22,2.6,6.7,293,0.0,0.0,0,0.0,0.0,0,352152.00,0.00,0.00,217,13.04,3.02,0.00,-4.1,4.998,4.998,4.998,4.998,240
2022-03-03 19:41:22,3.7,5.6,216,0.0,0.0,0,0.0,0.0,0,352368.00,0.00,0.00,208,13.04,2.89,0.00,-4.1,4.998,4.998,4.998,4.998,90
2022-03-03 19:42:22,4.3,5.5,229,0.0,0.0,0,0.0,0.0,0,352597.00,0.00,0.00,176,13.04,2.45,0.00,-4.5,4.998,4.998,4.998,4.998,76
2022-03-03 19:43:22,4.5,6.5,293,0.0,0.0,0,0.0,0.0,0,352890.00,0.00,0.00,186,13.04,2.59,0.00,-4.1,4.998,4.998,4.998,4.998,203
2022-03-03 19:44:22,3.7,5.2,221,0.0,0.0,0,0.0,0.0,0,353111.00,0.00,0.00,211,13.04,2.94,0.00,-4.5,4.998,4.998,4.998,4.998,218
2022-03-03 19:45:22,2.1,4.7,166,0.0,0.0,0,0.0,0.0,0,353277.00,0.00,0.00,225,13.04,3.12,0.00,-4.5,4.998,4.998,4.998,4.998,61
2022-03-03 19:46:22,5.5,5.9,192,0.0,0.0,0,0.0,0.0,0,353469.00,0.00,0.00,297,13.04,4.13,0.00,-4.1,4.998,4.998,4.998,4.998,115
2022-03-03 19:47:22,7.0,8.2,321,0.0,0.0,0,0.0,0.0,0,353790.00,0.00,0.00,197,13.00,2.73,0.00,-4.1,4.998,4.998,4.998,4.998,201
2022-03-03 19:48:22,5.6,8.6,367,0.0,0.0,0,0.0,0.0,0,354157.00,0.00,0.00,200,13.04,2.77,0.00,-4.1,4.998,4.998,4.998,4.998,102
2022-03-03 19:49:22,4.9,8.2,325,0.0,0.0,0,0.0,0.0,0,354482.00,0.00,0.00,237,13.04,3.29,0.00,-4.1,4.998,4.998,4.998,4.998,122
2022-03-03 19:50:22,4.0,7.0,293,0.0,0.0,0,0.0,0.0,0,354775.00,0.00,0.00,179,13.04,2.49,0.00,-4.1,4.998,4.998,4.998,4.998,218
2022-03-03 19:51:22,7.3,8.0,368,0.0,0.0,0,0.0,0.0,0,355143.00,0.00,0.00,210,13.04,2.92,0.00,-4.1,4.998,4.998,4.998,4.998,107
2022-03-03 19:52:22,7.7,10.5,453,0.0,0.0,0,0.0,0.0,0,355596.00,0.00,0.00,204,13.04,2.83,0.00,-4.1,4.998,4.998,4.998,4.998,198
2022-03-03 19:53:22,3.1,9.1,294,0.0,0.0,0,0.0,0.0,0,355890.00,0.00,0.00,208,13.00,2.89,0.00,-4.1,4.998,4.998,4.998,4.998,93
2022-03-03 19:54:22,5.3,9.9,271,0.0,0.0,0,0.0,0.0,0,356161.00,0.00,0.00,205,13.04,2.85,0.00,-4.5,4.998,4.998,4.998,4.998,218
2022-03-03 19:55:22,5.7,13.4,381,0.0,0.0,0,0.0,0.0,0,356542.00,0.00,0.00,221,13.04,3.07,0.00,-4.1,4.998,4.998,4.998,4.998,249
2022-03-03 19:56:22,4.2,6.7,284,0.0,0.0,0,0.0,0.0,0,356826.00,0.00,0.00,200,13.00,2.78,0.00,-4.1,4.998,4.998,4.998,4.998,250
2022-03-03 19:57:22,4.6,6.4,262,0.0,0.0,0,0.0,0.0,0,357088.00,0.00,0.00,205,13.04,2.85,0.00,-4.1,4.998,4.998,4.998,4.998,125
2022-03-03 19:58:22,4.7,7.8,282,0.0,0.0,0,0.0,0.0,0,357370.00,0.00,0.00,236,13.00,3.28,0.00,-4.5,4.998,4.998,4.998,4.998,180
2022-03-03 19:59:22,4.8,8.8,263,0.0,0.0,0,0.0,0.0,0,357633.00,0.00,0.00,214,13.00,2.97,0.00,-4.1,4.998,4.998,4.998,4.998,49
2022-03-03 20:00:22,5.1,8.6,334,0.0,0.0,0,0.0,0.0,0,357967.00,0.00,0.00,235,13.00,3.27,0.00,-4.1,4.998,4.998,4.998,4.998,130
2022-03-03 20:01:22,7.2,9.7,354,0.0,0.0,0,0.0,0.0,0,358321.00,0.00,0.00,193,13.00,2.69,0.00,-4.1,4.998,4.998,4.998,4.998,238
2022-03-03 20:02:22,4.6,7.9,362,0.0,0.0,0,0.0,0.0,0,358683.00,0.00,0.00,222,13.00,3.09,0.00,-4.1,4.998,4.998,4.998,4.998,64
2022-03-03 20:03:22,4.1,8.8,367,0.0,0.0,0,0.0,0.0,0,359050.00,0.00,0.00,217,13.04,3.01,0.00,-4.5,4.998,4.998,4.998,4.998,38
2022-03-03 20:04:22,6.3,6.9,194,0.0,0.0,0,0.0,0.0,0,359244.00,0.00,0.00,215,13.00,2.99,0.00,-4.5,4.998,4.998,4.998,4.998,142
2022-03-03 20:05:22,7.0,7.1,288,0.0,0.0,0,0.0,0.0,0,359532.00,0.00,0.00,195,13.00,2.70,0.00,-4.1,4.998,4.998,4.998,4.998,246
2022-03-03 20:06:22,5.1,9.8,305,0.0,0.0,0,0.0,0.0,0,359837.00,0.00,0.00,227,13.00,3.16,0.00,-4.1,4.998,4.998,4.998,4.998,190
2022-03-03 20:07:22,6.8,11.6,407,0.0,0.0,0,0.0,0.0,0,360244.00,0.00,0.00,197,13.00,2.74,0.00,-4.1,4.998,4.998,4.998,4.998,130
2022-03-03 20:08:22,2.5,6.8,233,0.0,0.0,0,0.0,0.0,0,360477.00,0.00,0.00,189,13.00,2.63,0.00,-4.1,4.998,4.998,4.998,4.998,198
2022-03-03 20:09:22,6.9,14.9,441,0.0,0.0,0,0.0,0.0,0,360918.00,0.00,0.00,240,13.00,3.33,0.00,-3.6,4.998,4.998,4.998,4.998,194
2022-03-03 20:10:22,5.3,9.8,370,0.0,0.0,0,0.0,0.0,0,361288.00,0.00,0.00,202,13.00,2.81,0.00,-4.1,4.998,4.998,4.998,4.998,165
2022-03-03 20:11:22,9.8,9.8,330,0.0,0.0,0,0.0,0.0,0,361618.00,0.00,0.00,200,13.00,2.78,0.00,-4.1,4.998,4.998,4.998,4.998,79
2022-03-03 20:12:22,4.3,9.9,385,0.0,0.0,0,0.0,0.0,0,362003.00,0.00,0.00,212,13.00,2.95,0.00,-4.1,4.998,4.998,4.998,4.998,157
2022-03-03 20:13:22,5.4,10.1,395,0.0,0.0,0,0.0,0.0,0,362398.00,0.00,0.00,210,13.00,2.92,0.00,-4.1,4.998,4.998,4.998,4.998,135
2022-03-03 20:14:22,5.8,10.0,374,0.0,0.0,0,0.0,0.0,0,362772.00,0.00,0.00,215,13.00,2.99,0.00,-3.6,4.998,4.998,4.998,4.998,203
2022-03-03 20:15:22,10.6,10.6,292,0.0,0.0,0,0.0,0.0,0,363064.00,0.00,0.00,199,13.00,2.76,0.00,-4.1,4.998,4.998,4.998,4.998,35
2022-03-03 20:16:22,7.5,13.5,572,0.0,0.0,0,0.0,0.0,0,363636.00,0.00,0.00,181,13.00,2.52,0.00,-4.1,4.998,4.998,4.998,4.998,246
2022-03-03 20:17:22,7.9,9.5,440,0.0,0.0,0,0.0,0.0,0,364076.00,0.00,0.00,207,13.00,2.88,0.00,-4.1,4.998,4.998,4.998,4.998,189
2022-03-03 20:18:22,7.8,13.3,528,0.0,0.0,0,0.0,0.0,0,364604.00,0.00,0.00,187,13.00,2.59,0.00,-4.1,4.998,4.998,4.998,4.998,79
2022-03-03 20:19:22,4.7,9.8,380,0.0,0.0,0,0.0,0.0,0,364984.00,0.00,0.00,203,13.00,2.82,0.00,-4.1,4.998,4.998,4.998,4.998,80
2022-03-03 20:20:22,6.7,13.9,605,0.0,0.0,0,0.0,0.0,0,365589.00,0.00,0.00,214,13.00,2.98,0.00,-3.6,4.998,4.998,4.998,4.998,47
2022-03-03 20:21:22,6.6,9.0,420,0.0,0.0,0,0.0,0.0,0,366009.00,0.00,0.00,233,13.00,3.24,0.00,-3.6,4.998,4.998,4.998,4.998,8
2022-03-03 20:22:22,11.4,13.2,388,0.0,0.0,0,0.0,0.0,0,366397.00,0.00,0.00,209,13.00,2.90,0.00,-4.1,4.998,4.998,4.998,4.998,86
2022-03-03 20:23:22,5.9,11.8,396,0.0,0.0,0,0.0,0.0,0,366793.00,0.00,0.00,202,13.00,2.80,0.00,-4.1,4.998,4.998,4.998,4.998,227
2022-03-03 20:24:22,8.7,8.7,321,0.0,0.0,0,0.0,0.0,0,367114.00,0.00,0.00,199,13.00,2.76,0.00,-4.1,4.998,4.998,4.998,4.998,59
2022-03-03 20:25:22,8.0,9.0,426,0.0,0.0,0,0.0,0.0,0,367540.00,0.00,0.00,203,13.00,2.83,0.00,-3.6,4.998,4.998,4.998,4.998,138
2022-03-03 20:26:22,4.6,8.3,313,0.0,0.0,0,0.0,0.0,0,367853.00,0.00,0.00,210,13.00,2.92,0.00,-4.1,4.998,4.998,4.998,4.998,142
2022-03-03 20:27:22,5.4,11.4,416,0.0,0.0,0,0.0,0.0,0,368269.00,0.00,0.00,226,13.00,3.14,0.00,-4.1,4.998,4.998,4.998,4.998,40
2022-03-03 20:28:22,6.2,9.6,410,0.0,0.0,0,0.0,0.0,0,368679.00,0.00,0.00,214,13.00,2.97,0.00,-3.6,4.998,4.998,4.998,4.998,195
2022-03-03 20:29:22,4.5,8.6,287,0.0,0.0,0,0.0,0.0,0,368966.00,0.00,0.00,211,13.00,2.94,0.00,-4.1,4.998,4.998,4.998,4.998,235
2022-03-03 20:30:22,7.2,13.3,441,0.0,0.0,0,0.0,0.0,0,369407.00,0.00,0.00,228,13.00,3.17,0.00,-4.1,4.998,4.998,4.998,4.998,244
2022-03-03 20:31:22,5.4,9.9,391,0.0,0.0,0,0.0,0.0,0,369798.00,0.00,0.00,229,13.00,3.19,0.00,-4.1,4.998,4.998,4.998,4.998,71
2022-03-03 20:32:22,5.9,6.8,322,0.0,0.0,0,0.0,0.0,0,370120.00,0.00,0.00,198,13.00,2.76,0.00,-4.1,4.998,4.998,4.998,4.998,124
2022-03-03 20:33:22,9.1,9.3,298,0.0,0.0,0,0.0,0.0,0,370418.00,0.00,0.00,202,13.00,2.80,0.00,-4.1,4.998,4.998,4.998,4.998,87
2022-03-03 20:34:22,7.8,11.1,448,0.0,0.0,0,0.0,0.0,0,370866.00,0.00,0.00,208,13.00,2.89,0.00,-4.1,4.998,4.998,4.998,4.998,98
2022-03-03 20:35:22,8.6,9.9,364,0.0,0.0,0,0.0,0.0,0,371230.00,0.00,0.00,194,12.96,2.69,0.00,-4.1,4.998,4.998,4.998,4.998,218
2022-03-03 20:36:22,6.0,11.4,493,0.0,0.0,0,0.0,0.0,0,371723.00,0.00,0.00,206,13.00,2.86,0.00,-4.1,4.998,4.998,4.998,4.998,171
2022-03-03 20:37:22,4.6,7.4,297,0.0,0.0,0,0.0,0.0,0,372020.00,0.00,0.00,226,13.00,3.14,0.00,-4.1,4.998,4.998,4.998,4.998,14
2022-03-03 20:38:22,11.0,12.0,477,0.0,0.0,0,0.0,0.0,0,372497.00,0.00,0.00,206,13.00,2.86,0.00,-4.1,4.998,4.998,4.998,4.998,200
2022-03-03 20:39:22,5.9,11.2,314,0.0,0.0,0,0.0,0.0,0,372811.00,0.00,0.00,167,13.00,2.32,0.00,-4.1,4.998,4.998,4.998,4.998,9
2022-03-03 20:40:22,4.8,6.0,197,0.0,0.0,0,0.0,0.0,0,373008.00,0.00,0.00,217,13.00,3.02,0.00,-4.1,4.998,4.998,4.998,4.998,254
2022-03-03 20:41:22,2.6,11.9,330,0.0,0.0,0,0.0,0.0,0,373338.00,0.00,0.00,222,13.00,3.09,0.00,-4.1,4.998,4.998,4.998,4.998,63
2022-03-03 20:42:22,5.6,11.7,405,0.0,0.0,0,0.0,0.0,0,373743.00,0.00,0.00,198,12.96,2.75,0.00,-4.1,4.998,4.998,4.998,4.998,141
2022-03-03 20:43:22,7.7,8.6,232,0.0,0.0,0,0.0,0.0,0,373975.00,0.00,0.00,228,12.96,3.17,0.00,-4.1,4.998,4.998,4.998,4.998,120
2022-03-03 20:44:22,5.9,7.9,337,0.0,0.0,0,0.0,0.0,0,374312.00,0.00,0.00,240,13.00,3.33,0.00,-4.1,4.998,4.998,4.998,4.998,83
2022-03-03 20:45:22,3.3,7.0,283,0.0,0.0,0,0.0,0.0,0,374595.00,0.00,0.00,217,12.96,3.01,0.00,-4.1,4.998,4.998,4.998,4.998,28
2022-03-03 20:46:22,4.0,12.2,418,0.0,0.0,0,0.0,0.0,0,375013.00,0.00,0.00,213,12.96,2.96,0.00,-4.1,4.998,4.998,4.998,4.998,125
2022-03-03 20:47:22,9.0,14.2,555,0.0,0.0,0,0.0,0.0,0,375568.00,0.00,0.00,202,13.00,2.81,0.00,-4.1,4.998,4.998,4.998,4.998,111
2022-03-03 20:48:22,8.4,9.9,434,0.0,0.0,0,0.0,0.0,0,376002.00,0.00,0.00,217,13.00,3.02,0.00,-4.1,4.998,4.998,4.998,4.998,235
2022-03-03 20:49:22,5.1,8.7,430,0.0,0.0,0,0.0,0.0,0,376432.00,0.00,0.00,114,13.00,1.58,0.00,-4.1,4.998,4.998,4.998,4.998,47
2022-03-03 20:50:22,11.9,11.9,412,0.0,0.0,0,0.0,0.0,0,376844.00,0.00,0.00,208,12.96,2.89,0.00,-4.1,4.998,4.998,4.998,4.998,216
2022-03-03 20:51:22,5.5,14.4,514,0.0,0.0,0,0.0,0.0,0,377358.00,0.00,0.00,181,12.96,2.52,0.00,-4.1,4.998,4.998,4.998,4.998,59
2022-03-03 20:52:22,6.9,8.2,304,0.0,0.0,0,0.0,0.0,0,377662.00,0.00,0.00,214,12.96,2.97,0.00,-4.1,4.998,4.998,4.998,4.998,88
2022-03-03 20:53:22,6.3,9.2,442,0.0,0.0,0,0.0,0.0,0,378104.00,0.00,0.00,247,12.96,3.44,0.00,-4.1,4.998,4.998,4.998,4.998,201
2022-03-03 20:54:22,5.8,10.4,510,0.0,0.0,0,0.0,0.0,0,378614.00,0.00,0.00,229,12.96,3.19,0.00,-4.1,4.998,4.998,4.998,4.998,31
2022-03-03 20:55:22,6.6,11.3,488,0.0,0.0,0,0.0,0.0,0,379102.00,0.00,0.00,245,12.96,3.40,0.00,-3.6,4.998,4.998,4.998,4.998,75
2022-03-03 20:56:22,6.1,8.6,387,0.0,0.0,0,0.0,0.0,0,379489.00,0.00,0.00,193,12.96,2.68,0.00,-4.1,4.998,4.998,4.998,4.998,7
2022-03-03 20:57:22,6.8,6.9,301,0.0,0.0,0,0.0,0.0,0,379790.00,0.00,0.00,241,13.00,3.35,0.00,-4.1,4.998,4.998,4.998,4.998,9
2022-03-03 20:58:22,5.8,7.1,277,0.0,0.0,0,0.0,0.0,0,380067.00,0.00,0.00,207,12.96,2.88,0.00,-4.1,4.998,4.998,4.998,4.998,38
2022-03-03 20:59:22,4.0,11.4,456,0.0,0.0,0,0.0,0.0,0,380523.00,0.00,0.00,190,12.96,2.64,0.00,-4.1,4.998,4.998,4.998,4.998,241
2022-03-03 21:00:22,6.4,7.7,337,0.0,0.0,0,0.0,0.0,0,380860.00,0.00,0.00,244,12.96,3.39,0.00,-4.1,4.998,4.998,4.998,4.998,97
2022-03-03 21:01:22,6.3,9.9,429,0.0,0.0,0,0.0,0.0,0,381289.00,0.00,0.00,225,12.96,3.12,0.00,-4.1,4.998,4.998,4.998,4.998,32
2022-03-03 21:02:22,2.6,7.8,297,0.0,0.0,0,0.0,0.0,0,381586.00,0.00,0.00,225,13.00,3.12,0.00,-4.1,4.998,4.998,4.998,4.998,130
2022-03-03 21:03:22,4.3,6.1,230,0.0,0.0,0,0.0,0.0,0,381816.00,0.00,0.00,199,12.96,2.76,0.00,-4.5,4.998,4.998,4.998,4.998,206
2022-03-03 21:04:22,4.9,8.6,342,0.0,0.0,0,0.0,0.0,0,382158.00,0.00,0.00,202,12.96,2.81,0.00,-4.1,4.998,4.998,4.998,4.998,99
2022-03-03 21:05:22,5.8,10.3,414,0.0,0.0,0,0.0,0.0,0,382572.00,0.00,0.00,213,13.00,2.95,0.00,-4.1,4.998,4.998,4.998,4.998,44
2022-03-03 21:06:22,6.2,7.3,296,0.0,0.0,0,0.0,0.0,0,382868.00,0.00,0.00,210,12.96,2.91,0.00,-4.1,4.998,4.998,4.998,4.998,140
2022-03-03 21:07:22,4.8,10.5,375,0.0,0.0,0,0.0,0.0,0,383243.00,0.00,0.00,197,12.96,2.73,0.00,-4.1,4.998,4.998,4.998,4.998,24
2022-03-03 21:08:22,3.9,7.3,334,0.0,0.0,0,0.0,0.0,0,383577.00,0.00,0.00,216,12.96,3.01,0.00,-4.1,4.998,4.998,4.998,4.998,239
2022-03-03 21:09:22,2.8,6.5,209,0.0,0.0,0,0.0,0.0,0,383786.00,0.00,0.00,239,12.96,3.32,0.00,-4.1,4.998,4.998,4.998,4.998,147
2022-03-03 21:10:22,5.8,8.3,335,0.0,0.0,0,0.0,0.0,0,384121.00,0.00,0.00,209,12.96,2.90,0.00,-4.1,4.998,4.998,4.998,4.998,160
2022-03-03 21:11:22,5.7,6.8,261,0.0,0.0,0,0.0,0.0,0,384382.00,0.00,0.00,183,12.96,2.54,0.00,-4.1,4.998,4.998,4.998,4.998,177
2022-03-03 21:12:22,2.1,5.6,143,0.0,0.0,0,0.0,0.0,0,384525.00,0.00,0.00,207,12.96,2.88,0.00,-4.1,4.998,4.998,4.998,4.998,78
2022-03-03 21:13:22,5.1,6.3,245,0.0,0.0,0,0.0,0.0,0,384770.00,0.00,0.00,186,12.96,2.59,0.00,-4.5,4.998,4.998,4.998,4.998,60
2022-03-03 21:14:22,10.2,10.2,420,0.0,0.0,0,0.0,0.0,0,385190.00,0.00,0.00,196,12.96,2.72,0.00,-4.1,4.998,4.998,4.998,4.998,204
2022-03-03 21:15:22,7.2,11.0,499,0.0,0.0,0,0.0,0.0,0,385689.00,0.00,0.00,188,12.96,2.61,0.00,-4.1,4.998,4.998,4.998,4.998,74
2022-03-03 21:16:22,5.4,8.6,368,0.0,0.0,0,0.0,0.0,0,386057.00,0.00,0.00,164,12.96,2.29,0.00,-4.1,4.998,4.998,4.998,4.998,125
2022-03-03 21:17:22,3.2,5.9,273,0.0,0.0,0,0.0,0.0,0,386330.00,0.00,0.00,193,12.96,2.68,0.00,-4.1,4.998,4.998,4.998,4.998,42
2022-03-03 21:18:22,2.9,6.4,272,0.0,0.0,0,0.0,0.0,0,386602.00,0.00,0.00,209,12.96,2.90,0.00,-4.1,4.998,4.998,4.998,4.998,127
2022-03-03 21:19:22,4.5,5.6,200,0.0,0.0,0,0.0,0.0,0,386802.00,0.00,0.00,251,12.96,3.48,0.00,-4.1,4.998,4.998,4.998,4.998,89
2022-03-03 21:20:22,6.2,10.6,404,0.0,0.0,0,0.0,0.0,0,387206.00,0.00,0.00,186,12.96,2.58,0.00,-4.1,4.998,4.998,4.998,4.998,120
2022-03-03 21:21:22,5.8,6.7,295,0.0,0.0,0,0.0,0.0,0,387501.00,0.00,0.00,215,12.96,2.98,0.00,-4.1,4.998,4.998,4.998,4.998,159
2022-03-03 21:22:22,5.4,9.0,311,0.0,0.0,0,0.0,0.0,0,387812.00,0.00,0.00,189,12.96,2.62,0.00,-4.1,4.998,4.998,4.998,4.998,45
2022-03-03 21:23:22,8.6,10.7,407,0.0,0.0,0,0.0,0.0,0,388219.00,0.00,0.00,223,12.96,3.11,0.00,-4.1,4.998,4.998,4.998,4.998,136
2022-03-03 21:24:22,5.8,9.1,391,0.0,0.0,0,0.0,0.0,0,388610.00,0.00,0.00,217,12.96,3.01,0.00,-4.1,4.998,4.998,4.998,4.998,65
2022-03-03 21:25:22,4.3,7.2,329,0.0,0.0,0,0.0,0.0,0,388939.00,0.00,0.00,202,12.96,2.80,0.00,-4.1,4.998,4.998,4.998,4.998,248
2022-03-03 21:26:22,4.4,8.2,309,0.0,0.0,0,0.0,0.0,0,389248.00,0.00,0.00,182,12.96,2.52,0.00,-4.1,4.998,4.998,4.998,4.998,17
2022-03-03 21:27:22,3.9,6.4,256,0.0,0.0,0,0.0,0.0,0,389504.00,0.00,0.00,219,12.96,3.05,0.00,-4.1,4.998,4.998,4.998,4.998,27
2022-03-03 21:28:22,5.7,5.9,273,0.0,0.0,0,0.0,0.0,0,389777.00,0.00,0.00,230,12.96,3.19,0.00,-4.1,4.998,4.998,4.998,4.998,247
2022-03-03 21:29:22,4.5,10.0,365,0.0,0.0,0,0.0,0.0,0,390142.00,0.00,0.00,236,12.96,3.28,0.00,-4.5,4.998,4.998,4.998,4.998,43
2022-03-03 21:30:22,5.8,6.5,252,0.0,0.0,0,0.0,0.0,0,390394.00,0.00,0.00,198,12.96,2.76,0.00,-4.5,4.998,4.998,4.998,4.998,173
2022-03-03 21:31:22,6.5,13.5,504,0.0,0.0,0,0.0,0.0,0,390898.00,0.00,0.00,222,12.96,3.09,0.00,-4.1,4.998,4.998,4.998,4.998,142
2022-03-03 21:32:22,6.4,8.2,346,0.0,0.0,0,0.0,0.0,0,391244.00,0.00,0.00,245,12.96,3.41,0.00,-4.1,4.998,4.998,4.998,4.998,110
2022-03-03 21:33:22,7.6,8.7,364,0.0,0.0,0,0.0,0.0,0,391608.00,0.00,0.00,224,12.96,3.12,0.00,-4.1,4.998,4.998,4.998,4.998,97
2022-03-03 21:34:22,4.6,8.8,284,0.0,0.0,0,0.0,0.0,0,391892.00,0.00,0.00,198,12.96,2.75,0.00,-4.1,4.998,4.998,4.998,4.998,225
2022-03-03 21:35:22,4.3,7.0,280,0.0,0.0,0,0.0,0.0,0,392172.00,0.00,0.00,177,12.92,2.46,0.00,-4.5,4.998,4.998,4.998,4.998,47
2022-03-03 21:36:22,5.0,9.4,400,0.0,0.0,0,0.0,0.0,0,392572.00,0.00,0.00,210,12.96,2.92,0.00,-4.1,4.998,4.998,4.998,4.998,97
2022-03-03 21:37:22,7.8,15.0,601,0.0,0.0,0,0.0,0.0,0,393173.00,0.00,0.00,229,12.96,3.18,0.00,-4.1,4.998,4.998,4.998,4.998,182
2022-03-03 21:38:22,5.4,9.5,387,0.0,0.0,0,0.0,0.0,0,393560.00,0.00,0.00,206,12.96,2.87,0.00,-4.1,4.998,4.998,4.998,4.998,144
2022-03-03 21:39:22,4.4,7.0,268,0.0,0.0,0,0.0,0.0,0,393828.00,0.00,0.00,230,12.96,3.20,0.00,-4.5,4.998,4.998,4.998,4.998,248
2022-03-03 21:40:22,5.6,10.7,369,0.0,0.0,0,0.0,0.0,0,394197.00,0.00,0.00,228,12.96,3.17,0.00,-4.1,4.998,4.998,4.998,4.998,7
2022-03-03 21:41:22,2.9,10.2,388,0.0,0.0,0,0.0,0.0,0,394585.00,0.00,0.00,208,12.96,2.89,0.00,-4.5,4.998,4.998,4.998,4.998,33
2022-03-03 21:42:22,5.2,7.4,264,0.0,0.0,0,0.0,0.0,0,394849.00,0.00,0.00,191,12.96,2.65,0.00,-4.1,4.998,4.998,4.998,4.998,152
2022-03-03 21:43:22,8.3,9.5,414,0.0,0.0,0,0.0,0.0,0,395263.00,0.00,0.00,230,12.96,3.20,0.00,-4.5,4.998,4.998,4.998,4.998,104
2022-03-03 21:44:22,8.5,9.0,371,0.0,0.0,0,0.0,0.0,0,395634.00,0.00,0.00,212,12.96,2.94,0.00,-4.1,4.998,4.998,4.998,4.998,32
2022-03-03 21:45:22,5.5,9.2,406,0.0,0.0,0,0.0,0.0,0,396040.00,0.00,0.00,207,12.96,2.87,0.00,-4.1,4.998,4.998,4.998,4.998,38
2022-03-03 21:46:22,4.2,6.8,322,0.0,0.0,0,0.0,0.0,0,396362.00,0.00,0.00,240,12.92,3.33,0.00,-4.1,4.998,4.998,4.998,4.998,187
2022-03-03 21:47:22,4.2,8.2,294,0.0,0.0,0,0.0,0.0,0,396656.00,0.00,0.00,213,12.92,2.96,0.00,-4.1,4.998,4.998,4.998,4.998,68
2022-03-03 21:48:22,4.4,7.5,337,0.0,0.0,0,0.0,0.0,0,396993.00,0.00,0.00,185,12.96,2.58,0.00,-4.1,4.998,4.998,4.998,4.998,66
2022-03-03 21:49:22,8.5,8.9,263,0.0,0.0,0,0.0,0.0,0,397256.00,0.00,0.00,233,12.96,3.24,0.00,-4.5,4.998,4.998,4.998,4.998,83
2022-03-03 21:50:22,7.4,8.6,264,0.0,0.0,0,0.0,0.0,0,397520.00,0.00,0.00,211,12.96,2.94,0.00,-4.5,4.998,4.998,4.998,4.998,117
2022-03-03 21:51:22,5.5,8.9,390,0.0,0.0,0,0.0,0.0,0,397910.00,0.00,0.00,226,12.96,3.13,0.00,-4.1,4.998,4.998,4.998,4.998,152
2022-03-03 21:52:22,5.8,7.2,303,0.0,0.0,0,0.0,0.0,0,398213.00,0.00,0.00,197,12.92,2.74,0.00,-4.5,4.998,4.998,4.998,4.998,80
2022-03-03 21:53:22,5.2,6.3,259,0.0,0.0,0,0.0,0.0,0,398472.00,0.00,0.00,219,12.96,3.04,0.00,-4.5,4.998,4.998,4.998,4.998,43
2022-03-03 21:54:22,4.1,5.4,221,0.0,0.0,0,0.0,0.0,0,398693.00,0.00,0.00,222,12.92,3.09,0.00,-4.5,4.998,4.998,4.998,4.998,62
2022-03-03 21:55:22,4.2,6.6,269,0.0,0.0,0,0.0,0.0,0,398962.00,0.00,0.00,198,12.96,2.75,0.00,-4.5,4.998,4.998,4.998,4.998,170
2022-03-03 21:56:22,4.7,5.0,169,0.0,0.0,0,0.0,0.0,0,399131.00,0.00,0.00,213,12.92,2.96,0.00,-4.5,4.998,4.998,4.998,4.998,240
2022-03-03 21:57:22,4.7,7.4,267,0.0,0.0,0,0.0,0.0,0,399398.00,0.00,0.00,185,12.96,2.57,0.00,-4.1,4.998,4.998,4.998,4.998,105
2022-03-03 21:58:22,5.6,12.5,382,0.0,0.0,0,0.0,0.0,0,399780.00,0.00,0.00,218,12.92,3.03,0.00,-4.1,4.998,4.998,4.998,4.998,50
2022-03-03 21:59:22,6.1,8.9,309,0.0,0.0,0,0.0,0.0,0,400089.00,0.00,0.00,219,12.92,3.05,0.00,-4.5,4.998,4.998,4.998,4.998,165
2022-03-03 22:00:22,4.2,8.8,290,0.0,0.0,0,0.0,0.0,0,400379.00,0.00,0.00,208,12.92,2.90,0.00,-4.5,4.998,4.998,4.998,4.998,172
2022-03-03 22:01:22,5.1,10.4,390,0.0,0.0,0,0.0,0.0,0,400769.00,0.00,0.00,190,12.96,2.64,0.00,-4.1,4.998,4.998,4.998,4.998,254
2022-03-03 22:02:22,4.8,6.8,280,0.0,0.0,0,0.0,0.0,0,401049.00,0.00,0.00,197,12.96,2.73,0.00,-4.5,4.998,4.998,4.998,4.998,116
2022-03-03 22:03:22,4.7,9.4,378,0.0,0.0,0,0.0,0.0,0,401427.00,0.00,0.00,207,12.92,2.88,0.00,-4.1,4.998,4.998,4.998,4.998,219
2022-03-03 22:04:22,5.1,6.7,304,0.0,0.0,0,0.0,0.0,0,401731.00,0.00,0.00,201,12.92,2.80,0.00,-4.5,4.998,4.998,4.998,4.998,101
2022-03-03 22:05:22,3.2,6.5,217,0.0,0.0,0,0.0,0.0,0,401948.00,0.00,0.00,245,12.92,3.40,0.00,-4.5,4.998,4.998,4.998,4.998,14
2022-03-03 22:06:22,2.6,6.5,259,0.0,0.0,0,0.0,0.0,0,402207.00,0.00,0.00,197,12.92,2.74,0.00,-4.1,4.998,4.998,4.998,4.998,210
2022-03-03 22:07:22,3.6,6.5,233,0.0,0.0,0,0.0,0.0,0,402440.00,0.00,0.00,220,12.92,3.05,0.00,-4.1,4.998,4.998,4.998,4.998,137
2022-03-03 22:08:22,8.9,8.9,258,0.0,0.0,0,0.0,0.0,0,402698.00,0.00,0.00,190,12.96,2.64,0.00,-4.5,4.998,4.998,4.998,4.998,154
2022-03-03 22:09:22,5.0,8.7,371,0.0,0.0,0,0.0,0.0,0,403069.00,0.00,0.00,228,12.96,3.16,0.00,-4.5,4.998,4.998,4.998,4.998,92
2022-03-03 22:10:22,3.1,7.6,267,0.0,0.0,0,0.0,0.0,0,403336.00,0.00,0.00,198,12.92,2.75,0.00,-4.5,4.998,4.998,4.998,4.998,231
2022-03-03 22:11:22,5.9,10.8,360,0.0,0.0,0,0.0,0.0,0,403696.00,0.00,0.00,223,12.92,3.10,0.00,-4.1,4.998,4.998,4.998,4.998,133
2022-03-03 22:12:22,4.3,7.1,236,0.0,0.0,0,0.0,0.0,0,403932.00,0.00,0.00,229,12.96,3.19,0.00,-4.5,4.998,4.998,4.998,4.998,5
2022-03-03 22:13:22,2.4,8.6,261,0.0,0.0,0,0.0,0.0,0,404193.00,0.00,0.00,229,12.96,3.18,0.00,-4.5,4.998,4.998,4.998,4.998,48
2022-03-03 22:14:22,3.6,5.3,194,0.0,0.0,0,0.0,0.0,0,404387.00,0.00,0.00,224,12.92,3.11,0.00,-4.5,4.998,4.998,4.998,4.998,191
2022-03-03 22:15:22,5.7,7.0,296,0.0,0.0,0,0.0,0.0,0,404683.00,0.00,0.00,197,12.96,2.73,0.00,-4.5,4.998,4.998,4.998,4.998,20
2022-03-03 22:16:22,4.2,8.0,293,0.0,0.0,0,0.0,0.0,0,404976.00,0.00,0.00,200,12.96,2.78,0.00,-4.5,4.998,4.998,4.998,4.998,171
2022-03-03 22:17:22,4.4,9.6,367,0.0,0.0,0,0.0,0.0,0,405343.00,0.00,0.00,204,12.92,2.83,0.00,-4.5,4.998,4.998,4.998,4.998,227
2022-03-03 22:18:22,4.4,6.7,264,0.0,0.0,0,0.0,0.0,0,405607.00,0.00,0.00,199,12.96,2.77,0.00,-4.5,4.998,4.998,4.998,4.998,101
2022-03-03 22:19:22,5.7,7.2,298,0.0,0.0,0,0.0,0.0,0,405905.00,0.00,0.00,200,12.92,2.78,0.00,-4.1,4.998,4.998,4.998,4.998,48
2022-03-03 22:20:22,4.9,6.8,336,0.0,0.0,0,0.0,0.0,0,406241.00,0.00,0.00,195,12.92,2.71,0.00,-4.5,4.998,4.998,4.998,4.998,253
2022-03-03 22:21:22,3.0,5.0,216,0.0,0.0,0,0.0,0.0,0,406457.00,0.00,0.00,210,12.92,2.92,0.00,-4.5,4.998,4.998,4.998,4.998,140
2022-03-03 22:22:22,3.5,5.3,193,0.0,0.0,0,0.0,0.0,0,406650.00,0.00,0.00,204,12.92,2.84,0.00,-4.5,4.998,4.998,4.998,4.998,233
2022-03-03 22:23:22,5.4,5.9,242,0.0,0.0,0,0.0,0.0,0,406892.00,0.00,0.00,225,12.92,3.12,0.00,-4.5,4.998,4.998,4.998,4.998,17
2022-03-03 22:24:22,4.2,8.5,274,0.0,0.0,0,0.0,0.0,0,407166.00,0.00,0.00,219,12.92,3.04,0.00,-4.5,4.998,4.998,4.998,4.998,147
2022-03-03 22:25:22,5.8,6.9,315,0.0,0.0,0,0.0,0.0,0,407481.00,0.00,0.00,221,12.92,3.07,0.00,-4.5,4.998,4.998,4.998,4.998,63
2022-03-03 22:26:22,4.7,6.4,288,0.0,0.0,0,0.0,0.0,0,407769.00,0.00,0.00,206,12.96,2.87,0.00,-4.5,4.998,4.998,4.998,4.998,234
2022-03-03 22:27:22,3.7,5.1,204,0.0,0.0,0,0.0,0.0,0,407973.00,0.00,0.00,207,12.96,2.87,0.00,-4.5,4.998,4.998,4.998,4.998,174
2022-03-03 22:28:22,3.9,8.2,314,0.0,0.0,0,0.0,0.0,0,408287.00,0.00,0.00,217,12.92,3.02,0.00,-4.5,4.998,4.998,4.998,4.998,174
2022-03-03 22:29:22,4.0,7.3,267,0.0,0.0,0,0.0,0.0,0,408554.00,0.00,0.00,205,12.92,2.85,0.00,-4.5,4.998,4.998,4.998,4.998,173
2022-03-03 22:30:22,5.3,8.5,320,0.0,0.0,0,0.0,0.0,0,408874.00,0.00,0.00,226,12.92,3.14,0.00,-4.5,4.998,4.998,4.998,4.998,218
2022-03-03 22:31:22,5.7,8.0,304,0.0,0.0,0,0.0,0.0,0,409178.00,0.00,0.00,197,12.92,2.73,0.00,-4.5,4.998,4.998,4.998,4.998,18
2022-03-03 22:32:22,5.0,8.1,345,0.0,0.0,0,0.0,0.0,0,409523.00,0.00,0.00,199,12.96,2.77,0.00,-4.5,4.998,4.998,4.998,4.998,61
2022-03-03 22:33:22,4.7,7.0,296,0.0,0.0,0,0.0,0.0,0,409819.00,0.00,0.00,228,12.96,3.17,0.00,-4.5,4.998,4.998,4.998,4.998,97
2022-03-03 22:34:22,6.9,9.9,374,0.0,0.0,0,0.0,0.0,0,410193.00,0.00,0.00,189,12.92,2.63,0.00,-4.5,4.998,4.998,4.998,4.998,242
2022-03-03 22:35:22,2.9,9.5,315,0.0,0.0,0,0.0,0.0,0,410508.00,0.00,0.00,215,12.92,2.98,0.00,-4.5,4.998,4.998,4.998,4.998,220
2022-03-03 22:36:22,4.3,7.7,338,0.0,0.0,0,0.0,0.0,0,410846.00,0.00,0.00,214,12.92,2.97,0.00,-4.5,4.998,4.998,4.998,4.998,97
2022-03-03 22:37:22,4.5,8.8,334,0.0,0.0,0,0.0,0.0,0,411180.00,0.00,0.00,221,12.92,3.08,0.00,-5.0,4.998,4.998,4.998,4.998,13
2022-03-03 22:38:22,6.5,6.9,221,0.0,0.0,0,0.0,0.0,0,411401.00,0.00,0.00,203,12.92,2.82,0.00,-4.5,4.998,4.998,4.998,4.998,148
2022-03-03 22:39:22,3.5,8.1,327,0.0,0.0,0,0.0,0.0,0,411728.00,0.00,0.00,217,12.92,3.02,0.00,-4.5,4.998,4.998,4.998,4.998,96
2022-03-03 22:40:22,4.8,7.5,273,0.0,0.0,0,0.0,0.0,0,412001.00,0.00,0.00,200,12.92,2.77,0.00,-4.5,4.998,4.998,4.998,4.998,141
2022-03-03 22:41:22,3.7,6.9,268,0.0,0.0,0,0.0,0.0,0,412269.00,0.00,0.00,211,12.92,2.93,0.00,-4.5,4.998,4.998,4.998,4.998,194
2022-03-03 22:42:22,3.3,8.5,247,0.0,0.0,0,0.0,0.0,0,412516.00,0.00,0.00,198,12.96,2.76,0.00,-4.5,4.998,4.998,4.998,4.998,155
2022-03-03 22:43:22,2.8,4.3,173,0.0,0.0,0,0.0,0.0,0,412689.00,0.00,0.00,194,12.92,2.70,0.00,-5.0,4.998,4.998,4.998,4.998,220
2022-03-03 22:44:22,6.0,7.8,369,0.0,0.0,0,0.0,0.0,0,413058.00,0.00,0.00,191,12.92,2.66,0.00,-5.0,4.998,4.998,4.998,4.998,32
2022-03-03 22:45:22,4.8,7.9,370,0.0,0.0,0,0.0,0.0,0,413428.00,0.00,0.00,213,12.92,2.96,0.00,-4.5,4.998,4.998,4.998,4.998,42
2022-03-03 22:46:22,7.6,7.8,300,0.0,0.0,0,0.0,0.0,0,413728.00,0.00,0.00,209,12.92,2.91,0.00,-4.1,4.998,4.998,4.998,4.998,161
2022-03-03 22:47:22,4.6,8.7,350,0.0,0.0,0,0.0,0.0,0,414078.00,0.00,0.00,191,12.92,2.66,0.00,-4.5,4.998,4.998,4.998,4.998,148
2022-03-03 22:48:22,4.8,6.5,309,0.0,0.0,0,0.0,0.0,0,414387.00,0.00,0.00,189,12.92,2.63,0.00,-4.5,4.998,4.998,4.998,4.998,231
2022-03-03 22:49:22,4.6,6.2,272,0.0,0.0,0,0.0,0.0,0,414659.00,0.00,0.00,208,12.92,2.90,0.00,-4.5,4.998,4.998,4.998,4.998,209
2022-03-03 22:50:22,4.8,6.1,275,0.0,0.0,0,0.0,0.0,0,414934.00,0.00,0.00,207,12.92,2.88,0.00,-4.1,4.998,4.998,4.998,4.998,81
2022-03-03 22:51:22,4.5,8.0,302,0.0,0.0,0,0.0,0.0,0,415236.00,0.00,0.00,226,12.92,3.14,0.00,-4.1,4.998,4.998,4.998,4.998,226
2022-03-03 22:52:22,3.3,6.2,235,0.0,0.0,0,0.0,0.0,0,415471.00,0.00,0.00,229,12.92,3.18,0.00,-4.5,4.998,4.998,4.998,4.998,23
2022-03-03 22:53:22,4.7,6.3,263,0.0,0.0,0,0.0,0.0,0,415734.00,0.00,0.00,181,12.92,2.52,0.00,-4.5,4.998,4.998,4.998,4.998,147
2022-03-03 22:54:22,5.5,5.7,162,0.0,0.0,0,0.0,0.0,0,415896.00,0.00,0.00,233,12.92,3.23,0.00,-4.5,4.998,4.998,4.998,4.998,167
2022-03-03 22:55:22,4.1,5.6,233,0.0,0.0,0,0.0,0.0,0,416129.00,0.00,0.00,228,12.92,3.16,0.00,-5.0,4.998,4.998,4.998,4.998,195
2022-03-03 22:56:22,2.7,5.2,209,0.0,0.0,0,0.0,0.0,0,416338.00,0.00,0.00,222,12.92,3.09,0.00,-4.5,4.998,4.998,4.998,4.998,27
2022-03-03 22:57:22,4.0,4.5,173,0.0,0.0,0,0.0,0.0,0,416511.00,0.00,0.00,216,12.92,3.01,0.00,-5.0,4.998,4.998,4.998,4.998,2
2022-03-03 22:58:22,3.4,7.3,290,0.0,0.0,0,0.0,0.0,0,416801.00,0.00,0.00,209,12.92,2.91,0.00,-4.5,4.998,4.998,4.998,4.998,100
2022-03-03 22:59:22,3.1,5.4,202,0.0,0.0,0,0.0,0.0,0,417003.00,0.00,0.00,216,12.92,3.00,0.00,-4.5,4.998,4.998,4.998,4.998,2
2022-03-03 23:00:22,3.4,4.5,135,0.0,0.0,0,0.0,0.0,0,417138.00,0.00,0.00,199,12.92,2.76,0.00,-4.5,4.998,4.998,4.998,4.998,178
2022-03-03 23:01:22,5.7,8.7,335,0.0,0.0,0,0.0,0.0,0,417473.00,0.00,0.00,201,12.92,2.79,0.00,-4.1,4.998,4.998,4.998,4.998,230
2022-03-03 23:02:22,4.7,11.7,431,0.0,0.0,0,0.0,0.0,0,417904.00,0.00,0.00,215,12.92,2.98,0.00,-4.1,4.998,4.998,4.998,4.998,33
2022-03-03 23:03:22,3.2,6.3,242,0.0,0.0,0,0.0,0.0,0,418146.00,0.00,0.00,223,12.92,3.10,0.00,-4.1,4.998,4.998,4.998,4.998,18
2022-03-03 23:04:22,4.0,6.4,252,0.0,0.0,0,0.0,0.0,0,418398.00,0.00,0.00,203,12.92,2.82,0.00,-4.1,4.998,4.998,4.998,4.998,128
2022-03-03 23:05:22,4.7,8.6,322,0.0,0.0,0,0.0,0.0,0,418720.00,0.00,0.00,220,12.92,3.05,0.00,-4.1,4.998,4.998,4.998,4.998,95
2022-03-03 23:06:22,7.4,7.4,193,0.0,0.0,0,0.0,0.0,0,418913.00,0.00,0.00,202,12.92,2.81,0.00,-4.1,4.998,4.998,4.998,4.998,85
2022-03-03 23:07:22,4.8,12.1,466,0.0,0.0,0,0.0,0.0,0,419379.00,0.00,0.00,223,12.92,3.10,0.00,-4.1,4.998,4.998,4.998,4.998,182
2022-03-03 23:08:22,5.1,9.1,333,0.0,0.0,0,0.0,0.0,0,419712.00,0.00,0.00,199,12.92,2.76,0.00,-4.1,4.998,4.998,4.998,4.998,69
2022-03-03 23:09:22,3.5,7.2,297,0.0,0.0,0,0.0,0.0,0,420009.00,0.00,0.00,228,12.92,3.17,0.00,-4.1,4.998,4.998,4.998,4.998,73
2022-03-03 23:10:22,3.8,5.2,167,0.0,0.0,0,0.0,0.0,0,420176.00,0.00,0.00,229,12.92,3.19,0.00,-4.1,4.998,4.998,4.998,4.998,90
2022-03-03 23:11:22,6.4,9.5,308,0.0,0.0,0,0.0,0.0,0,420484.00,0.00,0.00,247,12.92,3.44,0.00,-4.1,4.998,4.998,4.998,4.998,126
2022-03-03 23:12:22,2.7,7.4,270,0.0,0.0,0,0.0,0.0,0,420754.00,0.00,0.00,221,12.92,3.08,0.00,-4.1,4.998,4.998,4.998,4.998,147
2022-03-03 23:13:22,3.9,6.1,269,0.0,0.0,0,0.0,0.0,0,421023.00,0.00,0.00,191,12.92,2.66,0.00,-4.1,4.998,4.998,4.998,4.998,169
2022-03-03 23:14:22,3.8,6.2,198,0.0,0.0,0,0.0,0.0,0,421221.00,0.00,0.00,234,12.89,3.25,0.00,-4.1,4.998,4.998,4.998,4.998,128
2022-03-03 23:15:22,6.0,6.5,275,0.0,0.0,0,0.0,0.0,0,421496.00,0.00,0.00,237,12.92,3.30,0.00,-4.1,4.998,4.998,4.998,4.998,241
2022-03-03 23:16:22,5.1,7.2,309,0.0,0.0,0,0.0,0.0,0,421805.00,0.00,0.00,204,12.92,2.83,0.00,-4.1,4.998,4.998,4.998,4.998,235
2022-03-03 23:17:22,4.0,8.8,344,0.0,0.0,0,0.0,0.0,0,422149.00,0.00,0.00,230,12.89,3.19,0.00,-4.1,4.998,4.998,4.998,4.998,189
2022-03-03 23:18:22,3.5,5.4,185,0.0,0.0,0,0.0,0.0,0,422334.00,0.00,0.00,211,12.92,2.93,0.00,-4.1,4.998,4.998,4.998,4.998,194
2022-03-03 23:19:22,3.9,7.6,270,0.0,0.0,0,0.0,0.0,0,422604.00,0.00,0.00,234,12.92,3.25,0.00,-4.1,4.998,4.998,4.998,4.998,244
2022-03-03 23:20:22,8.8,10.9,397,0.0,0.0,0,0.0,0.0,0,423001.00,0.00,0.00,232,12.92,3.22,0.00,-3.6,4.998,4.998,4.998,4.998,6
2022-03-03 23:21:22,7.1,10.3,372,0.0,0.0,0,0.0,0.0,0,423373.00,0.00,0.00,215,12.92,2.98,0.00,-3.6,4.998,4.998,4.998,4.998,80
2022-03-03 23:22:22,5.5,8.8,353,0.0,0.0,0,0.0,0.0,0,423726.00,0.00,0.00,239,12.89,3.33,0.00,-4.1,4.998,4.998,4.998,4.998,97
2022-03-03 23:23:22,7.6,9.4,341,0.0,0.0,0,0.0,0.0,0,424067.00,0.00,0.00,247,12.92,3.44,0.00,-3.6,4.998,4.998,4.998,4.998,58
2022-03-03 23:24:22,7.4,8.1,353,0.0,0.0,0,0.0,0.0,0,424420.00,0.00,0.00,204,12.92,2.84,0.00,-3.6,4.998,4.998,4.998,4.998,166
2022-03-03 23:25:22,3.8,8.2,329,0.0,0.0,0,0.0,0.0,0,424749.00,0.00,0.00,227,12.92,3.15,0.00,-3.6,4.998,4.998,4.998,4.998,250
2022-03-03 23:26:22,7.3,9.7,365,0.0,0.0,0,0.0,0.0,0,425114.00,0.00,0.00,237,12.89,3.30,0.00,-3.6,4.998,4.998,4.998,4.998,139
2022-03-03 23:27:22,7.4,8.4,301,0.0,0.0,0,0.0,0.0,0,425415.00,0.00,0.00,228,12.92,3.17,0.00,-3.6,4.998,4.998,4.998,4.998,75
2022-03-03 23:28:22,4.1,9.7,358,0.0,0.0,0,0.0,0.0,0,425773.00,0.00,0.00,222,12.89,3.09,0.00,-3.6,4.998,4.998,4.998,4.998,193
2022-03-03 23:29:22,3.3,5.7,222,0.0,0.0,0,0.0,0.0,0,425995.00,0.00,0.00,218,12.92,3.03,0.00,-4.1,4.998,4.998,4.998,4.998,51
2022-03-03 23:30:22,2.8,4.0,142,0.0,0.0,0,0.0,0.0,0,426137.00,0.00,0.00,215,12.92,2.98,0.00,-4.1,4.998,4.998,4.998,4.998,89
2022-03-03 23:31:22,4.9,6.5,231,0.0,0.0,0,0.0,0.0,0,426368.00,0.00,0.00,219,12.92,3.04,0.00,-4.1,4.998,4.998,4.998,4.998,105
2022-03-03 23:32:22,5.9,9.2,393,0.0,0.0,0,0.0,0.0,0,426761.00,0.00,0.00,211,12.89,2.93,0.00,-3.6,4.998,4.998,4.998,4.998,15
2022-03-03 23:33:22,2.9,6.2,171,0.0,0.0,0,0.0,0.0,0,426932.00,0.00,0.00,229,12.89,3.18,0.00,-4.1,4.998,4.998,4.998,4.998,101
2022-03-03 23:34:22,4.6,8.5,306,0.0,0.0,0,0.0,0.0,0,427238.00,0.00,0.00,209,12.92,2.90,0.00,-4.1,4.998,4.998,4.998,4.998,216
2022-03-03 23:35:22,4.4,8.6,357,0.0,0.0,0,0.0,0.0,0,427595.00,0.00,0.00,218,12.92,3.03,0.00,-4.1,4.998,4.998,4.998,4.998,90
2022-03-03 23:36:22,3.9,6.8,287,0.0,0.0,0,0.0,0.0,0,427882.00,0.00,0.00,201,12.92,2.79,0.00,-3.6,4.998,4.998,4.998,4.998,9
2022-03-03 23:37:22,4.1,9.9,328,0.0,0.0,0,0.0,0.0,0,428210.00,0.00,0.00,227,12.89,3.15,0.00,-4.1,4.998,4.998,4.998,4.998,202
2022-03-03 23:38:22,5.1,9.0,374,0.0,0.0,0,0.0,0.0,0,428584.00,0.00,0.00,245,12.92,3.40,0.00,-4.1,4.998,4.998,4.998,4.998,169
2022-03-03 23:39:22,3.8,7.4,222,0.0,0.0,0,0.0,0.0,0,428806.00,0.00,0.00,236,12.92,3.28,0.00,-3.6,4.998,4.998,4.998,4.998,98
2022-03-03 23:40:22,4.6,7.0,286,0.0,0.0,0,0.0,0.0,0,429092.00,0.00,0.00,242,12.92,3.37,0.00,-4.1,4.998,4.998,4.998,4.998,163
2022-03-03 23:41:22,3.3,5.6,171,0.0,0.0,0,0.0,0.0,0,429263.00,0.00,0.00,234,12.92,3.25,0.00,-4.1,4.998,4.998,4.998,4.998,26
2022-03-03 23:42:22,5.6,8.6,316,0.0,0.0,0,0.0,0.0,0,429579.00,0.00,0.00,217,12.89,3.02,0.00,-4.1,4.998,4.998,4.998,4.998,2
2022-03-03 23:43:22,8.1,10.2,357,0.0,0.0,0,0.0,0.0,0,429936.00,0.00,0.00,250,12.89,3.47,0.00,-3.6,4.998,4.998,4.998,4.998,14
2022-03-03 23:44:22,3.1,12.4,491,0.0,0.0,0,0.0,0.0,0,430427.00,0.00,0.00,208,12.92,2.89,0.00,-3.6,4.998,4.998,4.998,4.998,204
2022-03-03 23:45:22,7.2,8.1,287,0.0,0.0,0,0.0,0.0,0,430714.00,0.00,0.00,254,12.92,3.54,0.00,-4.1,4.998,4.998,4.998,4.998,217
2022-03-03 23:46:22,8.9,11.1,451,0.0,0.0,0,0.0,0.0,0,431165.00,0.00,0.00,216,12.89,3.00,0.00,-3.6,4.998,4.998,4.998,4.998,83
2022-03-03 23:47:22,4.6,12.9,527,0.0,0.0,0,0.0,0.0,0,431692.00,0.00,0.00,228,12.89,3.16,0.00,-3.6,4.998,4.998,4.998,4.998,66
2022-03-03 23:48:22,4.8,7.5,276,0.0,0.0,0,0.0,0.0,0,431968.00,0.00,0.00,240,12.92,3.34,0.00,-4.1,4.998,4.998,4.998,4.998,158
2022-03-03 23:49:22,4.1,7.8,304,0.0,0.0,0,0.0,0.0,0,432272.00,0.00,0.00,214,12.89,2.98,0.00,-3.6,4.998,4.998,4.998,4.998,153
2022-03-03 23:50:22,10.4,12.6,460,0.0,0.0,0,0.0,0.0,0,432732.00,0.00,0.00,257,12.89,3.57,0.00,-4.1,4.998,4.998,4.998,4.998,78
2022-03-03 23:51:22,7.3,11.5,547,0.0,0.0,0,0.0,0.0,0,433279.00,0.00,0.00,241,12.89,3.35,0.00,-3.6,4.998,4.998,4.998,4.998,250
2022-03-03 23:52:22,7.9,11.5,393,0.0,0.0,0,0.0,0.0,0,433672.00,0.00,0.00,203,12.92,2.82,0.00,-4.1,4.998,4.998,4.998,4.998,115
2022-03-03 23:53:22,5.7,11.9,481,0.0,0.0,0,0.0,0.0,0,434153.00,0.00,0.00,217,12.89,3.02,0.00,-3.6,4.998,4.998,4.998,4.998,94
2022-03-03 23:54:22,7.1,11.5,394,0.0,0.0,0,0.0,0.0,0,434547.00,0.00,0.00,227,12.92,3.16,0.00,-4.1,4.998,4.998,4.998,4.998,132
2022-03-03 23:55:22,8.4,9.9,389,0.0,0.0,0,0.0,0.0,0,434936.00,0.00,0.00,201,12.92,2.80,0.00,-3.6,4.998,4.998,4.998,4.998,37
2022-03-03 23:56:22,5.5,9.3,355,0.0,0.0,0,0.0,0.0,0,435291.00,0.00,0.00,239,12.92,3.32,0.00,-4.1,4.998,4.998,4.998,4.998,203
2022-03-03 23:57:22,9.1,10.4,385,0.0,0.0,0,0.0,0.0,0,435676.00,0.00,0.00,238,12.89,3.31,0.00,-4.1,4.998,4.998,4.998,4.998,228
2022-03-03 23:58:22,6.9,10.4,431,0.0,0.0,0,0.0,0.0,0,436107.00,0.00,0.00,230,12.89,3.19,0.00,-4.1,4.998,4.998,4.998,4.998,68
2022-03-03 23:59:22,10.4,11.2,430,0.0,0.0,0,0.0,0.0,0,436537.00,0.00,0.00,238,12.89,3.30,0.00,-3.6,4.998,4.998,4.998,4.998,252
