2022-02-23 00:00:22,1.5,2.8,77,0.0,0.0,0,0.0,0.0,0,77.00,0.00,0.00,321,12.77,4.46,0.00,-12.8,4.998,4.998,4.998,4.998,177
2022-02-23 00:01:22,2.7,5.3,174,0.0,0.0,0,0.0,0.0,0,251.00,0.00,0.00,328,12.77,4.56,0.00,-12.4,4.998,4.998,4.998,4.998,149
2022-02-23 00:02:22,2.9,3.8,129,0.0,0.0,0,0.0,0.0,0,380.00,0.00,0.00,328,12.77,4.55,0.00,-12.4,4.998,4.998,4.998,4.998,75
2022-02-23 00:03:22,3.9,10.2,316,0.0,0.0,0,0.0,0.0,0,696.00,0.00,0.00,319,12.77,4.43,0.00,-11.9,4.998,4.998,4.998,4.998,119
2022-02-23 00:04:22,0.0,4.9,141,0.0,0.0,0,0.0,0.0,0,837.00,0.00,0.00,320,12.77,4.44,0.00,-12.4,4.998,4.998,4.998,4.998,231
2022-02-23 00:05:22,0.0,0.0,0,0.0,0.0,0,0.0,0.0,0,837.00,0.00,0.00,320,12.77,4.44,0.00,-12.4,4.998,4.998,4.998,4.998,203
2022-02-23 00:06:22,0.0,0.0,0,0.0,0.0,0,0.0,0.0,0,837.00,0.00,0.00,319,12.77,4.44,0.00,-13.3,4.998,4.998,4.998,4.998,200
2022-02-23 00:07:22,0.0,0.0,0,0.0,0.0,0,0.0,0.0,0,837.00,0.00,0.00,319,12.77,4.44,0.00,-12.8,4.998,4.998,4.998,4.998,111
2022-02-23 00:08:22,0.0,0.0,0,0.0,0.0,0,0.0,0.0,0,837.00,0.00,0.00,320,12.81,4.44,0.00,-12.8,4.998,4.998,4.998,4.998,212
2022-02-23 00:09:22,1.4,2.2,39,0.0,0.0,0,0.0,0.0,0,876.00,0.00,0.00,319,12.77,4.44,0.00,-12.8,4.998,4.998,4.998,4.998,251
2022-02-23 00:10:22,3.9,5.4,173,0.0,0.0,0,0.0,0.0,0,1049.00,0.00,0.00,316,12.77,4.39,0.00,-12.4,4.998,4.998,4.998,4.998,131
2022-02-23 00:11:22,1.4,6.2,185,0.0,0.0,0,0.0,0.0,0,1234.00,0.00,0.00,309,12.77,4.29,0.00,-12.4,4.998,4.998,4.998,4.998,47
2022-02-23 00:12:22,1.7,2.9,93,0.0,0.0,0,0.0,0.0,0,1327.00,0.00,0.00,309,12.81,4.29,0.00,-12.8,4.998,4.998,4.998,4.998,145
2022-02-23 00:13:22,0.0,2.3,51,0.0,0.0,0,0.0,0.0,0,1378.00,0.00,0.00,309,12.77,4.29,0.00,-12.8,4.998,4.998,4.998,4.998,14
2022-02-23 00:14:22,1.8,3.1,64,0.0,0.0,0,0.0,0.0,0,1442.00,0.00,0.00,308,12.77,4.28,0.00,-12.8,4.998,4.998,4.998,4.998,82
2022-02-23 00:15:22,2.6,2.9,84,0.0,0.0,0,0.0,0.0,0,1526.00,0.00,0.00,308,12.77,4.28,0.00,-12.8,4.998,4.998,4.998,4.998,3
2022-02-23 00:16:22,2.5,2.8,93,0.0,0.0,0,0.0,0.0,0,1619.00,0.00,0.00,308,12.77,4.28,0.00,-13.3,4.998,4.998,4.998,4.998,61
2022-02-23 00:17:22,0.0,2.5,54,0.0,0.0,0,0.0,0.0,0,1673.00,0.00,0.00,308,12.77,4.28,0.00,-12.8,4.998,4.998,4.998,4.998,16
2022-02-23 00:18:22,3.0,3.0,91,0.0,0.0,0,0.0,0.0,0,1764.00,0.00,0.00,309,12.77,4.29,0.00,-12.8,4.998,4.998,4.998,4.998,148
2022-02-23 00:19:22,4.1,6.5,288,0.0,0.0,0,0.0,0.0,0,2052.00,0.00,0.00,324,12.77,4.50,0.00,-12.4,4.998,4.998,4.998,4.998,108
2022-02-23 00:20:22,2.0,4.8,149,0.0,0.0,0,0.0,0.0,0,2201.00,0.00,0.00,328,12.77,4.56,0.00,-12.4,4.998,4.998,4.998,4.998,110
2022-02-23 00:21:22,1.6,2.3,49,0.0,0.0,0,0.0,0.0,0,2250.00,0.00,0.00,328,12.77,4.56,0.00,-12.8,4.998,4.998,4.998,4.998,97
2022-02-23 00:22:22,0.0,1.5,12,0.0,0.0,0,0.0,0.0,0,2262.00,0.00,0.00,328,12.77,4.56,0.00,-12.8,4.998,4.998,4.998,4.998,245
2022-02-23 00:23:22,4.0,4.8,86,0.0,0.0,0,0.0,0.0,0,2348.00,0.00,0.00,273,12.77,3.79,0.00,-12.8,4.998,4.998,4.998,4.998,135
2022-02-23 00:24:22,2.9,3.9,129,0.0,0.0,0,0.0,0.0,0,2477.00,0.00,0.00,273,12.77,3.79,0.00,-12.4,4.998,4.998,4.998,4.998,50
2022-02-23 00:25:22,1.1,4.0,99,0.0,0.0,0,0.0,0.0,0,2576.00,0.00,0.00,283,12.77,3.93,0.00,-12.8,4.998,4.998,4.998,4.998,84
2022-02-23 00:26:22,1.1,2.8,64,0.0,0.0,0,0.0,0.0,0,2640.00,0.00,0.00,283,12.77,3.93,0.00,-12.8,4.998,4.998,4.998,4.998,233
2022-02-23 00:27:22,0.0,1.9,18,0.0,0.0,0,0.0,0.0,0,2658.00,0.00,0.00,283,12.73,3.93,0.00,-12.8,4.998,4.998,4.998,4.998,44
2022-02-23 00:28:22,3.0,4.6,197,0.0,0.0,0,0.0,0.0,0,2855.00,0.00,0.00,288,12.77,4.00,0.00,-12.8,4.998,4.998,4.998,4.998,235
2022-02-23 00:29:22,1.4,3.2,85,0.0,0.0,0,0.0,0.0,0,2940.00,0.00,0.00,288,12.77,4.00,0.00,-12.8,4.998,4.998,4.998,4.998,113
2022-02-23 00:30:22,2.6,4.7,70,0.0,0.0,0,0.0,0.0,0,3010.00,0.00,0.00,339,12.77,4.71,0.00,-13.3,4.998,4.998,4.998,4.998,145
2022-02-23 00:31:22,1.8,2.6,64,0.0,0.0,0,0.0,0.0,0,3074.00,0.00,0.00,339,12.77,4.72,0.00,-12.8,4.998,4.998,4.998,4.998,193
2022-02-23 00:32:22,0.0,2.2,19,0.0,0.0,0,0.0,0.0,0,3093.00,0.00,0.00,339,12.77,4.72,0.00,-12.8,4.998,4.998,4.998,4.998,207
2022-02-23 00:33:22,0.0,0.0,0,0.0,0.0,0,0.0,0.0,0,3093.00,0.00,0.00,339,12.77,4.72,0.00,-12.8,4.998,4.998,4.998,4.998,204
2022-02-23 00:34:22,0.0,0.0,0,0.0,0.0,0,0.0,0.0,0,3093.00,0.00,0.00,339,12.77,4.72,0.00,-12.8,4.998,4.998,4.998,4.998,214
2022-02-23 00:35:22,2.2,3.6,66,0.0,0.0,0,0.0,0.0,0,3159.00,0.00,0.00,295,12.77,4.10,0.00,-12.8,4.998,4.998,4.998,4.998,55
2022-02-23 00:36:22,2.0,2.2,73,0.0,0.0,0,0.0,0.0,0,3232.00,0.00,0.00,295,12.77,4.10,0.00,-12.8,4.998,4.998,4.998,4.998,249
2022-02-23 00:37:22,1.3,6.3,160,0.0,0.0,0,0.0,0.0,0,3392.00,0.00,0.00,265,12.77,3.68,0.00,-12.8,4.998,4.998,4.998,4.998,62
2022-02-23 00:38:22,1.8,2.8,36,0.0,0.0,0,0.0,0.0,0,3428.00,0.00,0.00,265,12.77,3.68,0.00,-12.8,4.998,4.998,4.998,4.998,251
2022-02-23 00:39:22,3.2,3.3,64,0.0,0.0,0,0.0,0.0,0,3492.00,0.00,0.00,266,12.77,3.69,0.00,-12.8,4.998,4.998,4.998,4.998,65
2022-02-23 00:40:22,1.5,4.2,137,0.0,0.0,0,0.0,0.0,0,3629.00,0.00,0.00,267,12.77,3.71,0.00,-12.8,4.998,4.998,4.998,4.998,99
2022-02-23 00:41:22,1.2,2.3,60,0.0,0.0,0,0.0,0.0,0,3689.00,0.00,0.00,267,12.77,3.71,0.00,-12.8,4.998,4.998,4.998,4.998,22
2022-02-23 00:42:22,2.9,2.9,19,0.0,0.0,0,0.0,0.0,0,3708.00,0.00,0.00,267,12.77,3.71,0.00,-12.8,4.998,4.998,4.998,4.998,129
2022-02-23 00:43:22,3.5,4.7,188,0.0,0.0,0,0.0,0.0,0,3896.00,0.00,0.00,268,12.77,3.73,0.00,-12.8,4.998,4.998,4.998,4.998,42
2022-02-23 00:44:22,4.2,6.4,187,0.0,0.0,0,0.0,0.0,0,4083.00,0.00,0.00,309,12.77,4.29,0.00,-12.8,4.998,4.998,4.998,4.998,25
2022-02-23 00:45:22,2.0,4.3,161,0.0,0.0,0,0.0,0.0,0,4244.00,0.00,0.00,308,12.77,4.28,0.00,-12.4,4.998,4.998,4.998,4.998,187
2022-02-23 00:46:22,0.0,2.7,44,0.0,0.0,0,0.0,0.0,0,4288.00,0.00,0.00,308,12.77,4.28,0.00,-12.8,4.998,4.998,4.998,4.998,149
2022-02-23 00:47:22,2.0,3.0,107,0.0,0.0,0,0.0,0.0,0,4395.00,0.00,0.00,308,12.77,4.28,0.00,-12.8,4.998,4.998,4.998,4.998,227
2022-02-23 00:48:22,4.1,4.1,91,0.0,0.0,0,0.0,0.0,0,4486.00,0.00,0.00,308,12.77,4.28,0.00,-12.8,4.998,4.998,4.998,4.998,32
2022-02-23 00:49:22,0.0,3.7,40,0.0,0.0,0,0.0,0.0,0,4526.00,0.00,0.00,308,12.77,4.28,0.00,-12.8,4.998,4.998,4.998,4.998,169
2022-02-23 00:50:22,4.3,5.9,182,0.0,0.0,0,0.0,0.0,0,4708.00,0.00,0.00,291,12.77,4.04,0.00,-12.8,4.998,4.998,4.998,4.998,190
2022-02-23 00:51:22,3.9,4.2,168,0.0,0.0,0,0.0,0.0,0,4876.00,0.00,0.00,291,12.77,4.04,0.00,-12.8,4.998,4.998,4.998,4.998,131
2022-02-23 00:52:22,0.0,3.9,46,0.0,0.0,0,0.0,0.0,0,4922.00,0.00,0.00,291,12.73,4.05,0.00,-12.8,4.998,4.998,4.998,4.998,108
2022-02-23 00:53:22,0.0,2.6,35,0.0,0.0,0,0.0,0.0,0,4957.00,0.00,0.00,291,12.77,4.05,0.00,-12.8,4.998,4.998,4.998,4.998,179
2022-02-23 00:54:22,1.2,1.9,20,0.0,0.0,0,0.0,0.0,0,4977.00,0.00,0.00,291,12.77,4.05,0.00,-12.8,4.998,4.998,4.998,4.998,183
2022-02-23 00:55:22,3.9,5.0,71,0.0,0.0,0,0.0,0.0,0,5048.00,0.00,0.00,268,12.77,3.73,0.00,-12.8,4.998,4.998,4.998,4.998,136
2022-02-23 00:56:22,2.1,4.6,127,0.0,0.0,0,0.0,0.0,0,5175.00,0.00,0.00,268,12.77,3.73,0.00,-12.8,4.998,4.998,4.998,4.998,102
2022-02-23 00:57:22,0.0,2.2,22,0.0,0.0,0,0.0,0.0,0,5197.00,0.00,0.00,268,12.77,3.73,0.00,-12.8,4.998,4.998,4.998,4.998,253
2022-02-23 00:58:22,0.0,0.0,0,0.0,0.0,0,0.0,0.0,0,5197.00,0.00,0.00,268,12.77,3.73,0.00,-13.3,4.998,4.998,4.998,4.998,143
2022-02-23 00:59:22,6.5,6.8,164,0.0,0.0,0,0.0,0.0,0,5361.00,0.00,0.00,279,12.77,3.88,0.00,-12.8,4.998,4.998,4.998,4.998,31
2022-02-23 01:00:22,3.2,6.9,244,0.0,0.0,0,0.0,0.0,0,5605.00,0.00,0.00,283,12.77,3.94,0.00,-12.8,4.998,4.998,4.998,4.998,37
2022-02-23 01:01:22,3.9,5.3,159,0.0,0.0,0,0.0,0.0,0,5764.00,0.00,0.00,278,12.77,3.87,0.00,-12.8,4.998,4.998,4.998,4.998,168
2022-02-23 01:02:22,2.0,4.8,156,0.0,0.0,0,0.0,0.0,0,5920.00,0.00,0.00,278,12.77,3.87,0.00,-13.3,4.998,4.998,4.998,4.998,109
2022-02-23 01:03:22,2.5,4.9,165,0.0,0.0,0,0.0,0.0,0,6085.00,0.00,0.00,292,12.73,4.05,0.00,-12.8,4.998,4.998,4.998,4.998,125
2022-02-23 01:04:22,1.6,3.8,144,0.0,0.0,0,0.0,0.0,0,6229.00,0.00,0.00,291,12.73,4.05,0.00,-12.8,4.998,4.998,4.998,4.998,33
2022-02-23 01:05:22,0.0,2.1,45,0.0,0.0,0,0.0,0.0,0,6274.00,0.00,0.00,291,12.77,4.05,0.00,-12.8,4.998,4.998,4.998,4.998,208
2022-02-23 01:06:22,1.6,2.6,39,0.0,0.0,0,0.0,0.0,0,6313.00,0.00,0.00,291,12.77,4.05,0.00,-13.3,4.998,4.998,4.998,4.998,147
2022-02-23 01:07:22,1.9,2.4,76,0.0,0.0,0,0.0,0.0,0,6389.00,0.00,0.00,291,12.77,4.05,0.00,-12.8,4.998,4.998,4.998,4.998,158
2022-02-23 01:08:22,0.0,1.9,11,0.0,0.0,0,0.0,0.0,0,6400.00,0.00,0.00,291,12.73,4.04,0.00,-12.8,4.998,4.998,4.998,4.998,255
2022-02-23 01:09:22,0.0,0.0,1,0.0,0.0,0,0.0,0.0,0,6401.00,0.00,0.00,291,12.73,4.04,0.00,-13.3,4.998,4.998,4.998,4.998,135
2022-02-23 01:10:22,3.8,3.9,82,0.0,0.0,0,0.0,0.0,0,6483.00,0.00,0.00,291,12.73,4.04,0.00,-12.8,4.998,4.998,4.998,4.998,206
2022-02-23 01:11:22,5.6,6.1,263,0.0,0.0,0,0.0,0.0,0,6746.00,0.00,0.00,266,12.73,3.70,0.00,-12.8,4.998,4.998,4.998,4.998,44
2022-02-23 01:12:22,1.8,5.2,195,0.0,0.0,0,0.0,0.0,0,6941.00,0.00,0.00,285,12.73,3.96,0.00,-12.8,4.998,4.998,4.998,4.998,217
2022-02-23 01:13:22,2.0,3.2,111,0.0,0.0,0,0.0,0.0,0,7052.00,0.00,0.00,285,12.73,3.96,0.00,-13.3,4.998,4.998,4.998,4.998,4
2022-02-23 01:14:22,3.0,4.3,177,0.0,0.0,0,0.0,0.0,0,7229.00,0.00,0.00,286,12.73,3.98,0.00,-12.8,4.998,4.998,4.998,4.998,194
2022-02-23 01:15:22,3.5,6.0,249,0.0,0.0,0,0.0,0.0,0,7478.00,0.00,0.00,315,12.73,4.37,0.00,-12.8,4.998,4.998,4.998,4.998,218
2022-02-23 01:16:22,2.7,3.7,132,0.0,0.0,0,0.0,0.0,0,7610.00,0.00,0.00,312,12.73,4.34,0.00,-12.8,4.998,4.998,4.998,4.998,161
2022-02-23 01:17:22,1.5,4.7,142,0.0,0.0,0,0.0,0.0,0,7752.00,0.00,0.00,303,12.77,4.21,0.00,-12.8,4.998,4.998,4.998,4.998,160
2022-02-23 01:18:22,2.9,5.4,146,0.0,0.0,0,0.0,0.0,0,7898.00,0.00,0.00,320,12.73,4.45,0.00,-12.8,4.998,4.998,4.998,4.998,122
2022-02-23 01:19:22,2.2,3.2,79,0.0,0.0,0,0.0,0.0,0,7977.00,0.00,0.00,315,12.73,4.37,0.00,-12.8,4.998,4.998,4.998,4.998,198
2022-02-23 01:20:22,2.3,6.5,199,0.0,0.0,0,0.0,0.0,0,8176.00,0.00,0.00,273,12.77,3.79,0.00,-12.8,4.998,4.998,4.998,4.998,67
2022-02-23 01:21:22,3.5,6.6,201,0.0,0.0,0,0.0,0.0,0,8377.00,0.00,0.00,325,12.73,4.52,0.00,-12.8,4.998,4.998,4.998,4.998,124
2022-02-23 01:22:22,2.9,3.8,103,0.0,0.0,0,0.0,0.0,0,8480.00,0.00,0.00,317,12.73,4.41,0.00,-13.3,4.998,4.998,4.998,4.998,78
2022-02-23 01:23:22,0.0,2.9,65,0.0,0.0,0,0.0,0.0,0,8545.00,0.00,0.00,317,12.73,4.41,0.00,-13.3,4.998,4.998,4.998,4.998,219
2022-02-23 01:24:22,1.5,3.5,91,0.0,0.0,0,0.0,0.0,0,8636.00,0.00,0.00,318,12.73,4.41,0.00,-13.3,4.998,4.998,4.998,4.998,220
2022-02-23 01:25:22,1.1,2.6,51,0.0,0.0,0,0.0,0.0,0,8687.00,0.00,0.00,317,12.73,4.41,0.00,-13.3,4.998,4.998,4.998,4.998,92
2022-02-23 01:26:22,2.8,4.2,145,0.0,0.0,0,0.0,0.0,0,8832.00,0.00,0.00,287,12.73,3.99,0.00,-13.3,4.998,4.998,4.998,4.998,17
2022-02-23 01:27:22,4.4,5.9,247,0.0,0.0,0,0.0,0.0,0,9079.00,0.00,0.00,282,12.73,3.92,0.00,-12.8,4.998,4.998,4.998,4.998,2
2022-02-23 01:28:22,4.2,6.5,214,0.0,0.0,0,0.0,0.0,0,9293.00,0.00,0.00,301,12.73,4.18,0.00,-12.8,4.998,4.998,4.998,4.998,146
2022-02-23 01:29:22,3.5,4.4,166,0.0,0.0,0,0.0,0.0,0,9459.00,0.00,0.00,300,12.73,4.17,0.00,-12.8,4.998,4.998,4.998,4.998,110
2022-02-23 01:30:22,2.1,5.6,199,0.0,0.0,0,0.0,0.0,0,9658.00,0.00,0.00,271,12.73,3.76,0.00,-12.8,4.998,4.998,4.998,4.998,28
2022-02-23 01:31:22,1.2,2.8,91,0.0,0.0,0,0.0,0.0,0,9749.00,0.00,0.00,271,12.73,3.76,0.00,-13.3,4.998,4.998,4.998,4.998,115
2022-02-23 01:32:22,1.1,1.6,18,0.0,0.0,0,0.0,0.0,0,9767.00,0.00,0.00,271,12.73,3.76,0.00,-13.3,4.998,4.998,4.998,4.998,196
2022-02-23 01:33:22,2.9,3.7,58,0.0,0.0,0,0.0,0.0,0,9825.00,0.00,0.00,271,12.73,3.76,0.00,-13.3,4.998,4.998,4.998,4.998,58
2022-02-23 01:34:22,5.0,5.6,86,0.0,0.0,0,0.0,0.0,0,9911.00,0.00,0.00,327,12.73,4.55,0.00,-13.3,4.998,4.998,4.998,4.998,228
2022-02-23 01:35:22,2.6,5.2,131,0.0,0.0,0,0.0,0.0,0,10042.00,0.00,0.00,307,12.73,4.26,0.00,-13.3,4.998,4.998,4.998,4.998,21
2022-02-23 01:36:22,2.3,4.7,136,0.0,0.0,0,0.0,0.0,0,10178.00,0.00,0.00,306,12.73,4.25,0.00,-13.3,4.998,4.998,4.998,4.998,19
2022-02-23 01:37:22,0.0,3.6,62,0.0,0.0,0,0.0,0.0,0,10240.00,0.00,0.00,306,12.73,4.25,0.00,-13.3,4.998,4.998,4.998,4.998,245
2022-02-23 01:38:22,4.1,6.5,155,0.0,0.0,0,0.0,0.0,0,10395.00,0.00,0.00,307,12.73,4.26,0.00,-13.3,4.998,4.998,4.998,4.998,146
2022-02-23 01:39:22,1.9,4.1,116,0.0,0.0,0,0.0,0.0,0,10511.00,0.00,0.00,307,12.73,4.26,0.00,-13.3,4.998,4.998,4.998,4.998,120
2022-02-23 01:40:22,2.3,5.0,148,0.0,0.0,0,0.0,0.0,0,10659.00,0.00,0.00,307,12.73,4.27,0.00,-13.3,4.998,4.998,4.998,4.998,91
2022-02-23 01:41:22,3.8,4.2,126,0.0,0.0,0,0.0,0.0,0,10785.00,0.00,0.00,278,12.73,3.86,0.00,-13.3,4.998,4.998,4.998,4.998,84
2022-02-23 01:42:22,4.2,6.5,232,0.0,0.0,0,0.0,0.0,0,11017.00,0.00,0.00,301,12.73,4.19,0.00,-12.8,4.998,4.998,4.998,4.998,139
2022-02-23 01:43:22,3.3,5.6,223,0.0,0.0,0,0.0,0.0,0,11240.00,0.00,0.00,291,12.73,4.04,0.00,-12.8,4.998,4.998,4.998,4.998,39
2022-02-23 01:44:22,2.5,3.3,133,0.0,0.0,0,0.0,0.0,0,11373.00,0.00,0.00,291,12.73,4.04,0.00,-12.8,4.998,4.998,4.998,4.998,177
2022-02-23 01:45:22,2.8,3.4,98,0.0,0.0,0,0.0,0.0,0,11471.00,0.00,0.00,290,12.73,4.03,0.00,-13.3,4.998,4.998,4.998,4.998,223
2022-02-23 01:46:22,1.5,4.4,159,0.0,0.0,0,0.0,0.0,0,11630.00,0.00,0.00,290,12.73,4.02,0.00,-12.8,4.998,4.998,4.998,4.998,87
2022-02-23 01:47:22,5.0,5.5,145,0.0,0.0,0,0.0,0.0,0,11775.00,0.00,0.00,270,12.73,3.74,0.00,-12.8,4.998,4.998,4.998,4.998,121
2022-02-23 01:48:22,2.9,5.9,233,0.0,0.0,0,0.0,0.0,0,12008.00,0.00,0.00,283,12.73,3.93,0.00,-13.3,4.998,4.998,4.998,4.998,160
2022-02-23 01:49:22,2.9,4.4,143,0.0,0.0,0,0.0,0.0,0,12151.00,0.00,0.00,281,12.73,3.91,0.00,-13.3,4.998,4.998,4.998,4.998,171
2022-02-23 01:50:22,2.5,4.7,169,0.0,0.0,0,0.0,0.0,0,12320.00,0.00,0.00,307,12.73,4.26,0.00,-13.3,4.998,4.998,4.998,4.998,137
2022-02-23 01:51:22,3.9,4.3,112,0.0,0.0,0,0.0,0.0,0,12432.00,0.00,0.00,306,12.73,4.26,0.00,-12.8,4.998,4.998,4.998,4.998,77
2022-02-23 01:52:22,3.9,4.2,152,0.0,0.0,0,0.0,0.0,0,12584.00,0.00,0.00,286,12.73,3.97,0.00,-12.8,4.998,4.998,4.998,4.998,70
2022-02-23 01:53:22,2.5,4.0,148,0.0,0.0,0,0.0,0.0,0,12732.00,0.00,0.00,286,12.73,3.97,0.00,-13.3,4.998,4.998,4.998,4.998,143
2022-02-23 01:54:22,1.2,2.6,50,0.0,0.0,0,0.0,0.0,0,12782.00,0.00,0.00,286,12.73,3.97,0.00,-13.3,4.998,4.998,4.998,4.998,254
2022-02-23 01:55:22,3.0,4.8,158,0.0,0.0,0,0.0,0.0,0,12940.00,0.00,0.00,281,12.73,3.91,0.00,-13.3,4.998,4.998,4.998,4.998,163
2022-02-23 01:56:22,3.0,4.5,132,0.0,0.0,0,0.0,0.0,0,13072.00,0.00,0.00,282,12.73,3.92,0.00,-13.3,4.998,4.998,4.998,4.998,122
2022-02-23 01:57:22,0.0,3.1,89,0.0,0.0,0,0.0,0.0,0,13161.00,0.00,0.00,282,12.73,3.92,0.00,-13.3,4.998,4.998,4.998,4.998,2
2022-02-23 01:58:22,1.5,3.3,89,0.0,0.0,0,0.0,0.0,0,13250.00,0.00,0.00,282,12.73,3.92,0.00,-13.3,4.998,4.998,4.998,4.998,209
2022-02-23 01:59:22,2.2,4.0,123,0.0,0.0,0,0.0,0.0,0,13373.00,0.00,0.00,281,12.73,3.91,0.00,-13.3,4.998,4.998,4.998,4.998,231
2022-02-23 02:00:22,3.3,5.1,166,0.0,0.0,0,0.0,0.0,0,13539.00,0.00,0.00,266,12.73,3.70,0.00,-13.3,4.998,4.998,4.998,4.998,125
2022-02-23 02:01:22,3.8,3.9,161,0.0,0.0,0,0.0,0.0,0,13700.00,0.00,0.00,268,12.73,3.72,0.00,-12.8,4.998,4.998,4.998,4.998,191
2022-02-23 02:02:22,1.9,3.6,115,0.0,0.0,0,0.0,0.0,0,13815.00,0.00,0.00,268,12.73,3.72,0.00,-13.3,4.998,4.998,4.998,4.998,66
2022-02-23 02:03:22,3.7,4.4,125,0.0,0.0,0,0.0,0.0,0,13940.00,0.00,0.00,277,12.69,3.84,0.00,-13.3,4.998,4.998,4.998,4.998,68
2022-02-23 02:04:22,2.3,4.1,159,0.0,0.0,0,0.0,0.0,0,14099.00,0.00,0.00,277,12.73,3.85,0.00,-13.3,4.998,4.998,4.998,4.998,207
2022-02-23 02:05:22,0.0,2.5,31,0.0,0.0,0,0.0,0.0,0,14130.00,0.00,0.00,277,12.73,3.85,0.00,-13.3,4.998,4.998,4.998,4.998,204
2022-02-23 02:06:22,2.0,3.7,85,0.0,0.0,0,0.0,0.0,0,14215.00,0.00,0.00,276,12.69,3.83,0.00,-13.3,4.998,4.998,4.998,4.998,160
2022-02-23 02:07:22,2.1,3.0,109,0.0,0.0,0,0.0,0.0,0,14324.00,0.00,0.00,276,12.73,3.83,0.00,-13.3,4.998,4.998,4.998,4.998,99
2022-02-23 02:08:22,3.8,4.1,122,0.0,0.0,0,0.0,0.0,0,14446.00,0.00,0.00,277,12.73,3.85,0.00,-13.3,4.998,4.998,4.998,4.998,249
2022-02-23 02:09:22,3.2,4.2,166,0.0,0.0,0,0.0,0.0,0,14612.00,0.00,0.00,285,12.73,3.95,0.00,-13.3,4.998,4.998,4.998,4.998,241
2022-02-23 02:10:22,3.2,6.2,273,0.0,0.0,0,0.0,0.0,0,14885.00,0.00,0.00,285,12.73,3.95,0.00,-13.3,4.998,4.998,4.998,4.998,252
2022-02-23 02:11:22,4.2,5.1,154,0.0,0.0,0,0.0,0.0,0,15039.00,0.00,0.00,285,12.73,3.96,0.00,-13.3,4.998,4.998,4.998,4.998,162
2022-02-23 02:12:22,2.0,4.4,138,0.0,0.0,0,0.0,0.0,0,15177.00,0.00,0.00,285,12.73,3.96,0.00,-13.3,4.998,4.998,4.998,4.998,170
2022-02-23 02:13:22,1.9,3.7,103,0.0,0.0,0,0.0,0.0,0,15280.00,0.00,0.00,285,12.73,3.96,0.00,-13.3,4.998,4.998,4.998,4.998,175
2022-02-23 02:14:22,1.2,2.2,35,0.0,0.0,0,0.0,0.0,0,15315.00,0.00,0.00,285,12.69,3.96,0.00,-13.3,4.998,4.998,4.998,4.998,228
2022-02-23 02:15:22,4.0,5.8,160,0.0,0.0,0,0.0,0.0,0,15475.00,0.00,0.00,285,12.73,3.95,0.00,-13.3,4.998,4.998,4.998,4.998,119
2022-02-23 02:16:22,3.0,6.8,232,0.0,0.0,0,0.0,0.0,0,15707.00,0.00,0.00,287,12.73,3.98,0.00,-13.3,4.998,4.998,4.998,4.998,156
2022-02-23 02:17:22,3.4,4.9,201,0.0,0.0,0,0.0,0.0,0,15908.00,0.00,0.00,292,12.73,4.06,0.00,-13.3,4.998,4.998,4.998,4.998,77
2022-02-23 02:18:22,2.2,5.0,196,0.0,0.0,0,0.0,0.0,0,16104.00,0.00,0.00,293,12.69,4.07,0.00,-13.3,4.998,4.998,4.998,4.998,115
2022-02-23 02:19:22,4.5,5.6,178,0.0,0.0,0,0.0,0.0,0,16282.00,0.00,0.00,288,12.69,4.01,0.00,-13.3,4.998,4.998,4.998,4.998,202
2022-02-23 02:20:22,2.8,5.9,192,0.0,0.0,0,0.0,0.0,0,16474.00,0.00,0.00,304,12.73,4.22,0.00,-13.3,4.998,4.998,4.998,4.998,85
2022-02-23 02:21:22,1.4,4.6,147,0.0,0.0,0,0.0,0.0,0,16621.00,0.00,0.00,303,12.73,4.21,0.00,-13.3,4.998,4.998,4.998,4.998,88
2022-02-23 02:22:22,2.1,3.2,94,0.0,0.0,0,0.0,0.0,0,16715.00,0.00,0.00,303,12.73,4.21,0.00,-13.8,4.998,4.998,4.998,4.998,30
2022-02-23 02:23:22,3.9,5.9,111,0.0,0.0,0,0.0,0.0,0,16826.00,0.00,0.00,287,12.69,3.99,0.00,-13.3,4.998,4.998,4.998,4.998,237
2022-02-23 02:24:22,1.7,3.9,70,0.0,0.0,0,0.0,0.0,0,16896.00,0.00,0.00,287,12.73,3.98,0.00,-13.3,4.998,4.998,4.998,4.998,105
2022-02-23 02:25:22,1.9,2.8,56,0.0,0.0,0,0.0,0.0,0,16952.00,0.00,0.00,287,12.69,3.98,0.00,-13.8,4.998,4.998,4.998,4.998,254
2022-02-23 02:26:22,1.4,2.9,85,0.0,0.0,0,0.0,0.0,0,17037.00,0.00,0.00,287,12.73,3.99,0.00,-13.8,4.998,4.998,4.998,4.998,248
2022-02-23 02:27:22,2.0,3.0,91,0.0,0.0,0,0.0,0.0,0,17128.00,0.00,0.00,287,12.69,3.99,0.00,-13.8,4.998,4.998,4.998,4.998,233
2022-02-23 02:28:22,0.0,2.6,40,0.0,0.0,0,0.0,0.0,0,17168.00,0.00,0.00,287,12.69,3.99,0.00,-13.8,4.998,4.998,4.998,4.998,36
2022-02-23 02:29:22,2.0,2.0,9,0.0,0.0,0,0.0,0.0,0,17177.00,0.00,0.00,287,12.73,3.99,0.00,-13.8,4.998,4.998,4.998,4.998,242
2022-02-23 02:30:22,3.2,4.6,123,0.0,0.0,0,0.0,0.0,0,17300.00,0.00,0.00,287,12.69,3.98,0.00,-13.8,4.998,4.998,4.998,4.998,241
2022-02-23 02:31:22,4.5,4.5,106,0.0,0.0,0,0.0,0.0,0,17406.00,0.00,0.00,309,12.73,4.29,0.00,-13.8,4.998,4.998,4.998,4.998,151
2022-02-23 02:32:22,5.6,5.6,142,0.0,0.0,0,0.0,0.0,0,17548.00,0.00,0.00,330,12.69,4.58,0.00,-13.8,4.998,4.998,4.998,4.998,11
2022-02-23 02:33:22,2.5,6.0,207,0.0,0.0,0,0.0,0.0,0,17755.00,0.00,0.00,304,12.73,4.22,0.00,-13.8,4.998,4.998,4.998,4.998,125
2022-02-23 02:34:22,1.9,2.8,89,0.0,0.0,0,0.0,0.0,0,17844.00,0.00,0.00,303,12.69,4.20,0.00,-13.8,4.998,4.998,4.998,4.998,151
2022-02-23 02:35:22,3.1,7.3,228,0.0,0.0,0,0.0,0.0,0,18072.00,0.00,0.00,306,12.69,4.25,0.00,-13.3,4.998,4.998,4.998,4.998,248
2022-02-23 02:36:22,2.4,7.1,270,0.0,0.0,0,0.0,0.0,0,18342.00,0.00,0.00,298,12.73,4.14,0.00,-13.3,4.998,4.998,4.998,4.998,68
2022-02-23 02:37:22,2.5,4.0,110,0.0,0.0,0,0.0,0.0,0,18452.00,0.00,0.00,310,12.73,4.30,0.00,-13.8,4.998,4.998,4.998,4.998,253
2022-02-23 02:38:22,3.3,4.4,128,0.0,0.0,0,0.0,0.0,0,18580.00,0.00,0.00,309,12.69,4.30,0.00,-13.8,4.998,4.998,4.998,4.998,138
2022-02-23 02:39:22,1.4,6.3,242,0.0,0.0,0,0.0,0.0,0,18822.00,0.00,0.00,312,12.73,4.34,0.00,-13.8,4.998,4.998,4.998,4.998,246
2022-02-23 02:40:22,1.4,1.8,9,0.0,0.0,0,0.0,0.0,0,18831.00,0.00,0.00,312,12.69,4.34,0.00,-13.8,4.998,4.998,4.998,4.998,102
2022-02-23 02:41:22,1.7,2.1,62,0.0,0.0,0,0.0,0.0,0,18893.00,0.00,0.00,312,12.69,4.34,0.00,-13.8,4.998,4.998,4.998,4.998,8
2022-02-23 02:42:22,1.3,1.8,20,0.0,0.0,0,0.0,0.0,0,18913.00,0.00,0.00,312,12.73,4.34,0.00,-14.3,4.998,4.998,4.998,4.998,223
2022-02-23 02:43:22,4.1,4.1,77,0.0,0.0,0,0.0,0.0,0,18990.00,0.00,0.00,312,12.69,4.34,0.00,-14.3,4.998,4.998,4.998,4.998,204
2022-02-23 02:44:22,1.8,4.5,134,0.0,0.0,0,0.0,0.0,0,19124.00,0.00,0.00,303,12.69,4.21,0.00,-13.8,4.998,4.998,4.998,4.998,164
2022-02-23 02:45:22,2.1,3.9,101,0.0,0.0,0,0.0,0.0,0,19225.00,0.00,0.00,304,12.69,4.22,0.00,-13.8,4.998,4.998,4.998,4.998,47
2022-02-23 02:46:22,1.5,2.1,34,0.0,0.0,0,0.0,0.0,0,19259.00,0.00,0.00,303,12.69,4.21,0.00,-14.3,4.998,4.998,4.998,4.998,220
2022-02-23 02:47:22,2.7,2.8,76,0.0,0.0,0,0.0,0.0,0,19335.00,0.00,0.00,303,12.69,4.20,0.00,-14.3,4.998,4.998,4.998,4.998,107
2022-02-23 02:48:22,1.5,2.9,82,0.0,0.0,0,0.0,0.0,0,19417.00,0.00,0.00,304,12.69,4.22,0.00,-14.3,4.998,4.998,4.998,4.998,25
2022-02-23 02:49:22,2.4,3.7,91,0.0,0.0,0,0.0,0.0,0,19508.00,0.00,0.00,304,12.69,4.22,0.00,-13.8,4.998,4.998,4.998,4.998,0
2022-02-23 02:50:22,4.2,5.8,180,0.0,0.0,0,0.0,0.0,0,19688.00,0.00,0.00,321,12.69,4.46,0.00,-13.8,4.998,4.998,4.998,4.998,128
2022-02-23 02:51:22,1.1,4.2,118,0.0,0.0,0,0.0,0.0,0,19806.00,0.00,0.00,321,12.69,4.46,0.00,-13.8,4.998,4.998,4.998,4.998,236
2022-02-23 02:52:22,2.3,4.8,146,0.0,0.0,0,0.0,0.0,0,19952.00,0.00,0.00,298,12.69,4.15,0.00,-13.8,4.998,4.998,4.998,4.998,121
2022-02-23 02:53:22,1.7,3.3,110,0.0,0.0,0,0.0,0.0,0,20062.00,0.00,0.00,298,12.69,4.15,0.00,-13.8,4.998,4.998,4.998,4.998,128
2022-02-23 02:54:22,4.1,4.6,128,0.0,0.0,0,0.0,0.0,0,20190.00,0.00,0.00,298,12.69,4.15,0.00,-14.3,4.998,4.998,4.998,4.998,3
2022-02-23 02:55:22,0.0,4.2,90,0.0,0.0,0,0.0,0.0,0,20280.00,0.00,0.00,298,12.69,4.15,0.00,-14.3,4.998,4.998,4.998,4.998,9
2022-02-23 02:56:22,2.0,2.2,23,0.0,0.0,0,0.0,0.0,0,20303.00,0.00,0.00,298,12.69,4.15,0.00,-13.8,4.998,4.998,4.998,4.998,15
2022-02-23 02:57:22,4.4,6.2,169,0.0,0.0,0,0.0,0.0,0,20472.00,0.00,0.00,316,12.69,4.38,0.00,-13.8,4.998,4.998,4.998,4.998,134
2022-02-23 02:58:22,1.6,4.5,143,0.0,0.0,0,0.0,0.0,0,20615.00,0.00,0.00,314,12.69,4.37,0.00,-14.3,4.998,4.998,4.998,4.998,96
2022-02-23 02:59:22,4.7,5.3,153,0.0,0.0,0,0.0,0.0,0,20768.00,0.00,0.00,291,12.69,4.04,0.00,-13.8,4.998,4.998,4.998,4.998,151
2022-02-23 03:00:22,2.8,5.7,221,0.0,0.0,0,0.0,0.0,0,20989.00,0.00,0.00,283,12.69,3.94,0.00,-13.8,4.998,4.998,4.998,4.998,110
2022-02-23 03:01:22,2.1,4.8,126,0.0,0.0,0,0.0,0.0,0,21115.00,0.00,0.00,280,12.69,3.89,0.00,-13.8,4.998,4.998,4.998,4.998,18
2022-02-23 03:02:22,0.0,2.2,19,0.0,0.0,0,0.0,0.0,0,21134.00,0.00,0.00,280,12.69,3.89,0.00,-13.8,4.998,4.998,4.998,4.998,188
2022-02-23 03:03:22,1.9,1.9,14,0.0,0.0,0,0.0,0.0,0,21148.00,0.00,0.00,280,12.69,3.89,0.00,-14.3,4.998,4.998,4.998,4.998,113
2022-02-23 03:04:22,3.4,3.4,35,0.0,0.0,0,0.0,0.0,0,21183.00,0.00,0.00,279,12.69,3.88,0.00,-13.8,4.998,4.998,4.998,4.998,248
2022-02-23 03:05:22,2.1,4.0,97,0.0,0.0,0,0.0,0.0,0,21280.00,0.00,0.00,279,12.69,3.88,0.00,-14.3,4.998,4.998,4.998,4.998,65
2022-02-23 03:06:22,2.8,4.2,145,0.0,0.0,0,0.0,0.0,0,21425.00,0.00,0.00,269,12.69,3.74,0.00,-13.8,4.998,4.998,4.998,4.998,14
2022-02-23 03:07:22,0.0,3.2,63,0.0,0.0,0,0.0,0.0,0,21488.00,0.00,0.00,269,12.69,3.74,0.00,-14.3,4.998,4.998,4.998,4.998,201
2022-02-23 03:08:22,2.0,3.9,109,0.0,0.0,0,0.0,0.0,0,21597.00,0.00,0.00,275,12.69,3.82,0.00,-14.3,4.998,4.998,4.998,4.998,216
2022-02-23 03:09:22,2.8,3.9,132,0.0,0.0,0,0.0,0.0,0,21729.00,0.00,0.00,275,12.69,3.82,0.00,-14.3,4.998,4.998,4.998,4.998,232
2022-02-23 03:10:22,1.6,3.2,54,0.0,0.0,0,0.0,0.0,0,21783.00,0.00,0.00,275,12.69,3.82,0.00,-13.8,4.998,4.998,4.998,4.998,197
2022-02-23 03:11:22,3.0,3.2,89,0.0,0.0,0,0.0,0.0,0,21872.00,0.00,0.00,275,12.69,3.82,0.00,-13.8,4.998,4.998,4.998,4.998,67
2022-02-23 03:12:22,2.4,4.0,139,0.0,0.0,0,0.0,0.0,0,22011.00,0.00,0.00,275,12.69,3.82,0.00,-13.8,4.998,4.998,4.998,4.998,169
2022-02-23 03:13:22,2.1,4.3,155,0.0,0.0,0,0.0,0.0,0,22166.00,0.00,0.00,274,12.69,3.81,0.00,-13.8,4.998,4.998,4.998,4.998,121
2022-02-23 03:14:22,3.4,4.9,201,0.0,0.0,0,0.0,0.0,0,22367.00,0.00,0.00,265,12.69,3.69,0.00,-13.8,4.998,4.998,4.998,4.998,27
2022-02-23 03:15:22,3.0,5.0,171,0.0,0.0,0,0.0,0.0,0,22538.00,0.00,0.00,267,12.69,3.71,0.00,-13.8,4.998,4.998,4.998,4.998,220
2022-02-23 03:16:22,2.6,4.9,180,0.0,0.0,0,0.0,0.0,0,22718.00,0.00,0.00,249,12.69,3.47,0.00,-13.8,4.998,4.998,4.998,4.998,243
2022-02-23 03:17:22,2.2,3.1,121,0.0,0.0,0,0.0,0.0,0,22839.00,0.00,0.00,249,12.69,3.47,0.00,-14.3,4.998,4.998,4.998,4.998,200
2022-02-23 03:18:22,0.0,2.2,21,0.0,0.0,0,0.0,0.0,0,22860.00,0.00,0.00,249,12.69,3.47,0.00,-13.8,4.998,4.998,4.998,4.998,244
2022-02-23 03:19:22,1.5,3.8,78,0.0,0.0,0,0.0,0.0,0,22938.00,0.00,0.00,249,12.69,3.46,0.00,-13.8,4.998,4.998,4.998,4.998,200
2022-02-23 03:20:22,2.2,5.6,203,0.0,0.0,0,0.0,0.0,0,23141.00,0.00,0.00,266,12.69,3.70,0.00,-13.8,4.998,4.998,4.998,4.998,228
2022-02-23 03:21:22,1.6,3.2,112,0.0,0.0,0,0.0,0.0,0,23253.00,0.00,0.00,266,12.69,3.70,0.00,-14.3,4.998,4.998,4.998,4.998,1
2022-02-23 03:22:22,2.1,2.5,78,0.0,0.0,0,0.0,0.0,0,23331.00,0.00,0.00,266,12.69,3.70,0.00,-13.8,4.998,4.998,4.998,4.998,157
2022-02-23 03:23:22,3.0,4.2,102,0.0,0.0,0,0.0,0.0,0,23433.00,0.00,0.00,266,12.69,3.70,0.00,-13.8,4.998,4.998,4.998,4.998,81
2022-02-23 03:24:22,2.3,3.2,124,0.0,0.0,0,0.0,0.0,0,23557.00,0.00,0.00,266,12.69,3.70,0.00,-14.3,4.998,4.998,4.998,4.998,251
2022-02-23 03:25:22,1.8,3.7,125,0.0,0.0,0,0.0,0.0,0,23682.00,0.00,0.00,267,12.69,3.71,0.00,-13.8,4.998,4.998,4.998,4.998,44
2022-02-23 03:26:22,0.0,1.7,7,0.0,0.0,0,0.0,0.0,0,23689.00,0.00,0.00,267,12.69,3.71,0.00,-14.3,4.998,4.998,4.998,4.998,231
2022-02-23 03:27:22,0.0,2.1,24,0.0,0.0,0,0.0,0.0,0,23713.00,0.00,0.00,267,12.69,3.71,0.00,-14.3,4.998,4.998,4.998,4.998,179
2022-02-23 03:28:22,3.4,4.5,147,0.0,0.0,0,0.0,0.0,0,23860.00,0.00,0.00,266,12.65,3.70,0.00,-14.3,4.998,4.998,4.998,4.998,38
2022-02-23 03:29:22,2.1,4.6,185,0.0,0.0,0,0.0,0.0,0,24045.00,0.00,0.00,266,12.69,3.69,0.00,-13.8,4.998,4.998,4.998,4.998,142
2022-02-23 03:30:22,0.0,2.4,25,0.0,0.0,0,0.0,0.0,0,24070.00,0.00,0.00,266,12.69,3.69,0.00,-13.8,4.998,4.998,4.998,4.998,242
2022-02-23 03:31:22,0.0,0.0,0,0.0,0.0,0,0.0,0.0,0,24070.00,0.00,0.00,266,12.65,3.70,0.00,-14.3,4.998,4.998,4.998,4.998,15
2022-02-23 03:32:22,0.0,0.0,0,0.0,0.0,0,0.0,0.0,0,24070.00,0.00,0.00,266,12.65,3.69,0.00,-14.3,4.998,4.998,4.998,4.998,205
2022-02-23 03:33:22,0.0,0.0,0,0.0,0.0,0,0.0,0.0,0,24070.00,0.00,0.00,266,12.65,3.69,0.00,-14.3,4.998,4.998,4.998,4.998,222
2022-02-23 03:34:22,0.0,0.0,0,0.0,0.0,0,0.0,0.0,0,24070.00,0.00,0.00,266,12.69,3.70,0.00,-14.3,4.998,4.998,4.998,4.998,175
2022-02-23 03:35:22,0.0,1.7,8,0.0,0.0,0,0.0,0.0,0,24078.00,0.00,0.00,266,12.69,3.69,0.00,-14.3,4.998,4.998,4.998,4.998,160
2022-02-23 03:36:22,1.0,1.1,3,0.0,0.0,0,0.0,0.0,0,24081.00,0.00,0.00,266,12.69,3.69,0.00,-14.3,4.998,4.998,4.998,4.998,10
2022-02-23 03:37:22,3.1,4.5,134,0.0,0.0,0,0.0,0.0,0,24215.00,0.00,0.00,266,12.65,3.70,0.00,-14.3,4.998,4.998,4.998,4.998,91
2022-02-23 03:38:22,0.0,3.8,99,0.0,0.0,0,0.0,0.0,0,24314.00,0.00,0.00,267,12.65,3.71,0.00,-14.3,4.998,4.998,4.998,4.998,45
2022-02-23 03:39:22,1.3,4.3,145,0.0,0.0,0,0.0,0.0,0,24459.00,0.00,0.00,266,12.65,3.70,0.00,-13.8,4.998,4.998,4.998,4.998,254
2022-02-23 03:40:22,0.0,1.4,3,0.0,0.0,0,0.0,0.0,0,24462.00,0.00,0.00,266,12.69,3.70,0.00,-14.3,4.998,4.998,4.998,4.998,213
2022-02-23 03:41:22,4.5,5.6,127,0.0,0.0,0,0.0,0.0,0,24589.00,0.00,0.00,286,12.69,3.98,0.00,-14.3,4.998,4.998,4.998,4.998,27
2022-02-23 03:42:22,2.5,5.0,197,0.0,0.0,0,0.0,0.0,0,24786.00,0.00,0.00,288,12.65,4.01,0.00,-13.8,4.998,4.998,4.998,4.998,40
2022-02-23 03:43:22,3.2,3.2,36,0.0,0.0,0,0.0,0.0,0,24822.00,0.00,0.00,288,12.65,4.01,0.00,-14.3,4.998,4.998,4.998,4.998,44
2022-02-23 03:44:22,1.9,3.4,70,0.0,0.0,0,0.0,0.0,0,24892.00,0.00,0.00,288,12.65,4.00,0.00,-14.3,4.998,4.998,4.998,4.998,188
2022-02-23 03:45:22,3.8,5.9,189,0.0,0.0,0,0.0,0.0,0,25081.00,0.00,0.00,290,12.65,4.03,0.00,-13.8,4.998,4.998,4.998,4.998,22
2022-02-23 03:46:22,2.2,5.2,190,0.0,0.0,0,0.0,0.0,0,25271.00,0.00,0.00,288,12.65,4.00,0.00,-13.8,4.998,4.998,4.998,4.998,131
2022-02-23 03:47:22,5.1,6.1,217,0.0,0.0,0,0.0,0.0,0,25488.00,0.00,0.00,282,12.69,3.92,0.00,-13.8,4.998,4.998,4.998,4.998,49
2022-02-23 03:48:22,4.1,5.5,236,0.0,0.0,0,0.0,0.0,0,25724.00,0.00,0.00,258,12.69,3.58,0.00,-13.8,4.998,4.998,4.998,4.998,243
2022-02-23 03:49:22,3.7,5.2,247,0.0,0.0,0,0.0,0.0,0,25971.00,0.00,0.00,258,12.69,3.59,0.00,-13.8,4.998,4.998,4.998,4.998,13
2022-02-23 03:50:22,2.3,3.8,144,0.0,0.0,0,0.0,0.0,0,26115.00,0.00,0.00,258,12.65,3.59,0.00,-13.8,4.998,4.998,4.998,4.998,154
2022-02-23 03:51:22,1.3,2.8,97,0.0,0.0,0,0.0,0.0,0,26212.00,0.00,0.00,258,12.65,3.59,0.00,-13.8,4.998,4.998,4.998,4.998,49
2022-02-23 03:52:22,0.0,0.0,0,0.0,0.0,0,0.0,0.0,0,26212.00,0.00,0.00,258,12.65,3.59,0.00,-13.8,4.998,4.998,4.998,4.998,35
2022-02-23 03:53:22,1.6,2.3,43,0.0,0.0,0,0.0,0.0,0,26255.00,0.00,0.00,258,12.65,3.59,0.00,-13.8,4.998,4.998,4.998,4.998,76
2022-02-23 03:54:22,0.0,1.7,7,0.0,0.0,0,0.0,0.0,0,26262.00,0.00,0.00,258,12.65,3.59,0.00,-14.3,4.998,4.998,4.998,4.998,211
2022-02-23 03:55:22,0.0,0.0,0,0.0,0.0,0,0.0,0.0,0,26262.00,0.00,0.00,258,12.65,3.59,0.00,-14.3,4.998,4.998,4.998,4.998,82
2022-02-23 03:56:22,2.7,2.8,42,0.0,0.0,0,0.0,0.0,0,26304.00,0.00,0.00,258,12.65,3.59,0.00,-14.3,4.998,4.998,4.998,4.998,40
2022-02-23 03:57:22,3.2,5.9,186,0.0,0.0,0,0.0,0.0,0,26490.00,0.00,0.00,258,12.65,3.58,0.00,-13.8,4.998,4.998,4.998,4.998,19
2022-02-23 03:58:22,4.3,5.1,205,0.0,0.0,0,0.0,0.0,0,26695.00,0.00,0.00,288,12.65,4.00,0.00,-13.8,4.998,4.998,4.998,4.998,94
2022-02-23 03:59:22,2.5,4.4,136,0.0,0.0,0,0.0,0.0,0,26831.00,0.00,0.00,288,12.65,4.00,0.00,-13.8,4.998,4.998,4.998,4.998,176
2022-02-23 04:00:22,0.0,2.9,86,0.0,0.0,0,0.0,0.0,0,26917.00,0.00,0.00,288,12.65,4.00,0.00,-13.8,4.998,4.998,4.998,4.998,63
2022-02-23 04:01:22,0.0,0.0,0,0.0,0.0,0,0.0,0.0,0,26917.00,0.00,0.00,288,12.65,4.00,0.00,-14.3,4.998,4.998,4.998,4.998,227
2022-02-23 04:02:22,1.4,1.7,17,0.0,0.0,0,0.0,0.0,0,26934.00,0.00,0.00,288,12.65,4.00,0.00,-14.3,4.998,4.998,4.998,4.998,33
2022-02-23 04:03:22,2.1,4.0,115,0.0,0.0,0,0.0,0.0,0,27049.00,0.00,0.00,288,12.65,4.00,0.00,-13.8,4.998,4.998,4.998,4.998,124
2022-02-23 04:04:22,1.5,2.5,94,0.0,0.0,0,0.0,0.0,0,27143.00,0.00,0.00,288,12.65,4.00,0.00,-13.8,4.998,4.998,4.998,4.998,254
2022-02-23 04:05:22,0.0,1.6,11,0.0,0.0,0,0.0,0.0,0,27154.00,0.00,0.00,288,12.65,4.00,0.00,-14.3,4.998,4.998,4.998,4.998,170
2022-02-23 04:06:22,0.0,0.0,0,0.0,0.0,0,0.0,0.0,0,27154.00,0.00,0.00,288,12.65,4.00,0.00,-14.3,4.998,4.998,4.998,4.998,84
2022-02-23 04:07:22,1.5,2.4,28,0.0,0.0,0,0.0,0.0,0,27182.00,0.00,0.00,288,12.65,4.00,0.00,-14.3,4.998,4.998,4.998,4.998,39
2022-02-23 04:08:22,2.1,4.0,136,0.0,0.0,0,0.0,0.0,0,27318.00,0.00,0.00,288,12.65,4.00,0.00,-14.3,4.998,4.998,4.998,4.998,221
2022-02-23 04:09:22,1.4,3.5,112,0.0,0.0,0,0.0,0.0,0,27430.00,0.00,0.00,288,12.65,4.00,0.00,-14.3,4.998,4.998,4.998,4.998,13
2022-02-23 04:10:22,2.7,4.7,125,0.0,0.0,0,0.0,0.0,0,27555.00,0.00,0.00,275,12.65,3.82,0.00,-13.8,4.998,4.998,4.998,4.998,43
2022-02-23 04:11:22,2.8,3.4,134,0.0,0.0,0,0.0,0.0,0,27689.00,0.00,0.00,274,12.65,3.81,0.00,-14.3,4.998,4.998,4.998,4.998,153
2022-02-23 04:12:22,3.2,4.2,158,0.0,0.0,0,0.0,0.0,0,27847.00,0.00,0.00,286,12.65,3.97,0.00,-13.8,4.998,4.998,4.998,4.998,3
2022-02-23 04:13:22,1.8,3.3,67,0.0,0.0,0,0.0,0.0,0,27914.00,0.00,0.00,286,12.65,3.97,0.00,-14.3,4.998,4.998,4.998,4.998,9
2022-02-23 04:14:22,3.6,4.3,178,0.0,0.0,0,0.0,0.0,0,28092.00,0.00,0.00,286,12.65,3.97,0.00,-13.8,4.998,4.998,4.998,4.998,244
2022-02-23 04:15:22,4.7,6.0,218,0.0,0.0,0,0.0,0.0,0,28310.00,0.00,0.00,297,12.65,4.12,0.00,-13.8,4.998,4.998,4.998,4.998,26
2022-02-23 04:16:22,2.5,5.4,207,0.0,0.0,0,0.0,0.0,0,28517.00,0.00,0.00,288,12.65,4.00,0.00,-14.3,4.998,4.998,4.998,4.998,142
2022-02-23 04:17:22,2.3,2.9,113,0.0,0.0,0,0.0,0.0,0,28630.00,0.00,0.00,288,12.65,4.00,0.00,-14.3,4.998,4.998,4.998,4.998,155
2022-02-23 04:18:22,2.5,2.6,61,0.0,0.0,0,0.0,0.0,0,28691.00,0.00,0.00,288,12.65,4.00,0.00,-14.3,4.998,4.998,4.998,4.998,55
2022-02-23 04:19:22,0.0,2.7,43,0.0,0.0,0,0.0,0.0,0,28734.00,0.00,0.00,288,12.65,4.00,0.00,-14.3,4.998,4.998,4.998,4.998,8
2022-02-23 04:20:22,0.0,3.1,60,0.0,0.0,0,0.0,0.0,0,28794.00,0.00,0.00,288,12.65,4.00,0.00,-14.3,4.998,4.998,4.998,4.998,64
2022-02-23 04:21:22,0.0,2.1,28,0.0,0.0,0,0.0,0.0,0,28822.00,0.00,0.00,288,12.65,4.01,0.00,-14.3,4.998,4.998,4.998,4.998,44
2022-02-23 04:22:22,0.0,0.0,0,0.0,0.0,0,0.0,0.0,0,28822.00,0.00,0.00,288,12.65,4.01,0.00,-14.3,4.998,4.998,4.998,4.998,74
2022-02-23 04:23:22,0.0,0.0,0,0.0,0.0,0,0.0,0.0,0,28822.00,0.00,0.00,288,12.65,4.00,0.00,-14.3,4.998,4.998,4.998,4.998,174
2022-02-23 04:24:22,3.9,4.8,139,0.0,0.0,0,0.0,0.0,0,28961.00,0.00,0.00,288,12.65,4.01,0.00,-14.3,4.998,4.998,4.998,4.998,159
2022-02-23 04:25:22,3.1,4.9,207,0.0,0.0,0,0.0,0.0,0,29168.00,0.00,0.00,289,12.65,4.01,0.00,-14.3,4.998,4.998,4.998,4.998,76
2022-02-23 04:26:22,0.0,3.0,76,0.0,0.0,0,0.0,0.0,0,29244.00,0.00,0.00,288,12.65,4.01,0.00,-14.3,4.998,4.998,4.998,4.998,72
2022-02-23 04:27:22,1.6,1.9,49,0.0,0.0,0,0.0,0.0,0,29293.00,0.00,0.00,288,12.65,4.01,0.00,-14.3,4.998,4.998,4.998,4.998,145
2022-02-23 04:28:22,4.5,5.2,79,0.0,0.0,0,0.0,0.0,0,29372.00,0.00,0.00,309,12.65,4.29,0.00,-14.3,4.998,4.998,4.998,4.998,128
2022-02-23 04:29:22,5.1,5.2,251,0.0,0.0,0,0.0,0.0,0,29623.00,0.00,0.00,305,12.65,4.23,0.00,-14.3,4.998,4.998,4.998,4.998,243
2022-02-23 04:30:22,2.5,5.8,200,0.0,0.0,0,0.0,0.0,0,29823.00,0.00,0.00,296,12.65,4.11,0.00,-14.3,4.998,4.998,4.998,4.998,121
2022-02-23 04:31:22,1.3,3.1,102,0.0,0.0,0,0.0,0.0,0,29925.00,0.00,0.00,295,12.65,4.10,0.00,-14.3,4.998,4.998,4.998,4.998,98
2022-02-23 04:32:22,0.0,3.6,99,0.0,0.0,0,0.0,0.0,0,30024.00,0.00,0.00,295,12.65,4.10,0.00,-14.3,4.998,4.998,4.998,4.998,121
2022-02-23 04:33:22,1.5,2.6,59,0.0,0.0,0,0.0,0.0,0,30083.00,0.00,0.00,295,12.65,4.10,0.00,-14.3,4.998,4.998,4.998,4.998,84
2022-02-23 04:34:22,3.3,3.7,91,0.0,0.0,0,0.0,0.0,0,30174.00,0.00,0.00,295,12.61,4.10,0.00,-14.3,4.998,4.998,4.998,4.998,52
2022-02-23 04:35:22,3.2,4.2,187,0.0,0.0,0,0.0,0.0,0,30361.00,0.00,0.00,284,12.61,3.95,0.00,-14.3,4.998,4.998,4.998,4.998,99
2022-02-23 04:36:22,2.8,4.4,165,0.0,0.0,0,0.0,0.0,0,30526.00,0.00,0.00,270,12.65,3.75,0.00,-14.3,4.998,4.998,4.998,4.998,20
2022-02-23 04:37:22,2.2,4.5,145,0.0,0.0,0,0.0,0.0,0,30671.00,0.00,0.00,271,12.61,3.76,0.00,-14.3,4.998,4.998,4.998,4.998,78
2022-02-23 04:38:22,4.5,4.8,143,0.0,0.0,0,0.0,0.0,0,30814.00,0.00,0.00,271,12.61,3.77,0.00,-14.3,4.998,4.998,4.998,4.998,177
2022-02-23 04:39:22,3.0,4.7,210,0.0,0.0,0,0.0,0.0,0,31024.00,0.00,0.00,271,12.65,3.76,0.00,-14.3,4.998,4.998,4.998,4.998,51
2022-02-23 04:40:22,2.9,3.4,140,0.0,0.0,0,0.0,0.0,0,31164.00,0.00,0.00,271,12.65,3.76,0.00,-14.3,4.998,4.998,4.998,4.998,7
2022-02-23 04:41:22,1.2,4.1,154,0.0,0.0,0,0.0,0.0,0,31318.00,0.00,0.00,271,12.65,3.76,0.00,-14.3,4.998,4.998,4.998,4.998,20
2022-02-23 04:42:22,2.4,3.0,105,0.0,0.0,0,0.0,0.0,0,31423.00,0.00,0.00,271,12.61,3.76,0.00,-14.3,4.998,4.998,4.998,4.998,71
2022-02-23 04:43:22,3.1,4.8,199,0.0,0.0,0,0.0,0.0,0,31622.00,0.00,0.00,299,12.61,4.16,0.00,-14.3,4.998,4.998,4.998,4.998,251
2022-02-23 04:44:22,1.6,3.1,115,0.0,0.0,0,0.0,0.0,0,31737.00,0.00,0.00,299,12.61,4.16,0.00,-14.3,4.998,4.998,4.998,4.998,183
2022-02-23 04:45:22,2.6,3.7,117,0.0,0.0,0,0.0,0.0,0,31854.00,0.00,0.00,299,12.65,4.16,0.00,-14.3,4.998,4.998,4.998,4.998,124
2022-02-23 04:46:22,2.2,4.9,134,0.0,0.0,0,0.0,0.0,0,31988.00,0.00,0.00,306,12.65,4.26,0.00,-14.8,4.998,4.998,4.998,4.998,87
2022-02-23 04:47:22,3.6,4.9,194,0.0,0.0,0,0.0,0.0,0,32182.00,0.00,0.00,305,12.65,4.24,0.00,-14.3,4.998,4.998,4.998,4.998,2
2022-02-23 04:48:22,4.7,5.6,195,0.0,0.0,0,0.0,0.0,0,32377.00,0.00,0.00,275,12.65,3.82,0.00,-14.3,4.998,4.998,4.998,4.998,42
2022-02-23 04:49:22,1.7,5.4,178,0.0,0.0,0,0.0,0.0,0,32555.00,0.00,0.00,275,12.61,3.82,0.00,-14.8,4.998,4.998,4.998,4.998,22
2022-02-23 04:50:22,0.0,2.4,34,0.0,0.0,0,0.0,0.0,0,32589.00,0.00,0.00,275,12.61,3.83,0.00,-14.3,4.998,4.998,4.998,4.998,209
2022-02-23 04:51:22,0.0,0.0,0,0.0,0.0,0,0.0,0.0,0,32589.00,0.00,0.00,275,12.65,3.82,0.00,-14.8,4.998,4.998,4.998,4.998,181
2022-02-23 04:52:22,3.9,3.9,49,0.0,0.0,0,0.0,0.0,0,32638.00,0.00,0.00,275,12.65,3.83,0.00,-14.8,4.998,4.998,4.998,4.998,64
2022-02-23 04:53:22,1.7,3.9,145,0.0,0.0,0,0.0,0.0,0,32783.00,0.00,0.00,280,12.61,3.89,0.00,-14.8,4.998,4.998,4.998,4.998,193
2022-02-23 04:54:22,4.4,4.6,127,0.0,0.0,0,0.0,0.0,0,32910.00,0.00,0.00,304,12.61,4.22,0.00,-14.8,4.998,4.998,4.998,4.998,232
2022-02-23 04:55:22,4.1,4.4,159,0.0,0.0,0,0.0,0.0,0,33069.00,0.00,0.00,322,12.61,4.47,0.00,-14.8,4.998,4.998,4.998,4.998,236
2022-02-23 04:56:22,1.2,5.0,94,0.0,0.0,0,0.0,0.0,0,33163.00,0.00,0.00,323,12.65,4.48,0.00,-14.3,4.998,4.998,4.998,4.998,26
2022-02-23 04:57:22,1.3,2.5,71,0.0,0.0,0,0.0,0.0,0,33234.00,0.00,0.00,323,12.61,4.48,0.00,-14.3,4.998,4.998,4.998,4.998,194
2022-02-23 04:58:22,2.0,3.6,74,0.0,0.0,0,0.0,0.0,0,33308.00,0.00,0.00,323,12.61,4.48,0.00,-14.8,4.998,4.998,4.998,4.998,243
2022-02-23 04:59:22,2.5,5.5,172,0.0,0.0,0,0.0,0.0,0,33480.00,0.00,0.00,318,12.65,4.41,0.00,-14.8,4.998,4.998,4.998,4.998,50
2022-02-23 05:00:22,3.2,6.6,210,0.0,0.0,0,0.0,0.0,0,33690.00,0.00,0.00,329,12.61,4.58,0.00,-14.8,4.998,4.998,4.998,4.998,154
2022-02-23 05:01:22,1.6,3.0,90,0.0,0.0,0,0.0,0.0,0,33780.00,0.00,0.00,330,12.61,4.58,0.00,-14.8,4.998,4.998,4.998,4.998,169
2022-02-23 05:02:22,3.4,4.4,141,0.0,0.0,0,0.0,0.0,0,33921.00,0.00,0.00,330,12.65,4.58,0.00,-14.8,4.998,4.998,4.998,4.998,51
2022-02-23 05:03:22,2.1,3.5,113,0.0,0.0,0,0.0,0.0,0,34034.00,0.00,0.00,329,12.65,4.58,0.00,-14.8,4.998,4.998,4.998,4.998,175
2022-02-23 05:04:22,2.5,3.5,134,0.0,0.0,0,0.0,0.0,0,34168.00,0.00,0.00,330,12.65,4.58,0.00,-14.8,4.998,4.998,4.998,4.998,150
2022-02-23 05:05:22,2.9,5.9,206,0.0,0.0,0,0.0,0.0,0,34374.00,0.00,0.00,342,12.65,4.76,0.00,-14.8,4.998,4.998,4.998,4.998,57
2022-02-23 05:06:22,4.0,4.9,172,0.0,0.0,0,0.0,0.0,0,34546.00,0.00,0.00,313,12.65,4.36,0.00,-14.3,4.998,4.998,4.998,4.998,174
2022-02-23 05:07:22,3.6,6.7,181,0.0,0.0,0,0.0,0.0,0,34727.00,0.00,0.00,337,12.65,4.68,0.00,-14.8,4.998,4.998,4.998,4.998,191
2022-02-23 05:08:22,2.3,4.6,120,0.0,0.0,0,0.0,0.0,0,34847.00,0.00,0.00,326,12.65,4.54,0.00,-14.8,4.998,4.998,4.998,4.998,61
2022-02-23 05:09:22,3.0,4.7,189,0.0,0.0,0,0.0,0.0,0,35036.00,0.00,0.00,307,12.65,4.27,0.00,-14.8,4.998,4.998,4.998,4.998,251
2022-02-23 05:10:22,2.9,3.4,122,0.0,0.0,0,0.0,0.0,0,35158.00,0.00,0.00,307,12.61,4.26,0.00,-14.8,4.998,4.998,4.998,4.998,205
2022-02-23 05:11:22,1.9,2.8,79,0.0,0.0,0,0.0,0.0,0,35237.00,0.00,0.00,307,12.65,4.27,0.00,-14.8,4.998,4.998,4.998,4.998,254
2022-02-23 05:12:22,0.0,3.0,57,0.0,0.0,0,0.0,0.0,0,35294.00,0.00,0.00,307,12.61,4.27,0.00,-14.8,4.998,4.998,4.998,4.998,191
2022-02-23 05:13:22,1.9,3.1,84,0.0,0.0,0,0.0,0.0,0,35378.00,0.00,0.00,307,12.61,4.26,0.00,-15.3,4.998,4.998,4.998,4.998,216
2022-02-23 05:14:22,1.2,6.1,147,0.0,0.0,0,0.0,0.0,0,35525.00,0.00,0.00,333,12.61,4.62,0.00,-15.3,4.998,4.998,4.998,4.998,11
2022-02-23 05:15:22,2.4,2.5,27,0.0,0.0,0,0.0,0.0,0,35552.00,0.00,0.00,333,12.65,4.62,0.00,-14.8,4.998,4.998,4.998,4.998,240
2022-02-23 05:16:22,1.3,2.5,65,0.0,0.0,0,0.0,0.0,0,35617.00,0.00,0.00,333,12.61,4.63,0.00,-14.8,4.998,4.998,4.998,4.998,29
2022-02-23 05:17:22,1.6,1.6,3,0.0,0.0,0,0.0,0.0,0,35620.00,0.00,0.00,333,12.61,4.62,0.00,-15.3,4.998,4.998,4.998,4.998,137
2022-02-23 05:18:22,0.0,2.8,46,0.0,0.0,0,0.0,0.0,0,35666.00,0.00,0.00,333,12.65,4.62,0.00,-14.8,4.998,4.998,4.998,4.998,29
2022-02-23 05:19:22,2.5,3.3,115,0.0,0.0,0,0.0,0.0,0,35781.00,0.00,0.00,332,12.61,4.61,0.00,-14.8,4.998,4.998,4.998,4.998,136
2022-02-23 05:20:22,1.5,3.1,77,0.0,0.0,0,0.0,0.0,0,35858.00,0.00,0.00,332,12.61,4.62,0.00,-14.8,4.998,4.998,4.998,4.998,222
2022-02-23 05:21:22,0.0,2.2,35,0.0,0.0,0,0.0,0.0,0,35893.00,0.00,0.00,332,12.65,4.61,0.00,-14.8,4.998,4.998,4.998,4.998,199
2022-02-23 05:22:22,2.4,2.5,17,0.0,0.0,0,0.0,0.0,0,35910.00,0.00,0.00,332,12.61,4.62,0.00,-14.8,4.998,4.998,4.998,4.998,211
2022-02-23 05:23:22,1.8,4.8,137,0.0,0.0,0,0.0,0.0,0,36047.00,0.00,0.00,328,12.61,4.56,0.00,-15.3,4.998,4.998,4.998,4.998,27
2022-02-23 05:24:22,2.2,3.6,97,0.0,0.0,0,0.0,0.0,0,36144.00,0.00,0.00,299,12.61,4.16,0.00,-14.8,4.998,4.998,4.998,4.998,254
2022-02-23 05:25:22,1.8,3.1,63,0.0,0.0,0,0.0,0.0,0,36207.00,0.00,0.00,300,12.61,4.16,0.00,-14.8,4.998,4.998,4.998,4.998,228
2022-02-23 05:26:22,2.4,2.5,37,0.0,0.0,0,0.0,0.0,0,36244.00,0.00,0.00,300,12.61,4.17,0.00,-15.3,4.998,4.998,4.998,4.998,213
2022-02-23 05:27:22,1.4,3.4,97,0.0,0.0,0,0.0,0.0,0,36341.00,0.00,0.00,300,12.61,4.17,0.00,-15.3,4.998,4.998,4.998,4.998,115
2022-02-23 05:28:22,4.0,4.2,114,0.0,0.0,0,0.0,0.0,0,36455.00,0.00,0.00,300,12.61,4.16,0.00,-14.8,4.998,4.998,4.998,4.998,42
2022-02-23 05:29:22,2.0,4.3,181,0.0,0.0,0,0.0,0.0,0,36636.00,0.00,0.00,303,12.61,4.20,0.00,-14.8,4.998,4.998,4.998,4.998,111
2022-02-23 05:30:22,3.7,5.5,162,0.0,0.0,0,0.0,0.0,0,36798.00,0.00,0.00,303,12.61,4.21,0.00,-14.8,4.998,4.998,4.998,4.998,63
2022-02-23 05:31:22,0.0,4.4,139,0.0,0.0,0,0.0,0.0,0,36937.00,0.00,0.00,299,12.61,4.16,0.00,-14.8,4.998,4.998,4.998,4.998,80
2022-02-23 05:32:22,2.1,4.9,178,0.0,0.0,0,0.0,0.0,0,37115.00,0.00,0.00,312,12.61,4.33,0.00,-15.3,4.998,4.998,4.998,4.998,241
2022-02-23 05:33:22,1.3,2.8,61,0.0,0.0,0,0.0,0.0,0,37176.00,0.00,0.00,312,12.61,4.33,0.00,-15.3,4.998,4.998,4.998,4.998,235
2022-02-23 05:34:22,1.2,2.5,46,0.0,0.0,0,0.0,0.0,0,37222.00,0.00,0.00,312,12.61,4.34,0.00,-15.3,4.998,4.998,4.998,4.998,97
2022-02-23 05:35:22,0.0,0.0,0,0.0,0.0,0,0.0,0.0,0,37222.00,0.00,0.00,312,12.61,4.33,0.00,-15.3,4.998,4.998,4.998,4.998,115
2022-02-23 05:36:22,0.9,4.6,141,0.0,0.0,0,0.0,0.0,0,37363.00,0.00,0.00,312,12.61,4.33,0.00,-15.3,4.998,4.998,4.998,4.998,202
2022-02-23 05:37:22,4.2,6.4,189,0.0,0.0,0,0.0,0.0,0,37552.00,0.00,0.00,333,12.61,4.63,0.00,-14.8,4.998,4.998,4.998,4.998,35
2022-02-23 05:38:22,2.7,4.4,144,0.0,0.0,0,0.0,0.0,0,37696.00,0.00,0.00,327,12.61,4.55,0.00,-14.8,4.998,4.998,4.998,4.998,72
2022-02-23 05:39:22,1.4,3.1,94,0.0,0.0,0,0.0,0.0,0,37790.00,0.00,0.00,327,12.61,4.55,0.00,-14.8,4.998,4.998,4.998,4.998,28
2022-02-23 05:40:22,2.3,4.6,102,0.0,0.0,0,0.0,0.0,0,37892.00,0.00,0.00,326,12.61,4.53,0.00,-14.8,4.998,4.998,4.998,4.998,78
2022-02-23 05:41:22,4.1,6.2,198,0.0,0.0,0,0.0,0.0,0,38090.00,0.00,0.00,297,12.61,4.13,0.00,-15.3,4.998,4.998,4.998,4.998,106
2022-02-23 05:42:22,4.8,8.9,279,0.0,0.0,0,0.0,0.0,0,38369.00,0.00,0.00,320,12.61,4.44,0.00,-14.8,4.998,4.998,4.998,4.998,250
2022-02-23 05:43:22,2.3,5.2,193,0.0,0.0,0,0.0,0.0,0,38562.00,0.00,0.00,328,12.61,4.56,0.00,-14.8,4.998,4.998,4.998,4.998,211
2022-02-23 05:44:22,0.0,3.0,60,0.0,0.0,0,0.0,0.0,0,38622.00,0.00,0.00,329,12.61,4.57,0.00,-15.3,4.998,4.998,4.998,4.998,96
2022-02-23 05:45:22,2.1,3.6,113,0.0,0.0,0,0.0,0.0,0,38735.00,0.00,0.00,309,12.61,4.29,0.00,-15.3,4.998,4.998,4.998,4.998,151
2022-02-23 05:46:22,1.5,4.1,122,0.0,0.0,0,0.0,0.0,0,38857.00,0.00,0.00,309,12.61,4.29,0.00,-15.3,4.998,4.998,4.998,4.998,129
2022-02-23 05:47:22,3.3,3.4,121,0.0,0.0,0,0.0,0.0,0,38978.00,0.00,0.00,308,12.61,4.28,0.00,-15.3,4.998,4.998,4.998,4.998,79
2022-02-23 05:48:22,2.4,3.2,70,0.0,0.0,0,0.0,0.0,0,39048.00,0.00,0.00,308,12.61,4.28,0.00,-15.3,4.998,4.998,4.998,4.998,237
2022-02-23 05:49:22,2.7,4.0,107,0.0,0.0,0,0.0,0.0,0,39155.00,0.00,0.00,308,12.61,4.28,0.00,-15.3,4.998,4.998,4.998,4.998,74
2022-02-23 05:50:22,2.1,3.1,90,0.0,0.0,0,0.0,0.0,0,39245.00,0.00,0.00,309,12.61,4.29,0.00,-14.8,4.998,4.998,4.998,4.998,244
2022-02-23 05:51:22,1.5,2.8,75,0.0,0.0,0,0.0,0.0,0,39320.00,0.00,0.00,308,12.61,4.28,0.00,-15.3,4.998,4.998,4.998,4.998,144
2022-02-23 05:52:22,4.7,4.7,95,0.0,0.0,0,0.0,0.0,0,39415.00,0.00,0.00,313,12.61,4.36,0.00,-14.8,4.998,4.998,4.998,4.998,38
2022-02-23 05:53:22,2.5,5.0,201,0.0,0.0,0,0.0,0.0,0,39616.00,0.00,0.00,326,12.61,4.53,0.00,-15.3,4.998,4.998,4.998,4.998,228
2022-02-23 05:54:22,0.0,2.4,37,0.0,0.0,0,0.0,0.0,0,39653.00,0.00,0.00,325,12.61,4.52,0.00,-15.3,4.998,4.998,4.998,4.998,227
2022-02-23 05:55:22,0.0,0.0,1,0.0,0.0,0,0.0,0.0,0,39654.00,0.00,0.00,326,12.61,4.53,0.00,-15.3,4.998,4.998,4.998,4.998,29
2022-02-23 05:56:22,2.1,2.2,35,0.0,0.0,0,0.0,0.0,0,39689.00,0.00,0.00,326,12.61,4.53,0.00,-15.8,4.998,4.998,4.998,4.998,106
2022-02-23 05:57:22,3.3,3.9,126,0.0,0.0,0,0.0,0.0,0,39815.00,0.00,0.00,326,12.61,4.53,0.00,-15.3,4.998,4.998,4.998,4.998,94
2022-02-23 05:58:22,1.2,4.1,131,0.0,0.0,0,0.0,0.0,0,39946.00,0.00,0.00,325,12.61,4.52,0.00,-15.3,4.998,4.998,4.998,4.998,82
2022-02-23 05:59:22,0.0,0.0,0,0.0,0.0,0,0.0,0.0,0,39946.00,0.00,0.00,326,12.61,4.53,0.00,-15.8,4.998,4.998,4.998,4.998,99
2022-02-23 06:00:22,0.0,0.0,0,0.0,0.0,0,0.0,0.0,0,39946.00,0.00,0.00,325,12.61,4.52,0.00,-15.3,4.998,4.998,4.998,4.998,197
2022-02-23 06:01:22,0.0,0.0,0,0.0,0.0,0,0.0,0.0,0,39946.00,0.00,0.00,326,12.61,4.53,0.00,-15.8,4.998,4.998,4.998,4.998,56
2022-02-23 06:02:22,0.0,1.2,3,0.0,0.0,0,0.0,0.0,0,39949.00,0.00,0.00,326,12.61,4.53,0.00,-15.8,4.998,4.998,4.998,4.998,185
2022-02-23 06:03:22,0.0,0.0,0,0.0,0.0,0,0.0,0.0,0,39949.00,0.00,0.00,326,12.61,4.53,0.00,-15.8,4.998,4.998,4.998,4.998,105
2022-02-23 06:04:22,0.0,0.0,0,0.0,0.0,0,0.0,0.0,0,39949.00,0.00,0.00,326,12.61,4.53,0.00,-15.3,4.998,4.998,4.998,4.998,180
2022-02-23 06:05:22,0.0,0.0,0,0.0,0.0,0,0.0,0.0,0,39949.00,0.00,0.00,326,12.61,4.53,0.00,-15.3,4.998,4.998,4.998,4.998,167
2022-02-23 06:06:22,2.3,3.0,25,0.0,0.0,0,0.0,0.0,0,39974.00,0.00,0.00,326,12.61,4.53,0.00,-15.8,4.998,4.998,4.998,4.998,1
2022-02-23 06:07:22,0.0,3.6,75,0.0,0.0,0,0.0,0.0,0,40049.00,0.00,0.00,325,12.61,4.52,0.00,-15.3,4.998,4.998,4.998,4.998,67
2022-02-23 06:08:22,2.2,2.7,71,0.0,0.0,0,0.0,0.0,0,40120.00,0.00,0.00,325,12.61,4.51,0.00,-15.8,4.998,4.998,4.998,4.998,3
2022-02-23 06:09:22,1.7,3.5,117,0.0,0.0,0,0.0,0.0,0,40237.00,0.00,0.00,324,12.57,4.51,0.00,-15.3,4.998,4.998,4.998,4.998,160
2022-02-23 06:10:22,1.2,1.9,47,0.0,0.0,0,0.0,0.0,0,40284.00,0.00,0.00,324,12.61,4.51,0.00,-15.8,4.998,4.998,4.998,4.998,56
2022-02-23 06:11:22,0.0,0.0,0,0.0,0.0,0,0.0,0.0,0,40284.00,0.00,0.00,324,12.61,4.51,0.00,-15.3,4.998,4.998,4.998,4.998,215
2022-02-23 06:12:22,2.7,2.7,24,0.0,0.0,0,0.0,0.0,0,40308.00,0.00,0.00,324,12.61,4.50,0.00,-15.3,4.998,4.998,4.998,4.998,236
2022-02-23 06:13:22,2.2,3.3,130,0.0,0.0,0,0.0,0.0,0,40438.00,0.00,0.00,324,12.61,4.50,0.00,-15.3,4.998,4.998,4.998,4.998,66
2022-02-23 06:14:22,2.8,3.4,139,0.0,0.0,0,0.0,0.0,0,40577.00,0.00,0.00,325,12.61,4.51,0.00,-15.3,4.998,4.998,4.998,4.998,190
2022-02-23 06:15:22,2.0,2.9,53,0.0,0.0,0,0.0,0.0,0,40630.00,0.00,0.00,325,12.61,4.51,0.00,-15.8,4.998,4.998,4.998,4.998,30
2022-02-23 06:16:22,0.0,2.3,56,0.0,0.0,0,0.0,0.0,0,40686.00,0.00,0.00,325,12.61,4.52,0.00,-15.8,4.998,4.998,4.998,4.998,209
2022-02-23 06:17:22,0.0,2.1,28,0.0,0.0,0,0.0,0.0,0,40714.00,0.00,0.00,325,12.61,4.51,0.00,-15.3,4.998,4.998,4.998,4.998,179
2022-02-23 06:18:22,2.3,2.4,5,0.0,0.0,0,0.0,0.0,0,40719.00,0.00,0.00,325,12.57,4.52,0.00,-15.8,4.998,4.998,4.998,4.998,201
2022-02-23 06:19:22,3.7,5.1,176,0.0,0.0,0,0.0,0.0,0,40895.00,0.00,0.00,327,12.61,4.54,0.00,-15.3,4.998,4.998,4.998,4.998,70
2022-02-23 06:20:22,1.1,4.5,83,0.0,0.0,0,0.0,0.0,0,40978.00,0.00,0.00,333,12.61,4.63,0.00,-15.3,4.998,4.998,4.998,4.998,127
2022-02-23 06:21:22,0.0,2.6,47,0.0,0.0,0,0.0,0.0,0,41025.00,0.00,0.00,333,12.61,4.62,0.00,-15.8,4.998,4.998,4.998,4.998,70
2022-02-23 06:22:22,0.0,0.0,0,0.0,0.0,0,0.0,0.0,0,41025.00,0.00,0.00,333,12.61,4.62,0.00,-15.8,4.998,4.998,4.998,4.998,189
2022-02-23 06:23:22,0.0,0.0,0,0.0,0.0,0,0.0,0.0,0,41025.00,0.00,0.00,333,12.61,4.63,0.00,-15.8,4.998,4.998,4.998,4.998,89
2022-02-23 06:24:22,0.0,0.0,0,0.0,0.0,0,0.0,0.0,0,41025.00,0.00,0.00,333,12.61,4.63,0.00,-16.3,4.998,4.998,4.998,4.998,45
2022-02-23 06:25:22,0.0,1.4,8,0.0,0.0,0,0.0,0.0,0,41033.00,0.00,0.00,333,12.57,4.62,0.00,-16.3,4.998,4.998,4.998,4.998,111
2022-02-23 06:26:22,0.0,0.0,0,0.0,0.0,0,0.0,0.0,0,41033.00,0.00,0.00,333,12.57,4.63,0.00,-16.3,4.998,4.998,4.998,4.998,34
2022-02-23 06:27:22,2.3,4.4,137,0.0,0.0,0,0.0,0.0,0,41170.00,0.00,0.00,333,12.61,4.62,0.00,-15.8,4.998,4.998,4.998,4.998,216
2022-02-23 06:28:22,4.5,7.0,254,0.0,0.0,0,0.0,0.0,0,41424.00,0.00,0.00,336,12.61,4.66,0.00,-15.8,4.998,4.998,4.998,4.998,234
2022-02-23 06:29:22,3.1,4.3,169,0.0,0.0,0,0.0,0.0,0,41593.00,0.00,0.00,336,12.61,4.66,0.00,-15.8,4.998,4.998,4.998,4.998,66
2022-02-23 06:30:22,3.3,5.0,227,0.0,0.0,0,0.0,0.0,0,41820.00,0.00,0.00,336,12.57,4.66,0.00,-15.3,4.998,4.998,4.998,4.998,178
2022-02-23 06:31:22,3.8,4.1,170,0.0,0.0,0,0.0,0.0,0,41990.00,0.00,0.00,334,12.57,4.64,0.00,-15.3,4.998,4.998,4.998,4.998,109
2022-02-23 06:32:22,2.7,4.4,180,0.0,0.0,0,0.0,0.0,0,42170.00,0.00,0.00,334,12.61,4.64,0.00,-15.8,4.998,4.998,4.998,4.998,4
2022-02-23 06:33:22,3.3,5.0,157,0.0,0.0,0,0.0,0.0,0,42327.00,0.00,0.00,334,12.61,4.64,0.00,-15.3,4.998,4.998,4.998,4.998,64
2022-02-23 06:34:22,2.8,5.7,212,0.0,0.0,0,0.0,0.0,0,42539.00,0.00,0.00,345,12.61,4.79,0.00,-15.3,4.998,4.998,4.998,4.998,184
2022-02-23 06:35:22,7.4,7.5,189,0.0,0.0,0,0.0,0.0,0,42728.00,0.00,0.00,342,12.57,4.76,0.00,-15.3,4.998,4.998,4.998,4.998,113
2022-02-23 06:36:22,4.4,7.0,284,0.0,0.0,0,0.0,0.0,0,43012.00,0.00,0.00,344,12.57,4.78,0.00,-15.3,4.998,4.998,4.998,4.998,197
2022-02-23 06:37:22,1.2,4.9,146,0.0,0.0,0,0.0,0.0,0,43158.00,0.00,0.00,343,12.57,4.77,0.00,-15.3,4.998,4.998,4.998,4.998,244
2022-02-23 06:38:22,3.6,4.9,134,0.0,0.0,0,0.0,0.0,0,43292.00,0.00,0.00,318,12.57,4.42,0.00,-15.8,4.998,4.998,4.998,4.998,88
2022-02-23 06:39:22,3.3,5.8,218,0.0,0.0,0,0.0,0.0,0,43510.00,0.00,0.00,336,12.57,4.67,0.00,-15.3,4.998,4.998,4.998,4.998,20
2022-02-23 06:40:22,3.2,5.4,190,0.0,0.0,0,0.0,0.0,0,43700.00,0.00,0.00,348,12.61,4.84,0.00,-15.3,4.998,4.998,4.998,4.998,44
2022-02-23 06:41:22,2.1,5.3,179,0.0,0.0,0,0.0,0.0,0,43879.00,0.00,0.00,348,12.61,4.83,0.00,-15.8,4.998,4.998,4.998,4.998,226
2022-02-23 06:42:22,1.7,3.3,96,0.0,0.0,0,0.0,0.0,0,43975.00,0.00,0.00,348,12.61,4.83,0.00,-15.8,4.998,4.998,4.998,4.998,93
2022-02-23 06:43:22,1.7,3.1,108,0.0,0.0,0,0.0,0.0,0,44083.00,0.00,0.00,348,12.57,4.83,0.00,-15.3,4.998,4.998,4.998,4.998,162
2022-02-23 06:44:22,1.2,3.4,115,0.0,0.0,0,0.0,0.0,0,44198.00,0.00,0.00,348,12.57,4.83,0.00,-15.8,4.998,4.998,4.998,4.998,5
2022-02-23 06:45:22,3.1,3.4,95,0.0,0.0,0,0.0,0.0,0,44293.00,0.00,0.00,348,12.57,4.83,0.00,-15.8,4.998,4.998,4.998,4.998,193
2022-02-23 06:46:22,5.2,6.0,214,0.0,0.0,0,0.0,0.0,0,44507.00,0.00,0.00,351,12.57,4.88,0.00,-15.8,4.998,4.998,4.998,4.998,196
2022-02-23 06:47:22,1.1,5.3,93,0.0,0.0,0,0.0,0.0,0,44600.00,0.00,0.00,351,12.61,4.88,0.00,-15.8,4.998,4.998,4.998,4.998,248
2022-02-23 06:48:22,0.0,1.6,10,0.0,0.0,0,0.0,0.0,0,44610.00,0.00,0.00,351,12.57,4.88,0.00,-16.3,4.998,4.998,4.998,4.998,203
2022-02-23 06:49:22,1.7,2.4,40,0.0,0.0,0,0.0,0.0,0,44650.00,0.00,0.00,351,12.61,4.88,0.00,-16.3,4.998,4.998,4.998,4.998,178
2022-02-23 06:50:22,3.5,3.7,68,0.0,0.0,0,0.0,0.0,0,44718.00,0.00,0.00,351,12.57,4.87,0.00,-15.8,4.998,4.998,4.998,4.998,212
2022-02-23 06:51:22,2.6,4.4,163,0.0,0.0,0,0.0,0.0,0,44881.00,0.00,0.00,354,12.57,4.91,0.00,-15.8,4.998,4.998,4.998,4.998,132
2022-02-23 06:52:22,2.0,3.6,96,0.0,0.0,0,0.0,0.0,0,44977.00,0.00,0.00,353,12.57,4.90,0.00,-15.8,4.998,4.998,4.998,4.998,197
2022-02-23 06:53:22,2.1,3.0,120,0.0,0.0,0,0.0,0.0,0,45097.00,0.00,0.00,352,12.61,4.90,0.00,-15.8,4.998,4.998,4.998,4.998,1
2022-02-23 06:54:22,3.1,3.1,94,0.0,0.0,0,0.0,0.0,0,45191.00,0.00,0.00,353,12.57,4.90,0.00,-15.8,4.998,4.998,4.998,4.998,11
2022-02-23 06:55:22,3.7,5.9,216,0.0,0.0,0,0.0,0.0,0,45407.00,0.00,0.00,322,12.61,4.47,0.00,-15.3,4.998,4.998,4.998,4.998,233
2022-02-23 06:56:22,2.1,3.8,145,0.0,0.0,0,0.0,0.0,0,45552.00,0.00,0.00,322,12.57,4.47,0.00,-15.8,4.998,4.998,4.998,4.998,171
2022-02-23 06:57:22,1.8,2.9,100,0.0,0.0,0,0.0,0.0,0,45652.00,0.00,0.00,322,12.57,4.47,0.00,-16.3,4.998,4.998,4.998,4.998,136
2022-02-23 06:58:22,2.3,2.4,83,0.0,0.0,0,0.0,0.0,0,45735.00,0.00,0.00,322,12.57,4.47,0.00,-15.8,4.998,4.998,4.998,4.998,64
2022-02-23 06:59:22,2.1,3.5,123,0.0,0.0,0,0.0,0.0,0,45858.00,0.00,0.00,322,12.57,4.47,0.00,-15.8,4.998,4.998,4.998,4.998,13
2022-02-23 07:00:22,2.2,4.1,73,0.0,0.0,0,0.0,0.0,0,45931.00,0.00,0.00,323,12.57,4.49,0.00,-15.8,4.998,4.998,4.998,4.998,17
2022-02-23 07:01:22,2.3,3.2,121,0.0,0.0,0,0.0,0.0,0,46052.00,0.00,0.00,323,12.57,4.49,0.00,-15.8,4.998,4.998,4.998,4.998,199
2022-02-23 07:02:22,2.3,3.3,107,0.0,0.0,0,0.0,0.0,0,46159.00,0.00,0.00,323,12.57,4.49,0.00,-16.3,4.998,4.998,4.998,4.998,170
2022-02-23 07:03:22,1.8,2.7,97,0.0,0.0,0,0.0,0.0,0,46256.00,0.00,0.00,323,12.61,4.49,0.00,-16.3,4.998,4.998,4.998,4.998,217
2022-02-23 07:04:22,0.0,2.0,29,0.0,0.0,0,0.0,0.0,0,46285.00,0.00,0.00,323,12.57,4.49,0.00,-15.8,4.998,4.998,4.998,4.998,171
2022-02-23 07:05:22,0.0,0.0,0,0.0,0.0,0,0.0,0.0,0,46285.00,0.00,0.00,323,12.57,4.49,0.00,-15.8,4.998,4.998,4.998,4.998,99
2022-02-23 07:06:22,0.0,0.0,0,0.0,0.0,0,0.0,0.0,0,46285.00,0.00,0.00,323,12.57,4.49,0.00,-16.3,4.998,4.998,4.998,4.998,82
2022-02-23 07:07:22,1.6,2.7,99,0.0,0.0,0,0.0,0.0,0,46384.00,0.00,0.00,323,12.57,4.49,0.00,-15.8,4.998,4.998,4.998,4.998,65
2022-02-23 07:08:22,1.8,2.6,95,0.0,0.0,0,0.0,0.0,0,46479.00,0.00,0.00,323,12.57,4.49,0.00,-15.8,4.998,4.998,4.998,4.998,92
2022-02-23 07:09:22,1.5,2.2,79,0.0,0.0,0,0.0,0.0,0,46558.00,0.00,0.00,323,12.57,4.49,0.00,-15.8,4.998,4.998,4.998,4.998,146
2022-02-23 07:10:22,1.3,2.2,76,0.0,0.0,0,0.0,0.0,0,46634.00,0.00,0.00,323,12.57,4.49,0.00,-16.3,4.998,4.998,4.998,4.998,196
2022-02-23 07:11:22,1.2,2.5,83,0.0,0.0,0,0.0,0.0,0,46717.00,0.00,0.00,323,12.57,4.49,0.00,-16.3,4.998,4.998,4.998,4.998,46
2022-02-23 07:12:22,2.3,3.0,92,0.0,0.0,0,0.0,0.0,0,46809.00,0.00,0.00,323,12.57,4.49,0.00,-16.3,4.998,4.998,4.998,4.998,114
2022-02-23 07:13:22,2.7,2.7,89,0.0,0.0,0,0.0,0.0,0,46898.00,0.00,0.00,323,12.57,4.49,0.00,-16.3,4.998,4.998,4.998,4.998,69
2022-02-23 07:14:22,1.3,3.2,100,0.0,0.0,0,0.0,0.0,0,46998.00,0.00,0.00,323,12.57,4.49,0.00,-15.8,4.998,4.998,4.998,4.998,177
2022-02-23 07:15:22,0.0,0.0,0,0.0,0.0,0,0.0,0.0,0,46998.00,0.00,0.00,323,12.57,4.49,0.00,-16.3,4.998,4.998,4.998,4.998,4
2022-02-23 07:16:22,0.0,0.0,0,0.0,0.0,0,0.0,0.0,0,46998.00,0.00,0.00,323,12.57,4.49,0.00,-16.3,4.998,4.998,4.998,4.998,157
2022-02-23 07:17:22,0.0,0.0,0,0.0,0.0,0,0.0,0.0,0,46998.00,0.00,0.00,323,12.57,4.49,0.00,-16.3,4.998,4.998,4.998,4.998,142
2022-02-23 07:18:22,0.0,0.0,0,0.0,0.0,0,0.0,0.0,0,46998.00,0.00,0.00,323,12.57,4.49,0.00,-16.3,4.998,4.998,4.998,4.998,243
2022-02-23 07:19:22,0.0,0.0,0,0.0,0.0,0,0.0,0.0,0,46998.00,0.00,0.00,323,12.57,4.49,0.00,-16.3,4.998,4.998,4.998,4.998,224
2022-02-23 07:20:22,0.0,1.8,19,0.0,0.0,0,0.0,0.0,0,47017.00,0.00,0.00,323,12.57,4.49,0.00,-16.3,4.998,4.998,4.998,4.998,65
2022-02-23 07:21:22,2.0,3.3,124,0.0,0.0,0,0.0,0.0,0,47141.00,0.00,0.00,323,12.57,4.49,0.00,-16.3,4.998,4.998,4.998,4.998,124
2022-02-23 07:22:22,0.0,1.9,19,0.0,0.0,0,0.0,0.0,0,47160.00,0.00,0.00,323,12.57,4.49,0.00,-16.3,4.998,4.998,4.998,4.998,110
2022-02-23 07:23:22,0.0,0.0,0,0.0,0.0,0,0.0,0.0,0,47160.00,0.00,0.00,323,12.57,4.49,0.00,-16.3,4.998,4.998,4.998,4.998,92
2022-02-23 07:24:22,0.0,0.0,0,0.0,0.0,0,0.0,0.0,0,47160.00,0.00,0.00,323,12.57,4.49,0.00,-16.3,4.998,4.998,4.998,4.998,128
2022-02-23 07:25:22,0.0,0.0,0,0.0,0.0,0,0.0,0.0,0,47160.00,0.00,0.00,323,12.57,4.49,0.00,-16.3,4.998,4.998,4.998,4.998,147
2022-02-23 07:26:22,0.0,0.0,0,0.0,0.0,0,0.0,0.0,0,47160.00,0.00,0.00,323,12.57,4.49,0.00,-16.3,4.998,4.998,4.998,4.998,10
2022-02-23 07:27:22,0.0,0.0,0,0.0,0.0,0,0.0,0.0,0,47160.00,0.00,0.00,323,12.57,4.49,0.00,-16.8,4.998,4.998,4.998,4.998,24
2022-02-23 07:28:22,0.0,1.1,2,0.0,0.0,0,0.0,0.0,0,47162.00,0.00,0.00,323,12.57,4.49,0.00,-16.8,4.998,4.998,4.998,4.998,178
2022-02-23 07:29:22,2.4,3.1,43,0.0,0.0,0,0.0,0.0,0,47205.00,0.00,0.00,323,12.57,4.49,0.00,-16.3,4.998,4.998,4.998,4.998,30
2022-02-23 07:30:22,2.8,3.0,130,0.0,0.0,0,0.0,0.0,0,47335.00,0.00,0.00,323,12.57,4.49,0.00,-16.3,4.998,4.998,4.998,4.998,157
2022-02-23 07:31:22,1.3,3.2,94,0.0,0.0,0,0.0,0.0,0,47429.00,0.00,0.00,323,12.57,4.49,0.00,-16.3,4.998,4.998,4.998,4.998,0
2022-02-23 07:32:22,2.0,2.0,13,0.0,0.0,0,0.0,0.0,0,47442.00,0.00,0.00,323,12.57,4.49,0.00,-16.3,4.998,4.998,4.998,4.998,151
2022-02-23 07:33:22,0.0,2.1,43,0.0,0.0,0,0.0,0.0,0,47485.00,0.00,0.00,323,12.53,4.49,0.00,-16.3,4.998,4.998,4.998,4.998,90
2022-02-23 07:34:22,0.0,0.0,0,0.0,0.0,0,0.0,0.0,0,47485.00,0.00,0.00,323,12.53,4.49,0.00,-16.8,4.998,4.998,4.998,4.998,134
2022-02-23 07:35:22,0.0,0.0,0,0.0,0.0,0,0.0,0.0,0,47485.00,0.00,0.00,323,12.53,4.49,0.00,-16.3,4.998,4.998,4.998,4.998,148
2022-02-23 07:36:22,5.4,5.9,150,0.0,0.0,0,0.0,0.0,0,47635.00,0.00,0.00,16,12.57,0.22,0.00,-16.3,4.998,4.998,4.998,4.998,102
2022-02-23 07:37:22,2.7,5.6,243,0.0,0.0,0,0.0,0.0,0,47878.00,0.00,0.00,1,12.53,0.02,0.00,-15.8,4.998,4.998,4.998,4.998,4
2022-02-23 07:38:22,3.1,4.6,202,0.0,0.0,0,0.0,0.0,0,48080.00,0.00,0.00,1,12.53,0.02,0.00,-16.3,4.998,4.998,4.998,4.998,198
2022-02-23 07:39:22,4.7,5.9,221,0.0,0.0,0,0.0,0.0,0,48301.00,0.00,0.00,353,12.53,4.91,0.00,-15.8,4.998,4.998,4.998,4.998,82
2022-02-23 07:40:22,3.6,5.2,230,0.0,0.0,0,0.0,0.0,0,48531.00,0.00,0.00,358,12.53,4.97,0.00,-15.8,4.998,4.998,4.998,4.998,66
2022-02-23 07:41:22,3.8,5.1,187,0.0,0.0,0,0.0,0.0,0,48718.00,0.00,0.00,333,12.57,4.63,0.00,-16.3,4.998,4.998,4.998,4.998,154
2022-02-23 07:42:22,3.5,4.4,147,0.0,0.0,0,0.0,0.0,0,48865.00,0.00,0.00,359,12.57,4.99,0.00,-15.8,4.998,4.998,4.998,4.998,97
2022-02-23 07:43:22,4.4,5.1,203,0.0,0.0,0,0.0,0.0,0,49068.00,0.00,0.00,0,12.53,0.00,0.00,-15.8,4.998,4.998,4.998,4.998,123
2022-02-23 07:44:22,4.1,5.8,265,0.0,0.0,0,0.0,0.0,0,49333.00,0.00,0.00,346,12.53,4.81,0.00,-15.8,4.998,4.998,4.998,4.998,63
2022-02-23 07:45:22,3.7,5.6,219,0.0,0.0,0,0.0,0.0,0,49552.00,0.00,0.00,0,12.53,0.00,0.00,-15.8,4.998,4.998,4.998,4.998,171
2022-02-23 07:46:22,3.9,4.4,197,0.0,0.0,0,0.0,0.0,0,49749.00,0.00,0.00,358,12.53,4.98,0.00,-15.8,4.998,4.998,4.998,4.998,130
2022-02-23 07:47:22,2.4,5.3,224,0.0,0.0,0,0.0,0.0,0,49973.00,0.00,0.00,7,12.57,0.10,0.00,-15.8,4.998,4.998,4.998,4.998,155
2022-02-23 07:48:22,2.3,3.1,92,0.0,0.0,0,0.0,0.0,0,50065.00,0.00,0.00,7,12.53,0.10,0.00,-16.3,4.998,4.998,4.998,4.998,193
2022-02-23 07:49:22,3.2,3.3,96,0.0,0.0,0,0.0,0.0,0,50161.00,0.00,0.00,7,12.57,0.10,0.00,-16.3,4.998,4.998,4.998,4.998,213
2022-02-23 07:50:22,1.9,3.5,129,0.0,0.0,0,0.0,0.0,0,50290.00,0.00,0.00,7,12.53,0.10,0.00,-16.3,4.998,4.998,4.998,4.998,68
2022-02-23 07:51:22,4.0,5.4,130,0.0,0.0,0,0.0,0.0,0,50420.00,0.00,0.00,9,12.57,0.13,0.00,-16.3,4.998,4.998,4.998,4.998,27
2022-02-23 07:52:22,3.6,5.9,234,0.0,0.0,0,0.0,0.0,0,50654.00,0.00,0.00,355,12.57,4.94,0.00,-15.8,4.998,4.998,4.998,4.998,149
2022-02-23 07:53:22,4.0,5.2,159,0.0,0.0,0,0.0,0.0,0,50813.00,0.00,0.00,2,12.57,0.03,0.00,-16.3,4.998,4.998,4.998,4.998,241
2022-02-23 07:54:22,2.3,4.1,103,0.0,0.0,0,0.0,0.0,0,50916.00,0.00,0.00,0,12.57,0.00,0.00,-15.8,4.998,4.998,4.998,4.998,178
2022-02-23 07:55:22,2.3,3.1,96,0.0,0.0,0,0.0,0.0,0,51012.00,0.00,0.00,0,12.57,0.00,0.00,-16.3,4.998,4.998,4.998,4.998,102
2022-02-23 07:56:22,4.2,4.2,102,0.0,0.0,0,0.0,0.0,0,51114.00,0.00,0.00,349,12.57,4.84,0.00,-16.3,4.998,4.998,4.998,4.998,121
2022-02-23 07:57:22,2.1,5.1,163,0.0,0.0,0,0.0,0.0,0,51277.00,0.00,0.00,343,12.57,4.77,0.00,-15.8,4.998,4.998,4.998,4.998,206
2022-02-23 07:58:22,2.8,3.5,144,0.0,0.0,0,0.0,0.0,0,51421.00,0.00,0.00,343,12.57,4.77,0.00,-16.3,4.998,4.998,4.998,4.998,93
2022-02-23 07:59:22,2.0,5.4,218,0.0,0.0,0,0.0,0.0,0,51639.00,0.00,0.00,347,12.61,4.82,0.00,-15.8,4.998,4.998,4.998,4.998,205
2022-02-23 08:00:22,2.6,2.8,105,0.0,0.0,0,0.0,0.0,0,51744.00,0.00,0.00,347,12.61,4.82,0.00,-15.8,4.998,4.998,4.998,4.998,223
2022-02-23 08:01:22,3.4,4.0,101,0.0,0.0,0,0.0,0.0,0,51845.00,0.00,0.00,347,12.61,4.82,0.00,-15.8,4.998,4.998,4.998,4.998,145
2022-02-23 08:02:22,2.7,5.0,212,0.0,0.0,0,0.0,0.0,0,52057.00,0.00,0.00,359,12.61,4.99,0.00,-15.3,4.998,4.998,4.998,4.998,0
2022-02-23 08:03:22,2.2,3.1,116,0.0,0.0,0,0.0,0.0,0,52173.00,0.00,0.00,359,12.61,4.99,0.00,-15.3,4.998,4.998,4.998,4.998,10
2022-02-23 08:04:22,2.1,3.2,115,0.0,0.0,0,0.0,0.0,0,52288.00,0.00,0.00,359,12.65,4.99,0.00,-14.8,4.998,4.998,4.998,4.998,61
2022-02-23 08:05:22,2.4,4.0,164,0.0,0.0,0,0.0,0.0,0,52452.00,0.00,0.00,358,12.65,4.98,0.00,-14.8,4.998,4.998,4.998,4.998,181
2022-02-23 08:06:22,3.2,5.0,194,0.0,0.0,0,0.0,0.0,0,52646.00,0.00,0.00,9,12.65,0.13,0.00,-14.8,4.998,4.998,4.998,4.998,71
2022-02-23 08:07:22,3.2,4.3,167,0.0,0.0,0,0.0,0.0,0,52813.00,0.00,0.00,9,12.69,0.12,0.00,-14.8,4.998,4.998,4.998,4.998,153
2022-02-23 08:08:22,2.4,3.7,139,0.0,0.0,0,0.0,0.0,0,52952.00,0.00,0.00,9,12.69,0.12,0.00,-14.8,4.998,4.998,4.998,4.998,25
2022-02-23 08:09:22,1.3,2.7,78,0.0,0.0,0,0.0,0.0,0,53030.00,0.00,0.00,9,12.73,0.13,0.00,-14.8,4.998,4.998,4.998,4.998,1
2022-02-23 08:10:22,3.3,3.8,115,0.0,0.0,0,0.0,0.0,0,53145.00,0.00,0.00,9,12.73,0.12,0.00,-14.3,4.998,4.998,4.998,4.998,219
2022-02-23 08:11:22,3.1,4.8,223,0.0,0.0,0,0.0,0.0,0,53368.00,0.00,0.00,3,12.77,0.04,0.00,-14.3,4.998,4.998,4.998,4.998,150
2022-02-23 08:12:22,4.4,5.0,196,0.0,0.0,0,0.0,0.0,0,53564.00,0.00,0.00,4,12.77,0.05,0.00,-14.3,4.998,4.998,4.998,4.998,129
2022-02-23 08:13:22,3.7,5.6,251,0.0,0.0,0,0.0,0.0,0,53815.00,0.00,0.00,358,12.77,4.98,0.00,-14.8,4.998,4.998,4.998,4.998,62
2022-02-23 08:14:22,1.4,3.8,154,0.0,0.0,0,0.0,0.0,0,53969.00,0.00,0.00,359,12.81,4.99,0.00,-14.3,4.998,4.998,4.998,4.998,73
2022-02-23 08:15:22,2.2,3.6,90,0.0,0.0,0,0.0,0.0,0,54059.00,0.00,0.00,359,12.85,4.99,0.00,-14.3,4.998,4.998,4.998,4.998,186
2022-02-23 08:16:22,1.5,2.4,73,0.0,0.0,0,0.0,0.0,0,54132.00,0.00,0.00,359,12.89,4.99,0.00,-14.3,4.998,4.998,4.998,4.998,82
2022-02-23 08:17:22,2.3,3.9,120,0.0,0.0,0,0.0,0.0,0,54252.00,0.00,0.00,358,12.89,4.98,0.00,-13.8,4.998,4.998,4.998,4.998,173
2022-02-23 08:18:22,3.4,3.7,115,0.0,0.0,0,0.0,0.0,0,54367.00,0.00,0.00,359,12.92,4.99,0.00,-13.8,4.998,4.998,4.998,4.998,100
2022-02-23 08:19:22,3.5,4.0,155,0.0,0.0,0,0.0,0.0,0,54522.00,0.00,0.00,359,12.96,4.99,0.00,-14.3,4.998,4.998,4.998,4.998,85
2022-02-23 08:20:22,3.3,4.0,155,0.0,0.0,0,0.0,0.0,0,54677.00,0.00,0.00,358,13.00,4.98,0.00,-14.3,4.998,4.998,4.998,4.998,26
2022-02-23 08:21:22,4.1,4.4,145,0.0,0.0,0,0.0,0.0,0,54822.00,0.00,0.00,10,13.04,0.14,0.00,-13.8,4.998,4.998,4.998,4.998,27
2022-02-23 08:22:22,3.5,4.5,218,0.0,0.0,0,0.0,0.0,0,55040.00,0.00,0.00,358,13.08,4.98,0.00,-13.8,4.998,4.998,4.998,4.998,100
2022-02-23 08:23:22,3.2,4.7,176,0.0,0.0,0,0.0,0.0,0,55216.00,0.00,0.00,303,13.12,4.21,0.00,-14.3,4.998,4.998,4.998,4.998,103
2022-02-23 08:24:22,3.2,4.8,178,0.0,0.0,0,0.0,0.0,0,55394.00,0.00,0.00,309,13.20,4.29,0.00,-14.3,4.998,4.998,4.998,4.998,130
2022-02-23 08:25:22,5.4,5.4,154,0.0,0.0,0,0.0,0.0,0,55548.00,0.00,0.00,322,13.24,4.47,0.00,-14.3,4.998,4.998,4.998,4.998,169
2022-02-23 08:26:22,4.2,5.5,253,0.0,0.0,0,0.0,0.0,0,55801.00,0.00,0.00,5,13.35,0.07,0.00,-14.3,4.998,4.998,4.998,4.998,41
2022-02-23 08:27:22,4.5,5.1,248,0.0,0.0,0,0.0,0.0,0,56049.00,0.00,0.00,7,13.43,0.09,0.00,-14.3,4.998,4.998,4.998,4.998,60
2022-02-23 08:28:22,2.2,5.5,205,0.0,0.0,0,0.0,0.0,0,56254.00,0.00,0.00,7,13.55,0.10,0.00,-13.8,4.998,4.998,4.998,4.998,97
2022-02-23 08:29:22,4.2,4.6,154,0.0,0.0,0,0.0,0.0,0,56408.00,0.00,0.00,341,13.67,4.74,0.00,-13.8,4.998,4.998,4.998,4.998,136
2022-02-23 08:30:22,3.7,4.4,185,0.0,0.0,0,0.0,0.0,0,56593.00,0.00,0.00,338,13.78,4.70,0.00,-13.8,4.998,4.998,4.998,4.998,130
2022-02-23 08:31:22,6.1,6.7,221,0.0,0.0,0,0.0,0.0,0,56814.00,0.00,0.00,31,13.94,0.43,0.00,-13.8,4.998,4.998,4.998,4.998,187
2022-02-23 08:32:22,0.8,5.7,147,0.0,0.0,0,0.0,0.0,0,56961.00,0.00,0.00,14,14.10,0.19,0.00,-13.3,4.998,4.998,4.998,4.998,174
2022-02-23 08:33:22,4.7,5.9,189,0.0,0.0,0,0.0,0.0,0,57150.00,0.00,0.00,350,14.21,4.87,0.00,-13.3,4.998,4.998,4.998,4.998,62
2022-02-23 08:34:22,3.9,6.4,219,0.0,0.0,0,0.0,0.0,0,57369.00,0.00,0.00,320,14.45,4.45,0.00,-13.8,4.998,4.998,4.998,4.998,18
2022-02-23 08:35:22,3.5,7.3,295,0.0,0.0,0,0.0,0.0,0,57664.00,0.00,0.00,23,14.37,0.33,0.00,-13.8,4.998,4.998,4.998,4.998,137
2022-02-23 08:36:22,2.3,4.8,201,0.0,0.0,0,0.0,0.0,0,57865.00,0.00,0.00,0,14.49,0.00,0.00,-13.8,4.998,4.998,4.998,4.998,179
2022-02-23 08:37:22,4.0,5.9,233,0.0,0.0,0,0.0,0.0,0,58098.00,0.00,0.00,313,14.57,4.35,0.00,-13.8,4.998,4.998,4.998,4.998,151
2022-02-23 08:38:22,3.7,4.8,197,0.0,0.0,0,0.0,0.0,0,58295.00,0.00,0.00,351,14.57,4.88,0.00,-14.3,4.998,4.998,4.998,4.998,86
2022-02-23 08:39:22,2.7,4.0,175,0.0,0.0,0,0.0,0.0,0,58470.00,0.00,0.00,7,14.57,0.09,0.00,-13.8,4.998,4.998,4.998,4.998,148
2022-02-23 08:40:22,1.7,4.6,129,0.0,0.0,0,0.0,0.0,0,58599.00,0.00,0.00,10,14.57,0.14,0.00,-13.3,4.998,4.998,4.998,4.998,1
2022-02-23 08:41:22,3.2,3.7,141,0.0,0.0,0,0.0,0.0,0,58740.00,0.00,0.00,8,14.57,0.12,0.00,-13.3,4.998,4.998,4.998,4.998,172
2022-02-23 08:42:22,0.0,3.7,61,0.0,0.0,0,0.0,0.0,0,58801.00,0.00,0.00,8,14.57,0.11,0.00,-12.8,4.998,4.998,4.998,4.998,137
2022-02-23 08:43:22,2.2,3.4,104,0.0,0.0,0,0.0,0.0,0,58905.00,0.00,0.00,8,14.57,0.11,0.00,-12.8,4.998,4.998,4.998,4.998,56
2022-02-23 08:44:22,5.3,5.3,195,0.0,0.0,0,0.0,0.0,0,59100.00,0.00,0.00,30,14.60,0.42,0.00,-13.8,4.998,4.998,4.998,4.998,31
2022-02-23 08:45:22,3.5,5.4,188,0.0,0.0,0,0.0,0.0,0,59288.00,0.00,0.00,18,14.57,0.25,0.00,-13.8,4.998,4.998,4.998,4.998,94
2022-02-23 08:46:22,7.0,8.4,400,0.0,0.0,0,0.0,0.0,0,59688.00,0.00,0.00,31,14.57,0.43,0.00,-13.8,4.998,4.998,4.998,4.998,214
2022-02-23 08:47:22,3.9,8.8,334,0.0,0.0,0,0.0,0.0,0,60022.00,0.00,0.00,18,14.57,0.26,0.00,-13.8,4.998,4.998,4.998,4.998,96
2022-02-23 08:48:22,5.3,6.7,317,0.0,0.0,0,0.0,0.0,0,60339.00,0.00,0.00,16,14.60,0.22,0.00,-13.8,4.998,4.998,4.998,4.998,234
2022-02-23 08:49:22,4.5,8.5,369,0.0,0.0,0,0.0,0.0,0,60708.00,0.00,0.00,14,14.57,0.20,0.00,-14.3,4.998,4.998,4.998,4.998,58
2022-02-23 08:50:22,7.9,8.0,358,0.0,0.0,0,0.0,0.0,0,61066.00,0.00,0.00,15,14.60,0.20,0.00,-13.8,4.998,4.998,4.998,4.998,55
2022-02-23 08:51:22,5.2,8.1,313,0.0,0.0,0,0.0,0.0,0,61379.00,0.00,0.00,11,14.60,0.15,0.00,-13.3,4.998,4.998,4.998,4.998,215
2022-02-23 08:52:22,3.2,5.5,230,0.0,0.0,0,0.0,0.0,0,61609.00,0.00,0.00,12,14.57,0.17,0.00,-12.8,4.998,4.998,4.998,4.998,104
2022-02-23 08:53:22,6.1,7.9,304,0.0,0.0,0,0.0,0.0,0,61913.00,0.00,0.00,12,14.57,0.17,0.00,-13.3,4.998,4.998,4.998,4.998,45
2022-02-23 08:54:22,6.1,7.6,310,0.0,0.0,0,0.0,0.0,0,62223.00,0.00,0.00,1,14.57,0.02,0.00,-13.3,4.998,4.998,4.998,4.998,48
2022-02-23 08:55:22,3.7,7.4,278,0.0,0.0,0,0.0,0.0,0,62501.00,0.00,0.00,354,14.57,4.92,0.00,-12.8,4.998,4.998,4.998,4.998,0
2022-02-23 08:56:22,3.3,6.0,252,0.0,0.0,0,0.0,0.0,0,62753.00,0.00,0.00,339,14.60,4.71,0.00,-13.3,4.998,4.998,4.998,4.998,122
2022-02-23 08:57:22,5.8,6.1,248,0.0,0.0,0,0.0,0.0,0,63001.00,0.00,0.00,355,14.57,4.93,0.00,-13.3,4.998,4.998,4.998,4.998,167
2022-02-23 08:58:22,3.1,7.3,305,0.0,0.0,0,0.0,0.0,0,63306.00,0.00,0.00,358,14.57,4.98,0.00,-13.3,4.998,4.998,4.998,4.998,47
2022-02-23 08:59:22,0.9,4.8,153,0.0,0.0,0,0.0,0.0,0,63459.00,0.00,0.00,11,14.60,0.16,0.00,-12.4,4.998,4.998,4.998,4.998,217
2022-02-23 09:00:22,2.8,4.8,170,0.0,0.0,0,0.0,0.0,0,63629.00,0.00,0.00,347,14.57,4.82,0.00,-12.4,4.998,4.998,4.998,4.998,72
2022-02-23 09:01:22,3.2,5.2,193,0.0,0.0,0,0.0,0.0,0,63822.00,0.00,0.00,15,14.57,0.21,0.00,-12.4,4.998,4.998,4.998,4.998,156
2022-02-23 09:02:22,4.2,5.8,238,0.0,0.0,0,0.0,0.0,0,64060.00,0.00,0.00,22,14.57,0.31,0.00,-12.4,4.998,4.998,4.998,4.998,106
2022-02-23 09:03:22,2.7,4.6,197,0.0,0.0,0,0.0,0.0,0,64257.00,0.00,0.00,45,14.57,0.63,0.00,-12.8,4.998,4.998,4.998,4.998,148
2022-02-23 09:04:22,4.1,4.6,167,0.0,0.0,0,0.0,0.0,0,64424.00,0.00,0.00,47,14.60,0.66,0.00,-12.8,4.998,4.998,4.998,4.998,84
2022-02-23 09:05:22,3.4,4.1,106,0.0,0.0,0,0.0,0.0,0,64530.00,0.00,0.00,41,14.60,0.57,0.00,-11.9,4.998,4.998,4.998,4.998,240
2022-02-23 09:06:22,3.0,4.4,153,0.0,0.0,0,0.0,0.0,0,64683.00,0.00,0.00,14,14.57,0.19,0.00,-11.9,4.998,4.998,4.998,4.998,16
2022-02-23 09:07:22,1.5,3.2,105,0.0,0.0,0,0.0,0.0,0,64788.00,0.00,0.00,14,14.57,0.19,0.00,-12.4,4.998,4.998,4.998,4.998,194
2022-02-23 09:08:22,2.9,3.7,76,0.0,0.0,0,0.0,0.0,0,64864.00,0.00,0.00,14,14.57,0.20,0.00,-13.8,4.998,4.998,4.998,4.998,193
2022-02-23 09:09:22,2.6,4.2,165,0.0,0.0,0,0.0,0.0,0,65029.00,0.00,0.00,14,14.60,0.19,0.00,-13.3,4.998,4.998,4.998,4.998,121
2022-02-23 09:10:22,2.4,4.3,141,0.0,0.0,0,0.0,0.0,0,65170.00,0.00,0.00,14,14.57,0.19,0.00,-12.4,4.998,4.998,4.998,4.998,27
2022-02-23 09:11:22,2.0,3.1,103,0.0,0.0,0,0.0,0.0,0,65273.00,0.00,0.00,14,14.60,0.19,0.00,-12.4,4.998,4.998,4.998,4.998,176
2022-02-23 09:12:22,4.1,4.9,156,0.0,0.0,0,0.0,0.0,0,65429.00,0.00,0.00,27,14.57,0.37,0.00,-12.4,4.998,4.998,4.998,4.998,247
2022-02-23 09:13:22,3.0,4.7,229,0.0,0.0,0,0.0,0.0,0,65658.00,0.00,0.00,35,14.57,0.49,0.00,-12.4,4.998,4.998,4.998,4.998,128
2022-02-23 09:14:22,5.8,5.9,188,0.0,0.0,0,0.0,0.0,0,65846.00,0.00,0.00,25,14.57,0.35,0.00,-11.9,4.998,4.998,4.998,4.998,123
2022-02-23 09:15:22,4.2,5.8,253,0.0,0.0,0,0.0,0.0,0,66099.00,0.00,0.00,29,14.60,0.40,0.00,-11.9,4.998,4.998,4.998,4.998,173
2022-02-23 09:16:22,5.4,6.9,335,0.0,0.0,0,0.0,0.0,0,66434.00,0.00,0.00,11,14.60,0.15,0.00,-11.9,4.998,4.998,4.998,4.998,174
2022-02-23 09:17:22,4.9,6.5,321,0.0,0.0,0,0.0,0.0,0,66755.00,0.00,0.00,18,14.60,0.25,0.00,-12.4,4.998,4.998,4.998,4.998,225
2022-02-23 09:18:22,2.4,5.1,161,0.0,0.0,0,0.0,0.0,0,66916.00,0.00,0.00,18,14.60,0.25,0.00,-11.9,4.998,4.998,4.998,4.998,179
2022-02-23 09:19:22,2.4,4.5,139,0.0,0.0,0,0.0,0.0,0,67055.00,0.00,0.00,36,14.60,0.50,0.00,-12.8,4.998,4.998,4.998,4.998,224
2022-02-23 09:20:22,3.0,5.3,214,0.0,0.0,0,0.0,0.0,0,67269.00,0.00,0.00,349,14.57,4.85,0.00,-12.8,4.998,4.998,4.998,4.998,32
2022-02-23 09:21:22,3.5,4.9,227,0.0,0.0,0,0.0,0.0,0,67496.00,0.00,0.00,356,14.60,4.95,0.00,-13.3,4.998,4.998,4.998,4.998,92
2022-02-23 09:22:22,4.6,5.7,256,0.0,0.0,0,0.0,0.0,0,67752.00,0.00,0.00,20,14.60,0.28,0.00,-13.3,4.998,4.998,4.998,4.998,12
2022-02-23 09:23:22,3.0,4.6,223,0.0,0.0,0,0.0,0.0,0,67975.00,0.00,0.00,32,14.60,0.44,0.00,-13.3,4.998,4.998,4.998,4.998,43
2022-02-23 09:24:22,3.9,4.4,187,0.0,0.0,0,0.0,0.0,0,68162.00,0.00,0.00,32,14.57,0.45,0.00,-13.3,4.998,4.998,4.998,4.998,23
2022-02-23 09:25:22,3.6,4.4,172,0.0,0.0,0,0.0,0.0,0,68334.00,0.00,0.00,2,14.57,0.02,0.00,-13.3,4.998,4.998,4.998,4.998,139
2022-02-23 09:26:22,6.8,6.8,254,0.0,0.0,0,0.0,0.0,0,68588.00,0.00,0.00,4,14.57,0.06,0.00,-13.3,4.998,4.998,4.998,4.998,155
2022-02-23 09:27:22,3.9,6.9,317,0.0,0.0,0,0.0,0.0,0,68905.00,0.00,0.00,13,14.57,0.18,0.00,-13.3,4.998,4.998,4.998,4.998,101
2022-02-23 09:28:22,7.5,7.5,163,0.0,0.0,0,0.0,0.0,0,69068.00,0.00,0.00,53,14.57,0.73,0.00,-13.3,4.998,4.998,4.998,4.998,194
2022-02-23 09:29:22,3.6,8.4,315,0.0,0.0,0,0.0,0.0,0,69383.00,0.00,0.00,53,14.60,0.73,0.00,-14.3,4.998,4.998,4.998,4.998,144
2022-02-23 09:30:22,2.9,3.6,164,0.0,0.0,0,0.0,0.0,0,69547.00,0.00,0.00,52,14.60,0.73,0.00,-13.3,4.998,4.998,4.998,4.998,89
2022-02-23 09:31:22,2.1,4.1,151,0.0,0.0,0,0.0,0.0,0,69698.00,0.00,0.00,52,14.60,0.73,0.00,-13.3,4.998,4.998,4.998,4.998,196
2022-02-23 09:32:22,4.0,4.0,91,0.0,0.0,0,0.0,0.0,0,69789.00,0.00,0.00,48,14.60,0.66,0.00,-12.4,4.998,4.998,4.998,4.998,31
2022-02-23 09:33:22,3.9,5.1,243,0.0,0.0,0,0.0,0.0,0,70032.00,0.00,0.00,12,14.60,0.17,0.00,-12.4,4.998,4.998,4.998,4.998,123
2022-02-23 09:34:22,1.4,3.9,114,0.0,0.0,0,0.0,0.0,0,70146.00,0.00,0.00,12,14.60,0.17,0.00,-11.4,4.998,4.998,4.998,4.998,33
2022-02-23 09:35:22,3.1,5.7,185,0.0,0.0,0,0.0,0.0,0,70331.00,0.00,0.00,32,14.57,0.44,0.00,-11.9,4.998,4.998,4.998,4.998,54
2022-02-23 09:36:22,1.6,4.1,143,0.0,0.0,0,0.0,0.0,0,70474.00,0.00,0.00,33,14.60,0.45,0.00,-12.4,4.998,4.998,4.998,4.998,7
2022-02-23 09:37:22,1.5,3.9,99,0.0,0.0,0,0.0,0.0,0,70573.00,0.00,0.00,31,14.60,0.44,0.00,-12.4,4.998,4.998,4.998,4.998,189
2022-02-23 09:38:22,4.8,6.3,244,0.0,0.0,0,0.0,0.0,0,70817.00,0.00,0.00,36,14.60,0.50,0.00,-11.9,4.998,4.998,4.998,4.998,172
2022-02-23 09:39:22,2.1,7.3,257,0.0,0.0,0,0.0,0.0,0,71074.00,0.00,0.00,26,14.57,0.36,0.00,-12.4,4.998,4.998,4.998,4.998,40
2022-02-23 09:40:22,0.0,3.4,68,0.0,0.0,0,0.0,0.0,0,71142.00,0.00,0.00,27,14.60,0.38,0.00,-12.4,4.998,4.998,4.998,4.998,10
2022-02-23 09:41:22,2.1,4.0,87,0.0,0.0,0,0.0,0.0,0,71229.00,0.00,0.00,10,14.57,0.14,0.00,-11.9,4.998,4.998,4.998,4.998,233
2022-02-23 09:42:22,2.2,4.9,85,0.0,0.0,0,0.0,0.0,0,71314.00,0.00,0.00,9,14.60,0.13,0.00,-11.4,4.998,4.998,4.998,4.998,0
2022-02-23 09:43:22,4.9,5.3,137,0.0,0.0,0,0.0,0.0,0,71451.00,0.00,0.00,45,14.57,0.62,0.00,-11.9,4.998,4.998,4.998,4.998,122
2022-02-23 09:44:22,2.6,5.9,230,0.0,0.0,0,0.0,0.0,0,71681.00,0.00,0.00,3,14.57,0.04,0.00,-12.4,4.998,4.998,4.998,4.998,155
2022-02-23 09:45:22,1.6,3.3,99,0.0,0.0,0,0.0,0.0,0,71780.00,0.00,0.00,3,14.60,0.04,0.00,-12.4,4.998,4.998,4.998,4.998,147
2022-02-23 09:46:22,3.0,3.7,135,0.0,0.0,0,0.0,0.0,0,71915.00,0.00,0.00,359,14.57,4.99,0.00,-11.9,4.998,4.998,4.998,4.998,132
2022-02-23 09:47:22,4.4,5.2,243,0.0,0.0,0,0.0,0.0,0,72158.00,0.00,0.00,344,14.57,4.78,0.00,-12.4,4.998,4.998,4.998,4.998,255
2022-02-23 09:48:22,3.1,5.9,237,0.0,0.0,0,0.0,0.0,0,72395.00,0.00,0.00,358,14.60,4.98,0.00,-12.4,4.998,4.998,4.998,4.998,152
2022-02-23 09:49:22,4.5,5.8,220,0.0,0.0,0,0.0,0.0,0,72615.00,0.00,0.00,23,14.60,0.33,0.00,-11.9,4.998,4.998,4.998,4.998,110
2022-02-23 09:50:22,6.5,7.1,323,0.0,0.0,0,0.0,0.0,0,72938.00,0.00,0.00,16,14.60,0.22,0.00,-11.9,4.998,4.998,4.998,4.998,143
2022-02-23 09:51:22,5.9,7.0,365,0.0,0.0,0,0.0,0.0,0,73303.00,0.00,0.00,16,14.60,0.22,0.00,-12.4,4.998,4.998,4.998,4.998,161
2022-02-23 09:52:22,4.6,7.1,335,0.0,0.0,0,0.0,0.0,0,73638.00,0.00,0.00,27,14.60,0.38,0.00,-11.9,4.998,4.998,4.998,4.998,151
2022-02-23 09:53:22,0.0,4.6,104,0.0,0.0,0,0.0,0.0,0,73742.00,0.00,0.00,27,14.60,0.38,0.00,-11.4,4.998,4.998,4.998,4.998,138
2022-02-23 09:54:22,5.0,5.7,144,0.0,0.0,0,0.0,0.0,0,73886.00,0.00,0.00,26,14.60,0.36,0.00,-11.4,4.998,4.998,4.998,4.998,222
2022-02-23 09:55:22,5.9,6.6,314,0.0,0.0,0,0.0,0.0,0,74200.00,0.00,0.00,49,14.60,0.69,0.00,-12.4,4.998,4.998,4.998,4.998,174
2022-02-23 09:56:22,3.6,6.3,300,0.0,0.0,0,0.0,0.0,0,74500.00,0.00,0.00,26,14.64,0.36,0.00,-12.8,4.998,4.998,4.998,4.998,47
2022-02-23 09:57:22,5.5,6.3,214,0.0,0.0,0,0.0,0.0,0,74714.00,0.00,0.00,12,14.57,0.17,0.00,-12.4,4.998,4.998,4.998,4.998,52
2022-02-23 09:58:22,5.1,5.9,269,0.0,0.0,0,0.0,0.0,0,74983.00,0.00,0.00,31,14.64,0.44,0.00,-12.4,4.998,4.998,4.998,4.998,44
2022-02-23 09:59:22,4.0,5.9,271,0.0,0.0,0,0.0,0.0,0,75254.00,0.00,0.00,21,14.60,0.29,0.00,-12.4,4.998,4.998,4.998,4.998,76
2022-02-23 10:00:22,4.6,6.3,283,0.0,0.0,0,0.0,0.0,0,75537.00,0.00,0.00,28,14.60,0.40,0.00,-12.4,4.998,4.998,4.998,4.998,221
2022-02-23 10:01:22,4.2,5.1,233,0.0,0.0,0,0.0,0.0,0,75770.00,0.00,0.00,29,14.57,0.40,0.00,-12.8,4.998,4.998,4.998,4.998,1
2022-02-23 10:02:22,0.0,4.0,106,0.0,0.0,0,0.0,0.0,0,75876.00,0.00,0.00,28,14.60,0.40,0.00,-12.4,4.998,4.998,4.998,4.998,128
2022-02-23 10:03:22,0.0,0.0,0,0.0,0.0,0,0.0,0.0,0,75876.00,0.00,0.00,28,14.57,0.40,0.00,-11.9,4.998,4.998,4.998,4.998,177
2022-02-23 10:04:22,6.5,7.1,185,0.0,0.0,0,0.0,0.0,0,76061.00,0.00,0.00,15,14.60,0.21,0.00,-12.4,4.998,4.998,4.998,4.998,135
2022-02-23 10:05:22,3.1,6.8,210,0.0,0.0,0,0.0,0.0,0,76271.00,0.00,0.00,24,14.60,0.34,0.00,-11.9,4.998,4.998,4.998,4.998,106
2022-02-23 10:06:22,2.9,3.2,85,0.0,0.0,0,0.0,0.0,0,76356.00,0.00,0.00,24,14.60,0.34,0.00,-11.9,4.998,4.998,4.998,4.998,201
2022-02-23 10:07:22,2.5,3.6,151,0.0,0.0,0,0.0,0.0,0,76507.00,0.00,0.00,24,14.57,0.34,0.00,-11.4,4.998,4.998,4.998,4.998,156
2022-02-23 10:08:22,0.0,2.9,74,0.0,0.0,0,0.0,0.0,0,76581.00,0.00,0.00,24,14.60,0.34,0.00,-11.4,4.998,4.998,4.998,4.998,90
2022-02-23 10:09:22,4.6,5.1,80,0.0,0.0,0,0.0,0.0,0,76661.00,0.00,0.00,324,14.60,4.50,0.00,-11.9,4.998,4.998,4.998,4.998,161
2022-02-23 10:10:22,4.4,6.3,290,0.0,0.0,0,0.0,0.0,0,76951.00,0.00,0.00,339,14.64,4.71,0.00,-12.4,4.998,4.998,4.998,4.998,240
2022-02-23 10:11:22,2.0,5.9,216,0.0,0.0,0,0.0,0.0,0,77167.00,0.00,0.00,357,14.64,4.96,0.00,-12.4,4.998,4.998,4.998,4.998,141
2022-02-23 10:12:22,4.8,5.8,189,0.0,0.0,0,0.0,0.0,0,77356.00,0.00,0.00,333,14.64,4.63,0.00,-11.9,4.998,4.998,4.998,4.998,53
2022-02-23 10:13:22,3.6,5.9,262,0.0,0.0,0,0.0,0.0,0,77618.00,0.00,0.00,323,14.60,4.49,0.00,-12.4,4.998,4.998,4.998,4.998,237
2022-02-23 10:14:22,3.0,5.7,230,0.0,0.0,0,0.0,0.0,0,77848.00,0.00,0.00,359,14.57,4.99,0.00,-12.4,4.998,4.998,4.998,4.998,74
2022-02-23 10:15:22,1.7,3.0,112,0.0,0.0,0,0.0,0.0,0,77960.00,0.00,0.00,359,14.57,4.99,0.00,-11.4,4.998,4.998,4.998,4.998,129
2022-02-23 10:16:22,0.0,2.2,30,0.0,0.0,0,0.0,0.0,0,77990.00,0.00,0.00,359,14.60,4.99,0.00,-11.4,4.998,4.998,4.998,4.998,20
2022-02-23 10:17:22,2.7,3.2,30,0.0,0.0,0,0.0,0.0,0,78020.00,0.00,0.00,359,14.60,4.99,0.00,-10.9,4.998,4.998,4.998,4.998,25
2022-02-23 10:18:22,3.0,4.4,195,0.0,0.0,0,0.0,0.0,0,78215.00,0.00,0.00,346,14.60,4.81,0.00,-11.4,4.998,4.998,4.998,4.998,230
2022-02-23 10:19:22,3.1,5.4,127,0.0,0.0,0,0.0,0.0,0,78342.00,0.00,0.00,0,14.60,0.00,0.00,-11.4,4.998,4.998,4.998,4.998,154
2022-02-23 10:20:22,5.5,5.9,237,0.0,0.0,0,0.0,0.0,0,78579.00,0.00,0.00,341,14.57,4.74,0.00,-11.9,4.998,4.998,4.998,4.998,138
2022-02-23 10:21:22,1.9,5.8,204,0.0,0.0,0,0.0,0.0,0,78783.00,0.00,0.00,312,14.64,4.34,0.00,-11.9,4.998,4.998,4.998,4.998,135
2022-02-23 10:22:22,5.4,5.7,199,0.0,0.0,0,0.0,0.0,0,78982.00,0.00,0.00,352,14.60,4.89,0.00,-11.9,4.998,4.998,4.998,4.998,179
2022-02-23 10:23:22,2.8,5.6,194,0.0,0.0,0,0.0,0.0,0,79176.00,0.00,0.00,350,14.60,4.87,0.00,-12.4,4.998,4.998,4.998,4.998,152
2022-02-23 10:24:22,3.8,4.3,148,0.0,0.0,0,0.0,0.0,0,79324.00,0.00,0.00,298,14.57,4.14,0.00,-12.4,4.998,4.998,4.998,4.998,15
2022-02-23 10:25:22,2.3,5.2,181,0.0,0.0,0,0.0,0.0,0,79505.00,0.00,0.00,39,14.64,0.54,0.00,-11.9,4.998,4.998,4.998,4.998,66
2022-02-23 10:26:22,3.5,4.6,197,0.0,0.0,0,0.0,0.0,0,79702.00,0.00,0.00,30,14.57,0.41,0.00,-11.4,4.998,4.998,4.998,4.998,53
2022-02-23 10:27:22,2.3,4.2,166,0.0,0.0,0,0.0,0.0,0,79868.00,0.00,0.00,28,14.60,0.40,0.00,-10.9,4.998,4.998,4.998,4.998,245
2022-02-23 10:28:22,3.5,5.0,187,0.0,0.0,0,0.0,0.0,0,80055.00,0.00,0.00,10,14.60,0.14,0.00,-10.9,4.998,4.998,4.998,4.998,19
2022-02-23 10:29:22,5.8,6.7,271,0.0,0.0,0,0.0,0.0,0,80326.00,0.00,0.00,1,14.60,0.02,0.00,-10.9,4.998,4.998,4.998,4.998,195
2022-02-23 10:30:22,2.9,6.0,274,0.0,0.0,0,0.0,0.0,0,80600.00,0.00,0.00,5,14.60,0.07,0.00,-11.4,4.998,4.998,4.998,4.998,86
2022-02-23 10:31:22,2.2,5.3,162,0.0,0.0,0,0.0,0.0,0,80762.00,0.00,0.00,321,14.64,4.46,0.00,-11.4,4.998,4.998,4.998,4.998,217
2022-02-23 10:32:22,5.8,5.9,78,0.0,0.0,0,0.0,0.0,0,80840.00,0.00,0.00,342,14.60,4.75,0.00,-10.9,4.998,4.998,4.998,4.998,50
2022-02-23 10:33:22,3.2,6.5,240,0.0,0.0,0,0.0,0.0,0,81080.00,0.00,0.00,350,14.49,4.86,0.00,-11.4,4.998,4.998,4.998,4.998,67
2022-02-23 10:34:22,1.2,3.6,117,0.0,0.0,0,0.0,0.0,0,81197.00,0.00,0.00,350,14.45,4.86,0.00,-11.4,4.998,4.998,4.998,4.998,208
2022-02-23 10:35:22,2.2,2.2,22,0.0,0.0,0,0.0,0.0,0,81219.00,0.00,0.00,350,14.49,4.86,0.00,-10.9,4.998,4.998,4.998,4.998,91
2022-02-23 10:36:22,0.0,3.5,69,0.0,0.0,0,0.0,0.0,0,81288.00,0.00,0.00,350,14.45,4.86,0.00,-11.4,4.998,4.998,4.998,4.998,232
2022-02-23 10:37:22,0.0,0.0,0,0.0,0.0,0,0.0,0.0,0,81288.00,0.00,0.00,350,14.49,4.86,0.00,-11.4,4.998,4.998,4.998,4.998,185
2022-02-23 10:38:22,0.0,0.0,0,0.0,0.0,0,0.0,0.0,0,81288.00,0.00,0.00,350,14.49,4.86,0.00,-10.9,4.998,4.998,4.998,4.998,218
2022-02-23 10:39:22,0.0,0.0,0,0.0,0.0,0,0.0,0.0,0,81288.00,0.00,0.00,350,14.45,4.86,0.00,-10.9,4.998,4.998,4.998,4.998,63
2022-02-23 10:40:22,0.0,0.0,0,0.0,0.0,0,0.0,0.0,0,81288.00,0.00,0.00,350,14.49,4.86,0.00,-10.4,4.998,4.998,4.998,4.998,238
2022-02-23 10:41:22,0.0,1.4,6,0.0,0.0,0,0.0,0.0,0,81294.00,0.00,0.00,350,14.49,4.86,0.00,-10.9,4.998,4.998,4.998,4.998,55
2022-02-23 10:42:22,0.0,2.2,19,0.0,0.0,0,0.0,0.0,0,81313.00,0.00,0.00,350,14.49,4.86,0.00,-10.9,4.998,4.998,4.998,4.998,217
2022-02-23 10:43:22,0.0,0.0,0,0.0,0.0,0,0.0,0.0,0,81313.00,0.00,0.00,350,14.45,4.87,0.00,-10.4,4.998,4.998,4.998,4.998,42
2022-02-23 10:44:22,0.0,0.0,0,0.0,0.0,0,0.0,0.0,0,81313.00,0.00,0.00,350,14.49,4.86,0.00,-10.9,4.998,4.998,4.998,4.998,39
2022-02-23 10:45:22,0.0,0.0,0,0.0,0.0,0,0.0,0.0,0,81313.00,0.00,0.00,350,14.45,4.87,0.00,-9.9,4.998,4.998,4.998,4.998,181
2022-02-23 10:46:22,0.0,0.0,0,0.0,0.0,0,0.0,0.0,0,81313.00,0.00,0.00,350,14.45,4.86,0.00,-9.9,4.998,4.998,4.998,4.998,184
2022-02-23 10:47:22,0.0,0.0,0,0.0,0.0,0,0.0,0.0,0,81313.00,0.00,0.00,350,14.45,4.87,0.00,-9.9,4.998,4.998,4.998,4.998,10
2022-02-23 10:48:22,1.2,1.6,7,0.0,0.0,0,0.0,0.0,0,81320.00,0.00,0.00,350,14.45,4.86,0.00,-9.9,4.998,4.998,4.998,4.998,49
2022-02-23 10:49:22,0.0,2.6,38,0.0,0.0,0,0.0,0.0,0,81358.00,0.00,0.00,350,14.45,4.87,0.00,-9.4,4.998,4.998,4.998,4.998,238
2022-02-23 10:50:22,2.7,3.8,96,0.0,0.0,0,0.0,0.0,0,81454.00,0.00,0.00,26,14.49,0.36,0.00,-9.4,4.998,4.998,4.998,4.998,213
2022-02-23 10:51:22,3.8,5.4,197,0.0,0.0,0,0.0,0.0,0,81651.00,0.00,0.00,39,14.45,0.55,0.00,-10.9,4.998,4.998,4.998,4.998,227
2022-02-23 10:52:22,2.3,3.8,140,0.0,0.0,0,0.0,0.0,0,81791.00,0.00,0.00,40,14.49,0.55,0.00,-10.9,4.998,4.998,4.998,4.998,56
2022-02-23 10:53:22,2.5,3.8,118,0.0,0.0,0,0.0,0.0,0,81909.00,0.00,0.00,39,14.49,0.55,0.00,-10.9,4.998,4.998,4.998,4.998,29
2022-02-23 10:54:22,1.5,4.4,159,0.0,0.0,0,0.0,0.0,0,82068.00,0.00,0.00,39,14.45,0.54,0.00,-10.9,4.998,4.998,4.998,4.998,201
2022-02-23 10:55:22,4.0,4.7,129,0.0,0.0,0,0.0,0.0,0,82197.00,0.00,0.00,43,14.45,0.60,0.00,-11.4,4.998,4.998,4.998,4.998,214
2022-02-23 10:56:22,3.9,4.3,163,0.0,0.0,0,0.0,0.0,0,82360.00,0.00,0.00,359,14.49,4.99,0.00,-10.9,4.998,4.998,4.998,4.998,166
2022-02-23 10:57:22,4.3,4.6,189,0.0,0.0,0,0.0,0.0,0,82549.00,0.00,0.00,1,14.49,0.02,0.00,-10.9,4.998,4.998,4.998,4.998,42
2022-02-23 10:58:22,1.6,5.0,141,0.0,0.0,0,0.0,0.0,0,82690.00,0.00,0.00,296,14.45,4.12,0.00,-9.9,4.998,4.998,4.998,4.998,7
2022-02-23 10:59:22,1.8,3.3,94,0.0,0.0,0,0.0,0.0,0,82784.00,0.00,0.00,296,14.45,4.11,0.00,-10.4,4.998,4.998,4.998,4.998,86
2022-02-23 11:00:22,1.2,3.4,118,0.0,0.0,0,0.0,0.0,0,82902.00,0.00,0.00,245,14.45,3.40,0.00,-9.9,4.998,4.998,4.998,4.998,131
2022-02-23 11:01:22,3.3,3.3,54,0.0,0.0,0,0.0,0.0,0,82956.00,0.00,0.00,179,14.49,2.49,0.00,-9.9,4.998,4.998,4.998,4.998,62
2022-02-23 11:02:22,2.8,4.2,196,0.0,0.0,0,0.0,0.0,0,83152.00,0.00,0.00,156,14.49,2.17,0.00,-10.4,4.998,4.998,4.998,4.998,183
2022-02-23 11:03:22,2.6,2.8,52,0.0,0.0,0,0.0,0.0,0,83204.00,0.00,0.00,157,14.49,2.18,0.00,-9.9,4.998,4.998,4.998,4.998,218
2022-02-23 11:04:22,4.0,4.7,200,0.0,0.0,0,0.0,0.0,0,83404.00,0.00,0.00,203,14.45,2.83,0.00,-10.9,4.998,4.998,4.998,4.998,97
2022-02-23 11:05:22,4.4,4.7,223,0.0,0.0,0,0.0,0.0,0,83627.00,0.00,0.00,195,14.49,2.71,0.00,-11.4,4.998,4.998,4.998,4.998,158
2022-02-23 11:06:22,2.8,4.4,129,0.0,0.0,0,0.0,0.0,0,83756.00,0.00,0.00,196,14.45,2.72,0.00,-11.4,4.998,4.998,4.998,4.998,195
2022-02-23 11:07:22,3.3,3.3,117,0.0,0.0,0,0.0,0.0,0,83873.00,0.00,0.00,196,14.45,2.72,0.00,-11.4,4.998,4.998,4.998,4.998,79
2022-02-23 11:08:22,0.0,3.7,49,0.0,0.0,0,0.0,0.0,0,83922.00,0.00,0.00,196,14.45,2.72,0.00,-10.9,4.998,4.998,4.998,4.998,184
2022-02-23 11:09:22,3.9,4.2,65,0.0,0.0,0,0.0,0.0,0,83987.00,0.00,0.00,284,14.45,3.95,0.00,-10.9,4.998,4.998,4.998,4.998,33
2022-02-23 11:10:22,4.9,6.6,261,0.0,0.0,0,0.0,0.0,0,84248.00,0.00,0.00,263,14.45,3.66,0.00,-11.9,4.998,4.998,4.998,4.998,157
2022-02-23 11:11:22,2.0,5.4,207,0.0,0.0,0,0.0,0.0,0,84455.00,0.00,0.00,232,14.45,3.22,0.00,-11.9,4.998,4.998,4.998,4.998,219
2022-02-23 11:12:22,1.3,2.2,39,0.0,0.0,0,0.0,0.0,0,84494.00,0.00,0.00,232,14.45,3.22,0.00,-11.4,4.998,4.998,4.998,4.998,37
2022-02-23 11:13:22,0.0,2.8,52,0.0,0.0,0,0.0,0.0,0,84546.00,0.00,0.00,232,14.45,3.22,0.00,-10.9,4.998,4.998,4.998,4.998,229
2022-02-23 11:14:22,2.4,5.5,124,0.0,0.0,0,0.0,0.0,0,84670.00,0.00,0.00,348,14.45,4.84,0.00,-10.9,4.998,4.998,4.998,4.998,146
2022-02-23 11:15:22,2.7,4.2,177,0.0,0.0,0,0.0,0.0,0,84847.00,0.00,0.00,22,14.49,0.30,0.00,-11.4,4.998,4.998,4.998,4.998,186
2022-02-23 11:16:22,5.3,5.9,247,0.0,0.0,0,0.0,0.0,0,85094.00,0.00,0.00,304,14.45,4.23,0.00,-10.9,4.998,4.998,4.998,4.998,200
2022-02-23 11:17:22,3.9,6.5,269,0.0,0.0,0,0.0,0.0,0,85363.00,0.00,0.00,284,14.49,3.95,0.00,-10.9,4.998,4.998,4.998,4.998,167
2022-02-23 11:18:22,5.3,7.0,290,0.0,0.0,0,0.0,0.0,0,85653.00,0.00,0.00,257,14.49,3.57,0.00,-10.9,4.998,4.998,4.998,4.998,17
2022-02-23 11:19:22,5.0,6.6,263,0.0,0.0,0,0.0,0.0,0,85916.00,0.00,0.00,290,14.49,4.03,0.00,-11.4,4.998,4.998,4.998,4.998,144
2022-02-23 11:20:22,5.8,5.8,262,0.0,0.0,0,0.0,0.0,0,86178.00,0.00,0.00,305,14.49,4.24,0.00,-11.9,4.998,4.998,4.998,4.998,31
2022-02-23 11:21:22,1.2,6.4,214,0.0,0.0,0,0.0,0.0,0,86392.00,0.00,0.00,280,14.45,3.89,0.00,-10.9,4.998,4.998,4.998,4.998,76
2022-02-23 11:22:22,3.2,4.8,57,0.0,0.0,0,0.0,0.0,0,86449.00,0.00,0.00,261,14.45,3.63,0.00,-10.4,4.998,4.998,4.998,4.998,139
2022-02-23 11:23:22,4.3,6.3,262,0.0,0.0,0,0.0,0.0,0,86711.00,0.00,0.00,254,14.45,3.54,0.00,-10.9,4.998,4.998,4.998,4.998,16
2022-02-23 11:24:22,4.2,7.1,341,0.0,0.0,0,0.0,0.0,0,87052.00,0.00,0.00,252,14.53,3.50,0.00,-11.4,4.998,4.998,4.998,4.998,85
2022-02-23 11:25:22,2.5,5.9,236,0.0,0.0,0,0.0,0.0,0,87288.00,0.00,0.00,308,14.49,4.28,0.00,-11.4,4.998,4.998,4.998,4.998,209
2022-02-23 11:26:22,6.0,6.5,128,0.0,0.0,0,0.0,0.0,0,87416.00,0.00,0.00,233,14.45,3.23,0.00,-10.4,4.998,4.998,4.998,4.998,31
2022-02-23 11:27:22,6.8,10.7,398,0.0,0.0,0,0.0,0.0,0,87814.00,0.00,0.00,253,14.45,3.51,0.00,-10.9,4.998,4.998,4.998,4.998,31
2022-02-23 11:28:22,5.9,8.4,407,0.0,0.0,0,0.0,0.0,0,88221.00,0.00,0.00,241,14.49,3.35,0.00,-11.4,4.998,4.998,4.998,4.998,246
2022-02-23 11:29:22,7.4,9.2,455,0.0,0.0,0,0.0,0.0,0,88676.00,0.00,0.00,231,14.49,3.21,0.00,-11.4,4.998,4.998,4.998,4.998,0
2022-02-23 11:30:22,7.0,7.9,404,0.0,0.0,0,0.0,0.0,0,89080.00,0.00,0.00,241,14.45,3.35,0.00,-11.4,4.998,4.998,4.998,4.998,42
2022-02-23 11:31:22,5.9,8.2,407,0.0,0.0,0,0.0,0.0,0,89487.00,0.00,0.00,244,14.49,3.39,0.00,-11.9,4.998,4.998,4.998,4.998,244
2022-02-23 11:32:22,3.0,5.7,173,0.0,0.0,0,0.0,0.0,0,89660.00,0.00,0.00,247,14.45,3.43,0.00,-11.4,4.998,4.998,4.998,4.998,181
2022-02-23 11:33:22,3.3,5.1,127,0.0,0.0,0,0.0,0.0,0,89787.00,0.00,0.00,241,14.45,3.35,0.00,-10.4,4.998,4.998,4.998,4.998,108
2022-02-23 11:34:22,7.3,7.8,285,0.0,0.0,0,0.0,0.0,0,90072.00,0.00,0.00,242,14.49,3.36,0.00,-10.9,4.998,4.998,4.998,4.998,217
2022-02-23 11:35:22,5.3,8.0,375,0.0,0.0,0,0.0,0.0,0,90447.00,0.00,0.00,221,14.49,3.07,0.00,-10.9,4.998,4.998,4.998,4.998,2
2022-02-23 11:36:22,5.0,8.7,351,0.0,0.0,0,0.0,0.0,0,90798.00,0.00,0.00,245,14.49,3.40,0.00,-11.4,4.998,4.998,4.998,4.998,150
2022-02-23 11:37:22,3.6,6.3,271,0.0,0.0,0,0.0,0.0,0,91069.00,0.00,0.00,242,14.45,3.36,0.00,-10.9,4.998,4.998,4.998,4.998,156
2022-02-23 11:38:22,4.2,7.4,182,0.0,0.0,0,0.0,0.0,0,91251.00,0.00,0.00,261,14.49,3.63,0.00,-10.9,4.998,4.998,4.998,4.998,194
2022-02-23 11:39:22,2.8,5.7,216,0.0,0.0,0,0.0,0.0,0,91467.00,0.00,0.00,225,14.45,3.12,0.00,-11.4,4.998,4.998,4.998,4.998,53
2022-02-23 11:40:22,0.0,3.5,74,0.0,0.0,0,0.0,0.0,0,91541.00,0.00,0.00,224,14.49,3.12,0.00,-10.4,4.998,4.998,4.998,4.998,6
2022-02-23 11:41:22,8.8,11.4,277,0.0,0.0,0,0.0,0.0,0,91818.00,0.00,0.00,313,14.53,4.35,0.00,-10.4,4.998,4.998,4.998,4.998,57
2022-02-23 11:42:22,5.4,9.0,316,0.0,0.0,0,0.0,0.0,0,92134.00,0.00,0.00,309,14.49,4.29,0.00,-10.4,4.998,4.998,4.998,4.998,30
2022-02-23 11:43:22,4.5,6.5,258,0.0,0.0,0,0.0,0.0,0,92392.00,0.00,0.00,329,14.53,4.58,0.00,-9.9,4.998,4.998,4.998,4.998,181
2022-02-23 11:44:22,5.8,6.8,279,0.0,0.0,0,0.0,0.0,0,92671.00,0.00,0.00,293,14.45,4.08,0.00,-10.4,4.998,4.998,4.998,4.998,19
2022-02-23 11:45:22,5.4,8.9,389,0.0,0.0,0,0.0,0.0,0,93060.00,0.00,0.00,276,14.45,3.83,0.00,-10.4,4.998,4.998,4.998,4.998,184
2022-02-23 11:46:22,4.0,6.3,277,0.0,0.0,0,0.0,0.0,0,93337.00,0.00,0.00,246,14.45,3.42,0.00,-9.9,4.998,4.998,4.998,4.998,208
2022-02-23 11:47:22,3.6,8.5,332,0.0,0.0,0,0.0,0.0,0,93669.00,0.00,0.00,237,14.45,3.29,0.00,-10.9,4.998,4.998,4.998,4.998,164
2022-02-23 11:48:22,3.6,6.5,270,0.0,0.0,0,0.0,0.0,0,93939.00,0.00,0.00,221,14.57,3.07,0.00,-10.4,4.998,4.998,4.998,4.998,253
2022-02-23 11:49:22,2.9,5.3,232,0.0,0.0,0,0.0,0.0,0,94171.00,0.00,0.00,253,14.45,3.51,0.00,-10.4,4.998,4.998,4.998,4.998,1
2022-02-23 11:50:22,3.8,4.1,145,0.0,0.0,0,0.0,0.0,0,94316.00,0.00,0.00,265,14.53,3.68,0.00,-9.9,4.998,4.998,4.998,4.998,124
2022-02-23 11:51:22,4.5,5.9,148,0.0,0.0,0,0.0,0.0,0,94464.00,0.00,0.00,283,14.49,3.93,0.00,-9.9,4.998,4.998,4.998,4.998,32
2022-02-23 11:52:22,8.6,9.2,325,0.0,0.0,0,0.0,0.0,0,94789.00,0.00,0.00,247,14.49,3.43,0.00,-9.9,4.998,4.998,4.998,4.998,63
2022-02-23 11:53:22,7.7,10.4,287,0.0,0.0,0,0.0,0.0,0,95076.00,0.00,0.00,249,14.45,3.47,0.00,-10.4,4.998,4.998,4.998,4.998,242
2022-02-23 11:54:22,4.0,9.1,299,0.0,0.0,0,0.0,0.0,0,95375.00,0.00,0.00,313,14.45,4.35,0.00,-9.9,4.998,4.998,4.998,4.998,183
2022-02-23 11:55:22,1.5,5.1,153,0.0,0.0,0,0.0,0.0,0,95528.00,0.00,0.00,306,14.45,4.25,0.00,-9.9,4.998,4.998,4.998,4.998,9
2022-02-23 11:56:22,5.5,6.9,258,0.0,0.0,0,0.0,0.0,0,95786.00,0.00,0.00,330,14.49,4.59,0.00,-9.4,4.998,4.998,4.998,4.998,70
2022-02-23 11:57:22,3.3,6.3,224,0.0,0.0,0,0.0,0.0,0,96010.00,0.00,0.00,263,14.45,3.66,0.00,-9.4,4.998,4.998,4.998,4.998,95
2022-02-23 11:58:22,5.3,6.2,238,0.0,0.0,0,0.0,0.0,0,96248.00,0.00,0.00,317,14.45,4.41,0.00,-9.9,4.998,4.998,4.998,4.998,41
2022-02-23 11:59:22,5.9,8.4,238,0.0,0.0,0,0.0,0.0,0,96486.00,0.00,0.00,235,14.45,3.26,0.00,-9.4,4.998,4.998,4.998,4.998,72
2022-02-23 12:00:22,2.7,6.1,165,0.0,0.0,0,0.0,0.0,0,96651.00,0.00,0.00,240,14.45,3.33,0.00,-9.9,4.998,4.998,4.998,4.998,58
2022-02-23 12:01:22,6.2,7.3,322,0.0,0.0,0,0.0,0.0,0,96973.00,0.00,0.00,223,14.45,3.10,0.00,-9.9,4.998,4.998,4.998,4.998,78
2022-02-23 12:02:22,5.3,6.9,276,0.0,0.0,0,0.0,0.0,0,97249.00,0.00,0.00,261,14.45,3.63,0.00,-9.9,4.998,4.998,4.998,4.998,217
2022-02-23 12:03:22,3.1,7.5,237,0.0,0.0,0,0.0,0.0,0,97486.00,0.00,0.00,271,14.49,3.77,0.00,-9.9,4.998,4.998,4.998,4.998,179
2022-02-23 12:04:22,8.7,9.2,289,0.0,0.0,0,0.0,0.0,0,97775.00,0.00,0.00,237,14.45,3.29,0.00,-10.4,4.998,4.998,4.998,4.998,49
2022-02-23 12:05:22,3.8,9.8,381,0.0,0.0,0,0.0,0.0,0,98156.00,0.00,0.00,241,14.45,3.34,0.00,-10.4,4.998,4.998,4.998,4.998,31
2022-02-23 12:06:22,3.2,5.1,184,0.0,0.0,0,0.0,0.0,0,98340.00,0.00,0.00,325,14.45,4.52,0.00,-10.4,4.998,4.998,4.998,4.998,220
2022-02-23 12:07:22,6.0,6.7,182,0.0,0.0,0,0.0,0.0,0,98522.00,0.00,0.00,299,14.49,4.15,0.00,-9.9,4.998,4.998,4.998,4.998,60
2022-02-23 12:08:22,6.2,6.8,296,0.0,0.0,0,0.0,0.0,0,98818.00,0.00,0.00,273,14.45,3.79,0.00,-10.4,4.998,4.998,4.998,4.998,129
2022-02-23 12:09:22,6.5,7.5,356,0.0,0.0,0,0.0,0.0,0,99174.00,0.00,0.00,293,14.49,4.07,0.00,-10.4,4.998,4.998,4.998,4.998,129
2022-02-23 12:10:22,5.0,7.4,357,0.0,0.0,0,0.0,0.0,0,99531.00,0.00,0.00,291,14.45,4.04,0.00,-10.9,4.998,4.998,4.998,4.998,121
2022-02-23 12:11:22,1.7,5.2,188,0.0,0.0,0,0.0,0.0,0,99719.00,0.00,0.00,262,14.45,3.65,0.00,-9.9,4.998,4.998,4.998,4.998,109
2022-02-23 12:12:22,3.8,6.2,238,0.0,0.0,0,0.0,0.0,0,99957.00,0.00,0.00,359,14.49,4.99,0.00,-9.4,4.998,4.998,4.998,4.998,95
2022-02-23 12:13:22,3.7,3.9,135,0.0,0.0,0,0.0,0.0,0,100092.00,0.00,0.00,354,14.45,4.91,0.00,-9.4,4.998,4.998,4.998,4.998,209
2022-02-23 12:14:22,6.5,7.5,307,0.0,0.0,0,0.0,0.0,0,100399.00,0.00,0.00,326,14.45,4.53,0.00,-9.9,4.998,4.998,4.998,4.998,165
2022-02-23 12:15:22,3.2,6.5,230,0.0,0.0,0,0.0,0.0,0,100629.00,0.00,0.00,286,14.45,3.98,0.00,-10.4,4.998,4.998,4.998,4.998,188
2022-02-23 12:16:22,6.8,8.0,335,0.0,0.0,0,0.0,0.0,0,100964.00,0.00,0.00,7,14.45,0.09,0.00,-9.9,4.998,4.998,4.998,4.998,49
2022-02-23 12:17:22,5.7,6.7,325,0.0,0.0,0,0.0,0.0,0,101289.00,0.00,0.00,344,14.45,4.78,0.00,-9.9,4.998,4.998,4.998,4.998,70
2022-02-23 12:18:22,4.6,9.0,304,0.0,0.0,0,0.0,0.0,0,101593.00,0.00,0.00,308,14.49,4.28,0.00,-9.9,4.998,4.998,4.998,4.998,200
2022-02-23 12:19:22,3.6,7.6,328,0.0,0.0,0,0.0,0.0,0,101921.00,0.00,0.00,268,14.49,3.73,0.00,-9.4,4.998,4.998,4.998,4.998,103
2022-02-23 12:20:22,4.1,6.2,245,0.0,0.0,0,0.0,0.0,0,102166.00,0.00,0.00,299,14.49,4.16,0.00,-9.9,4.998,4.998,4.998,4.998,217
2022-02-23 12:21:22,5.9,6.2,216,0.0,0.0,0,0.0,0.0,0,102382.00,0.00,0.00,282,14.49,3.92,0.00,-9.4,4.998,4.998,4.998,4.998,93
2022-02-23 12:22:22,3.9,6.2,272,0.0,0.0,0,0.0,0.0,0,102654.00,0.00,0.00,281,14.45,3.91,0.00,-9.9,4.998,4.998,4.998,4.998,180
2022-02-23 12:23:22,6.3,6.9,303,0.0,0.0,0,0.0,0.0,0,102957.00,0.00,0.00,260,14.49,3.62,0.00,-9.9,4.998,4.998,4.998,4.998,239
2022-02-23 12:24:22,4.0,6.6,250,0.0,0.0,0,0.0,0.0,0,103207.00,0.00,0.00,258,14.45,3.58,0.00,-9.4,4.998,4.998,4.998,4.998,156
2022-02-23 12:25:22,2.0,4.7,147,0.0,0.0,0,0.0,0.0,0,103354.00,0.00,0.00,216,14.49,3.01,0.00,-9.4,4.998,4.998,4.998,4.998,72
2022-02-23 12:26:22,4.1,5.2,90,0.0,0.0,0,0.0,0.0,0,103444.00,0.00,0.00,344,14.49,4.78,0.00,-8.9,4.998,4.998,4.998,4.998,76
2022-02-23 12:27:22,0.0,4.5,75,0.0,0.0,0,0.0,0.0,0,103519.00,0.00,0.00,338,14.49,4.69,0.00,-8.5,4.998,4.998,4.998,4.998,89
2022-02-23 12:28:22,4.6,5.9,135,0.0,0.0,0,0.0,0.0,0,103654.00,0.00,0.00,277,14.45,3.85,0.00,-8.9,4.998,4.998,4.998,4.998,210
2022-02-23 12:29:22,3.8,7.7,332,0.0,0.0,0,0.0,0.0,0,103986.00,0.00,0.00,241,14.45,3.35,0.00,-9.4,4.998,4.998,4.998,4.998,215
2022-02-23 12:30:22,4.0,4.1,143,0.0,0.0,0,0.0,0.0,0,104129.00,0.00,0.00,241,14.45,3.35,0.00,-9.4,4.998,4.998,4.998,4.998,102
2022-02-23 12:31:22,5.2,7.5,316,0.0,0.0,0,0.0,0.0,0,104445.00,0.00,0.00,225,14.49,3.12,0.00,-9.4,4.998,4.998,4.998,4.998,150
2022-02-23 12:32:22,3.6,5.8,229,0.0,0.0,0,0.0,0.0,0,104674.00,0.00,0.00,216,14.45,3.00,0.00,-9.9,4.998,4.998,4.998,4.998,31
2022-02-23 12:33:22,2.2,3.6,82,0.0,0.0,0,0.0,0.0,0,104756.00,0.00,0.00,205,14.49,2.85,0.00,-9.4,4.998,4.998,4.998,4.998,58
2022-02-23 12:34:22,1.5,2.3,48,0.0,0.0,0,0.0,0.0,0,104804.00,0.00,0.00,142,14.53,1.97,0.00,-8.5,4.998,4.998,4.998,4.998,206
2022-02-23 12:35:22,4.8,6.9,163,0.0,0.0,0,0.0,0.0,0,104967.00,0.00,0.00,221,14.45,3.07,0.00,-8.0,4.998,4.998,4.998,4.998,190
2022-02-23 12:36:22,0.0,5.2,79,0.0,0.0,0,0.0,0.0,0,105046.00,0.00,0.00,192,14.41,2.67,0.00,-8.0,4.998,4.998,4.998,4.998,52
2022-02-23 12:37:22,2.0,2.8,60,0.0,0.0,0,0.0,0.0,0,105106.00,0.00,0.00,235,14.41,3.27,0.00,-8.0,4.998,4.998,4.998,4.998,129
2022-02-23 12:38:22,3.5,3.9,160,0.0,0.0,0,0.0,0.0,0,105266.00,0.00,0.00,297,14.45,4.13,0.00,-8.5,4.998,4.998,4.998,4.998,172
2022-02-23 12:39:22,1.4,3.4,104,0.0,0.0,0,0.0,0.0,0,105370.00,0.00,0.00,297,14.41,4.13,0.00,-8.5,4.998,4.998,4.998,4.998,75
2022-02-23 12:40:22,3.6,5.5,158,0.0,0.0,0,0.0,0.0,0,105528.00,0.00,0.00,358,14.41,4.98,0.00,-8.5,4.998,4.998,4.998,4.998,189
2022-02-23 12:41:22,4.9,8.8,334,0.0,0.0,0,0.0,0.0,0,105862.00,0.00,0.00,270,14.41,3.74,0.00,-8.0,4.998,4.998,4.998,4.998,187
2022-02-23 12:42:22,4.5,6.1,268,0.0,0.0,0,0.0,0.0,0,106130.00,0.00,0.00,237,14.41,3.30,0.00,-8.9,4.998,4.998,4.998,4.998,208
2022-02-23 12:43:22,5.0,6.2,264,0.0,0.0,0,0.0,0.0,0,106394.00,0.00,0.00,288,14.41,4.01,0.00,-8.9,4.998,4.998,4.998,4.998,172
2022-02-23 12:44:22,3.3,6.0,284,0.0,0.0,0,0.0,0.0,0,106678.00,0.00,0.00,274,14.45,3.80,0.00,-8.5,4.998,4.998,4.998,4.998,232
2022-02-23 12:45:22,4.7,5.3,202,0.0,0.0,0,0.0,0.0,0,106880.00,0.00,0.00,284,14.41,3.95,0.00,-8.0,4.998,4.998,4.998,4.998,210
2022-02-23 12:46:22,4.2,7.7,296,0.0,0.0,0,0.0,0.0,0,107176.00,0.00,0.00,298,14.41,4.15,0.00,-8.9,4.998,4.998,4.998,4.998,244
2022-02-23 12:47:22,7.0,7.0,266,0.0,0.0,0,0.0,0.0,0,107442.00,0.00,0.00,291,14.41,4.04,0.00,-8.9,4.998,4.998,4.998,4.998,181
2022-02-23 12:48:22,2.2,8.0,290,0.0,0.0,0,0.0,0.0,0,107732.00,0.00,0.00,269,14.41,3.74,0.00,-9.4,4.998,4.998,4.998,4.998,175
2022-02-23 12:49:22,0.0,5.4,137,0.0,0.0,0,0.0,0.0,0,107869.00,0.00,0.00,253,14.41,3.52,0.00,-9.4,4.998,4.998,4.998,4.998,177
2022-02-23 12:50:22,3.5,9.3,174,0.0,0.0,0,0.0,0.0,0,108043.00,0.00,0.00,303,14.41,4.21,0.00,-8.0,4.998,4.998,4.998,4.998,106
2022-02-23 12:51:22,6.6,8.5,334,0.0,0.0,0,0.0,0.0,0,108377.00,0.00,0.00,326,14.41,4.54,0.00,-8.9,4.998,4.998,4.998,4.998,67
2022-02-23 12:52:22,5.1,6.9,237,0.0,0.0,0,0.0,0.0,0,108614.00,0.00,0.00,336,14.41,4.67,0.00,-8.9,4.998,4.998,4.998,4.998,121
2022-02-23 12:53:22,5.0,8.2,373,0.0,0.0,0,0.0,0.0,0,108987.00,0.00,0.00,287,14.41,3.99,0.00,-8.5,4.998,4.998,4.998,4.998,31
2022-02-23 12:54:22,4.8,7.6,331,0.0,0.0,0,0.0,0.0,0,109318.00,0.00,0.00,253,14.41,3.52,0.00,-8.9,4.998,4.998,4.998,4.998,35
2022-02-23 12:55:22,6.4,8.2,291,0.0,0.0,0,0.0,0.0,0,109609.00,0.00,0.00,287,14.41,3.99,0.00,-9.4,4.998,4.998,4.998,4.998,232
2022-02-23 12:56:22,4.0,7.7,363,0.0,0.0,0,0.0,0.0,0,109972.00,0.00,0.00,338,14.41,4.69,0.00,-9.4,4.998,4.998,4.998,4.998,87
2022-02-23 12:57:22,5.9,6.6,232,0.0,0.0,0,0.0,0.0,0,110204.00,0.00,0.00,288,14.41,4.00,0.00,-8.9,4.998,4.998,4.998,4.998,106
2022-02-23 12:58:22,4.4,7.6,326,0.0,0.0,0,0.0,0.0,0,110530.00,0.00,0.00,292,14.41,4.05,0.00,-8.9,4.998,4.998,4.998,4.998,167
2022-02-23 12:59:22,6.6,8.3,316,0.0,0.0,0,0.0,0.0,0,110846.00,0.00,0.00,253,14.41,3.51,0.00,-9.4,4.998,4.998,4.998,4.998,49
2022-02-23 13:00:22,3.7,6.7,278,0.0,0.0,0,0.0,0.0,0,111124.00,0.00,0.00,223,14.41,3.10,0.00,-9.9,4.998,4.998,4.998,4.998,247
2022-02-23 13:01:22,5.3,8.0,240,0.0,0.0,0,0.0,0.0,0,111364.00,0.00,0.00,226,14.41,3.14,0.00,-9.4,4.998,4.998,4.998,4.998,108
2022-02-23 13:02:22,4.6,6.4,240,0.0,0.0,0,0.0,0.0,0,111604.00,0.00,0.00,209,14.41,2.90,0.00,-8.9,4.998,4.998,4.998,4.998,26
2022-02-23 13:03:22,2.4,7.4,270,0.0,0.0,0,0.0,0.0,0,111874.00,0.00,0.00,260,14.41,3.61,0.00,-8.9,4.998,4.998,4.998,4.998,150
2022-02-23 13:04:22,3.1,3.9,102,0.0,0.0,0,0.0,0.0,0,111976.00,0.00,0.00,229,14.41,3.19,0.00,-8.5,4.998,4.998,4.998,4.998,64
2022-02-23 13:05:22,1.2,3.3,122,0.0,0.0,0,0.0,0.0,0,112098.00,0.00,0.00,228,14.41,3.17,0.00,-8.0,4.998,4.998,4.998,4.998,90
2022-02-23 13:06:22,0.0,2.3,24,0.0,0.0,0,0.0,0.0,0,112122.00,0.00,0.00,217,14.41,3.01,0.00,-8.0,4.998,4.998,4.998,4.998,61
2022-02-23 13:07:22,1.9,2.0,12,0.0,0.0,0,0.0,0.0,0,112134.00,0.00,0.00,162,14.41,2.26,0.00,-8.0,4.998,4.998,4.998,4.998,20
2022-02-23 13:08:22,2.4,6.5,204,0.0,0.0,0,0.0,0.0,0,112338.00,0.00,0.00,203,14.41,2.83,0.00,-7.5,4.998,4.998,4.998,4.998,166
2022-02-23 13:09:22,7.9,8.0,296,0.0,0.0,0,0.0,0.0,0,112634.00,0.00,0.00,238,14.41,3.30,0.00,-8.0,4.998,4.998,4.998,4.998,251
2022-02-23 13:10:22,6.5,8.3,425,0.0,0.0,0,0.0,0.0,0,113059.00,0.00,0.00,249,14.41,3.46,0.00,-8.9,4.998,4.998,4.998,4.998,1
2022-02-23 13:11:22,4.3,7.6,340,0.0,0.0,0,0.0,0.0,0,113399.00,0.00,0.00,245,14.41,3.40,0.00,-8.9,4.998,4.998,4.998,4.998,106
2022-02-23 13:12:22,1.6,6.1,215,0.0,0.0,0,0.0,0.0,0,113614.00,0.00,0.00,229,14.41,3.18,0.00,-9.4,4.998,4.998,4.998,4.998,159
2022-02-23 13:13:22,1.7,1.7,4,0.0,0.0,0,0.0,0.0,0,113618.00,0.00,0.00,216,14.41,3.01,0.00,-8.5,4.998,4.998,4.998,4.998,70
2022-02-23 13:14:22,2.3,6.8,268,0.0,0.0,0,0.0,0.0,0,113886.00,0.00,0.00,239,14.41,3.33,0.00,-8.9,4.998,4.998,4.998,4.998,76
2022-02-23 13:15:22,2.5,4.0,160,0.0,0.0,0,0.0,0.0,0,114046.00,0.00,0.00,216,14.41,3.01,0.00,-8.5,4.998,4.998,4.998,4.998,157
2022-02-23 13:16:22,3.0,3.9,159,0.0,0.0,0,0.0,0.0,0,114205.00,0.00,0.00,194,14.41,2.70,0.00,-8.5,4.998,4.998,4.998,4.998,63
2022-02-23 13:17:22,3.1,3.3,72,0.0,0.0,0,0.0,0.0,0,114277.00,0.00,0.00,316,14.41,4.39,0.00,-7.5,4.998,4.998,4.998,4.998,194
2022-02-23 13:18:22,3.0,4.7,196,0.0,0.0,0,0.0,0.0,0,114473.00,0.00,0.00,316,14.41,4.39,0.00,-8.0,4.998,4.998,4.998,4.998,86
2022-02-23 13:19:22,6.0,6.4,227,0.0,0.0,0,0.0,0.0,0,114700.00,0.00,0.00,346,14.41,4.80,0.00,-8.0,4.998,4.998,4.998,4.998,57
2022-02-23 13:20:22,5.7,7.0,312,0.0,0.0,0,0.0,0.0,0,115012.00,0.00,0.00,336,14.45,4.66,0.00,-8.0,4.998,4.998,4.998,4.998,16
2022-02-23 13:21:22,4.7,6.1,253,0.0,0.0,0,0.0,0.0,0,115265.00,0.00,0.00,290,14.41,4.03,0.00,-8.9,4.998,4.998,4.998,4.998,14
2022-02-23 13:22:22,3.0,5.0,158,0.0,0.0,0,0.0,0.0,0,115423.00,0.00,0.00,324,14.45,4.51,0.00,-8.0,4.998,4.998,4.998,4.998,213
2022-02-23 13:23:22,1.6,4.8,176,0.0,0.0,0,0.0,0.0,0,115599.00,0.00,0.00,359,14.41,4.99,0.00,-8.0,4.998,4.998,4.998,4.998,49
2022-02-23 13:24:22,3.5,4.7,155,0.0,0.0,0,0.0,0.0,0,115754.00,0.00,0.00,324,14.41,4.50,0.00,-7.5,4.998,4.998,4.998,4.998,190
2022-02-23 13:25:22,5.7,7.4,256,0.0,0.0,0,0.0,0.0,0,116010.00,0.00,0.00,233,14.41,3.24,0.00,-8.5,4.998,4.998,4.998,4.998,11
2022-02-23 13:26:22,4.6,7.7,374,0.0,0.0,0,0.0,0.0,0,116384.00,0.00,0.00,246,14.41,3.42,0.00,-8.9,4.998,4.998,4.998,4.998,78
2022-02-23 13:27:22,4.0,6.3,269,0.0,0.0,0,0.0,0.0,0,116653.00,0.00,0.00,214,14.45,2.97,0.00,-9.4,4.998,4.998,4.998,4.998,166
2022-02-23 13:28:22,1.8,5.1,153,0.0,0.0,0,0.0,0.0,0,116806.00,0.00,0.00,217,14.41,3.02,0.00,-8.5,4.998,4.998,4.998,4.998,233
2022-02-23 13:29:22,0.0,3.0,55,0.0,0.0,0,0.0,0.0,0,116861.00,0.00,0.00,230,14.41,3.19,0.00,-7.5,4.998,4.998,4.998,4.998,121
2022-02-23 13:30:22,3.4,4.2,133,0.0,0.0,0,0.0,0.0,0,116994.00,0.00,0.00,260,14.41,3.61,0.00,-8.0,4.998,4.998,4.998,4.998,121
2022-02-23 13:31:22,1.8,4.4,133,0.0,0.0,0,0.0,0.0,0,117127.00,0.00,0.00,206,14.41,2.86,0.00,-8.5,4.998,4.998,4.998,4.998,31
2022-02-23 13:32:22,2.3,2.7,78,0.0,0.0,0,0.0,0.0,0,117205.00,0.00,0.00,206,14.41,2.87,0.00,-8.5,4.998,4.998,4.998,4.998,139
2022-02-23 13:33:22,2.9,4.3,146,0.0,0.0,0,0.0,0.0,0,117351.00,0.00,0.00,221,14.41,3.07,0.00,-8.0,4.998,4.998,4.998,4.998,83
2022-02-23 13:34:22,1.8,5.1,178,0.0,0.0,0,0.0,0.0,0,117529.00,0.00,0.00,186,14.41,2.58,0.00,-8.0,4.998,4.998,4.998,4.998,148
2022-02-23 13:35:22,7.2,7.7,241,0.0,0.0,0,0.0,0.0,0,117770.00,0.00,0.00,273,14.45,3.79,0.00,-8.0,4.998,4.998,4.998,4.998,89
2022-02-23 13:36:22,3.5,7.3,273,0.0,0.0,0,0.0,0.0,0,118043.00,0.00,0.00,286,14.41,3.97,0.00,-8.9,4.998,4.998,4.998,4.998,46
2022-02-23 13:37:22,0.0,4.0,70,0.0,0.0,0,0.0,0.0,0,118113.00,0.00,0.00,287,14.49,3.98,0.00,-8.9,4.998,4.998,4.998,4.998,161
2022-02-23 13:38:22,0.0,0.0,1,0.0,0.0,0,0.0,0.0,0,118114.00,0.00,0.00,286,14.45,3.97,0.00,-8.5,4.998,4.998,4.998,4.998,195
2022-02-23 13:39:22,2.2,4.1,108,0.0,0.0,0,0.0,0.0,0,118222.00,0.00,0.00,151,14.45,2.10,0.00,-8.5,4.998,4.998,4.998,4.998,79
2022-02-23 13:40:22,3.3,3.8,103,0.0,0.0,0,0.0,0.0,0,118325.00,0.00,0.00,144,14.45,2.00,0.00,-8.0,4.998,4.998,4.998,4.998,221
2022-02-23 13:41:22,4.3,4.3,181,0.0,0.0,0,0.0,0.0,0,118506.00,0.00,0.00,80,14.45,1.12,0.00,-7.5,4.998,4.998,4.998,4.998,220
2022-02-23 13:42:22,1.3,5.3,175,0.0,0.0,0,0.0,0.0,0,118681.00,0.00,0.00,74,14.45,1.03,0.00,-8.0,4.998,4.998,4.998,4.998,105
2022-02-23 13:43:22,5.5,5.7,190,0.0,0.0,0,0.0,0.0,0,118871.00,0.00,0.00,340,14.53,4.73,0.00,-8.0,4.998,4.998,4.998,4.998,66
2022-02-23 13:44:22,3.1,6.3,253,0.0,0.0,0,0.0,0.0,0,119124.00,0.00,0.00,0,14.49,0.00,0.00,-8.0,4.998,4.998,4.998,4.998,154
2022-02-23 13:45:22,1.1,5.4,150,0.0,0.0,0,0.0,0.0,0,119274.00,0.00,0.00,13,14.45,0.18,0.00,-8.0,4.998,4.998,4.998,4.998,96
2022-02-23 13:46:22,3.3,3.8,73,0.0,0.0,0,0.0,0.0,0,119347.00,0.00,0.00,32,14.45,0.45,0.00,-8.0,4.998,4.998,4.998,4.998,30
2022-02-23 13:47:22,0.0,4.2,82,0.0,0.0,0,0.0,0.0,0,119429.00,0.00,0.00,32,14.49,0.45,0.00,-7.0,4.998,4.998,4.998,4.998,196
2022-02-23 13:48:22,1.5,5.3,155,0.0,0.0,0,0.0,0.0,0,119584.00,0.00,0.00,76,14.45,1.06,0.00,-8.0,4.998,4.998,4.998,4.998,74
2022-02-23 13:49:22,1.6,2.9,53,0.0,0.0,0,0.0,0.0,0,119637.00,0.00,0.00,76,14.53,1.06,0.00,-8.0,4.998,4.998,4.998,4.998,101
2022-02-23 13:50:22,0.0,1.6,8,0.0,0.0,0,0.0,0.0,0,119645.00,0.00,0.00,76,14.49,1.06,0.00,-7.0,4.998,4.998,4.998,4.998,126
2022-02-23 13:51:22,0.0,0.0,0,0.0,0.0,0,0.0,0.0,0,119645.00,0.00,0.00,76,14.45,1.06,0.00,-6.5,4.998,4.998,4.998,4.998,142
2022-02-23 13:52:22,1.4,3.5,104,0.0,0.0,0,0.0,0.0,0,119749.00,0.00,0.00,78,14.49,1.08,0.00,-7.5,4.998,4.998,4.998,4.998,75
2022-02-23 13:53:22,2.3,4.1,63,0.0,0.0,0,0.0,0.0,0,119812.00,0.00,0.00,71,14.45,0.98,0.00,-7.0,4.998,4.998,4.998,4.998,43
2022-02-23 13:54:22,7.0,7.1,238,0.0,0.0,0,0.0,0.0,0,120050.00,0.00,0.00,47,14.45,0.65,0.00,-7.0,4.998,4.998,4.998,4.998,74
2022-02-23 13:55:22,3.4,7.5,267,0.0,0.0,0,0.0,0.0,0,120317.00,0.00,0.00,264,14.45,3.67,0.00,-7.0,4.998,4.998,4.998,4.998,90
2022-02-23 13:56:22,4.5,6.3,263,0.0,0.0,0,0.0,0.0,0,120580.00,0.00,0.00,279,14.45,3.87,0.00,-7.0,4.998,4.998,4.998,4.998,75
2022-02-23 13:57:22,5.5,7.6,294,0.0,0.0,0,0.0,0.0,0,120874.00,0.00,0.00,328,14.45,4.56,0.00,-7.5,4.998,4.998,4.998,4.998,76
2022-02-23 13:58:22,2.7,5.9,227,0.0,0.0,0,0.0,0.0,0,121101.00,0.00,0.00,343,14.45,4.76,0.00,-8.0,4.998,4.998,4.998,4.998,118
2022-02-23 13:59:22,2.8,3.6,92,0.0,0.0,0,0.0,0.0,0,121193.00,0.00,0.00,324,14.49,4.50,0.00,-8.0,4.998,4.998,4.998,4.998,220
2022-02-23 14:00:22,0.0,3.9,76,0.0,0.0,0,0.0,0.0,0,121269.00,0.00,0.00,317,14.45,4.41,0.00,-7.5,4.998,4.998,4.998,4.998,209
2022-02-23 14:01:22,4.1,6.1,137,0.0,0.0,0,0.0,0.0,0,121406.00,0.00,0.00,322,14.49,4.47,0.00,-7.5,4.998,4.998,4.998,4.998,107
2022-02-23 14:02:22,0.0,4.0,67,0.0,0.0,0,0.0,0.0,0,121473.00,0.00,0.00,322,14.45,4.47,0.00,-7.0,4.998,4.998,4.998,4.998,218
2022-02-23 14:03:22,4.9,6.9,216,0.0,0.0,0,0.0,0.0,0,121689.00,0.00,0.00,293,14.49,4.07,0.00,-7.0,4.998,4.998,4.998,4.998,136
2022-02-23 14:04:22,3.8,5.9,218,0.0,0.0,0,0.0,0.0,0,121907.00,0.00,0.00,305,14.49,4.23,0.00,-7.5,4.998,4.998,4.998,4.998,251
2022-02-23 14:05:22,3.3,7.7,295,0.0,0.0,0,0.0,0.0,0,122202.00,0.00,0.00,315,14.45,4.38,0.00,-8.0,4.998,4.998,4.998,4.998,56
2022-02-23 14:06:22,6.4,7.4,301,0.0,0.0,0,0.0,0.0,0,122503.00,0.00,0.00,354,14.49,4.92,0.00,-8.0,4.998,4.998,4.998,4.998,255
2022-02-23 14:07:22,1.1,7.2,206,0.0,0.0,0,0.0,0.0,0,122709.00,0.00,0.00,359,14.49,4.99,0.00,-8.0,4.998,4.998,4.998,4.998,73
2022-02-23 14:08:22,3.3,8.1,186,0.0,0.0,0,0.0,0.0,0,122895.00,0.00,0.00,307,14.49,4.27,0.00,-8.0,4.998,4.998,4.998,4.998,188
2022-02-23 14:09:22,6.6,8.5,138,0.0,0.0,0,0.0,0.0,0,123033.00,0.00,0.00,332,14.45,4.61,0.00,-7.0,4.998,4.998,4.998,4.998,132
2022-02-23 14:10:22,5.6,7.6,343,0.0,0.0,0,0.0,0.0,0,123376.00,0.00,0.00,319,14.45,4.43,0.00,-7.0,4.998,4.998,4.998,4.998,158
2022-02-23 14:11:22,8.1,8.3,387,0.0,0.0,0,0.0,0.0,0,123763.00,0.00,0.00,328,14.45,4.56,0.00,-7.5,4.998,4.998,4.998,4.998,21
2022-02-23 14:12:22,2.2,8.4,207,0.0,0.0,0,0.0,0.0,0,123970.00,0.00,0.00,320,14.45,4.45,0.00,-7.5,4.998,4.998,4.998,4.998,216
2022-02-23 14:13:22,3.8,5.1,168,0.0,0.0,0,0.0,0.0,0,124138.00,0.00,0.00,359,14.49,4.99,0.00,-7.0,4.998,4.998,4.998,4.998,191
2022-02-23 14:14:22,2.9,5.6,209,0.0,0.0,0,0.0,0.0,0,124347.00,0.00,0.00,307,14.45,4.27,0.00,-7.0,4.998,4.998,4.998,4.998,131
2022-02-23 14:15:22,3.9,5.4,198,0.0,0.0,0,0.0,0.0,0,124545.00,0.00,0.00,319,14.49,4.43,0.00,-7.5,4.998,4.998,4.998,4.998,56
2022-02-23 14:16:22,5.9,6.2,287,0.0,0.0,0,0.0,0.0,0,124832.00,0.00,0.00,284,14.49,3.94,0.00,-7.5,4.998,4.998,4.998,4.998,48
2022-02-23 14:17:22,1.2,5.8,122,0.0,0.0,0,0.0,0.0,0,124954.00,0.00,0.00,304,14.49,4.22,0.00,-8.0,4.998,4.998,4.998,4.998,39
2022-02-23 14:18:22,5.2,7.0,189,0.0,0.0,0,0.0,0.0,0,125143.00,0.00,0.00,314,14.53,4.37,0.00,-7.5,4.998,4.998,4.998,4.998,155
2022-02-23 14:19:22,2.4,7.7,284,0.0,0.0,0,0.0,0.0,0,125427.00,0.00,0.00,354,14.49,4.92,0.00,-8.0,4.998,4.998,4.998,4.998,114
2022-02-23 14:20:22,4.9,5.8,142,0.0,0.0,0,0.0,0.0,0,125569.00,0.00,0.00,298,14.57,4.15,0.00,-7.0,4.998,4.998,4.998,4.998,228
2022-02-23 14:21:22,0.0,6.4,123,0.0,0.0,0,0.0,0.0,0,125692.00,0.00,0.00,320,14.49,4.44,0.00,-7.5,4.998,4.998,4.998,4.998,86
2022-02-23 14:22:22,0.0,0.0,1,0.0,0.0,0,0.0,0.0,0,125693.00,0.00,0.00,320,14.45,4.44,0.00,-7.0,4.998,4.998,4.998,4.998,67
2022-02-23 14:23:22,0.0,2.1,21,0.0,0.0,0,0.0,0.0,0,125714.00,0.00,0.00,319,14.49,4.44,0.00,-6.0,4.998,4.998,4.998,4.998,1
2022-02-23 14:24:22,8.0,9.2,304,0.0,0.0,0,0.0,0.0,0,126018.00,0.00,0.00,355,14.49,4.94,0.00,-7.0,4.998,4.998,4.998,4.998,186
2022-02-23 14:25:22,3.7,8.1,302,0.0,0.0,0,0.0,0.0,0,126320.00,0.00,0.00,359,14.45,4.99,0.00,-7.5,4.998,4.998,4.998,4.998,121
2022-02-23 14:26:22,5.2,8.9,313,0.0,0.0,0,0.0,0.0,0,126633.00,0.00,0.00,328,14.45,4.56,0.00,-7.5,4.998,4.998,4.998,4.998,112
2022-02-23 14:27:22,4.0,6.6,292,0.0,0.0,0,0.0,0.0,0,126925.00,0.00,0.00,339,14.45,4.72,0.00,-8.5,4.998,4.998,4.998,4.998,161
2022-02-23 14:28:22,2.7,5.5,241,0.0,0.0,0,0.0,0.0,0,127166.00,0.00,0.00,331,14.45,4.59,0.00,-8.0,4.998,4.998,4.998,4.998,227
2022-02-23 14:29:22,4.5,5.1,236,0.0,0.0,0,0.0,0.0,0,127402.00,0.00,0.00,260,14.45,3.61,0.00,-8.5,4.998,4.998,4.998,4.998,127
2022-02-23 14:30:22,4.6,9.5,301,0.0,0.0,0,0.0,0.0,0,127703.00,0.00,0.00,349,14.45,4.84,0.00,-7.0,4.998,4.998,4.998,4.998,99
2022-02-23 14:31:22,2.4,7.5,217,0.0,0.0,0,0.0,0.0,0,127920.00,0.00,0.00,23,14.45,0.32,0.00,-7.0,4.998,4.998,4.998,4.998,230
2022-02-23 14:32:22,2.4,5.3,150,0.0,0.0,0,0.0,0.0,0,128070.00,0.00,0.00,322,14.49,4.47,0.00,-7.0,4.998,4.998,4.998,4.998,157
2022-02-23 14:33:22,3.6,4.5,186,0.0,0.0,0,0.0,0.0,0,128256.00,0.00,0.00,326,14.49,4.53,0.00,-7.0,4.998,4.998,4.998,4.998,31
2022-02-23 14:34:22,3.9,4.9,221,0.0,0.0,0,0.0,0.0,0,128477.00,0.00,0.00,328,14.57,4.56,0.00,-7.0,4.998,4.998,4.998,4.998,30
2022-02-23 14:35:22,1.7,4.2,125,0.0,0.0,0,0.0,0.0,0,128602.00,0.00,0.00,319,14.45,4.43,0.00,-7.5,4.998,4.998,4.998,4.998,98
2022-02-23 14:36:22,3.5,5.0,197,0.0,0.0,0,0.0,0.0,0,128799.00,0.00,0.00,265,14.57,3.69,0.00,-7.0,4.998,4.998,4.998,4.998,91
2022-02-23 14:37:22,2.1,3.8,141,0.0,0.0,0,0.0,0.0,0,128940.00,0.00,0.00,313,14.49,4.36,0.00,-7.0,4.998,4.998,4.998,4.998,81
2022-02-23 14:38:22,1.9,3.5,97,0.0,0.0,0,0.0,0.0,0,129037.00,0.00,0.00,314,14.49,4.36,0.00,-6.5,4.998,4.998,4.998,4.998,139
2022-02-23 14:39:22,1.1,5.1,124,0.0,0.0,0,0.0,0.0,0,129161.00,0.00,0.00,283,14.49,3.93,0.00,-6.5,4.998,4.998,4.998,4.998,97
2022-02-23 14:40:22,3.2,7.3,233,0.0,0.0,0,0.0,0.0,0,129394.00,0.00,0.00,244,14.49,3.39,0.00,-7.0,4.998,4.998,4.998,4.998,0
2022-02-23 14:41:22,4.9,6.2,243,0.0,0.0,0,0.0,0.0,0,129637.00,0.00,0.00,235,14.45,3.27,0.00,-7.0,4.998,4.998,4.998,4.998,129
2022-02-23 14:42:22,3.2,7.5,279,0.0,0.0,0,0.0,0.0,0,129916.00,0.00,0.00,249,14.49,3.46,0.00,-7.5,4.998,4.998,4.998,4.998,130
2022-02-23 14:43:22,5.1,6.2,263,0.0,0.0,0,0.0,0.0,0,130179.00,0.00,0.00,280,14.45,3.89,0.00,-7.5,4.998,4.998,4.998,4.998,5
2022-02-23 14:44:22,4.5,7.3,221,0.0,0.0,0,0.0,0.0,0,130400.00,0.00,0.00,300,14.49,4.17,0.00,-7.0,4.998,4.998,4.998,4.998,160
2022-02-23 14:45:22,4.4,6.4,296,0.0,0.0,0,0.0,0.0,0,130696.00,0.00,0.00,283,14.45,3.93,0.00,-7.5,4.998,4.998,4.998,4.998,105
2022-02-23 14:46:22,3.4,6.7,252,0.0,0.0,0,0.0,0.0,0,130948.00,0.00,0.00,297,14.45,4.13,0.00,-7.0,4.998,4.998,4.998,4.998,163
2022-02-23 14:47:22,1.7,5.2,187,0.0,0.0,0,0.0,0.0,0,131135.00,0.00,0.00,326,14.45,4.53,0.00,-7.0,4.998,4.998,4.998,4.998,208
2022-02-23 14:48:22,4.6,6.0,296,0.0,0.0,0,0.0,0.0,0,131431.00,0.00,0.00,311,14.49,4.33,0.00,-7.5,4.998,4.998,4.998,4.998,59
2022-02-23 14:49:22,2.6,5.2,219,0.0,0.0,0,0.0,0.0,0,131650.00,0.00,0.00,307,14.49,4.27,0.00,-7.5,4.998,4.998,4.998,4.998,148
2022-02-23 14:50:22,6.2,6.4,177,0.0,0.0,0,0.0,0.0,0,131827.00,0.00,0.00,296,14.45,4.11,0.00,-7.0,4.998,4.998,4.998,4.998,125
2022-02-23 14:51:22,3.9,6.7,209,0.0,0.0,0,0.0,0.0,0,132036.00,0.00,0.00,326,14.49,4.53,0.00,-7.0,4.998,4.998,4.998,4.998,162
2022-02-23 14:52:22,4.9,7.8,321,0.0,0.0,0,0.0,0.0,0,132357.00,0.00,0.00,325,14.45,4.52,0.00,-7.5,4.998,4.998,4.998,4.998,85
2022-02-23 14:53:22,5.2,7.6,349,0.0,0.0,0,0.0,0.0,0,132706.00,0.00,0.00,345,14.49,4.79,0.00,-8.0,4.998,4.998,4.998,4.998,117
2022-02-23 14:54:22,4.5,6.9,293,0.0,0.0,0,0.0,0.0,0,132999.00,0.00,0.00,350,14.49,4.86,0.00,-7.0,4.998,4.998,4.998,4.998,84
2022-02-23 14:55:22,3.9,5.6,243,0.0,0.0,0,0.0,0.0,0,133242.00,0.00,0.00,300,14.49,4.17,0.00,-6.5,4.998,4.998,4.998,4.998,240
2022-02-23 14:56:22,2.9,4.5,170,0.0,0.0,0,0.0,0.0,0,133412.00,0.00,0.00,349,14.49,4.85,0.00,-7.0,4.998,4.998,4.998,4.998,100
2022-02-23 14:57:22,8.9,9.0,318,0.0,0.0,0,0.0,0.0,0,133730.00,0.00,0.00,327,14.49,4.55,0.00,-7.0,4.998,4.998,4.998,4.998,133
2022-02-23 14:58:22,5.3,9.2,467,0.0,0.0,0,0.0,0.0,0,134197.00,0.00,0.00,339,14.45,4.71,0.00,-7.5,4.998,4.998,4.998,4.998,121
2022-02-23 14:59:22,1.2,5.9,200,0.0,0.0,0,0.0,0.0,0,134397.00,0.00,0.00,348,14.57,4.84,0.00,-7.5,4.998,4.998,4.998,4.998,167
2022-02-23 15:00:22,2.4,3.4,55,0.0,0.0,0,0.0,0.0,0,134452.00,0.00,0.00,109,14.49,1.51,0.00,-7.5,4.998,4.998,4.998,4.998,211
2022-02-23 15:01:22,0.0,2.8,18,0.0,0.0,0,0.0,0.0,0,134470.00,0.00,0.00,81,14.45,1.12,0.00,-7.0,4.998,4.998,4.998,4.998,131
2022-02-23 15:02:22,2.5,2.5,13,0.0,0.0,0,0.0,0.0,0,134483.00,0.00,0.00,6,14.45,0.09,0.00,-7.0,4.998,4.998,4.998,4.998,133
2022-02-23 15:03:22,1.2,3.7,142,0.0,0.0,0,0.0,0.0,0,134625.00,0.00,0.00,315,14.49,4.37,0.00,-6.5,4.998,4.998,4.998,4.998,237
2022-02-23 15:04:22,2.3,6.2,211,0.0,0.0,0,0.0,0.0,0,134836.00,0.00,0.00,272,14.49,3.78,0.00,-7.0,4.998,4.998,4.998,4.998,21
2022-02-23 15:05:22,3.0,6.1,225,0.0,0.0,0,0.0,0.0,0,135061.00,0.00,0.00,239,14.45,3.32,0.00,-6.5,4.998,4.998,4.998,4.998,37
2022-02-23 15:06:22,7.0,8.2,243,0.0,0.0,0,0.0,0.0,0,135304.00,0.00,0.00,33,14.49,0.46,0.00,-6.5,4.998,4.998,4.998,4.998,165
2022-02-23 15:07:22,2.0,7.3,220,0.0,0.0,0,0.0,0.0,0,135524.00,0.00,0.00,0,14.49,0.00,0.00,-6.5,4.998,4.998,4.998,4.998,34
2022-02-23 15:08:22,5.0,5.3,186,0.0,0.0,0,0.0,0.0,0,135710.00,0.00,0.00,0,14.49,0.00,0.00,-6.0,4.998,4.998,4.998,4.998,169
2022-02-23 15:09:22,5.9,7.5,306,0.0,0.0,0,0.0,0.0,0,136016.00,0.00,0.00,292,14.49,4.05,0.00,-6.0,4.998,4.998,4.998,4.998,106
2022-02-23 15:10:22,8.1,9.3,299,0.0,0.0,0,0.0,0.0,0,136315.00,0.00,0.00,349,14.49,4.84,0.00,-6.5,4.998,4.998,4.998,4.998,165
2022-02-23 15:11:22,6.5,10.2,453,0.0,0.0,0,0.0,0.0,0,136768.00,0.00,0.00,356,14.49,4.95,0.00,-7.5,4.998,4.998,4.998,4.998,154
2022-02-23 15:12:22,4.3,6.6,278,0.0,0.0,0,0.0,0.0,0,137046.00,0.00,0.00,352,14.49,4.89,0.00,-7.0,4.998,4.998,4.998,4.998,56
2022-02-23 15:13:22,4.7,5.4,215,0.0,0.0,0,0.0,0.0,0,137261.00,0.00,0.00,348,14.49,4.84,0.00,-6.5,4.998,4.998,4.998,4.998,28
2022-02-23 15:14:22,3.0,7.9,258,0.0,0.0,0,0.0,0.0,0,137519.00,0.00,0.00,348,14.49,4.84,0.00,-7.0,4.998,4.998,4.998,4.998,58
2022-02-23 15:15:22,1.5,5.9,194,0.0,0.0,0,0.0,0.0,0,137713.00,0.00,0.00,20,14.49,0.27,0.00,-6.5,4.998,4.998,4.998,4.998,151
2022-02-23 15:16:22,2.5,5.2,181,0.0,0.0,0,0.0,0.0,0,137894.00,0.00,0.00,305,14.49,4.24,0.00,-6.5,4.998,4.998,4.998,4.998,145
2022-02-23 15:17:22,3.9,4.2,39,0.0,0.0,0,0.0,0.0,0,137933.00,0.00,0.00,277,14.49,3.85,0.00,-6.0,4.998,4.998,4.998,4.998,99
2022-02-23 15:18:22,5.7,8.5,342,0.0,0.0,0,0.0,0.0,0,138275.00,0.00,0.00,262,14.45,3.65,0.00,-7.0,4.998,4.998,4.998,4.998,69
2022-02-23 15:19:22,6.0,7.7,376,0.0,0.0,0,0.0,0.0,0,138651.00,0.00,0.00,275,14.49,3.83,0.00,-7.5,4.998,4.998,4.998,4.998,38
2022-02-23 15:20:22,7.3,8.9,338,0.0,0.0,0,0.0,0.0,0,138989.00,0.00,0.00,311,14.49,4.32,0.00,-6.5,4.998,4.998,4.998,4.998,73
2022-02-23 15:21:22,6.5,7.7,345,0.0,0.0,0,0.0,0.0,0,139334.00,0.00,0.00,10,14.45,0.14,0.00,-7.0,4.998,4.998,4.998,4.998,4
2022-02-23 15:22:22,3.3,6.3,212,0.0,0.0,0,0.0,0.0,0,139546.00,0.00,0.00,307,14.45,4.26,0.00,-7.5,4.998,4.998,4.998,4.998,191
2022-02-23 15:23:22,2.6,4.7,211,0.0,0.0,0,0.0,0.0,0,139757.00,0.00,0.00,271,14.49,3.76,0.00,-7.5,4.998,4.998,4.998,4.998,179
2022-02-23 15:24:22,2.9,4.5,153,0.0,0.0,0,0.0,0.0,0,139910.00,0.00,0.00,338,14.45,4.70,0.00,-6.5,4.998,4.998,4.998,4.998,231
2022-02-23 15:25:22,5.8,6.6,226,0.0,0.0,0,0.0,0.0,0,140136.00,0.00,0.00,296,14.49,4.12,0.00,-6.5,4.998,4.998,4.998,4.998,1
2022-02-23 15:26:22,2.1,6.8,287,0.0,0.0,0,0.0,0.0,0,140423.00,0.00,0.00,288,14.49,4.01,0.00,-7.0,4.998,4.998,4.998,4.998,14
2022-02-23 15:27:22,2.5,4.5,197,0.0,0.0,0,0.0,0.0,0,140620.00,0.00,0.00,288,14.45,4.00,0.00,-7.5,4.998,4.998,4.998,4.998,54
2022-02-23 15:28:22,5.0,6.8,196,0.0,0.0,0,0.0,0.0,0,140816.00,0.00,0.00,243,14.45,3.37,0.00,-7.0,4.998,4.998,4.998,4.998,57
2022-02-23 15:29:22,7.1,13.0,432,0.0,0.0,0,0.0,0.0,0,141248.00,0.00,0.00,299,14.45,4.16,0.00,-8.0,4.998,4.998,4.998,4.998,39
2022-02-23 15:30:22,4.1,7.0,288,0.0,0.0,0,0.0,0.0,0,141536.00,0.00,0.00,307,14.45,4.26,0.00,-7.0,4.998,4.998,4.998,4.998,146
2022-02-23 15:31:22,2.2,5.5,220,0.0,0.0,0,0.0,0.0,0,141756.00,0.00,0.00,304,14.49,4.23,0.00,-7.5,4.998,4.998,4.998,4.998,174
2022-02-23 15:32:22,3.0,6.3,250,0.0,0.0,0,0.0,0.0,0,142006.00,0.00,0.00,271,14.45,3.76,0.00,-6.5,4.998,4.998,4.998,4.998,97
2022-02-23 15:33:22,4.4,7.2,273,0.0,0.0,0,0.0,0.0,0,142279.00,0.00,0.00,358,14.45,4.98,0.00,-6.5,4.998,4.998,4.998,4.998,132
2022-02-23 15:34:22,4.0,4.9,206,0.0,0.0,0,0.0,0.0,0,142485.00,0.00,0.00,278,14.45,3.86,0.00,-6.5,4.998,4.998,4.998,4.998,2
2022-02-23 15:35:22,5.9,7.0,305,0.0,0.0,0,0.0,0.0,0,142790.00,0.00,0.00,356,14.49,4.94,0.00,-7.0,4.998,4.998,4.998,4.998,178
2022-02-23 15:36:22,2.7,5.9,171,0.0,0.0,0,0.0,0.0,0,142961.00,0.00,0.00,345,14.45,4.79,0.00,-7.0,4.998,4.998,4.998,4.998,253
2022-02-23 15:37:22,3.0,9.3,317,0.0,0.0,0,0.0,0.0,0,143278.00,0.00,0.00,9,14.49,0.12,0.00,-6.5,4.998,4.998,4.998,4.998,114
2022-02-23 15:38:22,5.6,6.3,225,0.0,0.0,0,0.0,0.0,0,143503.00,0.00,0.00,356,14.49,4.94,0.00,-6.0,4.998,4.998,4.998,4.998,115
2022-02-23 15:39:22,3.6,7.5,224,0.0,0.0,0,0.0,0.0,0,143727.00,0.00,0.00,337,14.45,4.68,0.00,-6.5,4.998,4.998,4.998,4.998,132
2022-02-23 15:40:22,5.0,5.6,220,0.0,0.0,0,0.0,0.0,0,143947.00,0.00,0.00,330,14.49,4.58,0.00,-6.5,4.998,4.998,4.998,4.998,211
2022-02-23 15:41:22,4.7,6.9,309,0.0,0.0,0,0.0,0.0,0,144256.00,0.00,0.00,252,14.49,3.50,0.00,-6.5,4.998,4.998,4.998,4.998,40
2022-02-23 15:42:22,3.5,5.6,213,0.0,0.0,0,0.0,0.0,0,144469.00,0.00,0.00,318,14.53,4.42,0.00,-7.0,4.998,4.998,4.998,4.998,127
2022-02-23 15:43:22,3.8,7.7,294,0.0,0.0,0,0.0,0.0,0,144763.00,0.00,0.00,348,14.45,4.83,0.00,-6.5,4.998,4.998,4.998,4.998,195
2022-02-23 15:44:22,4.8,8.3,349,0.0,0.0,0,0.0,0.0,0,145112.00,0.00,0.00,326,14.45,4.53,0.00,-7.5,4.998,4.998,4.998,4.998,175
2022-02-23 15:45:22,4.8,6.6,332,0.0,0.0,0,0.0,0.0,0,145444.00,0.00,0.00,291,14.53,4.05,0.00,-7.0,4.998,4.998,4.998,4.998,65
2022-02-23 15:46:22,4.5,6.9,297,0.0,0.0,0,0.0,0.0,0,145741.00,0.00,0.00,350,14.45,4.86,0.00,-7.0,4.998,4.998,4.998,4.998,40
2022-02-23 15:47:22,4.4,7.2,279,0.0,0.0,0,0.0,0.0,0,146020.00,0.00,0.00,358,14.49,4.98,0.00,-7.0,4.998,4.998,4.998,4.998,52
2022-02-23 15:48:22,1.7,7.1,183,0.0,0.0,0,0.0,0.0,0,146203.00,0.00,0.00,326,14.49,4.53,0.00,-7.0,4.998,4.998,4.998,4.998,20
2022-02-23 15:49:22,0.0,2.2,38,0.0,0.0,0,0.0,0.0,0,146241.00,0.00,0.00,326,14.45,4.53,0.00,-6.5,4.998,4.998,4.998,4.998,11
2022-02-23 15:50:22,3.4,4.8,148,0.0,0.0,0,0.0,0.0,0,146389.00,0.00,0.00,354,14.45,4.92,0.00,-6.5,4.998,4.998,4.998,4.998,72
2022-02-23 15:51:22,2.0,5.7,195,0.0,0.0,0,0.0,0.0,0,146584.00,0.00,0.00,338,14.49,4.70,0.00,-7.0,4.998,4.998,4.998,4.998,255
2022-02-23 15:52:22,6.1,6.6,201,0.0,0.0,0,0.0,0.0,0,146785.00,0.00,0.00,337,14.49,4.68,0.00,-6.5,4.998,4.998,4.998,4.998,191
2022-02-23 15:53:22,2.9,7.5,303,0.0,0.0,0,0.0,0.0,0,147088.00,0.00,0.00,252,14.49,3.51,0.00,-7.5,4.998,4.998,4.998,4.998,109
2022-02-23 15:54:22,2.7,4.1,72,0.0,0.0,0,0.0,0.0,0,147160.00,0.00,0.00,52,14.49,0.73,0.00,-6.5,4.998,4.998,4.998,4.998,61
2022-02-23 15:55:22,2.9,7.5,210,0.0,0.0,0,0.0,0.0,0,147370.00,0.00,0.00,305,14.49,4.23,0.00,-6.5,4.998,4.998,4.998,4.998,235
2022-02-23 15:56:22,8.3,8.8,276,0.0,0.0,0,0.0,0.0,0,147646.00,0.00,0.00,340,14.49,4.72,0.00,-6.5,4.998,4.998,4.998,4.998,55
2022-02-23 15:57:22,3.5,8.4,350,0.0,0.0,0,0.0,0.0,0,147996.00,0.00,0.00,346,14.45,4.80,0.00,-7.0,4.998,4.998,4.998,4.998,153
2022-02-23 15:58:22,3.9,5.4,171,0.0,0.0,0,0.0,0.0,0,148167.00,0.00,0.00,354,14.49,4.92,0.00,-6.5,4.998,4.998,4.998,4.998,234
2022-02-23 15:59:22,2.5,4.0,99,0.0,0.0,0,0.0,0.0,0,148266.00,0.00,0.00,355,14.49,4.93,0.00,-6.0,4.998,4.998,4.998,4.998,110
2022-02-23 16:00:22,3.8,6.6,184,0.0,0.0,0,0.0,0.0,0,148450.00,0.00,0.00,295,14.45,4.10,0.00,-6.5,4.998,4.998,4.998,4.998,7
2022-02-23 16:01:22,4.9,10.0,393,0.0,0.0,0,0.0,0.0,0,148843.00,0.00,0.00,28,14.49,0.40,0.00,-6.5,4.998,4.998,4.998,4.998,110
2022-02-23 16:02:22,9.7,10.3,349,0.0,0.0,0,0.0,0.0,0,149192.00,0.00,0.00,21,14.45,0.29,0.00,-6.5,4.998,4.998,4.998,4.998,14
2022-02-23 16:03:22,2.8,10.3,480,0.0,0.0,0,0.0,0.0,0,149672.00,0.00,0.00,348,14.45,4.83,0.00,-7.0,4.998,4.998,4.998,4.998,202
2022-02-23 16:04:22,5.9,6.4,210,0.0,0.0,0,0.0,0.0,0,149882.00,0.00,0.00,7,14.49,0.09,0.00,-6.5,4.998,4.998,4.998,4.998,190
2022-02-23 16:05:22,3.7,8.4,332,0.0,0.0,0,0.0,0.0,0,150214.00,0.00,0.00,29,14.49,0.41,0.00,-7.0,4.998,4.998,4.998,4.998,23
2022-02-23 16:06:22,5.3,10.6,471,0.0,0.0,0,0.0,0.0,0,150685.00,0.00,0.00,323,14.45,4.49,0.00,-6.5,4.998,4.998,4.998,4.998,205
2022-02-23 16:07:22,4.8,8.6,323,0.0,0.0,0,0.0,0.0,0,151008.00,0.00,0.00,343,14.45,4.77,0.00,-6.5,4.998,4.998,4.998,4.998,189
2022-02-23 16:08:22,4.7,8.0,305,0.0,0.0,0,0.0,0.0,0,151313.00,0.00,0.00,322,14.45,4.48,0.00,-6.5,4.998,4.998,4.998,4.998,23
2022-02-23 16:09:22,3.7,7.3,302,0.0,0.0,0,0.0,0.0,0,151615.00,0.00,0.00,303,14.45,4.20,0.00,-6.5,4.998,4.998,4.998,4.998,58
2022-02-23 16:10:22,4.4,6.5,292,0.0,0.0,0,0.0,0.0,0,151907.00,0.00,0.00,317,14.45,4.40,0.00,-6.5,4.998,4.998,4.998,4.998,66
2022-02-23 16:11:22,4.5,6.5,260,0.0,0.0,0,0.0,0.0,0,152167.00,0.00,0.00,336,14.49,4.67,0.00,-6.0,4.998,4.998,4.998,4.998,20
2022-02-23 16:12:22,4.1,7.3,291,0.0,0.0,0,0.0,0.0,0,152458.00,0.00,0.00,311,14.45,4.33,0.00,-6.0,4.998,4.998,4.998,4.998,102
2022-02-23 16:13:22,3.9,5.3,210,0.0,0.0,0,0.0,0.0,0,152668.00,0.00,0.00,312,14.49,4.33,0.00,-6.0,4.998,4.998,4.998,4.998,110
2022-02-23 16:14:22,2.3,4.7,132,0.0,0.0,0,0.0,0.0,0,152800.00,0.00,0.00,312,14.49,4.33,0.00,-5.0,4.998,4.998,4.998,4.998,137
2022-02-23 16:15:22,5.3,9.4,349,0.0,0.0,0,0.0,0.0,0,153149.00,0.00,0.00,0,14.45,0.00,0.00,-5.0,4.998,4.998,4.998,4.998,172
2022-02-23 16:16:22,6.5,8.6,365,0.0,0.0,0,0.0,0.0,0,153514.00,0.00,0.00,5,14.49,0.07,0.00,-5.5,4.998,4.998,4.998,4.998,34
2022-02-23 16:17:22,2.5,7.6,320,0.0,0.0,0,0.0,0.0,0,153834.00,0.00,0.00,342,14.49,4.76,0.00,-5.5,4.998,4.998,4.998,4.998,80
2022-02-23 16:18:22,2.0,4.7,179,0.0,0.0,0,0.0,0.0,0,154013.00,0.00,0.00,334,14.45,4.64,0.00,-4.5,4.998,4.998,4.998,4.998,222
2022-02-23 16:19:22,2.1,4.3,126,0.0,0.0,0,0.0,0.0,0,154139.00,0.00,0.00,273,14.45,3.80,0.00,-4.5,4.998,4.998,4.998,4.998,176
2022-02-23 16:20:22,2.5,3.3,126,0.0,0.0,0,0.0,0.0,0,154265.00,0.00,0.00,298,14.49,4.14,0.00,-4.1,4.998,4.998,4.998,4.998,226
2022-02-23 16:21:22,4.4,6.5,258,0.0,0.0,0,0.0,0.0,0,154523.00,0.00,0.00,347,14.49,4.82,0.00,-4.5,4.998,4.998,4.998,4.998,230
2022-02-23 16:22:22,6.3,7.0,301,0.0,0.0,0,0.0,0.0,0,154824.00,0.00,0.00,354,14.45,4.92,0.00,-4.5,4.998,4.998,4.998,4.998,94
2022-02-23 16:23:22,4.8,7.9,370,0.0,0.0,0,0.0,0.0,0,155194.00,0.00,0.00,13,14.49,0.18,0.00,-4.5,4.998,4.998,4.998,4.998,215
2022-02-23 16:24:22,4.1,6.4,309,0.0,0.0,0,0.0,0.0,0,155503.00,0.00,0.00,35,14.45,0.48,0.00,-5.0,4.998,4.998,4.998,4.998,165
2022-02-23 16:25:22,4.3,5.8,175,0.0,0.0,0,0.0,0.0,0,155678.00,0.00,0.00,359,14.45,4.99,0.00,-4.1,4.998,4.998,4.998,4.998,7
2022-02-23 16:26:22,5.5,6.3,305,0.0,0.0,0,0.0,0.0,0,155983.00,0.00,0.00,24,14.45,0.34,0.00,-4.5,4.998,4.998,4.998,4.998,11
2022-02-23 16:27:22,3.1,6.2,295,0.0,0.0,0,0.0,0.0,0,156278.00,0.00,0.00,328,14.49,4.56,0.00,-4.5,4.998,4.998,4.998,4.998,223
2022-02-23 16:28:22,2.7,5.4,210,0.0,0.0,0,0.0,0.0,0,156488.00,0.00,0.00,351,14.45,4.88,0.00,-4.5,4.998,4.998,4.998,4.998,226
2022-02-23 16:29:22,3.2,4.9,149,0.0,0.0,0,0.0,0.0,0,156637.00,0.00,0.00,15,14.53,0.21,0.00,-4.1,4.998,4.998,4.998,4.998,168
2022-02-23 16:30:22,6.1,8.0,272,0.0,0.0,0,0.0,0.0,0,156909.00,0.00,0.00,13,14.45,0.19,0.00,-4.1,4.998,4.998,4.998,4.998,40
2022-02-23 16:31:22,5.6,7.7,391,0.0,0.0,0,0.0,0.0,0,157300.00,0.00,0.00,37,14.49,0.51,0.00,-4.5,4.998,4.998,4.998,4.998,196
2022-02-23 16:32:22,4.9,8.8,354,0.0,0.0,0,0.0,0.0,0,157654.00,0.00,0.00,352,14.49,4.89,0.00,-5.5,4.998,4.998,4.998,4.998,98
2022-02-23 16:33:22,5.4,7.5,324,0.0,0.0,0,0.0,0.0,0,157978.00,0.00,0.00,4,14.45,0.05,0.00,-5.0,4.998,4.998,4.998,4.998,28
2022-02-23 16:34:22,2.9,5.7,255,0.0,0.0,0,0.0,0.0,0,158233.00,0.00,0.00,344,14.45,4.78,0.00,-5.0,4.998,4.998,4.998,4.998,20
2022-02-23 16:35:22,0.0,4.1,120,0.0,0.0,0,0.0,0.0,0,158353.00,0.00,0.00,10,14.49,0.14,0.00,-4.1,4.998,4.998,4.998,4.998,107
2022-02-23 16:36:22,3.2,5.9,168,0.0,0.0,0,0.0,0.0,0,158521.00,0.00,0.00,335,14.45,4.65,0.00,-4.1,4.998,4.998,4.998,4.998,250
2022-02-23 16:37:22,2.6,5.9,220,0.0,0.0,0,0.0,0.0,0,158741.00,0.00,0.00,289,14.53,4.01,0.00,-4.5,4.998,4.998,4.998,4.998,211
2022-02-23 16:38:22,5.9,11.9,412,0.0,0.0,0,0.0,0.0,0,159153.00,0.00,0.00,249,14.45,3.46,0.00,-5.5,4.998,4.998,4.998,4.998,69
2022-02-23 16:39:22,6.3,7.0,294,0.0,0.0,0,0.0,0.0,0,159447.00,0.00,0.00,357,14.45,4.96,0.00,-5.5,4.998,4.998,4.998,4.998,218
2022-02-23 16:40:22,4.2,6.9,316,0.0,0.0,0,0.0,0.0,0,159763.00,0.00,0.00,348,14.45,4.83,0.00,-5.0,4.998,4.998,4.998,4.998,192
2022-02-23 16:41:22,7.6,8.1,334,0.0,0.0,0,0.0,0.0,0,160097.00,0.00,0.00,332,14.49,4.61,0.00,-4.5,4.998,4.998,4.998,4.998,24
2022-02-23 16:42:22,9.2,10.0,429,0.0,0.0,0,0.0,0.0,0,160526.00,0.00,0.00,334,14.49,4.64,0.00,-5.0,4.998,4.998,4.998,4.998,47
2022-02-23 16:43:22,4.4,8.8,360,0.0,0.0,0,0.0,0.0,0,160886.00,0.00,0.00,337,14.45,4.68,0.00,-5.5,4.998,4.998,4.998,4.998,50
2022-02-23 16:44:22,4.9,7.3,309,0.0,0.0,0,0.0,0.0,0,161195.00,0.00,0.00,334,14.49,4.64,0.00,-6.0,4.998,4.998,4.998,4.998,108
2022-02-23 16:45:22,6.0,7.7,332,0.0,0.0,0,0.0,0.0,0,161527.00,0.00,0.00,7,14.45,0.09,0.00,-5.5,4.998,4.998,4.998,4.998,38
2022-02-23 16:46:22,5.0,6.2,266,0.0,0.0,0,0.0,0.0,0,161793.00,0.00,0.00,48,14.45,0.67,0.00,-5.0,4.998,4.998,4.998,4.998,251
2022-02-23 16:47:22,11.1,11.1,307,0.0,0.0,0,0.0,0.0,0,162100.00,0.00,0.00,31,14.53,0.43,0.00,-5.0,4.998,4.998,4.998,4.998,26
2022-02-23 16:48:22,6.7,11.3,442,0.0,0.0,0,0.0,0.0,0,162542.00,0.00,0.00,6,14.49,0.09,0.00,-5.0,4.998,4.998,4.998,4.998,210
2022-02-23 16:49:22,6.8,8.9,436,0.0,0.0,0,0.0,0.0,0,162978.00,0.00,0.00,14,14.45,0.20,0.00,-5.0,4.998,4.998,4.998,4.998,138
2022-02-23 16:50:22,4.7,8.1,365,0.0,0.0,0,0.0,0.0,0,163343.00,0.00,0.00,20,14.45,0.28,0.00,-5.0,4.998,4.998,4.998,4.998,59
2022-02-23 16:51:22,6.0,7.6,277,0.0,0.0,0,0.0,0.0,0,163620.00,0.00,0.00,0,14.45,0.00,0.00,-4.1,4.998,4.998,4.998,4.998,127
2022-02-23 16:52:22,3.3,8.5,329,0.0,0.0,0,0.0,0.0,0,163949.00,0.00,0.00,22,14.49,0.31,0.00,-4.5,4.998,4.998,4.998,4.998,137
2022-02-23 16:53:22,4.5,7.9,327,0.0,0.0,0,0.0,0.0,0,164276.00,0.00,0.00,6,14.49,0.08,0.00,-5.0,4.998,4.998,4.998,4.998,91
2022-02-23 16:54:22,4.3,7.2,307,0.0,0.0,0,0.0,0.0,0,164583.00,0.00,0.00,23,14.45,0.33,0.00,-5.0,4.998,4.998,4.998,4.998,247
2022-02-23 16:55:22,3.3,6.4,302,0.0,0.0,0,0.0,0.0,0,164885.00,0.00,0.00,41,14.45,0.57,0.00,-5.5,4.998,4.998,4.998,4.998,69
2022-02-23 16:56:22,5.0,5.9,212,0.0,0.0,0,0.0,0.0,0,165097.00,0.00,0.00,2,14.45,0.02,0.00,-4.1,4.998,4.998,4.998,4.998,52
2022-02-23 16:57:22,5.0,6.2,294,0.0,0.0,0,0.0,0.0,0,165391.00,0.00,0.00,11,14.45,0.15,0.00,-4.1,4.998,4.998,4.998,4.998,110
2022-02-23 16:58:22,5.3,6.6,312,0.0,0.0,0,0.0,0.0,0,165703.00,0.00,0.00,357,14.49,4.96,0.00,-5.0,4.998,4.998,4.998,4.998,179
2022-02-23 16:59:22,6.1,7.4,319,0.0,0.0,0,0.0,0.0,0,166022.00,0.00,0.00,340,14.49,4.73,0.00,-5.0,4.998,4.998,4.998,4.998,43
2022-02-23 17:00:22,4.8,6.1,241,0.0,0.0,0,0.0,0.0,0,166263.00,0.00,0.00,359,14.45,4.99,0.00,-4.5,4.998,4.998,4.998,4.998,162
2022-02-23 17:01:22,8.2,8.2,225,0.0,0.0,0,0.0,0.0,0,166488.00,0.00,0.00,351,14.49,4.88,0.00,-5.0,4.998,4.998,4.998,4.998,178
2022-02-23 17:02:22,8.5,9.5,400,0.0,0.0,0,0.0,0.0,0,166888.00,0.00,0.00,334,14.45,4.64,0.00,-5.0,4.998,4.998,4.998,4.998,62
2022-02-23 17:03:22,4.9,8.3,348,0.0,0.0,0,0.0,0.0,0,167236.00,0.00,0.00,332,14.45,4.61,0.00,-5.5,4.998,4.998,4.998,4.998,140
2022-02-23 17:04:22,7.6,8.6,362,0.0,0.0,0,0.0,0.0,0,167598.00,0.00,0.00,335,14.49,4.65,0.00,-5.5,4.998,4.998,4.998,4.998,143
2022-02-23 17:05:22,6.3,7.4,348,0.0,0.0,0,0.0,0.0,0,167946.00,0.00,0.00,359,14.45,4.99,0.00,-5.5,4.998,4.998,4.998,4.998,100
2022-02-23 17:06:22,4.0,6.6,288,0.0,0.0,0,0.0,0.0,0,168234.00,0.00,0.00,3,14.49,0.04,0.00,-5.0,4.998,4.998,4.998,4.998,136
2022-02-23 17:07:22,6.1,9.8,433,0.0,0.0,0,0.0,0.0,0,168667.00,0.00,0.00,307,14.49,4.27,0.00,-6.0,4.998,4.998,4.998,4.998,3
2022-02-23 17:08:22,8.0,8.2,313,0.0,0.0,0,0.0,0.0,0,168980.00,0.00,0.00,337,14.49,4.69,0.00,-5.5,4.998,4.998,4.998,4.998,94
2022-02-23 17:09:22,4.8,8.9,347,0.0,0.0,0,0.0,0.0,0,169327.00,0.00,0.00,339,14.49,4.71,0.00,-6.0,4.998,4.998,4.998,4.998,190
2022-02-23 17:10:22,8.0,8.9,360,0.0,0.0,0,0.0,0.0,0,169687.00,0.00,0.00,1,14.49,0.01,0.00,-6.0,4.998,4.998,4.998,4.998,81
2022-02-23 17:11:22,6.4,10.7,485,0.0,0.0,0,0.0,0.0,0,170172.00,0.00,0.00,325,14.45,4.52,0.00,-6.5,4.998,4.998,4.998,4.998,105
2022-02-23 17:12:22,5.0,8.2,361,0.0,0.0,0,0.0,0.0,0,170533.00,0.00,0.00,313,14.49,4.36,0.00,-6.0,4.998,4.998,4.998,4.998,15
2022-02-23 17:13:22,6.2,6.7,271,0.0,0.0,0,0.0,0.0,0,170804.00,0.00,0.00,334,14.45,4.64,0.00,-6.0,4.998,4.998,4.998,4.998,132
2022-02-23 17:14:22,5.0,7.1,298,0.0,0.0,0,0.0,0.0,0,171102.00,0.00,0.00,0,14.45,0.00,0.00,-6.0,4.998,4.998,4.998,4.998,136
2022-02-23 17:15:22,5.2,8.5,342,0.0,0.0,0,0.0,0.0,0,171444.00,0.00,0.00,345,14.49,4.79,0.00,-6.0,4.998,4.998,4.998,4.998,109
2022-02-23 17:16:22,6.5,7.5,334,0.0,0.0,0,0.0,0.0,0,171778.00,0.00,0.00,351,14.45,4.87,0.00,-6.0,4.998,4.998,4.998,4.998,232
2022-02-23 17:17:22,4.9,9.4,389,0.0,0.0,0,0.0,0.0,0,172167.00,0.00,0.00,0,14.53,0.00,0.00,-5.5,4.998,4.998,4.998,4.998,183
2022-02-23 17:18:22,5.7,9.5,355,0.0,0.0,0,0.0,0.0,0,172522.00,0.00,0.00,335,14.49,4.65,0.00,-6.0,4.998,4.998,4.998,4.998,71
2022-02-23 17:19:22,4.6,7.6,360,0.0,0.0,0,0.0,0.0,0,172882.00,0.00,0.00,345,14.45,4.79,0.00,-6.0,4.998,4.998,4.998,4.998,50
2022-02-23 17:20:22,4.4,6.9,276,0.0,0.0,0,0.0,0.0,0,173158.00,0.00,0.00,9,14.49,0.13,0.00,-5.5,4.998,4.998,4.998,4.998,76
2022-02-23 17:21:22,6.6,7.4,322,0.0,0.0,0,0.0,0.0,0,173480.00,0.00,0.00,6,14.49,0.09,0.00,-5.5,4.998,4.998,4.998,4.998,203
2022-02-23 17:22:22,5.1,6.8,288,0.0,0.0,0,0.0,0.0,0,173768.00,0.00,0.00,4,14.49,0.06,0.00,-5.0,4.998,4.998,4.998,4.998,196
2022-02-23 17:23:22,4.9,7.1,277,0.0,0.0,0,0.0,0.0,0,174045.00,0.00,0.00,341,14.49,4.73,0.00,-5.0,4.998,4.998,4.998,4.998,17
2022-02-23 17:24:22,7.5,8.8,326,0.0,0.0,0,0.0,0.0,0,174371.00,0.00,0.00,0,14.49,0.00,0.00,-5.5,4.998,4.998,4.998,4.998,113
2022-02-23 17:25:22,7.7,8.6,371,0.0,0.0,0,0.0,0.0,0,174742.00,0.00,0.00,17,14.45,0.24,0.00,-6.0,4.998,4.998,4.998,4.998,173
2022-02-23 17:26:22,5.5,9.2,447,0.0,0.0,0,0.0,0.0,0,175189.00,0.00,0.00,17,14.49,0.24,0.00,-6.0,4.998,4.998,4.998,4.998,201
2022-02-23 17:27:22,6.7,8.3,391,0.0,0.0,0,0.0,0.0,0,175580.00,0.00,0.00,11,14.49,0.16,0.00,-6.0,4.998,4.998,4.998,4.998,153
2022-02-23 17:28:22,6.2,7.7,333,0.0,0.0,0,0.0,0.0,0,175913.00,0.00,0.00,333,14.53,4.63,0.00,-5.5,4.998,4.998,4.998,4.998,82
2022-02-23 17:29:22,8.0,11.3,458,0.0,0.0,0,0.0,0.0,0,176371.00,0.00,0.00,356,14.49,4.95,0.00,-6.0,4.998,4.998,4.998,4.998,60
2022-02-23 17:30:22,6.1,8.5,364,0.0,0.0,0,0.0,0.0,0,176735.00,0.00,0.00,0,14.45,0.00,0.00,-6.0,4.998,4.998,4.998,4.998,185
2022-02-23 17:31:22,4.5,8.4,350,0.0,0.0,0,0.0,0.0,0,177085.00,0.00,0.00,354,14.49,4.92,0.00,-6.0,4.998,4.998,4.998,4.998,71
2022-02-23 17:32:22,4.3,7.4,304,0.0,0.0,0,0.0,0.0,0,177389.00,0.00,0.00,324,14.45,4.50,0.00,-6.0,4.998,4.998,4.998,4.998,208
2022-02-23 17:33:22,7.6,8.7,419,0.0,0.0,0,0.0,0.0,0,177808.00,0.00,0.00,32,14.45,0.44,0.00,-6.5,4.998,4.998,4.998,4.998,125
2022-02-23 17:34:22,6.4,8.0,378,0.0,0.0,0,0.0,0.0,0,178186.00,0.00,0.00,23,14.45,0.32,0.00,-6.0,4.998,4.998,4.998,4.998,179
2022-02-23 17:35:22,5.0,7.2,321,0.0,0.0,0,0.0,0.0,0,178507.00,0.00,0.00,3,14.49,0.04,0.00,-6.0,4.998,4.998,4.998,4.998,6
2022-02-23 17:36:22,6.1,8.5,403,0.0,0.0,0,0.0,0.0,0,178910.00,0.00,0.00,357,14.45,4.97,0.00,-6.0,4.998,4.998,4.998,4.998,234
2022-02-23 17:37:22,4.9,8.7,381,0.0,0.0,0,0.0,0.0,0,179291.00,0.00,0.00,341,14.49,4.73,0.00,-6.5,4.998,4.998,4.998,4.998,93
2022-02-23 17:38:22,5.5,8.7,353,0.0,0.0,0,0.0,0.0,0,179644.00,0.00,0.00,354,14.49,4.92,0.00,-6.5,4.998,4.998,4.998,4.998,115
2022-02-23 17:39:22,5.0,6.1,228,0.0,0.0,0,0.0,0.0,0,179872.00,0.00,0.00,2,14.49,0.03,0.00,-6.0,4.998,4.998,4.998,4.998,13
2022-02-23 17:40:22,4.9,6.4,307,0.0,0.0,0,0.0,0.0,0,180179.00,0.00,0.00,13,14.49,0.19,0.00,-6.0,4.998,4.998,4.998,4.998,67
2022-02-23 17:41:22,5.3,9.5,422,0.0,0.0,0,0.0,0.0,0,180601.00,0.00,0.00,8,14.49,0.12,0.00,-6.0,4.998,4.998,4.998,4.998,156
2022-02-23 17:42:22,7.0,8.3,353,0.0,0.0,0,0.0,0.0,0,180954.00,0.00,0.00,3,14.45,0.05,0.00,-6.0,4.998,4.998,4.998,4.998,170
2022-02-23 17:43:22,7.2,7.9,392,0.0,0.0,0,0.0,0.0,0,181346.00,0.00,0.00,5,14.49,0.07,0.00,-6.0,4.998,4.998,4.998,4.998,194
2022-02-23 17:44:22,8.1,12.0,496,0.0,0.0,0,0.0,0.0,0,181842.00,0.00,0.00,346,14.53,4.81,0.00,-7.0,4.998,4.998,4.998,4.998,170
2022-02-23 17:45:22,4.9,11.0,514,0.0,0.0,0,0.0,0.0,0,182356.00,0.00,0.00,3,14.49,0.04,0.00,-7.5,4.998,4.998,4.998,4.998,48
2022-02-23 17:46:22,6.4,9.0,342,0.0,0.0,0,0.0,0.0,0,182698.00,0.00,0.00,3,14.49,0.04,0.00,-7.0,4.998,4.998,4.998,4.998,81
2022-02-23 17:47:22,4.1,9.7,389,0.0,0.0,0,0.0,0.0,0,183087.00,0.00,0.00,2,14.53,0.02,0.00,-7.0,4.998,4.998,4.998,4.998,25
2022-02-23 17:48:22,5.3,9.2,396,0.0,0.0,0,0.0,0.0,0,183483.00,0.00,0.00,20,14.49,0.28,0.00,-7.0,4.998,4.998,4.998,4.998,136
2022-02-23 17:49:22,5.5,8.9,404,0.0,0.0,0,0.0,0.0,0,183887.00,0.00,0.00,359,14.49,4.99,0.00,-7.0,4.998,4.998,4.998,4.998,68
2022-02-23 17:50:22,6.7,6.9,283,0.0,0.0,0,0.0,0.0,0,184170.00,0.00,0.00,326,14.49,4.53,0.00,-7.0,4.998,4.998,4.998,4.998,184
2022-02-23 17:51:22,4.3,8.5,353,0.0,0.0,0,0.0,0.0,0,184523.00,0.00,0.00,352,14.49,4.89,0.00,-7.0,4.998,4.998,4.998,4.998,34
2022-02-23 17:52:22,3.4,5.4,224,0.0,0.0,0,0.0,0.0,0,184747.00,0.00,0.00,359,14.49,4.99,0.00,-7.0,4.998,4.998,4.998,4.998,196
2022-02-23 17:53:22,2.9,10.0,379,0.0,0.0,0,0.0,0.0,0,185126.00,0.00,0.00,336,14.45,4.66,0.00,-7.5,4.998,4.998,4.998,4.998,78
2022-02-23 17:54:22,7.2,7.6,227,0.0,0.0,0,0.0,0.0,0,185353.00,0.00,0.00,331,14.49,4.60,0.00,-7.0,4.998,4.998,4.998,4.998,151
2022-02-23 17:55:22,5.6,8.7,355,0.0,0.0,0,0.0,0.0,0,185708.00,0.00,0.00,11,14.49,0.16,0.00,-6.5,4.998,4.998,4.998,4.998,18
2022-02-23 17:56:22,5.9,10.3,426,0.0,0.0,0,0.0,0.0,0,186134.00,0.00,0.00,0,14.53,0.00,0.00,-7.0,4.998,4.998,4.998,4.998,209
2022-02-23 17:57:22,7.0,8.5,324,0.0,0.0,0,0.0,0.0,0,186458.00,0.00,0.00,10,14.53,0.14,0.00,-7.5,4.998,4.998,4.998,4.998,241
2022-02-23 17:58:22,4.1,8.0,332,0.0,0.0,0,0.0,0.0,0,186790.00,0.00,0.00,352,14.49,4.89,0.00,-7.0,4.998,4.998,4.998,4.998,242
2022-02-23 17:59:22,6.1,11.3,368,0.0,0.0,0,0.0,0.0,0,187158.00,0.00,0.00,7,14.53,0.10,0.00,-7.0,4.998,4.998,4.998,4.998,190
2022-02-23 18:00:22,6.2,8.3,380,0.0,0.0,0,0.0,0.0,0,187538.00,0.00,0.00,12,14.49,0.17,0.00,-7.5,4.998,4.998,4.998,4.998,74
2022-02-23 18:01:22,5.8,8.1,374,0.0,0.0,0,0.0,0.0,0,187912.00,0.00,0.00,30,14.53,0.42,0.00,-7.5,4.998,4.998,4.998,4.998,89
2022-02-23 18:02:22,5.0,7.1,347,0.0,0.0,0,0.0,0.0,0,188259.00,0.00,0.00,23,14.49,0.33,0.00,-7.5,4.998,4.998,4.998,4.998,45
2022-02-23 18:03:22,5.0,7.7,308,0.0,0.0,0,0.0,0.0,0,188567.00,0.00,0.00,335,14.49,4.65,0.00,-7.5,4.998,4.998,4.998,4.998,249
2022-02-23 18:04:22,4.2,5.9,286,0.0,0.0,0,0.0,0.0,0,188853.00,0.00,0.00,13,14.49,0.18,0.00,-7.5,4.998,4.998,4.998,4.998,209
2022-02-23 18:05:22,4.6,8.2,368,0.0,0.0,0,0.0,0.0,0,189221.00,0.00,0.00,350,14.53,4.87,0.00,-7.5,4.998,4.998,4.998,4.998,155
2022-02-23 18:06:22,5.4,9.8,436,0.0,0.0,0,0.0,0.0,0,189657.00,0.00,0.00,342,14.53,4.75,0.00,-8.0,4.998,4.998,4.998,4.998,49
2022-02-23 18:07:22,9.5,10.4,369,0.0,0.0,0,0.0,0.0,0,190026.00,0.00,0.00,326,14.49,4.53,0.00,-8.0,4.998,4.998,4.998,4.998,69
2022-02-23 18:08:22,4.4,11.6,359,0.0,0.0,0,0.0,0.0,0,190385.00,0.00,0.00,331,14.53,4.60,0.00,-8.0,4.998,4.998,4.998,4.998,170
2022-02-23 18:09:22,5.9,7.7,266,0.0,0.0,0,0.0,0.0,0,190651.00,0.00,0.00,335,14.49,4.65,0.00,-8.0,4.998,4.998,4.998,4.998,225
2022-02-23 18:10:22,7.0,8.0,333,0.0,0.0,0,0.0,0.0,0,190984.00,0.00,0.00,4,14.49,0.06,0.00,-8.0,4.998,4.998,4.998,4.998,26
2022-02-23 18:11:22,2.9,7.3,290,0.0,0.0,0,0.0,0.0,0,191274.00,0.00,0.00,15,14.53,0.21,0.00,-8.5,4.998,4.998,4.998,4.998,20
2022-02-23 18:12:22,4.0,9.9,347,0.0,0.0,0,0.0,0.0,0,191621.00,0.00,0.00,358,14.53,4.98,0.00,-8.5,4.998,4.998,4.998,4.998,134
2022-02-23 18:13:22,4.0,6.5,260,0.0,0.0,0,0.0,0.0,0,191881.00,0.00,0.00,353,14.53,4.91,0.00,-8.9,4.998,4.998,4.998,4.998,254
2022-02-23 18:14:22,5.7,7.5,257,0.0,0.0,0,0.0,0.0,0,192138.00,0.00,0.00,339,14.53,4.72,0.00,-8.9,4.998,4.998,4.998,4.998,163
2022-02-23 18:15:22,3.2,6.0,262,0.0,0.0,0,0.0,0.0,0,192400.00,0.00,0.00,6,14.53,0.09,0.00,-8.9,4.998,4.998,4.998,4.998,10
2022-02-23 18:16:22,3.8,7.6,317,0.0,0.0,0,0.0,0.0,0,192717.00,0.00,0.00,7,14.53,0.10,0.00,-8.9,4.998,4.998,4.998,4.998,4
2022-02-23 18:17:22,7.5,8.9,304,0.0,0.0,0,0.0,0.0,0,193021.00,0.00,0.00,0,14.53,0.00,0.00,-9.4,4.998,4.998,4.998,4.998,2
2022-02-23 18:18:22,6.6,9.4,436,0.0,0.0,0,0.0,0.0,0,193457.00,0.00,0.00,348,14.53,4.83,0.00,-9.4,4.998,4.998,4.998,4.998,197
2022-02-23 18:19:22,6.5,7.5,330,0.0,0.0,0,0.0,0.0,0,193787.00,0.00,0.00,11,14.53,0.16,0.00,-9.4,4.998,4.998,4.998,4.998,135
2022-02-23 18:20:22,4.7,8.1,290,0.0,0.0,0,0.0,0.0,0,194077.00,0.00,0.00,344,14.53,4.79,0.00,-8.9,4.998,4.998,4.998,4.998,191
2022-02-23 18:21:22,6.0,8.8,392,0.0,0.0,0,0.0,0.0,0,194469.00,0.00,0.00,2,14.53,0.03,0.00,-9.4,4.998,4.998,4.998,4.998,65
2022-02-23 18:22:22,6.0,6.6,327,0.0,0.0,0,0.0,0.0,0,194796.00,0.00,0.00,0,14.53,0.00,0.00,-9.4,4.998,4.998,4.998,4.998,136
2022-02-23 18:23:22,3.1,7.6,292,0.0,0.0,0,0.0,0.0,0,195088.00,0.00,0.00,356,14.53,4.95,0.00,-9.4,4.998,4.998,4.998,4.998,232
2022-02-23 18:24:22,5.8,8.3,260,0.0,0.0,0,0.0,0.0,0,195348.00,0.00,0.00,333,14.53,4.62,0.00,-9.9,4.998,4.998,4.998,4.998,226
2022-02-23 18:25:22,4.7,8.5,340,0.0,0.0,0,0.0,0.0,0,195688.00,0.00,0.00,16,14.25,0.22,0.00,-9.9,4.998,4.998,4.998,4.998,48
2022-02-23 18:26:22,5.9,7.2,318,0.0,0.0,0,0.0,0.0,0,196006.00,0.00,0.00,0,13.94,0.00,0.00,-9.9,4.998,4.998,4.998,4.998,212
2022-02-23 18:27:22,5.6,6.0,294,0.0,0.0,0,0.0,0.0,0,196300.00,0.00,0.00,2,13.82,0.03,0.00,-10.4,4.998,4.998,4.998,4.998,213
2022-02-23 18:28:22,7.8,9.2,414,0.0,0.0,0,0.0,0.0,0,196714.00,0.00,0.00,2,13.82,0.02,0.00,-9.9,4.998,4.998,4.998,4.998,50
2022-02-23 18:29:22,3.4,8.4,385,0.0,0.0,0,0.0,0.0,0,197099.00,0.00,0.00,5,13.78,0.07,0.00,-9.9,4.998,4.998,4.998,4.998,164
2022-02-23 18:30:22,3.3,6.8,262,0.0,0.0,0,0.0,0.0,0,197361.00,0.00,0.00,359,13.71,4.99,0.00,-10.4,4.998,4.998,4.998,4.998,86
2022-02-23 18:31:22,5.3,5.5,255,0.0,0.0,0,0.0,0.0,0,197616.00,0.00,0.00,354,13.71,4.91,0.00,-10.4,4.998,4.998,4.998,4.998,148
2022-02-23 18:32:22,5.2,7.2,359,0.0,0.0,0,0.0,0.0,0,197975.00,0.00,0.00,358,13.67,4.97,0.00,-10.4,4.998,4.998,4.998,4.998,39
2022-02-23 18:33:22,3.9,6.3,244,0.0,0.0,0,0.0,0.0,0,198219.00,0.00,0.00,345,13.67,4.80,0.00,-10.4,4.998,4.998,4.998,4.998,202
2022-02-23 18:34:22,4.8,5.1,188,0.0,0.0,0,0.0,0.0,0,198407.00,0.00,0.00,7,13.63,0.10,0.00,-10.4,4.998,4.998,4.998,4.998,90
2022-02-23 18:35:22,4.8,8.2,369,0.0,0.0,0,0.0,0.0,0,198776.00,0.00,0.00,338,13.59,4.69,0.00,-10.4,4.998,4.998,4.998,4.998,35
2022-02-23 18:36:22,4.9,6.5,308,0.0,0.0,0,0.0,0.0,0,199084.00,0.00,0.00,3,13.55,0.05,0.00,-10.4,4.998,4.998,4.998,4.998,132
2022-02-23 18:37:22,7.3,8.1,332,0.0,0.0,0,0.0,0.0,0,199416.00,0.00,0.00,15,13.55,0.20,0.00,-10.4,4.998,4.998,4.998,4.998,73
2022-02-23 18:38:22,3.4,9.4,376,0.0,0.0,0,0.0,0.0,0,199792.00,0.00,0.00,349,13.51,4.84,0.00,-10.4,4.998,4.998,4.998,4.998,186
2022-02-23 18:39:22,3.8,5.8,234,0.0,0.0,0,0.0,0.0,0,200026.00,0.00,0.00,0,13.51,0.00,0.00,-10.4,4.998,4.998,4.998,4.998,23
2022-02-23 18:40:22,3.5,4.0,144,0.0,0.0,0,0.0,0.0,0,200170.00,0.00,0.00,0,13.43,0.00,0.00,-10.9,4.998,4.998,4.998,4.998,98
2022-02-23 18:41:22,2.2,4.9,188,0.0,0.0,0,0.0,0.0,0,200358.00,0.00,0.00,348,13.43,4.83,0.00,-10.9,4.998,4.998,4.998,4.998,67
2022-02-23 18:42:22,4.4,9.1,274,0.0,0.0,0,0.0,0.0,0,200632.00,0.00,0.00,348,13.39,4.84,0.00,-10.9,4.998,4.998,4.998,4.998,26
2022-02-23 18:43:22,3.3,6.8,280,0.0,0.0,0,0.0,0.0,0,200912.00,0.00,0.00,0,13.35,0.00,0.00,-10.4,4.998,4.998,4.998,4.998,198
2022-02-23 18:44:22,3.9,6.7,264,0.0,0.0,0,0.0,0.0,0,201176.00,0.00,0.00,355,13.35,4.94,0.00,-10.9,4.998,4.998,4.998,4.998,213
2022-02-23 18:45:22,3.3,5.9,239,0.0,0.0,0,0.0,0.0,0,201415.00,0.00,0.00,347,13.32,4.82,0.00,-10.4,4.998,4.998,4.998,4.998,59
2022-02-23 18:46:22,4.4,6.2,264,0.0,0.0,0,0.0,0.0,0,201679.00,0.00,0.00,359,13.32,4.99,0.00,-10.9,4.998,4.998,4.998,4.998,186
2022-02-23 18:47:22,4.6,6.5,267,0.0,0.0,0,0.0,0.0,0,201946.00,0.00,0.00,10,13.28,0.15,0.00,-10.4,4.998,4.998,4.998,4.998,93
2022-02-23 18:48:22,5.0,6.4,260,0.0,0.0,0,0.0,0.0,0,202206.00,0.00,0.00,359,13.24,4.99,0.00,-10.9,4.998,4.998,4.998,4.998,0
2022-02-23 18:49:22,5.5,7.0,342,0.0,0.0,0,0.0,0.0,0,202548.00,0.00,0.00,0,13.24,0.00,0.00,-10.9,4.998,4.998,4.998,4.998,197
2022-02-23 18:50:22,3.4,6.0,237,0.0,0.0,0,0.0,0.0,0,202785.00,0.00,0.00,5,13.20,0.07,0.00,-10.9,4.998,4.998,4.998,4.998,117
2022-02-23 18:51:22,4.1,6.8,278,0.0,0.0,0,0.0,0.0,0,203063.00,0.00,0.00,2,13.20,0.02,0.00,-10.9,4.998,4.998,4.998,4.998,94
2022-02-23 18:52:22,3.8,7.4,320,0.0,0.0,0,0.0,0.0,0,203383.00,0.00,0.00,359,13.16,4.99,0.00,-11.4,4.998,4.998,4.998,4.998,158
2022-02-23 18:53:22,4.5,6.2,282,0.0,0.0,0,0.0,0.0,0,203665.00,0.00,0.00,2,13.16,0.03,0.00,-10.9,4.998,4.998,4.998,4.998,139
2022-02-23 18:54:22,4.5,5.9,242,0.0,0.0,0,0.0,0.0,0,203907.00,0.00,0.00,5,13.12,0.07,0.00,-10.9,4.998,4.998,4.998,4.998,154
2022-02-23 18:55:22,5.3,7.3,289,0.0,0.0,0,0.0,0.0,0,204196.00,0.00,0.00,6,13.12,0.09,0.00,-10.9,4.998,4.998,4.998,4.998,39
2022-02-23 18:56:22,5.7,6.5,261,0.0,0.0,0,0.0,0.0,0,204457.00,0.00,0.00,354,13.12,4.92,0.00,-10.9,4.998,4.998,4.998,4.998,96
2022-02-23 18:57:22,4.0,7.1,311,0.0,0.0,0,0.0,0.0,0,204768.00,0.00,0.00,4,13.12,0.06,0.00,-10.4,4.998,4.998,4.998,4.998,123
2022-02-23 18:58:22,3.7,4.8,209,0.0,0.0,0,0.0,0.0,0,204977.00,0.00,0.00,5,13.08,0.07,0.00,-10.9,4.998,4.998,4.998,4.998,61
2022-02-23 18:59:22,7.3,7.8,255,0.0,0.0,0,0.0,0.0,0,205232.00,0.00,0.00,8,13.08,0.11,0.00,-10.9,4.998,4.998,4.998,4.998,162
2022-02-23 19:00:22,5.3,7.5,290,0.0,0.0,0,0.0,0.0,0,205522.00,0.00,0.00,0,13.08,0.00,0.00,-10.9,4.998,4.998,4.998,4.998,122
2022-02-23 19:01:22,2.7,5.9,224,0.0,0.0,0,0.0,0.0,0,205746.00,0.00,0.00,11,13.04,0.15,0.00,-11.4,4.998,4.998,4.998,4.998,209
2022-02-23 19:02:22,5.0,5.4,203,0.0,0.0,0,0.0,0.0,0,205949.00,0.00,0.00,24,13.04,0.34,0.00,-10.9,4.998,4.998,4.998,4.998,5
2022-02-23 19:03:22,3.9,6.5,257,0.0,0.0,0,0.0,0.0,0,206206.00,0.00,0.00,352,13.04,4.90,0.00,-10.9,4.998,4.998,4.998,4.998,141
2022-02-23 19:04:22,5.0,8.6,280,0.0,0.0,0,0.0,0.0,0,206486.00,0.00,0.00,3,13.04,0.04,0.00,-10.9,4.998,4.998,4.998,4.998,178
2022-02-23 19:05:22,2.6,6.4,284,0.0,0.0,0,0.0,0.0,0,206770.00,0.00,0.00,19,13.04,0.27,0.00,-10.9,4.998,4.998,4.998,4.998,64
2022-02-23 19:06:22,3.2,4.3,167,0.0,0.0,0,0.0,0.0,0,206937.00,0.00,0.00,358,13.04,4.98,0.00,-11.4,4.998,4.998,4.998,4.998,7
2022-02-23 19:07:22,2.6,3.8,139,0.0,0.0,0,0.0,0.0,0,207076.00,0.00,0.00,358,13.04,4.98,0.00,-11.4,4.998,4.998,4.998,4.998,85
2022-02-23 19:08:22,4.0,4.0,143,0.0,0.0,0,0.0,0.0,0,207219.00,0.00,0.00,0,13.04,0.00,0.00,-11.4,4.998,4.998,4.998,4.998,143
2022-02-23 19:09:22,4.5,5.1,207,0.0,0.0,0,0.0,0.0,0,207426.00,0.00,0.00,352,13.04,4.89,0.00,-11.4,4.998,4.998,4.998,4.998,191
2022-02-23 19:10:22,7.1,7.5,222,0.0,0.0,0,0.0,0.0,0,207648.00,0.00,0.00,0,13.04,0.00,0.00,-10.9,4.998,4.998,4.998,4.998,138
2022-02-23 19:11:22,3.9,8.1,329,0.0,0.0,0,0.0,0.0,0,207977.00,0.00,0.00,6,13.04,0.08,0.00,-11.4,4.998,4.998,4.998,4.998,252
2022-02-23 19:12:22,2.0,4.0,137,0.0,0.0,0,0.0,0.0,0,208114.00,0.00,0.00,6,13.04,0.08,0.00,-10.9,4.998,4.998,4.998,4.998,231
2022-02-23 19:13:22,3.0,4.2,120,0.0,0.0,0,0.0,0.0,0,208234.00,0.00,0.00,343,13.00,4.77,0.00,-10.9,4.998,4.998,4.998,4.998,102
2022-02-23 19:14:22,3.4,7.8,302,0.0,0.0,0,0.0,0.0,0,208536.00,0.00,0.00,5,13.04,0.07,0.00,-10.9,4.998,4.998,4.998,4.998,146
2022-02-23 19:15:22,3.2,8.4,265,0.0,0.0,0,0.0,0.0,0,208801.00,0.00,0.00,13,13.00,0.18,0.00,-10.9,4.998,4.998,4.998,4.998,2
2022-02-23 19:16:22,5.0,6.2,268,0.0,0.0,0,0.0,0.0,0,209069.00,0.00,0.00,350,13.00,4.86,0.00,-10.9,4.998,4.998,4.998,4.998,45
2022-02-23 19:17:22,2.6,5.3,189,0.0,0.0,0,0.0,0.0,0,209258.00,0.00,0.00,0,13.04,0.00,0.00,-11.4,4.998,4.998,4.998,4.998,63
2022-02-23 19:18:22,3.6,5.3,161,0.0,0.0,0,0.0,0.0,0,209419.00,0.00,0.00,5,13.00,0.07,0.00,-10.9,4.998,4.998,4.998,4.998,35
2022-02-23 19:19:22,6.2,6.5,266,0.0,0.0,0,0.0,0.0,0,209685.00,0.00,0.00,4,13.00,0.06,0.00,-10.9,4.998,4.998,4.998,4.998,76
2022-02-23 19:20:22,3.8,6.9,306,0.0,0.0,0,0.0,0.0,0,209991.00,0.00,0.00,10,13.00,0.15,0.00,-10.9,4.998,4.998,4.998,4.998,103
2022-02-23 19:21:22,3.6,5.0,237,0.0,0.0,0,0.0,0.0,0,210228.00,0.00,0.00,15,13.00,0.21,0.00,-10.9,4.998,4.998,4.998,4.998,168
2022-02-23 19:22:22,2.4,3.5,73,0.0,0.0,0,0.0,0.0,0,210301.00,0.00,0.00,15,13.00,0.21,0.00,-11.4,4.998,4.998,4.998,4.998,60
2022-02-23 19:23:22,3.9,7.2,256,0.0,0.0,0,0.0,0.0,0,210557.00,0.00,0.00,11,13.00,0.16,0.00,-10.9,4.998,4.998,4.998,4.998,70
2022-02-23 19:24:22,4.6,6.0,265,0.0,0.0,0,0.0,0.0,0,210822.00,0.00,0.00,4,13.00,0.05,0.00,-10.9,4.998,4.998,4.998,4.998,253
2022-02-23 19:25:22,2.5,5.8,245,0.0,0.0,0,0.0,0.0,0,211067.00,0.00,0.00,8,13.00,0.11,0.00,-11.4,4.998,4.998,4.998,4.998,110
2022-02-23 19:26:22,2.6,3.3,117,0.0,0.0,0,0.0,0.0,0,211184.00,0.00,0.00,8,13.00,0.11,0.00,-11.4,4.998,4.998,4.998,4.998,44
2022-02-23 19:27:22,3.3,4.8,182,0.0,0.0,0,0.0,0.0,0,211366.00,0.00,0.00,13,13.00,0.19,0.00,-11.4,4.998,4.998,4.998,4.998,193
2022-02-23 19:28:22,2.8,3.4,147,0.0,0.0,0,0.0,0.0,0,211513.00,0.00,0.00,13,13.00,0.18,0.00,-11.4,4.998,4.998,4.998,4.998,111
2022-02-23 19:29:22,1.5,3.2,68,0.0,0.0,0,0.0,0.0,0,211581.00,0.00,0.00,13,13.00,0.18,0.00,-11.4,4.998,4.998,4.998,4.998,55
2022-02-23 19:30:22,1.8,2.6,92,0.0,0.0,0,0.0,0.0,0,211673.00,0.00,0.00,13,13.00,0.19,0.00,-11.4,4.998,4.998,4.998,4.998,167
2022-02-23 19:31:22,5.5,5.5,119,0.0,0.0,0,0.0,0.0,0,211792.00,0.00,0.00,13,13.00,0.19,0.00,-11.4,4.998,4.998,4.998,4.998,137
2022-02-23 19:32:22,3.2,5.6,213,0.0,0.0,0,0.0,0.0,0,212005.00,0.00,0.00,25,12.96,0.35,0.00,-11.4,4.998,4.998,4.998,4.998,83
2022-02-23 19:33:22,4.0,6.6,222,0.0,0.0,0,0.0,0.0,0,212227.00,0.00,0.00,20,12.96,0.28,0.00,-11.4,4.998,4.998,4.998,4.998,224
2022-02-23 19:34:22,2.8,4.8,207,0.0,0.0,0,0.0,0.0,0,212434.00,0.00,0.00,359,12.96,4.99,0.00,-11.4,4.998,4.998,4.998,4.998,206
2022-02-23 19:35:22,2.6,5.7,199,0.0,0.0,0,0.0,0.0,0,212633.00,0.00,0.00,359,13.00,4.99,0.00,-11.4,4.998,4.998,4.998,4.998,33
2022-02-23 19:36:22,2.8,5.3,165,0.0,0.0,0,0.0,0.0,0,212798.00,0.00,0.00,359,13.00,4.99,0.00,-11.4,4.998,4.998,4.998,4.998,177
2022-02-23 19:37:22,4.2,5.1,203,0.0,0.0,0,0.0,0.0,0,213001.00,0.00,0.00,27,13.00,0.38,0.00,-11.4,4.998,4.998,4.998,4.998,156
2022-02-23 19:38:22,2.8,5.6,197,0.0,0.0,0,0.0,0.0,0,213198.00,0.00,0.00,11,13.00,0.16,0.00,-11.4,4.998,4.998,4.998,4.998,49
2022-02-23 19:39:22,1.9,5.1,198,0.0,0.0,0,0.0,0.0,0,213396.00,0.00,0.00,0,12.96,0.00,0.00,-11.4,4.998,4.998,4.998,4.998,222
2022-02-23 19:40:22,3.8,5.5,192,0.0,0.0,0,0.0,0.0,0,213588.00,0.00,0.00,14,12.96,0.20,0.00,-11.4,4.998,4.998,4.998,4.998,181
2022-02-23 19:41:22,3.7,5.7,246,0.0,0.0,0,0.0,0.0,0,213834.00,0.00,0.00,4,12.96,0.06,0.00,-11.4,4.998,4.998,4.998,4.998,131
2022-02-23 19:42:22,2.4,5.0,188,0.0,0.0,0,0.0,0.0,0,214022.00,0.00,0.00,5,12.96,0.07,0.00,-11.4,4.998,4.998,4.998,4.998,56
2022-02-23 19:43:22,5.0,7.6,275,0.0,0.0,0,0.0,0.0,0,214297.00,0.00,0.00,11,12.96,0.15,0.00,-11.4,4.998,4.998,4.998,4.998,240
2022-02-23 19:44:22,3.4,6.4,261,0.0,0.0,0,0.0,0.0,0,214558.00,0.00,0.00,0,12.96,0.00,0.00,-11.4,4.998,4.998,4.998,4.998,0
2022-02-23 19:45:22,3.0,4.5,204,0.0,0.0,0,0.0,0.0,0,214762.00,0.00,0.00,8,12.96,0.11,0.00,-11.4,4.998,4.998,4.998,4.998,132
2022-02-23 19:46:22,3.8,4.8,176,0.0,0.0,0,0.0,0.0,0,214938.00,0.00,0.00,21,12.96,0.29,0.00,-11.9,4.998,4.998,4.998,4.998,192
2022-02-23 19:47:22,5.8,6.7,290,0.0,0.0,0,0.0,0.0,0,215228.00,0.00,0.00,6,12.96,0.09,0.00,-11.9,4.998,4.998,4.998,4.998,171
2022-02-23 19:48:22,5.8,7.3,329,0.0,0.0,0,0.0,0.0,0,215557.00,0.00,0.00,17,12.96,0.24,0.00,-11.4,4.998,4.998,4.998,4.998,201
2022-02-23 19:49:22,6.6,8.7,339,0.0,0.0,0,0.0,0.0,0,215896.00,0.00,0.00,354,12.96,4.92,0.00,-11.4,4.998,4.998,4.998,4.998,158
2022-02-23 19:50:22,3.7,7.4,304,0.0,0.0,0,0.0,0.0,0,216200.00,0.00,0.00,8,12.96,0.11,0.00,-11.4,4.998,4.998,4.998,4.998,86
2022-02-23 19:51:22,4.8,7.9,283,0.0,0.0,0,0.0,0.0,0,216483.00,0.00,0.00,18,12.96,0.26,0.00,-11.4,4.998,4.998,4.998,4.998,191
2022-02-23 19:52:22,4.4,6.5,276,0.0,0.0,0,0.0,0.0,0,216759.00,0.00,0.00,20,12.96,0.28,0.00,-11.4,4.998,4.998,4.998,4.998,176
2022-02-23 19:53:22,5.1,5.1,219,0.0,0.0,0,0.0,0.0,0,216978.00,0.00,0.00,8,12.96,0.12,0.00,-11.4,4.998,4.998,4.998,4.998,56
2022-02-23 19:54:22,3.1,6.3,272,0.0,0.0,0,0.0,0.0,0,217250.00,0.00,0.00,0,12.92,0.00,0.00,-11.4,4.998,4.998,4.998,4.998,207
2022-02-23 19:55:22,5.7,6.7,205,0.0,0.0,0,0.0,0.0,0,217455.00,0.00,0.00,4,12.92,0.06,0.00,-11.4,4.998,4.998,4.998,4.998,254
2022-02-23 19:56:22,6.1,6.5,300,0.0,0.0,0,0.0,0.0,0,217755.00,0.00,0.00,13,12.96,0.18,0.00,-11.4,4.998,4.998,4.998,4.998,6
2022-02-23 19:57:22,4.0,6.3,269,0.0,0.0,0,0.0,0.0,0,218024.00,0.00,0.00,5,12.96,0.07,0.00,-11.4,4.998,4.998,4.998,4.998,161
2022-02-23 19:58:22,3.6,5.3,249,0.0,0.0,0,0.0,0.0,0,218273.00,0.00,0.00,21,12.96,0.30,0.00,-11.9,4.998,4.998,4.998,4.998,140
2022-02-23 19:59:22,4.6,5.7,228,0.0,0.0,0,0.0,0.0,0,218501.00,0.00,0.00,23,12.92,0.32,0.00,-11.9,4.998,4.998,4.998,4.998,206
2022-02-23 20:00:22,3.6,5.7,231,0.0,0.0,0,0.0,0.0,0,218732.00,0.00,0.00,359,12.96,4.99,0.00,-11.9,4.998,4.998,4.998,4.998,170
2022-02-23 20:01:22,2.1,4.8,219,0.0,0.0,0,0.0,0.0,0,218951.00,0.00,0.00,6,12.92,0.08,0.00,-11.4,4.998,4.998,4.998,4.998,107
2022-02-23 20:02:22,2.3,4.1,143,0.0,0.0,0,0.0,0.0,0,219094.00,0.00,0.00,7,12.92,0.10,0.00,-11.4,4.998,4.998,4.998,4.998,125
2022-02-23 20:03:22,5.6,5.9,226,0.0,0.0,0,0.0,0.0,0,219320.00,0.00,0.00,3,12.96,0.04,0.00,-11.9,4.998,4.998,4.998,4.998,218
2022-02-23 20:04:22,2.9,5.5,212,0.0,0.0,0,0.0,0.0,0,219532.00,0.00,0.00,358,12.92,4.98,0.00,-11.9,4.998,4.998,4.998,4.998,218
2022-02-23 20:05:22,5.0,5.6,164,0.0,0.0,0,0.0,0.0,0,219696.00,0.00,0.00,13,12.92,0.19,0.00,-11.4,4.998,4.998,4.998,4.998,98
2022-02-23 20:06:22,4.5,6.8,254,0.0,0.0,0,0.0,0.0,0,219950.00,0.00,0.00,4,12.92,0.05,0.00,-11.9,4.998,4.998,4.998,4.998,88
2022-02-23 20:07:22,3.2,5.4,203,0.0,0.0,0,0.0,0.0,0,220153.00,0.00,0.00,3,12.92,0.04,0.00,-11.4,4.998,4.998,4.998,4.998,194
2022-02-23 20:08:22,3.2,6.4,216,0.0,0.0,0,0.0,0.0,0,220369.00,0.00,0.00,4,12.92,0.05,0.00,-11.4,4.998,4.998,4.998,4.998,47
2022-02-23 20:09:22,3.2,4.0,167,0.0,0.0,0,0.0,0.0,0,220536.00,0.00,0.00,3,12.92,0.04,0.00,-11.9,4.998,4.998,4.998,4.998,67
2022-02-23 20:10:22,5.0,6.8,327,0.0,0.0,0,0.0,0.0,0,220863.00,0.00,0.00,6,12.92,0.08,0.00,-11.4,4.998,4.998,4.998,4.998,234
2022-02-23 20:11:22,2.6,5.6,208,0.0,0.0,0,0.0,0.0,0,221071.00,0.00,0.00,2,12.96,0.03,0.00,-11.9,4.998,4.998,4.998,4.998,57
2022-02-23 20:12:22,2.4,4.2,162,0.0,0.0,0,0.0,0.0,0,221233.00,0.00,0.00,20,12.96,0.28,0.00,-11.9,4.998,4.998,4.998,4.998,17
2022-02-23 20:13:22,2.7,4.8,198,0.0,0.0,0,0.0,0.0,0,221431.00,0.00,0.00,5,12.96,0.07,0.00,-11.9,4.998,4.998,4.998,4.998,219
2022-02-23 20:14:22,4.8,5.5,222,0.0,0.0,0,0.0,0.0,0,221653.00,0.00,0.00,16,12.92,0.22,0.00,-11.9,4.998,4.998,4.998,4.998,128
2022-02-23 20:15:22,2.6,5.0,188,0.0,0.0,0,0.0,0.0,0,221841.00,0.00,0.00,12,12.92,0.17,0.00,-11.9,4.998,4.998,4.998,4.998,148
2022-02-23 20:16:22,3.1,3.9,117,0.0,0.0,0,0.0,0.0,0,221958.00,0.00,0.00,7,12.92,0.10,0.00,-12.4,4.998,4.998,4.998,4.998,139
2022-02-23 20:17:22,1.9,3.3,116,0.0,0.0,0,0.0,0.0,0,222074.00,0.00,0.00,7,12.92,0.09,0.00,-11.9,4.998,4.998,4.998,4.998,251
2022-02-23 20:18:22,4.1,4.3,94,0.0,0.0,0,0.0,0.0,0,222168.00,0.00,0.00,8,12.92,0.12,0.00,-11.9,4.998,4.998,4.998,4.998,136
2022-02-23 20:19:22,3.8,4.5,207,0.0,0.0,0,0.0,0.0,0,222375.00,0.00,0.00,9,12.92,0.12,0.00,-11.9,4.998,4.998,4.998,4.998,128
2022-02-23 20:20:22,3.3,3.8,175,0.0,0.0,0,0.0,0.0,0,222550.00,0.00,0.00,9,12.92,0.12,0.00,-11.9,4.998,4.998,4.998,4.998,186
2022-02-23 20:21:22,2.1,4.3,189,0.0,0.0,0,0.0,0.0,0,222739.00,0.00,0.00,22,12.92,0.31,0.00,-11.9,4.998,4.998,4.998,4.998,30
2022-02-23 20:22:22,4.0,4.6,141,0.0,0.0,0,0.0,0.0,0,222880.00,0.00,0.00,22,12.92,0.31,0.00,-11.9,4.998,4.998,4.998,4.998,69
2022-02-23 20:23:22,3.1,5.0,195,0.0,0.0,0,0.0,0.0,0,223075.00,0.00,0.00,22,12.92,0.31,0.00,-11.9,4.998,4.998,4.998,4.998,241
2022-02-23 20:24:22,3.3,5.2,200,0.0,0.0,0,0.0,0.0,0,223275.00,0.00,0.00,35,12.92,0.48,0.00,-12.4,4.998,4.998,4.998,4.998,134
2022-02-23 20:25:22,2.7,4.3,175,0.0,0.0,0,0.0,0.0,0,223450.00,0.00,0.00,35,12.92,0.48,0.00,-11.9,4.998,4.998,4.998,4.998,97
2022-02-23 20:26:22,3.5,5.2,230,0.0,0.0,0,0.0,0.0,0,223680.00,0.00,0.00,11,12.92,0.15,0.00,-12.4,4.998,4.998,4.998,4.998,46
2022-02-23 20:27:22,4.2,4.4,212,0.0,0.0,0,0.0,0.0,0,223892.00,0.00,0.00,20,12.92,0.27,0.00,-12.4,4.998,4.998,4.998,4.998,50
2022-02-23 20:28:22,4.9,5.7,277,0.0,0.0,0,0.0,0.0,0,224169.00,0.00,0.00,16,12.92,0.22,0.00,-11.9,4.998,4.998,4.998,4.998,243
2022-02-23 20:29:22,3.6,5.9,252,0.0,0.0,0,0.0,0.0,0,224421.00,0.00,0.00,21,12.92,0.29,0.00,-12.4,4.998,4.998,4.998,4.998,176
2022-02-23 20:30:22,3.7,5.1,226,0.0,0.0,0,0.0,0.0,0,224647.00,0.00,0.00,22,12.92,0.31,0.00,-12.4,4.998,4.998,4.998,4.998,236
2022-02-23 20:31:22,3.9,5.0,221,0.0,0.0,0,0.0,0.0,0,224868.00,0.00,0.00,22,12.92,0.30,0.00,-11.9,4.998,4.998,4.998,4.998,151
2022-02-23 20:32:22,3.0,3.7,170,0.0,0.0,0,0.0,0.0,0,225038.00,0.00,0.00,22,12.92,0.31,0.00,-12.4,4.998,4.998,4.998,4.998,131
2022-02-23 20:33:22,4.3,4.7,222,0.0,0.0,0,0.0,0.0,0,225260.00,0.00,0.00,23,12.92,0.32,0.00,-12.4,4.998,4.998,4.998,4.998,102
2022-02-23 20:34:22,2.9,4.3,188,0.0,0.0,0,0.0,0.0,0,225448.00,0.00,0.00,22,12.92,0.31,0.00,-12.4,4.998,4.998,4.998,4.998,14
2022-02-23 20:35:22,3.9,4.7,202,0.0,0.0,0,0.0,0.0,0,225650.00,0.00,0.00,22,12.92,0.31,0.00,-12.4,4.998,4.998,4.998,4.998,108
2022-02-23 20:36:22,4.0,5.0,233,0.0,0.0,0,0.0,0.0,0,225883.00,0.00,0.00,22,12.92,0.31,0.00,-12.4,4.998,4.998,4.998,4.998,163
2022-02-23 20:37:22,3.8,5.5,246,0.0,0.0,0,0.0,0.0,0,226129.00,0.00,0.00,24,12.89,0.34,0.00,-11.9,4.998,4.998,4.998,4.998,103
2022-02-23 20:38:22,3.8,5.1,262,0.0,0.0,0,0.0,0.0,0,226391.00,0.00,0.00,28,12.92,0.39,0.00,-12.4,4.998,4.998,4.998,4.998,11
2022-02-23 20:39:22,4.8,5.8,275,0.0,0.0,0,0.0,0.0,0,226666.00,0.00,0.00,29,12.92,0.41,0.00,-12.4,4.998,4.998,4.998,4.998,253
2022-02-23 20:40:22,4.9,5.2,262,0.0,0.0,0,0.0,0.0,0,226928.00,0.00,0.00,28,12.89,0.39,0.00,-12.4,4.998,4.998,4.998,4.998,5
2022-02-23 20:41:22,5.1,5.9,272,0.0,0.0,0,0.0,0.0,0,227200.00,0.00,0.00,29,12.89,0.41,0.00,-12.4,4.998,4.998,4.998,4.998,6
2022-02-23 20:42:22,5.0,5.3,257,0.0,0.0,0,0.0,0.0,0,227457.00,0.00,0.00,28,12.92,0.39,0.00,-12.4,4.998,4.998,4.998,4.998,34
2022-02-23 20:43:22,4.8,5.8,275,0.0,0.0,0,0.0,0.0,0,227732.00,0.00,0.00,29,12.89,0.41,0.00,-12.4,4.998,4.998,4.998,4.998,217
2022-02-23 20:44:22,2.8,5.3,217,0.0,0.0,0,0.0,0.0,0,227949.00,0.00,0.00,29,12.89,0.41,0.00,-12.4,4.998,4.998,4.998,4.998,133
2022-02-23 20:45:22,3.5,4.0,178,0.0,0.0,0,0.0,0.0,0,228127.00,0.00,0.00,29,12.89,0.41,0.00,-12.8,4.998,4.998,4.998,4.998,233
2022-02-23 20:46:22,4.1,4.4,208,0.0,0.0,0,0.0,0.0,0,228335.00,0.00,0.00,29,12.89,0.41,0.00,-12.8,4.998,4.998,4.998,4.998,184
2022-02-23 20:47:22,4.2,4.8,228,0.0,0.0,0,0.0,0.0,0,228563.00,0.00,0.00,29,12.92,0.41,0.00,-12.4,4.998,4.998,4.998,4.998,130
2022-02-23 20:48:22,4.2,4.7,234,0.0,0.0,0,0.0,0.0,0,228797.00,0.00,0.00,29,12.89,0.40,0.00,-12.8,4.998,4.998,4.998,4.998,102
2022-02-23 20:49:22,5.3,6.5,295,0.0,0.0,0,0.0,0.0,0,229092.00,0.00,0.00,37,12.92,0.51,0.00,-12.8,4.998,4.998,4.998,4.998,198
2022-02-23 20:50:22,5.0,5.7,267,0.0,0.0,0,0.0,0.0,0,229359.00,0.00,0.00,34,12.89,0.48,0.00,-12.8,4.998,4.998,4.998,4.998,74
2022-02-23 20:51:22,4.4,6.3,279,0.0,0.0,0,0.0,0.0,0,229638.00,0.00,0.00,29,12.89,0.41,0.00,-12.4,4.998,4.998,4.998,4.998,126
2022-02-23 20:52:22,3.7,5.1,243,0.0,0.0,0,0.0,0.0,0,229881.00,0.00,0.00,35,12.89,0.48,0.00,-12.4,4.998,4.998,4.998,4.998,161
2022-02-23 20:53:22,3.7,5.0,209,0.0,0.0,0,0.0,0.0,0,230090.00,0.00,0.00,35,12.89,0.49,0.00,-12.4,4.998,4.998,4.998,4.998,199
2022-02-23 20:54:22,3.6,5.2,250,0.0,0.0,0,0.0,0.0,0,230340.00,0.00,0.00,36,12.89,0.50,0.00,-12.8,4.998,4.998,4.998,4.998,20
2022-02-23 20:55:22,4.8,5.5,258,0.0,0.0,0,0.0,0.0,0,230598.00,0.00,0.00,19,12.89,0.26,0.00,-12.8,4.998,4.998,4.998,4.998,167
2022-02-23 20:56:22,4.1,5.3,240,0.0,0.0,0,0.0,0.0,0,230838.00,0.00,0.00,25,12.89,0.35,0.00,-12.4,4.998,4.998,4.998,4.998,8
2022-02-23 20:57:22,3.2,4.3,196,0.0,0.0,0,0.0,0.0,0,231034.00,0.00,0.00,24,12.89,0.34,0.00,-12.4,4.998,4.998,4.998,4.998,155
2022-02-23 20:58:22,4.0,5.9,263,0.0,0.0,0,0.0,0.0,0,231297.00,0.00,0.00,15,12.89,0.21,0.00,-12.4,4.998,4.998,4.998,4.998,14
2022-02-23 20:59:22,4.3,5.9,267,0.0,0.0,0,0.0,0.0,0,231564.00,0.00,0.00,15,12.89,0.21,0.00,-12.4,4.998,4.998,4.998,4.998,170
2022-02-23 21:00:22,3.6,4.9,239,0.0,0.0,0,0.0,0.0,0,231803.00,0.00,0.00,15,12.89,0.21,0.00,-12.4,4.998,4.998,4.998,4.998,20
2022-02-23 21:01:22,4.0,6.9,281,0.0,0.0,0,0.0,0.0,0,232084.00,0.00,0.00,30,12.89,0.42,0.00,-12.8,4.998,4.998,4.998,4.998,234
2022-02-23 21:02:22,3.2,5.1,234,0.0,0.0,0,0.0,0.0,0,232318.00,0.00,0.00,31,12.89,0.43,0.00,-12.4,4.998,4.998,4.998,4.998,242
2022-02-23 21:03:22,3.4,4.9,222,0.0,0.0,0,0.0,0.0,0,232540.00,0.00,0.00,31,12.89,0.44,0.00,-12.8,4.998,4.998,4.998,4.998,224
2022-02-23 21:04:22,4.9,5.8,261,0.0,0.0,0,0.0,0.0,0,232801.00,0.00,0.00,41,12.89,0.58,0.00,-12.4,4.998,4.998,4.998,4.998,126
2022-02-23 21:05:22,4.6,6.2,280,0.0,0.0,0,0.0,0.0,0,233081.00,0.00,0.00,26,12.89,0.36,0.00,-12.8,4.998,4.998,4.998,4.998,43
2022-02-23 21:06:22,3.9,5.7,260,0.0,0.0,0,0.0,0.0,0,233341.00,0.00,0.00,38,12.89,0.53,0.00,-12.4,4.998,4.998,4.998,4.998,92
2022-02-23 21:07:22,3.5,4.9,232,0.0,0.0,0,0.0,0.0,0,233573.00,0.00,0.00,40,12.89,0.55,0.00,-12.8,4.998,4.998,4.998,4.998,4
2022-02-23 21:08:22,4.7,5.7,270,0.0,0.0,0,0.0,0.0,0,233843.00,0.00,0.00,40,12.89,0.56,0.00,-12.4,4.998,4.998,4.998,4.998,72
2022-02-23 21:09:22,4.2,5.2,232,0.0,0.0,0,0.0,0.0,0,234075.00,0.00,0.00,21,12.89,0.29,0.00,-12.4,4.998,4.998,4.998,4.998,4
2022-02-23 21:10:22,4.2,5.7,270,0.0,0.0,0,0.0,0.0,0,234345.00,0.00,0.00,47,12.89,0.65,0.00,-12.4,4.998,4.998,4.998,4.998,117
2022-02-23 21:11:22,4.7,5.3,245,0.0,0.0,0,0.0,0.0,0,234590.00,0.00,0.00,46,12.89,0.63,0.00,-12.4,4.998,4.998,4.998,4.998,162
2022-02-23 21:12:22,3.9,5.4,256,0.0,0.0,0,0.0,0.0,0,234846.00,0.00,0.00,38,12.85,0.53,0.00,-12.4,4.998,4.998,4.998,4.998,42
2022-02-23 21:13:22,4.6,5.8,250,0.0,0.0,0,0.0,0.0,0,235096.00,0.00,0.00,37,12.89,0.52,0.00,-12.4,4.998,4.998,4.998,4.998,41
2022-02-23 21:14:22,4.6,4.9,186,0.0,0.0,0,0.0,0.0,0,235282.00,0.00,0.00,28,12.89,0.39,0.00,-12.4,4.998,4.998,4.998,4.998,204
2022-02-23 21:15:22,2.3,4.6,181,0.0,0.0,0,0.0,0.0,0,235463.00,0.00,0.00,27,12.89,0.37,0.00,-12.4,4.998,4.998,4.998,4.998,69
2022-02-23 21:16:22,3.4,5.2,219,0.0,0.0,0,0.0,0.0,0,235682.00,0.00,0.00,28,12.89,0.39,0.00,-12.4,4.998,4.998,4.998,4.998,198
2022-02-23 21:17:22,2.5,3.8,162,0.0,0.0,0,0.0,0.0,0,235844.00,0.00,0.00,46,12.89,0.64,0.00,-12.4,4.998,4.998,4.998,4.998,46
2022-02-23 21:18:22,2.0,3.5,147,0.0,0.0,0,0.0,0.0,0,235991.00,0.00,0.00,46,12.89,0.64,0.00,-12.4,4.998,4.998,4.998,4.998,129
2022-02-23 21:19:22,2.3,2.9,125,0.0,0.0,0,0.0,0.0,0,236116.00,0.00,0.00,46,12.89,0.64,0.00,-12.8,4.998,4.998,4.998,4.998,192
2022-02-23 21:20:22,3.9,4.0,170,0.0,0.0,0,0.0,0.0,0,236286.00,0.00,0.00,46,12.85,0.64,0.00,-12.8,4.998,4.998,4.998,4.998,21
2022-02-23 21:21:22,3.2,4.2,198,0.0,0.0,0,0.0,0.0,0,236484.00,0.00,0.00,45,12.89,0.63,0.00,-12.8,4.998,4.998,4.998,4.998,197
2022-02-23 21:22:22,3.9,4.9,225,0.0,0.0,0,0.0,0.0,0,236709.00,0.00,0.00,28,12.89,0.40,0.00,-12.8,4.998,4.998,4.998,4.998,119
2022-02-23 21:23:22,4.2,4.6,233,0.0,0.0,0,0.0,0.0,0,236942.00,0.00,0.00,29,12.85,0.40,0.00,-12.8,4.998,4.998,4.998,4.998,245
2022-02-23 21:24:22,3.8,4.6,224,0.0,0.0,0,0.0,0.0,0,237166.00,0.00,0.00,29,12.85,0.40,0.00,-12.8,4.998,4.998,4.998,4.998,246
2022-02-23 21:25:22,3.3,4.5,219,0.0,0.0,0,0.0,0.0,0,237385.00,0.00,0.00,29,12.85,0.40,0.00,-12.8,4.998,4.998,4.998,4.998,13
2022-02-23 21:26:22,3.8,4.7,192,0.0,0.0,0,0.0,0.0,0,237577.00,0.00,0.00,27,12.89,0.38,0.00,-12.8,4.998,4.998,4.998,4.998,176
2022-02-23 21:27:22,5.1,6.1,266,0.0,0.0,0,0.0,0.0,0,237843.00,0.00,0.00,26,12.85,0.36,0.00,-12.8,4.998,4.998,4.998,4.998,83
2022-02-23 21:28:22,4.7,6.2,272,0.0,0.0,0,0.0,0.0,0,238115.00,0.00,0.00,26,12.85,0.36,0.00,-12.4,4.998,4.998,4.998,4.998,100
2022-02-23 21:29:22,3.6,5.5,236,0.0,0.0,0,0.0,0.0,0,238351.00,0.00,0.00,26,12.89,0.37,0.00,-12.4,4.998,4.998,4.998,4.998,168
2022-02-23 21:30:22,4.8,5.2,224,0.0,0.0,0,0.0,0.0,0,238575.00,0.00,0.00,41,12.85,0.57,0.00,-12.4,4.998,4.998,4.998,4.998,159
2022-02-23 21:31:22,3.4,5.0,234,0.0,0.0,0,0.0,0.0,0,238809.00,0.00,0.00,28,12.89,0.39,0.00,-12.8,4.998,4.998,4.998,4.998,152
2022-02-23 21:32:22,5.5,6.6,270,0.0,0.0,0,0.0,0.0,0,239079.00,0.00,0.00,36,12.85,0.50,0.00,-12.4,4.998,4.998,4.998,4.998,131
2022-02-23 21:33:22,4.2,5.8,256,0.0,0.0,0,0.0,0.0,0,239335.00,0.00,0.00,10,12.85,0.14,0.00,-12.8,4.998,4.998,4.998,4.998,160
2022-02-23 21:34:22,3.6,5.7,259,0.0,0.0,0,0.0,0.0,0,239594.00,0.00,0.00,28,12.85,0.39,0.00,-12.4,4.998,4.998,4.998,4.998,11
2022-02-23 21:35:22,6.0,6.0,250,0.0,0.0,0,0.0,0.0,0,239844.00,0.00,0.00,3,12.85,0.05,0.00,-12.4,4.998,4.998,4.998,4.998,241
2022-02-23 21:36:22,4.9,7.2,308,0.0,0.0,0,0.0,0.0,0,240152.00,0.00,0.00,24,12.85,0.34,0.00,-12.4,4.998,4.998,4.998,4.998,253
2022-02-23 21:37:22,5.4,6.4,272,0.0,0.0,0,0.0,0.0,0,240424.00,0.00,0.00,1,12.89,0.01,0.00,-12.4,4.998,4.998,4.998,4.998,181
2022-02-23 21:38:22,4.1,5.7,246,0.0,0.0,0,0.0,0.0,0,240670.00,0.00,0.00,27,12.85,0.37,0.00,-12.4,4.998,4.998,4.998,4.998,222
2022-02-23 21:39:22,4.5,7.1,306,0.0,0.0,0,0.0,0.0,0,240976.00,0.00,0.00,34,12.85,0.47,0.00,-12.4,4.998,4.998,4.998,4.998,196
2022-02-23 21:40:22,3.2,4.7,198,0.0,0.0,0,0.0,0.0,0,241174.00,0.00,0.00,15,12.85,0.21,0.00,-12.4,4.998,4.998,4.998,4.998,134
2022-02-23 21:41:22,4.1,4.8,217,0.0,0.0,0,0.0,0.0,0,241391.00,0.00,0.00,17,12.85,0.23,0.00,-12.8,4.998,4.998,4.998,4.998,135
2022-02-23 21:42:22,4.0,6.5,267,0.0,0.0,0,0.0,0.0,0,241658.00,0.00,0.00,28,12.85,0.40,0.00,-12.4,4.998,4.998,4.998,4.998,235
2022-02-23 21:43:22,3.8,5.0,230,0.0,0.0,0,0.0,0.0,0,241888.00,0.00,0.00,28,12.89,0.39,0.00,-12.8,4.998,4.998,4.998,4.998,19
2022-02-23 21:44:22,6.2,8.5,334,0.0,0.0,0,0.0,0.0,0,242222.00,0.00,0.00,34,12.85,0.48,0.00,-12.4,4.998,4.998,4.998,4.998,255
2022-02-23 21:45:22,5.1,6.9,321,0.0,0.0,0,0.0,0.0,0,242543.00,0.00,0.00,35,12.85,0.49,0.00,-12.4,4.998,4.998,4.998,4.998,194
2022-02-23 21:46:22,4.4,6.5,323,0.0,0.0,0,0.0,0.0,0,242866.00,0.00,0.00,44,12.85,0.62,0.00,-12.4,4.998,4.998,4.998,4.998,242
2022-02-23 21:47:22,7.1,7.1,300,0.0,0.0,0,0.0,0.0,0,243166.00,0.00,0.00,32,12.85,0.44,0.00,-12.4,4.998,4.998,4.998,4.998,139
2022-02-23 21:48:22,3.8,7.6,306,0.0,0.0,0,0.0,0.0,0,243472.00,0.00,0.00,46,12.85,0.64,0.00,-11.9,4.998,4.998,4.998,4.998,144
2022-02-23 21:49:22,2.5,6.2,225,0.0,0.0,0,0.0,0.0,0,243697.00,0.00,0.00,41,12.85,0.58,0.00,-12.4,4.998,4.998,4.998,4.998,239
2022-02-23 21:50:22,2.6,3.5,135,0.0,0.0,0,0.0,0.0,0,243832.00,0.00,0.00,41,12.85,0.57,0.00,-12.8,4.998,4.998,4.998,4.998,157
2022-02-23 21:51:22,2.8,4.0,149,0.0,0.0,0,0.0,0.0,0,243981.00,0.00,0.00,37,12.85,0.52,0.00,-12.4,4.998,4.998,4.998,4.998,75
2022-02-23 21:52:22,3.5,4.2,185,0.0,0.0,0,0.0,0.0,0,244166.00,0.00,0.00,38,12.85,0.53,0.00,-12.4,4.998,4.998,4.998,4.998,24
2022-02-23 21:53:22,2.0,3.6,132,0.0,0.0,0,0.0,0.0,0,244298.00,0.00,0.00,37,12.85,0.52,0.00,-12.8,4.998,4.998,4.998,4.998,57
2022-02-23 21:54:22,2.5,3.0,126,0.0,0.0,0,0.0,0.0,0,244424.00,0.00,0.00,37,12.85,0.52,0.00,-12.4,4.998,4.998,4.998,4.998,202
2022-02-23 21:55:22,2.8,2.8,122,0.0,0.0,0,0.0,0.0,0,244546.00,0.00,0.00,37,12.85,0.52,0.00,-12.8,4.998,4.998,4.998,4.998,173
2022-02-23 21:56:22,3.0,3.3,141,0.0,0.0,0,0.0,0.0,0,244687.00,0.00,0.00,37,12.85,0.52,0.00,-12.8,4.998,4.998,4.998,4.998,238
2022-02-23 21:57:22,2.1,3.7,110,0.0,0.0,0,0.0,0.0,0,244797.00,0.00,0.00,37,12.85,0.52,0.00,-12.8,4.998,4.998,4.998,4.998,104
2022-02-23 21:58:22,3.3,4.6,178,0.0,0.0,0,0.0,0.0,0,244975.00,0.00,0.00,51,12.85,0.71,0.00,-12.8,4.998,4.998,4.998,4.998,5
2022-02-23 21:59:22,3.6,5.0,210,0.0,0.0,0,0.0,0.0,0,245185.00,0.00,0.00,62,12.85,0.86,0.00,-12.4,4.998,4.998,4.998,4.998,165
2022-02-23 22:00:22,2.4,5.5,223,0.0,0.0,0,0.0,0.0,0,245408.00,0.00,0.00,61,12.85,0.85,0.00,-12.4,4.998,4.998,4.998,4.998,54
2022-02-23 22:01:22,4.0,5.1,209,0.0,0.0,0,0.0,0.0,0,245617.00,0.00,0.00,71,12.85,0.99,0.00,-12.4,4.998,4.998,4.998,4.998,228
2022-02-23 22:02:22,4.9,6.8,270,0.0,0.0,0,0.0,0.0,0,245887.00,0.00,0.00,74,12.85,1.03,0.00,-12.4,4.998,4.998,4.998,4.998,110
2022-02-23 22:03:22,6.0,7.3,320,0.0,0.0,0,0.0,0.0,0,246207.00,0.00,0.00,41,12.85,0.57,0.00,-12.4,4.998,4.998,4.998,4.998,84
2022-02-23 22:04:22,4.0,6.5,300,0.0,0.0,0,0.0,0.0,0,246507.00,0.00,0.00,76,12.85,1.06,0.00,-12.4,4.998,4.998,4.998,4.998,191
2022-02-23 22:05:22,3.0,4.8,203,0.0,0.0,0,0.0,0.0,0,246710.00,0.00,0.00,68,12.85,0.95,0.00,-12.8,4.998,4.998,4.998,4.998,17
2022-02-23 22:06:22,5.2,5.5,267,0.0,0.0,0,0.0,0.0,0,246977.00,0.00,0.00,65,12.81,0.90,0.00,-12.4,4.998,4.998,4.998,4.998,165
2022-02-23 22:07:22,4.8,7.5,334,0.0,0.0,0,0.0,0.0,0,247311.00,0.00,0.00,59,12.85,0.82,0.00,-12.4,4.998,4.998,4.998,4.998,219
2022-02-23 22:08:22,5.3,5.4,260,0.0,0.0,0,0.0,0.0,0,247571.00,0.00,0.00,57,12.85,0.79,0.00,-12.8,4.998,4.998,4.998,4.998,6
2022-02-23 22:09:22,5.5,6.2,234,0.0,0.0,0,0.0,0.0,0,247805.00,0.00,0.00,67,12.85,0.93,0.00,-12.4,4.998,4.998,4.998,4.998,78
2022-02-23 22:10:22,5.3,8.2,334,0.0,0.0,0,0.0,0.0,0,248139.00,0.00,0.00,69,12.85,0.96,0.00,-12.4,4.998,4.998,4.998,4.998,232
2022-02-23 22:11:22,2.4,6.6,284,0.0,0.0,0,0.0,0.0,0,248423.00,0.00,0.00,53,12.85,0.73,0.00,-12.4,4.998,4.998,4.998,4.998,182
2022-02-23 22:12:22,3.8,5.2,224,0.0,0.0,0,0.0,0.0,0,248647.00,0.00,0.00,30,12.85,0.42,0.00,-12.8,4.998,4.998,4.998,4.998,160
2022-02-23 22:13:22,6.0,6.6,185,0.0,0.0,0,0.0,0.0,0,248832.00,0.00,0.00,41,12.85,0.57,0.00,-12.4,4.998,4.998,4.998,4.998,115
2022-02-23 22:14:22,5.0,7.4,353,0.0,0.0,0,0.0,0.0,0,249185.00,0.00,0.00,53,12.85,0.73,0.00,-12.4,4.998,4.998,4.998,4.998,97
2022-02-23 22:15:22,3.4,6.9,296,0.0,0.0,0,0.0,0.0,0,249481.00,0.00,0.00,39,12.85,0.54,0.00,-12.8,4.998,4.998,4.998,4.998,100
2022-02-23 22:16:22,2.8,6.1,262,0.0,0.0,0,0.0,0.0,0,249743.00,0.00,0.00,22,12.85,0.31,0.00,-12.8,4.998,4.998,4.998,4.998,67
2022-02-23 22:17:22,3.8,5.0,187,0.0,0.0,0,0.0,0.0,0,249930.00,0.00,0.00,20,12.85,0.28,0.00,-12.8,4.998,4.998,4.998,4.998,64
2022-02-23 22:18:22,5.0,5.0,212,0.0,0.0,0,0.0,0.0,0,250142.00,0.00,0.00,21,12.85,0.29,0.00,-12.8,4.998,4.998,4.998,4.998,156
2022-02-23 22:19:22,4.1,5.1,182,0.0,0.0,0,0.0,0.0,0,250324.00,0.00,0.00,28,12.81,0.39,0.00,-12.4,4.998,4.998,4.998,4.998,251
2022-02-23 22:20:22,3.8,6.9,315,0.0,0.0,0,0.0,0.0,0,250639.00,0.00,0.00,34,12.85,0.47,0.00,-12.4,4.998,4.998,4.998,4.998,49
2022-02-23 22:21:22,3.4,4.0,152,0.0,0.0,0,0.0,0.0,0,250791.00,0.00,0.00,33,12.81,0.46,0.00,-12.8,4.998,4.998,4.998,4.998,64
2022-02-23 22:22:22,6.4,8.4,289,0.0,0.0,0,0.0,0.0,0,251080.00,0.00,0.00,39,12.85,0.54,0.00,-12.8,4.998,4.998,4.998,4.998,224
2022-02-23 22:23:22,3.0,7.0,244,0.0,0.0,0,0.0,0.0,0,251324.00,0.00,0.00,34,12.85,0.47,0.00,-12.8,4.998,4.998,4.998,4.998,204
2022-02-23 22:24:22,2.4,3.9,166,0.0,0.0,0,0.0,0.0,0,251490.00,0.00,0.00,36,12.85,0.51,0.00,-12.8,4.998,4.998,4.998,4.998,47
2022-02-23 22:25:22,4.8,4.8,174,0.0,0.0,0,0.0,0.0,0,251664.00,0.00,0.00,40,12.85,0.56,0.00,-12.4,4.998,4.998,4.998,4.998,63
2022-02-23 22:26:22,4.1,6.8,290,0.0,0.0,0,0.0,0.0,0,251954.00,0.00,0.00,41,12.81,0.57,0.00,-12.8,4.998,4.998,4.998,4.998,17
2022-02-23 22:27:22,5.0,6.2,290,0.0,0.0,0,0.0,0.0,0,252244.00,0.00,0.00,58,12.85,0.81,0.00,-12.4,4.998,4.998,4.998,4.998,113
2022-02-23 22:28:22,3.5,5.2,230,0.0,0.0,0,0.0,0.0,0,252474.00,0.00,0.00,61,12.81,0.85,0.00,-12.8,4.998,4.998,4.998,4.998,51
2022-02-23 22:29:22,5.2,7.3,328,0.0,0.0,0,0.0,0.0,0,252802.00,0.00,0.00,65,12.85,0.90,0.00,-12.4,4.998,4.998,4.998,4.998,223
2022-02-23 22:30:22,4.0,5.5,254,0.0,0.0,0,0.0,0.0,0,253056.00,0.00,0.00,52,12.81,0.72,0.00,-12.8,4.998,4.998,4.998,4.998,136
2022-02-23 22:31:22,3.8,5.7,243,0.0,0.0,0,0.0,0.0,0,253299.00,0.00,0.00,47,12.81,0.65,0.00,-12.4,4.998,4.998,4.998,4.998,90
2022-02-23 22:32:22,3.9,5.7,265,0.0,0.0,0,0.0,0.0,0,253564.00,0.00,0.00,42,12.85,0.59,0.00,-12.4,4.998,4.998,4.998,4.998,121
2022-02-23 22:33:22,2.6,4.5,188,0.0,0.0,0,0.0,0.0,0,253752.00,0.00,0.00,35,12.81,0.49,0.00,-12.4,4.998,4.998,4.998,4.998,141
2022-02-23 22:34:22,4.9,7.8,319,0.0,0.0,0,0.0,0.0,0,254071.00,0.00,0.00,40,12.81,0.56,0.00,-12.8,4.998,4.998,4.998,4.998,233
2022-02-23 22:35:22,2.6,5.0,207,0.0,0.0,0,0.0,0.0,0,254278.00,0.00,0.00,40,12.81,0.56,0.00,-12.8,4.998,4.998,4.998,4.998,15
2022-02-23 22:36:22,3.1,5.2,230,0.0,0.0,0,0.0,0.0,0,254508.00,0.00,0.00,40,12.81,0.56,0.00,-12.8,4.998,4.998,4.998,4.998,72
2022-02-23 22:37:22,2.1,3.2,123,0.0,0.0,0,0.0,0.0,0,254631.00,0.00,0.00,40,12.81,0.56,0.00,-12.8,4.998,4.998,4.998,4.998,145
2022-02-23 22:38:22,3.7,3.8,161,0.0,0.0,0,0.0,0.0,0,254792.00,0.00,0.00,40,12.81,0.56,0.00,-12.8,4.998,4.998,4.998,4.998,248
2022-02-23 22:39:22,3.1,3.6,135,0.0,0.0,0,0.0,0.0,0,254927.00,0.00,0.00,40,12.81,0.55,0.00,-12.8,4.998,4.998,4.998,4.998,221
2022-02-23 22:40:22,3.4,5.2,213,0.0,0.0,0,0.0,0.0,0,255140.00,0.00,0.00,40,12.81,0.56,0.00,-12.8,4.998,4.998,4.998,4.998,209
2022-02-23 22:41:22,3.5,4.3,174,0.0,0.0,0,0.0,0.0,0,255314.00,0.00,0.00,40,12.81,0.56,0.00,-12.8,4.998,4.998,4.998,4.998,64
2022-02-23 22:42:22,3.4,6.2,248,0.0,0.0,0,0.0,0.0,0,255562.00,0.00,0.00,36,12.81,0.51,0.00,-12.8,4.998,4.998,4.998,4.998,199
2022-02-23 22:43:22,4.3,4.5,205,0.0,0.0,0,0.0,0.0,0,255767.00,0.00,0.00,32,12.81,0.45,0.00,-13.3,4.998,4.998,4.998,4.998,23
2022-02-23 22:44:22,3.8,5.2,209,0.0,0.0,0,0.0,0.0,0,255976.00,0.00,0.00,17,12.81,0.24,0.00,-12.8,4.998,4.998,4.998,4.998,126
2022-02-23 22:45:22,3.4,4.3,198,0.0,0.0,0,0.0,0.0,0,256174.00,0.00,0.00,32,12.81,0.45,0.00,-12.8,4.998,4.998,4.998,4.998,216
2022-02-23 22:46:22,4.2,5.1,204,0.0,0.0,0,0.0,0.0,0,256378.00,0.00,0.00,33,12.81,0.46,0.00,-12.8,4.998,4.998,4.998,4.998,2
2022-02-23 22:47:22,3.8,5.0,198,0.0,0.0,0,0.0,0.0,0,256576.00,0.00,0.00,33,12.81,0.46,0.00,-13.3,4.998,4.998,4.998,4.998,118
2022-02-23 22:48:22,2.9,4.3,202,0.0,0.0,0,0.0,0.0,0,256778.00,0.00,0.00,43,12.81,0.60,0.00,-12.4,4.998,4.998,4.998,4.998,154
2022-02-23 22:49:22,4.4,4.4,190,0.0,0.0,0,0.0,0.0,0,256968.00,0.00,0.00,26,12.81,0.36,0.00,-13.3,4.998,4.998,4.998,4.998,144
2022-02-23 22:50:22,2.8,5.0,181,0.0,0.0,0,0.0,0.0,0,257149.00,0.00,0.00,26,12.81,0.36,0.00,-12.4,4.998,4.998,4.998,4.998,242
2022-02-23 22:51:22,4.0,6.2,245,0.0,0.0,0,0.0,0.0,0,257394.00,0.00,0.00,46,12.81,0.63,0.00,-12.8,4.998,4.998,4.998,4.998,120
2022-02-23 22:52:22,4.7,5.5,229,0.0,0.0,0,0.0,0.0,0,257623.00,0.00,0.00,17,12.81,0.23,0.00,-12.4,4.998,4.998,4.998,4.998,245
2022-02-23 22:53:22,4.3,6.4,261,0.0,0.0,0,0.0,0.0,0,257884.00,0.00,0.00,35,12.81,0.49,0.00,-12.4,4.998,4.998,4.998,4.998,146
2022-02-23 22:54:22,3.6,5.2,204,0.0,0.0,0,0.0,0.0,0,258088.00,0.00,0.00,36,12.81,0.51,0.00,-12.8,4.998,4.998,4.998,4.998,129
2022-02-23 22:55:22,4.4,4.5,171,0.0,0.0,0,0.0,0.0,0,258259.00,0.00,0.00,48,12.81,0.67,0.00,-12.4,4.998,4.998,4.998,4.998,191
2022-02-23 22:56:22,3.6,4.9,226,0.0,0.0,0,0.0,0.0,0,258485.00,0.00,0.00,43,12.81,0.60,0.00,-12.4,4.998,4.998,4.998,4.998,167
2022-02-23 22:57:22,5.7,8.0,366,0.0,0.0,0,0.0,0.0,0,258851.00,0.00,0.00,58,12.81,0.80,0.00,-12.4,4.998,4.998,4.998,4.998,111
2022-02-23 22:58:22,4.9,5.8,272,0.0,0.0,0,0.0,0.0,0,259123.00,0.00,0.00,55,12.81,0.77,0.00,-12.4,4.998,4.998,4.998,4.998,68
2022-02-23 22:59:22,4.9,7.9,363,0.0,0.0,0,0.0,0.0,0,259486.00,0.00,0.00,35,12.81,0.49,0.00,-11.9,4.998,4.998,4.998,4.998,237
2022-02-23 23:00:22,3.6,6.2,287,0.0,0.0,0,0.0,0.0,0,259773.00,0.00,0.00,42,12.81,0.59,0.00,-12.4,4.998,4.998,4.998,4.998,127
2022-02-23 23:01:22,5.9,6.1,269,0.0,0.0,0,0.0,0.0,0,260042.00,0.00,0.00,69,12.81,0.96,0.00,-12.4,4.998,4.998,4.998,4.998,129
2022-02-23 23:02:22,5.5,6.2,316,0.0,0.0,0,0.0,0.0,0,260358.00,0.00,0.00,53,12.81,0.74,0.00,-11.9,4.998,4.998,4.998,4.998,58
2022-02-23 23:03:22,5.8,7.4,344,0.0,0.0,0,0.0,0.0,0,260702.00,0.00,0.00,69,12.81,0.96,0.00,-12.4,4.998,4.998,4.998,4.998,23
2022-02-23 23:04:22,4.1,7.8,319,0.0,0.0,0,0.0,0.0,0,261021.00,0.00,0.00,43,12.81,0.61,0.00,-11.9,4.998,4.998,4.998,4.998,14
2022-02-23 23:05:22,5.5,6.6,271,0.0,0.0,0,0.0,0.0,0,261292.00,0.00,0.00,56,12.81,0.78,0.00,-11.9,4.998,4.998,4.998,4.998,108
2022-02-23 23:06:22,4.0,7.2,290,0.0,0.0,0,0.0,0.0,0,261582.00,0.00,0.00,61,12.81,0.85,0.00,-12.4,4.998,4.998,4.998,4.998,108
2022-02-23 23:07:22,5.4,6.8,332,0.0,0.0,0,0.0,0.0,0,261914.00,0.00,0.00,62,12.77,0.86,0.00,-12.4,4.998,4.998,4.998,4.998,36
2022-02-23 23:08:22,6.8,7.2,378,0.0,0.0,0,0.0,0.0,0,262292.00,0.00,0.00,57,12.81,0.79,0.00,-12.4,4.998,4.998,4.998,4.998,9
2022-02-23 23:09:22,6.4,7.4,352,0.0,0.0,0,0.0,0.0,0,262644.00,0.00,0.00,43,12.81,0.60,0.00,-11.9,4.998,4.998,4.998,4.998,60
2022-02-23 23:10:22,5.6,7.7,366,0.0,0.0,0,0.0,0.0,0,263010.00,0.00,0.00,68,12.81,0.95,0.00,-11.9,4.998,4.998,4.998,4.998,52
2022-02-23 23:11:22,5.0,8.3,364,0.0,0.0,0,0.0,0.0,0,263374.00,0.00,0.00,67,12.81,0.93,0.00,-11.9,4.998,4.998,4.998,4.998,247
2022-02-23 23:12:22,5.7,6.0,267,0.0,0.0,0,0.0,0.0,0,263641.00,0.00,0.00,51,12.81,0.71,0.00,-11.9,4.998,4.998,4.998,4.998,111
2022-02-23 23:13:22,7.1,8.4,347,0.0,0.0,0,0.0,0.0,0,263988.00,0.00,0.00,56,12.81,0.78,0.00,-11.9,4.998,4.998,4.998,4.998,211
2022-02-23 23:14:22,4.0,8.0,343,0.0,0.0,0,0.0,0.0,0,264331.00,0.00,0.00,65,12.81,0.90,0.00,-12.4,4.998,4.998,4.998,4.998,165
2022-02-23 23:15:22,6.4,7.4,309,0.0,0.0,0,0.0,0.0,0,264640.00,0.00,0.00,54,12.81,0.75,0.00,-11.9,4.998,4.998,4.998,4.998,231
2022-02-23 23:16:22,7.8,7.9,335,0.0,0.0,0,0.0,0.0,0,264975.00,0.00,0.00,46,12.81,0.63,0.00,-12.4,4.998,4.998,4.998,4.998,129
2022-02-23 23:17:22,9.0,9.8,430,0.0,0.0,0,0.0,0.0,0,265405.00,0.00,0.00,67,12.81,0.93,0.00,-12.4,4.998,4.998,4.998,4.998,81
2022-02-23 23:18:22,8.0,9.5,479,0.0,0.0,0,0.0,0.0,0,265884.00,0.00,0.00,54,12.81,0.76,0.00,-11.9,4.998,4.998,4.998,4.998,190
2022-02-23 23:19:22,6.5,8.4,420,0.0,0.0,0,0.0,0.0,0,266304.00,0.00,0.00,47,12.81,0.65,0.00,-11.9,4.998,4.998,4.998,4.998,51
2022-02-23 23:20:22,9.4,10.4,467,0.0,0.0,0,0.0,0.0,0,266771.00,0.00,0.00,61,12.81,0.85,0.00,-12.4,4.998,4.998,4.998,4.998,250
2022-02-23 23:21:22,8.0,12.1,537,0.0,0.0,0,0.0,0.0,0,267308.00,0.00,0.00,50,12.77,0.70,0.00,-11.9,4.998,4.998,4.998,4.998,159
2022-02-23 23:22:22,8.3,10.2,481,0.0,0.0,0,0.0,0.0,0,267789.00,0.00,0.00,36,12.81,0.51,0.00,-11.9,4.998,4.998,4.998,4.998,111
2022-02-23 23:23:22,4.7,9.5,427,0.0,0.0,0,0.0,0.0,0,268216.00,0.00,0.00,55,12.81,0.77,0.00,-11.9,4.998,4.998,4.998,4.998,26
2022-02-23 23:24:22,11.1,11.5,367,0.0,0.0,0,0.0,0.0,0,268583.00,0.00,0.00,54,12.81,0.75,0.00,-11.9,4.998,4.998,4.998,4.998,92
2022-02-23 23:25:22,6.0,11.2,539,0.0,0.0,0,0.0,0.0,0,269122.00,0.00,0.00,56,12.81,0.79,0.00,-11.9,4.998,4.998,4.998,4.998,144
2022-02-23 23:26:22,5.6,7.4,325,0.0,0.0,0,0.0,0.0,0,269447.00,0.00,0.00,23,12.77,0.32,0.00,-11.9,4.998,4.998,4.998,4.998,107
2022-02-23 23:27:22,4.1,9.1,371,0.0,0.0,0,0.0,0.0,0,269818.00,0.00,0.00,41,12.77,0.58,0.00,-11.9,4.998,4.998,4.998,4.998,31
2022-02-23 23:28:22,5.1,6.6,267,0.0,0.0,0,0.0,0.0,0,270085.00,0.00,0.00,69,12.81,0.96,0.00,-12.4,4.998,4.998,4.998,4.998,60
2022-02-23 23:29:22,5.5,8.5,398,0.0,0.0,0,0.0,0.0,0,270483.00,0.00,0.00,58,12.81,0.81,0.00,-12.4,4.998,4.998,4.998,4.998,237
2022-02-23 23:30:22,8.7,10.7,463,0.0,0.0,0,0.0,0.0,0,270946.00,0.00,0.00,68,12.81,0.95,0.00,-11.9,4.998,4.998,4.998,4.998,29
2022-02-23 23:31:22,4.8,9.2,399,0.0,0.0,0,0.0,0.0,0,271345.00,0.00,0.00,51,12.77,0.71,0.00,-12.4,4.998,4.998,4.998,4.998,152
2022-02-23 23:32:22,7.7,10.3,460,0.0,0.0,0,0.0,0.0,0,271805.00,0.00,0.00,74,12.77,1.04,0.00,-11.9,4.998,4.998,4.998,4.998,135
2022-02-23 23:33:22,10.8,14.9,644,0.0,0.0,0,0.0,0.0,0,272449.00,0.00,0.00,52,12.81,0.72,0.00,-11.9,4.998,4.998,4.998,4.998,167
2022-02-23 23:34:22,8.3,12.0,529,0.0,0.0,0,0.0,0.0,0,272978.00,0.00,0.00,66,12.77,0.92,0.00,-11.9,4.998,4.998,4.998,4.998,78
2022-02-23 23:35:22,7.4,12.9,544,0.0,0.0,0,0.0,0.0,0,273522.00,0.00,0.00,39,12.81,0.54,0.00,-11.9,4.998,4.998,4.998,4.998,231
2022-02-23 23:36:22,7.3,11.5,499,0.0,0.0,0,0.0,0.0,0,274021.00,0.00,0.00,68,12.77,0.94,0.00,-11.9,4.998,4.998,4.998,4.998,135
2022-02-23 23:37:22,5.5,9.4,444,0.0,0.0,0,0.0,0.0,0,274465.00,0.00,0.00,56,12.77,0.78,0.00,-11.9,4.998,4.998,4.998,4.998,5
2022-02-23 23:38:22,9.2,10.0,409,0.0,0.0,0,0.0,0.0,0,274874.00,0.00,0.00,42,12.77,0.59,0.00,-11.9,4.998,4.998,4.998,4.998,138
2022-02-23 23:39:22,10.4,12.9,537,0.0,0.0,0,0.0,0.0,0,275411.00,0.00,0.00,54,12.77,0.75,0.00,-11.9,4.998,4.998,4.998,4.998,176
2022-02-23 23:40:22,7.3,10.6,539,0.0,0.0,0,0.0,0.0,0,275950.00,0.00,0.00,54,12.77,0.75,0.00,-11.9,4.998,4.998,4.998,4.998,210
2022-02-23 23:41:22,10.0,12.5,498,0.0,0.0,0,0.0,0.0,0,276448.00,0.00,0.00,68,12.81,0.95,0.00,-11.4,4.998,4.998,4.998,4.998,55
2022-02-23 23:42:22,4.7,10.3,426,0.0,0.0,0,0.0,0.0,0,276874.00,0.00,0.00,50,12.81,0.69,0.00,-11.9,4.998,4.998,4.998,4.998,206
2022-02-23 23:43:22,4.3,5.3,211,0.0,0.0,0,0.0,0.0,0,277085.00,0.00,0.00,49,12.77,0.69,0.00,-11.9,4.998,4.998,4.998,4.998,181
2022-02-23 23:44:22,5.0,6.8,246,0.0,0.0,0,0.0,0.0,0,277331.00,0.00,0.00,60,12.77,0.83,0.00,-11.9,4.998,4.998,4.998,4.998,155
2022-02-23 23:45:22,6.2,9.2,403,0.0,0.0,0,0.0,0.0,0,277734.00,0.00,0.00,60,12.81,0.84,0.00,-11.9,4.998,4.998,4.998,4.998,111
2022-02-23 23:46:22,7.2,10.0,463,0.0,0.0,0,0.0,0.0,0,278197.00,0.00,0.00,61,12.77,0.85,0.00,-11.9,4.998,4.998,4.998,4.998,104
2022-02-23 23:47:22,6.3,8.0,324,0.0,0.0,0,0.0,0.0,0,278521.00,0.00,0.00,29,12.77,0.40,0.00,-11.9,4.998,4.998,4.998,4.998,25
2022-02-23 23:48:22,5.8,6.9,256,0.0,0.0,0,0.0,0.0,0,278777.00,0.00,0.00,30,12.77,0.41,0.00,-11.9,4.998,4.998,4.998,4.998,44
2022-02-23 23:49:22,7.5,8.8,382,0.0,0.0,0,0.0,0.0,0,279159.00,0.00,0.00,29,12.77,0.41,0.00,-11.4,4.998,4.998,4.998,4.998,78
2022-02-23 23:50:22,6.3,13.6,460,0.0,0.0,0,0.0,0.0,0,279619.00,0.00,0.00,33,12.77,0.46,0.00,-12.4,4.998,4.998,4.998,4.998,78
2022-02-23 23:51:22,5.5,6.9,323,0.0,0.0,0,0.0,0.0,0,279942.00,0.00,0.00,42,12.77,0.58,0.00,-11.9,4.998,4.998,4.998,4.998,92
2022-02-23 23:52:22,6.3,8.7,421,0.0,0.0,0,0.0,0.0,0,280363.00,0.00,0.00,35,12.77,0.49,0.00,-11.9,4.998,4.998,4.998,4.998,123
2022-02-23 23:53:22,8.6,10.6,463,0.0,0.0,0,0.0,0.0,0,280826.00,0.00,0.00,34,12.77,0.48,0.00,-11.9,4.998,4.998,4.998,4.998,239
2022-02-23 23:54:22,7.2,10.5,445,0.0,0.0,0,0.0,0.0,0,281271.00,0.00,0.00,35,12.77,0.49,0.00,-11.9,4.998,4.998,4.998,4.998,17
2022-02-23 23:55:22,11.4,12.6,565,0.0,0.0,0,0.0,0.0,0,281836.00,0.00,0.00,40,12.77,0.55,0.00,-11.9,4.998,4.998,4.998,4.998,88
2022-02-23 23:56:22,10.8,13.5,465,0.0,0.0,0,0.0,0.0,0,282301.00,0.00,0.00,49,12.77,0.68,0.00,-11.9,4.998,4.998,4.998,4.998,110
2022-02-23 23:57:22,9.8,12.6,516,0.0,0.0,0,0.0,0.0,0,282817.00,0.00,0.00,18,12.77,0.26,0.00,-11.9,4.998,4.998,4.998,4.998,94
2022-02-23 23:58:22,5.5,11.8,500,0.0,0.0,0,0.0,0.0,0,283317.00,0.00,0.00,33,12.77,0.46,0.00,-11.9,4.998,4.998,4.998,4.998,43
2022-02-23 23:59:22,5.5,8.0,376,0.0,0.0,0,0.0,0.0,0,283693.00,0.00,0.00,17,12.77,0.24,0.00,-11.9,4.998,4.998,4.998,4.998,52
