2022-02-06 00:00:22,5.9,10.3,435,0.0,0.0,0,0.0,0.0,0,435.00,0.00,0.00,190,12.65,2.65,0.00,-2.6,4.998,4.998,4.998,4.998,193
2022-02-06 00:01:22,8.4,10.5,353,0.0,0.0,0,0.0,0.0,0,788.00,0.00,0.00,157,12.65,2.19,0.00,-2.6,4.998,4.998,4.998,4.998,218
2022-02-06 00:02:22,4.9,10.2,404,0.0,0.0,0,0.0,0.0,0,1192.00,0.00,0.00,160,12.65,2.23,0.00,-3.1,4.998,4.998,4.998,4.998,86
2022-02-06 00:03:22,6.1,10.1,441,0.0,0.0,0,0.0,0.0,0,1633.00,0.00,0.00,168,12.65,2.33,0.00,-2.6,4.998,4.998,4.998,4.998,113
2022-02-06 00:04:22,7.5,12.4,471,0.0,0.0,0,0.0,0.0,0,2104.00,0.00,0.00,197,12.65,2.73,0.00,-2.6,4.998,4.998,4.998,4.998,203
2022-02-06 00:05:22,5.7,13.3,484,0.0,0.0,0,0.0,0.0,0,2588.00,0.00,0.00,147,12.69,2.04,0.00,-3.1,4.998,4.998,4.998,4.998,208
2022-02-06 00:06:22,8.7,14.2,589,0.0,0.0,0,0.0,0.0,0,3177.00,0.00,0.00,202,12.65,2.80,0.00,-3.1,4.998,4.998,4.998,4.998,213
2022-02-06 00:07:22,4.8,9.0,385,0.0,0.0,0,0.0,0.0,0,3562.00,0.00,0.00,182,12.65,2.53,0.00,-2.6,4.998,4.998,4.998,4.998,124
2022-02-06 00:08:22,6.7,12.3,431,0.0,0.0,0,0.0,0.0,0,3993.00,0.00,0.00,200,12.65,2.78,0.00,-2.6,4.998,4.998,4.998,4.998,172
2022-02-06 00:09:22,6.9,10.0,413,0.0,0.0,0,0.0,0.0,0,4406.00,0.00,0.00,214,12.65,2.97,0.00,-2.6,4.998,4.998,4.998,4.998,252
2022-02-06 00:10:22,7.3,13.3,518,0.0,0.0,0,0.0,0.0,0,4924.00,0.00,0.00,213,12.65,2.96,0.00,-2.6,4.998,4.998,4.998,4.998,124
2022-02-06 00:11:22,8.5,10.6,444,0.0,0.0,0,0.0,0.0,0,5368.00,0.00,0.00,236,12.65,3.29,0.00,-2.6,4.998,4.998,4.998,4.998,119
2022-02-06 00:12:22,5.9,13.9,595,0.0,0.0,0,0.0,0.0,0,5963.00,0.00,0.00,203,12.65,2.82,0.00,-2.6,4.998,4.998,4.998,4.998,152
2022-02-06 00:13:22,4.4,11.0,383,0.0,0.0,0,0.0,0.0,0,6346.00,0.00,0.00,198,12.65,2.76,0.00,-3.1,4.998,4.998,4.998,4.998,79
2022-02-06 00:14:22,4.8,8.6,313,0.0,0.0,0,0.0,0.0,0,6659.00,0.00,0.00,185,12.65,2.57,0.00,-3.1,4.998,4.998,4.998,4.998,99
2022-02-06 00:15:22,5.8,15.4,417,0.0,0.0,0,0.0,0.0,0,7076.00,0.00,0.00,195,12.65,2.70,0.00,-3.1,4.998,4.998,4.998,4.998,20
2022-02-06 00:16:22,4.8,9.7,386,0.0,0.0,0,0.0,0.0,0,7462.00,0.00,0.00,209,12.65,2.90,0.00,-3.1,4.998,4.998,4.998,4.998,178
2022-02-06 00:17:22,6.4,8.1,312,0.0,0.0,0,0.0,0.0,0,7774.00,0.00,0.00,191,12.65,2.66,0.00,-2.6,4.998,4.998,4.998,4.998,80
2022-02-06 00:18:22,4.7,12.5,432,0.0,0.0,0,0.0,0.0,0,8206.00,0.00,0.00,193,12.65,2.68,0.00,-3.1,4.998,4.998,4.998,4.998,224
2022-02-06 00:19:22,2.6,6.4,262,0.0,0.0,0,0.0,0.0,0,8468.00,0.00,0.00,172,12.65,2.39,0.00,-3.1,4.998,4.998,4.998,4.998,102
2022-02-06 00:20:22,7.0,8.3,255,0.0,0.0,0,0.0,0.0,0,8723.00,0.00,0.00,213,12.65,2.95,0.00,-2.6,4.998,4.998,4.998,4.998,139
2022-02-06 00:21:22,6.9,7.5,316,0.0,0.0,0,0.0,0.0,0,9039.00,0.00,0.00,196,12.65,2.73,0.00,-2.6,4.998,4.998,4.998,4.998,112
2022-02-06 00:22:22,8.4,9.4,289,0.0,0.0,0,0.0,0.0,0,9328.00,0.00,0.00,154,12.65,2.14,0.00,-2.6,4.998,4.998,4.998,4.998,108
2022-02-06 00:23:22,6.4,11.7,412,0.0,0.0,0,0.0,0.0,0,9740.00,0.00,0.00,193,12.65,2.68,0.00,-2.6,4.998,4.998,4.998,4.998,21
2022-02-06 00:24:22,9.0,14.5,580,0.0,0.0,0,0.0,0.0,0,10320.00,0.00,0.00,173,12.65,2.40,0.00,-3.1,4.998,4.998,4.998,4.998,164
2022-02-06 00:25:22,6.0,9.0,363,0.0,0.0,0,0.0,0.0,0,10683.00,0.00,0.00,174,12.65,2.42,0.00,-2.6,4.998,4.998,4.998,4.998,182
2022-02-06 00:26:22,9.2,11.5,517,0.0,0.0,0,0.0,0.0,0,11200.00,0.00,0.00,189,12.65,2.63,0.00,-2.6,4.998,4.998,4.998,4.998,60
2022-02-06 00:27:22,8.1,11.2,484,0.0,0.0,0,0.0,0.0,0,11684.00,0.00,0.00,183,12.65,2.54,0.00,-2.6,4.998,4.998,4.998,4.998,51
2022-02-06 00:28:22,7.4,12.1,502,0.0,0.0,0,0.0,0.0,0,12186.00,0.00,0.00,171,12.65,2.38,0.00,-2.6,4.998,4.998,4.998,4.998,248
2022-02-06 00:29:22,5.7,10.8,422,0.0,0.0,0,0.0,0.0,0,12608.00,0.00,0.00,182,12.65,2.53,0.00,-2.6,4.998,4.998,4.998,4.998,15
2022-02-06 00:30:22,4.3,6.7,312,0.0,0.0,0,0.0,0.0,0,12920.00,0.00,0.00,193,12.65,2.68,0.00,-2.6,4.998,4.998,4.998,4.998,147
2022-02-06 00:31:22,5.4,8.4,346,0.0,0.0,0,0.0,0.0,0,13266.00,0.00,0.00,204,12.65,2.84,0.00,-2.6,4.998,4.998,4.998,4.998,243
2022-02-06 00:32:22,7.3,18.0,615,0.0,0.0,0,0.0,0.0,0,13881.00,0.00,0.00,190,12.65,2.65,0.00,-2.6,4.998,4.998,4.998,4.998,162
2022-02-06 00:33:22,3.8,12.2,438,0.0,0.0,0,0.0,0.0,0,14319.00,0.00,0.00,194,12.65,2.70,0.00,-2.6,4.998,4.998,4.998,4.998,56
2022-02-06 00:34:22,7.2,8.2,331,0.0,0.0,0,0.0,0.0,0,14650.00,0.00,0.00,197,12.65,2.73,0.00,-3.1,4.998,4.998,4.998,4.998,175
2022-02-06 00:35:22,7.2,16.2,632,0.0,0.0,0,0.0,0.0,0,15282.00,0.00,0.00,206,12.65,2.86,0.00,-2.6,4.998,4.998,4.998,4.998,216
2022-02-06 00:36:22,9.8,13.1,565,0.0,0.0,0,0.0,0.0,0,15847.00,0.00,0.00,205,12.65,2.85,0.00,-3.1,4.998,4.998,4.998,4.998,210
2022-02-06 00:37:22,9.0,10.8,492,0.0,0.0,0,0.0,0.0,0,16339.00,0.00,0.00,209,12.65,2.91,0.00,-2.6,4.998,4.998,4.998,4.998,47
2022-02-06 00:38:22,6.9,11.4,403,0.0,0.0,0,0.0,0.0,0,16742.00,0.00,0.00,202,12.65,2.81,0.00,-2.6,4.998,4.998,4.998,4.998,212
2022-02-06 00:39:22,9.2,17.7,614,0.0,0.0,0,0.0,0.0,0,17356.00,0.00,0.00,216,12.65,3.01,0.00,-3.1,4.998,4.998,4.998,4.998,55
2022-02-06 00:40:22,4.6,12.3,493,0.0,0.0,0,0.0,0.0,0,17849.00,0.00,0.00,224,12.65,3.12,0.00,-2.6,4.998,4.998,4.998,4.998,46
2022-02-06 00:41:22,7.9,10.4,374,0.0,0.0,0,0.0,0.0,0,18223.00,0.00,0.00,176,12.65,2.45,0.00,-3.1,4.998,4.998,4.998,4.998,35
2022-02-06 00:42:22,4.8,9.8,376,0.0,0.0,0,0.0,0.0,0,18599.00,0.00,0.00,188,12.65,2.62,0.00,-2.6,4.998,4.998,4.998,4.998,8
2022-02-06 00:43:22,4.1,5.4,228,0.0,0.0,0,0.0,0.0,0,18827.00,0.00,0.00,178,12.65,2.48,0.00,-3.1,4.998,4.998,4.998,4.998,18
2022-02-06 00:44:22,6.2,9.5,280,0.0,0.0,0,0.0,0.0,0,19107.00,0.00,0.00,185,12.65,2.57,0.00,-3.1,4.998,4.998,4.998,4.998,132
2022-02-06 00:45:22,3.4,11.6,331,0.0,0.0,0,0.0,0.0,0,19438.00,0.00,0.00,184,12.65,2.55,0.00,-3.1,4.998,4.998,4.998,4.998,30
2022-02-06 00:46:22,4.2,6.0,246,0.0,0.0,0,0.0,0.0,0,19684.00,0.00,0.00,200,12.65,2.78,0.00,-2.6,4.998,4.998,4.998,4.998,111
2022-02-06 00:47:22,4.8,10.4,363,0.0,0.0,0,0.0,0.0,0,20047.00,0.00,0.00,217,12.65,3.01,0.00,-3.1,4.998,4.998,4.998,4.998,88
2022-02-06 00:48:22,9.8,11.8,470,0.0,0.0,0,0.0,0.0,0,20517.00,0.00,0.00,180,12.65,2.50,0.00,-3.1,4.998,4.998,4.998,4.998,15
2022-02-06 00:49:22,3.9,10.3,378,0.0,0.0,0,0.0,0.0,0,20895.00,0.00,0.00,178,12.65,2.47,0.00,-3.1,4.998,4.998,4.998,4.998,243
2022-02-06 00:50:22,3.8,10.5,328,0.0,0.0,0,0.0,0.0,0,21223.00,0.00,0.00,239,12.65,3.32,0.00,-3.1,4.998,4.998,4.998,4.998,120
2022-02-06 00:51:22,3.0,6.4,246,0.0,0.0,0,0.0,0.0,0,21469.00,0.00,0.00,174,12.65,2.42,0.00,-2.6,4.998,4.998,4.998,4.998,32
2022-02-06 00:52:22,9.0,13.7,469,0.0,0.0,0,0.0,0.0,0,21938.00,0.00,0.00,199,12.61,2.76,0.00,-3.1,4.998,4.998,4.998,4.998,127
2022-02-06 00:53:22,3.4,11.8,360,0.0,0.0,0,0.0,0.0,0,22298.00,0.00,0.00,196,12.65,2.72,0.00,-3.1,4.998,4.998,4.998,4.998,63
2022-02-06 00:54:22,2.8,6.5,219,0.0,0.0,0,0.0,0.0,0,22517.00,0.00,0.00,197,12.65,2.74,0.00,-3.1,4.998,4.998,4.998,4.998,192
2022-02-06 00:55:22,4.4,6.3,218,0.0,0.0,0,0.0,0.0,0,22735.00,0.00,0.00,185,12.65,2.57,0.00,-3.1,4.998,4.998,4.998,4.998,245
2022-02-06 00:56:22,4.7,7.1,277,0.0,0.0,0,0.0,0.0,0,23012.00,0.00,0.00,208,12.65,2.90,0.00,-2.6,4.998,4.998,4.998,4.998,11
2022-02-06 00:57:22,5.3,10.1,466,0.0,0.0,0,0.0,0.0,0,23478.00,0.00,0.00,211,12.65,2.94,0.00,-3.1,4.998,4.998,4.998,4.998,193
2022-02-06 00:58:22,8.8,13.8,378,0.0,0.0,0,0.0,0.0,0,23856.00,0.00,0.00,197,12.65,2.74,0.00,-2.6,4.998,4.998,4.998,4.998,36
2022-02-06 00:59:22,9.7,13.3,531,0.0,0.0,0,0.0,0.0,0,24387.00,0.00,0.00,207,12.65,2.87,0.00,-3.1,4.998,4.998,4.998,4.998,243
2022-02-06 01:00:22,7.5,10.2,337,0.0,0.0,0,0.0,0.0,0,24724.00,0.00,0.00,175,12.65,2.44,0.00,-2.6,4.998,4.998,4.998,4.998,94
2022-02-06 01:01:22,5.8,8.4,290,0.0,0.0,0,0.0,0.0,0,25014.00,0.00,0.00,182,12.65,2.53,0.00,-3.1,4.998,4.998,4.998,4.998,155
2022-02-06 01:02:22,7.2,12.9,478,0.0,0.0,0,0.0,0.0,0,25492.00,0.00,0.00,190,12.65,2.64,0.00,-3.1,4.998,4.998,4.998,4.998,55
2022-02-06 01:03:22,5.1,11.8,496,0.0,0.0,0,0.0,0.0,0,25988.00,0.00,0.00,197,12.65,2.74,0.00,-2.6,4.998,4.998,4.998,4.998,10
2022-02-06 01:04:22,6.8,8.2,350,0.0,0.0,0,0.0,0.0,0,26338.00,0.00,0.00,207,12.65,2.87,0.00,-3.1,4.998,4.998,4.998,4.998,86
2022-02-06 01:05:22,11.6,14.0,450,0.0,0.0,0,0.0,0.0,0,26788.00,0.00,0.00,228,12.65,3.17,0.00,-2.6,4.998,4.998,4.998,4.998,100
2022-02-06 01:06:22,5.7,14.9,572,0.0,0.0,0,0.0,0.0,0,27360.00,0.00,0.00,198,12.65,2.76,0.00,-3.1,4.998,4.998,4.998,4.998,215
2022-02-06 01:07:22,5.6,9.1,449,0.0,0.0,0,0.0,0.0,0,27809.00,0.00,0.00,183,12.65,2.55,0.00,-2.6,4.998,4.998,4.998,4.998,115
2022-02-06 01:08:22,4.3,6.9,318,0.0,0.0,0,0.0,0.0,0,28127.00,0.00,0.00,141,12.65,1.96,0.00,-3.1,4.998,4.998,4.998,4.998,197
2022-02-06 01:09:22,4.8,12.3,402,0.0,0.0,0,0.0,0.0,0,28529.00,0.00,0.00,202,12.65,2.80,0.00,-2.6,4.998,4.998,4.998,4.998,209
2022-02-06 01:10:22,4.1,8.4,351,0.0,0.0,0,0.0,0.0,0,28880.00,0.00,0.00,197,12.65,2.73,0.00,-3.1,4.998,4.998,4.998,4.998,11
2022-02-06 01:11:22,4.3,6.7,248,0.0,0.0,0,0.0,0.0,0,29128.00,0.00,0.00,185,12.65,2.57,0.00,-3.6,4.998,4.998,4.998,4.998,230
2022-02-06 01:12:22,7.8,14.9,492,0.0,0.0,0,0.0,0.0,0,29620.00,0.00,0.00,214,12.65,2.98,0.00,-3.1,4.998,4.998,4.998,4.998,175
2022-02-06 01:13:22,9.4,11.6,488,0.0,0.0,0,0.0,0.0,0,30108.00,0.00,0.00,228,12.65,3.16,0.00,-2.6,4.998,4.998,4.998,4.998,10
2022-02-06 01:14:22,7.2,12.3,526,0.0,0.0,0,0.0,0.0,0,30634.00,0.00,0.00,185,12.65,2.58,0.00,-2.6,4.998,4.998,4.998,4.998,47
2022-02-06 01:15:22,6.8,8.7,413,0.0,0.0,0,0.0,0.0,0,31047.00,0.00,0.00,163,12.65,2.26,0.00,-2.6,4.998,4.998,4.998,4.998,227
2022-02-06 01:16:22,6.6,7.9,327,0.0,0.0,0,0.0,0.0,0,31374.00,0.00,0.00,176,12.65,2.44,0.00,-2.6,4.998,4.998,4.998,4.998,200
2022-02-06 01:17:22,8.6,11.7,383,0.0,0.0,0,0.0,0.0,0,31757.00,0.00,0.00,168,12.61,2.33,0.00,-3.1,4.998,4.998,4.998,4.998,208
2022-02-06 01:18:22,8.5,9.7,347,0.0,0.0,0,0.0,0.0,0,32104.00,0.00,0.00,188,12.65,2.61,0.00,-3.1,4.998,4.998,4.998,4.998,74
2022-02-06 01:19:22,6.7,12.1,545,0.0,0.0,0,0.0,0.0,0,32649.00,0.00,0.00,165,12.65,2.29,0.00,-3.1,4.998,4.998,4.998,4.998,141
2022-02-06 01:20:22,13.3,13.5,436,0.0,0.0,0,0.0,0.0,0,33085.00,0.00,0.00,161,12.65,2.23,0.00,-3.1,4.998,4.998,4.998,4.998,172
2022-02-06 01:21:22,6.2,14.8,596,0.0,0.0,0,0.0,0.0,0,33681.00,0.00,0.00,204,12.65,2.84,0.00,-3.1,4.998,4.998,4.998,4.998,147
2022-02-06 01:22:22,8.4,13.6,517,0.0,0.0,0,0.0,0.0,0,34198.00,0.00,0.00,225,12.65,3.13,0.00,-3.1,4.998,4.998,4.998,4.998,80
2022-02-06 01:23:22,5.2,8.2,320,0.0,0.0,0,0.0,0.0,0,34518.00,0.00,0.00,188,12.65,2.62,0.00,-3.1,4.998,4.998,4.998,4.998,198
2022-02-06 01:24:22,8.7,10.0,402,0.0,0.0,0,0.0,0.0,0,34920.00,0.00,0.00,239,12.65,3.32,0.00,-2.6,4.998,4.998,4.998,4.998,232
2022-02-06 01:25:22,4.9,15.8,550,0.0,0.0,0,0.0,0.0,0,35470.00,0.00,0.00,176,12.65,2.44,0.00,-3.1,4.998,4.998,4.998,4.998,36
2022-02-06 01:26:22,5.2,10.2,369,0.0,0.0,0,0.0,0.0,0,35839.00,0.00,0.00,193,12.65,2.68,0.00,-3.1,4.998,4.998,4.998,4.998,67
2022-02-06 01:27:22,7.5,12.2,457,0.0,0.0,0,0.0,0.0,0,36296.00,0.00,0.00,174,12.61,2.41,0.00,-3.1,4.998,4.998,4.998,4.998,173
2022-02-06 01:28:22,5.3,8.5,350,0.0,0.0,0,0.0,0.0,0,36646.00,0.00,0.00,178,12.65,2.47,0.00,-3.1,4.998,4.998,4.998,4.998,67
2022-02-06 01:29:22,5.2,9.4,311,0.0,0.0,0,0.0,0.0,0,36957.00,0.00,0.00,203,12.61,2.83,0.00,-3.1,4.998,4.998,4.998,4.998,211
2022-02-06 01:30:22,4.1,12.9,524,0.0,0.0,0,0.0,0.0,0,37481.00,0.00,0.00,225,12.65,3.13,0.00,-3.6,4.998,4.998,4.998,4.998,239
2022-02-06 01:31:22,7.1,12.2,459,0.0,0.0,0,0.0,0.0,0,37940.00,0.00,0.00,187,12.65,2.60,0.00,-3.1,4.998,4.998,4.998,4.998,156
2022-02-06 01:32:22,2.7,8.8,339,0.0,0.0,0,0.0,0.0,0,38279.00,0.00,0.00,205,12.65,2.85,0.00,-3.1,4.998,4.998,4.998,4.998,209
2022-02-06 01:33:22,8.4,9.9,398,0.0,0.0,0,0.0,0.0,0,38677.00,0.00,0.00,215,12.65,2.99,0.00,-3.1,4.998,4.998,4.998,4.998,17
2022-02-06 01:34:22,7.9,11.5,490,0.0,0.0,0,0.0,0.0,0,39167.00,0.00,0.00,206,12.65,2.86,0.00,-3.1,4.998,4.998,4.998,4.998,62
2022-02-06 01:35:22,7.8,11.3,514,0.0,0.0,0,0.0,0.0,0,39681.00,0.00,0.00,204,12.65,2.83,0.00,-3.1,4.998,4.998,4.998,4.998,13
2022-02-06 01:36:22,8.7,9.9,438,0.0,0.0,0,0.0,0.0,0,40119.00,0.00,0.00,185,12.65,2.57,0.00,-3.1,4.998,4.998,4.998,4.998,198
2022-02-06 01:37:22,10.6,12.4,564,0.0,0.0,0,0.0,0.0,0,40683.00,0.00,0.00,184,12.65,2.56,0.00,-3.1,4.998,4.998,4.998,4.998,234
2022-02-06 01:38:22,4.7,12.0,478,0.0,0.0,0,0.0,0.0,0,41161.00,0.00,0.00,178,12.65,2.48,0.00,-3.1,4.998,4.998,4.998,4.998,181
2022-02-06 01:39:22,6.0,11.7,484,0.0,0.0,0,0.0,0.0,0,41645.00,0.00,0.00,177,12.65,2.46,0.00,-3.1,4.998,4.998,4.998,4.998,162
2022-02-06 01:40:22,4.9,8.7,361,0.0,0.0,0,0.0,0.0,0,42006.00,0.00,0.00,175,12.65,2.44,0.00,-3.1,4.998,4.998,4.998,4.998,70
2022-02-06 01:41:22,7.5,10.0,426,0.0,0.0,0,0.0,0.0,0,42432.00,0.00,0.00,174,12.65,2.42,0.00,-3.6,4.998,4.998,4.998,4.998,165
2022-02-06 01:42:22,6.7,11.5,457,0.0,0.0,0,0.0,0.0,0,42889.00,0.00,0.00,176,12.65,2.44,0.00,-3.1,4.998,4.998,4.998,4.998,26
2022-02-06 01:43:22,10.5,15.9,486,0.0,0.0,0,0.0,0.0,0,43375.00,0.00,0.00,199,12.65,2.76,0.00,-3.1,4.998,4.998,4.998,4.998,67
2022-02-06 01:44:22,8.8,11.1,507,0.0,0.0,0,0.0,0.0,0,43882.00,0.00,0.00,174,12.61,2.41,0.00,-3.1,4.998,4.998,4.998,4.998,48
2022-02-06 01:45:22,9.7,13.0,580,0.0,0.0,0,0.0,0.0,0,44462.00,0.00,0.00,163,12.65,2.27,0.00,-3.1,4.998,4.998,4.998,4.998,224
2022-02-06 01:46:22,7.1,12.5,581,0.0,0.0,0,0.0,0.0,0,45043.00,0.00,0.00,194,12.65,2.70,0.00,-3.1,4.998,4.998,4.998,4.998,106
2022-02-06 01:47:22,7.5,13.8,584,0.0,0.0,0,0.0,0.0,0,45627.00,0.00,0.00,220,12.65,3.06,0.00,-3.1,4.998,4.998,4.998,4.998,59
2022-02-06 01:48:22,5.7,17.3,553,0.0,0.0,0,0.0,0.0,0,46180.00,0.00,0.00,170,12.65,2.36,0.00,-3.1,4.998,4.998,4.998,4.998,159
2022-02-06 01:49:22,5.5,11.5,428,0.0,0.0,0,0.0,0.0,0,46608.00,0.00,0.00,211,12.65,2.94,0.00,-3.1,4.998,4.998,4.998,4.998,178
2022-02-06 01:50:22,6.4,8.2,387,0.0,0.0,0,0.0,0.0,0,46995.00,0.00,0.00,198,12.65,2.75,0.00,-3.6,4.998,4.998,4.998,4.998,66
2022-02-06 01:51:22,5.2,6.8,292,0.0,0.0,0,0.0,0.0,0,47287.00,0.00,0.00,202,12.61,2.81,0.00,-3.1,4.998,4.998,4.998,4.998,21
2022-02-06 01:52:22,3.3,8.2,257,0.0,0.0,0,0.0,0.0,0,47544.00,0.00,0.00,197,12.65,2.74,0.00,-3.1,4.998,4.998,4.998,4.998,4
2022-02-06 01:53:22,6.5,12.7,429,0.0,0.0,0,0.0,0.0,0,47973.00,0.00,0.00,183,12.65,2.54,0.00,-3.6,4.998,4.998,4.998,4.998,10
2022-02-06 01:54:22,8.0,11.2,473,0.0,0.0,0,0.0,0.0,0,48446.00,0.00,0.00,215,12.65,2.98,0.00,-3.1,4.998,4.998,4.998,4.998,53
2022-02-06 01:55:22,6.2,12.7,581,0.0,0.0,0,0.0,0.0,0,49027.00,0.00,0.00,152,12.65,2.11,0.00,-3.6,4.998,4.998,4.998,4.998,225
2022-02-06 01:56:22,5.5,9.0,320,0.0,0.0,0,0.0,0.0,0,49347.00,0.00,0.00,216,12.61,3.00,0.00,-3.1,4.998,4.998,4.998,4.998,126
2022-02-06 01:57:22,8.2,8.6,309,0.0,0.0,0,0.0,0.0,0,49656.00,0.00,0.00,199,12.65,2.76,0.00,-3.6,4.998,4.998,4.998,4.998,46
2022-02-06 01:58:22,5.9,12.9,513,0.0,0.0,0,0.0,0.0,0,50169.00,0.00,0.00,205,12.65,2.85,0.00,-3.1,4.998,4.998,4.998,4.998,164
2022-02-06 01:59:22,5.4,9.4,410,0.0,0.0,0,0.0,0.0,0,50579.00,0.00,0.00,188,12.65,2.61,0.00,-3.6,4.998,4.998,4.998,4.998,0
2022-02-06 02:00:22,5.5,9.4,338,0.0,0.0,0,0.0,0.0,0,50917.00,0.00,0.00,161,12.65,2.24,0.00,-3.6,4.998,4.998,4.998,4.998,25
2022-02-06 02:01:22,9.2,15.9,438,0.0,0.0,0,0.0,0.0,0,51355.00,0.00,0.00,166,12.61,2.30,0.00,-3.1,4.998,4.998,4.998,4.998,108
2022-02-06 02:02:22,6.0,11.4,487,0.0,0.0,0,0.0,0.0,0,51842.00,0.00,0.00,193,12.65,2.69,0.00,-3.1,4.998,4.998,4.998,4.998,24
2022-02-06 02:03:22,6.5,7.8,248,0.0,0.0,0,0.0,0.0,0,52090.00,0.00,0.00,223,12.65,3.11,0.00,-3.6,4.998,4.998,4.998,4.998,156
2022-02-06 02:04:22,4.3,10.8,422,0.0,0.0,0,0.0,0.0,0,52512.00,0.00,0.00,195,12.65,2.70,0.00,-3.1,4.998,4.998,4.998,4.998,80
2022-02-06 02:05:22,3.1,7.7,283,0.0,0.0,0,0.0,0.0,0,52795.00,0.00,0.00,189,12.65,2.62,0.00,-3.6,4.998,4.998,4.998,4.998,44
2022-02-06 02:06:22,2.7,9.6,352,0.0,0.0,0,0.0,0.0,0,53147.00,0.00,0.00,153,12.65,2.13,0.00,-3.6,4.998,4.998,4.998,4.998,110
2022-02-06 02:07:22,7.4,7.8,263,0.0,0.0,0,0.0,0.0,0,53410.00,0.00,0.00,182,12.65,2.53,0.00,-3.6,4.998,4.998,4.998,4.998,237
2022-02-06 02:08:22,6.8,8.2,385,0.0,0.0,0,0.0,0.0,0,53795.00,0.00,0.00,190,12.65,2.64,0.00,-3.6,4.998,4.998,4.998,4.998,251
2022-02-06 02:09:22,4.8,9.5,367,0.0,0.0,0,0.0,0.0,0,54162.00,0.00,0.00,184,12.65,2.55,0.00,-3.6,4.998,4.998,4.998,4.998,12
2022-02-06 02:10:22,6.6,9.6,429,0.0,0.0,0,0.0,0.0,0,54591.00,0.00,0.00,190,12.61,2.64,0.00,-3.6,4.998,4.998,4.998,4.998,94
2022-02-06 02:11:22,5.7,7.2,297,0.0,0.0,0,0.0,0.0,0,54888.00,0.00,0.00,206,12.65,2.86,0.00,-4.1,4.998,4.998,4.998,4.998,212
2022-02-06 02:12:22,5.7,10.8,454,0.0,0.0,0,0.0,0.0,0,55342.00,0.00,0.00,217,12.65,3.02,0.00,-4.1,4.998,4.998,4.998,4.998,134
2022-02-06 02:13:22,7.9,11.3,489,0.0,0.0,0,0.0,0.0,0,55831.00,0.00,0.00,176,12.65,2.45,0.00,-3.6,4.998,4.998,4.998,4.998,170
2022-02-06 02:14:22,4.7,9.3,367,0.0,0.0,0,0.0,0.0,0,56198.00,0.00,0.00,166,12.65,2.30,0.00,-3.6,4.998,4.998,4.998,4.998,193
2022-02-06 02:15:22,5.8,12.5,506,0.0,0.0,0,0.0,0.0,0,56704.00,0.00,0.00,219,12.65,3.04,0.00,-3.6,4.998,4.998,4.998,4.998,100
2022-02-06 02:16:22,6.7,10.8,436,0.0,0.0,0,0.0,0.0,0,57140.00,0.00,0.00,216,12.65,3.00,0.00,-3.6,4.998,4.998,4.998,4.998,36
2022-02-06 02:17:22,6.5,9.4,430,0.0,0.0,0,0.0,0.0,0,57570.00,0.00,0.00,179,12.61,2.49,0.00,-3.6,4.998,4.998,4.998,4.998,182
2022-02-06 02:18:22,7.3,10.1,460,0.0,0.0,0,0.0,0.0,0,58030.00,0.00,0.00,195,12.65,2.71,0.00,-3.6,4.998,4.998,4.998,4.998,173
2022-02-06 02:19:22,4.8,7.3,341,0.0,0.0,0,0.0,0.0,0,58371.00,0.00,0.00,179,12.61,2.49,0.00,-3.6,4.998,4.998,4.998,4.998,215
2022-02-06 02:20:22,6.8,10.1,450,0.0,0.0,0,0.0,0.0,0,58821.00,0.00,0.00,162,12.61,2.25,0.00,-4.1,4.998,4.998,4.998,4.998,123
2022-02-06 02:21:22,10.0,10.0,409,0.0,0.0,0,0.0,0.0,0,59230.00,0.00,0.00,175,12.65,2.43,0.00,-3.6,4.998,4.998,4.998,4.998,116
2022-02-06 02:22:22,11.3,16.8,670,0.0,0.0,0,0.0,0.0,0,59900.00,0.00,0.00,175,12.65,2.43,0.00,-3.6,4.998,4.998,4.998,4.998,174
2022-02-06 02:23:22,5.9,13.0,548,0.0,0.0,0,0.0,0.0,0,60448.00,0.00,0.00,188,12.61,2.62,0.00,-3.6,4.998,4.998,4.998,4.998,100
2022-02-06 02:24:22,3.6,9.9,355,0.0,0.0,0,0.0,0.0,0,60803.00,0.00,0.00,200,12.61,2.78,0.00,-4.1,4.998,4.998,4.998,4.998,243
2022-02-06 02:25:22,2.3,4.6,153,0.0,0.0,0,0.0,0.0,0,60956.00,0.00,0.00,175,12.65,2.44,0.00,-4.1,4.998,4.998,4.998,4.998,167
2022-02-06 02:26:22,9.7,9.7,273,0.0,0.0,0,0.0,0.0,0,61229.00,0.00,0.00,190,12.65,2.64,0.00,-4.1,4.998,4.998,4.998,4.998,47
2022-02-06 02:27:22,6.9,11.6,490,0.0,0.0,0,0.0,0.0,0,61719.00,0.00,0.00,170,12.65,2.36,0.00,-3.6,4.998,4.998,4.998,4.998,220
2022-02-06 02:28:22,6.7,12.2,488,0.0,0.0,0,0.0,0.0,0,62207.00,0.00,0.00,189,12.61,2.63,0.00,-3.6,4.998,4.998,4.998,4.998,68
2022-02-06 02:29:22,4.9,12.2,372,0.0,0.0,0,0.0,0.0,0,62579.00,0.00,0.00,176,12.61,2.45,0.00,-4.1,4.998,4.998,4.998,4.998,169
2022-02-06 02:30:22,5.3,9.3,410,0.0,0.0,0,0.0,0.0,0,62989.00,0.00,0.00,213,12.73,2.96,0.00,-4.1,4.998,4.998,4.998,4.998,10
2022-02-06 02:31:22,5.2,7.3,302,0.0,0.0,0,0.0,0.0,0,63291.00,0.00,0.00,153,12.65,2.13,0.00,-3.6,4.998,4.998,4.998,4.998,145
2022-02-06 02:32:22,7.2,9.1,339,0.0,0.0,0,0.0,0.0,0,63630.00,0.00,0.00,166,12.61,2.31,0.00,-4.1,4.998,4.998,4.998,4.998,250
2022-02-06 02:33:22,9.3,15.1,514,0.0,0.0,0,0.0,0.0,0,64144.00,0.00,0.00,211,12.61,2.93,0.00,-3.6,4.998,4.998,4.998,4.998,214
2022-02-06 02:34:22,5.4,9.4,412,0.0,0.0,0,0.0,0.0,0,64556.00,0.00,0.00,207,12.65,2.88,0.00,-4.1,4.998,4.998,4.998,4.998,207
2022-02-06 02:35:22,6.0,8.5,351,0.0,0.0,0,0.0,0.0,0,64907.00,0.00,0.00,185,12.65,2.58,0.00,-4.1,4.998,4.998,4.998,4.998,221
2022-02-06 02:36:22,8.8,11.3,497,0.0,0.0,0,0.0,0.0,0,65404.00,0.00,0.00,213,12.65,2.96,0.00,-4.1,4.998,4.998,4.998,4.998,168
2022-02-06 02:37:22,4.3,12.2,314,0.0,0.0,0,0.0,0.0,0,65718.00,0.00,0.00,197,12.61,2.73,0.00,-4.1,4.998,4.998,4.998,4.998,218
2022-02-06 02:38:22,8.4,13.7,482,0.0,0.0,0,0.0,0.0,0,66200.00,0.00,0.00,178,12.65,2.47,0.00,-3.6,4.998,4.998,4.998,4.998,91
2022-02-06 02:39:22,12.7,14.8,527,0.0,0.0,0,0.0,0.0,0,66727.00,0.00,0.00,183,12.61,2.54,0.00,-4.1,4.998,4.998,4.998,4.998,120
2022-02-06 02:40:22,6.1,13.6,525,0.0,0.0,0,0.0,0.0,0,67252.00,0.00,0.00,168,12.61,2.33,0.00,-4.1,4.998,4.998,4.998,4.998,31
2022-02-06 02:41:22,4.5,6.3,298,0.0,0.0,0,0.0,0.0,0,67550.00,0.00,0.00,175,12.61,2.44,0.00,-3.6,4.998,4.998,4.998,4.998,12
2022-02-06 02:42:22,4.0,5.3,202,0.0,0.0,0,0.0,0.0,0,67752.00,0.00,0.00,186,12.65,2.58,0.00,-4.1,4.998,4.998,4.998,4.998,187
2022-02-06 02:43:22,2.9,4.2,119,0.0,0.0,0,0.0,0.0,0,67871.00,0.00,0.00,172,12.61,2.40,0.00,-4.5,4.998,4.998,4.998,4.998,50
2022-02-06 02:44:22,6.5,12.3,458,0.0,0.0,0,0.0,0.0,0,68329.00,0.00,0.00,203,12.65,2.83,0.00,-4.1,4.998,4.998,4.998,4.998,191
2022-02-06 02:45:22,3.4,8.9,357,0.0,0.0,0,0.0,0.0,0,68686.00,0.00,0.00,188,12.65,2.61,0.00,-4.1,4.998,4.998,4.998,4.998,127
2022-02-06 02:46:22,5.4,7.6,279,0.0,0.0,0,0.0,0.0,0,68965.00,0.00,0.00,203,12.61,2.82,0.00,-4.1,4.998,4.998,4.998,4.998,185
2022-02-06 02:47:22,4.5,8.2,339,0.0,0.0,0,0.0,0.0,0,69304.00,0.00,0.00,179,12.65,2.49,0.00,-4.5,4.998,4.998,4.998,4.998,22
2022-02-06 02:48:22,4.5,7.8,278,0.0,0.0,0,0.0,0.0,0,69582.00,0.00,0.00,207,12.65,2.88,0.00,-4.1,4.998,4.998,4.998,4.998,217
2022-02-06 02:49:22,5.2,9.4,280,0.0,0.0,0,0.0,0.0,0,69862.00,0.00,0.00,197,12.61,2.74,0.00,-4.5,4.998,4.998,4.998,4.998,51
2022-02-06 02:50:22,5.6,7.5,327,0.0,0.0,0,0.0,0.0,0,70189.00,0.00,0.00,190,12.65,2.64,0.00,-4.1,4.998,4.998,4.998,4.998,200
2022-02-06 02:51:22,3.6,5.7,238,0.0,0.0,0,0.0,0.0,0,70427.00,0.00,0.00,176,12.65,2.45,0.00,-4.5,4.998,4.998,4.998,4.998,42
2022-02-06 02:52:22,4.0,4.0,153,0.0,0.0,0,0.0,0.0,0,70580.00,0.00,0.00,176,12.61,2.45,0.00,-4.5,4.998,4.998,4.998,4.998,10
2022-02-06 02:53:22,6.5,9.6,367,0.0,0.0,0,0.0,0.0,0,70947.00,0.00,0.00,185,12.65,2.57,0.00,-4.1,4.998,4.998,4.998,4.998,149
2022-02-06 02:54:22,7.8,8.6,340,0.0,0.0,0,0.0,0.0,0,71287.00,0.00,0.00,181,12.65,2.51,0.00,-4.1,4.998,4.998,4.998,4.998,251
2022-02-06 02:55:22,4.3,10.7,492,0.0,0.0,0,0.0,0.0,0,71779.00,0.00,0.00,225,12.65,3.12,0.00,-4.1,4.998,4.998,4.998,4.998,146
2022-02-06 02:56:22,6.0,8.0,347,0.0,0.0,0,0.0,0.0,0,72126.00,0.00,0.00,172,12.65,2.40,0.00,-4.1,4.998,4.998,4.998,4.998,51
2022-02-06 02:57:22,4.4,9.0,419,0.0,0.0,0,0.0,0.0,0,72545.00,0.00,0.00,151,12.65,2.10,0.00,-4.1,4.998,4.998,4.998,4.998,240
2022-02-06 02:58:22,7.7,9.7,412,0.0,0.0,0,0.0,0.0,0,72957.00,0.00,0.00,217,12.65,3.02,0.00,-4.1,4.998,4.998,4.998,4.998,120
2022-02-06 02:59:22,3.3,8.2,354,0.0,0.0,0,0.0,0.0,0,73311.00,0.00,0.00,163,12.65,2.26,0.00,-4.1,4.998,4.998,4.998,4.998,32
2022-02-06 03:00:22,8.6,9.0,284,0.0,0.0,0,0.0,0.0,0,73595.00,0.00,0.00,202,12.65,2.80,0.00,-4.5,4.998,4.998,4.998,4.998,155
2022-02-06 03:01:22,5.3,12.6,428,0.0,0.0,0,0.0,0.0,0,74023.00,0.00,0.00,170,12.61,2.36,0.00,-4.1,4.998,4.998,4.998,4.998,95
2022-02-06 03:02:22,7.1,10.6,394,0.0,0.0,0,0.0,0.0,0,74417.00,0.00,0.00,163,12.65,2.27,0.00,-4.1,4.998,4.998,4.998,4.998,52
2022-02-06 03:03:22,4.1,8.6,365,0.0,0.0,0,0.0,0.0,0,74782.00,0.00,0.00,157,12.61,2.19,0.00,-4.5,4.998,4.998,4.998,4.998,115
2022-02-06 03:04:22,5.8,11.5,428,0.0,0.0,0,0.0,0.0,0,75210.00,0.00,0.00,197,12.65,2.74,0.00,-4.1,4.998,4.998,4.998,4.998,80
2022-02-06 03:05:22,5.5,9.8,390,0.0,0.0,0,0.0,0.0,0,75600.00,0.00,0.00,162,12.61,2.25,0.00,-4.1,4.998,4.998,4.998,4.998,60
2022-02-06 03:06:22,7.3,9.6,339,0.0,0.0,0,0.0,0.0,0,75939.00,0.00,0.00,188,12.61,2.61,0.00,-4.1,4.998,4.998,4.998,4.998,93
2022-02-06 03:07:22,4.8,12.3,414,0.0,0.0,0,0.0,0.0,0,76353.00,0.00,0.00,178,12.65,2.48,0.00,-2.1,4.998,4.998,4.998,4.998,135
2022-02-06 03:08:22,4.3,7.5,315,0.0,0.0,0,0.0,0.0,0,76668.00,0.00,0.00,172,12.65,2.39,0.00,-4.1,4.998,4.998,4.998,4.998,112
2022-02-06 03:09:22,10.5,11.3,412,0.0,0.0,0,0.0,0.0,0,77080.00,0.00,0.00,191,12.61,2.66,0.00,-4.1,4.998,4.998,4.998,4.998,99
2022-02-06 03:10:22,4.9,10.6,440,0.0,0.0,0,0.0,0.0,0,77520.00,0.00,0.00,194,12.65,2.70,0.00,-4.1,4.998,4.998,4.998,4.998,193
2022-02-06 03:11:22,3.2,4.9,221,0.0,0.0,0,0.0,0.0,0,77741.00,0.00,0.00,191,12.61,2.66,0.00,-4.1,4.998,4.998,4.998,4.998,214
2022-02-06 03:12:22,4.3,5.0,187,0.0,0.0,0,0.0,0.0,0,77928.00,0.00,0.00,187,12.61,2.60,0.00,-4.5,4.998,4.998,4.998,4.998,81
2022-02-06 03:13:22,3.0,4.2,194,0.0,0.0,0,0.0,0.0,0,78122.00,0.00,0.00,187,12.65,2.60,0.00,-4.5,4.998,4.998,4.998,4.998,57
2022-02-06 03:14:22,5.1,5.1,90,0.0,0.0,0,0.0,0.0,0,78212.00,0.00,0.00,181,12.65,2.51,0.00,-5.0,4.998,4.998,4.998,4.998,174
2022-02-06 03:15:22,2.8,6.3,264,0.0,0.0,0,0.0,0.0,0,78476.00,0.00,0.00,165,12.61,2.29,0.00,-5.0,4.998,4.998,4.998,4.998,252
2022-02-06 03:16:22,2.6,7.3,243,0.0,0.0,0,0.0,0.0,0,78719.00,0.00,0.00,189,12.65,2.62,0.00,-4.5,4.998,4.998,4.998,4.998,8
2022-02-06 03:17:22,2.6,5.7,170,0.0,0.0,0,0.0,0.0,0,78889.00,0.00,0.00,176,12.65,2.45,0.00,-4.5,4.998,4.998,4.998,4.998,29
2022-02-06 03:18:22,6.4,6.5,219,0.0,0.0,0,0.0,0.0,0,79108.00,0.00,0.00,114,12.65,1.58,0.00,-4.5,4.998,4.998,4.998,4.998,196
2022-02-06 03:19:22,4.3,7.1,254,0.0,0.0,0,0.0,0.0,0,79362.00,0.00,0.00,193,12.61,2.68,0.00,-4.5,4.998,4.998,4.998,4.998,150
2022-02-06 03:20:22,6.7,7.9,263,0.0,0.0,0,0.0,0.0,0,79625.00,0.00,0.00,187,12.61,2.60,0.00,-4.5,4.998,4.998,4.998,4.998,98
2022-02-06 03:21:22,8.2,9.9,395,0.0,0.0,0,0.0,0.0,0,80020.00,0.00,0.00,167,12.61,2.32,0.00,-4.5,4.998,4.998,4.998,4.998,128
2022-02-06 03:22:22,5.6,10.4,493,0.0,0.0,0,0.0,0.0,0,80513.00,0.00,0.00,191,12.65,2.65,0.00,-4.5,4.998,4.998,4.998,4.998,123
2022-02-06 03:23:22,6.6,9.0,347,0.0,0.0,0,0.0,0.0,0,80860.00,0.00,0.00,184,12.61,2.55,0.00,-4.1,4.998,4.998,4.998,4.998,59
2022-02-06 03:24:22,3.0,7.4,262,0.0,0.0,0,0.0,0.0,0,81122.00,0.00,0.00,198,12.65,2.75,0.00,-4.5,4.998,4.998,4.998,4.998,253
2022-02-06 03:25:22,2.8,6.0,167,0.0,0.0,0,0.0,0.0,0,81289.00,0.00,0.00,204,12.65,2.84,0.00,-4.5,4.998,4.998,4.998,4.998,243
2022-02-06 03:26:22,3.4,4.6,181,0.0,0.0,0,0.0,0.0,0,81470.00,0.00,0.00,194,12.61,2.70,0.00,-4.5,4.998,4.998,4.998,4.998,185
2022-02-06 03:27:22,5.2,8.6,285,0.0,0.0,0,0.0,0.0,0,81755.00,0.00,0.00,156,12.61,2.17,0.00,-4.5,4.998,4.998,4.998,4.998,43
2022-02-06 03:28:22,6.8,8.1,347,0.0,0.0,0,0.0,0.0,0,82102.00,0.00,0.00,181,12.65,2.52,0.00,-4.5,4.998,4.998,4.998,4.998,120
2022-02-06 03:29:22,3.7,7.4,276,0.0,0.0,0,0.0,0.0,0,82378.00,0.00,0.00,173,12.65,2.40,0.00,-4.5,4.998,4.998,4.998,4.998,250
2022-02-06 03:30:22,1.7,4.6,139,0.0,0.0,0,0.0,0.0,0,82517.00,0.00,0.00,173,12.65,2.40,0.00,-4.5,4.998,4.998,4.998,4.998,92
2022-02-06 03:31:22,4.0,6.9,298,0.0,0.0,0,0.0,0.0,0,82815.00,0.00,0.00,195,12.65,2.71,0.00,-4.5,4.998,4.998,4.998,4.998,102
2022-02-06 03:32:22,4.2,5.3,178,0.0,0.0,0,0.0,0.0,0,82993.00,0.00,0.00,186,12.65,2.59,0.00,-5.0,4.998,4.998,4.998,4.998,101
2022-02-06 03:33:22,3.6,4.3,168,0.0,0.0,0,0.0,0.0,0,83161.00,0.00,0.00,185,12.65,2.57,0.00,-5.0,4.998,4.998,4.998,4.998,181
2022-02-06 03:34:22,2.2,4.1,170,0.0,0.0,0,0.0,0.0,0,83331.00,0.00,0.00,198,12.65,2.75,0.00,-4.5,4.998,4.998,4.998,4.998,59
2022-02-06 03:35:22,6.3,8.5,297,0.0,0.0,0,0.0,0.0,0,83628.00,0.00,0.00,194,12.65,2.70,0.00,-4.5,4.998,4.998,4.998,4.998,3
2022-02-06 03:36:22,4.6,6.4,233,0.0,0.0,0,0.0,0.0,0,83861.00,0.00,0.00,176,12.65,2.45,0.00,-4.5,4.998,4.998,4.998,4.998,99
2022-02-06 03:37:22,3.1,5.0,164,0.0,0.0,0,0.0,0.0,0,84025.00,0.00,0.00,180,12.65,2.49,0.00,-5.0,4.998,4.998,4.998,4.998,53
2022-02-06 03:38:22,5.0,5.1,173,0.0,0.0,0,0.0,0.0,0,84198.00,0.00,0.00,200,12.65,2.78,0.00,-5.0,4.998,4.998,4.998,4.998,131
2022-02-06 03:39:22,3.6,8.2,288,0.0,0.0,0,0.0,0.0,0,84486.00,0.00,0.00,162,12.61,2.25,0.00,-5.0,4.998,4.998,4.998,4.998,211
2022-02-06 03:40:22,3.3,6.0,261,0.0,0.0,0,0.0,0.0,0,84747.00,0.00,0.00,189,12.65,2.63,0.00,-5.0,4.998,4.998,4.998,4.998,184
2022-02-06 03:41:22,5.4,5.6,192,0.0,0.0,0,0.0,0.0,0,84939.00,0.00,0.00,160,12.61,2.22,0.00,-5.0,4.998,4.998,4.998,4.998,76
2022-02-06 03:42:22,2.3,6.5,270,0.0,0.0,0,0.0,0.0,0,85209.00,0.00,0.00,177,12.61,2.46,0.00,-4.5,4.998,4.998,4.998,4.998,19
2022-02-06 03:43:22,3.7,7.5,254,0.0,0.0,0,0.0,0.0,0,85463.00,0.00,0.00,171,12.65,2.38,0.00,-5.0,4.998,4.998,4.998,4.998,223
2022-02-06 03:44:22,1.6,5.6,213,0.0,0.0,0,0.0,0.0,0,85676.00,0.00,0.00,171,12.61,2.37,0.00,-5.0,4.998,4.998,4.998,4.998,189
2022-02-06 03:45:22,3.3,4.7,171,0.0,0.0,0,0.0,0.0,0,85847.00,0.00,0.00,170,12.65,2.37,0.00,-4.5,4.998,4.998,4.998,4.998,96
2022-02-06 03:46:22,6.7,8.9,288,0.0,0.0,0,0.0,0.0,0,86135.00,0.00,0.00,175,12.61,2.43,0.00,-5.0,4.998,4.998,4.998,4.998,46
2022-02-06 03:47:22,3.2,7.3,255,0.0,0.0,0,0.0,0.0,0,86390.00,0.00,0.00,175,12.65,2.43,0.00,-4.5,4.998,4.998,4.998,4.998,40
2022-02-06 03:48:22,2.5,5.8,205,0.0,0.0,0,0.0,0.0,0,86595.00,0.00,0.00,175,12.65,2.43,0.00,-5.0,4.998,4.998,4.998,4.998,112
2022-02-06 03:49:22,3.2,4.7,190,0.0,0.0,0,0.0,0.0,0,86785.00,0.00,0.00,176,12.65,2.44,0.00,-5.0,4.998,4.998,4.998,4.998,207
2022-02-06 03:50:22,6.2,7.7,306,0.0,0.0,0,0.0,0.0,0,87091.00,0.00,0.00,193,12.61,2.68,0.00,-4.5,4.998,4.998,4.998,4.998,209
2022-02-06 03:51:22,4.9,7.7,269,0.0,0.0,0,0.0,0.0,0,87360.00,0.00,0.00,185,12.61,2.57,0.00,-4.5,4.998,4.998,4.998,4.998,78
2022-02-06 03:52:22,5.5,7.5,307,0.0,0.0,0,0.0,0.0,0,87667.00,0.00,0.00,203,12.61,2.82,0.00,-4.5,4.998,4.998,4.998,4.998,13
2022-02-06 03:53:22,4.1,5.9,259,0.0,0.0,0,0.0,0.0,0,87926.00,0.00,0.00,193,12.61,2.68,0.00,-4.5,4.998,4.998,4.998,4.998,240
2022-02-06 03:54:22,5.3,7.8,358,0.0,0.0,0,0.0,0.0,0,88284.00,0.00,0.00,193,12.61,2.69,0.00,-4.5,4.998,4.998,4.998,4.998,57
2022-02-06 03:55:22,4.1,5.7,230,0.0,0.0,0,0.0,0.0,0,88514.00,0.00,0.00,162,12.65,2.25,0.00,-4.5,4.998,4.998,4.998,4.998,149
2022-02-06 03:56:22,2.8,5.3,229,0.0,0.0,0,0.0,0.0,0,88743.00,0.00,0.00,181,12.61,2.52,0.00,-4.5,4.998,4.998,4.998,4.998,160
2022-02-06 03:57:22,2.9,4.8,185,0.0,0.0,0,0.0,0.0,0,88928.00,0.00,0.00,203,12.65,2.82,0.00,-5.0,4.998,4.998,4.998,4.998,217
2022-02-06 03:58:22,5.3,7.8,281,0.0,0.0,0,0.0,0.0,0,89209.00,0.00,0.00,171,12.61,2.38,0.00,-5.0,4.998,4.998,4.998,4.998,236
2022-02-06 03:59:22,6.1,7.1,305,0.0,0.0,0,0.0,0.0,0,89514.00,0.00,0.00,161,12.61,2.24,0.00,-5.0,4.998,4.998,4.998,4.998,181
2022-02-06 04:00:22,3.7,6.7,259,0.0,0.0,0,0.0,0.0,0,89773.00,0.00,0.00,172,12.65,2.40,0.00,-4.5,4.998,4.998,4.998,4.998,202
2022-02-06 04:01:22,5.0,6.8,271,0.0,0.0,0,0.0,0.0,0,90044.00,0.00,0.00,190,12.65,2.64,0.00,-4.5,4.998,4.998,4.998,4.998,143
2022-02-06 04:02:22,4.2,7.2,267,0.0,0.0,0,0.0,0.0,0,90311.00,0.00,0.00,214,12.61,2.97,0.00,-4.5,4.998,4.998,4.998,4.998,237
2022-02-06 04:03:22,3.8,4.5,186,0.0,0.0,0,0.0,0.0,0,90497.00,0.00,0.00,182,12.61,2.53,0.00,-4.5,4.998,4.998,4.998,4.998,9
2022-02-06 04:04:22,2.9,4.1,172,0.0,0.0,0,0.0,0.0,0,90669.00,0.00,0.00,182,12.61,2.53,0.00,-5.0,4.998,4.998,4.998,4.998,77
2022-02-06 04:05:22,3.1,6.2,242,0.0,0.0,0,0.0,0.0,0,90911.00,0.00,0.00,172,12.61,2.39,0.00,-4.5,4.998,4.998,4.998,4.998,168
2022-02-06 04:06:22,2.4,4.3,151,0.0,0.0,0,0.0,0.0,0,91062.00,0.00,0.00,172,12.65,2.39,0.00,-5.0,4.998,4.998,4.998,4.998,133
2022-02-06 04:07:22,4.0,4.4,116,0.0,0.0,0,0.0,0.0,0,91178.00,0.00,0.00,172,12.61,2.39,0.00,-5.0,4.998,4.998,4.998,4.998,133
2022-02-06 04:08:22,1.5,4.2,129,0.0,0.0,0,0.0,0.0,0,91307.00,0.00,0.00,181,12.61,2.51,0.00,-5.0,4.998,4.998,4.998,4.998,219
2022-02-06 04:09:22,3.3,3.3,10,0.0,0.0,0,0.0,0.0,0,91317.00,0.00,0.00,180,12.61,2.50,0.00,-5.5,4.998,4.998,4.998,4.998,252
2022-02-06 04:10:22,4.7,7.4,314,0.0,0.0,0,0.0,0.0,0,91631.00,0.00,0.00,195,12.65,2.71,0.00,-5.0,4.998,4.998,4.998,4.998,218
2022-02-06 04:11:22,2.4,5.0,184,0.0,0.0,0,0.0,0.0,0,91815.00,0.00,0.00,191,12.65,2.65,0.00,-5.0,4.998,4.998,4.998,4.998,134
2022-02-06 04:12:22,0.0,2.8,19,0.0,0.0,0,0.0,0.0,0,91834.00,0.00,0.00,191,12.61,2.65,0.00,-5.0,4.998,4.998,4.998,4.998,184
2022-02-06 04:13:22,4.8,5.1,25,0.0,0.0,0,0.0,0.0,0,91859.00,0.00,0.00,203,12.61,2.82,0.00,-5.5,4.998,4.998,4.998,4.998,135
2022-02-06 04:14:22,1.5,6.0,196,0.0,0.0,0,0.0,0.0,0,92055.00,0.00,0.00,162,12.61,2.26,0.00,-4.5,4.998,4.998,4.998,4.998,41
2022-02-06 04:15:22,1.2,2.8,75,0.0,0.0,0,0.0,0.0,0,92130.00,0.00,0.00,162,12.65,2.25,0.00,-5.0,4.998,4.998,4.998,4.998,101
2022-02-06 04:16:22,5.5,7.4,210,0.0,0.0,0,0.0,0.0,0,92340.00,0.00,0.00,168,12.61,2.33,0.00,-5.0,4.998,4.998,4.998,4.998,199
2022-02-06 04:17:22,2.3,8.1,221,0.0,0.0,0,0.0,0.0,0,92561.00,0.00,0.00,189,12.65,2.62,0.00,-4.5,4.998,4.998,4.998,4.998,158
2022-02-06 04:18:22,4.2,4.2,127,0.0,0.0,0,0.0,0.0,0,92688.00,0.00,0.00,178,12.61,2.48,0.00,-5.0,4.998,4.998,4.998,4.998,218
2022-02-06 04:19:22,3.7,5.2,137,0.0,0.0,0,0.0,0.0,0,92825.00,0.00,0.00,174,12.65,2.42,0.00,-5.5,4.998,4.998,4.998,4.998,209
2022-02-06 04:20:22,2.5,3.8,116,0.0,0.0,0,0.0,0.0,0,92941.00,0.00,0.00,175,12.61,2.43,0.00,-5.0,4.998,4.998,4.998,4.998,186
2022-02-06 04:21:22,2.8,4.1,149,0.0,0.0,0,0.0,0.0,0,93090.00,0.00,0.00,161,12.65,2.24,0.00,-5.0,4.998,4.998,4.998,4.998,22
2022-02-06 04:22:22,0.0,2.8,65,0.0,0.0,0,0.0,0.0,0,93155.00,0.00,0.00,161,12.61,2.24,0.00,-5.0,4.998,4.998,4.998,4.998,121
2022-02-06 04:23:22,3.6,3.9,62,0.0,0.0,0,0.0,0.0,0,93217.00,0.00,0.00,161,12.65,2.24,0.00,-5.0,4.998,4.998,4.998,4.998,34
2022-02-06 04:24:22,3.5,5.4,191,0.0,0.0,0,0.0,0.0,0,93408.00,0.00,0.00,198,12.61,2.75,0.00,-5.0,4.998,4.998,4.998,4.998,183
2022-02-06 04:25:22,0.0,3.5,51,0.0,0.0,0,0.0,0.0,0,93459.00,0.00,0.00,198,12.61,2.75,0.00,-5.5,4.998,4.998,4.998,4.998,142
2022-02-06 04:26:22,1.2,3.5,71,0.0,0.0,0,0.0,0.0,0,93530.00,0.00,0.00,198,12.61,2.75,0.00,-5.5,4.998,4.998,4.998,4.998,116
2022-02-06 04:27:22,0.0,0.0,0,0.0,0.0,0,0.0,0.0,0,93530.00,0.00,0.00,198,12.61,2.75,0.00,-5.5,4.998,4.998,4.998,4.998,73
2022-02-06 04:28:22,3.4,5.0,103,0.0,0.0,0,0.0,0.0,0,93633.00,0.00,0.00,164,12.61,2.28,0.00,-5.0,4.998,4.998,4.998,4.998,18
2022-02-06 04:29:22,2.9,4.2,161,0.0,0.0,0,0.0,0.0,0,93794.00,0.00,0.00,163,12.61,2.27,0.00,-5.0,4.998,4.998,4.998,4.998,138
2022-02-06 04:30:22,3.1,4.2,176,0.0,0.0,0,0.0,0.0,0,93970.00,0.00,0.00,157,12.65,2.19,0.00,-5.0,4.998,4.998,4.998,4.998,71
2022-02-06 04:31:22,2.4,3.2,125,0.0,0.0,0,0.0,0.0,0,94095.00,0.00,0.00,157,12.61,2.19,0.00,-5.5,4.998,4.998,4.998,4.998,86
2022-02-06 04:32:22,4.7,7.1,257,0.0,0.0,0,0.0,0.0,0,94352.00,0.00,0.00,176,12.61,2.45,0.00,-5.5,4.998,4.998,4.998,4.998,57
2022-02-06 04:33:22,4.4,5.1,254,0.0,0.0,0,0.0,0.0,0,94606.00,0.00,0.00,174,12.61,2.42,0.00,-5.5,4.998,4.998,4.998,4.998,251
2022-02-06 04:34:22,4.0,4.8,221,0.0,0.0,0,0.0,0.0,0,94827.00,0.00,0.00,164,12.61,2.28,0.00,-5.5,4.998,4.998,4.998,4.998,140
2022-02-06 04:35:22,5.6,8.4,317,0.0,0.0,0,0.0,0.0,0,95144.00,0.00,0.00,185,12.61,2.57,0.00,-5.0,4.998,4.998,4.998,4.998,68
2022-02-06 04:36:22,4.0,5.8,255,0.0,0.0,0,0.0,0.0,0,95399.00,0.00,0.00,174,12.61,2.42,0.00,-5.0,4.998,4.998,4.998,4.998,72
2022-02-06 04:37:22,3.0,4.7,181,0.0,0.0,0,0.0,0.0,0,95580.00,0.00,0.00,178,12.61,2.48,0.00,-5.5,4.998,4.998,4.998,4.998,195
2022-02-06 04:38:22,2.1,3.9,160,0.0,0.0,0,0.0,0.0,0,95740.00,0.00,0.00,178,12.61,2.47,0.00,-5.5,4.998,4.998,4.998,4.998,1
2022-02-06 04:39:22,3.2,5.8,236,0.0,0.0,0,0.0,0.0,0,95976.00,0.00,0.00,172,12.61,2.39,0.00,-5.5,4.998,4.998,4.998,4.998,76
2022-02-06 04:40:22,5.7,6.5,244,0.0,0.0,0,0.0,0.0,0,96220.00,0.00,0.00,173,12.61,2.40,0.00,-5.0,4.998,4.998,4.998,4.998,222
2022-02-06 04:41:22,1.7,6.4,233,0.0,0.0,0,0.0,0.0,0,96453.00,0.00,0.00,187,12.61,2.60,0.00,-5.0,4.998,4.998,4.998,4.998,89
2022-02-06 04:42:22,3.7,5.0,187,0.0,0.0,0,0.0,0.0,0,96640.00,0.00,0.00,185,12.61,2.57,0.00,-5.0,4.998,4.998,4.998,4.998,175
2022-02-06 04:43:22,5.8,6.8,242,0.0,0.0,0,0.0,0.0,0,96882.00,0.00,0.00,177,12.61,2.46,0.00,-5.0,4.998,4.998,4.998,4.998,35
2022-02-06 04:44:22,3.7,6.0,264,0.0,0.0,0,0.0,0.0,0,97146.00,0.00,0.00,186,12.61,2.59,0.00,-5.0,4.998,4.998,4.998,4.998,53
2022-02-06 04:45:22,5.1,5.7,226,0.0,0.0,0,0.0,0.0,0,97372.00,0.00,0.00,170,12.61,2.36,0.00,-5.0,4.998,4.998,4.998,4.998,23
2022-02-06 04:46:22,2.0,5.2,195,0.0,0.0,0,0.0,0.0,0,97567.00,0.00,0.00,169,12.65,2.35,0.00,-5.5,4.998,4.998,4.998,4.998,129
2022-02-06 04:47:22,2.9,4.5,179,0.0,0.0,0,0.0,0.0,0,97746.00,0.00,0.00,179,12.61,2.49,0.00,-5.5,4.998,4.998,4.998,4.998,17
2022-02-06 04:48:22,5.7,5.9,166,0.0,0.0,0,0.0,0.0,0,97912.00,0.00,0.00,175,12.61,2.43,0.00,-5.5,4.998,4.998,4.998,4.998,232
2022-02-06 04:49:22,4.1,9.1,369,0.0,0.0,0,0.0,0.0,0,98281.00,0.00,0.00,192,12.61,2.67,0.00,-5.0,4.998,4.998,4.998,4.998,112
2022-02-06 04:50:22,3.7,6.0,237,0.0,0.0,0,0.0,0.0,0,98518.00,0.00,0.00,189,12.61,2.62,0.00,-5.0,4.998,4.998,4.998,4.998,4
2022-02-06 04:51:22,4.7,7.3,221,0.0,0.0,0,0.0,0.0,0,98739.00,0.00,0.00,211,12.61,2.94,0.00,-5.0,4.998,4.998,4.998,4.998,188
2022-02-06 04:52:22,5.7,7.5,321,0.0,0.0,0,0.0,0.0,0,99060.00,0.00,0.00,169,12.61,2.35,0.00,-5.0,4.998,4.998,4.998,4.998,153
2022-02-06 04:53:22,4.3,7.8,342,0.0,0.0,0,0.0,0.0,0,99402.00,0.00,0.00,173,12.61,2.40,0.00,-5.0,4.998,4.998,4.998,4.998,120
2022-02-06 04:54:22,4.3,10.4,331,0.0,0.0,0,0.0,0.0,0,99733.00,0.00,0.00,164,12.65,2.28,0.00,-5.0,4.998,4.998,4.998,4.998,84
2022-02-06 04:55:22,4.9,6.2,280,0.0,0.0,0,0.0,0.0,0,100013.00,0.00,0.00,162,12.61,2.25,0.00,-5.0,4.998,4.998,4.998,4.998,47
2022-02-06 04:56:22,4.6,6.5,310,0.0,0.0,0,0.0,0.0,0,100323.00,0.00,0.00,187,12.61,2.60,0.00,-5.0,4.998,4.998,4.998,4.998,79
2022-02-06 04:57:22,6.6,9.1,367,0.0,0.0,0,0.0,0.0,0,100690.00,0.00,0.00,184,12.61,2.55,0.00,-5.0,4.998,4.998,4.998,4.998,94
2022-02-06 04:58:22,4.2,6.7,300,0.0,0.0,0,0.0,0.0,0,100990.00,0.00,0.00,178,12.61,2.47,0.00,-5.0,4.998,4.998,4.998,4.998,198
2022-02-06 04:59:22,6.0,7.5,317,0.0,0.0,0,0.0,0.0,0,101307.00,0.00,0.00,186,12.61,2.59,0.00,-5.0,4.998,4.998,4.998,4.998,163
2022-02-06 05:00:22,4.1,6.7,306,0.0,0.0,0,0.0,0.0,0,101613.00,0.00,0.00,167,12.61,2.32,0.00,-4.5,4.998,4.998,4.998,4.998,73
2022-02-06 05:01:22,5.2,6.1,269,0.0,0.0,0,0.0,0.0,0,101882.00,0.00,0.00,167,12.61,2.32,0.00,-5.0,4.998,4.998,4.998,4.998,137
2022-02-06 05:02:22,6.1,7.1,317,0.0,0.0,0,0.0,0.0,0,102199.00,0.00,0.00,182,12.61,2.52,0.00,-5.0,4.998,4.998,4.998,4.998,204
2022-02-06 05:03:22,5.6,6.7,302,0.0,0.0,0,0.0,0.0,0,102501.00,0.00,0.00,158,12.61,2.19,0.00,-5.0,4.998,4.998,4.998,4.998,74
2022-02-06 05:04:22,5.8,5.9,264,0.0,0.0,0,0.0,0.0,0,102765.00,0.00,0.00,163,12.61,2.27,0.00,-5.0,4.998,4.998,4.998,4.998,152
2022-02-06 05:05:22,5.6,7.1,289,0.0,0.0,0,0.0,0.0,0,103054.00,0.00,0.00,174,12.61,2.42,0.00,-5.5,4.998,4.998,4.998,4.998,123
2022-02-06 05:06:22,4.8,7.8,285,0.0,0.0,0,0.0,0.0,0,103339.00,0.00,0.00,187,12.61,2.60,0.00,-5.0,4.998,4.998,4.998,4.998,127
2022-02-06 05:07:22,7.9,9.3,359,0.0,0.0,0,0.0,0.0,0,103698.00,0.00,0.00,158,12.61,2.20,0.00,-5.5,4.998,4.998,4.998,4.998,135
2022-02-06 05:08:22,3.3,7.9,253,0.0,0.0,0,0.0,0.0,0,103951.00,0.00,0.00,194,12.61,2.70,0.00,-5.0,4.998,4.998,4.998,4.998,104
2022-02-06 05:09:22,3.7,5.1,208,0.0,0.0,0,0.0,0.0,0,104159.00,0.00,0.00,182,12.61,2.53,0.00,-5.5,4.998,4.998,4.998,4.998,103
2022-02-06 05:10:22,3.0,7.3,267,0.0,0.0,0,0.0,0.0,0,104426.00,0.00,0.00,183,12.61,2.54,0.00,-5.0,4.998,4.998,4.998,4.998,83
2022-02-06 05:11:22,4.9,9.9,342,0.0,0.0,0,0.0,0.0,0,104768.00,0.00,0.00,161,12.61,2.24,0.00,-5.0,4.998,4.998,4.998,4.998,189
2022-02-06 05:12:22,5.5,6.2,287,0.0,0.0,0,0.0,0.0,0,105055.00,0.00,0.00,184,12.61,2.55,0.00,-4.5,4.998,4.998,4.998,4.998,15
2022-02-06 05:13:22,4.9,8.2,308,0.0,0.0,0,0.0,0.0,0,105363.00,0.00,0.00,211,12.61,2.93,0.00,-5.0,4.998,4.998,4.998,4.998,136
2022-02-06 05:14:22,2.3,5.3,211,0.0,0.0,0,0.0,0.0,0,105574.00,0.00,0.00,175,12.61,2.43,0.00,-5.5,4.998,4.998,4.998,4.998,174
2022-02-06 05:15:22,3.4,7.1,270,0.0,0.0,0,0.0,0.0,0,105844.00,0.00,0.00,186,12.61,2.59,0.00,-5.0,4.998,4.998,4.998,4.998,211
2022-02-06 05:16:22,4.9,6.9,249,0.0,0.0,0,0.0,0.0,0,106093.00,0.00,0.00,172,12.61,2.40,0.00,-5.0,4.998,4.998,4.998,4.998,180
2022-02-06 05:17:22,4.4,6.5,287,0.0,0.0,0,0.0,0.0,0,106380.00,0.00,0.00,157,12.61,2.18,0.00,-5.0,4.998,4.998,4.998,4.998,235
2022-02-06 05:18:22,4.0,6.7,281,0.0,0.0,0,0.0,0.0,0,106661.00,0.00,0.00,176,12.61,2.44,0.00,-5.0,4.998,4.998,4.998,4.998,195
2022-02-06 05:19:22,7.1,7.9,312,0.0,0.0,0,0.0,0.0,0,106973.00,0.00,0.00,191,12.61,2.65,0.00,-5.5,4.998,4.998,4.998,4.998,194
2022-02-06 05:20:22,3.3,7.3,258,0.0,0.0,0,0.0,0.0,0,107231.00,0.00,0.00,188,12.61,2.61,0.00,-5.0,4.998,4.998,4.998,4.998,148
2022-02-06 05:21:22,6.7,6.7,207,0.0,0.0,0,0.0,0.0,0,107438.00,0.00,0.00,194,12.61,2.69,0.00,-5.0,4.998,4.998,4.998,4.998,70
2022-02-06 05:22:22,3.9,8.2,351,0.0,0.0,0,0.0,0.0,0,107789.00,0.00,0.00,191,12.61,2.65,0.00,-4.5,4.998,4.998,4.998,4.998,152
2022-02-06 05:23:22,3.6,6.2,227,0.0,0.0,0,0.0,0.0,0,108016.00,0.00,0.00,164,12.61,2.29,0.00,-4.5,4.998,4.998,4.998,4.998,124
2022-02-06 05:24:22,3.7,5.4,225,0.0,0.0,0,0.0,0.0,0,108241.00,0.00,0.00,188,12.61,2.61,0.00,-5.0,4.998,4.998,4.998,4.998,219
2022-02-06 05:25:22,2.7,6.9,262,0.0,0.0,0,0.0,0.0,0,108503.00,0.00,0.00,183,12.61,2.54,0.00,-5.0,4.998,4.998,4.998,4.998,38
2022-02-06 05:26:22,2.9,3.7,146,0.0,0.0,0,0.0,0.0,0,108649.00,0.00,0.00,183,12.61,2.54,0.00,-5.0,4.998,4.998,4.998,4.998,129
2022-02-06 05:27:22,5.4,5.4,237,0.0,0.0,0,0.0,0.0,0,108886.00,0.00,0.00,170,12.61,2.36,0.00,-5.5,4.998,4.998,4.998,4.998,208
2022-02-06 05:28:22,4.7,6.5,246,0.0,0.0,0,0.0,0.0,0,109132.00,0.00,0.00,180,12.61,2.50,0.00,-5.5,4.998,4.998,4.998,4.998,197
2022-02-06 05:29:22,4.9,7.5,301,0.0,0.0,0,0.0,0.0,0,109433.00,0.00,0.00,201,12.61,2.80,0.00,-5.0,4.998,4.998,4.998,4.998,71
2022-02-06 05:30:22,1.6,5.1,180,0.0,0.0,0,0.0,0.0,0,109613.00,0.00,0.00,199,12.61,2.77,0.00,-5.0,4.998,4.998,4.998,4.998,237
2022-02-06 05:31:22,3.9,6.7,225,0.0,0.0,0,0.0,0.0,0,109838.00,0.00,0.00,208,12.61,2.89,0.00,-5.0,4.998,4.998,4.998,4.998,193
2022-02-06 05:32:22,5.4,8.1,344,0.0,0.0,0,0.0,0.0,0,110182.00,0.00,0.00,159,12.61,2.22,0.00,-5.0,4.998,4.998,4.998,4.998,227
2022-02-06 05:33:22,6.3,7.5,330,0.0,0.0,0,0.0,0.0,0,110512.00,0.00,0.00,163,12.61,2.27,0.00,-5.5,4.998,4.998,4.998,4.998,81
2022-02-06 05:34:22,4.6,6.2,287,0.0,0.0,0,0.0,0.0,0,110799.00,0.00,0.00,170,12.61,2.36,0.00,-5.0,4.998,4.998,4.998,4.998,210
2022-02-06 05:35:22,4.2,6.4,278,0.0,0.0,0,0.0,0.0,0,111077.00,0.00,0.00,184,12.61,2.56,0.00,-5.0,4.998,4.998,4.998,4.998,137
2022-02-06 05:36:22,2.9,8.0,296,0.0,0.0,0,0.0,0.0,0,111373.00,0.00,0.00,158,12.61,2.19,0.00,-5.0,4.998,4.998,4.998,4.998,109
2022-02-06 05:37:22,3.7,5.3,230,0.0,0.0,0,0.0,0.0,0,111603.00,0.00,0.00,174,12.61,2.42,0.00,-5.0,4.998,4.998,4.998,4.998,189
2022-02-06 05:38:22,7.4,7.7,257,0.0,0.0,0,0.0,0.0,0,111860.00,0.00,0.00,181,12.61,2.51,0.00,-5.0,4.998,4.998,4.998,4.998,65
2022-02-06 05:39:22,7.0,7.8,380,0.0,0.0,0,0.0,0.0,0,112240.00,0.00,0.00,187,12.61,2.60,0.00,-5.0,4.998,4.998,4.998,4.998,164
2022-02-06 05:40:22,8.8,10.7,462,0.0,0.0,0,0.0,0.0,0,112702.00,0.00,0.00,198,12.61,2.76,0.00,-4.5,4.998,4.998,4.998,4.998,140
2022-02-06 05:41:22,4.3,9.1,316,0.0,0.0,0,0.0,0.0,0,113018.00,0.00,0.00,179,12.61,2.49,0.00,-5.0,4.998,4.998,4.998,4.998,112
2022-02-06 05:42:22,4.0,5.1,205,0.0,0.0,0,0.0,0.0,0,113223.00,0.00,0.00,176,12.61,2.45,0.00,-5.0,4.998,4.998,4.998,4.998,179
2022-02-06 05:43:22,3.2,6.0,225,0.0,0.0,0,0.0,0.0,0,113448.00,0.00,0.00,173,12.61,2.41,0.00,-5.0,4.998,4.998,4.998,4.998,147
2022-02-06 05:44:22,2.0,5.9,211,0.0,0.0,0,0.0,0.0,0,113659.00,0.00,0.00,175,12.61,2.44,0.00,-5.0,4.998,4.998,4.998,4.998,26
2022-02-06 05:45:22,4.7,4.9,135,0.0,0.0,0,0.0,0.0,0,113794.00,0.00,0.00,181,12.61,2.52,0.00,-5.0,4.998,4.998,4.998,4.998,183
2022-02-06 05:46:22,5.8,7.9,350,0.0,0.0,0,0.0,0.0,0,114144.00,0.00,0.00,154,12.61,2.14,0.00,-5.0,4.998,4.998,4.998,4.998,123
2022-02-06 05:47:22,5.2,7.2,314,0.0,0.0,0,0.0,0.0,0,114458.00,0.00,0.00,203,12.61,2.82,0.00,-5.0,4.998,4.998,4.998,4.998,46
2022-02-06 05:48:22,2.5,6.1,211,0.0,0.0,0,0.0,0.0,0,114669.00,0.00,0.00,200,12.61,2.77,0.00,-5.0,4.998,4.998,4.998,4.998,66
2022-02-06 05:49:22,3.5,7.4,245,0.0,0.0,0,0.0,0.0,0,114914.00,0.00,0.00,168,12.61,2.33,0.00,-5.0,4.998,4.998,4.998,4.998,112
2022-02-06 05:50:22,3.4,4.3,122,0.0,0.0,0,0.0,0.0,0,115036.00,0.00,0.00,179,12.61,2.49,0.00,-5.0,4.998,4.998,4.998,4.998,13
2022-02-06 05:51:22,2.0,4.4,103,0.0,0.0,0,0.0,0.0,0,115139.00,0.00,0.00,174,12.61,2.42,0.00,-5.0,4.998,4.998,4.998,4.998,34
2022-02-06 05:52:22,2.4,6.1,187,0.0,0.0,0,0.0,0.0,0,115326.00,0.00,0.00,178,12.61,2.48,0.00,-5.0,4.998,4.998,4.998,4.998,15
2022-02-06 05:53:22,3.4,4.6,198,0.0,0.0,0,0.0,0.0,0,115524.00,0.00,0.00,190,12.61,2.65,0.00,-5.0,4.998,4.998,4.998,4.998,159
2022-02-06 05:54:22,4.7,6.8,258,0.0,0.0,0,0.0,0.0,0,115782.00,0.00,0.00,171,12.61,2.37,0.00,-5.0,4.998,4.998,4.998,4.998,160
2022-02-06 05:55:22,4.1,11.0,354,0.0,0.0,0,0.0,0.0,0,116136.00,0.00,0.00,172,12.61,2.40,0.00,-5.0,4.998,4.998,4.998,4.998,143
2022-02-06 05:56:22,3.8,6.1,223,0.0,0.0,0,0.0,0.0,0,116359.00,0.00,0.00,207,12.61,2.88,0.00,-4.5,4.998,4.998,4.998,4.998,219
2022-02-06 05:57:22,5.0,6.9,301,0.0,0.0,0,0.0,0.0,0,116660.00,0.00,0.00,136,12.61,1.89,0.00,-5.0,4.998,4.998,4.998,4.998,185
2022-02-06 05:58:22,3.9,6.1,266,0.0,0.0,0,0.0,0.0,0,116926.00,0.00,0.00,166,12.61,2.30,0.00,-4.5,4.998,4.998,4.998,4.998,37
2022-02-06 05:59:22,3.2,6.3,224,0.0,0.0,0,0.0,0.0,0,117150.00,0.00,0.00,202,12.61,2.81,0.00,-5.0,4.998,4.998,4.998,4.998,191
2022-02-06 06:00:22,3.5,3.8,148,0.0,0.0,0,0.0,0.0,0,117298.00,0.00,0.00,202,12.61,2.81,0.00,-5.0,4.998,4.998,4.998,4.998,9
2022-02-06 06:01:22,5.3,6.5,262,0.0,0.0,0,0.0,0.0,0,117560.00,0.00,0.00,193,12.61,2.68,0.00,-4.5,4.998,4.998,4.998,4.998,86
2022-02-06 06:02:22,4.1,6.5,305,0.0,0.0,0,0.0,0.0,0,117865.00,0.00,0.00,194,12.61,2.70,0.00,-4.5,4.998,4.998,4.998,4.998,123
2022-02-06 06:03:22,3.8,6.4,248,0.0,0.0,0,0.0,0.0,0,118113.00,0.00,0.00,157,12.61,2.19,0.00,-5.0,4.998,4.998,4.998,4.998,249
2022-02-06 06:04:22,6.4,7.6,280,0.0,0.0,0,0.0,0.0,0,118393.00,0.00,0.00,162,12.61,2.25,0.00,-4.5,4.998,4.998,4.998,4.998,218
2022-02-06 06:05:22,3.5,7.2,293,0.0,0.0,0,0.0,0.0,0,118686.00,0.00,0.00,178,12.61,2.47,0.00,-4.5,4.998,4.998,4.998,4.998,216
2022-02-06 06:06:22,3.5,5.0,215,0.0,0.0,0,0.0,0.0,0,118901.00,0.00,0.00,169,12.61,2.35,0.00,-5.0,4.998,4.998,4.998,4.998,177
2022-02-06 06:07:22,1.2,4.0,142,0.0,0.0,0,0.0,0.0,0,119043.00,0.00,0.00,176,12.61,2.45,0.00,-5.5,4.998,4.998,4.998,4.998,153
2022-02-06 06:08:22,5.2,5.2,174,0.0,0.0,0,0.0,0.0,0,119217.00,0.00,0.00,196,12.61,2.72,0.00,-5.5,4.998,4.998,4.998,4.998,233
2022-02-06 06:09:22,4.7,5.7,194,0.0,0.0,0,0.0,0.0,0,119411.00,0.00,0.00,172,12.61,2.39,0.00,-5.0,4.998,4.998,4.998,4.998,216
2022-02-06 06:10:22,3.1,5.8,236,0.0,0.0,0,0.0,0.0,0,119647.00,0.00,0.00,178,12.61,2.48,0.00,-5.0,4.998,4.998,4.998,4.998,225
2022-02-06 06:11:22,5.9,9.5,333,0.0,0.0,0,0.0,0.0,0,119980.00,0.00,0.00,160,12.57,2.22,0.00,-5.0,4.998,4.998,4.998,4.998,203
2022-02-06 06:12:22,5.0,6.6,280,0.0,0.0,0,0.0,0.0,0,120260.00,0.00,0.00,179,12.57,2.49,0.00,-5.0,4.998,4.998,4.998,4.998,194
2022-02-06 06:13:22,3.8,5.2,253,0.0,0.0,0,0.0,0.0,0,120513.00,0.00,0.00,172,12.61,2.39,0.00,-5.0,4.998,4.998,4.998,4.998,155
2022-02-06 06:14:22,2.9,6.1,255,0.0,0.0,0,0.0,0.0,0,120768.00,0.00,0.00,174,12.61,2.42,0.00,-5.0,4.998,4.998,4.998,4.998,82
2022-02-06 06:15:22,3.4,4.5,153,0.0,0.0,0,0.0,0.0,0,120921.00,0.00,0.00,172,12.61,2.39,0.00,-5.0,4.998,4.998,4.998,4.998,86
2022-02-06 06:16:22,3.8,5.4,237,0.0,0.0,0,0.0,0.0,0,121158.00,0.00,0.00,174,12.61,2.42,0.00,-5.0,4.998,4.998,4.998,4.998,18
2022-02-06 06:17:22,3.8,6.3,231,0.0,0.0,0,0.0,0.0,0,121389.00,0.00,0.00,159,12.61,2.22,0.00,-5.0,4.998,4.998,4.998,4.998,16
2022-02-06 06:18:22,7.1,8.1,328,0.0,0.0,0,0.0,0.0,0,121717.00,0.00,0.00,194,12.61,2.69,0.00,-4.5,4.998,4.998,4.998,4.998,245
2022-02-06 06:19:22,5.6,8.9,359,0.0,0.0,0,0.0,0.0,0,122076.00,0.00,0.00,191,12.61,2.65,0.00,-5.0,4.998,4.998,4.998,4.998,21
2022-02-06 06:20:22,4.3,6.4,305,0.0,0.0,0,0.0,0.0,0,122381.00,0.00,0.00,191,12.61,2.66,0.00,-5.0,4.998,4.998,4.998,4.998,140
2022-02-06 06:21:22,4.2,5.4,224,0.0,0.0,0,0.0,0.0,0,122605.00,0.00,0.00,154,12.61,2.14,0.00,-5.0,4.998,4.998,4.998,4.998,5
2022-02-06 06:22:22,4.3,6.3,297,0.0,0.0,0,0.0,0.0,0,122902.00,0.00,0.00,167,12.61,2.32,0.00,-5.0,4.998,4.998,4.998,4.998,167
2022-02-06 06:23:22,4.6,7.7,301,0.0,0.0,0,0.0,0.0,0,123203.00,0.00,0.00,152,12.61,2.11,0.00,-5.0,4.998,4.998,4.998,4.998,115
2022-02-06 06:24:22,2.7,6.4,229,0.0,0.0,0,0.0,0.0,0,123432.00,0.00,0.00,175,12.61,2.43,0.00,-4.5,4.998,4.998,4.998,4.998,160
2022-02-06 06:25:22,5.1,7.1,259,0.0,0.0,0,0.0,0.0,0,123691.00,0.00,0.00,173,12.61,2.41,0.00,-5.0,4.998,4.998,4.998,4.998,52
2022-02-06 06:26:22,6.6,9.8,358,0.0,0.0,0,0.0,0.0,0,124049.00,0.00,0.00,170,12.61,2.37,0.00,-4.5,4.998,4.998,4.998,4.998,18
2022-02-06 06:27:22,4.2,6.9,295,0.0,0.0,0,0.0,0.0,0,124344.00,0.00,0.00,184,12.61,2.56,0.00,-4.5,4.998,4.998,4.998,4.998,200
2022-02-06 06:28:22,3.5,5.3,216,0.0,0.0,0,0.0,0.0,0,124560.00,0.00,0.00,171,12.61,2.38,0.00,-5.0,4.998,4.998,4.998,4.998,219
2022-02-06 06:29:22,7.6,7.7,318,0.0,0.0,0,0.0,0.0,0,124878.00,0.00,0.00,169,12.61,2.35,0.00,-5.0,4.998,4.998,4.998,4.998,99
2022-02-06 06:30:22,4.2,8.3,342,0.0,0.0,0,0.0,0.0,0,125220.00,0.00,0.00,172,12.61,2.39,0.00,-4.5,4.998,4.998,4.998,4.998,250
2022-02-06 06:31:22,3.7,6.8,312,0.0,0.0,0,0.0,0.0,0,125532.00,0.00,0.00,167,12.61,2.32,0.00,-5.0,4.998,4.998,4.998,4.998,33
2022-02-06 06:32:22,5.4,7.1,264,0.0,0.0,0,0.0,0.0,0,125796.00,0.00,0.00,153,12.61,2.13,0.00,-5.0,4.998,4.998,4.998,4.998,136
2022-02-06 06:33:22,6.8,8.2,352,0.0,0.0,0,0.0,0.0,0,126148.00,0.00,0.00,158,12.61,2.20,0.00,-4.5,4.998,4.998,4.998,4.998,113
2022-02-06 06:34:22,4.9,8.0,370,0.0,0.0,0,0.0,0.0,0,126518.00,0.00,0.00,153,12.61,2.13,0.00,-4.5,4.998,4.998,4.998,4.998,130
2022-02-06 06:35:22,3.1,5.8,249,0.0,0.0,0,0.0,0.0,0,126767.00,0.00,0.00,171,12.61,2.38,0.00,-5.0,4.998,4.998,4.998,4.998,151
2022-02-06 06:36:22,3.5,5.9,213,0.0,0.0,0,0.0,0.0,0,126980.00,0.00,0.00,180,12.61,2.50,0.00,-5.0,4.998,4.998,4.998,4.998,90
2022-02-06 06:37:22,5.9,8.1,336,0.0,0.0,0,0.0,0.0,0,127316.00,0.00,0.00,159,12.61,2.22,0.00,-5.0,4.998,4.998,4.998,4.998,76
2022-02-06 06:38:22,4.2,6.8,280,0.0,0.0,0,0.0,0.0,0,127596.00,0.00,0.00,165,12.61,2.29,0.00,-4.5,4.998,4.998,4.998,4.998,109
2022-02-06 06:39:22,5.3,7.9,368,0.0,0.0,0,0.0,0.0,0,127964.00,0.00,0.00,168,12.61,2.33,0.00,-5.0,4.998,4.998,4.998,4.998,26
2022-02-06 06:40:22,3.3,5.9,277,0.0,0.0,0,0.0,0.0,0,128241.00,0.00,0.00,165,12.61,2.30,0.00,-4.5,4.998,4.998,4.998,4.998,230
2022-02-06 06:41:22,3.8,4.7,197,0.0,0.0,0,0.0,0.0,0,128438.00,0.00,0.00,187,12.57,2.60,0.00,-5.0,4.998,4.998,4.998,4.998,190
2022-02-06 06:42:22,5.1,6.0,239,0.0,0.0,0,0.0,0.0,0,128677.00,0.00,0.00,183,12.61,2.54,0.00,-4.5,4.998,4.998,4.998,4.998,153
2022-02-06 06:43:22,4.5,6.9,299,0.0,0.0,0,0.0,0.0,0,128976.00,0.00,0.00,198,12.61,2.75,0.00,-4.5,4.998,4.998,4.998,4.998,125
2022-02-06 06:44:22,1.9,6.5,196,0.0,0.0,0,0.0,0.0,0,129172.00,0.00,0.00,177,12.61,2.47,0.00,-4.5,4.998,4.998,4.998,4.998,135
2022-02-06 06:45:22,5.2,6.1,218,0.0,0.0,0,0.0,0.0,0,129390.00,0.00,0.00,197,12.61,2.74,0.00,-5.0,4.998,4.998,4.998,4.998,138
2022-02-06 06:46:22,6.1,9.3,406,0.0,0.0,0,0.0,0.0,0,129796.00,0.00,0.00,161,12.57,2.23,0.00,-4.5,4.998,4.998,4.998,4.998,200
2022-02-06 06:47:22,4.6,8.8,363,0.0,0.0,0,0.0,0.0,0,130159.00,0.00,0.00,176,12.61,2.44,0.00,-4.5,4.998,4.998,4.998,4.998,117
2022-02-06 06:48:22,5.6,7.6,305,0.0,0.0,0,0.0,0.0,0,130464.00,0.00,0.00,166,12.61,2.30,0.00,-5.0,4.998,4.998,4.998,4.998,232
2022-02-06 06:49:22,0.0,5.6,163,0.0,0.0,0,0.0,0.0,0,130627.00,0.00,0.00,166,12.61,2.30,0.00,-5.0,4.998,4.998,4.998,4.998,127
2022-02-06 06:50:22,2.9,4.0,131,0.0,0.0,0,0.0,0.0,0,130758.00,0.00,0.00,170,12.57,2.36,0.00,-5.0,4.998,4.998,4.998,4.998,209
2022-02-06 06:51:22,5.6,6.2,165,0.0,0.0,0,0.0,0.0,0,130923.00,0.00,0.00,192,12.61,2.67,0.00,-5.0,4.998,4.998,4.998,4.998,97
2022-02-06 06:52:22,5.1,6.2,243,0.0,0.0,0,0.0,0.0,0,131166.00,0.00,0.00,208,12.61,2.89,0.00,-4.5,4.998,4.998,4.998,4.998,174
2022-02-06 06:53:22,4.3,5.7,208,0.0,0.0,0,0.0,0.0,0,131374.00,0.00,0.00,175,12.61,2.44,0.00,-5.0,4.998,4.998,4.998,4.998,248
2022-02-06 06:54:22,3.6,5.0,222,0.0,0.0,0,0.0,0.0,0,131596.00,0.00,0.00,169,12.61,2.35,0.00,-5.0,4.998,4.998,4.998,4.998,27
2022-02-06 06:55:22,2.3,5.0,168,0.0,0.0,0,0.0,0.0,0,131764.00,0.00,0.00,175,12.61,2.43,0.00,-5.0,4.998,4.998,4.998,4.998,37
2022-02-06 06:56:22,4.9,7.6,329,0.0,0.0,0,0.0,0.0,0,132093.00,0.00,0.00,194,12.61,2.69,0.00,-5.0,4.998,4.998,4.998,4.998,187
2022-02-06 06:57:22,4.1,5.0,175,0.0,0.0,0,0.0,0.0,0,132268.00,0.00,0.00,185,12.61,2.57,0.00,-5.0,4.998,4.998,4.998,4.998,224
2022-02-06 06:58:22,4.7,6.0,209,0.0,0.0,0,0.0,0.0,0,132477.00,0.00,0.00,183,12.61,2.54,0.00,-5.0,4.998,4.998,4.998,4.998,35
2022-02-06 06:59:22,4.1,5.6,238,0.0,0.0,0,0.0,0.0,0,132715.00,0.00,0.00,194,12.61,2.70,0.00,-5.0,4.998,4.998,4.998,4.998,51
2022-02-06 07:00:22,3.7,4.4,149,0.0,0.0,0,0.0,0.0,0,132864.00,0.00,0.00,194,12.61,2.70,0.00,-5.0,4.998,4.998,4.998,4.998,226
2022-02-06 07:01:22,5.2,6.4,206,0.0,0.0,0,0.0,0.0,0,133070.00,0.00,0.00,180,12.61,2.50,0.00,-5.0,4.998,4.998,4.998,4.998,80
2022-02-06 07:02:22,5.4,8.2,347,0.0,0.0,0,0.0,0.0,0,133417.00,0.00,0.00,185,12.61,2.57,0.00,-5.0,4.998,4.998,4.998,4.998,220
2022-02-06 07:03:22,2.7,5.5,194,0.0,0.0,0,0.0,0.0,0,133611.00,0.00,0.00,165,12.57,2.29,0.00,-4.5,4.998,4.998,4.998,4.998,216
2022-02-06 07:04:22,4.8,6.1,226,0.0,0.0,0,0.0,0.0,0,133837.00,0.00,0.00,199,12.61,2.77,0.00,-4.5,4.998,4.998,4.998,4.998,213
2022-02-06 07:05:22,2.3,4.9,173,0.0,0.0,0,0.0,0.0,0,134010.00,0.00,0.00,183,12.61,2.55,0.00,-5.0,4.998,4.998,4.998,4.998,122
2022-02-06 07:06:22,4.7,5.3,172,0.0,0.0,0,0.0,0.0,0,134182.00,0.00,0.00,194,12.61,2.70,0.00,-5.0,4.998,4.998,4.998,4.998,131
2022-02-06 07:07:22,5.2,7.2,286,0.0,0.0,0,0.0,0.0,0,134468.00,0.00,0.00,192,12.61,2.67,0.00,-5.0,4.998,4.998,4.998,4.998,25
2022-02-06 07:08:22,6.5,7.2,235,0.0,0.0,0,0.0,0.0,0,134703.00,0.00,0.00,196,12.61,2.72,0.00,-5.0,4.998,4.998,4.998,4.998,175
2022-02-06 07:09:22,4.2,8.6,312,0.0,0.0,0,0.0,0.0,0,135015.00,0.00,0.00,162,12.61,2.25,0.00,-5.0,4.998,4.998,4.998,4.998,177
2022-02-06 07:10:22,7.0,7.2,269,0.0,0.0,0,0.0,0.0,0,135284.00,0.00,0.00,190,12.61,2.64,0.00,-5.0,4.998,4.998,4.998,4.998,61
2022-02-06 07:11:22,4.2,9.0,365,0.0,0.0,0,0.0,0.0,0,135649.00,0.00,0.00,158,12.61,2.19,0.00,-5.0,4.998,4.998,4.998,4.998,143
2022-02-06 07:12:22,2.4,6.7,286,0.0,0.0,0,0.0,0.0,0,135935.00,0.00,0.00,198,12.61,2.76,0.00,-5.0,4.998,4.998,4.998,4.998,162
2022-02-06 07:13:22,3.1,5.8,224,0.0,0.0,0,0.0,0.0,0,136159.00,0.00,0.00,190,12.61,2.64,0.00,-5.0,4.998,4.998,4.998,4.998,54
2022-02-06 07:14:22,4.2,5.5,213,0.0,0.0,0,0.0,0.0,0,136372.00,0.00,0.00,188,12.61,2.61,0.00,-5.0,4.998,4.998,4.998,4.998,35
2022-02-06 07:15:22,4.3,7.4,344,0.0,0.0,0,0.0,0.0,0,136716.00,0.00,0.00,171,12.61,2.38,0.00,-4.5,4.998,4.998,4.998,4.998,48
2022-02-06 07:16:22,4.6,6.4,286,0.0,0.0,0,0.0,0.0,0,137002.00,0.00,0.00,161,12.61,2.24,0.00,-5.5,4.998,4.998,4.998,4.998,96
2022-02-06 07:17:22,8.6,9.2,345,0.0,0.0,0,0.0,0.0,0,137347.00,0.00,0.00,180,12.61,2.50,0.00,-5.0,4.998,4.998,4.998,4.998,196
2022-02-06 07:18:22,4.7,9.2,378,0.0,0.0,0,0.0,0.0,0,137725.00,0.00,0.00,213,12.61,2.95,0.00,-4.5,4.998,4.998,4.998,4.998,57
2022-02-06 07:19:22,3.3,7.4,306,0.0,0.0,0,0.0,0.0,0,138031.00,0.00,0.00,170,12.61,2.36,0.00,-4.5,4.998,4.998,4.998,4.998,88
2022-02-06 07:20:22,4.3,8.2,316,0.0,0.0,0,0.0,0.0,0,138347.00,0.00,0.00,194,12.61,2.70,0.00,-4.5,4.998,4.998,4.998,4.998,224
2022-02-06 07:21:22,5.8,6.5,280,0.0,0.0,0,0.0,0.0,0,138627.00,0.00,0.00,220,12.61,3.05,0.00,-5.5,4.998,4.998,4.998,4.998,178
2022-02-06 07:22:22,2.7,6.1,199,0.0,0.0,0,0.0,0.0,0,138826.00,0.00,0.00,177,12.61,2.46,0.00,-5.0,4.998,4.998,4.998,4.998,165
2022-02-06 07:23:22,3.4,5.1,202,0.0,0.0,0,0.0,0.0,0,139028.00,0.00,0.00,175,12.57,2.43,0.00,-5.5,4.998,4.998,4.998,4.998,25
2022-02-06 07:24:22,3.7,6.8,258,0.0,0.0,0,0.0,0.0,0,139286.00,0.00,0.00,164,12.61,2.28,0.00,-4.5,4.998,4.998,4.998,4.998,192
2022-02-06 07:25:22,6.5,8.3,288,0.0,0.0,0,0.0,0.0,0,139574.00,0.00,0.00,162,12.61,2.25,0.00,-5.0,4.998,4.998,4.998,4.998,38
2022-02-06 07:26:22,5.3,8.6,336,0.0,0.0,0,0.0,0.0,0,139910.00,0.00,0.00,208,12.61,2.90,0.00,-4.5,4.998,4.998,4.998,4.998,230
2022-02-06 07:27:22,4.6,6.1,220,0.0,0.0,0,0.0,0.0,0,140130.00,0.00,0.00,178,12.61,2.47,0.00,-5.0,4.998,4.998,4.998,4.998,187
2022-02-06 07:28:22,4.3,5.6,252,0.0,0.0,0,0.0,0.0,0,140382.00,0.00,0.00,219,12.61,3.04,0.00,-5.0,4.998,4.998,4.998,4.998,200
2022-02-06 07:29:22,3.1,6.3,180,0.0,0.0,0,0.0,0.0,0,140562.00,0.00,0.00,176,12.61,2.44,0.00,-4.5,4.998,4.998,4.998,4.998,183
2022-02-06 07:30:22,5.8,7.6,280,0.0,0.0,0,0.0,0.0,0,140842.00,0.00,0.00,203,12.61,2.83,0.00,-4.5,4.998,4.998,4.998,4.998,48
2022-02-06 07:31:22,4.4,7.3,279,0.0,0.0,0,0.0,0.0,0,141121.00,0.00,0.00,199,12.61,2.77,0.00,-5.0,4.998,4.998,4.998,4.998,251
2022-02-06 07:32:22,2.7,6.1,187,0.0,0.0,0,0.0,0.0,0,141308.00,0.00,0.00,208,12.57,2.89,0.00,-5.0,4.998,4.998,4.998,4.998,175
2022-02-06 07:33:22,2.8,5.2,182,0.0,0.0,0,0.0,0.0,0,141490.00,0.00,0.00,190,12.61,2.64,0.00,-5.0,4.998,4.998,4.998,4.998,72
2022-02-06 07:34:22,4.1,4.5,148,0.0,0.0,0,0.0,0.0,0,141638.00,0.00,0.00,188,12.61,2.62,0.00,-4.5,4.998,4.998,4.998,4.998,240
2022-02-06 07:35:22,2.8,6.0,225,0.0,0.0,0,0.0,0.0,0,141863.00,0.00,0.00,181,12.61,2.51,0.00,-5.0,4.998,4.998,4.998,4.998,210
2022-02-06 07:36:22,3.5,6.4,261,0.0,0.0,0,0.0,0.0,0,142124.00,0.00,0.00,187,12.61,2.60,0.00,-5.0,4.998,4.998,4.998,4.998,175
2022-02-06 07:37:22,3.2,4.7,208,0.0,0.0,0,0.0,0.0,0,142332.00,0.00,0.00,187,12.57,2.60,0.00,-5.0,4.998,4.998,4.998,4.998,176
2022-02-06 07:38:22,3.7,6.8,209,0.0,0.0,0,0.0,0.0,0,142541.00,0.00,0.00,197,12.61,2.74,0.00,-5.0,4.998,4.998,4.998,4.998,59
2022-02-06 07:39:22,5.7,9.0,350,0.0,0.0,0,0.0,0.0,0,142891.00,0.00,0.00,211,12.61,2.93,0.00,-5.0,4.998,4.998,4.998,4.998,213
2022-02-06 07:40:22,6.3,9.7,370,0.0,0.0,0,0.0,0.0,0,143261.00,0.00,0.00,188,12.61,2.62,0.00,-5.0,4.998,4.998,4.998,4.998,67
2022-02-06 07:41:22,4.0,6.5,223,0.0,0.0,0,0.0,0.0,0,143484.00,0.00,0.00,196,12.57,2.73,0.00,-5.0,4.998,4.998,4.998,4.998,116
2022-02-06 07:42:22,5.9,6.9,312,0.0,0.0,0,0.0,0.0,0,143796.00,0.00,0.00,182,12.61,2.52,0.00,-4.5,4.998,4.998,4.998,4.998,125
2022-02-06 07:43:22,3.6,7.6,286,0.0,0.0,0,0.0,0.0,0,144082.00,0.00,0.00,198,12.61,2.75,0.00,-5.0,4.998,4.998,4.998,4.998,119
2022-02-06 07:44:22,1.9,5.8,161,0.0,0.0,0,0.0,0.0,0,144243.00,0.00,0.00,193,12.61,2.69,0.00,-5.0,4.998,4.998,4.998,4.998,153
2022-02-06 07:45:22,5.2,7.4,254,0.0,0.0,0,0.0,0.0,0,144497.00,0.00,0.00,214,12.57,2.97,0.00,-5.0,4.998,4.998,4.998,4.998,93
2022-02-06 07:46:22,5.9,6.9,263,0.0,0.0,0,0.0,0.0,0,144760.00,0.00,0.00,171,12.61,2.38,0.00,-5.0,4.998,4.998,4.998,4.998,154
2022-02-06 07:47:22,2.7,7.6,294,0.0,0.0,0,0.0,0.0,0,145054.00,0.00,0.00,161,12.57,2.23,0.00,-5.0,4.998,4.998,4.998,4.998,164
2022-02-06 07:48:22,5.2,7.6,292,0.0,0.0,0,0.0,0.0,0,145346.00,0.00,0.00,174,12.61,2.42,0.00,-5.0,4.998,4.998,4.998,4.998,114
2022-02-06 07:49:22,4.9,7.5,305,0.0,0.0,0,0.0,0.0,0,145651.00,0.00,0.00,192,12.61,2.67,0.00,-4.5,4.998,4.998,4.998,4.998,149
2022-02-06 07:50:22,3.1,8.0,324,0.0,0.0,0,0.0,0.0,0,145975.00,0.00,0.00,184,12.61,2.56,0.00,-4.5,4.998,4.998,4.998,4.998,14
2022-02-06 07:51:22,3.2,3.7,148,0.0,0.0,0,0.0,0.0,0,146123.00,0.00,0.00,185,12.61,2.57,0.00,-5.0,4.998,4.998,4.998,4.998,220
2022-02-06 07:52:22,3.4,5.7,224,0.0,0.0,0,0.0,0.0,0,146347.00,0.00,0.00,163,12.57,2.27,0.00,-4.5,4.998,4.998,4.998,4.998,139
2022-02-06 07:53:22,5.3,6.6,223,0.0,0.0,0,0.0,0.0,0,146570.00,0.00,0.00,191,12.57,2.66,0.00,-4.5,4.998,4.998,4.998,4.998,102
2022-02-06 07:54:22,2.9,5.6,226,0.0,0.0,0,0.0,0.0,0,146796.00,0.00,0.00,175,12.57,2.43,0.00,-5.0,4.998,4.998,4.998,4.998,165
2022-02-06 07:55:22,4.8,8.2,316,0.0,0.0,0,0.0,0.0,0,147112.00,0.00,0.00,188,12.57,2.61,0.00,-5.0,4.998,4.998,4.998,4.998,223
2022-02-06 07:56:22,5.3,5.3,258,0.0,0.0,0,0.0,0.0,0,147370.00,0.00,0.00,187,12.61,2.60,0.00,-4.5,4.998,4.998,4.998,4.998,240
2022-02-06 07:57:22,4.8,7.0,285,0.0,0.0,0,0.0,0.0,0,147655.00,0.00,0.00,174,12.57,2.41,0.00,-4.5,4.998,4.998,4.998,4.998,162
2022-02-06 07:58:22,5.6,8.4,298,0.0,0.0,0,0.0,0.0,0,147953.00,0.00,0.00,164,12.61,2.28,0.00,-5.0,4.998,4.998,4.998,4.998,183
2022-02-06 07:59:22,4.1,7.6,352,0.0,0.0,0,0.0,0.0,0,148305.00,0.00,0.00,169,12.57,2.35,0.00,-4.5,4.998,4.998,4.998,4.998,49
2022-02-06 08:00:22,6.0,6.4,245,0.0,0.0,0,0.0,0.0,0,148550.00,0.00,0.00,204,12.61,2.84,0.00,-4.5,4.998,4.998,4.998,4.998,148
2022-02-06 08:01:22,4.1,8.4,303,0.0,0.0,0,0.0,0.0,0,148853.00,0.00,0.00,168,12.61,2.34,0.00,-5.0,4.998,4.998,4.998,4.998,144
2022-02-06 08:02:22,3.0,5.9,234,0.0,0.0,0,0.0,0.0,0,149087.00,0.00,0.00,182,12.57,2.53,0.00,-4.5,4.998,4.998,4.998,4.998,121
2022-02-06 08:03:22,7.4,8.9,359,0.0,0.0,0,0.0,0.0,0,149446.00,0.00,0.00,171,12.61,2.37,0.00,-4.5,4.998,4.998,4.998,4.998,86
2022-02-06 08:04:22,5.5,8.3,332,0.0,0.0,0,0.0,0.0,0,149778.00,0.00,0.00,162,12.57,2.25,0.00,-4.5,4.998,4.998,4.998,4.998,184
2022-02-06 08:05:22,3.2,6.5,266,0.0,0.0,0,0.0,0.0,0,150044.00,0.00,0.00,162,12.57,2.25,0.00,-4.5,4.998,4.998,4.998,4.998,67
2022-02-06 08:06:22,5.0,8.1,298,0.0,0.0,0,0.0,0.0,0,150342.00,0.00,0.00,154,12.61,2.14,0.00,-4.5,4.998,4.998,4.998,4.998,160
2022-02-06 08:07:22,2.9,6.3,246,0.0,0.0,0,0.0,0.0,0,150588.00,0.00,0.00,157,12.57,2.19,0.00,-4.5,4.998,4.998,4.998,4.998,176
2022-02-06 08:08:22,4.5,6.9,217,0.0,0.0,0,0.0,0.0,0,150805.00,0.00,0.00,183,12.57,2.54,0.00,-5.0,4.998,4.998,4.998,4.998,237
2022-02-06 08:09:22,4.2,8.3,375,0.0,0.0,0,0.0,0.0,0,151180.00,0.00,0.00,182,12.57,2.53,0.00,-4.5,4.998,4.998,4.998,4.998,102
2022-02-06 08:10:22,7.3,9.6,363,0.0,0.0,0,0.0,0.0,0,151543.00,0.00,0.00,182,12.57,2.53,0.00,-4.5,4.998,4.998,4.998,4.998,143
2022-02-06 08:11:22,2.8,8.1,295,0.0,0.0,0,0.0,0.0,0,151838.00,0.00,0.00,176,12.57,2.44,0.00,-5.0,4.998,4.998,4.998,4.998,41
2022-02-06 08:12:22,3.7,5.3,212,0.0,0.0,0,0.0,0.0,0,152050.00,0.00,0.00,163,12.57,2.27,0.00,-5.0,4.998,4.998,4.998,4.998,214
2022-02-06 08:13:22,4.1,5.1,163,0.0,0.0,0,0.0,0.0,0,152213.00,0.00,0.00,160,12.57,2.23,0.00,-5.0,4.998,4.998,4.998,4.998,69
2022-02-06 08:14:22,4.4,5.9,258,0.0,0.0,0,0.0,0.0,0,152471.00,0.00,0.00,181,12.57,2.52,0.00,-5.0,4.998,4.998,4.998,4.998,74
2022-02-06 08:15:22,1.8,4.5,169,0.0,0.0,0,0.0,0.0,0,152640.00,0.00,0.00,170,12.57,2.36,0.00,-5.0,4.998,4.998,4.998,4.998,83
2022-02-06 08:16:22,5.7,7.1,261,0.0,0.0,0,0.0,0.0,0,152901.00,0.00,0.00,162,12.57,2.25,0.00,-5.0,4.998,4.998,4.998,4.998,0
2022-02-06 08:17:22,4.2,9.8,386,0.0,0.0,0,0.0,0.0,0,153287.00,0.00,0.00,172,12.57,2.40,0.00,-4.5,4.998,4.998,4.998,4.998,103
2022-02-06 08:18:22,5.5,5.5,199,0.0,0.0,0,0.0,0.0,0,153486.00,0.00,0.00,188,12.57,2.61,0.00,-5.0,4.998,4.998,4.998,4.998,142
2022-02-06 08:19:22,5.1,6.5,293,0.0,0.0,0,0.0,0.0,0,153779.00,0.00,0.00,182,12.57,2.52,0.00,-4.5,4.998,4.998,4.998,4.998,128
2022-02-06 08:20:22,5.4,8.8,304,0.0,0.0,0,0.0,0.0,0,154083.00,0.00,0.00,178,12.57,2.48,0.00,-4.5,4.998,4.998,4.998,4.998,197
2022-02-06 08:21:22,3.9,6.5,226,0.0,0.0,0,0.0,0.0,0,154309.00,0.00,0.00,188,12.57,2.61,0.00,-5.0,4.998,4.998,4.998,4.998,9
2022-02-06 08:22:22,4.0,5.0,194,0.0,0.0,0,0.0,0.0,0,154503.00,0.00,0.00,159,12.57,2.21,0.00,-4.5,4.998,4.998,4.998,4.998,107
2022-02-06 08:23:22,3.4,5.6,244,0.0,0.0,0,0.0,0.0,0,154747.00,0.00,0.00,163,12.57,2.26,0.00,-4.5,4.998,4.998,4.998,4.998,35
2022-02-06 08:24:22,3.5,4.5,185,0.0,0.0,0,0.0,0.0,0,154932.00,0.00,0.00,187,12.57,2.60,0.00,-5.0,4.998,4.998,4.998,4.998,25
2022-02-06 08:25:22,4.9,5.2,141,0.0,0.0,0,0.0,0.0,0,155073.00,0.00,0.00,174,12.61,2.42,0.00,-4.5,4.998,4.998,4.998,4.998,226
2022-02-06 08:26:22,4.9,5.9,261,0.0,0.0,0,0.0,0.0,0,155334.00,0.00,0.00,189,12.57,2.62,0.00,-5.0,4.998,4.998,4.998,4.998,37
2022-02-06 08:27:22,2.6,6.1,222,0.0,0.0,0,0.0,0.0,0,155556.00,0.00,0.00,175,12.61,2.43,0.00,-4.5,4.998,4.998,4.998,4.998,18
2022-02-06 08:28:22,5.0,5.2,181,0.0,0.0,0,0.0,0.0,0,155737.00,0.00,0.00,153,12.57,2.13,0.00,-5.0,4.998,4.998,4.998,4.998,26
2022-02-06 08:29:22,5.6,6.3,272,0.0,0.0,0,0.0,0.0,0,156009.00,0.00,0.00,172,12.61,2.39,0.00,-5.0,4.998,4.998,4.998,4.998,116
2022-02-06 08:30:22,4.5,7.5,273,0.0,0.0,0,0.0,0.0,0,156282.00,0.00,0.00,170,12.61,2.37,0.00,-4.5,4.998,4.998,4.998,4.998,216
2022-02-06 08:31:22,1.9,4.8,151,0.0,0.0,0,0.0,0.0,0,156433.00,0.00,0.00,171,12.57,2.37,0.00,-4.5,4.998,4.998,4.998,4.998,7
2022-02-06 08:32:22,3.4,6.7,189,0.0,0.0,0,0.0,0.0,0,156622.00,0.00,0.00,169,12.61,2.35,0.00,-4.5,4.998,4.998,4.998,4.998,150
2022-02-06 08:33:22,3.6,5.8,224,0.0,0.0,0,0.0,0.0,0,156846.00,0.00,0.00,198,12.61,2.76,0.00,-4.5,4.998,4.998,4.998,4.998,47
2022-02-06 08:34:22,5.6,6.1,302,0.0,0.0,0,0.0,0.0,0,157148.00,0.00,0.00,196,12.57,2.72,0.00,-5.0,4.998,4.998,4.998,4.998,186
2022-02-06 08:35:22,6.2,8.7,355,0.0,0.0,0,0.0,0.0,0,157503.00,0.00,0.00,185,12.57,2.57,0.00,-4.1,4.998,4.998,4.998,4.998,96
2022-02-06 08:36:22,4.7,8.7,382,0.0,0.0,0,0.0,0.0,0,157885.00,0.00,0.00,173,12.61,2.40,0.00,-4.5,4.998,4.998,4.998,4.998,17
2022-02-06 08:37:22,3.7,5.6,244,0.0,0.0,0,0.0,0.0,0,158129.00,0.00,0.00,167,12.57,2.32,0.00,-4.5,4.998,4.998,4.998,4.998,230
2022-02-06 08:38:22,5.0,6.3,297,0.0,0.0,0,0.0,0.0,0,158426.00,0.00,0.00,180,12.61,2.50,0.00,-4.5,4.998,4.998,4.998,4.998,33
2022-02-06 08:39:22,2.9,8.0,309,0.0,0.0,0,0.0,0.0,0,158735.00,0.00,0.00,189,12.61,2.63,0.00,-4.5,4.998,4.998,4.998,4.998,125
2022-02-06 08:40:22,6.0,6.6,241,0.0,0.0,0,0.0,0.0,0,158976.00,0.00,0.00,144,12.61,2.00,0.00,-4.5,4.998,4.998,4.998,4.998,21
2022-02-06 08:41:22,4.3,7.0,328,0.0,0.0,0,0.0,0.0,0,159304.00,0.00,0.00,176,12.61,2.45,0.00,-4.5,4.998,4.998,4.998,4.998,72
2022-02-06 08:42:22,5.4,6.2,239,0.0,0.0,0,0.0,0.0,0,159543.00,0.00,0.00,173,12.61,2.40,0.00,-4.5,4.998,4.998,4.998,4.998,217
2022-02-06 08:43:22,3.1,6.5,232,0.0,0.0,0,0.0,0.0,0,159775.00,0.00,0.00,172,12.61,2.39,0.00,-5.0,4.998,4.998,4.998,4.998,139
2022-02-06 08:44:22,4.7,6.2,233,0.0,0.0,0,0.0,0.0,0,160008.00,0.00,0.00,173,12.61,2.41,0.00,-5.0,4.998,4.998,4.998,4.998,210
2022-02-06 08:45:22,4.7,6.3,250,0.0,0.0,0,0.0,0.0,0,160258.00,0.00,0.00,171,12.65,2.38,0.00,-4.5,4.998,4.998,4.998,4.998,25
2022-02-06 08:46:22,3.7,5.5,248,0.0,0.0,0,0.0,0.0,0,160506.00,0.00,0.00,189,12.61,2.63,0.00,-4.5,4.998,4.998,4.998,4.998,138
2022-02-06 08:47:22,3.4,6.2,254,0.0,0.0,0,0.0,0.0,0,160760.00,0.00,0.00,184,12.61,2.56,0.00,-4.5,4.998,4.998,4.998,4.998,216
2022-02-06 08:48:22,4.2,6.6,291,0.0,0.0,0,0.0,0.0,0,161051.00,0.00,0.00,205,12.61,2.85,0.00,-4.5,4.998,4.998,4.998,4.998,95
2022-02-06 08:49:22,3.0,5.7,241,0.0,0.0,0,0.0,0.0,0,161292.00,0.00,0.00,163,12.61,2.26,0.00,-4.1,4.998,4.998,4.998,4.998,98
2022-02-06 08:50:22,3.7,5.3,223,0.0,0.0,0,0.0,0.0,0,161515.00,0.00,0.00,191,12.61,2.66,0.00,-4.5,4.998,4.998,4.998,4.998,62
2022-02-06 08:51:22,3.1,4.2,187,0.0,0.0,0,0.0,0.0,0,161702.00,0.00,0.00,175,12.61,2.43,0.00,-4.5,4.998,4.998,4.998,4.998,148
2022-02-06 08:52:22,4.8,8.3,345,0.0,0.0,0,0.0,0.0,0,162047.00,0.00,0.00,189,12.61,2.63,0.00,-4.1,4.998,4.998,4.998,4.998,171
2022-02-06 08:53:22,9.7,10.3,348,0.0,0.0,0,0.0,0.0,0,162395.00,0.00,0.00,156,12.65,2.17,0.00,-4.1,4.998,4.998,4.998,4.998,30
2022-02-06 08:54:22,4.5,10.5,367,0.0,0.0,0,0.0,0.0,0,162762.00,0.00,0.00,196,12.65,2.72,0.00,-4.1,4.998,4.998,4.998,4.998,147
2022-02-06 08:55:22,5.2,7.6,310,0.0,0.0,0,0.0,0.0,0,163072.00,0.00,0.00,174,12.65,2.42,0.00,-4.1,4.998,4.998,4.998,4.998,235
2022-02-06 08:56:22,3.0,6.0,298,0.0,0.0,0,0.0,0.0,0,163370.00,0.00,0.00,162,12.65,2.25,0.00,-4.5,4.998,4.998,4.998,4.998,217
2022-02-06 08:57:22,2.4,5.7,227,0.0,0.0,0,0.0,0.0,0,163597.00,0.00,0.00,173,12.65,2.40,0.00,-4.1,4.998,4.998,4.998,4.998,171
2022-02-06 08:58:22,4.8,7.9,301,0.0,0.0,0,0.0,0.0,0,163898.00,0.00,0.00,170,12.65,2.36,0.00,-4.1,4.998,4.998,4.998,4.998,98
2022-02-06 08:59:22,3.5,4.8,154,0.0,0.0,0,0.0,0.0,0,164052.00,0.00,0.00,178,12.65,2.48,0.00,-4.5,4.998,4.998,4.998,4.998,5
2022-02-06 09:00:22,3.0,6.8,294,0.0,0.0,0,0.0,0.0,0,164346.00,0.00,0.00,183,12.65,2.54,0.00,-4.5,4.998,4.998,4.998,4.998,108
2022-02-06 09:01:22,5.0,5.0,163,0.0,0.0,0,0.0,0.0,0,164509.00,0.00,0.00,197,12.65,2.73,0.00,-4.5,4.998,4.998,4.998,4.998,6
2022-02-06 09:02:22,5.3,6.2,206,0.0,0.0,0,0.0,0.0,0,164715.00,0.00,0.00,201,12.69,2.79,0.00,-4.5,4.998,4.998,4.998,4.998,131
2022-02-06 09:03:22,3.9,6.9,237,0.0,0.0,0,0.0,0.0,0,164952.00,0.00,0.00,183,12.69,2.54,0.00,-4.1,4.998,4.998,4.998,4.998,136
2022-02-06 09:04:22,4.2,7.4,270,0.0,0.0,0,0.0,0.0,0,165222.00,0.00,0.00,173,12.69,2.40,0.00,-4.1,4.998,4.998,4.998,4.998,228
2022-02-06 09:05:22,4.2,5.6,243,0.0,0.0,0,0.0,0.0,0,165465.00,0.00,0.00,187,12.65,2.60,0.00,-4.1,4.998,4.998,4.998,4.998,42
2022-02-06 09:06:22,5.9,7.0,293,0.0,0.0,0,0.0,0.0,0,165758.00,0.00,0.00,150,12.69,2.08,0.00,-4.1,4.998,4.998,4.998,4.998,103
2022-02-06 09:07:22,5.2,6.8,312,0.0,0.0,0,0.0,0.0,0,166070.00,0.00,0.00,184,12.69,2.56,0.00,-3.6,4.998,4.998,4.998,4.998,149
2022-02-06 09:08:22,6.1,7.4,271,0.0,0.0,0,0.0,0.0,0,166341.00,0.00,0.00,153,12.69,2.13,0.00,-3.6,4.998,4.998,4.998,4.998,187
2022-02-06 09:09:22,5.0,8.0,349,0.0,0.0,0,0.0,0.0,0,166690.00,0.00,0.00,191,12.69,2.65,0.00,-4.1,4.998,4.998,4.998,4.998,248
2022-02-06 09:10:22,5.4,9.1,353,0.0,0.0,0,0.0,0.0,0,167043.00,0.00,0.00,171,12.69,2.38,0.00,-3.6,4.998,4.998,4.998,4.998,36
2022-02-06 09:11:22,3.9,9.6,423,0.0,0.0,0,0.0,0.0,0,167466.00,0.00,0.00,192,12.69,2.67,0.00,-4.1,4.998,4.998,4.998,4.998,12
2022-02-06 09:12:22,6.6,10.0,373,0.0,0.0,0,0.0,0.0,0,167839.00,0.00,0.00,158,12.69,2.20,0.00,-3.6,4.998,4.998,4.998,4.998,111
2022-02-06 09:13:22,6.3,8.1,367,0.0,0.0,0,0.0,0.0,0,168206.00,0.00,0.00,161,12.73,2.23,0.00,-3.6,4.998,4.998,4.998,4.998,44
2022-02-06 09:14:22,4.7,7.4,324,0.0,0.0,0,0.0,0.0,0,168530.00,0.00,0.00,206,12.73,2.87,0.00,-3.6,4.998,4.998,4.998,4.998,39
2022-02-06 09:15:22,4.6,9.5,382,0.0,0.0,0,0.0,0.0,0,168912.00,0.00,0.00,180,12.73,2.50,0.00,-3.6,4.998,4.998,4.998,4.998,76
2022-02-06 09:16:22,4.5,6.4,278,0.0,0.0,0,0.0,0.0,0,169190.00,0.00,0.00,146,12.73,2.03,0.00,-3.6,4.998,4.998,4.998,4.998,59
2022-02-06 09:17:22,6.0,7.8,340,0.0,0.0,0,0.0,0.0,0,169530.00,0.00,0.00,154,12.73,2.14,0.00,-3.6,4.998,4.998,4.998,4.998,253
2022-02-06 09:18:22,5.6,10.1,376,0.0,0.0,0,0.0,0.0,0,169906.00,0.00,0.00,186,12.73,2.59,0.00,-3.6,4.998,4.998,4.998,4.998,16
2022-02-06 09:19:22,4.7,7.4,340,0.0,0.0,0,0.0,0.0,0,170246.00,0.00,0.00,201,12.73,2.79,0.00,-3.6,4.998,4.998,4.998,4.998,48
2022-02-06 09:20:22,6.2,7.5,304,0.0,0.0,0,0.0,0.0,0,170550.00,0.00,0.00,185,12.77,2.57,0.00,-3.6,4.998,4.998,4.998,4.998,155
2022-02-06 09:21:22,8.0,10.5,426,0.0,0.0,0,0.0,0.0,0,170976.00,0.00,0.00,191,12.77,2.65,0.00,-3.6,4.998,4.998,4.998,4.998,152
2022-02-06 09:22:22,7.4,10.0,414,0.0,0.0,0,0.0,0.0,0,171390.00,0.00,0.00,196,12.77,2.72,0.00,-3.6,4.998,4.998,4.998,4.998,27
2022-02-06 09:23:22,3.8,8.9,397,0.0,0.0,0,0.0,0.0,0,171787.00,0.00,0.00,196,12.77,2.72,0.00,-3.6,4.998,4.998,4.998,4.998,47
2022-02-06 09:24:22,5.5,7.6,320,0.0,0.0,0,0.0,0.0,0,172107.00,0.00,0.00,166,12.77,2.31,0.00,-3.6,4.998,4.998,4.998,4.998,233
2022-02-06 09:25:22,4.1,6.0,264,0.0,0.0,0,0.0,0.0,0,172371.00,0.00,0.00,196,12.77,2.72,0.00,-3.6,4.998,4.998,4.998,4.998,162
2022-02-06 09:26:22,6.3,7.2,242,0.0,0.0,0,0.0,0.0,0,172613.00,0.00,0.00,162,12.77,2.25,0.00,-3.6,4.998,4.998,4.998,4.998,94
2022-02-06 09:27:22,4.1,9.4,351,0.0,0.0,0,0.0,0.0,0,172964.00,0.00,0.00,177,12.81,2.47,0.00,-3.6,4.998,4.998,4.998,4.998,70
2022-02-06 09:28:22,6.9,8.2,362,0.0,0.0,0,0.0,0.0,0,173326.00,0.00,0.00,213,12.81,2.96,0.00,-3.1,4.998,4.998,4.998,4.998,217
2022-02-06 09:29:22,4.9,6.9,281,0.0,0.0,0,0.0,0.0,0,173607.00,0.00,0.00,178,12.81,2.47,0.00,-3.1,4.998,4.998,4.998,4.998,92
2022-02-06 09:30:22,7.4,11.1,459,0.0,0.0,0,0.0,0.0,0,174066.00,0.00,0.00,206,12.85,2.86,0.00,-3.1,4.998,4.998,4.998,4.998,199
2022-02-06 09:31:22,4.9,9.4,276,0.0,0.0,0,0.0,0.0,0,174342.00,0.00,0.00,194,12.85,2.69,0.00,-3.1,4.998,4.998,4.998,4.998,95
2022-02-06 09:32:22,7.1,11.0,382,0.0,0.0,0,0.0,0.0,0,174724.00,0.00,0.00,203,12.85,2.82,0.00,-3.1,4.998,4.998,4.998,4.998,252
2022-02-06 09:33:22,7.2,8.0,371,0.0,0.0,0,0.0,0.0,0,175095.00,0.00,0.00,156,12.85,2.16,0.00,-2.6,4.998,4.998,4.998,4.998,91
2022-02-06 09:34:22,5.9,8.6,330,0.0,0.0,0,0.0,0.0,0,175425.00,0.00,0.00,174,12.85,2.42,0.00,-2.6,4.998,4.998,4.998,4.998,229
2022-02-06 09:35:22,4.2,10.3,443,0.0,0.0,0,0.0,0.0,0,175868.00,0.00,0.00,172,12.85,2.39,0.00,-3.1,4.998,4.998,4.998,4.998,105
2022-02-06 09:36:22,6.0,7.8,310,0.0,0.0,0,0.0,0.0,0,176178.00,0.00,0.00,192,12.85,2.67,0.00,-2.6,4.998,4.998,4.998,4.998,69
2022-02-06 09:37:22,6.6,13.0,475,0.0,0.0,0,0.0,0.0,0,176653.00,0.00,0.00,170,12.89,2.37,0.00,-2.6,4.998,4.998,4.998,4.998,88
2022-02-06 09:38:22,4.5,8.1,349,0.0,0.0,0,0.0,0.0,0,177002.00,0.00,0.00,182,12.89,2.53,0.00,-3.1,4.998,4.998,4.998,4.998,66
2022-02-06 09:39:22,11.1,12.1,382,0.0,0.0,0,0.0,0.0,0,177384.00,0.00,0.00,189,12.89,2.62,0.00,-2.6,4.998,4.998,4.998,4.998,238
2022-02-06 09:40:22,5.0,11.3,465,0.0,0.0,0,0.0,0.0,0,177849.00,0.00,0.00,198,12.89,2.75,0.00,-3.1,4.998,4.998,4.998,4.998,53
2022-02-06 09:41:22,6.3,12.0,541,0.0,0.0,0,0.0,0.0,0,178390.00,0.00,0.00,179,12.89,2.49,0.00,-3.1,4.998,4.998,4.998,4.998,102
2022-02-06 09:42:22,7.1,9.6,378,0.0,0.0,0,0.0,0.0,0,178768.00,0.00,0.00,179,12.89,2.49,0.00,-2.6,4.998,4.998,4.998,4.998,29
2022-02-06 09:43:22,4.0,10.3,425,0.0,0.0,0,0.0,0.0,0,179193.00,0.00,0.00,183,12.89,2.54,0.00,-3.1,4.998,4.998,4.998,4.998,251
2022-02-06 09:44:22,4.8,11.4,438,0.0,0.0,0,0.0,0.0,0,179631.00,0.00,0.00,166,12.92,2.31,0.00,-3.1,4.998,4.998,4.998,4.998,225
2022-02-06 09:45:22,3.8,10.5,402,0.0,0.0,0,0.0,0.0,0,180033.00,0.00,0.00,179,12.89,2.49,0.00,-2.6,4.998,4.998,4.998,4.998,5
2022-02-06 09:46:22,6.5,8.0,253,0.0,0.0,0,0.0,0.0,0,180286.00,0.00,0.00,158,12.92,2.20,0.00,-2.6,4.998,4.998,4.998,4.998,190
2022-02-06 09:47:22,5.2,10.1,384,0.0,0.0,0,0.0,0.0,0,180670.00,0.00,0.00,163,12.92,2.27,0.00,-2.6,4.998,4.998,4.998,4.998,2
2022-02-06 09:48:22,5.4,9.3,435,0.0,0.0,0,0.0,0.0,0,181105.00,0.00,0.00,156,12.92,2.16,0.00,-3.1,4.998,4.998,4.998,4.998,226
2022-02-06 09:49:22,5.5,7.4,323,0.0,0.0,0,0.0,0.0,0,181428.00,0.00,0.00,169,12.92,2.35,0.00,-2.6,4.998,4.998,4.998,4.998,205
2022-02-06 09:50:22,4.5,7.4,301,0.0,0.0,0,0.0,0.0,0,181729.00,0.00,0.00,188,12.92,2.61,0.00,-3.1,4.998,4.998,4.998,4.998,115
2022-02-06 09:51:22,4.9,7.2,293,0.0,0.0,0,0.0,0.0,0,182022.00,0.00,0.00,170,12.92,2.36,0.00,-2.6,4.998,4.998,4.998,4.998,95
2022-02-06 09:52:22,4.6,9.7,405,0.0,0.0,0,0.0,0.0,0,182427.00,0.00,0.00,189,12.92,2.62,0.00,-2.6,4.998,4.998,4.998,4.998,148
2022-02-06 09:53:22,5.7,11.7,469,0.0,0.0,0,0.0,0.0,0,182896.00,0.00,0.00,159,12.92,2.21,0.00,-2.6,4.998,4.998,4.998,4.998,129
2022-02-06 09:54:22,3.7,9.1,365,0.0,0.0,0,0.0,0.0,0,183261.00,0.00,0.00,207,12.96,2.87,0.00,-2.1,4.998,4.998,4.998,4.998,2
2022-02-06 09:55:22,8.3,10.6,262,0.0,0.0,0,0.0,0.0,0,183523.00,0.00,0.00,163,12.96,2.27,0.00,-2.6,4.998,4.998,4.998,4.998,167
2022-02-06 09:56:22,7.9,15.5,571,0.0,0.0,0,0.0,0.0,0,184094.00,0.00,0.00,146,12.96,2.03,0.00,-3.1,4.998,4.998,4.998,4.998,31
2022-02-06 09:57:22,11.7,13.4,358,0.0,0.0,0,0.0,0.0,0,184452.00,0.00,0.00,176,12.96,2.45,0.00,-2.6,4.998,4.998,4.998,4.998,18
2022-02-06 09:58:22,8.0,12.1,496,0.0,0.0,0,0.0,0.0,0,184948.00,0.00,0.00,203,12.92,2.82,0.00,-2.6,4.998,4.998,4.998,4.998,33
2022-02-06 09:59:22,4.4,9.8,434,0.0,0.0,0,0.0,0.0,0,185382.00,0.00,0.00,182,12.96,2.53,0.00,-2.6,4.998,4.998,4.998,4.998,42
2022-02-06 10:00:22,5.4,7.0,270,0.0,0.0,0,0.0,0.0,0,185652.00,0.00,0.00,194,12.96,2.69,0.00,-2.1,4.998,4.998,4.998,4.998,119
2022-02-06 10:01:22,7.2,11.4,453,0.0,0.0,0,0.0,0.0,0,186105.00,0.00,0.00,188,12.96,2.61,0.00,-2.6,4.998,4.998,4.998,4.998,60
2022-02-06 10:02:22,6.2,10.1,355,0.0,0.0,0,0.0,0.0,0,186460.00,0.00,0.00,171,12.96,2.38,0.00,-2.6,4.998,4.998,4.998,4.998,84
2022-02-06 10:03:22,6.1,10.9,401,0.0,0.0,0,0.0,0.0,0,186861.00,0.00,0.00,185,12.96,2.57,0.00,-2.6,4.998,4.998,4.998,4.998,229
2022-02-06 10:04:22,7.7,8.3,376,0.0,0.0,0,0.0,0.0,0,187237.00,0.00,0.00,146,12.96,2.03,0.00,-2.6,4.998,4.998,4.998,4.998,18
2022-02-06 10:05:22,10.7,13.5,562,0.0,0.0,0,0.0,0.0,0,187799.00,0.00,0.00,172,12.96,2.39,0.00,-2.6,4.998,4.998,4.998,4.998,145
2022-02-06 10:06:22,6.4,12.5,438,0.0,0.0,0,0.0,0.0,0,188237.00,0.00,0.00,187,12.96,2.60,0.00,-2.6,4.998,4.998,4.998,4.998,37
2022-02-06 10:07:22,8.4,14.5,524,0.0,0.0,0,0.0,0.0,0,188761.00,0.00,0.00,163,12.96,2.26,0.00,-2.6,4.998,4.998,4.998,4.998,232
2022-02-06 10:08:22,7.8,12.9,605,0.0,0.0,0,0.0,0.0,0,189366.00,0.00,0.00,198,12.96,2.76,0.00,-2.6,4.998,4.998,4.998,4.998,102
2022-02-06 10:09:22,3.6,9.4,359,0.0,0.0,0,0.0,0.0,0,189725.00,0.00,0.00,178,13.00,2.47,0.00,-2.1,4.998,4.998,4.998,4.998,215
2022-02-06 10:10:22,5.9,7.1,298,0.0,0.0,0,0.0,0.0,0,190023.00,0.00,0.00,167,13.00,2.32,0.00,-2.6,4.998,4.998,4.998,4.998,52
2022-02-06 10:11:22,4.4,6.9,240,0.0,0.0,0,0.0,0.0,0,190263.00,0.00,0.00,162,13.00,2.25,0.00,-2.6,4.998,4.998,4.998,4.998,80
2022-02-06 10:12:22,10.0,10.0,301,0.0,0.0,0,0.0,0.0,0,190564.00,0.00,0.00,155,13.00,2.15,0.00,-2.1,4.998,4.998,4.998,4.998,248
2022-02-06 10:13:22,5.2,10.1,353,0.0,0.0,0,0.0,0.0,0,190917.00,0.00,0.00,178,13.00,2.48,0.00,-2.1,4.998,4.998,4.998,4.998,177
2022-02-06 10:14:22,6.4,10.5,389,0.0,0.0,0,0.0,0.0,0,191306.00,0.00,0.00,174,13.04,2.42,0.00,-2.1,4.998,4.998,4.998,4.998,14
2022-02-06 10:15:22,4.1,8.1,367,0.0,0.0,0,0.0,0.0,0,191673.00,0.00,0.00,159,13.04,2.21,0.00,-2.1,4.998,4.998,4.998,4.998,47
2022-02-06 10:16:22,8.8,11.2,577,0.0,0.0,0,0.0,0.0,0,192250.00,0.00,0.00,168,13.04,2.33,0.00,-2.1,4.998,4.998,4.998,4.998,129
2022-02-06 10:17:22,3.8,9.1,368,0.0,0.0,0,0.0,0.0,0,192618.00,0.00,0.00,191,13.08,2.65,0.00,-2.1,4.998,4.998,4.998,4.998,190
2022-02-06 10:18:22,4.9,7.9,332,0.0,0.0,0,0.0,0.0,0,192950.00,0.00,0.00,191,13.04,2.66,0.00,-2.1,4.998,4.998,4.998,4.998,160
2022-02-06 10:19:22,8.5,13.1,604,0.0,0.0,0,0.0,0.0,0,193554.00,0.00,0.00,175,13.08,2.43,0.00,-2.1,4.998,4.998,4.998,4.998,56
2022-02-06 10:20:22,3.2,10.6,421,0.0,0.0,0,0.0,0.0,0,193975.00,0.00,0.00,159,13.08,2.21,0.00,-2.1,4.998,4.998,4.998,4.998,153
2022-02-06 10:21:22,8.6,12.5,422,0.0,0.0,0,0.0,0.0,0,194397.00,0.00,0.00,162,13.08,2.25,0.00,-2.1,4.998,4.998,4.998,4.998,248
2022-02-06 10:22:22,8.5,10.0,466,0.0,0.0,0,0.0,0.0,0,194863.00,0.00,0.00,180,13.12,2.49,0.00,-2.1,4.998,4.998,4.998,4.998,248
2022-02-06 10:23:22,5.7,11.1,427,0.0,0.0,0,0.0,0.0,0,195290.00,0.00,0.00,151,13.08,2.10,0.00,-1.6,4.998,4.998,4.998,4.998,155
2022-02-06 10:24:22,4.4,10.1,412,0.0,0.0,0,0.0,0.0,0,195702.00,0.00,0.00,159,13.12,2.21,0.00,-2.1,4.998,4.998,4.998,4.998,138
2022-02-06 10:25:22,4.2,9.3,301,0.0,0.0,0,0.0,0.0,0,196003.00,0.00,0.00,174,13.12,2.41,0.00,-2.1,4.998,4.998,4.998,4.998,126
2022-02-06 10:26:22,5.6,10.6,433,0.0,0.0,0,0.0,0.0,0,196436.00,0.00,0.00,179,13.12,2.49,0.00,-1.6,4.998,4.998,4.998,4.998,196
2022-02-06 10:27:22,8.2,9.2,293,0.0,0.0,0,0.0,0.0,0,196729.00,0.00,0.00,170,13.12,2.36,0.00,-1.6,4.998,4.998,4.998,4.998,51
2022-02-06 10:28:22,8.8,9.8,373,0.0,0.0,0,0.0,0.0,0,197102.00,0.00,0.00,170,13.12,2.36,0.00,-1.6,4.998,4.998,4.998,4.998,230
2022-02-06 10:29:22,5.4,11.3,398,0.0,0.0,0,0.0,0.0,0,197500.00,0.00,0.00,142,13.16,1.98,0.00,-1.6,4.998,4.998,4.998,4.998,145
2022-02-06 10:30:22,5.8,9.0,429,0.0,0.0,0,0.0,0.0,0,197929.00,0.00,0.00,154,13.12,2.14,0.00,-1.6,4.998,4.998,4.998,4.998,148
2022-02-06 10:31:22,10.0,11.8,352,0.0,0.0,0,0.0,0.0,0,198281.00,0.00,0.00,165,13.16,2.29,0.00,-2.1,4.998,4.998,4.998,4.998,12
2022-02-06 10:32:22,8.9,11.4,493,0.0,0.0,0,0.0,0.0,0,198774.00,0.00,0.00,168,13.16,2.33,0.00,-1.6,4.998,4.998,4.998,4.998,242
2022-02-06 10:33:22,8.8,9.7,439,0.0,0.0,0,0.0,0.0,0,199213.00,0.00,0.00,181,13.16,2.51,0.00,-1.6,4.998,4.998,4.998,4.998,220
2022-02-06 10:34:22,5.7,11.9,486,0.0,0.0,0,0.0,0.0,0,199699.00,0.00,0.00,169,13.16,2.35,0.00,-2.1,4.998,4.998,4.998,4.998,206
2022-02-06 10:35:22,5.1,8.0,334,0.0,0.0,0,0.0,0.0,0,200033.00,0.00,0.00,162,13.16,2.26,0.00,-1.6,4.998,4.998,4.998,4.998,230
2022-02-06 10:36:22,6.9,10.6,377,0.0,0.0,0,0.0,0.0,0,200410.00,0.00,0.00,174,13.16,2.42,0.00,-1.6,4.998,4.998,4.998,4.998,191
2022-02-06 10:37:22,4.9,9.6,421,0.0,0.0,0,0.0,0.0,0,200831.00,0.00,0.00,179,13.20,2.49,0.00,-1.6,4.998,4.998,4.998,4.998,146
2022-02-06 10:38:22,6.2,12.3,490,0.0,0.0,0,0.0,0.0,0,201321.00,0.00,0.00,121,13.20,1.69,0.00,-1.6,4.998,4.998,4.998,4.998,219
2022-02-06 10:39:22,5.2,7.8,301,0.0,0.0,0,0.0,0.0,0,201622.00,0.00,0.00,175,13.20,2.44,0.00,-1.6,4.998,4.998,4.998,4.998,160
2022-02-06 10:40:22,4.6,7.8,314,0.0,0.0,0,0.0,0.0,0,201936.00,0.00,0.00,177,13.20,2.46,0.00,-1.6,4.998,4.998,4.998,4.998,132
2022-02-06 10:41:22,8.6,11.6,507,0.0,0.0,0,0.0,0.0,0,202443.00,0.00,0.00,155,13.24,2.15,0.00,-1.6,4.998,4.998,4.998,4.998,128
2022-02-06 10:42:22,4.0,9.3,378,0.0,0.0,0,0.0,0.0,0,202821.00,0.00,0.00,208,13.24,2.90,0.00,-1.1,4.998,4.998,4.998,4.998,232
2022-02-06 10:43:22,10.4,10.7,436,0.0,0.0,0,0.0,0.0,0,203257.00,0.00,0.00,190,13.24,2.64,0.00,-1.1,4.998,4.998,4.998,4.998,134
2022-02-06 10:44:22,4.5,11.1,466,0.0,0.0,0,0.0,0.0,0,203723.00,0.00,0.00,147,13.24,2.04,0.00,-1.1,4.998,4.998,4.998,4.998,48
2022-02-06 10:45:22,5.5,10.8,407,0.0,0.0,0,0.0,0.0,0,204130.00,0.00,0.00,172,13.28,2.40,0.00,-1.1,4.998,4.998,4.998,4.998,180
2022-02-06 10:46:22,10.0,12.2,382,0.0,0.0,0,0.0,0.0,0,204512.00,0.00,0.00,181,13.24,2.51,0.00,-1.1,4.998,4.998,4.998,4.998,42
2022-02-06 10:47:22,10.6,14.6,680,0.0,0.0,0,0.0,0.0,0,205192.00,0.00,0.00,164,13.24,2.28,0.00,-1.1,4.998,4.998,4.998,4.998,242
2022-02-06 10:48:22,7.6,13.2,569,0.0,0.0,0,0.0,0.0,0,205761.00,0.00,0.00,164,13.28,2.28,0.00,-1.1,4.998,4.998,4.998,4.998,116
2022-02-06 10:49:22,7.5,10.6,450,0.0,0.0,0,0.0,0.0,0,206211.00,0.00,0.00,155,13.28,2.16,0.00,-1.1,4.998,4.998,4.998,4.998,250
2022-02-06 10:50:22,8.8,11.8,449,0.0,0.0,0,0.0,0.0,0,206660.00,0.00,0.00,162,13.28,2.26,0.00,-1.1,4.998,4.998,4.998,4.998,199
2022-02-06 10:51:22,4.2,10.3,384,0.0,0.0,0,0.0,0.0,0,207044.00,0.00,0.00,190,13.28,2.64,0.00,-1.1,4.998,4.998,4.998,4.998,71
2022-02-06 10:52:22,5.0,8.9,337,0.0,0.0,0,0.0,0.0,0,207381.00,0.00,0.00,142,13.32,1.97,0.00,-1.1,4.998,4.998,4.998,4.998,255
2022-02-06 10:53:22,6.2,7.7,244,0.0,0.0,0,0.0,0.0,0,207625.00,0.00,0.00,169,13.32,2.34,0.00,-1.1,4.998,4.998,4.998,4.998,209
2022-02-06 10:54:22,2.3,9.9,328,0.0,0.0,0,0.0,0.0,0,207953.00,0.00,0.00,181,13.32,2.51,0.00,-0.6,4.998,4.998,4.998,4.998,73
2022-02-06 10:55:22,4.5,5.5,212,0.0,0.0,0,0.0,0.0,0,208165.00,0.00,0.00,179,13.32,2.49,0.00,-0.6,4.998,4.998,4.998,4.998,185
2022-02-06 10:56:22,10.1,10.9,270,0.0,0.0,0,0.0,0.0,0,208435.00,0.00,0.00,172,13.32,2.39,0.00,-0.2,4.998,4.998,4.998,4.998,173
2022-02-06 10:57:22,9.3,13.4,468,0.0,0.0,0,0.0,0.0,0,208903.00,0.00,0.00,171,13.35,2.37,0.00,-0.6,4.998,4.998,4.998,4.998,21
2022-02-06 10:58:22,6.4,9.7,424,0.0,0.0,0,0.0,0.0,0,209327.00,0.00,0.00,156,13.35,2.17,0.00,-0.6,4.998,4.998,4.998,4.998,20
2022-02-06 10:59:22,8.3,13.0,456,0.0,0.0,0,0.0,0.0,0,209783.00,0.00,0.00,178,13.35,2.47,0.00,-0.6,4.998,4.998,4.998,4.998,56
2022-02-06 11:00:22,5.0,10.4,416,0.0,0.0,0,0.0,0.0,0,210199.00,0.00,0.00,192,13.39,2.67,0.00,-0.6,4.998,4.998,4.998,4.998,229
2022-02-06 11:01:22,5.9,6.5,275,0.0,0.0,0,0.0,0.0,0,210474.00,0.00,0.00,188,13.35,2.61,0.00,-0.2,4.998,4.998,4.998,4.998,18
2022-02-06 11:02:22,4.8,11.4,391,0.0,0.0,0,0.0,0.0,0,210865.00,0.00,0.00,164,13.32,2.29,0.00,-0.6,4.998,4.998,4.998,4.998,167
2022-02-06 11:03:22,9.1,10.7,250,0.0,0.0,0,0.0,0.0,0,211115.00,0.00,0.00,179,13.32,2.49,0.00,-0.2,4.998,4.998,4.998,4.998,164
2022-02-06 11:04:22,5.4,10.5,440,0.0,0.0,0,0.0,0.0,0,211555.00,0.00,0.00,159,13.32,2.21,0.00,-0.6,4.998,4.998,4.998,4.998,44
2022-02-06 11:05:22,6.1,7.2,345,0.0,0.0,0,0.0,0.0,0,211900.00,0.00,0.00,188,13.32,2.61,0.00,-0.2,4.998,4.998,4.998,4.998,147
2022-02-06 11:06:22,5.9,11.6,439,0.0,0.0,0,0.0,0.0,0,212339.00,0.00,0.00,205,13.32,2.85,0.00,-0.6,4.998,4.998,4.998,4.998,246
2022-02-06 11:07:22,11.5,11.5,487,0.0,0.0,0,0.0,0.0,0,212826.00,0.00,0.00,204,13.32,2.84,0.00,-0.2,4.998,4.998,4.998,4.998,15
2022-02-06 11:08:22,5.8,11.2,445,0.0,0.0,0,0.0,0.0,0,213271.00,0.00,0.00,205,13.32,2.85,0.00,-0.2,4.998,4.998,4.998,4.998,236
2022-02-06 11:09:22,8.4,9.4,455,0.0,0.0,0,0.0,0.0,0,213726.00,0.00,0.00,175,13.32,2.43,0.00,-0.2,4.998,4.998,4.998,4.998,250
2022-02-06 11:10:22,9.4,13.5,543,0.0,0.0,0,0.0,0.0,0,214269.00,0.00,0.00,206,13.35,2.86,0.00,-0.2,4.998,4.998,4.998,4.998,221
2022-02-06 11:11:22,4.8,12.1,410,0.0,0.0,0,0.0,0.0,0,214679.00,0.00,0.00,133,13.35,1.85,0.00,-0.2,4.998,4.998,4.998,4.998,213
2022-02-06 11:12:22,6.7,10.6,405,0.0,0.0,0,0.0,0.0,0,215084.00,0.00,0.00,164,13.35,2.29,0.00,-0.2,4.998,4.998,4.998,4.998,90
2022-02-06 11:13:22,7.7,9.5,348,0.0,0.0,0,0.0,0.0,0,215432.00,0.00,0.00,172,13.35,2.39,0.00,-0.2,4.998,4.998,4.998,4.998,0
2022-02-06 11:14:22,6.9,11.6,513,0.0,0.0,0,0.0,0.0,0,215945.00,0.00,0.00,185,13.39,2.57,0.00,-0.2,4.998,4.998,4.998,4.998,155
2022-02-06 11:15:22,6.5,8.9,473,0.0,0.0,0,0.0,0.0,0,216418.00,0.00,0.00,168,13.35,2.34,0.00,0.2,4.998,4.998,4.998,4.998,135
2022-02-06 11:16:22,7.6,9.3,392,0.0,0.0,0,0.0,0.0,0,216810.00,0.00,0.00,161,13.35,2.23,0.00,0.2,4.998,4.998,4.998,4.998,198
2022-02-06 11:17:22,6.8,8.5,385,0.0,0.0,0,0.0,0.0,0,217195.00,0.00,0.00,197,13.35,2.74,0.00,0.2,4.998,4.998,4.998,4.998,44
2022-02-06 11:18:22,4.3,9.2,335,0.0,0.0,0,0.0,0.0,0,217530.00,0.00,0.00,177,13.35,2.47,0.00,-0.2,4.998,4.998,4.998,4.998,60
2022-02-06 11:19:22,4.6,8.9,318,0.0,0.0,0,0.0,0.0,0,217848.00,0.00,0.00,172,13.35,2.39,0.00,-0.2,4.998,4.998,4.998,4.998,154
2022-02-06 11:20:22,5.7,10.2,319,0.0,0.0,0,0.0,0.0,0,218167.00,0.00,0.00,193,13.35,2.68,0.00,-0.2,4.998,4.998,4.998,4.998,202
2022-02-06 11:21:22,8.9,9.5,359,0.0,0.0,0,0.0,0.0,0,218526.00,0.00,0.00,189,13.35,2.63,0.00,-0.2,4.998,4.998,4.998,4.998,110
2022-02-06 11:22:22,7.7,10.1,372,0.0,0.0,0,0.0,0.0,0,218898.00,0.00,0.00,176,13.39,2.44,0.00,-0.2,4.998,4.998,4.998,4.998,193
2022-02-06 11:23:22,7.3,9.8,454,0.0,0.0,0,0.0,0.0,0,219352.00,0.00,0.00,161,13.39,2.24,0.00,0.2,4.998,4.998,4.998,4.998,209
2022-02-06 11:24:22,7.6,13.1,549,0.0,0.0,0,0.0,0.0,0,219901.00,0.00,0.00,149,13.39,2.08,0.00,-0.2,4.998,4.998,4.998,4.998,190
2022-02-06 11:25:22,5.7,9.2,403,0.0,0.0,0,0.0,0.0,0,220304.00,0.00,0.00,172,13.35,2.39,0.00,0.2,4.998,4.998,4.998,4.998,243
2022-02-06 11:26:22,3.3,7.6,338,0.0,0.0,0,0.0,0.0,0,220642.00,0.00,0.00,174,13.39,2.41,0.00,-0.2,4.998,4.998,4.998,4.998,198
2022-02-06 11:27:22,1.4,5.9,212,0.0,0.0,0,0.0,0.0,0,220854.00,0.00,0.00,192,13.39,2.67,0.00,-0.2,4.998,4.998,4.998,4.998,243
2022-02-06 11:28:22,6.0,7.7,286,0.0,0.0,0,0.0,0.0,0,221140.00,0.00,0.00,177,13.39,2.46,0.00,0.7,4.998,4.998,4.998,4.998,211
2022-02-06 11:29:22,7.1,9.3,403,0.0,0.0,0,0.0,0.0,0,221543.00,0.00,0.00,182,13.43,2.53,0.00,0.2,4.998,4.998,4.998,4.998,154
2022-02-06 11:30:22,7.6,10.3,436,0.0,0.0,0,0.0,0.0,0,221979.00,0.00,0.00,166,13.43,2.31,0.00,0.2,4.998,4.998,4.998,4.998,197
2022-02-06 11:31:22,5.5,8.6,287,0.0,0.0,0,0.0,0.0,0,222266.00,0.00,0.00,184,13.47,2.56,0.00,0.2,4.998,4.998,4.998,4.998,159
2022-02-06 11:32:22,11.3,12.7,449,0.0,0.0,0,0.0,0.0,0,222715.00,0.00,0.00,176,13.47,2.44,0.00,0.2,4.998,4.998,4.998,4.998,158
2022-02-06 11:33:22,5.7,11.9,377,0.0,0.0,0,0.0,0.0,0,223092.00,0.00,0.00,176,13.43,2.45,0.00,0.2,4.998,4.998,4.998,4.998,123
2022-02-06 11:34:22,4.5,9.6,320,0.0,0.0,0,0.0,0.0,0,223412.00,0.00,0.00,167,13.43,2.32,0.00,0.2,4.998,4.998,4.998,4.998,71
2022-02-06 11:35:22,5.4,8.1,314,0.0,0.0,0,0.0,0.0,0,223726.00,0.00,0.00,179,13.47,2.49,0.00,0.7,4.998,4.998,4.998,4.998,60
2022-02-06 11:36:22,8.2,12.3,558,0.0,0.0,0,0.0,0.0,0,224284.00,0.00,0.00,161,13.51,2.23,0.00,-0.2,4.998,4.998,4.998,4.998,93
2022-02-06 11:37:22,7.0,12.1,506,0.0,0.0,0,0.0,0.0,0,224790.00,0.00,0.00,185,13.51,2.57,0.00,0.7,4.998,4.998,4.998,4.998,158
2022-02-06 11:38:22,4.7,7.9,356,0.0,0.0,0,0.0,0.0,0,225146.00,0.00,0.00,187,13.55,2.59,0.00,1.2,4.998,4.998,4.998,4.998,58
2022-02-06 11:39:22,6.3,9.8,438,0.0,0.0,0,0.0,0.0,0,225584.00,0.00,0.00,165,13.55,2.29,0.00,0.7,4.998,4.998,4.998,4.998,1
2022-02-06 11:40:22,9.2,12.4,466,0.0,0.0,0,0.0,0.0,0,226050.00,0.00,0.00,161,13.55,2.24,0.00,0.7,4.998,4.998,4.998,4.998,60
2022-02-06 11:41:22,8.4,8.9,378,0.0,0.0,0,0.0,0.0,0,226428.00,0.00,0.00,184,13.55,2.55,0.00,0.7,4.998,4.998,4.998,4.998,206
2022-02-06 11:42:22,6.5,10.1,481,0.0,0.0,0,0.0,0.0,0,226909.00,0.00,0.00,154,13.55,2.14,0.00,0.7,4.998,4.998,4.998,4.998,112
2022-02-06 11:43:22,6.8,9.9,468,0.0,0.0,0,0.0,0.0,0,227377.00,0.00,0.00,151,13.55,2.10,0.00,0.7,4.998,4.998,4.998,4.998,202
2022-02-06 11:44:22,5.4,7.3,248,0.0,0.0,0,0.0,0.0,0,227625.00,0.00,0.00,167,13.55,2.32,0.00,1.2,4.998,4.998,4.998,4.998,186
2022-02-06 11:45:22,4.3,7.1,285,0.0,0.0,0,0.0,0.0,0,227910.00,0.00,0.00,161,13.55,2.23,0.00,0.7,4.998,4.998,4.998,4.998,118
2022-02-06 11:46:22,4.2,6.7,280,0.0,0.0,0,0.0,0.0,0,228190.00,0.00,0.00,190,13.51,2.64,0.00,1.7,4.998,4.998,4.998,4.998,6
2022-02-06 11:47:22,5.5,7.5,241,0.0,0.0,0,0.0,0.0,0,228431.00,0.00,0.00,150,13.55,2.08,0.00,1.2,4.998,4.998,4.998,4.998,24
2022-02-06 11:48:22,8.0,11.0,439,0.0,0.0,0,0.0,0.0,0,228870.00,0.00,0.00,152,13.55,2.11,0.00,1.2,4.998,4.998,4.998,4.998,83
2022-02-06 11:49:22,5.8,10.7,421,0.0,0.0,0,0.0,0.0,0,229291.00,0.00,0.00,177,13.55,2.46,0.00,1.2,4.998,4.998,4.998,4.998,33
2022-02-06 11:50:22,6.9,8.8,305,0.0,0.0,0,0.0,0.0,0,229596.00,0.00,0.00,150,13.59,2.08,0.00,0.7,4.998,4.998,4.998,4.998,149
2022-02-06 11:51:22,7.1,10.9,505,0.0,0.0,0,0.0,0.0,0,230101.00,0.00,0.00,155,13.59,2.16,0.00,0.7,4.998,4.998,4.998,4.998,88
2022-02-06 11:52:22,4.3,9.3,376,0.0,0.0,0,0.0,0.0,0,230477.00,0.00,0.00,177,13.63,2.46,0.00,1.2,4.998,4.998,4.998,4.998,10
2022-02-06 11:53:22,3.0,7.4,283,0.0,0.0,0,0.0,0.0,0,230760.00,0.00,0.00,137,13.63,1.91,0.00,0.7,4.998,4.998,4.998,4.998,128
2022-02-06 11:54:22,8.7,10.7,377,0.0,0.0,0,0.0,0.0,0,231137.00,0.00,0.00,148,13.63,2.05,0.00,1.2,4.998,4.998,4.998,4.998,55
2022-02-06 11:55:22,7.9,13.8,587,0.0,0.0,0,0.0,0.0,0,231724.00,0.00,0.00,160,13.71,2.22,0.00,0.7,4.998,4.998,4.998,4.998,25
2022-02-06 11:56:22,8.0,11.0,526,0.0,0.0,0,0.0,0.0,0,232250.00,0.00,0.00,184,13.71,2.56,0.00,1.2,4.998,4.998,4.998,4.998,194
2022-02-06 11:57:22,5.7,9.7,380,0.0,0.0,0,0.0,0.0,0,232630.00,0.00,0.00,189,13.74,2.62,0.00,1.2,4.998,4.998,4.998,4.998,178
2022-02-06 11:58:22,3.6,10.8,446,0.0,0.0,0,0.0,0.0,0,233076.00,0.00,0.00,144,13.74,2.00,0.00,1.2,4.998,4.998,4.998,4.998,73
2022-02-06 11:59:22,2.7,6.3,229,0.0,0.0,0,0.0,0.0,0,233305.00,0.00,0.00,155,13.74,2.16,0.00,1.2,4.998,4.998,4.998,4.998,102
2022-02-06 12:00:22,8.0,8.0,293,0.0,0.0,0,0.0,0.0,0,233598.00,0.00,0.00,178,13.74,2.47,0.00,1.7,4.998,4.998,4.998,4.998,52
2022-02-06 12:01:22,8.6,10.1,497,0.0,0.0,0,0.0,0.0,0,234095.00,0.00,0.00,169,13.74,2.35,0.00,1.2,4.998,4.998,4.998,4.998,202
2022-02-06 12:02:22,5.2,11.6,489,0.0,0.0,0,0.0,0.0,0,234584.00,0.00,0.00,167,13.74,2.32,0.00,1.2,4.998,4.998,4.998,4.998,57
2022-02-06 12:03:22,5.5,8.1,381,0.0,0.0,0,0.0,0.0,0,234965.00,0.00,0.00,199,13.74,2.76,0.00,1.2,4.998,4.998,4.998,4.998,47
2022-02-06 12:04:22,3.7,7.8,302,0.0,0.0,0,0.0,0.0,0,235267.00,0.00,0.00,203,13.78,2.82,0.00,1.7,4.998,4.998,4.998,4.998,3
2022-02-06 12:05:22,8.1,8.9,384,0.0,0.0,0,0.0,0.0,0,235651.00,0.00,0.00,155,13.82,2.15,0.00,1.2,4.998,4.998,4.998,4.998,114
2022-02-06 12:06:22,5.1,12.6,446,0.0,0.0,0,0.0,0.0,0,236097.00,0.00,0.00,207,13.86,2.88,0.00,1.7,4.998,4.998,4.998,4.998,13
2022-02-06 12:07:22,3.1,6.6,194,0.0,0.0,0,0.0,0.0,0,236291.00,0.00,0.00,193,13.86,2.68,0.00,2.2,4.998,4.998,4.998,4.998,217
2022-02-06 12:08:22,4.5,7.7,261,0.0,0.0,0,0.0,0.0,0,236552.00,0.00,0.00,184,13.94,2.56,0.00,2.2,4.998,4.998,4.998,4.998,247
2022-02-06 12:09:22,3.6,11.2,325,0.0,0.0,0,0.0,0.0,0,236877.00,0.00,0.00,183,13.90,2.54,0.00,1.7,4.998,4.998,4.998,4.998,85
2022-02-06 12:10:22,3.8,4.6,190,0.0,0.0,0,0.0,0.0,0,237067.00,0.00,0.00,220,13.90,3.06,0.00,2.2,4.998,4.998,4.998,4.998,185
2022-02-06 12:11:22,6.1,7.5,369,0.0,0.0,0,0.0,0.0,0,237436.00,0.00,0.00,139,13.98,1.94,0.00,1.7,4.998,4.998,4.998,4.998,164
2022-02-06 12:12:22,9.0,12.0,364,0.0,0.0,0,0.0,0.0,0,237800.00,0.00,0.00,136,13.98,1.89,0.00,1.7,4.998,4.998,4.998,4.998,85
2022-02-06 12:13:22,5.5,13.1,416,0.0,0.0,0,0.0,0.0,0,238216.00,0.00,0.00,143,13.94,1.98,0.00,1.7,4.998,4.998,4.998,4.998,108
2022-02-06 12:14:22,4.0,8.9,334,0.0,0.0,0,0.0,0.0,0,238550.00,0.00,0.00,168,13.90,2.34,0.00,2.2,4.998,4.998,4.998,4.998,124
2022-02-06 12:15:22,5.9,7.1,265,0.0,0.0,0,0.0,0.0,0,238815.00,0.00,0.00,163,13.82,2.27,0.00,1.7,4.998,4.998,4.998,4.998,34
2022-02-06 12:16:22,4.8,6.3,287,0.0,0.0,0,0.0,0.0,0,239102.00,0.00,0.00,196,13.82,2.73,0.00,2.2,4.998,4.998,4.998,4.998,129
2022-02-06 12:17:22,3.5,6.7,307,0.0,0.0,0,0.0,0.0,0,239409.00,0.00,0.00,164,13.74,2.28,0.00,2.2,4.998,4.998,4.998,4.998,110
2022-02-06 12:18:22,4.7,8.5,362,0.0,0.0,0,0.0,0.0,0,239771.00,0.00,0.00,169,13.78,2.35,0.00,2.2,4.998,4.998,4.998,4.998,63
2022-02-06 12:19:22,3.5,5.6,246,0.0,0.0,0,0.0,0.0,0,240017.00,0.00,0.00,168,13.78,2.34,0.00,2.2,4.998,4.998,4.998,4.998,38
2022-02-06 12:20:22,3.7,6.2,221,0.0,0.0,0,0.0,0.0,0,240238.00,0.00,0.00,177,13.78,2.47,0.00,2.2,4.998,4.998,4.998,4.998,144
2022-02-06 12:21:22,2.5,4.1,126,0.0,0.0,0,0.0,0.0,0,240364.00,0.00,0.00,173,13.78,2.41,0.00,2.7,4.998,4.998,4.998,4.998,16
2022-02-06 12:22:22,6.0,8.6,232,0.0,0.0,0,0.0,0.0,0,240596.00,0.00,0.00,145,13.78,2.01,0.00,2.2,4.998,4.998,4.998,4.998,14
2022-02-06 12:23:22,8.0,8.4,370,0.0,0.0,0,0.0,0.0,0,240966.00,0.00,0.00,156,13.90,2.17,0.00,1.7,4.998,4.998,4.998,4.998,121
2022-02-06 12:24:22,6.7,8.4,407,0.0,0.0,0,0.0,0.0,0,241373.00,0.00,0.00,166,13.90,2.30,0.00,1.7,4.998,4.998,4.998,4.998,44
2022-02-06 12:25:22,3.0,7.8,317,0.0,0.0,0,0.0,0.0,0,241690.00,0.00,0.00,180,13.90,2.50,0.00,2.2,4.998,4.998,4.998,4.998,191
2022-02-06 12:26:22,1.9,5.1,144,0.0,0.0,0,0.0,0.0,0,241834.00,0.00,0.00,245,13.94,3.40,0.00,2.2,4.998,4.998,4.998,4.998,88
2022-02-06 12:27:22,2.1,4.3,108,0.0,0.0,0,0.0,0.0,0,241942.00,0.00,0.00,177,13.98,2.46,0.00,2.7,4.998,4.998,4.998,4.998,160
2022-02-06 12:28:22,1.2,4.9,152,0.0,0.0,0,0.0,0.0,0,242094.00,0.00,0.00,213,14.06,2.96,0.00,2.7,4.998,4.998,4.998,4.998,224
2022-02-06 12:29:22,5.7,6.0,197,0.0,0.0,0,0.0,0.0,0,242291.00,0.00,0.00,202,14.17,2.81,0.00,2.7,4.998,4.998,4.998,4.998,185
2022-02-06 12:30:22,8.5,12.3,500,0.0,0.0,0,0.0,0.0,0,242791.00,0.00,0.00,242,14.29,3.36,0.00,2.2,4.998,4.998,4.998,4.998,118
2022-02-06 12:31:22,4.2,9.8,383,0.0,0.0,0,0.0,0.0,0,243174.00,0.00,0.00,197,14.37,2.73,0.00,2.2,4.998,4.998,4.998,4.998,144
2022-02-06 12:32:22,5.5,7.6,275,0.0,0.0,0,0.0,0.0,0,243449.00,0.00,0.00,226,14.25,3.14,0.00,2.2,4.998,4.998,4.998,4.998,30
2022-02-06 12:33:22,6.2,9.4,406,0.0,0.0,0,0.0,0.0,0,243855.00,0.00,0.00,194,14.14,2.69,0.00,2.2,4.998,4.998,4.998,4.998,45
2022-02-06 12:34:22,7.7,8.4,373,0.0,0.0,0,0.0,0.0,0,244228.00,0.00,0.00,171,14.14,2.38,0.00,2.2,4.998,4.998,4.998,4.998,154
2022-02-06 12:35:22,6.3,9.4,402,0.0,0.0,0,0.0,0.0,0,244630.00,0.00,0.00,158,14.25,2.20,0.00,2.2,4.998,4.998,4.998,4.998,0
2022-02-06 12:36:22,9.9,11.0,466,0.0,0.0,0,0.0,0.0,0,245096.00,0.00,0.00,161,14.45,2.23,0.00,2.2,4.998,4.998,4.998,4.998,176
2022-02-06 12:37:22,5.0,11.1,397,0.0,0.0,0,0.0,0.0,0,245493.00,0.00,0.00,209,14.45,2.90,0.00,2.2,4.998,4.998,4.998,4.998,125
2022-02-06 12:38:22,4.3,5.2,163,0.0,0.0,0,0.0,0.0,0,245656.00,0.00,0.00,201,14.49,2.79,0.00,2.7,4.998,4.998,4.998,4.998,45
2022-02-06 12:39:22,4.4,5.5,220,0.0,0.0,0,0.0,0.0,0,245876.00,0.00,0.00,150,14.25,2.09,0.00,2.7,4.998,4.998,4.998,4.998,86
2022-02-06 12:40:22,4.8,7.5,264,0.0,0.0,0,0.0,0.0,0,246140.00,0.00,0.00,200,14.41,2.77,0.00,2.7,4.998,4.998,4.998,4.998,31
2022-02-06 12:41:22,2.8,7.2,163,0.0,0.0,0,0.0,0.0,0,246303.00,0.00,0.00,190,14.21,2.64,0.00,3.2,4.998,4.998,4.998,4.998,216
2022-02-06 12:42:22,6.2,8.9,360,0.0,0.0,0,0.0,0.0,0,246663.00,0.00,0.00,211,14.17,2.93,0.00,2.2,4.998,4.998,4.998,4.998,148
2022-02-06 12:43:22,5.5,6.3,235,0.0,0.0,0,0.0,0.0,0,246898.00,0.00,0.00,175,14.37,2.43,0.00,2.7,4.998,4.998,4.998,4.998,3
2022-02-06 12:44:22,7.8,7.8,278,0.0,0.0,0,0.0,0.0,0,247176.00,0.00,0.00,210,14.45,2.91,0.00,2.7,4.998,4.998,4.998,4.998,20
2022-02-06 12:45:22,5.3,8.2,370,0.0,0.0,0,0.0,0.0,0,247546.00,0.00,0.00,198,14.57,2.76,0.00,2.7,4.998,4.998,4.998,4.998,132
2022-02-06 12:46:22,5.3,7.0,342,0.0,0.0,0,0.0,0.0,0,247888.00,0.00,0.00,245,14.25,3.40,0.00,2.7,4.998,4.998,4.998,4.998,21
2022-02-06 12:47:22,4.3,6.5,250,0.0,0.0,0,0.0,0.0,0,248138.00,0.00,0.00,228,14.25,3.16,0.00,2.2,4.998,4.998,4.998,4.998,158
2022-02-06 12:48:22,2.9,5.4,205,0.0,0.0,0,0.0,0.0,0,248343.00,0.00,0.00,200,14.21,2.78,0.00,2.2,4.998,4.998,4.998,4.998,90
2022-02-06 12:49:22,4.6,6.7,265,0.0,0.0,0,0.0,0.0,0,248608.00,0.00,0.00,183,14.21,2.54,0.00,2.7,4.998,4.998,4.998,4.998,199
2022-02-06 12:50:22,3.9,6.7,250,0.0,0.0,0,0.0,0.0,0,248858.00,0.00,0.00,215,14.25,2.99,0.00,2.2,4.998,4.998,4.998,4.998,51
2022-02-06 12:51:22,4.4,7.6,330,0.0,0.0,0,0.0,0.0,0,249188.00,0.00,0.00,245,14.17,3.40,0.00,2.2,4.998,4.998,4.998,4.998,230
2022-02-06 12:52:22,5.4,6.9,298,0.0,0.0,0,0.0,0.0,0,249486.00,0.00,0.00,210,14.14,2.92,0.00,2.2,4.998,4.998,4.998,4.998,112
2022-02-06 12:53:22,7.0,8.8,225,0.0,0.0,0,0.0,0.0,0,249711.00,0.00,0.00,142,14.17,1.97,0.00,2.7,4.998,4.998,4.998,4.998,202
2022-02-06 12:54:22,5.8,7.5,311,0.0,0.0,0,0.0,0.0,0,250022.00,0.00,0.00,168,14.25,2.33,0.00,2.7,4.998,4.998,4.998,4.998,61
2022-02-06 12:55:22,5.9,8.2,338,0.0,0.0,0,0.0,0.0,0,250360.00,0.00,0.00,183,14.10,2.54,0.00,2.2,4.998,4.998,4.998,4.998,99
2022-02-06 12:56:22,5.9,7.3,340,0.0,0.0,0,0.0,0.0,0,250700.00,0.00,0.00,169,14.14,2.35,0.00,2.2,4.998,4.998,4.998,4.998,218
2022-02-06 12:57:22,4.2,8.1,331,0.0,0.0,0,0.0,0.0,0,251031.00,0.00,0.00,162,14.14,2.25,0.00,2.2,4.998,4.998,4.998,4.998,149
2022-02-06 12:58:22,5.1,7.2,298,0.0,0.0,0,0.0,0.0,0,251329.00,0.00,0.00,166,14.10,2.30,0.00,2.2,4.998,4.998,4.998,4.998,218
2022-02-06 12:59:22,5.5,8.9,365,0.0,0.0,0,0.0,0.0,0,251694.00,0.00,0.00,196,14.10,2.73,0.00,2.2,4.998,4.998,4.998,4.998,208
2022-02-06 13:00:22,6.1,7.2,333,0.0,0.0,0,0.0,0.0,0,252027.00,0.00,0.00,153,14.10,2.13,0.00,2.2,4.998,4.998,4.998,4.998,28
2022-02-06 13:01:22,3.8,7.4,272,0.0,0.0,0,0.0,0.0,0,252299.00,0.00,0.00,168,14.10,2.34,0.00,2.2,4.998,4.998,4.998,4.998,16
2022-02-06 13:02:22,6.1,6.7,267,0.0,0.0,0,0.0,0.0,0,252566.00,0.00,0.00,182,14.10,2.52,0.00,2.2,4.998,4.998,4.998,4.998,115
2022-02-06 13:03:22,5.7,9.1,379,0.0,0.0,0,0.0,0.0,0,252945.00,0.00,0.00,181,14.10,2.51,0.00,2.2,4.998,4.998,4.998,4.998,102
2022-02-06 13:04:22,3.0,6.4,275,0.0,0.0,0,0.0,0.0,0,253220.00,0.00,0.00,166,14.14,2.31,0.00,2.7,4.998,4.998,4.998,4.998,201
2022-02-06 13:05:22,6.5,7.7,364,0.0,0.0,0,0.0,0.0,0,253584.00,0.00,0.00,206,14.10,2.86,0.00,2.2,4.998,4.998,4.998,4.998,0
2022-02-06 13:06:22,6.4,9.1,350,0.0,0.0,0,0.0,0.0,0,253934.00,0.00,0.00,177,14.17,2.47,0.00,2.7,4.998,4.998,4.998,4.998,96
2022-02-06 13:07:22,2.1,7.2,277,0.0,0.0,0,0.0,0.0,0,254211.00,0.00,0.00,189,14.21,2.63,0.00,2.7,4.998,4.998,4.998,4.998,153
2022-02-06 13:08:22,4.8,6.0,152,0.0,0.0,0,0.0,0.0,0,254363.00,0.00,0.00,146,14.21,2.03,0.00,2.7,4.998,4.998,4.998,4.998,192
2022-02-06 13:09:22,2.9,6.6,313,0.0,0.0,0,0.0,0.0,0,254676.00,0.00,0.00,158,14.41,2.20,0.00,2.7,4.998,4.998,4.998,4.998,38
2022-02-06 13:10:22,3.5,5.6,218,0.0,0.0,0,0.0,0.0,0,254894.00,0.00,0.00,166,14.37,2.31,0.00,3.2,4.998,4.998,4.998,4.998,61
2022-02-06 13:11:22,4.9,7.5,256,0.0,0.0,0,0.0,0.0,0,255150.00,0.00,0.00,200,14.29,2.77,0.00,3.2,4.998,4.998,4.998,4.998,88
2022-02-06 13:12:22,4.2,6.8,275,0.0,0.0,0,0.0,0.0,0,255425.00,0.00,0.00,189,14.25,2.62,0.00,3.2,4.998,4.998,4.998,4.998,66
2022-02-06 13:13:22,4.7,5.3,224,0.0,0.0,0,0.0,0.0,0,255649.00,0.00,0.00,169,14.25,2.34,0.00,3.2,4.998,4.998,4.998,4.998,205
2022-02-06 13:14:22,5.0,6.7,286,0.0,0.0,0,0.0,0.0,0,255935.00,0.00,0.00,191,14.25,2.66,0.00,3.2,4.998,4.998,4.998,4.998,200
2022-02-06 13:15:22,4.8,7.5,348,0.0,0.0,0,0.0,0.0,0,256283.00,0.00,0.00,158,14.21,2.20,0.00,2.7,4.998,4.998,4.998,4.998,122
2022-02-06 13:16:22,5.1,5.5,261,0.0,0.0,0,0.0,0.0,0,256544.00,0.00,0.00,174,14.21,2.42,0.00,3.2,4.998,4.998,4.998,4.998,36
2022-02-06 13:17:22,4.1,7.3,341,0.0,0.0,0,0.0,0.0,0,256885.00,0.00,0.00,154,14.25,2.14,0.00,3.2,4.998,4.998,4.998,4.998,214
2022-02-06 13:18:22,3.3,5.5,242,0.0,0.0,0,0.0,0.0,0,257127.00,0.00,0.00,119,14.21,1.66,0.00,3.2,4.998,4.998,4.998,4.998,113
2022-02-06 13:19:22,4.7,8.1,299,0.0,0.0,0,0.0,0.0,0,257426.00,0.00,0.00,132,14.25,1.83,0.00,3.2,4.998,4.998,4.998,4.998,159
2022-02-06 13:20:22,2.3,5.6,218,0.0,0.0,0,0.0,0.0,0,257644.00,0.00,0.00,134,14.25,1.87,0.00,3.2,4.998,4.998,4.998,4.998,175
2022-02-06 13:21:22,4.5,4.8,147,0.0,0.0,0,0.0,0.0,0,257791.00,0.00,0.00,156,14.21,2.16,0.00,3.7,4.998,4.998,4.998,4.998,54
2022-02-06 13:22:22,1.5,6.2,254,0.0,0.0,0,0.0,0.0,0,258045.00,0.00,0.00,162,14.21,2.25,0.00,3.2,4.998,4.998,4.998,4.998,30
2022-02-06 13:23:22,5.6,6.4,154,0.0,0.0,0,0.0,0.0,0,258199.00,0.00,0.00,126,14.21,1.75,0.00,3.2,4.998,4.998,4.998,4.998,85
2022-02-06 13:24:22,6.1,6.7,295,0.0,0.0,0,0.0,0.0,0,258494.00,0.00,0.00,172,14.21,2.39,0.00,3.2,4.998,4.998,4.998,4.998,77
2022-02-06 13:25:22,3.1,7.2,314,0.0,0.0,0,0.0,0.0,0,258808.00,0.00,0.00,213,14.17,2.96,0.00,3.2,4.998,4.998,4.998,4.998,90
2022-02-06 13:26:22,2.1,5.0,204,0.0,0.0,0,0.0,0.0,0,259012.00,0.00,0.00,218,14.21,3.03,0.00,3.2,4.998,4.998,4.998,4.998,101
2022-02-06 13:27:22,0.0,1.8,14,0.0,0.0,0,0.0,0.0,0,259026.00,0.00,0.00,218,14.21,3.03,0.00,3.2,4.998,4.998,4.998,4.998,66
2022-02-06 13:28:22,0.0,0.0,0,0.0,0.0,0,0.0,0.0,0,259026.00,0.00,0.00,218,14.21,3.03,0.00,3.7,4.998,4.998,4.998,4.998,65
2022-02-06 13:29:22,0.0,0.0,0,0.0,0.0,0,0.0,0.0,0,259026.00,0.00,0.00,218,14.21,3.03,0.00,4.6,4.998,4.998,4.998,4.998,26
2022-02-06 13:30:22,1.9,4.5,65,0.0,0.0,0,0.0,0.0,0,259091.00,0.00,0.00,217,14.25,3.02,0.00,4.1,4.998,4.998,4.998,4.998,205
2022-02-06 13:31:22,3.8,5.4,159,0.0,0.0,0,0.0,0.0,0,259250.00,0.00,0.00,175,14.25,2.43,0.00,4.1,4.998,4.998,4.998,4.998,115
2022-02-06 13:32:22,4.5,4.7,197,0.0,0.0,0,0.0,0.0,0,259447.00,0.00,0.00,175,14.29,2.43,0.00,3.2,4.998,4.998,4.998,4.998,72
2022-02-06 13:33:22,5.1,8.2,380,0.0,0.0,0,0.0,0.0,0,259827.00,0.00,0.00,162,14.37,2.25,0.00,2.7,4.998,4.998,4.998,4.998,176
2022-02-06 13:34:22,4.3,6.3,314,0.0,0.0,0,0.0,0.0,0,260141.00,0.00,0.00,145,14.53,2.01,0.00,3.2,4.998,4.998,4.998,4.998,179
2022-02-06 13:35:22,2.3,6.1,177,0.0,0.0,0,0.0,0.0,0,260318.00,0.00,0.00,140,14.60,1.95,0.00,3.7,4.998,4.998,4.998,4.998,114
2022-02-06 13:36:22,0.0,2.5,13,0.0,0.0,0,0.0,0.0,0,260331.00,0.00,0.00,140,14.60,1.95,0.00,4.1,4.998,4.998,4.998,4.998,162
2022-02-06 13:37:22,1.5,4.1,40,0.0,0.0,0,0.0,0.0,0,260371.00,0.00,0.00,240,14.60,3.34,0.00,3.7,4.998,4.998,4.998,4.998,120
2022-02-06 13:38:22,0.0,0.0,0,0.0,0.0,0,0.0,0.0,0,260371.00,0.00,0.00,241,14.49,3.34,0.00,4.1,4.998,4.998,4.998,4.998,8
2022-02-06 13:39:22,1.7,1.7,7,0.0,0.0,0,0.0,0.0,0,260378.00,0.00,0.00,250,14.57,3.47,0.00,4.6,4.998,4.998,4.998,4.998,173
2022-02-06 13:40:22,0.0,1.8,18,0.0,0.0,0,0.0,0.0,0,260396.00,0.00,0.00,250,14.60,3.47,0.00,5.1,4.998,4.998,4.998,4.998,215
2022-02-06 13:41:22,1.9,1.9,4,0.0,0.0,0,0.0,0.0,0,260400.00,0.00,0.00,251,14.57,3.48,0.00,5.1,4.998,4.998,4.998,4.998,117
2022-02-06 13:42:22,0.0,2.6,64,0.0,0.0,0,0.0,0.0,0,260464.00,0.00,0.00,251,14.60,3.49,0.00,4.6,4.998,4.998,4.998,4.998,181
2022-02-06 13:43:22,0.0,0.0,0,0.0,0.0,0,0.0,0.0,0,260464.00,0.00,0.00,251,14.64,3.49,0.00,5.6,4.998,4.998,4.998,4.998,243
2022-02-06 13:44:22,0.0,0.0,0,0.0,0.0,0,0.0,0.0,0,260464.00,0.00,0.00,251,14.57,3.49,0.00,5.6,4.998,4.998,4.998,4.998,127
2022-02-06 13:45:22,0.0,0.0,0,0.0,0.0,0,0.0,0.0,0,260464.00,0.00,0.00,251,14.57,3.49,0.00,6.1,4.998,4.998,4.998,4.998,69
2022-02-06 13:46:22,0.0,0.0,0,0.0,0.0,0,0.0,0.0,0,260464.00,0.00,0.00,251,14.57,3.49,0.00,6.1,4.998,4.998,4.998,4.998,131
2022-02-06 13:47:22,0.0,0.0,0,0.0,0.0,0,0.0,0.0,0,260464.00,0.00,0.00,251,14.57,3.49,0.00,5.6,4.998,4.998,4.998,4.998,185
2022-02-06 13:48:22,2.5,2.6,11,0.0,0.0,0,0.0,0.0,0,260475.00,0.00,0.00,246,14.60,3.42,0.00,5.1,4.998,4.998,4.998,4.998,255
2022-02-06 13:49:22,0.0,3.0,44,0.0,0.0,0,0.0,0.0,0,260519.00,0.00,0.00,160,14.57,2.22,0.00,4.6,4.998,4.998,4.998,4.998,239
2022-02-06 13:50:22,0.0,0.0,0,0.0,0.0,0,0.0,0.0,0,260519.00,0.00,0.00,160,14.57,2.23,0.00,4.6,4.998,4.998,4.998,4.998,8
2022-02-06 13:51:22,0.0,5.3,100,0.0,0.0,0,0.0,0.0,0,260619.00,0.00,0.00,190,14.60,2.65,0.00,4.6,4.998,4.998,4.998,4.998,167
2022-02-06 13:52:22,3.8,5.8,197,0.0,0.0,0,0.0,0.0,0,260816.00,0.00,0.00,195,14.60,2.70,0.00,4.1,4.998,4.998,4.998,4.998,254
2022-02-06 13:53:22,1.5,5.3,236,0.0,0.0,0,0.0,0.0,0,261052.00,0.00,0.00,224,14.53,3.12,0.00,4.1,4.998,4.998,4.998,4.998,105
2022-02-06 13:54:22,0.0,3.1,83,0.0,0.0,0,0.0,0.0,0,261135.00,0.00,0.00,224,14.57,3.11,0.00,4.1,4.998,4.998,4.998,4.998,180
2022-02-06 13:55:22,0.0,0.0,0,0.0,0.0,0,0.0,0.0,0,261135.00,0.00,0.00,223,14.57,3.11,0.00,4.1,4.998,4.998,4.998,4.998,154
2022-02-06 13:56:22,2.1,3.7,97,0.0,0.0,0,0.0,0.0,0,261232.00,0.00,0.00,223,14.57,3.11,0.00,3.7,4.998,4.998,4.998,4.998,177
2022-02-06 13:57:22,4.1,5.0,55,0.0,0.0,0,0.0,0.0,0,261287.00,0.00,0.00,218,14.60,3.03,0.00,4.1,4.998,4.998,4.998,4.998,1
2022-02-06 13:58:22,1.9,4.2,159,0.0,0.0,0,0.0,0.0,0,261446.00,0.00,0.00,227,14.60,3.15,0.00,3.7,4.998,4.998,4.998,4.998,142
2022-02-06 13:59:22,1.9,1.9,13,0.0,0.0,0,0.0,0.0,0,261459.00,0.00,0.00,227,14.57,3.15,0.00,4.1,4.998,4.998,4.998,4.998,84
2022-02-06 14:00:22,4.1,4.4,162,0.0,0.0,0,0.0,0.0,0,261621.00,0.00,0.00,176,14.57,2.45,0.00,3.7,4.998,4.998,4.998,4.998,162
2022-02-06 14:01:22,2.6,4.4,159,0.0,0.0,0,0.0,0.0,0,261780.00,0.00,0.00,177,14.60,2.46,0.00,4.1,4.998,4.998,4.998,4.998,158
2022-02-06 14:02:22,2.9,5.7,208,0.0,0.0,0,0.0,0.0,0,261988.00,0.00,0.00,204,14.60,2.83,0.00,3.7,4.998,4.998,4.998,4.998,137
2022-02-06 14:03:22,1.7,4.7,187,0.0,0.0,0,0.0,0.0,0,262175.00,0.00,0.00,203,14.57,2.83,0.00,4.1,4.998,4.998,4.998,4.998,219
2022-02-06 14:04:22,5.6,5.7,194,0.0,0.0,0,0.0,0.0,0,262369.00,0.00,0.00,239,14.60,3.32,0.00,4.1,4.998,4.998,4.998,4.998,21
2022-02-06 14:05:22,4.7,6.4,309,0.0,0.0,0,0.0,0.0,0,262678.00,0.00,0.00,247,14.60,3.43,0.00,3.7,4.998,4.998,4.998,4.998,62
2022-02-06 14:06:22,2.9,6.5,273,0.0,0.0,0,0.0,0.0,0,262951.00,0.00,0.00,228,14.57,3.16,0.00,3.7,4.998,4.998,4.998,4.998,247
2022-02-06 14:07:22,0.0,3.6,64,0.0,0.0,0,0.0,0.0,0,263015.00,0.00,0.00,225,14.57,3.13,0.00,3.7,4.998,4.998,4.998,4.998,83
2022-02-06 14:08:22,0.0,0.0,0,0.0,0.0,0,0.0,0.0,0,263015.00,0.00,0.00,225,14.60,3.12,0.00,4.1,4.998,4.998,4.998,4.998,135
2022-02-06 14:09:22,0.0,0.0,1,0.0,0.0,0,0.0,0.0,0,263016.00,0.00,0.00,225,14.57,3.12,0.00,4.1,4.998,4.998,4.998,4.998,82
2022-02-06 14:10:22,2.2,5.1,104,0.0,0.0,0,0.0,0.0,0,263120.00,0.00,0.00,280,14.60,3.89,0.00,4.1,4.998,4.998,4.998,4.998,218
2022-02-06 14:11:22,0.0,2.8,47,0.0,0.0,0,0.0,0.0,0,263167.00,0.00,0.00,277,14.57,3.84,0.00,4.1,4.998,4.998,4.998,4.998,250
2022-02-06 14:12:22,1.6,3.8,66,0.0,0.0,0,0.0,0.0,0,263233.00,0.00,0.00,270,14.60,3.75,0.00,4.1,4.998,4.998,4.998,4.998,166
2022-02-06 14:13:22,4.7,6.4,96,0.0,0.0,0,0.0,0.0,0,263329.00,0.00,0.00,279,14.60,3.87,0.00,4.1,4.998,4.998,4.998,4.998,50
2022-02-06 14:14:22,4.8,9.6,379,0.0,0.0,0,0.0,0.0,0,263708.00,0.00,0.00,210,14.60,2.91,0.00,4.1,4.998,4.998,4.998,4.998,115
2022-02-06 14:15:22,5.7,7.7,310,0.0,0.0,0,0.0,0.0,0,264018.00,0.00,0.00,239,14.60,3.32,0.00,4.1,4.998,4.998,4.998,4.998,180
2022-02-06 14:16:22,2.6,6.2,261,0.0,0.0,0,0.0,0.0,0,264279.00,0.00,0.00,253,14.60,3.52,0.00,3.7,4.998,4.998,4.998,4.998,167
2022-02-06 14:17:22,7.2,7.6,284,0.0,0.0,0,0.0,0.0,0,264563.00,0.00,0.00,256,14.57,3.56,0.00,3.7,4.998,4.998,4.998,4.998,27
2022-02-06 14:18:22,3.8,8.2,292,0.0,0.0,0,0.0,0.0,0,264855.00,0.00,0.00,264,14.60,3.67,0.00,3.7,4.998,4.998,4.998,4.998,206
2022-02-06 14:19:22,3.7,4.8,208,0.0,0.0,0,0.0,0.0,0,265063.00,0.00,0.00,281,14.57,3.91,0.00,3.7,4.998,4.998,4.998,4.998,130
2022-02-06 14:20:22,5.3,5.9,215,0.0,0.0,0,0.0,0.0,0,265278.00,0.00,0.00,196,14.57,2.72,0.00,3.7,4.998,4.998,4.998,4.998,65
2022-02-06 14:21:22,6.5,7.2,156,0.0,0.0,0,0.0,0.0,0,265434.00,0.00,0.00,208,14.60,2.89,0.00,4.1,4.998,4.998,4.998,4.998,148
2022-02-06 14:22:22,1.8,6.1,192,0.0,0.0,0,0.0,0.0,0,265626.00,0.00,0.00,181,14.60,2.52,0.00,4.1,4.998,4.998,4.998,4.998,158
2022-02-06 14:23:22,4.5,6.1,170,0.0,0.0,0,0.0,0.0,0,265796.00,0.00,0.00,207,14.53,2.88,0.00,4.1,4.998,4.998,4.998,4.998,242
2022-02-06 14:24:22,1.9,5.0,186,0.0,0.0,0,0.0,0.0,0,265982.00,0.00,0.00,242,14.57,3.37,0.00,4.1,4.998,4.998,4.998,4.998,66
2022-02-06 14:25:22,4.8,10.0,386,0.0,0.0,0,0.0,0.0,0,266368.00,0.00,0.00,224,14.60,3.12,0.00,3.7,4.998,4.998,4.998,4.998,170
2022-02-06 14:26:22,3.3,8.1,280,0.0,0.0,0,0.0,0.0,0,266648.00,0.00,0.00,227,14.57,3.15,0.00,3.7,4.998,4.998,4.998,4.998,199
2022-02-06 14:27:22,5.7,7.6,315,0.0,0.0,0,0.0,0.0,0,266963.00,0.00,0.00,191,14.60,2.66,0.00,4.1,4.998,4.998,4.998,4.998,154
2022-02-06 14:28:22,5.2,8.3,348,0.0,0.0,0,0.0,0.0,0,267311.00,0.00,0.00,206,14.57,2.86,0.00,4.1,4.998,4.998,4.998,4.998,224
2022-02-06 14:29:22,2.3,7.2,276,0.0,0.0,0,0.0,0.0,0,267587.00,0.00,0.00,199,14.57,2.77,0.00,3.7,4.998,4.998,4.998,4.998,28
2022-02-06 14:30:22,2.7,4.6,97,0.0,0.0,0,0.0,0.0,0,267684.00,0.00,0.00,206,14.57,2.87,0.00,4.1,4.998,4.998,4.998,4.998,53
2022-02-06 14:31:22,0.0,2.8,51,0.0,0.0,0,0.0,0.0,0,267735.00,0.00,0.00,206,14.57,2.87,0.00,4.1,4.998,4.998,4.998,4.998,21
2022-02-06 14:32:22,0.0,0.0,0,0.0,0.0,0,0.0,0.0,0,267735.00,0.00,0.00,206,14.57,2.87,0.00,4.6,4.998,4.998,4.998,4.998,25
2022-02-06 14:33:22,0.0,1.9,8,0.0,0.0,0,0.0,0.0,0,267743.00,0.00,0.00,207,14.60,2.87,0.00,5.1,4.998,4.998,4.998,4.998,157
2022-02-06 14:34:22,0.0,1.3,3,0.0,0.0,0,0.0,0.0,0,267746.00,0.00,0.00,206,14.60,2.87,0.00,4.6,4.998,4.998,4.998,4.998,225
2022-02-06 14:35:22,2.2,4.7,87,0.0,0.0,0,0.0,0.0,0,267833.00,0.00,0.00,150,14.60,2.08,0.00,4.6,4.998,4.998,4.998,4.998,189
2022-02-06 14:36:22,1.1,3.0,64,0.0,0.0,0,0.0,0.0,0,267897.00,0.00,0.00,150,14.60,2.08,0.00,5.1,4.998,4.998,4.998,4.998,136
2022-02-06 14:37:22,3.5,5.2,204,0.0,0.0,0,0.0,0.0,0,268101.00,0.00,0.00,233,14.60,3.24,0.00,4.6,4.998,4.998,4.998,4.998,35
2022-02-06 14:38:22,0.0,5.5,126,0.0,0.0,0,0.0,0.0,0,268227.00,0.00,0.00,172,14.60,2.39,0.00,4.6,4.998,4.998,4.998,4.998,209
2022-02-06 14:39:22,5.9,6.9,213,0.0,0.0,0,0.0,0.0,0,268440.00,0.00,0.00,216,14.64,3.00,0.00,4.1,4.998,4.998,4.998,4.998,92
2022-02-06 14:40:22,5.1,7.8,383,0.0,0.0,0,0.0,0.0,0,268823.00,0.00,0.00,227,14.64,3.15,0.00,4.1,4.998,4.998,4.998,4.998,208
2022-02-06 14:41:22,3.7,5.4,159,0.0,0.0,0,0.0,0.0,0,268982.00,0.00,0.00,227,14.57,3.15,0.00,4.1,4.998,4.998,4.998,4.998,218
2022-02-06 14:42:22,0.0,3.5,85,0.0,0.0,0,0.0,0.0,0,269067.00,0.00,0.00,227,14.57,3.15,0.00,4.6,4.998,4.998,4.998,4.998,18
2022-02-06 14:43:22,0.0,0.0,0,0.0,0.0,0,0.0,0.0,0,269067.00,0.00,0.00,227,14.60,3.15,0.00,5.6,4.998,4.998,4.998,4.998,85
2022-02-06 14:44:22,6.5,7.6,239,0.0,0.0,0,0.0,0.0,0,269306.00,0.00,0.00,259,14.14,3.60,0.00,4.6,4.998,4.998,4.998,4.998,156
2022-02-06 14:45:22,6.9,8.7,314,0.0,0.0,0,0.0,0.0,0,269620.00,0.00,0.00,247,14.17,3.44,0.00,4.1,4.998,4.998,4.998,4.998,79
2022-02-06 14:46:22,3.8,7.3,319,0.0,0.0,0,0.0,0.0,0,269939.00,0.00,0.00,236,14.14,3.28,0.00,4.1,4.998,4.998,4.998,4.998,115
2022-02-06 14:47:22,3.9,6.0,256,0.0,0.0,0,0.0,0.0,0,270195.00,0.00,0.00,260,14.14,3.62,0.00,4.1,4.998,4.998,4.998,4.998,218
2022-02-06 14:48:22,4.4,4.7,154,0.0,0.0,0,0.0,0.0,0,270349.00,0.00,0.00,260,14.14,3.62,0.00,4.1,4.998,4.998,4.998,4.998,170
2022-02-06 14:49:22,3.3,7.5,304,0.0,0.0,0,0.0,0.0,0,270653.00,0.00,0.00,275,14.14,3.82,0.00,4.1,4.998,4.998,4.998,4.998,106
2022-02-06 14:50:22,5.8,5.8,189,0.0,0.0,0,0.0,0.0,0,270842.00,0.00,0.00,212,14.14,2.94,0.00,4.1,4.998,4.998,4.998,4.998,213
2022-02-06 14:51:22,6.9,8.3,366,0.0,0.0,0,0.0,0.0,0,271208.00,0.00,0.00,230,14.10,3.19,0.00,4.1,4.998,4.998,4.998,4.998,148
2022-02-06 14:52:22,6.5,11.5,449,0.0,0.0,0,0.0,0.0,0,271657.00,0.00,0.00,226,14.17,3.14,0.00,4.1,4.998,4.998,4.998,4.998,46
2022-02-06 14:53:22,4.4,9.8,454,0.0,0.0,0,0.0,0.0,0,272111.00,0.00,0.00,163,14.10,2.27,0.00,4.1,4.998,4.998,4.998,4.998,88
2022-02-06 14:54:22,2.4,6.9,227,0.0,0.0,0,0.0,0.0,0,272338.00,0.00,0.00,220,14.14,3.06,0.00,4.1,4.998,4.998,4.998,4.998,22
2022-02-06 14:55:22,0.0,3.5,101,0.0,0.0,0,0.0,0.0,0,272439.00,0.00,0.00,220,14.10,3.06,0.00,4.6,4.998,4.998,4.998,4.998,42
2022-02-06 14:56:22,8.4,9.7,208,0.0,0.0,0,0.0,0.0,0,272647.00,0.00,0.00,216,14.14,3.00,0.00,4.1,4.998,4.998,4.998,4.998,251
2022-02-06 14:57:22,5.5,10.9,453,0.0,0.0,0,0.0,0.0,0,273100.00,0.00,0.00,173,14.17,2.41,0.00,4.1,4.998,4.998,4.998,4.998,166
2022-02-06 14:58:22,4.3,7.4,305,0.0,0.0,0,0.0,0.0,0,273405.00,0.00,0.00,258,14.14,3.59,0.00,4.1,4.998,4.998,4.998,4.998,27
2022-02-06 14:59:22,3.3,8.3,322,0.0,0.0,0,0.0,0.0,0,273727.00,0.00,0.00,218,14.14,3.03,0.00,4.1,4.998,4.998,4.998,4.998,3
2022-02-06 15:00:22,5.2,8.7,375,0.0,0.0,0,0.0,0.0,0,274102.00,0.00,0.00,241,14.17,3.34,0.00,4.1,4.998,4.998,4.998,4.998,76
2022-02-06 15:01:22,10.0,12.3,516,0.0,0.0,0,0.0,0.0,0,274618.00,0.00,0.00,242,14.14,3.36,0.00,3.7,4.998,4.998,4.998,4.998,175
2022-02-06 15:02:22,11.1,14.0,634,0.0,0.0,0,0.0,0.0,0,275252.00,0.00,0.00,261,14.14,3.62,0.00,3.7,4.998,4.998,4.998,4.998,171
2022-02-06 15:03:22,9.4,13.1,482,0.0,0.0,0,0.0,0.0,0,275734.00,0.00,0.00,238,14.14,3.31,0.00,3.7,4.998,4.998,4.998,4.998,125
2022-02-06 15:04:22,6.0,11.0,479,0.0,0.0,0,0.0,0.0,0,276213.00,0.00,0.00,251,14.14,3.48,0.00,3.7,4.998,4.998,4.998,4.998,10
2022-02-06 15:05:22,8.4,11.0,510,0.0,0.0,0,0.0,0.0,0,276723.00,0.00,0.00,247,14.10,3.43,0.00,3.7,4.998,4.998,4.998,4.998,69
2022-02-06 15:06:22,6.5,12.0,527,0.0,0.0,0,0.0,0.0,0,277250.00,0.00,0.00,245,14.17,3.40,0.00,3.7,4.998,4.998,4.998,4.998,159
2022-02-06 15:07:22,6.1,7.9,348,0.0,0.0,0,0.0,0.0,0,277598.00,0.00,0.00,253,14.14,3.52,0.00,3.7,4.998,4.998,4.998,4.998,96
2022-02-06 15:08:22,6.9,10.6,417,0.0,0.0,0,0.0,0.0,0,278015.00,0.00,0.00,215,14.10,2.99,0.00,3.7,4.998,4.998,4.998,4.998,85
2022-02-06 15:09:22,3.6,12.7,481,0.0,0.0,0,0.0,0.0,0,278496.00,0.00,0.00,241,14.14,3.35,0.00,3.7,4.998,4.998,4.998,4.998,222
2022-02-06 15:10:22,2.9,4.5,128,0.0,0.0,0,0.0,0.0,0,278624.00,0.00,0.00,231,14.14,3.21,0.00,4.1,4.998,4.998,4.998,4.998,1
2022-02-06 15:11:22,7.0,11.1,461,0.0,0.0,0,0.0,0.0,0,279085.00,0.00,0.00,226,14.17,3.13,0.00,3.7,4.998,4.998,4.998,4.998,134
2022-02-06 15:12:22,5.6,10.0,341,0.0,0.0,0,0.0,0.0,0,279426.00,0.00,0.00,238,14.14,3.31,0.00,4.1,4.998,4.998,4.998,4.998,175
2022-02-06 15:13:22,2.8,5.7,224,0.0,0.0,0,0.0,0.0,0,279650.00,0.00,0.00,234,14.14,3.25,0.00,4.1,4.998,4.998,4.998,4.998,101
2022-02-06 15:14:22,4.6,8.8,238,0.0,0.0,0,0.0,0.0,0,279888.00,0.00,0.00,188,14.14,2.62,0.00,4.1,4.998,4.998,4.998,4.998,84
2022-02-06 15:15:22,5.9,6.1,218,0.0,0.0,0,0.0,0.0,0,280106.00,0.00,0.00,205,14.14,2.85,0.00,4.1,4.998,4.998,4.998,4.998,81
2022-02-06 15:16:22,2.5,7.1,277,0.0,0.0,0,0.0,0.0,0,280383.00,0.00,0.00,213,14.17,2.96,0.00,4.1,4.998,4.998,4.998,4.998,70
2022-02-06 15:17:22,3.9,6.4,210,0.0,0.0,0,0.0,0.0,0,280593.00,0.00,0.00,254,14.14,3.54,0.00,4.1,4.998,4.998,4.998,4.998,240
2022-02-06 15:18:22,7.1,7.5,289,0.0,0.0,0,0.0,0.0,0,280882.00,0.00,0.00,242,14.17,3.37,0.00,4.1,4.998,4.998,4.998,4.998,187
2022-02-06 15:19:22,7.4,8.7,408,0.0,0.0,0,0.0,0.0,0,281290.00,0.00,0.00,210,14.14,2.91,0.00,4.1,4.998,4.998,4.998,4.998,131
2022-02-06 15:20:22,6.1,8.3,379,0.0,0.0,0,0.0,0.0,0,281669.00,0.00,0.00,242,14.14,3.37,0.00,4.1,4.998,4.998,4.998,4.998,138
2022-02-06 15:21:22,8.8,12.2,447,0.0,0.0,0,0.0,0.0,0,282116.00,0.00,0.00,239,14.14,3.32,0.00,4.1,4.998,4.998,4.998,4.998,164
2022-02-06 15:22:22,6.3,8.8,357,0.0,0.0,0,0.0,0.0,0,282473.00,0.00,0.00,190,14.17,2.64,0.00,4.1,4.998,4.998,4.998,4.998,193
2022-02-06 15:23:22,5.4,10.0,397,0.0,0.0,0,0.0,0.0,0,282870.00,0.00,0.00,196,14.14,2.73,0.00,4.1,4.998,4.998,4.998,4.998,144
2022-02-06 15:24:22,2.8,6.8,277,0.0,0.0,0,0.0,0.0,0,283147.00,0.00,0.00,298,14.17,4.15,0.00,4.1,4.998,4.998,4.998,4.998,103
2022-02-06 15:25:22,5.2,7.1,318,0.0,0.0,0,0.0,0.0,0,283465.00,0.00,0.00,266,14.14,3.70,0.00,3.7,4.998,4.998,4.998,4.998,114
2022-02-06 15:26:22,4.2,5.4,229,0.0,0.0,0,0.0,0.0,0,283694.00,0.00,0.00,293,14.14,4.07,0.00,3.7,4.998,4.998,4.998,4.998,218
2022-02-06 15:27:22,4.1,7.6,325,0.0,0.0,0,0.0,0.0,0,284019.00,0.00,0.00,302,14.17,4.19,0.00,3.7,4.998,4.998,4.998,4.998,187
2022-02-06 15:28:22,3.5,7.0,267,0.0,0.0,0,0.0,0.0,0,284286.00,0.00,0.00,305,14.14,4.24,0.00,3.7,4.998,4.998,4.998,4.998,221
2022-02-06 15:29:22,4.0,5.2,203,0.0,0.0,0,0.0,0.0,0,284489.00,0.00,0.00,312,14.14,4.34,0.00,3.7,4.998,4.998,4.998,4.998,12
2022-02-06 15:30:22,6.5,8.2,309,0.0,0.0,0,0.0,0.0,0,284798.00,0.00,0.00,256,14.14,3.56,0.00,3.7,4.998,4.998,4.998,4.998,118
2022-02-06 15:31:22,6.0,8.1,376,0.0,0.0,0,0.0,0.0,0,285174.00,0.00,0.00,266,14.17,3.70,0.00,3.2,4.998,4.998,4.998,4.998,231
2022-02-06 15:32:22,3.6,5.7,215,0.0,0.0,0,0.0,0.0,0,285389.00,0.00,0.00,287,14.14,3.99,0.00,3.7,4.998,4.998,4.998,4.998,7
2022-02-06 15:33:22,3.8,4.7,190,0.0,0.0,0,0.0,0.0,0,285579.00,0.00,0.00,302,14.17,4.19,0.00,3.7,4.998,4.998,4.998,4.998,233
2022-02-06 15:34:22,4.5,4.9,189,0.0,0.0,0,0.0,0.0,0,285768.00,0.00,0.00,275,14.17,3.82,0.00,3.7,4.998,4.998,4.998,4.998,63
2022-02-06 15:35:22,4.3,6.5,228,0.0,0.0,0,0.0,0.0,0,285996.00,0.00,0.00,272,14.17,3.78,0.00,3.7,4.998,4.998,4.998,4.998,243
2022-02-06 15:36:22,0.0,5.0,88,0.0,0.0,0,0.0,0.0,0,286084.00,0.00,0.00,264,14.17,3.67,0.00,3.7,4.998,4.998,4.998,4.998,90
2022-02-06 15:37:22,4.6,6.5,201,0.0,0.0,0,0.0,0.0,0,286285.00,0.00,0.00,232,14.14,3.22,0.00,3.7,4.998,4.998,4.998,4.998,115
2022-02-06 15:38:22,2.7,4.7,162,0.0,0.0,0,0.0,0.0,0,286447.00,0.00,0.00,273,14.14,3.79,0.00,3.7,4.998,4.998,4.998,4.998,78
2022-02-06 15:39:22,3.0,4.3,180,0.0,0.0,0,0.0,0.0,0,286627.00,0.00,0.00,247,14.17,3.43,0.00,3.7,4.998,4.998,4.998,4.998,45
2022-02-06 15:40:22,2.0,3.6,60,0.0,0.0,0,0.0,0.0,0,286687.00,0.00,0.00,266,14.14,3.69,0.00,3.7,4.998,4.998,4.998,4.998,246
2022-02-06 15:41:22,0.0,2.0,9,0.0,0.0,0,0.0,0.0,0,286696.00,0.00,0.00,266,14.17,3.69,0.00,3.7,4.998,4.998,4.998,4.998,49
2022-02-06 15:42:22,2.2,3.1,72,0.0,0.0,0,0.0,0.0,0,286768.00,0.00,0.00,270,14.17,3.75,0.00,3.7,4.998,4.998,4.998,4.998,42
2022-02-06 15:43:22,2.8,2.9,33,0.0,0.0,0,0.0,0.0,0,286801.00,0.00,0.00,293,14.14,4.08,0.00,3.7,4.998,4.998,4.998,4.998,150
2022-02-06 15:44:22,0.0,3.2,39,0.0,0.0,0,0.0,0.0,0,286840.00,0.00,0.00,294,14.14,4.09,0.00,3.7,4.998,4.998,4.998,4.998,19
2022-02-06 15:45:22,0.0,0.0,0,0.0,0.0,0,0.0,0.0,0,286840.00,0.00,0.00,294,14.14,4.09,0.00,3.7,4.998,4.998,4.998,4.998,206
2022-02-06 15:46:22,1.2,2.3,36,0.0,0.0,0,0.0,0.0,0,286876.00,0.00,0.00,294,14.14,4.09,0.00,3.7,4.998,4.998,4.998,4.998,54
2022-02-06 15:47:22,0.0,0.0,1,0.0,0.0,0,0.0,0.0,0,286877.00,0.00,0.00,294,14.17,4.09,0.00,4.1,4.998,4.998,4.998,4.998,98
2022-02-06 15:48:22,3.0,3.7,131,0.0,0.0,0,0.0,0.0,0,287008.00,0.00,0.00,293,14.17,4.07,0.00,3.7,4.998,4.998,4.998,4.998,233
2022-02-06 15:49:22,2.1,4.4,132,0.0,0.0,0,0.0,0.0,0,287140.00,0.00,0.00,297,14.17,4.13,0.00,4.1,4.998,4.998,4.998,4.998,156
2022-02-06 15:50:22,1.7,3.8,122,0.0,0.0,0,0.0,0.0,0,287262.00,0.00,0.00,297,14.14,4.13,0.00,3.7,4.998,4.998,4.998,4.998,105
2022-02-06 15:51:22,0.0,2.4,57,0.0,0.0,0,0.0,0.0,0,287319.00,0.00,0.00,297,14.14,4.13,0.00,4.1,4.998,4.998,4.998,4.998,197
2022-02-06 15:52:22,0.0,0.0,0,0.0,0.0,0,0.0,0.0,0,287319.00,0.00,0.00,297,14.17,4.13,0.00,4.1,4.998,4.998,4.998,4.998,193
2022-02-06 15:53:22,1.2,1.2,2,0.0,0.0,0,0.0,0.0,0,287321.00,0.00,0.00,297,14.14,4.13,0.00,4.1,4.998,4.998,4.998,4.998,237
2022-02-06 15:54:22,0.0,3.8,86,0.0,0.0,0,0.0,0.0,0,287407.00,0.00,0.00,297,14.14,4.13,0.00,4.1,4.998,4.998,4.998,4.998,83
2022-02-06 15:55:22,1.9,3.0,40,0.0,0.0,0,0.0,0.0,0,287447.00,0.00,0.00,297,14.17,4.13,0.00,4.1,4.998,4.998,4.998,4.998,119
2022-02-06 15:56:22,0.0,1.9,11,0.0,0.0,0,0.0,0.0,0,287458.00,0.00,0.00,297,14.14,4.13,0.00,4.1,4.998,4.998,4.998,4.998,156
2022-02-06 15:57:22,0.0,0.0,1,0.0,0.0,0,0.0,0.0,0,287459.00,0.00,0.00,297,14.14,4.13,0.00,4.1,4.998,4.998,4.998,4.998,153
2022-02-06 15:58:22,3.1,3.3,132,0.0,0.0,0,0.0,0.0,0,287591.00,0.00,0.00,311,14.14,4.33,0.00,3.7,4.998,4.998,4.998,4.998,228
2022-02-06 15:59:22,3.3,3.9,169,0.0,0.0,0,0.0,0.0,0,287760.00,0.00,0.00,330,14.14,4.58,0.00,3.7,4.998,4.998,4.998,4.998,18
2022-02-06 16:00:22,4.1,4.4,183,0.0,0.0,0,0.0,0.0,0,287943.00,0.00,0.00,332,14.14,4.61,0.00,3.7,4.998,4.998,4.998,4.998,231
2022-02-06 16:01:22,3.4,5.0,204,0.0,0.0,0,0.0,0.0,0,288147.00,0.00,0.00,336,14.14,4.67,0.00,3.7,4.998,4.998,4.998,4.998,224
2022-02-06 16:02:22,2.9,4.4,195,0.0,0.0,0,0.0,0.0,0,288342.00,0.00,0.00,359,14.14,4.99,0.00,3.2,4.998,4.998,4.998,4.998,113
2022-02-06 16:03:22,3.6,4.1,177,0.0,0.0,0,0.0,0.0,0,288519.00,0.00,0.00,358,14.17,4.98,0.00,3.7,4.998,4.998,4.998,4.998,162
2022-02-06 16:04:22,2.0,3.6,128,0.0,0.0,0,0.0,0.0,0,288647.00,0.00,0.00,358,14.17,4.98,0.00,3.7,4.998,4.998,4.998,4.998,255
2022-02-06 16:05:22,2.3,3.4,122,0.0,0.0,0,0.0,0.0,0,288769.00,0.00,0.00,359,14.14,4.99,0.00,3.7,4.998,4.998,4.998,4.998,140
2022-02-06 16:06:22,2.1,2.8,115,0.0,0.0,0,0.0,0.0,0,288884.00,0.00,0.00,359,14.14,4.99,0.00,3.7,4.998,4.998,4.998,4.998,165
2022-02-06 16:07:22,3.1,4.5,176,0.0,0.0,0,0.0,0.0,0,289060.00,0.00,0.00,358,14.17,4.97,0.00,3.7,4.998,4.998,4.998,4.998,145
2022-02-06 16:08:22,2.2,3.6,147,0.0,0.0,0,0.0,0.0,0,289207.00,0.00,0.00,345,14.14,4.79,0.00,3.2,4.998,4.998,4.998,4.998,204
2022-02-06 16:09:22,3.7,4.3,153,0.0,0.0,0,0.0,0.0,0,289360.00,0.00,0.00,346,14.17,4.80,0.00,3.2,4.998,4.998,4.998,4.998,50
2022-02-06 16:10:22,3.6,4.5,217,0.0,0.0,0,0.0,0.0,0,289577.00,0.00,0.00,1,14.17,0.02,0.00,3.7,4.998,4.998,4.998,4.998,130
2022-02-06 16:11:22,3.2,3.8,168,0.0,0.0,0,0.0,0.0,0,289745.00,0.00,0.00,1,14.17,0.01,0.00,3.7,4.998,4.998,4.998,4.998,236
2022-02-06 16:12:22,2.8,3.6,134,0.0,0.0,0,0.0,0.0,0,289879.00,0.00,0.00,1,14.17,0.01,0.00,3.2,4.998,4.998,4.998,4.998,21
2022-02-06 16:13:22,2.7,3.0,90,0.0,0.0,0,0.0,0.0,0,289969.00,0.00,0.00,1,14.17,0.01,0.00,3.2,4.998,4.998,4.998,4.998,187
2022-02-06 16:14:22,1.8,2.9,80,0.0,0.0,0,0.0,0.0,0,290049.00,0.00,0.00,1,14.17,0.01,0.00,3.2,4.998,4.998,4.998,4.998,208
2022-02-06 16:15:22,2.6,3.5,141,0.0,0.0,0,0.0,0.0,0,290190.00,0.00,0.00,339,14.17,4.72,0.00,3.7,4.998,4.998,4.998,4.998,182
2022-02-06 16:16:22,2.4,3.0,86,0.0,0.0,0,0.0,0.0,0,290276.00,0.00,0.00,339,14.14,4.72,0.00,3.2,4.998,4.998,4.998,4.998,161
2022-02-06 16:17:22,2.8,3.2,131,0.0,0.0,0,0.0,0.0,0,290407.00,0.00,0.00,340,14.17,4.72,0.00,3.7,4.998,4.998,4.998,4.998,234
2022-02-06 16:18:22,3.2,4.1,179,0.0,0.0,0,0.0,0.0,0,290586.00,0.00,0.00,356,14.14,4.95,0.00,3.7,4.998,4.998,4.998,4.998,242
2022-02-06 16:19:22,1.8,3.2,129,0.0,0.0,0,0.0,0.0,0,290715.00,0.00,0.00,356,14.17,4.95,0.00,3.7,4.998,4.998,4.998,4.998,42
2022-02-06 16:20:22,0.0,1.7,5,0.0,0.0,0,0.0,0.0,0,290720.00,0.00,0.00,356,14.17,4.95,0.00,4.1,4.998,4.998,4.998,4.998,162
2022-02-06 16:21:22,0.0,0.0,0,0.0,0.0,0,0.0,0.0,0,290720.00,0.00,0.00,356,14.17,4.95,0.00,4.1,4.998,4.998,4.998,4.998,5
2022-02-06 16:22:22,0.0,1.5,11,0.0,0.0,0,0.0,0.0,0,290731.00,0.00,0.00,356,14.14,4.95,0.00,4.1,4.998,4.998,4.998,4.998,74
2022-02-06 16:23:22,0.0,0.0,0,0.0,0.0,0,0.0,0.0,0,290731.00,0.00,0.00,356,14.17,4.95,0.00,4.1,4.998,4.998,4.998,4.998,138
2022-02-06 16:24:22,0.0,0.0,1,0.0,0.0,0,0.0,0.0,0,290732.00,0.00,0.00,356,14.14,4.95,0.00,3.7,4.998,4.998,4.998,4.998,129
2022-02-06 16:25:22,1.8,2.5,29,0.0,0.0,0,0.0,0.0,0,290761.00,0.00,0.00,356,14.14,4.95,0.00,4.1,4.998,4.998,4.998,4.998,155
2022-02-06 16:26:22,0.0,1.9,10,0.0,0.0,0,0.0,0.0,0,290771.00,0.00,0.00,356,14.17,4.95,0.00,4.1,4.998,4.998,4.998,4.998,29
2022-02-06 16:27:22,0.0,0.0,0,0.0,0.0,0,0.0,0.0,0,290771.00,0.00,0.00,356,14.17,4.95,0.00,3.7,4.998,4.998,4.998,4.998,156
2022-02-06 16:28:22,0.0,0.0,0,0.0,0.0,0,0.0,0.0,0,290771.00,0.00,0.00,356,14.17,4.95,0.00,4.1,4.998,4.998,4.998,4.998,32
2022-02-06 16:29:22,3.0,3.2,75,0.0,0.0,0,0.0,0.0,0,290846.00,0.00,0.00,357,14.17,4.96,0.00,3.7,4.998,4.998,4.998,4.998,104
2022-02-06 16:30:22,2.8,3.5,161,0.0,0.0,0,0.0,0.0,0,291007.00,0.00,0.00,358,14.17,4.97,0.00,4.1,4.998,4.998,4.998,4.998,207
2022-02-06 16:31:22,3.6,4.1,200,0.0,0.0,0,0.0,0.0,0,291207.00,0.00,0.00,14,14.17,0.20,0.00,3.7,4.998,4.998,4.998,4.998,187
2022-02-06 16:32:22,3.9,4.0,199,0.0,0.0,0,0.0,0.0,0,291406.00,0.00,0.00,15,14.17,0.20,0.00,3.7,4.998,4.998,4.998,4.998,137
2022-02-06 16:33:22,3.8,4.0,191,0.0,0.0,0,0.0,0.0,0,291597.00,0.00,0.00,14,14.17,0.20,0.00,3.7,4.998,4.998,4.998,4.998,145
2022-02-06 16:34:22,3.3,3.9,200,0.0,0.0,0,0.0,0.0,0,291797.00,0.00,0.00,14,14.17,0.20,0.00,3.7,4.998,4.998,4.998,4.998,80
2022-02-06 16:35:22,2.7,3.7,172,0.0,0.0,0,0.0,0.0,0,291969.00,0.00,0.00,15,14.17,0.20,0.00,3.7,4.998,4.998,4.998,4.998,61
2022-02-06 16:36:22,3.1,3.2,128,0.0,0.0,0,0.0,0.0,0,292097.00,0.00,0.00,14,14.17,0.20,0.00,3.7,4.998,4.998,4.998,4.998,165
2022-02-06 16:37:22,2.8,3.4,154,0.0,0.0,0,0.0,0.0,0,292251.00,0.00,0.00,15,14.17,0.20,0.00,3.7,4.998,4.998,4.998,4.998,236
2022-02-06 16:38:22,2.4,3.0,139,0.0,0.0,0,0.0,0.0,0,292390.00,0.00,0.00,15,14.14,0.20,0.00,3.7,4.998,4.998,4.998,4.998,167
2022-02-06 16:39:22,3.2,3.6,152,0.0,0.0,0,0.0,0.0,0,292542.00,0.00,0.00,15,14.17,0.20,0.00,3.7,4.998,4.998,4.998,4.998,169
2022-02-06 16:40:22,2.1,3.3,137,0.0,0.0,0,0.0,0.0,0,292679.00,0.00,0.00,14,14.14,0.20,0.00,3.7,4.998,4.998,4.998,4.998,20
2022-02-06 16:41:22,2.1,2.7,108,0.0,0.0,0,0.0,0.0,0,292787.00,0.00,0.00,14,14.17,0.20,0.00,3.7,4.998,4.998,4.998,4.998,217
2022-02-06 16:42:22,1.8,2.8,103,0.0,0.0,0,0.0,0.0,0,292890.00,0.00,0.00,15,14.14,0.20,0.00,3.2,4.998,4.998,4.998,4.998,242
2022-02-06 16:43:22,2.2,2.2,32,0.0,0.0,0,0.0,0.0,0,292922.00,0.00,0.00,14,14.21,0.20,0.00,3.2,4.998,4.998,4.998,4.998,147
2022-02-06 16:44:22,0.0,2.3,29,0.0,0.0,0,0.0,0.0,0,292951.00,0.00,0.00,14,14.21,0.20,0.00,3.2,4.998,4.998,4.998,4.998,193
2022-02-06 16:45:22,0.0,0.0,0,0.0,0.0,0,0.0,0.0,0,292951.00,0.00,0.00,15,14.17,0.20,0.00,3.2,4.998,4.998,4.998,4.998,191
2022-02-06 16:46:22,0.0,2.6,41,0.0,0.0,0,0.0,0.0,0,292992.00,0.00,0.00,15,14.21,0.20,0.00,3.2,4.998,4.998,4.998,4.998,51
2022-02-06 16:47:22,4.0,4.4,64,0.0,0.0,0,0.0,0.0,0,293056.00,0.00,0.00,14,14.21,0.19,0.00,2.7,4.998,4.998,4.998,4.998,39
2022-02-06 16:48:22,1.8,4.1,60,0.0,0.0,0,0.0,0.0,0,293116.00,0.00,0.00,14,14.21,0.19,0.00,3.2,4.998,4.998,4.998,4.998,248
2022-02-06 16:49:22,2.1,4.3,147,0.0,0.0,0,0.0,0.0,0,293263.00,0.00,0.00,22,14.21,0.30,0.00,3.2,4.998,4.998,4.998,4.998,43
2022-02-06 16:50:22,2.2,3.0,83,0.0,0.0,0,0.0,0.0,0,293346.00,0.00,0.00,22,14.21,0.31,0.00,3.2,4.998,4.998,4.998,4.998,151
2022-02-06 16:51:22,2.5,2.9,72,0.0,0.0,0,0.0,0.0,0,293418.00,0.00,0.00,22,14.21,0.30,0.00,3.2,4.998,4.998,4.998,4.998,95
2022-02-06 16:52:22,2.6,3.7,152,0.0,0.0,0,0.0,0.0,0,293570.00,0.00,0.00,22,14.21,0.31,0.00,3.2,4.998,4.998,4.998,4.998,194
2022-02-06 16:53:22,4.2,5.5,220,0.0,0.0,0,0.0,0.0,0,293790.00,0.00,0.00,22,14.21,0.31,0.00,3.2,4.998,4.998,4.998,4.998,57
2022-02-06 16:54:22,2.9,4.2,209,0.0,0.0,0,0.0,0.0,0,293999.00,0.00,0.00,22,14.21,0.31,0.00,2.7,4.998,4.998,4.998,4.998,241
2022-02-06 16:55:22,2.2,3.1,130,0.0,0.0,0,0.0,0.0,0,294129.00,0.00,0.00,22,14.21,0.30,0.00,2.7,4.998,4.998,4.998,4.998,3
2022-02-06 16:56:22,1.6,3.0,80,0.0,0.0,0,0.0,0.0,0,294209.00,0.00,0.00,22,14.21,0.30,0.00,3.2,4.998,4.998,4.998,4.998,189
2022-02-06 16:57:22,1.3,2.7,87,0.0,0.0,0,0.0,0.0,0,294296.00,0.00,0.00,22,14.21,0.31,0.00,2.2,4.998,4.998,4.998,4.998,153
2022-02-06 16:58:22,2.1,2.1,72,0.0,0.0,0,0.0,0.0,0,294368.00,0.00,0.00,22,14.21,0.31,0.00,2.2,4.998,4.998,4.998,4.998,218
2022-02-06 16:59:22,0.0,2.1,22,0.0,0.0,0,0.0,0.0,0,294390.00,0.00,0.00,22,14.25,0.31,0.00,2.2,4.998,4.998,4.998,4.998,225
2022-02-06 17:00:22,0.0,0.0,0,0.0,0.0,0,0.0,0.0,0,294390.00,0.00,0.00,22,14.21,0.31,0.00,2.2,4.998,4.998,4.998,4.998,198
2022-02-06 17:01:22,0.0,0.0,0,0.0,0.0,0,0.0,0.0,0,294390.00,0.00,0.00,22,14.17,0.31,0.00,2.2,4.998,4.998,4.998,4.998,67
2022-02-06 17:02:22,0.0,0.0,0,0.0,0.0,0,0.0,0.0,0,294390.00,0.00,0.00,22,14.10,0.31,0.00,2.2,4.998,4.998,4.998,4.998,252
2022-02-06 17:03:22,0.0,0.0,0,0.0,0.0,0,0.0,0.0,0,294390.00,0.00,0.00,22,14.10,0.30,0.00,1.7,4.998,4.998,4.998,4.998,54
2022-02-06 17:04:22,0.0,0.0,0,0.0,0.0,0,0.0,0.0,0,294390.00,0.00,0.00,22,14.10,0.31,0.00,1.7,4.998,4.998,4.998,4.998,15
2022-02-06 17:05:22,0.0,0.0,0,0.0,0.0,0,0.0,0.0,0,294390.00,0.00,0.00,22,14.14,0.31,0.00,1.7,4.998,4.998,4.998,4.998,43
2022-02-06 17:06:22,0.0,0.0,0,0.0,0.0,0,0.0,0.0,0,294390.00,0.00,0.00,22,14.21,0.31,0.00,2.2,4.998,4.998,4.998,4.998,232
2022-02-06 17:07:22,0.0,0.0,0,0.0,0.0,0,0.0,0.0,0,294390.00,0.00,0.00,22,14.21,0.31,0.00,2.2,4.998,4.998,4.998,4.998,128
2022-02-06 17:08:22,0.0,0.0,0,0.0,0.0,0,0.0,0.0,0,294390.00,0.00,0.00,22,14.21,0.30,0.00,2.2,4.998,4.998,4.998,4.998,180
2022-02-06 17:09:22,0.0,0.0,0,0.0,0.0,0,0.0,0.0,0,294390.00,0.00,0.00,22,14.17,0.31,0.00,2.2,4.998,4.998,4.998,4.998,78
2022-02-06 17:10:22,0.0,0.0,0,0.0,0.0,0,0.0,0.0,0,294390.00,0.00,0.00,22,14.10,0.31,0.00,2.2,4.998,4.998,4.998,4.998,177
2022-02-06 17:11:22,0.0,0.0,0,0.0,0.0,0,0.0,0.0,0,294390.00,0.00,0.00,22,14.10,0.31,0.00,2.2,4.998,4.998,4.998,4.998,217
2022-02-06 17:12:22,0.0,0.0,0,0.0,0.0,0,0.0,0.0,0,294390.00,0.00,0.00,22,14.06,0.31,0.00,2.2,4.998,4.998,4.998,4.998,130
2022-02-06 17:13:22,0.0,0.0,0,0.0,0.0,0,0.0,0.0,0,294390.00,0.00,0.00,22,14.06,0.31,0.00,2.2,4.998,4.998,4.998,4.998,234
2022-02-06 17:14:22,0.0,0.0,0,0.0,0.0,0,0.0,0.0,0,294390.00,0.00,0.00,22,14.02,0.31,0.00,2.2,4.998,4.998,4.998,4.998,224
2022-02-06 17:15:22,0.0,0.0,0,0.0,0.0,0,0.0,0.0,0,294390.00,0.00,0.00,22,13.98,0.31,0.00,2.2,4.998,4.998,4.998,4.998,248
2022-02-06 17:16:22,0.0,0.0,0,0.0,0.0,0,0.0,0.0,0,294390.00,0.00,0.00,22,13.98,0.31,0.00,2.2,4.998,4.998,4.998,4.998,164
2022-02-06 17:17:22,0.0,0.0,0,0.0,0.0,0,0.0,0.0,0,294390.00,0.00,0.00,22,13.94,0.31,0.00,2.2,4.998,4.998,4.998,4.998,166
2022-02-06 17:18:22,0.0,0.0,0,0.0,0.0,0,0.0,0.0,0,294390.00,0.00,0.00,22,13.94,0.31,0.00,1.7,4.998,4.998,4.998,4.998,48
2022-02-06 17:19:22,2.2,2.3,28,0.0,0.0,0,0.0,0.0,0,294418.00,0.00,0.00,22,13.90,0.31,0.00,1.7,4.998,4.998,4.998,4.998,92
2022-02-06 17:20:22,0.0,2.3,23,0.0,0.0,0,0.0,0.0,0,294441.00,0.00,0.00,22,13.94,0.31,0.00,2.2,4.998,4.998,4.998,4.998,40
2022-02-06 17:21:22,0.0,1.1,2,0.0,0.0,0,0.0,0.0,0,294443.00,0.00,0.00,22,13.90,0.31,0.00,1.7,4.998,4.998,4.998,4.998,209
2022-02-06 17:22:22,0.0,0.0,0,0.0,0.0,0,0.0,0.0,0,294443.00,0.00,0.00,22,13.90,0.31,0.00,1.2,4.998,4.998,4.998,4.998,52
2022-02-06 17:23:22,0.0,0.0,0,0.0,0.0,0,0.0,0.0,0,294443.00,0.00,0.00,22,13.86,0.31,0.00,1.2,4.998,4.998,4.998,4.998,91
2022-02-06 17:24:22,0.0,0.0,0,0.0,0.0,0,0.0,0.0,0,294443.00,0.00,0.00,22,13.82,0.31,0.00,1.2,4.998,4.998,4.998,4.998,81
2022-02-06 17:25:22,0.0,0.0,0,0.0,0.0,0,0.0,0.0,0,294443.00,0.00,0.00,22,13.86,0.31,0.00,1.2,4.998,4.998,4.998,4.998,117
2022-02-06 17:26:22,0.0,0.0,0,0.0,0.0,0,0.0,0.0,0,294443.00,0.00,0.00,22,13.82,0.31,0.00,1.7,4.998,4.998,4.998,4.998,17
2022-02-06 17:27:22,0.0,0.0,0,0.0,0.0,0,0.0,0.0,0,294443.00,0.00,0.00,22,13.82,0.31,0.00,1.2,4.998,4.998,4.998,4.998,13
2022-02-06 17:28:22,0.0,0.0,0,0.0,0.0,0,0.0,0.0,0,294443.00,0.00,0.00,22,13.78,0.31,0.00,0.7,4.998,4.998,4.998,4.998,183
2022-02-06 17:29:22,0.0,0.0,0,0.0,0.0,0,0.0,0.0,0,294443.00,0.00,0.00,22,13.78,0.30,0.00,1.2,4.998,4.998,4.998,4.998,26
2022-02-06 17:30:22,0.0,0.0,0,0.0,0.0,0,0.0,0.0,0,294443.00,0.00,0.00,22,13.74,0.31,0.00,1.2,4.998,4.998,4.998,4.998,19
2022-02-06 17:31:22,0.0,0.0,0,0.0,0.0,0,0.0,0.0,0,294443.00,0.00,0.00,22,13.74,0.31,0.00,1.2,4.998,4.998,4.998,4.998,123
2022-02-06 17:32:22,0.0,0.0,0,0.0,0.0,0,0.0,0.0,0,294443.00,0.00,0.00,22,13.71,0.30,0.00,0.7,4.998,4.998,4.998,4.998,153
2022-02-06 17:33:22,0.0,0.0,0,0.0,0.0,0,0.0,0.0,0,294443.00,0.00,0.00,22,13.67,0.31,0.00,1.2,4.998,4.998,4.998,4.998,51
2022-02-06 17:34:22,0.0,0.0,0,0.0,0.0,0,0.0,0.0,0,294443.00,0.00,0.00,22,13.67,0.30,0.00,0.7,4.998,4.998,4.998,4.998,176
2022-02-06 17:35:22,0.0,0.0,0,0.0,0.0,0,0.0,0.0,0,294443.00,0.00,0.00,22,13.63,0.30,0.00,0.7,4.998,4.998,4.998,4.998,148
2022-02-06 17:36:22,0.0,0.0,0,0.0,0.0,0,0.0,0.0,0,294443.00,0.00,0.00,22,13.59,0.31,0.00,0.7,4.998,4.998,4.998,4.998,48
2022-02-06 17:37:22,0.0,0.0,0,0.0,0.0,0,0.0,0.0,0,294443.00,0.00,0.00,22,13.59,0.31,0.00,0.7,4.998,4.998,4.998,4.998,88
2022-02-06 17:38:22,0.0,0.0,0,0.0,0.0,0,0.0,0.0,0,294443.00,0.00,0.00,22,13.55,0.31,0.00,0.7,4.998,4.998,4.998,4.998,121
2022-02-06 17:39:22,0.0,0.0,0,0.0,0.0,0,0.0,0.0,0,294443.00,0.00,0.00,22,13.55,0.31,0.00,0.7,4.998,4.998,4.998,4.998,17
2022-02-06 17:40:22,0.0,0.0,0,0.0,0.0,0,0.0,0.0,0,294443.00,0.00,0.00,22,13.51,0.31,0.00,0.7,4.998,4.998,4.998,4.998,34
2022-02-06 17:41:22,0.0,0.0,0,0.0,0.0,0,0.0,0.0,0,294443.00,0.00,0.00,22,13.47,0.31,0.00,0.7,4.998,4.998,4.998,4.998,77
2022-02-06 17:42:22,2.3,2.3,65,0.0,0.0,0,0.0,0.0,0,294508.00,0.00,0.00,22,13.47,0.31,0.00,0.7,4.998,4.998,4.998,4.998,22
2022-02-06 17:43:22,0.0,2.8,35,0.0,0.0,0,0.0,0.0,0,294543.00,0.00,0.00,22,13.47,0.31,0.00,0.7,4.998,4.998,4.998,4.998,3
2022-02-06 17:44:22,0.0,0.0,0,0.0,0.0,0,0.0,0.0,0,294543.00,0.00,0.00,22,13.43,0.31,0.00,0.7,4.998,4.998,4.998,4.998,123
2022-02-06 17:45:22,0.0,0.0,0,0.0,0.0,0,0.0,0.0,0,294543.00,0.00,0.00,22,13.43,0.30,0.00,0.7,4.998,4.998,4.998,4.998,108
2022-02-06 17:46:22,0.0,0.0,0,0.0,0.0,0,0.0,0.0,0,294543.00,0.00,0.00,22,13.43,0.31,0.00,0.7,4.998,4.998,4.998,4.998,79
2022-02-06 17:47:22,0.0,0.0,0,0.0,0.0,0,0.0,0.0,0,294543.00,0.00,0.00,22,13.39,0.30,0.00,0.7,4.998,4.998,4.998,4.998,170
2022-02-06 17:48:22,0.0,0.0,0,0.0,0.0,0,0.0,0.0,0,294543.00,0.00,0.00,22,13.39,0.30,0.00,0.7,4.998,4.998,4.998,4.998,225
2022-02-06 17:49:22,0.0,0.0,0,0.0,0.0,0,0.0,0.0,0,294543.00,0.00,0.00,22,13.39,0.31,0.00,0.7,4.998,4.998,4.998,4.998,246
2022-02-06 17:50:22,0.0,0.0,1,0.0,0.0,0,0.0,0.0,0,294544.00,0.00,0.00,22,13.35,0.31,0.00,1.2,4.998,4.998,4.998,4.998,85
2022-02-06 17:51:22,0.0,0.0,0,0.0,0.0,0,0.0,0.0,0,294544.00,0.00,0.00,22,13.32,0.31,0.00,1.2,4.998,4.998,4.998,4.998,103
2022-02-06 17:52:22,0.0,0.0,0,0.0,0.0,0,0.0,0.0,0,294544.00,0.00,0.00,22,13.32,0.31,0.00,1.2,4.998,4.998,4.998,4.998,59
2022-02-06 17:53:22,2.6,3.0,34,0.0,0.0,0,0.0,0.0,0,294578.00,0.00,0.00,22,13.32,0.31,0.00,0.7,4.998,4.998,4.998,4.998,140
2022-02-06 17:54:22,2.7,3.0,136,0.0,0.0,0,0.0,0.0,0,294714.00,0.00,0.00,22,13.28,0.31,0.00,1.2,4.998,4.998,4.998,4.998,111
2022-02-06 17:55:22,2.6,2.8,128,0.0,0.0,0,0.0,0.0,0,294842.00,0.00,0.00,22,13.32,0.31,0.00,1.2,4.998,4.998,4.998,4.998,161
2022-02-06 17:56:22,2.1,3.5,139,0.0,0.0,0,0.0,0.0,0,294981.00,0.00,0.00,22,13.28,0.31,0.00,0.7,4.998,4.998,4.998,4.998,79
2022-02-06 17:57:22,2.2,2.7,122,0.0,0.0,0,0.0,0.0,0,295103.00,0.00,0.00,22,13.28,0.30,0.00,1.2,4.998,4.998,4.998,4.998,90
2022-02-06 17:58:22,1.9,2.5,104,0.0,0.0,0,0.0,0.0,0,295207.00,0.00,0.00,22,13.28,0.31,0.00,0.7,4.998,4.998,4.998,4.998,243
2022-02-06 17:59:22,1.9,2.5,101,0.0,0.0,0,0.0,0.0,0,295308.00,0.00,0.00,22,13.24,0.31,0.00,1.2,4.998,4.998,4.998,4.998,174
2022-02-06 18:00:22,0.0,1.9,40,0.0,0.0,0,0.0,0.0,0,295348.00,0.00,0.00,22,13.24,0.31,0.00,1.2,4.998,4.998,4.998,4.998,135
2022-02-06 18:01:22,0.0,0.0,0,0.0,0.0,0,0.0,0.0,0,295348.00,0.00,0.00,22,13.24,0.31,0.00,1.2,4.998,4.998,4.998,4.998,88
2022-02-06 18:02:22,0.0,0.0,0,0.0,0.0,0,0.0,0.0,0,295348.00,0.00,0.00,22,13.24,0.31,0.00,0.7,4.998,4.998,4.998,4.998,190
2022-02-06 18:03:22,0.0,0.0,0,0.0,0.0,0,0.0,0.0,0,295348.00,0.00,0.00,22,13.24,0.31,0.00,0.7,4.998,4.998,4.998,4.998,214
2022-02-06 18:04:22,0.0,0.0,0,0.0,0.0,0,0.0,0.0,0,295348.00,0.00,0.00,22,13.20,0.30,0.00,0.7,4.998,4.998,4.998,4.998,163
2022-02-06 18:05:22,2.4,2.5,44,0.0,0.0,0,0.0,0.0,0,295392.00,0.00,0.00,22,13.20,0.31,0.00,0.7,4.998,4.998,4.998,4.998,136
2022-02-06 18:06:22,2.6,2.9,121,0.0,0.0,0,0.0,0.0,0,295513.00,0.00,0.00,22,13.20,0.30,0.00,0.2,4.998,4.998,4.998,4.998,59
2022-02-06 18:07:22,2.4,2.8,114,0.0,0.0,0,0.0,0.0,0,295627.00,0.00,0.00,22,13.20,0.31,0.00,0.2,4.998,4.998,4.998,4.998,116
2022-02-06 18:08:22,2.8,3.0,137,0.0,0.0,0,0.0,0.0,0,295764.00,0.00,0.00,22,13.20,0.30,0.00,0.2,4.998,4.998,4.998,4.998,141
2022-02-06 18:09:22,2.2,2.8,118,0.0,0.0,0,0.0,0.0,0,295882.00,0.00,0.00,22,13.16,0.31,0.00,0.2,4.998,4.998,4.998,4.998,197
2022-02-06 18:10:22,2.4,3.3,122,0.0,0.0,0,0.0,0.0,0,296004.00,0.00,0.00,22,13.16,0.31,0.00,0.2,4.998,4.998,4.998,4.998,107
2022-02-06 18:11:22,2.2,3.1,123,0.0,0.0,0,0.0,0.0,0,296127.00,0.00,0.00,22,13.16,0.31,0.00,-0.2,4.998,4.998,4.998,4.998,177
2022-02-06 18:12:22,2.1,3.0,112,0.0,0.0,0,0.0,0.0,0,296239.00,0.00,0.00,22,13.16,0.31,0.00,-0.2,4.998,4.998,4.998,4.998,226
2022-02-06 18:13:22,2.3,2.7,104,0.0,0.0,0,0.0,0.0,0,296343.00,0.00,0.00,22,13.16,0.31,0.00,0.2,4.998,4.998,4.998,4.998,7
2022-02-06 18:14:22,2.2,3.1,112,0.0,0.0,0,0.0,0.0,0,296455.00,0.00,0.00,22,13.16,0.31,0.00,0.2,4.998,4.998,4.998,4.998,148
2022-02-06 18:15:22,2.8,2.8,121,0.0,0.0,0,0.0,0.0,0,296576.00,0.00,0.00,22,13.16,0.31,0.00,-0.2,4.998,4.998,4.998,4.998,137
2022-02-06 18:16:22,1.3,2.8,83,0.0,0.0,0,0.0,0.0,0,296659.00,0.00,0.00,22,13.16,0.31,0.00,0.2,4.998,4.998,4.998,4.998,121
2022-02-06 18:17:22,0.0,0.0,0,0.0,0.0,0,0.0,0.0,0,296659.00,0.00,0.00,22,13.16,0.30,0.00,-0.2,4.998,4.998,4.998,4.998,171
2022-02-06 18:18:22,0.0,0.0,0,0.0,0.0,0,0.0,0.0,0,296659.00,0.00,0.00,22,13.12,0.31,0.00,-0.6,4.998,4.998,4.998,4.998,46
2022-02-06 18:19:22,0.0,0.0,0,0.0,0.0,0,0.0,0.0,0,296659.00,0.00,0.00,22,13.12,0.31,0.00,-0.6,4.998,4.998,4.998,4.998,87
2022-02-06 18:20:22,0.0,0.0,0,0.0,0.0,0,0.0,0.0,0,296659.00,0.00,0.00,22,13.16,0.31,0.00,-0.6,4.998,4.998,4.998,4.998,172
2022-02-06 18:21:22,0.0,0.0,0,0.0,0.0,0,0.0,0.0,0,296659.00,0.00,0.00,22,13.12,0.31,0.00,-0.6,4.998,4.998,4.998,4.998,160
2022-02-06 18:22:22,0.0,0.0,0,0.0,0.0,0,0.0,0.0,0,296659.00,0.00,0.00,22,13.12,0.31,0.00,-0.2,4.998,4.998,4.998,4.998,41
2022-02-06 18:23:22,0.0,0.0,0,0.0,0.0,0,0.0,0.0,0,296659.00,0.00,0.00,22,13.12,0.31,0.00,-0.2,4.998,4.998,4.998,4.998,80
2022-02-06 18:24:22,0.0,0.0,0,0.0,0.0,0,0.0,0.0,0,296659.00,0.00,0.00,22,13.12,0.31,0.00,-0.6,4.998,4.998,4.998,4.998,5
2022-02-06 18:25:22,0.0,0.0,0,0.0,0.0,0,0.0,0.0,0,296659.00,0.00,0.00,22,13.12,0.31,0.00,-0.6,4.998,4.998,4.998,4.998,124
2022-02-06 18:26:22,0.0,0.0,0,0.0,0.0,0,0.0,0.0,0,296659.00,0.00,0.00,22,13.12,0.31,0.00,-0.6,4.998,4.998,4.998,4.998,186
2022-02-06 18:27:22,0.0,0.0,0,0.0,0.0,0,0.0,0.0,0,296659.00,0.00,0.00,22,13.12,0.31,0.00,-0.6,4.998,4.998,4.998,4.998,195
2022-02-06 18:28:22,0.0,0.0,0,0.0,0.0,0,0.0,0.0,0,296659.00,0.00,0.00,22,13.12,0.31,0.00,-0.6,4.998,4.998,4.998,4.998,183
2022-02-06 18:29:22,0.0,0.0,0,0.0,0.0,0,0.0,0.0,0,296659.00,0.00,0.00,22,13.08,0.31,0.00,-0.6,4.998,4.998,4.998,4.998,3
2022-02-06 18:30:22,0.0,0.0,0,0.0,0.0,0,0.0,0.0,0,296659.00,0.00,0.00,22,13.12,0.31,0.00,-0.2,4.998,4.998,4.998,4.998,133
2022-02-06 18:31:22,0.0,0.0,0,0.0,0.0,0,0.0,0.0,0,296659.00,0.00,0.00,22,13.08,0.31,0.00,-0.2,4.998,4.998,4.998,4.998,49
2022-02-06 18:32:22,0.0,0.0,0,0.0,0.0,0,0.0,0.0,0,296659.00,0.00,0.00,22,13.12,0.31,0.00,-0.2,4.998,4.998,4.998,4.998,58
2022-02-06 18:33:22,0.0,0.0,0,0.0,0.0,0,0.0,0.0,0,296659.00,0.00,0.00,22,13.08,0.31,0.00,-0.2,4.998,4.998,4.998,4.998,142
2022-02-06 18:34:22,0.0,0.0,0,0.0,0.0,0,0.0,0.0,0,296659.00,0.00,0.00,22,13.12,0.31,0.00,-0.2,4.998,4.998,4.998,4.998,89
2022-02-06 18:35:22,0.0,0.0,0,0.0,0.0,0,0.0,0.0,0,296659.00,0.00,0.00,22,13.12,0.31,0.00,-0.6,4.998,4.998,4.998,4.998,111
2022-02-06 18:36:22,0.0,0.0,0,0.0,0.0,0,0.0,0.0,0,296659.00,0.00,0.00,22,13.12,0.31,0.00,-0.6,4.998,4.998,4.998,4.998,169
2022-02-06 18:37:22,1.3,2.2,17,0.0,0.0,0,0.0,0.0,0,296676.00,0.00,0.00,22,13.12,0.31,0.00,-0.2,4.998,4.998,4.998,4.998,132
2022-02-06 18:38:22,2.1,2.2,33,0.0,0.0,0,0.0,0.0,0,296709.00,0.00,0.00,22,13.12,0.31,0.00,-0.6,4.998,4.998,4.998,4.998,189
2022-02-06 18:39:22,0.0,2.2,30,0.0,0.0,0,0.0,0.0,0,296739.00,0.00,0.00,22,13.12,0.31,0.00,-0.6,4.998,4.998,4.998,4.998,38
2022-02-06 18:40:22,3.8,4.3,87,0.0,0.0,0,0.0,0.0,0,296826.00,0.00,0.00,22,13.12,0.31,0.00,-1.1,4.998,4.998,4.998,4.998,161
2022-02-06 18:41:22,4.1,4.4,190,0.0,0.0,0,0.0,0.0,0,297016.00,0.00,0.00,22,13.12,0.31,0.00,-1.1,4.998,4.998,4.998,4.998,52
2022-02-06 18:42:22,4.2,5.2,253,0.0,0.0,0,0.0,0.0,0,297269.00,0.00,0.00,23,13.12,0.33,0.00,-0.6,4.998,4.998,4.998,4.998,154
2022-02-06 18:43:22,5.0,5.4,259,0.0,0.0,0,0.0,0.0,0,297528.00,0.00,0.00,30,13.12,0.42,0.00,-0.6,4.998,4.998,4.998,4.998,76
2022-02-06 18:44:22,5.1,7.2,314,0.0,0.0,0,0.0,0.0,0,297842.00,0.00,0.00,29,13.12,0.41,0.00,-0.6,4.998,4.998,4.998,4.998,137
2022-02-06 18:45:22,6.2,6.4,340,0.0,0.0,0,0.0,0.0,0,298182.00,0.00,0.00,42,13.08,0.58,0.00,-0.2,4.998,4.998,4.998,4.998,68
2022-02-06 18:46:22,4.6,6.8,283,0.0,0.0,0,0.0,0.0,0,298465.00,0.00,0.00,43,13.08,0.61,0.00,-0.2,4.998,4.998,4.998,4.998,222
2022-02-06 18:47:22,4.0,5.0,238,0.0,0.0,0,0.0,0.0,0,298703.00,0.00,0.00,40,13.12,0.56,0.00,-0.2,4.998,4.998,4.998,4.998,54
2022-02-06 18:48:22,3.7,5.6,212,0.0,0.0,0,0.0,0.0,0,298915.00,0.00,0.00,49,13.12,0.68,0.00,-0.6,4.998,4.998,4.998,4.998,151
2022-02-06 18:49:22,3.3,5.7,240,0.0,0.0,0,0.0,0.0,0,299155.00,0.00,0.00,58,13.12,0.80,0.00,-0.2,4.998,4.998,4.998,4.998,44
2022-02-06 18:50:22,6.2,6.9,323,0.0,0.0,0,0.0,0.0,0,299478.00,0.00,0.00,59,13.12,0.82,0.00,-0.2,4.998,4.998,4.998,4.998,28
2022-02-06 18:51:22,5.4,7.8,381,0.0,0.0,0,0.0,0.0,0,299859.00,0.00,0.00,61,13.08,0.85,0.00,-0.2,4.998,4.998,4.998,4.998,20
2022-02-06 18:52:22,5.1,8.2,345,0.0,0.0,0,0.0,0.0,0,300204.00,0.00,0.00,66,13.08,0.91,0.00,0.2,4.998,4.998,4.998,4.998,36
2022-02-06 18:53:22,2.8,6.0,225,0.0,0.0,0,0.0,0.0,0,300429.00,0.00,0.00,61,13.08,0.84,0.00,-0.6,4.998,4.998,4.998,4.998,178
2022-02-06 18:54:22,4.3,6.8,272,0.0,0.0,0,0.0,0.0,0,300701.00,0.00,0.00,64,13.12,0.89,0.00,-0.2,4.998,4.998,4.998,4.998,227
2022-02-06 18:55:22,5.4,6.8,282,0.0,0.0,0,0.0,0.0,0,300983.00,0.00,0.00,63,13.08,0.88,0.00,-0.2,4.998,4.998,4.998,4.998,204
2022-02-06 18:56:22,5.1,7.0,349,0.0,0.0,0,0.0,0.0,0,301332.00,0.00,0.00,72,13.08,1.01,0.00,-0.2,4.998,4.998,4.998,4.998,167
2022-02-06 18:57:22,5.7,7.5,372,0.0,0.0,0,0.0,0.0,0,301704.00,0.00,0.00,61,13.08,0.85,0.00,-0.2,4.998,4.998,4.998,4.998,255
2022-02-06 18:58:22,5.3,6.4,317,0.0,0.0,0,0.0,0.0,0,302021.00,0.00,0.00,63,13.08,0.88,0.00,-0.6,4.998,4.998,4.998,4.998,209
2022-02-06 18:59:22,5.5,6.4,321,0.0,0.0,0,0.0,0.0,0,302342.00,0.00,0.00,69,13.12,0.97,0.00,-0.6,4.998,4.998,4.998,4.998,97
2022-02-06 19:00:22,6.1,6.6,335,0.0,0.0,0,0.0,0.0,0,302677.00,0.00,0.00,73,13.08,1.02,0.00,-1.1,4.998,4.998,4.998,4.998,81
2022-02-06 19:01:22,5.8,8.1,377,0.0,0.0,0,0.0,0.0,0,303054.00,0.00,0.00,68,13.08,0.95,0.00,-1.1,4.998,4.998,4.998,4.998,170
2022-02-06 19:02:22,5.2,6.3,331,0.0,0.0,0,0.0,0.0,0,303385.00,0.00,0.00,65,13.08,0.91,0.00,-0.6,4.998,4.998,4.998,4.998,253
2022-02-06 19:03:22,5.2,6.4,323,0.0,0.0,0,0.0,0.0,0,303708.00,0.00,0.00,56,13.08,0.79,0.00,-0.6,4.998,4.998,4.998,4.998,172
2022-02-06 19:04:22,5.6,6.6,340,0.0,0.0,0,0.0,0.0,0,304048.00,0.00,0.00,54,13.08,0.75,0.00,-0.6,4.998,4.998,4.998,4.998,107
2022-02-06 19:05:22,5.2,6.2,312,0.0,0.0,0,0.0,0.0,0,304360.00,0.00,0.00,55,13.08,0.77,0.00,-1.1,4.998,4.998,4.998,4.998,28
2022-02-06 19:06:22,5.2,6.2,293,0.0,0.0,0,0.0,0.0,0,304653.00,0.00,0.00,46,13.08,0.64,0.00,-0.6,4.998,4.998,4.998,4.998,43
2022-02-06 19:07:22,3.8,6.7,281,0.0,0.0,0,0.0,0.0,0,304934.00,0.00,0.00,53,13.08,0.73,0.00,-0.6,4.998,4.998,4.998,4.998,239
2022-02-06 19:08:22,3.7,4.8,209,0.0,0.0,0,0.0,0.0,0,305143.00,0.00,0.00,52,13.08,0.73,0.00,-0.6,4.998,4.998,4.998,4.998,179
2022-02-06 19:09:22,2.8,3.9,177,0.0,0.0,0,0.0,0.0,0,305320.00,0.00,0.00,53,13.08,0.73,0.00,-0.6,4.998,4.998,4.998,4.998,110
2022-02-06 19:10:22,4.2,4.3,176,0.0,0.0,0,0.0,0.0,0,305496.00,0.00,0.00,53,13.08,0.73,0.00,-0.6,4.998,4.998,4.998,4.998,201
2022-02-06 19:11:22,2.7,4.8,210,0.0,0.0,0,0.0,0.0,0,305706.00,0.00,0.00,52,13.08,0.72,0.00,-0.6,4.998,4.998,4.998,4.998,90
2022-02-06 19:12:22,4.8,5.1,199,0.0,0.0,0,0.0,0.0,0,305905.00,0.00,0.00,51,13.08,0.71,0.00,-1.1,4.998,4.998,4.998,4.998,176
2022-02-06 19:13:22,3.2,5.0,211,0.0,0.0,0,0.0,0.0,0,306116.00,0.00,0.00,51,13.08,0.71,0.00,-1.1,4.998,4.998,4.998,4.998,163
2022-02-06 19:14:22,2.6,3.5,154,0.0,0.0,0,0.0,0.0,0,306270.00,0.00,0.00,51,13.08,0.71,0.00,-1.1,4.998,4.998,4.998,4.998,12
2022-02-06 19:15:22,5.1,5.5,234,0.0,0.0,0,0.0,0.0,0,306504.00,0.00,0.00,57,13.08,0.80,0.00,-1.1,4.998,4.998,4.998,4.998,82
2022-02-06 19:16:22,3.9,5.1,213,0.0,0.0,0,0.0,0.0,0,306717.00,0.00,0.00,57,13.08,0.80,0.00,-1.1,4.998,4.998,4.998,4.998,161
2022-02-06 19:17:22,4.4,5.6,268,0.0,0.0,0,0.0,0.0,0,306985.00,0.00,0.00,43,13.08,0.60,0.00,-0.6,4.998,4.998,4.998,4.998,175
2022-02-06 19:18:22,3.7,5.7,240,0.0,0.0,0,0.0,0.0,0,307225.00,0.00,0.00,45,13.08,0.62,0.00,-0.6,4.998,4.998,4.998,4.998,84
2022-02-06 19:19:22,6.4,7.2,331,0.0,0.0,0,0.0,0.0,0,307556.00,0.00,0.00,48,13.08,0.67,0.00,-1.1,4.998,4.998,4.998,4.998,138
2022-02-06 19:20:22,3.3,6.4,231,0.0,0.0,0,0.0,0.0,0,307787.00,0.00,0.00,47,13.08,0.65,0.00,-0.6,4.998,4.998,4.998,4.998,195
2022-02-06 19:21:22,4.2,4.2,193,0.0,0.0,0,0.0,0.0,0,307980.00,0.00,0.00,39,13.08,0.55,0.00,-1.6,4.998,4.998,4.998,4.998,119
2022-02-06 19:22:22,3.5,4.4,191,0.0,0.0,0,0.0,0.0,0,308171.00,0.00,0.00,39,13.08,0.55,0.00,-1.1,4.998,4.998,4.998,4.998,123
2022-02-06 19:23:22,3.1,3.8,150,0.0,0.0,0,0.0,0.0,0,308321.00,0.00,0.00,50,13.08,0.69,0.00,-1.1,4.998,4.998,4.998,4.998,186
2022-02-06 19:24:22,3.9,6.5,287,0.0,0.0,0,0.0,0.0,0,308608.00,0.00,0.00,49,13.08,0.69,0.00,-1.1,4.998,4.998,4.998,4.998,102
2022-02-06 19:25:22,4.8,5.4,228,0.0,0.0,0,0.0,0.0,0,308836.00,0.00,0.00,54,13.08,0.75,0.00,-1.1,4.998,4.998,4.998,4.998,217
2022-02-06 19:26:22,4.0,5.0,237,0.0,0.0,0,0.0,0.0,0,309073.00,0.00,0.00,50,13.08,0.69,0.00,-0.6,4.998,4.998,4.998,4.998,11
2022-02-06 19:27:22,4.7,6.6,299,0.0,0.0,0,0.0,0.0,0,309372.00,0.00,0.00,73,13.08,1.02,0.00,-1.1,4.998,4.998,4.998,4.998,86
2022-02-06 19:28:22,3.2,5.0,218,0.0,0.0,0,0.0,0.0,0,309590.00,0.00,0.00,73,13.04,1.01,0.00,-1.1,4.998,4.998,4.998,4.998,103
2022-02-06 19:29:22,2.7,3.9,183,0.0,0.0,0,0.0,0.0,0,309773.00,0.00,0.00,73,13.08,1.01,0.00,-1.6,4.998,4.998,4.998,4.998,42
2022-02-06 19:30:22,4.0,4.4,221,0.0,0.0,0,0.0,0.0,0,309994.00,0.00,0.00,73,13.08,1.02,0.00,-1.6,4.998,4.998,4.998,4.998,127
2022-02-06 19:31:22,3.4,4.6,218,0.0,0.0,0,0.0,0.0,0,310212.00,0.00,0.00,70,13.04,0.97,0.00,-1.6,4.998,4.998,4.998,4.998,104
2022-02-06 19:32:22,3.7,5.1,230,0.0,0.0,0,0.0,0.0,0,310442.00,0.00,0.00,51,13.04,0.71,0.00,-1.6,4.998,4.998,4.998,4.998,212
2022-02-06 19:33:22,3.4,4.7,196,0.0,0.0,0,0.0,0.0,0,310638.00,0.00,0.00,33,13.08,0.45,0.00,-1.6,4.998,4.998,4.998,4.998,0
2022-02-06 19:34:22,1.4,3.5,116,0.0,0.0,0,0.0,0.0,0,310754.00,0.00,0.00,32,13.08,0.45,0.00,-1.6,4.998,4.998,4.998,4.998,67
2022-02-06 19:35:22,0.0,1.2,1,0.0,0.0,0,0.0,0.0,0,310755.00,0.00,0.00,32,13.08,0.45,0.00,-1.1,4.998,4.998,4.998,4.998,19
2022-02-06 19:36:22,2.4,3.6,81,0.0,0.0,0,0.0,0.0,0,310836.00,0.00,0.00,29,13.04,0.41,0.00,-1.1,4.998,4.998,4.998,4.998,188
2022-02-06 19:37:22,1.3,2.6,88,0.0,0.0,0,0.0,0.0,0,310924.00,0.00,0.00,29,13.04,0.41,0.00,-1.1,4.998,4.998,4.998,4.998,168
2022-02-06 19:38:22,0.0,2.1,40,0.0,0.0,0,0.0,0.0,0,310964.00,0.00,0.00,29,13.04,0.40,0.00,-1.1,4.998,4.998,4.998,4.998,141
2022-02-06 19:39:22,0.0,0.0,0,0.0,0.0,0,0.0,0.0,0,310964.00,0.00,0.00,29,13.08,0.41,0.00,-1.1,4.998,4.998,4.998,4.998,223
2022-02-06 19:40:22,0.0,0.0,0,0.0,0.0,0,0.0,0.0,0,310964.00,0.00,0.00,29,13.08,0.40,0.00,-1.1,4.998,4.998,4.998,4.998,223
2022-02-06 19:41:22,0.0,0.0,0,0.0,0.0,0,0.0,0.0,0,310964.00,0.00,0.00,29,13.04,0.40,0.00,-1.1,4.998,4.998,4.998,4.998,106
2022-02-06 19:42:22,0.0,0.0,0,0.0,0.0,0,0.0,0.0,0,310964.00,0.00,0.00,29,13.08,0.41,0.00,-1.1,4.998,4.998,4.998,4.998,171
2022-02-06 19:43:22,1.5,2.7,31,0.0,0.0,0,0.0,0.0,0,310995.00,0.00,0.00,29,13.08,0.41,0.00,-1.6,4.998,4.998,4.998,4.998,252
2022-02-06 19:44:22,1.9,1.9,3,0.0,0.0,0,0.0,0.0,0,310998.00,0.00,0.00,29,13.04,0.40,0.00,-1.1,4.998,4.998,4.998,4.998,23
2022-02-06 19:45:22,0.0,3.0,54,0.0,0.0,0,0.0,0.0,0,311052.00,0.00,0.00,28,13.08,0.40,0.00,-1.1,4.998,4.998,4.998,4.998,136
2022-02-06 19:46:22,2.1,3.0,102,0.0,0.0,0,0.0,0.0,0,311154.00,0.00,0.00,28,13.04,0.40,0.00,-1.1,4.998,4.998,4.998,4.998,58
2022-02-06 19:47:22,1.3,3.3,94,0.0,0.0,0,0.0,0.0,0,311248.00,0.00,0.00,27,13.08,0.38,0.00,-1.1,4.998,4.998,4.998,4.998,0
2022-02-06 19:48:22,0.0,1.3,3,0.0,0.0,0,0.0,0.0,0,311251.00,0.00,0.00,28,13.04,0.39,0.00,-1.1,4.998,4.998,4.998,4.998,173
2022-02-06 19:49:22,0.0,0.0,0,0.0,0.0,0,0.0,0.0,0,311251.00,0.00,0.00,28,13.08,0.39,0.00,-1.1,4.998,4.998,4.998,4.998,115
2022-02-06 19:50:22,0.0,0.0,0,0.0,0.0,0,0.0,0.0,0,311251.00,0.00,0.00,28,13.08,0.39,0.00,-1.1,4.998,4.998,4.998,4.998,119
2022-02-06 19:51:22,0.0,0.0,0,0.0,0.0,0,0.0,0.0,0,311251.00,0.00,0.00,28,13.04,0.39,0.00,-1.1,4.998,4.998,4.998,4.998,194
2022-02-06 19:52:22,1.3,2.0,38,0.0,0.0,0,0.0,0.0,0,311289.00,0.00,0.00,28,13.04,0.39,0.00,-1.1,4.998,4.998,4.998,4.998,250
2022-02-06 19:53:22,2.1,2.6,98,0.0,0.0,0,0.0,0.0,0,311387.00,0.00,0.00,28,13.08,0.39,0.00,-1.6,4.998,4.998,4.998,4.998,35
2022-02-06 19:54:22,2.2,2.4,69,0.0,0.0,0,0.0,0.0,0,311456.00,0.00,0.00,28,13.08,0.39,0.00,-1.6,4.998,4.998,4.998,4.998,151
2022-02-06 19:55:22,0.0,2.7,51,0.0,0.0,0,0.0,0.0,0,311507.00,0.00,0.00,28,13.04,0.39,0.00,-1.6,4.998,4.998,4.998,4.998,224
2022-02-06 19:56:22,0.0,0.0,0,0.0,0.0,0,0.0,0.0,0,311507.00,0.00,0.00,28,13.04,0.39,0.00,-1.6,4.998,4.998,4.998,4.998,40
2022-02-06 19:57:22,0.0,0.0,0,0.0,0.0,0,0.0,0.0,0,311507.00,0.00,0.00,28,13.04,0.39,0.00,-1.6,4.998,4.998,4.998,4.998,81
2022-02-06 19:58:22,0.0,0.0,0,0.0,0.0,0,0.0,0.0,0,311507.00,0.00,0.00,28,13.04,0.39,0.00,-1.6,4.998,4.998,4.998,4.998,37
2022-02-06 19:59:22,3.3,3.4,119,0.0,0.0,0,0.0,0.0,0,311626.00,0.00,0.00,21,13.04,0.30,0.00,-1.1,4.998,4.998,4.998,4.998,34
2022-02-06 20:00:22,2.3,3.2,140,0.0,0.0,0,0.0,0.0,0,311766.00,0.00,0.00,21,13.04,0.30,0.00,-1.6,4.998,4.998,4.998,4.998,51
2022-02-06 20:01:22,1.0,3.2,86,0.0,0.0,0,0.0,0.0,0,311852.00,0.00,0.00,21,13.04,0.30,0.00,-2.1,4.998,4.998,4.998,4.998,3
2022-02-06 20:02:22,0.0,2.6,27,0.0,0.0,0,0.0,0.0,0,311879.00,0.00,0.00,22,13.04,0.30,0.00,-1.6,4.998,4.998,4.998,4.998,49
2022-02-06 20:03:22,2.1,2.3,8,0.0,0.0,0,0.0,0.0,0,311887.00,0.00,0.00,19,13.04,0.27,0.00,-1.6,4.998,4.998,4.998,4.998,214
2022-02-06 20:04:22,0.0,2.4,32,0.0,0.0,0,0.0,0.0,0,311919.00,0.00,0.00,19,13.08,0.27,0.00,-1.6,4.998,4.998,4.998,4.998,115
2022-02-06 20:05:22,0.0,0.0,0,0.0,0.0,0,0.0,0.0,0,311919.00,0.00,0.00,19,13.04,0.26,0.00,-1.6,4.998,4.998,4.998,4.998,172
2022-02-06 20:06:22,0.0,0.0,0,0.0,0.0,0,0.0,0.0,0,311919.00,0.00,0.00,19,13.04,0.27,0.00,-2.1,4.998,4.998,4.998,4.998,226
2022-02-06 20:07:22,0.0,0.0,0,0.0,0.0,0,0.0,0.0,0,311919.00,0.00,0.00,19,13.04,0.26,0.00,-2.1,4.998,4.998,4.998,4.998,80
2022-02-06 20:08:22,0.0,0.0,0,0.0,0.0,0,0.0,0.0,0,311919.00,0.00,0.00,19,13.04,0.27,0.00,-1.6,4.998,4.998,4.998,4.998,172
2022-02-06 20:09:22,0.0,0.0,0,0.0,0.0,0,0.0,0.0,0,311919.00,0.00,0.00,19,13.04,0.27,0.00,-2.1,4.998,4.998,4.998,4.998,150
2022-02-06 20:10:22,0.0,0.0,0,0.0,0.0,0,0.0,0.0,0,311919.00,0.00,0.00,19,13.04,0.27,0.00,-1.6,4.998,4.998,4.998,4.998,209
2022-02-06 20:11:22,0.0,0.0,0,0.0,0.0,0,0.0,0.0,0,311919.00,0.00,0.00,19,13.04,0.27,0.00,-1.6,4.998,4.998,4.998,4.998,168
2022-02-06 20:12:22,2.5,3.6,131,0.0,0.0,0,0.0,0.0,0,312050.00,0.00,0.00,19,13.04,0.26,0.00,-2.1,4.998,4.998,4.998,4.998,203
2022-02-06 20:13:22,0.0,2.4,20,0.0,0.0,0,0.0,0.0,0,312070.00,0.00,0.00,19,13.04,0.27,0.00,-1.6,4.998,4.998,4.998,4.998,59
2022-02-06 20:14:22,1.9,2.5,88,0.0,0.0,0,0.0,0.0,0,312158.00,0.00,0.00,19,13.04,0.27,0.00,-1.6,4.998,4.998,4.998,4.998,12
2022-02-06 20:15:22,1.8,2.5,86,0.0,0.0,0,0.0,0.0,0,312244.00,0.00,0.00,19,13.04,0.26,0.00,-1.6,4.998,4.998,4.998,4.998,161
2022-02-06 20:16:22,1.0,2.3,72,0.0,0.0,0,0.0,0.0,0,312316.00,0.00,0.00,19,13.04,0.27,0.00,-1.6,4.998,4.998,4.998,4.998,141
2022-02-06 20:17:22,0.0,0.0,0,0.0,0.0,0,0.0,0.0,0,312316.00,0.00,0.00,19,13.04,0.27,0.00,-1.6,4.998,4.998,4.998,4.998,2
2022-02-06 20:18:22,2.2,2.7,35,0.0,0.0,0,0.0,0.0,0,312351.00,0.00,0.00,19,13.04,0.27,0.00,-2.1,4.998,4.998,4.998,4.998,228
2022-02-06 20:19:22,2.1,2.4,95,0.0,0.0,0,0.0,0.0,0,312446.00,0.00,0.00,19,13.04,0.27,0.00,-2.1,4.998,4.998,4.998,4.998,255
2022-02-06 20:20:22,0.0,2.1,26,0.0,0.0,0,0.0,0.0,0,312472.00,0.00,0.00,19,13.04,0.27,0.00,-2.1,4.998,4.998,4.998,4.998,165
2022-02-06 20:21:22,0.0,0.0,0,0.0,0.0,0,0.0,0.0,0,312472.00,0.00,0.00,19,13.04,0.26,0.00,-2.1,4.998,4.998,4.998,4.998,122
2022-02-06 20:22:22,0.0,0.0,0,0.0,0.0,0,0.0,0.0,0,312472.00,0.00,0.00,19,13.04,0.27,0.00,-2.1,4.998,4.998,4.998,4.998,119
2022-02-06 20:23:22,2.2,3.2,97,0.0,0.0,0,0.0,0.0,0,312569.00,0.00,0.00,19,13.04,0.27,0.00,-2.1,4.998,4.998,4.998,4.998,130
2022-02-06 20:24:22,2.5,2.7,118,0.0,0.0,0,0.0,0.0,0,312687.00,0.00,0.00,19,13.04,0.26,0.00,-2.1,4.998,4.998,4.998,4.998,198
2022-02-06 20:25:22,1.8,3.0,112,0.0,0.0,0,0.0,0.0,0,312799.00,0.00,0.00,19,13.04,0.27,0.00,-1.6,4.998,4.998,4.998,4.998,19
2022-02-06 20:26:22,0.0,1.9,20,0.0,0.0,0,0.0,0.0,0,312819.00,0.00,0.00,19,13.04,0.27,0.00,-1.6,4.998,4.998,4.998,4.998,140
2022-02-06 20:27:22,0.0,0.0,0,0.0,0.0,0,0.0,0.0,0,312819.00,0.00,0.00,19,13.04,0.27,0.00,-2.1,4.998,4.998,4.998,4.998,155
2022-02-06 20:28:22,0.0,0.0,0,0.0,0.0,0,0.0,0.0,0,312819.00,0.00,0.00,19,13.04,0.27,0.00,-2.1,4.998,4.998,4.998,4.998,239
2022-02-06 20:29:22,0.0,0.0,0,0.0,0.0,0,0.0,0.0,0,312819.00,0.00,0.00,19,13.04,0.27,0.00,-2.1,4.998,4.998,4.998,4.998,150
2022-02-06 20:30:22,0.0,0.0,0,0.0,0.0,0,0.0,0.0,0,312819.00,0.00,0.00,19,13.04,0.27,0.00,-2.1,4.998,4.998,4.998,4.998,146
2022-02-06 20:31:22,0.0,0.0,0,0.0,0.0,0,0.0,0.0,0,312819.00,0.00,0.00,19,13.04,0.27,0.00,-2.1,4.998,4.998,4.998,4.998,235
2022-02-06 20:32:22,3.1,3.4,144,0.0,0.0,0,0.0,0.0,0,312963.00,0.00,0.00,19,13.04,0.27,0.00,-2.1,4.998,4.998,4.998,4.998,93
2022-02-06 20:33:22,2.6,3.4,148,0.0,0.0,0,0.0,0.0,0,313111.00,0.00,0.00,19,13.04,0.27,0.00,-2.1,4.998,4.998,4.998,4.998,57
2022-02-06 20:34:22,3.6,4.1,187,0.0,0.0,0,0.0,0.0,0,313298.00,0.00,0.00,19,13.04,0.26,0.00,-2.1,4.998,4.998,4.998,4.998,206
2022-02-06 20:35:22,3.3,3.6,168,0.0,0.0,0,0.0,0.0,0,313466.00,0.00,0.00,19,13.04,0.26,0.00,-2.1,4.998,4.998,4.998,4.998,23
2022-02-06 20:36:22,2.6,3.2,130,0.0,0.0,0,0.0,0.0,0,313596.00,0.00,0.00,19,13.04,0.27,0.00,-1.6,4.998,4.998,4.998,4.998,142
2022-02-06 20:37:22,2.2,2.8,112,0.0,0.0,0,0.0,0.0,0,313708.00,0.00,0.00,19,13.04,0.26,0.00,-2.1,4.998,4.998,4.998,4.998,200
2022-02-06 20:38:22,1.8,2.8,89,0.0,0.0,0,0.0,0.0,0,313797.00,0.00,0.00,19,13.00,0.27,0.00,-2.1,4.998,4.998,4.998,4.998,133
2022-02-06 20:39:22,0.0,2.3,58,0.0,0.0,0,0.0,0.0,0,313855.00,0.00,0.00,19,13.04,0.27,0.00,-2.1,4.998,4.998,4.998,4.998,157
2022-02-06 20:40:22,0.0,0.0,0,0.0,0.0,0,0.0,0.0,0,313855.00,0.00,0.00,19,13.04,0.27,0.00,-2.1,4.998,4.998,4.998,4.998,216
2022-02-06 20:41:22,2.1,2.1,20,0.0,0.0,0,0.0,0.0,0,313875.00,0.00,0.00,19,13.04,0.27,0.00,-2.1,4.998,4.998,4.998,4.998,182
2022-02-06 20:42:22,2.0,3.0,120,0.0,0.0,0,0.0,0.0,0,313995.00,0.00,0.00,19,13.04,0.27,0.00,-2.6,4.998,4.998,4.998,4.998,180
2022-02-06 20:43:22,3.0,4.0,128,0.0,0.0,0,0.0,0.0,0,314123.00,0.00,0.00,20,13.00,0.28,0.00,-2.6,4.998,4.998,4.998,4.998,250
2022-02-06 20:44:22,3.3,3.6,170,0.0,0.0,0,0.0,0.0,0,314293.00,0.00,0.00,20,13.04,0.28,0.00,-3.1,4.998,4.998,4.998,4.998,97
2022-02-06 20:45:22,3.7,4.0,201,0.0,0.0,0,0.0,0.0,0,314494.00,0.00,0.00,20,13.00,0.28,0.00,-2.6,4.998,4.998,4.998,4.998,5
2022-02-06 20:46:22,3.5,4.1,215,0.0,0.0,0,0.0,0.0,0,314709.00,0.00,0.00,47,13.04,0.65,0.00,-3.1,4.998,4.998,4.998,4.998,70
2022-02-06 20:47:22,3.1,4.2,199,0.0,0.0,0,0.0,0.0,0,314908.00,0.00,0.00,49,13.04,0.68,0.00,-2.6,4.998,4.998,4.998,4.998,150
2022-02-06 20:48:22,2.7,3.4,149,0.0,0.0,0,0.0,0.0,0,315057.00,0.00,0.00,49,13.04,0.68,0.00,-2.6,4.998,4.998,4.998,4.998,116
2022-02-06 20:49:22,2.4,3.0,134,0.0,0.0,0,0.0,0.0,0,315191.00,0.00,0.00,49,13.04,0.68,0.00,-3.1,4.998,4.998,4.998,4.998,67
2022-02-06 20:50:22,2.2,2.7,115,0.0,0.0,0,0.0,0.0,0,315306.00,0.00,0.00,49,13.00,0.68,0.00,-3.1,4.998,4.998,4.998,4.998,59
2022-02-06 20:51:22,2.4,2.7,110,0.0,0.0,0,0.0,0.0,0,315416.00,0.00,0.00,49,13.00,0.68,0.00,-3.6,4.998,4.998,4.998,4.998,203
2022-02-06 20:52:22,2.9,3.2,142,0.0,0.0,0,0.0,0.0,0,315558.00,0.00,0.00,49,13.04,0.68,0.00,-3.1,4.998,4.998,4.998,4.998,55
2022-02-06 20:53:22,3.1,3.3,154,0.0,0.0,0,0.0,0.0,0,315712.00,0.00,0.00,49,13.00,0.68,0.00,-3.6,4.998,4.998,4.998,4.998,240
2022-02-06 20:54:22,2.5,3.7,164,0.0,0.0,0,0.0,0.0,0,315876.00,0.00,0.00,49,13.00,0.68,0.00,-3.1,4.998,4.998,4.998,4.998,5
2022-02-06 20:55:22,2.3,2.6,111,0.0,0.0,0,0.0,0.0,0,315987.00,0.00,0.00,49,13.00,0.68,0.00,-3.1,4.998,4.998,4.998,4.998,71
2022-02-06 20:56:22,2.0,3.3,123,0.0,0.0,0,0.0,0.0,0,316110.00,0.00,0.00,49,13.00,0.68,0.00,-3.1,4.998,4.998,4.998,4.998,228
2022-02-06 20:57:22,2.3,2.3,85,0.0,0.0,0,0.0,0.0,0,316195.00,0.00,0.00,49,13.04,0.68,0.00,-3.1,4.998,4.998,4.998,4.998,22
2022-02-06 20:58:22,1.8,2.4,84,0.0,0.0,0,0.0,0.0,0,316279.00,0.00,0.00,49,13.00,0.68,0.00,-3.1,4.998,4.998,4.998,4.998,184
2022-02-06 20:59:22,1.2,1.9,54,0.0,0.0,0,0.0,0.0,0,316333.00,0.00,0.00,49,13.00,0.68,0.00,-3.1,4.998,4.998,4.998,4.998,25
2022-02-06 21:00:22,0.0,1.3,3,0.0,0.0,0,0.0,0.0,0,316336.00,0.00,0.00,49,13.00,0.68,0.00,-3.1,4.998,4.998,4.998,4.998,220
2022-02-06 21:01:22,0.0,0.0,0,0.0,0.0,0,0.0,0.0,0,316336.00,0.00,0.00,49,13.00,0.68,0.00,-3.1,4.998,4.998,4.998,4.998,206
2022-02-06 21:02:22,0.0,0.0,0,0.0,0.0,0,0.0,0.0,0,316336.00,0.00,0.00,49,13.00,0.68,0.00,-3.1,4.998,4.998,4.998,4.998,8
2022-02-06 21:03:22,0.0,0.0,0,0.0,0.0,0,0.0,0.0,0,316336.00,0.00,0.00,49,13.04,0.68,0.00,-3.1,4.998,4.998,4.998,4.998,4
2022-02-06 21:04:22,2.0,2.4,56,0.0,0.0,0,0.0,0.0,0,316392.00,0.00,0.00,49,13.04,0.68,0.00,-3.1,4.998,4.998,4.998,4.998,113
2022-02-06 21:05:22,1.6,2.3,88,0.0,0.0,0,0.0,0.0,0,316480.00,0.00,0.00,49,13.00,0.68,0.00,-3.1,4.998,4.998,4.998,4.998,250
2022-02-06 21:06:22,2.5,2.9,123,0.0,0.0,0,0.0,0.0,0,316603.00,0.00,0.00,49,13.00,0.68,0.00,-3.1,4.998,4.998,4.998,4.998,243
2022-02-06 21:07:22,1.8,2.5,76,0.0,0.0,0,0.0,0.0,0,316679.00,0.00,0.00,49,13.00,0.68,0.00,-3.1,4.998,4.998,4.998,4.998,72
2022-02-06 21:08:22,1.3,2.0,69,0.0,0.0,0,0.0,0.0,0,316748.00,0.00,0.00,49,13.00,0.68,0.00,-3.1,4.998,4.998,4.998,4.998,195
2022-02-06 21:09:22,0.0,0.0,0,0.0,0.0,0,0.0,0.0,0,316748.00,0.00,0.00,49,13.00,0.68,0.00,-3.6,4.998,4.998,4.998,4.998,228
2022-02-06 21:10:22,0.0,0.0,1,0.0,0.0,0,0.0,0.0,0,316749.00,0.00,0.00,49,13.00,0.68,0.00,-3.6,4.998,4.998,4.998,4.998,138
2022-02-06 21:11:22,2.3,2.7,91,0.0,0.0,0,0.0,0.0,0,316840.00,0.00,0.00,49,13.00,0.68,0.00,-3.6,4.998,4.998,4.998,4.998,137
2022-02-06 21:12:22,0.0,2.1,35,0.0,0.0,0,0.0,0.0,0,316875.00,0.00,0.00,49,13.00,0.68,0.00,-3.6,4.998,4.998,4.998,4.998,191
2022-02-06 21:13:22,0.0,0.0,0,0.0,0.0,0,0.0,0.0,0,316875.00,0.00,0.00,49,13.00,0.68,0.00,-3.1,4.998,4.998,4.998,4.998,42
2022-02-06 21:14:22,0.0,0.0,0,0.0,0.0,0,0.0,0.0,0,316875.00,0.00,0.00,49,13.00,0.68,0.00,-3.1,4.998,4.998,4.998,4.998,48
2022-02-06 21:15:22,0.0,0.0,0,0.0,0.0,0,0.0,0.0,0,316875.00,0.00,0.00,49,13.00,0.68,0.00,-3.1,4.998,4.998,4.998,4.998,73
2022-02-06 21:16:22,0.0,0.0,0,0.0,0.0,0,0.0,0.0,0,316875.00,0.00,0.00,49,13.00,0.68,0.00,-3.1,4.998,4.998,4.998,4.998,143
2022-02-06 21:17:22,0.0,0.0,0,0.0,0.0,0,0.0,0.0,0,316875.00,0.00,0.00,49,13.00,0.68,0.00,-3.1,4.998,4.998,4.998,4.998,246
2022-02-06 21:18:22,0.0,0.0,0,0.0,0.0,0,0.0,0.0,0,316875.00,0.00,0.00,49,13.00,0.68,0.00,-3.6,4.998,4.998,4.998,4.998,104
2022-02-06 21:19:22,0.0,0.0,1,0.0,0.0,0,0.0,0.0,0,316876.00,0.00,0.00,49,13.00,0.68,0.00,-4.1,4.998,4.998,4.998,4.998,148
2022-02-06 21:20:22,0.0,2.1,55,0.0,0.0,0,0.0,0.0,0,316931.00,0.00,0.00,49,13.00,0.68,0.00,-4.1,4.998,4.998,4.998,4.998,112
2022-02-06 21:21:22,0.0,0.0,1,0.0,0.0,0,0.0,0.0,0,316932.00,0.00,0.00,49,13.00,0.68,0.00,-3.6,4.998,4.998,4.998,4.998,70
2022-02-06 21:22:22,0.0,0.0,0,0.0,0.0,0,0.0,0.0,0,316932.00,0.00,0.00,49,13.00,0.68,0.00,-3.6,4.998,4.998,4.998,4.998,210
2022-02-06 21:23:22,0.0,0.0,0,0.0,0.0,0,0.0,0.0,0,316932.00,0.00,0.00,49,13.00,0.68,0.00,-3.6,4.998,4.998,4.998,4.998,171
2022-02-06 21:24:22,2.8,2.9,78,0.0,0.0,0,0.0,0.0,0,317010.00,0.00,0.00,49,13.00,0.68,0.00,-3.6,4.998,4.998,4.998,4.998,238
2022-02-06 21:25:22,2.4,2.8,135,0.0,0.0,0,0.0,0.0,0,317145.00,0.00,0.00,49,13.00,0.68,0.00,-3.1,4.998,4.998,4.998,4.998,109
2022-02-06 21:26:22,2.8,2.9,143,0.0,0.0,0,0.0,0.0,0,317288.00,0.00,0.00,49,13.00,0.68,0.00,-3.6,4.998,4.998,4.998,4.998,55
2022-02-06 21:27:22,2.3,3.2,140,0.0,0.0,0,0.0,0.0,0,317428.00,0.00,0.00,49,13.00,0.68,0.00,-4.5,4.998,4.998,4.998,4.998,226
2022-02-06 21:28:22,1.9,2.6,103,0.0,0.0,0,0.0,0.0,0,317531.00,0.00,0.00,49,13.00,0.68,0.00,-4.5,4.998,4.998,4.998,4.998,79
2022-02-06 21:29:22,0.0,2.1,44,0.0,0.0,0,0.0,0.0,0,317575.00,0.00,0.00,49,13.00,0.68,0.00,-5.0,4.998,4.998,4.998,4.998,92
2022-02-06 21:30:22,0.0,0.0,0,0.0,0.0,0,0.0,0.0,0,317575.00,0.00,0.00,49,13.00,0.68,0.00,-5.0,4.998,4.998,4.998,4.998,161
2022-02-06 21:31:22,3.2,4.2,155,0.0,0.0,0,0.0,0.0,0,317730.00,0.00,0.00,21,13.00,0.30,0.00,-4.5,4.998,4.998,4.998,4.998,227
2022-02-06 21:32:22,2.5,3.5,160,0.0,0.0,0,0.0,0.0,0,317890.00,0.00,0.00,22,13.00,0.30,0.00,-4.1,4.998,4.998,4.998,4.998,238
2022-02-06 21:33:22,2.0,2.7,110,0.0,0.0,0,0.0,0.0,0,318000.00,0.00,0.00,22,12.96,0.30,0.00,-3.6,4.998,4.998,4.998,4.998,252
2022-02-06 21:34:22,1.9,2.4,79,0.0,0.0,0,0.0,0.0,0,318079.00,0.00,0.00,21,13.00,0.30,0.00,-3.6,4.998,4.998,4.998,4.998,125
2022-02-06 21:35:22,1.0,2.4,76,0.0,0.0,0,0.0,0.0,0,318155.00,0.00,0.00,21,13.00,0.30,0.00,-4.5,4.998,4.998,4.998,4.998,96
2022-02-06 21:36:22,0.0,0.0,0,0.0,0.0,0,0.0,0.0,0,318155.00,0.00,0.00,21,13.00,0.30,0.00,-4.1,4.998,4.998,4.998,4.998,241
2022-02-06 21:37:22,3.2,3.2,19,0.0,0.0,0,0.0,0.0,0,318174.00,0.00,0.00,21,13.00,0.30,0.00,-4.5,4.998,4.998,4.998,4.998,225
2022-02-06 21:38:22,1.0,3.3,95,0.0,0.0,0,0.0,0.0,0,318269.00,0.00,0.00,21,13.00,0.30,0.00,-4.5,4.998,4.998,4.998,4.998,147
2022-02-06 21:39:22,0.0,1.0,1,0.0,0.0,0,0.0,0.0,0,318270.00,0.00,0.00,21,13.00,0.29,0.00,-4.5,4.998,4.998,4.998,4.998,177
2022-02-06 21:40:22,0.0,0.0,0,0.0,0.0,0,0.0,0.0,0,318270.00,0.00,0.00,21,13.00,0.30,0.00,-5.0,4.998,4.998,4.998,4.998,62
2022-02-06 21:41:22,0.0,0.0,0,0.0,0.0,0,0.0,0.0,0,318270.00,0.00,0.00,21,13.00,0.30,0.00,-4.5,4.998,4.998,4.998,4.998,253
2022-02-06 21:42:22,2.1,2.4,38,0.0,0.0,0,0.0,0.0,0,318308.00,0.00,0.00,21,12.96,0.30,0.00,-4.5,4.998,4.998,4.998,4.998,183
2022-02-06 21:43:22,3.5,3.5,156,0.0,0.0,0,0.0,0.0,0,318464.00,0.00,0.00,21,13.00,0.30,0.00,-4.5,4.998,4.998,4.998,4.998,44
2022-02-06 21:44:22,2.5,4.2,179,0.0,0.0,0,0.0,0.0,0,318643.00,0.00,0.00,22,13.00,0.30,0.00,-4.1,4.998,4.998,4.998,4.998,0
2022-02-06 21:45:22,2.8,2.8,123,0.0,0.0,0,0.0,0.0,0,318766.00,0.00,0.00,21,13.00,0.30,0.00,-4.1,4.998,4.998,4.998,4.998,219
2022-02-06 21:46:22,2.7,3.1,150,0.0,0.0,0,0.0,0.0,0,318916.00,0.00,0.00,22,13.00,0.30,0.00,-4.5,4.998,4.998,4.998,4.998,242
2022-02-06 21:47:22,0.0,2.5,11,0.0,0.0,0,0.0,0.0,0,318927.00,0.00,0.00,21,12.96,0.30,0.00,-5.0,4.998,4.998,4.998,4.998,23
2022-02-06 21:48:22,0.0,0.0,0,0.0,0.0,0,0.0,0.0,0,318927.00,0.00,0.00,21,13.00,0.30,0.00,-5.0,4.998,4.998,4.998,4.998,30
2022-02-06 21:49:22,3.1,3.8,98,0.0,0.0,0,0.0,0.0,0,319025.00,0.00,0.00,22,13.00,0.30,0.00,-4.1,4.998,4.998,4.998,4.998,45
2022-02-06 21:50:22,0.0,3.1,42,0.0,0.0,0,0.0,0.0,0,319067.00,0.00,0.00,22,13.00,0.30,0.00,-5.0,4.998,4.998,4.998,4.998,194
2022-02-06 21:51:22,2.2,2.6,20,0.0,0.0,0,0.0,0.0,0,319087.00,0.00,0.00,22,13.00,0.30,0.00,-5.0,4.998,4.998,4.998,4.998,58
2022-02-06 21:52:22,2.8,3.6,133,0.0,0.0,0,0.0,0.0,0,319220.00,0.00,0.00,21,12.96,0.30,0.00,-4.1,4.998,4.998,4.998,4.998,252
2022-02-06 21:53:22,2.5,4.1,136,0.0,0.0,0,0.0,0.0,0,319356.00,0.00,0.00,22,13.00,0.30,0.00,-4.1,4.998,4.998,4.998,4.998,138
2022-02-06 21:54:22,0.0,2.5,47,0.0,0.0,0,0.0,0.0,0,319403.00,0.00,0.00,22,12.96,0.30,0.00,-4.1,4.998,4.998,4.998,4.998,134
2022-02-06 21:55:22,0.0,0.0,0,0.0,0.0,0,0.0,0.0,0,319403.00,0.00,0.00,22,13.00,0.30,0.00,-4.5,4.998,4.998,4.998,4.998,21
2022-02-06 21:56:22,0.0,0.0,0,0.0,0.0,0,0.0,0.0,0,319403.00,0.00,0.00,21,13.00,0.30,0.00,-4.5,4.998,4.998,4.998,4.998,155
2022-02-06 21:57:22,0.0,0.0,0,0.0,0.0,0,0.0,0.0,0,319403.00,0.00,0.00,22,12.96,0.30,0.00,-5.0,4.998,4.998,4.998,4.998,36
2022-02-06 21:58:22,0.0,0.0,0,0.0,0.0,0,0.0,0.0,0,319403.00,0.00,0.00,21,13.00,0.30,0.00,-5.0,4.998,4.998,4.998,4.998,44
2022-02-06 21:59:22,0.0,0.0,0,0.0,0.0,0,0.0,0.0,0,319403.00,0.00,0.00,22,12.96,0.30,0.00,-5.5,4.998,4.998,4.998,4.998,93
2022-02-06 22:00:22,1.3,1.8,41,0.0,0.0,0,0.0,0.0,0,319444.00,0.00,0.00,22,12.96,0.30,0.00,-6.0,4.998,4.998,4.998,4.998,57
2022-02-06 22:01:22,0.0,0.0,0,0.0,0.0,0,0.0,0.0,0,319444.00,0.00,0.00,22,12.96,0.30,0.00,-5.5,4.998,4.998,4.998,4.998,243
2022-02-06 22:02:22,0.0,0.0,0,0.0,0.0,0,0.0,0.0,0,319444.00,0.00,0.00,22,12.96,0.30,0.00,-6.0,4.998,4.998,4.998,4.998,232
2022-02-06 22:03:22,0.0,0.0,0,0.0,0.0,0,0.0,0.0,0,319444.00,0.00,0.00,22,12.96,0.30,0.00,-6.5,4.998,4.998,4.998,4.998,229
2022-02-06 22:04:22,0.0,0.0,0,0.0,0.0,0,0.0,0.0,0,319444.00,0.00,0.00,22,12.96,0.30,0.00,-6.5,4.998,4.998,4.998,4.998,255
2022-02-06 22:05:22,0.0,0.0,0,0.0,0.0,0,0.0,0.0,0,319444.00,0.00,0.00,22,13.00,0.30,0.00,-6.5,4.998,4.998,4.998,4.998,178
2022-02-06 22:06:22,0.0,0.0,0,0.0,0.0,0,0.0,0.0,0,319444.00,0.00,0.00,22,12.96,0.30,0.00,-6.0,4.998,4.998,4.998,4.998,52
2022-02-06 22:07:22,0.0,0.0,0,0.0,0.0,0,0.0,0.0,0,319444.00,0.00,0.00,22,12.96,0.30,0.00,-6.0,4.998,4.998,4.998,4.998,77
2022-02-06 22:08:22,0.0,0.0,0,0.0,0.0,0,0.0,0.0,0,319444.00,0.00,0.00,22,13.00,0.30,0.00,-6.0,4.998,4.998,4.998,4.998,13
2022-02-06 22:09:22,0.0,0.0,0,0.0,0.0,0,0.0,0.0,0,319444.00,0.00,0.00,22,13.00,0.30,0.00,-5.5,4.998,4.998,4.998,4.998,169
2022-02-06 22:10:22,0.0,0.0,0,0.0,0.0,0,0.0,0.0,0,319444.00,0.00,0.00,22,12.96,0.30,0.00,-6.0,4.998,4.998,4.998,4.998,68
2022-02-06 22:11:22,2.3,2.9,35,0.0,0.0,0,0.0,0.0,0,319479.00,0.00,0.00,22,13.00,0.31,0.00,-5.5,4.998,4.998,4.998,4.998,235
2022-02-06 22:12:22,0.0,2.3,17,0.0,0.0,0,0.0,0.0,0,319496.00,0.00,0.00,22,12.96,0.30,0.00,-6.0,4.998,4.998,4.998,4.998,39
2022-02-06 22:13:22,0.0,0.0,0,0.0,0.0,0,0.0,0.0,0,319496.00,0.00,0.00,22,13.00,0.30,0.00,-5.5,4.998,4.998,4.998,4.998,124
2022-02-06 22:14:22,0.0,0.0,0,0.0,0.0,0,0.0,0.0,0,319496.00,0.00,0.00,22,12.96,0.30,0.00,-5.5,4.998,4.998,4.998,4.998,82
2022-02-06 22:15:22,0.0,0.0,0,0.0,0.0,0,0.0,0.0,0,319496.00,0.00,0.00,22,13.00,0.30,0.00,-6.0,4.998,4.998,4.998,4.998,194
2022-02-06 22:16:22,0.0,0.0,0,0.0,0.0,0,0.0,0.0,0,319496.00,0.00,0.00,22,12.96,0.31,0.00,-6.0,4.998,4.998,4.998,4.998,251
2022-02-06 22:17:22,0.0,0.0,0,0.0,0.0,0,0.0,0.0,0,319496.00,0.00,0.00,22,13.00,0.31,0.00,-5.5,4.998,4.998,4.998,4.998,107
2022-02-06 22:18:22,0.0,0.0,0,0.0,0.0,0,0.0,0.0,0,319496.00,0.00,0.00,22,12.96,0.31,0.00,-5.5,4.998,4.998,4.998,4.998,43
2022-02-06 22:19:22,0.0,0.0,0,0.0,0.0,0,0.0,0.0,0,319496.00,0.00,0.00,22,12.96,0.30,0.00,-5.5,4.998,4.998,4.998,4.998,153
2022-02-06 22:20:22,0.0,0.0,0,0.0,0.0,0,0.0,0.0,0,319496.00,0.00,0.00,22,13.00,0.31,0.00,-6.0,4.998,4.998,4.998,4.998,53
2022-02-06 22:21:22,0.0,0.0,0,0.0,0.0,0,0.0,0.0,0,319496.00,0.00,0.00,22,12.96,0.30,0.00,-5.5,4.998,4.998,4.998,4.998,110
2022-02-06 22:22:22,1.7,3.1,87,0.0,0.0,0,0.0,0.0,0,319583.00,0.00,0.00,22,12.96,0.31,0.00,-5.5,4.998,4.998,4.998,4.998,203
2022-02-06 22:23:22,1.4,2.2,73,0.0,0.0,0,0.0,0.0,0,319656.00,0.00,0.00,22,13.00,0.30,0.00,-5.5,4.998,4.998,4.998,4.998,233
2022-02-06 22:24:22,0.0,1.9,36,0.0,0.0,0,0.0,0.0,0,319692.00,0.00,0.00,22,12.96,0.30,0.00,-6.0,4.998,4.998,4.998,4.998,177
2022-02-06 22:25:22,0.0,0.0,0,0.0,0.0,0,0.0,0.0,0,319692.00,0.00,0.00,22,12.96,0.31,0.00,-6.5,4.998,4.998,4.998,4.998,179
2022-02-06 22:26:22,0.0,0.0,0,0.0,0.0,0,0.0,0.0,0,319692.00,0.00,0.00,22,12.96,0.31,0.00,-6.5,4.998,4.998,4.998,4.998,117
2022-02-06 22:27:22,0.0,0.0,0,0.0,0.0,0,0.0,0.0,0,319692.00,0.00,0.00,22,12.96,0.31,0.00,-6.0,4.998,4.998,4.998,4.998,120
2022-02-06 22:28:22,0.0,0.0,0,0.0,0.0,0,0.0,0.0,0,319692.00,0.00,0.00,22,12.96,0.30,0.00,-6.0,4.998,4.998,4.998,4.998,199
2022-02-06 22:29:22,0.0,0.0,1,0.0,0.0,0,0.0,0.0,0,319693.00,0.00,0.00,22,12.96,0.31,0.00,-6.0,4.998,4.998,4.998,4.998,31
2022-02-06 22:30:22,1.6,2.3,84,0.0,0.0,0,0.0,0.0,0,319777.00,0.00,0.00,22,12.96,0.31,0.00,-6.0,4.998,4.998,4.998,4.998,132
2022-02-06 22:31:22,1.7,2.1,79,0.0,0.0,0,0.0,0.0,0,319856.00,0.00,0.00,22,12.96,0.30,0.00,-6.5,4.998,4.998,4.998,4.998,16
2022-02-06 22:32:22,1.9,2.1,83,0.0,0.0,0,0.0,0.0,0,319939.00,0.00,0.00,22,12.96,0.31,0.00,-6.5,4.998,4.998,4.998,4.998,156
2022-02-06 22:33:22,1.9,2.1,81,0.0,0.0,0,0.0,0.0,0,320020.00,0.00,0.00,22,12.96,0.31,0.00,-6.5,4.998,4.998,4.998,4.998,143
2022-02-06 22:34:22,2.2,2.3,66,0.0,0.0,0,0.0,0.0,0,320086.00,0.00,0.00,22,12.96,0.31,0.00,-6.5,4.998,4.998,4.998,4.998,77
2022-02-06 22:35:22,1.6,2.1,74,0.0,0.0,0,0.0,0.0,0,320160.00,0.00,0.00,22,12.96,0.30,0.00,-7.0,4.998,4.998,4.998,4.998,87
2022-02-06 22:36:22,1.8,2.0,79,0.0,0.0,0,0.0,0.0,0,320239.00,0.00,0.00,22,12.96,0.31,0.00,-6.5,4.998,4.998,4.998,4.998,36
2022-02-06 22:37:22,0.0,1.7,33,0.0,0.0,0,0.0,0.0,0,320272.00,0.00,0.00,22,12.96,0.31,0.00,-7.0,4.998,4.998,4.998,4.998,30
2022-02-06 22:38:22,0.0,0.0,0,0.0,0.0,0,0.0,0.0,0,320272.00,0.00,0.00,22,12.96,0.30,0.00,-7.0,4.998,4.998,4.998,4.998,181
2022-02-06 22:39:22,0.0,0.0,0,0.0,0.0,0,0.0,0.0,0,320272.00,0.00,0.00,22,12.96,0.30,0.00,-7.0,4.998,4.998,4.998,4.998,204
2022-02-06 22:40:22,0.0,0.0,0,0.0,0.0,0,0.0,0.0,0,320272.00,0.00,0.00,22,12.96,0.30,0.00,-7.0,4.998,4.998,4.998,4.998,7
2022-02-06 22:41:22,0.0,0.0,0,0.0,0.0,0,0.0,0.0,0,320272.00,0.00,0.00,22,12.92,0.31,0.00,-6.5,4.998,4.998,4.998,4.998,122
2022-02-06 22:42:22,0.0,0.0,0,0.0,0.0,0,0.0,0.0,0,320272.00,0.00,0.00,22,12.96,0.31,0.00,-6.0,4.998,4.998,4.998,4.998,189
2022-02-06 22:43:22,0.0,0.0,0,0.0,0.0,0,0.0,0.0,0,320272.00,0.00,0.00,22,12.96,0.30,0.00,-6.5,4.998,4.998,4.998,4.998,123
2022-02-06 22:44:22,0.0,0.0,0,0.0,0.0,0,0.0,0.0,0,320272.00,0.00,0.00,22,12.96,0.30,0.00,-6.0,4.998,4.998,4.998,4.998,21
2022-02-06 22:45:22,0.0,0.0,0,0.0,0.0,0,0.0,0.0,0,320272.00,0.00,0.00,22,12.96,0.31,0.00,-6.5,4.998,4.998,4.998,4.998,211
2022-02-06 22:46:22,0.0,0.0,0,0.0,0.0,0,0.0,0.0,0,320272.00,0.00,0.00,22,12.96,0.30,0.00,-6.5,4.998,4.998,4.998,4.998,222
2022-02-06 22:47:22,0.0,0.0,0,0.0,0.0,0,0.0,0.0,0,320272.00,0.00,0.00,22,12.96,0.30,0.00,-7.0,4.998,4.998,4.998,4.998,29
2022-02-06 22:48:22,0.0,0.0,0,0.0,0.0,0,0.0,0.0,0,320272.00,0.00,0.00,22,12.96,0.31,0.00,-7.0,4.998,4.998,4.998,4.998,162
2022-02-06 22:49:22,0.0,0.0,0,0.0,0.0,0,0.0,0.0,0,320272.00,0.00,0.00,22,12.96,0.31,0.00,-7.0,4.998,4.998,4.998,4.998,219
2022-02-06 22:50:22,0.0,0.0,0,0.0,0.0,0,0.0,0.0,0,320272.00,0.00,0.00,22,12.96,0.30,0.00,-7.5,4.998,4.998,4.998,4.998,96
2022-02-06 22:51:22,0.0,0.0,0,0.0,0.0,0,0.0,0.0,0,320272.00,0.00,0.00,22,12.96,0.31,0.00,-7.0,4.998,4.998,4.998,4.998,166
2022-02-06 22:52:22,0.0,0.0,0,0.0,0.0,0,0.0,0.0,0,320272.00,0.00,0.00,22,12.96,0.31,0.00,-7.0,4.998,4.998,4.998,4.998,96
2022-02-06 22:53:22,0.0,0.0,0,0.0,0.0,0,0.0,0.0,0,320272.00,0.00,0.00,22,12.96,0.30,0.00,-7.0,4.998,4.998,4.998,4.998,210
2022-02-06 22:54:22,0.0,0.0,0,0.0,0.0,0,0.0,0.0,0,320272.00,0.00,0.00,22,12.96,0.31,0.00,-7.5,4.998,4.998,4.998,4.998,119
2022-02-06 22:55:22,0.0,0.0,0,0.0,0.0,0,0.0,0.0,0,320272.00,0.00,0.00,22,12.96,0.30,0.00,-7.5,4.998,4.998,4.998,4.998,197
2022-02-06 22:56:22,1.2,1.2,2,0.0,0.0,0,0.0,0.0,0,320274.00,0.00,0.00,22,12.96,0.31,0.00,-7.5,4.998,4.998,4.998,4.998,43
2022-02-06 22:57:22,2.5,2.5,96,0.0,0.0,0,0.0,0.0,0,320370.00,0.00,0.00,22,12.96,0.30,0.00,-7.0,4.998,4.998,4.998,4.998,199
2022-02-06 22:58:22,2.7,2.9,141,0.0,0.0,0,0.0,0.0,0,320511.00,0.00,0.00,22,12.96,0.31,0.00,-7.5,4.998,4.998,4.998,4.998,164
2022-02-06 22:59:22,2.0,3.0,116,0.0,0.0,0,0.0,0.0,0,320627.00,0.00,0.00,22,12.96,0.31,0.00,-7.5,4.998,4.998,4.998,4.998,203
2022-02-06 23:00:22,0.0,2.2,52,0.0,0.0,0,0.0,0.0,0,320679.00,0.00,0.00,22,12.92,0.31,0.00,-8.0,4.998,4.998,4.998,4.998,89
2022-02-06 23:01:22,0.0,0.0,0,0.0,0.0,0,0.0,0.0,0,320679.00,0.00,0.00,22,12.96,0.30,0.00,-7.5,4.998,4.998,4.998,4.998,240
2022-02-06 23:02:22,0.0,0.0,0,0.0,0.0,0,0.0,0.0,0,320679.00,0.00,0.00,22,12.96,0.31,0.00,-7.5,4.998,4.998,4.998,4.998,253
2022-02-06 23:03:22,0.0,0.0,0,0.0,0.0,0,0.0,0.0,0,320679.00,0.00,0.00,22,12.96,0.30,0.00,-7.0,4.998,4.998,4.998,4.998,59
2022-02-06 23:04:22,0.0,0.0,0,0.0,0.0,0,0.0,0.0,0,320679.00,0.00,0.00,22,12.96,0.31,0.00,-7.0,4.998,4.998,4.998,4.998,234
2022-02-06 23:05:22,0.0,0.0,0,0.0,0.0,0,0.0,0.0,0,320679.00,0.00,0.00,22,12.96,0.30,0.00,-7.0,4.998,4.998,4.998,4.998,88
2022-02-06 23:06:22,0.0,0.0,0,0.0,0.0,0,0.0,0.0,0,320679.00,0.00,0.00,22,12.96,0.31,0.00,-7.0,4.998,4.998,4.998,4.998,85
2022-02-06 23:07:22,0.0,0.0,0,0.0,0.0,0,0.0,0.0,0,320679.00,0.00,0.00,22,12.92,0.30,0.00,-7.5,4.998,4.998,4.998,4.998,230
2022-02-06 23:08:22,0.0,0.0,0,0.0,0.0,0,0.0,0.0,0,320679.00,0.00,0.00,22,12.96,0.31,0.00,-7.0,4.998,4.998,4.998,4.998,88
2022-02-06 23:09:22,0.0,0.0,0,0.0,0.0,0,0.0,0.0,0,320679.00,0.00,0.00,22,12.92,0.31,0.00,-7.0,4.998,4.998,4.998,4.998,84
2022-02-06 23:10:22,0.0,0.0,0,0.0,0.0,0,0.0,0.0,0,320679.00,0.00,0.00,22,12.96,0.31,0.00,-7.0,4.998,4.998,4.998,4.998,37
2022-02-06 23:11:22,0.0,0.0,0,0.0,0.0,0,0.0,0.0,0,320679.00,0.00,0.00,22,12.92,0.30,0.00,-7.0,4.998,4.998,4.998,4.998,226
2022-02-06 23:12:22,0.0,0.0,0,0.0,0.0,0,0.0,0.0,0,320679.00,0.00,0.00,22,12.92,0.30,0.00,-7.5,4.998,4.998,4.998,4.998,80
2022-02-06 23:13:22,0.0,0.0,0,0.0,0.0,0,0.0,0.0,0,320679.00,0.00,0.00,22,12.96,0.31,0.00,-8.0,4.998,4.998,4.998,4.998,162
2022-02-06 23:14:22,0.0,0.0,0,0.0,0.0,0,0.0,0.0,0,320679.00,0.00,0.00,22,12.96,0.30,0.00,-8.0,4.998,4.998,4.998,4.998,115
2022-02-06 23:15:22,2.1,2.2,24,0.0,0.0,0,0.0,0.0,0,320703.00,0.00,0.00,22,12.92,0.30,0.00,-8.0,4.998,4.998,4.998,4.998,2
2022-02-06 23:16:22,2.2,2.2,84,0.0,0.0,0,0.0,0.0,0,320787.00,0.00,0.00,22,12.96,0.31,0.00,-8.0,4.998,4.998,4.998,4.998,191
2022-02-06 23:17:22,2.1,2.5,105,0.0,0.0,0,0.0,0.0,0,320892.00,0.00,0.00,22,12.96,0.31,0.00,-8.0,4.998,4.998,4.998,4.998,64
2022-02-06 23:18:22,2.1,2.9,116,0.0,0.0,0,0.0,0.0,0,321008.00,0.00,0.00,22,12.96,0.31,0.00,-8.0,4.998,4.998,4.998,4.998,153
2022-02-06 23:19:22,2.4,2.5,89,0.0,0.0,0,0.0,0.0,0,321097.00,0.00,0.00,22,12.92,0.30,0.00,-8.5,4.998,4.998,4.998,4.998,175
2022-02-06 23:20:22,2.5,2.8,117,0.0,0.0,0,0.0,0.0,0,321214.00,0.00,0.00,22,12.92,0.30,0.00,-8.0,4.998,4.998,4.998,4.998,77
2022-02-06 23:21:22,1.6,2.5,68,0.0,0.0,0,0.0,0.0,0,321282.00,0.00,0.00,22,12.96,0.31,0.00,-8.0,4.998,4.998,4.998,4.998,57
2022-02-06 23:22:22,2.5,2.6,88,0.0,0.0,0,0.0,0.0,0,321370.00,0.00,0.00,22,12.92,0.31,0.00,-8.0,4.998,4.998,4.998,4.998,219
2022-02-06 23:23:22,2.6,2.7,118,0.0,0.0,0,0.0,0.0,0,321488.00,0.00,0.00,22,12.92,0.30,0.00,-8.5,4.998,4.998,4.998,4.998,147
2022-02-06 23:24:22,3.1,3.5,148,0.0,0.0,0,0.0,0.0,0,321636.00,0.00,0.00,22,12.92,0.31,0.00,-8.0,4.998,4.998,4.998,4.998,76
2022-02-06 23:25:22,2.3,3.0,132,0.0,0.0,0,0.0,0.0,0,321768.00,0.00,0.00,22,12.92,0.31,0.00,-8.5,4.998,4.998,4.998,4.998,91
2022-02-06 23:26:22,3.0,3.0,118,0.0,0.0,0,0.0,0.0,0,321886.00,0.00,0.00,22,12.92,0.31,0.00,-8.0,4.998,4.998,4.998,4.998,31
2022-02-06 23:27:22,2.4,3.1,137,0.0,0.0,0,0.0,0.0,0,322023.00,0.00,0.00,22,12.92,0.31,0.00,-8.0,4.998,4.998,4.998,4.998,176
2022-02-06 23:28:22,2.3,2.6,111,0.0,0.0,0,0.0,0.0,0,322134.00,0.00,0.00,22,12.96,0.31,0.00,-8.5,4.998,4.998,4.998,4.998,176
2022-02-06 23:29:22,2.0,2.5,101,0.0,0.0,0,0.0,0.0,0,322235.00,0.00,0.00,22,12.92,0.31,0.00,-8.5,4.998,4.998,4.998,4.998,122
2022-02-06 23:30:22,2.5,2.5,105,0.0,0.0,0,0.0,0.0,0,322340.00,0.00,0.00,22,12.96,0.31,0.00,-8.0,4.998,4.998,4.998,4.998,221
2022-02-06 23:31:22,0.0,2.7,72,0.0,0.0,0,0.0,0.0,0,322412.00,0.00,0.00,22,12.92,0.31,0.00,-8.0,4.998,4.998,4.998,4.998,254
2022-02-06 23:32:22,0.0,0.0,0,0.0,0.0,0,0.0,0.0,0,322412.00,0.00,0.00,22,12.96,0.31,0.00,-8.0,4.998,4.998,4.998,4.998,212
2022-02-06 23:33:22,0.0,0.0,0,0.0,0.0,0,0.0,0.0,0,322412.00,0.00,0.00,22,12.96,0.31,0.00,-8.0,4.998,4.998,4.998,4.998,173
2022-02-06 23:34:22,0.0,0.0,0,0.0,0.0,0,0.0,0.0,0,322412.00,0.00,0.00,22,12.92,0.31,0.00,-8.0,4.998,4.998,4.998,4.998,194
2022-02-06 23:35:22,0.0,0.0,0,0.0,0.0,0,0.0,0.0,0,322412.00,0.00,0.00,22,12.92,0.31,0.00,-7.5,4.998,4.998,4.998,4.998,142
2022-02-06 23:36:22,0.0,0.0,0,0.0,0.0,0,0.0,0.0,0,322412.00,0.00,0.00,22,12.96,0.31,0.00,-8.0,4.998,4.998,4.998,4.998,8
2022-02-06 23:37:22,0.0,0.0,0,0.0,0.0,0,0.0,0.0,0,322412.00,0.00,0.00,22,12.92,0.31,0.00,-7.5,4.998,4.998,4.998,4.998,49
2022-02-06 23:38:22,0.0,0.0,0,0.0,0.0,0,0.0,0.0,0,322412.00,0.00,0.00,22,12.96,0.31,0.00,-8.0,4.998,4.998,4.998,4.998,5
2022-02-06 23:39:22,0.0,0.0,0,0.0,0.0,0,0.0,0.0,0,322412.00,0.00,0.00,22,12.92,0.31,0.00,-8.0,4.998,4.998,4.998,4.998,9
2022-02-06 23:40:22,0.0,0.0,0,0.0,0.0,0,0.0,0.0,0,322412.00,0.00,0.00,22,12.92,0.31,0.00,-7.5,4.998,4.998,4.998,4.998,247
2022-02-06 23:41:22,0.0,0.0,0,0.0,0.0,0,0.0,0.0,0,322412.00,0.00,0.00,22,12.92,0.31,0.00,-7.5,4.998,4.998,4.998,4.998,142
2022-02-06 23:42:22,0.0,0.0,0,0.0,0.0,0,0.0,0.0,0,322412.00,0.00,0.00,22,12.92,0.31,0.00,-7.5,4.998,4.998,4.998,4.998,72
2022-02-06 23:43:22,0.0,0.0,0,0.0,0.0,0,0.0,0.0,0,322412.00,0.00,0.00,22,12.92,0.31,0.00,-7.5,4.998,4.998,4.998,4.998,49
2022-02-06 23:44:22,0.0,0.0,0,0.0,0.0,0,0.0,0.0,0,322412.00,0.00,0.00,22,12.92,0.31,0.00,-8.0,4.998,4.998,4.998,4.998,30
2022-02-06 23:45:22,0.0,0.0,0,0.0,0.0,0,0.0,0.0,0,322412.00,0.00,0.00,22,12.96,0.31,0.00,-8.0,4.998,4.998,4.998,4.998,18
2022-02-06 23:46:22,0.0,0.0,0,0.0,0.0,0,0.0,0.0,0,322412.00,0.00,0.00,22,12.96,0.31,0.00,-8.5,4.998,4.998,4.998,4.998,160
2022-02-06 23:47:22,0.0,0.0,0,0.0,0.0,0,0.0,0.0,0,322412.00,0.00,0.00,22,12.92,0.31,0.00,-8.5,4.998,4.998,4.998,4.998,172
2022-02-06 23:48:22,0.0,0.0,0,0.0,0.0,0,0.0,0.0,0,322412.00,0.00,0.00,22,12.96,0.31,0.00,-8.5,4.998,4.998,4.998,4.998,173
2022-02-06 23:49:22,0.0,0.0,0,0.0,0.0,0,0.0,0.0,0,322412.00,0.00,0.00,22,12.92,0.31,0.00,-8.5,4.998,4.998,4.998,4.998,161
2022-02-06 23:50:22,0.0,0.0,0,0.0,0.0,0,0.0,0.0,0,322412.00,0.00,0.00,22,12.92,0.31,0.00,-8.5,4.998,4.998,4.998,4.998,165
2022-02-06 23:51:22,0.0,1.2,4,0.0,0.0,0,0.0,0.0,0,322416.00,0.00,0.00,22,12.92,0.31,0.00,-8.9,4.998,4.998,4.998,4.998,146
2022-02-06 23:52:22,0.0,0.0,0,0.0,0.0,0,0.0,0.0,0,322416.00,0.00,0.00,22,12.92,0.31,0.00,-8.5,4.998,4.998,4.998,4.998,20
2022-02-06 23:53:22,0.0,0.0,0,0.0,0.0,0,0.0,0.0,0,322416.00,0.00,0.00,22,12.92,0.31,0.00,-8.9,4.998,4.998,4.998,4.998,134
2022-02-06 23:54:22,0.0,0.0,0,0.0,0.0,0,0.0,0.0,0,322416.00,0.00,0.00,22,12.92,0.31,0.00,-8.5,4.998,4.998,4.998,4.998,119
2022-02-06 23:55:22,0.0,0.0,0,0.0,0.0,0,0.0,0.0,0,322416.00,0.00,0.00,22,12.92,0.31,0.00,-8.9,4.998,4.998,4.998,4.998,229
2022-02-06 23:56:22,0.0,0.0,0,0.0,0.0,0,0.0,0.0,0,322416.00,0.00,0.00,22,12.92,0.31,0.00,-8.5,4.998,4.998,4.998,4.998,200
2022-02-06 23:57:22,0.0,0.0,0,0.0,0.0,0,0.0,0.0,0,322416.00,0.00,0.00,22,12.92,0.31,0.00,-8.5,4.998,4.998,4.998,4.998,177
2022-02-06 23:58:22,1.6,2.1,37,0.0,0.0,0,0.0,0.0,0,322453.00,0.00,0.00,22,12.92,0.31,0.00,-8.9,4.998,4.998,4.998,4.998,248
2022-02-06 23:59:22,0.0,1.7,15,0.0,0.0,0,0.0,0.0,0,322468.00,0.00,0.00,22,12.92,0.31,0.00,-8.5,4.998,4.998,4.998,4.998,18
