2022-03-13 00:00:22,5.0,12.4,420,0.0,0.0,0,0.0,0.0,0,420.00,0.00,0.00,190,12.73,2.65,0.00,-4.1,4.998,4.998,4.998,4.998,81
2022-03-13 00:01:22,8.1,11.1,406,0.0,0.0,0,0.0,0.0,0,826.00,0.00,0.00,197,12.73,2.74,0.00,-3.6,4.998,4.998,4.998,4.998,0
2022-03-13 00:02:22,8.0,13.1,538,0.0,0.0,0,0.0,0.0,0,1364.00,0.00,0.00,190,12.73,2.64,0.00,-4.1,4.998,4.998,4.998,4.998,99
2022-03-13 00:03:22,8.1,8.9,426,0.0,0.0,0,0.0,0.0,0,1790.00,0.00,0.00,213,12.73,2.96,0.00,-3.6,4.998,4.998,4.998,4.998,80
2022-03-13 00:04:22,6.2,10.7,444,0.0,0.0,0,0.0,0.0,0,2234.00,0.00,0.00,172,12.73,2.39,0.00,-3.6,4.998,4.998,4.998,4.998,48
2022-03-13 00:05:22,9.9,12.7,541,0.0,0.0,0,0.0,0.0,0,2775.00,0.00,0.00,160,12.73,2.23,0.00,-4.1,4.998,4.998,4.998,4.998,234
2022-03-13 00:06:22,7.0,11.2,522,0.0,0.0,0,0.0,0.0,0,3297.00,0.00,0.00,204,12.73,2.83,0.00,-3.6,4.998,4.998,4.998,4.998,141
2022-03-13 00:07:22,9.1,10.2,524,0.0,0.0,0,0.0,0.0,0,3821.00,0.00,0.00,202,12.73,2.80,0.00,-4.1,4.998,4.998,4.998,4.998,181
2022-03-13 00:08:22,3.3,10.9,442,0.0,0.0,0,0.0,0.0,0,4263.00,0.00,0.00,185,12.73,2.57,0.00,-4.1,4.998,4.998,4.998,4.998,109
2022-03-13 00:09:22,5.7,10.6,393,0.0,0.0,0,0.0,0.0,0,4656.00,0.00,0.00,200,12.73,2.78,0.00,-3.6,4.998,4.998,4.998,4.998,242
2022-03-13 00:10:22,4.6,7.9,371,0.0,0.0,0,0.0,0.0,0,5027.00,0.00,0.00,206,12.73,2.86,0.00,-4.1,4.998,4.998,4.998,4.998,9
2022-03-13 00:11:22,8.0,10.6,414,0.0,0.0,0,0.0,0.0,0,5441.00,0.00,0.00,171,12.73,2.38,0.00,-4.1,4.998,4.998,4.998,4.998,118
2022-03-13 00:12:22,5.3,13.1,560,0.0,0.0,0,0.0,0.0,0,6001.00,0.00,0.00,206,12.73,2.86,0.00,-3.6,4.998,4.998,4.998,4.998,27
2022-03-13 00:13:22,5.5,9.5,374,0.0,0.0,0,0.0,0.0,0,6375.00,0.00,0.00,176,12.73,2.45,0.00,-4.1,4.998,4.998,4.998,4.998,71
2022-03-13 00:14:22,7.7,9.9,438,0.0,0.0,0,0.0,0.0,0,6813.00,0.00,0.00,213,12.73,2.96,0.00,-3.6,4.998,4.998,4.998,4.998,98
2022-03-13 00:15:22,7.5,9.5,415,0.0,0.0,0,0.0,0.0,0,7228.00,0.00,0.00,147,12.73,2.05,0.00,-4.1,4.998,4.998,4.998,4.998,225
2022-03-13 00:16:22,3.6,7.3,253,0.0,0.0,0,0.0,0.0,0,7481.00,0.00,0.00,204,12.69,2.84,0.00,-4.1,4.998,4.998,4.998,4.998,84
2022-03-13 00:17:22,6.6,7.3,329,0.0,0.0,0,0.0,0.0,0,7810.00,0.00,0.00,202,12.73,2.81,0.00,-4.1,4.998,4.998,4.998,4.998,57
2022-03-13 00:18:22,5.1,8.7,335,0.0,0.0,0,0.0,0.0,0,8145.00,0.00,0.00,204,12.73,2.84,0.00,-4.1,4.998,4.998,4.998,4.998,148
2022-03-13 00:19:22,4.7,11.2,391,0.0,0.0,0,0.0,0.0,0,8536.00,0.00,0.00,210,12.73,2.91,0.00,-4.1,4.998,4.998,4.998,4.998,159
2022-03-13 00:20:22,4.5,7.2,270,0.0,0.0,0,0.0,0.0,0,8806.00,0.00,0.00,158,12.73,2.19,0.00,-4.1,4.998,4.998,4.998,4.998,163
2022-03-13 00:21:22,3.5,8.5,276,0.0,0.0,0,0.0,0.0,0,9082.00,0.00,0.00,194,12.73,2.69,0.00,-4.1,4.998,4.998,4.998,4.998,169
2022-03-13 00:22:22,5.7,8.6,253,0.0,0.0,0,0.0,0.0,0,9335.00,0.00,0.00,222,12.73,3.09,0.00,-4.1,4.998,4.998,4.998,4.998,33
2022-03-13 00:23:22,4.6,15.3,401,0.0,0.0,0,0.0,0.0,0,9736.00,0.00,0.00,190,12.69,2.65,0.00,-4.1,4.998,4.998,4.998,4.998,67
2022-03-13 00:24:22,8.2,10.7,497,0.0,0.0,0,0.0,0.0,0,10233.00,0.00,0.00,201,12.73,2.80,0.00,-3.6,4.998,4.998,4.998,4.998,156
2022-03-13 00:25:22,5.9,8.5,301,0.0,0.0,0,0.0,0.0,0,10534.00,0.00,0.00,196,12.69,2.73,0.00,-3.6,4.998,4.998,4.998,4.998,241
2022-03-13 00:26:22,4.0,7.1,278,0.0,0.0,0,0.0,0.0,0,10812.00,0.00,0.00,185,12.73,2.57,0.00,-4.1,4.998,4.998,4.998,4.998,97
2022-03-13 00:27:22,6.6,9.9,404,0.0,0.0,0,0.0,0.0,0,11216.00,0.00,0.00,237,12.73,3.30,0.00,-3.6,4.998,4.998,4.998,4.998,204
2022-03-13 00:28:22,6.5,7.5,296,0.0,0.0,0,0.0,0.0,0,11512.00,0.00,0.00,206,12.69,2.87,0.00,-3.6,4.998,4.998,4.998,4.998,59
2022-03-13 00:29:22,6.2,10.5,485,0.0,0.0,0,0.0,0.0,0,11997.00,0.00,0.00,193,12.69,2.68,0.00,-4.1,4.998,4.998,4.998,4.998,60
2022-03-13 00:30:22,7.8,10.6,445,0.0,0.0,0,0.0,0.0,0,12442.00,0.00,0.00,214,12.73,2.97,0.00,-3.6,4.998,4.998,4.998,4.998,174
2022-03-13 00:31:22,8.7,11.1,403,0.0,0.0,0,0.0,0.0,0,12845.00,0.00,0.00,186,12.73,2.58,0.00,-3.6,4.998,4.998,4.998,4.998,223
2022-03-13 00:32:22,5.8,11.9,455,0.0,0.0,0,0.0,0.0,0,13300.00,0.00,0.00,175,12.73,2.43,0.00,-4.1,4.998,4.998,4.998,4.998,120
2022-03-13 00:33:22,6.8,12.0,432,0.0,0.0,0,0.0,0.0,0,13732.00,0.00,0.00,244,12.69,3.39,0.00,-3.6,4.998,4.998,4.998,4.998,80
2022-03-13 00:34:22,3.6,8.1,296,0.0,0.0,0,0.0,0.0,0,14028.00,0.00,0.00,208,12.69,2.90,0.00,-3.6,4.998,4.998,4.998,4.998,139
2022-03-13 00:35:22,7.4,8.5,357,0.0,0.0,0,0.0,0.0,0,14385.00,0.00,0.00,202,12.69,2.80,0.00,-3.6,4.998,4.998,4.998,4.998,3
2022-03-13 00:36:22,7.5,12.2,489,0.0,0.0,0,0.0,0.0,0,14874.00,0.00,0.00,183,12.73,2.55,0.00,-3.6,4.998,4.998,4.998,4.998,57
2022-03-13 00:37:22,7.9,11.3,500,0.0,0.0,0,0.0,0.0,0,15374.00,0.00,0.00,197,12.69,2.74,0.00,-4.1,4.998,4.998,4.998,4.998,94
2022-03-13 00:38:22,4.9,9.4,361,0.0,0.0,0,0.0,0.0,0,15735.00,0.00,0.00,181,12.69,2.52,0.00,-3.6,4.998,4.998,4.998,4.998,20
2022-03-13 00:39:22,4.4,8.7,310,0.0,0.0,0,0.0,0.0,0,16045.00,0.00,0.00,199,12.69,2.76,0.00,-4.1,4.998,4.998,4.998,4.998,115
2022-03-13 00:40:22,3.7,7.7,327,0.0,0.0,0,0.0,0.0,0,16372.00,0.00,0.00,205,12.73,2.85,0.00,-3.6,4.998,4.998,4.998,4.998,6
2022-03-13 00:41:22,7.4,11.7,393,0.0,0.0,0,0.0,0.0,0,16765.00,0.00,0.00,211,12.69,2.93,0.00,-3.6,4.998,4.998,4.998,4.998,71
2022-03-13 00:42:22,3.9,9.5,391,0.0,0.0,0,0.0,0.0,0,17156.00,0.00,0.00,195,12.69,2.71,0.00,-3.6,4.998,4.998,4.998,4.998,188
2022-03-13 00:43:22,4.8,8.9,352,0.0,0.0,0,0.0,0.0,0,17508.00,0.00,0.00,195,12.69,2.70,0.00,-3.6,4.998,4.998,4.998,4.998,120
2022-03-13 00:44:22,5.6,10.8,379,0.0,0.0,0,0.0,0.0,0,17887.00,0.00,0.00,186,12.69,2.59,0.00,-3.6,4.998,4.998,4.998,4.998,20
2022-03-13 00:45:22,7.5,11.2,504,0.0,0.0,0,0.0,0.0,0,18391.00,0.00,0.00,183,12.69,2.54,0.00,-3.6,4.998,4.998,4.998,4.998,132
2022-03-13 00:46:22,8.9,9.3,422,0.0,0.0,0,0.0,0.0,0,18813.00,0.00,0.00,193,12.73,2.68,0.00,-3.6,4.998,4.998,4.998,4.998,43
2022-03-13 00:47:22,4.5,10.2,401,0.0,0.0,0,0.0,0.0,0,19214.00,0.00,0.00,223,12.69,3.11,0.00,-3.6,4.998,4.998,4.998,4.998,89
2022-03-13 00:48:22,9.3,10.5,376,0.0,0.0,0,0.0,0.0,0,19590.00,0.00,0.00,211,12.69,2.93,0.00,-3.6,4.998,4.998,4.998,4.998,177
2022-03-13 00:49:22,5.8,9.2,410,0.0,0.0,0,0.0,0.0,0,20000.00,0.00,0.00,198,12.69,2.76,0.00,-3.6,4.998,4.998,4.998,4.998,131
2022-03-13 00:50:22,3.4,9.5,389,0.0,0.0,0,0.0,0.0,0,20389.00,0.00,0.00,198,12.69,2.75,0.00,-3.6,4.998,4.998,4.998,4.998,220
2022-03-13 00:51:22,9.3,11.2,367,0.0,0.0,0,0.0,0.0,0,20756.00,0.00,0.00,183,12.69,2.55,0.00,-3.6,4.998,4.998,4.998,4.998,82
2022-03-13 00:52:22,5.1,9.8,426,0.0,0.0,0,0.0,0.0,0,21182.00,0.00,0.00,215,12.69,2.99,0.00,-3.6,4.998,4.998,4.998,4.998,58
2022-03-13 00:53:22,3.6,6.4,255,0.0,0.0,0,0.0,0.0,0,21437.00,0.00,0.00,205,12.69,2.85,0.00,-3.6,4.998,4.998,4.998,4.998,189
2022-03-13 00:54:22,3.4,6.7,281,0.0,0.0,0,0.0,0.0,0,21718.00,0.00,0.00,223,12.69,3.11,0.00,-3.6,4.998,4.998,4.998,4.998,238
2022-03-13 00:55:22,5.6,11.5,379,0.0,0.0,0,0.0,0.0,0,22097.00,0.00,0.00,205,12.69,2.85,0.00,-3.6,4.998,4.998,4.998,4.998,78
2022-03-13 00:56:22,6.5,9.8,336,0.0,0.0,0,0.0,0.0,0,22433.00,0.00,0.00,201,12.69,2.79,0.00,-3.6,4.998,4.998,4.998,4.998,107
2022-03-13 00:57:22,5.4,10.4,408,0.0,0.0,0,0.0,0.0,0,22841.00,0.00,0.00,182,12.69,2.53,0.00,-3.6,4.998,4.998,4.998,4.998,17
2022-03-13 00:58:22,5.3,9.6,340,0.0,0.0,0,0.0,0.0,0,23181.00,0.00,0.00,225,12.69,3.12,0.00,-3.6,4.998,4.998,4.998,4.998,140
2022-03-13 00:59:22,6.1,10.1,358,0.0,0.0,0,0.0,0.0,0,23539.00,0.00,0.00,207,12.69,2.88,0.00,-3.1,4.998,4.998,4.998,4.998,116
2022-03-13 01:00:22,6.3,11.2,412,0.0,0.0,0,0.0,0.0,0,23951.00,0.00,0.00,189,12.69,2.62,0.00,-3.6,4.998,4.998,4.998,4.998,189
2022-03-13 01:01:22,4.8,7.2,297,0.0,0.0,0,0.0,0.0,0,24248.00,0.00,0.00,215,12.69,2.99,0.00,-3.6,4.998,4.998,4.998,4.998,171
2022-03-13 01:02:22,2.9,6.6,278,0.0,0.0,0,0.0,0.0,0,24526.00,0.00,0.00,232,12.69,3.23,0.00,-3.6,4.998,4.998,4.998,4.998,188
2022-03-13 01:03:22,5.2,10.7,343,0.0,0.0,0,0.0,0.0,0,24869.00,0.00,0.00,226,12.69,3.13,0.00,-3.1,4.998,4.998,4.998,4.998,19
2022-03-13 01:04:22,6.3,8.8,400,0.0,0.0,0,0.0,0.0,0,25269.00,0.00,0.00,212,12.69,2.95,0.00,-3.6,4.998,4.998,4.998,4.998,221
2022-03-13 01:05:22,5.9,8.5,360,0.0,0.0,0,0.0,0.0,0,25629.00,0.00,0.00,209,12.69,2.91,0.00,-3.6,4.998,4.998,4.998,4.998,142
2022-03-13 01:06:22,8.2,8.8,386,0.0,0.0,0,0.0,0.0,0,26015.00,0.00,0.00,216,12.69,3.00,0.00,-3.1,4.998,4.998,4.998,4.998,238
2022-03-13 01:07:22,8.1,9.7,393,0.0,0.0,0,0.0,0.0,0,26408.00,0.00,0.00,196,12.69,2.73,0.00,-3.6,4.998,4.998,4.998,4.998,57
2022-03-13 01:08:22,5.5,9.6,394,0.0,0.0,0,0.0,0.0,0,26802.00,0.00,0.00,207,12.69,2.88,0.00,-3.1,4.998,4.998,4.998,4.998,49
2022-03-13 01:09:22,6.4,8.0,272,0.0,0.0,0,0.0,0.0,0,27074.00,0.00,0.00,228,12.69,3.16,0.00,-3.1,4.998,4.998,4.998,4.998,165
2022-03-13 01:10:22,5.0,9.8,411,0.0,0.0,0,0.0,0.0,0,27485.00,0.00,0.00,221,12.69,3.07,0.00,-3.6,4.998,4.998,4.998,4.998,13
2022-03-13 01:11:22,5.8,10.2,441,0.0,0.0,0,0.0,0.0,0,27926.00,0.00,0.00,235,12.69,3.27,0.00,-3.1,4.998,4.998,4.998,4.998,244
2022-03-13 01:12:22,5.0,11.3,423,0.0,0.0,0,0.0,0.0,0,28349.00,0.00,0.00,225,12.69,3.12,0.00,-3.1,4.998,4.998,4.998,4.998,106
2022-03-13 01:13:22,5.6,9.6,354,0.0,0.0,0,0.0,0.0,0,28703.00,0.00,0.00,207,12.69,2.88,0.00,-3.1,4.998,4.998,4.998,4.998,19
2022-03-13 01:14:22,5.6,7.0,263,0.0,0.0,0,0.0,0.0,0,28966.00,0.00,0.00,219,12.69,3.04,0.00,-3.1,4.998,4.998,4.998,4.998,175
2022-03-13 01:15:22,2.4,7.1,251,0.0,0.0,0,0.0,0.0,0,29217.00,0.00,0.00,194,12.69,2.70,0.00,-3.1,4.998,4.998,4.998,4.998,120
2022-03-13 01:16:22,3.9,8.0,286,0.0,0.0,0,0.0,0.0,0,29503.00,0.00,0.00,222,12.69,3.08,0.00,-3.1,4.998,4.998,4.998,4.998,106
2022-03-13 01:17:22,8.7,9.3,318,0.0,0.0,0,0.0,0.0,0,29821.00,0.00,0.00,234,12.69,3.25,0.00,-3.1,4.998,4.998,4.998,4.998,78
2022-03-13 01:18:22,8.3,9.7,428,0.0,0.0,0,0.0,0.0,0,30249.00,0.00,0.00,190,12.69,2.64,0.00,-3.1,4.998,4.998,4.998,4.998,26
2022-03-13 01:19:22,6.7,9.4,383,0.0,0.0,0,0.0,0.0,0,30632.00,0.00,0.00,196,12.69,2.72,0.00,-3.1,4.998,4.998,4.998,4.998,71
2022-03-13 01:20:22,7.4,8.5,391,0.0,0.0,0,0.0,0.0,0,31023.00,0.00,0.00,226,12.69,3.13,0.00,-3.1,4.998,4.998,4.998,4.998,140
2022-03-13 01:21:22,7.4,14.9,543,0.0,0.0,0,0.0,0.0,0,31566.00,0.00,0.00,201,12.69,2.80,0.00,-3.6,4.998,4.998,4.998,4.998,123
2022-03-13 01:22:22,3.4,11.0,347,0.0,0.0,0,0.0,0.0,0,31913.00,0.00,0.00,245,12.69,3.41,0.00,-2.6,4.998,4.998,4.998,4.998,163
2022-03-13 01:23:22,4.6,7.2,233,0.0,0.0,0,0.0,0.0,0,32146.00,0.00,0.00,268,12.69,3.73,0.00,-3.1,4.998,4.998,4.998,4.998,34
2022-03-13 01:24:22,5.4,10.4,432,0.0,0.0,0,0.0,0.0,0,32578.00,0.00,0.00,198,12.69,2.75,0.00,-3.1,4.998,4.998,4.998,4.998,174
2022-03-13 01:25:22,3.8,7.4,277,0.0,0.0,0,0.0,0.0,0,32855.00,0.00,0.00,240,12.69,3.34,0.00,-3.1,4.998,4.998,4.998,4.998,205
2022-03-13 01:26:22,4.9,8.3,297,0.0,0.0,0,0.0,0.0,0,33152.00,0.00,0.00,261,12.69,3.63,0.00,-3.1,4.998,4.998,4.998,4.998,147
2022-03-13 01:27:22,5.5,7.3,274,0.0,0.0,0,0.0,0.0,0,33426.00,0.00,0.00,214,12.69,2.97,0.00,-3.1,4.998,4.998,4.998,4.998,86
2022-03-13 01:28:22,3.8,5.5,226,0.0,0.0,0,0.0,0.0,0,33652.00,0.00,0.00,220,12.69,3.06,0.00,-3.1,4.998,4.998,4.998,4.998,191
2022-03-13 01:29:22,6.1,7.4,295,0.0,0.0,0,0.0,0.0,0,33947.00,0.00,0.00,207,12.69,2.88,0.00,-3.1,4.998,4.998,4.998,4.998,194
2022-03-13 01:30:22,7.5,10.7,316,0.0,0.0,0,0.0,0.0,0,34263.00,0.00,0.00,237,12.69,3.29,0.00,-3.1,4.998,4.998,4.998,4.998,192
2022-03-13 01:31:22,3.0,9.3,300,0.0,0.0,0,0.0,0.0,0,34563.00,0.00,0.00,254,12.69,3.54,0.00,-2.6,4.998,4.998,4.998,4.998,226
2022-03-13 01:32:22,9.0,11.4,285,0.0,0.0,0,0.0,0.0,0,34848.00,0.00,0.00,213,12.69,2.95,0.00,-3.1,4.998,4.998,4.998,4.998,15
2022-03-13 01:33:22,6.5,8.9,348,0.0,0.0,0,0.0,0.0,0,35196.00,0.00,0.00,234,12.69,3.25,0.00,-3.1,4.998,4.998,4.998,4.998,75
2022-03-13 01:34:22,6.0,10.8,446,0.0,0.0,0,0.0,0.0,0,35642.00,0.00,0.00,229,12.69,3.18,0.00,-3.1,4.998,4.998,4.998,4.998,51
2022-03-13 01:35:22,4.8,9.3,422,0.0,0.0,0,0.0,0.0,0,36064.00,0.00,0.00,183,12.69,2.54,0.00,-3.1,4.998,4.998,4.998,4.998,230
2022-03-13 01:36:22,8.2,12.0,399,0.0,0.0,0,0.0,0.0,0,36463.00,0.00,0.00,234,12.69,3.26,0.00,-3.6,4.998,4.998,4.998,4.998,219
2022-03-13 01:37:22,4.1,10.8,412,0.0,0.0,0,0.0,0.0,0,36875.00,0.00,0.00,211,12.69,2.93,0.00,-3.1,4.998,4.998,4.998,4.998,220
2022-03-13 01:38:22,6.5,9.1,386,0.0,0.0,0,0.0,0.0,0,37261.00,0.00,0.00,234,12.69,3.25,0.00,-3.1,4.998,4.998,4.998,4.998,240
2022-03-13 01:39:22,9.6,10.9,441,0.0,0.0,0,0.0,0.0,0,37702.00,0.00,0.00,207,12.69,2.88,0.00,-3.1,4.998,4.998,4.998,4.998,128
2022-03-13 01:40:22,6.9,10.9,471,0.0,0.0,0,0.0,0.0,0,38173.00,0.00,0.00,212,12.69,2.95,0.00,-3.1,4.998,4.998,4.998,4.998,59
2022-03-13 01:41:22,4.4,8.0,312,0.0,0.0,0,0.0,0.0,0,38485.00,0.00,0.00,216,12.65,3.00,0.00,-3.1,4.998,4.998,4.998,4.998,242
2022-03-13 01:42:22,7.4,9.1,381,0.0,0.0,0,0.0,0.0,0,38866.00,0.00,0.00,231,12.69,3.21,0.00,-3.1,4.998,4.998,4.998,4.998,135
2022-03-13 01:43:22,5.4,12.9,515,0.0,0.0,0,0.0,0.0,0,39381.00,0.00,0.00,188,12.69,2.61,0.00,-3.1,4.998,4.998,4.998,4.998,224
2022-03-13 01:44:22,4.8,11.0,393,0.0,0.0,0,0.0,0.0,0,39774.00,0.00,0.00,200,12.69,2.78,0.00,-3.1,4.998,4.998,4.998,4.998,60
2022-03-13 01:45:22,3.3,5.2,202,0.0,0.0,0,0.0,0.0,0,39976.00,0.00,0.00,222,12.69,3.09,0.00,-3.1,4.998,4.998,4.998,4.998,73
2022-03-13 01:46:22,3.9,9.7,349,0.0,0.0,0,0.0,0.0,0,40325.00,0.00,0.00,208,12.69,2.89,0.00,-3.1,4.998,4.998,4.998,4.998,99
2022-03-13 01:47:22,6.7,12.8,573,0.0,0.0,0,0.0,0.0,0,40898.00,0.00,0.00,237,12.69,3.29,0.00,-3.1,4.998,4.998,4.998,4.998,58
2022-03-13 01:48:22,4.6,8.2,332,0.0,0.0,0,0.0,0.0,0,41230.00,0.00,0.00,233,12.69,3.24,0.00,-3.1,4.998,4.998,4.998,4.998,127
2022-03-13 01:49:22,3.3,8.4,314,0.0,0.0,0,0.0,0.0,0,41544.00,0.00,0.00,197,12.69,2.74,0.00,-3.1,4.998,4.998,4.998,4.998,31
2022-03-13 01:50:22,4.6,7.8,321,0.0,0.0,0,0.0,0.0,0,41865.00,0.00,0.00,167,12.65,2.32,0.00,-3.1,4.998,4.998,4.998,4.998,81
2022-03-13 01:51:22,4.2,10.1,329,0.0,0.0,0,0.0,0.0,0,42194.00,0.00,0.00,216,12.69,3.00,0.00,-3.1,4.998,4.998,4.998,4.998,110
2022-03-13 01:52:22,3.7,7.0,281,0.0,0.0,0,0.0,0.0,0,42475.00,0.00,0.00,248,12.65,3.44,0.00,-3.1,4.998,4.998,4.998,4.998,136
2022-03-13 01:53:22,6.0,9.7,401,0.0,0.0,0,0.0,0.0,0,42876.00,0.00,0.00,197,12.69,2.74,0.00,-3.1,4.998,4.998,4.998,4.998,59
2022-03-13 01:54:22,2.9,6.9,289,0.0,0.0,0,0.0,0.0,0,43165.00,0.00,0.00,201,12.69,2.79,0.00,-3.1,4.998,4.998,4.998,4.998,94
2022-03-13 01:55:22,3.8,8.9,362,0.0,0.0,0,0.0,0.0,0,43527.00,0.00,0.00,218,12.69,3.03,0.00,-3.1,4.998,4.998,4.998,4.998,190
2022-03-13 01:56:22,7.4,8.0,220,0.0,0.0,0,0.0,0.0,0,43747.00,0.00,0.00,205,12.69,2.85,0.00,-3.1,4.998,4.998,4.998,4.998,205
2022-03-13 01:57:22,7.0,9.0,381,0.0,0.0,0,0.0,0.0,0,44128.00,0.00,0.00,210,12.69,2.91,0.00,-3.1,4.998,4.998,4.998,4.998,142
2022-03-13 01:58:22,8.7,11.1,406,0.0,0.0,0,0.0,0.0,0,44534.00,0.00,0.00,224,12.69,3.12,0.00,-3.1,4.998,4.998,4.998,4.998,89
2022-03-13 01:59:22,7.6,11.8,447,0.0,0.0,0,0.0,0.0,0,44981.00,0.00,0.00,196,12.69,2.72,0.00,-3.6,4.998,4.998,4.998,4.998,76
2022-03-13 02:00:22,4.2,8.4,390,0.0,0.0,0,0.0,0.0,0,45371.00,0.00,0.00,185,12.69,2.58,0.00,-3.1,4.998,4.998,4.998,4.998,250
2022-03-13 02:01:22,3.4,7.3,233,0.0,0.0,0,0.0,0.0,0,45604.00,0.00,0.00,189,12.69,2.63,0.00,-3.6,4.998,4.998,4.998,4.998,64
2022-03-13 02:02:22,4.2,8.1,265,0.0,0.0,0,0.0,0.0,0,45869.00,0.00,0.00,192,12.69,2.67,0.00,-3.1,4.998,4.998,4.998,4.998,133
2022-03-13 02:03:22,3.9,9.2,319,0.0,0.0,0,0.0,0.0,0,46188.00,0.00,0.00,207,12.69,2.88,0.00,-3.1,4.998,4.998,4.998,4.998,17
2022-03-13 02:04:22,6.8,10.9,279,0.0,0.0,0,0.0,0.0,0,46467.00,0.00,0.00,256,12.69,3.56,0.00,-3.6,4.998,4.998,4.998,4.998,41
2022-03-13 02:05:22,7.0,8.4,330,0.0,0.0,0,0.0,0.0,0,46797.00,0.00,0.00,197,12.65,2.74,0.00,-3.1,4.998,4.998,4.998,4.998,237
2022-03-13 02:06:22,4.5,8.2,319,0.0,0.0,0,0.0,0.0,0,47116.00,0.00,0.00,246,12.69,3.41,0.00,-3.1,4.998,4.998,4.998,4.998,2
2022-03-13 02:07:22,4.7,9.2,325,0.0,0.0,0,0.0,0.0,0,47441.00,0.00,0.00,203,12.69,2.82,0.00,-3.1,4.998,4.998,4.998,4.998,76
2022-03-13 02:08:22,5.4,10.7,383,0.0,0.0,0,0.0,0.0,0,47824.00,0.00,0.00,210,12.69,2.91,0.00,-3.1,4.998,4.998,4.998,4.998,152
2022-03-13 02:09:22,5.1,7.2,235,0.0,0.0,0,0.0,0.0,0,48059.00,0.00,0.00,199,12.69,2.76,0.00,-3.1,4.998,4.998,4.998,4.998,240
2022-03-13 02:10:22,3.9,8.7,384,0.0,0.0,0,0.0,0.0,0,48443.00,0.00,0.00,207,12.69,2.88,0.00,-3.1,4.998,4.998,4.998,4.998,16
2022-03-13 02:11:22,6.4,7.6,225,0.0,0.0,0,0.0,0.0,0,48668.00,0.00,0.00,199,12.65,2.77,0.00,-3.1,4.998,4.998,4.998,4.998,209
2022-03-13 02:12:22,5.0,6.7,308,0.0,0.0,0,0.0,0.0,0,48976.00,0.00,0.00,206,12.65,2.86,0.00,-3.1,4.998,4.998,4.998,4.998,188
2022-03-13 02:13:22,4.3,10.1,412,0.0,0.0,0,0.0,0.0,0,49388.00,0.00,0.00,205,12.65,2.85,0.00,-3.1,4.998,4.998,4.998,4.998,183
2022-03-13 02:14:22,4.4,7.8,331,0.0,0.0,0,0.0,0.0,0,49719.00,0.00,0.00,172,12.69,2.40,0.00,-3.1,4.998,4.998,4.998,4.998,237
2022-03-13 02:15:22,7.6,10.1,399,0.0,0.0,0,0.0,0.0,0,50118.00,0.00,0.00,181,12.69,2.52,0.00,-3.1,4.998,4.998,4.998,4.998,42
2022-03-13 02:16:22,7.3,11.4,371,0.0,0.0,0,0.0,0.0,0,50489.00,0.00,0.00,221,12.69,3.07,0.00,-3.1,4.998,4.998,4.998,4.998,34
2022-03-13 02:17:22,5.5,9.6,359,0.0,0.0,0,0.0,0.0,0,50848.00,0.00,0.00,213,12.69,2.96,0.00,-3.1,4.998,4.998,4.998,4.998,151
2022-03-13 02:18:22,3.5,7.1,279,0.0,0.0,0,0.0,0.0,0,51127.00,0.00,0.00,207,12.65,2.87,0.00,-3.1,4.998,4.998,4.998,4.998,48
2022-03-13 02:19:22,4.0,9.4,399,0.0,0.0,0,0.0,0.0,0,51526.00,0.00,0.00,213,12.65,2.96,0.00,-3.1,4.998,4.998,4.998,4.998,14
2022-03-13 02:20:22,3.9,9.2,381,0.0,0.0,0,0.0,0.0,0,51907.00,0.00,0.00,203,12.69,2.83,0.00,-3.1,4.998,4.998,4.998,4.998,24
2022-03-13 02:21:22,3.1,4.7,181,0.0,0.0,0,0.0,0.0,0,52088.00,0.00,0.00,223,12.69,3.10,0.00,-3.1,4.998,4.998,4.998,4.998,109
2022-03-13 02:22:22,3.4,7.9,280,0.0,0.0,0,0.0,0.0,0,52368.00,0.00,0.00,182,12.69,2.52,0.00,-3.1,4.998,4.998,4.998,4.998,45
2022-03-13 02:23:22,3.9,5.0,191,0.0,0.0,0,0.0,0.0,0,52559.00,0.00,0.00,213,12.69,2.96,0.00,-3.1,4.998,4.998,4.998,4.998,255
2022-03-13 02:24:22,4.0,5.4,246,0.0,0.0,0,0.0,0.0,0,52805.00,0.00,0.00,198,12.69,2.75,0.00,-3.1,4.998,4.998,4.998,4.998,234
2022-03-13 02:25:22,9.1,10.9,387,0.0,0.0,0,0.0,0.0,0,53192.00,0.00,0.00,236,12.69,3.28,0.00,-3.1,4.998,4.998,4.998,4.998,62
2022-03-13 02:26:22,4.6,9.1,317,0.0,0.0,0,0.0,0.0,0,53509.00,0.00,0.00,214,12.69,2.97,0.00,-3.1,4.998,4.998,4.998,4.998,148
2022-03-13 02:27:22,5.9,6.8,277,0.0,0.0,0,0.0,0.0,0,53786.00,0.00,0.00,208,12.65,2.90,0.00,-3.1,4.998,4.998,4.998,4.998,92
2022-03-13 02:28:22,6.1,7.6,303,0.0,0.0,0,0.0,0.0,0,54089.00,0.00,0.00,227,12.69,3.15,0.00,-3.1,4.998,4.998,4.998,4.998,155
2022-03-13 02:29:22,5.7,10.3,411,0.0,0.0,0,0.0,0.0,0,54500.00,0.00,0.00,238,12.69,3.30,0.00,-2.6,4.998,4.998,4.998,4.998,222
2022-03-13 02:30:22,3.4,8.7,277,0.0,0.0,0,0.0,0.0,0,54777.00,0.00,0.00,196,12.65,2.72,0.00,-2.6,4.998,4.998,4.998,4.998,134
2022-03-13 02:31:22,6.6,7.1,271,0.0,0.0,0,0.0,0.0,0,55048.00,0.00,0.00,240,12.69,3.33,0.00,-3.1,4.998,4.998,4.998,4.998,146
2022-03-13 02:32:22,4.0,8.0,274,0.0,0.0,0,0.0,0.0,0,55322.00,0.00,0.00,200,12.65,2.78,0.00,-3.1,4.998,4.998,4.998,4.998,128
2022-03-13 02:33:22,7.2,8.8,323,0.0,0.0,0,0.0,0.0,0,55645.00,0.00,0.00,245,12.69,3.41,0.00,-2.6,4.998,4.998,4.998,4.998,121
2022-03-13 02:34:22,6.7,8.8,371,0.0,0.0,0,0.0,0.0,0,56016.00,0.00,0.00,226,12.69,3.14,0.00,-3.1,4.998,4.998,4.998,4.998,202
2022-03-13 02:35:22,7.7,8.2,271,0.0,0.0,0,0.0,0.0,0,56287.00,0.00,0.00,174,12.69,2.41,0.00,-3.1,4.998,4.998,4.998,4.998,131
2022-03-13 02:36:22,4.5,8.1,326,0.0,0.0,0,0.0,0.0,0,56613.00,0.00,0.00,194,12.69,2.69,0.00,-3.1,4.998,4.998,4.998,4.998,19
2022-03-13 02:37:22,3.4,5.6,235,0.0,0.0,0,0.0,0.0,0,56848.00,0.00,0.00,204,12.69,2.84,0.00,-3.1,4.998,4.998,4.998,4.998,18
2022-03-13 02:38:22,3.3,5.7,210,0.0,0.0,0,0.0,0.0,0,57058.00,0.00,0.00,203,12.65,2.82,0.00,-3.1,4.998,4.998,4.998,4.998,118
2022-03-13 02:39:22,4.8,5.8,187,0.0,0.0,0,0.0,0.0,0,57245.00,0.00,0.00,193,12.69,2.68,0.00,-3.1,4.998,4.998,4.998,4.998,211
2022-03-13 02:40:22,4.3,8.3,255,0.0,0.0,0,0.0,0.0,0,57500.00,0.00,0.00,209,12.69,2.91,0.00,-2.6,4.998,4.998,4.998,4.998,50
2022-03-13 02:41:22,4.8,7.0,325,0.0,0.0,0,0.0,0.0,0,57825.00,0.00,0.00,209,12.69,2.91,0.00,-3.1,4.998,4.998,4.998,4.998,11
2022-03-13 02:42:22,3.2,5.1,185,0.0,0.0,0,0.0,0.0,0,58010.00,0.00,0.00,214,12.69,2.97,0.00,-3.1,4.998,4.998,4.998,4.998,210
2022-03-13 02:43:22,2.7,5.5,178,0.0,0.0,0,0.0,0.0,0,58188.00,0.00,0.00,209,12.65,2.90,0.00,-3.1,4.998,4.998,4.998,4.998,185
2022-03-13 02:44:22,5.5,8.9,310,0.0,0.0,0,0.0,0.0,0,58498.00,0.00,0.00,221,12.69,3.07,0.00,-3.1,4.998,4.998,4.998,4.998,210
2022-03-13 02:45:22,3.5,6.0,223,0.0,0.0,0,0.0,0.0,0,58721.00,0.00,0.00,206,12.69,2.87,0.00,-2.6,4.998,4.998,4.998,4.998,221
2022-03-13 02:46:22,5.8,9.3,307,0.0,0.0,0,0.0,0.0,0,59028.00,0.00,0.00,206,12.65,2.87,0.00,-3.1,4.998,4.998,4.998,4.998,216
2022-03-13 02:47:22,3.9,6.8,296,0.0,0.0,0,0.0,0.0,0,59324.00,0.00,0.00,201,12.69,2.79,0.00,-3.1,4.998,4.998,4.998,4.998,168
2022-03-13 02:48:22,5.9,6.0,209,0.0,0.0,0,0.0,0.0,0,59533.00,0.00,0.00,184,12.69,2.56,0.00,-3.1,4.998,4.998,4.998,4.998,245
2022-03-13 02:49:22,3.7,11.0,370,0.0,0.0,0,0.0,0.0,0,59903.00,0.00,0.00,178,12.69,2.48,0.00,-3.1,4.998,4.998,4.998,4.998,46
2022-03-13 02:50:22,4.3,10.5,451,0.0,0.0,0,0.0,0.0,0,60354.00,0.00,0.00,230,12.69,3.20,0.00,-3.1,4.998,4.998,4.998,4.998,9
2022-03-13 02:51:22,7.8,9.1,390,0.0,0.0,0,0.0,0.0,0,60744.00,0.00,0.00,185,12.69,2.57,0.00,-3.1,4.998,4.998,4.998,4.998,86
2022-03-13 02:52:22,5.9,9.1,396,0.0,0.0,0,0.0,0.0,0,61140.00,0.00,0.00,215,12.69,2.98,0.00,-3.1,4.998,4.998,4.998,4.998,58
2022-03-13 02:53:22,10.4,10.7,378,0.0,0.0,0,0.0,0.0,0,61518.00,0.00,0.00,215,12.69,2.99,0.00,-2.6,4.998,4.998,4.998,4.998,28
2022-03-13 02:54:22,5.0,11.3,353,0.0,0.0,0,0.0,0.0,0,61871.00,0.00,0.00,201,12.69,2.80,0.00,-3.1,4.998,4.998,4.998,4.998,53
2022-03-13 02:55:22,3.4,7.2,255,0.0,0.0,0,0.0,0.0,0,62126.00,0.00,0.00,207,12.69,2.88,0.00,-3.1,4.998,4.998,4.998,4.998,21
2022-03-13 02:56:22,4.4,4.7,183,0.0,0.0,0,0.0,0.0,0,62309.00,0.00,0.00,222,12.65,3.09,0.00,-3.1,4.998,4.998,4.998,4.998,62
2022-03-13 02:57:22,5.4,6.7,235,0.0,0.0,0,0.0,0.0,0,62544.00,0.00,0.00,201,12.65,2.79,0.00,-3.1,4.998,4.998,4.998,4.998,36
2022-03-13 02:58:22,3.4,6.6,283,0.0,0.0,0,0.0,0.0,0,62827.00,0.00,0.00,203,12.65,2.82,0.00,-3.1,4.998,4.998,4.998,4.998,52
2022-03-13 02:59:22,3.2,4.9,194,0.0,0.0,0,0.0,0.0,0,63021.00,0.00,0.00,213,12.65,2.96,0.00,-2.6,4.998,4.998,4.998,4.998,154
2022-03-13 03:00:22,5.2,5.5,175,0.0,0.0,0,0.0,0.0,0,63196.00,0.00,0.00,228,12.65,3.17,0.00,-3.1,4.998,4.998,4.998,4.998,208
2022-03-13 03:01:22,5.2,11.0,431,0.0,0.0,0,0.0,0.0,0,63627.00,0.00,0.00,229,12.69,3.18,0.00,-2.6,4.998,4.998,4.998,4.998,51
2022-03-13 03:02:22,5.4,6.5,276,0.0,0.0,0,0.0,0.0,0,63903.00,0.00,0.00,210,12.65,2.92,0.00,-2.6,4.998,4.998,4.998,4.998,189
2022-03-13 03:03:22,7.6,8.3,362,0.0,0.0,0,0.0,0.0,0,64265.00,0.00,0.00,185,12.69,2.57,0.00,-2.6,4.998,4.998,4.998,4.998,38
2022-03-13 03:04:22,5.0,8.3,284,0.0,0.0,0,0.0,0.0,0,64549.00,0.00,0.00,188,12.69,2.61,0.00,-3.1,4.998,4.998,4.998,4.998,153
2022-03-13 03:05:22,5.7,8.2,316,0.0,0.0,0,0.0,0.0,0,64865.00,0.00,0.00,213,12.65,2.96,0.00,-2.6,4.998,4.998,4.998,4.998,248
2022-03-13 03:06:22,2.2,6.9,266,0.0,0.0,0,0.0,0.0,0,65131.00,0.00,0.00,209,12.69,2.91,0.00,-2.6,4.998,4.998,4.998,4.998,24
2022-03-13 03:07:22,3.0,8.4,278,0.0,0.0,0,0.0,0.0,0,65409.00,0.00,0.00,218,12.65,3.03,0.00,-3.1,4.998,4.998,4.998,4.998,17
2022-03-13 03:08:22,8.3,10.1,286,0.0,0.0,0,0.0,0.0,0,65695.00,0.00,0.00,220,12.69,3.06,0.00,-3.1,4.998,4.998,4.998,4.998,39
2022-03-13 03:09:22,7.6,11.7,490,0.0,0.0,0,0.0,0.0,0,66185.00,0.00,0.00,199,12.69,2.76,0.00,-2.6,4.998,4.998,4.998,4.998,113
2022-03-13 03:10:22,4.3,7.1,306,0.0,0.0,0,0.0,0.0,0,66491.00,0.00,0.00,229,12.65,3.19,0.00,-3.1,4.998,4.998,4.998,4.998,208
2022-03-13 03:11:22,7.4,7.9,320,0.0,0.0,0,0.0,0.0,0,66811.00,0.00,0.00,212,12.69,2.95,0.00,-2.6,4.998,4.998,4.998,4.998,2
2022-03-13 03:12:22,5.0,9.0,412,0.0,0.0,0,0.0,0.0,0,67223.00,0.00,0.00,205,12.69,2.85,0.00,-3.1,4.998,4.998,4.998,4.998,50
2022-03-13 03:13:22,3.1,5.6,197,0.0,0.0,0,0.0,0.0,0,67420.00,0.00,0.00,203,12.69,2.82,0.00,-2.6,4.998,4.998,4.998,4.998,174
2022-03-13 03:14:22,5.5,7.3,274,0.0,0.0,0,0.0,0.0,0,67694.00,0.00,0.00,220,12.65,3.05,0.00,-2.6,4.998,4.998,4.998,4.998,139
2022-03-13 03:15:22,5.9,7.3,240,0.0,0.0,0,0.0,0.0,0,67934.00,0.00,0.00,171,12.65,2.37,0.00,-2.6,4.998,4.998,4.998,4.998,241
2022-03-13 03:16:22,5.6,6.3,272,0.0,0.0,0,0.0,0.0,0,68206.00,0.00,0.00,238,12.65,3.31,0.00,-2.6,4.998,4.998,4.998,4.998,224
2022-03-13 03:17:22,3.5,6.0,240,0.0,0.0,0,0.0,0.0,0,68446.00,0.00,0.00,219,12.65,3.05,0.00,-2.6,4.998,4.998,4.998,4.998,122
2022-03-13 03:18:22,7.7,10.6,379,0.0,0.0,0,0.0,0.0,0,68825.00,0.00,0.00,228,12.65,3.16,0.00,-2.6,4.998,4.998,4.998,4.998,2
2022-03-13 03:19:22,3.7,11.5,397,0.0,0.0,0,0.0,0.0,0,69222.00,0.00,0.00,228,12.65,3.17,0.00,-2.1,4.998,4.998,4.998,4.998,163
2022-03-13 03:20:22,3.6,4.8,203,0.0,0.0,0,0.0,0.0,0,69425.00,0.00,0.00,203,12.65,2.83,0.00,-2.1,4.998,4.998,4.998,4.998,113
2022-03-13 03:21:22,3.8,8.0,279,0.0,0.0,0,0.0,0.0,0,69704.00,0.00,0.00,184,12.69,2.55,0.00,-2.6,4.998,4.998,4.998,4.998,166
2022-03-13 03:22:22,5.3,7.4,303,0.0,0.0,0,0.0,0.0,0,70007.00,0.00,0.00,204,12.69,2.84,0.00,-2.6,4.998,4.998,4.998,4.998,93
2022-03-13 03:23:22,4.0,9.9,325,0.0,0.0,0,0.0,0.0,0,70332.00,0.00,0.00,211,12.65,2.94,0.00,-2.6,4.998,4.998,4.998,4.998,153
2022-03-13 03:24:22,3.9,7.6,314,0.0,0.0,0,0.0,0.0,0,70646.00,0.00,0.00,214,12.65,2.97,0.00,-2.6,4.998,4.998,4.998,4.998,30
2022-03-13 03:25:22,2.9,5.9,258,0.0,0.0,0,0.0,0.0,0,70904.00,0.00,0.00,210,12.69,2.91,0.00,-2.6,4.998,4.998,4.998,4.998,30
2022-03-13 03:26:22,4.8,6.9,228,0.0,0.0,0,0.0,0.0,0,71132.00,0.00,0.00,195,12.65,2.71,0.00,-2.6,4.998,4.998,4.998,4.998,75
2022-03-13 03:27:22,1.8,6.3,249,0.0,0.0,0,0.0,0.0,0,71381.00,0.00,0.00,227,12.69,3.15,0.00,-2.6,4.998,4.998,4.998,4.998,149
2022-03-13 03:28:22,3.3,5.8,212,0.0,0.0,0,0.0,0.0,0,71593.00,0.00,0.00,215,12.65,2.99,0.00,-3.1,4.998,4.998,4.998,4.998,93
2022-03-13 03:29:22,5.7,8.5,221,0.0,0.0,0,0.0,0.0,0,71814.00,0.00,0.00,227,12.65,3.15,0.00,-2.6,4.998,4.998,4.998,4.998,211
2022-03-13 03:30:22,3.2,6.5,266,0.0,0.0,0,0.0,0.0,0,72080.00,0.00,0.00,199,12.69,2.77,0.00,-2.6,4.998,4.998,4.998,4.998,22
2022-03-13 03:31:22,6.9,9.3,339,0.0,0.0,0,0.0,0.0,0,72419.00,0.00,0.00,231,12.65,3.21,0.00,-2.6,4.998,4.998,4.998,4.998,93
2022-03-13 03:32:22,5.1,11.3,470,0.0,0.0,0,0.0,0.0,0,72889.00,0.00,0.00,204,12.69,2.84,0.00,-2.1,4.998,4.998,4.998,4.998,30
2022-03-13 03:33:22,4.2,6.6,316,0.0,0.0,0,0.0,0.0,0,73205.00,0.00,0.00,194,12.65,2.69,0.00,-2.6,4.998,4.998,4.998,4.998,178
2022-03-13 03:34:22,3.5,8.3,283,0.0,0.0,0,0.0,0.0,0,73488.00,0.00,0.00,233,12.65,3.23,0.00,-2.6,4.998,4.998,4.998,4.998,0
2022-03-13 03:35:22,3.2,6.2,245,0.0,0.0,0,0.0,0.0,0,73733.00,0.00,0.00,213,12.69,2.95,0.00,-2.1,4.998,4.998,4.998,4.998,114
2022-03-13 03:36:22,1.5,3.5,104,0.0,0.0,0,0.0,0.0,0,73837.00,0.00,0.00,212,12.65,2.95,0.00,-2.6,4.998,4.998,4.998,4.998,125
2022-03-13 03:37:22,7.0,7.6,294,0.0,0.0,0,0.0,0.0,0,74131.00,0.00,0.00,200,12.65,2.77,0.00,-2.6,4.998,4.998,4.998,4.998,230
2022-03-13 03:38:22,5.2,7.3,282,0.0,0.0,0,0.0,0.0,0,74413.00,0.00,0.00,250,12.65,3.48,0.00,-2.6,4.998,4.998,4.998,4.998,118
2022-03-13 03:39:22,1.9,7.1,214,0.0,0.0,0,0.0,0.0,0,74627.00,0.00,0.00,223,12.65,3.10,0.00,-2.1,4.998,4.998,4.998,4.998,149
2022-03-13 03:40:22,3.4,6.5,242,0.0,0.0,0,0.0,0.0,0,74869.00,0.00,0.00,218,12.69,3.03,0.00,-2.1,4.998,4.998,4.998,4.998,169
2022-03-13 03:41:22,6.8,7.2,231,0.0,0.0,0,0.0,0.0,0,75100.00,0.00,0.00,248,12.69,3.45,0.00,-2.1,4.998,4.998,4.998,4.998,189
2022-03-13 03:42:22,4.7,6.7,285,0.0,0.0,0,0.0,0.0,0,75385.00,0.00,0.00,206,12.65,2.86,0.00,-2.6,4.998,4.998,4.998,4.998,197
2022-03-13 03:43:22,4.8,5.6,258,0.0,0.0,0,0.0,0.0,0,75643.00,0.00,0.00,222,12.69,3.09,0.00,-2.1,4.998,4.998,4.998,4.998,62
2022-03-13 03:44:22,4.5,5.6,260,0.0,0.0,0,0.0,0.0,0,75903.00,0.00,0.00,244,12.65,3.39,0.00,-2.1,4.998,4.998,4.998,4.998,239
2022-03-13 03:45:22,4.3,7.6,276,0.0,0.0,0,0.0,0.0,0,76179.00,0.00,0.00,206,12.65,2.86,0.00,-2.1,4.998,4.998,4.998,4.998,170
2022-03-13 03:46:22,8.3,10.3,350,0.0,0.0,0,0.0,0.0,0,76529.00,0.00,0.00,198,12.65,2.76,0.00,-2.1,4.998,4.998,4.998,4.998,216
2022-03-13 03:47:22,4.8,12.9,490,0.0,0.0,0,0.0,0.0,0,77019.00,0.00,0.00,215,12.69,2.98,0.00,-2.1,4.998,4.998,4.998,4.998,82
2022-03-13 03:48:22,4.1,7.1,283,0.0,0.0,0,0.0,0.0,0,77302.00,0.00,0.00,217,12.69,3.02,0.00,-2.6,4.998,4.998,4.998,4.998,164
2022-03-13 03:49:22,3.5,5.2,232,0.0,0.0,0,0.0,0.0,0,77534.00,0.00,0.00,248,12.69,3.45,0.00,-2.6,4.998,4.998,4.998,4.998,1
2022-03-13 03:50:22,3.3,4.5,157,0.0,0.0,0,0.0,0.0,0,77691.00,0.00,0.00,229,12.69,3.19,0.00,-2.1,4.998,4.998,4.998,4.998,228
2022-03-13 03:51:22,6.5,7.2,292,0.0,0.0,0,0.0,0.0,0,77983.00,0.00,0.00,246,12.69,3.42,0.00,-2.1,4.998,4.998,4.998,4.998,137
2022-03-13 03:52:22,4.6,9.5,320,0.0,0.0,0,0.0,0.0,0,78303.00,0.00,0.00,241,12.65,3.34,0.00,-2.1,4.998,4.998,4.998,4.998,249
2022-03-13 03:53:22,7.7,8.7,384,0.0,0.0,0,0.0,0.0,0,78687.00,0.00,0.00,222,12.65,3.09,0.00,-2.1,4.998,4.998,4.998,4.998,160
2022-03-13 03:54:22,2.7,8.1,271,0.0,0.0,0,0.0,0.0,0,78958.00,0.00,0.00,235,12.65,3.27,0.00,-2.6,4.998,4.998,4.998,4.998,144
2022-03-13 03:55:22,5.1,5.6,225,0.0,0.0,0,0.0,0.0,0,79183.00,0.00,0.00,217,12.69,3.02,0.00,-2.6,4.998,4.998,4.998,4.998,95
2022-03-13 03:56:22,3.6,5.6,201,0.0,0.0,0,0.0,0.0,0,79384.00,0.00,0.00,227,12.69,3.15,0.00,-2.1,4.998,4.998,4.998,4.998,150
2022-03-13 03:57:22,2.5,10.1,303,0.0,0.0,0,0.0,0.0,0,79687.00,0.00,0.00,187,12.69,2.59,0.00,-2.1,4.998,4.998,4.998,4.998,30
2022-03-13 03:58:22,5.1,7.3,273,0.0,0.0,0,0.0,0.0,0,79960.00,0.00,0.00,213,12.69,2.95,0.00,-2.1,4.998,4.998,4.998,4.998,60
2022-03-13 03:59:22,4.2,9.9,360,0.0,0.0,0,0.0,0.0,0,80320.00,0.00,0.00,210,12.69,2.91,0.00,-2.6,4.998,4.998,4.998,4.998,222
2022-03-13 04:00:22,2.9,7.8,287,0.0,0.0,0,0.0,0.0,0,80607.00,0.00,0.00,202,12.65,2.80,0.00,-2.6,4.998,4.998,4.998,4.998,115
2022-03-13 04:01:22,6.1,9.8,363,0.0,0.0,0,0.0,0.0,0,80970.00,0.00,0.00,232,12.69,3.22,0.00,-2.6,4.998,4.998,4.998,4.998,141
2022-03-13 04:02:22,4.9,8.9,381,0.0,0.0,0,0.0,0.0,0,81351.00,0.00,0.00,245,12.65,3.41,0.00,-2.1,4.998,4.998,4.998,4.998,228
2022-03-13 04:03:22,6.6,10.5,364,0.0,0.0,0,0.0,0.0,0,81715.00,0.00,0.00,228,12.69,3.16,0.00,-2.1,4.998,4.998,4.998,4.998,202
2022-03-13 04:04:22,3.2,7.6,290,0.0,0.0,0,0.0,0.0,0,82005.00,0.00,0.00,210,12.65,2.92,0.00,-2.1,4.998,4.998,4.998,4.998,17
2022-03-13 04:05:22,6.1,7.2,242,0.0,0.0,0,0.0,0.0,0,82247.00,0.00,0.00,190,12.65,2.64,0.00,-2.1,4.998,4.998,4.998,4.998,83
2022-03-13 04:06:22,6.7,12.4,406,0.0,0.0,0,0.0,0.0,0,82653.00,0.00,0.00,234,12.65,3.25,0.00,-2.1,4.998,4.998,4.998,4.998,108
2022-03-13 04:07:22,6.8,12.0,426,0.0,0.0,0,0.0,0.0,0,83079.00,0.00,0.00,204,12.69,2.84,0.00,-2.1,4.998,4.998,4.998,4.998,134
2022-03-13 04:08:22,7.4,8.0,324,0.0,0.0,0,0.0,0.0,0,83403.00,0.00,0.00,240,12.65,3.34,0.00,-2.6,4.998,4.998,4.998,4.998,78
2022-03-13 04:09:22,6.3,7.9,224,0.0,0.0,0,0.0,0.0,0,83627.00,0.00,0.00,253,12.65,3.52,0.00,-2.1,4.998,4.998,4.998,4.998,161
2022-03-13 04:10:22,4.9,8.1,371,0.0,0.0,0,0.0,0.0,0,83998.00,0.00,0.00,228,12.69,3.17,0.00,-2.1,4.998,4.998,4.998,4.998,32
2022-03-13 04:11:22,8.6,11.3,400,0.0,0.0,0,0.0,0.0,0,84398.00,0.00,0.00,215,12.65,2.99,0.00,-2.1,4.998,4.998,4.998,4.998,169
2022-03-13 04:12:22,8.8,11.4,462,0.0,0.0,0,0.0,0.0,0,84860.00,0.00,0.00,245,12.65,3.40,0.00,-2.1,4.998,4.998,4.998,4.998,11
2022-03-13 04:13:22,4.0,9.0,368,0.0,0.0,0,0.0,0.0,0,85228.00,0.00,0.00,203,12.69,2.82,0.00,-2.1,4.998,4.998,4.998,4.998,176
2022-03-13 04:14:22,4.9,10.2,349,0.0,0.0,0,0.0,0.0,0,85577.00,0.00,0.00,192,12.65,2.67,0.00,-2.1,4.998,4.998,4.998,4.998,208
2022-03-13 04:15:22,6.6,9.3,377,0.0,0.0,0,0.0,0.0,0,85954.00,0.00,0.00,238,12.69,3.31,0.00,-2.6,4.998,4.998,4.998,4.998,223
2022-03-13 04:16:22,6.3,8.9,299,0.0,0.0,0,0.0,0.0,0,86253.00,0.00,0.00,186,12.69,2.58,0.00,-2.1,4.998,4.998,4.998,4.998,173
2022-03-13 04:17:22,6.5,8.3,386,0.0,0.0,0,0.0,0.0,0,86639.00,0.00,0.00,208,12.65,2.89,0.00,-2.1,4.998,4.998,4.998,4.998,173
2022-03-13 04:18:22,5.5,9.6,423,0.0,0.0,0,0.0,0.0,0,87062.00,0.00,0.00,253,12.69,3.52,0.00,-2.1,4.998,4.998,4.998,4.998,162
2022-03-13 04:19:22,8.0,11.9,426,0.0,0.0,0,0.0,0.0,0,87488.00,0.00,0.00,191,12.65,2.66,0.00,-2.1,4.998,4.998,4.998,4.998,108
2022-03-13 04:20:22,4.8,11.3,420,0.0,0.0,0,0.0,0.0,0,87908.00,0.00,0.00,203,12.69,2.82,0.00,-2.1,4.998,4.998,4.998,4.998,252
2022-03-13 04:21:22,6.9,7.2,283,0.0,0.0,0,0.0,0.0,0,88191.00,0.00,0.00,190,12.69,2.64,0.00,-1.6,4.998,4.998,4.998,4.998,190
2022-03-13 04:22:22,4.4,10.2,442,0.0,0.0,0,0.0,0.0,0,88633.00,0.00,0.00,219,12.69,3.04,0.00,-2.1,4.998,4.998,4.998,4.998,212
2022-03-13 04:23:22,3.3,7.2,269,0.0,0.0,0,0.0,0.0,0,88902.00,0.00,0.00,221,12.69,3.08,0.00,-2.1,4.998,4.998,4.998,4.998,138
2022-03-13 04:24:22,6.4,9.4,384,0.0,0.0,0,0.0,0.0,0,89286.00,0.00,0.00,181,12.65,2.51,0.00,-2.1,4.998,4.998,4.998,4.998,105
2022-03-13 04:25:22,4.8,11.0,360,0.0,0.0,0,0.0,0.0,0,89646.00,0.00,0.00,196,12.69,2.72,0.00,-2.1,4.998,4.998,4.998,4.998,127
2022-03-13 04:26:22,3.5,4.7,144,0.0,0.0,0,0.0,0.0,0,89790.00,0.00,0.00,197,12.69,2.74,0.00,-1.6,4.998,4.998,4.998,4.998,119
2022-03-13 04:27:22,5.0,9.2,335,0.0,0.0,0,0.0,0.0,0,90125.00,0.00,0.00,193,12.65,2.69,0.00,-2.1,4.998,4.998,4.998,4.998,176
2022-03-13 04:28:22,7.0,8.0,364,0.0,0.0,0,0.0,0.0,0,90489.00,0.00,0.00,220,12.65,3.05,0.00,-2.1,4.998,4.998,4.998,4.998,239
2022-03-13 04:29:22,6.0,7.0,303,0.0,0.0,0,0.0,0.0,0,90792.00,0.00,0.00,220,12.65,3.06,0.00,-2.1,4.998,4.998,4.998,4.998,58
2022-03-13 04:30:22,5.9,6.8,221,0.0,0.0,0,0.0,0.0,0,91013.00,0.00,0.00,193,12.65,2.68,0.00,-2.1,4.998,4.998,4.998,4.998,145
2022-03-13 04:31:22,5.7,7.9,344,0.0,0.0,0,0.0,0.0,0,91357.00,0.00,0.00,221,12.65,3.08,0.00,-2.1,4.998,4.998,4.998,4.998,133
2022-03-13 04:32:22,3.7,6.1,261,0.0,0.0,0,0.0,0.0,0,91618.00,0.00,0.00,170,12.69,2.37,0.00,-1.6,4.998,4.998,4.998,4.998,174
2022-03-13 04:33:22,4.2,9.0,369,0.0,0.0,0,0.0,0.0,0,91987.00,0.00,0.00,211,12.65,2.93,0.00,-2.1,4.998,4.998,4.998,4.998,161
2022-03-13 04:34:22,7.3,9.4,393,0.0,0.0,0,0.0,0.0,0,92380.00,0.00,0.00,256,12.65,3.55,0.00,-2.1,4.998,4.998,4.998,4.998,212
2022-03-13 04:35:22,5.3,7.8,305,0.0,0.0,0,0.0,0.0,0,92685.00,0.00,0.00,209,12.65,2.91,0.00,-1.6,4.998,4.998,4.998,4.998,130
2022-03-13 04:36:22,8.8,11.1,478,0.0,0.0,0,0.0,0.0,0,93163.00,0.00,0.00,240,12.65,3.34,0.00,-1.6,4.998,4.998,4.998,4.998,173
2022-03-13 04:37:22,8.7,11.6,351,0.0,0.0,0,0.0,0.0,0,93514.00,0.00,0.00,191,12.65,2.65,0.00,-2.1,4.998,4.998,4.998,4.998,241
2022-03-13 04:38:22,5.2,10.0,453,0.0,0.0,0,0.0,0.0,0,93967.00,0.00,0.00,215,12.69,2.98,0.00,-2.1,4.998,4.998,4.998,4.998,64
2022-03-13 04:39:22,6.9,10.6,420,0.0,0.0,0,0.0,0.0,0,94387.00,0.00,0.00,216,12.69,3.01,0.00,-1.6,4.998,4.998,4.998,4.998,43
2022-03-13 04:40:22,5.1,9.2,358,0.0,0.0,0,0.0,0.0,0,94745.00,0.00,0.00,221,12.65,3.07,0.00,-1.6,4.998,4.998,4.998,4.998,83
2022-03-13 04:41:22,7.6,9.1,387,0.0,0.0,0,0.0,0.0,0,95132.00,0.00,0.00,229,12.69,3.18,0.00,-1.6,4.998,4.998,4.998,4.998,16
2022-03-13 04:42:22,4.0,8.1,282,0.0,0.0,0,0.0,0.0,0,95414.00,0.00,0.00,207,12.69,2.88,0.00,-2.1,4.998,4.998,4.998,4.998,12
2022-03-13 04:43:22,6.6,8.5,372,0.0,0.0,0,0.0,0.0,0,95786.00,0.00,0.00,202,12.65,2.80,0.00,-2.1,4.998,4.998,4.998,4.998,144
2022-03-13 04:44:22,6.9,8.2,335,0.0,0.0,0,0.0,0.0,0,96121.00,0.00,0.00,182,12.65,2.53,0.00,-1.6,4.998,4.998,4.998,4.998,252
2022-03-13 04:45:22,3.7,8.0,261,0.0,0.0,0,0.0,0.0,0,96382.00,0.00,0.00,210,12.69,2.91,0.00,-1.6,4.998,4.998,4.998,4.998,90
2022-03-13 04:46:22,4.5,7.9,301,0.0,0.0,0,0.0,0.0,0,96683.00,0.00,0.00,196,12.65,2.72,0.00,-2.1,4.998,4.998,4.998,4.998,74
2022-03-13 04:47:22,7.5,7.5,263,0.0,0.0,0,0.0,0.0,0,96946.00,0.00,0.00,234,12.69,3.25,0.00,-1.6,4.998,4.998,4.998,4.998,219
2022-03-13 04:48:22,5.1,8.2,294,0.0,0.0,0,0.0,0.0,0,97240.00,0.00,0.00,227,12.65,3.15,0.00,-2.1,4.998,4.998,4.998,4.998,198
2022-03-13 04:49:22,3.1,5.6,190,0.0,0.0,0,0.0,0.0,0,97430.00,0.00,0.00,227,12.65,3.15,0.00,-1.6,4.998,4.998,4.998,4.998,111
2022-03-13 04:50:22,6.4,6.4,228,0.0,0.0,0,0.0,0.0,0,97658.00,0.00,0.00,210,12.65,2.92,0.00,-2.1,4.998,4.998,4.998,4.998,19
2022-03-13 04:51:22,2.5,7.8,281,0.0,0.0,0,0.0,0.0,0,97939.00,0.00,0.00,208,12.69,2.90,0.00,-2.1,4.998,4.998,4.998,4.998,115
2022-03-13 04:52:22,5.4,10.0,393,0.0,0.0,0,0.0,0.0,0,98332.00,0.00,0.00,214,12.69,2.97,0.00,-2.1,4.998,4.998,4.998,4.998,27
2022-03-13 04:53:22,4.7,11.2,464,0.0,0.0,0,0.0,0.0,0,98796.00,0.00,0.00,218,12.65,3.03,0.00,-1.6,4.998,4.998,4.998,4.998,196
2022-03-13 04:54:22,5.1,8.6,314,0.0,0.0,0,0.0,0.0,0,99110.00,0.00,0.00,191,12.69,2.66,0.00,-1.6,4.998,4.998,4.998,4.998,81
2022-03-13 04:55:22,4.6,11.0,390,0.0,0.0,0,0.0,0.0,0,99500.00,0.00,0.00,204,12.65,2.84,0.00,-1.6,4.998,4.998,4.998,4.998,193
2022-03-13 04:56:22,5.5,6.6,227,0.0,0.0,0,0.0,0.0,0,99727.00,0.00,0.00,203,12.65,2.82,0.00,-1.6,4.998,4.998,4.998,4.998,32
2022-03-13 04:57:22,7.2,8.7,367,0.0,0.0,0,0.0,0.0,0,100094.00,0.00,0.00,255,12.65,3.55,0.00,-1.6,4.998,4.998,4.998,4.998,178
2022-03-13 04:58:22,4.3,6.8,311,0.0,0.0,0,0.0,0.0,0,100405.00,0.00,0.00,230,12.65,3.20,0.00,-1.6,4.998,4.998,4.998,4.998,139
2022-03-13 04:59:22,8.5,9.0,255,0.0,0.0,0,0.0,0.0,0,100660.00,0.00,0.00,253,12.65,3.52,0.00,-1.6,4.998,4.998,4.998,4.998,189
2022-03-13 05:00:22,3.0,9.9,429,0.0,0.0,0,0.0,0.0,0,101089.00,0.00,0.00,208,12.65,2.90,0.00,-1.6,4.998,4.998,4.998,4.998,102
2022-03-13 05:01:22,7.0,9.7,379,0.0,0.0,0,0.0,0.0,0,101468.00,0.00,0.00,229,12.69,3.18,0.00,-1.6,4.998,4.998,4.998,4.998,187
2022-03-13 05:02:22,5.7,10.0,448,0.0,0.0,0,0.0,0.0,0,101916.00,0.00,0.00,221,12.65,3.07,0.00,-1.6,4.998,4.998,4.998,4.998,2
2022-03-13 05:03:22,2.7,9.7,348,0.0,0.0,0,0.0,0.0,0,102264.00,0.00,0.00,194,12.69,2.70,0.00,-1.6,4.998,4.998,4.998,4.998,128
2022-03-13 05:04:22,4.7,7.2,221,0.0,0.0,0,0.0,0.0,0,102485.00,0.00,0.00,259,12.65,3.60,0.00,-1.6,4.998,4.998,4.998,4.998,118
2022-03-13 05:05:22,7.8,8.2,314,0.0,0.0,0,0.0,0.0,0,102799.00,0.00,0.00,238,12.69,3.31,0.00,-1.6,4.998,4.998,4.998,4.998,177
2022-03-13 05:06:22,5.0,10.5,360,0.0,0.0,0,0.0,0.0,0,103159.00,0.00,0.00,214,12.65,2.97,0.00,-2.1,4.998,4.998,4.998,4.998,171
2022-03-13 05:07:22,10.2,11.0,391,0.0,0.0,0,0.0,0.0,0,103550.00,0.00,0.00,223,12.69,3.11,0.00,-1.6,4.998,4.998,4.998,4.998,38
2022-03-13 05:08:22,6.1,12.6,502,0.0,0.0,0,0.0,0.0,0,104052.00,0.00,0.00,178,12.65,2.48,0.00,-1.6,4.998,4.998,4.998,4.998,172
2022-03-13 05:09:22,6.1,7.2,315,0.0,0.0,0,0.0,0.0,0,104367.00,0.00,0.00,201,12.69,2.79,0.00,-1.6,4.998,4.998,4.998,4.998,19
2022-03-13 05:10:22,5.1,8.0,340,0.0,0.0,0,0.0,0.0,0,104707.00,0.00,0.00,182,12.69,2.53,0.00,-1.6,4.998,4.998,4.998,4.998,183
2022-03-13 05:11:22,7.0,12.3,455,0.0,0.0,0,0.0,0.0,0,105162.00,0.00,0.00,191,12.65,2.65,0.00,-1.6,4.998,4.998,4.998,4.998,53
2022-03-13 05:12:22,5.8,10.2,383,0.0,0.0,0,0.0,0.0,0,105545.00,0.00,0.00,201,12.69,2.79,0.00,-2.1,4.998,4.998,4.998,4.998,217
2022-03-13 05:13:22,6.0,7.3,333,0.0,0.0,0,0.0,0.0,0,105878.00,0.00,0.00,238,12.69,3.30,0.00,-2.1,4.998,4.998,4.998,4.998,218
2022-03-13 05:14:22,6.4,7.1,316,0.0,0.0,0,0.0,0.0,0,106194.00,0.00,0.00,235,12.65,3.26,0.00,-1.6,4.998,4.998,4.998,4.998,253
2022-03-13 05:15:22,3.6,6.2,250,0.0,0.0,0,0.0,0.0,0,106444.00,0.00,0.00,249,12.65,3.46,0.00,-2.1,4.998,4.998,4.998,4.998,242
2022-03-13 05:16:22,6.1,6.5,280,0.0,0.0,0,0.0,0.0,0,106724.00,0.00,0.00,238,12.65,3.31,0.00,-1.6,4.998,4.998,4.998,4.998,76
2022-03-13 05:17:22,6.3,11.2,484,0.0,0.0,0,0.0,0.0,0,107208.00,0.00,0.00,218,12.69,3.03,0.00,-1.6,4.998,4.998,4.998,4.998,239
2022-03-13 05:18:22,5.4,7.3,320,0.0,0.0,0,0.0,0.0,0,107528.00,0.00,0.00,188,12.65,2.61,0.00,-1.6,4.998,4.998,4.998,4.998,204
2022-03-13 05:19:22,2.8,9.8,314,0.0,0.0,0,0.0,0.0,0,107842.00,0.00,0.00,235,12.69,3.27,0.00,-1.6,4.998,4.998,4.998,4.998,225
2022-03-13 05:20:22,6.7,9.9,423,0.0,0.0,0,0.0,0.0,0,108265.00,0.00,0.00,180,12.65,2.49,0.00,-1.6,4.998,4.998,4.998,4.998,118
2022-03-13 05:21:22,5.7,9.4,357,0.0,0.0,0,0.0,0.0,0,108622.00,0.00,0.00,157,12.65,2.18,0.00,-1.6,4.998,4.998,4.998,4.998,85
2022-03-13 05:22:22,7.7,11.3,424,0.0,0.0,0,0.0,0.0,0,109046.00,0.00,0.00,261,12.65,3.62,0.00,-1.6,4.998,4.998,4.998,4.998,71
2022-03-13 05:23:22,4.5,8.7,396,0.0,0.0,0,0.0,0.0,0,109442.00,0.00,0.00,246,12.65,3.41,0.00,-1.6,4.998,4.998,4.998,4.998,95
2022-03-13 05:24:22,6.6,8.4,347,0.0,0.0,0,0.0,0.0,0,109789.00,0.00,0.00,204,12.69,2.83,0.00,-1.6,4.998,4.998,4.998,4.998,247
2022-03-13 05:25:22,6.8,10.0,335,0.0,0.0,0,0.0,0.0,0,110124.00,0.00,0.00,207,12.69,2.88,0.00,-1.6,4.998,4.998,4.998,4.998,213
2022-03-13 05:26:22,6.7,10.8,453,0.0,0.0,0,0.0,0.0,0,110577.00,0.00,0.00,203,12.69,2.82,0.00,-1.6,4.998,4.998,4.998,4.998,137
2022-03-13 05:27:22,4.2,9.8,426,0.0,0.0,0,0.0,0.0,0,111003.00,0.00,0.00,184,12.69,2.56,0.00,-1.6,4.998,4.998,4.998,4.998,113
2022-03-13 05:28:22,7.5,10.6,410,0.0,0.0,0,0.0,0.0,0,111413.00,0.00,0.00,240,12.69,3.34,0.00,-1.6,4.998,4.998,4.998,4.998,54
2022-03-13 05:29:22,7.7,14.7,604,0.0,0.0,0,0.0,0.0,0,112017.00,0.00,0.00,197,12.69,2.74,0.00,-1.6,4.998,4.998,4.998,4.998,42
2022-03-13 05:30:22,2.8,11.9,490,0.0,0.0,0,0.0,0.0,0,112507.00,0.00,0.00,215,12.65,2.99,0.00,-1.6,4.998,4.998,4.998,4.998,198
2022-03-13 05:31:22,6.8,12.9,471,0.0,0.0,0,0.0,0.0,0,112978.00,0.00,0.00,208,12.69,2.89,0.00,-1.6,4.998,4.998,4.998,4.998,221
2022-03-13 05:32:22,7.4,10.6,439,0.0,0.0,0,0.0,0.0,0,113417.00,0.00,0.00,208,12.69,2.89,0.00,-1.6,4.998,4.998,4.998,4.998,90
2022-03-13 05:33:22,7.6,11.2,492,0.0,0.0,0,0.0,0.0,0,113909.00,0.00,0.00,196,12.65,2.72,0.00,-1.1,4.998,4.998,4.998,4.998,244
2022-03-13 05:34:22,6.4,15.2,588,0.0,0.0,0,0.0,0.0,0,114497.00,0.00,0.00,239,12.69,3.33,0.00,-1.6,4.998,4.998,4.998,4.998,80
2022-03-13 05:35:22,7.6,13.1,446,0.0,0.0,0,0.0,0.0,0,114943.00,0.00,0.00,207,12.65,2.88,0.00,-1.6,4.998,4.998,4.998,4.998,187
2022-03-13 05:36:22,3.8,14.8,435,0.0,0.0,0,0.0,0.0,0,115378.00,0.00,0.00,246,12.69,3.41,0.00,-1.6,4.998,4.998,4.998,4.998,239
2022-03-13 05:37:22,7.1,7.5,262,0.0,0.0,0,0.0,0.0,0,115640.00,0.00,0.00,242,12.65,3.37,0.00,-2.1,4.998,4.998,4.998,4.998,190
2022-03-13 05:38:22,4.9,9.1,403,0.0,0.0,0,0.0,0.0,0,116043.00,0.00,0.00,242,12.65,3.36,0.00,-1.6,4.998,4.998,4.998,4.998,53
2022-03-13 05:39:22,7.7,9.3,374,0.0,0.0,0,0.0,0.0,0,116417.00,0.00,0.00,247,12.65,3.44,0.00,-1.6,4.998,4.998,4.998,4.998,170
2022-03-13 05:40:22,7.9,13.2,397,0.0,0.0,0,0.0,0.0,0,116814.00,0.00,0.00,234,12.65,3.25,0.00,-1.1,4.998,4.998,4.998,4.998,90
2022-03-13 05:41:22,4.0,12.7,522,0.0,0.0,0,0.0,0.0,0,117336.00,0.00,0.00,235,12.65,3.27,0.00,-1.6,4.998,4.998,4.998,4.998,149
2022-03-13 05:42:22,7.1,8.0,372,0.0,0.0,0,0.0,0.0,0,117708.00,0.00,0.00,253,12.65,3.52,0.00,-1.6,4.998,4.998,4.998,4.998,141
2022-03-13 05:43:22,4.7,7.9,304,0.0,0.0,0,0.0,0.0,0,118012.00,0.00,0.00,185,12.69,2.57,0.00,-1.6,4.998,4.998,4.998,4.998,108
2022-03-13 05:44:22,3.9,8.6,337,0.0,0.0,0,0.0,0.0,0,118349.00,0.00,0.00,194,12.65,2.69,0.00,-1.6,4.998,4.998,4.998,4.998,173
2022-03-13 05:45:22,8.3,12.5,503,0.0,0.0,0,0.0,0.0,0,118852.00,0.00,0.00,200,12.65,2.78,0.00,-1.6,4.998,4.998,4.998,4.998,118
2022-03-13 05:46:22,8.3,11.5,493,0.0,0.0,0,0.0,0.0,0,119345.00,0.00,0.00,233,12.69,3.24,0.00,-1.6,4.998,4.998,4.998,4.998,69
2022-03-13 05:47:22,7.3,10.4,521,0.0,0.0,0,0.0,0.0,0,119866.00,0.00,0.00,233,12.65,3.24,0.00,-1.6,4.998,4.998,4.998,4.998,211
2022-03-13 05:48:22,5.5,10.0,370,0.0,0.0,0,0.0,0.0,0,120236.00,0.00,0.00,246,12.65,3.42,0.00,-1.6,4.998,4.998,4.998,4.998,200
2022-03-13 05:49:22,4.4,8.9,393,0.0,0.0,0,0.0,0.0,0,120629.00,0.00,0.00,219,12.65,3.04,0.00,-1.6,4.998,4.998,4.998,4.998,156
2022-03-13 05:50:22,6.0,10.9,347,0.0,0.0,0,0.0,0.0,0,120976.00,0.00,0.00,230,12.65,3.20,0.00,-1.6,4.998,4.998,4.998,4.998,105
2022-03-13 05:51:22,8.6,10.9,377,0.0,0.0,0,0.0,0.0,0,121353.00,0.00,0.00,206,12.69,2.86,0.00,-1.6,4.998,4.998,4.998,4.998,73
2022-03-13 05:52:22,9.4,15.5,501,0.0,0.0,0,0.0,0.0,0,121854.00,0.00,0.00,273,12.69,3.79,0.00,-1.6,4.998,4.998,4.998,4.998,9
2022-03-13 05:53:22,8.0,10.4,418,0.0,0.0,0,0.0,0.0,0,122272.00,0.00,0.00,205,12.69,2.85,0.00,-1.6,4.998,4.998,4.998,4.998,56
2022-03-13 05:54:22,9.0,11.4,468,0.0,0.0,0,0.0,0.0,0,122740.00,0.00,0.00,262,12.65,3.64,0.00,-1.6,4.998,4.998,4.998,4.998,183
2022-03-13 05:55:22,6.9,10.1,414,0.0,0.0,0,0.0,0.0,0,123154.00,0.00,0.00,216,12.69,3.00,0.00,-1.6,4.998,4.998,4.998,4.998,31
2022-03-13 05:56:22,5.3,6.5,262,0.0,0.0,0,0.0,0.0,0,123416.00,0.00,0.00,213,12.65,2.96,0.00,-1.6,4.998,4.998,4.998,4.998,55
2022-03-13 05:57:22,7.0,8.0,311,0.0,0.0,0,0.0,0.0,0,123727.00,0.00,0.00,226,12.65,3.14,0.00,-1.6,4.998,4.998,4.998,4.998,135
2022-03-13 05:58:22,7.2,11.8,403,0.0,0.0,0,0.0,0.0,0,124130.00,0.00,0.00,245,12.65,3.40,0.00,-1.1,4.998,4.998,4.998,4.998,32
2022-03-13 05:59:22,15.3,16.9,480,0.0,0.0,0,0.0,0.0,0,124610.00,0.00,0.00,214,12.69,2.97,0.00,-1.6,4.998,4.998,4.998,4.998,1
2022-03-13 06:00:22,5.2,15.3,596,0.0,0.0,0,0.0,0.0,0,125206.00,0.00,0.00,203,12.65,2.82,0.00,-1.1,4.998,4.998,4.998,4.998,71
2022-03-13 06:01:22,7.7,10.8,463,0.0,0.0,0,0.0,0.0,0,125669.00,0.00,0.00,197,12.65,2.74,0.00,-1.1,4.998,4.998,4.998,4.998,147
2022-03-13 06:02:22,7.2,12.0,381,0.0,0.0,0,0.0,0.0,0,126050.00,0.00,0.00,178,12.65,2.47,0.00,-1.1,4.998,4.998,4.998,4.998,178
2022-03-13 06:03:22,7.0,10.7,472,0.0,0.0,0,0.0,0.0,0,126522.00,0.00,0.00,201,12.69,2.80,0.00,-1.1,4.998,4.998,4.998,4.998,146
2022-03-13 06:04:22,1.1,6.9,214,0.0,0.0,0,0.0,0.0,0,126736.00,0.00,0.00,217,12.65,3.02,0.00,-1.1,4.998,4.998,4.998,4.998,20
2022-03-13 06:05:22,8.0,8.6,291,0.0,0.0,0,0.0,0.0,0,127027.00,0.00,0.00,239,12.65,3.32,0.00,-1.1,4.998,4.998,4.998,4.998,249
2022-03-13 06:06:22,5.4,10.8,436,0.0,0.0,0,0.0,0.0,0,127463.00,0.00,0.00,248,12.65,3.45,0.00,-1.1,4.998,4.998,4.998,4.998,206
2022-03-13 06:07:22,5.2,7.7,360,0.0,0.0,0,0.0,0.0,0,127823.00,0.00,0.00,244,12.65,3.39,0.00,-1.6,4.998,4.998,4.998,4.998,114
2022-03-13 06:08:22,5.9,8.7,419,0.0,0.0,0,0.0,0.0,0,128242.00,0.00,0.00,233,12.69,3.23,0.00,-1.1,4.998,4.998,4.998,4.998,187
2022-03-13 06:09:22,7.3,9.1,434,0.0,0.0,0,0.0,0.0,0,128676.00,0.00,0.00,206,12.65,2.86,0.00,-1.1,4.998,4.998,4.998,4.998,156
2022-03-13 06:10:22,6.5,11.6,533,0.0,0.0,0,0.0,0.0,0,129209.00,0.00,0.00,237,12.69,3.30,0.00,-1.1,4.998,4.998,4.998,4.998,103
2022-03-13 06:11:22,5.3,9.1,363,0.0,0.0,0,0.0,0.0,0,129572.00,0.00,0.00,225,12.69,3.13,0.00,-1.6,4.998,4.998,4.998,4.998,51
2022-03-13 06:12:22,5.6,8.9,369,0.0,0.0,0,0.0,0.0,0,129941.00,0.00,0.00,229,12.69,3.19,0.00,-1.1,4.998,4.998,4.998,4.998,59
2022-03-13 06:13:22,5.1,6.9,213,0.0,0.0,0,0.0,0.0,0,130154.00,0.00,0.00,224,12.65,3.12,0.00,-1.6,4.998,4.998,4.998,4.998,160
2022-03-13 06:14:22,5.8,14.6,455,0.0,0.0,0,0.0,0.0,0,130609.00,0.00,0.00,211,12.65,2.94,0.00,-1.6,4.998,4.998,4.998,4.998,187
2022-03-13 06:15:22,5.9,14.1,473,0.0,0.0,0,0.0,0.0,0,131082.00,0.00,0.00,236,12.65,3.28,0.00,-1.1,4.998,4.998,4.998,4.998,33
2022-03-13 06:16:22,5.8,7.7,309,0.0,0.0,0,0.0,0.0,0,131391.00,0.00,0.00,214,12.69,2.98,0.00,-1.6,4.998,4.998,4.998,4.998,243
2022-03-13 06:17:22,6.2,10.5,395,0.0,0.0,0,0.0,0.0,0,131786.00,0.00,0.00,249,12.65,3.46,0.00,-1.1,4.998,4.998,4.998,4.998,163
2022-03-13 06:18:22,4.4,7.7,282,0.0,0.0,0,0.0,0.0,0,132068.00,0.00,0.00,236,12.65,3.28,0.00,-1.6,4.998,4.998,4.998,4.998,181
2022-03-13 06:19:22,4.2,6.8,299,0.0,0.0,0,0.0,0.0,0,132367.00,0.00,0.00,217,12.69,3.02,0.00,-1.6,4.998,4.998,4.998,4.998,209
2022-03-13 06:20:22,4.4,7.5,245,0.0,0.0,0,0.0,0.0,0,132612.00,0.00,0.00,217,12.65,3.01,0.00,-1.1,4.998,4.998,4.998,4.998,171
2022-03-13 06:21:22,5.8,7.0,275,0.0,0.0,0,0.0,0.0,0,132887.00,0.00,0.00,207,12.69,2.87,0.00,-1.6,4.998,4.998,4.998,4.998,85
2022-03-13 06:22:22,7.1,10.4,465,0.0,0.0,0,0.0,0.0,0,133352.00,0.00,0.00,208,12.65,2.89,0.00,-1.6,4.998,4.998,4.998,4.998,174
2022-03-13 06:23:22,6.1,10.9,405,0.0,0.0,0,0.0,0.0,0,133757.00,0.00,0.00,216,12.65,3.01,0.00,-1.6,4.998,4.998,4.998,4.998,163
2022-03-13 06:24:22,5.2,9.1,327,0.0,0.0,0,0.0,0.0,0,134084.00,0.00,0.00,197,12.69,2.74,0.00,-1.6,4.998,4.998,4.998,4.998,109
2022-03-13 06:25:22,7.2,14.5,455,0.0,0.0,0,0.0,0.0,0,134539.00,0.00,0.00,287,12.69,3.99,0.00,-1.1,4.998,4.998,4.998,4.998,89
2022-03-13 06:26:22,8.1,12.5,541,0.0,0.0,0,0.0,0.0,0,135080.00,0.00,0.00,168,12.69,2.33,0.00,-1.1,4.998,4.998,4.998,4.998,47
2022-03-13 06:27:22,5.7,11.0,497,0.0,0.0,0,0.0,0.0,0,135577.00,0.00,0.00,290,12.65,4.03,0.00,-1.1,4.998,4.998,4.998,4.998,185
2022-03-13 06:28:22,7.5,12.2,440,0.0,0.0,0,0.0,0.0,0,136017.00,0.00,0.00,193,12.65,2.68,0.00,-1.1,4.998,4.998,4.998,4.998,186
2022-03-13 06:29:22,5.6,7.9,333,0.0,0.0,0,0.0,0.0,0,136350.00,0.00,0.00,199,12.69,2.76,0.00,-1.6,4.998,4.998,4.998,4.998,85
2022-03-13 06:30:22,4.6,12.6,448,0.0,0.0,0,0.0,0.0,0,136798.00,0.00,0.00,209,12.69,2.90,0.00,-1.1,4.998,4.998,4.998,4.998,192
2022-03-13 06:31:22,5.8,9.0,280,0.0,0.0,0,0.0,0.0,0,137078.00,0.00,0.00,223,12.65,3.10,0.00,-1.1,4.998,4.998,4.998,4.998,120
2022-03-13 06:32:22,4.7,7.2,273,0.0,0.0,0,0.0,0.0,0,137351.00,0.00,0.00,238,12.65,3.31,0.00,-1.6,4.998,4.998,4.998,4.998,220
2022-03-13 06:33:22,8.8,9.9,475,0.0,0.0,0,0.0,0.0,0,137826.00,0.00,0.00,208,12.69,2.89,0.00,-1.1,4.998,4.998,4.998,4.998,98
2022-03-13 06:34:22,6.3,9.7,342,0.0,0.0,0,0.0,0.0,0,138168.00,0.00,0.00,232,12.65,3.22,0.00,-1.1,4.998,4.998,4.998,4.998,148
2022-03-13 06:35:22,5.6,17.8,506,0.0,0.0,0,0.0,0.0,0,138674.00,0.00,0.00,212,12.65,2.94,0.00,-1.1,4.998,4.998,4.998,4.998,94
2022-03-13 06:36:22,8.0,16.5,502,0.0,0.0,0,0.0,0.0,0,139176.00,0.00,0.00,206,12.65,2.87,0.00,-1.1,4.998,4.998,4.998,4.998,121
2022-03-13 06:37:22,6.8,10.3,424,0.0,0.0,0,0.0,0.0,0,139600.00,0.00,0.00,212,12.65,2.94,0.00,-1.1,4.998,4.998,4.998,4.998,148
2022-03-13 06:38:22,11.2,11.2,290,0.0,0.0,0,0.0,0.0,0,139890.00,0.00,0.00,226,12.69,3.14,0.00,-1.1,4.998,4.998,4.998,4.998,174
2022-03-13 06:39:22,5.3,12.4,443,0.0,0.0,0,0.0,0.0,0,140333.00,0.00,0.00,227,12.69,3.15,0.00,-1.6,4.998,4.998,4.998,4.998,14
2022-03-13 06:40:22,9.9,12.8,393,0.0,0.0,0,0.0,0.0,0,140726.00,0.00,0.00,225,12.69,3.13,0.00,-1.1,4.998,4.998,4.998,4.998,114
2022-03-13 06:41:22,9.8,14.3,550,0.0,0.0,0,0.0,0.0,0,141276.00,0.00,0.00,201,12.65,2.80,0.00,-1.1,4.998,4.998,4.998,4.998,52
2022-03-13 06:42:22,3.2,11.5,479,0.0,0.0,0,0.0,0.0,0,141755.00,0.00,0.00,210,12.69,2.91,0.00,-1.1,4.998,4.998,4.998,4.998,209
2022-03-13 06:43:22,6.9,17.9,554,0.0,0.0,0,0.0,0.0,0,142309.00,0.00,0.00,242,12.69,3.37,0.00,-1.1,4.998,4.998,4.998,4.998,130
2022-03-13 06:44:22,7.0,12.6,442,0.0,0.0,0,0.0,0.0,0,142751.00,0.00,0.00,242,12.69,3.37,0.00,-1.1,4.998,4.998,4.998,4.998,39
2022-03-13 06:45:22,9.8,15.0,525,0.0,0.0,0,0.0,0.0,0,143276.00,0.00,0.00,236,12.65,3.29,0.00,-1.1,4.998,4.998,4.998,4.998,134
2022-03-13 06:46:22,8.4,11.9,587,0.0,0.0,0,0.0,0.0,0,143863.00,0.00,0.00,240,12.69,3.33,0.00,-1.1,4.998,4.998,4.998,4.998,97
2022-03-13 06:47:22,9.4,15.2,466,0.0,0.0,0,0.0,0.0,0,144329.00,0.00,0.00,258,12.65,3.58,0.00,-1.1,4.998,4.998,4.998,4.998,113
2022-03-13 06:48:22,7.2,11.7,454,0.0,0.0,0,0.0,0.0,0,144783.00,0.00,0.00,246,12.69,3.42,0.00,-1.1,4.998,4.998,4.998,4.998,28
2022-03-13 06:49:22,5.6,10.8,374,0.0,0.0,0,0.0,0.0,0,145157.00,0.00,0.00,231,12.65,3.21,0.00,-1.6,4.998,4.998,4.998,4.998,251
2022-03-13 06:50:22,7.0,11.1,514,0.0,0.0,0,0.0,0.0,0,145671.00,0.00,0.00,287,12.69,3.98,0.00,-1.6,4.998,4.998,4.998,4.998,90
2022-03-13 06:51:22,8.1,9.5,425,0.0,0.0,0,0.0,0.0,0,146096.00,0.00,0.00,202,12.65,2.81,0.00,-1.6,4.998,4.998,4.998,4.998,66
2022-03-13 06:52:22,6.9,16.3,571,0.0,0.0,0,0.0,0.0,0,146667.00,0.00,0.00,189,12.65,2.62,0.00,-1.1,4.998,4.998,4.998,4.998,135
2022-03-13 06:53:22,4.3,10.4,387,0.0,0.0,0,0.0,0.0,0,147054.00,0.00,0.00,239,12.69,3.32,0.00,-1.6,4.998,4.998,4.998,4.998,133
2022-03-13 06:54:22,4.9,9.5,329,0.0,0.0,0,0.0,0.0,0,147383.00,0.00,0.00,264,12.65,3.67,0.00,-2.1,4.998,4.998,4.998,4.998,233
2022-03-13 06:55:22,10.0,11.3,493,0.0,0.0,0,0.0,0.0,0,147876.00,0.00,0.00,256,12.65,3.56,0.00,-1.6,4.998,4.998,4.998,4.998,226
2022-03-13 06:56:22,5.3,10.7,474,0.0,0.0,0,0.0,0.0,0,148350.00,0.00,0.00,232,12.69,3.23,0.00,-1.1,4.998,4.998,4.998,4.998,106
2022-03-13 06:57:22,4.4,8.0,369,0.0,0.0,0,0.0,0.0,0,148719.00,0.00,0.00,249,12.69,3.46,0.00,-1.6,4.998,4.998,4.998,4.998,221
2022-03-13 06:58:22,3.1,5.9,173,0.0,0.0,0,0.0,0.0,0,148892.00,0.00,0.00,261,12.69,3.63,0.00,-1.6,4.998,4.998,4.998,4.998,35
2022-03-13 06:59:22,4.5,6.7,208,0.0,0.0,0,0.0,0.0,0,149100.00,0.00,0.00,234,12.65,3.25,0.00,-1.6,4.998,4.998,4.998,4.998,136
2022-03-13 07:00:22,7.0,8.3,340,0.0,0.0,0,0.0,0.0,0,149440.00,0.00,0.00,240,12.69,3.34,0.00,-2.1,4.998,4.998,4.998,4.998,15
2022-03-13 07:01:22,4.7,13.7,473,0.0,0.0,0,0.0,0.0,0,149913.00,0.00,0.00,217,12.65,3.02,0.00,-1.6,4.998,4.998,4.998,4.998,203
2022-03-13 07:02:22,5.6,12.0,450,0.0,0.0,0,0.0,0.0,0,150363.00,0.00,0.00,236,12.69,3.28,0.00,-2.1,4.998,4.998,4.998,4.998,43
2022-03-13 07:03:22,3.9,6.8,282,0.0,0.0,0,0.0,0.0,0,150645.00,0.00,0.00,209,12.69,2.91,0.00,-1.6,4.998,4.998,4.998,4.998,34
2022-03-13 07:04:22,4.3,11.2,446,0.0,0.0,0,0.0,0.0,0,151091.00,0.00,0.00,205,12.65,2.85,0.00,-1.6,4.998,4.998,4.998,4.998,58
2022-03-13 07:05:22,5.9,7.8,307,0.0,0.0,0,0.0,0.0,0,151398.00,0.00,0.00,249,12.69,3.46,0.00,-2.1,4.998,4.998,4.998,4.998,21
2022-03-13 07:06:22,2.5,6.7,194,0.0,0.0,0,0.0,0.0,0,151592.00,0.00,0.00,203,12.69,2.82,0.00,-2.1,4.998,4.998,4.998,4.998,122
2022-03-13 07:07:22,8.1,12.4,301,0.0,0.0,0,0.0,0.0,0,151893.00,0.00,0.00,240,12.65,3.33,0.00,-2.6,4.998,4.998,4.998,4.998,186
2022-03-13 07:08:22,7.3,12.4,474,0.0,0.0,0,0.0,0.0,0,152367.00,0.00,0.00,239,12.65,3.32,0.00,-1.6,4.998,4.998,4.998,4.998,156
2022-03-13 07:09:22,3.2,10.6,361,0.0,0.0,0,0.0,0.0,0,152728.00,0.00,0.00,212,12.65,2.94,0.00,-1.6,4.998,4.998,4.998,4.998,114
2022-03-13 07:10:22,7.2,8.6,353,0.0,0.0,0,0.0,0.0,0,153081.00,0.00,0.00,235,12.69,3.27,0.00,-1.6,4.998,4.998,4.998,4.998,93
2022-03-13 07:11:22,9.4,11.8,486,0.0,0.0,0,0.0,0.0,0,153567.00,0.00,0.00,255,12.65,3.54,0.00,-1.6,4.998,4.998,4.998,4.998,32
2022-03-13 07:12:22,5.3,13.6,592,0.0,0.0,0,0.0,0.0,0,154159.00,0.00,0.00,259,12.65,3.59,0.00,-1.6,4.998,4.998,4.998,4.998,52
2022-03-13 07:13:22,6.0,12.7,495,0.0,0.0,0,0.0,0.0,0,154654.00,0.00,0.00,235,12.65,3.27,0.00,-1.6,4.998,4.998,4.998,4.998,252
2022-03-13 07:14:22,3.9,6.3,263,0.0,0.0,0,0.0,0.0,0,154917.00,0.00,0.00,259,12.65,3.59,0.00,-1.6,4.998,4.998,4.998,4.998,62
2022-03-13 07:15:22,3.1,10.4,384,0.0,0.0,0,0.0,0.0,0,155301.00,0.00,0.00,269,12.65,3.74,0.00,-1.6,4.998,4.998,4.998,4.998,169
2022-03-13 07:16:22,5.5,9.2,360,0.0,0.0,0,0.0,0.0,0,155661.00,0.00,0.00,248,12.61,3.44,0.00,-1.6,4.998,4.998,4.998,4.998,32
2022-03-13 07:17:22,4.8,7.3,316,0.0,0.0,0,0.0,0.0,0,155977.00,0.00,0.00,214,12.65,2.97,0.00,-1.6,4.998,4.998,4.998,4.998,110
2022-03-13 07:18:22,6.8,11.1,312,0.0,0.0,0,0.0,0.0,0,156289.00,0.00,0.00,216,12.65,3.00,0.00,-2.1,4.998,4.998,4.998,4.998,171
2022-03-13 07:19:22,5.5,11.3,495,0.0,0.0,0,0.0,0.0,0,156784.00,0.00,0.00,236,12.65,3.28,0.00,-1.6,4.998,4.998,4.998,4.998,147
2022-03-13 07:20:22,8.4,8.8,368,0.0,0.0,0,0.0,0.0,0,157152.00,0.00,0.00,245,12.61,3.40,0.00,-1.6,4.998,4.998,4.998,4.998,155
2022-03-13 07:21:22,5.9,11.4,539,0.0,0.0,0,0.0,0.0,0,157691.00,0.00,0.00,243,12.65,3.38,0.00,-1.6,4.998,4.998,4.998,4.998,141
2022-03-13 07:22:22,5.2,9.9,379,0.0,0.0,0,0.0,0.0,0,158070.00,0.00,0.00,211,12.65,2.93,0.00,-1.6,4.998,4.998,4.998,4.998,113
2022-03-13 07:23:22,7.7,13.8,475,0.0,0.0,0,0.0,0.0,0,158545.00,0.00,0.00,225,12.65,3.12,0.00,-1.6,4.998,4.998,4.998,4.998,176
2022-03-13 07:24:22,6.3,8.1,326,0.0,0.0,0,0.0,0.0,0,158871.00,0.00,0.00,222,12.65,3.09,0.00,-1.6,4.998,4.998,4.998,4.998,78
2022-03-13 07:25:22,6.5,11.0,425,0.0,0.0,0,0.0,0.0,0,159296.00,0.00,0.00,249,12.65,3.46,0.00,-1.6,4.998,4.998,4.998,4.998,214
2022-03-13 07:26:22,6.2,9.0,408,0.0,0.0,0,0.0,0.0,0,159704.00,0.00,0.00,242,12.65,3.36,0.00,-1.6,4.998,4.998,4.998,4.998,214
2022-03-13 07:27:22,3.4,7.8,316,0.0,0.0,0,0.0,0.0,0,160020.00,0.00,0.00,232,12.65,3.22,0.00,-1.6,4.998,4.998,4.998,4.998,59
2022-03-13 07:28:22,7.4,9.8,462,0.0,0.0,0,0.0,0.0,0,160482.00,0.00,0.00,225,12.65,3.13,0.00,-1.6,4.998,4.998,4.998,4.998,115
2022-03-13 07:29:22,5.3,9.2,341,0.0,0.0,0,0.0,0.0,0,160823.00,0.00,0.00,241,12.65,3.35,0.00,-2.1,4.998,4.998,4.998,4.998,71
2022-03-13 07:30:22,8.8,11.5,479,0.0,0.0,0,0.0,0.0,0,161302.00,0.00,0.00,231,12.65,3.21,0.00,-1.6,4.998,4.998,4.998,4.998,175
2022-03-13 07:31:22,7.1,10.4,410,0.0,0.0,0,0.0,0.0,0,161712.00,0.00,0.00,250,12.65,3.47,0.00,-2.1,4.998,4.998,4.998,4.998,218
2022-03-13 07:32:22,3.2,9.1,381,0.0,0.0,0,0.0,0.0,0,162093.00,0.00,0.00,230,12.65,3.20,0.00,-1.6,4.998,4.998,4.998,4.998,245
2022-03-13 07:33:22,8.0,11.2,376,0.0,0.0,0,0.0,0.0,0,162469.00,0.00,0.00,271,12.65,3.76,0.00,-1.6,4.998,4.998,4.998,4.998,91
2022-03-13 07:34:22,8.0,8.9,411,0.0,0.0,0,0.0,0.0,0,162880.00,0.00,0.00,244,12.65,3.39,0.00,-1.6,4.998,4.998,4.998,4.998,165
2022-03-13 07:35:22,3.8,8.8,354,0.0,0.0,0,0.0,0.0,0,163234.00,0.00,0.00,244,12.65,3.39,0.00,-2.1,4.998,4.998,4.998,4.998,27
2022-03-13 07:36:22,5.3,7.4,270,0.0,0.0,0,0.0,0.0,0,163504.00,0.00,0.00,235,12.65,3.27,0.00,-1.6,4.998,4.998,4.998,4.998,147
2022-03-13 07:37:22,5.1,9.8,368,0.0,0.0,0,0.0,0.0,0,163872.00,0.00,0.00,264,12.65,3.66,0.00,-1.6,4.998,4.998,4.998,4.998,205
2022-03-13 07:38:22,4.1,9.8,284,0.0,0.0,0,0.0,0.0,0,164156.00,0.00,0.00,216,12.65,3.00,0.00,-1.6,4.998,4.998,4.998,4.998,244
2022-03-13 07:39:22,4.9,8.0,308,0.0,0.0,0,0.0,0.0,0,164464.00,0.00,0.00,229,12.65,3.19,0.00,-1.6,4.998,4.998,4.998,4.998,76
2022-03-13 07:40:22,5.8,7.4,280,0.0,0.0,0,0.0,0.0,0,164744.00,0.00,0.00,250,12.65,3.47,0.00,-1.6,4.998,4.998,4.998,4.998,133
2022-03-13 07:41:22,5.2,8.9,365,0.0,0.0,0,0.0,0.0,0,165109.00,0.00,0.00,224,12.65,3.11,0.00,-1.1,4.998,4.998,4.998,4.998,74
2022-03-13 07:42:22,7.8,12.1,437,0.0,0.0,0,0.0,0.0,0,165546.00,0.00,0.00,230,12.65,3.20,0.00,-1.1,4.998,4.998,4.998,4.998,59
2022-03-13 07:43:22,8.7,9.5,352,0.0,0.0,0,0.0,0.0,0,165898.00,0.00,0.00,237,12.65,3.30,0.00,-1.1,4.998,4.998,4.998,4.998,194
2022-03-13 07:44:22,7.2,10.7,425,0.0,0.0,0,0.0,0.0,0,166323.00,0.00,0.00,249,12.65,3.46,0.00,-1.1,4.998,4.998,4.998,4.998,61
2022-03-13 07:45:22,6.8,9.7,437,0.0,0.0,0,0.0,0.0,0,166760.00,0.00,0.00,233,12.65,3.24,0.00,-1.1,4.998,4.998,4.998,4.998,141
2022-03-13 07:46:22,5.0,8.1,354,0.0,0.0,0,0.0,0.0,0,167114.00,0.00,0.00,254,12.65,3.53,0.00,-1.1,4.998,4.998,4.998,4.998,176
2022-03-13 07:47:22,5.8,6.1,209,0.0,0.0,0,0.0,0.0,0,167323.00,0.00,0.00,245,12.65,3.40,0.00,-1.1,4.998,4.998,4.998,4.998,155
2022-03-13 07:48:22,7.9,12.1,497,0.0,0.0,0,0.0,0.0,0,167820.00,0.00,0.00,238,12.65,3.30,0.00,-1.1,4.998,4.998,4.998,4.998,136
2022-03-13 07:49:22,7.2,11.3,505,0.0,0.0,0,0.0,0.0,0,168325.00,0.00,0.00,247,12.65,3.43,0.00,-1.1,4.998,4.998,4.998,4.998,154
2022-03-13 07:50:22,4.7,7.8,296,0.0,0.0,0,0.0,0.0,0,168621.00,0.00,0.00,223,12.65,3.11,0.00,-1.1,4.998,4.998,4.998,4.998,28
2022-03-13 07:51:22,7.0,8.7,346,0.0,0.0,0,0.0,0.0,0,168967.00,0.00,0.00,246,12.65,3.42,0.00,-1.1,4.998,4.998,4.998,4.998,165
2022-03-13 07:52:22,5.9,9.4,359,0.0,0.0,0,0.0,0.0,0,169326.00,0.00,0.00,222,12.65,3.08,0.00,-1.1,4.998,4.998,4.998,4.998,225
2022-03-13 07:53:22,6.8,9.9,371,0.0,0.0,0,0.0,0.0,0,169697.00,0.00,0.00,228,12.65,3.17,0.00,-1.1,4.998,4.998,4.998,4.998,183
2022-03-13 07:54:22,5.5,7.4,290,0.0,0.0,0,0.0,0.0,0,169987.00,0.00,0.00,218,12.65,3.03,0.00,-1.1,4.998,4.998,4.998,4.998,245
2022-03-13 07:55:22,7.1,8.9,369,0.0,0.0,0,0.0,0.0,0,170356.00,0.00,0.00,257,12.65,3.57,0.00,-1.1,4.998,4.998,4.998,4.998,177
2022-03-13 07:56:22,4.0,8.1,326,0.0,0.0,0,0.0,0.0,0,170682.00,0.00,0.00,245,12.65,3.41,0.00,-1.1,4.998,4.998,4.998,4.998,201
2022-03-13 07:57:22,4.3,5.8,234,0.0,0.0,0,0.0,0.0,0,170916.00,0.00,0.00,245,12.65,3.40,0.00,-1.1,4.998,4.998,4.998,4.998,200
2022-03-13 07:58:22,4.8,5.6,246,0.0,0.0,0,0.0,0.0,0,171162.00,0.00,0.00,242,12.65,3.36,0.00,-0.6,4.998,4.998,4.998,4.998,56
2022-03-13 07:59:22,5.6,6.2,291,0.0,0.0,0,0.0,0.0,0,171453.00,0.00,0.00,244,12.65,3.39,0.00,-1.1,4.998,4.998,4.998,4.998,9
2022-03-13 08:00:22,4.7,5.9,261,0.0,0.0,0,0.0,0.0,0,171714.00,0.00,0.00,254,12.65,3.53,0.00,-0.6,4.998,4.998,4.998,4.998,139
2022-03-13 08:01:22,7.5,8.6,378,0.0,0.0,0,0.0,0.0,0,172092.00,0.00,0.00,265,12.65,3.69,0.00,-1.1,4.998,4.998,4.998,4.998,189
2022-03-13 08:02:22,7.1,10.5,418,0.0,0.0,0,0.0,0.0,0,172510.00,0.00,0.00,241,12.65,3.35,0.00,-0.6,4.998,4.998,4.998,4.998,9
2022-03-13 08:03:22,2.8,10.1,341,0.0,0.0,0,0.0,0.0,0,172851.00,0.00,0.00,245,12.65,3.40,0.00,-1.1,4.998,4.998,4.998,4.998,153
2022-03-13 08:04:22,3.8,5.5,215,0.0,0.0,0,0.0,0.0,0,173066.00,0.00,0.00,275,12.65,3.82,0.00,-1.1,4.998,4.998,4.998,4.998,130
2022-03-13 08:05:22,6.2,7.5,352,0.0,0.0,0,0.0,0.0,0,173418.00,0.00,0.00,245,12.65,3.41,0.00,-0.6,4.998,4.998,4.998,4.998,9
2022-03-13 08:06:22,6.8,7.4,321,0.0,0.0,0,0.0,0.0,0,173739.00,0.00,0.00,218,12.65,3.03,0.00,-1.1,4.998,4.998,4.998,4.998,8
2022-03-13 08:07:22,6.5,9.9,409,0.0,0.0,0,0.0,0.0,0,174148.00,0.00,0.00,221,12.65,3.07,0.00,-0.6,4.998,4.998,4.998,4.998,125
2022-03-13 08:08:22,2.7,8.2,299,0.0,0.0,0,0.0,0.0,0,174447.00,0.00,0.00,231,12.65,3.21,0.00,-0.6,4.998,4.998,4.998,4.998,226
2022-03-13 08:09:22,4.7,6.8,272,0.0,0.0,0,0.0,0.0,0,174719.00,0.00,0.00,236,12.65,3.28,0.00,-0.6,4.998,4.998,4.998,4.998,63
2022-03-13 08:10:22,7.6,7.8,222,0.0,0.0,0,0.0,0.0,0,174941.00,0.00,0.00,227,12.65,3.16,0.00,-0.6,4.998,4.998,4.998,4.998,114
2022-03-13 08:11:22,4.8,8.7,384,0.0,0.0,0,0.0,0.0,0,175325.00,0.00,0.00,232,12.65,3.22,0.00,-0.6,4.998,4.998,4.998,4.998,37
2022-03-13 08:12:22,10.4,13.6,373,0.0,0.0,0,0.0,0.0,0,175698.00,0.00,0.00,240,12.65,3.33,0.00,-0.6,4.998,4.998,4.998,4.998,47
2022-03-13 08:13:22,7.6,10.8,410,0.0,0.0,0,0.0,0.0,0,176108.00,0.00,0.00,283,12.65,3.93,0.00,-0.6,4.998,4.998,4.998,4.998,202
2022-03-13 08:14:22,6.4,9.7,439,0.0,0.0,0,0.0,0.0,0,176547.00,0.00,0.00,245,12.65,3.40,0.00,-1.1,4.998,4.998,4.998,4.998,27
2022-03-13 08:15:22,6.1,8.7,363,0.0,0.0,0,0.0,0.0,0,176910.00,0.00,0.00,226,12.65,3.14,0.00,-0.6,4.998,4.998,4.998,4.998,14
2022-03-13 08:16:22,7.4,7.7,265,0.0,0.0,0,0.0,0.0,0,177175.00,0.00,0.00,238,12.65,3.31,0.00,-0.6,4.998,4.998,4.998,4.998,235
2022-03-13 08:17:22,6.7,10.4,489,0.0,0.0,0,0.0,0.0,0,177664.00,0.00,0.00,246,12.65,3.42,0.00,-0.6,4.998,4.998,4.998,4.998,117
2022-03-13 08:18:22,5.7,10.4,470,0.0,0.0,0,0.0,0.0,0,178134.00,0.00,0.00,244,12.65,3.39,0.00,-0.6,4.998,4.998,4.998,4.998,110
2022-03-13 08:19:22,6.1,7.8,280,0.0,0.0,0,0.0,0.0,0,178414.00,0.00,0.00,197,12.65,2.73,0.00,-0.6,4.998,4.998,4.998,4.998,209
2022-03-13 08:20:22,7.6,9.6,433,0.0,0.0,0,0.0,0.0,0,178847.00,0.00,0.00,230,12.65,3.19,0.00,-0.6,4.998,4.998,4.998,4.998,244
2022-03-13 08:21:22,9.3,9.8,469,0.0,0.0,0,0.0,0.0,0,179316.00,0.00,0.00,237,12.65,3.29,0.00,-0.6,4.998,4.998,4.998,4.998,95
2022-03-13 08:22:22,5.1,9.9,407,0.0,0.0,0,0.0,0.0,0,179723.00,0.00,0.00,235,12.65,3.26,0.00,-0.2,4.998,4.998,4.998,4.998,222
2022-03-13 08:23:22,7.0,10.7,440,0.0,0.0,0,0.0,0.0,0,180163.00,0.00,0.00,211,12.65,2.94,0.00,-0.6,4.998,4.998,4.998,4.998,231
2022-03-13 08:24:22,5.6,8.7,409,0.0,0.0,0,0.0,0.0,0,180572.00,0.00,0.00,190,12.69,2.64,0.00,-0.6,4.998,4.998,4.998,4.998,212
2022-03-13 08:25:22,4.4,7.7,171,0.0,0.0,0,0.0,0.0,0,180743.00,0.00,0.00,235,12.65,3.27,0.00,-0.6,4.998,4.998,4.998,4.998,112
2022-03-13 08:26:22,5.3,5.8,224,0.0,0.0,0,0.0,0.0,0,180967.00,0.00,0.00,272,12.65,3.78,0.00,-0.6,4.998,4.998,4.998,4.998,220
2022-03-13 08:27:22,6.2,6.7,202,0.0,0.0,0,0.0,0.0,0,181169.00,0.00,0.00,247,12.69,3.44,0.00,-0.6,4.998,4.998,4.998,4.998,196
2022-03-13 08:28:22,5.3,8.6,374,0.0,0.0,0,0.0,0.0,0,181543.00,0.00,0.00,238,12.65,3.31,0.00,-0.6,4.998,4.998,4.998,4.998,101
2022-03-13 08:29:22,7.0,14.9,450,0.0,0.0,0,0.0,0.0,0,181993.00,0.00,0.00,240,12.69,3.33,0.00,-0.6,4.998,4.998,4.998,4.998,221
2022-03-13 08:30:22,7.2,12.4,531,0.0,0.0,0,0.0,0.0,0,182524.00,0.00,0.00,217,12.65,3.01,0.00,-0.2,4.998,4.998,4.998,4.998,18
2022-03-13 08:31:22,3.5,8.3,341,0.0,0.0,0,0.0,0.0,0,182865.00,0.00,0.00,243,12.65,3.38,0.00,-0.2,4.998,4.998,4.998,4.998,89
2022-03-13 08:32:22,3.8,7.1,251,0.0,0.0,0,0.0,0.0,0,183116.00,0.00,0.00,241,12.65,3.34,0.00,-0.2,4.998,4.998,4.998,4.998,128
2022-03-13 08:33:22,9.3,11.3,430,0.0,0.0,0,0.0,0.0,0,183546.00,0.00,0.00,247,12.69,3.43,0.00,-0.2,4.998,4.998,4.998,4.998,8
2022-03-13 08:34:22,5.1,11.8,506,0.0,0.0,0,0.0,0.0,0,184052.00,0.00,0.00,277,12.69,3.85,0.00,-0.2,4.998,4.998,4.998,4.998,6
2022-03-13 08:35:22,7.1,9.4,381,0.0,0.0,0,0.0,0.0,0,184433.00,0.00,0.00,253,12.69,3.52,0.00,-0.2,4.998,4.998,4.998,4.998,129
2022-03-13 08:36:22,5.7,7.1,319,0.0,0.0,0,0.0,0.0,0,184752.00,0.00,0.00,263,12.65,3.66,0.00,-0.2,4.998,4.998,4.998,4.998,137
2022-03-13 08:37:22,7.0,7.3,326,0.0,0.0,0,0.0,0.0,0,185078.00,0.00,0.00,277,12.69,3.84,0.00,-0.2,4.998,4.998,4.998,4.998,249
2022-03-13 08:38:22,8.7,10.3,305,0.0,0.0,0,0.0,0.0,0,185383.00,0.00,0.00,227,12.69,3.15,0.00,-0.2,4.998,4.998,4.998,4.998,190
2022-03-13 08:39:22,7.4,9.9,457,0.0,0.0,0,0.0,0.0,0,185840.00,0.00,0.00,239,12.69,3.33,0.00,-0.2,4.998,4.998,4.998,4.998,154
2022-03-13 08:40:22,8.7,10.8,365,0.0,0.0,0,0.0,0.0,0,186205.00,0.00,0.00,273,12.69,3.79,0.00,-0.2,4.998,4.998,4.998,4.998,201
2022-03-13 08:41:22,5.8,11.1,524,0.0,0.0,0,0.0,0.0,0,186729.00,0.00,0.00,274,12.69,3.81,0.00,-0.2,4.998,4.998,4.998,4.998,68
2022-03-13 08:42:22,7.8,12.5,501,0.0,0.0,0,0.0,0.0,0,187230.00,0.00,0.00,222,12.69,3.09,0.00,-0.2,4.998,4.998,4.998,4.998,109
2022-03-13 08:43:22,7.2,8.3,407,0.0,0.0,0,0.0,0.0,0,187637.00,0.00,0.00,248,12.69,3.45,0.00,-0.2,4.998,4.998,4.998,4.998,107
2022-03-13 08:44:22,7.2,11.7,515,0.0,0.0,0,0.0,0.0,0,188152.00,0.00,0.00,269,12.69,3.74,0.00,-0.2,4.998,4.998,4.998,4.998,229
2022-03-13 08:45:22,4.7,8.9,309,0.0,0.0,0,0.0,0.0,0,188461.00,0.00,0.00,259,12.69,3.59,0.00,-0.6,4.998,4.998,4.998,4.998,136
2022-03-13 08:46:22,7.5,9.3,416,0.0,0.0,0,0.0,0.0,0,188877.00,0.00,0.00,230,12.65,3.20,0.00,-0.2,4.998,4.998,4.998,4.998,13
2022-03-13 08:47:22,7.6,9.5,467,0.0,0.0,0,0.0,0.0,0,189344.00,0.00,0.00,242,12.65,3.37,0.00,0.2,4.998,4.998,4.998,4.998,170
2022-03-13 08:48:22,9.6,9.9,436,0.0,0.0,0,0.0,0.0,0,189780.00,0.00,0.00,268,12.69,3.73,0.00,-0.2,4.998,4.998,4.998,4.998,239
2022-03-13 08:49:22,5.4,9.8,341,0.0,0.0,0,0.0,0.0,0,190121.00,0.00,0.00,247,12.69,3.43,0.00,-0.2,4.998,4.998,4.998,4.998,228
2022-03-13 08:50:22,5.6,6.5,297,0.0,0.0,0,0.0,0.0,0,190418.00,0.00,0.00,267,12.65,3.71,0.00,-0.2,4.998,4.998,4.998,4.998,247
2022-03-13 08:51:22,7.0,12.1,460,0.0,0.0,0,0.0,0.0,0,190878.00,0.00,0.00,274,12.65,3.81,0.00,-0.2,4.998,4.998,4.998,4.998,40
2022-03-13 08:52:22,7.0,8.8,362,0.0,0.0,0,0.0,0.0,0,191240.00,0.00,0.00,257,12.65,3.57,0.00,-0.2,4.998,4.998,4.998,4.998,118
2022-03-13 08:53:22,8.1,9.8,448,0.0,0.0,0,0.0,0.0,0,191688.00,0.00,0.00,257,12.69,3.57,0.00,-0.2,4.998,4.998,4.998,4.998,40
2022-03-13 08:54:22,3.8,8.9,335,0.0,0.0,0,0.0,0.0,0,192023.00,0.00,0.00,255,12.65,3.54,0.00,0.2,4.998,4.998,4.998,4.998,217
2022-03-13 08:55:22,3.4,4.3,160,0.0,0.0,0,0.0,0.0,0,192183.00,0.00,0.00,254,12.65,3.54,0.00,-0.2,4.998,4.998,4.998,4.998,28
2022-03-13 08:56:22,4.3,6.6,246,0.0,0.0,0,0.0,0.0,0,192429.00,0.00,0.00,264,12.65,3.66,0.00,-0.2,4.998,4.998,4.998,4.998,27
2022-03-13 08:57:22,3.5,7.6,277,0.0,0.0,0,0.0,0.0,0,192706.00,0.00,0.00,242,12.65,3.37,0.00,-0.2,4.998,4.998,4.998,4.998,157
2022-03-13 08:58:22,5.3,6.0,266,0.0,0.0,0,0.0,0.0,0,192972.00,0.00,0.00,267,12.69,3.72,0.00,0.2,4.998,4.998,4.998,4.998,182
2022-03-13 08:59:22,2.3,5.2,163,0.0,0.0,0,0.0,0.0,0,193135.00,0.00,0.00,267,12.69,3.71,0.00,-0.2,4.998,4.998,4.998,4.998,163
2022-03-13 09:00:22,5.3,5.7,246,0.0,0.0,0,0.0,0.0,0,193381.00,0.00,0.00,263,12.69,3.66,0.00,0.2,4.998,4.998,4.998,4.998,110
2022-03-13 09:01:22,4.7,8.4,369,0.0,0.0,0,0.0,0.0,0,193750.00,0.00,0.00,275,12.69,3.82,0.00,-0.2,4.998,4.998,4.998,4.998,179
2022-03-13 09:02:22,5.8,7.7,325,0.0,0.0,0,0.0,0.0,0,194075.00,0.00,0.00,229,12.69,3.19,0.00,0.2,4.998,4.998,4.998,4.998,28
2022-03-13 09:03:22,9.0,10.2,410,0.0,0.0,0,0.0,0.0,0,194485.00,0.00,0.00,233,12.69,3.23,0.00,0.2,4.998,4.998,4.998,4.998,125
2022-03-13 09:04:22,7.0,11.0,432,0.0,0.0,0,0.0,0.0,0,194917.00,0.00,0.00,237,12.69,3.30,0.00,0.2,4.998,4.998,4.998,4.998,65
2022-03-13 09:05:22,7.6,7.7,361,0.0,0.0,0,0.0,0.0,0,195278.00,0.00,0.00,259,12.69,3.60,0.00,0.2,4.998,4.998,4.998,4.998,61
2022-03-13 09:06:22,8.0,9.0,436,0.0,0.0,0,0.0,0.0,0,195714.00,0.00,0.00,223,12.69,3.10,0.00,-0.2,4.998,4.998,4.998,4.998,93
2022-03-13 09:07:22,8.0,8.9,440,0.0,0.0,0,0.0,0.0,0,196154.00,0.00,0.00,268,12.69,3.73,0.00,0.2,4.998,4.998,4.998,4.998,242
2022-03-13 09:08:22,5.1,8.3,352,0.0,0.0,0,0.0,0.0,0,196506.00,0.00,0.00,233,12.69,3.24,0.00,0.2,4.998,4.998,4.998,4.998,57
2022-03-13 09:09:22,4.0,6.8,291,0.0,0.0,0,0.0,0.0,0,196797.00,0.00,0.00,246,12.69,3.41,0.00,0.2,4.998,4.998,4.998,4.998,164
2022-03-13 09:10:22,4.0,6.1,250,0.0,0.0,0,0.0,0.0,0,197047.00,0.00,0.00,225,12.69,3.13,0.00,0.2,4.998,4.998,4.998,4.998,55
2022-03-13 09:11:22,10.0,10.7,360,0.0,0.0,0,0.0,0.0,0,197407.00,0.00,0.00,231,12.69,3.21,0.00,0.2,4.998,4.998,4.998,4.998,211
2022-03-13 09:12:22,6.8,11.4,514,0.0,0.0,0,0.0,0.0,0,197921.00,0.00,0.00,249,12.69,3.46,0.00,0.2,4.998,4.998,4.998,4.998,251
2022-03-13 09:13:22,5.9,8.0,347,0.0,0.0,0,0.0,0.0,0,198268.00,0.00,0.00,255,12.69,3.55,0.00,-0.2,4.998,4.998,4.998,4.998,239
2022-03-13 09:14:22,3.3,8.3,341,0.0,0.0,0,0.0,0.0,0,198609.00,0.00,0.00,231,12.69,3.21,0.00,-0.2,4.998,4.998,4.998,4.998,247
2022-03-13 09:15:22,4.2,5.3,216,0.0,0.0,0,0.0,0.0,0,198825.00,0.00,0.00,215,12.69,2.98,0.00,0.2,4.998,4.998,4.998,4.998,253
2022-03-13 09:16:22,2.9,5.6,234,0.0,0.0,0,0.0,0.0,0,199059.00,0.00,0.00,231,12.69,3.21,0.00,0.2,4.998,4.998,4.998,4.998,206
2022-03-13 09:17:22,3.9,5.7,212,0.0,0.0,0,0.0,0.0,0,199271.00,0.00,0.00,236,12.69,3.29,0.00,0.2,4.998,4.998,4.998,4.998,80
2022-03-13 09:18:22,4.3,9.7,349,0.0,0.0,0,0.0,0.0,0,199620.00,0.00,0.00,255,12.69,3.54,0.00,0.2,4.998,4.998,4.998,4.998,35
2022-03-13 09:19:22,5.9,7.8,340,0.0,0.0,0,0.0,0.0,0,199960.00,0.00,0.00,240,12.69,3.33,0.00,0.2,4.998,4.998,4.998,4.998,167
2022-03-13 09:20:22,6.7,9.6,411,0.0,0.0,0,0.0,0.0,0,200371.00,0.00,0.00,271,12.69,3.76,0.00,0.2,4.998,4.998,4.998,4.998,12
2022-03-13 09:21:22,2.9,8.7,334,0.0,0.0,0,0.0,0.0,0,200705.00,0.00,0.00,258,12.73,3.59,0.00,0.2,4.998,4.998,4.998,4.998,133
2022-03-13 09:22:22,5.3,7.9,278,0.0,0.0,0,0.0,0.0,0,200983.00,0.00,0.00,245,12.73,3.40,0.00,-0.2,4.998,4.998,4.998,4.998,126
2022-03-13 09:23:22,6.8,7.4,316,0.0,0.0,0,0.0,0.0,0,201299.00,0.00,0.00,216,12.73,3.00,0.00,0.2,4.998,4.998,4.998,4.998,191
2022-03-13 09:24:22,4.8,7.9,393,0.0,0.0,0,0.0,0.0,0,201692.00,0.00,0.00,241,12.69,3.35,0.00,0.2,4.998,4.998,4.998,4.998,93
2022-03-13 09:25:22,5.5,10.2,398,0.0,0.0,0,0.0,0.0,0,202090.00,0.00,0.00,233,12.73,3.24,0.00,0.2,4.998,4.998,4.998,4.998,43
2022-03-13 09:26:22,5.8,9.3,422,0.0,0.0,0,0.0,0.0,0,202512.00,0.00,0.00,260,12.69,3.61,0.00,0.2,4.998,4.998,4.998,4.998,79
2022-03-13 09:27:22,3.7,5.9,241,0.0,0.0,0,0.0,0.0,0,202753.00,0.00,0.00,237,12.69,3.30,0.00,0.2,4.998,4.998,4.998,4.998,8
2022-03-13 09:28:22,6.5,8.9,328,0.0,0.0,0,0.0,0.0,0,203081.00,0.00,0.00,229,12.73,3.19,0.00,0.2,4.998,4.998,4.998,4.998,92
2022-03-13 09:29:22,6.1,9.3,431,0.0,0.0,0,0.0,0.0,0,203512.00,0.00,0.00,246,12.73,3.41,0.00,0.7,4.998,4.998,4.998,4.998,195
2022-03-13 09:30:22,8.5,8.5,350,0.0,0.0,0,0.0,0.0,0,203862.00,0.00,0.00,234,12.73,3.26,0.00,0.7,4.998,4.998,4.998,4.998,134
2022-03-13 09:31:22,6.0,15.3,541,0.0,0.0,0,0.0,0.0,0,204403.00,0.00,0.00,245,12.73,3.41,0.00,0.7,4.998,4.998,4.998,4.998,57
2022-03-13 09:32:22,8.5,11.5,488,0.0,0.0,0,0.0,0.0,0,204891.00,0.00,0.00,279,12.73,3.88,0.00,0.7,4.998,4.998,4.998,4.998,10
2022-03-13 09:33:22,7.5,9.4,434,0.0,0.0,0,0.0,0.0,0,205325.00,0.00,0.00,180,12.73,2.50,0.00,0.7,4.998,4.998,4.998,4.998,238
2022-03-13 09:34:22,1.4,10.8,331,0.0,0.0,0,0.0,0.0,0,205656.00,0.00,0.00,219,12.73,3.04,0.00,0.7,4.998,4.998,4.998,4.998,87
2022-03-13 09:35:22,5.1,11.4,300,0.0,0.0,0,0.0,0.0,0,205956.00,0.00,0.00,235,12.77,3.27,0.00,0.7,4.998,4.998,4.998,4.998,197
2022-03-13 09:36:22,7.8,10.4,376,0.0,0.0,0,0.0,0.0,0,206332.00,0.00,0.00,240,12.77,3.33,0.00,0.7,4.998,4.998,4.998,4.998,247
2022-03-13 09:37:22,3.5,10.6,429,0.0,0.0,0,0.0,0.0,0,206761.00,0.00,0.00,271,12.81,3.76,0.00,0.7,4.998,4.998,4.998,4.998,186
2022-03-13 09:38:22,5.2,9.6,339,0.0,0.0,0,0.0,0.0,0,207100.00,0.00,0.00,222,12.77,3.09,0.00,0.7,4.998,4.998,4.998,4.998,175
2022-03-13 09:39:22,7.5,13.5,551,0.0,0.0,0,0.0,0.0,0,207651.00,0.00,0.00,223,12.77,3.10,0.00,0.7,4.998,4.998,4.998,4.998,81
2022-03-13 09:40:22,2.6,7.8,294,0.0,0.0,0,0.0,0.0,0,207945.00,0.00,0.00,209,12.81,2.91,0.00,0.7,4.998,4.998,4.998,4.998,18
2022-03-13 09:41:22,4.9,6.4,209,0.0,0.0,0,0.0,0.0,0,208154.00,0.00,0.00,253,12.85,3.52,0.00,1.7,4.998,4.998,4.998,4.998,227
2022-03-13 09:42:22,8.6,15.3,481,0.0,0.0,0,0.0,0.0,0,208635.00,0.00,0.00,253,12.85,3.52,0.00,1.2,4.998,4.998,4.998,4.998,55
2022-03-13 09:43:22,10.7,13.4,563,0.0,0.0,0,0.0,0.0,0,209198.00,0.00,0.00,267,12.85,3.72,0.00,1.7,4.998,4.998,4.998,4.998,129
2022-03-13 09:44:22,7.7,15.8,562,0.0,0.0,0,0.0,0.0,0,209760.00,0.00,0.00,253,12.85,3.52,0.00,1.7,4.998,4.998,4.998,4.998,98
2022-03-13 09:45:22,5.7,10.9,530,0.0,0.0,0,0.0,0.0,0,210290.00,0.00,0.00,259,12.89,3.59,0.00,1.2,4.998,4.998,4.998,4.998,146
2022-03-13 09:46:22,10.1,10.3,380,0.0,0.0,0,0.0,0.0,0,210670.00,0.00,0.00,248,12.85,3.44,0.00,1.2,4.998,4.998,4.998,4.998,62
2022-03-13 09:47:22,9.2,11.3,563,0.0,0.0,0,0.0,0.0,0,211233.00,0.00,0.00,227,12.85,3.16,0.00,1.2,4.998,4.998,4.998,4.998,26
2022-03-13 09:48:22,7.2,9.4,303,0.0,0.0,0,0.0,0.0,0,211536.00,0.00,0.00,249,12.89,3.46,0.00,1.2,4.998,4.998,4.998,4.998,118
2022-03-13 09:49:22,6.7,8.3,365,0.0,0.0,0,0.0,0.0,0,211901.00,0.00,0.00,241,12.89,3.35,0.00,1.7,4.998,4.998,4.998,4.998,58
2022-03-13 09:50:22,8.4,16.1,626,0.0,0.0,0,0.0,0.0,0,212527.00,0.00,0.00,236,12.89,3.28,0.00,1.7,4.998,4.998,4.998,4.998,168
2022-03-13 09:51:22,8.0,10.4,507,0.0,0.0,0,0.0,0.0,0,213034.00,0.00,0.00,271,12.89,3.77,0.00,1.7,4.998,4.998,4.998,4.998,236
2022-03-13 09:52:22,8.2,11.2,490,0.0,0.0,0,0.0,0.0,0,213524.00,0.00,0.00,272,12.89,3.77,0.00,1.2,4.998,4.998,4.998,4.998,245
2022-03-13 09:53:22,5.7,8.3,342,0.0,0.0,0,0.0,0.0,0,213866.00,0.00,0.00,237,12.89,3.30,0.00,1.7,4.998,4.998,4.998,4.998,8
2022-03-13 09:54:22,9.4,13.6,493,0.0,0.0,0,0.0,0.0,0,214359.00,0.00,0.00,218,12.89,3.03,0.00,1.7,4.998,4.998,4.998,4.998,169
2022-03-13 09:55:22,7.5,14.1,652,0.0,0.0,0,0.0,0.0,0,215011.00,0.00,0.00,275,12.89,3.83,0.00,1.2,4.998,4.998,4.998,4.998,201
2022-03-13 09:56:22,11.0,11.9,489,0.0,0.0,0,0.0,0.0,0,215500.00,0.00,0.00,258,12.92,3.58,0.00,1.7,4.998,4.998,4.998,4.998,151
2022-03-13 09:57:22,5.7,11.6,506,0.0,0.0,0,0.0,0.0,0,216006.00,0.00,0.00,281,12.92,3.91,0.00,1.7,4.998,4.998,4.998,4.998,210
2022-03-13 09:58:22,10.4,15.5,615,0.0,0.0,0,0.0,0.0,0,216621.00,0.00,0.00,297,12.89,4.12,0.00,1.2,4.998,4.998,4.998,4.998,232
2022-03-13 09:59:22,7.6,14.9,503,0.0,0.0,0,0.0,0.0,0,217124.00,0.00,0.00,243,12.92,3.38,0.00,1.7,4.998,4.998,4.998,4.998,45
2022-03-13 10:00:22,5.9,10.6,383,0.0,0.0,0,0.0,0.0,0,217507.00,0.00,0.00,230,12.92,3.20,0.00,2.2,4.998,4.998,4.998,4.998,220
2022-03-13 10:01:22,5.9,10.6,458,0.0,0.0,0,0.0,0.0,0,217965.00,0.00,0.00,266,12.92,3.70,0.00,1.7,4.998,4.998,4.998,4.998,154
2022-03-13 10:02:22,5.4,12.2,492,0.0,0.0,0,0.0,0.0,0,218457.00,0.00,0.00,214,12.92,2.98,0.00,1.7,4.998,4.998,4.998,4.998,75
2022-03-13 10:03:22,8.8,9.1,395,0.0,0.0,0,0.0,0.0,0,218852.00,0.00,0.00,237,12.92,3.30,0.00,1.7,4.998,4.998,4.998,4.998,203
2022-03-13 10:04:22,11.3,15.5,636,0.0,0.0,0,0.0,0.0,0,219488.00,0.00,0.00,259,12.96,3.60,0.00,1.7,4.998,4.998,4.998,4.998,9
2022-03-13 10:05:22,10.6,15.5,614,0.0,0.0,0,0.0,0.0,0,220102.00,0.00,0.00,239,12.96,3.32,0.00,1.7,4.998,4.998,4.998,4.998,198
2022-03-13 10:06:22,6.6,13.4,533,0.0,0.0,0,0.0,0.0,0,220635.00,0.00,0.00,250,13.00,3.47,0.00,1.7,4.998,4.998,4.998,4.998,30
2022-03-13 10:07:22,8.0,9.7,461,0.0,0.0,0,0.0,0.0,0,221096.00,0.00,0.00,211,13.00,2.94,0.00,1.7,4.998,4.998,4.998,4.998,40
2022-03-13 10:08:22,8.6,14.3,423,0.0,0.0,0,0.0,0.0,0,221519.00,0.00,0.00,238,13.04,3.31,0.00,2.2,4.998,4.998,4.998,4.998,22
2022-03-13 10:09:22,4.0,16.1,537,0.0,0.0,0,0.0,0.0,0,222056.00,0.00,0.00,254,13.04,3.53,0.00,2.2,4.998,4.998,4.998,4.998,61
2022-03-13 10:10:22,9.7,12.0,520,0.0,0.0,0,0.0,0.0,0,222576.00,0.00,0.00,235,13.04,3.26,0.00,2.2,4.998,4.998,4.998,4.998,117
2022-03-13 10:11:22,8.5,12.2,469,0.0,0.0,0,0.0,0.0,0,223045.00,0.00,0.00,249,13.04,3.46,0.00,2.2,4.998,4.998,4.998,4.998,254
2022-03-13 10:12:22,9.2,14.4,659,0.0,0.0,0,0.0,0.0,0,223704.00,0.00,0.00,239,13.04,3.32,0.00,2.2,4.998,4.998,4.998,4.998,102
2022-03-13 10:13:22,8.8,16.2,727,0.0,0.0,0,0.0,0.0,0,224431.00,0.00,0.00,229,13.04,3.18,0.00,2.2,4.998,4.998,4.998,4.998,230
2022-03-13 10:14:22,9.0,11.7,441,0.0,0.0,0,0.0,0.0,0,224872.00,0.00,0.00,251,13.04,3.49,0.00,1.7,4.998,4.998,4.998,4.998,196
2022-03-13 10:15:22,13.1,21.6,794,0.0,0.0,0,0.0,0.0,0,225666.00,0.00,0.00,252,13.08,3.50,0.00,1.7,4.998,4.998,4.998,4.998,223
2022-03-13 10:16:22,11.0,15.1,684,0.0,0.0,0,0.0,0.0,0,226350.00,0.00,0.00,277,13.08,3.84,0.00,2.2,4.998,4.998,4.998,4.998,190
2022-03-13 10:17:22,15.4,16.9,654,0.0,0.0,0,0.0,0.0,0,227004.00,0.00,0.00,221,13.12,3.08,0.00,2.2,4.998,4.998,4.998,4.998,13
2022-03-13 10:18:22,6.8,19.1,649,0.0,0.0,0,0.0,0.0,0,227653.00,0.00,0.00,213,13.12,2.96,0.00,3.2,4.998,4.998,4.998,4.998,96
2022-03-13 10:19:22,4.5,12.2,442,0.0,0.0,0,0.0,0.0,0,228095.00,0.00,0.00,207,13.16,2.88,0.00,2.7,4.998,4.998,4.998,4.998,231
2022-03-13 10:20:22,9.2,17.5,567,0.0,0.0,0,0.0,0.0,0,228662.00,0.00,0.00,246,13.12,3.42,0.00,2.2,4.998,4.998,4.998,4.998,130
2022-03-13 10:21:22,9.0,15.1,626,0.0,0.0,0,0.0,0.0,0,229288.00,0.00,0.00,274,13.12,3.81,0.00,2.2,4.998,4.998,4.998,4.998,238
2022-03-13 10:22:22,11.8,17.1,704,0.0,0.0,0,0.0,0.0,0,229992.00,0.00,0.00,211,13.16,2.93,0.00,2.2,4.998,4.998,4.998,4.998,205
2022-03-13 10:23:22,13.6,17.7,697,0.0,0.0,0,0.0,0.0,0,230689.00,0.00,0.00,254,13.16,3.53,0.00,2.2,4.998,4.998,4.998,4.998,207
2022-03-13 10:24:22,6.7,20.5,803,0.0,0.0,0,0.0,0.0,0,231492.00,0.00,0.00,275,13.16,3.82,0.00,2.2,4.998,4.998,4.998,4.998,230
2022-03-13 10:25:22,12.4,15.8,599,0.0,0.0,0,0.0,0.0,0,232091.00,0.00,0.00,266,13.16,3.70,0.00,2.2,4.998,4.998,4.998,4.998,211
2022-03-13 10:26:22,10.0,15.2,689,0.0,0.0,0,0.0,0.0,0,232780.00,0.00,0.00,280,13.16,3.89,0.00,2.2,4.998,4.998,4.998,4.998,85
2022-03-13 10:27:22,4.7,12.2,562,0.0,0.0,0,0.0,0.0,0,233342.00,0.00,0.00,228,13.16,3.17,0.00,2.2,4.998,4.998,4.998,4.998,126
2022-03-13 10:28:22,7.0,13.4,520,0.0,0.0,0,0.0,0.0,0,233862.00,0.00,0.00,261,13.16,3.62,0.00,2.2,4.998,4.998,4.998,4.998,246
2022-03-13 10:29:22,6.2,12.0,485,0.0,0.0,0,0.0,0.0,0,234347.00,0.00,0.00,270,13.16,3.74,0.00,2.2,4.998,4.998,4.998,4.998,246
2022-03-13 10:30:22,4.9,12.0,390,0.0,0.0,0,0.0,0.0,0,234737.00,0.00,0.00,244,13.20,3.39,0.00,2.2,4.998,4.998,4.998,4.998,29
2022-03-13 10:31:22,13.8,17.7,599,0.0,0.0,0,0.0,0.0,0,235336.00,0.00,0.00,251,13.24,3.49,0.00,3.2,4.998,4.998,4.998,4.998,89
2022-03-13 10:32:22,13.7,21.8,889,0.0,0.0,0,0.0,0.0,0,236225.00,0.00,0.00,257,13.24,3.57,0.00,2.2,4.998,4.998,4.998,4.998,8
2022-03-13 10:33:22,14.5,17.7,889,0.0,0.0,0,0.0,0.0,0,237114.00,0.00,0.00,245,13.24,3.40,0.00,2.2,4.998,4.998,4.998,4.998,250
2022-03-13 10:34:22,21.0,23.1,936,0.0,0.0,0,0.0,0.0,0,238050.00,0.00,0.00,252,13.24,3.50,0.00,2.2,4.998,4.998,4.998,4.998,66
2022-03-13 10:35:22,16.7,21.8,956,0.0,0.0,0,0.0,0.0,0,239006.00,0.00,0.00,258,13.24,3.59,0.00,2.2,4.998,4.998,4.998,4.998,186
2022-03-13 10:36:22,13.4,20.2,819,0.0,0.0,0,0.0,0.0,0,239825.00,0.00,0.00,237,13.24,3.29,0.00,2.2,4.998,4.998,4.998,4.998,133
2022-03-13 10:37:22,7.1,13.8,585,0.0,0.0,0,0.0,0.0,0,240410.00,0.00,0.00,268,13.24,3.73,0.00,2.2,4.998,4.998,4.998,4.998,195
2022-03-13 10:38:22,9.5,11.5,510,0.0,0.0,0,0.0,0.0,0,240920.00,0.00,0.00,259,13.24,3.60,0.00,2.2,4.998,4.998,4.998,4.998,79
2022-03-13 10:39:22,9.5,16.0,644,0.0,0.0,0,0.0,0.0,0,241564.00,0.00,0.00,279,13.28,3.88,0.00,2.7,4.998,4.998,4.998,4.998,198
2022-03-13 10:40:22,8.5,13.9,625,0.0,0.0,0,0.0,0.0,0,242189.00,0.00,0.00,230,13.32,3.19,0.00,2.7,4.998,4.998,4.998,4.998,224
2022-03-13 10:41:22,10.6,11.4,483,0.0,0.0,0,0.0,0.0,0,242672.00,0.00,0.00,249,13.35,3.46,0.00,2.7,4.998,4.998,4.998,4.998,158
2022-03-13 10:42:22,13.0,18.8,640,0.0,0.0,0,0.0,0.0,0,243312.00,0.00,0.00,313,13.35,4.35,0.00,2.7,4.998,4.998,4.998,4.998,147
2022-03-13 10:43:22,15.0,23.5,852,0.0,0.0,0,0.0,0.0,0,244164.00,0.00,0.00,280,13.35,3.90,0.00,2.2,4.998,4.998,4.998,4.998,164
2022-03-13 10:44:22,11.3,18.7,783,0.0,0.0,0,0.0,0.0,0,244947.00,0.00,0.00,248,13.35,3.45,0.00,2.7,4.998,4.998,4.998,4.998,81
2022-03-13 10:45:22,9.2,19.2,689,0.0,0.0,0,0.0,0.0,0,245636.00,0.00,0.00,288,13.32,4.01,0.00,2.2,4.998,4.998,4.998,4.998,111
2022-03-13 10:46:22,13.9,13.9,544,0.0,0.0,0,0.0,0.0,0,246180.00,0.00,0.00,268,13.39,3.73,0.00,2.2,4.998,4.998,4.998,4.998,41
2022-03-13 10:47:22,11.4,20.9,848,0.0,0.0,0,0.0,0.0,0,247028.00,0.00,0.00,261,13.55,3.63,0.00,3.2,4.998,4.998,4.998,4.998,190
2022-03-13 10:48:22,4.7,17.5,610,0.0,0.0,0,0.0,0.0,0,247638.00,0.00,0.00,274,13.63,3.81,0.00,3.2,4.998,4.998,4.998,4.998,119
2022-03-13 10:49:22,6.3,14.9,561,0.0,0.0,0,0.0,0.0,0,248199.00,0.00,0.00,238,13.71,3.31,0.00,3.7,4.998,4.998,4.998,4.998,244
2022-03-13 10:50:22,13.1,17.2,599,0.0,0.0,0,0.0,0.0,0,248798.00,0.00,0.00,229,13.74,3.18,0.00,3.2,4.998,4.998,4.998,4.998,198
2022-03-13 10:51:22,12.4,13.2,655,0.0,0.0,0,0.0,0.0,0,249453.00,0.00,0.00,222,13.86,3.09,0.00,3.2,4.998,4.998,4.998,4.998,64
2022-03-13 10:52:22,15.8,19.0,860,0.0,0.0,0,0.0,0.0,0,250313.00,0.00,0.00,227,13.90,3.15,0.00,2.7,4.998,4.998,4.998,4.998,106
2022-03-13 10:53:22,6.3,21.4,796,0.0,0.0,0,0.0,0.0,0,251109.00,0.00,0.00,228,13.98,3.17,0.00,2.7,4.998,4.998,4.998,4.998,172
2022-03-13 10:54:22,6.6,18.0,614,0.0,0.0,0,0.0,0.0,0,251723.00,0.00,0.00,246,14.02,3.42,0.00,3.2,4.998,4.998,4.998,4.998,182
2022-03-13 10:55:22,4.2,11.3,389,0.0,0.0,0,0.0,0.0,0,252112.00,0.00,0.00,235,14.10,3.27,0.00,3.7,4.998,4.998,4.998,4.998,32
2022-03-13 10:56:22,4.4,11.4,446,0.0,0.0,0,0.0,0.0,0,252558.00,0.00,0.00,246,14.25,3.41,0.00,4.1,4.998,4.998,4.998,4.998,2
2022-03-13 10:57:22,5.5,8.5,333,0.0,0.0,0,0.0,0.0,0,252891.00,0.00,0.00,261,14.53,3.63,0.00,4.1,4.998,4.998,4.998,4.998,183
2022-03-13 10:58:22,8.4,15.8,589,0.0,0.0,0,0.0,0.0,0,253480.00,0.00,0.00,242,14.06,3.37,0.00,3.7,4.998,4.998,4.998,4.998,29
2022-03-13 10:59:22,9.1,15.9,662,0.0,0.0,0,0.0,0.0,0,254142.00,0.00,0.00,240,14.21,3.34,0.00,2.7,4.998,4.998,4.998,4.998,152
2022-03-13 11:00:22,6.4,12.7,533,0.0,0.0,0,0.0,0.0,0,254675.00,0.00,0.00,259,14.02,3.59,0.00,3.2,4.998,4.998,4.998,4.998,11
2022-03-13 11:01:22,9.1,17.4,740,0.0,0.0,0,0.0,0.0,0,255415.00,0.00,0.00,232,14.60,3.22,0.00,2.7,4.998,4.998,4.998,4.998,41
2022-03-13 11:02:22,9.4,13.9,629,0.0,0.0,0,0.0,0.0,0,256044.00,0.00,0.00,234,14.53,3.25,0.00,3.7,4.998,4.998,4.998,4.998,202
2022-03-13 11:03:22,1.5,12.1,463,0.0,0.0,0,0.0,0.0,0,256507.00,0.00,0.00,230,14.14,3.19,0.00,3.7,4.998,4.998,4.998,4.998,128
2022-03-13 11:04:22,12.1,16.4,542,0.0,0.0,0,0.0,0.0,0,257049.00,0.00,0.00,286,14.10,3.98,0.00,3.2,4.998,4.998,4.998,4.998,213
2022-03-13 11:05:22,17.0,21.2,660,0.0,0.0,0,0.0,0.0,0,257709.00,0.00,0.00,244,14.06,3.39,0.00,3.2,4.998,4.998,4.998,4.998,229
2022-03-13 11:06:22,12.6,16.9,701,0.0,0.0,0,0.0,0.0,0,258410.00,0.00,0.00,293,14.53,4.07,0.00,3.2,4.998,4.998,4.998,4.998,245
2022-03-13 11:07:22,12.1,19.3,815,0.0,0.0,0,0.0,0.0,0,259225.00,0.00,0.00,234,14.53,3.25,0.00,3.2,4.998,4.998,4.998,4.998,220
2022-03-13 11:08:22,5.5,17.1,670,0.0,0.0,0,0.0,0.0,0,259895.00,0.00,0.00,271,14.53,3.76,0.00,3.7,4.998,4.998,4.998,4.998,41
2022-03-13 11:09:22,10.9,19.1,713,0.0,0.0,0,0.0,0.0,0,260608.00,0.00,0.00,275,14.64,3.83,0.00,3.7,4.998,4.998,4.998,4.998,127
2022-03-13 11:10:22,11.3,14.7,682,0.0,0.0,0,0.0,0.0,0,261290.00,0.00,0.00,246,14.64,3.41,0.00,3.7,4.998,4.998,4.998,4.998,27
2022-03-13 11:11:22,3.4,17.6,662,0.0,0.0,0,0.0,0.0,0,261952.00,0.00,0.00,258,14.60,3.58,0.00,4.1,4.998,4.998,4.998,4.998,64
2022-03-13 11:12:22,9.0,18.9,689,0.0,0.0,0,0.0,0.0,0,262641.00,0.00,0.00,239,14.57,3.32,0.00,4.1,4.998,4.998,4.998,4.998,52
2022-03-13 11:13:22,7.4,16.5,656,0.0,0.0,0,0.0,0.0,0,263297.00,0.00,0.00,216,14.68,3.00,0.00,3.7,4.998,4.998,4.998,4.998,184
2022-03-13 11:14:22,10.9,11.4,462,0.0,0.0,0,0.0,0.0,0,263759.00,0.00,0.00,265,14.64,3.68,0.00,4.1,4.998,4.998,4.998,4.998,3
2022-03-13 11:15:22,10.3,17.4,759,0.0,0.0,0,0.0,0.0,0,264518.00,0.00,0.00,238,14.60,3.31,0.00,3.7,4.998,4.998,4.998,4.998,220
2022-03-13 11:16:22,15.7,18.1,681,0.0,0.0,0,0.0,0.0,0,265199.00,0.00,0.00,253,14.64,3.51,0.00,4.1,4.998,4.998,4.998,4.998,105
2022-03-13 11:17:22,18.0,22.2,1014,0.0,0.0,0,0.0,0.0,0,266213.00,0.00,0.00,260,14.57,3.61,0.00,3.7,4.998,4.998,4.998,4.998,96
2022-03-13 11:18:22,9.2,25.7,1030,0.0,0.0,0,0.0,0.0,0,267243.00,0.00,0.00,238,14.60,3.31,0.00,3.7,4.998,4.998,4.998,4.998,109
2022-03-13 11:19:22,7.1,16.3,626,0.0,0.0,0,0.0,0.0,0,267869.00,0.00,0.00,307,14.60,4.26,0.00,4.1,4.998,4.998,4.998,4.998,27
2022-03-13 11:20:22,13.4,14.5,450,0.0,0.0,0,0.0,0.0,0,268319.00,0.00,0.00,277,14.60,3.84,0.00,4.6,4.998,4.998,4.998,4.998,36
2022-03-13 11:21:22,15.5,20.6,898,0.0,0.0,0,0.0,0.0,0,269217.00,0.00,0.00,246,14.64,3.42,0.00,3.2,4.998,4.998,4.998,4.998,91
2022-03-13 11:22:22,13.6,21.0,966,0.0,0.0,0,0.0,0.0,0,270183.00,0.00,0.00,271,14.53,3.77,0.00,3.7,4.998,4.998,4.998,4.998,23
2022-03-13 11:23:22,15.2,17.6,790,0.0,0.0,0,0.0,0.0,0,270973.00,0.00,0.00,274,14.57,3.81,0.00,3.7,4.998,4.998,4.998,4.998,94
2022-03-13 11:24:22,11.1,19.4,691,0.0,0.0,0,0.0,0.0,0,271664.00,0.00,0.00,260,14.57,3.61,0.00,3.7,4.998,4.998,4.998,4.998,74
2022-03-13 11:25:22,11.4,16.0,736,0.0,0.0,0,0.0,0.0,0,272400.00,0.00,0.00,254,14.64,3.53,0.00,3.7,4.998,4.998,4.998,4.998,69
2022-03-13 11:26:22,8.7,12.2,555,0.0,0.0,0,0.0,0.0,0,272955.00,0.00,0.00,258,14.60,3.59,0.00,4.1,4.998,4.998,4.998,4.998,40
2022-03-13 11:27:22,6.9,15.1,621,0.0,0.0,0,0.0,0.0,0,273576.00,0.00,0.00,246,14.57,3.42,0.00,4.1,4.998,4.998,4.998,4.998,25
2022-03-13 11:28:22,5.0,10.7,315,0.0,0.0,0,0.0,0.0,0,273891.00,0.00,0.00,254,14.68,3.53,0.00,4.6,4.998,4.998,4.998,4.998,119
2022-03-13 11:29:22,13.0,17.7,791,0.0,0.0,0,0.0,0.0,0,274682.00,0.00,0.00,274,14.64,3.81,0.00,4.1,4.998,4.998,4.998,4.998,14
2022-03-13 11:30:22,10.6,17.7,785,0.0,0.0,0,0.0,0.0,0,275467.00,0.00,0.00,223,14.64,3.10,0.00,3.7,4.998,4.998,4.998,4.998,219
2022-03-13 11:31:22,10.2,22.5,903,0.0,0.0,0,0.0,0.0,0,276370.00,0.00,0.00,243,14.64,3.38,0.00,3.7,4.998,4.998,4.998,4.998,71
2022-03-13 11:32:22,8.2,13.5,569,0.0,0.0,0,0.0,0.0,0,276939.00,0.00,0.00,238,14.57,3.30,0.00,4.1,4.998,4.998,4.998,4.998,175
2022-03-13 11:33:22,7.8,18.3,717,0.0,0.0,0,0.0,0.0,0,277656.00,0.00,0.00,322,14.68,4.47,0.00,4.1,4.998,4.998,4.998,4.998,205
2022-03-13 11:34:22,6.7,21.3,748,0.0,0.0,0,0.0,0.0,0,278404.00,0.00,0.00,216,14.64,3.00,0.00,4.1,4.998,4.998,4.998,4.998,120
2022-03-13 11:35:22,12.2,26.7,654,0.0,0.0,0,0.0,0.0,0,279058.00,0.00,0.00,255,14.60,3.54,0.00,3.7,4.998,4.998,4.998,4.998,188
2022-03-13 11:36:22,8.6,14.9,615,0.0,0.0,0,0.0,0.0,0,279673.00,0.00,0.00,261,14.64,3.62,0.00,4.6,4.998,4.998,4.998,4.998,145
2022-03-13 11:37:22,12.0,15.6,614,0.0,0.0,0,0.0,0.0,0,280287.00,0.00,0.00,283,14.57,3.93,0.00,4.6,4.998,4.998,4.998,4.998,9
2022-03-13 11:38:22,12.4,16.9,759,0.0,0.0,0,0.0,0.0,0,281046.00,0.00,0.00,240,14.60,3.33,0.00,4.1,4.998,4.998,4.998,4.998,2
2022-03-13 11:39:22,7.1,13.1,501,0.0,0.0,0,0.0,0.0,0,281547.00,0.00,0.00,232,14.45,3.23,0.00,3.7,4.998,4.998,4.998,4.998,43
2022-03-13 11:40:22,8.1,16.7,595,0.0,0.0,0,0.0,0.0,0,282142.00,0.00,0.00,229,14.60,3.18,0.00,3.7,4.998,4.998,4.998,4.998,171
2022-03-13 11:41:22,10.9,11.4,502,0.0,0.0,0,0.0,0.0,0,282644.00,0.00,0.00,220,14.64,3.06,0.00,4.1,4.998,4.998,4.998,4.998,221
2022-03-13 11:42:22,7.5,11.7,486,0.0,0.0,0,0.0,0.0,0,283130.00,0.00,0.00,239,14.60,3.33,0.00,4.6,4.998,4.998,4.998,4.998,43
2022-03-13 11:43:22,5.4,9.2,364,0.0,0.0,0,0.0,0.0,0,283494.00,0.00,0.00,224,14.64,3.12,0.00,4.6,4.998,4.998,4.998,4.998,255
2022-03-13 11:44:22,8.9,13.5,476,0.0,0.0,0,0.0,0.0,0,283970.00,0.00,0.00,224,14.57,3.12,0.00,4.6,4.998,4.998,4.998,4.998,239
2022-03-13 11:45:22,7.0,10.9,407,0.0,0.0,0,0.0,0.0,0,284377.00,0.00,0.00,309,14.57,4.29,0.00,4.6,4.998,4.998,4.998,4.998,42
2022-03-13 11:46:22,5.2,7.2,245,0.0,0.0,0,0.0,0.0,0,284622.00,0.00,0.00,242,14.60,3.36,0.00,4.6,4.998,4.998,4.998,4.998,235
2022-03-13 11:47:22,9.2,17.7,676,0.0,0.0,0,0.0,0.0,0,285298.00,0.00,0.00,242,14.64,3.36,0.00,5.1,4.998,4.998,4.998,4.998,21
2022-03-13 11:48:22,6.1,12.3,501,0.0,0.0,0,0.0,0.0,0,285799.00,0.00,0.00,280,14.60,3.89,0.00,4.6,4.998,4.998,4.998,4.998,198
2022-03-13 11:49:22,6.7,12.1,478,0.0,0.0,0,0.0,0.0,0,286277.00,0.00,0.00,252,14.57,3.50,0.00,4.6,4.998,4.998,4.998,4.998,219
2022-03-13 11:50:22,6.8,9.3,320,0.0,0.0,0,0.0,0.0,0,286597.00,0.00,0.00,265,14.57,3.69,0.00,5.1,4.998,4.998,4.998,4.998,81
2022-03-13 11:51:22,9.5,17.8,643,0.0,0.0,0,0.0,0.0,0,287240.00,0.00,0.00,227,14.68,3.15,0.00,4.6,4.998,4.998,4.998,4.998,76
2022-03-13 11:52:22,7.7,14.1,513,0.0,0.0,0,0.0,0.0,0,287753.00,0.00,0.00,226,14.57,3.13,0.00,4.6,4.998,4.998,4.998,4.998,122
2022-03-13 11:53:22,10.9,12.3,522,0.0,0.0,0,0.0,0.0,0,288275.00,0.00,0.00,264,14.57,3.66,0.00,4.1,4.998,4.998,4.998,4.998,219
2022-03-13 11:54:22,6.2,19.3,719,0.0,0.0,0,0.0,0.0,0,288994.00,0.00,0.00,249,14.68,3.46,0.00,4.1,4.998,4.998,4.998,4.998,108
2022-03-13 11:55:22,10.5,12.5,508,0.0,0.0,0,0.0,0.0,0,289502.00,0.00,0.00,266,14.57,3.69,0.00,4.1,4.998,4.998,4.998,4.998,123
2022-03-13 11:56:22,9.2,17.5,708,0.0,0.0,0,0.0,0.0,0,290210.00,0.00,0.00,215,14.57,2.98,0.00,3.7,4.998,4.998,4.998,4.998,242
2022-03-13 11:57:22,2.6,9.6,357,0.0,0.0,0,0.0,0.0,0,290567.00,0.00,0.00,216,14.60,3.01,0.00,3.7,4.998,4.998,4.998,4.998,89
2022-03-13 11:58:22,5.4,9.2,341,0.0,0.0,0,0.0,0.0,0,290908.00,0.00,0.00,285,14.57,3.96,0.00,4.1,4.998,4.998,4.998,4.998,56
2022-03-13 11:59:22,8.7,11.9,482,0.0,0.0,0,0.0,0.0,0,291390.00,0.00,0.00,189,14.57,2.62,0.00,4.6,4.998,4.998,4.998,4.998,201
2022-03-13 12:00:22,5.3,12.8,526,0.0,0.0,0,0.0,0.0,0,291916.00,0.00,0.00,256,14.57,3.56,0.00,4.6,4.998,4.998,4.998,4.998,41
2022-03-13 12:01:22,8.3,18.1,641,0.0,0.0,0,0.0,0.0,0,292557.00,0.00,0.00,236,14.60,3.28,0.00,4.6,4.998,4.998,4.998,4.998,186
2022-03-13 12:02:22,15.2,21.5,485,0.0,0.0,0,0.0,0.0,0,293042.00,0.00,0.00,238,14.60,3.31,0.00,5.1,4.998,4.998,4.998,4.998,254
2022-03-13 12:03:22,11.8,19.8,876,0.0,0.0,0,0.0,0.0,0,293918.00,0.00,0.00,253,14.60,3.51,0.00,4.1,4.998,4.998,4.998,4.998,137
2022-03-13 12:04:22,17.3,19.1,822,0.0,0.0,0,0.0,0.0,0,294740.00,0.00,0.00,195,14.64,2.71,0.00,4.1,4.998,4.998,4.998,4.998,60
2022-03-13 12:05:22,9.6,24.8,766,0.0,0.0,0,0.0,0.0,0,295506.00,0.00,0.00,222,14.60,3.09,0.00,4.6,4.998,4.998,4.998,4.998,132
2022-03-13 12:06:22,9.2,17.6,678,0.0,0.0,0,0.0,0.0,0,296184.00,0.00,0.00,234,14.68,3.26,0.00,4.6,4.998,4.998,4.998,4.998,179
2022-03-13 12:07:22,15.5,20.0,731,0.0,0.0,0,0.0,0.0,0,296915.00,0.00,0.00,190,14.60,2.64,0.00,4.6,4.998,4.998,4.998,4.998,189
2022-03-13 12:08:22,16.6,20.2,744,0.0,0.0,0,0.0,0.0,0,297659.00,0.00,0.00,235,14.57,3.27,0.00,4.6,4.998,4.998,4.998,4.998,41
2022-03-13 12:09:22,13.8,22.0,803,0.0,0.0,0,0.0,0.0,0,298462.00,0.00,0.00,250,14.60,3.47,0.00,4.6,4.998,4.998,4.998,4.998,252
2022-03-13 12:10:22,12.2,24.5,936,0.0,0.0,0,0.0,0.0,0,299398.00,0.00,0.00,248,14.60,3.45,0.00,4.1,4.998,4.998,4.998,4.998,107
2022-03-13 12:11:22,12.4,24.6,905,0.0,0.0,0,0.0,0.0,0,300303.00,0.00,0.00,257,14.60,3.57,0.00,3.7,4.998,4.998,4.998,4.998,235
2022-03-13 12:12:22,8.3,17.2,628,0.0,0.0,0,0.0,0.0,0,300931.00,0.00,0.00,229,14.57,3.19,0.00,4.1,4.998,4.998,4.998,4.998,147
2022-03-13 12:13:22,8.3,17.7,619,0.0,0.0,0,0.0,0.0,0,301550.00,0.00,0.00,225,14.64,3.12,0.00,3.7,4.998,4.998,4.998,4.998,238
2022-03-13 12:14:22,14.5,15.6,445,0.0,0.0,0,0.0,0.0,0,301995.00,0.00,0.00,229,14.64,3.19,0.00,4.6,4.998,4.998,4.998,4.998,210
2022-03-13 12:15:22,13.4,19.8,825,0.0,0.0,0,0.0,0.0,0,302820.00,0.00,0.00,247,14.68,3.43,0.00,4.6,4.998,4.998,4.998,4.998,55
2022-03-13 12:16:22,10.1,16.4,623,0.0,0.0,0,0.0,0.0,0,303443.00,0.00,0.00,272,14.57,3.78,0.00,4.6,4.998,4.998,4.998,4.998,202
2022-03-13 12:17:22,8.8,18.3,618,0.0,0.0,0,0.0,0.0,0,304061.00,0.00,0.00,294,14.60,4.08,0.00,4.6,4.998,4.998,4.998,4.998,136
2022-03-13 12:18:22,10.6,20.5,803,0.0,0.0,0,0.0,0.0,0,304864.00,0.00,0.00,246,14.57,3.41,0.00,4.6,4.998,4.998,4.998,4.998,254
2022-03-13 12:19:22,7.5,11.7,364,0.0,0.0,0,0.0,0.0,0,305228.00,0.00,0.00,253,14.68,3.51,0.00,5.1,4.998,4.998,4.998,4.998,33
2022-03-13 12:20:22,7.0,14.5,560,0.0,0.0,0,0.0,0.0,0,305788.00,0.00,0.00,191,14.57,2.66,0.00,5.1,4.998,4.998,4.998,4.998,134
2022-03-13 12:21:22,6.8,11.6,515,0.0,0.0,0,0.0,0.0,0,306303.00,0.00,0.00,252,14.64,3.50,0.00,5.1,4.998,4.998,4.998,4.998,52
2022-03-13 12:22:22,10.8,14.4,694,0.0,0.0,0,0.0,0.0,0,306997.00,0.00,0.00,234,14.57,3.25,0.00,4.6,4.998,4.998,4.998,4.998,4
2022-03-13 12:23:22,4.8,11.6,433,0.0,0.0,0,0.0,0.0,0,307430.00,0.00,0.00,220,14.57,3.05,0.00,5.1,4.998,4.998,4.998,4.998,155
2022-03-13 12:24:22,8.3,10.9,374,0.0,0.0,0,0.0,0.0,0,307804.00,0.00,0.00,242,14.57,3.36,0.00,5.1,4.998,4.998,4.998,4.998,84
2022-03-13 12:25:22,10.5,14.0,611,0.0,0.0,0,0.0,0.0,0,308415.00,0.00,0.00,208,14.68,2.89,0.00,4.6,4.998,4.998,4.998,4.998,60
2022-03-13 12:26:22,8.1,13.5,572,0.0,0.0,0,0.0,0.0,0,308987.00,0.00,0.00,258,14.68,3.59,0.00,4.6,4.998,4.998,4.998,4.998,209
2022-03-13 12:27:22,13.5,17.4,783,0.0,0.0,0,0.0,0.0,0,309770.00,0.00,0.00,241,14.57,3.35,0.00,4.6,4.998,4.998,4.998,4.998,189
2022-03-13 12:28:22,8.5,26.0,953,0.0,0.0,0,0.0,0.0,0,310723.00,0.00,0.00,219,14.64,3.04,0.00,4.6,4.998,4.998,4.998,4.998,14
2022-03-13 12:29:22,14.5,20.8,876,0.0,0.0,0,0.0,0.0,0,311599.00,0.00,0.00,253,14.60,3.51,0.00,4.1,4.998,4.998,4.998,4.998,9
2022-03-13 12:30:22,14.9,24.7,970,0.0,0.0,0,0.0,0.0,0,312569.00,0.00,0.00,252,14.68,3.50,0.00,4.1,4.998,4.998,4.998,4.998,54
2022-03-13 12:31:22,15.2,23.3,963,0.0,0.0,0,0.0,0.0,0,313532.00,0.00,0.00,268,14.68,3.72,0.00,4.1,4.998,4.998,4.998,4.998,150
2022-03-13 12:32:22,11.4,18.8,804,0.0,0.0,0,0.0,0.0,0,314336.00,0.00,0.00,290,14.64,4.03,0.00,4.6,4.998,4.998,4.998,4.998,228
2022-03-13 12:33:22,10.1,22.6,870,0.0,0.0,0,0.0,0.0,0,315206.00,0.00,0.00,242,14.60,3.36,0.00,4.6,4.998,4.998,4.998,4.998,97
2022-03-13 12:34:22,9.2,19.6,596,0.0,0.0,0,0.0,0.0,0,315802.00,0.00,0.00,229,14.64,3.18,0.00,4.6,4.998,4.998,4.998,4.998,25
2022-03-13 12:35:22,9.3,17.9,658,0.0,0.0,0,0.0,0.0,0,316460.00,0.00,0.00,244,14.64,3.39,0.00,4.6,4.998,4.998,4.998,4.998,193
2022-03-13 12:36:22,11.1,19.0,666,0.0,0.0,0,0.0,0.0,0,317126.00,0.00,0.00,204,14.68,2.84,0.00,5.1,4.998,4.998,4.998,4.998,114
2022-03-13 12:37:22,11.1,18.3,813,0.0,0.0,0,0.0,0.0,0,317939.00,0.00,0.00,254,14.60,3.54,0.00,5.1,4.998,4.998,4.998,4.998,194
2022-03-13 12:38:22,10.7,20.7,807,0.0,0.0,0,0.0,0.0,0,318746.00,0.00,0.00,254,14.60,3.54,0.00,5.1,4.998,4.998,4.998,4.998,166
2022-03-13 12:39:22,9.2,16.7,640,0.0,0.0,0,0.0,0.0,0,319386.00,0.00,0.00,201,14.60,2.80,0.00,4.6,4.998,4.998,4.998,4.998,249
2022-03-13 12:40:22,13.6,16.6,621,0.0,0.0,0,0.0,0.0,0,320007.00,0.00,0.00,254,14.57,3.53,0.00,4.6,4.998,4.998,4.998,4.998,172
2022-03-13 12:41:22,9.5,14.7,616,0.0,0.0,0,0.0,0.0,0,320623.00,0.00,0.00,227,14.60,3.16,0.00,5.1,4.998,4.998,4.998,4.998,68
2022-03-13 12:42:22,15.9,17.8,568,0.0,0.0,0,0.0,0.0,0,321191.00,0.00,0.00,251,14.64,3.48,0.00,5.1,4.998,4.998,4.998,4.998,63
2022-03-13 12:43:22,18.1,18.2,637,0.0,0.0,0,0.0,0.0,0,321828.00,0.00,0.00,230,14.68,3.19,0.00,5.1,4.998,4.998,4.998,4.998,34
2022-03-13 12:44:22,15.2,18.5,786,0.0,0.0,0,0.0,0.0,0,322614.00,0.00,0.00,241,14.60,3.35,0.00,5.1,4.998,4.998,4.998,4.998,93
2022-03-13 12:45:22,12.7,17.0,561,0.0,0.0,0,0.0,0.0,0,323175.00,0.00,0.00,269,14.57,3.74,0.00,5.1,4.998,4.998,4.998,4.998,237
2022-03-13 12:46:22,12.4,17.3,718,0.0,0.0,0,0.0,0.0,0,323893.00,0.00,0.00,219,14.60,3.04,0.00,4.6,4.998,4.998,4.998,4.998,166
2022-03-13 12:47:22,8.6,15.4,675,0.0,0.0,0,0.0,0.0,0,324568.00,0.00,0.00,271,14.57,3.76,0.00,5.1,4.998,4.998,4.998,4.998,99
2022-03-13 12:48:22,13.4,19.6,792,0.0,0.0,0,0.0,0.0,0,325360.00,0.00,0.00,225,14.60,3.12,0.00,4.6,4.998,4.998,4.998,4.998,54
2022-03-13 12:49:22,4.2,13.5,522,0.0,0.0,0,0.0,0.0,0,325882.00,0.00,0.00,211,14.57,2.93,0.00,4.6,4.998,4.998,4.998,4.998,56
2022-03-13 12:50:22,6.2,7.9,319,0.0,0.0,0,0.0,0.0,0,326201.00,0.00,0.00,216,14.60,3.01,0.00,5.1,4.998,4.998,4.998,4.998,41
2022-03-13 12:51:22,13.8,15.6,620,0.0,0.0,0,0.0,0.0,0,326821.00,0.00,0.00,274,14.60,3.81,0.00,5.6,4.998,4.998,4.998,4.998,2
2022-03-13 12:52:22,10.2,15.3,659,0.0,0.0,0,0.0,0.0,0,327480.00,0.00,0.00,274,14.60,3.80,0.00,4.6,4.998,4.998,4.998,4.998,202
2022-03-13 12:53:22,13.4,18.8,651,0.0,0.0,0,0.0,0.0,0,328131.00,0.00,0.00,193,14.60,2.69,0.00,5.1,4.998,4.998,4.998,4.998,105
2022-03-13 12:54:22,13.8,16.9,718,0.0,0.0,0,0.0,0.0,0,328849.00,0.00,0.00,178,14.60,2.47,0.00,5.1,4.998,4.998,4.998,4.998,38
2022-03-13 12:55:22,5.8,14.6,515,0.0,0.0,0,0.0,0.0,0,329364.00,0.00,0.00,195,14.57,2.71,0.00,5.6,4.998,4.998,4.998,4.998,183
2022-03-13 12:56:22,8.0,18.0,569,0.0,0.0,0,0.0,0.0,0,329933.00,0.00,0.00,208,14.68,2.89,0.00,6.1,4.998,4.998,4.998,4.998,88
2022-03-13 12:57:22,8.9,13.4,607,0.0,0.0,0,0.0,0.0,0,330540.00,0.00,0.00,248,14.60,3.44,0.00,5.6,4.998,4.998,4.998,4.998,123
2022-03-13 12:58:22,16.8,16.8,644,0.0,0.0,0,0.0,0.0,0,331184.00,0.00,0.00,217,14.60,3.02,0.00,5.6,4.998,4.998,4.998,4.998,18
2022-03-13 12:59:22,9.8,20.7,831,0.0,0.0,0,0.0,0.0,0,332015.00,0.00,0.00,184,14.37,2.55,0.00,5.1,4.998,4.998,4.998,4.998,123
2022-03-13 13:00:22,5.8,16.6,650,0.0,0.0,0,0.0,0.0,0,332665.00,0.00,0.00,243,14.17,3.37,0.00,5.6,4.998,4.998,4.998,4.998,83
2022-03-13 13:01:22,10.4,19.0,715,0.0,0.0,0,0.0,0.0,0,333380.00,0.00,0.00,249,14.06,3.46,0.00,5.1,4.998,4.998,4.998,4.998,211
2022-03-13 13:02:22,14.0,15.1,661,0.0,0.0,0,0.0,0.0,0,334041.00,0.00,0.00,228,14.02,3.17,0.00,5.1,4.998,4.998,4.998,4.998,101
2022-03-13 13:03:22,7.6,15.3,498,0.0,0.0,0,0.0,0.0,0,334539.00,0.00,0.00,206,14.06,2.87,0.00,5.6,4.998,4.998,4.998,4.998,41
2022-03-13 13:04:22,14.9,18.1,655,0.0,0.0,0,0.0,0.0,0,335194.00,0.00,0.00,228,14.02,3.17,0.00,5.6,4.998,4.998,4.998,4.998,40
2022-03-13 13:05:22,11.6,19.5,761,0.0,0.0,0,0.0,0.0,0,335955.00,0.00,0.00,275,14.10,3.83,0.00,5.1,4.998,4.998,4.998,4.998,198
2022-03-13 13:06:22,18.3,19.5,765,0.0,0.0,0,0.0,0.0,0,336720.00,0.00,0.00,257,14.06,3.57,0.00,5.1,4.998,4.998,4.998,4.998,45
2022-03-13 13:07:22,6.6,18.8,565,0.0,0.0,0,0.0,0.0,0,337285.00,0.00,0.00,228,14.06,3.17,0.00,5.6,4.998,4.998,4.998,4.998,51
2022-03-13 13:08:22,17.0,18.9,680,0.0,0.0,0,0.0,0.0,0,337965.00,0.00,0.00,220,14.10,3.06,0.00,5.6,4.998,4.998,4.998,4.998,113
2022-03-13 13:09:22,9.4,17.0,547,0.0,0.0,0,0.0,0.0,0,338512.00,0.00,0.00,213,14.06,2.95,0.00,5.6,4.998,4.998,4.998,4.998,22
2022-03-13 13:10:22,8.7,22.4,883,0.0,0.0,0,0.0,0.0,0,339395.00,0.00,0.00,215,14.06,2.99,0.00,5.1,4.998,4.998,4.998,4.998,9
2022-03-13 13:11:22,12.2,21.1,717,0.0,0.0,0,0.0,0.0,0,340112.00,0.00,0.00,225,14.06,3.12,0.00,5.1,4.998,4.998,4.998,4.998,250
2022-03-13 13:12:22,11.0,18.8,725,0.0,0.0,0,0.0,0.0,0,340837.00,0.00,0.00,229,14.06,3.18,0.00,5.1,4.998,4.998,4.998,4.998,98
2022-03-13 13:13:22,10.5,19.1,796,0.0,0.0,0,0.0,0.0,0,341633.00,0.00,0.00,283,14.06,3.93,0.00,5.1,4.998,4.998,4.998,4.998,119
2022-03-13 13:14:22,6.7,12.4,559,0.0,0.0,0,0.0,0.0,0,342192.00,0.00,0.00,224,14.14,3.12,0.00,5.6,4.998,4.998,4.998,4.998,19
2022-03-13 13:15:22,3.7,12.6,403,0.0,0.0,0,0.0,0.0,0,342595.00,0.00,0.00,277,14.02,3.84,0.00,6.1,4.998,4.998,4.998,4.998,149
2022-03-13 13:16:22,5.1,9.9,423,0.0,0.0,0,0.0,0.0,0,343018.00,0.00,0.00,236,14.06,3.28,0.00,6.1,4.998,4.998,4.998,4.998,74
2022-03-13 13:17:22,8.4,15.6,433,0.0,0.0,0,0.0,0.0,0,343451.00,0.00,0.00,258,14.06,3.59,0.00,6.1,4.998,4.998,4.998,4.998,249
2022-03-13 13:18:22,9.7,18.4,743,0.0,0.0,0,0.0,0.0,0,344194.00,0.00,0.00,229,14.06,3.19,0.00,5.6,4.998,4.998,4.998,4.998,13
2022-03-13 13:19:22,5.4,13.4,397,0.0,0.0,0,0.0,0.0,0,344591.00,0.00,0.00,232,14.06,3.22,0.00,6.1,4.998,4.998,4.998,4.998,8
2022-03-13 13:20:22,8.6,10.6,418,0.0,0.0,0,0.0,0.0,0,345009.00,0.00,0.00,198,14.06,2.76,0.00,6.1,4.998,4.998,4.998,4.998,154
2022-03-13 13:21:22,10.8,14.2,605,0.0,0.0,0,0.0,0.0,0,345614.00,0.00,0.00,229,14.06,3.18,0.00,6.1,4.998,4.998,4.998,4.998,143
2022-03-13 13:22:22,11.1,15.2,667,0.0,0.0,0,0.0,0.0,0,346281.00,0.00,0.00,206,14.06,2.87,0.00,6.1,4.998,4.998,4.998,4.998,140
2022-03-13 13:23:22,12.3,17.2,715,0.0,0.0,0,0.0,0.0,0,346996.00,0.00,0.00,203,14.06,2.82,0.00,5.6,4.998,4.998,4.998,4.998,137
2022-03-13 13:24:22,9.7,14.7,695,0.0,0.0,0,0.0,0.0,0,347691.00,0.00,0.00,228,14.14,3.16,0.00,5.6,4.998,4.998,4.998,4.998,186
2022-03-13 13:25:22,9.3,20.7,739,0.0,0.0,0,0.0,0.0,0,348430.00,0.00,0.00,256,14.06,3.55,0.00,5.1,4.998,4.998,4.998,4.998,84
2022-03-13 13:26:22,12.9,18.1,788,0.0,0.0,0,0.0,0.0,0,349218.00,0.00,0.00,247,14.02,3.44,0.00,5.6,4.998,4.998,4.998,4.998,7
2022-03-13 13:27:22,4.5,13.2,521,0.0,0.0,0,0.0,0.0,0,349739.00,0.00,0.00,195,14.06,2.71,0.00,5.6,4.998,4.998,4.998,4.998,32
2022-03-13 13:28:22,7.5,17.2,584,0.0,0.0,0,0.0,0.0,0,350323.00,0.00,0.00,240,14.06,3.33,0.00,5.6,4.998,4.998,4.998,4.998,174
2022-03-13 13:29:22,9.0,9.4,437,0.0,0.0,0,0.0,0.0,0,350760.00,0.00,0.00,192,14.14,2.67,0.00,6.1,4.998,4.998,4.998,4.998,3
2022-03-13 13:30:22,10.2,14.7,672,0.0,0.0,0,0.0,0.0,0,351432.00,0.00,0.00,251,14.14,3.49,0.00,6.1,4.998,4.998,4.998,4.998,202
2022-03-13 13:31:22,22.3,22.3,690,0.0,0.0,0,0.0,0.0,0,352122.00,0.00,0.00,238,14.06,3.30,0.00,6.1,4.998,4.998,4.998,4.998,65
2022-03-13 13:32:22,19.1,23.3,1009,0.0,0.0,0,0.0,0.0,0,353131.00,0.00,0.00,238,14.06,3.31,0.00,5.6,4.998,4.998,4.998,4.998,215
2022-03-13 13:33:22,16.8,27.1,1124,0.0,0.0,0,0.0,0.0,0,354255.00,0.00,0.00,240,14.06,3.34,0.00,5.6,4.998,4.998,4.998,4.998,192
2022-03-13 13:34:22,10.9,25.9,1132,0.0,0.0,0,0.0,0.0,0,355387.00,0.00,0.00,200,14.02,2.78,0.00,4.6,4.998,4.998,4.998,4.998,149
2022-03-13 13:35:22,10.5,20.3,776,0.0,0.0,0,0.0,0.0,0,356163.00,0.00,0.00,232,14.06,3.22,0.00,5.1,4.998,4.998,4.998,4.998,189
2022-03-13 13:36:22,20.5,20.5,719,0.0,0.0,0,0.0,0.0,0,356882.00,0.00,0.00,256,14.06,3.56,0.00,5.6,4.998,4.998,4.998,4.998,255
2022-03-13 13:37:22,12.2,25.9,938,0.0,0.0,0,0.0,0.0,0,357820.00,0.00,0.00,206,14.06,2.86,0.00,5.6,4.998,4.998,4.998,4.998,170
2022-03-13 13:38:22,11.0,14.4,592,0.0,0.0,0,0.0,0.0,0,358412.00,0.00,0.00,255,14.10,3.54,0.00,6.1,4.998,4.998,4.998,4.998,41
2022-03-13 13:39:22,10.9,15.6,633,0.0,0.0,0,0.0,0.0,0,359045.00,0.00,0.00,224,14.06,3.11,0.00,6.1,4.998,4.998,4.998,4.998,137
2022-03-13 13:40:22,12.1,18.5,773,0.0,0.0,0,0.0,0.0,0,359818.00,0.00,0.00,245,14.06,3.41,0.00,5.6,4.998,4.998,4.998,4.998,168
2022-03-13 13:41:22,11.2,17.3,718,0.0,0.0,0,0.0,0.0,0,360536.00,0.00,0.00,261,14.06,3.63,0.00,5.6,4.998,4.998,4.998,4.998,53
2022-03-13 13:42:22,11.0,15.1,655,0.0,0.0,0,0.0,0.0,0,361191.00,0.00,0.00,252,14.06,3.50,0.00,6.1,4.998,4.998,4.998,4.998,53
2022-03-13 13:43:22,8.1,13.0,486,0.0,0.0,0,0.0,0.0,0,361677.00,0.00,0.00,281,14.10,3.90,0.00,5.6,4.998,4.998,4.998,4.998,196
2022-03-13 13:44:22,12.0,15.3,511,0.0,0.0,0,0.0,0.0,0,362188.00,0.00,0.00,241,14.10,3.35,0.00,5.6,4.998,4.998,4.998,4.998,157
2022-03-13 13:45:22,18.6,25.2,790,0.0,0.0,0,0.0,0.0,0,362978.00,0.00,0.00,279,14.06,3.87,0.00,5.1,4.998,4.998,4.998,4.998,212
2022-03-13 13:46:22,12.1,23.9,1064,0.0,0.0,0,0.0,0.0,0,364042.00,0.00,0.00,254,14.06,3.53,0.00,5.1,4.998,4.998,4.998,4.998,50
2022-03-13 13:47:22,20.8,21.8,842,0.0,0.0,0,0.0,0.0,0,364884.00,0.00,0.00,267,14.06,3.71,0.00,5.1,4.998,4.998,4.998,4.998,145
2022-03-13 13:48:22,6.3,21.5,781,0.0,0.0,0,0.0,0.0,0,365665.00,0.00,0.00,235,14.10,3.26,0.00,5.1,4.998,4.998,4.998,4.998,217
2022-03-13 13:49:22,14.9,25.0,847,0.0,0.0,0,0.0,0.0,0,366512.00,0.00,0.00,255,14.10,3.55,0.00,5.1,4.998,4.998,4.998,4.998,197
2022-03-13 13:50:22,15.9,22.3,934,0.0,0.0,0,0.0,0.0,0,367446.00,0.00,0.00,263,14.14,3.65,0.00,5.1,4.998,4.998,4.998,4.998,137
2022-03-13 13:51:22,13.7,15.8,636,0.0,0.0,0,0.0,0.0,0,368082.00,0.00,0.00,218,14.10,3.03,0.00,5.1,4.998,4.998,4.998,4.998,19
2022-03-13 13:52:22,9.4,17.8,670,0.0,0.0,0,0.0,0.0,0,368752.00,0.00,0.00,242,14.10,3.36,0.00,5.1,4.998,4.998,4.998,4.998,252
2022-03-13 13:53:22,9.0,19.3,700,0.0,0.0,0,0.0,0.0,0,369452.00,0.00,0.00,232,14.10,3.22,0.00,5.1,4.998,4.998,4.998,4.998,24
2022-03-13 13:54:22,14.1,24.3,985,0.0,0.0,0,0.0,0.0,0,370437.00,0.00,0.00,203,14.14,2.82,0.00,5.1,4.998,4.998,4.998,4.998,168
2022-03-13 13:55:22,13.7,22.2,785,0.0,0.0,0,0.0,0.0,0,371222.00,0.00,0.00,248,14.10,3.45,0.00,5.1,4.998,4.998,4.998,4.998,123
2022-03-13 13:56:22,10.1,16.5,685,0.0,0.0,0,0.0,0.0,0,371907.00,0.00,0.00,274,14.10,3.80,0.00,5.6,4.998,4.998,4.998,4.998,201
2022-03-13 13:57:22,12.0,24.3,909,0.0,0.0,0,0.0,0.0,0,372816.00,0.00,0.00,228,14.10,3.17,0.00,5.6,4.998,4.998,4.998,4.998,117
2022-03-13 13:58:22,9.5,20.5,759,0.0,0.0,0,0.0,0.0,0,373575.00,0.00,0.00,255,14.10,3.54,0.00,5.6,4.998,4.998,4.998,4.998,99
2022-03-13 13:59:22,22.2,28.6,1256,0.0,0.0,0,0.0,0.0,0,374831.00,0.00,0.00,238,14.14,3.30,0.00,5.1,4.998,4.998,4.998,4.998,149
2022-03-13 14:00:22,16.3,23.6,1062,0.0,0.0,0,0.0,0.0,0,375893.00,0.00,0.00,258,14.14,3.59,0.00,5.6,4.998,4.998,4.998,4.998,134
2022-03-13 14:01:22,17.8,26.5,1125,0.0,0.0,0,0.0,0.0,0,377018.00,0.00,0.00,239,14.10,3.32,0.00,5.1,4.998,4.998,4.998,4.998,217
2022-03-13 14:02:22,11.9,18.7,784,0.0,0.0,0,0.0,0.0,0,377802.00,0.00,0.00,223,14.10,3.10,0.00,5.1,4.998,4.998,4.998,4.998,164
2022-03-13 14:03:22,9.0,15.8,668,0.0,0.0,0,0.0,0.0,0,378470.00,0.00,0.00,253,14.10,3.51,0.00,5.6,4.998,4.998,4.998,4.998,182
2022-03-13 14:04:22,6.0,11.6,464,0.0,0.0,0,0.0,0.0,0,378934.00,0.00,0.00,278,14.10,3.86,0.00,6.1,4.998,4.998,4.998,4.998,44
2022-03-13 14:05:22,7.3,8.8,324,0.0,0.0,0,0.0,0.0,0,379258.00,0.00,0.00,262,14.14,3.64,0.00,6.1,4.998,4.998,4.998,4.998,49
2022-03-13 14:06:22,9.6,11.8,543,0.0,0.0,0,0.0,0.0,0,379801.00,0.00,0.00,264,14.10,3.66,0.00,6.1,4.998,4.998,4.998,4.998,135
2022-03-13 14:07:22,9.4,17.4,626,0.0,0.0,0,0.0,0.0,0,380427.00,0.00,0.00,225,14.14,3.13,0.00,5.6,4.998,4.998,4.998,4.998,6
2022-03-13 14:08:22,13.7,16.1,681,0.0,0.0,0,0.0,0.0,0,381108.00,0.00,0.00,249,14.10,3.46,0.00,5.6,4.998,4.998,4.998,4.998,149
2022-03-13 14:09:22,17.5,22.1,904,0.0,0.0,0,0.0,0.0,0,382012.00,0.00,0.00,236,14.10,3.28,0.00,5.6,4.998,4.998,4.998,4.998,233
2022-03-13 14:10:22,10.9,19.3,801,0.0,0.0,0,0.0,0.0,0,382813.00,0.00,0.00,246,14.10,3.42,0.00,6.1,4.998,4.998,4.998,4.998,147
2022-03-13 14:11:22,8.7,19.9,735,0.0,0.0,0,0.0,0.0,0,383548.00,0.00,0.00,236,14.14,3.28,0.00,6.1,4.998,4.998,4.998,4.998,225
2022-03-13 14:12:22,11.9,15.6,540,0.0,0.0,0,0.0,0.0,0,384088.00,0.00,0.00,187,14.10,2.60,0.00,5.6,4.998,4.998,4.998,4.998,144
2022-03-13 14:13:22,5.0,20.0,679,0.0,0.0,0,0.0,0.0,0,384767.00,0.00,0.00,213,14.14,2.96,0.00,6.1,4.998,4.998,4.998,4.998,246
2022-03-13 14:14:22,5.1,13.0,461,0.0,0.0,0,0.0,0.0,0,385228.00,0.00,0.00,248,14.17,3.44,0.00,6.1,4.998,4.998,4.998,4.998,134
2022-03-13 14:15:22,8.4,12.7,477,0.0,0.0,0,0.0,0.0,0,385705.00,0.00,0.00,208,14.10,2.90,0.00,6.6,4.998,4.998,4.998,4.998,43
2022-03-13 14:16:22,3.6,10.0,317,0.0,0.0,0,0.0,0.0,0,386022.00,0.00,0.00,272,14.14,3.78,0.00,6.6,4.998,4.998,4.998,4.998,206
2022-03-13 14:17:22,10.7,16.5,460,0.0,0.0,0,0.0,0.0,0,386482.00,0.00,0.00,236,14.10,3.28,0.00,6.6,4.998,4.998,4.998,4.998,247
2022-03-13 14:18:22,9.8,15.5,593,0.0,0.0,0,0.0,0.0,0,387075.00,0.00,0.00,221,14.10,3.08,0.00,6.6,4.998,4.998,4.998,4.998,171
2022-03-13 14:19:22,8.1,16.1,704,0.0,0.0,0,0.0,0.0,0,387779.00,0.00,0.00,251,14.17,3.49,0.00,6.1,4.998,4.998,4.998,4.998,237
2022-03-13 14:20:22,6.9,13.7,622,0.0,0.0,0,0.0,0.0,0,388401.00,0.00,0.00,253,14.17,3.52,0.00,6.1,4.998,4.998,4.998,4.998,19
2022-03-13 14:21:22,13.2,14.5,550,0.0,0.0,0,0.0,0.0,0,388951.00,0.00,0.00,201,14.14,2.80,0.00,6.1,4.998,4.998,4.998,4.998,13
2022-03-13 14:22:22,3.1,14.1,418,0.0,0.0,0,0.0,0.0,0,389369.00,0.00,0.00,160,14.10,2.22,0.00,7.1,4.998,4.998,4.998,4.998,209
2022-03-13 14:23:22,10.5,14.7,468,0.0,0.0,0,0.0,0.0,0,389837.00,0.00,0.00,186,14.10,2.59,0.00,6.6,4.998,4.998,4.998,4.998,25
2022-03-13 14:24:22,12.1,20.7,773,0.0,0.0,0,0.0,0.0,0,390610.00,0.00,0.00,234,14.10,3.25,0.00,6.1,4.998,4.998,4.998,4.998,102
2022-03-13 14:25:22,14.4,19.1,789,0.0,0.0,0,0.0,0.0,0,391399.00,0.00,0.00,209,14.10,2.91,0.00,6.1,4.998,4.998,4.998,4.998,84
2022-03-13 14:26:22,13.7,21.6,758,0.0,0.0,0,0.0,0.0,0,392157.00,0.00,0.00,254,14.10,3.53,0.00,6.1,4.998,4.998,4.998,4.998,161
2022-03-13 14:27:22,11.2,18.4,727,0.0,0.0,0,0.0,0.0,0,392884.00,0.00,0.00,272,14.17,3.78,0.00,5.6,4.998,4.998,4.998,4.998,182
2022-03-13 14:28:22,12.3,18.6,867,0.0,0.0,0,0.0,0.0,0,393751.00,0.00,0.00,182,14.10,2.53,0.00,5.6,4.998,4.998,4.998,4.998,102
2022-03-13 14:29:22,11.1,18.7,563,0.0,0.0,0,0.0,0.0,0,394314.00,0.00,0.00,225,14.10,3.12,0.00,5.6,4.998,4.998,4.998,4.998,238
2022-03-13 14:30:22,11.7,14.5,483,0.0,0.0,0,0.0,0.0,0,394797.00,0.00,0.00,211,14.10,2.93,0.00,5.6,4.998,4.998,4.998,4.998,80
2022-03-13 14:31:22,11.1,23.8,979,0.0,0.0,0,0.0,0.0,0,395776.00,0.00,0.00,213,14.10,2.95,0.00,5.6,4.998,4.998,4.998,4.998,113
2022-03-13 14:32:22,3.6,17.9,520,0.0,0.0,0,0.0,0.0,0,396296.00,0.00,0.00,172,14.14,2.39,0.00,5.6,4.998,4.998,4.998,4.998,18
2022-03-13 14:33:22,12.2,15.7,599,0.0,0.0,0,0.0,0.0,0,396895.00,0.00,0.00,221,14.14,3.07,0.00,5.6,4.998,4.998,4.998,4.998,140
2022-03-13 14:34:22,6.9,14.0,537,0.0,0.0,0,0.0,0.0,0,397432.00,0.00,0.00,227,14.10,3.16,0.00,5.6,4.998,4.998,4.998,4.998,11
2022-03-13 14:35:22,9.5,13.6,579,0.0,0.0,0,0.0,0.0,0,398011.00,0.00,0.00,234,14.10,3.25,0.00,5.6,4.998,4.998,4.998,4.998,139
2022-03-13 14:36:22,11.9,15.7,575,0.0,0.0,0,0.0,0.0,0,398586.00,0.00,0.00,196,14.10,2.73,0.00,5.6,4.998,4.998,4.998,4.998,86
2022-03-13 14:37:22,8.5,24.7,890,0.0,0.0,0,0.0,0.0,0,399476.00,0.00,0.00,230,14.10,3.19,0.00,5.6,4.998,4.998,4.998,4.998,58
2022-03-13 14:38:22,7.1,11.4,405,0.0,0.0,0,0.0,0.0,0,399881.00,0.00,0.00,210,14.10,2.91,0.00,5.6,4.998,4.998,4.998,4.998,72
2022-03-13 14:39:22,7.2,21.0,604,0.0,0.0,0,0.0,0.0,0,400485.00,0.00,0.00,166,14.10,2.31,0.00,5.6,4.998,4.998,4.998,4.998,124
2022-03-13 14:40:22,10.5,12.9,565,0.0,0.0,0,0.0,0.0,0,401050.00,0.00,0.00,217,14.10,3.02,0.00,5.6,4.998,4.998,4.998,4.998,187
2022-03-13 14:41:22,9.4,17.5,694,0.0,0.0,0,0.0,0.0,0,401744.00,0.00,0.00,206,14.10,2.86,0.00,6.1,4.998,4.998,4.998,4.998,32
2022-03-13 14:42:22,4.9,14.5,469,0.0,0.0,0,0.0,0.0,0,402213.00,0.00,0.00,209,14.10,2.91,0.00,5.6,4.998,4.998,4.998,4.998,91
2022-03-13 14:43:22,11.0,14.3,464,0.0,0.0,0,0.0,0.0,0,402677.00,0.00,0.00,204,14.10,2.84,0.00,5.6,4.998,4.998,4.998,4.998,139
2022-03-13 14:44:22,11.3,14.5,566,0.0,0.0,0,0.0,0.0,0,403243.00,0.00,0.00,227,14.10,3.15,0.00,5.6,4.998,4.998,4.998,4.998,117
2022-03-13 14:45:22,11.7,13.9,575,0.0,0.0,0,0.0,0.0,0,403818.00,0.00,0.00,226,14.17,3.13,0.00,5.6,4.998,4.998,4.998,4.998,136
2022-03-13 14:46:22,7.7,13.8,579,0.0,0.0,0,0.0,0.0,0,404397.00,0.00,0.00,217,14.14,3.01,0.00,5.6,4.998,4.998,4.998,4.998,6
2022-03-13 14:47:22,6.5,15.5,509,0.0,0.0,0,0.0,0.0,0,404906.00,0.00,0.00,229,14.10,3.18,0.00,5.6,4.998,4.998,4.998,4.998,199
2022-03-13 14:48:22,14.1,20.5,822,0.0,0.0,0,0.0,0.0,0,405728.00,0.00,0.00,195,14.10,2.71,0.00,5.6,4.998,4.998,4.998,4.998,22
2022-03-13 14:49:22,12.8,20.2,750,0.0,0.0,0,0.0,0.0,0,406478.00,0.00,0.00,193,14.10,2.68,0.00,5.6,4.998,4.998,4.998,4.998,142
2022-03-13 14:50:22,9.7,17.8,610,0.0,0.0,0,0.0,0.0,0,407088.00,0.00,0.00,177,14.10,2.46,0.00,5.6,4.998,4.998,4.998,4.998,108
2022-03-13 14:51:22,8.2,16.0,639,0.0,0.0,0,0.0,0.0,0,407727.00,0.00,0.00,207,14.14,2.87,0.00,5.6,4.998,4.998,4.998,4.998,74
2022-03-13 14:52:22,6.0,13.3,523,0.0,0.0,0,0.0,0.0,0,408250.00,0.00,0.00,191,14.10,2.66,0.00,5.6,4.998,4.998,4.998,4.998,127
2022-03-13 14:53:22,7.2,16.6,617,0.0,0.0,0,0.0,0.0,0,408867.00,0.00,0.00,181,14.10,2.52,0.00,5.6,4.998,4.998,4.998,4.998,187
2022-03-13 14:54:22,9.7,10.2,424,0.0,0.0,0,0.0,0.0,0,409291.00,0.00,0.00,274,14.10,3.81,0.00,5.6,4.998,4.998,4.998,4.998,115
2022-03-13 14:55:22,11.5,16.7,543,0.0,0.0,0,0.0,0.0,0,409834.00,0.00,0.00,229,14.10,3.19,0.00,5.6,4.998,4.998,4.998,4.998,214
2022-03-13 14:56:22,15.0,23.1,631,0.0,0.0,0,0.0,0.0,0,410465.00,0.00,0.00,229,14.10,3.18,0.00,5.1,4.998,4.998,4.998,4.998,126
2022-03-13 14:57:22,7.7,20.7,899,0.0,0.0,0,0.0,0.0,0,411364.00,0.00,0.00,209,14.10,2.91,0.00,5.1,4.998,4.998,4.998,4.998,212
2022-03-13 14:58:22,8.0,19.9,627,0.0,0.0,0,0.0,0.0,0,411991.00,0.00,0.00,225,14.10,3.13,0.00,5.1,4.998,4.998,4.998,4.998,179
2022-03-13 14:59:22,13.3,19.1,723,0.0,0.0,0,0.0,0.0,0,412714.00,0.00,0.00,220,14.10,3.06,0.00,5.1,4.998,4.998,4.998,4.998,53
2022-03-13 15:00:22,7.2,14.6,525,0.0,0.0,0,0.0,0.0,0,413239.00,0.00,0.00,267,14.10,3.71,0.00,5.1,4.998,4.998,4.998,4.998,228
2022-03-13 15:01:22,6.7,13.9,572,0.0,0.0,0,0.0,0.0,0,413811.00,0.00,0.00,227,14.14,3.15,0.00,5.1,4.998,4.998,4.998,4.998,167
2022-03-13 15:02:22,6.5,19.1,671,0.0,0.0,0,0.0,0.0,0,414482.00,0.00,0.00,237,14.14,3.30,0.00,5.1,4.998,4.998,4.998,4.998,85
2022-03-13 15:03:22,6.5,11.9,473,0.0,0.0,0,0.0,0.0,0,414955.00,0.00,0.00,249,14.14,3.46,0.00,5.1,4.998,4.998,4.998,4.998,239
2022-03-13 15:04:22,12.7,15.1,644,0.0,0.0,0,0.0,0.0,0,415599.00,0.00,0.00,250,14.14,3.48,0.00,5.1,4.998,4.998,4.998,4.998,33
2022-03-13 15:05:22,6.8,15.5,606,0.0,0.0,0,0.0,0.0,0,416205.00,0.00,0.00,260,14.14,3.61,0.00,5.1,4.998,4.998,4.998,4.998,142
2022-03-13 15:06:22,13.4,16.2,640,0.0,0.0,0,0.0,0.0,0,416845.00,0.00,0.00,232,14.10,3.23,0.00,5.1,4.998,4.998,4.998,4.998,39
2022-03-13 15:07:22,6.3,14.9,411,0.0,0.0,0,0.0,0.0,0,417256.00,0.00,0.00,188,14.14,2.61,0.00,5.1,4.998,4.998,4.998,4.998,29
2022-03-13 15:08:22,8.1,13.4,496,0.0,0.0,0,0.0,0.0,0,417752.00,0.00,0.00,229,14.10,3.18,0.00,5.1,4.998,4.998,4.998,4.998,247
2022-03-13 15:09:22,4.9,9.2,399,0.0,0.0,0,0.0,0.0,0,418151.00,0.00,0.00,254,14.14,3.53,0.00,5.6,4.998,4.998,4.998,4.998,8
2022-03-13 15:10:22,6.6,11.8,381,0.0,0.0,0,0.0,0.0,0,418532.00,0.00,0.00,265,14.10,3.68,0.00,5.1,4.998,4.998,4.998,4.998,166
2022-03-13 15:11:22,7.9,9.6,398,0.0,0.0,0,0.0,0.0,0,418930.00,0.00,0.00,184,14.14,2.56,0.00,5.6,4.998,4.998,4.998,4.998,31
2022-03-13 15:12:22,5.9,14.4,510,0.0,0.0,0,0.0,0.0,0,419440.00,0.00,0.00,222,14.14,3.08,0.00,5.6,4.998,4.998,4.998,4.998,198
2022-03-13 15:13:22,12.6,13.5,453,0.0,0.0,0,0.0,0.0,0,419893.00,0.00,0.00,204,14.17,2.84,0.00,5.6,4.998,4.998,4.998,4.998,176
2022-03-13 15:14:22,7.0,15.3,427,0.0,0.0,0,0.0,0.0,0,420320.00,0.00,0.00,203,14.14,2.82,0.00,5.1,4.998,4.998,4.998,4.998,229
2022-03-13 15:15:22,10.9,15.5,679,0.0,0.0,0,0.0,0.0,0,420999.00,0.00,0.00,268,14.10,3.73,0.00,5.6,4.998,4.998,4.998,4.998,101
2022-03-13 15:16:22,9.7,12.1,506,0.0,0.0,0,0.0,0.0,0,421505.00,0.00,0.00,236,14.17,3.29,0.00,5.6,4.998,4.998,4.998,4.998,178
2022-03-13 15:17:22,9.4,13.1,471,0.0,0.0,0,0.0,0.0,0,421976.00,0.00,0.00,210,14.17,2.92,0.00,5.1,4.998,4.998,4.998,4.998,145
2022-03-13 15:18:22,6.7,20.2,689,0.0,0.0,0,0.0,0.0,0,422665.00,0.00,0.00,266,14.14,3.70,0.00,5.6,4.998,4.998,4.998,4.998,98
2022-03-13 15:19:22,11.2,14.3,595,0.0,0.0,0,0.0,0.0,0,423260.00,0.00,0.00,254,14.14,3.53,0.00,5.1,4.998,4.998,4.998,4.998,43
2022-03-13 15:20:22,6.2,13.7,532,0.0,0.0,0,0.0,0.0,0,423792.00,0.00,0.00,259,14.14,3.60,0.00,5.6,4.998,4.998,4.998,4.998,252
2022-03-13 15:21:22,11.1,20.3,811,0.0,0.0,0,0.0,0.0,0,424603.00,0.00,0.00,206,14.14,2.86,0.00,5.1,4.998,4.998,4.998,4.998,51
2022-03-13 15:22:22,9.2,16.6,719,0.0,0.0,0,0.0,0.0,0,425322.00,0.00,0.00,191,14.17,2.66,0.00,5.1,4.998,4.998,4.998,4.998,116
2022-03-13 15:23:22,5.7,10.5,387,0.0,0.0,0,0.0,0.0,0,425709.00,0.00,0.00,239,14.14,3.32,0.00,5.6,4.998,4.998,4.998,4.998,177
2022-03-13 15:24:22,5.2,10.1,316,0.0,0.0,0,0.0,0.0,0,426025.00,0.00,0.00,204,14.17,2.84,0.00,5.6,4.998,4.998,4.998,4.998,132
2022-03-13 15:25:22,9.0,14.4,562,0.0,0.0,0,0.0,0.0,0,426587.00,0.00,0.00,206,14.17,2.86,0.00,5.1,4.998,4.998,4.998,4.998,55
2022-03-13 15:26:22,5.0,16.2,578,0.0,0.0,0,0.0,0.0,0,427165.00,0.00,0.00,241,14.17,3.34,0.00,5.1,4.998,4.998,4.998,4.998,105
2022-03-13 15:27:22,9.9,11.3,445,0.0,0.0,0,0.0,0.0,0,427610.00,0.00,0.00,221,14.14,3.07,0.00,5.6,4.998,4.998,4.998,4.998,184
2022-03-13 15:28:22,8.5,13.1,573,0.0,0.0,0,0.0,0.0,0,428183.00,0.00,0.00,267,14.14,3.71,0.00,5.6,4.998,4.998,4.998,4.998,22
2022-03-13 15:29:22,11.1,17.7,653,0.0,0.0,0,0.0,0.0,0,428836.00,0.00,0.00,253,14.17,3.51,0.00,5.6,4.998,4.998,4.998,4.998,19
2022-03-13 15:30:22,14.4,16.0,605,0.0,0.0,0,0.0,0.0,0,429441.00,0.00,0.00,227,14.14,3.16,0.00,5.6,4.998,4.998,4.998,4.998,42
2022-03-13 15:31:22,9.7,16.8,649,0.0,0.0,0,0.0,0.0,0,430090.00,0.00,0.00,252,14.14,3.50,0.00,5.6,4.998,4.998,4.998,4.998,246
2022-03-13 15:32:22,13.9,17.8,806,0.0,0.0,0,0.0,0.0,0,430896.00,0.00,0.00,244,14.14,3.39,0.00,5.1,4.998,4.998,4.998,4.998,209
2022-03-13 15:33:22,6.1,16.6,723,0.0,0.0,0,0.0,0.0,0,431619.00,0.00,0.00,237,14.14,3.30,0.00,5.1,4.998,4.998,4.998,4.998,30
2022-03-13 15:34:22,8.6,13.8,548,0.0,0.0,0,0.0,0.0,0,432167.00,0.00,0.00,238,14.14,3.31,0.00,5.6,4.998,4.998,4.998,4.998,11
2022-03-13 15:35:22,8.1,12.2,421,0.0,0.0,0,0.0,0.0,0,432588.00,0.00,0.00,208,14.14,2.90,0.00,5.6,4.998,4.998,4.998,4.998,138
2022-03-13 15:36:22,14.3,15.1,580,0.0,0.0,0,0.0,0.0,0,433168.00,0.00,0.00,275,14.14,3.83,0.00,5.6,4.998,4.998,4.998,4.998,148
2022-03-13 15:37:22,11.9,18.6,824,0.0,0.0,0,0.0,0.0,0,433992.00,0.00,0.00,229,14.14,3.19,0.00,5.6,4.998,4.998,4.998,4.998,115
2022-03-13 15:38:22,7.5,19.6,587,0.0,0.0,0,0.0,0.0,0,434579.00,0.00,0.00,231,14.17,3.21,0.00,5.6,4.998,4.998,4.998,4.998,0
2022-03-13 15:39:22,7.8,10.1,443,0.0,0.0,0,0.0,0.0,0,435022.00,0.00,0.00,193,14.17,2.69,0.00,5.6,4.998,4.998,4.998,4.998,253
2022-03-13 15:40:22,10.1,13.8,567,0.0,0.0,0,0.0,0.0,0,435589.00,0.00,0.00,267,14.14,3.71,0.00,5.6,4.998,4.998,4.998,4.998,192
2022-03-13 15:41:22,7.7,20.7,859,0.0,0.0,0,0.0,0.0,0,436448.00,0.00,0.00,233,14.17,3.23,0.00,5.6,4.998,4.998,4.998,4.998,199
2022-03-13 15:42:22,11.7,16.1,552,0.0,0.0,0,0.0,0.0,0,437000.00,0.00,0.00,223,14.17,3.10,0.00,5.6,4.998,4.998,4.998,4.998,31
2022-03-13 15:43:22,12.4,18.2,795,0.0,0.0,0,0.0,0.0,0,437795.00,0.00,0.00,235,14.14,3.27,0.00,5.6,4.998,4.998,4.998,4.998,177
2022-03-13 15:44:22,10.4,18.9,743,0.0,0.0,0,0.0,0.0,0,438538.00,0.00,0.00,224,14.14,3.11,0.00,5.6,4.998,4.998,4.998,4.998,40
2022-03-13 15:45:22,7.4,14.3,570,0.0,0.0,0,0.0,0.0,0,439108.00,0.00,0.00,200,14.14,2.78,0.00,5.6,4.998,4.998,4.998,4.998,25
2022-03-13 15:46:22,5.4,11.1,507,0.0,0.0,0,0.0,0.0,0,439615.00,0.00,0.00,190,14.17,2.64,0.00,6.1,4.998,4.998,4.998,4.998,207
2022-03-13 15:47:22,11.8,17.7,679,0.0,0.0,0,0.0,0.0,0,440294.00,0.00,0.00,233,14.14,3.24,0.00,5.6,4.998,4.998,4.998,4.998,111
2022-03-13 15:48:22,12.4,21.2,701,0.0,0.0,0,0.0,0.0,0,440995.00,0.00,0.00,220,14.17,3.06,0.00,5.6,4.998,4.998,4.998,4.998,92
2022-03-13 15:49:22,9.3,17.4,693,0.0,0.0,0,0.0,0.0,0,441688.00,0.00,0.00,226,14.14,3.14,0.00,5.6,4.998,4.998,4.998,4.998,62
2022-03-13 15:50:22,17.6,19.1,624,0.0,0.0,0,0.0,0.0,0,442312.00,0.00,0.00,203,14.14,2.83,0.00,5.6,4.998,4.998,4.998,4.998,190
2022-03-13 15:51:22,7.1,18.9,581,0.0,0.0,0,0.0,0.0,0,442893.00,0.00,0.00,241,14.17,3.35,0.00,6.1,4.998,4.998,4.998,4.998,234
2022-03-13 15:52:22,6.7,8.4,361,0.0,0.0,0,0.0,0.0,0,443254.00,0.00,0.00,243,14.14,3.38,0.00,6.1,4.998,4.998,4.998,4.998,233
2022-03-13 15:53:22,8.4,10.1,327,0.0,0.0,0,0.0,0.0,0,443581.00,0.00,0.00,195,14.17,2.70,0.00,6.1,4.998,4.998,4.998,4.998,180
2022-03-13 15:54:22,6.1,13.0,517,0.0,0.0,0,0.0,0.0,0,444098.00,0.00,0.00,216,14.17,3.00,0.00,6.1,4.998,4.998,4.998,4.998,192
2022-03-13 15:55:22,4.6,9.6,383,0.0,0.0,0,0.0,0.0,0,444481.00,0.00,0.00,246,14.17,3.42,0.00,6.1,4.998,4.998,4.998,4.998,35
2022-03-13 15:56:22,6.8,12.2,450,0.0,0.0,0,0.0,0.0,0,444931.00,0.00,0.00,223,14.14,3.11,0.00,6.1,4.998,4.998,4.998,4.998,221
2022-03-13 15:57:22,9.8,15.7,576,0.0,0.0,0,0.0,0.0,0,445507.00,0.00,0.00,216,14.14,3.01,0.00,6.1,4.998,4.998,4.998,4.998,190
2022-03-13 15:58:22,5.1,10.2,397,0.0,0.0,0,0.0,0.0,0,445904.00,0.00,0.00,260,14.14,3.61,0.00,6.1,4.998,4.998,4.998,4.998,28
2022-03-13 15:59:22,4.4,7.6,258,0.0,0.0,0,0.0,0.0,0,446162.00,0.00,0.00,232,14.14,3.22,0.00,6.6,4.998,4.998,4.998,4.998,127
2022-03-13 16:00:22,9.0,13.1,300,0.0,0.0,0,0.0,0.0,0,446462.00,0.00,0.00,182,14.10,2.53,0.00,6.6,4.998,4.998,4.998,4.998,239
2022-03-13 16:01:22,9.5,13.3,622,0.0,0.0,0,0.0,0.0,0,447084.00,0.00,0.00,278,14.17,3.86,0.00,6.1,4.998,4.998,4.998,4.998,75
2022-03-13 16:02:22,7.1,15.0,573,0.0,0.0,0,0.0,0.0,0,447657.00,0.00,0.00,195,14.14,2.71,0.00,6.1,4.998,4.998,4.998,4.998,177
2022-03-13 16:03:22,4.3,10.7,404,0.0,0.0,0,0.0,0.0,0,448061.00,0.00,0.00,239,14.14,3.32,0.00,6.1,4.998,4.998,4.998,4.998,209
2022-03-13 16:04:22,8.6,10.2,355,0.0,0.0,0,0.0,0.0,0,448416.00,0.00,0.00,219,14.14,3.05,0.00,6.6,4.998,4.998,4.998,4.998,181
2022-03-13 16:05:22,5.6,9.4,408,0.0,0.0,0,0.0,0.0,0,448824.00,0.00,0.00,227,14.14,3.16,0.00,6.1,4.998,4.998,4.998,4.998,255
2022-03-13 16:06:22,7.3,10.5,406,0.0,0.0,0,0.0,0.0,0,449230.00,0.00,0.00,227,14.10,3.15,0.00,6.1,4.998,4.998,4.998,4.998,204
2022-03-13 16:07:22,7.1,9.3,446,0.0,0.0,0,0.0,0.0,0,449676.00,0.00,0.00,234,14.14,3.26,0.00,6.1,4.998,4.998,4.998,4.998,136
2022-03-13 16:08:22,6.2,10.8,351,0.0,0.0,0,0.0,0.0,0,450027.00,0.00,0.00,219,14.17,3.04,0.00,6.1,4.998,4.998,4.998,4.998,132
2022-03-13 16:09:22,6.1,8.6,366,0.0,0.0,0,0.0,0.0,0,450393.00,0.00,0.00,189,14.14,2.63,0.00,6.1,4.998,4.998,4.998,4.998,93
2022-03-13 16:10:22,1.4,12.7,480,0.0,0.0,0,0.0,0.0,0,450873.00,0.00,0.00,143,14.14,1.99,0.00,6.1,4.998,4.998,4.998,4.998,247
2022-03-13 16:11:22,4.6,7.0,293,0.0,0.0,0,0.0,0.0,0,451166.00,0.00,0.00,190,14.14,2.64,0.00,6.1,4.998,4.998,4.998,4.998,111
2022-03-13 16:12:22,4.1,7.4,291,0.0,0.0,0,0.0,0.0,0,451457.00,0.00,0.00,193,14.14,2.69,0.00,6.1,4.998,4.998,4.998,4.998,185
2022-03-13 16:13:22,4.5,5.4,180,0.0,0.0,0,0.0,0.0,0,451637.00,0.00,0.00,195,14.14,2.71,0.00,6.1,4.998,4.998,4.998,4.998,67
2022-03-13 16:14:22,4.5,6.6,256,0.0,0.0,0,0.0,0.0,0,451893.00,0.00,0.00,202,14.14,2.81,0.00,6.1,4.998,4.998,4.998,4.998,217
2022-03-13 16:15:22,4.0,9.4,388,0.0,0.0,0,0.0,0.0,0,452281.00,0.00,0.00,225,14.14,3.12,0.00,6.1,4.998,4.998,4.998,4.998,56
2022-03-13 16:16:22,5.8,8.4,304,0.0,0.0,0,0.0,0.0,0,452585.00,0.00,0.00,215,14.17,2.99,0.00,6.1,4.998,4.998,4.998,4.998,65
2022-03-13 16:17:22,6.2,6.2,265,0.0,0.0,0,0.0,0.0,0,452850.00,0.00,0.00,211,14.14,2.93,0.00,6.1,4.998,4.998,4.998,4.998,115
2022-03-13 16:18:22,3.6,9.5,302,0.0,0.0,0,0.0,0.0,0,453152.00,0.00,0.00,201,14.14,2.79,0.00,6.1,4.998,4.998,4.998,4.998,87
2022-03-13 16:19:22,5.2,9.1,360,0.0,0.0,0,0.0,0.0,0,453512.00,0.00,0.00,216,14.10,3.01,0.00,6.1,4.998,4.998,4.998,4.998,59
2022-03-13 16:20:22,1.9,6.8,205,0.0,0.0,0,0.0,0.0,0,453717.00,0.00,0.00,213,14.17,2.96,0.00,6.1,4.998,4.998,4.998,4.998,142
2022-03-13 16:21:22,8.7,15.8,524,0.0,0.0,0,0.0,0.0,0,454241.00,0.00,0.00,254,14.14,3.53,0.00,6.1,4.998,4.998,4.998,4.998,77
2022-03-13 16:22:22,9.9,14.3,622,0.0,0.0,0,0.0,0.0,0,454863.00,0.00,0.00,253,14.14,3.52,0.00,6.1,4.998,4.998,4.998,4.998,20
2022-03-13 16:23:22,7.7,15.4,591,0.0,0.0,0,0.0,0.0,0,455454.00,0.00,0.00,180,14.14,2.50,0.00,5.6,4.998,4.998,4.998,4.998,221
2022-03-13 16:24:22,6.2,9.8,394,0.0,0.0,0,0.0,0.0,0,455848.00,0.00,0.00,229,14.14,3.19,0.00,6.1,4.998,4.998,4.998,4.998,127
2022-03-13 16:25:22,5.2,6.8,297,0.0,0.0,0,0.0,0.0,0,456145.00,0.00,0.00,252,14.14,3.51,0.00,6.1,4.998,4.998,4.998,4.998,250
2022-03-13 16:26:22,7.5,9.0,339,0.0,0.0,0,0.0,0.0,0,456484.00,0.00,0.00,196,14.14,2.72,0.00,6.1,4.998,4.998,4.998,4.998,16
2022-03-13 16:27:22,9.9,10.9,380,0.0,0.0,0,0.0,0.0,0,456864.00,0.00,0.00,240,14.14,3.33,0.00,6.1,4.998,4.998,4.998,4.998,209
2022-03-13 16:28:22,1.6,13.2,355,0.0,0.0,0,0.0,0.0,0,457219.00,0.00,0.00,215,14.14,2.99,0.00,6.1,4.998,4.998,4.998,4.998,254
2022-03-13 16:29:22,3.4,5.1,178,0.0,0.0,0,0.0,0.0,0,457397.00,0.00,0.00,216,14.14,3.00,0.00,6.1,4.998,4.998,4.998,4.998,149
2022-03-13 16:30:22,4.3,10.1,385,0.0,0.0,0,0.0,0.0,0,457782.00,0.00,0.00,227,14.17,3.15,0.00,6.1,4.998,4.998,4.998,4.998,17
2022-03-13 16:31:22,4.4,5.7,233,0.0,0.0,0,0.0,0.0,0,458015.00,0.00,0.00,230,14.14,3.20,0.00,6.1,4.998,4.998,4.998,4.998,74
2022-03-13 16:32:22,3.9,5.8,173,0.0,0.0,0,0.0,0.0,0,458188.00,0.00,0.00,246,14.14,3.41,0.00,6.1,4.998,4.998,4.998,4.998,102
2022-03-13 16:33:22,5.9,6.2,214,0.0,0.0,0,0.0,0.0,0,458402.00,0.00,0.00,213,14.17,2.96,0.00,6.1,4.998,4.998,4.998,4.998,45
2022-03-13 16:34:22,3.9,8.5,360,0.0,0.0,0,0.0,0.0,0,458762.00,0.00,0.00,234,14.17,3.25,0.00,6.1,4.998,4.998,4.998,4.998,46
2022-03-13 16:35:22,4.7,5.4,198,0.0,0.0,0,0.0,0.0,0,458960.00,0.00,0.00,218,14.17,3.03,0.00,6.1,4.998,4.998,4.998,4.998,196
2022-03-13 16:36:22,5.4,9.4,331,0.0,0.0,0,0.0,0.0,0,459291.00,0.00,0.00,202,14.17,2.81,0.00,6.1,4.998,4.998,4.998,4.998,40
2022-03-13 16:37:22,8.7,12.2,399,0.0,0.0,0,0.0,0.0,0,459690.00,0.00,0.00,275,14.17,3.82,0.00,6.1,4.998,4.998,4.998,4.998,189
2022-03-13 16:38:22,7.8,10.8,456,0.0,0.0,0,0.0,0.0,0,460146.00,0.00,0.00,247,14.17,3.44,0.00,6.1,4.998,4.998,4.998,4.998,146
2022-03-13 16:39:22,6.4,8.1,354,0.0,0.0,0,0.0,0.0,0,460500.00,0.00,0.00,201,14.14,2.79,0.00,6.1,4.998,4.998,4.998,4.998,36
2022-03-13 16:40:22,4.4,6.9,332,0.0,0.0,0,0.0,0.0,0,460832.00,0.00,0.00,236,14.14,3.29,0.00,6.1,4.998,4.998,4.998,4.998,30
2022-03-13 16:41:22,8.6,11.7,422,0.0,0.0,0,0.0,0.0,0,461254.00,0.00,0.00,255,14.14,3.55,0.00,5.6,4.998,4.998,4.998,4.998,210
2022-03-13 16:42:22,4.7,8.8,338,0.0,0.0,0,0.0,0.0,0,461592.00,0.00,0.00,200,14.14,2.78,0.00,5.6,4.998,4.998,4.998,4.998,225
2022-03-13 16:43:22,9.2,12.1,514,0.0,0.0,0,0.0,0.0,0,462106.00,0.00,0.00,200,14.17,2.78,0.00,5.6,4.998,4.998,4.998,4.998,159
2022-03-13 16:44:22,7.3,11.4,499,0.0,0.0,0,0.0,0.0,0,462605.00,0.00,0.00,200,14.17,2.78,0.00,5.6,4.998,4.998,4.998,4.998,168
2022-03-13 16:45:22,5.8,12.4,550,0.0,0.0,0,0.0,0.0,0,463155.00,0.00,0.00,252,14.14,3.50,0.00,6.1,4.998,4.998,4.998,4.998,187
2022-03-13 16:46:22,5.5,8.1,331,0.0,0.0,0,0.0,0.0,0,463486.00,0.00,0.00,198,14.14,2.75,0.00,5.6,4.998,4.998,4.998,4.998,31
2022-03-13 16:47:22,8.2,11.0,454,0.0,0.0,0,0.0,0.0,0,463940.00,0.00,0.00,236,14.17,3.29,0.00,6.1,4.998,4.998,4.998,4.998,138
2022-03-13 16:48:22,7.4,9.2,387,0.0,0.0,0,0.0,0.0,0,464327.00,0.00,0.00,241,14.17,3.34,0.00,5.6,4.998,4.998,4.998,4.998,244
2022-03-13 16:49:22,6.8,11.0,387,0.0,0.0,0,0.0,0.0,0,464714.00,0.00,0.00,216,14.17,3.00,0.00,6.1,4.998,4.998,4.998,4.998,153
2022-03-13 16:50:22,8.0,10.8,478,0.0,0.0,0,0.0,0.0,0,465192.00,0.00,0.00,233,14.14,3.23,0.00,6.1,4.998,4.998,4.998,4.998,245
2022-03-13 16:51:22,10.2,12.8,538,0.0,0.0,0,0.0,0.0,0,465730.00,0.00,0.00,259,14.14,3.59,0.00,5.6,4.998,4.998,4.998,4.998,231
2022-03-13 16:52:22,4.8,10.0,362,0.0,0.0,0,0.0,0.0,0,466092.00,0.00,0.00,230,14.17,3.19,0.00,5.6,4.998,4.998,4.998,4.998,98
2022-03-13 16:53:22,4.0,8.2,355,0.0,0.0,0,0.0,0.0,0,466447.00,0.00,0.00,217,14.17,3.01,0.00,5.6,4.998,4.998,4.998,4.998,206
2022-03-13 16:54:22,2.1,4.1,115,0.0,0.0,0,0.0,0.0,0,466562.00,0.00,0.00,209,14.14,2.91,0.00,5.6,4.998,4.998,4.998,4.998,77
2022-03-13 16:55:22,3.7,4.9,188,0.0,0.0,0,0.0,0.0,0,466750.00,0.00,0.00,199,14.10,2.76,0.00,5.6,4.998,4.998,4.998,4.998,181
2022-03-13 16:56:22,4.2,7.1,287,0.0,0.0,0,0.0,0.0,0,467037.00,0.00,0.00,238,14.06,3.31,0.00,5.6,4.998,4.998,4.998,4.998,214
2022-03-13 16:57:22,6.7,9.1,266,0.0,0.0,0,0.0,0.0,0,467303.00,0.00,0.00,215,14.06,2.98,0.00,5.6,4.998,4.998,4.998,4.998,90
2022-03-13 16:58:22,4.8,7.1,265,0.0,0.0,0,0.0,0.0,0,467568.00,0.00,0.00,232,13.98,3.22,0.00,5.6,4.998,4.998,4.998,4.998,103
2022-03-13 16:59:22,4.0,8.4,292,0.0,0.0,0,0.0,0.0,0,467860.00,0.00,0.00,231,13.98,3.21,0.00,5.6,4.998,4.998,4.998,4.998,202
2022-03-13 17:00:22,2.4,4.9,184,0.0,0.0,0,0.0,0.0,0,468044.00,0.00,0.00,232,13.94,3.22,0.00,5.6,4.998,4.998,4.998,4.998,254
2022-03-13 17:01:22,8.2,12.9,433,0.0,0.0,0,0.0,0.0,0,468477.00,0.00,0.00,248,13.94,3.45,0.00,6.1,4.998,4.998,4.998,4.998,145
2022-03-13 17:02:22,3.3,9.5,306,0.0,0.0,0,0.0,0.0,0,468783.00,0.00,0.00,222,13.94,3.09,0.00,5.6,4.998,4.998,4.998,4.998,88
2022-03-13 17:03:22,3.9,9.5,349,0.0,0.0,0,0.0,0.0,0,469132.00,0.00,0.00,205,13.90,2.85,0.00,5.6,4.998,4.998,4.998,4.998,107
2022-03-13 17:04:22,6.5,7.8,384,0.0,0.0,0,0.0,0.0,0,469516.00,0.00,0.00,213,13.86,2.96,0.00,5.6,4.998,4.998,4.998,4.998,28
2022-03-13 17:05:22,3.1,6.4,267,0.0,0.0,0,0.0,0.0,0,469783.00,0.00,0.00,220,13.82,3.06,0.00,6.1,4.998,4.998,4.998,4.998,106
2022-03-13 17:06:22,2.8,5.2,167,0.0,0.0,0,0.0,0.0,0,469950.00,0.00,0.00,238,13.82,3.31,0.00,5.6,4.998,4.998,4.998,4.998,61
2022-03-13 17:07:22,0.0,3.0,37,0.0,0.0,0,0.0,0.0,0,469987.00,0.00,0.00,238,13.78,3.31,0.00,5.6,4.998,4.998,4.998,4.998,246
2022-03-13 17:08:22,2.3,4.7,64,0.0,0.0,0,0.0,0.0,0,470051.00,0.00,0.00,219,13.78,3.04,0.00,5.6,4.998,4.998,4.998,4.998,234
2022-03-13 17:09:22,2.9,4.5,163,0.0,0.0,0,0.0,0.0,0,470214.00,0.00,0.00,235,13.78,3.26,0.00,5.6,4.998,4.998,4.998,4.998,225
2022-03-13 17:10:22,3.8,4.4,174,0.0,0.0,0,0.0,0.0,0,470388.00,0.00,0.00,230,13.74,3.20,0.00,5.1,4.998,4.998,4.998,4.998,45
2022-03-13 17:11:22,5.3,5.8,231,0.0,0.0,0,0.0,0.0,0,470619.00,0.00,0.00,216,13.74,3.00,0.00,5.6,4.998,4.998,4.998,4.998,116
2022-03-13 17:12:22,4.8,6.4,247,0.0,0.0,0,0.0,0.0,0,470866.00,0.00,0.00,231,13.71,3.21,0.00,5.6,4.998,4.998,4.998,4.998,199
2022-03-13 17:13:22,4.1,8.2,352,0.0,0.0,0,0.0,0.0,0,471218.00,0.00,0.00,245,13.71,3.41,0.00,6.1,4.998,4.998,4.998,4.998,22
2022-03-13 17:14:22,4.2,5.7,205,0.0,0.0,0,0.0,0.0,0,471423.00,0.00,0.00,239,13.67,3.32,0.00,5.6,4.998,4.998,4.998,4.998,150
2022-03-13 17:15:22,4.6,6.5,288,0.0,0.0,0,0.0,0.0,0,471711.00,0.00,0.00,233,13.63,3.24,0.00,5.6,4.998,4.998,4.998,4.998,114
2022-03-13 17:16:22,4.7,4.9,210,0.0,0.0,0,0.0,0.0,0,471921.00,0.00,0.00,234,13.63,3.25,0.00,5.6,4.998,4.998,4.998,4.998,165
2022-03-13 17:17:22,3.4,6.1,284,0.0,0.0,0,0.0,0.0,0,472205.00,0.00,0.00,229,13.59,3.18,0.00,5.6,4.998,4.998,4.998,4.998,140
2022-03-13 17:18:22,4.9,7.7,202,0.0,0.0,0,0.0,0.0,0,472407.00,0.00,0.00,246,13.59,3.42,0.00,5.6,4.998,4.998,4.998,4.998,198
2022-03-13 17:19:22,4.7,9.9,325,0.0,0.0,0,0.0,0.0,0,472732.00,0.00,0.00,198,13.55,2.76,0.00,5.6,4.998,4.998,4.998,4.998,254
2022-03-13 17:20:22,4.0,6.3,248,0.0,0.0,0,0.0,0.0,0,472980.00,0.00,0.00,217,13.55,3.02,0.00,5.6,4.998,4.998,4.998,4.998,188
2022-03-13 17:21:22,3.5,6.2,250,0.0,0.0,0,0.0,0.0,0,473230.00,0.00,0.00,236,13.55,3.28,0.00,5.6,4.998,4.998,4.998,4.998,154
2022-03-13 17:22:22,3.3,6.1,248,0.0,0.0,0,0.0,0.0,0,473478.00,0.00,0.00,225,13.55,3.12,0.00,5.6,4.998,4.998,4.998,4.998,124
2022-03-13 17:23:22,4.5,6.3,257,0.0,0.0,0,0.0,0.0,0,473735.00,0.00,0.00,236,13.51,3.29,0.00,5.6,4.998,4.998,4.998,4.998,255
2022-03-13 17:24:22,3.9,11.0,388,0.0,0.0,0,0.0,0.0,0,474123.00,0.00,0.00,219,13.55,3.04,0.00,5.6,4.998,4.998,4.998,4.998,65
2022-03-13 17:25:22,6.0,6.4,274,0.0,0.0,0,0.0,0.0,0,474397.00,0.00,0.00,205,13.51,2.85,0.00,5.6,4.998,4.998,4.998,4.998,104
2022-03-13 17:26:22,5.4,9.5,339,0.0,0.0,0,0.0,0.0,0,474736.00,0.00,0.00,185,13.51,2.57,0.00,5.6,4.998,4.998,4.998,4.998,8
2022-03-13 17:27:22,2.7,7.6,259,0.0,0.0,0,0.0,0.0,0,474995.00,0.00,0.00,228,13.47,3.17,0.00,5.6,4.998,4.998,4.998,4.998,39
2022-03-13 17:28:22,4.2,4.4,181,0.0,0.0,0,0.0,0.0,0,475176.00,0.00,0.00,228,13.47,3.17,0.00,5.6,4.998,4.998,4.998,4.998,210
2022-03-13 17:29:22,5.3,6.0,235,0.0,0.0,0,0.0,0.0,0,475411.00,0.00,0.00,179,13.47,2.49,0.00,5.6,4.998,4.998,4.998,4.998,42
2022-03-13 17:30:22,1.6,6.0,213,0.0,0.0,0,0.0,0.0,0,475624.00,0.00,0.00,294,13.51,4.08,0.00,5.6,4.998,4.998,4.998,4.998,89
2022-03-13 17:31:22,2.5,2.9,96,0.0,0.0,0,0.0,0.0,0,475720.00,0.00,0.00,270,13.47,3.75,0.00,5.6,4.998,4.998,4.998,4.998,177
2022-03-13 17:32:22,1.9,5.9,222,0.0,0.0,0,0.0,0.0,0,475942.00,0.00,0.00,253,13.47,3.52,0.00,5.6,4.998,4.998,4.998,4.998,152
2022-03-13 17:33:22,1.9,4.5,128,0.0,0.0,0,0.0,0.0,0,476070.00,0.00,0.00,255,13.47,3.55,0.00,5.6,4.998,4.998,4.998,4.998,242
2022-03-13 17:34:22,2.3,4.4,151,0.0,0.0,0,0.0,0.0,0,476221.00,0.00,0.00,247,13.43,3.43,0.00,5.6,4.998,4.998,4.998,4.998,141
2022-03-13 17:35:22,2.9,4.8,157,0.0,0.0,0,0.0,0.0,0,476378.00,0.00,0.00,249,13.47,3.46,0.00,5.6,4.998,4.998,4.998,4.998,249
2022-03-13 17:36:22,4.4,7.2,188,0.0,0.0,0,0.0,0.0,0,476566.00,0.00,0.00,208,13.47,2.90,0.00,5.6,4.998,4.998,4.998,4.998,53
2022-03-13 17:37:22,5.5,9.0,310,0.0,0.0,0,0.0,0.0,0,476876.00,0.00,0.00,229,13.43,3.18,0.00,5.6,4.998,4.998,4.998,4.998,28
2022-03-13 17:38:22,5.1,7.6,305,0.0,0.0,0,0.0,0.0,0,477181.00,0.00,0.00,229,13.43,3.18,0.00,5.6,4.998,4.998,4.998,4.998,255
2022-03-13 17:39:22,4.1,6.7,255,0.0,0.0,0,0.0,0.0,0,477436.00,0.00,0.00,221,13.39,3.08,0.00,6.1,4.998,4.998,4.998,4.998,148
2022-03-13 17:40:22,3.1,7.0,253,0.0,0.0,0,0.0,0.0,0,477689.00,0.00,0.00,229,13.43,3.19,0.00,5.6,4.998,4.998,4.998,4.998,75
2022-03-13 17:41:22,2.8,4.8,180,0.0,0.0,0,0.0,0.0,0,477869.00,0.00,0.00,221,13.43,3.07,0.00,5.6,4.998,4.998,4.998,4.998,19
2022-03-13 17:42:22,2.6,3.9,112,0.0,0.0,0,0.0,0.0,0,477981.00,0.00,0.00,226,13.43,3.14,0.00,6.1,4.998,4.998,4.998,4.998,50
2022-03-13 17:43:22,3.9,4.0,130,0.0,0.0,0,0.0,0.0,0,478111.00,0.00,0.00,226,13.43,3.14,0.00,5.6,4.998,4.998,4.998,4.998,80
2022-03-13 17:44:22,2.9,6.7,218,0.0,0.0,0,0.0,0.0,0,478329.00,0.00,0.00,207,13.43,2.87,0.00,5.6,4.998,4.998,4.998,4.998,70
2022-03-13 17:45:22,2.7,4.5,128,0.0,0.0,0,0.0,0.0,0,478457.00,0.00,0.00,219,13.43,3.05,0.00,5.6,4.998,4.998,4.998,4.998,206
2022-03-13 17:46:22,3.1,3.9,148,0.0,0.0,0,0.0,0.0,0,478605.00,0.00,0.00,219,13.43,3.05,0.00,5.6,4.998,4.998,4.998,4.998,76
2022-03-13 17:47:22,4.9,4.9,197,0.0,0.0,0,0.0,0.0,0,478802.00,0.00,0.00,228,13.43,3.16,0.00,5.6,4.998,4.998,4.998,4.998,190
2022-03-13 17:48:22,3.9,5.3,212,0.0,0.0,0,0.0,0.0,0,479014.00,0.00,0.00,228,13.43,3.17,0.00,5.6,4.998,4.998,4.998,4.998,112
2022-03-13 17:49:22,3.7,4.9,221,0.0,0.0,0,0.0,0.0,0,479235.00,0.00,0.00,228,13.43,3.16,0.00,5.6,4.998,4.998,4.998,4.998,120
2022-03-13 17:50:22,2.7,5.0,173,0.0,0.0,0,0.0,0.0,0,479408.00,0.00,0.00,228,13.43,3.17,0.00,5.6,4.998,4.998,4.998,4.998,123
2022-03-13 17:51:22,3.6,5.0,154,0.0,0.0,0,0.0,0.0,0,479562.00,0.00,0.00,225,13.47,3.12,0.00,5.6,4.998,4.998,4.998,4.998,17
2022-03-13 17:52:22,3.0,7.6,201,0.0,0.0,0,0.0,0.0,0,479763.00,0.00,0.00,233,13.47,3.24,0.00,5.6,4.998,4.998,4.998,4.998,169
2022-03-13 17:53:22,4.7,5.5,141,0.0,0.0,0,0.0,0.0,0,479904.00,0.00,0.00,224,13.47,3.11,0.00,5.6,4.998,4.998,4.998,4.998,115
2022-03-13 17:54:22,5.9,6.7,289,0.0,0.0,0,0.0,0.0,0,480193.00,0.00,0.00,208,13.43,2.89,0.00,5.6,4.998,4.998,4.998,4.998,46
2022-03-13 17:55:22,3.2,6.6,262,0.0,0.0,0,0.0,0.0,0,480455.00,0.00,0.00,247,13.43,3.44,0.00,6.1,4.998,4.998,4.998,4.998,199
2022-03-13 17:56:22,4.0,4.4,134,0.0,0.0,0,0.0,0.0,0,480589.00,0.00,0.00,232,13.43,3.22,0.00,5.6,4.998,4.998,4.998,4.998,254
2022-03-13 17:57:22,1.9,4.3,193,0.0,0.0,0,0.0,0.0,0,480782.00,0.00,0.00,231,13.43,3.21,0.00,5.6,4.998,4.998,4.998,4.998,99
2022-03-13 17:58:22,2.6,4.3,101,0.0,0.0,0,0.0,0.0,0,480883.00,0.00,0.00,219,13.43,3.04,0.00,5.6,4.998,4.998,4.998,4.998,188
2022-03-13 17:59:22,3.3,4.7,168,0.0,0.0,0,0.0,0.0,0,481051.00,0.00,0.00,219,13.43,3.04,0.00,5.6,4.998,4.998,4.998,4.998,51
2022-03-13 18:00:22,4.7,6.0,248,0.0,0.0,0,0.0,0.0,0,481299.00,0.00,0.00,237,13.43,3.30,0.00,5.6,4.998,4.998,4.998,4.998,43
2022-03-13 18:01:22,6.0,8.3,346,0.0,0.0,0,0.0,0.0,0,481645.00,0.00,0.00,251,13.39,3.49,0.00,5.6,4.998,4.998,4.998,4.998,0
2022-03-13 18:02:22,4.1,6.5,226,0.0,0.0,0,0.0,0.0,0,481871.00,0.00,0.00,241,13.43,3.34,0.00,5.6,4.998,4.998,4.998,4.998,9
2022-03-13 18:03:22,3.2,5.2,198,0.0,0.0,0,0.0,0.0,0,482069.00,0.00,0.00,241,13.39,3.35,0.00,5.6,4.998,4.998,4.998,4.998,40
2022-03-13 18:04:22,3.3,6.5,279,0.0,0.0,0,0.0,0.0,0,482348.00,0.00,0.00,239,13.39,3.33,0.00,5.6,4.998,4.998,4.998,4.998,138
2022-03-13 18:05:22,3.1,4.5,191,0.0,0.0,0,0.0,0.0,0,482539.00,0.00,0.00,248,13.39,3.45,0.00,5.6,4.998,4.998,4.998,4.998,206
2022-03-13 18:06:22,3.8,4.2,144,0.0,0.0,0,0.0,0.0,0,482683.00,0.00,0.00,248,13.35,3.44,0.00,5.6,4.998,4.998,4.998,4.998,79
2022-03-13 18:07:22,4.1,4.4,184,0.0,0.0,0,0.0,0.0,0,482867.00,0.00,0.00,247,13.35,3.44,0.00,5.1,4.998,4.998,4.998,4.998,251
2022-03-13 18:08:22,5.9,8.0,316,0.0,0.0,0,0.0,0.0,0,483183.00,0.00,0.00,217,13.35,3.01,0.00,5.1,4.998,4.998,4.998,4.998,39
2022-03-13 18:09:22,5.4,6.9,310,0.0,0.0,0,0.0,0.0,0,483493.00,0.00,0.00,238,13.32,3.30,0.00,5.6,4.998,4.998,4.998,4.998,142
2022-03-13 18:10:22,4.6,5.7,283,0.0,0.0,0,0.0,0.0,0,483776.00,0.00,0.00,233,13.32,3.23,0.00,5.6,4.998,4.998,4.998,4.998,228
2022-03-13 18:11:22,9.1,9.9,301,0.0,0.0,0,0.0,0.0,0,484077.00,0.00,0.00,200,13.32,2.78,0.00,5.6,4.998,4.998,4.998,4.998,207
2022-03-13 18:12:22,5.4,9.5,304,0.0,0.0,0,0.0,0.0,0,484381.00,0.00,0.00,222,13.32,3.09,0.00,5.6,4.998,4.998,4.998,4.998,220
2022-03-13 18:13:22,6.4,6.6,215,0.0,0.0,0,0.0,0.0,0,484596.00,0.00,0.00,207,13.32,2.88,0.00,5.6,4.998,4.998,4.998,4.998,162
2022-03-13 18:14:22,5.1,10.7,433,0.0,0.0,0,0.0,0.0,0,485029.00,0.00,0.00,240,13.28,3.33,0.00,5.6,4.998,4.998,4.998,4.998,41
2022-03-13 18:15:22,4.2,7.1,296,0.0,0.0,0,0.0,0.0,0,485325.00,0.00,0.00,238,13.28,3.31,0.00,6.1,4.998,4.998,4.998,4.998,21
2022-03-13 18:16:22,1.8,4.8,140,0.0,0.0,0,0.0,0.0,0,485465.00,0.00,0.00,238,13.24,3.31,0.00,5.6,4.998,4.998,4.998,4.998,140
2022-03-13 18:17:22,4.7,7.1,275,0.0,0.0,0,0.0,0.0,0,485740.00,0.00,0.00,230,13.24,3.19,0.00,6.1,4.998,4.998,4.998,4.998,88
2022-03-13 18:18:22,2.2,7.7,234,0.0,0.0,0,0.0,0.0,0,485974.00,0.00,0.00,227,13.20,3.16,0.00,5.6,4.998,4.998,4.998,4.998,218
2022-03-13 18:19:22,3.3,6.4,235,0.0,0.0,0,0.0,0.0,0,486209.00,0.00,0.00,228,13.20,3.16,0.00,5.6,4.998,4.998,4.998,4.998,82
2022-03-13 18:20:22,4.2,4.5,168,0.0,0.0,0,0.0,0.0,0,486377.00,0.00,0.00,228,13.20,3.17,0.00,5.6,4.998,4.998,4.998,4.998,159
2022-03-13 18:21:22,5.0,5.8,252,0.0,0.0,0,0.0,0.0,0,486629.00,0.00,0.00,237,13.20,3.30,0.00,5.6,4.998,4.998,4.998,4.998,13
2022-03-13 18:22:22,1.7,5.5,223,0.0,0.0,0,0.0,0.0,0,486852.00,0.00,0.00,260,13.16,3.61,0.00,5.6,4.998,4.998,4.998,4.998,100
2022-03-13 18:23:22,8.1,11.2,311,0.0,0.0,0,0.0,0.0,0,487163.00,0.00,0.00,248,13.20,3.45,0.00,5.6,4.998,4.998,4.998,4.998,19
2022-03-13 18:24:22,5.5,9.6,463,0.0,0.0,0,0.0,0.0,0,487626.00,0.00,0.00,251,13.16,3.49,0.00,5.6,4.998,4.998,4.998,4.998,194
2022-03-13 18:25:22,3.8,6.4,188,0.0,0.0,0,0.0,0.0,0,487814.00,0.00,0.00,255,13.16,3.55,0.00,5.1,4.998,4.998,4.998,4.998,155
2022-03-13 18:26:22,8.8,17.6,730,0.0,0.0,0,0.0,0.0,0,488544.00,0.00,0.00,223,13.16,3.10,0.00,5.6,4.998,4.998,4.998,4.998,157
2022-03-13 18:27:22,11.3,21.7,778,0.0,0.0,0,0.0,0.0,0,489322.00,0.00,0.00,221,13.16,3.07,0.00,6.1,4.998,4.998,4.998,4.998,250
2022-03-13 18:28:22,8.3,15.4,605,0.0,0.0,0,0.0,0.0,0,489927.00,0.00,0.00,262,13.16,3.64,0.00,6.1,4.998,4.998,4.998,4.998,105
2022-03-13 18:29:22,11.0,14.1,547,0.0,0.0,0,0.0,0.0,0,490474.00,0.00,0.00,294,13.12,4.08,0.00,5.6,4.998,4.998,4.998,4.998,9
2022-03-13 18:30:22,8.7,13.9,530,0.0,0.0,0,0.0,0.0,0,491004.00,0.00,0.00,248,13.12,3.45,0.00,5.6,4.998,4.998,4.998,4.998,85
2022-03-13 18:31:22,12.7,14.1,642,0.0,0.0,0,0.0,0.0,0,491646.00,0.00,0.00,212,13.12,2.94,0.00,5.6,4.998,4.998,4.998,4.998,186
2022-03-13 18:32:22,11.5,17.6,770,0.0,0.0,0,0.0,0.0,0,492416.00,0.00,0.00,267,13.12,3.71,0.00,5.6,4.998,4.998,4.998,4.998,218
2022-03-13 18:33:22,16.2,19.3,762,0.0,0.0,0,0.0,0.0,0,493178.00,0.00,0.00,254,13.08,3.54,0.00,5.6,4.998,4.998,4.998,4.998,100
2022-03-13 18:34:22,8.1,18.6,726,0.0,0.0,0,0.0,0.0,0,493904.00,0.00,0.00,270,13.08,3.75,0.00,5.6,4.998,4.998,4.998,4.998,194
2022-03-13 18:35:22,6.8,12.1,427,0.0,0.0,0,0.0,0.0,0,494331.00,0.00,0.00,214,13.08,2.98,0.00,5.6,4.998,4.998,4.998,4.998,226
2022-03-13 18:36:22,3.8,9.4,407,0.0,0.0,0,0.0,0.0,0,494738.00,0.00,0.00,292,13.08,4.06,0.00,5.6,4.998,4.998,4.998,4.998,246
2022-03-13 18:37:22,7.8,11.9,485,0.0,0.0,0,0.0,0.0,0,495223.00,0.00,0.00,249,13.08,3.46,0.00,5.6,4.998,4.998,4.998,4.998,53
2022-03-13 18:38:22,7.3,14.1,550,0.0,0.0,0,0.0,0.0,0,495773.00,0.00,0.00,256,13.08,3.55,0.00,5.6,4.998,4.998,4.998,4.998,53
2022-03-13 18:39:22,10.4,10.6,413,0.0,0.0,0,0.0,0.0,0,496186.00,0.00,0.00,267,13.08,3.71,0.00,6.1,4.998,4.998,4.998,4.998,243
2022-03-13 18:40:22,7.2,10.4,418,0.0,0.0,0,0.0,0.0,0,496604.00,0.00,0.00,249,13.08,3.47,0.00,5.6,4.998,4.998,4.998,4.998,208
2022-03-13 18:41:22,4.8,9.6,418,0.0,0.0,0,0.0,0.0,0,497022.00,0.00,0.00,239,13.08,3.33,0.00,5.6,4.998,4.998,4.998,4.998,199
2022-03-13 18:42:22,7.5,9.7,403,0.0,0.0,0,0.0,0.0,0,497425.00,0.00,0.00,279,13.08,3.87,0.00,5.6,4.998,4.998,4.998,4.998,243
2022-03-13 18:43:22,5.5,13.8,474,0.0,0.0,0,0.0,0.0,0,497899.00,0.00,0.00,283,13.08,3.93,0.00,5.6,4.998,4.998,4.998,4.998,48
2022-03-13 18:44:22,9.2,10.4,433,0.0,0.0,0,0.0,0.0,0,498332.00,0.00,0.00,230,13.08,3.19,0.00,5.6,4.998,4.998,4.998,4.998,212
2022-03-13 18:45:22,6.7,9.6,469,0.0,0.0,0,0.0,0.0,0,498801.00,0.00,0.00,246,13.04,3.41,0.00,5.6,4.998,4.998,4.998,4.998,40
2022-03-13 18:46:22,4.4,8.0,338,0.0,0.0,0,0.0,0.0,0,499139.00,0.00,0.00,255,13.08,3.54,0.00,5.6,4.998,4.998,4.998,4.998,48
2022-03-13 18:47:22,3.1,5.6,214,0.0,0.0,0,0.0,0.0,0,499353.00,0.00,0.00,262,13.08,3.64,0.00,5.6,4.998,4.998,4.998,4.998,164
2022-03-13 18:48:22,4.0,6.7,244,0.0,0.0,0,0.0,0.0,0,499597.00,0.00,0.00,239,13.04,3.32,0.00,5.6,4.998,4.998,4.998,4.998,154
2022-03-13 18:49:22,4.0,7.5,254,0.0,0.0,0,0.0,0.0,0,499851.00,0.00,0.00,258,13.08,3.59,0.00,5.6,4.998,4.998,4.998,4.998,81
2022-03-13 18:50:22,3.1,7.3,243,0.0,0.0,0,0.0,0.0,0,500094.00,0.00,0.00,219,13.08,3.04,0.00,5.6,4.998,4.998,4.998,4.998,242
2022-03-13 18:51:22,8.0,8.3,287,0.0,0.0,0,0.0,0.0,0,500381.00,0.00,0.00,241,13.04,3.35,0.00,5.6,4.998,4.998,4.998,4.998,89
2022-03-13 18:52:22,7.3,11.9,482,0.0,0.0,0,0.0,0.0,0,500863.00,0.00,0.00,284,13.04,3.95,0.00,6.1,4.998,4.998,4.998,4.998,167
2022-03-13 18:53:22,5.2,8.4,347,0.0,0.0,0,0.0,0.0,0,501210.00,0.00,0.00,274,13.08,3.81,0.00,5.6,4.998,4.998,4.998,4.998,139
2022-03-13 18:54:22,3.6,5.2,233,0.0,0.0,0,0.0,0.0,0,501443.00,0.00,0.00,236,13.04,3.28,0.00,5.6,4.998,4.998,4.998,4.998,154
2022-03-13 18:55:22,4.8,5.4,213,0.0,0.0,0,0.0,0.0,0,501656.00,0.00,0.00,253,13.08,3.52,0.00,5.6,4.998,4.998,4.998,4.998,185
2022-03-13 18:56:22,5.7,7.3,289,0.0,0.0,0,0.0,0.0,0,501945.00,0.00,0.00,260,13.08,3.62,0.00,5.6,4.998,4.998,4.998,4.998,162
2022-03-13 18:57:22,4.1,6.6,286,0.0,0.0,0,0.0,0.0,0,502231.00,0.00,0.00,260,13.04,3.61,0.00,5.6,4.998,4.998,4.998,4.998,56
2022-03-13 18:58:22,6.1,7.9,296,0.0,0.0,0,0.0,0.0,0,502527.00,0.00,0.00,233,13.04,3.24,0.00,5.6,4.998,4.998,4.998,4.998,133
2022-03-13 18:59:22,9.6,15.7,560,0.0,0.0,0,0.0,0.0,0,503087.00,0.00,0.00,224,13.04,3.11,0.00,5.6,4.998,4.998,4.998,4.998,33
2022-03-13 19:00:22,3.3,12.7,450,0.0,0.0,0,0.0,0.0,0,503537.00,0.00,0.00,230,13.04,3.20,0.00,6.1,4.998,4.998,4.998,4.998,189
2022-03-13 19:01:22,3.3,8.1,362,0.0,0.0,0,0.0,0.0,0,503899.00,0.00,0.00,235,13.04,3.27,0.00,6.1,4.998,4.998,4.998,4.998,146
2022-03-13 19:02:22,5.7,8.7,271,0.0,0.0,0,0.0,0.0,0,504170.00,0.00,0.00,219,13.08,3.05,0.00,5.6,4.998,4.998,4.998,4.998,150
2022-03-13 19:03:22,3.5,7.0,293,0.0,0.0,0,0.0,0.0,0,504463.00,0.00,0.00,276,13.04,3.83,0.00,5.6,4.998,4.998,4.998,4.998,1
2022-03-13 19:04:22,3.5,6.5,269,0.0,0.0,0,0.0,0.0,0,504732.00,0.00,0.00,252,13.04,3.50,0.00,5.6,4.998,4.998,4.998,4.998,32
2022-03-13 19:05:22,3.2,5.7,250,0.0,0.0,0,0.0,0.0,0,504982.00,0.00,0.00,245,13.08,3.40,0.00,5.6,4.998,4.998,4.998,4.998,76
2022-03-13 19:06:22,6.3,8.2,306,0.0,0.0,0,0.0,0.0,0,505288.00,0.00,0.00,241,13.04,3.34,0.00,5.6,4.998,4.998,4.998,4.998,67
2022-03-13 19:07:22,2.7,7.1,213,0.0,0.0,0,0.0,0.0,0,505501.00,0.00,0.00,252,13.08,3.51,0.00,5.6,4.998,4.998,4.998,4.998,143
2022-03-13 19:08:22,3.7,6.7,248,0.0,0.0,0,0.0,0.0,0,505749.00,0.00,0.00,253,13.04,3.52,0.00,5.6,4.998,4.998,4.998,4.998,226
2022-03-13 19:09:22,3.4,5.3,236,0.0,0.0,0,0.0,0.0,0,505985.00,0.00,0.00,245,13.08,3.40,0.00,5.1,4.998,4.998,4.998,4.998,50
2022-03-13 19:10:22,4.7,6.0,232,0.0,0.0,0,0.0,0.0,0,506217.00,0.00,0.00,242,13.04,3.36,0.00,5.1,4.998,4.998,4.998,4.998,51
2022-03-13 19:11:22,5.7,6.9,308,0.0,0.0,0,0.0,0.0,0,506525.00,0.00,0.00,254,13.08,3.53,0.00,5.6,4.998,4.998,4.998,4.998,157
2022-03-13 19:12:22,4.1,6.7,291,0.0,0.0,0,0.0,0.0,0,506816.00,0.00,0.00,233,13.08,3.24,0.00,5.1,4.998,4.998,4.998,4.998,115
2022-03-13 19:13:22,14.3,17.0,524,0.0,0.0,0,0.0,0.0,0,507340.00,0.00,0.00,284,13.04,3.95,0.00,6.1,4.998,4.998,4.998,4.998,157
2022-03-13 19:14:22,9.7,16.1,606,0.0,0.0,0,0.0,0.0,0,507946.00,0.00,0.00,232,13.04,3.22,0.00,5.6,4.998,4.998,4.998,4.998,55
2022-03-13 19:15:22,3.8,10.6,399,0.0,0.0,0,0.0,0.0,0,508345.00,0.00,0.00,235,13.08,3.27,0.00,5.6,4.998,4.998,4.998,4.998,135
2022-03-13 19:16:22,5.2,8.5,284,0.0,0.0,0,0.0,0.0,0,508629.00,0.00,0.00,246,13.08,3.41,0.00,5.6,4.998,4.998,4.998,4.998,232
2022-03-13 19:17:22,4.0,9.6,344,0.0,0.0,0,0.0,0.0,0,508973.00,0.00,0.00,255,13.04,3.54,0.00,5.6,4.998,4.998,4.998,4.998,229
2022-03-13 19:18:22,10.4,14.2,406,0.0,0.0,0,0.0,0.0,0,509379.00,0.00,0.00,262,13.04,3.64,0.00,5.1,4.998,4.998,4.998,4.998,194
2022-03-13 19:19:22,6.5,12.9,408,0.0,0.0,0,0.0,0.0,0,509787.00,0.00,0.00,239,13.04,3.32,0.00,5.6,4.998,4.998,4.998,4.998,215
2022-03-13 19:20:22,6.3,10.1,420,0.0,0.0,0,0.0,0.0,0,510207.00,0.00,0.00,243,13.08,3.38,0.00,5.6,4.998,4.998,4.998,4.998,185
2022-03-13 19:21:22,11.3,12.2,364,0.0,0.0,0,0.0,0.0,0,510571.00,0.00,0.00,259,13.08,3.59,0.00,5.1,4.998,4.998,4.998,4.998,103
2022-03-13 19:22:22,6.0,12.4,590,0.0,0.0,0,0.0,0.0,0,511161.00,0.00,0.00,225,13.04,3.13,0.00,5.6,4.998,4.998,4.998,4.998,197
2022-03-13 19:23:22,7.2,7.9,356,0.0,0.0,0,0.0,0.0,0,511517.00,0.00,0.00,233,13.08,3.24,0.00,5.6,4.998,4.998,4.998,4.998,74
2022-03-13 19:24:22,4.3,11.5,434,0.0,0.0,0,0.0,0.0,0,511951.00,0.00,0.00,279,13.04,3.88,0.00,5.6,4.998,4.998,4.998,4.998,249
2022-03-13 19:25:22,5.0,9.0,276,0.0,0.0,0,0.0,0.0,0,512227.00,0.00,0.00,274,13.04,3.80,0.00,5.1,4.998,4.998,4.998,4.998,4
2022-03-13 19:26:22,6.0,17.5,471,0.0,0.0,0,0.0,0.0,0,512698.00,0.00,0.00,286,13.08,3.98,0.00,5.1,4.998,4.998,4.998,4.998,109
2022-03-13 19:27:22,6.9,18.8,650,0.0,0.0,0,0.0,0.0,0,513348.00,0.00,0.00,258,13.04,3.59,0.00,5.6,4.998,4.998,4.998,4.998,58
2022-03-13 19:28:22,5.6,10.4,408,0.0,0.0,0,0.0,0.0,0,513756.00,0.00,0.00,241,13.08,3.34,0.00,5.6,4.998,4.998,4.998,4.998,34
2022-03-13 19:29:22,5.2,9.6,405,0.0,0.0,0,0.0,0.0,0,514161.00,0.00,0.00,239,13.08,3.32,0.00,5.6,4.998,4.998,4.998,4.998,196
2022-03-13 19:30:22,4.8,8.3,336,0.0,0.0,0,0.0,0.0,0,514497.00,0.00,0.00,245,13.04,3.40,0.00,5.1,4.998,4.998,4.998,4.998,44
2022-03-13 19:31:22,8.5,10.2,376,0.0,0.0,0,0.0,0.0,0,514873.00,0.00,0.00,286,13.04,3.98,0.00,5.1,4.998,4.998,4.998,4.998,173
2022-03-13 19:32:22,6.0,9.2,408,0.0,0.0,0,0.0,0.0,0,515281.00,0.00,0.00,284,13.04,3.95,0.00,5.6,4.998,4.998,4.998,4.998,137
2022-03-13 19:33:22,7.9,8.1,317,0.0,0.0,0,0.0,0.0,0,515598.00,0.00,0.00,247,13.04,3.43,0.00,5.1,4.998,4.998,4.998,4.998,46
2022-03-13 19:34:22,3.8,8.5,312,0.0,0.0,0,0.0,0.0,0,515910.00,0.00,0.00,261,13.04,3.62,0.00,5.1,4.998,4.998,4.998,4.998,32
2022-03-13 19:35:22,4.7,5.4,182,0.0,0.0,0,0.0,0.0,0,516092.00,0.00,0.00,268,13.04,3.73,0.00,5.1,4.998,4.998,4.998,4.998,108
2022-03-13 19:36:22,3.8,5.2,209,0.0,0.0,0,0.0,0.0,0,516301.00,0.00,0.00,275,13.04,3.82,0.00,5.1,4.998,4.998,4.998,4.998,189
2022-03-13 19:37:22,5.2,8.5,306,0.0,0.0,0,0.0,0.0,0,516607.00,0.00,0.00,296,13.04,4.12,0.00,4.6,4.998,4.998,4.998,4.998,105
2022-03-13 19:38:22,8.6,10.5,362,0.0,0.0,0,0.0,0.0,0,516969.00,0.00,0.00,268,13.04,3.73,0.00,5.1,4.998,4.998,4.998,4.998,224
2022-03-13 19:39:22,5.8,10.5,440,0.0,0.0,0,0.0,0.0,0,517409.00,0.00,0.00,255,13.08,3.55,0.00,5.1,4.998,4.998,4.998,4.998,21
2022-03-13 19:40:22,5.6,6.9,227,0.0,0.0,0,0.0,0.0,0,517636.00,0.00,0.00,252,13.04,3.51,0.00,5.1,4.998,4.998,4.998,4.998,180
2022-03-13 19:41:22,8.4,8.6,233,0.0,0.0,0,0.0,0.0,0,517869.00,0.00,0.00,259,13.04,3.60,0.00,4.6,4.998,4.998,4.998,4.998,28
2022-03-13 19:42:22,6.7,10.4,366,0.0,0.0,0,0.0,0.0,0,518235.00,0.00,0.00,265,13.04,3.68,0.00,4.6,4.998,4.998,4.998,4.998,133
2022-03-13 19:43:22,6.4,10.6,411,0.0,0.0,0,0.0,0.0,0,518646.00,0.00,0.00,294,13.04,4.08,0.00,5.1,4.998,4.998,4.998,4.998,114
2022-03-13 19:44:22,10.0,11.2,413,0.0,0.0,0,0.0,0.0,0,519059.00,0.00,0.00,280,13.04,3.90,0.00,5.1,4.998,4.998,4.998,4.998,119
2022-03-13 19:45:22,8.6,15.9,491,0.0,0.0,0,0.0,0.0,0,519550.00,0.00,0.00,239,13.04,3.32,0.00,4.6,4.998,4.998,4.998,4.998,44
2022-03-13 19:46:22,6.5,13.0,484,0.0,0.0,0,0.0,0.0,0,520034.00,0.00,0.00,247,13.04,3.43,0.00,4.6,4.998,4.998,4.998,4.998,18
2022-03-13 19:47:22,8.8,10.2,446,0.0,0.0,0,0.0,0.0,0,520480.00,0.00,0.00,247,13.04,3.43,0.00,4.6,4.998,4.998,4.998,4.998,209
2022-03-13 19:48:22,4.4,9.4,459,0.0,0.0,0,0.0,0.0,0,520939.00,0.00,0.00,285,13.04,3.96,0.00,5.1,4.998,4.998,4.998,4.998,86
2022-03-13 19:49:22,3.5,6.3,258,0.0,0.0,0,0.0,0.0,0,521197.00,0.00,0.00,266,13.04,3.69,0.00,5.1,4.998,4.998,4.998,4.998,37
2022-03-13 19:50:22,4.2,6.6,289,0.0,0.0,0,0.0,0.0,0,521486.00,0.00,0.00,293,13.04,4.07,0.00,4.6,4.998,4.998,4.998,4.998,187
2022-03-13 19:51:22,3.9,7.9,263,0.0,0.0,0,0.0,0.0,0,521749.00,0.00,0.00,247,13.04,3.44,0.00,5.1,4.998,4.998,4.998,4.998,182
2022-03-13 19:52:22,4.9,7.3,284,0.0,0.0,0,0.0,0.0,0,522033.00,0.00,0.00,282,13.04,3.92,0.00,5.1,4.998,4.998,4.998,4.998,224
2022-03-13 19:53:22,5.1,9.0,381,0.0,0.0,0,0.0,0.0,0,522414.00,0.00,0.00,284,13.04,3.95,0.00,4.6,4.998,4.998,4.998,4.998,212
2022-03-13 19:54:22,4.6,7.0,219,0.0,0.0,0,0.0,0.0,0,522633.00,0.00,0.00,279,13.04,3.87,0.00,5.1,4.998,4.998,4.998,4.998,187
2022-03-13 19:55:22,4.1,5.1,202,0.0,0.0,0,0.0,0.0,0,522835.00,0.00,0.00,288,13.04,4.00,0.00,4.6,4.998,4.998,4.998,4.998,182
2022-03-13 19:56:22,5.7,10.7,425,0.0,0.0,0,0.0,0.0,0,523260.00,0.00,0.00,267,13.04,3.71,0.00,4.6,4.998,4.998,4.998,4.998,39
2022-03-13 19:57:22,7.1,9.8,375,0.0,0.0,0,0.0,0.0,0,523635.00,0.00,0.00,285,13.04,3.96,0.00,5.1,4.998,4.998,4.998,4.998,47
2022-03-13 19:58:22,6.8,9.5,453,0.0,0.0,0,0.0,0.0,0,524088.00,0.00,0.00,270,13.04,3.75,0.00,5.1,4.998,4.998,4.998,4.998,122
2022-03-13 19:59:22,3.1,9.1,298,0.0,0.0,0,0.0,0.0,0,524386.00,0.00,0.00,255,13.04,3.55,0.00,4.6,4.998,4.998,4.998,4.998,224
2022-03-13 20:00:22,3.6,6.2,198,0.0,0.0,0,0.0,0.0,0,524584.00,0.00,0.00,257,13.04,3.57,0.00,4.6,4.998,4.998,4.998,4.998,21
2022-03-13 20:01:22,4.8,5.7,230,0.0,0.0,0,0.0,0.0,0,524814.00,0.00,0.00,267,13.04,3.71,0.00,4.6,4.998,4.998,4.998,4.998,67
2022-03-13 20:02:22,6.8,10.1,416,0.0,0.0,0,0.0,0.0,0,525230.00,0.00,0.00,278,13.04,3.87,0.00,4.6,4.998,4.998,4.998,4.998,34
2022-03-13 20:03:22,5.8,7.8,323,0.0,0.0,0,0.0,0.0,0,525553.00,0.00,0.00,275,13.00,3.82,0.00,4.6,4.998,4.998,4.998,4.998,161
2022-03-13 20:04:22,4.5,7.1,256,0.0,0.0,0,0.0,0.0,0,525809.00,0.00,0.00,274,13.04,3.80,0.00,4.6,4.998,4.998,4.998,4.998,202
2022-03-13 20:05:22,6.0,6.1,179,0.0,0.0,0,0.0,0.0,0,525988.00,0.00,0.00,238,13.04,3.31,0.00,4.6,4.998,4.998,4.998,4.998,177
2022-03-13 20:06:22,4.9,8.4,376,0.0,0.0,0,0.0,0.0,0,526364.00,0.00,0.00,272,13.04,3.78,0.00,4.6,4.998,4.998,4.998,4.998,178
2022-03-13 20:07:22,3.9,7.8,237,0.0,0.0,0,0.0,0.0,0,526601.00,0.00,0.00,280,13.04,3.89,0.00,4.1,4.998,4.998,4.998,4.998,215
2022-03-13 20:08:22,2.1,4.7,184,0.0,0.0,0,0.0,0.0,0,526785.00,0.00,0.00,261,13.04,3.63,0.00,4.6,4.998,4.998,4.998,4.998,250
2022-03-13 20:09:22,6.3,8.0,273,0.0,0.0,0,0.0,0.0,0,527058.00,0.00,0.00,276,13.04,3.83,0.00,4.6,4.998,4.998,4.998,4.998,125
2022-03-13 20:10:22,5.6,8.0,374,0.0,0.0,0,0.0,0.0,0,527432.00,0.00,0.00,259,13.04,3.59,0.00,4.6,4.998,4.998,4.998,4.998,30
2022-03-13 20:11:22,4.9,6.9,297,0.0,0.0,0,0.0,0.0,0,527729.00,0.00,0.00,240,13.04,3.33,0.00,4.6,4.998,4.998,4.998,4.998,40
2022-03-13 20:12:22,2.5,5.0,124,0.0,0.0,0,0.0,0.0,0,527853.00,0.00,0.00,248,13.04,3.45,0.00,4.1,4.998,4.998,4.998,4.998,70
2022-03-13 20:13:22,2.2,3.9,159,0.0,0.0,0,0.0,0.0,0,528012.00,0.00,0.00,248,13.04,3.44,0.00,4.1,4.998,4.998,4.998,4.998,91
2022-03-13 20:14:22,6.2,6.2,146,0.0,0.0,0,0.0,0.0,0,528158.00,0.00,0.00,269,13.00,3.74,0.00,4.1,4.998,4.998,4.998,4.998,159
2022-03-13 20:15:22,3.9,7.4,323,0.0,0.0,0,0.0,0.0,0,528481.00,0.00,0.00,250,13.00,3.48,0.00,4.1,4.998,4.998,4.998,4.998,14
2022-03-13 20:16:22,4.3,6.2,265,0.0,0.0,0,0.0,0.0,0,528746.00,0.00,0.00,285,13.04,3.95,0.00,4.6,4.998,4.998,4.998,4.998,127
2022-03-13 20:17:22,2.5,4.5,171,0.0,0.0,0,0.0,0.0,0,528917.00,0.00,0.00,268,13.04,3.73,0.00,4.6,4.998,4.998,4.998,4.998,241
2022-03-13 20:18:22,1.7,2.7,91,0.0,0.0,0,0.0,0.0,0,529008.00,0.00,0.00,268,13.04,3.73,0.00,4.1,4.998,4.998,4.998,4.998,189
2022-03-13 20:19:22,5.3,7.0,190,0.0,0.0,0,0.0,0.0,0,529198.00,0.00,0.00,265,13.00,3.68,0.00,4.1,4.998,4.998,4.998,4.998,133
2022-03-13 20:20:22,2.1,6.5,204,0.0,0.0,0,0.0,0.0,0,529402.00,0.00,0.00,260,13.04,3.61,0.00,4.1,4.998,4.998,4.998,4.998,58
2022-03-13 20:21:22,1.9,2.4,48,0.0,0.0,0,0.0,0.0,0,529450.00,0.00,0.00,260,13.04,3.61,0.00,4.1,4.998,4.998,4.998,4.998,82
2022-03-13 20:22:22,1.8,4.8,142,0.0,0.0,0,0.0,0.0,0,529592.00,0.00,0.00,257,13.00,3.57,0.00,4.1,4.998,4.998,4.998,4.998,94
2022-03-13 20:23:22,3.3,4.8,135,0.0,0.0,0,0.0,0.0,0,529727.00,0.00,0.00,295,13.00,4.10,0.00,4.1,4.998,4.998,4.998,4.998,195
2022-03-13 20:24:22,3.5,4.5,116,0.0,0.0,0,0.0,0.0,0,529843.00,0.00,0.00,295,13.00,4.10,0.00,4.1,4.998,4.998,4.998,4.998,34
2022-03-13 20:25:22,3.6,4.9,197,0.0,0.0,0,0.0,0.0,0,530040.00,0.00,0.00,275,13.00,3.83,0.00,4.1,4.998,4.998,4.998,4.998,69
2022-03-13 20:26:22,7.3,8.7,226,0.0,0.0,0,0.0,0.0,0,530266.00,0.00,0.00,277,13.04,3.84,0.00,4.1,4.998,4.998,4.998,4.998,240
2022-03-13 20:27:22,4.4,8.4,317,0.0,0.0,0,0.0,0.0,0,530583.00,0.00,0.00,265,13.00,3.69,0.00,4.1,4.998,4.998,4.998,4.998,81
2022-03-13 20:28:22,3.2,4.9,170,0.0,0.0,0,0.0,0.0,0,530753.00,0.00,0.00,276,13.00,3.84,0.00,4.1,4.998,4.998,4.998,4.998,68
2022-03-13 20:29:22,4.8,5.6,244,0.0,0.0,0,0.0,0.0,0,530997.00,0.00,0.00,300,13.04,4.17,0.00,4.1,4.998,4.998,4.998,4.998,255
2022-03-13 20:30:22,2.2,5.8,132,0.0,0.0,0,0.0,0.0,0,531129.00,0.00,0.00,294,13.00,4.09,0.00,4.1,4.998,4.998,4.998,4.998,33
2022-03-13 20:31:22,2.1,4.1,132,0.0,0.0,0,0.0,0.0,0,531261.00,0.00,0.00,248,13.00,3.45,0.00,3.7,4.998,4.998,4.998,4.998,29
2022-03-13 20:32:22,3.1,6.7,205,0.0,0.0,0,0.0,0.0,0,531466.00,0.00,0.00,268,13.04,3.72,0.00,3.7,4.998,4.998,4.998,4.998,168
2022-03-13 20:33:22,2.3,5.7,197,0.0,0.0,0,0.0,0.0,0,531663.00,0.00,0.00,267,13.00,3.71,0.00,4.1,4.998,4.998,4.998,4.998,9
2022-03-13 20:34:22,1.5,4.9,144,0.0,0.0,0,0.0,0.0,0,531807.00,0.00,0.00,281,13.04,3.91,0.00,3.7,4.998,4.998,4.998,4.998,142
2022-03-13 20:35:22,4.4,6.2,193,0.0,0.0,0,0.0,0.0,0,532000.00,0.00,0.00,262,13.00,3.64,0.00,4.1,4.998,4.998,4.998,4.998,112
2022-03-13 20:36:22,3.5,6.9,242,0.0,0.0,0,0.0,0.0,0,532242.00,0.00,0.00,254,13.04,3.54,0.00,3.7,4.998,4.998,4.998,4.998,19
2022-03-13 20:37:22,5.9,6.6,276,0.0,0.0,0,0.0,0.0,0,532518.00,0.00,0.00,246,13.00,3.41,0.00,3.7,4.998,4.998,4.998,4.998,156
2022-03-13 20:38:22,3.7,6.8,281,0.0,0.0,0,0.0,0.0,0,532799.00,0.00,0.00,263,13.04,3.65,0.00,4.1,4.998,4.998,4.998,4.998,134
2022-03-13 20:39:22,5.6,9.3,348,0.0,0.0,0,0.0,0.0,0,533147.00,0.00,0.00,278,13.04,3.86,0.00,4.1,4.998,4.998,4.998,4.998,112
2022-03-13 20:40:22,6.6,6.8,226,0.0,0.0,0,0.0,0.0,0,533373.00,0.00,0.00,223,13.04,3.11,0.00,3.7,4.998,4.998,4.998,4.998,83
2022-03-13 20:41:22,3.8,6.9,258,0.0,0.0,0,0.0,0.0,0,533631.00,0.00,0.00,258,13.00,3.59,0.00,3.7,4.998,4.998,4.998,4.998,219
2022-03-13 20:42:22,5.0,6.0,271,0.0,0.0,0,0.0,0.0,0,533902.00,0.00,0.00,241,13.00,3.35,0.00,3.7,4.998,4.998,4.998,4.998,97
2022-03-13 20:43:22,2.5,4.9,146,0.0,0.0,0,0.0,0.0,0,534048.00,0.00,0.00,245,13.00,3.40,0.00,3.7,4.998,4.998,4.998,4.998,157
2022-03-13 20:44:22,4.6,6.3,176,0.0,0.0,0,0.0,0.0,0,534224.00,0.00,0.00,238,13.04,3.30,0.00,3.7,4.998,4.998,4.998,4.998,204
2022-03-13 20:45:22,7.3,9.1,357,0.0,0.0,0,0.0,0.0,0,534581.00,0.00,0.00,267,13.00,3.71,0.00,3.7,4.998,4.998,4.998,4.998,16
2022-03-13 20:46:22,5.7,7.7,332,0.0,0.0,0,0.0,0.0,0,534913.00,0.00,0.00,245,13.00,3.40,0.00,3.7,4.998,4.998,4.998,4.998,132
2022-03-13 20:47:22,3.8,7.4,287,0.0,0.0,0,0.0,0.0,0,535200.00,0.00,0.00,267,13.00,3.72,0.00,3.7,4.998,4.998,4.998,4.998,7
2022-03-13 20:48:22,4.2,5.5,272,0.0,0.0,0,0.0,0.0,0,535472.00,0.00,0.00,245,13.00,3.40,0.00,3.2,4.998,4.998,4.998,4.998,14
2022-03-13 20:49:22,5.4,7.7,327,0.0,0.0,0,0.0,0.0,0,535799.00,0.00,0.00,238,13.00,3.31,0.00,3.7,4.998,4.998,4.998,4.998,53
2022-03-13 20:50:22,5.0,7.0,261,0.0,0.0,0,0.0,0.0,0,536060.00,0.00,0.00,228,13.00,3.17,0.00,3.7,4.998,4.998,4.998,4.998,0
2022-03-13 20:51:22,6.9,8.5,370,0.0,0.0,0,0.0,0.0,0,536430.00,0.00,0.00,228,13.00,3.17,0.00,3.7,4.998,4.998,4.998,4.998,208
2022-03-13 20:52:22,4.3,6.7,278,0.0,0.0,0,0.0,0.0,0,536708.00,0.00,0.00,268,13.00,3.73,0.00,3.7,4.998,4.998,4.998,4.998,155
2022-03-13 20:53:22,4.3,5.6,199,0.0,0.0,0,0.0,0.0,0,536907.00,0.00,0.00,268,13.00,3.72,0.00,3.2,4.998,4.998,4.998,4.998,234
2022-03-13 20:54:22,2.0,6.0,232,0.0,0.0,0,0.0,0.0,0,537139.00,0.00,0.00,241,13.00,3.35,0.00,3.7,4.998,4.998,4.998,4.998,174
2022-03-13 20:55:22,3.2,4.4,166,0.0,0.0,0,0.0,0.0,0,537305.00,0.00,0.00,258,13.00,3.58,0.00,3.2,4.998,4.998,4.998,4.998,135
2022-03-13 20:56:22,6.8,7.0,193,0.0,0.0,0,0.0,0.0,0,537498.00,0.00,0.00,239,13.00,3.32,0.00,3.7,4.998,4.998,4.998,4.998,75
2022-03-13 20:57:22,4.5,6.4,280,0.0,0.0,0,0.0,0.0,0,537778.00,0.00,0.00,264,13.00,3.67,0.00,3.2,4.998,4.998,4.998,4.998,207
2022-03-13 20:58:22,4.0,4.6,221,0.0,0.0,0,0.0,0.0,0,537999.00,0.00,0.00,231,13.00,3.21,0.00,3.2,4.998,4.998,4.998,4.998,208
2022-03-13 20:59:22,2.4,8.1,304,0.0,0.0,0,0.0,0.0,0,538303.00,0.00,0.00,295,13.00,4.10,0.00,3.7,4.998,4.998,4.998,4.998,42
2022-03-13 21:00:22,3.3,5.6,179,0.0,0.0,0,0.0,0.0,0,538482.00,0.00,0.00,250,13.00,3.48,0.00,3.2,4.998,4.998,4.998,4.998,71
2022-03-13 21:01:22,5.5,8.1,322,0.0,0.0,0,0.0,0.0,0,538804.00,0.00,0.00,241,13.00,3.34,0.00,3.2,4.998,4.998,4.998,4.998,56
2022-03-13 21:02:22,4.3,6.1,248,0.0,0.0,0,0.0,0.0,0,539052.00,0.00,0.00,264,13.00,3.66,0.00,3.2,4.998,4.998,4.998,4.998,225
2022-03-13 21:03:22,4.0,7.6,331,0.0,0.0,0,0.0,0.0,0,539383.00,0.00,0.00,265,13.00,3.69,0.00,3.7,4.998,4.998,4.998,4.998,170
2022-03-13 21:04:22,5.0,6.1,264,0.0,0.0,0,0.0,0.0,0,539647.00,0.00,0.00,280,13.00,3.89,0.00,3.2,4.998,4.998,4.998,4.998,10
2022-03-13 21:05:22,2.9,5.6,242,0.0,0.0,0,0.0,0.0,0,539889.00,0.00,0.00,245,13.00,3.40,0.00,3.2,4.998,4.998,4.998,4.998,29
2022-03-13 21:06:22,2.7,4.5,164,0.0,0.0,0,0.0,0.0,0,540053.00,0.00,0.00,245,13.00,3.40,0.00,2.7,4.998,4.998,4.998,4.998,251
2022-03-13 21:07:22,3.9,4.3,173,0.0,0.0,0,0.0,0.0,0,540226.00,0.00,0.00,245,13.00,3.40,0.00,2.7,4.998,4.998,4.998,4.998,108
2022-03-13 21:08:22,4.2,6.2,230,0.0,0.0,0,0.0,0.0,0,540456.00,0.00,0.00,245,13.00,3.41,0.00,3.2,4.998,4.998,4.998,4.998,149
2022-03-13 21:09:22,4.2,5.1,222,0.0,0.0,0,0.0,0.0,0,540678.00,0.00,0.00,237,13.00,3.29,0.00,3.2,4.998,4.998,4.998,4.998,161
2022-03-13 21:10:22,2.0,4.3,174,0.0,0.0,0,0.0,0.0,0,540852.00,0.00,0.00,237,13.00,3.29,0.00,2.7,4.998,4.998,4.998,4.998,39
2022-03-13 21:11:22,2.6,3.1,95,0.0,0.0,0,0.0,0.0,0,540947.00,0.00,0.00,237,13.00,3.29,0.00,3.2,4.998,4.998,4.998,4.998,143
2022-03-13 21:12:22,4.2,4.6,146,0.0,0.0,0,0.0,0.0,0,541093.00,0.00,0.00,236,13.00,3.28,0.00,3.2,4.998,4.998,4.998,4.998,131
2022-03-13 21:13:22,5.2,5.4,204,0.0,0.0,0,0.0,0.0,0,541297.00,0.00,0.00,240,13.00,3.33,0.00,2.7,4.998,4.998,4.998,4.998,98
2022-03-13 21:14:22,2.0,5.3,119,0.0,0.0,0,0.0,0.0,0,541416.00,0.00,0.00,241,13.00,3.35,0.00,3.2,4.998,4.998,4.998,4.998,88
2022-03-13 21:15:22,3.0,5.4,202,0.0,0.0,0,0.0,0.0,0,541618.00,0.00,0.00,228,13.00,3.16,0.00,2.7,4.998,4.998,4.998,4.998,159
2022-03-13 21:16:22,4.8,4.8,164,0.0,0.0,0,0.0,0.0,0,541782.00,0.00,0.00,188,13.00,2.61,0.00,3.2,4.998,4.998,4.998,4.998,225
2022-03-13 21:17:22,4.3,4.6,186,0.0,0.0,0,0.0,0.0,0,541968.00,0.00,0.00,225,13.00,3.12,0.00,3.2,4.998,4.998,4.998,4.998,123
2022-03-13 21:18:22,2.2,5.4,194,0.0,0.0,0,0.0,0.0,0,542162.00,0.00,0.00,256,13.00,3.56,0.00,2.7,4.998,4.998,4.998,4.998,204
2022-03-13 21:19:22,4.2,4.3,144,0.0,0.0,0,0.0,0.0,0,542306.00,0.00,0.00,253,13.00,3.52,0.00,3.2,4.998,4.998,4.998,4.998,51
2022-03-13 21:20:22,3.4,4.5,188,0.0,0.0,0,0.0,0.0,0,542494.00,0.00,0.00,229,13.00,3.18,0.00,3.2,4.998,4.998,4.998,4.998,14
2022-03-13 21:21:22,2.8,3.6,146,0.0,0.0,0,0.0,0.0,0,542640.00,0.00,0.00,224,13.00,3.12,0.00,2.7,4.998,4.998,4.998,4.998,130
2022-03-13 21:22:22,0.0,2.8,63,0.0,0.0,0,0.0,0.0,0,542703.00,0.00,0.00,225,13.00,3.12,0.00,2.7,4.998,4.998,4.998,4.998,11
2022-03-13 21:23:22,2.5,3.1,71,0.0,0.0,0,0.0,0.0,0,542774.00,0.00,0.00,224,13.00,3.12,0.00,2.7,4.998,4.998,4.998,4.998,21
2022-03-13 21:24:22,2.1,2.9,58,0.0,0.0,0,0.0,0.0,0,542832.00,0.00,0.00,225,13.00,3.12,0.00,2.7,4.998,4.998,4.998,4.998,23
2022-03-13 21:25:22,3.5,3.9,155,0.0,0.0,0,0.0,0.0,0,542987.00,0.00,0.00,224,13.00,3.12,0.00,2.7,4.998,4.998,4.998,4.998,117
2022-03-13 21:26:22,2.7,4.0,164,0.0,0.0,0,0.0,0.0,0,543151.00,0.00,0.00,221,13.00,3.08,0.00,2.7,4.998,4.998,4.998,4.998,117
2022-03-13 21:27:22,4.2,5.6,244,0.0,0.0,0,0.0,0.0,0,543395.00,0.00,0.00,244,13.00,3.39,0.00,3.2,4.998,4.998,4.998,4.998,165
2022-03-13 21:28:22,1.8,4.6,188,0.0,0.0,0,0.0,0.0,0,543583.00,0.00,0.00,244,13.00,3.39,0.00,2.7,4.998,4.998,4.998,4.998,233
2022-03-13 21:29:22,3.1,6.0,128,0.0,0.0,0,0.0,0.0,0,543711.00,0.00,0.00,240,13.00,3.33,0.00,2.7,4.998,4.998,4.998,4.998,91
2022-03-13 21:30:22,2.2,5.0,161,0.0,0.0,0,0.0,0.0,0,543872.00,0.00,0.00,253,13.00,3.52,0.00,2.7,4.998,4.998,4.998,4.998,235
2022-03-13 21:31:22,1.4,4.0,87,0.0,0.0,0,0.0,0.0,0,543959.00,0.00,0.00,253,13.00,3.52,0.00,2.7,4.998,4.998,4.998,4.998,227
2022-03-13 21:32:22,2.2,2.4,55,0.0,0.0,0,0.0,0.0,0,544014.00,0.00,0.00,253,13.00,3.52,0.00,2.7,4.998,4.998,4.998,4.998,97
2022-03-13 21:33:22,2.3,2.5,31,0.0,0.0,0,0.0,0.0,0,544045.00,0.00,0.00,253,12.96,3.52,0.00,2.7,4.998,4.998,4.998,4.998,107
2022-03-13 21:34:22,4.1,4.7,184,0.0,0.0,0,0.0,0.0,0,544229.00,0.00,0.00,253,12.96,3.52,0.00,2.2,4.998,4.998,4.998,4.998,152
2022-03-13 21:35:22,2.5,4.3,153,0.0,0.0,0,0.0,0.0,0,544382.00,0.00,0.00,253,13.00,3.52,0.00,2.7,4.998,4.998,4.998,4.998,203
2022-03-13 21:36:22,0.0,2.6,41,0.0,0.0,0,0.0,0.0,0,544423.00,0.00,0.00,253,13.00,3.51,0.00,2.2,4.998,4.998,4.998,4.998,171
2022-03-13 21:37:22,2.3,2.8,101,0.0,0.0,0,0.0,0.0,0,544524.00,0.00,0.00,253,13.00,3.52,0.00,2.7,4.998,4.998,4.998,4.998,68
2022-03-13 21:38:22,1.6,3.6,148,0.0,0.0,0,0.0,0.0,0,544672.00,0.00,0.00,252,12.96,3.51,0.00,2.7,4.998,4.998,4.998,4.998,145
2022-03-13 21:39:22,1.5,2.6,55,0.0,0.0,0,0.0,0.0,0,544727.00,0.00,0.00,253,13.00,3.51,0.00,2.7,4.998,4.998,4.998,4.998,134
2022-03-13 21:40:22,2.8,3.1,102,0.0,0.0,0,0.0,0.0,0,544829.00,0.00,0.00,253,13.00,3.51,0.00,2.7,4.998,4.998,4.998,4.998,77
2022-03-13 21:41:22,0.0,4.2,109,0.0,0.0,0,0.0,0.0,0,544938.00,0.00,0.00,253,12.96,3.52,0.00,2.7,4.998,4.998,4.998,4.998,104
2022-03-13 21:42:22,3.0,3.9,116,0.0,0.0,0,0.0,0.0,0,545054.00,0.00,0.00,235,12.96,3.27,0.00,2.7,4.998,4.998,4.998,4.998,5
2022-03-13 21:43:22,2.3,3.3,139,0.0,0.0,0,0.0,0.0,0,545193.00,0.00,0.00,235,13.00,3.27,0.00,2.2,4.998,4.998,4.998,4.998,12
2022-03-13 21:44:22,1.6,3.7,147,0.0,0.0,0,0.0,0.0,0,545340.00,0.00,0.00,235,12.96,3.27,0.00,2.7,4.998,4.998,4.998,4.998,117
2022-03-13 21:45:22,1.8,2.7,75,0.0,0.0,0,0.0,0.0,0,545415.00,0.00,0.00,236,12.96,3.28,0.00,2.2,4.998,4.998,4.998,4.998,214
2022-03-13 21:46:22,2.6,2.8,63,0.0,0.0,0,0.0,0.0,0,545478.00,0.00,0.00,236,12.96,3.28,0.00,2.2,4.998,4.998,4.998,4.998,78
2022-03-13 21:47:22,3.2,4.8,179,0.0,0.0,0,0.0,0.0,0,545657.00,0.00,0.00,236,12.96,3.28,0.00,2.2,4.998,4.998,4.998,4.998,69
2022-03-13 21:48:22,3.0,3.9,150,0.0,0.0,0,0.0,0.0,0,545807.00,0.00,0.00,240,13.00,3.33,0.00,2.2,4.998,4.998,4.998,4.998,144
2022-03-13 21:49:22,2.5,4.9,209,0.0,0.0,0,0.0,0.0,0,546016.00,0.00,0.00,248,12.96,3.45,0.00,2.2,4.998,4.998,4.998,4.998,122
2022-03-13 21:50:22,3.0,4.6,153,0.0,0.0,0,0.0,0.0,0,546169.00,0.00,0.00,260,13.00,3.61,0.00,2.2,4.998,4.998,4.998,4.998,116
2022-03-13 21:51:22,4.2,4.5,171,0.0,0.0,0,0.0,0.0,0,546340.00,0.00,0.00,254,13.00,3.54,0.00,2.7,4.998,4.998,4.998,4.998,57
2022-03-13 21:52:22,3.3,4.2,194,0.0,0.0,0,0.0,0.0,0,546534.00,0.00,0.00,226,12.96,3.13,0.00,2.2,4.998,4.998,4.998,4.998,67
2022-03-13 21:53:22,5.9,6.4,169,0.0,0.0,0,0.0,0.0,0,546703.00,0.00,0.00,262,13.00,3.64,0.00,2.7,4.998,4.998,4.998,4.998,79
2022-03-13 21:54:22,3.3,6.4,241,0.0,0.0,0,0.0,0.0,0,546944.00,0.00,0.00,244,12.96,3.39,0.00,2.7,4.998,4.998,4.998,4.998,58
2022-03-13 21:55:22,3.9,7.9,348,0.0,0.0,0,0.0,0.0,0,547292.00,0.00,0.00,274,12.96,3.80,0.00,2.7,4.998,4.998,4.998,4.998,95
2022-03-13 21:56:22,2.5,7.2,266,0.0,0.0,0,0.0,0.0,0,547558.00,0.00,0.00,242,12.96,3.36,0.00,2.7,4.998,4.998,4.998,4.998,47
2022-03-13 21:57:22,2.3,3.7,128,0.0,0.0,0,0.0,0.0,0,547686.00,0.00,0.00,247,12.96,3.43,0.00,2.7,4.998,4.998,4.998,4.998,114
2022-03-13 21:58:22,2.1,4.5,140,0.0,0.0,0,0.0,0.0,0,547826.00,0.00,0.00,266,12.96,3.70,0.00,2.2,4.998,4.998,4.998,4.998,2
2022-03-13 21:59:22,7.2,8.0,265,0.0,0.0,0,0.0,0.0,0,548091.00,0.00,0.00,288,12.96,4.00,0.00,2.2,4.998,4.998,4.998,4.998,90
2022-03-13 22:00:22,3.7,8.3,260,0.0,0.0,0,0.0,0.0,0,548351.00,0.00,0.00,219,13.00,3.05,0.00,2.2,4.998,4.998,4.998,4.998,63
2022-03-13 22:01:22,5.2,5.3,197,0.0,0.0,0,0.0,0.0,0,548548.00,0.00,0.00,297,12.96,4.12,0.00,2.2,4.998,4.998,4.998,4.998,142
2022-03-13 22:02:22,4.6,5.8,247,0.0,0.0,0,0.0,0.0,0,548795.00,0.00,0.00,241,12.96,3.35,0.00,2.2,4.998,4.998,4.998,4.998,121
2022-03-13 22:03:22,5.0,8.5,344,0.0,0.0,0,0.0,0.0,0,549139.00,0.00,0.00,247,12.96,3.44,0.00,2.2,4.998,4.998,4.998,4.998,21
2022-03-13 22:04:22,6.2,6.7,291,0.0,0.0,0,0.0,0.0,0,549430.00,0.00,0.00,287,12.96,3.99,0.00,2.2,4.998,4.998,4.998,4.998,205
2022-03-13 22:05:22,5.8,7.6,303,0.0,0.0,0,0.0,0.0,0,549733.00,0.00,0.00,302,12.96,4.19,0.00,2.2,4.998,4.998,4.998,4.998,215
2022-03-13 22:06:22,5.4,9.5,334,0.0,0.0,0,0.0,0.0,0,550067.00,0.00,0.00,313,12.96,4.36,0.00,2.2,4.998,4.998,4.998,4.998,147
2022-03-13 22:07:22,4.2,7.1,280,0.0,0.0,0,0.0,0.0,0,550347.00,0.00,0.00,293,12.96,4.07,0.00,2.2,4.998,4.998,4.998,4.998,171
2022-03-13 22:08:22,5.4,8.5,270,0.0,0.0,0,0.0,0.0,0,550617.00,0.00,0.00,282,13.00,3.92,0.00,1.7,4.998,4.998,4.998,4.998,122
2022-03-13 22:09:22,10.6,11.4,365,0.0,0.0,0,0.0,0.0,0,550982.00,0.00,0.00,248,12.96,3.45,0.00,2.2,4.998,4.998,4.998,4.998,98
2022-03-13 22:10:22,5.1,10.7,402,0.0,0.0,0,0.0,0.0,0,551384.00,0.00,0.00,300,13.00,4.17,0.00,2.2,4.998,4.998,4.998,4.998,86
2022-03-13 22:11:22,7.5,9.3,325,0.0,0.0,0,0.0,0.0,0,551709.00,0.00,0.00,272,12.96,3.78,0.00,2.2,4.998,4.998,4.998,4.998,144
2022-03-13 22:12:22,5.6,9.4,433,0.0,0.0,0,0.0,0.0,0,552142.00,0.00,0.00,310,12.96,4.31,0.00,1.7,4.998,4.998,4.998,4.998,80
2022-03-13 22:13:22,4.3,7.7,334,0.0,0.0,0,0.0,0.0,0,552476.00,0.00,0.00,262,12.96,3.64,0.00,1.7,4.998,4.998,4.998,4.998,10
2022-03-13 22:14:22,2.1,4.8,194,0.0,0.0,0,0.0,0.0,0,552670.00,0.00,0.00,283,12.96,3.94,0.00,1.7,4.998,4.998,4.998,4.998,189
2022-03-13 22:15:22,4.1,4.1,134,0.0,0.0,0,0.0,0.0,0,552804.00,0.00,0.00,245,12.96,3.40,0.00,1.7,4.998,4.998,4.998,4.998,189
2022-03-13 22:16:22,2.0,4.1,148,0.0,0.0,0,0.0,0.0,0,552952.00,0.00,0.00,245,12.96,3.40,0.00,1.7,4.998,4.998,4.998,4.998,25
2022-03-13 22:17:22,2.9,3.9,119,0.0,0.0,0,0.0,0.0,0,553071.00,0.00,0.00,246,13.00,3.41,0.00,1.7,4.998,4.998,4.998,4.998,143
2022-03-13 22:18:22,2.1,3.1,99,0.0,0.0,0,0.0,0.0,0,553170.00,0.00,0.00,246,13.00,3.41,0.00,1.7,4.998,4.998,4.998,4.998,233
2022-03-13 22:19:22,2.5,2.6,21,0.0,0.0,0,0.0,0.0,0,553191.00,0.00,0.00,246,12.96,3.41,0.00,1.7,4.998,4.998,4.998,4.998,86
2022-03-13 22:20:22,0.0,3.9,141,0.0,0.0,0,0.0,0.0,0,553332.00,0.00,0.00,246,12.96,3.41,0.00,1.7,4.998,4.998,4.998,4.998,226
2022-03-13 22:21:22,4.8,5.5,92,0.0,0.0,0,0.0,0.0,0,553424.00,0.00,0.00,248,12.96,3.44,0.00,1.7,4.998,4.998,4.998,4.998,212
2022-03-13 22:22:22,4.2,4.9,208,0.0,0.0,0,0.0,0.0,0,553632.00,0.00,0.00,232,13.00,3.22,0.00,1.7,4.998,4.998,4.998,4.998,142
2022-03-13 22:23:22,2.8,5.9,257,0.0,0.0,0,0.0,0.0,0,553889.00,0.00,0.00,284,12.96,3.95,0.00,1.7,4.998,4.998,4.998,4.998,230
2022-03-13 22:24:22,5.5,5.6,225,0.0,0.0,0,0.0,0.0,0,554114.00,0.00,0.00,262,12.96,3.64,0.00,1.7,4.998,4.998,4.998,4.998,106
2022-03-13 22:25:22,4.9,6.8,272,0.0,0.0,0,0.0,0.0,0,554386.00,0.00,0.00,260,12.96,3.61,0.00,1.7,4.998,4.998,4.998,4.998,93
2022-03-13 22:26:22,6.9,8.1,244,0.0,0.0,0,0.0,0.0,0,554630.00,0.00,0.00,256,12.96,3.56,0.00,1.7,4.998,4.998,4.998,4.998,2
2022-03-13 22:27:22,2.8,6.8,269,0.0,0.0,0,0.0,0.0,0,554899.00,0.00,0.00,246,12.96,3.42,0.00,1.7,4.998,4.998,4.998,4.998,241
2022-03-13 22:28:22,2.5,4.4,183,0.0,0.0,0,0.0,0.0,0,555082.00,0.00,0.00,258,12.96,3.59,0.00,1.7,4.998,4.998,4.998,4.998,221
2022-03-13 22:29:22,3.1,3.4,135,0.0,0.0,0,0.0,0.0,0,555217.00,0.00,0.00,258,12.96,3.58,0.00,1.7,4.998,4.998,4.998,4.998,138
2022-03-13 22:30:22,2.7,3.3,146,0.0,0.0,0,0.0,0.0,0,555363.00,0.00,0.00,258,12.96,3.58,0.00,1.7,4.998,4.998,4.998,4.998,144
2022-03-13 22:31:22,3.9,5.1,211,0.0,0.0,0,0.0,0.0,0,555574.00,0.00,0.00,246,12.96,3.42,0.00,1.7,4.998,4.998,4.998,4.998,86
2022-03-13 22:32:22,2.3,4.4,174,0.0,0.0,0,0.0,0.0,0,555748.00,0.00,0.00,225,12.96,3.12,0.00,1.7,4.998,4.998,4.998,4.998,49
2022-03-13 22:33:22,0.0,3.3,96,0.0,0.0,0,0.0,0.0,0,555844.00,0.00,0.00,224,12.96,3.12,0.00,1.7,4.998,4.998,4.998,4.998,223
2022-03-13 22:34:22,4.0,4.4,102,0.0,0.0,0,0.0,0.0,0,555946.00,0.00,0.00,225,12.96,3.12,0.00,1.7,4.998,4.998,4.998,4.998,250
2022-03-13 22:35:22,3.0,4.1,181,0.0,0.0,0,0.0,0.0,0,556127.00,0.00,0.00,238,12.96,3.30,0.00,1.7,4.998,4.998,4.998,4.998,247
2022-03-13 22:36:22,2.0,3.4,128,0.0,0.0,0,0.0,0.0,0,556255.00,0.00,0.00,238,12.96,3.31,0.00,1.2,4.998,4.998,4.998,4.998,119
2022-03-13 22:37:22,4.1,5.9,190,0.0,0.0,0,0.0,0.0,0,556445.00,0.00,0.00,225,12.96,3.12,0.00,1.2,4.998,4.998,4.998,4.998,138
2022-03-13 22:38:22,1.1,4.8,110,0.0,0.0,0,0.0,0.0,0,556555.00,0.00,0.00,225,12.96,3.12,0.00,1.7,4.998,4.998,4.998,4.998,105
2022-03-13 22:39:22,2.0,2.9,94,0.0,0.0,0,0.0,0.0,0,556649.00,0.00,0.00,225,12.96,3.12,0.00,1.7,4.998,4.998,4.998,4.998,158
2022-03-13 22:40:22,1.6,3.0,113,0.0,0.0,0,0.0,0.0,0,556762.00,0.00,0.00,225,12.96,3.12,0.00,1.2,4.998,4.998,4.998,4.998,200
2022-03-13 22:41:22,4.5,4.8,113,0.0,0.0,0,0.0,0.0,0,556875.00,0.00,0.00,245,12.96,3.40,0.00,1.2,4.998,4.998,4.998,4.998,21
2022-03-13 22:42:22,3.1,5.6,177,0.0,0.0,0,0.0,0.0,0,557052.00,0.00,0.00,241,12.96,3.35,0.00,1.2,4.998,4.998,4.998,4.998,36
2022-03-13 22:43:22,0.0,3.1,46,0.0,0.0,0,0.0,0.0,0,557098.00,0.00,0.00,241,12.96,3.35,0.00,1.2,4.998,4.998,4.998,4.998,161
2022-03-13 22:44:22,3.0,3.7,102,0.0,0.0,0,0.0,0.0,0,557200.00,0.00,0.00,241,12.96,3.35,0.00,1.2,4.998,4.998,4.998,4.998,218
2022-03-13 22:45:22,1.2,3.3,94,0.0,0.0,0,0.0,0.0,0,557294.00,0.00,0.00,241,12.96,3.35,0.00,1.2,4.998,4.998,4.998,4.998,107
2022-03-13 22:46:22,1.9,2.7,44,0.0,0.0,0,0.0,0.0,0,557338.00,0.00,0.00,241,12.96,3.35,0.00,1.2,4.998,4.998,4.998,4.998,106
2022-03-13 22:47:22,2.8,2.9,107,0.0,0.0,0,0.0,0.0,0,557445.00,0.00,0.00,241,12.96,3.35,0.00,1.2,4.998,4.998,4.998,4.998,58
2022-03-13 22:48:22,2.8,4.3,164,0.0,0.0,0,0.0,0.0,0,557609.00,0.00,0.00,239,12.96,3.33,0.00,1.2,4.998,4.998,4.998,4.998,198
2022-03-13 22:49:22,2.0,3.5,141,0.0,0.0,0,0.0,0.0,0,557750.00,0.00,0.00,240,12.96,3.33,0.00,1.2,4.998,4.998,4.998,4.998,154
2022-03-13 22:50:22,2.5,2.7,57,0.0,0.0,0,0.0,0.0,0,557807.00,0.00,0.00,240,12.96,3.33,0.00,1.2,4.998,4.998,4.998,4.998,250
2022-03-13 22:51:22,2.5,2.9,102,0.0,0.0,0,0.0,0.0,0,557909.00,0.00,0.00,239,12.96,3.33,0.00,1.2,4.998,4.998,4.998,4.998,141
2022-03-13 22:52:22,2.2,3.3,134,0.0,0.0,0,0.0,0.0,0,558043.00,0.00,0.00,239,12.96,3.33,0.00,0.7,4.998,4.998,4.998,4.998,125
2022-03-13 22:53:22,3.3,3.5,122,0.0,0.0,0,0.0,0.0,0,558165.00,0.00,0.00,239,12.96,3.32,0.00,0.7,4.998,4.998,4.998,4.998,79
2022-03-13 22:54:22,2.3,4.8,159,0.0,0.0,0,0.0,0.0,0,558324.00,0.00,0.00,230,12.96,3.20,0.00,1.2,4.998,4.998,4.998,4.998,112
2022-03-13 22:55:22,2.4,3.2,139,0.0,0.0,0,0.0,0.0,0,558463.00,0.00,0.00,230,12.96,3.20,0.00,1.2,4.998,4.998,4.998,4.998,107
2022-03-13 22:56:22,2.8,3.1,133,0.0,0.0,0,0.0,0.0,0,558596.00,0.00,0.00,230,12.96,3.20,0.00,0.7,4.998,4.998,4.998,4.998,218
2022-03-13 22:57:22,4.9,6.3,230,0.0,0.0,0,0.0,0.0,0,558826.00,0.00,0.00,213,12.96,2.96,0.00,1.2,4.998,4.998,4.998,4.998,108
2022-03-13 22:58:22,3.6,6.7,232,0.0,0.0,0,0.0,0.0,0,559058.00,0.00,0.00,227,12.96,3.15,0.00,0.7,4.998,4.998,4.998,4.998,148
2022-03-13 22:59:22,3.5,4.4,183,0.0,0.0,0,0.0,0.0,0,559241.00,0.00,0.00,227,12.96,3.15,0.00,0.7,4.998,4.998,4.998,4.998,110
2022-03-13 23:00:22,3.9,5.3,256,0.0,0.0,0,0.0,0.0,0,559497.00,0.00,0.00,244,12.96,3.39,0.00,1.2,4.998,4.998,4.998,4.998,106
2022-03-13 23:01:22,2.6,3.9,177,0.0,0.0,0,0.0,0.0,0,559674.00,0.00,0.00,244,12.96,3.39,0.00,1.2,4.998,4.998,4.998,4.998,237
2022-03-13 23:02:22,3.0,4.4,180,0.0,0.0,0,0.0,0.0,0,559854.00,0.00,0.00,243,12.96,3.38,0.00,0.7,4.998,4.998,4.998,4.998,230
2022-03-13 23:03:22,3.3,5.0,227,0.0,0.0,0,0.0,0.0,0,560081.00,0.00,0.00,239,12.96,3.32,0.00,0.7,4.998,4.998,4.998,4.998,53
2022-03-13 23:04:22,2.3,3.4,130,0.0,0.0,0,0.0,0.0,0,560211.00,0.00,0.00,239,12.96,3.32,0.00,0.7,4.998,4.998,4.998,4.998,80
2022-03-13 23:05:22,0.0,2.3,45,0.0,0.0,0,0.0,0.0,0,560256.00,0.00,0.00,239,12.96,3.32,0.00,0.7,4.998,4.998,4.998,4.998,130
2022-03-13 23:06:22,1.0,1.7,44,0.0,0.0,0,0.0,0.0,0,560300.00,0.00,0.00,239,12.96,3.32,0.00,0.7,4.998,4.998,4.998,4.998,160
2022-03-13 23:07:22,0.0,0.0,0,0.0,0.0,0,0.0,0.0,0,560300.00,0.00,0.00,239,12.96,3.32,0.00,0.7,4.998,4.998,4.998,4.998,129
2022-03-13 23:08:22,0.0,0.0,0,0.0,0.0,0,0.0,0.0,0,560300.00,0.00,0.00,239,12.96,3.32,0.00,0.2,4.998,4.998,4.998,4.998,129
2022-03-13 23:09:22,0.0,0.0,0,0.0,0.0,0,0.0,0.0,0,560300.00,0.00,0.00,239,12.96,3.32,0.00,0.2,4.998,4.998,4.998,4.998,248
2022-03-13 23:10:22,0.0,0.0,0,0.0,0.0,0,0.0,0.0,0,560300.00,0.00,0.00,239,12.96,3.32,0.00,0.7,4.998,4.998,4.998,4.998,136
2022-03-13 23:11:22,0.0,0.0,0,0.0,0.0,0,0.0,0.0,0,560300.00,0.00,0.00,239,12.96,3.32,0.00,0.2,4.998,4.998,4.998,4.998,133
2022-03-13 23:12:22,0.0,0.0,0,0.0,0.0,0,0.0,0.0,0,560300.00,0.00,0.00,239,12.96,3.32,0.00,0.2,4.998,4.998,4.998,4.998,67
2022-03-13 23:13:22,0.0,0.0,0,0.0,0.0,0,0.0,0.0,0,560300.00,0.00,0.00,239,12.96,3.32,0.00,0.7,4.998,4.998,4.998,4.998,78
2022-03-13 23:14:22,0.0,0.0,0,0.0,0.0,0,0.0,0.0,0,560300.00,0.00,0.00,239,12.96,3.32,0.00,0.2,4.998,4.998,4.998,4.998,32
2022-03-13 23:15:22,0.0,0.0,0,0.0,0.0,0,0.0,0.0,0,560300.00,0.00,0.00,239,12.96,3.32,0.00,0.7,4.998,4.998,4.998,4.998,45
2022-03-13 23:16:22,0.0,0.0,0,0.0,0.0,0,0.0,0.0,0,560300.00,0.00,0.00,239,12.96,3.32,0.00,0.2,4.998,4.998,4.998,4.998,159
2022-03-13 23:17:22,0.0,0.0,0,0.0,0.0,0,0.0,0.0,0,560300.00,0.00,0.00,239,12.96,3.32,0.00,0.2,4.998,4.998,4.998,4.998,230
2022-03-13 23:18:22,0.0,0.0,0,0.0,0.0,0,0.0,0.0,0,560300.00,0.00,0.00,239,12.92,3.32,0.00,0.7,4.998,4.998,4.998,4.998,170
2022-03-13 23:19:22,0.0,0.0,0,0.0,0.0,0,0.0,0.0,0,560300.00,0.00,0.00,239,12.96,3.32,0.00,0.2,4.998,4.998,4.998,4.998,235
2022-03-13 23:20:22,0.0,0.0,0,0.0,0.0,0,0.0,0.0,0,560300.00,0.00,0.00,239,12.96,3.32,0.00,0.2,4.998,4.998,4.998,4.998,101
2022-03-13 23:21:22,0.0,0.0,0,0.0,0.0,0,0.0,0.0,0,560300.00,0.00,0.00,239,12.96,3.32,0.00,0.2,4.998,4.998,4.998,4.998,28
2022-03-13 23:22:22,0.0,0.0,0,0.0,0.0,0,0.0,0.0,0,560300.00,0.00,0.00,239,12.96,3.32,0.00,0.2,4.998,4.998,4.998,4.998,218
2022-03-13 23:23:22,0.0,0.0,0,0.0,0.0,0,0.0,0.0,0,560300.00,0.00,0.00,239,12.96,3.32,0.00,0.2,4.998,4.998,4.998,4.998,163
2022-03-13 23:24:22,0.0,0.0,0,0.0,0.0,0,0.0,0.0,0,560300.00,0.00,0.00,239,12.96,3.32,0.00,0.2,4.998,4.998,4.998,4.998,185
2022-03-13 23:25:22,0.0,0.0,0,0.0,0.0,0,0.0,0.0,0,560300.00,0.00,0.00,239,12.96,3.32,0.00,0.2,4.998,4.998,4.998,4.998,192
2022-03-13 23:26:22,0.0,0.0,0,0.0,0.0,0,0.0,0.0,0,560300.00,0.00,0.00,239,12.92,3.32,0.00,0.2,4.998,4.998,4.998,4.998,74
2022-03-13 23:27:22,0.0,0.0,0,0.0,0.0,0,0.0,0.0,0,560300.00,0.00,0.00,239,12.96,3.32,0.00,-0.2,4.998,4.998,4.998,4.998,7
2022-03-13 23:28:22,0.0,0.0,0,0.0,0.0,0,0.0,0.0,0,560300.00,0.00,0.00,239,12.92,3.32,0.00,0.2,4.998,4.998,4.998,4.998,71
2022-03-13 23:29:22,0.0,0.0,0,0.0,0.0,0,0.0,0.0,0,560300.00,0.00,0.00,239,12.92,3.32,0.00,0.2,4.998,4.998,4.998,4.998,62
2022-03-13 23:30:22,0.0,0.0,0,0.0,0.0,0,0.0,0.0,0,560300.00,0.00,0.00,239,12.92,3.32,0.00,0.2,4.998,4.998,4.998,4.998,58
2022-03-13 23:31:22,0.0,0.0,0,0.0,0.0,0,0.0,0.0,0,560300.00,0.00,0.00,239,12.96,3.32,0.00,0.2,4.998,4.998,4.998,4.998,15
2022-03-13 23:32:22,0.0,0.0,0,0.0,0.0,0,0.0,0.0,0,560300.00,0.00,0.00,239,12.96,3.32,0.00,-0.2,4.998,4.998,4.998,4.998,142
2022-03-13 23:33:22,0.0,0.0,0,0.0,0.0,0,0.0,0.0,0,560300.00,0.00,0.00,239,12.96,3.32,0.00,0.2,4.998,4.998,4.998,4.998,176
2022-03-13 23:34:22,0.0,0.0,0,0.0,0.0,0,0.0,0.0,0,560300.00,0.00,0.00,239,12.92,3.32,0.00,-0.2,4.998,4.998,4.998,4.998,52
2022-03-13 23:35:22,0.0,0.0,0,0.0,0.0,0,0.0,0.0,0,560300.00,0.00,0.00,239,12.96,3.32,0.00,0.2,4.998,4.998,4.998,4.998,211
2022-03-13 23:36:22,0.0,0.0,0,0.0,0.0,0,0.0,0.0,0,560300.00,0.00,0.00,239,12.92,3.32,0.00,-0.2,4.998,4.998,4.998,4.998,190
2022-03-13 23:37:22,0.0,0.0,0,0.0,0.0,0,0.0,0.0,0,560300.00,0.00,0.00,239,12.92,3.32,0.00,0.2,4.998,4.998,4.998,4.998,32
2022-03-13 23:38:22,0.0,0.0,0,0.0,0.0,0,0.0,0.0,0,560300.00,0.00,0.00,239,12.92,3.32,0.00,0.2,4.998,4.998,4.998,4.998,84
2022-03-13 23:39:22,0.0,0.0,0,0.0,0.0,0,0.0,0.0,0,560300.00,0.00,0.00,239,12.92,3.32,0.00,-0.2,4.998,4.998,4.998,4.998,195
2022-03-13 23:40:22,0.0,0.0,0,0.0,0.0,0,0.0,0.0,0,560300.00,0.00,0.00,239,12.96,3.32,0.00,0.2,4.998,4.998,4.998,4.998,170
2022-03-13 23:41:22,0.0,0.0,0,0.0,0.0,0,0.0,0.0,0,560300.00,0.00,0.00,239,12.96,3.32,0.00,0.2,4.998,4.998,4.998,4.998,211
2022-03-13 23:42:22,0.0,0.0,0,0.0,0.0,0,0.0,0.0,0,560300.00,0.00,0.00,239,12.92,3.32,0.00,0.2,4.998,4.998,4.998,4.998,89
2022-03-13 23:43:22,0.0,0.0,0,0.0,0.0,0,0.0,0.0,0,560300.00,0.00,0.00,239,12.92,3.32,0.00,0.2,4.998,4.998,4.998,4.998,32
2022-03-13 23:44:22,0.0,0.0,0,0.0,0.0,0,0.0,0.0,0,560300.00,0.00,0.00,239,12.96,3.32,0.00,0.2,4.998,4.998,4.998,4.998,118
2022-03-13 23:45:22,0.0,0.0,0,0.0,0.0,0,0.0,0.0,0,560300.00,0.00,0.00,239,12.92,3.32,0.00,0.2,4.998,4.998,4.998,4.998,67
2022-03-13 23:46:22,0.0,0.0,0,0.0,0.0,0,0.0,0.0,0,560300.00,0.00,0.00,239,12.92,3.32,0.00,0.2,4.998,4.998,4.998,4.998,133
2022-03-13 23:47:22,0.0,0.0,0,0.0,0.0,0,0.0,0.0,0,560300.00,0.00,0.00,239,12.96,3.32,0.00,-0.2,4.998,4.998,4.998,4.998,157
2022-03-13 23:48:22,0.0,0.0,0,0.0,0.0,0,0.0,0.0,0,560300.00,0.00,0.00,239,12.92,3.32,0.00,-0.2,4.998,4.998,4.998,4.998,149
2022-03-13 23:49:22,0.0,0.0,0,0.0,0.0,0,0.0,0.0,0,560300.00,0.00,0.00,239,12.92,3.32,0.00,0.2,4.998,4.998,4.998,4.998,241
2022-03-13 23:50:22,0.0,0.0,0,0.0,0.0,0,0.0,0.0,0,560300.00,0.00,0.00,239,12.92,3.32,0.00,0.2,4.998,4.998,4.998,4.998,245
2022-03-13 23:51:22,0.0,0.0,0,0.0,0.0,0,0.0,0.0,0,560300.00,0.00,0.00,239,12.96,3.32,0.00,-0.2,4.998,4.998,4.998,4.998,141
2022-03-13 23:52:22,0.0,0.0,0,0.0,0.0,0,0.0,0.0,0,560300.00,0.00,0.00,239,12.92,3.32,0.00,-0.2,4.998,4.998,4.998,4.998,97
2022-03-13 23:53:22,0.0,0.0,0,0.0,0.0,0,0.0,0.0,0,560300.00,0.00,0.00,239,12.96,3.32,0.00,0.2,4.998,4.998,4.998,4.998,127
2022-03-13 23:54:22,0.0,0.0,0,0.0,0.0,0,0.0,0.0,0,560300.00,0.00,0.00,239,12.92,3.32,0.00,-0.2,4.998,4.998,4.998,4.998,174
2022-03-13 23:55:22,0.0,0.0,0,0.0,0.0,0,0.0,0.0,0,560300.00,0.00,0.00,239,12.96,3.32,0.00,-0.2,4.998,4.998,4.998,4.998,200
2022-03-13 23:56:22,0.0,0.0,0,0.0,0.0,0,0.0,0.0,0,560300.00,0.00,0.00,239,12.96,3.32,0.00,0.2,4.998,4.998,4.998,4.998,218
2022-03-13 23:57:22,0.0,0.0,0,0.0,0.0,0,0.0,0.0,0,560300.00,0.00,0.00,239,12.92,3.32,0.00,0.2,4.998,4.998,4.998,4.998,239
2022-03-13 23:58:22,0.0,0.0,0,0.0,0.0,0,0.0,0.0,0,560300.00,0.00,0.00,239,12.92,3.32,0.00,0.2,4.998,4.998,4.998,4.998,155
2022-03-13 23:59:22,0.0,0.0,0,0.0,0.0,0,0.0,0.0,0,560300.00,0.00,0.00,239,12.92,3.32,0.00,0.2,4.998,4.998,4.998,4.998,226
