2022-01-31 00:00:22,0.0,0.0,0,0.0,0.0,0,0.0,0.0,0,0.00,0.00,0.00,330,12.89,4.58,0.00,-15.8,4.998,4.998,4.998,4.998,242
2022-01-31 00:01:22,0.0,0.0,0,0.0,0.0,0,0.0,0.0,0,0.00,0.00,0.00,330,12.89,4.58,0.00,-15.8,4.998,4.998,4.998,4.998,175
2022-01-31 00:02:22,0.0,0.0,0,0.0,0.0,0,0.0,0.0,0,0.00,0.00,0.00,330,12.89,4.58,0.00,-15.3,4.998,4.998,4.998,4.998,94
2022-01-31 00:03:22,0.0,0.0,0,0.0,0.0,0,0.0,0.0,0,0.00,0.00,0.00,330,12.89,4.58,0.00,-15.3,4.998,4.998,4.998,4.998,3
2022-01-31 00:04:22,0.0,0.0,0,0.0,0.0,0,0.0,0.0,0,0.00,0.00,0.00,330,12.85,4.58,0.00,-15.8,4.998,4.998,4.998,4.998,209
2022-01-31 00:05:22,0.0,0.0,0,0.0,0.0,0,0.0,0.0,0,0.00,0.00,0.00,330,12.85,4.58,0.00,-15.8,4.998,4.998,4.998,4.998,140
2022-01-31 00:06:22,0.0,0.0,0,0.0,0.0,0,0.0,0.0,0,0.00,0.00,0.00,330,12.85,4.58,0.00,-15.8,4.998,4.998,4.998,4.998,124
2022-01-31 00:07:22,0.0,0.0,0,0.0,0.0,0,0.0,0.0,0,0.00,0.00,0.00,330,12.89,4.58,0.00,-15.8,4.998,4.998,4.998,4.998,215
2022-01-31 00:08:22,0.0,0.0,0,0.0,0.0,0,0.0,0.0,0,0.00,0.00,0.00,330,12.89,4.58,0.00,-15.3,4.998,4.998,4.998,4.998,26
2022-01-31 00:09:22,0.0,0.0,0,0.0,0.0,0,0.0,0.0,0,0.00,0.00,0.00,330,12.85,4.58,0.00,-15.3,4.998,4.998,4.998,4.998,177
2022-01-31 00:10:22,0.0,0.0,0,0.0,0.0,0,0.0,0.0,0,0.00,0.00,0.00,330,12.85,4.58,0.00,-15.3,4.998,4.998,4.998,4.998,26
2022-01-31 00:11:22,0.0,0.0,0,0.0,0.0,0,0.0,0.0,0,0.00,0.00,0.00,329,12.89,4.58,0.00,-15.3,4.998,4.998,4.998,4.998,16
2022-01-31 00:12:22,0.0,0.0,0,0.0,0.0,0,0.0,0.0,0,0.00,0.00,0.00,330,12.85,4.58,0.00,-15.3,4.998,4.998,4.998,4.998,183
2022-01-31 00:13:22,0.0,0.0,0,0.0,0.0,0,0.0,0.0,0,0.00,0.00,0.00,330,12.85,4.58,0.00,-15.3,4.998,4.998,4.998,4.998,234
2022-01-31 00:14:22,0.0,0.0,0,0.0,0.0,0,0.0,0.0,0,0.00,0.00,0.00,330,12.85,4.58,0.00,-15.8,4.998,4.998,4.998,4.998,206
2022-01-31 00:15:22,0.0,0.0,0,0.0,0.0,0,0.0,0.0,0,0.00,0.00,0.00,330,12.89,4.58,0.00,-15.3,4.998,4.998,4.998,4.998,100
2022-01-31 00:16:22,0.0,0.0,0,0.0,0.0,0,0.0,0.0,0,0.00,0.00,0.00,330,12.89,4.58,0.00,-15.8,4.998,4.998,4.998,4.998,149
2022-01-31 00:17:22,0.0,0.0,0,0.0,0.0,0,0.0,0.0,0,0.00,0.00,0.00,330,12.89,4.58,0.00,-15.8,4.998,4.998,4.998,4.998,200
2022-01-31 00:18:22,0.0,0.0,0,0.0,0.0,0,0.0,0.0,0,0.00,0.00,0.00,330,12.85,4.58,0.00,-15.8,4.998,4.998,4.998,4.998,242
2022-01-31 00:19:22,0.0,0.0,0,0.0,0.0,0,0.0,0.0,0,0.00,0.00,0.00,330,12.89,4.58,0.00,-15.8,4.998,4.998,4.998,4.998,89
2022-01-31 00:20:22,0.0,0.0,0,0.0,0.0,0,0.0,0.0,0,0.00,0.00,0.00,330,12.85,4.58,0.00,-15.8,4.998,4.998,4.998,4.998,136
2022-01-31 00:21:22,0.0,0.0,0,0.0,0.0,0,0.0,0.0,0,0.00,0.00,0.00,330,12.85,4.58,0.00,-15.8,4.998,4.998,4.998,4.998,213
2022-01-31 00:22:22,0.0,0.0,0,0.0,0.0,0,0.0,0.0,0,0.00,0.00,0.00,330,12.85,4.58,0.00,-15.8,4.998,4.998,4.998,4.998,37
2022-01-31 00:23:22,0.0,0.0,0,0.0,0.0,0,0.0,0.0,0,0.00,0.00,0.00,330,12.85,4.58,0.00,-15.8,4.998,4.998,4.998,4.998,120
2022-01-31 00:24:22,0.0,0.0,0,0.0,0.0,0,0.0,0.0,0,0.00,0.00,0.00,329,12.85,4.58,0.00,-16.3,4.998,4.998,4.998,4.998,84
2022-01-31 00:25:22,0.0,0.0,0,0.0,0.0,0,0.0,0.0,0,0.00,0.00,0.00,330,12.85,4.58,0.00,-15.8,4.998,4.998,4.998,4.998,0
2022-01-31 00:26:22,0.0,0.0,0,0.0,0.0,0,0.0,0.0,0,0.00,0.00,0.00,330,12.85,4.58,0.00,-16.3,4.998,4.998,4.998,4.998,88
2022-01-31 00:27:22,0.0,0.0,0,0.0,0.0,0,0.0,0.0,0,0.00,0.00,0.00,330,12.85,4.58,0.00,-16.3,4.998,4.998,4.998,4.998,5
2022-01-31 00:28:22,0.0,0.0,0,0.0,0.0,0,0.0,0.0,0,0.00,0.00,0.00,330,12.85,4.58,0.00,-16.3,4.998,4.998,4.998,4.998,201
2022-01-31 00:29:22,0.0,0.0,0,0.0,0.0,0,0.0,0.0,0,0.00,0.00,0.00,330,12.85,4.58,0.00,-16.3,4.998,4.998,4.998,4.998,148
2022-01-31 00:30:22,0.0,0.0,0,0.0,0.0,0,0.0,0.0,0,0.00,0.00,0.00,330,12.89,4.58,0.00,-16.3,4.998,4.998,4.998,4.998,201
2022-01-31 00:31:22,0.0,0.0,0,0.0,0.0,0,0.0,0.0,0,0.00,0.00,0.00,330,12.85,4.58,0.00,-15.8,4.998,4.998,4.998,4.998,202
2022-01-31 00:32:22,0.0,0.0,0,0.0,0.0,0,0.0,0.0,0,0.00,0.00,0.00,330,12.85,4.58,0.00,-15.8,4.998,4.998,4.998,4.998,58
2022-01-31 00:33:22,0.0,0.0,0,0.0,0.0,0,0.0,0.0,0,0.00,0.00,0.00,330,12.89,4.58,0.00,-15.8,4.998,4.998,4.998,4.998,145
2022-01-31 00:34:22,0.0,0.0,0,0.0,0.0,0,0.0,0.0,0,0.00,0.00,0.00,330,12.85,4.58,0.00,-15.8,4.998,4.998,4.998,4.998,66
2022-01-31 00:35:22,0.0,0.0,0,0.0,0.0,0,0.0,0.0,0,0.00,0.00,0.00,330,12.85,4.58,0.00,-15.8,4.998,4.998,4.998,4.998,31
2022-01-31 00:36:22,0.0,0.0,0,0.0,0.0,0,0.0,0.0,0,0.00,0.00,0.00,330,12.85,4.58,0.00,-15.8,4.998,4.998,4.998,4.998,239
2022-01-31 00:37:22,0.0,0.0,0,0.0,0.0,0,0.0,0.0,0,0.00,0.00,0.00,330,12.85,4.58,0.00,-16.3,4.998,4.998,4.998,4.998,26
2022-01-31 00:38:22,0.0,0.0,0,0.0,0.0,0,0.0,0.0,0,0.00,0.00,0.00,330,12.85,4.58,0.00,-16.3,4.998,4.998,4.998,4.998,214
2022-01-31 00:39:22,0.0,0.0,0,0.0,0.0,0,0.0,0.0,0,0.00,0.00,0.00,329,12.85,4.58,0.00,-16.3,4.998,4.998,4.998,4.998,42
2022-01-31 00:40:22,0.0,0.0,0,0.0,0.0,0,0.0,0.0,0,0.00,0.00,0.00,330,12.85,4.58,0.00,-16.8,4.998,4.998,4.998,4.998,235
2022-01-31 00:41:22,0.0,0.0,0,0.0,0.0,0,0.0,0.0,0,0.00,0.00,0.00,330,12.85,4.58,0.00,-16.8,4.998,4.998,4.998,4.998,182
2022-01-31 00:42:22,0.0,0.0,0,0.0,0.0,0,0.0,0.0,0,0.00,0.00,0.00,330,12.85,4.58,0.00,-16.8,4.998,4.998,4.998,4.998,70
2022-01-31 00:43:22,0.0,0.0,0,0.0,0.0,0,0.0,0.0,0,0.00,0.00,0.00,330,12.85,4.58,0.00,-17.2,4.998,4.998,4.998,4.998,239
2022-01-31 00:44:22,0.0,0.0,0,0.0,0.0,0,0.0,0.0,0,0.00,0.00,0.00,330,12.85,4.58,0.00,-17.2,4.998,4.998,4.998,4.998,202
2022-01-31 00:45:22,0.0,0.0,0,0.0,0.0,0,0.0,0.0,0,0.00,0.00,0.00,330,12.85,4.58,0.00,-17.2,4.998,4.998,4.998,4.998,151
2022-01-31 00:46:22,0.0,0.0,0,0.0,0.0,0,0.0,0.0,0,0.00,0.00,0.00,330,12.85,4.58,0.00,-16.8,4.998,4.998,4.998,4.998,147
2022-01-31 00:47:22,0.0,0.0,0,0.0,0.0,0,0.0,0.0,0,0.00,0.00,0.00,330,12.85,4.58,0.00,-17.2,4.998,4.998,4.998,4.998,58
2022-01-31 00:48:22,0.0,0.0,0,0.0,0.0,0,0.0,0.0,0,0.00,0.00,0.00,330,12.85,4.58,0.00,-16.8,4.998,4.998,4.998,4.998,2
2022-01-31 00:49:22,0.0,0.0,0,0.0,0.0,0,0.0,0.0,0,0.00,0.00,0.00,330,12.85,4.58,0.00,-16.8,4.998,4.998,4.998,4.998,95
2022-01-31 00:50:22,0.0,0.0,0,0.0,0.0,0,0.0,0.0,0,0.00,0.00,0.00,330,12.85,4.58,0.00,-17.2,4.998,4.998,4.998,4.998,0
2022-01-31 00:51:22,0.0,0.0,0,0.0,0.0,0,0.0,0.0,0,0.00,0.00,0.00,330,12.85,4.58,0.00,-17.2,4.998,4.998,4.998,4.998,93
2022-01-31 00:52:22,0.0,0.0,0,0.0,0.0,0,0.0,0.0,0,0.00,0.00,0.00,330,12.85,4.58,0.00,-16.8,4.998,4.998,4.998,4.998,89
2022-01-31 00:53:22,0.0,0.0,0,0.0,0.0,0,0.0,0.0,0,0.00,0.00,0.00,330,12.85,4.58,0.00,-16.8,4.998,4.998,4.998,4.998,4
2022-01-31 00:54:22,0.0,0.0,0,0.0,0.0,0,0.0,0.0,0,0.00,0.00,0.00,330,12.85,4.58,0.00,-16.8,4.998,4.998,4.998,4.998,33
2022-01-31 00:55:22,0.0,0.0,0,0.0,0.0,0,0.0,0.0,0,0.00,0.00,0.00,330,12.85,4.58,0.00,-16.8,4.998,4.998,4.998,4.998,124
2022-01-31 00:56:22,0.0,0.0,0,0.0,0.0,0,0.0,0.0,0,0.00,0.00,0.00,330,12.85,4.58,0.00,-16.8,4.998,4.998,4.998,4.998,140
2022-01-31 00:57:22,0.0,0.0,0,0.0,0.0,0,0.0,0.0,0,0.00,0.00,0.00,330,12.85,4.58,0.00,-16.8,4.998,4.998,4.998,4.998,209
2022-01-31 00:58:22,0.0,0.0,0,0.0,0.0,0,0.0,0.0,0,0.00,0.00,0.00,330,12.85,4.58,0.00,-17.2,4.998,4.998,4.998,4.998,233
2022-01-31 00:59:22,0.0,0.0,0,0.0,0.0,0,0.0,0.0,0,0.00,0.00,0.00,330,12.85,4.58,0.00,-16.8,4.998,4.998,4.998,4.998,64
2022-01-31 01:00:22,0.0,0.0,0,0.0,0.0,0,0.0,0.0,0,0.00,0.00,0.00,330,12.85,4.58,0.00,-17.2,4.998,4.998,4.998,4.998,32
2022-01-31 01:01:22,0.0,0.0,0,0.0,0.0,0,0.0,0.0,0,0.00,0.00,0.00,329,12.85,4.58,0.00,-16.8,4.998,4.998,4.998,4.998,40
2022-01-31 01:02:22,0.0,0.0,0,0.0,0.0,0,0.0,0.0,0,0.00,0.00,0.00,330,12.85,4.58,0.00,-17.2,4.998,4.998,4.998,4.998,141
2022-01-31 01:03:22,0.0,0.0,0,0.0,0.0,0,0.0,0.0,0,0.00,0.00,0.00,329,12.85,4.58,0.00,-17.2,4.998,4.998,4.998,4.998,113
2022-01-31 01:04:22,0.0,0.0,0,0.0,0.0,0,0.0,0.0,0,0.00,0.00,0.00,330,12.85,4.58,0.00,-17.2,4.998,4.998,4.998,4.998,245
2022-01-31 01:05:22,0.0,0.0,0,0.0,0.0,0,0.0,0.0,0,0.00,0.00,0.00,330,12.85,4.58,0.00,-17.2,4.998,4.998,4.998,4.998,168
2022-01-31 01:06:22,0.0,0.0,0,0.0,0.0,0,0.0,0.0,0,0.00,0.00,0.00,329,12.85,4.58,0.00,-17.2,4.998,4.998,4.998,4.998,249
2022-01-31 01:07:22,0.0,0.0,0,0.0,0.0,0,0.0,0.0,0,0.00,0.00,0.00,330,12.85,4.58,0.00,-16.8,4.998,4.998,4.998,4.998,241
2022-01-31 01:08:22,0.0,0.0,0,0.0,0.0,0,0.0,0.0,0,0.00,0.00,0.00,330,12.81,4.58,0.00,-17.2,4.998,4.998,4.998,4.998,109
2022-01-31 01:09:22,0.0,0.0,0,0.0,0.0,0,0.0,0.0,0,0.00,0.00,0.00,330,12.85,4.58,0.00,-17.2,4.998,4.998,4.998,4.998,148
2022-01-31 01:10:22,0.0,0.0,0,0.0,0.0,0,0.0,0.0,0,0.00,0.00,0.00,330,12.81,4.58,0.00,-17.7,4.998,4.998,4.998,4.998,239
2022-01-31 01:11:22,0.0,0.0,0,0.0,0.0,0,0.0,0.0,0,0.00,0.00,0.00,330,12.81,4.58,0.00,-17.7,4.998,4.998,4.998,4.998,178
2022-01-31 01:12:22,0.0,0.0,0,0.0,0.0,0,0.0,0.0,0,0.00,0.00,0.00,330,12.81,4.58,0.00,-17.2,4.998,4.998,4.998,4.998,54
2022-01-31 01:13:22,0.0,0.0,0,0.0,0.0,0,0.0,0.0,0,0.00,0.00,0.00,330,12.85,4.58,0.00,-17.2,4.998,4.998,4.998,4.998,207
2022-01-31 01:14:22,0.0,0.0,0,0.0,0.0,0,0.0,0.0,0,0.00,0.00,0.00,330,12.81,4.58,0.00,-17.2,4.998,4.998,4.998,4.998,78
2022-01-31 01:15:22,0.0,0.0,0,0.0,0.0,0,0.0,0.0,0,0.00,0.00,0.00,330,12.81,4.58,0.00,-17.2,4.998,4.998,4.998,4.998,19
2022-01-31 01:16:22,0.0,0.0,0,0.0,0.0,0,0.0,0.0,0,0.00,0.00,0.00,330,12.85,4.58,0.00,-17.2,4.998,4.998,4.998,4.998,71
2022-01-31 01:17:22,0.0,0.0,0,0.0,0.0,0,0.0,0.0,0,0.00,0.00,0.00,329,12.85,4.58,0.00,-17.7,4.998,4.998,4.998,4.998,207
2022-01-31 01:18:22,0.0,0.0,0,0.0,0.0,0,0.0,0.0,0,0.00,0.00,0.00,330,12.85,4.58,0.00,-17.7,4.998,4.998,4.998,4.998,162
2022-01-31 01:19:22,0.0,0.0,0,0.0,0.0,0,0.0,0.0,0,0.00,0.00,0.00,330,12.81,4.58,0.00,-17.7,4.998,4.998,4.998,4.998,91
2022-01-31 01:20:22,0.0,0.0,0,0.0,0.0,0,0.0,0.0,0,0.00,0.00,0.00,330,12.85,4.58,0.00,-17.7,4.998,4.998,4.998,4.998,216
2022-01-31 01:21:22,0.0,0.0,0,0.0,0.0,0,0.0,0.0,0,0.00,0.00,0.00,330,12.81,4.58,0.00,-17.7,4.998,4.998,4.998,4.998,33
2022-01-31 01:22:22,0.0,0.0,0,0.0,0.0,0,0.0,0.0,0,0.00,0.00,0.00,330,12.81,4.58,0.00,-17.2,4.998,4.998,4.998,4.998,165
2022-01-31 01:23:22,0.0,0.0,0,0.0,0.0,0,0.0,0.0,0,0.00,0.00,0.00,330,12.85,4.58,0.00,-17.2,4.998,4.998,4.998,4.998,92
2022-01-31 01:24:22,0.0,0.0,0,0.0,0.0,0,0.0,0.0,0,0.00,0.00,0.00,330,12.81,4.58,0.00,-17.2,4.998,4.998,4.998,4.998,221
2022-01-31 01:25:22,0.0,0.0,0,0.0,0.0,0,0.0,0.0,0,0.00,0.00,0.00,330,12.81,4.58,0.00,-17.7,4.998,4.998,4.998,4.998,244
2022-01-31 01:26:22,0.0,0.0,0,0.0,0.0,0,0.0,0.0,0,0.00,0.00,0.00,330,12.85,4.58,0.00,-18.2,4.998,4.998,4.998,4.998,149
2022-01-31 01:27:22,0.0,0.0,0,0.0,0.0,0,0.0,0.0,0,0.00,0.00,0.00,330,12.81,4.58,0.00,-17.7,4.998,4.998,4.998,4.998,89
2022-01-31 01:28:22,0.0,0.0,0,0.0,0.0,0,0.0,0.0,0,0.00,0.00,0.00,329,12.81,4.58,0.00,-18.2,4.998,4.998,4.998,4.998,1
2022-01-31 01:29:22,0.0,0.0,0,0.0,0.0,0,0.0,0.0,0,0.00,0.00,0.00,329,12.81,4.58,0.00,-18.2,4.998,4.998,4.998,4.998,92
2022-01-31 01:30:22,0.0,0.0,0,0.0,0.0,0,0.0,0.0,0,0.00,0.00,0.00,330,12.81,4.58,0.00,-18.2,4.998,4.998,4.998,4.998,86
2022-01-31 01:31:22,0.0,0.0,0,0.0,0.0,0,0.0,0.0,0,0.00,0.00,0.00,330,12.81,4.58,0.00,-18.2,4.998,4.998,4.998,4.998,11
2022-01-31 01:32:22,0.0,0.0,0,0.0,0.0,0,0.0,0.0,0,0.00,0.00,0.00,329,12.81,4.58,0.00,-18.2,4.998,4.998,4.998,4.998,90
2022-01-31 01:33:22,0.0,0.0,0,0.0,0.0,0,0.0,0.0,0,0.00,0.00,0.00,330,12.81,4.58,0.00,-18.2,4.998,4.998,4.998,4.998,166
2022-01-31 01:34:22,0.0,0.0,0,0.0,0.0,0,0.0,0.0,0,0.00,0.00,0.00,330,12.81,4.58,0.00,-18.2,4.998,4.998,4.998,4.998,131
2022-01-31 01:35:22,0.0,0.0,0,0.0,0.0,0,0.0,0.0,0,0.00,0.00,0.00,329,12.81,4.58,0.00,-17.7,4.998,4.998,4.998,4.998,74
2022-01-31 01:36:22,0.0,0.0,0,0.0,0.0,0,0.0,0.0,0,0.00,0.00,0.00,330,12.81,4.58,0.00,-17.7,4.998,4.998,4.998,4.998,27
2022-01-31 01:37:22,0.0,0.0,0,0.0,0.0,0,0.0,0.0,0,0.00,0.00,0.00,330,12.81,4.58,0.00,-17.7,4.998,4.998,4.998,4.998,70
2022-01-31 01:38:22,0.0,0.0,0,0.0,0.0,0,0.0,0.0,0,0.00,0.00,0.00,330,12.81,4.58,0.00,-17.7,4.998,4.998,4.998,4.998,138
2022-01-31 01:39:22,0.0,0.0,0,0.0,0.0,0,0.0,0.0,0,0.00,0.00,0.00,330,12.81,4.58,0.00,-17.7,4.998,4.998,4.998,4.998,215
2022-01-31 01:40:22,0.0,0.0,0,0.0,0.0,0,0.0,0.0,0,0.00,0.00,0.00,330,12.81,4.58,0.00,-17.7,4.998,4.998,4.998,4.998,182
2022-01-31 01:41:22,0.0,0.0,0,0.0,0.0,0,0.0,0.0,0,0.00,0.00,0.00,330,12.81,4.58,0.00,-17.7,4.998,4.998,4.998,4.998,235
2022-01-31 01:42:22,0.0,0.0,0,0.0,0.0,0,0.0,0.0,0,0.00,0.00,0.00,330,12.81,4.58,0.00,-17.7,4.998,4.998,4.998,4.998,27
2022-01-31 01:43:22,0.0,0.0,0,0.0,0.0,0,0.0,0.0,0,0.00,0.00,0.00,330,12.81,4.58,0.00,-17.7,4.998,4.998,4.998,4.998,70
2022-01-31 01:44:22,0.0,0.0,0,0.0,0.0,0,0.0,0.0,0,0.00,0.00,0.00,330,12.81,4.58,0.00,-17.7,4.998,4.998,4.998,4.998,99
2022-01-31 01:45:22,0.0,0.0,0,0.0,0.0,0,0.0,0.0,0,0.00,0.00,0.00,330,12.81,4.58,0.00,-17.7,4.998,4.998,4.998,4.998,62
2022-01-31 01:46:22,0.0,0.0,0,0.0,0.0,0,0.0,0.0,0,0.00,0.00,0.00,330,12.81,4.58,0.00,-17.2,4.998,4.998,4.998,4.998,186
2022-01-31 01:47:22,0.0,0.0,0,0.0,0.0,0,0.0,0.0,0,0.00,0.00,0.00,330,12.81,4.58,0.00,-17.7,4.998,4.998,4.998,4.998,147
2022-01-31 01:48:22,0.0,0.0,0,0.0,0.0,0,0.0,0.0,0,0.00,0.00,0.00,329,12.81,4.58,0.00,-17.7,4.998,4.998,4.998,4.998,254
2022-01-31 01:49:22,0.0,0.0,0,0.0,0.0,0,0.0,0.0,0,0.00,0.00,0.00,330,12.81,4.58,0.00,-17.7,4.998,4.998,4.998,4.998,2
2022-01-31 01:50:22,0.0,0.0,0,0.0,0.0,0,0.0,0.0,0,0.00,0.00,0.00,330,12.81,4.58,0.00,-18.2,4.998,4.998,4.998,4.998,156
2022-01-31 01:51:22,0.0,0.0,0,0.0,0.0,0,0.0,0.0,0,0.00,0.00,0.00,330,12.81,4.58,0.00,-18.7,4.998,4.998,4.998,4.998,181
2022-01-31 01:52:22,0.0,0.0,0,0.0,0.0,0,0.0,0.0,0,0.00,0.00,0.00,330,12.81,4.58,0.00,-18.2,4.998,4.998,4.998,4.998,49
2022-01-31 01:53:22,0.0,0.0,0,0.0,0.0,0,0.0,0.0,0,0.00,0.00,0.00,330,12.81,4.58,0.00,-17.7,4.998,4.998,4.998,4.998,89
2022-01-31 01:54:22,0.0,0.0,0,0.0,0.0,0,0.0,0.0,0,0.00,0.00,0.00,330,12.81,4.58,0.00,-18.2,4.998,4.998,4.998,4.998,73
2022-01-31 01:55:22,0.0,0.0,0,0.0,0.0,0,0.0,0.0,0,0.00,0.00,0.00,330,12.81,4.58,0.00,-17.7,4.998,4.998,4.998,4.998,33
2022-01-31 01:56:22,0.0,0.0,0,0.0,0.0,0,0.0,0.0,0,0.00,0.00,0.00,330,12.81,4.58,0.00,-18.2,4.998,4.998,4.998,4.998,228
2022-01-31 01:57:22,0.0,0.0,0,0.0,0.0,0,0.0,0.0,0,0.00,0.00,0.00,330,12.81,4.58,0.00,-17.7,4.998,4.998,4.998,4.998,140
2022-01-31 01:58:22,0.0,0.0,0,0.0,0.0,0,0.0,0.0,0,0.00,0.00,0.00,330,12.81,4.58,0.00,-18.2,4.998,4.998,4.998,4.998,117
2022-01-31 01:59:22,0.0,0.0,0,0.0,0.0,0,0.0,0.0,0,0.00,0.00,0.00,329,12.81,4.58,0.00,-18.7,4.998,4.998,4.998,4.998,253
2022-01-31 02:00:22,0.0,0.0,0,0.0,0.0,0,0.0,0.0,0,0.00,0.00,0.00,330,12.81,4.58,0.00,-18.2,4.998,4.998,4.998,4.998,3
2022-01-31 02:01:22,0.0,0.0,0,0.0,0.0,0,0.0,0.0,0,0.00,0.00,0.00,330,12.81,4.58,0.00,-18.7,4.998,4.998,4.998,4.998,42
2022-01-31 02:02:22,0.0,0.0,0,0.0,0.0,0,0.0,0.0,0,0.00,0.00,0.00,329,12.81,4.58,0.00,-18.2,4.998,4.998,4.998,4.998,15
2022-01-31 02:03:22,0.0,0.0,0,0.0,0.0,0,0.0,0.0,0,0.00,0.00,0.00,330,12.81,4.58,0.00,-18.2,4.998,4.998,4.998,4.998,243
2022-01-31 02:04:22,0.0,0.0,0,0.0,0.0,0,0.0,0.0,0,0.00,0.00,0.00,330,12.81,4.58,0.00,-18.2,4.998,4.998,4.998,4.998,214
2022-01-31 02:05:22,0.0,0.0,0,0.0,0.0,0,0.0,0.0,0,0.00,0.00,0.00,330,12.81,4.58,0.00,-18.7,4.998,4.998,4.998,4.998,255
2022-01-31 02:06:22,0.0,0.0,0,0.0,0.0,0,0.0,0.0,0,0.00,0.00,0.00,329,12.81,4.58,0.00,-18.7,4.998,4.998,4.998,4.998,174
2022-01-31 02:07:22,0.0,0.0,0,0.0,0.0,0,0.0,0.0,0,0.00,0.00,0.00,330,12.81,4.58,0.00,-18.7,4.998,4.998,4.998,4.998,82
2022-01-31 02:08:22,0.0,0.0,0,0.0,0.0,0,0.0,0.0,0,0.00,0.00,0.00,330,12.81,4.58,0.00,-18.7,4.998,4.998,4.998,4.998,158
2022-01-31 02:09:22,0.0,0.0,0,0.0,0.0,0,0.0,0.0,0,0.00,0.00,0.00,330,12.81,4.58,0.00,-18.7,4.998,4.998,4.998,4.998,195
2022-01-31 02:10:22,0.0,0.0,0,0.0,0.0,0,0.0,0.0,0,0.00,0.00,0.00,329,12.81,4.58,0.00,-18.2,4.998,4.998,4.998,4.998,189
2022-01-31 02:11:22,0.0,0.0,0,0.0,0.0,0,0.0,0.0,0,0.00,0.00,0.00,330,12.81,4.58,0.00,-18.7,4.998,4.998,4.998,4.998,53
2022-01-31 02:12:22,0.0,0.0,0,0.0,0.0,0,0.0,0.0,0,0.00,0.00,0.00,330,12.81,4.58,0.00,-18.2,4.998,4.998,4.998,4.998,177
2022-01-31 02:13:22,0.0,0.0,0,0.0,0.0,0,0.0,0.0,0,0.00,0.00,0.00,330,12.81,4.58,0.00,-18.2,4.998,4.998,4.998,4.998,236
2022-01-31 02:14:22,0.0,0.0,0,0.0,0.0,0,0.0,0.0,0,0.00,0.00,0.00,330,12.81,4.58,0.00,-18.2,4.998,4.998,4.998,4.998,201
2022-01-31 02:15:22,0.0,0.0,0,0.0,0.0,0,0.0,0.0,0,0.00,0.00,0.00,330,12.77,4.58,0.00,-17.7,4.998,4.998,4.998,4.998,42
2022-01-31 02:16:22,0.0,0.0,0,0.0,0.0,0,0.0,0.0,0,0.00,0.00,0.00,329,12.81,4.58,0.00,-18.2,4.998,4.998,4.998,4.998,197
2022-01-31 02:17:22,0.0,0.0,0,0.0,0.0,0,0.0,0.0,0,0.00,0.00,0.00,330,12.81,4.58,0.00,-17.7,4.998,4.998,4.998,4.998,12
2022-01-31 02:18:22,0.0,0.0,0,0.0,0.0,0,0.0,0.0,0,0.00,0.00,0.00,329,12.81,4.58,0.00,-17.7,4.998,4.998,4.998,4.998,97
2022-01-31 02:19:22,0.0,0.0,0,0.0,0.0,0,0.0,0.0,0,0.00,0.00,0.00,330,12.81,4.58,0.00,-18.2,4.998,4.998,4.998,4.998,168
2022-01-31 02:20:22,0.0,0.0,0,0.0,0.0,0,0.0,0.0,0,0.00,0.00,0.00,329,12.81,4.58,0.00,-17.7,4.998,4.998,4.998,4.998,27
2022-01-31 02:21:22,0.0,0.0,0,0.0,0.0,0,0.0,0.0,0,0.00,0.00,0.00,330,12.77,4.58,0.00,-17.7,4.998,4.998,4.998,4.998,108
2022-01-31 02:22:22,0.0,0.0,0,0.0,0.0,0,0.0,0.0,0,0.00,0.00,0.00,330,12.81,4.58,0.00,-17.7,4.998,4.998,4.998,4.998,23
2022-01-31 02:23:22,0.0,0.0,0,0.0,0.0,0,0.0,0.0,0,0.00,0.00,0.00,330,12.77,4.58,0.00,-18.2,4.998,4.998,4.998,4.998,244
2022-01-31 02:24:22,0.0,0.0,0,0.0,0.0,0,0.0,0.0,0,0.00,0.00,0.00,330,12.81,4.58,0.00,-18.2,4.998,4.998,4.998,4.998,90
2022-01-31 02:25:22,0.0,0.0,0,0.0,0.0,0,0.0,0.0,0,0.00,0.00,0.00,329,12.77,4.58,0.00,-17.7,4.998,4.998,4.998,4.998,24
2022-01-31 02:26:22,0.0,0.0,0,0.0,0.0,0,0.0,0.0,0,0.00,0.00,0.00,329,12.77,4.58,0.00,-17.7,4.998,4.998,4.998,4.998,232
2022-01-31 02:27:22,0.0,0.0,0,0.0,0.0,0,0.0,0.0,0,0.00,0.00,0.00,330,12.77,4.58,0.00,-18.2,4.998,4.998,4.998,4.998,33
2022-01-31 02:28:22,0.0,0.0,0,0.0,0.0,0,0.0,0.0,0,0.00,0.00,0.00,330,12.81,4.58,0.00,-19.2,4.998,4.998,4.998,4.998,168
2022-01-31 02:29:22,0.0,0.0,0,0.0,0.0,0,0.0,0.0,0,0.00,0.00,0.00,330,12.77,4.58,0.00,-19.2,4.998,4.998,4.998,4.998,126
2022-01-31 02:30:22,0.0,0.0,0,0.0,0.0,0,0.0,0.0,0,0.00,0.00,0.00,330,12.77,4.58,0.00,-18.7,4.998,4.998,4.998,4.998,111
2022-01-31 02:31:22,0.0,0.0,0,0.0,0.0,0,0.0,0.0,0,0.00,0.00,0.00,330,12.77,4.58,0.00,-18.7,4.998,4.998,4.998,4.998,50
2022-01-31 02:32:22,0.0,0.0,0,0.0,0.0,0,0.0,0.0,0,0.00,0.00,0.00,330,12.77,4.58,0.00,-18.2,4.998,4.998,4.998,4.998,182
2022-01-31 02:33:22,0.0,0.0,0,0.0,0.0,0,0.0,0.0,0,0.00,0.00,0.00,330,12.77,4.58,0.00,-17.7,4.998,4.998,4.998,4.998,222
2022-01-31 02:34:22,0.0,0.0,0,0.0,0.0,0,0.0,0.0,0,0.00,0.00,0.00,329,12.81,4.58,0.00,-17.7,4.998,4.998,4.998,4.998,209
2022-01-31 02:35:22,0.0,0.0,0,0.0,0.0,0,0.0,0.0,0,0.00,0.00,0.00,330,12.77,4.58,0.00,-17.7,4.998,4.998,4.998,4.998,166
2022-01-31 02:36:22,0.0,0.0,0,0.0,0.0,0,0.0,0.0,0,0.00,0.00,0.00,330,12.81,4.58,0.00,-17.7,4.998,4.998,4.998,4.998,221
2022-01-31 02:37:22,0.0,0.0,0,0.0,0.0,0,0.0,0.0,0,0.00,0.00,0.00,330,12.81,4.58,0.00,-17.7,4.998,4.998,4.998,4.998,128
2022-01-31 02:38:22,0.0,0.0,0,0.0,0.0,0,0.0,0.0,0,0.00,0.00,0.00,330,12.77,4.58,0.00,-17.7,4.998,4.998,4.998,4.998,199
2022-01-31 02:39:22,0.0,0.0,0,0.0,0.0,0,0.0,0.0,0,0.00,0.00,0.00,330,12.77,4.58,0.00,-17.7,4.998,4.998,4.998,4.998,154
2022-01-31 02:40:22,0.0,0.0,0,0.0,0.0,0,0.0,0.0,0,0.00,0.00,0.00,330,12.77,4.58,0.00,-18.2,4.998,4.998,4.998,4.998,206
2022-01-31 02:41:22,0.0,0.0,0,0.0,0.0,0,0.0,0.0,0,0.00,0.00,0.00,330,12.77,4.58,0.00,-17.7,4.998,4.998,4.998,4.998,166
2022-01-31 02:42:22,0.0,0.0,0,0.0,0.0,0,0.0,0.0,0,0.00,0.00,0.00,329,12.81,4.58,0.00,-18.2,4.998,4.998,4.998,4.998,73
2022-01-31 02:43:22,0.0,0.0,0,0.0,0.0,0,0.0,0.0,0,0.00,0.00,0.00,330,12.77,4.58,0.00,-17.7,4.998,4.998,4.998,4.998,11
2022-01-31 02:44:22,0.0,0.0,0,0.0,0.0,0,0.0,0.0,0,0.00,0.00,0.00,330,12.81,4.58,0.00,-17.7,4.998,4.998,4.998,4.998,165
2022-01-31 02:45:22,0.0,0.0,0,0.0,0.0,0,0.0,0.0,0,0.00,0.00,0.00,330,12.77,4.58,0.00,-17.7,4.998,4.998,4.998,4.998,115
2022-01-31 02:46:22,0.0,0.0,0,0.0,0.0,0,0.0,0.0,0,0.00,0.00,0.00,330,12.77,4.58,0.00,-17.7,4.998,4.998,4.998,4.998,131
2022-01-31 02:47:22,0.0,0.0,0,0.0,0.0,0,0.0,0.0,0,0.00,0.00,0.00,330,12.77,4.58,0.00,-18.2,4.998,4.998,4.998,4.998,235
2022-01-31 02:48:22,0.0,0.0,0,0.0,0.0,0,0.0,0.0,0,0.00,0.00,0.00,330,12.81,4.58,0.00,-18.7,4.998,4.998,4.998,4.998,216
2022-01-31 02:49:22,0.0,0.0,0,0.0,0.0,0,0.0,0.0,0,0.00,0.00,0.00,330,12.77,4.58,0.00,-18.7,4.998,4.998,4.998,4.998,14
2022-01-31 02:50:22,0.0,0.0,0,0.0,0.0,0,0.0,0.0,0,0.00,0.00,0.00,330,12.77,4.58,0.00,-18.7,4.998,4.998,4.998,4.998,165
2022-01-31 02:51:22,0.0,0.0,0,0.0,0.0,0,0.0,0.0,0,0.00,0.00,0.00,329,12.77,4.58,0.00,-18.7,4.998,4.998,4.998,4.998,89
2022-01-31 02:52:22,0.0,0.0,0,0.0,0.0,0,0.0,0.0,0,0.00,0.00,0.00,329,12.77,4.58,0.00,-18.7,4.998,4.998,4.998,4.998,169
2022-01-31 02:53:22,0.0,0.0,0,0.0,0.0,0,0.0,0.0,0,0.00,0.00,0.00,329,12.77,4.58,0.00,-18.7,4.998,4.998,4.998,4.998,244
2022-01-31 02:54:22,0.0,0.0,0,0.0,0.0,0,0.0,0.0,0,0.00,0.00,0.00,329,12.77,4.58,0.00,-18.7,4.998,4.998,4.998,4.998,209
2022-01-31 02:55:22,0.0,0.0,0,0.0,0.0,0,0.0,0.0,0,0.00,0.00,0.00,330,12.77,4.58,0.00,-18.7,4.998,4.998,4.998,4.998,45
2022-01-31 02:56:22,0.0,0.0,0,0.0,0.0,0,0.0,0.0,0,0.00,0.00,0.00,329,12.77,4.58,0.00,-19.2,4.998,4.998,4.998,4.998,198
2022-01-31 02:57:22,0.0,0.0,0,0.0,0.0,0,0.0,0.0,0,0.00,0.00,0.00,329,12.77,4.58,0.00,-18.7,4.998,4.998,4.998,4.998,33
2022-01-31 02:58:22,0.0,0.0,0,0.0,0.0,0,0.0,0.0,0,0.00,0.00,0.00,330,12.77,4.58,0.00,-18.7,4.998,4.998,4.998,4.998,76
2022-01-31 02:59:22,0.0,0.0,0,0.0,0.0,0,0.0,0.0,0,0.00,0.00,0.00,330,12.77,4.58,0.00,-19.2,4.998,4.998,4.998,4.998,171
2022-01-31 03:00:22,0.0,0.0,0,0.0,0.0,0,0.0,0.0,0,0.00,0.00,0.00,330,12.77,4.58,0.00,-18.7,4.998,4.998,4.998,4.998,133
2022-01-31 03:01:22,0.0,0.0,0,0.0,0.0,0,0.0,0.0,0,0.00,0.00,0.00,330,12.77,4.58,0.00,-18.7,4.998,4.998,4.998,4.998,216
2022-01-31 03:02:22,0.0,0.0,0,0.0,0.0,0,0.0,0.0,0,0.00,0.00,0.00,330,12.77,4.58,0.00,-18.7,4.998,4.998,4.998,4.998,40
2022-01-31 03:03:22,0.0,0.0,0,0.0,0.0,0,0.0,0.0,0,0.00,0.00,0.00,330,12.77,4.58,0.00,-18.2,4.998,4.998,4.998,4.998,1
2022-01-31 03:04:22,0.0,0.0,0,0.0,0.0,0,0.0,0.0,0,0.00,0.00,0.00,329,12.77,4.58,0.00,-18.2,4.998,4.998,4.998,4.998,133
2022-01-31 03:05:22,0.0,0.0,0,0.0,0.0,0,0.0,0.0,0,0.00,0.00,0.00,330,12.77,4.58,0.00,-18.7,4.998,4.998,4.998,4.998,13
2022-01-31 03:06:22,0.0,0.0,0,0.0,0.0,0,0.0,0.0,0,0.00,0.00,0.00,330,12.77,4.58,0.00,-19.2,4.998,4.998,4.998,4.998,71
2022-01-31 03:07:22,0.0,0.0,0,0.0,0.0,0,0.0,0.0,0,0.00,0.00,0.00,329,12.77,4.58,0.00,-19.2,4.998,4.998,4.998,4.998,187
2022-01-31 03:08:22,0.0,0.0,0,0.0,0.0,0,0.0,0.0,0,0.00,0.00,0.00,329,12.77,4.58,0.00,-19.7,4.998,4.998,4.998,4.998,3
2022-01-31 03:09:22,0.0,0.0,0,0.0,0.0,0,0.0,0.0,0,0.00,0.00,0.00,330,12.77,4.58,0.00,-19.2,4.998,4.998,4.998,4.998,139
2022-01-31 03:10:22,0.0,0.0,0,0.0,0.0,0,0.0,0.0,0,0.00,0.00,0.00,329,12.77,4.58,0.00,-18.7,4.998,4.998,4.998,4.998,59
2022-01-31 03:11:22,0.0,0.0,0,0.0,0.0,0,0.0,0.0,0,0.00,0.00,0.00,330,12.77,4.58,0.00,-18.2,4.998,4.998,4.998,4.998,179
2022-01-31 03:12:22,0.0,0.0,0,0.0,0.0,0,0.0,0.0,0,0.00,0.00,0.00,330,12.77,4.58,0.00,-18.2,4.998,4.998,4.998,4.998,67
2022-01-31 03:13:22,0.0,0.0,0,0.0,0.0,0,0.0,0.0,0,0.00,0.00,0.00,330,12.77,4.58,0.00,-18.2,4.998,4.998,4.998,4.998,30
2022-01-31 03:14:22,0.0,0.0,0,0.0,0.0,0,0.0,0.0,0,0.00,0.00,0.00,330,12.77,4.58,0.00,-18.2,4.998,4.998,4.998,4.998,59
2022-01-31 03:15:22,0.0,0.0,0,0.0,0.0,0,0.0,0.0,0,0.00,0.00,0.00,330,12.77,4.58,0.00,-18.7,4.998,4.998,4.998,4.998,18
2022-01-31 03:16:22,0.0,0.0,0,0.0,0.0,0,0.0,0.0,0,0.00,0.00,0.00,330,12.77,4.58,0.00,-18.7,4.998,4.998,4.998,4.998,226
2022-01-31 03:17:22,0.0,0.0,0,0.0,0.0,0,0.0,0.0,0,0.00,0.00,0.00,330,12.77,4.58,0.00,-18.7,4.998,4.998,4.998,4.998,191
2022-01-31 03:18:22,0.0,0.0,0,0.0,0.0,0,0.0,0.0,0,0.00,0.00,0.00,330,12.77,4.58,0.00,-18.7,4.998,4.998,4.998,4.998,115
2022-01-31 03:19:22,0.0,0.0,0,0.0,0.0,0,0.0,0.0,0,0.00,0.00,0.00,330,12.77,4.58,0.00,-18.7,4.998,4.998,4.998,4.998,46
2022-01-31 03:20:22,0.0,0.0,0,0.0,0.0,0,0.0,0.0,0,0.00,0.00,0.00,330,12.77,4.58,0.00,-19.2,4.998,4.998,4.998,4.998,179
2022-01-31 03:21:22,0.0,0.0,0,0.0,0.0,0,0.0,0.0,0,0.00,0.00,0.00,329,12.77,4.58,0.00,-18.7,4.998,4.998,4.998,4.998,245
2022-01-31 03:22:22,0.0,0.0,0,0.0,0.0,0,0.0,0.0,0,0.00,0.00,0.00,329,12.77,4.58,0.00,-18.7,4.998,4.998,4.998,4.998,5
2022-01-31 03:23:22,0.0,0.0,0,0.0,0.0,0,0.0,0.0,0,0.00,0.00,0.00,330,12.77,4.58,0.00,-19.2,4.998,4.998,4.998,4.998,67
2022-01-31 03:24:22,0.0,0.0,0,0.0,0.0,0,0.0,0.0,0,0.00,0.00,0.00,329,12.77,4.58,0.00,-19.2,4.998,4.998,4.998,4.998,199
2022-01-31 03:25:22,0.0,0.0,0,0.0,0.0,0,0.0,0.0,0,0.00,0.00,0.00,329,12.77,4.58,0.00,-19.2,4.998,4.998,4.998,4.998,154
2022-01-31 03:26:22,0.0,0.0,0,0.0,0.0,0,0.0,0.0,0,0.00,0.00,0.00,330,12.77,4.58,0.00,-19.2,4.998,4.998,4.998,4.998,203
2022-01-31 03:27:22,0.0,0.0,0,0.0,0.0,0,0.0,0.0,0,0.00,0.00,0.00,330,12.77,4.58,0.00,-19.2,4.998,4.998,4.998,4.998,150
2022-01-31 03:28:22,0.0,0.0,0,0.0,0.0,0,0.0,0.0,0,0.00,0.00,0.00,329,12.77,4.58,0.00,-19.2,4.998,4.998,4.998,4.998,251
2022-01-31 03:29:22,0.0,0.0,0,0.0,0.0,0,0.0,0.0,0,0.00,0.00,0.00,330,12.77,4.58,0.00,-19.2,4.998,4.998,4.998,4.998,7
2022-01-31 03:30:22,0.0,0.0,0,0.0,0.0,0,0.0,0.0,0,0.00,0.00,0.00,329,12.77,4.58,0.00,-19.2,4.998,4.998,4.998,4.998,13
2022-01-31 03:31:22,0.0,0.0,0,0.0,0.0,0,0.0,0.0,0,0.00,0.00,0.00,329,12.77,4.58,0.00,-19.2,4.998,4.998,4.998,4.998,80
2022-01-31 03:32:22,0.0,0.0,0,0.0,0.0,0,0.0,0.0,0,0.00,0.00,0.00,330,12.73,4.58,0.00,-19.2,4.998,4.998,4.998,4.998,165
2022-01-31 03:33:22,0.0,0.0,0,0.0,0.0,0,0.0,0.0,0,0.00,0.00,0.00,329,12.77,4.58,0.00,-19.2,4.998,4.998,4.998,4.998,253
2022-01-31 03:34:22,0.0,0.0,0,0.0,0.0,0,0.0,0.0,0,0.00,0.00,0.00,329,12.77,4.58,0.00,-18.7,4.998,4.998,4.998,4.998,98
2022-01-31 03:35:22,0.0,0.0,0,0.0,0.0,0,0.0,0.0,0,0.00,0.00,0.00,330,12.77,4.58,0.00,-18.7,4.998,4.998,4.998,4.998,158
2022-01-31 03:36:22,0.0,0.0,0,0.0,0.0,0,0.0,0.0,0,0.00,0.00,0.00,330,12.77,4.58,0.00,-19.2,4.998,4.998,4.998,4.998,212
2022-01-31 03:37:22,0.0,0.0,0,0.0,0.0,0,0.0,0.0,0,0.00,0.00,0.00,330,12.77,4.58,0.00,-19.2,4.998,4.998,4.998,4.998,137
2022-01-31 03:38:22,0.0,0.0,0,0.0,0.0,0,0.0,0.0,0,0.00,0.00,0.00,329,12.77,4.58,0.00,-19.2,4.998,4.998,4.998,4.998,228
2022-01-31 03:39:22,0.0,0.0,0,0.0,0.0,0,0.0,0.0,0,0.00,0.00,0.00,330,12.73,4.58,0.00,-19.2,4.998,4.998,4.998,4.998,188
2022-01-31 03:40:22,0.0,0.0,0,0.0,0.0,0,0.0,0.0,0,0.00,0.00,0.00,329,12.77,4.58,0.00,-19.2,4.998,4.998,4.998,4.998,216
2022-01-31 03:41:22,0.0,0.0,0,0.0,0.0,0,0.0,0.0,0,0.00,0.00,0.00,329,12.77,4.58,0.00,-19.7,4.998,4.998,4.998,4.998,241
2022-01-31 03:42:22,0.0,0.0,0,0.0,0.0,0,0.0,0.0,0,0.00,0.00,0.00,330,12.73,4.58,0.00,-19.2,4.998,4.998,4.998,4.998,112
2022-01-31 03:43:22,0.0,0.0,0,0.0,0.0,0,0.0,0.0,0,0.00,0.00,0.00,330,12.77,4.58,0.00,-19.7,4.998,4.998,4.998,4.998,253
2022-01-31 03:44:22,0.0,0.0,0,0.0,0.0,0,0.0,0.0,0,0.00,0.00,0.00,330,12.77,4.58,0.00,-19.7,4.998,4.998,4.998,4.998,216
2022-01-31 03:45:22,0.0,0.0,0,0.0,0.0,0,0.0,0.0,0,0.00,0.00,0.00,330,12.73,4.58,0.00,-19.2,4.998,4.998,4.998,4.998,85
2022-01-31 03:46:22,0.0,0.0,0,0.0,0.0,0,0.0,0.0,0,0.00,0.00,0.00,330,12.73,4.58,0.00,-19.7,4.998,4.998,4.998,4.998,209
2022-01-31 03:47:22,0.0,0.0,0,0.0,0.0,0,0.0,0.0,0,0.00,0.00,0.00,329,12.77,4.58,0.00,-19.7,4.998,4.998,4.998,4.998,137
2022-01-31 03:48:22,0.0,0.0,0,0.0,0.0,0,0.0,0.0,0,0.00,0.00,0.00,329,12.77,4.58,0.00,-19.2,4.998,4.998,4.998,4.998,49
2022-01-31 03:49:22,0.0,0.0,0,0.0,0.0,0,0.0,0.0,0,0.00,0.00,0.00,330,12.77,4.58,0.00,-19.2,4.998,4.998,4.998,4.998,205
2022-01-31 03:50:22,0.0,0.0,0,0.0,0.0,0,0.0,0.0,0,0.00,0.00,0.00,329,12.77,4.58,0.00,-19.7,4.998,4.998,4.998,4.998,179
2022-01-31 03:51:22,0.0,0.0,0,0.0,0.0,0,0.0,0.0,0,0.00,0.00,0.00,330,12.77,4.58,0.00,-19.2,4.998,4.998,4.998,4.998,59
2022-01-31 03:52:22,0.0,0.0,0,0.0,0.0,0,0.0,0.0,0,0.00,0.00,0.00,330,12.77,4.58,0.00,-19.7,4.998,4.998,4.998,4.998,191
2022-01-31 03:53:22,0.0,0.0,0,0.0,0.0,0,0.0,0.0,0,0.00,0.00,0.00,330,12.77,4.58,0.00,-19.2,4.998,4.998,4.998,4.998,150
2022-01-31 03:54:22,0.0,0.0,0,0.0,0.0,0,0.0,0.0,0,0.00,0.00,0.00,330,12.77,4.58,0.00,-19.2,4.998,4.998,4.998,4.998,179
2022-01-31 03:55:22,0.0,0.0,0,0.0,0.0,0,0.0,0.0,0,0.00,0.00,0.00,330,12.73,4.58,0.00,-19.2,4.998,4.998,4.998,4.998,74
2022-01-31 03:56:22,0.0,0.0,0,0.0,0.0,0,0.0,0.0,0,0.00,0.00,0.00,330,12.73,4.58,0.00,-19.7,4.998,4.998,4.998,4.998,206
2022-01-31 03:57:22,0.0,0.0,0,0.0,0.0,0,0.0,0.0,0,0.00,0.00,0.00,329,12.77,4.58,0.00,-19.2,4.998,4.998,4.998,4.998,226
2022-01-31 03:58:22,0.0,0.0,0,0.0,0.0,0,0.0,0.0,0,0.00,0.00,0.00,330,12.73,4.58,0.00,-19.2,4.998,4.998,4.998,4.998,43
2022-01-31 03:59:22,0.0,0.0,0,0.0,0.0,0,0.0,0.0,0,0.00,0.00,0.00,330,12.73,4.58,0.00,-19.2,4.998,4.998,4.998,4.998,118
2022-01-31 04:00:22,0.0,0.0,0,0.0,0.0,0,0.0,0.0,0,0.00,0.00,0.00,329,12.73,4.58,0.00,-19.2,4.998,4.998,4.998,4.998,32
2022-01-31 04:01:22,0.0,0.0,0,0.0,0.0,0,0.0,0.0,0,0.00,0.00,0.00,330,12.77,4.58,0.00,-19.2,4.998,4.998,4.998,4.998,120
2022-01-31 04:02:22,0.0,0.0,0,0.0,0.0,0,0.0,0.0,0,0.00,0.00,0.00,329,12.77,4.58,0.00,-19.2,4.998,4.998,4.998,4.998,41
2022-01-31 04:03:22,0.0,0.0,0,0.0,0.0,0,0.0,0.0,0,0.00,0.00,0.00,329,12.73,4.58,0.00,-19.2,4.998,4.998,4.998,4.998,208
2022-01-31 04:04:22,0.0,0.0,0,0.0,0.0,0,0.0,0.0,0,0.00,0.00,0.00,329,12.77,4.58,0.00,-19.2,4.998,4.998,4.998,4.998,81
2022-01-31 04:05:22,0.0,0.0,0,0.0,0.0,0,0.0,0.0,0,0.00,0.00,0.00,330,12.73,4.58,0.00,-19.7,4.998,4.998,4.998,4.998,125
2022-01-31 04:06:22,0.0,0.0,0,0.0,0.0,0,0.0,0.0,0,0.00,0.00,0.00,330,12.73,4.58,0.00,-19.2,4.998,4.998,4.998,4.998,249
2022-01-31 04:07:22,0.0,0.0,0,0.0,0.0,0,0.0,0.0,0,0.00,0.00,0.00,330,12.77,4.58,0.00,-19.2,4.998,4.998,4.998,4.998,0
2022-01-31 04:08:22,0.0,0.0,0,0.0,0.0,0,0.0,0.0,0,0.00,0.00,0.00,329,12.77,4.58,0.00,-19.2,4.998,4.998,4.998,4.998,109
2022-01-31 04:09:22,0.0,0.0,0,0.0,0.0,0,0.0,0.0,0,0.00,0.00,0.00,330,12.77,4.58,0.00,-19.2,4.998,4.998,4.998,4.998,145
2022-01-31 04:10:22,0.0,0.0,0,0.0,0.0,0,0.0,0.0,0,0.00,0.00,0.00,329,12.73,4.58,0.00,-19.2,4.998,4.998,4.998,4.998,63
2022-01-31 04:11:22,0.0,0.0,0,0.0,0.0,0,0.0,0.0,0,0.00,0.00,0.00,329,12.77,4.58,0.00,-19.2,4.998,4.998,4.998,4.998,198
2022-01-31 04:12:22,0.0,0.0,0,0.0,0.0,0,0.0,0.0,0,0.00,0.00,0.00,330,12.77,4.58,0.00,-19.7,4.998,4.998,4.998,4.998,227
2022-01-31 04:13:22,0.0,0.0,0,0.0,0.0,0,0.0,0.0,0,0.00,0.00,0.00,329,12.77,4.58,0.00,-19.2,4.998,4.998,4.998,4.998,107
2022-01-31 04:14:22,0.0,0.0,0,0.0,0.0,0,0.0,0.0,0,0.00,0.00,0.00,329,12.77,4.58,0.00,-19.7,4.998,4.998,4.998,4.998,58
2022-01-31 04:15:22,0.0,0.0,0,0.0,0.0,0,0.0,0.0,0,0.00,0.00,0.00,329,12.73,4.58,0.00,-19.7,4.998,4.998,4.998,4.998,195
2022-01-31 04:16:22,0.0,0.0,0,0.0,0.0,0,0.0,0.0,0,0.00,0.00,0.00,330,12.73,4.58,0.00,-19.7,4.998,4.998,4.998,4.998,146
2022-01-31 04:17:22,0.0,0.0,0,0.0,0.0,0,0.0,0.0,0,0.00,0.00,0.00,330,12.73,4.58,0.00,-19.7,4.998,4.998,4.998,4.998,207
2022-01-31 04:18:22,0.0,0.0,0,0.0,0.0,0,0.0,0.0,0,0.00,0.00,0.00,330,12.73,4.58,0.00,-19.7,4.998,4.998,4.998,4.998,3
2022-01-31 04:19:22,0.0,0.0,0,0.0,0.0,0,0.0,0.0,0,0.00,0.00,0.00,329,12.77,4.58,0.00,-19.7,4.998,4.998,4.998,4.998,91
2022-01-31 04:20:22,0.0,0.0,0,0.0,0.0,0,0.0,0.0,0,0.00,0.00,0.00,330,12.73,4.58,0.00,-19.7,4.998,4.998,4.998,4.998,121
2022-01-31 04:21:22,0.0,0.0,0,0.0,0.0,0,0.0,0.0,0,0.00,0.00,0.00,329,12.77,4.58,0.00,-19.7,4.998,4.998,4.998,4.998,33
2022-01-31 04:22:22,0.0,0.0,0,0.0,0.0,0,0.0,0.0,0,0.00,0.00,0.00,330,12.73,4.58,0.00,-19.7,4.998,4.998,4.998,4.998,212
2022-01-31 04:23:22,0.0,0.0,0,0.0,0.0,0,0.0,0.0,0,0.00,0.00,0.00,330,12.73,4.58,0.00,-19.2,4.998,4.998,4.998,4.998,253
2022-01-31 04:24:22,0.0,0.0,0,0.0,0.0,0,0.0,0.0,0,0.00,0.00,0.00,330,12.73,4.58,0.00,-19.2,4.998,4.998,4.998,4.998,216
2022-01-31 04:25:22,0.0,0.0,0,0.0,0.0,0,0.0,0.0,0,0.00,0.00,0.00,330,12.73,4.58,0.00,-19.2,4.998,4.998,4.998,4.998,133
2022-01-31 04:26:22,0.0,0.0,0,0.0,0.0,0,0.0,0.0,0,0.00,0.00,0.00,329,12.73,4.58,0.00,-20.2,4.998,4.998,4.998,4.998,163
2022-01-31 04:27:22,0.0,0.0,0,0.0,0.0,0,0.0,0.0,0,0.00,0.00,0.00,330,12.73,4.58,0.00,-20.2,4.998,4.998,4.998,4.998,95
2022-01-31 04:28:22,0.0,0.0,0,0.0,0.0,0,0.0,0.0,0,0.00,0.00,0.00,329,12.73,4.58,0.00,-20.2,4.998,4.998,4.998,4.998,50
2022-01-31 04:29:22,0.0,0.0,0,0.0,0.0,0,0.0,0.0,0,0.00,0.00,0.00,330,12.73,4.58,0.00,-20.2,4.998,4.998,4.998,4.998,206
2022-01-31 04:30:22,0.0,0.0,0,0.0,0.0,0,0.0,0.0,0,0.00,0.00,0.00,330,12.73,4.58,0.00,-19.7,4.998,4.998,4.998,4.998,102
2022-01-31 04:31:22,0.0,0.0,0,0.0,0.0,0,0.0,0.0,0,0.00,0.00,0.00,329,12.73,4.58,0.00,-19.7,4.998,4.998,4.998,4.998,154
2022-01-31 04:32:22,0.0,0.0,0,0.0,0.0,0,0.0,0.0,0,0.00,0.00,0.00,329,12.73,4.58,0.00,-19.7,4.998,4.998,4.998,4.998,106
2022-01-31 04:33:22,0.0,0.0,0,0.0,0.0,0,0.0,0.0,0,0.00,0.00,0.00,330,12.73,4.58,0.00,-19.7,4.998,4.998,4.998,4.998,150
2022-01-31 04:34:22,0.0,0.0,0,0.0,0.0,0,0.0,0.0,0,0.00,0.00,0.00,329,12.73,4.58,0.00,-19.7,4.998,4.998,4.998,4.998,18
2022-01-31 04:35:22,0.0,0.0,0,0.0,0.0,0,0.0,0.0,0,0.00,0.00,0.00,329,12.73,4.58,0.00,-19.7,4.998,4.998,4.998,4.998,79
2022-01-31 04:36:22,0.0,0.0,0,0.0,0.0,0,0.0,0.0,0,0.00,0.00,0.00,329,12.73,4.58,0.00,-19.7,4.998,4.998,4.998,4.998,191
2022-01-31 04:37:22,0.0,0.0,0,0.0,0.0,0,0.0,0.0,0,0.00,0.00,0.00,329,12.73,4.58,0.00,-19.7,4.998,4.998,4.998,4.998,226
2022-01-31 04:38:22,0.0,0.0,0,0.0,0.0,0,0.0,0.0,0,0.00,0.00,0.00,329,12.73,4.58,0.00,-19.7,4.998,4.998,4.998,4.998,46
2022-01-31 04:39:22,0.0,0.0,0,0.0,0.0,0,0.0,0.0,0,0.00,0.00,0.00,330,12.73,4.58,0.00,-20.2,4.998,4.998,4.998,4.998,209
2022-01-31 04:40:22,0.0,0.0,0,0.0,0.0,0,0.0,0.0,0,0.00,0.00,0.00,330,12.73,4.58,0.00,-19.7,4.998,4.998,4.998,4.998,179
2022-01-31 04:41:22,0.0,0.0,0,0.0,0.0,0,0.0,0.0,0,0.00,0.00,0.00,329,12.73,4.58,0.00,-20.2,4.998,4.998,4.998,4.998,76
2022-01-31 04:42:22,0.0,0.0,0,0.0,0.0,0,0.0,0.0,0,0.00,0.00,0.00,329,12.73,4.58,0.00,-20.2,4.998,4.998,4.998,4.998,188
2022-01-31 04:43:22,0.0,0.0,0,0.0,0.0,0,0.0,0.0,0,0.00,0.00,0.00,330,12.73,4.58,0.00,-20.2,4.998,4.998,4.998,4.998,64
2022-01-31 04:44:22,0.0,0.0,0,0.0,0.0,0,0.0,0.0,0,0.00,0.00,0.00,330,12.73,4.58,0.00,-19.7,4.998,4.998,4.998,4.998,102
2022-01-31 04:45:22,0.0,0.0,0,0.0,0.0,0,0.0,0.0,0,0.00,0.00,0.00,330,12.73,4.58,0.00,-19.7,4.998,4.998,4.998,4.998,59
2022-01-31 04:46:22,0.0,0.0,0,0.0,0.0,0,0.0,0.0,0,0.00,0.00,0.00,330,12.73,4.58,0.00,-19.7,4.998,4.998,4.998,4.998,203
2022-01-31 04:47:22,0.0,0.0,0,0.0,0.0,0,0.0,0.0,0,0.00,0.00,0.00,330,12.73,4.58,0.00,-19.7,4.998,4.998,4.998,4.998,150
2022-01-31 04:48:22,0.0,0.0,0,0.0,0.0,0,0.0,0.0,0,0.00,0.00,0.00,330,12.73,4.58,0.00,-19.7,4.998,4.998,4.998,4.998,90
2022-01-31 04:49:22,0.0,0.0,0,0.0,0.0,0,0.0,0.0,0,0.00,0.00,0.00,330,12.73,4.58,0.00,-20.2,4.998,4.998,4.998,4.998,4
2022-01-31 04:50:22,0.0,0.0,0,0.0,0.0,0,0.0,0.0,0,0.00,0.00,0.00,330,12.73,4.58,0.00,-20.2,4.998,4.998,4.998,4.998,175
2022-01-31 04:51:22,0.0,0.0,0,0.0,0.0,0,0.0,0.0,0,0.00,0.00,0.00,330,12.73,4.58,0.00,-19.7,4.998,4.998,4.998,4.998,241
2022-01-31 04:52:22,0.0,0.0,0,0.0,0.0,0,0.0,0.0,0,0.00,0.00,0.00,330,12.73,4.58,0.00,-20.2,4.998,4.998,4.998,4.998,2
2022-01-31 04:53:22,0.0,0.0,0,0.0,0.0,0,0.0,0.0,0,0.00,0.00,0.00,330,12.73,4.58,0.00,-20.2,4.998,4.998,4.998,4.998,95
2022-01-31 04:54:22,0.0,0.0,0,0.0,0.0,0,0.0,0.0,0,0.00,0.00,0.00,329,12.73,4.58,0.00,-20.2,4.998,4.998,4.998,4.998,219
2022-01-31 04:55:22,0.0,0.0,0,0.0,0.0,0,0.0,0.0,0,0.00,0.00,0.00,329,12.73,4.58,0.00,-20.2,4.998,4.998,4.998,4.998,134
2022-01-31 04:56:22,0.0,0.0,0,0.0,0.0,0,0.0,0.0,0,0.00,0.00,0.00,330,12.73,4.58,0.00,-20.2,4.998,4.998,4.998,4.998,215
2022-01-31 04:57:22,0.0,0.0,0,0.0,0.0,0,0.0,0.0,0,0.00,0.00,0.00,329,12.73,4.58,0.00,-19.7,4.998,4.998,4.998,4.998,40
2022-01-31 04:58:22,0.0,0.0,0,0.0,0.0,0,0.0,0.0,0,0.00,0.00,0.00,329,12.73,4.58,0.00,-19.7,4.998,4.998,4.998,4.998,228
2022-01-31 04:59:22,0.0,0.0,0,0.0,0.0,0,0.0,0.0,0,0.00,0.00,0.00,330,12.73,4.58,0.00,-19.7,4.998,4.998,4.998,4.998,24
2022-01-31 05:00:22,0.0,0.0,0,0.0,0.0,0,0.0,0.0,0,0.00,0.00,0.00,330,12.73,4.58,0.00,-19.7,4.998,4.998,4.998,4.998,140
2022-01-31 05:01:22,0.0,0.0,0,0.0,0.0,0,0.0,0.0,0,0.00,0.00,0.00,329,12.73,4.58,0.00,-20.2,4.998,4.998,4.998,4.998,115
2022-01-31 05:02:22,0.0,0.0,0,0.0,0.0,0,0.0,0.0,0,0.00,0.00,0.00,330,12.73,4.58,0.00,-19.7,4.998,4.998,4.998,4.998,33
2022-01-31 05:03:22,0.0,0.0,0,0.0,0.0,0,0.0,0.0,0,0.00,0.00,0.00,329,12.73,4.58,0.00,-19.7,4.998,4.998,4.998,4.998,221
2022-01-31 05:04:22,0.0,0.0,0,0.0,0.0,0,0.0,0.0,0,0.00,0.00,0.00,330,12.73,4.58,0.00,-19.7,4.998,4.998,4.998,4.998,89
2022-01-31 05:05:22,0.0,0.0,0,0.0,0.0,0,0.0,0.0,0,0.00,0.00,0.00,330,12.73,4.58,0.00,-19.2,4.998,4.998,4.998,4.998,112
2022-01-31 05:06:22,0.0,0.0,0,0.0,0.0,0,0.0,0.0,0,0.00,0.00,0.00,330,12.73,4.58,0.00,-19.7,4.998,4.998,4.998,4.998,244
2022-01-31 05:07:22,0.0,0.0,0,0.0,0.0,0,0.0,0.0,0,0.00,0.00,0.00,330,12.73,4.58,0.00,-19.7,4.998,4.998,4.998,4.998,169
2022-01-31 05:08:22,0.0,0.0,0,0.0,0.0,0,0.0,0.0,0,0.00,0.00,0.00,329,12.69,4.58,0.00,-19.7,4.998,4.998,4.998,4.998,235
2022-01-31 05:09:22,0.0,0.0,0,0.0,0.0,0,0.0,0.0,0,0.00,0.00,0.00,330,12.73,4.58,0.00,-20.2,4.998,4.998,4.998,4.998,59
2022-01-31 05:10:22,0.0,0.0,0,0.0,0.0,0,0.0,0.0,0,0.00,0.00,0.00,329,12.73,4.58,0.00,-19.7,4.998,4.998,4.998,4.998,50
2022-01-31 05:11:22,0.0,0.0,0,0.0,0.0,0,0.0,0.0,0,0.00,0.00,0.00,329,12.73,4.58,0.00,-20.2,4.998,4.998,4.998,4.998,108
2022-01-31 05:12:22,0.0,0.0,0,0.0,0.0,0,0.0,0.0,0,0.00,0.00,0.00,330,12.69,4.58,0.00,-20.2,4.998,4.998,4.998,4.998,18
2022-01-31 05:13:22,0.0,0.0,0,0.0,0.0,0,0.0,0.0,0,0.00,0.00,0.00,329,12.73,4.58,0.00,-20.2,4.998,4.998,4.998,4.998,193
2022-01-31 05:14:22,0.0,0.0,0,0.0,0.0,0,0.0,0.0,0,0.00,0.00,0.00,330,12.73,4.58,0.00,-20.2,4.998,4.998,4.998,4.998,69
2022-01-31 05:15:22,0.0,0.0,0,0.0,0.0,0,0.0,0.0,0,0.00,0.00,0.00,330,12.69,4.58,0.00,-20.2,4.998,4.998,4.998,4.998,55
2022-01-31 05:16:22,0.0,0.0,0,0.0,0.0,0,0.0,0.0,0,0.00,0.00,0.00,329,12.69,4.58,0.00,-20.2,4.998,4.998,4.998,4.998,102
2022-01-31 05:17:22,0.0,0.0,0,0.0,0.0,0,0.0,0.0,0,0.00,0.00,0.00,330,12.73,4.58,0.00,-19.7,4.998,4.998,4.998,4.998,182
2022-01-31 05:18:22,0.0,0.0,0,0.0,0.0,0,0.0,0.0,0,0.00,0.00,0.00,330,12.73,4.58,0.00,-20.2,4.998,4.998,4.998,4.998,121
2022-01-31 05:19:22,0.0,0.0,0,0.0,0.0,0,0.0,0.0,0,0.00,0.00,0.00,330,12.73,4.58,0.00,-19.7,4.998,4.998,4.998,4.998,39
2022-01-31 05:20:22,0.0,0.0,0,0.0,0.0,0,0.0,0.0,0,0.00,0.00,0.00,329,12.73,4.58,0.00,-19.7,4.998,4.998,4.998,4.998,161
2022-01-31 05:21:22,0.0,0.0,0,0.0,0.0,0,0.0,0.0,0,0.00,0.00,0.00,329,12.69,4.58,0.00,-19.7,4.998,4.998,4.998,4.998,211
2022-01-31 05:22:22,0.0,0.0,0,0.0,0.0,0,0.0,0.0,0,0.00,0.00,0.00,330,12.69,4.58,0.00,-19.7,4.998,4.998,4.998,4.998,130
2022-01-31 05:23:22,0.0,0.0,0,0.0,0.0,0,0.0,0.0,0,0.00,0.00,0.00,329,12.69,4.58,0.00,-19.7,4.998,4.998,4.998,4.998,126
2022-01-31 05:24:22,0.0,0.0,0,0.0,0.0,0,0.0,0.0,0,0.00,0.00,0.00,330,12.73,4.58,0.00,-19.2,4.998,4.998,4.998,4.998,161
2022-01-31 05:25:22,0.0,0.0,0,0.0,0.0,0,0.0,0.0,0,0.00,0.00,0.00,329,12.69,4.58,0.00,-20.2,4.998,4.998,4.998,4.998,5
2022-01-31 05:26:22,0.0,0.0,0,0.0,0.0,0,0.0,0.0,0,0.00,0.00,0.00,329,12.69,4.58,0.00,-19.7,4.998,4.998,4.998,4.998,246
2022-01-31 05:27:22,0.0,0.0,0,0.0,0.0,0,0.0,0.0,0,0.00,0.00,0.00,330,12.73,4.58,0.00,-19.7,4.998,4.998,4.998,4.998,37
2022-01-31 05:28:22,0.0,0.0,0,0.0,0.0,0,0.0,0.0,0,0.00,0.00,0.00,330,12.73,4.58,0.00,-19.7,4.998,4.998,4.998,4.998,233
2022-01-31 05:29:22,0.0,0.0,0,0.0,0.0,0,0.0,0.0,0,0.00,0.00,0.00,329,12.73,4.58,0.00,-19.7,4.998,4.998,4.998,4.998,21
2022-01-31 05:30:22,0.0,0.0,0,0.0,0.0,0,0.0,0.0,0,0.00,0.00,0.00,330,12.73,4.58,0.00,-19.2,4.998,4.998,4.998,4.998,107
2022-01-31 05:31:22,0.0,0.0,0,0.0,0.0,0,0.0,0.0,0,0.00,0.00,0.00,330,12.73,4.58,0.00,-19.2,4.998,4.998,4.998,4.998,54
2022-01-31 05:32:22,0.0,0.0,0,0.0,0.0,0,0.0,0.0,0,0.00,0.00,0.00,330,12.69,4.58,0.00,-19.2,4.998,4.998,4.998,4.998,233
2022-01-31 05:33:22,0.0,0.0,0,0.0,0.0,0,0.0,0.0,0,0.00,0.00,0.00,329,12.73,4.58,0.00,-19.2,4.998,4.998,4.998,4.998,58
2022-01-31 05:34:22,0.0,0.0,0,0.0,0.0,0,0.0,0.0,0,0.00,0.00,0.00,330,12.73,4.58,0.00,-18.7,4.998,4.998,4.998,4.998,4
2022-01-31 05:35:22,1.7,1.9,26,0.0,0.0,0,0.0,0.0,0,26.00,0.00,0.00,329,12.69,4.58,0.00,-18.7,4.998,4.998,4.998,4.998,52
2022-01-31 05:36:22,1.9,1.9,73,0.0,0.0,0,0.0,0.0,0,99.00,0.00,0.00,330,12.69,4.58,0.00,-19.2,4.998,4.998,4.998,4.998,55
2022-01-31 05:37:22,2.0,2.2,90,0.0,0.0,0,0.0,0.0,0,189.00,0.00,0.00,330,12.69,4.58,0.00,-19.2,4.998,4.998,4.998,4.998,197
2022-01-31 05:38:22,2.2,2.3,101,0.0,0.0,0,0.0,0.0,0,290.00,0.00,0.00,330,12.69,4.58,0.00,-19.7,4.998,4.998,4.998,4.998,37
2022-01-31 05:39:22,2.0,2.2,98,0.0,0.0,0,0.0,0.0,0,388.00,0.00,0.00,329,12.69,4.58,0.00,-19.7,4.998,4.998,4.998,4.998,158
2022-01-31 05:40:22,1.9,2.3,97,0.0,0.0,0,0.0,0.0,0,485.00,0.00,0.00,330,12.73,4.58,0.00,-19.7,4.998,4.998,4.998,4.998,140
2022-01-31 05:41:22,1.9,2.2,92,0.0,0.0,0,0.0,0.0,0,577.00,0.00,0.00,330,12.73,4.58,0.00,-19.7,4.998,4.998,4.998,4.998,251
2022-01-31 05:42:22,1.5,1.9,62,0.0,0.0,0,0.0,0.0,0,639.00,0.00,0.00,329,12.69,4.58,0.00,-19.7,4.998,4.998,4.998,4.998,192
2022-01-31 05:43:22,1.5,1.7,60,0.0,0.0,0,0.0,0.0,0,699.00,0.00,0.00,329,12.69,4.58,0.00,-19.7,4.998,4.998,4.998,4.998,193
2022-01-31 05:44:22,0.0,1.5,10,0.0,0.0,0,0.0,0.0,0,709.00,0.00,0.00,330,12.69,4.58,0.00,-19.2,4.998,4.998,4.998,4.998,162
2022-01-31 05:45:22,0.0,0.0,0,0.0,0.0,0,0.0,0.0,0,709.00,0.00,0.00,329,12.69,4.58,0.00,-19.2,4.998,4.998,4.998,4.998,206
2022-01-31 05:46:22,0.0,0.0,0,0.0,0.0,0,0.0,0.0,0,709.00,0.00,0.00,329,12.69,4.58,0.00,-19.7,4.998,4.998,4.998,4.998,230
2022-01-31 05:47:22,0.0,0.0,0,0.0,0.0,0,0.0,0.0,0,709.00,0.00,0.00,329,12.69,4.58,0.00,-19.2,4.998,4.998,4.998,4.998,250
2022-01-31 05:48:22,0.0,0.0,0,0.0,0.0,0,0.0,0.0,0,709.00,0.00,0.00,330,12.69,4.58,0.00,-19.2,4.998,4.998,4.998,4.998,16
2022-01-31 05:49:22,0.0,0.0,0,0.0,0.0,0,0.0,0.0,0,709.00,0.00,0.00,330,12.73,4.58,0.00,-19.2,4.998,4.998,4.998,4.998,87
2022-01-31 05:50:22,0.0,0.0,0,0.0,0.0,0,0.0,0.0,0,709.00,0.00,0.00,329,12.69,4.58,0.00,-19.2,4.998,4.998,4.998,4.998,197
2022-01-31 05:51:22,0.0,0.0,0,0.0,0.0,0,0.0,0.0,0,709.00,0.00,0.00,329,12.69,4.58,0.00,-18.7,4.998,4.998,4.998,4.998,23
2022-01-31 05:52:22,0.0,0.0,0,0.0,0.0,0,0.0,0.0,0,709.00,0.00,0.00,329,12.69,4.58,0.00,-18.7,4.998,4.998,4.998,4.998,75
2022-01-31 05:53:22,0.0,0.0,0,0.0,0.0,0,0.0,0.0,0,709.00,0.00,0.00,330,12.73,4.58,0.00,-19.2,4.998,4.998,4.998,4.998,23
2022-01-31 05:54:22,0.0,0.0,0,0.0,0.0,0,0.0,0.0,0,709.00,0.00,0.00,329,12.69,4.58,0.00,-19.2,4.998,4.998,4.998,4.998,223
2022-01-31 05:55:22,0.0,0.0,0,0.0,0.0,0,0.0,0.0,0,709.00,0.00,0.00,330,12.69,4.58,0.00,-19.2,4.998,4.998,4.998,4.998,22
2022-01-31 05:56:22,0.0,0.0,0,0.0,0.0,0,0.0,0.0,0,709.00,0.00,0.00,329,12.69,4.58,0.00,-19.7,4.998,4.998,4.998,4.998,159
2022-01-31 05:57:22,0.0,0.0,0,0.0,0.0,0,0.0,0.0,0,709.00,0.00,0.00,329,12.69,4.58,0.00,-19.2,4.998,4.998,4.998,4.998,131
2022-01-31 05:58:22,0.0,0.0,0,0.0,0.0,0,0.0,0.0,0,709.00,0.00,0.00,329,12.69,4.58,0.00,-19.2,4.998,4.998,4.998,4.998,200
2022-01-31 05:59:22,0.0,0.0,0,0.0,0.0,0,0.0,0.0,0,709.00,0.00,0.00,329,12.69,4.58,0.00,-19.2,4.998,4.998,4.998,4.998,160
2022-01-31 06:00:22,0.0,0.0,0,0.0,0.0,0,0.0,0.0,0,709.00,0.00,0.00,330,12.69,4.58,0.00,-19.2,4.998,4.998,4.998,4.998,242
2022-01-31 06:01:22,0.0,0.0,0,0.0,0.0,0,0.0,0.0,0,709.00,0.00,0.00,330,12.69,4.58,0.00,-20.2,4.998,4.998,4.998,4.998,237
2022-01-31 06:02:22,0.0,0.0,0,0.0,0.0,0,0.0,0.0,0,709.00,0.00,0.00,329,12.69,4.58,0.00,-20.2,4.998,4.998,4.998,4.998,16
2022-01-31 06:03:22,0.0,0.0,0,0.0,0.0,0,0.0,0.0,0,709.00,0.00,0.00,329,12.69,4.58,0.00,-19.7,4.998,4.998,4.998,4.998,123
2022-01-31 06:04:22,0.0,0.0,0,0.0,0.0,0,0.0,0.0,0,709.00,0.00,0.00,330,12.73,4.58,0.00,-20.2,4.998,4.998,4.998,4.998,176
2022-01-31 06:05:22,0.0,0.0,0,0.0,0.0,0,0.0,0.0,0,709.00,0.00,0.00,330,12.69,4.58,0.00,-19.7,4.998,4.998,4.998,4.998,244
2022-01-31 06:06:22,0.0,0.0,0,0.0,0.0,0,0.0,0.0,0,709.00,0.00,0.00,330,12.69,4.58,0.00,-19.2,4.998,4.998,4.998,4.998,220
2022-01-31 06:07:22,0.0,0.0,0,0.0,0.0,0,0.0,0.0,0,709.00,0.00,0.00,330,12.69,4.58,0.00,-18.7,4.998,4.998,4.998,4.998,14
2022-01-31 06:08:22,0.0,0.0,0,0.0,0.0,0,0.0,0.0,0,709.00,0.00,0.00,330,12.69,4.58,0.00,-19.2,4.998,4.998,4.998,4.998,255
2022-01-31 06:09:22,0.0,0.0,0,0.0,0.0,0,0.0,0.0,0,709.00,0.00,0.00,330,12.69,4.58,0.00,-19.2,4.998,4.998,4.998,4.998,151
2022-01-31 06:10:22,0.0,0.0,0,0.0,0.0,0,0.0,0.0,0,709.00,0.00,0.00,329,12.69,4.58,0.00,-19.2,4.998,4.998,4.998,4.998,42
2022-01-31 06:11:22,0.0,0.0,0,0.0,0.0,0,0.0,0.0,0,709.00,0.00,0.00,330,12.69,4.58,0.00,-19.2,4.998,4.998,4.998,4.998,227
2022-01-31 06:12:22,0.0,0.0,0,0.0,0.0,0,0.0,0.0,0,709.00,0.00,0.00,329,12.69,4.58,0.00,-19.2,4.998,4.998,4.998,4.998,30
2022-01-31 06:13:22,0.0,0.0,0,0.0,0.0,0,0.0,0.0,0,709.00,0.00,0.00,329,12.69,4.58,0.00,-19.7,4.998,4.998,4.998,4.998,2
2022-01-31 06:14:22,0.0,0.0,0,0.0,0.0,0,0.0,0.0,0,709.00,0.00,0.00,329,12.69,4.58,0.00,-19.2,4.998,4.998,4.998,4.998,48
2022-01-31 06:15:22,1.4,2.2,49,0.0,0.0,0,0.0,0.0,0,758.00,0.00,0.00,330,12.69,4.58,0.00,-19.2,4.998,4.998,4.998,4.998,243
2022-01-31 06:16:22,1.8,2.4,100,0.0,0.0,0,0.0,0.0,0,858.00,0.00,0.00,330,12.69,4.58,0.00,-19.7,4.998,4.998,4.998,4.998,29
2022-01-31 06:17:22,0.0,1.8,14,0.0,0.0,0,0.0,0.0,0,872.00,0.00,0.00,330,12.69,4.59,0.00,-19.7,4.998,4.998,4.998,4.998,54
2022-01-31 06:18:22,0.0,3.3,76,0.0,0.0,0,0.0,0.0,0,948.00,0.00,0.00,331,12.69,4.59,0.00,-19.7,4.998,4.998,4.998,4.998,32
2022-01-31 06:19:22,2.2,3.2,89,0.0,0.0,0,0.0,0.0,0,1037.00,0.00,0.00,331,12.69,4.60,0.00,-19.2,4.998,4.998,4.998,4.998,208
2022-01-31 06:20:22,1.8,2.3,91,0.0,0.0,0,0.0,0.0,0,1128.00,0.00,0.00,331,12.69,4.59,0.00,-18.2,4.998,4.998,4.998,4.998,178
2022-01-31 06:21:22,1.2,1.9,66,0.0,0.0,0,0.0,0.0,0,1194.00,0.00,0.00,331,12.69,4.60,0.00,-18.2,4.998,4.998,4.998,4.998,138
2022-01-31 06:22:22,1.2,1.5,38,0.0,0.0,0,0.0,0.0,0,1232.00,0.00,0.00,331,12.69,4.59,0.00,-18.2,4.998,4.998,4.998,4.998,250
2022-01-31 06:23:22,0.0,1.0,1,0.0,0.0,0,0.0,0.0,0,1233.00,0.00,0.00,331,12.69,4.59,0.00,-19.2,4.998,4.998,4.998,4.998,74
2022-01-31 06:24:22,0.0,0.0,0,0.0,0.0,0,0.0,0.0,0,1233.00,0.00,0.00,331,12.69,4.59,0.00,-19.2,4.998,4.998,4.998,4.998,40
2022-01-31 06:25:22,0.0,0.0,0,0.0,0.0,0,0.0,0.0,0,1233.00,0.00,0.00,330,12.69,4.59,0.00,-19.2,4.998,4.998,4.998,4.998,65
2022-01-31 06:26:22,0.0,0.0,0,0.0,0.0,0,0.0,0.0,0,1233.00,0.00,0.00,330,12.69,4.59,0.00,-19.2,4.998,4.998,4.998,4.998,135
2022-01-31 06:27:22,0.0,0.0,0,0.0,0.0,0,0.0,0.0,0,1233.00,0.00,0.00,330,12.69,4.59,0.00,-18.7,4.998,4.998,4.998,4.998,68
2022-01-31 06:28:22,0.0,0.0,0,0.0,0.0,0,0.0,0.0,0,1233.00,0.00,0.00,330,12.69,4.58,0.00,-19.2,4.998,4.998,4.998,4.998,125
2022-01-31 06:29:22,0.0,0.0,0,0.0,0.0,0,0.0,0.0,0,1233.00,0.00,0.00,330,12.69,4.58,0.00,-18.7,4.998,4.998,4.998,4.998,190
2022-01-31 06:30:22,0.0,0.0,0,0.0,0.0,0,0.0,0.0,0,1233.00,0.00,0.00,330,12.69,4.59,0.00,-19.2,4.998,4.998,4.998,4.998,247
2022-01-31 06:31:22,0.0,0.0,0,0.0,0.0,0,0.0,0.0,0,1233.00,0.00,0.00,330,12.69,4.58,0.00,-19.2,4.998,4.998,4.998,4.998,121
2022-01-31 06:32:22,0.0,0.0,0,0.0,0.0,0,0.0,0.0,0,1233.00,0.00,0.00,330,12.69,4.59,0.00,-18.7,4.998,4.998,4.998,4.998,242
2022-01-31 06:33:22,0.0,0.0,0,0.0,0.0,0,0.0,0.0,0,1233.00,0.00,0.00,330,12.69,4.58,0.00,-18.7,4.998,4.998,4.998,4.998,124
2022-01-31 06:34:22,0.0,0.0,0,0.0,0.0,0,0.0,0.0,0,1233.00,0.00,0.00,330,12.69,4.58,0.00,-18.7,4.998,4.998,4.998,4.998,102
2022-01-31 06:35:22,0.0,0.0,0,0.0,0.0,0,0.0,0.0,0,1233.00,0.00,0.00,330,12.69,4.58,0.00,-19.2,4.998,4.998,4.998,4.998,165
2022-01-31 06:36:22,0.0,0.0,0,0.0,0.0,0,0.0,0.0,0,1233.00,0.00,0.00,330,12.69,4.58,0.00,-18.7,4.998,4.998,4.998,4.998,217
2022-01-31 06:37:22,0.0,0.0,0,0.0,0.0,0,0.0,0.0,0,1233.00,0.00,0.00,330,12.69,4.59,0.00,-19.2,4.998,4.998,4.998,4.998,237
2022-01-31 06:38:22,0.0,0.0,0,0.0,0.0,0,0.0,0.0,0,1233.00,0.00,0.00,330,12.69,4.59,0.00,-18.7,4.998,4.998,4.998,4.998,35
2022-01-31 06:39:22,0.0,0.0,0,0.0,0.0,0,0.0,0.0,0,1233.00,0.00,0.00,330,12.69,4.58,0.00,-18.7,4.998,4.998,4.998,4.998,173
2022-01-31 06:40:22,0.0,0.0,0,0.0,0.0,0,0.0,0.0,0,1233.00,0.00,0.00,330,12.69,4.59,0.00,-19.2,4.998,4.998,4.998,4.998,43
2022-01-31 06:41:22,0.0,0.0,0,0.0,0.0,0,0.0,0.0,0,1233.00,0.00,0.00,330,12.69,4.59,0.00,-18.7,4.998,4.998,4.998,4.998,232
2022-01-31 06:42:22,0.0,0.0,0,0.0,0.0,0,0.0,0.0,0,1233.00,0.00,0.00,330,12.69,4.59,0.00,-19.2,4.998,4.998,4.998,4.998,148
2022-01-31 06:43:22,0.0,0.0,0,0.0,0.0,0,0.0,0.0,0,1233.00,0.00,0.00,330,12.65,4.58,0.00,-18.7,4.998,4.998,4.998,4.998,86
2022-01-31 06:44:22,0.0,0.0,0,0.0,0.0,0,0.0,0.0,0,1233.00,0.00,0.00,330,12.69,4.59,0.00,-19.7,4.998,4.998,4.998,4.998,131
2022-01-31 06:45:22,0.0,0.0,0,0.0,0.0,0,0.0,0.0,0,1233.00,0.00,0.00,330,12.69,4.59,0.00,-19.2,4.998,4.998,4.998,4.998,142
2022-01-31 06:46:22,0.0,0.0,0,0.0,0.0,0,0.0,0.0,0,1233.00,0.00,0.00,330,12.69,4.59,0.00,-19.2,4.998,4.998,4.998,4.998,72
2022-01-31 06:47:22,0.0,0.0,0,0.0,0.0,0,0.0,0.0,0,1233.00,0.00,0.00,330,12.69,4.59,0.00,-19.2,4.998,4.998,4.998,4.998,49
2022-01-31 06:48:22,0.0,0.0,0,0.0,0.0,0,0.0,0.0,0,1233.00,0.00,0.00,330,12.69,4.59,0.00,-19.2,4.998,4.998,4.998,4.998,69
2022-01-31 06:49:22,0.0,0.0,0,0.0,0.0,0,0.0,0.0,0,1233.00,0.00,0.00,330,12.69,4.59,0.00,-19.2,4.998,4.998,4.998,4.998,60
2022-01-31 06:50:22,0.0,0.0,0,0.0,0.0,0,0.0,0.0,0,1233.00,0.00,0.00,330,12.69,4.58,0.00,-19.2,4.998,4.998,4.998,4.998,207
2022-01-31 06:51:22,0.0,0.0,0,0.0,0.0,0,0.0,0.0,0,1233.00,0.00,0.00,330,12.69,4.59,0.00,-19.2,4.998,4.998,4.998,4.998,65
2022-01-31 06:52:22,0.0,0.0,0,0.0,0.0,0,0.0,0.0,0,1233.00,0.00,0.00,330,12.69,4.59,0.00,-18.7,4.998,4.998,4.998,4.998,61
2022-01-31 06:53:22,0.0,0.0,0,0.0,0.0,0,0.0,0.0,0,1233.00,0.00,0.00,330,12.69,4.59,0.00,-18.7,4.998,4.998,4.998,4.998,68
2022-01-31 06:54:22,0.0,0.0,0,0.0,0.0,0,0.0,0.0,0,1233.00,0.00,0.00,330,12.69,4.58,0.00,-19.2,4.998,4.998,4.998,4.998,19
2022-01-31 06:55:22,0.0,0.0,0,0.0,0.0,0,0.0,0.0,0,1233.00,0.00,0.00,330,12.69,4.58,0.00,-19.2,4.998,4.998,4.998,4.998,106
2022-01-31 06:56:22,0.0,0.0,0,0.0,0.0,0,0.0,0.0,0,1233.00,0.00,0.00,330,12.69,4.59,0.00,-18.7,4.998,4.998,4.998,4.998,225
2022-01-31 06:57:22,0.0,0.0,0,0.0,0.0,0,0.0,0.0,0,1233.00,0.00,0.00,330,12.69,4.58,0.00,-19.7,4.998,4.998,4.998,4.998,161
2022-01-31 06:58:22,0.0,0.0,0,0.0,0.0,0,0.0,0.0,0,1233.00,0.00,0.00,330,12.69,4.59,0.00,-19.7,4.998,4.998,4.998,4.998,34
2022-01-31 06:59:22,0.0,0.0,0,0.0,0.0,0,0.0,0.0,0,1233.00,0.00,0.00,330,12.69,4.59,0.00,-19.7,4.998,4.998,4.998,4.998,91
2022-01-31 07:00:22,0.0,0.0,0,0.0,0.0,0,0.0,0.0,0,1233.00,0.00,0.00,330,12.69,4.58,0.00,-19.7,4.998,4.998,4.998,4.998,196
2022-01-31 07:01:22,0.0,0.0,0,0.0,0.0,0,0.0,0.0,0,1233.00,0.00,0.00,330,12.69,4.59,0.00,-19.7,4.998,4.998,4.998,4.998,74
2022-01-31 07:02:22,0.0,0.0,0,0.0,0.0,0,0.0,0.0,0,1233.00,0.00,0.00,330,12.69,4.59,0.00,-19.2,4.998,4.998,4.998,4.998,248
2022-01-31 07:03:22,0.0,0.0,0,0.0,0.0,0,0.0,0.0,0,1233.00,0.00,0.00,330,12.69,4.59,0.00,-19.2,4.998,4.998,4.998,4.998,129
2022-01-31 07:04:22,0.0,0.0,0,0.0,0.0,0,0.0,0.0,0,1233.00,0.00,0.00,330,12.69,4.59,0.00,-19.2,4.998,4.998,4.998,4.998,155
2022-01-31 07:05:22,0.0,0.0,0,0.0,0.0,0,0.0,0.0,0,1233.00,0.00,0.00,330,12.69,4.59,0.00,-19.2,4.998,4.998,4.998,4.998,226
2022-01-31 07:06:22,0.0,0.0,0,0.0,0.0,0,0.0,0.0,0,1233.00,0.00,0.00,330,12.65,4.59,0.00,-19.7,4.998,4.998,4.998,4.998,166
2022-01-31 07:07:22,0.0,0.0,0,0.0,0.0,0,0.0,0.0,0,1233.00,0.00,0.00,330,12.69,4.59,0.00,-19.2,4.998,4.998,4.998,4.998,93
2022-01-31 07:08:22,0.0,0.0,0,0.0,0.0,0,0.0,0.0,0,1233.00,0.00,0.00,330,12.69,4.59,0.00,-19.7,4.998,4.998,4.998,4.998,93
2022-01-31 07:09:22,0.0,0.0,0,0.0,0.0,0,0.0,0.0,0,1233.00,0.00,0.00,330,12.65,4.58,0.00,-19.7,4.998,4.998,4.998,4.998,37
2022-01-31 07:10:22,0.0,0.0,0,0.0,0.0,0,0.0,0.0,0,1233.00,0.00,0.00,330,12.69,4.59,0.00,-19.7,4.998,4.998,4.998,4.998,32
2022-01-31 07:11:22,0.0,0.0,0,0.0,0.0,0,0.0,0.0,0,1233.00,0.00,0.00,330,12.69,4.59,0.00,-19.2,4.998,4.998,4.998,4.998,45
2022-01-31 07:12:22,0.0,0.0,0,0.0,0.0,0,0.0,0.0,0,1233.00,0.00,0.00,330,12.69,4.59,0.00,-19.2,4.998,4.998,4.998,4.998,235
2022-01-31 07:13:22,0.0,0.0,0,0.0,0.0,0,0.0,0.0,0,1233.00,0.00,0.00,330,12.69,4.58,0.00,-19.7,4.998,4.998,4.998,4.998,17
2022-01-31 07:14:22,0.0,0.0,0,0.0,0.0,0,0.0,0.0,0,1233.00,0.00,0.00,330,12.69,4.58,0.00,-19.2,4.998,4.998,4.998,4.998,127
2022-01-31 07:15:22,0.0,0.0,0,0.0,0.0,0,0.0,0.0,0,1233.00,0.00,0.00,330,12.69,4.58,0.00,-19.2,4.998,4.998,4.998,4.998,6
2022-01-31 07:16:22,0.0,0.0,0,0.0,0.0,0,0.0,0.0,0,1233.00,0.00,0.00,330,12.69,4.59,0.00,-19.2,4.998,4.998,4.998,4.998,55
2022-01-31 07:17:22,0.0,0.0,0,0.0,0.0,0,0.0,0.0,0,1233.00,0.00,0.00,330,12.69,4.59,0.00,-19.2,4.998,4.998,4.998,4.998,78
2022-01-31 07:18:22,0.0,0.0,0,0.0,0.0,0,0.0,0.0,0,1233.00,0.00,0.00,330,12.69,4.59,0.00,-19.2,4.998,4.998,4.998,4.998,58
2022-01-31 07:19:22,0.0,0.0,0,0.0,0.0,0,0.0,0.0,0,1233.00,0.00,0.00,330,12.69,4.58,0.00,-19.2,4.998,4.998,4.998,4.998,180
2022-01-31 07:20:22,0.0,0.0,0,0.0,0.0,0,0.0,0.0,0,1233.00,0.00,0.00,330,12.65,4.59,0.00,-18.7,4.998,4.998,4.998,4.998,129
2022-01-31 07:21:22,0.0,0.0,0,0.0,0.0,0,0.0,0.0,0,1233.00,0.00,0.00,330,12.69,4.59,0.00,-19.2,4.998,4.998,4.998,4.998,180
2022-01-31 07:22:22,0.0,0.0,0,0.0,0.0,0,0.0,0.0,0,1233.00,0.00,0.00,330,12.69,4.59,0.00,-18.7,4.998,4.998,4.998,4.998,200
2022-01-31 07:23:22,0.0,0.0,0,0.0,0.0,0,0.0,0.0,0,1233.00,0.00,0.00,330,12.65,4.59,0.00,-18.7,4.998,4.998,4.998,4.998,71
2022-01-31 07:24:22,0.0,0.0,0,0.0,0.0,0,0.0,0.0,0,1233.00,0.00,0.00,330,12.65,4.59,0.00,-18.2,4.998,4.998,4.998,4.998,41
2022-01-31 07:25:22,0.0,0.0,0,0.0,0.0,0,0.0,0.0,0,1233.00,0.00,0.00,330,12.69,4.59,0.00,-18.2,4.998,4.998,4.998,4.998,166
2022-01-31 07:26:22,0.0,0.0,0,0.0,0.0,0,0.0,0.0,0,1233.00,0.00,0.00,330,12.69,4.59,0.00,-18.2,4.998,4.998,4.998,4.998,96
2022-01-31 07:27:22,0.0,0.0,0,0.0,0.0,0,0.0,0.0,0,1233.00,0.00,0.00,330,12.69,4.59,0.00,-18.2,4.998,4.998,4.998,4.998,25
2022-01-31 07:28:22,0.0,0.0,0,0.0,0.0,0,0.0,0.0,0,1233.00,0.00,0.00,330,12.65,4.59,0.00,-17.7,4.998,4.998,4.998,4.998,174
2022-01-31 07:29:22,0.0,0.0,0,0.0,0.0,0,0.0,0.0,0,1233.00,0.00,0.00,330,12.65,4.59,0.00,-18.2,4.998,4.998,4.998,4.998,226
2022-01-31 07:30:22,0.0,0.0,0,0.0,0.0,0,0.0,0.0,0,1233.00,0.00,0.00,330,12.69,4.59,0.00,-18.7,4.998,4.998,4.998,4.998,100
2022-01-31 07:31:22,0.0,0.0,0,0.0,0.0,0,0.0,0.0,0,1233.00,0.00,0.00,330,12.69,4.59,0.00,-18.7,4.998,4.998,4.998,4.998,29
2022-01-31 07:32:22,0.0,0.0,0,0.0,0.0,0,0.0,0.0,0,1233.00,0.00,0.00,330,12.69,4.59,0.00,-19.2,4.998,4.998,4.998,4.998,97
2022-01-31 07:33:22,1.3,2.2,58,0.0,0.0,0,0.0,0.0,0,1291.00,0.00,0.00,330,12.65,4.59,0.00,-19.7,4.998,4.998,4.998,4.998,103
2022-01-31 07:34:22,1.7,1.9,57,0.0,0.0,0,0.0,0.0,0,1348.00,0.00,0.00,330,12.65,4.59,0.00,-19.7,4.998,4.998,4.998,4.998,75
2022-01-31 07:35:22,0.0,1.7,17,0.0,0.0,0,0.0,0.0,0,1365.00,0.00,0.00,330,12.65,4.59,0.00,-20.2,4.998,4.998,4.998,4.998,128
2022-01-31 07:36:22,0.0,0.0,0,0.0,0.0,0,0.0,0.0,0,1365.00,0.00,0.00,330,12.69,4.59,0.00,-19.7,4.998,4.998,4.998,4.998,55
2022-01-31 07:37:22,0.0,0.0,0,0.0,0.0,0,0.0,0.0,0,1365.00,0.00,0.00,330,12.69,4.59,0.00,-19.7,4.998,4.998,4.998,4.998,78
2022-01-31 07:38:22,0.0,0.0,0,0.0,0.0,0,0.0,0.0,0,1365.00,0.00,0.00,330,12.69,4.59,0.00,-19.2,4.998,4.998,4.998,4.998,78
2022-01-31 07:39:22,0.0,0.0,0,0.0,0.0,0,0.0,0.0,0,1365.00,0.00,0.00,330,12.69,4.59,0.00,-19.2,4.998,4.998,4.998,4.998,55
2022-01-31 07:40:22,0.0,0.0,0,0.0,0.0,0,0.0,0.0,0,1365.00,0.00,0.00,330,12.65,4.58,0.00,-18.7,4.998,4.998,4.998,4.998,71
2022-01-31 07:41:22,0.0,0.0,0,0.0,0.0,0,0.0,0.0,0,1365.00,0.00,0.00,330,12.69,4.59,0.00,-19.2,4.998,4.998,4.998,4.998,133
2022-01-31 07:42:22,0.0,0.0,0,0.0,0.0,0,0.0,0.0,0,1365.00,0.00,0.00,330,12.65,4.59,0.00,-19.2,4.998,4.998,4.998,4.998,181
2022-01-31 07:43:22,0.0,0.0,0,0.0,0.0,0,0.0,0.0,0,1365.00,0.00,0.00,330,12.65,4.59,0.00,-19.2,4.998,4.998,4.998,4.998,204
2022-01-31 07:44:22,0.0,0.0,0,0.0,0.0,0,0.0,0.0,0,1365.00,0.00,0.00,330,12.65,4.58,0.00,-19.2,4.998,4.998,4.998,4.998,33
2022-01-31 07:45:22,0.0,0.0,0,0.0,0.0,0,0.0,0.0,0,1365.00,0.00,0.00,330,12.69,4.58,0.00,-19.2,4.998,4.998,4.998,4.998,174
2022-01-31 07:46:22,0.0,0.0,0,0.0,0.0,0,0.0,0.0,0,1365.00,0.00,0.00,330,12.65,4.58,0.00,-19.7,4.998,4.998,4.998,4.998,234
2022-01-31 07:47:22,0.0,0.0,0,0.0,0.0,0,0.0,0.0,0,1365.00,0.00,0.00,330,12.65,4.59,0.00,-19.7,4.998,4.998,4.998,4.998,100
2022-01-31 07:48:22,0.0,0.0,0,0.0,0.0,0,0.0,0.0,0,1365.00,0.00,0.00,330,12.65,4.59,0.00,-19.2,4.998,4.998,4.998,4.998,100
2022-01-31 07:49:22,0.0,0.0,0,0.0,0.0,0,0.0,0.0,0,1365.00,0.00,0.00,330,12.65,4.59,0.00,-18.7,4.998,4.998,4.998,4.998,167
2022-01-31 07:50:22,0.0,0.0,0,0.0,0.0,0,0.0,0.0,0,1365.00,0.00,0.00,331,12.65,4.59,0.00,-19.2,4.998,4.998,4.998,4.998,9
2022-01-31 07:51:22,0.0,0.0,0,0.0,0.0,0,0.0,0.0,0,1365.00,0.00,0.00,330,12.65,4.58,0.00,-19.2,4.998,4.998,4.998,4.998,151
2022-01-31 07:52:22,0.0,0.0,0,0.0,0.0,0,0.0,0.0,0,1365.00,0.00,0.00,330,12.65,4.59,0.00,-19.2,4.998,4.998,4.998,4.998,166
2022-01-31 07:53:22,0.0,0.0,0,0.0,0.0,0,0.0,0.0,0,1365.00,0.00,0.00,330,12.65,4.59,0.00,-19.2,4.998,4.998,4.998,4.998,223
2022-01-31 07:54:22,0.0,0.0,0,0.0,0.0,0,0.0,0.0,0,1365.00,0.00,0.00,330,12.65,4.59,0.00,-19.2,4.998,4.998,4.998,4.998,197
2022-01-31 07:55:22,0.0,0.0,0,0.0,0.0,0,0.0,0.0,0,1365.00,0.00,0.00,330,12.65,4.59,0.00,-19.7,4.998,4.998,4.998,4.998,200
2022-01-31 07:56:22,0.0,0.0,0,0.0,0.0,0,0.0,0.0,0,1365.00,0.00,0.00,330,12.65,4.59,0.00,-19.7,4.998,4.998,4.998,4.998,14
2022-01-31 07:57:22,0.0,0.0,0,0.0,0.0,0,0.0,0.0,0,1365.00,0.00,0.00,330,12.69,4.59,0.00,-19.7,4.998,4.998,4.998,4.998,129
2022-01-31 07:58:22,0.0,0.0,0,0.0,0.0,0,0.0,0.0,0,1365.00,0.00,0.00,330,12.65,4.59,0.00,-19.7,4.998,4.998,4.998,4.998,3
2022-01-31 07:59:22,0.0,0.0,0,0.0,0.0,0,0.0,0.0,0,1365.00,0.00,0.00,330,12.65,4.59,0.00,-19.2,4.998,4.998,4.998,4.998,14
2022-01-31 08:00:22,0.0,0.0,0,0.0,0.0,0,0.0,0.0,0,1365.00,0.00,0.00,330,12.65,4.59,0.00,-19.2,4.998,4.998,4.998,4.998,93
2022-01-31 08:01:22,0.0,0.0,0,0.0,0.0,0,0.0,0.0,0,1365.00,0.00,0.00,330,12.69,4.59,0.00,-19.2,4.998,4.998,4.998,4.998,210
2022-01-31 08:02:22,0.0,0.0,0,0.0,0.0,0,0.0,0.0,0,1365.00,0.00,0.00,330,12.65,4.58,0.00,-19.7,4.998,4.998,4.998,4.998,97
2022-01-31 08:03:22,0.0,0.0,0,0.0,0.0,0,0.0,0.0,0,1365.00,0.00,0.00,330,12.65,4.59,0.00,-19.2,4.998,4.998,4.998,4.998,155
2022-01-31 08:04:22,0.0,0.0,0,0.0,0.0,0,0.0,0.0,0,1365.00,0.00,0.00,330,12.65,4.59,0.00,-19.2,4.998,4.998,4.998,4.998,129
2022-01-31 08:05:22,0.0,0.0,0,0.0,0.0,0,0.0,0.0,0,1365.00,0.00,0.00,330,12.65,4.59,0.00,-19.7,4.998,4.998,4.998,4.998,140
2022-01-31 08:06:22,0.0,0.0,0,0.0,0.0,0,0.0,0.0,0,1365.00,0.00,0.00,330,12.61,4.59,0.00,-19.7,4.998,4.998,4.998,4.998,238
2022-01-31 08:07:22,0.0,0.0,0,0.0,0.0,0,0.0,0.0,0,1365.00,0.00,0.00,330,12.65,4.59,0.00,-19.7,4.998,4.998,4.998,4.998,51
2022-01-31 08:08:22,0.0,0.0,0,0.0,0.0,0,0.0,0.0,0,1365.00,0.00,0.00,330,12.65,4.59,0.00,-19.2,4.998,4.998,4.998,4.998,51
2022-01-31 08:09:22,0.0,0.0,0,0.0,0.0,0,0.0,0.0,0,1365.00,0.00,0.00,330,12.65,4.59,0.00,-19.2,4.998,4.998,4.998,4.998,74
2022-01-31 08:10:22,0.0,0.0,0,0.0,0.0,0,0.0,0.0,0,1365.00,0.00,0.00,330,12.61,4.58,0.00,-19.2,4.998,4.998,4.998,4.998,29
2022-01-31 08:11:22,0.0,0.0,0,0.0,0.0,0,0.0,0.0,0,1365.00,0.00,0.00,330,12.61,4.59,0.00,-19.2,4.998,4.998,4.998,4.998,147
2022-01-31 08:12:22,0.0,0.0,0,0.0,0.0,0,0.0,0.0,0,1365.00,0.00,0.00,330,12.61,4.59,0.00,-19.2,4.998,4.998,4.998,4.998,85
2022-01-31 08:13:22,0.0,0.0,0,0.0,0.0,0,0.0,0.0,0,1365.00,0.00,0.00,330,12.61,4.59,0.00,-19.2,4.998,4.998,4.998,4.998,44
2022-01-31 08:14:22,0.0,0.0,0,0.0,0.0,0,0.0,0.0,0,1365.00,0.00,0.00,330,12.61,4.59,0.00,-19.7,4.998,4.998,4.998,4.998,66
2022-01-31 08:15:22,0.0,0.0,0,0.0,0.0,0,0.0,0.0,0,1365.00,0.00,0.00,330,12.65,4.59,0.00,-19.7,4.998,4.998,4.998,4.998,159
2022-01-31 08:16:22,0.0,0.0,0,0.0,0.0,0,0.0,0.0,0,1365.00,0.00,0.00,330,12.65,4.59,0.00,-19.7,4.998,4.998,4.998,4.998,89
2022-01-31 08:17:22,0.0,0.0,0,0.0,0.0,0,0.0,0.0,0,1365.00,0.00,0.00,330,12.65,4.59,0.00,-19.7,4.998,4.998,4.998,4.998,32
2022-01-31 08:18:22,0.0,0.0,0,0.0,0.0,0,0.0,0.0,0,1365.00,0.00,0.00,330,12.65,4.59,0.00,-19.2,4.998,4.998,4.998,4.998,32
2022-01-31 08:19:22,0.0,0.0,0,0.0,0.0,0,0.0,0.0,0,1365.00,0.00,0.00,330,12.65,4.59,0.00,-19.2,4.998,4.998,4.998,4.998,89
2022-01-31 08:20:22,0.0,0.0,0,0.0,0.0,0,0.0,0.0,0,1365.00,0.00,0.00,330,12.61,4.59,0.00,-19.2,4.998,4.998,4.998,4.998,115
2022-01-31 08:21:22,0.0,0.0,0,0.0,0.0,0,0.0,0.0,0,1365.00,0.00,0.00,330,12.61,4.59,0.00,-19.7,4.998,4.998,4.998,4.998,126
2022-01-31 08:22:22,0.0,0.0,0,0.0,0.0,0,0.0,0.0,0,1365.00,0.00,0.00,330,12.61,4.59,0.00,-19.7,4.998,4.998,4.998,4.998,184
2022-01-31 08:23:22,0.0,0.0,0,0.0,0.0,0,0.0,0.0,0,1365.00,0.00,0.00,330,12.65,4.59,0.00,-19.2,4.998,4.998,4.998,4.998,17
2022-01-31 08:24:22,0.0,0.0,0,0.0,0.0,0,0.0,0.0,0,1365.00,0.00,0.00,330,12.65,4.58,0.00,-19.7,4.998,4.998,4.998,4.998,136
2022-01-31 08:25:22,0.0,0.0,0,0.0,0.0,0,0.0,0.0,0,1365.00,0.00,0.00,330,12.65,4.59,0.00,-19.2,4.998,4.998,4.998,4.998,114
2022-01-31 08:26:22,0.0,0.0,0,0.0,0.0,0,0.0,0.0,0,1365.00,0.00,0.00,330,12.65,4.59,0.00,-19.2,4.998,4.998,4.998,4.998,180
2022-01-31 08:27:22,0.0,0.0,0,0.0,0.0,0,0.0,0.0,0,1365.00,0.00,0.00,330,12.65,4.59,0.00,-19.2,4.998,4.998,4.998,4.998,205
2022-01-31 08:28:22,0.0,0.0,0,0.0,0.0,0,0.0,0.0,0,1365.00,0.00,0.00,330,12.65,4.59,0.00,-19.2,4.998,4.998,4.998,4.998,185
2022-01-31 08:29:22,0.0,1.9,40,0.0,0.0,0,0.0,0.0,0,1405.00,0.00,0.00,330,12.65,4.59,0.00,-19.2,4.998,4.998,4.998,4.998,152
2022-01-31 08:30:22,0.0,0.0,0,0.0,0.0,0,0.0,0.0,0,1405.00,0.00,0.00,330,12.65,4.59,0.00,-18.2,4.998,4.998,4.998,4.998,199
2022-01-31 08:31:22,1.3,1.7,26,0.0,0.0,0,0.0,0.0,0,1431.00,0.00,0.00,330,12.65,4.58,0.00,-18.7,4.998,4.998,4.998,4.998,221
2022-01-31 08:32:22,0.0,1.2,2,0.0,0.0,0,0.0,0.0,0,1433.00,0.00,0.00,330,12.65,4.59,0.00,-19.2,4.998,4.998,4.998,4.998,43
2022-01-31 08:33:22,0.0,0.0,0,0.0,0.0,0,0.0,0.0,0,1433.00,0.00,0.00,330,12.65,4.59,0.00,-19.7,4.998,4.998,4.998,4.998,51
2022-01-31 08:34:22,0.0,0.0,0,0.0,0.0,0,0.0,0.0,0,1433.00,0.00,0.00,330,12.65,4.59,0.00,-19.7,4.998,4.998,4.998,4.998,41
2022-01-31 08:35:22,0.0,0.0,0,0.0,0.0,0,0.0,0.0,0,1433.00,0.00,0.00,330,12.69,4.59,0.00,-19.7,4.998,4.998,4.998,4.998,166
2022-01-31 08:36:22,0.0,0.0,0,0.0,0.0,0,0.0,0.0,0,1433.00,0.00,0.00,330,12.69,4.59,0.00,-20.2,4.998,4.998,4.998,4.998,99
2022-01-31 08:37:22,0.0,0.0,0,0.0,0.0,0,0.0,0.0,0,1433.00,0.00,0.00,330,12.69,4.59,0.00,-20.2,4.998,4.998,4.998,4.998,26
2022-01-31 08:38:22,0.0,1.9,32,0.0,0.0,0,0.0,0.0,0,1465.00,0.00,0.00,330,12.69,4.59,0.00,-20.2,4.998,4.998,4.998,4.998,67
2022-01-31 08:39:22,0.0,1.4,23,0.0,0.0,0,0.0,0.0,0,1488.00,0.00,0.00,330,12.69,4.59,0.00,-19.7,4.998,4.998,4.998,4.998,145
2022-01-31 08:40:22,0.0,0.0,0,0.0,0.0,0,0.0,0.0,0,1488.00,0.00,0.00,330,12.73,4.59,0.00,-19.2,4.998,4.998,4.998,4.998,75
2022-01-31 08:41:22,1.9,2.0,20,0.0,0.0,0,0.0,0.0,0,1508.00,0.00,0.00,330,12.73,4.58,0.00,-19.2,4.998,4.998,4.998,4.998,103
2022-01-31 08:42:22,0.0,2.0,23,0.0,0.0,0,0.0,0.0,0,1531.00,0.00,0.00,330,12.77,4.58,0.00,-19.2,4.998,4.998,4.998,4.998,167
2022-01-31 08:43:22,0.0,0.0,0,0.0,0.0,0,0.0,0.0,0,1531.00,0.00,0.00,330,12.77,4.58,0.00,-18.7,4.998,4.998,4.998,4.998,152
2022-01-31 08:44:22,0.0,0.0,0,0.0,0.0,0,0.0,0.0,0,1531.00,0.00,0.00,330,12.77,4.58,0.00,-18.7,4.998,4.998,4.998,4.998,130
2022-01-31 08:45:22,0.0,0.0,0,0.0,0.0,0,0.0,0.0,0,1531.00,0.00,0.00,330,12.77,4.59,0.00,-18.2,4.998,4.998,4.998,4.998,120
2022-01-31 08:46:22,0.0,0.0,0,0.0,0.0,0,0.0,0.0,0,1531.00,0.00,0.00,330,12.77,4.58,0.00,-18.2,4.998,4.998,4.998,4.998,73
2022-01-31 08:47:22,0.0,0.0,0,0.0,0.0,0,0.0,0.0,0,1531.00,0.00,0.00,330,12.77,4.58,0.00,-18.2,4.998,4.998,4.998,4.998,48
2022-01-31 08:48:22,0.0,0.0,0,0.0,0.0,0,0.0,0.0,0,1531.00,0.00,0.00,330,12.81,4.59,0.00,-18.2,4.998,4.998,4.998,4.998,56
2022-01-31 08:49:22,0.0,0.0,0,0.0,0.0,0,0.0,0.0,0,1531.00,0.00,0.00,330,12.81,4.58,0.00,-18.2,4.998,4.998,4.998,4.998,182
2022-01-31 08:50:22,0.0,0.0,0,0.0,0.0,0,0.0,0.0,0,1531.00,0.00,0.00,330,12.81,4.58,0.00,-18.2,4.998,4.998,4.998,4.998,178
2022-01-31 08:51:22,0.0,0.0,0,0.0,0.0,0,0.0,0.0,0,1531.00,0.00,0.00,330,12.81,4.58,0.00,-18.2,4.998,4.998,4.998,4.998,203
2022-01-31 08:52:22,0.0,0.0,0,0.0,0.0,0,0.0,0.0,0,1531.00,0.00,0.00,330,12.81,4.58,0.00,-18.2,4.998,4.998,4.998,4.998,13
2022-01-31 08:53:22,0.0,0.0,0,0.0,0.0,0,0.0,0.0,0,1531.00,0.00,0.00,330,12.81,4.58,0.00,-18.2,4.998,4.998,4.998,4.998,116
2022-01-31 08:54:22,0.0,0.0,0,0.0,0.0,0,0.0,0.0,0,1531.00,0.00,0.00,330,12.85,4.58,0.00,-17.7,4.998,4.998,4.998,4.998,255
2022-01-31 08:55:22,0.0,0.0,0,0.0,0.0,0,0.0,0.0,0,1531.00,0.00,0.00,330,12.85,4.59,0.00,-17.7,4.998,4.998,4.998,4.998,113
2022-01-31 08:56:22,0.0,0.0,0,0.0,0.0,0,0.0,0.0,0,1531.00,0.00,0.00,330,12.89,4.58,0.00,-17.2,4.998,4.998,4.998,4.998,194
2022-01-31 08:57:22,0.0,0.0,0,0.0,0.0,0,0.0,0.0,0,1531.00,0.00,0.00,330,12.92,4.59,0.00,-16.8,4.998,4.998,4.998,4.998,9
2022-01-31 08:58:22,0.0,0.0,0,0.0,0.0,0,0.0,0.0,0,1531.00,0.00,0.00,330,12.96,4.58,0.00,-16.3,4.998,4.998,4.998,4.998,47
2022-01-31 08:59:22,0.0,0.0,0,0.0,0.0,0,0.0,0.0,0,1531.00,0.00,0.00,330,13.00,4.58,0.00,-15.8,4.998,4.998,4.998,4.998,65
2022-01-31 09:00:22,0.0,0.0,0,0.0,0.0,0,0.0,0.0,0,1531.00,0.00,0.00,330,13.00,4.58,0.00,-16.3,4.998,4.998,4.998,4.998,129
2022-01-31 09:01:22,0.0,0.0,0,0.0,0.0,0,0.0,0.0,0,1531.00,0.00,0.00,330,13.08,4.59,0.00,-16.8,4.998,4.998,4.998,4.998,92
2022-01-31 09:02:22,0.0,0.0,1,0.0,0.0,0,0.0,0.0,0,1532.00,0.00,0.00,330,13.12,4.58,0.00,-17.2,4.998,4.998,4.998,4.998,83
2022-01-31 09:03:22,0.0,0.0,0,0.0,0.0,0,0.0,0.0,0,1532.00,0.00,0.00,330,13.12,4.59,0.00,-17.7,4.998,4.998,4.998,4.998,251
2022-01-31 09:04:22,0.0,0.0,0,0.0,0.0,0,0.0,0.0,0,1532.00,0.00,0.00,330,13.20,4.58,0.00,-17.2,4.998,4.998,4.998,4.998,6
2022-01-31 09:05:22,0.0,0.0,0,0.0,0.0,0,0.0,0.0,0,1532.00,0.00,0.00,330,13.20,4.59,0.00,-17.2,4.998,4.998,4.998,4.998,136
2022-01-31 09:06:22,0.0,0.0,0,0.0,0.0,0,0.0,0.0,0,1532.00,0.00,0.00,330,13.24,4.59,0.00,-16.8,4.998,4.998,4.998,4.998,30
2022-01-31 09:07:22,0.0,0.0,0,0.0,0.0,0,0.0,0.0,0,1532.00,0.00,0.00,330,13.32,4.59,0.00,-16.8,4.998,4.998,4.998,4.998,190
2022-01-31 09:08:22,0.0,0.0,0,0.0,0.0,0,0.0,0.0,0,1532.00,0.00,0.00,330,13.35,4.58,0.00,-16.8,4.998,4.998,4.998,4.998,72
2022-01-31 09:09:22,0.0,0.0,0,0.0,0.0,0,0.0,0.0,0,1532.00,0.00,0.00,330,13.39,4.59,0.00,-16.8,4.998,4.998,4.998,4.998,48
2022-01-31 09:10:22,0.0,0.0,0,0.0,0.0,0,0.0,0.0,0,1532.00,0.00,0.00,330,13.43,4.58,0.00,-16.8,4.998,4.998,4.998,4.998,122
2022-01-31 09:11:22,0.0,0.0,0,0.0,0.0,0,0.0,0.0,0,1532.00,0.00,0.00,330,13.51,4.59,0.00,-16.3,4.998,4.998,4.998,4.998,136
2022-01-31 09:12:22,0.0,0.0,0,0.0,0.0,0,0.0,0.0,0,1532.00,0.00,0.00,330,13.59,4.59,0.00,-15.8,4.998,4.998,4.998,4.998,180
2022-01-31 09:13:22,0.0,0.0,0,0.0,0.0,0,0.0,0.0,0,1532.00,0.00,0.00,330,13.67,4.59,0.00,-15.3,4.998,4.998,4.998,4.998,94
2022-01-31 09:14:22,0.0,0.0,0,0.0,0.0,0,0.0,0.0,0,1532.00,0.00,0.00,330,13.71,4.58,0.00,-15.8,4.998,4.998,4.998,4.998,107
2022-01-31 09:15:22,1.5,1.5,2,0.0,0.0,0,0.0,0.0,0,1534.00,0.00,0.00,330,13.82,4.58,0.00,-15.8,4.998,4.998,4.998,4.998,59
2022-01-31 09:16:22,1.9,2.3,88,0.0,0.0,0,0.0,0.0,0,1622.00,0.00,0.00,330,13.86,4.59,0.00,-15.8,4.998,4.998,4.998,4.998,41
2022-01-31 09:17:22,1.8,2.2,94,0.0,0.0,0,0.0,0.0,0,1716.00,0.00,0.00,330,14.02,4.58,0.00,-16.3,4.998,4.998,4.998,4.998,30
2022-01-31 09:18:22,1.4,1.9,61,0.0,0.0,0,0.0,0.0,0,1777.00,0.00,0.00,330,14.10,4.58,0.00,-15.8,4.998,4.998,4.998,4.998,121
2022-01-31 09:19:22,0.0,1.4,12,0.0,0.0,0,0.0,0.0,0,1789.00,0.00,0.00,330,14.21,4.59,0.00,-15.8,4.998,4.998,4.998,4.998,193
2022-01-31 09:20:22,0.0,0.0,0,0.0,0.0,0,0.0,0.0,0,1789.00,0.00,0.00,330,14.33,4.59,0.00,-15.3,4.998,4.998,4.998,4.998,160
2022-01-31 09:21:22,0.0,0.0,0,0.0,0.0,0,0.0,0.0,0,1789.00,0.00,0.00,330,14.49,4.58,0.00,-15.3,4.998,4.998,4.998,4.998,151
2022-01-31 09:22:22,0.0,0.0,0,0.0,0.0,0,0.0,0.0,0,1789.00,0.00,0.00,330,14.57,4.58,0.00,-14.3,4.998,4.998,4.998,4.998,20
2022-01-31 09:23:22,0.0,0.0,0,0.0,0.0,0,0.0,0.0,0,1789.00,0.00,0.00,330,14.57,4.59,0.00,-13.8,4.998,4.998,4.998,4.998,130
2022-01-31 09:24:22,0.0,0.0,0,0.0,0.0,0,0.0,0.0,0,1789.00,0.00,0.00,330,14.57,4.58,0.00,-13.8,4.998,4.998,4.998,4.998,111
2022-01-31 09:25:22,0.0,0.0,0,0.0,0.0,0,0.0,0.0,0,1789.00,0.00,0.00,330,14.57,4.58,0.00,-13.8,4.998,4.998,4.998,4.998,22
2022-01-31 09:26:22,0.0,0.0,0,0.0,0.0,0,0.0,0.0,0,1789.00,0.00,0.00,330,14.57,4.58,0.00,-13.8,4.998,4.998,4.998,4.998,208
2022-01-31 09:27:22,0.0,0.0,0,0.0,0.0,0,0.0,0.0,0,1789.00,0.00,0.00,330,14.57,4.58,0.00,-13.3,4.998,4.998,4.998,4.998,168
2022-01-31 09:28:22,0.0,0.0,0,0.0,0.0,0,0.0,0.0,0,1789.00,0.00,0.00,330,14.57,4.58,0.00,-12.8,4.998,4.998,4.998,4.998,19
2022-01-31 09:29:22,0.0,0.0,0,0.0,0.0,0,0.0,0.0,0,1789.00,0.00,0.00,330,14.57,4.58,0.00,-12.4,4.998,4.998,4.998,4.998,129
2022-01-31 09:30:22,0.0,0.0,0,0.0,0.0,0,0.0,0.0,0,1789.00,0.00,0.00,330,14.60,4.59,0.00,-12.8,4.998,4.998,4.998,4.998,199
2022-01-31 09:31:22,0.0,0.0,0,0.0,0.0,0,0.0,0.0,0,1789.00,0.00,0.00,330,14.57,4.59,0.00,-12.8,4.998,4.998,4.998,4.998,224
2022-01-31 09:32:22,0.0,0.0,0,0.0,0.0,0,0.0,0.0,0,1789.00,0.00,0.00,330,14.57,4.58,0.00,-12.8,4.998,4.998,4.998,4.998,209
2022-01-31 09:33:22,0.0,0.0,0,0.0,0.0,0,0.0,0.0,0,1789.00,0.00,0.00,330,14.57,4.59,0.00,-12.8,4.998,4.998,4.998,4.998,95
2022-01-31 09:34:22,0.0,0.0,0,0.0,0.0,0,0.0,0.0,0,1789.00,0.00,0.00,330,14.57,4.59,0.00,-12.4,4.998,4.998,4.998,4.998,174
2022-01-31 09:35:22,0.0,0.0,0,0.0,0.0,0,0.0,0.0,0,1789.00,0.00,0.00,330,14.57,4.59,0.00,-12.4,4.998,4.998,4.998,4.998,215
2022-01-31 09:36:22,0.0,0.0,0,0.0,0.0,0,0.0,0.0,0,1789.00,0.00,0.00,330,14.60,4.58,0.00,-12.4,4.998,4.998,4.998,4.998,184
2022-01-31 09:37:22,0.0,0.0,0,0.0,0.0,0,0.0,0.0,0,1789.00,0.00,0.00,330,14.57,4.59,0.00,-12.4,4.998,4.998,4.998,4.998,104
2022-01-31 09:38:22,1.3,1.4,13,0.0,0.0,0,0.0,0.0,0,1802.00,0.00,0.00,330,14.57,4.59,0.00,-11.9,4.998,4.998,4.998,4.998,96
2022-01-31 09:39:22,0.9,1.8,56,0.0,0.0,0,0.0,0.0,0,1858.00,0.00,0.00,330,14.57,4.59,0.00,-12.4,4.998,4.998,4.998,4.998,102
2022-01-31 09:40:22,0.0,1.0,1,0.0,0.0,0,0.0,0.0,0,1859.00,0.00,0.00,330,14.60,4.58,0.00,-11.9,4.998,4.998,4.998,4.998,32
2022-01-31 09:41:22,0.0,0.0,0,0.0,0.0,0,0.0,0.0,0,1859.00,0.00,0.00,330,14.57,4.58,0.00,-11.9,4.998,4.998,4.998,4.998,127
2022-01-31 09:42:22,0.0,0.0,0,0.0,0.0,0,0.0,0.0,0,1859.00,0.00,0.00,330,14.57,4.58,0.00,-11.4,4.998,4.998,4.998,4.998,105
2022-01-31 09:43:22,1.7,2.6,27,0.0,0.0,0,0.0,0.0,0,1886.00,0.00,0.00,331,14.57,4.59,0.00,-12.4,4.998,4.998,4.998,4.998,140
2022-01-31 09:44:22,0.0,2.3,51,0.0,0.0,0,0.0,0.0,0,1937.00,0.00,0.00,352,14.57,4.89,0.00,-12.4,4.998,4.998,4.998,4.998,97
2022-01-31 09:45:22,1.1,1.1,4,0.0,0.0,0,0.0,0.0,0,1941.00,0.00,0.00,352,14.57,4.89,0.00,-12.4,4.998,4.998,4.998,4.998,27
2022-01-31 09:46:22,3.0,3.3,99,0.0,0.0,0,0.0,0.0,0,2040.00,0.00,0.00,6,14.60,0.08,0.00,-12.4,4.998,4.998,4.998,4.998,176
2022-01-31 09:47:22,1.8,3.3,133,0.0,0.0,0,0.0,0.0,0,2173.00,0.00,0.00,6,14.57,0.08,0.00,-10.9,4.998,4.998,4.998,4.998,186
2022-01-31 09:48:22,1.5,1.6,16,0.0,0.0,0,0.0,0.0,0,2189.00,0.00,0.00,7,14.60,0.09,0.00,-11.9,4.998,4.998,4.998,4.998,174
2022-01-31 09:49:22,0.0,1.0,1,0.0,0.0,0,0.0,0.0,0,2190.00,0.00,0.00,7,14.57,0.09,0.00,-10.9,4.998,4.998,4.998,4.998,177
2022-01-31 09:50:22,0.0,0.0,0,0.0,0.0,0,0.0,0.0,0,2190.00,0.00,0.00,7,14.57,0.09,0.00,-10.4,4.998,4.998,4.998,4.998,63
2022-01-31 09:51:22,0.0,0.0,0,0.0,0.0,0,0.0,0.0,0,2190.00,0.00,0.00,7,14.57,0.09,0.00,-10.4,4.998,4.998,4.998,4.998,32
2022-01-31 09:52:22,0.0,0.0,0,0.0,0.0,0,0.0,0.0,0,2190.00,0.00,0.00,7,14.60,0.09,0.00,-10.4,4.998,4.998,4.998,4.998,237
2022-01-31 09:53:22,0.0,0.0,0,0.0,0.0,0,0.0,0.0,0,2190.00,0.00,0.00,7,14.57,0.09,0.00,-11.4,4.998,4.998,4.998,4.998,98
2022-01-31 09:54:22,0.0,1.1,2,0.0,0.0,0,0.0,0.0,0,2192.00,0.00,0.00,7,14.60,0.09,0.00,-10.4,4.998,4.998,4.998,4.998,86
2022-01-31 09:55:22,0.0,0.0,0,0.0,0.0,0,0.0,0.0,0,2192.00,0.00,0.00,6,14.60,0.09,0.00,-9.9,4.998,4.998,4.998,4.998,140
2022-01-31 09:56:22,0.0,0.0,0,0.0,0.0,0,0.0,0.0,0,2192.00,0.00,0.00,6,14.60,0.09,0.00,-8.9,4.998,4.998,4.998,4.998,178
2022-01-31 09:57:22,0.0,0.0,0,0.0,0.0,0,0.0,0.0,0,2192.00,0.00,0.00,7,14.60,0.09,0.00,-8.5,4.998,4.998,4.998,4.998,116
2022-01-31 09:58:22,2.6,3.5,82,0.0,0.0,0,0.0,0.0,0,2274.00,0.00,0.00,7,14.57,0.09,0.00,-8.9,4.998,4.998,4.998,4.998,25
2022-01-31 09:59:22,0.8,2.9,81,0.0,0.0,0,0.0,0.0,0,2355.00,0.00,0.00,7,14.60,0.09,0.00,-10.4,4.998,4.998,4.998,4.998,116
2022-01-31 10:00:22,2.0,2.0,37,0.0,0.0,0,0.0,0.0,0,2392.00,0.00,0.00,7,14.60,0.09,0.00,-11.4,4.998,4.998,4.998,4.998,209
2022-01-31 10:01:22,3.9,4.1,153,0.0,0.0,0,0.0,0.0,0,2545.00,0.00,0.00,7,14.60,0.09,0.00,-11.4,4.998,4.998,4.998,4.998,223
2022-01-31 10:02:22,1.3,3.9,141,0.0,0.0,0,0.0,0.0,0,2686.00,0.00,0.00,7,14.57,0.09,0.00,-10.4,4.998,4.998,4.998,4.998,177
2022-01-31 10:03:22,0.0,1.5,19,0.0,0.0,0,0.0,0.0,0,2705.00,0.00,0.00,7,14.60,0.09,0.00,-11.4,4.998,4.998,4.998,4.998,137
2022-01-31 10:04:22,2.9,3.0,65,0.0,0.0,0,0.0,0.0,0,2770.00,0.00,0.00,7,14.60,0.09,0.00,-11.9,4.998,4.998,4.998,4.998,107
2022-01-31 10:05:22,2.8,3.4,167,0.0,0.0,0,0.0,0.0,0,2937.00,0.00,0.00,6,14.60,0.09,0.00,-11.9,4.998,4.998,4.998,4.998,39
2022-01-31 10:06:22,3.0,3.8,168,0.0,0.0,0,0.0,0.0,0,3105.00,0.00,0.00,7,14.57,0.10,0.00,-11.9,4.998,4.998,4.998,4.998,240
2022-01-31 10:07:22,2.3,3.5,147,0.0,0.0,0,0.0,0.0,0,3252.00,0.00,0.00,7,14.57,0.09,0.00,-12.4,4.998,4.998,4.998,4.998,94
2022-01-31 10:08:22,2.9,2.9,81,0.0,0.0,0,0.0,0.0,0,3333.00,0.00,0.00,7,14.60,0.10,0.00,-11.9,4.998,4.998,4.998,4.998,111
2022-01-31 10:09:22,2.6,3.8,168,0.0,0.0,0,0.0,0.0,0,3501.00,0.00,0.00,7,14.60,0.10,0.00,-10.9,4.998,4.998,4.998,4.998,200
2022-01-31 10:10:22,1.6,2.9,121,0.0,0.0,0,0.0,0.0,0,3622.00,0.00,0.00,7,14.57,0.10,0.00,-10.4,4.998,4.998,4.998,4.998,72
2022-01-31 10:11:22,1.5,2.0,61,0.0,0.0,0,0.0,0.0,0,3683.00,0.00,0.00,7,14.60,0.10,0.00,-10.4,4.998,4.998,4.998,4.998,185
2022-01-31 10:12:22,2.2,2.9,104,0.0,0.0,0,0.0,0.0,0,3787.00,0.00,0.00,7,14.60,0.09,0.00,-10.9,4.998,4.998,4.998,4.998,47
2022-01-31 10:13:22,2.4,3.1,116,0.0,0.0,0,0.0,0.0,0,3903.00,0.00,0.00,6,14.60,0.08,0.00,-10.9,4.998,4.998,4.998,4.998,59
2022-01-31 10:14:22,2.6,2.8,121,0.0,0.0,0,0.0,0.0,0,4024.00,0.00,0.00,6,14.60,0.08,0.00,-10.9,4.998,4.998,4.998,4.998,225
2022-01-31 10:15:22,2.8,3.3,158,0.0,0.0,0,0.0,0.0,0,4182.00,0.00,0.00,6,14.60,0.08,0.00,-10.9,4.998,4.998,4.998,4.998,106
2022-01-31 10:16:22,1.7,2.9,89,0.0,0.0,0,0.0,0.0,0,4271.00,0.00,0.00,6,14.60,0.08,0.00,-10.9,4.998,4.998,4.998,4.998,216
2022-01-31 10:17:22,1.5,1.7,56,0.0,0.0,0,0.0,0.0,0,4327.00,0.00,0.00,6,14.60,0.08,0.00,-10.9,4.998,4.998,4.998,4.998,217
2022-01-31 10:18:22,0.0,1.5,26,0.0,0.0,0,0.0,0.0,0,4353.00,0.00,0.00,6,14.60,0.08,0.00,-10.4,4.998,4.998,4.998,4.998,145
2022-01-31 10:19:22,0.0,0.0,0,0.0,0.0,0,0.0,0.0,0,4353.00,0.00,0.00,5,14.60,0.08,0.00,-9.4,4.998,4.998,4.998,4.998,220
2022-01-31 10:20:22,0.0,0.0,0,0.0,0.0,0,0.0,0.0,0,4353.00,0.00,0.00,6,14.60,0.08,0.00,-9.4,4.998,4.998,4.998,4.998,179
2022-01-31 10:21:22,0.0,0.0,0,0.0,0.0,0,0.0,0.0,0,4353.00,0.00,0.00,6,14.57,0.08,0.00,-9.4,4.998,4.998,4.998,4.998,115
2022-01-31 10:22:22,0.0,1.2,4,0.0,0.0,0,0.0,0.0,0,4357.00,0.00,0.00,6,14.60,0.08,0.00,-9.9,4.998,4.998,4.998,4.998,64
2022-01-31 10:23:22,0.0,0.0,0,0.0,0.0,0,0.0,0.0,0,4357.00,0.00,0.00,6,14.60,0.08,0.00,-9.9,4.998,4.998,4.998,4.998,185
2022-01-31 10:24:22,2.9,2.9,54,0.0,0.0,0,0.0,0.0,0,4411.00,0.00,0.00,6,14.57,0.08,0.00,-8.9,4.998,4.998,4.998,4.998,143
2022-01-31 10:25:22,2.8,3.5,168,0.0,0.0,0,0.0,0.0,0,4579.00,0.00,0.00,6,14.60,0.08,0.00,-9.9,4.998,4.998,4.998,4.998,73
2022-01-31 10:26:22,2.5,2.9,118,0.0,0.0,0,0.0,0.0,0,4697.00,0.00,0.00,6,14.57,0.08,0.00,-9.4,4.998,4.998,4.998,4.998,39
2022-01-31 10:27:22,2.9,3.5,159,0.0,0.0,0,0.0,0.0,0,4856.00,0.00,0.00,6,14.60,0.08,0.00,-8.9,4.998,4.998,4.998,4.998,174
2022-01-31 10:28:22,3.5,4.0,180,0.0,0.0,0,0.0,0.0,0,5036.00,0.00,0.00,6,14.60,0.08,0.00,-9.4,4.998,4.998,4.998,4.998,126
2022-01-31 10:29:22,1.6,3.6,126,0.0,0.0,0,0.0,0.0,0,5162.00,0.00,0.00,6,14.60,0.08,0.00,-9.4,4.998,4.998,4.998,4.998,26
2022-01-31 10:30:22,0.0,2.1,59,0.0,0.0,0,0.0,0.0,0,5221.00,0.00,0.00,6,14.60,0.08,0.00,-8.9,4.998,4.998,4.998,4.998,113
2022-01-31 10:31:22,0.0,0.0,0,0.0,0.0,0,0.0,0.0,0,5221.00,0.00,0.00,6,14.60,0.08,0.00,-8.5,4.998,4.998,4.998,4.998,168
2022-01-31 10:32:22,0.0,0.0,0,0.0,0.0,0,0.0,0.0,0,5221.00,0.00,0.00,6,14.60,0.08,0.00,-8.5,4.998,4.998,4.998,4.998,88
2022-01-31 10:33:22,2.7,2.7,88,0.0,0.0,0,0.0,0.0,0,5309.00,0.00,0.00,6,14.60,0.08,0.00,-8.0,4.998,4.998,4.998,4.998,110
2022-01-31 10:34:22,2.7,3.1,131,0.0,0.0,0,0.0,0.0,0,5440.00,0.00,0.00,6,14.60,0.08,0.00,-8.0,4.998,4.998,4.998,4.998,56
2022-01-31 10:35:22,2.4,3.2,137,0.0,0.0,0,0.0,0.0,0,5577.00,0.00,0.00,6,14.57,0.08,0.00,-8.9,4.998,4.998,4.998,4.998,193
2022-01-31 10:36:22,0.0,2.3,27,0.0,0.0,0,0.0,0.0,0,5604.00,0.00,0.00,6,14.60,0.08,0.00,-8.5,4.998,4.998,4.998,4.998,64
2022-01-31 10:37:22,0.0,0.0,0,0.0,0.0,0,0.0,0.0,0,5604.00,0.00,0.00,6,14.60,0.08,0.00,-8.5,4.998,4.998,4.998,4.998,76
2022-01-31 10:38:22,2.9,2.9,44,0.0,0.0,0,0.0,0.0,0,5648.00,0.00,0.00,6,14.60,0.08,0.00,-8.5,4.998,4.998,4.998,4.998,135
2022-01-31 10:39:22,3.3,3.6,157,0.0,0.0,0,0.0,0.0,0,5805.00,0.00,0.00,248,14.60,3.45,0.00,-8.9,4.998,4.998,4.998,4.998,241
2022-01-31 10:40:22,3.4,3.8,177,0.0,0.0,0,0.0,0.0,0,5982.00,0.00,0.00,248,14.57,3.44,0.00,-8.9,4.998,4.998,4.998,4.998,54
2022-01-31 10:41:22,3.0,3.8,178,0.0,0.0,0,0.0,0.0,0,6160.00,0.00,0.00,353,14.64,4.90,0.00,-8.5,4.998,4.998,4.998,4.998,52
2022-01-31 10:42:22,3.0,3.4,168,0.0,0.0,0,0.0,0.0,0,6328.00,0.00,0.00,353,14.57,4.90,0.00,-8.9,4.998,4.998,4.998,4.998,104
2022-01-31 10:43:22,3.2,3.3,162,0.0,0.0,0,0.0,0.0,0,6490.00,0.00,0.00,353,14.57,4.91,0.00,-8.9,4.998,4.998,4.998,4.998,17
2022-01-31 10:44:22,2.6,3.3,160,0.0,0.0,0,0.0,0.0,0,6650.00,0.00,0.00,353,14.64,4.91,0.00,-8.9,4.998,4.998,4.998,4.998,32
2022-01-31 10:45:22,2.2,2.7,120,0.0,0.0,0,0.0,0.0,0,6770.00,0.00,0.00,353,14.60,4.90,0.00,-8.5,4.998,4.998,4.998,4.998,86
2022-01-31 10:46:22,2.4,2.7,101,0.0,0.0,0,0.0,0.0,0,6871.00,0.00,0.00,353,14.60,4.91,0.00,-8.0,4.998,4.998,4.998,4.998,154
2022-01-31 10:47:22,3.0,3.2,139,0.0,0.0,0,0.0,0.0,0,7010.00,0.00,0.00,353,14.57,4.90,0.00,-8.0,4.998,4.998,4.998,4.998,184
2022-01-31 10:48:22,2.3,3.2,129,0.0,0.0,0,0.0,0.0,0,7139.00,0.00,0.00,353,14.60,4.90,0.00,-8.5,4.998,4.998,4.998,4.998,127
2022-01-31 10:49:22,1.8,3.4,133,0.0,0.0,0,0.0,0.0,0,7272.00,0.00,0.00,353,14.60,4.91,0.00,-8.0,4.998,4.998,4.998,4.998,91
2022-01-31 10:50:22,0.0,1.9,40,0.0,0.0,0,0.0,0.0,0,7312.00,0.00,0.00,353,14.57,4.90,0.00,-8.0,4.998,4.998,4.998,4.998,241
2022-01-31 10:51:22,1.9,2.1,27,0.0,0.0,0,0.0,0.0,0,7339.00,0.00,0.00,353,14.57,4.90,0.00,-7.0,4.998,4.998,4.998,4.998,1
2022-01-31 10:52:22,2.9,2.9,102,0.0,0.0,0,0.0,0.0,0,7441.00,0.00,0.00,353,14.60,4.90,0.00,-6.5,4.998,4.998,4.998,4.998,131
2022-01-31 10:53:22,2.9,3.5,158,0.0,0.0,0,0.0,0.0,0,7599.00,0.00,0.00,354,14.60,4.91,0.00,-6.5,4.998,4.998,4.998,4.998,170
2022-01-31 10:54:22,4.3,4.6,200,0.0,0.0,0,0.0,0.0,0,7799.00,0.00,0.00,10,14.57,0.14,0.00,-7.0,4.998,4.998,4.998,4.998,235
2022-01-31 10:55:22,3.8,4.3,167,0.0,0.0,0,0.0,0.0,0,7966.00,0.00,0.00,10,14.60,0.15,0.00,-7.5,4.998,4.998,4.998,4.998,109
2022-01-31 10:56:22,5.1,5.7,272,0.0,0.0,0,0.0,0.0,0,8238.00,0.00,0.00,31,14.57,0.43,0.00,-7.0,4.998,4.998,4.998,4.998,148
2022-01-31 10:57:22,5.4,6.5,338,0.0,0.0,0,0.0,0.0,0,8576.00,0.00,0.00,30,14.60,0.42,0.00,-7.5,4.998,4.998,4.998,4.998,234
2022-01-31 10:58:22,4.4,6.1,287,0.0,0.0,0,0.0,0.0,0,8863.00,0.00,0.00,32,14.60,0.45,0.00,-8.0,4.998,4.998,4.998,4.998,19
2022-01-31 10:59:22,4.3,4.8,239,0.0,0.0,0,0.0,0.0,0,9102.00,0.00,0.00,32,14.60,0.45,0.00,-8.0,4.998,4.998,4.998,4.998,57
2022-01-31 11:00:22,4.3,5.0,257,0.0,0.0,0,0.0,0.0,0,9359.00,0.00,0.00,33,14.60,0.45,0.00,-8.0,4.998,4.998,4.998,4.998,38
2022-01-31 11:01:22,4.3,4.4,215,0.0,0.0,0,0.0,0.0,0,9574.00,0.00,0.00,33,14.60,0.45,0.00,-7.5,4.998,4.998,4.998,4.998,89
2022-01-31 11:02:22,3.7,4.8,233,0.0,0.0,0,0.0,0.0,0,9807.00,0.00,0.00,32,14.64,0.45,0.00,-6.5,4.998,4.998,4.998,4.998,111
2022-01-31 11:03:22,3.9,4.4,210,0.0,0.0,0,0.0,0.0,0,10017.00,0.00,0.00,33,14.64,0.45,0.00,-7.0,4.998,4.998,4.998,4.998,51
2022-01-31 11:04:22,3.5,5.5,246,0.0,0.0,0,0.0,0.0,0,10263.00,0.00,0.00,51,14.57,0.71,0.00,-7.0,4.998,4.998,4.998,4.998,23
2022-01-31 11:05:22,2.7,4.0,158,0.0,0.0,0,0.0,0.0,0,10421.00,0.00,0.00,51,14.60,0.71,0.00,-7.0,4.998,4.998,4.998,4.998,205
2022-01-31 11:06:22,2.0,2.7,106,0.0,0.0,0,0.0,0.0,0,10527.00,0.00,0.00,51,14.60,0.71,0.00,-6.5,4.998,4.998,4.998,4.998,169
2022-01-31 11:07:22,1.9,1.9,54,0.0,0.0,0,0.0,0.0,0,10581.00,0.00,0.00,51,14.68,0.71,0.00,-5.5,4.998,4.998,4.998,4.998,55
2022-01-31 11:08:22,2.8,3.0,120,0.0,0.0,0,0.0,0.0,0,10701.00,0.00,0.00,51,14.60,0.71,0.00,-6.0,4.998,4.998,4.998,4.998,35
2022-01-31 11:09:22,2.0,3.0,114,0.0,0.0,0,0.0,0.0,0,10815.00,0.00,0.00,51,14.60,0.71,0.00,-6.0,4.998,4.998,4.998,4.998,142
2022-01-31 11:10:22,2.8,3.5,144,0.0,0.0,0,0.0,0.0,0,10959.00,0.00,0.00,51,14.60,0.71,0.00,-6.0,4.998,4.998,4.998,4.998,99
2022-01-31 11:11:22,3.1,3.2,154,0.0,0.0,0,0.0,0.0,0,11113.00,0.00,0.00,51,14.60,0.71,0.00,-5.5,4.998,4.998,4.998,4.998,124
2022-01-31 11:12:22,3.1,3.3,153,0.0,0.0,0,0.0,0.0,0,11266.00,0.00,0.00,51,14.60,0.71,0.00,-5.5,4.998,4.998,4.998,4.998,54
2022-01-31 11:13:22,2.7,3.2,147,0.0,0.0,0,0.0,0.0,0,11413.00,0.00,0.00,51,14.60,0.71,0.00,-5.0,4.998,4.998,4.998,4.998,123
2022-01-31 11:14:22,3.2,3.2,142,0.0,0.0,0,0.0,0.0,0,11555.00,0.00,0.00,51,14.60,0.71,0.00,-4.5,4.998,4.998,4.998,4.998,76
2022-01-31 11:15:22,3.7,3.8,139,0.0,0.0,0,0.0,0.0,0,11694.00,0.00,0.00,51,14.60,0.71,0.00,-4.1,4.998,4.998,4.998,4.998,10
2022-01-31 11:16:22,3.5,3.9,188,0.0,0.0,0,0.0,0.0,0,11882.00,0.00,0.00,51,14.64,0.71,0.00,-4.5,4.998,4.998,4.998,4.998,183
2022-01-31 11:17:22,3.5,5.1,229,0.0,0.0,0,0.0,0.0,0,12111.00,0.00,0.00,81,14.60,1.13,0.00,-4.1,4.998,4.998,4.998,4.998,51
2022-01-31 11:18:22,3.7,4.2,202,0.0,0.0,0,0.0,0.0,0,12313.00,0.00,0.00,81,14.60,1.13,0.00,-4.1,4.998,4.998,4.998,4.998,108
2022-01-31 11:19:22,4.5,6.5,198,0.0,0.0,0,0.0,0.0,0,12511.00,0.00,0.00,101,14.57,1.41,0.00,-3.6,4.998,4.998,4.998,4.998,240
2022-01-31 11:20:22,2.5,4.3,196,0.0,0.0,0,0.0,0.0,0,12707.00,0.00,0.00,86,14.57,1.20,0.00,-3.1,4.998,4.998,4.998,4.998,244
2022-01-31 11:21:22,5.2,6.8,282,0.0,0.0,0,0.0,0.0,0,12989.00,0.00,0.00,108,14.45,1.51,0.00,-2.6,4.998,4.998,4.998,4.998,153
2022-01-31 11:22:22,3.8,5.1,169,0.0,0.0,0,0.0,0.0,0,13158.00,0.00,0.00,92,14.33,1.28,0.00,-2.6,4.998,4.998,4.998,4.998,151
2022-01-31 11:23:22,4.8,8.4,262,0.0,0.0,0,0.0,0.0,0,13420.00,0.00,0.00,158,14.41,2.19,0.00,-2.1,4.998,4.998,4.998,4.998,130
2022-01-31 11:24:22,4.8,7.5,184,0.0,0.0,0,0.0,0.0,0,13604.00,0.00,0.00,159,14.37,2.22,0.00,-1.6,4.998,4.998,4.998,4.998,0
2022-01-31 11:25:22,5.0,5.9,209,0.0,0.0,0,0.0,0.0,0,13813.00,0.00,0.00,196,14.41,2.73,0.00,-1.1,4.998,4.998,4.998,4.998,142
2022-01-31 11:26:22,2.9,5.4,223,0.0,0.0,0,0.0,0.0,0,14036.00,0.00,0.00,190,14.41,2.65,0.00,-1.1,4.998,4.998,4.998,4.998,81
2022-01-31 11:27:22,2.1,6.2,156,0.0,0.0,0,0.0,0.0,0,14192.00,0.00,0.00,123,14.33,1.71,0.00,-1.1,4.998,4.998,4.998,4.998,161
2022-01-31 11:28:22,1.4,6.7,141,0.0,0.0,0,0.0,0.0,0,14333.00,0.00,0.00,119,14.41,1.66,0.00,-0.6,4.998,4.998,4.998,4.998,247
2022-01-31 11:29:22,7.8,8.4,236,0.0,0.0,0,0.0,0.0,0,14569.00,0.00,0.00,193,14.37,2.68,0.00,-0.6,4.998,4.998,4.998,4.998,156
2022-01-31 11:30:22,4.8,8.2,319,0.0,0.0,0,0.0,0.0,0,14888.00,0.00,0.00,206,14.33,2.87,0.00,-1.1,4.998,4.998,4.998,4.998,207
2022-01-31 11:31:22,8.3,14.1,539,0.0,0.0,0,0.0,0.0,0,15427.00,0.00,0.00,193,14.37,2.68,0.00,-1.1,4.998,4.998,4.998,4.998,205
2022-01-31 11:32:22,5.1,11.5,557,0.0,0.0,0,0.0,0.0,0,15984.00,0.00,0.00,170,14.33,2.37,0.00,-1.1,4.998,4.998,4.998,4.998,3
2022-01-31 11:33:22,7.2,8.3,379,0.0,0.0,0,0.0,0.0,0,16363.00,0.00,0.00,173,14.33,2.41,0.00,-1.1,4.998,4.998,4.998,4.998,54
2022-01-31 11:34:22,5.3,7.4,341,0.0,0.0,0,0.0,0.0,0,16704.00,0.00,0.00,177,14.29,2.47,0.00,-1.1,4.998,4.998,4.998,4.998,214
2022-01-31 11:35:22,3.1,7.7,286,0.0,0.0,0,0.0,0.0,0,16990.00,0.00,0.00,143,14.29,1.98,0.00,-0.6,4.998,4.998,4.998,4.998,56
2022-01-31 11:36:22,6.4,8.1,355,0.0,0.0,0,0.0,0.0,0,17345.00,0.00,0.00,190,14.33,2.65,0.00,-0.6,4.998,4.998,4.998,4.998,60
2022-01-31 11:37:22,10.4,11.5,417,0.0,0.0,0,0.0,0.0,0,17762.00,0.00,0.00,174,14.37,2.41,0.00,-0.6,4.998,4.998,4.998,4.998,109
2022-01-31 11:38:22,11.3,11.5,505,0.0,0.0,0,0.0,0.0,0,18267.00,0.00,0.00,173,14.41,2.41,0.00,-1.1,4.998,4.998,4.998,4.998,9
2022-01-31 11:39:22,3.5,12.6,435,0.0,0.0,0,0.0,0.0,0,18702.00,0.00,0.00,157,14.33,2.18,0.00,-0.6,4.998,4.998,4.998,4.998,190
2022-01-31 11:40:22,6.3,7.0,279,0.0,0.0,0,0.0,0.0,0,18981.00,0.00,0.00,174,14.29,2.42,0.00,-0.6,4.998,4.998,4.998,4.998,194
2022-01-31 11:41:22,9.7,9.8,444,0.0,0.0,0,0.0,0.0,0,19425.00,0.00,0.00,173,14.29,2.41,0.00,-0.2,4.998,4.998,4.998,4.998,76
2022-01-31 11:42:22,7.4,9.5,416,0.0,0.0,0,0.0,0.0,0,19841.00,0.00,0.00,201,14.29,2.80,0.00,-0.2,4.998,4.998,4.998,4.998,72
2022-01-31 11:43:22,6.4,9.1,420,0.0,0.0,0,0.0,0.0,0,20261.00,0.00,0.00,174,14.29,2.42,0.00,-0.2,4.998,4.998,4.998,4.998,106
2022-01-31 11:44:22,9.8,10.0,284,0.0,0.0,0,0.0,0.0,0,20545.00,0.00,0.00,168,14.29,2.34,0.00,-0.2,4.998,4.998,4.998,4.998,151
2022-01-31 11:45:22,3.4,10.1,409,0.0,0.0,0,0.0,0.0,0,20954.00,0.00,0.00,135,14.29,1.88,0.00,-0.2,4.998,4.998,4.998,4.998,8
2022-01-31 11:46:22,6.3,9.9,361,0.0,0.0,0,0.0,0.0,0,21315.00,0.00,0.00,127,14.33,1.77,0.00,-0.6,4.998,4.998,4.998,4.998,87
2022-01-31 11:47:22,4.2,8.9,316,0.0,0.0,0,0.0,0.0,0,21631.00,0.00,0.00,170,14.29,2.36,0.00,-0.2,4.998,4.998,4.998,4.998,159
2022-01-31 11:48:22,7.5,10.6,470,0.0,0.0,0,0.0,0.0,0,22101.00,0.00,0.00,171,14.29,2.38,0.00,-0.2,4.998,4.998,4.998,4.998,50
2022-01-31 11:49:22,5.5,9.6,387,0.0,0.0,0,0.0,0.0,0,22488.00,0.00,0.00,143,14.29,1.98,0.00,-0.2,4.998,4.998,4.998,4.998,212
2022-01-31 11:50:22,10.1,10.5,401,0.0,0.0,0,0.0,0.0,0,22889.00,0.00,0.00,197,14.29,2.74,0.00,0.2,4.998,4.998,4.998,4.998,39
2022-01-31 11:51:22,4.9,9.8,419,0.0,0.0,0,0.0,0.0,0,23308.00,0.00,0.00,157,14.29,2.18,0.00,-0.2,4.998,4.998,4.998,4.998,153
2022-01-31 11:52:22,7.6,8.3,329,0.0,0.0,0,0.0,0.0,0,23637.00,0.00,0.00,170,14.29,2.36,0.00,0.2,4.998,4.998,4.998,4.998,110
2022-01-31 11:53:22,4.4,10.5,436,0.0,0.0,0,0.0,0.0,0,24073.00,0.00,0.00,132,14.29,1.84,0.00,0.2,4.998,4.998,4.998,4.998,231
2022-01-31 11:54:22,11.6,12.1,278,0.0,0.0,0,0.0,0.0,0,24351.00,0.00,0.00,162,14.29,2.25,0.00,0.2,4.998,4.998,4.998,4.998,72
2022-01-31 11:55:22,9.8,14.6,627,0.0,0.0,0,0.0,0.0,0,24978.00,0.00,0.00,145,14.29,2.02,0.00,0.2,4.998,4.998,4.998,4.998,241
2022-01-31 11:56:22,8.3,13.2,563,0.0,0.0,0,0.0,0.0,0,25541.00,0.00,0.00,137,14.29,1.90,0.00,-0.2,4.998,4.998,4.998,4.998,70
2022-01-31 11:57:22,11.3,16.1,616,0.0,0.0,0,0.0,0.0,0,26157.00,0.00,0.00,131,14.33,1.83,0.00,-0.2,4.998,4.998,4.998,4.998,249
2022-01-31 11:58:22,12.7,13.2,581,0.0,0.0,0,0.0,0.0,0,26738.00,0.00,0.00,177,14.29,2.46,0.00,-0.2,4.998,4.998,4.998,4.998,210
2022-01-31 11:59:22,7.8,13.1,541,0.0,0.0,0,0.0,0.0,0,27279.00,0.00,0.00,127,14.29,1.76,0.00,0.2,4.998,4.998,4.998,4.998,213
2022-01-31 12:00:22,3.5,10.2,435,0.0,0.0,0,0.0,0.0,0,27714.00,0.00,0.00,177,14.29,2.47,0.00,-0.2,4.998,4.998,4.998,4.998,170
2022-01-31 12:01:22,6.8,14.4,518,0.0,0.0,0,0.0,0.0,0,28232.00,0.00,0.00,157,14.29,2.19,0.00,0.2,4.998,4.998,4.998,4.998,97
2022-01-31 12:02:22,10.1,10.9,442,0.0,0.0,0,0.0,0.0,0,28674.00,0.00,0.00,121,14.29,1.68,0.00,0.2,4.998,4.998,4.998,4.998,80
2022-01-31 12:03:22,6.9,15.3,623,0.0,0.0,0,0.0,0.0,0,29297.00,0.00,0.00,149,14.29,2.07,0.00,0.2,4.998,4.998,4.998,4.998,174
2022-01-31 12:04:22,8.8,14.0,582,0.0,0.0,0,0.0,0.0,0,29879.00,0.00,0.00,161,14.25,2.24,0.00,0.2,4.998,4.998,4.998,4.998,41
2022-01-31 12:05:22,9.1,11.3,513,0.0,0.0,0,0.0,0.0,0,30392.00,0.00,0.00,127,14.29,1.76,0.00,0.2,4.998,4.998,4.998,4.998,141
2022-01-31 12:06:22,10.4,16.7,566,0.0,0.0,0,0.0,0.0,0,30958.00,0.00,0.00,132,14.29,1.84,0.00,0.2,4.998,4.998,4.998,4.998,46
2022-01-31 12:07:22,6.6,13.9,575,0.0,0.0,0,0.0,0.0,0,31533.00,0.00,0.00,123,14.29,1.70,0.00,0.2,4.998,4.998,4.998,4.998,54
2022-01-31 12:08:22,8.0,12.2,492,0.0,0.0,0,0.0,0.0,0,32025.00,0.00,0.00,123,14.25,1.71,0.00,0.2,4.998,4.998,4.998,4.998,51
2022-01-31 12:09:22,3.6,15.4,403,0.0,0.0,0,0.0,0.0,0,32428.00,0.00,0.00,153,14.29,2.13,0.00,0.2,4.998,4.998,4.998,4.998,192
2022-01-31 12:10:22,5.1,14.7,480,0.0,0.0,0,0.0,0.0,0,32908.00,0.00,0.00,155,14.33,2.15,0.00,0.2,4.998,4.998,4.998,4.998,70
2022-01-31 12:11:22,4.4,8.6,362,0.0,0.0,0,0.0,0.0,0,33270.00,0.00,0.00,166,14.21,2.31,0.00,0.7,4.998,4.998,4.998,4.998,178
2022-01-31 12:12:22,4.6,8.1,349,0.0,0.0,0,0.0,0.0,0,33619.00,0.00,0.00,174,14.25,2.42,0.00,0.7,4.998,4.998,4.998,4.998,69
2022-01-31 12:13:22,3.7,10.3,386,0.0,0.0,0,0.0,0.0,0,34005.00,0.00,0.00,170,14.21,2.36,0.00,0.7,4.998,4.998,4.998,4.998,174
2022-01-31 12:14:22,6.2,9.4,357,0.0,0.0,0,0.0,0.0,0,34362.00,0.00,0.00,170,14.21,2.37,0.00,1.2,4.998,4.998,4.998,4.998,124
2022-01-31 12:15:22,6.9,16.3,526,0.0,0.0,0,0.0,0.0,0,34888.00,0.00,0.00,158,14.21,2.19,0.00,1.2,4.998,4.998,4.998,4.998,104
2022-01-31 12:16:22,10.9,12.5,554,0.0,0.0,0,0.0,0.0,0,35442.00,0.00,0.00,139,14.21,1.93,0.00,0.7,4.998,4.998,4.998,4.998,239
2022-01-31 12:17:22,3.1,13.2,440,0.0,0.0,0,0.0,0.0,0,35882.00,0.00,0.00,148,14.25,2.06,0.00,0.7,4.998,4.998,4.998,4.998,154
2022-01-31 12:18:22,6.2,10.8,422,0.0,0.0,0,0.0,0.0,0,36304.00,0.00,0.00,155,14.25,2.16,0.00,1.2,4.998,4.998,4.998,4.998,37
2022-01-31 12:19:22,4.1,9.1,411,0.0,0.0,0,0.0,0.0,0,36715.00,0.00,0.00,133,14.25,1.85,0.00,1.2,4.998,4.998,4.998,4.998,253
2022-01-31 12:20:22,7.6,9.5,283,0.0,0.0,0,0.0,0.0,0,36998.00,0.00,0.00,185,14.21,2.58,0.00,1.2,4.998,4.998,4.998,4.998,145
2022-01-31 12:21:22,3.0,9.7,418,0.0,0.0,0,0.0,0.0,0,37416.00,0.00,0.00,129,14.21,1.79,0.00,1.2,4.998,4.998,4.998,4.998,22
2022-01-31 12:22:22,4.6,5.7,241,0.0,0.0,0,0.0,0.0,0,37657.00,0.00,0.00,178,14.21,2.48,0.00,1.7,4.998,4.998,4.998,4.998,74
2022-01-31 12:23:22,4.6,7.1,289,0.0,0.0,0,0.0,0.0,0,37946.00,0.00,0.00,153,14.21,2.13,0.00,1.7,4.998,4.998,4.998,4.998,248
2022-01-31 12:24:22,8.2,10.8,472,0.0,0.0,0,0.0,0.0,0,38418.00,0.00,0.00,153,14.21,2.13,0.00,1.2,4.998,4.998,4.998,4.998,201
2022-01-31 12:25:22,5.5,11.8,455,0.0,0.0,0,0.0,0.0,0,38873.00,0.00,0.00,153,14.21,2.13,0.00,0.7,4.998,4.998,4.998,4.998,198
2022-01-31 12:26:22,6.4,12.4,513,0.0,0.0,0,0.0,0.0,0,39386.00,0.00,0.00,181,14.29,2.51,0.00,1.2,4.998,4.998,4.998,4.998,55
2022-01-31 12:27:22,7.5,15.6,647,0.0,0.0,0,0.0,0.0,0,40033.00,0.00,0.00,168,14.21,2.33,0.00,0.7,4.998,4.998,4.998,4.998,218
2022-01-31 12:28:22,9.5,18.5,626,0.0,0.0,0,0.0,0.0,0,40659.00,0.00,0.00,166,14.21,2.31,0.00,0.7,4.998,4.998,4.998,4.998,238
2022-01-31 12:29:22,8.0,17.3,700,0.0,0.0,0,0.0,0.0,0,41359.00,0.00,0.00,182,14.21,2.53,0.00,1.2,4.998,4.998,4.998,4.998,167
2022-01-31 12:30:22,11.4,12.4,453,0.0,0.0,0,0.0,0.0,0,41812.00,0.00,0.00,200,14.21,2.78,0.00,1.2,4.998,4.998,4.998,4.998,77
2022-01-31 12:31:22,7.0,15.5,634,0.0,0.0,0,0.0,0.0,0,42446.00,0.00,0.00,138,14.21,1.92,0.00,0.7,4.998,4.998,4.998,4.998,148
2022-01-31 12:32:22,8.4,16.8,654,0.0,0.0,0,0.0,0.0,0,43100.00,0.00,0.00,170,14.21,2.37,0.00,1.2,4.998,4.998,4.998,4.998,212
2022-01-31 12:33:22,4.2,14.2,482,0.0,0.0,0,0.0,0.0,0,43582.00,0.00,0.00,119,14.21,1.66,0.00,1.2,4.998,4.998,4.998,4.998,187
2022-01-31 12:34:22,5.0,14.8,475,0.0,0.0,0,0.0,0.0,0,44057.00,0.00,0.00,99,14.25,1.38,0.00,1.2,4.998,4.998,4.998,4.998,58
2022-01-31 12:35:22,9.1,12.5,516,0.0,0.0,0,0.0,0.0,0,44573.00,0.00,0.00,131,14.21,1.82,0.00,0.7,4.998,4.998,4.998,4.998,49
2022-01-31 12:36:22,8.9,13.9,523,0.0,0.0,0,0.0,0.0,0,45096.00,0.00,0.00,165,14.21,2.29,0.00,1.2,4.998,4.998,4.998,4.998,70
2022-01-31 12:37:22,6.1,12.2,517,0.0,0.0,0,0.0,0.0,0,45613.00,0.00,0.00,158,14.25,2.19,0.00,1.2,4.998,4.998,4.998,4.998,102
2022-01-31 12:38:22,7.9,15.2,520,0.0,0.0,0,0.0,0.0,0,46133.00,0.00,0.00,148,14.21,2.06,0.00,0.7,4.998,4.998,4.998,4.998,106
2022-01-31 12:39:22,9.5,16.8,612,0.0,0.0,0,0.0,0.0,0,46745.00,0.00,0.00,141,14.21,1.96,0.00,0.7,4.998,4.998,4.998,4.998,9
2022-01-31 12:40:22,11.6,13.4,586,0.0,0.0,0,0.0,0.0,0,47331.00,0.00,0.00,154,14.21,2.14,0.00,1.2,4.998,4.998,4.998,4.998,68
2022-01-31 12:41:22,6.9,14.2,547,0.0,0.0,0,0.0,0.0,0,47878.00,0.00,0.00,154,14.21,2.14,0.00,0.7,4.998,4.998,4.998,4.998,89
2022-01-31 12:42:22,3.8,12.0,454,0.0,0.0,0,0.0,0.0,0,48332.00,0.00,0.00,151,14.21,2.10,0.00,1.2,4.998,4.998,4.998,4.998,207
2022-01-31 12:43:22,13.9,18.6,672,0.0,0.0,0,0.0,0.0,0,49004.00,0.00,0.00,136,14.21,1.89,0.00,1.2,4.998,4.998,4.998,4.998,118
2022-01-31 12:44:22,8.6,14.8,688,0.0,0.0,0,0.0,0.0,0,49692.00,0.00,0.00,151,14.25,2.10,0.00,1.2,4.998,4.998,4.998,4.998,42
2022-01-31 12:45:22,10.1,13.5,541,0.0,0.0,0,0.0,0.0,0,50233.00,0.00,0.00,152,14.21,2.11,0.00,1.2,4.998,4.998,4.998,4.998,228
2022-01-31 12:46:22,9.3,13.0,385,0.0,0.0,0,0.0,0.0,0,50618.00,0.00,0.00,113,14.25,1.58,0.00,1.7,4.998,4.998,4.998,4.998,238
2022-01-31 12:47:22,11.0,16.7,756,0.0,0.0,0,0.0,0.0,0,51374.00,0.00,0.00,158,14.21,2.19,0.00,1.2,4.998,4.998,4.998,4.998,86
2022-01-31 12:48:22,9.9,13.1,442,0.0,0.0,0,0.0,0.0,0,51816.00,0.00,0.00,123,14.29,1.70,0.00,1.7,4.998,4.998,4.998,4.998,182
2022-01-31 12:49:22,4.2,14.6,545,0.0,0.0,0,0.0,0.0,0,52361.00,0.00,0.00,151,14.25,2.10,0.00,1.7,4.998,4.998,4.998,4.998,236
2022-01-31 12:50:22,9.7,17.3,537,0.0,0.0,0,0.0,0.0,0,52898.00,0.00,0.00,156,14.21,2.17,0.00,1.7,4.998,4.998,4.998,4.998,32
2022-01-31 12:51:22,10.6,12.4,609,0.0,0.0,0,0.0,0.0,0,53507.00,0.00,0.00,175,14.21,2.44,0.00,1.2,4.998,4.998,4.998,4.998,100
2022-01-31 12:52:22,4.2,11.5,378,0.0,0.0,0,0.0,0.0,0,53885.00,0.00,0.00,168,14.25,2.33,0.00,1.7,4.998,4.998,4.998,4.998,31
2022-01-31 12:53:22,7.7,12.7,385,0.0,0.0,0,0.0,0.0,0,54270.00,0.00,0.00,194,14.21,2.70,0.00,1.7,4.998,4.998,4.998,4.998,171
2022-01-31 12:54:22,6.9,9.1,369,0.0,0.0,0,0.0,0.0,0,54639.00,0.00,0.00,184,14.25,2.56,0.00,2.2,4.998,4.998,4.998,4.998,48
2022-01-31 12:55:22,11.5,12.6,421,0.0,0.0,0,0.0,0.0,0,55060.00,0.00,0.00,142,14.21,1.97,0.00,1.7,4.998,4.998,4.998,4.998,85
2022-01-31 12:56:22,6.1,13.8,525,0.0,0.0,0,0.0,0.0,0,55585.00,0.00,0.00,144,14.21,2.00,0.00,1.2,4.998,4.998,4.998,4.998,87
2022-01-31 12:57:22,10.8,15.6,414,0.0,0.0,0,0.0,0.0,0,55999.00,0.00,0.00,156,14.21,2.16,0.00,1.2,4.998,4.998,4.998,4.998,165
2022-01-31 12:58:22,10.7,13.0,584,0.0,0.0,0,0.0,0.0,0,56583.00,0.00,0.00,145,14.21,2.02,0.00,0.7,4.998,4.998,4.998,4.998,45
2022-01-31 12:59:22,8.3,15.9,594,0.0,0.0,0,0.0,0.0,0,57177.00,0.00,0.00,161,14.21,2.24,0.00,1.7,4.998,4.998,4.998,4.998,142
2022-01-31 13:00:22,8.6,12.2,564,0.0,0.0,0,0.0,0.0,0,57741.00,0.00,0.00,139,14.21,1.94,0.00,1.7,4.998,4.998,4.998,4.998,4
2022-01-31 13:01:22,7.9,15.3,634,0.0,0.0,0,0.0,0.0,0,58375.00,0.00,0.00,167,14.21,2.32,0.00,1.7,4.998,4.998,4.998,4.998,22
2022-01-31 13:02:22,9.5,14.6,647,0.0,0.0,0,0.0,0.0,0,59022.00,0.00,0.00,109,14.21,1.52,0.00,1.7,4.998,4.998,4.998,4.998,227
2022-01-31 13:03:22,9.4,14.9,503,0.0,0.0,0,0.0,0.0,0,59525.00,0.00,0.00,80,14.21,1.11,0.00,1.7,4.998,4.998,4.998,4.998,93
2022-01-31 13:04:22,12.6,15.3,608,0.0,0.0,0,0.0,0.0,0,60133.00,0.00,0.00,159,14.21,2.21,0.00,1.7,4.998,4.998,4.998,4.998,145
2022-01-31 13:05:22,9.0,22.6,848,0.0,0.0,0,0.0,0.0,0,60981.00,0.00,0.00,143,14.29,1.99,0.00,1.7,4.998,4.998,4.998,4.998,170
2022-01-31 13:06:22,9.8,13.7,646,0.0,0.0,0,0.0,0.0,0,61627.00,0.00,0.00,196,14.25,2.72,0.00,1.7,4.998,4.998,4.998,4.998,115
2022-01-31 13:07:22,7.4,14.0,616,0.0,0.0,0,0.0,0.0,0,62243.00,0.00,0.00,152,14.21,2.11,0.00,1.7,4.998,4.998,4.998,4.998,206
2022-01-31 13:08:22,10.9,10.9,452,0.0,0.0,0,0.0,0.0,0,62695.00,0.00,0.00,142,14.21,1.97,0.00,2.2,4.998,4.998,4.998,4.998,63
2022-01-31 13:09:22,11.1,17.1,611,0.0,0.0,0,0.0,0.0,0,63306.00,0.00,0.00,148,14.21,2.06,0.00,2.2,4.998,4.998,4.998,4.998,124
2022-01-31 13:10:22,7.7,15.8,645,0.0,0.0,0,0.0,0.0,0,63951.00,0.00,0.00,170,14.29,2.37,0.00,1.7,4.998,4.998,4.998,4.998,21
2022-01-31 13:11:22,7.0,14.9,612,0.0,0.0,0,0.0,0.0,0,64563.00,0.00,0.00,163,14.25,2.27,0.00,1.7,4.998,4.998,4.998,4.998,85
2022-01-31 13:12:22,6.7,17.8,562,0.0,0.0,0,0.0,0.0,0,65125.00,0.00,0.00,139,14.21,1.93,0.00,2.2,4.998,4.998,4.998,4.998,20
2022-01-31 13:13:22,9.8,10.1,445,0.0,0.0,0,0.0,0.0,0,65570.00,0.00,0.00,132,14.21,1.84,0.00,2.2,4.998,4.998,4.998,4.998,127
2022-01-31 13:14:22,4.5,15.1,576,0.0,0.0,0,0.0,0.0,0,66146.00,0.00,0.00,131,14.21,1.83,0.00,2.2,4.998,4.998,4.998,4.998,117
2022-01-31 13:15:22,8.5,15.3,581,0.0,0.0,0,0.0,0.0,0,66727.00,0.00,0.00,175,14.21,2.43,0.00,1.7,4.998,4.998,4.998,4.998,50
2022-01-31 13:16:22,6.0,10.6,406,0.0,0.0,0,0.0,0.0,0,67133.00,0.00,0.00,159,14.29,2.22,0.00,2.2,4.998,4.998,4.998,4.998,242
2022-01-31 13:17:22,15.2,19.1,593,0.0,0.0,0,0.0,0.0,0,67726.00,0.00,0.00,124,14.25,1.72,0.00,2.2,4.998,4.998,4.998,4.998,11
2022-01-31 13:18:22,9.7,19.8,787,0.0,0.0,0,0.0,0.0,0,68513.00,0.00,0.00,140,14.21,1.95,0.00,2.2,4.998,4.998,4.998,4.998,96
2022-01-31 13:19:22,7.9,17.8,624,0.0,0.0,0,0.0,0.0,0,69137.00,0.00,0.00,158,14.21,2.20,0.00,2.2,4.998,4.998,4.998,4.998,75
2022-01-31 13:20:22,8.5,18.6,703,0.0,0.0,0,0.0,0.0,0,69840.00,0.00,0.00,171,14.21,2.37,0.00,1.7,4.998,4.998,4.998,4.998,25
2022-01-31 13:21:22,8.1,15.7,724,0.0,0.0,0,0.0,0.0,0,70564.00,0.00,0.00,149,14.21,2.08,0.00,1.7,4.998,4.998,4.998,4.998,245
2022-01-31 13:22:22,7.7,13.5,571,0.0,0.0,0,0.0,0.0,0,71135.00,0.00,0.00,201,14.21,2.80,0.00,2.7,4.998,4.998,4.998,4.998,22
2022-01-31 13:23:22,8.7,15.0,549,0.0,0.0,0,0.0,0.0,0,71684.00,0.00,0.00,176,14.25,2.45,0.00,2.2,4.998,4.998,4.998,4.998,239
2022-01-31 13:24:22,3.8,9.2,271,0.0,0.0,0,0.0,0.0,0,71955.00,0.00,0.00,184,14.21,2.55,0.00,2.7,4.998,4.998,4.998,4.998,54
2022-01-31 13:25:22,6.4,10.8,423,0.0,0.0,0,0.0,0.0,0,72378.00,0.00,0.00,169,14.21,2.34,0.00,2.7,4.998,4.998,4.998,4.998,39
2022-01-31 13:26:22,5.4,17.9,619,0.0,0.0,0,0.0,0.0,0,72997.00,0.00,0.00,104,14.21,1.44,0.00,2.7,4.998,4.998,4.998,4.998,29
2022-01-31 13:27:22,9.4,14.2,541,0.0,0.0,0,0.0,0.0,0,73538.00,0.00,0.00,98,14.21,1.36,0.00,2.7,4.998,4.998,4.998,4.998,233
2022-01-31 13:28:22,8.0,13.8,567,0.0,0.0,0,0.0,0.0,0,74105.00,0.00,0.00,128,14.21,1.78,0.00,2.7,4.998,4.998,4.998,4.998,129
2022-01-31 13:29:22,8.2,11.6,453,0.0,0.0,0,0.0,0.0,0,74558.00,0.00,0.00,171,14.21,2.38,0.00,2.7,4.998,4.998,4.998,4.998,74
2022-01-31 13:30:22,6.3,9.3,383,0.0,0.0,0,0.0,0.0,0,74941.00,0.00,0.00,156,14.21,2.17,0.00,3.2,4.998,4.998,4.998,4.998,173
2022-01-31 13:31:22,6.8,9.7,450,0.0,0.0,0,0.0,0.0,0,75391.00,0.00,0.00,117,14.21,1.62,0.00,2.7,4.998,4.998,4.998,4.998,27
2022-01-31 13:32:22,4.4,9.6,350,0.0,0.0,0,0.0,0.0,0,75741.00,0.00,0.00,158,14.21,2.20,0.00,3.2,4.998,4.998,4.998,4.998,31
2022-01-31 13:33:22,5.6,8.2,326,0.0,0.0,0,0.0,0.0,0,76067.00,0.00,0.00,159,14.21,2.21,0.00,3.7,4.998,4.998,4.998,4.998,62
2022-01-31 13:34:22,5.0,8.9,401,0.0,0.0,0,0.0,0.0,0,76468.00,0.00,0.00,159,14.21,2.22,0.00,3.7,4.998,4.998,4.998,4.998,93
2022-01-31 13:35:22,4.8,6.5,297,0.0,0.0,0,0.0,0.0,0,76765.00,0.00,0.00,160,14.25,2.22,0.00,3.7,4.998,4.998,4.998,4.998,1
2022-01-31 13:36:22,4.2,6.3,221,0.0,0.0,0,0.0,0.0,0,76986.00,0.00,0.00,192,14.17,2.67,0.00,4.1,4.998,4.998,4.998,4.998,3
2022-01-31 13:37:22,7.0,10.2,364,0.0,0.0,0,0.0,0.0,0,77350.00,0.00,0.00,147,14.21,2.04,0.00,3.7,4.998,4.998,4.998,4.998,136
2022-01-31 13:38:22,4.3,8.8,307,0.0,0.0,0,0.0,0.0,0,77657.00,0.00,0.00,185,14.17,2.57,0.00,3.7,4.998,4.998,4.998,4.998,108
2022-01-31 13:39:22,2.4,4.2,134,0.0,0.0,0,0.0,0.0,0,77791.00,0.00,0.00,221,14.17,3.07,0.00,4.1,4.998,4.998,4.998,4.998,79
2022-01-31 13:40:22,6.3,7.2,214,0.0,0.0,0,0.0,0.0,0,78005.00,0.00,0.00,198,14.17,2.75,0.00,4.1,4.998,4.998,4.998,4.998,138
2022-01-31 13:41:22,6.9,10.3,412,0.0,0.0,0,0.0,0.0,0,78417.00,0.00,0.00,187,14.17,2.60,0.00,3.7,4.998,4.998,4.998,4.998,230
2022-01-31 13:42:22,8.1,11.7,493,0.0,0.0,0,0.0,0.0,0,78910.00,0.00,0.00,150,14.17,2.08,0.00,3.7,4.998,4.998,4.998,4.998,156
2022-01-31 13:43:22,10.4,13.9,562,0.0,0.0,0,0.0,0.0,0,79472.00,0.00,0.00,203,14.17,2.83,0.00,3.7,4.998,4.998,4.998,4.998,221
2022-01-31 13:44:22,2.7,11.3,341,0.0,0.0,0,0.0,0.0,0,79813.00,0.00,0.00,148,14.17,2.05,0.00,3.7,4.998,4.998,4.998,4.998,140
2022-01-31 13:45:22,3.0,9.1,267,0.0,0.0,0,0.0,0.0,0,80080.00,0.00,0.00,187,14.17,2.60,0.00,4.1,4.998,4.998,4.998,4.998,131
2022-01-31 13:46:22,4.1,6.8,209,0.0,0.0,0,0.0,0.0,0,80289.00,0.00,0.00,190,14.17,2.64,0.00,4.1,4.998,4.998,4.998,4.998,60
2022-01-31 13:47:22,6.6,14.1,556,0.0,0.0,0,0.0,0.0,0,80845.00,0.00,0.00,193,14.17,2.68,0.00,3.7,4.998,4.998,4.998,4.998,22
2022-01-31 13:48:22,13.1,21.1,812,0.0,0.0,0,0.0,0.0,0,81657.00,0.00,0.00,168,14.21,2.33,0.00,3.2,4.998,4.998,4.998,4.998,210
2022-01-31 13:49:22,9.9,18.8,768,0.0,0.0,0,0.0,0.0,0,82425.00,0.00,0.00,201,14.17,2.79,0.00,3.7,4.998,4.998,4.998,4.998,166
2022-01-31 13:50:22,10.9,18.5,734,0.0,0.0,0,0.0,0.0,0,83159.00,0.00,0.00,195,14.17,2.71,0.00,3.2,4.998,4.998,4.998,4.998,188
2022-01-31 13:51:22,12.2,18.8,794,0.0,0.0,0,0.0,0.0,0,83953.00,0.00,0.00,181,14.17,2.51,0.00,3.2,4.998,4.998,4.998,4.998,8
2022-01-31 13:52:22,14.6,17.5,768,0.0,0.0,0,0.0,0.0,0,84721.00,0.00,0.00,153,14.21,2.13,0.00,3.2,4.998,4.998,4.998,4.998,55
2022-01-31 13:53:22,11.4,18.8,791,0.0,0.0,0,0.0,0.0,0,85512.00,0.00,0.00,174,14.17,2.42,0.00,3.2,4.998,4.998,4.998,4.998,31
2022-01-31 13:54:22,9.1,15.7,623,0.0,0.0,0,0.0,0.0,0,86135.00,0.00,0.00,189,14.17,2.63,0.00,3.7,4.998,4.998,4.998,4.998,216
2022-01-31 13:55:22,10.4,15.8,647,0.0,0.0,0,0.0,0.0,0,86782.00,0.00,0.00,196,14.17,2.72,0.00,3.2,4.998,4.998,4.998,4.998,178
2022-01-31 13:56:22,5.4,14.7,519,0.0,0.0,0,0.0,0.0,0,87301.00,0.00,0.00,171,14.17,2.38,0.00,3.7,4.998,4.998,4.998,4.998,186
2022-01-31 13:57:22,8.1,13.6,613,0.0,0.0,0,0.0,0.0,0,87914.00,0.00,0.00,187,14.17,2.60,0.00,3.7,4.998,4.998,4.998,4.998,241
2022-01-31 13:58:22,10.6,12.2,528,0.0,0.0,0,0.0,0.0,0,88442.00,0.00,0.00,176,14.25,2.45,0.00,3.7,4.998,4.998,4.998,4.998,185
2022-01-31 13:59:22,6.7,16.2,718,0.0,0.0,0,0.0,0.0,0,89160.00,0.00,0.00,159,14.17,2.22,0.00,3.7,4.998,4.998,4.998,4.998,92
2022-01-31 14:00:22,13.5,15.9,576,0.0,0.0,0,0.0,0.0,0,89736.00,0.00,0.00,200,14.17,2.78,0.00,3.7,4.998,4.998,4.998,4.998,177
2022-01-31 14:01:22,10.5,15.3,652,0.0,0.0,0,0.0,0.0,0,90388.00,0.00,0.00,183,14.17,2.55,0.00,3.7,4.998,4.998,4.998,4.998,165
2022-01-31 14:02:22,6.8,15.1,630,0.0,0.0,0,0.0,0.0,0,91018.00,0.00,0.00,178,14.17,2.47,0.00,4.1,4.998,4.998,4.998,4.998,127
2022-01-31 14:03:22,6.2,10.6,398,0.0,0.0,0,0.0,0.0,0,91416.00,0.00,0.00,153,14.17,2.13,0.00,3.7,4.998,4.998,4.998,4.998,43
2022-01-31 14:04:22,8.9,11.3,436,0.0,0.0,0,0.0,0.0,0,91852.00,0.00,0.00,213,14.17,2.96,0.00,4.1,4.998,4.998,4.998,4.998,127
2022-01-31 14:05:22,10.4,18.8,807,0.0,0.0,0,0.0,0.0,0,92659.00,0.00,0.00,179,14.17,2.49,0.00,3.7,4.998,4.998,4.998,4.998,11
2022-01-31 14:06:22,8.1,15.8,552,0.0,0.0,0,0.0,0.0,0,93211.00,0.00,0.00,157,14.17,2.18,0.00,3.7,4.998,4.998,4.998,4.998,45
2022-01-31 14:07:22,10.3,14.4,644,0.0,0.0,0,0.0,0.0,0,93855.00,0.00,0.00,189,14.17,2.63,0.00,3.7,4.998,4.998,4.998,4.998,221
2022-01-31 14:08:22,6.5,10.4,375,0.0,0.0,0,0.0,0.0,0,94230.00,0.00,0.00,165,14.25,2.29,0.00,4.1,4.998,4.998,4.998,4.998,39
2022-01-31 14:09:22,9.4,10.9,416,0.0,0.0,0,0.0,0.0,0,94646.00,0.00,0.00,225,14.21,3.13,0.00,4.1,4.998,4.998,4.998,4.998,104
2022-01-31 14:10:22,6.4,13.9,521,0.0,0.0,0,0.0,0.0,0,95167.00,0.00,0.00,174,14.21,2.42,0.00,4.1,4.998,4.998,4.998,4.998,128
2022-01-31 14:11:22,13.5,20.8,629,0.0,0.0,0,0.0,0.0,0,95796.00,0.00,0.00,179,14.21,2.49,0.00,3.7,4.998,4.998,4.998,4.998,255
2022-01-31 14:12:22,7.0,14.8,566,0.0,0.0,0,0.0,0.0,0,96362.00,0.00,0.00,189,14.17,2.62,0.00,3.7,4.998,4.998,4.998,4.998,51
2022-01-31 14:13:22,14.0,15.2,580,0.0,0.0,0,0.0,0.0,0,96942.00,0.00,0.00,196,14.17,2.73,0.00,3.7,4.998,4.998,4.998,4.998,202
2022-01-31 14:14:22,10.7,19.0,779,0.0,0.0,0,0.0,0.0,0,97721.00,0.00,0.00,174,14.21,2.41,0.00,3.7,4.998,4.998,4.998,4.998,228
2022-01-31 14:15:22,9.3,17.7,750,0.0,0.0,0,0.0,0.0,0,98471.00,0.00,0.00,153,14.17,2.13,0.00,3.7,4.998,4.998,4.998,4.998,182
2022-01-31 14:16:22,11.1,17.8,691,0.0,0.0,0,0.0,0.0,0,99162.00,0.00,0.00,180,14.25,2.49,0.00,3.7,4.998,4.998,4.998,4.998,54
2022-01-31 14:17:22,9.3,13.9,663,0.0,0.0,0,0.0,0.0,0,99825.00,0.00,0.00,186,14.21,2.59,0.00,4.1,4.998,4.998,4.998,4.998,212
2022-01-31 14:18:22,7.2,12.2,509,0.0,0.0,0,0.0,0.0,0,100334.00,0.00,0.00,162,14.25,2.25,0.00,4.1,4.998,4.998,4.998,4.998,222
2022-01-31 14:19:22,9.0,14.7,568,0.0,0.0,0,0.0,0.0,0,100902.00,0.00,0.00,182,14.21,2.53,0.00,4.1,4.998,4.998,4.998,4.998,4
2022-01-31 14:20:22,7.3,12.4,540,0.0,0.0,0,0.0,0.0,0,101442.00,0.00,0.00,134,14.21,1.87,0.00,3.7,4.998,4.998,4.998,4.998,230
2022-01-31 14:21:22,9.3,11.6,483,0.0,0.0,0,0.0,0.0,0,101925.00,0.00,0.00,159,14.21,2.21,0.00,4.1,4.998,4.998,4.998,4.998,247
2022-01-31 14:22:22,6.7,11.8,528,0.0,0.0,0,0.0,0.0,0,102453.00,0.00,0.00,190,14.21,2.64,0.00,4.1,4.998,4.998,4.998,4.998,96
2022-01-31 14:23:22,5.6,11.2,497,0.0,0.0,0,0.0,0.0,0,102950.00,0.00,0.00,205,14.29,2.85,0.00,4.1,4.998,4.998,4.998,4.998,40
2022-01-31 14:24:22,9.5,17.4,553,0.0,0.0,0,0.0,0.0,0,103503.00,0.00,0.00,142,14.21,1.97,0.00,4.1,4.998,4.998,4.998,4.998,16
2022-01-31 14:25:22,7.5,15.5,610,0.0,0.0,0,0.0,0.0,0,104113.00,0.00,0.00,146,14.21,2.04,0.00,4.1,4.998,4.998,4.998,4.998,190
2022-01-31 14:26:22,9.2,14.2,586,0.0,0.0,0,0.0,0.0,0,104699.00,0.00,0.00,178,14.29,2.47,0.00,4.1,4.998,4.998,4.998,4.998,109
2022-01-31 14:27:22,10.6,11.8,511,0.0,0.0,0,0.0,0.0,0,105210.00,0.00,0.00,156,14.25,2.17,0.00,4.6,4.998,4.998,4.998,4.998,203
2022-01-31 14:28:22,3.3,11.3,385,0.0,0.0,0,0.0,0.0,0,105595.00,0.00,0.00,181,14.21,2.52,0.00,4.6,4.998,4.998,4.998,4.998,130
2022-01-31 14:29:22,12.6,18.7,471,0.0,0.0,0,0.0,0.0,0,106066.00,0.00,0.00,190,14.21,2.64,0.00,4.6,4.998,4.998,4.998,4.998,243
2022-01-31 14:30:22,7.3,12.8,511,0.0,0.0,0,0.0,0.0,0,106577.00,0.00,0.00,175,14.21,2.43,0.00,4.6,4.998,4.998,4.998,4.998,29
2022-01-31 14:31:22,8.1,12.3,521,0.0,0.0,0,0.0,0.0,0,107098.00,0.00,0.00,149,14.21,2.07,0.00,4.1,4.998,4.998,4.998,4.998,255
2022-01-31 14:32:22,10.3,15.7,633,0.0,0.0,0,0.0,0.0,0,107731.00,0.00,0.00,164,14.29,2.29,0.00,4.1,4.998,4.998,4.998,4.998,8
2022-01-31 14:33:22,7.0,9.8,432,0.0,0.0,0,0.0,0.0,0,108163.00,0.00,0.00,182,14.21,2.52,0.00,4.6,4.998,4.998,4.998,4.998,74
2022-01-31 14:34:22,4.9,9.5,436,0.0,0.0,0,0.0,0.0,0,108599.00,0.00,0.00,147,14.21,2.05,0.00,4.1,4.998,4.998,4.998,4.998,104
2022-01-31 14:35:22,4.7,10.7,495,0.0,0.0,0,0.0,0.0,0,109094.00,0.00,0.00,200,14.21,2.78,0.00,4.1,4.998,4.998,4.998,4.998,118
2022-01-31 14:36:22,6.8,8.9,353,0.0,0.0,0,0.0,0.0,0,109447.00,0.00,0.00,185,14.25,2.57,0.00,4.6,4.998,4.998,4.998,4.998,102
2022-01-31 14:37:22,8.6,12.1,479,0.0,0.0,0,0.0,0.0,0,109926.00,0.00,0.00,193,14.21,2.69,0.00,4.6,4.998,4.998,4.998,4.998,207
2022-01-31 14:38:22,7.3,14.2,518,0.0,0.0,0,0.0,0.0,0,110444.00,0.00,0.00,166,14.17,2.30,0.00,4.6,4.998,4.998,4.998,4.998,200
2022-01-31 14:39:22,6.5,8.1,311,0.0,0.0,0,0.0,0.0,0,110755.00,0.00,0.00,149,14.17,2.08,0.00,4.6,4.998,4.998,4.998,4.998,113
2022-01-31 14:40:22,6.4,11.7,452,0.0,0.0,0,0.0,0.0,0,111207.00,0.00,0.00,188,14.17,2.61,0.00,4.6,4.998,4.998,4.998,4.998,6
2022-01-31 14:41:22,17.9,19.3,605,0.0,0.0,0,0.0,0.0,0,111812.00,0.00,0.00,183,14.17,2.54,0.00,4.6,4.998,4.998,4.998,4.998,99
2022-01-31 14:42:22,12.8,20.2,783,0.0,0.0,0,0.0,0.0,0,112595.00,0.00,0.00,198,14.21,2.75,0.00,4.6,4.998,4.998,4.998,4.998,110
2022-01-31 14:43:22,7.2,17.3,734,0.0,0.0,0,0.0,0.0,0,113329.00,0.00,0.00,253,14.25,3.52,0.00,4.1,4.998,4.998,4.998,4.998,138
2022-01-31 14:44:22,2.9,17.9,596,0.0,0.0,0,0.0,0.0,0,113925.00,0.00,0.00,191,14.17,2.65,0.00,4.6,4.998,4.998,4.998,4.998,136
2022-01-31 14:45:22,13.9,16.9,659,0.0,0.0,0,0.0,0.0,0,114584.00,0.00,0.00,183,14.17,2.55,0.00,4.6,4.998,4.998,4.998,4.998,46
2022-01-31 14:46:22,7.8,20.4,699,0.0,0.0,0,0.0,0.0,0,115283.00,0.00,0.00,184,14.17,2.55,0.00,4.6,4.998,4.998,4.998,4.998,75
2022-01-31 14:47:22,14.0,16.9,691,0.0,0.0,0,0.0,0.0,0,115974.00,0.00,0.00,179,14.14,2.49,0.00,4.6,4.998,4.998,4.998,4.998,158
2022-01-31 14:48:22,7.6,15.1,630,0.0,0.0,0,0.0,0.0,0,116604.00,0.00,0.00,175,14.17,2.43,0.00,4.6,4.998,4.998,4.998,4.998,73
2022-01-31 14:49:22,6.2,12.4,472,0.0,0.0,0,0.0,0.0,0,117076.00,0.00,0.00,198,14.14,2.75,0.00,4.6,4.998,4.998,4.998,4.998,67
2022-01-31 14:50:22,7.7,15.2,600,0.0,0.0,0,0.0,0.0,0,117676.00,0.00,0.00,224,14.17,3.11,0.00,4.1,4.998,4.998,4.998,4.998,146
2022-01-31 14:51:22,8.1,15.4,691,0.0,0.0,0,0.0,0.0,0,118367.00,0.00,0.00,180,14.17,2.49,0.00,4.1,4.998,4.998,4.998,4.998,215
2022-01-31 14:52:22,9.2,12.9,551,0.0,0.0,0,0.0,0.0,0,118918.00,0.00,0.00,205,14.17,2.85,0.00,4.6,4.998,4.998,4.998,4.998,12
2022-01-31 14:53:22,10.5,13.6,514,0.0,0.0,0,0.0,0.0,0,119432.00,0.00,0.00,182,14.17,2.53,0.00,4.6,4.998,4.998,4.998,4.998,186
2022-01-31 14:54:22,9.1,20.9,768,0.0,0.0,0,0.0,0.0,0,120200.00,0.00,0.00,193,14.17,2.68,0.00,4.1,4.998,4.998,4.998,4.998,122
2022-01-31 14:55:22,11.2,16.7,602,0.0,0.0,0,0.0,0.0,0,120802.00,0.00,0.00,185,14.21,2.57,0.00,4.6,4.998,4.998,4.998,4.998,122
2022-01-31 14:56:22,12.4,14.1,542,0.0,0.0,0,0.0,0.0,0,121344.00,0.00,0.00,170,14.17,2.36,0.00,4.1,4.998,4.998,4.998,4.998,20
2022-01-31 14:57:22,11.2,16.0,566,0.0,0.0,0,0.0,0.0,0,121910.00,0.00,0.00,202,14.17,2.81,0.00,4.1,4.998,4.998,4.998,4.998,10
2022-01-31 14:58:22,8.0,12.9,477,0.0,0.0,0,0.0,0.0,0,122387.00,0.00,0.00,174,14.17,2.42,0.00,4.1,4.998,4.998,4.998,4.998,34
2022-01-31 14:59:22,8.1,19.9,788,0.0,0.0,0,0.0,0.0,0,123175.00,0.00,0.00,163,14.17,2.26,0.00,4.1,4.998,4.998,4.998,4.998,191
2022-01-31 15:00:22,9.9,12.9,472,0.0,0.0,0,0.0,0.0,0,123647.00,0.00,0.00,153,14.17,2.12,0.00,4.1,4.998,4.998,4.998,4.998,209
2022-01-31 15:01:22,11.3,15.2,615,0.0,0.0,0,0.0,0.0,0,124262.00,0.00,0.00,193,14.17,2.69,0.00,4.1,4.998,4.998,4.998,4.998,68
2022-01-31 15:02:22,7.7,13.1,559,0.0,0.0,0,0.0,0.0,0,124821.00,0.00,0.00,189,14.17,2.63,0.00,4.1,4.998,4.998,4.998,4.998,8
2022-01-31 15:03:22,7.6,11.0,485,0.0,0.0,0,0.0,0.0,0,125306.00,0.00,0.00,201,14.21,2.79,0.00,4.6,4.998,4.998,4.998,4.998,61
2022-01-31 15:04:22,4.3,12.3,424,0.0,0.0,0,0.0,0.0,0,125730.00,0.00,0.00,175,14.25,2.43,0.00,4.6,4.998,4.998,4.998,4.998,191
2022-01-31 15:05:22,10.1,15.9,620,0.0,0.0,0,0.0,0.0,0,126350.00,0.00,0.00,173,14.17,2.41,0.00,4.1,4.998,4.998,4.998,4.998,245
2022-01-31 15:06:22,8.5,12.0,502,0.0,0.0,0,0.0,0.0,0,126852.00,0.00,0.00,176,14.21,2.44,0.00,4.6,4.998,4.998,4.998,4.998,82
2022-01-31 15:07:22,9.4,10.2,415,0.0,0.0,0,0.0,0.0,0,127267.00,0.00,0.00,179,14.17,2.49,0.00,4.6,4.998,4.998,4.998,4.998,145
2022-01-31 15:08:22,11.4,15.9,672,0.0,0.0,0,0.0,0.0,0,127939.00,0.00,0.00,170,14.17,2.36,0.00,4.6,4.998,4.998,4.998,4.998,118
2022-01-31 15:09:22,8.5,14.2,639,0.0,0.0,0,0.0,0.0,0,128578.00,0.00,0.00,158,14.17,2.19,0.00,4.1,4.998,4.998,4.998,4.998,215
2022-01-31 15:10:22,8.5,15.4,612,0.0,0.0,0,0.0,0.0,0,129190.00,0.00,0.00,182,14.21,2.53,0.00,4.6,4.998,4.998,4.998,4.998,152
2022-01-31 15:11:22,8.1,12.3,513,0.0,0.0,0,0.0,0.0,0,129703.00,0.00,0.00,155,14.17,2.15,0.00,4.6,4.998,4.998,4.998,4.998,138
2022-01-31 15:12:22,8.3,15.8,608,0.0,0.0,0,0.0,0.0,0,130311.00,0.00,0.00,171,14.17,2.38,0.00,5.1,4.998,4.998,4.998,4.998,120
2022-01-31 15:13:22,13.3,14.0,674,0.0,0.0,0,0.0,0.0,0,130985.00,0.00,0.00,191,14.17,2.65,0.00,4.6,4.998,4.998,4.998,4.998,50
2022-01-31 15:14:22,9.1,15.5,628,0.0,0.0,0,0.0,0.0,0,131613.00,0.00,0.00,194,14.17,2.70,0.00,4.6,4.998,4.998,4.998,4.998,203
2022-01-31 15:15:22,4.6,10.7,476,0.0,0.0,0,0.0,0.0,0,132089.00,0.00,0.00,177,14.21,2.47,0.00,4.6,4.998,4.998,4.998,4.998,112
2022-01-31 15:16:22,10.7,13.0,516,0.0,0.0,0,0.0,0.0,0,132605.00,0.00,0.00,208,14.17,2.89,0.00,5.1,4.998,4.998,4.998,4.998,203
2022-01-31 15:17:22,7.1,14.6,435,0.0,0.0,0,0.0,0.0,0,133040.00,0.00,0.00,148,14.17,2.06,0.00,5.1,4.998,4.998,4.998,4.998,193
2022-01-31 15:18:22,12.0,20.5,777,0.0,0.0,0,0.0,0.0,0,133817.00,0.00,0.00,161,14.17,2.24,0.00,4.6,4.998,4.998,4.998,4.998,188
2022-01-31 15:19:22,9.5,14.3,662,0.0,0.0,0,0.0,0.0,0,134479.00,0.00,0.00,151,14.17,2.10,0.00,4.6,4.998,4.998,4.998,4.998,169
2022-01-31 15:20:22,11.3,15.0,601,0.0,0.0,0,0.0,0.0,0,135080.00,0.00,0.00,212,14.21,2.94,0.00,4.6,4.998,4.998,4.998,4.998,114
2022-01-31 15:21:22,8.9,12.3,557,0.0,0.0,0,0.0,0.0,0,135637.00,0.00,0.00,173,14.17,2.40,0.00,5.1,4.998,4.998,4.998,4.998,5
2022-01-31 15:22:22,7.4,22.1,719,0.0,0.0,0,0.0,0.0,0,136356.00,0.00,0.00,187,14.17,2.60,0.00,4.6,4.998,4.998,4.998,4.998,136
2022-01-31 15:23:22,16.1,20.2,742,0.0,0.0,0,0.0,0.0,0,137098.00,0.00,0.00,160,14.17,2.23,0.00,5.1,4.998,4.998,4.998,4.998,197
2022-01-31 15:24:22,11.0,18.4,796,0.0,0.0,0,0.0,0.0,0,137894.00,0.00,0.00,160,14.17,2.23,0.00,4.6,4.998,4.998,4.998,4.998,115
2022-01-31 15:25:22,6.9,13.3,547,0.0,0.0,0,0.0,0.0,0,138441.00,0.00,0.00,201,14.17,2.80,0.00,5.1,4.998,4.998,4.998,4.998,55
2022-01-31 15:26:22,14.1,19.5,822,0.0,0.0,0,0.0,0.0,0,139263.00,0.00,0.00,165,14.14,2.29,0.00,4.6,4.998,4.998,4.998,4.998,205
2022-01-31 15:27:22,12.4,19.2,663,0.0,0.0,0,0.0,0.0,0,139926.00,0.00,0.00,183,14.17,2.54,0.00,4.6,4.998,4.998,4.998,4.998,233
2022-01-31 15:28:22,13.2,16.9,768,0.0,0.0,0,0.0,0.0,0,140694.00,0.00,0.00,236,14.17,3.28,0.00,5.1,4.998,4.998,4.998,4.998,61
2022-01-31 15:29:22,9.8,17.5,779,0.0,0.0,0,0.0,0.0,0,141473.00,0.00,0.00,172,14.17,2.39,0.00,5.1,4.998,4.998,4.998,4.998,205
2022-01-31 15:30:22,12.1,15.7,552,0.0,0.0,0,0.0,0.0,0,142025.00,0.00,0.00,187,14.17,2.60,0.00,5.1,4.998,4.998,4.998,4.998,202
2022-01-31 15:31:22,7.7,17.9,776,0.0,0.0,0,0.0,0.0,0,142801.00,0.00,0.00,168,14.25,2.33,0.00,5.1,4.998,4.998,4.998,4.998,204
2022-01-31 15:32:22,10.9,19.3,771,0.0,0.0,0,0.0,0.0,0,143572.00,0.00,0.00,160,14.17,2.23,0.00,5.1,4.998,4.998,4.998,4.998,194
2022-01-31 15:33:22,9.9,17.7,729,0.0,0.0,0,0.0,0.0,0,144301.00,0.00,0.00,135,14.21,1.87,0.00,5.1,4.998,4.998,4.998,4.998,155
2022-01-31 15:34:22,8.4,13.1,541,0.0,0.0,0,0.0,0.0,0,144842.00,0.00,0.00,201,14.14,2.79,0.00,5.6,4.998,4.998,4.998,4.998,86
2022-01-31 15:35:22,6.1,14.4,553,0.0,0.0,0,0.0,0.0,0,145395.00,0.00,0.00,165,14.17,2.29,0.00,5.6,4.998,4.998,4.998,4.998,68
2022-01-31 15:36:22,8.9,16.1,563,0.0,0.0,0,0.0,0.0,0,145958.00,0.00,0.00,152,14.17,2.11,0.00,5.1,4.998,4.998,4.998,4.998,11
2022-01-31 15:37:22,7.3,20.7,799,0.0,0.0,0,0.0,0.0,0,146757.00,0.00,0.00,184,14.17,2.55,0.00,5.1,4.998,4.998,4.998,4.998,73
2022-01-31 15:38:22,12.1,17.8,741,0.0,0.0,0,0.0,0.0,0,147498.00,0.00,0.00,193,14.14,2.69,0.00,5.6,4.998,4.998,4.998,4.998,29
2022-01-31 15:39:22,10.2,15.6,717,0.0,0.0,0,0.0,0.0,0,148215.00,0.00,0.00,177,14.17,2.47,0.00,5.1,4.998,4.998,4.998,4.998,128
2022-01-31 15:40:22,10.8,12.5,441,0.0,0.0,0,0.0,0.0,0,148656.00,0.00,0.00,217,14.17,3.02,0.00,5.1,4.998,4.998,4.998,4.998,205
2022-01-31 15:41:22,14.0,21.1,829,0.0,0.0,0,0.0,0.0,0,149485.00,0.00,0.00,161,14.17,2.24,0.00,4.6,4.998,4.998,4.998,4.998,85
2022-01-31 15:42:22,10.4,17.4,770,0.0,0.0,0,0.0,0.0,0,150255.00,0.00,0.00,187,14.17,2.60,0.00,5.1,4.998,4.998,4.998,4.998,206
2022-01-31 15:43:22,13.7,16.5,794,0.0,0.0,0,0.0,0.0,0,151049.00,0.00,0.00,184,14.17,2.55,0.00,5.1,4.998,4.998,4.998,4.998,148
2022-01-31 15:44:22,9.6,13.8,575,0.0,0.0,0,0.0,0.0,0,151624.00,0.00,0.00,197,14.21,2.74,0.00,5.1,4.998,4.998,4.998,4.998,24
2022-01-31 15:45:22,7.3,16.0,682,0.0,0.0,0,0.0,0.0,0,152306.00,0.00,0.00,148,14.17,2.06,0.00,5.1,4.998,4.998,4.998,4.998,62
2022-01-31 15:46:22,9.2,14.0,563,0.0,0.0,0,0.0,0.0,0,152869.00,0.00,0.00,146,14.17,2.03,0.00,5.1,4.998,4.998,4.998,4.998,238
2022-01-31 15:47:22,5.9,10.4,449,0.0,0.0,0,0.0,0.0,0,153318.00,0.00,0.00,160,14.17,2.22,0.00,5.1,4.998,4.998,4.998,4.998,208
2022-01-31 15:48:22,6.8,12.8,553,0.0,0.0,0,0.0,0.0,0,153871.00,0.00,0.00,150,14.17,2.08,0.00,5.1,4.998,4.998,4.998,4.998,233
2022-01-31 15:49:22,6.5,14.5,384,0.0,0.0,0,0.0,0.0,0,154255.00,0.00,0.00,156,14.17,2.17,0.00,5.6,4.998,4.998,4.998,4.998,253
2022-01-31 15:50:22,4.8,12.5,468,0.0,0.0,0,0.0,0.0,0,154723.00,0.00,0.00,202,14.14,2.81,0.00,5.6,4.998,4.998,4.998,4.998,53
2022-01-31 15:51:22,7.1,11.7,439,0.0,0.0,0,0.0,0.0,0,155162.00,0.00,0.00,191,14.17,2.66,0.00,5.6,4.998,4.998,4.998,4.998,192
2022-01-31 15:52:22,8.1,9.4,461,0.0,0.0,0,0.0,0.0,0,155623.00,0.00,0.00,183,14.14,2.54,0.00,5.6,4.998,4.998,4.998,4.998,79
2022-01-31 15:53:22,5.7,9.2,358,0.0,0.0,0,0.0,0.0,0,155981.00,0.00,0.00,210,14.17,2.92,0.00,5.6,4.998,4.998,4.998,4.998,181
2022-01-31 15:54:22,8.4,10.8,416,0.0,0.0,0,0.0,0.0,0,156397.00,0.00,0.00,169,14.14,2.35,0.00,5.1,4.998,4.998,4.998,4.998,25
2022-01-31 15:55:22,6.5,15.2,688,0.0,0.0,0,0.0,0.0,0,157085.00,0.00,0.00,191,14.17,2.66,0.00,5.1,4.998,4.998,4.998,4.998,187
2022-01-31 15:56:22,4.7,11.8,457,0.0,0.0,0,0.0,0.0,0,157542.00,0.00,0.00,171,14.21,2.37,0.00,5.6,4.998,4.998,4.998,4.998,98
2022-01-31 15:57:22,7.8,14.5,517,0.0,0.0,0,0.0,0.0,0,158059.00,0.00,0.00,171,14.14,2.38,0.00,5.1,4.998,4.998,4.998,4.998,80
2022-01-31 15:58:22,4.4,15.3,636,0.0,0.0,0,0.0,0.0,0,158695.00,0.00,0.00,174,14.17,2.41,0.00,5.1,4.998,4.998,4.998,4.998,129
2022-01-31 15:59:22,7.0,14.6,579,0.0,0.0,0,0.0,0.0,0,159274.00,0.00,0.00,140,14.17,1.95,0.00,5.1,4.998,4.998,4.998,4.998,28
2022-01-31 16:00:22,7.4,9.1,378,0.0,0.0,0,0.0,0.0,0,159652.00,0.00,0.00,170,14.17,2.36,0.00,5.1,4.998,4.998,4.998,4.998,170
2022-01-31 16:01:22,4.9,8.1,386,0.0,0.0,0,0.0,0.0,0,160038.00,0.00,0.00,176,14.14,2.45,0.00,5.1,4.998,4.998,4.998,4.998,11
2022-01-31 16:02:22,8.9,12.3,504,0.0,0.0,0,0.0,0.0,0,160542.00,0.00,0.00,168,14.17,2.34,0.00,5.1,4.998,4.998,4.998,4.998,65
2022-01-31 16:03:22,7.8,12.1,490,0.0,0.0,0,0.0,0.0,0,161032.00,0.00,0.00,156,14.17,2.17,0.00,5.6,4.998,4.998,4.998,4.998,86
2022-01-31 16:04:22,7.1,14.3,491,0.0,0.0,0,0.0,0.0,0,161523.00,0.00,0.00,191,14.17,2.66,0.00,5.6,4.998,4.998,4.998,4.998,39
2022-01-31 16:05:22,7.5,12.1,540,0.0,0.0,0,0.0,0.0,0,162063.00,0.00,0.00,191,14.17,2.66,0.00,5.6,4.998,4.998,4.998,4.998,145
2022-01-31 16:06:22,6.2,8.5,349,0.0,0.0,0,0.0,0.0,0,162412.00,0.00,0.00,165,14.17,2.29,0.00,5.1,4.998,4.998,4.998,4.998,173
2022-01-31 16:07:22,13.7,15.9,669,0.0,0.0,0,0.0,0.0,0,163081.00,0.00,0.00,173,14.17,2.41,0.00,5.1,4.998,4.998,4.998,4.998,169
2022-01-31 16:08:22,4.3,13.8,426,0.0,0.0,0,0.0,0.0,0,163507.00,0.00,0.00,166,14.14,2.30,0.00,5.1,4.998,4.998,4.998,4.998,210
2022-01-31 16:09:22,5.8,12.5,454,0.0,0.0,0,0.0,0.0,0,163961.00,0.00,0.00,134,14.17,1.87,0.00,5.1,4.998,4.998,4.998,4.998,177
2022-01-31 16:10:22,8.3,20.2,746,0.0,0.0,0,0.0,0.0,0,164707.00,0.00,0.00,171,14.25,2.38,0.00,5.1,4.998,4.998,4.998,4.998,71
2022-01-31 16:11:22,7.5,13.4,571,0.0,0.0,0,0.0,0.0,0,165278.00,0.00,0.00,178,14.14,2.47,0.00,5.1,4.998,4.998,4.998,4.998,22
2022-01-31 16:12:22,9.2,18.9,525,0.0,0.0,0,0.0,0.0,0,165803.00,0.00,0.00,146,14.17,2.03,0.00,5.6,4.998,4.998,4.998,4.998,18
2022-01-31 16:13:22,9.1,16.1,643,0.0,0.0,0,0.0,0.0,0,166446.00,0.00,0.00,153,14.17,2.12,0.00,5.6,4.998,4.998,4.998,4.998,122
2022-01-31 16:14:22,8.5,9.6,481,0.0,0.0,0,0.0,0.0,0,166927.00,0.00,0.00,155,14.17,2.15,0.00,6.1,4.998,4.998,4.998,4.998,172
2022-01-31 16:15:22,3.1,11.1,381,0.0,0.0,0,0.0,0.0,0,167308.00,0.00,0.00,173,14.17,2.41,0.00,6.1,4.998,4.998,4.998,4.998,38
2022-01-31 16:16:22,7.7,11.2,413,0.0,0.0,0,0.0,0.0,0,167721.00,0.00,0.00,180,14.17,2.50,0.00,6.1,4.998,4.998,4.998,4.998,86
2022-01-31 16:17:22,3.8,8.3,339,0.0,0.0,0,0.0,0.0,0,168060.00,0.00,0.00,174,14.14,2.42,0.00,6.6,4.998,4.998,4.998,4.998,254
2022-01-31 16:18:22,7.2,11.3,514,0.0,0.0,0,0.0,0.0,0,168574.00,0.00,0.00,170,14.17,2.37,0.00,6.1,4.998,4.998,4.998,4.998,113
2022-01-31 16:19:22,7.0,17.0,658,0.0,0.0,0,0.0,0.0,0,169232.00,0.00,0.00,179,14.17,2.49,0.00,6.1,4.998,4.998,4.998,4.998,154
2022-01-31 16:20:22,5.5,12.6,515,0.0,0.0,0,0.0,0.0,0,169747.00,0.00,0.00,166,14.17,2.30,0.00,5.6,4.998,4.998,4.998,4.998,73
2022-01-31 16:21:22,9.2,15.7,594,0.0,0.0,0,0.0,0.0,0,170341.00,0.00,0.00,194,14.14,2.70,0.00,6.1,4.998,4.998,4.998,4.998,101
2022-01-31 16:22:22,9.9,9.9,382,0.0,0.0,0,0.0,0.0,0,170723.00,0.00,0.00,207,14.21,2.87,0.00,6.1,4.998,4.998,4.998,4.998,110
2022-01-31 16:23:22,9.3,13.9,542,0.0,0.0,0,0.0,0.0,0,171265.00,0.00,0.00,160,14.17,2.22,0.00,6.1,4.998,4.998,4.998,4.998,135
2022-01-31 16:24:22,13.4,19.8,607,0.0,0.0,0,0.0,0.0,0,171872.00,0.00,0.00,174,14.17,2.41,0.00,5.6,4.998,4.998,4.998,4.998,65
2022-01-31 16:25:22,7.2,15.0,585,0.0,0.0,0,0.0,0.0,0,172457.00,0.00,0.00,191,14.17,2.66,0.00,5.6,4.998,4.998,4.998,4.998,119
2022-01-31 16:26:22,9.0,14.7,518,0.0,0.0,0,0.0,0.0,0,172975.00,0.00,0.00,197,14.21,2.73,0.00,5.6,4.998,4.998,4.998,4.998,217
2022-01-31 16:27:22,8.3,12.6,592,0.0,0.0,0,0.0,0.0,0,173567.00,0.00,0.00,194,14.17,2.70,0.00,5.6,4.998,4.998,4.998,4.998,215
2022-01-31 16:28:22,11.0,16.9,754,0.0,0.0,0,0.0,0.0,0,174321.00,0.00,0.00,172,14.17,2.39,0.00,5.1,4.998,4.998,4.998,4.998,40
2022-01-31 16:29:22,13.2,14.0,579,0.0,0.0,0,0.0,0.0,0,174900.00,0.00,0.00,159,14.17,2.21,0.00,5.1,4.998,4.998,4.998,4.998,152
2022-01-31 16:30:22,13.2,17.4,722,0.0,0.0,0,0.0,0.0,0,175622.00,0.00,0.00,203,14.17,2.82,0.00,5.6,4.998,4.998,4.998,4.998,37
2022-01-31 16:31:22,7.8,16.8,729,0.0,0.0,0,0.0,0.0,0,176351.00,0.00,0.00,207,14.17,2.88,0.00,5.6,4.998,4.998,4.998,4.998,255
2022-01-31 16:32:22,7.6,20.2,743,0.0,0.0,0,0.0,0.0,0,177094.00,0.00,0.00,143,14.17,1.99,0.00,5.6,4.998,4.998,4.998,4.998,17
2022-01-31 16:33:22,6.7,10.9,454,0.0,0.0,0,0.0,0.0,0,177548.00,0.00,0.00,173,14.17,2.41,0.00,5.6,4.998,4.998,4.998,4.998,230
2022-01-31 16:34:22,5.0,10.7,414,0.0,0.0,0,0.0,0.0,0,177962.00,0.00,0.00,220,14.14,3.06,0.00,5.6,4.998,4.998,4.998,4.998,185
2022-01-31 16:35:22,8.7,11.8,386,0.0,0.0,0,0.0,0.0,0,178348.00,0.00,0.00,194,14.14,2.70,0.00,6.1,4.998,4.998,4.998,4.998,173
2022-01-31 16:36:22,7.7,15.7,657,0.0,0.0,0,0.0,0.0,0,179005.00,0.00,0.00,173,14.17,2.41,0.00,5.6,4.998,4.998,4.998,4.998,42
2022-01-31 16:37:22,17.1,17.1,558,0.0,0.0,0,0.0,0.0,0,179563.00,0.00,0.00,197,14.17,2.74,0.00,5.6,4.998,4.998,4.998,4.998,27
2022-01-31 16:38:22,8.9,17.8,720,0.0,0.0,0,0.0,0.0,0,180283.00,0.00,0.00,153,14.17,2.13,0.00,6.1,4.998,4.998,4.998,4.998,252
2022-01-31 16:39:22,9.3,10.3,410,0.0,0.0,0,0.0,0.0,0,180693.00,0.00,0.00,217,14.14,3.01,0.00,5.6,4.998,4.998,4.998,4.998,17
2022-01-31 16:40:22,10.0,15.5,563,0.0,0.0,0,0.0,0.0,0,181256.00,0.00,0.00,199,14.17,2.77,0.00,5.6,4.998,4.998,4.998,4.998,231
2022-01-31 16:41:22,7.8,13.9,617,0.0,0.0,0,0.0,0.0,0,181873.00,0.00,0.00,181,14.21,2.52,0.00,5.6,4.998,4.998,4.998,4.998,154
2022-01-31 16:42:22,6.8,11.0,434,0.0,0.0,0,0.0,0.0,0,182307.00,0.00,0.00,150,14.14,2.09,0.00,6.1,4.998,4.998,4.998,4.998,134
2022-01-31 16:43:22,9.5,12.5,506,0.0,0.0,0,0.0,0.0,0,182813.00,0.00,0.00,169,14.17,2.35,0.00,6.1,4.998,4.998,4.998,4.998,212
2022-01-31 16:44:22,4.2,9.8,333,0.0,0.0,0,0.0,0.0,0,183146.00,0.00,0.00,172,14.17,2.40,0.00,5.6,4.998,4.998,4.998,4.998,199
2022-01-31 16:45:22,2.9,5.2,198,0.0,0.0,0,0.0,0.0,0,183344.00,0.00,0.00,187,14.14,2.60,0.00,5.6,4.998,4.998,4.998,4.998,36
2022-01-31 16:46:22,3.6,7.7,265,0.0,0.0,0,0.0,0.0,0,183609.00,0.00,0.00,164,14.17,2.29,0.00,5.6,4.998,4.998,4.998,4.998,199
2022-01-31 16:47:22,4.2,6.2,261,0.0,0.0,0,0.0,0.0,0,183870.00,0.00,0.00,191,14.17,2.66,0.00,5.6,4.998,4.998,4.998,4.998,88
2022-01-31 16:48:22,7.7,7.7,299,0.0,0.0,0,0.0,0.0,0,184169.00,0.00,0.00,180,14.17,2.50,0.00,5.6,4.998,4.998,4.998,4.998,196
2022-01-31 16:49:22,8.8,18.1,568,0.0,0.0,0,0.0,0.0,0,184737.00,0.00,0.00,203,14.17,2.82,0.00,5.6,4.998,4.998,4.998,4.998,121
2022-01-31 16:50:22,5.7,13.5,538,0.0,0.0,0,0.0,0.0,0,185275.00,0.00,0.00,145,14.17,2.02,0.00,5.1,4.998,4.998,4.998,4.998,191
2022-01-31 16:51:22,11.7,13.2,506,0.0,0.0,0,0.0,0.0,0,185781.00,0.00,0.00,184,14.17,2.56,0.00,5.1,4.998,4.998,4.998,4.998,84
2022-01-31 16:52:22,9.4,15.0,586,0.0,0.0,0,0.0,0.0,0,186367.00,0.00,0.00,168,14.17,2.33,0.00,4.6,4.998,4.998,4.998,4.998,0
2022-01-31 16:53:22,7.6,11.3,506,0.0,0.0,0,0.0,0.0,0,186873.00,0.00,0.00,188,14.17,2.61,0.00,4.6,4.998,4.998,4.998,4.998,235
2022-01-31 16:54:22,8.7,10.9,506,0.0,0.0,0,0.0,0.0,0,187379.00,0.00,0.00,182,14.17,2.53,0.00,5.1,4.998,4.998,4.998,4.998,240
2022-01-31 16:55:22,3.8,10.2,392,0.0,0.0,0,0.0,0.0,0,187771.00,0.00,0.00,174,14.17,2.42,0.00,4.6,4.998,4.998,4.998,4.998,170
2022-01-31 16:56:22,4.6,7.6,292,0.0,0.0,0,0.0,0.0,0,188063.00,0.00,0.00,191,14.17,2.65,0.00,5.1,4.998,4.998,4.998,4.998,212
2022-01-31 16:57:22,4.4,8.5,318,0.0,0.0,0,0.0,0.0,0,188381.00,0.00,0.00,170,14.17,2.37,0.00,4.6,4.998,4.998,4.998,4.998,32
2022-01-31 16:58:22,3.4,9.0,295,0.0,0.0,0,0.0,0.0,0,188676.00,0.00,0.00,175,14.17,2.43,0.00,4.6,4.998,4.998,4.998,4.998,41
2022-01-31 16:59:22,3.9,7.8,292,0.0,0.0,0,0.0,0.0,0,188968.00,0.00,0.00,157,14.17,2.19,0.00,4.1,4.998,4.998,4.998,4.998,234
2022-01-31 17:00:22,8.4,10.2,424,0.0,0.0,0,0.0,0.0,0,189392.00,0.00,0.00,174,14.14,2.41,0.00,4.6,4.998,4.998,4.998,4.998,76
2022-01-31 17:01:22,5.8,9.5,403,0.0,0.0,0,0.0,0.0,0,189795.00,0.00,0.00,180,14.14,2.50,0.00,4.1,4.998,4.998,4.998,4.998,104
2022-01-31 17:02:22,4.9,6.3,260,0.0,0.0,0,0.0,0.0,0,190055.00,0.00,0.00,192,14.17,2.67,0.00,4.6,4.998,4.998,4.998,4.998,22
2022-01-31 17:03:22,3.9,5.1,202,0.0,0.0,0,0.0,0.0,0,190257.00,0.00,0.00,127,14.17,1.77,0.00,4.1,4.998,4.998,4.998,4.998,78
2022-01-31 17:04:22,4.5,12.0,363,0.0,0.0,0,0.0,0.0,0,190620.00,0.00,0.00,159,14.17,2.21,0.00,4.1,4.998,4.998,4.998,4.998,0
2022-01-31 17:05:22,4.2,9.4,331,0.0,0.0,0,0.0,0.0,0,190951.00,0.00,0.00,167,14.17,2.32,0.00,4.1,4.998,4.998,4.998,4.998,225
2022-01-31 17:06:22,2.0,5.1,163,0.0,0.0,0,0.0,0.0,0,191114.00,0.00,0.00,148,14.14,2.05,0.00,3.7,4.998,4.998,4.998,4.998,109
2022-01-31 17:07:22,2.6,7.1,240,0.0,0.0,0,0.0,0.0,0,191354.00,0.00,0.00,135,14.21,1.88,0.00,3.7,4.998,4.998,4.998,4.998,165
2022-01-31 17:08:22,10.5,11.0,232,0.0,0.0,0,0.0,0.0,0,191586.00,0.00,0.00,140,14.21,1.95,0.00,3.7,4.998,4.998,4.998,4.998,188
2022-01-31 17:09:22,3.6,10.9,388,0.0,0.0,0,0.0,0.0,0,191974.00,0.00,0.00,156,14.21,2.17,0.00,3.7,4.998,4.998,4.998,4.998,48
2022-01-31 17:10:22,5.1,5.8,230,0.0,0.0,0,0.0,0.0,0,192204.00,0.00,0.00,166,13.98,2.31,0.00,3.7,4.998,4.998,4.998,4.998,66
2022-01-31 17:11:22,2.6,5.5,198,0.0,0.0,0,0.0,0.0,0,192402.00,0.00,0.00,156,13.86,2.17,0.00,3.2,4.998,4.998,4.998,4.998,235
2022-01-31 17:12:22,7.0,7.9,325,0.0,0.0,0,0.0,0.0,0,192727.00,0.00,0.00,166,13.82,2.30,0.00,3.7,4.998,4.998,4.998,4.998,189
2022-01-31 17:13:22,5.9,8.7,380,0.0,0.0,0,0.0,0.0,0,193107.00,0.00,0.00,136,13.82,1.89,0.00,3.7,4.998,4.998,4.998,4.998,192
2022-01-31 17:14:22,6.4,8.0,246,0.0,0.0,0,0.0,0.0,0,193353.00,0.00,0.00,162,13.78,2.26,0.00,3.7,4.998,4.998,4.998,4.998,52
2022-01-31 17:15:22,4.1,8.8,418,0.0,0.0,0,0.0,0.0,0,193771.00,0.00,0.00,161,13.78,2.24,0.00,3.7,4.998,4.998,4.998,4.998,239
2022-01-31 17:16:22,6.1,8.2,291,0.0,0.0,0,0.0,0.0,0,194062.00,0.00,0.00,151,13.74,2.10,0.00,3.2,4.998,4.998,4.998,4.998,1
2022-01-31 17:17:22,6.5,11.8,469,0.0,0.0,0,0.0,0.0,0,194531.00,0.00,0.00,150,13.74,2.09,0.00,3.7,4.998,4.998,4.998,4.998,206
2022-01-31 17:18:22,5.2,6.5,279,0.0,0.0,0,0.0,0.0,0,194810.00,0.00,0.00,175,13.78,2.43,0.00,3.2,4.998,4.998,4.998,4.998,4
2022-01-31 17:19:22,5.7,6.3,283,0.0,0.0,0,0.0,0.0,0,195093.00,0.00,0.00,189,13.78,2.63,0.00,2.7,4.998,4.998,4.998,4.998,173
2022-01-31 17:20:22,4.6,12.0,541,0.0,0.0,0,0.0,0.0,0,195634.00,0.00,0.00,150,13.82,2.09,0.00,3.2,4.998,4.998,4.998,4.998,178
2022-01-31 17:21:22,4.5,8.9,327,0.0,0.0,0,0.0,0.0,0,195961.00,0.00,0.00,196,13.82,2.72,0.00,3.7,4.998,4.998,4.998,4.998,132
2022-01-31 17:22:22,5.7,9.2,337,0.0,0.0,0,0.0,0.0,0,196298.00,0.00,0.00,133,13.90,1.85,0.00,3.2,4.998,4.998,4.998,4.998,131
2022-01-31 17:23:22,6.3,6.5,227,0.0,0.0,0,0.0,0.0,0,196525.00,0.00,0.00,194,14.02,2.70,0.00,3.2,4.998,4.998,4.998,4.998,160
2022-01-31 17:24:22,2.3,6.1,246,0.0,0.0,0,0.0,0.0,0,196771.00,0.00,0.00,197,14.06,2.74,0.00,2.7,4.998,4.998,4.998,4.998,134
2022-01-31 17:25:22,6.2,6.7,194,0.0,0.0,0,0.0,0.0,0,196965.00,0.00,0.00,145,14.02,2.02,0.00,3.2,4.998,4.998,4.998,4.998,15
2022-01-31 17:26:22,7.1,8.5,396,0.0,0.0,0,0.0,0.0,0,197361.00,0.00,0.00,167,13.98,2.32,0.00,3.2,4.998,4.998,4.998,4.998,245
2022-01-31 17:27:22,3.6,8.8,317,0.0,0.0,0,0.0,0.0,0,197678.00,0.00,0.00,180,13.94,2.50,0.00,3.2,4.998,4.998,4.998,4.998,39
2022-01-31 17:28:22,2.4,5.6,242,0.0,0.0,0,0.0,0.0,0,197920.00,0.00,0.00,166,13.90,2.31,0.00,3.7,4.998,4.998,4.998,4.998,35
2022-01-31 17:29:22,9.7,10.3,322,0.0,0.0,0,0.0,0.0,0,198242.00,0.00,0.00,161,13.86,2.24,0.00,3.2,4.998,4.998,4.998,4.998,129
2022-01-31 17:30:22,3.5,12.3,396,0.0,0.0,0,0.0,0.0,0,198638.00,0.00,0.00,168,13.86,2.34,0.00,3.2,4.998,4.998,4.998,4.998,246
2022-01-31 17:31:22,5.9,7.2,228,0.0,0.0,0,0.0,0.0,0,198866.00,0.00,0.00,184,13.78,2.55,0.00,3.2,4.998,4.998,4.998,4.998,162
2022-01-31 17:32:22,3.9,7.5,278,0.0,0.0,0,0.0,0.0,0,199144.00,0.00,0.00,169,13.78,2.35,0.00,3.2,4.998,4.998,4.998,4.998,186
2022-01-31 17:33:22,0.0,4.1,96,0.0,0.0,0,0.0,0.0,0,199240.00,0.00,0.00,122,13.78,1.70,0.00,3.2,4.998,4.998,4.998,4.998,99
2022-01-31 17:34:22,3.8,4.3,171,0.0,0.0,0,0.0,0.0,0,199411.00,0.00,0.00,171,13.74,2.38,0.00,3.2,4.998,4.998,4.998,4.998,151
2022-01-31 17:35:22,3.3,5.6,221,0.0,0.0,0,0.0,0.0,0,199632.00,0.00,0.00,181,13.67,2.52,0.00,3.2,4.998,4.998,4.998,4.998,161
2022-01-31 17:36:22,3.1,6.1,231,0.0,0.0,0,0.0,0.0,0,199863.00,0.00,0.00,185,13.67,2.58,0.00,3.2,4.998,4.998,4.998,4.998,230
2022-01-31 17:37:22,2.8,8.2,304,0.0,0.0,0,0.0,0.0,0,200167.00,0.00,0.00,235,13.63,3.27,0.00,3.2,4.998,4.998,4.998,4.998,159
2022-01-31 17:38:22,6.7,9.7,354,0.0,0.0,0,0.0,0.0,0,200521.00,0.00,0.00,152,13.59,2.12,0.00,3.2,4.998,4.998,4.998,4.998,90
2022-01-31 17:39:22,4.4,8.6,392,0.0,0.0,0,0.0,0.0,0,200913.00,0.00,0.00,195,13.55,2.71,0.00,2.7,4.998,4.998,4.998,4.998,67
2022-01-31 17:40:22,5.1,10.2,421,0.0,0.0,0,0.0,0.0,0,201334.00,0.00,0.00,196,13.55,2.73,0.00,2.7,4.998,4.998,4.998,4.998,165
2022-01-31 17:41:22,4.2,8.1,322,0.0,0.0,0,0.0,0.0,0,201656.00,0.00,0.00,197,13.51,2.74,0.00,2.7,4.998,4.998,4.998,4.998,56
2022-01-31 17:42:22,5.3,9.6,390,0.0,0.0,0,0.0,0.0,0,202046.00,0.00,0.00,185,13.51,2.57,0.00,3.2,4.998,4.998,4.998,4.998,212
2022-01-31 17:43:22,5.7,12.1,467,0.0,0.0,0,0.0,0.0,0,202513.00,0.00,0.00,197,13.47,2.73,0.00,2.7,4.998,4.998,4.998,4.998,127
2022-01-31 17:44:22,3.7,8.3,377,0.0,0.0,0,0.0,0.0,0,202890.00,0.00,0.00,182,13.47,2.53,0.00,3.2,4.998,4.998,4.998,4.998,122
2022-01-31 17:45:22,4.3,6.1,277,0.0,0.0,0,0.0,0.0,0,203167.00,0.00,0.00,177,13.47,2.46,0.00,2.7,4.998,4.998,4.998,4.998,176
2022-01-31 17:46:22,4.9,5.4,247,0.0,0.0,0,0.0,0.0,0,203414.00,0.00,0.00,188,13.43,2.61,0.00,2.7,4.998,4.998,4.998,4.998,35
2022-01-31 17:47:22,5.6,7.2,313,0.0,0.0,0,0.0,0.0,0,203727.00,0.00,0.00,215,13.43,2.98,0.00,2.7,4.998,4.998,4.998,4.998,7
2022-01-31 17:48:22,4.8,6.2,274,0.0,0.0,0,0.0,0.0,0,204001.00,0.00,0.00,164,13.39,2.28,0.00,2.7,4.998,4.998,4.998,4.998,158
2022-01-31 17:49:22,3.6,8.1,264,0.0,0.0,0,0.0,0.0,0,204265.00,0.00,0.00,157,13.39,2.19,0.00,2.2,4.998,4.998,4.998,4.998,223
2022-01-31 17:50:22,5.9,7.2,272,0.0,0.0,0,0.0,0.0,0,204537.00,0.00,0.00,164,13.39,2.28,0.00,2.2,4.998,4.998,4.998,4.998,141
2022-01-31 17:51:22,4.9,6.3,262,0.0,0.0,0,0.0,0.0,0,204799.00,0.00,0.00,177,13.35,2.46,0.00,2.2,4.998,4.998,4.998,4.998,35
2022-01-31 17:52:22,5.0,7.8,304,0.0,0.0,0,0.0,0.0,0,205103.00,0.00,0.00,148,13.35,2.06,0.00,2.2,4.998,4.998,4.998,4.998,128
2022-01-31 17:53:22,3.0,6.4,215,0.0,0.0,0,0.0,0.0,0,205318.00,0.00,0.00,182,13.35,2.53,0.00,2.2,4.998,4.998,4.998,4.998,158
2022-01-31 17:54:22,1.7,4.7,178,0.0,0.0,0,0.0,0.0,0,205496.00,0.00,0.00,156,13.35,2.16,0.00,2.2,4.998,4.998,4.998,4.998,177
2022-01-31 17:55:22,2.7,4.0,116,0.0,0.0,0,0.0,0.0,0,205612.00,0.00,0.00,184,13.32,2.55,0.00,2.2,4.998,4.998,4.998,4.998,246
2022-01-31 17:56:22,4.8,4.9,229,0.0,0.0,0,0.0,0.0,0,205841.00,0.00,0.00,145,13.32,2.01,0.00,2.2,4.998,4.998,4.998,4.998,117
2022-01-31 17:57:22,6.6,7.4,259,0.0,0.0,0,0.0,0.0,0,206100.00,0.00,0.00,149,13.28,2.08,0.00,2.2,4.998,4.998,4.998,4.998,41
2022-01-31 17:58:22,4.8,7.8,322,0.0,0.0,0,0.0,0.0,0,206422.00,0.00,0.00,135,13.28,1.87,0.00,2.7,4.998,4.998,4.998,4.998,178
2022-01-31 17:59:22,3.6,6.5,267,0.0,0.0,0,0.0,0.0,0,206689.00,0.00,0.00,187,13.24,2.59,0.00,2.2,4.998,4.998,4.998,4.998,173
2022-01-31 18:00:22,2.8,5.6,228,0.0,0.0,0,0.0,0.0,0,206917.00,0.00,0.00,157,13.24,2.18,0.00,2.2,4.998,4.998,4.998,4.998,89
2022-01-31 18:01:22,5.6,5.6,141,0.0,0.0,0,0.0,0.0,0,207058.00,0.00,0.00,184,13.24,2.56,0.00,2.2,4.998,4.998,4.998,4.998,54
2022-01-31 18:02:22,2.9,7.1,227,0.0,0.0,0,0.0,0.0,0,207285.00,0.00,0.00,189,13.20,2.63,0.00,2.2,4.998,4.998,4.998,4.998,111
2022-01-31 18:03:22,2.4,3.4,130,0.0,0.0,0,0.0,0.0,0,207415.00,0.00,0.00,190,13.20,2.64,0.00,2.2,4.998,4.998,4.998,4.998,35
2022-01-31 18:04:22,0.0,2.7,81,0.0,0.0,0,0.0,0.0,0,207496.00,0.00,0.00,190,13.20,2.64,0.00,1.7,4.998,4.998,4.998,4.998,14
2022-01-31 18:05:22,0.8,2.2,40,0.0,0.0,0,0.0,0.0,0,207536.00,0.00,0.00,190,13.20,2.64,0.00,1.2,4.998,4.998,4.998,4.998,218
2022-01-31 18:06:22,2.5,4.7,151,0.0,0.0,0,0.0,0.0,0,207687.00,0.00,0.00,161,13.20,2.24,0.00,1.7,4.998,4.998,4.998,4.998,10
2022-01-31 18:07:22,4.5,6.9,232,0.0,0.0,0,0.0,0.0,0,207919.00,0.00,0.00,188,13.20,2.61,0.00,1.7,4.998,4.998,4.998,4.998,39
2022-01-31 18:08:22,2.8,4.5,197,0.0,0.0,0,0.0,0.0,0,208116.00,0.00,0.00,200,13.16,2.78,0.00,2.2,4.998,4.998,4.998,4.998,175
2022-01-31 18:09:22,1.1,3.4,111,0.0,0.0,0,0.0,0.0,0,208227.00,0.00,0.00,194,13.16,2.69,0.00,1.7,4.998,4.998,4.998,4.998,204
2022-01-31 18:10:22,0.0,2.9,49,0.0,0.0,0,0.0,0.0,0,208276.00,0.00,0.00,194,13.16,2.69,0.00,1.2,4.998,4.998,4.998,4.998,40
2022-01-31 18:11:22,3.7,4.9,172,0.0,0.0,0,0.0,0.0,0,208448.00,0.00,0.00,163,13.16,2.26,0.00,1.2,4.998,4.998,4.998,4.998,2
2022-01-31 18:12:22,4.8,5.7,211,0.0,0.0,0,0.0,0.0,0,208659.00,0.00,0.00,170,13.16,2.36,0.00,1.7,4.998,4.998,4.998,4.998,35
2022-01-31 18:13:22,2.4,5.2,158,0.0,0.0,0,0.0,0.0,0,208817.00,0.00,0.00,171,13.16,2.38,0.00,1.7,4.998,4.998,4.998,4.998,63
2022-01-31 18:14:22,3.7,5.1,176,0.0,0.0,0,0.0,0.0,0,208993.00,0.00,0.00,170,13.12,2.36,0.00,1.2,4.998,4.998,4.998,4.998,111
2022-01-31 18:15:22,0.0,4.7,160,0.0,0.0,0,0.0,0.0,0,209153.00,0.00,0.00,170,13.12,2.37,0.00,1.2,4.998,4.998,4.998,4.998,115
2022-01-31 18:16:22,3.6,7.3,268,0.0,0.0,0,0.0,0.0,0,209421.00,0.00,0.00,172,13.12,2.39,0.00,1.7,4.998,4.998,4.998,4.998,174
2022-01-31 18:17:22,3.5,6.2,239,0.0,0.0,0,0.0,0.0,0,209660.00,0.00,0.00,161,13.12,2.23,0.00,1.7,4.998,4.998,4.998,4.998,106
2022-01-31 18:18:22,3.0,6.0,243,0.0,0.0,0,0.0,0.0,0,209903.00,0.00,0.00,178,13.12,2.48,0.00,1.7,4.998,4.998,4.998,4.998,228
2022-01-31 18:19:22,3.4,4.5,198,0.0,0.0,0,0.0,0.0,0,210101.00,0.00,0.00,178,13.12,2.48,0.00,1.2,4.998,4.998,4.998,4.998,6
2022-01-31 18:20:22,1.4,4.0,142,0.0,0.0,0,0.0,0.0,0,210243.00,0.00,0.00,170,13.12,2.37,0.00,1.7,4.998,4.998,4.998,4.998,198
2022-01-31 18:21:22,2.2,2.6,54,0.0,0.0,0,0.0,0.0,0,210297.00,0.00,0.00,170,13.12,2.36,0.00,1.2,4.998,4.998,4.998,4.998,170
2022-01-31 18:22:22,2.8,3.6,133,0.0,0.0,0,0.0,0.0,0,210430.00,0.00,0.00,170,13.12,2.37,0.00,1.7,4.998,4.998,4.998,4.998,244
2022-01-31 18:23:22,3.0,6.5,181,0.0,0.0,0,0.0,0.0,0,210611.00,0.00,0.00,203,13.12,2.82,0.00,1.7,4.998,4.998,4.998,4.998,118
2022-01-31 18:24:22,3.0,5.5,203,0.0,0.0,0,0.0,0.0,0,210814.00,0.00,0.00,187,13.12,2.60,0.00,1.7,4.998,4.998,4.998,4.998,94
2022-01-31 18:25:22,4.6,4.8,147,0.0,0.0,0,0.0,0.0,0,210961.00,0.00,0.00,134,13.12,1.87,0.00,1.2,4.998,4.998,4.998,4.998,18
2022-01-31 18:26:22,3.8,5.1,183,0.0,0.0,0,0.0,0.0,0,211144.00,0.00,0.00,200,13.12,2.78,0.00,1.7,4.998,4.998,4.998,4.998,169
2022-01-31 18:27:22,6.1,9.0,359,0.0,0.0,0,0.0,0.0,0,211503.00,0.00,0.00,197,13.12,2.74,0.00,1.7,4.998,4.998,4.998,4.998,54
2022-01-31 18:28:22,2.2,6.1,201,0.0,0.0,0,0.0,0.0,0,211704.00,0.00,0.00,191,13.12,2.66,0.00,1.7,4.998,4.998,4.998,4.998,60
2022-01-31 18:29:22,3.2,4.3,188,0.0,0.0,0,0.0,0.0,0,211892.00,0.00,0.00,189,13.12,2.63,0.00,0.7,4.998,4.998,4.998,4.998,228
2022-01-31 18:30:22,3.6,6.8,233,0.0,0.0,0,0.0,0.0,0,212125.00,0.00,0.00,153,13.12,2.13,0.00,1.2,4.998,4.998,4.998,4.998,239
2022-01-31 18:31:22,2.8,5.3,227,0.0,0.0,0,0.0,0.0,0,212352.00,0.00,0.00,152,13.12,2.12,0.00,1.2,4.998,4.998,4.998,4.998,80
2022-01-31 18:32:22,1.7,3.5,136,0.0,0.0,0,0.0,0.0,0,212488.00,0.00,0.00,152,13.12,2.12,0.00,1.2,4.998,4.998,4.998,4.998,34
2022-01-31 18:33:22,4.0,5.5,166,0.0,0.0,0,0.0,0.0,0,212654.00,0.00,0.00,169,13.12,2.35,0.00,1.2,4.998,4.998,4.998,4.998,100
2022-01-31 18:34:22,8.8,8.8,253,0.0,0.0,0,0.0,0.0,0,212907.00,0.00,0.00,158,13.12,2.19,0.00,1.2,4.998,4.998,4.998,4.998,224
2022-01-31 18:35:22,3.0,9.1,245,0.0,0.0,0,0.0,0.0,0,213152.00,0.00,0.00,174,13.12,2.41,0.00,1.2,4.998,4.998,4.998,4.998,228
2022-01-31 18:36:22,3.7,8.5,282,0.0,0.0,0,0.0,0.0,0,213434.00,0.00,0.00,180,13.12,2.50,0.00,1.2,4.998,4.998,4.998,4.998,52
2022-01-31 18:37:22,5.6,7.4,266,0.0,0.0,0,0.0,0.0,0,213700.00,0.00,0.00,184,13.12,2.56,0.00,1.7,4.998,4.998,4.998,4.998,54
2022-01-31 18:38:22,3.9,6.1,276,0.0,0.0,0,0.0,0.0,0,213976.00,0.00,0.00,183,13.12,2.55,0.00,1.7,4.998,4.998,4.998,4.998,49
2022-01-31 18:39:22,3.6,4.9,216,0.0,0.0,0,0.0,0.0,0,214192.00,0.00,0.00,193,13.12,2.68,0.00,1.2,4.998,4.998,4.998,4.998,40
2022-01-31 18:40:22,3.4,6.1,254,0.0,0.0,0,0.0,0.0,0,214446.00,0.00,0.00,170,13.12,2.36,0.00,1.2,4.998,4.998,4.998,4.998,95
2022-01-31 18:41:22,3.1,3.7,160,0.0,0.0,0,0.0,0.0,0,214606.00,0.00,0.00,170,13.08,2.36,0.00,1.2,4.998,4.998,4.998,4.998,138
2022-01-31 18:42:22,1.4,3.2,90,0.0,0.0,0,0.0,0.0,0,214696.00,0.00,0.00,170,13.08,2.36,0.00,0.7,4.998,4.998,4.998,4.998,123
2022-01-31 18:43:22,0.0,3.8,76,0.0,0.0,0,0.0,0.0,0,214772.00,0.00,0.00,176,13.08,2.45,0.00,1.2,4.998,4.998,4.998,4.998,93
2022-01-31 18:44:22,2.8,3.1,72,0.0,0.0,0,0.0,0.0,0,214844.00,0.00,0.00,176,13.08,2.45,0.00,0.7,4.998,4.998,4.998,4.998,90
2022-01-31 18:45:22,2.6,4.0,159,0.0,0.0,0,0.0,0.0,0,215003.00,0.00,0.00,177,13.12,2.47,0.00,0.7,4.998,4.998,4.998,4.998,106
2022-01-31 18:46:22,2.0,3.0,100,0.0,0.0,0,0.0,0.0,0,215103.00,0.00,0.00,177,13.08,2.47,0.00,0.7,4.998,4.998,4.998,4.998,11
2022-01-31 18:47:22,1.6,3.0,93,0.0,0.0,0,0.0,0.0,0,215196.00,0.00,0.00,177,13.12,2.47,0.00,0.2,4.998,4.998,4.998,4.998,232
2022-01-31 18:48:22,1.9,3.4,124,0.0,0.0,0,0.0,0.0,0,215320.00,0.00,0.00,177,13.08,2.47,0.00,0.7,4.998,4.998,4.998,4.998,112
2022-01-31 18:49:22,0.0,1.9,25,0.0,0.0,0,0.0,0.0,0,215345.00,0.00,0.00,177,13.08,2.46,0.00,0.2,4.998,4.998,4.998,4.998,125
2022-01-31 18:50:22,0.0,1.5,8,0.0,0.0,0,0.0,0.0,0,215353.00,0.00,0.00,177,13.12,2.46,0.00,0.7,4.998,4.998,4.998,4.998,157
2022-01-31 18:51:22,0.0,0.0,0,0.0,0.0,0,0.0,0.0,0,215353.00,0.00,0.00,177,13.08,2.46,0.00,0.2,4.998,4.998,4.998,4.998,56
2022-01-31 18:52:22,0.0,0.0,0,0.0,0.0,0,0.0,0.0,0,215353.00,0.00,0.00,177,13.08,2.47,0.00,0.2,4.998,4.998,4.998,4.998,129
2022-01-31 18:53:22,0.0,0.0,0,0.0,0.0,0,0.0,0.0,0,215353.00,0.00,0.00,177,13.08,2.46,0.00,-0.2,4.998,4.998,4.998,4.998,78
2022-01-31 18:54:22,0.0,2.1,26,0.0,0.0,0,0.0,0.0,0,215379.00,0.00,0.00,177,13.08,2.46,0.00,-0.2,4.998,4.998,4.998,4.998,223
2022-01-31 18:55:22,1.1,2.8,67,0.0,0.0,0,0.0,0.0,0,215446.00,0.00,0.00,177,13.12,2.46,0.00,-0.2,4.998,4.998,4.998,4.998,90
2022-01-31 18:56:22,0.0,1.2,2,0.0,0.0,0,0.0,0.0,0,215448.00,0.00,0.00,177,13.08,2.46,0.00,-0.2,4.998,4.998,4.998,4.998,125
2022-01-31 18:57:22,0.0,0.0,0,0.0,0.0,0,0.0,0.0,0,215448.00,0.00,0.00,177,13.08,2.47,0.00,-0.2,4.998,4.998,4.998,4.998,162
2022-01-31 18:58:22,1.3,3.7,118,0.0,0.0,0,0.0,0.0,0,215566.00,0.00,0.00,144,13.08,2.01,0.00,-0.2,4.998,4.998,4.998,4.998,163
2022-01-31 18:59:22,1.6,1.6,14,0.0,0.0,0,0.0,0.0,0,215580.00,0.00,0.00,144,13.08,2.01,0.00,-0.2,4.998,4.998,4.998,4.998,127
2022-01-31 19:00:22,0.0,2.7,60,0.0,0.0,0,0.0,0.0,0,215640.00,0.00,0.00,145,13.08,2.01,0.00,-0.2,4.998,4.998,4.998,4.998,94
2022-01-31 19:01:22,0.0,0.0,0,0.0,0.0,0,0.0,0.0,0,215640.00,0.00,0.00,144,13.08,2.01,0.00,-0.2,4.998,4.998,4.998,4.998,211
2022-01-31 19:02:22,1.7,2.4,29,0.0,0.0,0,0.0,0.0,0,215669.00,0.00,0.00,145,13.08,2.01,0.00,-0.2,4.998,4.998,4.998,4.998,15
2022-01-31 19:03:22,1.3,1.8,32,0.0,0.0,0,0.0,0.0,0,215701.00,0.00,0.00,145,13.08,2.01,0.00,-0.6,4.998,4.998,4.998,4.998,124
2022-01-31 19:04:22,0.0,1.4,12,0.0,0.0,0,0.0,0.0,0,215713.00,0.00,0.00,144,13.08,2.01,0.00,-0.6,4.998,4.998,4.998,4.998,134
2022-01-31 19:05:22,0.0,0.0,0,0.0,0.0,0,0.0,0.0,0,215713.00,0.00,0.00,145,13.08,2.01,0.00,-0.6,4.998,4.998,4.998,4.998,87
2022-01-31 19:06:22,0.0,1.6,11,0.0,0.0,0,0.0,0.0,0,215724.00,0.00,0.00,144,13.08,2.01,0.00,-0.6,4.998,4.998,4.998,4.998,96
2022-01-31 19:07:22,0.0,0.0,0,0.0,0.0,0,0.0,0.0,0,215724.00,0.00,0.00,145,13.08,2.01,0.00,-0.6,4.998,4.998,4.998,4.998,100
2022-01-31 19:08:22,0.0,0.0,0,0.0,0.0,0,0.0,0.0,0,215724.00,0.00,0.00,145,13.08,2.01,0.00,-1.1,4.998,4.998,4.998,4.998,61
2022-01-31 19:09:22,0.0,0.0,0,0.0,0.0,0,0.0,0.0,0,215724.00,0.00,0.00,144,13.08,2.01,0.00,-1.1,4.998,4.998,4.998,4.998,94
2022-01-31 19:10:22,0.0,0.0,0,0.0,0.0,0,0.0,0.0,0,215724.00,0.00,0.00,145,13.08,2.01,0.00,-0.6,4.998,4.998,4.998,4.998,103
2022-01-31 19:11:22,2.2,2.8,89,0.0,0.0,0,0.0,0.0,0,215813.00,0.00,0.00,139,13.08,1.93,0.00,-0.2,4.998,4.998,4.998,4.998,158
2022-01-31 19:12:22,2.2,2.4,85,0.0,0.0,0,0.0,0.0,0,215898.00,0.00,0.00,139,13.08,1.93,0.00,-0.6,4.998,4.998,4.998,4.998,210
2022-01-31 19:13:22,2.2,3.1,69,0.0,0.0,0,0.0,0.0,0,215967.00,0.00,0.00,68,13.08,0.95,0.00,-0.6,4.998,4.998,4.998,4.998,104
2022-01-31 19:14:22,1.5,4.2,146,0.0,0.0,0,0.0,0.0,0,216113.00,0.00,0.00,123,13.08,1.71,0.00,-1.1,4.998,4.998,4.998,4.998,234
2022-01-31 19:15:22,0.0,1.7,24,0.0,0.0,0,0.0,0.0,0,216137.00,0.00,0.00,123,13.08,1.71,0.00,-0.6,4.998,4.998,4.998,4.998,127
2022-01-31 19:16:22,1.6,2.3,17,0.0,0.0,0,0.0,0.0,0,216154.00,0.00,0.00,123,13.08,1.70,0.00,-1.1,4.998,4.998,4.998,4.998,54
2022-01-31 19:17:22,3.4,4.0,93,0.0,0.0,0,0.0,0.0,0,216247.00,0.00,0.00,122,13.08,1.70,0.00,-0.2,4.998,4.998,4.998,4.998,34
2022-01-31 19:18:22,2.7,3.5,137,0.0,0.0,0,0.0,0.0,0,216384.00,0.00,0.00,122,13.08,1.70,0.00,-1.1,4.998,4.998,4.998,4.998,27
2022-01-31 19:19:22,2.7,3.0,130,0.0,0.0,0,0.0,0.0,0,216514.00,0.00,0.00,122,13.08,1.70,0.00,-1.6,4.998,4.998,4.998,4.998,234
2022-01-31 19:20:22,2.6,3.2,133,0.0,0.0,0,0.0,0.0,0,216647.00,0.00,0.00,122,13.04,1.70,0.00,-2.1,4.998,4.998,4.998,4.998,125
2022-01-31 19:21:22,2.3,2.9,115,0.0,0.0,0,0.0,0.0,0,216762.00,0.00,0.00,122,13.08,1.70,0.00,-2.1,4.998,4.998,4.998,4.998,106
2022-01-31 19:22:22,2.2,3.1,111,0.0,0.0,0,0.0,0.0,0,216873.00,0.00,0.00,122,13.08,1.70,0.00,-2.1,4.998,4.998,4.998,4.998,18
2022-01-31 19:23:22,0.0,2.1,15,0.0,0.0,0,0.0,0.0,0,216888.00,0.00,0.00,122,13.08,1.69,0.00,-2.1,4.998,4.998,4.998,4.998,135
2022-01-31 19:24:22,2.9,3.7,61,0.0,0.0,0,0.0,0.0,0,216949.00,0.00,0.00,122,13.08,1.69,0.00,-1.6,4.998,4.998,4.998,4.998,80
2022-01-31 19:25:22,2.1,2.9,115,0.0,0.0,0,0.0,0.0,0,217064.00,0.00,0.00,122,13.08,1.70,0.00,-1.1,4.998,4.998,4.998,4.998,172
2022-01-31 19:26:22,0.0,2.2,25,0.0,0.0,0,0.0,0.0,0,217089.00,0.00,0.00,122,13.08,1.70,0.00,-1.6,4.998,4.998,4.998,4.998,73
2022-01-31 19:27:22,0.0,1.3,7,0.0,0.0,0,0.0,0.0,0,217096.00,0.00,0.00,122,13.04,1.70,0.00,-1.6,4.998,4.998,4.998,4.998,250
2022-01-31 19:28:22,0.0,2.8,40,0.0,0.0,0,0.0,0.0,0,217136.00,0.00,0.00,122,13.08,1.70,0.00,-1.6,4.998,4.998,4.998,4.998,46
2022-01-31 19:29:22,0.0,0.0,0,0.0,0.0,0,0.0,0.0,0,217136.00,0.00,0.00,122,13.04,1.70,0.00,-1.1,4.998,4.998,4.998,4.998,115
2022-01-31 19:30:22,0.0,0.0,0,0.0,0.0,0,0.0,0.0,0,217136.00,0.00,0.00,122,13.04,1.70,0.00,-1.1,4.998,4.998,4.998,4.998,30
2022-01-31 19:31:22,0.0,0.0,0,0.0,0.0,0,0.0,0.0,0,217136.00,0.00,0.00,122,13.04,1.70,0.00,-1.1,4.998,4.998,4.998,4.998,13
2022-01-31 19:32:22,0.0,0.0,0,0.0,0.0,0,0.0,0.0,0,217136.00,0.00,0.00,122,13.08,1.70,0.00,-1.1,4.998,4.998,4.998,4.998,88
2022-01-31 19:33:22,1.4,1.9,53,0.0,0.0,0,0.0,0.0,0,217189.00,0.00,0.00,122,13.08,1.70,0.00,-1.1,4.998,4.998,4.998,4.998,129
2022-01-31 19:34:22,0.0,1.3,5,0.0,0.0,0,0.0,0.0,0,217194.00,0.00,0.00,122,13.04,1.70,0.00,-1.1,4.998,4.998,4.998,4.998,173
2022-01-31 19:35:22,0.0,2.0,47,0.0,0.0,0,0.0,0.0,0,217241.00,0.00,0.00,122,13.04,1.70,0.00,-1.6,4.998,4.998,4.998,4.998,85
2022-01-31 19:36:22,0.0,0.0,0,0.0,0.0,0,0.0,0.0,0,217241.00,0.00,0.00,122,13.04,1.70,0.00,-1.6,4.998,4.998,4.998,4.998,103
2022-01-31 19:37:22,0.0,0.0,0,0.0,0.0,0,0.0,0.0,0,217241.00,0.00,0.00,122,13.04,1.70,0.00,-2.1,4.998,4.998,4.998,4.998,55
2022-01-31 19:38:22,0.0,1.1,3,0.0,0.0,0,0.0,0.0,0,217244.00,0.00,0.00,122,13.04,1.70,0.00,-2.1,4.998,4.998,4.998,4.998,62
2022-01-31 19:39:22,1.5,2.6,37,0.0,0.0,0,0.0,0.0,0,217281.00,0.00,0.00,122,13.08,1.70,0.00,-1.1,4.998,4.998,4.998,4.998,188
2022-01-31 19:40:22,1.9,3.0,98,0.0,0.0,0,0.0,0.0,0,217379.00,0.00,0.00,122,13.08,1.70,0.00,-1.1,4.998,4.998,4.998,4.998,110
2022-01-31 19:41:22,1.6,2.9,77,0.0,0.0,0,0.0,0.0,0,217456.00,0.00,0.00,122,13.04,1.69,0.00,-1.1,4.998,4.998,4.998,4.998,69
2022-01-31 19:42:22,0.0,1.4,4,0.0,0.0,0,0.0,0.0,0,217460.00,0.00,0.00,122,13.04,1.70,0.00,-1.1,4.998,4.998,4.998,4.998,73
2022-01-31 19:43:22,1.3,2.8,44,0.0,0.0,0,0.0,0.0,0,217504.00,0.00,0.00,122,13.04,1.70,0.00,-1.1,4.998,4.998,4.998,4.998,113
2022-01-31 19:44:22,0.0,1.3,4,0.0,0.0,0,0.0,0.0,0,217508.00,0.00,0.00,122,13.04,1.70,0.00,-1.1,4.998,4.998,4.998,4.998,201
2022-01-31 19:45:22,0.0,0.0,0,0.0,0.0,0,0.0,0.0,0,217508.00,0.00,0.00,122,13.04,1.70,0.00,-1.1,4.998,4.998,4.998,4.998,88
2022-01-31 19:46:22,0.0,0.0,1,0.0,0.0,0,0.0,0.0,0,217509.00,0.00,0.00,122,13.04,1.70,0.00,-1.1,4.998,4.998,4.998,4.998,13
2022-01-31 19:47:22,2.0,2.7,59,0.0,0.0,0,0.0,0.0,0,217568.00,0.00,0.00,123,13.04,1.70,0.00,-1.1,4.998,4.998,4.998,4.998,123
2022-01-31 19:48:22,1.8,4.5,137,0.0,0.0,0,0.0,0.0,0,217705.00,0.00,0.00,114,13.04,1.59,0.00,-0.6,4.998,4.998,4.998,4.998,175
2022-01-31 19:49:22,2.6,2.9,82,0.0,0.0,0,0.0,0.0,0,217787.00,0.00,0.00,114,13.04,1.59,0.00,-0.6,4.998,4.998,4.998,4.998,53
2022-01-31 19:50:22,0.8,2.8,76,0.0,0.0,0,0.0,0.0,0,217863.00,0.00,0.00,114,13.04,1.59,0.00,-0.6,4.998,4.998,4.998,4.998,74
2022-01-31 19:51:22,0.0,1.1,1,0.0,0.0,0,0.0,0.0,0,217864.00,0.00,0.00,114,13.04,1.59,0.00,-1.1,4.998,4.998,4.998,4.998,57
2022-01-31 19:52:22,2.3,2.4,14,0.0,0.0,0,0.0,0.0,0,217878.00,0.00,0.00,114,13.04,1.59,0.00,-1.1,4.998,4.998,4.998,4.998,35
2022-01-31 19:53:22,2.3,3.3,106,0.0,0.0,0,0.0,0.0,0,217984.00,0.00,0.00,114,13.04,1.59,0.00,-1.1,4.998,4.998,4.998,4.998,29
2022-01-31 19:54:22,0.0,3.2,68,0.0,0.0,0,0.0,0.0,0,218052.00,0.00,0.00,116,13.04,1.61,0.00,-0.6,4.998,4.998,4.998,4.998,154
2022-01-31 19:55:22,0.0,0.0,0,0.0,0.0,0,0.0,0.0,0,218052.00,0.00,0.00,116,13.08,1.61,0.00,-1.1,4.998,4.998,4.998,4.998,206
2022-01-31 19:56:22,0.0,2.4,37,0.0,0.0,0,0.0,0.0,0,218089.00,0.00,0.00,116,13.04,1.61,0.00,-1.1,4.998,4.998,4.998,4.998,92
2022-01-31 19:57:22,1.3,1.8,25,0.0,0.0,0,0.0,0.0,0,218114.00,0.00,0.00,116,13.04,1.61,0.00,-1.1,4.998,4.998,4.998,4.998,92
2022-01-31 19:58:22,0.0,1.1,1,0.0,0.0,0,0.0,0.0,0,218115.00,0.00,0.00,116,13.04,1.61,0.00,-1.6,4.998,4.998,4.998,4.998,37
2022-01-31 19:59:22,2.9,3.1,9,0.0,0.0,0,0.0,0.0,0,218124.00,0.00,0.00,116,13.04,1.61,0.00,-1.6,4.998,4.998,4.998,4.998,30
2022-01-31 20:00:22,1.6,3.1,118,0.0,0.0,0,0.0,0.0,0,218242.00,0.00,0.00,116,13.04,1.61,0.00,-1.6,4.998,4.998,4.998,4.998,193
2022-01-31 20:01:22,2.1,4.8,169,0.0,0.0,0,0.0,0.0,0,218411.00,0.00,0.00,165,13.04,2.30,0.00,-1.6,4.998,4.998,4.998,4.998,163
2022-01-31 20:02:22,3.9,4.1,126,0.0,0.0,0,0.0,0.0,0,218537.00,0.00,0.00,126,13.04,1.76,0.00,-1.1,4.998,4.998,4.998,4.998,39
2022-01-31 20:03:22,1.8,4.7,168,0.0,0.0,0,0.0,0.0,0,218705.00,0.00,0.00,136,13.04,1.89,0.00,-0.6,4.998,4.998,4.998,4.998,177
2022-01-31 20:04:22,3.6,3.6,102,0.0,0.0,0,0.0,0.0,0,218807.00,0.00,0.00,145,13.04,2.02,0.00,-0.6,4.998,4.998,4.998,4.998,37
2022-01-31 20:05:22,2.8,3.6,141,0.0,0.0,0,0.0,0.0,0,218948.00,0.00,0.00,146,13.04,2.03,0.00,-1.1,4.998,4.998,4.998,4.998,192
2022-01-31 20:06:22,2.1,2.7,77,0.0,0.0,0,0.0,0.0,0,219025.00,0.00,0.00,146,13.04,2.03,0.00,-1.1,4.998,4.998,4.998,4.998,146
2022-01-31 20:07:22,2.0,4.4,111,0.0,0.0,0,0.0,0.0,0,219136.00,0.00,0.00,121,13.04,1.68,0.00,-0.6,4.998,4.998,4.998,4.998,228
2022-01-31 20:08:22,2.8,4.3,159,0.0,0.0,0,0.0,0.0,0,219295.00,0.00,0.00,132,13.04,1.83,0.00,-0.6,4.998,4.998,4.998,4.998,227
2022-01-31 20:09:22,1.0,3.5,52,0.0,0.0,0,0.0,0.0,0,219347.00,0.00,0.00,132,13.00,1.83,0.00,-0.6,4.998,4.998,4.998,4.998,170
2022-01-31 20:10:22,3.2,3.5,115,0.0,0.0,0,0.0,0.0,0,219462.00,0.00,0.00,168,13.04,2.34,0.00,-0.6,4.998,4.998,4.998,4.998,112
2022-01-31 20:11:22,0.0,3.3,51,0.0,0.0,0,0.0,0.0,0,219513.00,0.00,0.00,168,13.04,2.34,0.00,-0.6,4.998,4.998,4.998,4.998,230
2022-01-31 20:12:22,1.2,1.2,7,0.0,0.0,0,0.0,0.0,0,219520.00,0.00,0.00,168,13.04,2.33,0.00,-1.1,4.998,4.998,4.998,4.998,153
2022-01-31 20:13:22,0.0,0.0,1,0.0,0.0,0,0.0,0.0,0,219521.00,0.00,0.00,168,13.04,2.34,0.00,-1.1,4.998,4.998,4.998,4.998,167
2022-01-31 20:14:22,2.8,5.5,152,0.0,0.0,0,0.0,0.0,0,219673.00,0.00,0.00,158,13.04,2.20,0.00,-0.6,4.998,4.998,4.998,4.998,85
2022-01-31 20:15:22,2.9,3.8,156,0.0,0.0,0,0.0,0.0,0,219829.00,0.00,0.00,170,13.04,2.36,0.00,-0.2,4.998,4.998,4.998,4.998,185
2022-01-31 20:16:22,0.0,3.0,28,0.0,0.0,0,0.0,0.0,0,219857.00,0.00,0.00,170,13.04,2.36,0.00,-0.6,4.998,4.998,4.998,4.998,52
2022-01-31 20:17:22,0.0,0.0,0,0.0,0.0,0,0.0,0.0,0,219857.00,0.00,0.00,170,13.04,2.36,0.00,-1.1,4.998,4.998,4.998,4.998,83
2022-01-31 20:18:22,0.0,0.0,0,0.0,0.0,0,0.0,0.0,0,219857.00,0.00,0.00,170,13.04,2.37,0.00,-1.1,4.998,4.998,4.998,4.998,229
2022-01-31 20:19:22,2.7,3.5,108,0.0,0.0,0,0.0,0.0,0,219965.00,0.00,0.00,170,13.00,2.37,0.00,-0.6,4.998,4.998,4.998,4.998,16
2022-01-31 20:20:22,1.6,2.7,83,0.0,0.0,0,0.0,0.0,0,220048.00,0.00,0.00,170,13.04,2.36,0.00,-1.1,4.998,4.998,4.998,4.998,131
2022-01-31 20:21:22,2.7,3.9,92,0.0,0.0,0,0.0,0.0,0,220140.00,0.00,0.00,170,13.04,2.37,0.00,-0.6,4.998,4.998,4.998,4.998,139
2022-01-31 20:22:22,1.9,3.7,122,0.0,0.0,0,0.0,0.0,0,220262.00,0.00,0.00,170,13.04,2.36,0.00,-1.1,4.998,4.998,4.998,4.998,244
2022-01-31 20:23:22,1.7,4.0,82,0.0,0.0,0,0.0,0.0,0,220344.00,0.00,0.00,143,13.00,1.98,0.00,-1.1,4.998,4.998,4.998,4.998,126
2022-01-31 20:24:22,1.4,3.6,79,0.0,0.0,0,0.0,0.0,0,220423.00,0.00,0.00,119,13.00,1.66,0.00,-1.1,4.998,4.998,4.998,4.998,154
2022-01-31 20:25:22,1.6,3.7,93,0.0,0.0,0,0.0,0.0,0,220516.00,0.00,0.00,120,13.00,1.67,0.00,-1.1,4.998,4.998,4.998,4.998,113
2022-01-31 20:26:22,2.3,2.3,11,0.0,0.0,0,0.0,0.0,0,220527.00,0.00,0.00,120,13.00,1.67,0.00,-0.6,4.998,4.998,4.998,4.998,88
2022-01-31 20:27:22,3.7,5.9,106,0.0,0.0,0,0.0,0.0,0,220633.00,0.00,0.00,149,13.00,2.07,0.00,-1.1,4.998,4.998,4.998,4.998,228
2022-01-31 20:28:22,5.8,7.6,329,0.0,0.0,0,0.0,0.0,0,220962.00,0.00,0.00,163,13.00,2.27,0.00,-0.2,4.998,4.998,4.998,4.998,185
2022-01-31 20:29:22,2.0,6.8,243,0.0,0.0,0,0.0,0.0,0,221205.00,0.00,0.00,153,13.00,2.12,0.00,-0.2,4.998,4.998,4.998,4.998,18
2022-01-31 20:30:22,2.4,3.0,109,0.0,0.0,0,0.0,0.0,0,221314.00,0.00,0.00,153,13.00,2.12,0.00,-1.1,4.998,4.998,4.998,4.998,105
2022-01-31 20:31:22,3.4,4.9,154,0.0,0.0,0,0.0,0.0,0,221468.00,0.00,0.00,157,13.00,2.18,0.00,-0.6,4.998,4.998,4.998,4.998,11
2022-01-31 20:32:22,3.2,7.4,287,0.0,0.0,0,0.0,0.0,0,221755.00,0.00,0.00,165,13.04,2.29,0.00,-0.2,4.998,4.998,4.998,4.998,240
2022-01-31 20:33:22,5.3,6.7,267,0.0,0.0,0,0.0,0.0,0,222022.00,0.00,0.00,168,13.00,2.33,0.00,-0.2,4.998,4.998,4.998,4.998,212
2022-01-31 20:34:22,3.0,5.4,205,0.0,0.0,0,0.0,0.0,0,222227.00,0.00,0.00,186,13.00,2.58,0.00,-0.6,4.998,4.998,4.998,4.998,19
2022-01-31 20:35:22,4.0,4.7,173,0.0,0.0,0,0.0,0.0,0,222400.00,0.00,0.00,199,13.00,2.77,0.00,-0.6,4.998,4.998,4.998,4.998,145
2022-01-31 20:36:22,3.4,7.7,237,0.0,0.0,0,0.0,0.0,0,222637.00,0.00,0.00,189,13.04,2.62,0.00,-0.6,4.998,4.998,4.998,4.998,106
2022-01-31 20:37:22,4.5,6.3,243,0.0,0.0,0,0.0,0.0,0,222880.00,0.00,0.00,193,13.00,2.69,0.00,-0.2,4.998,4.998,4.998,4.998,5
2022-01-31 20:38:22,6.1,7.9,263,0.0,0.0,0,0.0,0.0,0,223143.00,0.00,0.00,196,13.00,2.72,0.00,-0.6,4.998,4.998,4.998,4.998,75
2022-01-31 20:39:22,4.2,6.8,259,0.0,0.0,0,0.0,0.0,0,223402.00,0.00,0.00,190,13.00,2.65,0.00,-0.2,4.998,4.998,4.998,4.998,79
2022-01-31 20:40:22,4.8,8.2,322,0.0,0.0,0,0.0,0.0,0,223724.00,0.00,0.00,199,13.04,2.76,0.00,-0.2,4.998,4.998,4.998,4.998,164
2022-01-31 20:41:22,5.1,5.4,173,0.0,0.0,0,0.0,0.0,0,223897.00,0.00,0.00,163,13.00,2.27,0.00,-0.2,4.998,4.998,4.998,4.998,13
2022-01-31 20:42:22,5.5,5.8,222,0.0,0.0,0,0.0,0.0,0,224119.00,0.00,0.00,159,13.04,2.21,0.00,-0.2,4.998,4.998,4.998,4.998,145
2022-01-31 20:43:22,3.2,10.2,344,0.0,0.0,0,0.0,0.0,0,224463.00,0.00,0.00,170,13.00,2.36,0.00,0.2,4.998,4.998,4.998,4.998,141
2022-01-31 20:44:22,4.2,5.0,188,0.0,0.0,0,0.0,0.0,0,224651.00,0.00,0.00,197,13.00,2.74,0.00,-0.2,4.998,4.998,4.998,4.998,213
2022-01-31 20:45:22,6.4,10.0,380,0.0,0.0,0,0.0,0.0,0,225031.00,0.00,0.00,175,13.04,2.43,0.00,-0.2,4.998,4.998,4.998,4.998,56
2022-01-31 20:46:22,5.1,10.2,337,0.0,0.0,0,0.0,0.0,0,225368.00,0.00,0.00,157,13.00,2.18,0.00,-0.2,4.998,4.998,4.998,4.998,252
2022-01-31 20:47:22,4.0,7.6,250,0.0,0.0,0,0.0,0.0,0,225618.00,0.00,0.00,159,13.00,2.21,0.00,-0.2,4.998,4.998,4.998,4.998,5
2022-01-31 20:48:22,3.2,5.0,190,0.0,0.0,0,0.0,0.0,0,225808.00,0.00,0.00,176,13.04,2.44,0.00,-0.2,4.998,4.998,4.998,4.998,254
2022-01-31 20:49:22,3.3,8.9,347,0.0,0.0,0,0.0,0.0,0,226155.00,0.00,0.00,236,13.00,3.29,0.00,-0.2,4.998,4.998,4.998,4.998,156
2022-01-31 20:50:22,6.9,9.4,294,0.0,0.0,0,0.0,0.0,0,226449.00,0.00,0.00,209,13.00,2.90,0.00,0.2,4.998,4.998,4.998,4.998,80
2022-01-31 20:51:22,7.9,16.5,642,0.0,0.0,0,0.0,0.0,0,227091.00,0.00,0.00,181,13.00,2.51,0.00,0.7,4.998,4.998,4.998,4.998,91
2022-01-31 20:52:22,7.6,10.3,435,0.0,0.0,0,0.0,0.0,0,227526.00,0.00,0.00,200,13.00,2.77,0.00,0.7,4.998,4.998,4.998,4.998,241
2022-01-31 20:53:22,5.1,9.4,409,0.0,0.0,0,0.0,0.0,0,227935.00,0.00,0.00,184,13.00,2.56,0.00,0.2,4.998,4.998,4.998,4.998,26
2022-01-31 20:54:22,6.9,10.9,377,0.0,0.0,0,0.0,0.0,0,228312.00,0.00,0.00,184,13.00,2.56,0.00,0.7,4.998,4.998,4.998,4.998,101
2022-01-31 20:55:22,5.4,9.2,398,0.0,0.0,0,0.0,0.0,0,228710.00,0.00,0.00,179,13.00,2.49,0.00,0.7,4.998,4.998,4.998,4.998,55
2022-01-31 20:56:22,5.2,7.9,343,0.0,0.0,0,0.0,0.0,0,229053.00,0.00,0.00,184,13.00,2.56,0.00,0.2,4.998,4.998,4.998,4.998,172
2022-01-31 20:57:22,4.4,9.5,380,0.0,0.0,0,0.0,0.0,0,229433.00,0.00,0.00,203,13.00,2.82,0.00,-0.2,4.998,4.998,4.998,4.998,45
2022-01-31 20:58:22,7.3,7.7,320,0.0,0.0,0,0.0,0.0,0,229753.00,0.00,0.00,171,13.00,2.37,0.00,0.2,4.998,4.998,4.998,4.998,135
2022-01-31 20:59:22,4.8,11.6,483,0.0,0.0,0,0.0,0.0,0,230236.00,0.00,0.00,195,13.00,2.70,0.00,0.2,4.998,4.998,4.998,4.998,9
2022-01-31 21:00:22,5.9,9.6,373,0.0,0.0,0,0.0,0.0,0,230609.00,0.00,0.00,283,13.00,3.93,0.00,0.7,4.998,4.998,4.998,4.998,250
2022-01-31 21:01:22,6.3,10.1,401,0.0,0.0,0,0.0,0.0,0,231010.00,0.00,0.00,186,13.00,2.59,0.00,0.2,4.998,4.998,4.998,4.998,229
2022-01-31 21:02:22,4.3,8.5,333,0.0,0.0,0,0.0,0.0,0,231343.00,0.00,0.00,193,13.00,2.69,0.00,0.2,4.998,4.998,4.998,4.998,90
2022-01-31 21:03:22,3.7,5.9,183,0.0,0.0,0,0.0,0.0,0,231526.00,0.00,0.00,196,13.00,2.72,0.00,0.2,4.998,4.998,4.998,4.998,177
2022-01-31 21:04:22,3.6,6.4,262,0.0,0.0,0,0.0,0.0,0,231788.00,0.00,0.00,189,13.00,2.63,0.00,0.2,4.998,4.998,4.998,4.998,238
2022-01-31 21:05:22,4.6,6.3,247,0.0,0.0,0,0.0,0.0,0,232035.00,0.00,0.00,178,13.00,2.47,0.00,0.2,4.998,4.998,4.998,4.998,222
2022-01-31 21:06:22,8.8,9.5,395,0.0,0.0,0,0.0,0.0,0,232430.00,0.00,0.00,149,13.00,2.07,0.00,0.7,4.998,4.998,4.998,4.998,11
2022-01-31 21:07:22,5.5,11.7,449,0.0,0.0,0,0.0,0.0,0,232879.00,0.00,0.00,208,13.00,2.90,0.00,1.2,4.998,4.998,4.998,4.998,6
2022-01-31 21:08:22,2.0,8.1,299,0.0,0.0,0,0.0,0.0,0,233178.00,0.00,0.00,177,13.00,2.47,0.00,0.7,4.998,4.998,4.998,4.998,242
2022-01-31 21:09:22,5.1,5.2,138,0.0,0.0,0,0.0,0.0,0,233316.00,0.00,0.00,175,13.00,2.44,0.00,0.2,4.998,4.998,4.998,4.998,97
2022-01-31 21:10:22,8.0,9.0,406,0.0,0.0,0,0.0,0.0,0,233722.00,0.00,0.00,220,13.00,3.06,0.00,0.2,4.998,4.998,4.998,4.998,22
2022-01-31 21:11:22,4.0,10.0,323,0.0,0.0,0,0.0,0.0,0,234045.00,0.00,0.00,169,13.00,2.34,0.00,0.7,4.998,4.998,4.998,4.998,133
2022-01-31 21:12:22,6.2,6.7,291,0.0,0.0,0,0.0,0.0,0,234336.00,0.00,0.00,203,13.00,2.82,0.00,0.7,4.998,4.998,4.998,4.998,3
2022-01-31 21:13:22,7.7,8.2,395,0.0,0.0,0,0.0,0.0,0,234731.00,0.00,0.00,193,13.00,2.68,0.00,0.2,4.998,4.998,4.998,4.998,246
2022-01-31 21:14:22,4.9,7.6,307,0.0,0.0,0,0.0,0.0,0,235038.00,0.00,0.00,187,13.00,2.59,0.00,0.2,4.998,4.998,4.998,4.998,220
2022-01-31 21:15:22,9.7,13.5,537,0.0,0.0,0,0.0,0.0,0,235575.00,0.00,0.00,186,13.00,2.59,0.00,0.7,4.998,4.998,4.998,4.998,236
2022-01-31 21:16:22,7.0,10.3,372,0.0,0.0,0,0.0,0.0,0,235947.00,0.00,0.00,179,13.00,2.49,0.00,0.7,4.998,4.998,4.998,4.998,90
2022-01-31 21:17:22,7.9,8.5,312,0.0,0.0,0,0.0,0.0,0,236259.00,0.00,0.00,141,13.00,1.96,0.00,0.7,4.998,4.998,4.998,4.998,90
2022-01-31 21:18:22,10.6,11.6,514,0.0,0.0,0,0.0,0.0,0,236773.00,0.00,0.00,201,13.00,2.79,0.00,0.7,4.998,4.998,4.998,4.998,135
2022-01-31 21:19:22,7.2,10.4,370,0.0,0.0,0,0.0,0.0,0,237143.00,0.00,0.00,148,13.00,2.06,0.00,0.7,4.998,4.998,4.998,4.998,89
2022-01-31 21:20:22,7.5,11.3,425,0.0,0.0,0,0.0,0.0,0,237568.00,0.00,0.00,204,13.00,2.84,0.00,1.2,4.998,4.998,4.998,4.998,93
2022-01-31 21:21:22,12.2,14.7,649,0.0,0.0,0,0.0,0.0,0,238217.00,0.00,0.00,177,13.00,2.46,0.00,1.2,4.998,4.998,4.998,4.998,221
2022-01-31 21:22:22,6.6,12.8,471,0.0,0.0,0,0.0,0.0,0,238688.00,0.00,0.00,211,13.00,2.93,0.00,0.7,4.998,4.998,4.998,4.998,249
2022-01-31 21:23:22,7.7,11.2,465,0.0,0.0,0,0.0,0.0,0,239153.00,0.00,0.00,188,13.00,2.61,0.00,1.2,4.998,4.998,4.998,4.998,151
2022-01-31 21:24:22,7.5,15.7,534,0.0,0.0,0,0.0,0.0,0,239687.00,0.00,0.00,188,13.00,2.62,0.00,1.2,4.998,4.998,4.998,4.998,196
2022-01-31 21:25:22,5.2,9.2,372,0.0,0.0,0,0.0,0.0,0,240059.00,0.00,0.00,204,13.00,2.84,0.00,1.2,4.998,4.998,4.998,4.998,25
2022-01-31 21:26:22,9.0,9.8,432,0.0,0.0,0,0.0,0.0,0,240491.00,0.00,0.00,193,13.00,2.69,0.00,0.7,4.998,4.998,4.998,4.998,210
2022-01-31 21:27:22,5.8,12.8,575,0.0,0.0,0,0.0,0.0,0,241066.00,0.00,0.00,175,13.00,2.43,0.00,0.7,4.998,4.998,4.998,4.998,231
2022-01-31 21:28:22,12.3,16.9,633,0.0,0.0,0,0.0,0.0,0,241699.00,0.00,0.00,157,13.00,2.18,0.00,1.7,4.998,4.998,4.998,4.998,216
2022-01-31 21:29:22,9.7,12.5,446,0.0,0.0,0,0.0,0.0,0,242145.00,0.00,0.00,193,13.00,2.68,0.00,1.2,4.998,4.998,4.998,4.998,138
2022-01-31 21:30:22,10.9,12.8,493,0.0,0.0,0,0.0,0.0,0,242638.00,0.00,0.00,156,13.00,2.16,0.00,1.2,4.998,4.998,4.998,4.998,146
2022-01-31 21:31:22,8.1,13.4,578,0.0,0.0,0,0.0,0.0,0,243216.00,0.00,0.00,196,13.00,2.72,0.00,1.2,4.998,4.998,4.998,4.998,119
2022-01-31 21:32:22,12.2,13.5,450,0.0,0.0,0,0.0,0.0,0,243666.00,0.00,0.00,161,13.00,2.24,0.00,0.7,4.998,4.998,4.998,4.998,157
2022-01-31 21:33:22,5.6,13.7,500,0.0,0.0,0,0.0,0.0,0,244166.00,0.00,0.00,128,13.00,1.78,0.00,0.7,4.998,4.998,4.998,4.998,111
2022-01-31 21:34:22,8.5,18.1,621,0.0,0.0,0,0.0,0.0,0,244787.00,0.00,0.00,159,13.00,2.22,0.00,1.2,4.998,4.998,4.998,4.998,68
2022-01-31 21:35:22,3.1,12.0,420,0.0,0.0,0,0.0,0.0,0,245207.00,0.00,0.00,230,13.00,3.20,0.00,1.2,4.998,4.998,4.998,4.998,201
2022-01-31 21:36:22,8.1,9.2,400,0.0,0.0,0,0.0,0.0,0,245607.00,0.00,0.00,194,13.00,2.70,0.00,0.7,4.998,4.998,4.998,4.998,32
2022-01-31 21:37:22,7.1,13.1,537,0.0,0.0,0,0.0,0.0,0,246144.00,0.00,0.00,172,12.96,2.39,0.00,0.7,4.998,4.998,4.998,4.998,102
2022-01-31 21:38:22,8.3,16.3,672,0.0,0.0,0,0.0,0.0,0,246816.00,0.00,0.00,165,13.00,2.30,0.00,1.2,4.998,4.998,4.998,4.998,58
2022-01-31 21:39:22,5.7,13.0,428,0.0,0.0,0,0.0,0.0,0,247244.00,0.00,0.00,216,13.00,3.00,0.00,1.2,4.998,4.998,4.998,4.998,195
2022-01-31 21:40:22,5.3,8.8,312,0.0,0.0,0,0.0,0.0,0,247556.00,0.00,0.00,149,13.00,2.08,0.00,0.7,4.998,4.998,4.998,4.998,34
2022-01-31 21:41:22,9.9,12.4,479,0.0,0.0,0,0.0,0.0,0,248035.00,0.00,0.00,149,13.00,2.07,0.00,0.7,4.998,4.998,4.998,4.998,135
2022-01-31 21:42:22,7.9,14.9,570,0.0,0.0,0,0.0,0.0,0,248605.00,0.00,0.00,175,13.00,2.43,0.00,1.7,4.998,4.998,4.998,4.998,129
2022-01-31 21:43:22,10.2,22.9,768,0.0,0.0,0,0.0,0.0,0,249373.00,0.00,0.00,198,13.00,2.75,0.00,1.7,4.998,4.998,4.998,4.998,223
2022-01-31 21:44:22,11.4,16.3,690,0.0,0.0,0,0.0,0.0,0,250063.00,0.00,0.00,191,13.00,2.66,0.00,1.2,4.998,4.998,4.998,4.998,62
2022-01-31 21:45:22,5.6,11.6,533,0.0,0.0,0,0.0,0.0,0,250596.00,0.00,0.00,181,13.00,2.52,0.00,1.2,4.998,4.998,4.998,4.998,80
2022-01-31 21:46:22,7.8,16.2,702,0.0,0.0,0,0.0,0.0,0,251298.00,0.00,0.00,213,13.00,2.96,0.00,1.7,4.998,4.998,4.998,4.998,208
2022-01-31 21:47:22,7.8,12.5,459,0.0,0.0,0,0.0,0.0,0,251757.00,0.00,0.00,166,13.00,2.30,0.00,1.2,4.998,4.998,4.998,4.998,116
2022-01-31 21:48:22,14.6,17.1,732,0.0,0.0,0,0.0,0.0,0,252489.00,0.00,0.00,164,13.00,2.28,0.00,1.2,4.998,4.998,4.998,4.998,16
2022-01-31 21:49:22,12.3,16.5,690,0.0,0.0,0,0.0,0.0,0,253179.00,0.00,0.00,167,13.00,2.32,0.00,1.2,4.998,4.998,4.998,4.998,36
2022-01-31 21:50:22,8.5,16.6,646,0.0,0.0,0,0.0,0.0,0,253825.00,0.00,0.00,226,13.00,3.14,0.00,1.2,4.998,4.998,4.998,4.998,214
2022-01-31 21:51:22,13.2,17.0,682,0.0,0.0,0,0.0,0.0,0,254507.00,0.00,0.00,166,13.00,2.30,0.00,1.2,4.998,4.998,4.998,4.998,203
2022-01-31 21:52:22,9.8,21.2,835,0.0,0.0,0,0.0,0.0,0,255342.00,0.00,0.00,204,13.00,2.84,0.00,1.7,4.998,4.998,4.998,4.998,1
2022-01-31 21:53:22,13.8,15.2,508,0.0,0.0,0,0.0,0.0,0,255850.00,0.00,0.00,147,13.00,2.05,0.00,1.2,4.998,4.998,4.998,4.998,29
2022-01-31 21:54:22,6.3,15.6,706,0.0,0.0,0,0.0,0.0,0,256556.00,0.00,0.00,165,13.00,2.30,0.00,1.7,4.998,4.998,4.998,4.998,199
2022-01-31 21:55:22,14.9,20.1,753,0.0,0.0,0,0.0,0.0,0,257309.00,0.00,0.00,183,13.00,2.54,0.00,1.7,4.998,4.998,4.998,4.998,23
2022-01-31 21:56:22,7.2,14.9,567,0.0,0.0,0,0.0,0.0,0,257876.00,0.00,0.00,193,13.00,2.68,0.00,1.2,4.998,4.998,4.998,4.998,213
2022-01-31 21:57:22,13.3,20.1,800,0.0,0.0,0,0.0,0.0,0,258676.00,0.00,0.00,166,13.00,2.30,0.00,1.2,4.998,4.998,4.998,4.998,143
2022-01-31 21:58:22,17.3,18.0,711,0.0,0.0,0,0.0,0.0,0,259387.00,0.00,0.00,170,13.00,2.36,0.00,1.7,4.998,4.998,4.998,4.998,181
2022-01-31 21:59:22,8.5,18.0,781,0.0,0.0,0,0.0,0.0,0,260168.00,0.00,0.00,209,13.00,2.91,0.00,1.7,4.998,4.998,4.998,4.998,248
2022-01-31 22:00:22,8.6,16.6,617,0.0,0.0,0,0.0,0.0,0,260785.00,0.00,0.00,159,13.00,2.21,0.00,1.7,4.998,4.998,4.998,4.998,83
2022-01-31 22:01:22,9.7,13.0,527,0.0,0.0,0,0.0,0.0,0,261312.00,0.00,0.00,200,13.00,2.78,0.00,0.7,4.998,4.998,4.998,4.998,84
2022-01-31 22:02:22,13.2,15.5,629,0.0,0.0,0,0.0,0.0,0,261941.00,0.00,0.00,153,13.00,2.13,0.00,1.2,4.998,4.998,4.998,4.998,103
2022-01-31 22:03:22,12.1,23.0,860,0.0,0.0,0,0.0,0.0,0,262801.00,0.00,0.00,201,13.00,2.79,0.00,1.7,4.998,4.998,4.998,4.998,159
2022-01-31 22:04:22,7.0,14.9,690,0.0,0.0,0,0.0,0.0,0,263491.00,0.00,0.00,173,13.00,2.41,0.00,1.2,4.998,4.998,4.998,4.998,191
2022-01-31 22:05:22,6.2,12.3,485,0.0,0.0,0,0.0,0.0,0,263976.00,0.00,0.00,176,13.00,2.45,0.00,1.2,4.998,4.998,4.998,4.998,66
2022-01-31 22:06:22,10.0,15.6,616,0.0,0.0,0,0.0,0.0,0,264592.00,0.00,0.00,172,13.00,2.39,0.00,1.2,4.998,4.998,4.998,4.998,185
2022-01-31 22:07:22,11.6,14.7,633,0.0,0.0,0,0.0,0.0,0,265225.00,0.00,0.00,200,13.00,2.78,0.00,1.2,4.998,4.998,4.998,4.998,116
2022-01-31 22:08:22,6.1,16.1,642,0.0,0.0,0,0.0,0.0,0,265867.00,0.00,0.00,203,13.00,2.82,0.00,1.2,4.998,4.998,4.998,4.998,6
2022-01-31 22:09:22,10.6,11.4,474,0.0,0.0,0,0.0,0.0,0,266341.00,0.00,0.00,211,13.00,2.93,0.00,1.2,4.998,4.998,4.998,4.998,28
2022-01-31 22:10:22,7.4,19.3,760,0.0,0.0,0,0.0,0.0,0,267101.00,0.00,0.00,195,13.00,2.71,0.00,1.2,4.998,4.998,4.998,4.998,249
2022-01-31 22:11:22,18.0,19.2,574,0.0,0.0,0,0.0,0.0,0,267675.00,0.00,0.00,200,13.00,2.78,0.00,0.7,4.998,4.998,4.998,4.998,84
2022-01-31 22:12:22,10.2,17.7,770,0.0,0.0,0,0.0,0.0,0,268445.00,0.00,0.00,171,13.00,2.37,0.00,1.2,4.998,4.998,4.998,4.998,73
2022-01-31 22:13:22,9.7,16.3,625,0.0,0.0,0,0.0,0.0,0,269070.00,0.00,0.00,185,13.00,2.57,0.00,1.2,4.998,4.998,4.998,4.998,171
2022-01-31 22:14:22,9.5,18.2,733,0.0,0.0,0,0.0,0.0,0,269803.00,0.00,0.00,225,13.00,3.13,0.00,1.2,4.998,4.998,4.998,4.998,201
2022-01-31 22:15:22,10.2,17.0,604,0.0,0.0,0,0.0,0.0,0,270407.00,0.00,0.00,174,13.00,2.41,0.00,0.7,4.998,4.998,4.998,4.998,175
2022-01-31 22:16:22,7.3,16.7,789,0.0,0.0,0,0.0,0.0,0,271196.00,0.00,0.00,184,13.00,2.55,0.00,1.2,4.998,4.998,4.998,4.998,14
2022-01-31 22:17:22,10.3,15.4,559,0.0,0.0,0,0.0,0.0,0,271755.00,0.00,0.00,184,13.00,2.56,0.00,1.7,4.998,4.998,4.998,4.998,190
2022-01-31 22:18:22,8.2,12.9,570,0.0,0.0,0,0.0,0.0,0,272325.00,0.00,0.00,172,12.96,2.39,0.00,1.2,4.998,4.998,4.998,4.998,213
2022-01-31 22:19:22,7.8,18.8,740,0.0,0.0,0,0.0,0.0,0,273065.00,0.00,0.00,159,12.96,2.21,0.00,1.7,4.998,4.998,4.998,4.998,221
2022-01-31 22:20:22,9.0,13.0,514,0.0,0.0,0,0.0,0.0,0,273579.00,0.00,0.00,165,13.00,2.29,0.00,1.2,4.998,4.998,4.998,4.998,70
2022-01-31 22:21:22,7.9,20.3,752,0.0,0.0,0,0.0,0.0,0,274331.00,0.00,0.00,192,13.00,2.67,0.00,1.2,4.998,4.998,4.998,4.998,109
2022-01-31 22:22:22,6.4,16.4,636,0.0,0.0,0,0.0,0.0,0,274967.00,0.00,0.00,188,13.00,2.61,0.00,1.2,4.998,4.998,4.998,4.998,224
2022-01-31 22:23:22,6.2,18.3,675,0.0,0.0,0,0.0,0.0,0,275642.00,0.00,0.00,127,12.96,1.77,0.00,1.2,4.998,4.998,4.998,4.998,167
2022-01-31 22:24:22,13.2,22.6,853,0.0,0.0,0,0.0,0.0,0,276495.00,0.00,0.00,191,13.00,2.65,0.00,1.2,4.998,4.998,4.998,4.998,166
2022-01-31 22:25:22,11.0,15.7,739,0.0,0.0,0,0.0,0.0,0,277234.00,0.00,0.00,166,13.00,2.30,0.00,1.2,4.998,4.998,4.998,4.998,209
2022-01-31 22:26:22,14.6,18.1,757,0.0,0.0,0,0.0,0.0,0,277991.00,0.00,0.00,151,13.00,2.09,0.00,1.7,4.998,4.998,4.998,4.998,249
2022-01-31 22:27:22,9.4,14.7,533,0.0,0.0,0,0.0,0.0,0,278524.00,0.00,0.00,186,13.00,2.58,0.00,1.2,4.998,4.998,4.998,4.998,195
2022-01-31 22:28:22,12.7,12.8,549,0.0,0.0,0,0.0,0.0,0,279073.00,0.00,0.00,179,12.96,2.49,0.00,1.2,4.998,4.998,4.998,4.998,17
2022-01-31 22:29:22,9.2,15.7,627,0.0,0.0,0,0.0,0.0,0,279700.00,0.00,0.00,201,13.00,2.80,0.00,1.2,4.998,4.998,4.998,4.998,150
2022-01-31 22:30:22,7.0,14.2,630,0.0,0.0,0,0.0,0.0,0,280330.00,0.00,0.00,173,12.96,2.41,0.00,1.2,4.998,4.998,4.998,4.998,55
2022-01-31 22:31:22,10.2,20.0,624,0.0,0.0,0,0.0,0.0,0,280954.00,0.00,0.00,210,13.00,2.92,0.00,1.2,4.998,4.998,4.998,4.998,149
2022-01-31 22:32:22,10.1,19.3,940,0.0,0.0,0,0.0,0.0,0,281894.00,0.00,0.00,177,13.00,2.46,0.00,0.7,4.998,4.998,4.998,4.998,205
2022-01-31 22:33:22,4.1,14.8,648,0.0,0.0,0,0.0,0.0,0,282542.00,0.00,0.00,148,12.96,2.06,0.00,1.2,4.998,4.998,4.998,4.998,119
2022-01-31 22:34:22,7.5,13.2,483,0.0,0.0,0,0.0,0.0,0,283025.00,0.00,0.00,195,13.00,2.71,0.00,0.7,4.998,4.998,4.998,4.998,138
2022-01-31 22:35:22,7.5,18.0,533,0.0,0.0,0,0.0,0.0,0,283558.00,0.00,0.00,170,12.96,2.36,0.00,1.2,4.998,4.998,4.998,4.998,199
2022-01-31 22:36:22,5.6,14.3,512,0.0,0.0,0,0.0,0.0,0,284070.00,0.00,0.00,149,12.96,2.07,0.00,1.2,4.998,4.998,4.998,4.998,219
2022-01-31 22:37:22,9.2,12.4,454,0.0,0.0,0,0.0,0.0,0,284524.00,0.00,0.00,164,12.96,2.28,0.00,0.7,4.998,4.998,4.998,4.998,177
2022-01-31 22:38:22,20.2,24.0,774,0.0,0.0,0,0.0,0.0,0,285298.00,0.00,0.00,163,13.00,2.26,0.00,1.2,4.998,4.998,4.998,4.998,89
2022-01-31 22:39:22,5.5,21.6,778,0.0,0.0,0,0.0,0.0,0,286076.00,0.00,0.00,157,13.00,2.18,0.00,1.2,4.998,4.998,4.998,4.998,113
2022-01-31 22:40:22,6.9,14.4,553,0.0,0.0,0,0.0,0.0,0,286629.00,0.00,0.00,156,13.00,2.17,0.00,1.2,4.998,4.998,4.998,4.998,246
2022-01-31 22:41:22,8.7,15.7,697,0.0,0.0,0,0.0,0.0,0,287326.00,0.00,0.00,209,12.96,2.91,0.00,1.2,4.998,4.998,4.998,4.998,12
2022-01-31 22:42:22,12.7,13.9,631,0.0,0.0,0,0.0,0.0,0,287957.00,0.00,0.00,186,13.00,2.59,0.00,0.7,4.998,4.998,4.998,4.998,119
2022-01-31 22:43:22,12.6,17.1,728,0.0,0.0,0,0.0,0.0,0,288685.00,0.00,0.00,189,13.00,2.63,0.00,0.7,4.998,4.998,4.998,4.998,0
2022-01-31 22:44:22,15.5,15.5,622,0.0,0.0,0,0.0,0.0,0,289307.00,0.00,0.00,153,12.96,2.13,0.00,1.2,4.998,4.998,4.998,4.998,225
2022-01-31 22:45:22,13.7,20.0,718,0.0,0.0,0,0.0,0.0,0,290025.00,0.00,0.00,164,13.00,2.29,0.00,0.7,4.998,4.998,4.998,4.998,208
2022-01-31 22:46:22,10.8,20.8,749,0.0,0.0,0,0.0,0.0,0,290774.00,0.00,0.00,182,13.00,2.53,0.00,1.2,4.998,4.998,4.998,4.998,139
2022-01-31 22:47:22,5.6,17.1,771,0.0,0.0,0,0.0,0.0,0,291545.00,0.00,0.00,174,12.96,2.42,0.00,1.2,4.998,4.998,4.998,4.998,82
2022-01-31 22:48:22,6.7,10.5,412,0.0,0.0,0,0.0,0.0,0,291957.00,0.00,0.00,185,12.96,2.57,0.00,0.7,4.998,4.998,4.998,4.998,121
2022-01-31 22:49:22,11.1,19.9,760,0.0,0.0,0,0.0,0.0,0,292717.00,0.00,0.00,197,13.00,2.74,0.00,1.2,4.998,4.998,4.998,4.998,14
2022-01-31 22:50:22,6.6,16.8,691,0.0,0.0,0,0.0,0.0,0,293408.00,0.00,0.00,209,13.00,2.91,0.00,1.2,4.998,4.998,4.998,4.998,210
2022-01-31 22:51:22,10.1,16.2,691,0.0,0.0,0,0.0,0.0,0,294099.00,0.00,0.00,194,12.96,2.69,0.00,1.2,4.998,4.998,4.998,4.998,137
2022-01-31 22:52:22,9.2,15.7,733,0.0,0.0,0,0.0,0.0,0,294832.00,0.00,0.00,191,12.96,2.66,0.00,1.2,4.998,4.998,4.998,4.998,111
2022-01-31 22:53:22,7.7,16.4,543,0.0,0.0,0,0.0,0.0,0,295375.00,0.00,0.00,204,12.96,2.83,0.00,1.2,4.998,4.998,4.998,4.998,19
2022-01-31 22:54:22,15.4,18.1,701,0.0,0.0,0,0.0,0.0,0,296076.00,0.00,0.00,178,13.00,2.48,0.00,1.2,4.998,4.998,4.998,4.998,50
2022-01-31 22:55:22,10.5,16.9,713,0.0,0.0,0,0.0,0.0,0,296789.00,0.00,0.00,158,12.96,2.20,0.00,1.2,4.998,4.998,4.998,4.998,217
2022-01-31 22:56:22,11.3,17.6,747,0.0,0.0,0,0.0,0.0,0,297536.00,0.00,0.00,197,13.00,2.73,0.00,1.2,4.998,4.998,4.998,4.998,95
2022-01-31 22:57:22,10.0,16.0,709,0.0,0.0,0,0.0,0.0,0,298245.00,0.00,0.00,191,12.96,2.66,0.00,1.2,4.998,4.998,4.998,4.998,211
2022-01-31 22:58:22,6.8,14.1,592,0.0,0.0,0,0.0,0.0,0,298837.00,0.00,0.00,169,12.96,2.35,0.00,1.2,4.998,4.998,4.998,4.998,187
2022-01-31 22:59:22,7.9,13.5,550,0.0,0.0,0,0.0,0.0,0,299387.00,0.00,0.00,233,13.00,3.23,0.00,1.2,4.998,4.998,4.998,4.998,172
2022-01-31 23:00:22,13.4,19.1,840,0.0,0.0,0,0.0,0.0,0,300227.00,0.00,0.00,176,13.00,2.44,0.00,1.2,4.998,4.998,4.998,4.998,135
2022-01-31 23:01:22,6.2,17.4,718,0.0,0.0,0,0.0,0.0,0,300945.00,0.00,0.00,198,12.96,2.75,0.00,1.2,4.998,4.998,4.998,4.998,83
2022-01-31 23:02:22,11.7,14.0,448,0.0,0.0,0,0.0,0.0,0,301393.00,0.00,0.00,191,13.00,2.65,0.00,1.2,4.998,4.998,4.998,4.998,148
2022-01-31 23:03:22,13.9,19.6,910,0.0,0.0,0,0.0,0.0,0,302303.00,0.00,0.00,157,12.96,2.19,0.00,1.2,4.998,4.998,4.998,4.998,211
2022-01-31 23:04:22,10.7,17.8,735,0.0,0.0,0,0.0,0.0,0,303038.00,0.00,0.00,198,12.96,2.75,0.00,1.2,4.998,4.998,4.998,4.998,35
2022-01-31 23:05:22,9.9,17.9,746,0.0,0.0,0,0.0,0.0,0,303784.00,0.00,0.00,164,13.00,2.28,0.00,1.2,4.998,4.998,4.998,4.998,177
2022-01-31 23:06:22,12.7,18.1,759,0.0,0.0,0,0.0,0.0,0,304543.00,0.00,0.00,205,12.96,2.85,0.00,1.2,4.998,4.998,4.998,4.998,97
2022-01-31 23:07:22,9.9,19.6,709,0.0,0.0,0,0.0,0.0,0,305252.00,0.00,0.00,180,12.96,2.50,0.00,1.2,4.998,4.998,4.998,4.998,223
2022-01-31 23:08:22,8.6,16.1,623,0.0,0.0,0,0.0,0.0,0,305875.00,0.00,0.00,192,12.96,2.67,0.00,0.7,4.998,4.998,4.998,4.998,171
2022-01-31 23:09:22,7.5,15.1,648,0.0,0.0,0,0.0,0.0,0,306523.00,0.00,0.00,148,13.00,2.05,0.00,1.2,4.998,4.998,4.998,4.998,72
2022-01-31 23:10:22,10.3,13.9,513,0.0,0.0,0,0.0,0.0,0,307036.00,0.00,0.00,200,13.00,2.78,0.00,0.7,4.998,4.998,4.998,4.998,108
2022-01-31 23:11:22,11.0,21.6,720,0.0,0.0,0,0.0,0.0,0,307756.00,0.00,0.00,206,13.00,2.86,0.00,1.2,4.998,4.998,4.998,4.998,115
2022-01-31 23:12:22,13.7,19.0,809,0.0,0.0,0,0.0,0.0,0,308565.00,0.00,0.00,166,13.00,2.30,0.00,1.2,4.998,4.998,4.998,4.998,98
2022-01-31 23:13:22,15.2,18.4,804,0.0,0.0,0,0.0,0.0,0,309369.00,0.00,0.00,150,12.96,2.08,0.00,1.2,4.998,4.998,4.998,4.998,139
2022-01-31 23:14:22,6.2,15.9,563,0.0,0.0,0,0.0,0.0,0,309932.00,0.00,0.00,237,12.96,3.29,0.00,1.2,4.998,4.998,4.998,4.998,59
2022-01-31 23:15:22,11.0,17.5,540,0.0,0.0,0,0.0,0.0,0,310472.00,0.00,0.00,159,12.96,2.21,0.00,0.7,4.998,4.998,4.998,4.998,40
2022-01-31 23:16:22,6.3,14.1,662,0.0,0.0,0,0.0,0.0,0,311134.00,0.00,0.00,187,13.00,2.60,0.00,0.7,4.998,4.998,4.998,4.998,40
2022-01-31 23:17:22,5.7,17.8,590,0.0,0.0,0,0.0,0.0,0,311724.00,0.00,0.00,190,12.96,2.64,0.00,0.7,4.998,4.998,4.998,4.998,159
2022-01-31 23:18:22,5.5,18.5,638,0.0,0.0,0,0.0,0.0,0,312362.00,0.00,0.00,186,13.00,2.59,0.00,1.2,4.998,4.998,4.998,4.998,134
2022-01-31 23:19:22,11.4,23.2,1002,0.0,0.0,0,0.0,0.0,0,313364.00,0.00,0.00,191,13.00,2.66,0.00,1.2,4.998,4.998,4.998,4.998,179
2022-01-31 23:20:22,6.3,16.5,651,0.0,0.0,0,0.0,0.0,0,314015.00,0.00,0.00,197,12.96,2.74,0.00,1.2,4.998,4.998,4.998,4.998,60
2022-01-31 23:21:22,12.6,21.8,907,0.0,0.0,0,0.0,0.0,0,314922.00,0.00,0.00,150,13.00,2.08,0.00,1.2,4.998,4.998,4.998,4.998,44
2022-01-31 23:22:22,6.4,16.1,676,0.0,0.0,0,0.0,0.0,0,315598.00,0.00,0.00,181,12.96,2.51,0.00,1.2,4.998,4.998,4.998,4.998,222
2022-01-31 23:23:22,10.3,20.8,762,0.0,0.0,0,0.0,0.0,0,316360.00,0.00,0.00,193,12.96,2.68,0.00,1.2,4.998,4.998,4.998,4.998,188
2022-01-31 23:24:22,6.5,19.6,844,0.0,0.0,0,0.0,0.0,0,317204.00,0.00,0.00,179,12.96,2.49,0.00,1.2,4.998,4.998,4.998,4.998,174
2022-01-31 23:25:22,9.7,18.1,752,0.0,0.0,0,0.0,0.0,0,317956.00,0.00,0.00,217,12.96,3.01,0.00,1.2,4.998,4.998,4.998,4.998,30
2022-01-31 23:26:22,16.5,17.8,574,0.0,0.0,0,0.0,0.0,0,318530.00,0.00,0.00,187,13.00,2.59,0.00,1.2,4.998,4.998,4.998,4.998,145
2022-01-31 23:27:22,8.8,20.0,700,0.0,0.0,0,0.0,0.0,0,319230.00,0.00,0.00,182,12.96,2.53,0.00,0.7,4.998,4.998,4.998,4.998,78
2022-01-31 23:28:22,16.3,19.2,832,0.0,0.0,0,0.0,0.0,0,320062.00,0.00,0.00,178,12.96,2.48,0.00,0.7,4.998,4.998,4.998,4.998,134
2022-01-31 23:29:22,7.5,18.5,728,0.0,0.0,0,0.0,0.0,0,320790.00,0.00,0.00,140,12.96,1.94,0.00,0.7,4.998,4.998,4.998,4.998,70
2022-01-31 23:30:22,12.0,19.6,770,0.0,0.0,0,0.0,0.0,0,321560.00,0.00,0.00,127,12.96,1.76,0.00,1.2,4.998,4.998,4.998,4.998,98
2022-01-31 23:31:22,16.0,20.3,700,0.0,0.0,0,0.0,0.0,0,322260.00,0.00,0.00,176,12.96,2.45,0.00,1.2,4.998,4.998,4.998,4.998,130
2022-01-31 23:32:22,8.8,22.2,674,0.0,0.0,0,0.0,0.0,0,322934.00,0.00,0.00,182,12.96,2.53,0.00,0.7,4.998,4.998,4.998,4.998,69
2022-01-31 23:33:22,12.4,22.3,931,0.0,0.0,0,0.0,0.0,0,323865.00,0.00,0.00,238,12.96,3.31,0.00,1.2,4.998,4.998,4.998,4.998,225
2022-01-31 23:34:22,16.1,18.1,746,0.0,0.0,0,0.0,0.0,0,324611.00,0.00,0.00,248,12.96,3.45,0.00,1.2,4.998,4.998,4.998,4.998,100
2022-01-31 23:35:22,10.9,16.3,664,0.0,0.0,0,0.0,0.0,0,325275.00,0.00,0.00,207,12.96,2.88,0.00,1.2,4.998,4.998,4.998,4.998,135
2022-01-31 23:36:22,8.2,18.5,697,0.0,0.0,0,0.0,0.0,0,325972.00,0.00,0.00,201,12.96,2.80,0.00,1.2,4.998,4.998,4.998,4.998,203
2022-01-31 23:37:22,13.0,17.1,476,0.0,0.0,0,0.0,0.0,0,326448.00,0.00,0.00,135,12.96,1.87,0.00,0.7,4.998,4.998,4.998,4.998,82
2022-01-31 23:38:22,14.0,17.2,786,0.0,0.0,0,0.0,0.0,0,327234.00,0.00,0.00,200,13.00,2.78,0.00,1.2,4.998,4.998,4.998,4.998,34
2022-01-31 23:39:22,14.5,18.3,728,0.0,0.0,0,0.0,0.0,0,327962.00,0.00,0.00,218,12.96,3.03,0.00,1.2,4.998,4.998,4.998,4.998,150
2022-01-31 23:40:22,8.7,18.6,749,0.0,0.0,0,0.0,0.0,0,328711.00,0.00,0.00,174,13.00,2.42,0.00,1.2,4.998,4.998,4.998,4.998,250
2022-01-31 23:41:22,7.2,17.8,555,0.0,0.0,0,0.0,0.0,0,329266.00,0.00,0.00,201,13.00,2.79,0.00,1.2,4.998,4.998,4.998,4.998,88
2022-01-31 23:42:22,12.5,22.9,770,0.0,0.0,0,0.0,0.0,0,330036.00,0.00,0.00,169,12.96,2.35,0.00,0.7,4.998,4.998,4.998,4.998,10
2022-01-31 23:43:22,11.0,18.8,823,0.0,0.0,0,0.0,0.0,0,330859.00,0.00,0.00,190,12.96,2.64,0.00,1.2,4.998,4.998,4.998,4.998,94
2022-01-31 23:44:22,14.1,22.8,963,0.0,0.0,0,0.0,0.0,0,331822.00,0.00,0.00,190,12.96,2.64,0.00,0.7,4.998,4.998,4.998,4.998,227
2022-01-31 23:45:22,17.1,21.9,969,0.0,0.0,0,0.0,0.0,0,332791.00,0.00,0.00,225,12.96,3.12,0.00,1.2,4.998,4.998,4.998,4.998,177
2022-01-31 23:46:22,7.3,16.8,689,0.0,0.0,0,0.0,0.0,0,333480.00,0.00,0.00,179,12.96,2.49,0.00,1.2,4.998,4.998,4.998,4.998,219
2022-01-31 23:47:22,8.0,18.2,728,0.0,0.0,0,0.0,0.0,0,334208.00,0.00,0.00,177,12.96,2.46,0.00,1.2,4.998,4.998,4.998,4.998,192
2022-01-31 23:48:22,11.5,20.6,848,0.0,0.0,0,0.0,0.0,0,335056.00,0.00,0.00,177,12.96,2.47,0.00,1.2,4.998,4.998,4.998,4.998,79
2022-01-31 23:49:22,10.7,21.3,843,0.0,0.0,0,0.0,0.0,0,335899.00,0.00,0.00,181,12.96,2.52,0.00,0.7,4.998,4.998,4.998,4.998,107
2022-01-31 23:50:22,10.2,19.1,863,0.0,0.0,0,0.0,0.0,0,336762.00,0.00,0.00,166,12.96,2.30,0.00,1.2,4.998,4.998,4.998,4.998,12
2022-01-31 23:51:22,14.8,18.1,602,0.0,0.0,0,0.0,0.0,0,337364.00,0.00,0.00,218,12.96,3.03,0.00,1.2,4.998,4.998,4.998,4.998,183
2022-01-31 23:52:22,8.0,17.1,574,0.0,0.0,0,0.0,0.0,0,337938.00,0.00,0.00,203,13.00,2.82,0.00,0.7,4.998,4.998,4.998,4.998,9
2022-01-31 23:53:22,13.9,21.7,726,0.0,0.0,0,0.0,0.0,0,338664.00,0.00,0.00,199,12.96,2.76,0.00,1.2,4.998,4.998,4.998,4.998,169
2022-01-31 23:54:22,11.2,20.2,813,0.0,0.0,0,0.0,0.0,0,339477.00,0.00,0.00,181,12.96,2.52,0.00,1.2,4.998,4.998,4.998,4.998,233
2022-01-31 23:55:22,17.3,25.2,1074,0.0,0.0,0,0.0,0.0,0,340551.00,0.00,0.00,208,12.96,2.89,0.00,1.2,4.998,4.998,4.998,4.998,75
2022-01-31 23:56:22,17.1,19.8,857,0.0,0.0,0,0.0,0.0,0,341408.00,0.00,0.00,201,12.96,2.79,0.00,1.2,4.998,4.998,4.998,4.998,63
2022-01-31 23:57:22,15.5,26.7,1220,0.0,0.0,0,0.0,0.0,0,342628.00,0.00,0.00,137,12.96,1.90,0.00,0.7,4.998,4.998,4.998,4.998,250
2022-01-31 23:58:22,10.5,20.0,823,0.0,0.0,0,0.0,0.0,0,343451.00,0.00,0.00,201,12.96,2.79,0.00,1.2,4.998,4.998,4.998,4.998,56
2022-01-31 23:59:22,12.2,19.3,676,0.0,0.0,0,0.0,0.0,0,344127.00,0.00,0.00,169,12.96,2.35,0.00,0.7,4.998,4.998,4.998,4.998,125
