2022-01-05 00:00:22,10.5,13.4,539,0.0,0.0,0,0.0,0.0,0,539.00,0.00,0.00,235,12.92,3.27,0.00,1.7,4.998,4.998,4.998,4.998,147
2022-01-05 00:01:22,9.3,15.5,635,0.0,0.0,0,0.0,0.0,0,1174.00,0.00,0.00,226,12.89,3.13,0.00,1.7,4.998,4.998,4.998,4.998,138
2022-01-05 00:02:22,7.2,14.9,553,0.0,0.0,0,0.0,0.0,0,1727.00,0.00,0.00,222,12.89,3.08,0.00,1.7,4.998,4.998,4.998,4.998,171
2022-01-05 00:03:22,5.8,15.9,581,0.0,0.0,0,0.0,0.0,0,2308.00,0.00,0.00,248,12.89,3.44,0.00,1.7,4.998,4.998,4.998,4.998,173
2022-01-05 00:04:22,7.6,14.3,479,0.0,0.0,0,0.0,0.0,0,2787.00,0.00,0.00,222,12.89,3.09,0.00,1.2,4.998,4.998,4.998,4.998,158
2022-01-05 00:05:22,8.0,12.4,463,0.0,0.0,0,0.0,0.0,0,3250.00,0.00,0.00,190,12.92,2.64,0.00,1.7,4.998,4.998,4.998,4.998,145
2022-01-05 00:06:22,7.3,24.5,764,0.0,0.0,0,0.0,0.0,0,4014.00,0.00,0.00,217,12.89,3.02,0.00,1.7,4.998,4.998,4.998,4.998,165
2022-01-05 00:07:22,7.7,10.5,452,0.0,0.0,0,0.0,0.0,0,4466.00,0.00,0.00,228,12.89,3.17,0.00,1.7,4.998,4.998,4.998,4.998,217
2022-01-05 00:08:22,7.6,15.5,641,0.0,0.0,0,0.0,0.0,0,5107.00,0.00,0.00,223,12.89,3.11,0.00,1.2,4.998,4.998,4.998,4.998,152
2022-01-05 00:09:22,12.1,16.4,676,0.0,0.0,0,0.0,0.0,0,5783.00,0.00,0.00,234,12.92,3.25,0.00,1.7,4.998,4.998,4.998,4.998,69
2022-01-05 00:10:22,8.7,15.6,567,0.0,0.0,0,0.0,0.0,0,6350.00,0.00,0.00,260,12.92,3.62,0.00,1.7,4.998,4.998,4.998,4.998,115
2022-01-05 00:11:22,11.7,11.7,442,0.0,0.0,0,0.0,0.0,0,6792.00,0.00,0.00,198,12.89,2.75,0.00,1.7,4.998,4.998,4.998,4.998,182
2022-01-05 00:12:22,18.6,18.9,567,0.0,0.0,0,0.0,0.0,0,7359.00,0.00,0.00,186,12.92,2.59,0.00,1.2,4.998,4.998,4.998,4.998,117
2022-01-05 00:13:22,4.9,18.5,613,0.0,0.0,0,0.0,0.0,0,7972.00,0.00,0.00,246,12.89,3.41,0.00,1.7,4.998,4.998,4.998,4.998,51
2022-01-05 00:14:22,8.4,16.3,684,0.0,0.0,0,0.0,0.0,0,8656.00,0.00,0.00,203,12.92,2.82,0.00,1.7,4.998,4.998,4.998,4.998,139
2022-01-05 00:15:22,14.0,16.2,608,0.0,0.0,0,0.0,0.0,0,9264.00,0.00,0.00,239,12.92,3.32,0.00,1.2,4.998,4.998,4.998,4.998,237
2022-01-05 00:16:22,7.2,21.2,751,0.0,0.0,0,0.0,0.0,0,10015.00,0.00,0.00,235,12.92,3.26,0.00,1.7,4.998,4.998,4.998,4.998,232
2022-01-05 00:17:22,12.0,19.6,743,0.0,0.0,0,0.0,0.0,0,10758.00,0.00,0.00,226,12.89,3.13,0.00,1.7,4.998,4.998,4.998,4.998,173
2022-01-05 00:18:22,8.4,20.8,856,0.0,0.0,0,0.0,0.0,0,11614.00,0.00,0.00,136,12.89,1.88,0.00,1.7,4.998,4.998,4.998,4.998,47
2022-01-05 00:19:22,12.6,15.9,507,0.0,0.0,0,0.0,0.0,0,12121.00,0.00,0.00,221,12.89,3.07,0.00,1.7,4.998,4.998,4.998,4.998,15
2022-01-05 00:20:22,10.9,15.6,677,0.0,0.0,0,0.0,0.0,0,12798.00,0.00,0.00,226,12.89,3.13,0.00,1.7,4.998,4.998,4.998,4.998,99
2022-01-05 00:21:22,8.0,17.3,756,0.0,0.0,0,0.0,0.0,0,13554.00,0.00,0.00,261,12.89,3.63,0.00,1.2,4.998,4.998,4.998,4.998,183
2022-01-05 00:22:22,6.1,16.5,652,0.0,0.0,0,0.0,0.0,0,14206.00,0.00,0.00,217,12.89,3.01,0.00,1.7,4.998,4.998,4.998,4.998,95
2022-01-05 00:23:22,9.0,15.0,502,0.0,0.0,0,0.0,0.0,0,14708.00,0.00,0.00,233,12.92,3.24,0.00,1.7,4.998,4.998,4.998,4.998,40
2022-01-05 00:24:22,15.0,19.7,605,0.0,0.0,0,0.0,0.0,0,15313.00,0.00,0.00,251,12.92,3.49,0.00,1.7,4.998,4.998,4.998,4.998,177
2022-01-05 00:25:22,7.7,18.3,666,0.0,0.0,0,0.0,0.0,0,15979.00,0.00,0.00,243,12.89,3.37,0.00,1.7,4.998,4.998,4.998,4.998,231
2022-01-05 00:26:22,6.1,13.0,486,0.0,0.0,0,0.0,0.0,0,16465.00,0.00,0.00,203,12.92,2.82,0.00,1.2,4.998,4.998,4.998,4.998,146
2022-01-05 00:27:22,13.0,13.5,495,0.0,0.0,0,0.0,0.0,0,16960.00,0.00,0.00,240,12.89,3.34,0.00,1.7,4.998,4.998,4.998,4.998,64
2022-01-05 00:28:22,6.3,14.4,440,0.0,0.0,0,0.0,0.0,0,17400.00,0.00,0.00,214,12.89,2.98,0.00,1.2,4.998,4.998,4.998,4.998,229
2022-01-05 00:29:22,10.7,13.1,562,0.0,0.0,0,0.0,0.0,0,17962.00,0.00,0.00,231,12.92,3.21,0.00,1.7,4.998,4.998,4.998,4.998,138
2022-01-05 00:30:22,14.6,16.1,657,0.0,0.0,0,0.0,0.0,0,18619.00,0.00,0.00,248,12.92,3.44,0.00,1.7,4.998,4.998,4.998,4.998,188
2022-01-05 00:31:22,11.7,15.7,639,0.0,0.0,0,0.0,0.0,0,19258.00,0.00,0.00,255,12.92,3.54,0.00,1.2,4.998,4.998,4.998,4.998,35
2022-01-05 00:32:22,12.0,22.8,840,0.0,0.0,0,0.0,0.0,0,20098.00,0.00,0.00,227,12.89,3.15,0.00,1.7,4.998,4.998,4.998,4.998,30
2022-01-05 00:33:22,11.2,19.3,759,0.0,0.0,0,0.0,0.0,0,20857.00,0.00,0.00,201,12.92,2.80,0.00,1.2,4.998,4.998,4.998,4.998,212
2022-01-05 00:34:22,4.9,12.8,475,0.0,0.0,0,0.0,0.0,0,21332.00,0.00,0.00,240,12.89,3.33,0.00,1.7,4.998,4.998,4.998,4.998,66
2022-01-05 00:35:22,12.7,13.9,556,0.0,0.0,0,0.0,0.0,0,21888.00,0.00,0.00,207,12.89,2.88,0.00,1.2,4.998,4.998,4.998,4.998,190
2022-01-05 00:36:22,6.1,14.9,558,0.0,0.0,0,0.0,0.0,0,22446.00,0.00,0.00,225,12.92,3.13,0.00,1.2,4.998,4.998,4.998,4.998,223
2022-01-05 00:37:22,10.0,14.5,587,0.0,0.0,0,0.0,0.0,0,23033.00,0.00,0.00,245,12.89,3.40,0.00,1.2,4.998,4.998,4.998,4.998,65
2022-01-05 00:38:22,7.7,18.7,610,0.0,0.0,0,0.0,0.0,0,23643.00,0.00,0.00,257,12.89,3.57,0.00,1.2,4.998,4.998,4.998,4.998,101
2022-01-05 00:39:22,3.9,15.9,438,0.0,0.0,0,0.0,0.0,0,24081.00,0.00,0.00,214,12.89,2.97,0.00,1.2,4.998,4.998,4.998,4.998,36
2022-01-05 00:40:22,9.9,13.5,353,0.0,0.0,0,0.0,0.0,0,24434.00,0.00,0.00,209,12.92,2.90,0.00,1.2,4.998,4.998,4.998,4.998,177
2022-01-05 00:41:22,3.6,10.7,322,0.0,0.0,0,0.0,0.0,0,24756.00,0.00,0.00,197,12.89,2.74,0.00,0.7,4.998,4.998,4.998,4.998,128
2022-01-05 00:42:22,6.6,10.7,436,0.0,0.0,0,0.0,0.0,0,25192.00,0.00,0.00,291,12.92,4.05,0.00,1.2,4.998,4.998,4.998,4.998,145
2022-01-05 00:43:22,5.8,13.8,497,0.0,0.0,0,0.0,0.0,0,25689.00,0.00,0.00,222,12.92,3.09,0.00,0.7,4.998,4.998,4.998,4.998,108
2022-01-05 00:44:22,6.6,10.1,407,0.0,0.0,0,0.0,0.0,0,26096.00,0.00,0.00,223,12.89,3.10,0.00,1.2,4.998,4.998,4.998,4.998,178
2022-01-05 00:45:22,12.1,17.1,669,0.0,0.0,0,0.0,0.0,0,26765.00,0.00,0.00,208,12.89,2.89,0.00,0.7,4.998,4.998,4.998,4.998,154
2022-01-05 00:46:22,8.3,15.6,656,0.0,0.0,0,0.0,0.0,0,27421.00,0.00,0.00,238,12.89,3.31,0.00,1.2,4.998,4.998,4.998,4.998,121
2022-01-05 00:47:22,5.1,11.0,431,0.0,0.0,0,0.0,0.0,0,27852.00,0.00,0.00,215,12.89,2.99,0.00,0.7,4.998,4.998,4.998,4.998,49
2022-01-05 00:48:22,11.6,14.4,498,0.0,0.0,0,0.0,0.0,0,28350.00,0.00,0.00,243,12.89,3.38,0.00,1.7,4.998,4.998,4.998,4.998,189
2022-01-05 00:49:22,5.8,17.7,661,0.0,0.0,0,0.0,0.0,0,29011.00,0.00,0.00,253,12.89,3.51,0.00,1.7,4.998,4.998,4.998,4.998,220
2022-01-05 00:50:22,8.9,10.5,418,0.0,0.0,0,0.0,0.0,0,29429.00,0.00,0.00,212,12.89,2.94,0.00,1.2,4.998,4.998,4.998,4.998,205
2022-01-05 00:51:22,11.8,19.7,693,0.0,0.0,0,0.0,0.0,0,30122.00,0.00,0.00,243,12.89,3.38,0.00,1.2,4.998,4.998,4.998,4.998,195
2022-01-05 00:52:22,7.3,13.0,408,0.0,0.0,0,0.0,0.0,0,30530.00,0.00,0.00,236,12.89,3.28,0.00,1.2,4.998,4.998,4.998,4.998,30
2022-01-05 00:53:22,8.0,22.8,705,0.0,0.0,0,0.0,0.0,0,31235.00,0.00,0.00,259,12.89,3.60,0.00,1.2,4.998,4.998,4.998,4.998,154
2022-01-05 00:54:22,10.1,21.8,853,0.0,0.0,0,0.0,0.0,0,32088.00,0.00,0.00,233,12.89,3.24,0.00,1.2,4.998,4.998,4.998,4.998,7
2022-01-05 00:55:22,10.5,23.3,834,0.0,0.0,0,0.0,0.0,0,32922.00,0.00,0.00,245,12.89,3.41,0.00,1.7,4.998,4.998,4.998,4.998,117
2022-01-05 00:56:22,11.3,24.8,1030,0.0,0.0,0,0.0,0.0,0,33952.00,0.00,0.00,234,12.89,3.26,0.00,1.7,4.998,4.998,4.998,4.998,83
2022-01-05 00:57:22,6.5,12.7,545,0.0,0.0,0,0.0,0.0,0,34497.00,0.00,0.00,233,12.89,3.23,0.00,1.7,4.998,4.998,4.998,4.998,30
2022-01-05 00:58:22,4.1,16.1,505,0.0,0.0,0,0.0,0.0,0,35002.00,0.00,0.00,221,12.89,3.07,0.00,1.7,4.998,4.998,4.998,4.998,139
2022-01-05 00:59:22,6.6,17.1,499,0.0,0.0,0,0.0,0.0,0,35501.00,0.00,0.00,244,12.89,3.39,0.00,1.2,4.998,4.998,4.998,4.998,36
2022-01-05 01:00:22,6.8,9.2,385,0.0,0.0,0,0.0,0.0,0,35886.00,0.00,0.00,213,12.89,2.96,0.00,1.7,4.998,4.998,4.998,4.998,76
2022-01-05 01:01:22,7.4,13.7,563,0.0,0.0,0,0.0,0.0,0,36449.00,0.00,0.00,224,12.89,3.11,0.00,1.7,4.998,4.998,4.998,4.998,70
2022-01-05 01:02:22,9.4,14.1,540,0.0,0.0,0,0.0,0.0,0,36989.00,0.00,0.00,209,12.92,2.91,0.00,1.2,4.998,4.998,4.998,4.998,93
2022-01-05 01:03:22,12.8,15.2,550,0.0,0.0,0,0.0,0.0,0,37539.00,0.00,0.00,202,12.89,2.80,0.00,1.7,4.998,4.998,4.998,4.998,55
2022-01-05 01:04:22,8.7,16.1,649,0.0,0.0,0,0.0,0.0,0,38188.00,0.00,0.00,227,12.92,3.16,0.00,1.7,4.998,4.998,4.998,4.998,247
2022-01-05 01:05:22,11.6,11.8,513,0.0,0.0,0,0.0,0.0,0,38701.00,0.00,0.00,193,12.89,2.69,0.00,1.7,4.998,4.998,4.998,4.998,65
2022-01-05 01:06:22,11.2,16.2,664,0.0,0.0,0,0.0,0.0,0,39365.00,0.00,0.00,195,12.89,2.70,0.00,1.7,4.998,4.998,4.998,4.998,58
2022-01-05 01:07:22,8.0,22.8,980,0.0,0.0,0,0.0,0.0,0,40345.00,0.00,0.00,250,12.89,3.48,0.00,1.7,4.998,4.998,4.998,4.998,34
2022-01-05 01:08:22,8.3,12.5,572,0.0,0.0,0,0.0,0.0,0,40917.00,0.00,0.00,227,12.89,3.15,0.00,1.7,4.998,4.998,4.998,4.998,202
2022-01-05 01:09:22,14.7,21.6,807,0.0,0.0,0,0.0,0.0,0,41724.00,0.00,0.00,240,12.89,3.33,0.00,1.7,4.998,4.998,4.998,4.998,82
2022-01-05 01:10:22,9.8,18.3,783,0.0,0.0,0,0.0,0.0,0,42507.00,0.00,0.00,235,12.89,3.26,0.00,1.7,4.998,4.998,4.998,4.998,149
2022-01-05 01:11:22,16.4,20.2,717,0.0,0.0,0,0.0,0.0,0,43224.00,0.00,0.00,254,12.89,3.54,0.00,1.7,4.998,4.998,4.998,4.998,133
2022-01-05 01:12:22,19.2,21.7,961,0.0,0.0,0,0.0,0.0,0,44185.00,0.00,0.00,196,12.89,2.72,0.00,1.7,4.998,4.998,4.998,4.998,143
2022-01-05 01:13:22,10.3,22.8,911,0.0,0.0,0,0.0,0.0,0,45096.00,0.00,0.00,214,12.89,2.97,0.00,1.7,4.998,4.998,4.998,4.998,153
2022-01-05 01:14:22,9.0,19.4,767,0.0,0.0,0,0.0,0.0,0,45863.00,0.00,0.00,198,12.89,2.76,0.00,1.7,4.998,4.998,4.998,4.998,164
2022-01-05 01:15:22,10.5,18.1,706,0.0,0.0,0,0.0,0.0,0,46569.00,0.00,0.00,230,12.89,3.20,0.00,1.7,4.998,4.998,4.998,4.998,252
2022-01-05 01:16:22,7.3,12.5,445,0.0,0.0,0,0.0,0.0,0,47014.00,0.00,0.00,232,12.89,3.23,0.00,1.7,4.998,4.998,4.998,4.998,149
2022-01-05 01:17:22,10.9,14.4,650,0.0,0.0,0,0.0,0.0,0,47664.00,0.00,0.00,242,12.89,3.36,0.00,1.2,4.998,4.998,4.998,4.998,70
2022-01-05 01:18:22,14.1,21.5,907,0.0,0.0,0,0.0,0.0,0,48571.00,0.00,0.00,210,12.89,2.91,0.00,1.7,4.998,4.998,4.998,4.998,73
2022-01-05 01:19:22,15.1,19.6,806,0.0,0.0,0,0.0,0.0,0,49377.00,0.00,0.00,209,12.89,2.91,0.00,1.2,4.998,4.998,4.998,4.998,144
2022-01-05 01:20:22,14.8,18.8,927,0.0,0.0,0,0.0,0.0,0,50304.00,0.00,0.00,228,12.89,3.16,0.00,1.7,4.998,4.998,4.998,4.998,162
2022-01-05 01:21:22,6.4,17.3,611,0.0,0.0,0,0.0,0.0,0,50915.00,0.00,0.00,206,12.89,2.86,0.00,1.7,4.998,4.998,4.998,4.998,231
2022-01-05 01:22:22,7.1,11.4,433,0.0,0.0,0,0.0,0.0,0,51348.00,0.00,0.00,240,12.89,3.33,0.00,1.7,4.998,4.998,4.998,4.998,89
2022-01-05 01:23:22,14.2,19.7,704,0.0,0.0,0,0.0,0.0,0,52052.00,0.00,0.00,233,12.89,3.24,0.00,1.7,4.998,4.998,4.998,4.998,156
2022-01-05 01:24:22,3.2,17.0,661,0.0,0.0,0,0.0,0.0,0,52713.00,0.00,0.00,197,12.89,2.73,0.00,1.7,4.998,4.998,4.998,4.998,183
2022-01-05 01:25:22,6.1,10.0,441,0.0,0.0,0,0.0,0.0,0,53154.00,0.00,0.00,231,12.89,3.21,0.00,1.2,4.998,4.998,4.998,4.998,107
2022-01-05 01:26:22,4.7,13.2,422,0.0,0.0,0,0.0,0.0,0,53576.00,0.00,0.00,234,12.89,3.25,0.00,1.7,4.998,4.998,4.998,4.998,193
2022-01-05 01:27:22,7.4,14.9,369,0.0,0.0,0,0.0,0.0,0,53945.00,0.00,0.00,228,12.89,3.16,0.00,1.2,4.998,4.998,4.998,4.998,85
2022-01-05 01:28:22,10.9,13.2,586,0.0,0.0,0,0.0,0.0,0,54531.00,0.00,0.00,275,12.89,3.82,0.00,1.2,4.998,4.998,4.998,4.998,100
2022-01-05 01:29:22,5.8,12.7,471,0.0,0.0,0,0.0,0.0,0,55002.00,0.00,0.00,257,12.89,3.57,0.00,1.2,4.998,4.998,4.998,4.998,52
2022-01-05 01:30:22,6.0,10.9,464,0.0,0.0,0,0.0,0.0,0,55466.00,0.00,0.00,202,12.89,2.80,0.00,1.2,4.998,4.998,4.998,4.998,174
2022-01-05 01:31:22,9.1,16.3,657,0.0,0.0,0,0.0,0.0,0,56123.00,0.00,0.00,247,12.89,3.43,0.00,1.2,4.998,4.998,4.998,4.998,28
2022-01-05 01:32:22,5.4,14.8,514,0.0,0.0,0,0.0,0.0,0,56637.00,0.00,0.00,178,12.89,2.48,0.00,1.2,4.998,4.998,4.998,4.998,16
2022-01-05 01:33:22,11.0,20.5,739,0.0,0.0,0,0.0,0.0,0,57376.00,0.00,0.00,248,12.89,3.45,0.00,1.2,4.998,4.998,4.998,4.998,35
2022-01-05 01:34:22,12.2,22.5,880,0.0,0.0,0,0.0,0.0,0,58256.00,0.00,0.00,229,12.89,3.18,0.00,1.2,4.998,4.998,4.998,4.998,124
2022-01-05 01:35:22,9.0,16.6,737,0.0,0.0,0,0.0,0.0,0,58993.00,0.00,0.00,245,12.89,3.40,0.00,1.2,4.998,4.998,4.998,4.998,243
2022-01-05 01:36:22,5.1,9.0,423,0.0,0.0,0,0.0,0.0,0,59416.00,0.00,0.00,258,12.89,3.58,0.00,0.7,4.998,4.998,4.998,4.998,90
2022-01-05 01:37:22,6.9,16.2,530,0.0,0.0,0,0.0,0.0,0,59946.00,0.00,0.00,250,12.89,3.47,0.00,1.2,4.998,4.998,4.998,4.998,216
2022-01-05 01:38:22,10.5,19.8,805,0.0,0.0,0,0.0,0.0,0,60751.00,0.00,0.00,213,12.89,2.96,0.00,0.7,4.998,4.998,4.998,4.998,46
2022-01-05 01:39:22,9.6,16.8,706,0.0,0.0,0,0.0,0.0,0,61457.00,0.00,0.00,250,12.89,3.47,0.00,1.2,4.998,4.998,4.998,4.998,184
2022-01-05 01:40:22,10.5,12.5,458,0.0,0.0,0,0.0,0.0,0,61915.00,0.00,0.00,249,12.89,3.46,0.00,1.2,4.998,4.998,4.998,4.998,232
2022-01-05 01:41:22,10.1,17.5,774,0.0,0.0,0,0.0,0.0,0,62689.00,0.00,0.00,239,12.89,3.32,0.00,0.7,4.998,4.998,4.998,4.998,196
2022-01-05 01:42:22,5.2,22.4,752,0.0,0.0,0,0.0,0.0,0,63441.00,0.00,0.00,260,12.89,3.62,0.00,0.7,4.998,4.998,4.998,4.998,164
2022-01-05 01:43:22,13.2,19.5,734,0.0,0.0,0,0.0,0.0,0,64175.00,0.00,0.00,223,12.89,3.11,0.00,1.2,4.998,4.998,4.998,4.998,166
2022-01-05 01:44:22,16.4,27.2,1207,0.0,0.0,0,0.0,0.0,0,65382.00,0.00,0.00,243,12.89,3.37,0.00,1.2,4.998,4.998,4.998,4.998,111
2022-01-05 01:45:22,17.0,32.1,1131,0.0,0.0,0,0.0,0.0,0,66513.00,0.00,0.00,266,12.89,3.70,0.00,1.2,4.998,4.998,4.998,4.998,190
2022-01-05 01:46:22,10.2,31.8,1097,0.0,0.0,0,0.0,0.0,0,67610.00,0.00,0.00,242,12.89,3.36,0.00,0.7,4.998,4.998,4.998,4.998,195
2022-01-05 01:47:22,13.1,21.9,1012,0.0,0.0,0,0.0,0.0,0,68622.00,0.00,0.00,233,12.89,3.24,0.00,0.7,4.998,4.998,4.998,4.998,206
2022-01-05 01:48:22,12.8,26.5,940,0.0,0.0,0,0.0,0.0,0,69562.00,0.00,0.00,224,12.89,3.12,0.00,0.7,4.998,4.998,4.998,4.998,224
2022-01-05 01:49:22,11.5,24.9,962,0.0,0.0,0,0.0,0.0,0,70524.00,0.00,0.00,259,12.89,3.59,0.00,1.2,4.998,4.998,4.998,4.998,191
2022-01-05 01:50:22,6.2,26.2,834,0.0,0.0,0,0.0,0.0,0,71358.00,0.00,0.00,224,12.89,3.11,0.00,0.7,4.998,4.998,4.998,4.998,62
2022-01-05 01:51:22,14.8,26.9,1094,0.0,0.0,0,0.0,0.0,0,72452.00,0.00,0.00,264,12.89,3.67,0.00,0.7,4.998,4.998,4.998,4.998,175
2022-01-05 01:52:22,12.4,18.1,817,0.0,0.0,0,0.0,0.0,0,73269.00,0.00,0.00,279,12.89,3.87,0.00,1.2,4.998,4.998,4.998,4.998,97
2022-01-05 01:53:22,17.1,19.7,889,0.0,0.0,0,0.0,0.0,0,74158.00,0.00,0.00,246,12.89,3.41,0.00,1.2,4.998,4.998,4.998,4.998,6
2022-01-05 01:54:22,13.3,18.3,772,0.0,0.0,0,0.0,0.0,0,74930.00,0.00,0.00,249,12.89,3.46,0.00,0.7,4.998,4.998,4.998,4.998,170
2022-01-05 01:55:22,14.7,18.3,787,0.0,0.0,0,0.0,0.0,0,75717.00,0.00,0.00,236,12.89,3.28,0.00,0.7,4.998,4.998,4.998,4.998,19
2022-01-05 01:56:22,9.2,19.2,767,0.0,0.0,0,0.0,0.0,0,76484.00,0.00,0.00,278,12.89,3.86,0.00,0.7,4.998,4.998,4.998,4.998,70
2022-01-05 01:57:22,7.6,11.9,386,0.0,0.0,0,0.0,0.0,0,76870.00,0.00,0.00,202,12.89,2.80,0.00,0.7,4.998,4.998,4.998,4.998,96
2022-01-05 01:58:22,9.5,13.0,590,0.0,0.0,0,0.0,0.0,0,77460.00,0.00,0.00,272,12.89,3.77,0.00,0.7,4.998,4.998,4.998,4.998,101
2022-01-05 01:59:22,11.3,17.1,735,0.0,0.0,0,0.0,0.0,0,78195.00,0.00,0.00,230,12.89,3.19,0.00,1.2,4.998,4.998,4.998,4.998,90
2022-01-05 02:00:22,18.3,21.6,894,0.0,0.0,0,0.0,0.0,0,79089.00,0.00,0.00,254,12.89,3.54,0.00,1.2,4.998,4.998,4.998,4.998,23
2022-01-05 02:01:22,10.9,20.8,809,0.0,0.0,0,0.0,0.0,0,79898.00,0.00,0.00,236,12.89,3.28,0.00,0.7,4.998,4.998,4.998,4.998,25
2022-01-05 02:02:22,12.8,22.3,981,0.0,0.0,0,0.0,0.0,0,80879.00,0.00,0.00,213,12.89,2.96,0.00,0.7,4.998,4.998,4.998,4.998,123
2022-01-05 02:03:22,7.2,17.5,640,0.0,0.0,0,0.0,0.0,0,81519.00,0.00,0.00,209,12.89,2.91,0.00,0.7,4.998,4.998,4.998,4.998,22
2022-01-05 02:04:22,22.0,30.5,1084,0.0,0.0,0,0.0,0.0,0,82603.00,0.00,0.00,279,12.89,3.87,0.00,0.7,4.998,4.998,4.998,4.998,240
2022-01-05 02:05:22,10.3,25.7,881,0.0,0.0,0,0.0,0.0,0,83484.00,0.00,0.00,223,12.89,3.10,0.00,0.7,4.998,4.998,4.998,4.998,49
2022-01-05 02:06:22,21.1,27.5,922,0.0,0.0,0,0.0,0.0,0,84406.00,0.00,0.00,235,12.89,3.26,0.00,1.2,4.998,4.998,4.998,4.998,206
2022-01-05 02:07:22,12.5,26.8,967,0.0,0.0,0,0.0,0.0,0,85373.00,0.00,0.00,220,12.89,3.06,0.00,0.7,4.998,4.998,4.998,4.998,0
2022-01-05 02:08:22,12.3,24.5,979,0.0,0.0,0,0.0,0.0,0,86352.00,0.00,0.00,239,12.89,3.32,0.00,0.7,4.998,4.998,4.998,4.998,33
2022-01-05 02:09:22,9.2,22.4,933,0.0,0.0,0,0.0,0.0,0,87285.00,0.00,0.00,228,12.89,3.17,0.00,0.7,4.998,4.998,4.998,4.998,2
2022-01-05 02:10:22,6.3,17.0,562,0.0,0.0,0,0.0,0.0,0,87847.00,0.00,0.00,215,12.89,2.99,0.00,0.7,4.998,4.998,4.998,4.998,36
2022-01-05 02:11:22,14.4,19.1,582,0.0,0.0,0,0.0,0.0,0,88429.00,0.00,0.00,269,12.89,3.74,0.00,0.7,4.998,4.998,4.998,4.998,119
2022-01-05 02:12:22,17.7,26.1,810,0.0,0.0,0,0.0,0.0,0,89239.00,0.00,0.00,205,12.89,2.85,0.00,0.7,4.998,4.998,4.998,4.998,210
2022-01-05 02:13:22,18.2,21.6,858,0.0,0.0,0,0.0,0.0,0,90097.00,0.00,0.00,230,12.89,3.19,0.00,0.7,4.998,4.998,4.998,4.998,220
2022-01-05 02:14:22,10.7,18.3,833,0.0,0.0,0,0.0,0.0,0,90930.00,0.00,0.00,262,12.89,3.65,0.00,0.7,4.998,4.998,4.998,4.998,25
2022-01-05 02:15:22,19.6,20.7,997,0.0,0.0,0,0.0,0.0,0,91927.00,0.00,0.00,217,12.89,3.02,0.00,0.7,4.998,4.998,4.998,4.998,189
2022-01-05 02:16:22,9.0,25.1,971,0.0,0.0,0,0.0,0.0,0,92898.00,0.00,0.00,240,12.89,3.33,0.00,0.7,4.998,4.998,4.998,4.998,24
2022-01-05 02:17:22,15.7,23.1,951,0.0,0.0,0,0.0,0.0,0,93849.00,0.00,0.00,239,12.89,3.33,0.00,0.2,4.998,4.998,4.998,4.998,135
2022-01-05 02:18:22,10.5,23.9,936,0.0,0.0,0,0.0,0.0,0,94785.00,0.00,0.00,187,12.89,2.60,0.00,0.7,4.998,4.998,4.998,4.998,242
2022-01-05 02:19:22,12.0,31.0,1037,0.0,0.0,0,0.0,0.0,0,95822.00,0.00,0.00,229,12.89,3.18,0.00,0.2,4.998,4.998,4.998,4.998,244
2022-01-05 02:20:22,15.2,35.9,1340,0.0,0.0,0,0.0,0.0,0,97162.00,0.00,0.00,248,12.89,3.45,0.00,0.7,4.998,4.998,4.998,4.998,9
2022-01-05 02:21:22,9.9,25.9,900,0.0,0.0,0,0.0,0.0,0,98062.00,0.00,0.00,238,12.89,3.31,0.00,0.7,4.998,4.998,4.998,4.998,197
2022-01-05 02:22:22,22.9,22.9,663,0.0,0.0,0,0.0,0.0,0,98725.00,0.00,0.00,226,12.89,3.13,0.00,0.7,4.998,4.998,4.998,4.998,156
2022-01-05 02:23:22,7.5,24.1,741,0.0,0.0,0,0.0,0.0,0,99466.00,0.00,0.00,231,12.89,3.21,0.00,0.7,4.998,4.998,4.998,4.998,158
2022-01-05 02:24:22,14.2,18.2,700,0.0,0.0,0,0.0,0.0,0,100166.00,0.00,0.00,255,12.89,3.55,0.00,0.2,4.998,4.998,4.998,4.998,231
2022-01-05 02:25:22,10.9,18.5,756,0.0,0.0,0,0.0,0.0,0,100922.00,0.00,0.00,236,12.89,3.29,0.00,0.2,4.998,4.998,4.998,4.998,80
2022-01-05 02:26:22,15.0,19.7,674,0.0,0.0,0,0.0,0.0,0,101596.00,0.00,0.00,232,12.85,3.22,0.00,0.2,4.998,4.998,4.998,4.998,15
2022-01-05 02:27:22,16.2,31.7,1033,0.0,0.0,0,0.0,0.0,0,102629.00,0.00,0.00,270,12.89,3.75,0.00,0.7,4.998,4.998,4.998,4.998,55
2022-01-05 02:28:22,18.9,31.7,1259,0.0,0.0,0,0.0,0.0,0,103888.00,0.00,0.00,204,12.89,2.84,0.00,0.2,4.998,4.998,4.998,4.998,173
2022-01-05 02:29:22,18.5,32.9,1257,0.0,0.0,0,0.0,0.0,0,105145.00,0.00,0.00,237,12.89,3.30,0.00,0.7,4.998,4.998,4.998,4.998,219
2022-01-05 02:30:22,11.7,20.3,839,0.0,0.0,0,0.0,0.0,0,105984.00,0.00,0.00,231,12.89,3.21,0.00,0.7,4.998,4.998,4.998,4.998,51
2022-01-05 02:31:22,14.1,22.0,807,0.0,0.0,0,0.0,0.0,0,106791.00,0.00,0.00,275,12.89,3.82,0.00,0.7,4.998,4.998,4.998,4.998,49
2022-01-05 02:32:22,11.5,25.1,916,0.0,0.0,0,0.0,0.0,0,107707.00,0.00,0.00,201,12.89,2.79,0.00,0.2,4.998,4.998,4.998,4.998,102
2022-01-05 02:33:22,9.2,32.8,790,0.0,0.0,0,0.0,0.0,0,108497.00,0.00,0.00,166,12.89,2.30,0.00,0.2,4.998,4.998,4.998,4.998,222
2022-01-05 02:34:22,15.0,34.4,1392,0.0,0.0,0,0.0,0.0,0,109889.00,0.00,0.00,268,12.89,3.73,0.00,0.7,4.998,4.998,4.998,4.998,111
2022-01-05 02:35:22,23.1,31.1,1257,0.0,0.0,0,0.0,0.0,0,111146.00,0.00,0.00,240,12.85,3.33,0.00,0.7,4.998,4.998,4.998,4.998,210
2022-01-05 02:36:22,15.5,34.4,1268,0.0,0.0,0,0.0,0.0,0,112414.00,0.00,0.00,275,12.89,3.82,0.00,0.7,4.998,4.998,4.998,4.998,68
2022-01-05 02:37:22,13.1,30.6,1165,0.0,0.0,0,0.0,0.0,0,113579.00,0.00,0.00,228,12.89,3.17,0.00,0.7,4.998,4.998,4.998,4.998,19
2022-01-05 02:38:22,13.3,20.5,899,0.0,0.0,0,0.0,0.0,0,114478.00,0.00,0.00,217,12.89,3.02,0.00,0.2,4.998,4.998,4.998,4.998,215
2022-01-05 02:39:22,13.5,18.6,758,0.0,0.0,0,0.0,0.0,0,115236.00,0.00,0.00,233,12.89,3.24,0.00,0.7,4.998,4.998,4.998,4.998,74
2022-01-05 02:40:22,13.3,24.0,1041,0.0,0.0,0,0.0,0.0,0,116277.00,0.00,0.00,246,12.89,3.42,0.00,0.7,4.998,4.998,4.998,4.998,243
2022-01-05 02:41:22,23.3,24.9,892,0.0,0.0,0,0.0,0.0,0,117169.00,0.00,0.00,256,12.89,3.56,0.00,0.7,4.998,4.998,4.998,4.998,20
2022-01-05 02:42:22,18.3,30.3,1254,0.0,0.0,0,0.0,0.0,0,118423.00,0.00,0.00,276,12.89,3.84,0.00,0.7,4.998,4.998,4.998,4.998,219
2022-01-05 02:43:22,25.9,31.3,1115,0.0,0.0,0,0.0,0.0,0,119538.00,0.00,0.00,262,12.85,3.65,0.00,0.7,4.998,4.998,4.998,4.998,174
2022-01-05 02:44:22,20.8,39.6,1509,0.0,0.0,0,0.0,0.0,0,121047.00,0.00,0.00,290,12.89,4.03,0.00,0.2,4.998,4.998,4.998,4.998,219
2022-01-05 02:45:22,11.6,24.0,1042,0.0,0.0,0,0.0,0.0,0,122089.00,0.00,0.00,258,12.89,3.58,0.00,0.2,4.998,4.998,4.998,4.998,205
2022-01-05 02:46:22,20.8,31.2,1318,0.0,0.0,0,0.0,0.0,0,123407.00,0.00,0.00,235,12.89,3.26,0.00,0.7,4.998,4.998,4.998,4.998,175
2022-01-05 02:47:22,16.3,30.1,1264,0.0,0.0,0,0.0,0.0,0,124671.00,0.00,0.00,262,12.89,3.65,0.00,0.7,4.998,4.998,4.998,4.998,163
2022-01-05 02:48:22,9.4,16.3,730,0.0,0.0,0,0.0,0.0,0,125401.00,0.00,0.00,258,12.89,3.58,0.00,0.2,4.998,4.998,4.998,4.998,235
2022-01-05 02:49:22,18.6,29.1,943,0.0,0.0,0,0.0,0.0,0,126344.00,0.00,0.00,215,12.85,2.99,0.00,0.2,4.998,4.998,4.998,4.998,179
2022-01-05 02:50:22,17.4,23.4,1077,0.0,0.0,0,0.0,0.0,0,127421.00,0.00,0.00,230,12.85,3.20,0.00,0.2,4.998,4.998,4.998,4.998,15
2022-01-05 02:51:22,23.1,28.1,1082,0.0,0.0,0,0.0,0.0,0,128503.00,0.00,0.00,214,12.85,2.98,0.00,0.7,4.998,4.998,4.998,4.998,38
2022-01-05 02:52:22,8.9,27.2,1022,0.0,0.0,0,0.0,0.0,0,129525.00,0.00,0.00,239,12.89,3.32,0.00,0.7,4.998,4.998,4.998,4.998,117
2022-01-05 02:53:22,9.7,26.9,839,0.0,0.0,0,0.0,0.0,0,130364.00,0.00,0.00,254,12.85,3.53,0.00,0.2,4.998,4.998,4.998,4.998,242
2022-01-05 02:54:22,8.3,22.5,896,0.0,0.0,0,0.0,0.0,0,131260.00,0.00,0.00,232,12.85,3.22,0.00,0.2,4.998,4.998,4.998,4.998,30
2022-01-05 02:55:22,12.1,20.7,784,0.0,0.0,0,0.0,0.0,0,132044.00,0.00,0.00,254,12.89,3.53,0.00,0.2,4.998,4.998,4.998,4.998,192
2022-01-05 02:56:22,6.4,20.7,740,0.0,0.0,0,0.0,0.0,0,132784.00,0.00,0.00,254,12.85,3.53,0.00,0.2,4.998,4.998,4.998,4.998,39
2022-01-05 02:57:22,5.5,7.7,312,0.0,0.0,0,0.0,0.0,0,133096.00,0.00,0.00,244,12.85,3.39,0.00,0.2,4.998,4.998,4.998,4.998,206
2022-01-05 02:58:22,8.2,16.3,608,0.0,0.0,0,0.0,0.0,0,133704.00,0.00,0.00,218,12.89,3.03,0.00,0.2,4.998,4.998,4.998,4.998,4
2022-01-05 02:59:22,12.6,22.6,809,0.0,0.0,0,0.0,0.0,0,134513.00,0.00,0.00,262,12.89,3.65,0.00,0.2,4.998,4.998,4.998,4.998,120
2022-01-05 03:00:22,13.3,15.2,702,0.0,0.0,0,0.0,0.0,0,135215.00,0.00,0.00,269,12.85,3.74,0.00,0.2,4.998,4.998,4.998,4.998,24
2022-01-05 03:01:22,10.4,13.6,548,0.0,0.0,0,0.0,0.0,0,135763.00,0.00,0.00,246,12.85,3.42,0.00,0.2,4.998,4.998,4.998,4.998,218
2022-01-05 03:02:22,25.2,27.7,1016,0.0,0.0,0,0.0,0.0,0,136779.00,0.00,0.00,224,12.89,3.12,0.00,0.2,4.998,4.998,4.998,4.998,248
2022-01-05 03:03:22,13.3,26.9,1164,0.0,0.0,0,0.0,0.0,0,137943.00,0.00,0.00,267,12.85,3.71,0.00,0.2,4.998,4.998,4.998,4.998,239
2022-01-05 03:04:22,13.2,26.3,1118,0.0,0.0,0,0.0,0.0,0,139061.00,0.00,0.00,252,12.85,3.50,0.00,0.7,4.998,4.998,4.998,4.998,194
2022-01-05 03:05:22,10.0,19.3,857,0.0,0.0,0,0.0,0.0,0,139918.00,0.00,0.00,240,12.85,3.34,0.00,0.7,4.998,4.998,4.998,4.998,73
2022-01-05 03:06:22,7.2,19.2,713,0.0,0.0,0,0.0,0.0,0,140631.00,0.00,0.00,244,12.85,3.39,0.00,0.2,4.998,4.998,4.998,4.998,251
2022-01-05 03:07:22,8.3,16.4,727,0.0,0.0,0,0.0,0.0,0,141358.00,0.00,0.00,240,12.85,3.33,0.00,0.2,4.998,4.998,4.998,4.998,83
2022-01-05 03:08:22,14.3,21.1,820,0.0,0.0,0,0.0,0.0,0,142178.00,0.00,0.00,251,12.89,3.48,0.00,0.2,4.998,4.998,4.998,4.998,171
2022-01-05 03:09:22,14.7,19.9,677,0.0,0.0,0,0.0,0.0,0,142855.00,0.00,0.00,239,12.89,3.32,0.00,0.2,4.998,4.998,4.998,4.998,242
2022-01-05 03:10:22,10.2,14.6,606,0.0,0.0,0,0.0,0.0,0,143461.00,0.00,0.00,198,12.85,2.76,0.00,0.2,4.998,4.998,4.998,4.998,23
2022-01-05 03:11:22,11.5,18.2,760,0.0,0.0,0,0.0,0.0,0,144221.00,0.00,0.00,284,12.85,3.94,0.00,0.2,4.998,4.998,4.998,4.998,224
2022-01-05 03:12:22,20.6,26.3,894,0.0,0.0,0,0.0,0.0,0,145115.00,0.00,0.00,256,12.85,3.56,0.00,0.2,4.998,4.998,4.998,4.998,147
2022-01-05 03:13:22,11.4,24.3,863,0.0,0.0,0,0.0,0.0,0,145978.00,0.00,0.00,298,12.85,4.15,0.00,0.2,4.998,4.998,4.998,4.998,255
2022-01-05 03:14:22,12.9,19.4,872,0.0,0.0,0,0.0,0.0,0,146850.00,0.00,0.00,265,12.89,3.69,0.00,0.2,4.998,4.998,4.998,4.998,72
2022-01-05 03:15:22,23.3,23.9,909,0.0,0.0,0,0.0,0.0,0,147759.00,0.00,0.00,276,12.89,3.83,0.00,-0.2,4.998,4.998,4.998,4.998,168
2022-01-05 03:16:22,11.1,23.1,672,0.0,0.0,0,0.0,0.0,0,148431.00,0.00,0.00,240,12.89,3.33,0.00,0.2,4.998,4.998,4.998,4.998,119
2022-01-05 03:17:22,17.4,25.0,817,0.0,0.0,0,0.0,0.0,0,149248.00,0.00,0.00,243,12.85,3.37,0.00,0.2,4.998,4.998,4.998,4.998,116
2022-01-05 03:18:22,16.7,38.3,1287,0.0,0.0,0,0.0,0.0,0,150535.00,0.00,0.00,242,12.89,3.36,0.00,0.2,4.998,4.998,4.998,4.998,85
2022-01-05 03:19:22,14.5,26.7,1079,0.0,0.0,0,0.0,0.0,0,151614.00,0.00,0.00,228,12.85,3.16,0.00,0.2,4.998,4.998,4.998,4.998,45
2022-01-05 03:20:22,6.6,22.5,952,0.0,0.0,0,0.0,0.0,0,152566.00,0.00,0.00,275,12.85,3.82,0.00,0.2,4.998,4.998,4.998,4.998,44
2022-01-05 03:21:22,10.5,20.3,745,0.0,0.0,0,0.0,0.0,0,153311.00,0.00,0.00,278,12.85,3.86,0.00,-0.2,4.998,4.998,4.998,4.998,245
2022-01-05 03:22:22,12.6,15.4,684,0.0,0.0,0,0.0,0.0,0,153995.00,0.00,0.00,204,12.89,2.84,0.00,0.2,4.998,4.998,4.998,4.998,244
2022-01-05 03:23:22,11.4,26.5,854,0.0,0.0,0,0.0,0.0,0,154849.00,0.00,0.00,236,12.85,3.29,0.00,0.2,4.998,4.998,4.998,4.998,216
2022-01-05 03:24:22,13.0,27.3,1037,0.0,0.0,0,0.0,0.0,0,155886.00,0.00,0.00,247,12.85,3.44,0.00,-0.2,4.998,4.998,4.998,4.998,86
2022-01-05 03:25:22,8.4,23.6,864,0.0,0.0,0,0.0,0.0,0,156750.00,0.00,0.00,265,12.85,3.68,0.00,-0.2,4.998,4.998,4.998,4.998,112
2022-01-05 03:26:22,9.9,12.6,531,0.0,0.0,0,0.0,0.0,0,157281.00,0.00,0.00,248,12.85,3.45,0.00,0.2,4.998,4.998,4.998,4.998,123
2022-01-05 03:27:22,11.1,21.1,743,0.0,0.0,0,0.0,0.0,0,158024.00,0.00,0.00,271,12.89,3.77,0.00,-0.2,4.998,4.998,4.998,4.998,198
2022-01-05 03:28:22,9.0,14.7,607,0.0,0.0,0,0.0,0.0,0,158631.00,0.00,0.00,272,12.85,3.77,0.00,-0.2,4.998,4.998,4.998,4.998,181
2022-01-05 03:29:22,7.3,11.5,538,0.0,0.0,0,0.0,0.0,0,159169.00,0.00,0.00,233,12.85,3.24,0.00,0.2,4.998,4.998,4.998,4.998,248
2022-01-05 03:30:22,6.1,10.2,415,0.0,0.0,0,0.0,0.0,0,159584.00,0.00,0.00,235,12.85,3.27,0.00,0.2,4.998,4.998,4.998,4.998,201
2022-01-05 03:31:22,11.0,20.7,799,0.0,0.0,0,0.0,0.0,0,160383.00,0.00,0.00,229,12.85,3.18,0.00,-0.2,4.998,4.998,4.998,4.998,200
2022-01-05 03:32:22,6.8,14.7,654,0.0,0.0,0,0.0,0.0,0,161037.00,0.00,0.00,236,12.85,3.28,0.00,-0.2,4.998,4.998,4.998,4.998,251
2022-01-05 03:33:22,14.8,15.0,588,0.0,0.0,0,0.0,0.0,0,161625.00,0.00,0.00,242,12.89,3.36,0.00,0.2,4.998,4.998,4.998,4.998,107
2022-01-05 03:34:22,7.4,15.5,637,0.0,0.0,0,0.0,0.0,0,162262.00,0.00,0.00,268,12.85,3.72,0.00,-0.2,4.998,4.998,4.998,4.998,60
2022-01-05 03:35:22,10.4,19.6,707,0.0,0.0,0,0.0,0.0,0,162969.00,0.00,0.00,228,12.85,3.17,0.00,-0.2,4.998,4.998,4.998,4.998,73
2022-01-05 03:36:22,6.0,11.6,512,0.0,0.0,0,0.0,0.0,0,163481.00,0.00,0.00,234,12.85,3.25,0.00,-0.2,4.998,4.998,4.998,4.998,160
2022-01-05 03:37:22,11.0,12.3,502,0.0,0.0,0,0.0,0.0,0,163983.00,0.00,0.00,254,12.89,3.53,0.00,-0.2,4.998,4.998,4.998,4.998,224
2022-01-05 03:38:22,8.9,28.5,832,0.0,0.0,0,0.0,0.0,0,164815.00,0.00,0.00,249,12.85,3.46,0.00,-0.2,4.998,4.998,4.998,4.998,5
2022-01-05 03:39:22,10.1,17.3,780,0.0,0.0,0,0.0,0.0,0,165595.00,0.00,0.00,246,12.89,3.42,0.00,-0.2,4.998,4.998,4.998,4.998,169
2022-01-05 03:40:22,9.8,17.7,446,0.0,0.0,0,0.0,0.0,0,166041.00,0.00,0.00,240,12.85,3.33,0.00,-0.2,4.998,4.998,4.998,4.998,234
2022-01-05 03:41:22,9.8,13.1,520,0.0,0.0,0,0.0,0.0,0,166561.00,0.00,0.00,297,12.85,4.12,0.00,-0.2,4.998,4.998,4.998,4.998,187
2022-01-05 03:42:22,14.9,29.5,1180,0.0,0.0,0,0.0,0.0,0,167741.00,0.00,0.00,233,12.85,3.24,0.00,-0.2,4.998,4.998,4.998,4.998,28
2022-01-05 03:43:22,8.9,18.2,767,0.0,0.0,0,0.0,0.0,0,168508.00,0.00,0.00,225,12.89,3.13,0.00,-0.2,4.998,4.998,4.998,4.998,123
2022-01-05 03:44:22,7.8,20.3,623,0.0,0.0,0,0.0,0.0,0,169131.00,0.00,0.00,264,12.85,3.67,0.00,-0.6,4.998,4.998,4.998,4.998,85
2022-01-05 03:45:22,15.9,27.1,1059,0.0,0.0,0,0.0,0.0,0,170190.00,0.00,0.00,248,12.85,3.45,0.00,-0.6,4.998,4.998,4.998,4.998,230
2022-01-05 03:46:22,13.5,23.7,915,0.0,0.0,0,0.0,0.0,0,171105.00,0.00,0.00,294,12.85,4.08,0.00,-0.2,4.998,4.998,4.998,4.998,184
2022-01-05 03:47:22,7.8,15.7,754,0.0,0.0,0,0.0,0.0,0,171859.00,0.00,0.00,231,12.85,3.21,0.00,-0.2,4.998,4.998,4.998,4.998,234
2022-01-05 03:48:22,13.7,22.1,998,0.0,0.0,0,0.0,0.0,0,172857.00,0.00,0.00,258,12.85,3.58,0.00,-0.6,4.998,4.998,4.998,4.998,0
2022-01-05 03:49:22,16.7,24.3,940,0.0,0.0,0,0.0,0.0,0,173797.00,0.00,0.00,219,12.85,3.05,0.00,-0.2,4.998,4.998,4.998,4.998,171
2022-01-05 03:50:22,5.0,19.5,732,0.0,0.0,0,0.0,0.0,0,174529.00,0.00,0.00,236,12.85,3.28,0.00,-0.6,4.998,4.998,4.998,4.998,144
2022-01-05 03:51:22,21.4,27.7,1060,0.0,0.0,0,0.0,0.0,0,175589.00,0.00,0.00,270,12.85,3.75,0.00,-0.2,4.998,4.998,4.998,4.998,218
2022-01-05 03:52:22,9.8,24.2,884,0.0,0.0,0,0.0,0.0,0,176473.00,0.00,0.00,286,12.85,3.97,0.00,-0.6,4.998,4.998,4.998,4.998,196
2022-01-05 03:53:22,8.3,12.1,504,0.0,0.0,0,0.0,0.0,0,176977.00,0.00,0.00,259,12.85,3.60,0.00,-0.6,4.998,4.998,4.998,4.998,149
2022-01-05 03:54:22,13.1,21.8,928,0.0,0.0,0,0.0,0.0,0,177905.00,0.00,0.00,230,12.85,3.19,0.00,-0.6,4.998,4.998,4.998,4.998,193
2022-01-05 03:55:22,10.5,18.5,757,0.0,0.0,0,0.0,0.0,0,178662.00,0.00,0.00,253,12.85,3.51,0.00,-0.6,4.998,4.998,4.998,4.998,193
2022-01-05 03:56:22,13.3,20.8,801,0.0,0.0,0,0.0,0.0,0,179463.00,0.00,0.00,283,12.85,3.93,0.00,-0.6,4.998,4.998,4.998,4.998,219
2022-01-05 03:57:22,12.7,24.3,1054,0.0,0.0,0,0.0,0.0,0,180517.00,0.00,0.00,272,12.85,3.78,0.00,-0.6,4.998,4.998,4.998,4.998,229
2022-01-05 03:58:22,16.9,22.3,974,0.0,0.0,0,0.0,0.0,0,181491.00,0.00,0.00,226,12.85,3.14,0.00,-0.6,4.998,4.998,4.998,4.998,11
2022-01-05 03:59:22,6.8,23.1,792,0.0,0.0,0,0.0,0.0,0,182283.00,0.00,0.00,221,12.85,3.07,0.00,-0.6,4.998,4.998,4.998,4.998,126
2022-01-05 04:00:22,14.2,20.0,550,0.0,0.0,0,0.0,0.0,0,182833.00,0.00,0.00,261,12.85,3.63,0.00,-0.6,4.998,4.998,4.998,4.998,32
2022-01-05 04:01:22,16.5,27.9,1005,0.0,0.0,0,0.0,0.0,0,183838.00,0.00,0.00,230,12.85,3.20,0.00,-0.6,4.998,4.998,4.998,4.998,105
2022-01-05 04:02:22,15.3,24.3,1031,0.0,0.0,0,0.0,0.0,0,184869.00,0.00,0.00,253,12.85,3.52,0.00,-0.6,4.998,4.998,4.998,4.998,55
2022-01-05 04:03:22,20.7,23.6,934,0.0,0.0,0,0.0,0.0,0,185803.00,0.00,0.00,273,12.85,3.79,0.00,-0.2,4.998,4.998,4.998,4.998,221
2022-01-05 04:04:22,5.9,21.1,773,0.0,0.0,0,0.0,0.0,0,186576.00,0.00,0.00,214,12.85,2.97,0.00,-0.6,4.998,4.998,4.998,4.998,205
2022-01-05 04:05:22,6.2,12.0,415,0.0,0.0,0,0.0,0.0,0,186991.00,0.00,0.00,239,12.85,3.33,0.00,-0.6,4.998,4.998,4.998,4.998,46
2022-01-05 04:06:22,6.1,8.1,358,0.0,0.0,0,0.0,0.0,0,187349.00,0.00,0.00,228,12.85,3.17,0.00,-1.1,4.998,4.998,4.998,4.998,189
2022-01-05 04:07:22,9.5,19.8,796,0.0,0.0,0,0.0,0.0,0,188145.00,0.00,0.00,256,12.85,3.55,0.00,-1.1,4.998,4.998,4.998,4.998,227
2022-01-05 04:08:22,16.3,19.9,782,0.0,0.0,0,0.0,0.0,0,188927.00,0.00,0.00,247,12.85,3.44,0.00,-1.1,4.998,4.998,4.998,4.998,55
2022-01-05 04:09:22,8.7,17.6,806,0.0,0.0,0,0.0,0.0,0,189733.00,0.00,0.00,242,12.85,3.36,0.00,-0.6,4.998,4.998,4.998,4.998,78
2022-01-05 04:10:22,13.4,22.3,887,0.0,0.0,0,0.0,0.0,0,190620.00,0.00,0.00,258,12.85,3.59,0.00,-1.1,4.998,4.998,4.998,4.998,234
2022-01-05 04:11:22,13.8,21.8,944,0.0,0.0,0,0.0,0.0,0,191564.00,0.00,0.00,241,12.85,3.35,0.00,-0.6,4.998,4.998,4.998,4.998,166
2022-01-05 04:12:22,11.9,14.8,721,0.0,0.0,0,0.0,0.0,0,192285.00,0.00,0.00,258,12.85,3.59,0.00,-0.6,4.998,4.998,4.998,4.998,28
2022-01-05 04:13:22,10.2,16.7,728,0.0,0.0,0,0.0,0.0,0,193013.00,0.00,0.00,268,12.85,3.72,0.00,-0.6,4.998,4.998,4.998,4.998,213
2022-01-05 04:14:22,11.0,29.2,1093,0.0,0.0,0,0.0,0.0,0,194106.00,0.00,0.00,234,12.85,3.25,0.00,-0.6,4.998,4.998,4.998,4.998,45
2022-01-05 04:15:22,7.1,15.8,638,0.0,0.0,0,0.0,0.0,0,194744.00,0.00,0.00,240,12.85,3.33,0.00,-0.6,4.998,4.998,4.998,4.998,43
2022-01-05 04:16:22,7.7,21.7,704,0.0,0.0,0,0.0,0.0,0,195448.00,0.00,0.00,231,12.85,3.21,0.00,-1.1,4.998,4.998,4.998,4.998,32
2022-01-05 04:17:22,12.1,22.1,935,0.0,0.0,0,0.0,0.0,0,196383.00,0.00,0.00,323,12.85,4.49,0.00,-0.6,4.998,4.998,4.998,4.998,120
2022-01-05 04:18:22,9.9,18.3,740,0.0,0.0,0,0.0,0.0,0,197123.00,0.00,0.00,272,12.85,3.78,0.00,-1.1,4.998,4.998,4.998,4.998,45
2022-01-05 04:19:22,15.3,22.5,858,0.0,0.0,0,0.0,0.0,0,197981.00,0.00,0.00,240,12.85,3.33,0.00,-1.1,4.998,4.998,4.998,4.998,69
2022-01-05 04:20:22,9.5,18.6,835,0.0,0.0,0,0.0,0.0,0,198816.00,0.00,0.00,270,12.85,3.75,0.00,-0.6,4.998,4.998,4.998,4.998,184
2022-01-05 04:21:22,18.0,21.8,795,0.0,0.0,0,0.0,0.0,0,199611.00,0.00,0.00,201,12.85,2.79,0.00,-1.1,4.998,4.998,4.998,4.998,34
2022-01-05 04:22:22,9.5,25.7,924,0.0,0.0,0,0.0,0.0,0,200535.00,0.00,0.00,227,12.85,3.15,0.00,-0.6,4.998,4.998,4.998,4.998,249
2022-01-05 04:23:22,9.3,15.0,610,0.0,0.0,0,0.0,0.0,0,201145.00,0.00,0.00,268,12.85,3.73,0.00,-1.1,4.998,4.998,4.998,4.998,247
2022-01-05 04:24:22,8.7,18.0,740,0.0,0.0,0,0.0,0.0,0,201885.00,0.00,0.00,255,12.85,3.54,0.00,-1.1,4.998,4.998,4.998,4.998,1
2022-01-05 04:25:22,12.1,12.1,524,0.0,0.0,0,0.0,0.0,0,202409.00,0.00,0.00,254,12.85,3.54,0.00,-0.6,4.998,4.998,4.998,4.998,119
2022-01-05 04:26:22,15.4,19.2,884,0.0,0.0,0,0.0,0.0,0,203293.00,0.00,0.00,245,12.85,3.40,0.00,-0.6,4.998,4.998,4.998,4.998,10
2022-01-05 04:27:22,6.7,17.2,581,0.0,0.0,0,0.0,0.0,0,203874.00,0.00,0.00,224,12.85,3.11,0.00,-0.6,4.998,4.998,4.998,4.998,83
2022-01-05 04:28:22,8.1,17.4,644,0.0,0.0,0,0.0,0.0,0,204518.00,0.00,0.00,272,12.85,3.78,0.00,-1.1,4.998,4.998,4.998,4.998,26
2022-01-05 04:29:22,13.6,15.4,537,0.0,0.0,0,0.0,0.0,0,205055.00,0.00,0.00,239,12.85,3.33,0.00,-0.6,4.998,4.998,4.998,4.998,160
2022-01-05 04:30:22,4.3,17.2,623,0.0,0.0,0,0.0,0.0,0,205678.00,0.00,0.00,230,12.85,3.20,0.00,-1.1,4.998,4.998,4.998,4.998,174
2022-01-05 04:31:22,12.7,17.3,612,0.0,0.0,0,0.0,0.0,0,206290.00,0.00,0.00,260,12.85,3.61,0.00,-0.6,4.998,4.998,4.998,4.998,110
2022-01-05 04:32:22,11.4,18.4,680,0.0,0.0,0,0.0,0.0,0,206970.00,0.00,0.00,266,12.85,3.70,0.00,-1.1,4.998,4.998,4.998,4.998,117
2022-01-05 04:33:22,6.5,12.0,405,0.0,0.0,0,0.0,0.0,0,207375.00,0.00,0.00,229,12.85,3.18,0.00,-1.1,4.998,4.998,4.998,4.998,69
2022-01-05 04:34:22,8.9,14.0,364,0.0,0.0,0,0.0,0.0,0,207739.00,0.00,0.00,233,12.85,3.23,0.00,-1.1,4.998,4.998,4.998,4.998,155
2022-01-05 04:35:22,8.5,19.1,780,0.0,0.0,0,0.0,0.0,0,208519.00,0.00,0.00,193,12.85,2.68,0.00,-1.1,4.998,4.998,4.998,4.998,123
2022-01-05 04:36:22,17.6,21.2,655,0.0,0.0,0,0.0,0.0,0,209174.00,0.00,0.00,223,12.85,3.11,0.00,-1.1,4.998,4.998,4.998,4.998,141
2022-01-05 04:37:22,21.1,24.5,995,0.0,0.0,0,0.0,0.0,0,210169.00,0.00,0.00,241,12.85,3.35,0.00,-0.6,4.998,4.998,4.998,4.998,117
2022-01-05 04:38:22,7.3,20.4,706,0.0,0.0,0,0.0,0.0,0,210875.00,0.00,0.00,243,12.81,3.37,0.00,-0.6,4.998,4.998,4.998,4.998,222
2022-01-05 04:39:22,8.7,21.1,755,0.0,0.0,0,0.0,0.0,0,211630.00,0.00,0.00,238,12.85,3.31,0.00,-1.1,4.998,4.998,4.998,4.998,62
2022-01-05 04:40:22,7.0,16.3,703,0.0,0.0,0,0.0,0.0,0,212333.00,0.00,0.00,250,12.85,3.47,0.00,-1.1,4.998,4.998,4.998,4.998,98
2022-01-05 04:41:22,4.1,15.0,443,0.0,0.0,0,0.0,0.0,0,212776.00,0.00,0.00,274,12.85,3.81,0.00,-1.1,4.998,4.998,4.998,4.998,75
2022-01-05 04:42:22,12.9,16.6,601,0.0,0.0,0,0.0,0.0,0,213377.00,0.00,0.00,235,12.85,3.27,0.00,-1.1,4.998,4.998,4.998,4.998,75
2022-01-05 04:43:22,11.0,12.8,570,0.0,0.0,0,0.0,0.0,0,213947.00,0.00,0.00,247,12.85,3.43,0.00,-1.1,4.998,4.998,4.998,4.998,141
2022-01-05 04:44:22,16.3,21.3,716,0.0,0.0,0,0.0,0.0,0,214663.00,0.00,0.00,268,12.85,3.73,0.00,-1.1,4.998,4.998,4.998,4.998,39
2022-01-05 04:45:22,10.3,27.9,1064,0.0,0.0,0,0.0,0.0,0,215727.00,0.00,0.00,241,12.81,3.34,0.00,-1.1,4.998,4.998,4.998,4.998,138
2022-01-05 04:46:22,13.2,20.7,714,0.0,0.0,0,0.0,0.0,0,216441.00,0.00,0.00,239,12.85,3.32,0.00,-1.1,4.998,4.998,4.998,4.998,12
2022-01-05 04:47:22,9.2,19.3,868,0.0,0.0,0,0.0,0.0,0,217309.00,0.00,0.00,259,12.85,3.60,0.00,-1.1,4.998,4.998,4.998,4.998,131
2022-01-05 04:48:22,10.8,21.0,813,0.0,0.0,0,0.0,0.0,0,218122.00,0.00,0.00,257,12.85,3.57,0.00,-1.1,4.998,4.998,4.998,4.998,102
2022-01-05 04:49:22,13.2,18.1,778,0.0,0.0,0,0.0,0.0,0,218900.00,0.00,0.00,275,12.85,3.82,0.00,-1.1,4.998,4.998,4.998,4.998,230
2022-01-05 04:50:22,8.4,13.8,611,0.0,0.0,0,0.0,0.0,0,219511.00,0.00,0.00,225,12.85,3.13,0.00,-1.1,4.998,4.998,4.998,4.998,147
2022-01-05 04:51:22,7.8,18.6,780,0.0,0.0,0,0.0,0.0,0,220291.00,0.00,0.00,252,12.85,3.50,0.00,-1.1,4.998,4.998,4.998,4.998,201
2022-01-05 04:52:22,9.2,11.4,475,0.0,0.0,0,0.0,0.0,0,220766.00,0.00,0.00,233,12.81,3.24,0.00,-1.1,4.998,4.998,4.998,4.998,224
2022-01-05 04:53:22,15.3,15.5,707,0.0,0.0,0,0.0,0.0,0,221473.00,0.00,0.00,243,12.85,3.38,0.00,-1.1,4.998,4.998,4.998,4.998,174
2022-01-05 04:54:22,9.8,19.4,811,0.0,0.0,0,0.0,0.0,0,222284.00,0.00,0.00,248,12.85,3.44,0.00,-1.1,4.998,4.998,4.998,4.998,194
2022-01-05 04:55:22,8.4,18.0,753,0.0,0.0,0,0.0,0.0,0,223037.00,0.00,0.00,255,12.85,3.55,0.00,-1.1,4.998,4.998,4.998,4.998,71
2022-01-05 04:56:22,7.4,12.0,580,0.0,0.0,0,0.0,0.0,0,223617.00,0.00,0.00,216,12.85,3.00,0.00,-1.1,4.998,4.998,4.998,4.998,36
2022-01-05 04:57:22,6.8,10.7,411,0.0,0.0,0,0.0,0.0,0,224028.00,0.00,0.00,239,12.85,3.33,0.00,-1.1,4.998,4.998,4.998,4.998,255
2022-01-05 04:58:22,12.0,23.1,835,0.0,0.0,0,0.0,0.0,0,224863.00,0.00,0.00,252,12.85,3.51,0.00,-1.1,4.998,4.998,4.998,4.998,125
2022-01-05 04:59:22,9.5,18.4,688,0.0,0.0,0,0.0,0.0,0,225551.00,0.00,0.00,253,12.85,3.52,0.00,-1.6,4.998,4.998,4.998,4.998,96
2022-01-05 05:00:22,15.8,16.2,653,0.0,0.0,0,0.0,0.0,0,226204.00,0.00,0.00,242,12.85,3.37,0.00,-1.1,4.998,4.998,4.998,4.998,237
2022-01-05 05:01:22,12.1,19.3,718,0.0,0.0,0,0.0,0.0,0,226922.00,0.00,0.00,218,12.81,3.03,0.00,-1.1,4.998,4.998,4.998,4.998,113
2022-01-05 05:02:22,8.7,13.0,525,0.0,0.0,0,0.0,0.0,0,227447.00,0.00,0.00,252,12.85,3.51,0.00,-1.1,4.998,4.998,4.998,4.998,63
2022-01-05 05:03:22,11.1,17.5,718,0.0,0.0,0,0.0,0.0,0,228165.00,0.00,0.00,231,12.85,3.21,0.00,-1.1,4.998,4.998,4.998,4.998,197
2022-01-05 05:04:22,11.7,13.4,491,0.0,0.0,0,0.0,0.0,0,228656.00,0.00,0.00,216,12.85,3.01,0.00,-1.6,4.998,4.998,4.998,4.998,227
2022-01-05 05:05:22,8.3,19.5,840,0.0,0.0,0,0.0,0.0,0,229496.00,0.00,0.00,234,12.85,3.25,0.00,-1.1,4.998,4.998,4.998,4.998,53
2022-01-05 05:06:22,9.9,14.7,686,0.0,0.0,0,0.0,0.0,0,230182.00,0.00,0.00,249,12.85,3.47,0.00,-1.1,4.998,4.998,4.998,4.998,96
2022-01-05 05:07:22,14.7,16.1,537,0.0,0.0,0,0.0,0.0,0,230719.00,0.00,0.00,255,12.85,3.54,0.00,-1.1,4.998,4.998,4.998,4.998,198
2022-01-05 05:08:22,13.4,28.2,956,0.0,0.0,0,0.0,0.0,0,231675.00,0.00,0.00,244,12.81,3.39,0.00,-1.1,4.998,4.998,4.998,4.998,200
2022-01-05 05:09:22,9.2,18.3,833,0.0,0.0,0,0.0,0.0,0,232508.00,0.00,0.00,241,12.85,3.35,0.00,-1.6,4.998,4.998,4.998,4.998,76
2022-01-05 05:10:22,13.6,14.5,636,0.0,0.0,0,0.0,0.0,0,233144.00,0.00,0.00,230,12.81,3.19,0.00,-1.1,4.998,4.998,4.998,4.998,91
2022-01-05 05:11:22,12.2,19.7,825,0.0,0.0,0,0.0,0.0,0,233969.00,0.00,0.00,232,12.85,3.22,0.00,-1.1,4.998,4.998,4.998,4.998,23
2022-01-05 05:12:22,4.0,13.5,515,0.0,0.0,0,0.0,0.0,0,234484.00,0.00,0.00,237,12.81,3.29,0.00,-1.6,4.998,4.998,4.998,4.998,251
2022-01-05 05:13:22,13.9,15.0,595,0.0,0.0,0,0.0,0.0,0,235079.00,0.00,0.00,230,12.85,3.20,0.00,-1.1,4.998,4.998,4.998,4.998,171
2022-01-05 05:14:22,7.3,20.4,876,0.0,0.0,0,0.0,0.0,0,235955.00,0.00,0.00,222,12.81,3.09,0.00,-1.1,4.998,4.998,4.998,4.998,12
2022-01-05 05:15:22,10.0,12.9,557,0.0,0.0,0,0.0,0.0,0,236512.00,0.00,0.00,254,12.85,3.53,0.00,-1.6,4.998,4.998,4.998,4.998,148
2022-01-05 05:16:22,9.0,17.3,722,0.0,0.0,0,0.0,0.0,0,237234.00,0.00,0.00,240,12.85,3.33,0.00,-1.1,4.998,4.998,4.998,4.998,250
2022-01-05 05:17:22,12.4,18.3,726,0.0,0.0,0,0.0,0.0,0,237960.00,0.00,0.00,228,12.85,3.16,0.00,-1.6,4.998,4.998,4.998,4.998,12
2022-01-05 05:18:22,15.1,19.1,797,0.0,0.0,0,0.0,0.0,0,238757.00,0.00,0.00,255,12.81,3.54,0.00,-1.6,4.998,4.998,4.998,4.998,142
2022-01-05 05:19:22,16.7,24.3,1075,0.0,0.0,0,0.0,0.0,0,239832.00,0.00,0.00,242,12.85,3.36,0.00,-1.6,4.998,4.998,4.998,4.998,119
2022-01-05 05:20:22,7.8,18.3,702,0.0,0.0,0,0.0,0.0,0,240534.00,0.00,0.00,260,12.85,3.62,0.00,-1.1,4.998,4.998,4.998,4.998,106
2022-01-05 05:21:22,16.8,21.0,874,0.0,0.0,0,0.0,0.0,0,241408.00,0.00,0.00,237,12.81,3.30,0.00,-1.6,4.998,4.998,4.998,4.998,30
2022-01-05 05:22:22,11.0,18.7,781,0.0,0.0,0,0.0,0.0,0,242189.00,0.00,0.00,247,12.81,3.44,0.00,-1.1,4.998,4.998,4.998,4.998,76
2022-01-05 05:23:22,8.1,13.4,594,0.0,0.0,0,0.0,0.0,0,242783.00,0.00,0.00,242,12.81,3.37,0.00,-1.1,4.998,4.998,4.998,4.998,177
2022-01-05 05:24:22,13.5,19.8,691,0.0,0.0,0,0.0,0.0,0,243474.00,0.00,0.00,254,12.85,3.53,0.00,-1.6,4.998,4.998,4.998,4.998,99
2022-01-05 05:25:22,11.7,20.2,819,0.0,0.0,0,0.0,0.0,0,244293.00,0.00,0.00,224,12.85,3.12,0.00,-1.1,4.998,4.998,4.998,4.998,230
2022-01-05 05:26:22,13.3,25.7,807,0.0,0.0,0,0.0,0.0,0,245100.00,0.00,0.00,232,12.81,3.22,0.00,-1.1,4.998,4.998,4.998,4.998,101
2022-01-05 05:27:22,14.0,23.5,988,0.0,0.0,0,0.0,0.0,0,246088.00,0.00,0.00,209,12.81,2.90,0.00,-1.6,4.998,4.998,4.998,4.998,122
2022-01-05 05:28:22,8.2,23.3,787,0.0,0.0,0,0.0,0.0,0,246875.00,0.00,0.00,278,12.81,3.86,0.00,-1.1,4.998,4.998,4.998,4.998,121
2022-01-05 05:29:22,12.1,20.4,861,0.0,0.0,0,0.0,0.0,0,247736.00,0.00,0.00,263,12.85,3.66,0.00,-1.6,4.998,4.998,4.998,4.998,39
2022-01-05 05:30:22,10.9,22.3,868,0.0,0.0,0,0.0,0.0,0,248604.00,0.00,0.00,246,12.85,3.42,0.00,-1.6,4.998,4.998,4.998,4.998,165
2022-01-05 05:31:22,9.3,18.8,602,0.0,0.0,0,0.0,0.0,0,249206.00,0.00,0.00,239,12.85,3.32,0.00,-1.6,4.998,4.998,4.998,4.998,162
2022-01-05 05:32:22,9.1,17.0,660,0.0,0.0,0,0.0,0.0,0,249866.00,0.00,0.00,284,12.81,3.94,0.00,-1.6,4.998,4.998,4.998,4.998,174
2022-01-05 05:33:22,14.2,18.6,725,0.0,0.0,0,0.0,0.0,0,250591.00,0.00,0.00,246,12.85,3.42,0.00,-1.6,4.998,4.998,4.998,4.998,89
2022-01-05 05:34:22,9.3,15.9,634,0.0,0.0,0,0.0,0.0,0,251225.00,0.00,0.00,237,12.85,3.29,0.00,-1.6,4.998,4.998,4.998,4.998,128
2022-01-05 05:35:22,7.4,14.9,703,0.0,0.0,0,0.0,0.0,0,251928.00,0.00,0.00,225,12.85,3.13,0.00,-1.6,4.998,4.998,4.998,4.998,251
2022-01-05 05:36:22,7.8,13.1,624,0.0,0.0,0,0.0,0.0,0,252552.00,0.00,0.00,233,12.81,3.23,0.00,-1.6,4.998,4.998,4.998,4.998,44
2022-01-05 05:37:22,12.2,20.7,771,0.0,0.0,0,0.0,0.0,0,253323.00,0.00,0.00,238,12.81,3.31,0.00,-1.6,4.998,4.998,4.998,4.998,39
2022-01-05 05:38:22,12.5,15.1,698,0.0,0.0,0,0.0,0.0,0,254021.00,0.00,0.00,233,12.81,3.24,0.00,-1.6,4.998,4.998,4.998,4.998,185
2022-01-05 05:39:22,8.1,16.8,767,0.0,0.0,0,0.0,0.0,0,254788.00,0.00,0.00,274,12.85,3.81,0.00,-1.6,4.998,4.998,4.998,4.998,122
2022-01-05 05:40:22,15.5,19.6,757,0.0,0.0,0,0.0,0.0,0,255545.00,0.00,0.00,279,12.81,3.88,0.00,-1.6,4.998,4.998,4.998,4.998,62
2022-01-05 05:41:22,8.7,16.6,670,0.0,0.0,0,0.0,0.0,0,256215.00,0.00,0.00,220,12.85,3.05,0.00,-1.6,4.998,4.998,4.998,4.998,231
2022-01-05 05:42:22,16.5,17.7,720,0.0,0.0,0,0.0,0.0,0,256935.00,0.00,0.00,243,12.81,3.38,0.00,-1.6,4.998,4.998,4.998,4.998,123
2022-01-05 05:43:22,13.8,20.5,854,0.0,0.0,0,0.0,0.0,0,257789.00,0.00,0.00,236,12.85,3.29,0.00,-1.6,4.998,4.998,4.998,4.998,109
2022-01-05 05:44:22,10.5,14.1,573,0.0,0.0,0,0.0,0.0,0,258362.00,0.00,0.00,234,12.81,3.25,0.00,-1.6,4.998,4.998,4.998,4.998,200
2022-01-05 05:45:22,6.3,20.1,720,0.0,0.0,0,0.0,0.0,0,259082.00,0.00,0.00,275,12.85,3.83,0.00,-1.6,4.998,4.998,4.998,4.998,108
2022-01-05 05:46:22,5.0,15.5,565,0.0,0.0,0,0.0,0.0,0,259647.00,0.00,0.00,275,12.81,3.83,0.00,-1.6,4.998,4.998,4.998,4.998,243
2022-01-05 05:47:22,12.3,15.6,280,0.0,0.0,0,0.0,0.0,0,259927.00,0.00,0.00,241,12.81,3.35,0.00,-1.6,4.998,4.998,4.998,4.998,229
2022-01-05 05:48:22,7.7,20.7,839,0.0,0.0,0,0.0,0.0,0,260766.00,0.00,0.00,246,12.81,3.42,0.00,-1.6,4.998,4.998,4.998,4.998,133
2022-01-05 05:49:22,5.3,10.6,417,0.0,0.0,0,0.0,0.0,0,261183.00,0.00,0.00,270,12.85,3.75,0.00,-1.6,4.998,4.998,4.998,4.998,74
2022-01-05 05:50:22,12.1,15.7,539,0.0,0.0,0,0.0,0.0,0,261722.00,0.00,0.00,262,12.81,3.65,0.00,-1.6,4.998,4.998,4.998,4.998,197
2022-01-05 05:51:22,10.2,16.9,716,0.0,0.0,0,0.0,0.0,0,262438.00,0.00,0.00,273,12.85,3.79,0.00,-1.6,4.998,4.998,4.998,4.998,24
2022-01-05 05:52:22,8.8,19.7,736,0.0,0.0,0,0.0,0.0,0,263174.00,0.00,0.00,264,12.81,3.66,0.00,-1.6,4.998,4.998,4.998,4.998,222
2022-01-05 05:53:22,9.7,14.0,611,0.0,0.0,0,0.0,0.0,0,263785.00,0.00,0.00,256,12.81,3.56,0.00,-1.6,4.998,4.998,4.998,4.998,188
2022-01-05 05:54:22,13.6,18.2,828,0.0,0.0,0,0.0,0.0,0,264613.00,0.00,0.00,222,12.85,3.08,0.00,-1.6,4.998,4.998,4.998,4.998,226
2022-01-05 05:55:22,10.6,15.2,606,0.0,0.0,0,0.0,0.0,0,265219.00,0.00,0.00,244,12.85,3.39,0.00,-1.6,4.998,4.998,4.998,4.998,12
2022-01-05 05:56:22,5.9,12.0,427,0.0,0.0,0,0.0,0.0,0,265646.00,0.00,0.00,217,12.81,3.01,0.00,-1.6,4.998,4.998,4.998,4.998,16
2022-01-05 05:57:22,9.1,11.4,474,0.0,0.0,0,0.0,0.0,0,266120.00,0.00,0.00,245,12.85,3.40,0.00,-2.1,4.998,4.998,4.998,4.998,86
2022-01-05 05:58:22,13.3,17.8,726,0.0,0.0,0,0.0,0.0,0,266846.00,0.00,0.00,227,12.81,3.16,0.00,-1.6,4.998,4.998,4.998,4.998,85
2022-01-05 05:59:22,10.4,14.6,623,0.0,0.0,0,0.0,0.0,0,267469.00,0.00,0.00,258,12.85,3.58,0.00,-1.6,4.998,4.998,4.998,4.998,250
2022-01-05 06:00:22,11.7,12.8,536,0.0,0.0,0,0.0,0.0,0,268005.00,0.00,0.00,257,12.81,3.57,0.00,-2.1,4.998,4.998,4.998,4.998,12
2022-01-05 06:01:22,6.0,16.3,659,0.0,0.0,0,0.0,0.0,0,268664.00,0.00,0.00,226,12.81,3.13,0.00,-1.6,4.998,4.998,4.998,4.998,216
2022-01-05 06:02:22,8.1,11.5,460,0.0,0.0,0,0.0,0.0,0,269124.00,0.00,0.00,238,12.81,3.31,0.00,-1.6,4.998,4.998,4.998,4.998,133
2022-01-05 06:03:22,7.8,9.7,429,0.0,0.0,0,0.0,0.0,0,269553.00,0.00,0.00,271,12.85,3.77,0.00,-1.6,4.998,4.998,4.998,4.998,54
2022-01-05 06:04:22,8.1,14.7,530,0.0,0.0,0,0.0,0.0,0,270083.00,0.00,0.00,230,12.85,3.20,0.00,-1.6,4.998,4.998,4.998,4.998,132
2022-01-05 06:05:22,11.6,14.3,600,0.0,0.0,0,0.0,0.0,0,270683.00,0.00,0.00,242,12.81,3.36,0.00,-2.1,4.998,4.998,4.998,4.998,151
2022-01-05 06:06:22,12.8,16.3,754,0.0,0.0,0,0.0,0.0,0,271437.00,0.00,0.00,262,12.81,3.64,0.00,-2.1,4.998,4.998,4.998,4.998,196
2022-01-05 06:07:22,7.2,13.0,580,0.0,0.0,0,0.0,0.0,0,272017.00,0.00,0.00,259,12.81,3.60,0.00,-1.6,4.998,4.998,4.998,4.998,143
2022-01-05 06:08:22,7.2,9.1,423,0.0,0.0,0,0.0,0.0,0,272440.00,0.00,0.00,238,12.81,3.31,0.00,-1.6,4.998,4.998,4.998,4.998,172
2022-01-05 06:09:22,5.2,17.8,615,0.0,0.0,0,0.0,0.0,0,273055.00,0.00,0.00,236,12.81,3.28,0.00,-2.1,4.998,4.998,4.998,4.998,174
2022-01-05 06:10:22,5.2,9.1,351,0.0,0.0,0,0.0,0.0,0,273406.00,0.00,0.00,236,12.81,3.28,0.00,-1.6,4.998,4.998,4.998,4.998,63
2022-01-05 06:11:22,14.3,17.2,413,0.0,0.0,0,0.0,0.0,0,273819.00,0.00,0.00,229,12.85,3.18,0.00,-1.6,4.998,4.998,4.998,4.998,6
2022-01-05 06:12:22,7.7,16.3,543,0.0,0.0,0,0.0,0.0,0,274362.00,0.00,0.00,225,12.81,3.13,0.00,-2.1,4.998,4.998,4.998,4.998,96
2022-01-05 06:13:22,6.6,11.6,473,0.0,0.0,0,0.0,0.0,0,274835.00,0.00,0.00,291,12.81,4.04,0.00,-2.1,4.998,4.998,4.998,4.998,30
2022-01-05 06:14:22,4.9,14.5,410,0.0,0.0,0,0.0,0.0,0,275245.00,0.00,0.00,243,12.81,3.37,0.00,-1.6,4.998,4.998,4.998,4.998,78
2022-01-05 06:15:22,8.8,15.5,398,0.0,0.0,0,0.0,0.0,0,275643.00,0.00,0.00,249,12.85,3.46,0.00,-1.6,4.998,4.998,4.998,4.998,221
2022-01-05 06:16:22,6.9,9.6,398,0.0,0.0,0,0.0,0.0,0,276041.00,0.00,0.00,226,12.81,3.14,0.00,-2.1,4.998,4.998,4.998,4.998,230
2022-01-05 06:17:22,10.4,20.2,716,0.0,0.0,0,0.0,0.0,0,276757.00,0.00,0.00,292,12.81,4.06,0.00,-1.6,4.998,4.998,4.998,4.998,1
2022-01-05 06:18:22,6.8,10.2,453,0.0,0.0,0,0.0,0.0,0,277210.00,0.00,0.00,248,12.81,3.44,0.00,-1.6,4.998,4.998,4.998,4.998,235
2022-01-05 06:19:22,8.1,13.4,559,0.0,0.0,0,0.0,0.0,0,277769.00,0.00,0.00,272,12.85,3.78,0.00,-2.1,4.998,4.998,4.998,4.998,119
2022-01-05 06:20:22,9.6,21.1,720,0.0,0.0,0,0.0,0.0,0,278489.00,0.00,0.00,251,12.85,3.49,0.00,-2.1,4.998,4.998,4.998,4.998,183
2022-01-05 06:21:22,10.8,12.8,558,0.0,0.0,0,0.0,0.0,0,279047.00,0.00,0.00,313,12.81,4.35,0.00,-2.1,4.998,4.998,4.998,4.998,47
2022-01-05 06:22:22,15.0,18.3,755,0.0,0.0,0,0.0,0.0,0,279802.00,0.00,0.00,268,12.81,3.72,0.00,-1.6,4.998,4.998,4.998,4.998,169
2022-01-05 06:23:22,21.6,21.6,919,0.0,0.0,0,0.0,0.0,0,280721.00,0.00,0.00,242,12.85,3.37,0.00,-2.1,4.998,4.998,4.998,4.998,35
2022-01-05 06:24:22,9.2,27.8,1087,0.0,0.0,0,0.0,0.0,0,281808.00,0.00,0.00,270,12.81,3.75,0.00,-1.6,4.998,4.998,4.998,4.998,161
2022-01-05 06:25:22,13.0,17.2,618,0.0,0.0,0,0.0,0.0,0,282426.00,0.00,0.00,233,12.81,3.24,0.00,-1.6,4.998,4.998,4.998,4.998,227
2022-01-05 06:26:22,15.3,18.7,759,0.0,0.0,0,0.0,0.0,0,283185.00,0.00,0.00,275,12.81,3.82,0.00,-1.6,4.998,4.998,4.998,4.998,45
2022-01-05 06:27:22,8.1,16.3,755,0.0,0.0,0,0.0,0.0,0,283940.00,0.00,0.00,243,12.85,3.38,0.00,-1.6,4.998,4.998,4.998,4.998,91
2022-01-05 06:28:22,5.6,16.4,592,0.0,0.0,0,0.0,0.0,0,284532.00,0.00,0.00,265,12.81,3.69,0.00,-1.6,4.998,4.998,4.998,4.998,17
2022-01-05 06:29:22,7.3,11.7,498,0.0,0.0,0,0.0,0.0,0,285030.00,0.00,0.00,257,12.81,3.57,0.00,-1.6,4.998,4.998,4.998,4.998,72
2022-01-05 06:30:22,12.0,16.5,617,0.0,0.0,0,0.0,0.0,0,285647.00,0.00,0.00,236,12.81,3.28,0.00,-1.6,4.998,4.998,4.998,4.998,29
2022-01-05 06:31:22,8.3,13.2,432,0.0,0.0,0,0.0,0.0,0,286079.00,0.00,0.00,249,12.81,3.46,0.00,-1.6,4.998,4.998,4.998,4.998,46
2022-01-05 06:32:22,4.2,8.5,381,0.0,0.0,0,0.0,0.0,0,286460.00,0.00,0.00,240,12.81,3.34,0.00,-2.1,4.998,4.998,4.998,4.998,122
2022-01-05 06:33:22,7.2,10.7,431,0.0,0.0,0,0.0,0.0,0,286891.00,0.00,0.00,241,12.81,3.34,0.00,-2.1,4.998,4.998,4.998,4.998,100
2022-01-05 06:34:22,11.2,12.8,560,0.0,0.0,0,0.0,0.0,0,287451.00,0.00,0.00,269,12.81,3.74,0.00,-1.6,4.998,4.998,4.998,4.998,98
2022-01-05 06:35:22,18.1,24.4,986,0.0,0.0,0,0.0,0.0,0,288437.00,0.00,0.00,238,12.81,3.31,0.00,-1.6,4.998,4.998,4.998,4.998,247
2022-01-05 06:36:22,7.5,21.8,791,0.0,0.0,0,0.0,0.0,0,289228.00,0.00,0.00,247,12.81,3.43,0.00,-1.6,4.998,4.998,4.998,4.998,67
2022-01-05 06:37:22,12.1,14.9,534,0.0,0.0,0,0.0,0.0,0,289762.00,0.00,0.00,233,12.81,3.23,0.00,-2.1,4.998,4.998,4.998,4.998,83
2022-01-05 06:38:22,7.4,17.6,766,0.0,0.0,0,0.0,0.0,0,290528.00,0.00,0.00,257,12.81,3.57,0.00,-1.6,4.998,4.998,4.998,4.998,249
2022-01-05 06:39:22,11.2,16.0,495,0.0,0.0,0,0.0,0.0,0,291023.00,0.00,0.00,239,12.81,3.32,0.00,-2.1,4.998,4.998,4.998,4.998,31
2022-01-05 06:40:22,6.6,16.2,705,0.0,0.0,0,0.0,0.0,0,291728.00,0.00,0.00,247,12.81,3.43,0.00,-1.6,4.998,4.998,4.998,4.998,224
2022-01-05 06:41:22,11.2,13.9,572,0.0,0.0,0,0.0,0.0,0,292300.00,0.00,0.00,258,12.81,3.58,0.00,-2.1,4.998,4.998,4.998,4.998,240
2022-01-05 06:42:22,10.2,14.9,586,0.0,0.0,0,0.0,0.0,0,292886.00,0.00,0.00,240,12.81,3.34,0.00,-1.6,4.998,4.998,4.998,4.998,238
2022-01-05 06:43:22,10.4,13.7,603,0.0,0.0,0,0.0,0.0,0,293489.00,0.00,0.00,250,12.81,3.47,0.00,-1.6,4.998,4.998,4.998,4.998,1
2022-01-05 06:44:22,7.1,17.0,505,0.0,0.0,0,0.0,0.0,0,293994.00,0.00,0.00,229,12.81,3.18,0.00,-1.6,4.998,4.998,4.998,4.998,78
2022-01-05 06:45:22,8.2,10.3,481,0.0,0.0,0,0.0,0.0,0,294475.00,0.00,0.00,242,12.81,3.36,0.00,-2.1,4.998,4.998,4.998,4.998,199
2022-01-05 06:46:22,6.6,13.2,441,0.0,0.0,0,0.0,0.0,0,294916.00,0.00,0.00,249,12.81,3.47,0.00,-1.6,4.998,4.998,4.998,4.998,109
2022-01-05 06:47:22,16.4,17.3,633,0.0,0.0,0,0.0,0.0,0,295549.00,0.00,0.00,249,12.81,3.46,0.00,-1.6,4.998,4.998,4.998,4.998,19
2022-01-05 06:48:22,14.1,18.9,633,0.0,0.0,0,0.0,0.0,0,296182.00,0.00,0.00,236,12.81,3.28,0.00,-2.1,4.998,4.998,4.998,4.998,28
2022-01-05 06:49:22,11.2,16.3,662,0.0,0.0,0,0.0,0.0,0,296844.00,0.00,0.00,256,12.81,3.55,0.00,-1.6,4.998,4.998,4.998,4.998,214
2022-01-05 06:50:22,7.9,13.8,487,0.0,0.0,0,0.0,0.0,0,297331.00,0.00,0.00,248,12.81,3.45,0.00,-1.6,4.998,4.998,4.998,4.998,84
2022-01-05 06:51:22,7.1,14.1,564,0.0,0.0,0,0.0,0.0,0,297895.00,0.00,0.00,220,12.81,3.06,0.00,-2.1,4.998,4.998,4.998,4.998,254
2022-01-05 06:52:22,11.7,17.3,721,0.0,0.0,0,0.0,0.0,0,298616.00,0.00,0.00,246,12.81,3.42,0.00,-2.1,4.998,4.998,4.998,4.998,28
2022-01-05 06:53:22,8.3,15.5,628,0.0,0.0,0,0.0,0.0,0,299244.00,0.00,0.00,209,12.81,2.90,0.00,-2.1,4.998,4.998,4.998,4.998,220
2022-01-05 06:54:22,8.3,18.3,659,0.0,0.0,0,0.0,0.0,0,299903.00,0.00,0.00,240,12.81,3.34,0.00,-1.6,4.998,4.998,4.998,4.998,219
2022-01-05 06:55:22,10.4,17.8,689,0.0,0.0,0,0.0,0.0,0,300592.00,0.00,0.00,237,12.81,3.30,0.00,-2.1,4.998,4.998,4.998,4.998,17
2022-01-05 06:56:22,6.3,12.6,560,0.0,0.0,0,0.0,0.0,0,301152.00,0.00,0.00,231,12.81,3.21,0.00,-1.6,4.998,4.998,4.998,4.998,239
2022-01-05 06:57:22,2.1,8.6,380,0.0,0.0,0,0.0,0.0,0,301532.00,0.00,0.00,189,12.81,2.63,0.00,-2.1,4.998,4.998,4.998,4.998,107
2022-01-05 06:58:22,11.2,13.7,473,0.0,0.0,0,0.0,0.0,0,302005.00,0.00,0.00,247,12.81,3.43,0.00,-2.1,4.998,4.998,4.998,4.998,201
2022-01-05 06:59:22,9.8,13.0,502,0.0,0.0,0,0.0,0.0,0,302507.00,0.00,0.00,237,12.81,3.30,0.00,-2.1,4.998,4.998,4.998,4.998,92
2022-01-05 07:00:22,13.7,18.7,697,0.0,0.0,0,0.0,0.0,0,303204.00,0.00,0.00,227,12.81,3.15,0.00,-2.1,4.998,4.998,4.998,4.998,209
2022-01-05 07:01:22,15.2,18.0,805,0.0,0.0,0,0.0,0.0,0,304009.00,0.00,0.00,229,12.81,3.18,0.00,-1.6,4.998,4.998,4.998,4.998,238
2022-01-05 07:02:22,11.5,18.3,884,0.0,0.0,0,0.0,0.0,0,304893.00,0.00,0.00,245,12.81,3.40,0.00,-1.6,4.998,4.998,4.998,4.998,95
2022-01-05 07:03:22,5.8,14.3,540,0.0,0.0,0,0.0,0.0,0,305433.00,0.00,0.00,270,12.81,3.75,0.00,-1.6,4.998,4.998,4.998,4.998,200
2022-01-05 07:04:22,10.3,11.1,473,0.0,0.0,0,0.0,0.0,0,305906.00,0.00,0.00,223,12.81,3.10,0.00,-2.6,4.998,4.998,4.998,4.998,137
2022-01-05 07:05:22,3.9,13.1,474,0.0,0.0,0,0.0,0.0,0,306380.00,0.00,0.00,262,12.81,3.64,0.00,-2.1,4.998,4.998,4.998,4.998,185
2022-01-05 07:06:22,9.6,11.7,412,0.0,0.0,0,0.0,0.0,0,306792.00,0.00,0.00,252,12.81,3.50,0.00,-2.1,4.998,4.998,4.998,4.998,80
2022-01-05 07:07:22,9.5,18.6,856,0.0,0.0,0,0.0,0.0,0,307648.00,0.00,0.00,236,12.81,3.28,0.00,-1.6,4.998,4.998,4.998,4.998,176
2022-01-05 07:08:22,11.0,13.6,563,0.0,0.0,0,0.0,0.0,0,308211.00,0.00,0.00,234,12.81,3.25,0.00,-2.1,4.998,4.998,4.998,4.998,146
2022-01-05 07:09:22,7.8,13.4,581,0.0,0.0,0,0.0,0.0,0,308792.00,0.00,0.00,230,12.81,3.19,0.00,-2.1,4.998,4.998,4.998,4.998,38
2022-01-05 07:10:22,4.6,21.7,690,0.0,0.0,0,0.0,0.0,0,309482.00,0.00,0.00,250,12.81,3.48,0.00,-2.1,4.998,4.998,4.998,4.998,88
2022-01-05 07:11:22,7.4,16.0,466,0.0,0.0,0,0.0,0.0,0,309948.00,0.00,0.00,240,12.81,3.34,0.00,-2.1,4.998,4.998,4.998,4.998,16
2022-01-05 07:12:22,16.0,17.6,741,0.0,0.0,0,0.0,0.0,0,310689.00,0.00,0.00,241,12.81,3.35,0.00,-2.1,4.998,4.998,4.998,4.998,94
2022-01-05 07:13:22,19.0,22.5,887,0.0,0.0,0,0.0,0.0,0,311576.00,0.00,0.00,244,12.81,3.39,0.00,-2.1,4.998,4.998,4.998,4.998,181
2022-01-05 07:14:22,18.5,26.7,1028,0.0,0.0,0,0.0,0.0,0,312604.00,0.00,0.00,253,12.81,3.51,0.00,-2.1,4.998,4.998,4.998,4.998,201
2022-01-05 07:15:22,11.2,19.1,739,0.0,0.0,0,0.0,0.0,0,313343.00,0.00,0.00,226,12.81,3.14,0.00,-2.1,4.998,4.998,4.998,4.998,196
2022-01-05 07:16:22,11.2,18.3,819,0.0,0.0,0,0.0,0.0,0,314162.00,0.00,0.00,238,12.81,3.30,0.00,-2.1,4.998,4.998,4.998,4.998,209
2022-01-05 07:17:22,16.4,28.1,1111,0.0,0.0,0,0.0,0.0,0,315273.00,0.00,0.00,245,12.81,3.40,0.00,-2.1,4.998,4.998,4.998,4.998,199
2022-01-05 07:18:22,25.4,28.6,934,0.0,0.0,0,0.0,0.0,0,316207.00,0.00,0.00,241,12.81,3.35,0.00,-2.6,4.998,4.998,4.998,4.998,18
2022-01-05 07:19:22,13.8,28.1,1199,0.0,0.0,0,0.0,0.0,0,317406.00,0.00,0.00,266,12.81,3.70,0.00,-2.1,4.998,4.998,4.998,4.998,25
2022-01-05 07:20:22,13.9,19.4,893,0.0,0.0,0,0.0,0.0,0,318299.00,0.00,0.00,237,12.81,3.29,0.00,-2.1,4.998,4.998,4.998,4.998,107
2022-01-05 07:21:22,25.2,25.2,702,0.0,0.0,0,0.0,0.0,0,319001.00,0.00,0.00,232,12.81,3.23,0.00,-2.1,4.998,4.998,4.998,4.998,155
2022-01-05 07:22:22,10.9,32.2,1029,0.0,0.0,0,0.0,0.0,0,320030.00,0.00,0.00,256,12.81,3.55,0.00,-2.6,4.998,4.998,4.998,4.998,23
2022-01-05 07:23:22,12.5,19.8,717,0.0,0.0,0,0.0,0.0,0,320747.00,0.00,0.00,270,12.81,3.75,0.00,-2.6,4.998,4.998,4.998,4.998,183
2022-01-05 07:24:22,12.2,24.7,1119,0.0,0.0,0,0.0,0.0,0,321866.00,0.00,0.00,238,12.81,3.31,0.00,-2.6,4.998,4.998,4.998,4.998,17
2022-01-05 07:25:22,10.4,18.2,753,0.0,0.0,0,0.0,0.0,0,322619.00,0.00,0.00,252,12.81,3.51,0.00,-2.6,4.998,4.998,4.998,4.998,250
2022-01-05 07:26:22,7.0,15.4,605,0.0,0.0,0,0.0,0.0,0,323224.00,0.00,0.00,230,12.81,3.20,0.00,-2.6,4.998,4.998,4.998,4.998,251
2022-01-05 07:27:22,4.2,9.1,402,0.0,0.0,0,0.0,0.0,0,323626.00,0.00,0.00,264,12.81,3.67,0.00,-2.6,4.998,4.998,4.998,4.998,11
2022-01-05 07:28:22,18.5,23.1,658,0.0,0.0,0,0.0,0.0,0,324284.00,0.00,0.00,194,12.81,2.70,0.00,-2.6,4.998,4.998,4.998,4.998,188
2022-01-05 07:29:22,13.0,21.8,934,0.0,0.0,0,0.0,0.0,0,325218.00,0.00,0.00,230,12.81,3.20,0.00,-2.1,4.998,4.998,4.998,4.998,198
2022-01-05 07:30:22,9.9,14.3,634,0.0,0.0,0,0.0,0.0,0,325852.00,0.00,0.00,233,12.81,3.24,0.00,-2.6,4.998,4.998,4.998,4.998,170
2022-01-05 07:31:22,10.0,19.0,798,0.0,0.0,0,0.0,0.0,0,326650.00,0.00,0.00,235,12.81,3.27,0.00,-2.6,4.998,4.998,4.998,4.998,86
2022-01-05 07:32:22,12.6,18.5,761,0.0,0.0,0,0.0,0.0,0,327411.00,0.00,0.00,248,12.81,3.44,0.00,-2.6,4.998,4.998,4.998,4.998,45
2022-01-05 07:33:22,4.2,17.9,616,0.0,0.0,0,0.0,0.0,0,328027.00,0.00,0.00,207,12.81,2.88,0.00,-2.6,4.998,4.998,4.998,4.998,55
2022-01-05 07:34:22,15.5,22.1,617,0.0,0.0,0,0.0,0.0,0,328644.00,0.00,0.00,283,12.81,3.94,0.00,-2.6,4.998,4.998,4.998,4.998,233
2022-01-05 07:35:22,10.1,19.4,694,0.0,0.0,0,0.0,0.0,0,329338.00,0.00,0.00,262,12.81,3.65,0.00,-2.6,4.998,4.998,4.998,4.998,165
2022-01-05 07:36:22,9.4,14.6,565,0.0,0.0,0,0.0,0.0,0,329903.00,0.00,0.00,234,12.81,3.25,0.00,-2.6,4.998,4.998,4.998,4.998,10
2022-01-05 07:37:22,5.7,14.8,644,0.0,0.0,0,0.0,0.0,0,330547.00,0.00,0.00,249,12.81,3.46,0.00,-2.6,4.998,4.998,4.998,4.998,52
2022-01-05 07:38:22,8.8,11.8,453,0.0,0.0,0,0.0,0.0,0,331000.00,0.00,0.00,220,12.77,3.06,0.00,-2.1,4.998,4.998,4.998,4.998,202
2022-01-05 07:39:22,9.8,17.4,692,0.0,0.0,0,0.0,0.0,0,331692.00,0.00,0.00,259,12.81,3.60,0.00,-2.1,4.998,4.998,4.998,4.998,240
2022-01-05 07:40:22,13.0,13.8,602,0.0,0.0,0,0.0,0.0,0,332294.00,0.00,0.00,230,12.81,3.20,0.00,-2.6,4.998,4.998,4.998,4.998,44
2022-01-05 07:41:22,15.0,19.8,889,0.0,0.0,0,0.0,0.0,0,333183.00,0.00,0.00,225,12.81,3.12,0.00,-2.1,4.998,4.998,4.998,4.998,161
2022-01-05 07:42:22,10.8,22.2,836,0.0,0.0,0,0.0,0.0,0,334019.00,0.00,0.00,245,12.81,3.40,0.00,-2.6,4.998,4.998,4.998,4.998,169
2022-01-05 07:43:22,10.3,20.6,914,0.0,0.0,0,0.0,0.0,0,334933.00,0.00,0.00,232,12.81,3.22,0.00,-2.1,4.998,4.998,4.998,4.998,153
2022-01-05 07:44:22,14.7,17.7,788,0.0,0.0,0,0.0,0.0,0,335721.00,0.00,0.00,236,12.81,3.28,0.00,-2.6,4.998,4.998,4.998,4.998,33
2022-01-05 07:45:22,13.6,17.1,652,0.0,0.0,0,0.0,0.0,0,336373.00,0.00,0.00,266,12.81,3.70,0.00,-2.6,4.998,4.998,4.998,4.998,255
2022-01-05 07:46:22,14.5,22.5,812,0.0,0.0,0,0.0,0.0,0,337185.00,0.00,0.00,252,12.81,3.50,0.00,-2.6,4.998,4.998,4.998,4.998,165
2022-01-05 07:47:22,9.9,23.1,923,0.0,0.0,0,0.0,0.0,0,338108.00,0.00,0.00,264,12.77,3.66,0.00,-2.6,4.998,4.998,4.998,4.998,21
2022-01-05 07:48:22,10.0,16.8,771,0.0,0.0,0,0.0,0.0,0,338879.00,0.00,0.00,280,12.81,3.89,0.00,-2.6,4.998,4.998,4.998,4.998,214
2022-01-05 07:49:22,12.0,15.0,722,0.0,0.0,0,0.0,0.0,0,339601.00,0.00,0.00,274,12.81,3.81,0.00,-2.6,4.998,4.998,4.998,4.998,101
2022-01-05 07:50:22,7.9,13.9,539,0.0,0.0,0,0.0,0.0,0,340140.00,0.00,0.00,245,12.81,3.40,0.00,-2.6,4.998,4.998,4.998,4.998,67
2022-01-05 07:51:22,12.2,17.4,722,0.0,0.0,0,0.0,0.0,0,340862.00,0.00,0.00,260,12.81,3.61,0.00,-2.6,4.998,4.998,4.998,4.998,130
2022-01-05 07:52:22,7.0,17.8,605,0.0,0.0,0,0.0,0.0,0,341467.00,0.00,0.00,242,12.81,3.36,0.00,-2.6,4.998,4.998,4.998,4.998,253
2022-01-05 07:53:22,20.4,20.7,708,0.0,0.0,0,0.0,0.0,0,342175.00,0.00,0.00,251,12.81,3.48,0.00,-2.6,4.998,4.998,4.998,4.998,4
2022-01-05 07:54:22,10.1,24.3,944,0.0,0.0,0,0.0,0.0,0,343119.00,0.00,0.00,249,12.81,3.46,0.00,-2.6,4.998,4.998,4.998,4.998,45
2022-01-05 07:55:22,9.8,14.1,549,0.0,0.0,0,0.0,0.0,0,343668.00,0.00,0.00,251,12.81,3.49,0.00,-2.6,4.998,4.998,4.998,4.998,227
2022-01-05 07:56:22,11.8,24.5,915,0.0,0.0,0,0.0,0.0,0,344583.00,0.00,0.00,260,12.81,3.61,0.00,-2.6,4.998,4.998,4.998,4.998,72
2022-01-05 07:57:22,10.6,20.7,778,0.0,0.0,0,0.0,0.0,0,345361.00,0.00,0.00,280,12.81,3.89,0.00,-2.6,4.998,4.998,4.998,4.998,199
2022-01-05 07:58:22,17.2,17.2,540,0.0,0.0,0,0.0,0.0,0,345901.00,0.00,0.00,239,12.81,3.32,0.00,-2.6,4.998,4.998,4.998,4.998,121
2022-01-05 07:59:22,7.8,19.5,702,0.0,0.0,0,0.0,0.0,0,346603.00,0.00,0.00,264,12.81,3.67,0.00,-2.6,4.998,4.998,4.998,4.998,90
2022-01-05 08:00:22,9.7,12.6,577,0.0,0.0,0,0.0,0.0,0,347180.00,0.00,0.00,234,12.81,3.25,0.00,-2.6,4.998,4.998,4.998,4.998,188
2022-01-05 08:01:22,6.9,15.6,551,0.0,0.0,0,0.0,0.0,0,347731.00,0.00,0.00,241,12.77,3.35,0.00,-2.6,4.998,4.998,4.998,4.998,179
2022-01-05 08:02:22,13.4,16.6,679,0.0,0.0,0,0.0,0.0,0,348410.00,0.00,0.00,262,12.81,3.65,0.00,-2.6,4.998,4.998,4.998,4.998,53
2022-01-05 08:03:22,14.5,20.8,928,0.0,0.0,0,0.0,0.0,0,349338.00,0.00,0.00,226,12.77,3.14,0.00,-2.6,4.998,4.998,4.998,4.998,241
2022-01-05 08:04:22,8.4,20.7,900,0.0,0.0,0,0.0,0.0,0,350238.00,0.00,0.00,292,12.81,4.06,0.00,-3.1,4.998,4.998,4.998,4.998,230
2022-01-05 08:05:22,6.5,18.0,678,0.0,0.0,0,0.0,0.0,0,350916.00,0.00,0.00,252,12.77,3.51,0.00,-2.6,4.998,4.998,4.998,4.998,74
2022-01-05 08:06:22,11.6,17.8,524,0.0,0.0,0,0.0,0.0,0,351440.00,0.00,0.00,253,12.81,3.52,0.00,-2.6,4.998,4.998,4.998,4.998,157
2022-01-05 08:07:22,5.7,14.3,635,0.0,0.0,0,0.0,0.0,0,352075.00,0.00,0.00,240,12.81,3.33,0.00,-3.1,4.998,4.998,4.998,4.998,188
2022-01-05 08:08:22,5.4,7.5,347,0.0,0.0,0,0.0,0.0,0,352422.00,0.00,0.00,262,12.81,3.64,0.00,-3.1,4.998,4.998,4.998,4.998,239
2022-01-05 08:09:22,8.8,16.1,616,0.0,0.0,0,0.0,0.0,0,353038.00,0.00,0.00,265,12.77,3.68,0.00,-3.1,4.998,4.998,4.998,4.998,37
2022-01-05 08:10:22,9.9,16.9,615,0.0,0.0,0,0.0,0.0,0,353653.00,0.00,0.00,249,12.81,3.46,0.00,-3.1,4.998,4.998,4.998,4.998,196
2022-01-05 08:11:22,12.0,19.9,731,0.0,0.0,0,0.0,0.0,0,354384.00,0.00,0.00,210,12.81,2.91,0.00,-3.1,4.998,4.998,4.998,4.998,164
2022-01-05 08:12:22,12.9,20.9,884,0.0,0.0,0,0.0,0.0,0,355268.00,0.00,0.00,222,12.81,3.08,0.00,-3.1,4.998,4.998,4.998,4.998,157
2022-01-05 08:13:22,6.9,15.7,745,0.0,0.0,0,0.0,0.0,0,356013.00,0.00,0.00,278,12.81,3.86,0.00,-3.1,4.998,4.998,4.998,4.998,251
2022-01-05 08:14:22,21.7,25.4,807,0.0,0.0,0,0.0,0.0,0,356820.00,0.00,0.00,231,12.81,3.21,0.00,-3.1,4.998,4.998,4.998,4.998,135
2022-01-05 08:15:22,13.5,24.1,938,0.0,0.0,0,0.0,0.0,0,357758.00,0.00,0.00,273,12.77,3.79,0.00,-2.6,4.998,4.998,4.998,4.998,157
2022-01-05 08:16:22,12.1,21.2,819,0.0,0.0,0,0.0,0.0,0,358577.00,0.00,0.00,249,12.81,3.46,0.00,-3.1,4.998,4.998,4.998,4.998,51
2022-01-05 08:17:22,8.9,16.3,746,0.0,0.0,0,0.0,0.0,0,359323.00,0.00,0.00,236,12.81,3.29,0.00,-2.6,4.998,4.998,4.998,4.998,105
2022-01-05 08:18:22,9.8,15.2,707,0.0,0.0,0,0.0,0.0,0,360030.00,0.00,0.00,256,12.81,3.56,0.00,-3.6,4.998,4.998,4.998,4.998,249
2022-01-05 08:19:22,6.8,16.5,615,0.0,0.0,0,0.0,0.0,0,360645.00,0.00,0.00,245,12.81,3.40,0.00,-3.1,4.998,4.998,4.998,4.998,93
2022-01-05 08:20:22,7.4,12.7,481,0.0,0.0,0,0.0,0.0,0,361126.00,0.00,0.00,241,12.81,3.34,0.00,-3.1,4.998,4.998,4.998,4.998,131
2022-01-05 08:21:22,8.5,11.1,354,0.0,0.0,0,0.0,0.0,0,361480.00,0.00,0.00,246,12.81,3.41,0.00,-3.6,4.998,4.998,4.998,4.998,252
2022-01-05 08:22:22,11.5,13.8,619,0.0,0.0,0,0.0,0.0,0,362099.00,0.00,0.00,220,12.77,3.06,0.00,-3.1,4.998,4.998,4.998,4.998,137
2022-01-05 08:23:22,7.0,20.2,652,0.0,0.0,0,0.0,0.0,0,362751.00,0.00,0.00,196,12.81,2.72,0.00,-3.1,4.998,4.998,4.998,4.998,56
2022-01-05 08:24:22,12.6,18.5,563,0.0,0.0,0,0.0,0.0,0,363314.00,0.00,0.00,239,12.77,3.32,0.00,-3.1,4.998,4.998,4.998,4.998,69
2022-01-05 08:25:22,6.9,17.6,717,0.0,0.0,0,0.0,0.0,0,364031.00,0.00,0.00,260,12.77,3.62,0.00,-3.1,4.998,4.998,4.998,4.998,62
2022-01-05 08:26:22,5.9,11.4,478,0.0,0.0,0,0.0,0.0,0,364509.00,0.00,0.00,235,12.77,3.27,0.00,-3.1,4.998,4.998,4.998,4.998,222
2022-01-05 08:27:22,6.0,13.0,573,0.0,0.0,0,0.0,0.0,0,365082.00,0.00,0.00,225,12.81,3.12,0.00,-3.1,4.998,4.998,4.998,4.998,11
2022-01-05 08:28:22,5.7,10.2,405,0.0,0.0,0,0.0,0.0,0,365487.00,0.00,0.00,246,12.81,3.42,0.00,-3.1,4.998,4.998,4.998,4.998,139
2022-01-05 08:29:22,9.3,12.3,572,0.0,0.0,0,0.0,0.0,0,366059.00,0.00,0.00,224,12.81,3.11,0.00,-3.1,4.998,4.998,4.998,4.998,59
2022-01-05 08:30:22,4.6,10.2,410,0.0,0.0,0,0.0,0.0,0,366469.00,0.00,0.00,237,12.77,3.29,0.00,-3.1,4.998,4.998,4.998,4.998,15
2022-01-05 08:31:22,9.8,13.0,482,0.0,0.0,0,0.0,0.0,0,366951.00,0.00,0.00,241,12.77,3.35,0.00,-3.6,4.998,4.998,4.998,4.998,243
2022-01-05 08:32:22,5.5,13.2,594,0.0,0.0,0,0.0,0.0,0,367545.00,0.00,0.00,260,12.77,3.61,0.00,-3.1,4.998,4.998,4.998,4.998,128
2022-01-05 08:33:22,7.8,13.9,533,0.0,0.0,0,0.0,0.0,0,368078.00,0.00,0.00,232,12.77,3.22,0.00,-3.1,4.998,4.998,4.998,4.998,239
2022-01-05 08:34:22,13.3,14.7,557,0.0,0.0,0,0.0,0.0,0,368635.00,0.00,0.00,230,12.81,3.19,0.00,-3.1,4.998,4.998,4.998,4.998,86
2022-01-05 08:35:22,7.7,16.3,716,0.0,0.0,0,0.0,0.0,0,369351.00,0.00,0.00,235,12.81,3.27,0.00,-3.1,4.998,4.998,4.998,4.998,34
2022-01-05 08:36:22,10.4,14.3,606,0.0,0.0,0,0.0,0.0,0,369957.00,0.00,0.00,217,12.77,3.02,0.00,-3.1,4.998,4.998,4.998,4.998,184
2022-01-05 08:37:22,5.7,13.5,530,0.0,0.0,0,0.0,0.0,0,370487.00,0.00,0.00,237,12.81,3.30,0.00,-3.1,4.998,4.998,4.998,4.998,39
2022-01-05 08:38:22,4.9,11.7,489,0.0,0.0,0,0.0,0.0,0,370976.00,0.00,0.00,260,12.77,3.61,0.00,-3.1,4.998,4.998,4.998,4.998,209
2022-01-05 08:39:22,6.6,10.0,400,0.0,0.0,0,0.0,0.0,0,371376.00,0.00,0.00,245,12.77,3.40,0.00,-3.1,4.998,4.998,4.998,4.998,155
2022-01-05 08:40:22,5.7,7.4,365,0.0,0.0,0,0.0,0.0,0,371741.00,0.00,0.00,259,12.77,3.60,0.00,-3.1,4.998,4.998,4.998,4.998,110
2022-01-05 08:41:22,3.6,12.6,416,0.0,0.0,0,0.0,0.0,0,372157.00,0.00,0.00,239,12.77,3.32,0.00,-3.1,4.998,4.998,4.998,4.998,223
2022-01-05 08:42:22,5.7,13.6,423,0.0,0.0,0,0.0,0.0,0,372580.00,0.00,0.00,270,12.77,3.74,0.00,-3.1,4.998,4.998,4.998,4.998,75
2022-01-05 08:43:22,3.8,12.3,430,0.0,0.0,0,0.0,0.0,0,373010.00,0.00,0.00,223,12.77,3.10,0.00,-3.1,4.998,4.998,4.998,4.998,244
2022-01-05 08:44:22,7.1,14.2,461,0.0,0.0,0,0.0,0.0,0,373471.00,0.00,0.00,253,12.77,3.51,0.00,-2.6,4.998,4.998,4.998,4.998,243
2022-01-05 08:45:22,8.2,9.8,458,0.0,0.0,0,0.0,0.0,0,373929.00,0.00,0.00,248,12.77,3.44,0.00,-3.1,4.998,4.998,4.998,4.998,221
2022-01-05 08:46:22,12.5,15.5,667,0.0,0.0,0,0.0,0.0,0,374596.00,0.00,0.00,223,12.77,3.10,0.00,-3.1,4.998,4.998,4.998,4.998,42
2022-01-05 08:47:22,7.8,13.7,545,0.0,0.0,0,0.0,0.0,0,375141.00,0.00,0.00,254,12.77,3.53,0.00,-3.1,4.998,4.998,4.998,4.998,10
2022-01-05 08:48:22,8.3,13.7,610,0.0,0.0,0,0.0,0.0,0,375751.00,0.00,0.00,245,12.77,3.41,0.00,-3.1,4.998,4.998,4.998,4.998,178
2022-01-05 08:49:22,11.3,18.2,631,0.0,0.0,0,0.0,0.0,0,376382.00,0.00,0.00,247,12.77,3.44,0.00,-3.1,4.998,4.998,4.998,4.998,178
2022-01-05 08:50:22,8.0,17.3,726,0.0,0.0,0,0.0,0.0,0,377108.00,0.00,0.00,247,12.77,3.44,0.00,-3.1,4.998,4.998,4.998,4.998,171
2022-01-05 08:51:22,6.6,12.7,585,0.0,0.0,0,0.0,0.0,0,377693.00,0.00,0.00,264,12.77,3.67,0.00,-3.1,4.998,4.998,4.998,4.998,59
2022-01-05 08:52:22,7.3,8.7,380,0.0,0.0,0,0.0,0.0,0,378073.00,0.00,0.00,237,12.77,3.30,0.00,-3.1,4.998,4.998,4.998,4.998,157
2022-01-05 08:53:22,8.7,18.9,582,0.0,0.0,0,0.0,0.0,0,378655.00,0.00,0.00,275,12.77,3.82,0.00,-3.1,4.998,4.998,4.998,4.998,174
2022-01-05 08:54:22,6.1,14.3,651,0.0,0.0,0,0.0,0.0,0,379306.00,0.00,0.00,230,12.77,3.20,0.00,-3.1,4.998,4.998,4.998,4.998,214
2022-01-05 08:55:22,14.5,15.2,422,0.0,0.0,0,0.0,0.0,0,379728.00,0.00,0.00,250,12.77,3.48,0.00,-3.1,4.998,4.998,4.998,4.998,47
2022-01-05 08:56:22,8.0,15.3,591,0.0,0.0,0,0.0,0.0,0,380319.00,0.00,0.00,249,12.77,3.46,0.00,-3.1,4.998,4.998,4.998,4.998,151
2022-01-05 08:57:22,10.2,15.5,620,0.0,0.0,0,0.0,0.0,0,380939.00,0.00,0.00,241,12.77,3.35,0.00,-2.6,4.998,4.998,4.998,4.998,136
2022-01-05 08:58:22,5.4,16.1,624,0.0,0.0,0,0.0,0.0,0,381563.00,0.00,0.00,245,12.77,3.41,0.00,-2.6,4.998,4.998,4.998,4.998,223
2022-01-05 08:59:22,5.2,12.4,528,0.0,0.0,0,0.0,0.0,0,382091.00,0.00,0.00,240,12.77,3.33,0.00,-3.1,4.998,4.998,4.998,4.998,184
2022-01-05 09:00:22,7.3,11.8,357,0.0,0.0,0,0.0,0.0,0,382448.00,0.00,0.00,274,12.77,3.80,0.00,-2.6,4.998,4.998,4.998,4.998,210
2022-01-05 09:01:22,7.1,17.1,619,0.0,0.0,0,0.0,0.0,0,383067.00,0.00,0.00,212,12.77,2.94,0.00,-3.1,4.998,4.998,4.998,4.998,18
2022-01-05 09:02:22,8.7,12.5,527,0.0,0.0,0,0.0,0.0,0,383594.00,0.00,0.00,251,12.77,3.49,0.00,-3.1,4.998,4.998,4.998,4.998,54
2022-01-05 09:03:22,7.6,12.5,591,0.0,0.0,0,0.0,0.0,0,384185.00,0.00,0.00,236,12.77,3.28,0.00,-3.1,4.998,4.998,4.998,4.998,104
2022-01-05 09:04:22,4.3,7.4,287,0.0,0.0,0,0.0,0.0,0,384472.00,0.00,0.00,241,12.77,3.35,0.00,-3.1,4.998,4.998,4.998,4.998,118
2022-01-05 09:05:22,3.2,5.8,232,0.0,0.0,0,0.0,0.0,0,384704.00,0.00,0.00,261,12.77,3.63,0.00,-2.6,4.998,4.998,4.998,4.998,40
2022-01-05 09:06:22,12.6,13.8,483,0.0,0.0,0,0.0,0.0,0,385187.00,0.00,0.00,225,12.77,3.13,0.00,-2.6,4.998,4.998,4.998,4.998,194
2022-01-05 09:07:22,5.0,14.5,457,0.0,0.0,0,0.0,0.0,0,385644.00,0.00,0.00,248,12.81,3.44,0.00,-2.6,4.998,4.998,4.998,4.998,233
2022-01-05 09:08:22,4.2,6.8,305,0.0,0.0,0,0.0,0.0,0,385949.00,0.00,0.00,254,12.81,3.54,0.00,-2.6,4.998,4.998,4.998,4.998,203
2022-01-05 09:09:22,13.9,13.9,518,0.0,0.0,0,0.0,0.0,0,386467.00,0.00,0.00,289,12.77,4.02,0.00,-3.1,4.998,4.998,4.998,4.998,94
2022-01-05 09:10:22,7.8,14.5,543,0.0,0.0,0,0.0,0.0,0,387010.00,0.00,0.00,255,12.77,3.54,0.00,-2.6,4.998,4.998,4.998,4.998,118
2022-01-05 09:11:22,8.5,12.7,531,0.0,0.0,0,0.0,0.0,0,387541.00,0.00,0.00,253,12.77,3.52,0.00,-2.6,4.998,4.998,4.998,4.998,242
2022-01-05 09:12:22,6.2,12.8,551,0.0,0.0,0,0.0,0.0,0,388092.00,0.00,0.00,243,12.77,3.38,0.00,-3.1,4.998,4.998,4.998,4.998,242
2022-01-05 09:13:22,6.4,11.0,482,0.0,0.0,0,0.0,0.0,0,388574.00,0.00,0.00,291,12.77,4.05,0.00,-3.1,4.998,4.998,4.998,4.998,238
2022-01-05 09:14:22,6.1,10.8,459,0.0,0.0,0,0.0,0.0,0,389033.00,0.00,0.00,228,12.77,3.17,0.00,-3.1,4.998,4.998,4.998,4.998,136
2022-01-05 09:15:22,6.7,7.8,335,0.0,0.0,0,0.0,0.0,0,389368.00,0.00,0.00,257,12.77,3.57,0.00,-2.6,4.998,4.998,4.998,4.998,196
2022-01-05 09:16:22,16.9,19.0,647,0.0,0.0,0,0.0,0.0,0,390015.00,0.00,0.00,280,12.77,3.89,0.00,-2.6,4.998,4.998,4.998,4.998,21
2022-01-05 09:17:22,11.4,18.6,582,0.0,0.0,0,0.0,0.0,0,390597.00,0.00,0.00,285,12.77,3.95,0.00,-3.1,4.998,4.998,4.998,4.998,0
2022-01-05 09:18:22,11.2,17.3,631,0.0,0.0,0,0.0,0.0,0,391228.00,0.00,0.00,257,12.77,3.57,0.00,-3.1,4.998,4.998,4.998,4.998,254
2022-01-05 09:19:22,6.3,12.5,544,0.0,0.0,0,0.0,0.0,0,391772.00,0.00,0.00,248,12.77,3.44,0.00,-3.1,4.998,4.998,4.998,4.998,10
2022-01-05 09:20:22,6.4,8.1,348,0.0,0.0,0,0.0,0.0,0,392120.00,0.00,0.00,223,12.77,3.11,0.00,-3.1,4.998,4.998,4.998,4.998,50
2022-01-05 09:21:22,3.4,9.7,439,0.0,0.0,0,0.0,0.0,0,392559.00,0.00,0.00,246,12.81,3.42,0.00,-3.1,4.998,4.998,4.998,4.998,30
2022-01-05 09:22:22,6.7,12.1,355,0.0,0.0,0,0.0,0.0,0,392914.00,0.00,0.00,290,12.81,4.03,0.00,-3.1,4.998,4.998,4.998,4.998,185
2022-01-05 09:23:22,7.0,11.4,448,0.0,0.0,0,0.0,0.0,0,393362.00,0.00,0.00,243,12.81,3.38,0.00,-3.1,4.998,4.998,4.998,4.998,58
2022-01-05 09:24:22,3.7,11.1,396,0.0,0.0,0,0.0,0.0,0,393758.00,0.00,0.00,229,12.81,3.18,0.00,-2.6,4.998,4.998,4.998,4.998,144
2022-01-05 09:25:22,8.2,10.4,488,0.0,0.0,0,0.0,0.0,0,394246.00,0.00,0.00,235,12.77,3.26,0.00,-2.6,4.998,4.998,4.998,4.998,37
2022-01-05 09:26:22,10.3,12.8,560,0.0,0.0,0,0.0,0.0,0,394806.00,0.00,0.00,250,12.81,3.48,0.00,-3.1,4.998,4.998,4.998,4.998,246
2022-01-05 09:27:22,5.7,14.1,595,0.0,0.0,0,0.0,0.0,0,395401.00,0.00,0.00,254,12.77,3.53,0.00,-3.1,4.998,4.998,4.998,4.998,72
2022-01-05 09:28:22,11.5,13.5,619,0.0,0.0,0,0.0,0.0,0,396020.00,0.00,0.00,213,12.81,2.96,0.00,-2.6,4.998,4.998,4.998,4.998,66
2022-01-05 09:29:22,9.7,19.2,681,0.0,0.0,0,0.0,0.0,0,396701.00,0.00,0.00,271,12.81,3.76,0.00,-3.1,4.998,4.998,4.998,4.998,129
2022-01-05 09:30:22,7.3,12.8,543,0.0,0.0,0,0.0,0.0,0,397244.00,0.00,0.00,221,12.81,3.07,0.00,-3.1,4.998,4.998,4.998,4.998,117
2022-01-05 09:31:22,7.5,11.1,498,0.0,0.0,0,0.0,0.0,0,397742.00,0.00,0.00,254,12.81,3.54,0.00,-3.1,4.998,4.998,4.998,4.998,175
2022-01-05 09:32:22,5.7,10.6,391,0.0,0.0,0,0.0,0.0,0,398133.00,0.00,0.00,241,12.81,3.35,0.00,-3.1,4.998,4.998,4.998,4.998,179
2022-01-05 09:33:22,6.7,9.3,393,0.0,0.0,0,0.0,0.0,0,398526.00,0.00,0.00,253,12.81,3.52,0.00,-2.6,4.998,4.998,4.998,4.998,73
2022-01-05 09:34:22,7.6,11.4,435,0.0,0.0,0,0.0,0.0,0,398961.00,0.00,0.00,278,12.81,3.86,0.00,-2.6,4.998,4.998,4.998,4.998,172
2022-01-05 09:35:22,12.0,17.6,624,0.0,0.0,0,0.0,0.0,0,399585.00,0.00,0.00,274,12.81,3.81,0.00,-3.1,4.998,4.998,4.998,4.998,165
2022-01-05 09:36:22,7.9,14.9,693,0.0,0.0,0,0.0,0.0,0,400278.00,0.00,0.00,276,12.77,3.83,0.00,-2.6,4.998,4.998,4.998,4.998,252
2022-01-05 09:37:22,13.1,14.4,641,0.0,0.0,0,0.0,0.0,0,400919.00,0.00,0.00,243,12.81,3.37,0.00,-3.1,4.998,4.998,4.998,4.998,115
2022-01-05 09:38:22,9.1,16.6,720,0.0,0.0,0,0.0,0.0,0,401639.00,0.00,0.00,249,12.81,3.46,0.00,-2.6,4.998,4.998,4.998,4.998,136
2022-01-05 09:39:22,12.7,14.1,621,0.0,0.0,0,0.0,0.0,0,402260.00,0.00,0.00,262,12.77,3.64,0.00,-3.1,4.998,4.998,4.998,4.998,221
2022-01-05 09:40:22,13.0,15.2,658,0.0,0.0,0,0.0,0.0,0,402918.00,0.00,0.00,227,12.77,3.15,0.00,-3.1,4.998,4.998,4.998,4.998,227
2022-01-05 09:41:22,6.4,16.3,726,0.0,0.0,0,0.0,0.0,0,403644.00,0.00,0.00,251,12.81,3.48,0.00,-3.1,4.998,4.998,4.998,4.998,146
2022-01-05 09:42:22,6.5,11.5,455,0.0,0.0,0,0.0,0.0,0,404099.00,0.00,0.00,260,12.81,3.61,0.00,-2.6,4.998,4.998,4.998,4.998,7
2022-01-05 09:43:22,12.4,13.8,352,0.0,0.0,0,0.0,0.0,0,404451.00,0.00,0.00,230,12.81,3.20,0.00,-3.1,4.998,4.998,4.998,4.998,110
2022-01-05 09:44:22,7.7,13.7,642,0.0,0.0,0,0.0,0.0,0,405093.00,0.00,0.00,213,12.77,2.96,0.00,-3.1,4.998,4.998,4.998,4.998,99
2022-01-05 09:45:22,8.6,14.9,519,0.0,0.0,0,0.0,0.0,0,405612.00,0.00,0.00,241,12.81,3.35,0.00,-3.1,4.998,4.998,4.998,4.998,247
2022-01-05 09:46:22,4.8,12.4,529,0.0,0.0,0,0.0,0.0,0,406141.00,0.00,0.00,274,12.81,3.81,0.00,-2.6,4.998,4.998,4.998,4.998,85
2022-01-05 09:47:22,8.5,8.9,316,0.0,0.0,0,0.0,0.0,0,406457.00,0.00,0.00,298,12.81,4.14,0.00,-3.1,4.998,4.998,4.998,4.998,164
2022-01-05 09:48:22,7.5,11.6,455,0.0,0.0,0,0.0,0.0,0,406912.00,0.00,0.00,252,12.81,3.51,0.00,-3.1,4.998,4.998,4.998,4.998,5
2022-01-05 09:49:22,5.7,11.9,494,0.0,0.0,0,0.0,0.0,0,407406.00,0.00,0.00,251,12.81,3.49,0.00,-3.1,4.998,4.998,4.998,4.998,116
2022-01-05 09:50:22,10.7,14.3,607,0.0,0.0,0,0.0,0.0,0,408013.00,0.00,0.00,239,12.81,3.32,0.00,-2.6,4.998,4.998,4.998,4.998,101
2022-01-05 09:51:22,9.4,14.1,600,0.0,0.0,0,0.0,0.0,0,408613.00,0.00,0.00,261,12.85,3.63,0.00,-2.6,4.998,4.998,4.998,4.998,254
2022-01-05 09:52:22,13.7,18.6,592,0.0,0.0,0,0.0,0.0,0,409205.00,0.00,0.00,237,12.85,3.30,0.00,-3.1,4.998,4.998,4.998,4.998,151
2022-01-05 09:53:22,8.2,17.9,825,0.0,0.0,0,0.0,0.0,0,410030.00,0.00,0.00,233,12.85,3.23,0.00,-2.6,4.998,4.998,4.998,4.998,182
2022-01-05 09:54:22,6.7,16.2,678,0.0,0.0,0,0.0,0.0,0,410708.00,0.00,0.00,265,12.85,3.69,0.00,-3.1,4.998,4.998,4.998,4.998,209
2022-01-05 09:55:22,6.1,15.4,556,0.0,0.0,0,0.0,0.0,0,411264.00,0.00,0.00,251,12.85,3.49,0.00,-3.1,4.998,4.998,4.998,4.998,66
2022-01-05 09:56:22,9.4,15.7,591,0.0,0.0,0,0.0,0.0,0,411855.00,0.00,0.00,249,12.89,3.47,0.00,-2.6,4.998,4.998,4.998,4.998,155
2022-01-05 09:57:22,5.2,10.6,439,0.0,0.0,0,0.0,0.0,0,412294.00,0.00,0.00,235,12.89,3.27,0.00,-2.6,4.998,4.998,4.998,4.998,188
2022-01-05 09:58:22,12.2,18.9,619,0.0,0.0,0,0.0,0.0,0,412913.00,0.00,0.00,255,12.89,3.55,0.00,-3.1,4.998,4.998,4.998,4.998,1
2022-01-05 09:59:22,9.2,16.0,705,0.0,0.0,0,0.0,0.0,0,413618.00,0.00,0.00,250,12.92,3.48,0.00,-3.1,4.998,4.998,4.998,4.998,8
2022-01-05 10:00:22,11.2,15.4,563,0.0,0.0,0,0.0,0.0,0,414181.00,0.00,0.00,260,12.92,3.61,0.00,-3.1,4.998,4.998,4.998,4.998,70
2022-01-05 10:01:22,10.7,17.3,803,0.0,0.0,0,0.0,0.0,0,414984.00,0.00,0.00,277,12.96,3.85,0.00,-2.6,4.998,4.998,4.998,4.998,225
2022-01-05 10:02:22,6.8,14.8,628,0.0,0.0,0,0.0,0.0,0,415612.00,0.00,0.00,238,12.92,3.30,0.00,-2.6,4.998,4.998,4.998,4.998,158
2022-01-05 10:03:22,6.9,20.0,624,0.0,0.0,0,0.0,0.0,0,416236.00,0.00,0.00,264,12.96,3.67,0.00,-3.1,4.998,4.998,4.998,4.998,201
2022-01-05 10:04:22,7.5,14.6,602,0.0,0.0,0,0.0,0.0,0,416838.00,0.00,0.00,250,12.96,3.47,0.00,-3.1,4.998,4.998,4.998,4.998,171
2022-01-05 10:05:22,6.4,12.9,604,0.0,0.0,0,0.0,0.0,0,417442.00,0.00,0.00,268,12.96,3.72,0.00,-2.6,4.998,4.998,4.998,4.998,152
2022-01-05 10:06:22,5.4,12.6,483,0.0,0.0,0,0.0,0.0,0,417925.00,0.00,0.00,228,12.96,3.17,0.00,-3.1,4.998,4.998,4.998,4.998,103
2022-01-05 10:07:22,11.3,22.6,833,0.0,0.0,0,0.0,0.0,0,418758.00,0.00,0.00,221,12.96,3.08,0.00,-3.1,4.998,4.998,4.998,4.998,177
2022-01-05 10:08:22,6.8,13.7,555,0.0,0.0,0,0.0,0.0,0,419313.00,0.00,0.00,304,13.00,4.23,0.00,-3.1,4.998,4.998,4.998,4.998,198
2022-01-05 10:09:22,12.5,17.9,656,0.0,0.0,0,0.0,0.0,0,419969.00,0.00,0.00,228,13.00,3.16,0.00,-2.6,4.998,4.998,4.998,4.998,60
2022-01-05 10:10:22,7.2,16.2,693,0.0,0.0,0,0.0,0.0,0,420662.00,0.00,0.00,244,13.00,3.39,0.00,-2.6,4.998,4.998,4.998,4.998,181
2022-01-05 10:11:22,7.2,20.1,712,0.0,0.0,0,0.0,0.0,0,421374.00,0.00,0.00,245,13.00,3.40,0.00,-2.6,4.998,4.998,4.998,4.998,224
2022-01-05 10:12:22,10.3,19.3,851,0.0,0.0,0,0.0,0.0,0,422225.00,0.00,0.00,223,12.96,3.11,0.00,-3.1,4.998,4.998,4.998,4.998,60
2022-01-05 10:13:22,5.4,18.2,662,0.0,0.0,0,0.0,0.0,0,422887.00,0.00,0.00,286,12.96,3.97,0.00,-2.6,4.998,4.998,4.998,4.998,5
2022-01-05 10:14:22,7.7,18.5,635,0.0,0.0,0,0.0,0.0,0,423522.00,0.00,0.00,254,12.96,3.53,0.00,-3.1,4.998,4.998,4.998,4.998,98
2022-01-05 10:15:22,8.9,14.9,676,0.0,0.0,0,0.0,0.0,0,424198.00,0.00,0.00,242,12.96,3.36,0.00,-3.1,4.998,4.998,4.998,4.998,207
2022-01-05 10:16:22,9.0,15.9,590,0.0,0.0,0,0.0,0.0,0,424788.00,0.00,0.00,242,12.96,3.36,0.00,-3.1,4.998,4.998,4.998,4.998,114
2022-01-05 10:17:22,2.7,10.5,434,0.0,0.0,0,0.0,0.0,0,425222.00,0.00,0.00,272,12.96,3.78,0.00,-3.1,4.998,4.998,4.998,4.998,85
2022-01-05 10:18:22,10.4,19.9,707,0.0,0.0,0,0.0,0.0,0,425929.00,0.00,0.00,227,12.92,3.15,0.00,-3.1,4.998,4.998,4.998,4.998,111
2022-01-05 10:19:22,8.4,11.3,493,0.0,0.0,0,0.0,0.0,0,426422.00,0.00,0.00,251,12.92,3.49,0.00,-3.1,4.998,4.998,4.998,4.998,101
2022-01-05 10:20:22,10.5,16.7,734,0.0,0.0,0,0.0,0.0,0,427156.00,0.00,0.00,249,12.96,3.47,0.00,-3.6,4.998,4.998,4.998,4.998,135
2022-01-05 10:21:22,6.2,12.4,569,0.0,0.0,0,0.0,0.0,0,427725.00,0.00,0.00,254,12.96,3.54,0.00,-3.6,4.998,4.998,4.998,4.998,150
2022-01-05 10:22:22,6.2,10.4,495,0.0,0.0,0,0.0,0.0,0,428220.00,0.00,0.00,235,12.92,3.26,0.00,-3.1,4.998,4.998,4.998,4.998,124
2022-01-05 10:23:22,8.2,13.0,397,0.0,0.0,0,0.0,0.0,0,428617.00,0.00,0.00,210,12.92,2.92,0.00,-3.6,4.998,4.998,4.998,4.998,173
2022-01-05 10:24:22,8.5,11.6,599,0.0,0.0,0,0.0,0.0,0,429216.00,0.00,0.00,257,12.92,3.57,0.00,-3.6,4.998,4.998,4.998,4.998,151
2022-01-05 10:25:22,5.7,8.7,372,0.0,0.0,0,0.0,0.0,0,429588.00,0.00,0.00,249,12.89,3.46,0.00,-3.6,4.998,4.998,4.998,4.998,92
2022-01-05 10:26:22,7.4,14.5,508,0.0,0.0,0,0.0,0.0,0,430096.00,0.00,0.00,287,12.92,3.99,0.00,-3.6,4.998,4.998,4.998,4.998,133
2022-01-05 10:27:22,9.0,10.7,491,0.0,0.0,0,0.0,0.0,0,430587.00,0.00,0.00,255,12.92,3.54,0.00,-3.6,4.998,4.998,4.998,4.998,30
2022-01-05 10:28:22,9.9,14.6,483,0.0,0.0,0,0.0,0.0,0,431070.00,0.00,0.00,285,12.92,3.96,0.00,-3.6,4.998,4.998,4.998,4.998,66
2022-01-05 10:29:22,10.1,14.4,698,0.0,0.0,0,0.0,0.0,0,431768.00,0.00,0.00,274,12.92,3.80,0.00,-3.6,4.998,4.998,4.998,4.998,120
2022-01-05 10:30:22,11.9,13.4,604,0.0,0.0,0,0.0,0.0,0,432372.00,0.00,0.00,251,12.92,3.49,0.00,-3.6,4.998,4.998,4.998,4.998,88
2022-01-05 10:31:22,7.9,15.0,650,0.0,0.0,0,0.0,0.0,0,433022.00,0.00,0.00,247,12.96,3.43,0.00,-3.6,4.998,4.998,4.998,4.998,135
2022-01-05 10:32:22,10.8,13.0,582,0.0,0.0,0,0.0,0.0,0,433604.00,0.00,0.00,251,12.96,3.48,0.00,-3.1,4.998,4.998,4.998,4.998,248
2022-01-05 10:33:22,8.3,14.2,678,0.0,0.0,0,0.0,0.0,0,434282.00,0.00,0.00,246,12.96,3.41,0.00,-3.6,4.998,4.998,4.998,4.998,140
2022-01-05 10:34:22,7.2,11.0,479,0.0,0.0,0,0.0,0.0,0,434761.00,0.00,0.00,225,12.96,3.12,0.00,-3.6,4.998,4.998,4.998,4.998,55
2022-01-05 10:35:22,6.0,12.1,414,0.0,0.0,0,0.0,0.0,0,435175.00,0.00,0.00,250,13.00,3.48,0.00,-3.1,4.998,4.998,4.998,4.998,86
2022-01-05 10:36:22,6.0,13.7,466,0.0,0.0,0,0.0,0.0,0,435641.00,0.00,0.00,234,13.00,3.25,0.00,-3.1,4.998,4.998,4.998,4.998,242
2022-01-05 10:37:22,9.4,12.3,577,0.0,0.0,0,0.0,0.0,0,436218.00,0.00,0.00,264,13.00,3.67,0.00,-3.6,4.998,4.998,4.998,4.998,147
2022-01-05 10:38:22,12.4,15.6,641,0.0,0.0,0,0.0,0.0,0,436859.00,0.00,0.00,243,13.04,3.38,0.00,-3.1,4.998,4.998,4.998,4.998,242
2022-01-05 10:39:22,10.6,19.3,836,0.0,0.0,0,0.0,0.0,0,437695.00,0.00,0.00,236,13.04,3.28,0.00,-3.1,4.998,4.998,4.998,4.998,167
2022-01-05 10:40:22,5.7,11.4,492,0.0,0.0,0,0.0,0.0,0,438187.00,0.00,0.00,245,13.08,3.41,0.00,-3.6,4.998,4.998,4.998,4.998,123
2022-01-05 10:41:22,6.8,9.7,368,0.0,0.0,0,0.0,0.0,0,438555.00,0.00,0.00,252,13.08,3.50,0.00,-3.1,4.998,4.998,4.998,4.998,15
2022-01-05 10:42:22,7.6,10.1,441,0.0,0.0,0,0.0,0.0,0,438996.00,0.00,0.00,226,13.12,3.13,0.00,-3.6,4.998,4.998,4.998,4.998,216
2022-01-05 10:43:22,7.9,13.4,511,0.0,0.0,0,0.0,0.0,0,439507.00,0.00,0.00,256,13.12,3.56,0.00,-3.1,4.998,4.998,4.998,4.998,22
2022-01-05 10:44:22,7.5,10.3,495,0.0,0.0,0,0.0,0.0,0,440002.00,0.00,0.00,261,13.16,3.63,0.00,-3.6,4.998,4.998,4.998,4.998,240
2022-01-05 10:45:22,11.7,20.4,817,0.0,0.0,0,0.0,0.0,0,440819.00,0.00,0.00,221,13.16,3.07,0.00,-3.1,4.998,4.998,4.998,4.998,129
2022-01-05 10:46:22,12.6,17.2,850,0.0,0.0,0,0.0,0.0,0,441669.00,0.00,0.00,246,13.16,3.42,0.00,-3.6,4.998,4.998,4.998,4.998,226
2022-01-05 10:47:22,8.5,12.1,556,0.0,0.0,0,0.0,0.0,0,442225.00,0.00,0.00,220,13.16,3.05,0.00,-3.1,4.998,4.998,4.998,4.998,197
2022-01-05 10:48:22,6.0,13.0,490,0.0,0.0,0,0.0,0.0,0,442715.00,0.00,0.00,255,13.16,3.55,0.00,-3.1,4.998,4.998,4.998,4.998,239
2022-01-05 10:49:22,12.9,17.2,565,0.0,0.0,0,0.0,0.0,0,443280.00,0.00,0.00,261,13.20,3.62,0.00,-3.1,4.998,4.998,4.998,4.998,192
2022-01-05 10:50:22,8.4,14.8,655,0.0,0.0,0,0.0,0.0,0,443935.00,0.00,0.00,230,13.20,3.20,0.00,-3.1,4.998,4.998,4.998,4.998,30
2022-01-05 10:51:22,13.1,16.0,584,0.0,0.0,0,0.0,0.0,0,444519.00,0.00,0.00,244,13.20,3.39,0.00,-3.1,4.998,4.998,4.998,4.998,166
2022-01-05 10:52:22,15.1,18.2,701,0.0,0.0,0,0.0,0.0,0,445220.00,0.00,0.00,247,13.20,3.44,0.00,-3.6,4.998,4.998,4.998,4.998,206
2022-01-05 10:53:22,11.3,18.1,857,0.0,0.0,0,0.0,0.0,0,446077.00,0.00,0.00,251,13.24,3.48,0.00,-3.6,4.998,4.998,4.998,4.998,23
2022-01-05 10:54:22,8.6,16.6,661,0.0,0.0,0,0.0,0.0,0,446738.00,0.00,0.00,241,13.28,3.35,0.00,-3.1,4.998,4.998,4.998,4.998,191
2022-01-05 10:55:22,17.8,19.2,780,0.0,0.0,0,0.0,0.0,0,447518.00,0.00,0.00,238,13.24,3.31,0.00,-3.1,4.998,4.998,4.998,4.998,28
2022-01-05 10:56:22,13.2,19.4,784,0.0,0.0,0,0.0,0.0,0,448302.00,0.00,0.00,235,13.28,3.27,0.00,-3.6,4.998,4.998,4.998,4.998,151
2022-01-05 10:57:22,13.3,18.6,834,0.0,0.0,0,0.0,0.0,0,449136.00,0.00,0.00,251,13.28,3.49,0.00,-3.1,4.998,4.998,4.998,4.998,245
2022-01-05 10:58:22,9.1,14.9,703,0.0,0.0,0,0.0,0.0,0,449839.00,0.00,0.00,256,13.28,3.56,0.00,-3.1,4.998,4.998,4.998,4.998,16
2022-01-05 10:59:22,11.2,14.3,618,0.0,0.0,0,0.0,0.0,0,450457.00,0.00,0.00,221,13.32,3.08,0.00,-3.6,4.998,4.998,4.998,4.998,190
2022-01-05 11:00:22,10.3,16.6,747,0.0,0.0,0,0.0,0.0,0,451204.00,0.00,0.00,257,13.32,3.57,0.00,-3.1,4.998,4.998,4.998,4.998,235
2022-01-05 11:01:22,10.2,16.4,690,0.0,0.0,0,0.0,0.0,0,451894.00,0.00,0.00,270,13.32,3.75,0.00,-3.6,4.998,4.998,4.998,4.998,208
2022-01-05 11:02:22,5.6,16.4,551,0.0,0.0,0,0.0,0.0,0,452445.00,0.00,0.00,259,13.32,3.60,0.00,-3.1,4.998,4.998,4.998,4.998,49
2022-01-05 11:03:22,8.6,14.5,602,0.0,0.0,0,0.0,0.0,0,453047.00,0.00,0.00,231,13.32,3.21,0.00,-3.1,4.998,4.998,4.998,4.998,205
2022-01-05 11:04:22,7.3,12.1,508,0.0,0.0,0,0.0,0.0,0,453555.00,0.00,0.00,212,13.35,2.95,0.00,-3.1,4.998,4.998,4.998,4.998,89
2022-01-05 11:05:22,13.6,20.8,510,0.0,0.0,0,0.0,0.0,0,454065.00,0.00,0.00,251,13.39,3.49,0.00,-3.1,4.998,4.998,4.998,4.998,58
2022-01-05 11:06:22,10.6,14.3,635,0.0,0.0,0,0.0,0.0,0,454700.00,0.00,0.00,236,13.39,3.29,0.00,-3.1,4.998,4.998,4.998,4.998,44
2022-01-05 11:07:22,10.0,16.3,720,0.0,0.0,0,0.0,0.0,0,455420.00,0.00,0.00,233,13.43,3.23,0.00,-3.1,4.998,4.998,4.998,4.998,225
2022-01-05 11:08:22,6.9,18.8,713,0.0,0.0,0,0.0,0.0,0,456133.00,0.00,0.00,249,13.39,3.46,0.00,-3.1,4.998,4.998,4.998,4.998,75
2022-01-05 11:09:22,6.5,9.8,450,0.0,0.0,0,0.0,0.0,0,456583.00,0.00,0.00,231,13.43,3.21,0.00,-3.1,4.998,4.998,4.998,4.998,166
2022-01-05 11:10:22,11.1,13.9,407,0.0,0.0,0,0.0,0.0,0,456990.00,0.00,0.00,212,13.43,2.94,0.00,-2.6,4.998,4.998,4.998,4.998,37
2022-01-05 11:11:22,3.7,11.6,363,0.0,0.0,0,0.0,0.0,0,457353.00,0.00,0.00,232,13.43,3.22,0.00,-3.1,4.998,4.998,4.998,4.998,211
2022-01-05 11:12:22,10.6,13.7,304,0.0,0.0,0,0.0,0.0,0,457657.00,0.00,0.00,247,13.43,3.44,0.00,-2.6,4.998,4.998,4.998,4.998,57
2022-01-05 11:13:22,6.3,14.8,569,0.0,0.0,0,0.0,0.0,0,458226.00,0.00,0.00,294,13.47,4.08,0.00,-2.6,4.998,4.998,4.998,4.998,186
2022-01-05 11:14:22,10.8,12.2,558,0.0,0.0,0,0.0,0.0,0,458784.00,0.00,0.00,241,13.47,3.35,0.00,-2.6,4.998,4.998,4.998,4.998,47
2022-01-05 11:15:22,5.4,12.1,478,0.0,0.0,0,0.0,0.0,0,459262.00,0.00,0.00,225,13.51,3.12,0.00,-3.1,4.998,4.998,4.998,4.998,133
2022-01-05 11:16:22,3.5,10.5,345,0.0,0.0,0,0.0,0.0,0,459607.00,0.00,0.00,243,13.55,3.37,0.00,-2.6,4.998,4.998,4.998,4.998,173
2022-01-05 11:17:22,7.3,15.2,598,0.0,0.0,0,0.0,0.0,0,460205.00,0.00,0.00,176,13.55,2.45,0.00,-3.1,4.998,4.998,4.998,4.998,121
2022-01-05 11:18:22,7.9,10.6,414,0.0,0.0,0,0.0,0.0,0,460619.00,0.00,0.00,239,13.59,3.32,0.00,-2.6,4.998,4.998,4.998,4.998,80
2022-01-05 11:19:22,6.0,12.4,577,0.0,0.0,0,0.0,0.0,0,461196.00,0.00,0.00,223,13.59,3.11,0.00,-2.6,4.998,4.998,4.998,4.998,147
2022-01-05 11:20:22,6.6,7.9,405,0.0,0.0,0,0.0,0.0,0,461601.00,0.00,0.00,241,13.63,3.35,0.00,-2.6,4.998,4.998,4.998,4.998,72
2022-01-05 11:21:22,6.5,12.4,519,0.0,0.0,0,0.0,0.0,0,462120.00,0.00,0.00,229,13.63,3.18,0.00,-2.6,4.998,4.998,4.998,4.998,193
2022-01-05 11:22:22,6.7,11.3,467,0.0,0.0,0,0.0,0.0,0,462587.00,0.00,0.00,248,13.63,3.44,0.00,-2.6,4.998,4.998,4.998,4.998,148
2022-01-05 11:23:22,10.7,14.1,561,0.0,0.0,0,0.0,0.0,0,463148.00,0.00,0.00,244,13.63,3.39,0.00,-2.6,4.998,4.998,4.998,4.998,213
2022-01-05 11:24:22,6.9,13.3,516,0.0,0.0,0,0.0,0.0,0,463664.00,0.00,0.00,253,13.63,3.51,0.00,-2.6,4.998,4.998,4.998,4.998,79
2022-01-05 11:25:22,7.5,10.2,432,0.0,0.0,0,0.0,0.0,0,464096.00,0.00,0.00,231,13.63,3.21,0.00,-2.6,4.998,4.998,4.998,4.998,191
2022-01-05 11:26:22,4.1,9.1,368,0.0,0.0,0,0.0,0.0,0,464464.00,0.00,0.00,240,13.63,3.34,0.00,-2.6,4.998,4.998,4.998,4.998,244
2022-01-05 11:27:22,9.5,13.4,479,0.0,0.0,0,0.0,0.0,0,464943.00,0.00,0.00,208,13.63,2.90,0.00,-2.6,4.998,4.998,4.998,4.998,185
2022-01-05 11:28:22,3.9,10.6,480,0.0,0.0,0,0.0,0.0,0,465423.00,0.00,0.00,217,13.67,3.02,0.00,-2.6,4.998,4.998,4.998,4.998,163
2022-01-05 11:29:22,5.8,7.4,279,0.0,0.0,0,0.0,0.0,0,465702.00,0.00,0.00,217,13.67,3.02,0.00,-2.1,4.998,4.998,4.998,4.998,27
2022-01-05 11:30:22,3.7,8.9,356,0.0,0.0,0,0.0,0.0,0,466058.00,0.00,0.00,255,13.71,3.54,0.00,-2.6,4.998,4.998,4.998,4.998,134
2022-01-05 11:31:22,7.6,7.8,299,0.0,0.0,0,0.0,0.0,0,466357.00,0.00,0.00,236,13.74,3.28,0.00,-2.1,4.998,4.998,4.998,4.998,190
2022-01-05 11:32:22,7.3,9.5,377,0.0,0.0,0,0.0,0.0,0,466734.00,0.00,0.00,260,13.78,3.61,0.00,-2.1,4.998,4.998,4.998,4.998,248
2022-01-05 11:33:22,10.5,12.1,517,0.0,0.0,0,0.0,0.0,0,467251.00,0.00,0.00,239,13.82,3.32,0.00,-2.1,4.998,4.998,4.998,4.998,57
2022-01-05 11:34:22,11.5,15.3,674,0.0,0.0,0,0.0,0.0,0,467925.00,0.00,0.00,242,13.82,3.36,0.00,-2.6,4.998,4.998,4.998,4.998,42
2022-01-05 11:35:22,3.9,10.9,387,0.0,0.0,0,0.0,0.0,0,468312.00,0.00,0.00,215,13.78,2.99,0.00,-2.6,4.998,4.998,4.998,4.998,213
2022-01-05 11:36:22,11.1,12.4,447,0.0,0.0,0,0.0,0.0,0,468759.00,0.00,0.00,273,13.82,3.79,0.00,-2.1,4.998,4.998,4.998,4.998,100
2022-01-05 11:37:22,13.3,13.4,574,0.0,0.0,0,0.0,0.0,0,469333.00,0.00,0.00,233,13.82,3.24,0.00,-2.6,4.998,4.998,4.998,4.998,21
2022-01-05 11:38:22,9.3,14.7,649,0.0,0.0,0,0.0,0.0,0,469982.00,0.00,0.00,227,13.82,3.15,0.00,-2.6,4.998,4.998,4.998,4.998,213
2022-01-05 11:39:22,7.4,12.1,517,0.0,0.0,0,0.0,0.0,0,470499.00,0.00,0.00,231,13.86,3.21,0.00,-2.6,4.998,4.998,4.998,4.998,86
2022-01-05 11:40:22,5.9,12.0,495,0.0,0.0,0,0.0,0.0,0,470994.00,0.00,0.00,262,13.90,3.64,0.00,-2.6,4.998,4.998,4.998,4.998,19
2022-01-05 11:41:22,5.7,9.5,431,0.0,0.0,0,0.0,0.0,0,471425.00,0.00,0.00,234,13.94,3.25,0.00,-2.6,4.998,4.998,4.998,4.998,248
2022-01-05 11:42:22,8.4,13.8,468,0.0,0.0,0,0.0,0.0,0,471893.00,0.00,0.00,309,13.94,4.30,0.00,-2.6,4.998,4.998,4.998,4.998,14
2022-01-05 11:43:22,4.9,12.9,449,0.0,0.0,0,0.0,0.0,0,472342.00,0.00,0.00,245,13.98,3.40,0.00,-2.1,4.998,4.998,4.998,4.998,74
2022-01-05 11:44:22,4.8,9.3,394,0.0,0.0,0,0.0,0.0,0,472736.00,0.00,0.00,242,13.98,3.36,0.00,-2.1,4.998,4.998,4.998,4.998,182
2022-01-05 11:45:22,7.5,12.6,472,0.0,0.0,0,0.0,0.0,0,473208.00,0.00,0.00,255,14.02,3.55,0.00,-2.1,4.998,4.998,4.998,4.998,114
2022-01-05 11:46:22,7.9,12.3,516,0.0,0.0,0,0.0,0.0,0,473724.00,0.00,0.00,227,14.06,3.15,0.00,-2.1,4.998,4.998,4.998,4.998,82
2022-01-05 11:47:22,12.7,14.7,452,0.0,0.0,0,0.0,0.0,0,474176.00,0.00,0.00,228,14.10,3.17,0.00,-2.1,4.998,4.998,4.998,4.998,129
2022-01-05 11:48:22,13.2,18.6,715,0.0,0.0,0,0.0,0.0,0,474891.00,0.00,0.00,258,14.10,3.58,0.00,-2.1,4.998,4.998,4.998,4.998,106
2022-01-05 11:49:22,7.0,12.9,590,0.0,0.0,0,0.0,0.0,0,475481.00,0.00,0.00,245,14.06,3.41,0.00,-2.1,4.998,4.998,4.998,4.998,235
2022-01-05 11:50:22,12.4,13.7,649,0.0,0.0,0,0.0,0.0,0,476130.00,0.00,0.00,270,14.06,3.74,0.00,-2.1,4.998,4.998,4.998,4.998,86
2022-01-05 11:51:22,6.7,13.1,579,0.0,0.0,0,0.0,0.0,0,476709.00,0.00,0.00,256,14.06,3.55,0.00,-2.1,4.998,4.998,4.998,4.998,106
2022-01-05 11:52:22,5.8,9.2,354,0.0,0.0,0,0.0,0.0,0,477063.00,0.00,0.00,231,14.06,3.21,0.00,-2.1,4.998,4.998,4.998,4.998,149
2022-01-05 11:53:22,8.9,14.1,635,0.0,0.0,0,0.0,0.0,0,477698.00,0.00,0.00,242,14.02,3.36,0.00,-2.1,4.998,4.998,4.998,4.998,110
2022-01-05 11:54:22,11.0,12.6,613,0.0,0.0,0,0.0,0.0,0,478311.00,0.00,0.00,248,14.02,3.45,0.00,-2.1,4.998,4.998,4.998,4.998,194
2022-01-05 11:55:22,7.9,13.5,592,0.0,0.0,0,0.0,0.0,0,478903.00,0.00,0.00,188,14.06,2.61,0.00,-2.1,4.998,4.998,4.998,4.998,175
2022-01-05 11:56:22,5.1,13.2,570,0.0,0.0,0,0.0,0.0,0,479473.00,0.00,0.00,220,14.14,3.06,0.00,-2.1,4.998,4.998,4.998,4.998,194
2022-01-05 11:57:22,7.6,8.0,312,0.0,0.0,0,0.0,0.0,0,479785.00,0.00,0.00,227,14.21,3.15,0.00,-1.6,4.998,4.998,4.998,4.998,167
2022-01-05 11:58:22,9.4,12.8,542,0.0,0.0,0,0.0,0.0,0,480327.00,0.00,0.00,225,14.25,3.13,0.00,-1.6,4.998,4.998,4.998,4.998,4
2022-01-05 11:59:22,9.7,15.3,653,0.0,0.0,0,0.0,0.0,0,480980.00,0.00,0.00,219,14.33,3.05,0.00,-1.6,4.998,4.998,4.998,4.998,230
2022-01-05 12:00:22,9.1,16.8,664,0.0,0.0,0,0.0,0.0,0,481644.00,0.00,0.00,280,14.33,3.89,0.00,-2.1,4.998,4.998,4.998,4.998,26
2022-01-05 12:01:22,7.8,14.1,594,0.0,0.0,0,0.0,0.0,0,482238.00,0.00,0.00,292,14.37,4.05,0.00,-2.1,4.998,4.998,4.998,4.998,234
2022-01-05 12:02:22,8.4,16.1,724,0.0,0.0,0,0.0,0.0,0,482962.00,0.00,0.00,272,14.45,3.78,0.00,-2.1,4.998,4.998,4.998,4.998,76
2022-01-05 12:03:22,3.6,10.8,393,0.0,0.0,0,0.0,0.0,0,483355.00,0.00,0.00,259,14.53,3.60,0.00,-2.1,4.998,4.998,4.998,4.998,238
2022-01-05 12:04:22,13.5,15.3,359,0.0,0.0,0,0.0,0.0,0,483714.00,0.00,0.00,264,14.53,3.67,0.00,-1.6,4.998,4.998,4.998,4.998,21
2022-01-05 12:05:22,6.3,14.3,598,0.0,0.0,0,0.0,0.0,0,484312.00,0.00,0.00,237,14.60,3.29,0.00,-1.6,4.998,4.998,4.998,4.998,38
2022-01-05 12:06:22,6.7,17.0,548,0.0,0.0,0,0.0,0.0,0,484860.00,0.00,0.00,248,14.60,3.45,0.00,-1.6,4.998,4.998,4.998,4.998,200
2022-01-05 12:07:22,11.2,12.6,462,0.0,0.0,0,0.0,0.0,0,485322.00,0.00,0.00,251,14.57,3.49,0.00,-1.6,4.998,4.998,4.998,4.998,33
2022-01-05 12:08:22,8.6,15.9,671,0.0,0.0,0,0.0,0.0,0,485993.00,0.00,0.00,309,14.57,4.29,0.00,-1.6,4.998,4.998,4.998,4.998,57
2022-01-05 12:09:22,10.9,15.6,719,0.0,0.0,0,0.0,0.0,0,486712.00,0.00,0.00,281,14.57,3.91,0.00,-1.6,4.998,4.998,4.998,4.998,150
2022-01-05 12:10:22,9.0,13.6,595,0.0,0.0,0,0.0,0.0,0,487307.00,0.00,0.00,238,14.57,3.31,0.00,-1.6,4.998,4.998,4.998,4.998,58
2022-01-05 12:11:22,7.6,9.8,381,0.0,0.0,0,0.0,0.0,0,487688.00,0.00,0.00,240,14.57,3.33,0.00,-1.6,4.998,4.998,4.998,4.998,198
2022-01-05 12:12:22,10.4,16.9,569,0.0,0.0,0,0.0,0.0,0,488257.00,0.00,0.00,212,14.60,2.95,0.00,-1.6,4.998,4.998,4.998,4.998,58
2022-01-05 12:13:22,9.0,17.0,670,0.0,0.0,0,0.0,0.0,0,488927.00,0.00,0.00,241,14.57,3.35,0.00,-1.6,4.998,4.998,4.998,4.998,61
2022-01-05 12:14:22,8.0,16.0,638,0.0,0.0,0,0.0,0.0,0,489565.00,0.00,0.00,269,14.57,3.74,0.00,-1.6,4.998,4.998,4.998,4.998,242
2022-01-05 12:15:22,11.3,11.3,516,0.0,0.0,0,0.0,0.0,0,490081.00,0.00,0.00,194,14.57,2.69,0.00,-1.1,4.998,4.998,4.998,4.998,237
2022-01-05 12:16:22,8.9,11.0,520,0.0,0.0,0,0.0,0.0,0,490601.00,0.00,0.00,219,14.57,3.04,0.00,-1.6,4.998,4.998,4.998,4.998,124
2022-01-05 12:17:22,10.3,13.6,517,0.0,0.0,0,0.0,0.0,0,491118.00,0.00,0.00,238,14.57,3.31,0.00,-1.6,4.998,4.998,4.998,4.998,251
2022-01-05 12:18:22,12.1,18.2,815,0.0,0.0,0,0.0,0.0,0,491933.00,0.00,0.00,228,14.57,3.16,0.00,-2.1,4.998,4.998,4.998,4.998,159
2022-01-05 12:19:22,14.5,15.7,698,0.0,0.0,0,0.0,0.0,0,492631.00,0.00,0.00,248,14.57,3.45,0.00,-2.1,4.998,4.998,4.998,4.998,167
2022-01-05 12:20:22,12.0,17.8,791,0.0,0.0,0,0.0,0.0,0,493422.00,0.00,0.00,246,14.57,3.41,0.00,-2.1,4.998,4.998,4.998,4.998,12
2022-01-05 12:21:22,8.8,19.9,831,0.0,0.0,0,0.0,0.0,0,494253.00,0.00,0.00,236,14.60,3.29,0.00,-2.1,4.998,4.998,4.998,4.998,241
2022-01-05 12:22:22,6.9,18.0,625,0.0,0.0,0,0.0,0.0,0,494878.00,0.00,0.00,271,14.57,3.76,0.00,-2.1,4.998,4.998,4.998,4.998,66
2022-01-05 12:23:22,15.1,16.3,693,0.0,0.0,0,0.0,0.0,0,495571.00,0.00,0.00,253,14.49,3.51,0.00,-1.6,4.998,4.998,4.998,4.998,119
2022-01-05 12:24:22,11.9,20.7,714,0.0,0.0,0,0.0,0.0,0,496285.00,0.00,0.00,248,14.49,3.44,0.00,-2.1,4.998,4.998,4.998,4.998,61
2022-01-05 12:25:22,14.2,16.8,735,0.0,0.0,0,0.0,0.0,0,497020.00,0.00,0.00,193,14.45,2.68,0.00,-2.1,4.998,4.998,4.998,4.998,21
2022-01-05 12:26:22,7.4,15.7,573,0.0,0.0,0,0.0,0.0,0,497593.00,0.00,0.00,245,14.41,3.40,0.00,-2.1,4.998,4.998,4.998,4.998,85
2022-01-05 12:27:22,5.6,11.8,519,0.0,0.0,0,0.0,0.0,0,498112.00,0.00,0.00,239,14.37,3.32,0.00,-1.6,4.998,4.998,4.998,4.998,197
2022-01-05 12:28:22,11.3,14.5,647,0.0,0.0,0,0.0,0.0,0,498759.00,0.00,0.00,231,14.33,3.21,0.00,-2.1,4.998,4.998,4.998,4.998,83
2022-01-05 12:29:22,16.3,17.9,783,0.0,0.0,0,0.0,0.0,0,499542.00,0.00,0.00,256,14.21,3.56,0.00,-1.6,4.998,4.998,4.998,4.998,195
2022-01-05 12:30:22,5.7,17.2,638,0.0,0.0,0,0.0,0.0,0,500180.00,0.00,0.00,225,14.17,3.13,0.00,-2.1,4.998,4.998,4.998,4.998,138
2022-01-05 12:31:22,12.0,13.8,517,0.0,0.0,0,0.0,0.0,0,500697.00,0.00,0.00,259,14.17,3.59,0.00,-2.1,4.998,4.998,4.998,4.998,249
2022-01-05 12:32:22,11.6,15.6,598,0.0,0.0,0,0.0,0.0,0,501295.00,0.00,0.00,242,14.14,3.36,0.00,-2.1,4.998,4.998,4.998,4.998,11
2022-01-05 12:33:22,5.4,15.7,647,0.0,0.0,0,0.0,0.0,0,501942.00,0.00,0.00,272,14.17,3.78,0.00,-2.1,4.998,4.998,4.998,4.998,215
2022-01-05 12:34:22,6.7,11.8,518,0.0,0.0,0,0.0,0.0,0,502460.00,0.00,0.00,284,14.21,3.94,0.00,-1.6,4.998,4.998,4.998,4.998,214
2022-01-05 12:35:22,6.4,12.3,466,0.0,0.0,0,0.0,0.0,0,502926.00,0.00,0.00,231,14.17,3.21,0.00,-1.6,4.998,4.998,4.998,4.998,197
2022-01-05 12:36:22,3.7,11.4,351,0.0,0.0,0,0.0,0.0,0,503277.00,0.00,0.00,257,14.14,3.57,0.00,-1.6,4.998,4.998,4.998,4.998,56
2022-01-05 12:37:22,15.3,17.4,598,0.0,0.0,0,0.0,0.0,0,503875.00,0.00,0.00,262,14.06,3.64,0.00,-2.1,4.998,4.998,4.998,4.998,212
2022-01-05 12:38:22,13.2,17.3,774,0.0,0.0,0,0.0,0.0,0,504649.00,0.00,0.00,231,14.02,3.21,0.00,-1.6,4.998,4.998,4.998,4.998,138
2022-01-05 12:39:22,9.3,16.3,796,0.0,0.0,0,0.0,0.0,0,505445.00,0.00,0.00,288,13.94,4.00,0.00,-2.1,4.998,4.998,4.998,4.998,244
2022-01-05 12:40:22,9.6,13.9,543,0.0,0.0,0,0.0,0.0,0,505988.00,0.00,0.00,278,13.94,3.87,0.00,-2.1,4.998,4.998,4.998,4.998,94
2022-01-05 12:41:22,12.8,12.8,549,0.0,0.0,0,0.0,0.0,0,506537.00,0.00,0.00,244,13.94,3.39,0.00,-2.1,4.998,4.998,4.998,4.998,129
2022-01-05 12:42:22,7.5,12.9,504,0.0,0.0,0,0.0,0.0,0,507041.00,0.00,0.00,230,13.94,3.20,0.00,-1.6,4.998,4.998,4.998,4.998,98
2022-01-05 12:43:22,6.4,7.7,381,0.0,0.0,0,0.0,0.0,0,507422.00,0.00,0.00,248,13.98,3.45,0.00,-1.6,4.998,4.998,4.998,4.998,63
2022-01-05 12:44:22,7.9,10.6,354,0.0,0.0,0,0.0,0.0,0,507776.00,0.00,0.00,252,13.98,3.50,0.00,-1.6,4.998,4.998,4.998,4.998,153
2022-01-05 12:45:22,6.8,11.9,474,0.0,0.0,0,0.0,0.0,0,508250.00,0.00,0.00,226,13.98,3.13,0.00,-1.6,4.998,4.998,4.998,4.998,66
2022-01-05 12:46:22,10.4,12.1,473,0.0,0.0,0,0.0,0.0,0,508723.00,0.00,0.00,275,13.98,3.83,0.00,-1.6,4.998,4.998,4.998,4.998,39
2022-01-05 12:47:22,7.6,15.8,586,0.0,0.0,0,0.0,0.0,0,509309.00,0.00,0.00,242,13.98,3.37,0.00,-2.1,4.998,4.998,4.998,4.998,21
2022-01-05 12:48:22,7.3,10.4,426,0.0,0.0,0,0.0,0.0,0,509735.00,0.00,0.00,258,14.02,3.58,0.00,-2.1,4.998,4.998,4.998,4.998,64
2022-01-05 12:49:22,4.5,12.2,510,0.0,0.0,0,0.0,0.0,0,510245.00,0.00,0.00,217,14.02,3.02,0.00,-1.6,4.998,4.998,4.998,4.998,48
2022-01-05 12:50:22,10.0,17.7,633,0.0,0.0,0,0.0,0.0,0,510878.00,0.00,0.00,235,14.06,3.27,0.00,-1.6,4.998,4.998,4.998,4.998,98
2022-01-05 12:51:22,7.5,13.6,552,0.0,0.0,0,0.0,0.0,0,511430.00,0.00,0.00,231,14.06,3.21,0.00,-1.6,4.998,4.998,4.998,4.998,26
2022-01-05 12:52:22,6.5,10.6,447,0.0,0.0,0,0.0,0.0,0,511877.00,0.00,0.00,226,14.06,3.14,0.00,-1.6,4.998,4.998,4.998,4.998,30
2022-01-05 12:53:22,12.0,15.0,610,0.0,0.0,0,0.0,0.0,0,512487.00,0.00,0.00,286,14.06,3.97,0.00,-1.6,4.998,4.998,4.998,4.998,39
2022-01-05 12:54:22,8.5,17.9,794,0.0,0.0,0,0.0,0.0,0,513281.00,0.00,0.00,261,14.06,3.63,0.00,-1.6,4.998,4.998,4.998,4.998,212
2022-01-05 12:55:22,9.8,15.0,664,0.0,0.0,0,0.0,0.0,0,513945.00,0.00,0.00,253,14.02,3.51,0.00,-1.6,4.998,4.998,4.998,4.998,58
2022-01-05 12:56:22,6.0,10.0,427,0.0,0.0,0,0.0,0.0,0,514372.00,0.00,0.00,294,13.98,4.09,0.00,-1.6,4.998,4.998,4.998,4.998,227
2022-01-05 12:57:22,10.6,14.7,512,0.0,0.0,0,0.0,0.0,0,514884.00,0.00,0.00,233,13.98,3.24,0.00,-1.6,4.998,4.998,4.998,4.998,162
2022-01-05 12:58:22,5.1,17.1,614,0.0,0.0,0,0.0,0.0,0,515498.00,0.00,0.00,243,13.98,3.38,0.00,-1.1,4.998,4.998,4.998,4.998,216
2022-01-05 12:59:22,11.0,14.2,572,0.0,0.0,0,0.0,0.0,0,516070.00,0.00,0.00,259,14.02,3.60,0.00,-1.6,4.998,4.998,4.998,4.998,205
2022-01-05 13:00:22,6.2,11.7,498,0.0,0.0,0,0.0,0.0,0,516568.00,0.00,0.00,204,14.02,2.84,0.00,-1.6,4.998,4.998,4.998,4.998,41
2022-01-05 13:01:22,6.9,8.0,297,0.0,0.0,0,0.0,0.0,0,516865.00,0.00,0.00,264,14.02,3.66,0.00,-1.6,4.998,4.998,4.998,4.998,114
2022-01-05 13:02:22,6.4,10.6,488,0.0,0.0,0,0.0,0.0,0,517353.00,0.00,0.00,290,14.02,4.02,0.00,-1.6,4.998,4.998,4.998,4.998,188
2022-01-05 13:03:22,6.2,10.1,405,0.0,0.0,0,0.0,0.0,0,517758.00,0.00,0.00,226,14.06,3.13,0.00,-1.6,4.998,4.998,4.998,4.998,255
2022-01-05 13:04:22,6.4,7.4,336,0.0,0.0,0,0.0,0.0,0,518094.00,0.00,0.00,211,14.14,2.93,0.00,-1.6,4.998,4.998,4.998,4.998,20
2022-01-05 13:05:22,5.3,10.2,377,0.0,0.0,0,0.0,0.0,0,518471.00,0.00,0.00,263,14.21,3.66,0.00,-1.1,4.998,4.998,4.998,4.998,212
2022-01-05 13:06:22,5.4,9.2,288,0.0,0.0,0,0.0,0.0,0,518759.00,0.00,0.00,253,14.29,3.51,0.00,-1.1,4.998,4.998,4.998,4.998,28
2022-01-05 13:07:22,9.4,9.4,244,0.0,0.0,0,0.0,0.0,0,519003.00,0.00,0.00,262,14.45,3.65,0.00,-1.1,4.998,4.998,4.998,4.998,66
2022-01-05 13:08:22,5.0,13.9,449,0.0,0.0,0,0.0,0.0,0,519452.00,0.00,0.00,221,14.57,3.08,0.00,-1.6,4.998,4.998,4.998,4.998,103
2022-01-05 13:09:22,5.3,9.9,409,0.0,0.0,0,0.0,0.0,0,519861.00,0.00,0.00,257,14.57,3.57,0.00,-1.1,4.998,4.998,4.998,4.998,85
2022-01-05 13:10:22,6.8,9.5,413,0.0,0.0,0,0.0,0.0,0,520274.00,0.00,0.00,278,14.60,3.87,0.00,-1.1,4.998,4.998,4.998,4.998,248
2022-01-05 13:11:22,7.3,8.9,428,0.0,0.0,0,0.0,0.0,0,520702.00,0.00,0.00,248,14.57,3.45,0.00,-1.1,4.998,4.998,4.998,4.998,174
2022-01-05 13:12:22,11.2,14.2,484,0.0,0.0,0,0.0,0.0,0,521186.00,0.00,0.00,228,14.60,3.17,0.00,-1.6,4.998,4.998,4.998,4.998,124
2022-01-05 13:13:22,5.9,13.0,520,0.0,0.0,0,0.0,0.0,0,521706.00,0.00,0.00,239,14.60,3.32,0.00,-1.6,4.998,4.998,4.998,4.998,236
2022-01-05 13:14:22,7.5,12.1,412,0.0,0.0,0,0.0,0.0,0,522118.00,0.00,0.00,261,14.57,3.63,0.00,-1.6,4.998,4.998,4.998,4.998,90
2022-01-05 13:15:22,7.1,11.9,581,0.0,0.0,0,0.0,0.0,0,522699.00,0.00,0.00,264,14.60,3.66,0.00,-1.6,4.998,4.998,4.998,4.998,54
2022-01-05 13:16:22,8.0,10.2,403,0.0,0.0,0,0.0,0.0,0,523102.00,0.00,0.00,265,14.60,3.69,0.00,-1.6,4.998,4.998,4.998,4.998,204
2022-01-05 13:17:22,4.5,12.4,502,0.0,0.0,0,0.0,0.0,0,523604.00,0.00,0.00,221,14.60,3.07,0.00,-1.6,4.998,4.998,4.998,4.998,125
2022-01-05 13:18:22,6.9,9.5,370,0.0,0.0,0,0.0,0.0,0,523974.00,0.00,0.00,220,14.57,3.06,0.00,-1.1,4.998,4.998,4.998,4.998,26
2022-01-05 13:19:22,4.3,9.9,370,0.0,0.0,0,0.0,0.0,0,524344.00,0.00,0.00,235,14.57,3.27,0.00,-1.1,4.998,4.998,4.998,4.998,133
2022-01-05 13:20:22,7.9,9.5,364,0.0,0.0,0,0.0,0.0,0,524708.00,0.00,0.00,271,14.57,3.76,0.00,-1.1,4.998,4.998,4.998,4.998,5
2022-01-05 13:21:22,12.3,18.4,626,0.0,0.0,0,0.0,0.0,0,525334.00,0.00,0.00,264,14.60,3.67,0.00,-1.1,4.998,4.998,4.998,4.998,4
2022-01-05 13:22:22,4.5,14.7,445,0.0,0.0,0,0.0,0.0,0,525779.00,0.00,0.00,220,14.57,3.06,0.00,-1.1,4.998,4.998,4.998,4.998,15
2022-01-05 13:23:22,7.2,14.8,638,0.0,0.0,0,0.0,0.0,0,526417.00,0.00,0.00,206,14.57,2.86,0.00,-1.1,4.998,4.998,4.998,4.998,128
2022-01-05 13:24:22,4.9,12.4,466,0.0,0.0,0,0.0,0.0,0,526883.00,0.00,0.00,262,14.60,3.65,0.00,-1.6,4.998,4.998,4.998,4.998,31
2022-01-05 13:25:22,10.1,13.4,423,0.0,0.0,0,0.0,0.0,0,527306.00,0.00,0.00,246,14.57,3.41,0.00,-1.6,4.998,4.998,4.998,4.998,171
2022-01-05 13:26:22,10.0,15.5,505,0.0,0.0,0,0.0,0.0,0,527811.00,0.00,0.00,231,14.60,3.21,0.00,-1.6,4.998,4.998,4.998,4.998,100
2022-01-05 13:27:22,9.7,10.3,473,0.0,0.0,0,0.0,0.0,0,528284.00,0.00,0.00,243,14.29,3.37,0.00,-1.6,4.998,4.998,4.998,4.998,51
2022-01-05 13:28:22,6.4,16.5,623,0.0,0.0,0,0.0,0.0,0,528907.00,0.00,0.00,187,14.29,2.60,0.00,-1.1,4.998,4.998,4.998,4.998,206
2022-01-05 13:29:22,8.9,16.5,545,0.0,0.0,0,0.0,0.0,0,529452.00,0.00,0.00,215,14.45,2.99,0.00,-1.6,4.998,4.998,4.998,4.998,29
2022-01-05 13:30:22,6.7,13.0,440,0.0,0.0,0,0.0,0.0,0,529892.00,0.00,0.00,185,14.60,2.58,0.00,-1.6,4.998,4.998,4.998,4.998,129
2022-01-05 13:31:22,5.3,11.5,424,0.0,0.0,0,0.0,0.0,0,530316.00,0.00,0.00,238,14.64,3.31,0.00,-1.1,4.998,4.998,4.998,4.998,242
2022-01-05 13:32:22,8.1,13.3,556,0.0,0.0,0,0.0,0.0,0,530872.00,0.00,0.00,227,14.60,3.15,0.00,-1.1,4.998,4.998,4.998,4.998,103
2022-01-05 13:33:22,3.3,10.4,387,0.0,0.0,0,0.0,0.0,0,531259.00,0.00,0.00,252,14.57,3.50,0.00,-1.1,4.998,4.998,4.998,4.998,143
2022-01-05 13:34:22,5.7,9.0,412,0.0,0.0,0,0.0,0.0,0,531671.00,0.00,0.00,223,14.60,3.10,0.00,-1.1,4.998,4.998,4.998,4.998,181
2022-01-05 13:35:22,7.5,11.5,480,0.0,0.0,0,0.0,0.0,0,532151.00,0.00,0.00,210,14.57,2.92,0.00,-1.1,4.998,4.998,4.998,4.998,93
2022-01-05 13:36:22,9.9,12.4,536,0.0,0.0,0,0.0,0.0,0,532687.00,0.00,0.00,204,14.60,2.84,0.00,-1.1,4.998,4.998,4.998,4.998,188
2022-01-05 13:37:22,15.1,15.1,472,0.0,0.0,0,0.0,0.0,0,533159.00,0.00,0.00,252,14.60,3.51,0.00,-1.6,4.998,4.998,4.998,4.998,206
2022-01-05 13:38:22,5.9,15.0,474,0.0,0.0,0,0.0,0.0,0,533633.00,0.00,0.00,263,14.60,3.65,0.00,-1.1,4.998,4.998,4.998,4.998,237
2022-01-05 13:39:22,8.0,9.4,400,0.0,0.0,0,0.0,0.0,0,534033.00,0.00,0.00,244,14.53,3.39,0.00,-1.6,4.998,4.998,4.998,4.998,255
2022-01-05 13:40:22,8.5,12.3,466,0.0,0.0,0,0.0,0.0,0,534499.00,0.00,0.00,247,14.57,3.43,0.00,-1.6,4.998,4.998,4.998,4.998,168
2022-01-05 13:41:22,10.7,16.3,583,0.0,0.0,0,0.0,0.0,0,535082.00,0.00,0.00,290,14.45,4.02,0.00,-1.1,4.998,4.998,4.998,4.998,160
2022-01-05 13:42:22,10.1,16.3,650,0.0,0.0,0,0.0,0.0,0,535732.00,0.00,0.00,261,14.29,3.63,0.00,-1.6,4.998,4.998,4.998,4.998,239
2022-01-05 13:43:22,10.3,21.0,791,0.0,0.0,0,0.0,0.0,0,536523.00,0.00,0.00,245,14.17,3.40,0.00,-1.6,4.998,4.998,4.998,4.998,13
2022-01-05 13:44:22,8.9,15.1,632,0.0,0.0,0,0.0,0.0,0,537155.00,0.00,0.00,251,14.17,3.49,0.00,-1.6,4.998,4.998,4.998,4.998,92
2022-01-05 13:45:22,9.9,14.9,584,0.0,0.0,0,0.0,0.0,0,537739.00,0.00,0.00,267,14.14,3.71,0.00,-1.1,4.998,4.998,4.998,4.998,88
2022-01-05 13:46:22,11.2,15.1,552,0.0,0.0,0,0.0,0.0,0,538291.00,0.00,0.00,255,14.21,3.54,0.00,-1.6,4.998,4.998,4.998,4.998,233
2022-01-05 13:47:22,10.7,18.5,597,0.0,0.0,0,0.0,0.0,0,538888.00,0.00,0.00,234,14.33,3.25,0.00,-1.6,4.998,4.998,4.998,4.998,22
2022-01-05 13:48:22,9.7,14.5,560,0.0,0.0,0,0.0,0.0,0,539448.00,0.00,0.00,220,14.41,3.05,0.00,-1.6,4.998,4.998,4.998,4.998,25
2022-01-05 13:49:22,11.0,13.4,506,0.0,0.0,0,0.0,0.0,0,539954.00,0.00,0.00,236,14.57,3.29,0.00,-1.6,4.998,4.998,4.998,4.998,116
2022-01-05 13:50:22,6.3,12.8,580,0.0,0.0,0,0.0,0.0,0,540534.00,0.00,0.00,203,14.60,2.82,0.00,-1.6,4.998,4.998,4.998,4.998,25
2022-01-05 13:51:22,9.4,18.4,768,0.0,0.0,0,0.0,0.0,0,541302.00,0.00,0.00,248,14.60,3.45,0.00,-1.6,4.998,4.998,4.998,4.998,143
2022-01-05 13:52:22,5.9,18.0,731,0.0,0.0,0,0.0,0.0,0,542033.00,0.00,0.00,225,14.57,3.12,0.00,-1.6,4.998,4.998,4.998,4.998,234
2022-01-05 13:53:22,8.8,13.8,643,0.0,0.0,0,0.0,0.0,0,542676.00,0.00,0.00,243,14.53,3.38,0.00,-1.6,4.998,4.998,4.998,4.998,153
2022-01-05 13:54:22,12.3,17.1,802,0.0,0.0,0,0.0,0.0,0,543478.00,0.00,0.00,238,14.53,3.31,0.00,-1.6,4.998,4.998,4.998,4.998,15
2022-01-05 13:55:22,8.6,15.8,642,0.0,0.0,0,0.0,0.0,0,544120.00,0.00,0.00,229,14.60,3.18,0.00,-1.6,4.998,4.998,4.998,4.998,29
2022-01-05 13:56:22,7.2,14.0,584,0.0,0.0,0,0.0,0.0,0,544704.00,0.00,0.00,226,14.60,3.13,0.00,-1.6,4.998,4.998,4.998,4.998,204
2022-01-05 13:57:22,7.1,17.4,680,0.0,0.0,0,0.0,0.0,0,545384.00,0.00,0.00,230,14.53,3.20,0.00,-1.6,4.998,4.998,4.998,4.998,162
2022-01-05 13:58:22,6.4,11.7,432,0.0,0.0,0,0.0,0.0,0,545816.00,0.00,0.00,234,14.57,3.25,0.00,-1.1,4.998,4.998,4.998,4.998,83
2022-01-05 13:59:22,10.8,17.7,734,0.0,0.0,0,0.0,0.0,0,546550.00,0.00,0.00,243,14.60,3.37,0.00,-1.1,4.998,4.998,4.998,4.998,185
2022-01-05 14:00:22,11.1,13.4,639,0.0,0.0,0,0.0,0.0,0,547189.00,0.00,0.00,243,14.57,3.38,0.00,-1.6,4.998,4.998,4.998,4.998,14
2022-01-05 14:01:22,3.8,13.9,570,0.0,0.0,0,0.0,0.0,0,547759.00,0.00,0.00,293,14.57,4.08,0.00,-1.1,4.998,4.998,4.998,4.998,9
2022-01-05 14:02:22,10.3,12.1,413,0.0,0.0,0,0.0,0.0,0,548172.00,0.00,0.00,223,14.64,3.10,0.00,-1.1,4.998,4.998,4.998,4.998,74
2022-01-05 14:03:22,8.7,12.0,485,0.0,0.0,0,0.0,0.0,0,548657.00,0.00,0.00,301,14.53,4.19,0.00,-0.6,4.998,4.998,4.998,4.998,11
2022-01-05 14:04:22,10.4,15.1,615,0.0,0.0,0,0.0,0.0,0,549272.00,0.00,0.00,269,14.37,3.74,0.00,-0.2,4.998,4.998,4.998,4.998,250
2022-01-05 14:05:22,5.3,10.8,460,0.0,0.0,0,0.0,0.0,0,549732.00,0.00,0.00,278,14.29,3.86,0.00,-0.6,4.998,4.998,4.998,4.998,144
2022-01-05 14:06:22,9.7,12.4,451,0.0,0.0,0,0.0,0.0,0,550183.00,0.00,0.00,234,14.33,3.26,0.00,-0.2,4.998,4.998,4.998,4.998,157
2022-01-05 14:07:22,10.1,12.6,531,0.0,0.0,0,0.0,0.0,0,550714.00,0.00,0.00,228,14.33,3.16,0.00,-0.2,4.998,4.998,4.998,4.998,93
2022-01-05 14:08:22,10.5,17.4,769,0.0,0.0,0,0.0,0.0,0,551483.00,0.00,0.00,290,14.29,4.02,0.00,-0.6,4.998,4.998,4.998,4.998,108
2022-01-05 14:09:22,5.2,11.0,431,0.0,0.0,0,0.0,0.0,0,551914.00,0.00,0.00,266,14.29,3.70,0.00,-0.6,4.998,4.998,4.998,4.998,231
2022-01-05 14:10:22,8.8,13.3,520,0.0,0.0,0,0.0,0.0,0,552434.00,0.00,0.00,269,14.37,3.74,0.00,-0.6,4.998,4.998,4.998,4.998,140
2022-01-05 14:11:22,9.7,10.9,489,0.0,0.0,0,0.0,0.0,0,552923.00,0.00,0.00,243,14.29,3.38,0.00,-0.2,4.998,4.998,4.998,4.998,89
2022-01-05 14:12:22,6.8,13.8,525,0.0,0.0,0,0.0,0.0,0,553448.00,0.00,0.00,249,14.25,3.46,0.00,-0.6,4.998,4.998,4.998,4.998,232
2022-01-05 14:13:22,5.4,13.4,407,0.0,0.0,0,0.0,0.0,0,553855.00,0.00,0.00,260,14.37,3.61,0.00,-0.2,4.998,4.998,4.998,4.998,166
2022-01-05 14:14:22,2.4,10.2,341,0.0,0.0,0,0.0,0.0,0,554196.00,0.00,0.00,242,14.29,3.37,0.00,-0.2,4.998,4.998,4.998,4.998,239
2022-01-05 14:15:22,10.3,10.3,395,0.0,0.0,0,0.0,0.0,0,554591.00,0.00,0.00,252,14.29,3.50,0.00,-0.2,4.998,4.998,4.998,4.998,63
2022-01-05 14:16:22,5.7,12.2,528,0.0,0.0,0,0.0,0.0,0,555119.00,0.00,0.00,264,14.29,3.67,0.00,-0.2,4.998,4.998,4.998,4.998,1
2022-01-05 14:17:22,9.2,9.2,285,0.0,0.0,0,0.0,0.0,0,555404.00,0.00,0.00,255,14.29,3.55,0.00,0.2,4.998,4.998,4.998,4.998,77
2022-01-05 14:18:22,8.3,12.3,577,0.0,0.0,0,0.0,0.0,0,555981.00,0.00,0.00,253,14.29,3.51,0.00,-0.6,4.998,4.998,4.998,4.998,128
2022-01-05 14:19:22,18.1,20.8,624,0.0,0.0,0,0.0,0.0,0,556605.00,0.00,0.00,264,14.33,3.66,0.00,-0.6,4.998,4.998,4.998,4.998,69
2022-01-05 14:20:22,10.5,21.5,940,0.0,0.0,0,0.0,0.0,0,557545.00,0.00,0.00,249,14.33,3.47,0.00,-1.1,4.998,4.998,4.998,4.998,212
2022-01-05 14:21:22,15.1,19.6,690,0.0,0.0,0,0.0,0.0,0,558235.00,0.00,0.00,230,14.33,3.19,0.00,-1.1,4.998,4.998,4.998,4.998,163
2022-01-05 14:22:22,10.9,16.7,779,0.0,0.0,0,0.0,0.0,0,559014.00,0.00,0.00,244,14.29,3.39,0.00,-1.1,4.998,4.998,4.998,4.998,141
2022-01-05 14:23:22,12.3,16.6,672,0.0,0.0,0,0.0,0.0,0,559686.00,0.00,0.00,251,14.33,3.49,0.00,-1.1,4.998,4.998,4.998,4.998,227
2022-01-05 14:24:22,12.0,18.9,859,0.0,0.0,0,0.0,0.0,0,560545.00,0.00,0.00,230,14.33,3.20,0.00,-1.1,4.998,4.998,4.998,4.998,74
2022-01-05 14:25:22,12.9,14.8,687,0.0,0.0,0,0.0,0.0,0,561232.00,0.00,0.00,245,14.33,3.40,0.00,-1.1,4.998,4.998,4.998,4.998,1
2022-01-05 14:26:22,18.0,21.0,853,0.0,0.0,0,0.0,0.0,0,562085.00,0.00,0.00,251,14.29,3.49,0.00,-1.1,4.998,4.998,4.998,4.998,229
2022-01-05 14:27:22,12.5,17.8,792,0.0,0.0,0,0.0,0.0,0,562877.00,0.00,0.00,258,14.25,3.59,0.00,-1.1,4.998,4.998,4.998,4.998,82
2022-01-05 14:28:22,6.4,14.3,574,0.0,0.0,0,0.0,0.0,0,563451.00,0.00,0.00,227,14.33,3.16,0.00,-1.1,4.998,4.998,4.998,4.998,141
2022-01-05 14:29:22,3.9,9.5,394,0.0,0.0,0,0.0,0.0,0,563845.00,0.00,0.00,277,14.33,3.84,0.00,-1.1,4.998,4.998,4.998,4.998,108
2022-01-05 14:30:22,14.7,17.9,594,0.0,0.0,0,0.0,0.0,0,564439.00,0.00,0.00,253,14.33,3.52,0.00,-1.1,4.998,4.998,4.998,4.998,218
2022-01-05 14:31:22,11.0,17.6,828,0.0,0.0,0,0.0,0.0,0,565267.00,0.00,0.00,240,14.17,3.33,0.00,-1.1,4.998,4.998,4.998,4.998,76
2022-01-05 14:32:22,11.9,20.7,862,0.0,0.0,0,0.0,0.0,0,566129.00,0.00,0.00,242,14.06,3.36,0.00,-1.6,4.998,4.998,4.998,4.998,58
2022-01-05 14:33:22,5.6,14.3,639,0.0,0.0,0,0.0,0.0,0,566768.00,0.00,0.00,231,13.98,3.21,0.00,-1.1,4.998,4.998,4.998,4.998,124
2022-01-05 14:34:22,9.5,13.3,522,0.0,0.0,0,0.0,0.0,0,567290.00,0.00,0.00,238,13.94,3.30,0.00,-1.1,4.998,4.998,4.998,4.998,14
2022-01-05 14:35:22,5.7,13.8,634,0.0,0.0,0,0.0,0.0,0,567924.00,0.00,0.00,225,13.86,3.12,0.00,-1.6,4.998,4.998,4.998,4.998,98
2022-01-05 14:36:22,7.6,11.0,429,0.0,0.0,0,0.0,0.0,0,568353.00,0.00,0.00,226,13.86,3.14,0.00,-1.1,4.998,4.998,4.998,4.998,64
2022-01-05 14:37:22,9.0,10.9,437,0.0,0.0,0,0.0,0.0,0,568790.00,0.00,0.00,269,13.82,3.74,0.00,-1.6,4.998,4.998,4.998,4.998,166
2022-01-05 14:38:22,9.8,13.7,540,0.0,0.0,0,0.0,0.0,0,569330.00,0.00,0.00,212,13.78,2.95,0.00,-1.6,4.998,4.998,4.998,4.998,71
2022-01-05 14:39:22,10.5,18.1,768,0.0,0.0,0,0.0,0.0,0,570098.00,0.00,0.00,251,13.78,3.49,0.00,-1.6,4.998,4.998,4.998,4.998,222
2022-01-05 14:40:22,12.1,16.7,744,0.0,0.0,0,0.0,0.0,0,570842.00,0.00,0.00,233,13.78,3.23,0.00,-1.6,4.998,4.998,4.998,4.998,187
2022-01-05 14:41:22,9.5,14.0,646,0.0,0.0,0,0.0,0.0,0,571488.00,0.00,0.00,245,13.78,3.40,0.00,-1.6,4.998,4.998,4.998,4.998,222
2022-01-05 14:42:22,9.9,17.2,662,0.0,0.0,0,0.0,0.0,0,572150.00,0.00,0.00,238,13.74,3.31,0.00,-1.6,4.998,4.998,4.998,4.998,73
2022-01-05 14:43:22,7.7,19.6,844,0.0,0.0,0,0.0,0.0,0,572994.00,0.00,0.00,235,13.74,3.26,0.00,-1.6,4.998,4.998,4.998,4.998,76
2022-01-05 14:44:22,11.3,17.6,727,0.0,0.0,0,0.0,0.0,0,573721.00,0.00,0.00,234,13.78,3.26,0.00,-1.6,4.998,4.998,4.998,4.998,193
2022-01-05 14:45:22,6.8,18.0,582,0.0,0.0,0,0.0,0.0,0,574303.00,0.00,0.00,232,13.78,3.22,0.00,-1.6,4.998,4.998,4.998,4.998,244
2022-01-05 14:46:22,10.9,19.0,661,0.0,0.0,0,0.0,0.0,0,574964.00,0.00,0.00,275,13.82,3.82,0.00,-1.1,4.998,4.998,4.998,4.998,241
2022-01-05 14:47:22,6.0,12.3,471,0.0,0.0,0,0.0,0.0,0,575435.00,0.00,0.00,216,13.82,3.00,0.00,-1.1,4.998,4.998,4.998,4.998,1
2022-01-05 14:48:22,9.2,17.3,681,0.0,0.0,0,0.0,0.0,0,576116.00,0.00,0.00,250,13.86,3.47,0.00,-1.1,4.998,4.998,4.998,4.998,120
2022-01-05 14:49:22,9.6,19.7,771,0.0,0.0,0,0.0,0.0,0,576887.00,0.00,0.00,278,13.90,3.87,0.00,-1.6,4.998,4.998,4.998,4.998,36
2022-01-05 14:50:22,10.3,20.6,812,0.0,0.0,0,0.0,0.0,0,577699.00,0.00,0.00,274,13.90,3.81,0.00,-1.6,4.998,4.998,4.998,4.998,182
2022-01-05 14:51:22,7.3,13.3,488,0.0,0.0,0,0.0,0.0,0,578187.00,0.00,0.00,226,13.94,3.13,0.00,-1.1,4.998,4.998,4.998,4.998,41
2022-01-05 14:52:22,4.9,9.2,400,0.0,0.0,0,0.0,0.0,0,578587.00,0.00,0.00,255,13.94,3.54,0.00,-1.1,4.998,4.998,4.998,4.998,64
2022-01-05 14:53:22,4.8,18.1,580,0.0,0.0,0,0.0,0.0,0,579167.00,0.00,0.00,284,13.98,3.95,0.00,-1.6,4.998,4.998,4.998,4.998,111
2022-01-05 14:54:22,8.5,10.3,356,0.0,0.0,0,0.0,0.0,0,579523.00,0.00,0.00,265,13.98,3.69,0.00,-1.1,4.998,4.998,4.998,4.998,79
2022-01-05 14:55:22,8.3,12.1,518,0.0,0.0,0,0.0,0.0,0,580041.00,0.00,0.00,253,13.94,3.52,0.00,-1.1,4.998,4.998,4.998,4.998,116
2022-01-05 14:56:22,7.3,15.8,707,0.0,0.0,0,0.0,0.0,0,580748.00,0.00,0.00,202,13.90,2.81,0.00,-1.1,4.998,4.998,4.998,4.998,90
2022-01-05 14:57:22,8.2,12.4,433,0.0,0.0,0,0.0,0.0,0,581181.00,0.00,0.00,274,13.90,3.81,0.00,-1.6,4.998,4.998,4.998,4.998,159
2022-01-05 14:58:22,7.2,13.4,517,0.0,0.0,0,0.0,0.0,0,581698.00,0.00,0.00,278,13.86,3.86,0.00,-1.6,4.998,4.998,4.998,4.998,189
2022-01-05 14:59:22,9.2,13.6,596,0.0,0.0,0,0.0,0.0,0,582294.00,0.00,0.00,285,13.86,3.95,0.00,-1.6,4.998,4.998,4.998,4.998,136
2022-01-05 15:00:22,8.1,14.1,607,0.0,0.0,0,0.0,0.0,0,582901.00,0.00,0.00,268,13.82,3.72,0.00,-1.6,4.998,4.998,4.998,4.998,181
2022-01-05 15:01:22,11.9,11.9,538,0.0,0.0,0,0.0,0.0,0,583439.00,0.00,0.00,272,13.86,3.78,0.00,-1.6,4.998,4.998,4.998,4.998,202
2022-01-05 15:02:22,9.6,13.9,577,0.0,0.0,0,0.0,0.0,0,584016.00,0.00,0.00,234,13.86,3.25,0.00,-1.6,4.998,4.998,4.998,4.998,35
2022-01-05 15:03:22,11.8,17.0,627,0.0,0.0,0,0.0,0.0,0,584643.00,0.00,0.00,236,13.86,3.28,0.00,-1.6,4.998,4.998,4.998,4.998,197
2022-01-05 15:04:22,8.5,15.1,625,0.0,0.0,0,0.0,0.0,0,585268.00,0.00,0.00,243,13.90,3.38,0.00,-1.6,4.998,4.998,4.998,4.998,181
2022-01-05 15:05:22,9.3,13.0,537,0.0,0.0,0,0.0,0.0,0,585805.00,0.00,0.00,251,13.94,3.49,0.00,-1.6,4.998,4.998,4.998,4.998,6
2022-01-05 15:06:22,7.2,17.8,830,0.0,0.0,0,0.0,0.0,0,586635.00,0.00,0.00,235,13.94,3.26,0.00,-1.6,4.998,4.998,4.998,4.998,71
2022-01-05 15:07:22,8.9,14.8,590,0.0,0.0,0,0.0,0.0,0,587225.00,0.00,0.00,264,13.90,3.67,0.00,-1.6,4.998,4.998,4.998,4.998,119
2022-01-05 15:08:22,7.3,11.0,557,0.0,0.0,0,0.0,0.0,0,587782.00,0.00,0.00,284,13.98,3.95,0.00,-1.6,4.998,4.998,4.998,4.998,160
2022-01-05 15:09:22,6.5,12.7,533,0.0,0.0,0,0.0,0.0,0,588315.00,0.00,0.00,275,14.17,3.83,0.00,-1.6,4.998,4.998,4.998,4.998,120
2022-01-05 15:10:22,7.1,12.3,578,0.0,0.0,0,0.0,0.0,0,588893.00,0.00,0.00,232,14.33,3.22,0.00,-1.6,4.998,4.998,4.998,4.998,208
2022-01-05 15:11:22,7.5,12.6,582,0.0,0.0,0,0.0,0.0,0,589475.00,0.00,0.00,301,14.37,4.18,0.00,-1.6,4.998,4.998,4.998,4.998,136
2022-01-05 15:12:22,5.5,11.8,514,0.0,0.0,0,0.0,0.0,0,589989.00,0.00,0.00,243,14.41,3.38,0.00,-1.6,4.998,4.998,4.998,4.998,214
2022-01-05 15:13:22,10.7,11.2,490,0.0,0.0,0,0.0,0.0,0,590479.00,0.00,0.00,232,14.45,3.23,0.00,-1.6,4.998,4.998,4.998,4.998,40
2022-01-05 15:14:22,7.3,11.0,479,0.0,0.0,0,0.0,0.0,0,590958.00,0.00,0.00,240,14.57,3.34,0.00,-1.6,4.998,4.998,4.998,4.998,140
2022-01-05 15:15:22,7.4,12.5,514,0.0,0.0,0,0.0,0.0,0,591472.00,0.00,0.00,253,14.57,3.52,0.00,-1.6,4.998,4.998,4.998,4.998,122
2022-01-05 15:16:22,4.7,11.6,435,0.0,0.0,0,0.0,0.0,0,591907.00,0.00,0.00,258,14.60,3.59,0.00,-1.6,4.998,4.998,4.998,4.998,41
2022-01-05 15:17:22,8.4,9.1,268,0.0,0.0,0,0.0,0.0,0,592175.00,0.00,0.00,255,14.57,3.54,0.00,-1.1,4.998,4.998,4.998,4.998,19
2022-01-05 15:18:22,5.8,11.0,425,0.0,0.0,0,0.0,0.0,0,592600.00,0.00,0.00,242,14.57,3.36,0.00,-1.6,4.998,4.998,4.998,4.998,162
2022-01-05 15:19:22,4.4,6.9,322,0.0,0.0,0,0.0,0.0,0,592922.00,0.00,0.00,275,14.60,3.82,0.00,-1.6,4.998,4.998,4.998,4.998,145
2022-01-05 15:20:22,4.8,7.3,326,0.0,0.0,0,0.0,0.0,0,593248.00,0.00,0.00,213,14.49,2.95,0.00,-1.6,4.998,4.998,4.998,4.998,251
2022-01-05 15:21:22,10.3,17.0,618,0.0,0.0,0,0.0,0.0,0,593866.00,0.00,0.00,249,14.21,3.46,0.00,-2.1,4.998,4.998,4.998,4.998,103
2022-01-05 15:22:22,7.2,12.4,472,0.0,0.0,0,0.0,0.0,0,594338.00,0.00,0.00,250,14.02,3.47,0.00,-1.6,4.998,4.998,4.998,4.998,21
2022-01-05 15:23:22,7.7,14.9,652,0.0,0.0,0,0.0,0.0,0,594990.00,0.00,0.00,231,13.90,3.21,0.00,-2.1,4.998,4.998,4.998,4.998,116
2022-01-05 15:24:22,11.5,16.0,618,0.0,0.0,0,0.0,0.0,0,595608.00,0.00,0.00,249,13.86,3.46,0.00,-2.1,4.998,4.998,4.998,4.998,49
2022-01-05 15:25:22,9.6,12.7,532,0.0,0.0,0,0.0,0.0,0,596140.00,0.00,0.00,266,13.82,3.69,0.00,-2.1,4.998,4.998,4.998,4.998,107
2022-01-05 15:26:22,6.5,10.1,360,0.0,0.0,0,0.0,0.0,0,596500.00,0.00,0.00,253,13.86,3.51,0.00,-2.1,4.998,4.998,4.998,4.998,161
2022-01-05 15:27:22,6.5,13.1,574,0.0,0.0,0,0.0,0.0,0,597074.00,0.00,0.00,267,13.90,3.71,0.00,-2.1,4.998,4.998,4.998,4.998,180
2022-01-05 15:28:22,7.3,11.7,523,0.0,0.0,0,0.0,0.0,0,597597.00,0.00,0.00,248,14.06,3.45,0.00,-2.1,4.998,4.998,4.998,4.998,203
2022-01-05 15:29:22,3.6,7.0,309,0.0,0.0,0,0.0,0.0,0,597906.00,0.00,0.00,251,14.25,3.48,0.00,-1.6,4.998,4.998,4.998,4.998,32
2022-01-05 15:30:22,5.8,9.4,314,0.0,0.0,0,0.0,0.0,0,598220.00,0.00,0.00,190,14.37,2.64,0.00,-1.6,4.998,4.998,4.998,4.998,129
2022-01-05 15:31:22,6.4,7.8,304,0.0,0.0,0,0.0,0.0,0,598524.00,0.00,0.00,257,14.10,3.57,0.00,-1.6,4.998,4.998,4.998,4.998,137
2022-01-05 15:32:22,5.3,7.6,298,0.0,0.0,0,0.0,0.0,0,598822.00,0.00,0.00,281,13.94,3.91,0.00,-1.6,4.998,4.998,4.998,4.998,140
2022-01-05 15:33:22,6.2,9.2,313,0.0,0.0,0,0.0,0.0,0,599135.00,0.00,0.00,240,13.82,3.34,0.00,-2.1,4.998,4.998,4.998,4.998,33
2022-01-05 15:34:22,5.3,10.3,409,0.0,0.0,0,0.0,0.0,0,599544.00,0.00,0.00,233,13.78,3.24,0.00,-1.6,4.998,4.998,4.998,4.998,113
2022-01-05 15:35:22,3.1,7.0,312,0.0,0.0,0,0.0,0.0,0,599856.00,0.00,0.00,262,13.74,3.65,0.00,-1.6,4.998,4.998,4.998,4.998,203
2022-01-05 15:36:22,8.3,9.9,425,0.0,0.0,0,0.0,0.0,0,600281.00,0.00,0.00,228,13.71,3.17,0.00,-2.1,4.998,4.998,4.998,4.998,235
2022-01-05 15:37:22,6.9,8.7,375,0.0,0.0,0,0.0,0.0,0,600656.00,0.00,0.00,258,13.71,3.59,0.00,-2.1,4.998,4.998,4.998,4.998,188
2022-01-05 15:38:22,8.4,9.1,352,0.0,0.0,0,0.0,0.0,0,601008.00,0.00,0.00,264,13.67,3.66,0.00,-2.1,4.998,4.998,4.998,4.998,42
2022-01-05 15:39:22,6.6,10.4,475,0.0,0.0,0,0.0,0.0,0,601483.00,0.00,0.00,242,13.63,3.36,0.00,-2.1,4.998,4.998,4.998,4.998,137
2022-01-05 15:40:22,7.4,9.1,445,0.0,0.0,0,0.0,0.0,0,601928.00,0.00,0.00,251,13.63,3.49,0.00,-1.6,4.998,4.998,4.998,4.998,159
2022-01-05 15:41:22,5.4,8.2,349,0.0,0.0,0,0.0,0.0,0,602277.00,0.00,0.00,203,13.63,2.82,0.00,-1.6,4.998,4.998,4.998,4.998,235
2022-01-05 15:42:22,7.6,9.4,374,0.0,0.0,0,0.0,0.0,0,602651.00,0.00,0.00,236,13.59,3.28,0.00,-1.6,4.998,4.998,4.998,4.998,146
2022-01-05 15:43:22,7.7,10.8,473,0.0,0.0,0,0.0,0.0,0,603124.00,0.00,0.00,246,13.59,3.42,0.00,-1.6,4.998,4.998,4.998,4.998,123
2022-01-05 15:44:22,7.7,12.5,525,0.0,0.0,0,0.0,0.0,0,603649.00,0.00,0.00,228,13.55,3.17,0.00,-2.1,4.998,4.998,4.998,4.998,250
2022-01-05 15:45:22,8.8,12.8,613,0.0,0.0,0,0.0,0.0,0,604262.00,0.00,0.00,245,13.55,3.40,0.00,-2.1,4.998,4.998,4.998,4.998,222
2022-01-05 15:46:22,8.4,12.9,517,0.0,0.0,0,0.0,0.0,0,604779.00,0.00,0.00,281,13.55,3.90,0.00,-2.1,4.998,4.998,4.998,4.998,51
2022-01-05 15:47:22,11.3,13.4,623,0.0,0.0,0,0.0,0.0,0,605402.00,0.00,0.00,237,13.51,3.30,0.00,-2.1,4.998,4.998,4.998,4.998,196
2022-01-05 15:48:22,6.8,14.1,699,0.0,0.0,0,0.0,0.0,0,606101.00,0.00,0.00,267,13.47,3.72,0.00,-2.1,4.998,4.998,4.998,4.998,203
2022-01-05 15:49:22,8.7,12.5,561,0.0,0.0,0,0.0,0.0,0,606662.00,0.00,0.00,249,13.47,3.46,0.00,-2.1,4.998,4.998,4.998,4.998,94
2022-01-05 15:50:22,7.3,12.9,583,0.0,0.0,0,0.0,0.0,0,607245.00,0.00,0.00,240,13.47,3.33,0.00,-2.1,4.998,4.998,4.998,4.998,46
2022-01-05 15:51:22,6.6,12.1,506,0.0,0.0,0,0.0,0.0,0,607751.00,0.00,0.00,234,13.47,3.26,0.00,-1.6,4.998,4.998,4.998,4.998,51
2022-01-05 15:52:22,4.5,7.0,287,0.0,0.0,0,0.0,0.0,0,608038.00,0.00,0.00,231,13.43,3.21,0.00,-1.6,4.998,4.998,4.998,4.998,76
2022-01-05 15:53:22,6.5,7.2,278,0.0,0.0,0,0.0,0.0,0,608316.00,0.00,0.00,257,13.43,3.57,0.00,-2.1,4.998,4.998,4.998,4.998,226
2022-01-05 15:54:22,6.1,10.3,418,0.0,0.0,0,0.0,0.0,0,608734.00,0.00,0.00,232,13.43,3.23,0.00,-1.6,4.998,4.998,4.998,4.998,151
2022-01-05 15:55:22,6.5,9.5,444,0.0,0.0,0,0.0,0.0,0,609178.00,0.00,0.00,249,13.43,3.47,0.00,-2.1,4.998,4.998,4.998,4.998,58
2022-01-05 15:56:22,4.5,9.0,406,0.0,0.0,0,0.0,0.0,0,609584.00,0.00,0.00,245,13.43,3.41,0.00,-1.6,4.998,4.998,4.998,4.998,22
2022-01-05 15:57:22,7.3,10.4,430,0.0,0.0,0,0.0,0.0,0,610014.00,0.00,0.00,273,13.43,3.79,0.00,-1.6,4.998,4.998,4.998,4.998,71
2022-01-05 15:58:22,4.9,8.5,380,0.0,0.0,0,0.0,0.0,0,610394.00,0.00,0.00,251,13.43,3.48,0.00,-1.6,4.998,4.998,4.998,4.998,148
2022-01-05 15:59:22,5.3,8.9,353,0.0,0.0,0,0.0,0.0,0,610747.00,0.00,0.00,246,13.43,3.42,0.00,-1.6,4.998,4.998,4.998,4.998,249
2022-01-05 16:00:22,5.4,10.9,394,0.0,0.0,0,0.0,0.0,0,611141.00,0.00,0.00,237,13.39,3.30,0.00,-1.6,4.998,4.998,4.998,4.998,99
2022-01-05 16:01:22,4.5,8.6,342,0.0,0.0,0,0.0,0.0,0,611483.00,0.00,0.00,242,13.43,3.37,0.00,-2.1,4.998,4.998,4.998,4.998,28
2022-01-05 16:02:22,6.0,8.2,397,0.0,0.0,0,0.0,0.0,0,611880.00,0.00,0.00,244,13.43,3.39,0.00,-2.1,4.998,4.998,4.998,4.998,88
2022-01-05 16:03:22,3.8,8.0,294,0.0,0.0,0,0.0,0.0,0,612174.00,0.00,0.00,242,13.43,3.36,0.00,-1.6,4.998,4.998,4.998,4.998,137
2022-01-05 16:04:22,6.4,8.3,366,0.0,0.0,0,0.0,0.0,0,612540.00,0.00,0.00,260,13.39,3.61,0.00,-2.1,4.998,4.998,4.998,4.998,200
2022-01-05 16:05:22,3.7,8.1,376,0.0,0.0,0,0.0,0.0,0,612916.00,0.00,0.00,225,13.43,3.13,0.00,-1.6,4.998,4.998,4.998,4.998,168
2022-01-05 16:06:22,1.9,5.6,203,0.0,0.0,0,0.0,0.0,0,613119.00,0.00,0.00,264,13.39,3.67,0.00,-2.1,4.998,4.998,4.998,4.998,224
2022-01-05 16:07:22,6.4,9.8,345,0.0,0.0,0,0.0,0.0,0,613464.00,0.00,0.00,242,13.43,3.36,0.00,-2.1,4.998,4.998,4.998,4.998,85
2022-01-05 16:08:22,5.2,9.1,397,0.0,0.0,0,0.0,0.0,0,613861.00,0.00,0.00,245,13.43,3.40,0.00,-2.1,4.998,4.998,4.998,4.998,154
2022-01-05 16:09:22,4.4,7.7,320,0.0,0.0,0,0.0,0.0,0,614181.00,0.00,0.00,255,13.39,3.55,0.00,-1.6,4.998,4.998,4.998,4.998,31
2022-01-05 16:10:22,1.9,4.5,180,0.0,0.0,0,0.0,0.0,0,614361.00,0.00,0.00,255,13.43,3.54,0.00,-1.6,4.998,4.998,4.998,4.998,248
2022-01-05 16:11:22,4.1,6.9,194,0.0,0.0,0,0.0,0.0,0,614555.00,0.00,0.00,254,13.43,3.53,0.00,-1.6,4.998,4.998,4.998,4.998,174
2022-01-05 16:12:22,8.2,10.6,450,0.0,0.0,0,0.0,0.0,0,615005.00,0.00,0.00,257,13.43,3.57,0.00,-1.6,4.998,4.998,4.998,4.998,115
2022-01-05 16:13:22,7.6,9.8,432,0.0,0.0,0,0.0,0.0,0,615437.00,0.00,0.00,239,13.47,3.32,0.00,-1.6,4.998,4.998,4.998,4.998,192
2022-01-05 16:14:22,1.6,8.6,237,0.0,0.0,0,0.0,0.0,0,615674.00,0.00,0.00,258,13.43,3.58,0.00,-2.1,4.998,4.998,4.998,4.998,192
2022-01-05 16:15:22,4.7,4.9,104,0.0,0.0,0,0.0,0.0,0,615778.00,0.00,0.00,257,13.43,3.57,0.00,-1.6,4.998,4.998,4.998,4.998,180
2022-01-05 16:16:22,5.4,7.9,369,0.0,0.0,0,0.0,0.0,0,616147.00,0.00,0.00,251,13.43,3.49,0.00,-1.6,4.998,4.998,4.998,4.998,162
2022-01-05 16:17:22,3.5,7.3,299,0.0,0.0,0,0.0,0.0,0,616446.00,0.00,0.00,237,13.43,3.30,0.00,-1.6,4.998,4.998,4.998,4.998,169
2022-01-05 16:18:22,0.0,3.8,93,0.0,0.0,0,0.0,0.0,0,616539.00,0.00,0.00,233,13.43,3.24,0.00,-1.6,4.998,4.998,4.998,4.998,48
2022-01-05 16:19:22,0.0,1.6,11,0.0,0.0,0,0.0,0.0,0,616550.00,0.00,0.00,233,13.43,3.24,0.00,-1.6,4.998,4.998,4.998,4.998,128
2022-01-05 16:20:22,6.4,9.7,336,0.0,0.0,0,0.0,0.0,0,616886.00,0.00,0.00,272,13.43,3.77,0.00,-2.1,4.998,4.998,4.998,4.998,56
2022-01-05 16:21:22,5.7,8.8,364,0.0,0.0,0,0.0,0.0,0,617250.00,0.00,0.00,249,13.43,3.46,0.00,-1.6,4.998,4.998,4.998,4.998,110
2022-01-05 16:22:22,6.5,9.8,422,0.0,0.0,0,0.0,0.0,0,617672.00,0.00,0.00,222,13.43,3.09,0.00,-2.1,4.998,4.998,4.998,4.998,242
2022-01-05 16:23:22,7.4,9.4,451,0.0,0.0,0,0.0,0.0,0,618123.00,0.00,0.00,260,13.39,3.62,0.00,-1.6,4.998,4.998,4.998,4.998,48
2022-01-05 16:24:22,7.2,7.8,336,0.0,0.0,0,0.0,0.0,0,618459.00,0.00,0.00,245,13.39,3.40,0.00,-1.6,4.998,4.998,4.998,4.998,175
2022-01-05 16:25:22,5.4,8.2,381,0.0,0.0,0,0.0,0.0,0,618840.00,0.00,0.00,249,13.39,3.46,0.00,-2.1,4.998,4.998,4.998,4.998,125
2022-01-05 16:26:22,4.4,6.9,292,0.0,0.0,0,0.0,0.0,0,619132.00,0.00,0.00,239,13.39,3.32,0.00,-1.6,4.998,4.998,4.998,4.998,96
2022-01-05 16:27:22,5.3,6.7,287,0.0,0.0,0,0.0,0.0,0,619419.00,0.00,0.00,237,13.39,3.30,0.00,-2.1,4.998,4.998,4.998,4.998,36
2022-01-05 16:28:22,5.6,8.7,329,0.0,0.0,0,0.0,0.0,0,619748.00,0.00,0.00,233,13.39,3.24,0.00,-2.1,4.998,4.998,4.998,4.998,100
2022-01-05 16:29:22,3.6,7.6,336,0.0,0.0,0,0.0,0.0,0,620084.00,0.00,0.00,246,13.39,3.42,0.00,-2.1,4.998,4.998,4.998,4.998,184
2022-01-05 16:30:22,5.1,8.6,333,0.0,0.0,0,0.0,0.0,0,620417.00,0.00,0.00,233,13.39,3.24,0.00,-2.1,4.998,4.998,4.998,4.998,175
2022-01-05 16:31:22,7.4,9.0,377,0.0,0.0,0,0.0,0.0,0,620794.00,0.00,0.00,243,13.39,3.38,0.00,-2.1,4.998,4.998,4.998,4.998,20
2022-01-05 16:32:22,4.9,9.0,446,0.0,0.0,0,0.0,0.0,0,621240.00,0.00,0.00,233,13.39,3.23,0.00,-1.6,4.998,4.998,4.998,4.998,65
2022-01-05 16:33:22,5.3,8.4,319,0.0,0.0,0,0.0,0.0,0,621559.00,0.00,0.00,279,13.39,3.88,0.00,-2.1,4.998,4.998,4.998,4.998,255
2022-01-05 16:34:22,7.0,9.4,329,0.0,0.0,0,0.0,0.0,0,621888.00,0.00,0.00,231,13.39,3.21,0.00,-1.6,4.998,4.998,4.998,4.998,157
2022-01-05 16:35:22,10.7,11.0,423,0.0,0.0,0,0.0,0.0,0,622311.00,0.00,0.00,239,13.43,3.33,0.00,-2.1,4.998,4.998,4.998,4.998,14
2022-01-05 16:36:22,8.0,12.1,540,0.0,0.0,0,0.0,0.0,0,622851.00,0.00,0.00,273,13.43,3.79,0.00,-2.1,4.998,4.998,4.998,4.998,212
2022-01-05 16:37:22,7.4,12.0,485,0.0,0.0,0,0.0,0.0,0,623336.00,0.00,0.00,216,13.47,3.00,0.00,-2.1,4.998,4.998,4.998,4.998,182
2022-01-05 16:38:22,3.5,9.0,350,0.0,0.0,0,0.0,0.0,0,623686.00,0.00,0.00,226,13.47,3.14,0.00,-2.1,4.998,4.998,4.998,4.998,58
2022-01-05 16:39:22,6.7,6.9,230,0.0,0.0,0,0.0,0.0,0,623916.00,0.00,0.00,225,13.51,3.13,0.00,-1.6,4.998,4.998,4.998,4.998,225
2022-01-05 16:40:22,6.4,7.1,338,0.0,0.0,0,0.0,0.0,0,624254.00,0.00,0.00,236,13.55,3.29,0.00,-2.1,4.998,4.998,4.998,4.998,202
2022-01-05 16:41:22,4.8,7.2,316,0.0,0.0,0,0.0,0.0,0,624570.00,0.00,0.00,233,13.78,3.24,0.00,-1.6,4.998,4.998,4.998,4.998,171
2022-01-05 16:42:22,5.8,8.6,301,0.0,0.0,0,0.0,0.0,0,624871.00,0.00,0.00,297,13.59,4.13,0.00,-1.6,4.998,4.998,4.998,4.998,187
2022-01-05 16:43:22,5.1,8.7,344,0.0,0.0,0,0.0,0.0,0,625215.00,0.00,0.00,280,14.60,3.89,0.00,-1.1,4.998,4.998,4.998,4.998,119
2022-01-05 16:44:22,4.6,6.2,269,0.0,0.0,0,0.0,0.0,0,625484.00,0.00,0.00,241,14.57,3.35,0.00,-0.6,4.998,4.998,4.998,4.998,19
2022-01-05 16:45:22,2.2,5.0,161,0.0,0.0,0,0.0,0.0,0,625645.00,0.00,0.00,240,13.90,3.33,0.00,-1.1,4.998,4.998,4.998,4.998,197
2022-01-05 16:46:22,5.0,5.3,217,0.0,0.0,0,0.0,0.0,0,625862.00,0.00,0.00,264,13.71,3.67,0.00,-1.1,4.998,4.998,4.998,4.998,14
2022-01-05 16:47:22,3.9,5.8,227,0.0,0.0,0,0.0,0.0,0,626089.00,0.00,0.00,261,13.67,3.62,0.00,-2.1,4.998,4.998,4.998,4.998,107
2022-01-05 16:48:22,4.0,5.6,225,0.0,0.0,0,0.0,0.0,0,626314.00,0.00,0.00,313,13.63,4.35,0.00,-1.6,4.998,4.998,4.998,4.998,135
2022-01-05 16:49:22,7.0,7.6,181,0.0,0.0,0,0.0,0.0,0,626495.00,0.00,0.00,268,13.55,3.73,0.00,-2.1,4.998,4.998,4.998,4.998,54
2022-01-05 16:50:22,6.6,9.0,387,0.0,0.0,0,0.0,0.0,0,626882.00,0.00,0.00,260,13.51,3.62,0.00,-2.1,4.998,4.998,4.998,4.998,147
2022-01-05 16:51:22,2.3,8.8,314,0.0,0.0,0,0.0,0.0,0,627196.00,0.00,0.00,259,13.47,3.60,0.00,-2.1,4.998,4.998,4.998,4.998,223
2022-01-05 16:52:22,4.6,5.9,223,0.0,0.0,0,0.0,0.0,0,627419.00,0.00,0.00,254,13.43,3.53,0.00,-2.1,4.998,4.998,4.998,4.998,90
2022-01-05 16:53:22,6.3,6.4,230,0.0,0.0,0,0.0,0.0,0,627649.00,0.00,0.00,225,13.43,3.13,0.00,-2.1,4.998,4.998,4.998,4.998,212
2022-01-05 16:54:22,4.9,6.4,264,0.0,0.0,0,0.0,0.0,0,627913.00,0.00,0.00,242,13.39,3.36,0.00,-2.1,4.998,4.998,4.998,4.998,243
2022-01-05 16:55:22,4.3,4.8,217,0.0,0.0,0,0.0,0.0,0,628130.00,0.00,0.00,246,13.39,3.42,0.00,-3.1,4.998,4.998,4.998,4.998,98
2022-01-05 16:56:22,4.7,7.4,257,0.0,0.0,0,0.0,0.0,0,628387.00,0.00,0.00,233,13.35,3.24,0.00,-2.1,4.998,4.998,4.998,4.998,144
2022-01-05 16:57:22,2.1,5.1,196,0.0,0.0,0,0.0,0.0,0,628583.00,0.00,0.00,218,13.35,3.03,0.00,-2.6,4.998,4.998,4.998,4.998,151
2022-01-05 16:58:22,6.6,8.6,269,0.0,0.0,0,0.0,0.0,0,628852.00,0.00,0.00,244,13.32,3.39,0.00,-2.6,4.998,4.998,4.998,4.998,55
2022-01-05 16:59:22,5.6,7.0,304,0.0,0.0,0,0.0,0.0,0,629156.00,0.00,0.00,232,13.32,3.22,0.00,-2.6,4.998,4.998,4.998,4.998,176
2022-01-05 17:00:22,3.5,5.5,240,0.0,0.0,0,0.0,0.0,0,629396.00,0.00,0.00,250,13.28,3.48,0.00,-2.6,4.998,4.998,4.998,4.998,64
2022-01-05 17:01:22,4.6,5.9,247,0.0,0.0,0,0.0,0.0,0,629643.00,0.00,0.00,256,13.28,3.56,0.00,-2.6,4.998,4.998,4.998,4.998,13
2022-01-05 17:02:22,7.7,8.9,381,0.0,0.0,0,0.0,0.0,0,630024.00,0.00,0.00,254,13.28,3.54,0.00,-2.6,4.998,4.998,4.998,4.998,85
2022-01-05 17:03:22,4.5,8.4,360,0.0,0.0,0,0.0,0.0,0,630384.00,0.00,0.00,253,13.28,3.51,0.00,-2.6,4.998,4.998,4.998,4.998,60
2022-01-05 17:04:22,5.0,6.1,280,0.0,0.0,0,0.0,0.0,0,630664.00,0.00,0.00,260,13.24,3.62,0.00,-2.1,4.998,4.998,4.998,4.998,200
2022-01-05 17:05:22,5.7,7.8,359,0.0,0.0,0,0.0,0.0,0,631023.00,0.00,0.00,241,13.28,3.34,0.00,-2.6,4.998,4.998,4.998,4.998,68
2022-01-05 17:06:22,4.3,7.2,328,0.0,0.0,0,0.0,0.0,0,631351.00,0.00,0.00,238,13.24,3.31,0.00,-2.6,4.998,4.998,4.998,4.998,50
2022-01-05 17:07:22,5.2,7.4,359,0.0,0.0,0,0.0,0.0,0,631710.00,0.00,0.00,247,13.20,3.44,0.00,-2.1,4.998,4.998,4.998,4.998,168
2022-01-05 17:08:22,5.6,7.2,271,0.0,0.0,0,0.0,0.0,0,631981.00,0.00,0.00,248,13.20,3.45,0.00,-2.1,4.998,4.998,4.998,4.998,0
2022-01-05 17:09:22,5.2,9.5,403,0.0,0.0,0,0.0,0.0,0,632384.00,0.00,0.00,239,13.20,3.32,0.00,-2.1,4.998,4.998,4.998,4.998,207
2022-01-05 17:10:22,6.2,9.3,389,0.0,0.0,0,0.0,0.0,0,632773.00,0.00,0.00,239,13.20,3.32,0.00,-2.6,4.998,4.998,4.998,4.998,90
2022-01-05 17:11:22,4.7,6.6,283,0.0,0.0,0,0.0,0.0,0,633056.00,0.00,0.00,215,13.20,2.98,0.00,-2.1,4.998,4.998,4.998,4.998,251
2022-01-05 17:12:22,3.1,4.8,193,0.0,0.0,0,0.0,0.0,0,633249.00,0.00,0.00,218,13.20,3.03,0.00,-2.1,4.998,4.998,4.998,4.998,209
2022-01-05 17:13:22,5.2,9.9,335,0.0,0.0,0,0.0,0.0,0,633584.00,0.00,0.00,216,13.16,3.00,0.00,-2.6,4.998,4.998,4.998,4.998,149
2022-01-05 17:14:22,6.5,11.8,490,0.0,0.0,0,0.0,0.0,0,634074.00,0.00,0.00,236,13.16,3.29,0.00,-2.6,4.998,4.998,4.998,4.998,206
2022-01-05 17:15:22,4.0,7.3,328,0.0,0.0,0,0.0,0.0,0,634402.00,0.00,0.00,214,13.16,2.98,0.00,-2.1,4.998,4.998,4.998,4.998,219
2022-01-05 17:16:22,4.2,5.4,214,0.0,0.0,0,0.0,0.0,0,634616.00,0.00,0.00,226,13.12,3.14,0.00,-2.1,4.998,4.998,4.998,4.998,11
2022-01-05 17:17:22,8.1,8.5,310,0.0,0.0,0,0.0,0.0,0,634926.00,0.00,0.00,245,13.16,3.40,0.00,-2.1,4.998,4.998,4.998,4.998,228
2022-01-05 17:18:22,5.2,10.0,422,0.0,0.0,0,0.0,0.0,0,635348.00,0.00,0.00,230,13.16,3.19,0.00,-2.1,4.998,4.998,4.998,4.998,178
2022-01-05 17:19:22,6.1,6.1,231,0.0,0.0,0,0.0,0.0,0,635579.00,0.00,0.00,244,13.16,3.39,0.00,-2.1,4.998,4.998,4.998,4.998,40
2022-01-05 17:20:22,4.9,6.3,266,0.0,0.0,0,0.0,0.0,0,635845.00,0.00,0.00,217,13.16,3.02,0.00,-2.6,4.998,4.998,4.998,4.998,143
2022-01-05 17:21:22,4.4,7.4,306,0.0,0.0,0,0.0,0.0,0,636151.00,0.00,0.00,247,13.12,3.44,0.00,-2.1,4.998,4.998,4.998,4.998,214
2022-01-05 17:22:22,4.3,6.7,252,0.0,0.0,0,0.0,0.0,0,636403.00,0.00,0.00,245,13.16,3.40,0.00,-2.6,4.998,4.998,4.998,4.998,40
2022-01-05 17:23:22,1.5,4.5,152,0.0,0.0,0,0.0,0.0,0,636555.00,0.00,0.00,245,13.12,3.40,0.00,-2.1,4.998,4.998,4.998,4.998,63
2022-01-05 17:24:22,4.2,6.0,214,0.0,0.0,0,0.0,0.0,0,636769.00,0.00,0.00,220,13.16,3.06,0.00,-2.1,4.998,4.998,4.998,4.998,220
2022-01-05 17:25:22,3.4,6.0,200,0.0,0.0,0,0.0,0.0,0,636969.00,0.00,0.00,230,13.16,3.20,0.00,-2.1,4.998,4.998,4.998,4.998,246
2022-01-05 17:26:22,3.9,8.4,303,0.0,0.0,0,0.0,0.0,0,637272.00,0.00,0.00,236,13.12,3.28,0.00,-2.1,4.998,4.998,4.998,4.998,153
2022-01-05 17:27:22,3.6,7.1,259,0.0,0.0,0,0.0,0.0,0,637531.00,0.00,0.00,238,13.12,3.31,0.00,-2.1,4.998,4.998,4.998,4.998,139
2022-01-05 17:28:22,6.1,7.7,306,0.0,0.0,0,0.0,0.0,0,637837.00,0.00,0.00,231,13.12,3.21,0.00,-2.6,4.998,4.998,4.998,4.998,173
2022-01-05 17:29:22,5.0,6.7,253,0.0,0.0,0,0.0,0.0,0,638090.00,0.00,0.00,234,13.12,3.25,0.00,-2.1,4.998,4.998,4.998,4.998,35
2022-01-05 17:30:22,7.3,8.5,344,0.0,0.0,0,0.0,0.0,0,638434.00,0.00,0.00,252,13.12,3.50,0.00,-2.1,4.998,4.998,4.998,4.998,70
2022-01-05 17:31:22,2.4,8.5,208,0.0,0.0,0,0.0,0.0,0,638642.00,0.00,0.00,214,13.12,2.98,0.00,-2.6,4.998,4.998,4.998,4.998,196
2022-01-05 17:32:22,3.6,6.9,263,0.0,0.0,0,0.0,0.0,0,638905.00,0.00,0.00,245,13.12,3.40,0.00,-2.6,4.998,4.998,4.998,4.998,28
2022-01-05 17:33:22,2.4,3.9,148,0.0,0.0,0,0.0,0.0,0,639053.00,0.00,0.00,245,13.12,3.40,0.00,-2.6,4.998,4.998,4.998,4.998,247
2022-01-05 17:34:22,2.9,4.1,143,0.0,0.0,0,0.0,0.0,0,639196.00,0.00,0.00,243,13.12,3.37,0.00,-3.1,4.998,4.998,4.998,4.998,137
2022-01-05 17:35:22,4.8,5.5,161,0.0,0.0,0,0.0,0.0,0,639357.00,0.00,0.00,247,13.12,3.43,0.00,-2.6,4.998,4.998,4.998,4.998,46
2022-01-05 17:36:22,3.3,7.0,264,0.0,0.0,0,0.0,0.0,0,639621.00,0.00,0.00,244,13.12,3.39,0.00,-3.1,4.998,4.998,4.998,4.998,42
2022-01-05 17:37:22,5.1,5.1,128,0.0,0.0,0,0.0,0.0,0,639749.00,0.00,0.00,244,13.08,3.39,0.00,-2.6,4.998,4.998,4.998,4.998,229
2022-01-05 17:38:22,6.2,9.3,386,0.0,0.0,0,0.0,0.0,0,640135.00,0.00,0.00,233,13.12,3.24,0.00,-2.6,4.998,4.998,4.998,4.998,76
2022-01-05 17:39:22,5.3,6.7,260,0.0,0.0,0,0.0,0.0,0,640395.00,0.00,0.00,243,13.08,3.38,0.00,-3.1,4.998,4.998,4.998,4.998,57
2022-01-05 17:40:22,4.3,6.6,291,0.0,0.0,0,0.0,0.0,0,640686.00,0.00,0.00,229,13.08,3.18,0.00,-2.6,4.998,4.998,4.998,4.998,150
2022-01-05 17:41:22,5.9,6.1,233,0.0,0.0,0,0.0,0.0,0,640919.00,0.00,0.00,247,13.08,3.43,0.00,-2.6,4.998,4.998,4.998,4.998,114
2022-01-05 17:42:22,4.5,6.1,283,0.0,0.0,0,0.0,0.0,0,641202.00,0.00,0.00,246,13.08,3.42,0.00,-2.6,4.998,4.998,4.998,4.998,72
2022-01-05 17:43:22,5.7,7.0,302,0.0,0.0,0,0.0,0.0,0,641504.00,0.00,0.00,253,13.08,3.51,0.00,-2.1,4.998,4.998,4.998,4.998,228
2022-01-05 17:44:22,4.4,6.9,292,0.0,0.0,0,0.0,0.0,0,641796.00,0.00,0.00,238,13.08,3.31,0.00,-2.6,4.998,4.998,4.998,4.998,58
2022-01-05 17:45:22,7.1,7.4,287,0.0,0.0,0,0.0,0.0,0,642083.00,0.00,0.00,237,13.08,3.29,0.00,-2.6,4.998,4.998,4.998,4.998,144
2022-01-05 17:46:22,6.2,10.0,429,0.0,0.0,0,0.0,0.0,0,642512.00,0.00,0.00,244,13.08,3.39,0.00,-2.6,4.998,4.998,4.998,4.998,190
2022-01-05 17:47:22,6.8,7.0,295,0.0,0.0,0,0.0,0.0,0,642807.00,0.00,0.00,251,13.08,3.48,0.00,-2.6,4.998,4.998,4.998,4.998,158
2022-01-05 17:48:22,4.6,6.9,274,0.0,0.0,0,0.0,0.0,0,643081.00,0.00,0.00,233,13.08,3.23,0.00,-2.6,4.998,4.998,4.998,4.998,13
2022-01-05 17:49:22,2.3,4.5,87,0.0,0.0,0,0.0,0.0,0,643168.00,0.00,0.00,232,13.08,3.23,0.00,-2.6,4.998,4.998,4.998,4.998,157
2022-01-05 17:50:22,2.0,4.7,149,0.0,0.0,0,0.0,0.0,0,643317.00,0.00,0.00,233,13.08,3.23,0.00,-2.6,4.998,4.998,4.998,4.998,12
2022-01-05 17:51:22,2.4,5.0,157,0.0,0.0,0,0.0,0.0,0,643474.00,0.00,0.00,239,13.08,3.33,0.00,-2.6,4.998,4.998,4.998,4.998,120
2022-01-05 17:52:22,2.1,3.8,158,0.0,0.0,0,0.0,0.0,0,643632.00,0.00,0.00,212,13.08,2.95,0.00,-2.6,4.998,4.998,4.998,4.998,235
2022-01-05 17:53:22,4.5,6.9,178,0.0,0.0,0,0.0,0.0,0,643810.00,0.00,0.00,234,13.08,3.25,0.00,-2.6,4.998,4.998,4.998,4.998,71
2022-01-05 17:54:22,5.8,6.5,227,0.0,0.0,0,0.0,0.0,0,644037.00,0.00,0.00,238,13.08,3.30,0.00,-2.6,4.998,4.998,4.998,4.998,114
2022-01-05 17:55:22,6.3,6.9,289,0.0,0.0,0,0.0,0.0,0,644326.00,0.00,0.00,217,13.08,3.02,0.00,-2.6,4.998,4.998,4.998,4.998,38
2022-01-05 17:56:22,7.2,10.7,491,0.0,0.0,0,0.0,0.0,0,644817.00,0.00,0.00,196,13.08,2.73,0.00,-2.6,4.998,4.998,4.998,4.998,180
2022-01-05 17:57:22,5.2,12.6,470,0.0,0.0,0,0.0,0.0,0,645287.00,0.00,0.00,205,13.08,2.85,0.00,-2.6,4.998,4.998,4.998,4.998,224
2022-01-05 17:58:22,6.5,8.8,325,0.0,0.0,0,0.0,0.0,0,645612.00,0.00,0.00,201,13.08,2.79,0.00,-2.6,4.998,4.998,4.998,4.998,42
2022-01-05 17:59:22,2.6,6.7,206,0.0,0.0,0,0.0,0.0,0,645818.00,0.00,0.00,216,13.08,3.00,0.00,-2.6,4.998,4.998,4.998,4.998,233
2022-01-05 18:00:22,3.9,5.4,205,0.0,0.0,0,0.0,0.0,0,646023.00,0.00,0.00,224,13.08,3.12,0.00,-3.1,4.998,4.998,4.998,4.998,236
2022-01-05 18:01:22,4.5,9.4,384,0.0,0.0,0,0.0,0.0,0,646407.00,0.00,0.00,200,13.08,2.77,0.00,-2.6,4.998,4.998,4.998,4.998,40
2022-01-05 18:02:22,5.0,7.3,305,0.0,0.0,0,0.0,0.0,0,646712.00,0.00,0.00,213,13.08,2.95,0.00,-2.6,4.998,4.998,4.998,4.998,181
2022-01-05 18:03:22,5.8,6.4,291,0.0,0.0,0,0.0,0.0,0,647003.00,0.00,0.00,205,13.08,2.85,0.00,-2.6,4.998,4.998,4.998,4.998,134
2022-01-05 18:04:22,4.0,6.8,302,0.0,0.0,0,0.0,0.0,0,647305.00,0.00,0.00,190,13.08,2.64,0.00,-2.6,4.998,4.998,4.998,4.998,84
2022-01-05 18:05:22,5.9,6.6,220,0.0,0.0,0,0.0,0.0,0,647525.00,0.00,0.00,240,13.08,3.34,0.00,-2.6,4.998,4.998,4.998,4.998,54
2022-01-05 18:06:22,5.0,6.2,260,0.0,0.0,0,0.0,0.0,0,647785.00,0.00,0.00,207,13.08,2.88,0.00,-2.6,4.998,4.998,4.998,4.998,82
2022-01-05 18:07:22,3.6,9.2,361,0.0,0.0,0,0.0,0.0,0,648146.00,0.00,0.00,218,13.08,3.03,0.00,-3.1,4.998,4.998,4.998,4.998,30
2022-01-05 18:08:22,3.8,7.7,324,0.0,0.0,0,0.0,0.0,0,648470.00,0.00,0.00,185,13.08,2.57,0.00,-2.6,4.998,4.998,4.998,4.998,201
2022-01-05 18:09:22,4.9,6.7,300,0.0,0.0,0,0.0,0.0,0,648770.00,0.00,0.00,224,13.08,3.11,0.00,-2.6,4.998,4.998,4.998,4.998,28
2022-01-05 18:10:22,5.2,10.3,395,0.0,0.0,0,0.0,0.0,0,649165.00,0.00,0.00,221,13.08,3.08,0.00,-2.6,4.998,4.998,4.998,4.998,1
2022-01-05 18:11:22,5.5,11.0,419,0.0,0.0,0,0.0,0.0,0,649584.00,0.00,0.00,249,13.08,3.47,0.00,-2.6,4.998,4.998,4.998,4.998,171
2022-01-05 18:12:22,4.9,7.3,329,0.0,0.0,0,0.0,0.0,0,649913.00,0.00,0.00,233,13.08,3.23,0.00,-3.1,4.998,4.998,4.998,4.998,2
2022-01-05 18:13:22,4.4,8.4,322,0.0,0.0,0,0.0,0.0,0,650235.00,0.00,0.00,237,13.08,3.29,0.00,-2.6,4.998,4.998,4.998,4.998,1
2022-01-05 18:14:22,4.1,7.3,301,0.0,0.0,0,0.0,0.0,0,650536.00,0.00,0.00,225,13.08,3.12,0.00,-3.1,4.998,4.998,4.998,4.998,165
2022-01-05 18:15:22,1.7,6.1,203,0.0,0.0,0,0.0,0.0,0,650739.00,0.00,0.00,222,13.08,3.09,0.00,-2.6,4.998,4.998,4.998,4.998,110
2022-01-05 18:16:22,3.1,6.2,182,0.0,0.0,0,0.0,0.0,0,650921.00,0.00,0.00,216,13.04,3.00,0.00,-2.6,4.998,4.998,4.998,4.998,126
2022-01-05 18:17:22,6.9,6.9,264,0.0,0.0,0,0.0,0.0,0,651185.00,0.00,0.00,252,13.08,3.50,0.00,-3.1,4.998,4.998,4.998,4.998,193
2022-01-05 18:18:22,6.8,9.6,430,0.0,0.0,0,0.0,0.0,0,651615.00,0.00,0.00,225,13.08,3.12,0.00,-3.1,4.998,4.998,4.998,4.998,86
2022-01-05 18:19:22,5.4,7.8,358,0.0,0.0,0,0.0,0.0,0,651973.00,0.00,0.00,221,13.08,3.07,0.00,-3.1,4.998,4.998,4.998,4.998,25
2022-01-05 18:20:22,3.2,6.9,293,0.0,0.0,0,0.0,0.0,0,652266.00,0.00,0.00,228,13.08,3.17,0.00,-2.6,4.998,4.998,4.998,4.998,210
2022-01-05 18:21:22,3.6,6.9,282,0.0,0.0,0,0.0,0.0,0,652548.00,0.00,0.00,233,13.08,3.23,0.00,-3.1,4.998,4.998,4.998,4.998,231
2022-01-05 18:22:22,3.1,9.2,286,0.0,0.0,0,0.0,0.0,0,652834.00,0.00,0.00,251,13.08,3.49,0.00,-3.1,4.998,4.998,4.998,4.998,201
2022-01-05 18:23:22,2.5,6.2,252,0.0,0.0,0,0.0,0.0,0,653086.00,0.00,0.00,224,13.08,3.12,0.00,-3.1,4.998,4.998,4.998,4.998,148
2022-01-05 18:24:22,4.6,5.1,167,0.0,0.0,0,0.0,0.0,0,653253.00,0.00,0.00,245,13.08,3.41,0.00,-3.1,4.998,4.998,4.998,4.998,74
2022-01-05 18:25:22,3.1,6.5,297,0.0,0.0,0,0.0,0.0,0,653550.00,0.00,0.00,250,13.08,3.48,0.00,-3.1,4.998,4.998,4.998,4.998,31
2022-01-05 18:26:22,5.3,6.9,287,0.0,0.0,0,0.0,0.0,0,653837.00,0.00,0.00,277,13.08,3.85,0.00,-3.1,4.998,4.998,4.998,4.998,142
2022-01-05 18:27:22,3.7,5.9,282,0.0,0.0,0,0.0,0.0,0,654119.00,0.00,0.00,299,13.04,4.15,0.00,-3.6,4.998,4.998,4.998,4.998,94
2022-01-05 18:28:22,3.0,5.0,201,0.0,0.0,0,0.0,0.0,0,654320.00,0.00,0.00,287,13.04,3.99,0.00,-4.5,4.998,4.998,4.998,4.998,124
2022-01-05 18:29:22,3.3,3.3,95,0.0,0.0,0,0.0,0.0,0,654415.00,0.00,0.00,288,13.04,4.00,0.00,-4.5,4.998,4.998,4.998,4.998,18
2022-01-05 18:30:22,2.7,3.7,124,0.0,0.0,0,0.0,0.0,0,654539.00,0.00,0.00,288,13.04,4.01,0.00,-5.0,4.998,4.998,4.998,4.998,176
2022-01-05 18:31:22,1.5,3.6,114,0.0,0.0,0,0.0,0.0,0,654653.00,0.00,0.00,297,13.04,4.13,0.00,-5.0,4.998,4.998,4.998,4.998,162
2022-01-05 18:32:22,3.1,3.4,127,0.0,0.0,0,0.0,0.0,0,654780.00,0.00,0.00,296,13.04,4.12,0.00,-5.5,4.998,4.998,4.998,4.998,198
2022-01-05 18:33:22,1.4,3.2,49,0.0,0.0,0,0.0,0.0,0,654829.00,0.00,0.00,297,13.04,4.12,0.00,-5.5,4.998,4.998,4.998,4.998,186
2022-01-05 18:34:22,2.5,4.0,132,0.0,0.0,0,0.0,0.0,0,654961.00,0.00,0.00,310,13.04,4.30,0.00,-5.5,4.998,4.998,4.998,4.998,34
2022-01-05 18:35:22,0.0,4.4,121,0.0,0.0,0,0.0,0.0,0,655082.00,0.00,0.00,313,13.08,4.35,0.00,-5.0,4.998,4.998,4.998,4.998,75
2022-01-05 18:36:22,0.0,0.0,0,0.0,0.0,0,0.0,0.0,0,655082.00,0.00,0.00,313,13.04,4.36,0.00,-5.0,4.998,4.998,4.998,4.998,217
2022-01-05 18:37:22,0.0,0.0,0,0.0,0.0,0,0.0,0.0,0,655082.00,0.00,0.00,313,13.04,4.36,0.00,-5.5,4.998,4.998,4.998,4.998,190
2022-01-05 18:38:22,0.0,0.0,0,0.0,0.0,0,0.0,0.0,0,655082.00,0.00,0.00,313,13.04,4.35,0.00,-5.0,4.998,4.998,4.998,4.998,154
2022-01-05 18:39:22,2.1,2.7,58,0.0,0.0,0,0.0,0.0,0,655140.00,0.00,0.00,313,13.08,4.35,0.00,-5.5,4.998,4.998,4.998,4.998,238
2022-01-05 18:40:22,0.0,2.1,19,0.0,0.0,0,0.0,0.0,0,655159.00,0.00,0.00,313,13.04,4.36,0.00,-5.0,4.998,4.998,4.998,4.998,33
2022-01-05 18:41:22,3.7,6.3,112,0.0,0.0,0,0.0,0.0,0,655271.00,0.00,0.00,2,13.04,0.03,0.00,-5.0,4.998,4.998,4.998,4.998,196
2022-01-05 18:42:22,4.9,4.9,170,0.0,0.0,0,0.0,0.0,0,655441.00,0.00,0.00,5,13.08,0.08,0.00,-5.5,4.998,4.998,4.998,4.998,107
2022-01-05 18:43:22,3.3,7.6,333,0.0,0.0,0,0.0,0.0,0,655774.00,0.00,0.00,350,13.04,4.86,0.00,-5.5,4.998,4.998,4.998,4.998,95
2022-01-05 18:44:22,8.4,8.4,351,0.0,0.0,0,0.0,0.0,0,656125.00,0.00,0.00,355,13.08,4.94,0.00,-5.5,4.998,4.998,4.998,4.998,226
2022-01-05 18:45:22,6.4,8.9,371,0.0,0.0,0,0.0,0.0,0,656496.00,0.00,0.00,341,13.04,4.74,0.00,-6.0,4.998,4.998,4.998,4.998,71
2022-01-05 18:46:22,6.8,11.2,459,0.0,0.0,0,0.0,0.0,0,656955.00,0.00,0.00,352,13.04,4.89,0.00,-6.0,4.998,4.998,4.998,4.998,54
2022-01-05 18:47:22,4.8,8.4,345,0.0,0.0,0,0.0,0.0,0,657300.00,0.00,0.00,354,13.04,4.92,0.00,-6.0,4.998,4.998,4.998,4.998,144
2022-01-05 18:48:22,6.6,8.9,369,0.0,0.0,0,0.0,0.0,0,657669.00,0.00,0.00,357,13.04,4.96,0.00,-6.0,4.998,4.998,4.998,4.998,16
2022-01-05 18:49:22,5.9,8.9,379,0.0,0.0,0,0.0,0.0,0,658048.00,0.00,0.00,4,13.04,0.05,0.00,-6.5,4.998,4.998,4.998,4.998,180
2022-01-05 18:50:22,6.2,7.8,347,0.0,0.0,0,0.0,0.0,0,658395.00,0.00,0.00,10,13.04,0.14,0.00,-6.0,4.998,4.998,4.998,4.998,57
2022-01-05 18:51:22,6.5,7.0,334,0.0,0.0,0,0.0,0.0,0,658729.00,0.00,0.00,338,13.04,4.70,0.00,-6.5,4.998,4.998,4.998,4.998,27
2022-01-05 18:52:22,3.1,6.3,277,0.0,0.0,0,0.0,0.0,0,659006.00,0.00,0.00,249,13.04,3.46,0.00,-6.0,4.998,4.998,4.998,4.998,1
2022-01-05 18:53:22,4.0,5.9,243,0.0,0.0,0,0.0,0.0,0,659249.00,0.00,0.00,335,13.04,4.65,0.00,-6.0,4.998,4.998,4.998,4.998,241
2022-01-05 18:54:22,7.1,7.6,285,0.0,0.0,0,0.0,0.0,0,659534.00,0.00,0.00,332,13.04,4.62,0.00,-6.0,4.998,4.998,4.998,4.998,248
2022-01-05 18:55:22,7.3,10.7,379,0.0,0.0,0,0.0,0.0,0,659913.00,0.00,0.00,330,13.04,4.59,0.00,-6.5,4.998,4.998,4.998,4.998,205
2022-01-05 18:56:22,6.1,10.9,443,0.0,0.0,0,0.0,0.0,0,660356.00,0.00,0.00,359,13.04,4.99,0.00,-6.5,4.998,4.998,4.998,4.998,58
2022-01-05 18:57:22,5.5,10.2,401,0.0,0.0,0,0.0,0.0,0,660757.00,0.00,0.00,345,13.04,4.79,0.00,-6.5,4.998,4.998,4.998,4.998,164
2022-01-05 18:58:22,8.0,8.2,314,0.0,0.0,0,0.0,0.0,0,661071.00,0.00,0.00,349,13.04,4.85,0.00,-6.5,4.998,4.998,4.998,4.998,247
2022-01-05 18:59:22,6.4,8.3,419,0.0,0.0,0,0.0,0.0,0,661490.00,0.00,0.00,346,13.04,4.80,0.00,-6.5,4.998,4.998,4.998,4.998,119
2022-01-05 19:00:22,4.6,7.3,292,0.0,0.0,0,0.0,0.0,0,661782.00,0.00,0.00,4,13.04,0.06,0.00,-6.5,4.998,4.998,4.998,4.998,146
2022-01-05 19:01:22,5.1,5.6,253,0.0,0.0,0,0.0,0.0,0,662035.00,0.00,0.00,355,13.04,4.94,0.00,-7.0,4.998,4.998,4.998,4.998,224
2022-01-05 19:02:22,5.5,7.0,263,0.0,0.0,0,0.0,0.0,0,662298.00,0.00,0.00,331,13.04,4.59,0.00,-6.5,4.998,4.998,4.998,4.998,135
2022-01-05 19:03:22,7.3,8.0,345,0.0,0.0,0,0.0,0.0,0,662643.00,0.00,0.00,0,13.04,0.00,0.00,-7.0,4.998,4.998,4.998,4.998,149
2022-01-05 19:04:22,4.1,8.6,368,0.0,0.0,0,0.0,0.0,0,663011.00,0.00,0.00,8,13.04,0.11,0.00,-6.5,4.998,4.998,4.998,4.998,175
2022-01-05 19:05:22,6.1,8.4,310,0.0,0.0,0,0.0,0.0,0,663321.00,0.00,0.00,1,13.04,0.01,0.00,-6.5,4.998,4.998,4.998,4.998,166
2022-01-05 19:06:22,1.8,8.7,303,0.0,0.0,0,0.0,0.0,0,663624.00,0.00,0.00,354,13.04,4.92,0.00,-7.0,4.998,4.998,4.998,4.998,197
2022-01-05 19:07:22,0.0,2.7,62,0.0,0.0,0,0.0,0.0,0,663686.00,0.00,0.00,354,13.04,4.91,0.00,-6.5,4.998,4.998,4.998,4.998,65
2022-01-05 19:08:22,4.7,5.6,72,0.0,0.0,0,0.0,0.0,0,663758.00,0.00,0.00,9,13.04,0.13,0.00,-6.5,4.998,4.998,4.998,4.998,102
2022-01-05 19:09:22,3.7,4.9,214,0.0,0.0,0,0.0,0.0,0,663972.00,0.00,0.00,22,13.04,0.30,0.00,-6.5,4.998,4.998,4.998,4.998,161
2022-01-05 19:10:22,4.3,8.3,318,0.0,0.0,0,0.0,0.0,0,664290.00,0.00,0.00,15,13.04,0.21,0.00,-6.5,4.998,4.998,4.998,4.998,226
2022-01-05 19:11:22,2.4,7.0,275,0.0,0.0,0,0.0,0.0,0,664565.00,0.00,0.00,355,13.04,4.94,0.00,-7.0,4.998,4.998,4.998,4.998,81
2022-01-05 19:12:22,3.3,6.2,230,0.0,0.0,0,0.0,0.0,0,664795.00,0.00,0.00,324,13.00,4.51,0.00,-6.5,4.998,4.998,4.998,4.998,8
2022-01-05 19:13:22,3.0,4.6,137,0.0,0.0,0,0.0,0.0,0,664932.00,0.00,0.00,331,13.04,4.60,0.00,-7.0,4.998,4.998,4.998,4.998,152
2022-01-05 19:14:22,6.4,9.4,365,0.0,0.0,0,0.0,0.0,0,665297.00,0.00,0.00,320,13.00,4.45,0.00,-7.0,4.998,4.998,4.998,4.998,1
2022-01-05 19:15:22,8.2,8.2,360,0.0,0.0,0,0.0,0.0,0,665657.00,0.00,0.00,5,13.00,0.07,0.00,-7.0,4.998,4.998,4.998,4.998,26
2022-01-05 19:16:22,2.4,8.1,220,0.0,0.0,0,0.0,0.0,0,665877.00,0.00,0.00,351,13.04,4.87,0.00,-6.5,4.998,4.998,4.998,4.998,249
2022-01-05 19:17:22,0.0,3.0,70,0.0,0.0,0,0.0,0.0,0,665947.00,0.00,0.00,350,13.00,4.87,0.00,-6.5,4.998,4.998,4.998,4.998,2
2022-01-05 19:18:22,5.8,6.6,234,0.0,0.0,0,0.0,0.0,0,666181.00,0.00,0.00,2,13.04,0.03,0.00,-7.0,4.998,4.998,4.998,4.998,216
2022-01-05 19:19:22,6.7,7.8,390,0.0,0.0,0,0.0,0.0,0,666571.00,0.00,0.00,20,13.04,0.27,0.00,-7.0,4.998,4.998,4.998,4.998,18
2022-01-05 19:20:22,2.2,7.1,331,0.0,0.0,0,0.0,0.0,0,666902.00,0.00,0.00,357,13.00,4.96,0.00,-7.0,4.998,4.998,4.998,4.998,224
2022-01-05 19:21:22,2.3,5.6,196,0.0,0.0,0,0.0,0.0,0,667098.00,0.00,0.00,358,13.00,4.98,0.00,-7.0,4.998,4.998,4.998,4.998,32
2022-01-05 19:22:22,4.0,5.1,160,0.0,0.0,0,0.0,0.0,0,667258.00,0.00,0.00,3,13.00,0.05,0.00,-7.0,4.998,4.998,4.998,4.998,231
2022-01-05 19:23:22,2.5,4.9,173,0.0,0.0,0,0.0,0.0,0,667431.00,0.00,0.00,359,13.00,4.99,0.00,-7.0,4.998,4.998,4.998,4.998,41
2022-01-05 19:24:22,3.7,4.7,148,0.0,0.0,0,0.0,0.0,0,667579.00,0.00,0.00,343,13.00,4.76,0.00,-6.5,4.998,4.998,4.998,4.998,33
2022-01-05 19:25:22,4.3,6.6,280,0.0,0.0,0,0.0,0.0,0,667859.00,0.00,0.00,349,13.00,4.84,0.00,-7.0,4.998,4.998,4.998,4.998,71
2022-01-05 19:26:22,7.3,9.2,371,0.0,0.0,0,0.0,0.0,0,668230.00,0.00,0.00,13,13.00,0.18,0.00,-7.0,4.998,4.998,4.998,4.998,83
2022-01-05 19:27:22,2.7,7.6,276,0.0,0.0,0,0.0,0.0,0,668506.00,0.00,0.00,0,13.04,0.00,0.00,-6.5,4.998,4.998,4.998,4.998,33
2022-01-05 19:28:22,5.5,6.2,222,0.0,0.0,0,0.0,0.0,0,668728.00,0.00,0.00,353,13.04,4.91,0.00,-6.5,4.998,4.998,4.998,4.998,135
2022-01-05 19:29:22,7.6,7.6,305,0.0,0.0,0,0.0,0.0,0,669033.00,0.00,0.00,9,13.00,0.12,0.00,-7.0,4.998,4.998,4.998,4.998,211
2022-01-05 19:30:22,3.5,7.4,276,0.0,0.0,0,0.0,0.0,0,669309.00,0.00,0.00,4,13.00,0.05,0.00,-7.0,4.998,4.998,4.998,4.998,112
2022-01-05 19:31:22,5.2,5.9,214,0.0,0.0,0,0.0,0.0,0,669523.00,0.00,0.00,24,13.00,0.34,0.00,-6.5,4.998,4.998,4.998,4.998,0
2022-01-05 19:32:22,5.9,8.2,277,0.0,0.0,0,0.0,0.0,0,669800.00,0.00,0.00,336,13.00,4.67,0.00,-6.5,4.998,4.998,4.998,4.998,9
2022-01-05 19:33:22,6.9,9.8,395,0.0,0.0,0,0.0,0.0,0,670195.00,0.00,0.00,359,13.00,4.99,0.00,-7.0,4.998,4.998,4.998,4.998,226
2022-01-05 19:34:22,3.4,7.5,274,0.0,0.0,0,0.0,0.0,0,670469.00,0.00,0.00,341,13.00,4.74,0.00,-7.0,4.998,4.998,4.998,4.998,110
2022-01-05 19:35:22,3.5,7.9,291,0.0,0.0,0,0.0,0.0,0,670760.00,0.00,0.00,359,13.00,4.99,0.00,-7.0,4.998,4.998,4.998,4.998,130
2022-01-05 19:36:22,3.2,6.1,267,0.0,0.0,0,0.0,0.0,0,671027.00,0.00,0.00,345,13.00,4.79,0.00,-7.0,4.998,4.998,4.998,4.998,62
2022-01-05 19:37:22,7.1,9.0,228,0.0,0.0,0,0.0,0.0,0,671255.04,0.00,0.00,9,13.00,0.13,0.00,-7.0,4.998,4.998,4.998,4.998,22
2022-01-05 19:38:22,6.4,8.7,350,0.0,0.0,0,0.0,0.0,0,671605.04,0.00,0.00,3,13.00,0.05,0.00,-7.0,4.998,4.998,4.998,4.998,158
2022-01-05 19:39:22,4.0,7.7,299,0.0,0.0,0,0.0,0.0,0,671904.00,0.00,0.00,4,13.00,0.06,0.00,-7.5,4.998,4.998,4.998,4.998,219
2022-01-05 19:40:22,4.7,7.5,324,0.0,0.0,0,0.0,0.0,0,672228.00,0.00,0.00,6,13.00,0.09,0.00,-7.0,4.998,4.998,4.998,4.998,161
2022-01-05 19:41:22,3.6,6.5,255,0.0,0.0,0,0.0,0.0,0,672483.04,0.00,0.00,0,13.00,0.00,0.00,-7.5,4.998,4.998,4.998,4.998,114
2022-01-05 19:42:22,2.6,6.0,263,0.0,0.0,0,0.0,0.0,0,672746.00,0.00,0.00,7,13.00,0.09,0.00,-7.5,4.998,4.998,4.998,4.998,49
2022-01-05 19:43:22,5.9,7.4,252,0.0,0.0,0,0.0,0.0,0,672998.00,0.00,0.00,7,13.00,0.10,0.00,-7.5,4.998,4.998,4.998,4.998,15
2022-01-05 19:44:22,5.4,8.8,428,0.0,0.0,0,0.0,0.0,0,673426.00,0.00,0.00,356,13.00,4.95,0.00,-7.0,4.998,4.998,4.998,4.998,123
2022-01-05 19:45:22,9.3,9.3,429,0.0,0.0,0,0.0,0.0,0,673855.04,0.00,0.00,347,13.00,4.82,0.00,-7.5,4.998,4.998,4.998,4.998,133
2022-01-05 19:46:22,6.5,9.3,450,0.0,0.0,0,0.0,0.0,0,674305.04,0.00,0.00,7,12.96,0.10,0.00,-7.5,4.998,4.998,4.998,4.998,89
2022-01-05 19:47:22,6.0,11.2,459,0.0,0.0,0,0.0,0.0,0,674764.00,0.00,0.00,359,13.00,4.99,0.00,-7.5,4.998,4.998,4.998,4.998,37
2022-01-05 19:48:22,5.6,7.0,351,0.0,0.0,0,0.0,0.0,0,675115.04,0.00,0.00,0,13.00,0.00,0.00,-7.5,4.998,4.998,4.998,4.998,160
2022-01-05 19:49:22,6.5,7.4,298,0.0,0.0,0,0.0,0.0,0,675413.04,0.00,0.00,7,13.00,0.10,0.00,-7.0,4.998,4.998,4.998,4.998,64
2022-01-05 19:50:22,8.5,8.6,352,0.0,0.0,0,0.0,0.0,0,675765.04,0.00,0.00,3,13.00,0.04,0.00,-7.5,4.998,4.998,4.998,4.998,247
2022-01-05 19:51:22,7.3,9.0,436,0.0,0.0,0,0.0,0.0,0,676201.04,0.00,0.00,359,13.00,4.99,0.00,-7.5,4.998,4.998,4.998,4.998,46
2022-01-05 19:52:22,4.5,7.7,351,0.0,0.0,0,0.0,0.0,0,676552.00,0.00,0.00,4,13.00,0.06,0.00,-7.0,4.998,4.998,4.998,4.998,243
2022-01-05 19:53:22,2.5,8.7,332,0.0,0.0,0,0.0,0.0,0,676884.00,0.00,0.00,11,13.00,0.16,0.00,-7.5,4.998,4.998,4.998,4.998,182
2022-01-05 19:54:22,2.9,5.7,228,0.0,0.0,0,0.0,0.0,0,677112.00,0.00,0.00,346,13.00,4.81,0.00,-7.5,4.998,4.998,4.998,4.998,239
2022-01-05 19:55:22,5.0,6.3,289,0.0,0.0,0,0.0,0.0,0,677401.04,0.00,0.00,5,13.00,0.07,0.00,-7.5,4.998,4.998,4.998,4.998,245
2022-01-05 19:56:22,3.5,5.9,281,0.0,0.0,0,0.0,0.0,0,677682.00,0.00,0.00,10,13.00,0.14,0.00,-7.0,4.998,4.998,4.998,4.998,92
2022-01-05 19:57:22,4.4,4.8,229,0.0,0.0,0,0.0,0.0,0,677911.04,0.00,0.00,10,13.00,0.14,0.00,-7.0,4.998,4.998,4.998,4.998,128
2022-01-05 19:58:22,1.4,4.6,169,0.0,0.0,0,0.0,0.0,0,678080.00,0.00,0.00,10,13.00,0.14,0.00,-7.0,4.998,4.998,4.998,4.998,124
2022-01-05 19:59:22,6.0,6.9,147,0.0,0.0,0,0.0,0.0,0,678227.04,0.00,0.00,6,13.00,0.09,0.00,-7.5,4.998,4.998,4.998,4.998,155
2022-01-05 20:00:22,4.8,8.3,312,0.0,0.0,0,0.0,0.0,0,678539.04,0.00,0.00,16,13.00,0.22,0.00,-7.5,4.998,4.998,4.998,4.998,200
2022-01-05 20:01:22,5.1,6.8,307,0.0,0.0,0,0.0,0.0,0,678846.00,0.00,0.00,20,13.00,0.27,0.00,-7.5,4.998,4.998,4.998,4.998,213
2022-01-05 20:02:22,6.9,10.2,464,0.0,0.0,0,0.0,0.0,0,679310.00,0.00,0.00,0,13.00,0.00,0.00,-7.5,4.998,4.998,4.998,4.998,151
2022-01-05 20:03:22,7.4,9.8,413,0.0,0.0,0,0.0,0.0,0,679723.04,0.00,0.00,3,13.00,0.04,0.00,-8.0,4.998,4.998,4.998,4.998,177
2022-01-05 20:04:22,6.3,7.4,314,0.0,0.0,0,0.0,0.0,0,680037.04,0.00,0.00,11,13.00,0.16,0.00,-7.5,4.998,4.998,4.998,4.998,191
2022-01-05 20:05:22,5.6,8.3,366,0.0,0.0,0,0.0,0.0,0,680403.04,0.00,0.00,0,13.00,0.00,0.00,-8.0,4.998,4.998,4.998,4.998,71
2022-01-05 20:06:22,6.4,6.4,274,0.0,0.0,0,0.0,0.0,0,680677.04,0.00,0.00,12,13.00,0.17,0.00,-7.5,4.998,4.998,4.998,4.998,152
2022-01-05 20:07:22,7.2,9.2,391,0.0,0.0,0,0.0,0.0,0,681068.00,0.00,0.00,0,13.00,0.00,0.00,-7.5,4.998,4.998,4.998,4.998,204
2022-01-05 20:08:22,2.6,7.4,282,0.0,0.0,0,0.0,0.0,0,681350.00,0.00,0.00,347,13.00,4.82,0.00,-7.5,4.998,4.998,4.998,4.998,147
2022-01-05 20:09:22,2.1,4.7,185,0.0,0.0,0,0.0,0.0,0,681535.04,0.00,0.00,0,13.00,0.00,0.00,-7.5,4.998,4.998,4.998,4.998,98
2022-01-05 20:10:22,5.8,6.3,215,0.0,0.0,0,0.0,0.0,0,681750.00,0.00,0.00,355,12.96,4.93,0.00,-7.5,4.998,4.998,4.998,4.998,122
2022-01-05 20:11:22,3.3,6.5,274,0.0,0.0,0,0.0,0.0,0,682024.00,0.00,0.00,19,12.96,0.26,0.00,-7.5,4.998,4.998,4.998,4.998,24
2022-01-05 20:12:22,3.9,4.6,177,0.0,0.0,0,0.0,0.0,0,682201.04,0.00,0.00,354,13.00,4.91,0.00,-7.5,4.998,4.998,4.998,4.998,60
2022-01-05 20:13:22,4.7,5.3,270,0.0,0.0,0,0.0,0.0,0,682471.04,0.00,0.00,358,12.96,4.98,0.00,-7.5,4.998,4.998,4.998,4.998,82
2022-01-05 20:14:22,5.7,6.9,324,0.0,0.0,0,0.0,0.0,0,682795.04,0.00,0.00,2,12.96,0.02,0.00,-7.5,4.998,4.998,4.998,4.998,126
2022-01-05 20:15:22,4.8,5.9,277,0.0,0.0,0,0.0,0.0,0,683072.00,0.00,0.00,2,12.96,0.03,0.00,-7.5,4.998,4.998,4.998,4.998,248
2022-01-05 20:16:22,5.5,7.7,362,0.0,0.0,0,0.0,0.0,0,683434.00,0.00,0.00,9,13.00,0.13,0.00,-8.0,4.998,4.998,4.998,4.998,219
2022-01-05 20:17:22,3.8,9.0,311,0.0,0.0,0,0.0,0.0,0,683745.04,0.00,0.00,19,13.00,0.26,0.00,-7.5,4.998,4.998,4.998,4.998,138
2022-01-05 20:18:22,5.4,5.9,216,0.0,0.0,0,0.0,0.0,0,683961.04,0.00,0.00,359,12.96,4.99,0.00,-7.5,4.998,4.998,4.998,4.998,246
2022-01-05 20:19:22,3.7,5.5,251,0.0,0.0,0,0.0,0.0,0,684212.00,0.00,0.00,359,13.00,4.99,0.00,-8.0,4.998,4.998,4.998,4.998,10
2022-01-05 20:20:22,4.6,6.8,304,0.0,0.0,0,0.0,0.0,0,684516.00,0.00,0.00,19,12.96,0.26,0.00,-8.0,4.998,4.998,4.998,4.998,255
2022-01-05 20:21:22,4.9,6.5,291,0.0,0.0,0,0.0,0.0,0,684807.04,0.00,0.00,335,12.96,4.66,0.00,-7.5,4.998,4.998,4.998,4.998,123
2022-01-05 20:22:22,4.6,9.3,400,0.0,0.0,0,0.0,0.0,0,685207.04,0.00,0.00,347,12.96,4.82,0.00,-8.0,4.998,4.998,4.998,4.998,86
2022-01-05 20:23:22,4.6,6.7,249,0.0,0.0,0,0.0,0.0,0,685456.00,0.00,0.00,343,13.00,4.77,0.00,-7.5,4.998,4.998,4.998,4.998,112
2022-01-05 20:24:22,7.4,9.0,341,0.0,0.0,0,0.0,0.0,0,685797.04,0.00,0.00,6,12.96,0.08,0.00,-8.0,4.998,4.998,4.998,4.998,231
2022-01-05 20:25:22,5.5,7.3,292,0.0,0.0,0,0.0,0.0,0,686089.04,0.00,0.00,359,12.96,4.99,0.00,-7.5,4.998,4.998,4.998,4.998,59
2022-01-05 20:26:22,5.4,8.0,355,0.0,0.0,0,0.0,0.0,0,686444.00,0.00,0.00,0,13.00,0.00,0.00,-8.0,4.998,4.998,4.998,4.998,143
2022-01-05 20:27:22,6.9,7.2,312,0.0,0.0,0,0.0,0.0,0,686756.00,0.00,0.00,9,13.00,0.13,0.00,-8.0,4.998,4.998,4.998,4.998,151
2022-01-05 20:28:22,5.5,7.3,344,0.0,0.0,0,0.0,0.0,0,687100.00,0.00,0.00,23,12.96,0.32,0.00,-8.0,4.998,4.998,4.998,4.998,19
2022-01-05 20:29:22,5.1,6.4,289,0.0,0.0,0,0.0,0.0,0,687389.04,0.00,0.00,2,12.96,0.03,0.00,-8.0,4.998,4.998,4.998,4.998,37
2022-01-05 20:30:22,5.2,6.0,252,0.0,0.0,0,0.0,0.0,0,687641.04,0.00,0.00,8,12.96,0.12,0.00,-8.0,4.998,4.998,4.998,4.998,147
2022-01-05 20:31:22,7.9,12.8,410,0.0,0.0,0,0.0,0.0,0,688051.04,0.00,0.00,16,12.96,0.22,0.00,-8.0,4.998,4.998,4.998,4.998,124
2022-01-05 20:32:22,6.2,9.3,463,0.0,0.0,0,0.0,0.0,0,688514.00,0.00,0.00,22,12.96,0.31,0.00,-8.0,4.998,4.998,4.998,4.998,167
2022-01-05 20:33:22,5.8,10.4,446,0.0,0.0,0,0.0,0.0,0,688960.00,0.00,0.00,15,12.96,0.20,0.00,-7.5,4.998,4.998,4.998,4.998,119
2022-01-05 20:34:22,4.9,8.4,379,0.0,0.0,0,0.0,0.0,0,689339.04,0.00,0.00,5,13.00,0.07,0.00,-8.0,4.998,4.998,4.998,4.998,123
2022-01-05 20:35:22,3.7,10.3,388,0.0,0.0,0,0.0,0.0,0,689727.04,0.00,0.00,0,12.96,0.00,0.00,-8.5,4.998,4.998,4.998,4.998,184
2022-01-05 20:36:22,5.4,9.7,307,0.0,0.0,0,0.0,0.0,0,690034.00,0.00,0.00,356,12.96,4.95,0.00,-8.0,4.998,4.998,4.998,4.998,101
2022-01-05 20:37:22,5.1,7.4,308,0.0,0.0,0,0.0,0.0,0,690342.00,0.00,0.00,359,12.96,4.99,0.00,-8.0,4.998,4.998,4.998,4.998,253
2022-01-05 20:38:22,5.0,7.7,348,0.0,0.0,0,0.0,0.0,0,690690.00,0.00,0.00,8,12.96,0.12,0.00,-8.0,4.998,4.998,4.998,4.998,19
2022-01-05 20:39:22,4.5,7.7,345,0.0,0.0,0,0.0,0.0,0,691035.04,0.00,0.00,359,12.96,4.99,0.00,-8.0,4.998,4.998,4.998,4.998,68
2022-01-05 20:40:22,4.6,7.7,337,0.0,0.0,0,0.0,0.0,0,691372.00,0.00,0.00,2,12.96,0.03,0.00,-8.0,4.998,4.998,4.998,4.998,222
2022-01-05 20:41:22,5.2,6.9,268,0.0,0.0,0,0.0,0.0,0,691640.00,0.00,0.00,0,12.96,0.00,0.00,-7.5,4.998,4.998,4.998,4.998,153
2022-01-05 20:42:22,7.0,9.4,343,0.0,0.0,0,0.0,0.0,0,691983.04,0.00,0.00,5,12.96,0.07,0.00,-8.0,4.998,4.998,4.998,4.998,165
2022-01-05 20:43:22,3.6,7.3,271,0.0,0.0,0,0.0,0.0,0,692254.00,0.00,0.00,17,12.96,0.24,0.00,-8.5,4.998,4.998,4.998,4.998,224
2022-01-05 20:44:22,4.5,6.0,248,0.0,0.0,0,0.0,0.0,0,692502.00,0.00,0.00,23,12.96,0.33,0.00,-8.0,4.998,4.998,4.998,4.998,86
2022-01-05 20:45:22,6.5,8.7,373,0.0,0.0,0,0.0,0.0,0,692875.04,0.00,0.00,10,12.96,0.15,0.00,-8.0,4.998,4.998,4.998,4.998,104
2022-01-05 20:46:22,4.0,6.4,292,0.0,0.0,0,0.0,0.0,0,693167.04,0.00,0.00,355,12.96,4.93,0.00,-8.0,4.998,4.998,4.998,4.998,228
2022-01-05 20:47:22,5.7,8.2,323,0.0,0.0,0,0.0,0.0,0,693490.00,0.00,0.00,1,12.96,0.02,0.00,-8.0,4.998,4.998,4.998,4.998,149
2022-01-05 20:48:22,7.2,8.4,369,0.0,0.0,0,0.0,0.0,0,693859.04,0.00,0.00,356,12.96,4.94,0.00,-8.0,4.998,4.998,4.998,4.998,82
2022-01-05 20:49:22,6.5,9.1,410,0.0,0.0,0,0.0,0.0,0,694269.04,0.00,0.00,18,12.96,0.26,0.00,-8.0,4.998,4.998,4.998,4.998,19
2022-01-05 20:50:22,7.1,8.2,356,0.0,0.0,0,0.0,0.0,0,694625.04,0.00,0.00,346,12.96,4.80,0.00,-8.0,4.998,4.998,4.998,4.998,146
2022-01-05 20:51:22,3.8,8.6,340,0.0,0.0,0,0.0,0.0,0,694965.04,0.00,0.00,346,12.96,4.81,0.00,-8.0,4.998,4.998,4.998,4.998,61
2022-01-05 20:52:22,8.5,8.5,366,0.0,0.0,0,0.0,0.0,0,695331.04,0.00,0.00,4,12.96,0.05,0.00,-8.5,4.998,4.998,4.998,4.998,203
2022-01-05 20:53:22,4.8,9.1,360,0.0,0.0,0,0.0,0.0,0,695691.04,0.00,0.00,6,12.96,0.08,0.00,-8.0,4.998,4.998,4.998,4.998,22
2022-01-05 20:54:22,7.0,9.1,429,0.0,0.0,0,0.0,0.0,0,696120.00,0.00,0.00,9,12.96,0.13,0.00,-8.0,4.998,4.998,4.998,4.998,227
2022-01-05 20:55:22,4.3,7.5,344,0.0,0.0,0,0.0,0.0,0,696464.00,0.00,0.00,5,12.96,0.07,0.00,-8.5,4.998,4.998,4.998,4.998,245
2022-01-05 20:56:22,4.7,6.3,289,0.0,0.0,0,0.0,0.0,0,696753.04,0.00,0.00,7,12.96,0.10,0.00,-8.0,4.998,4.998,4.998,4.998,55
2022-01-05 20:57:22,4.7,6.3,296,0.0,0.0,0,0.0,0.0,0,697049.04,0.00,0.00,0,12.96,0.00,0.00,-8.0,4.998,4.998,4.998,4.998,132
2022-01-05 20:58:22,4.7,8.3,378,0.0,0.0,0,0.0,0.0,0,697427.04,0.00,0.00,7,12.96,0.10,0.00,-8.5,4.998,4.998,4.998,4.998,101
2022-01-05 20:59:22,6.0,6.8,322,0.0,0.0,0,0.0,0.0,0,697749.04,0.00,0.00,21,12.96,0.29,0.00,-8.0,4.998,4.998,4.998,4.998,140
2022-01-05 21:00:22,4.4,6.8,303,0.0,0.0,0,0.0,0.0,0,698052.00,0.00,0.00,18,12.96,0.25,0.00,-8.5,4.998,4.998,4.998,4.998,99
2022-01-05 21:01:22,4.4,6.4,272,0.0,0.0,0,0.0,0.0,0,698324.00,0.00,0.00,16,12.96,0.22,0.00,-8.0,4.998,4.998,4.998,4.998,176
2022-01-05 21:02:22,4.1,5.1,223,0.0,0.0,0,0.0,0.0,0,698547.04,0.00,0.00,16,12.96,0.22,0.00,-8.5,4.998,4.998,4.998,4.998,56
2022-01-05 21:03:22,6.9,7.4,251,0.0,0.0,0,0.0,0.0,0,698798.00,0.00,0.00,7,12.96,0.09,0.00,-8.0,4.998,4.998,4.998,4.998,255
2022-01-05 21:04:22,5.1,8.1,398,0.0,0.0,0,0.0,0.0,0,699196.00,0.00,0.00,1,12.96,0.01,0.00,-8.0,4.998,4.998,4.998,4.998,221
2022-01-05 21:05:22,5.7,6.3,264,0.0,0.0,0,0.0,0.0,0,699460.00,0.00,0.00,0,12.96,0.00,0.00,-8.0,4.998,4.998,4.998,4.998,204
2022-01-05 21:06:22,4.0,6.4,274,0.0,0.0,0,0.0,0.0,0,699734.00,0.00,0.00,17,12.96,0.23,0.00,-8.0,4.998,4.998,4.998,4.998,43
2022-01-05 21:07:22,3.4,5.0,214,0.0,0.0,0,0.0,0.0,0,699948.00,0.00,0.00,15,12.96,0.21,0.00,-8.5,4.998,4.998,4.998,4.998,95
2022-01-05 21:08:22,2.9,3.9,182,0.0,0.0,0,0.0,0.0,0,700130.00,0.00,0.00,15,12.96,0.21,0.00,-8.0,4.998,4.998,4.998,4.998,135
2022-01-05 21:09:22,5.2,6.6,286,0.0,0.0,0,0.0,0.0,0,700416.00,0.00,0.00,350,12.96,4.87,0.00,-8.5,4.998,4.998,4.998,4.998,162
2022-01-05 21:10:22,5.2,6.3,306,0.0,0.0,0,0.0,0.0,0,700722.00,0.00,0.00,0,12.96,0.00,0.00,-8.5,4.998,4.998,4.998,4.998,169
2022-01-05 21:11:22,3.8,6.0,264,0.0,0.0,0,0.0,0.0,0,700986.00,0.00,0.00,11,12.96,0.16,0.00,-8.0,4.998,4.998,4.998,4.998,89
2022-01-05 21:12:22,4.5,4.9,216,0.0,0.0,0,0.0,0.0,0,701202.00,0.00,0.00,0,12.96,0.00,0.00,-8.5,4.998,4.998,4.998,4.998,89
2022-01-05 21:13:22,5.7,6.2,244,0.0,0.0,0,0.0,0.0,0,701446.00,0.00,0.00,3,12.96,0.04,0.00,-8.0,4.998,4.998,4.998,4.998,145
2022-01-05 21:14:22,6.1,8.0,340,0.0,0.0,0,0.0,0.0,0,701786.00,0.00,0.00,27,12.96,0.38,0.00,-8.0,4.998,4.998,4.998,4.998,141
2022-01-05 21:15:22,3.1,6.3,305,0.0,0.0,0,0.0,0.0,0,702091.04,0.00,0.00,358,12.96,4.97,0.00,-8.5,4.998,4.998,4.998,4.998,50
2022-01-05 21:16:22,6.5,8.1,355,0.0,0.0,0,0.0,0.0,0,702446.00,0.00,0.00,1,12.96,0.01,0.00,-8.0,4.998,4.998,4.998,4.998,162
2022-01-05 21:17:22,4.6,7.9,305,0.0,0.0,0,0.0,0.0,0,702751.04,0.00,0.00,4,12.92,0.05,0.00,-8.5,4.998,4.998,4.998,4.998,248
2022-01-05 21:18:22,5.3,7.1,297,0.0,0.0,0,0.0,0.0,0,703048.00,0.00,0.00,336,12.96,4.66,0.00,-8.5,4.998,4.998,4.998,4.998,12
2022-01-05 21:19:22,2.5,5.6,197,0.0,0.0,0,0.0,0.0,0,703245.04,0.00,0.00,336,12.96,4.66,0.00,-8.5,4.998,4.998,4.998,4.998,98
2022-01-05 21:20:22,1.6,4.9,122,0.0,0.0,0,0.0,0.0,0,703367.04,0.00,0.00,2,12.96,0.02,0.00,-8.0,4.998,4.998,4.998,4.998,151
2022-01-05 21:21:22,4.7,8.1,291,0.0,0.0,0,0.0,0.0,0,703658.00,0.00,0.00,12,12.96,0.17,0.00,-8.5,4.998,4.998,4.998,4.998,18
2022-01-05 21:22:22,4.1,6.4,283,0.0,0.0,0,0.0,0.0,0,703941.04,0.00,0.00,0,12.96,0.00,0.00,-8.0,4.998,4.998,4.998,4.998,84
2022-01-05 21:23:22,4.2,7.0,310,0.0,0.0,0,0.0,0.0,0,704251.04,0.00,0.00,1,12.96,0.01,0.00,-8.5,4.998,4.998,4.998,4.998,83
2022-01-05 21:24:22,6.2,6.2,258,0.0,0.0,0,0.0,0.0,0,704509.04,0.00,0.00,0,12.92,0.00,0.00,-8.5,4.998,4.998,4.998,4.998,102
2022-01-05 21:25:22,3.4,6.6,283,0.0,0.0,0,0.0,0.0,0,704792.00,0.00,0.00,14,12.92,0.19,0.00,-8.0,4.998,4.998,4.998,4.998,51
2022-01-05 21:26:22,4.1,5.8,227,0.0,0.0,0,0.0,0.0,0,705019.04,0.00,0.00,17,12.96,0.24,0.00,-8.0,4.998,4.998,4.998,4.998,172
2022-01-05 21:27:22,4.6,6.2,236,0.0,0.0,0,0.0,0.0,0,705255.04,0.00,0.00,10,12.92,0.14,0.00,-8.5,4.998,4.998,4.998,4.998,231
2022-01-05 21:28:22,4.2,5.1,254,0.0,0.0,0,0.0,0.0,0,705509.04,0.00,0.00,345,12.96,4.79,0.00,-8.5,4.998,4.998,4.998,4.998,201
2022-01-05 21:29:22,4.2,8.2,377,0.0,0.0,0,0.0,0.0,0,705886.00,0.00,0.00,22,12.92,0.31,0.00,-8.0,4.998,4.998,4.998,4.998,17
2022-01-05 21:30:22,4.9,6.4,291,0.0,0.0,0,0.0,0.0,0,706177.04,0.00,0.00,352,12.96,4.89,0.00,-8.5,4.998,4.998,4.998,4.998,130
2022-01-05 21:31:22,3.7,5.9,249,0.0,0.0,0,0.0,0.0,0,706426.00,0.00,0.00,352,12.96,4.90,0.00,-8.5,4.998,4.998,4.998,4.998,87
2022-01-05 21:32:22,5.3,7.8,265,0.0,0.0,0,0.0,0.0,0,706691.04,0.00,0.00,2,12.96,0.03,0.00,-8.5,4.998,4.998,4.998,4.998,80
2022-01-05 21:33:22,3.2,7.3,281,0.0,0.0,0,0.0,0.0,0,706972.00,0.00,0.00,358,12.92,4.98,0.00,-8.5,4.998,4.998,4.998,4.998,228
2022-01-05 21:34:22,2.7,6.8,247,0.0,0.0,0,0.0,0.0,0,707219.04,0.00,0.00,340,12.96,4.73,0.00,-8.5,4.998,4.998,4.998,4.998,164
2022-01-05 21:35:22,3.9,5.6,223,0.0,0.0,0,0.0,0.0,0,707442.00,0.00,0.00,9,12.96,0.13,0.00,-8.5,4.998,4.998,4.998,4.998,141
2022-01-05 21:36:22,3.7,6.2,285,0.0,0.0,0,0.0,0.0,0,707727.04,0.00,0.00,2,12.92,0.03,0.00,-8.5,4.998,4.998,4.998,4.998,39
2022-01-05 21:37:22,5.0,6.1,288,0.0,0.0,0,0.0,0.0,0,708015.04,0.00,0.00,359,12.92,4.99,0.00,-8.0,4.998,4.998,4.998,4.998,19
2022-01-05 21:38:22,3.8,4.9,201,0.0,0.0,0,0.0,0.0,0,708216.00,0.00,0.00,359,12.96,4.99,0.00,-8.5,4.998,4.998,4.998,4.998,12
2022-01-05 21:39:22,3.5,5.8,234,0.0,0.0,0,0.0,0.0,0,708450.00,0.00,0.00,355,12.92,4.94,0.00,-8.5,4.998,4.998,4.998,4.998,143
2022-01-05 21:40:22,4.1,5.3,223,0.0,0.0,0,0.0,0.0,0,708673.04,0.00,0.00,10,12.92,0.14,0.00,-8.5,4.998,4.998,4.998,4.998,16
2022-01-05 21:41:22,2.7,5.6,230,0.0,0.0,0,0.0,0.0,0,708903.04,0.00,0.00,10,12.92,0.14,0.00,-8.0,4.998,4.998,4.998,4.998,0
2022-01-05 21:42:22,4.4,4.8,163,0.0,0.0,0,0.0,0.0,0,709066.00,0.00,0.00,9,12.92,0.13,0.00,-8.0,4.998,4.998,4.998,4.998,204
2022-01-05 21:43:22,4.1,6.7,255,0.0,0.0,0,0.0,0.0,0,709321.04,0.00,0.00,351,12.92,4.88,0.00,-8.5,4.998,4.998,4.998,4.998,45
2022-01-05 21:44:22,3.9,5.1,191,0.0,0.0,0,0.0,0.0,0,709512.00,0.00,0.00,0,12.96,0.00,0.00,-8.5,4.998,4.998,4.998,4.998,129
2022-01-05 21:45:22,4.6,4.7,215,0.0,0.0,0,0.0,0.0,0,709727.04,0.00,0.00,0,12.96,0.00,0.00,-8.5,4.998,4.998,4.998,4.998,41
2022-01-05 21:46:22,1.7,4.6,151,0.0,0.0,0,0.0,0.0,0,709878.00,0.00,0.00,0,12.92,0.00,0.00,-8.0,4.998,4.998,4.998,4.998,128
2022-01-05 21:47:22,3.2,4.5,103,0.0,0.0,0,0.0,0.0,0,709981.04,0.00,0.00,332,12.92,4.62,0.00,-8.0,4.998,4.998,4.998,4.998,167
2022-01-05 21:48:22,3.6,5.2,200,0.0,0.0,0,0.0,0.0,0,710181.04,0.00,0.00,342,12.96,4.75,0.00,-8.5,4.998,4.998,4.998,4.998,149
2022-01-05 21:49:22,2.7,4.2,183,0.0,0.0,0,0.0,0.0,0,710364.00,0.00,0.00,359,12.96,4.99,0.00,-8.5,4.998,4.998,4.998,4.998,42
2022-01-05 21:50:22,2.1,3.7,124,0.0,0.0,0,0.0,0.0,0,710488.00,0.00,0.00,359,12.92,4.99,0.00,-8.5,4.998,4.998,4.998,4.998,162
2022-01-05 21:51:22,5.2,6.2,260,0.0,0.0,0,0.0,0.0,0,710748.00,0.00,0.00,355,12.96,4.93,0.00,-8.0,4.998,4.998,4.998,4.998,160
2022-01-05 21:52:22,2.7,5.9,221,0.0,0.0,0,0.0,0.0,0,710969.04,0.00,0.00,359,12.92,4.99,0.00,-8.5,4.998,4.998,4.998,4.998,181
2022-01-05 21:53:22,3.2,5.3,235,0.0,0.0,0,0.0,0.0,0,711204.00,0.00,0.00,0,12.96,0.00,0.00,-8.5,4.998,4.998,4.998,4.998,214
2022-01-05 21:54:22,2.9,4.2,159,0.0,0.0,0,0.0,0.0,0,711363.04,0.00,0.00,0,12.92,0.00,0.00,-8.5,4.998,4.998,4.998,4.998,33
2022-01-05 21:55:22,2.8,3.8,159,0.0,0.0,0,0.0,0.0,0,711522.00,0.00,0.00,0,12.92,0.00,0.00,-8.5,4.998,4.998,4.998,4.998,90
2022-01-05 21:56:22,0.0,3.2,81,0.0,0.0,0,0.0,0.0,0,711603.04,0.00,0.00,0,12.92,0.00,0.00,-8.0,4.998,4.998,4.998,4.998,90
2022-01-05 21:57:22,5.1,5.5,213,0.0,0.0,0,0.0,0.0,0,711816.00,0.00,0.00,0,12.96,0.00,0.00,-8.5,4.998,4.998,4.998,4.998,62
2022-01-05 21:58:22,4.3,6.4,289,0.0,0.0,0,0.0,0.0,0,712105.04,0.00,0.00,0,12.96,0.00,0.00,-8.5,4.998,4.998,4.998,4.998,92
2022-01-05 21:59:22,4.8,5.8,265,0.0,0.0,0,0.0,0.0,0,712370.00,0.00,0.00,14,12.92,0.20,0.00,-8.5,4.998,4.998,4.998,4.998,212
2022-01-05 22:00:22,3.8,5.4,233,0.0,0.0,0,0.0,0.0,0,712603.04,0.00,0.00,29,12.96,0.40,0.00,-8.5,4.998,4.998,4.998,4.998,14
2022-01-05 22:01:22,4.5,5.5,188,0.0,0.0,0,0.0,0.0,0,712791.04,0.00,0.00,1,12.96,0.01,0.00,-8.5,4.998,4.998,4.998,4.998,74
2022-01-05 22:02:22,4.4,5.4,215,0.0,0.0,0,0.0,0.0,0,713006.00,0.00,0.00,1,12.92,0.02,0.00,-8.5,4.998,4.998,4.998,4.998,14
2022-01-05 22:03:22,5.4,5.5,241,0.0,0.0,0,0.0,0.0,0,713247.04,0.00,0.00,9,12.92,0.13,0.00,-8.5,4.998,4.998,4.998,4.998,34
2022-01-05 22:04:22,3.6,5.7,247,0.0,0.0,0,0.0,0.0,0,713494.00,0.00,0.00,9,12.92,0.13,0.00,-8.5,4.998,4.998,4.998,4.998,31
2022-01-05 22:05:22,5.2,5.7,234,0.0,0.0,0,0.0,0.0,0,713728.00,0.00,0.00,33,12.92,0.46,0.00,-8.5,4.998,4.998,4.998,4.998,137
2022-01-05 22:06:22,4.1,6.1,272,0.0,0.0,0,0.0,0.0,0,714000.00,0.00,0.00,1,12.96,0.01,0.00,-8.5,4.998,4.998,4.998,4.998,104
2022-01-05 22:07:22,4.0,4.8,233,0.0,0.0,0,0.0,0.0,0,714233.04,0.00,0.00,359,12.92,4.99,0.00,-8.5,4.998,4.998,4.998,4.998,235
2022-01-05 22:08:22,5.1,6.0,227,0.0,0.0,0,0.0,0.0,0,714460.00,0.00,0.00,14,12.92,0.19,0.00,-8.5,4.998,4.998,4.998,4.998,49
2022-01-05 22:09:22,2.6,7.0,288,0.0,0.0,0,0.0,0.0,0,714748.00,0.00,0.00,1,12.92,0.01,0.00,-8.5,4.998,4.998,4.998,4.998,204
2022-01-05 22:10:22,5.5,5.6,179,0.0,0.0,0,0.0,0.0,0,714927.04,0.00,0.00,352,12.92,4.89,0.00,-8.9,4.998,4.998,4.998,4.998,79
2022-01-05 22:11:22,4.4,6.0,220,0.0,0.0,0,0.0,0.0,0,715147.04,0.00,0.00,359,12.92,4.99,0.00,-8.5,4.998,4.998,4.998,4.998,238
2022-01-05 22:12:22,2.8,4.6,205,0.0,0.0,0,0.0,0.0,0,715352.00,0.00,0.00,9,12.92,0.13,0.00,-8.5,4.998,4.998,4.998,4.998,104
2022-01-05 22:13:22,4.1,4.8,209,0.0,0.0,0,0.0,0.0,0,715561.04,0.00,0.00,0,12.92,0.00,0.00,-8.5,4.998,4.998,4.998,4.998,247
2022-01-05 22:14:22,2.8,4.5,181,0.0,0.0,0,0.0,0.0,0,715742.00,0.00,0.00,0,12.92,0.00,0.00,-8.9,4.998,4.998,4.998,4.998,237
2022-01-05 22:15:22,3.8,5.7,229,0.0,0.0,0,0.0,0.0,0,715971.04,0.00,0.00,0,12.92,0.00,0.00,-8.5,4.998,4.998,4.998,4.998,206
2022-01-05 22:16:22,5.7,6.1,224,0.0,0.0,0,0.0,0.0,0,716195.04,0.00,0.00,0,12.92,0.00,0.00,-8.5,4.998,4.998,4.998,4.998,49
2022-01-05 22:17:22,5.2,6.2,273,0.0,0.0,0,0.0,0.0,0,716468.00,0.00,0.00,359,12.92,4.99,0.00,-8.5,4.998,4.998,4.998,4.998,250
2022-01-05 22:18:22,4.3,6.1,279,0.0,0.0,0,0.0,0.0,0,716747.04,0.00,0.00,2,12.92,0.03,0.00,-8.9,4.998,4.998,4.998,4.998,95
2022-01-05 22:19:22,2.9,4.2,168,0.0,0.0,0,0.0,0.0,0,716915.04,0.00,0.00,2,12.92,0.03,0.00,-8.9,4.998,4.998,4.998,4.998,156
2022-01-05 22:20:22,2.4,3.5,144,0.0,0.0,0,0.0,0.0,0,717059.04,0.00,0.00,2,12.92,0.03,0.00,-8.5,4.998,4.998,4.998,4.998,139
2022-01-05 22:21:22,0.0,2.7,36,0.0,0.0,0,0.0,0.0,0,717095.04,0.00,0.00,2,12.92,0.03,0.00,-8.5,4.998,4.998,4.998,4.998,232
2022-01-05 22:22:22,2.8,3.1,58,0.0,0.0,0,0.0,0.0,0,717153.04,0.00,0.00,2,12.92,0.03,0.00,-8.5,4.998,4.998,4.998,4.998,174
2022-01-05 22:23:22,2.9,3.4,145,0.0,0.0,0,0.0,0.0,0,717298.00,0.00,0.00,2,12.92,0.02,0.00,-8.5,4.998,4.998,4.998,4.998,121
2022-01-05 22:24:22,3.7,4.0,161,0.0,0.0,0,0.0,0.0,0,717459.04,0.00,0.00,2,12.92,0.02,0.00,-8.5,4.998,4.998,4.998,4.998,106
2022-01-05 22:25:22,1.8,3.8,125,0.0,0.0,0,0.0,0.0,0,717584.00,0.00,0.00,1,12.92,0.02,0.00,-8.5,4.998,4.998,4.998,4.998,207
2022-01-05 22:26:22,2.2,3.5,138,0.0,0.0,0,0.0,0.0,0,717722.00,0.00,0.00,2,12.96,0.02,0.00,-8.5,4.998,4.998,4.998,4.998,179
2022-01-05 22:27:22,3.1,3.2,115,0.0,0.0,0,0.0,0.0,0,717837.04,0.00,0.00,2,12.92,0.02,0.00,-8.5,4.998,4.998,4.998,4.998,93
2022-01-05 22:28:22,3.5,4.7,194,0.0,0.0,0,0.0,0.0,0,718031.04,0.00,0.00,7,12.92,0.09,0.00,-8.5,4.998,4.998,4.998,4.998,8
2022-01-05 22:29:22,3.1,4.0,113,0.0,0.0,0,0.0,0.0,0,718144.00,0.00,0.00,5,12.92,0.08,0.00,-8.5,4.998,4.998,4.998,4.998,42
2022-01-05 22:30:22,4.0,4.7,175,0.0,0.0,0,0.0,0.0,0,718319.04,0.00,0.00,6,12.92,0.08,0.00,-8.5,4.998,4.998,4.998,4.998,166
2022-01-05 22:31:22,4.9,5.6,266,0.0,0.0,0,0.0,0.0,0,718585.04,0.00,0.00,13,12.92,0.18,0.00,-8.5,4.998,4.998,4.998,4.998,120
2022-01-05 22:32:22,4.8,5.6,252,0.0,0.0,0,0.0,0.0,0,718837.04,0.00,0.00,12,12.92,0.17,0.00,-8.5,4.998,4.998,4.998,4.998,172
2022-01-05 22:33:22,4.3,4.9,233,0.0,0.0,0,0.0,0.0,0,719070.00,0.00,0.00,12,12.92,0.17,0.00,-8.5,4.998,4.998,4.998,4.998,171
2022-01-05 22:34:22,4.6,5.7,264,0.0,0.0,0,0.0,0.0,0,719334.00,0.00,0.00,12,12.92,0.17,0.00,-8.9,4.998,4.998,4.998,4.998,224
2022-01-05 22:35:22,3.6,5.0,221,0.0,0.0,0,0.0,0.0,0,719555.04,0.00,0.00,12,12.92,0.17,0.00,-8.9,4.998,4.998,4.998,4.998,146
2022-01-05 22:36:22,2.9,5.6,231,0.0,0.0,0,0.0,0.0,0,719786.00,0.00,0.00,10,12.92,0.14,0.00,-8.5,4.998,4.998,4.998,4.998,37
2022-01-05 22:37:22,1.4,3.3,125,0.0,0.0,0,0.0,0.0,0,719911.04,0.00,0.00,10,12.92,0.14,0.00,-8.5,4.998,4.998,4.998,4.998,172
2022-01-05 22:38:22,3.8,3.8,138,0.0,0.0,0,0.0,0.0,0,720049.04,0.00,0.00,10,12.92,0.14,0.00,-8.5,4.998,4.998,4.998,4.998,88
2022-01-05 22:39:22,2.0,4.7,190,0.0,0.0,0,0.0,0.0,0,720239.04,0.00,0.00,10,12.92,0.14,0.00,-8.5,4.998,4.998,4.998,4.998,135
2022-01-05 22:40:22,3.0,3.3,71,0.0,0.0,0,0.0,0.0,0,720310.00,0.00,0.00,10,12.92,0.14,0.00,-8.5,4.998,4.998,4.998,4.998,231
2022-01-05 22:41:22,2.3,4.1,160,0.0,0.0,0,0.0,0.0,0,720470.00,0.00,0.00,10,12.92,0.14,0.00,-8.9,4.998,4.998,4.998,4.998,108
2022-01-05 22:42:22,2.3,4.5,149,0.0,0.0,0,0.0,0.0,0,720619.04,0.00,0.00,10,12.92,0.14,0.00,-8.5,4.998,4.998,4.998,4.998,189
2022-01-05 22:43:22,2.5,2.7,107,0.0,0.0,0,0.0,0.0,0,720726.00,0.00,0.00,10,12.92,0.14,0.00,-8.5,4.998,4.998,4.998,4.998,111
2022-01-05 22:44:22,3.0,3.8,141,0.0,0.0,0,0.0,0.0,0,720867.04,0.00,0.00,10,12.92,0.14,0.00,-8.5,4.998,4.998,4.998,4.998,88
2022-01-05 22:45:22,4.7,5.6,263,0.0,0.0,0,0.0,0.0,0,721130.00,0.00,0.00,19,12.92,0.27,0.00,-8.5,4.998,4.998,4.998,4.998,43
2022-01-05 22:46:22,3.0,5.6,230,0.0,0.0,0,0.0,0.0,0,721360.00,0.00,0.00,19,12.92,0.27,0.00,-8.5,4.998,4.998,4.998,4.998,59
2022-01-05 22:47:22,2.9,4.1,190,0.0,0.0,0,0.0,0.0,0,721550.00,0.00,0.00,18,12.92,0.25,0.00,-8.5,4.998,4.998,4.998,4.998,151
2022-01-05 22:48:22,1.1,3.6,133,0.0,0.0,0,0.0,0.0,0,721683.04,0.00,0.00,18,12.92,0.25,0.00,-8.5,4.998,4.998,4.998,4.998,231
2022-01-05 22:49:22,3.2,3.8,129,0.0,0.0,0,0.0,0.0,0,721812.00,0.00,0.00,18,12.92,0.25,0.00,-8.5,4.998,4.998,4.998,4.998,227
2022-01-05 22:50:22,3.4,3.6,129,0.0,0.0,0,0.0,0.0,0,721941.04,0.00,0.00,18,12.92,0.25,0.00,-8.9,4.998,4.998,4.998,4.998,76
2022-01-05 22:51:22,4.5,5.1,181,0.0,0.0,0,0.0,0.0,0,722122.00,0.00,0.00,20,12.92,0.28,0.00,-8.5,4.998,4.998,4.998,4.998,46
2022-01-05 22:52:22,3.6,5.1,221,0.0,0.0,0,0.0,0.0,0,722343.04,0.00,0.00,9,12.92,0.12,0.00,-8.9,4.998,4.998,4.998,4.998,174
2022-01-05 22:53:22,2.7,3.7,166,0.0,0.0,0,0.0,0.0,0,722509.04,0.00,0.00,8,12.92,0.12,0.00,-8.5,4.998,4.998,4.998,4.998,175
2022-01-05 22:54:22,1.2,3.8,135,0.0,0.0,0,0.0,0.0,0,722644.00,0.00,0.00,8,12.92,0.12,0.00,-8.5,4.998,4.998,4.998,4.998,85
2022-01-05 22:55:22,3.2,3.7,112,0.0,0.0,0,0.0,0.0,0,722756.00,0.00,0.00,8,12.92,0.12,0.00,-8.9,4.998,4.998,4.998,4.998,112
2022-01-05 22:56:22,1.7,3.9,146,0.0,0.0,0,0.0,0.0,0,722902.00,0.00,0.00,8,12.92,0.12,0.00,-8.5,4.998,4.998,4.998,4.998,166
2022-01-05 22:57:22,3.1,3.1,101,0.0,0.0,0,0.0,0.0,0,723003.04,0.00,0.00,8,12.92,0.12,0.00,-8.5,4.998,4.998,4.998,4.998,48
2022-01-05 22:58:22,2.5,3.7,147,0.0,0.0,0,0.0,0.0,0,723150.00,0.00,0.00,8,12.92,0.11,0.00,-8.9,4.998,4.998,4.998,4.998,143
2022-01-05 22:59:22,1.9,4.6,198,0.0,0.0,0,0.0,0.0,0,723348.00,0.00,0.00,8,12.92,0.11,0.00,-8.5,4.998,4.998,4.998,4.998,53
2022-01-05 23:00:22,3.6,5.0,181,0.0,0.0,0,0.0,0.0,0,723529.04,0.00,0.00,8,12.92,0.11,0.00,-8.5,4.998,4.998,4.998,4.998,71
2022-01-05 23:01:22,2.9,3.6,145,0.0,0.0,0,0.0,0.0,0,723674.00,0.00,0.00,8,12.92,0.11,0.00,-8.9,4.998,4.998,4.998,4.998,220
2022-01-05 23:02:22,2.9,3.7,157,0.0,0.0,0,0.0,0.0,0,723831.04,0.00,0.00,8,12.92,0.11,0.00,-8.9,4.998,4.998,4.998,4.998,81
2022-01-05 23:03:22,2.7,3.1,71,0.0,0.0,0,0.0,0.0,0,723902.00,0.00,0.00,8,12.92,0.11,0.00,-8.9,4.998,4.998,4.998,4.998,162
2022-01-05 23:04:22,2.9,3.6,129,0.0,0.0,0,0.0,0.0,0,724031.04,0.00,0.00,8,12.92,0.12,0.00,-8.5,4.998,4.998,4.998,4.998,36
2022-01-05 23:05:22,2.7,3.1,130,0.0,0.0,0,0.0,0.0,0,724161.04,0.00,0.00,8,12.92,0.11,0.00,-8.5,4.998,4.998,4.998,4.998,112
2022-01-05 23:06:22,3.6,4.0,147,0.0,0.0,0,0.0,0.0,0,724308.00,0.00,0.00,8,12.89,0.11,0.00,-8.5,4.998,4.998,4.998,4.998,128
2022-01-05 23:07:22,3.3,4.8,190,0.0,0.0,0,0.0,0.0,0,724498.00,0.00,0.00,332,12.92,4.61,0.00,-8.5,4.998,4.998,4.998,4.998,51
2022-01-05 23:08:22,2.4,3.6,141,0.0,0.0,0,0.0,0.0,0,724639.04,0.00,0.00,332,12.92,4.61,0.00,-8.9,4.998,4.998,4.998,4.998,168
2022-01-05 23:09:22,3.4,4.1,130,0.0,0.0,0,0.0,0.0,0,724769.04,0.00,0.00,332,12.92,4.62,0.00,-8.5,4.998,4.998,4.998,4.998,85
2022-01-05 23:10:22,3.7,4.3,170,0.0,0.0,0,0.0,0.0,0,724939.04,0.00,0.00,6,12.92,0.09,0.00,-8.5,4.998,4.998,4.998,4.998,93
2022-01-05 23:11:22,1.8,4.8,183,0.0,0.0,0,0.0,0.0,0,725122.00,0.00,0.00,6,12.89,0.09,0.00,-8.9,4.998,4.998,4.998,4.998,236
2022-01-05 23:12:22,2.2,2.3,52,0.0,0.0,0,0.0,0.0,0,725174.00,0.00,0.00,6,12.92,0.09,0.00,-8.9,4.998,4.998,4.998,4.998,208
2022-01-05 23:13:22,2.1,3.5,131,0.0,0.0,0,0.0,0.0,0,725305.04,0.00,0.00,6,12.92,0.09,0.00,-8.5,4.998,4.998,4.998,4.998,216
2022-01-05 23:14:22,1.5,4.3,114,0.0,0.0,0,0.0,0.0,0,725419.04,0.00,0.00,7,12.92,0.09,0.00,-8.9,4.998,4.998,4.998,4.998,143
2022-01-05 23:15:22,3.3,4.7,158,0.0,0.0,0,0.0,0.0,0,725577.04,0.00,0.00,6,12.92,0.08,0.00,-8.5,4.998,4.998,4.998,4.998,122
2022-01-05 23:16:22,3.8,4.8,202,0.0,0.0,0,0.0,0.0,0,725779.04,0.00,0.00,6,12.92,0.09,0.00,-8.9,4.998,4.998,4.998,4.998,174
2022-01-05 23:17:22,3.0,4.1,146,0.0,0.0,0,0.0,0.0,0,725925.04,0.00,0.00,6,12.92,0.08,0.00,-8.9,4.998,4.998,4.998,4.998,220
2022-01-05 23:18:22,2.7,3.5,132,0.0,0.0,0,0.0,0.0,0,726057.04,0.00,0.00,6,12.92,0.08,0.00,-8.9,4.998,4.998,4.998,4.998,73
2022-01-05 23:19:22,3.2,4.4,197,0.0,0.0,0,0.0,0.0,0,726254.00,0.00,0.00,6,12.89,0.08,0.00,-8.5,4.998,4.998,4.998,4.998,182
2022-01-05 23:20:22,1.9,3.5,127,0.0,0.0,0,0.0,0.0,0,726381.04,0.00,0.00,5,12.92,0.08,0.00,-8.9,4.998,4.998,4.998,4.998,203
2022-01-05 23:21:22,2.9,2.9,91,0.0,0.0,0,0.0,0.0,0,726472.00,0.00,0.00,6,12.92,0.08,0.00,-8.9,4.998,4.998,4.998,4.998,239
2022-01-05 23:22:22,3.8,4.1,167,0.0,0.0,0,0.0,0.0,0,726639.04,0.00,0.00,6,12.89,0.08,0.00,-8.5,4.998,4.998,4.998,4.998,151
2022-01-05 23:23:22,3.2,3.8,116,0.0,0.0,0,0.0,0.0,0,726755.04,0.00,0.00,6,12.92,0.08,0.00,-8.5,4.998,4.998,4.998,4.998,195
2022-01-05 23:24:22,4.0,5.1,235,0.0,0.0,0,0.0,0.0,0,726990.00,0.00,0.00,21,12.89,0.29,0.00,-8.5,4.998,4.998,4.998,4.998,225
2022-01-05 23:25:22,2.8,4.4,169,0.0,0.0,0,0.0,0.0,0,727159.04,0.00,0.00,20,12.89,0.28,0.00,-8.5,4.998,4.998,4.998,4.998,102
2022-01-05 23:26:22,3.8,4.0,173,0.0,0.0,0,0.0,0.0,0,727332.00,0.00,0.00,20,12.92,0.28,0.00,-8.9,4.998,4.998,4.998,4.998,53
2022-01-05 23:27:22,3.8,6.0,261,0.0,0.0,0,0.0,0.0,0,727593.04,0.00,0.00,21,12.89,0.29,0.00,-8.9,4.998,4.998,4.998,4.998,80
2022-01-05 23:28:22,4.0,4.6,209,0.0,0.0,0,0.0,0.0,0,727802.00,0.00,0.00,21,12.89,0.29,0.00,-8.9,4.998,4.998,4.998,4.998,88
2022-01-05 23:29:22,2.9,4.1,176,0.0,0.0,0,0.0,0.0,0,727978.00,0.00,0.00,21,12.92,0.29,0.00,-8.5,4.998,4.998,4.998,4.998,225
2022-01-05 23:30:22,3.6,4.9,200,0.0,0.0,0,0.0,0.0,0,728178.00,0.00,0.00,20,12.89,0.28,0.00,-8.9,4.998,4.998,4.998,4.998,103
2022-01-05 23:31:22,2.4,3.4,132,0.0,0.0,0,0.0,0.0,0,728310.00,0.00,0.00,20,12.92,0.28,0.00,-8.9,4.998,4.998,4.998,4.998,55
2022-01-05 23:32:22,3.0,3.7,142,0.0,0.0,0,0.0,0.0,0,728452.00,0.00,0.00,20,12.89,0.28,0.00,-8.9,4.998,4.998,4.998,4.998,8
2022-01-05 23:33:22,2.5,3.3,132,0.0,0.0,0,0.0,0.0,0,728584.00,0.00,0.00,20,12.89,0.28,0.00,-8.9,4.998,4.998,4.998,4.998,73
2022-01-05 23:34:22,4.1,4.2,161,0.0,0.0,0,0.0,0.0,0,728745.04,0.00,0.00,20,12.92,0.28,0.00,-8.5,4.998,4.998,4.998,4.998,36
2022-01-05 23:35:22,3.1,4.1,123,0.0,0.0,0,0.0,0.0,0,728868.00,0.00,0.00,20,12.92,0.28,0.00,-8.9,4.998,4.998,4.998,4.998,208
2022-01-05 23:36:22,2.4,4.4,149,0.0,0.0,0,0.0,0.0,0,729017.04,0.00,0.00,20,12.92,0.28,0.00,-8.9,4.998,4.998,4.998,4.998,250
2022-01-05 23:37:22,3.7,3.8,79,0.0,0.0,0,0.0,0.0,0,729096.00,0.00,0.00,20,12.89,0.28,0.00,-8.9,4.998,4.998,4.998,4.998,82
2022-01-05 23:38:22,2.4,4.8,193,0.0,0.0,0,0.0,0.0,0,729289.04,0.00,0.00,20,12.89,0.28,0.00,-8.9,4.998,4.998,4.998,4.998,245
2022-01-05 23:39:22,1.3,4.0,114,0.0,0.0,0,0.0,0.0,0,729403.04,0.00,0.00,20,12.89,0.28,0.00,-8.9,4.998,4.998,4.998,4.998,71
2022-01-05 23:40:22,1.3,3.2,93,0.0,0.0,0,0.0,0.0,0,729496.00,0.00,0.00,20,12.92,0.28,0.00,-8.9,4.998,4.998,4.998,4.998,220
2022-01-05 23:41:22,2.5,3.0,96,0.0,0.0,0,0.0,0.0,0,729592.00,0.00,0.00,20,12.92,0.28,0.00,-8.5,4.998,4.998,4.998,4.998,182
2022-01-05 23:42:22,3.0,4.7,173,0.0,0.0,0,0.0,0.0,0,729765.04,0.00,0.00,20,12.89,0.28,0.00,-8.9,4.998,4.998,4.998,4.998,42
2022-01-05 23:43:22,2.4,3.4,78,0.0,0.0,0,0.0,0.0,0,729843.04,0.00,0.00,20,12.89,0.28,0.00,-8.9,4.998,4.998,4.998,4.998,221
2022-01-05 23:44:22,2.2,3.7,158,0.0,0.0,0,0.0,0.0,0,730001.04,0.00,0.00,20,12.89,0.28,0.00,-8.9,4.998,4.998,4.998,4.998,117
2022-01-05 23:45:22,4.0,4.7,181,0.0,0.0,0,0.0,0.0,0,730182.00,0.00,0.00,20,12.92,0.27,0.00,-8.9,4.998,4.998,4.998,4.998,126
2022-01-05 23:46:22,4.2,4.4,161,0.0,0.0,0,0.0,0.0,0,730343.04,0.00,0.00,20,12.89,0.28,0.00,-8.9,4.998,4.998,4.998,4.998,203
2022-01-05 23:47:22,2.6,4.5,197,0.0,0.0,0,0.0,0.0,0,730540.00,0.00,0.00,20,12.92,0.28,0.00,-8.5,4.998,4.998,4.998,4.998,42
2022-01-05 23:48:22,4.3,4.3,179,0.0,0.0,0,0.0,0.0,0,730719.04,0.00,0.00,20,12.89,0.28,0.00,-8.9,4.998,4.998,4.998,4.998,145
2022-01-05 23:49:22,4.0,5.1,236,0.0,0.0,0,0.0,0.0,0,730955.04,0.00,0.00,20,12.92,0.27,0.00,-8.9,4.998,4.998,4.998,4.998,146
2022-01-05 23:50:22,3.5,5.2,212,0.0,0.0,0,0.0,0.0,0,731167.04,0.00,0.00,20,12.89,0.28,0.00,-9.4,4.998,4.998,4.998,4.998,30
2022-01-05 23:51:22,3.5,5.3,213,0.0,0.0,0,0.0,0.0,0,731380.00,0.00,0.00,20,12.89,0.28,0.00,-8.9,4.998,4.998,4.998,4.998,203
2022-01-05 23:52:22,4.6,5.8,218,0.0,0.0,0,0.0,0.0,0,731598.00,0.00,0.00,20,12.92,0.28,0.00,-8.9,4.998,4.998,4.998,4.998,75
2022-01-05 23:53:22,4.2,4.8,239,0.0,0.0,0,0.0,0.0,0,731837.04,0.00,0.00,20,12.89,0.28,0.00,-8.9,4.998,4.998,4.998,4.998,241
2022-01-05 23:54:22,4.0,4.5,197,0.0,0.0,0,0.0,0.0,0,732034.00,0.00,0.00,21,12.89,0.29,0.00,-8.9,4.998,4.998,4.998,4.998,174
2022-01-05 23:55:22,5.2,5.4,219,0.0,0.0,0,0.0,0.0,0,732253.04,0.00,0.00,20,12.92,0.28,0.00,-8.5,4.998,4.998,4.998,4.998,1
2022-01-05 23:56:22,6.1,6.9,326,0.0,0.0,0,0.0,0.0,0,732579.04,0.00,0.00,31,12.89,0.43,0.00,-8.9,4.998,4.998,4.998,4.998,132
2022-01-05 23:57:22,4.2,6.3,316,0.0,0.0,0,0.0,0.0,0,732895.04,0.00,0.00,31,12.89,0.43,0.00,-8.9,4.998,4.998,4.998,4.998,46
2022-01-05 23:58:22,3.3,4.8,225,0.0,0.0,0,0.0,0.0,0,733120.00,0.00,0.00,24,12.89,0.34,0.00,-8.9,4.998,4.998,4.998,4.998,64
2022-01-05 23:59:22,5.0,6.0,262,0.0,0.0,0,0.0,0.0,0,733382.00,0.00,0.00,31,12.89,0.44,0.00,-8.9,4.998,4.998,4.998,4.998,147
