2022-03-08 00:00:22,4.2,4.2,125,0.0,0.0,0,0.0,0.0,0,125.00,0.00,0.00,193,12.85,2.69,0.00,-4.1,4.998,4.998,4.998,4.998,252
2022-03-08 00:01:22,2.5,5.0,186,0.0,0.0,0,0.0,0.0,0,311.00,0.00,0.00,178,12.85,2.48,0.00,-3.6,4.998,4.998,4.998,4.998,95
2022-03-08 00:02:22,4.0,5.5,200,0.0,0.0,0,0.0,0.0,0,511.00,0.00,0.00,173,12.85,2.41,0.00,-4.1,4.998,4.998,4.998,4.998,77
2022-03-08 00:03:22,2.9,4.6,212,0.0,0.0,0,0.0,0.0,0,723.00,0.00,0.00,191,12.85,2.66,0.00,-4.1,4.998,4.998,4.998,4.998,170
2022-03-08 00:04:22,1.1,3.0,106,0.0,0.0,0,0.0,0.0,0,829.00,0.00,0.00,191,12.85,2.66,0.00,-4.5,4.998,4.998,4.998,4.998,139
2022-03-08 00:05:22,2.3,2.5,18,0.0,0.0,0,0.0,0.0,0,847.00,0.00,0.00,191,12.85,2.66,0.00,-4.5,4.998,4.998,4.998,4.998,100
2022-03-08 00:06:22,2.4,3.4,113,0.0,0.0,0,0.0,0.0,0,960.00,0.00,0.00,191,12.85,2.66,0.00,-4.1,4.998,4.998,4.998,4.998,209
2022-03-08 00:07:22,1.2,3.0,92,0.0,0.0,0,0.0,0.0,0,1052.00,0.00,0.00,192,12.85,2.67,0.00,-4.1,4.998,4.998,4.998,4.998,246
2022-03-08 00:08:22,4.4,4.9,87,0.0,0.0,0,0.0,0.0,0,1139.00,0.00,0.00,184,12.85,2.55,0.00,-4.5,4.998,4.998,4.998,4.998,223
2022-03-08 00:09:22,3.0,4.7,147,0.0,0.0,0,0.0,0.0,0,1286.00,0.00,0.00,193,12.85,2.69,0.00,-4.1,4.998,4.998,4.998,4.998,99
2022-03-08 00:10:22,3.5,5.7,217,0.0,0.0,0,0.0,0.0,0,1503.00,0.00,0.00,193,12.85,2.68,0.00,-4.1,4.998,4.998,4.998,4.998,148
2022-03-08 00:11:22,1.7,4.9,198,0.0,0.0,0,0.0,0.0,0,1701.00,0.00,0.00,172,12.85,2.39,0.00,-4.1,4.998,4.998,4.998,4.998,249
2022-03-08 00:12:22,2.8,3.4,136,0.0,0.0,0,0.0,0.0,0,1837.00,0.00,0.00,172,12.85,2.39,0.00,-4.1,4.998,4.998,4.998,4.998,42
2022-03-08 00:13:22,2.2,3.0,137,0.0,0.0,0,0.0,0.0,0,1974.00,0.00,0.00,172,12.85,2.39,0.00,-4.1,4.998,4.998,4.998,4.998,63
2022-03-08 00:14:22,3.5,5.6,199,0.0,0.0,0,0.0,0.0,0,2173.00,0.00,0.00,194,12.85,2.70,0.00,-4.1,4.998,4.998,4.998,4.998,163
2022-03-08 00:15:22,2.4,3.9,172,0.0,0.0,0,0.0,0.0,0,2345.00,0.00,0.00,194,12.85,2.70,0.00,-4.1,4.998,4.998,4.998,4.998,92
2022-03-08 00:16:22,2.1,3.4,135,0.0,0.0,0,0.0,0.0,0,2480.00,0.00,0.00,194,12.85,2.70,0.00,-4.1,4.998,4.998,4.998,4.998,106
2022-03-08 00:17:22,3.7,4.6,185,0.0,0.0,0,0.0,0.0,0,2665.00,0.00,0.00,194,12.85,2.70,0.00,-4.5,4.998,4.998,4.998,4.998,3
2022-03-08 00:18:22,2.5,4.4,190,0.0,0.0,0,0.0,0.0,0,2855.00,0.00,0.00,194,12.85,2.69,0.00,-4.5,4.998,4.998,4.998,4.998,183
2022-03-08 00:19:22,3.6,4.7,150,0.0,0.0,0,0.0,0.0,0,3005.00,0.00,0.00,189,12.85,2.62,0.00,-4.1,4.998,4.998,4.998,4.998,212
2022-03-08 00:20:22,2.7,5.5,221,0.0,0.0,0,0.0,0.0,0,3226.00,0.00,0.00,166,12.85,2.31,0.00,-4.1,4.998,4.998,4.998,4.998,188
2022-03-08 00:21:22,4.2,4.5,214,0.0,0.0,0,0.0,0.0,0,3440.00,0.00,0.00,173,12.85,2.40,0.00,-4.1,4.998,4.998,4.998,4.998,136
2022-03-08 00:22:22,3.9,5.0,221,0.0,0.0,0,0.0,0.0,0,3661.00,0.00,0.00,172,12.85,2.39,0.00,-4.1,4.998,4.998,4.998,4.998,232
2022-03-08 00:23:22,4.0,4.5,178,0.0,0.0,0,0.0,0.0,0,3839.00,0.00,0.00,175,12.85,2.43,0.00,-4.1,4.998,4.998,4.998,4.998,79
2022-03-08 00:24:22,3.1,4.4,121,0.0,0.0,0,0.0,0.0,0,3960.00,0.00,0.00,180,12.85,2.50,0.00,-4.1,4.998,4.998,4.998,4.998,82
2022-03-08 00:25:22,4.1,5.2,229,0.0,0.0,0,0.0,0.0,0,4189.00,0.00,0.00,176,12.85,2.44,0.00,-4.5,4.998,4.998,4.998,4.998,84
2022-03-08 00:26:22,4.0,5.4,244,0.0,0.0,0,0.0,0.0,0,4433.00,0.00,0.00,176,12.85,2.45,0.00,-4.1,4.998,4.998,4.998,4.998,175
2022-03-08 00:27:22,2.7,5.5,205,0.0,0.0,0,0.0,0.0,0,4638.00,0.00,0.00,197,12.85,2.73,0.00,-4.1,4.998,4.998,4.998,4.998,140
2022-03-08 00:28:22,3.5,3.6,103,0.0,0.0,0,0.0,0.0,0,4741.00,0.00,0.00,196,12.85,2.72,0.00,-4.5,4.998,4.998,4.998,4.998,113
2022-03-08 00:29:22,3.4,4.3,184,0.0,0.0,0,0.0,0.0,0,4925.00,0.00,0.00,174,12.85,2.42,0.00,-4.1,4.998,4.998,4.998,4.998,9
2022-03-08 00:30:22,3.3,3.4,117,0.0,0.0,0,0.0,0.0,0,5042.00,0.00,0.00,174,12.85,2.42,0.00,-4.5,4.998,4.998,4.998,4.998,50
2022-03-08 00:31:22,4.1,4.5,167,0.0,0.0,0,0.0,0.0,0,5209.00,0.00,0.00,196,12.85,2.72,0.00,-4.1,4.998,4.998,4.998,4.998,179
2022-03-08 00:32:22,2.6,4.4,148,0.0,0.0,0,0.0,0.0,0,5357.00,0.00,0.00,195,12.85,2.71,0.00,-4.1,4.998,4.998,4.998,4.998,85
2022-03-08 00:33:22,2.4,2.9,114,0.0,0.0,0,0.0,0.0,0,5471.00,0.00,0.00,195,12.85,2.70,0.00,-4.1,4.998,4.998,4.998,4.998,105
2022-03-08 00:34:22,2.5,2.6,78,0.0,0.0,0,0.0,0.0,0,5549.00,0.00,0.00,195,12.85,2.70,0.00,-4.1,4.998,4.998,4.998,4.998,19
2022-03-08 00:35:22,2.3,3.5,105,0.0,0.0,0,0.0,0.0,0,5654.00,0.00,0.00,195,12.85,2.70,0.00,-4.5,4.998,4.998,4.998,4.998,200
2022-03-08 00:36:22,2.7,3.4,118,0.0,0.0,0,0.0,0.0,0,5772.00,0.00,0.00,195,12.85,2.70,0.00,-4.5,4.998,4.998,4.998,4.998,239
2022-03-08 00:37:22,3.8,4.0,135,0.0,0.0,0,0.0,0.0,0,5907.00,0.00,0.00,174,12.85,2.42,0.00,-4.5,4.998,4.998,4.998,4.998,108
2022-03-08 00:38:22,2.7,4.1,176,0.0,0.0,0,0.0,0.0,0,6083.00,0.00,0.00,169,12.85,2.34,0.00,-4.5,4.998,4.998,4.998,4.998,135
2022-03-08 00:39:22,1.9,2.9,93,0.0,0.0,0,0.0,0.0,0,6176.00,0.00,0.00,169,12.85,2.34,0.00,-4.5,4.998,4.998,4.998,4.998,60
2022-03-08 00:40:22,3.1,4.2,156,0.0,0.0,0,0.0,0.0,0,6332.00,0.00,0.00,169,12.81,2.34,0.00,-4.1,4.998,4.998,4.998,4.998,89
2022-03-08 00:41:22,2.7,4.9,167,0.0,0.0,0,0.0,0.0,0,6499.00,0.00,0.00,178,12.85,2.48,0.00,-4.5,4.998,4.998,4.998,4.998,32
2022-03-08 00:42:22,2.5,3.2,142,0.0,0.0,0,0.0,0.0,0,6641.00,0.00,0.00,178,12.85,2.48,0.00,-4.5,4.998,4.998,4.998,4.998,9
2022-03-08 00:43:22,3.4,3.6,106,0.0,0.0,0,0.0,0.0,0,6747.00,0.00,0.00,178,12.85,2.48,0.00,-4.5,4.998,4.998,4.998,4.998,109
2022-03-08 00:44:22,1.7,3.6,114,0.0,0.0,0,0.0,0.0,0,6861.00,0.00,0.00,178,12.85,2.48,0.00,-4.1,4.998,4.998,4.998,4.998,122
2022-03-08 00:45:22,3.6,4.9,176,0.0,0.0,0,0.0,0.0,0,7037.00,0.00,0.00,178,12.85,2.48,0.00,-4.5,4.998,4.998,4.998,4.998,167
2022-03-08 00:46:22,1.5,3.7,115,0.0,0.0,0,0.0,0.0,0,7152.00,0.00,0.00,178,12.85,2.48,0.00,-4.5,4.998,4.998,4.998,4.998,128
2022-03-08 00:47:22,0.0,2.2,62,0.0,0.0,0,0.0,0.0,0,7214.00,0.00,0.00,178,12.81,2.48,0.00,-4.5,4.998,4.998,4.998,4.998,148
2022-03-08 00:48:22,2.0,2.1,42,0.0,0.0,0,0.0,0.0,0,7256.00,0.00,0.00,178,12.85,2.48,0.00,-4.5,4.998,4.998,4.998,4.998,198
2022-03-08 00:49:22,0.0,2.2,16,0.0,0.0,0,0.0,0.0,0,7272.00,0.00,0.00,178,12.85,2.48,0.00,-4.1,4.998,4.998,4.998,4.998,125
2022-03-08 00:50:22,0.0,0.0,0,0.0,0.0,0,0.0,0.0,0,7272.00,0.00,0.00,178,12.85,2.48,0.00,-4.5,4.998,4.998,4.998,4.998,152
2022-03-08 00:51:22,0.0,1.8,19,0.0,0.0,0,0.0,0.0,0,7291.00,0.00,0.00,178,12.81,2.48,0.00,-4.5,4.998,4.998,4.998,4.998,100
2022-03-08 00:52:22,2.7,3.0,71,0.0,0.0,0,0.0,0.0,0,7362.00,0.00,0.00,178,12.85,2.48,0.00,-4.5,4.998,4.998,4.998,4.998,183
2022-03-08 00:53:22,1.8,2.7,90,0.0,0.0,0,0.0,0.0,0,7452.00,0.00,0.00,178,12.81,2.48,0.00,-4.5,4.998,4.998,4.998,4.998,59
2022-03-08 00:54:22,2.1,2.6,92,0.0,0.0,0,0.0,0.0,0,7544.00,0.00,0.00,178,12.85,2.48,0.00,-4.5,4.998,4.998,4.998,4.998,50
2022-03-08 00:55:22,1.0,2.5,71,0.0,0.0,0,0.0,0.0,0,7615.00,0.00,0.00,178,12.85,2.48,0.00,-4.5,4.998,4.998,4.998,4.998,64
2022-03-08 00:56:22,2.5,3.5,129,0.0,0.0,0,0.0,0.0,0,7744.00,0.00,0.00,178,12.81,2.48,0.00,-4.5,4.998,4.998,4.998,4.998,138
2022-03-08 00:57:22,1.8,3.5,129,0.0,0.0,0,0.0,0.0,0,7873.00,0.00,0.00,179,12.85,2.49,0.00,-5.0,4.998,4.998,4.998,4.998,96
2022-03-08 00:58:22,1.9,2.9,98,0.0,0.0,0,0.0,0.0,0,7971.00,0.00,0.00,178,12.85,2.48,0.00,-4.5,4.998,4.998,4.998,4.998,225
2022-03-08 00:59:22,0.0,1.9,24,0.0,0.0,0,0.0,0.0,0,7995.00,0.00,0.00,178,12.81,2.48,0.00,-4.5,4.998,4.998,4.998,4.998,221
2022-03-08 01:00:22,4.2,5.4,156,0.0,0.0,0,0.0,0.0,0,8151.00,0.00,0.00,170,12.85,2.36,0.00,-4.5,4.998,4.998,4.998,4.998,83
2022-03-08 01:01:22,3.0,5.0,231,0.0,0.0,0,0.0,0.0,0,8382.00,0.00,0.00,183,12.85,2.55,0.00,-4.1,4.998,4.998,4.998,4.998,129
2022-03-08 01:02:22,2.4,3.9,165,0.0,0.0,0,0.0,0.0,0,8547.00,0.00,0.00,183,12.81,2.54,0.00,-4.1,4.998,4.998,4.998,4.998,22
2022-03-08 01:03:22,2.1,2.9,106,0.0,0.0,0,0.0,0.0,0,8653.00,0.00,0.00,183,12.85,2.54,0.00,-5.0,4.998,4.998,4.998,4.998,129
2022-03-08 01:04:22,2.8,4.6,181,0.0,0.0,0,0.0,0.0,0,8834.00,0.00,0.00,183,12.81,2.54,0.00,-4.5,4.998,4.998,4.998,4.998,73
2022-03-08 01:05:22,3.6,3.6,114,0.0,0.0,0,0.0,0.0,0,8948.00,0.00,0.00,183,12.81,2.54,0.00,-4.5,4.998,4.998,4.998,4.998,214
2022-03-08 01:06:22,3.0,4.6,171,0.0,0.0,0,0.0,0.0,0,9119.00,0.00,0.00,183,12.81,2.54,0.00,-4.5,4.998,4.998,4.998,4.998,211
2022-03-08 01:07:22,3.7,4.9,175,0.0,0.0,0,0.0,0.0,0,9294.00,0.00,0.00,183,12.85,2.54,0.00,-4.5,4.998,4.998,4.998,4.998,8
2022-03-08 01:08:22,3.7,3.9,132,0.0,0.0,0,0.0,0.0,0,9426.00,0.00,0.00,183,12.85,2.55,0.00,-4.5,4.998,4.998,4.998,4.998,104
2022-03-08 01:09:22,3.8,4.7,198,0.0,0.0,0,0.0,0.0,0,9624.00,0.00,0.00,183,12.81,2.54,0.00,-4.5,4.998,4.998,4.998,4.998,60
2022-03-08 01:10:22,4.0,4.3,204,0.0,0.0,0,0.0,0.0,0,9828.00,0.00,0.00,183,12.81,2.54,0.00,-4.1,4.998,4.998,4.998,4.998,219
2022-03-08 01:11:22,3.2,4.9,210,0.0,0.0,0,0.0,0.0,0,10038.00,0.00,0.00,170,12.85,2.37,0.00,-4.5,4.998,4.998,4.998,4.998,57
2022-03-08 01:12:22,2.5,3.3,119,0.0,0.0,0,0.0,0.0,0,10157.00,0.00,0.00,170,12.81,2.36,0.00,-4.5,4.998,4.998,4.998,4.998,190
2022-03-08 01:13:22,1.5,2.6,94,0.0,0.0,0,0.0,0.0,0,10251.00,0.00,0.00,170,12.85,2.37,0.00,-4.5,4.998,4.998,4.998,4.998,131
2022-03-08 01:14:22,2.7,2.9,103,0.0,0.0,0,0.0,0.0,0,10354.00,0.00,0.00,170,12.85,2.37,0.00,-4.5,4.998,4.998,4.998,4.998,95
2022-03-08 01:15:22,2.7,4.0,161,0.0,0.0,0,0.0,0.0,0,10515.00,0.00,0.00,171,12.81,2.37,0.00,-4.5,4.998,4.998,4.998,4.998,5
2022-03-08 01:16:22,2.3,3.0,127,0.0,0.0,0,0.0,0.0,0,10642.00,0.00,0.00,171,12.85,2.37,0.00,-4.5,4.998,4.998,4.998,4.998,134
2022-03-08 01:17:22,2.5,2.6,87,0.0,0.0,0,0.0,0.0,0,10729.00,0.00,0.00,171,12.85,2.38,0.00,-4.5,4.998,4.998,4.998,4.998,72
2022-03-08 01:18:22,2.5,3.0,122,0.0,0.0,0,0.0,0.0,0,10851.00,0.00,0.00,171,12.81,2.38,0.00,-4.5,4.998,4.998,4.998,4.998,118
2022-03-08 01:19:22,3.7,4.3,201,0.0,0.0,0,0.0,0.0,0,11052.00,0.00,0.00,171,12.81,2.38,0.00,-4.1,4.998,4.998,4.998,4.998,117
2022-03-08 01:20:22,3.7,4.6,178,0.0,0.0,0,0.0,0.0,0,11230.00,0.00,0.00,171,12.85,2.37,0.00,-4.5,4.998,4.998,4.998,4.998,116
2022-03-08 01:21:22,3.1,4.6,183,0.0,0.0,0,0.0,0.0,0,11413.00,0.00,0.00,193,12.85,2.68,0.00,-4.5,4.998,4.998,4.998,4.998,14
2022-03-08 01:22:22,2.6,4.9,185,0.0,0.0,0,0.0,0.0,0,11598.00,0.00,0.00,191,12.81,2.66,0.00,-4.5,4.998,4.998,4.998,4.998,107
2022-03-08 01:23:22,2.7,3.4,131,0.0,0.0,0,0.0,0.0,0,11729.00,0.00,0.00,191,12.81,2.66,0.00,-5.0,4.998,4.998,4.998,4.998,14
2022-03-08 01:24:22,5.1,5.3,132,0.0,0.0,0,0.0,0.0,0,11861.00,0.00,0.00,164,12.81,2.28,0.00,-4.5,4.998,4.998,4.998,4.998,64
2022-03-08 01:25:22,3.0,5.2,224,0.0,0.0,0,0.0,0.0,0,12085.00,0.00,0.00,183,12.81,2.54,0.00,-4.5,4.998,4.998,4.998,4.998,11
2022-03-08 01:26:22,3.3,4.5,171,0.0,0.0,0,0.0,0.0,0,12256.00,0.00,0.00,175,12.81,2.44,0.00,-4.1,4.998,4.998,4.998,4.998,103
2022-03-08 01:27:22,3.4,4.7,173,0.0,0.0,0,0.0,0.0,0,12429.00,0.00,0.00,176,12.81,2.44,0.00,-4.1,4.998,4.998,4.998,4.998,6
2022-03-08 01:28:22,2.4,3.7,150,0.0,0.0,0,0.0,0.0,0,12579.00,0.00,0.00,176,12.81,2.44,0.00,-4.5,4.998,4.998,4.998,4.998,1
2022-03-08 01:29:22,4.0,5.3,124,0.0,0.0,0,0.0,0.0,0,12703.00,0.00,0.00,175,12.81,2.44,0.00,-4.5,4.998,4.998,4.998,4.998,212
2022-03-08 01:30:22,3.3,5.6,217,0.0,0.0,0,0.0,0.0,0,12920.00,0.00,0.00,188,12.81,2.61,0.00,-4.5,4.998,4.998,4.998,4.998,232
2022-03-08 01:31:22,2.7,3.6,142,0.0,0.0,0,0.0,0.0,0,13062.00,0.00,0.00,187,12.81,2.60,0.00,-4.5,4.998,4.998,4.998,4.998,11
2022-03-08 01:32:22,3.3,4.2,152,0.0,0.0,0,0.0,0.0,0,13214.00,0.00,0.00,188,12.81,2.61,0.00,-4.1,4.998,4.998,4.998,4.998,68
2022-03-08 01:33:22,0.0,3.3,89,0.0,0.0,0,0.0,0.0,0,13303.00,0.00,0.00,188,12.81,2.62,0.00,-4.5,4.998,4.998,4.998,4.998,215
2022-03-08 01:34:22,2.7,3.5,95,0.0,0.0,0,0.0,0.0,0,13398.00,0.00,0.00,187,12.81,2.60,0.00,-4.5,4.998,4.998,4.998,4.998,54
2022-03-08 01:35:22,4.5,4.6,147,0.0,0.0,0,0.0,0.0,0,13545.00,0.00,0.00,190,12.81,2.64,0.00,-4.5,4.998,4.998,4.998,4.998,157
2022-03-08 01:36:22,3.3,5.0,215,0.0,0.0,0,0.0,0.0,0,13760.00,0.00,0.00,189,12.81,2.63,0.00,-4.5,4.998,4.998,4.998,4.998,99
2022-03-08 01:37:22,2.1,3.8,159,0.0,0.0,0,0.0,0.0,0,13919.00,0.00,0.00,188,12.81,2.62,0.00,-4.5,4.998,4.998,4.998,4.998,104
2022-03-08 01:38:22,2.0,5.1,183,0.0,0.0,0,0.0,0.0,0,14102.00,0.00,0.00,188,12.81,2.62,0.00,-4.5,4.998,4.998,4.998,4.998,208
2022-03-08 01:39:22,2.0,2.3,72,0.0,0.0,0,0.0,0.0,0,14174.00,0.00,0.00,189,12.81,2.62,0.00,-4.5,4.998,4.998,4.998,4.998,83
2022-03-08 01:40:22,2.3,4.1,151,0.0,0.0,0,0.0,0.0,0,14325.00,0.00,0.00,188,12.81,2.61,0.00,-4.5,4.998,4.998,4.998,4.998,79
2022-03-08 01:41:22,2.6,3.6,135,0.0,0.0,0,0.0,0.0,0,14460.00,0.00,0.00,188,12.81,2.61,0.00,-4.5,4.998,4.998,4.998,4.998,118
2022-03-08 01:42:22,1.9,2.5,68,0.0,0.0,0,0.0,0.0,0,14528.00,0.00,0.00,188,12.81,2.61,0.00,-4.5,4.998,4.998,4.998,4.998,157
2022-03-08 01:43:22,2.4,5.0,174,0.0,0.0,0,0.0,0.0,0,14702.00,0.00,0.00,189,12.81,2.63,0.00,-4.5,4.998,4.998,4.998,4.998,12
2022-03-08 01:44:22,1.4,2.5,83,0.0,0.0,0,0.0,0.0,0,14785.00,0.00,0.00,190,12.81,2.64,0.00,-4.5,4.998,4.998,4.998,4.998,83
2022-03-08 01:45:22,2.2,3.5,117,0.0,0.0,0,0.0,0.0,0,14902.00,0.00,0.00,190,12.81,2.64,0.00,-4.5,4.998,4.998,4.998,4.998,124
2022-03-08 01:46:22,2.0,3.6,125,0.0,0.0,0,0.0,0.0,0,15027.00,0.00,0.00,190,12.81,2.64,0.00,-4.5,4.998,4.998,4.998,4.998,91
2022-03-08 01:47:22,3.5,3.5,95,0.0,0.0,0,0.0,0.0,0,15122.00,0.00,0.00,189,12.81,2.63,0.00,-4.5,4.998,4.998,4.998,4.998,189
2022-03-08 01:48:22,3.1,4.4,168,0.0,0.0,0,0.0,0.0,0,15290.00,0.00,0.00,189,12.81,2.63,0.00,-4.5,4.998,4.998,4.998,4.998,118
2022-03-08 01:49:22,2.9,4.1,164,0.0,0.0,0,0.0,0.0,0,15454.00,0.00,0.00,189,12.77,2.63,0.00,-4.5,4.998,4.998,4.998,4.998,8
2022-03-08 01:50:22,1.5,3.8,116,0.0,0.0,0,0.0,0.0,0,15570.00,0.00,0.00,189,12.81,2.63,0.00,-4.5,4.998,4.998,4.998,4.998,169
2022-03-08 01:51:22,1.6,2.3,57,0.0,0.0,0,0.0,0.0,0,15627.00,0.00,0.00,189,12.81,2.63,0.00,-4.5,4.998,4.998,4.998,4.998,100
2022-03-08 01:52:22,0.0,2.2,54,0.0,0.0,0,0.0,0.0,0,15681.00,0.00,0.00,189,12.81,2.63,0.00,-5.0,4.998,4.998,4.998,4.998,250
2022-03-08 01:53:22,3.2,4.7,135,0.0,0.0,0,0.0,0.0,0,15816.00,0.00,0.00,166,12.81,2.31,0.00,-4.5,4.998,4.998,4.998,4.998,94
2022-03-08 01:54:22,3.4,4.4,189,0.0,0.0,0,0.0,0.0,0,16005.00,0.00,0.00,166,12.81,2.31,0.00,-4.5,4.998,4.998,4.998,4.998,26
2022-03-08 01:55:22,3.4,3.6,145,0.0,0.0,0,0.0,0.0,0,16150.00,0.00,0.00,167,12.81,2.32,0.00,-4.5,4.998,4.998,4.998,4.998,0
2022-03-08 01:56:22,1.3,3.2,63,0.0,0.0,0,0.0,0.0,0,16213.00,0.00,0.00,166,12.77,2.31,0.00,-4.5,4.998,4.998,4.998,4.998,171
2022-03-08 01:57:22,0.0,2.6,62,0.0,0.0,0,0.0,0.0,0,16275.00,0.00,0.00,167,12.81,2.32,0.00,-4.5,4.998,4.998,4.998,4.998,145
2022-03-08 01:58:22,2.1,3.6,43,0.0,0.0,0,0.0,0.0,0,16318.00,0.00,0.00,151,12.81,2.10,0.00,-4.5,4.998,4.998,4.998,4.998,65
2022-03-08 01:59:22,3.2,4.2,156,0.0,0.0,0,0.0,0.0,0,16474.00,0.00,0.00,151,12.81,2.10,0.00,-4.5,4.998,4.998,4.998,4.998,196
2022-03-08 02:00:22,0.9,5.0,133,0.0,0.0,0,0.0,0.0,0,16607.00,0.00,0.00,177,12.81,2.46,0.00,-5.0,4.998,4.998,4.998,4.998,12
2022-03-08 02:01:22,1.7,3.0,65,0.0,0.0,0,0.0,0.0,0,16672.00,0.00,0.00,177,12.81,2.47,0.00,-4.5,4.998,4.998,4.998,4.998,188
2022-03-08 02:02:22,3.9,4.1,109,0.0,0.0,0,0.0,0.0,0,16781.00,0.00,0.00,177,12.77,2.46,0.00,-4.5,4.998,4.998,4.998,4.998,63
2022-03-08 02:03:22,0.0,4.1,86,0.0,0.0,0,0.0,0.0,0,16867.00,0.00,0.00,177,12.77,2.46,0.00,-4.5,4.998,4.998,4.998,4.998,183
2022-03-08 02:04:22,3.6,4.3,84,0.0,0.0,0,0.0,0.0,0,16951.00,0.00,0.00,183,12.81,2.55,0.00,-4.5,4.998,4.998,4.998,4.998,141
2022-03-08 02:05:22,3.3,3.9,138,0.0,0.0,0,0.0,0.0,0,17089.00,0.00,0.00,162,12.81,2.25,0.00,-5.0,4.998,4.998,4.998,4.998,251
2022-03-08 02:06:22,1.7,4.9,156,0.0,0.0,0,0.0,0.0,0,17245.00,0.00,0.00,161,12.81,2.24,0.00,-4.5,4.998,4.998,4.998,4.998,160
2022-03-08 02:07:22,3.2,3.3,74,0.0,0.0,0,0.0,0.0,0,17319.00,0.00,0.00,161,12.77,2.24,0.00,-4.5,4.998,4.998,4.998,4.998,158
2022-03-08 02:08:22,2.3,4.7,191,0.0,0.0,0,0.0,0.0,0,17510.00,0.00,0.00,175,12.77,2.43,0.00,-4.5,4.998,4.998,4.998,4.998,169
2022-03-08 02:09:22,1.7,2.4,59,0.0,0.0,0,0.0,0.0,0,17569.00,0.00,0.00,174,12.77,2.42,0.00,-5.0,4.998,4.998,4.998,4.998,119
2022-03-08 02:10:22,0.0,1.7,6,0.0,0.0,0,0.0,0.0,0,17575.00,0.00,0.00,174,12.81,2.42,0.00,-4.5,4.998,4.998,4.998,4.998,206
2022-03-08 02:11:22,2.0,2.5,77,0.0,0.0,0,0.0,0.0,0,17652.00,0.00,0.00,174,12.81,2.42,0.00,-4.5,4.998,4.998,4.998,4.998,126
2022-03-08 02:12:22,0.0,2.2,47,0.0,0.0,0,0.0,0.0,0,17699.00,0.00,0.00,174,12.81,2.42,0.00,-4.5,4.998,4.998,4.998,4.998,97
2022-03-08 02:13:22,2.4,2.5,64,0.0,0.0,0,0.0,0.0,0,17763.00,0.00,0.00,174,12.81,2.42,0.00,-5.0,4.998,4.998,4.998,4.998,60
2022-03-08 02:14:22,4.1,5.1,185,0.0,0.0,0,0.0,0.0,0,17948.00,0.00,0.00,175,12.77,2.43,0.00,-4.1,4.998,4.998,4.998,4.998,188
2022-03-08 02:15:22,2.9,5.3,202,0.0,0.0,0,0.0,0.0,0,18150.00,0.00,0.00,137,12.77,1.90,0.00,-4.5,4.998,4.998,4.998,4.998,151
2022-03-08 02:16:22,2.6,4.2,148,0.0,0.0,0,0.0,0.0,0,18298.00,0.00,0.00,148,12.77,2.06,0.00,-4.1,4.998,4.998,4.998,4.998,91
2022-03-08 02:17:22,3.0,4.2,168,0.0,0.0,0,0.0,0.0,0,18466.00,0.00,0.00,148,12.81,2.05,0.00,-4.5,4.998,4.998,4.998,4.998,159
2022-03-08 02:18:22,1.0,5.1,149,0.0,0.0,0,0.0,0.0,0,18615.00,0.00,0.00,144,12.81,2.00,0.00,-4.1,4.998,4.998,4.998,4.998,103
2022-03-08 02:19:22,0.0,1.8,8,0.0,0.0,0,0.0,0.0,0,18623.00,0.00,0.00,144,12.77,2.00,0.00,-4.1,4.998,4.998,4.998,4.998,251
2022-03-08 02:20:22,3.7,3.7,69,0.0,0.0,0,0.0,0.0,0,18692.00,0.00,0.00,145,12.77,2.02,0.00,-4.5,4.998,4.998,4.998,4.998,241
2022-03-08 02:21:22,2.9,4.5,145,0.0,0.0,0,0.0,0.0,0,18837.00,0.00,0.00,166,12.77,2.31,0.00,-4.1,4.998,4.998,4.998,4.998,254
2022-03-08 02:22:22,3.8,3.8,153,0.0,0.0,0,0.0,0.0,0,18990.00,0.00,0.00,167,12.77,2.32,0.00,-4.1,4.998,4.998,4.998,4.998,145
2022-03-08 02:23:22,4.0,4.9,211,0.0,0.0,0,0.0,0.0,0,19201.00,0.00,0.00,167,12.77,2.32,0.00,-4.1,4.998,4.998,4.998,4.998,233
2022-03-08 02:24:22,2.5,4.1,121,0.0,0.0,0,0.0,0.0,0,19322.00,0.00,0.00,166,12.77,2.31,0.00,-4.5,4.998,4.998,4.998,4.998,127
2022-03-08 02:25:22,3.1,5.0,165,0.0,0.0,0,0.0,0.0,0,19487.00,0.00,0.00,172,12.77,2.39,0.00,-4.1,4.998,4.998,4.998,4.998,122
2022-03-08 02:26:22,2.9,4.2,171,0.0,0.0,0,0.0,0.0,0,19658.00,0.00,0.00,171,12.77,2.38,0.00,-4.1,4.998,4.998,4.998,4.998,89
2022-03-08 02:27:22,4.8,5.1,205,0.0,0.0,0,0.0,0.0,0,19863.00,0.00,0.00,170,12.77,2.36,0.00,-4.1,4.998,4.998,4.998,4.998,32
2022-03-08 02:28:22,2.8,6.9,232,0.0,0.0,0,0.0,0.0,0,20095.00,0.00,0.00,167,12.81,2.32,0.00,-4.1,4.998,4.998,4.998,4.998,214
2022-03-08 02:29:22,2.8,5.8,175,0.0,0.0,0,0.0,0.0,0,20270.00,0.00,0.00,157,12.81,2.18,0.00,-4.5,4.998,4.998,4.998,4.998,242
2022-03-08 02:30:22,3.0,5.2,200,0.0,0.0,0,0.0,0.0,0,20470.00,0.00,0.00,176,12.81,2.45,0.00,-4.1,4.998,4.998,4.998,4.998,176
2022-03-08 02:31:22,5.5,5.9,182,0.0,0.0,0,0.0,0.0,0,20652.00,0.00,0.00,149,12.81,2.08,0.00,-4.1,4.998,4.998,4.998,4.998,225
2022-03-08 02:32:22,4.9,7.3,361,0.0,0.0,0,0.0,0.0,0,21013.00,0.00,0.00,181,12.77,2.51,0.00,-3.6,4.998,4.998,4.998,4.998,142
2022-03-08 02:33:22,3.5,5.1,169,0.0,0.0,0,0.0,0.0,0,21182.00,0.00,0.00,185,12.81,2.57,0.00,-4.1,4.998,4.998,4.998,4.998,239
2022-03-08 02:34:22,3.6,5.5,197,0.0,0.0,0,0.0,0.0,0,21379.00,0.00,0.00,170,12.77,2.36,0.00,-4.1,4.998,4.998,4.998,4.998,211
2022-03-08 02:35:22,2.6,6.2,267,0.0,0.0,0,0.0,0.0,0,21646.00,0.00,0.00,158,12.77,2.20,0.00,-4.1,4.998,4.998,4.998,4.998,118
2022-03-08 02:36:22,6.2,6.4,161,0.0,0.0,0,0.0,0.0,0,21807.00,0.00,0.00,172,12.77,2.40,0.00,-4.1,4.998,4.998,4.998,4.998,173
2022-03-08 02:37:22,3.7,7.7,288,0.0,0.0,0,0.0,0.0,0,22095.00,0.00,0.00,170,12.77,2.36,0.00,-4.1,4.998,4.998,4.998,4.998,232
2022-03-08 02:38:22,3.4,4.9,201,0.0,0.0,0,0.0,0.0,0,22296.00,0.00,0.00,179,12.77,2.49,0.00,-3.6,4.998,4.998,4.998,4.998,0
2022-03-08 02:39:22,4.5,7.1,294,0.0,0.0,0,0.0,0.0,0,22590.00,0.00,0.00,198,12.81,2.75,0.00,-3.6,4.998,4.998,4.998,4.998,242
2022-03-08 02:40:22,1.7,5.1,183,0.0,0.0,0,0.0,0.0,0,22773.00,0.00,0.00,189,12.77,2.63,0.00,-4.1,4.998,4.998,4.998,4.998,131
2022-03-08 02:41:22,3.7,5.6,213,0.0,0.0,0,0.0,0.0,0,22986.00,0.00,0.00,180,12.77,2.50,0.00,-4.1,4.998,4.998,4.998,4.998,118
2022-03-08 02:42:22,4.9,6.3,252,0.0,0.0,0,0.0,0.0,0,23238.00,0.00,0.00,165,12.77,2.29,0.00,-3.6,4.998,4.998,4.998,4.998,82
2022-03-08 02:43:22,4.1,5.4,227,0.0,0.0,0,0.0,0.0,0,23465.00,0.00,0.00,171,12.81,2.38,0.00,-3.6,4.998,4.998,4.998,4.998,80
2022-03-08 02:44:22,5.8,5.9,255,0.0,0.0,0,0.0,0.0,0,23720.00,0.00,0.00,166,12.77,2.31,0.00,-3.6,4.998,4.998,4.998,4.998,235
2022-03-08 02:45:22,3.5,6.1,244,0.0,0.0,0,0.0,0.0,0,23964.00,0.00,0.00,172,12.77,2.40,0.00,-3.6,4.998,4.998,4.998,4.998,36
2022-03-08 02:46:22,5.9,8.6,375,0.0,0.0,0,0.0,0.0,0,24339.00,0.00,0.00,161,12.77,2.24,0.00,-3.6,4.998,4.998,4.998,4.998,86
2022-03-08 02:47:22,2.8,6.9,260,0.0,0.0,0,0.0,0.0,0,24599.00,0.00,0.00,168,12.81,2.33,0.00,-3.6,4.998,4.998,4.998,4.998,166
2022-03-08 02:48:22,3.8,6.7,262,0.0,0.0,0,0.0,0.0,0,24861.00,0.00,0.00,153,12.81,2.13,0.00,-3.6,4.998,4.998,4.998,4.998,2
2022-03-08 02:49:22,4.7,6.2,257,0.0,0.0,0,0.0,0.0,0,25118.00,0.00,0.00,161,12.77,2.24,0.00,-3.6,4.998,4.998,4.998,4.998,217
2022-03-08 02:50:22,4.2,4.5,175,0.0,0.0,0,0.0,0.0,0,25293.00,0.00,0.00,165,12.77,2.30,0.00,-3.6,4.998,4.998,4.998,4.998,208
2022-03-08 02:51:22,2.5,5.2,215,0.0,0.0,0,0.0,0.0,0,25508.00,0.00,0.00,174,12.77,2.42,0.00,-3.6,4.998,4.998,4.998,4.998,11
2022-03-08 02:52:22,2.7,6.0,204,0.0,0.0,0,0.0,0.0,0,25712.00,0.00,0.00,173,12.77,2.40,0.00,-4.1,4.998,4.998,4.998,4.998,26
2022-03-08 02:53:22,2.1,4.0,141,0.0,0.0,0,0.0,0.0,0,25853.00,0.00,0.00,168,12.77,2.33,0.00,-3.6,4.998,4.998,4.998,4.998,2
2022-03-08 02:54:22,3.6,4.7,201,0.0,0.0,0,0.0,0.0,0,26054.00,0.00,0.00,169,12.81,2.34,0.00,-3.6,4.998,4.998,4.998,4.998,80
2022-03-08 02:55:22,3.6,6.5,252,0.0,0.0,0,0.0,0.0,0,26306.00,0.00,0.00,183,12.77,2.55,0.00,-3.6,4.998,4.998,4.998,4.998,225
2022-03-08 02:56:22,3.1,4.7,194,0.0,0.0,0,0.0,0.0,0,26500.00,0.00,0.00,176,12.77,2.44,0.00,-3.6,4.998,4.998,4.998,4.998,103
2022-03-08 02:57:22,2.5,5.6,223,0.0,0.0,0,0.0,0.0,0,26723.00,0.00,0.00,168,12.77,2.33,0.00,-3.6,4.998,4.998,4.998,4.998,102
2022-03-08 02:58:22,3.6,6.3,237,0.0,0.0,0,0.0,0.0,0,26960.00,0.00,0.00,158,12.77,2.20,0.00,-3.6,4.998,4.998,4.998,4.998,0
2022-03-08 02:59:22,6.9,8.4,334,0.0,0.0,0,0.0,0.0,0,27294.00,0.00,0.00,165,12.77,2.29,0.00,-3.1,4.998,4.998,4.998,4.998,32
2022-03-08 03:00:22,5.0,7.0,278,0.0,0.0,0,0.0,0.0,0,27572.00,0.00,0.00,159,12.77,2.21,0.00,-3.1,4.998,4.998,4.998,4.998,83
2022-03-08 03:01:22,5.7,6.2,306,0.0,0.0,0,0.0,0.0,0,27878.00,0.00,0.00,152,12.77,2.11,0.00,-3.6,4.998,4.998,4.998,4.998,150
2022-03-08 03:02:22,6.7,8.5,341,0.0,0.0,0,0.0,0.0,0,28219.00,0.00,0.00,171,12.77,2.38,0.00,-3.6,4.998,4.998,4.998,4.998,244
2022-03-08 03:03:22,4.1,8.7,389,0.0,0.0,0,0.0,0.0,0,28608.00,0.00,0.00,182,12.77,2.52,0.00,-3.6,4.998,4.998,4.998,4.998,66
2022-03-08 03:04:22,4.6,8.2,343,0.0,0.0,0,0.0,0.0,0,28951.00,0.00,0.00,185,12.77,2.57,0.00,-3.6,4.998,4.998,4.998,4.998,206
2022-03-08 03:05:22,3.1,5.7,188,0.0,0.0,0,0.0,0.0,0,29139.00,0.00,0.00,184,12.77,2.56,0.00,-3.6,4.998,4.998,4.998,4.998,249
2022-03-08 03:06:22,5.2,5.9,227,0.0,0.0,0,0.0,0.0,0,29366.00,0.00,0.00,173,12.77,2.41,0.00,-4.1,4.998,4.998,4.998,4.998,167
2022-03-08 03:07:22,5.1,8.0,377,0.0,0.0,0,0.0,0.0,0,29743.00,0.00,0.00,188,12.77,2.61,0.00,-3.6,4.998,4.998,4.998,4.998,202
2022-03-08 03:08:22,4.7,6.6,280,0.0,0.0,0,0.0,0.0,0,30023.00,0.00,0.00,191,12.77,2.65,0.00,-3.6,4.998,4.998,4.998,4.998,228
2022-03-08 03:09:22,6.3,7.3,283,0.0,0.0,0,0.0,0.0,0,30306.00,0.00,0.00,170,12.77,2.36,0.00,-4.1,4.998,4.998,4.998,4.998,171
2022-03-08 03:10:22,5.5,7.4,346,0.0,0.0,0,0.0,0.0,0,30652.00,0.00,0.00,177,12.77,2.46,0.00,-4.1,4.998,4.998,4.998,4.998,91
2022-03-08 03:11:22,3.1,5.9,269,0.0,0.0,0,0.0,0.0,0,30921.00,0.00,0.00,185,12.77,2.58,0.00,-4.1,4.998,4.998,4.998,4.998,188
2022-03-08 03:12:22,4.0,6.4,283,0.0,0.0,0,0.0,0.0,0,31204.00,0.00,0.00,175,12.77,2.44,0.00,-3.6,4.998,4.998,4.998,4.998,74
2022-03-08 03:13:22,4.3,5.4,248,0.0,0.0,0,0.0,0.0,0,31452.00,0.00,0.00,175,12.77,2.44,0.00,-3.6,4.998,4.998,4.998,4.998,218
2022-03-08 03:14:22,3.7,6.1,282,0.0,0.0,0,0.0,0.0,0,31734.00,0.00,0.00,188,12.77,2.61,0.00,-4.1,4.998,4.998,4.998,4.998,235
2022-03-08 03:15:22,6.0,7.2,324,0.0,0.0,0,0.0,0.0,0,32058.00,0.00,0.00,176,12.77,2.45,0.00,-4.5,4.998,4.998,4.998,4.998,234
2022-03-08 03:16:22,5.2,6.3,310,0.0,0.0,0,0.0,0.0,0,32368.00,0.00,0.00,190,12.77,2.64,0.00,-4.1,4.998,4.998,4.998,4.998,112
2022-03-08 03:17:22,6.2,7.8,368,0.0,0.0,0,0.0,0.0,0,32736.00,0.00,0.00,178,12.77,2.48,0.00,-4.1,4.998,4.998,4.998,4.998,70
2022-03-08 03:18:22,3.7,6.9,279,0.0,0.0,0,0.0,0.0,0,33015.00,0.00,0.00,172,12.77,2.39,0.00,-4.1,4.998,4.998,4.998,4.998,56
2022-03-08 03:19:22,4.8,6.5,278,0.0,0.0,0,0.0,0.0,0,33293.00,0.00,0.00,172,12.77,2.40,0.00,-4.1,4.998,4.998,4.998,4.998,223
2022-03-08 03:20:22,4.2,7.1,315,0.0,0.0,0,0.0,0.0,0,33608.00,0.00,0.00,175,12.77,2.43,0.00,-4.1,4.998,4.998,4.998,4.998,225
2022-03-08 03:21:22,3.5,5.7,242,0.0,0.0,0,0.0,0.0,0,33850.00,0.00,0.00,186,12.77,2.59,0.00,-4.1,4.998,4.998,4.998,4.998,22
2022-03-08 03:22:22,4.9,5.5,233,0.0,0.0,0,0.0,0.0,0,34083.00,0.00,0.00,199,12.77,2.77,0.00,-4.1,4.998,4.998,4.998,4.998,230
2022-03-08 03:23:22,4.5,6.1,295,0.0,0.0,0,0.0,0.0,0,34378.00,0.00,0.00,187,12.77,2.60,0.00,-4.1,4.998,4.998,4.998,4.998,228
2022-03-08 03:24:22,2.3,4.8,191,0.0,0.0,0,0.0,0.0,0,34569.00,0.00,0.00,187,12.73,2.60,0.00,-4.5,4.998,4.998,4.998,4.998,82
2022-03-08 03:25:22,5.3,7.0,276,0.0,0.0,0,0.0,0.0,0,34845.00,0.00,0.00,175,12.77,2.44,0.00,-4.1,4.998,4.998,4.998,4.998,2
2022-03-08 03:26:22,3.4,6.5,296,0.0,0.0,0,0.0,0.0,0,35141.00,0.00,0.00,189,12.77,2.62,0.00,-4.5,4.998,4.998,4.998,4.998,209
2022-03-08 03:27:22,4.7,6.2,291,0.0,0.0,0,0.0,0.0,0,35432.00,0.00,0.00,188,12.77,2.61,0.00,-4.1,4.998,4.998,4.998,4.998,1
2022-03-08 03:28:22,2.9,4.6,178,0.0,0.0,0,0.0,0.0,0,35610.00,0.00,0.00,183,12.77,2.55,0.00,-4.5,4.998,4.998,4.998,4.998,194
2022-03-08 03:29:22,3.9,5.7,247,0.0,0.0,0,0.0,0.0,0,35857.00,0.00,0.00,194,12.77,2.69,0.00,-4.5,4.998,4.998,4.998,4.998,48
2022-03-08 03:30:22,2.5,4.5,178,0.0,0.0,0,0.0,0.0,0,36035.00,0.00,0.00,177,12.73,2.46,0.00,-4.1,4.998,4.998,4.998,4.998,54
2022-03-08 03:31:22,3.1,4.5,162,0.0,0.0,0,0.0,0.0,0,36197.00,0.00,0.00,177,12.77,2.46,0.00,-4.5,4.998,4.998,4.998,4.998,125
2022-03-08 03:32:22,4.3,6.7,242,0.0,0.0,0,0.0,0.0,0,36439.00,0.00,0.00,187,12.77,2.59,0.00,-4.5,4.998,4.998,4.998,4.998,16
2022-03-08 03:33:22,3.9,7.3,306,0.0,0.0,0,0.0,0.0,0,36745.00,0.00,0.00,185,12.77,2.57,0.00,-4.1,4.998,4.998,4.998,4.998,237
2022-03-08 03:34:22,5.9,6.9,231,0.0,0.0,0,0.0,0.0,0,36976.00,0.00,0.00,178,12.77,2.47,0.00,-4.5,4.998,4.998,4.998,4.998,192
2022-03-08 03:35:22,3.3,6.7,290,0.0,0.0,0,0.0,0.0,0,37266.00,0.00,0.00,192,12.77,2.67,0.00,-4.1,4.998,4.998,4.998,4.998,50
2022-03-08 03:36:22,2.7,3.6,134,0.0,0.0,0,0.0,0.0,0,37400.00,0.00,0.00,192,12.77,2.67,0.00,-4.5,4.998,4.998,4.998,4.998,225
2022-03-08 03:37:22,4.2,5.5,199,0.0,0.0,0,0.0,0.0,0,37599.00,0.00,0.00,191,12.77,2.66,0.00,-4.5,4.998,4.998,4.998,4.998,5
2022-03-08 03:38:22,4.9,5.5,249,0.0,0.0,0,0.0,0.0,0,37848.00,0.00,0.00,186,12.77,2.58,0.00,-4.5,4.998,4.998,4.998,4.998,150
2022-03-08 03:39:22,4.1,5.6,247,0.0,0.0,0,0.0,0.0,0,38095.00,0.00,0.00,185,12.77,2.58,0.00,-4.1,4.998,4.998,4.998,4.998,26
2022-03-08 03:40:22,6.7,8.2,276,0.0,0.0,0,0.0,0.0,0,38371.00,0.00,0.00,179,12.73,2.49,0.00,-4.5,4.998,4.998,4.998,4.998,72
2022-03-08 03:41:22,3.9,7.7,310,0.0,0.0,0,0.0,0.0,0,38681.00,0.00,0.00,181,12.73,2.51,0.00,-4.1,4.998,4.998,4.998,4.998,122
2022-03-08 03:42:22,3.5,6.9,265,0.0,0.0,0,0.0,0.0,0,38946.00,0.00,0.00,191,12.73,2.66,0.00,-4.5,4.998,4.998,4.998,4.998,67
2022-03-08 03:43:22,4.8,6.5,285,0.0,0.0,0,0.0,0.0,0,39231.00,0.00,0.00,188,12.77,2.62,0.00,-4.5,4.998,4.998,4.998,4.998,68
2022-03-08 03:44:22,2.5,5.0,195,0.0,0.0,0,0.0,0.0,0,39426.00,0.00,0.00,179,12.73,2.49,0.00,-4.5,4.998,4.998,4.998,4.998,79
2022-03-08 03:45:22,3.5,4.1,171,0.0,0.0,0,0.0,0.0,0,39597.00,0.00,0.00,178,12.77,2.48,0.00,-4.5,4.998,4.998,4.998,4.998,143
2022-03-08 03:46:22,4.1,6.3,248,0.0,0.0,0,0.0,0.0,0,39845.00,0.00,0.00,185,12.77,2.57,0.00,-4.5,4.998,4.998,4.998,4.998,36
2022-03-08 03:47:22,3.4,5.1,217,0.0,0.0,0,0.0,0.0,0,40062.00,0.00,0.00,188,12.77,2.62,0.00,-4.1,4.998,4.998,4.998,4.998,143
2022-03-08 03:48:22,5.0,6.6,275,0.0,0.0,0,0.0,0.0,0,40337.00,0.00,0.00,185,12.77,2.57,0.00,-4.1,4.998,4.998,4.998,4.998,93
2022-03-08 03:49:22,3.2,5.2,201,0.0,0.0,0,0.0,0.0,0,40538.00,0.00,0.00,185,12.73,2.57,0.00,-4.5,4.998,4.998,4.998,4.998,156
2022-03-08 03:50:22,4.3,5.9,235,0.0,0.0,0,0.0,0.0,0,40773.00,0.00,0.00,177,12.73,2.47,0.00,-4.1,4.998,4.998,4.998,4.998,179
2022-03-08 03:51:22,4.5,6.1,284,0.0,0.0,0,0.0,0.0,0,41057.00,0.00,0.00,187,12.77,2.59,0.00,-4.5,4.998,4.998,4.998,4.998,181
2022-03-08 03:52:22,4.7,5.6,218,0.0,0.0,0,0.0,0.0,0,41275.00,0.00,0.00,186,12.73,2.58,0.00,-4.1,4.998,4.998,4.998,4.998,231
2022-03-08 03:53:22,4.9,7.1,299,0.0,0.0,0,0.0,0.0,0,41574.00,0.00,0.00,180,12.73,2.49,0.00,-4.5,4.998,4.998,4.998,4.998,88
2022-03-08 03:54:22,3.1,5.1,195,0.0,0.0,0,0.0,0.0,0,41769.00,0.00,0.00,180,12.73,2.49,0.00,-4.5,4.998,4.998,4.998,4.998,190
2022-03-08 03:55:22,6.9,7.0,203,0.0,0.0,0,0.0,0.0,0,41972.00,0.00,0.00,187,12.77,2.59,0.00,-4.5,4.998,4.998,4.998,4.998,63
2022-03-08 03:56:22,3.9,7.1,295,0.0,0.0,0,0.0,0.0,0,42267.00,0.00,0.00,168,12.73,2.33,0.00,-4.5,4.998,4.998,4.998,4.998,182
2022-03-08 03:57:22,4.8,6.2,275,0.0,0.0,0,0.0,0.0,0,42542.00,0.00,0.00,165,12.73,2.29,0.00,-4.5,4.998,4.998,4.998,4.998,71
2022-03-08 03:58:22,4.2,5.2,201,0.0,0.0,0,0.0,0.0,0,42743.00,0.00,0.00,171,12.77,2.38,0.00,-4.5,4.998,4.998,4.998,4.998,181
2022-03-08 03:59:22,3.2,6.6,272,0.0,0.0,0,0.0,0.0,0,43015.00,0.00,0.00,169,12.77,2.35,0.00,-4.1,4.998,4.998,4.998,4.998,248
2022-03-08 04:00:22,4.6,5.7,241,0.0,0.0,0,0.0,0.0,0,43256.00,0.00,0.00,181,12.73,2.51,0.00,-4.1,4.998,4.998,4.998,4.998,186
2022-03-08 04:01:22,4.8,5.6,237,0.0,0.0,0,0.0,0.0,0,43493.00,0.00,0.00,183,12.73,2.55,0.00,-4.1,4.998,4.998,4.998,4.998,151
2022-03-08 04:02:22,3.1,5.6,194,0.0,0.0,0,0.0,0.0,0,43687.00,0.00,0.00,190,12.73,2.64,0.00,-4.1,4.998,4.998,4.998,4.998,171
2022-03-08 04:03:22,4.8,5.0,182,0.0,0.0,0,0.0,0.0,0,43869.00,0.00,0.00,181,12.73,2.51,0.00,-4.1,4.998,4.998,4.998,4.998,164
2022-03-08 04:04:22,4.5,5.4,284,0.0,0.0,0,0.0,0.0,0,44153.00,0.00,0.00,164,12.73,2.29,0.00,-4.1,4.998,4.998,4.998,4.998,156
2022-03-08 04:05:22,3.3,7.1,287,0.0,0.0,0,0.0,0.0,0,44440.00,0.00,0.00,170,12.73,2.37,0.00,-4.1,4.998,4.998,4.998,4.998,207
2022-03-08 04:06:22,4.9,7.8,326,0.0,0.0,0,0.0,0.0,0,44766.00,0.00,0.00,183,12.77,2.54,0.00,-4.1,4.998,4.998,4.998,4.998,13
2022-03-08 04:07:22,4.6,6.9,293,0.0,0.0,0,0.0,0.0,0,45059.00,0.00,0.00,181,12.73,2.51,0.00,-4.1,4.998,4.998,4.998,4.998,153
2022-03-08 04:08:22,2.3,5.1,170,0.0,0.0,0,0.0,0.0,0,45229.00,0.00,0.00,180,12.73,2.50,0.00,-4.1,4.998,4.998,4.998,4.998,184
2022-03-08 04:09:22,6.1,6.9,270,0.0,0.0,0,0.0,0.0,0,45499.00,0.00,0.00,174,12.73,2.41,0.00,-4.1,4.998,4.998,4.998,4.998,197
2022-03-08 04:10:22,2.5,7.4,252,0.0,0.0,0,0.0,0.0,0,45751.00,0.00,0.00,169,12.73,2.35,0.00,-4.1,4.998,4.998,4.998,4.998,68
2022-03-08 04:11:22,3.9,4.7,203,0.0,0.0,0,0.0,0.0,0,45954.00,0.00,0.00,191,12.73,2.65,0.00,-4.1,4.998,4.998,4.998,4.998,16
2022-03-08 04:12:22,2.1,4.8,190,0.0,0.0,0,0.0,0.0,0,46144.00,0.00,0.00,181,12.77,2.51,0.00,-4.1,4.998,4.998,4.998,4.998,172
2022-03-08 04:13:22,2.8,3.5,142,0.0,0.0,0,0.0,0.0,0,46286.00,0.00,0.00,181,12.73,2.51,0.00,-4.5,4.998,4.998,4.998,4.998,201
2022-03-08 04:14:22,2.9,3.6,162,0.0,0.0,0,0.0,0.0,0,46448.00,0.00,0.00,181,12.73,2.51,0.00,-4.1,4.998,4.998,4.998,4.998,56
2022-03-08 04:15:22,5.0,5.2,208,0.0,0.0,0,0.0,0.0,0,46656.00,0.00,0.00,181,12.73,2.51,0.00,-4.1,4.998,4.998,4.998,4.998,74
2022-03-08 04:16:22,4.3,5.4,223,0.0,0.0,0,0.0,0.0,0,46879.00,0.00,0.00,178,12.73,2.48,0.00,-4.1,4.998,4.998,4.998,4.998,32
2022-03-08 04:17:22,4.4,8.3,365,0.0,0.0,0,0.0,0.0,0,47244.00,0.00,0.00,174,12.73,2.42,0.00,-4.1,4.998,4.998,4.998,4.998,214
2022-03-08 04:18:22,3.2,5.3,228,0.0,0.0,0,0.0,0.0,0,47472.00,0.00,0.00,189,12.73,2.62,0.00,-4.1,4.998,4.998,4.998,4.998,201
2022-03-08 04:19:22,2.1,4.9,163,0.0,0.0,0,0.0,0.0,0,47635.00,0.00,0.00,193,12.73,2.68,0.00,-4.5,4.998,4.998,4.998,4.998,116
2022-03-08 04:20:22,4.7,4.8,201,0.0,0.0,0,0.0,0.0,0,47836.00,0.00,0.00,196,12.73,2.72,0.00,-4.1,4.998,4.998,4.998,4.998,107
2022-03-08 04:21:22,4.1,6.7,259,0.0,0.0,0,0.0,0.0,0,48095.00,0.00,0.00,183,12.73,2.54,0.00,-4.1,4.998,4.998,4.998,4.998,4
2022-03-08 04:22:22,2.2,4.3,124,0.0,0.0,0,0.0,0.0,0,48219.00,0.00,0.00,183,12.73,2.54,0.00,-4.1,4.998,4.998,4.998,4.998,100
2022-03-08 04:23:22,2.3,4.8,141,0.0,0.0,0,0.0,0.0,0,48360.00,0.00,0.00,198,12.73,2.75,0.00,-4.5,4.998,4.998,4.998,4.998,140
2022-03-08 04:24:22,2.7,6.6,206,0.0,0.0,0,0.0,0.0,0,48566.00,0.00,0.00,195,12.73,2.70,0.00,-4.1,4.998,4.998,4.998,4.998,52
2022-03-08 04:25:22,4.8,6.5,258,0.0,0.0,0,0.0,0.0,0,48824.00,0.00,0.00,171,12.73,2.38,0.00,-4.1,4.998,4.998,4.998,4.998,210
2022-03-08 04:26:22,2.5,5.4,206,0.0,0.0,0,0.0,0.0,0,49030.00,0.00,0.00,179,12.73,2.49,0.00,-4.1,4.998,4.998,4.998,4.998,18
2022-03-08 04:27:22,3.7,5.3,211,0.0,0.0,0,0.0,0.0,0,49241.00,0.00,0.00,181,12.73,2.51,0.00,-4.1,4.998,4.998,4.998,4.998,101
2022-03-08 04:28:22,4.2,7.9,313,0.0,0.0,0,0.0,0.0,0,49554.00,0.00,0.00,195,12.73,2.70,0.00,-4.1,4.998,4.998,4.998,4.998,172
2022-03-08 04:29:22,4.4,7.7,341,0.0,0.0,0,0.0,0.0,0,49895.00,0.00,0.00,194,12.73,2.70,0.00,-4.5,4.998,4.998,4.998,4.998,44
2022-03-08 04:30:22,2.3,5.1,180,0.0,0.0,0,0.0,0.0,0,50075.00,0.00,0.00,190,12.73,2.64,0.00,-4.1,4.998,4.998,4.998,4.998,69
2022-03-08 04:31:22,3.7,6.9,277,0.0,0.0,0,0.0,0.0,0,50352.00,0.00,0.00,197,12.73,2.74,0.00,-4.1,4.998,4.998,4.998,4.998,178
2022-03-08 04:32:22,3.7,5.1,196,0.0,0.0,0,0.0,0.0,0,50548.00,0.00,0.00,161,12.73,2.23,0.00,-4.1,4.998,4.998,4.998,4.998,253
2022-03-08 04:33:22,4.2,4.3,173,0.0,0.0,0,0.0,0.0,0,50721.00,0.00,0.00,161,12.73,2.23,0.00,-4.1,4.998,4.998,4.998,4.998,31
2022-03-08 04:34:22,4.8,5.4,209,0.0,0.0,0,0.0,0.0,0,50930.00,0.00,0.00,202,12.73,2.81,0.00,-4.1,4.998,4.998,4.998,4.998,171
2022-03-08 04:35:22,2.8,5.7,178,0.0,0.0,0,0.0,0.0,0,51108.00,0.00,0.00,200,12.73,2.77,0.00,-4.1,4.998,4.998,4.998,4.998,53
2022-03-08 04:36:22,4.3,6.2,260,0.0,0.0,0,0.0,0.0,0,51368.00,0.00,0.00,208,12.73,2.89,0.00,-4.5,4.998,4.998,4.998,4.998,52
2022-03-08 04:37:22,5.9,6.2,196,0.0,0.0,0,0.0,0.0,0,51564.00,0.00,0.00,205,12.73,2.85,0.00,-4.1,4.998,4.998,4.998,4.998,254
2022-03-08 04:38:22,2.6,5.8,220,0.0,0.0,0,0.0,0.0,0,51784.00,0.00,0.00,161,12.73,2.24,0.00,-4.1,4.998,4.998,4.998,4.998,100
2022-03-08 04:39:22,3.7,4.6,191,0.0,0.0,0,0.0,0.0,0,51975.00,0.00,0.00,175,12.73,2.43,0.00,-4.5,4.998,4.998,4.998,4.998,156
2022-03-08 04:40:22,6.8,7.8,263,0.0,0.0,0,0.0,0.0,0,52238.00,0.00,0.00,201,12.73,2.79,0.00,-4.5,4.998,4.998,4.998,4.998,132
2022-03-08 04:41:22,3.6,6.8,269,0.0,0.0,0,0.0,0.0,0,52507.00,0.00,0.00,194,12.73,2.70,0.00,-4.1,4.998,4.998,4.998,4.998,224
2022-03-08 04:42:22,1.5,4.3,126,0.0,0.0,0,0.0,0.0,0,52633.00,0.00,0.00,194,12.73,2.70,0.00,-4.1,4.998,4.998,4.998,4.998,89
2022-03-08 04:43:22,2.5,3.3,113,0.0,0.0,0,0.0,0.0,0,52746.00,0.00,0.00,184,12.73,2.56,0.00,-4.5,4.998,4.998,4.998,4.998,50
2022-03-08 04:44:22,3.5,5.0,217,0.0,0.0,0,0.0,0.0,0,52963.00,0.00,0.00,201,12.73,2.79,0.00,-4.5,4.998,4.998,4.998,4.998,159
2022-03-08 04:45:22,1.8,4.3,140,0.0,0.0,0,0.0,0.0,0,53103.00,0.00,0.00,201,12.73,2.79,0.00,-4.5,4.998,4.998,4.998,4.998,100
2022-03-08 04:46:22,4.7,5.3,176,0.0,0.0,0,0.0,0.0,0,53279.00,0.00,0.00,176,12.73,2.45,0.00,-4.5,4.998,4.998,4.998,4.998,100
2022-03-08 04:47:22,3.0,6.0,260,0.0,0.0,0,0.0,0.0,0,53539.00,0.00,0.00,187,12.73,2.60,0.00,-4.5,4.998,4.998,4.998,4.998,35
2022-03-08 04:48:22,2.6,5.0,187,0.0,0.0,0,0.0,0.0,0,53726.00,0.00,0.00,202,12.69,2.80,0.00,-4.1,4.998,4.998,4.998,4.998,48
2022-03-08 04:49:22,4.7,5.2,218,0.0,0.0,0,0.0,0.0,0,53944.00,0.00,0.00,214,12.73,2.97,0.00,-4.1,4.998,4.998,4.998,4.998,115
2022-03-08 04:50:22,3.2,5.4,246,0.0,0.0,0,0.0,0.0,0,54190.00,0.00,0.00,194,12.73,2.70,0.00,-4.5,4.998,4.998,4.998,4.998,250
2022-03-08 04:51:22,2.2,3.7,111,0.0,0.0,0,0.0,0.0,0,54301.00,0.00,0.00,194,12.73,2.70,0.00,-4.1,4.998,4.998,4.998,4.998,111
2022-03-08 04:52:22,1.9,3.1,112,0.0,0.0,0,0.0,0.0,0,54413.00,0.00,0.00,194,12.73,2.70,0.00,-4.5,4.998,4.998,4.998,4.998,133
2022-03-08 04:53:22,3.2,4.6,170,0.0,0.0,0,0.0,0.0,0,54583.00,0.00,0.00,194,12.69,2.70,0.00,-4.5,4.998,4.998,4.998,4.998,2
2022-03-08 04:54:22,4.2,4.5,217,0.0,0.0,0,0.0,0.0,0,54800.00,0.00,0.00,194,12.73,2.70,0.00,-4.1,4.998,4.998,4.998,4.998,6
2022-03-08 04:55:22,4.0,6.0,246,0.0,0.0,0,0.0,0.0,0,55046.00,0.00,0.00,186,12.73,2.59,0.00,-4.1,4.998,4.998,4.998,4.998,144
2022-03-08 04:56:22,4.2,5.5,247,0.0,0.0,0,0.0,0.0,0,55293.00,0.00,0.00,199,12.73,2.76,0.00,-4.1,4.998,4.998,4.998,4.998,135
2022-03-08 04:57:22,3.9,5.1,223,0.0,0.0,0,0.0,0.0,0,55516.00,0.00,0.00,189,12.69,2.62,0.00,-4.1,4.998,4.998,4.998,4.998,229
2022-03-08 04:58:22,3.3,4.8,199,0.0,0.0,0,0.0,0.0,0,55715.00,0.00,0.00,189,12.73,2.62,0.00,-4.5,4.998,4.998,4.998,4.998,222
2022-03-08 04:59:22,3.7,4.4,182,0.0,0.0,0,0.0,0.0,0,55897.00,0.00,0.00,188,12.73,2.62,0.00,-4.5,4.998,4.998,4.998,4.998,42
2022-03-08 05:00:22,4.4,5.0,193,0.0,0.0,0,0.0,0.0,0,56090.00,0.00,0.00,183,12.73,2.54,0.00,-4.5,4.998,4.998,4.998,4.998,71
2022-03-08 05:01:22,2.5,5.8,239,0.0,0.0,0,0.0,0.0,0,56329.00,0.00,0.00,194,12.73,2.70,0.00,-4.1,4.998,4.998,4.998,4.998,87
2022-03-08 05:02:22,2.0,4.2,152,0.0,0.0,0,0.0,0.0,0,56481.00,0.00,0.00,194,12.73,2.70,0.00,-4.5,4.998,4.998,4.998,4.998,63
2022-03-08 05:03:22,3.0,3.2,130,0.0,0.0,0,0.0,0.0,0,56611.00,0.00,0.00,194,12.69,2.69,0.00,-4.5,4.998,4.998,4.998,4.998,194
2022-03-08 05:04:22,2.4,4.8,197,0.0,0.0,0,0.0,0.0,0,56808.00,0.00,0.00,172,12.73,2.39,0.00,-4.5,4.998,4.998,4.998,4.998,0
2022-03-08 05:05:22,3.1,5.1,135,0.0,0.0,0,0.0,0.0,0,56943.00,0.00,0.00,165,12.73,2.29,0.00,-4.5,4.998,4.998,4.998,4.998,53
2022-03-08 05:06:22,4.4,4.6,190,0.0,0.0,0,0.0,0.0,0,57133.00,0.00,0.00,165,12.73,2.29,0.00,-4.5,4.998,4.998,4.998,4.998,24
2022-03-08 05:07:22,4.5,5.1,168,0.0,0.0,0,0.0,0.0,0,57301.00,0.00,0.00,169,12.73,2.35,0.00,-4.1,4.998,4.998,4.998,4.998,79
2022-03-08 05:08:22,3.4,4.9,220,0.0,0.0,0,0.0,0.0,0,57521.00,0.00,0.00,171,12.73,2.38,0.00,-4.5,4.998,4.998,4.998,4.998,225
2022-03-08 05:09:22,2.6,5.0,142,0.0,0.0,0,0.0,0.0,0,57663.00,0.00,0.00,183,12.73,2.54,0.00,-4.5,4.998,4.998,4.998,4.998,183
2022-03-08 05:10:22,3.6,6.0,252,0.0,0.0,0,0.0,0.0,0,57915.00,0.00,0.00,169,12.73,2.34,0.00,-4.5,4.998,4.998,4.998,4.998,38
2022-03-08 05:11:22,2.9,6.0,183,0.0,0.0,0,0.0,0.0,0,58098.00,0.00,0.00,176,12.69,2.44,0.00,-4.1,4.998,4.998,4.998,4.998,25
2022-03-08 05:12:22,2.2,3.1,113,0.0,0.0,0,0.0,0.0,0,58211.00,0.00,0.00,175,12.73,2.44,0.00,-4.1,4.998,4.998,4.998,4.998,172
2022-03-08 05:13:22,3.5,3.7,125,0.0,0.0,0,0.0,0.0,0,58336.00,0.00,0.00,175,12.73,2.43,0.00,-4.5,4.998,4.998,4.998,4.998,170
2022-03-08 05:14:22,4.2,5.0,169,0.0,0.0,0,0.0,0.0,0,58505.00,0.00,0.00,176,12.73,2.44,0.00,-4.1,4.998,4.998,4.998,4.998,181
2022-03-08 05:15:22,3.9,6.0,269,0.0,0.0,0,0.0,0.0,0,58774.00,0.00,0.00,185,12.73,2.58,0.00,-4.1,4.998,4.998,4.998,4.998,51
2022-03-08 05:16:22,3.2,6.4,234,0.0,0.0,0,0.0,0.0,0,59008.00,0.00,0.00,191,12.73,2.66,0.00,-4.1,4.998,4.998,4.998,4.998,93
2022-03-08 05:17:22,4.0,4.7,197,0.0,0.0,0,0.0,0.0,0,59205.00,0.00,0.00,189,12.69,2.62,0.00,-4.1,4.998,4.998,4.998,4.998,182
2022-03-08 05:18:22,3.1,4.6,156,0.0,0.0,0,0.0,0.0,0,59361.00,0.00,0.00,196,12.69,2.73,0.00,-4.5,4.998,4.998,4.998,4.998,164
2022-03-08 05:19:22,1.4,3.7,114,0.0,0.0,0,0.0,0.0,0,59475.00,0.00,0.00,197,12.69,2.73,0.00,-4.1,4.998,4.998,4.998,4.998,40
2022-03-08 05:20:22,0.0,2.2,44,0.0,0.0,0,0.0,0.0,0,59519.00,0.00,0.00,197,12.73,2.73,0.00,-4.5,4.998,4.998,4.998,4.998,1
2022-03-08 05:21:22,1.2,2.7,48,0.0,0.0,0,0.0,0.0,0,59567.00,0.00,0.00,196,12.69,2.73,0.00,-4.5,4.998,4.998,4.998,4.998,216
2022-03-08 05:22:22,0.0,3.0,87,0.0,0.0,0,0.0,0.0,0,59654.00,0.00,0.00,196,12.69,2.73,0.00,-4.5,4.998,4.998,4.998,4.998,108
2022-03-08 05:23:22,1.3,2.0,21,0.0,0.0,0,0.0,0.0,0,59675.00,0.00,0.00,197,12.73,2.73,0.00,-4.1,4.998,4.998,4.998,4.998,89
2022-03-08 05:24:22,2.7,3.0,110,0.0,0.0,0,0.0,0.0,0,59785.00,0.00,0.00,196,12.73,2.73,0.00,-4.5,4.998,4.998,4.998,4.998,184
2022-03-08 05:25:22,1.6,3.1,106,0.0,0.0,0,0.0,0.0,0,59891.00,0.00,0.00,196,12.69,2.72,0.00,-4.5,4.998,4.998,4.998,4.998,184
2022-03-08 05:26:22,2.4,3.0,119,0.0,0.0,0,0.0,0.0,0,60010.00,0.00,0.00,196,12.73,2.72,0.00,-4.5,4.998,4.998,4.998,4.998,112
2022-03-08 05:27:22,0.0,2.3,48,0.0,0.0,0,0.0,0.0,0,60058.00,0.00,0.00,196,12.69,2.72,0.00,-4.5,4.998,4.998,4.998,4.998,58
2022-03-08 05:28:22,0.0,3.0,52,0.0,0.0,0,0.0,0.0,0,60110.00,0.00,0.00,196,12.69,2.72,0.00,-4.5,4.998,4.998,4.998,4.998,248
2022-03-08 05:29:22,0.0,0.0,0,0.0,0.0,0,0.0,0.0,0,60110.00,0.00,0.00,196,12.73,2.73,0.00,-5.0,4.998,4.998,4.998,4.998,80
2022-03-08 05:30:22,0.0,2.3,30,0.0,0.0,0,0.0,0.0,0,60140.00,0.00,0.00,196,12.73,2.73,0.00,-4.5,4.998,4.998,4.998,4.998,38
2022-03-08 05:31:22,0.0,0.0,0,0.0,0.0,0,0.0,0.0,0,60140.00,0.00,0.00,196,12.73,2.72,0.00,-5.0,4.998,4.998,4.998,4.998,137
2022-03-08 05:32:22,1.9,2.9,59,0.0,0.0,0,0.0,0.0,0,60199.00,0.00,0.00,196,12.69,2.72,0.00,-5.0,4.998,4.998,4.998,4.998,131
2022-03-08 05:33:22,0.0,2.0,24,0.0,0.0,0,0.0,0.0,0,60223.00,0.00,0.00,196,12.69,2.73,0.00,-4.5,4.998,4.998,4.998,4.998,24
2022-03-08 05:34:22,0.0,0.0,1,0.0,0.0,0,0.0,0.0,0,60224.00,0.00,0.00,196,12.69,2.72,0.00,-4.5,4.998,4.998,4.998,4.998,131
2022-03-08 05:35:22,0.0,0.0,0,0.0,0.0,0,0.0,0.0,0,60224.00,0.00,0.00,196,12.69,2.72,0.00,-5.0,4.998,4.998,4.998,4.998,18
2022-03-08 05:36:22,0.0,0.0,0,0.0,0.0,0,0.0,0.0,0,60224.00,0.00,0.00,196,12.69,2.72,0.00,-4.5,4.998,4.998,4.998,4.998,110
2022-03-08 05:37:22,0.0,0.0,0,0.0,0.0,0,0.0,0.0,0,60224.00,0.00,0.00,196,12.69,2.73,0.00,-4.5,4.998,4.998,4.998,4.998,220
2022-03-08 05:38:22,0.0,0.0,0,0.0,0.0,0,0.0,0.0,0,60224.00,0.00,0.00,196,12.69,2.72,0.00,-3.1,4.998,4.998,4.998,4.998,53
2022-03-08 05:39:22,0.0,0.0,0,0.0,0.0,0,0.0,0.0,0,60224.00,0.00,0.00,196,12.69,2.72,0.00,-4.5,4.998,4.998,4.998,4.998,26
2022-03-08 05:40:22,0.0,1.9,36,0.0,0.0,0,0.0,0.0,0,60260.00,0.00,0.00,196,12.69,2.72,0.00,-4.5,4.998,4.998,4.998,4.998,223
2022-03-08 05:41:22,0.0,0.0,0,0.0,0.0,0,0.0,0.0,0,60260.00,0.00,0.00,196,12.69,2.72,0.00,-4.5,4.998,4.998,4.998,4.998,31
2022-03-08 05:42:22,0.0,0.0,0,0.0,0.0,0,0.0,0.0,0,60260.00,0.00,0.00,196,12.69,2.73,0.00,-5.0,4.998,4.998,4.998,4.998,168
2022-03-08 05:43:22,0.0,0.0,0,0.0,0.0,0,0.0,0.0,0,60260.00,0.00,0.00,196,12.69,2.72,0.00,-5.0,4.998,4.998,4.998,4.998,26
2022-03-08 05:44:22,0.0,1.8,20,0.0,0.0,0,0.0,0.0,0,60280.00,0.00,0.00,196,12.69,2.72,0.00,-5.0,4.998,4.998,4.998,4.998,141
2022-03-08 05:45:22,0.0,0.0,0,0.0,0.0,0,0.0,0.0,0,60280.00,0.00,0.00,196,12.69,2.72,0.00,-5.0,4.998,4.998,4.998,4.998,120
2022-03-08 05:46:22,0.0,0.0,0,0.0,0.0,0,0.0,0.0,0,60280.00,0.00,0.00,196,12.69,2.72,0.00,-5.0,4.998,4.998,4.998,4.998,190
2022-03-08 05:47:22,0.0,0.0,0,0.0,0.0,0,0.0,0.0,0,60280.00,0.00,0.00,196,12.73,2.72,0.00,-5.0,4.998,4.998,4.998,4.998,10
2022-03-08 05:48:22,0.0,0.0,0,0.0,0.0,0,0.0,0.0,0,60280.00,0.00,0.00,196,12.69,2.72,0.00,-5.5,4.998,4.998,4.998,4.998,199
2022-03-08 05:49:22,0.0,0.0,0,0.0,0.0,0,0.0,0.0,0,60280.00,0.00,0.00,196,12.69,2.72,0.00,-5.0,4.998,4.998,4.998,4.998,202
2022-03-08 05:50:22,0.0,0.0,0,0.0,0.0,0,0.0,0.0,0,60280.00,0.00,0.00,196,12.69,2.72,0.00,-5.0,4.998,4.998,4.998,4.998,206
2022-03-08 05:51:22,0.0,0.0,0,0.0,0.0,0,0.0,0.0,0,60280.00,0.00,0.00,196,12.69,2.72,0.00,-5.0,4.998,4.998,4.998,4.998,183
2022-03-08 05:52:22,0.0,2.5,40,0.0,0.0,0,0.0,0.0,0,60320.00,0.00,0.00,196,12.73,2.73,0.00,-4.5,4.998,4.998,4.998,4.998,105
2022-03-08 05:53:22,0.0,0.0,0,0.0,0.0,0,0.0,0.0,0,60320.00,0.00,0.00,196,12.69,2.73,0.00,-4.5,4.998,4.998,4.998,4.998,80
2022-03-08 05:54:22,1.4,1.9,36,0.0,0.0,0,0.0,0.0,0,60356.00,0.00,0.00,196,12.69,2.72,0.00,-5.0,4.998,4.998,4.998,4.998,168
2022-03-08 05:55:22,0.0,1.3,9,0.0,0.0,0,0.0,0.0,0,60365.00,0.00,0.00,196,12.73,2.72,0.00,-4.5,4.998,4.998,4.998,4.998,0
2022-03-08 05:56:22,0.0,1.3,11,0.0,0.0,0,0.0,0.0,0,60376.00,0.00,0.00,196,12.69,2.73,0.00,-4.5,4.998,4.998,4.998,4.998,251
2022-03-08 05:57:22,0.0,1.8,10,0.0,0.0,0,0.0,0.0,0,60386.00,0.00,0.00,196,12.69,2.73,0.00,-4.5,4.998,4.998,4.998,4.998,135
2022-03-08 05:58:22,0.0,0.0,0,0.0,0.0,0,0.0,0.0,0,60386.00,0.00,0.00,196,12.69,2.73,0.00,-5.0,4.998,4.998,4.998,4.998,240
2022-03-08 05:59:22,1.1,2.1,22,0.0,0.0,0,0.0,0.0,0,60408.00,0.00,0.00,196,12.69,2.73,0.00,-4.5,4.998,4.998,4.998,4.998,168
2022-03-08 06:00:22,0.0,1.7,7,0.0,0.0,0,0.0,0.0,0,60415.00,0.00,0.00,196,12.69,2.72,0.00,-5.5,4.998,4.998,4.998,4.998,132
2022-03-08 06:01:22,0.0,0.0,1,0.0,0.0,0,0.0,0.0,0,60416.00,0.00,0.00,196,12.69,2.73,0.00,-5.0,4.998,4.998,4.998,4.998,235
2022-03-08 06:02:22,0.0,3.0,52,0.0,0.0,0,0.0,0.0,0,60468.00,0.00,0.00,196,12.69,2.72,0.00,-5.0,4.998,4.998,4.998,4.998,173
2022-03-08 06:03:22,0.0,0.0,0,0.0,0.0,0,0.0,0.0,0,60468.00,0.00,0.00,196,12.69,2.73,0.00,-5.0,4.998,4.998,4.998,4.998,3
2022-03-08 06:04:22,2.5,2.5,8,0.0,0.0,0,0.0,0.0,0,60476.00,0.00,0.00,196,12.69,2.73,0.00,-5.0,4.998,4.998,4.998,4.998,78
2022-03-08 06:05:22,0.0,3.0,28,0.0,0.0,0,0.0,0.0,0,60504.00,0.00,0.00,196,12.69,2.72,0.00,-4.5,4.998,4.998,4.998,4.998,251
2022-03-08 06:06:22,0.0,0.0,0,0.0,0.0,0,0.0,0.0,0,60504.00,0.00,0.00,196,12.69,2.73,0.00,-5.0,4.998,4.998,4.998,4.998,224
2022-03-08 06:07:22,0.0,0.0,0,0.0,0.0,0,0.0,0.0,0,60504.00,0.00,0.00,196,12.69,2.73,0.00,-4.5,4.998,4.998,4.998,4.998,35
2022-03-08 06:08:22,0.0,0.0,0,0.0,0.0,0,0.0,0.0,0,60504.00,0.00,0.00,196,12.69,2.72,0.00,-5.0,4.998,4.998,4.998,4.998,38
2022-03-08 06:09:22,1.7,2.4,32,0.0,0.0,0,0.0,0.0,0,60536.00,0.00,0.00,196,12.69,2.73,0.00,-5.0,4.998,4.998,4.998,4.998,87
2022-03-08 06:10:22,0.0,1.5,14,0.0,0.0,0,0.0,0.0,0,60550.00,0.00,0.00,196,12.69,2.73,0.00,-4.5,4.998,4.998,4.998,4.998,74
2022-03-08 06:11:22,1.1,1.1,3,0.0,0.0,0,0.0,0.0,0,60553.00,0.00,0.00,196,12.69,2.73,0.00,-4.5,4.998,4.998,4.998,4.998,168
2022-03-08 06:12:22,0.0,1.5,18,0.0,0.0,0,0.0,0.0,0,60571.00,0.00,0.00,196,12.69,2.73,0.00,-5.0,4.998,4.998,4.998,4.998,64
2022-03-08 06:13:22,0.0,0.0,0,0.0,0.0,0,0.0,0.0,0,60571.00,0.00,0.00,196,12.73,2.72,0.00,-4.5,4.998,4.998,4.998,4.998,226
2022-03-08 06:14:22,0.0,0.0,0,0.0,0.0,0,0.0,0.0,0,60571.00,0.00,0.00,196,12.69,2.72,0.00,-5.0,4.998,4.998,4.998,4.998,143
2022-03-08 06:15:22,0.0,0.0,0,0.0,0.0,0,0.0,0.0,0,60571.00,0.00,0.00,196,12.73,2.72,0.00,-4.5,4.998,4.998,4.998,4.998,129
2022-03-08 06:16:22,0.0,0.0,0,0.0,0.0,0,0.0,0.0,0,60571.00,0.00,0.00,196,12.69,2.73,0.00,-4.5,4.998,4.998,4.998,4.998,65
2022-03-08 06:17:22,0.0,0.0,0,0.0,0.0,0,0.0,0.0,0,60571.00,0.00,0.00,196,12.69,2.72,0.00,-5.0,4.998,4.998,4.998,4.998,73
2022-03-08 06:18:22,0.0,1.2,7,0.0,0.0,0,0.0,0.0,0,60578.00,0.00,0.00,196,12.69,2.72,0.00,-5.0,4.998,4.998,4.998,4.998,228
2022-03-08 06:19:22,0.0,0.0,1,0.0,0.0,0,0.0,0.0,0,60579.00,0.00,0.00,196,12.69,2.72,0.00,-4.5,4.998,4.998,4.998,4.998,173
2022-03-08 06:20:22,0.0,0.0,0,0.0,0.0,0,0.0,0.0,0,60579.00,0.00,0.00,196,12.69,2.72,0.00,-5.0,4.998,4.998,4.998,4.998,203
2022-03-08 06:21:22,0.0,0.0,0,0.0,0.0,0,0.0,0.0,0,60579.00,0.00,0.00,196,12.69,2.73,0.00,-5.0,4.998,4.998,4.998,4.998,121
2022-03-08 06:22:22,0.0,0.0,0,0.0,0.0,0,0.0,0.0,0,60579.00,0.00,0.00,196,12.69,2.72,0.00,-5.0,4.998,4.998,4.998,4.998,116
2022-03-08 06:23:22,0.0,0.0,0,0.0,0.0,0,0.0,0.0,0,60579.00,0.00,0.00,196,12.69,2.72,0.00,-5.0,4.998,4.998,4.998,4.998,13
2022-03-08 06:24:22,0.0,0.0,0,0.0,0.0,0,0.0,0.0,0,60579.00,0.00,0.00,196,12.69,2.72,0.00,-5.5,4.998,4.998,4.998,4.998,99
2022-03-08 06:25:22,0.0,0.0,0,0.0,0.0,0,0.0,0.0,0,60579.00,0.00,0.00,196,12.69,2.73,0.00,-5.0,4.998,4.998,4.998,4.998,165
2022-03-08 06:26:22,0.0,0.0,0,0.0,0.0,0,0.0,0.0,0,60579.00,0.00,0.00,196,12.69,2.73,0.00,-5.0,4.998,4.998,4.998,4.998,99
2022-03-08 06:27:22,0.0,0.0,0,0.0,0.0,0,0.0,0.0,0,60579.00,0.00,0.00,196,12.69,2.73,0.00,-5.0,4.998,4.998,4.998,4.998,26
2022-03-08 06:28:22,0.0,0.0,0,0.0,0.0,0,0.0,0.0,0,60579.00,0.00,0.00,196,12.69,2.72,0.00,-4.5,4.998,4.998,4.998,4.998,31
2022-03-08 06:29:22,0.0,1.0,4,0.0,0.0,0,0.0,0.0,0,60583.00,0.00,0.00,196,12.69,2.72,0.00,-4.5,4.998,4.998,4.998,4.998,5
2022-03-08 06:30:22,0.0,0.0,0,0.0,0.0,0,0.0,0.0,0,60583.00,0.00,0.00,196,12.69,2.73,0.00,-4.5,4.998,4.998,4.998,4.998,119
2022-03-08 06:31:22,0.0,0.0,0,0.0,0.0,0,0.0,0.0,0,60583.00,0.00,0.00,196,12.69,2.73,0.00,-4.5,4.998,4.998,4.998,4.998,14
2022-03-08 06:32:22,0.0,0.0,0,0.0,0.0,0,0.0,0.0,0,60583.00,0.00,0.00,196,12.69,2.73,0.00,-5.0,4.998,4.998,4.998,4.998,114
2022-03-08 06:33:22,0.0,0.0,0,0.0,0.0,0,0.0,0.0,0,60583.00,0.00,0.00,196,12.69,2.73,0.00,-4.5,4.998,4.998,4.998,4.998,177
2022-03-08 06:34:22,0.0,0.0,0,0.0,0.0,0,0.0,0.0,0,60583.00,0.00,0.00,196,12.69,2.73,0.00,-4.5,4.998,4.998,4.998,4.998,171
2022-03-08 06:35:22,0.0,0.0,0,0.0,0.0,0,0.0,0.0,0,60583.00,0.00,0.00,196,12.69,2.72,0.00,-5.0,4.998,4.998,4.998,4.998,163
2022-03-08 06:36:22,0.0,0.0,0,0.0,0.0,0,0.0,0.0,0,60583.00,0.00,0.00,196,12.69,2.73,0.00,-5.0,4.998,4.998,4.998,4.998,174
2022-03-08 06:37:22,0.0,0.0,0,0.0,0.0,0,0.0,0.0,0,60583.00,0.00,0.00,196,12.69,2.73,0.00,-5.0,4.998,4.998,4.998,4.998,215
2022-03-08 06:38:22,0.0,0.0,0,0.0,0.0,0,0.0,0.0,0,60583.00,0.00,0.00,196,12.69,2.73,0.00,-5.0,4.998,4.998,4.998,4.998,163
2022-03-08 06:39:22,0.0,0.0,0,0.0,0.0,0,0.0,0.0,0,60583.00,0.00,0.00,196,12.69,2.73,0.00,-5.0,4.998,4.998,4.998,4.998,218
2022-03-08 06:40:22,0.0,0.0,0,0.0,0.0,0,0.0,0.0,0,60583.00,0.00,0.00,196,12.69,2.72,0.00,-5.0,4.998,4.998,4.998,4.998,218
2022-03-08 06:41:22,0.0,0.0,0,0.0,0.0,0,0.0,0.0,0,60583.00,0.00,0.00,196,12.69,2.72,0.00,-4.5,4.998,4.998,4.998,4.998,25
2022-03-08 06:42:22,0.0,0.0,0,0.0,0.0,0,0.0,0.0,0,60583.00,0.00,0.00,196,12.69,2.73,0.00,-5.0,4.998,4.998,4.998,4.998,174
2022-03-08 06:43:22,0.0,0.0,0,0.0,0.0,0,0.0,0.0,0,60583.00,0.00,0.00,196,12.69,2.72,0.00,-5.0,4.998,4.998,4.998,4.998,28
2022-03-08 06:44:22,0.0,0.0,0,0.0,0.0,0,0.0,0.0,0,60583.00,0.00,0.00,196,12.69,2.73,0.00,-5.0,4.998,4.998,4.998,4.998,205
2022-03-08 06:45:22,0.0,0.0,0,0.0,0.0,0,0.0,0.0,0,60583.00,0.00,0.00,196,12.69,2.72,0.00,-5.5,4.998,4.998,4.998,4.998,11
2022-03-08 06:46:22,0.0,0.0,0,0.0,0.0,0,0.0,0.0,0,60583.00,0.00,0.00,196,12.69,2.73,0.00,-5.0,4.998,4.998,4.998,4.998,114
2022-03-08 06:47:22,0.0,0.0,0,0.0,0.0,0,0.0,0.0,0,60583.00,0.00,0.00,196,12.69,2.73,0.00,-5.0,4.998,4.998,4.998,4.998,11
2022-03-08 06:48:22,0.0,0.0,0,0.0,0.0,0,0.0,0.0,0,60583.00,0.00,0.00,196,12.69,2.73,0.00,-4.5,4.998,4.998,4.998,4.998,197
2022-03-08 06:49:22,0.0,0.0,0,0.0,0.0,0,0.0,0.0,0,60583.00,0.00,0.00,196,12.69,2.73,0.00,-5.0,4.998,4.998,4.998,4.998,6
2022-03-08 06:50:22,0.0,0.0,0,0.0,0.0,0,0.0,0.0,0,60583.00,0.00,0.00,196,12.69,2.73,0.00,-4.5,4.998,4.998,4.998,4.998,184
2022-03-08 06:51:22,0.0,0.0,0,0.0,0.0,0,0.0,0.0,0,60583.00,0.00,0.00,196,12.69,2.72,0.00,-5.5,4.998,4.998,4.998,4.998,196
2022-03-08 06:52:22,0.0,0.0,0,0.0,0.0,0,0.0,0.0,0,60583.00,0.00,0.00,196,12.69,2.72,0.00,-5.5,4.998,4.998,4.998,4.998,2
2022-03-08 06:53:22,0.0,0.0,0,0.0,0.0,0,0.0,0.0,0,60583.00,0.00,0.00,196,12.69,2.73,0.00,-5.5,4.998,4.998,4.998,4.998,176
2022-03-08 06:54:22,0.0,0.0,0,0.0,0.0,0,0.0,0.0,0,60583.00,0.00,0.00,196,12.69,2.73,0.00,-5.5,4.998,4.998,4.998,4.998,170
2022-03-08 06:55:22,0.0,0.0,0,0.0,0.0,0,0.0,0.0,0,60583.00,0.00,0.00,196,12.69,2.72,0.00,-5.5,4.998,4.998,4.998,4.998,24
2022-03-08 06:56:22,0.0,0.0,0,0.0,0.0,0,0.0,0.0,0,60583.00,0.00,0.00,196,12.69,2.73,0.00,-5.5,4.998,4.998,4.998,4.998,21
2022-03-08 06:57:22,0.0,0.0,0,0.0,0.0,0,0.0,0.0,0,60583.00,0.00,0.00,196,12.69,2.72,0.00,-5.5,4.998,4.998,4.998,4.998,167
2022-03-08 06:58:22,0.0,0.0,0,0.0,0.0,0,0.0,0.0,0,60583.00,0.00,0.00,196,12.69,2.73,0.00,-5.5,4.998,4.998,4.998,4.998,24
2022-03-08 06:59:22,0.0,0.0,0,0.0,0.0,0,0.0,0.0,0,60583.00,0.00,0.00,196,12.69,2.73,0.00,-5.0,4.998,4.998,4.998,4.998,21
2022-03-08 07:00:22,0.0,0.0,0,0.0,0.0,0,0.0,0.0,0,60583.00,0.00,0.00,196,12.69,2.73,0.00,-5.0,4.998,4.998,4.998,4.998,125
2022-03-08 07:01:22,0.0,0.0,0,0.0,0.0,0,0.0,0.0,0,60583.00,0.00,0.00,196,12.69,2.73,0.00,-5.0,4.998,4.998,4.998,4.998,4
2022-03-08 07:02:22,0.0,0.0,0,0.0,0.0,0,0.0,0.0,0,60583.00,0.00,0.00,196,12.69,2.72,0.00,-5.5,4.998,4.998,4.998,4.998,125
2022-03-08 07:03:22,0.0,0.0,0,0.0,0.0,0,0.0,0.0,0,60583.00,0.00,0.00,196,12.69,2.73,0.00,-5.5,4.998,4.998,4.998,4.998,207
2022-03-08 07:04:22,0.0,0.0,1,0.0,0.0,0,0.0,0.0,0,60584.00,0.00,0.00,196,12.69,2.73,0.00,-5.0,4.998,4.998,4.998,4.998,253
2022-03-08 07:05:22,1.3,2.0,35,0.0,0.0,0,0.0,0.0,0,60619.00,0.00,0.00,196,12.69,2.72,0.00,-4.5,4.998,4.998,4.998,4.998,39
2022-03-08 07:06:22,0.0,1.3,5,0.0,0.0,0,0.0,0.0,0,60624.00,0.00,0.00,196,12.65,2.73,0.00,-5.0,4.998,4.998,4.998,4.998,237
2022-03-08 07:07:22,0.0,0.0,0,0.0,0.0,0,0.0,0.0,0,60624.00,0.00,0.00,196,12.69,2.72,0.00,-5.5,4.998,4.998,4.998,4.998,50
2022-03-08 07:08:22,0.0,0.0,0,0.0,0.0,0,0.0,0.0,0,60624.00,0.00,0.00,196,12.69,2.72,0.00,-5.0,4.998,4.998,4.998,4.998,50
2022-03-08 07:09:22,0.0,0.0,0,0.0,0.0,0,0.0,0.0,0,60624.00,0.00,0.00,196,12.69,2.72,0.00,-5.0,4.998,4.998,4.998,4.998,75
2022-03-08 07:10:22,0.0,2.7,67,0.0,0.0,0,0.0,0.0,0,60691.00,0.00,0.00,196,12.69,2.72,0.00,-4.5,4.998,4.998,4.998,4.998,89
2022-03-08 07:11:22,0.0,0.0,0,0.0,0.0,0,0.0,0.0,0,60691.00,0.00,0.00,196,12.69,2.72,0.00,-5.0,4.998,4.998,4.998,4.998,82
2022-03-08 07:12:22,0.0,0.0,0,0.0,0.0,0,0.0,0.0,0,60691.00,0.00,0.00,196,12.69,2.72,0.00,-5.0,4.998,4.998,4.998,4.998,148
2022-03-08 07:13:22,0.0,0.0,0,0.0,0.0,0,0.0,0.0,0,60691.00,0.00,0.00,196,12.69,2.72,0.00,-5.0,4.998,4.998,4.998,4.998,237
2022-03-08 07:14:22,0.0,0.0,0,0.0,0.0,0,0.0,0.0,0,60691.00,0.00,0.00,196,12.65,2.72,0.00,-5.5,4.998,4.998,4.998,4.998,79
2022-03-08 07:15:22,0.0,0.0,0,0.0,0.0,0,0.0,0.0,0,60691.00,0.00,0.00,196,12.65,2.72,0.00,-5.5,4.998,4.998,4.998,4.998,54
2022-03-08 07:16:22,0.0,0.0,0,0.0,0.0,0,0.0,0.0,0,60691.00,0.00,0.00,196,12.65,2.72,0.00,-5.5,4.998,4.998,4.998,4.998,240
2022-03-08 07:17:22,0.0,0.0,0,0.0,0.0,0,0.0,0.0,0,60691.00,0.00,0.00,196,12.65,2.72,0.00,-5.5,4.998,4.998,4.998,4.998,137
2022-03-08 07:18:22,0.0,0.0,0,0.0,0.0,0,0.0,0.0,0,60691.00,0.00,0.00,196,12.65,2.72,0.00,-5.0,4.998,4.998,4.998,4.998,137
2022-03-08 07:19:22,0.0,0.0,0,0.0,0.0,0,0.0,0.0,0,60691.00,0.00,0.00,196,12.65,2.72,0.00,-5.5,4.998,4.998,4.998,4.998,132
2022-03-08 07:20:22,0.0,0.0,0,0.0,0.0,0,0.0,0.0,0,60691.00,0.00,0.00,196,12.65,2.72,0.00,-5.5,4.998,4.998,4.998,4.998,10
2022-03-08 07:21:22,0.0,0.0,0,0.0,0.0,0,0.0,0.0,0,60691.00,0.00,0.00,196,12.65,2.72,0.00,-5.0,4.998,4.998,4.998,4.998,7
2022-03-08 07:22:22,0.0,0.0,0,0.0,0.0,0,0.0,0.0,0,60691.00,0.00,0.00,196,12.65,2.72,0.00,-5.5,4.998,4.998,4.998,4.998,181
2022-03-08 07:23:22,0.0,0.0,0,0.0,0.0,0,0.0,0.0,0,60691.00,0.00,0.00,196,12.65,2.72,0.00,-5.0,4.998,4.998,4.998,4.998,184
2022-03-08 07:24:22,0.0,0.0,0,0.0,0.0,0,0.0,0.0,0,60691.00,0.00,0.00,196,12.65,2.72,0.00,-5.0,4.998,4.998,4.998,4.998,162
2022-03-08 07:25:22,0.0,0.0,0,0.0,0.0,0,0.0,0.0,0,60691.00,0.00,0.00,196,12.65,2.72,0.00,-4.5,4.998,4.998,4.998,4.998,97
2022-03-08 07:26:22,0.0,0.0,0,0.0,0.0,0,0.0,0.0,0,60691.00,0.00,0.00,196,12.65,2.72,0.00,-4.5,4.998,4.998,4.998,4.998,167
2022-03-08 07:27:22,0.0,0.0,0,0.0,0.0,0,0.0,0.0,0,60691.00,0.00,0.00,196,12.65,2.72,0.00,-5.0,4.998,4.998,4.998,4.998,100
2022-03-08 07:28:22,0.0,0.0,0,0.0,0.0,0,0.0,0.0,0,60691.00,0.00,0.00,196,12.65,2.72,0.00,-5.0,4.998,4.998,4.998,4.998,16
2022-03-08 07:29:22,0.0,0.0,0,0.0,0.0,0,0.0,0.0,0,60691.00,0.00,0.00,196,12.65,2.72,0.00,-5.0,4.998,4.998,4.998,4.998,105
2022-03-08 07:30:22,0.0,0.0,0,0.0,0.0,0,0.0,0.0,0,60691.00,0.00,0.00,196,12.65,2.72,0.00,-5.0,4.998,4.998,4.998,4.998,109
2022-03-08 07:31:22,0.0,0.0,0,0.0,0.0,0,0.0,0.0,0,60691.00,0.00,0.00,196,12.65,2.72,0.00,-5.0,4.998,4.998,4.998,4.998,20
2022-03-08 07:32:22,0.0,1.2,3,0.0,0.0,0,0.0,0.0,0,60694.00,0.00,0.00,196,12.65,2.72,0.00,-5.0,4.998,4.998,4.998,4.998,159
2022-03-08 07:33:22,0.0,0.0,0,0.0,0.0,0,0.0,0.0,0,60694.00,0.00,0.00,196,12.65,2.72,0.00,-5.0,4.998,4.998,4.998,4.998,161
2022-03-08 07:34:22,0.0,0.0,0,0.0,0.0,0,0.0,0.0,0,60694.00,0.00,0.00,196,12.65,2.72,0.00,-5.5,4.998,4.998,4.998,4.998,207
2022-03-08 07:35:22,0.0,0.0,0,0.0,0.0,0,0.0,0.0,0,60694.00,0.00,0.00,196,12.65,2.72,0.00,-6.0,4.998,4.998,4.998,4.998,107
2022-03-08 07:36:22,0.0,0.0,0,0.0,0.0,0,0.0,0.0,0,60694.00,0.00,0.00,196,12.65,2.72,0.00,-6.0,4.998,4.998,4.998,4.998,173
2022-03-08 07:37:22,0.0,0.0,0,0.0,0.0,0,0.0,0.0,0,60694.00,0.00,0.00,196,12.69,2.72,0.00,-6.0,4.998,4.998,4.998,4.998,24
2022-03-08 07:38:22,0.0,0.0,0,0.0,0.0,0,0.0,0.0,0,60694.00,0.00,0.00,196,12.65,2.72,0.00,-6.0,4.998,4.998,4.998,4.998,160
2022-03-08 07:39:22,0.0,0.0,0,0.0,0.0,0,0.0,0.0,0,60694.00,0.00,0.00,196,12.69,2.72,0.00,-5.5,4.998,4.998,4.998,4.998,200
2022-03-08 07:40:22,0.0,0.0,0,0.0,0.0,0,0.0,0.0,0,60694.00,0.00,0.00,196,12.65,2.72,0.00,-5.5,4.998,4.998,4.998,4.998,207
2022-03-08 07:41:22,0.0,0.0,0,0.0,0.0,0,0.0,0.0,0,60694.00,0.00,0.00,196,12.69,2.72,0.00,-5.0,4.998,4.998,4.998,4.998,14
2022-03-08 07:42:22,0.0,0.0,0,0.0,0.0,0,0.0,0.0,0,60694.00,0.00,0.00,196,12.69,2.72,0.00,-5.0,4.998,4.998,4.998,4.998,200
2022-03-08 07:43:22,2.4,2.4,20,0.0,0.0,0,0.0,0.0,0,60714.00,0.00,0.00,196,12.69,2.72,0.00,-4.5,4.998,4.998,4.998,4.998,226
2022-03-08 07:44:22,1.4,2.5,78,0.0,0.0,0,0.0,0.0,0,60792.00,0.00,0.00,196,12.69,2.72,0.00,-4.5,4.998,4.998,4.998,4.998,212
2022-03-08 07:45:22,0.0,1.4,15,0.0,0.0,0,0.0,0.0,0,60807.00,0.00,0.00,196,12.69,2.72,0.00,-5.0,4.998,4.998,4.998,4.998,202
2022-03-08 07:46:22,0.0,0.0,0,0.0,0.0,0,0.0,0.0,0,60807.00,0.00,0.00,196,12.69,2.72,0.00,-5.0,4.998,4.998,4.998,4.998,194
2022-03-08 07:47:22,0.0,0.0,0,0.0,0.0,0,0.0,0.0,0,60807.00,0.00,0.00,196,12.69,2.72,0.00,-4.5,4.998,4.998,4.998,4.998,1
2022-03-08 07:48:22,0.0,0.0,0,0.0,0.0,0,0.0,0.0,0,60807.00,0.00,0.00,196,12.69,2.72,0.00,-5.0,4.998,4.998,4.998,4.998,207
2022-03-08 07:49:22,0.0,0.0,0,0.0,0.0,0,0.0,0.0,0,60807.00,0.00,0.00,196,12.73,2.72,0.00,-5.5,4.998,4.998,4.998,4.998,15
2022-03-08 07:50:22,0.0,0.0,0,0.0,0.0,0,0.0,0.0,0,60807.00,0.00,0.00,196,12.69,2.72,0.00,-5.5,4.998,4.998,4.998,4.998,198
2022-03-08 07:51:22,0.0,0.0,0,0.0,0.0,0,0.0,0.0,0,60807.00,0.00,0.00,196,12.69,2.72,0.00,-5.5,4.998,4.998,4.998,4.998,191
2022-03-08 07:52:22,0.0,0.0,0,0.0,0.0,0,0.0,0.0,0,60807.00,0.00,0.00,196,12.73,2.72,0.00,-5.5,4.998,4.998,4.998,4.998,180
2022-03-08 07:53:22,0.0,0.0,0,0.0,0.0,0,0.0,0.0,0,60807.00,0.00,0.00,196,12.73,2.72,0.00,-5.5,4.998,4.998,4.998,4.998,205
2022-03-08 07:54:22,0.0,0.0,0,0.0,0.0,0,0.0,0.0,0,60807.00,0.00,0.00,196,12.73,2.72,0.00,-6.0,4.998,4.998,4.998,4.998,10
2022-03-08 07:55:22,0.0,0.0,0,0.0,0.0,0,0.0,0.0,0,60807.00,0.00,0.00,196,12.73,2.72,0.00,-5.5,4.998,4.998,4.998,4.998,174
2022-03-08 07:56:22,0.0,0.0,0,0.0,0.0,0,0.0,0.0,0,60807.00,0.00,0.00,196,12.77,2.72,0.00,-5.5,4.998,4.998,4.998,4.998,29
2022-03-08 07:57:22,0.0,0.0,0,0.0,0.0,0,0.0,0.0,0,60807.00,0.00,0.00,196,12.77,2.72,0.00,-5.0,4.998,4.998,4.998,4.998,16
2022-03-08 07:58:22,0.0,0.0,0,0.0,0.0,0,0.0,0.0,0,60807.00,0.00,0.00,196,12.77,2.72,0.00,-5.0,4.998,4.998,4.998,4.998,100
2022-03-08 07:59:22,0.0,0.0,0,0.0,0.0,0,0.0,0.0,0,60807.00,0.00,0.00,196,12.77,2.72,0.00,-5.0,4.998,4.998,4.998,4.998,29
2022-03-08 08:00:22,0.0,0.0,0,0.0,0.0,0,0.0,0.0,0,60807.00,0.00,0.00,196,12.77,2.72,0.00,-4.5,4.998,4.998,4.998,4.998,244
2022-03-08 08:01:22,0.0,0.0,0,0.0,0.0,0,0.0,0.0,0,60807.00,0.00,0.00,196,12.81,2.72,0.00,-5.0,4.998,4.998,4.998,4.998,143
2022-03-08 08:02:22,0.0,0.0,1,0.0,0.0,0,0.0,0.0,0,60808.00,0.00,0.00,196,12.81,2.72,0.00,-5.0,4.998,4.998,4.998,4.998,20
2022-03-08 08:03:22,0.0,0.0,0,0.0,0.0,0,0.0,0.0,0,60808.00,0.00,0.00,196,12.81,2.72,0.00,-5.5,4.998,4.998,4.998,4.998,75
2022-03-08 08:04:22,0.0,0.0,0,0.0,0.0,0,0.0,0.0,0,60808.00,0.00,0.00,196,12.85,2.72,0.00,-5.0,4.998,4.998,4.998,4.998,80
2022-03-08 08:05:22,0.0,0.0,0,0.0,0.0,0,0.0,0.0,0,60808.00,0.00,0.00,196,12.85,2.72,0.00,-5.5,4.998,4.998,4.998,4.998,93
2022-03-08 08:06:22,0.0,0.0,0,0.0,0.0,0,0.0,0.0,0,60808.00,0.00,0.00,196,12.89,2.72,0.00,-5.0,4.998,4.998,4.998,4.998,35
2022-03-08 08:07:22,0.0,0.0,0,0.0,0.0,0,0.0,0.0,0,60808.00,0.00,0.00,196,12.89,2.72,0.00,-5.5,4.998,4.998,4.998,4.998,46
2022-03-08 08:08:22,0.0,0.0,0,0.0,0.0,0,0.0,0.0,0,60808.00,0.00,0.00,196,12.89,2.72,0.00,-5.0,4.998,4.998,4.998,4.998,46
2022-03-08 08:09:22,0.0,0.0,0,0.0,0.0,0,0.0,0.0,0,60808.00,0.00,0.00,196,12.92,2.72,0.00,-5.0,4.998,4.998,4.998,4.998,73
2022-03-08 08:10:22,0.0,0.0,0,0.0,0.0,0,0.0,0.0,0,60808.00,0.00,0.00,196,12.89,2.72,0.00,-4.5,4.998,4.998,4.998,4.998,233
2022-03-08 08:11:22,0.0,0.0,0,0.0,0.0,0,0.0,0.0,0,60808.00,0.00,0.00,196,12.92,2.72,0.00,-4.5,4.998,4.998,4.998,4.998,142
2022-03-08 08:12:22,0.0,0.0,0,0.0,0.0,0,0.0,0.0,0,60808.00,0.00,0.00,196,12.92,2.72,0.00,-4.5,4.998,4.998,4.998,4.998,72
2022-03-08 08:13:22,0.0,0.0,0,0.0,0.0,0,0.0,0.0,0,60808.00,0.00,0.00,196,12.96,2.72,0.00,-5.0,4.998,4.998,4.998,4.998,254
2022-03-08 08:14:22,0.0,0.0,0,0.0,0.0,0,0.0,0.0,0,60808.00,0.00,0.00,196,12.92,2.72,0.00,-4.5,4.998,4.998,4.998,4.998,43
2022-03-08 08:15:22,0.0,0.0,0,0.0,0.0,0,0.0,0.0,0,60808.00,0.00,0.00,196,12.96,2.72,0.00,-4.5,4.998,4.998,4.998,4.998,39
2022-03-08 08:16:22,0.0,0.0,0,0.0,0.0,0,0.0,0.0,0,60808.00,0.00,0.00,196,13.00,2.72,0.00,-4.5,4.998,4.998,4.998,4.998,213
2022-03-08 08:17:22,0.0,0.0,0,0.0,0.0,0,0.0,0.0,0,60808.00,0.00,0.00,196,13.00,2.72,0.00,-4.5,4.998,4.998,4.998,4.998,172
2022-03-08 08:18:22,0.0,0.0,0,0.0,0.0,0,0.0,0.0,0,60808.00,0.00,0.00,196,13.04,2.72,0.00,-4.5,4.998,4.998,4.998,4.998,173
2022-03-08 08:19:22,0.0,0.0,0,0.0,0.0,0,0.0,0.0,0,60808.00,0.00,0.00,196,13.04,2.72,0.00,-4.5,4.998,4.998,4.998,4.998,212
2022-03-08 08:20:22,0.0,0.0,0,0.0,0.0,0,0.0,0.0,0,60808.00,0.00,0.00,196,13.04,2.72,0.00,-4.5,4.998,4.998,4.998,4.998,90
2022-03-08 08:21:22,0.0,0.0,0,0.0,0.0,0,0.0,0.0,0,60808.00,0.00,0.00,196,13.04,2.72,0.00,-4.1,4.998,4.998,4.998,4.998,108
2022-03-08 08:22:22,0.0,0.0,0,0.0,0.0,0,0.0,0.0,0,60808.00,0.00,0.00,196,13.12,2.72,0.00,-4.1,4.998,4.998,4.998,4.998,171
2022-03-08 08:23:22,0.0,0.0,0,0.0,0.0,0,0.0,0.0,0,60808.00,0.00,0.00,196,13.12,2.72,0.00,-4.1,4.998,4.998,4.998,4.998,210
2022-03-08 08:24:22,0.0,0.0,0,0.0,0.0,0,0.0,0.0,0,60808.00,0.00,0.00,196,13.12,2.72,0.00,-3.6,4.998,4.998,4.998,4.998,59
2022-03-08 08:25:22,0.0,0.0,0,0.0,0.0,0,0.0,0.0,0,60808.00,0.00,0.00,196,13.16,2.72,0.00,-3.6,4.998,4.998,4.998,4.998,55
2022-03-08 08:26:22,0.0,0.0,0,0.0,0.0,0,0.0,0.0,0,60808.00,0.00,0.00,196,13.20,2.72,0.00,-3.6,4.998,4.998,4.998,4.998,191
2022-03-08 08:27:22,0.0,0.0,0,0.0,0.0,0,0.0,0.0,0,60808.00,0.00,0.00,196,13.20,2.72,0.00,-4.1,4.998,4.998,4.998,4.998,53
2022-03-08 08:28:22,0.0,0.0,0,0.0,0.0,0,0.0,0.0,0,60808.00,0.00,0.00,196,13.24,2.72,0.00,-3.6,4.998,4.998,4.998,4.998,199
2022-03-08 08:29:22,0.0,0.0,0,0.0,0.0,0,0.0,0.0,0,60808.00,0.00,0.00,196,13.24,2.72,0.00,-3.6,4.998,4.998,4.998,4.998,190
2022-03-08 08:30:22,0.0,0.0,0,0.0,0.0,0,0.0,0.0,0,60808.00,0.00,0.00,196,13.24,2.72,0.00,-3.6,4.998,4.998,4.998,4.998,186
2022-03-08 08:31:22,0.0,0.0,0,0.0,0.0,0,0.0,0.0,0,60808.00,0.00,0.00,196,13.32,2.72,0.00,-3.6,4.998,4.998,4.998,4.998,194
2022-03-08 08:32:22,0.0,0.0,0,0.0,0.0,0,0.0,0.0,0,60808.00,0.00,0.00,196,13.32,2.72,0.00,-3.6,4.998,4.998,4.998,4.998,4
2022-03-08 08:33:22,1.3,2.4,19,0.0,0.0,0,0.0,0.0,0,60827.00,0.00,0.00,196,13.32,2.72,0.00,-3.6,4.998,4.998,4.998,4.998,94
2022-03-08 08:34:22,1.3,2.7,51,0.0,0.0,0,0.0,0.0,0,60878.00,0.00,0.00,196,13.35,2.72,0.00,-3.6,4.998,4.998,4.998,4.998,234
2022-03-08 08:35:22,0.0,0.0,0,0.0,0.0,0,0.0,0.0,0,60878.00,0.00,0.00,196,13.39,2.72,0.00,-3.6,4.998,4.998,4.998,4.998,156
2022-03-08 08:36:22,0.0,0.0,1,0.0,0.0,0,0.0,0.0,0,60879.00,0.00,0.00,196,13.39,2.72,0.00,-3.1,4.998,4.998,4.998,4.998,234
2022-03-08 08:37:22,1.1,2.5,58,0.0,0.0,0,0.0,0.0,0,60937.00,0.00,0.00,196,13.43,2.72,0.00,-3.1,4.998,4.998,4.998,4.998,124
2022-03-08 08:38:22,1.7,1.9,14,0.0,0.0,0,0.0,0.0,0,60951.00,0.00,0.00,196,13.47,2.72,0.00,-3.1,4.998,4.998,4.998,4.998,22
2022-03-08 08:39:22,0.0,1.6,4,0.0,0.0,0,0.0,0.0,0,60955.00,0.00,0.00,196,13.51,2.72,0.00,-3.1,4.998,4.998,4.998,4.998,205
2022-03-08 08:40:22,0.0,0.0,0,0.0,0.0,0,0.0,0.0,0,60955.00,0.00,0.00,196,13.55,2.72,0.00,-3.1,4.998,4.998,4.998,4.998,211
2022-03-08 08:41:22,0.0,1.4,5,0.0,0.0,0,0.0,0.0,0,60960.00,0.00,0.00,196,13.59,2.72,0.00,-3.1,4.998,4.998,4.998,4.998,63
2022-03-08 08:42:22,3.7,4.2,52,0.0,0.0,0,0.0,0.0,0,61012.00,0.00,0.00,169,13.67,2.34,0.00,-3.1,4.998,4.998,4.998,4.998,188
2022-03-08 08:43:22,1.2,3.7,92,0.0,0.0,0,0.0,0.0,0,61104.00,0.00,0.00,165,13.71,2.29,0.00,-3.1,4.998,4.998,4.998,4.998,91
2022-03-08 08:44:22,2.9,4.1,132,0.0,0.0,0,0.0,0.0,0,61236.00,0.00,0.00,171,13.74,2.37,0.00,-3.1,4.998,4.998,4.998,4.998,144
2022-03-08 08:45:22,3.7,4.6,143,0.0,0.0,0,0.0,0.0,0,61379.00,0.00,0.00,171,13.82,2.37,0.00,-2.6,4.998,4.998,4.998,4.998,46
2022-03-08 08:46:22,1.2,3.8,102,0.0,0.0,0,0.0,0.0,0,61481.00,0.00,0.00,171,13.90,2.37,0.00,-2.6,4.998,4.998,4.998,4.998,13
2022-03-08 08:47:22,1.5,3.1,99,0.0,0.0,0,0.0,0.0,0,61580.00,0.00,0.00,171,13.94,2.37,0.00,-2.6,4.998,4.998,4.998,4.998,34
2022-03-08 08:48:22,0.0,1.6,16,0.0,0.0,0,0.0,0.0,0,61596.00,0.00,0.00,171,13.98,2.37,0.00,-2.6,4.998,4.998,4.998,4.998,50
2022-03-08 08:49:22,3.3,4.4,48,0.0,0.0,0,0.0,0.0,0,61644.00,0.00,0.00,215,14.06,2.99,0.00,-2.1,4.998,4.998,4.998,4.998,8
2022-03-08 08:50:22,0.0,4.0,99,0.0,0.0,0,0.0,0.0,0,61743.00,0.00,0.00,215,14.14,2.99,0.00,-2.1,4.998,4.998,4.998,4.998,186
2022-03-08 08:51:22,2.3,2.3,6,0.0,0.0,0,0.0,0.0,0,61749.00,0.00,0.00,215,14.17,2.99,0.00,-2.1,4.998,4.998,4.998,4.998,133
2022-03-08 08:52:22,1.7,3.9,129,0.0,0.0,0,0.0,0.0,0,61878.00,0.00,0.00,194,14.33,2.69,0.00,-1.6,4.998,4.998,4.998,4.998,181
2022-03-08 08:53:22,0.0,2.1,29,0.0,0.0,0,0.0,0.0,0,61907.00,0.00,0.00,194,14.37,2.69,0.00,-1.6,4.998,4.998,4.998,4.998,66
2022-03-08 08:54:22,0.0,0.0,0,0.0,0.0,0,0.0,0.0,0,61907.00,0.00,0.00,194,14.33,2.69,0.00,-2.1,4.998,4.998,4.998,4.998,68
2022-03-08 08:55:22,2.5,3.9,113,0.0,0.0,0,0.0,0.0,0,62020.00,0.00,0.00,175,14.41,2.43,0.00,-1.6,4.998,4.998,4.998,4.998,29
2022-03-08 08:56:22,2.3,4.3,177,0.0,0.0,0,0.0,0.0,0,62197.00,0.00,0.00,182,14.45,2.53,0.00,-2.1,4.998,4.998,4.998,4.998,196
2022-03-08 08:57:22,0.0,2.3,54,0.0,0.0,0,0.0,0.0,0,62251.00,0.00,0.00,182,14.49,2.53,0.00,-2.1,4.998,4.998,4.998,4.998,56
2022-03-08 08:58:22,2.0,3.9,89,0.0,0.0,0,0.0,0.0,0,62340.00,0.00,0.00,181,14.57,2.52,0.00,-1.6,4.998,4.998,4.998,4.998,101
2022-03-08 08:59:22,0.0,2.9,68,0.0,0.0,0,0.0,0.0,0,62408.00,0.00,0.00,181,14.60,2.51,0.00,-1.6,4.998,4.998,4.998,4.998,25
2022-03-08 09:00:22,1.7,2.8,55,0.0,0.0,0,0.0,0.0,0,62463.00,0.00,0.00,182,14.57,2.52,0.00,-1.6,4.998,4.998,4.998,4.998,39
2022-03-08 09:01:22,1.4,2.4,80,0.0,0.0,0,0.0,0.0,0,62543.00,0.00,0.00,182,14.60,2.52,0.00,-1.6,4.998,4.998,4.998,4.998,115
2022-03-08 09:02:22,3.6,3.9,112,0.0,0.0,0,0.0,0.0,0,62655.00,0.00,0.00,182,14.57,2.52,0.00,-1.1,4.998,4.998,4.998,4.998,9
2022-03-08 09:03:22,4.2,5.1,180,0.0,0.0,0,0.0,0.0,0,62835.00,0.00,0.00,175,14.60,2.44,0.00,-1.1,4.998,4.998,4.998,4.998,143
2022-03-08 09:04:22,2.9,4.7,157,0.0,0.0,0,0.0,0.0,0,62992.00,0.00,0.00,176,14.57,2.44,0.00,-1.1,4.998,4.998,4.998,4.998,182
2022-03-08 09:05:22,2.9,3.1,100,0.0,0.0,0,0.0,0.0,0,63092.00,0.00,0.00,176,14.60,2.44,0.00,-1.1,4.998,4.998,4.998,4.998,195
2022-03-08 09:06:22,2.9,3.2,144,0.0,0.0,0,0.0,0.0,0,63236.00,0.00,0.00,176,14.60,2.44,0.00,-1.1,4.998,4.998,4.998,4.998,18
2022-03-08 09:07:22,2.9,4.0,168,0.0,0.0,0,0.0,0.0,0,63404.00,0.00,0.00,175,14.57,2.43,0.00,-1.1,4.998,4.998,4.998,4.998,117
2022-03-08 09:08:22,3.9,4.4,103,0.0,0.0,0,0.0,0.0,0,63507.00,0.00,0.00,176,14.60,2.44,0.00,-0.6,4.998,4.998,4.998,4.998,1
2022-03-08 09:09:22,3.8,4.6,132,0.0,0.0,0,0.0,0.0,0,63639.00,0.00,0.00,176,14.60,2.44,0.00,-0.6,4.998,4.998,4.998,4.998,58
2022-03-08 09:10:22,3.2,4.0,164,0.0,0.0,0,0.0,0.0,0,63803.00,0.00,0.00,175,14.60,2.43,0.00,-1.1,4.998,4.998,4.998,4.998,118
2022-03-08 09:11:22,3.7,5.1,210,0.0,0.0,0,0.0,0.0,0,64013.00,0.00,0.00,176,14.57,2.44,0.00,-1.1,4.998,4.998,4.998,4.998,224
2022-03-08 09:12:22,3.8,6.6,240,0.0,0.0,0,0.0,0.0,0,64253.00,0.00,0.00,170,14.60,2.36,0.00,-0.6,4.998,4.998,4.998,4.998,242
2022-03-08 09:13:22,2.1,4.1,144,0.0,0.0,0,0.0,0.0,0,64397.00,0.00,0.00,193,14.57,2.69,0.00,-0.6,4.998,4.998,4.998,4.998,54
2022-03-08 09:14:22,2.8,3.2,129,0.0,0.0,0,0.0,0.0,0,64526.00,0.00,0.00,193,14.57,2.69,0.00,-0.6,4.998,4.998,4.998,4.998,199
2022-03-08 09:15:22,3.1,4.1,172,0.0,0.0,0,0.0,0.0,0,64698.00,0.00,0.00,193,14.60,2.68,0.00,-0.6,4.998,4.998,4.998,4.998,200
2022-03-08 09:16:22,2.4,3.7,143,0.0,0.0,0,0.0,0.0,0,64841.00,0.00,0.00,193,14.60,2.68,0.00,-0.2,4.998,4.998,4.998,4.998,121
2022-03-08 09:17:22,3.3,4.8,177,0.0,0.0,0,0.0,0.0,0,65018.00,0.00,0.00,166,14.57,2.30,0.00,-0.6,4.998,4.998,4.998,4.998,140
2022-03-08 09:18:22,3.4,4.9,224,0.0,0.0,0,0.0,0.0,0,65242.00,0.00,0.00,158,14.57,2.20,0.00,-0.6,4.998,4.998,4.998,4.998,225
2022-03-08 09:19:22,4.0,5.4,197,0.0,0.0,0,0.0,0.0,0,65439.00,0.00,0.00,150,14.60,2.08,0.00,-0.6,4.998,4.998,4.998,4.998,12
2022-03-08 09:20:22,2.1,4.6,166,0.0,0.0,0,0.0,0.0,0,65605.00,0.00,0.00,154,14.60,2.14,0.00,-0.2,4.998,4.998,4.998,4.998,150
2022-03-08 09:21:22,3.5,5.2,106,0.0,0.0,0,0.0,0.0,0,65711.00,0.00,0.00,180,14.60,2.50,0.00,-0.2,4.998,4.998,4.998,4.998,119
2022-03-08 09:22:22,1.7,4.7,178,0.0,0.0,0,0.0,0.0,0,65889.00,0.00,0.00,181,14.60,2.51,0.00,-0.2,4.998,4.998,4.998,4.998,165
2022-03-08 09:23:22,2.2,2.2,65,0.0,0.0,0,0.0,0.0,0,65954.00,0.00,0.00,181,14.60,2.51,0.00,-0.2,4.998,4.998,4.998,4.998,236
2022-03-08 09:24:22,4.3,4.6,206,0.0,0.0,0,0.0,0.0,0,66160.00,0.00,0.00,176,14.57,2.44,0.00,-0.6,4.998,4.998,4.998,4.998,127
2022-03-08 09:25:22,3.8,4.5,202,0.0,0.0,0,0.0,0.0,0,66362.00,0.00,0.00,171,14.60,2.38,0.00,-0.2,4.998,4.998,4.998,4.998,50
2022-03-08 09:26:22,2.4,4.2,130,0.0,0.0,0,0.0,0.0,0,66492.00,0.00,0.00,172,14.60,2.39,0.00,-0.6,4.998,4.998,4.998,4.998,248
2022-03-08 09:27:22,3.7,4.2,166,0.0,0.0,0,0.0,0.0,0,66658.00,0.00,0.00,172,14.60,2.39,0.00,-0.2,4.998,4.998,4.998,4.998,206
2022-03-08 09:28:22,1.3,3.5,120,0.0,0.0,0,0.0,0.0,0,66778.00,0.00,0.00,172,14.57,2.39,0.00,-0.2,4.998,4.998,4.998,4.998,50
2022-03-08 09:29:22,0.0,1.6,16,0.0,0.0,0,0.0,0.0,0,66794.00,0.00,0.00,172,14.57,2.39,0.00,-0.2,4.998,4.998,4.998,4.998,54
2022-03-08 09:30:22,2.8,4.2,96,0.0,0.0,0,0.0,0.0,0,66890.00,0.00,0.00,172,14.57,2.39,0.00,-0.2,4.998,4.998,4.998,4.998,0
2022-03-08 09:31:22,2.2,4.3,157,0.0,0.0,0,0.0,0.0,0,67047.00,0.00,0.00,149,14.60,2.08,0.00,-0.6,4.998,4.998,4.998,4.998,150
2022-03-08 09:32:22,0.0,2.3,33,0.0,0.0,0,0.0,0.0,0,67080.00,0.00,0.00,149,14.60,2.07,0.00,-0.2,4.998,4.998,4.998,4.998,207
2022-03-08 09:33:22,4.8,4.8,125,0.0,0.0,0,0.0,0.0,0,67205.00,0.00,0.00,129,14.60,1.80,0.00,-0.6,4.998,4.998,4.998,4.998,251
2022-03-08 09:34:22,4.0,5.6,275,0.0,0.0,0,0.0,0.0,0,67480.00,0.00,0.00,208,14.60,2.89,0.00,-0.2,4.998,4.998,4.998,4.998,70
2022-03-08 09:35:22,5.8,5.9,274,0.0,0.0,0,0.0,0.0,0,67754.00,0.00,0.00,199,14.57,2.77,0.00,-0.2,4.998,4.998,4.998,4.998,9
2022-03-08 09:36:22,1.7,5.9,110,0.0,0.0,0,0.0,0.0,0,67864.00,0.00,0.00,190,14.57,2.64,0.00,-0.2,4.998,4.998,4.998,4.998,87
2022-03-08 09:37:22,3.8,5.6,227,0.0,0.0,0,0.0,0.0,0,68091.00,0.00,0.00,157,14.60,2.18,0.00,-0.6,4.998,4.998,4.998,4.998,128
2022-03-08 09:38:22,3.3,4.0,158,0.0,0.0,0,0.0,0.0,0,68249.00,0.00,0.00,157,14.60,2.18,0.00,-0.2,4.998,4.998,4.998,4.998,54
2022-03-08 09:39:22,0.0,3.6,40,0.0,0.0,0,0.0,0.0,0,68289.00,0.00,0.00,157,14.57,2.18,0.00,-0.6,4.998,4.998,4.998,4.998,229
2022-03-08 09:40:22,2.2,3.0,89,0.0,0.0,0,0.0,0.0,0,68378.00,0.00,0.00,157,14.57,2.18,0.00,-0.2,4.998,4.998,4.998,4.998,109
2022-03-08 09:41:22,3.9,4.3,129,0.0,0.0,0,0.0,0.0,0,68507.00,0.00,0.00,160,14.57,2.23,0.00,-0.2,4.998,4.998,4.998,4.998,31
2022-03-08 09:42:22,3.2,4.8,203,0.0,0.0,0,0.0,0.0,0,68710.00,0.00,0.00,182,14.60,2.53,0.00,-0.2,4.998,4.998,4.998,4.998,70
2022-03-08 09:43:22,2.6,4.3,161,0.0,0.0,0,0.0,0.0,0,68871.00,0.00,0.00,182,14.57,2.53,0.00,-0.2,4.998,4.998,4.998,4.998,142
2022-03-08 09:44:22,0.0,3.0,65,0.0,0.0,0,0.0,0.0,0,68936.00,0.00,0.00,182,14.57,2.53,0.00,-0.2,4.998,4.998,4.998,4.998,51
2022-03-08 09:45:22,3.9,5.0,154,0.0,0.0,0,0.0,0.0,0,69090.00,0.00,0.00,210,14.60,2.92,0.00,-0.2,4.998,4.998,4.998,4.998,247
2022-03-08 09:46:22,4.3,4.5,194,0.0,0.0,0,0.0,0.0,0,69284.00,0.00,0.00,186,14.60,2.59,0.00,-0.2,4.998,4.998,4.998,4.998,122
2022-03-08 09:47:22,2.1,4.2,141,0.0,0.0,0,0.0,0.0,0,69425.00,0.00,0.00,184,14.60,2.55,0.00,-0.2,4.998,4.998,4.998,4.998,84
2022-03-08 09:48:22,0.0,3.6,82,0.0,0.0,0,0.0,0.0,0,69507.00,0.00,0.00,183,14.60,2.54,0.00,-0.2,4.998,4.998,4.998,4.998,104
2022-03-08 09:49:22,2.9,4.2,56,0.0,0.0,0,0.0,0.0,0,69563.00,0.00,0.00,184,14.57,2.56,0.00,0.2,4.998,4.998,4.998,4.998,164
2022-03-08 09:50:22,4.1,5.8,204,0.0,0.0,0,0.0,0.0,0,69767.00,0.00,0.00,214,14.57,2.97,0.00,0.2,4.998,4.998,4.998,4.998,151
2022-03-08 09:51:22,2.3,4.5,165,0.0,0.0,0,0.0,0.0,0,69932.00,0.00,0.00,214,14.60,2.97,0.00,0.2,4.998,4.998,4.998,4.998,65
2022-03-08 09:52:22,0.0,2.3,27,0.0,0.0,0,0.0,0.0,0,69959.00,0.00,0.00,214,14.60,2.97,0.00,0.2,4.998,4.998,4.998,4.998,186
2022-03-08 09:53:22,1.9,2.3,53,0.0,0.0,0,0.0,0.0,0,70012.00,0.00,0.00,213,14.60,2.96,0.00,0.2,4.998,4.998,4.998,4.998,34
2022-03-08 09:54:22,2.6,3.8,155,0.0,0.0,0,0.0,0.0,0,70167.00,0.00,0.00,213,14.57,2.96,0.00,0.2,4.998,4.998,4.998,4.998,93
2022-03-08 09:55:22,3.1,3.4,62,0.0,0.0,0,0.0,0.0,0,70229.00,0.00,0.00,194,14.60,2.70,0.00,0.7,4.998,4.998,4.998,4.998,237
2022-03-08 09:56:22,1.9,4.5,147,0.0,0.0,0,0.0,0.0,0,70376.00,0.00,0.00,194,14.57,2.70,0.00,0.7,4.998,4.998,4.998,4.998,24
2022-03-08 09:57:22,1.5,2.1,56,0.0,0.0,0,0.0,0.0,0,70432.00,0.00,0.00,194,14.57,2.70,0.00,0.7,4.998,4.998,4.998,4.998,147
2022-03-08 09:58:22,2.4,3.1,54,0.0,0.0,0,0.0,0.0,0,70486.00,0.00,0.00,194,14.60,2.70,0.00,0.2,4.998,4.998,4.998,4.998,169
2022-03-08 09:59:22,3.3,4.6,122,0.0,0.0,0,0.0,0.0,0,70608.00,0.00,0.00,207,14.57,2.88,0.00,0.2,4.998,4.998,4.998,4.998,6
2022-03-08 10:00:22,0.0,3.3,87,0.0,0.0,0,0.0,0.0,0,70695.00,0.00,0.00,207,14.57,2.88,0.00,0.2,4.998,4.998,4.998,4.998,120
2022-03-08 10:01:22,1.3,1.8,25,0.0,0.0,0,0.0,0.0,0,70720.00,0.00,0.00,207,14.57,2.88,0.00,0.7,4.998,4.998,4.998,4.998,229
2022-03-08 10:02:22,1.4,1.9,27,0.0,0.0,0,0.0,0.0,0,70747.00,0.00,0.00,207,14.60,2.88,0.00,0.7,4.998,4.998,4.998,4.998,166
2022-03-08 10:03:22,0.0,1.6,15,0.0,0.0,0,0.0,0.0,0,70762.00,0.00,0.00,207,14.60,2.88,0.00,1.7,4.998,4.998,4.998,4.998,86
2022-03-08 10:04:22,2.0,2.0,12,0.0,0.0,0,0.0,0.0,0,70774.00,0.00,0.00,207,14.57,2.88,0.00,1.7,4.998,4.998,4.998,4.998,213
2022-03-08 10:05:22,4.8,6.2,226,0.0,0.0,0,0.0,0.0,0,71000.00,0.00,0.00,233,14.57,3.24,0.00,1.2,4.998,4.998,4.998,4.998,70
2022-03-08 10:06:22,5.6,6.1,214,0.0,0.0,0,0.0,0.0,0,71214.00,0.00,0.00,226,14.60,3.14,0.00,1.2,4.998,4.998,4.998,4.998,127
2022-03-08 10:07:22,3.8,7.4,316,0.0,0.0,0,0.0,0.0,0,71530.00,0.00,0.00,219,14.60,3.04,0.00,0.7,4.998,4.998,4.998,4.998,4
2022-03-08 10:08:22,5.0,8.0,297,0.0,0.0,0,0.0,0.0,0,71827.00,0.00,0.00,170,14.60,2.36,0.00,1.2,4.998,4.998,4.998,4.998,68
2022-03-08 10:09:22,2.8,8.6,285,0.0,0.0,0,0.0,0.0,0,72112.00,0.00,0.00,211,14.60,2.93,0.00,0.7,4.998,4.998,4.998,4.998,205
2022-03-08 10:10:22,8.6,10.2,337,0.0,0.0,0,0.0,0.0,0,72449.00,0.00,0.00,221,14.60,3.08,0.00,0.7,4.998,4.998,4.998,4.998,249
2022-03-08 10:11:22,5.4,10.4,465,0.0,0.0,0,0.0,0.0,0,72914.00,0.00,0.00,165,14.57,2.30,0.00,0.7,4.998,4.998,4.998,4.998,113
2022-03-08 10:12:22,4.2,6.8,281,0.0,0.0,0,0.0,0.0,0,73195.00,0.00,0.00,146,14.60,2.03,0.00,0.7,4.998,4.998,4.998,4.998,221
2022-03-08 10:13:22,7.4,8.8,381,0.0,0.0,0,0.0,0.0,0,73576.00,0.00,0.00,182,14.60,2.53,0.00,0.7,4.998,4.998,4.998,4.998,77
2022-03-08 10:14:22,4.9,8.6,310,0.0,0.0,0,0.0,0.0,0,73886.00,0.00,0.00,156,14.60,2.17,0.00,0.7,4.998,4.998,4.998,4.998,230
2022-03-08 10:15:22,9.5,9.5,336,0.0,0.0,0,0.0,0.0,0,74222.00,0.00,0.00,169,14.60,2.34,0.00,0.7,4.998,4.998,4.998,4.998,129
2022-03-08 10:16:22,7.4,9.4,344,0.0,0.0,0,0.0,0.0,0,74566.00,0.00,0.00,190,14.57,2.64,0.00,1.2,4.998,4.998,4.998,4.998,71
2022-03-08 10:17:22,8.2,9.1,432,0.0,0.0,0,0.0,0.0,0,74998.00,0.00,0.00,194,14.60,2.70,0.00,1.2,4.998,4.998,4.998,4.998,77
2022-03-08 10:18:22,4.7,9.2,381,0.0,0.0,0,0.0,0.0,0,75379.00,0.00,0.00,176,14.60,2.45,0.00,0.7,4.998,4.998,4.998,4.998,3
2022-03-08 10:19:22,4.5,6.8,305,0.0,0.0,0,0.0,0.0,0,75684.00,0.00,0.00,200,14.57,2.78,0.00,0.7,4.998,4.998,4.998,4.998,12
2022-03-08 10:20:22,2.4,5.6,243,0.0,0.0,0,0.0,0.0,0,75927.00,0.00,0.00,174,14.60,2.41,0.00,1.2,4.998,4.998,4.998,4.998,71
2022-03-08 10:21:22,3.2,4.6,208,0.0,0.0,0,0.0,0.0,0,76135.00,0.00,0.00,181,14.60,2.51,0.00,1.2,4.998,4.998,4.998,4.998,112
2022-03-08 10:22:22,3.5,6.9,279,0.0,0.0,0,0.0,0.0,0,76414.00,0.00,0.00,215,14.57,2.99,0.00,0.7,4.998,4.998,4.998,4.998,143
2022-03-08 10:23:22,2.2,4.2,183,0.0,0.0,0,0.0,0.0,0,76597.00,0.00,0.00,208,14.57,2.89,0.00,1.2,4.998,4.998,4.998,4.998,150
2022-03-08 10:24:22,0.0,3.0,79,0.0,0.0,0,0.0,0.0,0,76676.00,0.00,0.00,208,14.57,2.89,0.00,1.2,4.998,4.998,4.998,4.998,78
2022-03-08 10:25:22,1.8,3.3,45,0.0,0.0,0,0.0,0.0,0,76721.00,0.00,0.00,185,14.60,2.57,0.00,1.7,4.998,4.998,4.998,4.998,111
2022-03-08 10:26:22,5.6,6.3,172,0.0,0.0,0,0.0,0.0,0,76893.00,0.00,0.00,176,14.60,2.45,0.00,1.2,4.998,4.998,4.998,4.998,216
2022-03-08 10:27:22,4.7,10.2,336,0.0,0.0,0,0.0,0.0,0,77229.00,0.00,0.00,200,14.60,2.78,0.00,0.7,4.998,4.998,4.998,4.998,103
2022-03-08 10:28:22,6.0,7.1,275,0.0,0.0,0,0.0,0.0,0,77504.00,0.00,0.00,187,14.57,2.60,0.00,1.2,4.998,4.998,4.998,4.998,15
2022-03-08 10:29:22,4.9,6.9,301,0.0,0.0,0,0.0,0.0,0,77805.00,0.00,0.00,240,14.60,3.34,0.00,1.2,4.998,4.998,4.998,4.998,7
2022-03-08 10:30:22,5.2,7.9,341,0.0,0.0,0,0.0,0.0,0,78146.00,0.00,0.00,168,14.60,2.34,0.00,1.2,4.998,4.998,4.998,4.998,6
2022-03-08 10:31:22,5.4,8.0,343,0.0,0.0,0,0.0,0.0,0,78489.00,0.00,0.00,186,14.60,2.58,0.00,1.2,4.998,4.998,4.998,4.998,225
2022-03-08 10:32:22,5.1,8.1,339,0.0,0.0,0,0.0,0.0,0,78828.00,0.00,0.00,203,14.60,2.83,0.00,1.2,4.998,4.998,4.998,4.998,27
2022-03-08 10:33:22,3.2,5.7,179,0.0,0.0,0,0.0,0.0,0,79007.00,0.00,0.00,167,14.57,2.32,0.00,1.2,4.998,4.998,4.998,4.998,218
2022-03-08 10:34:22,4.7,7.3,303,0.0,0.0,0,0.0,0.0,0,79310.00,0.00,0.00,211,14.57,2.93,0.00,1.2,4.998,4.998,4.998,4.998,55
2022-03-08 10:35:22,5.1,7.1,286,0.0,0.0,0,0.0,0.0,0,79596.00,0.00,0.00,183,14.57,2.54,0.00,1.2,4.998,4.998,4.998,4.998,229
2022-03-08 10:36:22,3.6,5.6,253,0.0,0.0,0,0.0,0.0,0,79849.00,0.00,0.00,198,14.57,2.75,0.00,1.2,4.998,4.998,4.998,4.998,104
2022-03-08 10:37:22,3.8,5.9,218,0.0,0.0,0,0.0,0.0,0,80067.00,0.00,0.00,210,14.60,2.91,0.00,1.2,4.998,4.998,4.998,4.998,242
2022-03-08 10:38:22,2.2,4.5,182,0.0,0.0,0,0.0,0.0,0,80249.00,0.00,0.00,210,14.60,2.92,0.00,1.2,4.998,4.998,4.998,4.998,255
2022-03-08 10:39:22,4.4,4.7,101,0.0,0.0,0,0.0,0.0,0,80350.00,0.00,0.00,144,14.60,2.00,0.00,1.7,4.998,4.998,4.998,4.998,4
2022-03-08 10:40:22,5.7,8.7,388,0.0,0.0,0,0.0,0.0,0,80738.00,0.00,0.00,176,14.57,2.45,0.00,1.2,4.998,4.998,4.998,4.998,6
2022-03-08 10:41:22,3.3,8.8,389,0.0,0.0,0,0.0,0.0,0,81127.00,0.00,0.00,178,14.57,2.47,0.00,1.2,4.998,4.998,4.998,4.998,118
2022-03-08 10:42:22,5.8,6.8,337,0.0,0.0,0,0.0,0.0,0,81464.00,0.00,0.00,186,14.60,2.58,0.00,1.7,4.998,4.998,4.998,4.998,59
2022-03-08 10:43:22,3.6,6.1,262,0.0,0.0,0,0.0,0.0,0,81726.00,0.00,0.00,160,14.64,2.22,0.00,1.7,4.998,4.998,4.998,4.998,162
2022-03-08 10:44:22,2.6,5.0,209,0.0,0.0,0,0.0,0.0,0,81935.00,0.00,0.00,188,14.60,2.62,0.00,1.7,4.998,4.998,4.998,4.998,137
2022-03-08 10:45:22,3.0,5.9,181,0.0,0.0,0,0.0,0.0,0,82116.00,0.00,0.00,156,14.60,2.17,0.00,1.7,4.998,4.998,4.998,4.998,207
2022-03-08 10:46:22,3.6,4.8,182,0.0,0.0,0,0.0,0.0,0,82298.00,0.00,0.00,184,14.57,2.55,0.00,2.2,4.998,4.998,4.998,4.998,127
2022-03-08 10:47:22,4.6,7.5,313,0.0,0.0,0,0.0,0.0,0,82611.00,0.00,0.00,199,14.57,2.77,0.00,1.7,4.998,4.998,4.998,4.998,177
2022-03-08 10:48:22,5.4,9.3,327,0.0,0.0,0,0.0,0.0,0,82938.00,0.00,0.00,226,14.60,3.13,0.00,1.7,4.998,4.998,4.998,4.998,176
2022-03-08 10:49:22,6.2,8.4,409,0.0,0.0,0,0.0,0.0,0,83347.00,0.00,0.00,188,14.60,2.61,0.00,1.7,4.998,4.998,4.998,4.998,55
2022-03-08 10:50:22,5.2,7.4,297,0.0,0.0,0,0.0,0.0,0,83644.00,0.00,0.00,185,14.57,2.57,0.00,2.2,4.998,4.998,4.998,4.998,107
2022-03-08 10:51:22,5.9,7.9,341,0.0,0.0,0,0.0,0.0,0,83985.00,0.00,0.00,219,14.60,3.05,0.00,1.7,4.998,4.998,4.998,4.998,72
2022-03-08 10:52:22,1.9,7.2,276,0.0,0.0,0,0.0,0.0,0,84261.00,0.00,0.00,169,14.60,2.35,0.00,1.7,4.998,4.998,4.998,4.998,6
2022-03-08 10:53:22,3.3,3.6,116,0.0,0.0,0,0.0,0.0,0,84377.00,0.00,0.00,169,14.60,2.35,0.00,2.2,4.998,4.998,4.998,4.998,65
2022-03-08 10:54:22,0.0,4.4,163,0.0,0.0,0,0.0,0.0,0,84540.00,0.00,0.00,170,14.60,2.36,0.00,2.2,4.998,4.998,4.998,4.998,68
2022-03-08 10:55:22,1.8,1.8,18,0.0,0.0,0,0.0,0.0,0,84558.00,0.00,0.00,170,14.60,2.36,0.00,2.2,4.998,4.998,4.998,4.998,172
2022-03-08 10:56:22,3.9,5.7,203,0.0,0.0,0,0.0,0.0,0,84761.00,0.00,0.00,171,14.60,2.38,0.00,2.7,4.998,4.998,4.998,4.998,69
2022-03-08 10:57:22,5.6,9.8,379,0.0,0.0,0,0.0,0.0,0,85140.00,0.00,0.00,161,14.57,2.24,0.00,2.2,4.998,4.998,4.998,4.998,66
2022-03-08 10:58:22,4.6,5.5,213,0.0,0.0,0,0.0,0.0,0,85353.00,0.00,0.00,184,14.41,2.56,0.00,2.2,4.998,4.998,4.998,4.998,14
2022-03-08 10:59:22,3.9,7.4,327,0.0,0.0,0,0.0,0.0,0,85680.00,0.00,0.00,169,14.29,2.35,0.00,2.2,4.998,4.998,4.998,4.998,191
2022-03-08 11:00:22,4.2,4.9,205,0.0,0.0,0,0.0,0.0,0,85885.00,0.00,0.00,145,14.29,2.02,0.00,2.2,4.998,4.998,4.998,4.998,100
2022-03-08 11:01:22,5.2,5.2,181,0.0,0.0,0,0.0,0.0,0,86066.00,0.00,0.00,161,14.33,2.23,0.00,2.7,4.998,4.998,4.998,4.998,207
2022-03-08 11:02:22,3.6,6.5,244,0.0,0.0,0,0.0,0.0,0,86310.00,0.00,0.00,168,14.29,2.33,0.00,2.2,4.998,4.998,4.998,4.998,124
2022-03-08 11:03:22,5.4,5.9,273,0.0,0.0,0,0.0,0.0,0,86583.00,0.00,0.00,171,14.29,2.38,0.00,2.2,4.998,4.998,4.998,4.998,216
2022-03-08 11:04:22,4.6,10.2,355,0.0,0.0,0,0.0,0.0,0,86938.00,0.00,0.00,174,14.29,2.42,0.00,2.2,4.998,4.998,4.998,4.998,85
2022-03-08 11:05:22,4.7,7.0,322,0.0,0.0,0,0.0,0.0,0,87260.00,0.00,0.00,145,14.29,2.02,0.00,2.2,4.998,4.998,4.998,4.998,195
2022-03-08 11:06:22,6.5,9.2,429,0.0,0.0,0,0.0,0.0,0,87689.00,0.00,0.00,177,14.29,2.47,0.00,1.7,4.998,4.998,4.998,4.998,0
2022-03-08 11:07:22,4.5,8.8,410,0.0,0.0,0,0.0,0.0,0,88099.00,0.00,0.00,166,14.29,2.31,0.00,2.2,4.998,4.998,4.998,4.998,1
2022-03-08 11:08:22,7.1,8.4,323,0.0,0.0,0,0.0,0.0,0,88422.00,0.00,0.00,204,14.29,2.84,0.00,2.2,4.998,4.998,4.998,4.998,147
2022-03-08 11:09:22,6.3,9.3,410,0.0,0.0,0,0.0,0.0,0,88832.00,0.00,0.00,170,14.29,2.36,0.00,1.7,4.998,4.998,4.998,4.998,200
2022-03-08 11:10:22,6.5,8.3,349,0.0,0.0,0,0.0,0.0,0,89181.00,0.00,0.00,201,14.25,2.79,0.00,2.2,4.998,4.998,4.998,4.998,218
2022-03-08 11:11:22,5.2,7.2,346,0.0,0.0,0,0.0,0.0,0,89527.00,0.00,0.00,169,14.29,2.35,0.00,2.2,4.998,4.998,4.998,4.998,171
2022-03-08 11:12:22,3.7,6.0,263,0.0,0.0,0,0.0,0.0,0,89790.00,0.00,0.00,176,14.25,2.44,0.00,2.2,4.998,4.998,4.998,4.998,42
2022-03-08 11:13:22,2.8,5.9,228,0.0,0.0,0,0.0,0.0,0,90018.00,0.00,0.00,205,14.29,2.85,0.00,2.2,4.998,4.998,4.998,4.998,128
2022-03-08 11:14:22,3.8,5.7,260,0.0,0.0,0,0.0,0.0,0,90278.00,0.00,0.00,207,14.29,2.87,0.00,2.2,4.998,4.998,4.998,4.998,208
2022-03-08 11:15:22,1.6,3.8,101,0.0,0.0,0,0.0,0.0,0,90379.00,0.00,0.00,207,14.29,2.87,0.00,2.2,4.998,4.998,4.998,4.998,223
2022-03-08 11:16:22,3.7,3.8,99,0.0,0.0,0,0.0,0.0,0,90478.00,0.00,0.00,206,14.29,2.86,0.00,2.7,4.998,4.998,4.998,4.998,131
2022-03-08 11:17:22,5.1,5.3,177,0.0,0.0,0,0.0,0.0,0,90655.00,0.00,0.00,199,14.29,2.77,0.00,2.2,4.998,4.998,4.998,4.998,123
2022-03-08 11:18:22,4.8,6.6,280,0.0,0.0,0,0.0,0.0,0,90935.00,0.00,0.00,203,14.25,2.83,0.00,2.7,4.998,4.998,4.998,4.998,47
2022-03-08 11:19:22,5.3,5.5,245,0.0,0.0,0,0.0,0.0,0,91180.00,0.00,0.00,119,14.25,1.66,0.00,2.7,4.998,4.998,4.998,4.998,206
2022-03-08 11:20:22,2.1,5.4,137,0.0,0.0,0,0.0,0.0,0,91317.00,0.00,0.00,100,14.25,1.39,0.00,2.2,4.998,4.998,4.998,4.998,19
2022-03-08 11:21:22,4.3,6.3,233,0.0,0.0,0,0.0,0.0,0,91550.00,0.00,0.00,154,14.25,2.14,0.00,2.7,4.998,4.998,4.998,4.998,113
2022-03-08 11:22:22,4.9,6.3,280,0.0,0.0,0,0.0,0.0,0,91830.00,0.00,0.00,166,14.29,2.30,0.00,2.2,4.998,4.998,4.998,4.998,230
2022-03-08 11:23:22,3.2,6.6,275,0.0,0.0,0,0.0,0.0,0,92105.00,0.00,0.00,177,14.25,2.46,0.00,2.2,4.998,4.998,4.998,4.998,31
2022-03-08 11:24:22,3.8,6.8,319,0.0,0.0,0,0.0,0.0,0,92424.00,0.00,0.00,187,14.25,2.60,0.00,2.7,4.998,4.998,4.998,4.998,241
2022-03-08 11:25:22,3.7,6.2,258,0.0,0.0,0,0.0,0.0,0,92682.00,0.00,0.00,129,14.29,1.80,0.00,2.7,4.998,4.998,4.998,4.998,75
2022-03-08 11:26:22,4.6,6.9,317,0.0,0.0,0,0.0,0.0,0,92999.00,0.00,0.00,164,14.25,2.28,0.00,2.7,4.998,4.998,4.998,4.998,210
2022-03-08 11:27:22,4.5,5.7,214,0.0,0.0,0,0.0,0.0,0,93213.00,0.00,0.00,149,14.25,2.08,0.00,2.7,4.998,4.998,4.998,4.998,158
2022-03-08 11:28:22,3.8,6.9,304,0.0,0.0,0,0.0,0.0,0,93517.00,0.00,0.00,156,14.25,2.16,0.00,2.2,4.998,4.998,4.998,4.998,32
2022-03-08 11:29:22,3.8,5.4,241,0.0,0.0,0,0.0,0.0,0,93758.00,0.00,0.00,182,14.25,2.53,0.00,2.7,4.998,4.998,4.998,4.998,85
2022-03-08 11:30:22,1.6,6.3,244,0.0,0.0,0,0.0,0.0,0,94002.00,0.00,0.00,190,14.25,2.64,0.00,2.7,4.998,4.998,4.998,4.998,41
2022-03-08 11:31:22,4.1,5.8,203,0.0,0.0,0,0.0,0.0,0,94205.00,0.00,0.00,236,14.25,3.28,0.00,2.7,4.998,4.998,4.998,4.998,255
2022-03-08 11:32:22,2.7,5.1,208,0.0,0.0,0,0.0,0.0,0,94413.00,0.00,0.00,218,14.25,3.03,0.00,2.7,4.998,4.998,4.998,4.998,132
2022-03-08 11:33:22,1.0,3.8,113,0.0,0.0,0,0.0,0.0,0,94526.00,0.00,0.00,180,14.25,2.50,0.00,3.2,4.998,4.998,4.998,4.998,219
2022-03-08 11:34:22,0.0,0.0,0,0.0,0.0,0,0.0,0.0,0,94526.00,0.00,0.00,181,14.25,2.51,0.00,3.2,4.998,4.998,4.998,4.998,7
2022-03-08 11:35:22,2.9,4.6,119,0.0,0.0,0,0.0,0.0,0,94645.00,0.00,0.00,221,14.25,3.08,0.00,3.2,4.998,4.998,4.998,4.998,196
2022-03-08 11:36:22,3.8,5.3,200,0.0,0.0,0,0.0,0.0,0,94845.00,0.00,0.00,164,14.25,2.28,0.00,3.2,4.998,4.998,4.998,4.998,91
2022-03-08 11:37:22,7.6,8.3,385,0.0,0.0,0,0.0,0.0,0,95230.00,0.00,0.00,193,14.25,2.68,0.00,3.2,4.998,4.998,4.998,4.998,171
2022-03-08 11:38:22,5.6,7.4,367,0.0,0.0,0,0.0,0.0,0,95597.00,0.00,0.00,205,14.25,2.85,0.00,2.7,4.998,4.998,4.998,4.998,219
2022-03-08 11:39:22,7.9,8.2,340,0.0,0.0,0,0.0,0.0,0,95937.00,0.00,0.00,191,14.25,2.66,0.00,2.7,4.998,4.998,4.998,4.998,245
2022-03-08 11:40:22,3.3,8.0,285,0.0,0.0,0,0.0,0.0,0,96222.00,0.00,0.00,174,14.21,2.42,0.00,2.7,4.998,4.998,4.998,4.998,114
2022-03-08 11:41:22,4.2,8.4,334,0.0,0.0,0,0.0,0.0,0,96556.00,0.00,0.00,174,14.25,2.42,0.00,2.2,4.998,4.998,4.998,4.998,109
2022-03-08 11:42:22,5.1,5.6,151,0.0,0.0,0,0.0,0.0,0,96707.00,0.00,0.00,132,14.25,1.84,0.00,2.7,4.998,4.998,4.998,4.998,27
2022-03-08 11:43:22,4.1,5.8,231,0.0,0.0,0,0.0,0.0,0,96938.00,0.00,0.00,156,14.21,2.16,0.00,2.7,4.998,4.998,4.998,4.998,8
2022-03-08 11:44:22,2.5,6.1,250,0.0,0.0,0,0.0,0.0,0,97188.00,0.00,0.00,151,14.25,2.10,0.00,2.7,4.998,4.998,4.998,4.998,155
2022-03-08 11:45:22,4.7,9.8,412,0.0,0.0,0,0.0,0.0,0,97600.00,0.00,0.00,203,14.21,2.82,0.00,2.2,4.998,4.998,4.998,4.998,76
2022-03-08 11:46:22,7.3,8.6,366,0.0,0.0,0,0.0,0.0,0,97966.00,0.00,0.00,189,14.21,2.63,0.00,2.7,4.998,4.998,4.998,4.998,132
2022-03-08 11:47:22,3.8,7.6,350,0.0,0.0,0,0.0,0.0,0,98316.00,0.00,0.00,170,14.21,2.37,0.00,2.7,4.998,4.998,4.998,4.998,148
2022-03-08 11:48:22,3.3,7.4,256,0.0,0.0,0,0.0,0.0,0,98572.00,0.00,0.00,207,14.29,2.88,0.00,2.7,4.998,4.998,4.998,4.998,217
2022-03-08 11:49:22,4.9,7.5,324,0.0,0.0,0,0.0,0.0,0,98896.00,0.00,0.00,185,14.25,2.58,0.00,2.7,4.998,4.998,4.998,4.998,84
2022-03-08 11:50:22,4.0,8.9,379,0.0,0.0,0,0.0,0.0,0,99275.00,0.00,0.00,166,14.25,2.30,0.00,2.7,4.998,4.998,4.998,4.998,223
2022-03-08 11:51:22,3.5,6.1,251,0.0,0.0,0,0.0,0.0,0,99526.00,0.00,0.00,199,14.21,2.76,0.00,2.7,4.998,4.998,4.998,4.998,64
2022-03-08 11:52:22,3.9,4.3,185,0.0,0.0,0,0.0,0.0,0,99711.00,0.00,0.00,199,14.21,2.77,0.00,2.7,4.998,4.998,4.998,4.998,221
2022-03-08 11:53:22,0.0,4.3,82,0.0,0.0,0,0.0,0.0,0,99793.00,0.00,0.00,200,14.29,2.78,0.00,2.7,4.998,4.998,4.998,4.998,149
2022-03-08 11:54:22,2.4,4.8,152,0.0,0.0,0,0.0,0.0,0,99945.00,0.00,0.00,185,14.21,2.57,0.00,3.2,4.998,4.998,4.998,4.998,30
2022-03-08 11:55:22,3.3,5.0,170,0.0,0.0,0,0.0,0.0,0,100115.00,0.00,0.00,186,14.21,2.58,0.00,3.2,4.998,4.998,4.998,4.998,69
2022-03-08 11:56:22,4.3,6.7,279,0.0,0.0,0,0.0,0.0,0,100394.00,0.00,0.00,139,14.25,1.93,0.00,2.7,4.998,4.998,4.998,4.998,221
2022-03-08 11:57:22,5.6,6.8,336,0.0,0.0,0,0.0,0.0,0,100730.00,0.00,0.00,160,14.21,2.23,0.00,2.2,4.998,4.998,4.998,4.998,210
2022-03-08 11:58:22,3.2,6.6,290,0.0,0.0,0,0.0,0.0,0,101020.00,0.00,0.00,160,14.25,2.22,0.00,2.2,4.998,4.998,4.998,4.998,187
2022-03-08 11:59:22,2.6,5.4,150,0.0,0.0,0,0.0,0.0,0,101170.00,0.00,0.00,219,14.21,3.04,0.00,2.7,4.998,4.998,4.998,4.998,11
2022-03-08 12:00:22,5.2,5.3,140,0.0,0.0,0,0.0,0.0,0,101310.00,0.00,0.00,197,14.21,2.74,0.00,2.7,4.998,4.998,4.998,4.998,216
2022-03-08 12:01:22,4.3,6.1,253,0.0,0.0,0,0.0,0.0,0,101563.00,0.00,0.00,141,14.21,1.96,0.00,2.7,4.998,4.998,4.998,4.998,8
2022-03-08 12:02:22,3.3,6.3,282,0.0,0.0,0,0.0,0.0,0,101845.00,0.00,0.00,167,14.21,2.32,0.00,2.7,4.998,4.998,4.998,4.998,138
2022-03-08 12:03:22,3.6,7.8,232,0.0,0.0,0,0.0,0.0,0,102077.00,0.00,0.00,127,14.25,1.76,0.00,2.7,4.998,4.998,4.998,4.998,179
2022-03-08 12:04:22,2.7,5.1,194,0.0,0.0,0,0.0,0.0,0,102271.00,0.00,0.00,129,14.21,1.80,0.00,2.7,4.998,4.998,4.998,4.998,60
2022-03-08 12:05:22,0.0,4.7,140,0.0,0.0,0,0.0,0.0,0,102411.00,0.00,0.00,180,14.21,2.50,0.00,2.7,4.998,4.998,4.998,4.998,138
2022-03-08 12:06:22,3.4,3.8,110,0.0,0.0,0,0.0,0.0,0,102521.00,0.00,0.00,200,14.21,2.77,0.00,2.7,4.998,4.998,4.998,4.998,13
2022-03-08 12:07:22,5.8,7.0,286,0.0,0.0,0,0.0,0.0,0,102807.00,0.00,0.00,176,14.21,2.45,0.00,2.7,4.998,4.998,4.998,4.998,177
2022-03-08 12:08:22,3.0,6.2,210,0.0,0.0,0,0.0,0.0,0,103017.00,0.00,0.00,195,14.21,2.71,0.00,2.7,4.998,4.998,4.998,4.998,85
2022-03-08 12:09:22,0.0,3.0,82,0.0,0.0,0,0.0,0.0,0,103099.00,0.00,0.00,196,14.21,2.72,0.00,3.2,4.998,4.998,4.998,4.998,4
2022-03-08 12:10:22,0.0,0.0,0,0.0,0.0,0,0.0,0.0,0,103099.00,0.00,0.00,196,14.21,2.72,0.00,2.7,4.998,4.998,4.998,4.998,127
2022-03-08 12:11:22,0.0,0.0,1,0.0,0.0,0,0.0,0.0,0,103100.00,0.00,0.00,196,14.21,2.72,0.00,3.2,4.998,4.998,4.998,4.998,2
2022-03-08 12:12:22,6.1,6.2,118,0.0,0.0,0,0.0,0.0,0,103218.00,0.00,0.00,137,14.21,1.90,0.00,3.2,4.998,4.998,4.998,4.998,219
2022-03-08 12:13:22,2.4,7.0,243,0.0,0.0,0,0.0,0.0,0,103461.00,0.00,0.00,161,14.21,2.23,0.00,2.7,4.998,4.998,4.998,4.998,232
2022-03-08 12:14:22,7.5,7.9,191,0.0,0.0,0,0.0,0.0,0,103652.00,0.00,0.00,226,14.21,3.13,0.00,2.7,4.998,4.998,4.998,4.998,5
2022-03-08 12:15:22,6.3,10.0,354,0.0,0.0,0,0.0,0.0,0,104006.00,0.00,0.00,178,14.21,2.47,0.00,3.2,4.998,4.998,4.998,4.998,214
2022-03-08 12:16:22,6.0,6.8,286,0.0,0.0,0,0.0,0.0,0,104292.00,0.00,0.00,174,14.21,2.42,0.00,2.7,4.998,4.998,4.998,4.998,26
2022-03-08 12:17:22,3.6,5.9,248,0.0,0.0,0,0.0,0.0,0,104540.00,0.00,0.00,181,14.21,2.51,0.00,3.2,4.998,4.998,4.998,4.998,76
2022-03-08 12:18:22,4.8,5.1,158,0.0,0.0,0,0.0,0.0,0,104698.00,0.00,0.00,162,14.21,2.25,0.00,3.2,4.998,4.998,4.998,4.998,180
2022-03-08 12:19:22,3.1,5.8,239,0.0,0.0,0,0.0,0.0,0,104937.00,0.00,0.00,155,14.25,2.16,0.00,2.7,4.998,4.998,4.998,4.998,139
2022-03-08 12:20:22,4.2,5.1,165,0.0,0.0,0,0.0,0.0,0,105102.00,0.00,0.00,203,14.21,2.83,0.00,3.2,4.998,4.998,4.998,4.998,205
2022-03-08 12:21:22,5.5,6.5,294,0.0,0.0,0,0.0,0.0,0,105396.00,0.00,0.00,185,14.21,2.57,0.00,3.2,4.998,4.998,4.998,4.998,146
2022-03-08 12:22:22,5.2,7.1,309,0.0,0.0,0,0.0,0.0,0,105705.00,0.00,0.00,177,14.21,2.46,0.00,3.2,4.998,4.998,4.998,4.998,101
2022-03-08 12:23:22,5.6,5.9,250,0.0,0.0,0,0.0,0.0,0,105955.00,0.00,0.00,195,14.21,2.70,0.00,3.2,4.998,4.998,4.998,4.998,130
2022-03-08 12:24:22,4.2,6.3,204,0.0,0.0,0,0.0,0.0,0,106159.00,0.00,0.00,195,14.21,2.70,0.00,3.2,4.998,4.998,4.998,4.998,82
2022-03-08 12:25:22,3.9,5.4,250,0.0,0.0,0,0.0,0.0,0,106409.00,0.00,0.00,203,14.21,2.82,0.00,3.2,4.998,4.998,4.998,4.998,50
2022-03-08 12:26:22,4.3,7.7,333,0.0,0.0,0,0.0,0.0,0,106742.00,0.00,0.00,210,14.21,2.92,0.00,3.2,4.998,4.998,4.998,4.998,195
2022-03-08 12:27:22,3.2,6.7,287,0.0,0.0,0,0.0,0.0,0,107029.00,0.00,0.00,183,14.25,2.55,0.00,3.2,4.998,4.998,4.998,4.998,99
2022-03-08 12:28:22,4.1,6.3,232,0.0,0.0,0,0.0,0.0,0,107261.00,0.00,0.00,194,14.25,2.70,0.00,3.2,4.998,4.998,4.998,4.998,41
2022-03-08 12:29:22,4.2,6.1,235,0.0,0.0,0,0.0,0.0,0,107496.00,0.00,0.00,187,14.21,2.59,0.00,3.7,4.998,4.998,4.998,4.998,231
2022-03-08 12:30:22,3.7,4.4,143,0.0,0.0,0,0.0,0.0,0,107639.00,0.00,0.00,200,14.21,2.77,0.00,3.7,4.998,4.998,4.998,4.998,115
2022-03-08 12:31:22,4.0,5.6,141,0.0,0.0,0,0.0,0.0,0,107780.00,0.00,0.00,253,14.25,3.52,0.00,3.7,4.998,4.998,4.998,4.998,58
2022-03-08 12:32:22,5.6,7.8,274,0.0,0.0,0,0.0,0.0,0,108054.00,0.00,0.00,216,14.25,3.01,0.00,4.1,4.998,4.998,4.998,4.998,178
2022-03-08 12:33:22,4.1,8.4,290,0.0,0.0,0,0.0,0.0,0,108344.00,0.00,0.00,157,14.21,2.18,0.00,4.1,4.998,4.998,4.998,4.998,37
2022-03-08 12:34:22,3.9,4.6,204,0.0,0.0,0,0.0,0.0,0,108548.00,0.00,0.00,156,14.21,2.17,0.00,3.7,4.998,4.998,4.998,4.998,219
2022-03-08 12:35:22,3.1,8.1,320,0.0,0.0,0,0.0,0.0,0,108868.00,0.00,0.00,158,14.21,2.19,0.00,3.2,4.998,4.998,4.998,4.998,9
2022-03-08 12:36:22,3.2,6.2,208,0.0,0.0,0,0.0,0.0,0,109076.00,0.00,0.00,216,14.21,3.00,0.00,3.2,4.998,4.998,4.998,4.998,85
2022-03-08 12:37:22,9.0,10.2,374,0.0,0.0,0,0.0,0.0,0,109450.00,0.00,0.00,185,14.29,2.57,0.00,4.1,4.998,4.998,4.998,4.998,41
2022-03-08 12:38:22,4.1,9.2,381,0.0,0.0,0,0.0,0.0,0,109831.00,0.00,0.00,172,14.25,2.40,0.00,3.7,4.998,4.998,4.998,4.998,234
2022-03-08 12:39:22,3.7,5.8,244,0.0,0.0,0,0.0,0.0,0,110075.00,0.00,0.00,200,14.21,2.78,0.00,3.7,4.998,4.998,4.998,4.998,135
2022-03-08 12:40:22,3.6,5.4,171,0.0,0.0,0,0.0,0.0,0,110246.00,0.00,0.00,168,14.21,2.34,0.00,4.1,4.998,4.998,4.998,4.998,126
2022-03-08 12:41:22,5.8,7.9,301,0.0,0.0,0,0.0,0.0,0,110547.00,0.00,0.00,220,14.25,3.06,0.00,4.1,4.998,4.998,4.998,4.998,146
2022-03-08 12:42:22,8.3,8.9,330,0.0,0.0,0,0.0,0.0,0,110877.00,0.00,0.00,172,14.25,2.39,0.00,4.1,4.998,4.998,4.998,4.998,247
2022-03-08 12:43:22,3.8,8.5,290,0.0,0.0,0,0.0,0.0,0,111167.00,0.00,0.00,162,14.21,2.26,0.00,3.7,4.998,4.998,4.998,4.998,91
2022-03-08 12:44:22,5.6,6.0,207,0.0,0.0,0,0.0,0.0,0,111374.00,0.00,0.00,197,14.17,2.74,0.00,4.1,4.998,4.998,4.998,4.998,251
2022-03-08 12:45:22,2.5,7.0,248,0.0,0.0,0,0.0,0.0,0,111622.00,0.00,0.00,181,14.17,2.52,0.00,4.1,4.998,4.998,4.998,4.998,253
2022-03-08 12:46:22,3.1,7.3,264,0.0,0.0,0,0.0,0.0,0,111886.00,0.00,0.00,160,14.17,2.23,0.00,4.1,4.998,4.998,4.998,4.998,60
2022-03-08 12:47:22,6.6,8.6,394,0.0,0.0,0,0.0,0.0,0,112280.00,0.00,0.00,184,14.21,2.55,0.00,3.7,4.998,4.998,4.998,4.998,84
2022-03-08 12:48:22,6.7,8.5,339,0.0,0.0,0,0.0,0.0,0,112619.00,0.00,0.00,185,14.17,2.57,0.00,4.1,4.998,4.998,4.998,4.998,73
2022-03-08 12:49:22,7.8,8.3,375,0.0,0.0,0,0.0,0.0,0,112994.00,0.00,0.00,170,14.21,2.37,0.00,4.1,4.998,4.998,4.998,4.998,226
2022-03-08 12:50:22,5.0,8.2,344,0.0,0.0,0,0.0,0.0,0,113338.00,0.00,0.00,213,14.17,2.96,0.00,4.1,4.998,4.998,4.998,4.998,138
2022-03-08 12:51:22,2.4,6.0,263,0.0,0.0,0,0.0,0.0,0,113601.00,0.00,0.00,110,14.17,1.53,0.00,4.1,4.998,4.998,4.998,4.998,244
2022-03-08 12:52:22,4.1,4.9,184,0.0,0.0,0,0.0,0.0,0,113785.00,0.00,0.00,175,14.17,2.43,0.00,4.1,4.998,4.998,4.998,4.998,177
2022-03-08 12:53:22,3.8,4.4,204,0.0,0.0,0,0.0,0.0,0,113989.00,0.00,0.00,77,14.17,1.07,0.00,4.6,4.998,4.998,4.998,4.998,149
2022-03-08 12:54:22,2.1,3.9,171,0.0,0.0,0,0.0,0.0,0,114160.00,0.00,0.00,110,14.17,1.52,0.00,4.1,4.998,4.998,4.998,4.998,14
2022-03-08 12:55:22,3.8,7.3,225,0.0,0.0,0,0.0,0.0,0,114385.00,0.00,0.00,174,14.17,2.42,0.00,4.1,4.998,4.998,4.998,4.998,162
2022-03-08 12:56:22,4.4,8.1,312,0.0,0.0,0,0.0,0.0,0,114697.00,0.00,0.00,164,14.21,2.29,0.00,4.1,4.998,4.998,4.998,4.998,31
2022-03-08 12:57:22,3.8,6.5,252,0.0,0.0,0,0.0,0.0,0,114949.00,0.00,0.00,149,14.21,2.07,0.00,4.1,4.998,4.998,4.998,4.998,203
2022-03-08 12:58:22,3.8,5.5,236,0.0,0.0,0,0.0,0.0,0,115185.00,0.00,0.00,132,14.17,1.84,0.00,4.1,4.998,4.998,4.998,4.998,242
2022-03-08 12:59:22,7.5,8.4,361,0.0,0.0,0,0.0,0.0,0,115546.00,0.00,0.00,150,14.21,2.08,0.00,4.1,4.998,4.998,4.998,4.998,167
2022-03-08 13:00:22,4.5,7.5,295,0.0,0.0,0,0.0,0.0,0,115841.00,0.00,0.00,193,14.17,2.69,0.00,4.1,4.998,4.998,4.998,4.998,237
2022-03-08 13:01:22,2.1,5.5,212,0.0,0.0,0,0.0,0.0,0,116053.00,0.00,0.00,152,14.17,2.12,0.00,4.1,4.998,4.998,4.998,4.998,173
2022-03-08 13:02:22,2.3,4.8,136,0.0,0.0,0,0.0,0.0,0,116189.00,0.00,0.00,150,14.17,2.08,0.00,4.6,4.998,4.998,4.998,4.998,22
2022-03-08 13:03:22,1.5,5.4,191,0.0,0.0,0,0.0,0.0,0,116380.00,0.00,0.00,123,14.17,1.70,0.00,4.1,4.998,4.998,4.998,4.998,211
2022-03-08 13:04:22,2.4,2.8,44,0.0,0.0,0,0.0,0.0,0,116424.00,0.00,0.00,123,14.17,1.71,0.00,4.6,4.998,4.998,4.998,4.998,60
2022-03-08 13:05:22,3.6,6.0,234,0.0,0.0,0,0.0,0.0,0,116658.00,0.00,0.00,193,14.21,2.69,0.00,4.6,4.998,4.998,4.998,4.998,30
2022-03-08 13:06:22,8.1,8.4,172,0.0,0.0,0,0.0,0.0,0,116830.00,0.00,0.00,208,14.17,2.89,0.00,5.1,4.998,4.998,4.998,4.998,242
2022-03-08 13:07:22,6.3,7.9,314,0.0,0.0,0,0.0,0.0,0,117144.00,0.00,0.00,176,14.17,2.44,0.00,4.6,4.998,4.998,4.998,4.998,119
2022-03-08 13:08:22,4.7,7.8,296,0.0,0.0,0,0.0,0.0,0,117440.00,0.00,0.00,189,14.17,2.62,0.00,4.1,4.998,4.998,4.998,4.998,191
2022-03-08 13:09:22,3.5,5.4,238,0.0,0.0,0,0.0,0.0,0,117678.00,0.00,0.00,188,14.17,2.61,0.00,4.6,4.998,4.998,4.998,4.998,108
2022-03-08 13:10:22,2.1,6.1,249,0.0,0.0,0,0.0,0.0,0,117927.00,0.00,0.00,182,14.14,2.52,0.00,4.6,4.998,4.998,4.998,4.998,93
2022-03-08 13:11:22,4.8,5.7,137,0.0,0.0,0,0.0,0.0,0,118064.00,0.00,0.00,162,14.17,2.25,0.00,4.1,4.998,4.998,4.998,4.998,104
2022-03-08 13:12:22,3.1,4.9,166,0.0,0.0,0,0.0,0.0,0,118230.00,0.00,0.00,162,14.17,2.25,0.00,4.1,4.998,4.998,4.998,4.998,242
2022-03-08 13:13:22,3.1,4.7,170,0.0,0.0,0,0.0,0.0,0,118400.00,0.00,0.00,138,14.21,1.92,0.00,4.1,4.998,4.998,4.998,4.998,10
2022-03-08 13:14:22,4.5,6.3,143,0.0,0.0,0,0.0,0.0,0,118543.00,0.00,0.00,131,14.17,1.82,0.00,4.1,4.998,4.998,4.998,4.998,99
2022-03-08 13:15:22,5.2,5.7,253,0.0,0.0,0,0.0,0.0,0,118796.00,0.00,0.00,167,14.17,2.32,0.00,4.6,4.998,4.998,4.998,4.998,28
2022-03-08 13:16:22,4.6,5.2,242,0.0,0.0,0,0.0,0.0,0,119038.00,0.00,0.00,134,14.17,1.87,0.00,4.1,4.998,4.998,4.998,4.998,39
2022-03-08 13:17:22,3.4,5.4,237,0.0,0.0,0,0.0,0.0,0,119275.00,0.00,0.00,126,14.17,1.75,0.00,4.1,4.998,4.998,4.998,4.998,60
2022-03-08 13:18:22,3.4,4.9,234,0.0,0.0,0,0.0,0.0,0,119509.00,0.00,0.00,163,14.17,2.27,0.00,4.6,4.998,4.998,4.998,4.998,112
2022-03-08 13:19:22,0.0,3.5,55,0.0,0.0,0,0.0,0.0,0,119564.00,0.00,0.00,163,14.17,2.27,0.00,4.6,4.998,4.998,4.998,4.998,19
2022-03-08 13:20:22,0.0,0.0,0,0.0,0.0,0,0.0,0.0,0,119564.00,0.00,0.00,163,14.17,2.27,0.00,5.1,4.998,4.998,4.998,4.998,25
2022-03-08 13:21:22,0.0,0.0,0,0.0,0.0,0,0.0,0.0,0,119564.00,0.00,0.00,163,14.21,2.27,0.00,5.6,4.998,4.998,4.998,4.998,103
2022-03-08 13:22:22,0.0,0.0,0,0.0,0.0,0,0.0,0.0,0,119564.00,0.00,0.00,163,14.17,2.27,0.00,6.1,4.998,4.998,4.998,4.998,15
2022-03-08 13:23:22,2.5,3.4,46,0.0,0.0,0,0.0,0.0,0,119610.00,0.00,0.00,162,14.17,2.25,0.00,6.1,4.998,4.998,4.998,4.998,163
2022-03-08 13:24:22,1.4,3.3,108,0.0,0.0,0,0.0,0.0,0,119718.00,0.00,0.00,117,14.17,1.63,0.00,5.1,4.998,4.998,4.998,4.998,48
2022-03-08 13:25:22,5.0,6.3,157,0.0,0.0,0,0.0,0.0,0,119875.00,0.00,0.00,95,14.17,1.32,0.00,5.1,4.998,4.998,4.998,4.998,235
2022-03-08 13:26:22,2.9,6.1,272,0.0,0.0,0,0.0,0.0,0,120147.00,0.00,0.00,110,14.17,1.53,0.00,5.1,4.998,4.998,4.998,4.998,112
2022-03-08 13:27:22,1.2,4.1,115,0.0,0.0,0,0.0,0.0,0,120262.00,0.00,0.00,110,14.17,1.53,0.00,5.1,4.998,4.998,4.998,4.998,180
2022-03-08 13:28:22,3.3,3.3,88,0.0,0.0,0,0.0,0.0,0,120350.00,0.00,0.00,145,14.14,2.02,0.00,5.1,4.998,4.998,4.998,4.998,112
2022-03-08 13:29:22,3.4,7.7,256,0.0,0.0,0,0.0,0.0,0,120606.00,0.00,0.00,285,14.17,3.96,0.00,5.6,4.998,4.998,4.998,4.998,206
2022-03-08 13:30:22,0.0,3.8,93,0.0,0.0,0,0.0,0.0,0,120699.00,0.00,0.00,285,14.17,3.96,0.00,5.1,4.998,4.998,4.998,4.998,102
2022-03-08 13:31:22,2.0,2.6,66,0.0,0.0,0,0.0,0.0,0,120765.00,0.00,0.00,285,14.17,3.96,0.00,5.6,4.998,4.998,4.998,4.998,72
2022-03-08 13:32:22,5.2,8.2,90,0.0,0.0,0,0.0,0.0,0,120855.00,0.00,0.00,294,14.17,4.09,0.00,6.1,4.998,4.998,4.998,4.998,188
2022-03-08 13:33:22,3.4,7.1,225,0.0,0.0,0,0.0,0.0,0,121080.00,0.00,0.00,276,14.17,3.84,0.00,5.1,4.998,4.998,4.998,4.998,46
2022-03-08 13:34:22,1.2,4.3,127,0.0,0.0,0,0.0,0.0,0,121207.00,0.00,0.00,256,14.17,3.55,0.00,5.1,4.998,4.998,4.998,4.998,202
2022-03-08 13:35:22,2.0,2.0,27,0.0,0.0,0,0.0,0.0,0,121234.00,0.00,0.00,256,14.17,3.55,0.00,5.6,4.998,4.998,4.998,4.998,228
2022-03-08 13:36:22,3.8,6.2,240,0.0,0.0,0,0.0,0.0,0,121474.00,0.00,0.00,228,14.17,3.17,0.00,5.6,4.998,4.998,4.998,4.998,127
2022-03-08 13:37:22,4.2,4.7,185,0.0,0.0,0,0.0,0.0,0,121659.00,0.00,0.00,219,14.17,3.04,0.00,5.6,4.998,4.998,4.998,4.998,50
2022-03-08 13:38:22,3.6,7.6,284,0.0,0.0,0,0.0,0.0,0,121943.00,0.00,0.00,243,14.14,3.37,0.00,5.6,4.998,4.998,4.998,4.998,180
2022-03-08 13:39:22,3.9,6.9,306,0.0,0.0,0,0.0,0.0,0,122249.00,0.00,0.00,222,14.17,3.09,0.00,5.1,4.998,4.998,4.998,4.998,100
2022-03-08 13:40:22,3.6,7.6,311,0.0,0.0,0,0.0,0.0,0,122560.00,0.00,0.00,229,14.17,3.18,0.00,5.1,4.998,4.998,4.998,4.998,228
2022-03-08 13:41:22,1.3,4.8,157,0.0,0.0,0,0.0,0.0,0,122717.00,0.00,0.00,235,14.17,3.27,0.00,6.1,4.998,4.998,4.998,4.998,56
2022-03-08 13:42:22,4.1,4.3,59,0.0,0.0,0,0.0,0.0,0,122776.00,0.00,0.00,235,14.17,3.27,0.00,6.6,4.998,4.998,4.998,4.998,205
2022-03-08 13:43:22,3.4,6.6,285,0.0,0.0,0,0.0,0.0,0,123061.00,0.00,0.00,236,14.17,3.29,0.00,5.6,4.998,4.998,4.998,4.998,67
2022-03-08 13:44:22,4.5,5.5,158,0.0,0.0,0,0.0,0.0,0,123219.00,0.00,0.00,248,14.21,3.44,0.00,5.6,4.998,4.998,4.998,4.998,51
2022-03-08 13:45:22,4.2,5.9,240,0.0,0.0,0,0.0,0.0,0,123459.00,0.00,0.00,249,14.14,3.46,0.00,5.6,4.998,4.998,4.998,4.998,8
2022-03-08 13:46:22,2.2,5.1,144,0.0,0.0,0,0.0,0.0,0,123603.00,0.00,0.00,238,14.10,3.31,0.00,6.1,4.998,4.998,4.998,4.998,154
2022-03-08 13:47:22,4.3,7.1,295,0.0,0.0,0,0.0,0.0,0,123898.00,0.00,0.00,300,14.10,4.17,0.00,5.6,4.998,4.998,4.998,4.998,189
2022-03-08 13:48:22,3.8,5.8,262,0.0,0.0,0,0.0,0.0,0,124160.00,0.00,0.00,282,14.10,3.92,0.00,5.1,4.998,4.998,4.998,4.998,5
2022-03-08 13:49:22,2.7,4.4,191,0.0,0.0,0,0.0,0.0,0,124351.00,0.00,0.00,303,14.17,4.20,0.00,5.6,4.998,4.998,4.998,4.998,217
2022-03-08 13:50:22,2.6,4.5,174,0.0,0.0,0,0.0,0.0,0,124525.00,0.00,0.00,301,14.10,4.19,0.00,6.1,4.998,4.998,4.998,4.998,123
2022-03-08 13:51:22,3.0,4.6,162,0.0,0.0,0,0.0,0.0,0,124687.00,0.00,0.00,323,14.10,4.49,0.00,6.1,4.998,4.998,4.998,4.998,48
2022-03-08 13:52:22,0.0,3.9,123,0.0,0.0,0,0.0,0.0,0,124810.00,0.00,0.00,324,14.10,4.50,0.00,5.6,4.998,4.998,4.998,4.998,48
2022-03-08 13:53:22,3.2,3.7,54,0.0,0.0,0,0.0,0.0,0,124864.00,0.00,0.00,322,14.14,4.47,0.00,6.1,4.998,4.998,4.998,4.998,36
2022-03-08 13:54:22,3.4,4.2,173,0.0,0.0,0,0.0,0.0,0,125037.00,0.00,0.00,309,14.17,4.29,0.00,5.6,4.998,4.998,4.998,4.998,186
2022-03-08 13:55:22,3.3,4.3,183,0.0,0.0,0,0.0,0.0,0,125220.00,0.00,0.00,302,14.14,4.19,0.00,6.1,4.998,4.998,4.998,4.998,247
2022-03-08 13:56:22,4.4,5.5,219,0.0,0.0,0,0.0,0.0,0,125439.00,0.00,0.00,179,14.10,2.49,0.00,6.1,4.998,4.998,4.998,4.998,104
2022-03-08 13:57:22,3.3,5.9,183,0.0,0.0,0,0.0,0.0,0,125622.00,0.00,0.00,127,14.14,1.77,0.00,5.6,4.998,4.998,4.998,4.998,127
2022-03-08 13:58:22,1.1,3.2,58,0.0,0.0,0,0.0,0.0,0,125680.00,0.00,0.00,126,14.10,1.75,0.00,6.6,4.998,4.998,4.998,4.998,206
2022-03-08 13:59:22,0.0,3.2,79,0.0,0.0,0,0.0,0.0,0,125759.00,0.00,0.00,86,14.14,1.19,0.00,6.6,4.998,4.998,4.998,4.998,243
2022-03-08 14:00:22,0.0,3.2,60,0.0,0.0,0,0.0,0.0,0,125819.00,0.00,0.00,105,14.14,1.46,0.00,6.6,4.998,4.998,4.998,4.998,19
2022-03-08 14:01:22,2.1,3.4,87,0.0,0.0,0,0.0,0.0,0,125906.00,0.00,0.00,105,14.10,1.46,0.00,6.6,4.998,4.998,4.998,4.998,181
2022-03-08 14:02:22,3.2,3.8,89,0.0,0.0,0,0.0,0.0,0,125995.00,0.00,0.00,184,14.10,2.55,0.00,7.1,4.998,4.998,4.998,4.998,204
2022-03-08 14:03:22,2.7,4.2,165,0.0,0.0,0,0.0,0.0,0,126160.00,0.00,0.00,189,14.10,2.63,0.00,6.6,4.998,4.998,4.998,4.998,94
2022-03-08 14:04:22,7.0,7.0,88,0.0,0.0,0,0.0,0.0,0,126248.00,0.00,0.00,259,14.14,3.60,0.00,6.6,4.998,4.998,4.998,4.998,215
2022-03-08 14:05:22,3.3,7.8,269,0.0,0.0,0,0.0,0.0,0,126517.00,0.00,0.00,282,14.10,3.92,0.00,6.1,4.998,4.998,4.998,4.998,105
2022-03-08 14:06:22,3.6,5.1,170,0.0,0.0,0,0.0,0.0,0,126687.00,0.00,0.00,317,14.10,4.41,0.00,6.1,4.998,4.998,4.998,4.998,162
2022-03-08 14:07:22,5.2,9.2,320,0.0,0.0,0,0.0,0.0,0,127007.00,0.00,0.00,204,14.10,2.83,0.00,5.6,4.998,4.998,4.998,4.998,96
2022-03-08 14:08:22,6.8,10.2,378,0.0,0.0,0,0.0,0.0,0,127385.00,0.00,0.00,191,14.10,2.66,0.00,6.1,4.998,4.998,4.998,4.998,77
2022-03-08 14:09:22,4.8,7.4,318,0.0,0.0,0,0.0,0.0,0,127703.00,0.00,0.00,188,14.14,2.62,0.00,6.1,4.998,4.998,4.998,4.998,26
2022-03-08 14:10:22,1.7,6.9,245,0.0,0.0,0,0.0,0.0,0,127948.00,0.00,0.00,188,14.10,2.61,0.00,6.1,4.998,4.998,4.998,4.998,83
2022-03-08 14:11:22,4.0,5.0,102,0.0,0.0,0,0.0,0.0,0,128050.00,0.00,0.00,207,14.10,2.88,0.00,6.6,4.998,4.998,4.998,4.998,168
2022-03-08 14:12:22,3.4,5.5,211,0.0,0.0,0,0.0,0.0,0,128261.00,0.00,0.00,216,14.17,3.00,0.00,6.6,4.998,4.998,4.998,4.998,249
2022-03-08 14:13:22,4.0,6.3,252,0.0,0.0,0,0.0,0.0,0,128513.00,0.00,0.00,191,14.14,2.66,0.00,6.6,4.998,4.998,4.998,4.998,202
2022-03-08 14:14:22,4.2,5.1,181,0.0,0.0,0,0.0,0.0,0,128694.00,0.00,0.00,198,14.10,2.75,0.00,6.6,4.998,4.998,4.998,4.998,226
2022-03-08 14:15:22,10.1,12.2,365,0.0,0.0,0,0.0,0.0,0,129059.00,0.00,0.00,228,14.10,3.16,0.00,6.1,4.998,4.998,4.998,4.998,127
2022-03-08 14:16:22,2.9,12.0,312,0.0,0.0,0,0.0,0.0,0,129371.00,0.00,0.00,235,14.10,3.27,0.00,6.1,4.998,4.998,4.998,4.998,92
2022-03-08 14:17:22,1.6,5.2,189,0.0,0.0,0,0.0,0.0,0,129560.00,0.00,0.00,234,14.14,3.25,0.00,6.1,4.998,4.998,4.998,4.998,162
2022-03-08 14:18:22,5.0,5.7,167,0.0,0.0,0,0.0,0.0,0,129727.00,0.00,0.00,254,14.10,3.54,0.00,6.1,4.998,4.998,4.998,4.998,18
2022-03-08 14:19:22,5.0,5.9,273,0.0,0.0,0,0.0,0.0,0,130000.00,0.00,0.00,262,14.10,3.65,0.00,5.6,4.998,4.998,4.998,4.998,68
2022-03-08 14:20:22,5.0,5.8,249,0.0,0.0,0,0.0,0.0,0,130249.00,0.00,0.00,245,14.10,3.41,0.00,5.6,4.998,4.998,4.998,4.998,8
2022-03-08 14:21:22,1.9,5.6,212,0.0,0.0,0,0.0,0.0,0,130461.00,0.00,0.00,246,14.14,3.41,0.00,6.1,4.998,4.998,4.998,4.998,47
2022-03-08 14:22:22,4.4,4.4,165,0.0,0.0,0,0.0,0.0,0,130626.00,0.00,0.00,342,14.10,4.76,0.00,6.1,4.998,4.998,4.998,4.998,163
2022-03-08 14:23:22,3.8,4.8,202,0.0,0.0,0,0.0,0.0,0,130828.00,0.00,0.00,316,14.17,4.38,0.00,6.1,4.998,4.998,4.998,4.998,230
2022-03-08 14:24:22,1.8,3.8,113,0.0,0.0,0,0.0,0.0,0,130941.00,0.00,0.00,316,14.10,4.38,0.00,6.1,4.998,4.998,4.998,4.998,34
2022-03-08 14:25:22,4.5,7.1,239,0.0,0.0,0,0.0,0.0,0,131180.00,0.00,0.00,207,14.10,2.88,0.00,6.6,4.998,4.998,4.998,4.998,153
2022-03-08 14:26:22,5.2,8.9,342,0.0,0.0,0,0.0,0.0,0,131522.00,0.00,0.00,236,14.17,3.28,0.00,5.6,4.998,4.998,4.998,4.998,162
2022-03-08 14:27:22,7.9,8.6,305,0.0,0.0,0,0.0,0.0,0,131827.00,0.00,0.00,239,14.10,3.32,0.00,6.1,4.998,4.998,4.998,4.998,111
2022-03-08 14:28:22,6.4,10.8,518,0.0,0.0,0,0.0,0.0,0,132345.00,0.00,0.00,242,14.10,3.37,0.00,5.1,4.998,4.998,4.998,4.998,8
2022-03-08 14:29:22,7.4,7.4,323,0.0,0.0,0,0.0,0.0,0,132668.00,0.00,0.00,211,14.10,2.93,0.00,5.6,4.998,4.998,4.998,4.998,59
2022-03-08 14:30:22,4.2,8.1,371,0.0,0.0,0,0.0,0.0,0,133039.00,0.00,0.00,230,14.10,3.20,0.00,5.6,4.998,4.998,4.998,4.998,239
2022-03-08 14:31:22,5.1,7.0,295,0.0,0.0,0,0.0,0.0,0,133334.00,0.00,0.00,213,14.17,2.95,0.00,6.1,4.998,4.998,4.998,4.998,167
2022-03-08 14:32:22,2.8,4.9,186,0.0,0.0,0,0.0,0.0,0,133520.00,0.00,0.00,220,14.14,3.06,0.00,6.1,4.998,4.998,4.998,4.998,39
2022-03-08 14:33:22,5.7,10.2,369,0.0,0.0,0,0.0,0.0,0,133889.00,0.00,0.00,296,14.10,4.12,0.00,5.6,4.998,4.998,4.998,4.998,105
2022-03-08 14:34:22,5.0,9.1,345,0.0,0.0,0,0.0,0.0,0,134234.00,0.00,0.00,264,14.14,3.66,0.00,6.1,4.998,4.998,4.998,4.998,73
2022-03-08 14:35:22,7.2,9.5,312,0.0,0.0,0,0.0,0.0,0,134546.00,0.00,0.00,250,14.10,3.47,0.00,6.1,4.998,4.998,4.998,4.998,131
2022-03-08 14:36:22,5.2,9.4,379,0.0,0.0,0,0.0,0.0,0,134925.00,0.00,0.00,235,14.10,3.26,0.00,5.6,4.998,4.998,4.998,4.998,23
2022-03-08 14:37:22,5.5,6.1,253,0.0,0.0,0,0.0,0.0,0,135178.00,0.00,0.00,239,14.10,3.32,0.00,5.6,4.998,4.998,4.998,4.998,253
2022-03-08 14:38:22,3.7,5.6,198,0.0,0.0,0,0.0,0.0,0,135376.00,0.00,0.00,264,14.14,3.67,0.00,6.1,4.998,4.998,4.998,4.998,55
2022-03-08 14:39:22,6.1,6.7,227,0.0,0.0,0,0.0,0.0,0,135603.00,0.00,0.00,290,14.10,4.03,0.00,6.6,4.998,4.998,4.998,4.998,40
2022-03-08 14:40:22,6.4,6.5,249,0.0,0.0,0,0.0,0.0,0,135852.00,0.00,0.00,312,14.10,4.34,0.00,6.6,4.998,4.998,4.998,4.998,161
2022-03-08 14:41:22,3.4,6.5,259,0.0,0.0,0,0.0,0.0,0,136111.00,0.00,0.00,304,14.14,4.22,0.00,6.1,4.998,4.998,4.998,4.998,68
2022-03-08 14:42:22,5.6,6.7,241,0.0,0.0,0,0.0,0.0,0,136352.00,0.00,0.00,278,14.17,3.86,0.00,6.1,4.998,4.998,4.998,4.998,71
2022-03-08 14:43:22,5.1,5.6,273,0.0,0.0,0,0.0,0.0,0,136625.00,0.00,0.00,264,14.10,3.66,0.00,6.1,4.998,4.998,4.998,4.998,88
2022-03-08 14:44:22,2.7,6.0,213,0.0,0.0,0,0.0,0.0,0,136838.00,0.00,0.00,245,14.10,3.40,0.00,6.1,4.998,4.998,4.998,4.998,173
2022-03-08 14:45:22,2.0,3.4,139,0.0,0.0,0,0.0,0.0,0,136977.00,0.00,0.00,245,14.10,3.40,0.00,6.6,4.998,4.998,4.998,4.998,51
2022-03-08 14:46:22,5.7,6.2,196,0.0,0.0,0,0.0,0.0,0,137173.00,0.00,0.00,287,14.10,3.99,0.00,6.6,4.998,4.998,4.998,4.998,168
2022-03-08 14:47:22,5.1,5.8,232,0.0,0.0,0,0.0,0.0,0,137405.00,0.00,0.00,274,14.10,3.81,0.00,6.6,4.998,4.998,4.998,4.998,202
2022-03-08 14:48:22,4.5,6.1,293,0.0,0.0,0,0.0,0.0,0,137698.00,0.00,0.00,301,14.14,4.18,0.00,6.6,4.998,4.998,4.998,4.998,84
2022-03-08 14:49:22,3.9,7.3,242,0.0,0.0,0,0.0,0.0,0,137940.00,0.00,0.00,310,14.10,4.31,0.00,6.1,4.998,4.998,4.998,4.998,96
2022-03-08 14:50:22,5.0,5.7,236,0.0,0.0,0,0.0,0.0,0,138176.00,0.00,0.00,258,14.10,3.58,0.00,6.6,4.998,4.998,4.998,4.998,176
2022-03-08 14:51:22,2.7,5.3,196,0.0,0.0,0,0.0,0.0,0,138372.00,0.00,0.00,263,14.14,3.66,0.00,6.6,4.998,4.998,4.998,4.998,189
2022-03-08 14:52:22,0.8,2.9,44,0.0,0.0,0,0.0,0.0,0,138416.00,0.00,0.00,263,14.10,3.66,0.00,7.1,4.998,4.998,4.998,4.998,72
2022-03-08 14:53:22,3.0,3.6,138,0.0,0.0,0,0.0,0.0,0,138554.00,0.00,0.00,263,14.10,3.66,0.00,7.1,4.998,4.998,4.998,4.998,235
2022-03-08 14:54:22,3.8,5.9,236,0.0,0.0,0,0.0,0.0,0,138790.00,0.00,0.00,255,14.10,3.54,0.00,6.6,4.998,4.998,4.998,4.998,142
2022-03-08 14:55:22,4.4,6.7,147,0.0,0.0,0,0.0,0.0,0,138937.00,0.00,0.00,211,14.14,2.94,0.00,6.6,4.998,4.998,4.998,4.998,167
2022-03-08 14:56:22,5.0,6.1,211,0.0,0.0,0,0.0,0.0,0,139148.00,0.00,0.00,149,14.10,2.07,0.00,6.6,4.998,4.998,4.998,4.998,24
2022-03-08 14:57:22,6.1,8.1,424,0.0,0.0,0,0.0,0.0,0,139572.00,0.00,0.00,237,14.10,3.30,0.00,5.6,4.998,4.998,4.998,4.998,95
2022-03-08 14:58:22,1.7,6.5,231,0.0,0.0,0,0.0,0.0,0,139803.00,0.00,0.00,202,14.10,2.81,0.00,6.1,4.998,4.998,4.998,4.998,41
2022-03-08 14:59:22,4.6,5.7,206,0.0,0.0,0,0.0,0.0,0,140009.00,0.00,0.00,252,14.10,3.50,0.00,6.1,4.998,4.998,4.998,4.998,15
2022-03-08 15:00:22,5.4,6.6,289,0.0,0.0,0,0.0,0.0,0,140298.00,0.00,0.00,240,14.10,3.33,0.00,6.1,4.998,4.998,4.998,4.998,244
2022-03-08 15:01:22,4.2,6.6,281,0.0,0.0,0,0.0,0.0,0,140579.00,0.00,0.00,225,14.17,3.13,0.00,6.6,4.998,4.998,4.998,4.998,65
2022-03-08 15:02:22,3.0,7.4,274,0.0,0.0,0,0.0,0.0,0,140853.00,0.00,0.00,218,14.10,3.03,0.00,6.6,4.998,4.998,4.998,4.998,152
2022-03-08 15:03:22,3.4,6.3,172,0.0,0.0,0,0.0,0.0,0,141025.00,0.00,0.00,201,14.14,2.79,0.00,6.6,4.998,4.998,4.998,4.998,202
2022-03-08 15:04:22,3.3,7.9,276,0.0,0.0,0,0.0,0.0,0,141301.00,0.00,0.00,216,14.10,3.01,0.00,6.1,4.998,4.998,4.998,4.998,62
2022-03-08 15:05:22,3.4,10.5,366,0.0,0.0,0,0.0,0.0,0,141667.00,0.00,0.00,220,14.14,3.06,0.00,6.1,4.998,4.998,4.998,4.998,239
2022-03-08 15:06:22,4.8,5.9,229,0.0,0.0,0,0.0,0.0,0,141896.00,0.00,0.00,238,14.10,3.30,0.00,6.1,4.998,4.998,4.998,4.998,60
2022-03-08 15:07:22,6.3,6.4,224,0.0,0.0,0,0.0,0.0,0,142120.00,0.00,0.00,208,14.10,2.90,0.00,6.6,4.998,4.998,4.998,4.998,238
2022-03-08 15:08:22,5.7,9.1,343,0.0,0.0,0,0.0,0.0,0,142463.00,0.00,0.00,238,14.10,3.31,0.00,6.1,4.998,4.998,4.998,4.998,179
2022-03-08 15:09:22,6.1,7.4,358,0.0,0.0,0,0.0,0.0,0,142821.00,0.00,0.00,217,14.10,3.02,0.00,6.1,4.998,4.998,4.998,4.998,39
2022-03-08 15:10:22,5.2,11.4,441,0.0,0.0,0,0.0,0.0,0,143262.00,0.00,0.00,227,14.10,3.16,0.00,6.1,4.998,4.998,4.998,4.998,60
2022-03-08 15:11:22,7.7,9.9,437,0.0,0.0,0,0.0,0.0,0,143699.00,0.00,0.00,203,14.10,2.82,0.00,5.6,4.998,4.998,4.998,4.998,217
2022-03-08 15:12:22,6.0,8.4,378,0.0,0.0,0,0.0,0.0,0,144077.00,0.00,0.00,194,14.10,2.69,0.00,5.6,4.998,4.998,4.998,4.998,107
2022-03-08 15:13:22,4.9,10.7,468,0.0,0.0,0,0.0,0.0,0,144545.00,0.00,0.00,194,14.10,2.70,0.00,6.1,4.998,4.998,4.998,4.998,202
2022-03-08 15:14:22,3.6,6.8,224,0.0,0.0,0,0.0,0.0,0,144769.00,0.00,0.00,210,14.10,2.92,0.00,6.1,4.998,4.998,4.998,4.998,237
2022-03-08 15:15:22,7.3,9.9,316,0.0,0.0,0,0.0,0.0,0,145085.00,0.00,0.00,206,14.14,2.87,0.00,6.1,4.998,4.998,4.998,4.998,137
2022-03-08 15:16:22,5.9,12.4,468,0.0,0.0,0,0.0,0.0,0,145553.00,0.00,0.00,238,14.10,3.31,0.00,5.6,4.998,4.998,4.998,4.998,0
2022-03-08 15:17:22,6.9,8.6,323,0.0,0.0,0,0.0,0.0,0,145876.00,0.00,0.00,210,14.10,2.92,0.00,6.1,4.998,4.998,4.998,4.998,255
2022-03-08 15:18:22,3.1,7.7,275,0.0,0.0,0,0.0,0.0,0,146151.00,0.00,0.00,196,14.10,2.73,0.00,6.1,4.998,4.998,4.998,4.998,63
2022-03-08 15:19:22,4.2,6.4,290,0.0,0.0,0,0.0,0.0,0,146441.00,0.00,0.00,249,14.10,3.47,0.00,6.1,4.998,4.998,4.998,4.998,156
2022-03-08 15:20:22,11.3,11.5,321,0.0,0.0,0,0.0,0.0,0,146762.00,0.00,0.00,265,14.10,3.68,0.00,6.1,4.998,4.998,4.998,4.998,188
2022-03-08 15:21:22,5.7,11.3,383,0.0,0.0,0,0.0,0.0,0,147145.00,0.00,0.00,215,14.14,2.98,0.00,6.1,4.998,4.998,4.998,4.998,198
2022-03-08 15:22:22,6.9,12.2,504,0.0,0.0,0,0.0,0.0,0,147649.00,0.00,0.00,214,14.10,2.97,0.00,6.1,4.998,4.998,4.998,4.998,244
2022-03-08 15:23:22,10.1,11.0,479,0.0,0.0,0,0.0,0.0,0,148128.00,0.00,0.00,211,14.10,2.93,0.00,5.6,4.998,4.998,4.998,4.998,212
2022-03-08 15:24:22,12.9,13.7,592,0.0,0.0,0,0.0,0.0,0,148720.00,0.00,0.00,260,14.10,3.61,0.00,5.6,4.998,4.998,4.998,4.998,247
2022-03-08 15:25:22,7.1,14.7,467,0.0,0.0,0,0.0,0.0,0,149187.00,0.00,0.00,217,14.14,3.02,0.00,5.6,4.998,4.998,4.998,4.998,214
2022-03-08 15:26:22,4.9,11.1,430,0.0,0.0,0,0.0,0.0,0,149617.00,0.00,0.00,215,14.10,2.99,0.00,6.1,4.998,4.998,4.998,4.998,205
2022-03-08 15:27:22,2.1,5.3,206,0.0,0.0,0,0.0,0.0,0,149823.00,0.00,0.00,233,14.10,3.24,0.00,6.1,4.998,4.998,4.998,4.998,9
2022-03-08 15:28:22,3.2,6.3,224,0.0,0.0,0,0.0,0.0,0,150047.00,0.00,0.00,230,14.10,3.20,0.00,6.6,4.998,4.998,4.998,4.998,222
2022-03-08 15:29:22,11.2,12.3,476,0.0,0.0,0,0.0,0.0,0,150523.00,0.00,0.00,238,14.14,3.30,0.00,6.1,4.998,4.998,4.998,4.998,140
2022-03-08 15:30:22,5.9,12.9,414,0.0,0.0,0,0.0,0.0,0,150937.00,0.00,0.00,235,14.14,3.27,0.00,6.1,4.998,4.998,4.998,4.998,143
2022-03-08 15:31:22,7.3,10.3,411,0.0,0.0,0,0.0,0.0,0,151348.00,0.00,0.00,258,14.10,3.58,0.00,5.6,4.998,4.998,4.998,4.998,3
2022-03-08 15:32:22,5.6,11.7,520,0.0,0.0,0,0.0,0.0,0,151868.00,0.00,0.00,255,14.14,3.54,0.00,6.1,4.998,4.998,4.998,4.998,238
2022-03-08 15:33:22,10.2,12.2,347,0.0,0.0,0,0.0,0.0,0,152215.00,0.00,0.00,280,14.14,3.89,0.00,6.1,4.998,4.998,4.998,4.998,239
2022-03-08 15:34:22,5.8,12.2,553,0.0,0.0,0,0.0,0.0,0,152768.00,0.00,0.00,227,14.10,3.16,0.00,6.1,4.998,4.998,4.998,4.998,247
2022-03-08 15:35:22,7.4,11.7,474,0.0,0.0,0,0.0,0.0,0,153242.00,0.00,0.00,266,14.10,3.69,0.00,5.6,4.998,4.998,4.998,4.998,237
2022-03-08 15:36:22,6.0,8.2,395,0.0,0.0,0,0.0,0.0,0,153637.00,0.00,0.00,209,14.10,2.90,0.00,6.1,4.998,4.998,4.998,4.998,90
2022-03-08 15:37:22,4.8,6.6,273,0.0,0.0,0,0.0,0.0,0,153910.00,0.00,0.00,209,14.10,2.90,0.00,5.6,4.998,4.998,4.998,4.998,243
2022-03-08 15:38:22,7.1,8.5,297,0.0,0.0,0,0.0,0.0,0,154207.00,0.00,0.00,260,14.10,3.61,0.00,6.1,4.998,4.998,4.998,4.998,172
2022-03-08 15:39:22,5.9,9.2,317,0.0,0.0,0,0.0,0.0,0,154524.00,0.00,0.00,223,14.10,3.10,0.00,5.6,4.998,4.998,4.998,4.998,128
2022-03-08 15:40:22,7.0,11.8,417,0.0,0.0,0,0.0,0.0,0,154941.00,0.00,0.00,202,14.10,2.81,0.00,5.6,4.998,4.998,4.998,4.998,165
2022-03-08 15:41:22,4.9,9.8,415,0.0,0.0,0,0.0,0.0,0,155356.00,0.00,0.00,223,14.10,3.10,0.00,5.6,4.998,4.998,4.998,4.998,13
2022-03-08 15:42:22,6.4,6.8,289,0.0,0.0,0,0.0,0.0,0,155645.00,0.00,0.00,236,14.10,3.29,0.00,5.6,4.998,4.998,4.998,4.998,97
2022-03-08 15:43:22,5.2,10.1,467,0.0,0.0,0,0.0,0.0,0,156112.00,0.00,0.00,263,14.10,3.65,0.00,5.6,4.998,4.998,4.998,4.998,15
2022-03-08 15:44:22,7.2,9.2,372,0.0,0.0,0,0.0,0.0,0,156484.00,0.00,0.00,247,14.14,3.43,0.00,5.6,4.998,4.998,4.998,4.998,224
2022-03-08 15:45:22,6.5,11.3,515,0.0,0.0,0,0.0,0.0,0,156999.00,0.00,0.00,244,14.10,3.39,0.00,5.1,4.998,4.998,4.998,4.998,246
2022-03-08 15:46:22,6.8,7.7,375,0.0,0.0,0,0.0,0.0,0,157374.00,0.00,0.00,240,14.10,3.34,0.00,5.6,4.998,4.998,4.998,4.998,229
2022-03-08 15:47:22,3.3,9.3,366,0.0,0.0,0,0.0,0.0,0,157740.00,0.00,0.00,190,14.10,2.65,0.00,5.6,4.998,4.998,4.998,4.998,182
2022-03-08 15:48:22,6.6,8.8,348,0.0,0.0,0,0.0,0.0,0,158088.00,0.00,0.00,180,14.10,2.50,0.00,5.6,4.998,4.998,4.998,4.998,142
2022-03-08 15:49:22,3.7,7.1,292,0.0,0.0,0,0.0,0.0,0,158380.00,0.00,0.00,164,14.14,2.29,0.00,5.6,4.998,4.998,4.998,4.998,188
2022-03-08 15:50:22,6.0,7.6,284,0.0,0.0,0,0.0,0.0,0,158664.00,0.00,0.00,212,14.14,2.94,0.00,5.1,4.998,4.998,4.998,4.998,127
2022-03-08 15:51:22,4.3,6.1,242,0.0,0.0,0,0.0,0.0,0,158906.00,0.00,0.00,205,14.10,2.85,0.00,5.1,4.998,4.998,4.998,4.998,91
2022-03-08 15:52:22,7.2,10.5,402,0.0,0.0,0,0.0,0.0,0,159308.00,0.00,0.00,205,14.14,2.85,0.00,5.1,4.998,4.998,4.998,4.998,46
2022-03-08 15:53:22,5.7,9.3,366,0.0,0.0,0,0.0,0.0,0,159674.00,0.00,0.00,231,14.14,3.21,0.00,5.1,4.998,4.998,4.998,4.998,11
2022-03-08 15:54:22,5.5,9.6,417,0.0,0.0,0,0.0,0.0,0,160091.00,0.00,0.00,213,14.10,2.96,0.00,5.1,4.998,4.998,4.998,4.998,88
2022-03-08 15:55:22,3.8,8.6,314,0.0,0.0,0,0.0,0.0,0,160405.00,0.00,0.00,242,14.10,3.36,0.00,5.1,4.998,4.998,4.998,4.998,16
2022-03-08 15:56:22,9.0,9.6,231,0.0,0.0,0,0.0,0.0,0,160636.00,0.00,0.00,228,14.14,3.17,0.00,5.1,4.998,4.998,4.998,4.998,38
2022-03-08 15:57:22,5.4,12.2,496,0.0,0.0,0,0.0,0.0,0,161132.00,0.00,0.00,235,14.14,3.26,0.00,4.6,4.998,4.998,4.998,4.998,200
2022-03-08 15:58:22,6.1,6.4,236,0.0,0.0,0,0.0,0.0,0,161368.00,0.00,0.00,222,14.17,3.09,0.00,5.1,4.998,4.998,4.998,4.998,211
2022-03-08 15:59:22,5.5,6.8,241,0.0,0.0,0,0.0,0.0,0,161609.00,0.00,0.00,287,14.17,3.98,0.00,5.1,4.998,4.998,4.998,4.998,88
2022-03-08 16:00:22,5.2,6.2,270,0.0,0.0,0,0.0,0.0,0,161879.00,0.00,0.00,184,14.14,2.56,0.00,5.1,4.998,4.998,4.998,4.998,88
2022-03-08 16:01:22,4.5,5.8,195,0.0,0.0,0,0.0,0.0,0,162074.00,0.00,0.00,210,14.14,2.92,0.00,5.1,4.998,4.998,4.998,4.998,206
2022-03-08 16:02:22,6.4,8.9,331,0.0,0.0,0,0.0,0.0,0,162405.00,0.00,0.00,216,14.17,3.01,0.00,5.1,4.998,4.998,4.998,4.998,84
2022-03-08 16:03:22,8.4,14.2,500,0.0,0.0,0,0.0,0.0,0,162905.00,0.00,0.00,239,14.17,3.33,0.00,4.6,4.998,4.998,4.998,4.998,133
2022-03-08 16:04:22,8.8,12.2,551,0.0,0.0,0,0.0,0.0,0,163456.00,0.00,0.00,246,14.14,3.42,0.00,4.6,4.998,4.998,4.998,4.998,60
2022-03-08 16:05:22,5.3,9.6,464,0.0,0.0,0,0.0,0.0,0,163920.00,0.00,0.00,218,14.14,3.03,0.00,4.6,4.998,4.998,4.998,4.998,132
2022-03-08 16:06:22,6.0,13.6,504,0.0,0.0,0,0.0,0.0,0,164424.00,0.00,0.00,221,14.17,3.07,0.00,4.6,4.998,4.998,4.998,4.998,189
2022-03-08 16:07:22,4.2,8.8,391,0.0,0.0,0,0.0,0.0,0,164815.00,0.00,0.00,219,14.14,3.04,0.00,4.6,4.998,4.998,4.998,4.998,238
2022-03-08 16:08:22,4.9,6.1,257,0.0,0.0,0,0.0,0.0,0,165072.00,0.00,0.00,230,14.14,3.20,0.00,4.6,4.998,4.998,4.998,4.998,122
2022-03-08 16:09:22,3.0,6.1,252,0.0,0.0,0,0.0,0.0,0,165324.00,0.00,0.00,225,14.14,3.12,0.00,4.6,4.998,4.998,4.998,4.998,19
2022-03-08 16:10:22,3.4,8.1,287,0.0,0.0,0,0.0,0.0,0,165611.00,0.00,0.00,204,14.17,2.84,0.00,4.6,4.998,4.998,4.998,4.998,90
2022-03-08 16:11:22,2.6,3.8,123,0.0,0.0,0,0.0,0.0,0,165734.00,0.00,0.00,220,14.17,3.06,0.00,4.6,4.998,4.998,4.998,4.998,65
2022-03-08 16:12:22,4.4,4.6,169,0.0,0.0,0,0.0,0.0,0,165903.00,0.00,0.00,231,14.17,3.21,0.00,4.6,4.998,4.998,4.998,4.998,139
2022-03-08 16:13:22,6.8,7.7,287,0.0,0.0,0,0.0,0.0,0,166190.00,0.00,0.00,215,14.17,2.99,0.00,4.6,4.998,4.998,4.998,4.998,179
2022-03-08 16:14:22,8.4,9.9,379,0.0,0.0,0,0.0,0.0,0,166569.00,0.00,0.00,253,14.14,3.52,0.00,5.1,4.998,4.998,4.998,4.998,118
2022-03-08 16:15:22,5.4,9.7,374,0.0,0.0,0,0.0,0.0,0,166943.00,0.00,0.00,270,14.17,3.75,0.00,4.6,4.998,4.998,4.998,4.998,218
2022-03-08 16:16:22,3.8,6.7,269,0.0,0.0,0,0.0,0.0,0,167212.00,0.00,0.00,200,14.17,2.78,0.00,4.6,4.998,4.998,4.998,4.998,58
2022-03-08 16:17:22,6.4,8.0,323,0.0,0.0,0,0.0,0.0,0,167535.00,0.00,0.00,270,14.17,3.75,0.00,4.6,4.998,4.998,4.998,4.998,134
2022-03-08 16:18:22,2.0,10.3,362,0.0,0.0,0,0.0,0.0,0,167897.00,0.00,0.00,232,14.14,3.23,0.00,4.6,4.998,4.998,4.998,4.998,127
2022-03-08 16:19:22,4.0,8.8,286,0.0,0.0,0,0.0,0.0,0,168183.00,0.00,0.00,235,14.14,3.27,0.00,4.6,4.998,4.998,4.998,4.998,252
2022-03-08 16:20:22,2.3,5.2,228,0.0,0.0,0,0.0,0.0,0,168411.00,0.00,0.00,210,14.17,2.91,0.00,4.6,4.998,4.998,4.998,4.998,221
2022-03-08 16:21:22,4.2,4.8,158,0.0,0.0,0,0.0,0.0,0,168569.00,0.00,0.00,201,14.17,2.80,0.00,4.6,4.998,4.998,4.998,4.998,162
2022-03-08 16:22:22,6.1,11.9,358,0.0,0.0,0,0.0,0.0,0,168927.00,0.00,0.00,194,14.17,2.70,0.00,4.6,4.998,4.998,4.998,4.998,157
2022-03-08 16:23:22,6.7,10.0,411,0.0,0.0,0,0.0,0.0,0,169338.00,0.00,0.00,232,14.14,3.22,0.00,4.6,4.998,4.998,4.998,4.998,73
2022-03-08 16:24:22,4.5,6.9,294,0.0,0.0,0,0.0,0.0,0,169632.00,0.00,0.00,207,14.14,2.88,0.00,5.1,4.998,4.998,4.998,4.998,91
2022-03-08 16:25:22,4.3,6.5,259,0.0,0.0,0,0.0,0.0,0,169891.00,0.00,0.00,222,14.17,3.08,0.00,5.1,4.998,4.998,4.998,4.998,251
2022-03-08 16:26:22,4.7,7.3,275,0.0,0.0,0,0.0,0.0,0,170166.00,0.00,0.00,205,14.17,2.85,0.00,4.6,4.998,4.998,4.998,4.998,21
2022-03-08 16:27:22,4.8,6.5,286,0.0,0.0,0,0.0,0.0,0,170452.00,0.00,0.00,215,14.14,2.99,0.00,5.1,4.998,4.998,4.998,4.998,30
2022-03-08 16:28:22,10.1,10.1,310,0.0,0.0,0,0.0,0.0,0,170762.00,0.00,0.00,226,14.17,3.14,0.00,4.6,4.998,4.998,4.998,4.998,63
2022-03-08 16:29:22,7.5,13.3,522,0.0,0.0,0,0.0,0.0,0,171284.00,0.00,0.00,245,14.17,3.40,0.00,5.1,4.998,4.998,4.998,4.998,14
2022-03-08 16:30:22,7.8,12.4,504,0.0,0.0,0,0.0,0.0,0,171788.00,0.00,0.00,202,14.17,2.81,0.00,4.6,4.998,4.998,4.998,4.998,184
2022-03-08 16:31:22,5.6,11.5,429,0.0,0.0,0,0.0,0.0,0,172217.00,0.00,0.00,216,14.17,3.00,0.00,4.6,4.998,4.998,4.998,4.998,225
2022-03-08 16:32:22,6.0,13.5,546,0.0,0.0,0,0.0,0.0,0,172763.00,0.00,0.00,207,14.17,2.87,0.00,4.6,4.998,4.998,4.998,4.998,4
2022-03-08 16:33:22,9.4,12.1,579,0.0,0.0,0,0.0,0.0,0,173342.00,0.00,0.00,197,14.17,2.74,0.00,4.6,4.998,4.998,4.998,4.998,162
2022-03-08 16:34:22,9.7,10.6,447,0.0,0.0,0,0.0,0.0,0,173789.00,0.00,0.00,187,14.17,2.60,0.00,4.6,4.998,4.998,4.998,4.998,49
2022-03-08 16:35:22,5.7,10.5,428,0.0,0.0,0,0.0,0.0,0,174217.00,0.00,0.00,158,14.17,2.20,0.00,4.6,4.998,4.998,4.998,4.998,99
2022-03-08 16:36:22,4.9,10.1,441,0.0,0.0,0,0.0,0.0,0,174658.00,0.00,0.00,179,14.17,2.49,0.00,4.6,4.998,4.998,4.998,4.998,76
2022-03-08 16:37:22,7.7,7.7,264,0.0,0.0,0,0.0,0.0,0,174922.00,0.00,0.00,170,14.17,2.37,0.00,4.6,4.998,4.998,4.998,4.998,88
2022-03-08 16:38:22,5.6,8.2,362,0.0,0.0,0,0.0,0.0,0,175284.00,0.00,0.00,187,14.17,2.60,0.00,4.6,4.998,4.998,4.998,4.998,45
2022-03-08 16:39:22,5.9,10.0,447,0.0,0.0,0,0.0,0.0,0,175731.00,0.00,0.00,188,14.17,2.61,0.00,4.6,4.998,4.998,4.998,4.998,111
2022-03-08 16:40:22,3.3,8.1,348,0.0,0.0,0,0.0,0.0,0,176079.00,0.00,0.00,209,14.14,2.91,0.00,4.6,4.998,4.998,4.998,4.998,77
2022-03-08 16:41:22,7.9,8.6,284,0.0,0.0,0,0.0,0.0,0,176363.00,0.00,0.00,192,14.17,2.67,0.00,4.6,4.998,4.998,4.998,4.998,153
2022-03-08 16:42:22,11.4,12.5,439,0.0,0.0,0,0.0,0.0,0,176802.00,0.00,0.00,164,14.17,2.29,0.00,4.6,4.998,4.998,4.998,4.998,74
2022-03-08 16:43:22,5.8,11.2,439,0.0,0.0,0,0.0,0.0,0,177241.00,0.00,0.00,194,14.14,2.69,0.00,4.6,4.998,4.998,4.998,4.998,20
2022-03-08 16:44:22,7.3,10.5,402,0.0,0.0,0,0.0,0.0,0,177643.00,0.00,0.00,189,14.17,2.63,0.00,4.6,4.998,4.998,4.998,4.998,204
2022-03-08 16:45:22,10.0,12.6,494,0.0,0.0,0,0.0,0.0,0,178137.00,0.00,0.00,176,14.17,2.45,0.00,4.6,4.998,4.998,4.998,4.998,175
2022-03-08 16:46:22,11.2,12.6,620,0.0,0.0,0,0.0,0.0,0,178757.00,0.00,0.00,202,14.17,2.80,0.00,4.6,4.998,4.998,4.998,4.998,59
2022-03-08 16:47:22,6.1,11.6,467,0.0,0.0,0,0.0,0.0,0,179224.00,0.00,0.00,215,14.17,2.99,0.00,4.6,4.998,4.998,4.998,4.998,163
2022-03-08 16:48:22,10.6,13.8,613,0.0,0.0,0,0.0,0.0,0,179837.00,0.00,0.00,195,14.17,2.71,0.00,4.6,4.998,4.998,4.998,4.998,247
2022-03-08 16:49:22,5.7,13.3,593,0.0,0.0,0,0.0,0.0,0,180430.00,0.00,0.00,211,14.17,2.94,0.00,4.1,4.998,4.998,4.998,4.998,220
2022-03-08 16:50:22,3.7,9.7,401,0.0,0.0,0,0.0,0.0,0,180831.00,0.00,0.00,206,14.17,2.86,0.00,4.1,4.998,4.998,4.998,4.998,82
2022-03-08 16:51:22,5.9,10.4,417,0.0,0.0,0,0.0,0.0,0,181248.00,0.00,0.00,190,14.17,2.64,0.00,4.6,4.998,4.998,4.998,4.998,178
2022-03-08 16:52:22,3.2,7.6,289,0.0,0.0,0,0.0,0.0,0,181537.00,0.00,0.00,217,14.17,3.01,0.00,4.6,4.998,4.998,4.998,4.998,197
2022-03-08 16:53:22,2.6,7.5,341,0.0,0.0,0,0.0,0.0,0,181878.00,0.00,0.00,265,14.14,3.68,0.00,4.6,4.998,4.998,4.998,4.998,194
2022-03-08 16:54:22,7.6,12.7,524,0.0,0.0,0,0.0,0.0,0,182402.00,0.00,0.00,207,14.17,2.88,0.00,4.1,4.998,4.998,4.998,4.998,146
2022-03-08 16:55:22,8.1,11.9,502,0.0,0.0,0,0.0,0.0,0,182904.00,0.00,0.00,200,14.17,2.78,0.00,4.6,4.998,4.998,4.998,4.998,51
2022-03-08 16:56:22,10.3,13.9,522,0.0,0.0,0,0.0,0.0,0,183426.00,0.00,0.00,169,14.17,2.35,0.00,4.6,4.998,4.998,4.998,4.998,22
2022-03-08 16:57:22,11.1,16.5,618,0.0,0.0,0,0.0,0.0,0,184044.00,0.00,0.00,211,14.14,2.94,0.00,4.6,4.998,4.998,4.998,4.998,99
2022-03-08 16:58:22,5.1,13.9,615,0.0,0.0,0,0.0,0.0,0,184659.00,0.00,0.00,215,14.17,2.99,0.00,4.1,4.998,4.998,4.998,4.998,222
2022-03-08 16:59:22,9.0,10.7,472,0.0,0.0,0,0.0,0.0,0,185131.00,0.00,0.00,223,14.14,3.11,0.00,4.1,4.998,4.998,4.998,4.998,117
2022-03-08 17:00:22,7.0,10.6,454,0.0,0.0,0,0.0,0.0,0,185585.00,0.00,0.00,191,14.17,2.66,0.00,4.1,4.998,4.998,4.998,4.998,11
2022-03-08 17:01:22,6.5,7.4,292,0.0,0.0,0,0.0,0.0,0,185877.00,0.00,0.00,204,14.17,2.84,0.00,4.1,4.998,4.998,4.998,4.998,57
2022-03-08 17:02:22,6.2,8.5,359,0.0,0.0,0,0.0,0.0,0,186236.00,0.00,0.00,210,14.17,2.92,0.00,4.1,4.998,4.998,4.998,4.998,107
2022-03-08 17:03:22,9.3,11.0,421,0.0,0.0,0,0.0,0.0,0,186657.00,0.00,0.00,198,14.17,2.76,0.00,4.1,4.998,4.998,4.998,4.998,8
2022-03-08 17:04:22,4.9,11.3,510,0.0,0.0,0,0.0,0.0,0,187167.00,0.00,0.00,186,14.17,2.58,0.00,4.1,4.998,4.998,4.998,4.998,38
2022-03-08 17:05:22,3.9,9.1,348,0.0,0.0,0,0.0,0.0,0,187515.00,0.00,0.00,189,14.17,2.63,0.00,4.1,4.998,4.998,4.998,4.998,110
2022-03-08 17:06:22,11.6,13.1,296,0.0,0.0,0,0.0,0.0,0,187811.00,0.00,0.00,246,14.17,3.42,0.00,4.1,4.998,4.998,4.998,4.998,212
2022-03-08 17:07:22,8.2,13.4,481,0.0,0.0,0,0.0,0.0,0,188292.00,0.00,0.00,183,14.17,2.55,0.00,4.1,4.998,4.998,4.998,4.998,227
2022-03-08 17:08:22,4.2,11.7,382,0.0,0.0,0,0.0,0.0,0,188674.00,0.00,0.00,194,14.17,2.70,0.00,4.1,4.998,4.998,4.998,4.998,92
2022-03-08 17:09:22,4.9,6.0,274,0.0,0.0,0,0.0,0.0,0,188948.00,0.00,0.00,193,14.17,2.69,0.00,4.1,4.998,4.998,4.998,4.998,201
2022-03-08 17:10:22,6.2,7.7,347,0.0,0.0,0,0.0,0.0,0,189295.00,0.00,0.00,198,14.17,2.75,0.00,4.1,4.998,4.998,4.998,4.998,160
2022-03-08 17:11:22,5.7,11.0,390,0.0,0.0,0,0.0,0.0,0,189685.00,0.00,0.00,223,14.17,3.10,0.00,4.1,4.998,4.998,4.998,4.998,222
2022-03-08 17:12:22,6.9,14.8,519,0.0,0.0,0,0.0,0.0,0,190204.00,0.00,0.00,191,14.17,2.66,0.00,4.1,4.998,4.998,4.998,4.998,49
2022-03-08 17:13:22,2.4,9.3,315,0.0,0.0,0,0.0,0.0,0,190519.00,0.00,0.00,209,14.17,2.91,0.00,4.1,4.998,4.998,4.998,4.998,33
2022-03-08 17:14:22,6.6,10.1,430,0.0,0.0,0,0.0,0.0,0,190949.00,0.00,0.00,224,14.14,3.11,0.00,4.1,4.998,4.998,4.998,4.998,64
2022-03-08 17:15:22,4.8,8.2,340,0.0,0.0,0,0.0,0.0,0,191289.00,0.00,0.00,188,14.17,2.61,0.00,4.1,4.998,4.998,4.998,4.998,237
2022-03-08 17:16:22,9.8,11.2,542,0.0,0.0,0,0.0,0.0,0,191831.00,0.00,0.00,186,14.17,2.59,0.00,4.1,4.998,4.998,4.998,4.998,217
2022-03-08 17:17:22,4.6,11.0,448,0.0,0.0,0,0.0,0.0,0,192279.00,0.00,0.00,203,14.17,2.82,0.00,4.1,4.998,4.998,4.998,4.998,182
2022-03-08 17:18:22,3.3,4.9,207,0.0,0.0,0,0.0,0.0,0,192486.00,0.00,0.00,166,14.17,2.30,0.00,4.1,4.998,4.998,4.998,4.998,102
2022-03-08 17:19:22,4.9,7.1,279,0.0,0.0,0,0.0,0.0,0,192765.00,0.00,0.00,170,14.17,2.36,0.00,4.1,4.998,4.998,4.998,4.998,76
2022-03-08 17:20:22,4.9,5.9,268,0.0,0.0,0,0.0,0.0,0,193033.00,0.00,0.00,195,14.17,2.71,0.00,3.7,4.998,4.998,4.998,4.998,206
2022-03-08 17:21:22,7.4,11.3,480,0.0,0.0,0,0.0,0.0,0,193513.00,0.00,0.00,171,14.21,2.38,0.00,4.1,4.998,4.998,4.998,4.998,177
2022-03-08 17:22:22,9.5,14.6,552,0.0,0.0,0,0.0,0.0,0,194065.00,0.00,0.00,181,14.21,2.51,0.00,3.7,4.998,4.998,4.998,4.998,170
2022-03-08 17:23:22,6.3,14.0,540,0.0,0.0,0,0.0,0.0,0,194605.00,0.00,0.00,197,14.21,2.73,0.00,3.7,4.998,4.998,4.998,4.998,99
2022-03-08 17:24:22,4.8,11.2,479,0.0,0.0,0,0.0,0.0,0,195084.00,0.00,0.00,175,14.21,2.44,0.00,3.7,4.998,4.998,4.998,4.998,28
2022-03-08 17:25:22,7.1,12.1,494,0.0,0.0,0,0.0,0.0,0,195578.00,0.00,0.00,189,14.17,2.63,0.00,4.1,4.998,4.998,4.998,4.998,73
2022-03-08 17:26:22,5.6,7.5,327,0.0,0.0,0,0.0,0.0,0,195905.00,0.00,0.00,189,14.21,2.62,0.00,3.7,4.998,4.998,4.998,4.998,176
2022-03-08 17:27:22,2.7,5.8,242,0.0,0.0,0,0.0,0.0,0,196147.00,0.00,0.00,167,14.21,2.32,0.00,3.7,4.998,4.998,4.998,4.998,163
2022-03-08 17:28:22,5.6,8.1,294,0.0,0.0,0,0.0,0.0,0,196441.00,0.00,0.00,173,14.21,2.41,0.00,4.1,4.998,4.998,4.998,4.998,111
2022-03-08 17:29:22,4.9,11.8,490,0.0,0.0,0,0.0,0.0,0,196931.00,0.00,0.00,168,14.21,2.33,0.00,3.7,4.998,4.998,4.998,4.998,127
2022-03-08 17:30:22,4.8,12.0,423,0.0,0.0,0,0.0,0.0,0,197354.00,0.00,0.00,169,14.21,2.34,0.00,3.7,4.998,4.998,4.998,4.998,149
2022-03-08 17:31:22,6.4,10.8,355,0.0,0.0,0,0.0,0.0,0,197709.00,0.00,0.00,174,14.21,2.41,0.00,3.7,4.998,4.998,4.998,4.998,242
2022-03-08 17:32:22,6.7,8.4,395,0.0,0.0,0,0.0,0.0,0,198104.00,0.00,0.00,204,14.21,2.84,0.00,3.7,4.998,4.998,4.998,4.998,28
2022-03-08 17:33:22,6.9,10.4,373,0.0,0.0,0,0.0,0.0,0,198477.00,0.00,0.00,215,14.21,2.99,0.00,3.7,4.998,4.998,4.998,4.998,121
2022-03-08 17:34:22,6.4,9.1,357,0.0,0.0,0,0.0,0.0,0,198834.00,0.00,0.00,180,14.21,2.50,0.00,3.7,4.998,4.998,4.998,4.998,161
2022-03-08 17:35:22,6.4,8.8,382,0.0,0.0,0,0.0,0.0,0,199216.00,0.00,0.00,216,14.21,3.00,0.00,3.7,4.998,4.998,4.998,4.998,187
2022-03-08 17:36:22,7.1,10.5,441,0.0,0.0,0,0.0,0.0,0,199657.00,0.00,0.00,203,14.25,2.83,0.00,3.7,4.998,4.998,4.998,4.998,238
2022-03-08 17:37:22,7.8,11.6,467,0.0,0.0,0,0.0,0.0,0,200124.00,0.00,0.00,168,14.21,2.33,0.00,3.7,4.998,4.998,4.998,4.998,136
2022-03-08 17:38:22,7.7,7.7,361,0.0,0.0,0,0.0,0.0,0,200485.00,0.00,0.00,210,14.21,2.92,0.00,3.7,4.998,4.998,4.998,4.998,7
2022-03-08 17:39:22,4.5,8.9,346,0.0,0.0,0,0.0,0.0,0,200831.00,0.00,0.00,181,14.21,2.51,0.00,3.7,4.998,4.998,4.998,4.998,26
2022-03-08 17:40:22,6.7,9.3,416,0.0,0.0,0,0.0,0.0,0,201247.00,0.00,0.00,201,14.21,2.79,0.00,3.7,4.998,4.998,4.998,4.998,42
2022-03-08 17:41:22,6.4,8.3,385,0.0,0.0,0,0.0,0.0,0,201632.00,0.00,0.00,227,14.21,3.16,0.00,3.7,4.998,4.998,4.998,4.998,10
2022-03-08 17:42:22,4.4,10.5,454,0.0,0.0,0,0.0,0.0,0,202086.00,0.00,0.00,178,14.21,2.48,0.00,3.7,4.998,4.998,4.998,4.998,170
2022-03-08 17:43:22,4.4,8.8,384,0.0,0.0,0,0.0,0.0,0,202470.00,0.00,0.00,192,14.21,2.67,0.00,3.7,4.998,4.998,4.998,4.998,44
2022-03-08 17:44:22,9.2,12.1,486,0.0,0.0,0,0.0,0.0,0,202956.00,0.00,0.00,202,14.21,2.81,0.00,3.2,4.998,4.998,4.998,4.998,4
2022-03-08 17:45:22,7.5,9.2,424,0.0,0.0,0,0.0,0.0,0,203380.00,0.00,0.00,193,14.25,2.69,0.00,3.7,4.998,4.998,4.998,4.998,253
2022-03-08 17:46:22,6.3,11.9,504,0.0,0.0,0,0.0,0.0,0,203884.00,0.00,0.00,141,14.21,1.96,0.00,3.7,4.998,4.998,4.998,4.998,249
2022-03-08 17:47:22,5.8,8.7,303,0.0,0.0,0,0.0,0.0,0,204187.00,0.00,0.00,153,14.17,2.13,0.00,3.2,4.998,4.998,4.998,4.998,186
2022-03-08 17:48:22,5.6,10.2,460,0.0,0.0,0,0.0,0.0,0,204647.00,0.00,0.00,189,14.10,2.63,0.00,3.2,4.998,4.998,4.998,4.998,61
2022-03-08 17:49:22,5.2,10.2,373,0.0,0.0,0,0.0,0.0,0,205020.00,0.00,0.00,208,14.14,2.89,0.00,3.2,4.998,4.998,4.998,4.998,103
2022-03-08 17:50:22,3.3,10.4,443,0.0,0.0,0,0.0,0.0,0,205463.00,0.00,0.00,247,14.17,3.43,0.00,3.2,4.998,4.998,4.998,4.998,116
2022-03-08 17:51:22,7.2,11.1,447,0.0,0.0,0,0.0,0.0,0,205910.00,0.00,0.00,192,14.21,2.67,0.00,3.2,4.998,4.998,4.998,4.998,155
2022-03-08 17:52:22,5.6,9.4,455,0.0,0.0,0,0.0,0.0,0,206365.00,0.00,0.00,199,14.21,2.77,0.00,3.2,4.998,4.998,4.998,4.998,132
2022-03-08 17:53:22,6.9,10.3,439,0.0,0.0,0,0.0,0.0,0,206804.00,0.00,0.00,194,14.21,2.70,0.00,3.7,4.998,4.998,4.998,4.998,248
2022-03-08 17:54:22,5.6,10.7,370,0.0,0.0,0,0.0,0.0,0,207174.00,0.00,0.00,231,14.25,3.21,0.00,3.2,4.998,4.998,4.998,4.998,180
2022-03-08 17:55:22,7.8,10.5,315,0.0,0.0,0,0.0,0.0,0,207489.00,0.00,0.00,187,14.21,2.59,0.00,3.2,4.998,4.998,4.998,4.998,48
2022-03-08 17:56:22,3.1,7.7,259,0.0,0.0,0,0.0,0.0,0,207748.00,0.00,0.00,214,14.21,2.97,0.00,3.2,4.998,4.998,4.998,4.998,85
2022-03-08 17:57:22,6.8,8.2,325,0.0,0.0,0,0.0,0.0,0,208073.00,0.00,0.00,152,14.14,2.11,0.00,3.2,4.998,4.998,4.998,4.998,151
2022-03-08 17:58:22,7.5,14.5,560,0.0,0.0,0,0.0,0.0,0,208633.00,0.00,0.00,226,13.90,3.14,0.00,3.2,4.998,4.998,4.998,4.998,227
2022-03-08 17:59:22,7.8,11.3,480,0.0,0.0,0,0.0,0.0,0,209113.00,0.00,0.00,181,13.67,2.51,0.00,2.7,4.998,4.998,4.998,4.998,97
2022-03-08 18:00:22,7.0,10.9,508,0.0,0.0,0,0.0,0.0,0,209621.00,0.00,0.00,215,13.63,2.99,0.00,3.2,4.998,4.998,4.998,4.998,243
2022-03-08 18:01:22,5.5,8.6,345,0.0,0.0,0,0.0,0.0,0,209966.00,0.00,0.00,196,13.59,2.72,0.00,3.2,4.998,4.998,4.998,4.998,194
2022-03-08 18:02:22,5.2,7.9,316,0.0,0.0,0,0.0,0.0,0,210282.00,0.00,0.00,205,13.59,2.85,0.00,2.7,4.998,4.998,4.998,4.998,172
2022-03-08 18:03:22,10.8,12.1,458,0.0,0.0,0,0.0,0.0,0,210740.00,0.00,0.00,184,13.59,2.56,0.00,2.7,4.998,4.998,4.998,4.998,181
2022-03-08 18:04:22,7.9,13.1,541,0.0,0.0,0,0.0,0.0,0,211281.00,0.00,0.00,182,13.55,2.53,0.00,2.7,4.998,4.998,4.998,4.998,142
2022-03-08 18:05:22,7.9,10.9,439,0.0,0.0,0,0.0,0.0,0,211720.00,0.00,0.00,242,13.55,3.36,0.00,2.7,4.998,4.998,4.998,4.998,110
2022-03-08 18:06:22,6.6,9.8,338,0.0,0.0,0,0.0,0.0,0,212058.00,0.00,0.00,187,13.51,2.60,0.00,3.2,4.998,4.998,4.998,4.998,51
2022-03-08 18:07:22,6.4,13.4,538,0.0,0.0,0,0.0,0.0,0,212596.00,0.00,0.00,198,13.51,2.76,0.00,2.7,4.998,4.998,4.998,4.998,168
2022-03-08 18:08:22,7.1,11.3,351,0.0,0.0,0,0.0,0.0,0,212947.00,0.00,0.00,198,13.47,2.75,0.00,2.7,4.998,4.998,4.998,4.998,236
2022-03-08 18:09:22,9.1,11.7,417,0.0,0.0,0,0.0,0.0,0,213364.00,0.00,0.00,220,13.43,3.06,0.00,3.2,4.998,4.998,4.998,4.998,159
2022-03-08 18:10:22,5.7,10.3,426,0.0,0.0,0,0.0,0.0,0,213790.00,0.00,0.00,184,13.39,2.56,0.00,2.7,4.998,4.998,4.998,4.998,105
2022-03-08 18:11:22,3.6,6.5,257,0.0,0.0,0,0.0,0.0,0,214047.00,0.00,0.00,175,13.35,2.44,0.00,3.2,4.998,4.998,4.998,4.998,62
2022-03-08 18:12:22,4.0,8.6,356,0.0,0.0,0,0.0,0.0,0,214403.00,0.00,0.00,210,13.35,2.92,0.00,2.7,4.998,4.998,4.998,4.998,255
2022-03-08 18:13:22,6.6,6.6,251,0.0,0.0,0,0.0,0.0,0,214654.00,0.00,0.00,192,13.32,2.67,0.00,2.7,4.998,4.998,4.998,4.998,210
2022-03-08 18:14:22,8.6,11.6,379,0.0,0.0,0,0.0,0.0,0,215033.00,0.00,0.00,172,13.32,2.40,0.00,2.7,4.998,4.998,4.998,4.998,3
2022-03-08 18:15:22,5.6,9.7,434,0.0,0.0,0,0.0,0.0,0,215467.00,0.00,0.00,207,13.28,2.88,0.00,2.7,4.998,4.998,4.998,4.998,22
2022-03-08 18:16:22,5.8,7.6,315,0.0,0.0,0,0.0,0.0,0,215782.00,0.00,0.00,183,13.28,2.54,0.00,2.7,4.998,4.998,4.998,4.998,13
2022-03-08 18:17:22,4.6,9.2,367,0.0,0.0,0,0.0,0.0,0,216149.00,0.00,0.00,198,13.28,2.75,0.00,2.7,4.998,4.998,4.998,4.998,152
2022-03-08 18:18:22,8.2,11.4,445,0.0,0.0,0,0.0,0.0,0,216594.00,0.00,0.00,197,13.28,2.74,0.00,2.7,4.998,4.998,4.998,4.998,112
2022-03-08 18:19:22,8.0,9.8,425,0.0,0.0,0,0.0,0.0,0,217019.00,0.00,0.00,186,13.24,2.59,0.00,2.7,4.998,4.998,4.998,4.998,226
2022-03-08 18:20:22,7.0,11.4,508,0.0,0.0,0,0.0,0.0,0,217527.00,0.00,0.00,194,13.24,2.70,0.00,2.7,4.998,4.998,4.998,4.998,148
2022-03-08 18:21:22,7.5,11.2,438,0.0,0.0,0,0.0,0.0,0,217965.00,0.00,0.00,180,13.20,2.50,0.00,2.7,4.998,4.998,4.998,4.998,230
2022-03-08 18:22:22,9.4,12.0,507,0.0,0.0,0,0.0,0.0,0,218472.00,0.00,0.00,177,13.20,2.47,0.00,2.2,4.998,4.998,4.998,4.998,158
2022-03-08 18:23:22,6.0,11.1,532,0.0,0.0,0,0.0,0.0,0,219004.00,0.00,0.00,211,13.20,2.93,0.00,2.7,4.998,4.998,4.998,4.998,242
2022-03-08 18:24:22,7.3,10.2,420,0.0,0.0,0,0.0,0.0,0,219424.00,0.00,0.00,182,13.16,2.53,0.00,2.7,4.998,4.998,4.998,4.998,181
2022-03-08 18:25:22,4.7,8.3,349,0.0,0.0,0,0.0,0.0,0,219773.00,0.00,0.00,193,13.20,2.68,0.00,2.2,4.998,4.998,4.998,4.998,218
2022-03-08 18:26:22,6.3,8.2,293,0.0,0.0,0,0.0,0.0,0,220066.00,0.00,0.00,172,13.16,2.39,0.00,2.7,4.998,4.998,4.998,4.998,52
2022-03-08 18:27:22,3.4,6.3,187,0.0,0.0,0,0.0,0.0,0,220253.00,0.00,0.00,189,13.12,2.62,0.00,2.2,4.998,4.998,4.998,4.998,59
2022-03-08 18:28:22,7.5,8.1,306,0.0,0.0,0,0.0,0.0,0,220559.00,0.00,0.00,190,13.12,2.65,0.00,2.2,4.998,4.998,4.998,4.998,118
2022-03-08 18:29:22,9.9,9.9,495,0.0,0.0,0,0.0,0.0,0,221054.00,0.00,0.00,161,13.12,2.23,0.00,2.2,4.998,4.998,4.998,4.998,178
2022-03-08 18:30:22,5.0,13.7,519,0.0,0.0,0,0.0,0.0,0,221573.00,0.00,0.00,188,13.12,2.62,0.00,2.7,4.998,4.998,4.998,4.998,27
2022-03-08 18:31:22,9.1,10.6,405,0.0,0.0,0,0.0,0.0,0,221978.00,0.00,0.00,174,13.12,2.42,0.00,2.2,4.998,4.998,4.998,4.998,164
2022-03-08 18:32:22,6.0,10.3,494,0.0,0.0,0,0.0,0.0,0,222472.00,0.00,0.00,171,13.12,2.38,0.00,2.2,4.998,4.998,4.998,4.998,229
2022-03-08 18:33:22,5.6,8.7,395,0.0,0.0,0,0.0,0.0,0,222867.00,0.00,0.00,197,13.12,2.74,0.00,2.2,4.998,4.998,4.998,4.998,43
2022-03-08 18:34:22,5.6,7.7,281,0.0,0.0,0,0.0,0.0,0,223148.00,0.00,0.00,191,13.08,2.66,0.00,2.2,4.998,4.998,4.998,4.998,2
2022-03-08 18:35:22,9.1,9.5,362,0.0,0.0,0,0.0,0.0,0,223510.00,0.00,0.00,237,13.08,3.30,0.00,2.2,4.998,4.998,4.998,4.998,102
2022-03-08 18:36:22,5.8,8.6,321,0.0,0.0,0,0.0,0.0,0,223831.00,0.00,0.00,176,13.08,2.45,0.00,2.2,4.998,4.998,4.998,4.998,49
2022-03-08 18:37:22,5.1,8.8,394,0.0,0.0,0,0.0,0.0,0,224225.00,0.00,0.00,222,13.08,3.08,0.00,2.2,4.998,4.998,4.998,4.998,158
2022-03-08 18:38:22,6.8,9.2,368,0.0,0.0,0,0.0,0.0,0,224593.00,0.00,0.00,189,13.08,2.63,0.00,2.2,4.998,4.998,4.998,4.998,133
2022-03-08 18:39:22,5.5,8.0,337,0.0,0.0,0,0.0,0.0,0,224930.00,0.00,0.00,177,13.08,2.46,0.00,2.2,4.998,4.998,4.998,4.998,138
2022-03-08 18:40:22,3.2,7.5,263,0.0,0.0,0,0.0,0.0,0,225193.00,0.00,0.00,188,13.04,2.61,0.00,2.2,4.998,4.998,4.998,4.998,143
2022-03-08 18:41:22,7.3,7.3,157,0.0,0.0,0,0.0,0.0,0,225350.00,0.00,0.00,190,13.08,2.64,0.00,2.2,4.998,4.998,4.998,4.998,172
2022-03-08 18:42:22,5.6,7.8,317,0.0,0.0,0,0.0,0.0,0,225667.00,0.00,0.00,193,13.04,2.68,0.00,2.2,4.998,4.998,4.998,4.998,94
2022-03-08 18:43:22,4.8,5.9,264,0.0,0.0,0,0.0,0.0,0,225931.00,0.00,0.00,192,13.04,2.67,0.00,2.2,4.998,4.998,4.998,4.998,229
2022-03-08 18:44:22,3.3,5.2,209,0.0,0.0,0,0.0,0.0,0,226140.00,0.00,0.00,191,13.04,2.66,0.00,2.2,4.998,4.998,4.998,4.998,246
2022-03-08 18:45:22,5.9,6.6,252,0.0,0.0,0,0.0,0.0,0,226392.00,0.00,0.00,199,13.04,2.76,0.00,2.2,4.998,4.998,4.998,4.998,9
2022-03-08 18:46:22,7.2,12.7,439,0.0,0.0,0,0.0,0.0,0,226831.00,0.00,0.00,217,13.04,3.02,0.00,2.2,4.998,4.998,4.998,4.998,136
2022-03-08 18:47:22,4.1,7.4,314,0.0,0.0,0,0.0,0.0,0,227145.00,0.00,0.00,171,13.04,2.38,0.00,2.2,4.998,4.998,4.998,4.998,157
2022-03-08 18:48:22,6.9,8.8,370,0.0,0.0,0,0.0,0.0,0,227515.00,0.00,0.00,202,13.04,2.80,0.00,2.2,4.998,4.998,4.998,4.998,204
2022-03-08 18:49:22,5.5,11.0,497,0.0,0.0,0,0.0,0.0,0,228012.00,0.00,0.00,194,13.04,2.69,0.00,1.7,4.998,4.998,4.998,4.998,40
2022-03-08 18:50:22,6.8,10.9,464,0.0,0.0,0,0.0,0.0,0,228476.00,0.00,0.00,240,13.04,3.34,0.00,2.2,4.998,4.998,4.998,4.998,70
2022-03-08 18:51:22,4.9,12.3,404,0.0,0.0,0,0.0,0.0,0,228880.00,0.00,0.00,204,13.04,2.83,0.00,2.2,4.998,4.998,4.998,4.998,86
2022-03-08 18:52:22,4.1,7.3,322,0.0,0.0,0,0.0,0.0,0,229202.00,0.00,0.00,161,13.00,2.24,0.00,2.2,4.998,4.998,4.998,4.998,115
2022-03-08 18:53:22,4.2,6.8,288,0.0,0.0,0,0.0,0.0,0,229490.00,0.00,0.00,187,13.04,2.60,0.00,1.7,4.998,4.998,4.998,4.998,209
2022-03-08 18:54:22,2.8,6.1,240,0.0,0.0,0,0.0,0.0,0,229730.00,0.00,0.00,179,13.00,2.49,0.00,1.7,4.998,4.998,4.998,4.998,168
2022-03-08 18:55:22,5.2,5.8,272,0.0,0.0,0,0.0,0.0,0,230002.00,0.00,0.00,204,13.04,2.83,0.00,1.7,4.998,4.998,4.998,4.998,111
2022-03-08 18:56:22,5.6,8.6,383,0.0,0.0,0,0.0,0.0,0,230385.00,0.00,0.00,188,13.04,2.61,0.00,1.7,4.998,4.998,4.998,4.998,170
2022-03-08 18:57:22,4.9,8.3,282,0.0,0.0,0,0.0,0.0,0,230667.00,0.00,0.00,195,13.00,2.71,0.00,2.2,4.998,4.998,4.998,4.998,147
2022-03-08 18:58:22,5.3,6.1,243,0.0,0.0,0,0.0,0.0,0,230910.00,0.00,0.00,186,13.00,2.59,0.00,1.7,4.998,4.998,4.998,4.998,118
2022-03-08 18:59:22,4.0,5.4,258,0.0,0.0,0,0.0,0.0,0,231168.00,0.00,0.00,184,13.04,2.56,0.00,1.7,4.998,4.998,4.998,4.998,44
2022-03-08 19:00:22,3.0,6.1,249,0.0,0.0,0,0.0,0.0,0,231417.00,0.00,0.00,176,13.00,2.45,0.00,2.2,4.998,4.998,4.998,4.998,11
2022-03-08 19:01:22,7.3,8.3,388,0.0,0.0,0,0.0,0.0,0,231805.00,0.00,0.00,180,13.00,2.50,0.00,1.7,4.998,4.998,4.998,4.998,125
2022-03-08 19:02:22,4.0,7.5,329,0.0,0.0,0,0.0,0.0,0,232134.00,0.00,0.00,197,13.00,2.74,0.00,2.2,4.998,4.998,4.998,4.998,6
2022-03-08 19:03:22,4.6,5.9,204,0.0,0.0,0,0.0,0.0,0,232338.00,0.00,0.00,203,13.00,2.83,0.00,2.2,4.998,4.998,4.998,4.998,240
2022-03-08 19:04:22,6.6,7.9,306,0.0,0.0,0,0.0,0.0,0,232644.00,0.00,0.00,190,13.00,2.64,0.00,1.7,4.998,4.998,4.998,4.998,130
2022-03-08 19:05:22,7.9,8.9,401,0.0,0.0,0,0.0,0.0,0,233045.00,0.00,0.00,205,13.00,2.85,0.00,1.7,4.998,4.998,4.998,4.998,198
2022-03-08 19:06:22,4.7,10.8,348,0.0,0.0,0,0.0,0.0,0,233393.00,0.00,0.00,182,13.04,2.53,0.00,1.7,4.998,4.998,4.998,4.998,98
2022-03-08 19:07:22,2.5,5.5,213,0.0,0.0,0,0.0,0.0,0,233606.00,0.00,0.00,159,13.00,2.22,0.00,1.7,4.998,4.998,4.998,4.998,111
2022-03-08 19:08:22,11.1,11.4,338,0.0,0.0,0,0.0,0.0,0,233944.00,0.00,0.00,153,13.00,2.12,0.00,2.2,4.998,4.998,4.998,4.998,178
2022-03-08 19:09:22,10.0,11.2,428,0.0,0.0,0,0.0,0.0,0,234372.00,0.00,0.00,166,13.00,2.31,0.00,1.7,4.998,4.998,4.998,4.998,158
2022-03-08 19:10:22,7.3,11.8,529,0.0,0.0,0,0.0,0.0,0,234901.00,0.00,0.00,170,13.00,2.36,0.00,1.7,4.998,4.998,4.998,4.998,233
2022-03-08 19:11:22,3.8,7.5,316,0.0,0.0,0,0.0,0.0,0,235217.00,0.00,0.00,170,13.00,2.36,0.00,2.2,4.998,4.998,4.998,4.998,41
2022-03-08 19:12:22,5.7,6.7,305,0.0,0.0,0,0.0,0.0,0,235522.00,0.00,0.00,164,13.00,2.28,0.00,2.2,4.998,4.998,4.998,4.998,193
2022-03-08 19:13:22,4.3,9.4,337,0.0,0.0,0,0.0,0.0,0,235859.00,0.00,0.00,184,13.00,2.56,0.00,2.2,4.998,4.998,4.998,4.998,104
2022-03-08 19:14:22,5.6,7.0,321,0.0,0.0,0,0.0,0.0,0,236180.00,0.00,0.00,185,13.00,2.58,0.00,1.7,4.998,4.998,4.998,4.998,253
2022-03-08 19:15:22,7.2,7.2,292,0.0,0.0,0,0.0,0.0,0,236472.00,0.00,0.00,205,13.00,2.85,0.00,1.7,4.998,4.998,4.998,4.998,109
2022-03-08 19:16:22,4.1,10.7,373,0.0,0.0,0,0.0,0.0,0,236845.00,0.00,0.00,195,13.00,2.71,0.00,1.7,4.998,4.998,4.998,4.998,201
2022-03-08 19:17:22,7.1,9.7,384,0.0,0.0,0,0.0,0.0,0,237229.00,0.00,0.00,151,13.00,2.10,0.00,1.7,4.998,4.998,4.998,4.998,60
2022-03-08 19:18:22,4.6,8.0,321,0.0,0.0,0,0.0,0.0,0,237550.00,0.00,0.00,188,13.00,2.61,0.00,2.2,4.998,4.998,4.998,4.998,5
2022-03-08 19:19:22,5.4,6.4,281,0.0,0.0,0,0.0,0.0,0,237831.00,0.00,0.00,191,13.00,2.66,0.00,1.7,4.998,4.998,4.998,4.998,175
2022-03-08 19:20:22,4.1,9.0,392,0.0,0.0,0,0.0,0.0,0,238223.00,0.00,0.00,193,13.00,2.68,0.00,1.7,4.998,4.998,4.998,4.998,111
2022-03-08 19:21:22,3.9,8.3,337,0.0,0.0,0,0.0,0.0,0,238560.00,0.00,0.00,208,13.00,2.90,0.00,2.2,4.998,4.998,4.998,4.998,235
2022-03-08 19:22:22,5.0,6.1,207,0.0,0.0,0,0.0,0.0,0,238767.00,0.00,0.00,179,13.00,2.49,0.00,1.7,4.998,4.998,4.998,4.998,183
2022-03-08 19:23:22,5.1,5.9,242,0.0,0.0,0,0.0,0.0,0,239009.00,0.00,0.00,169,13.00,2.35,0.00,1.7,4.998,4.998,4.998,4.998,110
2022-03-08 19:24:22,4.4,7.9,368,0.0,0.0,0,0.0,0.0,0,239377.00,0.00,0.00,187,13.00,2.60,0.00,1.7,4.998,4.998,4.998,4.998,15
2022-03-08 19:25:22,4.9,7.7,329,0.0,0.0,0,0.0,0.0,0,239706.00,0.00,0.00,168,13.00,2.33,0.00,1.7,4.998,4.998,4.998,4.998,91
2022-03-08 19:26:22,8.5,10.2,374,0.0,0.0,0,0.0,0.0,0,240080.00,0.00,0.00,210,13.00,2.92,0.00,1.7,4.998,4.998,4.998,4.998,77
2022-03-08 19:27:22,4.7,10.2,426,0.0,0.0,0,0.0,0.0,0,240506.00,0.00,0.00,206,13.00,2.86,0.00,1.7,4.998,4.998,4.998,4.998,195
2022-03-08 19:28:22,6.7,8.3,364,0.0,0.0,0,0.0,0.0,0,240870.00,0.00,0.00,187,13.00,2.59,0.00,1.7,4.998,4.998,4.998,4.998,132
2022-03-08 19:29:22,4.8,8.2,391,0.0,0.0,0,0.0,0.0,0,241261.00,0.00,0.00,206,13.00,2.87,0.00,1.7,4.998,4.998,4.998,4.998,147
2022-03-08 19:30:22,7.7,8.9,329,0.0,0.0,0,0.0,0.0,0,241590.00,0.00,0.00,198,12.96,2.75,0.00,1.7,4.998,4.998,4.998,4.998,227
2022-03-08 19:31:22,2.7,7.5,279,0.0,0.0,0,0.0,0.0,0,241869.00,0.00,0.00,185,13.00,2.58,0.00,1.7,4.998,4.998,4.998,4.998,218
2022-03-08 19:32:22,4.4,5.0,235,0.0,0.0,0,0.0,0.0,0,242104.00,0.00,0.00,201,13.00,2.79,0.00,1.2,4.998,4.998,4.998,4.998,130
2022-03-08 19:33:22,5.0,6.5,281,0.0,0.0,0,0.0,0.0,0,242385.00,0.00,0.00,189,13.00,2.63,0.00,1.7,4.998,4.998,4.998,4.998,181
2022-03-08 19:34:22,6.9,7.9,320,0.0,0.0,0,0.0,0.0,0,242705.00,0.00,0.00,185,13.00,2.57,0.00,1.7,4.998,4.998,4.998,4.998,105
2022-03-08 19:35:22,6.4,7.3,290,0.0,0.0,0,0.0,0.0,0,242995.00,0.00,0.00,160,13.00,2.23,0.00,1.7,4.998,4.998,4.998,4.998,180
2022-03-08 19:36:22,7.4,10.6,449,0.0,0.0,0,0.0,0.0,0,243444.00,0.00,0.00,182,13.00,2.52,0.00,1.7,4.998,4.998,4.998,4.998,177
2022-03-08 19:37:22,3.1,8.4,293,0.0,0.0,0,0.0,0.0,0,243737.00,0.00,0.00,189,13.00,2.63,0.00,1.7,4.998,4.998,4.998,4.998,224
2022-03-08 19:38:22,6.2,7.6,308,0.0,0.0,0,0.0,0.0,0,244045.00,0.00,0.00,172,13.00,2.40,0.00,1.7,4.998,4.998,4.998,4.998,154
2022-03-08 19:39:22,3.9,6.9,267,0.0,0.0,0,0.0,0.0,0,244312.00,0.00,0.00,211,13.00,2.93,0.00,1.2,4.998,4.998,4.998,4.998,238
2022-03-08 19:40:22,3.6,7.6,289,0.0,0.0,0,0.0,0.0,0,244601.00,0.00,0.00,204,13.00,2.84,0.00,1.2,4.998,4.998,4.998,4.998,198
2022-03-08 19:41:22,7.1,9.5,392,0.0,0.0,0,0.0,0.0,0,244993.00,0.00,0.00,217,13.00,3.02,0.00,1.7,4.998,4.998,4.998,4.998,248
2022-03-08 19:42:22,5.3,9.0,392,0.0,0.0,0,0.0,0.0,0,245385.00,0.00,0.00,213,13.00,2.96,0.00,1.7,4.998,4.998,4.998,4.998,238
2022-03-08 19:43:22,4.9,6.8,323,0.0,0.0,0,0.0,0.0,0,245708.00,0.00,0.00,201,12.96,2.79,0.00,1.7,4.998,4.998,4.998,4.998,197
2022-03-08 19:44:22,5.6,6.3,267,0.0,0.0,0,0.0,0.0,0,245975.00,0.00,0.00,195,12.96,2.71,0.00,1.2,4.998,4.998,4.998,4.998,233
2022-03-08 19:45:22,5.5,9.0,362,0.0,0.0,0,0.0,0.0,0,246337.00,0.00,0.00,189,13.00,2.62,0.00,1.2,4.998,4.998,4.998,4.998,198
2022-03-08 19:46:22,5.6,8.2,413,0.0,0.0,0,0.0,0.0,0,246750.00,0.00,0.00,236,12.96,3.28,0.00,1.2,4.998,4.998,4.998,4.998,186
2022-03-08 19:47:22,5.9,8.6,411,0.0,0.0,0,0.0,0.0,0,247161.00,0.00,0.00,174,13.00,2.41,0.00,1.7,4.998,4.998,4.998,4.998,166
2022-03-08 19:48:22,7.3,9.5,371,0.0,0.0,0,0.0,0.0,0,247532.00,0.00,0.00,186,13.00,2.58,0.00,1.2,4.998,4.998,4.998,4.998,163
2022-03-08 19:49:22,6.7,9.4,404,0.0,0.0,0,0.0,0.0,0,247936.00,0.00,0.00,208,13.00,2.90,0.00,1.2,4.998,4.998,4.998,4.998,215
2022-03-08 19:50:22,3.3,8.5,293,0.0,0.0,0,0.0,0.0,0,248229.00,0.00,0.00,165,13.00,2.29,0.00,1.2,4.998,4.998,4.998,4.998,50
2022-03-08 19:51:22,3.7,5.4,241,0.0,0.0,0,0.0,0.0,0,248470.00,0.00,0.00,200,12.96,2.78,0.00,1.2,4.998,4.998,4.998,4.998,161
2022-03-08 19:52:22,4.8,9.5,377,0.0,0.0,0,0.0,0.0,0,248847.00,0.00,0.00,192,12.96,2.67,0.00,1.2,4.998,4.998,4.998,4.998,4
2022-03-08 19:53:22,6.1,7.1,349,0.0,0.0,0,0.0,0.0,0,249196.00,0.00,0.00,197,13.00,2.73,0.00,1.2,4.998,4.998,4.998,4.998,195
2022-03-08 19:54:22,4.2,9.5,419,0.0,0.0,0,0.0,0.0,0,249615.00,0.00,0.00,191,13.00,2.65,0.00,1.2,4.998,4.998,4.998,4.998,192
2022-03-08 19:55:22,6.6,7.4,349,0.0,0.0,0,0.0,0.0,0,249964.00,0.00,0.00,197,13.00,2.73,0.00,1.2,4.998,4.998,4.998,4.998,223
2022-03-08 19:56:22,6.9,9.7,381,0.0,0.0,0,0.0,0.0,0,250345.00,0.00,0.00,180,12.96,2.50,0.00,1.2,4.998,4.998,4.998,4.998,40
2022-03-08 19:57:22,6.2,10.1,416,0.0,0.0,0,0.0,0.0,0,250761.00,0.00,0.00,198,13.00,2.75,0.00,1.2,4.998,4.998,4.998,4.998,83
2022-03-08 19:58:22,3.7,9.8,367,0.0,0.0,0,0.0,0.0,0,251128.00,0.00,0.00,198,12.96,2.75,0.00,1.2,4.998,4.998,4.998,4.998,168
2022-03-08 19:59:22,6.1,8.8,358,0.0,0.0,0,0.0,0.0,0,251486.00,0.00,0.00,178,13.00,2.48,0.00,1.2,4.998,4.998,4.998,4.998,143
2022-03-08 20:00:22,7.9,8.9,273,0.0,0.0,0,0.0,0.0,0,251759.00,0.00,0.00,206,13.00,2.86,0.00,1.2,4.998,4.998,4.998,4.998,121
2022-03-08 20:01:22,4.9,8.4,367,0.0,0.0,0,0.0,0.0,0,252126.00,0.00,0.00,213,12.96,2.96,0.00,1.2,4.998,4.998,4.998,4.998,210
2022-03-08 20:02:22,6.7,9.6,396,0.0,0.0,0,0.0,0.0,0,252522.00,0.00,0.00,197,13.00,2.74,0.00,1.2,4.998,4.998,4.998,4.998,23
2022-03-08 20:03:22,8.7,9.4,333,0.0,0.0,0,0.0,0.0,0,252855.00,0.00,0.00,226,12.96,3.13,0.00,1.2,4.998,4.998,4.998,4.998,253
2022-03-08 20:04:22,6.3,9.5,419,0.0,0.0,0,0.0,0.0,0,253274.00,0.00,0.00,186,13.00,2.58,0.00,1.2,4.998,4.998,4.998,4.998,240
2022-03-08 20:05:22,7.3,11.6,473,0.0,0.0,0,0.0,0.0,0,253747.00,0.00,0.00,177,13.00,2.46,0.00,1.2,4.998,4.998,4.998,4.998,206
2022-03-08 20:06:22,3.2,7.8,241,0.0,0.0,0,0.0,0.0,0,253988.00,0.00,0.00,201,12.96,2.79,0.00,1.2,4.998,4.998,4.998,4.998,181
2022-03-08 20:07:22,3.4,3.4,153,0.0,0.0,0,0.0,0.0,0,254141.00,0.00,0.00,201,12.96,2.79,0.00,1.2,4.998,4.998,4.998,4.998,42
2022-03-08 20:08:22,3.4,5.4,223,0.0,0.0,0,0.0,0.0,0,254364.00,0.00,0.00,222,12.96,3.09,0.00,1.2,4.998,4.998,4.998,4.998,47
2022-03-08 20:09:22,3.7,4.9,183,0.0,0.0,0,0.0,0.0,0,254547.00,0.00,0.00,223,12.96,3.11,0.00,0.7,4.998,4.998,4.998,4.998,176
2022-03-08 20:10:22,3.1,5.0,190,0.0,0.0,0,0.0,0.0,0,254737.00,0.00,0.00,200,12.96,2.78,0.00,1.2,4.998,4.998,4.998,4.998,110
2022-03-08 20:11:22,6.8,7.5,306,0.0,0.0,0,0.0,0.0,0,255043.00,0.00,0.00,182,12.96,2.53,0.00,1.2,4.998,4.998,4.998,4.998,92
2022-03-08 20:12:22,4.5,7.9,364,0.0,0.0,0,0.0,0.0,0,255407.00,0.00,0.00,188,12.96,2.61,0.00,1.2,4.998,4.998,4.998,4.998,188
2022-03-08 20:13:22,4.5,10.1,388,0.0,0.0,0,0.0,0.0,0,255795.00,0.00,0.00,189,13.00,2.63,0.00,1.2,4.998,4.998,4.998,4.998,65
2022-03-08 20:14:22,7.5,9.0,354,0.0,0.0,0,0.0,0.0,0,256149.00,0.00,0.00,195,12.96,2.71,0.00,1.2,4.998,4.998,4.998,4.998,103
2022-03-08 20:15:22,4.9,8.4,286,0.0,0.0,0,0.0,0.0,0,256435.00,0.00,0.00,189,12.96,2.63,0.00,1.2,4.998,4.998,4.998,4.998,188
2022-03-08 20:16:22,6.4,8.0,329,0.0,0.0,0,0.0,0.0,0,256764.00,0.00,0.00,199,12.96,2.76,0.00,1.2,4.998,4.998,4.998,4.998,165
2022-03-08 20:17:22,4.1,6.5,261,0.0,0.0,0,0.0,0.0,0,257025.00,0.00,0.00,188,12.96,2.61,0.00,1.2,4.998,4.998,4.998,4.998,43
2022-03-08 20:18:22,8.1,10.6,438,0.0,0.0,0,0.0,0.0,0,257463.00,0.00,0.00,176,12.96,2.44,0.00,1.2,4.998,4.998,4.998,4.998,42
2022-03-08 20:19:22,5.4,8.8,368,0.0,0.0,0,0.0,0.0,0,257831.00,0.00,0.00,178,12.96,2.47,0.00,1.2,4.998,4.998,4.998,4.998,218
2022-03-08 20:20:22,3.7,6.6,267,0.0,0.0,0,0.0,0.0,0,258098.00,0.00,0.00,203,12.96,2.82,0.00,1.2,4.998,4.998,4.998,4.998,41
2022-03-08 20:21:22,4.0,7.4,256,0.0,0.0,0,0.0,0.0,0,258354.00,0.00,0.00,203,12.96,2.82,0.00,1.2,4.998,4.998,4.998,4.998,98
2022-03-08 20:22:22,5.7,7.4,299,0.0,0.0,0,0.0,0.0,0,258653.00,0.00,0.00,188,12.96,2.62,0.00,1.2,4.998,4.998,4.998,4.998,196
2022-03-08 20:23:22,5.8,7.9,344,0.0,0.0,0,0.0,0.0,0,258997.00,0.00,0.00,192,12.96,2.67,0.00,1.2,4.998,4.998,4.998,4.998,36
2022-03-08 20:24:22,4.6,6.2,283,0.0,0.0,0,0.0,0.0,0,259280.00,0.00,0.00,219,12.96,3.05,0.00,1.2,4.998,4.998,4.998,4.998,241
2022-03-08 20:25:22,3.3,5.9,218,0.0,0.0,0,0.0,0.0,0,259498.00,0.00,0.00,185,12.96,2.58,0.00,1.2,4.998,4.998,4.998,4.998,233
2022-03-08 20:26:22,3.5,5.8,246,0.0,0.0,0,0.0,0.0,0,259744.00,0.00,0.00,195,12.96,2.71,0.00,1.2,4.998,4.998,4.998,4.998,10
2022-03-08 20:27:22,6.6,8.4,277,0.0,0.0,0,0.0,0.0,0,260021.00,0.00,0.00,209,12.96,2.90,0.00,1.2,4.998,4.998,4.998,4.998,215
2022-03-08 20:28:22,2.8,8.4,296,0.0,0.0,0,0.0,0.0,0,260317.00,0.00,0.00,197,12.96,2.73,0.00,1.2,4.998,4.998,4.998,4.998,231
2022-03-08 20:29:22,6.2,7.1,295,0.0,0.0,0,0.0,0.0,0,260612.00,0.00,0.00,182,12.96,2.52,0.00,1.2,4.998,4.998,4.998,4.998,203
2022-03-08 20:30:22,4.0,8.0,355,0.0,0.0,0,0.0,0.0,0,260967.00,0.00,0.00,204,12.96,2.84,0.00,1.2,4.998,4.998,4.998,4.998,93
2022-03-08 20:31:22,3.0,4.2,149,0.0,0.0,0,0.0,0.0,0,261116.00,0.00,0.00,204,12.96,2.84,0.00,1.2,4.998,4.998,4.998,4.998,12
2022-03-08 20:32:22,5.1,5.1,208,0.0,0.0,0,0.0,0.0,0,261324.00,0.00,0.00,194,12.96,2.70,0.00,1.2,4.998,4.998,4.998,4.998,103
2022-03-08 20:33:22,4.8,8.0,326,0.0,0.0,0,0.0,0.0,0,261650.00,0.00,0.00,192,12.96,2.67,0.00,1.2,4.998,4.998,4.998,4.998,106
2022-03-08 20:34:22,6.1,7.0,264,0.0,0.0,0,0.0,0.0,0,261914.00,0.00,0.00,203,12.96,2.82,0.00,1.2,4.998,4.998,4.998,4.998,7
2022-03-08 20:35:22,5.2,9.5,418,0.0,0.0,0,0.0,0.0,0,262332.00,0.00,0.00,199,12.96,2.76,0.00,1.2,4.998,4.998,4.998,4.998,166
2022-03-08 20:36:22,3.6,8.6,345,0.0,0.0,0,0.0,0.0,0,262677.00,0.00,0.00,194,12.96,2.69,0.00,1.7,4.998,4.998,4.998,4.998,157
2022-03-08 20:37:22,5.0,8.6,348,0.0,0.0,0,0.0,0.0,0,263025.00,0.00,0.00,206,12.96,2.87,0.00,1.7,4.998,4.998,4.998,4.998,66
2022-03-08 20:38:22,4.6,6.7,339,0.0,0.0,0,0.0,0.0,0,263364.00,0.00,0.00,204,12.96,2.83,0.00,1.7,4.998,4.998,4.998,4.998,191
2022-03-08 20:39:22,5.7,6.9,291,0.0,0.0,0,0.0,0.0,0,263655.00,0.00,0.00,215,12.96,2.99,0.00,1.2,4.998,4.998,4.998,4.998,206
2022-03-08 20:40:22,5.3,7.0,295,0.0,0.0,0,0.0,0.0,0,263950.00,0.00,0.00,228,12.96,3.17,0.00,1.2,4.998,4.998,4.998,4.998,182
2022-03-08 20:41:22,4.0,7.7,221,0.0,0.0,0,0.0,0.0,0,264171.00,0.00,0.00,233,12.96,3.24,0.00,1.7,4.998,4.998,4.998,4.998,83
2022-03-08 20:42:22,4.5,7.9,335,0.0,0.0,0,0.0,0.0,0,264506.00,0.00,0.00,218,12.96,3.03,0.00,1.7,4.998,4.998,4.998,4.998,93
2022-03-08 20:43:22,5.9,7.3,319,0.0,0.0,0,0.0,0.0,0,264825.00,0.00,0.00,206,12.92,2.86,0.00,1.7,4.998,4.998,4.998,4.998,64
2022-03-08 20:44:22,3.8,10.2,360,0.0,0.0,0,0.0,0.0,0,265185.00,0.00,0.00,201,12.96,2.80,0.00,1.7,4.998,4.998,4.998,4.998,141
2022-03-08 20:45:22,6.4,9.0,270,0.0,0.0,0,0.0,0.0,0,265455.00,0.00,0.00,199,12.96,2.76,0.00,1.7,4.998,4.998,4.998,4.998,224
2022-03-08 20:46:22,4.3,10.3,481,0.0,0.0,0,0.0,0.0,0,265936.00,0.00,0.00,208,12.96,2.89,0.00,1.7,4.998,4.998,4.998,4.998,220
2022-03-08 20:47:22,4.9,6.3,242,0.0,0.0,0,0.0,0.0,0,266178.00,0.00,0.00,234,12.92,3.25,0.00,1.7,4.998,4.998,4.998,4.998,27
2022-03-08 20:48:22,1.7,5.7,193,0.0,0.0,0,0.0,0.0,0,266371.00,0.00,0.00,239,12.96,3.32,0.00,1.2,4.998,4.998,4.998,4.998,128
2022-03-08 20:49:22,5.1,6.5,247,0.0,0.0,0,0.0,0.0,0,266618.00,0.00,0.00,200,12.96,2.78,0.00,1.2,4.998,4.998,4.998,4.998,68
2022-03-08 20:50:22,8.8,11.5,502,0.0,0.0,0,0.0,0.0,0,267120.00,0.00,0.00,193,12.96,2.68,0.00,1.7,4.998,4.998,4.998,4.998,116
2022-03-08 20:51:22,7.4,9.2,394,0.0,0.0,0,0.0,0.0,0,267514.00,0.00,0.00,224,12.92,3.11,0.00,1.7,4.998,4.998,4.998,4.998,8
2022-03-08 20:52:22,5.5,9.8,328,0.0,0.0,0,0.0,0.0,0,267842.00,0.00,0.00,247,12.92,3.43,0.00,1.7,4.998,4.998,4.998,4.998,178
2022-03-08 20:53:22,2.7,6.3,251,0.0,0.0,0,0.0,0.0,0,268093.00,0.00,0.00,231,12.96,3.21,0.00,1.2,4.998,4.998,4.998,4.998,53
2022-03-08 20:54:22,3.6,4.9,174,0.0,0.0,0,0.0,0.0,0,268267.00,0.00,0.00,227,12.96,3.15,0.00,1.2,4.998,4.998,4.998,4.998,21
2022-03-08 20:55:22,5.4,7.1,234,0.0,0.0,0,0.0,0.0,0,268501.00,0.00,0.00,246,12.92,3.42,0.00,1.7,4.998,4.998,4.998,4.998,244
2022-03-08 20:56:22,7.9,8.7,288,0.0,0.0,0,0.0,0.0,0,268789.00,0.00,0.00,234,12.96,3.25,0.00,1.7,4.998,4.998,4.998,4.998,229
2022-03-08 20:57:22,2.7,8.2,294,0.0,0.0,0,0.0,0.0,0,269083.00,0.00,0.00,221,12.96,3.07,0.00,1.2,4.998,4.998,4.998,4.998,167
2022-03-08 20:58:22,4.8,4.8,165,0.0,0.0,0,0.0,0.0,0,269248.00,0.00,0.00,221,12.92,3.07,0.00,1.7,4.998,4.998,4.998,4.998,50
2022-03-08 20:59:22,3.7,5.6,204,0.0,0.0,0,0.0,0.0,0,269452.00,0.00,0.00,238,12.96,3.30,0.00,1.2,4.998,4.998,4.998,4.998,245
2022-03-08 21:00:22,6.3,8.4,390,0.0,0.0,0,0.0,0.0,0,269842.00,0.00,0.00,246,12.96,3.41,0.00,1.7,4.998,4.998,4.998,4.998,148
2022-03-08 21:01:22,3.6,6.5,290,0.0,0.0,0,0.0,0.0,0,270132.00,0.00,0.00,233,12.96,3.24,0.00,1.7,4.998,4.998,4.998,4.998,71
2022-03-08 21:02:22,6.5,7.3,313,0.0,0.0,0,0.0,0.0,0,270445.00,0.00,0.00,205,12.96,2.85,0.00,1.2,4.998,4.998,4.998,4.998,128
2022-03-08 21:03:22,5.7,11.3,439,0.0,0.0,0,0.0,0.0,0,270884.00,0.00,0.00,226,12.96,3.13,0.00,1.7,4.998,4.998,4.998,4.998,115
2022-03-08 21:04:22,5.4,7.3,330,0.0,0.0,0,0.0,0.0,0,271214.00,0.00,0.00,202,12.92,2.81,0.00,1.7,4.998,4.998,4.998,4.998,172
2022-03-08 21:05:22,5.5,6.3,271,0.0,0.0,0,0.0,0.0,0,271485.00,0.00,0.00,211,12.92,2.93,0.00,1.2,4.998,4.998,4.998,4.998,190
2022-03-08 21:06:22,6.2,8.1,318,0.0,0.0,0,0.0,0.0,0,271803.00,0.00,0.00,266,12.92,3.70,0.00,1.7,4.998,4.998,4.998,4.998,168
2022-03-08 21:07:22,5.0,13.1,449,0.0,0.0,0,0.0,0.0,0,272252.00,0.00,0.00,231,12.96,3.21,0.00,1.7,4.998,4.998,4.998,4.998,233
2022-03-08 21:08:22,9.3,10.9,322,0.0,0.0,0,0.0,0.0,0,272574.00,0.00,0.00,275,12.92,3.83,0.00,1.7,4.998,4.998,4.998,4.998,165
2022-03-08 21:09:22,6.3,13.6,448,0.0,0.0,0,0.0,0.0,0,273022.00,0.00,0.00,208,12.96,2.89,0.00,1.7,4.998,4.998,4.998,4.998,81
2022-03-08 21:10:22,3.7,6.7,290,0.0,0.0,0,0.0,0.0,0,273312.00,0.00,0.00,217,12.96,3.01,0.00,1.7,4.998,4.998,4.998,4.998,211
2022-03-08 21:11:22,4.0,6.9,276,0.0,0.0,0,0.0,0.0,0,273588.00,0.00,0.00,235,12.96,3.27,0.00,1.7,4.998,4.998,4.998,4.998,181
2022-03-08 21:12:22,4.1,11.0,320,0.0,0.0,0,0.0,0.0,0,273908.00,0.00,0.00,221,12.96,3.08,0.00,1.7,4.998,4.998,4.998,4.998,22
2022-03-08 21:13:22,5.8,5.8,222,0.0,0.0,0,0.0,0.0,0,274130.00,0.00,0.00,196,12.92,2.72,0.00,1.7,4.998,4.998,4.998,4.998,45
2022-03-08 21:14:22,4.9,9.9,357,0.0,0.0,0,0.0,0.0,0,274487.00,0.00,0.00,217,12.96,3.01,0.00,1.7,4.998,4.998,4.998,4.998,143
2022-03-08 21:15:22,5.5,10.3,437,0.0,0.0,0,0.0,0.0,0,274924.00,0.00,0.00,217,12.92,3.02,0.00,1.7,4.998,4.998,4.998,4.998,173
2022-03-08 21:16:22,6.9,6.9,242,0.0,0.0,0,0.0,0.0,0,275166.00,0.00,0.00,203,12.96,2.82,0.00,1.7,4.998,4.998,4.998,4.998,163
2022-03-08 21:17:22,4.8,12.5,426,0.0,0.0,0,0.0,0.0,0,275592.00,0.00,0.00,216,12.96,3.01,0.00,1.7,4.998,4.998,4.998,4.998,56
2022-03-08 21:18:22,4.4,10.6,374,0.0,0.0,0,0.0,0.0,0,275966.00,0.00,0.00,223,12.92,3.11,0.00,1.7,4.998,4.998,4.998,4.998,236
2022-03-08 21:19:22,3.9,6.3,230,0.0,0.0,0,0.0,0.0,0,276196.00,0.00,0.00,228,12.92,3.16,0.00,1.7,4.998,4.998,4.998,4.998,122
2022-03-08 21:20:22,6.9,7.8,325,0.0,0.0,0,0.0,0.0,0,276521.00,0.00,0.00,191,12.96,2.66,0.00,1.7,4.998,4.998,4.998,4.998,78
2022-03-08 21:21:22,7.0,11.9,492,0.0,0.0,0,0.0,0.0,0,277013.00,0.00,0.00,169,12.92,2.34,0.00,1.7,4.998,4.998,4.998,4.998,85
2022-03-08 21:22:22,5.8,9.4,379,0.0,0.0,0,0.0,0.0,0,277392.00,0.00,0.00,226,12.92,3.14,0.00,1.7,4.998,4.998,4.998,4.998,182
2022-03-08 21:23:22,4.5,9.4,354,0.0,0.0,0,0.0,0.0,0,277746.00,0.00,0.00,213,12.96,2.96,0.00,1.2,4.998,4.998,4.998,4.998,236
2022-03-08 21:24:22,4.3,8.1,365,0.0,0.0,0,0.0,0.0,0,278111.00,0.00,0.00,237,12.96,3.29,0.00,1.7,4.998,4.998,4.998,4.998,229
2022-03-08 21:25:22,5.1,8.7,400,0.0,0.0,0,0.0,0.0,0,278511.00,0.00,0.00,251,12.96,3.48,0.00,1.7,4.998,4.998,4.998,4.998,42
2022-03-08 21:26:22,5.1,6.9,304,0.0,0.0,0,0.0,0.0,0,278815.00,0.00,0.00,250,12.96,3.47,0.00,1.2,4.998,4.998,4.998,4.998,141
2022-03-08 21:27:22,3.9,7.3,301,0.0,0.0,0,0.0,0.0,0,279116.00,0.00,0.00,236,12.96,3.29,0.00,1.7,4.998,4.998,4.998,4.998,143
2022-03-08 21:28:22,4.0,6.1,247,0.0,0.0,0,0.0,0.0,0,279363.00,0.00,0.00,217,12.92,3.02,0.00,1.2,4.998,4.998,4.998,4.998,115
2022-03-08 21:29:22,5.2,7.1,243,0.0,0.0,0,0.0,0.0,0,279606.00,0.00,0.00,227,12.92,3.15,0.00,1.7,4.998,4.998,4.998,4.998,160
2022-03-08 21:30:22,8.3,8.8,316,0.0,0.0,0,0.0,0.0,0,279922.00,0.00,0.00,238,12.92,3.30,0.00,1.7,4.998,4.998,4.998,4.998,189
2022-03-08 21:31:22,7.7,11.5,431,0.0,0.0,0,0.0,0.0,0,280353.00,0.00,0.00,261,12.92,3.62,0.00,1.2,4.998,4.998,4.998,4.998,33
2022-03-08 21:32:22,4.6,10.8,432,0.0,0.0,0,0.0,0.0,0,280785.00,0.00,0.00,217,12.92,3.02,0.00,1.7,4.998,4.998,4.998,4.998,96
2022-03-08 21:33:22,4.0,8.7,347,0.0,0.0,0,0.0,0.0,0,281132.00,0.00,0.00,243,12.96,3.38,0.00,1.2,4.998,4.998,4.998,4.998,105
2022-03-08 21:34:22,5.4,8.4,362,0.0,0.0,0,0.0,0.0,0,281494.00,0.00,0.00,221,12.96,3.07,0.00,1.2,4.998,4.998,4.998,4.998,121
2022-03-08 21:35:22,8.5,11.6,460,0.0,0.0,0,0.0,0.0,0,281954.00,0.00,0.00,283,12.92,3.93,0.00,1.7,4.998,4.998,4.998,4.998,163
2022-03-08 21:36:22,10.5,19.8,716,0.0,0.0,0,0.0,0.0,0,282670.00,0.00,0.00,214,12.92,2.97,0.00,1.7,4.998,4.998,4.998,4.998,83
2022-03-08 21:37:22,9.8,12.4,536,0.0,0.0,0,0.0,0.0,0,283206.00,0.00,0.00,244,12.92,3.39,0.00,1.2,4.998,4.998,4.998,4.998,205
2022-03-08 21:38:22,12.9,16.5,751,0.0,0.0,0,0.0,0.0,0,283957.00,0.00,0.00,241,12.92,3.35,0.00,1.7,4.998,4.998,4.998,4.998,129
2022-03-08 21:39:22,9.7,17.7,773,0.0,0.0,0,0.0,0.0,0,284730.00,0.00,0.00,224,12.92,3.12,0.00,1.2,4.998,4.998,4.998,4.998,42
2022-03-08 21:40:22,7.0,9.6,434,0.0,0.0,0,0.0,0.0,0,285164.00,0.00,0.00,212,12.96,2.95,0.00,1.7,4.998,4.998,4.998,4.998,91
2022-03-08 21:41:22,4.7,8.3,271,0.0,0.0,0,0.0,0.0,0,285435.00,0.00,0.00,247,12.92,3.43,0.00,1.2,4.998,4.998,4.998,4.998,171
2022-03-08 21:42:22,4.9,8.3,344,0.0,0.0,0,0.0,0.0,0,285779.00,0.00,0.00,264,12.92,3.67,0.00,1.2,4.998,4.998,4.998,4.998,224
2022-03-08 21:43:22,4.5,7.7,328,0.0,0.0,0,0.0,0.0,0,286107.00,0.00,0.00,234,12.92,3.26,0.00,1.2,4.998,4.998,4.998,4.998,14
2022-03-08 21:44:22,11.4,12.5,370,0.0,0.0,0,0.0,0.0,0,286477.00,0.00,0.00,231,12.92,3.21,0.00,1.2,4.998,4.998,4.998,4.998,59
2022-03-08 21:45:22,4.2,14.3,502,0.0,0.0,0,0.0,0.0,0,286979.00,0.00,0.00,226,12.92,3.14,0.00,1.2,4.998,4.998,4.998,4.998,103
2022-03-08 21:46:22,4.8,6.1,245,0.0,0.0,0,0.0,0.0,0,287224.00,0.00,0.00,202,12.92,2.80,0.00,1.2,4.998,4.998,4.998,4.998,57
2022-03-08 21:47:22,8.9,10.4,349,0.0,0.0,0,0.0,0.0,0,287573.00,0.00,0.00,225,12.92,3.12,0.00,1.2,4.998,4.998,4.998,4.998,135
2022-03-08 21:48:22,5.5,10.2,430,0.0,0.0,0,0.0,0.0,0,288003.00,0.00,0.00,241,12.92,3.35,0.00,1.2,4.998,4.998,4.998,4.998,213
2022-03-08 21:49:22,6.5,8.3,322,0.0,0.0,0,0.0,0.0,0,288325.00,0.00,0.00,232,12.92,3.22,0.00,1.2,4.998,4.998,4.998,4.998,80
2022-03-08 21:50:22,7.9,12.5,513,0.0,0.0,0,0.0,0.0,0,288838.00,0.00,0.00,238,12.92,3.31,0.00,1.2,4.998,4.998,4.998,4.998,232
2022-03-08 21:51:22,8.2,9.5,453,0.0,0.0,0,0.0,0.0,0,289291.00,0.00,0.00,240,12.92,3.33,0.00,1.2,4.998,4.998,4.998,4.998,90
2022-03-08 21:52:22,6.7,12.9,534,0.0,0.0,0,0.0,0.0,0,289825.00,0.00,0.00,233,12.92,3.23,0.00,1.7,4.998,4.998,4.998,4.998,44
2022-03-08 21:53:22,7.1,9.7,401,0.0,0.0,0,0.0,0.0,0,290226.00,0.00,0.00,219,12.92,3.04,0.00,1.2,4.998,4.998,4.998,4.998,19
2022-03-08 21:54:22,7.2,9.4,417,0.0,0.0,0,0.0,0.0,0,290643.00,0.00,0.00,209,12.92,2.91,0.00,1.2,4.998,4.998,4.998,4.998,48
2022-03-08 21:55:22,5.1,7.7,311,0.0,0.0,0,0.0,0.0,0,290954.00,0.00,0.00,222,12.92,3.09,0.00,1.7,4.998,4.998,4.998,4.998,10
2022-03-08 21:56:22,7.0,7.0,266,0.0,0.0,0,0.0,0.0,0,291220.00,0.00,0.00,265,12.92,3.68,0.00,1.2,4.998,4.998,4.998,4.998,74
2022-03-08 21:57:22,8.0,14.1,540,0.0,0.0,0,0.0,0.0,0,291760.00,0.00,0.00,241,12.92,3.34,0.00,1.2,4.998,4.998,4.998,4.998,4
2022-03-08 21:58:22,3.6,8.7,315,0.0,0.0,0,0.0,0.0,0,292075.00,0.00,0.00,209,12.92,2.91,0.00,1.2,4.998,4.998,4.998,4.998,125
2022-03-08 21:59:22,6.5,8.6,339,0.0,0.0,0,0.0,0.0,0,292414.00,0.00,0.00,220,12.92,3.05,0.00,1.2,4.998,4.998,4.998,4.998,90
2022-03-08 22:00:22,5.3,9.2,366,0.0,0.0,0,0.0,0.0,0,292780.00,0.00,0.00,219,12.92,3.04,0.00,1.2,4.998,4.998,4.998,4.998,24
2022-03-08 22:01:22,4.3,5.6,184,0.0,0.0,0,0.0,0.0,0,292964.00,0.00,0.00,235,12.92,3.26,0.00,1.2,4.998,4.998,4.998,4.998,177
2022-03-08 22:02:22,5.5,7.7,270,0.0,0.0,0,0.0,0.0,0,293234.00,0.00,0.00,234,12.92,3.25,0.00,1.2,4.998,4.998,4.998,4.998,50
2022-03-08 22:03:22,6.6,8.0,328,0.0,0.0,0,0.0,0.0,0,293562.00,0.00,0.00,248,12.92,3.44,0.00,0.7,4.998,4.998,4.998,4.998,140
2022-03-08 22:04:22,5.4,11.9,365,0.0,0.0,0,0.0,0.0,0,293927.00,0.00,0.00,251,12.92,3.49,0.00,1.2,4.998,4.998,4.998,4.998,249
2022-03-08 22:05:22,4.6,8.3,349,0.0,0.0,0,0.0,0.0,0,294276.00,0.00,0.00,233,12.92,3.24,0.00,0.7,4.998,4.998,4.998,4.998,32
2022-03-08 22:06:22,3.1,5.3,190,0.0,0.0,0,0.0,0.0,0,294466.00,0.00,0.00,224,12.92,3.11,0.00,1.2,4.998,4.998,4.998,4.998,197
2022-03-08 22:07:22,6.8,8.3,305,0.0,0.0,0,0.0,0.0,0,294771.00,0.00,0.00,243,12.92,3.38,0.00,1.2,4.998,4.998,4.998,4.998,234
2022-03-08 22:08:22,5.1,9.9,434,0.0,0.0,0,0.0,0.0,0,295205.00,0.00,0.00,251,12.92,3.49,0.00,0.7,4.998,4.998,4.998,4.998,219
2022-03-08 22:09:22,2.8,7.4,309,0.0,0.0,0,0.0,0.0,0,295514.00,0.00,0.00,229,12.92,3.19,0.00,0.7,4.998,4.998,4.998,4.998,112
2022-03-08 22:10:22,6.7,11.1,462,0.0,0.0,0,0.0,0.0,0,295976.00,0.00,0.00,223,12.92,3.11,0.00,0.7,4.998,4.998,4.998,4.998,207
2022-03-08 22:11:22,4.5,8.3,342,0.0,0.0,0,0.0,0.0,0,296318.00,0.00,0.00,222,12.92,3.09,0.00,1.2,4.998,4.998,4.998,4.998,169
2022-03-08 22:12:22,3.6,4.6,195,0.0,0.0,0,0.0,0.0,0,296513.00,0.00,0.00,216,12.92,3.00,0.00,0.7,4.998,4.998,4.998,4.998,208
2022-03-08 22:13:22,2.9,5.9,229,0.0,0.0,0,0.0,0.0,0,296742.00,0.00,0.00,243,12.92,3.38,0.00,1.2,4.998,4.998,4.998,4.998,224
2022-03-08 22:14:22,7.1,7.2,307,0.0,0.0,0,0.0,0.0,0,297049.00,0.00,0.00,252,12.92,3.50,0.00,1.2,4.998,4.998,4.998,4.998,51
2022-03-08 22:15:22,3.0,7.4,264,0.0,0.0,0,0.0,0.0,0,297313.00,0.00,0.00,230,12.92,3.20,0.00,0.7,4.998,4.998,4.998,4.998,138
2022-03-08 22:16:22,3.5,7.3,219,0.0,0.0,0,0.0,0.0,0,297532.00,0.00,0.00,207,12.92,2.87,0.00,0.7,4.998,4.998,4.998,4.998,223
2022-03-08 22:17:22,3.6,7.0,271,0.0,0.0,0,0.0,0.0,0,297803.00,0.00,0.00,232,12.92,3.22,0.00,0.7,4.998,4.998,4.998,4.998,150
2022-03-08 22:18:22,2.9,6.9,266,0.0,0.0,0,0.0,0.0,0,298069.00,0.00,0.00,220,12.92,3.05,0.00,1.2,4.998,4.998,4.998,4.998,250
2022-03-08 22:19:22,2.2,5.7,229,0.0,0.0,0,0.0,0.0,0,298298.00,0.00,0.00,199,12.92,2.76,0.00,0.7,4.998,4.998,4.998,4.998,78
2022-03-08 22:20:22,4.4,9.0,306,0.0,0.0,0,0.0,0.0,0,298604.00,0.00,0.00,208,12.92,2.89,0.00,0.7,4.998,4.998,4.998,4.998,41
2022-03-08 22:21:22,5.6,7.8,341,0.0,0.0,0,0.0,0.0,0,298945.00,0.00,0.00,222,12.92,3.09,0.00,0.7,4.998,4.998,4.998,4.998,115
2022-03-08 22:22:22,6.1,6.9,304,0.0,0.0,0,0.0,0.0,0,299249.00,0.00,0.00,239,12.92,3.32,0.00,0.7,4.998,4.998,4.998,4.998,29
2022-03-08 22:23:22,2.8,7.8,321,0.0,0.0,0,0.0,0.0,0,299570.00,0.00,0.00,217,12.92,3.02,0.00,0.7,4.998,4.998,4.998,4.998,113
2022-03-08 22:24:22,3.6,5.1,196,0.0,0.0,0,0.0,0.0,0,299766.00,0.00,0.00,238,12.89,3.30,0.00,0.7,4.998,4.998,4.998,4.998,179
2022-03-08 22:25:22,5.1,7.4,305,0.0,0.0,0,0.0,0.0,0,300071.00,0.00,0.00,223,12.89,3.10,0.00,0.7,4.998,4.998,4.998,4.998,3
2022-03-08 22:26:22,3.0,5.5,187,0.0,0.0,0,0.0,0.0,0,300258.00,0.00,0.00,187,12.92,2.59,0.00,0.2,4.998,4.998,4.998,4.998,145
2022-03-08 22:27:22,7.2,9.0,327,0.0,0.0,0,0.0,0.0,0,300585.00,0.00,0.00,230,12.92,3.20,0.00,0.7,4.998,4.998,4.998,4.998,66
2022-03-08 22:28:22,3.1,11.3,363,0.0,0.0,0,0.0,0.0,0,300948.00,0.00,0.00,202,12.92,2.81,0.00,0.7,4.998,4.998,4.998,4.998,50
2022-03-08 22:29:22,2.3,3.5,143,0.0,0.0,0,0.0,0.0,0,301091.00,0.00,0.00,202,12.92,2.81,0.00,0.7,4.998,4.998,4.998,4.998,153
2022-03-08 22:30:22,4.0,4.2,157,0.0,0.0,0,0.0,0.0,0,301248.00,0.00,0.00,215,12.92,2.99,0.00,0.7,4.998,4.998,4.998,4.998,59
2022-03-08 22:31:22,5.7,12.2,511,0.0,0.0,0,0.0,0.0,0,301759.00,0.00,0.00,250,12.92,3.47,0.00,0.7,4.998,4.998,4.998,4.998,227
2022-03-08 22:32:22,5.6,11.1,409,0.0,0.0,0,0.0,0.0,0,302168.00,0.00,0.00,247,12.89,3.43,0.00,0.7,4.998,4.998,4.998,4.998,182
2022-03-08 22:33:22,4.2,6.4,232,0.0,0.0,0,0.0,0.0,0,302400.00,0.00,0.00,238,12.92,3.30,0.00,0.2,4.998,4.998,4.998,4.998,190
2022-03-08 22:34:22,8.5,11.9,339,0.0,0.0,0,0.0,0.0,0,302739.00,0.00,0.00,221,12.92,3.07,0.00,0.2,4.998,4.998,4.998,4.998,44
2022-03-08 22:35:22,8.2,9.6,370,0.0,0.0,0,0.0,0.0,0,303109.00,0.00,0.00,249,12.92,3.46,0.00,0.2,4.998,4.998,4.998,4.998,9
2022-03-08 22:36:22,4.4,10.2,289,0.0,0.0,0,0.0,0.0,0,303398.00,0.00,0.00,233,12.92,3.23,0.00,0.2,4.998,4.998,4.998,4.998,212
2022-03-08 22:37:22,9.8,9.8,388,0.0,0.0,0,0.0,0.0,0,303786.00,0.00,0.00,220,12.92,3.06,0.00,0.2,4.998,4.998,4.998,4.998,246
2022-03-08 22:38:22,5.1,13.0,453,0.0,0.0,0,0.0,0.0,0,304239.00,0.00,0.00,217,12.92,3.02,0.00,0.7,4.998,4.998,4.998,4.998,22
2022-03-08 22:39:22,3.9,7.6,289,0.0,0.0,0,0.0,0.0,0,304528.00,0.00,0.00,238,12.89,3.31,0.00,0.2,4.998,4.998,4.998,4.998,235
2022-03-08 22:40:22,2.5,5.2,197,0.0,0.0,0,0.0,0.0,0,304725.00,0.00,0.00,229,12.92,3.18,0.00,0.2,4.998,4.998,4.998,4.998,182
2022-03-08 22:41:22,4.5,5.9,268,0.0,0.0,0,0.0,0.0,0,304993.00,0.00,0.00,213,12.92,2.96,0.00,-0.2,4.998,4.998,4.998,4.998,226
2022-03-08 22:42:22,3.7,4.7,201,0.0,0.0,0,0.0,0.0,0,305194.00,0.00,0.00,239,12.92,3.32,0.00,0.2,4.998,4.998,4.998,4.998,249
2022-03-08 22:43:22,7.4,12.1,337,0.0,0.0,0,0.0,0.0,0,305531.00,0.00,0.00,191,12.92,2.66,0.00,0.2,4.998,4.998,4.998,4.998,187
2022-03-08 22:44:22,5.7,11.3,484,0.0,0.0,0,0.0,0.0,0,306015.00,0.00,0.00,206,12.92,2.86,0.00,0.2,4.998,4.998,4.998,4.998,41
2022-03-08 22:45:22,5.1,7.5,269,0.0,0.0,0,0.0,0.0,0,306284.00,0.00,0.00,242,12.92,3.37,0.00,0.2,4.998,4.998,4.998,4.998,12
2022-03-08 22:46:22,6.2,6.6,271,0.0,0.0,0,0.0,0.0,0,306555.00,0.00,0.00,274,12.89,3.81,0.00,0.2,4.998,4.998,4.998,4.998,64
2022-03-08 22:47:22,8.6,9.8,422,0.0,0.0,0,0.0,0.0,0,306977.00,0.00,0.00,212,12.92,2.94,0.00,0.2,4.998,4.998,4.998,4.998,241
2022-03-08 22:48:22,5.3,8.9,330,0.0,0.0,0,0.0,0.0,0,307307.00,0.00,0.00,258,12.89,3.59,0.00,0.2,4.998,4.998,4.998,4.998,178
2022-03-08 22:49:22,4.5,9.5,409,0.0,0.0,0,0.0,0.0,0,307716.00,0.00,0.00,223,12.89,3.11,0.00,-0.2,4.998,4.998,4.998,4.998,193
2022-03-08 22:50:22,3.5,9.0,332,0.0,0.0,0,0.0,0.0,0,308048.00,0.00,0.00,209,12.89,2.90,0.00,-0.2,4.998,4.998,4.998,4.998,133
2022-03-08 22:51:22,4.8,7.5,294,0.0,0.0,0,0.0,0.0,0,308342.00,0.00,0.00,284,12.89,3.95,0.00,-0.2,4.998,4.998,4.998,4.998,8
2022-03-08 22:52:22,6.8,10.4,460,0.0,0.0,0,0.0,0.0,0,308802.00,0.00,0.00,217,12.89,3.02,0.00,0.2,4.998,4.998,4.998,4.998,47
2022-03-08 22:53:22,3.4,7.5,275,0.0,0.0,0,0.0,0.0,0,309077.00,0.00,0.00,245,12.92,3.41,0.00,0.2,4.998,4.998,4.998,4.998,87
2022-03-08 22:54:22,4.2,8.1,310,0.0,0.0,0,0.0,0.0,0,309387.00,0.00,0.00,238,12.89,3.31,0.00,-0.2,4.998,4.998,4.998,4.998,33
2022-03-08 22:55:22,6.6,8.0,297,0.0,0.0,0,0.0,0.0,0,309684.00,0.00,0.00,260,12.92,3.62,0.00,-0.2,4.998,4.998,4.998,4.998,190
2022-03-08 22:56:22,4.5,9.9,438,0.0,0.0,0,0.0,0.0,0,310122.00,0.00,0.00,244,12.92,3.39,0.00,-0.2,4.998,4.998,4.998,4.998,128
2022-03-08 22:57:22,4.1,9.2,354,0.0,0.0,0,0.0,0.0,0,310476.00,0.00,0.00,238,12.89,3.31,0.00,-0.2,4.998,4.998,4.998,4.998,198
2022-03-08 22:58:22,3.6,6.7,266,0.0,0.0,0,0.0,0.0,0,310742.00,0.00,0.00,251,12.89,3.49,0.00,-0.2,4.998,4.998,4.998,4.998,211
2022-03-08 22:59:22,4.3,8.2,359,0.0,0.0,0,0.0,0.0,0,311101.00,0.00,0.00,190,12.92,2.65,0.00,-0.2,4.998,4.998,4.998,4.998,72
2022-03-08 23:00:22,2.9,6.6,267,0.0,0.0,0,0.0,0.0,0,311368.00,0.00,0.00,220,12.89,3.05,0.00,-0.2,4.998,4.998,4.998,4.998,144
2022-03-08 23:01:22,6.3,7.5,287,0.0,0.0,0,0.0,0.0,0,311655.00,0.00,0.00,243,12.92,3.38,0.00,-0.2,4.998,4.998,4.998,4.998,144
2022-03-08 23:02:22,5.8,12.9,464,0.0,0.0,0,0.0,0.0,0,312119.00,0.00,0.00,188,12.92,2.62,0.00,-0.2,4.998,4.998,4.998,4.998,26
2022-03-08 23:03:22,4.8,6.9,315,0.0,0.0,0,0.0,0.0,0,312434.00,0.00,0.00,240,12.89,3.33,0.00,-0.2,4.998,4.998,4.998,4.998,2
2022-03-08 23:04:22,6.3,9.5,435,0.0,0.0,0,0.0,0.0,0,312869.00,0.00,0.00,230,12.92,3.20,0.00,0.2,4.998,4.998,4.998,4.998,104
2022-03-08 23:05:22,4.9,7.3,352,0.0,0.0,0,0.0,0.0,0,313221.00,0.00,0.00,235,12.92,3.27,0.00,-0.2,4.998,4.998,4.998,4.998,235
2022-03-08 23:06:22,4.5,6.6,279,0.0,0.0,0,0.0,0.0,0,313500.00,0.00,0.00,244,12.89,3.39,0.00,-0.2,4.998,4.998,4.998,4.998,93
2022-03-08 23:07:22,5.0,5.4,229,0.0,0.0,0,0.0,0.0,0,313729.00,0.00,0.00,246,12.89,3.42,0.00,-0.6,4.998,4.998,4.998,4.998,172
2022-03-08 23:08:22,2.5,7.2,312,0.0,0.0,0,0.0,0.0,0,314041.00,0.00,0.00,219,12.89,3.05,0.00,-0.2,4.998,4.998,4.998,4.998,255
2022-03-08 23:09:22,4.9,7.6,302,0.0,0.0,0,0.0,0.0,0,314343.00,0.00,0.00,258,12.92,3.58,0.00,-0.6,4.998,4.998,4.998,4.998,252
2022-03-08 23:10:22,5.9,6.8,240,0.0,0.0,0,0.0,0.0,0,314583.00,0.00,0.00,230,12.89,3.20,0.00,-0.2,4.998,4.998,4.998,4.998,223
2022-03-08 23:11:22,4.3,8.5,319,0.0,0.0,0,0.0,0.0,0,314902.00,0.00,0.00,214,12.89,2.97,0.00,-0.2,4.998,4.998,4.998,4.998,171
2022-03-08 23:12:22,3.2,4.8,178,0.0,0.0,0,0.0,0.0,0,315080.00,0.00,0.00,211,12.92,2.93,0.00,-0.6,4.998,4.998,4.998,4.998,146
2022-03-08 23:13:22,4.5,5.0,205,0.0,0.0,0,0.0,0.0,0,315285.00,0.00,0.00,258,12.89,3.58,0.00,-0.6,4.998,4.998,4.998,4.998,113
2022-03-08 23:14:22,3.1,5.3,217,0.0,0.0,0,0.0,0.0,0,315502.00,0.00,0.00,220,12.89,3.05,0.00,-0.6,4.998,4.998,4.998,4.998,73
2022-03-08 23:15:22,3.9,5.8,204,0.0,0.0,0,0.0,0.0,0,315706.00,0.00,0.00,217,12.89,3.02,0.00,-0.6,4.998,4.998,4.998,4.998,239
2022-03-08 23:16:22,5.3,8.7,336,0.0,0.0,0,0.0,0.0,0,316042.00,0.00,0.00,212,12.89,2.95,0.00,-0.6,4.998,4.998,4.998,4.998,164
2022-03-08 23:17:22,7.5,11.6,441,0.0,0.0,0,0.0,0.0,0,316483.00,0.00,0.00,252,12.89,3.51,0.00,-0.6,4.998,4.998,4.998,4.998,179
2022-03-08 23:18:22,4.8,7.6,313,0.0,0.0,0,0.0,0.0,0,316796.00,0.00,0.00,229,12.89,3.18,0.00,-0.6,4.998,4.998,4.998,4.998,179
2022-03-08 23:19:22,5.0,9.0,324,0.0,0.0,0,0.0,0.0,0,317120.00,0.00,0.00,263,12.89,3.65,0.00,-0.6,4.998,4.998,4.998,4.998,161
2022-03-08 23:20:22,4.5,6.9,326,0.0,0.0,0,0.0,0.0,0,317446.00,0.00,0.00,252,12.89,3.50,0.00,-0.6,4.998,4.998,4.998,4.998,51
2022-03-08 23:21:22,8.8,8.8,326,0.0,0.0,0,0.0,0.0,0,317772.00,0.00,0.00,268,12.89,3.73,0.00,-0.6,4.998,4.998,4.998,4.998,141
2022-03-08 23:22:22,5.2,11.8,446,0.0,0.0,0,0.0,0.0,0,318218.00,0.00,0.00,221,12.89,3.07,0.00,-0.2,4.998,4.998,4.998,4.998,196
2022-03-08 23:23:22,4.5,8.6,332,0.0,0.0,0,0.0,0.0,0,318550.00,0.00,0.00,224,12.89,3.12,0.00,-0.2,4.998,4.998,4.998,4.998,152
2022-03-08 23:24:22,8.2,9.3,394,0.0,0.0,0,0.0,0.0,0,318944.00,0.00,0.00,235,12.89,3.27,0.00,-0.2,4.998,4.998,4.998,4.998,147
2022-03-08 23:25:22,5.1,8.3,271,0.0,0.0,0,0.0,0.0,0,319215.00,0.00,0.00,227,12.89,3.15,0.00,-0.6,4.998,4.998,4.998,4.998,5
2022-03-08 23:26:22,6.4,7.7,382,0.0,0.0,0,0.0,0.0,0,319597.00,0.00,0.00,255,12.89,3.55,0.00,-0.6,4.998,4.998,4.998,4.998,153
2022-03-08 23:27:22,9.2,9.6,400,0.0,0.0,0,0.0,0.0,0,319997.00,0.00,0.00,250,12.89,3.48,0.00,-0.6,4.998,4.998,4.998,4.998,135
2022-03-08 23:28:22,7.1,9.8,356,0.0,0.0,0,0.0,0.0,0,320353.00,0.00,0.00,232,12.89,3.22,0.00,-0.6,4.998,4.998,4.998,4.998,121
2022-03-08 23:29:22,8.1,11.8,464,0.0,0.0,0,0.0,0.0,0,320817.00,0.00,0.00,249,12.89,3.47,0.00,-0.2,4.998,4.998,4.998,4.998,108
2022-03-08 23:30:22,6.0,12.9,522,0.0,0.0,0,0.0,0.0,0,321339.00,0.00,0.00,235,12.89,3.26,0.00,-0.2,4.998,4.998,4.998,4.998,144
2022-03-08 23:31:22,5.4,9.4,389,0.0,0.0,0,0.0,0.0,0,321728.00,0.00,0.00,209,12.89,2.91,0.00,-0.6,4.998,4.998,4.998,4.998,117
2022-03-08 23:32:22,8.3,10.0,351,0.0,0.0,0,0.0,0.0,0,322079.00,0.00,0.00,255,12.89,3.55,0.00,-0.2,4.998,4.998,4.998,4.998,105
2022-03-08 23:33:22,6.4,10.4,406,0.0,0.0,0,0.0,0.0,0,322485.00,0.00,0.00,242,12.89,3.37,0.00,-0.6,4.998,4.998,4.998,4.998,98
2022-03-08 23:34:22,7.2,11.0,453,0.0,0.0,0,0.0,0.0,0,322938.00,0.00,0.00,256,12.89,3.56,0.00,-0.2,4.998,4.998,4.998,4.998,189
2022-03-08 23:35:22,9.4,12.4,498,0.0,0.0,0,0.0,0.0,0,323436.00,0.00,0.00,254,12.89,3.54,0.00,-0.2,4.998,4.998,4.998,4.998,214
2022-03-08 23:36:22,8.6,10.7,517,0.0,0.0,0,0.0,0.0,0,323953.00,0.00,0.00,247,12.85,3.43,0.00,-0.2,4.998,4.998,4.998,4.998,170
2022-03-08 23:37:22,5.5,10.4,454,0.0,0.0,0,0.0,0.0,0,324407.00,0.00,0.00,200,12.89,2.78,0.00,-0.6,4.998,4.998,4.998,4.998,250
2022-03-08 23:38:22,5.5,6.7,278,0.0,0.0,0,0.0,0.0,0,324685.00,0.00,0.00,225,12.89,3.12,0.00,-1.1,4.998,4.998,4.998,4.998,55
2022-03-08 23:39:22,8.6,12.3,381,0.0,0.0,0,0.0,0.0,0,325066.00,0.00,0.00,234,12.89,3.26,0.00,-0.6,4.998,4.998,4.998,4.998,80
2022-03-08 23:40:22,7.8,13.5,564,0.0,0.0,0,0.0,0.0,0,325630.00,0.00,0.00,236,12.89,3.29,0.00,-0.2,4.998,4.998,4.998,4.998,238
2022-03-08 23:41:22,9.8,11.5,353,0.0,0.0,0,0.0,0.0,0,325983.00,0.00,0.00,249,12.89,3.46,0.00,-0.2,4.998,4.998,4.998,4.998,6
2022-03-08 23:42:22,7.0,11.3,477,0.0,0.0,0,0.0,0.0,0,326460.00,0.00,0.00,252,12.89,3.50,0.00,-0.2,4.998,4.998,4.998,4.998,245
2022-03-08 23:43:22,5.2,13.3,430,0.0,0.0,0,0.0,0.0,0,326890.00,0.00,0.00,248,12.89,3.45,0.00,-0.2,4.998,4.998,4.998,4.998,237
2022-03-08 23:44:22,4.1,11.1,443,0.0,0.0,0,0.0,0.0,0,327333.00,0.00,0.00,223,12.89,3.11,0.00,-0.2,4.998,4.998,4.998,4.998,1
2022-03-08 23:45:22,4.1,7.1,295,0.0,0.0,0,0.0,0.0,0,327628.00,0.00,0.00,200,12.89,2.78,0.00,-0.2,4.998,4.998,4.998,4.998,27
2022-03-08 23:46:22,6.9,12.5,457,0.0,0.0,0,0.0,0.0,0,328085.00,0.00,0.00,206,12.89,2.87,0.00,-0.6,4.998,4.998,4.998,4.998,121
2022-03-08 23:47:22,6.4,10.7,377,0.0,0.0,0,0.0,0.0,0,328462.00,0.00,0.00,229,12.89,3.19,0.00,-0.2,4.998,4.998,4.998,4.998,45
2022-03-08 23:48:22,5.9,13.0,376,0.0,0.0,0,0.0,0.0,0,328838.00,0.00,0.00,255,12.89,3.55,0.00,-0.2,4.998,4.998,4.998,4.998,242
2022-03-08 23:49:22,5.7,8.8,357,0.0,0.0,0,0.0,0.0,0,329195.00,0.00,0.00,291,12.89,4.05,0.00,-0.2,4.998,4.998,4.998,4.998,215
2022-03-08 23:50:22,6.0,13.1,453,0.0,0.0,0,0.0,0.0,0,329648.00,0.00,0.00,247,12.89,3.43,0.00,-0.2,4.998,4.998,4.998,4.998,235
2022-03-08 23:51:22,10.1,11.9,458,0.0,0.0,0,0.0,0.0,0,330106.00,0.00,0.00,203,12.85,2.82,0.00,-0.2,4.998,4.998,4.998,4.998,23
2022-03-08 23:52:22,9.6,12.5,472,0.0,0.0,0,0.0,0.0,0,330578.00,0.00,0.00,213,12.89,2.96,0.00,-0.2,4.998,4.998,4.998,4.998,14
2022-03-08 23:53:22,4.9,9.0,340,0.0,0.0,0,0.0,0.0,0,330918.00,0.00,0.00,222,12.89,3.09,0.00,-0.2,4.998,4.998,4.998,4.998,145
2022-03-08 23:54:22,5.8,8.0,314,0.0,0.0,0,0.0,0.0,0,331232.00,0.00,0.00,215,12.89,2.99,0.00,-0.2,4.998,4.998,4.998,4.998,88
2022-03-08 23:55:22,7.3,15.3,353,0.0,0.0,0,0.0,0.0,0,331585.00,0.00,0.00,241,12.85,3.35,0.00,-0.2,4.998,4.998,4.998,4.998,176
2022-03-08 23:56:22,3.3,11.8,387,0.0,0.0,0,0.0,0.0,0,331972.00,0.00,0.00,200,12.89,2.77,0.00,-0.6,4.998,4.998,4.998,4.998,230
2022-03-08 23:57:22,5.2,9.5,401,0.0,0.0,0,0.0,0.0,0,332373.00,0.00,0.00,214,12.85,2.97,0.00,-0.6,4.998,4.998,4.998,4.998,89
2022-03-08 23:58:22,4.7,10.7,423,0.0,0.0,0,0.0,0.0,0,332796.00,0.00,0.00,224,12.85,3.12,0.00,-0.2,4.998,4.998,4.998,4.998,66
2022-03-08 23:59:22,6.7,11.2,325,0.0,0.0,0,0.0,0.0,0,333121.00,0.00,0.00,193,12.85,2.69,0.00,-0.6,4.998,4.998,4.998,4.998,104
