2022-03-06 00:00:22,11.9,18.5,771,0.0,0.0,0,0.0,0.0,0,771.00,0.00,0.00,266,12.92,3.69,0.00,5.1,4.998,4.998,4.998,4.998,203
2022-03-06 00:01:22,13.7,14.7,676,0.0,0.0,0,0.0,0.0,0,1447.00,0.00,0.00,271,12.92,3.76,0.00,5.1,4.998,4.998,4.998,4.998,213
2022-03-06 00:02:22,9.8,15.9,609,0.0,0.0,0,0.0,0.0,0,2056.00,0.00,0.00,234,12.92,3.26,0.00,5.1,4.998,4.998,4.998,4.998,161
2022-03-06 00:03:22,8.0,11.3,433,0.0,0.0,0,0.0,0.0,0,2489.00,0.00,0.00,247,12.92,3.44,0.00,5.1,4.998,4.998,4.998,4.998,195
2022-03-06 00:04:22,8.2,21.8,785,0.0,0.0,0,0.0,0.0,0,3274.00,0.00,0.00,249,12.92,3.46,0.00,5.1,4.998,4.998,4.998,4.998,144
2022-03-06 00:05:22,10.6,15.2,659,0.0,0.0,0,0.0,0.0,0,3933.00,0.00,0.00,250,12.92,3.47,0.00,5.1,4.998,4.998,4.998,4.998,166
2022-03-06 00:06:22,9.8,13.6,528,0.0,0.0,0,0.0,0.0,0,4461.00,0.00,0.00,249,12.92,3.46,0.00,5.1,4.998,4.998,4.998,4.998,30
2022-03-06 00:07:22,9.0,24.5,700,0.0,0.0,0,0.0,0.0,0,5161.00,0.00,0.00,208,12.92,2.89,0.00,5.1,4.998,4.998,4.998,4.998,159
2022-03-06 00:08:22,6.4,21.5,653,0.0,0.0,0,0.0,0.0,0,5814.00,0.00,0.00,231,12.92,3.21,0.00,5.1,4.998,4.998,4.998,4.998,25
2022-03-06 00:09:22,8.6,14.5,550,0.0,0.0,0,0.0,0.0,0,6364.00,0.00,0.00,274,12.92,3.81,0.00,4.6,4.998,4.998,4.998,4.998,158
2022-03-06 00:10:22,3.8,14.5,598,0.0,0.0,0,0.0,0.0,0,6962.00,0.00,0.00,244,12.92,3.39,0.00,5.1,4.998,4.998,4.998,4.998,211
2022-03-06 00:11:22,8.0,17.9,561,0.0,0.0,0,0.0,0.0,0,7523.00,0.00,0.00,220,12.92,3.06,0.00,4.6,4.998,4.998,4.998,4.998,86
2022-03-06 00:12:22,11.0,14.2,581,0.0,0.0,0,0.0,0.0,0,8104.00,0.00,0.00,252,12.92,3.51,0.00,4.6,4.998,4.998,4.998,4.998,164
2022-03-06 00:13:22,11.4,14.9,653,0.0,0.0,0,0.0,0.0,0,8757.00,0.00,0.00,220,12.89,3.05,0.00,5.1,4.998,4.998,4.998,4.998,241
2022-03-06 00:14:22,8.9,12.7,474,0.0,0.0,0,0.0,0.0,0,9231.00,0.00,0.00,220,12.92,3.05,0.00,5.1,4.998,4.998,4.998,4.998,22
2022-03-06 00:15:22,14.1,15.2,575,0.0,0.0,0,0.0,0.0,0,9806.00,0.00,0.00,271,12.92,3.76,0.00,5.1,4.998,4.998,4.998,4.998,163
2022-03-06 00:16:22,10.1,17.5,705,0.0,0.0,0,0.0,0.0,0,10511.00,0.00,0.00,228,12.89,3.17,0.00,5.1,4.998,4.998,4.998,4.998,12
2022-03-06 00:17:22,9.0,18.1,709,0.0,0.0,0,0.0,0.0,0,11220.00,0.00,0.00,198,12.92,2.75,0.00,5.1,4.998,4.998,4.998,4.998,45
2022-03-06 00:18:22,6.5,14.7,432,0.0,0.0,0,0.0,0.0,0,11652.00,0.00,0.00,242,12.92,3.37,0.00,4.6,4.998,4.998,4.998,4.998,119
2022-03-06 00:19:22,7.8,14.1,557,0.0,0.0,0,0.0,0.0,0,12209.00,0.00,0.00,224,12.92,3.12,0.00,5.1,4.998,4.998,4.998,4.998,16
2022-03-06 00:20:22,11.9,22.1,639,0.0,0.0,0,0.0,0.0,0,12848.00,0.00,0.00,260,12.92,3.61,0.00,5.1,4.998,4.998,4.998,4.998,35
2022-03-06 00:21:22,8.1,15.3,626,0.0,0.0,0,0.0,0.0,0,13474.00,0.00,0.00,218,12.92,3.03,0.00,5.1,4.998,4.998,4.998,4.998,44
2022-03-06 00:22:22,8.8,18.0,750,0.0,0.0,0,0.0,0.0,0,14224.00,0.00,0.00,237,12.92,3.29,0.00,5.1,4.998,4.998,4.998,4.998,199
2022-03-06 00:23:22,11.5,25.1,938,0.0,0.0,0,0.0,0.0,0,15162.00,0.00,0.00,219,12.92,3.04,0.00,5.1,4.998,4.998,4.998,4.998,144
2022-03-06 00:24:22,9.8,22.0,750,0.0,0.0,0,0.0,0.0,0,15912.00,0.00,0.00,204,12.92,2.83,0.00,5.1,4.998,4.998,4.998,4.998,67
2022-03-06 00:25:22,7.7,15.3,503,0.0,0.0,0,0.0,0.0,0,16415.00,0.00,0.00,228,12.92,3.17,0.00,4.6,4.998,4.998,4.998,4.998,249
2022-03-06 00:26:22,15.7,16.3,582,0.0,0.0,0,0.0,0.0,0,16997.00,0.00,0.00,242,12.89,3.37,0.00,5.1,4.998,4.998,4.998,4.998,57
2022-03-06 00:27:22,9.2,21.8,879,0.0,0.0,0,0.0,0.0,0,17876.00,0.00,0.00,247,12.92,3.43,0.00,4.6,4.998,4.998,4.998,4.998,68
2022-03-06 00:28:22,8.0,12.8,541,0.0,0.0,0,0.0,0.0,0,18417.00,0.00,0.00,191,12.92,2.66,0.00,5.1,4.998,4.998,4.998,4.998,30
2022-03-06 00:29:22,12.9,15.8,576,0.0,0.0,0,0.0,0.0,0,18993.00,0.00,0.00,243,12.89,3.38,0.00,4.6,4.998,4.998,4.998,4.998,203
2022-03-06 00:30:22,7.3,17.0,643,0.0,0.0,0,0.0,0.0,0,19636.00,0.00,0.00,235,12.92,3.27,0.00,5.1,4.998,4.998,4.998,4.998,80
2022-03-06 00:31:22,15.9,15.9,507,0.0,0.0,0,0.0,0.0,0,20143.00,0.00,0.00,229,12.89,3.19,0.00,4.6,4.998,4.998,4.998,4.998,6
2022-03-06 00:32:22,8.6,17.8,593,0.0,0.0,0,0.0,0.0,0,20736.00,0.00,0.00,248,12.92,3.45,0.00,4.6,4.998,4.998,4.998,4.998,41
2022-03-06 00:33:22,7.0,14.5,521,0.0,0.0,0,0.0,0.0,0,21257.00,0.00,0.00,316,12.89,4.39,0.00,5.1,4.998,4.998,4.998,4.998,37
2022-03-06 00:34:22,8.3,14.6,584,0.0,0.0,0,0.0,0.0,0,21841.00,0.00,0.00,234,12.92,3.26,0.00,4.6,4.998,4.998,4.998,4.998,228
2022-03-06 00:35:22,14.0,14.2,560,0.0,0.0,0,0.0,0.0,0,22401.00,0.00,0.00,226,12.92,3.14,0.00,4.6,4.998,4.998,4.998,4.998,61
2022-03-06 00:36:22,13.2,19.6,637,0.0,0.0,0,0.0,0.0,0,23038.00,0.00,0.00,218,12.89,3.03,0.00,4.6,4.998,4.998,4.998,4.998,79
2022-03-06 00:37:22,13.0,18.8,725,0.0,0.0,0,0.0,0.0,0,23763.00,0.00,0.00,240,12.92,3.33,0.00,5.1,4.998,4.998,4.998,4.998,104
2022-03-06 00:38:22,7.2,16.2,634,0.0,0.0,0,0.0,0.0,0,24397.00,0.00,0.00,239,12.89,3.32,0.00,5.1,4.998,4.998,4.998,4.998,233
2022-03-06 00:39:22,4.8,19.8,790,0.0,0.0,0,0.0,0.0,0,25187.00,0.00,0.00,234,12.92,3.25,0.00,4.6,4.998,4.998,4.998,4.998,0
2022-03-06 00:40:22,12.3,15.5,552,0.0,0.0,0,0.0,0.0,0,25739.00,0.00,0.00,268,12.92,3.73,0.00,5.1,4.998,4.998,4.998,4.998,54
2022-03-06 00:41:22,18.8,25.0,898,0.0,0.0,0,0.0,0.0,0,26637.00,0.00,0.00,237,12.89,3.29,0.00,4.6,4.998,4.998,4.998,4.998,109
2022-03-06 00:42:22,12.2,23.3,762,0.0,0.0,0,0.0,0.0,0,27399.00,0.00,0.00,232,12.89,3.22,0.00,5.1,4.998,4.998,4.998,4.998,10
2022-03-06 00:43:22,9.1,13.7,532,0.0,0.0,0,0.0,0.0,0,27931.00,0.00,0.00,276,12.89,3.84,0.00,4.6,4.998,4.998,4.998,4.998,86
2022-03-06 00:44:22,9.3,16.2,684,0.0,0.0,0,0.0,0.0,0,28615.00,0.00,0.00,227,12.89,3.15,0.00,4.6,4.998,4.998,4.998,4.998,138
2022-03-06 00:45:22,14.5,16.0,535,0.0,0.0,0,0.0,0.0,0,29150.00,0.00,0.00,244,12.89,3.39,0.00,5.1,4.998,4.998,4.998,4.998,241
2022-03-06 00:46:22,9.6,14.9,586,0.0,0.0,0,0.0,0.0,0,29736.00,0.00,0.00,241,12.92,3.35,0.00,4.6,4.998,4.998,4.998,4.998,227
2022-03-06 00:47:22,7.7,14.0,558,0.0,0.0,0,0.0,0.0,0,30294.00,0.00,0.00,245,12.89,3.41,0.00,4.6,4.998,4.998,4.998,4.998,199
2022-03-06 00:48:22,6.1,10.3,403,0.0,0.0,0,0.0,0.0,0,30697.00,0.00,0.00,232,12.89,3.22,0.00,4.6,4.998,4.998,4.998,4.998,250
2022-03-06 00:49:22,11.8,19.0,492,0.0,0.0,0,0.0,0.0,0,31189.00,0.00,0.00,255,12.89,3.54,0.00,4.6,4.998,4.998,4.998,4.998,80
2022-03-06 00:50:22,5.3,16.1,638,0.0,0.0,0,0.0,0.0,0,31827.00,0.00,0.00,217,12.89,3.02,0.00,4.6,4.998,4.998,4.998,4.998,64
2022-03-06 00:51:22,7.8,13.4,512,0.0,0.0,0,0.0,0.0,0,32339.00,0.00,0.00,272,12.89,3.77,0.00,4.6,4.998,4.998,4.998,4.998,107
2022-03-06 00:52:22,9.6,17.8,681,0.0,0.0,0,0.0,0.0,0,33020.00,0.00,0.00,235,12.89,3.27,0.00,4.6,4.998,4.998,4.998,4.998,24
2022-03-06 00:53:22,7.6,14.3,611,0.0,0.0,0,0.0,0.0,0,33631.00,0.00,0.00,218,12.89,3.03,0.00,5.1,4.998,4.998,4.998,4.998,70
2022-03-06 00:54:22,13.4,18.8,816,0.0,0.0,0,0.0,0.0,0,34447.00,0.00,0.00,249,12.92,3.46,0.00,4.6,4.998,4.998,4.998,4.998,230
2022-03-06 00:55:22,9.8,20.8,837,0.0,0.0,0,0.0,0.0,0,35284.00,0.00,0.00,253,12.89,3.52,0.00,5.1,4.998,4.998,4.998,4.998,166
2022-03-06 00:56:22,6.3,15.3,648,0.0,0.0,0,0.0,0.0,0,35932.00,0.00,0.00,233,12.89,3.24,0.00,4.6,4.998,4.998,4.998,4.998,205
2022-03-06 00:57:22,11.6,13.0,594,0.0,0.0,0,0.0,0.0,0,36526.00,0.00,0.00,269,12.92,3.74,0.00,4.6,4.998,4.998,4.998,4.998,239
2022-03-06 00:58:22,11.3,19.9,849,0.0,0.0,0,0.0,0.0,0,37375.00,0.00,0.00,232,12.89,3.22,0.00,5.1,4.998,4.998,4.998,4.998,159
2022-03-06 00:59:22,8.5,15.0,656,0.0,0.0,0,0.0,0.0,0,38031.00,0.00,0.00,262,12.92,3.64,0.00,5.1,4.998,4.998,4.998,4.998,26
2022-03-06 01:00:22,6.5,13.0,510,0.0,0.0,0,0.0,0.0,0,38541.00,0.00,0.00,211,12.92,2.93,0.00,4.6,4.998,4.998,4.998,4.998,24
2022-03-06 01:01:22,4.7,10.0,436,0.0,0.0,0,0.0,0.0,0,38977.00,0.00,0.00,219,12.89,3.04,0.00,4.6,4.998,4.998,4.998,4.998,48
2022-03-06 01:02:22,6.1,10.6,468,0.0,0.0,0,0.0,0.0,0,39445.00,0.00,0.00,243,12.92,3.38,0.00,5.1,4.998,4.998,4.998,4.998,14
2022-03-06 01:03:22,7.7,16.6,592,0.0,0.0,0,0.0,0.0,0,40037.00,0.00,0.00,224,12.89,3.12,0.00,5.1,4.998,4.998,4.998,4.998,198
2022-03-06 01:04:22,7.2,16.4,561,0.0,0.0,0,0.0,0.0,0,40598.00,0.00,0.00,246,12.89,3.41,0.00,4.6,4.998,4.998,4.998,4.998,32
2022-03-06 01:05:22,7.6,12.0,505,0.0,0.0,0,0.0,0.0,0,41103.00,0.00,0.00,262,12.92,3.64,0.00,4.6,4.998,4.998,4.998,4.998,147
2022-03-06 01:06:22,4.5,9.9,413,0.0,0.0,0,0.0,0.0,0,41516.00,0.00,0.00,239,12.89,3.33,0.00,4.6,4.998,4.998,4.998,4.998,99
2022-03-06 01:07:22,6.4,9.3,377,0.0,0.0,0,0.0,0.0,0,41893.00,0.00,0.00,241,12.89,3.34,0.00,4.6,4.998,4.998,4.998,4.998,24
2022-03-06 01:08:22,8.2,17.3,682,0.0,0.0,0,0.0,0.0,0,42575.00,0.00,0.00,249,12.89,3.46,0.00,4.6,4.998,4.998,4.998,4.998,245
2022-03-06 01:09:22,8.9,14.1,588,0.0,0.0,0,0.0,0.0,0,43163.00,0.00,0.00,222,12.89,3.09,0.00,4.6,4.998,4.998,4.998,4.998,175
2022-03-06 01:10:22,6.4,12.5,505,0.0,0.0,0,0.0,0.0,0,43668.00,0.00,0.00,239,12.89,3.32,0.00,4.6,4.998,4.998,4.998,4.998,140
2022-03-06 01:11:22,5.1,12.3,388,0.0,0.0,0,0.0,0.0,0,44056.00,0.00,0.00,225,12.89,3.12,0.00,4.6,4.998,4.998,4.998,4.998,68
2022-03-06 01:12:22,5.1,9.4,406,0.0,0.0,0,0.0,0.0,0,44462.00,0.00,0.00,214,12.89,2.98,0.00,4.6,4.998,4.998,4.998,4.998,47
2022-03-06 01:13:22,5.4,9.5,366,0.0,0.0,0,0.0,0.0,0,44828.00,0.00,0.00,198,12.92,2.75,0.00,4.6,4.998,4.998,4.998,4.998,255
2022-03-06 01:14:22,10.4,14.4,471,0.0,0.0,0,0.0,0.0,0,45299.00,0.00,0.00,223,12.89,3.10,0.00,4.6,4.998,4.998,4.998,4.998,77
2022-03-06 01:15:22,8.1,15.8,593,0.0,0.0,0,0.0,0.0,0,45892.00,0.00,0.00,223,12.89,3.11,0.00,4.6,4.998,4.998,4.998,4.998,91
2022-03-06 01:16:22,13.3,18.6,804,0.0,0.0,0,0.0,0.0,0,46696.00,0.00,0.00,227,12.92,3.15,0.00,4.6,4.998,4.998,4.998,4.998,154
2022-03-06 01:17:22,5.0,13.8,480,0.0,0.0,0,0.0,0.0,0,47176.00,0.00,0.00,228,12.92,3.17,0.00,4.6,4.998,4.998,4.998,4.998,238
2022-03-06 01:18:22,7.1,14.9,500,0.0,0.0,0,0.0,0.0,0,47676.00,0.00,0.00,273,12.89,3.79,0.00,4.1,4.998,4.998,4.998,4.998,216
2022-03-06 01:19:22,7.9,13.5,532,0.0,0.0,0,0.0,0.0,0,48208.00,0.00,0.00,233,12.89,3.24,0.00,4.1,4.998,4.998,4.998,4.998,121
2022-03-06 01:20:22,10.9,16.0,553,0.0,0.0,0,0.0,0.0,0,48761.00,0.00,0.00,250,12.92,3.48,0.00,4.1,4.998,4.998,4.998,4.998,215
2022-03-06 01:21:22,8.3,12.0,515,0.0,0.0,0,0.0,0.0,0,49276.00,0.00,0.00,273,12.89,3.79,0.00,4.6,4.998,4.998,4.998,4.998,52
2022-03-06 01:22:22,9.0,13.0,530,0.0,0.0,0,0.0,0.0,0,49806.00,0.00,0.00,242,12.89,3.36,0.00,4.6,4.998,4.998,4.998,4.998,88
2022-03-06 01:23:22,9.4,16.4,635,0.0,0.0,0,0.0,0.0,0,50441.00,0.00,0.00,238,12.92,3.31,0.00,4.1,4.998,4.998,4.998,4.998,58
2022-03-06 01:24:22,8.5,13.7,537,0.0,0.0,0,0.0,0.0,0,50978.00,0.00,0.00,247,12.89,3.44,0.00,4.6,4.998,4.998,4.998,4.998,18
2022-03-06 01:25:22,8.4,12.2,482,0.0,0.0,0,0.0,0.0,0,51460.00,0.00,0.00,228,12.89,3.16,0.00,4.1,4.998,4.998,4.998,4.998,11
2022-03-06 01:26:22,7.8,11.2,491,0.0,0.0,0,0.0,0.0,0,51951.00,0.00,0.00,225,12.89,3.13,0.00,4.1,4.998,4.998,4.998,4.998,70
2022-03-06 01:27:22,6.3,10.1,421,0.0,0.0,0,0.0,0.0,0,52372.00,0.00,0.00,240,12.92,3.33,0.00,4.1,4.998,4.998,4.998,4.998,113
2022-03-06 01:28:22,8.1,10.7,383,0.0,0.0,0,0.0,0.0,0,52755.00,0.00,0.00,241,12.89,3.35,0.00,4.1,4.998,4.998,4.998,4.998,111
2022-03-06 01:29:22,11.3,13.9,505,0.0,0.0,0,0.0,0.0,0,53260.00,0.00,0.00,249,12.89,3.46,0.00,4.1,4.998,4.998,4.998,4.998,15
2022-03-06 01:30:22,13.3,14.3,605,0.0,0.0,0,0.0,0.0,0,53865.00,0.00,0.00,256,12.89,3.56,0.00,4.1,4.998,4.998,4.998,4.998,42
2022-03-06 01:31:22,9.3,17.6,820,0.0,0.0,0,0.0,0.0,0,54685.00,0.00,0.00,234,12.89,3.26,0.00,4.1,4.998,4.998,4.998,4.998,77
2022-03-06 01:32:22,9.2,16.3,710,0.0,0.0,0,0.0,0.0,0,55395.00,0.00,0.00,238,12.89,3.31,0.00,4.6,4.998,4.998,4.998,4.998,186
2022-03-06 01:33:22,5.0,13.0,509,0.0,0.0,0,0.0,0.0,0,55904.00,0.00,0.00,217,12.92,3.02,0.00,4.1,4.998,4.998,4.998,4.998,6
2022-03-06 01:34:22,8.2,16.3,516,0.0,0.0,0,0.0,0.0,0,56420.00,0.00,0.00,239,12.89,3.32,0.00,4.6,4.998,4.998,4.998,4.998,209
2022-03-06 01:35:22,7.6,14.1,635,0.0,0.0,0,0.0,0.0,0,57055.00,0.00,0.00,216,12.89,3.01,0.00,4.1,4.998,4.998,4.998,4.998,17
2022-03-06 01:36:22,10.8,13.3,576,0.0,0.0,0,0.0,0.0,0,57631.00,0.00,0.00,241,12.92,3.35,0.00,4.1,4.998,4.998,4.998,4.998,253
2022-03-06 01:37:22,6.0,13.1,557,0.0,0.0,0,0.0,0.0,0,58188.00,0.00,0.00,241,12.89,3.35,0.00,4.1,4.998,4.998,4.998,4.998,244
2022-03-06 01:38:22,7.9,12.1,532,0.0,0.0,0,0.0,0.0,0,58720.00,0.00,0.00,207,12.89,2.88,0.00,4.1,4.998,4.998,4.998,4.998,24
2022-03-06 01:39:22,7.2,10.3,406,0.0,0.0,0,0.0,0.0,0,59126.00,0.00,0.00,240,12.89,3.33,0.00,4.1,4.998,4.998,4.998,4.998,27
2022-03-06 01:40:22,11.4,14.6,617,0.0,0.0,0,0.0,0.0,0,59743.00,0.00,0.00,245,12.89,3.40,0.00,4.1,4.998,4.998,4.998,4.998,26
2022-03-06 01:41:22,5.8,13.9,552,0.0,0.0,0,0.0,0.0,0,60295.00,0.00,0.00,220,12.89,3.05,0.00,4.1,4.998,4.998,4.998,4.998,72
2022-03-06 01:42:22,4.5,7.0,266,0.0,0.0,0,0.0,0.0,0,60561.00,0.00,0.00,244,12.89,3.39,0.00,4.1,4.998,4.998,4.998,4.998,98
2022-03-06 01:43:22,4.8,5.4,198,0.0,0.0,0,0.0,0.0,0,60759.00,0.00,0.00,222,12.89,3.09,0.00,4.1,4.998,4.998,4.998,4.998,58
2022-03-06 01:44:22,7.0,12.2,448,0.0,0.0,0,0.0,0.0,0,61207.00,0.00,0.00,179,12.89,2.49,0.00,4.1,4.998,4.998,4.998,4.998,116
2022-03-06 01:45:22,14.5,14.5,538,0.0,0.0,0,0.0,0.0,0,61745.00,0.00,0.00,279,12.89,3.87,0.00,3.7,4.998,4.998,4.998,4.998,96
2022-03-06 01:46:22,5.5,14.7,605,0.0,0.0,0,0.0,0.0,0,62350.00,0.00,0.00,242,12.89,3.36,0.00,4.1,4.998,4.998,4.998,4.998,75
2022-03-06 01:47:22,3.3,7.2,305,0.0,0.0,0,0.0,0.0,0,62655.00,0.00,0.00,223,12.89,3.10,0.00,3.7,4.998,4.998,4.998,4.998,7
2022-03-06 01:48:22,8.2,8.6,306,0.0,0.0,0,0.0,0.0,0,62961.00,0.00,0.00,231,12.89,3.21,0.00,4.1,4.998,4.998,4.998,4.998,2
2022-03-06 01:49:22,4.2,13.3,485,0.0,0.0,0,0.0,0.0,0,63446.00,0.00,0.00,219,12.89,3.04,0.00,4.1,4.998,4.998,4.998,4.998,191
2022-03-06 01:50:22,4.6,7.1,290,0.0,0.0,0,0.0,0.0,0,63736.00,0.00,0.00,211,12.89,2.93,0.00,3.7,4.998,4.998,4.998,4.998,125
2022-03-06 01:51:22,2.5,12.0,497,0.0,0.0,0,0.0,0.0,0,64233.00,0.00,0.00,227,12.89,3.15,0.00,3.7,4.998,4.998,4.998,4.998,179
2022-03-06 01:52:22,7.1,10.1,320,0.0,0.0,0,0.0,0.0,0,64553.00,0.00,0.00,275,12.89,3.82,0.00,3.7,4.998,4.998,4.998,4.998,160
2022-03-06 01:53:22,7.3,13.5,531,0.0,0.0,0,0.0,0.0,0,65084.00,0.00,0.00,208,12.89,2.89,0.00,3.7,4.998,4.998,4.998,4.998,89
2022-03-06 01:54:22,9.2,10.0,432,0.0,0.0,0,0.0,0.0,0,65516.00,0.00,0.00,233,12.89,3.23,0.00,3.7,4.998,4.998,4.998,4.998,25
2022-03-06 01:55:22,8.9,14.2,624,0.0,0.0,0,0.0,0.0,0,66140.00,0.00,0.00,217,12.89,3.01,0.00,3.7,4.998,4.998,4.998,4.998,82
2022-03-06 01:56:22,9.6,11.4,431,0.0,0.0,0,0.0,0.0,0,66571.00,0.00,0.00,235,12.89,3.26,0.00,3.7,4.998,4.998,4.998,4.998,113
2022-03-06 01:57:22,5.9,15.1,508,0.0,0.0,0,0.0,0.0,0,67079.00,0.00,0.00,230,12.89,3.19,0.00,3.7,4.998,4.998,4.998,4.998,122
2022-03-06 01:58:22,5.0,9.1,277,0.0,0.0,0,0.0,0.0,0,67356.00,0.00,0.00,221,12.89,3.07,0.00,3.7,4.998,4.998,4.998,4.998,230
2022-03-06 01:59:22,8.2,13.5,496,0.0,0.0,0,0.0,0.0,0,67852.00,0.00,0.00,247,12.89,3.43,0.00,3.7,4.998,4.998,4.998,4.998,80
2022-03-06 02:00:22,6.1,10.2,430,0.0,0.0,0,0.0,0.0,0,68282.00,0.00,0.00,211,12.89,2.93,0.00,3.7,4.998,4.998,4.998,4.998,230
2022-03-06 02:01:22,7.5,7.9,316,0.0,0.0,0,0.0,0.0,0,68598.00,0.00,0.00,209,12.89,2.90,0.00,3.7,4.998,4.998,4.998,4.998,7
2022-03-06 02:02:22,9.9,10.1,377,0.0,0.0,0,0.0,0.0,0,68975.00,0.00,0.00,236,12.89,3.29,0.00,3.7,4.998,4.998,4.998,4.998,65
2022-03-06 02:03:22,5.4,10.4,400,0.0,0.0,0,0.0,0.0,0,69375.00,0.00,0.00,211,12.89,2.93,0.00,3.2,4.998,4.998,4.998,4.998,139
2022-03-06 02:04:22,10.1,10.8,381,0.0,0.0,0,0.0,0.0,0,69756.00,0.00,0.00,194,12.89,2.70,0.00,3.2,4.998,4.998,4.998,4.998,236
2022-03-06 02:05:22,8.6,13.2,521,0.0,0.0,0,0.0,0.0,0,70277.00,0.00,0.00,217,12.89,3.02,0.00,3.7,4.998,4.998,4.998,4.998,225
2022-03-06 02:06:22,6.2,12.4,484,0.0,0.0,0,0.0,0.0,0,70761.00,0.00,0.00,235,12.89,3.26,0.00,3.7,4.998,4.998,4.998,4.998,70
2022-03-06 02:07:22,8.4,15.2,501,0.0,0.0,0,0.0,0.0,0,71262.00,0.00,0.00,238,12.89,3.30,0.00,3.7,4.998,4.998,4.998,4.998,217
2022-03-06 02:08:22,7.8,10.7,498,0.0,0.0,0,0.0,0.0,0,71760.00,0.00,0.00,245,12.89,3.41,0.00,3.7,4.998,4.998,4.998,4.998,62
2022-03-06 02:09:22,7.1,9.7,402,0.0,0.0,0,0.0,0.0,0,72162.00,0.00,0.00,214,12.89,2.97,0.00,3.7,4.998,4.998,4.998,4.998,38
2022-03-06 02:10:22,11.4,15.3,498,0.0,0.0,0,0.0,0.0,0,72660.00,0.00,0.00,239,12.89,3.33,0.00,3.7,4.998,4.998,4.998,4.998,13
2022-03-06 02:11:22,11.3,20.2,801,0.0,0.0,0,0.0,0.0,0,73461.00,0.00,0.00,211,12.89,2.93,0.00,3.7,4.998,4.998,4.998,4.998,123
2022-03-06 02:12:22,9.6,18.5,716,0.0,0.0,0,0.0,0.0,0,74177.00,0.00,0.00,188,12.89,2.61,0.00,3.7,4.998,4.998,4.998,4.998,112
2022-03-06 02:13:22,4.2,13.1,549,0.0,0.0,0,0.0,0.0,0,74726.00,0.00,0.00,243,12.89,3.38,0.00,3.7,4.998,4.998,4.998,4.998,222
2022-03-06 02:14:22,7.5,9.3,334,0.0,0.0,0,0.0,0.0,0,75060.00,0.00,0.00,191,12.89,2.65,0.00,3.7,4.998,4.998,4.998,4.998,182
2022-03-06 02:15:22,5.5,14.5,569,0.0,0.0,0,0.0,0.0,0,75629.00,0.00,0.00,247,12.89,3.43,0.00,3.7,4.998,4.998,4.998,4.998,108
2022-03-06 02:16:22,11.5,16.2,604,0.0,0.0,0,0.0,0.0,0,76233.00,0.00,0.00,235,12.89,3.26,0.00,3.7,4.998,4.998,4.998,4.998,224
2022-03-06 02:17:22,20.1,21.0,538,0.0,0.0,0,0.0,0.0,0,76771.00,0.00,0.00,239,12.89,3.32,0.00,3.7,4.998,4.998,4.998,4.998,192
2022-03-06 02:18:22,7.1,20.3,641,0.0,0.0,0,0.0,0.0,0,77412.00,0.00,0.00,227,12.89,3.15,0.00,3.7,4.998,4.998,4.998,4.998,254
2022-03-06 02:19:22,5.6,11.8,394,0.0,0.0,0,0.0,0.0,0,77806.00,0.00,0.00,204,12.89,2.83,0.00,3.7,4.998,4.998,4.998,4.998,137
2022-03-06 02:20:22,6.9,14.2,425,0.0,0.0,0,0.0,0.0,0,78231.00,0.00,0.00,238,12.89,3.31,0.00,3.7,4.998,4.998,4.998,4.998,72
2022-03-06 02:21:22,7.2,13.8,463,0.0,0.0,0,0.0,0.0,0,78694.00,0.00,0.00,246,12.89,3.41,0.00,3.2,4.998,4.998,4.998,4.998,19
2022-03-06 02:22:22,4.5,13.9,555,0.0,0.0,0,0.0,0.0,0,79249.00,0.00,0.00,206,12.89,2.86,0.00,3.7,4.998,4.998,4.998,4.998,217
2022-03-06 02:23:22,7.3,13.0,538,0.0,0.0,0,0.0,0.0,0,79787.00,0.00,0.00,205,12.89,2.85,0.00,3.7,4.998,4.998,4.998,4.998,169
2022-03-06 02:24:22,11.2,13.2,527,0.0,0.0,0,0.0,0.0,0,80314.00,0.00,0.00,214,12.89,2.97,0.00,3.7,4.998,4.998,4.998,4.998,202
2022-03-06 02:25:22,5.7,16.0,581,0.0,0.0,0,0.0,0.0,0,80895.00,0.00,0.00,229,12.89,3.19,0.00,3.7,4.998,4.998,4.998,4.998,79
2022-03-06 02:26:22,8.0,16.4,588,0.0,0.0,0,0.0,0.0,0,81483.00,0.00,0.00,244,12.89,3.39,0.00,3.2,4.998,4.998,4.998,4.998,255
2022-03-06 02:27:22,7.8,12.8,500,0.0,0.0,0,0.0,0.0,0,81983.00,0.00,0.00,230,12.89,3.20,0.00,3.2,4.998,4.998,4.998,4.998,236
2022-03-06 02:28:22,8.8,9.0,338,0.0,0.0,0,0.0,0.0,0,82321.00,0.00,0.00,212,12.89,2.94,0.00,3.2,4.998,4.998,4.998,4.998,19
2022-03-06 02:29:22,9.6,13.1,486,0.0,0.0,0,0.0,0.0,0,82807.00,0.00,0.00,269,12.85,3.74,0.00,3.7,4.998,4.998,4.998,4.998,248
2022-03-06 02:30:22,6.6,11.9,519,0.0,0.0,0,0.0,0.0,0,83326.00,0.00,0.00,247,12.89,3.43,0.00,3.7,4.998,4.998,4.998,4.998,252
2022-03-06 02:31:22,12.7,19.6,620,0.0,0.0,0,0.0,0.0,0,83946.00,0.00,0.00,215,12.89,2.99,0.00,3.7,4.998,4.998,4.998,4.998,18
2022-03-06 02:32:22,13.3,17.2,795,0.0,0.0,0,0.0,0.0,0,84741.00,0.00,0.00,215,12.89,2.99,0.00,3.7,4.998,4.998,4.998,4.998,199
2022-03-06 02:33:22,7.3,14.5,625,0.0,0.0,0,0.0,0.0,0,85366.00,0.00,0.00,247,12.89,3.43,0.00,3.7,4.998,4.998,4.998,4.998,130
2022-03-06 02:34:22,6.3,11.9,485,0.0,0.0,0,0.0,0.0,0,85851.00,0.00,0.00,251,12.89,3.49,0.00,3.7,4.998,4.998,4.998,4.998,45
2022-03-06 02:35:22,12.4,17.0,711,0.0,0.0,0,0.0,0.0,0,86562.00,0.00,0.00,259,12.89,3.60,0.00,3.7,4.998,4.998,4.998,4.998,136
2022-03-06 02:36:22,8.5,16.4,587,0.0,0.0,0,0.0,0.0,0,87149.00,0.00,0.00,262,12.89,3.64,0.00,3.7,4.998,4.998,4.998,4.998,109
2022-03-06 02:37:22,8.5,11.7,522,0.0,0.0,0,0.0,0.0,0,87671.00,0.00,0.00,211,12.89,2.93,0.00,3.2,4.998,4.998,4.998,4.998,15
2022-03-06 02:38:22,8.7,12.4,501,0.0,0.0,0,0.0,0.0,0,88172.00,0.00,0.00,218,12.89,3.03,0.00,3.7,4.998,4.998,4.998,4.998,243
2022-03-06 02:39:22,5.3,13.0,492,0.0,0.0,0,0.0,0.0,0,88664.00,0.00,0.00,250,12.89,3.47,0.00,3.7,4.998,4.998,4.998,4.998,53
2022-03-06 02:40:22,6.6,14.3,600,0.0,0.0,0,0.0,0.0,0,89264.00,0.00,0.00,245,12.85,3.41,0.00,3.7,4.998,4.998,4.998,4.998,137
2022-03-06 02:41:22,13.9,16.6,710,0.0,0.0,0,0.0,0.0,0,89974.00,0.00,0.00,235,12.89,3.26,0.00,3.7,4.998,4.998,4.998,4.998,166
2022-03-06 02:42:22,14.4,18.0,685,0.0,0.0,0,0.0,0.0,0,90659.00,0.00,0.00,232,12.89,3.22,0.00,3.7,4.998,4.998,4.998,4.998,229
2022-03-06 02:43:22,5.8,15.0,668,0.0,0.0,0,0.0,0.0,0,91327.00,0.00,0.00,223,12.89,3.11,0.00,3.7,4.998,4.998,4.998,4.998,156
2022-03-06 02:44:22,13.3,17.7,659,0.0,0.0,0,0.0,0.0,0,91986.00,0.00,0.00,203,12.89,2.82,0.00,3.7,4.998,4.998,4.998,4.998,148
2022-03-06 02:45:22,14.8,16.4,747,0.0,0.0,0,0.0,0.0,0,92733.00,0.00,0.00,229,12.85,3.19,0.00,3.7,4.998,4.998,4.998,4.998,167
2022-03-06 02:46:22,5.8,17.2,575,0.0,0.0,0,0.0,0.0,0,93308.00,0.00,0.00,202,12.89,2.81,0.00,3.2,4.998,4.998,4.998,4.998,146
2022-03-06 02:47:22,5.5,14.0,525,0.0,0.0,0,0.0,0.0,0,93833.00,0.00,0.00,223,12.89,3.10,0.00,3.7,4.998,4.998,4.998,4.998,204
2022-03-06 02:48:22,8.2,11.2,480,0.0,0.0,0,0.0,0.0,0,94313.00,0.00,0.00,221,12.89,3.07,0.00,3.7,4.998,4.998,4.998,4.998,136
2022-03-06 02:49:22,6.7,11.9,512,0.0,0.0,0,0.0,0.0,0,94825.00,0.00,0.00,206,12.89,2.86,0.00,3.7,4.998,4.998,4.998,4.998,11
2022-03-06 02:50:22,7.6,13.8,418,0.0,0.0,0,0.0,0.0,0,95243.00,0.00,0.00,274,12.89,3.81,0.00,3.2,4.998,4.998,4.998,4.998,120
2022-03-06 02:51:22,7.3,13.0,509,0.0,0.0,0,0.0,0.0,0,95752.00,0.00,0.00,218,12.89,3.03,0.00,3.2,4.998,4.998,4.998,4.998,206
2022-03-06 02:52:22,10.1,17.4,594,0.0,0.0,0,0.0,0.0,0,96346.00,0.00,0.00,203,12.89,2.82,0.00,3.7,4.998,4.998,4.998,4.998,205
2022-03-06 02:53:22,14.7,17.3,588,0.0,0.0,0,0.0,0.0,0,96934.00,0.00,0.00,219,12.89,3.04,0.00,3.7,4.998,4.998,4.998,4.998,102
2022-03-06 02:54:22,9.4,20.5,918,0.0,0.0,0,0.0,0.0,0,97852.00,0.00,0.00,220,12.89,3.05,0.00,3.7,4.998,4.998,4.998,4.998,208
2022-03-06 02:55:22,10.6,11.6,513,0.0,0.0,0,0.0,0.0,0,98365.00,0.00,0.00,242,12.89,3.37,0.00,3.2,4.998,4.998,4.998,4.998,24
2022-03-06 02:56:22,7.2,15.2,606,0.0,0.0,0,0.0,0.0,0,98971.00,0.00,0.00,235,12.85,3.27,0.00,3.7,4.998,4.998,4.998,4.998,199
2022-03-06 02:57:22,9.8,19.5,597,0.0,0.0,0,0.0,0.0,0,99568.00,0.00,0.00,260,12.89,3.61,0.00,3.2,4.998,4.998,4.998,4.998,238
2022-03-06 02:58:22,9.5,17.0,600,0.0,0.0,0,0.0,0.0,0,100168.00,0.00,0.00,239,12.89,3.32,0.00,3.2,4.998,4.998,4.998,4.998,208
2022-03-06 02:59:22,9.3,16.2,567,0.0,0.0,0,0.0,0.0,0,100735.00,0.00,0.00,241,12.85,3.34,0.00,3.7,4.998,4.998,4.998,4.998,101
2022-03-06 03:00:22,12.4,21.3,867,0.0,0.0,0,0.0,0.0,0,101602.00,0.00,0.00,258,12.89,3.58,0.00,3.7,4.998,4.998,4.998,4.998,199
2022-03-06 03:01:22,11.7,13.9,512,0.0,0.0,0,0.0,0.0,0,102114.00,0.00,0.00,235,12.89,3.27,0.00,3.2,4.998,4.998,4.998,4.998,121
2022-03-06 03:02:22,14.6,15.7,718,0.0,0.0,0,0.0,0.0,0,102832.00,0.00,0.00,237,12.85,3.29,0.00,3.7,4.998,4.998,4.998,4.998,167
2022-03-06 03:03:22,6.4,16.0,587,0.0,0.0,0,0.0,0.0,0,103419.00,0.00,0.00,215,12.89,2.99,0.00,3.7,4.998,4.998,4.998,4.998,172
2022-03-06 03:04:22,13.5,15.3,391,0.0,0.0,0,0.0,0.0,0,103810.00,0.00,0.00,219,12.89,3.05,0.00,3.2,4.998,4.998,4.998,4.998,103
2022-03-06 03:05:22,9.3,15.4,706,0.0,0.0,0,0.0,0.0,0,104516.00,0.00,0.00,243,12.89,3.38,0.00,3.2,4.998,4.998,4.998,4.998,188
2022-03-06 03:06:22,14.8,24.1,887,0.0,0.0,0,0.0,0.0,0,105403.00,0.00,0.00,247,12.85,3.44,0.00,3.7,4.998,4.998,4.998,4.998,222
2022-03-06 03:07:22,7.6,14.6,614,0.0,0.0,0,0.0,0.0,0,106017.00,0.00,0.00,203,12.85,2.82,0.00,3.2,4.998,4.998,4.998,4.998,223
2022-03-06 03:08:22,9.4,10.2,361,0.0,0.0,0,0.0,0.0,0,106378.00,0.00,0.00,249,12.89,3.46,0.00,3.2,4.998,4.998,4.998,4.998,124
2022-03-06 03:09:22,8.0,14.1,565,0.0,0.0,0,0.0,0.0,0,106943.00,0.00,0.00,238,12.89,3.31,0.00,3.7,4.998,4.998,4.998,4.998,118
2022-03-06 03:10:22,8.6,17.7,589,0.0,0.0,0,0.0,0.0,0,107532.00,0.00,0.00,197,12.89,2.73,0.00,3.2,4.998,4.998,4.998,4.998,127
2022-03-06 03:11:22,11.1,22.4,795,0.0,0.0,0,0.0,0.0,0,108327.00,0.00,0.00,226,12.85,3.14,0.00,3.2,4.998,4.998,4.998,4.998,25
2022-03-06 03:12:22,8.3,11.7,568,0.0,0.0,0,0.0,0.0,0,108895.00,0.00,0.00,231,12.85,3.21,0.00,3.7,4.998,4.998,4.998,4.998,198
2022-03-06 03:13:22,9.8,17.3,587,0.0,0.0,0,0.0,0.0,0,109482.00,0.00,0.00,235,12.89,3.27,0.00,3.2,4.998,4.998,4.998,4.998,35
2022-03-06 03:14:22,8.4,16.4,722,0.0,0.0,0,0.0,0.0,0,110204.00,0.00,0.00,266,12.85,3.70,0.00,3.7,4.998,4.998,4.998,4.998,49
2022-03-06 03:15:22,4.9,15.0,613,0.0,0.0,0,0.0,0.0,0,110817.00,0.00,0.00,205,12.89,2.85,0.00,3.2,4.998,4.998,4.998,4.998,5
2022-03-06 03:16:22,9.1,14.1,522,0.0,0.0,0,0.0,0.0,0,111339.00,0.00,0.00,229,12.89,3.18,0.00,3.2,4.998,4.998,4.998,4.998,255
2022-03-06 03:17:22,15.4,19.2,678,0.0,0.0,0,0.0,0.0,0,112017.00,0.00,0.00,247,12.85,3.44,0.00,3.2,4.998,4.998,4.998,4.998,142
2022-03-06 03:18:22,8.5,16.7,738,0.0,0.0,0,0.0,0.0,0,112755.00,0.00,0.00,225,12.89,3.12,0.00,3.2,4.998,4.998,4.998,4.998,87
2022-03-06 03:19:22,8.7,16.1,673,0.0,0.0,0,0.0,0.0,0,113428.00,0.00,0.00,219,12.85,3.04,0.00,3.7,4.998,4.998,4.998,4.998,18
2022-03-06 03:20:22,19.5,21.1,597,0.0,0.0,0,0.0,0.0,0,114025.00,0.00,0.00,239,12.85,3.33,0.00,3.7,4.998,4.998,4.998,4.998,224
2022-03-06 03:21:22,13.5,18.6,854,0.0,0.0,0,0.0,0.0,0,114879.00,0.00,0.00,210,12.89,2.91,0.00,3.7,4.998,4.998,4.998,4.998,192
2022-03-06 03:22:22,7.7,14.1,573,0.0,0.0,0,0.0,0.0,0,115452.00,0.00,0.00,227,12.89,3.16,0.00,3.7,4.998,4.998,4.998,4.998,232
2022-03-06 03:23:22,14.0,18.3,699,0.0,0.0,0,0.0,0.0,0,116151.00,0.00,0.00,239,12.85,3.33,0.00,3.7,4.998,4.998,4.998,4.998,154
2022-03-06 03:24:22,6.6,14.1,565,0.0,0.0,0,0.0,0.0,0,116716.00,0.00,0.00,208,12.85,2.90,0.00,3.7,4.998,4.998,4.998,4.998,180
2022-03-06 03:25:22,7.9,15.0,464,0.0,0.0,0,0.0,0.0,0,117180.00,0.00,0.00,240,12.89,3.33,0.00,3.2,4.998,4.998,4.998,4.998,197
2022-03-06 03:26:22,8.9,15.4,524,0.0,0.0,0,0.0,0.0,0,117704.00,0.00,0.00,239,12.85,3.32,0.00,3.7,4.998,4.998,4.998,4.998,134
2022-03-06 03:27:22,7.0,13.0,545,0.0,0.0,0,0.0,0.0,0,118249.00,0.00,0.00,217,12.89,3.02,0.00,3.2,4.998,4.998,4.998,4.998,147
2022-03-06 03:28:22,3.1,11.0,415,0.0,0.0,0,0.0,0.0,0,118664.00,0.00,0.00,219,12.85,3.04,0.00,3.2,4.998,4.998,4.998,4.998,85
2022-03-06 03:29:22,7.6,11.6,412,0.0,0.0,0,0.0,0.0,0,119076.00,0.00,0.00,231,12.85,3.21,0.00,3.2,4.998,4.998,4.998,4.998,53
2022-03-06 03:30:22,6.8,10.5,447,0.0,0.0,0,0.0,0.0,0,119523.00,0.00,0.00,241,12.85,3.35,0.00,3.2,4.998,4.998,4.998,4.998,100
2022-03-06 03:31:22,8.7,14.2,554,0.0,0.0,0,0.0,0.0,0,120077.00,0.00,0.00,192,12.85,2.67,0.00,3.2,4.998,4.998,4.998,4.998,13
2022-03-06 03:32:22,11.6,14.8,609,0.0,0.0,0,0.0,0.0,0,120686.00,0.00,0.00,270,12.85,3.75,0.00,3.2,4.998,4.998,4.998,4.998,192
2022-03-06 03:33:22,5.2,16.3,507,0.0,0.0,0,0.0,0.0,0,121193.00,0.00,0.00,207,12.89,2.88,0.00,3.2,4.998,4.998,4.998,4.998,40
2022-03-06 03:34:22,10.6,12.0,395,0.0,0.0,0,0.0,0.0,0,121588.00,0.00,0.00,256,12.85,3.56,0.00,2.7,4.998,4.998,4.998,4.998,115
2022-03-06 03:35:22,7.5,17.9,690,0.0,0.0,0,0.0,0.0,0,122278.00,0.00,0.00,240,12.89,3.33,0.00,3.7,4.998,4.998,4.998,4.998,176
2022-03-06 03:36:22,11.8,12.8,461,0.0,0.0,0,0.0,0.0,0,122739.00,0.00,0.00,251,12.85,3.49,0.00,3.2,4.998,4.998,4.998,4.998,174
2022-03-06 03:37:22,5.6,16.7,475,0.0,0.0,0,0.0,0.0,0,123214.00,0.00,0.00,215,12.89,2.99,0.00,3.2,4.998,4.998,4.998,4.998,227
2022-03-06 03:38:22,6.6,13.0,462,0.0,0.0,0,0.0,0.0,0,123676.00,0.00,0.00,229,12.89,3.18,0.00,3.7,4.998,4.998,4.998,4.998,199
2022-03-06 03:39:22,6.7,11.7,422,0.0,0.0,0,0.0,0.0,0,124098.00,0.00,0.00,209,12.85,2.91,0.00,3.7,4.998,4.998,4.998,4.998,169
2022-03-06 03:40:22,7.6,14.1,588,0.0,0.0,0,0.0,0.0,0,124686.00,0.00,0.00,248,12.85,3.44,0.00,3.2,4.998,4.998,4.998,4.998,197
2022-03-06 03:41:22,5.9,11.4,476,0.0,0.0,0,0.0,0.0,0,125162.00,0.00,0.00,260,12.85,3.62,0.00,3.2,4.998,4.998,4.998,4.998,254
2022-03-06 03:42:22,9.6,12.6,446,0.0,0.0,0,0.0,0.0,0,125608.00,0.00,0.00,222,12.89,3.08,0.00,3.2,4.998,4.998,4.998,4.998,56
2022-03-06 03:43:22,7.9,11.6,467,0.0,0.0,0,0.0,0.0,0,126075.00,0.00,0.00,232,12.85,3.22,0.00,3.2,4.998,4.998,4.998,4.998,121
2022-03-06 03:44:22,6.1,8.9,408,0.0,0.0,0,0.0,0.0,0,126483.00,0.00,0.00,217,12.85,3.02,0.00,2.7,4.998,4.998,4.998,4.998,84
2022-03-06 03:45:22,9.0,10.0,425,0.0,0.0,0,0.0,0.0,0,126908.00,0.00,0.00,237,12.85,3.30,0.00,3.2,4.998,4.998,4.998,4.998,4
2022-03-06 03:46:22,7.0,11.6,445,0.0,0.0,0,0.0,0.0,0,127353.00,0.00,0.00,234,12.85,3.25,0.00,3.2,4.998,4.998,4.998,4.998,139
2022-03-06 03:47:22,7.0,12.0,544,0.0,0.0,0,0.0,0.0,0,127897.00,0.00,0.00,220,12.85,3.06,0.00,3.2,4.998,4.998,4.998,4.998,33
2022-03-06 03:48:22,8.3,9.3,303,0.0,0.0,0,0.0,0.0,0,128200.00,0.00,0.00,216,12.89,3.00,0.00,3.2,4.998,4.998,4.998,4.998,52
2022-03-06 03:49:22,9.1,12.5,542,0.0,0.0,0,0.0,0.0,0,128742.00,0.00,0.00,221,12.85,3.07,0.00,3.2,4.998,4.998,4.998,4.998,240
2022-03-06 03:50:22,10.3,10.7,356,0.0,0.0,0,0.0,0.0,0,129098.00,0.00,0.00,204,12.85,2.84,0.00,3.2,4.998,4.998,4.998,4.998,118
2022-03-06 03:51:22,6.1,13.6,457,0.0,0.0,0,0.0,0.0,0,129555.00,0.00,0.00,228,12.85,3.17,0.00,3.2,4.998,4.998,4.998,4.998,116
2022-03-06 03:52:22,5.7,8.9,350,0.0,0.0,0,0.0,0.0,0,129905.00,0.00,0.00,245,12.85,3.41,0.00,2.7,4.998,4.998,4.998,4.998,132
2022-03-06 03:53:22,4.9,10.1,374,0.0,0.0,0,0.0,0.0,0,130279.00,0.00,0.00,228,12.85,3.17,0.00,3.2,4.998,4.998,4.998,4.998,94
2022-03-06 03:54:22,7.8,10.9,390,0.0,0.0,0,0.0,0.0,0,130669.00,0.00,0.00,275,12.85,3.82,0.00,3.2,4.998,4.998,4.998,4.998,31
2022-03-06 03:55:22,6.8,13.0,423,0.0,0.0,0,0.0,0.0,0,131092.00,0.00,0.00,253,12.85,3.52,0.00,3.2,4.998,4.998,4.998,4.998,31
2022-03-06 03:56:22,6.0,12.9,496,0.0,0.0,0,0.0,0.0,0,131588.00,0.00,0.00,228,12.85,3.16,0.00,2.7,4.998,4.998,4.998,4.998,77
2022-03-06 03:57:22,8.5,8.9,409,0.0,0.0,0,0.0,0.0,0,131997.00,0.00,0.00,233,12.85,3.23,0.00,2.7,4.998,4.998,4.998,4.998,216
2022-03-06 03:58:22,5.6,9.9,365,0.0,0.0,0,0.0,0.0,0,132362.00,0.00,0.00,247,12.85,3.44,0.00,3.2,4.998,4.998,4.998,4.998,131
2022-03-06 03:59:22,6.6,9.8,350,0.0,0.0,0,0.0,0.0,0,132712.00,0.00,0.00,208,12.85,2.89,0.00,3.2,4.998,4.998,4.998,4.998,150
2022-03-06 04:00:22,4.5,8.5,356,0.0,0.0,0,0.0,0.0,0,133068.00,0.00,0.00,216,12.85,3.01,0.00,2.7,4.998,4.998,4.998,4.998,248
2022-03-06 04:01:22,5.3,9.0,342,0.0,0.0,0,0.0,0.0,0,133410.00,0.00,0.00,216,12.85,3.01,0.00,2.7,4.998,4.998,4.998,4.998,62
2022-03-06 04:02:22,6.6,10.1,400,0.0,0.0,0,0.0,0.0,0,133810.00,0.00,0.00,278,12.85,3.86,0.00,3.2,4.998,4.998,4.998,4.998,96
2022-03-06 04:03:22,8.4,13.5,504,0.0,0.0,0,0.0,0.0,0,134314.00,0.00,0.00,247,12.85,3.44,0.00,2.7,4.998,4.998,4.998,4.998,8
2022-03-06 04:04:22,8.6,9.9,475,0.0,0.0,0,0.0,0.0,0,134789.00,0.00,0.00,265,12.85,3.68,0.00,3.2,4.998,4.998,4.998,4.998,158
2022-03-06 04:05:22,7.5,8.6,280,0.0,0.0,0,0.0,0.0,0,135069.00,0.00,0.00,218,12.85,3.03,0.00,3.2,4.998,4.998,4.998,4.998,162
2022-03-06 04:06:22,7.5,11.4,470,0.0,0.0,0,0.0,0.0,0,135539.00,0.00,0.00,243,12.85,3.38,0.00,2.7,4.998,4.998,4.998,4.998,135
2022-03-06 04:07:22,4.5,7.5,341,0.0,0.0,0,0.0,0.0,0,135880.00,0.00,0.00,246,12.85,3.42,0.00,2.7,4.998,4.998,4.998,4.998,250
2022-03-06 04:08:22,5.9,7.6,305,0.0,0.0,0,0.0,0.0,0,136185.00,0.00,0.00,225,12.85,3.12,0.00,3.2,4.998,4.998,4.998,4.998,249
2022-03-06 04:09:22,5.5,8.2,314,0.0,0.0,0,0.0,0.0,0,136499.00,0.00,0.00,234,12.85,3.25,0.00,3.2,4.998,4.998,4.998,4.998,135
2022-03-06 04:10:22,4.9,10.3,305,0.0,0.0,0,0.0,0.0,0,136804.00,0.00,0.00,234,12.85,3.25,0.00,3.2,4.998,4.998,4.998,4.998,17
2022-03-06 04:11:22,6.3,9.7,460,0.0,0.0,0,0.0,0.0,0,137264.00,0.00,0.00,242,12.85,3.36,0.00,2.7,4.998,4.998,4.998,4.998,158
2022-03-06 04:12:22,4.8,10.1,353,0.0,0.0,0,0.0,0.0,0,137617.00,0.00,0.00,225,12.85,3.12,0.00,2.7,4.998,4.998,4.998,4.998,209
2022-03-06 04:13:22,8.1,8.7,329,0.0,0.0,0,0.0,0.0,0,137946.00,0.00,0.00,250,12.85,3.47,0.00,2.7,4.998,4.998,4.998,4.998,5
2022-03-06 04:14:22,7.2,13.1,549,0.0,0.0,0,0.0,0.0,0,138495.00,0.00,0.00,250,12.85,3.47,0.00,2.7,4.998,4.998,4.998,4.998,7
2022-03-06 04:15:22,6.6,11.8,513,0.0,0.0,0,0.0,0.0,0,139008.00,0.00,0.00,242,12.85,3.37,0.00,3.2,4.998,4.998,4.998,4.998,192
2022-03-06 04:16:22,8.9,13.3,582,0.0,0.0,0,0.0,0.0,0,139590.00,0.00,0.00,185,12.85,2.57,0.00,2.7,4.998,4.998,4.998,4.998,116
2022-03-06 04:17:22,3.5,11.6,369,0.0,0.0,0,0.0,0.0,0,139959.00,0.00,0.00,228,12.85,3.17,0.00,3.2,4.998,4.998,4.998,4.998,145
2022-03-06 04:18:22,6.8,11.5,331,0.0,0.0,0,0.0,0.0,0,140290.00,0.00,0.00,203,12.85,2.82,0.00,2.7,4.998,4.998,4.998,4.998,182
2022-03-06 04:19:22,9.6,14.5,601,0.0,0.0,0,0.0,0.0,0,140891.00,0.00,0.00,219,12.85,3.04,0.00,2.7,4.998,4.998,4.998,4.998,35
2022-03-06 04:20:22,6.7,11.8,512,0.0,0.0,0,0.0,0.0,0,141403.00,0.00,0.00,227,12.85,3.15,0.00,2.7,4.998,4.998,4.998,4.998,241
2022-03-06 04:21:22,7.0,11.3,525,0.0,0.0,0,0.0,0.0,0,141928.00,0.00,0.00,226,12.85,3.14,0.00,2.7,4.998,4.998,4.998,4.998,55
2022-03-06 04:22:22,8.7,11.6,396,0.0,0.0,0,0.0,0.0,0,142324.00,0.00,0.00,209,12.85,2.91,0.00,2.7,4.998,4.998,4.998,4.998,33
2022-03-06 04:23:22,3.9,10.3,325,0.0,0.0,0,0.0,0.0,0,142649.00,0.00,0.00,197,12.85,2.74,0.00,2.7,4.998,4.998,4.998,4.998,71
2022-03-06 04:24:22,4.9,7.1,323,0.0,0.0,0,0.0,0.0,0,142972.00,0.00,0.00,200,12.85,2.78,0.00,2.7,4.998,4.998,4.998,4.998,253
2022-03-06 04:25:22,3.5,11.7,279,0.0,0.0,0,0.0,0.0,0,143251.00,0.00,0.00,236,12.85,3.28,0.00,3.2,4.998,4.998,4.998,4.998,30
2022-03-06 04:26:22,5.2,7.6,328,0.0,0.0,0,0.0,0.0,0,143579.00,0.00,0.00,225,12.85,3.12,0.00,3.2,4.998,4.998,4.998,4.998,100
2022-03-06 04:27:22,4.4,8.7,344,0.0,0.0,0,0.0,0.0,0,143923.00,0.00,0.00,218,12.85,3.03,0.00,2.7,4.998,4.998,4.998,4.998,154
2022-03-06 04:28:22,5.2,9.4,353,0.0,0.0,0,0.0,0.0,0,144276.00,0.00,0.00,248,12.85,3.45,0.00,2.7,4.998,4.998,4.998,4.998,188
2022-03-06 04:29:22,5.1,6.7,301,0.0,0.0,0,0.0,0.0,0,144577.00,0.00,0.00,232,12.85,3.22,0.00,2.7,4.998,4.998,4.998,4.998,50
2022-03-06 04:30:22,7.0,12.2,405,0.0,0.0,0,0.0,0.0,0,144982.00,0.00,0.00,249,12.85,3.46,0.00,3.2,4.998,4.998,4.998,4.998,102
2022-03-06 04:31:22,6.0,8.4,304,0.0,0.0,0,0.0,0.0,0,145286.00,0.00,0.00,241,12.85,3.35,0.00,3.2,4.998,4.998,4.998,4.998,96
2022-03-06 04:32:22,8.5,13.2,572,0.0,0.0,0,0.0,0.0,0,145858.00,0.00,0.00,240,12.85,3.33,0.00,2.7,4.998,4.998,4.998,4.998,12
2022-03-06 04:33:22,12.1,12.1,460,0.0,0.0,0,0.0,0.0,0,146318.00,0.00,0.00,209,12.85,2.90,0.00,2.7,4.998,4.998,4.998,4.998,206
2022-03-06 04:34:22,6.8,14.1,500,0.0,0.0,0,0.0,0.0,0,146818.00,0.00,0.00,218,12.85,3.03,0.00,3.2,4.998,4.998,4.998,4.998,24
2022-03-06 04:35:22,6.9,9.0,394,0.0,0.0,0,0.0,0.0,0,147212.00,0.00,0.00,245,12.85,3.40,0.00,2.7,4.998,4.998,4.998,4.998,130
2022-03-06 04:36:22,4.4,12.4,419,0.0,0.0,0,0.0,0.0,0,147631.00,0.00,0.00,228,12.85,3.17,0.00,2.7,4.998,4.998,4.998,4.998,36
2022-03-06 04:37:22,7.0,8.8,392,0.0,0.0,0,0.0,0.0,0,148023.00,0.00,0.00,253,12.85,3.52,0.00,2.7,4.998,4.998,4.998,4.998,181
2022-03-06 04:38:22,6.0,11.2,466,0.0,0.0,0,0.0,0.0,0,148489.00,0.00,0.00,234,12.85,3.25,0.00,3.2,4.998,4.998,4.998,4.998,156
2022-03-06 04:39:22,11.8,13.0,496,0.0,0.0,0,0.0,0.0,0,148985.00,0.00,0.00,223,12.85,3.10,0.00,2.7,4.998,4.998,4.998,4.998,250
2022-03-06 04:40:22,3.9,12.7,487,0.0,0.0,0,0.0,0.0,0,149472.00,0.00,0.00,221,12.85,3.07,0.00,2.7,4.998,4.998,4.998,4.998,116
2022-03-06 04:41:22,6.9,11.2,463,0.0,0.0,0,0.0,0.0,0,149935.00,0.00,0.00,235,12.85,3.26,0.00,2.7,4.998,4.998,4.998,4.998,216
2022-03-06 04:42:22,6.1,9.9,420,0.0,0.0,0,0.0,0.0,0,150355.00,0.00,0.00,214,12.85,2.98,0.00,2.7,4.998,4.998,4.998,4.998,164
2022-03-06 04:43:22,6.0,15.4,413,0.0,0.0,0,0.0,0.0,0,150768.00,0.00,0.00,243,12.85,3.38,0.00,2.7,4.998,4.998,4.998,4.998,100
2022-03-06 04:44:22,12.4,12.4,379,0.0,0.0,0,0.0,0.0,0,151147.00,0.00,0.00,247,12.85,3.43,0.00,2.7,4.998,4.998,4.998,4.998,216
2022-03-06 04:45:22,12.7,16.0,639,0.0,0.0,0,0.0,0.0,0,151786.00,0.00,0.00,215,12.85,2.99,0.00,2.7,4.998,4.998,4.998,4.998,92
2022-03-06 04:46:22,6.0,13.8,467,0.0,0.0,0,0.0,0.0,0,152253.00,0.00,0.00,220,12.85,3.05,0.00,2.7,4.998,4.998,4.998,4.998,60
2022-03-06 04:47:22,9.5,12.1,471,0.0,0.0,0,0.0,0.0,0,152724.00,0.00,0.00,243,12.85,3.38,0.00,2.7,4.998,4.998,4.998,4.998,116
2022-03-06 04:48:22,10.1,15.4,469,0.0,0.0,0,0.0,0.0,0,153193.00,0.00,0.00,251,12.85,3.49,0.00,2.7,4.998,4.998,4.998,4.998,18
2022-03-06 04:49:22,6.5,9.8,353,0.0,0.0,0,0.0,0.0,0,153546.00,0.00,0.00,226,12.85,3.14,0.00,2.7,4.998,4.998,4.998,4.998,189
2022-03-06 04:50:22,9.7,16.8,454,0.0,0.0,0,0.0,0.0,0,154000.00,0.00,0.00,210,12.85,2.92,0.00,2.7,4.998,4.998,4.998,4.998,13
2022-03-06 04:51:22,6.7,11.0,501,0.0,0.0,0,0.0,0.0,0,154501.00,0.00,0.00,240,12.85,3.33,0.00,2.7,4.998,4.998,4.998,4.998,3
2022-03-06 04:52:22,6.7,11.2,351,0.0,0.0,0,0.0,0.0,0,154852.00,0.00,0.00,226,12.85,3.13,0.00,3.2,4.998,4.998,4.998,4.998,92
2022-03-06 04:53:22,11.0,11.0,451,0.0,0.0,0,0.0,0.0,0,155303.00,0.00,0.00,226,12.85,3.14,0.00,3.2,4.998,4.998,4.998,4.998,201
2022-03-06 04:54:22,6.5,12.0,467,0.0,0.0,0,0.0,0.0,0,155770.00,0.00,0.00,243,12.85,3.37,0.00,2.7,4.998,4.998,4.998,4.998,13
2022-03-06 04:55:22,5.9,10.6,475,0.0,0.0,0,0.0,0.0,0,156245.00,0.00,0.00,216,12.85,3.00,0.00,2.7,4.998,4.998,4.998,4.998,169
2022-03-06 04:56:22,2.0,9.0,341,0.0,0.0,0,0.0,0.0,0,156586.00,0.00,0.00,224,12.85,3.11,0.00,2.7,4.998,4.998,4.998,4.998,249
2022-03-06 04:57:22,6.0,10.3,363,0.0,0.0,0,0.0,0.0,0,156949.00,0.00,0.00,268,12.85,3.72,0.00,2.7,4.998,4.998,4.998,4.998,71
2022-03-06 04:58:22,4.6,10.7,503,0.0,0.0,0,0.0,0.0,0,157452.00,0.00,0.00,231,12.85,3.21,0.00,2.7,4.998,4.998,4.998,4.998,27
2022-03-06 04:59:22,5.2,10.6,389,0.0,0.0,0,0.0,0.0,0,157841.00,0.00,0.00,223,12.85,3.10,0.00,2.7,4.998,4.998,4.998,4.998,143
2022-03-06 05:00:22,9.9,13.5,457,0.0,0.0,0,0.0,0.0,0,158298.00,0.00,0.00,242,12.85,3.37,0.00,2.7,4.998,4.998,4.998,4.998,163
2022-03-06 05:01:22,6.5,11.6,483,0.0,0.0,0,0.0,0.0,0,158781.00,0.00,0.00,206,12.85,2.86,0.00,3.2,4.998,4.998,4.998,4.998,223
2022-03-06 05:02:22,7.7,11.2,462,0.0,0.0,0,0.0,0.0,0,159243.00,0.00,0.00,247,12.85,3.44,0.00,2.7,4.998,4.998,4.998,4.998,220
2022-03-06 05:03:22,2.5,15.0,558,0.0,0.0,0,0.0,0.0,0,159801.00,0.00,0.00,243,12.85,3.38,0.00,2.7,4.998,4.998,4.998,4.998,202
2022-03-06 05:04:22,4.0,5.7,227,0.0,0.0,0,0.0,0.0,0,160028.00,0.00,0.00,219,12.85,3.05,0.00,2.7,4.998,4.998,4.998,4.998,126
2022-03-06 05:05:22,9.3,10.4,424,0.0,0.0,0,0.0,0.0,0,160452.00,0.00,0.00,255,12.85,3.54,0.00,2.7,4.998,4.998,4.998,4.998,145
2022-03-06 05:06:22,8.3,10.7,467,0.0,0.0,0,0.0,0.0,0,160919.00,0.00,0.00,215,12.85,2.98,0.00,2.7,4.998,4.998,4.998,4.998,228
2022-03-06 05:07:22,8.1,10.4,448,0.0,0.0,0,0.0,0.0,0,161367.00,0.00,0.00,244,12.81,3.39,0.00,2.2,4.998,4.998,4.998,4.998,126
2022-03-06 05:08:22,5.6,15.7,504,0.0,0.0,0,0.0,0.0,0,161871.00,0.00,0.00,242,12.85,3.37,0.00,2.2,4.998,4.998,4.998,4.998,24
2022-03-06 05:09:22,6.6,13.6,535,0.0,0.0,0,0.0,0.0,0,162406.00,0.00,0.00,218,12.85,3.03,0.00,2.7,4.998,4.998,4.998,4.998,15
2022-03-06 05:10:22,3.3,9.8,357,0.0,0.0,0,0.0,0.0,0,162763.00,0.00,0.00,220,12.85,3.06,0.00,2.7,4.998,4.998,4.998,4.998,131
2022-03-06 05:11:22,7.0,11.5,442,0.0,0.0,0,0.0,0.0,0,163205.00,0.00,0.00,228,12.85,3.17,0.00,2.7,4.998,4.998,4.998,4.998,172
2022-03-06 05:12:22,4.4,8.5,325,0.0,0.0,0,0.0,0.0,0,163530.00,0.00,0.00,209,12.85,2.90,0.00,2.7,4.998,4.998,4.998,4.998,231
2022-03-06 05:13:22,1.5,6.6,244,0.0,0.0,0,0.0,0.0,0,163774.00,0.00,0.00,267,12.85,3.72,0.00,2.7,4.998,4.998,4.998,4.998,149
2022-03-06 05:14:22,5.4,10.6,351,0.0,0.0,0,0.0,0.0,0,164125.00,0.00,0.00,232,12.85,3.23,0.00,2.7,4.998,4.998,4.998,4.998,208
2022-03-06 05:15:22,4.0,6.5,248,0.0,0.0,0,0.0,0.0,0,164373.00,0.00,0.00,227,12.85,3.15,0.00,2.2,4.998,4.998,4.998,4.998,179
2022-03-06 05:16:22,7.1,8.8,408,0.0,0.0,0,0.0,0.0,0,164781.00,0.00,0.00,228,12.85,3.17,0.00,2.2,4.998,4.998,4.998,4.998,6
2022-03-06 05:17:22,4.4,8.3,330,0.0,0.0,0,0.0,0.0,0,165111.00,0.00,0.00,245,12.81,3.40,0.00,2.7,4.998,4.998,4.998,4.998,204
2022-03-06 05:18:22,6.7,7.6,265,0.0,0.0,0,0.0,0.0,0,165376.00,0.00,0.00,218,12.81,3.03,0.00,2.7,4.998,4.998,4.998,4.998,66
2022-03-06 05:19:22,6.0,9.6,436,0.0,0.0,0,0.0,0.0,0,165812.00,0.00,0.00,230,12.85,3.19,0.00,2.7,4.998,4.998,4.998,4.998,193
2022-03-06 05:20:22,5.9,10.8,402,0.0,0.0,0,0.0,0.0,0,166214.00,0.00,0.00,241,12.81,3.34,0.00,2.7,4.998,4.998,4.998,4.998,112
2022-03-06 05:21:22,7.2,7.6,324,0.0,0.0,0,0.0,0.0,0,166538.00,0.00,0.00,234,12.85,3.25,0.00,2.7,4.998,4.998,4.998,4.998,133
2022-03-06 05:22:22,8.0,12.7,469,0.0,0.0,0,0.0,0.0,0,167007.00,0.00,0.00,235,12.81,3.27,0.00,2.7,4.998,4.998,4.998,4.998,220
2022-03-06 05:23:22,6.0,11.0,480,0.0,0.0,0,0.0,0.0,0,167487.00,0.00,0.00,217,12.85,3.01,0.00,2.7,4.998,4.998,4.998,4.998,151
2022-03-06 05:24:22,12.2,13.3,369,0.0,0.0,0,0.0,0.0,0,167856.00,0.00,0.00,191,12.81,2.66,0.00,2.7,4.998,4.998,4.998,4.998,170
2022-03-06 05:25:22,9.5,14.7,523,0.0,0.0,0,0.0,0.0,0,168379.00,0.00,0.00,231,12.81,3.21,0.00,2.7,4.998,4.998,4.998,4.998,36
2022-03-06 05:26:22,4.1,10.2,333,0.0,0.0,0,0.0,0.0,0,168712.00,0.00,0.00,271,12.85,3.76,0.00,2.7,4.998,4.998,4.998,4.998,217
2022-03-06 05:27:22,4.3,11.1,432,0.0,0.0,0,0.0,0.0,0,169144.00,0.00,0.00,255,12.85,3.54,0.00,2.2,4.998,4.998,4.998,4.998,251
2022-03-06 05:28:22,14.9,14.9,419,0.0,0.0,0,0.0,0.0,0,169563.00,0.00,0.00,252,12.81,3.50,0.00,2.7,4.998,4.998,4.998,4.998,115
2022-03-06 05:29:22,9.4,14.3,734,0.0,0.0,0,0.0,0.0,0,170297.00,0.00,0.00,239,12.85,3.33,0.00,2.2,4.998,4.998,4.998,4.998,169
2022-03-06 05:30:22,6.6,14.2,584,0.0,0.0,0,0.0,0.0,0,170881.00,0.00,0.00,219,12.81,3.05,0.00,2.7,4.998,4.998,4.998,4.998,90
2022-03-06 05:31:22,6.4,12.0,355,0.0,0.0,0,0.0,0.0,0,171236.00,0.00,0.00,206,12.81,2.86,0.00,2.7,4.998,4.998,4.998,4.998,155
2022-03-06 05:32:22,4.9,10.3,357,0.0,0.0,0,0.0,0.0,0,171593.00,0.00,0.00,220,12.85,3.05,0.00,2.2,4.998,4.998,4.998,4.998,184
2022-03-06 05:33:22,4.4,7.0,301,0.0,0.0,0,0.0,0.0,0,171894.00,0.00,0.00,259,12.81,3.60,0.00,2.7,4.998,4.998,4.998,4.998,195
2022-03-06 05:34:22,10.0,12.4,316,0.0,0.0,0,0.0,0.0,0,172210.00,0.00,0.00,252,12.81,3.51,0.00,2.7,4.998,4.998,4.998,4.998,40
2022-03-06 05:35:22,9.0,13.2,648,0.0,0.0,0,0.0,0.0,0,172858.00,0.00,0.00,234,12.81,3.26,0.00,2.7,4.998,4.998,4.998,4.998,160
2022-03-06 05:36:22,6.5,14.8,642,0.0,0.0,0,0.0,0.0,0,173500.00,0.00,0.00,234,12.81,3.26,0.00,2.2,4.998,4.998,4.998,4.998,184
2022-03-06 05:37:22,5.3,9.2,359,0.0,0.0,0,0.0,0.0,0,173859.00,0.00,0.00,256,12.81,3.56,0.00,2.7,4.998,4.998,4.998,4.998,222
2022-03-06 05:38:22,6.6,8.9,395,0.0,0.0,0,0.0,0.0,0,174254.00,0.00,0.00,219,12.81,3.04,0.00,2.2,4.998,4.998,4.998,4.998,156
2022-03-06 05:39:22,3.2,10.6,397,0.0,0.0,0,0.0,0.0,0,174651.00,0.00,0.00,210,12.81,2.92,0.00,2.2,4.998,4.998,4.998,4.998,91
2022-03-06 05:40:22,7.8,12.3,418,0.0,0.0,0,0.0,0.0,0,175069.00,0.00,0.00,241,12.81,3.34,0.00,2.7,4.998,4.998,4.998,4.998,66
2022-03-06 05:41:22,2.3,8.3,367,0.0,0.0,0,0.0,0.0,0,175436.00,0.00,0.00,244,12.81,3.39,0.00,2.2,4.998,4.998,4.998,4.998,11
2022-03-06 05:42:22,4.6,10.6,423,0.0,0.0,0,0.0,0.0,0,175859.00,0.00,0.00,210,12.85,2.92,0.00,2.2,4.998,4.998,4.998,4.998,245
2022-03-06 05:43:22,11.4,11.6,358,0.0,0.0,0,0.0,0.0,0,176217.00,0.00,0.00,238,12.81,3.31,0.00,2.2,4.998,4.998,4.998,4.998,152
2022-03-06 05:44:22,7.3,12.1,479,0.0,0.0,0,0.0,0.0,0,176696.00,0.00,0.00,214,12.81,2.97,0.00,2.2,4.998,4.998,4.998,4.998,109
2022-03-06 05:45:22,4.1,9.7,412,0.0,0.0,0,0.0,0.0,0,177108.00,0.00,0.00,229,12.85,3.18,0.00,2.7,4.998,4.998,4.998,4.998,11
2022-03-06 05:46:22,4.5,9.5,364,0.0,0.0,0,0.0,0.0,0,177472.00,0.00,0.00,235,12.85,3.27,0.00,2.2,4.998,4.998,4.998,4.998,81
2022-03-06 05:47:22,0.0,4.6,137,0.0,0.0,0,0.0,0.0,0,177609.00,0.00,0.00,235,12.81,3.26,0.00,2.2,4.998,4.998,4.998,4.998,210
2022-03-06 05:48:22,6.8,10.1,346,0.0,0.0,0,0.0,0.0,0,177955.00,0.00,0.00,217,12.81,3.02,0.00,2.2,4.998,4.998,4.998,4.998,127
2022-03-06 05:49:22,4.4,10.8,433,0.0,0.0,0,0.0,0.0,0,178388.00,0.00,0.00,207,12.85,2.88,0.00,2.7,4.998,4.998,4.998,4.998,217
2022-03-06 05:50:22,5.5,7.7,332,0.0,0.0,0,0.0,0.0,0,178720.00,0.00,0.00,235,12.81,3.26,0.00,2.2,4.998,4.998,4.998,4.998,119
2022-03-06 05:51:22,4.3,8.7,376,0.0,0.0,0,0.0,0.0,0,179096.00,0.00,0.00,250,12.81,3.48,0.00,2.2,4.998,4.998,4.998,4.998,228
2022-03-06 05:52:22,6.7,11.1,351,0.0,0.0,0,0.0,0.0,0,179447.00,0.00,0.00,273,12.81,3.80,0.00,2.7,4.998,4.998,4.998,4.998,215
2022-03-06 05:53:22,5.1,10.0,312,0.0,0.0,0,0.0,0.0,0,179759.00,0.00,0.00,238,12.81,3.31,0.00,2.2,4.998,4.998,4.998,4.998,159
2022-03-06 05:54:22,3.1,7.4,307,0.0,0.0,0,0.0,0.0,0,180066.00,0.00,0.00,200,12.81,2.78,0.00,2.2,4.998,4.998,4.998,4.998,62
2022-03-06 05:55:22,5.3,6.4,248,0.0,0.0,0,0.0,0.0,0,180314.00,0.00,0.00,233,12.85,3.23,0.00,2.2,4.998,4.998,4.998,4.998,203
2022-03-06 05:56:22,4.9,5.8,272,0.0,0.0,0,0.0,0.0,0,180586.00,0.00,0.00,222,12.81,3.09,0.00,2.2,4.998,4.998,4.998,4.998,115
2022-03-06 05:57:22,5.3,8.4,308,0.0,0.0,0,0.0,0.0,0,180894.00,0.00,0.00,229,12.85,3.18,0.00,2.2,4.998,4.998,4.998,4.998,38
2022-03-06 05:58:22,4.4,7.4,305,0.0,0.0,0,0.0,0.0,0,181199.00,0.00,0.00,230,12.85,3.20,0.00,2.7,4.998,4.998,4.998,4.998,113
2022-03-06 05:59:22,5.0,5.7,264,0.0,0.0,0,0.0,0.0,0,181463.00,0.00,0.00,230,12.85,3.20,0.00,2.2,4.998,4.998,4.998,4.998,20
2022-03-06 06:00:22,2.8,5.1,196,0.0,0.0,0,0.0,0.0,0,181659.00,0.00,0.00,220,12.81,3.06,0.00,2.2,4.998,4.998,4.998,4.998,22
2022-03-06 06:01:22,3.9,6.3,207,0.0,0.0,0,0.0,0.0,0,181866.00,0.00,0.00,247,12.81,3.43,0.00,2.2,4.998,4.998,4.998,4.998,173
2022-03-06 06:02:22,3.0,6.6,268,0.0,0.0,0,0.0,0.0,0,182134.00,0.00,0.00,231,12.81,3.21,0.00,2.2,4.998,4.998,4.998,4.998,149
2022-03-06 06:03:22,3.3,6.4,217,0.0,0.0,0,0.0,0.0,0,182351.00,0.00,0.00,240,12.85,3.34,0.00,2.2,4.998,4.998,4.998,4.998,0
2022-03-06 06:04:22,5.2,7.3,321,0.0,0.0,0,0.0,0.0,0,182672.00,0.00,0.00,218,12.85,3.03,0.00,2.2,4.998,4.998,4.998,4.998,225
2022-03-06 06:05:22,3.9,9.4,394,0.0,0.0,0,0.0,0.0,0,183066.00,0.00,0.00,240,12.81,3.34,0.00,2.2,4.998,4.998,4.998,4.998,91
2022-03-06 06:06:22,5.1,7.8,338,0.0,0.0,0,0.0,0.0,0,183404.00,0.00,0.00,230,12.81,3.20,0.00,2.2,4.998,4.998,4.998,4.998,40
2022-03-06 06:07:22,5.9,8.3,361,0.0,0.0,0,0.0,0.0,0,183765.00,0.00,0.00,229,12.81,3.18,0.00,2.2,4.998,4.998,4.998,4.998,90
2022-03-06 06:08:22,4.4,8.6,355,0.0,0.0,0,0.0,0.0,0,184120.00,0.00,0.00,236,12.81,3.29,0.00,2.2,4.998,4.998,4.998,4.998,241
2022-03-06 06:09:22,3.8,6.9,260,0.0,0.0,0,0.0,0.0,0,184380.00,0.00,0.00,242,12.85,3.37,0.00,2.2,4.998,4.998,4.998,4.998,82
2022-03-06 06:10:22,5.2,6.7,269,0.0,0.0,0,0.0,0.0,0,184649.00,0.00,0.00,263,12.81,3.65,0.00,2.2,4.998,4.998,4.998,4.998,93
2022-03-06 06:11:22,5.0,6.3,281,0.0,0.0,0,0.0,0.0,0,184930.00,0.00,0.00,257,12.81,3.57,0.00,2.2,4.998,4.998,4.998,4.998,157
2022-03-06 06:12:22,2.9,7.1,262,0.0,0.0,0,0.0,0.0,0,185192.00,0.00,0.00,224,12.81,3.12,0.00,2.2,4.998,4.998,4.998,4.998,144
2022-03-06 06:13:22,4.0,7.0,244,0.0,0.0,0,0.0,0.0,0,185436.00,0.00,0.00,206,12.81,2.87,0.00,2.2,4.998,4.998,4.998,4.998,236
2022-03-06 06:14:22,3.0,5.2,201,0.0,0.0,0,0.0,0.0,0,185637.00,0.00,0.00,191,12.81,2.66,0.00,1.7,4.998,4.998,4.998,4.998,121
2022-03-06 06:15:22,4.0,7.2,291,0.0,0.0,0,0.0,0.0,0,185928.00,0.00,0.00,245,12.81,3.40,0.00,1.7,4.998,4.998,4.998,4.998,155
2022-03-06 06:16:22,2.5,4.4,186,0.0,0.0,0,0.0,0.0,0,186114.00,0.00,0.00,247,12.85,3.43,0.00,1.7,4.998,4.998,4.998,4.998,232
2022-03-06 06:17:22,5.7,10.2,375,0.0,0.0,0,0.0,0.0,0,186489.00,0.00,0.00,246,12.85,3.42,0.00,1.7,4.998,4.998,4.998,4.998,13
2022-03-06 06:18:22,5.8,8.3,326,0.0,0.0,0,0.0,0.0,0,186815.00,0.00,0.00,234,12.81,3.25,0.00,2.2,4.998,4.998,4.998,4.998,226
2022-03-06 06:19:22,6.8,8.5,396,0.0,0.0,0,0.0,0.0,0,187211.00,0.00,0.00,258,12.81,3.58,0.00,1.7,4.998,4.998,4.998,4.998,156
2022-03-06 06:20:22,3.8,6.5,202,0.0,0.0,0,0.0,0.0,0,187413.00,0.00,0.00,230,12.81,3.20,0.00,2.2,4.998,4.998,4.998,4.998,140
2022-03-06 06:21:22,3.2,6.1,226,0.0,0.0,0,0.0,0.0,0,187639.00,0.00,0.00,225,12.85,3.13,0.00,2.2,4.998,4.998,4.998,4.998,131
2022-03-06 06:22:22,3.6,3.8,156,0.0,0.0,0,0.0,0.0,0,187795.00,0.00,0.00,259,12.85,3.60,0.00,1.7,4.998,4.998,4.998,4.998,54
2022-03-06 06:23:22,4.0,9.1,358,0.0,0.0,0,0.0,0.0,0,188153.00,0.00,0.00,226,12.81,3.14,0.00,2.2,4.998,4.998,4.998,4.998,65
2022-03-06 06:24:22,2.8,4.6,179,0.0,0.0,0,0.0,0.0,0,188332.00,0.00,0.00,219,12.81,3.04,0.00,1.7,4.998,4.998,4.998,4.998,221
2022-03-06 06:25:22,3.6,5.9,235,0.0,0.0,0,0.0,0.0,0,188567.00,0.00,0.00,191,12.81,2.66,0.00,1.7,4.998,4.998,4.998,4.998,239
2022-03-06 06:26:22,2.2,4.6,190,0.0,0.0,0,0.0,0.0,0,188757.00,0.00,0.00,200,12.81,2.78,0.00,1.7,4.998,4.998,4.998,4.998,89
2022-03-06 06:27:22,2.3,4.5,143,0.0,0.0,0,0.0,0.0,0,188900.00,0.00,0.00,200,12.85,2.77,0.00,1.7,4.998,4.998,4.998,4.998,150
2022-03-06 06:28:22,4.6,5.9,194,0.0,0.0,0,0.0,0.0,0,189094.00,0.00,0.00,227,12.81,3.16,0.00,1.7,4.998,4.998,4.998,4.998,126
2022-03-06 06:29:22,3.0,4.9,198,0.0,0.0,0,0.0,0.0,0,189292.00,0.00,0.00,228,12.81,3.16,0.00,1.7,4.998,4.998,4.998,4.998,45
2022-03-06 06:30:22,2.3,4.2,173,0.0,0.0,0,0.0,0.0,0,189465.00,0.00,0.00,228,12.81,3.16,0.00,1.7,4.998,4.998,4.998,4.998,215
2022-03-06 06:31:22,4.0,7.1,301,0.0,0.0,0,0.0,0.0,0,189766.00,0.00,0.00,226,12.81,3.14,0.00,2.2,4.998,4.998,4.998,4.998,212
2022-03-06 06:32:22,3.0,5.0,177,0.0,0.0,0,0.0,0.0,0,189943.00,0.00,0.00,225,12.81,3.12,0.00,1.7,4.998,4.998,4.998,4.998,37
2022-03-06 06:33:22,2.9,4.3,155,0.0,0.0,0,0.0,0.0,0,190098.00,0.00,0.00,221,12.81,3.08,0.00,1.7,4.998,4.998,4.998,4.998,223
2022-03-06 06:34:22,3.3,6.0,153,0.0,0.0,0,0.0,0.0,0,190251.00,0.00,0.00,218,12.85,3.03,0.00,1.7,4.998,4.998,4.998,4.998,140
2022-03-06 06:35:22,2.3,4.4,178,0.0,0.0,0,0.0,0.0,0,190429.00,0.00,0.00,218,12.81,3.03,0.00,1.7,4.998,4.998,4.998,4.998,202
2022-03-06 06:36:22,4.0,6.6,252,0.0,0.0,0,0.0,0.0,0,190681.00,0.00,0.00,205,12.81,2.85,0.00,1.7,4.998,4.998,4.998,4.998,196
2022-03-06 06:37:22,5.1,6.4,257,0.0,0.0,0,0.0,0.0,0,190938.00,0.00,0.00,210,12.85,2.91,0.00,1.7,4.998,4.998,4.998,4.998,48
2022-03-06 06:38:22,5.2,6.4,277,0.0,0.0,0,0.0,0.0,0,191215.00,0.00,0.00,238,12.81,3.31,0.00,1.7,4.998,4.998,4.998,4.998,110
2022-03-06 06:39:22,3.1,4.9,185,0.0,0.0,0,0.0,0.0,0,191400.00,0.00,0.00,211,12.81,2.93,0.00,1.7,4.998,4.998,4.998,4.998,118
2022-03-06 06:40:22,3.2,7.6,256,0.0,0.0,0,0.0,0.0,0,191656.00,0.00,0.00,211,12.81,2.93,0.00,1.7,4.998,4.998,4.998,4.998,216
2022-03-06 06:41:22,6.7,7.0,314,0.0,0.0,0,0.0,0.0,0,191970.00,0.00,0.00,219,12.81,3.04,0.00,2.2,4.998,4.998,4.998,4.998,125
2022-03-06 06:42:22,3.4,7.1,259,0.0,0.0,0,0.0,0.0,0,192229.00,0.00,0.00,241,12.81,3.35,0.00,1.7,4.998,4.998,4.998,4.998,42
2022-03-06 06:43:22,3.9,4.3,184,0.0,0.0,0,0.0,0.0,0,192413.00,0.00,0.00,206,12.81,2.87,0.00,1.7,4.998,4.998,4.998,4.998,155
2022-03-06 06:44:22,3.6,4.2,146,0.0,0.0,0,0.0,0.0,0,192559.00,0.00,0.00,201,12.81,2.80,0.00,1.7,4.998,4.998,4.998,4.998,147
2022-03-06 06:45:22,2.3,3.5,145,0.0,0.0,0,0.0,0.0,0,192704.00,0.00,0.00,195,12.81,2.70,0.00,1.7,4.998,4.998,4.998,4.998,194
2022-03-06 06:46:22,0.0,2.4,27,0.0,0.0,0,0.0,0.0,0,192731.00,0.00,0.00,195,12.81,2.70,0.00,1.7,4.998,4.998,4.998,4.998,180
2022-03-06 06:47:22,1.3,2.8,74,0.0,0.0,0,0.0,0.0,0,192805.00,0.00,0.00,195,12.81,2.70,0.00,1.7,4.998,4.998,4.998,4.998,229
2022-03-06 06:48:22,3.9,6.6,217,0.0,0.0,0,0.0,0.0,0,193022.00,0.00,0.00,218,12.81,3.03,0.00,1.7,4.998,4.998,4.998,4.998,227
2022-03-06 06:49:22,4.0,6.0,218,0.0,0.0,0,0.0,0.0,0,193240.00,0.00,0.00,215,12.81,2.99,0.00,1.7,4.998,4.998,4.998,4.998,148
2022-03-06 06:50:22,1.9,6.5,197,0.0,0.0,0,0.0,0.0,0,193437.00,0.00,0.00,209,12.77,2.91,0.00,1.7,4.998,4.998,4.998,4.998,16
2022-03-06 06:51:22,4.0,5.4,204,0.0,0.0,0,0.0,0.0,0,193641.00,0.00,0.00,186,12.81,2.59,0.00,1.7,4.998,4.998,4.998,4.998,74
2022-03-06 06:52:22,2.4,4.3,138,0.0,0.0,0,0.0,0.0,0,193779.00,0.00,0.00,186,12.81,2.58,0.00,1.2,4.998,4.998,4.998,4.998,87
2022-03-06 06:53:22,3.2,3.2,52,0.0,0.0,0,0.0,0.0,0,193831.00,0.00,0.00,186,12.81,2.58,0.00,1.7,4.998,4.998,4.998,4.998,187
2022-03-06 06:54:22,5.6,6.7,263,0.0,0.0,0,0.0,0.0,0,194094.00,0.00,0.00,195,12.81,2.70,0.00,1.2,4.998,4.998,4.998,4.998,42
2022-03-06 06:55:22,3.7,5.7,234,0.0,0.0,0,0.0,0.0,0,194328.00,0.00,0.00,214,12.81,2.97,0.00,1.7,4.998,4.998,4.998,4.998,70
2022-03-06 06:56:22,3.4,4.5,197,0.0,0.0,0,0.0,0.0,0,194525.00,0.00,0.00,201,12.81,2.79,0.00,1.7,4.998,4.998,4.998,4.998,182
2022-03-06 06:57:22,3.8,5.6,253,0.0,0.0,0,0.0,0.0,0,194778.00,0.00,0.00,223,12.81,3.11,0.00,1.2,4.998,4.998,4.998,4.998,204
2022-03-06 06:58:22,4.9,5.2,183,0.0,0.0,0,0.0,0.0,0,194961.00,0.00,0.00,189,12.81,2.63,0.00,1.7,4.998,4.998,4.998,4.998,49
2022-03-06 06:59:22,6.0,8.4,274,0.0,0.0,0,0.0,0.0,0,195235.00,0.00,0.00,211,12.81,2.93,0.00,1.7,4.998,4.998,4.998,4.998,2
2022-03-06 07:00:22,5.9,7.2,331,0.0,0.0,0,0.0,0.0,0,195566.00,0.00,0.00,211,12.81,2.93,0.00,1.7,4.998,4.998,4.998,4.998,208
2022-03-06 07:01:22,2.9,6.9,263,0.0,0.0,0,0.0,0.0,0,195829.00,0.00,0.00,242,12.81,3.36,0.00,1.7,4.998,4.998,4.998,4.998,197
2022-03-06 07:02:22,3.4,6.2,221,0.0,0.0,0,0.0,0.0,0,196050.00,0.00,0.00,204,12.81,2.84,0.00,1.7,4.998,4.998,4.998,4.998,74
2022-03-06 07:03:22,2.5,5.1,195,0.0,0.0,0,0.0,0.0,0,196245.00,0.00,0.00,193,12.81,2.68,0.00,1.7,4.998,4.998,4.998,4.998,65
2022-03-06 07:04:22,3.6,5.3,150,0.0,0.0,0,0.0,0.0,0,196395.00,0.00,0.00,204,12.81,2.84,0.00,1.7,4.998,4.998,4.998,4.998,117
2022-03-06 07:05:22,4.4,4.4,156,0.0,0.0,0,0.0,0.0,0,196551.00,0.00,0.00,204,12.81,2.84,0.00,1.7,4.998,4.998,4.998,4.998,161
2022-03-06 07:06:22,3.6,4.8,170,0.0,0.0,0,0.0,0.0,0,196721.00,0.00,0.00,202,12.81,2.81,0.00,1.2,4.998,4.998,4.998,4.998,30
2022-03-06 07:07:22,2.6,4.9,146,0.0,0.0,0,0.0,0.0,0,196867.00,0.00,0.00,206,12.81,2.86,0.00,1.7,4.998,4.998,4.998,4.998,216
2022-03-06 07:08:22,4.2,4.2,130,0.0,0.0,0,0.0,0.0,0,196997.00,0.00,0.00,195,12.81,2.70,0.00,1.2,4.998,4.998,4.998,4.998,202
2022-03-06 07:09:22,4.4,5.5,219,0.0,0.0,0,0.0,0.0,0,197216.00,0.00,0.00,187,12.81,2.60,0.00,1.2,4.998,4.998,4.998,4.998,176
2022-03-06 07:10:22,3.8,6.6,301,0.0,0.0,0,0.0,0.0,0,197517.00,0.00,0.00,191,12.81,2.65,0.00,1.2,4.998,4.998,4.998,4.998,214
2022-03-06 07:11:22,3.4,4.4,164,0.0,0.0,0,0.0,0.0,0,197681.00,0.00,0.00,187,12.81,2.60,0.00,1.7,4.998,4.998,4.998,4.998,237
2022-03-06 07:12:22,1.8,4.4,129,0.0,0.0,0,0.0,0.0,0,197810.00,0.00,0.00,187,12.81,2.60,0.00,1.2,4.998,4.998,4.998,4.998,14
2022-03-06 07:13:22,5.6,6.4,207,0.0,0.0,0,0.0,0.0,0,198017.00,0.00,0.00,198,12.81,2.75,0.00,1.2,4.998,4.998,4.998,4.998,115
2022-03-06 07:14:22,2.9,6.2,256,0.0,0.0,0,0.0,0.0,0,198273.00,0.00,0.00,185,12.81,2.58,0.00,1.2,4.998,4.998,4.998,4.998,237
2022-03-06 07:15:22,1.8,4.3,155,0.0,0.0,0,0.0,0.0,0,198428.00,0.00,0.00,217,12.81,3.02,0.00,1.7,4.998,4.998,4.998,4.998,191
2022-03-06 07:16:22,3.4,3.6,103,0.0,0.0,0,0.0,0.0,0,198531.00,0.00,0.00,217,12.81,3.02,0.00,1.2,4.998,4.998,4.998,4.998,213
2022-03-06 07:17:22,4.0,7.0,220,0.0,0.0,0,0.0,0.0,0,198751.00,0.00,0.00,215,12.81,2.98,0.00,1.7,4.998,4.998,4.998,4.998,47
2022-03-06 07:18:22,3.6,4.1,160,0.0,0.0,0,0.0,0.0,0,198911.00,0.00,0.00,208,12.81,2.89,0.00,1.2,4.998,4.998,4.998,4.998,198
2022-03-06 07:19:22,2.8,4.9,202,0.0,0.0,0,0.0,0.0,0,199113.00,0.00,0.00,215,12.81,2.98,0.00,1.7,4.998,4.998,4.998,4.998,246
2022-03-06 07:20:22,4.2,5.1,209,0.0,0.0,0,0.0,0.0,0,199322.00,0.00,0.00,215,12.81,2.99,0.00,1.2,4.998,4.998,4.998,4.998,255
2022-03-06 07:21:22,2.0,4.3,141,0.0,0.0,0,0.0,0.0,0,199463.00,0.00,0.00,214,12.81,2.98,0.00,1.7,4.998,4.998,4.998,4.998,25
2022-03-06 07:22:22,1.7,2.2,24,0.0,0.0,0,0.0,0.0,0,199487.00,0.00,0.00,215,12.81,2.98,0.00,1.2,4.998,4.998,4.998,4.998,211
2022-03-06 07:23:22,2.3,2.8,43,0.0,0.0,0,0.0,0.0,0,199530.00,0.00,0.00,215,12.81,2.98,0.00,1.2,4.998,4.998,4.998,4.998,131
2022-03-06 07:24:22,3.6,3.9,126,0.0,0.0,0,0.0,0.0,0,199656.00,0.00,0.00,211,12.81,2.93,0.00,1.7,4.998,4.998,4.998,4.998,178
2022-03-06 07:25:22,3.2,4.9,202,0.0,0.0,0,0.0,0.0,0,199858.00,0.00,0.00,190,12.81,2.64,0.00,1.2,4.998,4.998,4.998,4.998,129
2022-03-06 07:26:22,4.2,4.8,175,0.0,0.0,0,0.0,0.0,0,200033.00,0.00,0.00,203,12.81,2.83,0.00,1.7,4.998,4.998,4.998,4.998,238
2022-03-06 07:27:22,3.7,5.6,244,0.0,0.0,0,0.0,0.0,0,200277.00,0.00,0.00,211,12.81,2.94,0.00,1.7,4.998,4.998,4.998,4.998,114
2022-03-06 07:28:22,2.1,3.9,176,0.0,0.0,0,0.0,0.0,0,200453.00,0.00,0.00,211,12.81,2.94,0.00,1.7,4.998,4.998,4.998,4.998,207
2022-03-06 07:29:22,1.7,4.2,124,0.0,0.0,0,0.0,0.0,0,200577.00,0.00,0.00,214,12.81,2.97,0.00,1.2,4.998,4.998,4.998,4.998,42
2022-03-06 07:30:22,3.7,4.5,129,0.0,0.0,0,0.0,0.0,0,200706.00,0.00,0.00,218,12.81,3.03,0.00,1.7,4.998,4.998,4.998,4.998,29
2022-03-06 07:31:22,2.0,5.9,182,0.0,0.0,0,0.0,0.0,0,200888.00,0.00,0.00,239,12.81,3.33,0.00,1.2,4.998,4.998,4.998,4.998,143
2022-03-06 07:32:22,3.6,5.1,190,0.0,0.0,0,0.0,0.0,0,201078.00,0.00,0.00,225,12.81,3.12,0.00,1.7,4.998,4.998,4.998,4.998,105
2022-03-06 07:33:22,1.9,3.9,150,0.0,0.0,0,0.0,0.0,0,201228.00,0.00,0.00,219,12.81,3.04,0.00,1.7,4.998,4.998,4.998,4.998,157
2022-03-06 07:34:22,0.0,4.2,129,0.0,0.0,0,0.0,0.0,0,201357.00,0.00,0.00,218,12.81,3.03,0.00,1.2,4.998,4.998,4.998,4.998,172
2022-03-06 07:35:22,1.8,3.0,78,0.0,0.0,0,0.0,0.0,0,201435.00,0.00,0.00,218,12.77,3.03,0.00,1.2,4.998,4.998,4.998,4.998,82
2022-03-06 07:36:22,1.7,3.8,120,0.0,0.0,0,0.0,0.0,0,201555.00,0.00,0.00,214,12.81,2.98,0.00,1.2,4.998,4.998,4.998,4.998,143
2022-03-06 07:37:22,2.1,2.8,97,0.0,0.0,0,0.0,0.0,0,201652.00,0.00,0.00,214,12.77,2.97,0.00,1.2,4.998,4.998,4.998,4.998,124
2022-03-06 07:38:22,2.3,3.7,144,0.0,0.0,0,0.0,0.0,0,201796.00,0.00,0.00,213,12.77,2.96,0.00,1.2,4.998,4.998,4.998,4.998,157
2022-03-06 07:39:22,2.0,3.4,114,0.0,0.0,0,0.0,0.0,0,201910.00,0.00,0.00,213,12.77,2.96,0.00,1.7,4.998,4.998,4.998,4.998,250
2022-03-06 07:40:22,2.9,4.1,79,0.0,0.0,0,0.0,0.0,0,201989.00,0.00,0.00,187,12.81,2.59,0.00,1.2,4.998,4.998,4.998,4.998,234
2022-03-06 07:41:22,2.9,5.1,177,0.0,0.0,0,0.0,0.0,0,202166.00,0.00,0.00,208,12.77,2.89,0.00,1.2,4.998,4.998,4.998,4.998,152
2022-03-06 07:42:22,2.5,3.6,164,0.0,0.0,0,0.0,0.0,0,202330.00,0.00,0.00,208,12.77,2.90,0.00,1.7,4.998,4.998,4.998,4.998,191
2022-03-06 07:43:22,1.7,2.9,102,0.0,0.0,0,0.0,0.0,0,202432.00,0.00,0.00,208,12.77,2.89,0.00,1.2,4.998,4.998,4.998,4.998,14
2022-03-06 07:44:22,2.6,3.6,135,0.0,0.0,0,0.0,0.0,0,202567.00,0.00,0.00,208,12.77,2.89,0.00,1.2,4.998,4.998,4.998,4.998,129
2022-03-06 07:45:22,2.8,2.9,99,0.0,0.0,0,0.0,0.0,0,202666.00,0.00,0.00,208,12.77,2.89,0.00,1.7,4.998,4.998,4.998,4.998,124
2022-03-06 07:46:22,2.6,3.5,124,0.0,0.0,0,0.0,0.0,0,202790.00,0.00,0.00,208,12.77,2.89,0.00,1.7,4.998,4.998,4.998,4.998,248
2022-03-06 07:47:22,2.4,4.0,135,0.0,0.0,0,0.0,0.0,0,202925.00,0.00,0.00,193,12.77,2.68,0.00,1.2,4.998,4.998,4.998,4.998,206
2022-03-06 07:48:22,2.5,3.2,126,0.0,0.0,0,0.0,0.0,0,203051.00,0.00,0.00,193,12.81,2.69,0.00,1.2,4.998,4.998,4.998,4.998,191
2022-03-06 07:49:22,1.6,2.4,36,0.0,0.0,0,0.0,0.0,0,203087.00,0.00,0.00,193,12.77,2.69,0.00,1.2,4.998,4.998,4.998,4.998,240
2022-03-06 07:50:22,3.2,3.6,133,0.0,0.0,0,0.0,0.0,0,203220.00,0.00,0.00,193,12.77,2.68,0.00,1.2,4.998,4.998,4.998,4.998,146
2022-03-06 07:51:22,3.1,4.6,214,0.0,0.0,0,0.0,0.0,0,203434.00,0.00,0.00,194,12.77,2.69,0.00,1.2,4.998,4.998,4.998,4.998,103
2022-03-06 07:52:22,2.8,4.0,173,0.0,0.0,0,0.0,0.0,0,203607.00,0.00,0.00,193,12.77,2.69,0.00,1.2,4.998,4.998,4.998,4.998,229
2022-03-06 07:53:22,0.0,2.7,34,0.0,0.0,0,0.0,0.0,0,203641.00,0.00,0.00,193,12.77,2.69,0.00,1.2,4.998,4.998,4.998,4.998,251
2022-03-06 07:54:22,0.0,2.2,39,0.0,0.0,0,0.0,0.0,0,203680.00,0.00,0.00,193,12.77,2.69,0.00,1.2,4.998,4.998,4.998,4.998,113
2022-03-06 07:55:22,2.0,3.4,118,0.0,0.0,0,0.0,0.0,0,203798.00,0.00,0.00,193,12.77,2.69,0.00,1.2,4.998,4.998,4.998,4.998,73
2022-03-06 07:56:22,2.3,2.3,67,0.0,0.0,0,0.0,0.0,0,203865.00,0.00,0.00,193,12.81,2.69,0.00,1.7,4.998,4.998,4.998,4.998,237
2022-03-06 07:57:22,1.9,3.3,128,0.0,0.0,0,0.0,0.0,0,203993.00,0.00,0.00,173,12.77,2.40,0.00,1.2,4.998,4.998,4.998,4.998,224
2022-03-06 07:58:22,2.0,3.3,133,0.0,0.0,0,0.0,0.0,0,204126.00,0.00,0.00,173,12.77,2.40,0.00,1.2,4.998,4.998,4.998,4.998,85
2022-03-06 07:59:22,5.2,7.1,106,0.0,0.0,0,0.0,0.0,0,204232.00,0.00,0.00,195,12.77,2.71,0.00,1.2,4.998,4.998,4.998,4.998,158
2022-03-06 08:00:22,1.4,5.4,136,0.0,0.0,0,0.0,0.0,0,204368.00,0.00,0.00,196,12.77,2.72,0.00,1.2,4.998,4.998,4.998,4.998,111
2022-03-06 08:01:22,2.4,3.4,115,0.0,0.0,0,0.0,0.0,0,204483.00,0.00,0.00,196,12.77,2.72,0.00,1.7,4.998,4.998,4.998,4.998,137
2022-03-06 08:02:22,0.0,3.1,66,0.0,0.0,0,0.0,0.0,0,204549.00,0.00,0.00,196,12.77,2.72,0.00,1.7,4.998,4.998,4.998,4.998,29
2022-03-06 08:03:22,0.0,2.3,32,0.0,0.0,0,0.0,0.0,0,204581.00,0.00,0.00,196,12.77,2.72,0.00,1.2,4.998,4.998,4.998,4.998,121
2022-03-06 08:04:22,0.0,0.0,0,0.0,0.0,0,0.0,0.0,0,204581.00,0.00,0.00,196,12.77,2.72,0.00,1.7,4.998,4.998,4.998,4.998,51
2022-03-06 08:05:22,2.8,5.2,160,0.0,0.0,0,0.0,0.0,0,204741.00,0.00,0.00,196,12.77,2.72,0.00,1.7,4.998,4.998,4.998,4.998,30
2022-03-06 08:06:22,0.0,3.3,92,0.0,0.0,0,0.0,0.0,0,204833.00,0.00,0.00,195,12.81,2.71,0.00,1.7,4.998,4.998,4.998,4.998,22
2022-03-06 08:07:22,2.4,3.4,94,0.0,0.0,0,0.0,0.0,0,204927.00,0.00,0.00,196,12.77,2.72,0.00,1.2,4.998,4.998,4.998,4.998,160
2022-03-06 08:08:22,2.6,2.9,130,0.0,0.0,0,0.0,0.0,0,205057.00,0.00,0.00,196,12.77,2.72,0.00,1.2,4.998,4.998,4.998,4.998,4
2022-03-06 08:09:22,2.4,3.8,159,0.0,0.0,0,0.0,0.0,0,205216.00,0.00,0.00,186,12.77,2.59,0.00,1.7,4.998,4.998,4.998,4.998,146
2022-03-06 08:10:22,2.9,3.7,159,0.0,0.0,0,0.0,0.0,0,205375.00,0.00,0.00,186,12.81,2.59,0.00,1.7,4.998,4.998,4.998,4.998,23
2022-03-06 08:11:22,0.0,3.2,76,0.0,0.0,0,0.0,0.0,0,205451.00,0.00,0.00,186,12.77,2.59,0.00,1.7,4.998,4.998,4.998,4.998,16
2022-03-06 08:12:22,1.4,1.4,3,0.0,0.0,0,0.0,0.0,0,205454.00,0.00,0.00,186,12.81,2.59,0.00,1.7,4.998,4.998,4.998,4.998,94
2022-03-06 08:13:22,0.0,1.7,9,0.0,0.0,0,0.0,0.0,0,205463.00,0.00,0.00,186,12.77,2.59,0.00,1.7,4.998,4.998,4.998,4.998,157
2022-03-06 08:14:22,2.8,4.4,131,0.0,0.0,0,0.0,0.0,0,205594.00,0.00,0.00,186,12.77,2.59,0.00,1.7,4.998,4.998,4.998,4.998,102
2022-03-06 08:15:22,2.5,3.0,96,0.0,0.0,0,0.0,0.0,0,205690.00,0.00,0.00,186,12.77,2.59,0.00,1.7,4.998,4.998,4.998,4.998,176
2022-03-06 08:16:22,1.7,2.9,72,0.0,0.0,0,0.0,0.0,0,205762.00,0.00,0.00,186,12.77,2.59,0.00,1.2,4.998,4.998,4.998,4.998,79
2022-03-06 08:17:22,2.2,2.3,66,0.0,0.0,0,0.0,0.0,0,205828.00,0.00,0.00,186,12.77,2.59,0.00,1.7,4.998,4.998,4.998,4.998,13
2022-03-06 08:18:22,0.0,2.9,95,0.0,0.0,0,0.0,0.0,0,205923.00,0.00,0.00,186,12.77,2.59,0.00,1.7,4.998,4.998,4.998,4.998,93
2022-03-06 08:19:22,3.3,3.8,108,0.0,0.0,0,0.0,0.0,0,206031.00,0.00,0.00,185,12.77,2.57,0.00,1.2,4.998,4.998,4.998,4.998,251
2022-03-06 08:20:22,3.0,4.4,158,0.0,0.0,0,0.0,0.0,0,206189.00,0.00,0.00,185,12.77,2.57,0.00,1.2,4.998,4.998,4.998,4.998,94
2022-03-06 08:21:22,3.3,3.7,160,0.0,0.0,0,0.0,0.0,0,206349.00,0.00,0.00,185,12.81,2.57,0.00,1.2,4.998,4.998,4.998,4.998,11
2022-03-06 08:22:22,2.7,4.1,171,0.0,0.0,0,0.0,0.0,0,206520.00,0.00,0.00,185,12.81,2.57,0.00,1.7,4.998,4.998,4.998,4.998,129
2022-03-06 08:23:22,1.4,3.0,96,0.0,0.0,0,0.0,0.0,0,206616.00,0.00,0.00,185,12.77,2.57,0.00,1.7,4.998,4.998,4.998,4.998,86
2022-03-06 08:24:22,0.0,1.7,16,0.0,0.0,0,0.0,0.0,0,206632.00,0.00,0.00,185,12.77,2.57,0.00,1.2,4.998,4.998,4.998,4.998,24
2022-03-06 08:25:22,0.0,2.1,20,0.0,0.0,0,0.0,0.0,0,206652.00,0.00,0.00,185,12.77,2.57,0.00,1.2,4.998,4.998,4.998,4.998,193
2022-03-06 08:26:22,2.0,2.4,46,0.0,0.0,0,0.0,0.0,0,206698.00,0.00,0.00,185,12.77,2.57,0.00,1.2,4.998,4.998,4.998,4.998,135
2022-03-06 08:27:22,1.1,2.1,50,0.0,0.0,0,0.0,0.0,0,206748.00,0.00,0.00,185,12.77,2.57,0.00,1.2,4.998,4.998,4.998,4.998,52
2022-03-06 08:28:22,4.3,5.3,195,0.0,0.0,0,0.0,0.0,0,206943.00,0.00,0.00,185,12.77,2.58,0.00,1.2,4.998,4.998,4.998,4.998,52
2022-03-06 08:29:22,3.5,4.4,158,0.0,0.0,0,0.0,0.0,0,207101.00,0.00,0.00,185,12.81,2.58,0.00,1.2,4.998,4.998,4.998,4.998,172
2022-03-06 08:30:22,2.0,3.7,142,0.0,0.0,0,0.0,0.0,0,207243.00,0.00,0.00,185,12.77,2.58,0.00,1.2,4.998,4.998,4.998,4.998,48
2022-03-06 08:31:22,1.3,2.7,99,0.0,0.0,0,0.0,0.0,0,207342.00,0.00,0.00,186,12.77,2.58,0.00,1.2,4.998,4.998,4.998,4.998,110
2022-03-06 08:32:22,1.4,2.0,25,0.0,0.0,0,0.0,0.0,0,207367.00,0.00,0.00,185,12.81,2.58,0.00,1.2,4.998,4.998,4.998,4.998,241
2022-03-06 08:33:22,1.2,1.5,17,0.0,0.0,0,0.0,0.0,0,207384.00,0.00,0.00,185,12.81,2.58,0.00,1.2,4.998,4.998,4.998,4.998,17
2022-03-06 08:34:22,2.4,2.9,91,0.0,0.0,0,0.0,0.0,0,207475.00,0.00,0.00,185,12.77,2.58,0.00,1.2,4.998,4.998,4.998,4.998,240
2022-03-06 08:35:22,0.0,2.3,25,0.0,0.0,0,0.0,0.0,0,207500.00,0.00,0.00,185,12.81,2.58,0.00,1.2,4.998,4.998,4.998,4.998,31
2022-03-06 08:36:22,4.3,4.4,135,0.0,0.0,0,0.0,0.0,0,207635.00,0.00,0.00,185,12.77,2.58,0.00,0.7,4.998,4.998,4.998,4.998,17
2022-03-06 08:37:22,1.8,4.3,137,0.0,0.0,0,0.0,0.0,0,207772.00,0.00,0.00,185,12.77,2.58,0.00,1.2,4.998,4.998,4.998,4.998,123
2022-03-06 08:38:22,2.5,4.3,169,0.0,0.0,0,0.0,0.0,0,207941.00,0.00,0.00,185,12.77,2.58,0.00,1.2,4.998,4.998,4.998,4.998,191
2022-03-06 08:39:22,1.5,3.0,96,0.0,0.0,0,0.0,0.0,0,208037.00,0.00,0.00,185,12.77,2.58,0.00,0.7,4.998,4.998,4.998,4.998,86
2022-03-06 08:40:22,0.0,1.6,19,0.0,0.0,0,0.0,0.0,0,208056.00,0.00,0.00,185,12.77,2.58,0.00,1.2,4.998,4.998,4.998,4.998,142
2022-03-06 08:41:22,1.4,1.4,7,0.0,0.0,0,0.0,0.0,0,208063.00,0.00,0.00,185,12.77,2.58,0.00,0.7,4.998,4.998,4.998,4.998,44
2022-03-06 08:42:22,0.0,1.7,18,0.0,0.0,0,0.0,0.0,0,208081.00,0.00,0.00,185,12.77,2.58,0.00,1.2,4.998,4.998,4.998,4.998,161
2022-03-06 08:43:22,1.5,2.1,51,0.0,0.0,0,0.0,0.0,0,208132.00,0.00,0.00,185,12.77,2.58,0.00,0.7,4.998,4.998,4.998,4.998,74
2022-03-06 08:44:22,0.0,1.4,4,0.0,0.0,0,0.0,0.0,0,208136.00,0.00,0.00,185,12.77,2.58,0.00,0.7,4.998,4.998,4.998,4.998,114
2022-03-06 08:45:22,0.0,0.0,1,0.0,0.0,0,0.0,0.0,0,208137.00,0.00,0.00,185,12.81,2.58,0.00,0.7,4.998,4.998,4.998,4.998,246
2022-03-06 08:46:22,1.7,2.7,20,0.0,0.0,0,0.0,0.0,0,208157.00,0.00,0.00,185,12.81,2.58,0.00,1.2,4.998,4.998,4.998,4.998,118
2022-03-06 08:47:22,0.0,1.6,3,0.0,0.0,0,0.0,0.0,0,208160.00,0.00,0.00,185,12.81,2.58,0.00,1.2,4.998,4.998,4.998,4.998,205
2022-03-06 08:48:22,3.3,3.7,106,0.0,0.0,0,0.0,0.0,0,208266.00,0.00,0.00,185,12.77,2.58,0.00,0.7,4.998,4.998,4.998,4.998,94
2022-03-06 08:49:22,2.6,3.9,161,0.0,0.0,0,0.0,0.0,0,208427.00,0.00,0.00,185,12.77,2.58,0.00,1.2,4.998,4.998,4.998,4.998,126
2022-03-06 08:50:22,0.0,2.6,45,0.0,0.0,0,0.0,0.0,0,208472.00,0.00,0.00,185,12.77,2.58,0.00,1.2,4.998,4.998,4.998,4.998,77
2022-03-06 08:51:22,0.0,0.0,0,0.0,0.0,0,0.0,0.0,0,208472.00,0.00,0.00,185,12.81,2.58,0.00,0.7,4.998,4.998,4.998,4.998,48
2022-03-06 08:52:22,0.0,0.0,0,0.0,0.0,0,0.0,0.0,0,208472.00,0.00,0.00,185,12.77,2.58,0.00,1.2,4.998,4.998,4.998,4.998,109
2022-03-06 08:53:22,0.0,0.0,0,0.0,0.0,0,0.0,0.0,0,208472.00,0.00,0.00,185,12.77,2.58,0.00,0.7,4.998,4.998,4.998,4.998,174
2022-03-06 08:54:22,0.0,0.0,1,0.0,0.0,0,0.0,0.0,0,208473.00,0.00,0.00,186,12.77,2.58,0.00,0.7,4.998,4.998,4.998,4.998,33
2022-03-06 08:55:22,1.8,2.9,35,0.0,0.0,0,0.0,0.0,0,208508.00,0.00,0.00,185,12.81,2.58,0.00,0.7,4.998,4.998,4.998,4.998,232
2022-03-06 08:56:22,0.0,2.1,36,0.0,0.0,0,0.0,0.0,0,208544.00,0.00,0.00,185,12.77,2.58,0.00,0.7,4.998,4.998,4.998,4.998,27
2022-03-06 08:57:22,1.1,2.1,50,0.0,0.0,0,0.0,0.0,0,208594.00,0.00,0.00,185,12.77,2.58,0.00,0.7,4.998,4.998,4.998,4.998,207
2022-03-06 08:58:22,0.0,1.2,2,0.0,0.0,0,0.0,0.0,0,208596.00,0.00,0.00,185,12.77,2.58,0.00,1.2,4.998,4.998,4.998,4.998,122
2022-03-06 08:59:22,0.0,0.0,0,0.0,0.0,0,0.0,0.0,0,208596.00,0.00,0.00,185,12.77,2.58,0.00,0.7,4.998,4.998,4.998,4.998,172
2022-03-06 09:00:22,0.0,0.0,0,0.0,0.0,0,0.0,0.0,0,208596.00,0.00,0.00,185,12.81,2.58,0.00,0.7,4.998,4.998,4.998,4.998,229
2022-03-06 09:01:22,0.0,0.0,0,0.0,0.0,0,0.0,0.0,0,208596.00,0.00,0.00,185,12.81,2.58,0.00,1.2,4.998,4.998,4.998,4.998,38
2022-03-06 09:02:22,0.0,0.0,0,0.0,0.0,0,0.0,0.0,0,208596.00,0.00,0.00,185,12.77,2.58,0.00,1.2,4.998,4.998,4.998,4.998,193
2022-03-06 09:03:22,0.0,0.0,0,0.0,0.0,0,0.0,0.0,0,208596.00,0.00,0.00,185,12.77,2.58,0.00,1.2,4.998,4.998,4.998,4.998,184
2022-03-06 09:04:22,0.0,0.0,0,0.0,0.0,0,0.0,0.0,0,208596.00,0.00,0.00,185,12.81,2.58,0.00,1.2,4.998,4.998,4.998,4.998,131
2022-03-06 09:05:22,0.0,0.0,0,0.0,0.0,0,0.0,0.0,0,208596.00,0.00,0.00,185,12.81,2.58,0.00,0.7,4.998,4.998,4.998,4.998,64
2022-03-06 09:06:22,0.0,0.0,0,0.0,0.0,0,0.0,0.0,0,208596.00,0.00,0.00,185,12.81,2.58,0.00,0.7,4.998,4.998,4.998,4.998,134
2022-03-06 09:07:22,0.0,0.0,0,0.0,0.0,0,0.0,0.0,0,208596.00,0.00,0.00,185,12.77,2.58,0.00,1.2,4.998,4.998,4.998,4.998,100
2022-03-06 09:08:22,0.0,0.0,0,0.0,0.0,0,0.0,0.0,0,208596.00,0.00,0.00,185,12.77,2.58,0.00,0.7,4.998,4.998,4.998,4.998,170
2022-03-06 09:09:22,0.0,0.0,0,0.0,0.0,0,0.0,0.0,0,208596.00,0.00,0.00,185,12.81,2.58,0.00,1.2,4.998,4.998,4.998,4.998,72
2022-03-06 09:10:22,0.0,0.0,0,0.0,0.0,0,0.0,0.0,0,208596.00,0.00,0.00,185,12.77,2.58,0.00,1.2,4.998,4.998,4.998,4.998,109
2022-03-06 09:11:22,0.0,0.0,0,0.0,0.0,0,0.0,0.0,0,208596.00,0.00,0.00,185,12.81,2.58,0.00,1.2,4.998,4.998,4.998,4.998,53
2022-03-06 09:12:22,0.0,0.0,0,0.0,0.0,0,0.0,0.0,0,208596.00,0.00,0.00,185,12.81,2.58,0.00,0.7,4.998,4.998,4.998,4.998,73
2022-03-06 09:13:22,0.0,0.0,0,0.0,0.0,0,0.0,0.0,0,208596.00,0.00,0.00,185,12.81,2.58,0.00,0.7,4.998,4.998,4.998,4.998,48
2022-03-06 09:14:22,0.0,0.0,0,0.0,0.0,0,0.0,0.0,0,208596.00,0.00,0.00,185,12.81,2.58,0.00,1.2,4.998,4.998,4.998,4.998,144
2022-03-06 09:15:22,0.0,0.0,0,0.0,0.0,0,0.0,0.0,0,208596.00,0.00,0.00,185,12.81,2.58,0.00,0.7,4.998,4.998,4.998,4.998,83
2022-03-06 09:16:22,2.5,2.5,41,0.0,0.0,0,0.0,0.0,0,208637.00,0.00,0.00,185,12.81,2.58,0.00,0.7,4.998,4.998,4.998,4.998,110
2022-03-06 09:17:22,2.5,2.9,134,0.0,0.0,0,0.0,0.0,0,208771.00,0.00,0.00,185,12.81,2.58,0.00,0.7,4.998,4.998,4.998,4.998,58
2022-03-06 09:18:22,2.7,2.7,80,0.0,0.0,0,0.0,0.0,0,208851.00,0.00,0.00,185,12.81,2.58,0.00,0.7,4.998,4.998,4.998,4.998,95
2022-03-06 09:19:22,3.4,3.4,122,0.0,0.0,0,0.0,0.0,0,208973.00,0.00,0.00,185,12.81,2.58,0.00,0.7,4.998,4.998,4.998,4.998,34
2022-03-06 09:20:22,2.5,3.6,150,0.0,0.0,0,0.0,0.0,0,209123.00,0.00,0.00,185,12.85,2.58,0.00,0.7,4.998,4.998,4.998,4.998,105
2022-03-06 09:21:22,2.9,3.3,114,0.0,0.0,0,0.0,0.0,0,209237.00,0.00,0.00,183,12.85,2.55,0.00,0.7,4.998,4.998,4.998,4.998,245
2022-03-06 09:22:22,3.2,4.0,128,0.0,0.0,0,0.0,0.0,0,209365.00,0.00,0.00,165,12.85,2.30,0.00,1.2,4.998,4.998,4.998,4.998,35
2022-03-06 09:23:22,2.7,4.4,186,0.0,0.0,0,0.0,0.0,0,209551.00,0.00,0.00,166,12.89,2.30,0.00,0.7,4.998,4.998,4.998,4.998,76
2022-03-06 09:24:22,2.7,3.9,140,0.0,0.0,0,0.0,0.0,0,209691.00,0.00,0.00,153,12.89,2.13,0.00,0.7,4.998,4.998,4.998,4.998,35
2022-03-06 09:25:22,2.6,3.8,142,0.0,0.0,0,0.0,0.0,0,209833.00,0.00,0.00,153,12.89,2.13,0.00,0.7,4.998,4.998,4.998,4.998,2
2022-03-06 09:26:22,1.4,2.8,100,0.0,0.0,0,0.0,0.0,0,209933.00,0.00,0.00,153,12.92,2.13,0.00,1.2,4.998,4.998,4.998,4.998,16
2022-03-06 09:27:22,2.7,3.7,129,0.0,0.0,0,0.0,0.0,0,210062.00,0.00,0.00,153,12.92,2.13,0.00,0.7,4.998,4.998,4.998,4.998,25
2022-03-06 09:28:22,3.4,5.2,189,0.0,0.0,0,0.0,0.0,0,210251.00,0.00,0.00,164,12.92,2.29,0.00,0.7,4.998,4.998,4.998,4.998,238
2022-03-06 09:29:22,2.4,3.2,96,0.0,0.0,0,0.0,0.0,0,210347.00,0.00,0.00,165,12.92,2.29,0.00,1.2,4.998,4.998,4.998,4.998,17
2022-03-06 09:30:22,3.1,3.2,95,0.0,0.0,0,0.0,0.0,0,210442.00,0.00,0.00,165,12.96,2.29,0.00,1.2,4.998,4.998,4.998,4.998,177
2022-03-06 09:31:22,2.2,3.5,133,0.0,0.0,0,0.0,0.0,0,210575.00,0.00,0.00,165,12.96,2.29,0.00,0.7,4.998,4.998,4.998,4.998,143
2022-03-06 09:32:22,1.5,3.1,112,0.0,0.0,0,0.0,0.0,0,210687.00,0.00,0.00,165,12.96,2.29,0.00,0.7,4.998,4.998,4.998,4.998,190
2022-03-06 09:33:22,0.0,2.9,74,0.0,0.0,0,0.0,0.0,0,210761.00,0.00,0.00,165,12.96,2.29,0.00,1.2,4.998,4.998,4.998,4.998,166
2022-03-06 09:34:22,1.2,1.2,2,0.0,0.0,0,0.0,0.0,0,210763.00,0.00,0.00,165,13.00,2.29,0.00,0.7,4.998,4.998,4.998,4.998,29
2022-03-06 09:35:22,0.0,1.8,18,0.0,0.0,0,0.0,0.0,0,210781.00,0.00,0.00,165,13.00,2.29,0.00,0.7,4.998,4.998,4.998,4.998,139
2022-03-06 09:36:22,0.0,0.0,0,0.0,0.0,0,0.0,0.0,0,210781.00,0.00,0.00,165,13.00,2.29,0.00,1.2,4.998,4.998,4.998,4.998,242
2022-03-06 09:37:22,0.0,0.0,0,0.0,0.0,0,0.0,0.0,0,210781.00,0.00,0.00,165,13.00,2.29,0.00,1.2,4.998,4.998,4.998,4.998,139
2022-03-06 09:38:22,2.2,2.5,82,0.0,0.0,0,0.0,0.0,0,210863.00,0.00,0.00,165,13.04,2.29,0.00,1.2,4.998,4.998,4.998,4.998,85
2022-03-06 09:39:22,2.0,2.3,81,0.0,0.0,0,0.0,0.0,0,210944.00,0.00,0.00,165,13.08,2.29,0.00,0.7,4.998,4.998,4.998,4.998,29
2022-03-06 09:40:22,1.6,1.9,16,0.0,0.0,0,0.0,0.0,0,210960.00,0.00,0.00,165,13.08,2.29,0.00,1.2,4.998,4.998,4.998,4.998,56
2022-03-06 09:41:22,1.8,3.3,101,0.0,0.0,0,0.0,0.0,0,211061.00,0.00,0.00,165,13.08,2.29,0.00,1.2,4.998,4.998,4.998,4.998,241
2022-03-06 09:42:22,0.0,1.6,4,0.0,0.0,0,0.0,0.0,0,211065.00,0.00,0.00,165,13.12,2.29,0.00,0.7,4.998,4.998,4.998,4.998,53
2022-03-06 09:43:22,0.0,0.0,0,0.0,0.0,0,0.0,0.0,0,211065.00,0.00,0.00,165,13.16,2.29,0.00,1.2,4.998,4.998,4.998,4.998,26
2022-03-06 09:44:22,0.0,0.0,0,0.0,0.0,0,0.0,0.0,0,211065.00,0.00,0.00,165,13.16,2.29,0.00,1.2,4.998,4.998,4.998,4.998,0
2022-03-06 09:45:22,0.0,0.0,0,0.0,0.0,0,0.0,0.0,0,211065.00,0.00,0.00,165,13.16,2.29,0.00,1.7,4.998,4.998,4.998,4.998,13
2022-03-06 09:46:22,0.0,0.0,0,0.0,0.0,0,0.0,0.0,0,211065.00,0.00,0.00,165,13.20,2.29,0.00,1.7,4.998,4.998,4.998,4.998,38
2022-03-06 09:47:22,1.8,1.9,13,0.0,0.0,0,0.0,0.0,0,211078.00,0.00,0.00,165,13.24,2.29,0.00,1.7,4.998,4.998,4.998,4.998,134
2022-03-06 09:48:22,2.2,2.9,43,0.0,0.0,0,0.0,0.0,0,211121.00,0.00,0.00,165,13.28,2.29,0.00,1.2,4.998,4.998,4.998,4.998,5
2022-03-06 09:49:22,1.5,2.7,54,0.0,0.0,0,0.0,0.0,0,211175.00,0.00,0.00,165,13.28,2.29,0.00,1.2,4.998,4.998,4.998,4.998,225
2022-03-06 09:50:22,0.0,1.7,40,0.0,0.0,0,0.0,0.0,0,211215.00,0.00,0.00,165,13.32,2.29,0.00,1.2,4.998,4.998,4.998,4.998,196
2022-03-06 09:51:22,0.0,0.0,0,0.0,0.0,0,0.0,0.0,0,211215.00,0.00,0.00,165,13.32,2.29,0.00,1.7,4.998,4.998,4.998,4.998,7
2022-03-06 09:52:22,0.0,0.0,0,0.0,0.0,0,0.0,0.0,0,211215.00,0.00,0.00,165,13.35,2.29,0.00,1.7,4.998,4.998,4.998,4.998,34
2022-03-06 09:53:22,0.0,0.0,0,0.0,0.0,0,0.0,0.0,0,211215.00,0.00,0.00,165,13.39,2.29,0.00,1.7,4.998,4.998,4.998,4.998,49
2022-03-06 09:54:22,0.0,0.0,0,0.0,0.0,0,0.0,0.0,0,211215.00,0.00,0.00,165,13.39,2.29,0.00,1.7,4.998,4.998,4.998,4.998,43
2022-03-06 09:55:22,0.0,0.0,0,0.0,0.0,0,0.0,0.0,0,211215.00,0.00,0.00,165,13.43,2.29,0.00,1.7,4.998,4.998,4.998,4.998,160
2022-03-06 09:56:22,0.0,0.0,0,0.0,0.0,0,0.0,0.0,0,211215.00,0.00,0.00,165,13.47,2.29,0.00,1.7,4.998,4.998,4.998,4.998,42
2022-03-06 09:57:22,0.0,0.0,1,0.0,0.0,0,0.0,0.0,0,211216.00,0.00,0.00,165,13.51,2.29,0.00,1.7,4.998,4.998,4.998,4.998,34
2022-03-06 09:58:22,0.0,0.0,0,0.0,0.0,0,0.0,0.0,0,211216.00,0.00,0.00,165,13.55,2.29,0.00,1.7,4.998,4.998,4.998,4.998,72
2022-03-06 09:59:22,1.5,2.1,39,0.0,0.0,0,0.0,0.0,0,211255.00,0.00,0.00,165,13.59,2.29,0.00,1.7,4.998,4.998,4.998,4.998,1
2022-03-06 10:00:22,1.8,1.8,16,0.0,0.0,0,0.0,0.0,0,211271.00,0.00,0.00,165,13.63,2.29,0.00,1.7,4.998,4.998,4.998,4.998,65
2022-03-06 10:01:22,1.5,2.6,49,0.0,0.0,0,0.0,0.0,0,211320.00,0.00,0.00,165,13.67,2.29,0.00,1.7,4.998,4.998,4.998,4.998,6
2022-03-06 10:02:22,0.0,1.3,3,0.0,0.0,0,0.0,0.0,0,211323.00,0.00,0.00,165,13.71,2.29,0.00,2.2,4.998,4.998,4.998,4.998,16
2022-03-06 10:03:22,0.0,0.0,0,0.0,0.0,0,0.0,0.0,0,211323.00,0.00,0.00,165,13.71,2.29,0.00,1.7,4.998,4.998,4.998,4.998,223
2022-03-06 10:04:22,0.0,0.0,1,0.0,0.0,0,0.0,0.0,0,211324.00,0.00,0.00,165,13.78,2.29,0.00,1.7,4.998,4.998,4.998,4.998,172
2022-03-06 10:05:22,1.1,1.5,8,0.0,0.0,0,0.0,0.0,0,211332.00,0.00,0.00,165,13.82,2.29,0.00,1.7,4.998,4.998,4.998,4.998,244
2022-03-06 10:06:22,0.0,0.0,1,0.0,0.0,0,0.0,0.0,0,211333.00,0.00,0.00,165,13.86,2.29,0.00,2.2,4.998,4.998,4.998,4.998,235
2022-03-06 10:07:22,1.1,2.3,42,0.0,0.0,0,0.0,0.0,0,211375.00,0.00,0.00,165,13.86,2.29,0.00,2.2,4.998,4.998,4.998,4.998,5
2022-03-06 10:08:22,1.5,1.5,8,0.0,0.0,0,0.0,0.0,0,211383.00,0.00,0.00,165,13.90,2.29,0.00,2.2,4.998,4.998,4.998,4.998,31
2022-03-06 10:09:22,0.0,2.4,25,0.0,0.0,0,0.0,0.0,0,211408.00,0.00,0.00,165,13.90,2.29,0.00,2.2,4.998,4.998,4.998,4.998,196
2022-03-06 10:10:22,0.0,0.0,0,0.0,0.0,0,0.0,0.0,0,211408.00,0.00,0.00,165,13.94,2.29,0.00,2.2,4.998,4.998,4.998,4.998,175
2022-03-06 10:11:22,0.0,0.0,0,0.0,0.0,0,0.0,0.0,0,211408.00,0.00,0.00,165,13.94,2.29,0.00,2.2,4.998,4.998,4.998,4.998,214
2022-03-06 10:12:22,2.0,2.3,18,0.0,0.0,0,0.0,0.0,0,211426.00,0.00,0.00,165,13.94,2.29,0.00,2.2,4.998,4.998,4.998,4.998,148
2022-03-06 10:13:22,2.9,3.2,84,0.0,0.0,0,0.0,0.0,0,211510.00,0.00,0.00,164,13.98,2.29,0.00,2.2,4.998,4.998,4.998,4.998,231
2022-03-06 10:14:22,1.7,3.1,68,0.0,0.0,0,0.0,0.0,0,211578.00,0.00,0.00,165,13.98,2.29,0.00,2.2,4.998,4.998,4.998,4.998,91
2022-03-06 10:15:22,0.0,1.9,15,0.0,0.0,0,0.0,0.0,0,211593.00,0.00,0.00,165,13.98,2.29,0.00,1.7,4.998,4.998,4.998,4.998,96
2022-03-06 10:16:22,0.0,1.4,7,0.0,0.0,0,0.0,0.0,0,211600.00,0.00,0.00,164,13.98,2.29,0.00,2.2,4.998,4.998,4.998,4.998,86
2022-03-06 10:17:22,0.0,0.0,0,0.0,0.0,0,0.0,0.0,0,211600.00,0.00,0.00,164,14.02,2.29,0.00,2.2,4.998,4.998,4.998,4.998,146
2022-03-06 10:18:22,0.0,0.0,0,0.0,0.0,0,0.0,0.0,0,211600.00,0.00,0.00,165,14.02,2.29,0.00,2.2,4.998,4.998,4.998,4.998,177
2022-03-06 10:19:22,1.1,2.0,17,0.0,0.0,0,0.0,0.0,0,211617.00,0.00,0.00,164,14.02,2.29,0.00,2.2,4.998,4.998,4.998,4.998,74
2022-03-06 10:20:22,0.0,0.0,0,0.0,0.0,0,0.0,0.0,0,211617.00,0.00,0.00,164,14.02,2.29,0.00,2.2,4.998,4.998,4.998,4.998,51
2022-03-06 10:21:22,0.0,0.0,0,0.0,0.0,0,0.0,0.0,0,211617.00,0.00,0.00,164,14.02,2.29,0.00,2.2,4.998,4.998,4.998,4.998,74
2022-03-06 10:22:22,0.0,1.5,7,0.0,0.0,0,0.0,0.0,0,211624.00,0.00,0.00,165,14.02,2.29,0.00,2.2,4.998,4.998,4.998,4.998,18
2022-03-06 10:23:22,0.0,0.0,0,0.0,0.0,0,0.0,0.0,0,211624.00,0.00,0.00,164,14.02,2.29,0.00,2.2,4.998,4.998,4.998,4.998,221
2022-03-06 10:24:22,0.0,0.0,0,0.0,0.0,0,0.0,0.0,0,211624.00,0.00,0.00,164,14.02,2.29,0.00,2.2,4.998,4.998,4.998,4.998,199
2022-03-06 10:25:22,0.0,0.0,0,0.0,0.0,0,0.0,0.0,0,211624.00,0.00,0.00,165,14.02,2.29,0.00,2.2,4.998,4.998,4.998,4.998,233
2022-03-06 10:26:22,0.0,0.0,0,0.0,0.0,0,0.0,0.0,0,211624.00,0.00,0.00,164,14.06,2.29,0.00,2.2,4.998,4.998,4.998,4.998,52
2022-03-06 10:27:22,0.0,0.0,0,0.0,0.0,0,0.0,0.0,0,211624.00,0.00,0.00,164,14.06,2.29,0.00,2.2,4.998,4.998,4.998,4.998,77
2022-03-06 10:28:22,0.0,0.0,0,0.0,0.0,0,0.0,0.0,0,211624.00,0.00,0.00,164,14.10,2.29,0.00,2.7,4.998,4.998,4.998,4.998,74
2022-03-06 10:29:22,0.0,0.0,0,0.0,0.0,0,0.0,0.0,0,211624.00,0.00,0.00,164,14.10,2.29,0.00,2.7,4.998,4.998,4.998,4.998,51
2022-03-06 10:30:22,0.0,0.0,0,0.0,0.0,0,0.0,0.0,0,211624.00,0.00,0.00,165,14.14,2.29,0.00,2.7,4.998,4.998,4.998,4.998,44
2022-03-06 10:31:22,0.0,0.0,0,0.0,0.0,0,0.0,0.0,0,211624.00,0.00,0.00,165,14.14,2.29,0.00,2.7,4.998,4.998,4.998,4.998,85
2022-03-06 10:32:22,0.0,0.0,0,0.0,0.0,0,0.0,0.0,0,211624.00,0.00,0.00,164,14.17,2.29,0.00,2.2,4.998,4.998,4.998,4.998,31
2022-03-06 10:33:22,0.0,0.0,0,0.0,0.0,0,0.0,0.0,0,211624.00,0.00,0.00,164,14.17,2.29,0.00,2.7,4.998,4.998,4.998,4.998,18
2022-03-06 10:34:22,0.0,0.0,0,0.0,0.0,0,0.0,0.0,0,211624.00,0.00,0.00,165,14.17,2.29,0.00,2.7,4.998,4.998,4.998,4.998,95
2022-03-06 10:35:22,0.0,0.0,0,0.0,0.0,0,0.0,0.0,0,211624.00,0.00,0.00,164,14.21,2.29,0.00,2.7,4.998,4.998,4.998,4.998,156
2022-03-06 10:36:22,0.0,0.0,0,0.0,0.0,0,0.0,0.0,0,211624.00,0.00,0.00,165,14.21,2.29,0.00,2.2,4.998,4.998,4.998,4.998,121
2022-03-06 10:37:22,0.0,0.0,0,0.0,0.0,0,0.0,0.0,0,211624.00,0.00,0.00,164,14.17,2.29,0.00,2.2,4.998,4.998,4.998,4.998,186
2022-03-06 10:38:22,0.0,0.0,0,0.0,0.0,0,0.0,0.0,0,211624.00,0.00,0.00,164,14.21,2.29,0.00,2.2,4.998,4.998,4.998,4.998,35
2022-03-06 10:39:22,0.0,0.0,0,0.0,0.0,0,0.0,0.0,0,211624.00,0.00,0.00,165,14.17,2.29,0.00,2.2,4.998,4.998,4.998,4.998,224
2022-03-06 10:40:22,0.0,0.0,0,0.0,0.0,0,0.0,0.0,0,211624.00,0.00,0.00,165,14.17,2.29,0.00,2.7,4.998,4.998,4.998,4.998,95
2022-03-06 10:41:22,0.0,0.0,0,0.0,0.0,0,0.0,0.0,0,211624.00,0.00,0.00,165,14.14,2.29,0.00,2.7,4.998,4.998,4.998,4.998,137
2022-03-06 10:42:22,0.0,0.0,1,0.0,0.0,0,0.0,0.0,0,211625.00,0.00,0.00,165,14.14,2.29,0.00,2.7,4.998,4.998,4.998,4.998,37
2022-03-06 10:43:22,0.0,1.8,23,0.0,0.0,0,0.0,0.0,0,211648.00,0.00,0.00,164,14.14,2.29,0.00,2.2,4.998,4.998,4.998,4.998,170
2022-03-06 10:44:22,1.7,2.1,22,0.0,0.0,0,0.0,0.0,0,211670.00,0.00,0.00,165,14.10,2.29,0.00,2.2,4.998,4.998,4.998,4.998,167
2022-03-06 10:45:22,0.0,2.3,38,0.0,0.0,0,0.0,0.0,0,211708.00,0.00,0.00,165,14.10,2.29,0.00,2.2,4.998,4.998,4.998,4.998,62
2022-03-06 10:46:22,0.8,1.7,33,0.0,0.0,0,0.0,0.0,0,211741.00,0.00,0.00,165,14.10,2.29,0.00,2.2,4.998,4.998,4.998,4.998,98
2022-03-06 10:47:22,0.0,1.2,3,0.0,0.0,0,0.0,0.0,0,211744.00,0.00,0.00,165,14.06,2.29,0.00,2.2,4.998,4.998,4.998,4.998,78
2022-03-06 10:48:22,0.0,0.0,0,0.0,0.0,0,0.0,0.0,0,211744.00,0.00,0.00,165,14.06,2.29,0.00,2.2,4.998,4.998,4.998,4.998,125
2022-03-06 10:49:22,0.0,0.0,1,0.0,0.0,0,0.0,0.0,0,211745.00,0.00,0.00,165,14.10,2.29,0.00,2.2,4.998,4.998,4.998,4.998,105
2022-03-06 10:50:22,0.0,0.0,1,0.0,0.0,0,0.0,0.0,0,211746.00,0.00,0.00,165,14.10,2.29,0.00,2.2,4.998,4.998,4.998,4.998,73
2022-03-06 10:51:22,0.0,1.8,21,0.0,0.0,0,0.0,0.0,0,211767.00,0.00,0.00,165,14.14,2.29,0.00,2.2,4.998,4.998,4.998,4.998,114
2022-03-06 10:52:22,0.0,0.0,0,0.0,0.0,0,0.0,0.0,0,211767.00,0.00,0.00,165,14.14,2.29,0.00,2.2,4.998,4.998,4.998,4.998,212
2022-03-06 10:53:22,0.0,0.0,0,0.0,0.0,0,0.0,0.0,0,211767.00,0.00,0.00,165,14.17,2.29,0.00,2.2,4.998,4.998,4.998,4.998,2
2022-03-06 10:54:22,0.0,0.0,0,0.0,0.0,0,0.0,0.0,0,211767.00,0.00,0.00,165,14.17,2.29,0.00,2.7,4.998,4.998,4.998,4.998,108
2022-03-06 10:55:22,0.0,0.0,0,0.0,0.0,0,0.0,0.0,0,211767.00,0.00,0.00,165,14.21,2.29,0.00,2.7,4.998,4.998,4.998,4.998,248
2022-03-06 10:56:22,0.0,0.0,0,0.0,0.0,0,0.0,0.0,0,211767.00,0.00,0.00,165,14.25,2.29,0.00,2.7,4.998,4.998,4.998,4.998,114
2022-03-06 10:57:22,0.0,0.0,0,0.0,0.0,0,0.0,0.0,0,211767.00,0.00,0.00,165,14.25,2.29,0.00,2.7,4.998,4.998,4.998,4.998,11
2022-03-06 10:58:22,0.0,0.0,0,0.0,0.0,0,0.0,0.0,0,211767.00,0.00,0.00,165,14.29,2.29,0.00,3.2,4.998,4.998,4.998,4.998,175
2022-03-06 10:59:22,0.0,0.0,0,0.0,0.0,0,0.0,0.0,0,211767.00,0.00,0.00,165,14.29,2.29,0.00,2.7,4.998,4.998,4.998,4.998,108
2022-03-06 11:00:22,0.0,0.0,0,0.0,0.0,0,0.0,0.0,0,211767.00,0.00,0.00,165,14.29,2.29,0.00,2.7,4.998,4.998,4.998,4.998,4
2022-03-06 11:01:22,0.0,0.0,1,0.0,0.0,0,0.0,0.0,0,211768.00,0.00,0.00,165,14.33,2.29,0.00,2.7,4.998,4.998,4.998,4.998,111
2022-03-06 11:02:22,0.0,0.0,1,0.0,0.0,0,0.0,0.0,0,211769.00,0.00,0.00,165,14.33,2.29,0.00,2.7,4.998,4.998,4.998,4.998,145
2022-03-06 11:03:22,0.0,1.5,19,0.0,0.0,0,0.0,0.0,0,211788.00,0.00,0.00,165,14.37,2.29,0.00,2.2,4.998,4.998,4.998,4.998,9
2022-03-06 11:04:22,1.1,2.8,54,0.0,0.0,0,0.0,0.0,0,211842.00,0.00,0.00,165,14.37,2.29,0.00,2.2,4.998,4.998,4.998,4.998,57
2022-03-06 11:05:22,1.1,1.2,6,0.0,0.0,0,0.0,0.0,0,211848.00,0.00,0.00,165,14.37,2.29,0.00,2.2,4.998,4.998,4.998,4.998,99
2022-03-06 11:06:22,1.1,2.8,63,0.0,0.0,0,0.0,0.0,0,211911.00,0.00,0.00,165,14.41,2.29,0.00,2.2,4.998,4.998,4.998,4.998,149
2022-03-06 11:07:22,2.9,3.0,41,0.0,0.0,0,0.0,0.0,0,211952.00,0.00,0.00,165,14.37,2.30,0.00,2.2,4.998,4.998,4.998,4.998,151
2022-03-06 11:08:22,3.2,3.4,116,0.0,0.0,0,0.0,0.0,0,212068.00,0.00,0.00,217,14.37,3.02,0.00,2.2,4.998,4.998,4.998,4.998,43
2022-03-06 11:09:22,1.5,3.3,74,0.0,0.0,0,0.0,0.0,0,212142.00,0.00,0.00,217,14.33,3.02,0.00,2.2,4.998,4.998,4.998,4.998,200
2022-03-06 11:10:22,2.0,2.8,79,0.0,0.0,0,0.0,0.0,0,212221.00,0.00,0.00,217,14.33,3.02,0.00,2.7,4.998,4.998,4.998,4.998,37
2022-03-06 11:11:22,1.9,2.2,60,0.0,0.0,0,0.0,0.0,0,212281.00,0.00,0.00,217,14.33,3.02,0.00,2.2,4.998,4.998,4.998,4.998,182
2022-03-06 11:12:22,1.6,4.2,149,0.0,0.0,0,0.0,0.0,0,212430.00,0.00,0.00,261,14.29,3.63,0.00,2.2,4.998,4.998,4.998,4.998,149
2022-03-06 11:13:22,0.0,1.7,6,0.0,0.0,0,0.0,0.0,0,212436.00,0.00,0.00,261,14.29,3.63,0.00,2.7,4.998,4.998,4.998,4.998,159
2022-03-06 11:14:22,0.0,0.0,0,0.0,0.0,0,0.0,0.0,0,212436.00,0.00,0.00,261,14.29,3.63,0.00,2.2,4.998,4.998,4.998,4.998,84
2022-03-06 11:15:22,2.0,3.7,75,0.0,0.0,0,0.0,0.0,0,212511.00,0.00,0.00,260,14.29,3.62,0.00,2.2,4.998,4.998,4.998,4.998,15
2022-03-06 11:16:22,0.0,1.9,21,0.0,0.0,0,0.0,0.0,0,212532.00,0.00,0.00,260,14.29,3.62,0.00,2.2,4.998,4.998,4.998,4.998,31
2022-03-06 11:17:22,0.0,0.0,0,0.0,0.0,0,0.0,0.0,0,212532.00,0.00,0.00,260,14.33,3.62,0.00,2.2,4.998,4.998,4.998,4.998,3
2022-03-06 11:18:22,0.0,0.0,0,0.0,0.0,0,0.0,0.0,0,212532.00,0.00,0.00,260,14.33,3.62,0.00,2.7,4.998,4.998,4.998,4.998,3
2022-03-06 11:19:22,0.0,0.0,0,0.0,0.0,0,0.0,0.0,0,212532.00,0.00,0.00,260,14.37,3.62,0.00,2.7,4.998,4.998,4.998,4.998,54
2022-03-06 11:20:22,0.0,0.0,0,0.0,0.0,0,0.0,0.0,0,212532.00,0.00,0.00,260,14.41,3.62,0.00,2.7,4.998,4.998,4.998,4.998,32
2022-03-06 11:21:22,0.0,2.0,25,0.0,0.0,0,0.0,0.0,0,212557.00,0.00,0.00,260,14.49,3.62,0.00,2.2,4.998,4.998,4.998,4.998,76
2022-03-06 11:22:22,2.3,2.4,55,0.0,0.0,0,0.0,0.0,0,212612.00,0.00,0.00,260,14.53,3.62,0.00,2.7,4.998,4.998,4.998,4.998,72
2022-03-06 11:23:22,2.1,3.0,128,0.0,0.0,0,0.0,0.0,0,212740.00,0.00,0.00,151,14.57,2.10,0.00,2.7,4.998,4.998,4.998,4.998,83
2022-03-06 11:24:22,2.6,3.9,150,0.0,0.0,0,0.0,0.0,0,212890.00,0.00,0.00,103,14.57,1.43,0.00,2.2,4.998,4.998,4.998,4.998,139
2022-03-06 11:25:22,2.1,3.0,115,0.0,0.0,0,0.0,0.0,0,213005.00,0.00,0.00,103,14.60,1.43,0.00,2.7,4.998,4.998,4.998,4.998,119
2022-03-06 11:26:22,0.0,2.3,24,0.0,0.0,0,0.0,0.0,0,213029.00,0.00,0.00,103,14.60,1.43,0.00,2.7,4.998,4.998,4.998,4.998,10
2022-03-06 11:27:22,0.0,0.0,0,0.0,0.0,0,0.0,0.0,0,213029.00,0.00,0.00,103,14.57,1.43,0.00,2.7,4.998,4.998,4.998,4.998,247
2022-03-06 11:28:22,0.0,0.0,0,0.0,0.0,0,0.0,0.0,0,213029.00,0.00,0.00,103,14.49,1.43,0.00,2.7,4.998,4.998,4.998,4.998,162
2022-03-06 11:29:22,0.0,1.5,11,0.0,0.0,0,0.0,0.0,0,213040.00,0.00,0.00,103,14.49,1.43,0.00,2.7,4.998,4.998,4.998,4.998,2
2022-03-06 11:30:22,0.0,0.0,0,0.0,0.0,0,0.0,0.0,0,213040.00,0.00,0.00,103,14.45,1.43,0.00,2.7,4.998,4.998,4.998,4.998,140
2022-03-06 11:31:22,0.0,0.0,0,0.0,0.0,0,0.0,0.0,0,213040.00,0.00,0.00,103,14.41,1.43,0.00,2.7,4.998,4.998,4.998,4.998,185
2022-03-06 11:32:22,0.0,0.0,0,0.0,0.0,0,0.0,0.0,0,213040.00,0.00,0.00,103,14.41,1.43,0.00,2.7,4.998,4.998,4.998,4.998,127
2022-03-06 11:33:22,0.0,0.0,0,0.0,0.0,0,0.0,0.0,0,213040.00,0.00,0.00,103,14.37,1.43,0.00,2.7,4.998,4.998,4.998,4.998,158
2022-03-06 11:34:22,0.0,0.0,0,0.0,0.0,0,0.0,0.0,0,213040.00,0.00,0.00,103,14.41,1.43,0.00,2.7,4.998,4.998,4.998,4.998,28
2022-03-06 11:35:22,0.0,0.0,0,0.0,0.0,0,0.0,0.0,0,213040.00,0.00,0.00,103,14.45,1.43,0.00,2.2,4.998,4.998,4.998,4.998,93
2022-03-06 11:36:22,0.0,0.0,0,0.0,0.0,0,0.0,0.0,0,213040.00,0.00,0.00,103,14.53,1.43,0.00,2.2,4.998,4.998,4.998,4.998,156
2022-03-06 11:37:22,1.2,2.4,44,0.0,0.0,0,0.0,0.0,0,213084.00,0.00,0.00,103,14.60,1.43,0.00,2.2,4.998,4.998,4.998,4.998,147
2022-03-06 11:38:22,2.5,2.6,12,0.0,0.0,0,0.0,0.0,0,213096.00,0.00,0.00,103,14.60,1.43,0.00,2.7,4.998,4.998,4.998,4.998,243
2022-03-06 11:39:22,4.0,4.5,227,0.0,0.0,0,0.0,0.0,0,213323.00,0.00,0.00,97,14.60,1.35,0.00,2.2,4.998,4.998,4.998,4.998,237
2022-03-06 11:40:22,2.3,4.1,165,0.0,0.0,0,0.0,0.0,0,213488.00,0.00,0.00,97,14.60,1.34,0.00,2.2,4.998,4.998,4.998,4.998,194
2022-03-06 11:41:22,1.1,2.4,32,0.0,0.0,0,0.0,0.0,0,213520.00,0.00,0.00,97,14.60,1.34,0.00,2.7,4.998,4.998,4.998,4.998,35
2022-03-06 11:42:22,3.0,3.5,106,0.0,0.0,0,0.0,0.0,0,213626.00,0.00,0.00,97,14.60,1.34,0.00,2.7,4.998,4.998,4.998,4.998,87
2022-03-06 11:43:22,4.4,4.4,165,0.0,0.0,0,0.0,0.0,0,213791.00,0.00,0.00,97,14.57,1.35,0.00,2.7,4.998,4.998,4.998,4.998,143
2022-03-06 11:44:22,3.1,4.2,190,0.0,0.0,0,0.0,0.0,0,213981.00,0.00,0.00,98,14.53,1.36,0.00,2.2,4.998,4.998,4.998,4.998,27
2022-03-06 11:45:22,2.5,4.1,165,0.0,0.0,0,0.0,0.0,0,214146.00,0.00,0.00,97,14.53,1.35,0.00,2.2,4.998,4.998,4.998,4.998,33
2022-03-06 11:46:22,1.6,2.8,85,0.0,0.0,0,0.0,0.0,0,214231.00,0.00,0.00,97,14.49,1.35,0.00,2.7,4.998,4.998,4.998,4.998,21
2022-03-06 11:47:22,0.0,1.8,16,0.0,0.0,0,0.0,0.0,0,214247.00,0.00,0.00,97,14.45,1.35,0.00,2.2,4.998,4.998,4.998,4.998,130
2022-03-06 11:48:22,0.0,0.0,0,0.0,0.0,0,0.0,0.0,0,214247.00,0.00,0.00,97,14.41,1.35,0.00,2.7,4.998,4.998,4.998,4.998,246
2022-03-06 11:49:22,0.0,0.0,0,0.0,0.0,0,0.0,0.0,0,214247.00,0.00,0.00,97,14.37,1.35,0.00,2.7,4.998,4.998,4.998,4.998,6
2022-03-06 11:50:22,0.0,0.0,0,0.0,0.0,0,0.0,0.0,0,214247.00,0.00,0.00,97,14.33,1.35,0.00,2.2,4.998,4.998,4.998,4.998,34
2022-03-06 11:51:22,2.3,2.5,54,0.0,0.0,0,0.0,0.0,0,214301.00,0.00,0.00,97,14.29,1.35,0.00,2.7,4.998,4.998,4.998,4.998,47
2022-03-06 11:52:22,1.9,3.1,123,0.0,0.0,0,0.0,0.0,0,214424.00,0.00,0.00,97,14.33,1.35,0.00,2.2,4.998,4.998,4.998,4.998,25
2022-03-06 11:53:22,0.0,2.0,27,0.0,0.0,0,0.0,0.0,0,214451.00,0.00,0.00,97,14.29,1.35,0.00,2.7,4.998,4.998,4.998,4.998,247
2022-03-06 11:54:22,0.0,0.0,0,0.0,0.0,0,0.0,0.0,0,214451.00,0.00,0.00,97,14.29,1.35,0.00,2.7,4.998,4.998,4.998,4.998,97
2022-03-06 11:55:22,0.0,0.0,0,0.0,0.0,0,0.0,0.0,0,214451.00,0.00,0.00,97,14.25,1.34,0.00,2.7,4.998,4.998,4.998,4.998,28
2022-03-06 11:56:22,0.0,0.0,0,0.0,0.0,0,0.0,0.0,0,214451.00,0.00,0.00,97,14.25,1.34,0.00,2.7,4.998,4.998,4.998,4.998,64
2022-03-06 11:57:22,4.7,4.8,119,0.0,0.0,0,0.0,0.0,0,214570.00,0.00,0.00,108,14.25,1.51,0.00,2.2,4.998,4.998,4.998,4.998,189
2022-03-06 11:58:22,3.9,6.2,314,0.0,0.0,0,0.0,0.0,0,214884.00,0.00,0.00,113,14.25,1.57,0.00,2.2,4.998,4.998,4.998,4.998,42
2022-03-06 11:59:22,3.2,4.5,204,0.0,0.0,0,0.0,0.0,0,215088.00,0.00,0.00,112,14.21,1.56,0.00,2.2,4.998,4.998,4.998,4.998,105
2022-03-06 12:00:22,2.1,3.8,137,0.0,0.0,0,0.0,0.0,0,215225.00,0.00,0.00,112,14.25,1.56,0.00,2.2,4.998,4.998,4.998,4.998,46
2022-03-06 12:01:22,2.5,2.6,72,0.0,0.0,0,0.0,0.0,0,215297.00,0.00,0.00,58,14.25,0.81,0.00,2.2,4.998,4.998,4.998,4.998,32
2022-03-06 12:02:22,1.5,3.1,91,0.0,0.0,0,0.0,0.0,0,215388.00,0.00,0.00,31,14.29,0.43,0.00,2.2,4.998,4.998,4.998,4.998,76
2022-03-06 12:03:22,3.0,3.3,40,0.0,0.0,0,0.0,0.0,0,215428.00,0.00,0.00,31,14.33,0.44,0.00,2.7,4.998,4.998,4.998,4.998,118
2022-03-06 12:04:22,5.4,6.0,286,0.0,0.0,0,0.0,0.0,0,215714.00,0.00,0.00,106,14.45,1.47,0.00,2.7,4.998,4.998,4.998,4.998,80
2022-03-06 12:05:22,4.0,5.8,298,0.0,0.0,0,0.0,0.0,0,216012.00,0.00,0.00,124,14.57,1.72,0.00,2.2,4.998,4.998,4.998,4.998,188
2022-03-06 12:06:22,3.7,6.1,286,0.0,0.0,0,0.0,0.0,0,216298.00,0.00,0.00,99,14.57,1.38,0.00,2.2,4.998,4.998,4.998,4.998,206
2022-03-06 12:07:22,5.2,5.8,266,0.0,0.0,0,0.0,0.0,0,216564.00,0.00,0.00,69,14.60,0.96,0.00,2.2,4.998,4.998,4.998,4.998,133
2022-03-06 12:08:22,3.0,5.5,228,0.0,0.0,0,0.0,0.0,0,216792.00,0.00,0.00,61,14.60,0.84,0.00,2.2,4.998,4.998,4.998,4.998,173
2022-03-06 12:09:22,3.9,4.5,212,0.0,0.0,0,0.0,0.0,0,217004.00,0.00,0.00,41,14.60,0.58,0.00,2.7,4.998,4.998,4.998,4.998,137
2022-03-06 12:10:22,4.1,5.2,254,0.0,0.0,0,0.0,0.0,0,217258.00,0.00,0.00,72,14.60,1.01,0.00,2.2,4.998,4.998,4.998,4.998,254
2022-03-06 12:11:22,3.8,4.3,197,0.0,0.0,0,0.0,0.0,0,217455.00,0.00,0.00,74,14.60,1.03,0.00,2.2,4.998,4.998,4.998,4.998,193
2022-03-06 12:12:22,3.4,4.8,197,0.0,0.0,0,0.0,0.0,0,217652.00,0.00,0.00,84,14.60,1.17,0.00,2.2,4.998,4.998,4.998,4.998,184
2022-03-06 12:13:22,4.7,5.3,255,0.0,0.0,0,0.0,0.0,0,217907.00,0.00,0.00,57,14.60,0.80,0.00,2.7,4.998,4.998,4.998,4.998,222
2022-03-06 12:14:22,3.3,4.9,221,0.0,0.0,0,0.0,0.0,0,218128.00,0.00,0.00,57,14.60,0.80,0.00,2.7,4.998,4.998,4.998,4.998,45
2022-03-06 12:15:22,3.9,5.9,277,0.0,0.0,0,0.0,0.0,0,218405.00,0.00,0.00,38,14.60,0.53,0.00,2.2,4.998,4.998,4.998,4.998,122
2022-03-06 12:16:22,3.5,5.6,257,0.0,0.0,0,0.0,0.0,0,218662.00,0.00,0.00,38,14.60,0.53,0.00,2.7,4.998,4.998,4.998,4.998,53
2022-03-06 12:17:22,3.4,3.9,182,0.0,0.0,0,0.0,0.0,0,218844.00,0.00,0.00,38,14.60,0.53,0.00,2.2,4.998,4.998,4.998,4.998,171
2022-03-06 12:18:22,3.1,3.9,173,0.0,0.0,0,0.0,0.0,0,219017.00,0.00,0.00,38,14.60,0.53,0.00,2.2,4.998,4.998,4.998,4.998,0
2022-03-06 12:19:22,3.4,3.8,171,0.0,0.0,0,0.0,0.0,0,219188.00,0.00,0.00,28,14.60,0.39,0.00,2.7,4.998,4.998,4.998,4.998,182
2022-03-06 12:20:22,2.4,4.2,159,0.0,0.0,0,0.0,0.0,0,219347.00,0.00,0.00,25,14.60,0.35,0.00,2.7,4.998,4.998,4.998,4.998,211
2022-03-06 12:21:22,2.3,3.0,116,0.0,0.0,0,0.0,0.0,0,219463.00,0.00,0.00,25,14.60,0.35,0.00,3.2,4.998,4.998,4.998,4.998,72
2022-03-06 12:22:22,4.0,5.0,202,0.0,0.0,0,0.0,0.0,0,219665.00,0.00,0.00,27,14.60,0.38,0.00,2.7,4.998,4.998,4.998,4.998,43
2022-03-06 12:23:22,3.0,4.5,186,0.0,0.0,0,0.0,0.0,0,219851.00,0.00,0.00,34,14.60,0.47,0.00,2.7,4.998,4.998,4.998,4.998,69
2022-03-06 12:24:22,4.2,5.0,252,0.0,0.0,0,0.0,0.0,0,220103.00,0.00,0.00,62,14.60,0.87,0.00,2.7,4.998,4.998,4.998,4.998,243
2022-03-06 12:25:22,4.3,6.8,279,0.0,0.0,0,0.0,0.0,0,220382.00,0.00,0.00,75,14.60,1.04,0.00,2.2,4.998,4.998,4.998,4.998,209
2022-03-06 12:26:22,4.5,5.7,257,0.0,0.0,0,0.0,0.0,0,220639.00,0.00,0.00,79,14.60,1.09,0.00,2.2,4.998,4.998,4.998,4.998,251
2022-03-06 12:27:22,4.7,6.1,298,0.0,0.0,0,0.0,0.0,0,220937.00,0.00,0.00,65,14.60,0.90,0.00,2.7,4.998,4.998,4.998,4.998,235
2022-03-06 12:28:22,4.7,5.4,276,0.0,0.0,0,0.0,0.0,0,221213.00,0.00,0.00,52,14.57,0.72,0.00,2.2,4.998,4.998,4.998,4.998,243
2022-03-06 12:29:22,5.6,6.5,345,0.0,0.0,0,0.0,0.0,0,221558.00,0.00,0.00,28,14.57,0.39,0.00,2.2,4.998,4.998,4.998,4.998,103
2022-03-06 12:30:22,4.2,5.9,288,0.0,0.0,0,0.0,0.0,0,221846.00,0.00,0.00,38,14.60,0.53,0.00,2.7,4.998,4.998,4.998,4.998,173
2022-03-06 12:31:22,4.3,5.0,239,0.0,0.0,0,0.0,0.0,0,222085.00,0.00,0.00,39,14.57,0.55,0.00,2.7,4.998,4.998,4.998,4.998,160
2022-03-06 12:32:22,3.0,4.7,213,0.0,0.0,0,0.0,0.0,0,222298.00,0.00,0.00,46,14.60,0.64,0.00,2.2,4.998,4.998,4.998,4.998,169
2022-03-06 12:33:22,2.2,3.6,156,0.0,0.0,0,0.0,0.0,0,222454.00,0.00,0.00,46,14.57,0.64,0.00,2.7,4.998,4.998,4.998,4.998,82
2022-03-06 12:34:22,4.7,4.9,160,0.0,0.0,0,0.0,0.0,0,222614.00,0.00,0.00,23,14.60,0.33,0.00,2.2,4.998,4.998,4.998,4.998,140
2022-03-06 12:35:22,5.7,6.7,321,0.0,0.0,0,0.0,0.0,0,222935.00,0.00,0.00,12,14.60,0.17,0.00,2.7,4.998,4.998,4.998,4.998,174
2022-03-06 12:36:22,4.8,6.7,344,0.0,0.0,0,0.0,0.0,0,223279.00,0.00,0.00,20,14.60,0.28,0.00,2.7,4.998,4.998,4.998,4.998,166
2022-03-06 12:37:22,4.9,6.0,261,0.0,0.0,0,0.0,0.0,0,223540.00,0.00,0.00,24,14.60,0.34,0.00,2.7,4.998,4.998,4.998,4.998,202
2022-03-06 12:38:22,3.9,6.3,267,0.0,0.0,0,0.0,0.0,0,223807.00,0.00,0.00,39,14.60,0.54,0.00,2.7,4.998,4.998,4.998,4.998,221
2022-03-06 12:39:22,4.6,6.0,268,0.0,0.0,0,0.0,0.0,0,224075.00,0.00,0.00,35,14.57,0.48,0.00,2.7,4.998,4.998,4.998,4.998,96
2022-03-06 12:40:22,5.6,6.3,316,0.0,0.0,0,0.0,0.0,0,224391.00,0.00,0.00,30,14.60,0.42,0.00,2.7,4.998,4.998,4.998,4.998,170
2022-03-06 12:41:22,5.5,6.5,320,0.0,0.0,0,0.0,0.0,0,224711.00,0.00,0.00,38,14.57,0.53,0.00,3.2,4.998,4.998,4.998,4.998,187
2022-03-06 12:42:22,6.9,7.6,319,0.0,0.0,0,0.0,0.0,0,225030.00,0.00,0.00,46,14.57,0.64,0.00,2.7,4.998,4.998,4.998,4.998,8
2022-03-06 12:43:22,4.4,7.3,302,0.0,0.0,0,0.0,0.0,0,225332.00,0.00,0.00,50,14.57,0.69,0.00,2.7,4.998,4.998,4.998,4.998,7
2022-03-06 12:44:22,3.9,5.3,254,0.0,0.0,0,0.0,0.0,0,225586.00,0.00,0.00,36,14.57,0.50,0.00,2.7,4.998,4.998,4.998,4.998,17
2022-03-06 12:45:22,3.7,5.3,230,0.0,0.0,0,0.0,0.0,0,225816.00,0.00,0.00,21,14.60,0.30,0.00,3.2,4.998,4.998,4.998,4.998,136
2022-03-06 12:46:22,3.5,5.7,255,0.0,0.0,0,0.0,0.0,0,226071.00,0.00,0.00,38,14.57,0.53,0.00,2.7,4.998,4.998,4.998,4.998,220
2022-03-06 12:47:22,2.8,5.4,206,0.0,0.0,0,0.0,0.0,0,226277.00,0.00,0.00,29,14.60,0.41,0.00,2.2,4.998,4.998,4.998,4.998,111
2022-03-06 12:48:22,6.7,8.2,276,0.0,0.0,0,0.0,0.0,0,226553.00,0.00,0.00,33,14.57,0.46,0.00,3.2,4.998,4.998,4.998,4.998,252
2022-03-06 12:49:22,5.5,8.3,387,0.0,0.0,0,0.0,0.0,0,226940.00,0.00,0.00,23,14.60,0.32,0.00,2.7,4.998,4.998,4.998,4.998,176
2022-03-06 12:50:22,5.7,7.2,325,0.0,0.0,0,0.0,0.0,0,227265.00,0.00,0.00,16,14.60,0.22,0.00,2.7,4.998,4.998,4.998,4.998,236
2022-03-06 12:51:22,4.3,6.7,294,0.0,0.0,0,0.0,0.0,0,227559.00,0.00,0.00,33,14.60,0.46,0.00,2.7,4.998,4.998,4.998,4.998,193
2022-03-06 12:52:22,3.6,6.1,294,0.0,0.0,0,0.0,0.0,0,227853.00,0.00,0.00,44,14.60,0.61,0.00,2.7,4.998,4.998,4.998,4.998,234
2022-03-06 12:53:22,5.4,8.4,324,0.0,0.0,0,0.0,0.0,0,228177.00,0.00,0.00,20,14.60,0.28,0.00,2.7,4.998,4.998,4.998,4.998,40
2022-03-06 12:54:22,5.3,7.0,335,0.0,0.0,0,0.0,0.0,0,228512.00,0.00,0.00,45,14.60,0.62,0.00,2.7,4.998,4.998,4.998,4.998,182
2022-03-06 12:55:22,5.3,7.2,355,0.0,0.0,0,0.0,0.0,0,228867.00,0.00,0.00,39,14.60,0.54,0.00,2.2,4.998,4.998,4.998,4.998,66
2022-03-06 12:56:22,4.6,6.5,295,0.0,0.0,0,0.0,0.0,0,229162.00,0.00,0.00,39,14.57,0.55,0.00,2.7,4.998,4.998,4.998,4.998,11
2022-03-06 12:57:22,5.5,6.3,304,0.0,0.0,0,0.0,0.0,0,229466.00,0.00,0.00,60,14.60,0.83,0.00,2.7,4.998,4.998,4.998,4.998,209
2022-03-06 12:58:22,6.6,7.4,306,0.0,0.0,0,0.0,0.0,0,229772.00,0.00,0.00,56,14.57,0.78,0.00,2.7,4.998,4.998,4.998,4.998,188
2022-03-06 12:59:22,7.0,7.0,342,0.0,0.0,0,0.0,0.0,0,230114.00,0.00,0.00,55,14.60,0.77,0.00,2.7,4.998,4.998,4.998,4.998,163
2022-03-06 13:00:22,5.1,8.4,357,0.0,0.0,0,0.0,0.0,0,230471.00,0.00,0.00,51,14.60,0.71,0.00,2.7,4.998,4.998,4.998,4.998,113
2022-03-06 13:01:22,5.7,8.0,392,0.0,0.0,0,0.0,0.0,0,230863.00,0.00,0.00,64,14.60,0.89,0.00,1.7,4.998,4.998,4.998,4.998,174
2022-03-06 13:02:22,4.3,6.1,277,0.0,0.0,0,0.0,0.0,0,231140.00,0.00,0.00,71,14.57,0.99,0.00,2.7,4.998,4.998,4.998,4.998,66
2022-03-06 13:03:22,4.8,6.1,276,0.0,0.0,0,0.0,0.0,0,231416.00,0.00,0.00,42,14.57,0.59,0.00,2.7,4.998,4.998,4.998,4.998,76
2022-03-06 13:04:22,4.8,7.4,353,0.0,0.0,0,0.0,0.0,0,231769.00,0.00,0.00,62,14.60,0.87,0.00,2.7,4.998,4.998,4.998,4.998,142
2022-03-06 13:05:22,5.2,7.3,338,0.0,0.0,0,0.0,0.0,0,232107.00,0.00,0.00,81,14.60,1.13,0.00,2.7,4.998,4.998,4.998,4.998,33
2022-03-06 13:06:22,8.5,8.9,436,0.0,0.0,0,0.0,0.0,0,232543.00,0.00,0.00,82,14.60,1.14,0.00,2.7,4.998,4.998,4.998,4.998,116
2022-03-06 13:07:22,5.7,8.9,419,0.0,0.0,0,0.0,0.0,0,232962.00,0.00,0.00,69,14.60,0.97,0.00,2.7,4.998,4.998,4.998,4.998,232
2022-03-06 13:08:22,9.0,9.5,487,0.0,0.0,0,0.0,0.0,0,233449.00,0.00,0.00,46,14.60,0.64,0.00,2.7,4.998,4.998,4.998,4.998,36
2022-03-06 13:09:22,8.9,10.4,560,0.0,0.0,0,0.0,0.0,0,234009.00,0.00,0.00,53,14.60,0.74,0.00,2.2,4.998,4.998,4.998,4.998,89
2022-03-06 13:10:22,7.2,9.6,494,0.0,0.0,0,0.0,0.0,0,234503.00,0.00,0.00,46,14.60,0.64,0.00,2.2,4.998,4.998,4.998,4.998,197
2022-03-06 13:11:22,5.6,7.4,375,0.0,0.0,0,0.0,0.0,0,234878.00,0.00,0.00,63,14.60,0.88,0.00,2.2,4.998,4.998,4.998,4.998,42
2022-03-06 13:12:22,5.3,9.3,398,0.0,0.0,0,0.0,0.0,0,235276.00,0.00,0.00,17,14.60,0.24,0.00,1.7,4.998,4.998,4.998,4.998,52
2022-03-06 13:13:22,5.3,8.1,384,0.0,0.0,0,0.0,0.0,0,235660.00,0.00,0.00,35,14.60,0.48,0.00,2.2,4.998,4.998,4.998,4.998,103
2022-03-06 13:14:22,6.2,8.4,301,0.0,0.0,0,0.0,0.0,0,235961.00,0.00,0.00,77,14.60,1.07,0.00,2.2,4.998,4.998,4.998,4.998,109
2022-03-06 13:15:22,7.4,8.4,439,0.0,0.0,0,0.0,0.0,0,236400.00,0.00,0.00,71,14.60,0.99,0.00,2.2,4.998,4.998,4.998,4.998,146
2022-03-06 13:16:22,6.1,8.5,434,0.0,0.0,0,0.0,0.0,0,236834.00,0.00,0.00,78,14.60,1.08,0.00,2.2,4.998,4.998,4.998,4.998,220
2022-03-06 13:17:22,5.4,7.5,394,0.0,0.0,0,0.0,0.0,0,237228.00,0.00,0.00,56,14.60,0.78,0.00,2.2,4.998,4.998,4.998,4.998,14
2022-03-06 13:18:22,4.1,5.6,271,0.0,0.0,0,0.0,0.0,0,237499.00,0.00,0.00,54,14.57,0.75,0.00,2.2,4.998,4.998,4.998,4.998,17
2022-03-06 13:19:22,5.4,5.5,212,0.0,0.0,0,0.0,0.0,0,237711.00,0.00,0.00,23,14.60,0.33,0.00,2.2,4.998,4.998,4.998,4.998,3
2022-03-06 13:20:22,3.6,5.7,248,0.0,0.0,0,0.0,0.0,0,237959.00,0.00,0.00,43,14.60,0.60,0.00,2.7,4.998,4.998,4.998,4.998,4
2022-03-06 13:21:22,2.9,4.5,204,0.0,0.0,0,0.0,0.0,0,238163.00,0.00,0.00,356,14.60,4.94,0.00,2.7,4.998,4.998,4.998,4.998,246
2022-03-06 13:22:22,4.1,4.7,215,0.0,0.0,0,0.0,0.0,0,238378.00,0.00,0.00,22,14.57,0.31,0.00,2.2,4.998,4.998,4.998,4.998,110
2022-03-06 13:23:22,4.3,4.9,223,0.0,0.0,0,0.0,0.0,0,238601.00,0.00,0.00,35,14.25,0.49,0.00,2.2,4.998,4.998,4.998,4.998,137
2022-03-06 13:24:22,3.6,5.1,176,0.0,0.0,0,0.0,0.0,0,238777.00,0.00,0.00,30,14.25,0.41,0.00,2.7,4.998,4.998,4.998,4.998,147
2022-03-06 13:25:22,2.4,4.3,148,0.0,0.0,0,0.0,0.0,0,238925.00,0.00,0.00,30,14.29,0.41,0.00,2.7,4.998,4.998,4.998,4.998,153
2022-03-06 13:26:22,3.0,4.5,185,0.0,0.0,0,0.0,0.0,0,239110.00,0.00,0.00,28,14.29,0.40,0.00,2.7,4.998,4.998,4.998,4.998,130
2022-03-06 13:27:22,3.7,4.2,198,0.0,0.0,0,0.0,0.0,0,239308.00,0.00,0.00,36,14.29,0.50,0.00,2.7,4.998,4.998,4.998,4.998,44
2022-03-06 13:28:22,3.6,4.2,191,0.0,0.0,0,0.0,0.0,0,239499.00,0.00,0.00,36,14.29,0.50,0.00,2.7,4.998,4.998,4.998,4.998,178
2022-03-06 13:29:22,3.1,3.8,173,0.0,0.0,0,0.0,0.0,0,239672.00,0.00,0.00,37,14.29,0.51,0.00,2.7,4.998,4.998,4.998,4.998,226
2022-03-06 13:30:22,2.3,5.2,189,0.0,0.0,0,0.0,0.0,0,239861.00,0.00,0.00,65,14.29,0.90,0.00,2.7,4.998,4.998,4.998,4.998,73
2022-03-06 13:31:22,3.3,4.0,167,0.0,0.0,0,0.0,0.0,0,240028.00,0.00,0.00,70,14.25,0.97,0.00,2.7,4.998,4.998,4.998,4.998,24
2022-03-06 13:32:22,3.2,5.3,215,0.0,0.0,0,0.0,0.0,0,240243.00,0.00,0.00,92,14.29,1.28,0.00,2.2,4.998,4.998,4.998,4.998,198
2022-03-06 13:33:22,2.3,3.7,150,0.0,0.0,0,0.0,0.0,0,240393.00,0.00,0.00,91,14.29,1.27,0.00,3.2,4.998,4.998,4.998,4.998,27
2022-03-06 13:34:22,2.7,3.5,74,0.0,0.0,0,0.0,0.0,0,240467.00,0.00,0.00,91,14.29,1.27,0.00,3.2,4.998,4.998,4.998,4.998,204
2022-03-06 13:35:22,1.9,3.9,165,0.0,0.0,0,0.0,0.0,0,240632.00,0.00,0.00,91,14.29,1.27,0.00,2.7,4.998,4.998,4.998,4.998,140
2022-03-06 13:36:22,0.0,2.2,43,0.0,0.0,0,0.0,0.0,0,240675.00,0.00,0.00,91,14.25,1.27,0.00,2.7,4.998,4.998,4.998,4.998,80
2022-03-06 13:37:22,3.1,3.1,49,0.0,0.0,0,0.0,0.0,0,240724.00,0.00,0.00,91,14.25,1.26,0.00,3.2,4.998,4.998,4.998,4.998,213
2022-03-06 13:38:22,5.4,5.7,214,0.0,0.0,0,0.0,0.0,0,240938.00,0.00,0.00,58,14.25,0.81,0.00,3.2,4.998,4.998,4.998,4.998,223
2022-03-06 13:39:22,1.8,5.8,159,0.0,0.0,0,0.0,0.0,0,241097.00,0.00,0.00,58,14.29,0.81,0.00,2.7,4.998,4.998,4.998,4.998,107
2022-03-06 13:40:22,2.3,4.4,126,0.0,0.0,0,0.0,0.0,0,241223.00,0.00,0.00,60,14.29,0.84,0.00,2.7,4.998,4.998,4.998,4.998,103
2022-03-06 13:41:22,0.0,2.4,29,0.0,0.0,0,0.0,0.0,0,241252.00,0.00,0.00,61,14.25,0.84,0.00,3.2,4.998,4.998,4.998,4.998,99
2022-03-06 13:42:22,2.0,2.3,34,0.0,0.0,0,0.0,0.0,0,241286.00,0.00,0.00,61,14.29,0.84,0.00,2.7,4.998,4.998,4.998,4.998,223
2022-03-06 13:43:22,1.6,2.2,34,0.0,0.0,0,0.0,0.0,0,241320.00,0.00,0.00,60,14.29,0.84,0.00,2.7,4.998,4.998,4.998,4.998,38
2022-03-06 13:44:22,3.3,3.5,125,0.0,0.0,0,0.0,0.0,0,241445.00,0.00,0.00,65,14.29,0.90,0.00,2.7,4.998,4.998,4.998,4.998,115
2022-03-06 13:45:22,5.1,5.3,244,0.0,0.0,0,0.0,0.0,0,241689.00,0.00,0.00,96,14.29,1.33,0.00,3.2,4.998,4.998,4.998,4.998,13
2022-03-06 13:46:22,3.8,5.6,283,0.0,0.0,0,0.0,0.0,0,241972.00,0.00,0.00,100,14.25,1.39,0.00,2.7,4.998,4.998,4.998,4.998,143
2022-03-06 13:47:22,5.6,6.9,330,0.0,0.0,0,0.0,0.0,0,242302.00,0.00,0.00,117,14.29,1.63,0.00,2.7,4.998,4.998,4.998,4.998,180
2022-03-06 13:48:22,5.3,7.2,350,0.0,0.0,0,0.0,0.0,0,242652.00,0.00,0.00,116,14.29,1.61,0.00,2.7,4.998,4.998,4.998,4.998,243
2022-03-06 13:49:22,6.0,6.3,306,0.0,0.0,0,0.0,0.0,0,242958.00,0.00,0.00,88,14.25,1.23,0.00,3.2,4.998,4.998,4.998,4.998,33
2022-03-06 13:50:22,5.4,6.2,301,0.0,0.0,0,0.0,0.0,0,243259.00,0.00,0.00,93,14.29,1.29,0.00,3.2,4.998,4.998,4.998,4.998,2
2022-03-06 13:51:22,4.5,5.4,203,0.0,0.0,0,0.0,0.0,0,243462.00,0.00,0.00,128,14.29,1.78,0.00,2.7,4.998,4.998,4.998,4.998,175
2022-03-06 13:52:22,2.4,4.9,188,0.0,0.0,0,0.0,0.0,0,243650.00,0.00,0.00,148,14.29,2.06,0.00,3.2,4.998,4.998,4.998,4.998,222
2022-03-06 13:53:22,4.2,5.7,255,0.0,0.0,0,0.0,0.0,0,243905.00,0.00,0.00,107,14.29,1.48,0.00,3.2,4.998,4.998,4.998,4.998,108
2022-03-06 13:54:22,5.7,5.7,250,0.0,0.0,0,0.0,0.0,0,244155.00,0.00,0.00,85,14.25,1.18,0.00,2.7,4.998,4.998,4.998,4.998,197
2022-03-06 13:55:22,4.3,6.7,290,0.0,0.0,0,0.0,0.0,0,244445.00,0.00,0.00,100,14.25,1.39,0.00,3.2,4.998,4.998,4.998,4.998,158
2022-03-06 13:56:22,2.9,6.0,246,0.0,0.0,0,0.0,0.0,0,244691.00,0.00,0.00,76,14.29,1.06,0.00,2.7,4.998,4.998,4.998,4.998,241
2022-03-06 13:57:22,1.1,4.9,157,0.0,0.0,0,0.0,0.0,0,244848.00,0.00,0.00,54,14.25,0.76,0.00,2.7,4.998,4.998,4.998,4.998,178
2022-03-06 13:58:22,4.7,5.5,210,0.0,0.0,0,0.0,0.0,0,245058.00,0.00,0.00,36,14.21,0.50,0.00,2.7,4.998,4.998,4.998,4.998,55
2022-03-06 13:59:22,3.9,5.8,286,0.0,0.0,0,0.0,0.0,0,245344.00,0.00,0.00,59,14.25,0.82,0.00,2.7,4.998,4.998,4.998,4.998,211
2022-03-06 14:00:22,4.6,5.5,268,0.0,0.0,0,0.0,0.0,0,245612.00,0.00,0.00,59,14.25,0.82,0.00,2.7,4.998,4.998,4.998,4.998,198
2022-03-06 14:01:22,3.7,5.0,203,0.0,0.0,0,0.0,0.0,0,245815.00,0.00,0.00,58,14.29,0.81,0.00,2.7,4.998,4.998,4.998,4.998,122
2022-03-06 14:02:22,2.8,4.1,195,0.0,0.0,0,0.0,0.0,0,246010.00,0.00,0.00,34,14.25,0.47,0.00,2.7,4.998,4.998,4.998,4.998,248
2022-03-06 14:03:22,3.3,4.9,211,0.0,0.0,0,0.0,0.0,0,246221.00,0.00,0.00,34,14.25,0.47,0.00,2.7,4.998,4.998,4.998,4.998,182
2022-03-06 14:04:22,2.6,4.2,184,0.0,0.0,0,0.0,0.0,0,246405.00,0.00,0.00,34,14.25,0.47,0.00,3.2,4.998,4.998,4.998,4.998,161
2022-03-06 14:05:22,2.5,4.5,180,0.0,0.0,0,0.0,0.0,0,246585.00,0.00,0.00,55,14.29,0.77,0.00,2.7,4.998,4.998,4.998,4.998,184
2022-03-06 14:06:22,0.0,2.5,68,0.0,0.0,0,0.0,0.0,0,246653.00,0.00,0.00,55,14.25,0.77,0.00,2.7,4.998,4.998,4.998,4.998,97
2022-03-06 14:07:22,1.0,3.6,56,0.0,0.0,0,0.0,0.0,0,246709.00,0.00,0.00,55,14.25,0.77,0.00,3.2,4.998,4.998,4.998,4.998,22
2022-03-06 14:08:22,2.4,3.7,139,0.0,0.0,0,0.0,0.0,0,246848.00,0.00,0.00,28,14.25,0.39,0.00,3.2,4.998,4.998,4.998,4.998,226
2022-03-06 14:09:22,3.5,3.7,152,0.0,0.0,0,0.0,0.0,0,247000.00,0.00,0.00,21,14.29,0.30,0.00,3.2,4.998,4.998,4.998,4.998,249
2022-03-06 14:10:22,2.9,5.0,201,0.0,0.0,0,0.0,0.0,0,247201.00,0.00,0.00,6,14.29,0.08,0.00,3.2,4.998,4.998,4.998,4.998,243
2022-03-06 14:11:22,3.2,4.4,179,0.0,0.0,0,0.0,0.0,0,247380.00,0.00,0.00,0,14.29,0.00,0.00,2.7,4.998,4.998,4.998,4.998,46
2022-03-06 14:12:22,3.8,4.4,199,0.0,0.0,0,0.0,0.0,0,247579.00,0.00,0.00,17,14.25,0.24,0.00,2.7,4.998,4.998,4.998,4.998,167
2022-03-06 14:13:22,3.3,3.9,181,0.0,0.0,0,0.0,0.0,0,247760.00,0.00,0.00,17,14.25,0.23,0.00,2.7,4.998,4.998,4.998,4.998,166
2022-03-06 14:14:22,3.2,6.1,245,0.0,0.0,0,0.0,0.0,0,248005.00,0.00,0.00,16,14.29,0.23,0.00,2.7,4.998,4.998,4.998,4.998,119
2022-03-06 14:15:22,2.8,3.7,152,0.0,0.0,0,0.0,0.0,0,248157.00,0.00,0.00,16,14.25,0.23,0.00,2.7,4.998,4.998,4.998,4.998,240
2022-03-06 14:16:22,3.2,3.7,125,0.0,0.0,0,0.0,0.0,0,248282.00,0.00,0.00,16,14.29,0.23,0.00,2.7,4.998,4.998,4.998,4.998,99
2022-03-06 14:17:22,3.3,5.2,201,0.0,0.0,0,0.0,0.0,0,248483.00,0.00,0.00,33,14.25,0.45,0.00,2.7,4.998,4.998,4.998,4.998,201
2022-03-06 14:18:22,4.0,4.2,194,0.0,0.0,0,0.0,0.0,0,248677.00,0.00,0.00,32,14.29,0.44,0.00,3.2,4.998,4.998,4.998,4.998,191
2022-03-06 14:19:22,3.3,4.3,174,0.0,0.0,0,0.0,0.0,0,248851.00,0.00,0.00,14,14.25,0.20,0.00,2.7,4.998,4.998,4.998,4.998,33
2022-03-06 14:20:22,5.3,5.7,236,0.0,0.0,0,0.0,0.0,0,249087.00,0.00,0.00,351,14.21,4.88,0.00,3.2,4.998,4.998,4.998,4.998,66
2022-03-06 14:21:22,4.7,5.1,218,0.0,0.0,0,0.0,0.0,0,249305.00,0.00,0.00,3,14.14,0.04,0.00,2.7,4.998,4.998,4.998,4.998,234
2022-03-06 14:22:22,3.4,6.5,270,0.0,0.0,0,0.0,0.0,0,249575.00,0.00,0.00,359,14.14,4.99,0.00,3.2,4.998,4.998,4.998,4.998,0
2022-03-06 14:23:22,3.5,5.0,239,0.0,0.0,0,0.0,0.0,0,249814.00,0.00,0.00,359,14.14,4.99,0.00,2.7,4.998,4.998,4.998,4.998,3
2022-03-06 14:24:22,5.5,5.6,236,0.0,0.0,0,0.0,0.0,0,250050.00,0.00,0.00,7,14.17,0.10,0.00,2.7,4.998,4.998,4.998,4.998,5
2022-03-06 14:25:22,4.1,5.7,264,0.0,0.0,0,0.0,0.0,0,250314.00,0.00,0.00,0,14.21,0.00,0.00,2.7,4.998,4.998,4.998,4.998,37
2022-03-06 14:26:22,3.6,5.9,276,0.0,0.0,0,0.0,0.0,0,250590.00,0.00,0.00,5,14.17,0.07,0.00,2.7,4.998,4.998,4.998,4.998,31
2022-03-06 14:27:22,3.4,4.4,199,0.0,0.0,0,0.0,0.0,0,250789.00,0.00,0.00,344,14.06,4.78,0.00,2.2,4.998,4.998,4.998,4.998,63
2022-03-06 14:28:22,4.0,5.2,242,0.0,0.0,0,0.0,0.0,0,251031.00,0.00,0.00,328,13.98,4.55,0.00,2.7,4.998,4.998,4.998,4.998,137
2022-03-06 14:29:22,3.5,4.4,200,0.0,0.0,0,0.0,0.0,0,251231.00,0.00,0.00,331,13.94,4.60,0.00,2.2,4.998,4.998,4.998,4.998,153
2022-03-06 14:30:22,3.9,4.7,214,0.0,0.0,0,0.0,0.0,0,251445.00,0.00,0.00,336,13.94,4.67,0.00,2.7,4.998,4.998,4.998,4.998,167
2022-03-06 14:31:22,4.2,6.0,247,0.0,0.0,0,0.0,0.0,0,251692.00,0.00,0.00,359,13.94,4.99,0.00,2.7,4.998,4.998,4.998,4.998,78
2022-03-06 14:32:22,4.5,5.1,247,0.0,0.0,0,0.0,0.0,0,251939.00,0.00,0.00,352,13.98,4.89,0.00,2.2,4.998,4.998,4.998,4.998,70
2022-03-06 14:33:22,3.5,6.1,256,0.0,0.0,0,0.0,0.0,0,252195.00,0.00,0.00,4,13.98,0.05,0.00,2.7,4.998,4.998,4.998,4.998,114
2022-03-06 14:34:22,3.7,4.5,146,0.0,0.0,0,0.0,0.0,0,252341.00,0.00,0.00,358,13.98,4.98,0.00,2.7,4.998,4.998,4.998,4.998,68
2022-03-06 14:35:22,2.9,4.5,194,0.0,0.0,0,0.0,0.0,0,252535.00,0.00,0.00,355,13.94,4.93,0.00,2.7,4.998,4.998,4.998,4.998,2
2022-03-06 14:36:22,2.6,6.3,248,0.0,0.0,0,0.0,0.0,0,252783.00,0.00,0.00,318,13.94,4.42,0.00,2.7,4.998,4.998,4.998,4.998,140
2022-03-06 14:37:22,5.1,5.7,227,0.0,0.0,0,0.0,0.0,0,253010.00,0.00,0.00,346,13.86,4.81,0.00,2.7,4.998,4.998,4.998,4.998,45
2022-03-06 14:38:22,5.2,5.9,245,0.0,0.0,0,0.0,0.0,0,253255.00,0.00,0.00,341,13.86,4.74,0.00,2.7,4.998,4.998,4.998,4.998,81
2022-03-06 14:39:22,4.3,5.6,224,0.0,0.0,0,0.0,0.0,0,253479.00,0.00,0.00,347,13.86,4.82,0.00,2.2,4.998,4.998,4.998,4.998,29
2022-03-06 14:40:22,1.7,4.5,157,0.0,0.0,0,0.0,0.0,0,253636.00,0.00,0.00,330,13.86,4.59,0.00,2.7,4.998,4.998,4.998,4.998,48
2022-03-06 14:41:22,4.7,5.3,134,0.0,0.0,0,0.0,0.0,0,253770.00,0.00,0.00,28,13.94,0.40,0.00,2.7,4.998,4.998,4.998,4.998,92
2022-03-06 14:42:22,6.0,8.6,340,0.0,0.0,0,0.0,0.0,0,254110.00,0.00,0.00,0,14.02,0.00,0.00,2.2,4.998,4.998,4.998,4.998,181
2022-03-06 14:43:22,4.2,6.7,294,0.0,0.0,0,0.0,0.0,0,254404.00,0.00,0.00,12,13.94,0.17,0.00,2.2,4.998,4.998,4.998,4.998,225
2022-03-06 14:44:22,3.6,4.8,204,0.0,0.0,0,0.0,0.0,0,254608.00,0.00,0.00,337,13.86,4.69,0.00,2.7,4.998,4.998,4.998,4.998,244
2022-03-06 14:45:22,4.0,6.3,273,0.0,0.0,0,0.0,0.0,0,254881.00,0.00,0.00,323,13.82,4.49,0.00,1.7,4.998,4.998,4.998,4.998,158
2022-03-06 14:46:22,3.9,4.1,168,0.0,0.0,0,0.0,0.0,0,255049.00,0.00,0.00,351,13.78,4.88,0.00,2.2,4.998,4.998,4.998,4.998,86
2022-03-06 14:47:22,2.5,4.6,147,0.0,0.0,0,0.0,0.0,0,255196.00,0.00,0.00,351,13.74,4.88,0.00,2.2,4.998,4.998,4.998,4.998,183
2022-03-06 14:48:22,3.3,3.9,129,0.0,0.0,0,0.0,0.0,0,255325.00,0.00,0.00,20,13.82,0.28,0.00,2.2,4.998,4.998,4.998,4.998,177
2022-03-06 14:49:22,5.9,6.0,236,0.0,0.0,0,0.0,0.0,0,255561.00,0.00,0.00,33,13.86,0.45,0.00,2.2,4.998,4.998,4.998,4.998,145
2022-03-06 14:50:22,4.1,6.2,297,0.0,0.0,0,0.0,0.0,0,255858.00,0.00,0.00,54,14.33,0.76,0.00,2.7,4.998,4.998,4.998,4.998,119
2022-03-06 14:51:22,7.6,8.1,332,0.0,0.0,0,0.0,0.0,0,256190.00,0.00,0.00,25,14.60,0.35,0.00,2.2,4.998,4.998,4.998,4.998,95
2022-03-06 14:52:22,4.5,8.2,378,0.0,0.0,0,0.0,0.0,0,256568.00,0.00,0.00,23,14.60,0.32,0.00,2.2,4.998,4.998,4.998,4.998,172
2022-03-06 14:53:22,5.2,6.3,262,0.0,0.0,0,0.0,0.0,0,256830.00,0.00,0.00,14,14.53,0.20,0.00,2.2,4.998,4.998,4.998,4.998,172
2022-03-06 14:54:22,3.4,5.6,249,0.0,0.0,0,0.0,0.0,0,257079.00,0.00,0.00,11,14.21,0.15,0.00,2.2,4.998,4.998,4.998,4.998,202
2022-03-06 14:55:22,4.4,6.2,258,0.0,0.0,0,0.0,0.0,0,257337.00,0.00,0.00,20,14.10,0.27,0.00,2.2,4.998,4.998,4.998,4.998,159
2022-03-06 14:56:22,6.0,7.8,314,0.0,0.0,0,0.0,0.0,0,257651.00,0.00,0.00,15,14.02,0.20,0.00,2.2,4.998,4.998,4.998,4.998,175
2022-03-06 14:57:22,6.4,8.4,373,0.0,0.0,0,0.0,0.0,0,258024.00,0.00,0.00,3,13.98,0.04,0.00,2.2,4.998,4.998,4.998,4.998,5
2022-03-06 14:58:22,4.1,7.5,295,0.0,0.0,0,0.0,0.0,0,258319.00,0.00,0.00,9,13.94,0.13,0.00,1.7,4.998,4.998,4.998,4.998,133
2022-03-06 14:59:22,4.7,8.1,279,0.0,0.0,0,0.0,0.0,0,258598.00,0.00,0.00,5,13.86,0.07,0.00,1.7,4.998,4.998,4.998,4.998,120
2022-03-06 15:00:22,5.5,6.3,303,0.0,0.0,0,0.0,0.0,0,258901.00,0.00,0.00,355,13.86,4.94,0.00,1.7,4.998,4.998,4.998,4.998,54
2022-03-06 15:01:22,5.1,5.9,286,0.0,0.0,0,0.0,0.0,0,259187.00,0.00,0.00,356,13.82,4.95,0.00,2.2,4.998,4.998,4.998,4.998,247
2022-03-06 15:02:22,5.7,6.6,258,0.0,0.0,0,0.0,0.0,0,259445.00,0.00,0.00,6,13.82,0.09,0.00,1.7,4.998,4.998,4.998,4.998,236
2022-03-06 15:03:22,4.6,6.3,300,0.0,0.0,0,0.0,0.0,0,259745.00,0.00,0.00,354,13.78,4.92,0.00,1.7,4.998,4.998,4.998,4.998,21
2022-03-06 15:04:22,4.3,5.1,228,0.0,0.0,0,0.0,0.0,0,259973.00,0.00,0.00,4,13.78,0.06,0.00,1.7,4.998,4.998,4.998,4.998,140
2022-03-06 15:05:22,4.8,5.4,250,0.0,0.0,0,0.0,0.0,0,260223.00,0.00,0.00,335,13.78,4.65,0.00,1.7,4.998,4.998,4.998,4.998,123
2022-03-06 15:06:22,6.6,6.8,318,0.0,0.0,0,0.0,0.0,0,260541.00,0.00,0.00,339,13.74,4.71,0.00,1.7,4.998,4.998,4.998,4.998,16
2022-03-06 15:07:22,5.2,6.7,285,0.0,0.0,0,0.0,0.0,0,260826.00,0.00,0.00,345,13.74,4.79,0.00,1.7,4.998,4.998,4.998,4.998,84
2022-03-06 15:08:22,3.8,6.4,288,0.0,0.0,0,0.0,0.0,0,261114.00,0.00,0.00,322,13.71,4.48,0.00,1.7,4.998,4.998,4.998,4.998,71
2022-03-06 15:09:22,2.9,4.0,135,0.0,0.0,0,0.0,0.0,0,261249.00,0.00,0.00,325,13.74,4.52,0.00,1.7,4.998,4.998,4.998,4.998,166
2022-03-06 15:10:22,3.7,6.7,311,0.0,0.0,0,0.0,0.0,0,261560.00,0.00,0.00,350,13.71,4.87,0.00,1.7,4.998,4.998,4.998,4.998,160
2022-03-06 15:11:22,3.9,4.9,205,0.0,0.0,0,0.0,0.0,0,261765.00,0.00,0.00,342,13.71,4.75,0.00,1.7,4.998,4.998,4.998,4.998,117
2022-03-06 15:12:22,2.8,4.8,181,0.0,0.0,0,0.0,0.0,0,261946.00,0.00,0.00,350,13.67,4.86,0.00,1.7,4.998,4.998,4.998,4.998,59
2022-03-06 15:13:22,3.7,6.3,255,0.0,0.0,0,0.0,0.0,0,262201.00,0.00,0.00,0,13.67,0.00,0.00,1.7,4.998,4.998,4.998,4.998,231
2022-03-06 15:14:22,4.6,6.8,261,0.0,0.0,0,0.0,0.0,0,262462.00,0.00,0.00,321,13.67,4.46,0.00,1.7,4.998,4.998,4.998,4.998,248
2022-03-06 15:15:22,4.7,5.3,187,0.0,0.0,0,0.0,0.0,0,262649.00,0.00,0.00,5,13.63,0.07,0.00,1.7,4.998,4.998,4.998,4.998,130
2022-03-06 15:16:22,1.3,6.1,193,0.0,0.0,0,0.0,0.0,0,262842.00,0.00,0.00,336,13.63,4.67,0.00,1.7,4.998,4.998,4.998,4.998,22
2022-03-06 15:17:22,0.0,1.4,7,0.0,0.0,0,0.0,0.0,0,262849.00,0.00,0.00,336,13.71,4.67,0.00,1.7,4.998,4.998,4.998,4.998,49
2022-03-06 15:18:22,4.5,5.2,162,0.0,0.0,0,0.0,0.0,0,263011.00,0.00,0.00,26,13.74,0.36,0.00,1.2,4.998,4.998,4.998,4.998,169
2022-03-06 15:19:22,3.0,5.7,216,0.0,0.0,0,0.0,0.0,0,263227.00,0.00,0.00,6,13.82,0.09,0.00,1.7,4.998,4.998,4.998,4.998,139
2022-03-06 15:20:22,3.8,4.5,179,0.0,0.0,0,0.0,0.0,0,263406.00,0.00,0.00,24,14.02,0.34,0.00,1.7,4.998,4.998,4.998,4.998,153
2022-03-06 15:21:22,4.2,5.7,250,0.0,0.0,0,0.0,0.0,0,263656.00,0.00,0.00,19,14.10,0.26,0.00,1.7,4.998,4.998,4.998,4.998,22
2022-03-06 15:22:22,3.6,4.4,205,0.0,0.0,0,0.0,0.0,0,263861.00,0.00,0.00,18,14.21,0.26,0.00,1.7,4.998,4.998,4.998,4.998,20
2022-03-06 15:23:22,2.4,4.3,187,0.0,0.0,0,0.0,0.0,0,264048.00,0.00,0.00,20,14.33,0.28,0.00,1.7,4.998,4.998,4.998,4.998,182
2022-03-06 15:24:22,5.4,6.3,285,0.0,0.0,0,0.0,0.0,0,264333.00,0.00,0.00,31,14.53,0.44,0.00,1.2,4.998,4.998,4.998,4.998,8
2022-03-06 15:25:22,4.7,5.4,244,0.0,0.0,0,0.0,0.0,0,264577.00,0.00,0.00,38,14.60,0.53,0.00,1.2,4.998,4.998,4.998,4.998,152
2022-03-06 15:26:22,3.8,5.5,257,0.0,0.0,0,0.0,0.0,0,264834.00,0.00,0.00,26,14.53,0.36,0.00,1.7,4.998,4.998,4.998,4.998,102
2022-03-06 15:27:22,5.8,6.0,308,0.0,0.0,0,0.0,0.0,0,265142.00,0.00,0.00,17,14.14,0.24,0.00,1.7,4.998,4.998,4.998,4.998,247
2022-03-06 15:28:22,4.8,6.4,313,0.0,0.0,0,0.0,0.0,0,265455.00,0.00,0.00,22,13.94,0.30,0.00,1.2,4.998,4.998,4.998,4.998,185
2022-03-06 15:29:22,4.7,6.0,253,0.0,0.0,0,0.0,0.0,0,265708.00,0.00,0.00,26,13.98,0.36,0.00,1.7,4.998,4.998,4.998,4.998,61
2022-03-06 15:30:22,4.7,6.2,308,0.0,0.0,0,0.0,0.0,0,266016.00,0.00,0.00,17,14.10,0.24,0.00,1.7,4.998,4.998,4.998,4.998,147
2022-03-06 15:31:22,5.3,6.3,316,0.0,0.0,0,0.0,0.0,0,266332.00,0.00,0.00,6,14.17,0.08,0.00,1.7,4.998,4.998,4.998,4.998,215
2022-03-06 15:32:22,3.8,7.3,303,0.0,0.0,0,0.0,0.0,0,266635.00,0.00,0.00,0,14.17,0.00,0.00,1.2,4.998,4.998,4.998,4.998,88
2022-03-06 15:33:22,4.7,5.8,283,0.0,0.0,0,0.0,0.0,0,266918.00,0.00,0.00,358,14.06,4.97,0.00,1.7,4.998,4.998,4.998,4.998,51
2022-03-06 15:34:22,5.8,6.3,264,0.0,0.0,0,0.0,0.0,0,267182.00,0.00,0.00,350,13.98,4.86,0.00,1.7,4.998,4.998,4.998,4.998,17
2022-03-06 15:35:22,4.6,5.9,258,0.0,0.0,0,0.0,0.0,0,267440.00,0.00,0.00,34,13.98,0.48,0.00,1.7,4.998,4.998,4.998,4.998,22
2022-03-06 15:36:22,4.0,8.0,327,0.0,0.0,0,0.0,0.0,0,267767.00,0.00,0.00,2,14.10,0.03,0.00,1.7,4.998,4.998,4.998,4.998,82
2022-03-06 15:37:22,4.1,7.0,321,0.0,0.0,0,0.0,0.0,0,268088.00,0.00,0.00,15,14.41,0.20,0.00,1.7,4.998,4.998,4.998,4.998,200
2022-03-06 15:38:22,3.9,4.4,209,0.0,0.0,0,0.0,0.0,0,268297.00,0.00,0.00,22,14.60,0.30,0.00,1.7,4.998,4.998,4.998,4.998,148
2022-03-06 15:39:22,3.1,5.8,195,0.0,0.0,0,0.0,0.0,0,268492.00,0.00,0.00,5,14.60,0.08,0.00,1.7,4.998,4.998,4.998,4.998,103
2022-03-06 15:40:22,5.2,5.9,259,0.0,0.0,0,0.0,0.0,0,268751.00,0.00,0.00,13,14.60,0.19,0.00,1.2,4.998,4.998,4.998,4.998,215
2022-03-06 15:41:22,4.4,6.6,301,0.0,0.0,0,0.0,0.0,0,269052.00,0.00,0.00,4,14.45,0.06,0.00,1.7,4.998,4.998,4.998,4.998,65
2022-03-06 15:42:22,4.4,6.0,219,0.0,0.0,0,0.0,0.0,0,269271.00,0.00,0.00,8,14.14,0.12,0.00,1.7,4.998,4.998,4.998,4.998,252
2022-03-06 15:43:22,5.6,8.6,373,0.0,0.0,0,0.0,0.0,0,269644.00,0.00,0.00,11,14.02,0.15,0.00,1.2,4.998,4.998,4.998,4.998,205
2022-03-06 15:44:22,5.9,7.3,356,0.0,0.0,0,0.0,0.0,0,270000.00,0.00,0.00,0,13.98,0.00,0.00,1.2,4.998,4.998,4.998,4.998,123
2022-03-06 15:45:22,6.1,8.7,416,0.0,0.0,0,0.0,0.0,0,270416.00,0.00,0.00,0,13.94,0.00,0.00,1.7,4.998,4.998,4.998,4.998,107
2022-03-06 15:46:22,5.8,9.5,417,0.0,0.0,0,0.0,0.0,0,270833.00,0.00,0.00,0,13.90,0.00,0.00,1.7,4.998,4.998,4.998,4.998,245
2022-03-06 15:47:22,5.3,6.8,318,0.0,0.0,0,0.0,0.0,0,271151.00,0.00,0.00,359,13.94,4.99,0.00,1.2,4.998,4.998,4.998,4.998,225
2022-03-06 15:48:22,5.0,5.5,227,0.0,0.0,0,0.0,0.0,0,271378.00,0.00,0.00,17,13.90,0.24,0.00,1.2,4.998,4.998,4.998,4.998,240
2022-03-06 15:49:22,4.8,7.8,313,0.0,0.0,0,0.0,0.0,0,271691.00,0.00,0.00,13,13.94,0.19,0.00,1.7,4.998,4.998,4.998,4.998,1
2022-03-06 15:50:22,5.1,6.0,205,0.0,0.0,0,0.0,0.0,0,271896.00,0.00,0.00,359,14.06,4.99,0.00,1.7,4.998,4.998,4.998,4.998,86
2022-03-06 15:51:22,4.9,9.3,310,0.0,0.0,0,0.0,0.0,0,272206.00,0.00,0.00,10,14.29,0.14,0.00,1.7,4.998,4.998,4.998,4.998,89
2022-03-06 15:52:22,6.6,9.6,396,0.0,0.0,0,0.0,0.0,0,272602.00,0.00,0.00,2,14.57,0.03,0.00,1.7,4.998,4.998,4.998,4.998,180
2022-03-06 15:53:22,4.5,8.3,364,0.0,0.0,0,0.0,0.0,0,272966.00,0.00,0.00,2,14.33,0.03,0.00,1.2,4.998,4.998,4.998,4.998,255
2022-03-06 15:54:22,5.3,8.4,338,0.0,0.0,0,0.0,0.0,0,273304.00,0.00,0.00,359,14.02,4.99,0.00,1.7,4.998,4.998,4.998,4.998,101
2022-03-06 15:55:22,5.9,7.2,292,0.0,0.0,0,0.0,0.0,0,273596.00,0.00,0.00,0,13.98,0.00,0.00,1.2,4.998,4.998,4.998,4.998,133
2022-03-06 15:56:22,4.1,6.6,290,0.0,0.0,0,0.0,0.0,0,273886.00,0.00,0.00,2,14.02,0.03,0.00,1.2,4.998,4.998,4.998,4.998,212
2022-03-06 15:57:22,5.7,6.9,321,0.0,0.0,0,0.0,0.0,0,274207.00,0.00,0.00,12,14.21,0.17,0.00,1.7,4.998,4.998,4.998,4.998,198
2022-03-06 15:58:22,5.5,6.1,270,0.0,0.0,0,0.0,0.0,0,274477.00,0.00,0.00,35,14.57,0.48,0.00,1.7,4.998,4.998,4.998,4.998,172
2022-03-06 15:59:22,6.8,7.1,354,0.0,0.0,0,0.0,0.0,0,274831.00,0.00,0.00,54,14.60,0.75,0.00,1.7,4.998,4.998,4.998,4.998,57
2022-03-06 16:00:22,4.3,6.8,278,0.0,0.0,0,0.0,0.0,0,275109.00,0.00,0.00,18,14.60,0.26,0.00,1.7,4.998,4.998,4.998,4.998,172
2022-03-06 16:01:22,4.4,6.7,321,0.0,0.0,0,0.0,0.0,0,275430.00,0.00,0.00,41,14.60,0.57,0.00,1.2,4.998,4.998,4.998,4.998,117
2022-03-06 16:02:22,4.7,7.2,293,0.0,0.0,0,0.0,0.0,0,275723.00,0.00,0.00,26,14.60,0.36,0.00,1.7,4.998,4.998,4.998,4.998,159
2022-03-06 16:03:22,6.6,8.0,370,0.0,0.0,0,0.0,0.0,0,276093.00,0.00,0.00,28,14.60,0.39,0.00,1.7,4.998,4.998,4.998,4.998,251
2022-03-06 16:04:22,5.9,7.8,380,0.0,0.0,0,0.0,0.0,0,276473.00,0.00,0.00,30,14.60,0.41,0.00,1.7,4.998,4.998,4.998,4.998,4
2022-03-06 16:05:22,6.4,7.8,348,0.0,0.0,0,0.0,0.0,0,276821.00,0.00,0.00,29,14.60,0.40,0.00,1.7,4.998,4.998,4.998,4.998,93
2022-03-06 16:06:22,5.5,7.5,371,0.0,0.0,0,0.0,0.0,0,277192.00,0.00,0.00,34,14.60,0.47,0.00,1.2,4.998,4.998,4.998,4.998,156
2022-03-06 16:07:22,5.8,7.0,333,0.0,0.0,0,0.0,0.0,0,277525.00,0.00,0.00,24,14.60,0.33,0.00,1.7,4.998,4.998,4.998,4.998,250
2022-03-06 16:08:22,5.5,6.4,324,0.0,0.0,0,0.0,0.0,0,277849.00,0.00,0.00,25,14.60,0.35,0.00,1.7,4.998,4.998,4.998,4.998,218
2022-03-06 16:09:22,3.7,7.3,277,0.0,0.0,0,0.0,0.0,0,278126.00,0.00,0.00,61,14.60,0.85,0.00,1.7,4.998,4.998,4.998,4.998,193
2022-03-06 16:10:22,4.3,6.6,285,0.0,0.0,0,0.0,0.0,0,278411.00,0.00,0.00,54,14.60,0.75,0.00,1.7,4.998,4.998,4.998,4.998,122
2022-03-06 16:11:22,6.2,8.9,275,0.0,0.0,0,0.0,0.0,0,278686.00,0.00,0.00,55,14.60,0.77,0.00,1.2,4.998,4.998,4.998,4.998,87
2022-03-06 16:12:22,5.3,8.5,421,0.0,0.0,0,0.0,0.0,0,279107.00,0.00,0.00,32,14.60,0.45,0.00,1.2,4.998,4.998,4.998,4.998,87
2022-03-06 16:13:22,5.5,5.6,242,0.0,0.0,0,0.0,0.0,0,279349.00,0.00,0.00,55,14.60,0.77,0.00,1.2,4.998,4.998,4.998,4.998,245
2022-03-06 16:14:22,3.7,7.1,346,0.0,0.0,0,0.0,0.0,0,279695.00,0.00,0.00,53,14.60,0.73,0.00,1.7,4.998,4.998,4.998,4.998,105
2022-03-06 16:15:22,5.3,6.1,257,0.0,0.0,0,0.0,0.0,0,279952.00,0.00,0.00,59,14.60,0.82,0.00,1.7,4.998,4.998,4.998,4.998,18
2022-03-06 16:16:22,4.6,5.8,271,0.0,0.0,0,0.0,0.0,0,280223.00,0.00,0.00,37,14.60,0.52,0.00,1.2,4.998,4.998,4.998,4.998,151
2022-03-06 16:17:22,5.9,6.2,300,0.0,0.0,0,0.0,0.0,0,280523.00,0.00,0.00,59,14.60,0.82,0.00,1.7,4.998,4.998,4.998,4.998,69
2022-03-06 16:18:22,6.7,10.8,459,0.0,0.0,0,0.0,0.0,0,280982.00,0.00,0.00,92,14.60,1.28,0.00,1.2,4.998,4.998,4.998,4.998,131
2022-03-06 16:19:22,6.5,10.9,481,0.0,0.0,0,0.0,0.0,0,281463.00,0.00,0.00,37,14.60,0.52,0.00,1.2,4.998,4.998,4.998,4.998,6
2022-03-06 16:20:22,7.4,7.9,386,0.0,0.0,0,0.0,0.0,0,281849.00,0.00,0.00,55,14.60,0.77,0.00,1.7,4.998,4.998,4.998,4.998,100
2022-03-06 16:21:22,4.2,7.6,367,0.0,0.0,0,0.0,0.0,0,282216.00,0.00,0.00,65,14.60,0.91,0.00,1.2,4.998,4.998,4.998,4.998,182
2022-03-06 16:22:22,8.4,8.5,357,0.0,0.0,0,0.0,0.0,0,282573.00,0.00,0.00,58,14.60,0.81,0.00,1.2,4.998,4.998,4.998,4.998,150
2022-03-06 16:23:22,6.5,11.1,526,0.0,0.0,0,0.0,0.0,0,283099.00,0.00,0.00,62,14.60,0.86,0.00,1.7,4.998,4.998,4.998,4.998,209
2022-03-06 16:24:22,8.0,9.4,467,0.0,0.0,0,0.0,0.0,0,283566.00,0.00,0.00,50,14.57,0.70,0.00,1.7,4.998,4.998,4.998,4.998,253
2022-03-06 16:25:22,5.4,9.1,418,0.0,0.0,0,0.0,0.0,0,283984.00,0.00,0.00,50,14.60,0.69,0.00,1.7,4.998,4.998,4.998,4.998,82
2022-03-06 16:26:22,5.3,7.1,360,0.0,0.0,0,0.0,0.0,0,284344.00,0.00,0.00,40,14.14,0.55,0.00,1.7,4.998,4.998,4.998,4.998,160
2022-03-06 16:27:22,7.1,8.1,337,0.0,0.0,0,0.0,0.0,0,284681.00,0.00,0.00,37,14.02,0.52,0.00,1.2,4.998,4.998,4.998,4.998,54
2022-03-06 16:28:22,3.5,7.5,265,0.0,0.0,0,0.0,0.0,0,284946.00,0.00,0.00,36,14.02,0.50,0.00,1.2,4.998,4.998,4.998,4.998,27
2022-03-06 16:29:22,3.8,5.8,263,0.0,0.0,0,0.0,0.0,0,285209.00,0.00,0.00,24,14.02,0.34,0.00,1.2,4.998,4.998,4.998,4.998,160
2022-03-06 16:30:22,5.8,6.5,278,0.0,0.0,0,0.0,0.0,0,285487.00,0.00,0.00,3,14.02,0.04,0.00,1.7,4.998,4.998,4.998,4.998,226
2022-03-06 16:31:22,6.1,8.7,389,0.0,0.0,0,0.0,0.0,0,285876.00,0.00,0.00,0,13.94,0.00,0.00,1.7,4.998,4.998,4.998,4.998,170
2022-03-06 16:32:22,5.6,7.3,336,0.0,0.0,0,0.0,0.0,0,286212.00,0.00,0.00,359,13.86,4.99,0.00,1.2,4.998,4.998,4.998,4.998,19
2022-03-06 16:33:22,8.2,8.2,295,0.0,0.0,0,0.0,0.0,0,286507.00,0.00,0.00,31,13.86,0.43,0.00,1.2,4.998,4.998,4.998,4.998,236
2022-03-06 16:34:22,7.3,9.8,411,0.0,0.0,0,0.0,0.0,0,286918.00,0.00,0.00,0,13.82,0.00,0.00,1.7,4.998,4.998,4.998,4.998,75
2022-03-06 16:35:22,5.1,9.6,331,0.0,0.0,0,0.0,0.0,0,287249.00,0.00,0.00,359,13.82,4.99,0.00,1.2,4.998,4.998,4.998,4.998,78
2022-03-06 16:36:22,2.9,6.9,292,0.0,0.0,0,0.0,0.0,0,287541.00,0.00,0.00,7,13.78,0.10,0.00,1.2,4.998,4.998,4.998,4.998,111
2022-03-06 16:37:22,4.1,5.9,226,0.0,0.0,0,0.0,0.0,0,287767.00,0.00,0.00,359,13.78,4.99,0.00,0.7,4.998,4.998,4.998,4.998,68
2022-03-06 16:38:22,5.9,7.3,349,0.0,0.0,0,0.0,0.0,0,288116.00,0.00,0.00,16,13.78,0.23,0.00,1.7,4.998,4.998,4.998,4.998,198
2022-03-06 16:39:22,5.4,10.1,391,0.0,0.0,0,0.0,0.0,0,288507.00,0.00,0.00,21,13.78,0.30,0.00,1.7,4.998,4.998,4.998,4.998,169
2022-03-06 16:40:22,5.8,6.9,335,0.0,0.0,0,0.0,0.0,0,288842.00,0.00,0.00,24,13.86,0.34,0.00,1.2,4.998,4.998,4.998,4.998,15
2022-03-06 16:41:22,8.1,10.1,445,0.0,0.0,0,0.0,0.0,0,289287.00,0.00,0.00,36,13.98,0.50,0.00,1.2,4.998,4.998,4.998,4.998,34
2022-03-06 16:42:22,6.6,8.6,411,0.0,0.0,0,0.0,0.0,0,289698.00,0.00,0.00,34,14.17,0.47,0.00,1.2,4.998,4.998,4.998,4.998,229
2022-03-06 16:43:22,5.5,9.3,464,0.0,0.0,0,0.0,0.0,0,290162.00,0.00,0.00,21,14.02,0.30,0.00,1.2,4.998,4.998,4.998,4.998,119
2022-03-06 16:44:22,7.1,9.6,460,0.0,0.0,0,0.0,0.0,0,290622.00,0.00,0.00,20,13.94,0.28,0.00,1.2,4.998,4.998,4.998,4.998,43
2022-03-06 16:45:22,5.7,7.7,389,0.0,0.0,0,0.0,0.0,0,291011.00,0.00,0.00,23,13.86,0.32,0.00,1.2,4.998,4.998,4.998,4.998,147
2022-03-06 16:46:22,4.6,7.0,306,0.0,0.0,0,0.0,0.0,0,291317.00,0.00,0.00,15,13.90,0.21,0.00,1.7,4.998,4.998,4.998,4.998,169
2022-03-06 16:47:22,5.6,6.1,268,0.0,0.0,0,0.0,0.0,0,291585.00,0.00,0.00,33,13.90,0.46,0.00,1.2,4.998,4.998,4.998,4.998,28
2022-03-06 16:48:22,7.2,8.9,408,0.0,0.0,0,0.0,0.0,0,291993.00,0.00,0.00,30,13.82,0.42,0.00,1.2,4.998,4.998,4.998,4.998,26
2022-03-06 16:49:22,4.9,8.4,332,0.0,0.0,0,0.0,0.0,0,292325.00,0.00,0.00,14,13.74,0.20,0.00,1.7,4.998,4.998,4.998,4.998,206
2022-03-06 16:50:22,5.3,5.7,267,0.0,0.0,0,0.0,0.0,0,292592.00,0.00,0.00,20,13.71,0.27,0.00,1.2,4.998,4.998,4.998,4.998,64
2022-03-06 16:51:22,3.8,6.5,266,0.0,0.0,0,0.0,0.0,0,292858.00,0.00,0.00,41,13.71,0.57,0.00,1.2,4.998,4.998,4.998,4.998,17
2022-03-06 16:52:22,7.8,8.1,295,0.0,0.0,0,0.0,0.0,0,293153.00,0.00,0.00,37,13.67,0.52,0.00,1.2,4.998,4.998,4.998,4.998,42
2022-03-06 16:53:22,8.1,10.0,506,0.0,0.0,0,0.0,0.0,0,293659.00,0.00,0.00,43,13.67,0.61,0.00,1.2,4.998,4.998,4.998,4.998,64
2022-03-06 16:54:22,5.5,8.5,340,0.0,0.0,0,0.0,0.0,0,293999.00,0.00,0.00,54,13.67,0.76,0.00,1.2,4.998,4.998,4.998,4.998,1
2022-03-06 16:55:22,5.9,6.6,329,0.0,0.0,0,0.0,0.0,0,294328.00,0.00,0.00,72,13.63,1.01,0.00,1.2,4.998,4.998,4.998,4.998,87
2022-03-06 16:56:22,6.8,8.9,336,0.0,0.0,0,0.0,0.0,0,294664.00,0.00,0.00,63,13.63,0.88,0.00,1.2,4.998,4.998,4.998,4.998,248
2022-03-06 16:57:22,6.3,8.2,391,0.0,0.0,0,0.0,0.0,0,295055.00,0.00,0.00,29,13.63,0.41,0.00,1.2,4.998,4.998,4.998,4.998,169
2022-03-06 16:58:22,5.3,6.9,313,0.0,0.0,0,0.0,0.0,0,295368.00,0.00,0.00,14,13.59,0.19,0.00,1.2,4.998,4.998,4.998,4.998,242
2022-03-06 16:59:22,4.5,6.3,299,0.0,0.0,0,0.0,0.0,0,295667.00,0.00,0.00,21,13.55,0.29,0.00,1.2,4.998,4.998,4.998,4.998,19
2022-03-06 17:00:22,6.9,8.0,337,0.0,0.0,0,0.0,0.0,0,296004.00,0.00,0.00,18,13.55,0.25,0.00,1.2,4.998,4.998,4.998,4.998,58
2022-03-06 17:01:22,4.8,9.4,415,0.0,0.0,0,0.0,0.0,0,296419.00,0.00,0.00,14,13.51,0.19,0.00,0.7,4.998,4.998,4.998,4.998,118
2022-03-06 17:02:22,6.0,9.9,493,0.0,0.0,0,0.0,0.0,0,296912.00,0.00,0.00,19,13.47,0.26,0.00,0.7,4.998,4.998,4.998,4.998,194
2022-03-06 17:03:22,5.5,8.4,374,0.0,0.0,0,0.0,0.0,0,297286.00,0.00,0.00,2,13.47,0.02,0.00,0.7,4.998,4.998,4.998,4.998,113
2022-03-06 17:04:22,5.6,7.4,357,0.0,0.0,0,0.0,0.0,0,297643.00,0.00,0.00,14,13.43,0.20,0.00,0.7,4.998,4.998,4.998,4.998,241
2022-03-06 17:05:22,7.8,8.4,357,0.0,0.0,0,0.0,0.0,0,298000.00,0.00,0.00,16,13.43,0.23,0.00,1.2,4.998,4.998,4.998,4.998,93
2022-03-06 17:06:22,4.9,8.4,410,0.0,0.0,0,0.0,0.0,0,298410.00,0.00,0.00,32,13.43,0.44,0.00,1.2,4.998,4.998,4.998,4.998,123
2022-03-06 17:07:22,5.2,7.2,349,0.0,0.0,0,0.0,0.0,0,298759.00,0.00,0.00,18,13.39,0.25,0.00,1.2,4.998,4.998,4.998,4.998,240
2022-03-06 17:08:22,4.4,5.6,276,0.0,0.0,0,0.0,0.0,0,299035.00,0.00,0.00,27,13.39,0.38,0.00,1.2,4.998,4.998,4.998,4.998,40
2022-03-06 17:09:22,5.6,6.1,275,0.0,0.0,0,0.0,0.0,0,299310.00,0.00,0.00,15,13.35,0.21,0.00,0.7,4.998,4.998,4.998,4.998,43
2022-03-06 17:10:22,3.5,7.0,253,0.0,0.0,0,0.0,0.0,0,299563.00,0.00,0.00,8,13.35,0.11,0.00,1.2,4.998,4.998,4.998,4.998,195
2022-03-06 17:11:22,4.0,6.9,276,0.0,0.0,0,0.0,0.0,0,299839.00,0.00,0.00,359,13.35,4.99,0.00,1.2,4.998,4.998,4.998,4.998,157
2022-03-06 17:12:22,4.2,5.9,280,0.0,0.0,0,0.0,0.0,0,300119.00,0.00,0.00,29,13.32,0.41,0.00,1.2,4.998,4.998,4.998,4.998,230
2022-03-06 17:13:22,6.9,8.3,374,0.0,0.0,0,0.0,0.0,0,300493.00,0.00,0.00,31,13.32,0.43,0.00,0.7,4.998,4.998,4.998,4.998,197
2022-03-06 17:14:22,6.5,8.2,416,0.0,0.0,0,0.0,0.0,0,300909.00,0.00,0.00,21,13.32,0.29,0.00,1.2,4.998,4.998,4.998,4.998,155
2022-03-06 17:15:22,5.0,6.7,290,0.0,0.0,0,0.0,0.0,0,301199.00,0.00,0.00,23,13.28,0.33,0.00,1.2,4.998,4.998,4.998,4.998,122
2022-03-06 17:16:22,3.2,6.1,263,0.0,0.0,0,0.0,0.0,0,301462.00,0.00,0.00,353,13.28,4.91,0.00,1.2,4.998,4.998,4.998,4.998,58
2022-03-06 17:17:22,5.4,6.2,260,0.0,0.0,0,0.0,0.0,0,301722.00,0.00,0.00,348,13.28,4.83,0.00,0.7,4.998,4.998,4.998,4.998,14
2022-03-06 17:18:22,6.1,6.8,277,0.0,0.0,0,0.0,0.0,0,301999.00,0.00,0.00,8,13.24,0.11,0.00,1.2,4.998,4.998,4.998,4.998,184
2022-03-06 17:19:22,6.8,7.4,263,0.0,0.0,0,0.0,0.0,0,302262.00,0.00,0.00,1,13.24,0.01,0.00,0.7,4.998,4.998,4.998,4.998,228
2022-03-06 17:20:22,3.8,7.6,314,0.0,0.0,0,0.0,0.0,0,302576.00,0.00,0.00,359,13.20,4.99,0.00,0.7,4.998,4.998,4.998,4.998,79
2022-03-06 17:21:22,3.3,4.9,203,0.0,0.0,0,0.0,0.0,0,302779.00,0.00,0.00,359,13.20,4.99,0.00,0.7,4.998,4.998,4.998,4.998,76
2022-03-06 17:22:22,7.5,9.6,424,0.0,0.0,0,0.0,0.0,0,303203.00,0.00,0.00,1,13.20,0.01,0.00,0.7,4.998,4.998,4.998,4.998,184
2022-03-06 17:23:22,5.1,8.5,375,0.0,0.0,0,0.0,0.0,0,303578.00,0.00,0.00,22,13.20,0.30,0.00,0.7,4.998,4.998,4.998,4.998,162
2022-03-06 17:24:22,3.1,8.0,247,0.0,0.0,0,0.0,0.0,0,303825.00,0.00,0.00,356,13.16,4.95,0.00,0.2,4.998,4.998,4.998,4.998,50
2022-03-06 17:25:22,3.8,7.6,298,0.0,0.0,0,0.0,0.0,0,304123.00,0.00,0.00,354,13.16,4.92,0.00,0.7,4.998,4.998,4.998,4.998,135
2022-03-06 17:26:22,4.4,8.6,340,0.0,0.0,0,0.0,0.0,0,304463.00,0.00,0.00,26,13.16,0.36,0.00,0.7,4.998,4.998,4.998,4.998,41
2022-03-06 17:27:22,6.7,10.3,438,0.0,0.0,0,0.0,0.0,0,304901.00,0.00,0.00,10,13.12,0.14,0.00,0.7,4.998,4.998,4.998,4.998,247
2022-03-06 17:28:22,7.3,9.5,447,0.0,0.0,0,0.0,0.0,0,305348.00,0.00,0.00,33,13.12,0.46,0.00,0.7,4.998,4.998,4.998,4.998,244
2022-03-06 17:29:22,5.5,8.9,408,0.0,0.0,0,0.0,0.0,0,305756.00,0.00,0.00,16,13.12,0.22,0.00,0.7,4.998,4.998,4.998,4.998,178
2022-03-06 17:30:22,5.8,9.5,398,0.0,0.0,0,0.0,0.0,0,306154.00,0.00,0.00,358,13.12,4.98,0.00,0.7,4.998,4.998,4.998,4.998,100
2022-03-06 17:31:22,5.8,9.0,402,0.0,0.0,0,0.0,0.0,0,306556.00,0.00,0.00,29,13.12,0.41,0.00,0.7,4.998,4.998,4.998,4.998,100
2022-03-06 17:32:22,4.1,8.0,283,0.0,0.0,0,0.0,0.0,0,306839.00,0.00,0.00,13,13.08,0.18,0.00,0.2,4.998,4.998,4.998,4.998,229
2022-03-06 17:33:22,3.6,6.6,227,0.0,0.0,0,0.0,0.0,0,307066.00,0.00,0.00,2,13.08,0.03,0.00,0.7,4.998,4.998,4.998,4.998,184
2022-03-06 17:34:22,4.8,6.8,294,0.0,0.0,0,0.0,0.0,0,307360.00,0.00,0.00,4,13.08,0.06,0.00,0.7,4.998,4.998,4.998,4.998,55
2022-03-06 17:35:22,5.1,6.4,305,0.0,0.0,0,0.0,0.0,0,307665.00,0.00,0.00,30,13.08,0.41,0.00,0.7,4.998,4.998,4.998,4.998,108
2022-03-06 17:36:22,5.7,9.2,399,0.0,0.0,0,0.0,0.0,0,308064.00,0.00,0.00,33,13.08,0.46,0.00,0.7,4.998,4.998,4.998,4.998,192
2022-03-06 17:37:22,4.2,7.4,308,0.0,0.0,0,0.0,0.0,0,308372.00,0.00,0.00,11,13.08,0.16,0.00,0.7,4.998,4.998,4.998,4.998,70
2022-03-06 17:38:22,4.1,6.9,321,0.0,0.0,0,0.0,0.0,0,308693.00,0.00,0.00,21,13.08,0.30,0.00,0.7,4.998,4.998,4.998,4.998,127
2022-03-06 17:39:22,5.7,8.1,315,0.0,0.0,0,0.0,0.0,0,309008.00,0.00,0.00,33,13.08,0.45,0.00,0.7,4.998,4.998,4.998,4.998,104
2022-03-06 17:40:22,7.3,9.3,374,0.0,0.0,0,0.0,0.0,0,309382.00,0.00,0.00,30,13.08,0.41,0.00,0.7,4.998,4.998,4.998,4.998,179
2022-03-06 17:41:22,7.0,9.6,495,0.0,0.0,0,0.0,0.0,0,309877.00,0.00,0.00,26,13.08,0.36,0.00,0.2,4.998,4.998,4.998,4.998,109
2022-03-06 17:42:22,7.3,9.1,422,0.0,0.0,0,0.0,0.0,0,310299.00,0.00,0.00,25,13.08,0.35,0.00,0.7,4.998,4.998,4.998,4.998,7
2022-03-06 17:43:22,5.8,8.8,414,0.0,0.0,0,0.0,0.0,0,310713.00,0.00,0.00,43,13.08,0.60,0.00,0.7,4.998,4.998,4.998,4.998,0
2022-03-06 17:44:22,8.6,8.9,404,0.0,0.0,0,0.0,0.0,0,311117.00,0.00,0.00,41,13.08,0.57,0.00,0.7,4.998,4.998,4.998,4.998,84
2022-03-06 17:45:22,6.3,9.0,445,0.0,0.0,0,0.0,0.0,0,311562.00,0.00,0.00,41,13.08,0.57,0.00,0.7,4.998,4.998,4.998,4.998,228
2022-03-06 17:46:22,7.0,12.1,447,0.0,0.0,0,0.0,0.0,0,312009.00,0.00,0.00,34,13.08,0.47,0.00,0.7,4.998,4.998,4.998,4.998,154
2022-03-06 17:47:22,4.9,7.4,337,0.0,0.0,0,0.0,0.0,0,312346.00,0.00,0.00,46,13.08,0.64,0.00,0.2,4.998,4.998,4.998,4.998,106
2022-03-06 17:48:22,5.0,6.4,274,0.0,0.0,0,0.0,0.0,0,312620.00,0.00,0.00,49,13.08,0.69,0.00,0.7,4.998,4.998,4.998,4.998,100
2022-03-06 17:49:22,5.5,6.2,276,0.0,0.0,0,0.0,0.0,0,312896.00,0.00,0.00,16,13.04,0.22,0.00,0.7,4.998,4.998,4.998,4.998,109
2022-03-06 17:50:22,6.9,8.9,369,0.0,0.0,0,0.0,0.0,0,313265.00,0.00,0.00,35,13.08,0.49,0.00,0.2,4.998,4.998,4.998,4.998,32
2022-03-06 17:51:22,5.7,8.9,404,0.0,0.0,0,0.0,0.0,0,313669.00,0.00,0.00,12,13.04,0.17,0.00,0.2,4.998,4.998,4.998,4.998,148
2022-03-06 17:52:22,5.0,10.1,389,0.0,0.0,0,0.0,0.0,0,314058.00,0.00,0.00,33,13.04,0.46,0.00,0.7,4.998,4.998,4.998,4.998,26
2022-03-06 17:53:22,5.8,6.8,314,0.0,0.0,0,0.0,0.0,0,314372.00,0.00,0.00,28,13.08,0.40,0.00,0.2,4.998,4.998,4.998,4.998,225
2022-03-06 17:54:22,8.0,8.0,317,0.0,0.0,0,0.0,0.0,0,314689.00,0.00,0.00,29,13.04,0.40,0.00,0.2,4.998,4.998,4.998,4.998,224
2022-03-06 17:55:22,6.5,10.0,461,0.0,0.0,0,0.0,0.0,0,315150.00,0.00,0.00,53,13.04,0.74,0.00,0.2,4.998,4.998,4.998,4.998,246
2022-03-06 17:56:22,7.0,8.0,387,0.0,0.0,0,0.0,0.0,0,315537.00,0.00,0.00,33,13.04,0.46,0.00,0.2,4.998,4.998,4.998,4.998,20
2022-03-06 17:57:22,6.5,9.2,421,0.0,0.0,0,0.0,0.0,0,315958.00,0.00,0.00,22,13.04,0.31,0.00,0.2,4.998,4.998,4.998,4.998,223
2022-03-06 17:58:22,6.3,7.2,301,0.0,0.0,0,0.0,0.0,0,316259.00,0.00,0.00,36,13.04,0.50,0.00,0.2,4.998,4.998,4.998,4.998,49
2022-03-06 17:59:22,4.9,9.8,393,0.0,0.0,0,0.0,0.0,0,316652.00,0.00,0.00,10,13.04,0.15,0.00,0.2,4.998,4.998,4.998,4.998,138
2022-03-06 18:00:22,8.1,9.4,385,0.0,0.0,0,0.0,0.0,0,317037.00,0.00,0.00,26,13.04,0.36,0.00,0.7,4.998,4.998,4.998,4.998,242
2022-03-06 18:01:22,7.3,8.2,368,0.0,0.0,0,0.0,0.0,0,317405.00,0.00,0.00,38,13.04,0.53,0.00,0.7,4.998,4.998,4.998,4.998,180
2022-03-06 18:02:22,7.1,9.3,360,0.0,0.0,0,0.0,0.0,0,317765.00,0.00,0.00,17,13.04,0.24,0.00,0.2,4.998,4.998,4.998,4.998,74
2022-03-06 18:03:22,8.4,11.1,524,0.0,0.0,0,0.0,0.0,0,318289.00,0.00,0.00,20,13.04,0.28,0.00,0.2,4.998,4.998,4.998,4.998,171
2022-03-06 18:04:22,8.3,10.2,498,0.0,0.0,0,0.0,0.0,0,318787.00,0.00,0.00,30,13.04,0.42,0.00,0.2,4.998,4.998,4.998,4.998,72
2022-03-06 18:05:22,6.4,9.7,468,0.0,0.0,0,0.0,0.0,0,319255.00,0.00,0.00,22,13.04,0.31,0.00,0.2,4.998,4.998,4.998,4.998,129
2022-03-06 18:06:22,6.9,12.9,486,0.0,0.0,0,0.0,0.0,0,319741.00,0.00,0.00,30,13.04,0.42,0.00,0.2,4.998,4.998,4.998,4.998,97
2022-03-06 18:07:22,5.2,9.2,386,0.0,0.0,0,0.0,0.0,0,320127.00,0.00,0.00,23,13.04,0.32,0.00,0.2,4.998,4.998,4.998,4.998,146
2022-03-06 18:08:22,8.8,10.9,441,0.0,0.0,0,0.0,0.0,0,320568.00,0.00,0.00,37,13.04,0.52,0.00,0.2,4.998,4.998,4.998,4.998,240
2022-03-06 18:09:22,6.6,10.2,497,0.0,0.0,0,0.0,0.0,0,321065.00,0.00,0.00,41,13.04,0.58,0.00,0.2,4.998,4.998,4.998,4.998,238
2022-03-06 18:10:22,4.7,8.2,369,0.0,0.0,0,0.0,0.0,0,321434.00,0.00,0.00,51,13.04,0.71,0.00,0.2,4.998,4.998,4.998,4.998,131
2022-03-06 18:11:22,5.8,9.2,386,0.0,0.0,0,0.0,0.0,0,321820.00,0.00,0.00,45,13.04,0.63,0.00,-0.2,4.998,4.998,4.998,4.998,41
2022-03-06 18:12:22,7.4,9.1,384,0.0,0.0,0,0.0,0.0,0,322204.00,0.00,0.00,21,13.04,0.30,0.00,-0.2,4.998,4.998,4.998,4.998,252
2022-03-06 18:13:22,5.6,8.9,435,0.0,0.0,0,0.0,0.0,0,322639.00,0.00,0.00,24,13.04,0.34,0.00,0.2,4.998,4.998,4.998,4.998,52
2022-03-06 18:14:22,5.0,6.4,286,0.0,0.0,0,0.0,0.0,0,322925.00,0.00,0.00,65,13.08,0.90,0.00,-0.2,4.998,4.998,4.998,4.998,148
2022-03-06 18:15:22,6.9,7.0,321,0.0,0.0,0,0.0,0.0,0,323246.00,0.00,0.00,38,13.04,0.53,0.00,0.2,4.998,4.998,4.998,4.998,8
2022-03-06 18:16:22,8.5,11.9,549,0.0,0.0,0,0.0,0.0,0,323795.00,0.00,0.00,35,13.04,0.49,0.00,0.2,4.998,4.998,4.998,4.998,162
2022-03-06 18:17:22,7.3,11.3,508,0.0,0.0,0,0.0,0.0,0,324303.00,0.00,0.00,23,13.04,0.32,0.00,0.2,4.998,4.998,4.998,4.998,218
2022-03-06 18:18:22,4.5,9.2,447,0.0,0.0,0,0.0,0.0,0,324750.00,0.00,0.00,25,13.00,0.35,0.00,0.2,4.998,4.998,4.998,4.998,52
2022-03-06 18:19:22,5.1,11.2,484,0.0,0.0,0,0.0,0.0,0,325234.00,0.00,0.00,37,13.00,0.52,0.00,-0.2,4.998,4.998,4.998,4.998,242
2022-03-06 18:20:22,5.3,8.7,419,0.0,0.0,0,0.0,0.0,0,325653.00,0.00,0.00,37,13.00,0.51,0.00,-0.2,4.998,4.998,4.998,4.998,63
2022-03-06 18:21:22,6.7,9.3,419,0.0,0.0,0,0.0,0.0,0,326072.00,0.00,0.00,59,13.00,0.82,0.00,0.2,4.998,4.998,4.998,4.998,123
2022-03-06 18:22:22,6.9,10.5,448,0.0,0.0,0,0.0,0.0,0,326520.00,0.00,0.00,59,13.00,0.83,0.00,0.2,4.998,4.998,4.998,4.998,230
2022-03-06 18:23:22,7.7,11.4,559,0.0,0.0,0,0.0,0.0,0,327079.00,0.00,0.00,53,12.96,0.74,0.00,-0.2,4.998,4.998,4.998,4.998,184
2022-03-06 18:24:22,6.9,10.7,484,0.0,0.0,0,0.0,0.0,0,327563.00,0.00,0.00,33,12.96,0.45,0.00,-0.2,4.998,4.998,4.998,4.998,233
2022-03-06 18:25:22,7.6,10.9,435,0.0,0.0,0,0.0,0.0,0,327998.00,0.00,0.00,61,13.00,0.84,0.00,-0.2,4.998,4.998,4.998,4.998,80
2022-03-06 18:26:22,6.7,8.7,401,0.0,0.0,0,0.0,0.0,0,328399.00,0.00,0.00,55,12.96,0.77,0.00,0.2,4.998,4.998,4.998,4.998,253
2022-03-06 18:27:22,3.5,8.1,347,0.0,0.0,0,0.0,0.0,0,328746.00,0.00,0.00,39,13.00,0.55,0.00,0.2,4.998,4.998,4.998,4.998,20
2022-03-06 18:28:22,6.0,10.6,395,0.0,0.0,0,0.0,0.0,0,329141.00,0.00,0.00,79,13.00,1.09,0.00,0.2,4.998,4.998,4.998,4.998,206
2022-03-06 18:29:22,5.7,7.8,287,0.0,0.0,0,0.0,0.0,0,329428.00,0.00,0.00,47,12.96,0.65,0.00,-0.2,4.998,4.998,4.998,4.998,39
2022-03-06 18:30:22,3.5,7.5,336,0.0,0.0,0,0.0,0.0,0,329764.00,0.00,0.00,39,12.96,0.54,0.00,-0.2,4.998,4.998,4.998,4.998,10
2022-03-06 18:31:22,6.5,8.3,331,0.0,0.0,0,0.0,0.0,0,330095.00,0.00,0.00,56,12.96,0.78,0.00,-0.2,4.998,4.998,4.998,4.998,15
2022-03-06 18:32:22,4.0,6.6,293,0.0,0.0,0,0.0,0.0,0,330388.00,0.00,0.00,38,12.96,0.53,0.00,0.2,4.998,4.998,4.998,4.998,200
2022-03-06 18:33:22,8.4,8.9,299,0.0,0.0,0,0.0,0.0,0,330687.00,0.00,0.00,16,12.96,0.22,0.00,-0.2,4.998,4.998,4.998,4.998,71
2022-03-06 18:34:22,9.4,10.0,427,0.0,0.0,0,0.0,0.0,0,331114.00,0.00,0.00,42,13.00,0.59,0.00,-0.2,4.998,4.998,4.998,4.998,232
2022-03-06 18:35:22,5.0,9.5,407,0.0,0.0,0,0.0,0.0,0,331521.00,0.00,0.00,51,12.96,0.71,0.00,-0.2,4.998,4.998,4.998,4.998,244
2022-03-06 18:36:22,6.3,8.3,369,0.0,0.0,0,0.0,0.0,0,331890.00,0.00,0.00,21,12.96,0.30,0.00,0.2,4.998,4.998,4.998,4.998,228
2022-03-06 18:37:22,6.7,9.3,486,0.0,0.0,0,0.0,0.0,0,332376.00,0.00,0.00,34,12.96,0.47,0.00,0.2,4.998,4.998,4.998,4.998,106
2022-03-06 18:38:22,4.7,9.7,393,0.0,0.0,0,0.0,0.0,0,332769.00,0.00,0.00,26,12.96,0.36,0.00,-0.2,4.998,4.998,4.998,4.998,106
2022-03-06 18:39:22,3.7,6.1,282,0.0,0.0,0,0.0,0.0,0,333051.00,0.00,0.00,29,12.96,0.41,0.00,0.2,4.998,4.998,4.998,4.998,15
2022-03-06 18:40:22,4.6,5.3,197,0.0,0.0,0,0.0,0.0,0,333248.00,0.00,0.00,7,12.96,0.09,0.00,0.2,4.998,4.998,4.998,4.998,137
2022-03-06 18:41:22,4.4,6.2,263,0.0,0.0,0,0.0,0.0,0,333511.00,0.00,0.00,29,12.96,0.40,0.00,-0.2,4.998,4.998,4.998,4.998,104
2022-03-06 18:42:22,2.3,4.9,200,0.0,0.0,0,0.0,0.0,0,333711.00,0.00,0.00,1,12.96,0.02,0.00,-0.2,4.998,4.998,4.998,4.998,73
2022-03-06 18:43:22,3.6,5.3,245,0.0,0.0,0,0.0,0.0,0,333956.00,0.00,0.00,14,12.96,0.20,0.00,0.2,4.998,4.998,4.998,4.998,55
2022-03-06 18:44:22,4.4,4.5,155,0.0,0.0,0,0.0,0.0,0,334111.00,0.00,0.00,358,12.96,4.98,0.00,-0.2,4.998,4.998,4.998,4.998,195
2022-03-06 18:45:22,4.5,6.6,245,0.0,0.0,0,0.0,0.0,0,334356.00,0.00,0.00,346,12.96,4.80,0.00,-0.2,4.998,4.998,4.998,4.998,62
2022-03-06 18:46:22,6.4,9.0,389,0.0,0.0,0,0.0,0.0,0,334745.00,0.00,0.00,359,13.00,4.99,0.00,0.2,4.998,4.998,4.998,4.998,211
2022-03-06 18:47:22,3.5,7.9,365,0.0,0.0,0,0.0,0.0,0,335110.00,0.00,0.00,5,13.00,0.07,0.00,-0.2,4.998,4.998,4.998,4.998,125
2022-03-06 18:48:22,6.3,11.2,443,0.0,0.0,0,0.0,0.0,0,335553.00,0.00,0.00,2,12.96,0.03,0.00,0.2,4.998,4.998,4.998,4.998,32
2022-03-06 18:49:22,6.3,9.3,385,0.0,0.0,0,0.0,0.0,0,335938.00,0.00,0.00,359,12.96,4.99,0.00,0.2,4.998,4.998,4.998,4.998,13
2022-03-06 18:50:22,6.0,8.7,372,0.0,0.0,0,0.0,0.0,0,336310.00,0.00,0.00,359,12.96,4.99,0.00,0.2,4.998,4.998,4.998,4.998,88
2022-03-06 18:51:22,3.6,6.1,225,0.0,0.0,0,0.0,0.0,0,336535.00,0.00,0.00,345,13.00,4.79,0.00,0.2,4.998,4.998,4.998,4.998,171
2022-03-06 18:52:22,4.7,9.2,336,0.0,0.0,0,0.0,0.0,0,336871.00,0.00,0.00,352,12.96,4.89,0.00,-0.2,4.998,4.998,4.998,4.998,70
2022-03-06 18:53:22,5.4,6.2,163,0.0,0.0,0,0.0,0.0,0,337034.00,0.00,0.00,3,12.96,0.04,0.00,-0.2,4.998,4.998,4.998,4.998,234
2022-03-06 18:54:22,6.3,8.4,318,0.0,0.0,0,0.0,0.0,0,337352.00,0.00,0.00,344,12.96,4.79,0.00,0.2,4.998,4.998,4.998,4.998,66
2022-03-06 18:55:22,6.2,7.6,361,0.0,0.0,0,0.0,0.0,0,337713.00,0.00,0.00,0,12.96,0.00,0.00,0.2,4.998,4.998,4.998,4.998,239
2022-03-06 18:56:22,4.1,9.9,303,0.0,0.0,0,0.0,0.0,0,338016.00,0.00,0.00,338,12.96,4.69,0.00,-0.2,4.998,4.998,4.998,4.998,49
2022-03-06 18:57:22,2.0,5.0,184,0.0,0.0,0,0.0,0.0,0,338200.00,0.00,0.00,342,12.96,4.76,0.00,-0.2,4.998,4.998,4.998,4.998,65
2022-03-06 18:58:22,3.8,4.6,162,0.0,0.0,0,0.0,0.0,0,338362.00,0.00,0.00,6,12.96,0.08,0.00,-0.2,4.998,4.998,4.998,4.998,148
2022-03-06 18:59:22,5.1,7.3,294,0.0,0.0,0,0.0,0.0,0,338656.00,0.00,0.00,348,12.96,4.83,0.00,-0.2,4.998,4.998,4.998,4.998,53
2022-03-06 19:00:22,3.9,6.8,316,0.0,0.0,0,0.0,0.0,0,338972.00,0.00,0.00,344,12.96,4.78,0.00,-0.2,4.998,4.998,4.998,4.998,156
2022-03-06 19:01:22,3.5,5.2,200,0.0,0.0,0,0.0,0.0,0,339172.00,0.00,0.00,359,12.96,4.99,0.00,-0.2,4.998,4.998,4.998,4.998,47
2022-03-06 19:02:22,4.4,6.8,278,0.0,0.0,0,0.0,0.0,0,339450.00,0.00,0.00,341,12.96,4.74,0.00,-0.2,4.998,4.998,4.998,4.998,230
2022-03-06 19:03:22,6.9,7.3,309,0.0,0.0,0,0.0,0.0,0,339759.00,0.00,0.00,344,12.96,4.79,0.00,0.2,4.998,4.998,4.998,4.998,210
2022-03-06 19:04:22,6.7,7.1,312,0.0,0.0,0,0.0,0.0,0,340071.00,0.00,0.00,11,12.96,0.15,0.00,0.2,4.998,4.998,4.998,4.998,210
2022-03-06 19:05:22,5.6,8.3,407,0.0,0.0,0,0.0,0.0,0,340478.00,0.00,0.00,348,12.96,4.83,0.00,0.2,4.998,4.998,4.998,4.998,167
2022-03-06 19:06:22,10.8,11.9,551,0.0,0.0,0,0.0,0.0,0,341029.00,0.00,0.00,356,12.96,4.95,0.00,-0.2,4.998,4.998,4.998,4.998,11
2022-03-06 19:07:22,7.3,11.6,498,0.0,0.0,0,0.0,0.0,0,341527.00,0.00,0.00,0,12.96,0.00,0.00,-0.2,4.998,4.998,4.998,4.998,238
2022-03-06 19:08:22,4.9,8.2,341,0.0,0.0,0,0.0,0.0,0,341868.00,0.00,0.00,2,12.96,0.03,0.00,0.2,4.998,4.998,4.998,4.998,203
2022-03-06 19:09:22,6.8,9.8,387,0.0,0.0,0,0.0,0.0,0,342255.00,0.00,0.00,4,12.96,0.06,0.00,-0.2,4.998,4.998,4.998,4.998,24
2022-03-06 19:10:22,4.6,10.6,394,0.0,0.0,0,0.0,0.0,0,342649.00,0.00,0.00,11,12.96,0.16,0.00,0.2,4.998,4.998,4.998,4.998,119
2022-03-06 19:11:22,5.8,7.0,263,0.0,0.0,0,0.0,0.0,0,342912.00,0.00,0.00,3,12.96,0.04,0.00,-0.2,4.998,4.998,4.998,4.998,29
2022-03-06 19:12:22,5.0,8.4,333,0.0,0.0,0,0.0,0.0,0,343245.00,0.00,0.00,350,12.96,4.86,0.00,0.2,4.998,4.998,4.998,4.998,185
2022-03-06 19:13:22,4.2,8.0,319,0.0,0.0,0,0.0,0.0,0,343564.00,0.00,0.00,0,12.96,0.00,0.00,-0.2,4.998,4.998,4.998,4.998,208
2022-03-06 19:14:22,5.1,7.4,332,0.0,0.0,0,0.0,0.0,0,343896.00,0.00,0.00,344,12.96,4.79,0.00,-0.2,4.998,4.998,4.998,4.998,197
2022-03-06 19:15:22,5.4,6.3,238,0.0,0.0,0,0.0,0.0,0,344134.00,0.00,0.00,353,12.96,4.91,0.00,0.2,4.998,4.998,4.998,4.998,243
2022-03-06 19:16:22,1.3,5.6,96,0.0,0.0,0,0.0,0.0,0,344230.00,0.00,0.00,358,12.96,4.98,0.00,0.2,4.998,4.998,4.998,4.998,106
2022-03-06 19:17:22,2.7,2.7,17,0.0,0.0,0,0.0,0.0,0,344247.00,0.00,0.00,22,12.96,0.31,0.00,0.2,4.998,4.998,4.998,4.998,30
2022-03-06 19:18:22,1.2,3.0,50,0.0,0.0,0,0.0,0.0,0,344297.00,0.00,0.00,22,12.92,0.31,0.00,-0.2,4.998,4.998,4.998,4.998,34
2022-03-06 19:19:22,1.0,2.8,79,0.0,0.0,0,0.0,0.0,0,344376.00,0.00,0.00,22,12.92,0.31,0.00,-0.2,4.998,4.998,4.998,4.998,160
2022-03-06 19:20:22,1.6,2.5,64,0.0,0.0,0,0.0,0.0,0,344440.00,0.00,0.00,22,12.96,0.31,0.00,-0.2,4.998,4.998,4.998,4.998,140
2022-03-06 19:21:22,2.2,3.6,121,0.0,0.0,0,0.0,0.0,0,344561.00,0.00,0.00,22,12.96,0.30,0.00,0.2,4.998,4.998,4.998,4.998,20
2022-03-06 19:22:22,3.2,5.1,168,0.0,0.0,0,0.0,0.0,0,344729.00,0.00,0.00,10,12.96,0.14,0.00,-0.2,4.998,4.998,4.998,4.998,32
2022-03-06 19:23:22,3.6,4.1,153,0.0,0.0,0,0.0,0.0,0,344882.00,0.00,0.00,6,12.96,0.08,0.00,-0.2,4.998,4.998,4.998,4.998,65
2022-03-06 19:24:22,3.4,4.0,182,0.0,0.0,0,0.0,0.0,0,345064.00,0.00,0.00,5,12.96,0.07,0.00,-0.2,4.998,4.998,4.998,4.998,58
2022-03-06 19:25:22,5.0,5.2,227,0.0,0.0,0,0.0,0.0,0,345291.00,0.00,0.00,8,12.92,0.12,0.00,-0.2,4.998,4.998,4.998,4.998,45
2022-03-06 19:26:22,5.8,6.7,317,0.0,0.0,0,0.0,0.0,0,345608.00,0.00,0.00,18,12.96,0.26,0.00,0.2,4.998,4.998,4.998,4.998,246
2022-03-06 19:27:22,6.1,8.0,361,0.0,0.0,0,0.0,0.0,0,345969.00,0.00,0.00,24,12.92,0.34,0.00,-0.2,4.998,4.998,4.998,4.998,231
2022-03-06 19:28:22,4.6,7.6,317,0.0,0.0,0,0.0,0.0,0,346286.00,0.00,0.00,17,12.92,0.23,0.00,-0.2,4.998,4.998,4.998,4.998,193
2022-03-06 19:29:22,3.3,6.3,224,0.0,0.0,0,0.0,0.0,0,346510.00,0.00,0.00,23,12.92,0.32,0.00,0.2,4.998,4.998,4.998,4.998,193
2022-03-06 19:30:22,2.5,3.5,110,0.0,0.0,0,0.0,0.0,0,346620.00,0.00,0.00,0,12.92,0.00,0.00,0.2,4.998,4.998,4.998,4.998,153
2022-03-06 19:31:22,1.1,4.3,132,0.0,0.0,0,0.0,0.0,0,346752.00,0.00,0.00,0,12.92,0.00,0.00,0.2,4.998,4.998,4.998,4.998,85
2022-03-06 19:32:22,2.7,3.8,112,0.0,0.0,0,0.0,0.0,0,346864.00,0.00,0.00,35,12.92,0.48,0.00,-0.2,4.998,4.998,4.998,4.998,37
2022-03-06 19:33:22,2.4,4.3,170,0.0,0.0,0,0.0,0.0,0,347034.00,0.00,0.00,29,12.96,0.40,0.00,0.2,4.998,4.998,4.998,4.998,96
2022-03-06 19:34:22,3.7,4.1,177,0.0,0.0,0,0.0,0.0,0,347211.00,0.00,0.00,27,12.96,0.37,0.00,-0.2,4.998,4.998,4.998,4.998,194
2022-03-06 19:35:22,2.0,4.7,164,0.0,0.0,0,0.0,0.0,0,347375.00,0.00,0.00,29,12.92,0.41,0.00,0.2,4.998,4.998,4.998,4.998,209
2022-03-06 19:36:22,5.7,5.7,114,0.0,0.0,0,0.0,0.0,0,347489.00,0.00,0.00,48,12.92,0.66,0.00,-0.6,4.998,4.998,4.998,4.998,26
2022-03-06 19:37:22,5.4,8.5,407,0.0,0.0,0,0.0,0.0,0,347896.00,0.00,0.00,43,12.92,0.60,0.00,0.2,4.998,4.998,4.998,4.998,18
2022-03-06 19:38:22,6.3,7.3,350,0.0,0.0,0,0.0,0.0,0,348246.00,0.00,0.00,79,12.96,1.10,0.00,-0.2,4.998,4.998,4.998,4.998,11
2022-03-06 19:39:22,3.2,7.5,323,0.0,0.0,0,0.0,0.0,0,348569.00,0.00,0.00,39,12.92,0.55,0.00,-0.2,4.998,4.998,4.998,4.998,210
2022-03-06 19:40:22,0.0,4.2,138,0.0,0.0,0,0.0,0.0,0,348707.00,0.00,0.00,39,12.96,0.55,0.00,-0.2,4.998,4.998,4.998,4.998,158
2022-03-06 19:41:22,4.8,5.0,142,0.0,0.0,0,0.0,0.0,0,348849.00,0.00,0.00,39,12.96,0.54,0.00,-0.2,4.998,4.998,4.998,4.998,12
2022-03-06 19:42:22,3.4,5.1,226,0.0,0.0,0,0.0,0.0,0,349075.00,0.00,0.00,23,12.96,0.32,0.00,-0.2,4.998,4.998,4.998,4.998,189
2022-03-06 19:43:22,3.6,3.9,152,0.0,0.0,0,0.0,0.0,0,349227.00,0.00,0.00,23,12.96,0.33,0.00,-0.2,4.998,4.998,4.998,4.998,92
2022-03-06 19:44:22,4.2,4.7,216,0.0,0.0,0,0.0,0.0,0,349443.00,0.00,0.00,49,12.92,0.68,0.00,0.2,4.998,4.998,4.998,4.998,99
2022-03-06 19:45:22,3.4,6.7,266,0.0,0.0,0,0.0,0.0,0,349709.00,0.00,0.00,60,12.96,0.84,0.00,-0.2,4.998,4.998,4.998,4.998,187
2022-03-06 19:46:22,2.6,5.0,167,0.0,0.0,0,0.0,0.0,0,349876.00,0.00,0.00,24,12.92,0.34,0.00,-0.2,4.998,4.998,4.998,4.998,93
2022-03-06 19:47:22,2.4,4.2,192,0.0,0.0,0,0.0,0.0,0,350068.00,0.00,0.00,24,12.96,0.34,0.00,-0.2,4.998,4.998,4.998,4.998,46
2022-03-06 19:48:22,4.2,5.8,237,0.0,0.0,0,0.0,0.0,0,350305.00,0.00,0.00,17,12.92,0.24,0.00,-0.2,4.998,4.998,4.998,4.998,166
2022-03-06 19:49:22,6.1,6.9,305,0.0,0.0,0,0.0,0.0,0,350610.00,0.00,0.00,19,12.96,0.26,0.00,-0.2,4.998,4.998,4.998,4.998,162
2022-03-06 19:50:22,6.4,8.8,426,0.0,0.0,0,0.0,0.0,0,351036.00,0.00,0.00,11,12.92,0.16,0.00,-0.2,4.998,4.998,4.998,4.998,20
2022-03-06 19:51:22,5.9,7.3,325,0.0,0.0,0,0.0,0.0,0,351361.00,0.00,0.00,3,12.92,0.05,0.00,-0.2,4.998,4.998,4.998,4.998,68
2022-03-06 19:52:22,7.1,8.8,419,0.0,0.0,0,0.0,0.0,0,351780.00,0.00,0.00,20,12.92,0.28,0.00,-0.2,4.998,4.998,4.998,4.998,108
2022-03-06 19:53:22,7.3,9.3,488,0.0,0.0,0,0.0,0.0,0,352268.00,0.00,0.00,0,12.96,0.00,0.00,-0.2,4.998,4.998,4.998,4.998,188
2022-03-06 19:54:22,6.4,8.2,396,0.0,0.0,0,0.0,0.0,0,352664.00,0.00,0.00,16,12.96,0.22,0.00,0.2,4.998,4.998,4.998,4.998,16
2022-03-06 19:55:22,3.5,6.6,306,0.0,0.0,0,0.0,0.0,0,352970.00,0.00,0.00,22,12.96,0.30,0.00,-0.2,4.998,4.998,4.998,4.998,147
2022-03-06 19:56:22,6.1,6.6,237,0.0,0.0,0,0.0,0.0,0,353207.00,0.00,0.00,13,12.96,0.19,0.00,-0.2,4.998,4.998,4.998,4.998,61
2022-03-06 19:57:22,5.1,6.3,248,0.0,0.0,0,0.0,0.0,0,353455.00,0.00,0.00,2,12.92,0.03,0.00,0.2,4.998,4.998,4.998,4.998,3
2022-03-06 19:58:22,4.7,6.6,257,0.0,0.0,0,0.0,0.0,0,353712.00,0.00,0.00,307,12.92,4.27,0.00,0.2,4.998,4.998,4.998,4.998,16
2022-03-06 19:59:22,6.0,8.9,302,0.0,0.0,0,0.0,0.0,0,354014.00,0.00,0.00,319,12.92,4.44,0.00,0.2,4.998,4.998,4.998,4.998,245
2022-03-06 20:00:22,3.1,6.2,149,0.0,0.0,0,0.0,0.0,0,354163.00,0.00,0.00,317,12.92,4.40,0.00,-0.2,4.998,4.998,4.998,4.998,213
2022-03-06 20:01:22,2.5,5.8,220,0.0,0.0,0,0.0,0.0,0,354383.00,0.00,0.00,321,12.92,4.46,0.00,0.2,4.998,4.998,4.998,4.998,40
2022-03-06 20:02:22,3.7,4.7,147,0.0,0.0,0,0.0,0.0,0,354530.00,0.00,0.00,330,12.92,4.58,0.00,-0.2,4.998,4.998,4.998,4.998,37
2022-03-06 20:03:22,2.2,5.7,214,0.0,0.0,0,0.0,0.0,0,354744.00,0.00,0.00,306,12.96,4.26,0.00,-0.2,4.998,4.998,4.998,4.998,243
2022-03-06 20:04:22,3.3,4.8,169,0.0,0.0,0,0.0,0.0,0,354913.00,0.00,0.00,272,12.92,3.78,0.00,0.2,4.998,4.998,4.998,4.998,231
2022-03-06 20:05:22,4.5,6.0,190,0.0,0.0,0,0.0,0.0,0,355103.00,0.00,0.00,265,12.92,3.69,0.00,0.2,4.998,4.998,4.998,4.998,100
2022-03-06 20:06:22,3.1,5.6,252,0.0,0.0,0,0.0,0.0,0,355355.00,0.00,0.00,281,12.92,3.91,0.00,-0.2,4.998,4.998,4.998,4.998,180
2022-03-06 20:07:22,3.9,7.5,271,0.0,0.0,0,0.0,0.0,0,355626.00,0.00,0.00,279,12.92,3.88,0.00,0.2,4.998,4.998,4.998,4.998,199
2022-03-06 20:08:22,5.1,6.3,275,0.0,0.0,0,0.0,0.0,0,355901.00,0.00,0.00,290,12.92,4.03,0.00,0.2,4.998,4.998,4.998,4.998,190
2022-03-06 20:09:22,5.6,7.3,281,0.0,0.0,0,0.0,0.0,0,356182.00,0.00,0.00,270,12.92,3.75,0.00,-0.2,4.998,4.998,4.998,4.998,100
2022-03-06 20:10:22,2.6,6.7,267,0.0,0.0,0,0.0,0.0,0,356449.00,0.00,0.00,294,12.92,4.08,0.00,-0.2,4.998,4.998,4.998,4.998,190
2022-03-06 20:11:22,3.2,6.6,233,0.0,0.0,0,0.0,0.0,0,356682.00,0.00,0.00,290,12.92,4.02,0.00,-0.2,4.998,4.998,4.998,4.998,89
2022-03-06 20:12:22,4.2,7.0,258,0.0,0.0,0,0.0,0.0,0,356940.00,0.00,0.00,300,12.92,4.16,0.00,0.2,4.998,4.998,4.998,4.998,181
2022-03-06 20:13:22,3.8,5.9,224,0.0,0.0,0,0.0,0.0,0,357164.00,0.00,0.00,339,12.92,4.72,0.00,0.2,4.998,4.998,4.998,4.998,212
2022-03-06 20:14:22,3.8,8.9,260,0.0,0.0,0,0.0,0.0,0,357424.00,0.00,0.00,281,12.92,3.91,0.00,0.2,4.998,4.998,4.998,4.998,245
2022-03-06 20:15:22,4.7,7.5,305,0.0,0.0,0,0.0,0.0,0,357729.00,0.00,0.00,328,12.92,4.55,0.00,-0.2,4.998,4.998,4.998,4.998,254
2022-03-06 20:16:22,2.2,6.1,166,0.0,0.0,0,0.0,0.0,0,357895.00,0.00,0.00,303,12.92,4.21,0.00,-0.2,4.998,4.998,4.998,4.998,185
2022-03-06 20:17:22,5.5,6.4,253,0.0,0.0,0,0.0,0.0,0,358148.00,0.00,0.00,333,12.92,4.63,0.00,0.2,4.998,4.998,4.998,4.998,89
2022-03-06 20:18:22,4.9,7.4,305,0.0,0.0,0,0.0,0.0,0,358453.00,0.00,0.00,348,12.92,4.84,0.00,-0.2,4.998,4.998,4.998,4.998,1
2022-03-06 20:19:22,6.4,8.1,321,0.0,0.0,0,0.0,0.0,0,358774.00,0.00,0.00,307,12.92,4.27,0.00,-0.2,4.998,4.998,4.998,4.998,220
2022-03-06 20:20:22,5.3,9.4,289,0.0,0.0,0,0.0,0.0,0,359063.00,0.00,0.00,323,12.92,4.48,0.00,-0.2,4.998,4.998,4.998,4.998,7
2022-03-06 20:21:22,4.1,6.8,239,0.0,0.0,0,0.0,0.0,0,359302.00,0.00,0.00,315,12.92,4.37,0.00,-0.2,4.998,4.998,4.998,4.998,91
2022-03-06 20:22:22,1.6,4.3,129,0.0,0.0,0,0.0,0.0,0,359431.00,0.00,0.00,300,12.92,4.17,0.00,-0.2,4.998,4.998,4.998,4.998,204
2022-03-06 20:23:22,5.2,5.3,178,0.0,0.0,0,0.0,0.0,0,359609.00,0.00,0.00,301,12.92,4.18,0.00,0.2,4.998,4.998,4.998,4.998,215
2022-03-06 20:24:22,0.0,5.2,131,0.0,0.0,0,0.0,0.0,0,359740.00,0.00,0.00,297,12.92,4.12,0.00,-0.2,4.998,4.998,4.998,4.998,248
2022-03-06 20:25:22,2.3,5.7,164,0.0,0.0,0,0.0,0.0,0,359904.00,0.00,0.00,326,12.92,4.53,0.00,-0.2,4.998,4.998,4.998,4.998,223
2022-03-06 20:26:22,4.2,10.2,256,0.0,0.0,0,0.0,0.0,0,360160.00,0.00,0.00,291,12.92,4.04,0.00,-0.2,4.998,4.998,4.998,4.998,202
2022-03-06 20:27:22,1.5,6.5,178,0.0,0.0,0,0.0,0.0,0,360338.00,0.00,0.00,313,12.92,4.36,0.00,0.2,4.998,4.998,4.998,4.998,177
2022-03-06 20:28:22,2.3,5.8,206,0.0,0.0,0,0.0,0.0,0,360544.00,0.00,0.00,291,12.92,4.04,0.00,-0.2,4.998,4.998,4.998,4.998,5
2022-03-06 20:29:22,2.5,6.1,173,0.0,0.0,0,0.0,0.0,0,360717.00,0.00,0.00,303,12.92,4.20,0.00,0.2,4.998,4.998,4.998,4.998,31
2022-03-06 20:30:22,2.3,7.0,180,0.0,0.0,0,0.0,0.0,0,360897.00,0.00,0.00,290,12.89,4.02,0.00,-0.2,4.998,4.998,4.998,4.998,58
2022-03-06 20:31:22,4.6,8.2,228,0.0,0.0,0,0.0,0.0,0,361125.00,0.00,0.00,289,12.92,4.01,0.00,-0.2,4.998,4.998,4.998,4.998,171
2022-03-06 20:32:22,0.0,4.7,95,0.0,0.0,0,0.0,0.0,0,361220.00,0.00,0.00,255,12.92,3.54,0.00,0.2,4.998,4.998,4.998,4.998,199
2022-03-06 20:33:22,5.2,5.9,190,0.0,0.0,0,0.0,0.0,0,361410.00,0.00,0.00,288,12.89,4.01,0.00,0.2,4.998,4.998,4.998,4.998,84
2022-03-06 20:34:22,3.3,7.6,285,0.0,0.0,0,0.0,0.0,0,361695.00,0.00,0.00,286,12.92,3.97,0.00,0.2,4.998,4.998,4.998,4.998,254
2022-03-06 20:35:22,4.2,7.1,268,0.0,0.0,0,0.0,0.0,0,361963.00,0.00,0.00,270,12.92,3.75,0.00,0.2,4.998,4.998,4.998,4.998,97
2022-03-06 20:36:22,4.9,8.4,266,0.0,0.0,0,0.0,0.0,0,362229.00,0.00,0.00,268,12.92,3.73,0.00,0.2,4.998,4.998,4.998,4.998,176
2022-03-06 20:37:22,4.0,7.4,260,0.0,0.0,0,0.0,0.0,0,362489.00,0.00,0.00,268,12.89,3.72,0.00,0.2,4.998,4.998,4.998,4.998,112
2022-03-06 20:38:22,4.3,7.7,273,0.0,0.0,0,0.0,0.0,0,362762.00,0.00,0.00,285,12.92,3.95,0.00,-0.2,4.998,4.998,4.998,4.998,89
2022-03-06 20:39:22,5.9,7.2,283,0.0,0.0,0,0.0,0.0,0,363045.00,0.00,0.00,274,12.92,3.81,0.00,0.2,4.998,4.998,4.998,4.998,233
2022-03-06 20:40:22,2.8,7.9,287,0.0,0.0,0,0.0,0.0,0,363332.00,0.00,0.00,308,12.92,4.28,0.00,0.2,4.998,4.998,4.998,4.998,13
2022-03-06 20:41:22,1.4,4.6,68,0.0,0.0,0,0.0,0.0,0,363400.00,0.00,0.00,305,12.92,4.24,0.00,-0.2,4.998,4.998,4.998,4.998,133
2022-03-06 20:42:22,2.3,4.5,81,0.0,0.0,0,0.0,0.0,0,363481.00,0.00,0.00,309,12.92,4.30,0.00,-0.2,4.998,4.998,4.998,4.998,21
2022-03-06 20:43:22,1.5,3.0,43,0.0,0.0,0,0.0,0.0,0,363524.00,0.00,0.00,304,12.92,4.22,0.00,-0.2,4.998,4.998,4.998,4.998,172
2022-03-06 20:44:22,0.0,5.2,92,0.0,0.0,0,0.0,0.0,0,363616.00,0.00,0.00,295,12.92,4.10,0.00,-0.2,4.998,4.998,4.998,4.998,131
2022-03-06 20:45:22,5.2,6.2,86,0.0,0.0,0,0.0,0.0,0,363702.00,0.00,0.00,327,12.92,4.55,0.00,-0.2,4.998,4.998,4.998,4.998,43
2022-03-06 20:46:22,2.3,5.9,66,0.0,0.0,0,0.0,0.0,0,363768.00,0.00,0.00,326,12.89,4.54,0.00,0.2,4.998,4.998,4.998,4.998,36
2022-03-06 20:47:22,0.0,4.8,59,0.0,0.0,0,0.0,0.0,0,363827.00,0.00,0.00,327,12.89,4.54,0.00,-0.2,4.998,4.998,4.998,4.998,54
2022-03-06 20:48:22,0.0,2.9,37,0.0,0.0,0,0.0,0.0,0,363864.00,0.00,0.00,327,12.92,4.54,0.00,-0.2,4.998,4.998,4.998,4.998,146
2022-03-06 20:49:22,0.0,1.3,3,0.0,0.0,0,0.0,0.0,0,363867.00,0.00,0.00,327,12.89,4.54,0.00,-0.2,4.998,4.998,4.998,4.998,19
2022-03-06 20:50:22,0.0,0.0,1,0.0,0.0,0,0.0,0.0,0,363868.00,0.00,0.00,273,12.92,3.80,0.00,-0.2,4.998,4.998,4.998,4.998,100
2022-03-06 20:51:22,0.0,0.0,0,0.0,0.0,0,0.0,0.0,0,363868.00,0.00,0.00,273,12.92,3.80,0.00,0.2,4.998,4.998,4.998,4.998,122
2022-03-06 20:52:22,0.0,0.0,0,0.0,0.0,0,0.0,0.0,0,363868.00,0.00,0.00,270,12.92,3.74,0.00,-0.2,4.998,4.998,4.998,4.998,92
2022-03-06 20:53:22,0.0,0.0,0,0.0,0.0,0,0.0,0.0,0,363868.00,0.00,0.00,273,12.89,3.79,0.00,0.2,4.998,4.998,4.998,4.998,43
2022-03-06 20:54:22,0.0,0.0,0,0.0,0.0,0,0.0,0.0,0,363868.00,0.00,0.00,245,12.89,3.40,0.00,0.2,4.998,4.998,4.998,4.998,248
2022-03-06 20:55:22,0.0,0.0,0,0.0,0.0,0,0.0,0.0,0,363868.00,0.00,0.00,254,12.92,3.53,0.00,-0.2,4.998,4.998,4.998,4.998,50
2022-03-06 20:56:22,4.7,8.2,146,0.0,0.0,0,0.0,0.0,0,364014.00,0.00,0.00,250,12.92,3.47,0.00,-0.2,4.998,4.998,4.998,4.998,69
2022-03-06 20:57:22,1.5,5.8,199,0.0,0.0,0,0.0,0.0,0,364213.00,0.00,0.00,244,12.92,3.39,0.00,0.2,4.998,4.998,4.998,4.998,59
2022-03-06 20:58:22,8.7,9.0,362,0.0,0.0,0,0.0,0.0,0,364575.00,0.00,0.00,280,12.89,3.90,0.00,-0.2,4.998,4.998,4.998,4.998,174
2022-03-06 20:59:22,5.5,10.3,372,0.0,0.0,0,0.0,0.0,0,364947.00,0.00,0.00,295,12.89,4.10,0.00,0.2,4.998,4.998,4.998,4.998,86
2022-03-06 21:00:22,4.1,9.6,381,0.0,0.0,0,0.0,0.0,0,365328.00,0.00,0.00,293,12.92,4.08,0.00,-0.2,4.998,4.998,4.998,4.998,104
2022-03-06 21:01:22,4.2,5.7,250,0.0,0.0,0,0.0,0.0,0,365578.00,0.00,0.00,219,12.92,3.04,0.00,-0.2,4.998,4.998,4.998,4.998,36
2022-03-06 21:02:22,2.4,7.9,176,0.0,0.0,0,0.0,0.0,0,365754.00,0.00,0.00,306,12.89,4.25,0.00,0.2,4.998,4.998,4.998,4.998,85
2022-03-06 21:03:22,3.2,7.1,296,0.0,0.0,0,0.0,0.0,0,366050.00,0.00,0.00,299,12.92,4.15,0.00,0.2,4.998,4.998,4.998,4.998,44
2022-03-06 21:04:22,4.9,5.7,203,0.0,0.0,0,0.0,0.0,0,366253.00,0.00,0.00,281,12.92,3.90,0.00,-0.2,4.998,4.998,4.998,4.998,9
2022-03-06 21:05:22,2.5,6.3,219,0.0,0.0,0,0.0,0.0,0,366472.00,0.00,0.00,282,12.92,3.92,0.00,-0.2,4.998,4.998,4.998,4.998,132
2022-03-06 21:06:22,4.8,7.5,273,0.0,0.0,0,0.0,0.0,0,366745.00,0.00,0.00,249,12.92,3.46,0.00,-0.2,4.998,4.998,4.998,4.998,105
2022-03-06 21:07:22,3.2,5.7,195,0.0,0.0,0,0.0,0.0,0,366940.00,0.00,0.00,283,12.89,3.93,0.00,0.2,4.998,4.998,4.998,4.998,1
2022-03-06 21:08:22,8.4,10.4,357,0.0,0.0,0,0.0,0.0,0,367297.00,0.00,0.00,256,12.89,3.55,0.00,-0.2,4.998,4.998,4.998,4.998,129
2022-03-06 21:09:22,5.1,9.2,373,0.0,0.0,0,0.0,0.0,0,367670.00,0.00,0.00,249,12.89,3.47,0.00,0.2,4.998,4.998,4.998,4.998,200
2022-03-06 21:10:22,5.7,10.2,374,0.0,0.0,0,0.0,0.0,0,368044.00,0.00,0.00,287,12.89,3.98,0.00,-0.2,4.998,4.998,4.998,4.998,31
2022-03-06 21:11:22,7.4,9.9,452,0.0,0.0,0,0.0,0.0,0,368496.00,0.00,0.00,293,12.89,4.07,0.00,-0.2,4.998,4.998,4.998,4.998,98
2022-03-06 21:12:22,5.6,10.1,425,0.0,0.0,0,0.0,0.0,0,368921.00,0.00,0.00,290,12.92,4.03,0.00,-0.2,4.998,4.998,4.998,4.998,143
2022-03-06 21:13:22,4.3,5.8,248,0.0,0.0,0,0.0,0.0,0,369169.00,0.00,0.00,249,12.92,3.46,0.00,-0.2,4.998,4.998,4.998,4.998,92
2022-03-06 21:14:22,3.5,6.9,295,0.0,0.0,0,0.0,0.0,0,369464.00,0.00,0.00,274,12.89,3.80,0.00,-0.2,4.998,4.998,4.998,4.998,253
2022-03-06 21:15:22,6.2,7.9,258,0.0,0.0,0,0.0,0.0,0,369722.00,0.00,0.00,240,12.89,3.34,0.00,-0.2,4.998,4.998,4.998,4.998,133
2022-03-06 21:16:22,8.2,9.7,427,0.0,0.0,0,0.0,0.0,0,370149.00,0.00,0.00,242,12.92,3.36,0.00,-0.2,4.998,4.998,4.998,4.998,109
2022-03-06 21:17:22,7.5,9.9,422,0.0,0.0,0,0.0,0.0,0,370571.00,0.00,0.00,296,12.89,4.12,0.00,0.2,4.998,4.998,4.998,4.998,26
2022-03-06 21:18:22,4.4,11.9,397,0.0,0.0,0,0.0,0.0,0,370968.00,0.00,0.00,262,12.89,3.64,0.00,0.2,4.998,4.998,4.998,4.998,198
2022-03-06 21:19:22,4.8,8.5,399,0.0,0.0,0,0.0,0.0,0,371367.00,0.00,0.00,256,12.92,3.56,0.00,-0.2,4.998,4.998,4.998,4.998,125
2022-03-06 21:20:22,7.3,8.9,332,0.0,0.0,0,0.0,0.0,0,371699.00,0.00,0.00,291,12.89,4.04,0.00,0.2,4.998,4.998,4.998,4.998,180
2022-03-06 21:21:22,3.0,8.3,348,0.0,0.0,0,0.0,0.0,0,372047.00,0.00,0.00,292,12.89,4.05,0.00,-0.2,4.998,4.998,4.998,4.998,165
2022-03-06 21:22:22,7.9,11.8,356,0.0,0.0,0,0.0,0.0,0,372403.00,0.00,0.00,246,12.92,3.42,0.00,-0.2,4.998,4.998,4.998,4.998,217
2022-03-06 21:23:22,4.5,8.1,280,0.0,0.0,0,0.0,0.0,0,372683.00,0.00,0.00,253,12.89,3.52,0.00,-0.2,4.998,4.998,4.998,4.998,211
2022-03-06 21:24:22,4.6,6.3,277,0.0,0.0,0,0.0,0.0,0,372960.00,0.00,0.00,276,12.89,3.84,0.00,0.2,4.998,4.998,4.998,4.998,154
2022-03-06 21:25:22,5.5,9.5,362,0.0,0.0,0,0.0,0.0,0,373322.00,0.00,0.00,248,12.89,3.44,0.00,-0.2,4.998,4.998,4.998,4.998,39
2022-03-06 21:26:22,5.9,7.9,347,0.0,0.0,0,0.0,0.0,0,373669.00,0.00,0.00,261,12.89,3.62,0.00,-0.2,4.998,4.998,4.998,4.998,23
2022-03-06 21:27:22,9.4,10.6,418,0.0,0.0,0,0.0,0.0,0,374087.00,0.00,0.00,256,12.89,3.55,0.00,0.2,4.998,4.998,4.998,4.998,130
2022-03-06 21:28:22,3.9,9.2,376,0.0,0.0,0,0.0,0.0,0,374463.00,0.00,0.00,283,12.92,3.93,0.00,-0.2,4.998,4.998,4.998,4.998,16
2022-03-06 21:29:22,5.2,7.9,257,0.0,0.0,0,0.0,0.0,0,374720.00,0.00,0.00,279,12.89,3.88,0.00,0.2,4.998,4.998,4.998,4.998,199
2022-03-06 21:30:22,5.1,8.3,346,0.0,0.0,0,0.0,0.0,0,375066.00,0.00,0.00,281,12.89,3.90,0.00,-0.2,4.998,4.998,4.998,4.998,118
2022-03-06 21:31:22,5.5,12.1,493,0.0,0.0,0,0.0,0.0,0,375559.00,0.00,0.00,251,12.89,3.49,0.00,-0.2,4.998,4.998,4.998,4.998,26
2022-03-06 21:32:22,3.3,7.6,362,0.0,0.0,0,0.0,0.0,0,375921.00,0.00,0.00,247,12.89,3.44,0.00,-0.2,4.998,4.998,4.998,4.998,140
2022-03-06 21:33:22,4.0,5.9,207,0.0,0.0,0,0.0,0.0,0,376128.00,0.00,0.00,249,12.89,3.46,0.00,0.2,4.998,4.998,4.998,4.998,63
2022-03-06 21:34:22,5.3,7.3,311,0.0,0.0,0,0.0,0.0,0,376439.00,0.00,0.00,266,12.89,3.70,0.00,0.2,4.998,4.998,4.998,4.998,159
2022-03-06 21:35:22,5.0,9.6,386,0.0,0.0,0,0.0,0.0,0,376825.00,0.00,0.00,290,12.89,4.02,0.00,-0.2,4.998,4.998,4.998,4.998,100
2022-03-06 21:36:22,4.5,10.0,394,0.0,0.0,0,0.0,0.0,0,377219.00,0.00,0.00,257,12.89,3.57,0.00,-0.2,4.998,4.998,4.998,4.998,34
2022-03-06 21:37:22,5.3,8.2,336,0.0,0.0,0,0.0,0.0,0,377555.00,0.00,0.00,282,12.89,3.92,0.00,0.2,4.998,4.998,4.998,4.998,239
2022-03-06 21:38:22,5.1,12.5,485,0.0,0.0,0,0.0,0.0,0,378040.00,0.00,0.00,257,12.89,3.57,0.00,-0.2,4.998,4.998,4.998,4.998,75
2022-03-06 21:39:22,10.6,10.8,381,0.0,0.0,0,0.0,0.0,0,378421.00,0.00,0.00,240,12.89,3.33,0.00,-0.2,4.998,4.998,4.998,4.998,219
2022-03-06 21:40:22,8.7,10.7,417,0.0,0.0,0,0.0,0.0,0,378838.00,0.00,0.00,277,12.89,3.85,0.00,-0.2,4.998,4.998,4.998,4.998,166
2022-03-06 21:41:22,11.5,13.7,575,0.0,0.0,0,0.0,0.0,0,379413.00,0.00,0.00,277,12.89,3.84,0.00,0.2,4.998,4.998,4.998,4.998,97
2022-03-06 21:42:22,4.7,11.9,435,0.0,0.0,0,0.0,0.0,0,379848.00,0.00,0.00,278,12.89,3.86,0.00,-0.2,4.998,4.998,4.998,4.998,173
2022-03-06 21:43:22,10.2,12.5,439,0.0,0.0,0,0.0,0.0,0,380287.00,0.00,0.00,275,12.89,3.83,0.00,0.2,4.998,4.998,4.998,4.998,200
2022-03-06 21:44:22,4.7,16.7,653,0.0,0.0,0,0.0,0.0,0,380940.00,0.00,0.00,281,12.89,3.91,0.00,-0.2,4.998,4.998,4.998,4.998,30
2022-03-06 21:45:22,5.2,9.0,394,0.0,0.0,0,0.0,0.0,0,381334.00,0.00,0.00,286,12.89,3.97,0.00,-0.2,4.998,4.998,4.998,4.998,98
2022-03-06 21:46:22,13.3,15.6,576,0.0,0.0,0,0.0,0.0,0,381910.00,0.00,0.00,268,12.89,3.73,0.00,-0.2,4.998,4.998,4.998,4.998,80
2022-03-06 21:47:22,5.2,14.0,509,0.0,0.0,0,0.0,0.0,0,382419.00,0.00,0.00,300,12.89,4.17,0.00,-0.2,4.998,4.998,4.998,4.998,147
2022-03-06 21:48:22,6.1,9.9,402,0.0,0.0,0,0.0,0.0,0,382821.00,0.00,0.00,267,12.89,3.72,0.00,0.2,4.998,4.998,4.998,4.998,123
2022-03-06 21:49:22,8.5,14.1,576,0.0,0.0,0,0.0,0.0,0,383397.00,0.00,0.00,313,12.89,4.36,0.00,0.2,4.998,4.998,4.998,4.998,36
2022-03-06 21:50:22,9.0,14.5,563,0.0,0.0,0,0.0,0.0,0,383960.00,0.00,0.00,291,12.85,4.04,0.00,0.2,4.998,4.998,4.998,4.998,241
2022-03-06 21:51:22,4.0,10.7,451,0.0,0.0,0,0.0,0.0,0,384411.00,0.00,0.00,264,12.89,3.66,0.00,-0.2,4.998,4.998,4.998,4.998,224
2022-03-06 21:52:22,8.0,14.1,382,0.0,0.0,0,0.0,0.0,0,384793.00,0.00,0.00,278,12.89,3.87,0.00,-0.2,4.998,4.998,4.998,4.998,62
2022-03-06 21:53:22,8.9,12.8,524,0.0,0.0,0,0.0,0.0,0,385317.00,0.00,0.00,250,12.89,3.48,0.00,0.2,4.998,4.998,4.998,4.998,135
2022-03-06 21:54:22,7.8,11.4,540,0.0,0.0,0,0.0,0.0,0,385857.00,0.00,0.00,274,12.89,3.80,0.00,0.2,4.998,4.998,4.998,4.998,252
2022-03-06 21:55:22,8.4,14.7,565,0.0,0.0,0,0.0,0.0,0,386422.00,0.00,0.00,302,12.89,4.20,0.00,0.2,4.998,4.998,4.998,4.998,18
2022-03-06 21:56:22,8.5,9.6,394,0.0,0.0,0,0.0,0.0,0,386816.00,0.00,0.00,260,12.89,3.62,0.00,0.2,4.998,4.998,4.998,4.998,155
2022-03-06 21:57:22,8.9,18.1,563,0.0,0.0,0,0.0,0.0,0,387379.00,0.00,0.00,238,12.89,3.30,0.00,0.2,4.998,4.998,4.998,4.998,29
2022-03-06 21:58:22,5.5,10.9,423,0.0,0.0,0,0.0,0.0,0,387802.00,0.00,0.00,294,12.89,4.09,0.00,0.2,4.998,4.998,4.998,4.998,211
2022-03-06 21:59:22,5.9,10.1,261,0.0,0.0,0,0.0,0.0,0,388063.00,0.00,0.00,260,12.89,3.62,0.00,0.2,4.998,4.998,4.998,4.998,36
2022-03-06 22:00:22,7.1,11.6,400,0.0,0.0,0,0.0,0.0,0,388463.00,0.00,0.00,270,12.89,3.75,0.00,-0.2,4.998,4.998,4.998,4.998,217
2022-03-06 22:01:22,6.1,9.7,355,0.0,0.0,0,0.0,0.0,0,388818.00,0.00,0.00,241,12.89,3.35,0.00,0.2,4.998,4.998,4.998,4.998,28
2022-03-06 22:02:22,5.5,8.9,331,0.0,0.0,0,0.0,0.0,0,389149.00,0.00,0.00,258,12.89,3.59,0.00,0.2,4.998,4.998,4.998,4.998,252
2022-03-06 22:03:22,8.4,11.6,425,0.0,0.0,0,0.0,0.0,0,389574.00,0.00,0.00,274,12.85,3.81,0.00,-0.2,4.998,4.998,4.998,4.998,83
2022-03-06 22:04:22,2.7,8.5,339,0.0,0.0,0,0.0,0.0,0,389913.00,0.00,0.00,264,12.85,3.67,0.00,-0.2,4.998,4.998,4.998,4.998,14
2022-03-06 22:05:22,5.0,7.9,336,0.0,0.0,0,0.0,0.0,0,390249.00,0.00,0.00,267,12.85,3.72,0.00,-0.2,4.998,4.998,4.998,4.998,25
2022-03-06 22:06:22,4.8,7.3,229,0.0,0.0,0,0.0,0.0,0,390478.00,0.00,0.00,259,12.89,3.60,0.00,-0.2,4.998,4.998,4.998,4.998,224
2022-03-06 22:07:22,8.3,13.1,475,0.0,0.0,0,0.0,0.0,0,390953.00,0.00,0.00,288,12.85,4.01,0.00,0.2,4.998,4.998,4.998,4.998,55
2022-03-06 22:08:22,4.9,10.8,409,0.0,0.0,0,0.0,0.0,0,391362.00,0.00,0.00,260,12.89,3.62,0.00,-0.2,4.998,4.998,4.998,4.998,236
2022-03-06 22:09:22,3.7,12.0,381,0.0,0.0,0,0.0,0.0,0,391743.00,0.00,0.00,264,12.89,3.66,0.00,-0.2,4.998,4.998,4.998,4.998,57
2022-03-06 22:10:22,12.6,15.0,398,0.0,0.0,0,0.0,0.0,0,392141.00,0.00,0.00,267,12.89,3.71,0.00,-0.2,4.998,4.998,4.998,4.998,171
2022-03-06 22:11:22,6.3,17.7,656,0.0,0.0,0,0.0,0.0,0,392797.00,0.00,0.00,283,12.89,3.93,0.00,0.2,4.998,4.998,4.998,4.998,60
2022-03-06 22:12:22,6.4,12.4,498,0.0,0.0,0,0.0,0.0,0,393295.00,0.00,0.00,297,12.89,4.12,0.00,-0.2,4.998,4.998,4.998,4.998,222
2022-03-06 22:13:22,8.5,13.3,503,0.0,0.0,0,0.0,0.0,0,393798.00,0.00,0.00,309,12.89,4.30,0.00,-0.2,4.998,4.998,4.998,4.998,89
2022-03-06 22:14:22,6.8,12.8,527,0.0,0.0,0,0.0,0.0,0,394325.00,0.00,0.00,259,12.85,3.60,0.00,-0.2,4.998,4.998,4.998,4.998,42
2022-03-06 22:15:22,5.7,9.6,432,0.0,0.0,0,0.0,0.0,0,394757.00,0.00,0.00,262,12.85,3.65,0.00,0.2,4.998,4.998,4.998,4.998,182
2022-03-06 22:16:22,3.5,8.3,282,0.0,0.0,0,0.0,0.0,0,395039.00,0.00,0.00,249,12.89,3.46,0.00,-0.2,4.998,4.998,4.998,4.998,66
2022-03-06 22:17:22,9.5,12.0,467,0.0,0.0,0,0.0,0.0,0,395506.00,0.00,0.00,265,12.89,3.68,0.00,-0.2,4.998,4.998,4.998,4.998,165
2022-03-06 22:18:22,3.6,10.7,419,0.0,0.0,0,0.0,0.0,0,395925.00,0.00,0.00,291,12.85,4.04,0.00,-0.2,4.998,4.998,4.998,4.998,146
2022-03-06 22:19:22,8.5,13.5,521,0.0,0.0,0,0.0,0.0,0,396446.00,0.00,0.00,250,12.85,3.47,0.00,0.2,4.998,4.998,4.998,4.998,195
2022-03-06 22:20:22,13.1,14.6,442,0.0,0.0,0,0.0,0.0,0,396888.00,0.00,0.00,250,12.85,3.47,0.00,0.2,4.998,4.998,4.998,4.998,119
2022-03-06 22:21:22,7.6,13.9,467,0.0,0.0,0,0.0,0.0,0,397355.00,0.00,0.00,241,12.89,3.35,0.00,-0.2,4.998,4.998,4.998,4.998,195
2022-03-06 22:22:22,7.8,12.0,493,0.0,0.0,0,0.0,0.0,0,397848.00,0.00,0.00,266,12.85,3.69,0.00,0.2,4.998,4.998,4.998,4.998,126
2022-03-06 22:23:22,5.5,8.5,328,0.0,0.0,0,0.0,0.0,0,398176.00,0.00,0.00,251,12.85,3.48,0.00,-0.2,4.998,4.998,4.998,4.998,88
2022-03-06 22:24:22,8.2,10.2,499,0.0,0.0,0,0.0,0.0,0,398675.00,0.00,0.00,247,12.85,3.43,0.00,-0.2,4.998,4.998,4.998,4.998,74
2022-03-06 22:25:22,6.8,9.9,354,0.0,0.0,0,0.0,0.0,0,399029.00,0.00,0.00,253,12.89,3.52,0.00,0.2,4.998,4.998,4.998,4.998,17
2022-03-06 22:26:22,3.3,11.1,450,0.0,0.0,0,0.0,0.0,0,399479.00,0.00,0.00,266,12.85,3.70,0.00,-0.2,4.998,4.998,4.998,4.998,211
2022-03-06 22:27:22,9.2,11.0,340,0.0,0.0,0,0.0,0.0,0,399819.00,0.00,0.00,255,12.89,3.55,0.00,-0.2,4.998,4.998,4.998,4.998,236
2022-03-06 22:28:22,13.4,14.4,582,0.0,0.0,0,0.0,0.0,0,400401.00,0.00,0.00,245,12.85,3.41,0.00,-0.2,4.998,4.998,4.998,4.998,95
2022-03-06 22:29:22,5.3,13.4,522,0.0,0.0,0,0.0,0.0,0,400923.00,0.00,0.00,249,12.89,3.46,0.00,0.2,4.998,4.998,4.998,4.998,226
2022-03-06 22:30:22,4.3,7.8,285,0.0,0.0,0,0.0,0.0,0,401208.00,0.00,0.00,272,12.89,3.77,0.00,-0.2,4.998,4.998,4.998,4.998,192
2022-03-06 22:31:22,4.5,10.7,491,0.0,0.0,0,0.0,0.0,0,401699.00,0.00,0.00,307,12.85,4.27,0.00,-0.2,4.998,4.998,4.998,4.998,240
2022-03-06 22:32:22,7.0,9.8,253,0.0,0.0,0,0.0,0.0,0,401952.00,0.00,0.00,258,12.85,3.58,0.00,-0.2,4.998,4.998,4.998,4.998,15
2022-03-06 22:33:22,7.1,13.4,474,0.0,0.0,0,0.0,0.0,0,402426.00,0.00,0.00,263,12.85,3.65,0.00,0.2,4.998,4.998,4.998,4.998,106
2022-03-06 22:34:22,6.5,10.0,357,0.0,0.0,0,0.0,0.0,0,402783.00,0.00,0.00,243,12.85,3.38,0.00,0.2,4.998,4.998,4.998,4.998,142
2022-03-06 22:35:22,5.0,9.3,374,0.0,0.0,0,0.0,0.0,0,403157.00,0.00,0.00,316,12.89,4.39,0.00,-0.2,4.998,4.998,4.998,4.998,134
2022-03-06 22:36:22,6.7,9.9,479,0.0,0.0,0,0.0,0.0,0,403636.00,0.00,0.00,291,12.85,4.04,0.00,-0.2,4.998,4.998,4.998,4.998,51
2022-03-06 22:37:22,6.4,8.4,395,0.0,0.0,0,0.0,0.0,0,404031.00,0.00,0.00,298,12.89,4.15,0.00,-0.2,4.998,4.998,4.998,4.998,200
2022-03-06 22:38:22,9.5,13.2,367,0.0,0.0,0,0.0,0.0,0,404398.00,0.00,0.00,272,12.85,3.78,0.00,-0.2,4.998,4.998,4.998,4.998,159
2022-03-06 22:39:22,7.5,14.6,590,0.0,0.0,0,0.0,0.0,0,404988.00,0.00,0.00,241,12.85,3.35,0.00,-0.2,4.998,4.998,4.998,4.998,232
2022-03-06 22:40:22,7.0,13.8,504,0.0,0.0,0,0.0,0.0,0,405492.00,0.00,0.00,275,12.85,3.83,0.00,-0.2,4.998,4.998,4.998,4.998,32
2022-03-06 22:41:22,6.8,10.7,421,0.0,0.0,0,0.0,0.0,0,405913.00,0.00,0.00,284,12.85,3.95,0.00,-0.2,4.998,4.998,4.998,4.998,7
2022-03-06 22:42:22,2.4,7.2,236,0.0,0.0,0,0.0,0.0,0,406149.00,0.00,0.00,247,12.85,3.43,0.00,-0.2,4.998,4.998,4.998,4.998,63
2022-03-06 22:43:22,6.2,9.7,292,0.0,0.0,0,0.0,0.0,0,406441.00,0.00,0.00,273,12.85,3.80,0.00,-0.2,4.998,4.998,4.998,4.998,192
2022-03-06 22:44:22,5.6,9.0,389,0.0,0.0,0,0.0,0.0,0,406830.00,0.00,0.00,279,12.85,3.88,0.00,-0.2,4.998,4.998,4.998,4.998,220
2022-03-06 22:45:22,5.9,12.0,470,0.0,0.0,0,0.0,0.0,0,407300.00,0.00,0.00,246,12.85,3.42,0.00,0.2,4.998,4.998,4.998,4.998,208
2022-03-06 22:46:22,9.4,11.2,514,0.0,0.0,0,0.0,0.0,0,407814.00,0.00,0.00,257,12.85,3.57,0.00,-0.2,4.998,4.998,4.998,4.998,220
2022-03-06 22:47:22,0.0,10.1,257,0.0,0.0,0,0.0,0.0,0,408071.00,0.00,0.00,255,12.85,3.54,0.00,-0.2,4.998,4.998,4.998,4.998,141
2022-03-06 22:48:22,0.0,0.0,0,0.0,0.0,0,0.0,0.0,0,408071.00,0.00,0.00,252,12.85,3.50,0.00,-0.2,4.998,4.998,4.998,4.998,83
2022-03-06 22:49:22,0.0,0.0,0,0.0,0.0,0,0.0,0.0,0,408071.00,0.00,0.00,213,12.85,2.96,0.00,-0.2,4.998,4.998,4.998,4.998,102
2022-03-06 22:50:22,0.0,0.0,0,0.0,0.0,0,0.0,0.0,0,408071.00,0.00,0.00,256,12.85,3.55,0.00,-0.2,4.998,4.998,4.998,4.998,137
2022-03-06 22:51:22,0.0,0.0,0,0.0,0.0,0,0.0,0.0,0,408071.00,0.00,0.00,256,12.85,3.55,0.00,-0.2,4.998,4.998,4.998,4.998,154
2022-03-06 22:52:22,0.0,0.0,0,0.0,0.0,0,0.0,0.0,0,408071.00,0.00,0.00,273,12.85,3.80,0.00,-0.2,4.998,4.998,4.998,4.998,106
2022-03-06 22:53:22,0.0,0.0,0,0.0,0.0,0,0.0,0.0,0,408071.00,0.00,0.00,232,12.85,3.23,0.00,-0.2,4.998,4.998,4.998,4.998,230
2022-03-06 22:54:22,0.0,0.0,0,0.0,0.0,0,0.0,0.0,0,408071.00,0.00,0.00,263,12.85,3.66,0.00,-0.2,4.998,4.998,4.998,4.998,154
2022-03-06 22:55:22,0.0,0.0,0,0.0,0.0,0,0.0,0.0,0,408071.00,0.00,0.00,249,12.85,3.46,0.00,-0.2,4.998,4.998,4.998,4.998,79
2022-03-06 22:56:22,0.0,0.0,0,0.0,0.0,0,0.0,0.0,0,408071.00,0.00,0.00,310,12.85,4.31,0.00,-0.2,4.998,4.998,4.998,4.998,133
2022-03-06 22:57:22,0.0,0.0,0,0.0,0.0,0,0.0,0.0,0,408071.00,0.00,0.00,240,12.85,3.33,0.00,-0.2,4.998,4.998,4.998,4.998,112
2022-03-06 22:58:22,0.0,0.0,0,0.0,0.0,0,0.0,0.0,0,408071.00,0.00,0.00,277,12.85,3.84,0.00,-0.2,4.998,4.998,4.998,4.998,46
2022-03-06 22:59:22,0.0,0.0,0,0.0,0.0,0,0.0,0.0,0,408071.00,0.00,0.00,270,12.85,3.75,0.00,-0.2,4.998,4.998,4.998,4.998,239
2022-03-06 23:00:22,0.0,0.0,0,0.0,0.0,0,0.0,0.0,0,408071.00,0.00,0.00,266,12.85,3.70,0.00,-0.2,4.998,4.998,4.998,4.998,26
2022-03-06 23:01:22,0.0,0.0,0,0.0,0.0,0,0.0,0.0,0,408071.00,0.00,0.00,242,12.85,3.36,0.00,-0.2,4.998,4.998,4.998,4.998,244
2022-03-06 23:02:22,0.0,0.0,0,0.0,0.0,0,0.0,0.0,0,408071.00,0.00,0.00,246,12.85,3.41,0.00,-0.2,4.998,4.998,4.998,4.998,92
2022-03-06 23:03:22,0.0,0.0,0,0.0,0.0,0,0.0,0.0,0,408071.00,0.00,0.00,268,12.85,3.73,0.00,-0.2,4.998,4.998,4.998,4.998,132
2022-03-06 23:04:22,0.0,0.0,0,0.0,0.0,0,0.0,0.0,0,408071.00,0.00,0.00,273,12.85,3.79,0.00,-0.6,4.998,4.998,4.998,4.998,29
2022-03-06 23:05:22,0.0,0.0,0,0.0,0.0,0,0.0,0.0,0,408071.00,0.00,0.00,284,12.85,3.95,0.00,-0.2,4.998,4.998,4.998,4.998,120
2022-03-06 23:06:22,0.0,0.0,0,0.0,0.0,0,0.0,0.0,0,408071.00,0.00,0.00,238,12.85,3.31,0.00,-0.2,4.998,4.998,4.998,4.998,92
2022-03-06 23:07:22,0.0,0.0,0,0.0,0.0,0,0.0,0.0,0,408071.00,0.00,0.00,288,12.85,4.00,0.00,-0.2,4.998,4.998,4.998,4.998,54
2022-03-06 23:08:22,0.0,0.0,0,0.0,0.0,0,0.0,0.0,0,408071.00,0.00,0.00,254,12.85,3.54,0.00,-0.6,4.998,4.998,4.998,4.998,95
2022-03-06 23:09:22,0.0,0.0,0,0.0,0.0,0,0.0,0.0,0,408071.00,0.00,0.00,301,12.85,4.18,0.00,-0.2,4.998,4.998,4.998,4.998,218
2022-03-06 23:10:22,0.0,0.0,0,0.0,0.0,0,0.0,0.0,0,408071.00,0.00,0.00,281,12.85,3.91,0.00,-0.2,4.998,4.998,4.998,4.998,238
2022-03-06 23:11:22,0.0,0.0,0,0.0,0.0,0,0.0,0.0,0,408071.00,0.00,0.00,265,12.85,3.68,0.00,-0.2,4.998,4.998,4.998,4.998,211
2022-03-06 23:12:22,0.0,0.0,0,0.0,0.0,0,0.0,0.0,0,408071.00,0.00,0.00,307,12.85,4.27,0.00,-0.2,4.998,4.998,4.998,4.998,242
2022-03-06 23:13:22,0.0,0.0,0,0.0,0.0,0,0.0,0.0,0,408071.00,0.00,0.00,291,12.85,4.04,0.00,-0.2,4.998,4.998,4.998,4.998,177
2022-03-06 23:14:22,0.0,0.0,0,0.0,0.0,0,0.0,0.0,0,408071.00,0.00,0.00,232,12.85,3.23,0.00,-0.6,4.998,4.998,4.998,4.998,97
2022-03-06 23:15:22,0.0,0.0,0,0.0,0.0,0,0.0,0.0,0,408071.00,0.00,0.00,243,12.85,3.37,0.00,-0.2,4.998,4.998,4.998,4.998,213
2022-03-06 23:16:22,0.0,0.0,0,0.0,0.0,0,0.0,0.0,0,408071.00,0.00,0.00,284,12.81,3.95,0.00,-0.2,4.998,4.998,4.998,4.998,75
2022-03-06 23:17:22,0.0,0.0,0,0.0,0.0,0,0.0,0.0,0,408071.00,0.00,0.00,269,12.85,3.74,0.00,-0.2,4.998,4.998,4.998,4.998,48
2022-03-06 23:18:22,0.0,0.0,0,0.0,0.0,0,0.0,0.0,0,408071.00,0.00,0.00,284,12.85,3.95,0.00,-0.2,4.998,4.998,4.998,4.998,80
2022-03-06 23:19:22,0.0,0.0,0,0.0,0.0,0,0.0,0.0,0,408071.00,0.00,0.00,274,12.85,3.81,0.00,-0.2,4.998,4.998,4.998,4.998,217
2022-03-06 23:20:22,0.0,0.0,0,0.0,0.0,0,0.0,0.0,0,408071.00,0.00,0.00,250,12.85,3.48,0.00,-0.6,4.998,4.998,4.998,4.998,48
2022-03-06 23:21:22,0.0,0.0,0,0.0,0.0,0,0.0,0.0,0,408071.00,0.00,0.00,251,12.85,3.48,0.00,-0.6,4.998,4.998,4.998,4.998,83
2022-03-06 23:22:22,0.0,0.0,0,0.0,0.0,0,0.0,0.0,0,408071.00,0.00,0.00,306,12.81,4.25,0.00,-0.6,4.998,4.998,4.998,4.998,109
2022-03-06 23:23:22,0.0,0.0,0,0.0,0.0,0,0.0,0.0,0,408071.00,0.00,0.00,286,12.85,3.97,0.00,-0.2,4.998,4.998,4.998,4.998,133
2022-03-06 23:24:22,0.0,0.0,0,0.0,0.0,0,0.0,0.0,0,408071.00,0.00,0.00,299,12.85,4.16,0.00,-0.6,4.998,4.998,4.998,4.998,14
2022-03-06 23:25:22,0.0,0.0,0,0.0,0.0,0,0.0,0.0,0,408071.00,0.00,0.00,269,12.81,3.74,0.00,-0.6,4.998,4.998,4.998,4.998,179
2022-03-06 23:26:22,0.0,0.0,0,0.0,0.0,0,0.0,0.0,0,408071.00,0.00,0.00,283,12.81,3.94,0.00,-0.6,4.998,4.998,4.998,4.998,168
2022-03-06 23:27:22,0.0,0.0,0,0.0,0.0,0,0.0,0.0,0,408071.00,0.00,0.00,263,12.85,3.66,0.00,-0.2,4.998,4.998,4.998,4.998,36
2022-03-06 23:28:22,0.0,0.0,0,0.0,0.0,0,0.0,0.0,0,408071.00,0.00,0.00,253,12.85,3.52,0.00,-0.2,4.998,4.998,4.998,4.998,61
2022-03-06 23:29:22,0.0,0.0,0,0.0,0.0,0,0.0,0.0,0,408071.00,0.00,0.00,287,12.85,3.99,0.00,-0.6,4.998,4.998,4.998,4.998,190
2022-03-06 23:30:22,0.0,0.0,0,0.0,0.0,0,0.0,0.0,0,408071.00,0.00,0.00,269,12.85,3.74,0.00,-0.6,4.998,4.998,4.998,4.998,79
2022-03-06 23:31:22,0.0,0.0,0,0.0,0.0,0,0.0,0.0,0,408071.00,0.00,0.00,273,12.85,3.80,0.00,-0.6,4.998,4.998,4.998,4.998,68
2022-03-06 23:32:22,0.0,0.0,0,0.0,0.0,0,0.0,0.0,0,408071.00,0.00,0.00,268,12.81,3.73,0.00,-0.6,4.998,4.998,4.998,4.998,158
2022-03-06 23:33:22,0.0,0.0,0,0.0,0.0,0,0.0,0.0,0,408071.00,0.00,0.00,288,12.85,4.00,0.00,-0.2,4.998,4.998,4.998,4.998,64
2022-03-06 23:34:22,0.0,0.0,0,0.0,0.0,0,0.0,0.0,0,408071.00,0.00,0.00,283,12.85,3.94,0.00,-0.2,4.998,4.998,4.998,4.998,199
2022-03-06 23:35:22,0.0,0.0,0,0.0,0.0,0,0.0,0.0,0,408071.00,0.00,0.00,304,12.81,4.22,0.00,-0.2,4.998,4.998,4.998,4.998,71
2022-03-06 23:36:22,0.0,0.0,0,0.0,0.0,0,0.0,0.0,0,408071.00,0.00,0.00,239,12.85,3.32,0.00,-0.6,4.998,4.998,4.998,4.998,125
2022-03-06 23:37:22,0.0,0.0,0,0.0,0.0,0,0.0,0.0,0,408071.00,0.00,0.00,270,12.85,3.74,0.00,-0.2,4.998,4.998,4.998,4.998,178
2022-03-06 23:38:22,0.0,0.0,0,0.0,0.0,0,0.0,0.0,0,408071.00,0.00,0.00,281,12.85,3.91,0.00,-0.6,4.998,4.998,4.998,4.998,236
2022-03-06 23:39:22,0.0,0.0,0,0.0,0.0,0,0.0,0.0,0,408071.00,0.00,0.00,293,12.85,4.08,0.00,-0.6,4.998,4.998,4.998,4.998,200
2022-03-06 23:40:22,0.0,0.0,0,0.0,0.0,0,0.0,0.0,0,408071.00,0.00,0.00,286,12.81,3.97,0.00,-0.6,4.998,4.998,4.998,4.998,188
2022-03-06 23:41:22,0.0,0.0,0,0.0,0.0,0,0.0,0.0,0,408071.00,0.00,0.00,282,12.85,3.92,0.00,-0.6,4.998,4.998,4.998,4.998,126
2022-03-06 23:42:22,0.0,0.0,0,0.0,0.0,0,0.0,0.0,0,408071.00,0.00,0.00,298,12.85,4.14,0.00,-0.6,4.998,4.998,4.998,4.998,205
2022-03-06 23:43:22,0.0,0.0,0,0.0,0.0,0,0.0,0.0,0,408071.00,0.00,0.00,277,12.85,3.85,0.00,-0.6,4.998,4.998,4.998,4.998,47
2022-03-06 23:44:22,0.0,0.0,0,0.0,0.0,0,0.0,0.0,0,408071.00,0.00,0.00,282,12.81,3.92,0.00,-0.2,4.998,4.998,4.998,4.998,18
2022-03-06 23:45:22,0.0,0.0,0,0.0,0.0,0,0.0,0.0,0,408071.00,0.00,0.00,251,12.81,3.48,0.00,-0.6,4.998,4.998,4.998,4.998,249
2022-03-06 23:46:22,0.0,0.0,0,0.0,0.0,0,0.0,0.0,0,408071.00,0.00,0.00,325,12.81,4.52,0.00,-0.6,4.998,4.998,4.998,4.998,223
2022-03-06 23:47:22,0.0,0.0,0,0.0,0.0,0,0.0,0.0,0,408071.00,0.00,0.00,276,12.81,3.83,0.00,-0.6,4.998,4.998,4.998,4.998,250
2022-03-06 23:48:22,0.0,0.0,0,0.0,0.0,0,0.0,0.0,0,408071.00,0.00,0.00,251,12.85,3.48,0.00,-0.6,4.998,4.998,4.998,4.998,123
2022-03-06 23:49:22,0.0,0.0,0,0.0,0.0,0,0.0,0.0,0,408071.00,0.00,0.00,306,12.85,4.26,0.00,-0.6,4.998,4.998,4.998,4.998,151
2022-03-06 23:50:22,0.0,0.0,0,0.0,0.0,0,0.0,0.0,0,408071.00,0.00,0.00,304,12.81,4.22,0.00,-0.6,4.998,4.998,4.998,4.998,196
2022-03-06 23:51:22,0.0,0.0,0,0.0,0.0,0,0.0,0.0,0,408071.00,0.00,0.00,279,12.81,3.88,0.00,-1.1,4.998,4.998,4.998,4.998,3
2022-03-06 23:52:22,0.0,0.0,0,0.0,0.0,0,0.0,0.0,0,408071.00,0.00,0.00,256,12.81,3.55,0.00,-0.2,4.998,4.998,4.998,4.998,20
2022-03-06 23:53:22,0.0,0.0,0,0.0,0.0,0,0.0,0.0,0,408071.00,0.00,0.00,282,12.85,3.92,0.00,-0.6,4.998,4.998,4.998,4.998,43
2022-03-06 23:54:22,0.0,0.0,0,0.0,0.0,0,0.0,0.0,0,408071.00,0.00,0.00,270,12.85,3.75,0.00,-0.6,4.998,4.998,4.998,4.998,53
2022-03-06 23:55:22,0.0,0.0,0,0.0,0.0,0,0.0,0.0,0,408071.00,0.00,0.00,235,12.81,3.27,0.00,-0.2,4.998,4.998,4.998,4.998,25
2022-03-06 23:56:22,0.0,0.0,0,0.0,0.0,0,0.0,0.0,0,408071.00,0.00,0.00,290,12.81,4.03,0.00,-0.6,4.998,4.998,4.998,4.998,133
2022-03-06 23:57:22,0.0,0.0,0,0.0,0.0,0,0.0,0.0,0,408071.00,0.00,0.00,252,12.81,3.50,0.00,-0.6,4.998,4.998,4.998,4.998,169
2022-03-06 23:58:22,0.0,0.0,0,0.0,0.0,0,0.0,0.0,0,408071.00,0.00,0.00,291,12.85,4.05,0.00,-0.6,4.998,4.998,4.998,4.998,123
2022-03-06 23:59:22,0.0,0.0,0,0.0,0.0,0,0.0,0.0,0,408071.00,0.00,0.00,269,12.81,3.74,0.00,-0.6,4.998,4.998,4.998,4.998,18
