2022-01-06 00:00:22,6.0,7.6,320,0.0,0.0,0,0.0,0.0,0,320.00,0.00,0.00,14,12.89,0.20,0.00,-8.9,4.998,4.998,4.998,4.998,93
2022-01-06 00:01:22,5.0,6.3,307,0.0,0.0,0,0.0,0.0,0,627.00,0.00,0.00,29,12.89,0.41,0.00,-8.9,4.998,4.998,4.998,4.998,45
2022-01-06 00:02:22,3.9,5.5,231,0.0,0.0,0,0.0,0.0,0,858.00,0.00,0.00,29,12.89,0.40,0.00,-8.9,4.998,4.998,4.998,4.998,68
2022-01-06 00:03:22,2.8,4.1,134,0.0,0.0,0,0.0,0.0,0,992.00,0.00,0.00,29,12.89,0.41,0.00,-8.9,4.998,4.998,4.998,4.998,82
2022-01-06 00:04:22,1.8,5.0,181,0.0,0.0,0,0.0,0.0,0,1173.00,0.00,0.00,8,12.89,0.12,0.00,-8.9,4.998,4.998,4.998,4.998,31
2022-01-06 00:05:22,4.0,5.2,217,0.0,0.0,0,0.0,0.0,0,1390.00,0.00,0.00,31,12.89,0.44,0.00,-8.9,4.998,4.998,4.998,4.998,177
2022-01-06 00:06:22,2.0,5.0,181,0.0,0.0,0,0.0,0.0,0,1571.00,0.00,0.00,31,12.89,0.43,0.00,-8.9,4.998,4.998,4.998,4.998,255
2022-01-06 00:07:22,2.4,3.6,149,0.0,0.0,0,0.0,0.0,0,1720.00,0.00,0.00,30,12.89,0.42,0.00,-8.9,4.998,4.998,4.998,4.998,191
2022-01-06 00:08:22,4.3,5.4,243,0.0,0.0,0,0.0,0.0,0,1963.00,0.00,0.00,30,12.89,0.42,0.00,-8.9,4.998,4.998,4.998,4.998,193
2022-01-06 00:09:22,2.9,4.5,187,0.0,0.0,0,0.0,0.0,0,2150.00,0.00,0.00,30,12.89,0.42,0.00,-8.9,4.998,4.998,4.998,4.998,189
2022-01-06 00:10:22,3.3,4.7,159,0.0,0.0,0,0.0,0.0,0,2309.00,0.00,0.00,9,12.89,0.13,0.00,-8.9,4.998,4.998,4.998,4.998,251
2022-01-06 00:11:22,4.0,4.5,198,0.0,0.0,0,0.0,0.0,0,2507.00,0.00,0.00,8,12.89,0.11,0.00,-8.9,4.998,4.998,4.998,4.998,189
2022-01-06 00:12:22,1.2,4.0,121,0.0,0.0,0,0.0,0.0,0,2628.00,0.00,0.00,8,12.89,0.11,0.00,-9.4,4.998,4.998,4.998,4.998,218
2022-01-06 00:13:22,2.2,2.4,11,0.0,0.0,0,0.0,0.0,0,2639.00,0.00,0.00,8,12.89,0.11,0.00,-9.4,4.998,4.998,4.998,4.998,255
2022-01-06 00:14:22,2.4,3.6,132,0.0,0.0,0,0.0,0.0,0,2771.00,0.00,0.00,9,12.89,0.13,0.00,-8.9,4.998,4.998,4.998,4.998,225
2022-01-06 00:15:22,2.0,2.6,97,0.0,0.0,0,0.0,0.0,0,2868.00,0.00,0.00,9,12.89,0.13,0.00,-8.9,4.998,4.998,4.998,4.998,155
2022-01-06 00:16:22,4.1,4.5,172,0.0,0.0,0,0.0,0.0,0,3040.00,0.00,0.00,9,12.89,0.13,0.00,-8.9,4.998,4.998,4.998,4.998,18
2022-01-06 00:17:22,2.8,4.3,173,0.0,0.0,0,0.0,0.0,0,3213.00,0.00,0.00,9,12.89,0.12,0.00,-8.9,4.998,4.998,4.998,4.998,166
2022-01-06 00:18:22,3.2,3.7,151,0.0,0.0,0,0.0,0.0,0,3364.00,0.00,0.00,9,12.89,0.13,0.00,-8.9,4.998,4.998,4.998,4.998,112
2022-01-06 00:19:22,1.5,3.7,116,0.0,0.0,0,0.0,0.0,0,3480.00,0.00,0.00,9,12.89,0.13,0.00,-8.9,4.998,4.998,4.998,4.998,199
2022-01-06 00:20:22,0.0,0.0,0,0.0,0.0,0,0.0,0.0,0,3480.00,0.00,0.00,9,12.89,0.13,0.00,-8.9,4.998,4.998,4.998,4.998,91
2022-01-06 00:21:22,0.0,0.0,0,0.0,0.0,0,0.0,0.0,0,3480.00,0.00,0.00,9,12.89,0.13,0.00,-8.9,4.998,4.998,4.998,4.998,6
2022-01-06 00:22:22,1.7,2.0,39,0.0,0.0,0,0.0,0.0,0,3519.00,0.00,0.00,9,12.89,0.13,0.00,-8.9,4.998,4.998,4.998,4.998,6
2022-01-06 00:23:22,2.6,2.7,93,0.0,0.0,0,0.0,0.0,0,3612.00,0.00,0.00,9,12.89,0.13,0.00,-8.9,4.998,4.998,4.998,4.998,202
2022-01-06 00:24:22,3.8,4.1,181,0.0,0.0,0,0.0,0.0,0,3793.00,0.00,0.00,9,12.89,0.13,0.00,-8.9,4.998,4.998,4.998,4.998,174
2022-01-06 00:25:22,2.8,4.2,190,0.0,0.0,0,0.0,0.0,0,3983.00,0.00,0.00,9,12.89,0.13,0.00,-8.9,4.998,4.998,4.998,4.998,62
2022-01-06 00:26:22,3.0,3.8,153,0.0,0.0,0,0.0,0.0,0,4136.00,0.00,0.00,9,12.89,0.13,0.00,-8.9,4.998,4.998,4.998,4.998,131
2022-01-06 00:27:22,2.1,3.1,100,0.0,0.0,0,0.0,0.0,0,4236.00,0.00,0.00,9,12.89,0.13,0.00,-8.9,4.998,4.998,4.998,4.998,36
2022-01-06 00:28:22,1.9,3.2,110,0.0,0.0,0,0.0,0.0,0,4346.00,0.00,0.00,9,12.89,0.13,0.00,-8.9,4.998,4.998,4.998,4.998,225
2022-01-06 00:29:22,1.8,2.3,83,0.0,0.0,0,0.0,0.0,0,4429.00,0.00,0.00,9,12.89,0.13,0.00,-8.9,4.998,4.998,4.998,4.998,71
2022-01-06 00:30:22,1.9,2.7,96,0.0,0.0,0,0.0,0.0,0,4525.00,0.00,0.00,9,12.89,0.13,0.00,-9.4,4.998,4.998,4.998,4.998,236
2022-01-06 00:31:22,2.3,2.9,122,0.0,0.0,0,0.0,0.0,0,4647.00,0.00,0.00,9,12.89,0.13,0.00,-8.9,4.998,4.998,4.998,4.998,211
2022-01-06 00:32:22,3.0,3.2,120,0.0,0.0,0,0.0,0.0,0,4767.00,0.00,0.00,9,12.89,0.13,0.00,-8.9,4.998,4.998,4.998,4.998,181
2022-01-06 00:33:22,2.5,3.6,140,0.0,0.0,0,0.0,0.0,0,4907.00,0.00,0.00,9,12.89,0.13,0.00,-8.9,4.998,4.998,4.998,4.998,91
2022-01-06 00:34:22,2.2,2.5,104,0.0,0.0,0,0.0,0.0,0,5011.00,0.00,0.00,9,12.89,0.13,0.00,-8.9,4.998,4.998,4.998,4.998,68
2022-01-06 00:35:22,2.8,2.9,116,0.0,0.0,0,0.0,0.0,0,5127.00,0.00,0.00,9,12.89,0.13,0.00,-8.9,4.998,4.998,4.998,4.998,204
2022-01-06 00:36:22,3.1,3.8,175,0.0,0.0,0,0.0,0.0,0,5302.00,0.00,0.00,9,12.89,0.13,0.00,-8.9,4.998,4.998,4.998,4.998,241
2022-01-06 00:37:22,1.9,3.5,133,0.0,0.0,0,0.0,0.0,0,5435.00,0.00,0.00,9,12.89,0.13,0.00,-8.9,4.998,4.998,4.998,4.998,222
2022-01-06 00:38:22,1.8,2.1,79,0.0,0.0,0,0.0,0.0,0,5514.00,0.00,0.00,9,12.89,0.13,0.00,-8.9,4.998,4.998,4.998,4.998,39
2022-01-06 00:39:22,1.7,2.9,111,0.0,0.0,0,0.0,0.0,0,5625.00,0.00,0.00,9,12.85,0.13,0.00,-8.9,4.998,4.998,4.998,4.998,220
2022-01-06 00:40:22,2.0,2.6,86,0.0,0.0,0,0.0,0.0,0,5711.00,0.00,0.00,9,12.89,0.13,0.00,-8.9,4.998,4.998,4.998,4.998,254
2022-01-06 00:41:22,1.3,2.6,79,0.0,0.0,0,0.0,0.0,0,5790.00,0.00,0.00,9,12.89,0.13,0.00,-8.9,4.998,4.998,4.998,4.998,96
2022-01-06 00:42:22,2.5,2.6,79,0.0,0.0,0,0.0,0.0,0,5869.00,0.00,0.00,9,12.89,0.13,0.00,-8.9,4.998,4.998,4.998,4.998,243
2022-01-06 00:43:22,1.3,2.9,89,0.0,0.0,0,0.0,0.0,0,5958.00,0.00,0.00,9,12.89,0.13,0.00,-8.9,4.998,4.998,4.998,4.998,41
2022-01-06 00:44:22,1.9,2.4,77,0.0,0.0,0,0.0,0.0,0,6035.00,0.00,0.00,9,12.89,0.13,0.00,-8.5,4.998,4.998,4.998,4.998,19
2022-01-06 00:45:22,0.0,1.9,33,0.0,0.0,0,0.0,0.0,0,6068.00,0.00,0.00,9,12.89,0.13,0.00,-8.9,4.998,4.998,4.998,4.998,171
2022-01-06 00:46:22,0.0,0.0,0,0.0,0.0,0,0.0,0.0,0,6068.00,0.00,0.00,9,12.89,0.13,0.00,-8.9,4.998,4.998,4.998,4.998,132
2022-01-06 00:47:22,0.0,0.0,1,0.0,0.0,0,0.0,0.0,0,6069.00,0.00,0.00,9,12.89,0.13,0.00,-8.5,4.998,4.998,4.998,4.998,104
2022-01-06 00:48:22,1.4,2.1,70,0.0,0.0,0,0.0,0.0,0,6139.00,0.00,0.00,9,12.89,0.13,0.00,-8.5,4.998,4.998,4.998,4.998,212
2022-01-06 00:49:22,0.0,2.2,66,0.0,0.0,0,0.0,0.0,0,6205.00,0.00,0.00,9,12.89,0.13,0.00,-8.9,4.998,4.998,4.998,4.998,39
2022-01-06 00:50:22,2.5,2.8,92,0.0,0.0,0,0.0,0.0,0,6297.00,0.00,0.00,9,12.89,0.13,0.00,-8.5,4.998,4.998,4.998,4.998,245
2022-01-06 00:51:22,2.5,3.1,125,0.0,0.0,0,0.0,0.0,0,6422.00,0.00,0.00,9,12.89,0.13,0.00,-8.9,4.998,4.998,4.998,4.998,183
2022-01-06 00:52:22,1.6,3.4,140,0.0,0.0,0,0.0,0.0,0,6562.00,0.00,0.00,9,12.85,0.13,0.00,-8.9,4.998,4.998,4.998,4.998,101
2022-01-06 00:53:22,3.0,3.1,88,0.0,0.0,0,0.0,0.0,0,6650.00,0.00,0.00,9,12.89,0.13,0.00,-8.9,4.998,4.998,4.998,4.998,196
2022-01-06 00:54:22,2.7,3.3,121,0.0,0.0,0,0.0,0.0,0,6771.00,0.00,0.00,9,12.89,0.13,0.00,-8.5,4.998,4.998,4.998,4.998,50
2022-01-06 00:55:22,3.2,3.5,154,0.0,0.0,0,0.0,0.0,0,6925.00,0.00,0.00,9,12.89,0.13,0.00,-8.9,4.998,4.998,4.998,4.998,48
2022-01-06 00:56:22,1.3,3.2,111,0.0,0.0,0,0.0,0.0,0,7036.00,0.00,0.00,9,12.89,0.13,0.00,-8.9,4.998,4.998,4.998,4.998,252
2022-01-06 00:57:22,2.6,3.1,100,0.0,0.0,0,0.0,0.0,0,7136.00,0.00,0.00,9,12.89,0.13,0.00,-8.9,4.998,4.998,4.998,4.998,12
2022-01-06 00:58:22,2.1,2.7,95,0.0,0.0,0,0.0,0.0,0,7231.00,0.00,0.00,9,12.89,0.13,0.00,-8.9,4.998,4.998,4.998,4.998,27
2022-01-06 00:59:22,2.0,2.4,95,0.0,0.0,0,0.0,0.0,0,7326.00,0.00,0.00,9,12.89,0.13,0.00,-8.9,4.998,4.998,4.998,4.998,179
2022-01-06 01:00:22,3.3,3.4,141,0.0,0.0,0,0.0,0.0,0,7467.00,0.00,0.00,9,12.89,0.13,0.00,-9.4,4.998,4.998,4.998,4.998,12
2022-01-06 01:01:22,2.8,3.8,167,0.0,0.0,0,0.0,0.0,0,7634.00,0.00,0.00,9,12.89,0.13,0.00,-8.9,4.998,4.998,4.998,4.998,55
2022-01-06 01:02:22,3.4,3.9,166,0.0,0.0,0,0.0,0.0,0,7800.00,0.00,0.00,9,12.89,0.13,0.00,-8.9,4.998,4.998,4.998,4.998,33
2022-01-06 01:03:22,2.8,3.9,179,0.0,0.0,0,0.0,0.0,0,7979.00,0.00,0.00,9,12.89,0.13,0.00,-8.9,4.998,4.998,4.998,4.998,109
2022-01-06 01:04:22,2.6,2.8,123,0.0,0.0,0,0.0,0.0,0,8102.00,0.00,0.00,9,12.89,0.13,0.00,-8.9,4.998,4.998,4.998,4.998,238
2022-01-06 01:05:22,3.0,3.1,105,0.0,0.0,0,0.0,0.0,0,8207.00,0.00,0.00,9,12.85,0.13,0.00,-8.9,4.998,4.998,4.998,4.998,170
2022-01-06 01:06:22,2.6,4.0,174,0.0,0.0,0,0.0,0.0,0,8381.00,0.00,0.00,9,12.89,0.13,0.00,-8.9,4.998,4.998,4.998,4.998,251
2022-01-06 01:07:22,2.8,3.8,155,0.0,0.0,0,0.0,0.0,0,8536.00,0.00,0.00,9,12.85,0.13,0.00,-8.9,4.998,4.998,4.998,4.998,26
2022-01-06 01:08:22,3.0,4.3,200,0.0,0.0,0,0.0,0.0,0,8736.00,0.00,0.00,9,12.89,0.13,0.00,-8.9,4.998,4.998,4.998,4.998,221
2022-01-06 01:09:22,4.2,4.8,186,0.0,0.0,0,0.0,0.0,0,8922.00,0.00,0.00,9,12.89,0.13,0.00,-8.9,4.998,4.998,4.998,4.998,252
2022-01-06 01:10:22,3.6,4.5,212,0.0,0.0,0,0.0,0.0,0,9134.00,0.00,0.00,9,12.85,0.13,0.00,-8.9,4.998,4.998,4.998,4.998,102
2022-01-06 01:11:22,3.6,3.8,178,0.0,0.0,0,0.0,0.0,0,9312.00,0.00,0.00,9,12.89,0.13,0.00,-8.9,4.998,4.998,4.998,4.998,155
2022-01-06 01:12:22,4.1,4.7,218,0.0,0.0,0,0.0,0.0,0,9530.00,0.00,0.00,9,12.89,0.13,0.00,-8.9,4.998,4.998,4.998,4.998,123
2022-01-06 01:13:22,3.3,4.9,204,0.0,0.0,0,0.0,0.0,0,9734.00,0.00,0.00,9,12.89,0.13,0.00,-8.9,4.998,4.998,4.998,4.998,52
2022-01-06 01:14:22,4.7,4.9,225,0.0,0.0,0,0.0,0.0,0,9959.00,0.00,0.00,9,12.89,0.13,0.00,-8.9,4.998,4.998,4.998,4.998,18
2022-01-06 01:15:22,5.1,5.7,285,0.0,0.0,0,0.0,0.0,0,10244.00,0.00,0.00,10,12.89,0.14,0.00,-8.9,4.998,4.998,4.998,4.998,221
2022-01-06 01:16:22,4.4,5.5,274,0.0,0.0,0,0.0,0.0,0,10518.00,0.00,0.00,9,12.85,0.13,0.00,-8.9,4.998,4.998,4.998,4.998,235
2022-01-06 01:17:22,4.1,5.5,264,0.0,0.0,0,0.0,0.0,0,10782.00,0.00,0.00,9,12.89,0.13,0.00,-8.5,4.998,4.998,4.998,4.998,247
2022-01-06 01:18:22,4.0,4.7,214,0.0,0.0,0,0.0,0.0,0,10996.00,0.00,0.00,9,12.85,0.13,0.00,-8.9,4.998,4.998,4.998,4.998,5
2022-01-06 01:19:22,2.0,5.0,209,0.0,0.0,0,0.0,0.0,0,11205.00,0.00,0.00,9,12.89,0.13,0.00,-8.9,4.998,4.998,4.998,4.998,229
2022-01-06 01:20:22,4.4,4.7,191,0.0,0.0,0,0.0,0.0,0,11396.00,0.00,0.00,9,12.89,0.13,0.00,-8.9,4.998,4.998,4.998,4.998,195
2022-01-06 01:21:22,3.6,5.0,237,0.0,0.0,0,0.0,0.0,0,11633.00,0.00,0.00,9,12.89,0.13,0.00,-8.9,4.998,4.998,4.998,4.998,151
2022-01-06 01:22:22,3.7,3.7,141,0.0,0.0,0,0.0,0.0,0,11774.00,0.00,0.00,9,12.89,0.13,0.00,-8.5,4.998,4.998,4.998,4.998,173
2022-01-06 01:23:22,2.0,4.3,170,0.0,0.0,0,0.0,0.0,0,11944.00,0.00,0.00,9,12.89,0.13,0.00,-8.9,4.998,4.998,4.998,4.998,132
2022-01-06 01:24:22,4.0,4.2,116,0.0,0.0,0,0.0,0.0,0,12060.00,0.00,0.00,9,12.89,0.13,0.00,-8.9,4.998,4.998,4.998,4.998,154
2022-01-06 01:25:22,1.4,4.5,129,0.0,0.0,0,0.0,0.0,0,12189.00,0.00,0.00,9,12.89,0.12,0.00,-9.4,4.998,4.998,4.998,4.998,166
2022-01-06 01:26:22,3.0,3.6,84,0.0,0.0,0,0.0,0.0,0,12273.00,0.00,0.00,9,12.89,0.12,0.00,-8.9,4.998,4.998,4.998,4.998,121
2022-01-06 01:27:22,2.7,3.2,112,0.0,0.0,0,0.0,0.0,0,12385.00,0.00,0.00,9,12.89,0.13,0.00,-8.9,4.998,4.998,4.998,4.998,113
2022-01-06 01:28:22,3.3,3.4,122,0.0,0.0,0,0.0,0.0,0,12507.00,0.00,0.00,9,12.85,0.13,0.00,-8.9,4.998,4.998,4.998,4.998,129
2022-01-06 01:29:22,0.0,3.9,122,0.0,0.0,0,0.0,0.0,0,12629.00,0.00,0.00,9,12.85,0.13,0.00,-8.9,4.998,4.998,4.998,4.998,53
2022-01-06 01:30:22,2.1,2.2,7,0.0,0.0,0,0.0,0.0,0,12636.00,0.00,0.00,9,12.89,0.13,0.00,-8.5,4.998,4.998,4.998,4.998,29
2022-01-06 01:31:22,2.3,3.7,118,0.0,0.0,0,0.0,0.0,0,12754.00,0.00,0.00,9,12.89,0.12,0.00,-8.9,4.998,4.998,4.998,4.998,163
2022-01-06 01:32:22,2.0,2.9,98,0.0,0.0,0,0.0,0.0,0,12852.00,0.00,0.00,9,12.85,0.12,0.00,-8.9,4.998,4.998,4.998,4.998,126
2022-01-06 01:33:22,0.9,2.5,66,0.0,0.0,0,0.0,0.0,0,12918.00,0.00,0.00,9,12.89,0.12,0.00,-8.9,4.998,4.998,4.998,4.998,128
2022-01-06 01:34:22,1.7,2.3,69,0.0,0.0,0,0.0,0.0,0,12987.00,0.00,0.00,9,12.89,0.12,0.00,-8.9,4.998,4.998,4.998,4.998,225
2022-01-06 01:35:22,3.0,3.0,94,0.0,0.0,0,0.0,0.0,0,13081.00,0.00,0.00,9,12.89,0.12,0.00,-8.9,4.998,4.998,4.998,4.998,17
2022-01-06 01:36:22,0.0,3.6,80,0.0,0.0,0,0.0,0.0,0,13161.00,0.00,0.00,9,12.89,0.12,0.00,-8.9,4.998,4.998,4.998,4.998,92
2022-01-06 01:37:22,1.3,3.2,101,0.0,0.0,0,0.0,0.0,0,13262.00,0.00,0.00,9,12.89,0.12,0.00,-8.9,4.998,4.998,4.998,4.998,163
2022-01-06 01:38:22,1.4,3.3,90,0.0,0.0,0,0.0,0.0,0,13352.00,0.00,0.00,9,12.89,0.12,0.00,-8.9,4.998,4.998,4.998,4.998,218
2022-01-06 01:39:22,2.1,2.6,88,0.0,0.0,0,0.0,0.0,0,13440.00,0.00,0.00,9,12.85,0.12,0.00,-8.9,4.998,4.998,4.998,4.998,33
2022-01-06 01:40:22,1.8,2.2,57,0.0,0.0,0,0.0,0.0,0,13497.00,0.00,0.00,9,12.85,0.12,0.00,-8.9,4.998,4.998,4.998,4.998,115
2022-01-06 01:41:22,1.3,2.6,71,0.0,0.0,0,0.0,0.0,0,13568.00,0.00,0.00,9,12.85,0.12,0.00,-8.9,4.998,4.998,4.998,4.998,195
2022-01-06 01:42:22,0.0,0.0,0,0.0,0.0,0,0.0,0.0,0,13568.00,0.00,0.00,9,12.85,0.12,0.00,-8.5,4.998,4.998,4.998,4.998,240
2022-01-06 01:43:22,0.9,3.1,75,0.0,0.0,0,0.0,0.0,0,13643.00,0.00,0.00,9,12.85,0.12,0.00,-8.9,4.998,4.998,4.998,4.998,55
2022-01-06 01:44:22,0.0,0.0,1,0.0,0.0,0,0.0,0.0,0,13644.00,0.00,0.00,9,12.85,0.12,0.00,-8.9,4.998,4.998,4.998,4.998,216
2022-01-06 01:45:22,1.1,2.3,73,0.0,0.0,0,0.0,0.0,0,13717.00,0.00,0.00,9,12.89,0.12,0.00,-8.9,4.998,4.998,4.998,4.998,25
2022-01-06 01:46:22,2.2,3.0,75,0.0,0.0,0,0.0,0.0,0,13792.00,0.00,0.00,9,12.89,0.12,0.00,-8.5,4.998,4.998,4.998,4.998,167
2022-01-06 01:47:22,0.0,2.2,44,0.0,0.0,0,0.0,0.0,0,13836.00,0.00,0.00,9,12.85,0.12,0.00,-8.9,4.998,4.998,4.998,4.998,252
2022-01-06 01:48:22,1.1,2.9,73,0.0,0.0,0,0.0,0.0,0,13909.00,0.00,0.00,9,12.89,0.12,0.00,-8.9,4.998,4.998,4.998,4.998,203
2022-01-06 01:49:22,1.9,2.4,64,0.0,0.0,0,0.0,0.0,0,13973.00,0.00,0.00,9,12.85,0.12,0.00,-8.9,4.998,4.998,4.998,4.998,44
2022-01-06 01:50:22,2.6,2.9,105,0.0,0.0,0,0.0,0.0,0,14078.00,0.00,0.00,9,12.85,0.12,0.00,-8.9,4.998,4.998,4.998,4.998,76
2022-01-06 01:51:22,1.9,3.0,92,0.0,0.0,0,0.0,0.0,0,14170.00,0.00,0.00,9,12.89,0.12,0.00,-8.5,4.998,4.998,4.998,4.998,2
2022-01-06 01:52:22,0.0,2.0,22,0.0,0.0,0,0.0,0.0,0,14192.00,0.00,0.00,9,12.85,0.12,0.00,-8.9,4.998,4.998,4.998,4.998,5
2022-01-06 01:53:22,3.4,3.7,68,0.0,0.0,0,0.0,0.0,0,14260.00,0.00,0.00,9,12.85,0.12,0.00,-8.9,4.998,4.998,4.998,4.998,15
2022-01-06 01:54:22,2.2,3.8,138,0.0,0.0,0,0.0,0.0,0,14398.00,0.00,0.00,9,12.85,0.12,0.00,-8.9,4.998,4.998,4.998,4.998,131
2022-01-06 01:55:22,2.2,3.3,125,0.0,0.0,0,0.0,0.0,0,14523.00,0.00,0.00,9,12.85,0.12,0.00,-8.9,4.998,4.998,4.998,4.998,218
2022-01-06 01:56:22,0.0,2.1,53,0.0,0.0,0,0.0,0.0,0,14576.00,0.00,0.00,9,12.89,0.12,0.00,-8.9,4.998,4.998,4.998,4.998,134
2022-01-06 01:57:22,2.9,3.0,33,0.0,0.0,0,0.0,0.0,0,14609.00,0.00,0.00,9,12.89,0.13,0.00,-8.9,4.998,4.998,4.998,4.998,118
2022-01-06 01:58:22,3.0,3.2,131,0.0,0.0,0,0.0,0.0,0,14740.00,0.00,0.00,9,12.89,0.12,0.00,-8.9,4.998,4.998,4.998,4.998,204
2022-01-06 01:59:22,3.0,3.2,121,0.0,0.0,0,0.0,0.0,0,14861.00,0.00,0.00,9,12.85,0.12,0.00,-8.9,4.998,4.998,4.998,4.998,123
2022-01-06 02:00:22,2.6,4.6,164,0.0,0.0,0,0.0,0.0,0,15025.00,0.00,0.00,9,12.85,0.12,0.00,-8.9,4.998,4.998,4.998,4.998,225
2022-01-06 02:01:22,3.2,4.2,181,0.0,0.0,0,0.0,0.0,0,15206.00,0.00,0.00,9,12.85,0.12,0.00,-8.5,4.998,4.998,4.998,4.998,19
2022-01-06 02:02:22,2.9,4.3,173,0.0,0.0,0,0.0,0.0,0,15379.00,0.00,0.00,9,12.85,0.12,0.00,-8.5,4.998,4.998,4.998,4.998,211
2022-01-06 02:03:22,3.6,4.0,165,0.0,0.0,0,0.0,0.0,0,15544.00,0.00,0.00,9,12.89,0.12,0.00,-8.5,4.998,4.998,4.998,4.998,110
2022-01-06 02:04:22,3.0,5.0,208,0.0,0.0,0,0.0,0.0,0,15752.00,0.00,0.00,9,12.89,0.12,0.00,-8.9,4.998,4.998,4.998,4.998,212
2022-01-06 02:05:22,3.0,3.8,185,0.0,0.0,0,0.0,0.0,0,15937.00,0.00,0.00,9,12.85,0.12,0.00,-8.9,4.998,4.998,4.998,4.998,8
2022-01-06 02:06:22,4.1,4.3,174,0.0,0.0,0,0.0,0.0,0,16111.00,0.00,0.00,9,12.85,0.13,0.00,-8.5,4.998,4.998,4.998,4.998,7
2022-01-06 02:07:22,2.8,4.1,199,0.0,0.0,0,0.0,0.0,0,16310.00,0.00,0.00,9,12.85,0.13,0.00,-8.9,4.998,4.998,4.998,4.998,73
2022-01-06 02:08:22,3.4,4.3,167,0.0,0.0,0,0.0,0.0,0,16477.00,0.00,0.00,9,12.89,0.13,0.00,-8.9,4.998,4.998,4.998,4.998,169
2022-01-06 02:09:22,2.6,4.5,167,0.0,0.0,0,0.0,0.0,0,16644.00,0.00,0.00,9,12.89,0.12,0.00,-8.5,4.998,4.998,4.998,4.998,213
2022-01-06 02:10:22,3.4,4.7,213,0.0,0.0,0,0.0,0.0,0,16857.00,0.00,0.00,9,12.85,0.12,0.00,-8.9,4.998,4.998,4.998,4.998,188
2022-01-06 02:11:22,1.4,4.3,148,0.0,0.0,0,0.0,0.0,0,17005.00,0.00,0.00,9,12.85,0.12,0.00,-8.5,4.998,4.998,4.998,4.998,51
2022-01-06 02:12:22,1.8,2.5,87,0.0,0.0,0,0.0,0.0,0,17092.00,0.00,0.00,9,12.85,0.12,0.00,-8.9,4.998,4.998,4.998,4.998,80
2022-01-06 02:13:22,2.9,4.6,136,0.0,0.0,0,0.0,0.0,0,17228.00,0.00,0.00,358,12.85,4.98,0.00,-8.9,4.998,4.998,4.998,4.998,222
2022-01-06 02:14:22,1.4,4.5,158,0.0,0.0,0,0.0,0.0,0,17386.00,0.00,0.00,359,12.85,4.99,0.00,-8.9,4.998,4.998,4.998,4.998,4
2022-01-06 02:15:22,2.9,3.4,127,0.0,0.0,0,0.0,0.0,0,17513.00,0.00,0.00,359,12.85,4.99,0.00,-8.5,4.998,4.998,4.998,4.998,24
2022-01-06 02:16:22,1.2,3.0,99,0.0,0.0,0,0.0,0.0,0,17612.00,0.00,0.00,359,12.85,4.99,0.00,-8.9,4.998,4.998,4.998,4.998,71
2022-01-06 02:17:22,2.4,2.9,33,0.0,0.0,0,0.0,0.0,0,17645.00,0.00,0.00,359,12.89,4.99,0.00,-9.4,4.998,4.998,4.998,4.998,148
2022-01-06 02:18:22,2.0,3.6,127,0.0,0.0,0,0.0,0.0,0,17772.00,0.00,0.00,359,12.85,4.99,0.00,-8.5,4.998,4.998,4.998,4.998,153
2022-01-06 02:19:22,3.9,4.3,147,0.0,0.0,0,0.0,0.0,0,17919.00,0.00,0.00,359,12.85,4.99,0.00,-8.9,4.998,4.998,4.998,4.998,151
2022-01-06 02:20:22,4.6,5.0,236,0.0,0.0,0,0.0,0.0,0,18155.00,0.00,0.00,359,12.85,4.99,0.00,-8.9,4.998,4.998,4.998,4.998,211
2022-01-06 02:21:22,2.3,4.6,177,0.0,0.0,0,0.0,0.0,0,18332.00,0.00,0.00,359,12.85,4.99,0.00,-8.5,4.998,4.998,4.998,4.998,93
2022-01-06 02:22:22,3.5,4.2,120,0.0,0.0,0,0.0,0.0,0,18452.00,0.00,0.00,359,12.85,4.99,0.00,-8.9,4.998,4.998,4.998,4.998,47
2022-01-06 02:23:22,3.3,3.7,141,0.0,0.0,0,0.0,0.0,0,18593.00,0.00,0.00,359,12.85,4.99,0.00,-8.9,4.998,4.998,4.998,4.998,33
2022-01-06 02:24:22,1.7,3.3,122,0.0,0.0,0,0.0,0.0,0,18715.00,0.00,0.00,359,12.85,4.99,0.00,-8.9,4.998,4.998,4.998,4.998,129
2022-01-06 02:25:22,2.1,3.6,124,0.0,0.0,0,0.0,0.0,0,18839.00,0.00,0.00,359,12.85,4.99,0.00,-8.9,4.998,4.998,4.998,4.998,147
2022-01-06 02:26:22,1.7,2.8,106,0.0,0.0,0,0.0,0.0,0,18945.00,0.00,0.00,359,12.85,4.99,0.00,-8.5,4.998,4.998,4.998,4.998,63
2022-01-06 02:27:22,0.0,1.7,20,0.0,0.0,0,0.0,0.0,0,18965.00,0.00,0.00,359,12.85,4.99,0.00,-8.9,4.998,4.998,4.998,4.998,102
2022-01-06 02:28:22,3.1,3.3,99,0.0,0.0,0,0.0,0.0,0,19064.00,0.00,0.00,359,12.89,4.99,0.00,-8.9,4.998,4.998,4.998,4.998,144
2022-01-06 02:29:22,3.7,4.2,168,0.0,0.0,0,0.0,0.0,0,19232.00,0.00,0.00,7,12.85,0.09,0.00,-8.5,4.998,4.998,4.998,4.998,120
2022-01-06 02:30:22,2.3,3.8,152,0.0,0.0,0,0.0,0.0,0,19384.00,0.00,0.00,6,12.85,0.09,0.00,-8.9,4.998,4.998,4.998,4.998,194
2022-01-06 02:31:22,2.2,2.6,104,0.0,0.0,0,0.0,0.0,0,19488.00,0.00,0.00,7,12.89,0.09,0.00,-8.5,4.998,4.998,4.998,4.998,162
2022-01-06 02:32:22,3.4,4.3,184,0.0,0.0,0,0.0,0.0,0,19672.00,0.00,0.00,7,12.85,0.09,0.00,-9.4,4.998,4.998,4.998,4.998,159
2022-01-06 02:33:22,1.0,3.6,117,0.0,0.0,0,0.0,0.0,0,19789.00,0.00,0.00,7,12.85,0.09,0.00,-8.9,4.998,4.998,4.998,4.998,45
2022-01-06 02:34:22,1.8,1.9,49,0.0,0.0,0,0.0,0.0,0,19838.00,0.00,0.00,7,12.85,0.09,0.00,-8.9,4.998,4.998,4.998,4.998,128
2022-01-06 02:35:22,2.2,3.5,143,0.0,0.0,0,0.0,0.0,0,19981.00,0.00,0.00,7,12.85,0.09,0.00,-8.9,4.998,4.998,4.998,4.998,172
2022-01-06 02:36:22,2.6,3.8,158,0.0,0.0,0,0.0,0.0,0,20139.00,0.00,0.00,7,12.85,0.09,0.00,-8.9,4.998,4.998,4.998,4.998,229
2022-01-06 02:37:22,2.4,3.0,129,0.0,0.0,0,0.0,0.0,0,20268.00,0.00,0.00,6,12.89,0.09,0.00,-8.9,4.998,4.998,4.998,4.998,153
2022-01-06 02:38:22,1.2,2.5,56,0.0,0.0,0,0.0,0.0,0,20324.00,0.00,0.00,6,12.89,0.09,0.00,-8.9,4.998,4.998,4.998,4.998,97
2022-01-06 02:39:22,0.0,0.0,0,0.0,0.0,0,0.0,0.0,0,20324.00,0.00,0.00,6,12.89,0.09,0.00,-8.9,4.998,4.998,4.998,4.998,82
2022-01-06 02:40:22,0.0,0.0,0,0.0,0.0,0,0.0,0.0,0,20324.00,0.00,0.00,7,12.85,0.09,0.00,-8.9,4.998,4.998,4.998,4.998,148
2022-01-06 02:41:22,1.0,1.0,2,0.0,0.0,0,0.0,0.0,0,20326.00,0.00,0.00,6,12.85,0.09,0.00,-8.9,4.998,4.998,4.998,4.998,146
2022-01-06 02:42:22,3.4,3.7,176,0.0,0.0,0,0.0,0.0,0,20502.00,0.00,0.00,7,12.85,0.09,0.00,-9.4,4.998,4.998,4.998,4.998,100
2022-01-06 02:43:22,3.1,3.6,148,0.0,0.0,0,0.0,0.0,0,20650.00,0.00,0.00,7,12.89,0.09,0.00,-8.9,4.998,4.998,4.998,4.998,182
2022-01-06 02:44:22,2.7,3.2,142,0.0,0.0,0,0.0,0.0,0,20792.00,0.00,0.00,7,12.85,0.09,0.00,-8.5,4.998,4.998,4.998,4.998,228
2022-01-06 02:45:22,3.7,3.9,175,0.0,0.0,0,0.0,0.0,0,20967.00,0.00,0.00,6,12.85,0.09,0.00,-8.9,4.998,4.998,4.998,4.998,46
2022-01-06 02:46:22,2.9,4.0,190,0.0,0.0,0,0.0,0.0,0,21157.00,0.00,0.00,7,12.85,0.09,0.00,-8.9,4.998,4.998,4.998,4.998,55
2022-01-06 02:47:22,2.0,3.1,122,0.0,0.0,0,0.0,0.0,0,21279.00,0.00,0.00,7,12.85,0.09,0.00,-9.4,4.998,4.998,4.998,4.998,114
2022-01-06 02:48:22,2.8,3.4,115,0.0,0.0,0,0.0,0.0,0,21394.00,0.00,0.00,6,12.85,0.09,0.00,-8.9,4.998,4.998,4.998,4.998,222
2022-01-06 02:49:22,3.5,3.8,151,0.0,0.0,0,0.0,0.0,0,21545.00,0.00,0.00,7,12.85,0.09,0.00,-8.9,4.998,4.998,4.998,4.998,5
2022-01-06 02:50:22,3.1,3.9,186,0.0,0.0,0,0.0,0.0,0,21731.00,0.00,0.00,7,12.85,0.09,0.00,-8.9,4.998,4.998,4.998,4.998,54
2022-01-06 02:51:22,3.3,3.6,137,0.0,0.0,0,0.0,0.0,0,21868.00,0.00,0.00,6,12.85,0.09,0.00,-8.9,4.998,4.998,4.998,4.998,59
2022-01-06 02:52:22,3.5,3.7,171,0.0,0.0,0,0.0,0.0,0,22039.00,0.00,0.00,7,12.85,0.09,0.00,-8.9,4.998,4.998,4.998,4.998,126
2022-01-06 02:53:22,2.7,4.6,192,0.0,0.0,0,0.0,0.0,0,22231.00,0.00,0.00,7,12.85,0.09,0.00,-8.9,4.998,4.998,4.998,4.998,24
2022-01-06 02:54:22,3.4,4.0,185,0.0,0.0,0,0.0,0.0,0,22416.00,0.00,0.00,7,12.85,0.09,0.00,-8.9,4.998,4.998,4.998,4.998,51
2022-01-06 02:55:22,3.6,4.1,178,0.0,0.0,0,0.0,0.0,0,22594.00,0.00,0.00,7,12.85,0.09,0.00,-8.9,4.998,4.998,4.998,4.998,41
2022-01-06 02:56:22,2.5,3.8,154,0.0,0.0,0,0.0,0.0,0,22748.00,0.00,0.00,7,12.85,0.09,0.00,-8.9,4.998,4.998,4.998,4.998,15
2022-01-06 02:57:22,2.8,3.1,121,0.0,0.0,0,0.0,0.0,0,22869.00,0.00,0.00,7,12.85,0.09,0.00,-8.9,4.998,4.998,4.998,4.998,2
2022-01-06 02:58:22,3.3,3.8,163,0.0,0.0,0,0.0,0.0,0,23032.00,0.00,0.00,7,12.85,0.09,0.00,-8.9,4.998,4.998,4.998,4.998,3
2022-01-06 02:59:22,3.8,4.1,182,0.0,0.0,0,0.0,0.0,0,23214.00,0.00,0.00,7,12.85,0.09,0.00,-8.9,4.998,4.998,4.998,4.998,162
2022-01-06 03:00:22,2.8,4.4,183,0.0,0.0,0,0.0,0.0,0,23397.00,0.00,0.00,7,12.85,0.09,0.00,-8.9,4.998,4.998,4.998,4.998,221
2022-01-06 03:01:22,2.9,3.9,143,0.0,0.0,0,0.0,0.0,0,23540.00,0.00,0.00,6,12.85,0.08,0.00,-8.9,4.998,4.998,4.998,4.998,113
2022-01-06 03:02:22,3.1,4.7,199,0.0,0.0,0,0.0,0.0,0,23739.00,0.00,0.00,6,12.85,0.09,0.00,-8.9,4.998,4.998,4.998,4.998,144
2022-01-06 03:03:22,3.3,3.9,183,0.0,0.0,0,0.0,0.0,0,23922.00,0.00,0.00,6,12.85,0.09,0.00,-9.4,4.998,4.998,4.998,4.998,226
2022-01-06 03:04:22,3.7,4.0,166,0.0,0.0,0,0.0,0.0,0,24088.00,0.00,0.00,7,12.85,0.09,0.00,-8.9,4.998,4.998,4.998,4.998,177
2022-01-06 03:05:22,2.6,4.0,191,0.0,0.0,0,0.0,0.0,0,24279.00,0.00,0.00,7,12.85,0.09,0.00,-8.9,4.998,4.998,4.998,4.998,237
2022-01-06 03:06:22,3.1,3.7,159,0.0,0.0,0,0.0,0.0,0,24438.00,0.00,0.00,7,12.85,0.09,0.00,-8.9,4.998,4.998,4.998,4.998,182
2022-01-06 03:07:22,2.1,3.2,129,0.0,0.0,0,0.0,0.0,0,24567.00,0.00,0.00,7,12.85,0.09,0.00,-9.4,4.998,4.998,4.998,4.998,100
2022-01-06 03:08:22,2.8,4.7,161,0.0,0.0,0,0.0,0.0,0,24728.00,0.00,0.00,7,12.85,0.09,0.00,-8.9,4.998,4.998,4.998,4.998,63
2022-01-06 03:09:22,3.0,3.3,132,0.0,0.0,0,0.0,0.0,0,24860.00,0.00,0.00,7,12.85,0.09,0.00,-8.9,4.998,4.998,4.998,4.998,168
2022-01-06 03:10:22,3.2,4.0,161,0.0,0.0,0,0.0,0.0,0,25021.00,0.00,0.00,7,12.85,0.09,0.00,-9.4,4.998,4.998,4.998,4.998,34
2022-01-06 03:11:22,2.8,3.3,142,0.0,0.0,0,0.0,0.0,0,25163.00,0.00,0.00,7,12.85,0.09,0.00,-9.4,4.998,4.998,4.998,4.998,73
2022-01-06 03:12:22,3.2,3.3,126,0.0,0.0,0,0.0,0.0,0,25289.00,0.00,0.00,7,12.85,0.09,0.00,-8.9,4.998,4.998,4.998,4.998,86
2022-01-06 03:13:22,0.0,3.3,83,0.0,0.0,0,0.0,0.0,0,25372.00,0.00,0.00,6,12.85,0.09,0.00,-8.9,4.998,4.998,4.998,4.998,3
2022-01-06 03:14:22,3.3,4.2,147,0.0,0.0,0,0.0,0.0,0,25519.00,0.00,0.00,7,12.85,0.09,0.00,-8.9,4.998,4.998,4.998,4.998,137
2022-01-06 03:15:22,2.2,3.4,134,0.0,0.0,0,0.0,0.0,0,25653.00,0.00,0.00,7,12.85,0.09,0.00,-8.9,4.998,4.998,4.998,4.998,64
2022-01-06 03:16:22,0.0,2.0,24,0.0,0.0,0,0.0,0.0,0,25677.00,0.00,0.00,7,12.85,0.09,0.00,-8.9,4.998,4.998,4.998,4.998,239
2022-01-06 03:17:22,2.8,3.4,97,0.0,0.0,0,0.0,0.0,0,25774.00,0.00,0.00,7,12.85,0.09,0.00,-8.5,4.998,4.998,4.998,4.998,195
2022-01-06 03:18:22,3.1,3.4,127,0.0,0.0,0,0.0,0.0,0,25901.00,0.00,0.00,7,12.85,0.09,0.00,-8.9,4.998,4.998,4.998,4.998,140
2022-01-06 03:19:22,1.9,3.0,110,0.0,0.0,0,0.0,0.0,0,26011.00,0.00,0.00,7,12.85,0.09,0.00,-8.9,4.998,4.998,4.998,4.998,146
2022-01-06 03:20:22,2.6,3.5,150,0.0,0.0,0,0.0,0.0,0,26161.00,0.00,0.00,7,12.85,0.09,0.00,-8.9,4.998,4.998,4.998,4.998,163
2022-01-06 03:21:22,3.1,4.1,174,0.0,0.0,0,0.0,0.0,0,26335.00,0.00,0.00,7,12.85,0.09,0.00,-8.9,4.998,4.998,4.998,4.998,79
2022-01-06 03:22:22,3.0,3.3,142,0.0,0.0,0,0.0,0.0,0,26477.00,0.00,0.00,7,12.85,0.09,0.00,-8.9,4.998,4.998,4.998,4.998,128
2022-01-06 03:23:22,3.2,3.6,141,0.0,0.0,0,0.0,0.0,0,26618.00,0.00,0.00,7,12.85,0.09,0.00,-8.9,4.998,4.998,4.998,4.998,63
2022-01-06 03:24:22,2.9,4.2,153,0.0,0.0,0,0.0,0.0,0,26771.00,0.00,0.00,7,12.85,0.09,0.00,-8.9,4.998,4.998,4.998,4.998,177
2022-01-06 03:25:22,4.2,4.8,192,0.0,0.0,0,0.0,0.0,0,26963.00,0.00,0.00,6,12.85,0.09,0.00,-8.9,4.998,4.998,4.998,4.998,52
2022-01-06 03:26:22,2.5,4.0,170,0.0,0.0,0,0.0,0.0,0,27133.00,0.00,0.00,6,12.85,0.08,0.00,-8.9,4.998,4.998,4.998,4.998,142
2022-01-06 03:27:22,3.7,5.4,213,0.0,0.0,0,0.0,0.0,0,27346.00,0.00,0.00,7,12.85,0.09,0.00,-8.9,4.998,4.998,4.998,4.998,88
2022-01-06 03:28:22,3.6,5.1,167,0.0,0.0,0,0.0,0.0,0,27513.00,0.00,0.00,349,12.85,4.84,0.00,-8.9,4.998,4.998,4.998,4.998,185
2022-01-06 03:29:22,3.6,4.5,188,0.0,0.0,0,0.0,0.0,0,27701.00,0.00,0.00,2,12.85,0.02,0.00,-8.9,4.998,4.998,4.998,4.998,180
2022-01-06 03:30:22,1.9,4.2,161,0.0,0.0,0,0.0,0.0,0,27862.00,0.00,0.00,1,12.85,0.02,0.00,-9.4,4.998,4.998,4.998,4.998,163
2022-01-06 03:31:22,1.9,3.3,110,0.0,0.0,0,0.0,0.0,0,27972.00,0.00,0.00,1,12.85,0.02,0.00,-8.9,4.998,4.998,4.998,4.998,194
2022-01-06 03:32:22,2.9,3.9,154,0.0,0.0,0,0.0,0.0,0,28126.00,0.00,0.00,1,12.85,0.02,0.00,-8.9,4.998,4.998,4.998,4.998,32
2022-01-06 03:33:22,3.3,3.4,109,0.0,0.0,0,0.0,0.0,0,28235.00,0.00,0.00,1,12.85,0.02,0.00,-8.5,4.998,4.998,4.998,4.998,65
2022-01-06 03:34:22,2.6,3.5,166,0.0,0.0,0,0.0,0.0,0,28401.00,0.00,0.00,1,12.85,0.02,0.00,-8.9,4.998,4.998,4.998,4.998,57
2022-01-06 03:35:22,3.7,4.6,190,0.0,0.0,0,0.0,0.0,0,28591.00,0.00,0.00,28,12.85,0.40,0.00,-8.9,4.998,4.998,4.998,4.998,189
2022-01-06 03:36:22,3.3,3.7,146,0.0,0.0,0,0.0,0.0,0,28737.00,0.00,0.00,28,12.85,0.39,0.00,-8.5,4.998,4.998,4.998,4.998,57
2022-01-06 03:37:22,1.8,3.4,113,0.0,0.0,0,0.0,0.0,0,28850.00,0.00,0.00,28,12.85,0.39,0.00,-8.9,4.998,4.998,4.998,4.998,201
2022-01-06 03:38:22,0.0,2.1,43,0.0,0.0,0,0.0,0.0,0,28893.00,0.00,0.00,28,12.85,0.39,0.00,-8.9,4.998,4.998,4.998,4.998,116
2022-01-06 03:39:22,3.1,3.9,149,0.0,0.0,0,0.0,0.0,0,29042.00,0.00,0.00,28,12.85,0.39,0.00,-8.9,4.998,4.998,4.998,4.998,171
2022-01-06 03:40:22,3.0,4.1,164,0.0,0.0,0,0.0,0.0,0,29206.00,0.00,0.00,28,12.85,0.39,0.00,-8.5,4.998,4.998,4.998,4.998,187
2022-01-06 03:41:22,3.1,3.6,170,0.0,0.0,0,0.0,0.0,0,29376.00,0.00,0.00,28,12.85,0.39,0.00,-8.9,4.998,4.998,4.998,4.998,30
2022-01-06 03:42:22,2.1,3.4,125,0.0,0.0,0,0.0,0.0,0,29501.00,0.00,0.00,28,12.85,0.39,0.00,-8.9,4.998,4.998,4.998,4.998,20
2022-01-06 03:43:22,2.3,2.8,107,0.0,0.0,0,0.0,0.0,0,29608.00,0.00,0.00,28,12.85,0.39,0.00,-8.9,4.998,4.998,4.998,4.998,67
2022-01-06 03:44:22,3.2,5.0,195,0.0,0.0,0,0.0,0.0,0,29803.00,0.00,0.00,28,12.85,0.39,0.00,-8.9,4.998,4.998,4.998,4.998,11
2022-01-06 03:45:22,3.3,4.9,200,0.0,0.0,0,0.0,0.0,0,30003.00,0.00,0.00,28,12.85,0.39,0.00,-8.9,4.998,4.998,4.998,4.998,172
2022-01-06 03:46:22,2.5,3.6,178,0.0,0.0,0,0.0,0.0,0,30181.00,0.00,0.00,28,12.85,0.39,0.00,-8.9,4.998,4.998,4.998,4.998,181
2022-01-06 03:47:22,3.7,4.2,183,0.0,0.0,0,0.0,0.0,0,30364.00,0.00,0.00,28,12.85,0.39,0.00,-8.9,4.998,4.998,4.998,4.998,188
2022-01-06 03:48:22,2.6,4.0,138,0.0,0.0,0,0.0,0.0,0,30502.00,0.00,0.00,27,12.85,0.38,0.00,-8.9,4.998,4.998,4.998,4.998,117
2022-01-06 03:49:22,1.7,2.9,75,0.0,0.0,0,0.0,0.0,0,30577.00,0.00,0.00,27,12.85,0.38,0.00,-8.9,4.998,4.998,4.998,4.998,251
2022-01-06 03:50:22,0.0,3.0,103,0.0,0.0,0,0.0,0.0,0,30680.00,0.00,0.00,27,12.85,0.38,0.00,-8.9,4.998,4.998,4.998,4.998,63
2022-01-06 03:51:22,0.0,0.0,1,0.0,0.0,0,0.0,0.0,0,30681.00,0.00,0.00,27,12.85,0.38,0.00,-8.5,4.998,4.998,4.998,4.998,195
2022-01-06 03:52:22,1.9,2.3,52,0.0,0.0,0,0.0,0.0,0,30733.00,0.00,0.00,27,12.85,0.38,0.00,-8.9,4.998,4.998,4.998,4.998,82
2022-01-06 03:53:22,3.4,3.4,82,0.0,0.0,0,0.0,0.0,0,30815.00,0.00,0.00,27,12.85,0.38,0.00,-8.9,4.998,4.998,4.998,4.998,66
2022-01-06 03:54:22,1.3,3.8,132,0.0,0.0,0,0.0,0.0,0,30947.00,0.00,0.00,27,12.85,0.38,0.00,-8.9,4.998,4.998,4.998,4.998,233
2022-01-06 03:55:22,1.5,2.7,95,0.0,0.0,0,0.0,0.0,0,31042.00,0.00,0.00,27,12.85,0.38,0.00,-8.9,4.998,4.998,4.998,4.998,126
2022-01-06 03:56:22,2.9,3.1,118,0.0,0.0,0,0.0,0.0,0,31160.00,0.00,0.00,27,12.85,0.38,0.00,-8.9,4.998,4.998,4.998,4.998,247
2022-01-06 03:57:22,2.3,3.1,120,0.0,0.0,0,0.0,0.0,0,31280.00,0.00,0.00,27,12.85,0.38,0.00,-8.9,4.998,4.998,4.998,4.998,116
2022-01-06 03:58:22,2.1,3.2,124,0.0,0.0,0,0.0,0.0,0,31404.00,0.00,0.00,28,12.85,0.39,0.00,-8.5,4.998,4.998,4.998,4.998,44
2022-01-06 03:59:22,1.7,2.5,98,0.0,0.0,0,0.0,0.0,0,31502.00,0.00,0.00,27,12.85,0.38,0.00,-8.9,4.998,4.998,4.998,4.998,149
2022-01-06 04:00:22,3.2,4.5,172,0.0,0.0,0,0.0,0.0,0,31674.00,0.00,0.00,27,12.85,0.38,0.00,-8.9,4.998,4.998,4.998,4.998,121
2022-01-06 04:01:22,2.1,3.5,139,0.0,0.0,0,0.0,0.0,0,31813.00,0.00,0.00,27,12.85,0.38,0.00,-8.9,4.998,4.998,4.998,4.998,177
2022-01-06 04:02:22,1.9,2.7,66,0.0,0.0,0,0.0,0.0,0,31879.00,0.00,0.00,27,12.85,0.38,0.00,-8.9,4.998,4.998,4.998,4.998,177
2022-01-06 04:03:22,1.3,2.2,62,0.0,0.0,0,0.0,0.0,0,31941.00,0.00,0.00,27,12.85,0.38,0.00,-8.9,4.998,4.998,4.998,4.998,17
2022-01-06 04:04:22,1.1,2.4,78,0.0,0.0,0,0.0,0.0,0,32019.00,0.00,0.00,27,12.85,0.38,0.00,-8.9,4.998,4.998,4.998,4.998,178
2022-01-06 04:05:22,3.1,3.1,68,0.0,0.0,0,0.0,0.0,0,32087.00,0.00,0.00,27,12.85,0.38,0.00,-8.9,4.998,4.998,4.998,4.998,121
2022-01-06 04:06:22,2.1,3.2,140,0.0,0.0,0,0.0,0.0,0,32227.00,0.00,0.00,27,12.85,0.38,0.00,-8.9,4.998,4.998,4.998,4.998,163
2022-01-06 04:07:22,3.9,4.1,91,0.0,0.0,0,0.0,0.0,0,32318.00,0.00,0.00,27,12.85,0.38,0.00,-9.4,4.998,4.998,4.998,4.998,212
2022-01-06 04:08:22,3.3,4.3,201,0.0,0.0,0,0.0,0.0,0,32519.00,0.00,0.00,27,12.85,0.38,0.00,-8.9,4.998,4.998,4.998,4.998,76
2022-01-06 04:09:22,2.3,3.7,173,0.0,0.0,0,0.0,0.0,0,32692.00,0.00,0.00,27,12.85,0.38,0.00,-8.9,4.998,4.998,4.998,4.998,244
2022-01-06 04:10:22,2.6,4.0,147,0.0,0.0,0,0.0,0.0,0,32839.00,0.00,0.00,27,12.85,0.38,0.00,-8.9,4.998,4.998,4.998,4.998,241
2022-01-06 04:11:22,3.0,4.2,173,0.0,0.0,0,0.0,0.0,0,33012.00,0.00,0.00,27,12.85,0.38,0.00,-8.9,4.998,4.998,4.998,4.998,223
2022-01-06 04:12:22,1.8,3.1,109,0.0,0.0,0,0.0,0.0,0,33121.00,0.00,0.00,27,12.85,0.38,0.00,-8.9,4.998,4.998,4.998,4.998,123
2022-01-06 04:13:22,5.1,5.4,170,0.0,0.0,0,0.0,0.0,0,33291.00,0.00,0.00,27,12.85,0.37,0.00,-8.9,4.998,4.998,4.998,4.998,150
2022-01-06 04:14:22,3.6,5.2,221,0.0,0.0,0,0.0,0.0,0,33512.00,0.00,0.00,27,12.85,0.38,0.00,-8.9,4.998,4.998,4.998,4.998,98
2022-01-06 04:15:22,3.0,3.7,111,0.0,0.0,0,0.0,0.0,0,33623.00,0.00,0.00,27,12.85,0.38,0.00,-8.9,4.998,4.998,4.998,4.998,254
2022-01-06 04:16:22,1.4,2.9,74,0.0,0.0,0,0.0,0.0,0,33697.00,0.00,0.00,27,12.85,0.37,0.00,-8.9,4.998,4.998,4.998,4.998,17
2022-01-06 04:17:22,1.4,2.8,91,0.0,0.0,0,0.0,0.0,0,33788.00,0.00,0.00,27,12.85,0.38,0.00,-8.5,4.998,4.998,4.998,4.998,151
2022-01-06 04:18:22,0.0,1.4,4,0.0,0.0,0,0.0,0.0,0,33792.00,0.00,0.00,27,12.85,0.38,0.00,-8.9,4.998,4.998,4.998,4.998,192
2022-01-06 04:19:22,2.2,2.5,66,0.0,0.0,0,0.0,0.0,0,33858.00,0.00,0.00,27,12.85,0.38,0.00,-8.9,4.998,4.998,4.998,4.998,56
2022-01-06 04:20:22,3.8,4.0,72,0.0,0.0,0,0.0,0.0,0,33930.00,0.00,0.00,27,12.85,0.37,0.00,-8.9,4.998,4.998,4.998,4.998,170
2022-01-06 04:21:22,3.0,4.3,165,0.0,0.0,0,0.0,0.0,0,34095.00,0.00,0.00,27,12.85,0.37,0.00,-8.5,4.998,4.998,4.998,4.998,202
2022-01-06 04:22:22,1.1,3.5,108,0.0,0.0,0,0.0,0.0,0,34203.00,0.00,0.00,27,12.85,0.38,0.00,-8.9,4.998,4.998,4.998,4.998,28
2022-01-06 04:23:22,0.0,2.8,61,0.0,0.0,0,0.0,0.0,0,34264.00,0.00,0.00,27,12.85,0.38,0.00,-8.9,4.998,4.998,4.998,4.998,175
2022-01-06 04:24:22,2.1,2.2,14,0.0,0.0,0,0.0,0.0,0,34278.00,0.00,0.00,27,12.85,0.38,0.00,-8.9,4.998,4.998,4.998,4.998,110
2022-01-06 04:25:22,1.9,2.6,91,0.0,0.0,0,0.0,0.0,0,34369.00,0.00,0.00,27,12.81,0.38,0.00,-8.9,4.998,4.998,4.998,4.998,200
2022-01-06 04:26:22,1.7,4.0,158,0.0,0.0,0,0.0,0.0,0,34527.00,0.00,0.00,27,12.81,0.38,0.00,-8.5,4.998,4.998,4.998,4.998,213
2022-01-06 04:27:22,2.3,2.3,58,0.0,0.0,0,0.0,0.0,0,34585.00,0.00,0.00,27,12.85,0.38,0.00,-8.9,4.998,4.998,4.998,4.998,180
2022-01-06 04:28:22,2.0,3.1,85,0.0,0.0,0,0.0,0.0,0,34670.00,0.00,0.00,27,12.85,0.38,0.00,-8.9,4.998,4.998,4.998,4.998,95
2022-01-06 04:29:22,2.7,3.2,91,0.0,0.0,0,0.0,0.0,0,34761.00,0.00,0.00,27,12.85,0.38,0.00,-8.9,4.998,4.998,4.998,4.998,200
2022-01-06 04:30:22,2.8,4.6,180,0.0,0.0,0,0.0,0.0,0,34941.00,0.00,0.00,9,12.85,0.12,0.00,-8.9,4.998,4.998,4.998,4.998,142
2022-01-06 04:31:22,2.0,3.3,119,0.0,0.0,0,0.0,0.0,0,35060.00,0.00,0.00,9,12.85,0.12,0.00,-8.9,4.998,4.998,4.998,4.998,111
2022-01-06 04:32:22,0.0,2.2,37,0.0,0.0,0,0.0,0.0,0,35097.00,0.00,0.00,8,12.85,0.12,0.00,-8.9,4.998,4.998,4.998,4.998,85
2022-01-06 04:33:22,1.7,2.6,62,0.0,0.0,0,0.0,0.0,0,35159.00,0.00,0.00,9,12.81,0.12,0.00,-9.4,4.998,4.998,4.998,4.998,184
2022-01-06 04:34:22,2.2,2.9,100,0.0,0.0,0,0.0,0.0,0,35259.00,0.00,0.00,9,12.85,0.13,0.00,-8.9,4.998,4.998,4.998,4.998,253
2022-01-06 04:35:22,2.2,2.4,79,0.0,0.0,0,0.0,0.0,0,35338.00,0.00,0.00,9,12.85,0.13,0.00,-9.4,4.998,4.998,4.998,4.998,223
2022-01-06 04:36:22,3.7,5.0,142,0.0,0.0,0,0.0,0.0,0,35480.00,0.00,0.00,10,12.81,0.14,0.00,-9.4,4.998,4.998,4.998,4.998,85
2022-01-06 04:37:22,2.4,5.1,189,0.0,0.0,0,0.0,0.0,0,35669.00,0.00,0.00,10,12.85,0.14,0.00,-8.9,4.998,4.998,4.998,4.998,25
2022-01-06 04:38:22,2.1,2.9,107,0.0,0.0,0,0.0,0.0,0,35776.00,0.00,0.00,9,12.85,0.13,0.00,-8.9,4.998,4.998,4.998,4.998,38
2022-01-06 04:39:22,1.9,2.5,85,0.0,0.0,0,0.0,0.0,0,35861.00,0.00,0.00,10,12.81,0.14,0.00,-8.9,4.998,4.998,4.998,4.998,100
2022-01-06 04:40:22,2.6,3.0,87,0.0,0.0,0,0.0,0.0,0,35948.00,0.00,0.00,9,12.85,0.13,0.00,-9.4,4.998,4.998,4.998,4.998,223
2022-01-06 04:41:22,0.0,3.1,77,0.0,0.0,0,0.0,0.0,0,36025.00,0.00,0.00,9,12.85,0.13,0.00,-8.9,4.998,4.998,4.998,4.998,244
2022-01-06 04:42:22,3.7,3.7,136,0.0,0.0,0,0.0,0.0,0,36161.00,0.00,0.00,10,12.85,0.14,0.00,-8.9,4.998,4.998,4.998,4.998,178
2022-01-06 04:43:22,2.4,3.7,157,0.0,0.0,0,0.0,0.0,0,36318.00,0.00,0.00,9,12.81,0.13,0.00,-8.9,4.998,4.998,4.998,4.998,142
2022-01-06 04:44:22,2.6,3.2,126,0.0,0.0,0,0.0,0.0,0,36444.00,0.00,0.00,9,12.85,0.13,0.00,-8.5,4.998,4.998,4.998,4.998,135
2022-01-06 04:45:22,2.5,3.7,148,0.0,0.0,0,0.0,0.0,0,36592.00,0.00,0.00,9,12.85,0.13,0.00,-8.9,4.998,4.998,4.998,4.998,153
2022-01-06 04:46:22,1.0,3.1,68,0.0,0.0,0,0.0,0.0,0,36660.00,0.00,0.00,9,12.85,0.13,0.00,-8.9,4.998,4.998,4.998,4.998,206
2022-01-06 04:47:22,2.7,3.0,94,0.0,0.0,0,0.0,0.0,0,36754.00,0.00,0.00,9,12.81,0.13,0.00,-8.5,4.998,4.998,4.998,4.998,44
2022-01-06 04:48:22,3.5,3.5,141,0.0,0.0,0,0.0,0.0,0,36895.00,0.00,0.00,9,12.85,0.13,0.00,-8.9,4.998,4.998,4.998,4.998,31
2022-01-06 04:49:22,2.7,3.5,150,0.0,0.0,0,0.0,0.0,0,37045.00,0.00,0.00,9,12.85,0.13,0.00,-8.9,4.998,4.998,4.998,4.998,247
2022-01-06 04:50:22,2.0,2.8,109,0.0,0.0,0,0.0,0.0,0,37154.00,0.00,0.00,9,12.85,0.13,0.00,-9.4,4.998,4.998,4.998,4.998,72
2022-01-06 04:51:22,0.0,2.1,14,0.0,0.0,0,0.0,0.0,0,37168.00,0.00,0.00,9,12.85,0.13,0.00,-8.9,4.998,4.998,4.998,4.998,22
2022-01-06 04:52:22,3.3,3.3,27,0.0,0.0,0,0.0,0.0,0,37195.00,0.00,0.00,9,12.85,0.13,0.00,-8.5,4.998,4.998,4.998,4.998,153
2022-01-06 04:53:22,2.7,3.2,73,0.0,0.0,0,0.0,0.0,0,37268.00,0.00,0.00,9,12.81,0.13,0.00,-8.9,4.998,4.998,4.998,4.998,247
2022-01-06 04:54:22,2.6,3.6,150,0.0,0.0,0,0.0,0.0,0,37418.00,0.00,0.00,9,12.85,0.13,0.00,-8.9,4.998,4.998,4.998,4.998,180
2022-01-06 04:55:22,2.5,3.1,126,0.0,0.0,0,0.0,0.0,0,37544.00,0.00,0.00,9,12.81,0.13,0.00,-8.5,4.998,4.998,4.998,4.998,115
2022-01-06 04:56:22,3.2,3.5,157,0.0,0.0,0,0.0,0.0,0,37701.00,0.00,0.00,9,12.81,0.13,0.00,-8.5,4.998,4.998,4.998,4.998,255
2022-01-06 04:57:22,4.3,4.7,153,0.0,0.0,0,0.0,0.0,0,37854.00,0.00,0.00,25,12.85,0.35,0.00,-8.5,4.998,4.998,4.998,4.998,69
2022-01-06 04:58:22,3.7,4.6,210,0.0,0.0,0,0.0,0.0,0,38064.00,0.00,0.00,25,12.81,0.35,0.00,-8.5,4.998,4.998,4.998,4.998,73
2022-01-06 04:59:22,2.9,3.9,133,0.0,0.0,0,0.0,0.0,0,38197.00,0.00,0.00,25,12.81,0.35,0.00,-8.9,4.998,4.998,4.998,4.998,38
2022-01-06 05:00:22,3.3,3.3,116,0.0,0.0,0,0.0,0.0,0,38313.00,0.00,0.00,24,12.81,0.34,0.00,-8.9,4.998,4.998,4.998,4.998,115
2022-01-06 05:01:22,2.9,3.6,147,0.0,0.0,0,0.0,0.0,0,38460.00,0.00,0.00,24,12.85,0.34,0.00,-8.9,4.998,4.998,4.998,4.998,152
2022-01-06 05:02:22,1.6,2.9,87,0.0,0.0,0,0.0,0.0,0,38547.00,0.00,0.00,24,12.85,0.34,0.00,-8.5,4.998,4.998,4.998,4.998,39
2022-01-06 05:03:22,0.0,1.9,29,0.0,0.0,0,0.0,0.0,0,38576.00,0.00,0.00,24,12.81,0.34,0.00,-9.4,4.998,4.998,4.998,4.998,22
2022-01-06 05:04:22,0.0,0.0,1,0.0,0.0,0,0.0,0.0,0,38577.00,0.00,0.00,24,12.81,0.34,0.00,-8.5,4.998,4.998,4.998,4.998,33
2022-01-06 05:05:22,1.9,3.8,94,0.0,0.0,0,0.0,0.0,0,38671.00,0.00,0.00,24,12.85,0.34,0.00,-8.5,4.998,4.998,4.998,4.998,228
2022-01-06 05:06:22,1.4,3.8,157,0.0,0.0,0,0.0,0.0,0,38828.00,0.00,0.00,24,12.81,0.34,0.00,-8.9,4.998,4.998,4.998,4.998,252
2022-01-06 05:07:22,2.0,3.2,83,0.0,0.0,0,0.0,0.0,0,38911.00,0.00,0.00,24,12.85,0.34,0.00,-8.5,4.998,4.998,4.998,4.998,26
2022-01-06 05:08:22,1.9,3.0,108,0.0,0.0,0,0.0,0.0,0,39019.00,0.00,0.00,24,12.81,0.34,0.00,-8.5,4.998,4.998,4.998,4.998,197
2022-01-06 05:09:22,1.9,2.5,91,0.0,0.0,0,0.0,0.0,0,39110.00,0.00,0.00,24,12.85,0.34,0.00,-8.5,4.998,4.998,4.998,4.998,41
2022-01-06 05:10:22,3.3,3.9,128,0.0,0.0,0,0.0,0.0,0,39238.00,0.00,0.00,24,12.81,0.34,0.00,-8.5,4.998,4.998,4.998,4.998,41
2022-01-06 05:11:22,1.9,3.4,110,0.0,0.0,0,0.0,0.0,0,39348.00,0.00,0.00,24,12.85,0.34,0.00,-8.5,4.998,4.998,4.998,4.998,202
2022-01-06 05:12:22,1.8,2.5,101,0.0,0.0,0,0.0,0.0,0,39449.00,0.00,0.00,24,12.81,0.34,0.00,-8.5,4.998,4.998,4.998,4.998,154
2022-01-06 05:13:22,2.2,2.9,102,0.0,0.0,0,0.0,0.0,0,39551.00,0.00,0.00,24,12.81,0.34,0.00,-8.9,4.998,4.998,4.998,4.998,207
2022-01-06 05:14:22,2.3,3.4,147,0.0,0.0,0,0.0,0.0,0,39698.00,0.00,0.00,24,12.85,0.34,0.00,-8.9,4.998,4.998,4.998,4.998,175
2022-01-06 05:15:22,2.1,3.0,121,0.0,0.0,0,0.0,0.0,0,39819.00,0.00,0.00,24,12.81,0.34,0.00,-8.5,4.998,4.998,4.998,4.998,248
2022-01-06 05:16:22,2.1,2.8,108,0.0,0.0,0,0.0,0.0,0,39927.00,0.00,0.00,24,12.81,0.34,0.00,-8.5,4.998,4.998,4.998,4.998,17
2022-01-06 05:17:22,2.7,2.8,41,0.0,0.0,0,0.0,0.0,0,39968.00,0.00,0.00,24,12.85,0.34,0.00,-8.5,4.998,4.998,4.998,4.998,31
2022-01-06 05:18:22,2.2,3.1,132,0.0,0.0,0,0.0,0.0,0,40100.00,0.00,0.00,24,12.85,0.34,0.00,-8.5,4.998,4.998,4.998,4.998,73
2022-01-06 05:19:22,2.8,3.6,120,0.0,0.0,0,0.0,0.0,0,40220.00,0.00,0.00,24,12.85,0.34,0.00,-8.5,4.998,4.998,4.998,4.998,66
2022-01-06 05:20:22,2.8,3.6,134,0.0,0.0,0,0.0,0.0,0,40354.00,0.00,0.00,24,12.81,0.34,0.00,-8.9,4.998,4.998,4.998,4.998,57
2022-01-06 05:21:22,2.5,3.4,136,0.0,0.0,0,0.0,0.0,0,40490.00,0.00,0.00,24,12.81,0.34,0.00,-8.9,4.998,4.998,4.998,4.998,63
2022-01-06 05:22:22,2.5,3.5,135,0.0,0.0,0,0.0,0.0,0,40625.00,0.00,0.00,24,12.81,0.34,0.00,-8.9,4.998,4.998,4.998,4.998,64
2022-01-06 05:23:22,2.8,3.7,164,0.0,0.0,0,0.0,0.0,0,40789.00,0.00,0.00,24,12.81,0.34,0.00,-8.5,4.998,4.998,4.998,4.998,215
2022-01-06 05:24:22,1.0,2.9,113,0.0,0.0,0,0.0,0.0,0,40902.00,0.00,0.00,24,12.85,0.34,0.00,-8.9,4.998,4.998,4.998,4.998,114
2022-01-06 05:25:22,0.0,1.9,22,0.0,0.0,0,0.0,0.0,0,40924.00,0.00,0.00,24,12.85,0.34,0.00,-8.9,4.998,4.998,4.998,4.998,234
2022-01-06 05:26:22,1.8,1.9,18,0.0,0.0,0,0.0,0.0,0,40942.00,0.00,0.00,24,12.81,0.34,0.00,-8.5,4.998,4.998,4.998,4.998,83
2022-01-06 05:27:22,2.6,2.9,103,0.0,0.0,0,0.0,0.0,0,41045.00,0.00,0.00,24,12.81,0.34,0.00,-8.9,4.998,4.998,4.998,4.998,146
2022-01-06 05:28:22,1.9,3.5,120,0.0,0.0,0,0.0,0.0,0,41165.00,0.00,0.00,24,12.81,0.34,0.00,-8.5,4.998,4.998,4.998,4.998,223
2022-01-06 05:29:22,2.7,2.8,114,0.0,0.0,0,0.0,0.0,0,41279.00,0.00,0.00,24,12.85,0.34,0.00,-8.5,4.998,4.998,4.998,4.998,177
2022-01-06 05:30:22,2.2,3.1,130,0.0,0.0,0,0.0,0.0,0,41409.00,0.00,0.00,24,12.85,0.34,0.00,-8.9,4.998,4.998,4.998,4.998,253
2022-01-06 05:31:22,2.0,3.0,119,0.0,0.0,0,0.0,0.0,0,41528.00,0.00,0.00,24,12.85,0.34,0.00,-8.9,4.998,4.998,4.998,4.998,225
2022-01-06 05:32:22,1.2,2.4,44,0.0,0.0,0,0.0,0.0,0,41572.00,0.00,0.00,24,12.85,0.34,0.00,-8.5,4.998,4.998,4.998,4.998,22
2022-01-06 05:33:22,0.0,0.0,0,0.0,0.0,0,0.0,0.0,0,41572.00,0.00,0.00,24,12.81,0.34,0.00,-8.9,4.998,4.998,4.998,4.998,76
2022-01-06 05:34:22,0.0,0.0,0,0.0,0.0,0,0.0,0.0,0,41572.00,0.00,0.00,24,12.81,0.34,0.00,-8.5,4.998,4.998,4.998,4.998,225
2022-01-06 05:35:22,1.9,3.0,89,0.0,0.0,0,0.0,0.0,0,41661.00,0.00,0.00,24,12.81,0.34,0.00,-8.5,4.998,4.998,4.998,4.998,126
2022-01-06 05:36:22,0.0,1.7,8,0.0,0.0,0,0.0,0.0,0,41669.00,0.00,0.00,24,12.81,0.34,0.00,-8.9,4.998,4.998,4.998,4.998,149
2022-01-06 05:37:22,3.8,4.2,84,0.0,0.0,0,0.0,0.0,0,41753.00,0.00,0.00,24,12.85,0.34,0.00,-8.5,4.998,4.998,4.998,4.998,14
2022-01-06 05:38:22,4.6,4.6,192,0.0,0.0,0,0.0,0.0,0,41945.00,0.00,0.00,24,12.85,0.34,0.00,-8.9,4.998,4.998,4.998,4.998,221
2022-01-06 05:39:22,1.9,4.8,163,0.0,0.0,0,0.0,0.0,0,42108.00,0.00,0.00,24,12.81,0.34,0.00,-8.5,4.998,4.998,4.998,4.998,55
2022-01-06 05:40:22,2.3,3.9,143,0.0,0.0,0,0.0,0.0,0,42251.00,0.00,0.00,24,12.81,0.34,0.00,-8.9,4.998,4.998,4.998,4.998,44
2022-01-06 05:41:22,0.0,2.8,30,0.0,0.0,0,0.0,0.0,0,42281.00,0.00,0.00,24,12.81,0.34,0.00,-8.5,4.998,4.998,4.998,4.998,105
2022-01-06 05:42:22,0.0,0.0,0,0.0,0.0,0,0.0,0.0,0,42281.00,0.00,0.00,24,12.81,0.34,0.00,-8.5,4.998,4.998,4.998,4.998,172
2022-01-06 05:43:22,2.7,2.8,21,0.0,0.0,0,0.0,0.0,0,42302.00,0.00,0.00,24,12.85,0.34,0.00,-8.5,4.998,4.998,4.998,4.998,198
2022-01-06 05:44:22,2.5,3.9,151,0.0,0.0,0,0.0,0.0,0,42453.00,0.00,0.00,24,12.81,0.34,0.00,-8.5,4.998,4.998,4.998,4.998,253
2022-01-06 05:45:22,2.7,2.8,102,0.0,0.0,0,0.0,0.0,0,42555.00,0.00,0.00,24,12.85,0.34,0.00,-8.5,4.998,4.998,4.998,4.998,241
2022-01-06 05:46:22,3.0,4.7,215,0.0,0.0,0,0.0,0.0,0,42770.00,0.00,0.00,24,12.81,0.34,0.00,-8.5,4.998,4.998,4.998,4.998,252
2022-01-06 05:47:22,3.2,3.7,176,0.0,0.0,0,0.0,0.0,0,42946.00,0.00,0.00,24,12.85,0.33,0.00,-8.9,4.998,4.998,4.998,4.998,30
2022-01-06 05:48:22,3.1,5.1,215,0.0,0.0,0,0.0,0.0,0,43161.00,0.00,0.00,23,12.81,0.33,0.00,-8.9,4.998,4.998,4.998,4.998,96
2022-01-06 05:49:22,3.7,3.8,141,0.0,0.0,0,0.0,0.0,0,43302.00,0.00,0.00,23,12.81,0.33,0.00,-8.5,4.998,4.998,4.998,4.998,100
2022-01-06 05:50:22,2.6,4.2,157,0.0,0.0,0,0.0,0.0,0,43459.00,0.00,0.00,23,12.85,0.33,0.00,-8.5,4.998,4.998,4.998,4.998,174
2022-01-06 05:51:22,3.0,4.0,128,0.0,0.0,0,0.0,0.0,0,43587.00,0.00,0.00,23,12.85,0.33,0.00,-8.5,4.998,4.998,4.998,4.998,160
2022-01-06 05:52:22,0.0,3.0,33,0.0,0.0,0,0.0,0.0,0,43620.00,0.00,0.00,23,12.85,0.33,0.00,-8.9,4.998,4.998,4.998,4.998,247
2022-01-06 05:53:22,0.0,0.0,1,0.0,0.0,0,0.0,0.0,0,43621.00,0.00,0.00,23,12.85,0.33,0.00,-8.5,4.998,4.998,4.998,4.998,86
2022-01-06 05:54:22,2.4,3.2,83,0.0,0.0,0,0.0,0.0,0,43704.00,0.00,0.00,23,12.81,0.33,0.00,-8.5,4.998,4.998,4.998,4.998,13
2022-01-06 05:55:22,2.5,3.7,117,0.0,0.0,0,0.0,0.0,0,43821.00,0.00,0.00,23,12.85,0.32,0.00,-8.5,4.998,4.998,4.998,4.998,68
2022-01-06 05:56:22,2.3,3.3,137,0.0,0.0,0,0.0,0.0,0,43958.00,0.00,0.00,23,12.85,0.32,0.00,-8.9,4.998,4.998,4.998,4.998,116
2022-01-06 05:57:22,3.2,3.3,100,0.0,0.0,0,0.0,0.0,0,44058.00,0.00,0.00,23,12.81,0.32,0.00,-8.5,4.998,4.998,4.998,4.998,159
2022-01-06 05:58:22,3.5,4.3,192,0.0,0.0,0,0.0,0.0,0,44250.00,0.00,0.00,23,12.81,0.32,0.00,-8.5,4.998,4.998,4.998,4.998,199
2022-01-06 05:59:22,2.3,3.8,139,0.0,0.0,0,0.0,0.0,0,44389.00,0.00,0.00,23,12.81,0.32,0.00,-8.5,4.998,4.998,4.998,4.998,6
2022-01-06 06:00:22,0.0,2.3,11,0.0,0.0,0,0.0,0.0,0,44400.00,0.00,0.00,23,12.81,0.32,0.00,-8.5,4.998,4.998,4.998,4.998,207
2022-01-06 06:01:22,2.5,3.8,50,0.0,0.0,0,0.0,0.0,0,44450.00,0.00,0.00,23,12.81,0.32,0.00,-8.5,4.998,4.998,4.998,4.998,116
2022-01-06 06:02:22,0.0,2.8,74,0.0,0.0,0,0.0,0.0,0,44524.00,0.00,0.00,23,12.81,0.32,0.00,-8.5,4.998,4.998,4.998,4.998,247
2022-01-06 06:03:22,1.8,1.8,3,0.0,0.0,0,0.0,0.0,0,44527.00,0.00,0.00,23,12.81,0.32,0.00,-8.5,4.998,4.998,4.998,4.998,9
2022-01-06 06:04:22,1.3,2.2,28,0.0,0.0,0,0.0,0.0,0,44555.00,0.00,0.00,23,12.81,0.32,0.00,-8.5,4.998,4.998,4.998,4.998,139
2022-01-06 06:05:22,2.7,2.8,78,0.0,0.0,0,0.0,0.0,0,44633.00,0.00,0.00,23,12.81,0.32,0.00,-8.5,4.998,4.998,4.998,4.998,147
2022-01-06 06:06:22,2.3,3.5,150,0.0,0.0,0,0.0,0.0,0,44783.00,0.00,0.00,23,12.81,0.32,0.00,-8.5,4.998,4.998,4.998,4.998,101
2022-01-06 06:07:22,1.7,2.3,75,0.0,0.0,0,0.0,0.0,0,44858.00,0.00,0.00,23,12.81,0.33,0.00,-8.5,4.998,4.998,4.998,4.998,72
2022-01-06 06:08:22,0.0,1.8,7,0.0,0.0,0,0.0,0.0,0,44865.00,0.00,0.00,23,12.81,0.33,0.00,-8.5,4.998,4.998,4.998,4.998,34
2022-01-06 06:09:22,0.0,0.0,0,0.0,0.0,0,0.0,0.0,0,44865.00,0.00,0.00,23,12.81,0.32,0.00,-8.5,4.998,4.998,4.998,4.998,70
2022-01-06 06:10:22,0.0,0.0,0,0.0,0.0,0,0.0,0.0,0,44865.00,0.00,0.00,23,12.81,0.33,0.00,-8.5,4.998,4.998,4.998,4.998,145
2022-01-06 06:11:22,1.2,1.9,15,0.0,0.0,0,0.0,0.0,0,44880.00,0.00,0.00,23,12.81,0.32,0.00,-8.5,4.998,4.998,4.998,4.998,111
2022-01-06 06:12:22,0.0,0.0,0,0.0,0.0,0,0.0,0.0,0,44880.00,0.00,0.00,23,12.81,0.32,0.00,-8.5,4.998,4.998,4.998,4.998,95
2022-01-06 06:13:22,0.0,0.0,0,0.0,0.0,0,0.0,0.0,0,44880.00,0.00,0.00,23,12.81,0.32,0.00,-8.5,4.998,4.998,4.998,4.998,55
2022-01-06 06:14:22,4.2,4.2,53,0.0,0.0,0,0.0,0.0,0,44933.00,0.00,0.00,23,12.85,0.32,0.00,-8.5,4.998,4.998,4.998,4.998,233
2022-01-06 06:15:22,2.4,4.4,154,0.0,0.0,0,0.0,0.0,0,45087.00,0.00,0.00,23,12.81,0.32,0.00,-8.5,4.998,4.998,4.998,4.998,130
2022-01-06 06:16:22,1.3,3.7,106,0.0,0.0,0,0.0,0.0,0,45193.00,0.00,0.00,23,12.81,0.32,0.00,-8.5,4.998,4.998,4.998,4.998,180
2022-01-06 06:17:22,0.0,2.5,39,0.0,0.0,0,0.0,0.0,0,45232.00,0.00,0.00,23,12.81,0.33,0.00,-8.5,4.998,4.998,4.998,4.998,26
2022-01-06 06:18:22,0.0,0.0,0,0.0,0.0,0,0.0,0.0,0,45232.00,0.00,0.00,23,12.81,0.33,0.00,-8.5,4.998,4.998,4.998,4.998,149
2022-01-06 06:19:22,0.0,0.0,0,0.0,0.0,0,0.0,0.0,0,45232.00,0.00,0.00,23,12.81,0.33,0.00,-8.9,4.998,4.998,4.998,4.998,22
2022-01-06 06:20:22,0.0,0.0,0,0.0,0.0,0,0.0,0.0,0,45232.00,0.00,0.00,23,12.85,0.32,0.00,-8.9,4.998,4.998,4.998,4.998,11
2022-01-06 06:21:22,0.0,0.0,0,0.0,0.0,0,0.0,0.0,0,45232.00,0.00,0.00,23,12.81,0.32,0.00,-8.5,4.998,4.998,4.998,4.998,253
2022-01-06 06:22:22,0.0,0.0,0,0.0,0.0,0,0.0,0.0,0,45232.00,0.00,0.00,23,12.81,0.32,0.00,-8.5,4.998,4.998,4.998,4.998,161
2022-01-06 06:23:22,2.3,3.4,115,0.0,0.0,0,0.0,0.0,0,45347.00,0.00,0.00,23,12.81,0.32,0.00,-8.5,4.998,4.998,4.998,4.998,238
2022-01-06 06:24:22,2.5,3.8,136,0.0,0.0,0,0.0,0.0,0,45483.00,0.00,0.00,23,12.81,0.33,0.00,-8.5,4.998,4.998,4.998,4.998,98
2022-01-06 06:25:22,2.4,2.9,116,0.0,0.0,0,0.0,0.0,0,45599.00,0.00,0.00,23,12.81,0.33,0.00,-8.9,4.998,4.998,4.998,4.998,23
2022-01-06 06:26:22,1.9,2.5,86,0.0,0.0,0,0.0,0.0,0,45685.00,0.00,0.00,23,12.81,0.32,0.00,-8.5,4.998,4.998,4.998,4.998,201
2022-01-06 06:27:22,0.0,2.1,32,0.0,0.0,0,0.0,0.0,0,45717.00,0.00,0.00,23,12.81,0.32,0.00,-8.5,4.998,4.998,4.998,4.998,14
2022-01-06 06:28:22,0.0,3.1,88,0.0,0.0,0,0.0,0.0,0,45805.00,0.00,0.00,23,12.81,0.33,0.00,-8.9,4.998,4.998,4.998,4.998,165
2022-01-06 06:29:22,0.0,2.0,12,0.0,0.0,0,0.0,0.0,0,45817.00,0.00,0.00,23,12.81,0.32,0.00,-8.5,4.998,4.998,4.998,4.998,221
2022-01-06 06:30:22,3.1,3.4,90,0.0,0.0,0,0.0,0.0,0,45907.00,0.00,0.00,23,12.81,0.33,0.00,-8.5,4.998,4.998,4.998,4.998,224
2022-01-06 06:31:22,3.4,4.0,174,0.0,0.0,0,0.0,0.0,0,46081.00,0.00,0.00,23,12.81,0.33,0.00,-8.9,4.998,4.998,4.998,4.998,66
2022-01-06 06:32:22,1.2,3.3,91,0.0,0.0,0,0.0,0.0,0,46172.00,0.00,0.00,23,12.81,0.33,0.00,-8.9,4.998,4.998,4.998,4.998,127
2022-01-06 06:33:22,1.9,2.3,44,0.0,0.0,0,0.0,0.0,0,46216.00,0.00,0.00,24,12.81,0.33,0.00,-8.5,4.998,4.998,4.998,4.998,181
2022-01-06 06:34:22,2.8,3.1,114,0.0,0.0,0,0.0,0.0,0,46330.00,0.00,0.00,23,12.81,0.33,0.00,-8.9,4.998,4.998,4.998,4.998,248
2022-01-06 06:35:22,2.1,3.6,147,0.0,0.0,0,0.0,0.0,0,46477.00,0.00,0.00,23,12.81,0.33,0.00,-8.9,4.998,4.998,4.998,4.998,40
2022-01-06 06:36:22,2.2,3.0,111,0.0,0.0,0,0.0,0.0,0,46588.00,0.00,0.00,23,12.81,0.33,0.00,-8.5,4.998,4.998,4.998,4.998,229
2022-01-06 06:37:22,1.7,2.6,53,0.0,0.0,0,0.0,0.0,0,46641.00,0.00,0.00,24,12.81,0.33,0.00,-8.9,4.998,4.998,4.998,4.998,168
2022-01-06 06:38:22,2.1,2.5,79,0.0,0.0,0,0.0,0.0,0,46720.00,0.00,0.00,23,12.85,0.33,0.00,-8.9,4.998,4.998,4.998,4.998,53
2022-01-06 06:39:22,1.7,2.6,97,0.0,0.0,0,0.0,0.0,0,46817.00,0.00,0.00,23,12.81,0.33,0.00,-8.5,4.998,4.998,4.998,4.998,176
2022-01-06 06:40:22,2.4,3.4,114,0.0,0.0,0,0.0,0.0,0,46931.00,0.00,0.00,23,12.85,0.33,0.00,-8.9,4.998,4.998,4.998,4.998,122
2022-01-06 06:41:22,1.3,2.5,85,0.0,0.0,0,0.0,0.0,0,47016.00,0.00,0.00,23,12.81,0.33,0.00,-8.5,4.998,4.998,4.998,4.998,74
2022-01-06 06:42:22,1.2,2.1,49,0.0,0.0,0,0.0,0.0,0,47065.00,0.00,0.00,23,12.81,0.33,0.00,-8.9,4.998,4.998,4.998,4.998,129
2022-01-06 06:43:22,0.0,1.9,36,0.0,0.0,0,0.0,0.0,0,47101.00,0.00,0.00,23,12.81,0.33,0.00,-8.9,4.998,4.998,4.998,4.998,103
2022-01-06 06:44:22,1.2,2.7,52,0.0,0.0,0,0.0,0.0,0,47153.00,0.00,0.00,23,12.81,0.33,0.00,-8.9,4.998,4.998,4.998,4.998,121
2022-01-06 06:45:22,0.0,1.3,4,0.0,0.0,0,0.0,0.0,0,47157.00,0.00,0.00,23,12.81,0.33,0.00,-8.9,4.998,4.998,4.998,4.998,114
2022-01-06 06:46:22,1.8,2.3,40,0.0,0.0,0,0.0,0.0,0,47197.00,0.00,0.00,23,12.81,0.33,0.00,-8.9,4.998,4.998,4.998,4.998,142
2022-01-06 06:47:22,0.0,1.6,24,0.0,0.0,0,0.0,0.0,0,47221.00,0.00,0.00,23,12.81,0.33,0.00,-8.9,4.998,4.998,4.998,4.998,50
2022-01-06 06:48:22,0.0,0.0,0,0.0,0.0,0,0.0,0.0,0,47221.00,0.00,0.00,23,12.81,0.33,0.00,-8.5,4.998,4.998,4.998,4.998,209
2022-01-06 06:49:22,0.0,1.7,10,0.0,0.0,0,0.0,0.0,0,47231.00,0.00,0.00,23,12.81,0.33,0.00,-8.9,4.998,4.998,4.998,4.998,140
2022-01-06 06:50:22,0.0,0.0,0,0.0,0.0,0,0.0,0.0,0,47231.00,0.00,0.00,23,12.81,0.33,0.00,-8.9,4.998,4.998,4.998,4.998,70
2022-01-06 06:51:22,0.0,2.5,38,0.0,0.0,0,0.0,0.0,0,47269.00,0.00,0.00,23,12.81,0.33,0.00,-8.5,4.998,4.998,4.998,4.998,97
2022-01-06 06:52:22,2.0,2.1,33,0.0,0.0,0,0.0,0.0,0,47302.00,0.00,0.00,23,12.81,0.33,0.00,-8.9,4.998,4.998,4.998,4.998,89
2022-01-06 06:53:22,0.0,2.6,74,0.0,0.0,0,0.0,0.0,0,47376.00,0.00,0.00,23,12.81,0.33,0.00,-8.5,4.998,4.998,4.998,4.998,22
2022-01-06 06:54:22,0.0,0.0,0,0.0,0.0,0,0.0,0.0,0,47376.00,0.00,0.00,23,12.81,0.33,0.00,-8.5,4.998,4.998,4.998,4.998,69
2022-01-06 06:55:22,0.0,1.1,2,0.0,0.0,0,0.0,0.0,0,47378.00,0.00,0.00,23,12.81,0.33,0.00,-8.5,4.998,4.998,4.998,4.998,245
2022-01-06 06:56:22,2.9,3.2,105,0.0,0.0,0,0.0,0.0,0,47483.00,0.00,0.00,23,12.81,0.32,0.00,-8.5,4.998,4.998,4.998,4.998,157
2022-01-06 06:57:22,1.9,2.8,82,0.0,0.0,0,0.0,0.0,0,47565.00,0.00,0.00,23,12.81,0.33,0.00,-8.9,4.998,4.998,4.998,4.998,124
2022-01-06 06:58:22,0.0,2.5,79,0.0,0.0,0,0.0,0.0,0,47644.00,0.00,0.00,23,12.81,0.33,0.00,-8.5,4.998,4.998,4.998,4.998,216
2022-01-06 06:59:22,0.0,2.3,41,0.0,0.0,0,0.0,0.0,0,47685.00,0.00,0.00,23,12.81,0.33,0.00,-8.5,4.998,4.998,4.998,4.998,138
2022-01-06 07:00:22,0.0,2.2,12,0.0,0.0,0,0.0,0.0,0,47697.00,0.00,0.00,23,12.81,0.33,0.00,-8.5,4.998,4.998,4.998,4.998,121
2022-01-06 07:01:22,0.0,2.4,44,0.0,0.0,0,0.0,0.0,0,47741.00,0.00,0.00,23,12.81,0.32,0.00,-8.9,4.998,4.998,4.998,4.998,8
2022-01-06 07:02:22,0.0,1.0,3,0.0,0.0,0,0.0,0.0,0,47744.00,0.00,0.00,23,12.81,0.33,0.00,-8.9,4.998,4.998,4.998,4.998,239
2022-01-06 07:03:22,0.0,0.0,0,0.0,0.0,0,0.0,0.0,0,47744.00,0.00,0.00,23,12.81,0.32,0.00,-8.9,4.998,4.998,4.998,4.998,252
2022-01-06 07:04:22,0.0,0.0,0,0.0,0.0,0,0.0,0.0,0,47744.00,0.00,0.00,23,12.81,0.33,0.00,-8.5,4.998,4.998,4.998,4.998,154
2022-01-06 07:05:22,0.0,1.2,5,0.0,0.0,0,0.0,0.0,0,47749.00,0.00,0.00,23,12.81,0.33,0.00,-8.5,4.998,4.998,4.998,4.998,34
2022-01-06 07:06:22,0.0,0.0,0,0.0,0.0,0,0.0,0.0,0,47749.00,0.00,0.00,23,12.81,0.33,0.00,-8.9,4.998,4.998,4.998,4.998,116
2022-01-06 07:07:22,0.0,0.0,0,0.0,0.0,0,0.0,0.0,0,47749.00,0.00,0.00,23,12.81,0.32,0.00,-8.5,4.998,4.998,4.998,4.998,60
2022-01-06 07:08:22,1.4,2.4,56,0.0,0.0,0,0.0,0.0,0,47805.00,0.00,0.00,23,12.81,0.32,0.00,-8.5,4.998,4.998,4.998,4.998,200
2022-01-06 07:09:22,0.0,2.0,32,0.0,0.0,0,0.0,0.0,0,47837.00,0.00,0.00,23,12.81,0.32,0.00,-8.9,4.998,4.998,4.998,4.998,117
2022-01-06 07:10:22,0.0,0.0,0,0.0,0.0,0,0.0,0.0,0,47837.00,0.00,0.00,23,12.81,0.32,0.00,-8.9,4.998,4.998,4.998,4.998,40
2022-01-06 07:11:22,0.0,0.0,0,0.0,0.0,0,0.0,0.0,0,47837.00,0.00,0.00,23,12.81,0.32,0.00,-8.9,4.998,4.998,4.998,4.998,64
2022-01-06 07:12:22,0.0,0.0,0,0.0,0.0,0,0.0,0.0,0,47837.00,0.00,0.00,23,12.81,0.32,0.00,-8.9,4.998,4.998,4.998,4.998,28
2022-01-06 07:13:22,0.0,0.0,0,0.0,0.0,0,0.0,0.0,0,47837.00,0.00,0.00,23,12.81,0.32,0.00,-8.9,4.998,4.998,4.998,4.998,116
2022-01-06 07:14:22,0.0,0.0,0,0.0,0.0,0,0.0,0.0,0,47837.00,0.00,0.00,23,12.81,0.32,0.00,-8.9,4.998,4.998,4.998,4.998,50
2022-01-06 07:15:22,2.4,2.6,52,0.0,0.0,0,0.0,0.0,0,47889.00,0.00,0.00,23,12.81,0.32,0.00,-8.5,4.998,4.998,4.998,4.998,246
2022-01-06 07:16:22,0.0,2.6,31,0.0,0.0,0,0.0,0.0,0,47920.00,0.00,0.00,23,12.81,0.32,0.00,-8.9,4.998,4.998,4.998,4.998,145
2022-01-06 07:17:22,1.6,1.8,6,0.0,0.0,0,0.0,0.0,0,47926.00,0.00,0.00,23,12.81,0.32,0.00,-8.9,4.998,4.998,4.998,4.998,200
2022-01-06 07:18:22,0.0,1.7,7,0.0,0.0,0,0.0,0.0,0,47933.00,0.00,0.00,23,12.81,0.32,0.00,-8.9,4.998,4.998,4.998,4.998,58
2022-01-06 07:19:22,1.1,2.3,66,0.0,0.0,0,0.0,0.0,0,47999.00,0.00,0.00,23,12.81,0.32,0.00,-8.9,4.998,4.998,4.998,4.998,88
2022-01-06 07:20:22,0.0,1.2,2,0.0,0.0,0,0.0,0.0,0,48001.00,0.00,0.00,23,12.81,0.32,0.00,-8.9,4.998,4.998,4.998,4.998,6
2022-01-06 07:21:22,2.0,2.5,32,0.0,0.0,0,0.0,0.0,0,48033.00,0.00,0.00,23,12.81,0.32,0.00,-8.9,4.998,4.998,4.998,4.998,212
2022-01-06 07:22:22,0.0,2.0,64,0.0,0.0,0,0.0,0.0,0,48097.00,0.00,0.00,23,12.81,0.32,0.00,-8.9,4.998,4.998,4.998,4.998,57
2022-01-06 07:23:22,0.0,0.0,0,0.0,0.0,0,0.0,0.0,0,48097.00,0.00,0.00,23,12.81,0.32,0.00,-8.9,4.998,4.998,4.998,4.998,42
2022-01-06 07:24:22,0.0,0.0,0,0.0,0.0,0,0.0,0.0,0,48097.00,0.00,0.00,23,12.81,0.32,0.00,-8.5,4.998,4.998,4.998,4.998,135
2022-01-06 07:25:22,0.0,0.0,0,0.0,0.0,0,0.0,0.0,0,48097.00,0.00,0.00,23,12.81,0.32,0.00,-8.9,4.998,4.998,4.998,4.998,4
2022-01-06 07:26:22,0.0,0.0,0,0.0,0.0,0,0.0,0.0,0,48097.00,0.00,0.00,23,12.81,0.32,0.00,-8.9,4.998,4.998,4.998,4.998,88
2022-01-06 07:27:22,0.0,0.0,0,0.0,0.0,0,0.0,0.0,0,48097.00,0.00,0.00,23,12.81,0.32,0.00,-8.9,4.998,4.998,4.998,4.998,48
2022-01-06 07:28:22,1.3,1.5,12,0.0,0.0,0,0.0,0.0,0,48109.00,0.00,0.00,23,12.81,0.32,0.00,-8.9,4.998,4.998,4.998,4.998,15
2022-01-06 07:29:22,0.0,1.1,4,0.0,0.0,0,0.0,0.0,0,48113.00,0.00,0.00,23,12.81,0.32,0.00,-8.9,4.998,4.998,4.998,4.998,56
2022-01-06 07:30:22,0.0,0.0,0,0.0,0.0,0,0.0,0.0,0,48113.00,0.00,0.00,23,12.81,0.32,0.00,-8.5,4.998,4.998,4.998,4.998,49
2022-01-06 07:31:22,0.0,0.0,0,0.0,0.0,0,0.0,0.0,0,48113.00,0.00,0.00,23,12.81,0.32,0.00,-8.9,4.998,4.998,4.998,4.998,178
2022-01-06 07:32:22,0.0,0.0,0,0.0,0.0,0,0.0,0.0,0,48113.00,0.00,0.00,23,12.81,0.32,0.00,-8.9,4.998,4.998,4.998,4.998,238
2022-01-06 07:33:22,2.2,2.5,26,0.0,0.0,0,0.0,0.0,0,48139.00,0.00,0.00,23,12.81,0.32,0.00,-8.9,4.998,4.998,4.998,4.998,6
2022-01-06 07:34:22,1.2,2.1,45,0.0,0.0,0,0.0,0.0,0,48184.00,0.00,0.00,23,12.81,0.32,0.00,-8.9,4.998,4.998,4.998,4.998,231
2022-01-06 07:35:22,0.0,1.6,17,0.0,0.0,0,0.0,0.0,0,48201.00,0.00,0.00,23,12.81,0.32,0.00,-8.9,4.998,4.998,4.998,4.998,238
2022-01-06 07:36:22,1.9,2.3,20,0.0,0.0,0,0.0,0.0,0,48221.00,0.00,0.00,23,12.81,0.32,0.00,-9.4,4.998,4.998,4.998,4.998,254
2022-01-06 07:37:22,0.0,2.5,40,0.0,0.0,0,0.0,0.0,0,48261.00,0.00,0.00,23,12.81,0.32,0.00,-8.5,4.998,4.998,4.998,4.998,246
2022-01-06 07:38:22,2.8,3.5,112,0.0,0.0,0,0.0,0.0,0,48373.00,0.00,0.00,23,12.81,0.32,0.00,-8.5,4.998,4.998,4.998,4.998,36
2022-01-06 07:39:22,1.9,2.9,80,0.0,0.0,0,0.0,0.0,0,48453.00,0.00,0.00,23,12.81,0.32,0.00,-8.9,4.998,4.998,4.998,4.998,47
2022-01-06 07:40:22,0.0,1.9,24,0.0,0.0,0,0.0,0.0,0,48477.00,0.00,0.00,23,12.81,0.32,0.00,-8.9,4.998,4.998,4.998,4.998,249
2022-01-06 07:41:22,2.1,2.1,4,0.0,0.0,0,0.0,0.0,0,48481.00,0.00,0.00,23,12.81,0.32,0.00,-8.9,4.998,4.998,4.998,4.998,70
2022-01-06 07:42:22,0.0,3.2,83,0.0,0.0,0,0.0,0.0,0,48564.00,0.00,0.00,23,12.81,0.32,0.00,-8.9,4.998,4.998,4.998,4.998,114
2022-01-06 07:43:22,2.9,3.0,20,0.0,0.0,0,0.0,0.0,0,48584.00,0.00,0.00,23,12.81,0.32,0.00,-8.9,4.998,4.998,4.998,4.998,172
2022-01-06 07:44:22,0.0,3.9,93,0.0,0.0,0,0.0,0.0,0,48677.00,0.00,0.00,23,12.77,0.32,0.00,-8.9,4.998,4.998,4.998,4.998,220
2022-01-06 07:45:22,2.9,3.1,48,0.0,0.0,0,0.0,0.0,0,48725.00,0.00,0.00,23,12.81,0.32,0.00,-8.9,4.998,4.998,4.998,4.998,123
2022-01-06 07:46:22,1.1,2.8,72,0.0,0.0,0,0.0,0.0,0,48797.00,0.00,0.00,23,12.81,0.32,0.00,-8.9,4.998,4.998,4.998,4.998,40
2022-01-06 07:47:22,0.0,0.0,0,0.0,0.0,0,0.0,0.0,0,48797.00,0.00,0.00,23,12.81,0.32,0.00,-8.9,4.998,4.998,4.998,4.998,81
2022-01-06 07:48:22,2.2,2.6,66,0.0,0.0,0,0.0,0.0,0,48863.00,0.00,0.00,23,12.81,0.32,0.00,-8.9,4.998,4.998,4.998,4.998,205
2022-01-06 07:49:22,0.0,2.3,33,0.0,0.0,0,0.0,0.0,0,48896.00,0.00,0.00,23,12.81,0.32,0.00,-8.9,4.998,4.998,4.998,4.998,202
2022-01-06 07:50:22,2.0,2.4,34,0.0,0.0,0,0.0,0.0,0,48930.00,0.00,0.00,23,12.81,0.32,0.00,-8.9,4.998,4.998,4.998,4.998,73
2022-01-06 07:51:22,1.4,2.8,104,0.0,0.0,0,0.0,0.0,0,49034.00,0.00,0.00,23,12.81,0.32,0.00,-8.9,4.998,4.998,4.998,4.998,116
2022-01-06 07:52:22,0.0,1.4,3,0.0,0.0,0,0.0,0.0,0,49037.00,0.00,0.00,23,12.81,0.32,0.00,-8.9,4.998,4.998,4.998,4.998,65
2022-01-06 07:53:22,0.0,0.0,0,0.0,0.0,0,0.0,0.0,0,49037.00,0.00,0.00,23,12.81,0.32,0.00,-9.4,4.998,4.998,4.998,4.998,182
2022-01-06 07:54:22,0.0,0.0,0,0.0,0.0,0,0.0,0.0,0,49037.00,0.00,0.00,23,12.81,0.32,0.00,-8.9,4.998,4.998,4.998,4.998,238
2022-01-06 07:55:22,1.0,2.5,59,0.0,0.0,0,0.0,0.0,0,49096.00,0.00,0.00,23,12.81,0.32,0.00,-9.4,4.998,4.998,4.998,4.998,222
2022-01-06 07:56:22,1.8,2.5,46,0.0,0.0,0,0.0,0.0,0,49142.00,0.00,0.00,23,12.81,0.32,0.00,-8.9,4.998,4.998,4.998,4.998,181
2022-01-06 07:57:22,1.1,3.3,66,0.0,0.0,0,0.0,0.0,0,49208.00,0.00,0.00,9,12.81,0.12,0.00,-9.4,4.998,4.998,4.998,4.998,151
2022-01-06 07:58:22,1.1,4.4,129,0.0,0.0,0,0.0,0.0,0,49337.00,0.00,0.00,8,12.81,0.12,0.00,-8.9,4.998,4.998,4.998,4.998,206
2022-01-06 07:59:22,0.0,0.0,0,0.0,0.0,0,0.0,0.0,0,49337.00,0.00,0.00,9,12.81,0.12,0.00,-9.4,4.998,4.998,4.998,4.998,88
2022-01-06 08:00:22,1.7,2.2,60,0.0,0.0,0,0.0,0.0,0,49397.00,0.00,0.00,8,12.81,0.12,0.00,-8.9,4.998,4.998,4.998,4.998,156
2022-01-06 08:01:22,2.6,3.1,56,0.0,0.0,0,0.0,0.0,0,49453.00,0.00,0.00,9,12.81,0.12,0.00,-8.9,4.998,4.998,4.998,4.998,68
2022-01-06 08:02:22,2.9,3.4,70,0.0,0.0,0,0.0,0.0,0,49523.00,0.00,0.00,8,12.81,0.12,0.00,-8.9,4.998,4.998,4.998,4.998,48
2022-01-06 08:03:22,2.4,4.4,173,0.0,0.0,0,0.0,0.0,0,49696.00,0.00,0.00,321,12.81,4.46,0.00,-8.9,4.998,4.998,4.998,4.998,96
2022-01-06 08:04:22,1.5,2.8,64,0.0,0.0,0,0.0,0.0,0,49760.00,0.00,0.00,320,12.81,4.45,0.00,-8.9,4.998,4.998,4.998,4.998,21
2022-01-06 08:05:22,0.0,3.3,53,0.0,0.0,0,0.0,0.0,0,49813.00,0.00,0.00,320,12.81,4.45,0.00,-9.4,4.998,4.998,4.998,4.998,62
2022-01-06 08:06:22,0.0,1.9,30,0.0,0.0,0,0.0,0.0,0,49843.00,0.00,0.00,321,12.81,4.46,0.00,-9.4,4.998,4.998,4.998,4.998,138
2022-01-06 08:07:22,0.0,1.3,6,0.0,0.0,0,0.0,0.0,0,49849.00,0.00,0.00,321,12.81,4.46,0.00,-9.4,4.998,4.998,4.998,4.998,243
2022-01-06 08:08:22,2.0,3.8,84,0.0,0.0,0,0.0,0.0,0,49933.00,0.00,0.00,321,12.81,4.46,0.00,-9.4,4.998,4.998,4.998,4.998,74
2022-01-06 08:09:22,0.9,2.6,49,0.0,0.0,0,0.0,0.0,0,49982.00,0.00,0.00,321,12.81,4.46,0.00,-9.4,4.998,4.998,4.998,4.998,27
2022-01-06 08:10:22,3.6,4.3,184,0.0,0.0,0,0.0,0.0,0,50166.00,0.00,0.00,322,12.81,4.47,0.00,-9.4,4.998,4.998,4.998,4.998,20
2022-01-06 08:11:22,2.4,5.0,156,0.0,0.0,0,0.0,0.0,0,50322.00,0.00,0.00,337,12.81,4.68,0.00,-9.4,4.998,4.998,4.998,4.998,7
2022-01-06 08:12:22,3.9,4.2,145,0.0,0.0,0,0.0,0.0,0,50467.00,0.00,0.00,343,12.81,4.77,0.00,-9.4,4.998,4.998,4.998,4.998,56
2022-01-06 08:13:22,2.8,5.6,211,0.0,0.0,0,0.0,0.0,0,50678.00,0.00,0.00,324,12.81,4.50,0.00,-9.4,4.998,4.998,4.998,4.998,106
2022-01-06 08:14:22,2.5,5.0,199,0.0,0.0,0,0.0,0.0,0,50877.00,0.00,0.00,327,12.81,4.55,0.00,-9.4,4.998,4.998,4.998,4.998,28
2022-01-06 08:15:22,2.4,3.8,123,0.0,0.0,0,0.0,0.0,0,51000.00,0.00,0.00,317,12.81,4.41,0.00,-9.4,4.998,4.998,4.998,4.998,128
2022-01-06 08:16:22,3.7,3.7,63,0.0,0.0,0,0.0,0.0,0,51063.00,0.00,0.00,326,12.81,4.53,0.00,-9.4,4.998,4.998,4.998,4.998,185
2022-01-06 08:17:22,0.0,3.5,78,0.0,0.0,0,0.0,0.0,0,51141.00,0.00,0.00,328,12.81,4.55,0.00,-9.4,4.998,4.998,4.998,4.998,160
2022-01-06 08:18:22,1.3,3.2,85,0.0,0.0,0,0.0,0.0,0,51226.00,0.00,0.00,328,12.81,4.56,0.00,-9.4,4.998,4.998,4.998,4.998,132
2022-01-06 08:19:22,2.6,4.1,38,0.0,0.0,0,0.0,0.0,0,51264.00,0.00,0.00,315,12.81,4.37,0.00,-9.4,4.998,4.998,4.998,4.998,147
2022-01-06 08:20:22,4.1,6.1,210,0.0,0.0,0,0.0,0.0,0,51474.00,0.00,0.00,341,12.81,4.73,0.00,-9.4,4.998,4.998,4.998,4.998,70
2022-01-06 08:21:22,2.1,4.8,167,0.0,0.0,0,0.0,0.0,0,51641.00,0.00,0.00,340,12.81,4.73,0.00,-9.4,4.998,4.998,4.998,4.998,76
2022-01-06 08:22:22,0.0,2.0,8,0.0,0.0,0,0.0,0.0,0,51649.00,0.00,0.00,341,12.81,4.73,0.00,-9.4,4.998,4.998,4.998,4.998,244
2022-01-06 08:23:22,1.7,4.9,112,0.0,0.0,0,0.0,0.0,0,51761.00,0.00,0.00,359,12.81,4.99,0.00,-9.4,4.998,4.998,4.998,4.998,90
2022-01-06 08:24:22,0.0,1.8,31,0.0,0.0,0,0.0,0.0,0,51792.00,0.00,0.00,359,12.81,4.99,0.00,-9.4,4.998,4.998,4.998,4.998,232
2022-01-06 08:25:22,3.1,5.9,213,0.0,0.0,0,0.0,0.0,0,52005.00,0.00,0.00,310,12.81,4.31,0.00,-9.4,4.998,4.998,4.998,4.998,21
2022-01-06 08:26:22,2.0,5.5,187,0.0,0.0,0,0.0,0.0,0,52192.00,0.00,0.00,310,12.81,4.30,0.00,-9.4,4.998,4.998,4.998,4.998,121
2022-01-06 08:27:22,2.1,3.7,83,0.0,0.0,0,0.0,0.0,0,52275.00,0.00,0.00,310,12.81,4.30,0.00,-9.4,4.998,4.998,4.998,4.998,6
2022-01-06 08:28:22,2.6,3.2,60,0.0,0.0,0,0.0,0.0,0,52335.00,0.00,0.00,309,12.81,4.30,0.00,-9.9,4.998,4.998,4.998,4.998,189
2022-01-06 08:29:22,1.5,3.7,111,0.0,0.0,0,0.0,0.0,0,52446.00,0.00,0.00,310,12.77,4.30,0.00,-9.4,4.998,4.998,4.998,4.998,235
2022-01-06 08:30:22,2.9,3.1,57,0.0,0.0,0,0.0,0.0,0,52503.00,0.00,0.00,310,12.77,4.30,0.00,-9.4,4.998,4.998,4.998,4.998,220
2022-01-06 08:31:22,1.8,3.6,128,0.0,0.0,0,0.0,0.0,0,52631.00,0.00,0.00,329,12.81,4.57,0.00,-9.9,4.998,4.998,4.998,4.998,26
2022-01-06 08:32:22,3.3,5.8,182,0.0,0.0,0,0.0,0.0,0,52813.00,0.00,0.00,323,12.77,4.48,0.00,-9.4,4.998,4.998,4.998,4.998,82
2022-01-06 08:33:22,2.3,3.2,125,0.0,0.0,0,0.0,0.0,0,52938.00,0.00,0.00,349,12.77,4.85,0.00,-9.9,4.998,4.998,4.998,4.998,194
2022-01-06 08:34:22,1.9,3.2,113,0.0,0.0,0,0.0,0.0,0,53051.00,0.00,0.00,349,12.81,4.84,0.00,-9.9,4.998,4.998,4.998,4.998,240
2022-01-06 08:35:22,3.4,6.0,175,0.0,0.0,0,0.0,0.0,0,53226.00,0.00,0.00,344,12.77,4.79,0.00,-9.9,4.998,4.998,4.998,4.998,79
2022-01-06 08:36:22,0.0,3.9,42,0.0,0.0,0,0.0,0.0,0,53268.00,0.00,0.00,330,12.81,4.59,0.00,-9.9,4.998,4.998,4.998,4.998,233
2022-01-06 08:37:22,3.4,4.8,121,0.0,0.0,0,0.0,0.0,0,53389.00,0.00,0.00,325,12.77,4.51,0.00,-9.9,4.998,4.998,4.998,4.998,31
2022-01-06 08:38:22,4.6,6.3,137,0.0,0.0,0,0.0,0.0,0,53526.00,0.00,0.00,311,12.81,4.33,0.00,-9.9,4.998,4.998,4.998,4.998,123
2022-01-06 08:39:22,3.4,5.6,230,0.0,0.0,0,0.0,0.0,0,53756.00,0.00,0.00,338,12.81,4.69,0.00,-9.9,4.998,4.998,4.998,4.998,104
2022-01-06 08:40:22,2.9,6.5,220,0.0,0.0,0,0.0,0.0,0,53976.00,0.00,0.00,328,12.77,4.55,0.00,-10.4,4.998,4.998,4.998,4.998,23
2022-01-06 08:41:22,2.9,4.6,165,0.0,0.0,0,0.0,0.0,0,54141.00,0.00,0.00,305,12.77,4.24,0.00,-10.4,4.998,4.998,4.998,4.998,102
2022-01-06 08:42:22,3.5,4.9,156,0.0,0.0,0,0.0,0.0,0,54297.00,0.00,0.00,304,12.81,4.23,0.00,-9.9,4.998,4.998,4.998,4.998,132
2022-01-06 08:43:22,3.3,3.8,127,0.0,0.0,0,0.0,0.0,0,54424.00,0.00,0.00,303,12.77,4.21,0.00,-9.9,4.998,4.998,4.998,4.998,126
2022-01-06 08:44:22,1.8,3.8,148,0.0,0.0,0,0.0,0.0,0,54572.00,0.00,0.00,303,12.77,4.21,0.00,-9.9,4.998,4.998,4.998,4.998,255
2022-01-06 08:45:22,5.5,6.9,242,0.0,0.0,0,0.0,0.0,0,54814.00,0.00,0.00,288,12.77,4.00,0.00,-9.9,4.998,4.998,4.998,4.998,246
2022-01-06 08:46:22,1.8,5.9,175,0.0,0.0,0,0.0,0.0,0,54989.00,0.00,0.00,284,12.77,3.94,0.00,-9.9,4.998,4.998,4.998,4.998,25
2022-01-06 08:47:22,1.3,2.3,35,0.0,0.0,0,0.0,0.0,0,55024.00,0.00,0.00,284,12.77,3.95,0.00,-9.9,4.998,4.998,4.998,4.998,227
2022-01-06 08:48:22,2.0,3.9,105,0.0,0.0,0,0.0,0.0,0,55129.00,0.00,0.00,279,12.77,3.88,0.00,-10.4,4.998,4.998,4.998,4.998,252
2022-01-06 08:49:22,2.4,4.1,108,0.0,0.0,0,0.0,0.0,0,55237.00,0.00,0.00,280,12.77,3.90,0.00,-9.9,4.998,4.998,4.998,4.998,52
2022-01-06 08:50:22,2.5,3.9,149,0.0,0.0,0,0.0,0.0,0,55386.00,0.00,0.00,280,12.77,3.89,0.00,-9.9,4.998,4.998,4.998,4.998,69
2022-01-06 08:51:22,1.8,4.6,143,0.0,0.0,0,0.0,0.0,0,55529.00,0.00,0.00,280,12.77,3.89,0.00,-9.9,4.998,4.998,4.998,4.998,9
2022-01-06 08:52:22,2.1,4.6,143,0.0,0.0,0,0.0,0.0,0,55672.00,0.00,0.00,324,12.77,4.51,0.00,-10.4,4.998,4.998,4.998,4.998,34
2022-01-06 08:53:22,1.4,4.4,152,0.0,0.0,0,0.0,0.0,0,55824.00,0.00,0.00,297,12.77,4.13,0.00,-10.4,4.998,4.998,4.998,4.998,49
2022-01-06 08:54:22,1.5,2.5,39,0.0,0.0,0,0.0,0.0,0,55863.00,0.00,0.00,297,12.77,4.13,0.00,-9.9,4.998,4.998,4.998,4.998,15
2022-01-06 08:55:22,2.8,4.3,136,0.0,0.0,0,0.0,0.0,0,55999.00,0.00,0.00,302,12.77,4.20,0.00,-10.4,4.998,4.998,4.998,4.998,94
2022-01-06 08:56:22,3.1,4.3,123,0.0,0.0,0,0.0,0.0,0,56122.00,0.00,0.00,304,12.77,4.23,0.00,-9.9,4.998,4.998,4.998,4.998,3
2022-01-06 08:57:22,1.8,3.6,123,0.0,0.0,0,0.0,0.0,0,56245.00,0.00,0.00,309,12.77,4.29,0.00,-10.4,4.998,4.998,4.998,4.998,74
2022-01-06 08:58:22,1.9,3.6,104,0.0,0.0,0,0.0,0.0,0,56349.00,0.00,0.00,309,12.77,4.29,0.00,-9.9,4.998,4.998,4.998,4.998,122
2022-01-06 08:59:22,2.3,3.9,142,0.0,0.0,0,0.0,0.0,0,56491.00,0.00,0.00,319,12.77,4.44,0.00,-10.4,4.998,4.998,4.998,4.998,210
2022-01-06 09:00:22,0.0,3.3,54,0.0,0.0,0,0.0,0.0,0,56545.00,0.00,0.00,320,12.77,4.45,0.00,-10.4,4.998,4.998,4.998,4.998,228
2022-01-06 09:01:22,0.0,0.0,0,0.0,0.0,0,0.0,0.0,0,56545.00,0.00,0.00,320,12.77,4.45,0.00,-10.4,4.998,4.998,4.998,4.998,125
2022-01-06 09:02:22,3.4,4.7,140,0.0,0.0,0,0.0,0.0,0,56685.00,0.00,0.00,335,12.77,4.65,0.00,-9.9,4.998,4.998,4.998,4.998,179
2022-01-06 09:03:22,3.1,3.7,75,0.0,0.0,0,0.0,0.0,0,56760.00,0.00,0.00,333,12.77,4.62,0.00,-9.9,4.998,4.998,4.998,4.998,146
2022-01-06 09:04:22,2.4,6.1,198,0.0,0.0,0,0.0,0.0,0,56958.00,0.00,0.00,310,12.77,4.31,0.00,-9.9,4.998,4.998,4.998,4.998,42
2022-01-06 09:05:22,1.5,2.5,71,0.0,0.0,0,0.0,0.0,0,57029.00,0.00,0.00,310,12.77,4.31,0.00,-9.9,4.998,4.998,4.998,4.998,187
2022-01-06 09:06:22,0.0,1.6,6,0.0,0.0,0,0.0,0.0,0,57035.00,0.00,0.00,310,12.81,4.31,0.00,-10.4,4.998,4.998,4.998,4.998,207
2022-01-06 09:07:22,1.9,1.9,6,0.0,0.0,0,0.0,0.0,0,57041.00,0.00,0.00,310,12.77,4.31,0.00,-9.9,4.998,4.998,4.998,4.998,48
2022-01-06 09:08:22,1.7,3.4,85,0.0,0.0,0,0.0,0.0,0,57126.00,0.00,0.00,309,12.77,4.30,0.00,-9.9,4.998,4.998,4.998,4.998,225
2022-01-06 09:09:22,2.5,4.2,132,0.0,0.0,0,0.0,0.0,0,57258.00,0.00,0.00,335,12.77,4.65,0.00,-10.4,4.998,4.998,4.998,4.998,105
2022-01-06 09:10:22,2.3,3.6,138,0.0,0.0,0,0.0,0.0,0,57396.00,0.00,0.00,333,12.77,4.63,0.00,-9.9,4.998,4.998,4.998,4.998,112
2022-01-06 09:11:22,2.8,4.9,170,0.0,0.0,0,0.0,0.0,0,57566.00,0.00,0.00,293,12.77,4.08,0.00,-10.4,4.998,4.998,4.998,4.998,222
2022-01-06 09:12:22,3.1,4.5,112,0.0,0.0,0,0.0,0.0,0,57678.00,0.00,0.00,308,12.77,4.28,0.00,-9.9,4.998,4.998,4.998,4.998,199
2022-01-06 09:13:22,3.7,4.1,158,0.0,0.0,0,0.0,0.0,0,57836.00,0.00,0.00,328,12.77,4.56,0.00,-9.9,4.998,4.998,4.998,4.998,116
2022-01-06 09:14:22,5.0,5.7,123,0.0,0.0,0,0.0,0.0,0,57959.00,0.00,0.00,328,12.77,4.55,0.00,-10.4,4.998,4.998,4.998,4.998,166
2022-01-06 09:15:22,4.4,5.5,229,0.0,0.0,0,0.0,0.0,0,58188.00,0.00,0.00,335,12.77,4.66,0.00,-9.9,4.998,4.998,4.998,4.998,124
2022-01-06 09:16:22,2.4,4.7,158,0.0,0.0,0,0.0,0.0,0,58346.00,0.00,0.00,335,12.77,4.66,0.00,-9.9,4.998,4.998,4.998,4.998,121
2022-01-06 09:17:22,3.9,6.1,208,0.0,0.0,0,0.0,0.0,0,58554.00,0.00,0.00,343,12.77,4.77,0.00,-9.9,4.998,4.998,4.998,4.998,187
2022-01-06 09:18:22,1.7,4.1,132,0.0,0.0,0,0.0,0.0,0,58686.00,0.00,0.00,249,12.77,3.46,0.00,-9.9,4.998,4.998,4.998,4.998,228
2022-01-06 09:19:22,1.8,3.7,96,0.0,0.0,0,0.0,0.0,0,58782.00,0.00,0.00,342,12.77,4.76,0.00,-9.9,4.998,4.998,4.998,4.998,194
2022-01-06 09:20:22,1.6,3.0,84,0.0,0.0,0,0.0,0.0,0,58866.00,0.00,0.00,342,12.81,4.76,0.00,-10.4,4.998,4.998,4.998,4.998,234
2022-01-06 09:21:22,2.0,3.4,108,0.0,0.0,0,0.0,0.0,0,58974.00,0.00,0.00,343,12.77,4.76,0.00,-9.9,4.998,4.998,4.998,4.998,115
2022-01-06 09:22:22,2.4,2.5,66,0.0,0.0,0,0.0,0.0,0,59040.00,0.00,0.00,343,12.81,4.76,0.00,-10.4,4.998,4.998,4.998,4.998,99
2022-01-06 09:23:22,2.2,2.7,73,0.0,0.0,0,0.0,0.0,0,59113.00,0.00,0.00,342,12.77,4.76,0.00,-9.9,4.998,4.998,4.998,4.998,87
2022-01-06 09:24:22,2.9,3.0,106,0.0,0.0,0,0.0,0.0,0,59219.00,0.00,0.00,342,12.77,4.76,0.00,-9.9,4.998,4.998,4.998,4.998,98
2022-01-06 09:25:22,2.7,3.1,105,0.0,0.0,0,0.0,0.0,0,59324.00,0.00,0.00,342,12.77,4.76,0.00,-9.9,4.998,4.998,4.998,4.998,57
2022-01-06 09:26:22,2.4,3.9,140,0.0,0.0,0,0.0,0.0,0,59464.00,0.00,0.00,342,12.77,4.75,0.00,-9.9,4.998,4.998,4.998,4.998,0
2022-01-06 09:27:22,2.6,2.8,106,0.0,0.0,0,0.0,0.0,0,59570.00,0.00,0.00,342,12.77,4.75,0.00,-9.9,4.998,4.998,4.998,4.998,204
2022-01-06 09:28:22,1.4,3.4,85,0.0,0.0,0,0.0,0.0,0,59655.00,0.00,0.00,341,12.81,4.74,0.00,-9.9,4.998,4.998,4.998,4.998,150
2022-01-06 09:29:22,2.6,3.7,118,0.0,0.0,0,0.0,0.0,0,59773.00,0.00,0.00,341,12.81,4.74,0.00,-9.9,4.998,4.998,4.998,4.998,86
2022-01-06 09:30:22,1.9,3.0,102,0.0,0.0,0,0.0,0.0,0,59875.00,0.00,0.00,341,12.77,4.74,0.00,-9.9,4.998,4.998,4.998,4.998,19
2022-01-06 09:31:22,0.0,3.7,106,0.0,0.0,0,0.0,0.0,0,59981.00,0.00,0.00,341,12.81,4.74,0.00,-9.9,4.998,4.998,4.998,4.998,87
2022-01-06 09:32:22,3.2,3.4,102,0.0,0.0,0,0.0,0.0,0,60083.00,0.00,0.00,341,12.81,4.73,0.00,-9.4,4.998,4.998,4.998,4.998,246
2022-01-06 09:33:22,2.9,3.5,119,0.0,0.0,0,0.0,0.0,0,60202.00,0.00,0.00,341,12.77,4.74,0.00,-9.9,4.998,4.998,4.998,4.998,233
2022-01-06 09:34:22,1.2,2.9,83,0.0,0.0,0,0.0,0.0,0,60285.00,0.00,0.00,341,12.77,4.74,0.00,-9.9,4.998,4.998,4.998,4.998,38
2022-01-06 09:35:22,2.8,3.9,53,0.0,0.0,0,0.0,0.0,0,60338.00,0.00,0.00,329,12.81,4.58,0.00,-9.9,4.998,4.998,4.998,4.998,213
2022-01-06 09:36:22,2.8,3.4,123,0.0,0.0,0,0.0,0.0,0,60461.00,0.00,0.00,329,12.81,4.57,0.00,-9.9,4.998,4.998,4.998,4.998,91
2022-01-06 09:37:22,2.2,4.7,147,0.0,0.0,0,0.0,0.0,0,60608.00,0.00,0.00,319,12.81,4.43,0.00,-9.9,4.998,4.998,4.998,4.998,112
2022-01-06 09:38:22,4.3,5.9,180,0.0,0.0,0,0.0,0.0,0,60788.00,0.00,0.00,315,12.81,4.38,0.00,-9.9,4.998,4.998,4.998,4.998,62
2022-01-06 09:39:22,0.0,4.7,137,0.0,0.0,0,0.0,0.0,0,60925.00,0.00,0.00,315,12.77,4.37,0.00,-10.4,4.998,4.998,4.998,4.998,133
2022-01-06 09:40:22,2.3,3.9,137,0.0,0.0,0,0.0,0.0,0,61062.00,0.00,0.00,311,12.81,4.33,0.00,-9.9,4.998,4.998,4.998,4.998,60
2022-01-06 09:41:22,0.0,4.8,119,0.0,0.0,0,0.0,0.0,0,61181.00,0.00,0.00,266,12.77,3.69,0.00,-9.9,4.998,4.998,4.998,4.998,71
2022-01-06 09:42:22,1.3,3.3,64,0.0,0.0,0,0.0,0.0,0,61245.00,0.00,0.00,280,12.81,3.89,0.00,-9.9,4.998,4.998,4.998,4.998,164
2022-01-06 09:43:22,2.2,2.6,53,0.0,0.0,0,0.0,0.0,0,61298.00,0.00,0.00,280,12.81,3.89,0.00,-9.4,4.998,4.998,4.998,4.998,149
2022-01-06 09:44:22,2.6,5.9,220,0.0,0.0,0,0.0,0.0,0,61518.00,0.00,0.00,319,12.81,4.44,0.00,-9.9,4.998,4.998,4.998,4.998,152
2022-01-06 09:45:22,3.1,3.9,139,0.0,0.0,0,0.0,0.0,0,61657.00,0.00,0.00,325,12.81,4.52,0.00,-9.9,4.998,4.998,4.998,4.998,145
2022-01-06 09:46:22,2.2,4.2,146,0.0,0.0,0,0.0,0.0,0,61803.00,0.00,0.00,324,12.81,4.51,0.00,-9.9,4.998,4.998,4.998,4.998,201
2022-01-06 09:47:22,1.9,4.7,161,0.0,0.0,0,0.0,0.0,0,61964.00,0.00,0.00,325,12.81,4.51,0.00,-9.9,4.998,4.998,4.998,4.998,26
2022-01-06 09:48:22,2.6,4.2,145,0.0,0.0,0,0.0,0.0,0,62109.00,0.00,0.00,314,12.81,4.37,0.00,-9.9,4.998,4.998,4.998,4.998,249
2022-01-06 09:49:22,1.2,4.0,120,0.0,0.0,0,0.0,0.0,0,62229.00,0.00,0.00,313,12.81,4.35,0.00,-9.9,4.998,4.998,4.998,4.998,33
2022-01-06 09:50:22,1.8,4.9,160,0.0,0.0,0,0.0,0.0,0,62389.00,0.00,0.00,309,12.81,4.29,0.00,-9.9,4.998,4.998,4.998,4.998,14
2022-01-06 09:51:22,1.2,4.6,154,0.0,0.0,0,0.0,0.0,0,62543.00,0.00,0.00,310,12.81,4.31,0.00,-9.9,4.998,4.998,4.998,4.998,252
2022-01-06 09:52:22,0.0,2.4,38,0.0,0.0,0,0.0,0.0,0,62581.00,0.00,0.00,310,12.81,4.31,0.00,-9.9,4.998,4.998,4.998,4.998,11
2022-01-06 09:53:22,2.3,3.6,97,0.0,0.0,0,0.0,0.0,0,62678.00,0.00,0.00,310,12.81,4.30,0.00,-9.9,4.998,4.998,4.998,4.998,207
2022-01-06 09:54:22,2.2,4.0,160,0.0,0.0,0,0.0,0.0,0,62838.00,0.00,0.00,310,12.81,4.30,0.00,-9.9,4.998,4.998,4.998,4.998,69
2022-01-06 09:55:22,4.2,4.4,163,0.0,0.0,0,0.0,0.0,0,63001.00,0.00,0.00,306,12.81,4.25,0.00,-9.9,4.998,4.998,4.998,4.998,122
2022-01-06 09:56:22,2.1,4.5,147,0.0,0.0,0,0.0,0.0,0,63148.00,0.00,0.00,306,12.85,4.25,0.00,-9.9,4.998,4.998,4.998,4.998,174
2022-01-06 09:57:22,1.6,4.1,119,0.0,0.0,0,0.0,0.0,0,63267.00,0.00,0.00,305,12.81,4.24,0.00,-9.9,4.998,4.998,4.998,4.998,160
2022-01-06 09:58:22,1.7,3.1,103,0.0,0.0,0,0.0,0.0,0,63370.00,0.00,0.00,306,12.85,4.25,0.00,-9.4,4.998,4.998,4.998,4.998,241
2022-01-06 09:59:22,2.2,3.4,88,0.0,0.0,0,0.0,0.0,0,63458.00,0.00,0.00,306,12.85,4.25,0.00,-9.4,4.998,4.998,4.998,4.998,250
2022-01-06 10:00:22,3.0,3.1,49,0.0,0.0,0,0.0,0.0,0,63507.00,0.00,0.00,305,12.85,4.24,0.00,-9.4,4.998,4.998,4.998,4.998,240
2022-01-06 10:01:22,0.0,3.9,135,0.0,0.0,0,0.0,0.0,0,63642.00,0.00,0.00,282,12.81,3.92,0.00,-9.4,4.998,4.998,4.998,4.998,124
2022-01-06 10:02:22,3.1,4.8,180,0.0,0.0,0,0.0,0.0,0,63822.00,0.00,0.00,306,12.81,4.25,0.00,-9.4,4.998,4.998,4.998,4.998,108
2022-01-06 10:03:22,2.7,4.5,176,0.0,0.0,0,0.0,0.0,0,63998.00,0.00,0.00,307,12.81,4.27,0.00,-9.4,4.998,4.998,4.998,4.998,82
2022-01-06 10:04:22,2.4,4.7,167,0.0,0.0,0,0.0,0.0,0,64165.00,0.00,0.00,306,12.85,4.25,0.00,-9.4,4.998,4.998,4.998,4.998,167
2022-01-06 10:05:22,1.6,3.0,99,0.0,0.0,0,0.0,0.0,0,64264.00,0.00,0.00,306,12.81,4.25,0.00,-9.9,4.998,4.998,4.998,4.998,192
2022-01-06 10:06:22,3.9,5.2,190,0.0,0.0,0,0.0,0.0,0,64454.00,0.00,0.00,306,12.81,4.26,0.00,-9.9,4.998,4.998,4.998,4.998,248
2022-01-06 10:07:22,2.3,4.1,144,0.0,0.0,0,0.0,0.0,0,64598.00,0.00,0.00,306,12.85,4.25,0.00,-9.4,4.998,4.998,4.998,4.998,203
2022-01-06 10:08:22,1.7,4.1,109,0.0,0.0,0,0.0,0.0,0,64707.00,0.00,0.00,306,12.85,4.25,0.00,-9.9,4.998,4.998,4.998,4.998,147
2022-01-06 10:09:22,1.1,3.4,110,0.0,0.0,0,0.0,0.0,0,64817.00,0.00,0.00,306,12.85,4.25,0.00,-9.4,4.998,4.998,4.998,4.998,117
2022-01-06 10:10:22,0.0,3.0,44,0.0,0.0,0,0.0,0.0,0,64861.00,0.00,0.00,306,12.85,4.25,0.00,-9.4,4.998,4.998,4.998,4.998,27
2022-01-06 10:11:22,1.8,2.7,60,0.0,0.0,0,0.0,0.0,0,64921.00,0.00,0.00,306,12.85,4.25,0.00,-9.4,4.998,4.998,4.998,4.998,176
2022-01-06 10:12:22,4.6,5.1,161,0.0,0.0,0,0.0,0.0,0,65082.00,0.00,0.00,306,12.85,4.25,0.00,-9.4,4.998,4.998,4.998,4.998,113
2022-01-06 10:13:22,2.2,4.7,161,0.0,0.0,0,0.0,0.0,0,65243.00,0.00,0.00,307,12.85,4.27,0.00,-9.9,4.998,4.998,4.998,4.998,92
2022-01-06 10:14:22,3.5,3.9,101,0.0,0.0,0,0.0,0.0,0,65344.00,0.00,0.00,307,12.85,4.26,0.00,-9.4,4.998,4.998,4.998,4.998,171
2022-01-06 10:15:22,2.0,3.6,108,0.0,0.0,0,0.0,0.0,0,65452.00,0.00,0.00,307,12.85,4.26,0.00,-9.4,4.998,4.998,4.998,4.998,181
2022-01-06 10:16:22,2.7,4.8,164,0.0,0.0,0,0.0,0.0,0,65616.00,0.00,0.00,325,12.85,4.51,0.00,-9.4,4.998,4.998,4.998,4.998,217
2022-01-06 10:17:22,1.5,5.1,161,0.0,0.0,0,0.0,0.0,0,65777.00,0.00,0.00,329,12.85,4.58,0.00,-9.4,4.998,4.998,4.998,4.998,3
2022-01-06 10:18:22,0.0,2.8,52,0.0,0.0,0,0.0,0.0,0,65829.00,0.00,0.00,329,12.85,4.57,0.00,-9.4,4.998,4.998,4.998,4.998,184
2022-01-06 10:19:22,2.3,3.7,116,0.0,0.0,0,0.0,0.0,0,65945.00,0.00,0.00,329,12.85,4.57,0.00,-9.4,4.998,4.998,4.998,4.998,179
2022-01-06 10:20:22,0.0,2.2,24,0.0,0.0,0,0.0,0.0,0,65969.00,0.00,0.00,328,12.85,4.56,0.00,-9.4,4.998,4.998,4.998,4.998,160
2022-01-06 10:21:22,3.1,4.2,141,0.0,0.0,0,0.0,0.0,0,66110.00,0.00,0.00,325,12.85,4.52,0.00,-9.4,4.998,4.998,4.998,4.998,239
2022-01-06 10:22:22,3.8,4.9,187,0.0,0.0,0,0.0,0.0,0,66297.00,0.00,0.00,337,12.89,4.69,0.00,-9.4,4.998,4.998,4.998,4.998,208
2022-01-06 10:23:22,1.1,3.7,109,0.0,0.0,0,0.0,0.0,0,66406.00,0.00,0.00,337,12.85,4.68,0.00,-9.4,4.998,4.998,4.998,4.998,171
2022-01-06 10:24:22,2.8,4.6,159,0.0,0.0,0,0.0,0.0,0,66565.00,0.00,0.00,319,12.85,4.44,0.00,-9.4,4.998,4.998,4.998,4.998,0
2022-01-06 10:25:22,1.6,3.1,83,0.0,0.0,0,0.0,0.0,0,66648.00,0.00,0.00,319,12.85,4.44,0.00,-9.4,4.998,4.998,4.998,4.998,219
2022-01-06 10:26:22,1.5,2.5,75,0.0,0.0,0,0.0,0.0,0,66723.00,0.00,0.00,319,12.89,4.43,0.00,-9.4,4.998,4.998,4.998,4.998,254
2022-01-06 10:27:22,2.7,3.9,131,0.0,0.0,0,0.0,0.0,0,66854.00,0.00,0.00,319,12.85,4.44,0.00,-9.4,4.998,4.998,4.998,4.998,126
2022-01-06 10:28:22,2.0,3.6,115,0.0,0.0,0,0.0,0.0,0,66969.00,0.00,0.00,319,12.85,4.43,0.00,-9.4,4.998,4.998,4.998,4.998,20
2022-01-06 10:29:22,2.4,3.4,109,0.0,0.0,0,0.0,0.0,0,67078.00,0.00,0.00,320,12.89,4.44,0.00,-9.4,4.998,4.998,4.998,4.998,170
2022-01-06 10:30:22,4.4,4.6,78,0.0,0.0,0,0.0,0.0,0,67156.00,0.00,0.00,352,12.85,4.90,0.00,-9.4,4.998,4.998,4.998,4.998,181
2022-01-06 10:31:22,2.0,6.5,217,0.0,0.0,0,0.0,0.0,0,67373.00,0.00,0.00,317,12.89,4.40,0.00,-9.4,4.998,4.998,4.998,4.998,2
2022-01-06 10:32:22,0.0,4.5,103,0.0,0.0,0,0.0,0.0,0,67476.00,0.00,0.00,318,12.89,4.41,0.00,-9.4,4.998,4.998,4.998,4.998,218
2022-01-06 10:33:22,0.0,0.0,1,0.0,0.0,0,0.0,0.0,0,67477.00,0.00,0.00,318,12.85,4.41,0.00,-9.4,4.998,4.998,4.998,4.998,238
2022-01-06 10:34:22,3.9,4.5,66,0.0,0.0,0,0.0,0.0,0,67543.00,0.00,0.00,317,12.89,4.40,0.00,-8.9,4.998,4.998,4.998,4.998,144
2022-01-06 10:35:22,1.3,3.8,110,0.0,0.0,0,0.0,0.0,0,67653.00,0.00,0.00,317,12.89,4.41,0.00,-9.4,4.998,4.998,4.998,4.998,125
2022-01-06 10:36:22,0.0,1.3,4,0.0,0.0,0,0.0,0.0,0,67657.00,0.00,0.00,317,12.89,4.41,0.00,-8.9,4.998,4.998,4.998,4.998,182
2022-01-06 10:37:22,2.3,2.3,50,0.0,0.0,0,0.0,0.0,0,67707.00,0.00,0.00,318,12.85,4.41,0.00,-8.9,4.998,4.998,4.998,4.998,213
2022-01-06 10:38:22,2.3,3.3,106,0.0,0.0,0,0.0,0.0,0,67813.00,0.00,0.00,317,12.89,4.41,0.00,-8.9,4.998,4.998,4.998,4.998,239
2022-01-06 10:39:22,1.3,2.6,68,0.0,0.0,0,0.0,0.0,0,67881.00,0.00,0.00,318,12.89,4.41,0.00,-8.9,4.998,4.998,4.998,4.998,60
2022-01-06 10:40:22,0.0,2.7,27,0.0,0.0,0,0.0,0.0,0,67908.00,0.00,0.00,317,12.89,4.41,0.00,-9.4,4.998,4.998,4.998,4.998,249
2022-01-06 10:41:22,0.0,1.9,17,0.0,0.0,0,0.0,0.0,0,67925.00,0.00,0.00,318,12.89,4.41,0.00,-8.9,4.998,4.998,4.998,4.998,225
2022-01-06 10:42:22,0.0,0.0,0,0.0,0.0,0,0.0,0.0,0,67925.00,0.00,0.00,318,12.89,4.41,0.00,-8.9,4.998,4.998,4.998,4.998,41
2022-01-06 10:43:22,0.0,0.0,0,0.0,0.0,0,0.0,0.0,0,67925.00,0.00,0.00,318,12.89,4.41,0.00,-8.9,4.998,4.998,4.998,4.998,80
2022-01-06 10:44:22,2.1,4.2,99,0.0,0.0,0,0.0,0.0,0,68024.00,0.00,0.00,318,12.89,4.41,0.00,-9.4,4.998,4.998,4.998,4.998,24
2022-01-06 10:45:22,0.0,3.1,76,0.0,0.0,0,0.0,0.0,0,68100.00,0.00,0.00,318,12.89,4.41,0.00,-9.4,4.998,4.998,4.998,4.998,222
2022-01-06 10:46:22,0.0,2.6,45,0.0,0.0,0,0.0,0.0,0,68145.00,0.00,0.00,318,12.89,4.41,0.00,-8.9,4.998,4.998,4.998,4.998,62
2022-01-06 10:47:22,0.0,0.0,0,0.0,0.0,0,0.0,0.0,0,68145.00,0.00,0.00,318,12.89,4.41,0.00,-8.9,4.998,4.998,4.998,4.998,10
2022-01-06 10:48:22,0.0,2.3,39,0.0,0.0,0,0.0,0.0,0,68184.00,0.00,0.00,317,12.89,4.41,0.00,-9.4,4.998,4.998,4.998,4.998,216
2022-01-06 10:49:22,1.2,1.5,8,0.0,0.0,0,0.0,0.0,0,68192.00,0.00,0.00,318,12.89,4.41,0.00,-8.9,4.998,4.998,4.998,4.998,158
2022-01-06 10:50:22,0.0,2.4,40,0.0,0.0,0,0.0,0.0,0,68232.00,0.00,0.00,318,12.89,4.41,0.00,-8.9,4.998,4.998,4.998,4.998,220
2022-01-06 10:51:22,0.0,0.0,1,0.0,0.0,0,0.0,0.0,0,68233.00,0.00,0.00,318,12.89,4.41,0.00,-8.9,4.998,4.998,4.998,4.998,124
2022-01-06 10:52:22,0.0,0.0,0,0.0,0.0,0,0.0,0.0,0,68233.00,0.00,0.00,318,12.89,4.41,0.00,-8.9,4.998,4.998,4.998,4.998,232
2022-01-06 10:53:22,0.0,0.0,0,0.0,0.0,0,0.0,0.0,0,68233.00,0.00,0.00,318,12.89,4.41,0.00,-8.9,4.998,4.998,4.998,4.998,145
2022-01-06 10:54:22,0.0,0.0,0,0.0,0.0,0,0.0,0.0,0,68233.00,0.00,0.00,318,12.89,4.41,0.00,-8.9,4.998,4.998,4.998,4.998,139
2022-01-06 10:55:22,2.2,2.3,57,0.0,0.0,0,0.0,0.0,0,68290.00,0.00,0.00,317,12.89,4.41,0.00,-9.4,4.998,4.998,4.998,4.998,206
2022-01-06 10:56:22,0.0,2.8,59,0.0,0.0,0,0.0,0.0,0,68349.00,0.00,0.00,318,12.89,4.41,0.00,-8.9,4.998,4.998,4.998,4.998,50
2022-01-06 10:57:22,1.5,2.7,50,0.0,0.0,0,0.0,0.0,0,68399.00,0.00,0.00,318,12.89,4.41,0.00,-8.9,4.998,4.998,4.998,4.998,147
2022-01-06 10:58:22,2.3,2.7,43,0.0,0.0,0,0.0,0.0,0,68442.00,0.00,0.00,317,12.89,4.41,0.00,-8.9,4.998,4.998,4.998,4.998,237
2022-01-06 10:59:22,1.6,3.2,105,0.0,0.0,0,0.0,0.0,0,68547.00,0.00,0.00,317,12.89,4.41,0.00,-8.9,4.998,4.998,4.998,4.998,155
2022-01-06 11:00:22,0.0,1.5,5,0.0,0.0,0,0.0,0.0,0,68552.00,0.00,0.00,318,12.89,4.41,0.00,-8.9,4.998,4.998,4.998,4.998,133
2022-01-06 11:01:22,0.0,0.0,1,0.0,0.0,0,0.0,0.0,0,68553.00,0.00,0.00,318,12.89,4.41,0.00,-8.9,4.998,4.998,4.998,4.998,110
2022-01-06 11:02:22,1.6,3.4,103,0.0,0.0,0,0.0,0.0,0,68656.00,0.00,0.00,318,12.92,4.41,0.00,-8.9,4.998,4.998,4.998,4.998,128
2022-01-06 11:03:22,2.9,2.9,61,0.0,0.0,0,0.0,0.0,0,68717.00,0.00,0.00,317,12.92,4.40,0.00,-9.4,4.998,4.998,4.998,4.998,0
2022-01-06 11:04:22,2.0,4.2,143,0.0,0.0,0,0.0,0.0,0,68860.00,0.00,0.00,298,12.92,4.15,0.00,-8.9,4.998,4.998,4.998,4.998,236
2022-01-06 11:05:22,3.0,3.9,144,0.0,0.0,0,0.0,0.0,0,69004.00,0.00,0.00,294,12.89,4.09,0.00,-8.9,4.998,4.998,4.998,4.998,189
2022-01-06 11:06:22,2.8,3.6,135,0.0,0.0,0,0.0,0.0,0,69139.00,0.00,0.00,295,12.92,4.10,0.00,-8.9,4.998,4.998,4.998,4.998,80
2022-01-06 11:07:22,2.5,3.9,75,0.0,0.0,0,0.0,0.0,0,69214.00,0.00,0.00,295,12.92,4.10,0.00,-9.4,4.998,4.998,4.998,4.998,43
2022-01-06 11:08:22,2.2,3.1,108,0.0,0.0,0,0.0,0.0,0,69322.00,0.00,0.00,295,12.92,4.10,0.00,-8.9,4.998,4.998,4.998,4.998,249
2022-01-06 11:09:22,2.6,2.8,72,0.0,0.0,0,0.0,0.0,0,69394.00,0.00,0.00,295,12.96,4.10,0.00,-8.9,4.998,4.998,4.998,4.998,50
2022-01-06 11:10:22,2.2,3.3,132,0.0,0.0,0,0.0,0.0,0,69526.00,0.00,0.00,295,12.96,4.10,0.00,-8.9,4.998,4.998,4.998,4.998,230
2022-01-06 11:11:22,0.0,2.3,23,0.0,0.0,0,0.0,0.0,0,69549.00,0.00,0.00,295,12.96,4.10,0.00,-8.5,4.998,4.998,4.998,4.998,15
2022-01-06 11:12:22,0.0,1.8,16,0.0,0.0,0,0.0,0.0,0,69565.00,0.00,0.00,295,12.96,4.10,0.00,-8.5,4.998,4.998,4.998,4.998,116
2022-01-06 11:13:22,0.0,1.5,7,0.0,0.0,0,0.0,0.0,0,69572.00,0.00,0.00,295,12.96,4.10,0.00,-8.5,4.998,4.998,4.998,4.998,89
2022-01-06 11:14:22,1.2,1.8,22,0.0,0.0,0,0.0,0.0,0,69594.00,0.00,0.00,295,12.96,4.10,0.00,-8.9,4.998,4.998,4.998,4.998,255
2022-01-06 11:15:22,2.7,3.9,156,0.0,0.0,0,0.0,0.0,0,69750.00,0.00,0.00,295,12.96,4.10,0.00,-8.5,4.998,4.998,4.998,4.998,101
2022-01-06 11:16:22,1.3,2.8,100,0.0,0.0,0,0.0,0.0,0,69850.00,0.00,0.00,295,13.00,4.10,0.00,-8.5,4.998,4.998,4.998,4.998,78
2022-01-06 11:17:22,0.0,1.5,11,0.0,0.0,0,0.0,0.0,0,69861.00,0.00,0.00,295,13.00,4.10,0.00,-8.9,4.998,4.998,4.998,4.998,161
2022-01-06 11:18:22,2.6,3.0,85,0.0,0.0,0,0.0,0.0,0,69946.00,0.00,0.00,295,13.00,4.10,0.00,-8.9,4.998,4.998,4.998,4.998,241
2022-01-06 11:19:22,1.6,3.3,125,0.0,0.0,0,0.0,0.0,0,70071.00,0.00,0.00,294,13.00,4.09,0.00,-8.9,4.998,4.998,4.998,4.998,157
2022-01-06 11:20:22,1.0,2.5,48,0.0,0.0,0,0.0,0.0,0,70119.00,0.00,0.00,294,13.04,4.09,0.00,-8.5,4.998,4.998,4.998,4.998,220
2022-01-06 11:21:22,1.8,3.0,60,0.0,0.0,0,0.0,0.0,0,70179.00,0.00,0.00,294,13.04,4.09,0.00,-8.5,4.998,4.998,4.998,4.998,39
2022-01-06 11:22:22,0.0,1.9,9,0.0,0.0,0,0.0,0.0,0,70188.00,0.00,0.00,294,13.08,4.09,0.00,-8.5,4.998,4.998,4.998,4.998,101
2022-01-06 11:23:22,0.0,3.9,97,0.0,0.0,0,0.0,0.0,0,70285.00,0.00,0.00,262,13.08,3.64,0.00,-8.5,4.998,4.998,4.998,4.998,255
2022-01-06 11:24:22,1.2,2.9,93,0.0,0.0,0,0.0,0.0,0,70378.00,0.00,0.00,262,13.12,3.64,0.00,-8.0,4.998,4.998,4.998,4.998,3
2022-01-06 11:25:22,3.7,5.8,68,0.0,0.0,0,0.0,0.0,0,70446.00,0.00,0.00,246,13.16,3.42,0.00,-8.5,4.998,4.998,4.998,4.998,157
2022-01-06 11:26:22,0.0,3.8,99,0.0,0.0,0,0.0,0.0,0,70545.00,0.00,0.00,246,13.20,3.42,0.00,-8.0,4.998,4.998,4.998,4.998,43
2022-01-06 11:27:22,0.0,2.4,42,0.0,0.0,0,0.0,0.0,0,70587.00,0.00,0.00,247,13.24,3.43,0.00,-8.0,4.998,4.998,4.998,4.998,160
2022-01-06 11:28:22,2.9,3.4,71,0.0,0.0,0,0.0,0.0,0,70658.00,0.00,0.00,247,13.24,3.43,0.00,-8.0,4.998,4.998,4.998,4.998,236
2022-01-06 11:29:22,1.5,3.5,75,0.0,0.0,0,0.0,0.0,0,70733.00,0.00,0.00,247,13.28,3.43,0.00,-8.5,4.998,4.998,4.998,4.998,139
2022-01-06 11:30:22,1.0,3.2,75,0.0,0.0,0,0.0,0.0,0,70808.00,0.00,0.00,246,13.28,3.42,0.00,-8.0,4.998,4.998,4.998,4.998,134
2022-01-06 11:31:22,4.0,4.9,215,0.0,0.0,0,0.0,0.0,0,71023.00,0.00,0.00,247,13.28,3.44,0.00,-8.0,4.998,4.998,4.998,4.998,166
2022-01-06 11:32:22,0.0,3.9,82,0.0,0.0,0,0.0,0.0,0,71105.00,0.00,0.00,247,13.32,3.44,0.00,-8.5,4.998,4.998,4.998,4.998,251
2022-01-06 11:33:22,1.2,5.4,139,0.0,0.0,0,0.0,0.0,0,71244.00,0.00,0.00,220,13.35,3.06,0.00,-8.0,4.998,4.998,4.998,4.998,10
2022-01-06 11:34:22,2.0,3.3,72,0.0,0.0,0,0.0,0.0,0,71316.00,0.00,0.00,221,13.39,3.07,0.00,-8.0,4.998,4.998,4.998,4.998,212
2022-01-06 11:35:22,4.5,6.5,269,0.0,0.0,0,0.0,0.0,0,71585.00,0.00,0.00,283,13.39,3.94,0.00,-8.5,4.998,4.998,4.998,4.998,21
2022-01-06 11:36:22,5.7,6.3,232,0.0,0.0,0,0.0,0.0,0,71817.00,0.00,0.00,339,13.47,4.71,0.00,-8.5,4.998,4.998,4.998,4.998,183
2022-01-06 11:37:22,1.6,6.9,236,0.0,0.0,0,0.0,0.0,0,72053.00,0.00,0.00,261,13.43,3.62,0.00,-8.0,4.998,4.998,4.998,4.998,255
2022-01-06 11:38:22,2.9,6.6,221,0.0,0.0,0,0.0,0.0,0,72274.00,0.00,0.00,289,13.43,4.02,0.00,-8.5,4.998,4.998,4.998,4.998,192
2022-01-06 11:39:22,2.7,6.2,211,0.0,0.0,0,0.0,0.0,0,72485.00,0.00,0.00,285,13.43,3.96,0.00,-8.5,4.998,4.998,4.998,4.998,48
2022-01-06 11:40:22,3.1,5.9,254,0.0,0.0,0,0.0,0.0,0,72739.00,0.00,0.00,268,13.47,3.73,0.00,-8.5,4.998,4.998,4.998,4.998,220
2022-01-06 11:41:22,3.5,4.2,164,0.0,0.0,0,0.0,0.0,0,72903.00,0.00,0.00,268,13.55,3.73,0.00,-8.5,4.998,4.998,4.998,4.998,129
2022-01-06 11:42:22,3.4,5.1,202,0.0,0.0,0,0.0,0.0,0,73105.00,0.00,0.00,253,13.47,3.51,0.00,-8.5,4.998,4.998,4.998,4.998,32
2022-01-06 11:43:22,1.6,3.6,112,0.0,0.0,0,0.0,0.0,0,73217.00,0.00,0.00,253,13.43,3.51,0.00,-8.5,4.998,4.998,4.998,4.998,146
2022-01-06 11:44:22,4.2,4.3,174,0.0,0.0,0,0.0,0.0,0,73391.00,0.00,0.00,254,13.43,3.54,0.00,-8.5,4.998,4.998,4.998,4.998,196
2022-01-06 11:45:22,3.1,5.3,166,0.0,0.0,0,0.0,0.0,0,73557.00,0.00,0.00,323,13.43,4.49,0.00,-8.5,4.998,4.998,4.998,4.998,46
2022-01-06 11:46:22,4.4,5.0,138,0.0,0.0,0,0.0,0.0,0,73695.00,0.00,0.00,324,13.43,4.50,0.00,-8.5,4.998,4.998,4.998,4.998,112
2022-01-06 11:47:22,3.9,4.5,189,0.0,0.0,0,0.0,0.0,0,73884.00,0.00,0.00,323,13.43,4.49,0.00,-8.5,4.998,4.998,4.998,4.998,125
2022-01-06 11:48:22,0.0,4.5,101,0.0,0.0,0,0.0,0.0,0,73985.00,0.00,0.00,323,13.43,4.49,0.00,-8.5,4.998,4.998,4.998,4.998,46
2022-01-06 11:49:22,2.4,2.5,7,0.0,0.0,0,0.0,0.0,0,73992.00,0.00,0.00,323,13.43,4.49,0.00,-8.0,4.998,4.998,4.998,4.998,58
2022-01-06 11:50:22,5.0,5.7,183,0.0,0.0,0,0.0,0.0,0,74175.00,0.00,0.00,325,13.39,4.52,0.00,-8.5,4.998,4.998,4.998,4.998,188
2022-01-06 11:51:22,5.7,6.7,300,0.0,0.0,0,0.0,0.0,0,74475.00,0.00,0.00,297,13.43,4.12,0.00,-8.9,4.998,4.998,4.998,4.998,33
2022-01-06 11:52:22,2.9,7.4,321,0.0,0.0,0,0.0,0.0,0,74796.00,0.00,0.00,289,13.47,4.02,0.00,-9.4,4.998,4.998,4.998,4.998,53
2022-01-06 11:53:22,3.8,5.1,206,0.0,0.0,0,0.0,0.0,0,75002.00,0.00,0.00,283,13.59,3.93,0.00,-8.9,4.998,4.998,4.998,4.998,141
2022-01-06 11:54:22,3.8,4.0,153,0.0,0.0,0,0.0,0.0,0,75155.00,0.00,0.00,283,13.63,3.93,0.00,-8.5,4.998,4.998,4.998,4.998,127
2022-01-06 11:55:22,2.8,3.8,163,0.0,0.0,0,0.0,0.0,0,75318.00,0.00,0.00,283,13.71,3.93,0.00,-8.5,4.998,4.998,4.998,4.998,27
2022-01-06 11:56:22,3.6,5.1,181,0.0,0.0,0,0.0,0.0,0,75499.00,0.00,0.00,316,13.59,4.38,0.00,-8.0,4.998,4.998,4.998,4.998,210
2022-01-06 11:57:22,0.0,3.5,94,0.0,0.0,0,0.0,0.0,0,75593.00,0.00,0.00,315,13.86,4.37,0.00,-8.5,4.998,4.998,4.998,4.998,68
2022-01-06 11:58:22,5.4,5.4,190,0.0,0.0,0,0.0,0.0,0,75783.00,0.00,0.00,323,13.63,4.49,0.00,-8.5,4.998,4.998,4.998,4.998,122
2022-01-06 11:59:22,3.5,5.7,246,0.0,0.0,0,0.0,0.0,0,76029.00,0.00,0.00,321,13.63,4.46,0.00,-8.5,4.998,4.998,4.998,4.998,68
2022-01-06 12:00:22,2.2,4.8,192,0.0,0.0,0,0.0,0.0,0,76221.00,0.00,0.00,322,13.59,4.47,0.00,-8.5,4.998,4.998,4.998,4.998,147
2022-01-06 12:01:22,1.3,2.5,76,0.0,0.0,0,0.0,0.0,0,76297.00,0.00,0.00,322,13.55,4.47,0.00,-8.5,4.998,4.998,4.998,4.998,206
2022-01-06 12:02:22,2.3,4.4,70,0.0,0.0,0,0.0,0.0,0,76367.00,0.00,0.00,305,13.78,4.24,0.00,-8.5,4.998,4.998,4.998,4.998,133
2022-01-06 12:03:22,3.1,4.0,135,0.0,0.0,0,0.0,0.0,0,76502.00,0.00,0.00,258,13.98,3.58,0.00,-8.5,4.998,4.998,4.998,4.998,231
2022-01-06 12:04:22,3.9,5.2,187,0.0,0.0,0,0.0,0.0,0,76689.00,0.00,0.00,304,13.82,4.23,0.00,-8.5,4.998,4.998,4.998,4.998,224
2022-01-06 12:05:22,4.9,6.5,278,0.0,0.0,0,0.0,0.0,0,76967.00,0.00,0.00,287,14.25,3.99,0.00,-8.5,4.998,4.998,4.998,4.998,18
2022-01-06 12:06:22,2.4,6.7,204,0.0,0.0,0,0.0,0.0,0,77171.00,0.00,0.00,261,14.41,3.63,0.00,-8.0,4.998,4.998,4.998,4.998,198
2022-01-06 12:07:22,4.6,5.7,214,0.0,0.0,0,0.0,0.0,0,77385.00,0.00,0.00,235,14.17,3.27,0.00,-7.5,4.998,4.998,4.998,4.998,212
2022-01-06 12:08:22,2.5,5.0,229,0.0,0.0,0,0.0,0.0,0,77614.00,0.00,0.00,257,14.57,3.57,0.00,-8.0,4.998,4.998,4.998,4.998,126
2022-01-06 12:09:22,3.5,5.7,169,0.0,0.0,0,0.0,0.0,0,77783.00,0.00,0.00,231,14.57,3.21,0.00,-8.0,4.998,4.998,4.998,4.998,31
2022-01-06 12:10:22,4.3,8.4,263,0.0,0.0,0,0.0,0.0,0,78046.00,0.00,0.00,294,14.06,4.09,0.00,-8.0,4.998,4.998,4.998,4.998,76
2022-01-06 12:11:22,5.3,8.4,380,0.0,0.0,0,0.0,0.0,0,78426.00,0.00,0.00,260,14.06,3.61,0.00,-8.0,4.998,4.998,4.998,4.998,247
2022-01-06 12:12:22,2.3,5.9,210,0.0,0.0,0,0.0,0.0,0,78636.00,0.00,0.00,266,14.45,3.70,0.00,-8.0,4.998,4.998,4.998,4.998,39
2022-01-06 12:13:22,4.1,4.9,191,0.0,0.0,0,0.0,0.0,0,78827.00,0.00,0.00,316,14.33,4.39,0.00,-8.0,4.998,4.998,4.998,4.998,100
2022-01-06 12:14:22,3.1,5.6,261,0.0,0.0,0,0.0,0.0,0,79088.00,0.00,0.00,304,13.82,4.23,0.00,-8.5,4.998,4.998,4.998,4.998,125
2022-01-06 12:15:22,4.0,5.3,235,0.0,0.0,0,0.0,0.0,0,79323.00,0.00,0.00,271,13.82,3.76,0.00,-8.5,4.998,4.998,4.998,4.998,29
2022-01-06 12:16:22,2.6,5.3,227,0.0,0.0,0,0.0,0.0,0,79550.00,0.00,0.00,276,13.78,3.84,0.00,-8.5,4.998,4.998,4.998,4.998,28
2022-01-06 12:17:22,2.4,4.3,141,0.0,0.0,0,0.0,0.0,0,79691.00,0.00,0.00,276,13.74,3.83,0.00,-8.0,4.998,4.998,4.998,4.998,53
2022-01-06 12:18:22,2.9,3.5,69,0.0,0.0,0,0.0,0.0,0,79760.00,0.00,0.00,276,13.74,3.84,0.00,-8.0,4.998,4.998,4.998,4.998,39
2022-01-06 12:19:22,2.0,3.7,117,0.0,0.0,0,0.0,0.0,0,79877.00,0.00,0.00,276,13.74,3.84,0.00,-8.0,4.998,4.998,4.998,4.998,173
2022-01-06 12:20:22,2.3,4.5,175,0.0,0.0,0,0.0,0.0,0,80052.00,0.00,0.00,248,13.74,3.45,0.00,-8.0,4.998,4.998,4.998,4.998,12
2022-01-06 12:21:22,4.5,5.1,105,0.0,0.0,0,0.0,0.0,0,80157.00,0.00,0.00,239,13.71,3.32,0.00,-8.0,4.998,4.998,4.998,4.998,205
2022-01-06 12:22:22,4.1,8.0,303,0.0,0.0,0,0.0,0.0,0,80460.00,0.00,0.00,263,13.71,3.66,0.00,-8.0,4.998,4.998,4.998,4.998,223
2022-01-06 12:23:22,7.7,8.3,364,0.0,0.0,0,0.0,0.0,0,80824.00,0.00,0.00,229,13.67,3.18,0.00,-8.5,4.998,4.998,4.998,4.998,194
2022-01-06 12:24:22,4.6,9.7,359,0.0,0.0,0,0.0,0.0,0,81183.00,0.00,0.00,287,13.67,3.99,0.00,-8.5,4.998,4.998,4.998,4.998,239
2022-01-06 12:25:22,4.0,7.0,340,0.0,0.0,0,0.0,0.0,0,81523.00,0.00,0.00,267,13.59,3.71,0.00,-8.5,4.998,4.998,4.998,4.998,58
2022-01-06 12:26:22,4.3,5.8,256,0.0,0.0,0,0.0,0.0,0,81779.00,0.00,0.00,291,13.59,4.04,0.00,-8.5,4.998,4.998,4.998,4.998,124
2022-01-06 12:27:22,7.0,7.3,330,0.0,0.0,0,0.0,0.0,0,82109.00,0.00,0.00,268,13.59,3.73,0.00,-8.5,4.998,4.998,4.998,4.998,206
2022-01-06 12:28:22,5.9,7.1,307,0.0,0.0,0,0.0,0.0,0,82416.00,0.00,0.00,258,13.55,3.58,0.00,-8.9,4.998,4.998,4.998,4.998,164
2022-01-06 12:29:22,2.8,6.4,255,0.0,0.0,0,0.0,0.0,0,82671.00,0.00,0.00,259,13.51,3.60,0.00,-8.9,4.998,4.998,4.998,4.998,65
2022-01-06 12:30:22,3.0,3.8,108,0.0,0.0,0,0.0,0.0,0,82779.00,0.00,0.00,229,13.51,3.18,0.00,-8.5,4.998,4.998,4.998,4.998,128
2022-01-06 12:31:22,2.6,3.4,113,0.0,0.0,0,0.0,0.0,0,82892.00,0.00,0.00,229,13.47,3.18,0.00,-8.9,4.998,4.998,4.998,4.998,147
2022-01-06 12:32:22,2.5,5.0,174,0.0,0.0,0,0.0,0.0,0,83066.00,0.00,0.00,231,13.47,3.21,0.00,-8.9,4.998,4.998,4.998,4.998,22
2022-01-06 12:33:22,4.1,4.6,162,0.0,0.0,0,0.0,0.0,0,83228.00,0.00,0.00,231,13.43,3.21,0.00,-8.9,4.998,4.998,4.998,4.998,164
2022-01-06 12:34:22,3.8,5.5,254,0.0,0.0,0,0.0,0.0,0,83482.00,0.00,0.00,232,13.43,3.23,0.00,-8.9,4.998,4.998,4.998,4.998,247
2022-01-06 12:35:22,3.6,7.1,313,0.0,0.0,0,0.0,0.0,0,83795.00,0.00,0.00,232,13.43,3.22,0.00,-8.9,4.998,4.998,4.998,4.998,234
2022-01-06 12:36:22,3.9,3.9,130,0.0,0.0,0,0.0,0.0,0,83925.00,0.00,0.00,248,13.39,3.45,0.00,-8.9,4.998,4.998,4.998,4.998,226
2022-01-06 12:37:22,2.4,6.2,206,0.0,0.0,0,0.0,0.0,0,84131.00,0.00,0.00,268,13.39,3.72,0.00,-8.5,4.998,4.998,4.998,4.998,165
2022-01-06 12:38:22,3.0,3.9,116,0.0,0.0,0,0.0,0.0,0,84247.00,0.00,0.00,267,13.39,3.71,0.00,-8.5,4.998,4.998,4.998,4.998,217
2022-01-06 12:39:22,2.2,3.8,164,0.0,0.0,0,0.0,0.0,0,84411.00,0.00,0.00,274,13.39,3.81,0.00,-8.5,4.998,4.998,4.998,4.998,106
2022-01-06 12:40:22,4.6,6.0,225,0.0,0.0,0,0.0,0.0,0,84636.00,0.00,0.00,268,13.39,3.72,0.00,-8.5,4.998,4.998,4.998,4.998,168
2022-01-06 12:41:22,2.2,5.7,204,0.0,0.0,0,0.0,0.0,0,84840.00,0.00,0.00,260,13.39,3.62,0.00,-8.5,4.998,4.998,4.998,4.998,85
2022-01-06 12:42:22,2.5,2.5,34,0.0,0.0,0,0.0,0.0,0,84874.00,0.00,0.00,260,13.35,3.62,0.00,-8.0,4.998,4.998,4.998,4.998,1
2022-01-06 12:43:22,5.1,5.7,232,0.0,0.0,0,0.0,0.0,0,85106.00,0.00,0.00,277,13.39,3.85,0.00,-8.0,4.998,4.998,4.998,4.998,197
2022-01-06 12:44:22,3.7,8.3,324,0.0,0.0,0,0.0,0.0,0,85430.00,0.00,0.00,295,13.35,4.10,0.00,-8.5,4.998,4.998,4.998,4.998,255
2022-01-06 12:45:22,3.1,4.5,205,0.0,0.0,0,0.0,0.0,0,85635.00,0.00,0.00,307,13.39,4.27,0.00,-8.5,4.998,4.998,4.998,4.998,40
2022-01-06 12:46:22,2.8,4.4,163,0.0,0.0,0,0.0,0.0,0,85798.00,0.00,0.00,270,13.39,3.75,0.00,-8.0,4.998,4.998,4.998,4.998,199
2022-01-06 12:47:22,2.9,4.8,134,0.0,0.0,0,0.0,0.0,0,85932.00,0.00,0.00,270,13.39,3.75,0.00,-8.0,4.998,4.998,4.998,4.998,194
2022-01-06 12:48:22,3.3,4.2,160,0.0,0.0,0,0.0,0.0,0,86092.00,0.00,0.00,268,13.39,3.72,0.00,-8.0,4.998,4.998,4.998,4.998,183
2022-01-06 12:49:22,2.9,3.5,146,0.0,0.0,0,0.0,0.0,0,86238.00,0.00,0.00,268,13.39,3.72,0.00,-8.0,4.998,4.998,4.998,4.998,172
2022-01-06 12:50:22,3.7,5.9,219,0.0,0.0,0,0.0,0.0,0,86457.00,0.00,0.00,304,13.39,4.22,0.00,-8.0,4.998,4.998,4.998,4.998,145
2022-01-06 12:51:22,5.9,6.8,313,0.0,0.0,0,0.0,0.0,0,86770.00,0.00,0.00,318,13.39,4.42,0.00,-8.0,4.998,4.998,4.998,4.998,147
2022-01-06 12:52:22,3.8,7.8,331,0.0,0.0,0,0.0,0.0,0,87101.00,0.00,0.00,298,13.43,4.14,0.00,-8.5,4.998,4.998,4.998,4.998,245
2022-01-06 12:53:22,4.4,6.7,280,0.0,0.0,0,0.0,0.0,0,87381.00,0.00,0.00,278,13.43,3.86,0.00,-8.5,4.998,4.998,4.998,4.998,168
2022-01-06 12:54:22,4.7,9.4,406,0.0,0.0,0,0.0,0.0,0,87787.00,0.00,0.00,267,13.43,3.71,0.00,-8.5,4.998,4.998,4.998,4.998,6
2022-01-06 12:55:22,2.9,7.3,296,0.0,0.0,0,0.0,0.0,0,88083.00,0.00,0.00,298,13.43,4.15,0.00,-8.5,4.998,4.998,4.998,4.998,237
2022-01-06 12:56:22,4.3,7.4,271,0.0,0.0,0,0.0,0.0,0,88354.00,0.00,0.00,274,13.47,3.81,0.00,-8.5,4.998,4.998,4.998,4.998,167
2022-01-06 12:57:22,1.1,5.1,172,0.0,0.0,0,0.0,0.0,0,88526.00,0.00,0.00,277,13.43,3.85,0.00,-8.5,4.998,4.998,4.998,4.998,130
2022-01-06 12:58:22,3.7,5.7,190,0.0,0.0,0,0.0,0.0,0,88716.00,0.00,0.00,251,13.43,3.48,0.00,-8.0,4.998,4.998,4.998,4.998,68
2022-01-06 12:59:22,2.6,6.2,185,0.0,0.0,0,0.0,0.0,0,88901.00,0.00,0.00,268,13.47,3.73,0.00,-8.5,4.998,4.998,4.998,4.998,112
2022-01-06 13:00:22,5.6,5.8,136,0.0,0.0,0,0.0,0.0,0,89037.00,0.00,0.00,345,13.43,4.80,0.00,-8.0,4.998,4.998,4.998,4.998,77
2022-01-06 13:01:22,3.0,8.1,265,0.0,0.0,0,0.0,0.0,0,89302.00,0.00,0.00,254,13.47,3.54,0.00,-8.0,4.998,4.998,4.998,4.998,208
2022-01-06 13:02:22,3.5,8.6,314,0.0,0.0,0,0.0,0.0,0,89616.00,0.00,0.00,268,13.51,3.72,0.00,-8.5,4.998,4.998,4.998,4.998,16
2022-01-06 13:03:22,4.0,5.5,245,0.0,0.0,0,0.0,0.0,0,89861.00,0.00,0.00,292,13.51,4.05,0.00,-8.0,4.998,4.998,4.998,4.998,0
2022-01-06 13:04:22,4.4,6.0,261,0.0,0.0,0,0.0,0.0,0,90122.00,0.00,0.00,284,13.51,3.94,0.00,-8.0,4.998,4.998,4.998,4.998,200
2022-01-06 13:05:22,2.0,5.2,106,0.0,0.0,0,0.0,0.0,0,90228.00,0.00,0.00,262,13.55,3.64,0.00,-8.0,4.998,4.998,4.998,4.998,64
2022-01-06 13:06:22,2.7,4.7,162,0.0,0.0,0,0.0,0.0,0,90390.00,0.00,0.00,228,13.55,3.16,0.00,-8.0,4.998,4.998,4.998,4.998,172
2022-01-06 13:07:22,3.1,4.2,174,0.0,0.0,0,0.0,0.0,0,90564.00,0.00,0.00,228,13.63,3.17,0.00,-8.5,4.998,4.998,4.998,4.998,253
2022-01-06 13:08:22,5.0,5.4,183,0.0,0.0,0,0.0,0.0,0,90747.00,0.00,0.00,268,13.86,3.73,0.00,-8.0,4.998,4.998,4.998,4.998,84
2022-01-06 13:09:22,3.4,6.6,239,0.0,0.0,0,0.0,0.0,0,90986.00,0.00,0.00,285,13.74,3.95,0.00,-8.0,4.998,4.998,4.998,4.998,203
2022-01-06 13:10:22,1.8,5.8,173,0.0,0.0,0,0.0,0.0,0,91159.00,0.00,0.00,234,13.67,3.25,0.00,-8.0,4.998,4.998,4.998,4.998,246
2022-01-06 13:11:22,4.5,6.3,215,0.0,0.0,0,0.0,0.0,0,91374.00,0.00,0.00,252,13.67,3.50,0.00,-8.0,4.998,4.998,4.998,4.998,37
2022-01-06 13:12:22,6.2,7.5,331,0.0,0.0,0,0.0,0.0,0,91705.00,0.00,0.00,261,13.63,3.62,0.00,-8.0,4.998,4.998,4.998,4.998,48
2022-01-06 13:13:22,5.5,7.5,338,0.0,0.0,0,0.0,0.0,0,92043.00,0.00,0.00,234,13.59,3.25,0.00,-8.5,4.998,4.998,4.998,4.998,177
2022-01-06 13:14:22,5.4,8.2,369,0.0,0.0,0,0.0,0.0,0,92412.00,0.00,0.00,226,13.59,3.14,0.00,-8.9,4.998,4.998,4.998,4.998,199
2022-01-06 13:15:22,5.9,10.0,376,0.0,0.0,0,0.0,0.0,0,92788.00,0.00,0.00,261,13.55,3.62,0.00,-8.5,4.998,4.998,4.998,4.998,150
2022-01-06 13:16:22,5.3,8.0,333,0.0,0.0,0,0.0,0.0,0,93121.00,0.00,0.00,260,13.59,3.61,0.00,-8.5,4.998,4.998,4.998,4.998,88
2022-01-06 13:17:22,7.7,8.7,208,0.0,0.0,0,0.0,0.0,0,93329.00,0.00,0.00,234,13.59,3.26,0.00,-8.0,4.998,4.998,4.998,4.998,204
2022-01-06 13:18:22,4.6,8.3,334,0.0,0.0,0,0.0,0.0,0,93663.00,0.00,0.00,222,13.59,3.08,0.00,-8.0,4.998,4.998,4.998,4.998,208
2022-01-06 13:19:22,5.0,7.0,314,0.0,0.0,0,0.0,0.0,0,93977.00,0.00,0.00,208,13.59,2.89,0.00,-8.5,4.998,4.998,4.998,4.998,225
2022-01-06 13:20:22,4.6,5.8,240,0.0,0.0,0,0.0,0.0,0,94217.00,0.00,0.00,249,13.59,3.47,0.00,-8.0,4.998,4.998,4.998,4.998,16
2022-01-06 13:21:22,5.6,7.4,333,0.0,0.0,0,0.0,0.0,0,94550.00,0.00,0.00,242,13.59,3.36,0.00,-8.5,4.998,4.998,4.998,4.998,153
2022-01-06 13:22:22,2.5,8.1,313,0.0,0.0,0,0.0,0.0,0,94863.00,0.00,0.00,260,13.59,3.61,0.00,-8.0,4.998,4.998,4.998,4.998,187
2022-01-06 13:23:22,6.5,7.1,274,0.0,0.0,0,0.0,0.0,0,95137.00,0.00,0.00,283,13.59,3.93,0.00,-8.5,4.998,4.998,4.998,4.998,166
2022-01-06 13:24:22,6.8,8.7,407,0.0,0.0,0,0.0,0.0,0,95544.00,0.00,0.00,277,13.55,3.85,0.00,-8.5,4.998,4.998,4.998,4.998,107
2022-01-06 13:25:22,4.3,7.4,315,0.0,0.0,0,0.0,0.0,0,95859.00,0.00,0.00,265,13.59,3.68,0.00,-8.5,4.998,4.998,4.998,4.998,86
2022-01-06 13:26:22,6.9,7.6,311,0.0,0.0,0,0.0,0.0,0,96170.00,0.00,0.00,260,13.55,3.61,0.00,-8.0,4.998,4.998,4.998,4.998,153
2022-01-06 13:27:22,5.1,7.4,356,0.0,0.0,0,0.0,0.0,0,96526.00,0.00,0.00,254,13.55,3.53,0.00,-8.0,4.998,4.998,4.998,4.998,225
2022-01-06 13:28:22,6.9,7.7,352,0.0,0.0,0,0.0,0.0,0,96878.00,0.00,0.00,276,13.55,3.83,0.00,-8.5,4.998,4.998,4.998,4.998,41
2022-01-06 13:29:22,7.0,7.4,357,0.0,0.0,0,0.0,0.0,0,97235.00,0.00,0.00,258,13.55,3.59,0.00,-8.0,4.998,4.998,4.998,4.998,41
2022-01-06 13:30:22,6.4,8.6,384,0.0,0.0,0,0.0,0.0,0,97619.00,0.00,0.00,259,13.51,3.60,0.00,-8.5,4.998,4.998,4.998,4.998,132
2022-01-06 13:31:22,6.5,7.9,336,0.0,0.0,0,0.0,0.0,0,97955.00,0.00,0.00,211,13.55,2.93,0.00,-8.5,4.998,4.998,4.998,4.998,241
2022-01-06 13:32:22,4.6,7.8,336,0.0,0.0,0,0.0,0.0,0,98291.00,0.00,0.00,251,13.51,3.49,0.00,-8.0,4.998,4.998,4.998,4.998,88
2022-01-06 13:33:22,4.5,5.5,267,0.0,0.0,0,0.0,0.0,0,98558.00,0.00,0.00,235,13.51,3.27,0.00,-8.0,4.998,4.998,4.998,4.998,22
2022-01-06 13:34:22,5.3,6.8,257,0.0,0.0,0,0.0,0.0,0,98815.00,0.00,0.00,252,13.51,3.51,0.00,-8.5,4.998,4.998,4.998,4.998,56
2022-01-06 13:35:22,5.8,8.1,341,0.0,0.0,0,0.0,0.0,0,99156.00,0.00,0.00,233,13.51,3.23,0.00,-8.0,4.998,4.998,4.998,4.998,224
2022-01-06 13:36:22,6.4,7.0,346,0.0,0.0,0,0.0,0.0,0,99502.00,0.00,0.00,254,13.51,3.53,0.00,-8.0,4.998,4.998,4.998,4.998,1
2022-01-06 13:37:22,4.9,7.0,276,0.0,0.0,0,0.0,0.0,0,99778.00,0.00,0.00,237,13.51,3.29,0.00,-8.0,4.998,4.998,4.998,4.998,184
2022-01-06 13:38:22,8.1,10.2,390,0.0,0.0,0,0.0,0.0,0,100168.00,0.00,0.00,249,13.51,3.46,0.00,-8.0,4.998,4.998,4.998,4.998,10
2022-01-06 13:39:22,7.0,8.9,420,0.0,0.0,0,0.0,0.0,0,100588.00,0.00,0.00,246,13.51,3.42,0.00,-8.5,4.998,4.998,4.998,4.998,53
2022-01-06 13:40:22,7.7,10.2,447,0.0,0.0,0,0.0,0.0,0,101035.00,0.00,0.00,279,13.51,3.87,0.00,-8.5,4.998,4.998,4.998,4.998,19
2022-01-06 13:41:22,8.1,9.5,425,0.0,0.0,0,0.0,0.0,0,101460.00,0.00,0.00,245,13.47,3.41,0.00,-8.5,4.998,4.998,4.998,4.998,220
2022-01-06 13:42:22,7.2,10.5,515,0.0,0.0,0,0.0,0.0,0,101975.00,0.00,0.00,253,13.47,3.52,0.00,-8.5,4.998,4.998,4.998,4.998,91
2022-01-06 13:43:22,7.0,9.8,386,0.0,0.0,0,0.0,0.0,0,102361.00,0.00,0.00,242,13.51,3.36,0.00,-8.0,4.998,4.998,4.998,4.998,26
2022-01-06 13:44:22,3.6,9.3,375,0.0,0.0,0,0.0,0.0,0,102736.00,0.00,0.00,274,13.47,3.81,0.00,-8.5,4.998,4.998,4.998,4.998,191
2022-01-06 13:45:22,6.4,8.1,371,0.0,0.0,0,0.0,0.0,0,103107.00,0.00,0.00,252,13.47,3.51,0.00,-8.5,4.998,4.998,4.998,4.998,86
2022-01-06 13:46:22,8.3,8.8,266,0.0,0.0,0,0.0,0.0,0,103373.00,0.00,0.00,240,13.47,3.33,0.00,-8.5,4.998,4.998,4.998,4.998,94
2022-01-06 13:47:22,4.9,10.0,368,0.0,0.0,0,0.0,0.0,0,103741.00,0.00,0.00,221,13.47,3.07,0.00,-8.0,4.998,4.998,4.998,4.998,203
2022-01-06 13:48:22,4.1,9.5,364,0.0,0.0,0,0.0,0.0,0,104105.00,0.00,0.00,251,13.47,3.48,0.00,-8.5,4.998,4.998,4.998,4.998,45
2022-01-06 13:49:22,2.6,6.0,240,0.0,0.0,0,0.0,0.0,0,104345.00,0.00,0.00,243,13.47,3.37,0.00,-8.0,4.998,4.998,4.998,4.998,142
2022-01-06 13:50:22,2.4,3.7,100,0.0,0.0,0,0.0,0.0,0,104445.00,0.00,0.00,242,13.47,3.36,0.00,-7.5,4.998,4.998,4.998,4.998,181
2022-01-06 13:51:22,1.8,4.3,175,0.0,0.0,0,0.0,0.0,0,104620.00,0.00,0.00,251,13.47,3.49,0.00,-7.5,4.998,4.998,4.998,4.998,172
2022-01-06 13:52:22,1.6,4.1,91,0.0,0.0,0,0.0,0.0,0,104711.00,0.00,0.00,215,13.43,2.99,0.00,-7.5,4.998,4.998,4.998,4.998,40
2022-01-06 13:53:22,5.9,8.3,259,0.0,0.0,0,0.0,0.0,0,104970.00,0.00,0.00,285,13.47,3.96,0.00,-8.0,4.998,4.998,4.998,4.998,182
2022-01-06 13:54:22,6.4,8.4,356,0.0,0.0,0,0.0,0.0,0,105326.00,0.00,0.00,286,13.43,3.98,0.00,-8.5,4.998,4.998,4.998,4.998,77
2022-01-06 13:55:22,4.5,7.8,345,0.0,0.0,0,0.0,0.0,0,105671.00,0.00,0.00,258,13.43,3.59,0.00,-8.0,4.998,4.998,4.998,4.998,153
2022-01-06 13:56:22,8.5,9.1,340,0.0,0.0,0,0.0,0.0,0,106011.00,0.00,0.00,256,13.43,3.56,0.00,-8.5,4.998,4.998,4.998,4.998,0
2022-01-06 13:57:22,6.7,9.0,419,0.0,0.0,0,0.0,0.0,0,106430.00,0.00,0.00,241,13.43,3.34,0.00,-8.5,4.998,4.998,4.998,4.998,81
2022-01-06 13:58:22,6.7,9.4,455,0.0,0.0,0,0.0,0.0,0,106885.00,0.00,0.00,302,13.43,4.20,0.00,-8.0,4.998,4.998,4.998,4.998,186
2022-01-06 13:59:22,4.3,9.8,412,0.0,0.0,0,0.0,0.0,0,107297.00,0.00,0.00,281,13.43,3.91,0.00,-8.5,4.998,4.998,4.998,4.998,10
2022-01-06 14:00:22,5.2,6.9,303,0.0,0.0,0,0.0,0.0,0,107600.00,0.00,0.00,252,13.43,3.50,0.00,-8.0,4.998,4.998,4.998,4.998,98
2022-01-06 14:01:22,3.1,6.2,273,0.0,0.0,0,0.0,0.0,0,107873.00,0.00,0.00,294,13.43,4.09,0.00,-8.0,4.998,4.998,4.998,4.998,89
2022-01-06 14:02:22,6.9,8.5,310,0.0,0.0,0,0.0,0.0,0,108183.00,0.00,0.00,280,13.43,3.89,0.00,-8.0,4.998,4.998,4.998,4.998,132
2022-01-06 14:03:22,5.4,8.9,405,0.0,0.0,0,0.0,0.0,0,108588.00,0.00,0.00,285,13.47,3.96,0.00,-8.5,4.998,4.998,4.998,4.998,154
2022-01-06 14:04:22,5.7,9.1,353,0.0,0.0,0,0.0,0.0,0,108941.00,0.00,0.00,264,13.47,3.66,0.00,-8.5,4.998,4.998,4.998,4.998,250
2022-01-06 14:05:22,6.1,9.1,316,0.0,0.0,0,0.0,0.0,0,109257.00,0.00,0.00,254,13.47,3.53,0.00,-8.0,4.998,4.998,4.998,4.998,41
2022-01-06 14:06:22,4.1,10.9,374,0.0,0.0,0,0.0,0.0,0,109631.00,0.00,0.00,272,13.47,3.78,0.00,-8.5,4.998,4.998,4.998,4.998,16
2022-01-06 14:07:22,4.6,7.8,266,0.0,0.0,0,0.0,0.0,0,109897.00,0.00,0.00,286,13.47,3.97,0.00,-8.0,4.998,4.998,4.998,4.998,237
2022-01-06 14:08:22,6.5,12.5,358,0.0,0.0,0,0.0,0.0,0,110255.00,0.00,0.00,280,13.51,3.90,0.00,-8.5,4.998,4.998,4.998,4.998,79
2022-01-06 14:09:22,9.1,9.6,370,0.0,0.0,0,0.0,0.0,0,110625.00,0.00,0.00,262,13.51,3.64,0.00,-8.0,4.998,4.998,4.998,4.998,92
2022-01-06 14:10:22,5.2,10.1,388,0.0,0.0,0,0.0,0.0,0,111013.00,0.00,0.00,270,13.47,3.75,0.00,-8.0,4.998,4.998,4.998,4.998,95
2022-01-06 14:11:22,6.1,8.2,321,0.0,0.0,0,0.0,0.0,0,111334.00,0.00,0.00,290,13.51,4.03,0.00,-8.0,4.998,4.998,4.998,4.998,213
2022-01-06 14:12:22,4.8,7.9,326,0.0,0.0,0,0.0,0.0,0,111660.00,0.00,0.00,303,13.51,4.20,0.00,-8.0,4.998,4.998,4.998,4.998,98
2022-01-06 14:13:22,3.2,6.3,250,0.0,0.0,0,0.0,0.0,0,111910.00,0.00,0.00,293,13.51,4.07,0.00,-8.0,4.998,4.998,4.998,4.998,66
2022-01-06 14:14:22,5.7,5.8,179,0.0,0.0,0,0.0,0.0,0,112089.00,0.00,0.00,281,13.51,3.91,0.00,-8.0,4.998,4.998,4.998,4.998,90
2022-01-06 14:15:22,3.7,7.8,321,0.0,0.0,0,0.0,0.0,0,112410.00,0.00,0.00,274,13.55,3.81,0.00,-8.0,4.998,4.998,4.998,4.998,168
2022-01-06 14:16:22,4.6,6.7,299,0.0,0.0,0,0.0,0.0,0,112709.00,0.00,0.00,281,13.55,3.90,0.00,-8.0,4.998,4.998,4.998,4.998,23
2022-01-06 14:17:22,3.4,7.0,305,0.0,0.0,0,0.0,0.0,0,113014.00,0.00,0.00,294,13.59,4.08,0.00,-8.0,4.998,4.998,4.998,4.998,21
2022-01-06 14:18:22,2.3,5.3,219,0.0,0.0,0,0.0,0.0,0,113233.00,0.00,0.00,297,13.59,4.13,0.00,-7.5,4.998,4.998,4.998,4.998,208
2022-01-06 14:19:22,5.8,6.0,158,0.0,0.0,0,0.0,0.0,0,113391.00,0.00,0.00,252,13.59,3.51,0.00,-7.5,4.998,4.998,4.998,4.998,14
2022-01-06 14:20:22,4.9,6.0,276,0.0,0.0,0,0.0,0.0,0,113667.00,0.00,0.00,309,13.59,4.29,0.00,-7.5,4.998,4.998,4.998,4.998,210
2022-01-06 14:21:22,3.1,5.4,213,0.0,0.0,0,0.0,0.0,0,113880.00,0.00,0.00,222,13.59,3.09,0.00,-8.0,4.998,4.998,4.998,4.998,250
2022-01-06 14:22:22,3.9,5.5,237,0.0,0.0,0,0.0,0.0,0,114117.00,0.00,0.00,271,13.59,3.76,0.00,-7.5,4.998,4.998,4.998,4.998,134
2022-01-06 14:23:22,1.8,3.9,100,0.0,0.0,0,0.0,0.0,0,114217.00,0.00,0.00,270,13.59,3.75,0.00,-7.5,4.998,4.998,4.998,4.998,92
2022-01-06 14:24:22,1.8,5.2,194,0.0,0.0,0,0.0,0.0,0,114411.00,0.00,0.00,253,13.63,3.52,0.00,-7.5,4.998,4.998,4.998,4.998,132
2022-01-06 14:25:22,2.1,4.2,123,0.0,0.0,0,0.0,0.0,0,114534.00,0.00,0.00,279,13.59,3.87,0.00,-7.5,4.998,4.998,4.998,4.998,238
2022-01-06 14:26:22,3.8,4.1,157,0.0,0.0,0,0.0,0.0,0,114691.00,0.00,0.00,298,13.71,4.14,0.00,-8.0,4.998,4.998,4.998,4.998,83
2022-01-06 14:27:22,1.7,4.2,139,0.0,0.0,0,0.0,0.0,0,114830.00,0.00,0.00,220,13.67,3.06,0.00,-7.5,4.998,4.998,4.998,4.998,179
2022-01-06 14:28:22,2.3,2.7,66,0.0,0.0,0,0.0,0.0,0,114896.00,0.00,0.00,220,13.67,3.06,0.00,-7.5,4.998,4.998,4.998,4.998,196
2022-01-06 14:29:22,2.6,3.1,117,0.0,0.0,0,0.0,0.0,0,115013.00,0.00,0.00,222,14.49,3.08,0.00,-7.0,4.998,4.998,4.998,4.998,144
2022-01-06 14:30:22,1.3,2.8,99,0.0,0.0,0,0.0,0.0,0,115112.00,0.00,0.00,222,13.74,3.08,0.00,-7.5,4.998,4.998,4.998,4.998,181
2022-01-06 14:31:22,3.2,4.8,123,0.0,0.0,0,0.0,0.0,0,115235.00,0.00,0.00,261,13.67,3.62,0.00,-7.5,4.998,4.998,4.998,4.998,202
2022-01-06 14:32:22,4.1,4.7,162,0.0,0.0,0,0.0,0.0,0,115397.00,0.00,0.00,234,13.63,3.25,0.00,-8.0,4.998,4.998,4.998,4.998,78
2022-01-06 14:33:22,4.6,4.8,200,0.0,0.0,0,0.0,0.0,0,115597.00,0.00,0.00,277,13.59,3.85,0.00,-7.5,4.998,4.998,4.998,4.998,130
2022-01-06 14:34:22,4.3,6.5,254,0.0,0.0,0,0.0,0.0,0,115851.00,0.00,0.00,247,13.55,3.44,0.00,-8.0,4.998,4.998,4.998,4.998,207
2022-01-06 14:35:22,2.5,5.2,203,0.0,0.0,0,0.0,0.0,0,116054.00,0.00,0.00,226,13.55,3.14,0.00,-8.0,4.998,4.998,4.998,4.998,107
2022-01-06 14:36:22,2.2,3.9,130,0.0,0.0,0,0.0,0.0,0,116184.00,0.00,0.00,234,13.51,3.25,0.00,-8.0,4.998,4.998,4.998,4.998,194
2022-01-06 14:37:22,1.8,2.9,76,0.0,0.0,0,0.0,0.0,0,116260.00,0.00,0.00,234,13.51,3.25,0.00,-8.0,4.998,4.998,4.998,4.998,146
2022-01-06 14:38:22,2.7,3.4,142,0.0,0.0,0,0.0,0.0,0,116402.00,0.00,0.00,234,13.55,3.25,0.00,-7.5,4.998,4.998,4.998,4.998,50
2022-01-06 14:39:22,0.0,3.2,82,0.0,0.0,0,0.0,0.0,0,116484.00,0.00,0.00,234,13.51,3.25,0.00,-7.5,4.998,4.998,4.998,4.998,242
2022-01-06 14:40:22,3.3,4.0,85,0.0,0.0,0,0.0,0.0,0,116569.00,0.00,0.00,234,13.51,3.25,0.00,-7.5,4.998,4.998,4.998,4.998,17
2022-01-06 14:41:22,4.3,5.8,248,0.0,0.0,0,0.0,0.0,0,116817.00,0.00,0.00,279,13.51,3.88,0.00,-7.5,4.998,4.998,4.998,4.998,249
2022-01-06 14:42:22,2.9,4.8,150,0.0,0.0,0,0.0,0.0,0,116967.00,0.00,0.00,278,13.51,3.86,0.00,-7.5,4.998,4.998,4.998,4.998,41
2022-01-06 14:43:22,0.0,2.9,53,0.0,0.0,0,0.0,0.0,0,117020.00,0.00,0.00,278,13.47,3.86,0.00,-7.5,4.998,4.998,4.998,4.998,61
2022-01-06 14:44:22,4.4,5.5,158,0.0,0.0,0,0.0,0.0,0,117178.00,0.00,0.00,236,13.47,3.29,0.00,-8.0,4.998,4.998,4.998,4.998,62
2022-01-06 14:45:22,2.7,6.9,288,0.0,0.0,0,0.0,0.0,0,117466.00,0.00,0.00,302,13.47,4.19,0.00,-7.5,4.998,4.998,4.998,4.998,60
2022-01-06 14:46:22,2.9,6.6,195,0.0,0.0,0,0.0,0.0,0,117661.00,0.00,0.00,285,13.47,3.96,0.00,-7.5,4.998,4.998,4.998,4.998,17
2022-01-06 14:47:22,3.0,5.3,218,0.0,0.0,0,0.0,0.0,0,117879.00,0.00,0.00,276,13.47,3.84,0.00,-7.5,4.998,4.998,4.998,4.998,208
2022-01-06 14:48:22,4.0,7.1,294,0.0,0.0,0,0.0,0.0,0,118173.00,0.00,0.00,285,13.47,3.96,0.00,-8.5,4.998,4.998,4.998,4.998,37
2022-01-06 14:49:22,5.6,6.2,252,0.0,0.0,0,0.0,0.0,0,118425.00,0.00,0.00,275,13.47,3.82,0.00,-7.5,4.998,4.998,4.998,4.998,212
2022-01-06 14:50:22,2.9,5.7,153,0.0,0.0,0,0.0,0.0,0,118578.00,0.00,0.00,290,13.43,4.03,0.00,-7.5,4.998,4.998,4.998,4.998,99
2022-01-06 14:51:22,3.0,4.1,156,0.0,0.0,0,0.0,0.0,0,118734.00,0.00,0.00,287,13.43,3.98,0.00,-7.5,4.998,4.998,4.998,4.998,81
2022-01-06 14:52:22,2.9,4.9,145,0.0,0.0,0,0.0,0.0,0,118879.00,0.00,0.00,271,13.43,3.77,0.00,-7.5,4.998,4.998,4.998,4.998,161
2022-01-06 14:53:22,3.0,9.0,269,0.0,0.0,0,0.0,0.0,0,119148.00,0.00,0.00,275,13.43,3.83,0.00,-8.0,4.998,4.998,4.998,4.998,233
2022-01-06 14:54:22,6.3,10.1,354,0.0,0.0,0,0.0,0.0,0,119502.00,0.00,0.00,246,13.43,3.41,0.00,-8.0,4.998,4.998,4.998,4.998,157
2022-01-06 14:55:22,3.0,6.9,287,0.0,0.0,0,0.0,0.0,0,119789.00,0.00,0.00,274,13.39,3.81,0.00,-8.0,4.998,4.998,4.998,4.998,32
2022-01-06 14:56:22,5.5,7.8,354,0.0,0.0,0,0.0,0.0,0,120143.00,0.00,0.00,271,13.39,3.76,0.00,-8.0,4.998,4.998,4.998,4.998,108
2022-01-06 14:57:22,5.0,7.4,310,0.0,0.0,0,0.0,0.0,0,120453.00,0.00,0.00,240,13.39,3.33,0.00,-8.0,4.998,4.998,4.998,4.998,0
2022-01-06 14:58:22,6.0,8.6,348,0.0,0.0,0,0.0,0.0,0,120801.00,0.00,0.00,222,13.39,3.09,0.00,-8.0,4.998,4.998,4.998,4.998,85
2022-01-06 14:59:22,4.0,9.3,345,0.0,0.0,0,0.0,0.0,0,121146.00,0.00,0.00,304,13.39,4.22,0.00,-8.0,4.998,4.998,4.998,4.998,123
2022-01-06 15:00:22,4.2,4.7,169,0.0,0.0,0,0.0,0.0,0,121315.00,0.00,0.00,257,13.35,3.57,0.00,-8.0,4.998,4.998,4.998,4.998,246
2022-01-06 15:01:22,4.6,8.1,316,0.0,0.0,0,0.0,0.0,0,121631.00,0.00,0.00,237,13.35,3.29,0.00,-8.0,4.998,4.998,4.998,4.998,119
2022-01-06 15:02:22,3.6,7.0,288,0.0,0.0,0,0.0,0.0,0,121919.00,0.00,0.00,257,13.32,3.57,0.00,-7.5,4.998,4.998,4.998,4.998,208
2022-01-06 15:03:22,4.4,5.2,205,0.0,0.0,0,0.0,0.0,0,122124.00,0.00,0.00,278,13.35,3.86,0.00,-8.0,4.998,4.998,4.998,4.998,57
2022-01-06 15:04:22,7.1,8.3,284,0.0,0.0,0,0.0,0.0,0,122408.00,0.00,0.00,286,13.32,3.97,0.00,-8.0,4.998,4.998,4.998,4.998,221
2022-01-06 15:05:22,4.6,7.8,331,0.0,0.0,0,0.0,0.0,0,122739.00,0.00,0.00,305,13.32,4.24,0.00,-8.0,4.998,4.998,4.998,4.998,144
2022-01-06 15:06:22,6.9,8.2,311,0.0,0.0,0,0.0,0.0,0,123050.00,0.00,0.00,301,13.32,4.18,0.00,-8.0,4.998,4.998,4.998,4.998,14
2022-01-06 15:07:22,4.1,7.8,336,0.0,0.0,0,0.0,0.0,0,123386.00,0.00,0.00,276,13.32,3.84,0.00,-8.0,4.998,4.998,4.998,4.998,55
2022-01-06 15:08:22,7.6,7.6,255,0.0,0.0,0,0.0,0.0,0,123641.00,0.00,0.00,294,13.28,4.08,0.00,-7.5,4.998,4.998,4.998,4.998,99
2022-01-06 15:09:22,6.0,8.0,335,0.0,0.0,0,0.0,0.0,0,123976.00,0.00,0.00,270,13.28,3.75,0.00,-8.0,4.998,4.998,4.998,4.998,13
2022-01-06 15:10:22,5.8,8.3,319,0.0,0.0,0,0.0,0.0,0,124295.00,0.00,0.00,252,13.28,3.51,0.00,-8.0,4.998,4.998,4.998,4.998,103
2022-01-06 15:11:22,5.1,6.1,260,0.0,0.0,0,0.0,0.0,0,124555.00,0.00,0.00,288,13.28,4.01,0.00,-8.0,4.998,4.998,4.998,4.998,227
2022-01-06 15:12:22,6.3,11.1,438,0.0,0.0,0,0.0,0.0,0,124993.00,0.00,0.00,261,13.28,3.63,0.00,-8.0,4.998,4.998,4.998,4.998,210
2022-01-06 15:13:22,5.5,8.4,397,0.0,0.0,0,0.0,0.0,0,125390.00,0.00,0.00,274,13.24,3.81,0.00,-8.0,4.998,4.998,4.998,4.998,162
2022-01-06 15:14:22,5.6,6.8,285,0.0,0.0,0,0.0,0.0,0,125675.00,0.00,0.00,270,13.24,3.75,0.00,-8.0,4.998,4.998,4.998,4.998,193
2022-01-06 15:15:22,7.5,10.3,442,0.0,0.0,0,0.0,0.0,0,126117.00,0.00,0.00,273,13.24,3.79,0.00,-8.0,4.998,4.998,4.998,4.998,58
2022-01-06 15:16:22,7.0,9.5,421,0.0,0.0,0,0.0,0.0,0,126538.00,0.00,0.00,249,13.24,3.47,0.00,-8.0,4.998,4.998,4.998,4.998,96
2022-01-06 15:17:22,4.7,8.6,354,0.0,0.0,0,0.0,0.0,0,126892.00,0.00,0.00,280,13.28,3.89,0.00,-8.0,4.998,4.998,4.998,4.998,179
2022-01-06 15:18:22,4.0,9.5,384,0.0,0.0,0,0.0,0.0,0,127276.00,0.00,0.00,290,13.24,4.03,0.00,-8.0,4.998,4.998,4.998,4.998,63
2022-01-06 15:19:22,7.7,10.0,335,0.0,0.0,0,0.0,0.0,0,127611.00,0.00,0.00,252,13.24,3.50,0.00,-8.0,4.998,4.998,4.998,4.998,122
2022-01-06 15:20:22,6.7,7.5,350,0.0,0.0,0,0.0,0.0,0,127961.00,0.00,0.00,280,13.24,3.90,0.00,-8.0,4.998,4.998,4.998,4.998,11
2022-01-06 15:21:22,6.4,9.1,403,0.0,0.0,0,0.0,0.0,0,128364.00,0.00,0.00,249,13.24,3.46,0.00,-7.5,4.998,4.998,4.998,4.998,192
2022-01-06 15:22:22,9.5,12.1,478,0.0,0.0,0,0.0,0.0,0,128842.00,0.00,0.00,283,13.24,3.93,0.00,-8.0,4.998,4.998,4.998,4.998,209
2022-01-06 15:23:22,8.2,10.6,472,0.0,0.0,0,0.0,0.0,0,129314.00,0.00,0.00,253,13.24,3.52,0.00,-8.0,4.998,4.998,4.998,4.998,94
2022-01-06 15:24:22,9.8,11.2,522,0.0,0.0,0,0.0,0.0,0,129836.00,0.00,0.00,277,13.20,3.85,0.00,-8.0,4.998,4.998,4.998,4.998,60
2022-01-06 15:25:22,6.7,12.7,557,0.0,0.0,0,0.0,0.0,0,130393.00,0.00,0.00,288,13.20,4.01,0.00,-8.0,4.998,4.998,4.998,4.998,41
2022-01-06 15:26:22,5.7,10.5,433,0.0,0.0,0,0.0,0.0,0,130826.00,0.00,0.00,288,13.20,4.01,0.00,-8.0,4.998,4.998,4.998,4.998,199
2022-01-06 15:27:22,7.3,8.8,380,0.0,0.0,0,0.0,0.0,0,131206.00,0.00,0.00,260,13.20,3.61,0.00,-8.0,4.998,4.998,4.998,4.998,29
2022-01-06 15:28:22,6.4,10.7,426,0.0,0.0,0,0.0,0.0,0,131632.00,0.00,0.00,276,13.20,3.83,0.00,-8.5,4.998,4.998,4.998,4.998,177
2022-01-06 15:29:22,4.9,8.4,381,0.0,0.0,0,0.0,0.0,0,132013.00,0.00,0.00,273,13.20,3.79,0.00,-8.0,4.998,4.998,4.998,4.998,19
2022-01-06 15:30:22,8.2,11.4,389,0.0,0.0,0,0.0,0.0,0,132402.00,0.00,0.00,253,13.20,3.51,0.00,-8.0,4.998,4.998,4.998,4.998,81
2022-01-06 15:31:22,7.6,8.9,364,0.0,0.0,0,0.0,0.0,0,132766.00,0.00,0.00,262,13.24,3.64,0.00,-8.0,4.998,4.998,4.998,4.998,17
2022-01-06 15:32:22,4.5,11.4,477,0.0,0.0,0,0.0,0.0,0,133243.00,0.00,0.00,257,13.24,3.57,0.00,-8.0,4.998,4.998,4.998,4.998,17
2022-01-06 15:33:22,5.6,8.3,363,0.0,0.0,0,0.0,0.0,0,133606.00,0.00,0.00,268,13.20,3.73,0.00,-8.0,4.998,4.998,4.998,4.998,43
2022-01-06 15:34:22,5.0,9.5,400,0.0,0.0,0,0.0,0.0,0,134006.00,0.00,0.00,283,13.24,3.94,0.00,-8.0,4.998,4.998,4.998,4.998,164
2022-01-06 15:35:22,5.8,10.3,361,0.0,0.0,0,0.0,0.0,0,134367.00,0.00,0.00,293,13.24,4.08,0.00,-8.0,4.998,4.998,4.998,4.998,93
2022-01-06 15:36:22,7.4,7.8,318,0.0,0.0,0,0.0,0.0,0,134685.00,0.00,0.00,240,13.20,3.33,0.00,-8.0,4.998,4.998,4.998,4.998,116
2022-01-06 15:37:22,3.9,12.4,434,0.0,0.0,0,0.0,0.0,0,135119.00,0.00,0.00,287,13.20,3.99,0.00,-8.0,4.998,4.998,4.998,4.998,220
2022-01-06 15:38:22,6.1,11.2,394,0.0,0.0,0,0.0,0.0,0,135513.00,0.00,0.00,279,13.20,3.88,0.00,-8.0,4.998,4.998,4.998,4.998,217
2022-01-06 15:39:22,6.8,9.4,414,0.0,0.0,0,0.0,0.0,0,135927.00,0.00,0.00,293,13.20,4.07,0.00,-8.0,4.998,4.998,4.998,4.998,65
2022-01-06 15:40:22,6.6,9.6,462,0.0,0.0,0,0.0,0.0,0,136389.00,0.00,0.00,278,13.20,3.86,0.00,-8.0,4.998,4.998,4.998,4.998,187
2022-01-06 15:41:22,5.2,8.9,376,0.0,0.0,0,0.0,0.0,0,136765.00,0.00,0.00,265,13.24,3.69,0.00,-8.5,4.998,4.998,4.998,4.998,132
2022-01-06 15:42:22,5.1,10.2,413,0.0,0.0,0,0.0,0.0,0,137178.00,0.00,0.00,273,13.24,3.79,0.00,-8.0,4.998,4.998,4.998,4.998,148
2022-01-06 15:43:22,6.5,9.4,415,0.0,0.0,0,0.0,0.0,0,137593.00,0.00,0.00,297,13.20,4.12,0.00,-8.5,4.998,4.998,4.998,4.998,238
2022-01-06 15:44:22,5.6,9.7,419,0.0,0.0,0,0.0,0.0,0,138012.00,0.00,0.00,231,13.20,3.21,0.00,-8.5,4.998,4.998,4.998,4.998,219
2022-01-06 15:45:22,5.0,8.8,426,0.0,0.0,0,0.0,0.0,0,138438.00,0.00,0.00,254,13.20,3.53,0.00,-8.0,4.998,4.998,4.998,4.998,219
2022-01-06 15:46:22,7.3,8.0,387,0.0,0.0,0,0.0,0.0,0,138825.00,0.00,0.00,261,13.20,3.62,0.00,-8.5,4.998,4.998,4.998,4.998,41
2022-01-06 15:47:22,3.1,8.3,255,0.0,0.0,0,0.0,0.0,0,139080.00,0.00,0.00,271,13.20,3.76,0.00,-8.0,4.998,4.998,4.998,4.998,225
2022-01-06 15:48:22,3.5,4.1,174,0.0,0.0,0,0.0,0.0,0,139254.00,0.00,0.00,291,13.20,4.05,0.00,-8.0,4.998,4.998,4.998,4.998,43
2022-01-06 15:49:22,3.5,4.2,120,0.0,0.0,0,0.0,0.0,0,139374.00,0.00,0.00,284,13.20,3.95,0.00,-8.0,4.998,4.998,4.998,4.998,255
2022-01-06 15:50:22,6.4,6.8,226,0.0,0.0,0,0.0,0.0,0,139600.00,0.00,0.00,266,13.20,3.69,0.00,-7.5,4.998,4.998,4.998,4.998,146
2022-01-06 15:51:22,4.0,7.9,330,0.0,0.0,0,0.0,0.0,0,139930.00,0.00,0.00,276,13.16,3.83,0.00,-8.0,4.998,4.998,4.998,4.998,126
2022-01-06 15:52:22,5.1,7.9,293,0.0,0.0,0,0.0,0.0,0,140223.00,0.00,0.00,226,13.16,3.14,0.00,-8.0,4.998,4.998,4.998,4.998,223
2022-01-06 15:53:22,9.8,11.4,376,0.0,0.0,0,0.0,0.0,0,140599.00,0.00,0.00,264,13.16,3.67,0.00,-8.0,4.998,4.998,4.998,4.998,168
2022-01-06 15:54:22,8.3,10.7,450,0.0,0.0,0,0.0,0.0,0,141049.00,0.00,0.00,252,13.16,3.51,0.00,-8.0,4.998,4.998,4.998,4.998,213
2022-01-06 15:55:22,5.8,8.6,363,0.0,0.0,0,0.0,0.0,0,141412.00,0.00,0.00,292,13.16,4.05,0.00,-8.5,4.998,4.998,4.998,4.998,83
2022-01-06 15:56:22,5.5,7.1,270,0.0,0.0,0,0.0,0.0,0,141682.00,0.00,0.00,275,13.16,3.83,0.00,-8.0,4.998,4.998,4.998,4.998,131
2022-01-06 15:57:22,7.2,10.1,330,0.0,0.0,0,0.0,0.0,0,142012.00,0.00,0.00,230,13.16,3.19,0.00,-8.5,4.998,4.998,4.998,4.998,148
2022-01-06 15:58:22,4.5,8.8,306,0.0,0.0,0,0.0,0.0,0,142318.00,0.00,0.00,290,13.12,4.03,0.00,-8.5,4.998,4.998,4.998,4.998,223
2022-01-06 15:59:22,5.8,7.7,281,0.0,0.0,0,0.0,0.0,0,142599.00,0.00,0.00,274,13.16,3.81,0.00,-8.0,4.998,4.998,4.998,4.998,37
2022-01-06 16:00:22,9.8,10.9,373,0.0,0.0,0,0.0,0.0,0,142972.00,0.00,0.00,262,13.12,3.64,0.00,-8.0,4.998,4.998,4.998,4.998,50
2022-01-06 16:01:22,7.9,12.3,493,0.0,0.0,0,0.0,0.0,0,143465.00,0.00,0.00,261,13.12,3.63,0.00,-8.5,4.998,4.998,4.998,4.998,65
2022-01-06 16:02:22,10.3,11.4,462,0.0,0.0,0,0.0,0.0,0,143927.00,0.00,0.00,243,13.12,3.38,0.00,-8.5,4.998,4.998,4.998,4.998,149
2022-01-06 16:03:22,7.3,10.3,402,0.0,0.0,0,0.0,0.0,0,144329.00,0.00,0.00,283,13.12,3.94,0.00,-8.0,4.998,4.998,4.998,4.998,52
2022-01-06 16:04:22,3.8,8.1,331,0.0,0.0,0,0.0,0.0,0,144660.00,0.00,0.00,274,13.12,3.80,0.00,-8.0,4.998,4.998,4.998,4.998,83
2022-01-06 16:05:22,5.8,7.9,333,0.0,0.0,0,0.0,0.0,0,144993.00,0.00,0.00,301,13.12,4.18,0.00,-8.0,4.998,4.998,4.998,4.998,97
2022-01-06 16:06:22,4.6,7.6,351,0.0,0.0,0,0.0,0.0,0,145344.00,0.00,0.00,306,13.12,4.25,0.00,-8.0,4.998,4.998,4.998,4.998,11
2022-01-06 16:07:22,5.7,6.3,293,0.0,0.0,0,0.0,0.0,0,145637.00,0.00,0.00,289,13.12,4.02,0.00,-8.0,4.998,4.998,4.998,4.998,144
2022-01-06 16:08:22,5.6,9.0,300,0.0,0.0,0,0.0,0.0,0,145937.00,0.00,0.00,276,13.08,3.84,0.00,-8.0,4.998,4.998,4.998,4.998,115
2022-01-06 16:09:22,6.4,6.9,307,0.0,0.0,0,0.0,0.0,0,146244.00,0.00,0.00,280,13.12,3.90,0.00,-8.5,4.998,4.998,4.998,4.998,244
2022-01-06 16:10:22,4.3,10.4,352,0.0,0.0,0,0.0,0.0,0,146596.00,0.00,0.00,266,13.08,3.70,0.00,-8.0,4.998,4.998,4.998,4.998,136
2022-01-06 16:11:22,5.2,5.5,256,0.0,0.0,0,0.0,0.0,0,146852.00,0.00,0.00,297,13.12,4.12,0.00,-8.0,4.998,4.998,4.998,4.998,56
2022-01-06 16:12:22,3.0,6.7,275,0.0,0.0,0,0.0,0.0,0,147127.00,0.00,0.00,260,13.12,3.61,0.00,-8.5,4.998,4.998,4.998,4.998,32
2022-01-06 16:13:22,3.0,4.2,131,0.0,0.0,0,0.0,0.0,0,147258.00,0.00,0.00,259,13.12,3.60,0.00,-8.0,4.998,4.998,4.998,4.998,93
2022-01-06 16:14:22,4.4,8.6,309,0.0,0.0,0,0.0,0.0,0,147567.00,0.00,0.00,294,13.12,4.09,0.00,-8.0,4.998,4.998,4.998,4.998,177
2022-01-06 16:15:22,4.2,5.6,208,0.0,0.0,0,0.0,0.0,0,147775.00,0.00,0.00,291,13.12,4.04,0.00,-8.0,4.998,4.998,4.998,4.998,54
2022-01-06 16:16:22,7.3,10.6,251,0.0,0.0,0,0.0,0.0,0,148026.00,0.00,0.00,296,13.12,4.11,0.00,-8.0,4.998,4.998,4.998,4.998,213
2022-01-06 16:17:22,4.6,8.7,398,0.0,0.0,0,0.0,0.0,0,148424.00,0.00,0.00,317,13.08,4.40,0.00,-8.5,4.998,4.998,4.998,4.998,227
2022-01-06 16:18:22,7.7,9.4,409,0.0,0.0,0,0.0,0.0,0,148833.00,0.00,0.00,296,13.08,4.11,0.00,-8.5,4.998,4.998,4.998,4.998,110
2022-01-06 16:19:22,6.5,13.0,469,0.0,0.0,0,0.0,0.0,0,149302.00,0.00,0.00,294,13.08,4.09,0.00,-8.5,4.998,4.998,4.998,4.998,249
2022-01-06 16:20:22,6.1,9.3,388,0.0,0.0,0,0.0,0.0,0,149690.00,0.00,0.00,263,13.08,3.66,0.00,-8.5,4.998,4.998,4.998,4.998,46
2022-01-06 16:21:22,6.6,11.4,557,0.0,0.0,0,0.0,0.0,0,150247.00,0.00,0.00,296,13.08,4.11,0.00,-8.5,4.998,4.998,4.998,4.998,151
2022-01-06 16:22:22,7.6,10.1,386,0.0,0.0,0,0.0,0.0,0,150633.00,0.00,0.00,275,13.08,3.82,0.00,-8.0,4.998,4.998,4.998,4.998,187
2022-01-06 16:23:22,6.7,9.9,384,0.0,0.0,0,0.0,0.0,0,151017.00,0.00,0.00,282,13.08,3.92,0.00,-8.0,4.998,4.998,4.998,4.998,224
2022-01-06 16:24:22,6.0,10.0,446,0.0,0.0,0,0.0,0.0,0,151463.00,0.00,0.00,274,13.08,3.81,0.00,-8.0,4.998,4.998,4.998,4.998,40
2022-01-06 16:25:22,12.1,12.1,444,0.0,0.0,0,0.0,0.0,0,151907.00,0.00,0.00,261,13.08,3.63,0.00,-8.0,4.998,4.998,4.998,4.998,34
2022-01-06 16:26:22,5.5,12.6,430,0.0,0.0,0,0.0,0.0,0,152337.00,0.00,0.00,257,13.08,3.57,0.00,-8.5,4.998,4.998,4.998,4.998,76
2022-01-06 16:27:22,5.6,6.5,249,0.0,0.0,0,0.0,0.0,0,152586.00,0.00,0.00,250,13.04,3.48,0.00,-8.5,4.998,4.998,4.998,4.998,208
2022-01-06 16:28:22,3.8,7.5,347,0.0,0.0,0,0.0,0.0,0,152933.00,0.00,0.00,281,13.08,3.91,0.00,-8.5,4.998,4.998,4.998,4.998,67
2022-01-06 16:29:22,0.0,5.6,134,0.0,0.0,0,0.0,0.0,0,153067.00,0.00,0.00,303,13.04,4.20,0.00,-8.5,4.998,4.998,4.998,4.998,3
2022-01-06 16:30:22,3.3,8.6,195,0.0,0.0,0,0.0,0.0,0,153262.00,0.00,0.00,293,13.04,4.07,0.00,-8.0,4.998,4.998,4.998,4.998,47
2022-01-06 16:31:22,5.3,5.3,177,0.0,0.0,0,0.0,0.0,0,153439.00,0.00,0.00,304,13.08,4.22,0.00,-8.5,4.998,4.998,4.998,4.998,82
2022-01-06 16:32:22,5.6,6.6,241,0.0,0.0,0,0.0,0.0,0,153680.00,0.00,0.00,316,13.04,4.39,0.00,-8.5,4.998,4.998,4.998,4.998,69
2022-01-06 16:33:22,4.5,7.0,224,0.0,0.0,0,0.0,0.0,0,153904.00,0.00,0.00,359,13.04,4.99,0.00,-8.5,4.998,4.998,4.998,4.998,112
2022-01-06 16:34:22,2.4,5.8,182,0.0,0.0,0,0.0,0.0,0,154086.00,0.00,0.00,293,13.04,4.07,0.00,-8.5,4.998,4.998,4.998,4.998,142
2022-01-06 16:35:22,7.1,8.2,257,0.0,0.0,0,0.0,0.0,0,154343.00,0.00,0.00,266,13.04,3.70,0.00,-8.5,4.998,4.998,4.998,4.998,129
2022-01-06 16:36:22,5.7,11.9,472,0.0,0.0,0,0.0,0.0,0,154815.00,0.00,0.00,283,13.04,3.93,0.00,-8.9,4.998,4.998,4.998,4.998,84
2022-01-06 16:37:22,8.1,11.0,393,0.0,0.0,0,0.0,0.0,0,155208.00,0.00,0.00,305,13.04,4.23,0.00,-8.9,4.998,4.998,4.998,4.998,155
2022-01-06 16:38:22,4.4,9.0,337,0.0,0.0,0,0.0,0.0,0,155545.00,0.00,0.00,258,13.04,3.58,0.00,-8.5,4.998,4.998,4.998,4.998,95
2022-01-06 16:39:22,9.5,10.4,379,0.0,0.0,0,0.0,0.0,0,155924.00,0.00,0.00,298,13.04,4.15,0.00,-8.9,4.998,4.998,4.998,4.998,131
2022-01-06 16:40:22,4.0,11.3,384,0.0,0.0,0,0.0,0.0,0,156308.00,0.00,0.00,295,13.04,4.10,0.00,-8.9,4.998,4.998,4.998,4.998,95
2022-01-06 16:41:22,3.4,5.9,198,0.0,0.0,0,0.0,0.0,0,156506.00,0.00,0.00,293,13.04,4.07,0.00,-8.9,4.998,4.998,4.998,4.998,6
2022-01-06 16:42:22,7.1,8.6,300,0.0,0.0,0,0.0,0.0,0,156806.00,0.00,0.00,258,13.00,3.58,0.00,-8.9,4.998,4.998,4.998,4.998,6
2022-01-06 16:43:22,6.4,11.6,397,0.0,0.0,0,0.0,0.0,0,157203.00,0.00,0.00,300,13.04,4.17,0.00,-8.5,4.998,4.998,4.998,4.998,95
2022-01-06 16:44:22,4.7,11.0,451,0.0,0.0,0,0.0,0.0,0,157654.00,0.00,0.00,293,13.00,4.08,0.00,-8.9,4.998,4.998,4.998,4.998,225
2022-01-06 16:45:22,3.9,7.1,283,0.0,0.0,0,0.0,0.0,0,157937.00,0.00,0.00,316,13.00,4.38,0.00,-8.9,4.998,4.998,4.998,4.998,109
2022-01-06 16:46:22,8.3,10.1,365,0.0,0.0,0,0.0,0.0,0,158302.00,0.00,0.00,301,13.00,4.18,0.00,-8.9,4.998,4.998,4.998,4.998,121
2022-01-06 16:47:22,7.5,9.3,399,0.0,0.0,0,0.0,0.0,0,158701.00,0.00,0.00,281,13.00,3.91,0.00,-8.9,4.998,4.998,4.998,4.998,236
2022-01-06 16:48:22,8.9,10.9,454,0.0,0.0,0,0.0,0.0,0,159155.00,0.00,0.00,272,13.00,3.77,0.00,-8.9,4.998,4.998,4.998,4.998,62
2022-01-06 16:49:22,3.7,9.8,420,0.0,0.0,0,0.0,0.0,0,159575.00,0.00,0.00,295,13.00,4.10,0.00,-9.4,4.998,4.998,4.998,4.998,169
2022-01-06 16:50:22,3.0,8.2,286,0.0,0.0,0,0.0,0.0,0,159861.00,0.00,0.00,324,13.00,4.51,0.00,-9.4,4.998,4.998,4.998,4.998,174
2022-01-06 16:51:22,2.0,5.5,191,0.0,0.0,0,0.0,0.0,0,160052.00,0.00,0.00,278,13.00,3.87,0.00,-9.4,4.998,4.998,4.998,4.998,28
2022-01-06 16:52:22,6.1,6.4,244,0.0,0.0,0,0.0,0.0,0,160296.00,0.00,0.00,292,13.00,4.06,0.00,-9.4,4.998,4.998,4.998,4.998,50
2022-01-06 16:53:22,5.8,10.6,462,0.0,0.0,0,0.0,0.0,0,160758.00,0.00,0.00,297,13.00,4.12,0.00,-9.4,4.998,4.998,4.998,4.998,46
2022-01-06 16:54:22,3.0,9.9,364,0.0,0.0,0,0.0,0.0,0,161122.00,0.00,0.00,316,13.00,4.39,0.00,-9.4,4.998,4.998,4.998,4.998,253
2022-01-06 16:55:22,3.1,6.0,263,0.0,0.0,0,0.0,0.0,0,161385.00,0.00,0.00,291,13.00,4.05,0.00,-9.4,4.998,4.998,4.998,4.998,108
2022-01-06 16:56:22,4.6,7.8,315,0.0,0.0,0,0.0,0.0,0,161700.00,0.00,0.00,273,13.00,3.79,0.00,-9.4,4.998,4.998,4.998,4.998,160
2022-01-06 16:57:22,4.0,7.4,240,0.0,0.0,0,0.0,0.0,0,161940.00,0.00,0.00,287,12.96,3.99,0.00,-9.4,4.998,4.998,4.998,4.998,194
2022-01-06 16:58:22,2.5,6.4,195,0.0,0.0,0,0.0,0.0,0,162135.00,0.00,0.00,307,13.00,4.27,0.00,-9.4,4.998,4.998,4.998,4.998,67
2022-01-06 16:59:22,4.4,6.2,255,0.0,0.0,0,0.0,0.0,0,162390.00,0.00,0.00,305,12.96,4.24,0.00,-8.9,4.998,4.998,4.998,4.998,207
2022-01-06 17:00:22,1.5,6.4,248,0.0,0.0,0,0.0,0.0,0,162638.00,0.00,0.00,279,12.96,3.88,0.00,-9.4,4.998,4.998,4.998,4.998,222
2022-01-06 17:01:22,4.3,5.4,169,0.0,0.0,0,0.0,0.0,0,162807.00,0.00,0.00,293,12.96,4.08,0.00,-9.4,4.998,4.998,4.998,4.998,2
2022-01-06 17:02:22,4.6,6.9,262,0.0,0.0,0,0.0,0.0,0,163069.00,0.00,0.00,315,12.96,4.38,0.00,-9.4,4.998,4.998,4.998,4.998,197
2022-01-06 17:03:22,5.6,7.2,296,0.0,0.0,0,0.0,0.0,0,163365.00,0.00,0.00,323,12.96,4.48,0.00,-9.4,4.998,4.998,4.998,4.998,149
2022-01-06 17:04:22,3.5,5.6,239,0.0,0.0,0,0.0,0.0,0,163604.00,0.00,0.00,294,12.96,4.09,0.00,-9.4,4.998,4.998,4.998,4.998,208
2022-01-06 17:05:22,2.1,9.3,267,0.0,0.0,0,0.0,0.0,0,163871.00,0.00,0.00,310,12.96,4.31,0.00,-9.4,4.998,4.998,4.998,4.998,112
2022-01-06 17:06:22,1.4,6.0,200,0.0,0.0,0,0.0,0.0,0,164071.00,0.00,0.00,319,12.96,4.43,0.00,-9.4,4.998,4.998,4.998,4.998,231
2022-01-06 17:07:22,3.6,6.1,151,0.0,0.0,0,0.0,0.0,0,164222.00,0.00,0.00,350,12.96,4.86,0.00,-9.4,4.998,4.998,4.998,4.998,118
2022-01-06 17:08:22,4.5,6.8,196,0.0,0.0,0,0.0,0.0,0,164418.00,0.00,0.00,314,12.96,4.37,0.00,-9.4,4.998,4.998,4.998,4.998,67
2022-01-06 17:09:22,3.2,6.3,234,0.0,0.0,0,0.0,0.0,0,164652.00,0.00,0.00,320,12.96,4.45,0.00,-9.4,4.998,4.998,4.998,4.998,174
2022-01-06 17:10:22,3.9,6.1,260,0.0,0.0,0,0.0,0.0,0,164912.00,0.00,0.00,319,12.92,4.43,0.00,-9.4,4.998,4.998,4.998,4.998,168
2022-01-06 17:11:22,6.0,7.0,259,0.0,0.0,0,0.0,0.0,0,165171.00,0.00,0.00,323,12.92,4.49,0.00,-9.4,4.998,4.998,4.998,4.998,10
2022-01-06 17:12:22,4.3,5.7,229,0.0,0.0,0,0.0,0.0,0,165400.00,0.00,0.00,297,12.96,4.13,0.00,-9.4,4.998,4.998,4.998,4.998,226
2022-01-06 17:13:22,2.8,7.0,306,0.0,0.0,0,0.0,0.0,0,165706.00,0.00,0.00,323,12.96,4.49,0.00,-9.4,4.998,4.998,4.998,4.998,230
2022-01-06 17:14:22,1.7,3.6,125,0.0,0.0,0,0.0,0.0,0,165831.00,0.00,0.00,322,12.92,4.48,0.00,-9.4,4.998,4.998,4.998,4.998,233
2022-01-06 17:15:22,3.7,5.2,110,0.0,0.0,0,0.0,0.0,0,165941.00,0.00,0.00,295,12.92,4.10,0.00,-9.4,4.998,4.998,4.998,4.998,102
2022-01-06 17:16:22,2.2,4.7,132,0.0,0.0,0,0.0,0.0,0,166073.00,0.00,0.00,282,12.92,3.92,0.00,-9.4,4.998,4.998,4.998,4.998,172
2022-01-06 17:17:22,4.2,8.3,277,0.0,0.0,0,0.0,0.0,0,166350.00,0.00,0.00,315,12.92,4.37,0.00,-9.4,4.998,4.998,4.998,4.998,138
2022-01-06 17:18:22,3.5,4.3,146,0.0,0.0,0,0.0,0.0,0,166496.00,0.00,0.00,314,12.92,4.37,0.00,-9.4,4.998,4.998,4.998,4.998,65
2022-01-06 17:19:22,1.8,3.7,106,0.0,0.0,0,0.0,0.0,0,166602.00,0.00,0.00,314,12.92,4.37,0.00,-9.4,4.998,4.998,4.998,4.998,0
2022-01-06 17:20:22,4.5,8.0,222,0.0,0.0,0,0.0,0.0,0,166824.00,0.00,0.00,322,12.92,4.47,0.00,-9.4,4.998,4.998,4.998,4.998,17
2022-01-06 17:21:22,4.4,9.5,327,0.0,0.0,0,0.0,0.0,0,167151.00,0.00,0.00,328,12.92,4.56,0.00,-9.4,4.998,4.998,4.998,4.998,132
2022-01-06 17:22:22,3.1,4.0,161,0.0,0.0,0,0.0,0.0,0,167312.00,0.00,0.00,277,12.92,3.85,0.00,-9.9,4.998,4.998,4.998,4.998,43
2022-01-06 17:23:22,3.5,5.3,210,0.0,0.0,0,0.0,0.0,0,167522.00,0.00,0.00,274,12.92,3.81,0.00,-9.9,4.998,4.998,4.998,4.998,119
2022-01-06 17:24:22,4.5,6.8,249,0.0,0.0,0,0.0,0.0,0,167771.00,0.00,0.00,287,12.92,3.99,0.00,-9.4,4.998,4.998,4.998,4.998,236
2022-01-06 17:25:22,5.0,5.0,188,0.0,0.0,0,0.0,0.0,0,167959.00,0.00,0.00,288,12.92,4.00,0.00,-9.9,4.998,4.998,4.998,4.998,147
2022-01-06 17:26:22,2.6,5.4,175,0.0,0.0,0,0.0,0.0,0,168134.00,0.00,0.00,311,12.92,4.32,0.00,-9.9,4.998,4.998,4.998,4.998,117
2022-01-06 17:27:22,3.3,4.2,147,0.0,0.0,0,0.0,0.0,0,168281.00,0.00,0.00,317,12.92,4.41,0.00,-9.4,4.998,4.998,4.998,4.998,6
2022-01-06 17:28:22,4.6,5.3,190,0.0,0.0,0,0.0,0.0,0,168471.00,0.00,0.00,339,12.89,4.71,0.00,-9.4,4.998,4.998,4.998,4.998,61
2022-01-06 17:29:22,2.1,5.1,197,0.0,0.0,0,0.0,0.0,0,168668.00,0.00,0.00,323,12.89,4.49,0.00,-9.4,4.998,4.998,4.998,4.998,56
2022-01-06 17:30:22,2.2,4.5,116,0.0,0.0,0,0.0,0.0,0,168784.00,0.00,0.00,323,12.92,4.49,0.00,-9.4,4.998,4.998,4.998,4.998,63
2022-01-06 17:31:22,4.9,8.7,299,0.0,0.0,0,0.0,0.0,0,169083.00,0.00,0.00,321,12.92,4.46,0.00,-9.9,4.998,4.998,4.998,4.998,81
2022-01-06 17:32:22,5.5,9.7,385,0.0,0.0,0,0.0,0.0,0,169468.00,0.00,0.00,351,12.89,4.88,0.00,-9.9,4.998,4.998,4.998,4.998,39
2022-01-06 17:33:22,10.2,11.1,463,0.0,0.0,0,0.0,0.0,0,169931.00,0.00,0.00,5,12.89,0.07,0.00,-9.9,4.998,4.998,4.998,4.998,81
2022-01-06 17:34:22,5.2,10.6,462,0.0,0.0,0,0.0,0.0,0,170393.00,0.00,0.00,359,12.89,4.99,0.00,-9.9,4.998,4.998,4.998,4.998,116
2022-01-06 17:35:22,4.6,10.2,461,0.0,0.0,0,0.0,0.0,0,170854.00,0.00,0.00,339,12.89,4.71,0.00,-9.9,4.998,4.998,4.998,4.998,66
2022-01-06 17:36:22,9.5,10.5,461,0.0,0.0,0,0.0,0.0,0,171315.00,0.00,0.00,338,12.89,4.69,0.00,-9.9,4.998,4.998,4.998,4.998,104
2022-01-06 17:37:22,6.1,11.2,407,0.0,0.0,0,0.0,0.0,0,171722.00,0.00,0.00,1,12.89,0.01,0.00,-9.9,4.998,4.998,4.998,4.998,167
2022-01-06 17:38:22,4.9,8.6,360,0.0,0.0,0,0.0,0.0,0,172082.00,0.00,0.00,333,12.89,4.62,0.00,-9.9,4.998,4.998,4.998,4.998,209
2022-01-06 17:39:22,10.2,14.6,503,0.0,0.0,0,0.0,0.0,0,172585.00,0.00,0.00,343,12.89,4.77,0.00,-9.9,4.998,4.998,4.998,4.998,175
2022-01-06 17:40:22,3.5,11.4,489,0.0,0.0,0,0.0,0.0,0,173074.00,0.00,0.00,311,12.89,4.33,0.00,-10.4,4.998,4.998,4.998,4.998,70
2022-01-06 17:41:22,5.5,8.5,345,0.0,0.0,0,0.0,0.0,0,173419.00,0.00,0.00,350,12.89,4.86,0.00,-9.9,4.998,4.998,4.998,4.998,45
2022-01-06 17:42:22,8.3,10.6,430,0.0,0.0,0,0.0,0.0,0,173849.00,0.00,0.00,327,12.89,4.54,0.00,-9.9,4.998,4.998,4.998,4.998,55
2022-01-06 17:43:22,8.0,11.8,561,0.0,0.0,0,0.0,0.0,0,174410.00,0.00,0.00,322,12.89,4.48,0.00,-10.4,4.998,4.998,4.998,4.998,96
2022-01-06 17:44:22,8.1,11.2,469,0.0,0.0,0,0.0,0.0,0,174879.00,0.00,0.00,316,12.89,4.39,0.00,-10.4,4.998,4.998,4.998,4.998,152
2022-01-06 17:45:22,3.5,10.7,452,0.0,0.0,0,0.0,0.0,0,175331.00,0.00,0.00,321,12.89,4.46,0.00,-10.4,4.998,4.998,4.998,4.998,53
2022-01-06 17:46:22,6.5,8.7,344,0.0,0.0,0,0.0,0.0,0,175675.00,0.00,0.00,350,12.89,4.86,0.00,-10.4,4.998,4.998,4.998,4.998,58
2022-01-06 17:47:22,8.0,10.0,492,0.0,0.0,0,0.0,0.0,0,176167.00,0.00,0.00,348,12.89,4.83,0.00,-10.9,4.998,4.998,4.998,4.998,109
2022-01-06 17:48:22,4.3,10.7,443,0.0,0.0,0,0.0,0.0,0,176610.00,0.00,0.00,2,12.89,0.03,0.00,-10.4,4.998,4.998,4.998,4.998,103
2022-01-06 17:49:22,8.0,9.3,406,0.0,0.0,0,0.0,0.0,0,177016.00,0.00,0.00,336,12.89,4.67,0.00,-10.4,4.998,4.998,4.998,4.998,11
2022-01-06 17:50:22,6.4,8.8,302,0.0,0.0,0,0.0,0.0,0,177318.00,0.00,0.00,344,12.89,4.78,0.00,-10.4,4.998,4.998,4.998,4.998,125
2022-01-06 17:51:22,1.6,6.6,235,0.0,0.0,0,0.0,0.0,0,177553.00,0.00,0.00,333,12.89,4.62,0.00,-10.9,4.998,4.998,4.998,4.998,74
2022-01-06 17:52:22,2.8,7.1,163,0.0,0.0,0,0.0,0.0,0,177716.00,0.00,0.00,311,12.89,4.32,0.00,-10.4,4.998,4.998,4.998,4.998,97
2022-01-06 17:53:22,3.8,6.3,169,0.0,0.0,0,0.0,0.0,0,177885.00,0.00,0.00,297,12.89,4.13,0.00,-10.4,4.998,4.998,4.998,4.998,81
2022-01-06 17:54:22,5.1,5.5,230,0.0,0.0,0,0.0,0.0,0,178115.00,0.00,0.00,280,12.89,3.89,0.00,-10.4,4.998,4.998,4.998,4.998,233
2022-01-06 17:55:22,4.2,7.2,285,0.0,0.0,0,0.0,0.0,0,178400.00,0.00,0.00,325,12.89,4.52,0.00,-10.4,4.998,4.998,4.998,4.998,234
2022-01-06 17:56:22,6.4,9.4,358,0.0,0.0,0,0.0,0.0,0,178758.00,0.00,0.00,334,12.89,4.64,0.00,-10.4,4.998,4.998,4.998,4.998,31
2022-01-06 17:57:22,3.5,7.9,324,0.0,0.0,0,0.0,0.0,0,179082.00,0.00,0.00,305,12.89,4.24,0.00,-10.9,4.998,4.998,4.998,4.998,198
2022-01-06 17:58:22,3.6,5.1,182,0.0,0.0,0,0.0,0.0,0,179264.00,0.00,0.00,329,12.89,4.58,0.00,-10.9,4.998,4.998,4.998,4.998,247
2022-01-06 17:59:22,5.6,9.4,319,0.0,0.0,0,0.0,0.0,0,179583.00,0.00,0.00,310,12.89,4.31,0.00,-10.9,4.998,4.998,4.998,4.998,121
2022-01-06 18:00:22,2.2,5.7,171,0.0,0.0,0,0.0,0.0,0,179754.00,0.00,0.00,303,12.89,4.21,0.00,-10.9,4.998,4.998,4.998,4.998,184
2022-01-06 18:01:22,3.0,4.0,164,0.0,0.0,0,0.0,0.0,0,179918.00,0.00,0.00,303,12.89,4.21,0.00,-10.9,4.998,4.998,4.998,4.998,243
2022-01-06 18:02:22,3.6,6.3,221,0.0,0.0,0,0.0,0.0,0,180139.00,0.00,0.00,321,12.89,4.46,0.00,-10.9,4.998,4.998,4.998,4.998,153
2022-01-06 18:03:22,5.7,9.8,366,0.0,0.0,0,0.0,0.0,0,180505.00,0.00,0.00,336,12.89,4.66,0.00,-10.9,4.998,4.998,4.998,4.998,187
2022-01-06 18:04:22,5.1,5.7,236,0.0,0.0,0,0.0,0.0,0,180741.00,0.00,0.00,320,12.89,4.45,0.00,-10.9,4.998,4.998,4.998,4.998,128
2022-01-06 18:05:22,2.8,7.9,285,0.0,0.0,0,0.0,0.0,0,181026.00,0.00,0.00,313,12.89,4.36,0.00,-10.9,4.998,4.998,4.998,4.998,195
2022-01-06 18:06:22,4.9,5.7,156,0.0,0.0,0,0.0,0.0,0,181182.00,0.00,0.00,318,12.89,4.42,0.00,-10.4,4.998,4.998,4.998,4.998,113
2022-01-06 18:07:22,2.0,5.4,159,0.0,0.0,0,0.0,0.0,0,181341.00,0.00,0.00,307,12.89,4.27,0.00,-10.4,4.998,4.998,4.998,4.998,121
2022-01-06 18:08:22,2.6,3.3,90,0.0,0.0,0,0.0,0.0,0,181431.00,0.00,0.00,307,12.85,4.27,0.00,-10.9,4.998,4.998,4.998,4.998,24
2022-01-06 18:09:22,2.3,3.2,116,0.0,0.0,0,0.0,0.0,0,181547.00,0.00,0.00,307,12.89,4.27,0.00,-10.4,4.998,4.998,4.998,4.998,7
2022-01-06 18:10:22,2.6,3.8,94,0.0,0.0,0,0.0,0.0,0,181641.00,0.00,0.00,277,12.85,3.85,0.00,-10.9,4.998,4.998,4.998,4.998,125
2022-01-06 18:11:22,4.6,4.7,131,0.0,0.0,0,0.0,0.0,0,181772.00,0.00,0.00,277,12.89,3.85,0.00,-10.4,4.998,4.998,4.998,4.998,230
2022-01-06 18:12:22,4.9,8.2,248,0.0,0.0,0,0.0,0.0,0,182020.00,0.00,0.00,269,12.89,3.74,0.00,-10.9,4.998,4.998,4.998,4.998,108
2022-01-06 18:13:22,7.1,7.3,234,0.0,0.0,0,0.0,0.0,0,182254.00,0.00,0.00,277,12.89,3.85,0.00,-10.9,4.998,4.998,4.998,4.998,231
2022-01-06 18:14:22,7.4,13.0,471,0.0,0.0,0,0.0,0.0,0,182725.00,0.00,0.00,310,12.85,4.31,0.00,-10.4,4.998,4.998,4.998,4.998,139
2022-01-06 18:15:22,5.6,10.8,393,0.0,0.0,0,0.0,0.0,0,183118.00,0.00,0.00,273,12.85,3.79,0.00,-10.9,4.998,4.998,4.998,4.998,72
2022-01-06 18:16:22,4.3,6.8,248,0.0,0.0,0,0.0,0.0,0,183366.00,0.00,0.00,265,12.89,3.69,0.00,-10.4,4.998,4.998,4.998,4.998,74
2022-01-06 18:17:22,2.4,6.4,216,0.0,0.0,0,0.0,0.0,0,183582.00,0.00,0.00,307,12.89,4.27,0.00,-10.9,4.998,4.998,4.998,4.998,226
2022-01-06 18:18:22,4.6,14.4,365,0.0,0.0,0,0.0,0.0,0,183947.00,0.00,0.00,284,12.85,3.95,0.00,-10.9,4.998,4.998,4.998,4.998,45
2022-01-06 18:19:22,8.6,9.7,406,0.0,0.0,0,0.0,0.0,0,184353.00,0.00,0.00,298,12.89,4.15,0.00,-10.9,4.998,4.998,4.998,4.998,48
2022-01-06 18:20:22,6.6,9.4,316,0.0,0.0,0,0.0,0.0,0,184669.00,0.00,0.00,280,12.89,3.90,0.00,-10.9,4.998,4.998,4.998,4.998,230
2022-01-06 18:21:22,3.9,7.2,217,0.0,0.0,0,0.0,0.0,0,184886.00,0.00,0.00,312,12.89,4.33,0.00,-10.9,4.998,4.998,4.998,4.998,255
2022-01-06 18:22:22,4.5,7.6,311,0.0,0.0,0,0.0,0.0,0,185197.00,0.00,0.00,285,12.85,3.96,0.00,-10.9,4.998,4.998,4.998,4.998,98
2022-01-06 18:23:22,5.0,5.0,173,0.0,0.0,0,0.0,0.0,0,185370.00,0.00,0.00,326,12.89,4.54,0.00,-10.9,4.998,4.998,4.998,4.998,105
2022-01-06 18:24:22,2.5,9.9,298,0.0,0.0,0,0.0,0.0,0,185668.00,0.00,0.00,291,12.85,4.04,0.00,-10.9,4.998,4.998,4.998,4.998,31
2022-01-06 18:25:22,2.8,3.5,96,0.0,0.0,0,0.0,0.0,0,185764.00,0.00,0.00,283,12.85,3.93,0.00,-10.9,4.998,4.998,4.998,4.998,235
2022-01-06 18:26:22,1.4,5.5,182,0.0,0.0,0,0.0,0.0,0,185946.00,0.00,0.00,289,12.85,4.01,0.00,-10.9,4.998,4.998,4.998,4.998,75
2022-01-06 18:27:22,4.4,4.6,114,0.0,0.0,0,0.0,0.0,0,186060.00,0.00,0.00,289,12.85,4.02,0.00,-10.9,4.998,4.998,4.998,4.998,234
2022-01-06 18:28:22,4.5,4.9,234,0.0,0.0,0,0.0,0.0,0,186294.00,0.00,0.00,276,12.85,3.83,0.00,-10.9,4.998,4.998,4.998,4.998,18
2022-01-06 18:29:22,4.7,8.2,307,0.0,0.0,0,0.0,0.0,0,186601.00,0.00,0.00,282,12.85,3.92,0.00,-10.9,4.998,4.998,4.998,4.998,243
2022-01-06 18:30:22,3.0,4.6,88,0.0,0.0,0,0.0,0.0,0,186689.00,0.00,0.00,282,12.85,3.92,0.00,-10.9,4.998,4.998,4.998,4.998,62
2022-01-06 18:31:22,4.2,7.1,214,0.0,0.0,0,0.0,0.0,0,186903.00,0.00,0.00,268,12.85,3.73,0.00,-10.9,4.998,4.998,4.998,4.998,116
2022-01-06 18:32:22,3.6,6.4,240,0.0,0.0,0,0.0,0.0,0,187143.00,0.00,0.00,292,12.85,4.06,0.00,-10.9,4.998,4.998,4.998,4.998,200
2022-01-06 18:33:22,4.5,9.8,333,0.0,0.0,0,0.0,0.0,0,187476.00,0.00,0.00,299,12.85,4.15,0.00,-10.9,4.998,4.998,4.998,4.998,37
2022-01-06 18:34:22,8.2,12.0,405,0.0,0.0,0,0.0,0.0,0,187881.00,0.00,0.00,292,12.85,4.05,0.00,-11.4,4.998,4.998,4.998,4.998,135
2022-01-06 18:35:22,4.6,8.9,366,0.0,0.0,0,0.0,0.0,0,188247.00,0.00,0.00,284,12.85,3.94,0.00,-10.9,4.998,4.998,4.998,4.998,182
2022-01-06 18:36:22,7.3,12.3,466,0.0,0.0,0,0.0,0.0,0,188713.00,0.00,0.00,285,12.85,3.96,0.00,-11.4,4.998,4.998,4.998,4.998,149
2022-01-06 18:37:22,6.9,12.9,491,0.0,0.0,0,0.0,0.0,0,189204.00,0.00,0.00,282,12.85,3.92,0.00,-11.4,4.998,4.998,4.998,4.998,177
2022-01-06 18:38:22,10.7,12.0,546,0.0,0.0,0,0.0,0.0,0,189750.00,0.00,0.00,274,12.85,3.81,0.00,-11.4,4.998,4.998,4.998,4.998,244
2022-01-06 18:39:22,3.0,15.1,464,0.0,0.0,0,0.0,0.0,0,190214.00,0.00,0.00,325,12.85,4.52,0.00,-11.4,4.998,4.998,4.998,4.998,89
2022-01-06 18:40:22,3.8,10.3,336,0.0,0.0,0,0.0,0.0,0,190550.00,0.00,0.00,302,12.85,4.19,0.00,-11.4,4.998,4.998,4.998,4.998,147
2022-01-06 18:41:22,10.5,10.7,288,0.0,0.0,0,0.0,0.0,0,190838.00,0.00,0.00,299,12.85,4.16,0.00,-10.9,4.998,4.998,4.998,4.998,115
2022-01-06 18:42:22,4.7,12.3,481,0.0,0.0,0,0.0,0.0,0,191319.00,0.00,0.00,322,12.85,4.47,0.00,-11.4,4.998,4.998,4.998,4.998,159
2022-01-06 18:43:22,4.9,6.5,255,0.0,0.0,0,0.0,0.0,0,191574.00,0.00,0.00,313,12.85,4.35,0.00,-11.4,4.998,4.998,4.998,4.998,71
2022-01-06 18:44:22,8.6,11.3,230,0.0,0.0,0,0.0,0.0,0,191804.00,0.00,0.00,351,12.85,4.88,0.00,-11.4,4.998,4.998,4.998,4.998,203
2022-01-06 18:45:22,1.7,10.7,297,0.0,0.0,0,0.0,0.0,0,192101.00,0.00,0.00,309,12.85,4.29,0.00,-11.4,4.998,4.998,4.998,4.998,178
2022-01-06 18:46:22,9.0,9.5,328,0.0,0.0,0,0.0,0.0,0,192429.00,0.00,0.00,279,12.85,3.87,0.00,-11.4,4.998,4.998,4.998,4.998,45
2022-01-06 18:47:22,5.1,9.6,346,0.0,0.0,0,0.0,0.0,0,192775.00,0.00,0.00,307,12.85,4.27,0.00,-11.4,4.998,4.998,4.998,4.998,104
2022-01-06 18:48:22,3.5,5.4,214,0.0,0.0,0,0.0,0.0,0,192989.00,0.00,0.00,271,12.85,3.77,0.00,-10.9,4.998,4.998,4.998,4.998,233
2022-01-06 18:49:22,4.4,7.7,273,0.0,0.0,0,0.0,0.0,0,193262.00,0.00,0.00,299,12.85,4.16,0.00,-11.4,4.998,4.998,4.998,4.998,149
2022-01-06 18:50:22,4.0,8.8,263,0.0,0.0,0,0.0,0.0,0,193525.00,0.00,0.00,276,12.85,3.84,0.00,-11.4,4.998,4.998,4.998,4.998,56
2022-01-06 18:51:22,3.7,7.9,227,0.0,0.0,0,0.0,0.0,0,193752.00,0.00,0.00,288,12.85,4.00,0.00,-11.4,4.998,4.998,4.998,4.998,255
2022-01-06 18:52:22,5.7,9.0,320,0.0,0.0,0,0.0,0.0,0,194072.00,0.00,0.00,301,12.85,4.18,0.00,-11.4,4.998,4.998,4.998,4.998,39
2022-01-06 18:53:22,5.3,10.5,346,0.0,0.0,0,0.0,0.0,0,194418.00,0.00,0.00,291,12.85,4.04,0.00,-11.4,4.998,4.998,4.998,4.998,132
2022-01-06 18:54:22,5.2,9.6,326,0.0,0.0,0,0.0,0.0,0,194744.00,0.00,0.00,283,12.81,3.93,0.00,-11.4,4.998,4.998,4.998,4.998,209
2022-01-06 18:55:22,3.5,5.7,229,0.0,0.0,0,0.0,0.0,0,194973.00,0.00,0.00,299,12.85,4.16,0.00,-11.4,4.998,4.998,4.998,4.998,36
2022-01-06 18:56:22,4.6,6.4,268,0.0,0.0,0,0.0,0.0,0,195241.00,0.00,0.00,304,12.81,4.23,0.00,-11.4,4.998,4.998,4.998,4.998,224
2022-01-06 18:57:22,6.2,11.7,343,0.0,0.0,0,0.0,0.0,0,195584.00,0.00,0.00,298,12.85,4.14,0.00,-11.4,4.998,4.998,4.998,4.998,181
2022-01-06 18:58:22,5.9,10.4,401,0.0,0.0,0,0.0,0.0,0,195985.00,0.00,0.00,313,12.85,4.35,0.00,-11.4,4.998,4.998,4.998,4.998,195
2022-01-06 18:59:22,9.1,9.6,337,0.0,0.0,0,0.0,0.0,0,196322.00,0.00,0.00,259,12.81,3.60,0.00,-11.9,4.998,4.998,4.998,4.998,55
2022-01-06 19:00:22,5.2,9.9,311,0.0,0.0,0,0.0,0.0,0,196633.00,0.00,0.00,271,12.81,3.76,0.00,-11.4,4.998,4.998,4.998,4.998,94
2022-01-06 19:01:22,6.7,9.1,336,0.0,0.0,0,0.0,0.0,0,196969.00,0.00,0.00,288,12.81,4.00,0.00,-11.4,4.998,4.998,4.998,4.998,171
2022-01-06 19:02:22,11.2,16.2,670,0.0,0.0,0,0.0,0.0,0,197639.00,0.00,0.00,272,12.81,3.78,0.00,-11.9,4.998,4.998,4.998,4.998,106
2022-01-06 19:03:22,5.2,13.8,512,0.0,0.0,0,0.0,0.0,0,198151.00,0.00,0.00,277,12.81,3.85,0.00,-11.4,4.998,4.998,4.998,4.998,190
2022-01-06 19:04:22,8.2,10.2,393,0.0,0.0,0,0.0,0.0,0,198544.00,0.00,0.00,310,12.81,4.31,0.00,-11.9,4.998,4.998,4.998,4.998,102
2022-01-06 19:05:22,9.5,11.3,393,0.0,0.0,0,0.0,0.0,0,198937.00,0.00,0.00,306,12.81,4.25,0.00,-11.4,4.998,4.998,4.998,4.998,102
2022-01-06 19:06:22,7.3,16.4,607,0.0,0.0,0,0.0,0.0,0,199544.00,0.00,0.00,300,12.81,4.16,0.00,-11.4,4.998,4.998,4.998,4.998,129
2022-01-06 19:07:22,4.2,8.8,382,0.0,0.0,0,0.0,0.0,0,199926.00,0.00,0.00,267,12.81,3.71,0.00,-11.9,4.998,4.998,4.998,4.998,214
2022-01-06 19:08:22,10.7,13.9,431,0.0,0.0,0,0.0,0.0,0,200357.00,0.00,0.00,285,12.81,3.96,0.00,-11.4,4.998,4.998,4.998,4.998,11
2022-01-06 19:09:22,7.0,13.6,581,0.0,0.0,0,0.0,0.0,0,200938.00,0.00,0.00,321,12.81,4.46,0.00,-11.9,4.998,4.998,4.998,4.998,221
2022-01-06 19:10:22,5.9,7.6,327,0.0,0.0,0,0.0,0.0,0,201265.00,0.00,0.00,277,12.81,3.85,0.00,-11.9,4.998,4.998,4.998,4.998,31
2022-01-06 19:11:22,5.4,7.3,251,0.0,0.0,0,0.0,0.0,0,201516.00,0.00,0.00,307,12.81,4.27,0.00,-11.9,4.998,4.998,4.998,4.998,253
2022-01-06 19:12:22,5.2,15.9,523,0.0,0.0,0,0.0,0.0,0,202039.00,0.00,0.00,325,12.81,4.52,0.00,-11.9,4.998,4.998,4.998,4.998,43
2022-01-06 19:13:22,8.1,11.6,455,0.0,0.0,0,0.0,0.0,0,202494.00,0.00,0.00,336,12.81,4.67,0.00,-11.9,4.998,4.998,4.998,4.998,5
2022-01-06 19:14:22,15.7,20.0,779,0.0,0.0,0,0.0,0.0,0,203273.00,0.00,0.00,293,12.81,4.07,0.00,-11.9,4.998,4.998,4.998,4.998,157
2022-01-06 19:15:22,6.0,16.7,696,0.0,0.0,0,0.0,0.0,0,203969.00,0.00,0.00,289,12.81,4.01,0.00,-11.9,4.998,4.998,4.998,4.998,33
2022-01-06 19:16:22,5.8,12.4,436,0.0,0.0,0,0.0,0.0,0,204405.00,0.00,0.00,291,12.81,4.05,0.00,-11.9,4.998,4.998,4.998,4.998,153
2022-01-06 19:17:22,7.1,10.0,403,0.0,0.0,0,0.0,0.0,0,204808.00,0.00,0.00,267,12.81,3.72,0.00,-11.9,4.998,4.998,4.998,4.998,221
2022-01-06 19:18:22,3.3,8.3,335,0.0,0.0,0,0.0,0.0,0,205143.00,0.00,0.00,268,12.81,3.72,0.00,-11.9,4.998,4.998,4.998,4.998,160
2022-01-06 19:19:22,10.3,14.3,472,0.0,0.0,0,0.0,0.0,0,205615.00,0.00,0.00,243,12.81,3.38,0.00,-11.9,4.998,4.998,4.998,4.998,216
2022-01-06 19:20:22,11.1,16.5,577,0.0,0.0,0,0.0,0.0,0,206192.00,0.00,0.00,290,12.81,4.03,0.00,-11.9,4.998,4.998,4.998,4.998,175
2022-01-06 19:21:22,5.8,12.7,522,0.0,0.0,0,0.0,0.0,0,206714.00,0.00,0.00,266,12.81,3.69,0.00,-12.4,4.998,4.998,4.998,4.998,60
2022-01-06 19:22:22,3.7,9.5,348,0.0,0.0,0,0.0,0.0,0,207062.00,0.00,0.00,312,12.81,4.33,0.00,-12.4,4.998,4.998,4.998,4.998,80
2022-01-06 19:23:22,5.9,12.0,456,0.0,0.0,0,0.0,0.0,0,207518.00,0.00,0.00,271,12.81,3.76,0.00,-11.9,4.998,4.998,4.998,4.998,187
2022-01-06 19:24:22,5.8,12.0,460,0.0,0.0,0,0.0,0.0,0,207978.00,0.00,0.00,293,12.81,4.07,0.00,-12.4,4.998,4.998,4.998,4.998,114
2022-01-06 19:25:22,5.0,12.4,522,0.0,0.0,0,0.0,0.0,0,208500.00,0.00,0.00,307,12.81,4.27,0.00,-12.4,4.998,4.998,4.998,4.998,179
2022-01-06 19:26:22,9.3,12.4,448,0.0,0.0,0,0.0,0.0,0,208948.00,0.00,0.00,271,12.81,3.76,0.00,-12.4,4.998,4.998,4.998,4.998,30
2022-01-06 19:27:22,7.1,12.4,511,0.0,0.0,0,0.0,0.0,0,209459.00,0.00,0.00,313,12.81,4.36,0.00,-12.4,4.998,4.998,4.998,4.998,27
2022-01-06 19:28:22,9.8,13.9,536,0.0,0.0,0,0.0,0.0,0,209995.00,0.00,0.00,306,12.81,4.26,0.00,-12.4,4.998,4.998,4.998,4.998,195
2022-01-06 19:29:22,8.9,13.6,463,0.0,0.0,0,0.0,0.0,0,210458.00,0.00,0.00,322,12.81,4.48,0.00,-12.4,4.998,4.998,4.998,4.998,150
2022-01-06 19:30:22,6.4,15.2,473,0.0,0.0,0,0.0,0.0,0,210931.00,0.00,0.00,287,12.81,3.99,0.00,-12.4,4.998,4.998,4.998,4.998,156
2022-01-06 19:31:22,9.5,14.1,585,0.0,0.0,0,0.0,0.0,0,211516.00,0.00,0.00,293,12.81,4.07,0.00,-12.4,4.998,4.998,4.998,4.998,174
2022-01-06 19:32:22,9.0,15.2,613,0.0,0.0,0,0.0,0.0,0,212129.00,0.00,0.00,298,12.81,4.14,0.00,-12.8,4.998,4.998,4.998,4.998,25
2022-01-06 19:33:22,5.1,11.1,418,0.0,0.0,0,0.0,0.0,0,212547.00,0.00,0.00,297,12.81,4.12,0.00,-12.4,4.998,4.998,4.998,4.998,63
2022-01-06 19:34:22,6.5,8.0,316,0.0,0.0,0,0.0,0.0,0,212863.00,0.00,0.00,287,12.81,3.99,0.00,-12.4,4.998,4.998,4.998,4.998,253
2022-01-06 19:35:22,8.6,9.9,427,0.0,0.0,0,0.0,0.0,0,213290.00,0.00,0.00,302,12.81,4.19,0.00,-12.8,4.998,4.998,4.998,4.998,239
2022-01-06 19:36:22,5.4,9.3,393,0.0,0.0,0,0.0,0.0,0,213683.00,0.00,0.00,278,12.81,3.86,0.00,-12.4,4.998,4.998,4.998,4.998,124
2022-01-06 19:37:22,6.3,10.3,409,0.0,0.0,0,0.0,0.0,0,214092.00,0.00,0.00,268,12.77,3.73,0.00,-12.8,4.998,4.998,4.998,4.998,19
2022-01-06 19:38:22,7.0,10.0,462,0.0,0.0,0,0.0,0.0,0,214554.00,0.00,0.00,312,12.77,4.34,0.00,-12.4,4.998,4.998,4.998,4.998,170
2022-01-06 19:39:22,8.6,14.1,576,0.0,0.0,0,0.0,0.0,0,215130.00,0.00,0.00,245,12.77,3.40,0.00,-12.4,4.998,4.998,4.998,4.998,106
2022-01-06 19:40:22,6.4,16.4,628,0.0,0.0,0,0.0,0.0,0,215758.00,0.00,0.00,299,12.77,4.16,0.00,-12.4,4.998,4.998,4.998,4.998,249
2022-01-06 19:41:22,2.8,6.6,257,0.0,0.0,0,0.0,0.0,0,216015.00,0.00,0.00,309,12.81,4.29,0.00,-12.8,4.998,4.998,4.998,4.998,221
2022-01-06 19:42:22,5.4,10.1,308,0.0,0.0,0,0.0,0.0,0,216323.00,0.00,0.00,304,12.81,4.22,0.00,-12.8,4.998,4.998,4.998,4.998,27
2022-01-06 19:43:22,9.7,15.5,475,0.0,0.0,0,0.0,0.0,0,216798.00,0.00,0.00,289,12.81,4.02,0.00,-12.8,4.998,4.998,4.998,4.998,33
2022-01-06 19:44:22,4.9,15.4,562,0.0,0.0,0,0.0,0.0,0,217360.00,0.00,0.00,286,12.77,3.97,0.00,-12.4,4.998,4.998,4.998,4.998,121
2022-01-06 19:45:22,8.2,9.9,389,0.0,0.0,0,0.0,0.0,0,217749.00,0.00,0.00,294,12.77,4.08,0.00,-12.8,4.998,4.998,4.998,4.998,120
2022-01-06 19:46:22,7.3,13.0,463,0.0,0.0,0,0.0,0.0,0,218212.00,0.00,0.00,302,12.77,4.19,0.00,-12.4,4.998,4.998,4.998,4.998,46
2022-01-06 19:47:22,10.4,12.1,387,0.0,0.0,0,0.0,0.0,0,218599.00,0.00,0.00,285,12.77,3.96,0.00,-12.8,4.998,4.998,4.998,4.998,171
2022-01-06 19:48:22,6.9,15.2,563,0.0,0.0,0,0.0,0.0,0,219162.00,0.00,0.00,320,12.81,4.44,0.00,-12.4,4.998,4.998,4.998,4.998,121
2022-01-06 19:49:22,4.6,8.1,301,0.0,0.0,0,0.0,0.0,0,219463.00,0.00,0.00,298,12.81,4.14,0.00,-12.8,4.998,4.998,4.998,4.998,10
2022-01-06 19:50:22,5.1,7.6,262,0.0,0.0,0,0.0,0.0,0,219725.00,0.00,0.00,284,12.77,3.94,0.00,-12.4,4.998,4.998,4.998,4.998,11
2022-01-06 19:51:22,2.0,6.6,183,0.0,0.0,0,0.0,0.0,0,219908.00,0.00,0.00,304,12.77,4.22,0.00,-12.8,4.998,4.998,4.998,4.998,135
2022-01-06 19:52:22,3.4,3.9,134,0.0,0.0,0,0.0,0.0,0,220042.00,0.00,0.00,324,12.81,4.51,0.00,-12.8,4.998,4.998,4.998,4.998,25
2022-01-06 19:53:22,8.0,8.0,252,0.0,0.0,0,0.0,0.0,0,220294.00,0.00,0.00,314,12.77,4.36,0.00,-12.8,4.998,4.998,4.998,4.998,43
2022-01-06 19:54:22,4.5,8.8,374,0.0,0.0,0,0.0,0.0,0,220668.00,0.00,0.00,298,12.77,4.15,0.00,-12.8,4.998,4.998,4.998,4.998,150
2022-01-06 19:55:22,5.2,7.9,284,0.0,0.0,0,0.0,0.0,0,220952.00,0.00,0.00,310,12.77,4.30,0.00,-12.8,4.998,4.998,4.998,4.998,211
2022-01-06 19:56:22,4.0,8.3,340,0.0,0.0,0,0.0,0.0,0,221292.00,0.00,0.00,300,12.77,4.17,0.00,-12.8,4.998,4.998,4.998,4.998,142
2022-01-06 19:57:22,4.4,6.4,202,0.0,0.0,0,0.0,0.0,0,221494.00,0.00,0.00,273,12.77,3.80,0.00,-12.8,4.998,4.998,4.998,4.998,87
2022-01-06 19:58:22,1.9,6.2,212,0.0,0.0,0,0.0,0.0,0,221706.00,0.00,0.00,348,12.77,4.84,0.00,-12.8,4.998,4.998,4.998,4.998,183
2022-01-06 19:59:22,4.1,5.5,219,0.0,0.0,0,0.0,0.0,0,221925.00,0.00,0.00,270,12.77,3.74,0.00,-12.8,4.998,4.998,4.998,4.998,244
2022-01-06 20:00:22,8.1,13.0,381,0.0,0.0,0,0.0,0.0,0,222306.00,0.00,0.00,222,12.77,3.09,0.00,-12.8,4.998,4.998,4.998,4.998,221
2022-01-06 20:01:22,7.9,10.8,354,0.0,0.0,0,0.0,0.0,0,222660.00,0.00,0.00,322,12.77,4.48,0.00,-12.8,4.998,4.998,4.998,4.998,226
2022-01-06 20:02:22,9.2,12.3,407,0.0,0.0,0,0.0,0.0,0,223067.00,0.00,0.00,256,12.77,3.55,0.00,-12.8,4.998,4.998,4.998,4.998,173
2022-01-06 20:03:22,4.6,15.8,515,0.0,0.0,0,0.0,0.0,0,223582.00,0.00,0.00,257,12.77,3.57,0.00,-12.8,4.998,4.998,4.998,4.998,102
2022-01-06 20:04:22,4.4,13.2,434,0.0,0.0,0,0.0,0.0,0,224016.00,0.00,0.00,277,12.77,3.85,0.00,-12.8,4.998,4.998,4.998,4.998,149
2022-01-06 20:05:22,4.1,7.8,268,0.0,0.0,0,0.0,0.0,0,224284.00,0.00,0.00,283,12.77,3.93,0.00,-13.3,4.998,4.998,4.998,4.998,14
2022-01-06 20:06:22,4.8,11.8,357,0.0,0.0,0,0.0,0.0,0,224641.00,0.00,0.00,292,12.77,4.05,0.00,-13.3,4.998,4.998,4.998,4.998,179
2022-01-06 20:07:22,6.2,7.2,266,0.0,0.0,0,0.0,0.0,0,224907.00,0.00,0.00,303,12.77,4.20,0.00,-12.8,4.998,4.998,4.998,4.998,126
2022-01-06 20:08:22,3.9,6.7,251,0.0,0.0,0,0.0,0.0,0,225158.00,0.00,0.00,286,12.77,3.97,0.00,-13.3,4.998,4.998,4.998,4.998,169
2022-01-06 20:09:22,3.3,4.5,159,0.0,0.0,0,0.0,0.0,0,225317.00,0.00,0.00,281,12.77,3.91,0.00,-13.3,4.998,4.998,4.998,4.998,79
2022-01-06 20:10:22,6.4,8.1,185,0.0,0.0,0,0.0,0.0,0,225502.00,0.00,0.00,302,12.77,4.19,0.00,-13.3,4.998,4.998,4.998,4.998,70
2022-01-06 20:11:22,5.1,8.9,328,0.0,0.0,0,0.0,0.0,0,225830.00,0.00,0.00,280,12.77,3.89,0.00,-12.8,4.998,4.998,4.998,4.998,229
2022-01-06 20:12:22,5.7,8.7,395,0.0,0.0,0,0.0,0.0,0,226225.00,0.00,0.00,297,12.77,4.13,0.00,-13.3,4.998,4.998,4.998,4.998,144
2022-01-06 20:13:22,5.3,9.5,404,0.0,0.0,0,0.0,0.0,0,226629.00,0.00,0.00,288,12.77,4.00,0.00,-12.8,4.998,4.998,4.998,4.998,211
2022-01-06 20:14:22,4.0,8.0,316,0.0,0.0,0,0.0,0.0,0,226945.00,0.00,0.00,260,12.77,3.62,0.00,-12.8,4.998,4.998,4.998,4.998,143
2022-01-06 20:15:22,6.0,11.1,382,0.0,0.0,0,0.0,0.0,0,227327.00,0.00,0.00,254,12.77,3.53,0.00,-13.3,4.998,4.998,4.998,4.998,240
2022-01-06 20:16:22,7.7,13.7,491,0.0,0.0,0,0.0,0.0,0,227818.00,0.00,0.00,291,12.77,4.04,0.00,-12.8,4.998,4.998,4.998,4.998,126
2022-01-06 20:17:22,6.5,11.4,479,0.0,0.0,0,0.0,0.0,0,228297.00,0.00,0.00,252,12.77,3.51,0.00,-13.3,4.998,4.998,4.998,4.998,75
2022-01-06 20:18:22,4.7,11.0,376,0.0,0.0,0,0.0,0.0,0,228673.00,0.00,0.00,286,12.73,3.97,0.00,-12.8,4.998,4.998,4.998,4.998,45
2022-01-06 20:19:22,5.6,9.5,354,0.0,0.0,0,0.0,0.0,0,229027.00,0.00,0.00,299,12.77,4.16,0.00,-13.3,4.998,4.998,4.998,4.998,139
2022-01-06 20:20:22,8.0,10.6,433,0.0,0.0,0,0.0,0.0,0,229460.00,0.00,0.00,275,12.77,3.83,0.00,-13.3,4.998,4.998,4.998,4.998,206
2022-01-06 20:21:22,4.8,10.1,373,0.0,0.0,0,0.0,0.0,0,229833.00,0.00,0.00,291,12.77,4.04,0.00,-13.3,4.998,4.998,4.998,4.998,158
2022-01-06 20:22:22,10.4,14.4,555,0.0,0.0,0,0.0,0.0,0,230388.00,0.00,0.00,294,12.77,4.09,0.00,-13.3,4.998,4.998,4.998,4.998,86
2022-01-06 20:23:22,8.2,13.1,571,0.0,0.0,0,0.0,0.0,0,230959.00,0.00,0.00,289,12.77,4.02,0.00,-13.8,4.998,4.998,4.998,4.998,66
2022-01-06 20:24:22,6.8,12.6,538,0.0,0.0,0,0.0,0.0,0,231497.00,0.00,0.00,270,12.77,3.75,0.00,-13.3,4.998,4.998,4.998,4.998,170
2022-01-06 20:25:22,6.0,11.4,488,0.0,0.0,0,0.0,0.0,0,231985.00,0.00,0.00,259,12.77,3.59,0.00,-13.3,4.998,4.998,4.998,4.998,245
2022-01-06 20:26:22,4.6,12.7,543,0.0,0.0,0,0.0,0.0,0,232528.00,0.00,0.00,290,12.77,4.03,0.00,-13.8,4.998,4.998,4.998,4.998,183
2022-01-06 20:27:22,4.7,10.4,403,0.0,0.0,0,0.0,0.0,0,232931.00,0.00,0.00,278,12.77,3.86,0.00,-13.8,4.998,4.998,4.998,4.998,40
2022-01-06 20:28:22,3.2,7.2,283,0.0,0.0,0,0.0,0.0,0,233214.00,0.00,0.00,280,12.77,3.90,0.00,-13.8,4.998,4.998,4.998,4.998,239
2022-01-06 20:29:22,3.8,5.8,268,0.0,0.0,0,0.0,0.0,0,233482.00,0.00,0.00,287,12.77,3.98,0.00,-13.8,4.998,4.998,4.998,4.998,236
2022-01-06 20:30:22,2.9,9.3,280,0.0,0.0,0,0.0,0.0,0,233762.00,0.00,0.00,291,12.77,4.04,0.00,-13.8,4.998,4.998,4.998,4.998,83
2022-01-06 20:31:22,5.1,7.8,302,0.0,0.0,0,0.0,0.0,0,234064.00,0.00,0.00,267,12.77,3.72,0.00,-13.8,4.998,4.998,4.998,4.998,195
2022-01-06 20:32:22,9.6,15.3,479,0.0,0.0,0,0.0,0.0,0,234543.00,0.00,0.00,312,12.77,4.33,0.00,-13.8,4.998,4.998,4.998,4.998,0
2022-01-06 20:33:22,7.2,12.1,436,0.0,0.0,0,0.0,0.0,0,234979.00,0.00,0.00,269,12.77,3.74,0.00,-13.8,4.998,4.998,4.998,4.998,156
2022-01-06 20:34:22,8.7,12.5,497,0.0,0.0,0,0.0,0.0,0,235476.00,0.00,0.00,280,12.73,3.89,0.00,-13.8,4.998,4.998,4.998,4.998,48
2022-01-06 20:35:22,3.8,11.1,352,0.0,0.0,0,0.0,0.0,0,235828.00,0.00,0.00,291,12.77,4.05,0.00,-13.8,4.998,4.998,4.998,4.998,66
2022-01-06 20:36:22,3.8,8.8,291,0.0,0.0,0,0.0,0.0,0,236119.00,0.00,0.00,312,12.73,4.34,0.00,-14.3,4.998,4.998,4.998,4.998,171
2022-01-06 20:37:22,4.3,6.0,232,0.0,0.0,0,0.0,0.0,0,236351.00,0.00,0.00,283,12.77,3.93,0.00,-13.8,4.998,4.998,4.998,4.998,39
2022-01-06 20:38:22,1.6,8.4,190,0.0,0.0,0,0.0,0.0,0,236541.00,0.00,0.00,301,12.77,4.18,0.00,-14.3,4.998,4.998,4.998,4.998,9
2022-01-06 20:39:22,4.7,5.0,172,0.0,0.0,0,0.0,0.0,0,236713.00,0.00,0.00,269,12.77,3.74,0.00,-13.8,4.998,4.998,4.998,4.998,82
2022-01-06 20:40:22,3.1,7.6,266,0.0,0.0,0,0.0,0.0,0,236979.00,0.00,0.00,193,12.73,2.68,0.00,-14.3,4.998,4.998,4.998,4.998,231
2022-01-06 20:41:22,1.9,4.0,137,0.0,0.0,0,0.0,0.0,0,237116.00,0.00,0.00,258,12.73,3.58,0.00,-14.3,4.998,4.998,4.998,4.998,249
2022-01-06 20:42:22,7.1,8.1,297,0.0,0.0,0,0.0,0.0,0,237413.00,0.00,0.00,295,12.77,4.10,0.00,-14.3,4.998,4.998,4.998,4.998,208
2022-01-06 20:43:22,3.5,9.3,334,0.0,0.0,0,0.0,0.0,0,237747.00,0.00,0.00,272,12.73,3.77,0.00,-14.3,4.998,4.998,4.998,4.998,193
2022-01-06 20:44:22,1.4,4.6,166,0.0,0.0,0,0.0,0.0,0,237913.00,0.00,0.00,273,12.77,3.80,0.00,-14.3,4.998,4.998,4.998,4.998,53
2022-01-06 20:45:22,7.0,13.4,382,0.0,0.0,0,0.0,0.0,0,238295.00,0.00,0.00,284,12.73,3.94,0.00,-14.3,4.998,4.998,4.998,4.998,204
2022-01-06 20:46:22,8.0,15.5,483,0.0,0.0,0,0.0,0.0,0,238778.00,0.00,0.00,263,12.73,3.66,0.00,-14.8,4.998,4.998,4.998,4.998,217
2022-01-06 20:47:22,5.7,9.2,360,0.0,0.0,0,0.0,0.0,0,239138.00,0.00,0.00,286,12.73,3.97,0.00,-14.8,4.998,4.998,4.998,4.998,165
2022-01-06 20:48:22,5.4,10.8,359,0.0,0.0,0,0.0,0.0,0,239497.00,0.00,0.00,322,12.73,4.48,0.00,-14.3,4.998,4.998,4.998,4.998,139
2022-01-06 20:49:22,5.6,7.0,288,0.0,0.0,0,0.0,0.0,0,239785.00,0.00,0.00,296,12.73,4.11,0.00,-14.8,4.998,4.998,4.998,4.998,235
2022-01-06 20:50:22,7.4,9.5,324,0.0,0.0,0,0.0,0.0,0,240109.00,0.00,0.00,277,12.73,3.85,0.00,-14.8,4.998,4.998,4.998,4.998,64
2022-01-06 20:51:22,6.1,9.9,405,0.0,0.0,0,0.0,0.0,0,240514.00,0.00,0.00,281,12.77,3.90,0.00,-14.8,4.998,4.998,4.998,4.998,205
2022-01-06 20:52:22,5.4,10.8,356,0.0,0.0,0,0.0,0.0,0,240870.00,0.00,0.00,253,12.73,3.52,0.00,-14.8,4.998,4.998,4.998,4.998,6
2022-01-06 20:53:22,6.1,12.4,434,0.0,0.0,0,0.0,0.0,0,241304.00,0.00,0.00,248,12.73,3.45,0.00,-14.8,4.998,4.998,4.998,4.998,66
2022-01-06 20:54:22,5.0,14.9,546,0.0,0.0,0,0.0,0.0,0,241850.00,0.00,0.00,308,12.73,4.28,0.00,-14.8,4.998,4.998,4.998,4.998,96
2022-01-06 20:55:22,7.6,9.1,397,0.0,0.0,0,0.0,0.0,0,242247.00,0.00,0.00,279,12.73,3.88,0.00,-14.8,4.998,4.998,4.998,4.998,223
2022-01-06 20:56:22,8.1,10.4,433,0.0,0.0,0,0.0,0.0,0,242680.00,0.00,0.00,281,12.73,3.90,0.00,-14.8,4.998,4.998,4.998,4.998,252
2022-01-06 20:57:22,6.4,10.1,417,0.0,0.0,0,0.0,0.0,0,243097.00,0.00,0.00,256,12.73,3.56,0.00,-14.3,4.998,4.998,4.998,4.998,141
2022-01-06 20:58:22,3.4,6.5,264,0.0,0.0,0,0.0,0.0,0,243361.00,0.00,0.00,293,12.73,4.07,0.00,-14.8,4.998,4.998,4.998,4.998,195
2022-01-06 20:59:22,2.9,6.9,278,0.0,0.0,0,0.0,0.0,0,243639.00,0.00,0.00,280,12.73,3.90,0.00,-14.8,4.998,4.998,4.998,4.998,160
2022-01-06 21:00:22,3.7,6.0,214,0.0,0.0,0,0.0,0.0,0,243853.00,0.00,0.00,283,12.73,3.93,0.00,-14.8,4.998,4.998,4.998,4.998,154
2022-01-06 21:01:22,2.1,4.4,141,0.0,0.0,0,0.0,0.0,0,243994.00,0.00,0.00,261,12.73,3.62,0.00,-14.8,4.998,4.998,4.998,4.998,251
2022-01-06 21:02:22,4.6,5.5,208,0.0,0.0,0,0.0,0.0,0,244202.00,0.00,0.00,236,12.73,3.28,0.00,-14.8,4.998,4.998,4.998,4.998,223
2022-01-06 21:03:22,4.4,7.2,302,0.0,0.0,0,0.0,0.0,0,244504.00,0.00,0.00,274,12.73,3.81,0.00,-14.8,4.998,4.998,4.998,4.998,211
2022-01-06 21:04:22,5.2,5.4,205,0.0,0.0,0,0.0,0.0,0,244709.00,0.00,0.00,286,12.73,3.98,0.00,-14.8,4.998,4.998,4.998,4.998,24
2022-01-06 21:05:22,6.4,10.1,432,0.0,0.0,0,0.0,0.0,0,245141.00,0.00,0.00,291,12.73,4.05,0.00,-14.8,4.998,4.998,4.998,4.998,9
2022-01-06 21:06:22,3.9,8.4,317,0.0,0.0,0,0.0,0.0,0,245458.00,0.00,0.00,293,12.73,4.08,0.00,-14.8,4.998,4.998,4.998,4.998,178
2022-01-06 21:07:22,6.7,8.9,389,0.0,0.0,0,0.0,0.0,0,245847.00,0.00,0.00,268,12.73,3.73,0.00,-14.8,4.998,4.998,4.998,4.998,251
2022-01-06 21:08:22,10.2,12.8,601,0.0,0.0,0,0.0,0.0,0,246448.00,0.00,0.00,262,12.73,3.64,0.00,-14.8,4.998,4.998,4.998,4.998,225
2022-01-06 21:09:22,8.5,11.0,478,0.0,0.0,0,0.0,0.0,0,246926.00,0.00,0.00,256,12.73,3.55,0.00,-14.8,4.998,4.998,4.998,4.998,164
2022-01-06 21:10:22,8.2,11.5,458,0.0,0.0,0,0.0,0.0,0,247384.00,0.00,0.00,268,12.73,3.73,0.00,-14.8,4.998,4.998,4.998,4.998,72
2022-01-06 21:11:22,3.8,9.4,379,0.0,0.0,0,0.0,0.0,0,247763.00,0.00,0.00,285,12.73,3.95,0.00,-14.3,4.998,4.998,4.998,4.998,205
2022-01-06 21:12:22,3.0,4.9,198,0.0,0.0,0,0.0,0.0,0,247961.00,0.00,0.00,270,12.73,3.75,0.00,-14.8,4.998,4.998,4.998,4.998,109
2022-01-06 21:13:22,8.8,10.5,245,0.0,0.0,0,0.0,0.0,0,248206.00,0.00,0.00,270,12.73,3.74,0.00,-14.8,4.998,4.998,4.998,4.998,205
2022-01-06 21:14:22,6.3,9.1,285,0.0,0.0,0,0.0,0.0,0,248491.00,0.00,0.00,287,12.73,3.99,0.00,-14.8,4.998,4.998,4.998,4.998,3
2022-01-06 21:15:22,4.0,8.3,337,0.0,0.0,0,0.0,0.0,0,248828.00,0.00,0.00,290,12.73,4.03,0.00,-14.8,4.998,4.998,4.998,4.998,47
2022-01-06 21:16:22,6.4,6.5,198,0.0,0.0,0,0.0,0.0,0,249026.00,0.00,0.00,243,12.73,3.38,0.00,-14.8,4.998,4.998,4.998,4.998,59
2022-01-06 21:17:22,5.6,8.7,346,0.0,0.0,0,0.0,0.0,0,249372.00,0.00,0.00,287,12.73,3.99,0.00,-14.8,4.998,4.998,4.998,4.998,230
2022-01-06 21:18:22,7.3,8.7,328,0.0,0.0,0,0.0,0.0,0,249700.00,0.00,0.00,282,12.73,3.92,0.00,-14.8,4.998,4.998,4.998,4.998,115
2022-01-06 21:19:22,8.2,9.6,424,0.0,0.0,0,0.0,0.0,0,250124.00,0.00,0.00,241,12.73,3.35,0.00,-14.8,4.998,4.998,4.998,4.998,144
2022-01-06 21:20:22,5.2,13.8,449,0.0,0.0,0,0.0,0.0,0,250573.00,0.00,0.00,278,12.73,3.86,0.00,-14.8,4.998,4.998,4.998,4.998,151
2022-01-06 21:21:22,4.6,9.1,406,0.0,0.0,0,0.0,0.0,0,250979.00,0.00,0.00,287,12.73,3.98,0.00,-14.8,4.998,4.998,4.998,4.998,0
2022-01-06 21:22:22,6.1,8.3,332,0.0,0.0,0,0.0,0.0,0,251311.00,0.00,0.00,255,12.73,3.55,0.00,-14.8,4.998,4.998,4.998,4.998,224
2022-01-06 21:23:22,7.8,7.8,344,0.0,0.0,0,0.0,0.0,0,251655.00,0.00,0.00,286,12.73,3.97,0.00,-14.8,4.998,4.998,4.998,4.998,254
2022-01-06 21:24:22,6.9,8.5,345,0.0,0.0,0,0.0,0.0,0,252000.00,0.00,0.00,314,12.73,4.37,0.00,-14.8,4.998,4.998,4.998,4.998,81
2022-01-06 21:25:22,7.0,8.6,364,0.0,0.0,0,0.0,0.0,0,252364.00,0.00,0.00,247,12.73,3.43,0.00,-14.8,4.998,4.998,4.998,4.998,95
2022-01-06 21:26:22,4.2,8.9,340,0.0,0.0,0,0.0,0.0,0,252704.00,0.00,0.00,303,12.73,4.21,0.00,-14.8,4.998,4.998,4.998,4.998,194
2022-01-06 21:27:22,4.1,9.1,309,0.0,0.0,0,0.0,0.0,0,253013.00,0.00,0.00,272,12.73,3.78,0.00,-14.8,4.998,4.998,4.998,4.998,84
2022-01-06 21:28:22,2.0,10.0,280,0.0,0.0,0,0.0,0.0,0,253293.00,0.00,0.00,269,12.73,3.74,0.00,-14.8,4.998,4.998,4.998,4.998,77
2022-01-06 21:29:22,1.7,6.9,243,0.0,0.0,0,0.0,0.0,0,253536.00,0.00,0.00,265,12.69,3.69,0.00,-14.8,4.998,4.998,4.998,4.998,104
2022-01-06 21:30:22,2.4,5.6,229,0.0,0.0,0,0.0,0.0,0,253765.00,0.00,0.00,267,12.73,3.72,0.00,-14.8,4.998,4.998,4.998,4.998,1
2022-01-06 21:31:22,6.4,11.7,406,0.0,0.0,0,0.0,0.0,0,254171.00,0.00,0.00,308,12.73,4.28,0.00,-14.8,4.998,4.998,4.998,4.998,9
2022-01-06 21:32:22,5.8,9.6,392,0.0,0.0,0,0.0,0.0,0,254563.00,0.00,0.00,271,12.73,3.76,0.00,-14.8,4.998,4.998,4.998,4.998,159
2022-01-06 21:33:22,4.6,6.7,234,0.0,0.0,0,0.0,0.0,0,254797.00,0.00,0.00,260,12.73,3.61,0.00,-14.8,4.998,4.998,4.998,4.998,140
2022-01-06 21:34:22,3.5,9.1,330,0.0,0.0,0,0.0,0.0,0,255127.00,0.00,0.00,263,12.73,3.65,0.00,-14.8,4.998,4.998,4.998,4.998,77
2022-01-06 21:35:22,4.9,7.8,320,0.0,0.0,0,0.0,0.0,0,255447.00,0.00,0.00,285,12.73,3.95,0.00,-14.8,4.998,4.998,4.998,4.998,247
2022-01-06 21:36:22,6.3,12.1,490,0.0,0.0,0,0.0,0.0,0,255937.00,0.00,0.00,283,12.73,3.93,0.00,-14.8,4.998,4.998,4.998,4.998,14
2022-01-06 21:37:22,6.0,7.7,305,0.0,0.0,0,0.0,0.0,0,256242.00,0.00,0.00,251,12.73,3.48,0.00,-14.8,4.998,4.998,4.998,4.998,106
2022-01-06 21:38:22,7.3,13.0,494,0.0,0.0,0,0.0,0.0,0,256736.00,0.00,0.00,267,12.69,3.71,0.00,-14.8,4.998,4.998,4.998,4.998,88
2022-01-06 21:39:22,4.3,8.2,280,0.0,0.0,0,0.0,0.0,0,257016.00,0.00,0.00,271,12.73,3.77,0.00,-14.8,4.998,4.998,4.998,4.998,209
2022-01-06 21:40:22,5.7,6.8,268,0.0,0.0,0,0.0,0.0,0,257284.00,0.00,0.00,292,12.73,4.06,0.00,-14.8,4.998,4.998,4.998,4.998,48
2022-01-06 21:41:22,4.2,7.3,282,0.0,0.0,0,0.0,0.0,0,257566.00,0.00,0.00,253,12.73,3.51,0.00,-14.8,4.998,4.998,4.998,4.998,188
2022-01-06 21:42:22,5.4,10.3,453,0.0,0.0,0,0.0,0.0,0,258019.00,0.00,0.00,292,12.73,4.06,0.00,-15.3,4.998,4.998,4.998,4.998,39
2022-01-06 21:43:22,3.8,12.2,421,0.0,0.0,0,0.0,0.0,0,258440.00,0.00,0.00,255,12.73,3.54,0.00,-14.8,4.998,4.998,4.998,4.998,19
2022-01-06 21:44:22,5.3,7.6,272,0.0,0.0,0,0.0,0.0,0,258712.00,0.00,0.00,321,12.73,4.46,0.00,-14.8,4.998,4.998,4.998,4.998,132
2022-01-06 21:45:22,7.5,8.7,365,0.0,0.0,0,0.0,0.0,0,259077.00,0.00,0.00,273,12.73,3.80,0.00,-15.3,4.998,4.998,4.998,4.998,145
2022-01-06 21:46:22,10.8,11.9,430,0.0,0.0,0,0.0,0.0,0,259507.00,0.00,0.00,268,12.73,3.73,0.00,-15.3,4.998,4.998,4.998,4.998,89
2022-01-06 21:47:22,9.1,12.7,540,0.0,0.0,0,0.0,0.0,0,260047.00,0.00,0.00,277,12.73,3.85,0.00,-15.3,4.998,4.998,4.998,4.998,84
2022-01-06 21:48:22,7.0,10.7,468,0.0,0.0,0,0.0,0.0,0,260515.00,0.00,0.00,250,12.73,3.48,0.00,-15.3,4.998,4.998,4.998,4.998,115
2022-01-06 21:49:22,8.1,14.2,605,0.0,0.0,0,0.0,0.0,0,261120.00,0.00,0.00,261,12.73,3.63,0.00,-15.3,4.998,4.998,4.998,4.998,196
2022-01-06 21:50:22,5.5,9.3,382,0.0,0.0,0,0.0,0.0,0,261502.00,0.00,0.00,276,12.73,3.83,0.00,-14.8,4.998,4.998,4.998,4.998,176
2022-01-06 21:51:22,3.1,7.2,243,0.0,0.0,0,0.0,0.0,0,261745.00,0.00,0.00,282,12.73,3.92,0.00,-15.3,4.998,4.998,4.998,4.998,227
2022-01-06 21:52:22,3.4,5.4,229,0.0,0.0,0,0.0,0.0,0,261974.00,0.00,0.00,279,12.69,3.87,0.00,-15.3,4.998,4.998,4.998,4.998,224
2022-01-06 21:53:22,5.0,9.9,402,0.0,0.0,0,0.0,0.0,0,262376.00,0.00,0.00,251,12.69,3.48,0.00,-15.3,4.998,4.998,4.998,4.998,87
2022-01-06 21:54:22,7.5,8.4,374,0.0,0.0,0,0.0,0.0,0,262750.00,0.00,0.00,296,12.73,4.12,0.00,-15.3,4.998,4.998,4.998,4.998,95
2022-01-06 21:55:22,6.8,7.7,318,0.0,0.0,0,0.0,0.0,0,263068.00,0.00,0.00,273,12.73,3.79,0.00,-15.3,4.998,4.998,4.998,4.998,67
2022-01-06 21:56:22,3.8,7.8,289,0.0,0.0,0,0.0,0.0,0,263357.00,0.00,0.00,291,12.73,4.04,0.00,-15.3,4.998,4.998,4.998,4.998,113
2022-01-06 21:57:22,3.3,6.3,275,0.0,0.0,0,0.0,0.0,0,263632.00,0.00,0.00,269,12.69,3.74,0.00,-15.3,4.998,4.998,4.998,4.998,125
2022-01-06 21:58:22,8.8,9.3,389,0.0,0.0,0,0.0,0.0,0,264021.00,0.00,0.00,270,12.73,3.75,0.00,-15.3,4.998,4.998,4.998,4.998,169
2022-01-06 21:59:22,3.2,9.8,289,0.0,0.0,0,0.0,0.0,0,264310.00,0.00,0.00,282,12.73,3.92,0.00,-15.3,4.998,4.998,4.998,4.998,58
2022-01-06 22:00:22,3.9,6.3,252,0.0,0.0,0,0.0,0.0,0,264562.00,0.00,0.00,282,12.73,3.92,0.00,-15.3,4.998,4.998,4.998,4.998,183
2022-01-06 22:01:22,3.5,5.3,221,0.0,0.0,0,0.0,0.0,0,264783.00,0.00,0.00,303,12.69,4.20,0.00,-15.3,4.998,4.998,4.998,4.998,71
2022-01-06 22:02:22,4.2,6.6,241,0.0,0.0,0,0.0,0.0,0,265024.00,0.00,0.00,280,12.73,3.89,0.00,-15.8,4.998,4.998,4.998,4.998,154
2022-01-06 22:03:22,4.0,6.6,316,0.0,0.0,0,0.0,0.0,0,265340.00,0.00,0.00,275,12.69,3.82,0.00,-15.8,4.998,4.998,4.998,4.998,121
2022-01-06 22:04:22,4.1,7.2,282,0.0,0.0,0,0.0,0.0,0,265622.00,0.00,0.00,249,12.73,3.47,0.00,-15.3,4.998,4.998,4.998,4.998,20
2022-01-06 22:05:22,6.9,7.8,361,0.0,0.0,0,0.0,0.0,0,265983.00,0.00,0.00,269,12.73,3.74,0.00,-15.3,4.998,4.998,4.998,4.998,185
2022-01-06 22:06:22,5.7,9.6,419,0.0,0.0,0,0.0,0.0,0,266402.00,0.00,0.00,243,12.69,3.38,0.00,-15.3,4.998,4.998,4.998,4.998,208
2022-01-06 22:07:22,4.7,7.0,352,0.0,0.0,0,0.0,0.0,0,266754.00,0.00,0.00,283,12.73,3.93,0.00,-15.3,4.998,4.998,4.998,4.998,158
2022-01-06 22:08:22,4.7,6.3,245,0.0,0.0,0,0.0,0.0,0,266999.00,0.00,0.00,260,12.73,3.62,0.00,-15.8,4.998,4.998,4.998,4.998,160
2022-01-06 22:09:22,7.1,9.3,374,0.0,0.0,0,0.0,0.0,0,267373.00,0.00,0.00,265,12.73,3.69,0.00,-15.8,4.998,4.998,4.998,4.998,18
2022-01-06 22:10:22,2.1,7.3,294,0.0,0.0,0,0.0,0.0,0,267667.00,0.00,0.00,294,12.69,4.08,0.00,-15.8,4.998,4.998,4.998,4.998,20
2022-01-06 22:11:22,4.3,6.2,197,0.0,0.0,0,0.0,0.0,0,267864.00,0.00,0.00,265,12.73,3.68,0.00,-15.8,4.998,4.998,4.998,4.998,210
2022-01-06 22:12:22,3.2,4.5,200,0.0,0.0,0,0.0,0.0,0,268064.00,0.00,0.00,261,12.73,3.63,0.00,-15.8,4.998,4.998,4.998,4.998,46
2022-01-06 22:13:22,4.1,9.0,345,0.0,0.0,0,0.0,0.0,0,268409.00,0.00,0.00,288,12.73,4.00,0.00,-15.8,4.998,4.998,4.998,4.998,56
2022-01-06 22:14:22,4.1,7.0,292,0.0,0.0,0,0.0,0.0,0,268701.00,0.00,0.00,283,12.73,3.93,0.00,-15.8,4.998,4.998,4.998,4.998,56
2022-01-06 22:15:22,6.1,8.9,369,0.0,0.0,0,0.0,0.0,0,269070.00,0.00,0.00,261,12.73,3.63,0.00,-15.8,4.998,4.998,4.998,4.998,38
2022-01-06 22:16:22,6.8,8.4,326,0.0,0.0,0,0.0,0.0,0,269396.00,0.00,0.00,299,12.69,4.16,0.00,-15.8,4.998,4.998,4.998,4.998,123
2022-01-06 22:17:22,6.0,11.4,426,0.0,0.0,0,0.0,0.0,0,269822.00,0.00,0.00,260,12.73,3.62,0.00,-15.8,4.998,4.998,4.998,4.998,69
2022-01-06 22:18:22,5.2,7.7,383,0.0,0.0,0,0.0,0.0,0,270205.00,0.00,0.00,294,12.73,4.08,0.00,-15.8,4.998,4.998,4.998,4.998,52
2022-01-06 22:19:22,8.6,11.4,350,0.0,0.0,0,0.0,0.0,0,270555.00,0.00,0.00,260,12.69,3.61,0.00,-15.3,4.998,4.998,4.998,4.998,88
2022-01-06 22:20:22,2.9,10.1,333,0.0,0.0,0,0.0,0.0,0,270888.00,0.00,0.00,290,12.69,4.02,0.00,-15.8,4.998,4.998,4.998,4.998,121
2022-01-06 22:21:22,4.1,9.2,376,0.0,0.0,0,0.0,0.0,0,271264.00,0.00,0.00,284,12.73,3.94,0.00,-15.8,4.998,4.998,4.998,4.998,206
2022-01-06 22:22:22,5.0,9.0,347,0.0,0.0,0,0.0,0.0,0,271611.00,0.00,0.00,268,12.69,3.72,0.00,-15.8,4.998,4.998,4.998,4.998,231
2022-01-06 22:23:22,7.2,8.6,308,0.0,0.0,0,0.0,0.0,0,271919.00,0.00,0.00,285,12.69,3.95,0.00,-15.8,4.998,4.998,4.998,4.998,85
2022-01-06 22:24:22,2.9,8.8,341,0.0,0.0,0,0.0,0.0,0,272260.00,0.00,0.00,294,12.69,4.09,0.00,-15.8,4.998,4.998,4.998,4.998,174
2022-01-06 22:25:22,2.6,4.4,164,0.0,0.0,0,0.0,0.0,0,272424.00,0.00,0.00,293,12.73,4.07,0.00,-15.8,4.998,4.998,4.998,4.998,127
2022-01-06 22:26:22,2.9,3.4,101,0.0,0.0,0,0.0,0.0,0,272525.00,0.00,0.00,293,12.69,4.07,0.00,-16.3,4.998,4.998,4.998,4.998,246
2022-01-06 22:27:22,4.0,8.8,283,0.0,0.0,0,0.0,0.0,0,272808.00,0.00,0.00,294,12.73,4.09,0.00,-15.8,4.998,4.998,4.998,4.998,13
2022-01-06 22:28:22,5.4,6.2,248,0.0,0.0,0,0.0,0.0,0,273056.00,0.00,0.00,309,12.73,4.29,0.00,-16.3,4.998,4.998,4.998,4.998,92
2022-01-06 22:29:22,7.2,7.2,315,0.0,0.0,0,0.0,0.0,0,273371.00,0.00,0.00,270,12.73,3.75,0.00,-15.8,4.998,4.998,4.998,4.998,213
2022-01-06 22:30:22,6.6,9.8,422,0.0,0.0,0,0.0,0.0,0,273793.00,0.00,0.00,286,12.69,3.97,0.00,-15.8,4.998,4.998,4.998,4.998,171
2022-01-06 22:31:22,4.2,8.6,347,0.0,0.0,0,0.0,0.0,0,274140.00,0.00,0.00,269,12.69,3.74,0.00,-16.3,4.998,4.998,4.998,4.998,85
2022-01-06 22:32:22,3.1,7.2,273,0.0,0.0,0,0.0,0.0,0,274413.00,0.00,0.00,275,12.69,3.82,0.00,-15.8,4.998,4.998,4.998,4.998,142
2022-01-06 22:33:22,4.1,7.2,208,0.0,0.0,0,0.0,0.0,0,274621.00,0.00,0.00,238,12.73,3.31,0.00,-16.3,4.998,4.998,4.998,4.998,247
2022-01-06 22:34:22,6.2,6.5,211,0.0,0.0,0,0.0,0.0,0,274832.00,0.00,0.00,282,12.69,3.92,0.00,-16.3,4.998,4.998,4.998,4.998,86
2022-01-06 22:35:22,5.9,10.1,381,0.0,0.0,0,0.0,0.0,0,275213.00,0.00,0.00,288,12.69,4.00,0.00,-16.3,4.998,4.998,4.998,4.998,192
2022-01-06 22:36:22,7.1,8.3,351,0.0,0.0,0,0.0,0.0,0,275564.00,0.00,0.00,249,12.69,3.46,0.00,-16.3,4.998,4.998,4.998,4.998,29
2022-01-06 22:37:22,5.5,9.2,427,0.0,0.0,0,0.0,0.0,0,275991.00,0.00,0.00,280,12.69,3.89,0.00,-15.8,4.998,4.998,4.998,4.998,116
2022-01-06 22:38:22,4.6,10.7,392,0.0,0.0,0,0.0,0.0,0,276383.00,0.00,0.00,261,12.69,3.62,0.00,-15.8,4.998,4.998,4.998,4.998,68
2022-01-06 22:39:22,3.6,5.8,259,0.0,0.0,0,0.0,0.0,0,276642.00,0.00,0.00,282,12.69,3.92,0.00,-15.8,4.998,4.998,4.998,4.998,247
2022-01-06 22:40:22,3.9,8.3,367,0.0,0.0,0,0.0,0.0,0,277009.00,0.00,0.00,261,12.69,3.62,0.00,-15.8,4.998,4.998,4.998,4.998,212
2022-01-06 22:41:22,6.7,7.3,263,0.0,0.0,0,0.0,0.0,0,277272.00,0.00,0.00,292,12.69,4.06,0.00,-15.8,4.998,4.998,4.998,4.998,73
2022-01-06 22:42:22,4.2,9.3,366,0.0,0.0,0,0.0,0.0,0,277638.00,0.00,0.00,265,12.69,3.68,0.00,-15.8,4.998,4.998,4.998,4.998,128
2022-01-06 22:43:22,6.8,8.7,288,0.0,0.0,0,0.0,0.0,0,277926.00,0.00,0.00,242,12.69,3.36,0.00,-16.3,4.998,4.998,4.998,4.998,17
2022-01-06 22:44:22,7.8,8.6,351,0.0,0.0,0,0.0,0.0,0,278277.00,0.00,0.00,296,12.69,4.12,0.00,-16.3,4.998,4.998,4.998,4.998,17
2022-01-06 22:45:22,6.1,9.3,354,0.0,0.0,0,0.0,0.0,0,278631.00,0.00,0.00,321,12.69,4.46,0.00,-16.3,4.998,4.998,4.998,4.998,241
2022-01-06 22:46:22,4.4,8.1,375,0.0,0.0,0,0.0,0.0,0,279006.00,0.00,0.00,266,12.69,3.70,0.00,-16.3,4.998,4.998,4.998,4.998,215
2022-01-06 22:47:22,5.2,7.3,332,0.0,0.0,0,0.0,0.0,0,279338.00,0.00,0.00,267,12.69,3.71,0.00,-15.8,4.998,4.998,4.998,4.998,93
2022-01-06 22:48:22,2.5,11.6,432,0.0,0.0,0,0.0,0.0,0,279770.00,0.00,0.00,270,12.69,3.74,0.00,-15.8,4.998,4.998,4.998,4.998,184
2022-01-06 22:49:22,6.0,7.9,284,0.0,0.0,0,0.0,0.0,0,280054.00,0.00,0.00,276,12.69,3.84,0.00,-16.3,4.998,4.998,4.998,4.998,204
2022-01-06 22:50:22,6.2,8.3,366,0.0,0.0,0,0.0,0.0,0,280420.00,0.00,0.00,268,12.69,3.73,0.00,-16.3,4.998,4.998,4.998,4.998,69
2022-01-06 22:51:22,3.6,6.5,284,0.0,0.0,0,0.0,0.0,0,280704.00,0.00,0.00,255,12.69,3.55,0.00,-15.8,4.998,4.998,4.998,4.998,95
2022-01-06 22:52:22,4.1,8.9,323,0.0,0.0,0,0.0,0.0,0,281027.00,0.00,0.00,273,12.69,3.79,0.00,-16.3,4.998,4.998,4.998,4.998,104
2022-01-06 22:53:22,4.0,6.2,276,0.0,0.0,0,0.0,0.0,0,281303.00,0.00,0.00,262,12.69,3.65,0.00,-16.3,4.998,4.998,4.998,4.998,117
2022-01-06 22:54:22,3.5,5.8,230,0.0,0.0,0,0.0,0.0,0,281533.00,0.00,0.00,260,12.69,3.61,0.00,-16.3,4.998,4.998,4.998,4.998,144
2022-01-06 22:55:22,5.4,6.2,250,0.0,0.0,0,0.0,0.0,0,281783.00,0.00,0.00,253,12.69,3.52,0.00,-16.3,4.998,4.998,4.998,4.998,160
2022-01-06 22:56:22,5.6,7.7,340,0.0,0.0,0,0.0,0.0,0,282123.00,0.00,0.00,278,12.69,3.86,0.00,-16.3,4.998,4.998,4.998,4.998,209
2022-01-06 22:57:22,3.7,6.4,255,0.0,0.0,0,0.0,0.0,0,282378.00,0.00,0.00,269,12.69,3.74,0.00,-16.3,4.998,4.998,4.998,4.998,51
2022-01-06 22:58:22,3.4,4.4,192,0.0,0.0,0,0.0,0.0,0,282570.00,0.00,0.00,259,12.69,3.60,0.00,-16.3,4.998,4.998,4.998,4.998,50
2022-01-06 22:59:22,2.8,4.2,184,0.0,0.0,0,0.0,0.0,0,282754.00,0.00,0.00,255,12.69,3.54,0.00,-16.8,4.998,4.998,4.998,4.998,186
2022-01-06 23:00:22,4.2,5.5,227,0.0,0.0,0,0.0,0.0,0,282981.00,0.00,0.00,251,12.69,3.48,0.00,-16.8,4.998,4.998,4.998,4.998,106
2022-01-06 23:01:22,5.0,6.4,244,0.0,0.0,0,0.0,0.0,0,283225.00,0.00,0.00,264,12.69,3.67,0.00,-16.3,4.998,4.998,4.998,4.998,133
2022-01-06 23:02:22,6.3,8.2,329,0.0,0.0,0,0.0,0.0,0,283554.00,0.00,0.00,241,12.69,3.35,0.00,-16.3,4.998,4.998,4.998,4.998,211
2022-01-06 23:03:22,7.2,9.6,379,0.0,0.0,0,0.0,0.0,0,283933.00,0.00,0.00,271,12.69,3.76,0.00,-16.3,4.998,4.998,4.998,4.998,183
2022-01-06 23:04:22,8.3,8.7,303,0.0,0.0,0,0.0,0.0,0,284236.00,0.00,0.00,254,12.69,3.54,0.00,-16.3,4.998,4.998,4.998,4.998,170
2022-01-06 23:05:22,5.2,10.7,438,0.0,0.0,0,0.0,0.0,0,284674.00,0.00,0.00,270,12.69,3.74,0.00,-16.3,4.998,4.998,4.998,4.998,158
2022-01-06 23:06:22,6.3,8.7,383,0.0,0.0,0,0.0,0.0,0,285057.00,0.00,0.00,275,12.69,3.82,0.00,-16.3,4.998,4.998,4.998,4.998,230
2022-01-06 23:07:22,4.9,8.3,384,0.0,0.0,0,0.0,0.0,0,285441.00,0.00,0.00,258,12.69,3.59,0.00,-16.3,4.998,4.998,4.998,4.998,143
2022-01-06 23:08:22,6.1,9.8,356,0.0,0.0,0,0.0,0.0,0,285797.00,0.00,0.00,258,12.69,3.58,0.00,-16.3,4.998,4.998,4.998,4.998,138
2022-01-06 23:09:22,3.1,7.3,320,0.0,0.0,0,0.0,0.0,0,286117.00,0.00,0.00,265,12.69,3.68,0.00,-16.3,4.998,4.998,4.998,4.998,158
2022-01-06 23:10:22,9.9,10.7,322,0.0,0.0,0,0.0,0.0,0,286439.00,0.00,0.00,280,12.69,3.89,0.00,-16.3,4.998,4.998,4.998,4.998,249
2022-01-06 23:11:22,5.9,9.7,362,0.0,0.0,0,0.0,0.0,0,286801.00,0.00,0.00,255,12.69,3.54,0.00,-16.3,4.998,4.998,4.998,4.998,247
2022-01-06 23:12:22,4.7,6.1,221,0.0,0.0,0,0.0,0.0,0,287022.00,0.00,0.00,266,12.69,3.69,0.00,-16.3,4.998,4.998,4.998,4.998,52
2022-01-06 23:13:22,6.2,14.6,442,0.0,0.0,0,0.0,0.0,0,287464.00,0.00,0.00,279,12.69,3.88,0.00,-16.3,4.998,4.998,4.998,4.998,91
2022-01-06 23:14:22,5.6,7.4,341,0.0,0.0,0,0.0,0.0,0,287805.00,0.00,0.00,255,12.69,3.54,0.00,-16.3,4.998,4.998,4.998,4.998,162
2022-01-06 23:15:22,6.1,8.9,292,0.0,0.0,0,0.0,0.0,0,288097.00,0.00,0.00,251,12.69,3.49,0.00,-16.3,4.998,4.998,4.998,4.998,145
2022-01-06 23:16:22,6.5,9.9,394,0.0,0.0,0,0.0,0.0,0,288491.00,0.00,0.00,245,12.69,3.40,0.00,-16.3,4.998,4.998,4.998,4.998,247
2022-01-06 23:17:22,4.7,8.4,320,0.0,0.0,0,0.0,0.0,0,288811.00,0.00,0.00,284,12.69,3.94,0.00,-16.3,4.998,4.998,4.998,4.998,57
2022-01-06 23:18:22,3.2,7.6,289,0.0,0.0,0,0.0,0.0,0,289100.00,0.00,0.00,261,12.69,3.63,0.00,-16.3,4.998,4.998,4.998,4.998,184
2022-01-06 23:19:22,2.9,4.3,170,0.0,0.0,0,0.0,0.0,0,289270.00,0.00,0.00,250,12.69,3.47,0.00,-16.3,4.998,4.998,4.998,4.998,115
2022-01-06 23:20:22,3.4,6.5,237,0.0,0.0,0,0.0,0.0,0,289507.00,0.00,0.00,258,12.69,3.58,0.00,-16.3,4.998,4.998,4.998,4.998,143
2022-01-06 23:21:22,6.2,6.4,217,0.0,0.0,0,0.0,0.0,0,289724.00,0.00,0.00,283,12.69,3.94,0.00,-16.3,4.998,4.998,4.998,4.998,159
2022-01-06 23:22:22,5.1,7.9,300,0.0,0.0,0,0.0,0.0,0,290024.00,0.00,0.00,261,12.69,3.62,0.00,-16.3,4.998,4.998,4.998,4.998,110
2022-01-06 23:23:22,2.1,5.6,212,0.0,0.0,0,0.0,0.0,0,290236.00,0.00,0.00,247,12.69,3.44,0.00,-16.3,4.998,4.998,4.998,4.998,215
2022-01-06 23:24:22,4.6,4.6,135,0.0,0.0,0,0.0,0.0,0,290371.00,0.00,0.00,268,12.69,3.72,0.00,-16.8,4.998,4.998,4.998,4.998,183
2022-01-06 23:25:22,4.1,7.9,294,0.0,0.0,0,0.0,0.0,0,290665.00,0.00,0.00,241,12.69,3.34,0.00,-16.3,4.998,4.998,4.998,4.998,141
2022-01-06 23:26:22,1.2,4.0,125,0.0,0.0,0,0.0,0.0,0,290790.00,0.00,0.00,241,12.69,3.35,0.00,-16.8,4.998,4.998,4.998,4.998,254
2022-01-06 23:27:22,4.2,4.4,138,0.0,0.0,0,0.0,0.0,0,290928.00,0.00,0.00,241,12.69,3.35,0.00,-16.8,4.998,4.998,4.998,4.998,147
2022-01-06 23:28:22,2.6,5.3,209,0.0,0.0,0,0.0,0.0,0,291137.00,0.00,0.00,253,12.69,3.52,0.00,-16.8,4.998,4.998,4.998,4.998,252
2022-01-06 23:29:22,3.2,6.1,213,0.0,0.0,0,0.0,0.0,0,291350.00,0.00,0.00,267,12.69,3.71,0.00,-16.8,4.998,4.998,4.998,4.998,94
2022-01-06 23:30:22,1.8,3.6,141,0.0,0.0,0,0.0,0.0,0,291491.00,0.00,0.00,267,12.69,3.71,0.00,-16.8,4.998,4.998,4.998,4.998,104
2022-01-06 23:31:22,2.3,4.1,162,0.0,0.0,0,0.0,0.0,0,291653.00,0.00,0.00,267,12.69,3.71,0.00,-16.8,4.998,4.998,4.998,4.998,39
2022-01-06 23:32:22,6.1,6.8,156,0.0,0.0,0,0.0,0.0,0,291809.00,0.00,0.00,266,12.69,3.70,0.00,-16.8,4.998,4.998,4.998,4.998,158
2022-01-06 23:33:22,3.6,8.2,315,0.0,0.0,0,0.0,0.0,0,292124.00,0.00,0.00,261,12.69,3.63,0.00,-16.3,4.998,4.998,4.998,4.998,35
2022-01-06 23:34:22,2.3,6.5,228,0.0,0.0,0,0.0,0.0,0,292352.00,0.00,0.00,239,12.69,3.32,0.00,-16.8,4.998,4.998,4.998,4.998,20
2022-01-06 23:35:22,5.0,8.3,273,0.0,0.0,0,0.0,0.0,0,292625.00,0.00,0.00,223,12.69,3.10,0.00,-16.8,4.998,4.998,4.998,4.998,31
2022-01-06 23:36:22,6.8,8.6,332,0.0,0.0,0,0.0,0.0,0,292957.00,0.00,0.00,249,12.69,3.46,0.00,-16.8,4.998,4.998,4.998,4.998,179
2022-01-06 23:37:22,5.0,9.6,435,0.0,0.0,0,0.0,0.0,0,293392.00,0.00,0.00,273,12.69,3.80,0.00,-16.8,4.998,4.998,4.998,4.998,251
2022-01-06 23:38:22,3.1,5.9,198,0.0,0.0,0,0.0,0.0,0,293590.00,0.00,0.00,280,12.69,3.89,0.00,-16.8,4.998,4.998,4.998,4.998,77
2022-01-06 23:39:22,5.9,7.3,283,0.0,0.0,0,0.0,0.0,0,293873.00,0.00,0.00,272,12.69,3.77,0.00,-16.8,4.998,4.998,4.998,4.998,206
2022-01-06 23:40:22,4.4,7.9,354,0.0,0.0,0,0.0,0.0,0,294227.00,0.00,0.00,244,12.69,3.39,0.00,-16.8,4.998,4.998,4.998,4.998,87
2022-01-06 23:41:22,5.3,7.6,316,0.0,0.0,0,0.0,0.0,0,294543.00,0.00,0.00,250,12.69,3.47,0.00,-16.3,4.998,4.998,4.998,4.998,146
2022-01-06 23:42:22,3.8,6.7,301,0.0,0.0,0,0.0,0.0,0,294844.00,0.00,0.00,252,12.69,3.50,0.00,-16.8,4.998,4.998,4.998,4.998,156
2022-01-06 23:43:22,6.8,7.9,292,0.0,0.0,0,0.0,0.0,0,295136.00,0.00,0.00,249,12.69,3.47,0.00,-16.8,4.998,4.998,4.998,4.998,67
2022-01-06 23:44:22,3.8,7.0,320,0.0,0.0,0,0.0,0.0,0,295456.00,0.00,0.00,286,12.65,3.97,0.00,-16.8,4.998,4.998,4.998,4.998,212
2022-01-06 23:45:22,2.5,5.2,147,0.0,0.0,0,0.0,0.0,0,295603.00,0.00,0.00,255,12.69,3.54,0.00,-16.8,4.998,4.998,4.998,4.998,115
2022-01-06 23:46:22,7.7,8.7,245,0.0,0.0,0,0.0,0.0,0,295848.00,0.00,0.00,261,12.69,3.63,0.00,-16.8,4.998,4.998,4.998,4.998,8
2022-01-06 23:47:22,4.2,8.0,273,0.0,0.0,0,0.0,0.0,0,296121.00,0.00,0.00,253,12.69,3.52,0.00,-16.8,4.998,4.998,4.998,4.998,37
2022-01-06 23:48:22,5.3,6.6,238,0.0,0.0,0,0.0,0.0,0,296359.00,0.00,0.00,265,12.69,3.68,0.00,-16.8,4.998,4.998,4.998,4.998,81
2022-01-06 23:49:22,5.3,9.4,397,0.0,0.0,0,0.0,0.0,0,296756.00,0.00,0.00,286,12.69,3.98,0.00,-16.3,4.998,4.998,4.998,4.998,118
2022-01-06 23:50:22,5.2,7.9,289,0.0,0.0,0,0.0,0.0,0,297045.00,0.00,0.00,281,12.69,3.91,0.00,-16.8,4.998,4.998,4.998,4.998,41
2022-01-06 23:51:22,1.8,5.4,184,0.0,0.0,0,0.0,0.0,0,297229.00,0.00,0.00,256,12.65,3.55,0.00,-16.8,4.998,4.998,4.998,4.998,216
2022-01-06 23:52:22,4.7,8.0,170,0.0,0.0,0,0.0,0.0,0,297399.00,0.00,0.00,296,12.69,4.12,0.00,-16.8,4.998,4.998,4.998,4.998,235
2022-01-06 23:53:22,1.8,6.2,187,0.0,0.0,0,0.0,0.0,0,297586.00,0.00,0.00,270,12.69,3.75,0.00,-17.2,4.998,4.998,4.998,4.998,218
2022-01-06 23:54:22,2.5,8.0,200,0.0,0.0,0,0.0,0.0,0,297786.00,0.00,0.00,260,12.69,3.61,0.00,-17.2,4.998,4.998,4.998,4.998,253
2022-01-06 23:55:22,1.2,2.9,57,0.0,0.0,0,0.0,0.0,0,297843.00,0.00,0.00,260,12.69,3.61,0.00,-17.2,4.998,4.998,4.998,4.998,19
2022-01-06 23:56:22,5.6,5.8,200,0.0,0.0,0,0.0,0.0,0,298043.00,0.00,0.00,252,12.69,3.50,0.00,-17.2,4.998,4.998,4.998,4.998,178
2022-01-06 23:57:22,6.7,10.1,431,0.0,0.0,0,0.0,0.0,0,298474.00,0.00,0.00,245,12.69,3.40,0.00,-16.8,4.998,4.998,4.998,4.998,106
2022-01-06 23:58:22,7.7,9.9,430,0.0,0.0,0,0.0,0.0,0,298904.00,0.00,0.00,277,12.65,3.85,0.00,-16.8,4.998,4.998,4.998,4.998,200
2022-01-06 23:59:22,3.4,8.3,337,0.0,0.0,0,0.0,0.0,0,299241.00,0.00,0.00,245,12.69,3.40,0.00,-16.8,4.998,4.998,4.998,4.998,72
