2022-01-12 00:00:22,3.3,4.8,188,0.0,0.0,0,0.0,0.0,0,188.00,0.00,0.00,37,12.65,0.51,0.00,-3.6,4.998,4.998,4.998,4.998,158
2022-01-12 00:01:22,4.1,6.6,292,0.0,0.0,0,0.0,0.0,0,480.00,0.00,0.00,20,12.65,0.27,0.00,-4.1,4.998,4.998,4.998,4.998,13
2022-01-12 00:02:22,3.7,4.4,210,0.0,0.0,0,0.0,0.0,0,690.00,0.00,0.00,20,12.65,0.28,0.00,-4.1,4.998,4.998,4.998,4.998,225
2022-01-12 00:03:22,3.9,5.7,239,0.0,0.0,0,0.0,0.0,0,929.00,0.00,0.00,3,12.65,0.04,0.00,-4.1,4.998,4.998,4.998,4.998,214
2022-01-12 00:04:22,2.4,4.6,188,0.0,0.0,0,0.0,0.0,0,1117.00,0.00,0.00,3,12.69,0.04,0.00,-3.6,4.998,4.998,4.998,4.998,239
2022-01-12 00:05:22,4.3,4.6,187,0.0,0.0,0,0.0,0.0,0,1304.00,0.00,0.00,359,12.65,4.99,0.00,-3.6,4.998,4.998,4.998,4.998,151
2022-01-12 00:06:22,3.2,5.6,256,0.0,0.0,0,0.0,0.0,0,1560.00,0.00,0.00,355,12.65,4.93,0.00,-4.1,4.998,4.998,4.998,4.998,19
2022-01-12 00:07:22,4.2,6.1,213,0.0,0.0,0,0.0,0.0,0,1773.00,0.00,0.00,18,12.65,0.25,0.00,-4.1,4.998,4.998,4.998,4.998,88
2022-01-12 00:08:22,6.8,8.6,317,0.0,0.0,0,0.0,0.0,0,2090.00,0.00,0.00,23,12.69,0.32,0.00,-4.1,4.998,4.998,4.998,4.998,230
2022-01-12 00:09:22,4.3,7.8,342,0.0,0.0,0,0.0,0.0,0,2432.00,0.00,0.00,1,12.65,0.02,0.00,-3.6,4.998,4.998,4.998,4.998,173
2022-01-12 00:10:22,4.0,5.8,282,0.0,0.0,0,0.0,0.0,0,2714.00,0.00,0.00,23,12.65,0.32,0.00,-3.6,4.998,4.998,4.998,4.998,84
2022-01-12 00:11:22,2.8,4.4,186,0.0,0.0,0,0.0,0.0,0,2900.00,0.00,0.00,22,12.65,0.31,0.00,-3.6,4.998,4.998,4.998,4.998,233
2022-01-12 00:12:22,3.5,4.8,207,0.0,0.0,0,0.0,0.0,0,3107.00,0.00,0.00,359,12.69,4.99,0.00,-3.6,4.998,4.998,4.998,4.998,147
2022-01-12 00:13:22,4.1,4.9,225,0.0,0.0,0,0.0,0.0,0,3332.00,0.00,0.00,14,12.65,0.20,0.00,-3.6,4.998,4.998,4.998,4.998,227
2022-01-12 00:14:22,5.4,6.0,224,0.0,0.0,0,0.0,0.0,0,3556.00,0.00,0.00,12,12.69,0.17,0.00,-3.6,4.998,4.998,4.998,4.998,109
2022-01-12 00:15:22,6.2,7.3,338,0.0,0.0,0,0.0,0.0,0,3894.00,0.00,0.00,19,12.65,0.26,0.00,-4.1,4.998,4.998,4.998,4.998,162
2022-01-12 00:16:22,4.5,6.3,267,0.0,0.0,0,0.0,0.0,0,4161.00,0.00,0.00,3,12.69,0.05,0.00,-4.1,4.998,4.998,4.998,4.998,85
2022-01-12 00:17:22,3.8,6.6,303,0.0,0.0,0,0.0,0.0,0,4464.00,0.00,0.00,15,12.65,0.21,0.00,-4.1,4.998,4.998,4.998,4.998,65
2022-01-12 00:18:22,3.4,5.3,248,0.0,0.0,0,0.0,0.0,0,4712.00,0.00,0.00,13,12.65,0.18,0.00,-3.6,4.998,4.998,4.998,4.998,160
2022-01-12 00:19:22,3.5,4.0,184,0.0,0.0,0,0.0,0.0,0,4896.00,0.00,0.00,0,12.65,0.00,0.00,-3.6,4.998,4.998,4.998,4.998,92
2022-01-12 00:20:22,3.3,6.9,299,0.0,0.0,0,0.0,0.0,0,5195.00,0.00,0.00,0,12.65,0.00,0.00,-4.1,4.998,4.998,4.998,4.998,65
2022-01-12 00:21:22,4.5,5.6,273,0.0,0.0,0,0.0,0.0,0,5468.00,0.00,0.00,21,12.65,0.30,0.00,-4.1,4.998,4.998,4.998,4.998,92
2022-01-12 00:22:22,4.5,6.4,308,0.0,0.0,0,0.0,0.0,0,5776.00,0.00,0.00,359,12.65,4.99,0.00,-4.1,4.998,4.998,4.998,4.998,47
2022-01-12 00:23:22,4.5,5.8,235,0.0,0.0,0,0.0,0.0,0,6011.00,0.00,0.00,5,12.65,0.07,0.00,-4.1,4.998,4.998,4.998,4.998,245
2022-01-12 00:24:22,5.6,8.7,351,0.0,0.0,0,0.0,0.0,0,6362.00,0.00,0.00,1,12.65,0.02,0.00,-4.1,4.998,4.998,4.998,4.998,217
2022-01-12 00:25:22,6.8,7.1,360,0.0,0.0,0,0.0,0.0,0,6722.00,0.00,0.00,20,12.69,0.27,0.00,-4.1,4.998,4.998,4.998,4.998,35
2022-01-12 00:26:22,6.2,9.2,391,0.0,0.0,0,0.0,0.0,0,7113.00,0.00,0.00,23,12.65,0.33,0.00,-4.1,4.998,4.998,4.998,4.998,236
2022-01-12 00:27:22,3.6,6.4,300,0.0,0.0,0,0.0,0.0,0,7413.00,0.00,0.00,9,12.65,0.12,0.00,-4.1,4.998,4.998,4.998,4.998,98
2022-01-12 00:28:22,7.0,8.3,396,0.0,0.0,0,0.0,0.0,0,7809.00,0.00,0.00,24,12.65,0.34,0.00,-4.1,4.998,4.998,4.998,4.998,166
2022-01-12 00:29:22,5.6,7.4,370,0.0,0.0,0,0.0,0.0,0,8179.00,0.00,0.00,30,12.65,0.42,0.00,-4.5,4.998,4.998,4.998,4.998,220
2022-01-12 00:30:22,4.5,6.4,282,0.0,0.0,0,0.0,0.0,0,8461.00,0.00,0.00,21,12.65,0.29,0.00,-4.1,4.998,4.998,4.998,4.998,245
2022-01-12 00:31:22,6.2,7.3,361,0.0,0.0,0,0.0,0.0,0,8822.00,0.00,0.00,14,12.65,0.20,0.00,-4.1,4.998,4.998,4.998,4.998,139
2022-01-12 00:32:22,6.8,7.5,377,0.0,0.0,0,0.0,0.0,0,9199.00,0.00,0.00,42,12.69,0.59,0.00,-4.1,4.998,4.998,4.998,4.998,253
2022-01-12 00:33:22,5.4,7.0,347,0.0,0.0,0,0.0,0.0,0,9546.00,0.00,0.00,5,12.65,0.07,0.00,-4.1,4.998,4.998,4.998,4.998,137
2022-01-12 00:34:22,6.1,7.1,331,0.0,0.0,0,0.0,0.0,0,9877.00,0.00,0.00,17,12.65,0.23,0.00,-4.1,4.998,4.998,4.998,4.998,170
2022-01-12 00:35:22,4.7,5.9,254,0.0,0.0,0,0.0,0.0,0,10131.00,0.00,0.00,13,12.65,0.19,0.00,-4.1,4.998,4.998,4.998,4.998,255
2022-01-12 00:36:22,3.0,5.4,243,0.0,0.0,0,0.0,0.0,0,10374.00,0.00,0.00,17,12.65,0.24,0.00,-4.1,4.998,4.998,4.998,4.998,181
2022-01-12 00:37:22,5.7,7.5,288,0.0,0.0,0,0.0,0.0,0,10662.00,0.00,0.00,21,12.65,0.30,0.00,-4.1,4.998,4.998,4.998,4.998,25
2022-01-12 00:38:22,6.0,6.7,315,0.0,0.0,0,0.0,0.0,0,10977.00,0.00,0.00,22,12.65,0.30,0.00,-4.1,4.998,4.998,4.998,4.998,140
2022-01-12 00:39:22,7.6,8.0,408,0.0,0.0,0,0.0,0.0,0,11385.00,0.00,0.00,23,12.65,0.32,0.00,-4.1,4.998,4.998,4.998,4.998,187
2022-01-12 00:40:22,5.3,8.2,338,0.0,0.0,0,0.0,0.0,0,11723.00,0.00,0.00,21,12.69,0.29,0.00,-4.5,4.998,4.998,4.998,4.998,162
2022-01-12 00:41:22,5.0,8.5,371,0.0,0.0,0,0.0,0.0,0,12094.00,0.00,0.00,30,12.65,0.42,0.00,-4.5,4.998,4.998,4.998,4.998,68
2022-01-12 00:42:22,4.0,7.5,332,0.0,0.0,0,0.0,0.0,0,12426.00,0.00,0.00,22,12.65,0.31,0.00,-4.1,4.998,4.998,4.998,4.998,236
2022-01-12 00:43:22,5.1,8.5,381,0.0,0.0,0,0.0,0.0,0,12807.00,0.00,0.00,43,12.65,0.60,0.00,-4.5,4.998,4.998,4.998,4.998,225
2022-01-12 00:44:22,7.5,8.0,338,0.0,0.0,0,0.0,0.0,0,13145.00,0.00,0.00,22,12.69,0.30,0.00,-4.1,4.998,4.998,4.998,4.998,112
2022-01-12 00:45:22,7.2,8.3,464,0.0,0.0,0,0.0,0.0,0,13609.00,0.00,0.00,26,12.65,0.36,0.00,-4.5,4.998,4.998,4.998,4.998,150
2022-01-12 00:46:22,7.6,8.2,369,0.0,0.0,0,0.0,0.0,0,13978.00,0.00,0.00,39,12.65,0.54,0.00,-4.5,4.998,4.998,4.998,4.998,71
2022-01-12 00:47:22,7.2,9.0,458,0.0,0.0,0,0.0,0.0,0,14436.00,0.00,0.00,42,12.65,0.58,0.00,-4.5,4.998,4.998,4.998,4.998,12
2022-01-12 00:48:22,5.8,9.7,399,0.0,0.0,0,0.0,0.0,0,14835.00,0.00,0.00,10,12.65,0.15,0.00,-4.1,4.998,4.998,4.998,4.998,57
2022-01-12 00:49:22,4.7,7.3,329,0.0,0.0,0,0.0,0.0,0,15164.00,0.00,0.00,23,12.65,0.32,0.00,-4.5,4.998,4.998,4.998,4.998,30
2022-01-12 00:50:22,4.9,7.4,382,0.0,0.0,0,0.0,0.0,0,15546.00,0.00,0.00,16,12.65,0.22,0.00,-4.5,4.998,4.998,4.998,4.998,101
2022-01-12 00:51:22,5.0,6.3,294,0.0,0.0,0,0.0,0.0,0,15840.00,0.00,0.00,23,12.65,0.33,0.00,-4.5,4.998,4.998,4.998,4.998,239
2022-01-12 00:52:22,7.3,8.1,392,0.0,0.0,0,0.0,0.0,0,16232.00,0.00,0.00,5,12.65,0.07,0.00,-4.5,4.998,4.998,4.998,4.998,199
2022-01-12 00:53:22,5.3,8.3,377,0.0,0.0,0,0.0,0.0,0,16609.00,0.00,0.00,27,12.65,0.38,0.00,-4.1,4.998,4.998,4.998,4.998,178
2022-01-12 00:54:22,5.8,6.1,298,0.0,0.0,0,0.0,0.0,0,16907.00,0.00,0.00,31,12.65,0.43,0.00,-4.5,4.998,4.998,4.998,4.998,69
2022-01-12 00:55:22,4.2,6.7,333,0.0,0.0,0,0.0,0.0,0,17240.00,0.00,0.00,25,12.65,0.35,0.00,-4.5,4.998,4.998,4.998,4.998,54
2022-01-12 00:56:22,7.0,7.0,349,0.0,0.0,0,0.0,0.0,0,17589.00,0.00,0.00,23,12.65,0.32,0.00,-4.5,4.998,4.998,4.998,4.998,172
2022-01-12 00:57:22,4.7,9.0,385,0.0,0.0,0,0.0,0.0,0,17974.00,0.00,0.00,31,12.65,0.43,0.00,-4.5,4.998,4.998,4.998,4.998,34
2022-01-12 00:58:22,6.2,8.5,397,0.0,0.0,0,0.0,0.0,0,18371.00,0.00,0.00,25,12.65,0.35,0.00,-4.5,4.998,4.998,4.998,4.998,128
2022-01-12 00:59:22,5.5,7.3,365,0.0,0.0,0,0.0,0.0,0,18736.00,0.00,0.00,37,12.65,0.52,0.00,-4.5,4.998,4.998,4.998,4.998,78
2022-01-12 01:00:22,5.4,5.8,300,0.0,0.0,0,0.0,0.0,0,19036.00,0.00,0.00,31,12.65,0.44,0.00,-4.5,4.998,4.998,4.998,4.998,81
2022-01-12 01:01:22,6.0,6.5,328,0.0,0.0,0,0.0,0.0,0,19364.00,0.00,0.00,26,12.65,0.36,0.00,-4.5,4.998,4.998,4.998,4.998,110
2022-01-12 01:02:22,6.6,7.9,388,0.0,0.0,0,0.0,0.0,0,19752.00,0.00,0.00,29,12.65,0.40,0.00,-4.1,4.998,4.998,4.998,4.998,155
2022-01-12 01:03:22,5.3,7.0,294,0.0,0.0,0,0.0,0.0,0,20046.00,0.00,0.00,36,12.65,0.51,0.00,-4.5,4.998,4.998,4.998,4.998,173
2022-01-12 01:04:22,5.3,6.0,317,0.0,0.0,0,0.0,0.0,0,20363.00,0.00,0.00,37,12.69,0.52,0.00,-4.5,4.998,4.998,4.998,4.998,1
2022-01-12 01:05:22,3.7,5.4,251,0.0,0.0,0,0.0,0.0,0,20614.00,0.00,0.00,37,12.65,0.52,0.00,-4.5,4.998,4.998,4.998,4.998,202
2022-01-12 01:06:22,5.1,6.6,267,0.0,0.0,0,0.0,0.0,0,20881.00,0.00,0.00,52,12.65,0.73,0.00,-4.5,4.998,4.998,4.998,4.998,77
2022-01-12 01:07:22,4.0,5.8,293,0.0,0.0,0,0.0,0.0,0,21174.00,0.00,0.00,25,12.65,0.35,0.00,-4.5,4.998,4.998,4.998,4.998,62
2022-01-12 01:08:22,4.5,7.1,306,0.0,0.0,0,0.0,0.0,0,21480.00,0.00,0.00,44,12.65,0.62,0.00,-4.5,4.998,4.998,4.998,4.998,95
2022-01-12 01:09:22,3.6,5.3,229,0.0,0.0,0,0.0,0.0,0,21709.00,0.00,0.00,39,12.65,0.55,0.00,-4.5,4.998,4.998,4.998,4.998,0
2022-01-12 01:10:22,6.9,7.7,262,0.0,0.0,0,0.0,0.0,0,21971.00,0.00,0.00,50,12.65,0.70,0.00,-4.5,4.998,4.998,4.998,4.998,167
2022-01-12 01:11:22,5.1,6.9,312,0.0,0.0,0,0.0,0.0,0,22283.00,0.00,0.00,45,12.65,0.62,0.00,-4.5,4.998,4.998,4.998,4.998,126
2022-01-12 01:12:22,4.2,6.7,328,0.0,0.0,0,0.0,0.0,0,22611.00,0.00,0.00,34,12.65,0.47,0.00,-4.5,4.998,4.998,4.998,4.998,199
2022-01-12 01:13:22,4.1,6.3,293,0.0,0.0,0,0.0,0.0,0,22904.00,0.00,0.00,28,12.65,0.39,0.00,-4.5,4.998,4.998,4.998,4.998,210
2022-01-12 01:14:22,5.8,7.4,304,0.0,0.0,0,0.0,0.0,0,23208.00,0.00,0.00,48,12.65,0.67,0.00,-4.5,4.998,4.998,4.998,4.998,88
2022-01-12 01:15:22,5.2,7.4,348,0.0,0.0,0,0.0,0.0,0,23556.00,0.00,0.00,62,12.65,0.87,0.00,-4.5,4.998,4.998,4.998,4.998,242
2022-01-12 01:16:22,5.8,7.2,361,0.0,0.0,0,0.0,0.0,0,23917.00,0.00,0.00,39,12.65,0.54,0.00,-4.5,4.998,4.998,4.998,4.998,225
2022-01-12 01:17:22,6.2,8.4,377,0.0,0.0,0,0.0,0.0,0,24294.00,0.00,0.00,48,12.65,0.66,0.00,-4.5,4.998,4.998,4.998,4.998,15
2022-01-12 01:18:22,5.6,9.1,425,0.0,0.0,0,0.0,0.0,0,24719.00,0.00,0.00,60,12.65,0.84,0.00,-4.5,4.998,4.998,4.998,4.998,165
2022-01-12 01:19:22,4.0,5.8,260,0.0,0.0,0,0.0,0.0,0,24979.00,0.00,0.00,46,12.65,0.64,0.00,-4.5,4.998,4.998,4.998,4.998,89
2022-01-12 01:20:22,4.5,6.3,276,0.0,0.0,0,0.0,0.0,0,25255.00,0.00,0.00,59,12.65,0.82,0.00,-5.0,4.998,4.998,4.998,4.998,45
2022-01-12 01:21:22,4.5,6.2,289,0.0,0.0,0,0.0,0.0,0,25544.00,0.00,0.00,71,12.65,0.98,0.00,-4.5,4.998,4.998,4.998,4.998,21
2022-01-12 01:22:22,6.1,8.2,387,0.0,0.0,0,0.0,0.0,0,25931.00,0.00,0.00,64,12.65,0.89,0.00,-4.5,4.998,4.998,4.998,4.998,123
2022-01-12 01:23:22,6.7,8.3,396,0.0,0.0,0,0.0,0.0,0,26327.00,0.00,0.00,50,12.65,0.69,0.00,-4.5,4.998,4.998,4.998,4.998,35
2022-01-12 01:24:22,4.3,8.2,365,0.0,0.0,0,0.0,0.0,0,26692.00,0.00,0.00,38,12.65,0.53,0.00,-4.5,4.998,4.998,4.998,4.998,203
2022-01-12 01:25:22,7.0,7.8,375,0.0,0.0,0,0.0,0.0,0,27067.00,0.00,0.00,65,12.65,0.90,0.00,-4.5,4.998,4.998,4.998,4.998,164
2022-01-12 01:26:22,6.1,8.3,434,0.0,0.0,0,0.0,0.0,0,27501.00,0.00,0.00,44,12.65,0.62,0.00,-4.5,4.998,4.998,4.998,4.998,34
2022-01-12 01:27:22,4.9,6.2,325,0.0,0.0,0,0.0,0.0,0,27826.00,0.00,0.00,60,12.65,0.84,0.00,-4.5,4.998,4.998,4.998,4.998,65
2022-01-12 01:28:22,4.1,6.7,308,0.0,0.0,0,0.0,0.0,0,28134.00,0.00,0.00,53,12.65,0.74,0.00,-4.5,4.998,4.998,4.998,4.998,236
2022-01-12 01:29:22,5.4,5.9,303,0.0,0.0,0,0.0,0.0,0,28437.00,0.00,0.00,53,12.65,0.74,0.00,-4.5,4.998,4.998,4.998,4.998,229
2022-01-12 01:30:22,4.6,6.7,300,0.0,0.0,0,0.0,0.0,0,28737.00,0.00,0.00,56,12.65,0.78,0.00,-4.1,4.998,4.998,4.998,4.998,113
2022-01-12 01:31:22,5.5,5.7,286,0.0,0.0,0,0.0,0.0,0,29023.00,0.00,0.00,65,12.65,0.90,0.00,-4.5,4.998,4.998,4.998,4.998,42
2022-01-12 01:32:22,5.3,6.2,278,0.0,0.0,0,0.0,0.0,0,29301.00,0.00,0.00,67,12.65,0.94,0.00,-4.5,4.998,4.998,4.998,4.998,105
2022-01-12 01:33:22,6.1,6.4,262,0.0,0.0,0,0.0,0.0,0,29563.00,0.00,0.00,78,12.65,1.08,0.00,-4.5,4.998,4.998,4.998,4.998,86
2022-01-12 01:34:22,7.3,7.8,361,0.0,0.0,0,0.0,0.0,0,29924.00,0.00,0.00,58,12.65,0.80,0.00,-4.5,4.998,4.998,4.998,4.998,203
2022-01-12 01:35:22,5.4,7.7,412,0.0,0.0,0,0.0,0.0,0,30336.00,0.00,0.00,48,12.65,0.67,0.00,-4.5,4.998,4.998,4.998,4.998,58
2022-01-12 01:36:22,5.4,7.6,360,0.0,0.0,0,0.0,0.0,0,30696.00,0.00,0.00,68,12.65,0.95,0.00,-4.5,4.998,4.998,4.998,4.998,24
2022-01-12 01:37:22,3.8,6.7,343,0.0,0.0,0,0.0,0.0,0,31039.00,0.00,0.00,69,12.65,0.96,0.00,-4.5,4.998,4.998,4.998,4.998,216
2022-01-12 01:38:22,4.1,5.7,290,0.0,0.0,0,0.0,0.0,0,31329.00,0.00,0.00,64,12.65,0.89,0.00,-4.5,4.998,4.998,4.998,4.998,119
2022-01-12 01:39:22,4.5,5.7,280,0.0,0.0,0,0.0,0.0,0,31609.00,0.00,0.00,86,12.65,1.20,0.00,-4.5,4.998,4.998,4.998,4.998,182
2022-01-12 01:40:22,3.6,5.4,256,0.0,0.0,0,0.0,0.0,0,31865.00,0.00,0.00,85,12.65,1.18,0.00,-4.5,4.998,4.998,4.998,4.998,166
2022-01-12 01:41:22,3.7,4.4,215,0.0,0.0,0,0.0,0.0,0,32080.00,0.00,0.00,84,12.65,1.17,0.00,-4.5,4.998,4.998,4.998,4.998,211
2022-01-12 01:42:22,4.7,5.2,243,0.0,0.0,0,0.0,0.0,0,32323.00,0.00,0.00,76,12.65,1.05,0.00,-4.5,4.998,4.998,4.998,4.998,53
2022-01-12 01:43:22,4.1,5.4,248,0.0,0.0,0,0.0,0.0,0,32571.00,0.00,0.00,74,12.65,1.03,0.00,-4.5,4.998,4.998,4.998,4.998,190
2022-01-12 01:44:22,3.8,5.5,240,0.0,0.0,0,0.0,0.0,0,32811.00,0.00,0.00,74,12.65,1.03,0.00,-4.5,4.998,4.998,4.998,4.998,200
2022-01-12 01:45:22,4.9,5.2,256,0.0,0.0,0,0.0,0.0,0,33067.00,0.00,0.00,66,12.65,0.92,0.00,-4.5,4.998,4.998,4.998,4.998,8
2022-01-12 01:46:22,6.1,7.6,379,0.0,0.0,0,0.0,0.0,0,33446.00,0.00,0.00,66,12.65,0.92,0.00,-4.5,4.998,4.998,4.998,4.998,6
2022-01-12 01:47:22,4.8,8.7,364,0.0,0.0,0,0.0,0.0,0,33810.00,0.00,0.00,93,12.65,1.29,0.00,-4.5,4.998,4.998,4.998,4.998,85
2022-01-12 01:48:22,5.2,5.8,279,0.0,0.0,0,0.0,0.0,0,34089.00,0.00,0.00,68,12.65,0.94,0.00,-4.1,4.998,4.998,4.998,4.998,65
2022-01-12 01:49:22,6.2,6.9,301,0.0,0.0,0,0.0,0.0,0,34390.00,0.00,0.00,68,12.65,0.95,0.00,-4.5,4.998,4.998,4.998,4.998,9
2022-01-12 01:50:22,4.3,6.9,329,0.0,0.0,0,0.0,0.0,0,34719.00,0.00,0.00,74,12.65,1.03,0.00,-4.1,4.998,4.998,4.998,4.998,219
2022-01-12 01:51:22,4.2,5.3,264,0.0,0.0,0,0.0,0.0,0,34983.00,0.00,0.00,67,12.65,0.93,0.00,-4.5,4.998,4.998,4.998,4.998,124
2022-01-12 01:52:22,4.4,5.9,266,0.0,0.0,0,0.0,0.0,0,35249.00,0.00,0.00,70,12.65,0.97,0.00,-4.5,4.998,4.998,4.998,4.998,224
2022-01-12 01:53:22,4.0,5.7,262,0.0,0.0,0,0.0,0.0,0,35511.00,0.00,0.00,60,12.65,0.84,0.00,-4.5,4.998,4.998,4.998,4.998,179
2022-01-12 01:54:22,5.1,6.2,275,0.0,0.0,0,0.0,0.0,0,35786.00,0.00,0.00,72,12.65,1.00,0.00,-4.5,4.998,4.998,4.998,4.998,81
2022-01-12 01:55:22,4.4,5.3,245,0.0,0.0,0,0.0,0.0,0,36031.00,0.00,0.00,71,12.65,0.99,0.00,-4.5,4.998,4.998,4.998,4.998,40
2022-01-12 01:56:22,5.2,5.7,285,0.0,0.0,0,0.0,0.0,0,36316.00,0.00,0.00,68,12.61,0.95,0.00,-4.5,4.998,4.998,4.998,4.998,177
2022-01-12 01:57:22,3.8,5.4,265,0.0,0.0,0,0.0,0.0,0,36581.00,0.00,0.00,68,12.65,0.94,0.00,-4.5,4.998,4.998,4.998,4.998,110
2022-01-12 01:58:22,4.4,4.5,222,0.0,0.0,0,0.0,0.0,0,36803.00,0.00,0.00,58,12.65,0.81,0.00,-4.5,4.998,4.998,4.998,4.998,202
2022-01-12 01:59:22,4.9,6.4,289,0.0,0.0,0,0.0,0.0,0,37092.00,0.00,0.00,44,12.65,0.61,0.00,-4.5,4.998,4.998,4.998,4.998,154
2022-01-12 02:00:22,3.9,5.7,300,0.0,0.0,0,0.0,0.0,0,37392.00,0.00,0.00,44,12.65,0.61,0.00,-4.5,4.998,4.998,4.998,4.998,233
2022-01-12 02:01:22,4.3,5.8,255,0.0,0.0,0,0.0,0.0,0,37647.00,0.00,0.00,33,12.65,0.46,0.00,-4.5,4.998,4.998,4.998,4.998,148
2022-01-12 02:02:22,4.5,4.9,231,0.0,0.0,0,0.0,0.0,0,37878.00,0.00,0.00,59,12.65,0.82,0.00,-4.5,4.998,4.998,4.998,4.998,154
2022-01-12 02:03:22,3.2,5.8,270,0.0,0.0,0,0.0,0.0,0,38148.00,0.00,0.00,54,12.65,0.75,0.00,-4.5,4.998,4.998,4.998,4.998,61
2022-01-12 02:04:22,3.4,3.8,180,0.0,0.0,0,0.0,0.0,0,38328.00,0.00,0.00,53,12.65,0.74,0.00,-4.5,4.998,4.998,4.998,4.998,38
2022-01-12 02:05:22,3.0,3.7,160,0.0,0.0,0,0.0,0.0,0,38488.00,0.00,0.00,53,12.65,0.74,0.00,-4.5,4.998,4.998,4.998,4.998,251
2022-01-12 02:06:22,3.0,3.5,160,0.0,0.0,0,0.0,0.0,0,38648.00,0.00,0.00,53,12.65,0.74,0.00,-4.5,4.998,4.998,4.998,4.998,103
2022-01-12 02:07:22,4.8,4.8,204,0.0,0.0,0,0.0,0.0,0,38852.00,0.00,0.00,60,12.65,0.83,0.00,-4.5,4.998,4.998,4.998,4.998,108
2022-01-12 02:08:22,3.4,5.4,261,0.0,0.0,0,0.0,0.0,0,39113.00,0.00,0.00,48,12.65,0.67,0.00,-4.5,4.998,4.998,4.998,4.998,146
2022-01-12 02:09:22,5.7,5.9,228,0.0,0.0,0,0.0,0.0,0,39341.00,0.00,0.00,54,12.65,0.75,0.00,-4.5,4.998,4.998,4.998,4.998,137
2022-01-12 02:10:22,3.0,5.6,236,0.0,0.0,0,0.0,0.0,0,39577.00,0.00,0.00,49,12.65,0.69,0.00,-4.5,4.998,4.998,4.998,4.998,197
2022-01-12 02:11:22,2.3,3.1,131,0.0,0.0,0,0.0,0.0,0,39708.00,0.00,0.00,49,12.65,0.69,0.00,-4.5,4.998,4.998,4.998,4.998,192
2022-01-12 02:12:22,2.9,3.9,169,0.0,0.0,0,0.0,0.0,0,39877.00,0.00,0.00,49,12.65,0.68,0.00,-4.5,4.998,4.998,4.998,4.998,175
2022-01-12 02:13:22,1.9,3.0,122,0.0,0.0,0,0.0,0.0,0,39999.00,0.00,0.00,48,12.65,0.67,0.00,-4.5,4.998,4.998,4.998,4.998,52
2022-01-12 02:14:22,1.8,4.4,153,0.0,0.0,0,0.0,0.0,0,40152.00,0.00,0.00,11,12.65,0.15,0.00,-4.1,4.998,4.998,4.998,4.998,247
2022-01-12 02:15:22,2.4,3.5,139,0.0,0.0,0,0.0,0.0,0,40291.00,0.00,0.00,10,12.65,0.15,0.00,-4.5,4.998,4.998,4.998,4.998,198
2022-01-12 02:16:22,3.8,4.2,192,0.0,0.0,0,0.0,0.0,0,40483.00,0.00,0.00,11,12.65,0.16,0.00,-4.5,4.998,4.998,4.998,4.998,50
2022-01-12 02:17:22,2.5,3.8,162,0.0,0.0,0,0.0,0.0,0,40645.00,0.00,0.00,11,12.65,0.16,0.00,-4.5,4.998,4.998,4.998,4.998,250
2022-01-12 02:18:22,2.9,3.5,141,0.0,0.0,0,0.0,0.0,0,40786.00,0.00,0.00,11,12.65,0.16,0.00,-4.5,4.998,4.998,4.998,4.998,21
2022-01-12 02:19:22,3.5,3.6,159,0.0,0.0,0,0.0,0.0,0,40945.00,0.00,0.00,11,12.65,0.16,0.00,-4.5,4.998,4.998,4.998,4.998,54
2022-01-12 02:20:22,4.4,4.6,189,0.0,0.0,0,0.0,0.0,0,41134.00,0.00,0.00,11,12.61,0.16,0.00,-4.5,4.998,4.998,4.998,4.998,122
2022-01-12 02:21:22,3.6,4.9,244,0.0,0.0,0,0.0,0.0,0,41378.00,0.00,0.00,11,12.65,0.16,0.00,-4.5,4.998,4.998,4.998,4.998,210
2022-01-12 02:22:22,3.7,4.1,178,0.0,0.0,0,0.0,0.0,0,41556.00,0.00,0.00,11,12.65,0.16,0.00,-4.1,4.998,4.998,4.998,4.998,100
2022-01-12 02:23:22,3.8,4.4,195,0.0,0.0,0,0.0,0.0,0,41751.00,0.00,0.00,11,12.65,0.16,0.00,-5.0,4.998,4.998,4.998,4.998,135
2022-01-12 02:24:22,1.6,3.9,150,0.0,0.0,0,0.0,0.0,0,41901.00,0.00,0.00,11,12.65,0.16,0.00,-4.5,4.998,4.998,4.998,4.998,218
2022-01-12 02:25:22,4.4,4.5,171,0.0,0.0,0,0.0,0.0,0,42072.00,0.00,0.00,11,12.65,0.16,0.00,-4.5,4.998,4.998,4.998,4.998,44
2022-01-12 02:26:22,5.4,5.9,261,0.0,0.0,0,0.0,0.0,0,42333.00,0.00,0.00,12,12.65,0.17,0.00,-4.5,4.998,4.998,4.998,4.998,56
2022-01-12 02:27:22,3.9,5.4,258,0.0,0.0,0,0.0,0.0,0,42591.00,0.00,0.00,12,12.65,0.17,0.00,-4.5,4.998,4.998,4.998,4.998,164
2022-01-12 02:28:22,3.8,5.1,260,0.0,0.0,0,0.0,0.0,0,42851.00,0.00,0.00,12,12.61,0.17,0.00,-4.5,4.998,4.998,4.998,4.998,193
2022-01-12 02:29:22,3.8,4.9,234,0.0,0.0,0,0.0,0.0,0,43085.00,0.00,0.00,30,12.65,0.41,0.00,-5.0,4.998,4.998,4.998,4.998,14
2022-01-12 02:30:22,5.6,6.2,257,0.0,0.0,0,0.0,0.0,0,43342.00,0.00,0.00,13,12.65,0.18,0.00,-4.1,4.998,4.998,4.998,4.998,38
2022-01-12 02:31:22,4.5,5.9,262,0.0,0.0,0,0.0,0.0,0,43604.00,0.00,0.00,24,12.65,0.33,0.00,-4.5,4.998,4.998,4.998,4.998,31
2022-01-12 02:32:22,3.2,4.9,240,0.0,0.0,0,0.0,0.0,0,43844.00,0.00,0.00,24,12.65,0.33,0.00,-4.5,4.998,4.998,4.998,4.998,5
2022-01-12 02:33:22,3.3,4.3,202,0.0,0.0,0,0.0,0.0,0,44046.00,0.00,0.00,24,12.65,0.33,0.00,-4.5,4.998,4.998,4.998,4.998,171
2022-01-12 02:34:22,4.1,4.2,166,0.0,0.0,0,0.0,0.0,0,44212.00,0.00,0.00,24,12.61,0.34,0.00,-4.5,4.998,4.998,4.998,4.998,53
2022-01-12 02:35:22,3.1,6.4,284,0.0,0.0,0,0.0,0.0,0,44496.00,0.00,0.00,61,12.65,0.85,0.00,-4.1,4.998,4.998,4.998,4.998,119
2022-01-12 02:36:22,3.6,5.4,249,0.0,0.0,0,0.0,0.0,0,44745.00,0.00,0.00,41,12.65,0.58,0.00,-4.5,4.998,4.998,4.998,4.998,112
2022-01-12 02:37:22,4.1,4.6,203,0.0,0.0,0,0.0,0.0,0,44948.00,0.00,0.00,42,12.65,0.58,0.00,-4.5,4.998,4.998,4.998,4.998,56
2022-01-12 02:38:22,3.4,4.2,171,0.0,0.0,0,0.0,0.0,0,45119.00,0.00,0.00,42,12.65,0.58,0.00,-4.5,4.998,4.998,4.998,4.998,177
2022-01-12 02:39:22,3.4,3.9,166,0.0,0.0,0,0.0,0.0,0,45285.00,0.00,0.00,41,12.65,0.58,0.00,-4.5,4.998,4.998,4.998,4.998,234
2022-01-12 02:40:22,2.6,3.7,172,0.0,0.0,0,0.0,0.0,0,45457.00,0.00,0.00,42,12.65,0.59,0.00,-5.0,4.998,4.998,4.998,4.998,158
2022-01-12 02:41:22,2.4,3.8,169,0.0,0.0,0,0.0,0.0,0,45626.00,0.00,0.00,42,12.65,0.59,0.00,-4.5,4.998,4.998,4.998,4.998,167
2022-01-12 02:42:22,2.5,3.2,143,0.0,0.0,0,0.0,0.0,0,45769.00,0.00,0.00,42,12.65,0.59,0.00,-4.5,4.998,4.998,4.998,4.998,206
2022-01-12 02:43:22,4.9,5.4,226,0.0,0.0,0,0.0,0.0,0,45995.00,0.00,0.00,55,12.65,0.77,0.00,-4.5,4.998,4.998,4.998,4.998,42
2022-01-12 02:44:22,2.9,5.2,243,0.0,0.0,0,0.0,0.0,0,46238.00,0.00,0.00,59,12.65,0.82,0.00,-4.5,4.998,4.998,4.998,4.998,66
2022-01-12 02:45:22,3.5,3.9,175,0.0,0.0,0,0.0,0.0,0,46413.00,0.00,0.00,59,12.65,0.82,0.00,-4.1,4.998,4.998,4.998,4.998,225
2022-01-12 02:46:22,4.3,5.1,233,0.0,0.0,0,0.0,0.0,0,46646.00,0.00,0.00,59,12.65,0.83,0.00,-4.5,4.998,4.998,4.998,4.998,190
2022-01-12 02:47:22,3.7,5.9,255,0.0,0.0,0,0.0,0.0,0,46901.00,0.00,0.00,50,12.65,0.70,0.00,-4.5,4.998,4.998,4.998,4.998,130
2022-01-12 02:48:22,3.9,4.9,232,0.0,0.0,0,0.0,0.0,0,47133.00,0.00,0.00,46,12.65,0.63,0.00,-4.1,4.998,4.998,4.998,4.998,242
2022-01-12 02:49:22,2.5,4.4,184,0.0,0.0,0,0.0,0.0,0,47317.00,0.00,0.00,24,12.65,0.34,0.00,-4.5,4.998,4.998,4.998,4.998,186
2022-01-12 02:50:22,2.4,3.0,113,0.0,0.0,0,0.0,0.0,0,47430.00,0.00,0.00,24,12.65,0.34,0.00,-4.5,4.998,4.998,4.998,4.998,97
2022-01-12 02:51:22,3.2,4.1,172,0.0,0.0,0,0.0,0.0,0,47602.00,0.00,0.00,24,12.65,0.34,0.00,-4.5,4.998,4.998,4.998,4.998,245
2022-01-12 02:52:22,3.9,4.7,207,0.0,0.0,0,0.0,0.0,0,47809.00,0.00,0.00,57,12.65,0.79,0.00,-4.5,4.998,4.998,4.998,4.998,62
2022-01-12 02:53:22,2.8,4.2,199,0.0,0.0,0,0.0,0.0,0,48008.00,0.00,0.00,56,12.65,0.78,0.00,-4.5,4.998,4.998,4.998,4.998,11
2022-01-12 02:54:22,2.1,3.2,125,0.0,0.0,0,0.0,0.0,0,48133.00,0.00,0.00,55,12.61,0.77,0.00,-4.5,4.998,4.998,4.998,4.998,26
2022-01-12 02:55:22,2.1,3.4,136,0.0,0.0,0,0.0,0.0,0,48269.00,0.00,0.00,55,12.65,0.77,0.00,-4.1,4.998,4.998,4.998,4.998,124
2022-01-12 02:56:22,3.6,4.0,137,0.0,0.0,0,0.0,0.0,0,48406.00,0.00,0.00,48,12.65,0.66,0.00,-4.5,4.998,4.998,4.998,4.998,134
2022-01-12 02:57:22,4.2,5.0,212,0.0,0.0,0,0.0,0.0,0,48618.00,0.00,0.00,68,12.61,0.95,0.00,-4.5,4.998,4.998,4.998,4.998,56
2022-01-12 02:58:22,3.4,5.1,242,0.0,0.0,0,0.0,0.0,0,48860.00,0.00,0.00,49,12.65,0.68,0.00,-4.5,4.998,4.998,4.998,4.998,209
2022-01-12 02:59:22,2.2,4.1,169,0.0,0.0,0,0.0,0.0,0,49029.00,0.00,0.00,49,12.65,0.68,0.00,-4.1,4.998,4.998,4.998,4.998,199
2022-01-12 03:00:22,2.0,2.4,80,0.0,0.0,0,0.0,0.0,0,49109.00,0.00,0.00,49,12.65,0.68,0.00,-4.5,4.998,4.998,4.998,4.998,147
2022-01-12 03:01:22,2.8,3.3,137,0.0,0.0,0,0.0,0.0,0,49246.00,0.00,0.00,49,12.61,0.68,0.00,-4.5,4.998,4.998,4.998,4.998,158
2022-01-12 03:02:22,2.5,3.0,115,0.0,0.0,0,0.0,0.0,0,49361.00,0.00,0.00,49,12.65,0.68,0.00,-4.5,4.998,4.998,4.998,4.998,99
2022-01-12 03:03:22,3.6,4.3,167,0.0,0.0,0,0.0,0.0,0,49528.00,0.00,0.00,49,12.65,0.68,0.00,-4.5,4.998,4.998,4.998,4.998,106
2022-01-12 03:04:22,4.6,4.9,219,0.0,0.0,0,0.0,0.0,0,49747.00,0.00,0.00,40,12.65,0.56,0.00,-4.5,4.998,4.998,4.998,4.998,106
2022-01-12 03:05:22,4.0,4.8,234,0.0,0.0,0,0.0,0.0,0,49981.00,0.00,0.00,40,12.65,0.56,0.00,-4.5,4.998,4.998,4.998,4.998,131
2022-01-12 03:06:22,2.7,3.9,171,0.0,0.0,0,0.0,0.0,0,50152.00,0.00,0.00,40,12.61,0.56,0.00,-4.1,4.998,4.998,4.998,4.998,51
2022-01-12 03:07:22,2.8,3.3,135,0.0,0.0,0,0.0,0.0,0,50287.00,0.00,0.00,40,12.65,0.56,0.00,-4.5,4.998,4.998,4.998,4.998,172
2022-01-12 03:08:22,2.5,3.4,161,0.0,0.0,0,0.0,0.0,0,50448.00,0.00,0.00,40,12.65,0.56,0.00,-4.1,4.998,4.998,4.998,4.998,228
2022-01-12 03:09:22,2.1,3.1,127,0.0,0.0,0,0.0,0.0,0,50575.00,0.00,0.00,40,12.65,0.56,0.00,-4.1,4.998,4.998,4.998,4.998,59
2022-01-12 03:10:22,2.3,2.3,88,0.0,0.0,0,0.0,0.0,0,50663.00,0.00,0.00,40,12.61,0.56,0.00,-4.5,4.998,4.998,4.998,4.998,194
2022-01-12 03:11:22,0.9,2.6,85,0.0,0.0,0,0.0,0.0,0,50748.00,0.00,0.00,40,12.65,0.56,0.00,-4.1,4.998,4.998,4.998,4.998,74
2022-01-12 03:12:22,2.4,3.2,45,0.0,0.0,0,0.0,0.0,0,50793.00,0.00,0.00,39,12.65,0.55,0.00,-4.5,4.998,4.998,4.998,4.998,104
2022-01-12 03:13:22,1.3,2.3,55,0.0,0.0,0,0.0,0.0,0,50848.00,0.00,0.00,39,12.65,0.55,0.00,-4.1,4.998,4.998,4.998,4.998,109
2022-01-12 03:14:22,2.3,4.5,147,0.0,0.0,0,0.0,0.0,0,50995.00,0.00,0.00,16,12.65,0.22,0.00,-4.1,4.998,4.998,4.998,4.998,16
2022-01-12 03:15:22,2.3,2.4,90,0.0,0.0,0,0.0,0.0,0,51085.00,0.00,0.00,16,12.65,0.22,0.00,-4.1,4.998,4.998,4.998,4.998,40
2022-01-12 03:16:22,1.3,2.1,59,0.0,0.0,0,0.0,0.0,0,51144.00,0.00,0.00,16,12.65,0.22,0.00,-4.1,4.998,4.998,4.998,4.998,172
2022-01-12 03:17:22,0.0,1.5,15,0.0,0.0,0,0.0,0.0,0,51159.00,0.00,0.00,16,12.61,0.22,0.00,-4.1,4.998,4.998,4.998,4.998,70
2022-01-12 03:18:22,2.8,3.5,69,0.0,0.0,0,0.0,0.0,0,51228.00,0.00,0.00,16,12.65,0.22,0.00,-4.5,4.998,4.998,4.998,4.998,217
2022-01-12 03:19:22,1.0,2.9,71,0.0,0.0,0,0.0,0.0,0,51299.00,0.00,0.00,16,12.65,0.23,0.00,-4.5,4.998,4.998,4.998,4.998,11
2022-01-12 03:20:22,2.3,2.5,11,0.0,0.0,0,0.0,0.0,0,51310.00,0.00,0.00,16,12.65,0.22,0.00,-4.1,4.998,4.998,4.998,4.998,193
2022-01-12 03:21:22,2.7,3.2,123,0.0,0.0,0,0.0,0.0,0,51433.00,0.00,0.00,16,12.61,0.23,0.00,-4.1,4.998,4.998,4.998,4.998,200
2022-01-12 03:22:22,2.0,3.5,134,0.0,0.0,0,0.0,0.0,0,51567.00,0.00,0.00,16,12.65,0.23,0.00,-4.5,4.998,4.998,4.998,4.998,229
2022-01-12 03:23:22,1.8,2.3,86,0.0,0.0,0,0.0,0.0,0,51653.00,0.00,0.00,17,12.65,0.23,0.00,-4.5,4.998,4.998,4.998,4.998,98
2022-01-12 03:24:22,1.1,2.3,67,0.0,0.0,0,0.0,0.0,0,51720.00,0.00,0.00,16,12.65,0.23,0.00,-4.1,4.998,4.998,4.998,4.998,184
2022-01-12 03:25:22,3.1,3.8,139,0.0,0.0,0,0.0,0.0,0,51859.00,0.00,0.00,17,12.65,0.23,0.00,-4.5,4.998,4.998,4.998,4.998,223
2022-01-12 03:26:22,3.3,3.4,153,0.0,0.0,0,0.0,0.0,0,52012.00,0.00,0.00,17,12.65,0.23,0.00,-4.1,4.998,4.998,4.998,4.998,130
2022-01-12 03:27:22,4.0,4.0,165,0.0,0.0,0,0.0,0.0,0,52177.00,0.00,0.00,17,12.65,0.23,0.00,-4.1,4.998,4.998,4.998,4.998,155
2022-01-12 03:28:22,2.5,3.9,161,0.0,0.0,0,0.0,0.0,0,52338.00,0.00,0.00,17,12.65,0.23,0.00,-4.1,4.998,4.998,4.998,4.998,121
2022-01-12 03:29:22,1.8,3.3,127,0.0,0.0,0,0.0,0.0,0,52465.00,0.00,0.00,17,12.65,0.23,0.00,-4.1,4.998,4.998,4.998,4.998,183
2022-01-12 03:30:22,0.0,1.7,9,0.0,0.0,0,0.0,0.0,0,52474.00,0.00,0.00,17,12.61,0.23,0.00,-4.1,4.998,4.998,4.998,4.998,35
2022-01-12 03:31:22,2.3,2.4,18,0.0,0.0,0,0.0,0.0,0,52492.00,0.00,0.00,17,12.65,0.23,0.00,-4.1,4.998,4.998,4.998,4.998,188
2022-01-12 03:32:22,1.7,2.7,108,0.0,0.0,0,0.0,0.0,0,52600.00,0.00,0.00,16,12.61,0.23,0.00,-4.1,4.998,4.998,4.998,4.998,18
2022-01-12 03:33:22,0.0,2.0,18,0.0,0.0,0,0.0,0.0,0,52618.00,0.00,0.00,16,12.65,0.23,0.00,-4.1,4.998,4.998,4.998,4.998,253
2022-01-12 03:34:22,1.8,2.3,39,0.0,0.0,0,0.0,0.0,0,52657.00,0.00,0.00,16,12.61,0.23,0.00,-4.1,4.998,4.998,4.998,4.998,48
2022-01-12 03:35:22,1.9,2.4,51,0.0,0.0,0,0.0,0.0,0,52708.00,0.00,0.00,16,12.61,0.22,0.00,-4.1,4.998,4.998,4.998,4.998,132
2022-01-12 03:36:22,2.9,3.4,145,0.0,0.0,0,0.0,0.0,0,52853.00,0.00,0.00,15,12.61,0.21,0.00,-4.1,4.998,4.998,4.998,4.998,205
2022-01-12 03:37:22,1.4,2.9,88,0.0,0.0,0,0.0,0.0,0,52941.00,0.00,0.00,15,12.65,0.21,0.00,-4.5,4.998,4.998,4.998,4.998,120
2022-01-12 03:38:22,0.0,1.5,29,0.0,0.0,0,0.0,0.0,0,52970.00,0.00,0.00,16,12.61,0.22,0.00,-4.1,4.998,4.998,4.998,4.998,235
2022-01-12 03:39:22,2.3,3.2,66,0.0,0.0,0,0.0,0.0,0,53036.00,0.00,0.00,16,12.65,0.22,0.00,-4.1,4.998,4.998,4.998,4.998,212
2022-01-12 03:40:22,2.9,3.0,114,0.0,0.0,0,0.0,0.0,0,53150.00,0.00,0.00,16,12.65,0.22,0.00,-4.1,4.998,4.998,4.998,4.998,39
2022-01-12 03:41:22,2.1,3.3,141,0.0,0.0,0,0.0,0.0,0,53291.00,0.00,0.00,16,12.65,0.22,0.00,-4.1,4.998,4.998,4.998,4.998,97
2022-01-12 03:42:22,2.7,3.0,116,0.0,0.0,0,0.0,0.0,0,53407.00,0.00,0.00,16,12.61,0.22,0.00,-4.1,4.998,4.998,4.998,4.998,138
2022-01-12 03:43:22,3.8,3.9,164,0.0,0.0,0,0.0,0.0,0,53571.00,0.00,0.00,16,12.65,0.22,0.00,-4.1,4.998,4.998,4.998,4.998,119
2022-01-12 03:44:22,2.5,4.0,177,0.0,0.0,0,0.0,0.0,0,53748.00,0.00,0.00,357,12.65,4.97,0.00,-4.1,4.998,4.998,4.998,4.998,245
2022-01-12 03:45:22,1.7,2.8,100,0.0,0.0,0,0.0,0.0,0,53848.00,0.00,0.00,357,12.65,4.97,0.00,-4.1,4.998,4.998,4.998,4.998,81
2022-01-12 03:46:22,2.3,3.5,143,0.0,0.0,0,0.0,0.0,0,53991.00,0.00,0.00,358,12.65,4.97,0.00,-4.1,4.998,4.998,4.998,4.998,61
2022-01-12 03:47:22,1.4,2.8,93,0.0,0.0,0,0.0,0.0,0,54084.00,0.00,0.00,358,12.65,4.97,0.00,-4.1,4.998,4.998,4.998,4.998,118
2022-01-12 03:48:22,2.6,2.7,69,0.0,0.0,0,0.0,0.0,0,54153.00,0.00,0.00,358,12.61,4.97,0.00,-4.5,4.998,4.998,4.998,4.998,174
2022-01-12 03:49:22,2.4,3.4,148,0.0,0.0,0,0.0,0.0,0,54301.00,0.00,0.00,357,12.65,4.97,0.00,-4.5,4.998,4.998,4.998,4.998,250
2022-01-12 03:50:22,2.7,3.1,118,0.0,0.0,0,0.0,0.0,0,54419.00,0.00,0.00,357,12.61,4.97,0.00,-4.5,4.998,4.998,4.998,4.998,110
2022-01-12 03:51:22,3.2,4.7,152,0.0,0.0,0,0.0,0.0,0,54571.00,0.00,0.00,357,12.65,4.97,0.00,-4.5,4.998,4.998,4.998,4.998,15
2022-01-12 03:52:22,4.1,4.5,218,0.0,0.0,0,0.0,0.0,0,54789.00,0.00,0.00,11,12.65,0.16,0.00,-4.5,4.998,4.998,4.998,4.998,2
2022-01-12 03:53:22,3.8,5.4,234,0.0,0.0,0,0.0,0.0,0,55023.00,0.00,0.00,0,12.65,0.00,0.00,-4.5,4.998,4.998,4.998,4.998,239
2022-01-12 03:54:22,4.7,4.7,166,0.0,0.0,0,0.0,0.0,0,55189.00,0.00,0.00,0,12.65,0.00,0.00,-4.5,4.998,4.998,4.998,4.998,39
2022-01-12 03:55:22,2.5,4.5,142,0.0,0.0,0,0.0,0.0,0,55331.00,0.00,0.00,0,12.65,0.00,0.00,-4.1,4.998,4.998,4.998,4.998,107
2022-01-12 03:56:22,3.6,4.1,149,0.0,0.0,0,0.0,0.0,0,55480.00,0.00,0.00,0,12.65,0.00,0.00,-4.1,4.998,4.998,4.998,4.998,181
2022-01-12 03:57:22,4.0,4.8,215,0.0,0.0,0,0.0,0.0,0,55695.00,0.00,0.00,4,12.65,0.05,0.00,-4.1,4.998,4.998,4.998,4.998,240
2022-01-12 03:58:22,3.3,4.8,208,0.0,0.0,0,0.0,0.0,0,55903.00,0.00,0.00,8,12.61,0.11,0.00,-4.1,4.998,4.998,4.998,4.998,149
2022-01-12 03:59:22,2.8,3.3,132,0.0,0.0,0,0.0,0.0,0,56035.00,0.00,0.00,8,12.65,0.11,0.00,-4.5,4.998,4.998,4.998,4.998,87
2022-01-12 04:00:22,3.1,4.3,160,0.0,0.0,0,0.0,0.0,0,56195.00,0.00,0.00,8,12.61,0.11,0.00,-4.1,4.998,4.998,4.998,4.998,156
2022-01-12 04:01:22,3.1,3.7,163,0.0,0.0,0,0.0,0.0,0,56358.00,0.00,0.00,8,12.61,0.11,0.00,-4.1,4.998,4.998,4.998,4.998,247
2022-01-12 04:02:22,3.0,3.7,158,0.0,0.0,0,0.0,0.0,0,56516.00,0.00,0.00,8,12.65,0.11,0.00,-4.1,4.998,4.998,4.998,4.998,51
2022-01-12 04:03:22,3.1,3.2,123,0.0,0.0,0,0.0,0.0,0,56639.00,0.00,0.00,8,12.61,0.11,0.00,-4.5,4.998,4.998,4.998,4.998,124
2022-01-12 04:04:22,2.7,3.3,126,0.0,0.0,0,0.0,0.0,0,56765.00,0.00,0.00,8,12.65,0.11,0.00,-4.1,4.998,4.998,4.998,4.998,186
2022-01-12 04:05:22,0.0,3.0,110,0.0,0.0,0,0.0,0.0,0,56875.00,0.00,0.00,8,12.65,0.11,0.00,-4.1,4.998,4.998,4.998,4.998,64
2022-01-12 04:06:22,2.2,4.1,144,0.0,0.0,0,0.0,0.0,0,57019.00,0.00,0.00,8,12.65,0.11,0.00,-4.1,4.998,4.998,4.998,4.998,197
2022-01-12 04:07:22,3.6,5.8,243,0.0,0.0,0,0.0,0.0,0,57262.00,0.00,0.00,359,12.61,4.99,0.00,-4.1,4.998,4.998,4.998,4.998,230
2022-01-12 04:08:22,3.4,5.0,201,0.0,0.0,0,0.0,0.0,0,57463.00,0.00,0.00,9,12.61,0.13,0.00,-4.5,4.998,4.998,4.998,4.998,87
2022-01-12 04:09:22,3.3,3.7,128,0.0,0.0,0,0.0,0.0,0,57591.00,0.00,0.00,9,12.61,0.13,0.00,-4.1,4.998,4.998,4.998,4.998,250
2022-01-12 04:10:22,3.4,4.0,174,0.0,0.0,0,0.0,0.0,0,57765.00,0.00,0.00,9,12.65,0.12,0.00,-4.1,4.998,4.998,4.998,4.998,222
2022-01-12 04:11:22,3.1,3.8,156,0.0,0.0,0,0.0,0.0,0,57921.00,0.00,0.00,9,12.61,0.13,0.00,-4.1,4.998,4.998,4.998,4.998,71
2022-01-12 04:12:22,2.3,3.8,168,0.0,0.0,0,0.0,0.0,0,58089.00,0.00,0.00,9,12.61,0.12,0.00,-4.1,4.998,4.998,4.998,4.998,200
2022-01-12 04:13:22,3.0,5.1,199,0.0,0.0,0,0.0,0.0,0,58288.00,0.00,0.00,8,12.65,0.11,0.00,-4.5,4.998,4.998,4.998,4.998,112
2022-01-12 04:14:22,2.4,3.0,123,0.0,0.0,0,0.0,0.0,0,58411.00,0.00,0.00,8,12.65,0.11,0.00,-4.1,4.998,4.998,4.998,4.998,49
2022-01-12 04:15:22,2.5,2.9,114,0.0,0.0,0,0.0,0.0,0,58525.00,0.00,0.00,8,12.65,0.12,0.00,-4.1,4.998,4.998,4.998,4.998,56
2022-01-12 04:16:22,2.9,4.2,189,0.0,0.0,0,0.0,0.0,0,58714.00,0.00,0.00,8,12.65,0.11,0.00,-4.5,4.998,4.998,4.998,4.998,83
2022-01-12 04:17:22,4.0,4.6,176,0.0,0.0,0,0.0,0.0,0,58890.00,0.00,0.00,8,12.65,0.12,0.00,-4.1,4.998,4.998,4.998,4.998,173
2022-01-12 04:18:22,3.5,4.1,170,0.0,0.0,0,0.0,0.0,0,59060.00,0.00,0.00,8,12.61,0.11,0.00,-4.1,4.998,4.998,4.998,4.998,177
2022-01-12 04:19:22,4.1,4.8,231,0.0,0.0,0,0.0,0.0,0,59291.00,0.00,0.00,359,12.61,4.99,0.00,-4.1,4.998,4.998,4.998,4.998,62
2022-01-12 04:20:22,3.5,4.2,196,0.0,0.0,0,0.0,0.0,0,59487.00,0.00,0.00,359,12.65,4.99,0.00,-4.1,4.998,4.998,4.998,4.998,198
2022-01-12 04:21:22,3.4,3.8,169,0.0,0.0,0,0.0,0.0,0,59656.00,0.00,0.00,359,12.65,4.99,0.00,-4.1,4.998,4.998,4.998,4.998,245
2022-01-12 04:22:22,2.2,3.5,117,0.0,0.0,0,0.0,0.0,0,59773.00,0.00,0.00,359,12.65,4.99,0.00,-4.1,4.998,4.998,4.998,4.998,238
2022-01-12 04:23:22,2.9,3.1,114,0.0,0.0,0,0.0,0.0,0,59887.00,0.00,0.00,359,12.61,4.99,0.00,-4.5,4.998,4.998,4.998,4.998,142
2022-01-12 04:24:22,3.1,4.8,160,0.0,0.0,0,0.0,0.0,0,60047.00,0.00,0.00,359,12.61,4.99,0.00,-4.5,4.998,4.998,4.998,4.998,69
2022-01-12 04:25:22,1.8,5.3,193,0.0,0.0,0,0.0,0.0,0,60240.00,0.00,0.00,10,12.61,0.14,0.00,-4.1,4.998,4.998,4.998,4.998,101
2022-01-12 04:26:22,3.1,6.5,200,0.0,0.0,0,0.0,0.0,0,60440.00,0.00,0.00,2,12.61,0.02,0.00,-4.5,4.998,4.998,4.998,4.998,167
2022-01-12 04:27:22,3.2,3.8,133,0.0,0.0,0,0.0,0.0,0,60573.00,0.00,0.00,1,12.65,0.01,0.00,-4.5,4.998,4.998,4.998,4.998,55
2022-01-12 04:28:22,4.6,5.6,211,0.0,0.0,0,0.0,0.0,0,60784.00,0.00,0.00,16,12.65,0.22,0.00,-4.5,4.998,4.998,4.998,4.998,214
2022-01-12 04:29:22,3.2,5.4,249,0.0,0.0,0,0.0,0.0,0,61033.00,0.00,0.00,16,12.65,0.22,0.00,-4.1,4.998,4.998,4.998,4.998,254
2022-01-12 04:30:22,4.3,6.1,242,0.0,0.0,0,0.0,0.0,0,61275.00,0.00,0.00,15,12.65,0.21,0.00,-4.1,4.998,4.998,4.998,4.998,188
2022-01-12 04:31:22,3.8,4.1,188,0.0,0.0,0,0.0,0.0,0,61463.00,0.00,0.00,16,12.61,0.22,0.00,-4.1,4.998,4.998,4.998,4.998,73
2022-01-12 04:32:22,3.9,4.1,210,0.0,0.0,0,0.0,0.0,0,61673.00,0.00,0.00,16,12.61,0.22,0.00,-4.5,4.998,4.998,4.998,4.998,5
2022-01-12 04:33:22,4.1,5.5,257,0.0,0.0,0,0.0,0.0,0,61930.00,0.00,0.00,16,12.65,0.22,0.00,-4.1,4.998,4.998,4.998,4.998,123
2022-01-12 04:34:22,3.5,4.3,205,0.0,0.0,0,0.0,0.0,0,62135.00,0.00,0.00,15,12.65,0.21,0.00,-4.5,4.998,4.998,4.998,4.998,239
2022-01-12 04:35:22,3.2,3.8,168,0.0,0.0,0,0.0,0.0,0,62303.00,0.00,0.00,15,12.65,0.21,0.00,-4.1,4.998,4.998,4.998,4.998,23
2022-01-12 04:36:22,3.0,3.2,120,0.0,0.0,0,0.0,0.0,0,62423.00,0.00,0.00,15,12.65,0.21,0.00,-4.5,4.998,4.998,4.998,4.998,207
2022-01-12 04:37:22,2.0,3.5,146,0.0,0.0,0,0.0,0.0,0,62569.00,0.00,0.00,16,12.65,0.22,0.00,-4.1,4.998,4.998,4.998,4.998,39
2022-01-12 04:38:22,2.2,2.7,104,0.0,0.0,0,0.0,0.0,0,62673.00,0.00,0.00,15,12.65,0.21,0.00,-4.5,4.998,4.998,4.998,4.998,32
2022-01-12 04:39:22,2.8,2.9,52,0.0,0.0,0,0.0,0.0,0,62725.00,0.00,0.00,15,12.61,0.21,0.00,-4.1,4.998,4.998,4.998,4.998,176
2022-01-12 04:40:22,2.8,3.3,137,0.0,0.0,0,0.0,0.0,0,62862.00,0.00,0.00,15,12.65,0.21,0.00,-4.5,4.998,4.998,4.998,4.998,125
2022-01-12 04:41:22,3.8,4.5,191,0.0,0.0,0,0.0,0.0,0,63053.00,0.00,0.00,15,12.61,0.21,0.00,-4.5,4.998,4.998,4.998,4.998,121
2022-01-12 04:42:22,3.7,4.6,215,0.0,0.0,0,0.0,0.0,0,63268.00,0.00,0.00,22,12.61,0.30,0.00,-4.5,4.998,4.998,4.998,4.998,154
2022-01-12 04:43:22,3.6,4.4,199,0.0,0.0,0,0.0,0.0,0,63467.00,0.00,0.00,21,12.61,0.30,0.00,-4.1,4.998,4.998,4.998,4.998,81
2022-01-12 04:44:22,4.8,5.5,227,0.0,0.0,0,0.0,0.0,0,63694.00,0.00,0.00,21,12.61,0.30,0.00,-4.5,4.998,4.998,4.998,4.998,53
2022-01-12 04:45:22,4.8,5.1,248,0.0,0.0,0,0.0,0.0,0,63942.00,0.00,0.00,0,12.65,0.00,0.00,-4.5,4.998,4.998,4.998,4.998,95
2022-01-12 04:46:22,2.8,6.0,280,0.0,0.0,0,0.0,0.0,0,64222.00,0.00,0.00,14,12.65,0.20,0.00,-4.5,4.998,4.998,4.998,4.998,59
2022-01-12 04:47:22,4.5,4.9,234,0.0,0.0,0,0.0,0.0,0,64456.00,0.00,0.00,35,12.65,0.49,0.00,-4.5,4.998,4.998,4.998,4.998,105
2022-01-12 04:48:22,4.9,6.7,330,0.0,0.0,0,0.0,0.0,0,64786.00,0.00,0.00,27,12.65,0.37,0.00,-5.0,4.998,4.998,4.998,4.998,212
2022-01-12 04:49:22,4.7,5.3,269,0.0,0.0,0,0.0,0.0,0,65055.00,0.00,0.00,17,12.61,0.24,0.00,-4.5,4.998,4.998,4.998,4.998,201
2022-01-12 04:50:22,4.7,5.2,254,0.0,0.0,0,0.0,0.0,0,65309.00,0.00,0.00,25,12.65,0.35,0.00,-4.5,4.998,4.998,4.998,4.998,247
2022-01-12 04:51:22,5.1,6.3,291,0.0,0.0,0,0.0,0.0,0,65600.00,0.00,0.00,16,12.65,0.23,0.00,-4.5,4.998,4.998,4.998,4.998,241
2022-01-12 04:52:22,4.8,6.0,302,0.0,0.0,0,0.0,0.0,0,65902.00,0.00,0.00,18,12.61,0.25,0.00,-4.5,4.998,4.998,4.998,4.998,53
2022-01-12 04:53:22,6.0,6.6,298,0.0,0.0,0,0.0,0.0,0,66200.00,0.00,0.00,21,12.61,0.29,0.00,-5.0,4.998,4.998,4.998,4.998,133
2022-01-12 04:54:22,4.4,6.8,336,0.0,0.0,0,0.0,0.0,0,66536.00,0.00,0.00,17,12.61,0.24,0.00,-4.5,4.998,4.998,4.998,4.998,130
2022-01-12 04:55:22,4.4,4.7,228,0.0,0.0,0,0.0,0.0,0,66764.00,0.00,0.00,22,12.65,0.31,0.00,-4.5,4.998,4.998,4.998,4.998,32
2022-01-12 04:56:22,5.6,5.7,255,0.0,0.0,0,0.0,0.0,0,67019.00,0.00,0.00,23,12.65,0.32,0.00,-4.5,4.998,4.998,4.998,4.998,200
2022-01-12 04:57:22,4.9,5.9,293,0.0,0.0,0,0.0,0.0,0,67312.00,0.00,0.00,19,12.61,0.26,0.00,-4.1,4.998,4.998,4.998,4.998,214
2022-01-12 04:58:22,5.0,6.2,298,0.0,0.0,0,0.0,0.0,0,67610.00,0.00,0.00,23,12.65,0.32,0.00,-4.5,4.998,4.998,4.998,4.998,98
2022-01-12 04:59:22,3.8,5.4,252,0.0,0.0,0,0.0,0.0,0,67862.00,0.00,0.00,24,12.61,0.34,0.00,-4.5,4.998,4.998,4.998,4.998,111
2022-01-12 05:00:22,3.2,5.2,232,0.0,0.0,0,0.0,0.0,0,68094.00,0.00,0.00,23,12.65,0.32,0.00,-5.0,4.998,4.998,4.998,4.998,214
2022-01-12 05:01:22,4.7,6.2,267,0.0,0.0,0,0.0,0.0,0,68361.00,0.00,0.00,13,12.65,0.18,0.00,-4.5,4.998,4.998,4.998,4.998,117
2022-01-12 05:02:22,3.7,4.7,226,0.0,0.0,0,0.0,0.0,0,68587.00,0.00,0.00,13,12.61,0.18,0.00,-4.5,4.998,4.998,4.998,4.998,230
2022-01-12 05:03:22,3.5,4.4,212,0.0,0.0,0,0.0,0.0,0,68799.00,0.00,0.00,13,12.61,0.19,0.00,-4.5,4.998,4.998,4.998,4.998,189
2022-01-12 05:04:22,3.4,4.6,192,0.0,0.0,0,0.0,0.0,0,68991.00,0.00,0.00,5,12.65,0.07,0.00,-4.5,4.998,4.998,4.998,4.998,96
2022-01-12 05:05:22,5.3,6.3,302,0.0,0.0,0,0.0,0.0,0,69293.00,0.00,0.00,2,12.65,0.03,0.00,-4.5,4.998,4.998,4.998,4.998,227
2022-01-12 05:06:22,4.1,5.3,252,0.0,0.0,0,0.0,0.0,0,69545.00,0.00,0.00,18,12.65,0.25,0.00,-5.0,4.998,4.998,4.998,4.998,208
2022-01-12 05:07:22,4.3,5.6,260,0.0,0.0,0,0.0,0.0,0,69805.00,0.00,0.00,14,12.65,0.19,0.00,-4.5,4.998,4.998,4.998,4.998,4
2022-01-12 05:08:22,4.5,4.7,212,0.0,0.0,0,0.0,0.0,0,70017.00,0.00,0.00,25,12.65,0.35,0.00,-4.5,4.998,4.998,4.998,4.998,2
2022-01-12 05:09:22,3.7,4.6,229,0.0,0.0,0,0.0,0.0,0,70246.00,0.00,0.00,24,12.65,0.34,0.00,-4.5,4.998,4.998,4.998,4.998,106
2022-01-12 05:10:22,2.7,4.8,190,0.0,0.0,0,0.0,0.0,0,70436.00,0.00,0.00,30,12.61,0.42,0.00,-4.5,4.998,4.998,4.998,4.998,134
2022-01-12 05:11:22,4.0,4.0,143,0.0,0.0,0,0.0,0.0,0,70579.00,0.00,0.00,22,12.61,0.30,0.00,-4.5,4.998,4.998,4.998,4.998,1
2022-01-12 05:12:22,4.4,6.4,291,0.0,0.0,0,0.0,0.0,0,70870.00,0.00,0.00,22,12.65,0.31,0.00,-5.0,4.998,4.998,4.998,4.998,63
2022-01-12 05:13:22,4.0,5.6,249,0.0,0.0,0,0.0,0.0,0,71119.00,0.00,0.00,23,12.61,0.32,0.00,-4.5,4.998,4.998,4.998,4.998,239
2022-01-12 05:14:22,3.6,4.3,214,0.0,0.0,0,0.0,0.0,0,71333.00,0.00,0.00,23,12.61,0.32,0.00,-4.5,4.998,4.998,4.998,4.998,4
2022-01-12 05:15:22,3.8,4.5,204,0.0,0.0,0,0.0,0.0,0,71537.00,0.00,0.00,23,12.65,0.32,0.00,-4.5,4.998,4.998,4.998,4.998,249
2022-01-12 05:16:22,4.8,6.8,312,0.0,0.0,0,0.0,0.0,0,71849.00,0.00,0.00,22,12.61,0.30,0.00,-5.0,4.998,4.998,4.998,4.998,246
2022-01-12 05:17:22,4.8,5.6,254,0.0,0.0,0,0.0,0.0,0,72103.00,0.00,0.00,21,12.65,0.29,0.00,-4.5,4.998,4.998,4.998,4.998,65
2022-01-12 05:18:22,3.7,4.8,247,0.0,0.0,0,0.0,0.0,0,72350.00,0.00,0.00,38,12.61,0.53,0.00,-4.5,4.998,4.998,4.998,4.998,123
2022-01-12 05:19:22,3.0,4.5,213,0.0,0.0,0,0.0,0.0,0,72563.00,0.00,0.00,28,12.65,0.39,0.00,-4.5,4.998,4.998,4.998,4.998,180
2022-01-12 05:20:22,3.5,5.4,233,0.0,0.0,0,0.0,0.0,0,72796.00,0.00,0.00,247,12.61,3.43,0.00,-4.5,4.998,4.998,4.998,4.998,182
2022-01-12 05:21:22,3.8,5.1,241,0.0,0.0,0,0.0,0.0,0,73037.00,0.00,0.00,2,12.65,0.02,0.00,-4.5,4.998,4.998,4.998,4.998,11
2022-01-12 05:22:22,5.1,5.8,291,0.0,0.0,0,0.0,0.0,0,73328.00,0.00,0.00,9,12.65,0.13,0.00,-4.5,4.998,4.998,4.998,4.998,3
2022-01-12 05:23:22,4.3,5.4,240,0.0,0.0,0,0.0,0.0,0,73568.00,0.00,0.00,37,12.61,0.52,0.00,-4.5,4.998,4.998,4.998,4.998,210
2022-01-12 05:24:22,5.1,5.4,279,0.0,0.0,0,0.0,0.0,0,73847.00,0.00,0.00,5,12.61,0.07,0.00,-5.0,4.998,4.998,4.998,4.998,104
2022-01-12 05:25:22,3.6,5.5,258,0.0,0.0,0,0.0,0.0,0,74105.00,0.00,0.00,0,12.61,0.00,0.00,-4.5,4.998,4.998,4.998,4.998,151
2022-01-12 05:26:22,4.9,6.3,273,0.0,0.0,0,0.0,0.0,0,74378.00,0.00,0.00,18,12.61,0.25,0.00,-5.0,4.998,4.998,4.998,4.998,22
2022-01-12 05:27:22,5.3,5.8,237,0.0,0.0,0,0.0,0.0,0,74615.00,0.00,0.00,10,12.61,0.14,0.00,-5.0,4.998,4.998,4.998,4.998,186
2022-01-12 05:28:22,4.5,5.3,236,0.0,0.0,0,0.0,0.0,0,74851.00,0.00,0.00,6,12.61,0.09,0.00,-4.5,4.998,4.998,4.998,4.998,2
2022-01-12 05:29:22,5.5,6.7,292,0.0,0.0,0,0.0,0.0,0,75143.00,0.00,0.00,18,12.65,0.25,0.00,-5.0,4.998,4.998,4.998,4.998,55
2022-01-12 05:30:22,3.1,6.5,244,0.0,0.0,0,0.0,0.0,0,75387.00,0.00,0.00,20,12.61,0.28,0.00,-4.5,4.998,4.998,4.998,4.998,52
2022-01-12 05:31:22,3.7,4.5,165,0.0,0.0,0,0.0,0.0,0,75552.00,0.00,0.00,0,12.65,0.00,0.00,-4.5,4.998,4.998,4.998,4.998,201
2022-01-12 05:32:22,4.5,5.7,226,0.0,0.0,0,0.0,0.0,0,75778.00,0.00,0.00,15,12.61,0.21,0.00,-5.0,4.998,4.998,4.998,4.998,129
2022-01-12 05:33:22,4.4,5.9,294,0.0,0.0,0,0.0,0.0,0,76072.00,0.00,0.00,36,12.61,0.51,0.00,-4.5,4.998,4.998,4.998,4.998,13
2022-01-12 05:34:22,4.5,5.5,242,0.0,0.0,0,0.0,0.0,0,76314.00,0.00,0.00,24,12.65,0.34,0.00,-4.5,4.998,4.998,4.998,4.998,117
2022-01-12 05:35:22,4.6,5.1,247,0.0,0.0,0,0.0,0.0,0,76561.00,0.00,0.00,11,12.61,0.16,0.00,-4.5,4.998,4.998,4.998,4.998,22
2022-01-12 05:36:22,5.7,6.4,298,0.0,0.0,0,0.0,0.0,0,76859.00,0.00,0.00,29,12.61,0.41,0.00,-5.0,4.998,4.998,4.998,4.998,242
2022-01-12 05:37:22,5.9,6.5,328,0.0,0.0,0,0.0,0.0,0,77187.00,0.00,0.00,20,12.65,0.28,0.00,-4.5,4.998,4.998,4.998,4.998,70
2022-01-12 05:38:22,5.3,6.9,355,0.0,0.0,0,0.0,0.0,0,77542.00,0.00,0.00,13,12.61,0.18,0.00,-5.0,4.998,4.998,4.998,4.998,36
2022-01-12 05:39:22,5.2,6.6,304,0.0,0.0,0,0.0,0.0,0,77846.00,0.00,0.00,30,12.61,0.41,0.00,-4.5,4.998,4.998,4.998,4.998,22
2022-01-12 05:40:22,4.8,5.9,293,0.0,0.0,0,0.0,0.0,0,78139.00,0.00,0.00,29,12.65,0.40,0.00,-4.5,4.998,4.998,4.998,4.998,97
2022-01-12 05:41:22,4.1,5.7,254,0.0,0.0,0,0.0,0.0,0,78393.00,0.00,0.00,2,12.61,0.03,0.00,-5.0,4.998,4.998,4.998,4.998,180
2022-01-12 05:42:22,4.3,5.4,242,0.0,0.0,0,0.0,0.0,0,78635.00,0.00,0.00,24,12.61,0.34,0.00,-5.0,4.998,4.998,4.998,4.998,90
2022-01-12 05:43:22,4.2,4.8,233,0.0,0.0,0,0.0,0.0,0,78868.00,0.00,0.00,12,12.65,0.17,0.00,-4.5,4.998,4.998,4.998,4.998,86
2022-01-12 05:44:22,4.8,4.8,220,0.0,0.0,0,0.0,0.0,0,79088.00,0.00,0.00,14,12.65,0.20,0.00,-5.0,4.998,4.998,4.998,4.998,31
2022-01-12 05:45:22,4.7,6.2,287,0.0,0.0,0,0.0,0.0,0,79375.00,0.00,0.00,7,12.61,0.09,0.00,-4.5,4.998,4.998,4.998,4.998,223
2022-01-12 05:46:22,4.7,6.3,275,0.0,0.0,0,0.0,0.0,0,79650.00,0.00,0.00,8,12.65,0.12,0.00,-4.5,4.998,4.998,4.998,4.998,1
2022-01-12 05:47:22,6.2,6.8,313,0.0,0.0,0,0.0,0.0,0,79963.00,0.00,0.00,27,12.61,0.38,0.00,-5.0,4.998,4.998,4.998,4.998,112
2022-01-12 05:48:22,3.6,7.3,336,0.0,0.0,0,0.0,0.0,0,80299.00,0.00,0.00,14,12.61,0.20,0.00,-4.5,4.998,4.998,4.998,4.998,217
2022-01-12 05:49:22,7.9,8.4,379,0.0,0.0,0,0.0,0.0,0,80678.00,0.00,0.00,31,12.61,0.43,0.00,-4.5,4.998,4.998,4.998,4.998,118
2022-01-12 05:50:22,3.1,8.9,324,0.0,0.0,0,0.0,0.0,0,81002.00,0.00,0.00,3,12.61,0.04,0.00,-4.5,4.998,4.998,4.998,4.998,94
2022-01-12 05:51:22,3.1,5.4,228,0.0,0.0,0,0.0,0.0,0,81230.00,0.00,0.00,31,12.61,0.44,0.00,-5.0,4.998,4.998,4.998,4.998,102
2022-01-12 05:52:22,4.7,6.3,248,0.0,0.0,0,0.0,0.0,0,81478.00,0.00,0.00,9,12.65,0.13,0.00,-5.0,4.998,4.998,4.998,4.998,208
2022-01-12 05:53:22,6.1,6.5,302,0.0,0.0,0,0.0,0.0,0,81780.00,0.00,0.00,13,12.61,0.18,0.00,-5.0,4.998,4.998,4.998,4.998,214
2022-01-12 05:54:22,4.6,6.1,307,0.0,0.0,0,0.0,0.0,0,82087.00,0.00,0.00,26,12.61,0.36,0.00,-5.0,4.998,4.998,4.998,4.998,251
2022-01-12 05:55:22,4.4,6.0,289,0.0,0.0,0,0.0,0.0,0,82376.00,0.00,0.00,14,12.61,0.20,0.00,-4.5,4.998,4.998,4.998,4.998,214
2022-01-12 05:56:22,5.2,6.7,301,0.0,0.0,0,0.0,0.0,0,82677.00,0.00,0.00,42,12.61,0.59,0.00,-5.0,4.998,4.998,4.998,4.998,67
2022-01-12 05:57:22,3.7,5.5,245,0.0,0.0,0,0.0,0.0,0,82922.00,0.00,0.00,30,12.65,0.41,0.00,-4.5,4.998,4.998,4.998,4.998,249
2022-01-12 05:58:22,4.8,6.9,298,0.0,0.0,0,0.0,0.0,0,83220.00,0.00,0.00,359,12.61,4.99,0.00,-5.0,4.998,4.998,4.998,4.998,25
2022-01-12 05:59:22,4.4,5.4,245,0.0,0.0,0,0.0,0.0,0,83465.00,0.00,0.00,20,12.65,0.28,0.00,-5.0,4.998,4.998,4.998,4.998,138
2022-01-12 06:00:22,3.9,5.0,247,0.0,0.0,0,0.0,0.0,0,83712.00,0.00,0.00,9,12.61,0.13,0.00,-5.0,4.998,4.998,4.998,4.998,144
2022-01-12 06:01:22,4.9,7.4,299,0.0,0.0,0,0.0,0.0,0,84011.00,0.00,0.00,20,12.65,0.28,0.00,-5.0,4.998,4.998,4.998,4.998,239
2022-01-12 06:02:22,5.7,6.2,274,0.0,0.0,0,0.0,0.0,0,84285.00,0.00,0.00,4,12.61,0.06,0.00,-5.0,4.998,4.998,4.998,4.998,211
2022-01-12 06:03:22,3.3,6.4,260,0.0,0.0,0,0.0,0.0,0,84545.00,0.00,0.00,17,12.61,0.24,0.00,-5.0,4.998,4.998,4.998,4.998,205
2022-01-12 06:04:22,4.3,4.8,231,0.0,0.0,0,0.0,0.0,0,84776.00,0.00,0.00,18,12.61,0.25,0.00,-5.0,4.998,4.998,4.998,4.998,168
2022-01-12 06:05:22,4.4,5.3,248,0.0,0.0,0,0.0,0.0,0,85024.00,0.00,0.00,24,12.61,0.33,0.00,-5.0,4.998,4.998,4.998,4.998,18
2022-01-12 06:06:22,5.0,5.1,213,0.0,0.0,0,0.0,0.0,0,85237.00,0.00,0.00,18,12.65,0.25,0.00,-4.5,4.998,4.998,4.998,4.998,168
2022-01-12 06:07:22,4.5,5.9,298,0.0,0.0,0,0.0,0.0,0,85535.00,0.00,0.00,17,12.61,0.24,0.00,-5.0,4.998,4.998,4.998,4.998,182
2022-01-12 06:08:22,3.3,6.2,276,0.0,0.0,0,0.0,0.0,0,85811.00,0.00,0.00,0,12.65,0.00,0.00,-5.0,4.998,4.998,4.998,4.998,174
2022-01-12 06:09:22,3.7,7.8,321,0.0,0.0,0,0.0,0.0,0,86132.00,0.00,0.00,32,12.65,0.44,0.00,-5.5,4.998,4.998,4.998,4.998,189
2022-01-12 06:10:22,3.8,5.4,207,0.0,0.0,0,0.0,0.0,0,86339.00,0.00,0.00,31,12.65,0.43,0.00,-5.5,4.998,4.998,4.998,4.998,203
2022-01-12 06:11:22,5.4,5.7,250,0.0,0.0,0,0.0,0.0,0,86589.00,0.00,0.00,15,12.61,0.20,0.00,-5.0,4.998,4.998,4.998,4.998,55
2022-01-12 06:12:22,5.6,7.4,378,0.0,0.0,0,0.0,0.0,0,86967.00,0.00,0.00,15,12.65,0.21,0.00,-5.0,4.998,4.998,4.998,4.998,150
2022-01-12 06:13:22,4.0,6.7,331,0.0,0.0,0,0.0,0.0,0,87298.00,0.00,0.00,5,12.65,0.08,0.00,-5.0,4.998,4.998,4.998,4.998,219
2022-01-12 06:14:22,4.7,6.5,304,0.0,0.0,0,0.0,0.0,0,87602.00,0.00,0.00,21,12.61,0.30,0.00,-5.0,4.998,4.998,4.998,4.998,237
2022-01-12 06:15:22,4.3,5.3,247,0.0,0.0,0,0.0,0.0,0,87849.00,0.00,0.00,22,12.65,0.30,0.00,-5.0,4.998,4.998,4.998,4.998,237
2022-01-12 06:16:22,5.9,7.5,326,0.0,0.0,0,0.0,0.0,0,88175.00,0.00,0.00,26,12.61,0.37,0.00,-5.0,4.998,4.998,4.998,4.998,161
2022-01-12 06:17:22,6.2,7.4,356,0.0,0.0,0,0.0,0.0,0,88531.00,0.00,0.00,23,12.61,0.32,0.00,-5.0,4.998,4.998,4.998,4.998,163
2022-01-12 06:18:22,5.7,6.9,369,0.0,0.0,0,0.0,0.0,0,88900.00,0.00,0.00,14,12.61,0.20,0.00,-5.0,4.998,4.998,4.998,4.998,237
2022-01-12 06:19:22,6.1,6.5,298,0.0,0.0,0,0.0,0.0,0,89198.00,0.00,0.00,21,12.65,0.29,0.00,-5.0,4.998,4.998,4.998,4.998,152
2022-01-12 06:20:22,4.7,6.7,292,0.0,0.0,0,0.0,0.0,0,89490.00,0.00,0.00,23,12.65,0.32,0.00,-5.5,4.998,4.998,4.998,4.998,227
2022-01-12 06:21:22,3.7,6.3,278,0.0,0.0,0,0.0,0.0,0,89768.00,0.00,0.00,3,12.61,0.05,0.00,-5.0,4.998,4.998,4.998,4.998,49
2022-01-12 06:22:22,3.7,6.0,250,0.0,0.0,0,0.0,0.0,0,90018.00,0.00,0.00,10,12.61,0.14,0.00,-5.0,4.998,4.998,4.998,4.998,164
2022-01-12 06:23:22,5.4,5.6,233,0.0,0.0,0,0.0,0.0,0,90251.00,0.00,0.00,19,12.61,0.27,0.00,-5.0,4.998,4.998,4.998,4.998,180
2022-01-12 06:24:22,5.0,5.6,280,0.0,0.0,0,0.0,0.0,0,90531.00,0.00,0.00,22,12.61,0.31,0.00,-5.0,4.998,4.998,4.998,4.998,106
2022-01-12 06:25:22,5.6,5.9,255,0.0,0.0,0,0.0,0.0,0,90786.00,0.00,0.00,39,12.61,0.54,0.00,-5.5,4.998,4.998,4.998,4.998,19
2022-01-12 06:26:22,7.2,7.3,359,0.0,0.0,0,0.0,0.0,0,91145.00,0.00,0.00,15,12.65,0.21,0.00,-5.0,4.998,4.998,4.998,4.998,244
2022-01-12 06:27:22,5.4,7.4,333,0.0,0.0,0,0.0,0.0,0,91478.00,0.00,0.00,15,12.61,0.20,0.00,-5.0,4.998,4.998,4.998,4.998,107
2022-01-12 06:28:22,5.3,7.7,353,0.0,0.0,0,0.0,0.0,0,91831.00,0.00,0.00,21,12.65,0.30,0.00,-5.0,4.998,4.998,4.998,4.998,65
2022-01-12 06:29:22,5.3,8.2,334,0.0,0.0,0,0.0,0.0,0,92165.00,0.00,0.00,20,12.61,0.28,0.00,-5.0,4.998,4.998,4.998,4.998,208
2022-01-12 06:30:22,5.7,7.5,375,0.0,0.0,0,0.0,0.0,0,92540.00,0.00,0.00,27,12.61,0.38,0.00,-5.5,4.998,4.998,4.998,4.998,238
2022-01-12 06:31:22,3.3,5.9,269,0.0,0.0,0,0.0,0.0,0,92809.00,0.00,0.00,30,12.61,0.42,0.00,-5.5,4.998,4.998,4.998,4.998,123
2022-01-12 06:32:22,4.8,5.7,277,0.0,0.0,0,0.0,0.0,0,93086.00,0.00,0.00,39,12.65,0.55,0.00,-5.5,4.998,4.998,4.998,4.998,218
2022-01-12 06:33:22,4.0,5.5,274,0.0,0.0,0,0.0,0.0,0,93360.00,0.00,0.00,12,12.65,0.17,0.00,-5.0,4.998,4.998,4.998,4.998,50
2022-01-12 06:34:22,5.7,8.5,346,0.0,0.0,0,0.0,0.0,0,93706.00,0.00,0.00,6,12.61,0.08,0.00,-5.5,4.998,4.998,4.998,4.998,105
2022-01-12 06:35:22,4.3,7.0,339,0.0,0.0,0,0.0,0.0,0,94045.00,0.00,0.00,21,12.69,0.30,0.00,-5.0,4.998,4.998,4.998,4.998,140
2022-01-12 06:36:22,5.9,6.0,294,0.0,0.0,0,0.0,0.0,0,94339.00,0.00,0.00,27,12.65,0.38,0.00,-5.5,4.998,4.998,4.998,4.998,50
2022-01-12 06:37:22,4.2,6.0,297,0.0,0.0,0,0.0,0.0,0,94636.00,0.00,0.00,34,12.61,0.48,0.00,-5.0,4.998,4.998,4.998,4.998,35
2022-01-12 06:38:22,4.9,6.0,280,0.0,0.0,0,0.0,0.0,0,94916.00,0.00,0.00,20,12.61,0.27,0.00,-5.0,4.998,4.998,4.998,4.998,173
2022-01-12 06:39:22,5.1,7.1,321,0.0,0.0,0,0.0,0.0,0,95237.00,0.00,0.00,17,12.61,0.23,0.00,-5.0,4.998,4.998,4.998,4.998,106
2022-01-12 06:40:22,5.5,7.0,320,0.0,0.0,0,0.0,0.0,0,95557.00,0.00,0.00,29,12.65,0.41,0.00,-5.5,4.998,4.998,4.998,4.998,72
2022-01-12 06:41:22,4.9,6.7,292,0.0,0.0,0,0.0,0.0,0,95849.00,0.00,0.00,16,12.61,0.23,0.00,-5.5,4.998,4.998,4.998,4.998,135
2022-01-12 06:42:22,4.7,6.3,318,0.0,0.0,0,0.0,0.0,0,96167.00,0.00,0.00,3,12.61,0.04,0.00,-5.5,4.998,4.998,4.998,4.998,138
2022-01-12 06:43:22,4.4,5.0,262,0.0,0.0,0,0.0,0.0,0,96429.00,0.00,0.00,36,12.65,0.50,0.00,-5.5,4.998,4.998,4.998,4.998,156
2022-01-12 06:44:22,4.2,4.6,185,0.0,0.0,0,0.0,0.0,0,96614.00,0.00,0.00,12,12.61,0.17,0.00,-5.5,4.998,4.998,4.998,4.998,236
2022-01-12 06:45:22,6.1,7.1,346,0.0,0.0,0,0.0,0.0,0,96960.00,0.00,0.00,31,12.65,0.43,0.00,-5.5,4.998,4.998,4.998,4.998,150
2022-01-12 06:46:22,4.3,6.8,317,0.0,0.0,0,0.0,0.0,0,97277.00,0.00,0.00,22,12.65,0.31,0.00,-5.5,4.998,4.998,4.998,4.998,127
2022-01-12 06:47:22,4.1,5.0,232,0.0,0.0,0,0.0,0.0,0,97509.00,0.00,0.00,22,12.65,0.31,0.00,-5.5,4.998,4.998,4.998,4.998,70
2022-01-12 06:48:22,4.8,6.7,290,0.0,0.0,0,0.0,0.0,0,97799.00,0.00,0.00,31,12.61,0.43,0.00,-5.0,4.998,4.998,4.998,4.998,238
2022-01-12 06:49:22,4.6,6.1,301,0.0,0.0,0,0.0,0.0,0,98100.00,0.00,0.00,38,12.61,0.53,0.00,-5.5,4.998,4.998,4.998,4.998,82
2022-01-12 06:50:22,5.0,6.2,293,0.0,0.0,0,0.0,0.0,0,98393.00,0.00,0.00,24,12.61,0.33,0.00,-5.5,4.998,4.998,4.998,4.998,103
2022-01-12 06:51:22,4.0,5.0,223,0.0,0.0,0,0.0,0.0,0,98616.00,0.00,0.00,26,12.65,0.36,0.00,-5.5,4.998,4.998,4.998,4.998,156
2022-01-12 06:52:22,3.6,5.9,270,0.0,0.0,0,0.0,0.0,0,98886.00,0.00,0.00,30,12.61,0.42,0.00,-5.5,4.998,4.998,4.998,4.998,175
2022-01-12 06:53:22,4.8,5.9,241,0.0,0.0,0,0.0,0.0,0,99127.00,0.00,0.00,14,12.65,0.20,0.00,-5.5,4.998,4.998,4.998,4.998,231
2022-01-12 06:54:22,4.6,6.9,321,0.0,0.0,0,0.0,0.0,0,99448.00,0.00,0.00,36,12.61,0.50,0.00,-5.5,4.998,4.998,4.998,4.998,248
2022-01-12 06:55:22,4.4,5.6,256,0.0,0.0,0,0.0,0.0,0,99704.00,0.00,0.00,31,12.61,0.43,0.00,-5.5,4.998,4.998,4.998,4.998,251
2022-01-12 06:56:22,4.1,6.0,252,0.0,0.0,0,0.0,0.0,0,99956.00,0.00,0.00,24,12.61,0.34,0.00,-5.5,4.998,4.998,4.998,4.998,70
2022-01-12 06:57:22,5.0,5.4,257,0.0,0.0,0,0.0,0.0,0,100213.00,0.00,0.00,24,12.65,0.34,0.00,-5.5,4.998,4.998,4.998,4.998,161
2022-01-12 06:58:22,5.2,5.3,215,0.0,0.0,0,0.0,0.0,0,100428.00,0.00,0.00,24,12.65,0.33,0.00,-5.5,4.998,4.998,4.998,4.998,41
2022-01-12 06:59:22,4.7,5.7,298,0.0,0.0,0,0.0,0.0,0,100726.00,0.00,0.00,36,12.61,0.50,0.00,-5.5,4.998,4.998,4.998,4.998,252
2022-01-12 07:00:22,3.7,4.9,212,0.0,0.0,0,0.0,0.0,0,100938.00,0.00,0.00,26,12.61,0.36,0.00,-5.5,4.998,4.998,4.998,4.998,244
2022-01-12 07:01:22,3.4,4.6,215,0.0,0.0,0,0.0,0.0,0,101153.00,0.00,0.00,16,12.61,0.22,0.00,-5.5,4.998,4.998,4.998,4.998,95
2022-01-12 07:02:22,3.7,4.6,217,0.0,0.0,0,0.0,0.0,0,101370.00,0.00,0.00,27,12.61,0.37,0.00,-5.5,4.998,4.998,4.998,4.998,59
2022-01-12 07:03:22,4.6,5.5,253,0.0,0.0,0,0.0,0.0,0,101623.00,0.00,0.00,15,12.65,0.21,0.00,-5.5,4.998,4.998,4.998,4.998,201
2022-01-12 07:04:22,4.0,4.9,233,0.0,0.0,0,0.0,0.0,0,101856.00,0.00,0.00,15,12.65,0.21,0.00,-5.5,4.998,4.998,4.998,4.998,160
2022-01-12 07:05:22,3.9,6.7,298,0.0,0.0,0,0.0,0.0,0,102154.00,0.00,0.00,15,12.65,0.20,0.00,-5.5,4.998,4.998,4.998,4.998,213
2022-01-12 07:06:22,4.2,6.3,287,0.0,0.0,0,0.0,0.0,0,102441.00,0.00,0.00,31,12.65,0.43,0.00,-5.5,4.998,4.998,4.998,4.998,172
2022-01-12 07:07:22,4.3,5.8,232,0.0,0.0,0,0.0,0.0,0,102673.00,0.00,0.00,25,12.61,0.35,0.00,-5.5,4.998,4.998,4.998,4.998,119
2022-01-12 07:08:22,5.7,6.4,274,0.0,0.0,0,0.0,0.0,0,102947.00,0.00,0.00,27,12.61,0.38,0.00,-5.5,4.998,4.998,4.998,4.998,142
2022-01-12 07:09:22,4.6,6.3,290,0.0,0.0,0,0.0,0.0,0,103237.00,0.00,0.00,60,12.61,0.84,0.00,-5.5,4.998,4.998,4.998,4.998,85
2022-01-12 07:10:22,4.6,5.6,256,0.0,0.0,0,0.0,0.0,0,103493.00,0.00,0.00,15,12.65,0.21,0.00,-5.0,4.998,4.998,4.998,4.998,240
2022-01-12 07:11:22,4.2,5.2,246,0.0,0.0,0,0.0,0.0,0,103739.00,0.00,0.00,48,12.65,0.66,0.00,-5.0,4.998,4.998,4.998,4.998,100
2022-01-12 07:12:22,3.8,5.0,214,0.0,0.0,0,0.0,0.0,0,103953.00,0.00,0.00,33,12.61,0.46,0.00,-5.5,4.998,4.998,4.998,4.998,11
2022-01-12 07:13:22,5.3,6.2,306,0.0,0.0,0,0.0,0.0,0,104259.00,0.00,0.00,29,12.61,0.41,0.00,-5.5,4.998,4.998,4.998,4.998,41
2022-01-12 07:14:22,3.9,7.1,295,0.0,0.0,0,0.0,0.0,0,104554.00,0.00,0.00,33,12.61,0.46,0.00,-5.5,4.998,4.998,4.998,4.998,101
2022-01-12 07:15:22,5.0,5.6,231,0.0,0.0,0,0.0,0.0,0,104785.00,0.00,0.00,11,12.61,0.16,0.00,-5.5,4.998,4.998,4.998,4.998,229
2022-01-12 07:16:22,4.2,6.4,290,0.0,0.0,0,0.0,0.0,0,105075.00,0.00,0.00,47,12.61,0.65,0.00,-5.0,4.998,4.998,4.998,4.998,77
2022-01-12 07:17:22,3.8,4.4,179,0.0,0.0,0,0.0,0.0,0,105254.00,0.00,0.00,33,12.61,0.46,0.00,-5.5,4.998,4.998,4.998,4.998,33
2022-01-12 07:18:22,5.4,5.9,249,0.0,0.0,0,0.0,0.0,0,105503.00,0.00,0.00,18,12.61,0.25,0.00,-5.5,4.998,4.998,4.998,4.998,29
2022-01-12 07:19:22,4.1,5.5,243,0.0,0.0,0,0.0,0.0,0,105746.00,0.00,0.00,17,12.61,0.24,0.00,-5.5,4.998,4.998,4.998,4.998,230
2022-01-12 07:20:22,3.4,5.2,231,0.0,0.0,0,0.0,0.0,0,105977.00,0.00,0.00,26,12.65,0.36,0.00,-5.5,4.998,4.998,4.998,4.998,182
2022-01-12 07:21:22,3.4,4.4,202,0.0,0.0,0,0.0,0.0,0,106179.00,0.00,0.00,26,12.61,0.36,0.00,-5.5,4.998,4.998,4.998,4.998,195
2022-01-12 07:22:22,3.3,3.9,173,0.0,0.0,0,0.0,0.0,0,106352.00,0.00,0.00,26,12.61,0.36,0.00,-5.5,4.998,4.998,4.998,4.998,78
2022-01-12 07:23:22,4.0,4.6,165,0.0,0.0,0,0.0,0.0,0,106517.00,0.00,0.00,46,12.65,0.64,0.00,-5.5,4.998,4.998,4.998,4.998,211
2022-01-12 07:24:22,2.1,4.9,197,0.0,0.0,0,0.0,0.0,0,106714.00,0.00,0.00,60,12.61,0.83,0.00,-5.5,4.998,4.998,4.998,4.998,171
2022-01-12 07:25:22,3.8,4.5,168,0.0,0.0,0,0.0,0.0,0,106882.00,0.00,0.00,19,12.61,0.27,0.00,-5.5,4.998,4.998,4.998,4.998,67
2022-01-12 07:26:22,5.4,6.6,288,0.0,0.0,0,0.0,0.0,0,107170.00,0.00,0.00,42,12.65,0.59,0.00,-5.5,4.998,4.998,4.998,4.998,55
2022-01-12 07:27:22,3.5,6.0,256,0.0,0.0,0,0.0,0.0,0,107426.00,0.00,0.00,40,12.61,0.56,0.00,-5.5,4.998,4.998,4.998,4.998,47
2022-01-12 07:28:22,4.5,4.9,214,0.0,0.0,0,0.0,0.0,0,107640.00,0.00,0.00,16,12.65,0.22,0.00,-5.5,4.998,4.998,4.998,4.998,188
2022-01-12 07:29:22,3.7,6.0,244,0.0,0.0,0,0.0,0.0,0,107884.00,0.00,0.00,13,12.61,0.18,0.00,-5.5,4.998,4.998,4.998,4.998,232
2022-01-12 07:30:22,4.2,4.5,166,0.0,0.0,0,0.0,0.0,0,108050.00,0.00,0.00,15,12.65,0.21,0.00,-5.5,4.998,4.998,4.998,4.998,122
2022-01-12 07:31:22,3.4,4.5,198,0.0,0.0,0,0.0,0.0,0,108248.00,0.00,0.00,16,12.61,0.22,0.00,-5.5,4.998,4.998,4.998,4.998,130
2022-01-12 07:32:22,3.3,5.2,224,0.0,0.0,0,0.0,0.0,0,108472.00,0.00,0.00,21,12.61,0.30,0.00,-5.0,4.998,4.998,4.998,4.998,84
2022-01-12 07:33:22,4.1,4.7,222,0.0,0.0,0,0.0,0.0,0,108694.00,0.00,0.00,35,12.61,0.49,0.00,-5.5,4.998,4.998,4.998,4.998,66
2022-01-12 07:34:22,3.3,5.4,230,0.0,0.0,0,0.0,0.0,0,108924.00,0.00,0.00,17,12.61,0.24,0.00,-5.5,4.998,4.998,4.998,4.998,99
2022-01-12 07:35:22,3.7,5.2,218,0.0,0.0,0,0.0,0.0,0,109142.00,0.00,0.00,4,12.65,0.06,0.00,-5.5,4.998,4.998,4.998,4.998,202
2022-01-12 07:36:22,4.1,5.2,239,0.0,0.0,0,0.0,0.0,0,109381.00,0.00,0.00,13,12.61,0.19,0.00,-5.5,4.998,4.998,4.998,4.998,86
2022-01-12 07:37:22,2.7,4.5,184,0.0,0.0,0,0.0,0.0,0,109565.00,0.00,0.00,13,12.61,0.19,0.00,-5.5,4.998,4.998,4.998,4.998,148
2022-01-12 07:38:22,4.0,4.0,160,0.0,0.0,0,0.0,0.0,0,109725.00,0.00,0.00,21,12.61,0.29,0.00,-5.5,4.998,4.998,4.998,4.998,193
2022-01-12 07:39:22,3.9,6.0,285,0.0,0.0,0,0.0,0.0,0,110010.00,0.00,0.00,34,12.65,0.48,0.00,-5.5,4.998,4.998,4.998,4.998,90
2022-01-12 07:40:22,5.8,6.3,302,0.0,0.0,0,0.0,0.0,0,110312.00,0.00,0.00,33,12.61,0.46,0.00,-5.5,4.998,4.998,4.998,4.998,148
2022-01-12 07:41:22,3.6,6.0,249,0.0,0.0,0,0.0,0.0,0,110561.00,0.00,0.00,44,12.61,0.61,0.00,-5.5,4.998,4.998,4.998,4.998,74
2022-01-12 07:42:22,4.3,4.5,217,0.0,0.0,0,0.0,0.0,0,110778.00,0.00,0.00,34,12.65,0.47,0.00,-5.5,4.998,4.998,4.998,4.998,61
2022-01-12 07:43:22,5.6,5.9,274,0.0,0.0,0,0.0,0.0,0,111052.00,0.00,0.00,31,12.61,0.43,0.00,-5.5,4.998,4.998,4.998,4.998,47
2022-01-12 07:44:22,2.4,5.8,230,0.0,0.0,0,0.0,0.0,0,111282.00,0.00,0.00,47,12.61,0.66,0.00,-5.5,4.998,4.998,4.998,4.998,44
2022-01-12 07:45:22,2.1,3.9,159,0.0,0.0,0,0.0,0.0,0,111441.00,0.00,0.00,50,12.61,0.70,0.00,-5.5,4.998,4.998,4.998,4.998,111
2022-01-12 07:46:22,2.0,2.6,101,0.0,0.0,0,0.0,0.0,0,111542.00,0.00,0.00,50,12.65,0.70,0.00,-5.5,4.998,4.998,4.998,4.998,124
2022-01-12 07:47:22,3.2,3.5,146,0.0,0.0,0,0.0,0.0,0,111688.00,0.00,0.00,50,12.61,0.69,0.00,-5.0,4.998,4.998,4.998,4.998,199
2022-01-12 07:48:22,2.1,3.6,148,0.0,0.0,0,0.0,0.0,0,111836.00,0.00,0.00,51,12.65,0.71,0.00,-5.0,4.998,4.998,4.998,4.998,232
2022-01-12 07:49:22,3.4,4.8,170,0.0,0.0,0,0.0,0.0,0,112006.00,0.00,0.00,39,12.61,0.55,0.00,-5.5,4.998,4.998,4.998,4.998,204
2022-01-12 07:50:22,3.5,4.7,231,0.0,0.0,0,0.0,0.0,0,112237.00,0.00,0.00,59,12.61,0.83,0.00,-5.0,4.998,4.998,4.998,4.998,205
2022-01-12 07:51:22,2.7,3.4,132,0.0,0.0,0,0.0,0.0,0,112369.00,0.00,0.00,33,12.61,0.46,0.00,-5.5,4.998,4.998,4.998,4.998,49
2022-01-12 07:52:22,3.3,3.9,162,0.0,0.0,0,0.0,0.0,0,112531.00,0.00,0.00,17,12.61,0.24,0.00,-5.5,4.998,4.998,4.998,4.998,150
2022-01-12 07:53:22,4.5,5.7,242,0.0,0.0,0,0.0,0.0,0,112773.00,0.00,0.00,4,12.61,0.06,0.00,-5.5,4.998,4.998,4.998,4.998,189
2022-01-12 07:54:22,2.5,4.3,185,0.0,0.0,0,0.0,0.0,0,112958.00,0.00,0.00,5,12.61,0.07,0.00,-5.5,4.998,4.998,4.998,4.998,140
2022-01-12 07:55:22,2.1,3.2,129,0.0,0.0,0,0.0,0.0,0,113087.00,0.00,0.00,5,12.61,0.07,0.00,-5.0,4.998,4.998,4.998,4.998,1
2022-01-12 07:56:22,4.2,4.2,142,0.0,0.0,0,0.0,0.0,0,113229.00,0.00,0.00,28,12.61,0.40,0.00,-5.5,4.998,4.998,4.998,4.998,31
2022-01-12 07:57:22,4.5,4.8,260,0.0,0.0,0,0.0,0.0,0,113489.00,0.00,0.00,40,12.61,0.56,0.00,-5.0,4.998,4.998,4.998,4.998,69
2022-01-12 07:58:22,3.3,5.5,258,0.0,0.0,0,0.0,0.0,0,113747.00,0.00,0.00,68,12.65,0.95,0.00,-5.5,4.998,4.998,4.998,4.998,213
2022-01-12 07:59:22,3.0,4.1,195,0.0,0.0,0,0.0,0.0,0,113942.00,0.00,0.00,41,12.65,0.58,0.00,-5.5,4.998,4.998,4.998,4.998,9
2022-01-12 08:00:22,2.4,3.3,147,0.0,0.0,0,0.0,0.0,0,114089.00,0.00,0.00,41,12.61,0.58,0.00,-5.5,4.998,4.998,4.998,4.998,67
2022-01-12 08:01:22,2.0,2.4,95,0.0,0.0,0,0.0,0.0,0,114184.00,0.00,0.00,42,12.61,0.58,0.00,-5.5,4.998,4.998,4.998,4.998,92
2022-01-12 08:02:22,4.3,4.3,137,0.0,0.0,0,0.0,0.0,0,114321.00,0.00,0.00,66,12.61,0.92,0.00,-5.5,4.998,4.998,4.998,4.998,216
2022-01-12 08:03:22,4.7,4.7,194,0.0,0.0,0,0.0,0.0,0,114515.00,0.00,0.00,41,12.61,0.57,0.00,-5.0,4.998,4.998,4.998,4.998,255
2022-01-12 08:04:22,2.7,4.9,208,0.0,0.0,0,0.0,0.0,0,114723.00,0.00,0.00,37,12.61,0.52,0.00,-5.5,4.998,4.998,4.998,4.998,36
2022-01-12 08:05:22,2.0,3.2,137,0.0,0.0,0,0.0,0.0,0,114860.00,0.00,0.00,37,12.61,0.52,0.00,-5.5,4.998,4.998,4.998,4.998,41
2022-01-12 08:06:22,2.5,4.2,162,0.0,0.0,0,0.0,0.0,0,115022.00,0.00,0.00,37,12.61,0.52,0.00,-5.0,4.998,4.998,4.998,4.998,154
2022-01-12 08:07:22,1.9,4.3,173,0.0,0.0,0,0.0,0.0,0,115195.00,0.00,0.00,38,12.61,0.53,0.00,-5.0,4.998,4.998,4.998,4.998,96
2022-01-12 08:08:22,3.8,4.4,143,0.0,0.0,0,0.0,0.0,0,115338.00,0.00,0.00,65,12.61,0.90,0.00,-5.5,4.998,4.998,4.998,4.998,114
2022-01-12 08:09:22,5.3,6.1,230,0.0,0.0,0,0.0,0.0,0,115568.00,0.00,0.00,72,12.61,1.00,0.00,-5.5,4.998,4.998,4.998,4.998,145
2022-01-12 08:10:22,5.8,6.3,321,0.0,0.0,0,0.0,0.0,0,115889.00,0.00,0.00,56,12.61,0.78,0.00,-5.5,4.998,4.998,4.998,4.998,200
2022-01-12 08:11:22,5.3,6.3,300,0.0,0.0,0,0.0,0.0,0,116189.00,0.00,0.00,50,12.61,0.70,0.00,-6.0,4.998,4.998,4.998,4.998,221
2022-01-12 08:12:22,4.7,7.0,312,0.0,0.0,0,0.0,0.0,0,116501.00,0.00,0.00,73,12.61,1.02,0.00,-5.5,4.998,4.998,4.998,4.998,166
2022-01-12 08:13:22,3.4,5.5,251,0.0,0.0,0,0.0,0.0,0,116752.00,0.00,0.00,58,12.61,0.81,0.00,-5.5,4.998,4.998,4.998,4.998,23
2022-01-12 08:14:22,1.9,3.6,143,0.0,0.0,0,0.0,0.0,0,116895.00,0.00,0.00,58,12.61,0.81,0.00,-5.5,4.998,4.998,4.998,4.998,135
2022-01-12 08:15:22,2.1,3.3,134,0.0,0.0,0,0.0,0.0,0,117029.00,0.00,0.00,59,12.61,0.83,0.00,-5.5,4.998,4.998,4.998,4.998,88
2022-01-12 08:16:22,2.3,3.0,128,0.0,0.0,0,0.0,0.0,0,117157.00,0.00,0.00,54,12.61,0.75,0.00,-5.0,4.998,4.998,4.998,4.998,49
2022-01-12 08:17:22,3.7,3.7,158,0.0,0.0,0,0.0,0.0,0,117315.00,0.00,0.00,52,12.61,0.73,0.00,-5.5,4.998,4.998,4.998,4.998,223
2022-01-12 08:18:22,2.5,4.7,183,0.0,0.0,0,0.0,0.0,0,117498.00,0.00,0.00,49,12.61,0.68,0.00,-5.0,4.998,4.998,4.998,4.998,32
2022-01-12 08:19:22,1.4,2.8,100,0.0,0.0,0,0.0,0.0,0,117598.00,0.00,0.00,49,12.61,0.68,0.00,-5.5,4.998,4.998,4.998,4.998,87
2022-01-12 08:20:22,1.6,1.8,40,0.0,0.0,0,0.0,0.0,0,117638.00,0.00,0.00,49,12.61,0.68,0.00,-5.5,4.998,4.998,4.998,4.998,27
2022-01-12 08:21:22,4.0,4.0,111,0.0,0.0,0,0.0,0.0,0,117749.00,0.00,0.00,21,12.61,0.29,0.00,-5.5,4.998,4.998,4.998,4.998,153
2022-01-12 08:22:22,2.0,4.1,166,0.0,0.0,0,0.0,0.0,0,117915.00,0.00,0.00,15,12.61,0.20,0.00,-5.5,4.998,4.998,4.998,4.998,244
2022-01-12 08:23:22,2.6,2.6,100,0.0,0.0,0,0.0,0.0,0,118015.00,0.00,0.00,15,12.61,0.20,0.00,-5.5,4.998,4.998,4.998,4.998,191
2022-01-12 08:24:22,4.5,4.8,194,0.0,0.0,0,0.0,0.0,0,118209.00,0.00,0.00,21,12.61,0.29,0.00,-5.5,4.998,4.998,4.998,4.998,158
2022-01-12 08:25:22,1.6,4.9,183,0.0,0.0,0,0.0,0.0,0,118392.00,0.00,0.00,21,12.61,0.29,0.00,-5.5,4.998,4.998,4.998,4.998,47
2022-01-12 08:26:22,4.0,4.0,160,0.0,0.0,0,0.0,0.0,0,118552.00,0.00,0.00,20,12.61,0.28,0.00,-5.5,4.998,4.998,4.998,4.998,160
2022-01-12 08:27:22,4.3,4.6,202,0.0,0.0,0,0.0,0.0,0,118754.00,0.00,0.00,5,12.61,0.08,0.00,-5.5,4.998,4.998,4.998,4.998,227
2022-01-12 08:28:22,3.6,5.5,267,0.0,0.0,0,0.0,0.0,0,119021.00,0.00,0.00,34,12.61,0.47,0.00,-5.5,4.998,4.998,4.998,4.998,237
2022-01-12 08:29:22,2.4,3.5,152,0.0,0.0,0,0.0,0.0,0,119173.00,0.00,0.00,33,12.61,0.46,0.00,-5.5,4.998,4.998,4.998,4.998,22
2022-01-12 08:30:22,3.6,3.8,161,0.0,0.0,0,0.0,0.0,0,119334.00,0.00,0.00,23,12.61,0.32,0.00,-5.5,4.998,4.998,4.998,4.998,155
2022-01-12 08:31:22,2.0,4.0,151,0.0,0.0,0,0.0,0.0,0,119485.00,0.00,0.00,23,12.61,0.32,0.00,-5.5,4.998,4.998,4.998,4.998,197
2022-01-12 08:32:22,3.1,3.3,127,0.0,0.0,0,0.0,0.0,0,119612.00,0.00,0.00,23,12.61,0.32,0.00,-5.0,4.998,4.998,4.998,4.998,226
2022-01-12 08:33:22,3.6,4.5,228,0.0,0.0,0,0.0,0.0,0,119840.00,0.00,0.00,17,12.61,0.24,0.00,-5.5,4.998,4.998,4.998,4.998,213
2022-01-12 08:34:22,4.7,5.2,229,0.0,0.0,0,0.0,0.0,0,120069.00,0.00,0.00,13,12.61,0.19,0.00,-5.5,4.998,4.998,4.998,4.998,88
2022-01-12 08:35:22,3.9,4.7,249,0.0,0.0,0,0.0,0.0,0,120318.00,0.00,0.00,28,12.57,0.40,0.00,-5.5,4.998,4.998,4.998,4.998,207
2022-01-12 08:36:22,3.5,4.4,215,0.0,0.0,0,0.0,0.0,0,120533.00,0.00,0.00,28,12.57,0.40,0.00,-5.5,4.998,4.998,4.998,4.998,147
2022-01-12 08:37:22,3.5,4.2,200,0.0,0.0,0,0.0,0.0,0,120733.00,0.00,0.00,16,12.61,0.22,0.00,-5.5,4.998,4.998,4.998,4.998,162
2022-01-12 08:38:22,3.8,4.6,206,0.0,0.0,0,0.0,0.0,0,120939.00,0.00,0.00,15,12.61,0.21,0.00,-5.5,4.998,4.998,4.998,4.998,116
2022-01-12 08:39:22,4.9,5.2,237,0.0,0.0,0,0.0,0.0,0,121176.00,0.00,0.00,14,12.61,0.19,0.00,-5.5,4.998,4.998,4.998,4.998,186
2022-01-12 08:40:22,4.1,5.6,277,0.0,0.0,0,0.0,0.0,0,121453.00,0.00,0.00,7,12.61,0.09,0.00,-5.5,4.998,4.998,4.998,4.998,177
2022-01-12 08:41:22,5.4,5.4,210,0.0,0.0,0,0.0,0.0,0,121663.00,0.00,0.00,20,12.57,0.28,0.00,-5.5,4.998,4.998,4.998,4.998,234
2022-01-12 08:42:22,4.0,6.2,305,0.0,0.0,0,0.0,0.0,0,121968.00,0.00,0.00,15,12.61,0.21,0.00,-5.5,4.998,4.998,4.998,4.998,126
2022-01-12 08:43:22,5.9,6.4,322,0.0,0.0,0,0.0,0.0,0,122290.00,0.00,0.00,21,12.61,0.29,0.00,-5.5,4.998,4.998,4.998,4.998,125
2022-01-12 08:44:22,4.2,6.3,307,0.0,0.0,0,0.0,0.0,0,122597.00,0.00,0.00,22,12.57,0.30,0.00,-5.5,4.998,4.998,4.998,4.998,54
2022-01-12 08:45:22,5.4,6.2,320,0.0,0.0,0,0.0,0.0,0,122917.00,0.00,0.00,18,12.61,0.26,0.00,-5.5,4.998,4.998,4.998,4.998,117
2022-01-12 08:46:22,3.1,5.2,226,0.0,0.0,0,0.0,0.0,0,123143.00,0.00,0.00,19,12.57,0.27,0.00,-5.5,4.998,4.998,4.998,4.998,4
2022-01-12 08:47:22,3.2,5.2,188,0.0,0.0,0,0.0,0.0,0,123331.00,0.00,0.00,19,12.61,0.27,0.00,-5.5,4.998,4.998,4.998,4.998,75
2022-01-12 08:48:22,5.2,5.8,268,0.0,0.0,0,0.0,0.0,0,123599.00,0.00,0.00,15,12.61,0.21,0.00,-5.5,4.998,4.998,4.998,4.998,48
2022-01-12 08:49:22,3.8,5.6,255,0.0,0.0,0,0.0,0.0,0,123854.00,0.00,0.00,33,12.57,0.45,0.00,-5.5,4.998,4.998,4.998,4.998,121
2022-01-12 08:50:22,3.7,5.1,224,0.0,0.0,0,0.0,0.0,0,124078.00,0.00,0.00,45,12.57,0.63,0.00,-5.5,4.998,4.998,4.998,4.998,226
2022-01-12 08:51:22,4.5,5.2,228,0.0,0.0,0,0.0,0.0,0,124306.00,0.00,0.00,34,12.57,0.47,0.00,-5.5,4.998,4.998,4.998,4.998,194
2022-01-12 08:52:22,3.0,4.9,211,0.0,0.0,0,0.0,0.0,0,124517.00,0.00,0.00,25,12.61,0.35,0.00,-5.5,4.998,4.998,4.998,4.998,95
2022-01-12 08:53:22,3.1,3.6,140,0.0,0.0,0,0.0,0.0,0,124657.00,0.00,0.00,25,12.57,0.35,0.00,-5.5,4.998,4.998,4.998,4.998,242
2022-01-12 08:54:22,3.5,4.3,190,0.0,0.0,0,0.0,0.0,0,124847.00,0.00,0.00,26,12.61,0.36,0.00,-5.5,4.998,4.998,4.998,4.998,35
2022-01-12 08:55:22,3.0,4.0,167,0.0,0.0,0,0.0,0.0,0,125014.00,0.00,0.00,26,12.61,0.36,0.00,-5.5,4.998,4.998,4.998,4.998,87
2022-01-12 08:56:22,3.3,4.7,200,0.0,0.0,0,0.0,0.0,0,125214.00,0.00,0.00,42,12.61,0.58,0.00,-5.5,4.998,4.998,4.998,4.998,149
2022-01-12 08:57:22,3.3,4.3,205,0.0,0.0,0,0.0,0.0,0,125419.00,0.00,0.00,49,12.61,0.69,0.00,-5.5,4.998,4.998,4.998,4.998,109
2022-01-12 08:58:22,3.4,4.5,219,0.0,0.0,0,0.0,0.0,0,125638.00,0.00,0.00,42,12.61,0.59,0.00,-5.5,4.998,4.998,4.998,4.998,227
2022-01-12 08:59:22,3.7,4.2,186,0.0,0.0,0,0.0,0.0,0,125824.00,0.00,0.00,43,12.61,0.60,0.00,-5.5,4.998,4.998,4.998,4.998,209
2022-01-12 09:00:22,3.1,4.5,195,0.0,0.0,0,0.0,0.0,0,126019.00,0.00,0.00,36,12.61,0.51,0.00,-5.5,4.998,4.998,4.998,4.998,193
2022-01-12 09:01:22,3.1,3.9,167,0.0,0.0,0,0.0,0.0,0,126186.00,0.00,0.00,28,12.61,0.39,0.00,-5.5,4.998,4.998,4.998,4.998,15
2022-01-12 09:02:22,2.3,3.7,133,0.0,0.0,0,0.0,0.0,0,126319.00,0.00,0.00,27,12.57,0.38,0.00,-5.5,4.998,4.998,4.998,4.998,63
2022-01-12 09:03:22,2.9,3.4,136,0.0,0.0,0,0.0,0.0,0,126455.00,0.00,0.00,27,12.61,0.38,0.00,-5.5,4.998,4.998,4.998,4.998,82
2022-01-12 09:04:22,4.1,5.4,183,0.0,0.0,0,0.0,0.0,0,126638.00,0.00,0.00,17,12.61,0.23,0.00,-5.0,4.998,4.998,4.998,4.998,189
2022-01-12 09:05:22,4.6,5.6,246,0.0,0.0,0,0.0,0.0,0,126884.00,0.00,0.00,10,12.61,0.14,0.00,-5.5,4.998,4.998,4.998,4.998,185
2022-01-12 09:06:22,3.3,5.5,256,0.0,0.0,0,0.0,0.0,0,127140.00,0.00,0.00,23,12.61,0.32,0.00,-5.5,4.998,4.998,4.998,4.998,228
2022-01-12 09:07:22,3.6,4.2,188,0.0,0.0,0,0.0,0.0,0,127328.00,0.00,0.00,30,12.61,0.42,0.00,-5.5,4.998,4.998,4.998,4.998,244
2022-01-12 09:08:22,3.8,4.5,213,0.0,0.0,0,0.0,0.0,0,127541.00,0.00,0.00,15,12.61,0.21,0.00,-5.5,4.998,4.998,4.998,4.998,50
2022-01-12 09:09:22,4.9,6.8,332,0.0,0.0,0,0.0,0.0,0,127873.00,0.00,0.00,42,12.61,0.58,0.00,-5.5,4.998,4.998,4.998,4.998,176
2022-01-12 09:10:22,4.1,5.0,198,0.0,0.0,0,0.0,0.0,0,128071.00,0.00,0.00,77,12.61,1.07,0.00,-5.5,4.998,4.998,4.998,4.998,86
2022-01-12 09:11:22,3.6,4.7,216,0.0,0.0,0,0.0,0.0,0,128287.00,0.00,0.00,70,12.61,0.98,0.00,-5.5,4.998,4.998,4.998,4.998,172
2022-01-12 09:12:22,5.9,6.1,221,0.0,0.0,0,0.0,0.0,0,128508.00,0.00,0.00,69,12.61,0.96,0.00,-5.5,4.998,4.998,4.998,4.998,78
2022-01-12 09:13:22,4.3,6.3,261,0.0,0.0,0,0.0,0.0,0,128769.00,0.00,0.00,75,12.61,1.04,0.00,-5.5,4.998,4.998,4.998,4.998,28
2022-01-12 09:14:22,5.3,6.2,290,0.0,0.0,0,0.0,0.0,0,129059.00,0.00,0.00,46,12.61,0.64,0.00,-5.0,4.998,4.998,4.998,4.998,198
2022-01-12 09:15:22,5.0,6.9,332,0.0,0.0,0,0.0,0.0,0,129391.00,0.00,0.00,55,12.61,0.77,0.00,-5.5,4.998,4.998,4.998,4.998,76
2022-01-12 09:16:22,3.7,5.0,228,0.0,0.0,0,0.0,0.0,0,129619.00,0.00,0.00,43,12.61,0.60,0.00,-5.5,4.998,4.998,4.998,4.998,251
2022-01-12 09:17:22,4.7,5.9,243,0.0,0.0,0,0.0,0.0,0,129862.00,0.00,0.00,29,12.61,0.41,0.00,-5.0,4.998,4.998,4.998,4.998,93
2022-01-12 09:18:22,4.0,5.6,256,0.0,0.0,0,0.0,0.0,0,130118.00,0.00,0.00,24,12.61,0.34,0.00,-5.5,4.998,4.998,4.998,4.998,69
2022-01-12 09:19:22,2.3,4.4,168,0.0,0.0,0,0.0,0.0,0,130286.00,0.00,0.00,36,12.65,0.51,0.00,-5.5,4.998,4.998,4.998,4.998,193
2022-01-12 09:20:22,2.8,3.0,122,0.0,0.0,0,0.0,0.0,0,130408.00,0.00,0.00,37,12.61,0.51,0.00,-5.5,4.998,4.998,4.998,4.998,97
2022-01-12 09:21:22,5.1,5.9,227,0.0,0.0,0,0.0,0.0,0,130635.00,0.00,0.00,53,12.61,0.74,0.00,-5.5,4.998,4.998,4.998,4.998,16
2022-01-12 09:22:22,4.8,6.1,265,0.0,0.0,0,0.0,0.0,0,130900.00,0.00,0.00,67,12.61,0.94,0.00,-5.5,4.998,4.998,4.998,4.998,230
2022-01-12 09:23:22,4.1,5.3,219,0.0,0.0,0,0.0,0.0,0,131119.00,0.00,0.00,42,12.61,0.59,0.00,-5.5,4.998,4.998,4.998,4.998,171
2022-01-12 09:24:22,5.1,5.6,227,0.0,0.0,0,0.0,0.0,0,131346.00,0.00,0.00,58,12.61,0.81,0.00,-5.0,4.998,4.998,4.998,4.998,215
2022-01-12 09:25:22,3.6,5.4,251,0.0,0.0,0,0.0,0.0,0,131597.00,0.00,0.00,66,12.65,0.91,0.00,-5.5,4.998,4.998,4.998,4.998,140
2022-01-12 09:26:22,4.2,5.6,254,0.0,0.0,0,0.0,0.0,0,131851.00,0.00,0.00,62,12.61,0.86,0.00,-5.5,4.998,4.998,4.998,4.998,214
2022-01-12 09:27:22,4.0,5.5,255,0.0,0.0,0,0.0,0.0,0,132106.00,0.00,0.00,55,12.65,0.76,0.00,-5.5,4.998,4.998,4.998,4.998,146
2022-01-12 09:28:22,2.8,5.2,207,0.0,0.0,0,0.0,0.0,0,132313.00,0.00,0.00,52,12.61,0.72,0.00,-5.5,4.998,4.998,4.998,4.998,1
2022-01-12 09:29:22,4.6,4.6,138,0.0,0.0,0,0.0,0.0,0,132451.00,0.00,0.00,51,12.61,0.71,0.00,-5.5,4.998,4.998,4.998,4.998,24
2022-01-12 09:30:22,3.8,4.9,227,0.0,0.0,0,0.0,0.0,0,132678.00,0.00,0.00,65,12.61,0.91,0.00,-5.5,4.998,4.998,4.998,4.998,71
2022-01-12 09:31:22,4.6,6.5,305,0.0,0.0,0,0.0,0.0,0,132983.00,0.00,0.00,48,12.65,0.66,0.00,-5.5,4.998,4.998,4.998,4.998,154
2022-01-12 09:32:22,4.2,4.6,191,0.0,0.0,0,0.0,0.0,0,133174.00,0.00,0.00,64,12.65,0.89,0.00,-5.0,4.998,4.998,4.998,4.998,227
2022-01-12 09:33:22,4.1,5.4,255,0.0,0.0,0,0.0,0.0,0,133429.00,0.00,0.00,43,12.65,0.60,0.00,-5.5,4.998,4.998,4.998,4.998,143
2022-01-12 09:34:22,3.8,4.3,211,0.0,0.0,0,0.0,0.0,0,133640.00,0.00,0.00,59,12.61,0.83,0.00,-5.5,4.998,4.998,4.998,4.998,118
2022-01-12 09:35:22,6.4,6.7,251,0.0,0.0,0,0.0,0.0,0,133891.00,0.00,0.00,55,12.61,0.77,0.00,-5.5,4.998,4.998,4.998,4.998,131
2022-01-12 09:36:22,2.9,6.5,222,0.0,0.0,0,0.0,0.0,0,134113.00,0.00,0.00,38,12.61,0.53,0.00,-5.5,4.998,4.998,4.998,4.998,50
2022-01-12 09:37:22,4.1,5.2,209,0.0,0.0,0,0.0,0.0,0,134322.00,0.00,0.00,47,12.61,0.65,0.00,-5.5,4.998,4.998,4.998,4.998,138
2022-01-12 09:38:22,4.1,6.3,291,0.0,0.0,0,0.0,0.0,0,134613.00,0.00,0.00,46,12.61,0.64,0.00,-5.5,4.998,4.998,4.998,4.998,170
2022-01-12 09:39:22,3.4,4.4,194,0.0,0.0,0,0.0,0.0,0,134807.00,0.00,0.00,39,12.65,0.55,0.00,-5.5,4.998,4.998,4.998,4.998,246
2022-01-12 09:40:22,2.6,4.3,191,0.0,0.0,0,0.0,0.0,0,134998.00,0.00,0.00,58,12.61,0.80,0.00,-5.5,4.998,4.998,4.998,4.998,65
2022-01-12 09:41:22,3.2,3.7,151,0.0,0.0,0,0.0,0.0,0,135149.00,0.00,0.00,57,12.61,0.80,0.00,-5.5,4.998,4.998,4.998,4.998,182
2022-01-12 09:42:22,3.2,3.7,151,0.0,0.0,0,0.0,0.0,0,135300.00,0.00,0.00,56,12.61,0.79,0.00,-5.0,4.998,4.998,4.998,4.998,237
2022-01-12 09:43:22,3.1,4.2,195,0.0,0.0,0,0.0,0.0,0,135495.00,0.00,0.00,59,12.61,0.83,0.00,-5.5,4.998,4.998,4.998,4.998,58
2022-01-12 09:44:22,1.9,3.8,138,0.0,0.0,0,0.0,0.0,0,135633.00,0.00,0.00,62,12.65,0.86,0.00,-5.5,4.998,4.998,4.998,4.998,99
2022-01-12 09:45:22,4.6,5.1,198,0.0,0.0,0,0.0,0.0,0,135831.00,0.00,0.00,23,12.61,0.32,0.00,-5.0,4.998,4.998,4.998,4.998,153
2022-01-12 09:46:22,2.8,4.6,215,0.0,0.0,0,0.0,0.0,0,136046.00,0.00,0.00,23,12.61,0.33,0.00,-5.5,4.998,4.998,4.998,4.998,44
2022-01-12 09:47:22,2.2,3.2,145,0.0,0.0,0,0.0,0.0,0,136191.00,0.00,0.00,23,12.61,0.33,0.00,-5.5,4.998,4.998,4.998,4.998,193
2022-01-12 09:48:22,1.0,2.7,93,0.0,0.0,0,0.0,0.0,0,136284.00,0.00,0.00,23,12.65,0.33,0.00,-5.5,4.998,4.998,4.998,4.998,104
2022-01-12 09:49:22,3.7,4.1,81,0.0,0.0,0,0.0,0.0,0,136365.00,0.00,0.00,33,12.61,0.46,0.00,-5.5,4.998,4.998,4.998,4.998,78
2022-01-12 09:50:22,3.7,5.6,210,0.0,0.0,0,0.0,0.0,0,136575.00,0.00,0.00,37,12.65,0.52,0.00,-5.5,4.998,4.998,4.998,4.998,101
2022-01-12 09:51:22,5.2,5.4,254,0.0,0.0,0,0.0,0.0,0,136829.00,0.00,0.00,48,12.61,0.67,0.00,-5.5,4.998,4.998,4.998,4.998,94
2022-01-12 09:52:22,3.1,5.2,225,0.0,0.0,0,0.0,0.0,0,137054.00,0.00,0.00,53,12.61,0.74,0.00,-5.0,4.998,4.998,4.998,4.998,219
2022-01-12 09:53:22,3.6,3.9,176,0.0,0.0,0,0.0,0.0,0,137230.00,0.00,0.00,52,12.65,0.73,0.00,-5.5,4.998,4.998,4.998,4.998,111
2022-01-12 09:54:22,3.8,4.7,206,0.0,0.0,0,0.0,0.0,0,137436.00,0.00,0.00,59,12.61,0.82,0.00,-5.5,4.998,4.998,4.998,4.998,215
2022-01-12 09:55:22,5.2,6.0,277,0.0,0.0,0,0.0,0.0,0,137713.00,0.00,0.00,67,12.65,0.94,0.00,-5.5,4.998,4.998,4.998,4.998,173
2022-01-12 09:56:22,5.1,6.2,299,0.0,0.0,0,0.0,0.0,0,138012.00,0.00,0.00,82,12.65,1.15,0.00,-5.5,4.998,4.998,4.998,4.998,77
2022-01-12 09:57:22,6.4,6.6,329,0.0,0.0,0,0.0,0.0,0,138341.00,0.00,0.00,76,12.65,1.06,0.00,-5.5,4.998,4.998,4.998,4.998,165
2022-01-12 09:58:22,5.9,6.7,333,0.0,0.0,0,0.0,0.0,0,138674.00,0.00,0.00,61,12.69,0.84,0.00,-5.0,4.998,4.998,4.998,4.998,48
2022-01-12 09:59:22,7.1,7.5,377,0.0,0.0,0,0.0,0.0,0,139051.00,0.00,0.00,68,12.69,0.94,0.00,-5.5,4.998,4.998,4.998,4.998,135
2022-01-12 10:00:22,5.3,7.1,361,0.0,0.0,0,0.0,0.0,0,139412.00,0.00,0.00,56,12.69,0.78,0.00,-5.5,4.998,4.998,4.998,4.998,193
2022-01-12 10:01:22,5.4,6.3,335,0.0,0.0,0,0.0,0.0,0,139747.00,0.00,0.00,65,12.69,0.90,0.00,-5.5,4.998,4.998,4.998,4.998,95
2022-01-12 10:02:22,4.0,6.8,313,0.0,0.0,0,0.0,0.0,0,140060.00,0.00,0.00,53,12.69,0.73,0.00,-5.5,4.998,4.998,4.998,4.998,224
2022-01-12 10:03:22,5.0,5.0,217,0.0,0.0,0,0.0,0.0,0,140277.00,0.00,0.00,39,12.65,0.54,0.00,-5.5,4.998,4.998,4.998,4.998,2
2022-01-12 10:04:22,3.6,5.9,260,0.0,0.0,0,0.0,0.0,0,140537.00,0.00,0.00,36,12.65,0.51,0.00,-5.5,4.998,4.998,4.998,4.998,65
2022-01-12 10:05:22,1.3,3.8,134,0.0,0.0,0,0.0,0.0,0,140671.00,0.00,0.00,36,12.65,0.50,0.00,-5.5,4.998,4.998,4.998,4.998,177
2022-01-12 10:06:22,2.9,3.6,95,0.0,0.0,0,0.0,0.0,0,140766.00,0.00,0.00,16,12.65,0.22,0.00,-5.5,4.998,4.998,4.998,4.998,194
2022-01-12 10:07:22,0.0,3.0,20,0.0,0.0,0,0.0,0.0,0,140786.00,0.00,0.00,16,12.65,0.22,0.00,-5.0,4.998,4.998,4.998,4.998,140
2022-01-12 10:08:22,0.0,0.0,0,0.0,0.0,0,0.0,0.0,0,140786.00,0.00,0.00,16,12.69,0.23,0.00,-5.0,4.998,4.998,4.998,4.998,32
2022-01-12 10:09:22,0.0,0.0,0,0.0,0.0,0,0.0,0.0,0,140786.00,0.00,0.00,16,12.65,0.23,0.00,-5.5,4.998,4.998,4.998,4.998,225
2022-01-12 10:10:22,0.0,0.0,0,0.0,0.0,0,0.0,0.0,0,140786.00,0.00,0.00,12,12.65,0.17,0.00,-5.5,4.998,4.998,4.998,4.998,133
2022-01-12 10:11:22,0.0,0.0,0,0.0,0.0,0,0.0,0.0,0,140786.00,0.00,0.00,11,12.65,0.16,0.00,-5.5,4.998,4.998,4.998,4.998,127
2022-01-12 10:12:22,0.0,0.0,0,0.0,0.0,0,0.0,0.0,0,140786.00,0.00,0.00,11,12.65,0.16,0.00,-5.0,4.998,4.998,4.998,4.998,205
2022-01-12 10:13:22,0.0,0.0,0,0.0,0.0,0,0.0,0.0,0,140786.00,0.00,0.00,11,12.61,0.16,0.00,-5.5,4.998,4.998,4.998,4.998,181
2022-01-12 10:14:22,0.0,0.0,0,0.0,0.0,0,0.0,0.0,0,140786.00,0.00,0.00,351,12.61,4.88,0.00,-5.5,4.998,4.998,4.998,4.998,2
2022-01-12 10:15:22,0.0,0.0,0,0.0,0.0,0,0.0,0.0,0,140786.00,0.00,0.00,337,12.65,4.68,0.00,-5.5,4.998,4.998,4.998,4.998,246
2022-01-12 10:16:22,0.0,0.0,0,0.0,0.0,0,0.0,0.0,0,140786.00,0.00,0.00,6,12.65,0.09,0.00,-5.0,4.998,4.998,4.998,4.998,152
2022-01-12 10:17:22,0.0,0.0,0,0.0,0.0,0,0.0,0.0,0,140786.00,0.00,0.00,345,12.65,4.80,0.00,-5.5,4.998,4.998,4.998,4.998,88
2022-01-12 10:18:22,0.0,0.0,0,0.0,0.0,0,0.0,0.0,0,140786.00,0.00,0.00,345,12.61,4.79,0.00,-5.5,4.998,4.998,4.998,4.998,108
2022-01-12 10:19:22,0.0,0.0,0,0.0,0.0,0,0.0,0.0,0,140786.00,0.00,0.00,346,12.61,4.80,0.00,-5.5,4.998,4.998,4.998,4.998,11
2022-01-12 10:20:22,0.0,0.0,0,0.0,0.0,0,0.0,0.0,0,140786.00,0.00,0.00,345,12.61,4.80,0.00,-5.5,4.998,4.998,4.998,4.998,194
2022-01-12 10:21:22,0.0,0.0,0,0.0,0.0,0,0.0,0.0,0,140786.00,0.00,0.00,349,12.65,4.85,0.00,-5.5,4.998,4.998,4.998,4.998,14
2022-01-12 10:22:22,0.0,0.0,0,0.0,0.0,0,0.0,0.0,0,140786.00,0.00,0.00,343,12.61,4.77,0.00,-5.5,4.998,4.998,4.998,4.998,127
2022-01-12 10:23:22,0.0,0.0,0,0.0,0.0,0,0.0,0.0,0,140786.00,0.00,0.00,13,12.65,0.18,0.00,-5.5,4.998,4.998,4.998,4.998,78
2022-01-12 10:24:22,0.0,0.0,0,0.0,0.0,0,0.0,0.0,0,140786.00,0.00,0.00,13,12.61,0.18,0.00,-5.5,4.998,4.998,4.998,4.998,33
2022-01-12 10:25:22,0.0,0.0,0,0.0,0.0,0,0.0,0.0,0,140786.00,0.00,0.00,3,12.61,0.04,0.00,-6.0,4.998,4.998,4.998,4.998,176
2022-01-12 10:26:22,0.0,0.0,0,0.0,0.0,0,0.0,0.0,0,140786.00,0.00,0.00,356,12.61,4.95,0.00,-5.5,4.998,4.998,4.998,4.998,26
2022-01-12 10:27:22,0.0,0.0,0,0.0,0.0,0,0.0,0.0,0,140786.00,0.00,0.00,357,12.65,4.96,0.00,-5.5,4.998,4.998,4.998,4.998,33
2022-01-12 10:28:22,0.0,0.0,0,0.0,0.0,0,0.0,0.0,0,140786.00,0.00,0.00,357,12.65,4.96,0.00,-5.5,4.998,4.998,4.998,4.998,92
2022-01-12 10:29:22,0.0,0.0,0,0.0,0.0,0,0.0,0.0,0,140786.00,0.00,0.00,9,12.61,0.13,0.00,-5.5,4.998,4.998,4.998,4.998,229
2022-01-12 10:30:22,0.0,0.0,0,0.0,0.0,0,0.0,0.0,0,140786.00,0.00,0.00,0,12.65,0.00,0.00,-5.5,4.998,4.998,4.998,4.998,40
2022-01-12 10:31:22,0.0,0.0,0,0.0,0.0,0,0.0,0.0,0,140786.00,0.00,0.00,0,12.65,0.00,0.00,-5.5,4.998,4.998,4.998,4.998,64
2022-01-12 10:32:22,0.0,0.0,0,0.0,0.0,0,0.0,0.0,0,140786.00,0.00,0.00,16,12.65,0.22,0.00,-5.5,4.998,4.998,4.998,4.998,27
2022-01-12 10:33:22,0.0,0.0,0,0.0,0.0,0,0.0,0.0,0,140786.00,0.00,0.00,17,12.65,0.24,0.00,-5.5,4.998,4.998,4.998,4.998,135
2022-01-12 10:34:22,0.0,0.0,0,0.0,0.0,0,0.0,0.0,0,140786.00,0.00,0.00,17,12.65,0.24,0.00,-5.5,4.998,4.998,4.998,4.998,157
2022-01-12 10:35:22,0.0,0.0,0,0.0,0.0,0,0.0,0.0,0,140786.00,0.00,0.00,16,12.65,0.23,0.00,-5.5,4.998,4.998,4.998,4.998,202
2022-01-12 10:36:22,0.0,0.0,0,0.0,0.0,0,0.0,0.0,0,140786.00,0.00,0.00,4,12.65,0.05,0.00,-5.5,4.998,4.998,4.998,4.998,162
2022-01-12 10:37:22,0.0,0.0,0,0.0,0.0,0,0.0,0.0,0,140786.00,0.00,0.00,357,12.65,4.96,0.00,-5.5,4.998,4.998,4.998,4.998,254
2022-01-12 10:38:22,0.0,0.0,0,0.0,0.0,0,0.0,0.0,0,140786.00,0.00,0.00,359,12.65,4.99,0.00,-5.5,4.998,4.998,4.998,4.998,77
2022-01-12 10:39:22,0.0,0.0,0,0.0,0.0,0,0.0,0.0,0,140786.00,0.00,0.00,14,12.69,0.20,0.00,-5.5,4.998,4.998,4.998,4.998,161
2022-01-12 10:40:22,0.0,0.0,0,0.0,0.0,0,0.0,0.0,0,140786.00,0.00,0.00,2,12.69,0.03,0.00,-5.5,4.998,4.998,4.998,4.998,235
2022-01-12 10:41:22,0.0,0.0,0,0.0,0.0,0,0.0,0.0,0,140786.00,0.00,0.00,11,12.69,0.16,0.00,-5.5,4.998,4.998,4.998,4.998,229
2022-01-12 10:42:22,0.0,0.0,0,0.0,0.0,0,0.0,0.0,0,140786.00,0.00,0.00,11,12.69,0.16,0.00,-5.5,4.998,4.998,4.998,4.998,35
2022-01-12 10:43:22,0.0,0.0,0,0.0,0.0,0,0.0,0.0,0,140786.00,0.00,0.00,8,12.65,0.12,0.00,-5.5,4.998,4.998,4.998,4.998,113
2022-01-12 10:44:22,0.0,0.0,0,0.0,0.0,0,0.0,0.0,0,140786.00,0.00,0.00,8,12.69,0.12,0.00,-5.5,4.998,4.998,4.998,4.998,251
2022-01-12 10:45:22,0.0,0.0,0,0.0,0.0,0,0.0,0.0,0,140786.00,0.00,0.00,8,12.69,0.12,0.00,-5.5,4.998,4.998,4.998,4.998,147
2022-01-12 10:46:22,0.0,0.0,0,0.0,0.0,0,0.0,0.0,0,140786.00,0.00,0.00,8,12.69,0.12,0.00,-5.5,4.998,4.998,4.998,4.998,207
2022-01-12 10:47:22,0.0,0.0,0,0.0,0.0,0,0.0,0.0,0,140786.00,0.00,0.00,9,12.69,0.12,0.00,-5.5,4.998,4.998,4.998,4.998,215
2022-01-12 10:48:22,0.0,0.0,0,0.0,0.0,0,0.0,0.0,0,140786.00,0.00,0.00,8,12.73,0.12,0.00,-5.0,4.998,4.998,4.998,4.998,85
2022-01-12 10:49:22,0.0,0.0,0,0.0,0.0,0,0.0,0.0,0,140786.00,0.00,0.00,14,12.73,0.20,0.00,-5.5,4.998,4.998,4.998,4.998,176
2022-01-12 10:50:22,0.0,0.0,0,0.0,0.0,0,0.0,0.0,0,140786.00,0.00,0.00,14,12.73,0.20,0.00,-5.0,4.998,4.998,4.998,4.998,192
2022-01-12 10:51:22,0.0,0.0,0,0.0,0.0,0,0.0,0.0,0,140786.00,0.00,0.00,14,12.73,0.20,0.00,-5.5,4.998,4.998,4.998,4.998,205
2022-01-12 10:52:22,0.0,0.0,0,0.0,0.0,0,0.0,0.0,0,140786.00,0.00,0.00,14,12.73,0.20,0.00,-5.5,4.998,4.998,4.998,4.998,11
2022-01-12 10:53:22,0.0,0.0,0,0.0,0.0,0,0.0,0.0,0,140786.00,0.00,0.00,350,12.73,4.87,0.00,-5.5,4.998,4.998,4.998,4.998,72
2022-01-12 10:54:22,0.0,0.0,0,0.0,0.0,0,0.0,0.0,0,140786.00,0.00,0.00,347,12.73,4.82,0.00,-5.5,4.998,4.998,4.998,4.998,104
2022-01-12 10:55:22,0.0,0.0,0,0.0,0.0,0,0.0,0.0,0,140786.00,0.00,0.00,3,12.73,0.04,0.00,-5.5,4.998,4.998,4.998,4.998,3
2022-01-12 10:56:22,0.0,0.0,0,0.0,0.0,0,0.0,0.0,0,140786.00,0.00,0.00,7,12.73,0.09,0.00,-5.5,4.998,4.998,4.998,4.998,65
2022-01-12 10:57:22,0.0,0.0,0,0.0,0.0,0,0.0,0.0,0,140786.00,0.00,0.00,356,12.77,4.95,0.00,-5.5,4.998,4.998,4.998,4.998,77
2022-01-12 10:58:22,0.0,0.0,0,0.0,0.0,0,0.0,0.0,0,140786.00,0.00,0.00,357,12.73,4.97,0.00,-5.5,4.998,4.998,4.998,4.998,211
2022-01-12 10:59:22,0.0,0.0,0,0.0,0.0,0,0.0,0.0,0,140786.00,0.00,0.00,19,12.73,0.26,0.00,-5.5,4.998,4.998,4.998,4.998,84
2022-01-12 11:00:22,0.0,0.0,0,0.0,0.0,0,0.0,0.0,0,140786.00,0.00,0.00,16,12.77,0.22,0.00,-5.5,4.998,4.998,4.998,4.998,96
2022-01-12 11:01:22,0.0,0.0,0,0.0,0.0,0,0.0,0.0,0,140786.00,0.00,0.00,32,12.77,0.44,0.00,-5.5,4.998,4.998,4.998,4.998,28
2022-01-12 11:02:22,0.0,0.0,0,0.0,0.0,0,0.0,0.0,0,140786.00,0.00,0.00,30,12.77,0.42,0.00,-5.5,4.998,4.998,4.998,4.998,119
2022-01-12 11:03:22,0.0,0.0,0,0.0,0.0,0,0.0,0.0,0,140786.00,0.00,0.00,42,12.81,0.59,0.00,-6.0,4.998,4.998,4.998,4.998,47
2022-01-12 11:04:22,0.0,0.0,0,0.0,0.0,0,0.0,0.0,0,140786.00,0.00,0.00,31,12.77,0.43,0.00,-5.5,4.998,4.998,4.998,4.998,175
2022-01-12 11:05:22,0.0,0.0,0,0.0,0.0,0,0.0,0.0,0,140786.00,0.00,0.00,29,12.77,0.41,0.00,-5.5,4.998,4.998,4.998,4.998,46
2022-01-12 11:06:22,0.0,0.0,0,0.0,0.0,0,0.0,0.0,0,140786.00,0.00,0.00,29,12.77,0.41,0.00,-5.5,4.998,4.998,4.998,4.998,232
2022-01-12 11:07:22,0.0,0.0,0,0.0,0.0,0,0.0,0.0,0,140786.00,0.00,0.00,29,12.81,0.40,0.00,-5.0,4.998,4.998,4.998,4.998,150
2022-01-12 11:08:22,0.0,0.0,0,0.0,0.0,0,0.0,0.0,0,140786.00,0.00,0.00,28,12.81,0.39,0.00,-5.5,4.998,4.998,4.998,4.998,228
2022-01-12 11:09:22,0.0,0.0,0,0.0,0.0,0,0.0,0.0,0,140786.00,0.00,0.00,22,12.81,0.31,0.00,-5.5,4.998,4.998,4.998,4.998,17
2022-01-12 11:10:22,0.0,0.0,0,0.0,0.0,0,0.0,0.0,0,140786.00,0.00,0.00,22,12.85,0.30,0.00,-5.0,4.998,4.998,4.998,4.998,223
2022-01-12 11:11:22,0.0,0.0,0,0.0,0.0,0,0.0,0.0,0,140786.00,0.00,0.00,19,12.85,0.27,0.00,-5.5,4.998,4.998,4.998,4.998,37
2022-01-12 11:12:22,0.0,0.0,0,0.0,0.0,0,0.0,0.0,0,140786.00,0.00,0.00,19,12.85,0.27,0.00,-5.5,4.998,4.998,4.998,4.998,227
2022-01-12 11:13:22,0.0,0.0,0,0.0,0.0,0,0.0,0.0,0,140786.00,0.00,0.00,20,12.85,0.28,0.00,-5.5,4.998,4.998,4.998,4.998,24
2022-01-12 11:14:22,0.0,0.0,0,0.0,0.0,0,0.0,0.0,0,140786.00,0.00,0.00,17,12.85,0.23,0.00,-5.0,4.998,4.998,4.998,4.998,173
2022-01-12 11:15:22,0.0,0.0,0,0.0,0.0,0,0.0,0.0,0,140786.00,0.00,0.00,11,12.85,0.16,0.00,-5.5,4.998,4.998,4.998,4.998,51
2022-01-12 11:16:22,0.0,0.0,0,0.0,0.0,0,0.0,0.0,0,140786.00,0.00,0.00,17,12.85,0.23,0.00,-5.5,4.998,4.998,4.998,4.998,102
2022-01-12 11:17:22,0.0,0.0,0,0.0,0.0,0,0.0,0.0,0,140786.00,0.00,0.00,17,12.89,0.23,0.00,-5.5,4.998,4.998,4.998,4.998,211
2022-01-12 11:18:22,0.0,0.0,0,0.0,0.0,0,0.0,0.0,0,140786.00,0.00,0.00,17,12.89,0.23,0.00,-5.5,4.998,4.998,4.998,4.998,167
2022-01-12 11:19:22,0.0,0.0,0,0.0,0.0,0,0.0,0.0,0,140786.00,0.00,0.00,16,12.89,0.22,0.00,-5.5,4.998,4.998,4.998,4.998,101
2022-01-12 11:20:22,0.0,0.0,0,0.0,0.0,0,0.0,0.0,0,140786.00,0.00,0.00,16,12.89,0.23,0.00,-5.0,4.998,4.998,4.998,4.998,84
2022-01-12 11:21:22,0.0,0.0,0,0.0,0.0,0,0.0,0.0,0,140786.00,0.00,0.00,16,12.89,0.22,0.00,-5.5,4.998,4.998,4.998,4.998,146
2022-01-12 11:22:22,0.0,0.0,0,0.0,0.0,0,0.0,0.0,0,140786.00,0.00,0.00,16,12.92,0.22,0.00,-5.5,4.998,4.998,4.998,4.998,74
2022-01-12 11:23:22,0.0,0.0,0,0.0,0.0,0,0.0,0.0,0,140786.00,0.00,0.00,20,12.89,0.27,0.00,-5.0,4.998,4.998,4.998,4.998,221
2022-01-12 11:24:22,0.0,0.0,0,0.0,0.0,0,0.0,0.0,0,140786.00,0.00,0.00,0,12.92,0.00,0.00,-5.5,4.998,4.998,4.998,4.998,255
2022-01-12 11:25:22,0.0,0.0,0,0.0,0.0,0,0.0,0.0,0,140786.00,0.00,0.00,347,12.92,4.82,0.00,-5.0,4.998,4.998,4.998,4.998,66
2022-01-12 11:26:22,0.0,0.0,0,0.0,0.0,0,0.0,0.0,0,140786.00,0.00,0.00,341,12.92,4.73,0.00,-5.5,4.998,4.998,4.998,4.998,13
2022-01-12 11:27:22,0.0,0.0,0,0.0,0.0,0,0.0,0.0,0,140786.00,0.00,0.00,3,12.92,0.04,0.00,-5.5,4.998,4.998,4.998,4.998,152
2022-01-12 11:28:22,0.0,0.0,0,0.0,0.0,0,0.0,0.0,0,140786.00,0.00,0.00,359,12.92,4.99,0.00,-5.0,4.998,4.998,4.998,4.998,239
2022-01-12 11:29:22,0.0,0.0,0,0.0,0.0,0,0.0,0.0,0,140786.00,0.00,0.00,7,12.96,0.10,0.00,-5.5,4.998,4.998,4.998,4.998,86
2022-01-12 11:30:22,0.0,0.0,0,0.0,0.0,0,0.0,0.0,0,140786.00,0.00,0.00,359,12.96,4.99,0.00,-5.0,4.998,4.998,4.998,4.998,228
2022-01-12 11:31:22,0.0,0.0,0,0.0,0.0,0,0.0,0.0,0,140786.00,0.00,0.00,15,13.00,0.21,0.00,-5.5,4.998,4.998,4.998,4.998,187
2022-01-12 11:32:22,0.0,0.0,0,0.0,0.0,0,0.0,0.0,0,140786.00,0.00,0.00,10,12.96,0.15,0.00,-5.0,4.998,4.998,4.998,4.998,45
2022-01-12 11:33:22,0.0,0.0,0,0.0,0.0,0,0.0,0.0,0,140786.00,0.00,0.00,24,13.00,0.34,0.00,-3.6,4.998,4.998,4.998,4.998,81
2022-01-12 11:34:22,0.0,0.0,0,0.0,0.0,0,0.0,0.0,0,140786.00,0.00,0.00,22,13.00,0.30,0.00,-5.0,4.998,4.998,4.998,4.998,26
2022-01-12 11:35:22,0.0,0.0,0,0.0,0.0,0,0.0,0.0,0,140786.00,0.00,0.00,19,13.00,0.26,0.00,-5.0,4.998,4.998,4.998,4.998,95
2022-01-12 11:36:22,0.0,0.0,0,0.0,0.0,0,0.0,0.0,0,140786.00,0.00,0.00,14,13.00,0.19,0.00,-5.5,4.998,4.998,4.998,4.998,100
2022-01-12 11:37:22,0.0,0.0,0,0.0,0.0,0,0.0,0.0,0,140786.00,0.00,0.00,18,12.96,0.25,0.00,-5.5,4.998,4.998,4.998,4.998,253
2022-01-12 11:38:22,0.0,0.0,0,0.0,0.0,0,0.0,0.0,0,140786.00,0.00,0.00,18,13.00,0.25,0.00,-5.0,4.998,4.998,4.998,4.998,201
2022-01-12 11:39:22,0.0,0.0,0,0.0,0.0,0,0.0,0.0,0,140786.00,0.00,0.00,17,13.00,0.24,0.00,-5.5,4.998,4.998,4.998,4.998,85
2022-01-12 11:40:22,0.0,0.0,0,0.0,0.0,0,0.0,0.0,0,140786.00,0.00,0.00,14,13.00,0.20,0.00,-5.5,4.998,4.998,4.998,4.998,165
2022-01-12 11:41:22,0.0,0.0,0,0.0,0.0,0,0.0,0.0,0,140786.00,0.00,0.00,7,12.96,0.10,0.00,-5.0,4.998,4.998,4.998,4.998,76
2022-01-12 11:42:22,0.0,0.0,0,0.0,0.0,0,0.0,0.0,0,140786.00,0.00,0.00,8,13.00,0.12,0.00,-5.5,4.998,4.998,4.998,4.998,236
2022-01-12 11:43:22,0.0,0.0,0,0.0,0.0,0,0.0,0.0,0,140786.00,0.00,0.00,29,12.96,0.41,0.00,-5.5,4.998,4.998,4.998,4.998,98
2022-01-12 11:44:22,0.0,0.0,0,0.0,0.0,0,0.0,0.0,0,140786.00,0.00,0.00,33,12.96,0.46,0.00,-3.6,4.998,4.998,4.998,4.998,114
2022-01-12 11:45:22,0.0,0.0,0,0.0,0.0,0,0.0,0.0,0,140786.00,0.00,0.00,23,12.96,0.33,0.00,-5.5,4.998,4.998,4.998,4.998,162
2022-01-12 11:46:22,0.0,0.0,0,0.0,0.0,0,0.0,0.0,0,140786.00,0.00,0.00,21,12.96,0.29,0.00,-5.0,4.998,4.998,4.998,4.998,131
2022-01-12 11:47:22,0.0,0.0,0,0.0,0.0,0,0.0,0.0,0,140786.00,0.00,0.00,8,12.96,0.12,0.00,-5.5,4.998,4.998,4.998,4.998,170
2022-01-12 11:48:22,0.0,0.0,0,0.0,0.0,0,0.0,0.0,0,140786.00,0.00,0.00,2,12.96,0.03,0.00,-5.5,4.998,4.998,4.998,4.998,235
2022-01-12 11:49:22,0.0,0.0,0,0.0,0.0,0,0.0,0.0,0,140786.00,0.00,0.00,25,12.96,0.35,0.00,-5.5,4.998,4.998,4.998,4.998,161
2022-01-12 11:50:22,0.0,0.0,0,0.0,0.0,0,0.0,0.0,0,140786.00,0.00,0.00,15,12.96,0.21,0.00,-6.0,4.998,4.998,4.998,4.998,228
2022-01-12 11:51:22,0.0,0.0,0,0.0,0.0,0,0.0,0.0,0,140786.00,0.00,0.00,16,12.96,0.22,0.00,-5.5,4.998,4.998,4.998,4.998,37
2022-01-12 11:52:22,0.0,0.0,0,0.0,0.0,0,0.0,0.0,0,140786.00,0.00,0.00,32,12.96,0.45,0.00,-5.5,4.998,4.998,4.998,4.998,45
2022-01-12 11:53:22,0.0,0.0,0,0.0,0.0,0,0.0,0.0,0,140786.00,0.00,0.00,34,12.96,0.47,0.00,-5.5,4.998,4.998,4.998,4.998,150
2022-01-12 11:54:22,0.0,0.0,0,0.0,0.0,0,0.0,0.0,0,140786.00,0.00,0.00,49,13.00,0.68,0.00,-5.5,4.998,4.998,4.998,4.998,218
2022-01-12 11:55:22,0.0,0.0,0,0.0,0.0,0,0.0,0.0,0,140786.00,0.00,0.00,48,12.96,0.66,0.00,-5.5,4.998,4.998,4.998,4.998,200
2022-01-12 11:56:22,0.0,0.0,0,0.0,0.0,0,0.0,0.0,0,140786.00,0.00,0.00,47,12.96,0.65,0.00,-6.0,4.998,4.998,4.998,4.998,164
2022-01-12 11:57:22,0.0,0.0,0,0.0,0.0,0,0.0,0.0,0,140786.00,0.00,0.00,45,12.96,0.62,0.00,-5.5,4.998,4.998,4.998,4.998,102
2022-01-12 11:58:22,0.0,0.0,0,0.0,0.0,0,0.0,0.0,0,140786.00,0.00,0.00,43,13.00,0.60,0.00,-5.5,4.998,4.998,4.998,4.998,228
2022-01-12 11:59:22,0.0,0.0,0,0.0,0.0,0,0.0,0.0,0,140786.00,0.00,0.00,20,12.96,0.28,0.00,-5.5,4.998,4.998,4.998,4.998,43
2022-01-12 12:00:22,0.0,0.0,0,0.0,0.0,0,0.0,0.0,0,140786.00,0.00,0.00,37,13.00,0.52,0.00,-5.5,4.998,4.998,4.998,4.998,139
2022-01-12 12:01:22,0.0,0.0,0,0.0,0.0,0,0.0,0.0,0,140786.00,0.00,0.00,39,13.00,0.54,0.00,-5.5,4.998,4.998,4.998,4.998,77
2022-01-12 12:02:22,0.0,0.0,0,0.0,0.0,0,0.0,0.0,0,140786.00,0.00,0.00,39,13.00,0.54,0.00,-5.5,4.998,4.998,4.998,4.998,139
2022-01-12 12:03:22,0.0,0.0,0,0.0,0.0,0,0.0,0.0,0,140786.00,0.00,0.00,39,13.00,0.54,0.00,-5.5,4.998,4.998,4.998,4.998,242
2022-01-12 12:04:22,0.0,0.0,0,0.0,0.0,0,0.0,0.0,0,140786.00,0.00,0.00,24,12.96,0.33,0.00,-5.5,4.998,4.998,4.998,4.998,116
2022-01-12 12:05:22,0.0,0.0,0,0.0,0.0,0,0.0,0.0,0,140786.00,0.00,0.00,40,13.00,0.56,0.00,-5.0,4.998,4.998,4.998,4.998,97
2022-01-12 12:06:22,0.0,0.0,0,0.0,0.0,0,0.0,0.0,0,140786.00,0.00,0.00,41,13.00,0.58,0.00,-6.0,4.998,4.998,4.998,4.998,81
2022-01-12 12:07:22,0.0,0.0,0,0.0,0.0,0,0.0,0.0,0,140786.00,0.00,0.00,40,13.00,0.56,0.00,-5.5,4.998,4.998,4.998,4.998,170
2022-01-12 12:08:22,0.0,0.0,0,0.0,0.0,0,0.0,0.0,0,140786.00,0.00,0.00,34,13.00,0.47,0.00,-5.5,4.998,4.998,4.998,4.998,226
2022-01-12 12:09:22,0.0,0.0,0,0.0,0.0,0,0.0,0.0,0,140786.00,0.00,0.00,34,13.00,0.47,0.00,-5.5,4.998,4.998,4.998,4.998,155
2022-01-12 12:10:22,0.0,0.0,0,0.0,0.0,0,0.0,0.0,0,140786.00,0.00,0.00,31,13.00,0.43,0.00,-5.5,4.998,4.998,4.998,4.998,128
2022-01-12 12:11:22,0.0,0.0,0,0.0,0.0,0,0.0,0.0,0,140786.00,0.00,0.00,14,13.00,0.20,0.00,-5.5,4.998,4.998,4.998,4.998,52
2022-01-12 12:12:22,0.0,0.0,0,0.0,0.0,0,0.0,0.0,0,140786.00,0.00,0.00,14,13.04,0.20,0.00,-5.5,4.998,4.998,4.998,4.998,135
2022-01-12 12:13:22,0.0,0.0,0,0.0,0.0,0,0.0,0.0,0,140786.00,0.00,0.00,14,13.04,0.20,0.00,-5.5,4.998,4.998,4.998,4.998,254
2022-01-12 12:14:22,0.0,0.0,0,0.0,0.0,0,0.0,0.0,0,140786.00,0.00,0.00,15,13.04,0.21,0.00,-5.0,4.998,4.998,4.998,4.998,43
2022-01-12 12:15:22,0.0,0.0,0,0.0,0.0,0,0.0,0.0,0,140786.00,0.00,0.00,16,13.00,0.22,0.00,-5.5,4.998,4.998,4.998,4.998,54
2022-01-12 12:16:22,0.0,0.0,0,0.0,0.0,0,0.0,0.0,0,140786.00,0.00,0.00,16,13.04,0.23,0.00,-5.5,4.998,4.998,4.998,4.998,78
2022-01-12 12:17:22,0.0,0.0,0,0.0,0.0,0,0.0,0.0,0,140786.00,0.00,0.00,25,13.04,0.35,0.00,-5.5,4.998,4.998,4.998,4.998,5
2022-01-12 12:18:22,0.0,0.0,0,0.0,0.0,0,0.0,0.0,0,140786.00,0.00,0.00,21,13.00,0.29,0.00,-5.5,4.998,4.998,4.998,4.998,38
2022-01-12 12:19:22,0.0,0.0,0,0.0,0.0,0,0.0,0.0,0,140786.00,0.00,0.00,19,13.04,0.26,0.00,-5.5,4.998,4.998,4.998,4.998,216
2022-01-12 12:20:22,0.0,0.0,0,0.0,0.0,0,0.0,0.0,0,140786.00,0.00,0.00,9,13.00,0.13,0.00,-5.5,4.998,4.998,4.998,4.998,51
2022-01-12 12:21:22,0.0,0.0,0,0.0,0.0,0,0.0,0.0,0,140786.00,0.00,0.00,8,13.04,0.11,0.00,-5.5,4.998,4.998,4.998,4.998,184
2022-01-12 12:22:22,0.0,0.0,0,0.0,0.0,0,0.0,0.0,0,140786.00,0.00,0.00,16,13.00,0.22,0.00,-5.5,4.998,4.998,4.998,4.998,181
2022-01-12 12:23:22,0.0,0.0,0,0.0,0.0,0,0.0,0.0,0,140786.00,0.00,0.00,22,13.04,0.30,0.00,-5.5,4.998,4.998,4.998,4.998,172
2022-01-12 12:24:22,0.0,0.0,0,0.0,0.0,0,0.0,0.0,0,140786.00,0.00,0.00,22,13.04,0.31,0.00,-5.0,4.998,4.998,4.998,4.998,9
2022-01-12 12:25:22,0.0,0.0,0,0.0,0.0,0,0.0,0.0,0,140786.00,0.00,0.00,20,13.04,0.28,0.00,-5.0,4.998,4.998,4.998,4.998,206
2022-01-12 12:26:22,0.0,0.0,0,0.0,0.0,0,0.0,0.0,0,140786.00,0.00,0.00,21,13.04,0.29,0.00,-5.0,4.998,4.998,4.998,4.998,179
2022-01-12 12:27:22,0.0,0.0,0,0.0,0.0,0,0.0,0.0,0,140786.00,0.00,0.00,357,13.04,4.97,0.00,-5.5,4.998,4.998,4.998,4.998,132
2022-01-12 12:28:22,0.0,0.0,0,0.0,0.0,0,0.0,0.0,0,140786.00,0.00,0.00,18,13.04,0.25,0.00,-5.5,4.998,4.998,4.998,4.998,101
2022-01-12 12:29:22,0.0,0.0,0,0.0,0.0,0,0.0,0.0,0,140786.00,0.00,0.00,17,13.00,0.24,0.00,-5.5,4.998,4.998,4.998,4.998,248
2022-01-12 12:30:22,0.0,0.0,0,0.0,0.0,0,0.0,0.0,0,140786.00,0.00,0.00,1,13.04,0.02,0.00,-5.5,4.998,4.998,4.998,4.998,13
2022-01-12 12:31:22,0.0,0.0,0,0.0,0.0,0,0.0,0.0,0,140786.00,0.00,0.00,7,13.04,0.10,0.00,-5.5,4.998,4.998,4.998,4.998,80
2022-01-12 12:32:22,0.0,0.0,0,0.0,0.0,0,0.0,0.0,0,140786.00,0.00,0.00,8,13.00,0.12,0.00,-5.5,4.998,4.998,4.998,4.998,197
2022-01-12 12:33:22,0.0,0.0,0,0.0,0.0,0,0.0,0.0,0,140786.00,0.00,0.00,16,13.04,0.22,0.00,-5.5,4.998,4.998,4.998,4.998,170
2022-01-12 12:34:22,0.0,0.0,0,0.0,0.0,0,0.0,0.0,0,140786.00,0.00,0.00,16,13.00,0.22,0.00,-5.5,4.998,4.998,4.998,4.998,197
2022-01-12 12:35:22,0.0,0.0,0,0.0,0.0,0,0.0,0.0,0,140786.00,0.00,0.00,16,13.00,0.22,0.00,-5.5,4.998,4.998,4.998,4.998,188
2022-01-12 12:36:22,0.0,0.0,0,0.0,0.0,0,0.0,0.0,0,140786.00,0.00,0.00,16,13.04,0.22,0.00,-5.5,4.998,4.998,4.998,4.998,15
2022-01-12 12:37:22,0.0,0.0,0,0.0,0.0,0,0.0,0.0,0,140786.00,0.00,0.00,16,13.04,0.22,0.00,-5.5,4.998,4.998,4.998,4.998,118
2022-01-12 12:38:22,0.0,0.0,0,0.0,0.0,0,0.0,0.0,0,140786.00,0.00,0.00,16,13.04,0.22,0.00,-5.5,4.998,4.998,4.998,4.998,2
2022-01-12 12:39:22,0.0,0.0,0,0.0,0.0,0,0.0,0.0,0,140786.00,0.00,0.00,16,13.04,0.22,0.00,-5.5,4.998,4.998,4.998,4.998,123
2022-01-12 12:40:22,0.0,0.0,0,0.0,0.0,0,0.0,0.0,0,140786.00,0.00,0.00,14,13.04,0.19,0.00,-5.5,4.998,4.998,4.998,4.998,16
2022-01-12 12:41:22,0.0,0.0,0,0.0,0.0,0,0.0,0.0,0,140786.00,0.00,0.00,18,13.08,0.25,0.00,-5.5,4.998,4.998,4.998,4.998,113
2022-01-12 12:42:22,0.0,0.0,0,0.0,0.0,0,0.0,0.0,0,140786.00,0.00,0.00,15,13.04,0.21,0.00,-5.0,4.998,4.998,4.998,4.998,30
2022-01-12 12:43:22,0.0,0.0,0,0.0,0.0,0,0.0,0.0,0,140786.00,0.00,0.00,22,13.08,0.31,0.00,-5.5,4.998,4.998,4.998,4.998,100
2022-01-12 12:44:22,0.0,0.0,0,0.0,0.0,0,0.0,0.0,0,140786.00,0.00,0.00,22,13.04,0.31,0.00,-5.5,4.998,4.998,4.998,4.998,178
2022-01-12 12:45:22,0.0,0.0,0,0.0,0.0,0,0.0,0.0,0,140786.00,0.00,0.00,22,13.04,0.30,0.00,-5.5,4.998,4.998,4.998,4.998,0
2022-01-12 12:46:22,0.0,0.0,0,0.0,0.0,0,0.0,0.0,0,140786.00,0.00,0.00,22,13.04,0.31,0.00,-6.0,4.998,4.998,4.998,4.998,208
2022-01-12 12:47:22,0.0,0.0,0,0.0,0.0,0,0.0,0.0,0,140786.00,0.00,0.00,22,13.04,0.31,0.00,-5.5,4.998,4.998,4.998,4.998,116
2022-01-12 12:48:22,0.0,0.0,0,0.0,0.0,0,0.0,0.0,0,140786.00,0.00,0.00,12,13.04,0.17,0.00,-5.5,4.998,4.998,4.998,4.998,117
2022-01-12 12:49:22,0.0,0.0,0,0.0,0.0,0,0.0,0.0,0,140786.00,0.00,0.00,11,13.04,0.16,0.00,-5.5,4.998,4.998,4.998,4.998,143
2022-01-12 12:50:22,0.0,0.0,0,0.0,0.0,0,0.0,0.0,0,140786.00,0.00,0.00,5,13.04,0.07,0.00,-5.5,4.998,4.998,4.998,4.998,202
2022-01-12 12:51:22,0.0,0.0,0,0.0,0.0,0,0.0,0.0,0,140786.00,0.00,0.00,5,13.04,0.08,0.00,-5.5,4.998,4.998,4.998,4.998,70
2022-01-12 12:52:22,0.0,0.0,0,0.0,0.0,0,0.0,0.0,0,140786.00,0.00,0.00,359,13.04,4.99,0.00,-5.5,4.998,4.998,4.998,4.998,146
2022-01-12 12:53:22,0.0,0.0,0,0.0,0.0,0,0.0,0.0,0,140786.00,0.00,0.00,16,13.00,0.22,0.00,-5.5,4.998,4.998,4.998,4.998,16
2022-01-12 12:54:22,0.0,0.0,0,0.0,0.0,0,0.0,0.0,0,140786.00,0.00,0.00,8,13.04,0.11,0.00,-5.0,4.998,4.998,4.998,4.998,164
2022-01-12 12:55:22,0.0,0.0,0,0.0,0.0,0,0.0,0.0,0,140786.00,0.00,0.00,4,13.04,0.06,0.00,-5.5,4.998,4.998,4.998,4.998,3
2022-01-12 12:56:22,0.0,0.0,0,0.0,0.0,0,0.0,0.0,0,140786.00,0.00,0.00,5,13.04,0.07,0.00,-5.5,4.998,4.998,4.998,4.998,228
2022-01-12 12:57:22,0.0,0.0,0,0.0,0.0,0,0.0,0.0,0,140786.00,0.00,0.00,359,13.00,4.99,0.00,-5.5,4.998,4.998,4.998,4.998,177
2022-01-12 12:58:22,0.0,0.0,0,0.0,0.0,0,0.0,0.0,0,140786.00,0.00,0.00,359,13.04,4.99,0.00,-5.5,4.998,4.998,4.998,4.998,185
2022-01-12 12:59:22,0.0,0.0,0,0.0,0.0,0,0.0,0.0,0,140786.00,0.00,0.00,359,13.04,4.99,0.00,-5.5,4.998,4.998,4.998,4.998,170
2022-01-12 13:00:22,0.0,0.0,0,0.0,0.0,0,0.0,0.0,0,140786.00,0.00,0.00,359,13.04,4.99,0.00,-6.0,4.998,4.998,4.998,4.998,14
2022-01-12 13:01:22,0.0,0.0,0,0.0,0.0,0,0.0,0.0,0,140786.00,0.00,0.00,359,13.04,4.99,0.00,-6.0,4.998,4.998,4.998,4.998,29
2022-01-12 13:02:22,0.0,0.0,0,0.0,0.0,0,0.0,0.0,0,140786.00,0.00,0.00,359,13.04,4.99,0.00,-6.0,4.998,4.998,4.998,4.998,132
2022-01-12 13:03:22,0.0,0.0,0,0.0,0.0,0,0.0,0.0,0,140786.00,0.00,0.00,24,13.04,0.33,0.00,-6.0,4.998,4.998,4.998,4.998,219
2022-01-12 13:04:22,0.0,0.0,0,0.0,0.0,0,0.0,0.0,0,140786.00,0.00,0.00,35,13.04,0.48,0.00,-5.5,4.998,4.998,4.998,4.998,152
2022-01-12 13:05:22,0.0,0.0,0,0.0,0.0,0,0.0,0.0,0,140786.00,0.00,0.00,29,13.04,0.40,0.00,-5.5,4.998,4.998,4.998,4.998,89
2022-01-12 13:06:22,0.0,0.0,0,0.0,0.0,0,0.0,0.0,0,140786.00,0.00,0.00,11,13.00,0.16,0.00,-5.5,4.998,4.998,4.998,4.998,226
2022-01-12 13:07:22,0.0,0.0,0,0.0,0.0,0,0.0,0.0,0,140786.00,0.00,0.00,10,13.04,0.15,0.00,-5.5,4.998,4.998,4.998,4.998,179
2022-01-12 13:08:22,0.0,0.0,0,0.0,0.0,0,0.0,0.0,0,140786.00,0.00,0.00,11,13.04,0.16,0.00,-6.0,4.998,4.998,4.998,4.998,71
2022-01-12 13:09:22,0.0,0.0,0,0.0,0.0,0,0.0,0.0,0,140786.00,0.00,0.00,11,13.00,0.15,0.00,-5.5,4.998,4.998,4.998,4.998,187
2022-01-12 13:10:22,0.0,0.0,0,0.0,0.0,0,0.0,0.0,0,140786.00,0.00,0.00,11,13.04,0.16,0.00,-5.5,4.998,4.998,4.998,4.998,231
2022-01-12 13:11:22,0.0,0.0,0,0.0,0.0,0,0.0,0.0,0,140786.00,0.00,0.00,12,13.00,0.17,0.00,-5.5,4.998,4.998,4.998,4.998,104
2022-01-12 13:12:22,0.0,0.0,0,0.0,0.0,0,0.0,0.0,0,140786.00,0.00,0.00,12,13.00,0.17,0.00,-5.5,4.998,4.998,4.998,4.998,174
2022-01-12 13:13:22,0.0,0.0,0,0.0,0.0,0,0.0,0.0,0,140786.00,0.00,0.00,12,13.04,0.17,0.00,-5.5,4.998,4.998,4.998,4.998,162
2022-01-12 13:14:22,0.0,0.0,0,0.0,0.0,0,0.0,0.0,0,140786.00,0.00,0.00,31,13.04,0.43,0.00,-5.5,4.998,4.998,4.998,4.998,0
2022-01-12 13:15:22,0.0,0.0,0,0.0,0.0,0,0.0,0.0,0,140786.00,0.00,0.00,31,13.04,0.43,0.00,-5.5,4.998,4.998,4.998,4.998,121
2022-01-12 13:16:22,0.0,0.0,0,0.0,0.0,0,0.0,0.0,0,140786.00,0.00,0.00,30,13.04,0.42,0.00,-5.5,4.998,4.998,4.998,4.998,4
2022-01-12 13:17:22,0.0,0.0,0,0.0,0.0,0,0.0,0.0,0,140786.00,0.00,0.00,31,13.04,0.43,0.00,-5.5,4.998,4.998,4.998,4.998,198
2022-01-12 13:18:22,0.0,0.0,0,0.0,0.0,0,0.0,0.0,0,140786.00,0.00,0.00,31,13.00,0.43,0.00,-5.5,4.998,4.998,4.998,4.998,199
2022-01-12 13:19:22,0.0,0.0,0,0.0,0.0,0,0.0,0.0,0,140786.00,0.00,0.00,53,13.04,0.74,0.00,-6.0,4.998,4.998,4.998,4.998,115
2022-01-12 13:20:22,0.0,0.0,0,0.0,0.0,0,0.0,0.0,0,140786.00,0.00,0.00,53,13.04,0.74,0.00,-5.5,4.998,4.998,4.998,4.998,32
2022-01-12 13:21:22,0.0,0.0,0,0.0,0.0,0,0.0,0.0,0,140786.00,0.00,0.00,53,13.04,0.74,0.00,-5.5,4.998,4.998,4.998,4.998,89
2022-01-12 13:22:22,0.0,0.0,0,0.0,0.0,0,0.0,0.0,0,140786.00,0.00,0.00,53,13.04,0.73,0.00,-5.5,4.998,4.998,4.998,4.998,193
2022-01-12 13:23:22,0.0,0.0,0,0.0,0.0,0,0.0,0.0,0,140786.00,0.00,0.00,53,13.04,0.74,0.00,-5.5,4.998,4.998,4.998,4.998,230
2022-01-12 13:24:22,0.0,0.0,0,0.0,0.0,0,0.0,0.0,0,140786.00,0.00,0.00,53,13.04,0.74,0.00,-5.5,4.998,4.998,4.998,4.998,252
2022-01-12 13:25:22,0.0,0.0,0,0.0,0.0,0,0.0,0.0,0,140786.00,0.00,0.00,53,13.04,0.74,0.00,-5.5,4.998,4.998,4.998,4.998,133
2022-01-12 13:26:22,0.0,0.0,0,0.0,0.0,0,0.0,0.0,0,140786.00,0.00,0.00,62,13.04,0.87,0.00,-5.5,4.998,4.998,4.998,4.998,75
2022-01-12 13:27:22,0.0,0.0,0,0.0,0.0,0,0.0,0.0,0,140786.00,0.00,0.00,54,13.04,0.75,0.00,-5.5,4.998,4.998,4.998,4.998,165
2022-01-12 13:28:22,0.0,0.0,0,0.0,0.0,0,0.0,0.0,0,140786.00,0.00,0.00,54,13.04,0.75,0.00,-6.0,4.998,4.998,4.998,4.998,12
2022-01-12 13:29:22,0.0,0.0,0,0.0,0.0,0,0.0,0.0,0,140786.00,0.00,0.00,54,13.08,0.75,0.00,-5.5,4.998,4.998,4.998,4.998,100
2022-01-12 13:30:22,0.0,0.0,0,0.0,0.0,0,0.0,0.0,0,140786.00,0.00,0.00,54,13.08,0.75,0.00,-6.0,4.998,4.998,4.998,4.998,189
2022-01-12 13:31:22,0.0,0.0,0,0.0,0.0,0,0.0,0.0,0,140786.00,0.00,0.00,54,13.08,0.75,0.00,-5.5,4.998,4.998,4.998,4.998,25
2022-01-12 13:32:22,0.0,0.0,0,0.0,0.0,0,0.0,0.0,0,140786.00,0.00,0.00,54,13.08,0.75,0.00,-5.5,4.998,4.998,4.998,4.998,223
2022-01-12 13:33:22,0.0,0.0,0,0.0,0.0,0,0.0,0.0,0,140786.00,0.00,0.00,66,13.08,0.92,0.00,-5.5,4.998,4.998,4.998,4.998,98
2022-01-12 13:34:22,0.0,0.0,0,0.0,0.0,0,0.0,0.0,0,140786.00,0.00,0.00,68,13.08,0.94,0.00,-5.5,4.998,4.998,4.998,4.998,199
2022-01-12 13:35:22,0.0,0.0,0,0.0,0.0,0,0.0,0.0,0,140786.00,0.00,0.00,59,13.04,0.82,0.00,-5.5,4.998,4.998,4.998,4.998,120
2022-01-12 13:36:22,0.0,0.0,0,0.0,0.0,0,0.0,0.0,0,140786.00,0.00,0.00,45,13.04,0.62,0.00,-5.5,4.998,4.998,4.998,4.998,6
2022-01-12 13:37:22,0.0,0.0,0,0.0,0.0,0,0.0,0.0,0,140786.00,0.00,0.00,45,13.08,0.63,0.00,-5.5,4.998,4.998,4.998,4.998,120
2022-01-12 13:38:22,0.0,0.0,0,0.0,0.0,0,0.0,0.0,0,140786.00,0.00,0.00,46,13.04,0.63,0.00,-5.5,4.998,4.998,4.998,4.998,136
2022-01-12 13:39:22,0.0,0.0,0,0.0,0.0,0,0.0,0.0,0,140786.00,0.00,0.00,47,13.04,0.65,0.00,-5.5,4.998,4.998,4.998,4.998,20
2022-01-12 13:40:22,0.0,0.0,0,0.0,0.0,0,0.0,0.0,0,140786.00,0.00,0.00,47,13.04,0.65,0.00,-5.5,4.998,4.998,4.998,4.998,223
2022-01-12 13:41:22,0.0,0.0,0,0.0,0.0,0,0.0,0.0,0,140786.00,0.00,0.00,52,13.08,0.73,0.00,-5.0,4.998,4.998,4.998,4.998,0
2022-01-12 13:42:22,0.0,0.0,0,0.0,0.0,0,0.0,0.0,0,140786.00,0.00,0.00,62,13.04,0.86,0.00,-5.5,4.998,4.998,4.998,4.998,147
2022-01-12 13:43:22,0.0,0.0,0,0.0,0.0,0,0.0,0.0,0,140786.00,0.00,0.00,62,13.04,0.86,0.00,-5.5,4.998,4.998,4.998,4.998,234
2022-01-12 13:44:22,0.0,0.0,0,0.0,0.0,0,0.0,0.0,0,140786.00,0.00,0.00,62,13.04,0.86,0.00,-5.5,4.998,4.998,4.998,4.998,240
2022-01-12 13:45:22,0.0,0.0,0,0.0,0.0,0,0.0,0.0,0,140786.00,0.00,0.00,62,13.04,0.86,0.00,-6.0,4.998,4.998,4.998,4.998,84
2022-01-12 13:46:22,0.0,0.0,0,0.0,0.0,0,0.0,0.0,0,140786.00,0.00,0.00,49,13.04,0.68,0.00,-5.5,4.998,4.998,4.998,4.998,148
2022-01-12 13:47:22,0.0,0.0,0,0.0,0.0,0,0.0,0.0,0,140786.00,0.00,0.00,48,13.04,0.67,0.00,-5.5,4.998,4.998,4.998,4.998,121
2022-01-12 13:48:22,0.0,0.0,0,0.0,0.0,0,0.0,0.0,0,140786.00,0.00,0.00,49,13.04,0.68,0.00,-5.5,4.998,4.998,4.998,4.998,153
2022-01-12 13:49:22,0.0,0.0,0,0.0,0.0,0,0.0,0.0,0,140786.00,0.00,0.00,49,13.00,0.69,0.00,-5.5,4.998,4.998,4.998,4.998,94
2022-01-12 13:50:22,0.0,0.0,0,0.0,0.0,0,0.0,0.0,0,140786.00,0.00,0.00,49,13.04,0.69,0.00,-5.5,4.998,4.998,4.998,4.998,47
2022-01-12 13:51:22,0.0,0.0,0,0.0,0.0,0,0.0,0.0,0,140786.00,0.00,0.00,50,13.04,0.69,0.00,-5.5,4.998,4.998,4.998,4.998,56
2022-01-12 13:52:22,0.0,0.0,0,0.0,0.0,0,0.0,0.0,0,140786.00,0.00,0.00,60,13.04,0.83,0.00,-5.5,4.998,4.998,4.998,4.998,0
2022-01-12 13:53:22,0.0,0.0,0,0.0,0.0,0,0.0,0.0,0,140786.00,0.00,0.00,58,13.04,0.81,0.00,-5.5,4.998,4.998,4.998,4.998,137
2022-01-12 13:54:22,0.0,0.0,0,0.0,0.0,0,0.0,0.0,0,140786.00,0.00,0.00,53,13.04,0.74,0.00,-5.5,4.998,4.998,4.998,4.998,32
2022-01-12 13:55:22,0.0,0.0,0,0.0,0.0,0,0.0,0.0,0,140786.00,0.00,0.00,55,13.00,0.77,0.00,-5.5,4.998,4.998,4.998,4.998,37
2022-01-12 13:56:22,0.0,0.0,0,0.0,0.0,0,0.0,0.0,0,140786.00,0.00,0.00,55,13.04,0.76,0.00,-5.5,4.998,4.998,4.998,4.998,93
2022-01-12 13:57:22,0.0,0.0,0,0.0,0.0,0,0.0,0.0,0,140786.00,0.00,0.00,55,13.04,0.76,0.00,-5.5,4.998,4.998,4.998,4.998,36
2022-01-12 13:58:22,0.0,0.0,0,0.0,0.0,0,0.0,0.0,0,140786.00,0.00,0.00,55,13.04,0.77,0.00,-5.5,4.998,4.998,4.998,4.998,155
2022-01-12 13:59:22,0.0,0.0,0,0.0,0.0,0,0.0,0.0,0,140786.00,0.00,0.00,56,13.00,0.79,0.00,-5.5,4.998,4.998,4.998,4.998,240
2022-01-12 14:00:22,0.0,0.0,0,0.0,0.0,0,0.0,0.0,0,140786.00,0.00,0.00,57,13.04,0.79,0.00,-5.5,4.998,4.998,4.998,4.998,194
2022-01-12 14:01:22,0.0,0.0,0,0.0,0.0,0,0.0,0.0,0,140786.00,0.00,0.00,67,13.00,0.93,0.00,-5.5,4.998,4.998,4.998,4.998,48
2022-01-12 14:02:22,0.0,0.0,0,0.0,0.0,0,0.0,0.0,0,140786.00,0.00,0.00,63,13.00,0.88,0.00,-6.0,4.998,4.998,4.998,4.998,87
2022-01-12 14:03:22,0.0,0.0,0,0.0,0.0,0,0.0,0.0,0,140786.00,0.00,0.00,63,13.04,0.87,0.00,-5.0,4.998,4.998,4.998,4.998,22
2022-01-12 14:04:22,0.0,0.0,0,0.0,0.0,0,0.0,0.0,0,140786.00,0.00,0.00,63,13.04,0.87,0.00,-5.0,4.998,4.998,4.998,4.998,12
2022-01-12 14:05:22,0.0,0.0,0,0.0,0.0,0,0.0,0.0,0,140786.00,0.00,0.00,62,13.04,0.87,0.00,-5.0,4.998,4.998,4.998,4.998,5
2022-01-12 14:06:22,0.0,0.0,0,0.0,0.0,0,0.0,0.0,0,140786.00,0.00,0.00,62,13.00,0.86,0.00,-5.5,4.998,4.998,4.998,4.998,9
2022-01-12 14:07:22,0.0,0.0,0,0.0,0.0,0,0.0,0.0,0,140786.00,0.00,0.00,57,13.00,0.80,0.00,-5.5,4.998,4.998,4.998,4.998,145
2022-01-12 14:08:22,0.0,0.0,0,0.0,0.0,0,0.0,0.0,0,140786.00,0.00,0.00,57,13.00,0.80,0.00,-5.5,4.998,4.998,4.998,4.998,229
2022-01-12 14:09:22,0.0,0.0,0,0.0,0.0,0,0.0,0.0,0,140786.00,0.00,0.00,78,13.00,1.08,0.00,-5.5,4.998,4.998,4.998,4.998,207
2022-01-12 14:10:22,0.0,0.0,0,0.0,0.0,0,0.0,0.0,0,140786.00,0.00,0.00,78,13.00,1.08,0.00,-5.5,4.998,4.998,4.998,4.998,203
2022-01-12 14:11:22,0.0,0.0,0,0.0,0.0,0,0.0,0.0,0,140786.00,0.00,0.00,78,13.00,1.08,0.00,-5.5,4.998,4.998,4.998,4.998,178
2022-01-12 14:12:22,0.0,0.0,0,0.0,0.0,0,0.0,0.0,0,140786.00,0.00,0.00,78,13.00,1.09,0.00,-5.5,4.998,4.998,4.998,4.998,191
2022-01-12 14:13:22,0.0,0.0,0,0.0,0.0,0,0.0,0.0,0,140786.00,0.00,0.00,78,13.00,1.09,0.00,-5.0,4.998,4.998,4.998,4.998,178
2022-01-12 14:14:22,0.0,0.0,0,0.0,0.0,0,0.0,0.0,0,140786.00,0.00,0.00,57,13.00,0.80,0.00,-5.5,4.998,4.998,4.998,4.998,68
2022-01-12 14:15:22,0.0,0.0,0,0.0,0.0,0,0.0,0.0,0,140786.00,0.00,0.00,57,13.00,0.79,0.00,-5.5,4.998,4.998,4.998,4.998,1
2022-01-12 14:16:22,0.0,0.0,0,0.0,0.0,0,0.0,0.0,0,140786.00,0.00,0.00,57,13.00,0.79,0.00,-5.5,4.998,4.998,4.998,4.998,199
2022-01-12 14:17:22,0.0,0.0,0,0.0,0.0,0,0.0,0.0,0,140786.00,0.00,0.00,57,13.00,0.80,0.00,-5.5,4.998,4.998,4.998,4.998,130
2022-01-12 14:18:22,0.0,0.0,0,0.0,0.0,0,0.0,0.0,0,140786.00,0.00,0.00,57,13.00,0.79,0.00,-5.0,4.998,4.998,4.998,4.998,190
2022-01-12 14:19:22,0.0,0.0,0,0.0,0.0,0,0.0,0.0,0,140786.00,0.00,0.00,74,13.00,1.04,0.00,-5.0,4.998,4.998,4.998,4.998,115
2022-01-12 14:20:22,0.0,0.0,0,0.0,0.0,0,0.0,0.0,0,140786.00,0.00,0.00,66,13.00,0.91,0.00,-5.0,4.998,4.998,4.998,4.998,33
2022-01-12 14:21:22,0.0,0.0,0,0.0,0.0,0,0.0,0.0,0,140786.00,0.00,0.00,65,13.00,0.90,0.00,-5.0,4.998,4.998,4.998,4.998,219
2022-01-12 14:22:22,0.0,0.0,0,0.0,0.0,0,0.0,0.0,0,140786.00,0.00,0.00,59,13.00,0.82,0.00,-5.5,4.998,4.998,4.998,4.998,114
2022-01-12 14:23:22,0.0,0.0,0,0.0,0.0,0,0.0,0.0,0,140786.00,0.00,0.00,60,13.00,0.83,0.00,-5.0,4.998,4.998,4.998,4.998,210
2022-01-12 14:24:22,0.0,0.0,0,0.0,0.0,0,0.0,0.0,0,140786.00,0.00,0.00,60,13.00,0.83,0.00,-5.5,4.998,4.998,4.998,4.998,188
2022-01-12 14:25:22,0.0,0.0,0,0.0,0.0,0,0.0,0.0,0,140786.00,0.00,0.00,65,13.00,0.90,0.00,-5.5,4.998,4.998,4.998,4.998,115
2022-01-12 14:26:22,0.0,0.0,0,0.0,0.0,0,0.0,0.0,0,140786.00,0.00,0.00,72,12.96,1.00,0.00,-5.5,4.998,4.998,4.998,4.998,137
2022-01-12 14:27:22,0.0,0.0,0,0.0,0.0,0,0.0,0.0,0,140786.00,0.00,0.00,63,13.00,0.88,0.00,-5.5,4.998,4.998,4.998,4.998,165
2022-01-12 14:28:22,0.0,0.0,0,0.0,0.0,0,0.0,0.0,0,140786.00,0.00,0.00,63,13.00,0.88,0.00,-5.5,4.998,4.998,4.998,4.998,209
2022-01-12 14:29:22,0.0,0.0,0,0.0,0.0,0,0.0,0.0,0,140786.00,0.00,0.00,56,13.00,0.78,0.00,-5.0,4.998,4.998,4.998,4.998,229
2022-01-12 14:30:22,0.0,0.0,0,0.0,0.0,0,0.0,0.0,0,140786.00,0.00,0.00,16,12.96,0.23,0.00,-5.5,4.998,4.998,4.998,4.998,185
2022-01-12 14:31:22,0.0,0.0,0,0.0,0.0,0,0.0,0.0,0,140786.00,0.00,0.00,15,12.96,0.20,0.00,-5.0,4.998,4.998,4.998,4.998,209
2022-01-12 14:32:22,0.0,0.0,0,0.0,0.0,0,0.0,0.0,0,140786.00,0.00,0.00,7,12.96,0.10,0.00,-5.0,4.998,4.998,4.998,4.998,163
2022-01-12 14:33:22,0.0,0.0,0,0.0,0.0,0,0.0,0.0,0,140786.00,0.00,0.00,22,12.96,0.30,0.00,-5.0,4.998,4.998,4.998,4.998,213
2022-01-12 14:34:22,0.0,0.0,0,0.0,0.0,0,0.0,0.0,0,140786.00,0.00,0.00,22,12.96,0.30,0.00,-5.5,4.998,4.998,4.998,4.998,187
2022-01-12 14:35:22,0.0,0.0,0,0.0,0.0,0,0.0,0.0,0,140786.00,0.00,0.00,22,13.00,0.31,0.00,-5.5,4.998,4.998,4.998,4.998,61
2022-01-12 14:36:22,0.0,0.0,0,0.0,0.0,0,0.0,0.0,0,140786.00,0.00,0.00,22,13.00,0.31,0.00,-5.5,4.998,4.998,4.998,4.998,251
2022-01-12 14:37:22,0.0,0.0,0,0.0,0.0,0,0.0,0.0,0,140786.00,0.00,0.00,23,13.00,0.33,0.00,-5.5,4.998,4.998,4.998,4.998,20
2022-01-12 14:38:22,0.0,0.0,0,0.0,0.0,0,0.0,0.0,0,140786.00,0.00,0.00,50,13.00,0.70,0.00,-5.0,4.998,4.998,4.998,4.998,17
2022-01-12 14:39:22,0.0,0.0,0,0.0,0.0,0,0.0,0.0,0,140786.00,0.00,0.00,33,13.00,0.45,0.00,-5.5,4.998,4.998,4.998,4.998,239
2022-01-12 14:40:22,0.0,0.0,0,0.0,0.0,0,0.0,0.0,0,140786.00,0.00,0.00,32,13.00,0.45,0.00,-5.0,4.998,4.998,4.998,4.998,32
2022-01-12 14:41:22,0.0,0.0,0,0.0,0.0,0,0.0,0.0,0,140786.00,0.00,0.00,34,13.00,0.47,0.00,-5.0,4.998,4.998,4.998,4.998,155
2022-01-12 14:42:22,0.0,0.0,0,0.0,0.0,0,0.0,0.0,0,140786.00,0.00,0.00,34,13.00,0.47,0.00,-5.5,4.998,4.998,4.998,4.998,41
2022-01-12 14:43:22,0.0,0.0,0,0.0,0.0,0,0.0,0.0,0,140786.00,0.00,0.00,33,13.00,0.46,0.00,-5.0,4.998,4.998,4.998,4.998,187
2022-01-12 14:44:22,0.0,0.0,0,0.0,0.0,0,0.0,0.0,0,140786.00,0.00,0.00,33,13.00,0.46,0.00,-5.5,4.998,4.998,4.998,4.998,213
2022-01-12 14:45:22,0.0,0.0,0,0.0,0.0,0,0.0,0.0,0,140786.00,0.00,0.00,33,13.04,0.46,0.00,-5.0,4.998,4.998,4.998,4.998,173
2022-01-12 14:46:22,0.0,0.0,0,0.0,0.0,0,0.0,0.0,0,140786.00,0.00,0.00,24,13.00,0.33,0.00,-5.0,4.998,4.998,4.998,4.998,145
2022-01-12 14:47:22,0.0,0.0,0,0.0,0.0,0,0.0,0.0,0,140786.00,0.00,0.00,14,13.00,0.19,0.00,-5.0,4.998,4.998,4.998,4.998,84
2022-01-12 14:48:22,0.0,0.0,0,0.0,0.0,0,0.0,0.0,0,140786.00,0.00,0.00,11,13.04,0.15,0.00,-5.0,4.998,4.998,4.998,4.998,240
2022-01-12 14:49:22,0.0,0.0,0,0.0,0.0,0,0.0,0.0,0,140786.00,0.00,0.00,359,13.00,4.99,0.00,-5.5,4.998,4.998,4.998,4.998,170
2022-01-12 14:50:22,0.0,0.0,0,0.0,0.0,0,0.0,0.0,0,140786.00,0.00,0.00,17,13.04,0.24,0.00,-5.0,4.998,4.998,4.998,4.998,109
2022-01-12 14:51:22,0.0,0.0,0,0.0,0.0,0,0.0,0.0,0,140786.00,0.00,0.00,4,13.04,0.06,0.00,-5.0,4.998,4.998,4.998,4.998,247
2022-01-12 14:52:22,0.0,0.0,0,0.0,0.0,0,0.0,0.0,0,140786.00,0.00,0.00,17,13.04,0.24,0.00,-5.0,4.998,4.998,4.998,4.998,210
2022-01-12 14:53:22,0.0,0.0,0,0.0,0.0,0,0.0,0.0,0,140786.00,0.00,0.00,26,13.00,0.36,0.00,-5.5,4.998,4.998,4.998,4.998,211
2022-01-12 14:54:22,0.0,0.0,0,0.0,0.0,0,0.0,0.0,0,140786.00,0.00,0.00,38,13.00,0.53,0.00,-5.5,4.998,4.998,4.998,4.998,207
2022-01-12 14:55:22,0.0,0.0,0,0.0,0.0,0,0.0,0.0,0,140786.00,0.00,0.00,28,13.00,0.40,0.00,-5.0,4.998,4.998,4.998,4.998,8
2022-01-12 14:56:22,0.0,0.0,0,0.0,0.0,0,0.0,0.0,0,140786.00,0.00,0.00,25,13.00,0.35,0.00,-5.0,4.998,4.998,4.998,4.998,103
2022-01-12 14:57:22,0.0,0.0,0,0.0,0.0,0,0.0,0.0,0,140786.00,0.00,0.00,32,13.00,0.44,0.00,-5.0,4.998,4.998,4.998,4.998,226
2022-01-12 14:58:22,0.0,0.0,0,0.0,0.0,0,0.0,0.0,0,140786.00,0.00,0.00,32,13.00,0.45,0.00,-5.5,4.998,4.998,4.998,4.998,41
2022-01-12 14:59:22,0.0,0.0,0,0.0,0.0,0,0.0,0.0,0,140786.00,0.00,0.00,32,13.00,0.44,0.00,-5.0,4.998,4.998,4.998,4.998,239
2022-01-12 15:00:22,0.0,0.0,0,0.0,0.0,0,0.0,0.0,0,140786.00,0.00,0.00,32,13.04,0.45,0.00,-5.0,4.998,4.998,4.998,4.998,57
2022-01-12 15:01:22,0.0,0.0,0,0.0,0.0,0,0.0,0.0,0,140786.00,0.00,0.00,69,13.00,0.97,0.00,-5.5,4.998,4.998,4.998,4.998,64
2022-01-12 15:02:22,0.0,0.0,0,0.0,0.0,0,0.0,0.0,0,140786.00,0.00,0.00,80,13.04,1.11,0.00,-5.0,4.998,4.998,4.998,4.998,217
2022-01-12 15:03:22,0.0,0.0,0,0.0,0.0,0,0.0,0.0,0,140786.00,0.00,0.00,80,13.04,1.12,0.00,-5.0,4.998,4.998,4.998,4.998,141
2022-01-12 15:04:22,0.0,0.0,0,0.0,0.0,0,0.0,0.0,0,140786.00,0.00,0.00,83,13.04,1.15,0.00,-5.5,4.998,4.998,4.998,4.998,245
2022-01-12 15:05:22,0.0,0.0,0,0.0,0.0,0,0.0,0.0,0,140786.00,0.00,0.00,83,13.04,1.16,0.00,-5.0,4.998,4.998,4.998,4.998,213
2022-01-12 15:06:22,0.0,0.0,0,0.0,0.0,0,0.0,0.0,0,140786.00,0.00,0.00,83,13.04,1.15,0.00,-5.0,4.998,4.998,4.998,4.998,62
2022-01-12 15:07:22,0.0,0.0,0,0.0,0.0,0,0.0,0.0,0,140786.00,0.00,0.00,82,13.04,1.14,0.00,-5.0,4.998,4.998,4.998,4.998,252
2022-01-12 15:08:22,0.0,0.0,0,0.0,0.0,0,0.0,0.0,0,140786.00,0.00,0.00,82,13.04,1.14,0.00,-5.0,4.998,4.998,4.998,4.998,136
2022-01-12 15:09:22,0.0,0.0,0,0.0,0.0,0,0.0,0.0,0,140786.00,0.00,0.00,46,13.04,0.64,0.00,-5.0,4.998,4.998,4.998,4.998,29
2022-01-12 15:10:22,0.0,0.0,0,0.0,0.0,0,0.0,0.0,0,140786.00,0.00,0.00,45,13.04,0.62,0.00,-5.0,4.998,4.998,4.998,4.998,196
2022-01-12 15:11:22,0.0,0.0,0,0.0,0.0,0,0.0,0.0,0,140786.00,0.00,0.00,45,13.04,0.62,0.00,-5.0,4.998,4.998,4.998,4.998,189
2022-01-12 15:12:22,0.0,0.0,0,0.0,0.0,0,0.0,0.0,0,140786.00,0.00,0.00,45,13.04,0.62,0.00,-4.5,4.998,4.998,4.998,4.998,193
2022-01-12 15:13:22,0.0,0.0,0,0.0,0.0,0,0.0,0.0,0,140786.00,0.00,0.00,42,13.04,0.59,0.00,-5.0,4.998,4.998,4.998,4.998,206
2022-01-12 15:14:22,0.0,0.0,0,0.0,0.0,0,0.0,0.0,0,140786.00,0.00,0.00,16,13.04,0.22,0.00,-4.5,4.998,4.998,4.998,4.998,130
2022-01-12 15:15:22,0.0,0.0,0,0.0,0.0,0,0.0,0.0,0,140786.00,0.00,0.00,16,13.04,0.22,0.00,-5.0,4.998,4.998,4.998,4.998,65
2022-01-12 15:16:22,0.0,0.0,0,0.0,0.0,0,0.0,0.0,0,140786.00,0.00,0.00,16,13.00,0.23,0.00,-5.0,4.998,4.998,4.998,4.998,57
2022-01-12 15:17:22,0.0,0.0,0,0.0,0.0,0,0.0,0.0,0,140786.00,0.00,0.00,16,13.04,0.23,0.00,-5.5,4.998,4.998,4.998,4.998,65
2022-01-12 15:18:22,0.0,0.0,0,0.0,0.0,0,0.0,0.0,0,140786.00,0.00,0.00,16,13.04,0.23,0.00,-4.5,4.998,4.998,4.998,4.998,251
2022-01-12 15:19:22,0.0,0.0,0,0.0,0.0,0,0.0,0.0,0,140786.00,0.00,0.00,17,13.04,0.23,0.00,-5.0,4.998,4.998,4.998,4.998,72
2022-01-12 15:20:22,0.0,0.0,0,0.0,0.0,0,0.0,0.0,0,140786.00,0.00,0.00,17,13.00,0.23,0.00,-5.0,4.998,4.998,4.998,4.998,179
2022-01-12 15:21:22,0.0,0.0,0,0.0,0.0,0,0.0,0.0,0,140786.00,0.00,0.00,17,13.04,0.23,0.00,-5.0,4.998,4.998,4.998,4.998,191
2022-01-12 15:22:22,0.0,0.0,0,0.0,0.0,0,0.0,0.0,0,140786.00,0.00,0.00,17,13.00,0.23,0.00,-5.0,4.998,4.998,4.998,4.998,12
2022-01-12 15:23:22,0.0,0.0,0,0.0,0.0,0,0.0,0.0,0,140786.00,0.00,0.00,17,13.00,0.23,0.00,-5.0,4.998,4.998,4.998,4.998,117
2022-01-12 15:24:22,0.0,0.0,0,0.0,0.0,0,0.0,0.0,0,140786.00,0.00,0.00,17,13.00,0.23,0.00,-4.5,4.998,4.998,4.998,4.998,213
2022-01-12 15:25:22,0.0,0.0,0,0.0,0.0,0,0.0,0.0,0,140786.00,0.00,0.00,17,13.00,0.23,0.00,-5.0,4.998,4.998,4.998,4.998,22
2022-01-12 15:26:22,0.0,0.0,0,0.0,0.0,0,0.0,0.0,0,140786.00,0.00,0.00,17,13.00,0.23,0.00,-5.0,4.998,4.998,4.998,4.998,208
2022-01-12 15:27:22,0.0,0.0,0,0.0,0.0,0,0.0,0.0,0,140786.00,0.00,0.00,17,13.00,0.23,0.00,-5.0,4.998,4.998,4.998,4.998,169
2022-01-12 15:28:22,0.0,0.0,0,0.0,0.0,0,0.0,0.0,0,140786.00,0.00,0.00,17,13.00,0.23,0.00,-5.0,4.998,4.998,4.998,4.998,221
2022-01-12 15:29:22,0.0,0.0,0,0.0,0.0,0,0.0,0.0,0,140786.00,0.00,0.00,17,13.00,0.23,0.00,-4.5,4.998,4.998,4.998,4.998,30
2022-01-12 15:30:22,0.0,0.0,0,0.0,0.0,0,0.0,0.0,0,140786.00,0.00,0.00,17,13.00,0.23,0.00,-5.5,4.998,4.998,4.998,4.998,212
2022-01-12 15:31:22,0.0,0.0,0,0.0,0.0,0,0.0,0.0,0,140786.00,0.00,0.00,17,13.00,0.23,0.00,-4.5,4.998,4.998,4.998,4.998,99
2022-01-12 15:32:22,0.0,0.0,0,0.0,0.0,0,0.0,0.0,0,140786.00,0.00,0.00,17,13.00,0.23,0.00,-5.0,4.998,4.998,4.998,4.998,31
2022-01-12 15:33:22,0.0,0.0,0,0.0,0.0,0,0.0,0.0,0,140786.00,0.00,0.00,17,12.96,0.23,0.00,-5.0,4.998,4.998,4.998,4.998,82
2022-01-12 15:34:22,0.0,0.0,0,0.0,0.0,0,0.0,0.0,0,140786.00,0.00,0.00,16,12.96,0.23,0.00,-5.0,4.998,4.998,4.998,4.998,56
2022-01-12 15:35:22,0.0,0.0,0,0.0,0.0,0,0.0,0.0,0,140786.00,0.00,0.00,17,12.96,0.24,0.00,-5.0,4.998,4.998,4.998,4.998,111
2022-01-12 15:36:22,0.0,0.0,0,0.0,0.0,0,0.0,0.0,0,140786.00,0.00,0.00,17,12.96,0.23,0.00,-5.0,4.998,4.998,4.998,4.998,247
2022-01-12 15:37:22,0.0,0.0,0,0.0,0.0,0,0.0,0.0,0,140786.00,0.00,0.00,17,12.96,0.23,0.00,-4.5,4.998,4.998,4.998,4.998,52
2022-01-12 15:38:22,0.0,0.0,0,0.0,0.0,0,0.0,0.0,0,140786.00,0.00,0.00,17,12.96,0.24,0.00,-5.0,4.998,4.998,4.998,4.998,164
2022-01-12 15:39:22,0.0,0.0,0,0.0,0.0,0,0.0,0.0,0,140786.00,0.00,0.00,54,12.96,0.76,0.00,-5.5,4.998,4.998,4.998,4.998,136
2022-01-12 15:40:22,0.0,0.0,0,0.0,0.0,0,0.0,0.0,0,140786.00,0.00,0.00,54,12.96,0.76,0.00,-5.0,4.998,4.998,4.998,4.998,55
2022-01-12 15:41:22,0.0,0.0,0,0.0,0.0,0,0.0,0.0,0,140786.00,0.00,0.00,64,12.96,0.89,0.00,-5.0,4.998,4.998,4.998,4.998,255
2022-01-12 15:42:22,0.0,0.0,0,0.0,0.0,0,0.0,0.0,0,140786.00,0.00,0.00,63,12.96,0.88,0.00,-5.0,4.998,4.998,4.998,4.998,166
2022-01-12 15:43:22,0.0,0.0,0,0.0,0.0,0,0.0,0.0,0,140786.00,0.00,0.00,14,12.96,0.20,0.00,-5.0,4.998,4.998,4.998,4.998,235
2022-01-12 15:44:22,0.0,0.0,0,0.0,0.0,0,0.0,0.0,0,140786.00,0.00,0.00,13,12.96,0.19,0.00,-5.0,4.998,4.998,4.998,4.998,219
2022-01-12 15:45:22,0.0,0.0,0,0.0,0.0,0,0.0,0.0,0,140786.00,0.00,0.00,14,12.92,0.19,0.00,-5.0,4.998,4.998,4.998,4.998,131
2022-01-12 15:46:22,0.0,0.0,0,0.0,0.0,0,0.0,0.0,0,140786.00,0.00,0.00,13,12.96,0.19,0.00,-5.0,4.998,4.998,4.998,4.998,100
2022-01-12 15:47:22,0.0,0.0,0,0.0,0.0,0,0.0,0.0,0,140786.00,0.00,0.00,14,12.96,0.19,0.00,-5.0,4.998,4.998,4.998,4.998,73
2022-01-12 15:48:22,0.0,0.0,0,0.0,0.0,0,0.0,0.0,0,140786.00,0.00,0.00,14,12.92,0.20,0.00,-5.0,4.998,4.998,4.998,4.998,54
2022-01-12 15:49:22,0.0,0.0,0,0.0,0.0,0,0.0,0.0,0,140786.00,0.00,0.00,14,12.92,0.19,0.00,-5.0,4.998,4.998,4.998,4.998,49
2022-01-12 15:50:22,0.0,0.0,0,0.0,0.0,0,0.0,0.0,0,140786.00,0.00,0.00,14,12.96,0.19,0.00,-5.0,4.998,4.998,4.998,4.998,64
2022-01-12 15:51:22,0.0,0.0,0,0.0,0.0,0,0.0,0.0,0,140786.00,0.00,0.00,43,12.96,0.61,0.00,-5.0,4.998,4.998,4.998,4.998,176
2022-01-12 15:52:22,0.0,0.0,0,0.0,0.0,0,0.0,0.0,0,140786.00,0.00,0.00,47,12.92,0.65,0.00,-5.0,4.998,4.998,4.998,4.998,108
2022-01-12 15:53:22,0.0,0.0,0,0.0,0.0,0,0.0,0.0,0,140786.00,0.00,0.00,50,12.92,0.69,0.00,-5.0,4.998,4.998,4.998,4.998,152
2022-01-12 15:54:22,0.0,0.0,0,0.0,0.0,0,0.0,0.0,0,140786.00,0.00,0.00,50,12.92,0.69,0.00,-5.0,4.998,4.998,4.998,4.998,130
2022-01-12 15:55:22,0.0,0.0,0,0.0,0.0,0,0.0,0.0,0,140786.00,0.00,0.00,50,12.92,0.69,0.00,-5.0,4.998,4.998,4.998,4.998,251
2022-01-12 15:56:22,0.0,0.0,0,0.0,0.0,0,0.0,0.0,0,140786.00,0.00,0.00,50,12.92,0.69,0.00,-5.0,4.998,4.998,4.998,4.998,61
2022-01-12 15:57:22,0.0,0.0,0,0.0,0.0,0,0.0,0.0,0,140786.00,0.00,0.00,49,12.89,0.69,0.00,-4.5,4.998,4.998,4.998,4.998,142
2022-01-12 15:58:22,0.0,0.0,0,0.0,0.0,0,0.0,0.0,0,140786.00,0.00,0.00,50,12.89,0.69,0.00,-5.0,4.998,4.998,4.998,4.998,46
2022-01-12 15:59:22,0.0,0.0,0,0.0,0.0,0,0.0,0.0,0,140786.00,0.00,0.00,49,12.89,0.69,0.00,-5.0,4.998,4.998,4.998,4.998,57
2022-01-12 16:00:22,0.0,0.0,0,0.0,0.0,0,0.0,0.0,0,140786.00,0.00,0.00,49,12.89,0.68,0.00,-5.0,4.998,4.998,4.998,4.998,13
2022-01-12 16:01:22,0.0,0.0,0,0.0,0.0,0,0.0,0.0,0,140786.00,0.00,0.00,49,12.85,0.68,0.00,-5.0,4.998,4.998,4.998,4.998,184
2022-01-12 16:02:22,0.0,0.0,0,0.0,0.0,0,0.0,0.0,0,140786.00,0.00,0.00,49,12.85,0.68,0.00,-5.0,4.998,4.998,4.998,4.998,126
2022-01-12 16:03:22,0.0,0.0,0,0.0,0.0,0,0.0,0.0,0,140786.00,0.00,0.00,29,12.89,0.41,0.00,-5.0,4.998,4.998,4.998,4.998,78
2022-01-12 16:04:22,0.0,0.0,0,0.0,0.0,0,0.0,0.0,0,140786.00,0.00,0.00,16,12.89,0.22,0.00,-5.0,4.998,4.998,4.998,4.998,191
2022-01-12 16:05:22,0.0,0.0,0,0.0,0.0,0,0.0,0.0,0,140786.00,0.00,0.00,16,12.89,0.22,0.00,-5.5,4.998,4.998,4.998,4.998,178
2022-01-12 16:06:22,0.0,0.0,0,0.0,0.0,0,0.0,0.0,0,140786.00,0.00,0.00,16,12.85,0.22,0.00,-5.0,4.998,4.998,4.998,4.998,204
2022-01-12 16:07:22,0.0,0.0,0,0.0,0.0,0,0.0,0.0,0,140786.00,0.00,0.00,15,12.85,0.21,0.00,-5.5,4.998,4.998,4.998,4.998,164
2022-01-12 16:08:22,0.0,0.0,0,0.0,0.0,0,0.0,0.0,0,140786.00,0.00,0.00,6,12.85,0.08,0.00,-5.0,4.998,4.998,4.998,4.998,42
2022-01-12 16:09:22,0.0,0.0,0,0.0,0.0,0,0.0,0.0,0,140786.00,0.00,0.00,5,12.85,0.08,0.00,-5.0,4.998,4.998,4.998,4.998,10
2022-01-12 16:10:22,0.0,0.0,0,0.0,0.0,0,0.0,0.0,0,140786.00,0.00,0.00,6,12.85,0.09,0.00,-5.0,4.998,4.998,4.998,4.998,149
2022-01-12 16:11:22,0.0,0.0,0,0.0,0.0,0,0.0,0.0,0,140786.00,0.00,0.00,7,12.85,0.09,0.00,-5.0,4.998,4.998,4.998,4.998,141
2022-01-12 16:12:22,0.0,0.0,0,0.0,0.0,0,0.0,0.0,0,140786.00,0.00,0.00,7,12.81,0.09,0.00,-5.0,4.998,4.998,4.998,4.998,164
2022-01-12 16:13:22,0.0,0.0,0,0.0,0.0,0,0.0,0.0,0,140786.00,0.00,0.00,6,12.81,0.09,0.00,-5.0,4.998,4.998,4.998,4.998,188
2022-01-12 16:14:22,0.0,0.0,0,0.0,0.0,0,0.0,0.0,0,140786.00,0.00,0.00,7,12.85,0.10,0.00,-5.0,4.998,4.998,4.998,4.998,121
2022-01-12 16:15:22,0.0,0.0,0,0.0,0.0,0,0.0,0.0,0,140786.00,0.00,0.00,7,12.85,0.10,0.00,-5.0,4.998,4.998,4.998,4.998,17
2022-01-12 16:16:22,0.0,0.0,0,0.0,0.0,0,0.0,0.0,0,140786.00,0.00,0.00,7,12.85,0.10,0.00,-5.0,4.998,4.998,4.998,4.998,77
2022-01-12 16:17:22,0.0,0.0,0,0.0,0.0,0,0.0,0.0,0,140786.00,0.00,0.00,7,12.81,0.10,0.00,-5.5,4.998,4.998,4.998,4.998,36
2022-01-12 16:18:22,0.0,0.0,0,0.0,0.0,0,0.0,0.0,0,140786.00,0.00,0.00,8,12.81,0.11,0.00,-5.0,4.998,4.998,4.998,4.998,138
2022-01-12 16:19:22,0.0,0.0,0,0.0,0.0,0,0.0,0.0,0,140786.00,0.00,0.00,8,12.81,0.11,0.00,-5.0,4.998,4.998,4.998,4.998,226
2022-01-12 16:20:22,0.0,0.0,0,0.0,0.0,0,0.0,0.0,0,140786.00,0.00,0.00,3,12.81,0.04,0.00,-5.0,4.998,4.998,4.998,4.998,72
2022-01-12 16:21:22,0.0,0.0,0,0.0,0.0,0,0.0,0.0,0,140786.00,0.00,0.00,3,12.81,0.05,0.00,-5.0,4.998,4.998,4.998,4.998,235
2022-01-12 16:22:22,0.0,0.0,0,0.0,0.0,0,0.0,0.0,0,140786.00,0.00,0.00,10,12.77,0.15,0.00,-5.5,4.998,4.998,4.998,4.998,86
2022-01-12 16:23:22,0.0,0.0,0,0.0,0.0,0,0.0,0.0,0,140786.00,0.00,0.00,8,12.77,0.12,0.00,-5.5,4.998,4.998,4.998,4.998,252
2022-01-12 16:24:22,0.0,0.0,0,0.0,0.0,0,0.0,0.0,0,140786.00,0.00,0.00,1,12.77,0.01,0.00,-5.0,4.998,4.998,4.998,4.998,106
2022-01-12 16:25:22,0.0,0.0,0,0.0,0.0,0,0.0,0.0,0,140786.00,0.00,0.00,0,12.81,0.00,0.00,-5.5,4.998,4.998,4.998,4.998,117
2022-01-12 16:26:22,0.0,0.0,0,0.0,0.0,0,0.0,0.0,0,140786.00,0.00,0.00,0,12.77,0.00,0.00,-5.0,4.998,4.998,4.998,4.998,229
2022-01-12 16:27:22,0.0,0.0,0,0.0,0.0,0,0.0,0.0,0,140786.00,0.00,0.00,0,12.77,0.00,0.00,-5.0,4.998,4.998,4.998,4.998,141
2022-01-12 16:28:22,0.0,0.0,0,0.0,0.0,0,0.0,0.0,0,140786.00,0.00,0.00,0,12.77,0.00,0.00,-5.0,4.998,4.998,4.998,4.998,198
2022-01-12 16:29:22,0.0,0.0,0,0.0,0.0,0,0.0,0.0,0,140786.00,0.00,0.00,0,12.77,0.00,0.00,-5.0,4.998,4.998,4.998,4.998,174
2022-01-12 16:30:22,0.0,0.0,0,0.0,0.0,0,0.0,0.0,0,140786.00,0.00,0.00,14,12.77,0.20,0.00,-5.0,4.998,4.998,4.998,4.998,37
2022-01-12 16:31:22,0.0,0.0,0,0.0,0.0,0,0.0,0.0,0,140786.00,0.00,0.00,14,12.77,0.20,0.00,-5.0,4.998,4.998,4.998,4.998,92
2022-01-12 16:32:22,0.0,0.0,0,0.0,0.0,0,0.0,0.0,0,140786.00,0.00,0.00,22,12.77,0.30,0.00,-5.0,4.998,4.998,4.998,4.998,81
2022-01-12 16:33:22,0.0,0.0,0,0.0,0.0,0,0.0,0.0,0,140786.00,0.00,0.00,24,12.77,0.34,0.00,-5.5,4.998,4.998,4.998,4.998,11
2022-01-12 16:34:22,0.0,0.0,0,0.0,0.0,0,0.0,0.0,0,140786.00,0.00,0.00,29,12.73,0.41,0.00,-5.0,4.998,4.998,4.998,4.998,185
2022-01-12 16:35:22,0.0,0.0,0,0.0,0.0,0,0.0,0.0,0,140786.00,0.00,0.00,29,12.73,0.41,0.00,-5.0,4.998,4.998,4.998,4.998,192
2022-01-12 16:36:22,0.0,0.0,0,0.0,0.0,0,0.0,0.0,0,140786.00,0.00,0.00,29,12.73,0.41,0.00,-5.0,4.998,4.998,4.998,4.998,6
2022-01-12 16:37:22,0.0,0.0,0,0.0,0.0,0,0.0,0.0,0,140786.00,0.00,0.00,4,12.73,0.06,0.00,-5.5,4.998,4.998,4.998,4.998,124
2022-01-12 16:38:22,0.0,0.0,0,0.0,0.0,0,0.0,0.0,0,140786.00,0.00,0.00,5,12.73,0.07,0.00,-5.0,4.998,4.998,4.998,4.998,248
2022-01-12 16:39:22,0.0,0.0,0,0.0,0.0,0,0.0,0.0,0,140786.00,0.00,0.00,24,12.73,0.34,0.00,-5.5,4.998,4.998,4.998,4.998,175
2022-01-12 16:40:22,0.0,0.0,0,0.0,0.0,0,0.0,0.0,0,140786.00,0.00,0.00,17,12.73,0.23,0.00,-5.0,4.998,4.998,4.998,4.998,233
2022-01-12 16:41:22,0.0,0.0,0,0.0,0.0,0,0.0,0.0,0,140786.00,0.00,0.00,18,12.73,0.25,0.00,-5.5,4.998,4.998,4.998,4.998,43
2022-01-12 16:42:22,0.0,0.0,0,0.0,0.0,0,0.0,0.0,0,140786.00,0.00,0.00,18,12.73,0.25,0.00,-5.5,4.998,4.998,4.998,4.998,237
2022-01-12 16:43:22,0.0,0.0,0,0.0,0.0,0,0.0,0.0,0,140786.00,0.00,0.00,18,12.73,0.25,0.00,-5.0,4.998,4.998,4.998,4.998,224
2022-01-12 16:44:22,0.0,0.0,0,0.0,0.0,0,0.0,0.0,0,140786.00,0.00,0.00,18,12.73,0.25,0.00,-5.0,4.998,4.998,4.998,4.998,250
2022-01-12 16:45:22,0.0,0.0,0,0.0,0.0,0,0.0,0.0,0,140786.00,0.00,0.00,18,12.73,0.25,0.00,-5.5,4.998,4.998,4.998,4.998,247
2022-01-12 16:46:22,0.0,0.0,0,0.0,0.0,0,0.0,0.0,0,140786.00,0.00,0.00,18,12.73,0.25,0.00,-5.0,4.998,4.998,4.998,4.998,69
2022-01-12 16:47:22,0.0,0.0,0,0.0,0.0,0,0.0,0.0,0,140786.00,0.00,0.00,17,12.73,0.24,0.00,-5.0,4.998,4.998,4.998,4.998,173
2022-01-12 16:48:22,0.0,0.0,0,0.0,0.0,0,0.0,0.0,0,140786.00,0.00,0.00,17,12.69,0.24,0.00,-5.0,4.998,4.998,4.998,4.998,20
2022-01-12 16:49:22,0.0,0.0,0,0.0,0.0,0,0.0,0.0,0,140786.00,0.00,0.00,39,12.69,0.54,0.00,-5.0,4.998,4.998,4.998,4.998,60
2022-01-12 16:50:22,0.0,0.0,0,0.0,0.0,0,0.0,0.0,0,140786.00,0.00,0.00,39,12.73,0.54,0.00,-5.0,4.998,4.998,4.998,4.998,245
2022-01-12 16:51:22,0.0,0.0,0,0.0,0.0,0,0.0,0.0,0,140786.00,0.00,0.00,39,12.73,0.54,0.00,-5.0,4.998,4.998,4.998,4.998,140
2022-01-12 16:52:22,0.0,0.0,0,0.0,0.0,0,0.0,0.0,0,140786.00,0.00,0.00,38,12.69,0.53,0.00,-4.5,4.998,4.998,4.998,4.998,19
2022-01-12 16:53:22,0.0,0.0,0,0.0,0.0,0,0.0,0.0,0,140786.00,0.00,0.00,38,12.73,0.53,0.00,-5.0,4.998,4.998,4.998,4.998,29
2022-01-12 16:54:22,0.0,0.0,0,0.0,0.0,0,0.0,0.0,0,140786.00,0.00,0.00,38,12.69,0.53,0.00,-5.0,4.998,4.998,4.998,4.998,202
2022-01-12 16:55:22,0.0,0.0,0,0.0,0.0,0,0.0,0.0,0,140786.00,0.00,0.00,38,12.69,0.53,0.00,-4.5,4.998,4.998,4.998,4.998,9
2022-01-12 16:56:22,0.0,0.0,0,0.0,0.0,0,0.0,0.0,0,140786.00,0.00,0.00,38,12.69,0.53,0.00,-4.5,4.998,4.998,4.998,4.998,207
2022-01-12 16:57:22,0.0,0.0,0,0.0,0.0,0,0.0,0.0,0,140786.00,0.00,0.00,38,12.69,0.53,0.00,-4.5,4.998,4.998,4.998,4.998,182
2022-01-12 16:58:22,0.0,0.0,0,0.0,0.0,0,0.0,0.0,0,140786.00,0.00,0.00,38,12.69,0.53,0.00,-5.5,4.998,4.998,4.998,4.998,12
2022-01-12 16:59:22,0.0,0.0,0,0.0,0.0,0,0.0,0.0,0,140786.00,0.00,0.00,16,12.69,0.22,0.00,-4.5,4.998,4.998,4.998,4.998,33
2022-01-12 17:00:22,0.0,0.0,0,0.0,0.0,0,0.0,0.0,0,140786.00,0.00,0.00,31,12.69,0.44,0.00,-5.0,4.998,4.998,4.998,4.998,190
2022-01-12 17:01:22,0.0,0.0,0,0.0,0.0,0,0.0,0.0,0,140786.00,0.00,0.00,31,12.69,0.43,0.00,-5.0,4.998,4.998,4.998,4.998,153
2022-01-12 17:02:22,0.0,0.0,0,0.0,0.0,0,0.0,0.0,0,140786.00,0.00,0.00,31,12.69,0.43,0.00,-5.0,4.998,4.998,4.998,4.998,95
2022-01-12 17:03:22,0.0,0.0,0,0.0,0.0,0,0.0,0.0,0,140786.00,0.00,0.00,19,12.69,0.27,0.00,-5.0,4.998,4.998,4.998,4.998,215
2022-01-12 17:04:22,0.0,0.0,0,0.0,0.0,0,0.0,0.0,0,140786.00,0.00,0.00,20,12.65,0.27,0.00,-5.0,4.998,4.998,4.998,4.998,103
2022-01-12 17:05:22,0.0,0.0,0,0.0,0.0,0,0.0,0.0,0,140786.00,0.00,0.00,32,12.65,0.45,0.00,-5.0,4.998,4.998,4.998,4.998,84
2022-01-12 17:06:22,0.0,0.0,0,0.0,0.0,0,0.0,0.0,0,140786.00,0.00,0.00,23,12.69,0.32,0.00,-5.0,4.998,4.998,4.998,4.998,19
2022-01-12 17:07:22,0.0,0.0,0,0.0,0.0,0,0.0,0.0,0,140786.00,0.00,0.00,23,12.65,0.33,0.00,-5.0,4.998,4.998,4.998,4.998,109
2022-01-12 17:08:22,0.0,0.0,0,0.0,0.0,0,0.0,0.0,0,140786.00,0.00,0.00,45,12.69,0.62,0.00,-5.0,4.998,4.998,4.998,4.998,189
2022-01-12 17:09:22,0.0,0.0,0,0.0,0.0,0,0.0,0.0,0,140786.00,0.00,0.00,45,12.65,0.62,0.00,-4.5,4.998,4.998,4.998,4.998,178
2022-01-12 17:10:22,0.0,0.0,0,0.0,0.0,0,0.0,0.0,0,140786.00,0.00,0.00,45,12.65,0.62,0.00,-5.0,4.998,4.998,4.998,4.998,12
2022-01-12 17:11:22,0.0,0.0,0,0.0,0.0,0,0.0,0.0,0,140786.00,0.00,0.00,43,12.65,0.61,0.00,-5.5,4.998,4.998,4.998,4.998,8
2022-01-12 17:12:22,0.0,0.0,0,0.0,0.0,0,0.0,0.0,0,140786.00,0.00,0.00,56,12.65,0.78,0.00,-5.0,4.998,4.998,4.998,4.998,64
2022-01-12 17:13:22,0.0,0.0,0,0.0,0.0,0,0.0,0.0,0,140786.00,0.00,0.00,62,12.65,0.86,0.00,-5.0,4.998,4.998,4.998,4.998,95
2022-01-12 17:14:22,0.0,0.0,0,0.0,0.0,0,0.0,0.0,0,140786.00,0.00,0.00,59,12.65,0.82,0.00,-5.5,4.998,4.998,4.998,4.998,28
2022-01-12 17:15:22,0.0,0.0,0,0.0,0.0,0,0.0,0.0,0,140786.00,0.00,0.00,59,12.65,0.82,0.00,-5.0,4.998,4.998,4.998,4.998,17
2022-01-12 17:16:22,0.0,0.0,0,0.0,0.0,0,0.0,0.0,0,140786.00,0.00,0.00,59,12.65,0.82,0.00,-5.0,4.998,4.998,4.998,4.998,215
2022-01-12 17:17:22,0.0,0.0,0,0.0,0.0,0,0.0,0.0,0,140786.00,0.00,0.00,59,12.65,0.82,0.00,-5.0,4.998,4.998,4.998,4.998,174
2022-01-12 17:18:22,0.0,0.0,0,0.0,0.0,0,0.0,0.0,0,140786.00,0.00,0.00,58,12.61,0.80,0.00,-5.0,4.998,4.998,4.998,4.998,57
2022-01-12 17:19:22,0.0,0.0,0,0.0,0.0,0,0.0,0.0,0,140786.00,0.00,0.00,51,12.61,0.71,0.00,-5.0,4.998,4.998,4.998,4.998,184
2022-01-12 17:20:22,0.0,0.0,0,0.0,0.0,0,0.0,0.0,0,140786.00,0.00,0.00,52,12.65,0.72,0.00,-5.0,4.998,4.998,4.998,4.998,38
2022-01-12 17:21:22,0.0,0.0,0,0.0,0.0,0,0.0,0.0,0,140786.00,0.00,0.00,51,12.65,0.71,0.00,-5.0,4.998,4.998,4.998,4.998,58
2022-01-12 17:22:22,0.0,0.0,0,0.0,0.0,0,0.0,0.0,0,140786.00,0.00,0.00,51,12.65,0.71,0.00,-5.0,4.998,4.998,4.998,4.998,252
2022-01-12 17:23:22,0.0,0.0,0,0.0,0.0,0,0.0,0.0,0,140786.00,0.00,0.00,51,12.65,0.71,0.00,-5.0,4.998,4.998,4.998,4.998,133
2022-01-12 17:24:22,0.0,0.0,0,0.0,0.0,0,0.0,0.0,0,140786.00,0.00,0.00,39,12.65,0.54,0.00,-4.5,4.998,4.998,4.998,4.998,103
2022-01-12 17:25:22,0.0,0.0,0,0.0,0.0,0,0.0,0.0,0,140786.00,0.00,0.00,39,12.65,0.54,0.00,-5.5,4.998,4.998,4.998,4.998,208
2022-01-12 17:26:22,0.0,0.0,0,0.0,0.0,0,0.0,0.0,0,140786.00,0.00,0.00,39,12.65,0.54,0.00,-5.0,4.998,4.998,4.998,4.998,98
2022-01-12 17:27:22,0.0,0.0,0,0.0,0.0,0,0.0,0.0,0,140786.00,0.00,0.00,39,12.65,0.54,0.00,-5.0,4.998,4.998,4.998,4.998,27
2022-01-12 17:28:22,0.0,0.0,0,0.0,0.0,0,0.0,0.0,0,140786.00,0.00,0.00,39,12.65,0.54,0.00,-5.0,4.998,4.998,4.998,4.998,111
2022-01-12 17:29:22,0.0,0.0,0,0.0,0.0,0,0.0,0.0,0,140786.00,0.00,0.00,39,12.65,0.54,0.00,-5.0,4.998,4.998,4.998,4.998,22
2022-01-12 17:30:22,0.0,0.0,0,0.0,0.0,0,0.0,0.0,0,140786.00,0.00,0.00,39,12.65,0.55,0.00,-5.0,4.998,4.998,4.998,4.998,217
2022-01-12 17:31:22,0.0,0.0,0,0.0,0.0,0,0.0,0.0,0,140786.00,0.00,0.00,39,12.65,0.55,0.00,-5.0,4.998,4.998,4.998,4.998,160
2022-01-12 17:32:22,0.0,0.0,0,0.0,0.0,0,0.0,0.0,0,140786.00,0.00,0.00,39,12.65,0.55,0.00,-5.0,4.998,4.998,4.998,4.998,102
2022-01-12 17:33:22,0.0,0.0,0,0.0,0.0,0,0.0,0.0,0,140786.00,0.00,0.00,39,12.65,0.55,0.00,-5.0,4.998,4.998,4.998,4.998,31
2022-01-12 17:34:22,0.0,0.0,0,0.0,0.0,0,0.0,0.0,0,140786.00,0.00,0.00,39,12.65,0.55,0.00,-5.0,4.998,4.998,4.998,4.998,5
2022-01-12 17:35:22,0.0,0.0,0,0.0,0.0,0,0.0,0.0,0,140786.00,0.00,0.00,39,12.65,0.55,0.00,-5.0,4.998,4.998,4.998,4.998,124
2022-01-12 17:36:22,0.0,0.0,0,0.0,0.0,0,0.0,0.0,0,140786.00,0.00,0.00,19,12.65,0.26,0.00,-5.0,4.998,4.998,4.998,4.998,236
2022-01-12 17:37:22,0.0,0.0,0,0.0,0.0,0,0.0,0.0,0,140786.00,0.00,0.00,19,12.65,0.26,0.00,-5.5,4.998,4.998,4.998,4.998,225
2022-01-12 17:38:22,0.0,0.0,0,0.0,0.0,0,0.0,0.0,0,140786.00,0.00,0.00,19,12.65,0.26,0.00,-5.0,4.998,4.998,4.998,4.998,225
2022-01-12 17:39:22,0.0,0.0,0,0.0,0.0,0,0.0,0.0,0,140786.00,0.00,0.00,19,12.65,0.26,0.00,-5.0,4.998,4.998,4.998,4.998,152
2022-01-12 17:40:22,0.0,0.0,0,0.0,0.0,0,0.0,0.0,0,140786.00,0.00,0.00,19,12.65,0.26,0.00,-5.0,4.998,4.998,4.998,4.998,83
2022-01-12 17:41:22,0.0,0.0,0,0.0,0.0,0,0.0,0.0,0,140786.00,0.00,0.00,19,12.61,0.26,0.00,-4.5,4.998,4.998,4.998,4.998,229
2022-01-12 17:42:22,0.0,0.0,0,0.0,0.0,0,0.0,0.0,0,140786.00,0.00,0.00,19,12.65,0.26,0.00,-5.0,4.998,4.998,4.998,4.998,236
2022-01-12 17:43:22,0.0,0.0,0,0.0,0.0,0,0.0,0.0,0,140786.00,0.00,0.00,19,12.61,0.26,0.00,-5.0,4.998,4.998,4.998,4.998,224
2022-01-12 17:44:22,0.0,0.0,0,0.0,0.0,0,0.0,0.0,0,140786.00,0.00,0.00,19,12.65,0.26,0.00,-3.1,4.998,4.998,4.998,4.998,99
2022-01-12 17:45:22,0.0,0.0,0,0.0,0.0,0,0.0,0.0,0,140786.00,0.00,0.00,19,12.61,0.26,0.00,-5.0,4.998,4.998,4.998,4.998,131
2022-01-12 17:46:22,0.0,0.0,0,0.0,0.0,0,0.0,0.0,0,140786.00,0.00,0.00,19,12.65,0.26,0.00,-5.0,4.998,4.998,4.998,4.998,48
2022-01-12 17:47:22,0.0,0.0,0,0.0,0.0,0,0.0,0.0,0,140786.00,0.00,0.00,19,12.65,0.26,0.00,-5.0,4.998,4.998,4.998,4.998,73
2022-01-12 17:48:22,0.0,0.0,0,0.0,0.0,0,0.0,0.0,0,140786.00,0.00,0.00,19,12.61,0.27,0.00,-5.0,4.998,4.998,4.998,4.998,131
2022-01-12 17:49:22,0.0,0.0,0,0.0,0.0,0,0.0,0.0,0,140786.00,0.00,0.00,19,12.65,0.26,0.00,-5.0,4.998,4.998,4.998,4.998,68
2022-01-12 17:50:22,0.0,0.0,0,0.0,0.0,0,0.0,0.0,0,140786.00,0.00,0.00,19,12.65,0.26,0.00,-5.0,4.998,4.998,4.998,4.998,64
2022-01-12 17:51:22,0.0,0.0,0,0.0,0.0,0,0.0,0.0,0,140786.00,0.00,0.00,19,12.65,0.26,0.00,-5.0,4.998,4.998,4.998,4.998,57
2022-01-12 17:52:22,0.0,0.0,0,0.0,0.0,0,0.0,0.0,0,140786.00,0.00,0.00,19,12.65,0.26,0.00,-5.5,4.998,4.998,4.998,4.998,139
2022-01-12 17:53:22,0.0,0.0,0,0.0,0.0,0,0.0,0.0,0,140786.00,0.00,0.00,19,12.65,0.26,0.00,-5.0,4.998,4.998,4.998,4.998,134
2022-01-12 17:54:22,0.0,0.0,0,0.0,0.0,0,0.0,0.0,0,140786.00,0.00,0.00,19,12.61,0.26,0.00,-5.0,4.998,4.998,4.998,4.998,233
2022-01-12 17:55:22,0.0,0.0,0,0.0,0.0,0,0.0,0.0,0,140786.00,0.00,0.00,19,12.61,0.27,0.00,-5.0,4.998,4.998,4.998,4.998,91
2022-01-12 17:56:22,0.0,0.0,0,0.0,0.0,0,0.0,0.0,0,140786.00,0.00,0.00,19,12.65,0.26,0.00,-5.0,4.998,4.998,4.998,4.998,35
2022-01-12 17:57:22,0.0,0.0,0,0.0,0.0,0,0.0,0.0,0,140786.00,0.00,0.00,20,12.61,0.27,0.00,-5.0,4.998,4.998,4.998,4.998,130
2022-01-12 17:58:22,0.0,0.0,0,0.0,0.0,0,0.0,0.0,0,140786.00,0.00,0.00,20,12.65,0.27,0.00,-5.0,4.998,4.998,4.998,4.998,131
2022-01-12 17:59:22,0.0,0.0,0,0.0,0.0,0,0.0,0.0,0,140786.00,0.00,0.00,20,12.61,0.27,0.00,-5.0,4.998,4.998,4.998,4.998,143
2022-01-12 18:00:22,0.0,0.0,0,0.0,0.0,0,0.0,0.0,0,140786.00,0.00,0.00,20,12.61,0.27,0.00,-5.0,4.998,4.998,4.998,4.998,220
2022-01-12 18:01:22,0.0,0.0,0,0.0,0.0,0,0.0,0.0,0,140786.00,0.00,0.00,20,12.65,0.27,0.00,-5.0,4.998,4.998,4.998,4.998,208
2022-01-12 18:02:22,0.0,0.0,0,0.0,0.0,0,0.0,0.0,0,140786.00,0.00,0.00,20,12.61,0.27,0.00,-5.0,4.998,4.998,4.998,4.998,99
2022-01-12 18:03:22,0.0,0.0,0,0.0,0.0,0,0.0,0.0,0,140786.00,0.00,0.00,20,12.65,0.27,0.00,-5.0,4.998,4.998,4.998,4.998,111
2022-01-12 18:04:22,0.0,0.0,0,0.0,0.0,0,0.0,0.0,0,140786.00,0.00,0.00,18,12.61,0.26,0.00,-5.0,4.998,4.998,4.998,4.998,221
2022-01-12 18:05:22,0.0,0.0,0,0.0,0.0,0,0.0,0.0,0,140786.00,0.00,0.00,18,12.65,0.25,0.00,-5.0,4.998,4.998,4.998,4.998,252
2022-01-12 18:06:22,0.0,0.0,0,0.0,0.0,0,0.0,0.0,0,140786.00,0.00,0.00,18,12.61,0.26,0.00,-5.0,4.998,4.998,4.998,4.998,98
2022-01-12 18:07:22,0.0,0.0,0,0.0,0.0,0,0.0,0.0,0,140786.00,0.00,0.00,18,12.61,0.26,0.00,-5.0,4.998,4.998,4.998,4.998,27
2022-01-12 18:08:22,0.0,0.0,0,0.0,0.0,0,0.0,0.0,0,140786.00,0.00,0.00,18,12.61,0.25,0.00,-5.5,4.998,4.998,4.998,4.998,54
2022-01-12 18:09:22,0.0,0.0,0,0.0,0.0,0,0.0,0.0,0,140786.00,0.00,0.00,18,12.65,0.25,0.00,-5.0,4.998,4.998,4.998,4.998,78
2022-01-12 18:10:22,0.0,0.0,0,0.0,0.0,0,0.0,0.0,0,140786.00,0.00,0.00,18,12.61,0.26,0.00,-5.0,4.998,4.998,4.998,4.998,18
2022-01-12 18:11:22,0.0,0.0,0,0.0,0.0,0,0.0,0.0,0,140786.00,0.00,0.00,18,12.65,0.25,0.00,-5.5,4.998,4.998,4.998,4.998,71
2022-01-12 18:12:22,0.0,0.0,0,0.0,0.0,0,0.0,0.0,0,140786.00,0.00,0.00,18,12.65,0.26,0.00,-5.0,4.998,4.998,4.998,4.998,216
2022-01-12 18:13:22,0.0,0.0,0,0.0,0.0,0,0.0,0.0,0,140786.00,0.00,0.00,18,12.61,0.26,0.00,-5.0,4.998,4.998,4.998,4.998,212
2022-01-12 18:14:22,0.0,0.0,0,0.0,0.0,0,0.0,0.0,0,140786.00,0.00,0.00,18,12.61,0.26,0.00,-5.0,4.998,4.998,4.998,4.998,206
2022-01-12 18:15:22,0.0,0.0,0,0.0,0.0,0,0.0,0.0,0,140786.00,0.00,0.00,18,12.61,0.26,0.00,-5.0,4.998,4.998,4.998,4.998,183
2022-01-12 18:16:22,0.0,0.0,0,0.0,0.0,0,0.0,0.0,0,140786.00,0.00,0.00,18,12.61,0.26,0.00,-5.0,4.998,4.998,4.998,4.998,113
2022-01-12 18:17:22,0.0,0.0,0,0.0,0.0,0,0.0,0.0,0,140786.00,0.00,0.00,19,12.61,0.26,0.00,-5.0,4.998,4.998,4.998,4.998,120
2022-01-12 18:18:22,0.0,0.0,0,0.0,0.0,0,0.0,0.0,0,140786.00,0.00,0.00,18,12.61,0.25,0.00,-5.0,4.998,4.998,4.998,4.998,81
2022-01-12 18:19:22,0.0,0.0,0,0.0,0.0,0,0.0,0.0,0,140786.00,0.00,0.00,18,12.61,0.26,0.00,-5.0,4.998,4.998,4.998,4.998,5
2022-01-12 18:20:22,0.0,0.0,0,0.0,0.0,0,0.0,0.0,0,140786.00,0.00,0.00,18,12.61,0.25,0.00,-5.0,4.998,4.998,4.998,4.998,166
2022-01-12 18:21:22,0.0,0.0,0,0.0,0.0,0,0.0,0.0,0,140786.00,0.00,0.00,18,12.61,0.26,0.00,-5.0,4.998,4.998,4.998,4.998,242
2022-01-12 18:22:22,0.0,0.0,0,0.0,0.0,0,0.0,0.0,0,140786.00,0.00,0.00,18,12.61,0.25,0.00,-5.0,4.998,4.998,4.998,4.998,25
2022-01-12 18:23:22,0.0,0.0,0,0.0,0.0,0,0.0,0.0,0,140786.00,0.00,0.00,18,12.65,0.25,0.00,-5.0,4.998,4.998,4.998,4.998,21
2022-01-12 18:24:22,0.0,0.0,0,0.0,0.0,0,0.0,0.0,0,140786.00,0.00,0.00,18,12.61,0.25,0.00,-5.0,4.998,4.998,4.998,4.998,122
2022-01-12 18:25:22,0.0,0.0,0,0.0,0.0,0,0.0,0.0,0,140786.00,0.00,0.00,18,12.61,0.26,0.00,-5.0,4.998,4.998,4.998,4.998,46
2022-01-12 18:26:22,0.0,0.0,0,0.0,0.0,0,0.0,0.0,0,140786.00,0.00,0.00,19,12.61,0.26,0.00,-5.5,4.998,4.998,4.998,4.998,236
2022-01-12 18:27:22,0.0,0.0,0,0.0,0.0,0,0.0,0.0,0,140786.00,0.00,0.00,18,12.61,0.26,0.00,-5.0,4.998,4.998,4.998,4.998,145
2022-01-12 18:28:22,0.0,0.0,0,0.0,0.0,0,0.0,0.0,0,140786.00,0.00,0.00,18,12.65,0.26,0.00,-5.0,4.998,4.998,4.998,4.998,144
2022-01-12 18:29:22,0.0,0.0,0,0.0,0.0,0,0.0,0.0,0,140786.00,0.00,0.00,18,12.61,0.26,0.00,-5.0,4.998,4.998,4.998,4.998,156
2022-01-12 18:30:22,0.0,0.0,0,0.0,0.0,0,0.0,0.0,0,140786.00,0.00,0.00,18,12.61,0.26,0.00,-5.0,4.998,4.998,4.998,4.998,152
2022-01-12 18:31:22,0.0,0.0,0,0.0,0.0,0,0.0,0.0,0,140786.00,0.00,0.00,18,12.61,0.26,0.00,-5.0,4.998,4.998,4.998,4.998,225
2022-01-12 18:32:22,0.0,0.0,0,0.0,0.0,0,0.0,0.0,0,140786.00,0.00,0.00,18,12.61,0.26,0.00,-5.0,4.998,4.998,4.998,4.998,39
2022-01-12 18:33:22,0.0,0.0,0,0.0,0.0,0,0.0,0.0,0,140786.00,0.00,0.00,18,12.61,0.26,0.00,-5.0,4.998,4.998,4.998,4.998,94
2022-01-12 18:34:22,0.0,0.0,0,0.0,0.0,0,0.0,0.0,0,140786.00,0.00,0.00,18,12.61,0.26,0.00,-5.0,4.998,4.998,4.998,4.998,68
2022-01-12 18:35:22,0.0,0.0,0,0.0,0.0,0,0.0,0.0,0,140786.00,0.00,0.00,18,12.61,0.26,0.00,-5.0,4.998,4.998,4.998,4.998,61
2022-01-12 18:36:22,0.0,0.0,0,0.0,0.0,0,0.0,0.0,0,140786.00,0.00,0.00,18,12.61,0.26,0.00,-5.0,4.998,4.998,4.998,4.998,251
2022-01-12 18:37:22,0.0,0.0,0,0.0,0.0,0,0.0,0.0,0,140786.00,0.00,0.00,18,12.61,0.26,0.00,-5.0,4.998,4.998,4.998,4.998,130
2022-01-12 18:38:22,0.0,0.0,0,0.0,0.0,0,0.0,0.0,0,140786.00,0.00,0.00,7,12.61,0.10,0.00,-5.5,4.998,4.998,4.998,4.998,200
2022-01-12 18:39:22,0.0,0.0,0,0.0,0.0,0,0.0,0.0,0,140786.00,0.00,0.00,7,12.61,0.10,0.00,-5.0,4.998,4.998,4.998,4.998,212
2022-01-12 18:40:22,0.0,0.0,0,0.0,0.0,0,0.0,0.0,0,140786.00,0.00,0.00,7,12.61,0.10,0.00,-5.0,4.998,4.998,4.998,4.998,171
2022-01-12 18:41:22,0.0,0.0,0,0.0,0.0,0,0.0,0.0,0,140786.00,0.00,0.00,7,12.61,0.10,0.00,-5.0,4.998,4.998,4.998,4.998,195
2022-01-12 18:42:22,0.0,0.0,0,0.0,0.0,0,0.0,0.0,0,140786.00,0.00,0.00,7,12.61,0.10,0.00,-5.5,4.998,4.998,4.998,4.998,235
2022-01-12 18:43:22,0.0,0.0,0,0.0,0.0,0,0.0,0.0,0,140786.00,0.00,0.00,7,12.61,0.10,0.00,-5.0,4.998,4.998,4.998,4.998,247
2022-01-12 18:44:22,0.0,0.0,0,0.0,0.0,0,0.0,0.0,0,140786.00,0.00,0.00,7,12.61,0.10,0.00,-5.0,4.998,4.998,4.998,4.998,177
2022-01-12 18:45:22,0.0,0.0,0,0.0,0.0,0,0.0,0.0,0,140786.00,0.00,0.00,7,12.61,0.10,0.00,-5.0,4.998,4.998,4.998,4.998,217
2022-01-12 18:46:22,0.0,0.0,0,0.0,0.0,0,0.0,0.0,0,140786.00,0.00,0.00,7,12.61,0.10,0.00,-5.0,4.998,4.998,4.998,4.998,133
2022-01-12 18:47:22,0.0,0.0,0,0.0,0.0,0,0.0,0.0,0,140786.00,0.00,0.00,1,12.61,0.02,0.00,-5.0,4.998,4.998,4.998,4.998,216
2022-01-12 18:48:22,0.0,0.0,0,0.0,0.0,0,0.0,0.0,0,140786.00,0.00,0.00,1,12.61,0.01,0.00,-5.0,4.998,4.998,4.998,4.998,190
2022-01-12 18:49:22,0.0,0.0,0,0.0,0.0,0,0.0,0.0,0,140786.00,0.00,0.00,1,12.61,0.02,0.00,-5.0,4.998,4.998,4.998,4.998,251
2022-01-12 18:50:22,0.0,0.0,0,0.0,0.0,0,0.0,0.0,0,140786.00,0.00,0.00,1,12.61,0.01,0.00,-5.5,4.998,4.998,4.998,4.998,190
2022-01-12 18:51:22,0.0,0.0,0,0.0,0.0,0,0.0,0.0,0,140786.00,0.00,0.00,2,12.61,0.02,0.00,-5.0,4.998,4.998,4.998,4.998,199
2022-01-12 18:52:22,0.0,0.0,0,0.0,0.0,0,0.0,0.0,0,140786.00,0.00,0.00,1,12.61,0.02,0.00,-5.0,4.998,4.998,4.998,4.998,211
2022-01-12 18:53:22,0.0,0.0,0,0.0,0.0,0,0.0,0.0,0,140786.00,0.00,0.00,1,12.61,0.02,0.00,-5.0,4.998,4.998,4.998,4.998,187
2022-01-12 18:54:22,0.0,0.0,0,0.0,0.0,0,0.0,0.0,0,140786.00,0.00,0.00,1,12.61,0.01,0.00,-5.0,4.998,4.998,4.998,4.998,208
2022-01-12 18:55:22,0.0,0.0,0,0.0,0.0,0,0.0,0.0,0,140786.00,0.00,0.00,2,12.61,0.02,0.00,-5.0,4.998,4.998,4.998,4.998,221
2022-01-12 18:56:22,0.0,0.0,0,0.0,0.0,0,0.0,0.0,0,140786.00,0.00,0.00,2,12.57,0.02,0.00,-5.0,4.998,4.998,4.998,4.998,207
2022-01-12 18:57:22,0.0,0.0,0,0.0,0.0,0,0.0,0.0,0,140786.00,0.00,0.00,2,12.57,0.02,0.00,-5.0,4.998,4.998,4.998,4.998,167
2022-01-12 18:58:22,0.0,0.0,0,0.0,0.0,0,0.0,0.0,0,140786.00,0.00,0.00,2,12.61,0.02,0.00,-5.0,4.998,4.998,4.998,4.998,162
2022-01-12 18:59:22,0.0,0.0,0,0.0,0.0,0,0.0,0.0,0,140786.00,0.00,0.00,2,12.61,0.02,0.00,-5.5,4.998,4.998,4.998,4.998,190
2022-01-12 19:00:22,0.0,0.0,0,0.0,0.0,0,0.0,0.0,0,140786.00,0.00,0.00,1,12.61,0.02,0.00,-5.0,4.998,4.998,4.998,4.998,157
2022-01-12 19:01:22,0.0,0.0,0,0.0,0.0,0,0.0,0.0,0,140786.00,0.00,0.00,1,12.61,0.02,0.00,-5.0,4.998,4.998,4.998,4.998,245
2022-01-12 19:02:22,0.0,0.0,0,0.0,0.0,0,0.0,0.0,0,140786.00,0.00,0.00,1,12.61,0.01,0.00,-5.0,4.998,4.998,4.998,4.998,132
2022-01-12 19:03:22,0.0,0.0,0,0.0,0.0,0,0.0,0.0,0,140786.00,0.00,0.00,2,12.61,0.02,0.00,-5.5,4.998,4.998,4.998,4.998,253
2022-01-12 19:04:22,0.0,0.0,0,0.0,0.0,0,0.0,0.0,0,140786.00,0.00,0.00,1,12.61,0.02,0.00,-5.0,4.998,4.998,4.998,4.998,135
2022-01-12 19:05:22,0.0,0.0,0,0.0,0.0,0,0.0,0.0,0,140786.00,0.00,0.00,1,12.61,0.02,0.00,-5.0,4.998,4.998,4.998,4.998,239
2022-01-12 19:06:22,0.0,0.0,0,0.0,0.0,0,0.0,0.0,0,140786.00,0.00,0.00,2,12.61,0.02,0.00,-5.0,4.998,4.998,4.998,4.998,251
2022-01-12 19:07:22,0.0,0.0,0,0.0,0.0,0,0.0,0.0,0,140786.00,0.00,0.00,1,12.61,0.02,0.00,-5.0,4.998,4.998,4.998,4.998,219
2022-01-12 19:08:22,0.0,0.0,0,0.0,0.0,0,0.0,0.0,0,140786.00,0.00,0.00,1,12.57,0.02,0.00,-5.0,4.998,4.998,4.998,4.998,222
2022-01-12 19:09:22,0.0,0.0,0,0.0,0.0,0,0.0,0.0,0,140786.00,0.00,0.00,1,12.61,0.02,0.00,-5.5,4.998,4.998,4.998,4.998,140
2022-01-12 19:10:22,0.0,0.0,0,0.0,0.0,0,0.0,0.0,0,140786.00,0.00,0.00,2,12.61,0.02,0.00,-5.0,4.998,4.998,4.998,4.998,172
2022-01-12 19:11:22,0.0,0.0,0,0.0,0.0,0,0.0,0.0,0,140786.00,0.00,0.00,1,12.61,0.02,0.00,-5.0,4.998,4.998,4.998,4.998,140
2022-01-12 19:12:22,0.0,0.0,0,0.0,0.0,0,0.0,0.0,0,140786.00,0.00,0.00,1,12.61,0.02,0.00,-4.5,4.998,4.998,4.998,4.998,106
2022-01-12 19:13:22,0.0,0.0,0,0.0,0.0,0,0.0,0.0,0,140786.00,0.00,0.00,2,12.61,0.02,0.00,-5.0,4.998,4.998,4.998,4.998,240
2022-01-12 19:14:22,0.0,0.0,0,0.0,0.0,0,0.0,0.0,0,140786.00,0.00,0.00,1,12.61,0.02,0.00,-5.5,4.998,4.998,4.998,4.998,138
2022-01-12 19:15:22,0.0,0.0,0,0.0,0.0,0,0.0,0.0,0,140786.00,0.00,0.00,2,12.61,0.02,0.00,-5.0,4.998,4.998,4.998,4.998,222
2022-01-12 19:16:22,0.0,0.0,0,0.0,0.0,0,0.0,0.0,0,140786.00,0.00,0.00,2,12.61,0.02,0.00,-5.0,4.998,4.998,4.998,4.998,130
2022-01-12 19:17:22,0.0,0.0,0,0.0,0.0,0,0.0,0.0,0,140786.00,0.00,0.00,1,12.61,0.02,0.00,-5.0,4.998,4.998,4.998,4.998,162
2022-01-12 19:18:22,0.0,0.0,0,0.0,0.0,0,0.0,0.0,0,140786.00,0.00,0.00,2,12.61,0.02,0.00,-5.0,4.998,4.998,4.998,4.998,161
2022-01-12 19:19:22,0.0,0.0,0,0.0,0.0,0,0.0,0.0,0,140786.00,0.00,0.00,2,12.61,0.02,0.00,-5.0,4.998,4.998,4.998,4.998,201
2022-01-12 19:20:22,0.0,0.0,0,0.0,0.0,0,0.0,0.0,0,140786.00,0.00,0.00,1,12.61,0.02,0.00,-5.0,4.998,4.998,4.998,4.998,34
2022-01-12 19:21:22,0.0,0.0,0,0.0,0.0,0,0.0,0.0,0,140786.00,0.00,0.00,1,12.61,0.02,0.00,-5.0,4.998,4.998,4.998,4.998,74
2022-01-12 19:22:22,0.0,0.0,0,0.0,0.0,0,0.0,0.0,0,140786.00,0.00,0.00,1,12.61,0.02,0.00,-5.0,4.998,4.998,4.998,4.998,22
2022-01-12 19:23:22,0.0,0.0,0,0.0,0.0,0,0.0,0.0,0,140786.00,0.00,0.00,1,12.61,0.02,0.00,-5.0,4.998,4.998,4.998,4.998,126
2022-01-12 19:24:22,0.0,0.0,0,0.0,0.0,0,0.0,0.0,0,140786.00,0.00,0.00,1,12.61,0.02,0.00,-5.0,4.998,4.998,4.998,4.998,56
2022-01-12 19:25:22,0.0,0.0,0,0.0,0.0,0,0.0,0.0,0,140786.00,0.00,0.00,2,12.61,0.02,0.00,-5.0,4.998,4.998,4.998,4.998,24
2022-01-12 19:26:22,0.0,0.0,0,0.0,0.0,0,0.0,0.0,0,140786.00,0.00,0.00,1,12.61,0.01,0.00,-5.0,4.998,4.998,4.998,4.998,33
2022-01-12 19:27:22,0.0,0.0,0,0.0,0.0,0,0.0,0.0,0,140786.00,0.00,0.00,1,12.61,0.01,0.00,-5.5,4.998,4.998,4.998,4.998,61
2022-01-12 19:28:22,0.0,0.0,0,0.0,0.0,0,0.0,0.0,0,140786.00,0.00,0.00,1,12.61,0.02,0.00,-5.0,4.998,4.998,4.998,4.998,47
2022-01-12 19:29:22,0.0,0.0,0,0.0,0.0,0,0.0,0.0,0,140786.00,0.00,0.00,1,12.61,0.02,0.00,-5.0,4.998,4.998,4.998,4.998,71
2022-01-12 19:30:22,0.0,0.0,0,0.0,0.0,0,0.0,0.0,0,140786.00,0.00,0.00,1,12.61,0.01,0.00,-5.5,4.998,4.998,4.998,4.998,2
2022-01-12 19:31:22,0.0,0.0,0,0.0,0.0,0,0.0,0.0,0,140786.00,0.00,0.00,1,12.61,0.02,0.00,-5.0,4.998,4.998,4.998,4.998,51
2022-01-12 19:32:22,0.0,0.0,0,0.0,0.0,0,0.0,0.0,0,140786.00,0.00,0.00,1,12.61,0.02,0.00,-5.5,4.998,4.998,4.998,4.998,27
2022-01-12 19:33:22,0.0,0.0,0,0.0,0.0,0,0.0,0.0,0,140786.00,0.00,0.00,1,12.61,0.02,0.00,-5.5,4.998,4.998,4.998,4.998,115
2022-01-12 19:34:22,0.0,0.0,0,0.0,0.0,0,0.0,0.0,0,140786.00,0.00,0.00,1,12.57,0.02,0.00,-5.0,4.998,4.998,4.998,4.998,15
2022-01-12 19:35:22,0.0,0.0,0,0.0,0.0,0,0.0,0.0,0,140786.00,0.00,0.00,1,12.61,0.02,0.00,-5.5,4.998,4.998,4.998,4.998,93
2022-01-12 19:36:22,0.0,0.0,0,0.0,0.0,0,0.0,0.0,0,140786.00,0.00,0.00,1,12.61,0.02,0.00,-5.0,4.998,4.998,4.998,4.998,117
2022-01-12 19:37:22,0.0,0.0,0,0.0,0.0,0,0.0,0.0,0,140786.00,0.00,0.00,1,12.61,0.02,0.00,-5.0,4.998,4.998,4.998,4.998,29
2022-01-12 19:38:22,0.0,0.0,0,0.0,0.0,0,0.0,0.0,0,140786.00,0.00,0.00,1,12.61,0.02,0.00,-5.5,4.998,4.998,4.998,4.998,34
2022-01-12 19:39:22,0.0,0.0,0,0.0,0.0,0,0.0,0.0,0,140786.00,0.00,0.00,2,12.61,0.02,0.00,-5.0,4.998,4.998,4.998,4.998,118
2022-01-12 19:40:22,0.0,0.0,0,0.0,0.0,0,0.0,0.0,0,140786.00,0.00,0.00,2,12.57,0.02,0.00,-5.5,4.998,4.998,4.998,4.998,51
2022-01-12 19:41:22,0.0,0.0,0,0.0,0.0,0,0.0,0.0,0,140786.00,0.00,0.00,1,12.61,0.02,0.00,-5.0,4.998,4.998,4.998,4.998,41
2022-01-12 19:42:22,0.0,0.0,0,0.0,0.0,0,0.0,0.0,0,140786.00,0.00,0.00,1,12.61,0.02,0.00,-5.0,4.998,4.998,4.998,4.998,117
2022-01-12 19:43:22,0.0,0.0,0,0.0,0.0,0,0.0,0.0,0,140786.00,0.00,0.00,1,12.61,0.02,0.00,-5.0,4.998,4.998,4.998,4.998,29
2022-01-12 19:44:22,0.0,0.0,0,0.0,0.0,0,0.0,0.0,0,140786.00,0.00,0.00,1,12.61,0.02,0.00,-5.5,4.998,4.998,4.998,4.998,47
2022-01-12 19:45:22,0.0,0.0,0,0.0,0.0,0,0.0,0.0,0,140786.00,0.00,0.00,1,12.61,0.02,0.00,-5.5,4.998,4.998,4.998,4.998,71
2022-01-12 19:46:22,0.0,0.0,0,0.0,0.0,0,0.0,0.0,0,140786.00,0.00,0.00,1,12.61,0.02,0.00,-5.0,4.998,4.998,4.998,4.998,111
2022-01-12 19:47:22,0.0,0.0,0,0.0,0.0,0,0.0,0.0,0,140786.00,0.00,0.00,1,12.61,0.02,0.00,-5.0,4.998,4.998,4.998,4.998,7
2022-01-12 19:48:22,0.0,0.0,0,0.0,0.0,0,0.0,0.0,0,140786.00,0.00,0.00,1,12.61,0.02,0.00,-5.0,4.998,4.998,4.998,4.998,76
2022-01-12 19:49:22,0.0,0.0,0,0.0,0.0,0,0.0,0.0,0,140786.00,0.00,0.00,1,12.61,0.02,0.00,-5.0,4.998,4.998,4.998,4.998,36
2022-01-12 19:50:22,0.0,0.0,0,0.0,0.0,0,0.0,0.0,0,140786.00,0.00,0.00,1,12.61,0.02,0.00,-5.5,4.998,4.998,4.998,4.998,76
2022-01-12 19:51:22,0.0,0.0,0,0.0,0.0,0,0.0,0.0,0,140786.00,0.00,0.00,1,12.57,0.01,0.00,-5.0,4.998,4.998,4.998,4.998,51
2022-01-12 19:52:22,0.0,0.0,0,0.0,0.0,0,0.0,0.0,0,140786.00,0.00,0.00,1,12.61,0.01,0.00,-5.0,4.998,4.998,4.998,4.998,33
2022-01-12 19:53:22,0.0,0.0,0,0.0,0.0,0,0.0,0.0,0,140786.00,0.00,0.00,1,12.57,0.01,0.00,-5.0,4.998,4.998,4.998,4.998,7
2022-01-12 19:54:22,0.0,0.0,0,0.0,0.0,0,0.0,0.0,0,140786.00,0.00,0.00,1,12.61,0.01,0.00,-5.0,4.998,4.998,4.998,4.998,15
2022-01-12 19:55:22,0.0,0.0,0,0.0,0.0,0,0.0,0.0,0,140786.00,0.00,0.00,1,12.61,0.01,0.00,-5.0,4.998,4.998,4.998,4.998,103
2022-01-12 19:56:22,0.0,0.0,0,0.0,0.0,0,0.0,0.0,0,140786.00,0.00,0.00,1,12.61,0.02,0.00,-5.0,4.998,4.998,4.998,4.998,22
2022-01-12 19:57:22,0.0,0.0,0,0.0,0.0,0,0.0,0.0,0,140786.00,0.00,0.00,1,12.61,0.01,0.00,-5.0,4.998,4.998,4.998,4.998,83
2022-01-12 19:58:22,0.0,0.0,0,0.0,0.0,0,0.0,0.0,0,140786.00,0.00,0.00,1,12.57,0.02,0.00,-5.0,4.998,4.998,4.998,4.998,123
2022-01-12 19:59:22,0.0,0.0,0,0.0,0.0,0,0.0,0.0,0,140786.00,0.00,0.00,1,12.61,0.02,0.00,-5.0,4.998,4.998,4.998,4.998,93
2022-01-12 20:00:22,0.0,0.0,0,0.0,0.0,0,0.0,0.0,0,140786.00,0.00,0.00,1,12.61,0.01,0.00,-5.5,4.998,4.998,4.998,4.998,158
2022-01-12 20:01:22,0.0,0.0,0,0.0,0.0,0,0.0,0.0,0,140786.00,0.00,0.00,1,12.61,0.01,0.00,-5.5,4.998,4.998,4.998,4.998,246
2022-01-12 20:02:22,0.0,0.0,0,0.0,0.0,0,0.0,0.0,0,140786.00,0.00,0.00,1,12.61,0.02,0.00,-5.0,4.998,4.998,4.998,4.998,243
2022-01-12 20:03:22,0.0,0.0,0,0.0,0.0,0,0.0,0.0,0,140786.00,0.00,0.00,1,12.61,0.01,0.00,-5.5,4.998,4.998,4.998,4.998,194
2022-01-12 20:04:22,0.0,0.0,0,0.0,0.0,0,0.0,0.0,0,140786.00,0.00,0.00,0,12.61,0.00,0.00,-5.5,4.998,4.998,4.998,4.998,63
2022-01-12 20:05:22,0.0,0.0,0,0.0,0.0,0,0.0,0.0,0,140786.00,0.00,0.00,1,12.61,0.02,0.00,-5.0,4.998,4.998,4.998,4.998,181
2022-01-12 20:06:22,0.0,0.0,0,0.0,0.0,0,0.0,0.0,0,140786.00,0.00,0.00,1,12.61,0.02,0.00,-5.0,4.998,4.998,4.998,4.998,233
2022-01-12 20:07:22,0.0,0.0,0,0.0,0.0,0,0.0,0.0,0,140786.00,0.00,0.00,1,12.57,0.01,0.00,-5.5,4.998,4.998,4.998,4.998,150
2022-01-12 20:08:22,0.0,0.0,0,0.0,0.0,0,0.0,0.0,0,140786.00,0.00,0.00,1,12.57,0.02,0.00,-5.5,4.998,4.998,4.998,4.998,240
2022-01-12 20:09:22,0.0,0.0,0,0.0,0.0,0,0.0,0.0,0,140786.00,0.00,0.00,3,12.57,0.04,0.00,-5.0,4.998,4.998,4.998,4.998,65
2022-01-12 20:10:22,0.0,0.0,0,0.0,0.0,0,0.0,0.0,0,140786.00,0.00,0.00,9,12.61,0.13,0.00,-5.5,4.998,4.998,4.998,4.998,248
2022-01-12 20:11:22,0.0,0.0,0,0.0,0.0,0,0.0,0.0,0,140786.00,0.00,0.00,4,12.61,0.05,0.00,-5.5,4.998,4.998,4.998,4.998,144
2022-01-12 20:12:22,0.0,0.0,0,0.0,0.0,0,0.0,0.0,0,140786.00,0.00,0.00,3,12.61,0.05,0.00,-5.0,4.998,4.998,4.998,4.998,236
2022-01-12 20:13:22,0.0,0.0,0,0.0,0.0,0,0.0,0.0,0,140786.00,0.00,0.00,4,12.57,0.06,0.00,-5.5,4.998,4.998,4.998,4.998,199
2022-01-12 20:14:22,0.0,0.0,0,0.0,0.0,0,0.0,0.0,0,140786.00,0.00,0.00,17,12.57,0.24,0.00,-5.0,4.998,4.998,4.998,4.998,11
2022-01-12 20:15:22,0.0,0.0,0,0.0,0.0,0,0.0,0.0,0,140786.00,0.00,0.00,17,12.61,0.24,0.00,-5.0,4.998,4.998,4.998,4.998,60
2022-01-12 20:16:22,0.0,0.0,0,0.0,0.0,0,0.0,0.0,0,140786.00,0.00,0.00,6,12.57,0.08,0.00,-5.0,4.998,4.998,4.998,4.998,214
2022-01-12 20:17:22,0.0,0.0,0,0.0,0.0,0,0.0,0.0,0,140786.00,0.00,0.00,6,12.61,0.09,0.00,-5.5,4.998,4.998,4.998,4.998,79
2022-01-12 20:18:22,0.0,0.0,0,0.0,0.0,0,0.0,0.0,0,140786.00,0.00,0.00,6,12.61,0.08,0.00,-5.5,4.998,4.998,4.998,4.998,207
2022-01-12 20:19:22,0.0,0.0,0,0.0,0.0,0,0.0,0.0,0,140786.00,0.00,0.00,6,12.61,0.08,0.00,-5.0,4.998,4.998,4.998,4.998,211
2022-01-12 20:20:22,0.0,0.0,0,0.0,0.0,0,0.0,0.0,0,140786.00,0.00,0.00,6,12.57,0.08,0.00,-5.5,4.998,4.998,4.998,4.998,74
2022-01-12 20:21:22,0.0,0.0,0,0.0,0.0,0,0.0,0.0,0,140786.00,0.00,0.00,5,12.61,0.08,0.00,-5.5,4.998,4.998,4.998,4.998,36
2022-01-12 20:22:22,0.0,0.0,0,0.0,0.0,0,0.0,0.0,0,140786.00,0.00,0.00,6,12.61,0.08,0.00,-5.0,4.998,4.998,4.998,4.998,68
2022-01-12 20:23:22,0.0,0.0,0,0.0,0.0,0,0.0,0.0,0,140786.00,0.00,0.00,6,12.57,0.08,0.00,-5.5,4.998,4.998,4.998,4.998,22
2022-01-12 20:24:22,0.0,0.0,0,0.0,0.0,0,0.0,0.0,0,140786.00,0.00,0.00,6,12.61,0.08,0.00,-5.0,4.998,4.998,4.998,4.998,106
2022-01-12 20:25:22,0.0,0.0,0,0.0,0.0,0,0.0,0.0,0,140786.00,0.00,0.00,5,12.57,0.08,0.00,-5.5,4.998,4.998,4.998,4.998,112
2022-01-12 20:26:22,0.0,0.0,0,0.0,0.0,0,0.0,0.0,0,140786.00,0.00,0.00,6,12.57,0.08,0.00,-5.5,4.998,4.998,4.998,4.998,100
2022-01-12 20:27:22,0.0,0.0,0,0.0,0.0,0,0.0,0.0,0,140786.00,0.00,0.00,7,12.57,0.09,0.00,-5.0,4.998,4.998,4.998,4.998,195
2022-01-12 20:28:22,0.0,0.0,0,0.0,0.0,0,0.0,0.0,0,140786.00,0.00,0.00,6,12.57,0.08,0.00,-5.5,4.998,4.998,4.998,4.998,71
2022-01-12 20:29:22,0.0,0.0,0,0.0,0.0,0,0.0,0.0,0,140786.00,0.00,0.00,6,12.61,0.08,0.00,-5.5,4.998,4.998,4.998,4.998,97
2022-01-12 20:30:22,0.0,0.0,0,0.0,0.0,0,0.0,0.0,0,140786.00,0.00,0.00,6,12.57,0.08,0.00,-5.0,4.998,4.998,4.998,4.998,71
2022-01-12 20:31:22,0.0,0.0,0,0.0,0.0,0,0.0,0.0,0,140786.00,0.00,0.00,5,12.61,0.08,0.00,-5.5,4.998,4.998,4.998,4.998,93
2022-01-12 20:32:22,0.0,0.0,0,0.0,0.0,0,0.0,0.0,0,140786.00,0.00,0.00,5,12.61,0.08,0.00,-5.0,4.998,4.998,4.998,4.998,117
2022-01-12 20:33:22,0.0,0.0,0,0.0,0.0,0,0.0,0.0,0,140786.00,0.00,0.00,6,12.57,0.08,0.00,-5.0,4.998,4.998,4.998,4.998,27
2022-01-12 20:34:22,0.0,0.0,0,0.0,0.0,0,0.0,0.0,0,140786.00,0.00,0.00,6,12.57,0.08,0.00,-5.0,4.998,4.998,4.998,4.998,93
2022-01-12 20:35:22,0.0,0.0,0,0.0,0.0,0,0.0,0.0,0,140786.00,0.00,0.00,6,12.57,0.08,0.00,-5.5,4.998,4.998,4.998,4.998,65
2022-01-12 20:36:22,0.0,0.0,0,0.0,0.0,0,0.0,0.0,0,140786.00,0.00,0.00,5,12.61,0.08,0.00,-5.0,4.998,4.998,4.998,4.998,111
2022-01-12 20:37:22,0.0,0.0,0,0.0,0.0,0,0.0,0.0,0,140786.00,0.00,0.00,5,12.61,0.08,0.00,-5.0,4.998,4.998,4.998,4.998,7
2022-01-12 20:38:22,0.0,0.0,0,0.0,0.0,0,0.0,0.0,0,140786.00,0.00,0.00,6,12.61,0.08,0.00,-5.5,4.998,4.998,4.998,4.998,112
2022-01-12 20:39:22,0.0,0.0,0,0.0,0.0,0,0.0,0.0,0,140786.00,0.00,0.00,5,12.61,0.08,0.00,-5.5,4.998,4.998,4.998,4.998,80
2022-01-12 20:40:22,0.0,0.0,0,0.0,0.0,0,0.0,0.0,0,140786.00,0.00,0.00,5,12.61,0.08,0.00,-5.5,4.998,4.998,4.998,4.998,47
2022-01-12 20:41:22,0.0,0.0,0,0.0,0.0,0,0.0,0.0,0,140786.00,0.00,0.00,6,12.57,0.08,0.00,-5.0,4.998,4.998,4.998,4.998,53
2022-01-12 20:42:22,0.0,0.0,0,0.0,0.0,0,0.0,0.0,0,140786.00,0.00,0.00,6,12.61,0.09,0.00,-5.5,4.998,4.998,4.998,4.998,152
2022-01-12 20:43:22,0.0,0.0,0,0.0,0.0,0,0.0,0.0,0,140786.00,0.00,0.00,6,12.57,0.08,0.00,-5.0,4.998,4.998,4.998,4.998,1
2022-01-12 20:44:22,0.0,0.0,0,0.0,0.0,0,0.0,0.0,0,140786.00,0.00,0.00,6,12.61,0.08,0.00,-5.5,4.998,4.998,4.998,4.998,125
2022-01-12 20:45:22,0.0,0.0,0,0.0,0.0,0,0.0,0.0,0,140786.00,0.00,0.00,6,12.57,0.09,0.00,-5.5,4.998,4.998,4.998,4.998,144
2022-01-12 20:46:22,0.0,0.0,0,0.0,0.0,0,0.0,0.0,0,140786.00,0.00,0.00,6,12.61,0.09,0.00,-5.0,4.998,4.998,4.998,4.998,246
2022-01-12 20:47:22,0.0,0.0,0,0.0,0.0,0,0.0,0.0,0,140786.00,0.00,0.00,6,12.61,0.08,0.00,-5.5,4.998,4.998,4.998,4.998,33
2022-01-12 20:48:22,0.0,0.0,0,0.0,0.0,0,0.0,0.0,0,140786.00,0.00,0.00,6,12.61,0.08,0.00,-5.0,4.998,4.998,4.998,4.998,30
2022-01-12 20:49:22,0.0,0.0,0,0.0,0.0,0,0.0,0.0,0,140786.00,0.00,0.00,6,12.61,0.08,0.00,-5.0,4.998,4.998,4.998,4.998,118
2022-01-12 20:50:22,0.0,0.0,0,0.0,0.0,0,0.0,0.0,0,140786.00,0.00,0.00,6,12.61,0.09,0.00,-5.5,4.998,4.998,4.998,4.998,213
2022-01-12 20:51:22,0.0,0.0,0,0.0,0.0,0,0.0,0.0,0,140786.00,0.00,0.00,6,12.57,0.09,0.00,-5.5,4.998,4.998,4.998,4.998,243
2022-01-12 20:52:22,0.0,0.0,0,0.0,0.0,0,0.0,0.0,0,140786.00,0.00,0.00,6,12.57,0.08,0.00,-5.5,4.998,4.998,4.998,4.998,100
2022-01-12 20:53:22,0.0,0.0,0,0.0,0.0,0,0.0,0.0,0,140786.00,0.00,0.00,6,12.61,0.09,0.00,-5.5,4.998,4.998,4.998,4.998,137
2022-01-12 20:54:22,0.0,0.0,0,0.0,0.0,0,0.0,0.0,0,140786.00,0.00,0.00,6,12.57,0.09,0.00,-5.5,4.998,4.998,4.998,4.998,129
2022-01-12 20:55:22,0.0,0.0,0,0.0,0.0,0,0.0,0.0,0,140786.00,0.00,0.00,6,12.57,0.09,0.00,-5.5,4.998,4.998,4.998,4.998,233
2022-01-12 20:56:22,0.0,0.0,0,0.0,0.0,0,0.0,0.0,0,140786.00,0.00,0.00,6,12.57,0.09,0.00,-5.5,4.998,4.998,4.998,4.998,181
2022-01-12 20:57:22,0.0,0.0,0,0.0,0.0,0,0.0,0.0,0,140786.00,0.00,0.00,6,12.61,0.09,0.00,-5.5,4.998,4.998,4.998,4.998,147
2022-01-12 20:58:22,0.0,0.0,0,0.0,0.0,0,0.0,0.0,0,140786.00,0.00,0.00,6,12.61,0.09,0.00,-5.5,4.998,4.998,4.998,4.998,216
2022-01-12 20:59:22,0.0,0.0,0,0.0,0.0,0,0.0,0.0,0,140786.00,0.00,0.00,6,12.57,0.08,0.00,-5.5,4.998,4.998,4.998,4.998,53
2022-01-12 21:00:22,0.0,0.0,0,0.0,0.0,0,0.0,0.0,0,140786.00,0.00,0.00,6,12.57,0.09,0.00,-5.0,4.998,4.998,4.998,4.998,149
2022-01-12 21:01:22,0.0,0.0,0,0.0,0.0,0,0.0,0.0,0,140786.00,0.00,0.00,6,12.61,0.08,0.00,-5.5,4.998,4.998,4.998,4.998,12
2022-01-12 21:02:22,0.0,0.0,0,0.0,0.0,0,0.0,0.0,0,140786.00,0.00,0.00,6,12.57,0.08,0.00,-5.5,4.998,4.998,4.998,4.998,30
2022-01-12 21:03:22,0.0,0.0,0,0.0,0.0,0,0.0,0.0,0,140786.00,0.00,0.00,6,12.61,0.08,0.00,-5.5,4.998,4.998,4.998,4.998,56
2022-01-12 21:04:22,0.0,0.0,0,0.0,0.0,0,0.0,0.0,0,140786.00,0.00,0.00,5,12.57,0.08,0.00,-5.5,4.998,4.998,4.998,4.998,120
2022-01-12 21:05:22,0.0,0.0,0,0.0,0.0,0,0.0,0.0,0,140786.00,0.00,0.00,5,12.61,0.07,0.00,-5.5,4.998,4.998,4.998,4.998,186
2022-01-12 21:06:22,0.0,0.0,0,0.0,0.0,0,0.0,0.0,0,140786.00,0.00,0.00,5,12.57,0.08,0.00,-5.5,4.998,4.998,4.998,4.998,76
2022-01-12 21:07:22,0.0,0.0,0,0.0,0.0,0,0.0,0.0,0,140786.00,0.00,0.00,6,12.61,0.08,0.00,-5.5,4.998,4.998,4.998,4.998,34
2022-01-12 21:08:22,0.0,0.0,0,0.0,0.0,0,0.0,0.0,0,140786.00,0.00,0.00,6,12.61,0.08,0.00,-5.5,4.998,4.998,4.998,4.998,105
2022-01-12 21:09:22,0.0,0.0,0,0.0,0.0,0,0.0,0.0,0,140786.00,0.00,0.00,6,12.57,0.09,0.00,-5.0,4.998,4.998,4.998,4.998,240
2022-01-12 21:10:22,0.0,0.0,0,0.0,0.0,0,0.0,0.0,0,140786.00,0.00,0.00,6,12.61,0.08,0.00,-5.5,4.998,4.998,4.998,4.998,29
2022-01-12 21:11:22,0.0,0.0,0,0.0,0.0,0,0.0,0.0,0,140786.00,0.00,0.00,6,12.61,0.08,0.00,-5.5,4.998,4.998,4.998,4.998,117
2022-01-12 21:12:22,0.0,0.0,0,0.0,0.0,0,0.0,0.0,0,140786.00,0.00,0.00,6,12.61,0.08,0.00,-5.5,4.998,4.998,4.998,4.998,41
2022-01-12 21:13:22,0.0,0.0,0,0.0,0.0,0,0.0,0.0,0,140786.00,0.00,0.00,6,12.57,0.08,0.00,-5.5,4.998,4.998,4.998,4.998,15
2022-01-12 21:14:22,0.0,0.0,0,0.0,0.0,0,0.0,0.0,0,140786.00,0.00,0.00,5,12.61,0.08,0.00,-5.5,4.998,4.998,4.998,4.998,79
2022-01-12 21:15:22,0.0,0.0,0,0.0,0.0,0,0.0,0.0,0,140786.00,0.00,0.00,5,12.57,0.08,0.00,-5.5,4.998,4.998,4.998,4.998,105
2022-01-12 21:16:22,0.0,0.0,0,0.0,0.0,0,0.0,0.0,0,140786.00,0.00,0.00,5,12.57,0.08,0.00,-5.5,4.998,4.998,4.998,4.998,53
2022-01-12 21:17:22,0.0,0.0,0,0.0,0.0,0,0.0,0.0,0,140786.00,0.00,0.00,5,12.57,0.08,0.00,-5.5,4.998,4.998,4.998,4.998,93
2022-01-12 21:18:22,0.0,0.0,0,0.0,0.0,0,0.0,0.0,0,140786.00,0.00,0.00,6,12.57,0.08,0.00,-5.0,4.998,4.998,4.998,4.998,42
2022-01-12 21:19:22,0.0,0.0,0,0.0,0.0,0,0.0,0.0,0,140786.00,0.00,0.00,6,12.57,0.08,0.00,-5.5,4.998,4.998,4.998,4.998,54
2022-01-12 21:20:22,0.0,0.0,0,0.0,0.0,0,0.0,0.0,0,140786.00,0.00,0.00,6,12.57,0.08,0.00,-5.0,4.998,4.998,4.998,4.998,225
2022-01-12 21:21:22,0.0,0.0,0,0.0,0.0,0,0.0,0.0,0,140786.00,0.00,0.00,5,12.57,0.08,0.00,-5.5,4.998,4.998,4.998,4.998,181
2022-01-12 21:22:22,0.0,0.0,0,0.0,0.0,0,0.0,0.0,0,140786.00,0.00,0.00,5,12.57,0.08,0.00,-5.5,4.998,4.998,4.998,4.998,233
2022-01-12 21:23:22,0.0,0.0,0,0.0,0.0,0,0.0,0.0,0,140786.00,0.00,0.00,5,12.61,0.08,0.00,-5.5,4.998,4.998,4.998,4.998,207
2022-01-12 21:24:22,0.0,0.0,0,0.0,0.0,0,0.0,0.0,0,140786.00,0.00,0.00,5,12.61,0.08,0.00,-5.5,4.998,4.998,4.998,4.998,137
2022-01-12 21:25:22,0.0,0.0,0,0.0,0.0,0,0.0,0.0,0,140786.00,0.00,0.00,5,12.57,0.08,0.00,-5.5,4.998,4.998,4.998,4.998,175
2022-01-12 21:26:22,0.0,0.0,0,0.0,0.0,0,0.0,0.0,0,140786.00,0.00,0.00,5,12.61,0.08,0.00,-5.5,4.998,4.998,4.998,4.998,189
2022-01-12 21:27:22,0.0,0.0,0,0.0,0.0,0,0.0,0.0,0,140786.00,0.00,0.00,343,12.61,4.77,0.00,-5.5,4.998,4.998,4.998,4.998,86
2022-01-12 21:28:22,0.0,0.0,0,0.0,0.0,0,0.0,0.0,0,140786.00,0.00,0.00,340,12.57,4.73,0.00,-5.5,4.998,4.998,4.998,4.998,94
2022-01-12 21:29:22,0.0,0.0,0,0.0,0.0,0,0.0,0.0,0,140786.00,0.00,0.00,341,12.57,4.74,0.00,-5.5,4.998,4.998,4.998,4.998,99
2022-01-12 21:30:22,0.0,0.0,0,0.0,0.0,0,0.0,0.0,0,140786.00,0.00,0.00,340,12.61,4.73,0.00,-5.5,4.998,4.998,4.998,4.998,110
2022-01-12 21:31:22,0.0,0.0,0,0.0,0.0,0,0.0,0.0,0,140786.00,0.00,0.00,341,12.61,4.73,0.00,-6.0,4.998,4.998,4.998,4.998,208
2022-01-12 21:32:22,0.0,0.0,0,0.0,0.0,0,0.0,0.0,0,140786.00,0.00,0.00,341,12.61,4.73,0.00,-5.5,4.998,4.998,4.998,4.998,148
2022-01-12 21:33:22,0.0,0.0,0,0.0,0.0,0,0.0,0.0,0,140786.00,0.00,0.00,341,12.61,4.73,0.00,-5.5,4.998,4.998,4.998,4.998,135
2022-01-12 21:34:22,0.0,0.0,0,0.0,0.0,0,0.0,0.0,0,140786.00,0.00,0.00,341,12.57,4.73,0.00,-5.5,4.998,4.998,4.998,4.998,21
2022-01-12 21:35:22,0.0,0.0,0,0.0,0.0,0,0.0,0.0,0,140786.00,0.00,0.00,341,12.61,4.73,0.00,-5.5,4.998,4.998,4.998,4.998,72
2022-01-12 21:36:22,0.0,0.0,0,0.0,0.0,0,0.0,0.0,0,140786.00,0.00,0.00,341,12.61,4.74,0.00,-5.5,4.998,4.998,4.998,4.998,143
2022-01-12 21:37:22,0.0,0.0,0,0.0,0.0,0,0.0,0.0,0,140786.00,0.00,0.00,341,12.57,4.74,0.00,-5.5,4.998,4.998,4.998,4.998,210
2022-01-12 21:38:22,0.0,0.0,0,0.0,0.0,0,0.0,0.0,0,140786.00,0.00,0.00,341,12.61,4.74,0.00,-5.5,4.998,4.998,4.998,4.998,225
2022-01-12 21:39:22,0.0,0.0,0,0.0,0.0,0,0.0,0.0,0,140786.00,0.00,0.00,341,12.61,4.74,0.00,-5.5,4.998,4.998,4.998,4.998,242
2022-01-12 21:40:22,0.0,0.0,0,0.0,0.0,0,0.0,0.0,0,140786.00,0.00,0.00,341,12.57,4.73,0.00,-6.0,4.998,4.998,4.998,4.998,200
2022-01-12 21:41:22,0.0,0.0,0,0.0,0.0,0,0.0,0.0,0,140786.00,0.00,0.00,341,12.57,4.74,0.00,-5.5,4.998,4.998,4.998,4.998,88
2022-01-12 21:42:22,0.0,0.0,0,0.0,0.0,0,0.0,0.0,0,140786.00,0.00,0.00,341,12.57,4.74,0.00,-5.5,4.998,4.998,4.998,4.998,193
2022-01-12 21:43:22,0.0,0.0,0,0.0,0.0,0,0.0,0.0,0,140786.00,0.00,0.00,341,12.61,4.74,0.00,-5.5,4.998,4.998,4.998,4.998,156
2022-01-12 21:44:22,0.0,0.0,0,0.0,0.0,0,0.0,0.0,0,140786.00,0.00,0.00,341,12.57,4.74,0.00,-5.5,4.998,4.998,4.998,4.998,14
2022-01-12 21:45:22,0.0,0.0,0,0.0,0.0,0,0.0,0.0,0,140786.00,0.00,0.00,341,12.61,4.74,0.00,-5.5,4.998,4.998,4.998,4.998,83
2022-01-12 21:46:22,0.0,0.0,0,0.0,0.0,0,0.0,0.0,0,140786.00,0.00,0.00,341,12.57,4.74,0.00,-5.5,4.998,4.998,4.998,4.998,132
2022-01-12 21:47:22,0.0,0.0,0,0.0,0.0,0,0.0,0.0,0,140786.00,0.00,0.00,341,12.57,4.74,0.00,-5.5,4.998,4.998,4.998,4.998,151
2022-01-12 21:48:22,0.0,0.0,0,0.0,0.0,0,0.0,0.0,0,140786.00,0.00,0.00,341,12.57,4.73,0.00,-5.5,4.998,4.998,4.998,4.998,180
2022-01-12 21:49:22,0.0,0.0,0,0.0,0.0,0,0.0,0.0,0,140786.00,0.00,0.00,341,12.61,4.74,0.00,-5.5,4.998,4.998,4.998,4.998,183
2022-01-12 21:50:22,0.0,0.0,0,0.0,0.0,0,0.0,0.0,0,140786.00,0.00,0.00,341,12.57,4.74,0.00,-5.5,4.998,4.998,4.998,4.998,148
2022-01-12 21:51:22,0.0,0.0,0,0.0,0.0,0,0.0,0.0,0,140786.00,0.00,0.00,341,12.61,4.73,0.00,-5.5,4.998,4.998,4.998,4.998,151
2022-01-12 21:52:22,0.0,0.0,0,0.0,0.0,0,0.0,0.0,0,140786.00,0.00,0.00,341,12.61,4.74,0.00,-5.5,4.998,4.998,4.998,4.998,80
2022-01-12 21:53:22,0.0,0.0,0,0.0,0.0,0,0.0,0.0,0,140786.00,0.00,0.00,341,12.61,4.74,0.00,-5.5,4.998,4.998,4.998,4.998,67
2022-01-12 21:54:22,0.0,0.0,0,0.0,0.0,0,0.0,0.0,0,140786.00,0.00,0.00,341,12.61,4.74,0.00,-5.5,4.998,4.998,4.998,4.998,159
2022-01-12 21:55:22,0.0,0.0,0,0.0,0.0,0,0.0,0.0,0,140786.00,0.00,0.00,341,12.57,4.74,0.00,-5.5,4.998,4.998,4.998,4.998,194
2022-01-12 21:56:22,0.0,0.0,0,0.0,0.0,0,0.0,0.0,0,140786.00,0.00,0.00,341,12.57,4.74,0.00,-5.5,4.998,4.998,4.998,4.998,91
2022-01-12 21:57:22,0.0,0.0,0,0.0,0.0,0,0.0,0.0,0,140786.00,0.00,0.00,341,12.61,4.74,0.00,-5.5,4.998,4.998,4.998,4.998,6
2022-01-12 21:58:22,0.0,0.0,0,0.0,0.0,0,0.0,0.0,0,140786.00,0.00,0.00,341,12.61,4.74,0.00,-5.5,4.998,4.998,4.998,4.998,123
2022-01-12 21:59:22,0.0,0.0,0,0.0,0.0,0,0.0,0.0,0,140786.00,0.00,0.00,341,12.61,4.74,0.00,-5.5,4.998,4.998,4.998,4.998,104
2022-01-12 22:00:22,0.0,0.0,0,0.0,0.0,0,0.0,0.0,0,140786.00,0.00,0.00,341,12.57,4.74,0.00,-5.5,4.998,4.998,4.998,4.998,110
2022-01-12 22:01:22,0.0,0.0,0,0.0,0.0,0,0.0,0.0,0,140786.00,0.00,0.00,341,12.57,4.74,0.00,-5.5,4.998,4.998,4.998,4.998,125
2022-01-12 22:02:22,0.0,0.0,0,0.0,0.0,0,0.0,0.0,0,140786.00,0.00,0.00,341,12.57,4.74,0.00,-5.5,4.998,4.998,4.998,4.998,228
2022-01-12 22:03:22,0.0,0.0,0,0.0,0.0,0,0.0,0.0,0,140786.00,0.00,0.00,341,12.57,4.74,0.00,-5.5,4.998,4.998,4.998,4.998,247
2022-01-12 22:04:22,0.0,0.0,0,0.0,0.0,0,0.0,0.0,0,140786.00,0.00,0.00,341,12.61,4.74,0.00,-5.5,4.998,4.998,4.998,4.998,101
2022-01-12 22:05:22,0.0,0.0,0,0.0,0.0,0,0.0,0.0,0,140786.00,0.00,0.00,341,12.57,4.74,0.00,-5.5,4.998,4.998,4.998,4.998,56
2022-01-12 22:06:22,0.0,0.0,0,0.0,0.0,0,0.0,0.0,0,140786.00,0.00,0.00,341,12.61,4.74,0.00,-5.5,4.998,4.998,4.998,4.998,239
2022-01-12 22:07:22,0.0,0.0,0,0.0,0.0,0,0.0,0.0,0,140786.00,0.00,0.00,341,12.57,4.73,0.00,-5.5,4.998,4.998,4.998,4.998,236
2022-01-12 22:08:22,0.0,0.0,0,0.0,0.0,0,0.0,0.0,0,140786.00,0.00,0.00,341,12.57,4.74,0.00,-5.5,4.998,4.998,4.998,4.998,207
2022-01-12 22:09:22,0.0,0.0,0,0.0,0.0,0,0.0,0.0,0,140786.00,0.00,0.00,341,12.57,4.74,0.00,-5.5,4.998,4.998,4.998,4.998,220
2022-01-12 22:10:22,0.0,0.0,0,0.0,0.0,0,0.0,0.0,0,140786.00,0.00,0.00,341,12.57,4.74,0.00,-5.5,4.998,4.998,4.998,4.998,177
2022-01-12 22:11:22,0.0,0.0,0,0.0,0.0,0,0.0,0.0,0,140786.00,0.00,0.00,341,12.57,4.74,0.00,-5.5,4.998,4.998,4.998,4.998,162
2022-01-12 22:12:22,0.0,0.0,0,0.0,0.0,0,0.0,0.0,0,140786.00,0.00,0.00,341,12.57,4.74,0.00,-5.5,4.998,4.998,4.998,4.998,59
2022-01-12 22:13:22,0.0,0.0,0,0.0,0.0,0,0.0,0.0,0,140786.00,0.00,0.00,341,12.57,4.74,0.00,-5.5,4.998,4.998,4.998,4.998,40
2022-01-12 22:14:22,0.0,0.0,0,0.0,0.0,0,0.0,0.0,0,140786.00,0.00,0.00,341,12.57,4.73,0.00,-5.5,4.998,4.998,4.998,4.998,170
2022-01-12 22:15:22,0.0,0.0,0,0.0,0.0,0,0.0,0.0,0,140786.00,0.00,0.00,341,12.57,4.73,0.00,-5.5,4.998,4.998,4.998,4.998,185
2022-01-12 22:16:22,0.0,0.0,0,0.0,0.0,0,0.0,0.0,0,140786.00,0.00,0.00,341,12.57,4.73,0.00,-5.5,4.998,4.998,4.998,4.998,32
2022-01-12 22:17:22,0.0,0.0,0,0.0,0.0,0,0.0,0.0,0,140786.00,0.00,0.00,332,12.57,4.62,0.00,-6.0,4.998,4.998,4.998,4.998,134
2022-01-12 22:18:22,0.0,0.0,0,0.0,0.0,0,0.0,0.0,0,140786.00,0.00,0.00,310,12.57,4.30,0.00,-6.0,4.998,4.998,4.998,4.998,166
2022-01-12 22:19:22,0.0,0.0,0,0.0,0.0,0,0.0,0.0,0,140786.00,0.00,0.00,341,12.57,4.73,0.00,-5.5,4.998,4.998,4.998,4.998,93
2022-01-12 22:20:22,0.0,0.0,0,0.0,0.0,0,0.0,0.0,0,140786.00,0.00,0.00,341,12.61,4.74,0.00,-5.5,4.998,4.998,4.998,4.998,204
2022-01-12 22:21:22,0.0,0.0,0,0.0,0.0,0,0.0,0.0,0,140786.00,0.00,0.00,341,12.57,4.73,0.00,-5.5,4.998,4.998,4.998,4.998,207
2022-01-12 22:22:22,0.0,0.0,0,0.0,0.0,0,0.0,0.0,0,140786.00,0.00,0.00,341,12.57,4.74,0.00,-5.5,4.998,4.998,4.998,4.998,8
2022-01-12 22:23:22,0.0,0.0,0,0.0,0.0,0,0.0,0.0,0,140786.00,0.00,0.00,352,12.57,4.90,0.00,-5.5,4.998,4.998,4.998,4.998,138
2022-01-12 22:24:22,0.0,0.0,0,0.0,0.0,0,0.0,0.0,0,140786.00,0.00,0.00,353,12.57,4.91,0.00,-6.0,4.998,4.998,4.998,4.998,48
2022-01-12 22:25:22,0.0,0.0,0,0.0,0.0,0,0.0,0.0,0,140786.00,0.00,0.00,353,12.57,4.90,0.00,-5.5,4.998,4.998,4.998,4.998,53
2022-01-12 22:26:22,0.0,0.0,0,0.0,0.0,0,0.0,0.0,0,140786.00,0.00,0.00,352,12.57,4.90,0.00,-5.5,4.998,4.998,4.998,4.998,220
2022-01-12 22:27:22,0.0,0.0,0,0.0,0.0,0,0.0,0.0,0,140786.00,0.00,0.00,328,12.57,4.55,0.00,-6.0,4.998,4.998,4.998,4.998,194
2022-01-12 22:28:22,0.0,0.0,0,0.0,0.0,0,0.0,0.0,0,140786.00,0.00,0.00,359,12.61,4.99,0.00,-6.0,4.998,4.998,4.998,4.998,22
2022-01-12 22:29:22,0.0,0.0,0,0.0,0.0,0,0.0,0.0,0,140786.00,0.00,0.00,336,12.57,4.67,0.00,-6.0,4.998,4.998,4.998,4.998,127
2022-01-12 22:30:22,0.0,0.0,0,0.0,0.0,0,0.0,0.0,0,140786.00,0.00,0.00,336,12.57,4.67,0.00,-5.5,4.998,4.998,4.998,4.998,207
2022-01-12 22:31:22,0.0,0.0,0,0.0,0.0,0,0.0,0.0,0,140786.00,0.00,0.00,336,12.61,4.67,0.00,-6.0,4.998,4.998,4.998,4.998,79
2022-01-12 22:32:22,0.0,0.0,0,0.0,0.0,0,0.0,0.0,0,140786.00,0.00,0.00,336,12.57,4.67,0.00,-5.5,4.998,4.998,4.998,4.998,69
2022-01-12 22:33:22,0.0,0.0,0,0.0,0.0,0,0.0,0.0,0,140786.00,0.00,0.00,336,12.57,4.67,0.00,-6.0,4.998,4.998,4.998,4.998,139
2022-01-12 22:34:22,0.0,0.0,0,0.0,0.0,0,0.0,0.0,0,140786.00,0.00,0.00,4,12.57,0.06,0.00,-5.5,4.998,4.998,4.998,4.998,210
2022-01-12 22:35:22,0.0,0.0,0,0.0,0.0,0,0.0,0.0,0,140786.00,0.00,0.00,4,12.61,0.06,0.00,-5.5,4.998,4.998,4.998,4.998,244
2022-01-12 22:36:22,0.0,0.0,0,0.0,0.0,0,0.0,0.0,0,140786.00,0.00,0.00,4,12.57,0.06,0.00,-6.0,4.998,4.998,4.998,4.998,59
2022-01-12 22:37:22,0.0,0.0,0,0.0,0.0,0,0.0,0.0,0,140786.00,0.00,0.00,4,12.57,0.06,0.00,-5.5,4.998,4.998,4.998,4.998,142
2022-01-12 22:38:22,0.0,0.0,0,0.0,0.0,0,0.0,0.0,0,140786.00,0.00,0.00,4,12.57,0.06,0.00,-5.5,4.998,4.998,4.998,4.998,197
2022-01-12 22:39:22,0.0,0.0,0,0.0,0.0,0,0.0,0.0,0,140786.00,0.00,0.00,4,12.61,0.06,0.00,-5.5,4.998,4.998,4.998,4.998,227
2022-01-12 22:40:22,0.0,0.0,0,0.0,0.0,0,0.0,0.0,0,140786.00,0.00,0.00,4,12.57,0.06,0.00,-6.0,4.998,4.998,4.998,4.998,15
2022-01-12 22:41:22,0.0,0.0,0,0.0,0.0,0,0.0,0.0,0,140786.00,0.00,0.00,4,12.61,0.06,0.00,-5.5,4.998,4.998,4.998,4.998,244
2022-01-12 22:42:22,0.0,0.0,0,0.0,0.0,0,0.0,0.0,0,140786.00,0.00,0.00,4,12.57,0.06,0.00,-5.5,4.998,4.998,4.998,4.998,230
2022-01-12 22:43:22,0.0,0.0,0,0.0,0.0,0,0.0,0.0,0,140786.00,0.00,0.00,4,12.57,0.06,0.00,-6.0,4.998,4.998,4.998,4.998,83
2022-01-12 22:44:22,0.0,0.0,0,0.0,0.0,0,0.0,0.0,0,140786.00,0.00,0.00,4,12.57,0.06,0.00,-6.0,4.998,4.998,4.998,4.998,21
2022-01-12 22:45:22,0.0,0.0,0,0.0,0.0,0,0.0,0.0,0,140786.00,0.00,0.00,4,12.57,0.06,0.00,-6.0,4.998,4.998,4.998,4.998,125
2022-01-12 22:46:22,0.0,0.0,0,0.0,0.0,0,0.0,0.0,0,140786.00,0.00,0.00,4,12.57,0.06,0.00,-6.0,4.998,4.998,4.998,4.998,33
2022-01-12 22:47:22,0.0,0.0,0,0.0,0.0,0,0.0,0.0,0,140786.00,0.00,0.00,5,12.57,0.07,0.00,-6.0,4.998,4.998,4.998,4.998,242
2022-01-12 22:48:22,0.0,0.0,0,0.0,0.0,0,0.0,0.0,0,140786.00,0.00,0.00,4,12.57,0.06,0.00,-6.0,4.998,4.998,4.998,4.998,2
2022-01-12 22:49:22,0.0,0.0,0,0.0,0.0,0,0.0,0.0,0,140786.00,0.00,0.00,4,12.57,0.06,0.00,-5.5,4.998,4.998,4.998,4.998,183
2022-01-12 22:50:22,0.0,0.0,0,0.0,0.0,0,0.0,0.0,0,140786.00,0.00,0.00,4,12.57,0.06,0.00,-5.5,4.998,4.998,4.998,4.998,171
2022-01-12 22:51:22,0.0,0.0,0,0.0,0.0,0,0.0,0.0,0,140786.00,0.00,0.00,4,12.57,0.06,0.00,-5.5,4.998,4.998,4.998,4.998,195
2022-01-12 22:52:22,0.0,0.0,0,0.0,0.0,0,0.0,0.0,0,140786.00,0.00,0.00,4,12.57,0.06,0.00,-6.0,4.998,4.998,4.998,4.998,66
2022-01-12 22:53:22,0.0,0.0,0,0.0,0.0,0,0.0,0.0,0,140786.00,0.00,0.00,4,12.57,0.06,0.00,-6.0,4.998,4.998,4.998,4.998,42
2022-01-12 22:54:22,0.0,0.0,0,0.0,0.0,0,0.0,0.0,0,140786.00,0.00,0.00,4,12.57,0.06,0.00,-6.0,4.998,4.998,4.998,4.998,108
2022-01-12 22:55:22,0.0,0.0,0,0.0,0.0,0,0.0,0.0,0,140786.00,0.00,0.00,4,12.57,0.06,0.00,-5.5,4.998,4.998,4.998,4.998,217
2022-01-12 22:56:22,0.0,0.0,0,0.0,0.0,0,0.0,0.0,0,140786.00,0.00,0.00,4,12.57,0.06,0.00,-5.5,4.998,4.998,4.998,4.998,133
2022-01-12 22:57:22,0.0,0.0,0,0.0,0.0,0,0.0,0.0,0,140786.00,0.00,0.00,4,12.57,0.06,0.00,-5.5,4.998,4.998,4.998,4.998,237
2022-01-12 22:58:22,0.0,0.0,0,0.0,0.0,0,0.0,0.0,0,140786.00,0.00,0.00,3,12.57,0.04,0.00,-6.0,4.998,4.998,4.998,4.998,201
2022-01-12 22:59:22,0.0,0.0,0,0.0,0.0,0,0.0,0.0,0,140786.00,0.00,0.00,3,12.57,0.04,0.00,-6.0,4.998,4.998,4.998,4.998,161
2022-01-12 23:00:22,0.0,0.0,0,0.0,0.0,0,0.0,0.0,0,140786.00,0.00,0.00,3,12.57,0.04,0.00,-6.0,4.998,4.998,4.998,4.998,190
2022-01-12 23:01:22,0.0,0.0,0,0.0,0.0,0,0.0,0.0,0,140786.00,0.00,0.00,3,12.57,0.04,0.00,-6.0,4.998,4.998,4.998,4.998,214
2022-01-12 23:02:22,0.0,0.0,0,0.0,0.0,0,0.0,0.0,0,140786.00,0.00,0.00,3,12.57,0.04,0.00,-5.5,4.998,4.998,4.998,4.998,87
2022-01-12 23:03:22,0.0,0.0,0,0.0,0.0,0,0.0,0.0,0,140786.00,0.00,0.00,3,12.57,0.04,0.00,-5.5,4.998,4.998,4.998,4.998,63
2022-01-12 23:04:22,0.0,0.0,0,0.0,0.0,0,0.0,0.0,0,140786.00,0.00,0.00,3,12.61,0.04,0.00,-6.0,4.998,4.998,4.998,4.998,234
2022-01-12 23:05:22,0.0,0.0,0,0.0,0.0,0,0.0,0.0,0,140786.00,0.00,0.00,3,12.57,0.04,0.00,-5.5,4.998,4.998,4.998,4.998,17
2022-01-12 23:06:22,0.0,0.0,0,0.0,0.0,0,0.0,0.0,0,140786.00,0.00,0.00,3,12.57,0.04,0.00,-6.0,4.998,4.998,4.998,4.998,144
2022-01-12 23:07:22,0.0,0.0,0,0.0,0.0,0,0.0,0.0,0,140786.00,0.00,0.00,359,12.57,4.99,0.00,-5.5,4.998,4.998,4.998,4.998,118
2022-01-12 23:08:22,0.0,0.0,0,0.0,0.0,0,0.0,0.0,0,140786.00,0.00,0.00,328,12.57,4.55,0.00,-5.5,4.998,4.998,4.998,4.998,236
2022-01-12 23:09:22,0.0,0.0,0,0.0,0.0,0,0.0,0.0,0,140786.00,0.00,0.00,327,12.61,4.55,0.00,-6.0,4.998,4.998,4.998,4.998,54
2022-01-12 23:10:22,0.0,0.0,0,0.0,0.0,0,0.0,0.0,0,140786.00,0.00,0.00,327,12.57,4.55,0.00,-6.0,4.998,4.998,4.998,4.998,21
2022-01-12 23:11:22,0.0,0.0,0,0.0,0.0,0,0.0,0.0,0,140786.00,0.00,0.00,328,12.57,4.55,0.00,-5.5,4.998,4.998,4.998,4.998,129
2022-01-12 23:12:22,0.0,0.0,0,0.0,0.0,0,0.0,0.0,0,140786.00,0.00,0.00,328,12.61,4.55,0.00,-6.0,4.998,4.998,4.998,4.998,139
2022-01-12 23:13:22,0.0,0.0,0,0.0,0.0,0,0.0,0.0,0,140786.00,0.00,0.00,327,12.57,4.55,0.00,-5.5,4.998,4.998,4.998,4.998,81
2022-01-12 23:14:22,0.0,0.0,0,0.0,0.0,0,0.0,0.0,0,140786.00,0.00,0.00,340,12.57,4.73,0.00,-5.5,4.998,4.998,4.998,4.998,184
2022-01-12 23:15:22,0.0,0.0,0,0.0,0.0,0,0.0,0.0,0,140786.00,0.00,0.00,329,12.61,4.57,0.00,-6.0,4.998,4.998,4.998,4.998,193
2022-01-12 23:16:22,0.0,0.0,0,0.0,0.0,0,0.0,0.0,0,140786.00,0.00,0.00,0,12.57,0.00,0.00,-6.0,4.998,4.998,4.998,4.998,210
2022-01-12 23:17:22,0.0,0.0,0,0.0,0.0,0,0.0,0.0,0,140786.00,0.00,0.00,341,12.57,4.74,0.00,-5.5,4.998,4.998,4.998,4.998,15
2022-01-12 23:18:22,0.0,0.0,0,0.0,0.0,0,0.0,0.0,0,140786.00,0.00,0.00,341,12.57,4.74,0.00,-6.0,4.998,4.998,4.998,4.998,175
2022-01-12 23:19:22,0.0,0.0,0,0.0,0.0,0,0.0,0.0,0,140786.00,0.00,0.00,331,12.57,4.60,0.00,-6.0,4.998,4.998,4.998,4.998,36
2022-01-12 23:20:22,0.0,0.0,0,0.0,0.0,0,0.0,0.0,0,140786.00,0.00,0.00,339,12.57,4.71,0.00,-5.5,4.998,4.998,4.998,4.998,74
2022-01-12 23:21:22,0.0,0.0,0,0.0,0.0,0,0.0,0.0,0,140786.00,0.00,0.00,338,12.57,4.70,0.00,-6.0,4.998,4.998,4.998,4.998,63
2022-01-12 23:22:22,0.0,0.0,0,0.0,0.0,0,0.0,0.0,0,140786.00,0.00,0.00,322,12.57,4.48,0.00,-6.0,4.998,4.998,4.998,4.998,53
2022-01-12 23:23:22,0.0,0.0,0,0.0,0.0,0,0.0,0.0,0,140786.00,0.00,0.00,309,12.57,4.30,0.00,-6.0,4.998,4.998,4.998,4.998,161
2022-01-12 23:24:22,0.0,0.0,0,0.0,0.0,0,0.0,0.0,0,140786.00,0.00,0.00,310,12.57,4.30,0.00,-6.0,4.998,4.998,4.998,4.998,19
2022-01-12 23:25:22,0.0,0.0,0,0.0,0.0,0,0.0,0.0,0,140786.00,0.00,0.00,312,12.57,4.33,0.00,-5.5,4.998,4.998,4.998,4.998,200
2022-01-12 23:26:22,0.0,0.0,0,0.0,0.0,0,0.0,0.0,0,140786.00,0.00,0.00,313,12.57,4.35,0.00,-6.0,4.998,4.998,4.998,4.998,105
2022-01-12 23:27:22,0.0,0.0,0,0.0,0.0,0,0.0,0.0,0,140786.00,0.00,0.00,312,12.57,4.34,0.00,-6.0,4.998,4.998,4.998,4.998,193
2022-01-12 23:28:22,0.0,0.0,0,0.0,0.0,0,0.0,0.0,0,140786.00,0.00,0.00,312,12.57,4.34,0.00,-5.5,4.998,4.998,4.998,4.998,97
2022-01-12 23:29:22,0.0,0.0,0,0.0,0.0,0,0.0,0.0,0,140786.00,0.00,0.00,312,12.57,4.34,0.00,-6.0,4.998,4.998,4.998,4.998,175
2022-01-12 23:30:22,0.0,0.0,0,0.0,0.0,0,0.0,0.0,0,140786.00,0.00,0.00,312,12.57,4.34,0.00,-6.0,4.998,4.998,4.998,4.998,194
2022-01-12 23:31:22,0.0,0.0,0,0.0,0.0,0,0.0,0.0,0,140786.00,0.00,0.00,313,12.57,4.35,0.00,-6.0,4.998,4.998,4.998,4.998,106
2022-01-12 23:32:22,0.0,0.0,0,0.0,0.0,0,0.0,0.0,0,140786.00,0.00,0.00,313,12.57,4.35,0.00,-6.0,4.998,4.998,4.998,4.998,243
2022-01-12 23:33:22,0.0,0.0,0,0.0,0.0,0,0.0,0.0,0,140786.00,0.00,0.00,313,12.57,4.35,0.00,-6.0,4.998,4.998,4.998,4.998,224
2022-01-12 23:34:22,0.0,0.0,0,0.0,0.0,0,0.0,0.0,0,140786.00,0.00,0.00,312,12.57,4.34,0.00,-6.0,4.998,4.998,4.998,4.998,135
2022-01-12 23:35:22,0.0,0.0,0,0.0,0.0,0,0.0,0.0,0,140786.00,0.00,0.00,312,12.57,4.34,0.00,-6.0,4.998,4.998,4.998,4.998,148
2022-01-12 23:36:22,0.0,0.0,0,0.0,0.0,0,0.0,0.0,0,140786.00,0.00,0.00,30,12.57,0.41,0.00,-6.0,4.998,4.998,4.998,4.998,73
2022-01-12 23:37:22,0.0,0.0,0,0.0,0.0,0,0.0,0.0,0,140786.00,0.00,0.00,30,12.57,0.41,0.00,-6.0,4.998,4.998,4.998,4.998,48
2022-01-12 23:38:22,0.0,0.0,0,0.0,0.0,0,0.0,0.0,0,140786.00,0.00,0.00,30,12.61,0.41,0.00,-6.0,4.998,4.998,4.998,4.998,10
2022-01-12 23:39:22,0.0,0.0,0,0.0,0.0,0,0.0,0.0,0,140786.00,0.00,0.00,30,12.57,0.41,0.00,-6.0,4.998,4.998,4.998,4.998,61
2022-01-12 23:40:22,0.0,0.0,0,0.0,0.0,0,0.0,0.0,0,140786.00,0.00,0.00,30,12.57,0.41,0.00,-6.0,4.998,4.998,4.998,4.998,246
2022-01-12 23:41:22,0.0,0.0,0,0.0,0.0,0,0.0,0.0,0,140786.00,0.00,0.00,29,12.57,0.41,0.00,-6.0,4.998,4.998,4.998,4.998,225
2022-01-12 23:42:22,0.0,0.0,0,0.0,0.0,0,0.0,0.0,0,140786.00,0.00,0.00,30,12.57,0.41,0.00,-6.0,4.998,4.998,4.998,4.998,73
2022-01-12 23:43:22,0.0,0.0,0,0.0,0.0,0,0.0,0.0,0,140786.00,0.00,0.00,29,12.57,0.41,0.00,-6.0,4.998,4.998,4.998,4.998,94
2022-01-12 23:44:22,0.0,0.0,0,0.0,0.0,0,0.0,0.0,0,140786.00,0.00,0.00,29,12.57,0.41,0.00,-6.0,4.998,4.998,4.998,4.998,68
2022-01-12 23:45:22,0.0,0.0,0,0.0,0.0,0,0.0,0.0,0,140786.00,0.00,0.00,29,12.57,0.41,0.00,-6.0,4.998,4.998,4.998,4.998,61
2022-01-12 23:46:22,0.0,0.0,0,0.0,0.0,0,0.0,0.0,0,140786.00,0.00,0.00,29,12.57,0.40,0.00,-6.0,4.998,4.998,4.998,4.998,48
2022-01-12 23:47:22,0.0,0.0,0,0.0,0.0,0,0.0,0.0,0,140786.00,0.00,0.00,29,12.57,0.40,0.00,-6.0,4.998,4.998,4.998,4.998,73
2022-01-12 23:48:22,0.0,0.0,0,0.0,0.0,0,0.0,0.0,0,140786.00,0.00,0.00,29,12.57,0.40,0.00,-6.0,4.998,4.998,4.998,4.998,61
2022-01-12 23:49:22,0.0,0.0,0,0.0,0.0,0,0.0,0.0,0,140786.00,0.00,0.00,29,12.57,0.41,0.00,-6.0,4.998,4.998,4.998,4.998,143
2022-01-12 23:50:22,0.0,0.0,0,0.0,0.0,0,0.0,0.0,0,140786.00,0.00,0.00,29,12.57,0.40,0.00,-6.0,4.998,4.998,4.998,4.998,64
2022-01-12 23:51:22,0.0,0.0,0,0.0,0.0,0,0.0,0.0,0,140786.00,0.00,0.00,29,12.57,0.40,0.00,-6.0,4.998,4.998,4.998,4.998,57
2022-01-12 23:52:22,0.0,0.0,0,0.0,0.0,0,0.0,0.0,0,140786.00,0.00,0.00,29,12.57,0.40,0.00,-6.0,4.998,4.998,4.998,4.998,255
2022-01-12 23:53:22,0.0,0.0,0,0.0,0.0,0,0.0,0.0,0,140786.00,0.00,0.00,29,12.57,0.40,0.00,-6.0,4.998,4.998,4.998,4.998,134
2022-01-12 23:54:22,0.0,0.0,0,0.0,0.0,0,0.0,0.0,0,140786.00,0.00,0.00,29,12.57,0.41,0.00,-6.0,4.998,4.998,4.998,4.998,87
2022-01-12 23:55:22,0.0,0.0,0,0.0,0.0,0,0.0,0.0,0,140786.00,0.00,0.00,29,12.57,0.41,0.00,-6.0,4.998,4.998,4.998,4.998,46
2022-01-12 23:56:22,0.0,0.0,0,0.0,0.0,0,0.0,0.0,0,140786.00,0.00,0.00,29,12.57,0.40,0.00,-6.0,4.998,4.998,4.998,4.998,35
2022-01-12 23:57:22,0.0,0.0,0,0.0,0.0,0,0.0,0.0,0,140786.00,0.00,0.00,29,12.57,0.41,0.00,-6.0,4.998,4.998,4.998,4.998,145
2022-01-12 23:58:22,0.0,0.0,0,0.0,0.0,0,0.0,0.0,0,140786.00,0.00,0.00,29,12.57,0.41,0.00,-6.0,4.998,4.998,4.998,4.998,229
2022-01-12 23:59:22,0.0,0.0,0,0.0,0.0,0,0.0,0.0,0,140786.00,0.00,0.00,29,12.57,0.40,0.00,-6.0,4.998,4.998,4.998,4.998,87
