2022-03-19 00:00:22,12.4,20.4,767,0.0,0.0,0,0.0,0.0,0,767.00,0.00,0.00,196,12.89,2.73,0.00,8.5,4.998,4.998,4.998,4.998,193
2022-03-19 00:01:22,10.9,20.2,767,0.0,0.0,0,0.0,0.0,0,1534.00,0.00,0.00,244,12.85,3.39,0.00,8.5,4.998,4.998,4.998,4.998,102
2022-03-19 00:02:22,5.8,18.2,577,0.0,0.0,0,0.0,0.0,0,2111.00,0.00,0.00,214,12.89,2.97,0.00,8.5,4.998,4.998,4.998,4.998,223
2022-03-19 00:03:22,7.4,12.7,471,0.0,0.0,0,0.0,0.0,0,2582.00,0.00,0.00,227,12.85,3.15,0.00,8.5,4.998,4.998,4.998,4.998,114
2022-03-19 00:04:22,9.5,14.7,520,0.0,0.0,0,0.0,0.0,0,3102.00,0.00,0.00,235,12.85,3.27,0.00,8.5,4.998,4.998,4.998,4.998,56
2022-03-19 00:05:22,12.8,16.5,566,0.0,0.0,0,0.0,0.0,0,3668.00,0.00,0.00,197,12.85,2.73,0.00,8.5,4.998,4.998,4.998,4.998,202
2022-03-19 00:06:22,11.0,15.0,681,0.0,0.0,0,0.0,0.0,0,4349.00,0.00,0.00,236,12.85,3.28,0.00,8.5,4.998,4.998,4.998,4.998,19
2022-03-19 00:07:22,5.9,12.7,564,0.0,0.0,0,0.0,0.0,0,4913.00,0.00,0.00,204,12.85,2.84,0.00,8.5,4.998,4.998,4.998,4.998,186
2022-03-19 00:08:22,9.5,20.2,716,0.0,0.0,0,0.0,0.0,0,5629.00,0.00,0.00,240,12.85,3.33,0.00,8.0,4.998,4.998,4.998,4.998,22
2022-03-19 00:09:22,8.6,19.9,687,0.0,0.0,0,0.0,0.0,0,6316.00,0.00,0.00,214,12.85,2.98,0.00,8.5,4.998,4.998,4.998,4.998,110
2022-03-19 00:10:22,11.7,16.1,546,0.0,0.0,0,0.0,0.0,0,6862.00,0.00,0.00,232,12.89,3.23,0.00,8.5,4.998,4.998,4.998,4.998,56
2022-03-19 00:11:22,7.3,20.7,671,0.0,0.0,0,0.0,0.0,0,7533.00,0.00,0.00,209,12.85,2.90,0.00,8.5,4.998,4.998,4.998,4.998,59
2022-03-19 00:12:22,11.0,15.1,627,0.0,0.0,0,0.0,0.0,0,8160.00,0.00,0.00,255,12.85,3.55,0.00,8.0,4.998,4.998,4.998,4.998,237
2022-03-19 00:13:22,8.5,12.8,402,0.0,0.0,0,0.0,0.0,0,8562.00,0.00,0.00,236,12.89,3.29,0.00,8.0,4.998,4.998,4.998,4.998,36
2022-03-19 00:14:22,6.4,12.8,599,0.0,0.0,0,0.0,0.0,0,9161.00,0.00,0.00,249,12.85,3.47,0.00,8.5,4.998,4.998,4.998,4.998,193
2022-03-19 00:15:22,2.7,7.0,240,0.0,0.0,0,0.0,0.0,0,9401.00,0.00,0.00,211,12.89,2.93,0.00,8.0,4.998,4.998,4.998,4.998,56
2022-03-19 00:16:22,9.6,15.2,461,0.0,0.0,0,0.0,0.0,0,9862.00,0.00,0.00,225,12.85,3.12,0.00,8.0,4.998,4.998,4.998,4.998,165
2022-03-19 00:17:22,10.2,18.8,726,0.0,0.0,0,0.0,0.0,0,10588.00,0.00,0.00,207,12.85,2.88,0.00,8.0,4.998,4.998,4.998,4.998,221
2022-03-19 00:18:22,6.0,12.3,431,0.0,0.0,0,0.0,0.0,0,11019.00,0.00,0.00,241,12.89,3.35,0.00,8.0,4.998,4.998,4.998,4.998,1
2022-03-19 00:19:22,4.7,12.2,443,0.0,0.0,0,0.0,0.0,0,11462.00,0.00,0.00,206,12.85,2.87,0.00,8.0,4.998,4.998,4.998,4.998,133
2022-03-19 00:20:22,7.4,13.9,460,0.0,0.0,0,0.0,0.0,0,11922.00,0.00,0.00,233,12.85,3.23,0.00,8.0,4.998,4.998,4.998,4.998,243
2022-03-19 00:21:22,4.5,10.2,299,0.0,0.0,0,0.0,0.0,0,12221.00,0.00,0.00,216,12.85,3.01,0.00,8.0,4.998,4.998,4.998,4.998,21
2022-03-19 00:22:22,13.5,16.5,584,0.0,0.0,0,0.0,0.0,0,12805.00,0.00,0.00,215,12.89,2.99,0.00,8.0,4.998,4.998,4.998,4.998,157
2022-03-19 00:23:22,15.7,21.9,866,0.0,0.0,0,0.0,0.0,0,13671.00,0.00,0.00,230,12.85,3.20,0.00,8.0,4.998,4.998,4.998,4.998,5
2022-03-19 00:24:22,7.2,17.3,798,0.0,0.0,0,0.0,0.0,0,14469.00,0.00,0.00,231,12.89,3.21,0.00,8.0,4.998,4.998,4.998,4.998,90
2022-03-19 00:25:22,5.9,13.3,523,0.0,0.0,0,0.0,0.0,0,14992.00,0.00,0.00,218,12.85,3.03,0.00,8.0,4.998,4.998,4.998,4.998,108
2022-03-19 00:26:22,13.1,21.2,654,0.0,0.0,0,0.0,0.0,0,15646.00,0.00,0.00,252,12.85,3.50,0.00,8.0,4.998,4.998,4.998,4.998,192
2022-03-19 00:27:22,8.5,20.0,512,0.0,0.0,0,0.0,0.0,0,16158.00,0.00,0.00,257,12.85,3.57,0.00,8.0,4.998,4.998,4.998,4.998,230
2022-03-19 00:28:22,6.7,12.9,506,0.0,0.0,0,0.0,0.0,0,16664.00,0.00,0.00,230,12.85,3.20,0.00,8.0,4.998,4.998,4.998,4.998,132
2022-03-19 00:29:22,6.8,10.6,432,0.0,0.0,0,0.0,0.0,0,17096.00,0.00,0.00,224,12.85,3.11,0.00,8.0,4.998,4.998,4.998,4.998,110
2022-03-19 00:30:22,6.4,11.9,373,0.0,0.0,0,0.0,0.0,0,17469.00,0.00,0.00,205,12.85,2.85,0.00,8.0,4.998,4.998,4.998,4.998,4
2022-03-19 00:31:22,10.2,13.1,454,0.0,0.0,0,0.0,0.0,0,17923.00,0.00,0.00,269,12.85,3.74,0.00,8.0,4.998,4.998,4.998,4.998,232
2022-03-19 00:32:22,13.8,16.7,552,0.0,0.0,0,0.0,0.0,0,18475.00,0.00,0.00,247,12.85,3.44,0.00,8.0,4.998,4.998,4.998,4.998,36
2022-03-19 00:33:22,10.5,16.2,725,0.0,0.0,0,0.0,0.0,0,19200.00,0.00,0.00,211,12.85,2.93,0.00,8.0,4.998,4.998,4.998,4.998,153
2022-03-19 00:34:22,7.6,11.4,488,0.0,0.0,0,0.0,0.0,0,19688.00,0.00,0.00,250,12.85,3.48,0.00,8.0,4.998,4.998,4.998,4.998,247
2022-03-19 00:35:22,7.6,8.1,293,0.0,0.0,0,0.0,0.0,0,19981.00,0.00,0.00,196,12.85,2.73,0.00,8.0,4.998,4.998,4.998,4.998,2
2022-03-19 00:36:22,5.4,20.6,529,0.0,0.0,0,0.0,0.0,0,20510.00,0.00,0.00,231,12.85,3.21,0.00,8.0,4.998,4.998,4.998,4.998,175
2022-03-19 00:37:22,12.0,20.4,551,0.0,0.0,0,0.0,0.0,0,21061.00,0.00,0.00,205,12.85,2.85,0.00,8.0,4.998,4.998,4.998,4.998,7
2022-03-19 00:38:22,15.5,18.5,769,0.0,0.0,0,0.0,0.0,0,21830.00,0.00,0.00,235,12.85,3.27,0.00,8.0,4.998,4.998,4.998,4.998,5
2022-03-19 00:39:22,7.2,26.1,933,0.0,0.0,0,0.0,0.0,0,22763.00,0.00,0.00,213,12.85,2.95,0.00,8.0,4.998,4.998,4.998,4.998,234
2022-03-19 00:40:22,7.7,12.6,520,0.0,0.0,0,0.0,0.0,0,23283.00,0.00,0.00,243,12.85,3.37,0.00,7.6,4.998,4.998,4.998,4.998,11
2022-03-19 00:41:22,10.9,18.4,687,0.0,0.0,0,0.0,0.0,0,23970.00,0.00,0.00,234,12.85,3.26,0.00,7.6,4.998,4.998,4.998,4.998,129
2022-03-19 00:42:22,9.7,16.0,632,0.0,0.0,0,0.0,0.0,0,24602.00,0.00,0.00,247,12.85,3.43,0.00,7.6,4.998,4.998,4.998,4.998,109
2022-03-19 00:43:22,6.0,16.6,664,0.0,0.0,0,0.0,0.0,0,25266.00,0.00,0.00,230,12.85,3.20,0.00,7.6,4.998,4.998,4.998,4.998,51
2022-03-19 00:44:22,5.4,9.3,313,0.0,0.0,0,0.0,0.0,0,25579.00,0.00,0.00,229,12.85,3.19,0.00,7.6,4.998,4.998,4.998,4.998,116
2022-03-19 00:45:22,6.8,15.0,574,0.0,0.0,0,0.0,0.0,0,26153.00,0.00,0.00,227,12.85,3.15,0.00,7.6,4.998,4.998,4.998,4.998,125
2022-03-19 00:46:22,15.1,16.8,526,0.0,0.0,0,0.0,0.0,0,26679.00,0.00,0.00,183,12.85,2.55,0.00,7.6,4.998,4.998,4.998,4.998,51
2022-03-19 00:47:22,9.1,23.9,836,0.0,0.0,0,0.0,0.0,0,27515.00,0.00,0.00,209,12.85,2.91,0.00,7.6,4.998,4.998,4.998,4.998,201
2022-03-19 00:48:22,10.9,14.1,673,0.0,0.0,0,0.0,0.0,0,28188.00,0.00,0.00,248,12.85,3.45,0.00,7.6,4.998,4.998,4.998,4.998,168
2022-03-19 00:49:22,9.5,13.0,549,0.0,0.0,0,0.0,0.0,0,28737.00,0.00,0.00,297,12.85,4.13,0.00,7.6,4.998,4.998,4.998,4.998,18
2022-03-19 00:50:22,11.3,23.8,898,0.0,0.0,0,0.0,0.0,0,29635.00,0.00,0.00,222,12.85,3.09,0.00,7.6,4.998,4.998,4.998,4.998,82
2022-03-19 00:51:22,11.2,18.2,686,0.0,0.0,0,0.0,0.0,0,30321.00,0.00,0.00,236,12.85,3.28,0.00,7.6,4.998,4.998,4.998,4.998,221
2022-03-19 00:52:22,8.6,18.9,734,0.0,0.0,0,0.0,0.0,0,31055.00,0.00,0.00,233,12.85,3.24,0.00,7.6,4.998,4.998,4.998,4.998,151
2022-03-19 00:53:22,6.7,10.9,461,0.0,0.0,0,0.0,0.0,0,31516.00,0.00,0.00,213,12.85,2.96,0.00,7.6,4.998,4.998,4.998,4.998,130
2022-03-19 00:54:22,5.4,16.1,507,0.0,0.0,0,0.0,0.0,0,32023.00,0.00,0.00,233,12.85,3.23,0.00,7.6,4.998,4.998,4.998,4.998,175
2022-03-19 00:55:22,7.3,17.5,622,0.0,0.0,0,0.0,0.0,0,32645.00,0.00,0.00,226,12.85,3.13,0.00,7.6,4.998,4.998,4.998,4.998,194
2022-03-19 00:56:22,10.3,17.6,680,0.0,0.0,0,0.0,0.0,0,33325.00,0.00,0.00,245,12.85,3.40,0.00,7.6,4.998,4.998,4.998,4.998,16
2022-03-19 00:57:22,12.7,19.2,721,0.0,0.0,0,0.0,0.0,0,34046.00,0.00,0.00,214,12.85,2.97,0.00,7.6,4.998,4.998,4.998,4.998,148
2022-03-19 00:58:22,7.7,20.6,743,0.0,0.0,0,0.0,0.0,0,34789.00,0.00,0.00,229,12.85,3.19,0.00,7.6,4.998,4.998,4.998,4.998,181
2022-03-19 00:59:22,4.9,15.3,537,0.0,0.0,0,0.0,0.0,0,35326.00,0.00,0.00,222,12.85,3.08,0.00,8.0,4.998,4.998,4.998,4.998,16
2022-03-19 01:00:22,5.9,14.5,505,0.0,0.0,0,0.0,0.0,0,35831.00,0.00,0.00,191,12.85,2.66,0.00,7.6,4.998,4.998,4.998,4.998,158
2022-03-19 01:01:22,5.4,13.6,531,0.0,0.0,0,0.0,0.0,0,36362.00,0.00,0.00,204,12.85,2.84,0.00,7.6,4.998,4.998,4.998,4.998,228
2022-03-19 01:02:22,18.6,23.3,796,0.0,0.0,0,0.0,0.0,0,37158.00,0.00,0.00,203,12.85,2.82,0.00,8.0,4.998,4.998,4.998,4.998,219
2022-03-19 01:03:22,10.9,20.7,548,0.0,0.0,0,0.0,0.0,0,37706.00,0.00,0.00,238,12.85,3.31,0.00,7.6,4.998,4.998,4.998,4.998,147
2022-03-19 01:04:22,4.7,14.5,477,0.0,0.0,0,0.0,0.0,0,38183.00,0.00,0.00,243,12.85,3.38,0.00,8.0,4.998,4.998,4.998,4.998,136
2022-03-19 01:05:22,13.8,18.3,637,0.0,0.0,0,0.0,0.0,0,38820.00,0.00,0.00,271,12.85,3.76,0.00,7.6,4.998,4.998,4.998,4.998,156
2022-03-19 01:06:22,7.8,20.8,801,0.0,0.0,0,0.0,0.0,0,39621.00,0.00,0.00,243,12.85,3.37,0.00,7.6,4.998,4.998,4.998,4.998,236
2022-03-19 01:07:22,17.0,22.0,744,0.0,0.0,0,0.0,0.0,0,40365.00,0.00,0.00,196,12.85,2.73,0.00,7.6,4.998,4.998,4.998,4.998,243
2022-03-19 01:08:22,12.3,20.7,880,0.0,0.0,0,0.0,0.0,0,41245.00,0.00,0.00,226,12.85,3.13,0.00,7.6,4.998,4.998,4.998,4.998,212
2022-03-19 01:09:22,15.9,29.1,845,0.0,0.0,0,0.0,0.0,0,42090.00,0.00,0.00,202,12.85,2.80,0.00,7.6,4.998,4.998,4.998,4.998,2
2022-03-19 01:10:22,9.2,22.8,783,0.0,0.0,0,0.0,0.0,0,42873.00,0.00,0.00,209,12.85,2.91,0.00,8.0,4.998,4.998,4.998,4.998,172
2022-03-19 01:11:22,9.2,13.4,513,0.0,0.0,0,0.0,0.0,0,43386.00,0.00,0.00,239,12.85,3.32,0.00,7.6,4.998,4.998,4.998,4.998,116
2022-03-19 01:12:22,5.9,17.1,659,0.0,0.0,0,0.0,0.0,0,44045.00,0.00,0.00,210,12.85,2.92,0.00,7.6,4.998,4.998,4.998,4.998,71
2022-03-19 01:13:22,7.7,18.8,460,0.0,0.0,0,0.0,0.0,0,44505.00,0.00,0.00,255,12.85,3.55,0.00,7.6,4.998,4.998,4.998,4.998,231
2022-03-19 01:14:22,10.5,17.3,722,0.0,0.0,0,0.0,0.0,0,45227.00,0.00,0.00,246,12.85,3.42,0.00,7.6,4.998,4.998,4.998,4.998,175
2022-03-19 01:15:22,10.2,24.4,665,0.0,0.0,0,0.0,0.0,0,45892.00,0.00,0.00,185,12.85,2.57,0.00,7.6,4.998,4.998,4.998,4.998,179
2022-03-19 01:16:22,8.9,21.0,730,0.0,0.0,0,0.0,0.0,0,46622.00,0.00,0.00,251,12.85,3.49,0.00,7.6,4.998,4.998,4.998,4.998,185
2022-03-19 01:17:22,5.0,12.7,516,0.0,0.0,0,0.0,0.0,0,47138.00,0.00,0.00,207,12.85,2.88,0.00,7.6,4.998,4.998,4.998,4.998,93
2022-03-19 01:18:22,3.8,8.5,359,0.0,0.0,0,0.0,0.0,0,47497.00,0.00,0.00,240,12.85,3.34,0.00,7.6,4.998,4.998,4.998,4.998,205
2022-03-19 01:19:22,7.5,15.6,682,0.0,0.0,0,0.0,0.0,0,48179.00,0.00,0.00,220,12.81,3.06,0.00,7.6,4.998,4.998,4.998,4.998,132
2022-03-19 01:20:22,9.3,13.1,577,0.0,0.0,0,0.0,0.0,0,48756.00,0.00,0.00,214,12.85,2.98,0.00,7.6,4.998,4.998,4.998,4.998,145
2022-03-19 01:21:22,7.9,10.1,412,0.0,0.0,0,0.0,0.0,0,49168.00,0.00,0.00,239,12.85,3.33,0.00,7.6,4.998,4.998,4.998,4.998,153
2022-03-19 01:22:22,17.7,20.5,560,0.0,0.0,0,0.0,0.0,0,49728.00,0.00,0.00,199,12.81,2.77,0.00,7.6,4.998,4.998,4.998,4.998,117
2022-03-19 01:23:22,5.9,18.8,511,0.0,0.0,0,0.0,0.0,0,50239.00,0.00,0.00,257,12.81,3.57,0.00,7.1,4.998,4.998,4.998,4.998,159
2022-03-19 01:24:22,7.4,21.2,688,0.0,0.0,0,0.0,0.0,0,50927.00,0.00,0.00,201,12.85,2.79,0.00,7.6,4.998,4.998,4.998,4.998,229
2022-03-19 01:25:22,14.2,20.3,781,0.0,0.0,0,0.0,0.0,0,51708.00,0.00,0.00,221,12.85,3.07,0.00,7.1,4.998,4.998,4.998,4.998,40
2022-03-19 01:26:22,7.9,17.6,691,0.0,0.0,0,0.0,0.0,0,52399.00,0.00,0.00,238,12.85,3.30,0.00,7.1,4.998,4.998,4.998,4.998,73
2022-03-19 01:27:22,5.7,13.7,511,0.0,0.0,0,0.0,0.0,0,52910.00,0.00,0.00,267,12.81,3.71,0.00,7.1,4.998,4.998,4.998,4.998,208
2022-03-19 01:28:22,18.4,19.8,704,0.0,0.0,0,0.0,0.0,0,53614.00,0.00,0.00,240,12.81,3.34,0.00,7.1,4.998,4.998,4.998,4.998,106
2022-03-19 01:29:22,14.8,28.1,1074,0.0,0.0,0,0.0,0.0,0,54688.00,0.00,0.00,209,12.85,2.91,0.00,7.6,4.998,4.998,4.998,4.998,10
2022-03-19 01:30:22,17.3,20.5,745,0.0,0.0,0,0.0,0.0,0,55433.00,0.00,0.00,224,12.81,3.11,0.00,7.6,4.998,4.998,4.998,4.998,33
2022-03-19 01:31:22,7.0,25.6,920,0.0,0.0,0,0.0,0.0,0,56353.00,0.00,0.00,191,12.81,2.65,0.00,7.1,4.998,4.998,4.998,4.998,213
2022-03-19 01:32:22,8.6,17.6,713,0.0,0.0,0,0.0,0.0,0,57066.00,0.00,0.00,190,12.81,2.65,0.00,7.6,4.998,4.998,4.998,4.998,92
2022-03-19 01:33:22,10.5,21.4,758,0.0,0.0,0,0.0,0.0,0,57824.00,0.00,0.00,216,12.81,3.00,0.00,7.6,4.998,4.998,4.998,4.998,206
2022-03-19 01:34:22,9.1,18.6,726,0.0,0.0,0,0.0,0.0,0,58550.00,0.00,0.00,217,12.85,3.02,0.00,7.1,4.998,4.998,4.998,4.998,39
2022-03-19 01:35:22,13.1,15.0,515,0.0,0.0,0,0.0,0.0,0,59065.00,0.00,0.00,223,12.81,3.10,0.00,7.6,4.998,4.998,4.998,4.998,195
2022-03-19 01:36:22,12.4,25.0,934,0.0,0.0,0,0.0,0.0,0,59999.00,0.00,0.00,212,12.81,2.95,0.00,7.6,4.998,4.998,4.998,4.998,20
2022-03-19 01:37:22,10.0,19.7,688,0.0,0.0,0,0.0,0.0,0,60687.00,0.00,0.00,216,12.81,3.01,0.00,7.6,4.998,4.998,4.998,4.998,180
2022-03-19 01:38:22,8.7,19.3,643,0.0,0.0,0,0.0,0.0,0,61330.00,0.00,0.00,213,12.85,2.96,0.00,7.1,4.998,4.998,4.998,4.998,86
2022-03-19 01:39:22,13.0,25.5,880,0.0,0.0,0,0.0,0.0,0,62210.00,0.00,0.00,229,12.81,3.19,0.00,7.6,4.998,4.998,4.998,4.998,31
2022-03-19 01:40:22,6.3,17.0,647,0.0,0.0,0,0.0,0.0,0,62857.00,0.00,0.00,291,12.81,4.04,0.00,7.6,4.998,4.998,4.998,4.998,214
2022-03-19 01:41:22,6.5,20.0,736,0.0,0.0,0,0.0,0.0,0,63593.00,0.00,0.00,235,12.81,3.27,0.00,7.6,4.998,4.998,4.998,4.998,5
2022-03-19 01:42:22,13.5,15.7,638,0.0,0.0,0,0.0,0.0,0,64231.00,0.00,0.00,258,12.85,3.59,0.00,7.6,4.998,4.998,4.998,4.998,94
2022-03-19 01:43:22,11.2,19.2,651,0.0,0.0,0,0.0,0.0,0,64882.00,0.00,0.00,191,12.81,2.66,0.00,7.6,4.998,4.998,4.998,4.998,79
2022-03-19 01:44:22,4.8,15.0,640,0.0,0.0,0,0.0,0.0,0,65522.00,0.00,0.00,232,12.85,3.22,0.00,7.1,4.998,4.998,4.998,4.998,70
2022-03-19 01:45:22,4.4,8.3,308,0.0,0.0,0,0.0,0.0,0,65830.00,0.00,0.00,223,12.81,3.10,0.00,7.1,4.998,4.998,4.998,4.998,182
2022-03-19 01:46:22,10.0,16.1,576,0.0,0.0,0,0.0,0.0,0,66406.00,0.00,0.00,232,12.85,3.22,0.00,7.1,4.998,4.998,4.998,4.998,21
2022-03-19 01:47:22,9.1,13.8,516,0.0,0.0,0,0.0,0.0,0,66922.00,0.00,0.00,219,12.85,3.04,0.00,7.1,4.998,4.998,4.998,4.998,86
2022-03-19 01:48:22,11.3,21.4,711,0.0,0.0,0,0.0,0.0,0,67633.00,0.00,0.00,225,12.81,3.13,0.00,7.1,4.998,4.998,4.998,4.998,212
2022-03-19 01:49:22,8.0,12.8,470,0.0,0.0,0,0.0,0.0,0,68103.00,0.00,0.00,235,12.81,3.27,0.00,7.1,4.998,4.998,4.998,4.998,27
2022-03-19 01:50:22,15.1,15.1,547,0.0,0.0,0,0.0,0.0,0,68650.00,0.00,0.00,277,12.85,3.85,0.00,7.1,4.998,4.998,4.998,4.998,252
2022-03-19 01:51:22,5.4,23.7,970,0.0,0.0,0,0.0,0.0,0,69620.00,0.00,0.00,201,12.81,2.79,0.00,7.1,4.998,4.998,4.998,4.998,228
2022-03-19 01:52:22,20.0,25.7,749,0.0,0.0,0,0.0,0.0,0,70369.00,0.00,0.00,215,12.85,2.99,0.00,7.1,4.998,4.998,4.998,4.998,59
2022-03-19 01:53:22,11.8,22.0,698,0.0,0.0,0,0.0,0.0,0,71067.00,0.00,0.00,260,12.81,3.61,0.00,7.1,4.998,4.998,4.998,4.998,173
2022-03-19 01:54:22,8.7,17.8,752,0.0,0.0,0,0.0,0.0,0,71819.00,0.00,0.00,270,12.85,3.75,0.00,7.1,4.998,4.998,4.998,4.998,228
2022-03-19 01:55:22,9.6,20.6,723,0.0,0.0,0,0.0,0.0,0,72542.00,0.00,0.00,219,12.85,3.05,0.00,7.1,4.998,4.998,4.998,4.998,18
2022-03-19 01:56:22,13.9,14.5,445,0.0,0.0,0,0.0,0.0,0,72987.00,0.00,0.00,211,12.81,2.93,0.00,7.1,4.998,4.998,4.998,4.998,49
2022-03-19 01:57:22,13.8,16.1,692,0.0,0.0,0,0.0,0.0,0,73679.00,0.00,0.00,212,12.81,2.94,0.00,7.1,4.998,4.998,4.998,4.998,151
2022-03-19 01:58:22,10.0,18.1,689,0.0,0.0,0,0.0,0.0,0,74368.00,0.00,0.00,243,12.81,3.37,0.00,7.1,4.998,4.998,4.998,4.998,210
2022-03-19 01:59:22,9.1,20.4,797,0.0,0.0,0,0.0,0.0,0,75165.00,0.00,0.00,232,12.85,3.22,0.00,7.1,4.998,4.998,4.998,4.998,60
2022-03-19 02:00:22,5.4,12.3,561,0.0,0.0,0,0.0,0.0,0,75726.00,0.00,0.00,219,12.85,3.04,0.00,7.1,4.998,4.998,4.998,4.998,107
2022-03-19 02:01:22,18.0,24.7,554,0.0,0.0,0,0.0,0.0,0,76280.00,0.00,0.00,213,12.81,2.96,0.00,7.1,4.998,4.998,4.998,4.998,14
2022-03-19 02:02:22,12.9,19.9,779,0.0,0.0,0,0.0,0.0,0,77059.00,0.00,0.00,173,12.85,2.40,0.00,7.1,4.998,4.998,4.998,4.998,152
2022-03-19 02:03:22,8.0,14.7,606,0.0,0.0,0,0.0,0.0,0,77665.00,0.00,0.00,245,12.81,3.41,0.00,7.1,4.998,4.998,4.998,4.998,92
2022-03-19 02:04:22,3.2,11.4,443,0.0,0.0,0,0.0,0.0,0,78108.00,0.00,0.00,222,12.85,3.09,0.00,7.1,4.998,4.998,4.998,4.998,140
2022-03-19 02:05:22,9.1,16.1,504,0.0,0.0,0,0.0,0.0,0,78612.00,0.00,0.00,229,12.85,3.18,0.00,7.1,4.998,4.998,4.998,4.998,67
2022-03-19 02:06:22,7.5,21.9,793,0.0,0.0,0,0.0,0.0,0,79405.00,0.00,0.00,248,12.81,3.45,0.00,7.1,4.998,4.998,4.998,4.998,226
2022-03-19 02:07:22,5.5,13.6,546,0.0,0.0,0,0.0,0.0,0,79951.00,0.00,0.00,172,12.81,2.39,0.00,7.1,4.998,4.998,4.998,4.998,35
2022-03-19 02:08:22,10.8,24.7,778,0.0,0.0,0,0.0,0.0,0,80729.00,0.00,0.00,224,12.81,3.11,0.00,7.1,4.998,4.998,4.998,4.998,1
2022-03-19 02:09:22,6.5,16.1,633,0.0,0.0,0,0.0,0.0,0,81362.00,0.00,0.00,148,12.85,2.05,0.00,7.1,4.998,4.998,4.998,4.998,240
2022-03-19 02:10:22,13.0,18.9,699,0.0,0.0,0,0.0,0.0,0,82061.00,0.00,0.00,239,12.81,3.32,0.00,7.1,4.998,4.998,4.998,4.998,241
2022-03-19 02:11:22,12.4,14.4,467,0.0,0.0,0,0.0,0.0,0,82528.00,0.00,0.00,230,12.81,3.20,0.00,7.1,4.998,4.998,4.998,4.998,222
2022-03-19 02:12:22,11.0,12.9,547,0.0,0.0,0,0.0,0.0,0,83075.00,0.00,0.00,222,12.81,3.08,0.00,7.1,4.998,4.998,4.998,4.998,226
2022-03-19 02:13:22,12.8,12.8,480,0.0,0.0,0,0.0,0.0,0,83555.00,0.00,0.00,215,12.81,2.99,0.00,7.1,4.998,4.998,4.998,4.998,22
2022-03-19 02:14:22,12.2,18.1,592,0.0,0.0,0,0.0,0.0,0,84147.00,0.00,0.00,236,12.85,3.28,0.00,7.1,4.998,4.998,4.998,4.998,9
2022-03-19 02:15:22,12.1,20.1,674,0.0,0.0,0,0.0,0.0,0,84821.00,0.00,0.00,195,12.85,2.70,0.00,7.1,4.998,4.998,4.998,4.998,87
2022-03-19 02:16:22,13.9,14.4,458,0.0,0.0,0,0.0,0.0,0,85279.00,0.00,0.00,237,12.81,3.29,0.00,7.1,4.998,4.998,4.998,4.998,236
2022-03-19 02:17:22,6.8,16.8,689,0.0,0.0,0,0.0,0.0,0,85968.00,0.00,0.00,234,12.81,3.25,0.00,7.1,4.998,4.998,4.998,4.998,79
2022-03-19 02:18:22,10.2,18.5,760,0.0,0.0,0,0.0,0.0,0,86728.00,0.00,0.00,235,12.81,3.27,0.00,7.1,4.998,4.998,4.998,4.998,24
2022-03-19 02:19:22,8.9,11.0,436,0.0,0.0,0,0.0,0.0,0,87164.00,0.00,0.00,212,12.81,2.95,0.00,7.1,4.998,4.998,4.998,4.998,185
2022-03-19 02:20:22,4.9,16.0,641,0.0,0.0,0,0.0,0.0,0,87805.00,0.00,0.00,275,12.81,3.82,0.00,7.1,4.998,4.998,4.998,4.998,36
2022-03-19 02:21:22,8.4,19.1,457,0.0,0.0,0,0.0,0.0,0,88262.00,0.00,0.00,256,12.81,3.56,0.00,7.1,4.998,4.998,4.998,4.998,124
2022-03-19 02:22:22,10.5,22.4,699,0.0,0.0,0,0.0,0.0,0,88961.00,0.00,0.00,227,12.85,3.15,0.00,7.1,4.998,4.998,4.998,4.998,10
2022-03-19 02:23:22,9.8,19.6,909,0.0,0.0,0,0.0,0.0,0,89870.00,0.00,0.00,194,12.81,2.70,0.00,6.6,4.998,4.998,4.998,4.998,0
2022-03-19 02:24:22,15.5,18.4,599,0.0,0.0,0,0.0,0.0,0,90469.00,0.00,0.00,213,12.81,2.95,0.00,7.1,4.998,4.998,4.998,4.998,89
2022-03-19 02:25:22,7.5,19.2,684,0.0,0.0,0,0.0,0.0,0,91153.00,0.00,0.00,184,12.85,2.55,0.00,7.1,4.998,4.998,4.998,4.998,233
2022-03-19 02:26:22,10.3,26.3,806,0.0,0.0,0,0.0,0.0,0,91959.00,0.00,0.00,223,12.81,3.10,0.00,7.1,4.998,4.998,4.998,4.998,237
2022-03-19 02:27:22,3.4,18.9,540,0.0,0.0,0,0.0,0.0,0,92499.00,0.00,0.00,206,12.81,2.86,0.00,6.6,4.998,4.998,4.998,4.998,248
2022-03-19 02:28:22,10.6,23.3,703,0.0,0.0,0,0.0,0.0,0,93202.00,0.00,0.00,273,12.81,3.79,0.00,6.6,4.998,4.998,4.998,4.998,24
2022-03-19 02:29:22,8.8,18.8,688,0.0,0.0,0,0.0,0.0,0,93890.00,0.00,0.00,242,12.81,3.36,0.00,6.6,4.998,4.998,4.998,4.998,159
2022-03-19 02:30:22,7.7,22.4,696,0.0,0.0,0,0.0,0.0,0,94586.00,0.00,0.00,213,12.81,2.96,0.00,6.6,4.998,4.998,4.998,4.998,221
2022-03-19 02:31:22,9.2,17.3,577,0.0,0.0,0,0.0,0.0,0,95163.00,0.00,0.00,179,12.81,2.49,0.00,6.6,4.998,4.998,4.998,4.998,117
2022-03-19 02:32:22,19.7,25.2,716,0.0,0.0,0,0.0,0.0,0,95879.00,0.00,0.00,248,12.81,3.45,0.00,6.6,4.998,4.998,4.998,4.998,254
2022-03-19 02:33:22,9.3,25.4,1058,0.0,0.0,0,0.0,0.0,0,96937.00,0.00,0.00,228,12.85,3.17,0.00,6.6,4.998,4.998,4.998,4.998,69
2022-03-19 02:34:22,13.0,18.2,706,0.0,0.0,0,0.0,0.0,0,97643.00,0.00,0.00,260,12.81,3.61,0.00,6.6,4.998,4.998,4.998,4.998,228
2022-03-19 02:35:22,12.8,19.9,745,0.0,0.0,0,0.0,0.0,0,98388.00,0.00,0.00,243,12.81,3.37,0.00,6.6,4.998,4.998,4.998,4.998,225
2022-03-19 02:36:22,18.9,26.5,988,0.0,0.0,0,0.0,0.0,0,99376.00,0.00,0.00,230,12.81,3.20,0.00,6.6,4.998,4.998,4.998,4.998,23
2022-03-19 02:37:22,11.1,19.6,698,0.0,0.0,0,0.0,0.0,0,100074.00,0.00,0.00,232,12.81,3.22,0.00,6.1,4.998,4.998,4.998,4.998,105
2022-03-19 02:38:22,10.9,22.2,818,0.0,0.0,0,0.0,0.0,0,100892.00,0.00,0.00,253,12.81,3.51,0.00,6.6,4.998,4.998,4.998,4.998,13
2022-03-19 02:39:22,9.1,21.9,855,0.0,0.0,0,0.0,0.0,0,101747.00,0.00,0.00,276,12.81,3.83,0.00,6.6,4.998,4.998,4.998,4.998,40
2022-03-19 02:40:22,9.3,19.3,647,0.0,0.0,0,0.0,0.0,0,102394.00,0.00,0.00,234,12.81,3.25,0.00,6.1,4.998,4.998,4.998,4.998,199
2022-03-19 02:41:22,5.9,25.1,868,0.0,0.0,0,0.0,0.0,0,103262.00,0.00,0.00,157,12.81,2.18,0.00,6.6,4.998,4.998,4.998,4.998,119
2022-03-19 02:42:22,15.0,25.0,729,0.0,0.0,0,0.0,0.0,0,103991.00,0.00,0.00,215,12.81,2.99,0.00,6.6,4.998,4.998,4.998,4.998,217
2022-03-19 02:43:22,11.4,20.6,797,0.0,0.0,0,0.0,0.0,0,104788.00,0.00,0.00,228,12.85,3.17,0.00,6.6,4.998,4.998,4.998,4.998,197
2022-03-19 02:44:22,5.5,17.9,766,0.0,0.0,0,0.0,0.0,0,105554.00,0.00,0.00,225,12.81,3.12,0.00,6.1,4.998,4.998,4.998,4.998,114
2022-03-19 02:45:22,11.5,12.6,447,0.0,0.0,0,0.0,0.0,0,106001.00,0.00,0.00,265,12.81,3.68,0.00,6.6,4.998,4.998,4.998,4.998,166
2022-03-19 02:46:22,13.9,21.8,743,0.0,0.0,0,0.0,0.0,0,106744.00,0.00,0.00,250,12.81,3.47,0.00,6.6,4.998,4.998,4.998,4.998,125
2022-03-19 02:47:22,10.7,15.8,648,0.0,0.0,0,0.0,0.0,0,107392.00,0.00,0.00,242,12.81,3.36,0.00,6.6,4.998,4.998,4.998,4.998,202
2022-03-19 02:48:22,13.3,13.8,611,0.0,0.0,0,0.0,0.0,0,108003.00,0.00,0.00,206,12.81,2.86,0.00,6.6,4.998,4.998,4.998,4.998,24
2022-03-19 02:49:22,8.7,18.9,612,0.0,0.0,0,0.0,0.0,0,108615.00,0.00,0.00,197,12.81,2.73,0.00,6.6,4.998,4.998,4.998,4.998,201
2022-03-19 02:50:22,3.8,13.1,525,0.0,0.0,0,0.0,0.0,0,109140.00,0.00,0.00,224,12.81,3.11,0.00,6.6,4.998,4.998,4.998,4.998,243
2022-03-19 02:51:22,15.6,17.9,554,0.0,0.0,0,0.0,0.0,0,109694.00,0.00,0.00,248,12.81,3.44,0.00,6.1,4.998,4.998,4.998,4.998,31
2022-03-19 02:52:22,9.2,20.7,490,0.0,0.0,0,0.0,0.0,0,110184.00,0.00,0.00,233,12.81,3.23,0.00,6.6,4.998,4.998,4.998,4.998,66
2022-03-19 02:53:22,11.4,22.0,710,0.0,0.0,0,0.0,0.0,0,110894.00,0.00,0.00,202,12.81,2.80,0.00,6.6,4.998,4.998,4.998,4.998,208
2022-03-19 02:54:22,14.5,20.0,812,0.0,0.0,0,0.0,0.0,0,111706.00,0.00,0.00,243,12.81,3.37,0.00,6.6,4.998,4.998,4.998,4.998,202
2022-03-19 02:55:22,6.9,20.0,793,0.0,0.0,0,0.0,0.0,0,112499.00,0.00,0.00,205,12.81,2.85,0.00,6.1,4.998,4.998,4.998,4.998,147
2022-03-19 02:56:22,5.5,15.7,608,0.0,0.0,0,0.0,0.0,0,113107.00,0.00,0.00,203,12.81,2.83,0.00,6.6,4.998,4.998,4.998,4.998,139
2022-03-19 02:57:22,7.5,16.2,564,0.0,0.0,0,0.0,0.0,0,113671.00,0.00,0.00,260,12.81,3.61,0.00,6.6,4.998,4.998,4.998,4.998,124
2022-03-19 02:58:22,7.3,30.3,823,0.0,0.0,0,0.0,0.0,0,114494.00,0.00,0.00,190,12.81,2.64,0.00,6.1,4.998,4.998,4.998,4.998,254
2022-03-19 02:59:22,11.8,18.5,728,0.0,0.0,0,0.0,0.0,0,115222.00,0.00,0.00,216,12.81,3.00,0.00,6.6,4.998,4.998,4.998,4.998,38
2022-03-19 03:00:22,14.4,24.2,909,0.0,0.0,0,0.0,0.0,0,116131.00,0.00,0.00,228,12.81,3.16,0.00,6.6,4.998,4.998,4.998,4.998,174
2022-03-19 03:01:22,11.8,24.0,851,0.0,0.0,0,0.0,0.0,0,116982.00,0.00,0.00,208,12.81,2.90,0.00,6.6,4.998,4.998,4.998,4.998,39
2022-03-19 03:02:22,13.1,22.9,940,0.0,0.0,0,0.0,0.0,0,117922.00,0.00,0.00,217,12.81,3.02,0.00,6.6,4.998,4.998,4.998,4.998,30
2022-03-19 03:03:22,13.7,14.1,562,0.0,0.0,0,0.0,0.0,0,118484.00,0.00,0.00,206,12.81,2.86,0.00,6.6,4.998,4.998,4.998,4.998,72
2022-03-19 03:04:22,3.9,23.3,791,0.0,0.0,0,0.0,0.0,0,119275.00,0.00,0.00,188,12.81,2.62,0.00,6.6,4.998,4.998,4.998,4.998,116
2022-03-19 03:05:22,6.8,14.3,540,0.0,0.0,0,0.0,0.0,0,119815.00,0.00,0.00,207,12.81,2.88,0.00,6.6,4.998,4.998,4.998,4.998,207
2022-03-19 03:06:22,9.5,19.8,743,0.0,0.0,0,0.0,0.0,0,120558.00,0.00,0.00,247,12.81,3.44,0.00,6.6,4.998,4.998,4.998,4.998,223
2022-03-19 03:07:22,13.6,17.3,756,0.0,0.0,0,0.0,0.0,0,121314.00,0.00,0.00,253,12.81,3.51,0.00,6.6,4.998,4.998,4.998,4.998,2
2022-03-19 03:08:22,8.1,32.3,1185,0.0,0.0,0,0.0,0.0,0,122499.00,0.00,0.00,222,12.81,3.09,0.00,6.6,4.998,4.998,4.998,4.998,21
2022-03-19 03:09:22,10.9,15.3,482,0.0,0.0,0,0.0,0.0,0,122981.00,0.00,0.00,255,12.81,3.54,0.00,6.6,4.998,4.998,4.998,4.998,91
2022-03-19 03:10:22,16.5,22.9,937,0.0,0.0,0,0.0,0.0,0,123918.00,0.00,0.00,224,12.81,3.11,0.00,6.6,4.998,4.998,4.998,4.998,2
2022-03-19 03:11:22,7.6,17.8,691,0.0,0.0,0,0.0,0.0,0,124609.00,0.00,0.00,204,12.81,2.84,0.00,6.6,4.998,4.998,4.998,4.998,15
2022-03-19 03:12:22,7.0,19.5,694,0.0,0.0,0,0.0,0.0,0,125303.00,0.00,0.00,234,12.81,3.26,0.00,6.6,4.998,4.998,4.998,4.998,236
2022-03-19 03:13:22,7.4,21.6,699,0.0,0.0,0,0.0,0.0,0,126002.00,0.00,0.00,220,12.81,3.06,0.00,6.6,4.998,4.998,4.998,4.998,97
2022-03-19 03:14:22,17.7,27.0,853,0.0,0.0,0,0.0,0.0,0,126855.00,0.00,0.00,196,12.81,2.73,0.00,6.6,4.998,4.998,4.998,4.998,148
2022-03-19 03:15:22,9.0,23.2,747,0.0,0.0,0,0.0,0.0,0,127602.00,0.00,0.00,229,12.81,3.19,0.00,6.6,4.998,4.998,4.998,4.998,15
2022-03-19 03:16:22,11.7,22.7,882,0.0,0.0,0,0.0,0.0,0,128484.00,0.00,0.00,223,12.81,3.10,0.00,6.6,4.998,4.998,4.998,4.998,123
2022-03-19 03:17:22,10.3,17.0,689,0.0,0.0,0,0.0,0.0,0,129173.00,0.00,0.00,231,12.81,3.21,0.00,6.6,4.998,4.998,4.998,4.998,13
2022-03-19 03:18:22,14.8,23.5,728,0.0,0.0,0,0.0,0.0,0,129901.00,0.00,0.00,253,12.81,3.52,0.00,6.6,4.998,4.998,4.998,4.998,19
2022-03-19 03:19:22,14.0,28.6,766,0.0,0.0,0,0.0,0.0,0,130667.00,0.00,0.00,240,12.81,3.33,0.00,6.6,4.998,4.998,4.998,4.998,193
2022-03-19 03:20:22,15.3,20.5,830,0.0,0.0,0,0.0,0.0,0,131497.00,0.00,0.00,250,12.81,3.48,0.00,6.6,4.998,4.998,4.998,4.998,141
2022-03-19 03:21:22,9.3,22.8,820,0.0,0.0,0,0.0,0.0,0,132317.00,0.00,0.00,190,12.81,2.65,0.00,6.6,4.998,4.998,4.998,4.998,123
2022-03-19 03:22:22,7.5,12.8,563,0.0,0.0,0,0.0,0.0,0,132880.00,0.00,0.00,255,12.81,3.54,0.00,6.6,4.998,4.998,4.998,4.998,64
2022-03-19 03:23:22,10.0,13.8,577,0.0,0.0,0,0.0,0.0,0,133457.00,0.00,0.00,239,12.81,3.32,0.00,6.6,4.998,4.998,4.998,4.998,116
2022-03-19 03:24:22,6.5,26.1,735,0.0,0.0,0,0.0,0.0,0,134192.00,0.00,0.00,217,12.81,3.02,0.00,6.6,4.998,4.998,4.998,4.998,142
2022-03-19 03:25:22,21.8,22.5,560,0.0,0.0,0,0.0,0.0,0,134752.00,0.00,0.00,175,12.81,2.43,0.00,6.6,4.998,4.998,4.998,4.998,211
2022-03-19 03:26:22,8.0,21.8,645,0.0,0.0,0,0.0,0.0,0,135397.00,0.00,0.00,238,12.81,3.30,0.00,6.6,4.998,4.998,4.998,4.998,121
2022-03-19 03:27:22,6.6,14.1,547,0.0,0.0,0,0.0,0.0,0,135944.00,0.00,0.00,204,12.81,2.83,0.00,6.6,4.998,4.998,4.998,4.998,174
2022-03-19 03:28:22,8.1,14.7,539,0.0,0.0,0,0.0,0.0,0,136483.00,0.00,0.00,210,12.81,2.92,0.00,6.6,4.998,4.998,4.998,4.998,140
2022-03-19 03:29:22,11.6,13.3,519,0.0,0.0,0,0.0,0.0,0,137002.00,0.00,0.00,213,12.81,2.96,0.00,6.6,4.998,4.998,4.998,4.998,96
2022-03-19 03:30:22,11.6,18.6,677,0.0,0.0,0,0.0,0.0,0,137679.00,0.00,0.00,189,12.81,2.63,0.00,6.6,4.998,4.998,4.998,4.998,115
2022-03-19 03:31:22,9.1,18.9,766,0.0,0.0,0,0.0,0.0,0,138445.00,0.00,0.00,241,12.81,3.34,0.00,6.6,4.998,4.998,4.998,4.998,190
2022-03-19 03:32:22,11.5,14.3,536,0.0,0.0,0,0.0,0.0,0,138981.00,0.00,0.00,208,12.81,2.90,0.00,6.6,4.998,4.998,4.998,4.998,214
2022-03-19 03:33:22,12.6,25.4,926,0.0,0.0,0,0.0,0.0,0,139907.00,0.00,0.00,201,12.81,2.80,0.00,6.6,4.998,4.998,4.998,4.998,80
2022-03-19 03:34:22,8.7,16.5,572,0.0,0.0,0,0.0,0.0,0,140479.00,0.00,0.00,210,12.81,2.91,0.00,6.6,4.998,4.998,4.998,4.998,161
2022-03-19 03:35:22,11.3,16.1,617,0.0,0.0,0,0.0,0.0,0,141096.00,0.00,0.00,221,12.81,3.07,0.00,6.6,4.998,4.998,4.998,4.998,252
2022-03-19 03:36:22,5.0,20.8,741,0.0,0.0,0,0.0,0.0,0,141837.00,0.00,0.00,225,12.81,3.12,0.00,6.6,4.998,4.998,4.998,4.998,176
2022-03-19 03:37:22,8.9,16.1,655,0.0,0.0,0,0.0,0.0,0,142492.00,0.00,0.00,235,12.81,3.27,0.00,6.6,4.998,4.998,4.998,4.998,233
2022-03-19 03:38:22,10.5,16.6,730,0.0,0.0,0,0.0,0.0,0,143222.00,0.00,0.00,221,12.81,3.07,0.00,6.6,4.998,4.998,4.998,4.998,12
2022-03-19 03:39:22,7.6,12.3,502,0.0,0.0,0,0.0,0.0,0,143724.00,0.00,0.00,193,12.81,2.68,0.00,6.6,4.998,4.998,4.998,4.998,79
2022-03-19 03:40:22,15.7,22.5,822,0.0,0.0,0,0.0,0.0,0,144546.00,0.00,0.00,181,12.81,2.51,0.00,6.6,4.998,4.998,4.998,4.998,153
2022-03-19 03:41:22,7.0,19.8,772,0.0,0.0,0,0.0,0.0,0,145318.00,0.00,0.00,216,12.81,3.00,0.00,6.6,4.998,4.998,4.998,4.998,145
2022-03-19 03:42:22,4.4,15.1,626,0.0,0.0,0,0.0,0.0,0,145944.00,0.00,0.00,207,12.81,2.88,0.00,6.6,4.998,4.998,4.998,4.998,236
2022-03-19 03:43:22,9.9,18.9,563,0.0,0.0,0,0.0,0.0,0,146507.00,0.00,0.00,222,12.81,3.09,0.00,6.6,4.998,4.998,4.998,4.998,163
2022-03-19 03:44:22,9.8,18.5,733,0.0,0.0,0,0.0,0.0,0,147240.00,0.00,0.00,201,12.81,2.80,0.00,6.6,4.998,4.998,4.998,4.998,228
2022-03-19 03:45:22,8.2,15.2,593,0.0,0.0,0,0.0,0.0,0,147833.00,0.00,0.00,233,12.81,3.24,0.00,6.6,4.998,4.998,4.998,4.998,253
2022-03-19 03:46:22,19.9,21.5,651,0.0,0.0,0,0.0,0.0,0,148484.00,0.00,0.00,202,12.81,2.80,0.00,6.6,4.998,4.998,4.998,4.998,153
2022-03-19 03:47:22,5.7,20.4,625,0.0,0.0,0,0.0,0.0,0,149109.00,0.00,0.00,200,12.81,2.78,0.00,6.6,4.998,4.998,4.998,4.998,72
2022-03-19 03:48:22,7.8,11.6,432,0.0,0.0,0,0.0,0.0,0,149541.00,0.00,0.00,206,12.81,2.86,0.00,6.6,4.998,4.998,4.998,4.998,156
2022-03-19 03:49:22,5.8,11.5,477,0.0,0.0,0,0.0,0.0,0,150018.00,0.00,0.00,232,12.81,3.22,0.00,6.6,4.998,4.998,4.998,4.998,22
2022-03-19 03:50:22,6.2,16.7,503,0.0,0.0,0,0.0,0.0,0,150521.00,0.00,0.00,264,12.81,3.67,0.00,6.6,4.998,4.998,4.998,4.998,86
2022-03-19 03:51:22,12.0,26.6,886,0.0,0.0,0,0.0,0.0,0,151407.00,0.00,0.00,212,12.81,2.95,0.00,6.6,4.998,4.998,4.998,4.998,217
2022-03-19 03:52:22,14.7,17.0,777,0.0,0.0,0,0.0,0.0,0,152184.00,0.00,0.00,266,12.81,3.70,0.00,6.6,4.998,4.998,4.998,4.998,38
2022-03-19 03:53:22,8.3,35.0,1255,0.0,0.0,0,0.0,0.0,0,153439.00,0.00,0.00,219,12.81,3.05,0.00,6.6,4.998,4.998,4.998,4.998,250
2022-03-19 03:54:22,6.2,19.6,704,0.0,0.0,0,0.0,0.0,0,154143.00,0.00,0.00,227,12.81,3.15,0.00,6.6,4.998,4.998,4.998,4.998,71
2022-03-19 03:55:22,10.4,15.4,594,0.0,0.0,0,0.0,0.0,0,154737.00,0.00,0.00,256,12.81,3.56,0.00,6.6,4.998,4.998,4.998,4.998,206
2022-03-19 03:56:22,5.9,16.5,628,0.0,0.0,0,0.0,0.0,0,155365.00,0.00,0.00,235,12.81,3.26,0.00,6.1,4.998,4.998,4.998,4.998,90
2022-03-19 03:57:22,8.2,14.0,520,0.0,0.0,0,0.0,0.0,0,155885.00,0.00,0.00,257,12.81,3.57,0.00,6.6,4.998,4.998,4.998,4.998,56
2022-03-19 03:58:22,9.0,15.6,608,0.0,0.0,0,0.0,0.0,0,156493.00,0.00,0.00,238,12.81,3.31,0.00,6.1,4.998,4.998,4.998,4.998,111
2022-03-19 03:59:22,4.3,18.4,698,0.0,0.0,0,0.0,0.0,0,157191.00,0.00,0.00,178,12.81,2.48,0.00,6.6,4.998,4.998,4.998,4.998,119
2022-03-19 04:00:22,10.2,20.6,499,0.0,0.0,0,0.0,0.0,0,157690.00,0.00,0.00,242,12.81,3.36,0.00,6.1,4.998,4.998,4.998,4.998,180
2022-03-19 04:01:22,15.1,23.5,803,0.0,0.0,0,0.0,0.0,0,158493.00,0.00,0.00,234,12.81,3.25,0.00,6.6,4.998,4.998,4.998,4.998,25
2022-03-19 04:02:22,10.9,17.1,599,0.0,0.0,0,0.0,0.0,0,159092.00,0.00,0.00,200,12.81,2.77,0.00,6.6,4.998,4.998,4.998,4.998,97
2022-03-19 04:03:22,9.3,21.4,809,0.0,0.0,0,0.0,0.0,0,159901.00,0.00,0.00,222,12.77,3.08,0.00,6.6,4.998,4.998,4.998,4.998,132
2022-03-19 04:04:22,8.1,22.7,764,0.0,0.0,0,0.0,0.0,0,160665.00,0.00,0.00,191,12.81,2.66,0.00,6.1,4.998,4.998,4.998,4.998,28
2022-03-19 04:05:22,16.5,26.0,730,0.0,0.0,0,0.0,0.0,0,161395.00,0.00,0.00,248,12.81,3.45,0.00,6.1,4.998,4.998,4.998,4.998,36
2022-03-19 04:06:22,6.1,20.7,795,0.0,0.0,0,0.0,0.0,0,162190.00,0.00,0.00,189,12.77,2.63,0.00,6.1,4.998,4.998,4.998,4.998,145
2022-03-19 04:07:22,13.4,20.1,774,0.0,0.0,0,0.0,0.0,0,162964.00,0.00,0.00,233,12.77,3.23,0.00,6.6,4.998,4.998,4.998,4.998,56
2022-03-19 04:08:22,9.7,17.5,679,0.0,0.0,0,0.0,0.0,0,163643.00,0.00,0.00,219,12.77,3.04,0.00,6.6,4.998,4.998,4.998,4.998,215
2022-03-19 04:09:22,11.7,22.4,834,0.0,0.0,0,0.0,0.0,0,164477.00,0.00,0.00,211,12.81,2.94,0.00,6.1,4.998,4.998,4.998,4.998,91
2022-03-19 04:10:22,11.4,18.1,617,0.0,0.0,0,0.0,0.0,0,165094.00,0.00,0.00,234,12.81,3.26,0.00,6.1,4.998,4.998,4.998,4.998,56
2022-03-19 04:11:22,14.0,18.7,644,0.0,0.0,0,0.0,0.0,0,165738.00,0.00,0.00,201,12.81,2.79,0.00,6.1,4.998,4.998,4.998,4.998,233
2022-03-19 04:12:22,8.4,22.6,708,0.0,0.0,0,0.0,0.0,0,166446.00,0.00,0.00,251,12.81,3.49,0.00,6.6,4.998,4.998,4.998,4.998,245
2022-03-19 04:13:22,10.5,21.6,918,0.0,0.0,0,0.0,0.0,0,167364.00,0.00,0.00,241,12.81,3.35,0.00,6.1,4.998,4.998,4.998,4.998,67
2022-03-19 04:14:22,6.8,16.0,546,0.0,0.0,0,0.0,0.0,0,167910.00,0.00,0.00,198,12.77,2.75,0.00,6.1,4.998,4.998,4.998,4.998,148
2022-03-19 04:15:22,9.9,22.4,903,0.0,0.0,0,0.0,0.0,0,168813.00,0.00,0.00,256,12.77,3.56,0.00,6.1,4.998,4.998,4.998,4.998,17
2022-03-19 04:16:22,16.8,27.0,1020,0.0,0.0,0,0.0,0.0,0,169833.00,0.00,0.00,268,12.81,3.72,0.00,6.6,4.998,4.998,4.998,4.998,21
2022-03-19 04:17:22,13.6,22.6,987,0.0,0.0,0,0.0,0.0,0,170820.00,0.00,0.00,247,12.81,3.44,0.00,6.1,4.998,4.998,4.998,4.998,185
2022-03-19 04:18:22,6.2,13.6,574,0.0,0.0,0,0.0,0.0,0,171394.00,0.00,0.00,232,12.81,3.22,0.00,6.6,4.998,4.998,4.998,4.998,108
2022-03-19 04:19:22,15.3,16.4,518,0.0,0.0,0,0.0,0.0,0,171912.00,0.00,0.00,230,12.81,3.19,0.00,6.1,4.998,4.998,4.998,4.998,180
2022-03-19 04:20:22,10.6,25.7,774,0.0,0.0,0,0.0,0.0,0,172686.00,0.00,0.00,229,12.77,3.18,0.00,6.1,4.998,4.998,4.998,4.998,120
2022-03-19 04:21:22,6.1,17.7,639,0.0,0.0,0,0.0,0.0,0,173325.00,0.00,0.00,264,12.77,3.66,0.00,6.1,4.998,4.998,4.998,4.998,141
2022-03-19 04:22:22,10.4,20.0,655,0.0,0.0,0,0.0,0.0,0,173980.00,0.00,0.00,250,12.77,3.48,0.00,6.1,4.998,4.998,4.998,4.998,237
2022-03-19 04:23:22,13.2,19.6,704,0.0,0.0,0,0.0,0.0,0,174684.00,0.00,0.00,251,12.81,3.49,0.00,6.1,4.998,4.998,4.998,4.998,161
2022-03-19 04:24:22,17.5,18.2,566,0.0,0.0,0,0.0,0.0,0,175250.00,0.00,0.00,275,12.77,3.82,0.00,6.1,4.998,4.998,4.998,4.998,118
2022-03-19 04:25:22,27.5,28.4,1013,0.0,0.0,0,0.0,0.0,0,176263.00,0.00,0.00,246,12.77,3.42,0.00,6.1,4.998,4.998,4.998,4.998,156
2022-03-19 04:26:22,14.8,29.3,1079,0.0,0.0,0,0.0,0.0,0,177342.00,0.00,0.00,216,12.81,3.01,0.00,6.1,4.998,4.998,4.998,4.998,114
2022-03-19 04:27:22,10.7,20.5,806,0.0,0.0,0,0.0,0.0,0,178148.00,0.00,0.00,245,12.81,3.40,0.00,6.1,4.998,4.998,4.998,4.998,125
2022-03-19 04:28:22,9.3,18.8,791,0.0,0.0,0,0.0,0.0,0,178939.00,0.00,0.00,261,12.77,3.63,0.00,6.1,4.998,4.998,4.998,4.998,100
2022-03-19 04:29:22,8.8,19.0,685,0.0,0.0,0,0.0,0.0,0,179624.00,0.00,0.00,230,12.77,3.20,0.00,6.1,4.998,4.998,4.998,4.998,83
2022-03-19 04:30:22,12.0,20.7,859,0.0,0.0,0,0.0,0.0,0,180483.00,0.00,0.00,223,12.81,3.10,0.00,6.1,4.998,4.998,4.998,4.998,97
2022-03-19 04:31:22,7.2,19.8,563,0.0,0.0,0,0.0,0.0,0,181046.00,0.00,0.00,234,12.77,3.26,0.00,6.1,4.998,4.998,4.998,4.998,217
2022-03-19 04:32:22,6.2,25.5,608,0.0,0.0,0,0.0,0.0,0,181654.00,0.00,0.00,234,12.77,3.25,0.00,6.1,4.998,4.998,4.998,4.998,228
2022-03-19 04:33:22,14.5,31.0,1087,0.0,0.0,0,0.0,0.0,0,182741.00,0.00,0.00,234,12.81,3.26,0.00,6.1,4.998,4.998,4.998,4.998,39
2022-03-19 04:34:22,10.3,24.4,951,0.0,0.0,0,0.0,0.0,0,183692.00,0.00,0.00,260,12.81,3.61,0.00,6.6,4.998,4.998,4.998,4.998,213
2022-03-19 04:35:22,7.4,22.3,904,0.0,0.0,0,0.0,0.0,0,184596.00,0.00,0.00,224,12.77,3.11,0.00,6.1,4.998,4.998,4.998,4.998,197
2022-03-19 04:36:22,11.2,23.3,910,0.0,0.0,0,0.0,0.0,0,185506.00,0.00,0.00,214,12.81,2.98,0.00,6.1,4.998,4.998,4.998,4.998,110
2022-03-19 04:37:22,17.1,25.6,761,0.0,0.0,0,0.0,0.0,0,186267.00,0.00,0.00,260,12.81,3.61,0.00,6.1,4.998,4.998,4.998,4.998,45
2022-03-19 04:38:22,8.2,24.5,942,0.0,0.0,0,0.0,0.0,0,187209.00,0.00,0.00,235,12.77,3.26,0.00,6.1,4.998,4.998,4.998,4.998,169
2022-03-19 04:39:22,6.5,11.6,458,0.0,0.0,0,0.0,0.0,0,187667.00,0.00,0.00,239,12.77,3.32,0.00,6.1,4.998,4.998,4.998,4.998,137
2022-03-19 04:40:22,13.9,19.4,653,0.0,0.0,0,0.0,0.0,0,188320.00,0.00,0.00,196,12.77,2.72,0.00,6.1,4.998,4.998,4.998,4.998,28
2022-03-19 04:41:22,5.9,19.4,718,0.0,0.0,0,0.0,0.0,0,189038.00,0.00,0.00,180,12.77,2.50,0.00,6.1,4.998,4.998,4.998,4.998,96
2022-03-19 04:42:22,15.1,16.5,630,0.0,0.0,0,0.0,0.0,0,189668.00,0.00,0.00,257,12.81,3.57,0.00,6.1,4.998,4.998,4.998,4.998,232
2022-03-19 04:43:22,7.1,22.4,1094,0.0,0.0,0,0.0,0.0,0,190762.00,0.00,0.00,247,12.81,3.43,0.00,6.1,4.998,4.998,4.998,4.998,136
2022-03-19 04:44:22,10.2,15.4,662,0.0,0.0,0,0.0,0.0,0,191424.00,0.00,0.00,259,12.77,3.59,0.00,6.1,4.998,4.998,4.998,4.998,195
2022-03-19 04:45:22,8.9,14.7,626,0.0,0.0,0,0.0,0.0,0,192050.00,0.00,0.00,224,12.77,3.11,0.00,6.1,4.998,4.998,4.998,4.998,72
2022-03-19 04:46:22,7.8,21.6,605,0.0,0.0,0,0.0,0.0,0,192655.00,0.00,0.00,236,12.77,3.28,0.00,6.1,4.998,4.998,4.998,4.998,1
2022-03-19 04:47:22,13.8,19.9,673,0.0,0.0,0,0.0,0.0,0,193328.00,0.00,0.00,221,12.77,3.08,0.00,6.1,4.998,4.998,4.998,4.998,20
2022-03-19 04:48:22,9.6,25.0,939,0.0,0.0,0,0.0,0.0,0,194267.00,0.00,0.00,215,12.77,2.98,0.00,6.1,4.998,4.998,4.998,4.998,51
2022-03-19 04:49:22,10.6,21.4,815,0.0,0.0,0,0.0,0.0,0,195082.00,0.00,0.00,230,12.81,3.19,0.00,6.1,4.998,4.998,4.998,4.998,146
2022-03-19 04:50:22,7.6,13.2,576,0.0,0.0,0,0.0,0.0,0,195658.00,0.00,0.00,223,12.77,3.10,0.00,6.1,4.998,4.998,4.998,4.998,5
2022-03-19 04:51:22,10.0,18.1,730,0.0,0.0,0,0.0,0.0,0,196388.00,0.00,0.00,241,12.81,3.35,0.00,6.1,4.998,4.998,4.998,4.998,82
2022-03-19 04:52:22,10.3,17.7,768,0.0,0.0,0,0.0,0.0,0,197156.00,0.00,0.00,202,12.77,2.81,0.00,6.1,4.998,4.998,4.998,4.998,75
2022-03-19 04:53:22,7.2,12.3,467,0.0,0.0,0,0.0,0.0,0,197623.00,0.00,0.00,201,12.77,2.79,0.00,6.1,4.998,4.998,4.998,4.998,43
2022-03-19 04:54:22,8.5,17.5,636,0.0,0.0,0,0.0,0.0,0,198259.00,0.00,0.00,262,12.81,3.64,0.00,6.1,4.998,4.998,4.998,4.998,181
2022-03-19 04:55:22,8.5,15.2,604,0.0,0.0,0,0.0,0.0,0,198863.00,0.00,0.00,244,12.77,3.39,0.00,5.6,4.998,4.998,4.998,4.998,23
2022-03-19 04:56:22,13.6,22.4,986,0.0,0.0,0,0.0,0.0,0,199849.00,0.00,0.00,228,12.81,3.17,0.00,6.1,4.998,4.998,4.998,4.998,96
2022-03-19 04:57:22,12.5,20.6,829,0.0,0.0,0,0.0,0.0,0,200678.00,0.00,0.00,256,12.77,3.56,0.00,6.1,4.998,4.998,4.998,4.998,13
2022-03-19 04:58:22,9.6,22.3,933,0.0,0.0,0,0.0,0.0,0,201611.00,0.00,0.00,207,12.77,2.88,0.00,6.1,4.998,4.998,4.998,4.998,16
2022-03-19 04:59:22,8.3,14.3,619,0.0,0.0,0,0.0,0.0,0,202230.00,0.00,0.00,205,12.81,2.85,0.00,6.1,4.998,4.998,4.998,4.998,19
2022-03-19 05:00:22,6.2,16.8,640,0.0,0.0,0,0.0,0.0,0,202870.00,0.00,0.00,195,12.77,2.71,0.00,6.1,4.998,4.998,4.998,4.998,108
2022-03-19 05:01:22,16.3,22.3,756,0.0,0.0,0,0.0,0.0,0,203626.00,0.00,0.00,218,12.81,3.03,0.00,5.6,4.998,4.998,4.998,4.998,211
2022-03-19 05:02:22,9.3,22.4,761,0.0,0.0,0,0.0,0.0,0,204387.00,0.00,0.00,253,12.77,3.51,0.00,5.6,4.998,4.998,4.998,4.998,134
2022-03-19 05:03:22,11.4,18.6,828,0.0,0.0,0,0.0,0.0,0,205215.00,0.00,0.00,226,12.81,3.14,0.00,6.1,4.998,4.998,4.998,4.998,168
2022-03-19 05:04:22,11.7,16.7,801,0.0,0.0,0,0.0,0.0,0,206016.00,0.00,0.00,254,12.81,3.53,0.00,5.6,4.998,4.998,4.998,4.998,100
2022-03-19 05:05:22,18.3,24.5,927,0.0,0.0,0,0.0,0.0,0,206943.00,0.00,0.00,193,12.81,2.69,0.00,6.1,4.998,4.998,4.998,4.998,102
2022-03-19 05:06:22,11.0,19.2,689,0.0,0.0,0,0.0,0.0,0,207632.00,0.00,0.00,215,12.81,2.99,0.00,6.1,4.998,4.998,4.998,4.998,8
2022-03-19 05:07:22,13.4,18.7,707,0.0,0.0,0,0.0,0.0,0,208339.00,0.00,0.00,255,12.77,3.54,0.00,5.6,4.998,4.998,4.998,4.998,128
2022-03-19 05:08:22,9.9,22.1,645,0.0,0.0,0,0.0,0.0,0,208984.00,0.00,0.00,251,12.81,3.49,0.00,5.6,4.998,4.998,4.998,4.998,61
2022-03-19 05:09:22,10.4,20.2,756,0.0,0.0,0,0.0,0.0,0,209740.00,0.00,0.00,183,12.77,2.55,0.00,5.6,4.998,4.998,4.998,4.998,175
2022-03-19 05:10:22,5.5,16.5,621,0.0,0.0,0,0.0,0.0,0,210361.00,0.00,0.00,265,12.77,3.68,0.00,6.1,4.998,4.998,4.998,4.998,133
2022-03-19 05:11:22,14.7,17.6,454,0.0,0.0,0,0.0,0.0,0,210815.00,0.00,0.00,221,12.77,3.08,0.00,5.6,4.998,4.998,4.998,4.998,238
2022-03-19 05:12:22,10.6,15.1,669,0.0,0.0,0,0.0,0.0,0,211484.00,0.00,0.00,265,12.77,3.69,0.00,5.6,4.998,4.998,4.998,4.998,7
2022-03-19 05:13:22,8.0,25.3,869,0.0,0.0,0,0.0,0.0,0,212353.00,0.00,0.00,181,12.81,2.51,0.00,5.6,4.998,4.998,4.998,4.998,87
2022-03-19 05:14:22,8.3,12.0,552,0.0,0.0,0,0.0,0.0,0,212905.00,0.00,0.00,233,12.81,3.24,0.00,5.6,4.998,4.998,4.998,4.998,47
2022-03-19 05:15:22,15.7,16.8,672,0.0,0.0,0,0.0,0.0,0,213577.00,0.00,0.00,199,12.77,2.76,0.00,5.6,4.998,4.998,4.998,4.998,112
2022-03-19 05:16:22,17.7,20.7,835,0.0,0.0,0,0.0,0.0,0,214412.00,0.00,0.00,210,12.81,2.92,0.00,6.1,4.998,4.998,4.998,4.998,81
2022-03-19 05:17:22,17.3,22.4,890,0.0,0.0,0,0.0,0.0,0,215302.00,0.00,0.00,200,12.77,2.78,0.00,5.6,4.998,4.998,4.998,4.998,45
2022-03-19 05:18:22,10.2,19.6,890,0.0,0.0,0,0.0,0.0,0,216192.00,0.00,0.00,174,12.81,2.41,0.00,5.6,4.998,4.998,4.998,4.998,162
2022-03-19 05:19:22,8.3,12.7,542,0.0,0.0,0,0.0,0.0,0,216734.00,0.00,0.00,229,12.77,3.18,0.00,5.6,4.998,4.998,4.998,4.998,135
2022-03-19 05:20:22,6.7,12.9,481,0.0,0.0,0,0.0,0.0,0,217215.00,0.00,0.00,191,12.81,2.66,0.00,5.6,4.998,4.998,4.998,4.998,105
2022-03-19 05:21:22,9.7,22.5,863,0.0,0.0,0,0.0,0.0,0,218078.00,0.00,0.00,221,12.77,3.07,0.00,5.6,4.998,4.998,4.998,4.998,225
2022-03-19 05:22:22,13.8,24.6,847,0.0,0.0,0,0.0,0.0,0,218925.00,0.00,0.00,221,12.77,3.08,0.00,5.6,4.998,4.998,4.998,4.998,101
2022-03-19 05:23:22,9.9,19.3,779,0.0,0.0,0,0.0,0.0,0,219704.00,0.00,0.00,241,12.81,3.35,0.00,5.6,4.998,4.998,4.998,4.998,39
2022-03-19 05:24:22,13.6,22.6,822,0.0,0.0,0,0.0,0.0,0,220526.00,0.00,0.00,229,12.77,3.19,0.00,5.6,4.998,4.998,4.998,4.998,115
2022-03-19 05:25:22,7.8,17.0,684,0.0,0.0,0,0.0,0.0,0,221210.00,0.00,0.00,183,12.81,2.54,0.00,5.1,4.998,4.998,4.998,4.998,142
2022-03-19 05:26:22,6.1,12.8,518,0.0,0.0,0,0.0,0.0,0,221728.00,0.00,0.00,216,12.81,3.01,0.00,5.6,4.998,4.998,4.998,4.998,182
2022-03-19 05:27:22,11.9,13.5,531,0.0,0.0,0,0.0,0.0,0,222259.00,0.00,0.00,224,12.81,3.11,0.00,5.6,4.998,4.998,4.998,4.998,66
2022-03-19 05:28:22,18.0,23.0,958,0.0,0.0,0,0.0,0.0,0,223217.00,0.00,0.00,217,12.77,3.02,0.00,5.6,4.998,4.998,4.998,4.998,226
2022-03-19 05:29:22,8.2,23.3,741,0.0,0.0,0,0.0,0.0,0,223958.00,0.00,0.00,257,12.81,3.57,0.00,5.6,4.998,4.998,4.998,4.998,175
2022-03-19 05:30:22,4.2,12.2,490,0.0,0.0,0,0.0,0.0,0,224448.00,0.00,0.00,243,12.77,3.37,0.00,5.6,4.998,4.998,4.998,4.998,60
2022-03-19 05:31:22,11.3,18.7,735,0.0,0.0,0,0.0,0.0,0,225183.00,0.00,0.00,255,12.81,3.54,0.00,5.6,4.998,4.998,4.998,4.998,51
2022-03-19 05:32:22,11.7,18.6,705,0.0,0.0,0,0.0,0.0,0,225888.00,0.00,0.00,244,12.77,3.39,0.00,5.1,4.998,4.998,4.998,4.998,158
2022-03-19 05:33:22,6.2,14.9,554,0.0,0.0,0,0.0,0.0,0,226442.00,0.00,0.00,252,12.77,3.50,0.00,5.1,4.998,4.998,4.998,4.998,118
2022-03-19 05:34:22,10.4,19.6,696,0.0,0.0,0,0.0,0.0,0,227138.00,0.00,0.00,265,12.81,3.68,0.00,5.1,4.998,4.998,4.998,4.998,181
2022-03-19 05:35:22,10.0,20.0,872,0.0,0.0,0,0.0,0.0,0,228010.00,0.00,0.00,214,12.77,2.97,0.00,5.1,4.998,4.998,4.998,4.998,125
2022-03-19 05:36:22,12.4,15.3,683,0.0,0.0,0,0.0,0.0,0,228693.00,0.00,0.00,232,12.81,3.22,0.00,5.1,4.998,4.998,4.998,4.998,172
2022-03-19 05:37:22,16.9,20.7,693,0.0,0.0,0,0.0,0.0,0,229386.00,0.00,0.00,195,12.77,2.71,0.00,5.1,4.998,4.998,4.998,4.998,137
2022-03-19 05:38:22,5.2,17.3,539,0.0,0.0,0,0.0,0.0,0,229925.00,0.00,0.00,218,12.81,3.03,0.00,5.1,4.998,4.998,4.998,4.998,170
2022-03-19 05:39:22,12.2,20.4,860,0.0,0.0,0,0.0,0.0,0,230785.00,0.00,0.00,247,12.81,3.43,0.00,4.6,4.998,4.998,4.998,4.998,64
2022-03-19 05:40:22,11.6,23.1,833,0.0,0.0,0,0.0,0.0,0,231618.00,0.00,0.00,247,12.81,3.44,0.00,5.1,4.998,4.998,4.998,4.998,41
2022-03-19 05:41:22,9.4,17.9,563,0.0,0.0,0,0.0,0.0,0,232181.00,0.00,0.00,219,12.77,3.04,0.00,5.1,4.998,4.998,4.998,4.998,37
2022-03-19 05:42:22,11.3,22.6,715,0.0,0.0,0,0.0,0.0,0,232896.00,0.00,0.00,228,12.77,3.17,0.00,5.1,4.998,4.998,4.998,4.998,204
2022-03-19 05:43:22,8.0,15.2,631,0.0,0.0,0,0.0,0.0,0,233527.00,0.00,0.00,200,12.81,2.78,0.00,5.1,4.998,4.998,4.998,4.998,57
2022-03-19 05:44:22,7.4,17.3,578,0.0,0.0,0,0.0,0.0,0,234105.00,0.00,0.00,270,12.81,3.75,0.00,5.1,4.998,4.998,4.998,4.998,246
2022-03-19 05:45:22,9.8,12.4,552,0.0,0.0,0,0.0,0.0,0,234657.00,0.00,0.00,204,12.77,2.83,0.00,5.1,4.998,4.998,4.998,4.998,151
2022-03-19 05:46:22,9.4,15.8,634,0.0,0.0,0,0.0,0.0,0,235291.00,0.00,0.00,209,12.81,2.91,0.00,5.1,4.998,4.998,4.998,4.998,194
2022-03-19 05:47:22,8.7,15.2,641,0.0,0.0,0,0.0,0.0,0,235932.00,0.00,0.00,233,12.81,3.24,0.00,5.1,4.998,4.998,4.998,4.998,11
2022-03-19 05:48:22,10.1,10.8,389,0.0,0.0,0,0.0,0.0,0,236321.00,0.00,0.00,220,12.81,3.06,0.00,5.1,4.998,4.998,4.998,4.998,72
2022-03-19 05:49:22,12.1,15.2,536,0.0,0.0,0,0.0,0.0,0,236857.00,0.00,0.00,246,12.77,3.42,0.00,5.1,4.998,4.998,4.998,4.998,87
2022-03-19 05:50:22,7.8,14.6,604,0.0,0.0,0,0.0,0.0,0,237461.00,0.00,0.00,196,12.77,2.72,0.00,4.6,4.998,4.998,4.998,4.998,73
2022-03-19 05:51:22,10.1,19.9,699,0.0,0.0,0,0.0,0.0,0,238160.00,0.00,0.00,207,12.81,2.88,0.00,5.1,4.998,4.998,4.998,4.998,3
2022-03-19 05:52:22,11.1,20.8,778,0.0,0.0,0,0.0,0.0,0,238938.00,0.00,0.00,237,12.77,3.29,0.00,4.6,4.998,4.998,4.998,4.998,87
2022-03-19 05:53:22,15.2,20.7,726,0.0,0.0,0,0.0,0.0,0,239664.00,0.00,0.00,218,12.77,3.03,0.00,4.6,4.998,4.998,4.998,4.998,214
2022-03-19 05:54:22,5.9,27.7,890,0.0,0.0,0,0.0,0.0,0,240554.00,0.00,0.00,229,12.81,3.18,0.00,4.6,4.998,4.998,4.998,4.998,85
2022-03-19 05:55:22,13.3,21.0,772,0.0,0.0,0,0.0,0.0,0,241326.00,0.00,0.00,251,12.81,3.49,0.00,4.6,4.998,4.998,4.998,4.998,49
2022-03-19 05:56:22,12.7,20.8,868,0.0,0.0,0,0.0,0.0,0,242194.00,0.00,0.00,207,12.77,2.88,0.00,4.6,4.998,4.998,4.998,4.998,182
2022-03-19 05:57:22,9.6,16.0,647,0.0,0.0,0,0.0,0.0,0,242841.00,0.00,0.00,219,12.77,3.04,0.00,4.6,4.998,4.998,4.998,4.998,179
2022-03-19 05:58:22,10.0,16.5,580,0.0,0.0,0,0.0,0.0,0,243421.00,0.00,0.00,229,12.77,3.19,0.00,4.6,4.998,4.998,4.998,4.998,53
2022-03-19 05:59:22,6.9,15.7,607,0.0,0.0,0,0.0,0.0,0,244028.00,0.00,0.00,222,12.81,3.08,0.00,4.6,4.998,4.998,4.998,4.998,149
2022-03-19 06:00:22,6.9,12.4,432,0.0,0.0,0,0.0,0.0,0,244460.00,0.00,0.00,205,12.81,2.85,0.00,4.6,4.998,4.998,4.998,4.998,51
2022-03-19 06:01:22,10.3,15.2,655,0.0,0.0,0,0.0,0.0,0,245115.00,0.00,0.00,230,12.81,3.20,0.00,4.6,4.998,4.998,4.998,4.998,123
2022-03-19 06:02:22,5.7,11.5,454,0.0,0.0,0,0.0,0.0,0,245569.00,0.00,0.00,256,12.77,3.55,0.00,4.1,4.998,4.998,4.998,4.998,189
2022-03-19 06:03:22,6.2,16.2,574,0.0,0.0,0,0.0,0.0,0,246143.00,0.00,0.00,210,12.81,2.92,0.00,4.6,4.998,4.998,4.998,4.998,217
2022-03-19 06:04:22,6.6,15.2,583,0.0,0.0,0,0.0,0.0,0,246726.00,0.00,0.00,229,12.77,3.18,0.00,4.1,4.998,4.998,4.998,4.998,196
2022-03-19 06:05:22,6.4,12.9,484,0.0,0.0,0,0.0,0.0,0,247210.00,0.00,0.00,228,12.77,3.17,0.00,4.6,4.998,4.998,4.998,4.998,252
2022-03-19 06:06:22,3.8,15.1,487,0.0,0.0,0,0.0,0.0,0,247697.00,0.00,0.00,234,12.77,3.25,0.00,4.1,4.998,4.998,4.998,4.998,120
2022-03-19 06:07:22,4.6,13.6,445,0.0,0.0,0,0.0,0.0,0,248142.00,0.00,0.00,228,12.77,3.16,0.00,4.6,4.998,4.998,4.998,4.998,188
2022-03-19 06:08:22,8.6,9.5,387,0.0,0.0,0,0.0,0.0,0,248529.00,0.00,0.00,251,12.81,3.49,0.00,4.1,4.998,4.998,4.998,4.998,65
2022-03-19 06:09:22,8.1,15.0,589,0.0,0.0,0,0.0,0.0,0,249118.00,0.00,0.00,229,12.77,3.19,0.00,4.1,4.998,4.998,4.998,4.998,93
2022-03-19 06:10:22,3.7,16.0,571,0.0,0.0,0,0.0,0.0,0,249689.00,0.00,0.00,289,12.77,4.02,0.00,4.6,4.998,4.998,4.998,4.998,222
2022-03-19 06:11:22,7.3,15.2,624,0.0,0.0,0,0.0,0.0,0,250313.00,0.00,0.00,239,12.77,3.33,0.00,4.1,4.998,4.998,4.998,4.998,69
2022-03-19 06:12:22,6.9,17.3,772,0.0,0.0,0,0.0,0.0,0,251085.00,0.00,0.00,243,12.77,3.38,0.00,4.1,4.998,4.998,4.998,4.998,120
2022-03-19 06:13:22,14.5,21.4,706,0.0,0.0,0,0.0,0.0,0,251791.00,0.00,0.00,259,12.81,3.60,0.00,4.1,4.998,4.998,4.998,4.998,8
2022-03-19 06:14:22,4.7,21.2,789,0.0,0.0,0,0.0,0.0,0,252580.00,0.00,0.00,227,12.81,3.16,0.00,4.1,4.998,4.998,4.998,4.998,93
2022-03-19 06:15:22,6.5,18.5,501,0.0,0.0,0,0.0,0.0,0,253081.00,0.00,0.00,166,12.77,2.30,0.00,4.1,4.998,4.998,4.998,4.998,195
2022-03-19 06:16:22,7.1,13.4,546,0.0,0.0,0,0.0,0.0,0,253627.00,0.00,0.00,221,12.77,3.07,0.00,4.1,4.998,4.998,4.998,4.998,51
2022-03-19 06:17:22,9.0,15.0,573,0.0,0.0,0,0.0,0.0,0,254200.00,0.00,0.00,232,12.81,3.23,0.00,4.1,4.998,4.998,4.998,4.998,55
2022-03-19 06:18:22,11.8,15.3,523,0.0,0.0,0,0.0,0.0,0,254723.00,0.00,0.00,213,12.77,2.96,0.00,4.6,4.998,4.998,4.998,4.998,172
2022-03-19 06:19:22,10.1,13.5,500,0.0,0.0,0,0.0,0.0,0,255223.00,0.00,0.00,229,12.81,3.18,0.00,4.1,4.998,4.998,4.998,4.998,197
2022-03-19 06:20:22,11.6,17.7,663,0.0,0.0,0,0.0,0.0,0,255886.00,0.00,0.00,219,12.77,3.05,0.00,4.1,4.998,4.998,4.998,4.998,63
2022-03-19 06:21:22,9.0,19.6,740,0.0,0.0,0,0.0,0.0,0,256626.00,0.00,0.00,242,12.77,3.36,0.00,4.1,4.998,4.998,4.998,4.998,220
2022-03-19 06:22:22,15.1,18.3,806,0.0,0.0,0,0.0,0.0,0,257432.00,0.00,0.00,251,12.77,3.49,0.00,4.1,4.998,4.998,4.998,4.998,227
2022-03-19 06:23:22,5.2,17.1,471,0.0,0.0,0,0.0,0.0,0,257903.00,0.00,0.00,203,12.81,2.82,0.00,4.1,4.998,4.998,4.998,4.998,25
2022-03-19 06:24:22,4.5,10.5,397,0.0,0.0,0,0.0,0.0,0,258300.00,0.00,0.00,234,12.81,3.25,0.00,4.1,4.998,4.998,4.998,4.998,161
2022-03-19 06:25:22,13.3,22.0,688,0.0,0.0,0,0.0,0.0,0,258988.00,0.00,0.00,210,12.77,2.92,0.00,4.1,4.998,4.998,4.998,4.998,158
2022-03-19 06:26:22,4.8,18.1,669,0.0,0.0,0,0.0,0.0,0,259657.00,0.00,0.00,292,12.77,4.05,0.00,4.1,4.998,4.998,4.998,4.998,163
2022-03-19 06:27:22,6.8,11.1,452,0.0,0.0,0,0.0,0.0,0,260109.00,0.00,0.00,227,12.81,3.15,0.00,3.7,4.998,4.998,4.998,4.998,222
2022-03-19 06:28:22,17.5,17.5,591,0.0,0.0,0,0.0,0.0,0,260700.00,0.00,0.00,202,12.81,2.80,0.00,4.1,4.998,4.998,4.998,4.998,163
2022-03-19 06:29:22,9.1,19.5,844,0.0,0.0,0,0.0,0.0,0,261544.00,0.00,0.00,258,12.77,3.58,0.00,4.1,4.998,4.998,4.998,4.998,240
2022-03-19 06:30:22,6.5,21.4,667,0.0,0.0,0,0.0,0.0,0,262211.00,0.00,0.00,164,12.77,2.28,0.00,4.1,4.998,4.998,4.998,4.998,134
2022-03-19 06:31:22,9.3,18.5,758,0.0,0.0,0,0.0,0.0,0,262969.00,0.00,0.00,218,12.77,3.03,0.00,4.1,4.998,4.998,4.998,4.998,211
2022-03-19 06:32:22,13.9,17.2,694,0.0,0.0,0,0.0,0.0,0,263663.00,0.00,0.00,183,12.77,2.54,0.00,4.1,4.998,4.998,4.998,4.998,101
2022-03-19 06:33:22,11.1,14.6,637,0.0,0.0,0,0.0,0.0,0,264300.00,0.00,0.00,214,12.77,2.97,0.00,4.1,4.998,4.998,4.998,4.998,45
2022-03-19 06:34:22,6.3,20.6,653,0.0,0.0,0,0.0,0.0,0,264953.00,0.00,0.00,226,12.81,3.14,0.00,4.1,4.998,4.998,4.998,4.998,28
2022-03-19 06:35:22,7.5,12.6,467,0.0,0.0,0,0.0,0.0,0,265420.00,0.00,0.00,207,12.77,2.87,0.00,4.1,4.998,4.998,4.998,4.998,96
2022-03-19 06:36:22,6.7,10.7,461,0.0,0.0,0,0.0,0.0,0,265881.00,0.00,0.00,257,12.77,3.57,0.00,4.1,4.998,4.998,4.998,4.998,179
2022-03-19 06:37:22,10.9,14.6,545,0.0,0.0,0,0.0,0.0,0,266426.00,0.00,0.00,230,12.77,3.20,0.00,4.1,4.998,4.998,4.998,4.998,145
2022-03-19 06:38:22,7.3,12.0,489,0.0,0.0,0,0.0,0.0,0,266915.00,0.00,0.00,231,12.81,3.21,0.00,4.1,4.998,4.998,4.998,4.998,205
2022-03-19 06:39:22,6.5,12.7,599,0.0,0.0,0,0.0,0.0,0,267514.00,0.00,0.00,159,12.77,2.21,0.00,4.1,4.998,4.998,4.998,4.998,166
2022-03-19 06:40:22,17.3,18.4,609,0.0,0.0,0,0.0,0.0,0,268123.00,0.00,0.00,233,12.77,3.24,0.00,4.1,4.998,4.998,4.998,4.998,237
2022-03-19 06:41:22,4.2,17.7,487,0.0,0.0,0,0.0,0.0,0,268610.00,0.00,0.00,197,12.77,2.74,0.00,4.1,4.998,4.998,4.998,4.998,194
2022-03-19 06:42:22,7.8,16.1,549,0.0,0.0,0,0.0,0.0,0,269159.00,0.00,0.00,195,12.77,2.71,0.00,3.7,4.998,4.998,4.998,4.998,185
2022-03-19 06:43:22,9.6,16.9,688,0.0,0.0,0,0.0,0.0,0,269847.00,0.00,0.00,244,12.77,3.39,0.00,4.1,4.998,4.998,4.998,4.998,183
2022-03-19 06:44:22,11.0,23.3,859,0.0,0.0,0,0.0,0.0,0,270706.00,0.00,0.00,245,12.77,3.40,0.00,4.1,4.998,4.998,4.998,4.998,49
2022-03-19 06:45:22,8.8,12.6,509,0.0,0.0,0,0.0,0.0,0,271215.00,0.00,0.00,220,12.77,3.05,0.00,4.1,4.998,4.998,4.998,4.998,41
2022-03-19 06:46:22,12.9,21.8,735,0.0,0.0,0,0.0,0.0,0,271950.00,0.00,0.00,239,12.77,3.33,0.00,4.1,4.998,4.998,4.998,4.998,231
2022-03-19 06:47:22,14.3,14.7,545,0.0,0.0,0,0.0,0.0,0,272495.00,0.00,0.00,246,12.77,3.42,0.00,4.1,4.998,4.998,4.998,4.998,174
2022-03-19 06:48:22,5.9,20.2,678,0.0,0.0,0,0.0,0.0,0,273173.00,0.00,0.00,236,12.77,3.28,0.00,3.7,4.998,4.998,4.998,4.998,155
2022-03-19 06:49:22,8.4,15.7,502,0.0,0.0,0,0.0,0.0,0,273675.00,0.00,0.00,176,12.77,2.44,0.00,4.1,4.998,4.998,4.998,4.998,64
2022-03-19 06:50:22,4.1,13.1,396,0.0,0.0,0,0.0,0.0,0,274071.00,0.00,0.00,214,12.77,2.98,0.00,4.1,4.998,4.998,4.998,4.998,244
2022-03-19 06:51:22,5.3,15.5,366,0.0,0.0,0,0.0,0.0,0,274437.00,0.00,0.00,232,12.77,3.22,0.00,3.7,4.998,4.998,4.998,4.998,176
2022-03-19 06:52:22,4.7,10.2,419,0.0,0.0,0,0.0,0.0,0,274856.00,0.00,0.00,213,12.77,2.96,0.00,3.7,4.998,4.998,4.998,4.998,231
2022-03-19 06:53:22,14.2,17.9,556,0.0,0.0,0,0.0,0.0,0,275412.00,0.00,0.00,212,12.77,2.95,0.00,3.7,4.998,4.998,4.998,4.998,51
2022-03-19 06:54:22,14.0,14.0,622,0.0,0.0,0,0.0,0.0,0,276034.00,0.00,0.00,264,12.77,3.66,0.00,3.7,4.998,4.998,4.998,4.998,139
2022-03-19 06:55:22,12.9,18.2,685,0.0,0.0,0,0.0,0.0,0,276719.00,0.00,0.00,249,12.77,3.46,0.00,3.7,4.998,4.998,4.998,4.998,167
2022-03-19 06:56:22,6.1,22.3,873,0.0,0.0,0,0.0,0.0,0,277592.00,0.00,0.00,221,12.77,3.07,0.00,4.1,4.998,4.998,4.998,4.998,235
2022-03-19 06:57:22,12.1,20.0,698,0.0,0.0,0,0.0,0.0,0,278290.00,0.00,0.00,217,12.77,3.02,0.00,4.1,4.998,4.998,4.998,4.998,162
2022-03-19 06:58:22,8.2,13.8,651,0.0,0.0,0,0.0,0.0,0,278941.00,0.00,0.00,210,12.77,2.92,0.00,4.1,4.998,4.998,4.998,4.998,123
2022-03-19 06:59:22,10.6,16.6,677,0.0,0.0,0,0.0,0.0,0,279618.00,0.00,0.00,214,12.77,2.97,0.00,4.1,4.998,4.998,4.998,4.998,60
2022-03-19 07:00:22,9.1,11.7,458,0.0,0.0,0,0.0,0.0,0,280076.00,0.00,0.00,238,12.77,3.30,0.00,4.1,4.998,4.998,4.998,4.998,171
2022-03-19 07:01:22,5.8,13.2,587,0.0,0.0,0,0.0,0.0,0,280663.00,0.00,0.00,240,12.77,3.33,0.00,4.1,4.998,4.998,4.998,4.998,125
2022-03-19 07:02:22,9.9,20.8,628,0.0,0.0,0,0.0,0.0,0,281291.00,0.00,0.00,252,12.77,3.50,0.00,4.1,4.998,4.998,4.998,4.998,221
2022-03-19 07:03:22,9.4,14.3,656,0.0,0.0,0,0.0,0.0,0,281947.00,0.00,0.00,240,12.81,3.33,0.00,4.1,4.998,4.998,4.998,4.998,250
2022-03-19 07:04:22,5.0,10.4,412,0.0,0.0,0,0.0,0.0,0,282359.00,0.00,0.00,190,12.77,2.64,0.00,4.1,4.998,4.998,4.998,4.998,92
2022-03-19 07:05:22,16.7,18.1,597,0.0,0.0,0,0.0,0.0,0,282956.00,0.00,0.00,231,12.77,3.21,0.00,4.1,4.998,4.998,4.998,4.998,168
2022-03-19 07:06:22,12.4,18.4,743,0.0,0.0,0,0.0,0.0,0,283699.00,0.00,0.00,227,12.81,3.16,0.00,4.1,4.998,4.998,4.998,4.998,90
2022-03-19 07:07:22,8.9,14.2,564,0.0,0.0,0,0.0,0.0,0,284263.00,0.00,0.00,218,12.77,3.03,0.00,4.1,4.998,4.998,4.998,4.998,196
2022-03-19 07:08:22,15.6,23.8,715,0.0,0.0,0,0.0,0.0,0,284978.00,0.00,0.00,257,12.81,3.57,0.00,4.1,4.998,4.998,4.998,4.998,0
2022-03-19 07:09:22,13.9,25.6,887,0.0,0.0,0,0.0,0.0,0,285865.00,0.00,0.00,241,12.77,3.35,0.00,3.7,4.998,4.998,4.998,4.998,232
2022-03-19 07:10:22,6.8,14.9,509,0.0,0.0,0,0.0,0.0,0,286374.00,0.00,0.00,216,12.81,3.01,0.00,4.1,4.998,4.998,4.998,4.998,117
2022-03-19 07:11:22,8.9,16.9,570,0.0,0.0,0,0.0,0.0,0,286944.00,0.00,0.00,246,12.77,3.42,0.00,3.7,4.998,4.998,4.998,4.998,160
2022-03-19 07:12:22,9.0,15.9,651,0.0,0.0,0,0.0,0.0,0,287595.00,0.00,0.00,220,12.77,3.05,0.00,3.7,4.998,4.998,4.998,4.998,249
2022-03-19 07:13:22,8.7,14.1,590,0.0,0.0,0,0.0,0.0,0,288185.00,0.00,0.00,214,12.77,2.97,0.00,3.7,4.998,4.998,4.998,4.998,137
2022-03-19 07:14:22,11.2,14.4,586,0.0,0.0,0,0.0,0.0,0,288771.00,0.00,0.00,247,12.77,3.44,0.00,4.1,4.998,4.998,4.998,4.998,195
2022-03-19 07:15:22,6.8,17.7,765,0.0,0.0,0,0.0,0.0,0,289536.00,0.00,0.00,248,12.77,3.45,0.00,4.1,4.998,4.998,4.998,4.998,226
2022-03-19 07:16:22,11.8,21.0,646,0.0,0.0,0,0.0,0.0,0,290182.00,0.00,0.00,249,12.77,3.47,0.00,3.7,4.998,4.998,4.998,4.998,92
2022-03-19 07:17:22,12.8,18.6,631,0.0,0.0,0,0.0,0.0,0,290813.00,0.00,0.00,250,12.73,3.48,0.00,3.7,4.998,4.998,4.998,4.998,39
2022-03-19 07:18:22,10.9,19.2,680,0.0,0.0,0,0.0,0.0,0,291493.00,0.00,0.00,234,12.77,3.26,0.00,3.7,4.998,4.998,4.998,4.998,73
2022-03-19 07:19:22,5.5,13.9,550,0.0,0.0,0,0.0,0.0,0,292043.00,0.00,0.00,259,12.73,3.60,0.00,3.7,4.998,4.998,4.998,4.998,156
2022-03-19 07:20:22,7.5,13.6,447,0.0,0.0,0,0.0,0.0,0,292490.00,0.00,0.00,261,12.77,3.62,0.00,3.7,4.998,4.998,4.998,4.998,115
2022-03-19 07:21:22,12.0,20.7,742,0.0,0.0,0,0.0,0.0,0,293232.00,0.00,0.00,204,12.73,2.84,0.00,3.7,4.998,4.998,4.998,4.998,143
2022-03-19 07:22:22,8.3,13.6,505,0.0,0.0,0,0.0,0.0,0,293737.00,0.00,0.00,225,12.73,3.12,0.00,3.7,4.998,4.998,4.998,4.998,22
2022-03-19 07:23:22,8.8,15.1,571,0.0,0.0,0,0.0,0.0,0,294308.00,0.00,0.00,190,12.77,2.65,0.00,3.7,4.998,4.998,4.998,4.998,37
2022-03-19 07:24:22,12.4,18.3,741,0.0,0.0,0,0.0,0.0,0,295049.00,0.00,0.00,179,12.73,2.49,0.00,3.7,4.998,4.998,4.998,4.998,197
2022-03-19 07:25:22,8.1,15.4,548,0.0,0.0,0,0.0,0.0,0,295597.00,0.00,0.00,237,12.73,3.30,0.00,3.7,4.998,4.998,4.998,4.998,67
2022-03-19 07:26:22,7.2,11.2,521,0.0,0.0,0,0.0,0.0,0,296118.00,0.00,0.00,234,12.77,3.25,0.00,3.7,4.998,4.998,4.998,4.998,147
2022-03-19 07:27:22,12.7,14.9,615,0.0,0.0,0,0.0,0.0,0,296733.00,0.00,0.00,252,12.73,3.50,0.00,3.7,4.998,4.998,4.998,4.998,46
2022-03-19 07:28:22,10.4,17.5,703,0.0,0.0,0,0.0,0.0,0,297436.00,0.00,0.00,268,12.77,3.73,0.00,3.7,4.998,4.998,4.998,4.998,222
2022-03-19 07:29:22,8.0,13.6,584,0.0,0.0,0,0.0,0.0,0,298020.00,0.00,0.00,216,12.73,3.01,0.00,3.7,4.998,4.998,4.998,4.998,229
2022-03-19 07:30:22,4.0,9.2,365,0.0,0.0,0,0.0,0.0,0,298385.00,0.00,0.00,210,12.73,2.91,0.00,3.7,4.998,4.998,4.998,4.998,182
2022-03-19 07:31:22,7.6,14.7,523,0.0,0.0,0,0.0,0.0,0,298908.00,0.00,0.00,222,12.73,3.09,0.00,3.7,4.998,4.998,4.998,4.998,246
2022-03-19 07:32:22,7.1,13.0,539,0.0,0.0,0,0.0,0.0,0,299447.00,0.00,0.00,208,12.73,2.90,0.00,3.7,4.998,4.998,4.998,4.998,173
2022-03-19 07:33:22,4.1,14.7,505,0.0,0.0,0,0.0,0.0,0,299952.00,0.00,0.00,222,12.73,3.09,0.00,3.7,4.998,4.998,4.998,4.998,89
2022-03-19 07:34:22,9.7,15.3,610,0.0,0.0,0,0.0,0.0,0,300562.00,0.00,0.00,211,12.77,2.93,0.00,3.7,4.998,4.998,4.998,4.998,106
2022-03-19 07:35:22,7.3,14.9,576,0.0,0.0,0,0.0,0.0,0,301138.00,0.00,0.00,250,12.73,3.47,0.00,3.7,4.998,4.998,4.998,4.998,120
2022-03-19 07:36:22,15.8,16.8,626,0.0,0.0,0,0.0,0.0,0,301764.00,0.00,0.00,238,12.77,3.31,0.00,3.7,4.998,4.998,4.998,4.998,225
2022-03-19 07:37:22,8.0,17.8,668,0.0,0.0,0,0.0,0.0,0,302432.00,0.00,0.00,210,12.77,2.92,0.00,3.7,4.998,4.998,4.998,4.998,163
2022-03-19 07:38:22,7.3,13.9,547,0.0,0.0,0,0.0,0.0,0,302979.00,0.00,0.00,209,12.77,2.91,0.00,3.7,4.998,4.998,4.998,4.998,21
2022-03-19 07:39:22,13.2,21.0,853,0.0,0.0,0,0.0,0.0,0,303832.00,0.00,0.00,212,12.77,2.94,0.00,3.7,4.998,4.998,4.998,4.998,79
2022-03-19 07:40:22,8.1,14.8,614,0.0,0.0,0,0.0,0.0,0,304446.00,0.00,0.00,207,12.77,2.88,0.00,3.7,4.998,4.998,4.998,4.998,233
2022-03-19 07:41:22,8.3,14.5,433,0.0,0.0,0,0.0,0.0,0,304879.00,0.00,0.00,231,12.77,3.21,0.00,3.7,4.998,4.998,4.998,4.998,17
2022-03-19 07:42:22,8.0,9.5,356,0.0,0.0,0,0.0,0.0,0,305235.00,0.00,0.00,214,12.77,2.97,0.00,3.7,4.998,4.998,4.998,4.998,184
2022-03-19 07:43:22,9.1,16.2,677,0.0,0.0,0,0.0,0.0,0,305912.00,0.00,0.00,189,12.77,2.62,0.00,3.7,4.998,4.998,4.998,4.998,224
2022-03-19 07:44:22,9.0,13.8,494,0.0,0.0,0,0.0,0.0,0,306406.00,0.00,0.00,282,12.77,3.92,0.00,3.7,4.998,4.998,4.998,4.998,175
2022-03-19 07:45:22,12.6,18.9,608,0.0,0.0,0,0.0,0.0,0,307014.00,0.00,0.00,236,12.77,3.28,0.00,3.7,4.998,4.998,4.998,4.998,21
2022-03-19 07:46:22,9.6,12.5,480,0.0,0.0,0,0.0,0.0,0,307494.00,0.00,0.00,191,12.77,2.66,0.00,3.7,4.998,4.998,4.998,4.998,85
2022-03-19 07:47:22,6.2,13.0,535,0.0,0.0,0,0.0,0.0,0,308029.00,0.00,0.00,235,12.73,3.27,0.00,3.7,4.998,4.998,4.998,4.998,191
2022-03-19 07:48:22,6.0,13.0,564,0.0,0.0,0,0.0,0.0,0,308593.00,0.00,0.00,223,12.77,3.10,0.00,3.7,4.998,4.998,4.998,4.998,73
2022-03-19 07:49:22,13.4,18.9,682,0.0,0.0,0,0.0,0.0,0,309275.00,0.00,0.00,193,12.77,2.68,0.00,3.7,4.998,4.998,4.998,4.998,41
2022-03-19 07:50:22,8.0,13.9,470,0.0,0.0,0,0.0,0.0,0,309745.00,0.00,0.00,217,12.77,3.02,0.00,3.7,4.998,4.998,4.998,4.998,182
2022-03-19 07:51:22,11.3,16.5,611,0.0,0.0,0,0.0,0.0,0,310356.00,0.00,0.00,244,12.77,3.39,0.00,3.7,4.998,4.998,4.998,4.998,224
2022-03-19 07:52:22,7.2,13.8,567,0.0,0.0,0,0.0,0.0,0,310923.00,0.00,0.00,220,12.77,3.05,0.00,3.7,4.998,4.998,4.998,4.998,234
2022-03-19 07:53:22,7.9,11.3,450,0.0,0.0,0,0.0,0.0,0,311373.00,0.00,0.00,222,12.73,3.09,0.00,3.7,4.998,4.998,4.998,4.998,165
2022-03-19 07:54:22,7.0,18.9,673,0.0,0.0,0,0.0,0.0,0,312046.00,0.00,0.00,231,12.77,3.21,0.00,3.7,4.998,4.998,4.998,4.998,28
2022-03-19 07:55:22,13.0,18.6,585,0.0,0.0,0,0.0,0.0,0,312631.00,0.00,0.00,220,12.73,3.06,0.00,3.2,4.998,4.998,4.998,4.998,253
2022-03-19 07:56:22,8.4,16.6,728,0.0,0.0,0,0.0,0.0,0,313359.00,0.00,0.00,243,12.77,3.37,0.00,3.7,4.998,4.998,4.998,4.998,217
2022-03-19 07:57:22,12.5,18.2,758,0.0,0.0,0,0.0,0.0,0,314117.00,0.00,0.00,210,12.77,2.92,0.00,3.7,4.998,4.998,4.998,4.998,111
2022-03-19 07:58:22,5.9,16.0,603,0.0,0.0,0,0.0,0.0,0,314720.00,0.00,0.00,220,12.77,3.06,0.00,3.7,4.998,4.998,4.998,4.998,97
2022-03-19 07:59:22,3.4,10.7,332,0.0,0.0,0,0.0,0.0,0,315052.00,0.00,0.00,177,12.77,2.46,0.00,3.7,4.998,4.998,4.998,4.998,246
2022-03-19 08:00:22,5.5,15.0,527,0.0,0.0,0,0.0,0.0,0,315579.00,0.00,0.00,191,12.77,2.65,0.00,3.7,4.998,4.998,4.998,4.998,164
2022-03-19 08:01:22,5.3,17.8,576,0.0,0.0,0,0.0,0.0,0,316155.00,0.00,0.00,232,12.77,3.22,0.00,3.7,4.998,4.998,4.998,4.998,198
2022-03-19 08:02:22,10.6,13.8,567,0.0,0.0,0,0.0,0.0,0,316722.00,0.00,0.00,181,12.77,2.52,0.00,3.7,4.998,4.998,4.998,4.998,191
2022-03-19 08:03:22,12.4,14.0,600,0.0,0.0,0,0.0,0.0,0,317322.00,0.00,0.00,217,12.77,3.02,0.00,3.7,4.998,4.998,4.998,4.998,65
2022-03-19 08:04:22,4.8,13.0,482,0.0,0.0,0,0.0,0.0,0,317804.00,0.00,0.00,190,12.77,2.64,0.00,3.7,4.998,4.998,4.998,4.998,173
2022-03-19 08:05:22,8.0,18.8,515,0.0,0.0,0,0.0,0.0,0,318319.00,0.00,0.00,231,12.81,3.21,0.00,3.7,4.998,4.998,4.998,4.998,98
2022-03-19 08:06:22,8.3,13.9,450,0.0,0.0,0,0.0,0.0,0,318769.00,0.00,0.00,182,12.77,2.53,0.00,3.7,4.998,4.998,4.998,4.998,122
2022-03-19 08:07:22,12.1,12.1,535,0.0,0.0,0,0.0,0.0,0,319304.00,0.00,0.00,229,12.77,3.18,0.00,3.7,4.998,4.998,4.998,4.998,147
2022-03-19 08:08:22,6.0,11.7,483,0.0,0.0,0,0.0,0.0,0,319787.00,0.00,0.00,213,12.77,2.96,0.00,3.7,4.998,4.998,4.998,4.998,111
2022-03-19 08:09:22,4.8,13.2,489,0.0,0.0,0,0.0,0.0,0,320276.00,0.00,0.00,213,12.77,2.95,0.00,3.7,4.998,4.998,4.998,4.998,158
2022-03-19 08:10:22,7.4,10.6,422,0.0,0.0,0,0.0,0.0,0,320698.00,0.00,0.00,213,12.77,2.96,0.00,3.7,4.998,4.998,4.998,4.998,50
2022-03-19 08:11:22,7.4,11.4,412,0.0,0.0,0,0.0,0.0,0,321110.00,0.00,0.00,214,12.77,2.97,0.00,3.7,4.998,4.998,4.998,4.998,231
2022-03-19 08:12:22,9.2,16.7,657,0.0,0.0,0,0.0,0.0,0,321767.00,0.00,0.00,226,12.77,3.14,0.00,3.7,4.998,4.998,4.998,4.998,117
2022-03-19 08:13:22,7.5,10.2,420,0.0,0.0,0,0.0,0.0,0,322187.00,0.00,0.00,220,12.77,3.06,0.00,3.7,4.998,4.998,4.998,4.998,6
2022-03-19 08:14:22,12.8,19.4,681,0.0,0.0,0,0.0,0.0,0,322868.00,0.00,0.00,225,12.77,3.12,0.00,3.7,4.998,4.998,4.998,4.998,125
2022-03-19 08:15:22,9.4,13.3,554,0.0,0.0,0,0.0,0.0,0,323422.00,0.00,0.00,211,12.77,2.94,0.00,3.7,4.998,4.998,4.998,4.998,160
2022-03-19 08:16:22,9.8,16.8,664,0.0,0.0,0,0.0,0.0,0,324086.00,0.00,0.00,253,12.77,3.52,0.00,3.7,4.998,4.998,4.998,4.998,73
2022-03-19 08:17:22,7.4,16.1,702,0.0,0.0,0,0.0,0.0,0,324788.00,0.00,0.00,206,12.81,2.87,0.00,4.1,4.998,4.998,4.998,4.998,49
2022-03-19 08:18:22,4.0,10.4,396,0.0,0.0,0,0.0,0.0,0,325184.00,0.00,0.00,228,12.81,3.17,0.00,3.7,4.998,4.998,4.998,4.998,254
2022-03-19 08:19:22,3.7,8.6,367,0.0,0.0,0,0.0,0.0,0,325551.00,0.00,0.00,225,12.81,3.13,0.00,3.7,4.998,4.998,4.998,4.998,219
2022-03-19 08:20:22,10.2,12.3,457,0.0,0.0,0,0.0,0.0,0,326008.00,0.00,0.00,208,12.81,2.90,0.00,3.7,4.998,4.998,4.998,4.998,131
2022-03-19 08:21:22,5.9,12.4,513,0.0,0.0,0,0.0,0.0,0,326521.00,0.00,0.00,208,12.81,2.89,0.00,3.7,4.998,4.998,4.998,4.998,120
2022-03-19 08:22:22,4.2,7.9,299,0.0,0.0,0,0.0,0.0,0,326820.00,0.00,0.00,202,12.77,2.81,0.00,3.7,4.998,4.998,4.998,4.998,14
2022-03-19 08:23:22,10.5,13.8,499,0.0,0.0,0,0.0,0.0,0,327319.00,0.00,0.00,202,12.81,2.81,0.00,3.7,4.998,4.998,4.998,4.998,33
2022-03-19 08:24:22,8.1,15.5,612,0.0,0.0,0,0.0,0.0,0,327931.00,0.00,0.00,248,12.85,3.44,0.00,3.7,4.998,4.998,4.998,4.998,76
2022-03-19 08:25:22,12.2,17.3,615,0.0,0.0,0,0.0,0.0,0,328546.00,0.00,0.00,227,12.81,3.15,0.00,3.7,4.998,4.998,4.998,4.998,104
2022-03-19 08:26:22,3.7,12.5,486,0.0,0.0,0,0.0,0.0,0,329032.00,0.00,0.00,221,12.81,3.07,0.00,3.7,4.998,4.998,4.998,4.998,1
2022-03-19 08:27:22,6.7,7.3,320,0.0,0.0,0,0.0,0.0,0,329352.00,0.00,0.00,209,12.81,2.91,0.00,3.7,4.998,4.998,4.998,4.998,74
2022-03-19 08:28:22,11.3,11.4,439,0.0,0.0,0,0.0,0.0,0,329791.00,0.00,0.00,214,12.81,2.98,0.00,3.7,4.998,4.998,4.998,4.998,7
2022-03-19 08:29:22,10.8,15.8,562,0.0,0.0,0,0.0,0.0,0,330353.00,0.00,0.00,202,12.81,2.81,0.00,3.7,4.998,4.998,4.998,4.998,29
2022-03-19 08:30:22,7.9,17.9,696,0.0,0.0,0,0.0,0.0,0,331049.00,0.00,0.00,215,12.81,2.98,0.00,3.7,4.998,4.998,4.998,4.998,86
2022-03-19 08:31:22,6.6,15.3,590,0.0,0.0,0,0.0,0.0,0,331639.00,0.00,0.00,191,12.81,2.66,0.00,3.7,4.998,4.998,4.998,4.998,224
2022-03-19 08:32:22,6.6,13.3,546,0.0,0.0,0,0.0,0.0,0,332185.00,0.00,0.00,227,12.81,3.15,0.00,3.2,4.998,4.998,4.998,4.998,131
2022-03-19 08:33:22,9.1,12.8,453,0.0,0.0,0,0.0,0.0,0,332638.00,0.00,0.00,225,12.81,3.13,0.00,3.7,4.998,4.998,4.998,4.998,112
2022-03-19 08:34:22,7.4,13.7,519,0.0,0.0,0,0.0,0.0,0,333157.00,0.00,0.00,210,12.81,2.91,0.00,3.7,4.998,4.998,4.998,4.998,186
2022-03-19 08:35:22,9.7,11.9,479,0.0,0.0,0,0.0,0.0,0,333636.00,0.00,0.00,229,12.81,3.19,0.00,3.7,4.998,4.998,4.998,4.998,143
2022-03-19 08:36:22,5.1,10.1,410,0.0,0.0,0,0.0,0.0,0,334046.00,0.00,0.00,231,12.85,3.21,0.00,3.7,4.998,4.998,4.998,4.998,64
2022-03-19 08:37:22,7.3,16.1,623,0.0,0.0,0,0.0,0.0,0,334669.00,0.00,0.00,219,12.85,3.04,0.00,3.2,4.998,4.998,4.998,4.998,182
2022-03-19 08:38:22,4.9,11.3,443,0.0,0.0,0,0.0,0.0,0,335112.00,0.00,0.00,218,12.81,3.03,0.00,3.7,4.998,4.998,4.998,4.998,124
2022-03-19 08:39:22,8.4,12.1,507,0.0,0.0,0,0.0,0.0,0,335619.00,0.00,0.00,211,12.85,2.94,0.00,3.7,4.998,4.998,4.998,4.998,226
2022-03-19 08:40:22,5.5,11.4,382,0.0,0.0,0,0.0,0.0,0,336001.00,0.00,0.00,215,12.85,2.98,0.00,3.7,4.998,4.998,4.998,4.998,200
2022-03-19 08:41:22,7.1,13.3,560,0.0,0.0,0,0.0,0.0,0,336561.00,0.00,0.00,240,12.85,3.33,0.00,3.7,4.998,4.998,4.998,4.998,39
2022-03-19 08:42:22,12.4,13.0,490,0.0,0.0,0,0.0,0.0,0,337051.00,0.00,0.00,203,12.85,2.82,0.00,3.7,4.998,4.998,4.998,4.998,191
2022-03-19 08:43:22,10.6,12.8,402,0.0,0.0,0,0.0,0.0,0,337453.00,0.00,0.00,239,12.85,3.32,0.00,3.7,4.998,4.998,4.998,4.998,206
2022-03-19 08:44:22,9.2,17.0,705,0.0,0.0,0,0.0,0.0,0,338158.00,0.00,0.00,237,12.85,3.30,0.00,3.7,4.998,4.998,4.998,4.998,174
2022-03-19 08:45:22,10.1,13.8,535,0.0,0.0,0,0.0,0.0,0,338693.00,0.00,0.00,217,12.85,3.01,0.00,3.2,4.998,4.998,4.998,4.998,165
2022-03-19 08:46:22,9.2,14.6,614,0.0,0.0,0,0.0,0.0,0,339307.00,0.00,0.00,195,12.85,2.71,0.00,3.7,4.998,4.998,4.998,4.998,211
2022-03-19 08:47:22,8.8,18.3,693,0.0,0.0,0,0.0,0.0,0,340000.00,0.00,0.00,235,12.85,3.27,0.00,3.7,4.998,4.998,4.998,4.998,89
2022-03-19 08:48:22,9.4,15.7,620,0.0,0.0,0,0.0,0.0,0,340620.00,0.00,0.00,227,12.85,3.16,0.00,3.7,4.998,4.998,4.998,4.998,58
2022-03-19 08:49:22,12.3,14.1,486,0.0,0.0,0,0.0,0.0,0,341106.00,0.00,0.00,227,12.85,3.16,0.00,3.7,4.998,4.998,4.998,4.998,239
2022-03-19 08:50:22,8.0,15.2,561,0.0,0.0,0,0.0,0.0,0,341667.00,0.00,0.00,237,12.85,3.29,0.00,3.7,4.998,4.998,4.998,4.998,166
2022-03-19 08:51:22,8.2,10.6,480,0.0,0.0,0,0.0,0.0,0,342147.00,0.00,0.00,210,12.85,2.92,0.00,3.7,4.998,4.998,4.998,4.998,87
2022-03-19 08:52:22,10.2,17.1,682,0.0,0.0,0,0.0,0.0,0,342829.00,0.00,0.00,202,12.89,2.80,0.00,3.2,4.998,4.998,4.998,4.998,160
2022-03-19 08:53:22,5.4,13.1,584,0.0,0.0,0,0.0,0.0,0,343413.00,0.00,0.00,215,12.85,2.99,0.00,3.7,4.998,4.998,4.998,4.998,194
2022-03-19 08:54:22,6.1,11.8,392,0.0,0.0,0,0.0,0.0,0,343805.00,0.00,0.00,245,12.85,3.40,0.00,3.7,4.998,4.998,4.998,4.998,199
2022-03-19 08:55:22,10.2,12.8,454,0.0,0.0,0,0.0,0.0,0,344259.00,0.00,0.00,248,12.89,3.44,0.00,3.7,4.998,4.998,4.998,4.998,191
2022-03-19 08:56:22,9.3,10.5,389,0.0,0.0,0,0.0,0.0,0,344648.00,0.00,0.00,220,12.89,3.06,0.00,3.7,4.998,4.998,4.998,4.998,166
2022-03-19 08:57:22,3.8,11.3,435,0.0,0.0,0,0.0,0.0,0,345083.00,0.00,0.00,188,12.89,2.61,0.00,3.2,4.998,4.998,4.998,4.998,45
2022-03-19 08:58:22,6.1,10.7,404,0.0,0.0,0,0.0,0.0,0,345487.00,0.00,0.00,231,12.89,3.21,0.00,3.2,4.998,4.998,4.998,4.998,101
2022-03-19 08:59:22,5.3,12.3,436,0.0,0.0,0,0.0,0.0,0,345923.00,0.00,0.00,230,12.89,3.20,0.00,3.7,4.998,4.998,4.998,4.998,115
2022-03-19 09:00:22,6.2,12.5,471,0.0,0.0,0,0.0,0.0,0,346394.00,0.00,0.00,209,12.89,2.90,0.00,3.7,4.998,4.998,4.998,4.998,25
2022-03-19 09:01:22,10.7,12.0,412,0.0,0.0,0,0.0,0.0,0,346806.00,0.00,0.00,193,12.89,2.68,0.00,3.7,4.998,4.998,4.998,4.998,172
2022-03-19 09:02:22,6.9,14.1,394,0.0,0.0,0,0.0,0.0,0,347200.00,0.00,0.00,260,12.89,3.62,0.00,3.7,4.998,4.998,4.998,4.998,37
2022-03-19 09:03:22,8.8,9.0,392,0.0,0.0,0,0.0,0.0,0,347592.00,0.00,0.00,225,12.89,3.12,0.00,3.7,4.998,4.998,4.998,4.998,100
2022-03-19 09:04:22,7.8,10.2,433,0.0,0.0,0,0.0,0.0,0,348025.00,0.00,0.00,227,12.89,3.15,0.00,3.7,4.998,4.998,4.998,4.998,6
2022-03-19 09:05:22,10.9,19.1,733,0.0,0.0,0,0.0,0.0,0,348758.00,0.00,0.00,238,12.92,3.30,0.00,3.7,4.998,4.998,4.998,4.998,145
2022-03-19 09:06:22,7.9,11.7,507,0.0,0.0,0,0.0,0.0,0,349265.00,0.00,0.00,230,12.89,3.19,0.00,3.7,4.998,4.998,4.998,4.998,225
2022-03-19 09:07:22,8.5,18.6,654,0.0,0.0,0,0.0,0.0,0,349919.00,0.00,0.00,176,12.89,2.44,0.00,3.7,4.998,4.998,4.998,4.998,97
2022-03-19 09:08:22,8.8,13.9,558,0.0,0.0,0,0.0,0.0,0,350477.00,0.00,0.00,243,12.89,3.38,0.00,3.7,4.998,4.998,4.998,4.998,255
2022-03-19 09:09:22,5.8,13.5,437,0.0,0.0,0,0.0,0.0,0,350914.00,0.00,0.00,239,12.92,3.32,0.00,3.7,4.998,4.998,4.998,4.998,50
2022-03-19 09:10:22,6.9,16.1,673,0.0,0.0,0,0.0,0.0,0,351587.00,0.00,0.00,177,12.89,2.46,0.00,3.7,4.998,4.998,4.998,4.998,100
2022-03-19 09:11:22,6.8,8.5,342,0.0,0.0,0,0.0,0.0,0,351929.00,0.00,0.00,241,12.92,3.34,0.00,3.7,4.998,4.998,4.998,4.998,229
2022-03-19 09:12:22,8.8,16.3,633,0.0,0.0,0,0.0,0.0,0,352562.00,0.00,0.00,257,12.92,3.57,0.00,3.7,4.998,4.998,4.998,4.998,151
2022-03-19 09:13:22,6.9,13.1,572,0.0,0.0,0,0.0,0.0,0,353134.00,0.00,0.00,210,12.92,2.92,0.00,3.2,4.998,4.998,4.998,4.998,135
2022-03-19 09:14:22,3.7,15.8,552,0.0,0.0,0,0.0,0.0,0,353686.00,0.00,0.00,180,12.96,2.49,0.00,3.7,4.998,4.998,4.998,4.998,248
2022-03-19 09:15:22,11.5,13.6,496,0.0,0.0,0,0.0,0.0,0,354182.00,0.00,0.00,232,12.96,3.22,0.00,3.7,4.998,4.998,4.998,4.998,100
2022-03-19 09:16:22,6.0,15.7,651,0.0,0.0,0,0.0,0.0,0,354833.00,0.00,0.00,226,12.96,3.13,0.00,3.7,4.998,4.998,4.998,4.998,25
2022-03-19 09:17:22,10.6,13.9,613,0.0,0.0,0,0.0,0.0,0,355446.00,0.00,0.00,229,13.00,3.18,0.00,3.2,4.998,4.998,4.998,4.998,177
2022-03-19 09:18:22,12.4,14.9,583,0.0,0.0,0,0.0,0.0,0,356029.00,0.00,0.00,223,12.96,3.11,0.00,3.2,4.998,4.998,4.998,4.998,4
2022-03-19 09:19:22,5.9,14.2,571,0.0,0.0,0,0.0,0.0,0,356600.00,0.00,0.00,221,12.96,3.07,0.00,3.7,4.998,4.998,4.998,4.998,190
2022-03-19 09:20:22,3.6,12.9,455,0.0,0.0,0,0.0,0.0,0,357055.00,0.00,0.00,197,12.96,2.74,0.00,3.7,4.998,4.998,4.998,4.998,119
2022-03-19 09:21:22,6.3,10.4,441,0.0,0.0,0,0.0,0.0,0,357496.00,0.00,0.00,233,12.96,3.23,0.00,3.7,4.998,4.998,4.998,4.998,223
2022-03-19 09:22:22,5.4,11.5,481,0.0,0.0,0,0.0,0.0,0,357977.00,0.00,0.00,264,13.00,3.67,0.00,3.2,4.998,4.998,4.998,4.998,16
2022-03-19 09:23:22,5.3,13.8,420,0.0,0.0,0,0.0,0.0,0,358397.00,0.00,0.00,239,13.00,3.32,0.00,3.7,4.998,4.998,4.998,4.998,83
2022-03-19 09:24:22,5.8,8.9,314,0.0,0.0,0,0.0,0.0,0,358711.00,0.00,0.00,206,13.00,2.87,0.00,3.7,4.998,4.998,4.998,4.998,208
2022-03-19 09:25:22,4.4,10.2,417,0.0,0.0,0,0.0,0.0,0,359128.00,0.00,0.00,216,13.04,3.01,0.00,3.2,4.998,4.998,4.998,4.998,204
2022-03-19 09:26:22,8.8,12.6,407,0.0,0.0,0,0.0,0.0,0,359535.00,0.00,0.00,227,13.04,3.15,0.00,3.7,4.998,4.998,4.998,4.998,157
2022-03-19 09:27:22,6.8,14.9,667,0.0,0.0,0,0.0,0.0,0,360202.00,0.00,0.00,210,13.04,2.92,0.00,3.2,4.998,4.998,4.998,4.998,240
2022-03-19 09:28:22,5.7,10.0,420,0.0,0.0,0,0.0,0.0,0,360622.00,0.00,0.00,235,13.04,3.27,0.00,3.7,4.998,4.998,4.998,4.998,100
2022-03-19 09:29:22,6.4,9.3,392,0.0,0.0,0,0.0,0.0,0,361014.00,0.00,0.00,245,13.04,3.40,0.00,3.7,4.998,4.998,4.998,4.998,2
2022-03-19 09:30:22,3.7,6.4,260,0.0,0.0,0,0.0,0.0,0,361274.00,0.00,0.00,231,13.04,3.21,0.00,3.7,4.998,4.998,4.998,4.998,47
2022-03-19 09:31:22,6.5,9.5,337,0.0,0.0,0,0.0,0.0,0,361611.00,0.00,0.00,234,13.04,3.25,0.00,3.7,4.998,4.998,4.998,4.998,12
2022-03-19 09:32:22,7.1,10.8,421,0.0,0.0,0,0.0,0.0,0,362032.00,0.00,0.00,187,13.04,2.59,0.00,3.7,4.998,4.998,4.998,4.998,105
2022-03-19 09:33:22,3.9,9.8,410,0.0,0.0,0,0.0,0.0,0,362442.00,0.00,0.00,231,13.00,3.21,0.00,3.7,4.998,4.998,4.998,4.998,180
2022-03-19 09:34:22,11.0,11.0,442,0.0,0.0,0,0.0,0.0,0,362884.00,0.00,0.00,245,13.04,3.41,0.00,3.7,4.998,4.998,4.998,4.998,249
2022-03-19 09:35:22,5.9,11.2,479,0.0,0.0,0,0.0,0.0,0,363363.00,0.00,0.00,239,13.04,3.32,0.00,3.7,4.998,4.998,4.998,4.998,148
2022-03-19 09:36:22,11.2,12.9,451,0.0,0.0,0,0.0,0.0,0,363814.00,0.00,0.00,249,13.04,3.47,0.00,3.7,4.998,4.998,4.998,4.998,219
2022-03-19 09:37:22,8.0,11.1,466,0.0,0.0,0,0.0,0.0,0,364280.00,0.00,0.00,238,13.04,3.31,0.00,3.2,4.998,4.998,4.998,4.998,15
2022-03-19 09:38:22,13.5,14.8,457,0.0,0.0,0,0.0,0.0,0,364737.00,0.00,0.00,237,13.04,3.30,0.00,3.7,4.998,4.998,4.998,4.998,209
2022-03-19 09:39:22,6.8,14.3,513,0.0,0.0,0,0.0,0.0,0,365250.00,0.00,0.00,184,13.04,2.55,0.00,3.7,4.998,4.998,4.998,4.998,61
2022-03-19 09:40:22,4.8,9.2,360,0.0,0.0,0,0.0,0.0,0,365610.00,0.00,0.00,203,13.04,2.82,0.00,3.7,4.998,4.998,4.998,4.998,42
2022-03-19 09:41:22,8.8,12.4,442,0.0,0.0,0,0.0,0.0,0,366052.00,0.00,0.00,268,13.04,3.72,0.00,3.7,4.998,4.998,4.998,4.998,67
2022-03-19 09:42:22,3.1,10.6,454,0.0,0.0,0,0.0,0.0,0,366506.00,0.00,0.00,231,13.04,3.21,0.00,3.7,4.998,4.998,4.998,4.998,39
2022-03-19 09:43:22,8.2,10.6,434,0.0,0.0,0,0.0,0.0,0,366940.00,0.00,0.00,245,13.08,3.41,0.00,3.7,4.998,4.998,4.998,4.998,176
2022-03-19 09:44:22,7.7,13.6,617,0.0,0.0,0,0.0,0.0,0,367557.00,0.00,0.00,233,13.04,3.23,0.00,3.7,4.998,4.998,4.998,4.998,181
2022-03-19 09:45:22,2.5,10.1,276,0.0,0.0,0,0.0,0.0,0,367833.00,0.00,0.00,207,13.04,2.87,0.00,3.7,4.998,4.998,4.998,4.998,2
2022-03-19 09:46:22,8.2,12.4,460,0.0,0.0,0,0.0,0.0,0,368293.00,0.00,0.00,206,13.08,2.86,0.00,3.7,4.998,4.998,4.998,4.998,154
2022-03-19 09:47:22,10.3,13.4,377,0.0,0.0,0,0.0,0.0,0,368670.00,0.00,0.00,224,13.04,3.11,0.00,3.2,4.998,4.998,4.998,4.998,169
2022-03-19 09:48:22,9.1,13.5,542,0.0,0.0,0,0.0,0.0,0,369212.00,0.00,0.00,210,13.08,2.91,0.00,3.7,4.998,4.998,4.998,4.998,81
2022-03-19 09:49:22,5.4,13.4,594,0.0,0.0,0,0.0,0.0,0,369806.00,0.00,0.00,236,13.08,3.28,0.00,3.7,4.998,4.998,4.998,4.998,117
2022-03-19 09:50:22,6.2,10.1,387,0.0,0.0,0,0.0,0.0,0,370193.00,0.00,0.00,239,13.08,3.32,0.00,3.7,4.998,4.998,4.998,4.998,115
2022-03-19 09:51:22,5.9,8.8,444,0.0,0.0,0,0.0,0.0,0,370637.00,0.00,0.00,215,13.12,2.99,0.00,3.7,4.998,4.998,4.998,4.998,212
2022-03-19 09:52:22,8.0,14.8,592,0.0,0.0,0,0.0,0.0,0,371229.00,0.00,0.00,223,13.12,3.11,0.00,3.7,4.998,4.998,4.998,4.998,179
2022-03-19 09:53:22,8.9,13.5,507,0.0,0.0,0,0.0,0.0,0,371736.00,0.00,0.00,246,13.12,3.42,0.00,3.7,4.998,4.998,4.998,4.998,247
2022-03-19 09:54:22,4.5,12.4,510,0.0,0.0,0,0.0,0.0,0,372246.00,0.00,0.00,209,13.16,2.91,0.00,3.7,4.998,4.998,4.998,4.998,227
2022-03-19 09:55:22,10.5,14.9,550,0.0,0.0,0,0.0,0.0,0,372796.00,0.00,0.00,203,13.16,2.83,0.00,3.7,4.998,4.998,4.998,4.998,200
2022-03-19 09:56:22,6.2,15.5,533,0.0,0.0,0,0.0,0.0,0,373329.00,0.00,0.00,226,13.16,3.14,0.00,3.7,4.998,4.998,4.998,4.998,108
2022-03-19 09:57:22,9.5,15.0,467,0.0,0.0,0,0.0,0.0,0,373796.00,0.00,0.00,243,13.20,3.37,0.00,3.7,4.998,4.998,4.998,4.998,223
2022-03-19 09:58:22,4.6,16.1,547,0.0,0.0,0,0.0,0.0,0,374343.00,0.00,0.00,212,13.20,2.95,0.00,3.7,4.998,4.998,4.998,4.998,122
2022-03-19 09:59:22,8.4,14.3,550,0.0,0.0,0,0.0,0.0,0,374893.00,0.00,0.00,249,13.24,3.46,0.00,3.7,4.998,4.998,4.998,4.998,131
2022-03-19 10:00:22,9.1,9.1,371,0.0,0.0,0,0.0,0.0,0,375264.00,0.00,0.00,239,13.20,3.33,0.00,3.7,4.998,4.998,4.998,4.998,242
2022-03-19 10:01:22,9.5,13.8,517,0.0,0.0,0,0.0,0.0,0,375781.00,0.00,0.00,215,13.24,2.99,0.00,3.7,4.998,4.998,4.998,4.998,130
2022-03-19 10:02:22,5.8,13.9,526,0.0,0.0,0,0.0,0.0,0,376307.00,0.00,0.00,202,13.24,2.81,0.00,3.2,4.998,4.998,4.998,4.998,26
2022-03-19 10:03:22,12.3,16.5,447,0.0,0.0,0,0.0,0.0,0,376754.00,0.00,0.00,244,13.28,3.39,0.00,3.2,4.998,4.998,4.998,4.998,204
2022-03-19 10:04:22,7.0,12.4,406,0.0,0.0,0,0.0,0.0,0,377160.00,0.00,0.00,245,13.28,3.40,0.00,3.7,4.998,4.998,4.998,4.998,33
2022-03-19 10:05:22,3.3,8.2,369,0.0,0.0,0,0.0,0.0,0,377529.00,0.00,0.00,235,13.28,3.27,0.00,3.7,4.998,4.998,4.998,4.998,238
2022-03-19 10:06:22,6.3,9.0,404,0.0,0.0,0,0.0,0.0,0,377933.00,0.00,0.00,221,13.32,3.08,0.00,3.2,4.998,4.998,4.998,4.998,59
2022-03-19 10:07:22,4.6,9.5,358,0.0,0.0,0,0.0,0.0,0,378291.00,0.00,0.00,234,13.32,3.25,0.00,3.7,4.998,4.998,4.998,4.998,179
2022-03-19 10:08:22,6.8,10.9,337,0.0,0.0,0,0.0,0.0,0,378628.00,0.00,0.00,249,13.32,3.46,0.00,3.7,4.998,4.998,4.998,4.998,17
2022-03-19 10:09:22,9.2,15.4,661,0.0,0.0,0,0.0,0.0,0,379289.00,0.00,0.00,253,13.32,3.51,0.00,3.7,4.998,4.998,4.998,4.998,45
2022-03-19 10:10:22,4.5,13.2,490,0.0,0.0,0,0.0,0.0,0,379779.00,0.00,0.00,226,13.32,3.14,0.00,3.7,4.998,4.998,4.998,4.998,176
2022-03-19 10:11:22,7.1,9.6,351,0.0,0.0,0,0.0,0.0,0,380130.00,0.00,0.00,189,13.35,2.63,0.00,3.7,4.998,4.998,4.998,4.998,249
2022-03-19 10:12:22,4.1,10.8,386,0.0,0.0,0,0.0,0.0,0,380516.00,0.00,0.00,243,13.35,3.37,0.00,3.2,4.998,4.998,4.998,4.998,136
2022-03-19 10:13:22,8.9,10.3,412,0.0,0.0,0,0.0,0.0,0,380928.00,0.00,0.00,243,13.35,3.37,0.00,3.7,4.998,4.998,4.998,4.998,85
2022-03-19 10:14:22,4.5,11.8,421,0.0,0.0,0,0.0,0.0,0,381349.00,0.00,0.00,221,13.39,3.07,0.00,3.7,4.998,4.998,4.998,4.998,9
2022-03-19 10:15:22,6.6,9.8,369,0.0,0.0,0,0.0,0.0,0,381718.00,0.00,0.00,196,13.39,2.72,0.00,3.2,4.998,4.998,4.998,4.998,21
2022-03-19 10:16:22,4.7,7.8,346,0.0,0.0,0,0.0,0.0,0,382064.00,0.00,0.00,201,13.43,2.79,0.00,3.7,4.998,4.998,4.998,4.998,154
2022-03-19 10:17:22,3.8,8.2,282,0.0,0.0,0,0.0,0.0,0,382346.00,0.00,0.00,241,13.39,3.34,0.00,3.7,4.998,4.998,4.998,4.998,94
2022-03-19 10:18:22,5.3,9.5,397,0.0,0.0,0,0.0,0.0,0,382743.00,0.00,0.00,251,13.43,3.49,0.00,3.7,4.998,4.998,4.998,4.998,122
2022-03-19 10:19:22,7.6,13.5,571,0.0,0.0,0,0.0,0.0,0,383314.00,0.00,0.00,215,13.43,2.99,0.00,3.7,4.998,4.998,4.998,4.998,75
2022-03-19 10:20:22,11.0,18.4,637,0.0,0.0,0,0.0,0.0,0,383951.00,0.00,0.00,259,13.43,3.60,0.00,3.2,4.998,4.998,4.998,4.998,117
2022-03-19 10:21:22,4.4,12.5,303,0.0,0.0,0,0.0,0.0,0,384254.00,0.00,0.00,236,13.47,3.29,0.00,3.7,4.998,4.998,4.998,4.998,231
2022-03-19 10:22:22,12.2,15.2,582,0.0,0.0,0,0.0,0.0,0,384836.00,0.00,0.00,206,13.47,2.86,0.00,3.2,4.998,4.998,4.998,4.998,61
2022-03-19 10:23:22,7.4,12.6,525,0.0,0.0,0,0.0,0.0,0,385361.00,0.00,0.00,220,13.51,3.06,0.00,3.7,4.998,4.998,4.998,4.998,191
2022-03-19 10:24:22,11.7,13.9,477,0.0,0.0,0,0.0,0.0,0,385838.00,0.00,0.00,242,13.51,3.36,0.00,3.7,4.998,4.998,4.998,4.998,156
2022-03-19 10:25:22,11.7,14.7,568,0.0,0.0,0,0.0,0.0,0,386406.00,0.00,0.00,250,13.55,3.47,0.00,3.2,4.998,4.998,4.998,4.998,13
2022-03-19 10:26:22,9.2,16.8,691,0.0,0.0,0,0.0,0.0,0,387097.00,0.00,0.00,255,13.55,3.55,0.00,3.7,4.998,4.998,4.998,4.998,151
2022-03-19 10:27:22,7.2,17.6,663,0.0,0.0,0,0.0,0.0,0,387760.00,0.00,0.00,247,13.55,3.44,0.00,3.7,4.998,4.998,4.998,4.998,96
2022-03-19 10:28:22,7.9,13.8,554,0.0,0.0,0,0.0,0.0,0,388314.00,0.00,0.00,238,13.59,3.31,0.00,3.2,4.998,4.998,4.998,4.998,208
2022-03-19 10:29:22,10.8,12.2,406,0.0,0.0,0,0.0,0.0,0,388720.00,0.00,0.00,236,13.59,3.28,0.00,3.7,4.998,4.998,4.998,4.998,156
2022-03-19 10:30:22,10.8,15.2,675,0.0,0.0,0,0.0,0.0,0,389395.00,0.00,0.00,252,13.55,3.51,0.00,3.7,4.998,4.998,4.998,4.998,91
2022-03-19 10:31:22,7.9,13.9,619,0.0,0.0,0,0.0,0.0,0,390014.00,0.00,0.00,220,13.59,3.06,0.00,3.7,4.998,4.998,4.998,4.998,85
2022-03-19 10:32:22,8.8,11.5,509,0.0,0.0,0,0.0,0.0,0,390523.00,0.00,0.00,242,13.55,3.37,0.00,3.7,4.998,4.998,4.998,4.998,197
2022-03-19 10:33:22,5.5,9.5,388,0.0,0.0,0,0.0,0.0,0,390911.00,0.00,0.00,243,13.59,3.37,0.00,3.7,4.998,4.998,4.998,4.998,173
2022-03-19 10:34:22,7.7,13.9,549,0.0,0.0,0,0.0,0.0,0,391460.00,0.00,0.00,266,13.59,3.70,0.00,3.2,4.998,4.998,4.998,4.998,133
2022-03-19 10:35:22,7.6,11.2,460,0.0,0.0,0,0.0,0.0,0,391920.00,0.00,0.00,232,13.59,3.22,0.00,3.7,4.998,4.998,4.998,4.998,233
2022-03-19 10:36:22,9.1,13.2,565,0.0,0.0,0,0.0,0.0,0,392485.00,0.00,0.00,225,13.63,3.12,0.00,3.7,4.998,4.998,4.998,4.998,9
2022-03-19 10:37:22,9.1,11.0,461,0.0,0.0,0,0.0,0.0,0,392946.00,0.00,0.00,214,13.63,2.97,0.00,3.7,4.998,4.998,4.998,4.998,8
2022-03-19 10:38:22,6.4,11.3,414,0.0,0.0,0,0.0,0.0,0,393360.00,0.00,0.00,230,13.63,3.20,0.00,3.7,4.998,4.998,4.998,4.998,251
2022-03-19 10:39:22,5.2,7.5,344,0.0,0.0,0,0.0,0.0,0,393704.00,0.00,0.00,245,13.67,3.41,0.00,3.7,4.998,4.998,4.998,4.998,196
2022-03-19 10:40:22,8.8,13.0,521,0.0,0.0,0,0.0,0.0,0,394225.00,0.00,0.00,266,13.67,3.69,0.00,3.7,4.998,4.998,4.998,4.998,223
2022-03-19 10:41:22,8.2,11.7,487,0.0,0.0,0,0.0,0.0,0,394712.00,0.00,0.00,239,13.67,3.32,0.00,3.7,4.998,4.998,4.998,4.998,1
2022-03-19 10:42:22,5.9,11.0,423,0.0,0.0,0,0.0,0.0,0,395135.00,0.00,0.00,223,13.71,3.10,0.00,3.7,4.998,4.998,4.998,4.998,150
2022-03-19 10:43:22,6.4,9.7,386,0.0,0.0,0,0.0,0.0,0,395521.00,0.00,0.00,270,13.67,3.74,0.00,3.7,4.998,4.998,4.998,4.998,121
2022-03-19 10:44:22,5.7,12.8,541,0.0,0.0,0,0.0,0.0,0,396062.00,0.00,0.00,237,13.71,3.30,0.00,3.2,4.998,4.998,4.998,4.998,185
2022-03-19 10:45:22,9.9,14.5,524,0.0,0.0,0,0.0,0.0,0,396586.00,0.00,0.00,240,13.71,3.33,0.00,3.7,4.998,4.998,4.998,4.998,85
2022-03-19 10:46:22,9.3,14.3,482,0.0,0.0,0,0.0,0.0,0,397068.00,0.00,0.00,212,13.74,2.95,0.00,3.7,4.998,4.998,4.998,4.998,180
2022-03-19 10:47:22,7.9,12.5,507,0.0,0.0,0,0.0,0.0,0,397575.00,0.00,0.00,272,13.74,3.77,0.00,3.7,4.998,4.998,4.998,4.998,176
2022-03-19 10:48:22,6.1,16.3,570,0.0,0.0,0,0.0,0.0,0,398145.00,0.00,0.00,222,13.78,3.09,0.00,3.7,4.998,4.998,4.998,4.998,32
2022-03-19 10:49:22,7.9,12.9,496,0.0,0.0,0,0.0,0.0,0,398641.00,0.00,0.00,237,13.78,3.30,0.00,3.7,4.998,4.998,4.998,4.998,142
2022-03-19 10:50:22,7.6,11.8,558,0.0,0.0,0,0.0,0.0,0,399199.00,0.00,0.00,217,13.82,3.02,0.00,3.7,4.998,4.998,4.998,4.998,99
2022-03-19 10:51:22,12.4,21.2,777,0.0,0.0,0,0.0,0.0,0,399976.00,0.00,0.00,255,13.82,3.54,0.00,3.7,4.998,4.998,4.998,4.998,217
2022-03-19 10:52:22,3.6,14.4,539,0.0,0.0,0,0.0,0.0,0,400515.00,0.00,0.00,197,13.86,2.74,0.00,3.7,4.998,4.998,4.998,4.998,89
2022-03-19 10:53:22,3.6,8.8,341,0.0,0.0,0,0.0,0.0,0,400856.00,0.00,0.00,191,13.82,2.66,0.00,3.7,4.998,4.998,4.998,4.998,171
2022-03-19 10:54:22,9.0,11.4,470,0.0,0.0,0,0.0,0.0,0,401326.00,0.00,0.00,213,13.86,2.96,0.00,3.7,4.998,4.998,4.998,4.998,124
2022-03-19 10:55:22,3.3,11.2,426,0.0,0.0,0,0.0,0.0,0,401752.00,0.00,0.00,238,13.86,3.31,0.00,3.7,4.998,4.998,4.998,4.998,248
2022-03-19 10:56:22,6.1,11.0,451,0.0,0.0,0,0.0,0.0,0,402203.00,0.00,0.00,234,13.90,3.25,0.00,3.2,4.998,4.998,4.998,4.998,174
2022-03-19 10:57:22,10.1,14.7,549,0.0,0.0,0,0.0,0.0,0,402752.00,0.00,0.00,205,13.94,2.85,0.00,3.7,4.998,4.998,4.998,4.998,104
2022-03-19 10:58:22,7.2,13.7,551,0.0,0.0,0,0.0,0.0,0,403303.00,0.00,0.00,241,13.98,3.35,0.00,3.7,4.998,4.998,4.998,4.998,70
2022-03-19 10:59:22,6.7,14.5,653,0.0,0.0,0,0.0,0.0,0,403956.00,0.00,0.00,258,13.98,3.59,0.00,3.7,4.998,4.998,4.998,4.998,38
2022-03-19 11:00:22,5.8,10.7,426,0.0,0.0,0,0.0,0.0,0,404382.00,0.00,0.00,253,14.02,3.51,0.00,3.7,4.998,4.998,4.998,4.998,92
2022-03-19 11:01:22,4.9,8.7,289,0.0,0.0,0,0.0,0.0,0,404671.00,0.00,0.00,222,14.06,3.09,0.00,3.7,4.998,4.998,4.998,4.998,52
2022-03-19 11:02:22,5.7,8.5,322,0.0,0.0,0,0.0,0.0,0,404993.00,0.00,0.00,241,14.10,3.35,0.00,4.1,4.998,4.998,4.998,4.998,85
2022-03-19 11:03:22,4.2,9.7,404,0.0,0.0,0,0.0,0.0,0,405397.00,0.00,0.00,238,14.14,3.31,0.00,4.1,4.998,4.998,4.998,4.998,47
2022-03-19 11:04:22,4.1,12.7,424,0.0,0.0,0,0.0,0.0,0,405821.00,0.00,0.00,220,14.21,3.05,0.00,4.1,4.998,4.998,4.998,4.998,180
2022-03-19 11:05:22,9.6,9.6,285,0.0,0.0,0,0.0,0.0,0,406106.00,0.00,0.00,228,14.25,3.16,0.00,4.1,4.998,4.998,4.998,4.998,216
2022-03-19 11:06:22,10.4,13.5,570,0.0,0.0,0,0.0,0.0,0,406676.00,0.00,0.00,251,14.29,3.48,0.00,3.7,4.998,4.998,4.998,4.998,182
2022-03-19 11:07:22,5.6,16.6,671,0.0,0.0,0,0.0,0.0,0,407347.00,0.00,0.00,203,14.29,2.83,0.00,3.7,4.998,4.998,4.998,4.998,53
2022-03-19 11:08:22,5.3,10.6,398,0.0,0.0,0,0.0,0.0,0,407745.00,0.00,0.00,197,14.37,2.73,0.00,4.1,4.998,4.998,4.998,4.998,247
2022-03-19 11:09:22,10.4,12.2,526,0.0,0.0,0,0.0,0.0,0,408271.00,0.00,0.00,246,14.33,3.42,0.00,4.1,4.998,4.998,4.998,4.998,228
2022-03-19 11:10:22,9.8,16.3,697,0.0,0.0,0,0.0,0.0,0,408968.00,0.00,0.00,251,14.37,3.49,0.00,4.1,4.998,4.998,4.998,4.998,83
2022-03-19 11:11:22,11.7,11.8,482,0.0,0.0,0,0.0,0.0,0,409450.00,0.00,0.00,255,14.41,3.54,0.00,3.7,4.998,4.998,4.998,4.998,173
2022-03-19 11:12:22,11.9,12.7,493,0.0,0.0,0,0.0,0.0,0,409943.00,0.00,0.00,270,14.45,3.74,0.00,3.7,4.998,4.998,4.998,4.998,239
2022-03-19 11:13:22,5.9,13.4,523,0.0,0.0,0,0.0,0.0,0,410466.00,0.00,0.00,238,14.49,3.30,0.00,4.1,4.998,4.998,4.998,4.998,94
2022-03-19 11:14:22,6.5,10.9,491,0.0,0.0,0,0.0,0.0,0,410957.00,0.00,0.00,219,14.53,3.04,0.00,4.1,4.998,4.998,4.998,4.998,163
2022-03-19 11:15:22,6.5,11.6,466,0.0,0.0,0,0.0,0.0,0,411423.00,0.00,0.00,240,14.53,3.33,0.00,4.1,4.998,4.998,4.998,4.998,147
2022-03-19 11:16:22,6.2,7.7,332,0.0,0.0,0,0.0,0.0,0,411755.00,0.00,0.00,249,14.49,3.46,0.00,4.1,4.998,4.998,4.998,4.998,65
2022-03-19 11:17:22,4.9,16.0,461,0.0,0.0,0,0.0,0.0,0,412216.00,0.00,0.00,252,14.60,3.51,0.00,4.1,4.998,4.998,4.998,4.998,25
2022-03-19 11:18:22,4.2,11.0,398,0.0,0.0,0,0.0,0.0,0,412614.00,0.00,0.00,237,14.57,3.29,0.00,4.1,4.998,4.998,4.998,4.998,70
2022-03-19 11:19:22,12.0,12.8,463,0.0,0.0,0,0.0,0.0,0,413077.00,0.00,0.00,194,14.60,2.69,0.00,4.1,4.998,4.998,4.998,4.998,146
2022-03-19 11:20:22,3.3,13.7,538,0.0,0.0,0,0.0,0.0,0,413615.00,0.00,0.00,225,14.57,3.13,0.00,4.1,4.998,4.998,4.998,4.998,160
2022-03-19 11:21:22,6.6,12.5,466,0.0,0.0,0,0.0,0.0,0,414081.00,0.00,0.00,229,14.60,3.19,0.00,4.1,4.998,4.998,4.998,4.998,132
2022-03-19 11:22:22,6.7,9.6,391,0.0,0.0,0,0.0,0.0,0,414472.00,0.00,0.00,216,14.57,3.00,0.00,4.1,4.998,4.998,4.998,4.998,195
2022-03-19 11:23:22,7.5,15.3,545,0.0,0.0,0,0.0,0.0,0,415017.00,0.00,0.00,234,14.60,3.25,0.00,4.1,4.998,4.998,4.998,4.998,120
2022-03-19 11:24:22,8.5,12.4,497,0.0,0.0,0,0.0,0.0,0,415514.00,0.00,0.00,254,14.60,3.53,0.00,4.1,4.998,4.998,4.998,4.998,118
2022-03-19 11:25:22,6.9,8.9,346,0.0,0.0,0,0.0,0.0,0,415860.00,0.00,0.00,244,14.60,3.39,0.00,4.1,4.998,4.998,4.998,4.998,5
2022-03-19 11:26:22,9.4,15.3,567,0.0,0.0,0,0.0,0.0,0,416427.00,0.00,0.00,239,14.60,3.32,0.00,4.1,4.998,4.998,4.998,4.998,57
2022-03-19 11:27:22,5.3,13.2,546,0.0,0.0,0,0.0,0.0,0,416973.00,0.00,0.00,201,14.57,2.79,0.00,4.1,4.998,4.998,4.998,4.998,17
2022-03-19 11:28:22,7.2,20.1,752,0.0,0.0,0,0.0,0.0,0,417725.00,0.00,0.00,236,14.57,3.29,0.00,4.1,4.998,4.998,4.998,4.998,67
2022-03-19 11:29:22,2.6,11.6,495,0.0,0.0,0,0.0,0.0,0,418220.00,0.00,0.00,191,14.57,2.66,0.00,4.1,4.998,4.998,4.998,4.998,121
2022-03-19 11:30:22,20.9,21.9,624,0.0,0.0,0,0.0,0.0,0,418844.00,0.00,0.00,247,14.60,3.43,0.00,4.1,4.998,4.998,4.998,4.998,92
2022-03-19 11:31:22,11.5,22.6,830,0.0,0.0,0,0.0,0.0,0,419674.00,0.00,0.00,222,14.60,3.09,0.00,3.7,4.998,4.998,4.998,4.998,236
2022-03-19 11:32:22,9.1,18.3,707,0.0,0.0,0,0.0,0.0,0,420381.00,0.00,0.00,223,14.57,3.10,0.00,3.7,4.998,4.998,4.998,4.998,210
2022-03-19 11:33:22,6.1,12.2,450,0.0,0.0,0,0.0,0.0,0,420831.00,0.00,0.00,272,14.60,3.77,0.00,3.7,4.998,4.998,4.998,4.998,77
2022-03-19 11:34:22,5.2,7.2,320,0.0,0.0,0,0.0,0.0,0,421151.00,0.00,0.00,234,14.60,3.26,0.00,3.7,4.998,4.998,4.998,4.998,248
2022-03-19 11:35:22,7.8,13.4,497,0.0,0.0,0,0.0,0.0,0,421648.00,0.00,0.00,226,14.60,3.14,0.00,4.1,4.998,4.998,4.998,4.998,219
2022-03-19 11:36:22,5.4,11.2,457,0.0,0.0,0,0.0,0.0,0,422105.00,0.00,0.00,237,14.60,3.30,0.00,4.1,4.998,4.998,4.998,4.998,148
2022-03-19 11:37:22,5.8,10.9,346,0.0,0.0,0,0.0,0.0,0,422451.00,0.00,0.00,220,14.60,3.06,0.00,4.1,4.998,4.998,4.998,4.998,43
2022-03-19 11:38:22,10.3,12.9,454,0.0,0.0,0,0.0,0.0,0,422905.00,0.00,0.00,232,14.57,3.22,0.00,4.1,4.998,4.998,4.998,4.998,49
2022-03-19 11:39:22,13.9,14.0,519,0.0,0.0,0,0.0,0.0,0,423424.00,0.00,0.00,213,14.57,2.96,0.00,4.1,4.998,4.998,4.998,4.998,71
2022-03-19 11:40:22,4.9,15.0,541,0.0,0.0,0,0.0,0.0,0,423965.00,0.00,0.00,208,14.57,2.90,0.00,4.1,4.998,4.998,4.998,4.998,99
2022-03-19 11:41:22,4.8,8.5,325,0.0,0.0,0,0.0,0.0,0,424290.00,0.00,0.00,272,14.57,3.78,0.00,4.6,4.998,4.998,4.998,4.998,221
2022-03-19 11:42:22,5.9,9.0,384,0.0,0.0,0,0.0,0.0,0,424674.00,0.00,0.00,246,14.57,3.42,0.00,4.6,4.998,4.998,4.998,4.998,66
2022-03-19 11:43:22,7.5,10.2,410,0.0,0.0,0,0.0,0.0,0,425084.00,0.00,0.00,264,14.60,3.67,0.00,4.1,4.998,4.998,4.998,4.998,154
2022-03-19 11:44:22,7.1,15.8,629,0.0,0.0,0,0.0,0.0,0,425713.00,0.00,0.00,260,14.60,3.62,0.00,4.1,4.998,4.998,4.998,4.998,228
2022-03-19 11:45:22,13.7,16.2,725,0.0,0.0,0,0.0,0.0,0,426438.00,0.00,0.00,230,14.57,3.20,0.00,4.1,4.998,4.998,4.998,4.998,213
2022-03-19 11:46:22,9.7,15.8,704,0.0,0.0,0,0.0,0.0,0,427142.00,0.00,0.00,187,14.60,2.60,0.00,4.1,4.998,4.998,4.998,4.998,38
2022-03-19 11:47:22,9.1,15.0,662,0.0,0.0,0,0.0,0.0,0,427804.00,0.00,0.00,243,14.60,3.37,0.00,4.1,4.998,4.998,4.998,4.998,156
2022-03-19 11:48:22,6.0,14.0,538,0.0,0.0,0,0.0,0.0,0,428342.00,0.00,0.00,261,14.57,3.63,0.00,4.1,4.998,4.998,4.998,4.998,86
2022-03-19 11:49:22,6.3,8.4,347,0.0,0.0,0,0.0,0.0,0,428689.00,0.00,0.00,256,14.60,3.56,0.00,4.1,4.998,4.998,4.998,4.998,16
2022-03-19 11:50:22,9.7,12.8,450,0.0,0.0,0,0.0,0.0,0,429139.00,0.00,0.00,231,14.57,3.21,0.00,4.1,4.998,4.998,4.998,4.998,209
2022-03-19 11:51:22,8.4,10.3,398,0.0,0.0,0,0.0,0.0,0,429537.00,0.00,0.00,241,14.60,3.35,0.00,4.1,4.998,4.998,4.998,4.998,40
2022-03-19 11:52:22,7.0,11.8,508,0.0,0.0,0,0.0,0.0,0,430045.00,0.00,0.00,259,14.60,3.60,0.00,4.1,4.998,4.998,4.998,4.998,113
2022-03-19 11:53:22,9.3,15.2,606,0.0,0.0,0,0.0,0.0,0,430651.00,0.00,0.00,232,14.60,3.22,0.00,3.7,4.998,4.998,4.998,4.998,90
2022-03-19 11:54:22,6.7,15.8,722,0.0,0.0,0,0.0,0.0,0,431373.00,0.00,0.00,215,14.60,2.99,0.00,4.1,4.998,4.998,4.998,4.998,172
2022-03-19 11:55:22,17.2,19.7,542,0.0,0.0,0,0.0,0.0,0,431915.00,0.00,0.00,282,14.57,3.92,0.00,4.1,4.998,4.998,4.998,4.998,209
2022-03-19 11:56:22,7.3,18.3,734,0.0,0.0,0,0.0,0.0,0,432649.00,0.00,0.00,201,14.60,2.79,0.00,4.1,4.998,4.998,4.998,4.998,227
2022-03-19 11:57:22,10.0,14.3,542,0.0,0.0,0,0.0,0.0,0,433191.00,0.00,0.00,246,14.60,3.42,0.00,4.1,4.998,4.998,4.998,4.998,48
2022-03-19 11:58:22,4.1,14.0,537,0.0,0.0,0,0.0,0.0,0,433728.00,0.00,0.00,242,14.57,3.36,0.00,4.1,4.998,4.998,4.998,4.998,1
2022-03-19 11:59:22,8.3,16.7,539,0.0,0.0,0,0.0,0.0,0,434267.00,0.00,0.00,255,14.60,3.55,0.00,4.1,4.998,4.998,4.998,4.998,100
2022-03-19 12:00:22,6.2,13.8,602,0.0,0.0,0,0.0,0.0,0,434869.00,0.00,0.00,215,14.57,2.98,0.00,4.1,4.998,4.998,4.998,4.998,157
2022-03-19 12:01:22,6.4,8.1,359,0.0,0.0,0,0.0,0.0,0,435228.00,0.00,0.00,243,14.60,3.38,0.00,4.1,4.998,4.998,4.998,4.998,116
2022-03-19 12:02:22,11.5,12.4,414,0.0,0.0,0,0.0,0.0,0,435642.00,0.00,0.00,237,14.60,3.30,0.00,4.1,4.998,4.998,4.998,4.998,220
2022-03-19 12:03:22,6.4,13.7,528,0.0,0.0,0,0.0,0.0,0,436170.00,0.00,0.00,228,14.60,3.17,0.00,4.1,4.998,4.998,4.998,4.998,92
2022-03-19 12:04:22,8.9,10.0,453,0.0,0.0,0,0.0,0.0,0,436623.00,0.00,0.00,256,14.60,3.56,0.00,4.1,4.998,4.998,4.998,4.998,252
2022-03-19 12:05:22,10.2,16.4,652,0.0,0.0,0,0.0,0.0,0,437275.00,0.00,0.00,253,14.57,3.52,0.00,4.1,4.998,4.998,4.998,4.998,55
2022-03-19 12:06:22,8.4,15.8,636,0.0,0.0,0,0.0,0.0,0,437911.00,0.00,0.00,217,14.60,3.01,0.00,4.1,4.998,4.998,4.998,4.998,181
2022-03-19 12:07:22,12.7,14.6,537,0.0,0.0,0,0.0,0.0,0,438448.00,0.00,0.00,243,14.60,3.38,0.00,4.1,4.998,4.998,4.998,4.998,142
2022-03-19 12:08:22,13.4,18.2,744,0.0,0.0,0,0.0,0.0,0,439192.00,0.00,0.00,271,14.60,3.77,0.00,4.1,4.998,4.998,4.998,4.998,184
2022-03-19 12:09:22,5.9,15.7,604,0.0,0.0,0,0.0,0.0,0,439796.00,0.00,0.00,254,14.60,3.53,0.00,4.1,4.998,4.998,4.998,4.998,23
2022-03-19 12:10:22,6.6,10.0,447,0.0,0.0,0,0.0,0.0,0,440243.00,0.00,0.00,249,14.60,3.46,0.00,4.1,4.998,4.998,4.998,4.998,194
2022-03-19 12:11:22,9.5,13.9,640,0.0,0.0,0,0.0,0.0,0,440883.00,0.00,0.00,237,14.60,3.30,0.00,4.1,4.998,4.998,4.998,4.998,94
2022-03-19 12:12:22,12.4,19.3,764,0.0,0.0,0,0.0,0.0,0,441647.00,0.00,0.00,252,14.60,3.51,0.00,3.7,4.998,4.998,4.998,4.998,36
2022-03-19 12:13:22,12.0,14.5,585,0.0,0.0,0,0.0,0.0,0,442232.00,0.00,0.00,250,14.60,3.47,0.00,3.7,4.998,4.998,4.998,4.998,108
2022-03-19 12:14:22,7.8,17.4,616,0.0,0.0,0,0.0,0.0,0,442848.00,0.00,0.00,254,14.60,3.53,0.00,4.1,4.998,4.998,4.998,4.998,186
2022-03-19 12:15:22,7.1,11.4,522,0.0,0.0,0,0.0,0.0,0,443370.00,0.00,0.00,219,14.57,3.04,0.00,3.7,4.998,4.998,4.998,4.998,229
2022-03-19 12:16:22,7.2,14.0,545,0.0,0.0,0,0.0,0.0,0,443915.00,0.00,0.00,238,14.60,3.31,0.00,4.1,4.998,4.998,4.998,4.998,199
2022-03-19 12:17:22,11.2,11.9,570,0.0,0.0,0,0.0,0.0,0,444485.00,0.00,0.00,220,14.60,3.05,0.00,3.7,4.998,4.998,4.998,4.998,100
2022-03-19 12:18:22,9.2,17.1,714,0.0,0.0,0,0.0,0.0,0,445199.00,0.00,0.00,282,14.57,3.92,0.00,3.7,4.998,4.998,4.998,4.998,61
2022-03-19 12:19:22,8.1,11.6,566,0.0,0.0,0,0.0,0.0,0,445765.00,0.00,0.00,254,14.60,3.53,0.00,3.7,4.998,4.998,4.998,4.998,101
2022-03-19 12:20:22,5.0,8.8,393,0.0,0.0,0,0.0,0.0,0,446158.00,0.00,0.00,261,14.60,3.63,0.00,3.7,4.998,4.998,4.998,4.998,145
2022-03-19 12:21:22,10.1,10.1,344,0.0,0.0,0,0.0,0.0,0,446502.00,0.00,0.00,240,14.57,3.33,0.00,4.1,4.998,4.998,4.998,4.998,62
2022-03-19 12:22:22,9.2,14.8,703,0.0,0.0,0,0.0,0.0,0,447205.00,0.00,0.00,195,14.60,2.71,0.00,3.7,4.998,4.998,4.998,4.998,70
2022-03-19 12:23:22,3.4,10.7,455,0.0,0.0,0,0.0,0.0,0,447660.00,0.00,0.00,249,14.53,3.46,0.00,4.1,4.998,4.998,4.998,4.998,209
2022-03-19 12:24:22,9.5,9.7,311,0.0,0.0,0,0.0,0.0,0,447971.00,0.00,0.00,238,14.53,3.31,0.00,4.1,4.998,4.998,4.998,4.998,48
2022-03-19 12:25:22,12.4,12.6,496,0.0,0.0,0,0.0,0.0,0,448467.00,0.00,0.00,224,14.53,3.11,0.00,3.7,4.998,4.998,4.998,4.998,196
2022-03-19 12:26:22,7.5,13.8,540,0.0,0.0,0,0.0,0.0,0,449007.00,0.00,0.00,236,14.49,3.29,0.00,3.7,4.998,4.998,4.998,4.998,199
2022-03-19 12:27:22,6.0,10.0,447,0.0,0.0,0,0.0,0.0,0,449454.00,0.00,0.00,235,14.49,3.26,0.00,3.7,4.998,4.998,4.998,4.998,146
2022-03-19 12:28:22,9.2,10.3,433,0.0,0.0,0,0.0,0.0,0,449887.00,0.00,0.00,272,14.49,3.78,0.00,3.7,4.998,4.998,4.998,4.998,130
2022-03-19 12:29:22,6.9,10.6,454,0.0,0.0,0,0.0,0.0,0,450341.00,0.00,0.00,244,14.57,3.39,0.00,3.7,4.998,4.998,4.998,4.998,218
2022-03-19 12:30:22,4.9,11.7,492,0.0,0.0,0,0.0,0.0,0,450833.00,0.00,0.00,268,14.60,3.72,0.00,3.7,4.998,4.998,4.998,4.998,58
2022-03-19 12:31:22,8.7,16.0,611,0.0,0.0,0,0.0,0.0,0,451444.00,0.00,0.00,207,14.60,2.88,0.00,3.7,4.998,4.998,4.998,4.998,221
2022-03-19 12:32:22,4.0,13.7,409,0.0,0.0,0,0.0,0.0,0,451853.00,0.00,0.00,270,14.60,3.75,0.00,3.7,4.998,4.998,4.998,4.998,25
2022-03-19 12:33:22,6.4,9.2,384,0.0,0.0,0,0.0,0.0,0,452237.00,0.00,0.00,234,14.57,3.25,0.00,4.1,4.998,4.998,4.998,4.998,179
2022-03-19 12:34:22,10.8,16.0,643,0.0,0.0,0,0.0,0.0,0,452880.00,0.00,0.00,236,14.60,3.28,0.00,3.7,4.998,4.998,4.998,4.998,58
2022-03-19 12:35:22,6.8,14.9,638,0.0,0.0,0,0.0,0.0,0,453518.00,0.00,0.00,223,14.60,3.10,0.00,3.7,4.998,4.998,4.998,4.998,54
2022-03-19 12:36:22,7.5,8.9,351,0.0,0.0,0,0.0,0.0,0,453869.00,0.00,0.00,195,14.57,2.71,0.00,3.7,4.998,4.998,4.998,4.998,0
2022-03-19 12:37:22,4.8,8.4,326,0.0,0.0,0,0.0,0.0,0,454195.00,0.00,0.00,211,14.60,2.93,0.00,4.1,4.998,4.998,4.998,4.998,163
2022-03-19 12:38:22,4.2,7.2,302,0.0,0.0,0,0.0,0.0,0,454497.00,0.00,0.00,246,14.57,3.42,0.00,4.1,4.998,4.998,4.998,4.998,120
2022-03-19 12:39:22,6.1,8.5,360,0.0,0.0,0,0.0,0.0,0,454857.00,0.00,0.00,234,14.60,3.26,0.00,4.1,4.998,4.998,4.998,4.998,18
2022-03-19 12:40:22,12.6,13.4,390,0.0,0.0,0,0.0,0.0,0,455247.00,0.00,0.00,267,14.57,3.71,0.00,4.1,4.998,4.998,4.998,4.998,155
2022-03-19 12:41:22,8.7,15.8,611,0.0,0.0,0,0.0,0.0,0,455858.00,0.00,0.00,254,14.60,3.54,0.00,3.7,4.998,4.998,4.998,4.998,43
2022-03-19 12:42:22,8.7,9.9,347,0.0,0.0,0,0.0,0.0,0,456205.00,0.00,0.00,206,14.60,2.87,0.00,4.1,4.998,4.998,4.998,4.998,11
2022-03-19 12:43:22,7.5,11.3,457,0.0,0.0,0,0.0,0.0,0,456662.00,0.00,0.00,235,14.60,3.27,0.00,4.1,4.998,4.998,4.998,4.998,130
2022-03-19 12:44:22,6.5,10.0,430,0.0,0.0,0,0.0,0.0,0,457092.00,0.00,0.00,258,14.60,3.58,0.00,3.7,4.998,4.998,4.998,4.998,10
2022-03-19 12:45:22,10.8,15.1,498,0.0,0.0,0,0.0,0.0,0,457590.00,0.00,0.00,233,14.60,3.23,0.00,3.7,4.998,4.998,4.998,4.998,8
2022-03-19 12:46:22,10.9,14.9,568,0.0,0.0,0,0.0,0.0,0,458158.00,0.00,0.00,268,14.60,3.72,0.00,4.1,4.998,4.998,4.998,4.998,105
2022-03-19 12:47:22,8.1,11.8,509,0.0,0.0,0,0.0,0.0,0,458667.00,0.00,0.00,239,14.60,3.33,0.00,3.7,4.998,4.998,4.998,4.998,2
2022-03-19 12:48:22,10.8,18.5,781,0.0,0.0,0,0.0,0.0,0,459448.00,0.00,0.00,260,14.60,3.61,0.00,3.7,4.998,4.998,4.998,4.998,194
2022-03-19 12:49:22,7.9,11.4,521,0.0,0.0,0,0.0,0.0,0,459969.00,0.00,0.00,237,14.60,3.29,0.00,3.7,4.998,4.998,4.998,4.998,103
2022-03-19 12:50:22,5.1,11.8,424,0.0,0.0,0,0.0,0.0,0,460393.00,0.00,0.00,235,14.60,3.27,0.00,4.1,4.998,4.998,4.998,4.998,226
2022-03-19 12:51:22,7.8,9.4,363,0.0,0.0,0,0.0,0.0,0,460756.00,0.00,0.00,233,14.57,3.24,0.00,3.7,4.998,4.998,4.998,4.998,17
2022-03-19 12:52:22,11.5,17.3,570,0.0,0.0,0,0.0,0.0,0,461326.00,0.00,0.00,299,14.60,4.15,0.00,3.7,4.998,4.998,4.998,4.998,72
2022-03-19 12:53:22,7.5,15.6,658,0.0,0.0,0,0.0,0.0,0,461984.00,0.00,0.00,256,14.60,3.55,0.00,3.7,4.998,4.998,4.998,4.998,9
2022-03-19 12:54:22,6.7,9.7,393,0.0,0.0,0,0.0,0.0,0,462377.00,0.00,0.00,241,14.60,3.35,0.00,3.7,4.998,4.998,4.998,4.998,17
2022-03-19 12:55:22,6.0,10.7,472,0.0,0.0,0,0.0,0.0,0,462849.00,0.00,0.00,238,14.60,3.30,0.00,3.7,4.998,4.998,4.998,4.998,56
2022-03-19 12:56:22,7.8,15.2,574,0.0,0.0,0,0.0,0.0,0,463423.00,0.00,0.00,223,14.60,3.10,0.00,3.7,4.998,4.998,4.998,4.998,23
2022-03-19 12:57:22,4.9,11.7,470,0.0,0.0,0,0.0,0.0,0,463893.00,0.00,0.00,250,14.57,3.47,0.00,3.7,4.998,4.998,4.998,4.998,151
2022-03-19 12:58:22,6.8,10.5,453,0.0,0.0,0,0.0,0.0,0,464346.00,0.00,0.00,284,14.60,3.95,0.00,3.7,4.998,4.998,4.998,4.998,39
2022-03-19 12:59:22,7.6,11.0,487,0.0,0.0,0,0.0,0.0,0,464833.00,0.00,0.00,245,14.57,3.40,0.00,3.7,4.998,4.998,4.998,4.998,93
2022-03-19 13:00:22,4.9,12.2,423,0.0,0.0,0,0.0,0.0,0,465256.00,0.00,0.00,251,14.60,3.49,0.00,3.7,4.998,4.998,4.998,4.998,180
2022-03-19 13:01:22,6.4,11.5,521,0.0,0.0,0,0.0,0.0,0,465777.00,0.00,0.00,239,14.60,3.32,0.00,3.7,4.998,4.998,4.998,4.998,110
2022-03-19 13:02:22,6.2,12.5,550,0.0,0.0,0,0.0,0.0,0,466327.00,0.00,0.00,234,14.60,3.25,0.00,3.7,4.998,4.998,4.998,4.998,233
2022-03-19 13:03:22,7.3,10.5,509,0.0,0.0,0,0.0,0.0,0,466836.00,0.00,0.00,216,14.57,3.01,0.00,3.7,4.998,4.998,4.998,4.998,137
2022-03-19 13:04:22,4.9,11.0,413,0.0,0.0,0,0.0,0.0,0,467249.00,0.00,0.00,211,14.60,2.93,0.00,3.7,4.998,4.998,4.998,4.998,59
2022-03-19 13:05:22,3.5,8.7,304,0.0,0.0,0,0.0,0.0,0,467553.00,0.00,0.00,255,14.60,3.55,0.00,3.7,4.998,4.998,4.998,4.998,234
2022-03-19 13:06:22,12.4,12.6,415,0.0,0.0,0,0.0,0.0,0,467968.00,0.00,0.00,265,14.60,3.69,0.00,3.7,4.998,4.998,4.998,4.998,53
2022-03-19 13:07:22,7.4,17.8,730,0.0,0.0,0,0.0,0.0,0,468698.00,0.00,0.00,243,14.60,3.38,0.00,3.7,4.998,4.998,4.998,4.998,116
2022-03-19 13:08:22,6.5,12.4,527,0.0,0.0,0,0.0,0.0,0,469225.00,0.00,0.00,229,14.60,3.19,0.00,3.7,4.998,4.998,4.998,4.998,55
2022-03-19 13:09:22,7.9,10.8,468,0.0,0.0,0,0.0,0.0,0,469693.00,0.00,0.00,253,14.60,3.52,0.00,3.7,4.998,4.998,4.998,4.998,32
2022-03-19 13:10:22,10.4,11.1,495,0.0,0.0,0,0.0,0.0,0,470188.00,0.00,0.00,249,14.60,3.47,0.00,3.7,4.998,4.998,4.998,4.998,115
2022-03-19 13:11:22,14.5,16.4,634,0.0,0.0,0,0.0,0.0,0,470822.00,0.00,0.00,241,14.57,3.35,0.00,3.7,4.998,4.998,4.998,4.998,82
2022-03-19 13:12:22,8.0,15.7,639,0.0,0.0,0,0.0,0.0,0,471461.00,0.00,0.00,247,14.60,3.44,0.00,3.7,4.998,4.998,4.998,4.998,246
2022-03-19 13:13:22,6.9,9.9,392,0.0,0.0,0,0.0,0.0,0,471853.00,0.00,0.00,260,14.60,3.62,0.00,3.7,4.998,4.998,4.998,4.998,87
2022-03-19 13:14:22,9.5,11.4,541,0.0,0.0,0,0.0,0.0,0,472394.00,0.00,0.00,234,14.60,3.25,0.00,3.7,4.998,4.998,4.998,4.998,244
2022-03-19 13:15:22,4.8,11.7,513,0.0,0.0,0,0.0,0.0,0,472907.00,0.00,0.00,222,14.57,3.08,0.00,3.7,4.998,4.998,4.998,4.998,67
2022-03-19 13:16:22,6.0,9.5,319,0.0,0.0,0,0.0,0.0,0,473226.00,0.00,0.00,242,14.60,3.36,0.00,3.7,4.998,4.998,4.998,4.998,180
2022-03-19 13:17:22,6.1,10.3,426,0.0,0.0,0,0.0,0.0,0,473652.00,0.00,0.00,232,14.29,3.22,0.00,3.7,4.998,4.998,4.998,4.998,88
2022-03-19 13:18:22,6.0,8.7,401,0.0,0.0,0,0.0,0.0,0,474053.00,0.00,0.00,254,14.21,3.54,0.00,4.1,4.998,4.998,4.998,4.998,240
2022-03-19 13:19:22,4.0,10.3,393,0.0,0.0,0,0.0,0.0,0,474446.00,0.00,0.00,239,14.21,3.33,0.00,3.7,4.998,4.998,4.998,4.998,43
2022-03-19 13:20:22,5.0,10.6,415,0.0,0.0,0,0.0,0.0,0,474861.00,0.00,0.00,280,14.21,3.89,0.00,3.7,4.998,4.998,4.998,4.998,224
2022-03-19 13:21:22,5.7,9.7,412,0.0,0.0,0,0.0,0.0,0,475273.00,0.00,0.00,268,14.21,3.72,0.00,3.7,4.998,4.998,4.998,4.998,6
2022-03-19 13:22:22,6.9,8.8,390,0.0,0.0,0,0.0,0.0,0,475663.00,0.00,0.00,248,14.21,3.45,0.00,3.7,4.998,4.998,4.998,4.998,244
2022-03-19 13:23:22,7.7,10.6,480,0.0,0.0,0,0.0,0.0,0,476143.00,0.00,0.00,236,14.21,3.28,0.00,3.7,4.998,4.998,4.998,4.998,252
2022-03-19 13:24:22,9.1,16.2,646,0.0,0.0,0,0.0,0.0,0,476789.00,0.00,0.00,270,14.17,3.75,0.00,3.7,4.998,4.998,4.998,4.998,126
2022-03-19 13:25:22,4.7,11.8,533,0.0,0.0,0,0.0,0.0,0,477322.00,0.00,0.00,244,14.21,3.39,0.00,3.7,4.998,4.998,4.998,4.998,133
2022-03-19 13:26:22,10.0,12.8,513,0.0,0.0,0,0.0,0.0,0,477835.00,0.00,0.00,234,14.21,3.25,0.00,3.7,4.998,4.998,4.998,4.998,154
2022-03-19 13:27:22,8.8,17.2,735,0.0,0.0,0,0.0,0.0,0,478570.00,0.00,0.00,225,14.21,3.13,0.00,3.7,4.998,4.998,4.998,4.998,105
2022-03-19 13:28:22,16.2,19.3,680,0.0,0.0,0,0.0,0.0,0,479250.00,0.00,0.00,274,14.21,3.81,0.00,3.7,4.998,4.998,4.998,4.998,26
2022-03-19 13:29:22,10.9,16.8,763,0.0,0.0,0,0.0,0.0,0,480013.00,0.00,0.00,261,14.21,3.63,0.00,3.7,4.998,4.998,4.998,4.998,176
2022-03-19 13:30:22,5.4,14.1,593,0.0,0.0,0,0.0,0.0,0,480606.00,0.00,0.00,216,14.21,3.00,0.00,3.7,4.998,4.998,4.998,4.998,148
2022-03-19 13:31:22,8.2,16.1,597,0.0,0.0,0,0.0,0.0,0,481203.00,0.00,0.00,259,14.21,3.60,0.00,3.7,4.998,4.998,4.998,4.998,40
2022-03-19 13:32:22,14.2,21.7,951,0.0,0.0,0,0.0,0.0,0,482154.00,0.00,0.00,233,14.21,3.23,0.00,3.7,4.998,4.998,4.998,4.998,51
2022-03-19 13:33:22,11.1,14.5,638,0.0,0.0,0,0.0,0.0,0,482792.00,0.00,0.00,276,14.21,3.84,0.00,3.2,4.998,4.998,4.998,4.998,51
2022-03-19 13:34:22,9.3,12.3,562,0.0,0.0,0,0.0,0.0,0,483354.00,0.00,0.00,239,14.21,3.32,0.00,3.7,4.998,4.998,4.998,4.998,10
2022-03-19 13:35:22,6.6,11.4,430,0.0,0.0,0,0.0,0.0,0,483784.00,0.00,0.00,252,14.21,3.50,0.00,3.7,4.998,4.998,4.998,4.998,71
2022-03-19 13:36:22,6.0,14.2,470,0.0,0.0,0,0.0,0.0,0,484254.00,0.00,0.00,237,14.21,3.29,0.00,3.7,4.998,4.998,4.998,4.998,66
2022-03-19 13:37:22,5.5,13.3,455,0.0,0.0,0,0.0,0.0,0,484709.00,0.00,0.00,240,14.21,3.34,0.00,3.7,4.998,4.998,4.998,4.998,42
2022-03-19 13:38:22,5.0,16.2,461,0.0,0.0,0,0.0,0.0,0,485170.00,0.00,0.00,248,14.21,3.45,0.00,3.7,4.998,4.998,4.998,4.998,108
2022-03-19 13:39:22,9.5,11.2,407,0.0,0.0,0,0.0,0.0,0,485577.00,0.00,0.00,244,14.21,3.39,0.00,3.7,4.998,4.998,4.998,4.998,50
2022-03-19 13:40:22,6.8,13.1,537,0.0,0.0,0,0.0,0.0,0,486114.00,0.00,0.00,294,14.21,4.08,0.00,3.7,4.998,4.998,4.998,4.998,94
2022-03-19 13:41:22,4.3,15.2,497,0.0,0.0,0,0.0,0.0,0,486611.00,0.00,0.00,239,14.21,3.32,0.00,3.7,4.998,4.998,4.998,4.998,53
2022-03-19 13:42:22,12.2,14.2,355,0.0,0.0,0,0.0,0.0,0,486966.00,0.00,0.00,246,14.21,3.41,0.00,4.1,4.998,4.998,4.998,4.998,177
2022-03-19 13:43:22,7.6,13.7,510,0.0,0.0,0,0.0,0.0,0,487476.00,0.00,0.00,254,14.21,3.53,0.00,3.7,4.998,4.998,4.998,4.998,193
2022-03-19 13:44:22,9.3,10.3,487,0.0,0.0,0,0.0,0.0,0,487963.00,0.00,0.00,257,14.21,3.57,0.00,3.7,4.998,4.998,4.998,4.998,211
2022-03-19 13:45:22,5.2,9.6,392,0.0,0.0,0,0.0,0.0,0,488355.00,0.00,0.00,217,14.21,3.02,0.00,3.7,4.998,4.998,4.998,4.998,208
2022-03-19 13:46:22,7.6,16.2,599,0.0,0.0,0,0.0,0.0,0,488954.00,0.00,0.00,266,14.25,3.70,0.00,3.7,4.998,4.998,4.998,4.998,96
2022-03-19 13:47:22,6.6,10.7,473,0.0,0.0,0,0.0,0.0,0,489427.00,0.00,0.00,271,14.17,3.76,0.00,3.7,4.998,4.998,4.998,4.998,235
2022-03-19 13:48:22,10.7,17.9,648,0.0,0.0,0,0.0,0.0,0,490075.00,0.00,0.00,254,14.21,3.53,0.00,3.7,4.998,4.998,4.998,4.998,88
2022-03-19 13:49:22,13.0,16.5,684,0.0,0.0,0,0.0,0.0,0,490759.00,0.00,0.00,274,14.21,3.81,0.00,3.7,4.998,4.998,4.998,4.998,98
2022-03-19 13:50:22,6.6,17.7,732,0.0,0.0,0,0.0,0.0,0,491491.00,0.00,0.00,239,14.21,3.32,0.00,3.7,4.998,4.998,4.998,4.998,96
2022-03-19 13:51:22,7.9,11.7,481,0.0,0.0,0,0.0,0.0,0,491972.00,0.00,0.00,293,14.21,4.07,0.00,3.7,4.998,4.998,4.998,4.998,147
2022-03-19 13:52:22,8.5,13.2,614,0.0,0.0,0,0.0,0.0,0,492586.00,0.00,0.00,227,14.21,3.16,0.00,3.7,4.998,4.998,4.998,4.998,166
2022-03-19 13:53:22,8.5,11.8,493,0.0,0.0,0,0.0,0.0,0,493079.00,0.00,0.00,227,14.21,3.15,0.00,3.7,4.998,4.998,4.998,4.998,46
2022-03-19 13:54:22,4.5,13.7,476,0.0,0.0,0,0.0,0.0,0,493555.00,0.00,0.00,212,14.21,2.94,0.00,3.7,4.998,4.998,4.998,4.998,62
2022-03-19 13:55:22,5.6,8.8,396,0.0,0.0,0,0.0,0.0,0,493951.00,0.00,0.00,236,14.21,3.28,0.00,3.7,4.998,4.998,4.998,4.998,147
2022-03-19 13:56:22,7.6,12.8,604,0.0,0.0,0,0.0,0.0,0,494555.00,0.00,0.00,239,14.21,3.32,0.00,3.7,4.998,4.998,4.998,4.998,75
2022-03-19 13:57:22,4.4,9.3,399,0.0,0.0,0,0.0,0.0,0,494954.00,0.00,0.00,202,14.21,2.80,0.00,4.1,4.998,4.998,4.998,4.998,187
2022-03-19 13:58:22,10.5,13.2,513,0.0,0.0,0,0.0,0.0,0,495467.00,0.00,0.00,224,14.21,3.11,0.00,3.7,4.998,4.998,4.998,4.998,65
2022-03-19 13:59:22,11.0,15.2,510,0.0,0.0,0,0.0,0.0,0,495977.00,0.00,0.00,232,14.21,3.22,0.00,3.7,4.998,4.998,4.998,4.998,168
2022-03-19 14:00:22,11.6,15.4,567,0.0,0.0,0,0.0,0.0,0,496544.00,0.00,0.00,302,14.21,4.19,0.00,3.7,4.998,4.998,4.998,4.998,182
2022-03-19 14:01:22,8.5,12.0,564,0.0,0.0,0,0.0,0.0,0,497108.00,0.00,0.00,275,14.21,3.83,0.00,3.7,4.998,4.998,4.998,4.998,144
2022-03-19 14:02:22,9.5,17.1,636,0.0,0.0,0,0.0,0.0,0,497744.00,0.00,0.00,246,14.21,3.42,0.00,3.7,4.998,4.998,4.998,4.998,174
2022-03-19 14:03:22,5.4,9.6,384,0.0,0.0,0,0.0,0.0,0,498128.00,0.00,0.00,248,14.21,3.44,0.00,4.1,4.998,4.998,4.998,4.998,209
2022-03-19 14:04:22,6.3,7.8,332,0.0,0.0,0,0.0,0.0,0,498460.00,0.00,0.00,235,14.21,3.27,0.00,4.1,4.998,4.998,4.998,4.998,82
2022-03-19 14:05:22,8.5,12.2,490,0.0,0.0,0,0.0,0.0,0,498950.00,0.00,0.00,232,14.21,3.23,0.00,3.7,4.998,4.998,4.998,4.998,129
2022-03-19 14:06:22,7.0,15.0,606,0.0,0.0,0,0.0,0.0,0,499556.00,0.00,0.00,261,14.25,3.62,0.00,3.7,4.998,4.998,4.998,4.998,42
2022-03-19 14:07:22,6.2,12.4,451,0.0,0.0,0,0.0,0.0,0,500007.00,0.00,0.00,245,14.21,3.41,0.00,4.1,4.998,4.998,4.998,4.998,203
2022-03-19 14:08:22,10.1,13.5,530,0.0,0.0,0,0.0,0.0,0,500537.00,0.00,0.00,245,14.21,3.40,0.00,3.7,4.998,4.998,4.998,4.998,123
2022-03-19 14:09:22,4.2,13.9,530,0.0,0.0,0,0.0,0.0,0,501067.00,0.00,0.00,233,14.21,3.23,0.00,3.7,4.998,4.998,4.998,4.998,229
2022-03-19 14:10:22,4.2,11.6,486,0.0,0.0,0,0.0,0.0,0,501553.00,0.00,0.00,273,14.21,3.79,0.00,3.7,4.998,4.998,4.998,4.998,79
2022-03-19 14:11:22,6.4,8.0,340,0.0,0.0,0,0.0,0.0,0,501893.00,0.00,0.00,246,14.21,3.41,0.00,3.7,4.998,4.998,4.998,4.998,94
2022-03-19 14:12:22,5.3,8.5,335,0.0,0.0,0,0.0,0.0,0,502228.00,0.00,0.00,279,14.21,3.88,0.00,3.7,4.998,4.998,4.998,4.998,25
2022-03-19 14:13:22,6.1,10.8,312,0.0,0.0,0,0.0,0.0,0,502540.00,0.00,0.00,268,14.21,3.72,0.00,4.1,4.998,4.998,4.998,4.998,254
2022-03-19 14:14:22,10.6,13.0,587,0.0,0.0,0,0.0,0.0,0,503127.00,0.00,0.00,265,14.21,3.68,0.00,3.7,4.998,4.998,4.998,4.998,173
2022-03-19 14:15:22,9.9,18.0,662,0.0,0.0,0,0.0,0.0,0,503789.00,0.00,0.00,280,14.21,3.89,0.00,3.7,4.998,4.998,4.998,4.998,127
2022-03-19 14:16:22,10.6,13.0,618,0.0,0.0,0,0.0,0.0,0,504407.00,0.00,0.00,242,14.25,3.36,0.00,3.7,4.998,4.998,4.998,4.998,169
2022-03-19 14:17:22,7.0,15.0,609,0.0,0.0,0,0.0,0.0,0,505016.00,0.00,0.00,252,14.21,3.51,0.00,3.2,4.998,4.998,4.998,4.998,58
2022-03-19 14:18:22,12.7,14.1,442,0.0,0.0,0,0.0,0.0,0,505458.00,0.00,0.00,254,14.21,3.53,0.00,3.7,4.998,4.998,4.998,4.998,179
2022-03-19 14:19:22,12.0,15.4,721,0.0,0.0,0,0.0,0.0,0,506179.00,0.00,0.00,227,14.21,3.15,0.00,3.7,4.998,4.998,4.998,4.998,160
2022-03-19 14:20:22,5.5,12.5,451,0.0,0.0,0,0.0,0.0,0,506630.00,0.00,0.00,210,14.21,2.91,0.00,3.7,4.998,4.998,4.998,4.998,47
2022-03-19 14:21:22,11.0,11.7,471,0.0,0.0,0,0.0,0.0,0,507101.00,0.00,0.00,277,14.21,3.85,0.00,3.7,4.998,4.998,4.998,4.998,26
2022-03-19 14:22:22,6.3,12.6,502,0.0,0.0,0,0.0,0.0,0,507603.00,0.00,0.00,182,14.21,2.53,0.00,3.7,4.998,4.998,4.998,4.998,215
2022-03-19 14:23:22,5.6,11.1,429,0.0,0.0,0,0.0,0.0,0,508032.00,0.00,0.00,219,14.21,3.04,0.00,3.7,4.998,4.998,4.998,4.998,56
2022-03-19 14:24:22,7.6,15.0,601,0.0,0.0,0,0.0,0.0,0,508633.00,0.00,0.00,239,14.25,3.32,0.00,3.7,4.998,4.998,4.998,4.998,140
2022-03-19 14:25:22,8.8,9.6,421,0.0,0.0,0,0.0,0.0,0,509054.00,0.00,0.00,202,14.17,2.81,0.00,3.7,4.998,4.998,4.998,4.998,83
2022-03-19 14:26:22,12.2,14.6,659,0.0,0.0,0,0.0,0.0,0,509713.00,0.00,0.00,256,14.21,3.56,0.00,3.7,4.998,4.998,4.998,4.998,167
2022-03-19 14:27:22,10.1,18.5,696,0.0,0.0,0,0.0,0.0,0,510409.00,0.00,0.00,240,14.25,3.34,0.00,3.7,4.998,4.998,4.998,4.998,24
2022-03-19 14:28:22,7.9,16.4,574,0.0,0.0,0,0.0,0.0,0,510983.00,0.00,0.00,241,14.21,3.34,0.00,3.7,4.998,4.998,4.998,4.998,1
2022-03-19 14:29:22,7.2,13.4,595,0.0,0.0,0,0.0,0.0,0,511578.00,0.00,0.00,253,14.21,3.52,0.00,3.7,4.998,4.998,4.998,4.998,14
2022-03-19 14:30:22,10.4,10.9,484,0.0,0.0,0,0.0,0.0,0,512062.00,0.00,0.00,274,14.21,3.81,0.00,3.7,4.998,4.998,4.998,4.998,187
2022-03-19 14:31:22,7.9,15.4,708,0.0,0.0,0,0.0,0.0,0,512770.00,0.00,0.00,258,14.21,3.58,0.00,3.7,4.998,4.998,4.998,4.998,253
2022-03-19 14:32:22,9.6,12.9,532,0.0,0.0,0,0.0,0.0,0,513302.00,0.00,0.00,254,14.21,3.53,0.00,3.2,4.998,4.998,4.998,4.998,169
2022-03-19 14:33:22,5.1,9.5,376,0.0,0.0,0,0.0,0.0,0,513678.00,0.00,0.00,262,14.21,3.65,0.00,3.7,4.998,4.998,4.998,4.998,16
2022-03-19 14:34:22,6.5,11.5,474,0.0,0.0,0,0.0,0.0,0,514152.00,0.00,0.00,242,14.21,3.37,0.00,3.7,4.998,4.998,4.998,4.998,209
2022-03-19 14:35:22,4.1,6.5,309,0.0,0.0,0,0.0,0.0,0,514461.00,0.00,0.00,242,14.21,3.37,0.00,3.7,4.998,4.998,4.998,4.998,245
2022-03-19 14:36:22,7.4,12.6,416,0.0,0.0,0,0.0,0.0,0,514877.00,0.00,0.00,247,14.21,3.43,0.00,3.7,4.998,4.998,4.998,4.998,185
2022-03-19 14:37:22,4.5,8.6,319,0.0,0.0,0,0.0,0.0,0,515196.00,0.00,0.00,237,14.21,3.29,0.00,4.1,4.998,4.998,4.998,4.998,23
2022-03-19 14:38:22,5.3,6.6,288,0.0,0.0,0,0.0,0.0,0,515484.00,0.00,0.00,229,14.21,3.18,0.00,4.1,4.998,4.998,4.998,4.998,208
2022-03-19 14:39:22,5.0,7.4,339,0.0,0.0,0,0.0,0.0,0,515823.00,0.00,0.00,246,14.21,3.42,0.00,3.7,4.998,4.998,4.998,4.998,74
2022-03-19 14:40:22,6.2,6.2,233,0.0,0.0,0,0.0,0.0,0,516056.00,0.00,0.00,230,14.21,3.19,0.00,3.7,4.998,4.998,4.998,4.998,199
2022-03-19 14:41:22,9.0,10.0,398,0.0,0.0,0,0.0,0.0,0,516454.00,0.00,0.00,255,14.21,3.54,0.00,3.7,4.998,4.998,4.998,4.998,133
2022-03-19 14:42:22,7.3,14.0,553,0.0,0.0,0,0.0,0.0,0,517007.00,0.00,0.00,262,14.21,3.64,0.00,3.7,4.998,4.998,4.998,4.998,67
2022-03-19 14:43:22,6.1,16.3,411,0.0,0.0,0,0.0,0.0,0,517418.00,0.00,0.00,245,14.25,3.40,0.00,3.7,4.998,4.998,4.998,4.998,194
2022-03-19 14:44:22,12.6,18.2,684,0.0,0.0,0,0.0,0.0,0,518102.00,0.00,0.00,248,14.21,3.44,0.00,3.7,4.998,4.998,4.998,4.998,111
2022-03-19 14:45:22,10.7,12.8,612,0.0,0.0,0,0.0,0.0,0,518714.00,0.00,0.00,279,14.21,3.88,0.00,3.7,4.998,4.998,4.998,4.998,128
2022-03-19 14:46:22,11.3,14.7,631,0.0,0.0,0,0.0,0.0,0,519345.00,0.00,0.00,238,14.21,3.31,0.00,3.7,4.998,4.998,4.998,4.998,149
2022-03-19 14:47:22,12.4,17.8,766,0.0,0.0,0,0.0,0.0,0,520111.00,0.00,0.00,255,14.21,3.54,0.00,3.7,4.998,4.998,4.998,4.998,21
2022-03-19 14:48:22,9.5,13.3,567,0.0,0.0,0,0.0,0.0,0,520678.00,0.00,0.00,239,14.21,3.32,0.00,3.7,4.998,4.998,4.998,4.998,100
2022-03-19 14:49:22,12.7,12.9,469,0.0,0.0,0,0.0,0.0,0,521147.00,0.00,0.00,245,14.21,3.40,0.00,3.7,4.998,4.998,4.998,4.998,122
2022-03-19 14:50:22,7.2,13.6,655,0.0,0.0,0,0.0,0.0,0,521802.00,0.00,0.00,220,14.21,3.05,0.00,3.7,4.998,4.998,4.998,4.998,82
2022-03-19 14:51:22,13.2,13.2,516,0.0,0.0,0,0.0,0.0,0,522318.00,0.00,0.00,239,14.21,3.32,0.00,3.7,4.998,4.998,4.998,4.998,187
2022-03-19 14:52:22,5.6,13.9,526,0.0,0.0,0,0.0,0.0,0,522844.00,0.00,0.00,256,14.21,3.56,0.00,3.7,4.998,4.998,4.998,4.998,88
2022-03-19 14:53:22,5.9,6.5,305,0.0,0.0,0,0.0,0.0,0,523149.00,0.00,0.00,210,14.25,2.91,0.00,4.1,4.998,4.998,4.998,4.998,8
2022-03-19 14:54:22,4.1,8.1,247,0.0,0.0,0,0.0,0.0,0,523396.00,0.00,0.00,245,14.21,3.41,0.00,4.1,4.998,4.998,4.998,4.998,235
2022-03-19 14:55:22,14.0,14.9,574,0.0,0.0,0,0.0,0.0,0,523970.00,0.00,0.00,241,14.21,3.35,0.00,4.1,4.998,4.998,4.998,4.998,190
2022-03-19 14:56:22,5.5,14.1,599,0.0,0.0,0,0.0,0.0,0,524569.00,0.00,0.00,197,14.21,2.74,0.00,3.7,4.998,4.998,4.998,4.998,46
2022-03-19 14:57:22,6.3,14.3,528,0.0,0.0,0,0.0,0.0,0,525097.00,0.00,0.00,262,14.21,3.65,0.00,3.7,4.998,4.998,4.998,4.998,14
2022-03-19 14:58:22,8.3,12.7,467,0.0,0.0,0,0.0,0.0,0,525564.00,0.00,0.00,265,14.25,3.69,0.00,3.7,4.998,4.998,4.998,4.998,21
2022-03-19 14:59:22,5.4,10.7,438,0.0,0.0,0,0.0,0.0,0,526002.00,0.00,0.00,229,14.21,3.18,0.00,3.7,4.998,4.998,4.998,4.998,73
2022-03-19 15:00:22,6.7,11.8,487,0.0,0.0,0,0.0,0.0,0,526489.00,0.00,0.00,267,14.21,3.71,0.00,3.7,4.998,4.998,4.998,4.998,41
2022-03-19 15:01:22,6.8,10.5,413,0.0,0.0,0,0.0,0.0,0,526902.00,0.00,0.00,256,14.21,3.56,0.00,4.1,4.998,4.998,4.998,4.998,252
2022-03-19 15:02:22,6.5,11.1,496,0.0,0.0,0,0.0,0.0,0,527398.00,0.00,0.00,264,14.25,3.66,0.00,3.7,4.998,4.998,4.998,4.998,197
2022-03-19 15:03:22,8.3,11.6,437,0.0,0.0,0,0.0,0.0,0,527835.00,0.00,0.00,248,14.21,3.45,0.00,4.1,4.998,4.998,4.998,4.998,202
2022-03-19 15:04:22,8.5,10.3,501,0.0,0.0,0,0.0,0.0,0,528336.00,0.00,0.00,229,14.21,3.18,0.00,3.7,4.998,4.998,4.998,4.998,69
2022-03-19 15:05:22,4.7,11.6,461,0.0,0.0,0,0.0,0.0,0,528797.00,0.00,0.00,259,14.21,3.60,0.00,3.7,4.998,4.998,4.998,4.998,48
2022-03-19 15:06:22,4.7,9.2,382,0.0,0.0,0,0.0,0.0,0,529179.00,0.00,0.00,242,14.21,3.36,0.00,4.1,4.998,4.998,4.998,4.998,151
2022-03-19 15:07:22,6.2,10.3,484,0.0,0.0,0,0.0,0.0,0,529663.00,0.00,0.00,248,14.21,3.44,0.00,3.7,4.998,4.998,4.998,4.998,239
2022-03-19 15:08:22,3.9,8.1,331,0.0,0.0,0,0.0,0.0,0,529994.00,0.00,0.00,280,14.21,3.89,0.00,3.7,4.998,4.998,4.998,4.998,36
2022-03-19 15:09:22,9.8,11.2,446,0.0,0.0,0,0.0,0.0,0,530440.00,0.00,0.00,249,14.21,3.46,0.00,3.7,4.998,4.998,4.998,4.998,198
2022-03-19 15:10:22,11.0,13.3,605,0.0,0.0,0,0.0,0.0,0,531045.00,0.00,0.00,272,14.21,3.78,0.00,3.7,4.998,4.998,4.998,4.998,136
2022-03-19 15:11:22,6.4,12.0,499,0.0,0.0,0,0.0,0.0,0,531544.00,0.00,0.00,232,14.21,3.22,0.00,3.7,4.998,4.998,4.998,4.998,221
2022-03-19 15:12:22,4.3,9.6,395,0.0,0.0,0,0.0,0.0,0,531939.00,0.00,0.00,277,14.21,3.85,0.00,3.7,4.998,4.998,4.998,4.998,49
2022-03-19 15:13:22,5.1,8.5,335,0.0,0.0,0,0.0,0.0,0,532274.00,0.00,0.00,255,14.21,3.54,0.00,3.7,4.998,4.998,4.998,4.998,102
2022-03-19 15:14:22,4.4,9.4,367,0.0,0.0,0,0.0,0.0,0,532641.00,0.00,0.00,220,14.21,3.05,0.00,3.7,4.998,4.998,4.998,4.998,139
2022-03-19 15:15:22,8.0,10.5,442,0.0,0.0,0,0.0,0.0,0,533083.00,0.00,0.00,279,14.21,3.88,0.00,3.7,4.998,4.998,4.998,4.998,43
2022-03-19 15:16:22,5.6,8.7,378,0.0,0.0,0,0.0,0.0,0,533461.00,0.00,0.00,249,14.21,3.47,0.00,3.7,4.998,4.998,4.998,4.998,116
2022-03-19 15:17:22,8.0,9.2,441,0.0,0.0,0,0.0,0.0,0,533902.00,0.00,0.00,234,14.21,3.25,0.00,3.7,4.998,4.998,4.998,4.998,172
2022-03-19 15:18:22,14.7,15.0,672,0.0,0.0,0,0.0,0.0,0,534574.00,0.00,0.00,238,14.25,3.31,0.00,3.7,4.998,4.998,4.998,4.998,240
2022-03-19 15:19:22,2.8,16.5,511,0.0,0.0,0,0.0,0.0,0,535085.00,0.00,0.00,236,14.21,3.29,0.00,3.7,4.998,4.998,4.998,4.998,29
2022-03-19 15:20:22,6.8,12.5,490,0.0,0.0,0,0.0,0.0,0,535575.00,0.00,0.00,235,14.21,3.26,0.00,3.7,4.998,4.998,4.998,4.998,14
2022-03-19 15:21:22,8.3,13.1,519,0.0,0.0,0,0.0,0.0,0,536094.00,0.00,0.00,235,14.21,3.27,0.00,3.7,4.998,4.998,4.998,4.998,88
2022-03-19 15:22:22,5.3,12.0,447,0.0,0.0,0,0.0,0.0,0,536541.00,0.00,0.00,290,14.21,4.03,0.00,3.7,4.998,4.998,4.998,4.998,184
2022-03-19 15:23:22,11.3,12.7,493,0.0,0.0,0,0.0,0.0,0,537034.00,0.00,0.00,229,14.21,3.18,0.00,3.7,4.998,4.998,4.998,4.998,86
2022-03-19 15:24:22,5.4,12.2,535,0.0,0.0,0,0.0,0.0,0,537569.00,0.00,0.00,243,14.25,3.37,0.00,3.7,4.998,4.998,4.998,4.998,219
2022-03-19 15:25:22,8.5,8.6,355,0.0,0.0,0,0.0,0.0,0,537924.00,0.00,0.00,278,14.25,3.86,0.00,3.7,4.998,4.998,4.998,4.998,75
2022-03-19 15:26:22,14.5,14.5,536,0.0,0.0,0,0.0,0.0,0,538460.00,0.00,0.00,251,14.21,3.49,0.00,4.1,4.998,4.998,4.998,4.998,154
2022-03-19 15:27:22,7.9,14.8,623,0.0,0.0,0,0.0,0.0,0,539083.00,0.00,0.00,236,14.21,3.29,0.00,3.7,4.998,4.998,4.998,4.998,110
2022-03-19 15:28:22,6.7,12.3,495,0.0,0.0,0,0.0,0.0,0,539578.00,0.00,0.00,260,14.21,3.61,0.00,3.7,4.998,4.998,4.998,4.998,253
2022-03-19 15:29:22,6.0,10.7,413,0.0,0.0,0,0.0,0.0,0,539991.00,0.00,0.00,254,14.25,3.53,0.00,3.7,4.998,4.998,4.998,4.998,23
2022-03-19 15:30:22,4.0,11.2,395,0.0,0.0,0,0.0,0.0,0,540386.00,0.00,0.00,264,14.25,3.66,0.00,4.1,4.998,4.998,4.998,4.998,146
2022-03-19 15:31:22,6.0,10.3,411,0.0,0.0,0,0.0,0.0,0,540797.00,0.00,0.00,278,14.21,3.86,0.00,3.7,4.998,4.998,4.998,4.998,2
2022-03-19 15:32:22,5.8,10.9,482,0.0,0.0,0,0.0,0.0,0,541279.00,0.00,0.00,231,14.21,3.21,0.00,3.7,4.998,4.998,4.998,4.998,8
2022-03-19 15:33:22,6.7,8.2,334,0.0,0.0,0,0.0,0.0,0,541613.00,0.00,0.00,267,14.21,3.71,0.00,4.1,4.998,4.998,4.998,4.998,44
2022-03-19 15:34:22,3.3,8.5,427,0.0,0.0,0,0.0,0.0,0,542040.00,0.00,0.00,256,14.21,3.56,0.00,3.7,4.998,4.998,4.998,4.998,40
2022-03-19 15:35:22,4.5,8.1,348,0.0,0.0,0,0.0,0.0,0,542388.00,0.00,0.00,249,14.21,3.47,0.00,3.7,4.998,4.998,4.998,4.998,225
2022-03-19 15:36:22,2.7,5.5,227,0.0,0.0,0,0.0,0.0,0,542615.00,0.00,0.00,249,14.21,3.46,0.00,4.1,4.998,4.998,4.998,4.998,42
2022-03-19 15:37:22,4.6,7.0,238,0.0,0.0,0,0.0,0.0,0,542853.00,0.00,0.00,253,14.21,3.52,0.00,4.1,4.998,4.998,4.998,4.998,92
2022-03-19 15:38:22,5.8,10.4,392,0.0,0.0,0,0.0,0.0,0,543245.00,0.00,0.00,265,14.21,3.69,0.00,3.7,4.998,4.998,4.998,4.998,198
2022-03-19 15:39:22,6.8,7.7,376,0.0,0.0,0,0.0,0.0,0,543621.00,0.00,0.00,246,14.21,3.42,0.00,3.7,4.998,4.998,4.998,4.998,135
2022-03-19 15:40:22,11.3,12.2,332,0.0,0.0,0,0.0,0.0,0,543953.00,0.00,0.00,300,14.21,4.17,0.00,3.7,4.998,4.998,4.998,4.998,5
2022-03-19 15:41:22,5.0,12.9,402,0.0,0.0,0,0.0,0.0,0,544355.00,0.00,0.00,273,14.21,3.79,0.00,4.1,4.998,4.998,4.998,4.998,49
2022-03-19 15:42:22,3.7,8.0,309,0.0,0.0,0,0.0,0.0,0,544664.00,0.00,0.00,262,14.21,3.64,0.00,4.1,4.998,4.998,4.998,4.998,6
2022-03-19 15:43:22,8.8,9.5,298,0.0,0.0,0,0.0,0.0,0,544962.00,0.00,0.00,286,14.21,3.97,0.00,4.1,4.998,4.998,4.998,4.998,193
2022-03-19 15:44:22,7.8,10.5,418,0.0,0.0,0,0.0,0.0,0,545380.00,0.00,0.00,257,14.21,3.57,0.00,4.1,4.998,4.998,4.998,4.998,64
2022-03-19 15:45:22,4.7,8.3,339,0.0,0.0,0,0.0,0.0,0,545719.00,0.00,0.00,231,14.21,3.21,0.00,3.7,4.998,4.998,4.998,4.998,142
2022-03-19 15:46:22,7.4,8.5,375,0.0,0.0,0,0.0,0.0,0,546094.00,0.00,0.00,272,14.21,3.77,0.00,3.7,4.998,4.998,4.998,4.998,112
2022-03-19 15:47:22,6.3,9.6,470,0.0,0.0,0,0.0,0.0,0,546564.00,0.00,0.00,259,14.25,3.59,0.00,3.7,4.998,4.998,4.998,4.998,62
2022-03-19 15:48:22,4.1,7.5,345,0.0,0.0,0,0.0,0.0,0,546909.00,0.00,0.00,242,14.21,3.36,0.00,3.7,4.998,4.998,4.998,4.998,164
2022-03-19 15:49:22,3.1,5.5,197,0.0,0.0,0,0.0,0.0,0,547106.00,0.00,0.00,269,14.17,3.74,0.00,3.7,4.998,4.998,4.998,4.998,168
2022-03-19 15:50:22,3.3,5.8,229,0.0,0.0,0,0.0,0.0,0,547335.00,0.00,0.00,260,14.17,3.61,0.00,3.7,4.998,4.998,4.998,4.998,83
2022-03-19 15:51:22,4.9,5.9,239,0.0,0.0,0,0.0,0.0,0,547574.00,0.00,0.00,243,14.25,3.37,0.00,3.7,4.998,4.998,4.998,4.998,150
2022-03-19 15:52:22,7.1,10.5,367,0.0,0.0,0,0.0,0.0,0,547941.00,0.00,0.00,266,14.21,3.70,0.00,3.7,4.998,4.998,4.998,4.998,20
2022-03-19 15:53:22,6.7,10.5,394,0.0,0.0,0,0.0,0.0,0,548335.00,0.00,0.00,254,14.21,3.53,0.00,3.7,4.998,4.998,4.998,4.998,15
2022-03-19 15:54:22,9.3,9.3,416,0.0,0.0,0,0.0,0.0,0,548751.00,0.00,0.00,298,14.25,4.14,0.00,3.7,4.998,4.998,4.998,4.998,108
2022-03-19 15:55:22,6.8,10.4,429,0.0,0.0,0,0.0,0.0,0,549180.00,0.00,0.00,281,14.21,3.91,0.00,3.7,4.998,4.998,4.998,4.998,206
2022-03-19 15:56:22,7.2,8.9,408,0.0,0.0,0,0.0,0.0,0,549588.00,0.00,0.00,277,14.21,3.84,0.00,3.7,4.998,4.998,4.998,4.998,184
2022-03-19 15:57:22,7.9,8.3,282,0.0,0.0,0,0.0,0.0,0,549870.00,0.00,0.00,280,14.21,3.89,0.00,3.7,4.998,4.998,4.998,4.998,121
2022-03-19 15:58:22,6.0,10.5,380,0.0,0.0,0,0.0,0.0,0,550250.00,0.00,0.00,265,14.21,3.69,0.00,3.7,4.998,4.998,4.998,4.998,153
2022-03-19 15:59:22,4.0,6.4,285,0.0,0.0,0,0.0,0.0,0,550535.00,0.00,0.00,269,14.21,3.74,0.00,3.7,4.998,4.998,4.998,4.998,36
2022-03-19 16:00:22,5.1,8.0,357,0.0,0.0,0,0.0,0.0,0,550892.00,0.00,0.00,252,14.21,3.50,0.00,3.7,4.998,4.998,4.998,4.998,154
2022-03-19 16:01:22,4.0,6.0,268,0.0,0.0,0,0.0,0.0,0,551160.00,0.00,0.00,252,14.21,3.50,0.00,3.7,4.998,4.998,4.998,4.998,158
2022-03-19 16:02:22,7.3,8.5,292,0.0,0.0,0,0.0,0.0,0,551452.00,0.00,0.00,254,14.21,3.53,0.00,3.7,4.998,4.998,4.998,4.998,7
2022-03-19 16:03:22,7.3,8.3,362,0.0,0.0,0,0.0,0.0,0,551814.00,0.00,0.00,221,14.21,3.08,0.00,3.7,4.998,4.998,4.998,4.998,27
2022-03-19 16:04:22,6.2,8.5,349,0.0,0.0,0,0.0,0.0,0,552163.00,0.00,0.00,251,14.25,3.49,0.00,3.7,4.998,4.998,4.998,4.998,200
2022-03-19 16:05:22,3.6,7.0,307,0.0,0.0,0,0.0,0.0,0,552470.00,0.00,0.00,266,14.21,3.70,0.00,3.7,4.998,4.998,4.998,4.998,83
2022-03-19 16:06:22,3.2,8.6,325,0.0,0.0,0,0.0,0.0,0,552795.00,0.00,0.00,261,14.21,3.62,0.00,3.7,4.998,4.998,4.998,4.998,84
2022-03-19 16:07:22,2.6,7.2,262,0.0,0.0,0,0.0,0.0,0,553057.00,0.00,0.00,280,14.21,3.89,0.00,3.7,4.998,4.998,4.998,4.998,41
2022-03-19 16:08:22,8.4,8.9,278,0.0,0.0,0,0.0,0.0,0,553335.00,0.00,0.00,278,14.21,3.86,0.00,3.7,4.998,4.998,4.998,4.998,18
2022-03-19 16:09:22,7.6,10.8,466,0.0,0.0,0,0.0,0.0,0,553801.00,0.00,0.00,288,14.21,4.00,0.00,3.7,4.998,4.998,4.998,4.998,171
2022-03-19 16:10:22,4.8,7.7,239,0.0,0.0,0,0.0,0.0,0,554040.00,0.00,0.00,281,14.21,3.91,0.00,3.7,4.998,4.998,4.998,4.998,8
2022-03-19 16:11:22,6.8,6.9,256,0.0,0.0,0,0.0,0.0,0,554296.00,0.00,0.00,294,14.21,4.09,0.00,3.7,4.998,4.998,4.998,4.998,113
2022-03-19 16:12:22,3.9,10.9,405,0.0,0.0,0,0.0,0.0,0,554701.00,0.00,0.00,272,14.21,3.78,0.00,3.7,4.998,4.998,4.998,4.998,134
2022-03-19 16:13:22,3.5,6.9,266,0.0,0.0,0,0.0,0.0,0,554967.00,0.00,0.00,288,14.21,4.00,0.00,3.7,4.998,4.998,4.998,4.998,84
2022-03-19 16:14:22,3.2,5.9,269,0.0,0.0,0,0.0,0.0,0,555236.00,0.00,0.00,283,14.21,3.94,0.00,3.7,4.998,4.998,4.998,4.998,158
2022-03-19 16:15:22,3.6,5.0,195,0.0,0.0,0,0.0,0.0,0,555431.00,0.00,0.00,257,14.21,3.57,0.00,3.7,4.998,4.998,4.998,4.998,240
2022-03-19 16:16:22,4.8,10.0,362,0.0,0.0,0,0.0,0.0,0,555793.00,0.00,0.00,274,14.21,3.81,0.00,3.7,4.998,4.998,4.998,4.998,172
2022-03-19 16:17:22,5.1,5.6,235,0.0,0.0,0,0.0,0.0,0,556028.00,0.00,0.00,278,14.21,3.86,0.00,3.7,4.998,4.998,4.998,4.998,194
2022-03-19 16:18:22,3.4,5.6,209,0.0,0.0,0,0.0,0.0,0,556237.00,0.00,0.00,267,14.21,3.71,0.00,4.1,4.998,4.998,4.998,4.998,43
2022-03-19 16:19:22,3.3,7.4,255,0.0,0.0,0,0.0,0.0,0,556492.00,0.00,0.00,258,14.21,3.58,0.00,3.7,4.998,4.998,4.998,4.998,249
2022-03-19 16:20:22,7.0,7.7,310,0.0,0.0,0,0.0,0.0,0,556802.00,0.00,0.00,274,14.21,3.81,0.00,3.7,4.998,4.998,4.998,4.998,244
2022-03-19 16:21:22,4.7,7.7,303,0.0,0.0,0,0.0,0.0,0,557105.00,0.00,0.00,304,14.21,4.22,0.00,4.1,4.998,4.998,4.998,4.998,80
2022-03-19 16:22:22,8.9,13.0,471,0.0,0.0,0,0.0,0.0,0,557576.00,0.00,0.00,265,14.21,3.68,0.00,3.7,4.998,4.998,4.998,4.998,130
2022-03-19 16:23:22,6.3,10.6,426,0.0,0.0,0,0.0,0.0,0,558002.00,0.00,0.00,253,14.21,3.52,0.00,3.7,4.998,4.998,4.998,4.998,62
2022-03-19 16:24:22,6.3,11.4,463,0.0,0.0,0,0.0,0.0,0,558465.00,0.00,0.00,271,14.21,3.76,0.00,3.7,4.998,4.998,4.998,4.998,26
2022-03-19 16:25:22,2.1,10.1,360,0.0,0.0,0,0.0,0.0,0,558825.00,0.00,0.00,249,14.21,3.46,0.00,3.7,4.998,4.998,4.998,4.998,245
2022-03-19 16:26:22,6.2,9.9,296,0.0,0.0,0,0.0,0.0,0,559121.00,0.00,0.00,292,14.21,4.06,0.00,3.7,4.998,4.998,4.998,4.998,58
2022-03-19 16:27:22,3.6,10.5,357,0.0,0.0,0,0.0,0.0,0,559478.00,0.00,0.00,272,14.21,3.78,0.00,3.7,4.998,4.998,4.998,4.998,242
2022-03-19 16:28:22,2.5,6.6,231,0.0,0.0,0,0.0,0.0,0,559709.00,0.00,0.00,259,14.21,3.59,0.00,3.7,4.998,4.998,4.998,4.998,237
2022-03-19 16:29:22,6.5,7.0,251,0.0,0.0,0,0.0,0.0,0,559960.00,0.00,0.00,268,14.21,3.72,0.00,3.7,4.998,4.998,4.998,4.998,7
2022-03-19 16:30:22,7.9,9.1,396,0.0,0.0,0,0.0,0.0,0,560356.00,0.00,0.00,283,14.21,3.93,0.00,3.7,4.998,4.998,4.998,4.998,138
2022-03-19 16:31:22,4.8,9.3,379,0.0,0.0,0,0.0,0.0,0,560735.00,0.00,0.00,261,14.21,3.63,0.00,3.7,4.998,4.998,4.998,4.998,72
2022-03-19 16:32:22,8.9,10.0,359,0.0,0.0,0,0.0,0.0,0,561094.00,0.00,0.00,280,14.21,3.89,0.00,3.7,4.998,4.998,4.998,4.998,44
2022-03-19 16:33:22,4.0,8.9,341,0.0,0.0,0,0.0,0.0,0,561435.00,0.00,0.00,247,14.21,3.43,0.00,3.7,4.998,4.998,4.998,4.998,236
2022-03-19 16:34:22,3.9,5.3,216,0.0,0.0,0,0.0,0.0,0,561651.00,0.00,0.00,286,14.21,3.97,0.00,3.7,4.998,4.998,4.998,4.998,79
2022-03-19 16:35:22,7.1,8.0,348,0.0,0.0,0,0.0,0.0,0,561999.00,0.00,0.00,288,14.21,4.01,0.00,3.7,4.998,4.998,4.998,4.998,142
2022-03-19 16:36:22,5.2,8.9,338,0.0,0.0,0,0.0,0.0,0,562337.00,0.00,0.00,286,14.21,3.98,0.00,3.7,4.998,4.998,4.998,4.998,1
2022-03-19 16:37:22,3.8,7.3,309,0.0,0.0,0,0.0,0.0,0,562646.00,0.00,0.00,284,14.21,3.95,0.00,3.7,4.998,4.998,4.998,4.998,50
2022-03-19 16:38:22,5.7,7.7,241,0.0,0.0,0,0.0,0.0,0,562887.00,0.00,0.00,285,14.25,3.96,0.00,3.7,4.998,4.998,4.998,4.998,155
2022-03-19 16:39:22,5.4,9.0,381,0.0,0.0,0,0.0,0.0,0,563268.00,0.00,0.00,268,14.21,3.73,0.00,3.7,4.998,4.998,4.998,4.998,98
2022-03-19 16:40:22,4.1,5.3,214,0.0,0.0,0,0.0,0.0,0,563482.00,0.00,0.00,262,14.21,3.64,0.00,3.7,4.998,4.998,4.998,4.998,107
2022-03-19 16:41:22,4.6,6.3,277,0.0,0.0,0,0.0,0.0,0,563759.00,0.00,0.00,275,14.25,3.83,0.00,3.7,4.998,4.998,4.998,4.998,202
2022-03-19 16:42:22,5.1,7.4,277,0.0,0.0,0,0.0,0.0,0,564036.00,0.00,0.00,282,14.21,3.92,0.00,3.7,4.998,4.998,4.998,4.998,106
2022-03-19 16:43:22,5.5,5.5,174,0.0,0.0,0,0.0,0.0,0,564210.00,0.00,0.00,265,14.21,3.69,0.00,4.1,4.998,4.998,4.998,4.998,30
2022-03-19 16:44:22,5.9,7.1,273,0.0,0.0,0,0.0,0.0,0,564483.00,0.00,0.00,247,14.21,3.44,0.00,3.7,4.998,4.998,4.998,4.998,69
2022-03-19 16:45:22,3.2,7.1,308,0.0,0.0,0,0.0,0.0,0,564791.00,0.00,0.00,294,14.21,4.09,0.00,3.7,4.998,4.998,4.998,4.998,63
2022-03-19 16:46:22,3.1,8.7,288,0.0,0.0,0,0.0,0.0,0,565079.00,0.00,0.00,264,14.21,3.67,0.00,3.7,4.998,4.998,4.998,4.998,144
2022-03-19 16:47:22,3.5,5.1,212,0.0,0.0,0,0.0,0.0,0,565291.00,0.00,0.00,260,14.21,3.62,0.00,3.7,4.998,4.998,4.998,4.998,205
2022-03-19 16:48:22,6.2,11.1,374,0.0,0.0,0,0.0,0.0,0,565665.00,0.00,0.00,272,14.25,3.78,0.00,3.7,4.998,4.998,4.998,4.998,217
2022-03-19 16:49:22,6.7,8.7,373,0.0,0.0,0,0.0,0.0,0,566038.00,0.00,0.00,249,14.21,3.46,0.00,3.7,4.998,4.998,4.998,4.998,29
2022-03-19 16:50:22,5.5,10.0,354,0.0,0.0,0,0.0,0.0,0,566392.00,0.00,0.00,277,14.21,3.84,0.00,3.7,4.998,4.998,4.998,4.998,61
2022-03-19 16:51:22,5.5,7.1,309,0.0,0.0,0,0.0,0.0,0,566701.00,0.00,0.00,268,14.21,3.73,0.00,3.7,4.998,4.998,4.998,4.998,244
2022-03-19 16:52:22,4.5,6.6,290,0.0,0.0,0,0.0,0.0,0,566991.00,0.00,0.00,242,14.21,3.37,0.00,3.7,4.998,4.998,4.998,4.998,88
2022-03-19 16:53:22,4.9,11.4,377,0.0,0.0,0,0.0,0.0,0,567368.00,0.00,0.00,310,14.25,4.30,0.00,3.7,4.998,4.998,4.998,4.998,85
2022-03-19 16:54:22,3.2,6.8,285,0.0,0.0,0,0.0,0.0,0,567653.00,0.00,0.00,287,14.21,3.98,0.00,3.7,4.998,4.998,4.998,4.998,244
2022-03-19 16:55:22,4.4,6.4,235,0.0,0.0,0,0.0,0.0,0,567888.00,0.00,0.00,260,14.17,3.62,0.00,3.7,4.998,4.998,4.998,4.998,69
2022-03-19 16:56:22,3.3,5.0,228,0.0,0.0,0,0.0,0.0,0,568116.00,0.00,0.00,278,14.21,3.87,0.00,3.7,4.998,4.998,4.998,4.998,29
2022-03-19 16:57:22,3.9,4.9,171,0.0,0.0,0,0.0,0.0,0,568287.00,0.00,0.00,248,14.21,3.45,0.00,3.7,4.998,4.998,4.998,4.998,204
2022-03-19 16:58:22,4.4,7.6,293,0.0,0.0,0,0.0,0.0,0,568580.00,0.00,0.00,248,14.21,3.44,0.00,3.7,4.998,4.998,4.998,4.998,137
2022-03-19 16:59:22,3.1,4.8,223,0.0,0.0,0,0.0,0.0,0,568803.00,0.00,0.00,248,14.21,3.45,0.00,3.7,4.998,4.998,4.998,4.998,228
2022-03-19 17:00:22,3.3,3.8,141,0.0,0.0,0,0.0,0.0,0,568944.00,0.00,0.00,249,14.25,3.46,0.00,4.1,4.998,4.998,4.998,4.998,36
2022-03-19 17:01:22,6.3,7.4,244,0.0,0.0,0,0.0,0.0,0,569188.00,0.00,0.00,284,14.21,3.95,0.00,3.7,4.998,4.998,4.998,4.998,113
2022-03-19 17:02:22,6.5,9.3,404,0.0,0.0,0,0.0,0.0,0,569592.00,0.00,0.00,266,14.21,3.69,0.00,3.7,4.998,4.998,4.998,4.998,35
2022-03-19 17:03:22,6.0,7.4,304,0.0,0.0,0,0.0,0.0,0,569896.00,0.00,0.00,275,14.25,3.83,0.00,3.7,4.998,4.998,4.998,4.998,226
2022-03-19 17:04:22,3.8,6.2,260,0.0,0.0,0,0.0,0.0,0,570156.00,0.00,0.00,245,14.21,3.40,0.00,4.1,4.998,4.998,4.998,4.998,83
2022-03-19 17:05:22,5.0,7.2,325,0.0,0.0,0,0.0,0.0,0,570481.00,0.00,0.00,227,14.21,3.15,0.00,4.1,4.998,4.998,4.998,4.998,139
2022-03-19 17:06:22,4.3,9.5,314,0.0,0.0,0,0.0,0.0,0,570795.00,0.00,0.00,261,14.21,3.63,0.00,4.1,4.998,4.998,4.998,4.998,30
2022-03-19 17:07:22,5.6,6.6,265,0.0,0.0,0,0.0,0.0,0,571060.00,0.00,0.00,270,14.21,3.74,0.00,3.7,4.998,4.998,4.998,4.998,9
2022-03-19 17:08:22,7.7,11.3,464,0.0,0.0,0,0.0,0.0,0,571524.00,0.00,0.00,274,14.21,3.80,0.00,3.7,4.998,4.998,4.998,4.998,42
2022-03-19 17:09:22,5.2,7.4,318,0.0,0.0,0,0.0,0.0,0,571842.00,0.00,0.00,248,14.21,3.44,0.00,3.7,4.998,4.998,4.998,4.998,124
2022-03-19 17:10:22,9.3,10.1,360,0.0,0.0,0,0.0,0.0,0,572202.00,0.00,0.00,251,14.21,3.48,0.00,3.7,4.998,4.998,4.998,4.998,200
2022-03-19 17:11:22,4.6,11.1,400,0.0,0.0,0,0.0,0.0,0,572602.00,0.00,0.00,276,14.21,3.84,0.00,3.7,4.998,4.998,4.998,4.998,212
2022-03-19 17:12:22,5.0,8.1,319,0.0,0.0,0,0.0,0.0,0,572921.00,0.00,0.00,264,14.25,3.67,0.00,3.7,4.998,4.998,4.998,4.998,152
2022-03-19 17:13:22,11.1,11.1,246,0.0,0.0,0,0.0,0.0,0,573167.00,0.00,0.00,291,14.21,4.05,0.00,4.1,4.998,4.998,4.998,4.998,57
2022-03-19 17:14:22,7.2,12.0,543,0.0,0.0,0,0.0,0.0,0,573710.00,0.00,0.00,266,14.21,3.70,0.00,3.7,4.998,4.998,4.998,4.998,85
2022-03-19 17:15:22,7.0,7.6,298,0.0,0.0,0,0.0,0.0,0,574008.00,0.00,0.00,255,14.25,3.54,0.00,3.7,4.998,4.998,4.998,4.998,128
2022-03-19 17:16:22,6.5,13.2,525,0.0,0.0,0,0.0,0.0,0,574533.00,0.00,0.00,243,14.21,3.38,0.00,4.1,4.998,4.998,4.998,4.998,139
2022-03-19 17:17:22,7.9,12.0,415,0.0,0.0,0,0.0,0.0,0,574948.00,0.00,0.00,238,14.21,3.30,0.00,3.7,4.998,4.998,4.998,4.998,179
2022-03-19 17:18:22,4.7,9.2,399,0.0,0.0,0,0.0,0.0,0,575347.00,0.00,0.00,244,14.21,3.39,0.00,3.7,4.998,4.998,4.998,4.998,79
2022-03-19 17:19:22,3.4,8.3,330,0.0,0.0,0,0.0,0.0,0,575677.00,0.00,0.00,285,14.25,3.96,0.00,4.1,4.998,4.998,4.998,4.998,166
2022-03-19 17:20:22,10.0,10.6,410,0.0,0.0,0,0.0,0.0,0,576087.00,0.00,0.00,255,14.21,3.54,0.00,3.7,4.998,4.998,4.998,4.998,142
2022-03-19 17:21:22,5.2,12.1,407,0.0,0.0,0,0.0,0.0,0,576494.00,0.00,0.00,247,14.21,3.44,0.00,4.1,4.998,4.998,4.998,4.998,223
2022-03-19 17:22:22,3.5,7.0,306,0.0,0.0,0,0.0,0.0,0,576800.00,0.00,0.00,275,14.21,3.82,0.00,3.7,4.998,4.998,4.998,4.998,174
2022-03-19 17:23:22,5.4,6.1,266,0.0,0.0,0,0.0,0.0,0,577066.00,0.00,0.00,249,14.21,3.46,0.00,3.7,4.998,4.998,4.998,4.998,74
2022-03-19 17:24:22,4.5,8.7,327,0.0,0.0,0,0.0,0.0,0,577393.00,0.00,0.00,254,14.21,3.54,0.00,4.1,4.998,4.998,4.998,4.998,76
2022-03-19 17:25:22,6.2,8.3,311,0.0,0.0,0,0.0,0.0,0,577704.00,0.00,0.00,271,14.21,3.77,0.00,3.7,4.998,4.998,4.998,4.998,0
2022-03-19 17:26:22,6.8,8.4,405,0.0,0.0,0,0.0,0.0,0,578109.00,0.00,0.00,267,14.21,3.72,0.00,3.7,4.998,4.998,4.998,4.998,232
2022-03-19 17:27:22,5.6,8.8,430,0.0,0.0,0,0.0,0.0,0,578539.00,0.00,0.00,280,14.25,3.89,0.00,3.2,4.998,4.998,4.998,4.998,22
2022-03-19 17:28:22,6.5,8.5,395,0.0,0.0,0,0.0,0.0,0,578934.00,0.00,0.00,290,14.25,4.02,0.00,3.7,4.998,4.998,4.998,4.998,150
2022-03-19 17:29:22,6.5,9.4,437,0.0,0.0,0,0.0,0.0,0,579371.00,0.00,0.00,247,14.21,3.44,0.00,3.7,4.998,4.998,4.998,4.998,245
2022-03-19 17:30:22,4.8,7.6,306,0.0,0.0,0,0.0,0.0,0,579677.00,0.00,0.00,279,14.21,3.88,0.00,3.7,4.998,4.998,4.998,4.998,190
2022-03-19 17:31:22,3.4,6.2,234,0.0,0.0,0,0.0,0.0,0,579911.00,0.00,0.00,261,14.21,3.63,0.00,4.1,4.998,4.998,4.998,4.998,247
2022-03-19 17:32:22,5.6,7.2,302,0.0,0.0,0,0.0,0.0,0,580213.00,0.00,0.00,249,14.17,3.46,0.00,3.7,4.998,4.998,4.998,4.998,58
2022-03-19 17:33:22,9.0,10.5,438,0.0,0.0,0,0.0,0.0,0,580651.00,0.00,0.00,254,14.14,3.54,0.00,3.7,4.998,4.998,4.998,4.998,30
2022-03-19 17:34:22,9.1,13.8,594,0.0,0.0,0,0.0,0.0,0,581245.00,0.00,0.00,283,14.10,3.93,0.00,3.7,4.998,4.998,4.998,4.998,238
2022-03-19 17:35:22,6.2,10.4,462,0.0,0.0,0,0.0,0.0,0,581707.00,0.00,0.00,242,14.21,3.36,0.00,3.7,4.998,4.998,4.998,4.998,123
2022-03-19 17:36:22,4.5,9.5,353,0.0,0.0,0,0.0,0.0,0,582060.00,0.00,0.00,231,14.49,3.21,0.00,3.7,4.998,4.998,4.998,4.998,252
2022-03-19 17:37:22,5.2,10.5,412,0.0,0.0,0,0.0,0.0,0,582472.00,0.00,0.00,264,14.60,3.67,0.00,3.7,4.998,4.998,4.998,4.998,92
2022-03-19 17:38:22,4.8,7.5,316,0.0,0.0,0,0.0,0.0,0,582788.00,0.00,0.00,288,14.60,4.00,0.00,3.2,4.998,4.998,4.998,4.998,90
2022-03-19 17:39:22,3.0,5.9,242,0.0,0.0,0,0.0,0.0,0,583030.00,0.00,0.00,259,14.60,3.60,0.00,3.7,4.998,4.998,4.998,4.998,98
2022-03-19 17:40:22,7.2,7.2,246,0.0,0.0,0,0.0,0.0,0,583276.00,0.00,0.00,236,14.60,3.28,0.00,3.7,4.998,4.998,4.998,4.998,62
2022-03-19 17:41:22,3.8,7.2,280,0.0,0.0,0,0.0,0.0,0,583556.00,0.00,0.00,239,14.60,3.32,0.00,3.7,4.998,4.998,4.998,4.998,240
2022-03-19 17:42:22,4.9,7.6,220,0.0,0.0,0,0.0,0.0,0,583776.00,0.00,0.00,250,14.60,3.48,0.00,3.7,4.998,4.998,4.998,4.998,142
2022-03-19 17:43:22,5.2,6.5,300,0.0,0.0,0,0.0,0.0,0,584076.00,0.00,0.00,242,14.60,3.37,0.00,3.7,4.998,4.998,4.998,4.998,22
2022-03-19 17:44:22,5.1,8.2,390,0.0,0.0,0,0.0,0.0,0,584466.00,0.00,0.00,244,14.60,3.39,0.00,3.7,4.998,4.998,4.998,4.998,98
2022-03-19 17:45:22,7.0,7.4,351,0.0,0.0,0,0.0,0.0,0,584817.00,0.00,0.00,257,14.60,3.57,0.00,3.7,4.998,4.998,4.998,4.998,94
2022-03-19 17:46:22,3.2,8.3,300,0.0,0.0,0,0.0,0.0,0,585117.00,0.00,0.00,227,14.60,3.15,0.00,3.7,4.998,4.998,4.998,4.998,31
2022-03-19 17:47:22,4.6,6.7,281,0.0,0.0,0,0.0,0.0,0,585398.00,0.00,0.00,244,14.60,3.39,0.00,3.7,4.998,4.998,4.998,4.998,63
2022-03-19 17:48:22,5.8,6.3,222,0.0,0.0,0,0.0,0.0,0,585620.00,0.00,0.00,273,14.60,3.79,0.00,3.7,4.998,4.998,4.998,4.998,22
2022-03-19 17:49:22,4.4,7.2,298,0.0,0.0,0,0.0,0.0,0,585918.00,0.00,0.00,235,14.60,3.26,0.00,3.7,4.998,4.998,4.998,4.998,95
2022-03-19 17:50:22,2.1,5.0,204,0.0,0.0,0,0.0,0.0,0,586122.00,0.00,0.00,260,14.60,3.61,0.00,3.7,4.998,4.998,4.998,4.998,255
2022-03-19 17:51:22,3.5,4.2,164,0.0,0.0,0,0.0,0.0,0,586286.00,0.00,0.00,247,14.60,3.44,0.00,3.7,4.998,4.998,4.998,4.998,16
2022-03-19 17:52:22,4.5,6.1,232,0.0,0.0,0,0.0,0.0,0,586518.00,0.00,0.00,216,14.60,3.00,0.00,3.7,4.998,4.998,4.998,4.998,65
2022-03-19 17:53:22,5.2,8.4,307,0.0,0.0,0,0.0,0.0,0,586825.00,0.00,0.00,234,14.49,3.26,0.00,3.7,4.998,4.998,4.998,4.998,100
2022-03-19 17:54:22,3.0,7.5,292,0.0,0.0,0,0.0,0.0,0,587117.00,0.00,0.00,241,14.21,3.35,0.00,3.7,4.998,4.998,4.998,4.998,30
2022-03-19 17:55:22,3.7,5.4,224,0.0,0.0,0,0.0,0.0,0,587341.00,0.00,0.00,241,13.98,3.35,0.00,3.7,4.998,4.998,4.998,4.998,198
2022-03-19 17:56:22,3.7,7.9,316,0.0,0.0,0,0.0,0.0,0,587657.00,0.00,0.00,224,13.94,3.11,0.00,3.7,4.998,4.998,4.998,4.998,179
2022-03-19 17:57:22,4.2,5.0,217,0.0,0.0,0,0.0,0.0,0,587874.00,0.00,0.00,238,13.90,3.31,0.00,3.7,4.998,4.998,4.998,4.998,64
2022-03-19 17:58:22,2.5,4.6,164,0.0,0.0,0,0.0,0.0,0,588038.00,0.00,0.00,239,13.90,3.32,0.00,3.7,4.998,4.998,4.998,4.998,227
2022-03-19 17:59:22,2.7,3.2,137,0.0,0.0,0,0.0,0.0,0,588175.00,0.00,0.00,239,13.86,3.32,0.00,3.7,4.998,4.998,4.998,4.998,164
2022-03-19 18:00:22,2.5,3.0,97,0.0,0.0,0,0.0,0.0,0,588272.00,0.00,0.00,238,13.82,3.31,0.00,3.7,4.998,4.998,4.998,4.998,67
2022-03-19 18:01:22,3.2,5.3,209,0.0,0.0,0,0.0,0.0,0,588481.00,0.00,0.00,242,13.82,3.36,0.00,3.7,4.998,4.998,4.998,4.998,90
2022-03-19 18:02:22,1.8,7.6,274,0.0,0.0,0,0.0,0.0,0,588755.00,0.00,0.00,260,13.82,3.62,0.00,3.7,4.998,4.998,4.998,4.998,55
2022-03-19 18:03:22,3.3,4.1,152,0.0,0.0,0,0.0,0.0,0,588907.00,0.00,0.00,261,13.86,3.62,0.00,3.7,4.998,4.998,4.998,4.998,240
2022-03-19 18:04:22,3.7,4.0,159,0.0,0.0,0,0.0,0.0,0,589066.00,0.00,0.00,248,13.90,3.45,0.00,3.7,4.998,4.998,4.998,4.998,78
2022-03-19 18:05:22,3.3,4.4,176,0.0,0.0,0,0.0,0.0,0,589242.00,0.00,0.00,232,13.98,3.23,0.00,3.7,4.998,4.998,4.998,4.998,69
2022-03-19 18:06:22,4.6,6.3,259,0.0,0.0,0,0.0,0.0,0,589501.00,0.00,0.00,265,14.49,3.69,0.00,3.7,4.998,4.998,4.998,4.998,9
2022-03-19 18:07:22,3.6,5.6,196,0.0,0.0,0,0.0,0.0,0,589697.00,0.00,0.00,243,14.60,3.38,0.00,4.1,4.998,4.998,4.998,4.998,123
2022-03-19 18:08:22,3.4,4.6,209,0.0,0.0,0,0.0,0.0,0,589906.00,0.00,0.00,243,14.60,3.38,0.00,3.7,4.998,4.998,4.998,4.998,149
2022-03-19 18:09:22,2.4,4.0,133,0.0,0.0,0,0.0,0.0,0,590039.00,0.00,0.00,243,14.57,3.38,0.00,4.1,4.998,4.998,4.998,4.998,244
2022-03-19 18:10:22,2.4,3.4,106,0.0,0.0,0,0.0,0.0,0,590145.00,0.00,0.00,243,14.21,3.38,0.00,4.1,4.998,4.998,4.998,4.998,22
2022-03-19 18:11:22,1.7,3.2,124,0.0,0.0,0,0.0,0.0,0,590269.00,0.00,0.00,233,13.98,3.24,0.00,3.7,4.998,4.998,4.998,4.998,83
2022-03-19 18:12:22,3.5,5.6,120,0.0,0.0,0,0.0,0.0,0,590389.00,0.00,0.00,228,13.90,3.17,0.00,3.7,4.998,4.998,4.998,4.998,16
2022-03-19 18:13:22,3.1,4.0,182,0.0,0.0,0,0.0,0.0,0,590571.00,0.00,0.00,241,13.90,3.34,0.00,4.1,4.998,4.998,4.998,4.998,30
2022-03-19 18:14:22,3.2,5.4,236,0.0,0.0,0,0.0,0.0,0,590807.00,0.00,0.00,234,13.86,3.26,0.00,4.1,4.998,4.998,4.998,4.998,217
2022-03-19 18:15:22,4.4,6.1,243,0.0,0.0,0,0.0,0.0,0,591050.00,0.00,0.00,220,13.86,3.05,0.00,3.7,4.998,4.998,4.998,4.998,118
2022-03-19 18:16:22,5.0,7.0,304,0.0,0.0,0,0.0,0.0,0,591354.00,0.00,0.00,251,13.82,3.49,0.00,4.1,4.998,4.998,4.998,4.998,6
2022-03-19 18:17:22,3.7,5.8,247,0.0,0.0,0,0.0,0.0,0,591601.00,0.00,0.00,242,13.82,3.37,0.00,4.1,4.998,4.998,4.998,4.998,161
2022-03-19 18:18:22,3.7,6.1,230,0.0,0.0,0,0.0,0.0,0,591831.00,0.00,0.00,257,13.78,3.57,0.00,3.7,4.998,4.998,4.998,4.998,34
2022-03-19 18:19:22,3.8,6.5,265,0.0,0.0,0,0.0,0.0,0,592096.00,0.00,0.00,264,13.78,3.66,0.00,4.1,4.998,4.998,4.998,4.998,222
2022-03-19 18:20:22,5.3,6.3,270,0.0,0.0,0,0.0,0.0,0,592366.00,0.00,0.00,233,13.74,3.24,0.00,3.7,4.998,4.998,4.998,4.998,153
2022-03-19 18:21:22,1.5,6.1,207,0.0,0.0,0,0.0,0.0,0,592573.00,0.00,0.00,233,13.74,3.24,0.00,3.7,4.998,4.998,4.998,4.998,17
2022-03-19 18:22:22,2.4,3.8,127,0.0,0.0,0,0.0,0.0,0,592700.00,0.00,0.00,233,13.74,3.24,0.00,4.1,4.998,4.998,4.998,4.998,140
2022-03-19 18:23:22,2.2,3.0,102,0.0,0.0,0,0.0,0.0,0,592802.00,0.00,0.00,234,13.71,3.25,0.00,3.7,4.998,4.998,4.998,4.998,153
2022-03-19 18:24:22,5.0,5.3,190,0.0,0.0,0,0.0,0.0,0,592992.00,0.00,0.00,234,13.67,3.25,0.00,3.7,4.998,4.998,4.998,4.998,23
2022-03-19 18:25:22,4.7,5.8,270,0.0,0.0,0,0.0,0.0,0,593262.00,0.00,0.00,239,13.67,3.32,0.00,3.7,4.998,4.998,4.998,4.998,243
2022-03-19 18:26:22,4.2,7.1,312,0.0,0.0,0,0.0,0.0,0,593574.00,0.00,0.00,217,13.63,3.01,0.00,3.7,4.998,4.998,4.998,4.998,48
2022-03-19 18:27:22,3.0,4.1,175,0.0,0.0,0,0.0,0.0,0,593749.00,0.00,0.00,218,13.59,3.03,0.00,3.7,4.998,4.998,4.998,4.998,123
2022-03-19 18:28:22,3.4,6.0,247,0.0,0.0,0,0.0,0.0,0,593996.00,0.00,0.00,247,13.59,3.44,0.00,3.7,4.998,4.998,4.998,4.998,68
2022-03-19 18:29:22,0.0,3.6,110,0.0,0.0,0,0.0,0.0,0,594106.00,0.00,0.00,247,13.59,3.44,0.00,3.7,4.998,4.998,4.998,4.998,203
2022-03-19 18:30:22,4.2,4.2,92,0.0,0.0,0,0.0,0.0,0,594198.00,0.00,0.00,240,13.55,3.33,0.00,3.7,4.998,4.998,4.998,4.998,100
2022-03-19 18:31:22,1.6,4.9,186,0.0,0.0,0,0.0,0.0,0,594384.00,0.00,0.00,231,13.55,3.21,0.00,3.7,4.998,4.998,4.998,4.998,152
2022-03-19 18:32:22,0.0,3.1,69,0.0,0.0,0,0.0,0.0,0,594453.00,0.00,0.00,231,13.55,3.21,0.00,3.7,4.998,4.998,4.998,4.998,162
2022-03-19 18:33:22,4.4,5.6,117,0.0,0.0,0,0.0,0.0,0,594570.00,0.00,0.00,222,13.51,3.09,0.00,3.7,4.998,4.998,4.998,4.998,160
2022-03-19 18:34:22,2.5,4.8,177,0.0,0.0,0,0.0,0.0,0,594747.00,0.00,0.00,262,13.51,3.65,0.00,4.1,4.998,4.998,4.998,4.998,9
2022-03-19 18:35:22,3.8,4.6,179,0.0,0.0,0,0.0,0.0,0,594926.00,0.00,0.00,240,13.51,3.34,0.00,3.7,4.998,4.998,4.998,4.998,230
2022-03-19 18:36:22,3.0,4.9,217,0.0,0.0,0,0.0,0.0,0,595143.00,0.00,0.00,264,13.47,3.67,0.00,3.7,4.998,4.998,4.998,4.998,33
2022-03-19 18:37:22,3.1,4.6,194,0.0,0.0,0,0.0,0.0,0,595337.00,0.00,0.00,264,13.43,3.67,0.00,3.7,4.998,4.998,4.998,4.998,145
2022-03-19 18:38:22,3.1,5.5,189,0.0,0.0,0,0.0,0.0,0,595526.00,0.00,0.00,233,13.43,3.24,0.00,3.7,4.998,4.998,4.998,4.998,132
2022-03-19 18:39:22,2.2,4.0,150,0.0,0.0,0,0.0,0.0,0,595676.00,0.00,0.00,233,13.43,3.24,0.00,3.7,4.998,4.998,4.998,4.998,250
2022-03-19 18:40:22,2.5,3.6,146,0.0,0.0,0,0.0,0.0,0,595822.00,0.00,0.00,233,13.39,3.24,0.00,3.7,4.998,4.998,4.998,4.998,22
2022-03-19 18:41:22,2.9,4.4,161,0.0,0.0,0,0.0,0.0,0,595983.00,0.00,0.00,233,13.39,3.24,0.00,3.7,4.998,4.998,4.998,4.998,48
2022-03-19 18:42:22,4.5,4.8,160,0.0,0.0,0,0.0,0.0,0,596143.00,0.00,0.00,235,13.39,3.27,0.00,3.7,4.998,4.998,4.998,4.998,215
2022-03-19 18:43:22,5.3,7.0,221,0.0,0.0,0,0.0,0.0,0,596364.00,0.00,0.00,259,13.35,3.60,0.00,3.7,4.998,4.998,4.998,4.998,95
2022-03-19 18:44:22,1.5,5.0,154,0.0,0.0,0,0.0,0.0,0,596518.00,0.00,0.00,259,13.32,3.60,0.00,3.7,4.998,4.998,4.998,4.998,144
2022-03-19 18:45:22,1.4,3.1,74,0.0,0.0,0,0.0,0.0,0,596592.00,0.00,0.00,259,13.32,3.60,0.00,3.7,4.998,4.998,4.998,4.998,219
2022-03-19 18:46:22,2.7,4.0,96,0.0,0.0,0,0.0,0.0,0,596688.00,0.00,0.00,259,13.32,3.60,0.00,3.7,4.998,4.998,4.998,4.998,234
2022-03-19 18:47:22,2.9,5.0,147,0.0,0.0,0,0.0,0.0,0,596835.00,0.00,0.00,234,13.28,3.26,0.00,3.7,4.998,4.998,4.998,4.998,155
2022-03-19 18:48:22,3.2,3.7,134,0.0,0.0,0,0.0,0.0,0,596969.00,0.00,0.00,234,13.24,3.26,0.00,3.7,4.998,4.998,4.998,4.998,57
2022-03-19 18:49:22,3.5,4.0,167,0.0,0.0,0,0.0,0.0,0,597136.00,0.00,0.00,234,13.24,3.26,0.00,3.7,4.998,4.998,4.998,4.998,210
2022-03-19 18:50:22,3.7,5.3,196,0.0,0.0,0,0.0,0.0,0,597332.00,0.00,0.00,229,13.20,3.18,0.00,3.7,4.998,4.998,4.998,4.998,27
2022-03-19 18:51:22,2.7,4.2,193,0.0,0.0,0,0.0,0.0,0,597525.00,0.00,0.00,226,13.20,3.14,0.00,3.7,4.998,4.998,4.998,4.998,126
2022-03-19 18:52:22,3.2,5.2,220,0.0,0.0,0,0.0,0.0,0,597745.00,0.00,0.00,226,13.20,3.14,0.00,3.7,4.998,4.998,4.998,4.998,27
2022-03-19 18:53:22,3.5,5.3,185,0.0,0.0,0,0.0,0.0,0,597930.00,0.00,0.00,220,13.20,3.06,0.00,3.7,4.998,4.998,4.998,4.998,181
2022-03-19 18:54:22,3.8,6.9,260,0.0,0.0,0,0.0,0.0,0,598190.00,0.00,0.00,213,13.16,2.96,0.00,3.7,4.998,4.998,4.998,4.998,215
2022-03-19 18:55:22,3.2,4.4,195,0.0,0.0,0,0.0,0.0,0,598385.00,0.00,0.00,237,13.16,3.29,0.00,3.7,4.998,4.998,4.998,4.998,25
2022-03-19 18:56:22,3.4,3.8,142,0.0,0.0,0,0.0,0.0,0,598527.00,0.00,0.00,237,13.16,3.29,0.00,3.7,4.998,4.998,4.998,4.998,173
2022-03-19 18:57:22,3.9,7.4,283,0.0,0.0,0,0.0,0.0,0,598810.00,0.00,0.00,256,13.12,3.55,0.00,3.7,4.998,4.998,4.998,4.998,29
2022-03-19 18:58:22,1.4,4.7,178,0.0,0.0,0,0.0,0.0,0,598988.00,0.00,0.00,250,13.12,3.48,0.00,3.7,4.998,4.998,4.998,4.998,122
2022-03-19 18:59:22,3.2,3.7,147,0.0,0.0,0,0.0,0.0,0,599135.00,0.00,0.00,244,13.12,3.39,0.00,3.7,4.998,4.998,4.998,4.998,125
2022-03-19 19:00:22,2.3,5.2,201,0.0,0.0,0,0.0,0.0,0,599336.00,0.00,0.00,261,13.08,3.63,0.00,3.7,4.998,4.998,4.998,4.998,118
2022-03-19 19:01:22,3.9,4.8,165,0.0,0.0,0,0.0,0.0,0,599501.00,0.00,0.00,241,13.08,3.34,0.00,3.7,4.998,4.998,4.998,4.998,54
2022-03-19 19:02:22,2.9,4.2,169,0.0,0.0,0,0.0,0.0,0,599670.00,0.00,0.00,241,13.08,3.34,0.00,3.7,4.998,4.998,4.998,4.998,84
2022-03-19 19:03:22,3.4,5.6,198,0.0,0.0,0,0.0,0.0,0,599868.00,0.00,0.00,235,13.08,3.26,0.00,3.7,4.998,4.998,4.998,4.998,154
2022-03-19 19:04:22,1.8,3.7,116,0.0,0.0,0,0.0,0.0,0,599984.00,0.00,0.00,235,13.08,3.26,0.00,3.7,4.998,4.998,4.998,4.998,230
2022-03-19 19:05:22,3.1,5.7,194,0.0,0.0,0,0.0,0.0,0,600178.00,0.00,0.00,222,13.08,3.09,0.00,3.7,4.998,4.998,4.998,4.998,94
2022-03-19 19:06:22,2.2,3.4,120,0.0,0.0,0,0.0,0.0,0,600298.00,0.00,0.00,224,13.04,3.11,0.00,3.7,4.998,4.998,4.998,4.998,241
2022-03-19 19:07:22,3.3,3.8,159,0.0,0.0,0,0.0,0.0,0,600457.00,0.00,0.00,224,13.04,3.11,0.00,3.7,4.998,4.998,4.998,4.998,35
2022-03-19 19:08:22,2.0,5.7,205,0.0,0.0,0,0.0,0.0,0,600662.00,0.00,0.00,242,13.04,3.37,0.00,3.2,4.998,4.998,4.998,4.998,136
2022-03-19 19:09:22,5.5,9.1,286,0.0,0.0,0,0.0,0.0,0,600948.00,0.00,0.00,225,13.04,3.13,0.00,3.7,4.998,4.998,4.998,4.998,214
2022-03-19 19:10:22,4.1,7.6,276,0.0,0.0,0,0.0,0.0,0,601224.00,0.00,0.00,244,13.04,3.39,0.00,3.7,4.998,4.998,4.998,4.998,189
2022-03-19 19:11:22,4.2,7.4,339,0.0,0.0,0,0.0,0.0,0,601563.00,0.00,0.00,239,13.04,3.32,0.00,3.7,4.998,4.998,4.998,4.998,225
2022-03-19 19:12:22,3.6,5.4,183,0.0,0.0,0,0.0,0.0,0,601746.00,0.00,0.00,251,13.04,3.49,0.00,3.7,4.998,4.998,4.998,4.998,36
2022-03-19 19:13:22,4.9,5.2,203,0.0,0.0,0,0.0,0.0,0,601949.00,0.00,0.00,255,13.00,3.55,0.00,3.7,4.998,4.998,4.998,4.998,124
2022-03-19 19:14:22,6.0,6.5,258,0.0,0.0,0,0.0,0.0,0,602207.00,0.00,0.00,247,13.00,3.44,0.00,3.7,4.998,4.998,4.998,4.998,57
2022-03-19 19:15:22,4.0,7.1,300,0.0,0.0,0,0.0,0.0,0,602507.00,0.00,0.00,252,13.04,3.50,0.00,3.7,4.998,4.998,4.998,4.998,121
2022-03-19 19:16:22,2.3,6.6,225,0.0,0.0,0,0.0,0.0,0,602732.00,0.00,0.00,216,13.04,3.00,0.00,3.7,4.998,4.998,4.998,4.998,190
2022-03-19 19:17:22,3.0,4.3,158,0.0,0.0,0,0.0,0.0,0,602890.00,0.00,0.00,216,13.00,3.00,0.00,3.7,4.998,4.998,4.998,4.998,164
2022-03-19 19:18:22,2.9,5.7,222,0.0,0.0,0,0.0,0.0,0,603112.00,0.00,0.00,209,13.00,2.91,0.00,3.7,4.998,4.998,4.998,4.998,181
2022-03-19 19:19:22,5.7,5.9,224,0.0,0.0,0,0.0,0.0,0,603336.00,0.00,0.00,260,13.00,3.62,0.00,3.7,4.998,4.998,4.998,4.998,213
2022-03-19 19:20:22,3.8,7.3,312,0.0,0.0,0,0.0,0.0,0,603648.00,0.00,0.00,243,13.00,3.38,0.00,3.7,4.998,4.998,4.998,4.998,153
2022-03-19 19:21:22,4.4,5.2,227,0.0,0.0,0,0.0,0.0,0,603875.00,0.00,0.00,237,13.00,3.29,0.00,3.7,4.998,4.998,4.998,4.998,138
2022-03-19 19:22:22,4.6,6.3,289,0.0,0.0,0,0.0,0.0,0,604164.00,0.00,0.00,221,13.00,3.08,0.00,3.7,4.998,4.998,4.998,4.998,125
2022-03-19 19:23:22,3.3,6.6,261,0.0,0.0,0,0.0,0.0,0,604425.00,0.00,0.00,253,13.00,3.52,0.00,3.7,4.998,4.998,4.998,4.998,184
2022-03-19 19:24:22,4.3,7.1,281,0.0,0.0,0,0.0,0.0,0,604706.00,0.00,0.00,239,13.00,3.32,0.00,3.7,4.998,4.998,4.998,4.998,0
2022-03-19 19:25:22,2.1,7.1,215,0.0,0.0,0,0.0,0.0,0,604921.00,0.00,0.00,258,13.00,3.58,0.00,3.7,4.998,4.998,4.998,4.998,196
2022-03-19 19:26:22,5.6,7.5,205,0.0,0.0,0,0.0,0.0,0,605126.00,0.00,0.00,250,13.00,3.48,0.00,3.7,4.998,4.998,4.998,4.998,255
2022-03-19 19:27:22,5.2,8.0,329,0.0,0.0,0,0.0,0.0,0,605455.00,0.00,0.00,246,13.00,3.42,0.00,3.7,4.998,4.998,4.998,4.998,113
2022-03-19 19:28:22,5.6,9.1,413,0.0,0.0,0,0.0,0.0,0,605868.00,0.00,0.00,228,13.00,3.17,0.00,3.7,4.998,4.998,4.998,4.998,144
2022-03-19 19:29:22,3.9,5.7,222,0.0,0.0,0,0.0,0.0,0,606090.00,0.00,0.00,245,13.00,3.41,0.00,3.7,4.998,4.998,4.998,4.998,196
2022-03-19 19:30:22,6.4,7.0,211,0.0,0.0,0,0.0,0.0,0,606301.00,0.00,0.00,223,13.00,3.10,0.00,3.7,4.998,4.998,4.998,4.998,146
2022-03-19 19:31:22,5.8,8.6,405,0.0,0.0,0,0.0,0.0,0,606706.00,0.00,0.00,269,13.00,3.74,0.00,3.7,4.998,4.998,4.998,4.998,226
2022-03-19 19:32:22,2.9,6.9,280,0.0,0.0,0,0.0,0.0,0,606986.00,0.00,0.00,229,13.00,3.18,0.00,3.7,4.998,4.998,4.998,4.998,155
2022-03-19 19:33:22,6.5,7.6,259,0.0,0.0,0,0.0,0.0,0,607245.00,0.00,0.00,225,13.00,3.12,0.00,3.7,4.998,4.998,4.998,4.998,42
2022-03-19 19:34:22,7.0,12.0,445,0.0,0.0,0,0.0,0.0,0,607690.00,0.00,0.00,227,13.00,3.15,0.00,3.7,4.998,4.998,4.998,4.998,107
2022-03-19 19:35:22,5.6,7.9,292,0.0,0.0,0,0.0,0.0,0,607982.00,0.00,0.00,239,13.00,3.33,0.00,3.7,4.998,4.998,4.998,4.998,236
2022-03-19 19:36:22,4.2,7.9,316,0.0,0.0,0,0.0,0.0,0,608298.00,0.00,0.00,260,13.00,3.61,0.00,3.7,4.998,4.998,4.998,4.998,117
2022-03-19 19:37:22,5.6,9.0,349,0.0,0.0,0,0.0,0.0,0,608647.00,0.00,0.00,255,13.00,3.54,0.00,3.7,4.998,4.998,4.998,4.998,164
2022-03-19 19:38:22,6.1,9.2,383,0.0,0.0,0,0.0,0.0,0,609030.00,0.00,0.00,230,13.00,3.19,0.00,3.7,4.998,4.998,4.998,4.998,160
2022-03-19 19:39:22,7.2,10.1,453,0.0,0.0,0,0.0,0.0,0,609483.00,0.00,0.00,261,13.00,3.62,0.00,3.7,4.998,4.998,4.998,4.998,78
2022-03-19 19:40:22,5.5,8.2,331,0.0,0.0,0,0.0,0.0,0,609814.00,0.00,0.00,216,13.00,3.00,0.00,3.7,4.998,4.998,4.998,4.998,124
2022-03-19 19:41:22,4.2,7.2,325,0.0,0.0,0,0.0,0.0,0,610139.00,0.00,0.00,233,13.00,3.23,0.00,3.7,4.998,4.998,4.998,4.998,26
2022-03-19 19:42:22,3.3,4.7,202,0.0,0.0,0,0.0,0.0,0,610341.00,0.00,0.00,233,13.00,3.23,0.00,3.7,4.998,4.998,4.998,4.998,143
2022-03-19 19:43:22,5.4,7.5,273,0.0,0.0,0,0.0,0.0,0,610614.00,0.00,0.00,235,13.00,3.27,0.00,3.7,4.998,4.998,4.998,4.998,229
2022-03-19 19:44:22,5.7,8.5,360,0.0,0.0,0,0.0,0.0,0,610974.00,0.00,0.00,264,13.00,3.67,0.00,3.7,4.998,4.998,4.998,4.998,240
2022-03-19 19:45:22,5.3,8.0,314,0.0,0.0,0,0.0,0.0,0,611288.00,0.00,0.00,230,12.96,3.19,0.00,3.7,4.998,4.998,4.998,4.998,165
2022-03-19 19:46:22,4.6,6.8,281,0.0,0.0,0,0.0,0.0,0,611569.00,0.00,0.00,238,13.00,3.31,0.00,3.7,4.998,4.998,4.998,4.998,182
2022-03-19 19:47:22,5.4,6.3,294,0.0,0.0,0,0.0,0.0,0,611863.00,0.00,0.00,245,13.00,3.40,0.00,3.7,4.998,4.998,4.998,4.998,205
2022-03-19 19:48:22,4.1,7.1,291,0.0,0.0,0,0.0,0.0,0,612154.00,0.00,0.00,233,13.00,3.24,0.00,3.7,4.998,4.998,4.998,4.998,52
2022-03-19 19:49:22,5.8,7.9,315,0.0,0.0,0,0.0,0.0,0,612469.00,0.00,0.00,258,13.00,3.59,0.00,3.2,4.998,4.998,4.998,4.998,205
2022-03-19 19:50:22,4.7,6.7,255,0.0,0.0,0,0.0,0.0,0,612724.00,0.00,0.00,228,13.00,3.17,0.00,3.7,4.998,4.998,4.998,4.998,18
2022-03-19 19:51:22,3.3,4.6,153,0.0,0.0,0,0.0,0.0,0,612877.00,0.00,0.00,229,13.00,3.18,0.00,3.7,4.998,4.998,4.998,4.998,172
2022-03-19 19:52:22,4.5,6.6,262,0.0,0.0,0,0.0,0.0,0,613139.00,0.00,0.00,242,13.00,3.36,0.00,3.2,4.998,4.998,4.998,4.998,88
2022-03-19 19:53:22,3.5,5.5,212,0.0,0.0,0,0.0,0.0,0,613351.00,0.00,0.00,251,13.00,3.49,0.00,3.2,4.998,4.998,4.998,4.998,6
2022-03-19 19:54:22,3.1,4.6,169,0.0,0.0,0,0.0,0.0,0,613520.00,0.00,0.00,211,12.96,2.93,0.00,3.2,4.998,4.998,4.998,4.998,230
2022-03-19 19:55:22,3.4,6.8,263,0.0,0.0,0,0.0,0.0,0,613783.00,0.00,0.00,254,13.00,3.54,0.00,3.2,4.998,4.998,4.998,4.998,191
2022-03-19 19:56:22,3.8,4.5,209,0.0,0.0,0,0.0,0.0,0,613992.00,0.00,0.00,254,13.00,3.53,0.00,3.2,4.998,4.998,4.998,4.998,242
2022-03-19 19:57:22,3.0,5.7,247,0.0,0.0,0,0.0,0.0,0,614239.00,0.00,0.00,225,13.00,3.12,0.00,3.7,4.998,4.998,4.998,4.998,5
2022-03-19 19:58:22,3.8,5.3,209,0.0,0.0,0,0.0,0.0,0,614448.00,0.00,0.00,224,12.96,3.12,0.00,3.2,4.998,4.998,4.998,4.998,10
2022-03-19 19:59:22,4.1,5.6,203,0.0,0.0,0,0.0,0.0,0,614651.00,0.00,0.00,217,12.96,3.01,0.00,3.2,4.998,4.998,4.998,4.998,76
2022-03-19 20:00:22,2.8,5.1,194,0.0,0.0,0,0.0,0.0,0,614845.00,0.00,0.00,213,12.96,2.95,0.00,3.2,4.998,4.998,4.998,4.998,115
2022-03-19 20:01:22,3.7,5.1,147,0.0,0.0,0,0.0,0.0,0,614992.00,0.00,0.00,242,13.00,3.36,0.00,3.2,4.998,4.998,4.998,4.998,180
2022-03-19 20:02:22,3.8,6.3,241,0.0,0.0,0,0.0,0.0,0,615233.00,0.00,0.00,229,12.96,3.18,0.00,3.2,4.998,4.998,4.998,4.998,156
2022-03-19 20:03:22,3.3,4.7,209,0.0,0.0,0,0.0,0.0,0,615442.00,0.00,0.00,232,13.00,3.23,0.00,2.7,4.998,4.998,4.998,4.998,100
2022-03-19 20:04:22,3.3,4.6,199,0.0,0.0,0,0.0,0.0,0,615641.00,0.00,0.00,231,12.96,3.21,0.00,2.7,4.998,4.998,4.998,4.998,232
2022-03-19 20:05:22,5.3,5.7,215,0.0,0.0,0,0.0,0.0,0,615856.00,0.00,0.00,232,12.96,3.22,0.00,2.7,4.998,4.998,4.998,4.998,134
2022-03-19 20:06:22,2.5,5.5,178,0.0,0.0,0,0.0,0.0,0,616034.00,0.00,0.00,228,13.00,3.17,0.00,2.7,4.998,4.998,4.998,4.998,10
2022-03-19 20:07:22,3.3,3.8,140,0.0,0.0,0,0.0,0.0,0,616174.00,0.00,0.00,228,13.00,3.17,0.00,2.7,4.998,4.998,4.998,4.998,210
2022-03-19 20:08:22,3.2,4.7,187,0.0,0.0,0,0.0,0.0,0,616361.00,0.00,0.00,231,13.00,3.21,0.00,2.7,4.998,4.998,4.998,4.998,111
2022-03-19 20:09:22,3.8,7.5,252,0.0,0.0,0,0.0,0.0,0,616613.00,0.00,0.00,237,13.00,3.30,0.00,3.2,4.998,4.998,4.998,4.998,183
2022-03-19 20:10:22,3.0,4.6,198,0.0,0.0,0,0.0,0.0,0,616811.00,0.00,0.00,235,13.00,3.27,0.00,2.7,4.998,4.998,4.998,4.998,144
2022-03-19 20:11:22,2.9,4.6,198,0.0,0.0,0,0.0,0.0,0,617009.00,0.00,0.00,220,12.96,3.05,0.00,3.2,4.998,4.998,4.998,4.998,93
2022-03-19 20:12:22,4.4,5.4,206,0.0,0.0,0,0.0,0.0,0,617215.00,0.00,0.00,231,12.96,3.21,0.00,3.2,4.998,4.998,4.998,4.998,1
2022-03-19 20:13:22,3.5,6.5,270,0.0,0.0,0,0.0,0.0,0,617485.00,0.00,0.00,257,12.96,3.57,0.00,2.7,4.998,4.998,4.998,4.998,17
2022-03-19 20:14:22,3.2,4.2,184,0.0,0.0,0,0.0,0.0,0,617669.00,0.00,0.00,239,12.96,3.32,0.00,2.7,4.998,4.998,4.998,4.998,136
2022-03-19 20:15:22,4.2,9.0,248,0.0,0.0,0,0.0,0.0,0,617917.00,0.00,0.00,216,12.96,3.00,0.00,2.7,4.998,4.998,4.998,4.998,3
2022-03-19 20:16:22,6.3,6.5,315,0.0,0.0,0,0.0,0.0,0,618232.00,0.00,0.00,247,12.96,3.44,0.00,3.2,4.998,4.998,4.998,4.998,249
2022-03-19 20:17:22,3.7,7.1,303,0.0,0.0,0,0.0,0.0,0,618535.00,0.00,0.00,247,12.96,3.44,0.00,3.2,4.998,4.998,4.998,4.998,140
2022-03-19 20:18:22,5.0,5.7,216,0.0,0.0,0,0.0,0.0,0,618751.00,0.00,0.00,254,12.96,3.53,0.00,2.7,4.998,4.998,4.998,4.998,211
2022-03-19 20:19:22,4.3,5.9,208,0.0,0.0,0,0.0,0.0,0,618959.00,0.00,0.00,255,12.96,3.54,0.00,2.7,4.998,4.998,4.998,4.998,96
2022-03-19 20:20:22,4.2,4.5,157,0.0,0.0,0,0.0,0.0,0,619116.00,0.00,0.00,241,13.00,3.35,0.00,2.7,4.998,4.998,4.998,4.998,81
2022-03-19 20:21:22,4.1,5.4,247,0.0,0.0,0,0.0,0.0,0,619363.00,0.00,0.00,233,12.96,3.24,0.00,2.7,4.998,4.998,4.998,4.998,221
2022-03-19 20:22:22,3.0,4.6,193,0.0,0.0,0,0.0,0.0,0,619556.00,0.00,0.00,234,12.96,3.25,0.00,2.7,4.998,4.998,4.998,4.998,204
2022-03-19 20:23:22,2.4,4.1,146,0.0,0.0,0,0.0,0.0,0,619702.00,0.00,0.00,234,12.96,3.25,0.00,2.7,4.998,4.998,4.998,4.998,193
2022-03-19 20:24:22,2.5,2.8,110,0.0,0.0,0,0.0,0.0,0,619812.00,0.00,0.00,234,12.96,3.25,0.00,2.7,4.998,4.998,4.998,4.998,150
2022-03-19 20:25:22,2.8,6.2,209,0.0,0.0,0,0.0,0.0,0,620021.00,0.00,0.00,243,12.96,3.37,0.00,2.7,4.998,4.998,4.998,4.998,248
2022-03-19 20:26:22,6.2,8.8,278,0.0,0.0,0,0.0,0.0,0,620299.00,0.00,0.00,217,12.96,3.02,0.00,2.7,4.998,4.998,4.998,4.998,21
2022-03-19 20:27:22,4.5,7.4,303,0.0,0.0,0,0.0,0.0,0,620602.00,0.00,0.00,242,12.96,3.36,0.00,2.7,4.998,4.998,4.998,4.998,15
2022-03-19 20:28:22,2.3,7.1,263,0.0,0.0,0,0.0,0.0,0,620865.00,0.00,0.00,255,12.96,3.55,0.00,3.2,4.998,4.998,4.998,4.998,197
2022-03-19 20:29:22,3.4,6.2,253,0.0,0.0,0,0.0,0.0,0,621118.00,0.00,0.00,233,12.96,3.24,0.00,3.2,4.998,4.998,4.998,4.998,107
2022-03-19 20:30:22,5.2,5.4,197,0.0,0.0,0,0.0,0.0,0,621315.00,0.00,0.00,238,12.96,3.30,0.00,2.7,4.998,4.998,4.998,4.998,234
2022-03-19 20:31:22,2.2,6.3,255,0.0,0.0,0,0.0,0.0,0,621570.00,0.00,0.00,269,12.96,3.74,0.00,2.7,4.998,4.998,4.998,4.998,226
2022-03-19 20:32:22,2.6,3.6,129,0.0,0.0,0,0.0,0.0,0,621699.00,0.00,0.00,267,12.96,3.71,0.00,2.2,4.998,4.998,4.998,4.998,246
2022-03-19 20:33:22,7.5,7.6,279,0.0,0.0,0,0.0,0.0,0,621978.00,0.00,0.00,259,12.96,3.59,0.00,2.7,4.998,4.998,4.998,4.998,62
2022-03-19 20:34:22,4.1,8.3,344,0.0,0.0,0,0.0,0.0,0,622322.00,0.00,0.00,250,12.96,3.47,0.00,3.2,4.998,4.998,4.998,4.998,34
2022-03-19 20:35:22,3.6,4.9,201,0.0,0.0,0,0.0,0.0,0,622523.00,0.00,0.00,250,12.96,3.47,0.00,2.7,4.998,4.998,4.998,4.998,38
2022-03-19 20:36:22,3.6,6.3,278,0.0,0.0,0,0.0,0.0,0,622801.00,0.00,0.00,268,12.96,3.73,0.00,3.2,4.998,4.998,4.998,4.998,206
2022-03-19 20:37:22,3.3,5.7,240,0.0,0.0,0,0.0,0.0,0,623041.00,0.00,0.00,267,12.96,3.71,0.00,2.7,4.998,4.998,4.998,4.998,42
2022-03-19 20:38:22,3.3,4.1,149,0.0,0.0,0,0.0,0.0,0,623190.00,0.00,0.00,267,12.96,3.72,0.00,2.7,4.998,4.998,4.998,4.998,64
2022-03-19 20:39:22,3.1,3.7,151,0.0,0.0,0,0.0,0.0,0,623341.00,0.00,0.00,266,12.96,3.70,0.00,2.7,4.998,4.998,4.998,4.998,203
2022-03-19 20:40:22,5.8,6.0,183,0.0,0.0,0,0.0,0.0,0,623524.00,0.00,0.00,250,12.96,3.48,0.00,2.7,4.998,4.998,4.998,4.998,20
2022-03-19 20:41:22,4.7,7.4,330,0.0,0.0,0,0.0,0.0,0,623854.00,0.00,0.00,247,12.96,3.43,0.00,2.7,4.998,4.998,4.998,4.998,211
2022-03-19 20:42:22,3.5,5.4,223,0.0,0.0,0,0.0,0.0,0,624077.00,0.00,0.00,239,12.96,3.33,0.00,2.7,4.998,4.998,4.998,4.998,54
2022-03-19 20:43:22,3.4,4.8,192,0.0,0.0,0,0.0,0.0,0,624269.00,0.00,0.00,235,12.96,3.27,0.00,2.7,4.998,4.998,4.998,4.998,142
2022-03-19 20:44:22,3.3,5.0,169,0.0,0.0,0,0.0,0.0,0,624438.00,0.00,0.00,235,12.96,3.27,0.00,2.7,4.998,4.998,4.998,4.998,180
2022-03-19 20:45:22,3.1,7.2,250,0.0,0.0,0,0.0,0.0,0,624688.00,0.00,0.00,258,12.96,3.58,0.00,2.2,4.998,4.998,4.998,4.998,125
2022-03-19 20:46:22,3.6,7.0,250,0.0,0.0,0,0.0,0.0,0,624938.00,0.00,0.00,261,12.96,3.62,0.00,2.7,4.998,4.998,4.998,4.998,157
2022-03-19 20:47:22,2.3,5.1,160,0.0,0.0,0,0.0,0.0,0,625098.00,0.00,0.00,263,12.96,3.65,0.00,2.2,4.998,4.998,4.998,4.998,108
2022-03-19 20:48:22,3.0,4.6,153,0.0,0.0,0,0.0,0.0,0,625251.00,0.00,0.00,255,12.96,3.54,0.00,2.2,4.998,4.998,4.998,4.998,133
2022-03-19 20:49:22,5.7,7.4,253,0.0,0.0,0,0.0,0.0,0,625504.00,0.00,0.00,229,12.96,3.18,0.00,2.7,4.998,4.998,4.998,4.998,131
2022-03-19 20:50:22,2.8,6.8,241,0.0,0.0,0,0.0,0.0,0,625745.00,0.00,0.00,267,12.96,3.72,0.00,2.7,4.998,4.998,4.998,4.998,64
2022-03-19 20:51:22,2.8,3.0,115,0.0,0.0,0,0.0,0.0,0,625860.00,0.00,0.00,267,12.96,3.72,0.00,2.7,4.998,4.998,4.998,4.998,104
2022-03-19 20:52:22,1.0,3.7,64,0.0,0.0,0,0.0,0.0,0,625924.00,0.00,0.00,272,12.96,3.78,0.00,2.7,4.998,4.998,4.998,4.998,198
2022-03-19 20:53:22,1.3,3.8,112,0.0,0.0,0,0.0,0.0,0,626036.00,0.00,0.00,266,12.92,3.69,0.00,2.7,4.998,4.998,4.998,4.998,24
2022-03-19 20:54:22,2.8,2.8,82,0.0,0.0,0,0.0,0.0,0,626118.00,0.00,0.00,266,12.92,3.69,0.00,2.2,4.998,4.998,4.998,4.998,47
2022-03-19 20:55:22,3.0,4.5,179,0.0,0.0,0,0.0,0.0,0,626297.00,0.00,0.00,230,12.96,3.19,0.00,2.7,4.998,4.998,4.998,4.998,237
2022-03-19 20:56:22,2.2,3.3,98,0.0,0.0,0,0.0,0.0,0,626395.00,0.00,0.00,230,12.96,3.19,0.00,2.2,4.998,4.998,4.998,4.998,154
2022-03-19 20:57:22,4.0,4.2,127,0.0,0.0,0,0.0,0.0,0,626522.00,0.00,0.00,230,12.96,3.20,0.00,2.2,4.998,4.998,4.998,4.998,33
2022-03-19 20:58:22,3.6,5.7,201,0.0,0.0,0,0.0,0.0,0,626723.00,0.00,0.00,236,12.96,3.28,0.00,2.2,4.998,4.998,4.998,4.998,177
2022-03-19 20:59:22,2.7,4.7,164,0.0,0.0,0,0.0,0.0,0,626887.00,0.00,0.00,236,12.92,3.29,0.00,2.7,4.998,4.998,4.998,4.998,239
2022-03-19 21:00:22,2.8,5.3,177,0.0,0.0,0,0.0,0.0,0,627064.00,0.00,0.00,253,12.96,3.52,0.00,2.2,4.998,4.998,4.998,4.998,19
2022-03-19 21:01:22,3.8,4.5,155,0.0,0.0,0,0.0,0.0,0,627219.00,0.00,0.00,246,12.92,3.42,0.00,2.7,4.998,4.998,4.998,4.998,150
2022-03-19 21:02:22,2.3,4.7,163,0.0,0.0,0,0.0,0.0,0,627382.00,0.00,0.00,246,12.96,3.41,0.00,2.2,4.998,4.998,4.998,4.998,20
2022-03-19 21:03:22,3.0,3.5,113,0.0,0.0,0,0.0,0.0,0,627495.00,0.00,0.00,219,12.96,3.05,0.00,2.2,4.998,4.998,4.998,4.998,96
2022-03-19 21:04:22,4.7,5.0,213,0.0,0.0,0,0.0,0.0,0,627708.00,0.00,0.00,195,12.92,2.71,0.00,2.2,4.998,4.998,4.998,4.998,205
2022-03-19 21:05:22,1.9,5.0,185,0.0,0.0,0,0.0,0.0,0,627893.00,0.00,0.00,193,12.96,2.68,0.00,2.2,4.998,4.998,4.998,4.998,111
2022-03-19 21:06:22,1.3,3.5,109,0.0,0.0,0,0.0,0.0,0,628002.00,0.00,0.00,193,12.92,2.68,0.00,1.7,4.998,4.998,4.998,4.998,139
2022-03-19 21:07:22,0.0,1.7,20,0.0,0.0,0,0.0,0.0,0,628022.00,0.00,0.00,193,12.92,2.68,0.00,1.7,4.998,4.998,4.998,4.998,47
2022-03-19 21:08:22,0.0,1.4,7,0.0,0.0,0,0.0,0.0,0,628029.00,0.00,0.00,193,12.92,2.68,0.00,1.7,4.998,4.998,4.998,4.998,0
2022-03-19 21:09:22,0.0,0.0,0,0.0,0.0,0,0.0,0.0,0,628029.00,0.00,0.00,193,12.92,2.68,0.00,2.2,4.998,4.998,4.998,4.998,105
2022-03-19 21:10:22,2.0,3.4,119,0.0,0.0,0,0.0,0.0,0,628148.00,0.00,0.00,193,12.96,2.68,0.00,2.2,4.998,4.998,4.998,4.998,96
2022-03-19 21:11:22,1.9,2.9,92,0.0,0.0,0,0.0,0.0,0,628240.00,0.00,0.00,193,12.96,2.68,0.00,2.2,4.998,4.998,4.998,4.998,151
2022-03-19 21:12:22,1.7,2.8,103,0.0,0.0,0,0.0,0.0,0,628343.00,0.00,0.00,193,12.96,2.68,0.00,2.2,4.998,4.998,4.998,4.998,180
2022-03-19 21:13:22,1.8,2.7,91,0.0,0.0,0,0.0,0.0,0,628434.00,0.00,0.00,193,12.96,2.68,0.00,2.2,4.998,4.998,4.998,4.998,141
2022-03-19 21:14:22,2.0,2.2,70,0.0,0.0,0,0.0,0.0,0,628504.00,0.00,0.00,193,12.96,2.68,0.00,1.7,4.998,4.998,4.998,4.998,138
2022-03-19 21:15:22,2.0,2.1,41,0.0,0.0,0,0.0,0.0,0,628545.00,0.00,0.00,193,12.92,2.68,0.00,2.2,4.998,4.998,4.998,4.998,123
2022-03-19 21:16:22,0.0,2.3,24,0.0,0.0,0,0.0,0.0,0,628569.00,0.00,0.00,193,12.92,2.68,0.00,1.7,4.998,4.998,4.998,4.998,133
2022-03-19 21:17:22,0.0,0.0,0,0.0,0.0,0,0.0,0.0,0,628569.00,0.00,0.00,193,12.92,2.68,0.00,1.7,4.998,4.998,4.998,4.998,199
2022-03-19 21:18:22,0.0,0.0,0,0.0,0.0,0,0.0,0.0,0,628569.00,0.00,0.00,193,12.96,2.68,0.00,1.7,4.998,4.998,4.998,4.998,255
2022-03-19 21:19:22,0.0,0.0,0,0.0,0.0,0,0.0,0.0,0,628569.00,0.00,0.00,193,12.96,2.68,0.00,1.2,4.998,4.998,4.998,4.998,242
2022-03-19 21:20:22,0.0,0.0,0,0.0,0.0,0,0.0,0.0,0,628569.00,0.00,0.00,193,12.96,2.68,0.00,1.7,4.998,4.998,4.998,4.998,8
2022-03-19 21:21:22,2.2,2.4,40,0.0,0.0,0,0.0,0.0,0,628609.00,0.00,0.00,193,12.92,2.68,0.00,2.2,4.998,4.998,4.998,4.998,90
2022-03-19 21:22:22,2.2,3.7,148,0.0,0.0,0,0.0,0.0,0,628757.00,0.00,0.00,193,12.92,2.68,0.00,1.7,4.998,4.998,4.998,4.998,55
2022-03-19 21:23:22,2.9,3.7,163,0.0,0.0,0,0.0,0.0,0,628920.00,0.00,0.00,193,12.92,2.68,0.00,1.7,4.998,4.998,4.998,4.998,246
2022-03-19 21:24:22,1.4,3.1,109,0.0,0.0,0,0.0,0.0,0,629029.00,0.00,0.00,193,12.96,2.68,0.00,1.2,4.998,4.998,4.998,4.998,20
2022-03-19 21:25:22,0.0,2.0,33,0.0,0.0,0,0.0,0.0,0,629062.00,0.00,0.00,193,12.96,2.68,0.00,0.7,4.998,4.998,4.998,4.998,233
2022-03-19 21:26:22,0.0,0.0,0,0.0,0.0,0,0.0,0.0,0,629062.00,0.00,0.00,193,12.96,2.68,0.00,0.7,4.998,4.998,4.998,4.998,116
2022-03-19 21:27:22,0.0,0.0,0,0.0,0.0,0,0.0,0.0,0,629062.00,0.00,0.00,193,12.96,2.68,0.00,1.2,4.998,4.998,4.998,4.998,183
2022-03-19 21:28:22,0.0,0.0,0,0.0,0.0,0,0.0,0.0,0,629062.00,0.00,0.00,193,12.96,2.68,0.00,1.2,4.998,4.998,4.998,4.998,195
2022-03-19 21:29:22,2.9,3.0,49,0.0,0.0,0,0.0,0.0,0,629111.00,0.00,0.00,193,12.92,2.68,0.00,1.7,4.998,4.998,4.998,4.998,12
2022-03-19 21:30:22,2.3,3.3,72,0.0,0.0,0,0.0,0.0,0,629183.00,0.00,0.00,216,12.92,3.00,0.00,1.7,4.998,4.998,4.998,4.998,204
2022-03-19 21:31:22,0.0,2.3,35,0.0,0.0,0,0.0,0.0,0,629218.00,0.00,0.00,216,12.92,3.00,0.00,1.2,4.998,4.998,4.998,4.998,195
2022-03-19 21:32:22,0.0,0.0,0,0.0,0.0,0,0.0,0.0,0,629218.00,0.00,0.00,216,12.96,3.00,0.00,1.2,4.998,4.998,4.998,4.998,68
2022-03-19 21:33:22,0.0,0.0,0,0.0,0.0,0,0.0,0.0,0,629218.00,0.00,0.00,216,12.92,3.00,0.00,1.2,4.998,4.998,4.998,4.998,113
2022-03-19 21:34:22,0.0,0.0,0,0.0,0.0,0,0.0,0.0,0,629218.00,0.00,0.00,216,12.92,3.00,0.00,1.2,4.998,4.998,4.998,4.998,107
2022-03-19 21:35:22,0.0,0.0,0,0.0,0.0,0,0.0,0.0,0,629218.00,0.00,0.00,216,12.96,3.00,0.00,0.7,4.998,4.998,4.998,4.998,228
2022-03-19 21:36:22,0.0,0.0,0,0.0,0.0,0,0.0,0.0,0,629218.00,0.00,0.00,216,12.92,3.00,0.00,1.2,4.998,4.998,4.998,4.998,212
2022-03-19 21:37:22,1.7,3.4,79,0.0,0.0,0,0.0,0.0,0,629297.00,0.00,0.00,216,12.92,3.00,0.00,0.7,4.998,4.998,4.998,4.998,230
2022-03-19 21:38:22,0.0,1.7,7,0.0,0.0,0,0.0,0.0,0,629304.00,0.00,0.00,216,12.96,3.00,0.00,0.7,4.998,4.998,4.998,4.998,3
2022-03-19 21:39:22,0.0,0.0,0,0.0,0.0,0,0.0,0.0,0,629304.00,0.00,0.00,216,12.92,3.00,0.00,0.7,4.998,4.998,4.998,4.998,193
2022-03-19 21:40:22,0.0,0.0,0,0.0,0.0,0,0.0,0.0,0,629304.00,0.00,0.00,216,12.92,3.00,0.00,0.7,4.998,4.998,4.998,4.998,10
2022-03-19 21:41:22,0.0,2.6,29,0.0,0.0,0,0.0,0.0,0,629333.00,0.00,0.00,216,12.92,3.00,0.00,1.2,4.998,4.998,4.998,4.998,128
2022-03-19 21:42:22,1.6,2.2,29,0.0,0.0,0,0.0,0.0,0,629362.00,0.00,0.00,216,12.92,3.00,0.00,0.7,4.998,4.998,4.998,4.998,133
2022-03-19 21:43:22,0.0,1.0,2,0.0,0.0,0,0.0,0.0,0,629364.00,0.00,0.00,216,12.92,3.00,0.00,1.2,4.998,4.998,4.998,4.998,115
2022-03-19 21:44:22,0.0,0.0,0,0.0,0.0,0,0.0,0.0,0,629364.00,0.00,0.00,216,12.92,3.00,0.00,0.7,4.998,4.998,4.998,4.998,208
2022-03-19 21:45:22,0.0,0.0,1,0.0,0.0,0,0.0,0.0,0,629365.00,0.00,0.00,216,12.92,3.00,0.00,0.7,4.998,4.998,4.998,4.998,195
2022-03-19 21:46:22,0.0,0.0,0,0.0,0.0,0,0.0,0.0,0,629365.00,0.00,0.00,215,12.92,2.99,0.00,0.7,4.998,4.998,4.998,4.998,27
2022-03-19 21:47:22,1.7,2.9,54,0.0,0.0,0,0.0,0.0,0,629419.00,0.00,0.00,216,12.92,3.00,0.00,0.7,4.998,4.998,4.998,4.998,53
2022-03-19 21:48:22,0.0,1.8,10,0.0,0.0,0,0.0,0.0,0,629429.00,0.00,0.00,216,12.92,3.00,0.00,1.2,4.998,4.998,4.998,4.998,144
2022-03-19 21:49:22,0.0,0.0,0,0.0,0.0,0,0.0,0.0,0,629429.00,0.00,0.00,216,12.92,3.00,0.00,0.7,4.998,4.998,4.998,4.998,42
2022-03-19 21:50:22,0.0,0.0,0,0.0,0.0,0,0.0,0.0,0,629429.00,0.00,0.00,216,12.92,3.00,0.00,1.2,4.998,4.998,4.998,4.998,148
2022-03-19 21:51:22,0.0,0.0,0,0.0,0.0,0,0.0,0.0,0,629429.00,0.00,0.00,216,12.92,3.00,0.00,0.7,4.998,4.998,4.998,4.998,87
2022-03-19 21:52:22,0.0,0.0,0,0.0,0.0,0,0.0,0.0,0,629429.00,0.00,0.00,216,12.92,3.00,0.00,0.7,4.998,4.998,4.998,4.998,145
2022-03-19 21:53:22,0.0,0.0,0,0.0,0.0,0,0.0,0.0,0,629429.00,0.00,0.00,216,12.92,3.00,0.00,0.7,4.998,4.998,4.998,4.998,232
2022-03-19 21:54:22,0.0,0.0,0,0.0,0.0,0,0.0,0.0,0,629429.00,0.00,0.00,216,12.92,3.00,0.00,0.7,4.998,4.998,4.998,4.998,242
2022-03-19 21:55:22,0.0,0.0,0,0.0,0.0,0,0.0,0.0,0,629429.00,0.00,0.00,216,12.92,3.00,0.00,0.7,4.998,4.998,4.998,4.998,139
2022-03-19 21:56:22,0.0,0.0,0,0.0,0.0,0,0.0,0.0,0,629429.00,0.00,0.00,216,12.92,3.00,0.00,0.7,4.998,4.998,4.998,4.998,77
2022-03-19 21:57:22,0.0,0.0,0,0.0,0.0,0,0.0,0.0,0,629429.00,0.00,0.00,216,12.92,3.00,0.00,0.2,4.998,4.998,4.998,4.998,64
2022-03-19 21:58:22,0.0,0.0,0,0.0,0.0,0,0.0,0.0,0,629429.00,0.00,0.00,216,12.92,3.00,0.00,0.7,4.998,4.998,4.998,4.998,64
2022-03-19 21:59:22,0.0,0.0,0,0.0,0.0,0,0.0,0.0,0,629429.00,0.00,0.00,216,12.92,3.00,0.00,0.7,4.998,4.998,4.998,4.998,57
2022-03-19 22:00:22,0.0,0.0,0,0.0,0.0,0,0.0,0.0,0,629429.00,0.00,0.00,216,12.92,3.00,0.00,0.7,4.998,4.998,4.998,4.998,198
2022-03-19 22:01:22,0.0,0.0,0,0.0,0.0,0,0.0,0.0,0,629429.00,0.00,0.00,216,12.92,3.00,0.00,1.2,4.998,4.998,4.998,4.998,5
2022-03-19 22:02:22,1.1,2.7,27,0.0,0.0,0,0.0,0.0,0,629456.00,0.00,0.00,216,12.92,3.00,0.00,1.2,4.998,4.998,4.998,4.998,143
2022-03-19 22:03:22,0.0,0.0,0,0.0,0.0,0,0.0,0.0,0,629456.00,0.00,0.00,216,12.92,3.00,0.00,1.2,4.998,4.998,4.998,4.998,153
2022-03-19 22:04:22,0.0,0.0,0,0.0,0.0,0,0.0,0.0,0,629456.00,0.00,0.00,216,12.89,3.00,0.00,0.7,4.998,4.998,4.998,4.998,99
2022-03-19 22:05:22,0.0,0.0,0,0.0,0.0,0,0.0,0.0,0,629456.00,0.00,0.00,216,12.92,3.00,0.00,0.7,4.998,4.998,4.998,4.998,64
2022-03-19 22:06:22,0.0,0.0,0,0.0,0.0,0,0.0,0.0,0,629456.00,0.00,0.00,216,12.92,3.00,0.00,1.2,4.998,4.998,4.998,4.998,60
2022-03-19 22:07:22,0.0,0.0,0,0.0,0.0,0,0.0,0.0,0,629456.00,0.00,0.00,216,12.92,3.00,0.00,0.7,4.998,4.998,4.998,4.998,255
2022-03-19 22:08:22,0.0,0.0,0,0.0,0.0,0,0.0,0.0,0,629456.00,0.00,0.00,215,12.92,2.99,0.00,0.7,4.998,4.998,4.998,4.998,199
2022-03-19 22:09:22,0.0,0.0,0,0.0,0.0,0,0.0,0.0,0,629456.00,0.00,0.00,216,12.89,3.00,0.00,0.7,4.998,4.998,4.998,4.998,168
2022-03-19 22:10:22,0.0,1.1,2,0.0,0.0,0,0.0,0.0,0,629458.00,0.00,0.00,216,12.92,3.00,0.00,0.2,4.998,4.998,4.998,4.998,184
2022-03-19 22:11:22,0.0,0.0,0,0.0,0.0,0,0.0,0.0,0,629458.00,0.00,0.00,216,12.89,3.00,0.00,0.2,4.998,4.998,4.998,4.998,180
2022-03-19 22:12:22,0.0,0.0,0,0.0,0.0,0,0.0,0.0,0,629458.00,0.00,0.00,215,12.89,2.99,0.00,0.7,4.998,4.998,4.998,4.998,74
2022-03-19 22:13:22,0.0,0.0,0,0.0,0.0,0,0.0,0.0,0,629458.00,0.00,0.00,216,12.92,3.00,0.00,0.2,4.998,4.998,4.998,4.998,81
2022-03-19 22:14:22,0.0,0.0,0,0.0,0.0,0,0.0,0.0,0,629458.00,0.00,0.00,216,12.92,3.00,0.00,0.7,4.998,4.998,4.998,4.998,63
2022-03-19 22:15:22,0.0,0.0,0,0.0,0.0,0,0.0,0.0,0,629458.00,0.00,0.00,216,12.89,3.00,0.00,0.2,4.998,4.998,4.998,4.998,104
2022-03-19 22:16:22,0.0,0.0,0,0.0,0.0,0,0.0,0.0,0,629458.00,0.00,0.00,216,12.92,3.00,0.00,0.7,4.998,4.998,4.998,4.998,128
2022-03-19 22:17:22,0.0,0.0,0,0.0,0.0,0,0.0,0.0,0,629458.00,0.00,0.00,216,12.92,3.00,0.00,0.7,4.998,4.998,4.998,4.998,249
2022-03-19 22:18:22,0.0,1.7,8,0.0,0.0,0,0.0,0.0,0,629466.00,0.00,0.00,216,12.92,3.00,0.00,0.7,4.998,4.998,4.998,4.998,71
2022-03-19 22:19:22,0.0,0.0,0,0.0,0.0,0,0.0,0.0,0,629466.00,0.00,0.00,215,12.92,2.99,0.00,0.7,4.998,4.998,4.998,4.998,161
2022-03-19 22:20:22,0.0,0.0,0,0.0,0.0,0,0.0,0.0,0,629466.00,0.00,0.00,216,12.89,3.00,0.00,0.7,4.998,4.998,4.998,4.998,57
2022-03-19 22:21:22,0.0,0.0,0,0.0,0.0,0,0.0,0.0,0,629466.00,0.00,0.00,216,12.92,3.00,0.00,0.7,4.998,4.998,4.998,4.998,26
2022-03-19 22:22:22,0.0,0.0,0,0.0,0.0,0,0.0,0.0,0,629466.00,0.00,0.00,216,12.92,3.00,0.00,0.2,4.998,4.998,4.998,4.998,168
2022-03-19 22:23:22,0.0,0.0,0,0.0,0.0,0,0.0,0.0,0,629466.00,0.00,0.00,215,12.92,2.99,0.00,0.2,4.998,4.998,4.998,4.998,157
2022-03-19 22:24:22,0.0,0.0,0,0.0,0.0,0,0.0,0.0,0,629466.00,0.00,0.00,216,12.89,3.00,0.00,-0.2,4.998,4.998,4.998,4.998,37
2022-03-19 22:25:22,0.0,0.0,0,0.0,0.0,0,0.0,0.0,0,629466.00,0.00,0.00,216,12.92,3.00,0.00,-0.2,4.998,4.998,4.998,4.998,40
2022-03-19 22:26:22,0.0,0.0,0,0.0,0.0,0,0.0,0.0,0,629466.00,0.00,0.00,215,12.89,2.99,0.00,-0.2,4.998,4.998,4.998,4.998,218
2022-03-19 22:27:22,0.0,0.0,0,0.0,0.0,0,0.0,0.0,0,629466.00,0.00,0.00,216,12.89,3.00,0.00,0.2,4.998,4.998,4.998,4.998,87
2022-03-19 22:28:22,0.0,0.0,0,0.0,0.0,0,0.0,0.0,0,629466.00,0.00,0.00,216,12.92,3.00,0.00,0.2,4.998,4.998,4.998,4.998,121
2022-03-19 22:29:22,0.0,0.0,0,0.0,0.0,0,0.0,0.0,0,629466.00,0.00,0.00,216,12.89,3.00,0.00,-0.2,4.998,4.998,4.998,4.998,210
2022-03-19 22:30:22,0.0,0.0,0,0.0,0.0,0,0.0,0.0,0,629466.00,0.00,0.00,216,12.89,3.00,0.00,0.2,4.998,4.998,4.998,4.998,94
2022-03-19 22:31:22,0.0,0.0,0,0.0,0.0,0,0.0,0.0,0,629466.00,0.00,0.00,216,12.89,3.00,0.00,0.2,4.998,4.998,4.998,4.998,39
2022-03-19 22:32:22,0.0,0.0,0,0.0,0.0,0,0.0,0.0,0,629466.00,0.00,0.00,216,12.89,3.00,0.00,-0.2,4.998,4.998,4.998,4.998,53
2022-03-19 22:33:22,0.0,0.0,0,0.0,0.0,0,0.0,0.0,0,629466.00,0.00,0.00,216,12.89,3.00,0.00,0.2,4.998,4.998,4.998,4.998,152
2022-03-19 22:34:22,0.0,0.0,0,0.0,0.0,0,0.0,0.0,0,629466.00,0.00,0.00,216,12.92,3.00,0.00,-0.2,4.998,4.998,4.998,4.998,228
2022-03-19 22:35:22,0.0,0.0,0,0.0,0.0,0,0.0,0.0,0,629466.00,0.00,0.00,216,12.89,3.00,0.00,-0.2,4.998,4.998,4.998,4.998,233
2022-03-19 22:36:22,0.0,0.0,0,0.0,0.0,0,0.0,0.0,0,629466.00,0.00,0.00,216,12.89,3.00,0.00,-0.2,4.998,4.998,4.998,4.998,112
2022-03-19 22:37:22,1.1,2.1,45,0.0,0.0,0,0.0,0.0,0,629511.00,0.00,0.00,216,12.89,3.00,0.00,-0.2,4.998,4.998,4.998,4.998,27
2022-03-19 22:38:22,2.0,2.1,51,0.0,0.0,0,0.0,0.0,0,629562.00,0.00,0.00,216,12.89,3.00,0.00,-0.2,4.998,4.998,4.998,4.998,99
2022-03-19 22:39:22,0.0,1.9,52,0.0,0.0,0,0.0,0.0,0,629614.00,0.00,0.00,216,12.92,3.00,0.00,-0.2,4.998,4.998,4.998,4.998,57
2022-03-19 22:40:22,0.0,0.0,0,0.0,0.0,0,0.0,0.0,0,629614.00,0.00,0.00,216,12.89,3.00,0.00,-0.2,4.998,4.998,4.998,4.998,49
2022-03-19 22:41:22,0.0,0.0,0,0.0,0.0,0,0.0,0.0,0,629614.00,0.00,0.00,216,12.89,3.00,0.00,-0.2,4.998,4.998,4.998,4.998,34
2022-03-19 22:42:22,1.8,2.1,40,0.0,0.0,0,0.0,0.0,0,629654.00,0.00,0.00,216,12.89,3.00,0.00,0.2,4.998,4.998,4.998,4.998,63
2022-03-19 22:43:22,2.4,2.8,108,0.0,0.0,0,0.0,0.0,0,629762.00,0.00,0.00,216,12.89,3.00,0.00,0.2,4.998,4.998,4.998,4.998,152
2022-03-19 22:44:22,1.6,2.4,97,0.0,0.0,0,0.0,0.0,0,629859.00,0.00,0.00,216,12.89,3.00,0.00,0.2,4.998,4.998,4.998,4.998,224
2022-03-19 22:45:22,1.8,2.2,83,0.0,0.0,0,0.0,0.0,0,629942.00,0.00,0.00,216,12.89,3.00,0.00,0.2,4.998,4.998,4.998,4.998,78
2022-03-19 22:46:22,0.0,1.8,28,0.0,0.0,0,0.0,0.0,0,629970.00,0.00,0.00,215,12.89,2.99,0.00,-0.2,4.998,4.998,4.998,4.998,38
2022-03-19 22:47:22,0.0,0.0,0,0.0,0.0,0,0.0,0.0,0,629970.00,0.00,0.00,216,12.89,3.00,0.00,-0.2,4.998,4.998,4.998,4.998,115
2022-03-19 22:48:22,0.0,0.0,0,0.0,0.0,0,0.0,0.0,0,629970.00,0.00,0.00,216,12.89,3.00,0.00,-0.2,4.998,4.998,4.998,4.998,14
2022-03-19 22:49:22,0.0,0.0,0,0.0,0.0,0,0.0,0.0,0,629970.00,0.00,0.00,216,12.89,3.00,0.00,-0.2,4.998,4.998,4.998,4.998,29
2022-03-19 22:50:22,0.0,0.0,0,0.0,0.0,0,0.0,0.0,0,629970.00,0.00,0.00,216,12.89,3.00,0.00,-0.6,4.998,4.998,4.998,4.998,63
2022-03-19 22:51:22,0.0,0.0,0,0.0,0.0,0,0.0,0.0,0,629970.00,0.00,0.00,216,12.89,3.00,0.00,-0.2,4.998,4.998,4.998,4.998,99
2022-03-19 22:52:22,0.0,0.0,0,0.0,0.0,0,0.0,0.0,0,629970.00,0.00,0.00,216,12.89,3.00,0.00,-0.6,4.998,4.998,4.998,4.998,181
2022-03-19 22:53:22,0.0,0.0,0,0.0,0.0,0,0.0,0.0,0,629970.00,0.00,0.00,216,12.89,3.00,0.00,-0.6,4.998,4.998,4.998,4.998,166
2022-03-19 22:54:22,0.0,0.0,0,0.0,0.0,0,0.0,0.0,0,629970.00,0.00,0.00,216,12.89,3.00,0.00,-0.2,4.998,4.998,4.998,4.998,53
2022-03-19 22:55:22,0.0,0.0,0,0.0,0.0,0,0.0,0.0,0,629970.00,0.00,0.00,216,12.89,3.00,0.00,-0.2,4.998,4.998,4.998,4.998,38
2022-03-19 22:56:22,0.0,0.0,0,0.0,0.0,0,0.0,0.0,0,629970.00,0.00,0.00,216,12.89,3.00,0.00,-0.2,4.998,4.998,4.998,4.998,191
2022-03-19 22:57:22,0.0,0.0,0,0.0,0.0,0,0.0,0.0,0,629970.00,0.00,0.00,216,12.89,3.00,0.00,-0.2,4.998,4.998,4.998,4.998,172
2022-03-19 22:58:22,0.0,0.0,0,0.0,0.0,0,0.0,0.0,0,629970.00,0.00,0.00,216,12.89,3.00,0.00,-0.2,4.998,4.998,4.998,4.998,209
2022-03-19 22:59:22,0.0,0.0,0,0.0,0.0,0,0.0,0.0,0,629970.00,0.00,0.00,216,12.89,3.00,0.00,-0.2,4.998,4.998,4.998,4.998,194
2022-03-19 23:00:22,0.0,1.7,10,0.0,0.0,0,0.0,0.0,0,629980.00,0.00,0.00,216,12.89,3.00,0.00,-0.2,4.998,4.998,4.998,4.998,28
2022-03-19 23:01:22,0.0,0.0,0,0.0,0.0,0,0.0,0.0,0,629980.00,0.00,0.00,216,12.89,3.00,0.00,-0.2,4.998,4.998,4.998,4.998,115
2022-03-19 23:02:22,0.9,1.7,25,0.0,0.0,0,0.0,0.0,0,630005.00,0.00,0.00,216,12.89,3.00,0.00,-0.2,4.998,4.998,4.998,4.998,252
2022-03-19 23:03:22,0.0,0.0,0,0.0,0.0,0,0.0,0.0,0,630005.00,0.00,0.00,216,12.89,3.00,0.00,-0.2,4.998,4.998,4.998,4.998,33
2022-03-19 23:04:22,0.0,1.7,8,0.0,0.0,0,0.0,0.0,0,630013.00,0.00,0.00,216,12.89,3.00,0.00,-0.2,4.998,4.998,4.998,4.998,191
2022-03-19 23:05:22,0.0,0.0,0,0.0,0.0,0,0.0,0.0,0,630013.00,0.00,0.00,216,12.89,3.00,0.00,-0.2,4.998,4.998,4.998,4.998,50
2022-03-19 23:06:22,0.0,0.0,0,0.0,0.0,0,0.0,0.0,0,630013.00,0.00,0.00,216,12.89,3.00,0.00,-0.2,4.998,4.998,4.998,4.998,171
2022-03-19 23:07:22,0.0,0.0,0,0.0,0.0,0,0.0,0.0,0,630013.00,0.00,0.00,216,12.89,3.00,0.00,-0.6,4.998,4.998,4.998,4.998,247
2022-03-19 23:08:22,0.0,0.0,0,0.0,0.0,0,0.0,0.0,0,630013.00,0.00,0.00,216,12.89,3.00,0.00,-0.2,4.998,4.998,4.998,4.998,197
2022-03-19 23:09:22,0.0,0.0,0,0.0,0.0,0,0.0,0.0,0,630013.00,0.00,0.00,216,12.89,3.00,0.00,-0.2,4.998,4.998,4.998,4.998,214
2022-03-19 23:10:22,0.0,2.2,41,0.0,0.0,0,0.0,0.0,0,630054.00,0.00,0.00,216,12.89,3.00,0.00,0.2,4.998,4.998,4.998,4.998,27
2022-03-19 23:11:22,0.0,1.7,18,0.0,0.0,0,0.0,0.0,0,630072.00,0.00,0.00,216,12.89,3.00,0.00,0.2,4.998,4.998,4.998,4.998,24
2022-03-19 23:12:22,1.4,2.0,31,0.0,0.0,0,0.0,0.0,0,630103.00,0.00,0.00,216,12.89,3.00,0.00,-0.2,4.998,4.998,4.998,4.998,91
2022-03-19 23:13:22,0.0,1.4,3,0.0,0.0,0,0.0,0.0,0,630106.00,0.00,0.00,216,12.89,3.00,0.00,0.2,4.998,4.998,4.998,4.998,58
2022-03-19 23:14:22,0.0,1.5,12,0.0,0.0,0,0.0,0.0,0,630118.00,0.00,0.00,216,12.89,3.00,0.00,-0.2,4.998,4.998,4.998,4.998,160
2022-03-19 23:15:22,1.4,2.3,54,0.0,0.0,0,0.0,0.0,0,630172.00,0.00,0.00,216,12.89,3.00,0.00,-0.2,4.998,4.998,4.998,4.998,195
2022-03-19 23:16:22,0.0,1.4,9,0.0,0.0,0,0.0,0.0,0,630181.00,0.00,0.00,216,12.89,3.00,0.00,-0.2,4.998,4.998,4.998,4.998,9
2022-03-19 23:17:22,0.0,0.0,0,0.0,0.0,0,0.0,0.0,0,630181.00,0.00,0.00,216,12.89,3.00,0.00,-0.6,4.998,4.998,4.998,4.998,178
2022-03-19 23:18:22,0.0,0.0,0,0.0,0.0,0,0.0,0.0,0,630181.00,0.00,0.00,215,12.89,2.99,0.00,-0.6,4.998,4.998,4.998,4.998,186
2022-03-19 23:19:22,0.0,0.0,0,0.0,0.0,0,0.0,0.0,0,630181.00,0.00,0.00,216,12.89,3.00,0.00,-0.6,4.998,4.998,4.998,4.998,220
2022-03-19 23:20:22,0.0,2.3,16,0.0,0.0,0,0.0,0.0,0,630197.00,0.00,0.00,216,12.89,3.00,0.00,-0.2,4.998,4.998,4.998,4.998,16
2022-03-19 23:21:22,0.0,0.0,0,0.0,0.0,0,0.0,0.0,0,630197.00,0.00,0.00,216,12.89,3.00,0.00,-0.2,4.998,4.998,4.998,4.998,221
2022-03-19 23:22:22,0.0,0.0,0,0.0,0.0,0,0.0,0.0,0,630197.00,0.00,0.00,216,12.89,3.00,0.00,-0.2,4.998,4.998,4.998,4.998,68
2022-03-19 23:23:22,0.0,0.0,0,0.0,0.0,0,0.0,0.0,0,630197.00,0.00,0.00,216,12.89,3.00,0.00,-0.6,4.998,4.998,4.998,4.998,24
2022-03-19 23:24:22,0.0,0.0,0,0.0,0.0,0,0.0,0.0,0,630197.00,0.00,0.00,216,12.89,3.00,0.00,-0.6,4.998,4.998,4.998,4.998,196
2022-03-19 23:25:22,0.0,0.0,1,0.0,0.0,0,0.0,0.0,0,630198.00,0.00,0.00,216,12.89,3.00,0.00,-0.2,4.998,4.998,4.998,4.998,83
2022-03-19 23:26:22,0.0,2.0,28,0.0,0.0,0,0.0,0.0,0,630226.00,0.00,0.00,216,12.89,3.00,0.00,-0.6,4.998,4.998,4.998,4.998,62
2022-03-19 23:27:22,0.0,0.0,1,0.0,0.0,0,0.0,0.0,0,630227.00,0.00,0.00,216,12.89,3.00,0.00,-0.6,4.998,4.998,4.998,4.998,167
2022-03-19 23:28:22,0.0,1.6,23,0.0,0.0,0,0.0,0.0,0,630250.00,0.00,0.00,216,12.89,3.00,0.00,-0.2,4.998,4.998,4.998,4.998,118
2022-03-19 23:29:22,0.0,0.0,0,0.0,0.0,0,0.0,0.0,0,630250.00,0.00,0.00,216,12.89,3.00,0.00,-0.6,4.998,4.998,4.998,4.998,1
2022-03-19 23:30:22,0.0,0.0,0,0.0,0.0,0,0.0,0.0,0,630250.00,0.00,0.00,216,12.89,3.00,0.00,-0.6,4.998,4.998,4.998,4.998,108
2022-03-19 23:31:22,0.0,0.0,0,0.0,0.0,0,0.0,0.0,0,630250.00,0.00,0.00,216,12.89,3.00,0.00,-0.6,4.998,4.998,4.998,4.998,127
2022-03-19 23:32:22,0.0,0.0,0,0.0,0.0,0,0.0,0.0,0,630250.00,0.00,0.00,216,12.85,3.00,0.00,-0.6,4.998,4.998,4.998,4.998,42
2022-03-19 23:33:22,0.0,0.0,0,0.0,0.0,0,0.0,0.0,0,630250.00,0.00,0.00,216,12.89,3.00,0.00,-1.1,4.998,4.998,4.998,4.998,209
2022-03-19 23:34:22,0.0,0.0,0,0.0,0.0,0,0.0,0.0,0,630250.00,0.00,0.00,216,12.89,3.00,0.00,-0.6,4.998,4.998,4.998,4.998,41
2022-03-19 23:35:22,1.3,2.6,44,0.0,0.0,0,0.0,0.0,0,630294.00,0.00,0.00,216,12.85,3.00,0.00,-1.1,4.998,4.998,4.998,4.998,196
2022-03-19 23:36:22,1.1,1.3,8,0.0,0.0,0,0.0,0.0,0,630302.00,0.00,0.00,216,12.85,3.00,0.00,-0.6,4.998,4.998,4.998,4.998,144
2022-03-19 23:37:22,0.0,1.2,3,0.0,0.0,0,0.0,0.0,0,630305.00,0.00,0.00,216,12.89,3.00,0.00,-1.1,4.998,4.998,4.998,4.998,175
2022-03-19 23:38:22,0.0,0.0,0,0.0,0.0,0,0.0,0.0,0,630305.00,0.00,0.00,216,12.89,3.00,0.00,-0.6,4.998,4.998,4.998,4.998,53
2022-03-19 23:39:22,0.0,1.8,13,0.0,0.0,0,0.0,0.0,0,630318.00,0.00,0.00,216,12.89,3.00,0.00,-0.6,4.998,4.998,4.998,4.998,135
2022-03-19 23:40:22,0.0,1.9,27,0.0,0.0,0,0.0,0.0,0,630345.00,0.00,0.00,216,12.85,3.00,0.00,-0.6,4.998,4.998,4.998,4.998,156
2022-03-19 23:41:22,0.0,0.0,1,0.0,0.0,0,0.0,0.0,0,630346.00,0.00,0.00,216,12.89,3.00,0.00,-0.6,4.998,4.998,4.998,4.998,191
2022-03-19 23:42:22,0.0,0.0,0,0.0,0.0,0,0.0,0.0,0,630346.00,0.00,0.00,216,12.85,3.00,0.00,-0.2,4.998,4.998,4.998,4.998,97
2022-03-19 23:43:22,0.0,0.0,0,0.0,0.0,0,0.0,0.0,0,630346.00,0.00,0.00,215,12.85,2.99,0.00,-0.6,4.998,4.998,4.998,4.998,72
2022-03-19 23:44:22,0.0,0.0,0,0.0,0.0,0,0.0,0.0,0,630346.00,0.00,0.00,216,12.85,3.00,0.00,-0.6,4.998,4.998,4.998,4.998,225
2022-03-19 23:45:22,0.0,0.0,0,0.0,0.0,0,0.0,0.0,0,630346.00,0.00,0.00,216,12.89,3.00,0.00,-0.6,4.998,4.998,4.998,4.998,62
2022-03-19 23:46:22,0.0,0.0,0,0.0,0.0,0,0.0,0.0,0,630346.00,0.00,0.00,216,12.89,3.00,0.00,-1.1,4.998,4.998,4.998,4.998,131
2022-03-19 23:47:22,0.0,0.0,0,0.0,0.0,0,0.0,0.0,0,630346.00,0.00,0.00,216,12.85,3.00,0.00,-0.6,4.998,4.998,4.998,4.998,120
2022-03-19 23:48:22,0.0,0.0,0,0.0,0.0,0,0.0,0.0,0,630346.00,0.00,0.00,216,12.85,3.00,0.00,-1.1,4.998,4.998,4.998,4.998,33
2022-03-19 23:49:22,0.0,0.0,0,0.0,0.0,0,0.0,0.0,0,630346.00,0.00,0.00,216,12.85,3.00,0.00,-1.1,4.998,4.998,4.998,4.998,50
2022-03-19 23:50:22,0.0,0.0,0,0.0,0.0,0,0.0,0.0,0,630346.00,0.00,0.00,216,12.85,3.00,0.00,-1.1,4.998,4.998,4.998,4.998,95
2022-03-19 23:51:22,0.0,0.0,0,0.0,0.0,0,0.0,0.0,0,630346.00,0.00,0.00,216,12.85,3.00,0.00,-1.1,4.998,4.998,4.998,4.998,76
2022-03-19 23:52:22,0.0,0.0,0,0.0,0.0,0,0.0,0.0,0,630346.00,0.00,0.00,216,12.85,3.00,0.00,-0.6,4.998,4.998,4.998,4.998,241
2022-03-19 23:53:22,0.0,0.0,0,0.0,0.0,0,0.0,0.0,0,630346.00,0.00,0.00,216,12.85,3.00,0.00,-0.6,4.998,4.998,4.998,4.998,226
2022-03-19 23:54:22,0.0,1.7,12,0.0,0.0,0,0.0,0.0,0,630358.00,0.00,0.00,216,12.85,3.00,0.00,-0.6,4.998,4.998,4.998,4.998,134
2022-03-19 23:55:22,1.3,1.5,31,0.0,0.0,0,0.0,0.0,0,630389.00,0.00,0.00,216,12.85,3.00,0.00,-1.1,4.998,4.998,4.998,4.998,47
2022-03-19 23:56:22,1.7,2.0,64,0.0,0.0,0,0.0,0.0,0,630453.00,0.00,0.00,216,12.85,3.00,0.00,-1.1,4.998,4.998,4.998,4.998,147
2022-03-19 23:57:22,2.0,2.5,106,0.0,0.0,0,0.0,0.0,0,630559.00,0.00,0.00,215,12.85,2.99,0.00,-1.1,4.998,4.998,4.998,4.998,6
2022-03-19 23:58:22,2.7,2.7,107,0.0,0.0,0,0.0,0.0,0,630666.00,0.00,0.00,214,12.85,2.98,0.00,-1.6,4.998,4.998,4.998,4.998,149
2022-03-19 23:59:22,2.1,2.7,108,0.0,0.0,0,0.0,0.0,0,630774.00,0.00,0.00,214,12.85,2.97,0.00,-1.1,4.998,4.998,4.998,4.998,146
