2022-02-13 00:00:22,0.0,0.0,0,0.0,0.0,0,0.0,0.0,0,0.00,0.00,0.00,335,12.69,4.65,0.00,-17.7,4.998,4.998,4.998,4.998,136
2022-02-13 00:01:22,0.0,0.0,0,0.0,0.0,0,0.0,0.0,0,0.00,0.00,0.00,334,12.69,4.64,0.00,-17.7,4.998,4.998,4.998,4.998,50
2022-02-13 00:02:22,0.0,0.0,0,0.0,0.0,0,0.0,0.0,0,0.00,0.00,0.00,335,12.73,4.65,0.00,-18.2,4.998,4.998,4.998,4.998,63
2022-02-13 00:03:22,0.0,0.0,0,0.0,0.0,0,0.0,0.0,0,0.00,0.00,0.00,334,12.69,4.64,0.00,-17.7,4.998,4.998,4.998,4.998,159
2022-02-13 00:04:22,0.0,0.0,0,0.0,0.0,0,0.0,0.0,0,0.00,0.00,0.00,335,12.69,4.65,0.00,-17.7,4.998,4.998,4.998,4.998,93
2022-02-13 00:05:22,0.0,0.0,0,0.0,0.0,0,0.0,0.0,0,0.00,0.00,0.00,335,12.69,4.65,0.00,-17.7,4.998,4.998,4.998,4.998,0
2022-02-13 00:06:22,0.0,0.0,0,0.0,0.0,0,0.0,0.0,0,0.00,0.00,0.00,334,12.69,4.64,0.00,-17.7,4.998,4.998,4.998,4.998,23
2022-02-13 00:07:22,0.0,0.0,0,0.0,0.0,0,0.0,0.0,0,0.00,0.00,0.00,334,12.69,4.64,0.00,-18.2,4.998,4.998,4.998,4.998,127
2022-02-13 00:08:22,0.0,0.0,0,0.0,0.0,0,0.0,0.0,0,0.00,0.00,0.00,334,12.69,4.64,0.00,-18.2,4.998,4.998,4.998,4.998,179
2022-02-13 00:09:22,0.0,0.0,0,0.0,0.0,0,0.0,0.0,0,0.00,0.00,0.00,334,12.69,4.64,0.00,-17.7,4.998,4.998,4.998,4.998,219
2022-02-13 00:10:22,0.0,0.0,0,0.0,0.0,0,0.0,0.0,0,0.00,0.00,0.00,335,12.73,4.65,0.00,-17.7,4.998,4.998,4.998,4.998,184
2022-02-13 00:11:22,0.0,0.0,0,0.0,0.0,0,0.0,0.0,0,0.00,0.00,0.00,334,12.69,4.64,0.00,-17.7,4.998,4.998,4.998,4.998,45
2022-02-13 00:12:22,0.0,0.0,0,0.0,0.0,0,0.0,0.0,0,0.00,0.00,0.00,334,12.69,4.64,0.00,-17.7,4.998,4.998,4.998,4.998,221
2022-02-13 00:13:22,0.0,0.0,0,0.0,0.0,0,0.0,0.0,0,0.00,0.00,0.00,335,12.69,4.65,0.00,-17.7,4.998,4.998,4.998,4.998,103
2022-02-13 00:14:22,0.0,0.0,0,0.0,0.0,0,0.0,0.0,0,0.00,0.00,0.00,334,12.69,4.64,0.00,-17.7,4.998,4.998,4.998,4.998,165
2022-02-13 00:15:22,0.0,0.0,0,0.0,0.0,0,0.0,0.0,0,0.00,0.00,0.00,334,12.69,4.64,0.00,-17.7,4.998,4.998,4.998,4.998,248
2022-02-13 00:16:22,0.0,0.0,0,0.0,0.0,0,0.0,0.0,0,0.00,0.00,0.00,334,12.69,4.64,0.00,-18.2,4.998,4.998,4.998,4.998,61
2022-02-13 00:17:22,1.6,2.3,56,0.0,0.0,0,0.0,0.0,0,56.00,0.00,0.00,334,12.69,4.64,0.00,-17.7,4.998,4.998,4.998,4.998,36
2022-02-13 00:18:22,0.0,1.6,9,0.0,0.0,0,0.0,0.0,0,65.00,0.00,0.00,335,12.69,4.65,0.00,-17.7,4.998,4.998,4.998,4.998,131
2022-02-13 00:19:22,0.0,0.0,0,0.0,0.0,0,0.0,0.0,0,65.00,0.00,0.00,334,12.69,4.64,0.00,-18.2,4.998,4.998,4.998,4.998,191
2022-02-13 00:20:22,0.0,0.0,1,0.0,0.0,0,0.0,0.0,0,66.00,0.00,0.00,334,12.69,4.64,0.00,-17.7,4.998,4.998,4.998,4.998,123
2022-02-13 00:21:22,1.4,2.4,67,0.0,0.0,0,0.0,0.0,0,133.00,0.00,0.00,334,12.69,4.64,0.00,-18.2,4.998,4.998,4.998,4.998,139
2022-02-13 00:22:22,0.0,1.4,4,0.0,0.0,0,0.0,0.0,0,137.00,0.00,0.00,334,12.69,4.64,0.00,-18.2,4.998,4.998,4.998,4.998,107
2022-02-13 00:23:22,0.0,0.0,0,0.0,0.0,0,0.0,0.0,0,137.00,0.00,0.00,334,12.69,4.64,0.00,-17.7,4.998,4.998,4.998,4.998,61
2022-02-13 00:24:22,0.0,0.0,0,0.0,0.0,0,0.0,0.0,0,137.00,0.00,0.00,335,12.69,4.65,0.00,-17.7,4.998,4.998,4.998,4.998,156
2022-02-13 00:25:22,0.0,0.0,0,0.0,0.0,0,0.0,0.0,0,137.00,0.00,0.00,335,12.69,4.65,0.00,-17.7,4.998,4.998,4.998,4.998,244
2022-02-13 00:26:22,0.0,0.0,0,0.0,0.0,0,0.0,0.0,0,137.00,0.00,0.00,335,12.69,4.65,0.00,-18.2,4.998,4.998,4.998,4.998,157
2022-02-13 00:27:22,0.0,0.0,0,0.0,0.0,0,0.0,0.0,0,137.00,0.00,0.00,334,12.69,4.64,0.00,-18.2,4.998,4.998,4.998,4.998,18
2022-02-13 00:28:22,0.0,0.0,0,0.0,0.0,0,0.0,0.0,0,137.00,0.00,0.00,334,12.69,4.64,0.00,-18.2,4.998,4.998,4.998,4.998,89
2022-02-13 00:29:22,0.0,0.0,0,0.0,0.0,0,0.0,0.0,0,137.00,0.00,0.00,335,12.65,4.65,0.00,-18.2,4.998,4.998,4.998,4.998,32
2022-02-13 00:30:22,0.0,0.0,0,0.0,0.0,0,0.0,0.0,0,137.00,0.00,0.00,334,12.69,4.64,0.00,-18.2,4.998,4.998,4.998,4.998,45
2022-02-13 00:31:22,0.0,0.0,0,0.0,0.0,0,0.0,0.0,0,137.00,0.00,0.00,335,12.69,4.65,0.00,-17.7,4.998,4.998,4.998,4.998,151
2022-02-13 00:32:22,0.0,0.0,0,0.0,0.0,0,0.0,0.0,0,137.00,0.00,0.00,334,12.69,4.64,0.00,-17.7,4.998,4.998,4.998,4.998,44
2022-02-13 00:33:22,0.0,0.0,0,0.0,0.0,0,0.0,0.0,0,137.00,0.00,0.00,335,12.69,4.65,0.00,-17.7,4.998,4.998,4.998,4.998,163
2022-02-13 00:34:22,0.0,0.0,0,0.0,0.0,0,0.0,0.0,0,137.00,0.00,0.00,335,12.69,4.65,0.00,-18.2,4.998,4.998,4.998,4.998,208
2022-02-13 00:35:22,0.0,0.0,0,0.0,0.0,0,0.0,0.0,0,137.00,0.00,0.00,334,12.69,4.64,0.00,-18.2,4.998,4.998,4.998,4.998,95
2022-02-13 00:36:22,0.0,0.0,0,0.0,0.0,0,0.0,0.0,0,137.00,0.00,0.00,335,12.69,4.65,0.00,-18.2,4.998,4.998,4.998,4.998,228
2022-02-13 00:37:22,0.0,0.0,0,0.0,0.0,0,0.0,0.0,0,137.00,0.00,0.00,335,12.69,4.65,0.00,-18.2,4.998,4.998,4.998,4.998,140
2022-02-13 00:38:22,0.0,0.0,0,0.0,0.0,0,0.0,0.0,0,137.00,0.00,0.00,334,12.69,4.64,0.00,-18.7,4.998,4.998,4.998,4.998,84
2022-02-13 00:39:22,0.0,0.0,0,0.0,0.0,0,0.0,0.0,0,137.00,0.00,0.00,334,12.69,4.64,0.00,-18.7,4.998,4.998,4.998,4.998,60
2022-02-13 00:40:22,0.0,0.0,0,0.0,0.0,0,0.0,0.0,0,137.00,0.00,0.00,335,12.69,4.65,0.00,-18.7,4.998,4.998,4.998,4.998,164
2022-02-13 00:41:22,0.0,0.0,0,0.0,0.0,0,0.0,0.0,0,137.00,0.00,0.00,335,12.69,4.65,0.00,-18.7,4.998,4.998,4.998,4.998,204
2022-02-13 00:42:22,0.0,0.0,0,0.0,0.0,0,0.0,0.0,0,137.00,0.00,0.00,334,12.69,4.64,0.00,-18.7,4.998,4.998,4.998,4.998,119
2022-02-13 00:43:22,0.0,0.0,0,0.0,0.0,0,0.0,0.0,0,137.00,0.00,0.00,335,12.69,4.65,0.00,-18.7,4.998,4.998,4.998,4.998,248
2022-02-13 00:44:22,0.0,0.0,0,0.0,0.0,0,0.0,0.0,0,137.00,0.00,0.00,334,12.69,4.64,0.00,-18.7,4.998,4.998,4.998,4.998,89
2022-02-13 00:45:22,0.0,0.0,0,0.0,0.0,0,0.0,0.0,0,137.00,0.00,0.00,334,12.65,4.64,0.00,-18.2,4.998,4.998,4.998,4.998,179
2022-02-13 00:46:22,0.0,0.0,0,0.0,0.0,0,0.0,0.0,0,137.00,0.00,0.00,334,12.69,4.64,0.00,-18.2,4.998,4.998,4.998,4.998,25
2022-02-13 00:47:22,0.0,0.0,0,0.0,0.0,0,0.0,0.0,0,137.00,0.00,0.00,334,12.65,4.64,0.00,-18.2,4.998,4.998,4.998,4.998,135
2022-02-13 00:48:22,0.0,0.0,0,0.0,0.0,0,0.0,0.0,0,137.00,0.00,0.00,334,12.69,4.64,0.00,-18.2,4.998,4.998,4.998,4.998,58
2022-02-13 00:49:22,0.0,0.0,0,0.0,0.0,0,0.0,0.0,0,137.00,0.00,0.00,335,12.69,4.65,0.00,-18.2,4.998,4.998,4.998,4.998,181
2022-02-13 00:50:22,0.0,0.0,0,0.0,0.0,0,0.0,0.0,0,137.00,0.00,0.00,335,12.69,4.65,0.00,-18.7,4.998,4.998,4.998,4.998,221
2022-02-13 00:51:22,0.0,0.0,0,0.0,0.0,0,0.0,0.0,0,137.00,0.00,0.00,335,12.69,4.65,0.00,-18.7,4.998,4.998,4.998,4.998,181
2022-02-13 00:52:22,0.0,0.0,0,0.0,0.0,0,0.0,0.0,0,137.00,0.00,0.00,334,12.69,4.64,0.00,-18.2,4.998,4.998,4.998,4.998,122
2022-02-13 00:53:22,0.0,0.0,0,0.0,0.0,0,0.0,0.0,0,137.00,0.00,0.00,335,12.65,4.65,0.00,-18.7,4.998,4.998,4.998,4.998,119
2022-02-13 00:54:22,0.0,0.0,0,0.0,0.0,0,0.0,0.0,0,137.00,0.00,0.00,334,12.65,4.64,0.00,-18.7,4.998,4.998,4.998,4.998,214
2022-02-13 00:55:22,0.0,0.0,0,0.0,0.0,0,0.0,0.0,0,137.00,0.00,0.00,334,12.65,4.64,0.00,-18.7,4.998,4.998,4.998,4.998,190
2022-02-13 00:56:22,0.0,0.0,0,0.0,0.0,0,0.0,0.0,0,137.00,0.00,0.00,334,12.65,4.64,0.00,-18.7,4.998,4.998,4.998,4.998,226
2022-02-13 00:57:22,0.0,0.0,0,0.0,0.0,0,0.0,0.0,0,137.00,0.00,0.00,334,12.69,4.64,0.00,-18.7,4.998,4.998,4.998,4.998,124
2022-02-13 00:58:22,0.0,0.0,0,0.0,0.0,0,0.0,0.0,0,137.00,0.00,0.00,334,12.65,4.64,0.00,-18.7,4.998,4.998,4.998,4.998,193
2022-02-13 00:59:22,0.0,0.0,0,0.0,0.0,0,0.0,0.0,0,137.00,0.00,0.00,334,12.65,4.64,0.00,-19.2,4.998,4.998,4.998,4.998,19
2022-02-13 01:00:22,0.0,0.0,0,0.0,0.0,0,0.0,0.0,0,137.00,0.00,0.00,334,12.65,4.64,0.00,-18.7,4.998,4.998,4.998,4.998,182
2022-02-13 01:01:22,0.0,0.0,0,0.0,0.0,0,0.0,0.0,0,137.00,0.00,0.00,334,12.65,4.64,0.00,-18.7,4.998,4.998,4.998,4.998,222
2022-02-13 01:02:22,0.0,0.0,0,0.0,0.0,0,0.0,0.0,0,137.00,0.00,0.00,334,12.65,4.64,0.00,-18.7,4.998,4.998,4.998,4.998,130
2022-02-13 01:03:22,0.0,0.0,0,0.0,0.0,0,0.0,0.0,0,137.00,0.00,0.00,334,12.65,4.64,0.00,-18.7,4.998,4.998,4.998,4.998,234
2022-02-13 01:04:22,0.0,0.0,0,0.0,0.0,0,0.0,0.0,0,137.00,0.00,0.00,334,12.65,4.64,0.00,-18.7,4.998,4.998,4.998,4.998,172
2022-02-13 01:05:22,0.0,0.0,0,0.0,0.0,0,0.0,0.0,0,137.00,0.00,0.00,335,12.65,4.65,0.00,-18.7,4.998,4.998,4.998,4.998,35
2022-02-13 01:06:22,0.0,0.0,0,0.0,0.0,0,0.0,0.0,0,137.00,0.00,0.00,334,12.65,4.64,0.00,-19.2,4.998,4.998,4.998,4.998,34
2022-02-13 01:07:22,0.0,0.0,0,0.0,0.0,0,0.0,0.0,0,137.00,0.00,0.00,334,12.65,4.64,0.00,-19.2,4.998,4.998,4.998,4.998,74
2022-02-13 01:08:22,0.0,0.0,0,0.0,0.0,0,0.0,0.0,0,137.00,0.00,0.00,335,12.65,4.65,0.00,-18.7,4.998,4.998,4.998,4.998,92
2022-02-13 01:09:22,0.0,0.0,0,0.0,0.0,0,0.0,0.0,0,137.00,0.00,0.00,334,12.65,4.64,0.00,-18.7,4.998,4.998,4.998,4.998,211
2022-02-13 01:10:22,0.0,0.0,0,0.0,0.0,0,0.0,0.0,0,137.00,0.00,0.00,334,12.65,4.64,0.00,-19.2,4.998,4.998,4.998,4.998,117
2022-02-13 01:11:22,0.0,0.0,0,0.0,0.0,0,0.0,0.0,0,137.00,0.00,0.00,334,12.65,4.64,0.00,-18.7,4.998,4.998,4.998,4.998,167
2022-02-13 01:12:22,0.0,0.0,0,0.0,0.0,0,0.0,0.0,0,137.00,0.00,0.00,334,12.65,4.64,0.00,-19.2,4.998,4.998,4.998,4.998,65
2022-02-13 01:13:22,0.0,0.0,0,0.0,0.0,0,0.0,0.0,0,137.00,0.00,0.00,335,12.65,4.65,0.00,-19.2,4.998,4.998,4.998,4.998,206
2022-02-13 01:14:22,0.0,0.0,0,0.0,0.0,0,0.0,0.0,0,137.00,0.00,0.00,334,12.65,4.64,0.00,-19.2,4.998,4.998,4.998,4.998,111
2022-02-13 01:15:22,0.0,0.0,0,0.0,0.0,0,0.0,0.0,0,137.00,0.00,0.00,334,12.65,4.64,0.00,-19.2,4.998,4.998,4.998,4.998,7
2022-02-13 01:16:22,0.0,0.0,0,0.0,0.0,0,0.0,0.0,0,137.00,0.00,0.00,334,12.65,4.64,0.00,-18.7,4.998,4.998,4.998,4.998,225
2022-02-13 01:17:22,0.0,0.0,0,0.0,0.0,0,0.0,0.0,0,137.00,0.00,0.00,334,12.65,4.64,0.00,-19.2,4.998,4.998,4.998,4.998,51
2022-02-13 01:18:22,0.0,0.0,0,0.0,0.0,0,0.0,0.0,0,137.00,0.00,0.00,334,12.65,4.64,0.00,-18.7,4.998,4.998,4.998,4.998,194
2022-02-13 01:19:22,0.0,0.0,0,0.0,0.0,0,0.0,0.0,0,137.00,0.00,0.00,334,12.65,4.64,0.00,-19.2,4.998,4.998,4.998,4.998,16
2022-02-13 01:20:22,0.0,0.0,0,0.0,0.0,0,0.0,0.0,0,137.00,0.00,0.00,334,12.65,4.64,0.00,-19.2,4.998,4.998,4.998,4.998,179
2022-02-13 01:21:22,0.0,0.0,0,0.0,0.0,0,0.0,0.0,0,137.00,0.00,0.00,334,12.65,4.64,0.00,-18.7,4.998,4.998,4.998,4.998,97
2022-02-13 01:22:22,0.0,0.0,0,0.0,0.0,0,0.0,0.0,0,137.00,0.00,0.00,334,12.65,4.64,0.00,-19.2,4.998,4.998,4.998,4.998,135
2022-02-13 01:23:22,0.0,0.0,0,0.0,0.0,0,0.0,0.0,0,137.00,0.00,0.00,335,12.65,4.65,0.00,-19.2,4.998,4.998,4.998,4.998,8
2022-02-13 01:24:22,0.0,0.0,0,0.0,0.0,0,0.0,0.0,0,137.00,0.00,0.00,334,12.65,4.64,0.00,-19.2,4.998,4.998,4.998,4.998,169
2022-02-13 01:25:22,0.0,0.0,0,0.0,0.0,0,0.0,0.0,0,137.00,0.00,0.00,334,12.65,4.64,0.00,-19.2,4.998,4.998,4.998,4.998,193
2022-02-13 01:26:22,0.0,0.0,0,0.0,0.0,0,0.0,0.0,0,137.00,0.00,0.00,335,12.65,4.65,0.00,-19.7,4.998,4.998,4.998,4.998,14
2022-02-13 01:27:22,0.0,0.0,0,0.0,0.0,0,0.0,0.0,0,137.00,0.00,0.00,335,12.65,4.65,0.00,-19.7,4.998,4.998,4.998,4.998,102
2022-02-13 01:28:22,0.0,0.0,0,0.0,0.0,0,0.0,0.0,0,137.00,0.00,0.00,334,12.65,4.64,0.00,-20.2,4.998,4.998,4.998,4.998,201
2022-02-13 01:29:22,0.0,0.0,0,0.0,0.0,0,0.0,0.0,0,137.00,0.00,0.00,334,12.65,4.64,0.00,-19.7,4.998,4.998,4.998,4.998,162
2022-02-13 01:30:22,0.0,0.0,0,0.0,0.0,0,0.0,0.0,0,137.00,0.00,0.00,334,12.61,4.64,0.00,-19.2,4.998,4.998,4.998,4.998,110
2022-02-13 01:31:22,0.0,0.0,0,0.0,0.0,0,0.0,0.0,0,137.00,0.00,0.00,334,12.65,4.64,0.00,-19.2,4.998,4.998,4.998,4.998,162
2022-02-13 01:32:22,0.0,0.0,0,0.0,0.0,0,0.0,0.0,0,137.00,0.00,0.00,334,12.65,4.64,0.00,-19.2,4.998,4.998,4.998,4.998,254
2022-02-13 01:33:22,0.0,0.0,0,0.0,0.0,0,0.0,0.0,0,137.00,0.00,0.00,335,12.65,4.65,0.00,-19.2,4.998,4.998,4.998,4.998,113
2022-02-13 01:34:22,0.0,0.0,0,0.0,0.0,0,0.0,0.0,0,137.00,0.00,0.00,335,12.61,4.65,0.00,-19.7,4.998,4.998,4.998,4.998,231
2022-02-13 01:35:22,0.0,0.0,0,0.0,0.0,0,0.0,0.0,0,137.00,0.00,0.00,334,12.61,4.64,0.00,-19.2,4.998,4.998,4.998,4.998,28
2022-02-13 01:36:22,0.0,0.0,0,0.0,0.0,0,0.0,0.0,0,137.00,0.00,0.00,334,12.65,4.64,0.00,-19.2,4.998,4.998,4.998,4.998,228
2022-02-13 01:37:22,0.0,0.0,0,0.0,0.0,0,0.0,0.0,0,137.00,0.00,0.00,335,12.65,4.65,0.00,-19.2,4.998,4.998,4.998,4.998,107
2022-02-13 01:38:22,0.0,0.0,0,0.0,0.0,0,0.0,0.0,0,137.00,0.00,0.00,334,12.65,4.64,0.00,-19.2,4.998,4.998,4.998,4.998,199
2022-02-13 01:39:22,0.0,0.0,0,0.0,0.0,0,0.0,0.0,0,137.00,0.00,0.00,334,12.65,4.64,0.00,-19.7,4.998,4.998,4.998,4.998,219
2022-02-13 01:40:22,0.0,0.0,0,0.0,0.0,0,0.0,0.0,0,137.00,0.00,0.00,334,12.65,4.64,0.00,-19.2,4.998,4.998,4.998,4.998,208
2022-02-13 01:41:22,0.0,0.0,0,0.0,0.0,0,0.0,0.0,0,137.00,0.00,0.00,334,12.65,4.64,0.00,-19.2,4.998,4.998,4.998,4.998,184
2022-02-13 01:42:22,0.0,0.0,0,0.0,0.0,0,0.0,0.0,0,137.00,0.00,0.00,334,12.61,4.64,0.00,-19.7,4.998,4.998,4.998,4.998,52
2022-02-13 01:43:22,0.0,0.0,0,0.0,0.0,0,0.0,0.0,0,137.00,0.00,0.00,334,12.61,4.64,0.00,-19.7,4.998,4.998,4.998,4.998,92
2022-02-13 01:44:22,0.0,0.0,0,0.0,0.0,0,0.0,0.0,0,137.00,0.00,0.00,335,12.61,4.65,0.00,-19.7,4.998,4.998,4.998,4.998,253
2022-02-13 01:45:22,0.0,0.0,0,0.0,0.0,0,0.0,0.0,0,137.00,0.00,0.00,335,12.65,4.65,0.00,-19.7,4.998,4.998,4.998,4.998,49
2022-02-13 01:46:22,0.0,0.0,0,0.0,0.0,0,0.0,0.0,0,137.00,0.00,0.00,335,12.61,4.65,0.00,-19.2,4.998,4.998,4.998,4.998,189
2022-02-13 01:47:22,0.0,0.0,0,0.0,0.0,0,0.0,0.0,0,137.00,0.00,0.00,335,12.61,4.65,0.00,-19.2,4.998,4.998,4.998,4.998,213
2022-02-13 01:48:22,0.0,0.0,0,0.0,0.0,0,0.0,0.0,0,137.00,0.00,0.00,334,12.65,4.64,0.00,-19.2,4.998,4.998,4.998,4.998,221
2022-02-13 01:49:22,0.0,0.0,0,0.0,0.0,0,0.0,0.0,0,137.00,0.00,0.00,334,12.61,4.64,0.00,-19.7,4.998,4.998,4.998,4.998,101
2022-02-13 01:50:22,0.0,0.0,0,0.0,0.0,0,0.0,0.0,0,137.00,0.00,0.00,335,12.61,4.65,0.00,-19.7,4.998,4.998,4.998,4.998,158
2022-02-13 01:51:22,0.0,0.0,0,0.0,0.0,0,0.0,0.0,0,137.00,0.00,0.00,334,12.65,4.64,0.00,-19.7,4.998,4.998,4.998,4.998,181
2022-02-13 01:52:22,0.0,0.0,0,0.0,0.0,0,0.0,0.0,0,137.00,0.00,0.00,334,12.61,4.64,0.00,-19.7,4.998,4.998,4.998,4.998,77
2022-02-13 01:53:22,0.0,0.0,0,0.0,0.0,0,0.0,0.0,0,137.00,0.00,0.00,335,12.61,4.65,0.00,-20.2,4.998,4.998,4.998,4.998,193
2022-02-13 01:54:22,0.0,0.0,0,0.0,0.0,0,0.0,0.0,0,137.00,0.00,0.00,335,12.61,4.65,0.00,-19.7,4.998,4.998,4.998,4.998,132
2022-02-13 01:55:22,0.0,0.0,0,0.0,0.0,0,0.0,0.0,0,137.00,0.00,0.00,335,12.65,4.65,0.00,-20.2,4.998,4.998,4.998,4.998,75
2022-02-13 01:56:22,0.0,0.0,0,0.0,0.0,0,0.0,0.0,0,137.00,0.00,0.00,334,12.61,4.64,0.00,-20.2,4.998,4.998,4.998,4.998,84
2022-02-13 01:57:22,0.0,0.0,0,0.0,0.0,0,0.0,0.0,0,137.00,0.00,0.00,334,12.61,4.64,0.00,-19.7,4.998,4.998,4.998,4.998,63
2022-02-13 01:58:22,0.0,0.0,0,0.0,0.0,0,0.0,0.0,0,137.00,0.00,0.00,334,12.65,4.64,0.00,-19.7,4.998,4.998,4.998,4.998,208
2022-02-13 01:59:22,0.0,0.0,0,0.0,0.0,0,0.0,0.0,0,137.00,0.00,0.00,335,12.61,4.65,0.00,-19.7,4.998,4.998,4.998,4.998,251
2022-02-13 02:00:22,0.0,0.0,0,0.0,0.0,0,0.0,0.0,0,137.00,0.00,0.00,334,12.61,4.64,0.00,-20.2,4.998,4.998,4.998,4.998,236
2022-02-13 02:01:22,0.0,0.0,0,0.0,0.0,0,0.0,0.0,0,137.00,0.00,0.00,334,12.61,4.64,0.00,-20.2,4.998,4.998,4.998,4.998,132
2022-02-13 02:02:22,0.0,0.0,0,0.0,0.0,0,0.0,0.0,0,137.00,0.00,0.00,335,12.65,4.65,0.00,-20.2,4.998,4.998,4.998,4.998,155
2022-02-13 02:03:22,0.0,0.0,0,0.0,0.0,0,0.0,0.0,0,137.00,0.00,0.00,335,12.61,4.65,0.00,-20.2,4.998,4.998,4.998,4.998,87
2022-02-13 02:04:22,0.0,0.0,0,0.0,0.0,0,0.0,0.0,0,137.00,0.00,0.00,335,12.65,4.65,0.00,-20.2,4.998,4.998,4.998,4.998,181
2022-02-13 02:05:22,0.0,0.0,0,0.0,0.0,0,0.0,0.0,0,137.00,0.00,0.00,334,12.61,4.64,0.00,-19.7,4.998,4.998,4.998,4.998,157
2022-02-13 02:06:22,0.0,0.0,0,0.0,0.0,0,0.0,0.0,0,137.00,0.00,0.00,334,12.61,4.64,0.00,-20.2,4.998,4.998,4.998,4.998,194
2022-02-13 02:07:22,0.0,0.0,0,0.0,0.0,0,0.0,0.0,0,137.00,0.00,0.00,334,12.61,4.64,0.00,-19.7,4.998,4.998,4.998,4.998,169
2022-02-13 02:08:22,0.0,0.0,0,0.0,0.0,0,0.0,0.0,0,137.00,0.00,0.00,334,12.65,4.64,0.00,-19.7,4.998,4.998,4.998,4.998,70
2022-02-13 02:09:22,0.0,0.0,0,0.0,0.0,0,0.0,0.0,0,137.00,0.00,0.00,334,12.65,4.64,0.00,-19.7,4.998,4.998,4.998,4.998,46
2022-02-13 02:10:22,0.0,0.0,0,0.0,0.0,0,0.0,0.0,0,137.00,0.00,0.00,335,12.65,4.65,0.00,-19.7,4.998,4.998,4.998,4.998,213
2022-02-13 02:11:22,0.0,0.0,0,0.0,0.0,0,0.0,0.0,0,137.00,0.00,0.00,334,12.65,4.64,0.00,-19.7,4.998,4.998,4.998,4.998,90
2022-02-13 02:12:22,0.0,0.0,0,0.0,0.0,0,0.0,0.0,0,137.00,0.00,0.00,334,12.61,4.64,0.00,-20.2,4.998,4.998,4.998,4.998,161
2022-02-13 02:13:22,0.0,0.0,0,0.0,0.0,0,0.0,0.0,0,137.00,0.00,0.00,334,12.61,4.64,0.00,-20.2,4.998,4.998,4.998,4.998,201
2022-02-13 02:14:22,0.0,0.0,0,0.0,0.0,0,0.0,0.0,0,137.00,0.00,0.00,334,12.61,4.64,0.00,-20.2,4.998,4.998,4.998,4.998,143
2022-02-13 02:15:22,0.0,0.0,0,0.0,0.0,0,0.0,0.0,0,137.00,0.00,0.00,335,12.61,4.65,0.00,-20.2,4.998,4.998,4.998,4.998,0
2022-02-13 02:16:22,0.0,0.0,0,0.0,0.0,0,0.0,0.0,0,137.00,0.00,0.00,335,12.61,4.65,0.00,-20.2,4.998,4.998,4.998,4.998,92
2022-02-13 02:17:22,0.0,0.0,0,0.0,0.0,0,0.0,0.0,0,137.00,0.00,0.00,334,12.61,4.64,0.00,-20.2,4.998,4.998,4.998,4.998,211
2022-02-13 02:18:22,0.0,0.0,0,0.0,0.0,0,0.0,0.0,0,137.00,0.00,0.00,334,12.61,4.64,0.00,-20.7,4.998,4.998,4.998,4.998,236
2022-02-13 02:19:22,0.0,0.0,0,0.0,0.0,0,0.0,0.0,0,137.00,0.00,0.00,334,12.61,4.64,0.00,-20.2,4.998,4.998,4.998,4.998,240
2022-02-13 02:20:22,0.0,0.0,0,0.0,0.0,0,0.0,0.0,0,137.00,0.00,0.00,334,12.61,4.64,0.00,-20.2,4.998,4.998,4.998,4.998,83
2022-02-13 02:21:22,0.0,0.0,0,0.0,0.0,0,0.0,0.0,0,137.00,0.00,0.00,335,12.61,4.65,0.00,-20.2,4.998,4.998,4.998,4.998,220
2022-02-13 02:22:22,0.0,0.0,0,0.0,0.0,0,0.0,0.0,0,137.00,0.00,0.00,334,12.61,4.64,0.00,-20.7,4.998,4.998,4.998,4.998,19
2022-02-13 02:23:22,0.0,0.0,0,0.0,0.0,0,0.0,0.0,0,137.00,0.00,0.00,334,12.61,4.64,0.00,-20.7,4.998,4.998,4.998,4.998,123
2022-02-13 02:24:22,0.0,0.0,0,0.0,0.0,0,0.0,0.0,0,137.00,0.00,0.00,334,12.61,4.64,0.00,-20.7,4.998,4.998,4.998,4.998,61
2022-02-13 02:25:22,0.0,0.0,0,0.0,0.0,0,0.0,0.0,0,137.00,0.00,0.00,334,12.61,4.64,0.00,-20.7,4.998,4.998,4.998,4.998,85
2022-02-13 02:26:22,0.0,0.0,0,0.0,0.0,0,0.0,0.0,0,137.00,0.00,0.00,334,12.61,4.64,0.00,-20.7,4.998,4.998,4.998,4.998,9
2022-02-13 02:27:22,0.0,0.0,0,0.0,0.0,0,0.0,0.0,0,137.00,0.00,0.00,334,12.61,4.64,0.00,-20.7,4.998,4.998,4.998,4.998,97
2022-02-13 02:28:22,0.0,0.0,0,0.0,0.0,0,0.0,0.0,0,137.00,0.00,0.00,334,12.61,4.64,0.00,-20.2,4.998,4.998,4.998,4.998,94
2022-02-13 02:29:22,0.0,0.0,0,0.0,0.0,0,0.0,0.0,0,137.00,0.00,0.00,334,12.61,4.64,0.00,-20.7,4.998,4.998,4.998,4.998,66
2022-02-13 02:30:22,0.0,0.0,0,0.0,0.0,0,0.0,0.0,0,137.00,0.00,0.00,335,12.61,4.65,0.00,-20.2,4.998,4.998,4.998,4.998,205
2022-02-13 02:31:22,0.0,0.0,0,0.0,0.0,0,0.0,0.0,0,137.00,0.00,0.00,335,12.61,4.65,0.00,-20.2,4.998,4.998,4.998,4.998,165
2022-02-13 02:32:22,0.0,0.0,0,0.0,0.0,0,0.0,0.0,0,137.00,0.00,0.00,334,12.61,4.64,0.00,-20.2,4.998,4.998,4.998,4.998,30
2022-02-13 02:33:22,0.0,0.0,0,0.0,0.0,0,0.0,0.0,0,137.00,0.00,0.00,334,12.61,4.64,0.00,-20.2,4.998,4.998,4.998,4.998,118
2022-02-13 02:34:22,0.0,0.0,0,0.0,0.0,0,0.0,0.0,0,137.00,0.00,0.00,334,12.61,4.64,0.00,-20.2,4.998,4.998,4.998,4.998,48
2022-02-13 02:35:22,0.0,0.0,0,0.0,0.0,0,0.0,0.0,0,137.00,0.00,0.00,334,12.61,4.64,0.00,-20.7,4.998,4.998,4.998,4.998,44
2022-02-13 02:36:22,0.0,0.0,0,0.0,0.0,0,0.0,0.0,0,137.00,0.00,0.00,334,12.61,4.64,0.00,-20.2,4.998,4.998,4.998,4.998,4
2022-02-13 02:37:22,0.0,0.0,0,0.0,0.0,0,0.0,0.0,0,137.00,0.00,0.00,334,12.61,4.64,0.00,-20.7,4.998,4.998,4.998,4.998,24
2022-02-13 02:38:22,0.0,0.0,0,0.0,0.0,0,0.0,0.0,0,137.00,0.00,0.00,334,12.61,4.64,0.00,-20.2,4.998,4.998,4.998,4.998,39
2022-02-13 02:39:22,0.0,0.0,0,0.0,0.0,0,0.0,0.0,0,137.00,0.00,0.00,334,12.61,4.64,0.00,-20.2,4.998,4.998,4.998,4.998,79
2022-02-13 02:40:22,0.0,0.0,0,0.0,0.0,0,0.0,0.0,0,137.00,0.00,0.00,335,12.61,4.65,0.00,-20.2,4.998,4.998,4.998,4.998,215
2022-02-13 02:41:22,0.0,0.0,0,0.0,0.0,0,0.0,0.0,0,137.00,0.00,0.00,334,12.61,4.64,0.00,-20.2,4.998,4.998,4.998,4.998,88
2022-02-13 02:42:22,0.0,0.0,0,0.0,0.0,0,0.0,0.0,0,137.00,0.00,0.00,334,12.61,4.64,0.00,-20.7,4.998,4.998,4.998,4.998,112
2022-02-13 02:43:22,0.0,0.0,0,0.0,0.0,0,0.0,0.0,0,137.00,0.00,0.00,334,12.61,4.64,0.00,-20.7,4.998,4.998,4.998,4.998,24
2022-02-13 02:44:22,0.0,0.0,0,0.0,0.0,0,0.0,0.0,0,137.00,0.00,0.00,334,12.61,4.64,0.00,-20.7,4.998,4.998,4.998,4.998,94
2022-02-13 02:45:22,0.0,0.0,0,0.0,0.0,0,0.0,0.0,0,137.00,0.00,0.00,334,12.61,4.64,0.00,-20.7,4.998,4.998,4.998,4.998,54
2022-02-13 02:46:22,0.0,0.0,0,0.0,0.0,0,0.0,0.0,0,137.00,0.00,0.00,334,12.61,4.64,0.00,-20.7,4.998,4.998,4.998,4.998,106
2022-02-13 02:47:22,0.0,0.0,0,0.0,0.0,0,0.0,0.0,0,137.00,0.00,0.00,334,12.61,4.64,0.00,-21.1,4.998,4.998,4.998,4.998,29
2022-02-13 02:48:22,0.0,0.0,0,0.0,0.0,0,0.0,0.0,0,137.00,0.00,0.00,334,12.61,4.64,0.00,-20.7,4.998,4.998,4.998,4.998,73
2022-02-13 02:49:22,0.0,0.0,0,0.0,0.0,0,0.0,0.0,0,137.00,0.00,0.00,335,12.61,4.65,0.00,-20.7,4.998,4.998,4.998,4.998,198
2022-02-13 02:50:22,0.0,0.0,0,0.0,0.0,0,0.0,0.0,0,137.00,0.00,0.00,334,12.61,4.64,0.00,-20.7,4.998,4.998,4.998,4.998,61
2022-02-13 02:51:22,0.0,0.0,0,0.0,0.0,0,0.0,0.0,0,137.00,0.00,0.00,335,12.61,4.65,0.00,-20.2,4.998,4.998,4.998,4.998,198
2022-02-13 02:52:22,0.0,0.0,0,0.0,0.0,0,0.0,0.0,0,137.00,0.00,0.00,334,12.61,4.64,0.00,-20.7,4.998,4.998,4.998,4.998,9
2022-02-13 02:53:22,0.0,0.0,0,0.0,0.0,0,0.0,0.0,0,137.00,0.00,0.00,334,12.61,4.64,0.00,-20.7,4.998,4.998,4.998,4.998,97
2022-02-13 02:54:22,0.0,0.0,0,0.0,0.0,0,0.0,0.0,0,137.00,0.00,0.00,334,12.61,4.64,0.00,-20.7,4.998,4.998,4.998,4.998,39
2022-02-13 02:55:22,0.0,0.0,0,0.0,0.0,0,0.0,0.0,0,137.00,0.00,0.00,335,12.61,4.65,0.00,-20.7,4.998,4.998,4.998,4.998,168
2022-02-13 02:56:22,0.0,0.0,0,0.0,0.0,0,0.0,0.0,0,137.00,0.00,0.00,334,12.57,4.64,0.00,-20.7,4.998,4.998,4.998,4.998,211
2022-02-13 02:57:22,0.0,0.0,0,0.0,0.0,0,0.0,0.0,0,137.00,0.00,0.00,334,12.61,4.64,0.00,-21.1,4.998,4.998,4.998,4.998,100
2022-02-13 02:58:22,0.0,0.0,0,0.0,0.0,0,0.0,0.0,0,137.00,0.00,0.00,334,12.61,4.64,0.00,-20.7,4.998,4.998,4.998,4.998,48
2022-02-13 02:59:22,0.0,0.0,0,0.0,0.0,0,0.0,0.0,0,137.00,0.00,0.00,334,12.61,4.64,0.00,-20.7,4.998,4.998,4.998,4.998,88
2022-02-13 03:00:22,0.0,0.0,0,0.0,0.0,0,0.0,0.0,0,137.00,0.00,0.00,335,12.61,4.65,0.00,-20.7,4.998,4.998,4.998,4.998,160
2022-02-13 03:01:22,0.0,0.0,0,0.0,0.0,0,0.0,0.0,0,137.00,0.00,0.00,334,12.61,4.64,0.00,-20.2,4.998,4.998,4.998,4.998,91
2022-02-13 03:02:22,0.0,0.0,0,0.0,0.0,0,0.0,0.0,0,137.00,0.00,0.00,334,12.57,4.64,0.00,-20.2,4.998,4.998,4.998,4.998,199
2022-02-13 03:03:22,0.0,0.0,0,0.0,0.0,0,0.0,0.0,0,137.00,0.00,0.00,334,12.61,4.64,0.00,-20.2,4.998,4.998,4.998,4.998,111
2022-02-13 03:04:22,0.0,0.0,0,0.0,0.0,0,0.0,0.0,0,137.00,0.00,0.00,334,12.61,4.64,0.00,-20.7,4.998,4.998,4.998,4.998,93
2022-02-13 03:05:22,0.0,0.0,0,0.0,0.0,0,0.0,0.0,0,137.00,0.00,0.00,334,12.61,4.64,0.00,-20.2,4.998,4.998,4.998,4.998,65
2022-02-13 03:06:22,0.0,0.0,0,0.0,0.0,0,0.0,0.0,0,137.00,0.00,0.00,334,12.57,4.64,0.00,-20.7,4.998,4.998,4.998,4.998,169
2022-02-13 03:07:22,0.0,0.0,0,0.0,0.0,0,0.0,0.0,0,137.00,0.00,0.00,334,12.61,4.64,0.00,-20.7,4.998,4.998,4.998,4.998,1
2022-02-13 03:08:22,0.0,0.0,0,0.0,0.0,0,0.0,0.0,0,137.00,0.00,0.00,334,12.61,4.64,0.00,-20.7,4.998,4.998,4.998,4.998,74
2022-02-13 03:09:22,0.0,0.0,0,0.0,0.0,0,0.0,0.0,0,137.00,0.00,0.00,334,12.61,4.64,0.00,-20.7,4.998,4.998,4.998,4.998,34
2022-02-13 03:10:22,0.0,0.0,0,0.0,0.0,0,0.0,0.0,0,137.00,0.00,0.00,334,12.57,4.64,0.00,-20.7,4.998,4.998,4.998,4.998,254
2022-02-13 03:11:22,0.0,0.0,0,0.0,0.0,0,0.0,0.0,0,137.00,0.00,0.00,334,12.61,4.64,0.00,-20.7,4.998,4.998,4.998,4.998,86
2022-02-13 03:12:22,0.0,0.0,0,0.0,0.0,0,0.0,0.0,0,137.00,0.00,0.00,334,12.61,4.64,0.00,-21.1,4.998,4.998,4.998,4.998,21
2022-02-13 03:13:22,0.0,0.0,0,0.0,0.0,0,0.0,0.0,0,137.00,0.00,0.00,334,12.61,4.64,0.00,-20.7,4.998,4.998,4.998,4.998,98
2022-02-13 03:14:22,0.0,0.0,0,0.0,0.0,0,0.0,0.0,0,137.00,0.00,0.00,335,12.57,4.65,0.00,-20.7,4.998,4.998,4.998,4.998,3
2022-02-13 03:15:22,0.0,0.0,0,0.0,0.0,0,0.0,0.0,0,137.00,0.00,0.00,334,12.61,4.64,0.00,-21.1,4.998,4.998,4.998,4.998,83
2022-02-13 03:16:22,0.0,0.0,0,0.0,0.0,0,0.0,0.0,0,137.00,0.00,0.00,334,12.61,4.64,0.00,-20.7,4.998,4.998,4.998,4.998,16
2022-02-13 03:17:22,0.0,0.0,0,0.0,0.0,0,0.0,0.0,0,137.00,0.00,0.00,334,12.57,4.64,0.00,-20.7,4.998,4.998,4.998,4.998,184
2022-02-13 03:18:22,0.0,0.0,0,0.0,0.0,0,0.0,0.0,0,137.00,0.00,0.00,334,12.57,4.64,0.00,-20.7,4.998,4.998,4.998,4.998,243
2022-02-13 03:19:22,0.0,0.0,0,0.0,0.0,0,0.0,0.0,0,137.00,0.00,0.00,334,12.57,4.64,0.00,-20.7,4.998,4.998,4.998,4.998,155
2022-02-13 03:20:22,0.0,0.0,0,0.0,0.0,0,0.0,0.0,0,137.00,0.00,0.00,334,12.57,4.64,0.00,-21.1,4.998,4.998,4.998,4.998,39
2022-02-13 03:21:22,0.0,0.0,0,0.0,0.0,0,0.0,0.0,0,137.00,0.00,0.00,334,12.57,4.64,0.00,-21.1,4.998,4.998,4.998,4.998,79
2022-02-13 03:22:22,0.0,0.0,0,0.0,0.0,0,0.0,0.0,0,137.00,0.00,0.00,334,12.61,4.64,0.00,-21.1,4.998,4.998,4.998,4.998,211
2022-02-13 03:23:22,0.0,0.0,0,0.0,0.0,0,0.0,0.0,0,137.00,0.00,0.00,334,12.57,4.64,0.00,-21.1,4.998,4.998,4.998,4.998,123
2022-02-13 03:24:22,0.0,0.0,0,0.0,0.0,0,0.0,0.0,0,137.00,0.00,0.00,334,12.61,4.64,0.00,-20.7,4.998,4.998,4.998,4.998,226
2022-02-13 03:25:22,0.0,0.0,0,0.0,0.0,0,0.0,0.0,0,137.00,0.00,0.00,334,12.57,4.64,0.00,-20.7,4.998,4.998,4.998,4.998,74
2022-02-13 03:26:22,0.0,0.0,0,0.0,0.0,0,0.0,0.0,0,137.00,0.00,0.00,334,12.57,4.64,0.00,-20.7,4.998,4.998,4.998,4.998,22
2022-02-13 03:27:22,0.0,0.0,0,0.0,0.0,0,0.0,0.0,0,137.00,0.00,0.00,334,12.61,4.64,0.00,-20.7,4.998,4.998,4.998,4.998,190
2022-02-13 03:28:22,0.0,0.0,0,0.0,0.0,0,0.0,0.0,0,137.00,0.00,0.00,334,12.61,4.64,0.00,-20.7,4.998,4.998,4.998,4.998,245
2022-02-13 03:29:22,0.0,0.0,0,0.0,0.0,0,0.0,0.0,0,137.00,0.00,0.00,334,12.57,4.64,0.00,-20.7,4.998,4.998,4.998,4.998,93
2022-02-13 03:30:22,0.0,0.0,0,0.0,0.0,0,0.0,0.0,0,137.00,0.00,0.00,334,12.57,4.64,0.00,-20.7,4.998,4.998,4.998,4.998,65
2022-02-13 03:31:22,0.0,0.0,0,0.0,0.0,0,0.0,0.0,0,137.00,0.00,0.00,335,12.57,4.65,0.00,-20.2,4.998,4.998,4.998,4.998,186
2022-02-13 03:32:22,0.0,0.0,0,0.0,0.0,0,0.0,0.0,0,137.00,0.00,0.00,334,12.61,4.64,0.00,-20.7,4.998,4.998,4.998,4.998,181
2022-02-13 03:33:22,0.0,0.0,0,0.0,0.0,0,0.0,0.0,0,137.00,0.00,0.00,335,12.57,4.65,0.00,-20.7,4.998,4.998,4.998,4.998,250
2022-02-13 03:34:22,0.0,0.0,0,0.0,0.0,0,0.0,0.0,0,137.00,0.00,0.00,334,12.57,4.64,0.00,-20.7,4.998,4.998,4.998,4.998,91
2022-02-13 03:35:22,0.0,0.0,0,0.0,0.0,0,0.0,0.0,0,137.00,0.00,0.00,334,12.57,4.64,0.00,-20.7,4.998,4.998,4.998,4.998,51
2022-02-13 03:36:22,0.0,0.0,0,0.0,0.0,0,0.0,0.0,0,137.00,0.00,0.00,334,12.57,4.64,0.00,-20.7,4.998,4.998,4.998,4.998,111
2022-02-13 03:37:22,0.0,0.0,0,0.0,0.0,0,0.0,0.0,0,137.00,0.00,0.00,335,12.61,4.65,0.00,-21.1,4.998,4.998,4.998,4.998,63
2022-02-13 03:38:22,0.0,0.0,0,0.0,0.0,0,0.0,0.0,0,137.00,0.00,0.00,334,12.61,4.64,0.00,-20.7,4.998,4.998,4.998,4.998,140
2022-02-13 03:39:22,0.0,0.0,0,0.0,0.0,0,0.0,0.0,0,137.00,0.00,0.00,334,12.57,4.64,0.00,-21.1,4.998,4.998,4.998,4.998,59
2022-02-13 03:40:22,0.0,0.0,0,0.0,0.0,0,0.0,0.0,0,137.00,0.00,0.00,334,12.57,4.64,0.00,-20.7,4.998,4.998,4.998,4.998,91
2022-02-13 03:41:22,0.0,0.0,0,0.0,0.0,0,0.0,0.0,0,137.00,0.00,0.00,334,12.61,4.64,0.00,-21.1,4.998,4.998,4.998,4.998,236
2022-02-13 03:42:22,0.0,0.0,0,0.0,0.0,0,0.0,0.0,0,137.00,0.00,0.00,335,12.61,4.65,0.00,-20.7,4.998,4.998,4.998,4.998,72
2022-02-13 03:43:22,0.0,0.0,0,0.0,0.0,0,0.0,0.0,0,137.00,0.00,0.00,334,12.57,4.64,0.00,-21.1,4.998,4.998,4.998,4.998,24
2022-02-13 03:44:22,0.0,0.0,0,0.0,0.0,0,0.0,0.0,0,137.00,0.00,0.00,335,12.61,4.65,0.00,-21.1,4.998,4.998,4.998,4.998,121
2022-02-13 03:45:22,0.0,0.0,0,0.0,0.0,0,0.0,0.0,0,137.00,0.00,0.00,334,12.57,4.64,0.00,-21.1,4.998,4.998,4.998,4.998,54
2022-02-13 03:46:22,0.0,0.0,0,0.0,0.0,0,0.0,0.0,0,137.00,0.00,0.00,334,12.61,4.64,0.00,-20.7,4.998,4.998,4.998,4.998,181
2022-02-13 03:47:22,0.0,0.0,0,0.0,0.0,0,0.0,0.0,0,137.00,0.00,0.00,334,12.61,4.64,0.00,-21.1,4.998,4.998,4.998,4.998,194
2022-02-13 03:48:22,0.0,0.0,0,0.0,0.0,0,0.0,0.0,0,137.00,0.00,0.00,335,12.57,4.65,0.00,-21.1,4.998,4.998,4.998,4.998,174
2022-02-13 03:49:22,0.0,0.0,0,0.0,0.0,0,0.0,0.0,0,137.00,0.00,0.00,335,12.57,4.65,0.00,-21.1,4.998,4.998,4.998,4.998,198
2022-02-13 03:50:22,0.0,0.0,0,0.0,0.0,0,0.0,0.0,0,137.00,0.00,0.00,334,12.61,4.64,0.00,-20.7,4.998,4.998,4.998,4.998,226
2022-02-13 03:51:22,0.0,0.0,0,0.0,0.0,0,0.0,0.0,0,137.00,0.00,0.00,335,12.57,4.65,0.00,-20.7,4.998,4.998,4.998,4.998,173
2022-02-13 03:52:22,0.0,0.0,0,0.0,0.0,0,0.0,0.0,0,137.00,0.00,0.00,334,12.61,4.64,0.00,-20.7,4.998,4.998,4.998,4.998,214
2022-02-13 03:53:22,0.0,0.0,0,0.0,0.0,0,0.0,0.0,0,137.00,0.00,0.00,334,12.57,4.64,0.00,-20.7,4.998,4.998,4.998,4.998,126
2022-02-13 03:54:22,0.0,0.0,0,0.0,0.0,0,0.0,0.0,0,137.00,0.00,0.00,334,12.57,4.64,0.00,-21.1,4.998,4.998,4.998,4.998,39
2022-02-13 03:55:22,0.0,0.0,0,0.0,0.0,0,0.0,0.0,0,137.00,0.00,0.00,334,12.57,4.64,0.00,-20.7,4.998,4.998,4.998,4.998,80
2022-02-13 03:56:22,0.0,0.0,0,0.0,0.0,0,0.0,0.0,0,137.00,0.00,0.00,334,12.57,4.64,0.00,-20.7,4.998,4.998,4.998,4.998,12
2022-02-13 03:57:22,0.0,0.0,0,0.0,0.0,0,0.0,0.0,0,137.00,0.00,0.00,334,12.57,4.64,0.00,-21.1,4.998,4.998,4.998,4.998,123
2022-02-13 03:58:22,0.0,0.0,0,0.0,0.0,0,0.0,0.0,0,137.00,0.00,0.00,335,12.57,4.65,0.00,-21.1,4.998,4.998,4.998,4.998,215
2022-02-13 03:59:22,0.0,0.0,0,0.0,0.0,0,0.0,0.0,0,137.00,0.00,0.00,334,12.57,4.64,0.00,-20.7,4.998,4.998,4.998,4.998,71
2022-02-13 04:00:22,0.0,0.0,0,0.0,0.0,0,0.0,0.0,0,137.00,0.00,0.00,334,12.57,4.64,0.00,-20.7,4.998,4.998,4.998,4.998,194
2022-02-13 04:01:22,0.0,0.0,0,0.0,0.0,0,0.0,0.0,0,137.00,0.00,0.00,335,12.57,4.65,0.00,-21.1,4.998,4.998,4.998,4.998,82
2022-02-13 04:02:22,0.0,0.0,0,0.0,0.0,0,0.0,0.0,0,137.00,0.00,0.00,335,12.57,4.65,0.00,-21.1,4.998,4.998,4.998,4.998,14
2022-02-13 04:03:22,0.0,0.0,0,0.0,0.0,0,0.0,0.0,0,137.00,0.00,0.00,334,12.57,4.64,0.00,-20.7,4.998,4.998,4.998,4.998,158
2022-02-13 04:04:22,0.0,0.0,0,0.0,0.0,0,0.0,0.0,0,137.00,0.00,0.00,334,12.57,4.64,0.00,-20.7,4.998,4.998,4.998,4.998,216
2022-02-13 04:05:22,0.0,0.0,0,0.0,0.0,0,0.0,0.0,0,137.00,0.00,0.00,335,12.57,4.65,0.00,-21.1,4.998,4.998,4.998,4.998,72
2022-02-13 04:06:22,0.0,0.0,0,0.0,0.0,0,0.0,0.0,0,137.00,0.00,0.00,335,12.57,4.65,0.00,-20.7,4.998,4.998,4.998,4.998,11
2022-02-13 04:07:22,0.0,0.0,0,0.0,0.0,0,0.0,0.0,0,137.00,0.00,0.00,335,12.57,4.65,0.00,-21.1,4.998,4.998,4.998,4.998,124
2022-02-13 04:08:22,0.0,0.0,0,0.0,0.0,0,0.0,0.0,0,137.00,0.00,0.00,334,12.57,4.64,0.00,-21.1,4.998,4.998,4.998,4.998,208
2022-02-13 04:09:22,0.0,0.0,0,0.0,0.0,0,0.0,0.0,0,137.00,0.00,0.00,334,12.57,4.64,0.00,-20.7,4.998,4.998,4.998,4.998,167
2022-02-13 04:10:22,0.0,0.0,0,0.0,0.0,0,0.0,0.0,0,137.00,0.00,0.00,334,12.57,4.64,0.00,-21.1,4.998,4.998,4.998,4.998,164
2022-02-13 04:11:22,0.0,0.0,0,0.0,0.0,0,0.0,0.0,0,137.00,0.00,0.00,334,12.57,4.64,0.00,-21.1,4.998,4.998,4.998,4.998,204
2022-02-13 04:12:22,0.0,0.0,0,0.0,0.0,0,0.0,0.0,0,137.00,0.00,0.00,335,12.57,4.65,0.00,-21.1,4.998,4.998,4.998,4.998,119
2022-02-13 04:13:22,0.0,0.0,0,0.0,0.0,0,0.0,0.0,0,137.00,0.00,0.00,334,12.57,4.64,0.00,-20.7,4.998,4.998,4.998,4.998,231
2022-02-13 04:14:22,0.0,0.0,0,0.0,0.0,0,0.0,0.0,0,137.00,0.00,0.00,334,12.57,4.64,0.00,-21.1,4.998,4.998,4.998,4.998,190
2022-02-13 04:15:22,0.0,0.0,0,0.0,0.0,0,0.0,0.0,0,137.00,0.00,0.00,334,12.57,4.64,0.00,-21.1,4.998,4.998,4.998,4.998,214
2022-02-13 04:16:22,0.0,0.0,0,0.0,0.0,0,0.0,0.0,0,137.00,0.00,0.00,335,12.57,4.65,0.00,-20.7,4.998,4.998,4.998,4.998,114
2022-02-13 04:17:22,0.0,0.0,0,0.0,0.0,0,0.0,0.0,0,137.00,0.00,0.00,334,12.57,4.64,0.00,-21.1,4.998,4.998,4.998,4.998,226
2022-02-13 04:18:22,0.0,0.0,0,0.0,0.0,0,0.0,0.0,0,137.00,0.00,0.00,334,12.57,4.64,0.00,-21.1,4.998,4.998,4.998,4.998,169
2022-02-13 04:19:22,0.0,0.0,0,0.0,0.0,0,0.0,0.0,0,137.00,0.00,0.00,334,12.57,4.64,0.00,-20.7,4.998,4.998,4.998,4.998,222
2022-02-13 04:20:22,0.0,0.0,0,0.0,0.0,0,0.0,0.0,0,137.00,0.00,0.00,334,12.57,4.64,0.00,-20.7,4.998,4.998,4.998,4.998,125
2022-02-13 04:21:22,0.0,0.0,0,0.0,0.0,0,0.0,0.0,0,137.00,0.00,0.00,334,12.57,4.64,0.00,-20.7,4.998,4.998,4.998,4.998,21
2022-02-13 04:22:22,0.0,0.0,0,0.0,0.0,0,0.0,0.0,0,137.00,0.00,0.00,334,12.57,4.64,0.00,-20.7,4.998,4.998,4.998,4.998,73
2022-02-13 04:23:22,1.6,2.7,73,0.0,0.0,0,0.0,0.0,0,210.00,0.00,0.00,334,12.57,4.64,0.00,-21.1,4.998,4.998,4.998,4.998,50
2022-02-13 04:24:22,1.2,2.5,82,0.0,0.0,0,0.0,0.0,0,292.00,0.00,0.00,334,12.57,4.64,0.00,-20.7,4.998,4.998,4.998,4.998,163
2022-02-13 04:25:22,2.3,2.4,67,0.0,0.0,0,0.0,0.0,0,359.00,0.00,0.00,334,12.57,4.64,0.00,-20.7,4.998,4.998,4.998,4.998,231
2022-02-13 04:26:22,1.6,2.7,86,0.0,0.0,0,0.0,0.0,0,445.00,0.00,0.00,334,12.57,4.64,0.00,-20.7,4.998,4.998,4.998,4.998,85
2022-02-13 04:27:22,1.5,1.7,42,0.0,0.0,0,0.0,0.0,0,487.00,0.00,0.00,334,12.57,4.64,0.00,-20.7,4.998,4.998,4.998,4.998,218
2022-02-13 04:28:22,1.5,1.6,26,0.0,0.0,0,0.0,0.0,0,513.00,0.00,0.00,334,12.57,4.64,0.00,-20.7,4.998,4.998,4.998,4.998,87
2022-02-13 04:29:22,1.4,1.8,30,0.0,0.0,0,0.0,0.0,0,543.00,0.00,0.00,334,12.57,4.64,0.00,-20.7,4.998,4.998,4.998,4.998,174
2022-02-13 04:30:22,0.0,1.3,7,0.0,0.0,0,0.0,0.0,0,550.00,0.00,0.00,334,12.57,4.64,0.00,-21.1,4.998,4.998,4.998,4.998,95
2022-02-13 04:31:22,0.0,0.0,0,0.0,0.0,0,0.0,0.0,0,550.00,0.00,0.00,334,12.57,4.64,0.00,-21.1,4.998,4.998,4.998,4.998,205
2022-02-13 04:32:22,0.0,0.0,0,0.0,0.0,0,0.0,0.0,0,550.00,0.00,0.00,333,12.57,4.63,0.00,-20.7,4.998,4.998,4.998,4.998,225
2022-02-13 04:33:22,0.0,0.0,0,0.0,0.0,0,0.0,0.0,0,550.00,0.00,0.00,334,12.57,4.64,0.00,-20.7,4.998,4.998,4.998,4.998,230
2022-02-13 04:34:22,0.0,2.4,43,0.0,0.0,0,0.0,0.0,0,593.00,0.00,0.00,333,12.57,4.63,0.00,-20.7,4.998,4.998,4.998,4.998,206
2022-02-13 04:35:22,0.0,0.0,0,0.0,0.0,0,0.0,0.0,0,593.00,0.00,0.00,333,12.57,4.63,0.00,-20.7,4.998,4.998,4.998,4.998,4
2022-02-13 04:36:22,0.0,0.0,0,0.0,0.0,0,0.0,0.0,0,593.00,0.00,0.00,333,12.57,4.63,0.00,-20.7,4.998,4.998,4.998,4.998,88
2022-02-13 04:37:22,0.0,0.0,0,0.0,0.0,0,0.0,0.0,0,593.00,0.00,0.00,333,12.57,4.63,0.00,-20.7,4.998,4.998,4.998,4.998,48
2022-02-13 04:38:22,1.4,1.4,4,0.0,0.0,0,0.0,0.0,0,597.00,0.00,0.00,333,12.57,4.63,0.00,-20.7,4.998,4.998,4.998,4.998,240
2022-02-13 04:39:22,1.6,2.3,62,0.0,0.0,0,0.0,0.0,0,659.00,0.00,0.00,333,12.57,4.63,0.00,-20.2,4.998,4.998,4.998,4.998,102
2022-02-13 04:40:22,1.7,3.3,108,0.0,0.0,0,0.0,0.0,0,767.00,0.00,0.00,238,12.57,3.31,0.00,-20.7,4.998,4.998,4.998,4.998,75
2022-02-13 04:41:22,1.5,2.2,76,0.0,0.0,0,0.0,0.0,0,843.00,0.00,0.00,238,12.57,3.31,0.00,-20.2,4.998,4.998,4.998,4.998,148
2022-02-13 04:42:22,1.3,2.1,62,0.0,0.0,0,0.0,0.0,0,905.00,0.00,0.00,238,12.57,3.31,0.00,-20.7,4.998,4.998,4.998,4.998,67
2022-02-13 04:43:22,1.6,2.7,83,0.0,0.0,0,0.0,0.0,0,988.00,0.00,0.00,238,12.57,3.31,0.00,-20.2,4.998,4.998,4.998,4.998,90
2022-02-13 04:44:22,0.0,1.8,29,0.0,0.0,0,0.0,0.0,0,1017.00,0.00,0.00,238,12.57,3.31,0.00,-20.7,4.998,4.998,4.998,4.998,143
2022-02-13 04:45:22,0.0,0.0,0,0.0,0.0,0,0.0,0.0,0,1017.00,0.00,0.00,238,12.57,3.31,0.00,-20.7,4.998,4.998,4.998,4.998,110
2022-02-13 04:46:22,0.0,0.0,0,0.0,0.0,0,0.0,0.0,0,1017.00,0.00,0.00,238,12.57,3.31,0.00,-20.7,4.998,4.998,4.998,4.998,168
2022-02-13 04:47:22,0.0,0.0,0,0.0,0.0,0,0.0,0.0,0,1017.00,0.00,0.00,238,12.57,3.31,0.00,-20.2,4.998,4.998,4.998,4.998,165
2022-02-13 04:48:22,0.0,0.0,0,0.0,0.0,0,0.0,0.0,0,1017.00,0.00,0.00,238,12.57,3.31,0.00,-20.2,4.998,4.998,4.998,4.998,209
2022-02-13 04:49:22,0.0,0.0,0,0.0,0.0,0,0.0,0.0,0,1017.00,0.00,0.00,238,12.57,3.31,0.00,-20.2,4.998,4.998,4.998,4.998,168
2022-02-13 04:50:22,0.0,0.0,0,0.0,0.0,0,0.0,0.0,0,1017.00,0.00,0.00,238,12.57,3.31,0.00,-20.2,4.998,4.998,4.998,4.998,172
2022-02-13 04:51:22,0.0,0.0,0,0.0,0.0,0,0.0,0.0,0,1017.00,0.00,0.00,238,12.57,3.31,0.00,-20.7,4.998,4.998,4.998,4.998,161
2022-02-13 04:52:22,0.0,0.0,0,0.0,0.0,0,0.0,0.0,0,1017.00,0.00,0.00,238,12.53,3.31,0.00,-20.2,4.998,4.998,4.998,4.998,183
2022-02-13 04:53:22,0.0,0.0,0,0.0,0.0,0,0.0,0.0,0,1017.00,0.00,0.00,238,12.57,3.31,0.00,-20.2,4.998,4.998,4.998,4.998,106
2022-02-13 04:54:22,0.0,0.0,0,0.0,0.0,0,0.0,0.0,0,1017.00,0.00,0.00,238,12.57,3.31,0.00,-20.2,4.998,4.998,4.998,4.998,112
2022-02-13 04:55:22,0.0,0.0,0,0.0,0.0,0,0.0,0.0,0,1017.00,0.00,0.00,238,12.57,3.31,0.00,-20.2,4.998,4.998,4.998,4.998,9
2022-02-13 04:56:22,0.0,0.0,0,0.0,0.0,0,0.0,0.0,0,1017.00,0.00,0.00,238,12.57,3.31,0.00,-20.2,4.998,4.998,4.998,4.998,207
2022-02-13 04:57:22,0.0,0.0,0,0.0,0.0,0,0.0,0.0,0,1017.00,0.00,0.00,238,12.57,3.31,0.00,-20.7,4.998,4.998,4.998,4.998,194
2022-02-13 04:58:22,0.0,0.0,0,0.0,0.0,0,0.0,0.0,0,1017.00,0.00,0.00,238,12.57,3.31,0.00,-20.7,4.998,4.998,4.998,4.998,182
2022-02-13 04:59:22,0.0,0.0,0,0.0,0.0,0,0.0,0.0,0,1017.00,0.00,0.00,238,12.57,3.31,0.00,-20.7,4.998,4.998,4.998,4.998,207
2022-02-13 05:00:22,0.0,0.0,0,0.0,0.0,0,0.0,0.0,0,1017.00,0.00,0.00,238,12.57,3.31,0.00,-20.7,4.998,4.998,4.998,4.998,167
2022-02-13 05:01:22,0.0,0.0,0,0.0,0.0,0,0.0,0.0,0,1017.00,0.00,0.00,238,12.57,3.31,0.00,-20.7,4.998,4.998,4.998,4.998,222
2022-02-13 05:02:22,0.0,0.0,0,0.0,0.0,0,0.0,0.0,0,1017.00,0.00,0.00,238,12.57,3.31,0.00,-20.7,4.998,4.998,4.998,4.998,24
2022-02-13 05:03:22,0.0,0.0,0,0.0,0.0,0,0.0,0.0,0,1017.00,0.00,0.00,238,12.57,3.31,0.00,-20.2,4.998,4.998,4.998,4.998,21
2022-02-13 05:04:22,0.0,0.0,0,0.0,0.0,0,0.0,0.0,0,1017.00,0.00,0.00,238,12.57,3.31,0.00,-20.2,4.998,4.998,4.998,4.998,15
2022-02-13 05:05:22,0.0,0.0,0,0.0,0.0,0,0.0,0.0,0,1017.00,0.00,0.00,238,12.57,3.31,0.00,-20.7,4.998,4.998,4.998,4.998,2
2022-02-13 05:06:22,1.2,1.5,25,0.0,0.0,0,0.0,0.0,0,1042.00,0.00,0.00,238,12.57,3.31,0.00,-20.2,4.998,4.998,4.998,4.998,91
2022-02-13 05:07:22,0.0,1.1,3,0.0,0.0,0,0.0,0.0,0,1045.00,0.00,0.00,238,12.57,3.31,0.00,-20.7,4.998,4.998,4.998,4.998,213
2022-02-13 05:08:22,0.0,0.0,0,0.0,0.0,0,0.0,0.0,0,1045.00,0.00,0.00,238,12.57,3.31,0.00,-20.7,4.998,4.998,4.998,4.998,220
2022-02-13 05:09:22,0.0,0.0,0,0.0,0.0,0,0.0,0.0,0,1045.00,0.00,0.00,238,12.57,3.31,0.00,-20.2,4.998,4.998,4.998,4.998,209
2022-02-13 05:10:22,1.6,2.1,47,0.0,0.0,0,0.0,0.0,0,1092.00,0.00,0.00,238,12.57,3.31,0.00,-20.2,4.998,4.998,4.998,4.998,232
2022-02-13 05:11:22,0.0,1.7,4,0.0,0.0,0,0.0,0.0,0,1096.00,0.00,0.00,238,12.57,3.31,0.00,-20.2,4.998,4.998,4.998,4.998,30
2022-02-13 05:12:22,0.0,0.0,0,0.0,0.0,0,0.0,0.0,0,1096.00,0.00,0.00,238,12.53,3.31,0.00,-20.2,4.998,4.998,4.998,4.998,240
2022-02-13 05:13:22,0.0,0.0,0,0.0,0.0,0,0.0,0.0,0,1096.00,0.00,0.00,238,12.57,3.31,0.00,-20.2,4.998,4.998,4.998,4.998,45
2022-02-13 05:14:22,1.7,2.5,66,0.0,0.0,0,0.0,0.0,0,1162.00,0.00,0.00,238,12.57,3.31,0.00,-20.2,4.998,4.998,4.998,4.998,132
2022-02-13 05:15:22,1.4,1.9,38,0.0,0.0,0,0.0,0.0,0,1200.00,0.00,0.00,238,12.57,3.31,0.00,-20.2,4.998,4.998,4.998,4.998,168
2022-02-13 05:16:22,1.9,2.6,85,0.0,0.0,0,0.0,0.0,0,1285.00,0.00,0.00,238,12.57,3.31,0.00,-20.2,4.998,4.998,4.998,4.998,104
2022-02-13 05:17:22,1.4,2.9,101,0.0,0.0,0,0.0,0.0,0,1386.00,0.00,0.00,238,12.57,3.31,0.00,-20.2,4.998,4.998,4.998,4.998,7
2022-02-13 05:18:22,1.9,2.9,94,0.0,0.0,0,0.0,0.0,0,1480.00,0.00,0.00,238,12.57,3.30,0.00,-19.7,4.998,4.998,4.998,4.998,224
2022-02-13 05:19:22,0.0,3.5,93,0.0,0.0,0,0.0,0.0,0,1573.00,0.00,0.00,226,12.57,3.13,0.00,-20.2,4.998,4.998,4.998,4.998,124
2022-02-13 05:20:22,1.6,3.7,109,0.0,0.0,0,0.0,0.0,0,1682.00,0.00,0.00,224,12.57,3.11,0.00,-19.7,4.998,4.998,4.998,4.998,28
2022-02-13 05:21:22,2.0,3.3,115,0.0,0.0,0,0.0,0.0,0,1797.00,0.00,0.00,223,12.57,3.10,0.00,-20.2,4.998,4.998,4.998,4.998,111
2022-02-13 05:22:22,2.3,3.1,103,0.0,0.0,0,0.0,0.0,0,1900.00,0.00,0.00,223,12.57,3.10,0.00,-20.2,4.998,4.998,4.998,4.998,184
2022-02-13 05:23:22,1.9,2.8,106,0.0,0.0,0,0.0,0.0,0,2006.00,0.00,0.00,223,12.57,3.11,0.00,-20.2,4.998,4.998,4.998,4.998,64
2022-02-13 05:24:22,2.5,3.8,116,0.0,0.0,0,0.0,0.0,0,2122.00,0.00,0.00,220,12.57,3.05,0.00,-20.2,4.998,4.998,4.998,4.998,230
2022-02-13 05:25:22,2.0,2.9,94,0.0,0.0,0,0.0,0.0,0,2216.00,0.00,0.00,220,12.57,3.05,0.00,-19.7,4.998,4.998,4.998,4.998,156
2022-02-13 05:26:22,0.0,2.4,68,0.0,0.0,0,0.0,0.0,0,2284.00,0.00,0.00,219,12.53,3.05,0.00,-20.2,4.998,4.998,4.998,4.998,250
2022-02-13 05:27:22,2.4,2.8,101,0.0,0.0,0,0.0,0.0,0,2385.00,0.00,0.00,220,12.57,3.05,0.00,-20.2,4.998,4.998,4.998,4.998,11
2022-02-13 05:28:22,2.7,3.5,135,0.0,0.0,0,0.0,0.0,0,2520.00,0.00,0.00,219,12.57,3.04,0.00,-20.2,4.998,4.998,4.998,4.998,82
2022-02-13 05:29:22,3.0,3.3,118,0.0,0.0,0,0.0,0.0,0,2638.00,0.00,0.00,218,12.57,3.03,0.00,-19.7,4.998,4.998,4.998,4.998,153
2022-02-13 05:30:22,2.0,3.4,122,0.0,0.0,0,0.0,0.0,0,2760.00,0.00,0.00,218,12.57,3.03,0.00,-20.2,4.998,4.998,4.998,4.998,4
2022-02-13 05:31:22,1.5,3.4,106,0.0,0.0,0,0.0,0.0,0,2866.00,0.00,0.00,217,12.57,3.02,0.00,-20.2,4.998,4.998,4.998,4.998,94
2022-02-13 05:32:22,1.6,2.5,72,0.0,0.0,0,0.0,0.0,0,2938.00,0.00,0.00,217,12.57,3.02,0.00,-20.2,4.998,4.998,4.998,4.998,30
2022-02-13 05:33:22,3.2,3.5,128,0.0,0.0,0,0.0,0.0,0,3066.00,0.00,0.00,217,12.57,3.02,0.00,-19.7,4.998,4.998,4.998,4.998,244
2022-02-13 05:34:22,1.9,3.4,120,0.0,0.0,0,0.0,0.0,0,3186.00,0.00,0.00,216,12.57,3.01,0.00,-20.2,4.998,4.998,4.998,4.998,143
2022-02-13 05:35:22,2.5,3.1,119,0.0,0.0,0,0.0,0.0,0,3305.00,0.00,0.00,216,12.57,3.00,0.00,-19.7,4.998,4.998,4.998,4.998,167
2022-02-13 05:36:22,2.1,3.2,125,0.0,0.0,0,0.0,0.0,0,3430.00,0.00,0.00,216,12.57,3.01,0.00,-20.2,4.998,4.998,4.998,4.998,135
2022-02-13 05:37:22,2.0,3.5,114,0.0,0.0,0,0.0,0.0,0,3544.00,0.00,0.00,215,12.57,2.99,0.00,-20.2,4.998,4.998,4.998,4.998,242
2022-02-13 05:38:22,2.6,2.6,85,0.0,0.0,0,0.0,0.0,0,3629.00,0.00,0.00,215,12.57,2.99,0.00,-20.2,4.998,4.998,4.998,4.998,97
2022-02-13 05:39:22,2.3,3.3,132,0.0,0.0,0,0.0,0.0,0,3761.00,0.00,0.00,215,12.57,2.99,0.00,-19.7,4.998,4.998,4.998,4.998,137
2022-02-13 05:40:22,1.4,2.5,73,0.0,0.0,0,0.0,0.0,0,3834.00,0.00,0.00,215,12.57,2.99,0.00,-20.2,4.998,4.998,4.998,4.998,87
2022-02-13 05:41:22,2.6,2.6,98,0.0,0.0,0,0.0,0.0,0,3932.00,0.00,0.00,215,12.57,2.99,0.00,-20.7,4.998,4.998,4.998,4.998,119
2022-02-13 05:42:22,2.4,4.2,143,0.0,0.0,0,0.0,0.0,0,4075.00,0.00,0.00,215,12.57,2.98,0.00,-19.7,4.998,4.998,4.998,4.998,217
2022-02-13 05:43:22,1.1,2.4,59,0.0,0.0,0,0.0,0.0,0,4134.00,0.00,0.00,215,12.57,2.99,0.00,-20.2,4.998,4.998,4.998,4.998,65
2022-02-13 05:44:22,1.6,2.0,72,0.0,0.0,0,0.0,0.0,0,4206.00,0.00,0.00,215,12.57,2.98,0.00,-19.7,4.998,4.998,4.998,4.998,193
2022-02-13 05:45:22,1.7,1.8,43,0.0,0.0,0,0.0,0.0,0,4249.00,0.00,0.00,215,12.57,2.99,0.00,-20.2,4.998,4.998,4.998,4.998,11
2022-02-13 05:46:22,2.4,2.4,73,0.0,0.0,0,0.0,0.0,0,4322.00,0.00,0.00,215,12.57,2.99,0.00,-20.2,4.998,4.998,4.998,4.998,122
2022-02-13 05:47:22,1.4,3.2,111,0.0,0.0,0,0.0,0.0,0,4433.00,0.00,0.00,215,12.57,2.99,0.00,-20.2,4.998,4.998,4.998,4.998,129
2022-02-13 05:48:22,1.9,2.1,57,0.0,0.0,0,0.0,0.0,0,4490.00,0.00,0.00,215,12.57,2.99,0.00,-20.2,4.998,4.998,4.998,4.998,216
2022-02-13 05:49:22,1.9,2.9,91,0.0,0.0,0,0.0,0.0,0,4581.00,0.00,0.00,215,12.57,2.99,0.00,-20.2,4.998,4.998,4.998,4.998,157
2022-02-13 05:50:22,1.6,2.2,50,0.0,0.0,0,0.0,0.0,0,4631.00,0.00,0.00,215,12.57,2.99,0.00,-19.7,4.998,4.998,4.998,4.998,74
2022-02-13 05:51:22,0.0,1.7,18,0.0,0.0,0,0.0,0.0,0,4649.00,0.00,0.00,215,12.57,2.99,0.00,-20.2,4.998,4.998,4.998,4.998,4
2022-02-13 05:52:22,1.2,2.3,66,0.0,0.0,0,0.0,0.0,0,4715.00,0.00,0.00,215,12.57,2.99,0.00,-20.2,4.998,4.998,4.998,4.998,196
2022-02-13 05:53:22,1.9,2.4,86,0.0,0.0,0,0.0,0.0,0,4801.00,0.00,0.00,215,12.57,2.98,0.00,-20.2,4.998,4.998,4.998,4.998,252
2022-02-13 05:54:22,3.3,3.5,132,0.0,0.0,0,0.0,0.0,0,4933.00,0.00,0.00,215,12.57,2.98,0.00,-20.7,4.998,4.998,4.998,4.998,117
2022-02-13 05:55:22,1.9,3.4,124,0.0,0.0,0,0.0,0.0,0,5057.00,0.00,0.00,215,12.57,2.98,0.00,-20.2,4.998,4.998,4.998,4.998,214
2022-02-13 05:56:22,2.0,2.4,80,0.0,0.0,0,0.0,0.0,0,5137.00,0.00,0.00,215,12.57,2.98,0.00,-20.7,4.998,4.998,4.998,4.998,16
2022-02-13 05:57:22,1.7,2.6,92,0.0,0.0,0,0.0,0.0,0,5229.00,0.00,0.00,215,12.57,2.99,0.00,-20.7,4.998,4.998,4.998,4.998,194
2022-02-13 05:58:22,2.2,3.0,117,0.0,0.0,0,0.0,0.0,0,5346.00,0.00,0.00,215,12.57,2.98,0.00,-20.2,4.998,4.998,4.998,4.998,60
2022-02-13 05:59:22,1.6,2.2,82,0.0,0.0,0,0.0,0.0,0,5428.00,0.00,0.00,215,12.57,2.98,0.00,-20.2,4.998,4.998,4.998,4.998,137
2022-02-13 06:00:22,1.8,2.4,91,0.0,0.0,0,0.0,0.0,0,5519.00,0.00,0.00,215,12.57,2.98,0.00,-20.2,4.998,4.998,4.998,4.998,181
2022-02-13 06:01:22,2.4,3.9,140,0.0,0.0,0,0.0,0.0,0,5659.00,0.00,0.00,204,12.57,2.83,0.00,-20.2,4.998,4.998,4.998,4.998,86
2022-02-13 06:02:22,2.0,2.7,101,0.0,0.0,0,0.0,0.0,0,5760.00,0.00,0.00,204,12.57,2.84,0.00,-20.7,4.998,4.998,4.998,4.998,174
2022-02-13 06:03:22,0.0,2.0,14,0.0,0.0,0,0.0,0.0,0,5774.00,0.00,0.00,204,12.57,2.84,0.00,-20.7,4.998,4.998,4.998,4.998,18
2022-02-13 06:04:22,1.3,1.7,23,0.0,0.0,0,0.0,0.0,0,5797.00,0.00,0.00,204,12.57,2.83,0.00,-20.7,4.998,4.998,4.998,4.998,99
2022-02-13 06:05:22,1.9,3.1,102,0.0,0.0,0,0.0,0.0,0,5899.00,0.00,0.00,204,12.57,2.84,0.00,-20.7,4.998,4.998,4.998,4.998,13
2022-02-13 06:06:22,1.9,2.0,57,0.0,0.0,0,0.0,0.0,0,5956.00,0.00,0.00,204,12.57,2.83,0.00,-20.7,4.998,4.998,4.998,4.998,249
2022-02-13 06:07:22,1.2,2.1,62,0.0,0.0,0,0.0,0.0,0,6018.00,0.00,0.00,204,12.57,2.84,0.00,-20.7,4.998,4.998,4.998,4.998,141
2022-02-13 06:08:22,1.2,2.1,53,0.0,0.0,0,0.0,0.0,0,6071.00,0.00,0.00,204,12.57,2.84,0.00,-20.7,4.998,4.998,4.998,4.998,47
2022-02-13 06:09:22,0.0,1.9,43,0.0,0.0,0,0.0,0.0,0,6114.00,0.00,0.00,204,12.57,2.84,0.00,-20.7,4.998,4.998,4.998,4.998,254
2022-02-13 06:10:22,1.4,2.3,23,0.0,0.0,0,0.0,0.0,0,6137.00,0.00,0.00,204,12.57,2.84,0.00,-20.7,4.998,4.998,4.998,4.998,248
2022-02-13 06:11:22,1.8,1.9,45,0.0,0.0,0,0.0,0.0,0,6182.00,0.00,0.00,204,12.57,2.84,0.00,-20.7,4.998,4.998,4.998,4.998,234
2022-02-13 06:12:22,0.0,1.8,20,0.0,0.0,0,0.0,0.0,0,6202.00,0.00,0.00,204,12.57,2.84,0.00,-20.7,4.998,4.998,4.998,4.998,211
2022-02-13 06:13:22,1.8,2.0,41,0.0,0.0,0,0.0,0.0,0,6243.00,0.00,0.00,204,12.57,2.84,0.00,-20.7,4.998,4.998,4.998,4.998,204
2022-02-13 06:14:22,0.0,1.9,32,0.0,0.0,0,0.0,0.0,0,6275.00,0.00,0.00,204,12.53,2.84,0.00,-20.7,4.998,4.998,4.998,4.998,52
2022-02-13 06:15:22,0.0,0.0,0,0.0,0.0,0,0.0,0.0,0,6275.00,0.00,0.00,204,12.57,2.83,0.00,-21.1,4.998,4.998,4.998,4.998,229
2022-02-13 06:16:22,0.0,0.0,0,0.0,0.0,0,0.0,0.0,0,6275.00,0.00,0.00,204,12.57,2.84,0.00,-21.1,4.998,4.998,4.998,4.998,80
2022-02-13 06:17:22,0.0,0.0,0,0.0,0.0,0,0.0,0.0,0,6275.00,0.00,0.00,204,12.57,2.83,0.00,-20.7,4.998,4.998,4.998,4.998,69
2022-02-13 06:18:22,0.0,0.0,0,0.0,0.0,0,0.0,0.0,0,6275.00,0.00,0.00,204,12.57,2.84,0.00,-21.1,4.998,4.998,4.998,4.998,93
2022-02-13 06:19:22,0.0,0.0,0,0.0,0.0,0,0.0,0.0,0,6275.00,0.00,0.00,204,12.57,2.84,0.00,-20.7,4.998,4.998,4.998,4.998,59
2022-02-13 06:20:22,0.0,0.0,0,0.0,0.0,0,0.0,0.0,0,6275.00,0.00,0.00,204,12.53,2.83,0.00,-21.6,4.998,4.998,4.998,4.998,151
2022-02-13 06:21:22,0.0,0.0,0,0.0,0.0,0,0.0,0.0,0,6275.00,0.00,0.00,204,12.57,2.84,0.00,-21.1,4.998,4.998,4.998,4.998,211
2022-02-13 06:22:22,0.0,0.0,0,0.0,0.0,0,0.0,0.0,0,6275.00,0.00,0.00,204,12.57,2.83,0.00,-21.1,4.998,4.998,4.998,4.998,102
2022-02-13 06:23:22,0.0,0.0,0,0.0,0.0,0,0.0,0.0,0,6275.00,0.00,0.00,204,12.57,2.83,0.00,-21.1,4.998,4.998,4.998,4.998,31
2022-02-13 06:24:22,0.0,0.0,0,0.0,0.0,0,0.0,0.0,0,6275.00,0.00,0.00,204,12.57,2.84,0.00,-21.1,4.998,4.998,4.998,4.998,118
2022-02-13 06:25:22,1.5,1.5,5,0.0,0.0,0,0.0,0.0,0,6280.00,0.00,0.00,204,12.57,2.83,0.00,-21.1,4.998,4.998,4.998,4.998,251
2022-02-13 06:26:22,0.0,1.5,6,0.0,0.0,0,0.0,0.0,0,6286.00,0.00,0.00,204,12.57,2.83,0.00,-21.1,4.998,4.998,4.998,4.998,250
2022-02-13 06:27:22,0.0,0.0,0,0.0,0.0,0,0.0,0.0,0,6286.00,0.00,0.00,204,12.57,2.83,0.00,-21.1,4.998,4.998,4.998,4.998,48
2022-02-13 06:28:22,0.0,0.0,0,0.0,0.0,0,0.0,0.0,0,6286.00,0.00,0.00,204,12.57,2.83,0.00,-21.1,4.998,4.998,4.998,4.998,68
2022-02-13 06:29:22,0.0,0.0,0,0.0,0.0,0,0.0,0.0,0,6286.00,0.00,0.00,204,12.57,2.83,0.00,-21.1,4.998,4.998,4.998,4.998,61
2022-02-13 06:30:22,0.0,0.0,0,0.0,0.0,0,0.0,0.0,0,6286.00,0.00,0.00,204,12.57,2.84,0.00,-21.1,4.998,4.998,4.998,4.998,74
2022-02-13 06:31:22,0.0,0.0,0,0.0,0.0,0,0.0,0.0,0,6286.00,0.00,0.00,204,12.53,2.83,0.00,-21.1,4.998,4.998,4.998,4.998,228
2022-02-13 06:32:22,0.0,0.0,0,0.0,0.0,0,0.0,0.0,0,6286.00,0.00,0.00,204,12.57,2.84,0.00,-21.1,4.998,4.998,4.998,4.998,245
2022-02-13 06:33:22,0.0,0.0,0,0.0,0.0,0,0.0,0.0,0,6286.00,0.00,0.00,204,12.57,2.84,0.00,-21.6,4.998,4.998,4.998,4.998,102
2022-02-13 06:34:22,0.0,0.0,0,0.0,0.0,0,0.0,0.0,0,6286.00,0.00,0.00,204,12.57,2.84,0.00,-21.1,4.998,4.998,4.998,4.998,150
2022-02-13 06:35:22,0.0,0.0,0,0.0,0.0,0,0.0,0.0,0,6286.00,0.00,0.00,204,12.53,2.84,0.00,-21.1,4.998,4.998,4.998,4.998,75
2022-02-13 06:36:22,0.0,0.0,0,0.0,0.0,0,0.0,0.0,0,6286.00,0.00,0.00,204,12.57,2.84,0.00,-21.6,4.998,4.998,4.998,4.998,195
2022-02-13 06:37:22,0.0,0.0,0,0.0,0.0,0,0.0,0.0,0,6286.00,0.00,0.00,204,12.57,2.84,0.00,-21.1,4.998,4.998,4.998,4.998,80
2022-02-13 06:38:22,0.0,0.0,0,0.0,0.0,0,0.0,0.0,0,6286.00,0.00,0.00,204,12.53,2.84,0.00,-21.1,4.998,4.998,4.998,4.998,128
2022-02-13 06:39:22,0.0,0.0,0,0.0,0.0,0,0.0,0.0,0,6286.00,0.00,0.00,204,12.57,2.83,0.00,-21.6,4.998,4.998,4.998,4.998,196
2022-02-13 06:40:22,0.0,0.0,0,0.0,0.0,0,0.0,0.0,0,6286.00,0.00,0.00,204,12.57,2.84,0.00,-21.1,4.998,4.998,4.998,4.998,150
2022-02-13 06:41:22,0.0,0.0,0,0.0,0.0,0,0.0,0.0,0,6286.00,0.00,0.00,204,12.57,2.84,0.00,-21.1,4.998,4.998,4.998,4.998,239
2022-02-13 06:42:22,0.0,0.0,0,0.0,0.0,0,0.0,0.0,0,6286.00,0.00,0.00,204,12.57,2.84,0.00,-21.1,4.998,4.998,4.998,4.998,41
2022-02-13 06:43:22,1.8,2.0,21,0.0,0.0,0,0.0,0.0,0,6307.00,0.00,0.00,204,12.57,2.84,0.00,-21.1,4.998,4.998,4.998,4.998,39
2022-02-13 06:44:22,1.4,2.3,65,0.0,0.0,0,0.0,0.0,0,6372.00,0.00,0.00,204,12.57,2.83,0.00,-21.1,4.998,4.998,4.998,4.998,82
2022-02-13 06:45:22,1.7,2.2,69,0.0,0.0,0,0.0,0.0,0,6441.00,0.00,0.00,204,12.57,2.84,0.00,-21.1,4.998,4.998,4.998,4.998,213
2022-02-13 06:46:22,0.0,1.8,25,0.0,0.0,0,0.0,0.0,0,6466.00,0.00,0.00,204,12.57,2.83,0.00,-21.6,4.998,4.998,4.998,4.998,90
2022-02-13 06:47:22,1.6,1.8,33,0.0,0.0,0,0.0,0.0,0,6499.00,0.00,0.00,204,12.53,2.84,0.00,-21.6,4.998,4.998,4.998,4.998,217
2022-02-13 06:48:22,0.0,2.0,50,0.0,0.0,0,0.0,0.0,0,6549.00,0.00,0.00,204,12.57,2.84,0.00,-21.6,4.998,4.998,4.998,4.998,15
2022-02-13 06:49:22,0.0,0.0,0,0.0,0.0,0,0.0,0.0,0,6549.00,0.00,0.00,204,12.57,2.84,0.00,-21.6,4.998,4.998,4.998,4.998,65
2022-02-13 06:50:22,0.0,0.0,0,0.0,0.0,0,0.0,0.0,0,6549.00,0.00,0.00,204,12.57,2.83,0.00,-21.6,4.998,4.998,4.998,4.998,54
2022-02-13 06:51:22,0.0,0.0,0,0.0,0.0,0,0.0,0.0,0,6549.00,0.00,0.00,204,12.57,2.83,0.00,-22.1,4.998,4.998,4.998,4.998,12
2022-02-13 06:52:22,0.0,0.0,0,0.0,0.0,0,0.0,0.0,0,6549.00,0.00,0.00,204,12.57,2.84,0.00,-21.6,4.998,4.998,4.998,4.998,250
2022-02-13 06:53:22,0.0,0.0,0,0.0,0.0,0,0.0,0.0,0,6549.00,0.00,0.00,204,12.57,2.84,0.00,-21.6,4.998,4.998,4.998,4.998,131
2022-02-13 06:54:22,0.0,0.0,0,0.0,0.0,0,0.0,0.0,0,6549.00,0.00,0.00,204,12.57,2.84,0.00,-21.6,4.998,4.998,4.998,4.998,153
2022-02-13 06:55:22,0.0,0.0,0,0.0,0.0,0,0.0,0.0,0,6549.00,0.00,0.00,204,12.57,2.84,0.00,-21.6,4.998,4.998,4.998,4.998,224
2022-02-13 06:56:22,0.0,0.0,0,0.0,0.0,0,0.0,0.0,0,6549.00,0.00,0.00,204,12.57,2.84,0.00,-21.6,4.998,4.998,4.998,4.998,38
2022-02-13 06:57:22,0.0,0.0,0,0.0,0.0,0,0.0,0.0,0,6549.00,0.00,0.00,204,12.57,2.84,0.00,-21.6,4.998,4.998,4.998,4.998,95
2022-02-13 06:58:22,1.7,2.5,18,0.0,0.0,0,0.0,0.0,0,6567.00,0.00,0.00,204,12.57,2.83,0.00,-21.6,4.998,4.998,4.998,4.998,225
2022-02-13 06:59:22,0.0,2.0,31,0.0,0.0,0,0.0,0.0,0,6598.00,0.00,0.00,204,12.57,2.84,0.00,-21.6,4.998,4.998,4.998,4.998,145
2022-02-13 07:00:22,0.0,0.0,0,0.0,0.0,0,0.0,0.0,0,6598.00,0.00,0.00,204,12.53,2.84,0.00,-21.6,4.998,4.998,4.998,4.998,205
2022-02-13 07:01:22,1.1,1.3,12,0.0,0.0,0,0.0,0.0,0,6610.00,0.00,0.00,204,12.57,2.84,0.00,-21.6,4.998,4.998,4.998,4.998,46
2022-02-13 07:02:22,0.0,0.0,0,0.0,0.0,0,0.0,0.0,0,6610.00,0.00,0.00,204,12.53,2.84,0.00,-21.6,4.998,4.998,4.998,4.998,43
2022-02-13 07:03:22,0.0,2.5,30,0.0,0.0,0,0.0,0.0,0,6640.00,0.00,0.00,204,12.57,2.84,0.00,-21.6,4.998,4.998,4.998,4.998,98
2022-02-13 07:04:22,0.0,0.0,0,0.0,0.0,0,0.0,0.0,0,6640.00,0.00,0.00,204,12.57,2.84,0.00,-21.6,4.998,4.998,4.998,4.998,148
2022-02-13 07:05:22,0.0,0.0,0,0.0,0.0,0,0.0,0.0,0,6640.00,0.00,0.00,204,12.57,2.84,0.00,-21.6,4.998,4.998,4.998,4.998,237
2022-02-13 07:06:22,0.0,0.0,0,0.0,0.0,0,0.0,0.0,0,6640.00,0.00,0.00,204,12.57,2.84,0.00,-21.6,4.998,4.998,4.998,4.998,43
2022-02-13 07:07:22,0.0,0.0,0,0.0,0.0,0,0.0,0.0,0,6640.00,0.00,0.00,204,12.57,2.84,0.00,-21.6,4.998,4.998,4.998,4.998,82
2022-02-13 07:08:22,0.0,0.0,0,0.0,0.0,0,0.0,0.0,0,6640.00,0.00,0.00,204,12.57,2.84,0.00,-21.1,4.998,4.998,4.998,4.998,204
2022-02-13 07:09:22,0.0,0.0,0,0.0,0.0,0,0.0,0.0,0,6640.00,0.00,0.00,204,12.57,2.84,0.00,-21.6,4.998,4.998,4.998,4.998,95
2022-02-13 07:10:22,0.0,0.0,0,0.0,0.0,0,0.0,0.0,0,6640.00,0.00,0.00,204,12.57,2.83,0.00,-21.6,4.998,4.998,4.998,4.998,40
2022-02-13 07:11:22,0.0,0.0,0,0.0,0.0,0,0.0,0.0,0,6640.00,0.00,0.00,204,12.57,2.84,0.00,-21.6,4.998,4.998,4.998,4.998,34
2022-02-13 07:12:22,0.0,0.0,0,0.0,0.0,0,0.0,0.0,0,6640.00,0.00,0.00,204,12.57,2.83,0.00,-21.1,4.998,4.998,4.998,4.998,125
2022-02-13 07:13:22,0.0,0.0,0,0.0,0.0,0,0.0,0.0,0,6640.00,0.00,0.00,204,12.57,2.84,0.00,-21.1,4.998,4.998,4.998,4.998,119
2022-02-13 07:14:22,0.0,0.0,0,0.0,0.0,0,0.0,0.0,0,6640.00,0.00,0.00,204,12.57,2.84,0.00,-21.1,4.998,4.998,4.998,4.998,109
2022-02-13 07:15:22,0.0,0.0,0,0.0,0.0,0,0.0,0.0,0,6640.00,0.00,0.00,204,12.57,2.83,0.00,-21.1,4.998,4.998,4.998,4.998,103
2022-02-13 07:16:22,0.0,0.0,0,0.0,0.0,0,0.0,0.0,0,6640.00,0.00,0.00,204,12.57,2.84,0.00,-21.1,4.998,4.998,4.998,4.998,210
2022-02-13 07:17:22,0.0,0.0,0,0.0,0.0,0,0.0,0.0,0,6640.00,0.00,0.00,204,12.57,2.84,0.00,-21.1,4.998,4.998,4.998,4.998,171
2022-02-13 07:18:22,0.0,0.0,0,0.0,0.0,0,0.0,0.0,0,6640.00,0.00,0.00,204,12.57,2.83,0.00,-21.1,4.998,4.998,4.998,4.998,172
2022-02-13 07:19:22,1.8,2.2,60,0.0,0.0,0,0.0,0.0,0,6700.00,0.00,0.00,204,12.57,2.84,0.00,-21.1,4.998,4.998,4.998,4.998,89
2022-02-13 07:20:22,1.9,2.7,80,0.0,0.0,0,0.0,0.0,0,6780.00,0.00,0.00,204,12.53,2.84,0.00,-21.1,4.998,4.998,4.998,4.998,144
2022-02-13 07:21:22,0.0,2.3,54,0.0,0.0,0,0.0,0.0,0,6834.00,0.00,0.00,204,12.57,2.83,0.00,-21.1,4.998,4.998,4.998,4.998,117
2022-02-13 07:22:22,0.0,1.4,6,0.0,0.0,0,0.0,0.0,0,6840.00,0.00,0.00,204,12.57,2.84,0.00,-21.1,4.998,4.998,4.998,4.998,249
2022-02-13 07:23:22,0.0,2.1,41,0.0,0.0,0,0.0,0.0,0,6881.00,0.00,0.00,204,12.57,2.84,0.00,-21.1,4.998,4.998,4.998,4.998,40
2022-02-13 07:24:22,0.0,0.0,0,0.0,0.0,0,0.0,0.0,0,6881.00,0.00,0.00,204,12.57,2.84,0.00,-21.1,4.998,4.998,4.998,4.998,203
2022-02-13 07:25:22,1.5,1.5,6,0.0,0.0,0,0.0,0.0,0,6887.00,0.00,0.00,204,12.57,2.84,0.00,-21.1,4.998,4.998,4.998,4.998,189
2022-02-13 07:26:22,0.0,2.0,51,0.0,0.0,0,0.0,0.0,0,6938.00,0.00,0.00,204,12.57,2.84,0.00,-21.1,4.998,4.998,4.998,4.998,144
2022-02-13 07:27:22,0.0,0.0,0,0.0,0.0,0,0.0,0.0,0,6938.00,0.00,0.00,204,12.57,2.84,0.00,-21.1,4.998,4.998,4.998,4.998,241
2022-02-13 07:28:22,0.0,0.0,0,0.0,0.0,0,0.0,0.0,0,6938.00,0.00,0.00,204,12.53,2.84,0.00,-21.1,4.998,4.998,4.998,4.998,33
2022-02-13 07:29:22,1.5,2.0,63,0.0,0.0,0,0.0,0.0,0,7001.00,0.00,0.00,204,12.57,2.83,0.00,-21.1,4.998,4.998,4.998,4.998,235
2022-02-13 07:30:22,1.5,1.6,23,0.0,0.0,0,0.0,0.0,0,7024.00,0.00,0.00,204,12.53,2.83,0.00,-21.1,4.998,4.998,4.998,4.998,101
2022-02-13 07:31:22,1.3,2.0,47,0.0,0.0,0,0.0,0.0,0,7071.00,0.00,0.00,204,12.53,2.83,0.00,-21.1,4.998,4.998,4.998,4.998,71
2022-02-13 07:32:22,0.0,1.6,23,0.0,0.0,0,0.0,0.0,0,7094.00,0.00,0.00,204,12.57,2.84,0.00,-21.1,4.998,4.998,4.998,4.998,87
2022-02-13 07:33:22,0.0,0.0,0,0.0,0.0,0,0.0,0.0,0,7094.00,0.00,0.00,204,12.53,2.83,0.00,-21.1,4.998,4.998,4.998,4.998,222
2022-02-13 07:34:22,0.0,2.2,36,0.0,0.0,0,0.0,0.0,0,7130.00,0.00,0.00,204,12.57,2.84,0.00,-21.6,4.998,4.998,4.998,4.998,27
2022-02-13 07:35:22,0.0,0.0,0,0.0,0.0,0,0.0,0.0,0,7130.00,0.00,0.00,204,12.57,2.84,0.00,-21.1,4.998,4.998,4.998,4.998,189
2022-02-13 07:36:22,0.0,0.0,0,0.0,0.0,0,0.0,0.0,0,7130.00,0.00,0.00,204,12.57,2.83,0.00,-21.1,4.998,4.998,4.998,4.998,8
2022-02-13 07:37:22,0.0,0.0,0,0.0,0.0,0,0.0,0.0,0,7130.00,0.00,0.00,204,12.53,2.84,0.00,-21.1,4.998,4.998,4.998,4.998,166
2022-02-13 07:38:22,0.0,0.0,0,0.0,0.0,0,0.0,0.0,0,7130.00,0.00,0.00,204,12.57,2.84,0.00,-21.6,4.998,4.998,4.998,4.998,156
2022-02-13 07:39:22,0.0,0.0,0,0.0,0.0,0,0.0,0.0,0,7130.00,0.00,0.00,204,12.53,2.84,0.00,-21.6,4.998,4.998,4.998,4.998,65
2022-02-13 07:40:22,0.0,0.0,0,0.0,0.0,0,0.0,0.0,0,7130.00,0.00,0.00,204,12.57,2.84,0.00,-21.6,4.998,4.998,4.998,4.998,46
2022-02-13 07:41:22,0.0,0.0,0,0.0,0.0,0,0.0,0.0,0,7130.00,0.00,0.00,204,12.53,2.83,0.00,-22.1,4.998,4.998,4.998,4.998,195
2022-02-13 07:42:22,2.0,2.0,3,0.0,0.0,0,0.0,0.0,0,7133.00,0.00,0.00,204,12.57,2.84,0.00,-21.6,4.998,4.998,4.998,4.998,185
2022-02-13 07:43:22,0.0,2.0,22,0.0,0.0,0,0.0,0.0,0,7155.00,0.00,0.00,204,12.57,2.84,0.00,-21.6,4.998,4.998,4.998,4.998,253
2022-02-13 07:44:22,1.6,2.1,28,0.0,0.0,0,0.0,0.0,0,7183.00,0.00,0.00,204,12.53,2.83,0.00,-21.6,4.998,4.998,4.998,4.998,50
2022-02-13 07:45:22,0.0,1.8,23,0.0,0.0,0,0.0,0.0,0,7206.00,0.00,0.00,204,12.53,2.84,0.00,-21.6,4.998,4.998,4.998,4.998,40
2022-02-13 07:46:22,0.0,0.0,0,0.0,0.0,0,0.0,0.0,0,7206.00,0.00,0.00,204,12.53,2.84,0.00,-21.6,4.998,4.998,4.998,4.998,16
2022-02-13 07:47:22,0.0,1.4,11,0.0,0.0,0,0.0,0.0,0,7217.00,0.00,0.00,204,12.53,2.84,0.00,-22.1,4.998,4.998,4.998,4.998,196
2022-02-13 07:48:22,1.8,1.8,15,0.0,0.0,0,0.0,0.0,0,7232.00,0.00,0.00,204,12.53,2.84,0.00,-22.1,4.998,4.998,4.998,4.998,1
2022-02-13 07:49:22,0.0,2.3,33,0.0,0.0,0,0.0,0.0,0,7265.00,0.00,0.00,204,12.53,2.84,0.00,-21.6,4.998,4.998,4.998,4.998,120
2022-02-13 07:50:22,0.0,0.0,0,0.0,0.0,0,0.0,0.0,0,7265.00,0.00,0.00,204,12.53,2.84,0.00,-22.1,4.998,4.998,4.998,4.998,188
2022-02-13 07:51:22,0.0,0.0,0,0.0,0.0,0,0.0,0.0,0,7265.00,0.00,0.00,204,12.53,2.84,0.00,-21.6,4.998,4.998,4.998,4.998,134
2022-02-13 07:52:22,0.0,0.0,0,0.0,0.0,0,0.0,0.0,0,7265.00,0.00,0.00,204,12.53,2.83,0.00,-21.6,4.998,4.998,4.998,4.998,51
2022-02-13 07:53:22,0.0,1.4,4,0.0,0.0,0,0.0,0.0,0,7269.00,0.00,0.00,204,12.53,2.84,0.00,-22.1,4.998,4.998,4.998,4.998,160
2022-02-13 07:54:22,0.0,0.0,0,0.0,0.0,0,0.0,0.0,0,7269.00,0.00,0.00,204,12.53,2.84,0.00,-22.1,4.998,4.998,4.998,4.998,12
2022-02-13 07:55:22,0.0,0.0,0,0.0,0.0,0,0.0,0.0,0,7269.00,0.00,0.00,204,12.53,2.84,0.00,-22.1,4.998,4.998,4.998,4.998,117
2022-02-13 07:56:22,0.0,0.0,0,0.0,0.0,0,0.0,0.0,0,7269.00,0.00,0.00,204,12.53,2.84,0.00,-22.1,4.998,4.998,4.998,4.998,179
2022-02-13 07:57:22,0.0,0.0,0,0.0,0.0,0,0.0,0.0,0,7269.00,0.00,0.00,204,12.53,2.84,0.00,-22.1,4.998,4.998,4.998,4.998,202
2022-02-13 07:58:22,0.0,0.0,0,0.0,0.0,0,0.0,0.0,0,7269.00,0.00,0.00,204,12.53,2.84,0.00,-22.1,4.998,4.998,4.998,4.998,190
2022-02-13 07:59:22,0.0,0.0,0,0.0,0.0,0,0.0,0.0,0,7269.00,0.00,0.00,204,12.53,2.84,0.00,-22.1,4.998,4.998,4.998,4.998,199
2022-02-13 08:00:22,0.0,0.0,0,0.0,0.0,0,0.0,0.0,0,7269.00,0.00,0.00,204,12.53,2.84,0.00,-22.1,4.998,4.998,4.998,4.998,148
2022-02-13 08:01:22,0.0,0.0,0,0.0,0.0,0,0.0,0.0,0,7269.00,0.00,0.00,204,12.53,2.84,0.00,-22.1,4.998,4.998,4.998,4.998,237
2022-02-13 08:02:22,0.0,0.0,0,0.0,0.0,0,0.0,0.0,0,7269.00,0.00,0.00,204,12.53,2.83,0.00,-22.1,4.998,4.998,4.998,4.998,88
2022-02-13 08:03:22,0.0,0.0,0,0.0,0.0,0,0.0,0.0,0,7269.00,0.00,0.00,204,12.53,2.84,0.00,-22.1,4.998,4.998,4.998,4.998,82
2022-02-13 08:04:22,0.0,0.0,0,0.0,0.0,0,0.0,0.0,0,7269.00,0.00,0.00,204,12.53,2.83,0.00,-22.6,4.998,4.998,4.998,4.998,209
2022-02-13 08:05:22,0.0,0.0,0,0.0,0.0,0,0.0,0.0,0,7269.00,0.00,0.00,204,12.57,2.84,0.00,-22.1,4.998,4.998,4.998,4.998,149
2022-02-13 08:06:22,0.0,0.0,0,0.0,0.0,0,0.0,0.0,0,7269.00,0.00,0.00,204,12.53,2.84,0.00,-21.6,4.998,4.998,4.998,4.998,180
2022-02-13 08:07:22,0.0,0.0,0,0.0,0.0,0,0.0,0.0,0,7269.00,0.00,0.00,204,12.53,2.84,0.00,-22.1,4.998,4.998,4.998,4.998,142
2022-02-13 08:08:22,0.0,0.0,0,0.0,0.0,0,0.0,0.0,0,7269.00,0.00,0.00,204,12.53,2.84,0.00,-22.1,4.998,4.998,4.998,4.998,250
2022-02-13 08:09:22,0.0,0.0,0,0.0,0.0,0,0.0,0.0,0,7269.00,0.00,0.00,204,12.53,2.84,0.00,-22.1,4.998,4.998,4.998,4.998,131
2022-02-13 08:10:22,0.0,0.0,0,0.0,0.0,0,0.0,0.0,0,7269.00,0.00,0.00,204,12.57,2.84,0.00,-22.1,4.998,4.998,4.998,4.998,35
2022-02-13 08:11:22,0.0,0.0,0,0.0,0.0,0,0.0,0.0,0,7269.00,0.00,0.00,204,12.57,2.84,0.00,-22.1,4.998,4.998,4.998,4.998,90
2022-02-13 08:12:22,0.0,0.0,0,0.0,0.0,0,0.0,0.0,0,7269.00,0.00,0.00,204,12.57,2.84,0.00,-21.6,4.998,4.998,4.998,4.998,223
2022-02-13 08:13:22,0.0,0.0,0,0.0,0.0,0,0.0,0.0,0,7269.00,0.00,0.00,204,12.57,2.84,0.00,-22.1,4.998,4.998,4.998,4.998,229
2022-02-13 08:14:22,0.0,0.0,0,0.0,0.0,0,0.0,0.0,0,7269.00,0.00,0.00,204,12.57,2.84,0.00,-21.6,4.998,4.998,4.998,4.998,188
2022-02-13 08:15:22,0.0,0.0,0,0.0,0.0,0,0.0,0.0,0,7269.00,0.00,0.00,204,12.57,2.84,0.00,-21.6,4.998,4.998,4.998,4.998,197
2022-02-13 08:16:22,0.0,0.0,0,0.0,0.0,0,0.0,0.0,0,7269.00,0.00,0.00,204,12.57,2.84,0.00,-22.1,4.998,4.998,4.998,4.998,64
2022-02-13 08:17:22,0.0,0.0,0,0.0,0.0,0,0.0,0.0,0,7269.00,0.00,0.00,204,12.57,2.84,0.00,-22.1,4.998,4.998,4.998,4.998,57
2022-02-13 08:18:22,0.0,0.0,0,0.0,0.0,0,0.0,0.0,0,7269.00,0.00,0.00,204,12.57,2.84,0.00,-22.1,4.998,4.998,4.998,4.998,77
2022-02-13 08:19:22,0.0,0.0,0,0.0,0.0,0,0.0,0.0,0,7269.00,0.00,0.00,204,12.57,2.83,0.00,-21.6,4.998,4.998,4.998,4.998,4
2022-02-13 08:20:22,0.0,0.0,0,0.0,0.0,0,0.0,0.0,0,7269.00,0.00,0.00,204,12.61,2.84,0.00,-22.1,4.998,4.998,4.998,4.998,122
2022-02-13 08:21:22,0.0,0.0,0,0.0,0.0,0,0.0,0.0,0,7269.00,0.00,0.00,204,12.57,2.84,0.00,-22.1,4.998,4.998,4.998,4.998,195
2022-02-13 08:22:22,0.0,0.0,0,0.0,0.0,0,0.0,0.0,0,7269.00,0.00,0.00,204,12.61,2.83,0.00,-22.1,4.998,4.998,4.998,4.998,182
2022-02-13 08:23:22,0.0,0.0,0,0.0,0.0,0,0.0,0.0,0,7269.00,0.00,0.00,204,12.61,2.84,0.00,-22.1,4.998,4.998,4.998,4.998,188
2022-02-13 08:24:22,0.0,0.0,0,0.0,0.0,0,0.0,0.0,0,7269.00,0.00,0.00,204,12.61,2.84,0.00,-22.6,4.998,4.998,4.998,4.998,76
2022-02-13 08:25:22,0.0,0.0,0,0.0,0.0,0,0.0,0.0,0,7269.00,0.00,0.00,204,12.61,2.84,0.00,-22.6,4.998,4.998,4.998,4.998,53
2022-02-13 08:26:22,0.0,0.0,0,0.0,0.0,0,0.0,0.0,0,7269.00,0.00,0.00,204,12.61,2.84,0.00,-22.1,4.998,4.998,4.998,4.998,25
2022-02-13 08:27:22,0.0,0.0,0,0.0,0.0,0,0.0,0.0,0,7269.00,0.00,0.00,204,12.65,2.84,0.00,-22.1,4.998,4.998,4.998,4.998,196
2022-02-13 08:28:22,0.0,1.7,16,0.0,0.0,0,0.0,0.0,0,7285.00,0.00,0.00,204,12.61,2.84,0.00,-22.1,4.998,4.998,4.998,4.998,17
2022-02-13 08:29:22,0.0,0.0,0,0.0,0.0,0,0.0,0.0,0,7285.00,0.00,0.00,204,12.65,2.84,0.00,-22.6,4.998,4.998,4.998,4.998,150
2022-02-13 08:30:22,1.7,2.5,42,0.0,0.0,0,0.0,0.0,0,7327.00,0.00,0.00,204,12.69,2.84,0.00,-22.1,4.998,4.998,4.998,4.998,37
2022-02-13 08:31:22,2.0,2.2,40,0.0,0.0,0,0.0,0.0,0,7367.00,0.00,0.00,204,12.77,2.84,0.00,-21.6,4.998,4.998,4.998,4.998,100
2022-02-13 08:32:22,2.2,2.8,67,0.0,0.0,0,0.0,0.0,0,7434.00,0.00,0.00,204,12.89,2.84,0.00,-21.1,4.998,4.998,4.998,4.998,131
2022-02-13 08:33:22,0.0,2.2,48,0.0,0.0,0,0.0,0.0,0,7482.00,0.00,0.00,204,13.00,2.84,0.00,-21.1,4.998,4.998,4.998,4.998,166
2022-02-13 08:34:22,2.2,2.6,35,0.0,0.0,0,0.0,0.0,0,7517.00,0.00,0.00,204,13.16,2.83,0.00,-20.7,4.998,4.998,4.998,4.998,45
2022-02-13 08:35:22,1.2,2.3,64,0.0,0.0,0,0.0,0.0,0,7581.00,0.00,0.00,204,13.35,2.83,0.00,-20.7,4.998,4.998,4.998,4.998,91
2022-02-13 08:36:22,1.3,1.7,58,0.0,0.0,0,0.0,0.0,0,7639.00,0.00,0.00,204,13.63,2.83,0.00,-20.7,4.998,4.998,4.998,4.998,110
2022-02-13 08:37:22,1.5,1.5,36,0.0,0.0,0,0.0,0.0,0,7675.00,0.00,0.00,204,13.94,2.84,0.00,-20.2,4.998,4.998,4.998,4.998,158
2022-02-13 08:38:22,2.4,2.9,81,0.0,0.0,0,0.0,0.0,0,7756.00,0.00,0.00,204,14.41,2.84,0.00,-20.2,4.998,4.998,4.998,4.998,130
2022-02-13 08:39:22,1.5,2.2,76,0.0,0.0,0,0.0,0.0,0,7832.00,0.00,0.00,204,14.57,2.84,0.00,-19.7,4.998,4.998,4.998,4.998,20
2022-02-13 08:40:22,1.3,1.7,55,0.0,0.0,0,0.0,0.0,0,7887.00,0.00,0.00,204,14.57,2.84,0.00,-19.7,4.998,4.998,4.998,4.998,107
2022-02-13 08:41:22,1.9,1.9,40,0.0,0.0,0,0.0,0.0,0,7927.00,0.00,0.00,204,14.57,2.84,0.00,-20.2,4.998,4.998,4.998,4.998,179
2022-02-13 08:42:22,0.0,2.1,19,0.0,0.0,0,0.0,0.0,0,7946.00,0.00,0.00,204,14.60,2.84,0.00,-19.7,4.998,4.998,4.998,4.998,109
2022-02-13 08:43:22,0.0,0.0,0,0.0,0.0,0,0.0,0.0,0,7946.00,0.00,0.00,204,14.60,2.83,0.00,-19.7,4.998,4.998,4.998,4.998,136
2022-02-13 08:44:22,0.0,0.0,0,0.0,0.0,0,0.0,0.0,0,7946.00,0.00,0.00,204,14.57,2.83,0.00,-19.7,4.998,4.998,4.998,4.998,204
2022-02-13 08:45:22,2.3,2.3,6,0.0,0.0,0,0.0,0.0,0,7952.00,0.00,0.00,204,14.57,2.84,0.00,-19.2,4.998,4.998,4.998,4.998,249
2022-02-13 08:46:22,2.5,3.1,129,0.0,0.0,0,0.0,0.0,0,8081.00,0.00,0.00,204,14.57,2.84,0.00,-19.7,4.998,4.998,4.998,4.998,28
2022-02-13 08:47:22,1.5,2.6,89,0.0,0.0,0,0.0,0.0,0,8170.00,0.00,0.00,204,14.57,2.84,0.00,-19.7,4.998,4.998,4.998,4.998,4
2022-02-13 08:48:22,3.0,3.4,123,0.0,0.0,0,0.0,0.0,0,8293.00,0.00,0.00,204,14.60,2.84,0.00,-19.7,4.998,4.998,4.998,4.998,61
2022-02-13 08:49:22,2.1,3.5,134,0.0,0.0,0,0.0,0.0,0,8427.00,0.00,0.00,204,14.57,2.84,0.00,-19.7,4.998,4.998,4.998,4.998,169
2022-02-13 08:50:22,2.7,2.8,123,0.0,0.0,0,0.0,0.0,0,8550.00,0.00,0.00,205,14.57,2.85,0.00,-19.7,4.998,4.998,4.998,4.998,46
2022-02-13 08:51:22,3.3,3.6,162,0.0,0.0,0,0.0,0.0,0,8712.00,0.00,0.00,204,14.57,2.84,0.00,-19.7,4.998,4.998,4.998,4.998,45
2022-02-13 08:52:22,4.6,4.9,169,0.0,0.0,0,0.0,0.0,0,8881.00,0.00,0.00,205,14.57,2.85,0.00,-19.7,4.998,4.998,4.998,4.998,244
2022-02-13 08:53:22,2.5,5.3,222,0.0,0.0,0,0.0,0.0,0,9103.00,0.00,0.00,234,14.57,3.25,0.00,-19.7,4.998,4.998,4.998,4.998,3
2022-02-13 08:54:22,2.5,3.6,145,0.0,0.0,0,0.0,0.0,0,9248.00,0.00,0.00,234,14.57,3.25,0.00,-19.7,4.998,4.998,4.998,4.998,24
2022-02-13 08:55:22,2.8,3.1,77,0.0,0.0,0,0.0,0.0,0,9325.00,0.00,0.00,234,14.60,3.25,0.00,-19.7,4.998,4.998,4.998,4.998,123
2022-02-13 08:56:22,1.4,3.8,114,0.0,0.0,0,0.0,0.0,0,9439.00,0.00,0.00,234,14.60,3.26,0.00,-19.2,4.998,4.998,4.998,4.998,236
2022-02-13 08:57:22,2.4,3.4,100,0.0,0.0,0,0.0,0.0,0,9539.00,0.00,0.00,234,14.57,3.25,0.00,-20.2,4.998,4.998,4.998,4.998,166
2022-02-13 08:58:22,1.4,3.4,129,0.0,0.0,0,0.0,0.0,0,9668.00,0.00,0.00,234,14.53,3.25,0.00,-20.2,4.998,4.998,4.998,4.998,167
2022-02-13 08:59:22,0.0,1.3,2,0.0,0.0,0,0.0,0.0,0,9670.00,0.00,0.00,233,14.57,3.24,0.00,-19.7,4.998,4.998,4.998,4.998,232
2022-02-13 09:00:22,1.3,2.5,60,0.0,0.0,0,0.0,0.0,0,9730.00,0.00,0.00,234,14.60,3.25,0.00,-19.7,4.998,4.998,4.998,4.998,86
2022-02-13 09:01:22,3.9,5.7,224,0.0,0.0,0,0.0,0.0,0,9954.00,0.00,0.00,241,14.57,3.35,0.00,-19.7,4.998,4.998,4.998,4.998,197
2022-02-13 09:02:22,2.7,6.3,226,0.0,0.0,0,0.0,0.0,0,10180.00,0.00,0.00,241,14.57,3.35,0.00,-19.7,4.998,4.998,4.998,4.998,106
2022-02-13 09:03:22,3.8,4.0,133,0.0,0.0,0,0.0,0.0,0,10313.00,0.00,0.00,247,14.57,3.44,0.00,-20.2,4.998,4.998,4.998,4.998,242
2022-02-13 09:04:22,2.6,4.8,185,0.0,0.0,0,0.0,0.0,0,10498.00,0.00,0.00,250,14.60,3.47,0.00,-20.2,4.998,4.998,4.998,4.998,78
2022-02-13 09:05:22,2.9,4.8,136,0.0,0.0,0,0.0,0.0,0,10634.00,0.00,0.00,250,14.60,3.47,0.00,-19.7,4.998,4.998,4.998,4.998,107
2022-02-13 09:06:22,3.2,5.9,213,0.0,0.0,0,0.0,0.0,0,10847.00,0.00,0.00,237,14.60,3.30,0.00,-20.2,4.998,4.998,4.998,4.998,52
2022-02-13 09:07:22,2.4,3.1,133,0.0,0.0,0,0.0,0.0,0,10980.00,0.00,0.00,237,14.60,3.29,0.00,-20.2,4.998,4.998,4.998,4.998,163
2022-02-13 09:08:22,3.0,3.4,138,0.0,0.0,0,0.0,0.0,0,11118.00,0.00,0.00,237,14.60,3.30,0.00,-20.2,4.998,4.998,4.998,4.998,239
2022-02-13 09:09:22,4.1,6.4,220,0.0,0.0,0,0.0,0.0,0,11338.00,0.00,0.00,237,14.60,3.30,0.00,-20.2,4.998,4.998,4.998,4.998,53
2022-02-13 09:10:22,4.9,6.3,300,0.0,0.0,0,0.0,0.0,0,11638.00,0.00,0.00,227,14.60,3.15,0.00,-19.7,4.998,4.998,4.998,4.998,122
2022-02-13 09:11:22,3.1,6.0,286,0.0,0.0,0,0.0,0.0,0,11924.00,0.00,0.00,238,14.60,3.31,0.00,-19.7,4.998,4.998,4.998,4.998,219
2022-02-13 09:12:22,3.4,6.0,209,0.0,0.0,0,0.0,0.0,0,12133.00,0.00,0.00,238,14.57,3.31,0.00,-19.2,4.998,4.998,4.998,4.998,104
2022-02-13 09:13:22,4.4,6.3,217,0.0,0.0,0,0.0,0.0,0,12350.00,0.00,0.00,223,14.57,3.10,0.00,-19.7,4.998,4.998,4.998,4.998,170
2022-02-13 09:14:22,5.1,7.8,316,0.0,0.0,0,0.0,0.0,0,12666.00,0.00,0.00,269,14.57,3.74,0.00,-19.2,4.998,4.998,4.998,4.998,95
2022-02-13 09:15:22,4.5,6.1,284,0.0,0.0,0,0.0,0.0,0,12950.00,0.00,0.00,260,14.57,3.61,0.00,-19.2,4.998,4.998,4.998,4.998,133
2022-02-13 09:16:22,5.9,7.1,240,0.0,0.0,0,0.0,0.0,0,13190.00,0.00,0.00,227,14.57,3.15,0.00,-19.2,4.998,4.998,4.998,4.998,197
2022-02-13 09:17:22,4.6,7.3,334,0.0,0.0,0,0.0,0.0,0,13524.00,0.00,0.00,235,14.57,3.27,0.00,-19.2,4.998,4.998,4.998,4.998,80
2022-02-13 09:18:22,5.6,7.4,346,0.0,0.0,0,0.0,0.0,0,13870.00,0.00,0.00,256,14.57,3.55,0.00,-19.2,4.998,4.998,4.998,4.998,225
2022-02-13 09:19:22,4.0,7.0,280,0.0,0.0,0,0.0,0.0,0,14150.00,0.00,0.00,236,14.57,3.28,0.00,-18.7,4.998,4.998,4.998,4.998,185
2022-02-13 09:20:22,2.5,5.8,189,0.0,0.0,0,0.0,0.0,0,14339.00,0.00,0.00,241,14.60,3.35,0.00,-18.2,4.998,4.998,4.998,4.998,182
2022-02-13 09:21:22,5.1,6.7,285,0.0,0.0,0,0.0,0.0,0,14624.00,0.00,0.00,234,14.60,3.25,0.00,-18.7,4.998,4.998,4.998,4.998,202
2022-02-13 09:22:22,4.5,6.7,314,0.0,0.0,0,0.0,0.0,0,14938.00,0.00,0.00,245,14.60,3.41,0.00,-18.7,4.998,4.998,4.998,4.998,46
2022-02-13 09:23:22,4.9,6.4,293,0.0,0.0,0,0.0,0.0,0,15231.00,0.00,0.00,238,14.57,3.31,0.00,-18.7,4.998,4.998,4.998,4.998,6
2022-02-13 09:24:22,4.2,7.8,309,0.0,0.0,0,0.0,0.0,0,15540.00,0.00,0.00,267,14.57,3.71,0.00,-18.7,4.998,4.998,4.998,4.998,34
2022-02-13 09:25:22,3.8,5.8,254,0.0,0.0,0,0.0,0.0,0,15794.00,0.00,0.00,248,14.60,3.45,0.00,-18.7,4.998,4.998,4.998,4.998,109
2022-02-13 09:26:22,3.6,3.8,145,0.0,0.0,0,0.0,0.0,0,15939.00,0.00,0.00,235,14.60,3.27,0.00,-18.2,4.998,4.998,4.998,4.998,69
2022-02-13 09:27:22,5.3,6.3,295,0.0,0.0,0,0.0,0.0,0,16234.00,0.00,0.00,241,14.57,3.35,0.00,-18.2,4.998,4.998,4.998,4.998,104
2022-02-13 09:28:22,3.3,5.1,150,0.0,0.0,0,0.0,0.0,0,16384.00,0.00,0.00,241,14.60,3.35,0.00,-18.2,4.998,4.998,4.998,4.998,191
2022-02-13 09:29:22,3.2,6.1,275,0.0,0.0,0,0.0,0.0,0,16659.00,0.00,0.00,231,14.60,3.21,0.00,-18.2,4.998,4.998,4.998,4.998,47
2022-02-13 09:30:22,4.1,5.8,241,0.0,0.0,0,0.0,0.0,0,16900.00,0.00,0.00,234,14.60,3.25,0.00,-18.7,4.998,4.998,4.998,4.998,234
2022-02-13 09:31:22,4.7,6.8,290,0.0,0.0,0,0.0,0.0,0,17190.00,0.00,0.00,238,14.60,3.31,0.00,-18.2,4.998,4.998,4.998,4.998,108
2022-02-13 09:32:22,4.3,5.9,230,0.0,0.0,0,0.0,0.0,0,17420.00,0.00,0.00,255,14.60,3.55,0.00,-18.2,4.998,4.998,4.998,4.998,93
2022-02-13 09:33:22,4.6,5.9,236,0.0,0.0,0,0.0,0.0,0,17656.00,0.00,0.00,259,14.60,3.59,0.00,-17.7,4.998,4.998,4.998,4.998,165
2022-02-13 09:34:22,4.6,4.6,162,0.0,0.0,0,0.0,0.0,0,17818.00,0.00,0.00,227,14.57,3.15,0.00,-17.7,4.998,4.998,4.998,4.998,160
2022-02-13 09:35:22,2.8,6.4,238,0.0,0.0,0,0.0,0.0,0,18056.00,0.00,0.00,250,14.57,3.47,0.00,-17.7,4.998,4.998,4.998,4.998,66
2022-02-13 09:36:22,2.2,6.1,220,0.0,0.0,0,0.0,0.0,0,18276.00,0.00,0.00,236,14.57,3.28,0.00,-17.7,4.998,4.998,4.998,4.998,228
2022-02-13 09:37:22,2.8,3.4,132,0.0,0.0,0,0.0,0.0,0,18408.00,0.00,0.00,236,14.64,3.28,0.00,-17.7,4.998,4.998,4.998,4.998,196
2022-02-13 09:38:22,6.6,7.3,194,0.0,0.0,0,0.0,0.0,0,18602.00,0.00,0.00,222,14.60,3.09,0.00,-17.7,4.998,4.998,4.998,4.998,253
2022-02-13 09:39:22,4.5,7.3,342,0.0,0.0,0,0.0,0.0,0,18944.00,0.00,0.00,227,14.60,3.16,0.00,-18.2,4.998,4.998,4.998,4.998,115
2022-02-13 09:40:22,5.8,9.6,405,0.0,0.0,0,0.0,0.0,0,19349.00,0.00,0.00,243,14.60,3.37,0.00,-18.2,4.998,4.998,4.998,4.998,191
2022-02-13 09:41:22,5.2,10.3,352,0.0,0.0,0,0.0,0.0,0,19701.00,0.00,0.00,256,14.60,3.56,0.00,-18.2,4.998,4.998,4.998,4.998,195
2022-02-13 09:42:22,4.1,7.4,318,0.0,0.0,0,0.0,0.0,0,20019.00,0.00,0.00,246,14.60,3.41,0.00,-18.2,4.998,4.998,4.998,4.998,199
2022-02-13 09:43:22,5.9,8.4,367,0.0,0.0,0,0.0,0.0,0,20386.00,0.00,0.00,229,14.64,3.19,0.00,-18.2,4.998,4.998,4.998,4.998,234
2022-02-13 09:44:22,6.2,7.4,345,0.0,0.0,0,0.0,0.0,0,20731.00,0.00,0.00,239,14.57,3.32,0.00,-18.7,4.998,4.998,4.998,4.998,49
2022-02-13 09:45:22,4.9,8.0,370,0.0,0.0,0,0.0,0.0,0,21101.00,0.00,0.00,226,14.64,3.14,0.00,-18.7,4.998,4.998,4.998,4.998,225
2022-02-13 09:46:22,5.6,5.6,231,0.0,0.0,0,0.0,0.0,0,21332.00,0.00,0.00,198,14.60,2.75,0.00,-18.7,4.998,4.998,4.998,4.998,42
2022-02-13 09:47:22,3.1,5.4,219,0.0,0.0,0,0.0,0.0,0,21551.00,0.00,0.00,222,14.57,3.08,0.00,-18.2,4.998,4.998,4.998,4.998,62
2022-02-13 09:48:22,2.4,5.5,192,0.0,0.0,0,0.0,0.0,0,21743.00,0.00,0.00,213,14.57,2.96,0.00,-18.2,4.998,4.998,4.998,4.998,227
2022-02-13 09:49:22,3.5,4.8,165,0.0,0.0,0,0.0,0.0,0,21908.00,0.00,0.00,253,14.60,3.52,0.00,-17.7,4.998,4.998,4.998,4.998,90
2022-02-13 09:50:22,6.4,6.7,197,0.0,0.0,0,0.0,0.0,0,22105.00,0.00,0.00,245,14.57,3.41,0.00,-17.7,4.998,4.998,4.998,4.998,52
2022-02-13 09:51:22,6.0,7.2,301,0.0,0.0,0,0.0,0.0,0,22406.00,0.00,0.00,280,14.57,3.89,0.00,-18.2,4.998,4.998,4.998,4.998,92
2022-02-13 09:52:22,4.3,8.1,290,0.0,0.0,0,0.0,0.0,0,22696.00,0.00,0.00,288,14.60,4.00,0.00,-18.2,4.998,4.998,4.998,4.998,147
2022-02-13 09:53:22,3.9,6.8,280,0.0,0.0,0,0.0,0.0,0,22976.00,0.00,0.00,226,14.57,3.14,0.00,-18.2,4.998,4.998,4.998,4.998,80
2022-02-13 09:54:22,2.3,4.6,169,0.0,0.0,0,0.0,0.0,0,23145.00,0.00,0.00,221,14.60,3.07,0.00,-17.7,4.998,4.998,4.998,4.998,177
2022-02-13 09:55:22,2.7,4.7,192,0.0,0.0,0,0.0,0.0,0,23337.00,0.00,0.00,258,14.57,3.59,0.00,-17.7,4.998,4.998,4.998,4.998,9
2022-02-13 09:56:22,4.4,5.5,240,0.0,0.0,0,0.0,0.0,0,23577.00,0.00,0.00,241,14.60,3.35,0.00,-18.2,4.998,4.998,4.998,4.998,87
2022-02-13 09:57:22,2.8,5.9,251,0.0,0.0,0,0.0,0.0,0,23828.00,0.00,0.00,244,14.57,3.39,0.00,-18.2,4.998,4.998,4.998,4.998,3
2022-02-13 09:58:22,5.3,6.2,239,0.0,0.0,0,0.0,0.0,0,24067.00,0.00,0.00,240,14.57,3.33,0.00,-18.2,4.998,4.998,4.998,4.998,10
2022-02-13 09:59:22,3.8,7.4,334,0.0,0.0,0,0.0,0.0,0,24401.00,0.00,0.00,242,14.60,3.37,0.00,-18.2,4.998,4.998,4.998,4.998,98
2022-02-13 10:00:22,4.2,7.2,291,0.0,0.0,0,0.0,0.0,0,24692.00,0.00,0.00,225,14.57,3.12,0.00,-18.2,4.998,4.998,4.998,4.998,255
2022-02-13 10:01:22,5.3,7.6,301,0.0,0.0,0,0.0,0.0,0,24993.00,0.00,0.00,205,14.57,2.85,0.00,-18.2,4.998,4.998,4.998,4.998,8
2022-02-13 10:02:22,4.9,6.9,299,0.0,0.0,0,0.0,0.0,0,25292.00,0.00,0.00,216,14.64,3.00,0.00,-18.2,4.998,4.998,4.998,4.998,70
2022-02-13 10:03:22,3.9,5.3,199,0.0,0.0,0,0.0,0.0,0,25491.00,0.00,0.00,256,14.60,3.55,0.00,-17.7,4.998,4.998,4.998,4.998,98
2022-02-13 10:04:22,4.1,6.6,262,0.0,0.0,0,0.0,0.0,0,25753.00,0.00,0.00,248,14.60,3.44,0.00,-18.2,4.998,4.998,4.998,4.998,96
2022-02-13 10:05:22,2.7,4.4,168,0.0,0.0,0,0.0,0.0,0,25921.00,0.00,0.00,261,14.60,3.62,0.00,-18.2,4.998,4.998,4.998,4.998,90
2022-02-13 10:06:22,5.7,9.2,214,0.0,0.0,0,0.0,0.0,0,26135.00,0.00,0.00,250,14.60,3.47,0.00,-18.2,4.998,4.998,4.998,4.998,46
2022-02-13 10:07:22,4.4,7.1,346,0.0,0.0,0,0.0,0.0,0,26481.00,0.00,0.00,239,14.57,3.32,0.00,-18.2,4.998,4.998,4.998,4.998,76
2022-02-13 10:08:22,4.9,5.8,240,0.0,0.0,0,0.0,0.0,0,26721.00,0.00,0.00,256,14.60,3.56,0.00,-18.2,4.998,4.998,4.998,4.998,68
2022-02-13 10:09:22,5.7,6.0,220,0.0,0.0,0,0.0,0.0,0,26941.00,0.00,0.00,231,14.60,3.21,0.00,-18.2,4.998,4.998,4.998,4.998,192
2022-02-13 10:10:22,4.8,6.7,274,0.0,0.0,0,0.0,0.0,0,27215.00,0.00,0.00,261,14.60,3.62,0.00,-18.2,4.998,4.998,4.998,4.998,246
2022-02-13 10:11:22,2.0,5.6,222,0.0,0.0,0,0.0,0.0,0,27437.00,0.00,0.00,235,14.57,3.26,0.00,-18.7,4.998,4.998,4.998,4.998,162
2022-02-13 10:12:22,4.5,5.2,177,0.0,0.0,0,0.0,0.0,0,27614.00,0.00,0.00,202,14.60,2.81,0.00,-18.2,4.998,4.998,4.998,4.998,95
2022-02-13 10:13:22,4.4,6.9,300,0.0,0.0,0,0.0,0.0,0,27914.00,0.00,0.00,274,14.60,3.80,0.00,-18.2,4.998,4.998,4.998,4.998,109
2022-02-13 10:14:22,5.0,8.0,319,0.0,0.0,0,0.0,0.0,0,28233.00,0.00,0.00,211,14.57,2.93,0.00,-18.2,4.998,4.998,4.998,4.998,68
2022-02-13 10:15:22,5.2,8.5,335,0.0,0.0,0,0.0,0.0,0,28568.00,0.00,0.00,231,14.60,3.21,0.00,-18.2,4.998,4.998,4.998,4.998,166
2022-02-13 10:16:22,3.6,7.4,330,0.0,0.0,0,0.0,0.0,0,28898.00,0.00,0.00,258,14.64,3.59,0.00,-18.2,4.998,4.998,4.998,4.998,252
2022-02-13 10:17:22,5.6,6.1,216,0.0,0.0,0,0.0,0.0,0,29114.00,0.00,0.00,249,14.64,3.47,0.00,-18.2,4.998,4.998,4.998,4.998,198
2022-02-13 10:18:22,3.5,6.0,191,0.0,0.0,0,0.0,0.0,0,29305.00,0.00,0.00,240,14.57,3.34,0.00,-17.7,4.998,4.998,4.998,4.998,164
2022-02-13 10:19:22,5.3,7.6,319,0.0,0.0,0,0.0,0.0,0,29624.00,0.00,0.00,231,14.57,3.21,0.00,-18.2,4.998,4.998,4.998,4.998,137
2022-02-13 10:20:22,4.5,7.0,262,0.0,0.0,0,0.0,0.0,0,29886.00,0.00,0.00,203,14.60,2.82,0.00,-17.7,4.998,4.998,4.998,4.998,177
2022-02-13 10:21:22,4.5,6.4,306,0.0,0.0,0,0.0,0.0,0,30192.00,0.00,0.00,220,14.57,3.05,0.00,-18.2,4.998,4.998,4.998,4.998,244
2022-02-13 10:22:22,3.7,6.5,217,0.0,0.0,0,0.0,0.0,0,30409.00,0.00,0.00,263,14.57,3.66,0.00,-18.2,4.998,4.998,4.998,4.998,185
2022-02-13 10:23:22,2.9,4.7,186,0.0,0.0,0,0.0,0.0,0,30595.00,0.00,0.00,265,14.57,3.68,0.00,-18.2,4.998,4.998,4.998,4.998,148
2022-02-13 10:24:22,4.6,4.8,99,0.0,0.0,0,0.0,0.0,0,30694.00,0.00,0.00,324,14.60,4.50,0.00,-17.2,4.998,4.998,4.998,4.998,191
2022-02-13 10:25:22,4.0,7.0,280,0.0,0.0,0,0.0,0.0,0,30974.00,0.00,0.00,278,14.60,3.87,0.00,-17.7,4.998,4.998,4.998,4.998,111
2022-02-13 10:26:22,2.4,5.2,206,0.0,0.0,0,0.0,0.0,0,31180.00,0.00,0.00,253,14.60,3.52,0.00,-17.7,4.998,4.998,4.998,4.998,83
2022-02-13 10:27:22,4.9,5.4,172,0.0,0.0,0,0.0,0.0,0,31352.00,0.00,0.00,286,14.64,3.98,0.00,-17.7,4.998,4.998,4.998,4.998,11
2022-02-13 10:28:22,0.0,5.3,145,0.0,0.0,0,0.0,0.0,0,31497.00,0.00,0.00,239,14.60,3.33,0.00,-17.2,4.998,4.998,4.998,4.998,90
2022-02-13 10:29:22,4.0,4.4,72,0.0,0.0,0,0.0,0.0,0,31569.00,0.00,0.00,326,14.60,4.53,0.00,-17.2,4.998,4.998,4.998,4.998,56
2022-02-13 10:30:22,4.2,5.2,155,0.0,0.0,0,0.0,0.0,0,31724.00,0.00,0.00,302,14.60,4.19,0.00,-17.2,4.998,4.998,4.998,4.998,55
2022-02-13 10:31:22,3.4,5.7,238,0.0,0.0,0,0.0,0.0,0,31962.00,0.00,0.00,280,14.60,3.89,0.00,-17.2,4.998,4.998,4.998,4.998,9
2022-02-13 10:32:22,2.4,3.9,151,0.0,0.0,0,0.0,0.0,0,32113.00,0.00,0.00,223,14.60,3.10,0.00,-17.2,4.998,4.998,4.998,4.998,182
2022-02-13 10:33:22,7.6,8.2,256,0.0,0.0,0,0.0,0.0,0,32369.00,0.00,0.00,214,14.60,2.97,0.00,-17.2,4.998,4.998,4.998,4.998,184
2022-02-13 10:34:22,8.6,9.8,442,0.0,0.0,0,0.0,0.0,0,32811.00,0.00,0.00,267,14.60,3.72,0.00,-17.7,4.998,4.998,4.998,4.998,183
2022-02-13 10:35:22,3.9,11.0,370,0.0,0.0,0,0.0,0.0,0,33181.00,0.00,0.00,238,14.57,3.31,0.00,-18.2,4.998,4.998,4.998,4.998,215
2022-02-13 10:36:22,4.8,5.7,257,0.0,0.0,0,0.0,0.0,0,33438.00,0.00,0.00,247,14.60,3.44,0.00,-17.7,4.998,4.998,4.998,4.998,139
2022-02-13 10:37:22,3.7,4.7,210,0.0,0.0,0,0.0,0.0,0,33648.00,0.00,0.00,234,14.60,3.25,0.00,-18.2,4.998,4.998,4.998,4.998,158
2022-02-13 10:38:22,2.2,5.6,192,0.0,0.0,0,0.0,0.0,0,33840.00,0.00,0.00,249,14.60,3.47,0.00,-17.2,4.998,4.998,4.998,4.998,173
2022-02-13 10:39:22,5.8,6.6,229,0.0,0.0,0,0.0,0.0,0,34069.00,0.00,0.00,222,14.60,3.09,0.00,-17.2,4.998,4.998,4.998,4.998,122
2022-02-13 10:40:22,3.3,6.9,236,0.0,0.0,0,0.0,0.0,0,34305.00,0.00,0.00,332,14.60,4.61,0.00,-17.2,4.998,4.998,4.998,4.998,27
2022-02-13 10:41:22,3.3,6.0,208,0.0,0.0,0,0.0,0.0,0,34513.00,0.00,0.00,277,14.60,3.85,0.00,-17.2,4.998,4.998,4.998,4.998,149
2022-02-13 10:42:22,4.0,6.1,265,0.0,0.0,0,0.0,0.0,0,34778.00,0.00,0.00,280,14.60,3.90,0.00,-17.2,4.998,4.998,4.998,4.998,128
2022-02-13 10:43:22,6.6,8.9,369,0.0,0.0,0,0.0,0.0,0,35147.00,0.00,0.00,269,14.60,3.74,0.00,-17.2,4.998,4.998,4.998,4.998,165
2022-02-13 10:44:22,4.4,8.5,267,0.0,0.0,0,0.0,0.0,0,35414.00,0.00,0.00,269,14.57,3.74,0.00,-17.2,4.998,4.998,4.998,4.998,144
2022-02-13 10:45:22,7.6,9.2,340,0.0,0.0,0,0.0,0.0,0,35754.00,0.00,0.00,244,14.60,3.39,0.00,-17.7,4.998,4.998,4.998,4.998,107
2022-02-13 10:46:22,6.6,10.9,513,0.0,0.0,0,0.0,0.0,0,36267.00,0.00,0.00,240,14.64,3.33,0.00,-18.2,4.998,4.998,4.998,4.998,102
2022-02-13 10:47:22,6.3,7.4,335,0.0,0.0,0,0.0,0.0,0,36602.00,0.00,0.00,208,14.57,2.89,0.00,-17.7,4.998,4.998,4.998,4.998,237
2022-02-13 10:48:22,3.2,6.7,255,0.0,0.0,0,0.0,0.0,0,36857.00,0.00,0.00,190,14.57,2.64,0.00,-17.2,4.998,4.998,4.998,4.998,248
2022-02-13 10:49:22,7.5,8.3,313,0.0,0.0,0,0.0,0.0,0,37170.00,0.00,0.00,254,14.60,3.53,0.00,-17.2,4.998,4.998,4.998,4.998,181
2022-02-13 10:50:22,7.2,8.5,414,0.0,0.0,0,0.0,0.0,0,37584.00,0.00,0.00,258,14.57,3.58,0.00,-17.2,4.998,4.998,4.998,4.998,118
2022-02-13 10:51:22,4.3,10.0,400,0.0,0.0,0,0.0,0.0,0,37984.00,0.00,0.00,267,14.60,3.71,0.00,-17.7,4.998,4.998,4.998,4.998,56
2022-02-13 10:52:22,5.1,6.1,222,0.0,0.0,0,0.0,0.0,0,38206.00,0.00,0.00,235,14.60,3.26,0.00,-17.7,4.998,4.998,4.998,4.998,72
2022-02-13 10:53:22,4.6,6.9,322,0.0,0.0,0,0.0,0.0,0,38528.00,0.00,0.00,262,14.60,3.64,0.00,-17.2,4.998,4.998,4.998,4.998,211
2022-02-13 10:54:22,0.0,4.9,113,0.0,0.0,0,0.0,0.0,0,38641.00,0.00,0.00,239,14.60,3.32,0.00,-17.2,4.998,4.998,4.998,4.998,239
2022-02-13 10:55:22,4.7,6.7,178,0.0,0.0,0,0.0,0.0,0,38819.00,0.00,0.00,262,14.57,3.65,0.00,-17.2,4.998,4.998,4.998,4.998,201
2022-02-13 10:56:22,5.2,5.2,225,0.0,0.0,0,0.0,0.0,0,39044.00,0.00,0.00,253,14.60,3.52,0.00,-16.8,4.998,4.998,4.998,4.998,67
2022-02-13 10:57:22,2.2,5.3,214,0.0,0.0,0,0.0,0.0,0,39258.00,0.00,0.00,259,14.60,3.60,0.00,-17.2,4.998,4.998,4.998,4.998,76
2022-02-13 10:58:22,5.6,8.3,319,0.0,0.0,0,0.0,0.0,0,39577.00,0.00,0.00,307,14.57,4.27,0.00,-16.8,4.998,4.998,4.998,4.998,59
2022-02-13 10:59:22,6.1,8.9,377,0.0,0.0,0,0.0,0.0,0,39954.00,0.00,0.00,285,14.64,3.96,0.00,-17.2,4.998,4.998,4.998,4.998,221
2022-02-13 11:00:22,3.9,8.3,361,0.0,0.0,0,0.0,0.0,0,40315.00,0.00,0.00,322,14.57,4.47,0.00,-17.2,4.998,4.998,4.998,4.998,110
2022-02-13 11:01:22,5.6,9.2,380,0.0,0.0,0,0.0,0.0,0,40695.00,0.00,0.00,292,14.60,4.05,0.00,-17.2,4.998,4.998,4.998,4.998,216
2022-02-13 11:02:22,4.2,8.0,292,0.0,0.0,0,0.0,0.0,0,40987.00,0.00,0.00,285,14.60,3.96,0.00,-17.2,4.998,4.998,4.998,4.998,40
2022-02-13 11:03:22,4.0,5.8,273,0.0,0.0,0,0.0,0.0,0,41260.00,0.00,0.00,220,14.60,3.06,0.00,-17.2,4.998,4.998,4.998,4.998,80
2022-02-13 11:04:22,3.6,6.3,250,0.0,0.0,0,0.0,0.0,0,41510.00,0.00,0.00,242,14.60,3.36,0.00,-17.2,4.998,4.998,4.998,4.998,61
2022-02-13 11:05:22,4.2,4.4,164,0.0,0.0,0,0.0,0.0,0,41674.00,0.00,0.00,250,14.57,3.48,0.00,-16.3,4.998,4.998,4.998,4.998,56
2022-02-13 11:06:22,2.2,4.7,151,0.0,0.0,0,0.0,0.0,0,41825.00,0.00,0.00,259,14.57,3.59,0.00,-16.3,4.998,4.998,4.998,4.998,174
2022-02-13 11:07:22,8.9,10.6,451,0.0,0.0,0,0.0,0.0,0,42276.00,0.00,0.00,230,14.57,3.20,0.00,-17.2,4.998,4.998,4.998,4.998,107
2022-02-13 11:08:22,7.6,9.9,493,0.0,0.0,0,0.0,0.0,0,42769.00,0.00,0.00,230,14.57,3.19,0.00,-17.2,4.998,4.998,4.998,4.998,23
2022-02-13 11:09:22,9.5,11.3,450,0.0,0.0,0,0.0,0.0,0,43219.00,0.00,0.00,255,14.60,3.55,0.00,-17.7,4.998,4.998,4.998,4.998,90
2022-02-13 11:10:22,3.3,9.9,351,0.0,0.0,0,0.0,0.0,0,43570.00,0.00,0.00,222,14.57,3.09,0.00,-17.2,4.998,4.998,4.998,4.998,233
2022-02-13 11:11:22,6.1,7.4,200,0.0,0.0,0,0.0,0.0,0,43770.00,0.00,0.00,258,14.60,3.59,0.00,-16.8,4.998,4.998,4.998,4.998,84
2022-02-13 11:12:22,6.3,7.4,274,0.0,0.0,0,0.0,0.0,0,44044.00,0.00,0.00,229,14.60,3.18,0.00,-16.8,4.998,4.998,4.998,4.998,112
2022-02-13 11:13:22,5.1,8.9,342,0.0,0.0,0,0.0,0.0,0,44386.00,0.00,0.00,226,14.57,3.14,0.00,-17.2,4.998,4.998,4.998,4.998,120
2022-02-13 11:14:22,7.0,8.0,335,0.0,0.0,0,0.0,0.0,0,44721.00,0.00,0.00,269,14.64,3.74,0.00,-16.8,4.998,4.998,4.998,4.998,199
2022-02-13 11:15:22,6.5,10.0,393,0.0,0.0,0,0.0,0.0,0,45114.00,0.00,0.00,254,14.57,3.53,0.00,-17.2,4.998,4.998,4.998,4.998,80
2022-02-13 11:16:22,9.2,9.6,474,0.0,0.0,0,0.0,0.0,0,45588.00,0.00,0.00,221,14.57,3.08,0.00,-17.2,4.998,4.998,4.998,4.998,57
2022-02-13 11:17:22,4.8,9.5,419,0.0,0.0,0,0.0,0.0,0,46007.00,0.00,0.00,217,14.60,3.02,0.00,-17.7,4.998,4.998,4.998,4.998,107
2022-02-13 11:18:22,3.8,6.5,239,0.0,0.0,0,0.0,0.0,0,46246.00,0.00,0.00,269,14.57,3.74,0.00,-16.8,4.998,4.998,4.998,4.998,44
2022-02-13 11:19:22,1.5,3.7,128,0.0,0.0,0,0.0,0.0,0,46374.00,0.00,0.00,219,14.60,3.05,0.00,-16.8,4.998,4.998,4.998,4.998,19
2022-02-13 11:20:22,6.4,7.8,266,0.0,0.0,0,0.0,0.0,0,46640.00,0.00,0.00,247,14.60,3.44,0.00,-16.3,4.998,4.998,4.998,4.998,186
2022-02-13 11:21:22,4.7,8.2,353,0.0,0.0,0,0.0,0.0,0,46993.00,0.00,0.00,236,14.60,3.28,0.00,-16.8,4.998,4.998,4.998,4.998,192
2022-02-13 11:22:22,5.6,6.5,264,0.0,0.0,0,0.0,0.0,0,47257.00,0.00,0.00,289,14.60,4.01,0.00,-16.3,4.998,4.998,4.998,4.998,140
2022-02-13 11:23:22,7.0,8.5,377,0.0,0.0,0,0.0,0.0,0,47634.00,0.00,0.00,293,14.57,4.07,0.00,-16.8,4.998,4.998,4.998,4.998,177
2022-02-13 11:24:22,7.2,10.1,423,0.0,0.0,0,0.0,0.0,0,48057.00,0.00,0.00,280,14.57,3.90,0.00,-16.8,4.998,4.998,4.998,4.998,183
2022-02-13 11:25:22,6.5,8.8,331,0.0,0.0,0,0.0,0.0,0,48388.00,0.00,0.00,259,14.57,3.60,0.00,-16.8,4.998,4.998,4.998,4.998,68
2022-02-13 11:26:22,7.3,10.3,454,0.0,0.0,0,0.0,0.0,0,48842.00,0.00,0.00,272,14.64,3.77,0.00,-16.8,4.998,4.998,4.998,4.998,204
2022-02-13 11:27:22,3.6,8.5,296,0.0,0.0,0,0.0,0.0,0,49138.00,0.00,0.00,283,14.57,3.93,0.00,-16.3,4.998,4.998,4.998,4.998,117
2022-02-13 11:28:22,4.0,6.9,321,0.0,0.0,0,0.0,0.0,0,49459.00,0.00,0.00,296,14.60,4.11,0.00,-16.3,4.998,4.998,4.998,4.998,40
2022-02-13 11:29:22,3.2,9.2,361,0.0,0.0,0,0.0,0.0,0,49820.00,0.00,0.00,296,14.57,4.11,0.00,-16.8,4.998,4.998,4.998,4.998,156
2022-02-13 11:30:22,5.3,6.6,296,0.0,0.0,0,0.0,0.0,0,50116.00,0.00,0.00,279,14.57,3.87,0.00,-16.8,4.998,4.998,4.998,4.998,235
2022-02-13 11:31:22,5.5,5.7,265,0.0,0.0,0,0.0,0.0,0,50381.00,0.00,0.00,247,14.60,3.44,0.00,-16.3,4.998,4.998,4.998,4.998,223
2022-02-13 11:32:22,5.9,8.5,351,0.0,0.0,0,0.0,0.0,0,50732.00,0.00,0.00,267,14.57,3.72,0.00,-16.3,4.998,4.998,4.998,4.998,248
2022-02-13 11:33:22,3.9,8.0,316,0.0,0.0,0,0.0,0.0,0,51048.00,0.00,0.00,254,14.60,3.54,0.00,-16.8,4.998,4.998,4.998,4.998,125
2022-02-13 11:34:22,7.8,10.5,396,0.0,0.0,0,0.0,0.0,0,51444.00,0.00,0.00,268,14.57,3.73,0.00,-16.8,4.998,4.998,4.998,4.998,10
2022-02-13 11:35:22,7.6,9.0,421,0.0,0.0,0,0.0,0.0,0,51865.00,0.00,0.00,246,14.57,3.42,0.00,-16.8,4.998,4.998,4.998,4.998,223
2022-02-13 11:36:22,8.2,9.5,479,0.0,0.0,0,0.0,0.0,0,52344.00,0.00,0.00,267,14.57,3.71,0.00,-16.8,4.998,4.998,4.998,4.998,123
2022-02-13 11:37:22,2.8,8.9,370,0.0,0.0,0,0.0,0.0,0,52714.00,0.00,0.00,244,14.57,3.39,0.00,-16.3,4.998,4.998,4.998,4.998,177
2022-02-13 11:38:22,4.7,6.6,224,0.0,0.0,0,0.0,0.0,0,52938.00,0.00,0.00,229,14.57,3.18,0.00,-16.3,4.998,4.998,4.998,4.998,135
2022-02-13 11:39:22,4.5,7.3,249,0.0,0.0,0,0.0,0.0,0,53187.00,0.00,0.00,236,14.57,3.28,0.00,-16.3,4.998,4.998,4.998,4.998,153
2022-02-13 11:40:22,7.2,12.2,470,0.0,0.0,0,0.0,0.0,0,53657.00,0.00,0.00,270,14.60,3.75,0.00,-16.3,4.998,4.998,4.998,4.998,8
2022-02-13 11:41:22,7.2,10.3,461,0.0,0.0,0,0.0,0.0,0,54118.00,0.00,0.00,281,14.60,3.90,0.00,-16.8,4.998,4.998,4.998,4.998,15
2022-02-13 11:42:22,6.7,8.7,338,0.0,0.0,0,0.0,0.0,0,54456.00,0.00,0.00,228,14.57,3.17,0.00,-16.3,4.998,4.998,4.998,4.998,191
2022-02-13 11:43:22,7.7,9.1,365,0.0,0.0,0,0.0,0.0,0,54821.00,0.00,0.00,262,14.57,3.64,0.00,-15.8,4.998,4.998,4.998,4.998,39
2022-02-13 11:44:22,4.0,8.8,302,0.0,0.0,0,0.0,0.0,0,55123.00,0.00,0.00,261,14.57,3.62,0.00,-15.8,4.998,4.998,4.998,4.998,222
2022-02-13 11:45:22,7.0,7.8,341,0.0,0.0,0,0.0,0.0,0,55464.00,0.00,0.00,282,14.57,3.92,0.00,-16.3,4.998,4.998,4.998,4.998,141
2022-02-13 11:46:22,8.3,11.5,421,0.0,0.0,0,0.0,0.0,0,55885.00,0.00,0.00,260,14.60,3.61,0.00,-15.8,4.998,4.998,4.998,4.998,181
2022-02-13 11:47:22,2.9,9.1,285,0.0,0.0,0,0.0,0.0,0,56170.00,0.00,0.00,248,14.60,3.45,0.00,-16.3,4.998,4.998,4.998,4.998,145
2022-02-13 11:48:22,6.5,8.8,217,0.0,0.0,0,0.0,0.0,0,56387.00,0.00,0.00,258,14.57,3.58,0.00,-15.3,4.998,4.998,4.998,4.998,72
2022-02-13 11:49:22,3.7,8.6,353,0.0,0.0,0,0.0,0.0,0,56740.00,0.00,0.00,213,14.53,2.96,0.00,-15.8,4.998,4.998,4.998,4.998,243
2022-02-13 11:50:22,5.7,8.5,364,0.0,0.0,0,0.0,0.0,0,57104.00,0.00,0.00,280,14.53,3.89,0.00,-16.3,4.998,4.998,4.998,4.998,116
2022-02-13 11:51:22,3.7,8.9,381,0.0,0.0,0,0.0,0.0,0,57485.00,0.00,0.00,250,14.53,3.48,0.00,-16.3,4.998,4.998,4.998,4.998,51
2022-02-13 11:52:22,5.7,7.2,279,0.0,0.0,0,0.0,0.0,0,57764.00,0.00,0.00,246,14.53,3.42,0.00,-16.3,4.998,4.998,4.998,4.998,136
2022-02-13 11:53:22,5.7,9.5,394,0.0,0.0,0,0.0,0.0,0,58158.00,0.00,0.00,245,14.53,3.40,0.00,-15.8,4.998,4.998,4.998,4.998,63
2022-02-13 11:54:22,5.2,7.6,320,0.0,0.0,0,0.0,0.0,0,58478.00,0.00,0.00,280,14.53,3.90,0.00,-15.8,4.998,4.998,4.998,4.998,144
2022-02-13 11:55:22,2.2,6.3,181,0.0,0.0,0,0.0,0.0,0,58659.00,0.00,0.00,277,14.53,3.85,0.00,-15.3,4.998,4.998,4.998,4.998,229
2022-02-13 11:56:22,3.4,3.9,112,0.0,0.0,0,0.0,0.0,0,58771.00,0.00,0.00,321,14.53,4.46,0.00,-14.8,4.998,4.998,4.998,4.998,203
2022-02-13 11:57:22,6.4,9.0,324,0.0,0.0,0,0.0,0.0,0,59095.00,0.00,0.00,275,14.57,3.83,0.00,-15.3,4.998,4.998,4.998,4.998,179
2022-02-13 11:58:22,4.9,8.1,379,0.0,0.0,0,0.0,0.0,0,59474.00,0.00,0.00,254,14.57,3.54,0.00,-15.8,4.998,4.998,4.998,4.998,53
2022-02-13 11:59:22,6.6,9.7,376,0.0,0.0,0,0.0,0.0,0,59850.00,0.00,0.00,251,14.57,3.49,0.00,-15.8,4.998,4.998,4.998,4.998,81
2022-02-13 12:00:22,4.9,9.6,394,0.0,0.0,0,0.0,0.0,0,60244.00,0.00,0.00,299,14.53,4.16,0.00,-16.3,4.998,4.998,4.998,4.998,181
2022-02-13 12:01:22,3.0,5.0,204,0.0,0.0,0,0.0,0.0,0,60448.00,0.00,0.00,299,14.53,4.15,0.00,-15.3,4.998,4.998,4.998,4.998,221
2022-02-13 12:02:22,7.3,8.5,268,0.0,0.0,0,0.0,0.0,0,60716.00,0.00,0.00,236,14.53,3.29,0.00,-15.3,4.998,4.998,4.998,4.998,111
2022-02-13 12:03:22,3.1,8.3,315,0.0,0.0,0,0.0,0.0,0,61031.00,0.00,0.00,224,14.57,3.11,0.00,-15.8,4.998,4.998,4.998,4.998,230
2022-02-13 12:04:22,4.5,4.9,190,0.0,0.0,0,0.0,0.0,0,61221.00,0.00,0.00,312,14.53,4.34,0.00,-14.8,4.998,4.998,4.998,4.998,133
2022-02-13 12:05:22,1.6,7.9,289,0.0,0.0,0,0.0,0.0,0,61510.00,0.00,0.00,289,14.53,4.02,0.00,-15.3,4.998,4.998,4.998,4.998,87
2022-02-13 12:06:22,3.0,3.7,125,0.0,0.0,0,0.0,0.0,0,61635.00,0.00,0.00,290,14.53,4.02,0.00,-15.3,4.998,4.998,4.998,4.998,215
2022-02-13 12:07:22,4.1,5.6,178,0.0,0.0,0,0.0,0.0,0,61813.00,0.00,0.00,317,14.57,4.40,0.00,-14.8,4.998,4.998,4.998,4.998,138
2022-02-13 12:08:22,2.8,5.6,204,0.0,0.0,0,0.0,0.0,0,62017.00,0.00,0.00,280,14.53,3.90,0.00,-15.3,4.998,4.998,4.998,4.998,13
2022-02-13 12:09:22,2.1,5.4,198,0.0,0.0,0,0.0,0.0,0,62215.00,0.00,0.00,291,14.53,4.04,0.00,-14.8,4.998,4.998,4.998,4.998,104
2022-02-13 12:10:22,4.0,4.4,126,0.0,0.0,0,0.0,0.0,0,62341.00,0.00,0.00,296,14.53,4.12,0.00,-14.8,4.998,4.998,4.998,4.998,65
2022-02-13 12:11:22,4.8,5.1,198,0.0,0.0,0,0.0,0.0,0,62539.00,0.00,0.00,234,14.53,3.25,0.00,-14.8,4.998,4.998,4.998,4.998,77
2022-02-13 12:12:22,4.0,5.7,274,0.0,0.0,0,0.0,0.0,0,62813.00,0.00,0.00,245,14.53,3.40,0.00,-15.3,4.998,4.998,4.998,4.998,46
2022-02-13 12:13:22,5.9,8.9,349,0.0,0.0,0,0.0,0.0,0,63162.00,0.00,0.00,287,14.53,3.99,0.00,-15.3,4.998,4.998,4.998,4.998,2
2022-02-13 12:14:22,4.8,8.5,351,0.0,0.0,0,0.0,0.0,0,63513.00,0.00,0.00,242,14.53,3.37,0.00,-15.3,4.998,4.998,4.998,4.998,156
2022-02-13 12:15:22,4.7,8.5,315,0.0,0.0,0,0.0,0.0,0,63828.00,0.00,0.00,240,14.53,3.34,0.00,-15.3,4.998,4.998,4.998,4.998,92
2022-02-13 12:16:22,5.8,11.5,432,0.0,0.0,0,0.0,0.0,0,64260.00,0.00,0.00,280,14.53,3.89,0.00,-15.3,4.998,4.998,4.998,4.998,78
2022-02-13 12:17:22,7.0,10.0,467,0.0,0.0,0,0.0,0.0,0,64727.00,0.00,0.00,291,14.53,4.04,0.00,-15.3,4.998,4.998,4.998,4.998,16
2022-02-13 12:18:22,7.1,9.4,405,0.0,0.0,0,0.0,0.0,0,65132.00,0.00,0.00,252,14.53,3.50,0.00,-15.3,4.998,4.998,4.998,4.998,74
2022-02-13 12:19:22,6.1,8.1,357,0.0,0.0,0,0.0,0.0,0,65489.00,0.00,0.00,275,14.53,3.82,0.00,-15.3,4.998,4.998,4.998,4.998,215
2022-02-13 12:20:22,3.8,9.3,377,0.0,0.0,0,0.0,0.0,0,65866.00,0.00,0.00,331,14.60,4.59,0.00,-14.8,4.998,4.998,4.998,4.998,187
2022-02-13 12:21:22,4.7,9.1,451,0.0,0.0,0,0.0,0.0,0,66317.00,0.00,0.00,259,14.60,3.60,0.00,-15.3,4.998,4.998,4.998,4.998,79
2022-02-13 12:22:22,5.5,7.4,265,0.0,0.0,0,0.0,0.0,0,66582.00,0.00,0.00,249,14.53,3.46,0.00,-15.3,4.998,4.998,4.998,4.998,2
2022-02-13 12:23:22,1.3,8.7,256,0.0,0.0,0,0.0,0.0,0,66838.00,0.00,0.00,272,14.53,3.77,0.00,-15.3,4.998,4.998,4.998,4.998,42
2022-02-13 12:24:22,2.3,4.6,145,0.0,0.0,0,0.0,0.0,0,66983.00,0.00,0.00,301,14.53,4.18,0.00,-14.3,4.998,4.998,4.998,4.998,211
2022-02-13 12:25:22,5.0,5.6,106,0.0,0.0,0,0.0,0.0,0,67089.00,0.00,0.00,254,14.53,3.53,0.00,-13.8,4.998,4.998,4.998,4.998,160
2022-02-13 12:26:22,5.0,6.0,245,0.0,0.0,0,0.0,0.0,0,67334.00,0.00,0.00,312,14.53,4.34,0.00,-14.3,4.998,4.998,4.998,4.998,185
2022-02-13 12:27:22,5.2,6.4,256,0.0,0.0,0,0.0,0.0,0,67590.00,0.00,0.00,294,14.53,4.09,0.00,-14.3,4.998,4.998,4.998,4.998,8
2022-02-13 12:28:22,4.2,5.6,209,0.0,0.0,0,0.0,0.0,0,67799.00,0.00,0.00,273,14.57,3.80,0.00,-14.8,4.998,4.998,4.998,4.998,40
2022-02-13 12:29:22,2.5,7.3,248,0.0,0.0,0,0.0,0.0,0,68047.00,0.00,0.00,194,14.53,2.70,0.00,-14.3,4.998,4.998,4.998,4.998,124
2022-02-13 12:30:22,7.6,9.4,317,0.0,0.0,0,0.0,0.0,0,68364.00,0.00,0.00,261,14.64,3.63,0.00,-14.8,4.998,4.998,4.998,4.998,153
2022-02-13 12:31:22,5.8,7.9,324,0.0,0.0,0,0.0,0.0,0,68688.00,0.00,0.00,245,14.53,3.41,0.00,-14.8,4.998,4.998,4.998,4.998,28
2022-02-13 12:32:22,5.0,6.0,215,0.0,0.0,0,0.0,0.0,0,68903.00,0.00,0.00,248,14.53,3.45,0.00,-14.3,4.998,4.998,4.998,4.998,187
2022-02-13 12:33:22,1.2,5.8,148,0.0,0.0,0,0.0,0.0,0,69051.00,0.00,0.00,217,14.53,3.02,0.00,-14.3,4.998,4.998,4.998,4.998,32
2022-02-13 12:34:22,5.0,5.3,158,0.0,0.0,0,0.0,0.0,0,69209.00,0.00,0.00,287,14.53,3.98,0.00,-14.3,4.998,4.998,4.998,4.998,51
2022-02-13 12:35:22,3.2,5.5,218,0.0,0.0,0,0.0,0.0,0,69427.00,0.00,0.00,320,14.53,4.45,0.00,-13.8,4.998,4.998,4.998,4.998,57
2022-02-13 12:36:22,4.2,10.3,315,0.0,0.0,0,0.0,0.0,0,69742.00,0.00,0.00,317,14.53,4.41,0.00,-14.3,4.998,4.998,4.998,4.998,123
2022-02-13 12:37:22,3.9,5.3,186,0.0,0.0,0,0.0,0.0,0,69928.00,0.00,0.00,314,14.53,4.37,0.00,-14.3,4.998,4.998,4.998,4.998,19
2022-02-13 12:38:22,1.5,8.0,305,0.0,0.0,0,0.0,0.0,0,70233.00,0.00,0.00,301,14.53,4.18,0.00,-14.8,4.998,4.998,4.998,4.998,29
2022-02-13 12:39:22,3.6,6.2,242,0.0,0.0,0,0.0,0.0,0,70475.00,0.00,0.00,350,14.53,4.87,0.00,-14.8,4.998,4.998,4.998,4.998,174
2022-02-13 12:40:22,3.3,3.8,132,0.0,0.0,0,0.0,0.0,0,70607.00,0.00,0.00,351,14.57,4.88,0.00,-13.8,4.998,4.998,4.998,4.998,28
2022-02-13 12:41:22,3.4,4.0,128,0.0,0.0,0,0.0,0.0,0,70735.00,0.00,0.00,357,14.53,4.97,0.00,-13.8,4.998,4.998,4.998,4.998,204
2022-02-13 12:42:22,1.3,3.7,94,0.0,0.0,0,0.0,0.0,0,70829.00,0.00,0.00,331,14.53,4.60,0.00,-13.3,4.998,4.998,4.998,4.998,140
2022-02-13 12:43:22,9.6,9.6,265,0.0,0.0,0,0.0,0.0,0,71094.00,0.00,0.00,283,14.53,3.93,0.00,-13.8,4.998,4.998,4.998,4.998,242
2022-02-13 12:44:22,7.5,12.7,537,0.0,0.0,0,0.0,0.0,0,71631.00,0.00,0.00,239,14.53,3.32,0.00,-14.8,4.998,4.998,4.998,4.998,173
2022-02-13 12:45:22,5.2,7.8,305,0.0,0.0,0,0.0,0.0,0,71936.00,0.00,0.00,298,14.53,4.14,0.00,-14.3,4.998,4.998,4.998,4.998,151
2022-02-13 12:46:22,8.9,11.9,453,0.0,0.0,0,0.0,0.0,0,72389.00,0.00,0.00,301,14.53,4.18,0.00,-14.8,4.998,4.998,4.998,4.998,251
2022-02-13 12:47:22,8.7,10.2,480,0.0,0.0,0,0.0,0.0,0,72869.00,0.00,0.00,278,14.53,3.87,0.00,-14.3,4.998,4.998,4.998,4.998,215
2022-02-13 12:48:22,3.0,9.3,282,0.0,0.0,0,0.0,0.0,0,73151.00,0.00,0.00,248,14.53,3.45,0.00,-14.3,4.998,4.998,4.998,4.998,78
2022-02-13 12:49:22,4.1,4.2,124,0.0,0.0,0,0.0,0.0,0,73275.00,0.00,0.00,282,14.49,3.92,0.00,-13.8,4.998,4.998,4.998,4.998,130
2022-02-13 12:50:22,4.2,6.7,285,0.0,0.0,0,0.0,0.0,0,73560.00,0.00,0.00,269,14.53,3.74,0.00,-14.3,4.998,4.998,4.998,4.998,79
2022-02-13 12:51:22,3.7,5.9,154,0.0,0.0,0,0.0,0.0,0,73714.00,0.00,0.00,338,14.53,4.70,0.00,-13.8,4.998,4.998,4.998,4.998,42
2022-02-13 12:52:22,7.1,8.6,212,0.0,0.0,0,0.0,0.0,0,73926.00,0.00,0.00,248,14.53,3.45,0.00,-13.8,4.998,4.998,4.998,4.998,121
2022-02-13 12:53:22,11.7,13.6,514,0.0,0.0,0,0.0,0.0,0,74440.00,0.00,0.00,245,14.53,3.40,0.00,-14.3,4.998,4.998,4.998,4.998,109
2022-02-13 12:54:22,8.9,12.3,394,0.0,0.0,0,0.0,0.0,0,74834.00,0.00,0.00,316,14.53,4.38,0.00,-13.8,4.998,4.998,4.998,4.998,210
2022-02-13 12:55:22,2.5,9.5,366,0.0,0.0,0,0.0,0.0,0,75200.00,0.00,0.00,298,14.53,4.14,0.00,-13.8,4.998,4.998,4.998,4.998,154
2022-02-13 12:56:22,4.1,5.1,188,0.0,0.0,0,0.0,0.0,0,75388.00,0.00,0.00,269,14.53,3.74,0.00,-13.8,4.998,4.998,4.998,4.998,178
2022-02-13 12:57:22,4.7,5.1,167,0.0,0.0,0,0.0,0.0,0,75555.00,0.00,0.00,257,14.53,3.57,0.00,-13.3,4.998,4.998,4.998,4.998,199
2022-02-13 12:58:22,6.0,7.1,297,0.0,0.0,0,0.0,0.0,0,75852.00,0.00,0.00,277,14.60,3.84,0.00,-13.8,4.998,4.998,4.998,4.998,56
2022-02-13 12:59:22,6.7,11.1,341,0.0,0.0,0,0.0,0.0,0,76193.00,0.00,0.00,297,14.53,4.13,0.00,-13.8,4.998,4.998,4.998,4.998,24
2022-02-13 13:00:22,2.2,9.3,244,0.0,0.0,0,0.0,0.0,0,76437.00,0.00,0.00,310,14.53,4.31,0.00,-14.3,4.998,4.998,4.998,4.998,71
2022-02-13 13:01:22,2.8,5.7,224,0.0,0.0,0,0.0,0.0,0,76661.00,0.00,0.00,274,14.57,3.80,0.00,-13.8,4.998,4.998,4.998,4.998,145
2022-02-13 13:02:22,3.3,4.5,162,0.0,0.0,0,0.0,0.0,0,76823.00,0.00,0.00,311,14.53,4.33,0.00,-13.3,4.998,4.998,4.998,4.998,141
2022-02-13 13:03:22,5.5,5.6,157,0.0,0.0,0,0.0,0.0,0,76980.00,0.00,0.00,323,14.53,4.48,0.00,-12.8,4.998,4.998,4.998,4.998,68
2022-02-13 13:04:22,4.4,7.3,276,0.0,0.0,0,0.0,0.0,0,77256.00,0.00,0.00,339,14.53,4.71,0.00,-13.8,4.998,4.998,4.998,4.998,253
2022-02-13 13:05:22,5.1,11.3,361,0.0,0.0,0,0.0,0.0,0,77617.00,0.00,0.00,301,14.53,4.18,0.00,-14.3,4.998,4.998,4.998,4.998,49
2022-02-13 13:06:22,10.2,11.3,476,0.0,0.0,0,0.0,0.0,0,78093.00,0.00,0.00,300,14.53,4.16,0.00,-14.3,4.998,4.998,4.998,4.998,152
2022-02-13 13:07:22,7.0,11.1,418,0.0,0.0,0,0.0,0.0,0,78511.00,0.00,0.00,243,14.57,3.38,0.00,-14.3,4.998,4.998,4.998,4.998,205
2022-02-13 13:08:22,6.7,12.0,526,0.0,0.0,0,0.0,0.0,0,79037.00,0.00,0.00,248,14.57,3.44,0.00,-14.3,4.998,4.998,4.998,4.998,72
2022-02-13 13:09:22,6.5,9.5,408,0.0,0.0,0,0.0,0.0,0,79445.00,0.00,0.00,262,14.53,3.65,0.00,-14.3,4.998,4.998,4.998,4.998,54
2022-02-13 13:10:22,6.4,7.4,333,0.0,0.0,0,0.0,0.0,0,79778.00,0.00,0.00,271,14.53,3.77,0.00,-13.8,4.998,4.998,4.998,4.998,3
2022-02-13 13:11:22,5.2,11.8,372,0.0,0.0,0,0.0,0.0,0,80150.00,0.00,0.00,292,14.53,4.06,0.00,-13.8,4.998,4.998,4.998,4.998,219
2022-02-13 13:12:22,4.8,11.1,401,0.0,0.0,0,0.0,0.0,0,80551.00,0.00,0.00,309,14.53,4.29,0.00,-14.3,4.998,4.998,4.998,4.998,5
2022-02-13 13:13:22,6.0,8.0,344,0.0,0.0,0,0.0,0.0,0,80895.00,0.00,0.00,300,14.57,4.16,0.00,-13.8,4.998,4.998,4.998,4.998,113
2022-02-13 13:14:22,4.9,6.1,208,0.0,0.0,0,0.0,0.0,0,81103.00,0.00,0.00,281,14.53,3.91,0.00,-13.8,4.998,4.998,4.998,4.998,154
2022-02-13 13:15:22,8.4,10.8,445,0.0,0.0,0,0.0,0.0,0,81548.00,0.00,0.00,243,14.53,3.38,0.00,-14.3,4.998,4.998,4.998,4.998,22
2022-02-13 13:16:22,4.6,9.4,393,0.0,0.0,0,0.0,0.0,0,81941.00,0.00,0.00,288,14.53,4.00,0.00,-13.8,4.998,4.998,4.998,4.998,89
2022-02-13 13:17:22,6.2,8.6,318,0.0,0.0,0,0.0,0.0,0,82259.00,0.00,0.00,285,14.53,3.96,0.00,-14.3,4.998,4.998,4.998,4.998,77
2022-02-13 13:18:22,4.3,7.5,360,0.0,0.0,0,0.0,0.0,0,82619.00,0.00,0.00,287,14.53,3.99,0.00,-14.3,4.998,4.998,4.998,4.998,167
2022-02-13 13:19:22,7.7,11.0,488,0.0,0.0,0,0.0,0.0,0,83107.00,0.00,0.00,242,14.57,3.37,0.00,-13.8,4.998,4.998,4.998,4.998,31
2022-02-13 13:20:22,3.6,10.3,342,0.0,0.0,0,0.0,0.0,0,83449.00,0.00,0.00,262,14.60,3.64,0.00,-13.8,4.998,4.998,4.998,4.998,186
2022-02-13 13:21:22,5.4,8.1,344,0.0,0.0,0,0.0,0.0,0,83793.00,0.00,0.00,301,14.53,4.18,0.00,-13.8,4.998,4.998,4.998,4.998,189
2022-02-13 13:22:22,7.1,7.1,183,0.0,0.0,0,0.0,0.0,0,83976.00,0.00,0.00,297,14.53,4.13,0.00,-13.8,4.998,4.998,4.998,4.998,121
2022-02-13 13:23:22,7.2,8.6,277,0.0,0.0,0,0.0,0.0,0,84253.00,0.00,0.00,287,14.53,3.99,0.00,-13.3,4.998,4.998,4.998,4.998,1
2022-02-13 13:24:22,5.8,11.2,459,0.0,0.0,0,0.0,0.0,0,84712.00,0.00,0.00,290,14.53,4.02,0.00,-13.3,4.998,4.998,4.998,4.998,7
2022-02-13 13:25:22,5.2,6.2,273,0.0,0.0,0,0.0,0.0,0,84985.00,0.00,0.00,310,14.53,4.31,0.00,-13.3,4.998,4.998,4.998,4.998,168
2022-02-13 13:26:22,7.0,7.3,310,0.0,0.0,0,0.0,0.0,0,85295.00,0.00,0.00,226,14.53,3.13,0.00,-13.3,4.998,4.998,4.998,4.998,217
2022-02-13 13:27:22,6.0,12.8,514,0.0,0.0,0,0.0,0.0,0,85809.00,0.00,0.00,310,14.53,4.30,0.00,-13.8,4.998,4.998,4.998,4.998,252
2022-02-13 13:28:22,4.7,7.5,299,0.0,0.0,0,0.0,0.0,0,86108.00,0.00,0.00,226,14.53,3.14,0.00,-13.8,4.998,4.998,4.998,4.998,18
2022-02-13 13:29:22,4.3,7.1,240,0.0,0.0,0,0.0,0.0,0,86348.00,0.00,0.00,239,14.53,3.33,0.00,-13.8,4.998,4.998,4.998,4.998,61
2022-02-13 13:30:22,6.2,6.3,248,0.0,0.0,0,0.0,0.0,0,86596.00,0.00,0.00,304,14.53,4.22,0.00,-13.3,4.998,4.998,4.998,4.998,213
2022-02-13 13:31:22,6.0,7.8,286,0.0,0.0,0,0.0,0.0,0,86882.00,0.00,0.00,246,14.57,3.41,0.00,-13.3,4.998,4.998,4.998,4.998,89
2022-02-13 13:32:22,3.8,7.9,339,0.0,0.0,0,0.0,0.0,0,87221.00,0.00,0.00,305,14.53,4.24,0.00,-13.3,4.998,4.998,4.998,4.998,176
2022-02-13 13:33:22,4.9,7.6,315,0.0,0.0,0,0.0,0.0,0,87536.00,0.00,0.00,306,14.53,4.25,0.00,-13.3,4.998,4.998,4.998,4.998,56
2022-02-13 13:34:22,2.9,8.6,334,0.0,0.0,0,0.0,0.0,0,87870.00,0.00,0.00,344,14.53,4.78,0.00,-13.8,4.998,4.998,4.998,4.998,120
2022-02-13 13:35:22,4.8,8.2,333,0.0,0.0,0,0.0,0.0,0,88203.00,0.00,0.00,291,14.60,4.04,0.00,-13.8,4.998,4.998,4.998,4.998,192
2022-02-13 13:36:22,7.8,11.0,384,0.0,0.0,0,0.0,0.0,0,88587.00,0.00,0.00,332,14.57,4.61,0.00,-13.3,4.998,4.998,4.998,4.998,20
2022-02-13 13:37:22,5.3,8.4,328,0.0,0.0,0,0.0,0.0,0,88915.00,0.00,0.00,312,14.53,4.33,0.00,-13.3,4.998,4.998,4.998,4.998,44
2022-02-13 13:38:22,5.5,7.6,321,0.0,0.0,0,0.0,0.0,0,89236.00,0.00,0.00,256,14.53,3.56,0.00,-12.8,4.998,4.998,4.998,4.998,81
2022-02-13 13:39:22,4.3,6.8,302,0.0,0.0,0,0.0,0.0,0,89538.00,0.00,0.00,300,14.53,4.17,0.00,-12.8,4.998,4.998,4.998,4.998,114
2022-02-13 13:40:22,3.0,5.8,203,0.0,0.0,0,0.0,0.0,0,89741.00,0.00,0.00,282,14.53,3.92,0.00,-12.4,4.998,4.998,4.998,4.998,200
2022-02-13 13:41:22,3.1,7.1,240,0.0,0.0,0,0.0,0.0,0,89981.00,0.00,0.00,292,14.53,4.06,0.00,-12.8,4.998,4.998,4.998,4.998,47
2022-02-13 13:42:22,10.3,12.5,428,0.0,0.0,0,0.0,0.0,0,90409.00,0.00,0.00,264,14.64,3.66,0.00,-13.3,4.998,4.998,4.998,4.998,6
2022-02-13 13:43:22,3.9,11.2,376,0.0,0.0,0,0.0,0.0,0,90785.00,0.00,0.00,248,14.64,3.45,0.00,-13.8,4.998,4.998,4.998,4.998,110
2022-02-13 13:44:22,10.1,10.2,357,0.0,0.0,0,0.0,0.0,0,91142.00,0.00,0.00,254,14.57,3.53,0.00,-13.8,4.998,4.998,4.998,4.998,176
2022-02-13 13:45:22,3.0,10.5,440,0.0,0.0,0,0.0,0.0,0,91582.00,0.00,0.00,328,14.53,4.56,0.00,-13.3,4.998,4.998,4.998,4.998,219
2022-02-13 13:46:22,4.9,5.3,177,0.0,0.0,0,0.0,0.0,0,91759.00,0.00,0.00,311,14.53,4.33,0.00,-12.8,4.998,4.998,4.998,4.998,99
2022-02-13 13:47:22,1.3,5.0,99,0.0,0.0,0,0.0,0.0,0,91858.00,0.00,0.00,330,14.53,4.58,0.00,-12.8,4.998,4.998,4.998,4.998,226
2022-02-13 13:48:22,4.9,7.2,200,0.0,0.0,0,0.0,0.0,0,92058.00,0.00,0.00,284,14.53,3.95,0.00,-12.8,4.998,4.998,4.998,4.998,179
2022-02-13 13:49:22,3.8,10.6,309,0.0,0.0,0,0.0,0.0,0,92367.00,0.00,0.00,288,14.57,4.00,0.00,-13.3,4.998,4.998,4.998,4.998,178
2022-02-13 13:50:22,6.6,12.2,556,0.0,0.0,0,0.0,0.0,0,92923.00,0.00,0.00,217,14.53,3.02,0.00,-13.3,4.998,4.998,4.998,4.998,214
2022-02-13 13:51:22,6.1,8.6,365,0.0,0.0,0,0.0,0.0,0,93288.00,0.00,0.00,249,14.57,3.46,0.00,-13.3,4.998,4.998,4.998,4.998,210
2022-02-13 13:52:22,5.2,12.7,476,0.0,0.0,0,0.0,0.0,0,93764.00,0.00,0.00,227,14.57,3.16,0.00,-13.3,4.998,4.998,4.998,4.998,102
2022-02-13 13:53:22,7.0,7.7,324,0.0,0.0,0,0.0,0.0,0,94088.00,0.00,0.00,234,14.53,3.26,0.00,-12.8,4.998,4.998,4.998,4.998,84
2022-02-13 13:54:22,6.1,9.5,396,0.0,0.0,0,0.0,0.0,0,94484.00,0.00,0.00,282,14.57,3.92,0.00,-13.3,4.998,4.998,4.998,4.998,134
2022-02-13 13:55:22,5.0,8.7,316,0.0,0.0,0,0.0,0.0,0,94800.00,0.00,0.00,233,14.57,3.24,0.00,-13.3,4.998,4.998,4.998,4.998,69
2022-02-13 13:56:22,5.1,7.2,312,0.0,0.0,0,0.0,0.0,0,95112.00,0.00,0.00,253,14.57,3.51,0.00,-13.3,4.998,4.998,4.998,4.998,112
2022-02-13 13:57:22,3.2,5.5,221,0.0,0.0,0,0.0,0.0,0,95333.00,0.00,0.00,246,14.53,3.42,0.00,-13.3,4.998,4.998,4.998,4.998,241
2022-02-13 13:58:22,1.3,5.0,129,0.0,0.0,0,0.0,0.0,0,95462.00,0.00,0.00,232,14.53,3.22,0.00,-12.8,4.998,4.998,4.998,4.998,53
2022-02-13 13:59:22,2.2,6.0,145,0.0,0.0,0,0.0,0.0,0,95607.00,0.00,0.00,339,14.53,4.71,0.00,-12.4,4.998,4.998,4.998,4.998,189
2022-02-13 14:00:22,4.0,4.1,34,0.0,0.0,0,0.0,0.0,0,95641.00,0.00,0.00,213,14.53,2.96,0.00,-11.9,4.998,4.998,4.998,4.998,248
2022-02-13 14:01:22,11.6,11.8,405,0.0,0.0,0,0.0,0.0,0,96046.00,0.00,0.00,213,14.53,2.96,0.00,-12.4,4.998,4.998,4.998,4.998,9
2022-02-13 14:02:22,9.1,11.6,496,0.0,0.0,0,0.0,0.0,0,96542.00,0.00,0.00,227,14.53,3.15,0.00,-13.3,4.998,4.998,4.998,4.998,12
2022-02-13 14:03:22,7.6,12.2,526,0.0,0.0,0,0.0,0.0,0,97068.00,0.00,0.00,231,14.57,3.21,0.00,-13.3,4.998,4.998,4.998,4.998,146
2022-02-13 14:04:22,6.4,10.8,520,0.0,0.0,0,0.0,0.0,0,97588.00,0.00,0.00,285,14.60,3.95,0.00,-13.8,4.998,4.998,4.998,4.998,177
2022-02-13 14:05:22,6.7,10.5,363,0.0,0.0,0,0.0,0.0,0,97951.00,0.00,0.00,206,14.60,2.86,0.00,-13.3,4.998,4.998,4.998,4.998,207
2022-02-13 14:06:22,8.2,11.7,487,0.0,0.0,0,0.0,0.0,0,98438.00,0.00,0.00,202,14.60,2.81,0.00,-13.3,4.998,4.998,4.998,4.998,193
2022-02-13 14:07:22,6.2,13.9,464,0.0,0.0,0,0.0,0.0,0,98902.00,0.00,0.00,252,14.60,3.50,0.00,-13.3,4.998,4.998,4.998,4.998,60
2022-02-13 14:08:22,8.4,10.5,446,0.0,0.0,0,0.0,0.0,0,99348.00,0.00,0.00,255,14.57,3.55,0.00,-13.3,4.998,4.998,4.998,4.998,55
2022-02-13 14:09:22,11.8,11.8,484,0.0,0.0,0,0.0,0.0,0,99832.00,0.00,0.00,247,14.57,3.43,0.00,-13.3,4.998,4.998,4.998,4.998,233
2022-02-13 14:10:22,9.0,14.0,586,0.0,0.0,0,0.0,0.0,0,100418.00,0.00,0.00,235,14.60,3.26,0.00,-13.8,4.998,4.998,4.998,4.998,141
2022-02-13 14:11:22,6.5,10.3,438,0.0,0.0,0,0.0,0.0,0,100856.00,0.00,0.00,245,14.60,3.40,0.00,-13.8,4.998,4.998,4.998,4.998,77
2022-02-13 14:12:22,12.5,13.3,648,0.0,0.0,0,0.0,0.0,0,101504.00,0.00,0.00,236,14.57,3.28,0.00,-13.8,4.998,4.998,4.998,4.998,89
2022-02-13 14:13:22,7.6,13.8,576,0.0,0.0,0,0.0,0.0,0,102080.00,0.00,0.00,249,14.57,3.46,0.00,-14.3,4.998,4.998,4.998,4.998,27
2022-02-13 14:14:22,9.2,9.8,441,0.0,0.0,0,0.0,0.0,0,102521.00,0.00,0.00,273,14.60,3.80,0.00,-13.8,4.998,4.998,4.998,4.998,48
2022-02-13 14:15:22,10.5,10.6,406,0.0,0.0,0,0.0,0.0,0,102927.00,0.00,0.00,249,14.68,3.46,0.00,-13.3,4.998,4.998,4.998,4.998,227
2022-02-13 14:16:22,4.2,14.2,542,0.0,0.0,0,0.0,0.0,0,103469.00,0.00,0.00,263,14.60,3.65,0.00,-13.8,4.998,4.998,4.998,4.998,124
2022-02-13 14:17:22,7.1,8.9,439,0.0,0.0,0,0.0,0.0,0,103908.00,0.00,0.00,252,14.60,3.50,0.00,-13.3,4.998,4.998,4.998,4.998,151
2022-02-13 14:18:22,3.8,10.6,353,0.0,0.0,0,0.0,0.0,0,104261.00,0.00,0.00,268,14.60,3.72,0.00,-13.3,4.998,4.998,4.998,4.998,21
2022-02-13 14:19:22,5.5,5.5,111,0.0,0.0,0,0.0,0.0,0,104372.00,0.00,0.00,258,14.60,3.58,0.00,-12.4,4.998,4.998,4.998,4.998,29
2022-02-13 14:20:22,10.9,11.2,283,0.0,0.0,0,0.0,0.0,0,104655.00,0.00,0.00,248,14.57,3.45,0.00,-12.4,4.998,4.998,4.998,4.998,11
2022-02-13 14:21:22,8.5,12.9,562,0.0,0.0,0,0.0,0.0,0,105217.00,0.00,0.00,215,14.57,2.98,0.00,-13.3,4.998,4.998,4.998,4.998,108
2022-02-13 14:22:22,4.0,12.3,420,0.0,0.0,0,0.0,0.0,0,105637.00,0.00,0.00,269,14.60,3.74,0.00,-13.3,4.998,4.998,4.998,4.998,157
2022-02-13 14:23:22,6.2,6.6,132,0.0,0.0,0,0.0,0.0,0,105769.00,0.00,0.00,256,14.60,3.56,0.00,-12.8,4.998,4.998,4.998,4.998,139
2022-02-13 14:24:22,1.2,7.4,164,0.0,0.0,0,0.0,0.0,0,105933.00,0.00,0.00,226,14.60,3.14,0.00,-11.9,4.998,4.998,4.998,4.998,104
2022-02-13 14:25:22,4.9,9.1,194,0.0,0.0,0,0.0,0.0,0,106127.00,0.00,0.00,217,14.60,3.02,0.00,-12.4,4.998,4.998,4.998,4.998,249
2022-02-13 14:26:22,7.8,11.6,355,0.0,0.0,0,0.0,0.0,0,106482.00,0.00,0.00,241,14.60,3.35,0.00,-12.8,4.998,4.998,4.998,4.998,158
2022-02-13 14:27:22,5.1,9.3,366,0.0,0.0,0,0.0,0.0,0,106848.00,0.00,0.00,291,14.57,4.05,0.00,-12.8,4.998,4.998,4.998,4.998,96
2022-02-13 14:28:22,8.3,10.3,346,0.0,0.0,0,0.0,0.0,0,107194.00,0.00,0.00,276,14.60,3.83,0.00,-12.8,4.998,4.998,4.998,4.998,26
2022-02-13 14:29:22,8.3,12.3,480,0.0,0.0,0,0.0,0.0,0,107674.00,0.00,0.00,235,14.60,3.27,0.00,-13.3,4.998,4.998,4.998,4.998,216
2022-02-13 14:30:22,8.7,12.7,488,0.0,0.0,0,0.0,0.0,0,108162.00,0.00,0.00,244,14.60,3.39,0.00,-12.8,4.998,4.998,4.998,4.998,207
2022-02-13 14:31:22,8.4,13.9,512,0.0,0.0,0,0.0,0.0,0,108674.00,0.00,0.00,278,14.60,3.87,0.00,-12.8,4.998,4.998,4.998,4.998,166
2022-02-13 14:32:22,8.1,12.9,519,0.0,0.0,0,0.0,0.0,0,109193.00,0.00,0.00,268,14.57,3.73,0.00,-12.8,4.998,4.998,4.998,4.998,203
2022-02-13 14:33:22,6.5,14.8,613,0.0,0.0,0,0.0,0.0,0,109806.00,0.00,0.00,250,14.60,3.48,0.00,-13.3,4.998,4.998,4.998,4.998,54
2022-02-13 14:34:22,8.2,8.7,426,0.0,0.0,0,0.0,0.0,0,110232.00,0.00,0.00,246,14.60,3.41,0.00,-12.8,4.998,4.998,4.998,4.998,34
2022-02-13 14:35:22,7.8,10.2,437,0.0,0.0,0,0.0,0.0,0,110669.00,0.00,0.00,239,14.60,3.33,0.00,-12.8,4.998,4.998,4.998,4.998,114
2022-02-13 14:36:22,8.4,20.9,664,0.0,0.0,0,0.0,0.0,0,111333.00,0.00,0.00,225,14.57,3.12,0.00,-13.8,4.998,4.998,4.998,4.998,192
2022-02-13 14:37:22,8.3,14.8,684,0.0,0.0,0,0.0,0.0,0,112017.00,0.00,0.00,239,14.57,3.33,0.00,-13.3,4.998,4.998,4.998,4.998,104
2022-02-13 14:38:22,10.2,17.6,571,0.0,0.0,0,0.0,0.0,0,112588.00,0.00,0.00,248,14.60,3.44,0.00,-13.3,4.998,4.998,4.998,4.998,33
2022-02-13 14:39:22,6.7,12.1,514,0.0,0.0,0,0.0,0.0,0,113102.00,0.00,0.00,271,14.60,3.76,0.00,-13.3,4.998,4.998,4.998,4.998,87
2022-02-13 14:40:22,4.6,13.0,456,0.0,0.0,0,0.0,0.0,0,113558.00,0.00,0.00,303,14.60,4.21,0.00,-13.3,4.998,4.998,4.998,4.998,133
2022-02-13 14:41:22,4.4,13.4,573,0.0,0.0,0,0.0,0.0,0,114131.00,0.00,0.00,254,14.60,3.53,0.00,-13.3,4.998,4.998,4.998,4.998,73
2022-02-13 14:42:22,6.7,8.4,381,0.0,0.0,0,0.0,0.0,0,114512.00,0.00,0.00,260,14.60,3.61,0.00,-13.3,4.998,4.998,4.998,4.998,41
2022-02-13 14:43:22,8.6,12.3,575,0.0,0.0,0,0.0,0.0,0,115087.00,0.00,0.00,265,14.57,3.68,0.00,-12.8,4.998,4.998,4.998,4.998,82
2022-02-13 14:44:22,3.9,10.9,498,0.0,0.0,0,0.0,0.0,0,115585.00,0.00,0.00,295,14.60,4.10,0.00,-12.8,4.998,4.998,4.998,4.998,65
2022-02-13 14:45:22,6.1,9.0,316,0.0,0.0,0,0.0,0.0,0,115901.00,0.00,0.00,292,14.57,4.05,0.00,-12.8,4.998,4.998,4.998,4.998,157
2022-02-13 14:46:22,11.2,11.5,437,0.0,0.0,0,0.0,0.0,0,116338.00,0.00,0.00,306,14.60,4.26,0.00,-12.8,4.998,4.998,4.998,4.998,235
2022-02-13 14:47:22,6.7,13.3,544,0.0,0.0,0,0.0,0.0,0,116882.00,0.00,0.00,254,14.60,3.53,0.00,-12.8,4.998,4.998,4.998,4.998,147
2022-02-13 14:48:22,9.2,12.6,561,0.0,0.0,0,0.0,0.0,0,117443.00,0.00,0.00,237,14.57,3.29,0.00,-13.3,4.998,4.998,4.998,4.998,169
2022-02-13 14:49:22,3.9,11.4,420,0.0,0.0,0,0.0,0.0,0,117863.00,0.00,0.00,266,14.60,3.70,0.00,-12.8,4.998,4.998,4.998,4.998,203
2022-02-13 14:50:22,8.0,9.2,369,0.0,0.0,0,0.0,0.0,0,118232.00,0.00,0.00,260,14.60,3.61,0.00,-12.8,4.998,4.998,4.998,4.998,120
2022-02-13 14:51:22,10.6,15.5,633,0.0,0.0,0,0.0,0.0,0,118865.00,0.00,0.00,246,14.57,3.42,0.00,-13.3,4.998,4.998,4.998,4.998,173
2022-02-13 14:52:22,7.4,12.7,557,0.0,0.0,0,0.0,0.0,0,119422.00,0.00,0.00,275,14.60,3.82,0.00,-12.8,4.998,4.998,4.998,4.998,11
2022-02-13 14:53:22,8.7,12.1,519,0.0,0.0,0,0.0,0.0,0,119941.00,0.00,0.00,237,14.60,3.29,0.00,-13.3,4.998,4.998,4.998,4.998,72
2022-02-13 14:54:22,8.0,9.6,441,0.0,0.0,0,0.0,0.0,0,120382.00,0.00,0.00,289,14.57,4.01,0.00,-12.8,4.998,4.998,4.998,4.998,104
2022-02-13 14:55:22,2.4,8.3,224,0.0,0.0,0,0.0,0.0,0,120606.00,0.00,0.00,230,14.60,3.20,0.00,-12.4,4.998,4.998,4.998,4.998,76
2022-02-13 14:56:22,4.4,8.8,331,0.0,0.0,0,0.0,0.0,0,120937.00,0.00,0.00,232,14.60,3.22,0.00,-12.4,4.998,4.998,4.998,4.998,254
2022-02-13 14:57:22,2.6,5.1,179,0.0,0.0,0,0.0,0.0,0,121116.00,0.00,0.00,278,14.57,3.86,0.00,-11.9,4.998,4.998,4.998,4.998,145
2022-02-13 14:58:22,4.1,8.0,250,0.0,0.0,0,0.0,0.0,0,121366.00,0.00,0.00,263,14.60,3.66,0.00,-12.4,4.998,4.998,4.998,4.998,170
2022-02-13 14:59:22,2.2,6.0,219,0.0,0.0,0,0.0,0.0,0,121585.00,0.00,0.00,224,14.60,3.11,0.00,-12.4,4.998,4.998,4.998,4.998,85
2022-02-13 15:00:22,7.9,9.4,380,0.0,0.0,0,0.0,0.0,0,121965.00,0.00,0.00,248,14.60,3.45,0.00,-12.4,4.998,4.998,4.998,4.998,119
2022-02-13 15:01:22,6.8,9.5,415,0.0,0.0,0,0.0,0.0,0,122380.00,0.00,0.00,233,14.64,3.23,0.00,-12.4,4.998,4.998,4.998,4.998,244
2022-02-13 15:02:22,11.6,12.0,382,0.0,0.0,0,0.0,0.0,0,122762.00,0.00,0.00,272,14.57,3.77,0.00,-12.4,4.998,4.998,4.998,4.998,60
2022-02-13 15:03:22,6.5,15.5,521,0.0,0.0,0,0.0,0.0,0,123283.00,0.00,0.00,278,14.60,3.86,0.00,-12.4,4.998,4.998,4.998,4.998,61
2022-02-13 15:04:22,1.4,6.6,215,0.0,0.0,0,0.0,0.0,0,123498.00,0.00,0.00,218,14.60,3.03,0.00,-11.9,4.998,4.998,4.998,4.998,127
2022-02-13 15:05:22,4.7,8.4,180,0.0,0.0,0,0.0,0.0,0,123678.00,0.00,0.00,288,14.57,4.00,0.00,-11.9,4.998,4.998,4.998,4.998,189
2022-02-13 15:06:22,7.8,13.0,522,0.0,0.0,0,0.0,0.0,0,124200.00,0.00,0.00,277,14.60,3.84,0.00,-12.4,4.998,4.998,4.998,4.998,43
2022-02-13 15:07:22,4.6,8.9,309,0.0,0.0,0,0.0,0.0,0,124509.00,0.00,0.00,325,14.60,4.52,0.00,-12.8,4.998,4.998,4.998,4.998,185
2022-02-13 15:08:22,9.1,14.4,469,0.0,0.0,0,0.0,0.0,0,124978.00,0.00,0.00,260,14.60,3.61,0.00,-12.8,4.998,4.998,4.998,4.998,62
2022-02-13 15:09:22,5.4,12.7,495,0.0,0.0,0,0.0,0.0,0,125473.00,0.00,0.00,326,14.57,4.53,0.00,-13.3,4.998,4.998,4.998,4.998,135
2022-02-13 15:10:22,8.1,8.9,337,0.0,0.0,0,0.0,0.0,0,125810.00,0.00,0.00,244,14.60,3.39,0.00,-12.8,4.998,4.998,4.998,4.998,184
2022-02-13 15:11:22,2.7,8.4,377,0.0,0.0,0,0.0,0.0,0,126187.00,0.00,0.00,269,14.60,3.74,0.00,-12.8,4.998,4.998,4.998,4.998,3
2022-02-13 15:12:22,6.0,9.4,300,0.0,0.0,0,0.0,0.0,0,126487.00,0.00,0.00,259,14.68,3.59,0.00,-12.8,4.998,4.998,4.998,4.998,189
2022-02-13 15:13:22,6.4,9.2,383,0.0,0.0,0,0.0,0.0,0,126870.00,0.00,0.00,264,14.57,3.67,0.00,-12.4,4.998,4.998,4.998,4.998,136
2022-02-13 15:14:22,10.9,10.9,422,0.0,0.0,0,0.0,0.0,0,127292.00,0.00,0.00,231,14.57,3.21,0.00,-12.8,4.998,4.998,4.998,4.998,115
2022-02-13 15:15:22,6.8,10.5,351,0.0,0.0,0,0.0,0.0,0,127643.00,0.00,0.00,245,14.57,3.40,0.00,-12.4,4.998,4.998,4.998,4.998,39
2022-02-13 15:16:22,8.8,13.0,586,0.0,0.0,0,0.0,0.0,0,128229.00,0.00,0.00,247,14.60,3.43,0.00,-12.8,4.998,4.998,4.998,4.998,183
2022-02-13 15:17:22,10.0,13.4,540,0.0,0.0,0,0.0,0.0,0,128769.00,0.00,0.00,260,14.60,3.61,0.00,-13.3,4.998,4.998,4.998,4.998,5
2022-02-13 15:18:22,7.2,10.4,461,0.0,0.0,0,0.0,0.0,0,129230.00,0.00,0.00,289,14.60,4.02,0.00,-12.8,4.998,4.998,4.998,4.998,32
2022-02-13 15:19:22,8.8,10.4,320,0.0,0.0,0,0.0,0.0,0,129550.00,0.00,0.00,255,14.60,3.55,0.00,-12.8,4.998,4.998,4.998,4.998,196
2022-02-13 15:20:22,8.8,10.9,473,0.0,0.0,0,0.0,0.0,0,130023.00,0.00,0.00,249,14.60,3.46,0.00,-12.8,4.998,4.998,4.998,4.998,161
2022-02-13 15:21:22,4.9,10.0,424,0.0,0.0,0,0.0,0.0,0,130447.00,0.00,0.00,242,14.57,3.37,0.00,-12.8,4.998,4.998,4.998,4.998,77
2022-02-13 15:22:22,0.9,5.0,118,0.0,0.0,0,0.0,0.0,0,130565.00,0.00,0.00,299,14.60,4.16,0.00,-12.4,4.998,4.998,4.998,4.998,224
2022-02-13 15:23:22,4.0,11.3,311,0.0,0.0,0,0.0,0.0,0,130876.00,0.00,0.00,271,14.64,3.76,0.00,-12.4,4.998,4.998,4.998,4.998,212
2022-02-13 15:24:22,9.2,15.1,555,0.0,0.0,0,0.0,0.0,0,131431.00,0.00,0.00,303,14.60,4.21,0.00,-12.8,4.998,4.998,4.998,4.998,66
2022-02-13 15:25:22,9.8,14.3,673,0.0,0.0,0,0.0,0.0,0,132104.00,0.00,0.00,274,14.60,3.81,0.00,-12.8,4.998,4.998,4.998,4.998,53
2022-02-13 15:26:22,7.1,13.7,497,0.0,0.0,0,0.0,0.0,0,132601.00,0.00,0.00,288,14.60,4.00,0.00,-13.3,4.998,4.998,4.998,4.998,219
2022-02-13 15:27:22,7.5,10.8,451,0.0,0.0,0,0.0,0.0,0,133052.00,0.00,0.00,294,14.60,4.08,0.00,-12.8,4.998,4.998,4.998,4.998,110
2022-02-13 15:28:22,7.8,8.5,343,0.0,0.0,0,0.0,0.0,0,133395.00,0.00,0.00,284,14.60,3.95,0.00,-12.4,4.998,4.998,4.998,4.998,3
2022-02-13 15:29:22,10.1,12.1,546,0.0,0.0,0,0.0,0.0,0,133941.00,0.00,0.00,276,14.60,3.84,0.00,-12.8,4.998,4.998,4.998,4.998,132
2022-02-13 15:30:22,6.8,13.1,573,0.0,0.0,0,0.0,0.0,0,134514.00,0.00,0.00,291,14.60,4.05,0.00,-12.8,4.998,4.998,4.998,4.998,220
2022-02-13 15:31:22,4.8,12.0,463,0.0,0.0,0,0.0,0.0,0,134977.00,0.00,0.00,262,14.60,3.64,0.00,-12.8,4.998,4.998,4.998,4.998,124
2022-02-13 15:32:22,5.8,7.6,365,0.0,0.0,0,0.0,0.0,0,135342.00,0.00,0.00,306,14.60,4.25,0.00,-12.4,4.998,4.998,4.998,4.998,190
2022-02-13 15:33:22,7.3,11.7,466,0.0,0.0,0,0.0,0.0,0,135808.00,0.00,0.00,241,14.60,3.35,0.00,-12.4,4.998,4.998,4.998,4.998,26
2022-02-13 15:34:22,9.6,14.5,633,0.0,0.0,0,0.0,0.0,0,136441.00,0.00,0.00,274,14.60,3.81,0.00,-12.8,4.998,4.998,4.998,4.998,136
2022-02-13 15:35:22,5.3,13.1,536,0.0,0.0,0,0.0,0.0,0,136977.00,0.00,0.00,284,14.60,3.95,0.00,-12.8,4.998,4.998,4.998,4.998,86
2022-02-13 15:36:22,6.2,10.9,448,0.0,0.0,0,0.0,0.0,0,137425.00,0.00,0.00,289,14.60,4.01,0.00,-12.8,4.998,4.998,4.998,4.998,211
2022-02-13 15:37:22,6.4,7.4,322,0.0,0.0,0,0.0,0.0,0,137747.00,0.00,0.00,280,14.60,3.90,0.00,-12.4,4.998,4.998,4.998,4.998,7
2022-02-13 15:38:22,5.6,9.1,381,0.0,0.0,0,0.0,0.0,0,138128.00,0.00,0.00,291,14.60,4.04,0.00,-12.4,4.998,4.998,4.998,4.998,128
2022-02-13 15:39:22,8.0,10.5,248,0.0,0.0,0,0.0,0.0,0,138376.00,0.00,0.00,299,14.60,4.16,0.00,-12.4,4.998,4.998,4.998,4.998,253
2022-02-13 15:40:22,4.5,11.8,487,0.0,0.0,0,0.0,0.0,0,138863.00,0.00,0.00,262,14.57,3.65,0.00,-12.8,4.998,4.998,4.998,4.998,226
2022-02-13 15:41:22,9.7,10.4,380,0.0,0.0,0,0.0,0.0,0,139243.00,0.00,0.00,253,14.60,3.51,0.00,-12.8,4.998,4.998,4.998,4.998,203
2022-02-13 15:42:22,7.1,16.4,677,0.0,0.0,0,0.0,0.0,0,139920.00,0.00,0.00,248,14.60,3.45,0.00,-12.8,4.998,4.998,4.998,4.998,58
2022-02-13 15:43:22,6.3,12.2,547,0.0,0.0,0,0.0,0.0,0,140467.00,0.00,0.00,263,14.57,3.65,0.00,-13.3,4.998,4.998,4.998,4.998,222
2022-02-13 15:44:22,8.5,15.0,543,0.0,0.0,0,0.0,0.0,0,141010.00,0.00,0.00,269,14.68,3.74,0.00,-12.8,4.998,4.998,4.998,4.998,155
2022-02-13 15:45:22,3.1,10.9,512,0.0,0.0,0,0.0,0.0,0,141522.00,0.00,0.00,250,14.64,3.48,0.00,-12.8,4.998,4.998,4.998,4.998,18
2022-02-13 15:46:22,10.6,12.7,385,0.0,0.0,0,0.0,0.0,0,141907.00,0.00,0.00,300,14.60,4.17,0.00,-12.8,4.998,4.998,4.998,4.998,191
2022-02-13 15:47:22,5.7,12.3,559,0.0,0.0,0,0.0,0.0,0,142466.00,0.00,0.00,301,14.57,4.19,0.00,-12.8,4.998,4.998,4.998,4.998,103
2022-02-13 15:48:22,6.4,9.9,473,0.0,0.0,0,0.0,0.0,0,142939.00,0.00,0.00,266,14.60,3.70,0.00,-12.8,4.998,4.998,4.998,4.998,58
2022-02-13 15:49:22,7.0,12.6,477,0.0,0.0,0,0.0,0.0,0,143416.00,0.00,0.00,285,14.57,3.96,0.00,-13.3,4.998,4.998,4.998,4.998,99
2022-02-13 15:50:22,10.4,11.5,414,0.0,0.0,0,0.0,0.0,0,143830.00,0.00,0.00,260,14.60,3.61,0.00,-12.8,4.998,4.998,4.998,4.998,238
2022-02-13 15:51:22,7.6,11.3,478,0.0,0.0,0,0.0,0.0,0,144308.00,0.00,0.00,277,14.60,3.85,0.00,-12.8,4.998,4.998,4.998,4.998,251
2022-02-13 15:52:22,7.7,16.4,670,0.0,0.0,0,0.0,0.0,0,144978.00,0.00,0.00,268,14.57,3.73,0.00,-12.8,4.998,4.998,4.998,4.998,14
2022-02-13 15:53:22,11.1,12.3,529,0.0,0.0,0,0.0,0.0,0,145507.00,0.00,0.00,266,14.60,3.70,0.00,-12.8,4.998,4.998,4.998,4.998,239
2022-02-13 15:54:22,7.2,12.3,531,0.0,0.0,0,0.0,0.0,0,146038.00,0.00,0.00,252,14.57,3.51,0.00,-12.8,4.998,4.998,4.998,4.998,157
2022-02-13 15:55:22,5.4,7.9,346,0.0,0.0,0,0.0,0.0,0,146384.00,0.00,0.00,286,14.60,3.97,0.00,-12.4,4.998,4.998,4.998,4.998,20
2022-02-13 15:56:22,5.9,14.2,521,0.0,0.0,0,0.0,0.0,0,146905.00,0.00,0.00,281,14.60,3.91,0.00,-12.8,4.998,4.998,4.998,4.998,239
2022-02-13 15:57:22,9.2,12.6,495,0.0,0.0,0,0.0,0.0,0,147400.00,0.00,0.00,249,14.60,3.46,0.00,-12.4,4.998,4.998,4.998,4.998,142
2022-02-13 15:58:22,14.6,15.0,491,0.0,0.0,0,0.0,0.0,0,147891.00,0.00,0.00,252,14.57,3.51,0.00,-12.8,4.998,4.998,4.998,4.998,73
2022-02-13 15:59:22,6.0,15.6,676,0.0,0.0,0,0.0,0.0,0,148567.00,0.00,0.00,233,14.60,3.23,0.00,-12.8,4.998,4.998,4.998,4.998,51
2022-02-13 16:00:22,7.4,9.9,421,0.0,0.0,0,0.0,0.0,0,148988.00,0.00,0.00,260,14.64,3.62,0.00,-12.8,4.998,4.998,4.998,4.998,94
2022-02-13 16:01:22,9.3,13.2,460,0.0,0.0,0,0.0,0.0,0,149448.00,0.00,0.00,251,14.60,3.49,0.00,-12.8,4.998,4.998,4.998,4.998,219
2022-02-13 16:02:22,9.1,9.7,436,0.0,0.0,0,0.0,0.0,0,149884.00,0.00,0.00,288,14.60,4.01,0.00,-12.8,4.998,4.998,4.998,4.998,132
2022-02-13 16:03:22,5.1,10.8,475,0.0,0.0,0,0.0,0.0,0,150359.00,0.00,0.00,254,14.60,3.53,0.00,-12.8,4.998,4.998,4.998,4.998,136
2022-02-13 16:04:22,4.5,9.6,405,0.0,0.0,0,0.0,0.0,0,150764.00,0.00,0.00,279,14.57,3.88,0.00,-12.8,4.998,4.998,4.998,4.998,208
2022-02-13 16:05:22,7.0,8.8,357,0.0,0.0,0,0.0,0.0,0,151121.00,0.00,0.00,298,14.57,4.14,0.00,-12.4,4.998,4.998,4.998,4.998,91
2022-02-13 16:06:22,6.8,9.8,412,0.0,0.0,0,0.0,0.0,0,151533.00,0.00,0.00,271,14.60,3.76,0.00,-12.4,4.998,4.998,4.998,4.998,148
2022-02-13 16:07:22,10.5,12.4,596,0.0,0.0,0,0.0,0.0,0,152129.00,0.00,0.00,255,14.60,3.54,0.00,-12.4,4.998,4.998,4.998,4.998,21
2022-02-13 16:08:22,6.5,12.7,559,0.0,0.0,0,0.0,0.0,0,152688.00,0.00,0.00,293,14.57,4.07,0.00,-12.8,4.998,4.998,4.998,4.998,58
2022-02-13 16:09:22,5.7,10.9,466,0.0,0.0,0,0.0,0.0,0,153154.00,0.00,0.00,255,14.60,3.54,0.00,-12.4,4.998,4.998,4.998,4.998,60
2022-02-13 16:10:22,7.7,13.1,551,0.0,0.0,0,0.0,0.0,0,153705.00,0.00,0.00,268,14.57,3.72,0.00,-12.4,4.998,4.998,4.998,4.998,56
2022-02-13 16:11:22,6.1,12.5,497,0.0,0.0,0,0.0,0.0,0,154202.00,0.00,0.00,266,14.60,3.69,0.00,-12.4,4.998,4.998,4.998,4.998,142
2022-02-13 16:12:22,6.2,9.0,326,0.0,0.0,0,0.0,0.0,0,154528.00,0.00,0.00,289,14.60,4.02,0.00,-11.4,4.998,4.998,4.998,4.998,187
2022-02-13 16:13:22,4.1,9.3,295,0.0,0.0,0,0.0,0.0,0,154823.00,0.00,0.00,268,14.57,3.72,0.00,-11.4,4.998,4.998,4.998,4.998,213
2022-02-13 16:14:22,6.9,9.3,391,0.0,0.0,0,0.0,0.0,0,155214.00,0.00,0.00,275,14.60,3.82,0.00,-11.4,4.998,4.998,4.998,4.998,242
2022-02-13 16:15:22,7.2,10.4,458,0.0,0.0,0,0.0,0.0,0,155672.00,0.00,0.00,261,14.60,3.63,0.00,-11.4,4.998,4.998,4.998,4.998,106
2022-02-13 16:16:22,6.1,17.3,653,0.0,0.0,0,0.0,0.0,0,156325.00,0.00,0.00,243,14.60,3.37,0.00,-11.9,4.998,4.998,4.998,4.998,105
2022-02-13 16:17:22,7.8,11.1,461,0.0,0.0,0,0.0,0.0,0,156786.00,0.00,0.00,235,14.60,3.27,0.00,-11.9,4.998,4.998,4.998,4.998,10
2022-02-13 16:18:22,5.0,7.9,297,0.0,0.0,0,0.0,0.0,0,157083.00,0.00,0.00,262,14.60,3.64,0.00,-10.9,4.998,4.998,4.998,4.998,191
2022-02-13 16:19:22,11.1,12.1,391,0.0,0.0,0,0.0,0.0,0,157474.00,0.00,0.00,255,14.60,3.55,0.00,-11.4,4.998,4.998,4.998,4.998,36
2022-02-13 16:20:22,6.3,12.7,540,0.0,0.0,0,0.0,0.0,0,158014.00,0.00,0.00,278,14.60,3.86,0.00,-11.9,4.998,4.998,4.998,4.998,197
2022-02-13 16:21:22,4.7,9.4,420,0.0,0.0,0,0.0,0.0,0,158434.00,0.00,0.00,288,14.60,4.00,0.00,-11.4,4.998,4.998,4.998,4.998,214
2022-02-13 16:22:22,7.7,11.1,378,0.0,0.0,0,0.0,0.0,0,158812.00,0.00,0.00,276,14.60,3.83,0.00,-10.9,4.998,4.998,4.998,4.998,25
2022-02-13 16:23:22,3.3,7.5,220,0.0,0.0,0,0.0,0.0,0,159032.00,0.00,0.00,273,14.60,3.80,0.00,-10.9,4.998,4.998,4.998,4.998,167
2022-02-13 16:24:22,2.9,4.6,143,0.0,0.0,0,0.0,0.0,0,159175.00,0.00,0.00,248,14.60,3.45,0.00,-10.4,4.998,4.998,4.998,4.998,106
2022-02-13 16:25:22,7.0,12.0,343,0.0,0.0,0,0.0,0.0,0,159518.00,0.00,0.00,261,14.60,3.63,0.00,-10.4,4.998,4.998,4.998,4.998,70
2022-02-13 16:26:22,8.9,11.6,431,0.0,0.0,0,0.0,0.0,0,159949.00,0.00,0.00,247,14.60,3.43,0.00,-10.9,4.998,4.998,4.998,4.998,29
2022-02-13 16:27:22,11.9,14.5,586,0.0,0.0,0,0.0,0.0,0,160535.00,0.00,0.00,227,14.60,3.16,0.00,-11.4,4.998,4.998,4.998,4.998,57
2022-02-13 16:28:22,5.7,14.8,514,0.0,0.0,0,0.0,0.0,0,161049.00,0.00,0.00,290,14.60,4.03,0.00,-11.4,4.998,4.998,4.998,4.998,31
2022-02-13 16:29:22,3.7,7.3,252,0.0,0.0,0,0.0,0.0,0,161301.00,0.00,0.00,299,14.60,4.16,0.00,-10.4,4.998,4.998,4.998,4.998,150
2022-02-13 16:30:22,6.1,10.8,418,0.0,0.0,0,0.0,0.0,0,161719.00,0.00,0.00,291,14.60,4.04,0.00,-11.4,4.998,4.998,4.998,4.998,153
2022-02-13 16:31:22,2.7,9.3,298,0.0,0.0,0,0.0,0.0,0,162017.00,0.00,0.00,328,14.57,4.56,0.00,-10.9,4.998,4.998,4.998,4.998,138
2022-02-13 16:32:22,7.4,7.8,248,0.0,0.0,0,0.0,0.0,0,162265.00,0.00,0.00,240,14.57,3.33,0.00,-10.4,4.998,4.998,4.998,4.998,124
2022-02-13 16:33:22,3.5,9.7,351,0.0,0.0,0,0.0,0.0,0,162616.00,0.00,0.00,275,14.60,3.83,0.00,-10.4,4.998,4.998,4.998,4.998,7
2022-02-13 16:34:22,4.3,10.9,322,0.0,0.0,0,0.0,0.0,0,162938.00,0.00,0.00,299,14.60,4.15,0.00,-10.4,4.998,4.998,4.998,4.998,51
2022-02-13 16:35:22,3.9,8.1,289,0.0,0.0,0,0.0,0.0,0,163227.00,0.00,0.00,254,14.60,3.54,0.00,-10.9,4.998,4.998,4.998,4.998,128
2022-02-13 16:36:22,4.2,4.7,161,0.0,0.0,0,0.0,0.0,0,163388.00,0.00,0.00,271,14.57,3.77,0.00,-9.9,4.998,4.998,4.998,4.998,184
2022-02-13 16:37:22,3.3,7.0,276,0.0,0.0,0,0.0,0.0,0,163664.00,0.00,0.00,269,14.60,3.74,0.00,-9.9,4.998,4.998,4.998,4.998,231
2022-02-13 16:38:22,5.1,8.3,284,0.0,0.0,0,0.0,0.0,0,163948.00,0.00,0.00,303,14.57,4.21,0.00,-10.4,4.998,4.998,4.998,4.998,125
2022-02-13 16:39:22,4.0,7.1,251,0.0,0.0,0,0.0,0.0,0,164199.00,0.00,0.00,325,14.57,4.51,0.00,-10.4,4.998,4.998,4.998,4.998,1
2022-02-13 16:40:22,7.5,7.7,344,0.0,0.0,0,0.0,0.0,0,164543.00,0.00,0.00,266,14.60,3.69,0.00,-10.9,4.998,4.998,4.998,4.998,210
2022-02-13 16:41:22,5.3,9.6,457,0.0,0.0,0,0.0,0.0,0,165000.00,0.00,0.00,282,14.60,3.92,0.00,-10.9,4.998,4.998,4.998,4.998,32
2022-02-13 16:42:22,4.9,8.3,342,0.0,0.0,0,0.0,0.0,0,165342.00,0.00,0.00,250,14.60,3.48,0.00,-10.9,4.998,4.998,4.998,4.998,197
2022-02-13 16:43:22,7.4,9.4,355,0.0,0.0,0,0.0,0.0,0,165697.00,0.00,0.00,213,14.64,2.95,0.00,-10.9,4.998,4.998,4.998,4.998,130
2022-02-13 16:44:22,7.0,11.4,502,0.0,0.0,0,0.0,0.0,0,166199.00,0.00,0.00,280,14.60,3.89,0.00,-11.4,4.998,4.998,4.998,4.998,204
2022-02-13 16:45:22,5.2,9.9,407,0.0,0.0,0,0.0,0.0,0,166606.00,0.00,0.00,272,14.60,3.78,0.00,-10.9,4.998,4.998,4.998,4.998,39
2022-02-13 16:46:22,7.8,12.1,473,0.0,0.0,0,0.0,0.0,0,167079.00,0.00,0.00,275,14.60,3.82,0.00,-11.4,4.998,4.998,4.998,4.998,28
2022-02-13 16:47:22,6.7,9.2,326,0.0,0.0,0,0.0,0.0,0,167405.00,0.00,0.00,249,14.60,3.46,0.00,-11.4,4.998,4.998,4.998,4.998,21
2022-02-13 16:48:22,11.3,12.5,555,0.0,0.0,0,0.0,0.0,0,167960.00,0.00,0.00,234,14.60,3.25,0.00,-11.4,4.998,4.998,4.998,4.998,217
2022-02-13 16:49:22,6.7,11.7,462,0.0,0.0,0,0.0,0.0,0,168422.00,0.00,0.00,232,14.60,3.22,0.00,-11.9,4.998,4.998,4.998,4.998,164
2022-02-13 16:50:22,4.6,13.6,498,0.0,0.0,0,0.0,0.0,0,168920.00,0.00,0.00,253,14.57,3.51,0.00,-11.4,4.998,4.998,4.998,4.998,190
2022-02-13 16:51:22,6.8,8.7,332,0.0,0.0,0,0.0,0.0,0,169252.00,0.00,0.00,284,14.57,3.95,0.00,-10.9,4.998,4.998,4.998,4.998,51
2022-02-13 16:52:22,3.8,7.1,276,0.0,0.0,0,0.0,0.0,0,169528.00,0.00,0.00,276,14.60,3.84,0.00,-10.9,4.998,4.998,4.998,4.998,112
2022-02-13 16:53:22,4.2,12.0,443,0.0,0.0,0,0.0,0.0,0,169971.00,0.00,0.00,266,14.57,3.70,0.00,-11.4,4.998,4.998,4.998,4.998,23
2022-02-13 16:54:22,4.4,10.2,413,0.0,0.0,0,0.0,0.0,0,170384.00,0.00,0.00,247,14.64,3.44,0.00,-10.9,4.998,4.998,4.998,4.998,179
2022-02-13 16:55:22,8.3,12.4,427,0.0,0.0,0,0.0,0.0,0,170811.00,0.00,0.00,256,14.57,3.56,0.00,-10.9,4.998,4.998,4.998,4.998,12
2022-02-13 16:56:22,6.3,12.0,464,0.0,0.0,0,0.0,0.0,0,171275.00,0.00,0.00,242,14.60,3.36,0.00,-10.9,4.998,4.998,4.998,4.998,159
2022-02-13 16:57:22,9.2,9.5,370,0.0,0.0,0,0.0,0.0,0,171645.00,0.00,0.00,237,14.60,3.29,0.00,-11.4,4.998,4.998,4.998,4.998,197
2022-02-13 16:58:22,9.1,14.3,619,0.0,0.0,0,0.0,0.0,0,172264.00,0.00,0.00,285,14.60,3.95,0.00,-11.4,4.998,4.998,4.998,4.998,221
2022-02-13 16:59:22,6.3,14.1,620,0.0,0.0,0,0.0,0.0,0,172884.00,0.00,0.00,235,14.60,3.27,0.00,-11.9,4.998,4.998,4.998,4.998,102
2022-02-13 17:00:22,5.4,9.5,430,0.0,0.0,0,0.0,0.0,0,173314.00,0.00,0.00,247,14.57,3.43,0.00,-11.4,4.998,4.998,4.998,4.998,71
2022-02-13 17:01:22,10.7,14.9,563,0.0,0.0,0,0.0,0.0,0,173877.00,0.00,0.00,306,14.60,4.26,0.00,-11.9,4.998,4.998,4.998,4.998,142
2022-02-13 17:02:22,8.7,14.8,581,0.0,0.0,0,0.0,0.0,0,174458.00,0.00,0.00,296,14.60,4.11,0.00,-11.9,4.998,4.998,4.998,4.998,176
2022-02-13 17:03:22,8.3,14.2,575,0.0,0.0,0,0.0,0.0,0,175033.00,0.00,0.00,267,14.60,3.71,0.00,-11.9,4.998,4.998,4.998,4.998,117
2022-02-13 17:04:22,7.4,14.3,584,0.0,0.0,0,0.0,0.0,0,175617.00,0.00,0.00,268,14.60,3.72,0.00,-11.9,4.998,4.998,4.998,4.998,227
2022-02-13 17:05:22,3.0,8.6,338,0.0,0.0,0,0.0,0.0,0,175955.00,0.00,0.00,260,14.60,3.61,0.00,-11.4,4.998,4.998,4.998,4.998,7
2022-02-13 17:06:22,5.5,7.9,341,0.0,0.0,0,0.0,0.0,0,176296.00,0.00,0.00,284,14.60,3.94,0.00,-11.4,4.998,4.998,4.998,4.998,112
2022-02-13 17:07:22,7.1,11.8,463,0.0,0.0,0,0.0,0.0,0,176759.00,0.00,0.00,249,14.60,3.46,0.00,-11.9,4.998,4.998,4.998,4.998,251
2022-02-13 17:08:22,4.7,9.9,368,0.0,0.0,0,0.0,0.0,0,177127.00,0.00,0.00,292,14.60,4.05,0.00,-10.9,4.998,4.998,4.998,4.998,106
2022-02-13 17:09:22,7.5,9.3,345,0.0,0.0,0,0.0,0.0,0,177472.00,0.00,0.00,241,14.60,3.35,0.00,-11.4,4.998,4.998,4.998,4.998,120
2022-02-13 17:10:22,5.0,10.3,399,0.0,0.0,0,0.0,0.0,0,177871.00,0.00,0.00,281,14.60,3.91,0.00,-11.4,4.998,4.998,4.998,4.998,173
2022-02-13 17:11:22,6.4,10.7,470,0.0,0.0,0,0.0,0.0,0,178341.00,0.00,0.00,274,14.60,3.80,0.00,-11.4,4.998,4.998,4.998,4.998,176
2022-02-13 17:12:22,2.7,10.3,405,0.0,0.0,0,0.0,0.0,0,178746.00,0.00,0.00,305,14.60,4.23,0.00,-11.4,4.998,4.998,4.998,4.998,135
2022-02-13 17:13:22,14.1,17.2,614,0.0,0.0,0,0.0,0.0,0,179360.00,0.00,0.00,225,14.60,3.13,0.00,-11.9,4.998,4.998,4.998,4.998,20
2022-02-13 17:14:22,5.0,16.1,662,0.0,0.0,0,0.0,0.0,0,180022.00,0.00,0.00,256,14.60,3.55,0.00,-11.9,4.998,4.998,4.998,4.998,3
2022-02-13 17:15:22,11.7,15.4,576,0.0,0.0,0,0.0,0.0,0,180598.00,0.00,0.00,268,14.60,3.73,0.00,-11.9,4.998,4.998,4.998,4.998,173
2022-02-13 17:16:22,8.2,13.5,569,0.0,0.0,0,0.0,0.0,0,181167.00,0.00,0.00,292,14.64,4.06,0.00,-11.9,4.998,4.998,4.998,4.998,87
2022-02-13 17:17:22,9.7,14.0,500,0.0,0.0,0,0.0,0.0,0,181667.00,0.00,0.00,284,14.60,3.95,0.00,-11.9,4.998,4.998,4.998,4.998,40
2022-02-13 17:18:22,7.2,14.2,619,0.0,0.0,0,0.0,0.0,0,182286.00,0.00,0.00,288,14.57,4.00,0.00,-11.9,4.998,4.998,4.998,4.998,202
2022-02-13 17:19:22,8.3,11.9,470,0.0,0.0,0,0.0,0.0,0,182756.00,0.00,0.00,276,14.60,3.84,0.00,-11.9,4.998,4.998,4.998,4.998,231
2022-02-13 17:20:22,8.6,9.5,407,0.0,0.0,0,0.0,0.0,0,183163.00,0.00,0.00,269,14.57,3.74,0.00,-11.4,4.998,4.998,4.998,4.998,39
2022-02-13 17:21:22,2.6,9.1,348,0.0,0.0,0,0.0,0.0,0,183511.00,0.00,0.00,297,14.60,4.13,0.00,-11.4,4.998,4.998,4.998,4.998,155
2022-02-13 17:22:22,8.2,11.7,419,0.0,0.0,0,0.0,0.0,0,183930.00,0.00,0.00,263,14.60,3.66,0.00,-11.4,4.998,4.998,4.998,4.998,143
2022-02-13 17:23:22,4.3,8.3,343,0.0,0.0,0,0.0,0.0,0,184273.00,0.00,0.00,239,14.60,3.32,0.00,-11.4,4.998,4.998,4.998,4.998,92
2022-02-13 17:24:22,6.6,7.2,300,0.0,0.0,0,0.0,0.0,0,184573.00,0.00,0.00,275,14.60,3.82,0.00,-11.4,4.998,4.998,4.998,4.998,50
2022-02-13 17:25:22,4.2,9.7,401,0.0,0.0,0,0.0,0.0,0,184974.00,0.00,0.00,219,14.64,3.05,0.00,-11.4,4.998,4.998,4.998,4.998,52
2022-02-13 17:26:22,2.0,7.6,235,0.0,0.0,0,0.0,0.0,0,185209.00,0.00,0.00,285,14.60,3.95,0.00,-11.4,4.998,4.998,4.998,4.998,149
2022-02-13 17:27:22,2.7,6.3,196,0.0,0.0,0,0.0,0.0,0,185405.00,0.00,0.00,286,14.60,3.98,0.00,-10.9,4.998,4.998,4.998,4.998,231
2022-02-13 17:28:22,6.9,8.1,321,0.0,0.0,0,0.0,0.0,0,185726.00,0.00,0.00,253,14.60,3.52,0.00,-11.4,4.998,4.998,4.998,4.998,134
2022-02-13 17:29:22,5.2,7.4,294,0.0,0.0,0,0.0,0.0,0,186020.00,0.00,0.00,240,14.57,3.33,0.00,-11.4,4.998,4.998,4.998,4.998,194
2022-02-13 17:30:22,6.0,10.9,473,0.0,0.0,0,0.0,0.0,0,186493.00,0.00,0.00,241,14.60,3.35,0.00,-11.9,4.998,4.998,4.998,4.998,155
2022-02-13 17:31:22,8.4,17.6,627,0.0,0.0,0,0.0,0.0,0,187120.00,0.00,0.00,252,14.60,3.51,0.00,-11.9,4.998,4.998,4.998,4.998,131
2022-02-13 17:32:22,11.2,13.3,586,0.0,0.0,0,0.0,0.0,0,187706.00,0.00,0.00,261,14.60,3.63,0.00,-12.4,4.998,4.998,4.998,4.998,14
2022-02-13 17:33:22,8.1,12.1,518,0.0,0.0,0,0.0,0.0,0,188224.00,0.00,0.00,270,14.60,3.75,0.00,-12.4,4.998,4.998,4.998,4.998,25
2022-02-13 17:34:22,9.9,11.0,470,0.0,0.0,0,0.0,0.0,0,188694.00,0.00,0.00,240,14.60,3.33,0.00,-11.9,4.998,4.998,4.998,4.998,185
2022-02-13 17:35:22,4.8,12.2,382,0.0,0.0,0,0.0,0.0,0,189076.00,0.00,0.00,277,14.60,3.84,0.00,-11.9,4.998,4.998,4.998,4.998,239
2022-02-13 17:36:22,4.5,10.3,356,0.0,0.0,0,0.0,0.0,0,189432.00,0.00,0.00,265,14.57,3.68,0.00,-11.9,4.998,4.998,4.998,4.998,22
2022-02-13 17:37:22,4.4,7.4,329,0.0,0.0,0,0.0,0.0,0,189761.00,0.00,0.00,269,14.57,3.74,0.00,-11.9,4.998,4.998,4.998,4.998,226
2022-02-13 17:38:22,7.5,7.8,349,0.0,0.0,0,0.0,0.0,0,190110.00,0.00,0.00,299,14.60,4.16,0.00,-11.9,4.998,4.998,4.998,4.998,21
2022-02-13 17:39:22,4.8,9.4,409,0.0,0.0,0,0.0,0.0,0,190519.00,0.00,0.00,282,14.60,3.92,0.00,-11.9,4.998,4.998,4.998,4.998,142
2022-02-13 17:40:22,2.9,7.4,260,0.0,0.0,0,0.0,0.0,0,190779.00,0.00,0.00,283,14.60,3.94,0.00,-11.9,4.998,4.998,4.998,4.998,70
2022-02-13 17:41:22,5.7,6.6,250,0.0,0.0,0,0.0,0.0,0,191029.00,0.00,0.00,269,14.60,3.74,0.00,-11.9,4.998,4.998,4.998,4.998,114
2022-02-13 17:42:22,3.0,6.8,197,0.0,0.0,0,0.0,0.0,0,191226.00,0.00,0.00,283,14.60,3.94,0.00,-11.9,4.998,4.998,4.998,4.998,75
2022-02-13 17:43:22,3.4,6.5,209,0.0,0.0,0,0.0,0.0,0,191435.00,0.00,0.00,282,14.60,3.92,0.00,-11.4,4.998,4.998,4.998,4.998,67
2022-02-13 17:44:22,1.8,5.1,173,0.0,0.0,0,0.0,0.0,0,191608.00,0.00,0.00,261,14.60,3.63,0.00,-11.4,4.998,4.998,4.998,4.998,56
2022-02-13 17:45:22,2.9,5.9,98,0.0,0.0,0,0.0,0.0,0,191706.00,0.00,0.00,242,14.57,3.37,0.00,-11.4,4.998,4.998,4.998,4.998,126
2022-02-13 17:46:22,3.5,4.7,168,0.0,0.0,0,0.0,0.0,0,191874.00,0.00,0.00,242,14.60,3.36,0.00,-11.9,4.998,4.998,4.998,4.998,213
2022-02-13 17:47:22,5.5,10.2,384,0.0,0.0,0,0.0,0.0,0,192258.00,0.00,0.00,274,14.60,3.81,0.00,-11.9,4.998,4.998,4.998,4.998,229
2022-02-13 17:48:22,3.3,8.6,316,0.0,0.0,0,0.0,0.0,0,192574.00,0.00,0.00,278,14.57,3.87,0.00,-12.4,4.998,4.998,4.998,4.998,186
2022-02-13 17:49:22,5.9,6.1,235,0.0,0.0,0,0.0,0.0,0,192809.00,0.00,0.00,288,14.57,4.00,0.00,-11.9,4.998,4.998,4.998,4.998,182
2022-02-13 17:50:22,4.9,8.0,327,0.0,0.0,0,0.0,0.0,0,193136.00,0.00,0.00,239,14.57,3.32,0.00,-12.4,4.998,4.998,4.998,4.998,225
2022-02-13 17:51:22,4.2,8.5,374,0.0,0.0,0,0.0,0.0,0,193510.00,0.00,0.00,275,14.57,3.83,0.00,-11.9,4.998,4.998,4.998,4.998,46
2022-02-13 17:52:22,6.4,8.7,362,0.0,0.0,0,0.0,0.0,0,193872.00,0.00,0.00,253,14.60,3.51,0.00,-12.4,4.998,4.998,4.998,4.998,210
2022-02-13 17:53:22,6.7,8.7,352,0.0,0.0,0,0.0,0.0,0,194224.00,0.00,0.00,243,14.60,3.37,0.00,-12.4,4.998,4.998,4.998,4.998,117
2022-02-13 17:54:22,6.4,7.9,268,0.0,0.0,0,0.0,0.0,0,194492.00,0.00,0.00,246,14.60,3.42,0.00,-12.4,4.998,4.998,4.998,4.998,58
2022-02-13 17:55:22,4.9,7.4,315,0.0,0.0,0,0.0,0.0,0,194807.00,0.00,0.00,251,14.60,3.49,0.00,-12.4,4.998,4.998,4.998,4.998,141
2022-02-13 17:56:22,1.6,6.2,215,0.0,0.0,0,0.0,0.0,0,195022.00,0.00,0.00,268,14.57,3.73,0.00,-12.8,4.998,4.998,4.998,4.998,101
2022-02-13 17:57:22,4.2,8.6,346,0.0,0.0,0,0.0,0.0,0,195368.00,0.00,0.00,247,14.60,3.43,0.00,-12.8,4.998,4.998,4.998,4.998,198
2022-02-13 17:58:22,4.4,8.7,327,0.0,0.0,0,0.0,0.0,0,195695.00,0.00,0.00,270,14.57,3.75,0.00,-12.8,4.998,4.998,4.998,4.998,7
2022-02-13 17:59:22,6.7,8.0,305,0.0,0.0,0,0.0,0.0,0,196000.00,0.00,0.00,226,14.57,3.14,0.00,-12.8,4.998,4.998,4.998,4.998,230
2022-02-13 18:00:22,6.5,9.4,370,0.0,0.0,0,0.0,0.0,0,196370.00,0.00,0.00,270,14.60,3.75,0.00,-13.3,4.998,4.998,4.998,4.998,24
2022-02-13 18:01:22,4.7,10.2,422,0.0,0.0,0,0.0,0.0,0,196792.00,0.00,0.00,271,14.57,3.76,0.00,-13.3,4.998,4.998,4.998,4.998,69
2022-02-13 18:02:22,3.6,6.1,216,0.0,0.0,0,0.0,0.0,0,197008.00,0.00,0.00,253,14.60,3.51,0.00,-13.3,4.998,4.998,4.998,4.998,72
2022-02-13 18:03:22,4.9,6.0,241,0.0,0.0,0,0.0,0.0,0,197249.00,0.00,0.00,303,14.60,4.21,0.00,-13.3,4.998,4.998,4.998,4.998,159
2022-02-13 18:04:22,2.3,5.4,237,0.0,0.0,0,0.0,0.0,0,197486.00,0.00,0.00,282,14.53,3.92,0.00,-13.3,4.998,4.998,4.998,4.998,77
2022-02-13 18:05:22,6.0,7.7,244,0.0,0.0,0,0.0,0.0,0,197730.00,0.00,0.00,254,14.29,3.53,0.00,-13.8,4.998,4.998,4.998,4.998,81
2022-02-13 18:06:22,3.5,6.0,262,0.0,0.0,0,0.0,0.0,0,197992.00,0.00,0.00,279,14.17,3.88,0.00,-13.8,4.998,4.998,4.998,4.998,193
2022-02-13 18:07:22,3.4,4.3,128,0.0,0.0,0,0.0,0.0,0,198120.00,0.00,0.00,310,14.17,4.30,0.00,-13.8,4.998,4.998,4.998,4.998,228
2022-02-13 18:08:22,3.4,5.4,239,0.0,0.0,0,0.0,0.0,0,198359.00,0.00,0.00,242,14.17,3.36,0.00,-13.8,4.998,4.998,4.998,4.998,87
2022-02-13 18:09:22,3.8,7.5,218,0.0,0.0,0,0.0,0.0,0,198577.00,0.00,0.00,236,14.14,3.28,0.00,-14.3,4.998,4.998,4.998,4.998,43
2022-02-13 18:10:22,4.8,4.9,147,0.0,0.0,0,0.0,0.0,0,198724.00,0.00,0.00,267,14.10,3.72,0.00,-14.3,4.998,4.998,4.998,4.998,19
2022-02-13 18:11:22,3.8,6.2,237,0.0,0.0,0,0.0,0.0,0,198961.00,0.00,0.00,252,14.06,3.50,0.00,-14.3,4.998,4.998,4.998,4.998,93
2022-02-13 18:12:22,2.7,6.9,248,0.0,0.0,0,0.0,0.0,0,199209.00,0.00,0.00,247,14.02,3.43,0.00,-13.8,4.998,4.998,4.998,4.998,232
2022-02-13 18:13:22,3.7,6.9,279,0.0,0.0,0,0.0,0.0,0,199488.00,0.00,0.00,257,13.98,3.57,0.00,-13.8,4.998,4.998,4.998,4.998,13
2022-02-13 18:14:22,1.5,4.3,142,0.0,0.0,0,0.0,0.0,0,199630.00,0.00,0.00,260,13.98,3.61,0.00,-13.8,4.998,4.998,4.998,4.998,45
2022-02-13 18:15:22,1.5,2.5,65,0.0,0.0,0,0.0,0.0,0,199695.00,0.00,0.00,260,13.94,3.61,0.00,-13.8,4.998,4.998,4.998,4.998,63
2022-02-13 18:16:22,4.3,6.1,123,0.0,0.0,0,0.0,0.0,0,199818.00,0.00,0.00,285,13.94,3.96,0.00,-14.3,4.998,4.998,4.998,4.998,213
2022-02-13 18:17:22,2.4,5.2,188,0.0,0.0,0,0.0,0.0,0,200006.00,0.00,0.00,284,13.90,3.95,0.00,-14.3,4.998,4.998,4.998,4.998,19
2022-02-13 18:18:22,2.8,4.2,182,0.0,0.0,0,0.0,0.0,0,200188.00,0.00,0.00,251,13.86,3.48,0.00,-14.3,4.998,4.998,4.998,4.998,4
2022-02-13 18:19:22,1.2,3.3,102,0.0,0.0,0,0.0,0.0,0,200290.00,0.00,0.00,250,13.82,3.48,0.00,-14.3,4.998,4.998,4.998,4.998,73
2022-02-13 18:20:22,1.7,3.9,98,0.0,0.0,0,0.0,0.0,0,200388.00,0.00,0.00,248,13.78,3.45,0.00,-14.8,4.998,4.998,4.998,4.998,171
2022-02-13 18:21:22,2.2,2.4,67,0.0,0.0,0,0.0,0.0,0,200455.00,0.00,0.00,248,13.78,3.45,0.00,-14.8,4.998,4.998,4.998,4.998,230
2022-02-13 18:22:22,3.2,3.9,93,0.0,0.0,0,0.0,0.0,0,200548.00,0.00,0.00,271,13.74,3.76,0.00,-15.3,4.998,4.998,4.998,4.998,132
2022-02-13 18:23:22,1.3,3.1,117,0.0,0.0,0,0.0,0.0,0,200665.00,0.00,0.00,271,13.71,3.76,0.00,-14.3,4.998,4.998,4.998,4.998,163
2022-02-13 18:24:22,0.0,1.4,16,0.0,0.0,0,0.0,0.0,0,200681.00,0.00,0.00,271,13.67,3.76,0.00,-14.8,4.998,4.998,4.998,4.998,35
2022-02-13 18:25:22,0.0,0.0,0,0.0,0.0,0,0.0,0.0,0,200681.00,0.00,0.00,271,13.67,3.76,0.00,-14.8,4.998,4.998,4.998,4.998,194
2022-02-13 18:26:22,3.6,3.8,117,0.0,0.0,0,0.0,0.0,0,200798.00,0.00,0.00,271,13.63,3.76,0.00,-14.3,4.998,4.998,4.998,4.998,247
2022-02-13 18:27:22,0.9,4.0,101,0.0,0.0,0,0.0,0.0,0,200899.00,0.00,0.00,271,13.59,3.76,0.00,-14.8,4.998,4.998,4.998,4.998,161
2022-02-13 18:28:22,2.1,3.5,101,0.0,0.0,0,0.0,0.0,0,201000.00,0.00,0.00,271,13.55,3.76,0.00,-14.8,4.998,4.998,4.998,4.998,180
2022-02-13 18:29:22,1.5,3.3,113,0.0,0.0,0,0.0,0.0,0,201113.00,0.00,0.00,270,13.55,3.75,0.00,-14.8,4.998,4.998,4.998,4.998,118
2022-02-13 18:30:22,0.0,2.0,44,0.0,0.0,0,0.0,0.0,0,201157.00,0.00,0.00,271,13.51,3.76,0.00,-14.3,4.998,4.998,4.998,4.998,21
2022-02-13 18:31:22,0.0,0.0,0,0.0,0.0,0,0.0,0.0,0,201157.00,0.00,0.00,270,13.47,3.75,0.00,-15.3,4.998,4.998,4.998,4.998,147
2022-02-13 18:32:22,1.8,2.3,56,0.0,0.0,0,0.0,0.0,0,201213.00,0.00,0.00,271,13.47,3.76,0.00,-14.8,4.998,4.998,4.998,4.998,60
2022-02-13 18:33:22,0.0,1.9,41,0.0,0.0,0,0.0,0.0,0,201254.00,0.00,0.00,270,13.43,3.75,0.00,-15.3,4.998,4.998,4.998,4.998,196
2022-02-13 18:34:22,0.0,0.0,0,0.0,0.0,0,0.0,0.0,0,201254.00,0.00,0.00,271,13.39,3.76,0.00,-14.8,4.998,4.998,4.998,4.998,49
2022-02-13 18:35:22,0.0,1.7,7,0.0,0.0,0,0.0,0.0,0,201261.00,0.00,0.00,271,13.35,3.76,0.00,-15.3,4.998,4.998,4.998,4.998,109
2022-02-13 18:36:22,0.0,0.0,0,0.0,0.0,0,0.0,0.0,0,201261.00,0.00,0.00,270,13.35,3.75,0.00,-15.3,4.998,4.998,4.998,4.998,196
2022-02-13 18:37:22,0.0,0.0,0,0.0,0.0,0,0.0,0.0,0,201261.00,0.00,0.00,270,13.32,3.75,0.00,-15.3,4.998,4.998,4.998,4.998,110
2022-02-13 18:38:22,1.5,1.6,16,0.0,0.0,0,0.0,0.0,0,201277.00,0.00,0.00,270,13.32,3.75,0.00,-15.8,4.998,4.998,4.998,4.998,105
2022-02-13 18:39:22,1.8,3.1,86,0.0,0.0,0,0.0,0.0,0,201363.00,0.00,0.00,270,13.28,3.75,0.00,-15.3,4.998,4.998,4.998,4.998,229
2022-02-13 18:40:22,1.9,2.4,85,0.0,0.0,0,0.0,0.0,0,201448.00,0.00,0.00,270,13.24,3.75,0.00,-15.8,4.998,4.998,4.998,4.998,68
2022-02-13 18:41:22,1.5,2.3,82,0.0,0.0,0,0.0,0.0,0,201530.00,0.00,0.00,270,13.24,3.75,0.00,-15.8,4.998,4.998,4.998,4.998,83
2022-02-13 18:42:22,1.4,2.1,72,0.0,0.0,0,0.0,0.0,0,201602.00,0.00,0.00,270,13.20,3.75,0.00,-15.8,4.998,4.998,4.998,4.998,198
2022-02-13 18:43:22,1.7,2.6,75,0.0,0.0,0,0.0,0.0,0,201677.00,0.00,0.00,270,13.20,3.75,0.00,-15.8,4.998,4.998,4.998,4.998,83
2022-02-13 18:44:22,0.0,1.5,9,0.0,0.0,0,0.0,0.0,0,201686.00,0.00,0.00,270,13.16,3.75,0.00,-15.8,4.998,4.998,4.998,4.998,211
2022-02-13 18:45:22,1.3,1.7,44,0.0,0.0,0,0.0,0.0,0,201730.00,0.00,0.00,270,13.16,3.75,0.00,-15.8,4.998,4.998,4.998,4.998,163
2022-02-13 18:46:22,1.0,1.0,2,0.0,0.0,0,0.0,0.0,0,201732.00,0.00,0.00,270,13.12,3.75,0.00,-15.8,4.998,4.998,4.998,4.998,147
2022-02-13 18:47:22,0.0,1.5,13,0.0,0.0,0,0.0,0.0,0,201745.00,0.00,0.00,270,13.12,3.75,0.00,-15.8,4.998,4.998,4.998,4.998,221
2022-02-13 18:48:22,0.0,1.7,22,0.0,0.0,0,0.0,0.0,0,201767.00,0.00,0.00,270,13.08,3.75,0.00,-15.8,4.998,4.998,4.998,4.998,214
2022-02-13 18:49:22,1.4,1.9,32,0.0,0.0,0,0.0,0.0,0,201799.00,0.00,0.00,270,13.08,3.75,0.00,-15.8,4.998,4.998,4.998,4.998,145
2022-02-13 18:50:22,1.5,2.6,80,0.0,0.0,0,0.0,0.0,0,201879.00,0.00,0.00,270,13.08,3.75,0.00,-15.8,4.998,4.998,4.998,4.998,9
2022-02-13 18:51:22,1.7,2.2,70,0.0,0.0,0,0.0,0.0,0,201949.00,0.00,0.00,270,13.08,3.75,0.00,-16.3,4.998,4.998,4.998,4.998,28
2022-02-13 18:52:22,1.0,2.5,81,0.0,0.0,0,0.0,0.0,0,202030.00,0.00,0.00,270,13.08,3.75,0.00,-16.3,4.998,4.998,4.998,4.998,199
2022-02-13 18:53:22,0.0,1.1,3,0.0,0.0,0,0.0,0.0,0,202033.00,0.00,0.00,270,13.08,3.75,0.00,-16.3,4.998,4.998,4.998,4.998,57
2022-02-13 18:54:22,0.0,0.0,0,0.0,0.0,0,0.0,0.0,0,202033.00,0.00,0.00,270,13.08,3.74,0.00,-16.3,4.998,4.998,4.998,4.998,153
2022-02-13 18:55:22,0.0,0.0,0,0.0,0.0,0,0.0,0.0,0,202033.00,0.00,0.00,270,13.04,3.75,0.00,-15.8,4.998,4.998,4.998,4.998,239
2022-02-13 18:56:22,0.0,0.0,0,0.0,0.0,0,0.0,0.0,0,202033.00,0.00,0.00,270,13.04,3.75,0.00,-16.3,4.998,4.998,4.998,4.998,116
2022-02-13 18:57:22,0.0,0.0,0,0.0,0.0,0,0.0,0.0,0,202033.00,0.00,0.00,270,13.04,3.75,0.00,-16.3,4.998,4.998,4.998,4.998,171
2022-02-13 18:58:22,0.0,0.0,0,0.0,0.0,0,0.0,0.0,0,202033.00,0.00,0.00,270,13.04,3.75,0.00,-16.3,4.998,4.998,4.998,4.998,213
2022-02-13 18:59:22,0.0,0.0,0,0.0,0.0,0,0.0,0.0,0,202033.00,0.00,0.00,270,13.04,3.75,0.00,-16.8,4.998,4.998,4.998,4.998,11
2022-02-13 19:00:22,0.0,0.0,0,0.0,0.0,0,0.0,0.0,0,202033.00,0.00,0.00,270,13.04,3.75,0.00,-16.3,4.998,4.998,4.998,4.998,25
2022-02-13 19:01:22,0.0,0.0,0,0.0,0.0,0,0.0,0.0,0,202033.00,0.00,0.00,270,13.00,3.75,0.00,-16.3,4.998,4.998,4.998,4.998,98
2022-02-13 19:02:22,0.0,0.0,0,0.0,0.0,0,0.0,0.0,0,202033.00,0.00,0.00,270,13.04,3.75,0.00,-16.8,4.998,4.998,4.998,4.998,244
2022-02-13 19:03:22,0.0,0.0,0,0.0,0.0,0,0.0,0.0,0,202033.00,0.00,0.00,270,13.04,3.75,0.00,-17.2,4.998,4.998,4.998,4.998,223
2022-02-13 19:04:22,0.0,0.0,0,0.0,0.0,0,0.0,0.0,0,202033.00,0.00,0.00,270,13.00,3.75,0.00,-16.3,4.998,4.998,4.998,4.998,203
2022-02-13 19:05:22,0.0,0.0,0,0.0,0.0,0,0.0,0.0,0,202033.00,0.00,0.00,270,13.04,3.75,0.00,-16.8,4.998,4.998,4.998,4.998,177
2022-02-13 19:06:22,0.0,0.0,0,0.0,0.0,0,0.0,0.0,0,202033.00,0.00,0.00,270,13.00,3.75,0.00,-16.8,4.998,4.998,4.998,4.998,38
2022-02-13 19:07:22,0.0,0.0,0,0.0,0.0,0,0.0,0.0,0,202033.00,0.00,0.00,270,13.00,3.75,0.00,-17.2,4.998,4.998,4.998,4.998,13
2022-02-13 19:08:22,0.0,0.0,0,0.0,0.0,0,0.0,0.0,0,202033.00,0.00,0.00,270,13.00,3.75,0.00,-16.8,4.998,4.998,4.998,4.998,135
2022-02-13 19:09:22,0.0,0.0,0,0.0,0.0,0,0.0,0.0,0,202033.00,0.00,0.00,270,13.00,3.75,0.00,-16.8,4.998,4.998,4.998,4.998,88
2022-02-13 19:10:22,0.0,0.0,0,0.0,0.0,0,0.0,0.0,0,202033.00,0.00,0.00,270,13.00,3.75,0.00,-16.8,4.998,4.998,4.998,4.998,149
2022-02-13 19:11:22,0.0,0.0,0,0.0,0.0,0,0.0,0.0,0,202033.00,0.00,0.00,270,13.00,3.75,0.00,-17.2,4.998,4.998,4.998,4.998,190
2022-02-13 19:12:22,0.0,0.0,0,0.0,0.0,0,0.0,0.0,0,202033.00,0.00,0.00,270,13.00,3.75,0.00,-17.2,4.998,4.998,4.998,4.998,141
2022-02-13 19:13:22,0.0,0.0,0,0.0,0.0,0,0.0,0.0,0,202033.00,0.00,0.00,270,13.00,3.75,0.00,-17.2,4.998,4.998,4.998,4.998,82
2022-02-13 19:14:22,0.0,0.0,0,0.0,0.0,0,0.0,0.0,0,202033.00,0.00,0.00,270,13.00,3.75,0.00,-17.2,4.998,4.998,4.998,4.998,23
2022-02-13 19:15:22,0.0,0.0,0,0.0,0.0,0,0.0,0.0,0,202033.00,0.00,0.00,270,13.00,3.75,0.00,-17.2,4.998,4.998,4.998,4.998,200
2022-02-13 19:16:22,0.0,0.0,0,0.0,0.0,0,0.0,0.0,0,202033.00,0.00,0.00,270,13.00,3.75,0.00,-17.2,4.998,4.998,4.998,4.998,251
2022-02-13 19:17:22,0.0,0.0,0,0.0,0.0,0,0.0,0.0,0,202033.00,0.00,0.00,270,13.00,3.75,0.00,-17.2,4.998,4.998,4.998,4.998,36
2022-02-13 19:18:22,1.0,1.7,17,0.0,0.0,0,0.0,0.0,0,202050.00,0.00,0.00,270,12.96,3.75,0.00,-17.2,4.998,4.998,4.998,4.998,15
2022-02-13 19:19:22,0.0,0.0,0,0.0,0.0,0,0.0,0.0,0,202050.00,0.00,0.00,270,13.00,3.75,0.00,-16.8,4.998,4.998,4.998,4.998,238
2022-02-13 19:20:22,1.6,2.2,30,0.0,0.0,0,0.0,0.0,0,202080.00,0.00,0.00,270,12.96,3.75,0.00,-17.2,4.998,4.998,4.998,4.998,102
2022-02-13 19:21:22,0.0,1.6,4,0.0,0.0,0,0.0,0.0,0,202084.00,0.00,0.00,270,13.00,3.74,0.00,-16.8,4.998,4.998,4.998,4.998,53
2022-02-13 19:22:22,0.0,0.0,0,0.0,0.0,0,0.0,0.0,0,202084.00,0.00,0.00,270,13.00,3.75,0.00,-16.8,4.998,4.998,4.998,4.998,100
2022-02-13 19:23:22,0.0,0.0,0,0.0,0.0,0,0.0,0.0,0,202084.00,0.00,0.00,270,12.96,3.75,0.00,-16.3,4.998,4.998,4.998,4.998,5
2022-02-13 19:24:22,0.0,0.0,0,0.0,0.0,0,0.0,0.0,0,202084.00,0.00,0.00,270,12.96,3.74,0.00,-17.2,4.998,4.998,4.998,4.998,66
2022-02-13 19:25:22,0.0,0.0,0,0.0,0.0,0,0.0,0.0,0,202084.00,0.00,0.00,270,12.96,3.75,0.00,-17.2,4.998,4.998,4.998,4.998,106
2022-02-13 19:26:22,0.0,2.6,46,0.0,0.0,0,0.0,0.0,0,202130.00,0.00,0.00,270,12.96,3.74,0.00,-17.2,4.998,4.998,4.998,4.998,215
2022-02-13 19:27:22,0.0,0.0,0,0.0,0.0,0,0.0,0.0,0,202130.00,0.00,0.00,270,12.96,3.75,0.00,-17.2,4.998,4.998,4.998,4.998,204
2022-02-13 19:28:22,0.0,0.0,0,0.0,0.0,0,0.0,0.0,0,202130.00,0.00,0.00,270,12.96,3.74,0.00,-17.7,4.998,4.998,4.998,4.998,49
2022-02-13 19:29:22,0.0,0.0,0,0.0,0.0,0,0.0,0.0,0,202130.00,0.00,0.00,270,12.96,3.75,0.00,-17.7,4.998,4.998,4.998,4.998,25
2022-02-13 19:30:22,0.0,0.0,0,0.0,0.0,0,0.0,0.0,0,202130.00,0.00,0.00,270,12.96,3.75,0.00,-17.7,4.998,4.998,4.998,4.998,212
2022-02-13 19:31:22,0.0,0.0,0,0.0,0.0,0,0.0,0.0,0,202130.00,0.00,0.00,270,12.96,3.75,0.00,-17.7,4.998,4.998,4.998,4.998,11
2022-02-13 19:32:22,0.0,0.0,0,0.0,0.0,0,0.0,0.0,0,202130.00,0.00,0.00,270,12.96,3.74,0.00,-17.7,4.998,4.998,4.998,4.998,207
2022-02-13 19:33:22,0.0,0.0,0,0.0,0.0,0,0.0,0.0,0,202130.00,0.00,0.00,270,12.96,3.75,0.00,-17.7,4.998,4.998,4.998,4.998,231
2022-02-13 19:34:22,0.0,0.0,0,0.0,0.0,0,0.0,0.0,0,202130.00,0.00,0.00,270,12.96,3.74,0.00,-17.7,4.998,4.998,4.998,4.998,85
2022-02-13 19:35:22,0.0,0.0,0,0.0,0.0,0,0.0,0.0,0,202130.00,0.00,0.00,270,12.96,3.74,0.00,-18.2,4.998,4.998,4.998,4.998,191
2022-02-13 19:36:22,0.0,0.0,0,0.0,0.0,0,0.0,0.0,0,202130.00,0.00,0.00,270,12.96,3.74,0.00,-18.2,4.998,4.998,4.998,4.998,140
2022-02-13 19:37:22,0.0,0.0,0,0.0,0.0,0,0.0,0.0,0,202130.00,0.00,0.00,270,12.96,3.74,0.00,-18.2,4.998,4.998,4.998,4.998,83
2022-02-13 19:38:22,0.0,0.0,0,0.0,0.0,0,0.0,0.0,0,202130.00,0.00,0.00,270,12.96,3.75,0.00,-18.2,4.998,4.998,4.998,4.998,218
2022-02-13 19:39:22,0.0,0.0,0,0.0,0.0,0,0.0,0.0,0,202130.00,0.00,0.00,270,12.92,3.74,0.00,-18.2,4.998,4.998,4.998,4.998,86
2022-02-13 19:40:22,0.0,0.0,0,0.0,0.0,0,0.0,0.0,0,202130.00,0.00,0.00,270,12.96,3.74,0.00,-18.2,4.998,4.998,4.998,4.998,96
2022-02-13 19:41:22,0.0,0.0,0,0.0,0.0,0,0.0,0.0,0,202130.00,0.00,0.00,270,12.92,3.74,0.00,-18.2,4.998,4.998,4.998,4.998,27
2022-02-13 19:42:22,0.0,0.0,0,0.0,0.0,0,0.0,0.0,0,202130.00,0.00,0.00,270,12.96,3.74,0.00,-18.2,4.998,4.998,4.998,4.998,140
2022-02-13 19:43:22,0.0,0.0,0,0.0,0.0,0,0.0,0.0,0,202130.00,0.00,0.00,270,12.96,3.74,0.00,-18.2,4.998,4.998,4.998,4.998,83
2022-02-13 19:44:22,0.0,0.0,0,0.0,0.0,0,0.0,0.0,0,202130.00,0.00,0.00,270,12.96,3.74,0.00,-17.7,4.998,4.998,4.998,4.998,35
2022-02-13 19:45:22,0.0,0.0,0,0.0,0.0,0,0.0,0.0,0,202130.00,0.00,0.00,270,12.96,3.75,0.00,-17.7,4.998,4.998,4.998,4.998,11
2022-02-13 19:46:22,0.0,0.0,0,0.0,0.0,0,0.0,0.0,0,202130.00,0.00,0.00,270,12.92,3.74,0.00,-18.2,4.998,4.998,4.998,4.998,94
2022-02-13 19:47:22,0.0,0.0,0,0.0,0.0,0,0.0,0.0,0,202130.00,0.00,0.00,270,12.96,3.74,0.00,-17.7,4.998,4.998,4.998,4.998,16
2022-02-13 19:48:22,0.0,0.0,0,0.0,0.0,0,0.0,0.0,0,202130.00,0.00,0.00,270,12.92,3.74,0.00,-17.7,4.998,4.998,4.998,4.998,202
2022-02-13 19:49:22,0.0,0.0,0,0.0,0.0,0,0.0,0.0,0,202130.00,0.00,0.00,270,12.92,3.75,0.00,-17.7,4.998,4.998,4.998,4.998,226
2022-02-13 19:50:22,0.0,0.0,0,0.0,0.0,0,0.0,0.0,0,202130.00,0.00,0.00,270,12.92,3.75,0.00,-17.7,4.998,4.998,4.998,4.998,47
2022-02-13 19:51:22,0.0,0.0,0,0.0,0.0,0,0.0,0.0,0,202130.00,0.00,0.00,270,12.92,3.74,0.00,-18.2,4.998,4.998,4.998,4.998,50
2022-02-13 19:52:22,0.0,0.0,0,0.0,0.0,0,0.0,0.0,0,202130.00,0.00,0.00,270,12.92,3.75,0.00,-18.2,4.998,4.998,4.998,4.998,246
2022-02-13 19:53:22,0.0,0.0,0,0.0,0.0,0,0.0,0.0,0,202130.00,0.00,0.00,270,12.92,3.75,0.00,-18.7,4.998,4.998,4.998,4.998,93
2022-02-13 19:54:22,0.0,0.0,0,0.0,0.0,0,0.0,0.0,0,202130.00,0.00,0.00,270,12.92,3.75,0.00,-18.7,4.998,4.998,4.998,4.998,24
2022-02-13 19:55:22,0.0,0.0,0,0.0,0.0,0,0.0,0.0,0,202130.00,0.00,0.00,270,12.92,3.74,0.00,-18.7,4.998,4.998,4.998,4.998,48
2022-02-13 19:56:22,0.0,0.0,0,0.0,0.0,0,0.0,0.0,0,202130.00,0.00,0.00,270,12.92,3.74,0.00,-19.2,4.998,4.998,4.998,4.998,185
2022-02-13 19:57:22,0.0,0.0,0,0.0,0.0,0,0.0,0.0,0,202130.00,0.00,0.00,270,12.92,3.74,0.00,-18.7,4.998,4.998,4.998,4.998,220
2022-02-13 19:58:22,0.0,0.0,0,0.0,0.0,0,0.0,0.0,0,202130.00,0.00,0.00,270,12.92,3.74,0.00,-18.7,4.998,4.998,4.998,4.998,162
2022-02-13 19:59:22,0.0,0.0,0,0.0,0.0,0,0.0,0.0,0,202130.00,0.00,0.00,270,12.92,3.74,0.00,-18.7,4.998,4.998,4.998,4.998,125
2022-02-13 20:00:22,0.0,0.0,0,0.0,0.0,0,0.0,0.0,0,202130.00,0.00,0.00,270,12.92,3.75,0.00,-18.7,4.998,4.998,4.998,4.998,7
2022-02-13 20:01:22,0.0,1.1,3,0.0,0.0,0,0.0,0.0,0,202133.00,0.00,0.00,270,12.92,3.74,0.00,-18.7,4.998,4.998,4.998,4.998,138
2022-02-13 20:02:22,0.0,0.0,0,0.0,0.0,0,0.0,0.0,0,202133.00,0.00,0.00,270,12.92,3.75,0.00,-19.2,4.998,4.998,4.998,4.998,230
2022-02-13 20:03:22,0.0,0.0,0,0.0,0.0,0,0.0,0.0,0,202133.00,0.00,0.00,270,12.89,3.74,0.00,-18.7,4.998,4.998,4.998,4.998,197
2022-02-13 20:04:22,0.0,0.0,0,0.0,0.0,0,0.0,0.0,0,202133.00,0.00,0.00,270,12.89,3.74,0.00,-18.7,4.998,4.998,4.998,4.998,128
2022-02-13 20:05:22,0.0,0.0,0,0.0,0.0,0,0.0,0.0,0,202133.00,0.00,0.00,270,12.89,3.74,0.00,-18.7,4.998,4.998,4.998,4.998,95
2022-02-13 20:06:22,0.0,0.0,0,0.0,0.0,0,0.0,0.0,0,202133.00,0.00,0.00,270,12.92,3.75,0.00,-18.7,4.998,4.998,4.998,4.998,42
2022-02-13 20:07:22,0.0,0.0,0,0.0,0.0,0,0.0,0.0,0,202133.00,0.00,0.00,270,12.89,3.74,0.00,-18.7,4.998,4.998,4.998,4.998,179
2022-02-13 20:08:22,0.0,0.0,0,0.0,0.0,0,0.0,0.0,0,202133.00,0.00,0.00,270,12.89,3.74,0.00,-19.2,4.998,4.998,4.998,4.998,119
2022-02-13 20:09:22,0.0,0.0,0,0.0,0.0,0,0.0,0.0,0,202133.00,0.00,0.00,270,12.92,3.75,0.00,-19.2,4.998,4.998,4.998,4.998,238
2022-02-13 20:10:22,0.0,0.0,0,0.0,0.0,0,0.0,0.0,0,202133.00,0.00,0.00,270,12.89,3.74,0.00,-18.7,4.998,4.998,4.998,4.998,223
2022-02-13 20:11:22,0.0,0.0,0,0.0,0.0,0,0.0,0.0,0,202133.00,0.00,0.00,270,12.89,3.74,0.00,-18.7,4.998,4.998,4.998,4.998,0
2022-02-13 20:12:22,0.0,0.0,0,0.0,0.0,0,0.0,0.0,0,202133.00,0.00,0.00,270,12.89,3.74,0.00,-18.7,4.998,4.998,4.998,4.998,51
2022-02-13 20:13:22,0.0,0.0,0,0.0,0.0,0,0.0,0.0,0,202133.00,0.00,0.00,270,12.89,3.74,0.00,-19.2,4.998,4.998,4.998,4.998,86
2022-02-13 20:14:22,0.0,0.0,0,0.0,0.0,0,0.0,0.0,0,202133.00,0.00,0.00,270,12.89,3.74,0.00,-18.7,4.998,4.998,4.998,4.998,169
2022-02-13 20:15:22,0.0,0.0,0,0.0,0.0,0,0.0,0.0,0,202133.00,0.00,0.00,270,12.89,3.74,0.00,-19.2,4.998,4.998,4.998,4.998,204
2022-02-13 20:16:22,0.0,0.0,0,0.0,0.0,0,0.0,0.0,0,202133.00,0.00,0.00,270,12.89,3.74,0.00,-18.7,4.998,4.998,4.998,4.998,69
2022-02-13 20:17:22,0.0,0.0,0,0.0,0.0,0,0.0,0.0,0,202133.00,0.00,0.00,270,12.89,3.74,0.00,-19.2,4.998,4.998,4.998,4.998,32
2022-02-13 20:18:22,0.0,0.0,0,0.0,0.0,0,0.0,0.0,0,202133.00,0.00,0.00,270,12.89,3.75,0.00,-19.2,4.998,4.998,4.998,4.998,169
2022-02-13 20:19:22,0.0,0.0,0,0.0,0.0,0,0.0,0.0,0,202133.00,0.00,0.00,270,12.89,3.74,0.00,-19.2,4.998,4.998,4.998,4.998,129
2022-02-13 20:20:22,0.0,0.0,0,0.0,0.0,0,0.0,0.0,0,202133.00,0.00,0.00,270,12.89,3.74,0.00,-19.2,4.998,4.998,4.998,4.998,219
2022-02-13 20:21:22,0.0,0.0,0,0.0,0.0,0,0.0,0.0,0,202133.00,0.00,0.00,270,12.89,3.74,0.00,-19.2,4.998,4.998,4.998,4.998,4
2022-02-13 20:22:22,0.0,0.0,0,0.0,0.0,0,0.0,0.0,0,202133.00,0.00,0.00,270,12.89,3.75,0.00,-19.2,4.998,4.998,4.998,4.998,192
2022-02-13 20:23:22,0.0,0.0,0,0.0,0.0,0,0.0,0.0,0,202133.00,0.00,0.00,270,12.89,3.74,0.00,-19.2,4.998,4.998,4.998,4.998,232
2022-02-13 20:24:22,0.0,0.0,0,0.0,0.0,0,0.0,0.0,0,202133.00,0.00,0.00,270,12.89,3.75,0.00,-19.2,4.998,4.998,4.998,4.998,90
2022-02-13 20:25:22,0.0,0.0,0,0.0,0.0,0,0.0,0.0,0,202133.00,0.00,0.00,270,12.89,3.75,0.00,-19.2,4.998,4.998,4.998,4.998,133
2022-02-13 20:26:22,0.0,0.0,0,0.0,0.0,0,0.0,0.0,0,202133.00,0.00,0.00,270,12.89,3.75,0.00,-19.2,4.998,4.998,4.998,4.998,182
2022-02-13 20:27:22,0.0,0.0,0,0.0,0.0,0,0.0,0.0,0,202133.00,0.00,0.00,270,12.89,3.75,0.00,-19.2,4.998,4.998,4.998,4.998,105
2022-02-13 20:28:22,0.0,0.0,0,0.0,0.0,0,0.0,0.0,0,202133.00,0.00,0.00,270,12.89,3.75,0.00,-19.2,4.998,4.998,4.998,4.998,23
2022-02-13 20:29:22,0.0,0.0,0,0.0,0.0,0,0.0,0.0,0,202133.00,0.00,0.00,270,12.89,3.74,0.00,-19.2,4.998,4.998,4.998,4.998,63
2022-02-13 20:30:22,0.0,0.0,0,0.0,0.0,0,0.0,0.0,0,202133.00,0.00,0.00,270,12.89,3.75,0.00,-19.2,4.998,4.998,4.998,4.998,5
2022-02-13 20:31:22,0.0,0.0,0,0.0,0.0,0,0.0,0.0,0,202133.00,0.00,0.00,270,12.89,3.75,0.00,-19.2,4.998,4.998,4.998,4.998,218
2022-02-13 20:32:22,0.0,0.0,0,0.0,0.0,0,0.0,0.0,0,202133.00,0.00,0.00,270,12.89,3.75,0.00,-19.2,4.998,4.998,4.998,4.998,233
2022-02-13 20:33:22,0.0,0.0,0,0.0,0.0,0,0.0,0.0,0,202133.00,0.00,0.00,270,12.85,3.74,0.00,-19.2,4.998,4.998,4.998,4.998,55
2022-02-13 20:34:22,0.0,0.0,0,0.0,0.0,0,0.0,0.0,0,202133.00,0.00,0.00,270,12.89,3.74,0.00,-19.2,4.998,4.998,4.998,4.998,132
2022-02-13 20:35:22,0.0,0.0,0,0.0,0.0,0,0.0,0.0,0,202133.00,0.00,0.00,270,12.85,3.75,0.00,-19.2,4.998,4.998,4.998,4.998,90
2022-02-13 20:36:22,0.0,0.0,0,0.0,0.0,0,0.0,0.0,0,202133.00,0.00,0.00,270,12.85,3.75,0.00,-19.7,4.998,4.998,4.998,4.998,29
2022-02-13 20:37:22,0.0,0.0,0,0.0,0.0,0,0.0,0.0,0,202133.00,0.00,0.00,270,12.85,3.75,0.00,-19.7,4.998,4.998,4.998,4.998,194
2022-02-13 20:38:22,0.0,0.0,0,0.0,0.0,0,0.0,0.0,0,202133.00,0.00,0.00,270,12.89,3.74,0.00,-19.2,4.998,4.998,4.998,4.998,201
2022-02-13 20:39:22,0.0,0.0,0,0.0,0.0,0,0.0,0.0,0,202133.00,0.00,0.00,270,12.85,3.74,0.00,-19.2,4.998,4.998,4.998,4.998,224
2022-02-13 20:40:22,0.0,0.0,0,0.0,0.0,0,0.0,0.0,0,202133.00,0.00,0.00,270,12.89,3.74,0.00,-19.7,4.998,4.998,4.998,4.998,240
2022-02-13 20:41:22,0.0,0.0,0,0.0,0.0,0,0.0,0.0,0,202133.00,0.00,0.00,270,12.85,3.74,0.00,-19.7,4.998,4.998,4.998,4.998,217
2022-02-13 20:42:22,0.0,0.0,0,0.0,0.0,0,0.0,0.0,0,202133.00,0.00,0.00,270,12.85,3.74,0.00,-19.7,4.998,4.998,4.998,4.998,234
2022-02-13 20:43:22,0.0,0.0,0,0.0,0.0,0,0.0,0.0,0,202133.00,0.00,0.00,270,12.85,3.75,0.00,-19.7,4.998,4.998,4.998,4.998,194
2022-02-13 20:44:22,0.0,0.0,0,0.0,0.0,0,0.0,0.0,0,202133.00,0.00,0.00,270,12.89,3.74,0.00,-19.7,4.998,4.998,4.998,4.998,134
2022-02-13 20:45:22,0.0,0.0,0,0.0,0.0,0,0.0,0.0,0,202133.00,0.00,0.00,270,12.85,3.75,0.00,-19.2,4.998,4.998,4.998,4.998,44
2022-02-13 20:46:22,0.0,0.0,0,0.0,0.0,0,0.0,0.0,0,202133.00,0.00,0.00,270,12.89,3.74,0.00,-19.2,4.998,4.998,4.998,4.998,30
2022-02-13 20:47:22,0.0,0.0,0,0.0,0.0,0,0.0,0.0,0,202133.00,0.00,0.00,270,12.85,3.75,0.00,-19.7,4.998,4.998,4.998,4.998,180
2022-02-13 20:48:22,0.0,0.0,0,0.0,0.0,0,0.0,0.0,0,202133.00,0.00,0.00,270,12.85,3.74,0.00,-20.2,4.998,4.998,4.998,4.998,62
2022-02-13 20:49:22,0.0,0.0,0,0.0,0.0,0,0.0,0.0,0,202133.00,0.00,0.00,270,12.89,3.74,0.00,-19.7,4.998,4.998,4.998,4.998,20
2022-02-13 20:50:22,0.0,0.0,0,0.0,0.0,0,0.0,0.0,0,202133.00,0.00,0.00,270,12.85,3.74,0.00,-20.2,4.998,4.998,4.998,4.998,44
2022-02-13 20:51:22,0.0,0.0,0,0.0,0.0,0,0.0,0.0,0,202133.00,0.00,0.00,270,12.85,3.75,0.00,-20.2,4.998,4.998,4.998,4.998,4
2022-02-13 20:52:22,0.0,0.0,0,0.0,0.0,0,0.0,0.0,0,202133.00,0.00,0.00,270,12.85,3.75,0.00,-20.2,4.998,4.998,4.998,4.998,55
2022-02-13 20:53:22,0.0,0.0,0,0.0,0.0,0,0.0,0.0,0,202133.00,0.00,0.00,270,12.85,3.74,0.00,-19.7,4.998,4.998,4.998,4.998,28
2022-02-13 20:54:22,0.0,0.0,0,0.0,0.0,0,0.0,0.0,0,202133.00,0.00,0.00,270,12.85,3.75,0.00,-19.7,4.998,4.998,4.998,4.998,174
2022-02-13 20:55:22,0.0,0.0,0,0.0,0.0,0,0.0,0.0,0,202133.00,0.00,0.00,270,12.85,3.74,0.00,-19.7,4.998,4.998,4.998,4.998,134
2022-02-13 20:56:22,0.0,0.0,0,0.0,0.0,0,0.0,0.0,0,202133.00,0.00,0.00,270,12.85,3.74,0.00,-19.7,4.998,4.998,4.998,4.998,181
2022-02-13 20:57:22,0.0,0.0,0,0.0,0.0,0,0.0,0.0,0,202133.00,0.00,0.00,270,12.85,3.75,0.00,-20.2,4.998,4.998,4.998,4.998,158
2022-02-13 20:58:22,0.0,0.0,0,0.0,0.0,0,0.0,0.0,0,202133.00,0.00,0.00,270,12.85,3.75,0.00,-19.7,4.998,4.998,4.998,4.998,227
2022-02-13 20:59:22,0.0,0.0,0,0.0,0.0,0,0.0,0.0,0,202133.00,0.00,0.00,270,12.85,3.75,0.00,-20.2,4.998,4.998,4.998,4.998,63
2022-02-13 21:00:22,0.0,0.0,0,0.0,0.0,0,0.0,0.0,0,202133.00,0.00,0.00,270,12.85,3.74,0.00,-20.2,4.998,4.998,4.998,4.998,219
2022-02-13 21:01:22,0.0,0.0,0,0.0,0.0,0,0.0,0.0,0,202133.00,0.00,0.00,270,12.85,3.75,0.00,-20.7,4.998,4.998,4.998,4.998,135
2022-02-13 21:02:22,0.0,0.0,0,0.0,0.0,0,0.0,0.0,0,202133.00,0.00,0.00,270,12.85,3.74,0.00,-19.7,4.998,4.998,4.998,4.998,52
2022-02-13 21:03:22,0.0,0.0,0,0.0,0.0,0,0.0,0.0,0,202133.00,0.00,0.00,270,12.85,3.75,0.00,-20.2,4.998,4.998,4.998,4.998,31
2022-02-13 21:04:22,0.0,0.0,0,0.0,0.0,0,0.0,0.0,0,202133.00,0.00,0.00,270,12.85,3.74,0.00,-20.2,4.998,4.998,4.998,4.998,173
2022-02-13 21:05:22,0.0,0.0,0,0.0,0.0,0,0.0,0.0,0,202133.00,0.00,0.00,270,12.85,3.75,0.00,-19.7,4.998,4.998,4.998,4.998,134
2022-02-13 21:06:22,0.0,0.0,0,0.0,0.0,0,0.0,0.0,0,202133.00,0.00,0.00,270,12.85,3.74,0.00,-20.2,4.998,4.998,4.998,4.998,65
2022-02-13 21:07:22,0.0,0.0,0,0.0,0.0,0,0.0,0.0,0,202133.00,0.00,0.00,270,12.85,3.75,0.00,-20.2,4.998,4.998,4.998,4.998,105
2022-02-13 21:08:22,0.0,0.0,0,0.0,0.0,0,0.0,0.0,0,202133.00,0.00,0.00,270,12.81,3.75,0.00,-20.2,4.998,4.998,4.998,4.998,179
2022-02-13 21:09:22,0.0,0.0,0,0.0,0.0,0,0.0,0.0,0,202133.00,0.00,0.00,270,12.85,3.75,0.00,-20.2,4.998,4.998,4.998,4.998,200
2022-02-13 21:10:22,0.0,0.0,0,0.0,0.0,0,0.0,0.0,0,202133.00,0.00,0.00,270,12.81,3.74,0.00,-20.2,4.998,4.998,4.998,4.998,86
2022-02-13 21:11:22,0.0,0.0,0,0.0,0.0,0,0.0,0.0,0,202133.00,0.00,0.00,270,12.85,3.75,0.00,-20.2,4.998,4.998,4.998,4.998,218
2022-02-13 21:12:22,0.0,0.0,0,0.0,0.0,0,0.0,0.0,0,202133.00,0.00,0.00,270,12.85,3.75,0.00,-20.7,4.998,4.998,4.998,4.998,157
2022-02-13 21:13:22,0.0,0.0,0,0.0,0.0,0,0.0,0.0,0,202133.00,0.00,0.00,270,12.81,3.74,0.00,-20.2,4.998,4.998,4.998,4.998,101
2022-02-13 21:14:22,0.0,0.0,0,0.0,0.0,0,0.0,0.0,0,202133.00,0.00,0.00,270,12.85,3.75,0.00,-20.2,4.998,4.998,4.998,4.998,115
2022-02-13 21:15:22,0.0,0.0,0,0.0,0.0,0,0.0,0.0,0,202133.00,0.00,0.00,270,12.81,3.74,0.00,-20.2,4.998,4.998,4.998,4.998,255
2022-02-13 21:16:22,0.0,0.0,0,0.0,0.0,0,0.0,0.0,0,202133.00,0.00,0.00,270,12.81,3.74,0.00,-20.7,4.998,4.998,4.998,4.998,184
2022-02-13 21:17:22,0.0,0.0,0,0.0,0.0,0,0.0,0.0,0,202133.00,0.00,0.00,270,12.81,3.74,0.00,-20.7,4.998,4.998,4.998,4.998,103
2022-02-13 21:18:22,0.0,0.0,0,0.0,0.0,0,0.0,0.0,0,202133.00,0.00,0.00,270,12.85,3.74,0.00,-20.7,4.998,4.998,4.998,4.998,189
2022-02-13 21:19:22,0.0,0.0,0,0.0,0.0,0,0.0,0.0,0,202133.00,0.00,0.00,270,12.81,3.75,0.00,-20.7,4.998,4.998,4.998,4.998,49
2022-02-13 21:20:22,0.0,0.0,0,0.0,0.0,0,0.0,0.0,0,202133.00,0.00,0.00,270,12.81,3.74,0.00,-20.2,4.998,4.998,4.998,4.998,232
2022-02-13 21:21:22,0.0,0.0,0,0.0,0.0,0,0.0,0.0,0,202133.00,0.00,0.00,270,12.81,3.74,0.00,-20.2,4.998,4.998,4.998,4.998,55
2022-02-13 21:22:22,0.0,0.0,0,0.0,0.0,0,0.0,0.0,0,202133.00,0.00,0.00,270,12.81,3.75,0.00,-20.2,4.998,4.998,4.998,4.998,243
2022-02-13 21:23:22,0.0,0.0,0,0.0,0.0,0,0.0,0.0,0,202133.00,0.00,0.00,270,12.81,3.75,0.00,-20.2,4.998,4.998,4.998,4.998,44
2022-02-13 21:24:22,0.0,0.0,0,0.0,0.0,0,0.0,0.0,0,202133.00,0.00,0.00,270,12.81,3.74,0.00,-20.2,4.998,4.998,4.998,4.998,158
2022-02-13 21:25:22,0.0,0.0,0,0.0,0.0,0,0.0,0.0,0,202133.00,0.00,0.00,270,12.81,3.74,0.00,-20.2,4.998,4.998,4.998,4.998,65
2022-02-13 21:26:22,0.0,0.0,0,0.0,0.0,0,0.0,0.0,0,202133.00,0.00,0.00,270,12.81,3.75,0.00,-19.7,4.998,4.998,4.998,4.998,134
2022-02-13 21:27:22,0.0,0.0,0,0.0,0.0,0,0.0,0.0,0,202133.00,0.00,0.00,270,12.81,3.74,0.00,-20.2,4.998,4.998,4.998,4.998,173
2022-02-13 21:28:22,0.0,0.0,0,0.0,0.0,0,0.0,0.0,0,202133.00,0.00,0.00,270,12.81,3.74,0.00,-20.2,4.998,4.998,4.998,4.998,211
2022-02-13 21:29:22,0.0,0.0,0,0.0,0.0,0,0.0,0.0,0,202133.00,0.00,0.00,270,12.81,3.74,0.00,-20.2,4.998,4.998,4.998,4.998,12
2022-02-13 21:30:22,0.0,0.0,0,0.0,0.0,0,0.0,0.0,0,202133.00,0.00,0.00,270,12.81,3.75,0.00,-20.2,4.998,4.998,4.998,4.998,54
2022-02-13 21:31:22,0.0,0.0,0,0.0,0.0,0,0.0,0.0,0,202133.00,0.00,0.00,270,12.81,3.74,0.00,-20.7,4.998,4.998,4.998,4.998,106
2022-02-13 21:32:22,0.0,0.0,0,0.0,0.0,0,0.0,0.0,0,202133.00,0.00,0.00,270,12.81,3.74,0.00,-20.7,4.998,4.998,4.998,4.998,89
2022-02-13 21:33:22,0.0,0.0,0,0.0,0.0,0,0.0,0.0,0,202133.00,0.00,0.00,270,12.81,3.74,0.00,-20.2,4.998,4.998,4.998,4.998,242
2022-02-13 21:34:22,0.0,0.0,0,0.0,0.0,0,0.0,0.0,0,202133.00,0.00,0.00,270,12.81,3.74,0.00,-20.2,4.998,4.998,4.998,4.998,183
2022-02-13 21:35:22,1.2,2.1,58,0.0,0.0,0,0.0,0.0,0,202191.00,0.00,0.00,270,12.81,3.74,0.00,-20.2,4.998,4.998,4.998,4.998,241
2022-02-13 21:36:22,1.3,1.5,13,0.0,0.0,0,0.0,0.0,0,202204.00,0.00,0.00,270,12.81,3.74,0.00,-20.2,4.998,4.998,4.998,4.998,79
2022-02-13 21:37:22,0.0,1.2,2,0.0,0.0,0,0.0,0.0,0,202206.00,0.00,0.00,270,12.81,3.75,0.00,-20.7,4.998,4.998,4.998,4.998,72
2022-02-13 21:38:22,0.0,0.0,0,0.0,0.0,0,0.0,0.0,0,202206.00,0.00,0.00,270,12.81,3.75,0.00,-20.7,4.998,4.998,4.998,4.998,55
2022-02-13 21:39:22,0.0,0.0,0,0.0,0.0,0,0.0,0.0,0,202206.00,0.00,0.00,270,12.81,3.74,0.00,-20.7,4.998,4.998,4.998,4.998,31
2022-02-13 21:40:22,2.7,2.9,69,0.0,0.0,0,0.0,0.0,0,202275.00,0.00,0.00,270,12.81,3.75,0.00,-20.7,4.998,4.998,4.998,4.998,181
2022-02-13 21:41:22,1.6,3.1,115,0.0,0.0,0,0.0,0.0,0,202390.00,0.00,0.00,286,12.81,3.97,0.00,-20.7,4.998,4.998,4.998,4.998,16
2022-02-13 21:42:22,2.0,3.1,104,0.0,0.0,0,0.0,0.0,0,202494.00,0.00,0.00,288,12.81,4.00,0.00,-20.2,4.998,4.998,4.998,4.998,101
2022-02-13 21:43:22,2.4,3.9,135,0.0,0.0,0,0.0,0.0,0,202629.00,0.00,0.00,343,12.81,4.77,0.00,-20.2,4.998,4.998,4.998,4.998,73
2022-02-13 21:44:22,3.6,3.7,161,0.0,0.0,0,0.0,0.0,0,202790.00,0.00,0.00,343,12.81,4.77,0.00,-20.2,4.998,4.998,4.998,4.998,147
2022-02-13 21:45:22,0.0,4.2,89,0.0,0.0,0,0.0,0.0,0,202879.00,0.00,0.00,346,12.81,4.81,0.00,-20.7,4.998,4.998,4.998,4.998,184
2022-02-13 21:46:22,2.7,2.8,107,0.0,0.0,0,0.0,0.0,0,202986.00,0.00,0.00,346,12.81,4.81,0.00,-20.2,4.998,4.998,4.998,4.998,120
2022-02-13 21:47:22,0.0,2.7,26,0.0,0.0,0,0.0,0.0,0,203012.00,0.00,0.00,346,12.81,4.81,0.00,-20.2,4.998,4.998,4.998,4.998,27
2022-02-13 21:48:22,2.6,2.8,47,0.0,0.0,0,0.0,0.0,0,203059.00,0.00,0.00,346,12.81,4.81,0.00,-20.7,4.998,4.998,4.998,4.998,45
2022-02-13 21:49:22,1.5,3.3,119,0.0,0.0,0,0.0,0.0,0,203178.00,0.00,0.00,346,12.81,4.81,0.00,-20.2,4.998,4.998,4.998,4.998,154
2022-02-13 21:50:22,1.6,1.8,31,0.0,0.0,0,0.0,0.0,0,203209.00,0.00,0.00,346,12.81,4.81,0.00,-21.1,4.998,4.998,4.998,4.998,138
2022-02-13 21:51:22,1.8,2.3,57,0.0,0.0,0,0.0,0.0,0,203266.00,0.00,0.00,346,12.81,4.81,0.00,-20.7,4.998,4.998,4.998,4.998,84
2022-02-13 21:52:22,0.0,1.8,19,0.0,0.0,0,0.0,0.0,0,203285.00,0.00,0.00,346,12.81,4.81,0.00,-21.1,4.998,4.998,4.998,4.998,29
2022-02-13 21:53:22,2.2,2.3,22,0.0,0.0,0,0.0,0.0,0,203307.00,0.00,0.00,346,12.77,4.81,0.00,-20.7,4.998,4.998,4.998,4.998,128
2022-02-13 21:54:22,1.8,3.3,114,0.0,0.0,0,0.0,0.0,0,203421.00,0.00,0.00,347,12.81,4.82,0.00,-20.2,4.998,4.998,4.998,4.998,213
2022-02-13 21:55:22,2.0,3.2,107,0.0,0.0,0,0.0,0.0,0,203528.00,0.00,0.00,347,12.77,4.82,0.00,-20.2,4.998,4.998,4.998,4.998,58
2022-02-13 21:56:22,0.0,1.9,12,0.0,0.0,0,0.0,0.0,0,203540.00,0.00,0.00,346,12.81,4.81,0.00,-20.7,4.998,4.998,4.998,4.998,230
2022-02-13 21:57:22,0.0,0.0,0,0.0,0.0,0,0.0,0.0,0,203540.00,0.00,0.00,346,12.81,4.81,0.00,-21.1,4.998,4.998,4.998,4.998,201
2022-02-13 21:58:22,0.0,0.0,0,0.0,0.0,0,0.0,0.0,0,203540.00,0.00,0.00,347,12.77,4.82,0.00,-21.1,4.998,4.998,4.998,4.998,35
2022-02-13 21:59:22,0.0,0.0,0,0.0,0.0,0,0.0,0.0,0,203540.00,0.00,0.00,347,12.77,4.82,0.00,-21.1,4.998,4.998,4.998,4.998,252
2022-02-13 22:00:22,0.0,0.0,0,0.0,0.0,0,0.0,0.0,0,203540.00,0.00,0.00,347,12.77,4.82,0.00,-21.1,4.998,4.998,4.998,4.998,228
2022-02-13 22:01:22,0.0,0.0,0,0.0,0.0,0,0.0,0.0,0,203540.00,0.00,0.00,347,12.81,4.82,0.00,-21.1,4.998,4.998,4.998,4.998,176
2022-02-13 22:02:22,0.0,0.0,0,0.0,0.0,0,0.0,0.0,0,203540.00,0.00,0.00,347,12.77,4.82,0.00,-21.1,4.998,4.998,4.998,4.998,8
2022-02-13 22:03:22,0.0,0.0,0,0.0,0.0,0,0.0,0.0,0,203540.00,0.00,0.00,347,12.77,4.82,0.00,-20.7,4.998,4.998,4.998,4.998,200
2022-02-13 22:04:22,0.0,0.0,0,0.0,0.0,0,0.0,0.0,0,203540.00,0.00,0.00,347,12.77,4.82,0.00,-20.7,4.998,4.998,4.998,4.998,141
2022-02-13 22:05:22,0.0,0.0,0,0.0,0.0,0,0.0,0.0,0,203540.00,0.00,0.00,346,12.77,4.81,0.00,-21.1,4.998,4.998,4.998,4.998,82
2022-02-13 22:06:22,0.0,0.0,0,0.0,0.0,0,0.0,0.0,0,203540.00,0.00,0.00,347,12.77,4.82,0.00,-21.1,4.998,4.998,4.998,4.998,126
2022-02-13 22:07:22,0.0,0.0,0,0.0,0.0,0,0.0,0.0,0,203540.00,0.00,0.00,347,12.77,4.82,0.00,-21.1,4.998,4.998,4.998,4.998,161
2022-02-13 22:08:22,0.0,0.0,0,0.0,0.0,0,0.0,0.0,0,203540.00,0.00,0.00,347,12.77,4.82,0.00,-21.1,4.998,4.998,4.998,4.998,223
2022-02-13 22:09:22,0.0,0.0,0,0.0,0.0,0,0.0,0.0,0,203540.00,0.00,0.00,347,12.77,4.82,0.00,-21.6,4.998,4.998,4.998,4.998,234
2022-02-13 22:10:22,0.0,0.0,0,0.0,0.0,0,0.0,0.0,0,203540.00,0.00,0.00,347,12.77,4.82,0.00,-21.1,4.998,4.998,4.998,4.998,205
2022-02-13 22:11:22,0.0,0.0,0,0.0,0.0,0,0.0,0.0,0,203540.00,0.00,0.00,347,12.77,4.82,0.00,-21.1,4.998,4.998,4.998,4.998,18
2022-02-13 22:12:22,0.0,0.0,0,0.0,0.0,0,0.0,0.0,0,203540.00,0.00,0.00,347,12.77,4.82,0.00,-20.7,4.998,4.998,4.998,4.998,62
2022-02-13 22:13:22,0.0,0.0,0,0.0,0.0,0,0.0,0.0,0,203540.00,0.00,0.00,346,12.77,4.81,0.00,-20.7,4.998,4.998,4.998,4.998,254
2022-02-13 22:14:22,0.0,0.0,0,0.0,0.0,0,0.0,0.0,0,203540.00,0.00,0.00,346,12.77,4.81,0.00,-21.1,4.998,4.998,4.998,4.998,164
2022-02-13 22:15:22,0.0,0.0,0,0.0,0.0,0,0.0,0.0,0,203540.00,0.00,0.00,347,12.77,4.82,0.00,-20.7,4.998,4.998,4.998,4.998,123
2022-02-13 22:16:22,0.0,0.0,0,0.0,0.0,0,0.0,0.0,0,203540.00,0.00,0.00,347,12.77,4.82,0.00,-21.1,4.998,4.998,4.998,4.998,87
2022-02-13 22:17:22,0.0,0.0,0,0.0,0.0,0,0.0,0.0,0,203540.00,0.00,0.00,346,12.77,4.81,0.00,-21.1,4.998,4.998,4.998,4.998,151
2022-02-13 22:18:22,0.0,0.0,0,0.0,0.0,0,0.0,0.0,0,203540.00,0.00,0.00,347,12.77,4.82,0.00,-21.1,4.998,4.998,4.998,4.998,246
2022-02-13 22:19:22,0.0,0.0,0,0.0,0.0,0,0.0,0.0,0,203540.00,0.00,0.00,347,12.77,4.82,0.00,-21.1,4.998,4.998,4.998,4.998,41
2022-02-13 22:20:22,0.0,0.0,0,0.0,0.0,0,0.0,0.0,0,203540.00,0.00,0.00,347,12.77,4.82,0.00,-21.6,4.998,4.998,4.998,4.998,153
2022-02-13 22:21:22,0.0,0.0,0,0.0,0.0,0,0.0,0.0,0,203540.00,0.00,0.00,347,12.77,4.82,0.00,-21.1,4.998,4.998,4.998,4.998,172
2022-02-13 22:22:22,0.0,0.0,0,0.0,0.0,0,0.0,0.0,0,203540.00,0.00,0.00,347,12.77,4.82,0.00,-21.6,4.998,4.998,4.998,4.998,117
2022-02-13 22:23:22,0.0,0.0,0,0.0,0.0,0,0.0,0.0,0,203540.00,0.00,0.00,347,12.77,4.82,0.00,-21.1,4.998,4.998,4.998,4.998,64
2022-02-13 22:24:22,0.0,0.0,0,0.0,0.0,0,0.0,0.0,0,203540.00,0.00,0.00,347,12.77,4.82,0.00,-21.1,4.998,4.998,4.998,4.998,5
2022-02-13 22:25:22,0.0,0.0,0,0.0,0.0,0,0.0,0.0,0,203540.00,0.00,0.00,346,12.77,4.81,0.00,-21.1,4.998,4.998,4.998,4.998,197
2022-02-13 22:26:22,0.0,0.0,0,0.0,0.0,0,0.0,0.0,0,203540.00,0.00,0.00,347,12.77,4.82,0.00,-21.1,4.998,4.998,4.998,4.998,233
2022-02-13 22:27:22,0.0,0.0,0,0.0,0.0,0,0.0,0.0,0,203540.00,0.00,0.00,347,12.77,4.82,0.00,-21.1,4.998,4.998,4.998,4.998,54
2022-02-13 22:28:22,0.0,0.0,0,0.0,0.0,0,0.0,0.0,0,203540.00,0.00,0.00,347,12.73,4.82,0.00,-21.1,4.998,4.998,4.998,4.998,236
2022-02-13 22:29:22,0.0,0.0,0,0.0,0.0,0,0.0,0.0,0,203540.00,0.00,0.00,347,12.77,4.82,0.00,-21.1,4.998,4.998,4.998,4.998,151
2022-02-13 22:30:22,0.0,0.0,0,0.0,0.0,0,0.0,0.0,0,203540.00,0.00,0.00,346,12.77,4.81,0.00,-21.1,4.998,4.998,4.998,4.998,69
2022-02-13 22:31:22,0.0,0.0,0,0.0,0.0,0,0.0,0.0,0,203540.00,0.00,0.00,347,12.77,4.82,0.00,-21.6,4.998,4.998,4.998,4.998,111
2022-02-13 22:32:22,0.0,0.0,0,0.0,0.0,0,0.0,0.0,0,203540.00,0.00,0.00,347,12.73,4.82,0.00,-21.1,4.998,4.998,4.998,4.998,18
2022-02-13 22:33:22,0.0,0.0,0,0.0,0.0,0,0.0,0.0,0,203540.00,0.00,0.00,347,12.73,4.82,0.00,-21.1,4.998,4.998,4.998,4.998,205
2022-02-13 22:34:22,0.0,0.0,0,0.0,0.0,0,0.0,0.0,0,203540.00,0.00,0.00,347,12.73,4.82,0.00,-21.1,4.998,4.998,4.998,4.998,136
2022-02-13 22:35:22,0.0,0.0,0,0.0,0.0,0,0.0,0.0,0,203540.00,0.00,0.00,347,12.77,4.82,0.00,-21.1,4.998,4.998,4.998,4.998,243
2022-02-13 22:36:22,0.0,0.0,0,0.0,0.0,0,0.0,0.0,0,203540.00,0.00,0.00,347,12.77,4.82,0.00,-21.1,4.998,4.998,4.998,4.998,192
2022-02-13 22:37:22,0.0,0.0,0,0.0,0.0,0,0.0,0.0,0,203540.00,0.00,0.00,347,12.77,4.82,0.00,-20.7,4.998,4.998,4.998,4.998,0
2022-02-13 22:38:22,0.0,0.0,0,0.0,0.0,0,0.0,0.0,0,203540.00,0.00,0.00,347,12.77,4.82,0.00,-20.7,4.998,4.998,4.998,4.998,126
2022-02-13 22:39:22,0.0,0.0,0,0.0,0.0,0,0.0,0.0,0,203540.00,0.00,0.00,347,12.77,4.82,0.00,-21.1,4.998,4.998,4.998,4.998,190
2022-02-13 22:40:22,0.0,0.0,0,0.0,0.0,0,0.0,0.0,0,203540.00,0.00,0.00,346,12.73,4.81,0.00,-20.7,4.998,4.998,4.998,4.998,136
2022-02-13 22:41:22,0.0,0.0,0,0.0,0.0,0,0.0,0.0,0,203540.00,0.00,0.00,347,12.73,4.82,0.00,-21.1,4.998,4.998,4.998,4.998,87
2022-02-13 22:42:22,0.0,0.0,0,0.0,0.0,0,0.0,0.0,0,203540.00,0.00,0.00,346,12.73,4.81,0.00,-21.1,4.998,4.998,4.998,4.998,123
2022-02-13 22:43:22,0.0,0.0,0,0.0,0.0,0,0.0,0.0,0,203540.00,0.00,0.00,347,12.73,4.82,0.00,-21.1,4.998,4.998,4.998,4.998,187
2022-02-13 22:44:22,0.0,0.0,0,0.0,0.0,0,0.0,0.0,0,203540.00,0.00,0.00,347,12.73,4.82,0.00,-21.1,4.998,4.998,4.998,4.998,254
2022-02-13 22:45:22,0.0,0.0,0,0.0,0.0,0,0.0,0.0,0,203540.00,0.00,0.00,347,12.73,4.82,0.00,-21.6,4.998,4.998,4.998,4.998,203
2022-02-13 22:46:22,0.0,0.0,0,0.0,0.0,0,0.0,0.0,0,203540.00,0.00,0.00,346,12.77,4.81,0.00,-21.6,4.998,4.998,4.998,4.998,67
2022-02-13 22:47:22,0.0,0.0,0,0.0,0.0,0,0.0,0.0,0,203540.00,0.00,0.00,257,12.73,3.57,0.00,-21.1,4.998,4.998,4.998,4.998,206
2022-02-13 22:48:22,0.0,0.0,0,0.0,0.0,0,0.0,0.0,0,203540.00,0.00,0.00,347,12.77,4.82,0.00,-21.6,4.998,4.998,4.998,4.998,253
2022-02-13 22:49:22,0.0,0.0,0,0.0,0.0,0,0.0,0.0,0,203540.00,0.00,0.00,347,12.73,4.82,0.00,-21.6,4.998,4.998,4.998,4.998,134
2022-02-13 22:50:22,0.0,0.0,0,0.0,0.0,0,0.0,0.0,0,203540.00,0.00,0.00,347,12.73,4.82,0.00,-21.6,4.998,4.998,4.998,4.998,75
2022-02-13 22:51:22,0.0,0.0,0,0.0,0.0,0,0.0,0.0,0,203540.00,0.00,0.00,347,12.73,4.82,0.00,-22.1,4.998,4.998,4.998,4.998,215
2022-02-13 22:52:22,0.0,0.0,0,0.0,0.0,0,0.0,0.0,0,203540.00,0.00,0.00,346,12.73,4.81,0.00,-22.1,4.998,4.998,4.998,4.998,251
2022-02-13 22:53:22,0.0,0.0,0,0.0,0.0,0,0.0,0.0,0,203540.00,0.00,0.00,347,12.73,4.82,0.00,-22.1,4.998,4.998,4.998,4.998,59
2022-02-13 22:54:22,0.0,0.0,0,0.0,0.0,0,0.0,0.0,0,203540.00,0.00,0.00,347,12.73,4.82,0.00,-22.1,4.998,4.998,4.998,4.998,126
2022-02-13 22:55:22,0.0,0.0,0,0.0,0.0,0,0.0,0.0,0,203540.00,0.00,0.00,346,12.73,4.81,0.00,-22.1,4.998,4.998,4.998,4.998,190
2022-02-13 22:56:22,0.0,0.0,0,0.0,0.0,0,0.0,0.0,0,203540.00,0.00,0.00,347,12.73,4.82,0.00,-22.1,4.998,4.998,4.998,4.998,146
2022-02-13 22:57:22,0.0,0.0,0,0.0,0.0,0,0.0,0.0,0,203540.00,0.00,0.00,347,12.73,4.82,0.00,-22.1,4.998,4.998,4.998,4.998,77
2022-02-13 22:58:22,0.0,0.0,0,0.0,0.0,0,0.0,0.0,0,203540.00,0.00,0.00,347,12.73,4.82,0.00,-22.1,4.998,4.998,4.998,4.998,51
2022-02-13 22:59:22,0.0,0.0,0,0.0,0.0,0,0.0,0.0,0,203540.00,0.00,0.00,347,12.73,4.82,0.00,-22.1,4.998,4.998,4.998,4.998,236
2022-02-13 23:00:22,0.0,0.0,0,0.0,0.0,0,0.0,0.0,0,203540.00,0.00,0.00,347,12.73,4.82,0.00,-21.6,4.998,4.998,4.998,4.998,188
2022-02-13 23:01:22,0.0,0.0,0,0.0,0.0,0,0.0,0.0,0,203540.00,0.00,0.00,347,12.73,4.82,0.00,-21.6,4.998,4.998,4.998,4.998,99
2022-02-13 23:02:22,0.0,0.0,0,0.0,0.0,0,0.0,0.0,0,203540.00,0.00,0.00,347,12.73,4.82,0.00,-22.1,4.998,4.998,4.998,4.998,19
2022-02-13 23:03:22,0.0,0.0,0,0.0,0.0,0,0.0,0.0,0,203540.00,0.00,0.00,347,12.73,4.82,0.00,-22.1,4.998,4.998,4.998,4.998,204
2022-02-13 23:04:22,0.0,0.0,0,0.0,0.0,0,0.0,0.0,0,203540.00,0.00,0.00,347,12.73,4.82,0.00,-22.1,4.998,4.998,4.998,4.998,137
2022-02-13 23:05:22,0.0,0.0,0,0.0,0.0,0,0.0,0.0,0,203540.00,0.00,0.00,347,12.73,4.82,0.00,-21.6,4.998,4.998,4.998,4.998,21
2022-02-13 23:06:22,0.0,0.0,0,0.0,0.0,0,0.0,0.0,0,203540.00,0.00,0.00,347,12.73,4.82,0.00,-21.6,4.998,4.998,4.998,4.998,38
2022-02-13 23:07:22,0.0,0.0,0,0.0,0.0,0,0.0,0.0,0,203540.00,0.00,0.00,347,12.73,4.82,0.00,-21.6,4.998,4.998,4.998,4.998,249
2022-02-13 23:08:22,0.0,0.0,0,0.0,0.0,0,0.0,0.0,0,203540.00,0.00,0.00,347,12.73,4.82,0.00,-21.6,4.998,4.998,4.998,4.998,135
2022-02-13 23:09:22,0.0,0.0,0,0.0,0.0,0,0.0,0.0,0,203540.00,0.00,0.00,347,12.73,4.82,0.00,-21.6,4.998,4.998,4.998,4.998,88
2022-02-13 23:10:22,0.0,0.0,0,0.0,0.0,0,0.0,0.0,0,203540.00,0.00,0.00,347,12.73,4.82,0.00,-22.1,4.998,4.998,4.998,4.998,214
2022-02-13 23:11:22,0.0,0.0,0,0.0,0.0,0,0.0,0.0,0,203540.00,0.00,0.00,346,12.69,4.81,0.00,-22.1,4.998,4.998,4.998,4.998,57
2022-02-13 23:12:22,0.0,0.0,0,0.0,0.0,0,0.0,0.0,0,203540.00,0.00,0.00,346,12.73,4.81,0.00,-22.1,4.998,4.998,4.998,4.998,37
2022-02-13 23:13:22,0.0,0.0,0,0.0,0.0,0,0.0,0.0,0,203540.00,0.00,0.00,346,12.73,4.81,0.00,-22.1,4.998,4.998,4.998,4.998,250
2022-02-13 23:14:22,0.0,0.0,0,0.0,0.0,0,0.0,0.0,0,203540.00,0.00,0.00,346,12.69,4.81,0.00,-22.1,4.998,4.998,4.998,4.998,144
2022-02-13 23:15:22,0.0,0.0,0,0.0,0.0,0,0.0,0.0,0,203540.00,0.00,0.00,347,12.73,4.82,0.00,-22.1,4.998,4.998,4.998,4.998,127
2022-02-13 23:16:22,0.0,0.0,0,0.0,0.0,0,0.0,0.0,0,203540.00,0.00,0.00,347,12.73,4.82,0.00,-21.6,4.998,4.998,4.998,4.998,15
2022-02-13 23:17:22,0.0,0.0,0,0.0,0.0,0,0.0,0.0,0,203540.00,0.00,0.00,347,12.73,4.82,0.00,-22.1,4.998,4.998,4.998,4.998,147
2022-02-13 23:18:22,0.0,0.0,0,0.0,0.0,0,0.0,0.0,0,203540.00,0.00,0.00,347,12.73,4.82,0.00,-22.1,4.998,4.998,4.998,4.998,237
2022-02-13 23:19:22,0.0,0.0,0,0.0,0.0,0,0.0,0.0,0,203540.00,0.00,0.00,347,12.69,4.82,0.00,-22.1,4.998,4.998,4.998,4.998,29
2022-02-13 23:20:22,0.0,0.0,0,0.0,0.0,0,0.0,0.0,0,203540.00,0.00,0.00,347,12.73,4.82,0.00,-22.1,4.998,4.998,4.998,4.998,104
2022-02-13 23:21:22,0.0,0.0,0,0.0,0.0,0,0.0,0.0,0,203540.00,0.00,0.00,347,12.69,4.82,0.00,-21.6,4.998,4.998,4.998,4.998,219
2022-02-13 23:22:22,0.0,0.0,0,0.0,0.0,0,0.0,0.0,0,203540.00,0.00,0.00,347,12.69,4.82,0.00,-22.1,4.998,4.998,4.998,4.998,171
2022-02-13 23:23:22,0.0,0.0,0,0.0,0.0,0,0.0,0.0,0,203540.00,0.00,0.00,346,12.69,4.81,0.00,-22.1,4.998,4.998,4.998,4.998,107
2022-02-13 23:24:22,0.0,0.0,0,0.0,0.0,0,0.0,0.0,0,203540.00,0.00,0.00,347,12.69,4.82,0.00,-22.1,4.998,4.998,4.998,4.998,49
2022-02-13 23:25:22,0.0,0.0,0,0.0,0.0,0,0.0,0.0,0,203540.00,0.00,0.00,347,12.69,4.82,0.00,-21.6,4.998,4.998,4.998,4.998,173
2022-02-13 23:26:22,0.0,0.0,0,0.0,0.0,0,0.0,0.0,0,203540.00,0.00,0.00,347,12.73,4.82,0.00,-22.1,4.998,4.998,4.998,4.998,242
2022-02-13 23:27:22,0.0,0.0,0,0.0,0.0,0,0.0,0.0,0,203540.00,0.00,0.00,347,12.69,4.82,0.00,-22.1,4.998,4.998,4.998,4.998,2
2022-02-13 23:28:22,0.0,0.0,0,0.0,0.0,0,0.0,0.0,0,203540.00,0.00,0.00,347,12.73,4.82,0.00,-21.6,4.998,4.998,4.998,4.998,16
2022-02-13 23:29:22,0.0,0.0,0,0.0,0.0,0,0.0,0.0,0,203540.00,0.00,0.00,346,12.73,4.81,0.00,-21.6,4.998,4.998,4.998,4.998,208
2022-02-13 23:30:22,0.0,0.0,0,0.0,0.0,0,0.0,0.0,0,203540.00,0.00,0.00,347,12.73,4.82,0.00,-22.1,4.998,4.998,4.998,4.998,65
2022-02-13 23:31:22,0.0,0.0,0,0.0,0.0,0,0.0,0.0,0,203540.00,0.00,0.00,347,12.69,4.82,0.00,-21.6,4.998,4.998,4.998,4.998,242
2022-02-13 23:32:22,0.0,0.0,0,0.0,0.0,0,0.0,0.0,0,203540.00,0.00,0.00,346,12.69,4.81,0.00,-22.6,4.998,4.998,4.998,4.998,119
2022-02-13 23:33:22,0.0,0.0,0,0.0,0.0,0,0.0,0.0,0,203540.00,0.00,0.00,346,12.69,4.81,0.00,-22.1,4.998,4.998,4.998,4.998,66
2022-02-13 23:34:22,0.0,0.0,0,0.0,0.0,0,0.0,0.0,0,203540.00,0.00,0.00,346,12.73,4.81,0.00,-22.6,4.998,4.998,4.998,4.998,194
2022-02-13 23:35:22,0.0,0.0,0,0.0,0.0,0,0.0,0.0,0,203540.00,0.00,0.00,347,12.69,4.82,0.00,-23.1,4.998,4.998,4.998,4.998,9
2022-02-13 23:36:22,0.0,0.0,0,0.0,0.0,0,0.0,0.0,0,203540.00,0.00,0.00,347,12.69,4.82,0.00,-23.1,4.998,4.998,4.998,4.998,58
2022-02-13 23:37:22,0.0,0.0,0,0.0,0.0,0,0.0,0.0,0,203540.00,0.00,0.00,347,12.73,4.82,0.00,-22.6,4.998,4.998,4.998,4.998,238
2022-02-13 23:38:22,0.0,0.0,0,0.0,0.0,0,0.0,0.0,0,203540.00,0.00,0.00,346,12.73,4.81,0.00,-22.1,4.998,4.998,4.998,4.998,101
2022-02-13 23:39:22,0.0,0.0,0,0.0,0.0,0,0.0,0.0,0,203540.00,0.00,0.00,347,12.69,4.82,0.00,-22.1,4.998,4.998,4.998,4.998,138
2022-02-13 23:40:22,0.0,0.0,0,0.0,0.0,0,0.0,0.0,0,203540.00,0.00,0.00,347,12.69,4.82,0.00,-22.1,4.998,4.998,4.998,4.998,24
2022-02-13 23:41:22,0.0,0.0,0,0.0,0.0,0,0.0,0.0,0,203540.00,0.00,0.00,347,12.69,4.82,0.00,-22.1,4.998,4.998,4.998,4.998,199
2022-02-13 23:42:22,0.0,0.0,0,0.0,0.0,0,0.0,0.0,0,203540.00,0.00,0.00,347,12.69,4.82,0.00,-22.1,4.998,4.998,4.998,4.998,244
2022-02-13 23:43:22,0.0,0.0,0,0.0,0.0,0,0.0,0.0,0,203540.00,0.00,0.00,346,12.69,4.81,0.00,-22.6,4.998,4.998,4.998,4.998,222
2022-02-13 23:44:22,0.0,0.0,0,0.0,0.0,0,0.0,0.0,0,203540.00,0.00,0.00,347,12.69,4.82,0.00,-22.6,4.998,4.998,4.998,4.998,132
2022-02-13 23:45:22,0.0,0.0,0,0.0,0.0,0,0.0,0.0,0,203540.00,0.00,0.00,347,12.69,4.82,0.00,-22.6,4.998,4.998,4.998,4.998,91
2022-02-13 23:46:22,0.0,0.0,0,0.0,0.0,0,0.0,0.0,0,203540.00,0.00,0.00,347,12.65,4.82,0.00,-22.1,4.998,4.998,4.998,4.998,116
2022-02-13 23:47:22,0.0,0.0,0,0.0,0.0,0,0.0,0.0,0,203540.00,0.00,0.00,346,12.69,4.81,0.00,-22.6,4.998,4.998,4.998,4.998,168
2022-02-13 23:48:22,0.0,0.0,0,0.0,0.0,0,0.0,0.0,0,203540.00,0.00,0.00,347,12.69,4.82,0.00,-22.1,4.998,4.998,4.998,4.998,35
2022-02-13 23:49:22,0.0,0.0,0,0.0,0.0,0,0.0,0.0,0,203540.00,0.00,0.00,347,12.69,4.82,0.00,-22.6,4.998,4.998,4.998,4.998,22
2022-02-13 23:50:22,0.0,0.0,0,0.0,0.0,0,0.0,0.0,0,203540.00,0.00,0.00,347,12.69,4.82,0.00,-22.1,4.998,4.998,4.998,4.998,49
2022-02-13 23:51:22,0.0,0.0,0,0.0,0.0,0,0.0,0.0,0,203540.00,0.00,0.00,346,12.69,4.81,0.00,-22.1,4.998,4.998,4.998,4.998,241
2022-02-13 23:52:22,0.0,0.0,0,0.0,0.0,0,0.0,0.0,0,203540.00,0.00,0.00,347,12.69,4.82,0.00,-22.6,4.998,4.998,4.998,4.998,55
2022-02-13 23:53:22,0.0,0.0,0,0.0,0.0,0,0.0,0.0,0,203540.00,0.00,0.00,346,12.65,4.81,0.00,-22.6,4.998,4.998,4.998,4.998,1
2022-02-13 23:54:22,0.0,0.0,0,0.0,0.0,0,0.0,0.0,0,203540.00,0.00,0.00,347,12.69,4.82,0.00,-22.6,4.998,4.998,4.998,4.998,173
2022-02-13 23:55:22,0.0,0.0,0,0.0,0.0,0,0.0,0.0,0,203540.00,0.00,0.00,346,12.69,4.81,0.00,-22.6,4.998,4.998,4.998,4.998,109
2022-02-13 23:56:22,0.0,0.0,0,0.0,0.0,0,0.0,0.0,0,203540.00,0.00,0.00,347,12.69,4.82,0.00,-22.6,4.998,4.998,4.998,4.998,65
2022-02-13 23:57:22,0.0,0.0,0,0.0,0.0,0,0.0,0.0,0,203540.00,0.00,0.00,347,12.69,4.82,0.00,-22.1,4.998,4.998,4.998,4.998,116
2022-02-13 23:58:22,0.0,0.0,0,0.0,0.0,0,0.0,0.0,0,203540.00,0.00,0.00,346,12.65,4.81,0.00,-22.6,4.998,4.998,4.998,4.998,9
2022-02-13 23:59:22,0.0,0.0,0,0.0,0.0,0,0.0,0.0,0,203540.00,0.00,0.00,347,12.65,4.82,0.00,-22.6,4.998,4.998,4.998,4.998,201
