2022-03-04 00:00:22,5.6,14.3,490,0.0,0.0,0,0.0,0.0,0,490.00,0.00,0.00,240,12.92,3.33,0.00,-4.5,4.998,4.998,4.998,4.998,41
2022-03-04 00:01:22,6.1,8.1,293,0.0,0.0,0,0.0,0.0,0,783.00,0.00,0.00,205,12.89,2.85,0.00,-4.1,4.998,4.998,4.998,4.998,126
2022-03-04 00:02:22,4.6,9.7,332,0.0,0.0,0,0.0,0.0,0,1115.00,0.00,0.00,219,12.89,3.04,0.00,-4.1,4.998,4.998,4.998,4.998,105
2022-03-04 00:03:22,5.7,10.8,353,0.0,0.0,0,0.0,0.0,0,1468.00,0.00,0.00,211,12.92,2.94,0.00,-4.1,4.998,4.998,4.998,4.998,7
2022-03-04 00:04:22,11.7,11.7,329,0.0,0.0,0,0.0,0.0,0,1797.00,0.00,0.00,223,12.92,3.11,0.00,-4.1,4.998,4.998,4.998,4.998,70
2022-03-04 00:05:22,8.3,12.0,477,0.0,0.0,0,0.0,0.0,0,2274.00,0.00,0.00,227,12.92,3.15,0.00,-4.1,4.998,4.998,4.998,4.998,197
2022-03-04 00:06:22,7.3,12.4,475,0.0,0.0,0,0.0,0.0,0,2749.00,0.00,0.00,252,12.92,3.50,0.00,-4.1,4.998,4.998,4.998,4.998,35
2022-03-04 00:07:22,6.4,9.9,420,0.0,0.0,0,0.0,0.0,0,3169.00,0.00,0.00,214,12.89,2.98,0.00,-4.1,4.998,4.998,4.998,4.998,249
2022-03-04 00:08:22,4.5,10.1,323,0.0,0.0,0,0.0,0.0,0,3492.00,0.00,0.00,202,12.89,2.81,0.00,-4.5,4.998,4.998,4.998,4.998,117
2022-03-04 00:09:22,7.7,12.1,370,0.0,0.0,0,0.0,0.0,0,3862.00,0.00,0.00,222,12.89,3.09,0.00,-4.5,4.998,4.998,4.998,4.998,201
2022-03-04 00:10:22,5.4,12.2,398,0.0,0.0,0,0.0,0.0,0,4260.00,0.00,0.00,258,12.92,3.59,0.00,-4.1,4.998,4.998,4.998,4.998,45
2022-03-04 00:11:22,5.0,8.3,281,0.0,0.0,0,0.0,0.0,0,4541.00,0.00,0.00,216,12.89,3.00,0.00,-4.5,4.998,4.998,4.998,4.998,0
2022-03-04 00:12:22,2.9,6.3,256,0.0,0.0,0,0.0,0.0,0,4797.00,0.00,0.00,241,12.92,3.34,0.00,-4.5,4.998,4.998,4.998,4.998,60
2022-03-04 00:13:22,4.2,7.7,340,0.0,0.0,0,0.0,0.0,0,5137.00,0.00,0.00,203,12.89,2.82,0.00,-4.5,4.998,4.998,4.998,4.998,4
2022-03-04 00:14:22,2.6,10.0,341,0.0,0.0,0,0.0,0.0,0,5478.00,0.00,0.00,233,12.92,3.24,0.00,-4.5,4.998,4.998,4.998,4.998,248
2022-03-04 00:15:22,8.5,9.1,373,0.0,0.0,0,0.0,0.0,0,5851.00,0.00,0.00,192,12.89,2.67,0.00,-5.0,4.998,4.998,4.998,4.998,250
2022-03-04 00:16:22,7.2,8.7,323,0.0,0.0,0,0.0,0.0,0,6174.00,0.00,0.00,219,12.89,3.04,0.00,-5.0,4.998,4.998,4.998,4.998,231
2022-03-04 00:17:22,7.3,11.6,499,0.0,0.0,0,0.0,0.0,0,6673.00,0.00,0.00,227,12.89,3.16,0.00,-4.5,4.998,4.998,4.998,4.998,40
2022-03-04 00:18:22,6.8,9.0,437,0.0,0.0,0,0.0,0.0,0,7110.00,0.00,0.00,235,12.92,3.26,0.00,-4.1,4.998,4.998,4.998,4.998,119
2022-03-04 00:19:22,4.4,7.1,261,0.0,0.0,0,0.0,0.0,0,7371.00,0.00,0.00,224,12.89,3.11,0.00,-5.0,4.998,4.998,4.998,4.998,70
2022-03-04 00:20:22,3.9,5.9,215,0.0,0.0,0,0.0,0.0,0,7586.00,0.00,0.00,262,12.89,3.64,0.00,-4.5,4.998,4.998,4.998,4.998,98
2022-03-04 00:21:22,6.2,7.7,326,0.0,0.0,0,0.0,0.0,0,7912.00,0.00,0.00,256,12.89,3.55,0.00,-5.0,4.998,4.998,4.998,4.998,111
2022-03-04 00:22:22,13.3,13.8,477,0.0,0.0,0,0.0,0.0,0,8389.00,0.00,0.00,199,12.89,2.76,0.00,-4.5,4.998,4.998,4.998,4.998,89
2022-03-04 00:23:22,3.5,14.3,381,0.0,0.0,0,0.0,0.0,0,8770.00,0.00,0.00,229,12.92,3.18,0.00,-4.5,4.998,4.998,4.998,4.998,25
2022-03-04 00:24:22,6.6,10.5,339,0.0,0.0,0,0.0,0.0,0,9109.00,0.00,0.00,249,12.89,3.46,0.00,-4.5,4.998,4.998,4.998,4.998,147
2022-03-04 00:25:22,4.0,8.3,333,0.0,0.0,0,0.0,0.0,0,9442.00,0.00,0.00,239,12.89,3.32,0.00,-4.5,4.998,4.998,4.998,4.998,224
2022-03-04 00:26:22,5.2,6.3,255,0.0,0.0,0,0.0,0.0,0,9697.00,0.00,0.00,225,12.89,3.13,0.00,-5.0,4.998,4.998,4.998,4.998,64
2022-03-04 00:27:22,4.4,7.7,292,0.0,0.0,0,0.0,0.0,0,9989.00,0.00,0.00,255,12.89,3.54,0.00,-5.0,4.998,4.998,4.998,4.998,59
2022-03-04 00:28:22,3.0,6.9,219,0.0,0.0,0,0.0,0.0,0,10208.00,0.00,0.00,233,12.89,3.23,0.00,-5.0,4.998,4.998,4.998,4.998,87
2022-03-04 00:29:22,5.6,7.7,267,0.0,0.0,0,0.0,0.0,0,10475.00,0.00,0.00,229,12.89,3.18,0.00,-5.0,4.998,4.998,4.998,4.998,221
2022-03-04 00:30:22,6.3,6.9,275,0.0,0.0,0,0.0,0.0,0,10750.00,0.00,0.00,240,12.89,3.34,0.00,-5.0,4.998,4.998,4.998,4.998,62
2022-03-04 00:31:22,5.0,9.2,357,0.0,0.0,0,0.0,0.0,0,11107.00,0.00,0.00,241,12.89,3.35,0.00,-5.0,4.998,4.998,4.998,4.998,116
2022-03-04 00:32:22,5.8,6.5,244,0.0,0.0,0,0.0,0.0,0,11351.00,0.00,0.00,240,12.89,3.33,0.00,-5.0,4.998,4.998,4.998,4.998,159
2022-03-04 00:33:22,4.7,7.5,311,0.0,0.0,0,0.0,0.0,0,11662.00,0.00,0.00,214,12.89,2.98,0.00,-5.0,4.998,4.998,4.998,4.998,13
2022-03-04 00:34:22,4.0,9.8,356,0.0,0.0,0,0.0,0.0,0,12018.00,0.00,0.00,269,12.89,3.74,0.00,-5.0,4.998,4.998,4.998,4.998,136
2022-03-04 00:35:22,7.4,10.1,317,0.0,0.0,0,0.0,0.0,0,12335.00,0.00,0.00,250,12.89,3.47,0.00,-5.0,4.998,4.998,4.998,4.998,218
2022-03-04 00:36:22,4.3,8.1,357,0.0,0.0,0,0.0,0.0,0,12692.00,0.00,0.00,230,12.89,3.20,0.00,-5.0,4.998,4.998,4.998,4.998,171
2022-03-04 00:37:22,5.4,7.4,224,0.0,0.0,0,0.0,0.0,0,12916.00,0.00,0.00,235,12.89,3.27,0.00,-5.0,4.998,4.998,4.998,4.998,74
2022-03-04 00:38:22,3.3,6.0,243,0.0,0.0,0,0.0,0.0,0,13159.00,0.00,0.00,244,12.89,3.39,0.00,-5.0,4.998,4.998,4.998,4.998,54
2022-03-04 00:39:22,5.5,7.6,233,0.0,0.0,0,0.0,0.0,0,13392.00,0.00,0.00,197,12.89,2.73,0.00,-5.0,4.998,4.998,4.998,4.998,172
2022-03-04 00:40:22,4.2,8.0,326,0.0,0.0,0,0.0,0.0,0,13718.00,0.00,0.00,211,12.89,2.94,0.00,-5.0,4.998,4.998,4.998,4.998,237
2022-03-04 00:41:22,6.4,9.9,368,0.0,0.0,0,0.0,0.0,0,14086.00,0.00,0.00,249,12.89,3.46,0.00,-5.0,4.998,4.998,4.998,4.998,165
2022-03-04 00:42:22,5.1,8.6,361,0.0,0.0,0,0.0,0.0,0,14447.00,0.00,0.00,258,12.89,3.59,0.00,-5.0,4.998,4.998,4.998,4.998,99
2022-03-04 00:43:22,6.9,7.1,276,0.0,0.0,0,0.0,0.0,0,14723.00,0.00,0.00,241,12.89,3.34,0.00,-5.0,4.998,4.998,4.998,4.998,32
2022-03-04 00:44:22,5.9,9.6,390,0.0,0.0,0,0.0,0.0,0,15113.00,0.00,0.00,245,12.89,3.41,0.00,-5.0,4.998,4.998,4.998,4.998,47
2022-03-04 00:45:22,5.4,12.0,377,0.0,0.0,0,0.0,0.0,0,15490.00,0.00,0.00,206,12.89,2.87,0.00,-5.0,4.998,4.998,4.998,4.998,255
2022-03-04 00:46:22,5.6,9.5,354,0.0,0.0,0,0.0,0.0,0,15844.00,0.00,0.00,232,12.89,3.22,0.00,-5.0,4.998,4.998,4.998,4.998,60
2022-03-04 00:47:22,5.4,7.7,320,0.0,0.0,0,0.0,0.0,0,16164.00,0.00,0.00,248,12.89,3.45,0.00,-5.0,4.998,4.998,4.998,4.998,199
2022-03-04 00:48:22,4.5,7.3,292,0.0,0.0,0,0.0,0.0,0,16456.00,0.00,0.00,234,12.89,3.25,0.00,-5.0,4.998,4.998,4.998,4.998,241
2022-03-04 00:49:22,4.2,9.7,350,0.0,0.0,0,0.0,0.0,0,16806.00,0.00,0.00,184,12.89,2.56,0.00,-5.0,4.998,4.998,4.998,4.998,116
2022-03-04 00:50:22,3.7,8.2,310,0.0,0.0,0,0.0,0.0,0,17116.00,0.00,0.00,243,12.89,3.38,0.00,-5.5,4.998,4.998,4.998,4.998,155
2022-03-04 00:51:22,4.0,7.4,280,0.0,0.0,0,0.0,0.0,0,17396.00,0.00,0.00,228,12.89,3.17,0.00,-5.5,4.998,4.998,4.998,4.998,97
2022-03-04 00:52:22,7.6,8.1,386,0.0,0.0,0,0.0,0.0,0,17782.00,0.00,0.00,265,12.89,3.68,0.00,-5.5,4.998,4.998,4.998,4.998,23
2022-03-04 00:53:22,4.0,9.5,314,0.0,0.0,0,0.0,0.0,0,18096.00,0.00,0.00,249,12.89,3.46,0.00,-5.5,4.998,4.998,4.998,4.998,192
2022-03-04 00:54:22,4.4,6.3,245,0.0,0.0,0,0.0,0.0,0,18341.00,0.00,0.00,225,12.89,3.12,0.00,-5.0,4.998,4.998,4.998,4.998,81
2022-03-04 00:55:22,4.8,6.1,284,0.0,0.0,0,0.0,0.0,0,18625.00,0.00,0.00,252,12.89,3.50,0.00,-5.5,4.998,4.998,4.998,4.998,98
2022-03-04 00:56:22,4.1,7.0,274,0.0,0.0,0,0.0,0.0,0,18899.00,0.00,0.00,240,12.89,3.33,0.00,-5.0,4.998,4.998,4.998,4.998,47
2022-03-04 00:57:22,3.6,6.5,256,0.0,0.0,0,0.0,0.0,0,19155.00,0.00,0.00,205,12.89,2.85,0.00,-5.5,4.998,4.998,4.998,4.998,176
2022-03-04 00:58:22,3.9,6.6,287,0.0,0.0,0,0.0,0.0,0,19442.00,0.00,0.00,220,12.89,3.05,0.00,-5.5,4.998,4.998,4.998,4.998,175
2022-03-04 00:59:22,5.0,6.7,276,0.0,0.0,0,0.0,0.0,0,19718.00,0.00,0.00,214,12.89,2.97,0.00,-5.5,4.998,4.998,4.998,4.998,243
2022-03-04 01:00:22,6.2,6.2,198,0.0,0.0,0,0.0,0.0,0,19916.00,0.00,0.00,253,12.89,3.52,0.00,-5.5,4.998,4.998,4.998,4.998,55
2022-03-04 01:01:22,3.9,10.5,336,0.0,0.0,0,0.0,0.0,0,20252.00,0.00,0.00,233,12.89,3.24,0.00,-5.5,4.998,4.998,4.998,4.998,193
2022-03-04 01:02:22,3.8,6.1,231,0.0,0.0,0,0.0,0.0,0,20483.00,0.00,0.00,238,12.89,3.31,0.00,-5.5,4.998,4.998,4.998,4.998,132
2022-03-04 01:03:22,5.3,5.9,207,0.0,0.0,0,0.0,0.0,0,20690.00,0.00,0.00,239,12.89,3.32,0.00,-5.5,4.998,4.998,4.998,4.998,83
2022-03-04 01:04:22,3.6,6.5,261,0.0,0.0,0,0.0,0.0,0,20951.00,0.00,0.00,233,12.89,3.24,0.00,-5.5,4.998,4.998,4.998,4.998,164
2022-03-04 01:05:22,5.5,8.5,284,0.0,0.0,0,0.0,0.0,0,21235.00,0.00,0.00,245,12.89,3.40,0.00,-5.5,4.998,4.998,4.998,4.998,176
2022-03-04 01:06:22,4.4,5.6,241,0.0,0.0,0,0.0,0.0,0,21476.00,0.00,0.00,233,12.89,3.23,0.00,-6.0,4.998,4.998,4.998,4.998,245
2022-03-04 01:07:22,2.3,7.5,266,0.0,0.0,0,0.0,0.0,0,21742.00,0.00,0.00,225,12.89,3.13,0.00,-5.5,4.998,4.998,4.998,4.998,14
2022-03-04 01:08:22,4.1,5.0,206,0.0,0.0,0,0.0,0.0,0,21948.00,0.00,0.00,233,12.89,3.24,0.00,-5.5,4.998,4.998,4.998,4.998,177
2022-03-04 01:09:22,1.5,6.3,158,0.0,0.0,0,0.0,0.0,0,22106.00,0.00,0.00,213,12.89,2.96,0.00,-6.0,4.998,4.998,4.998,4.998,45
2022-03-04 01:10:22,3.9,4.9,137,0.0,0.0,0,0.0,0.0,0,22243.00,0.00,0.00,213,12.89,2.96,0.00,-5.5,4.998,4.998,4.998,4.998,222
2022-03-04 01:11:22,5.0,6.6,253,0.0,0.0,0,0.0,0.0,0,22496.00,0.00,0.00,228,12.89,3.17,0.00,-6.0,4.998,4.998,4.998,4.998,139
2022-03-04 01:12:22,3.2,5.2,213,0.0,0.0,0,0.0,0.0,0,22709.00,0.00,0.00,253,12.89,3.52,0.00,-6.0,4.998,4.998,4.998,4.998,72
2022-03-04 01:13:22,3.2,4.5,147,0.0,0.0,0,0.0,0.0,0,22856.00,0.00,0.00,254,12.89,3.54,0.00,-6.0,4.998,4.998,4.998,4.998,158
2022-03-04 01:14:22,5.4,6.8,256,0.0,0.0,0,0.0,0.0,0,23112.00,0.00,0.00,240,12.89,3.34,0.00,-5.5,4.998,4.998,4.998,4.998,176
2022-03-04 01:15:22,3.2,7.3,225,0.0,0.0,0,0.0,0.0,0,23337.00,0.00,0.00,232,12.89,3.22,0.00,-5.5,4.998,4.998,4.998,4.998,231
2022-03-04 01:16:22,2.9,3.2,118,0.0,0.0,0,0.0,0.0,0,23455.00,0.00,0.00,232,12.89,3.22,0.00,-6.5,4.998,4.998,4.998,4.998,155
2022-03-04 01:17:22,3.0,4.7,147,0.0,0.0,0,0.0,0.0,0,23602.00,0.00,0.00,204,12.85,2.83,0.00,-6.0,4.998,4.998,4.998,4.998,80
2022-03-04 01:18:22,3.4,3.6,108,0.0,0.0,0,0.0,0.0,0,23710.00,0.00,0.00,211,12.89,2.94,0.00,-6.5,4.998,4.998,4.998,4.998,68
2022-03-04 01:19:22,3.9,7.9,254,0.0,0.0,0,0.0,0.0,0,23964.00,0.00,0.00,228,12.85,3.17,0.00,-6.0,4.998,4.998,4.998,4.998,136
2022-03-04 01:20:22,3.7,7.2,296,0.0,0.0,0,0.0,0.0,0,24260.00,0.00,0.00,213,12.89,2.96,0.00,-6.0,4.998,4.998,4.998,4.998,249
2022-03-04 01:21:22,2.9,5.4,214,0.0,0.0,0,0.0,0.0,0,24474.00,0.00,0.00,240,12.85,3.33,0.00,-6.5,4.998,4.998,4.998,4.998,79
2022-03-04 01:22:22,3.7,4.8,202,0.0,0.0,0,0.0,0.0,0,24676.00,0.00,0.00,240,12.89,3.33,0.00,-6.0,4.998,4.998,4.998,4.998,146
2022-03-04 01:23:22,1.7,5.4,174,0.0,0.0,0,0.0,0.0,0,24850.00,0.00,0.00,240,12.89,3.33,0.00,-6.0,4.998,4.998,4.998,4.998,13
2022-03-04 01:24:22,4.3,6.8,224,0.0,0.0,0,0.0,0.0,0,25074.00,0.00,0.00,227,12.89,3.15,0.00,-6.0,4.998,4.998,4.998,4.998,76
2022-03-04 01:25:22,4.0,5.1,202,0.0,0.0,0,0.0,0.0,0,25276.00,0.00,0.00,220,12.89,3.05,0.00,-6.5,4.998,4.998,4.998,4.998,171
2022-03-04 01:26:22,6.1,6.6,198,0.0,0.0,0,0.0,0.0,0,25474.00,0.00,0.00,255,12.89,3.54,0.00,-6.0,4.998,4.998,4.998,4.998,137
2022-03-04 01:27:22,4.3,7.5,287,0.0,0.0,0,0.0,0.0,0,25761.00,0.00,0.00,245,12.85,3.41,0.00,-6.5,4.998,4.998,4.998,4.998,138
2022-03-04 01:28:22,3.2,5.4,237,0.0,0.0,0,0.0,0.0,0,25998.00,0.00,0.00,228,12.89,3.17,0.00,-6.0,4.998,4.998,4.998,4.998,225
2022-03-04 01:29:22,2.5,3.9,178,0.0,0.0,0,0.0,0.0,0,26176.00,0.00,0.00,229,12.89,3.18,0.00,-6.0,4.998,4.998,4.998,4.998,87
2022-03-04 01:30:22,3.4,4.0,178,0.0,0.0,0,0.0,0.0,0,26354.00,0.00,0.00,228,12.85,3.16,0.00,-6.0,4.998,4.998,4.998,4.998,120
2022-03-04 01:31:22,1.9,3.9,173,0.0,0.0,0,0.0,0.0,0,26527.00,0.00,0.00,228,12.89,3.16,0.00,-6.0,4.998,4.998,4.998,4.998,222
2022-03-04 01:32:22,4.7,5.5,153,0.0,0.0,0,0.0,0.0,0,26680.00,0.00,0.00,256,12.89,3.56,0.00,-6.5,4.998,4.998,4.998,4.998,235
2022-03-04 01:33:22,2.7,6.5,263,0.0,0.0,0,0.0,0.0,0,26943.00,0.00,0.00,228,12.89,3.17,0.00,-6.0,4.998,4.998,4.998,4.998,2
2022-03-04 01:34:22,1.7,4.9,142,0.0,0.0,0,0.0,0.0,0,27085.00,0.00,0.00,219,12.85,3.05,0.00,-6.5,4.998,4.998,4.998,4.998,107
2022-03-04 01:35:22,2.6,3.8,105,0.0,0.0,0,0.0,0.0,0,27190.00,0.00,0.00,219,12.89,3.05,0.00,-6.5,4.998,4.998,4.998,4.998,87
2022-03-04 01:36:22,5.1,5.9,212,0.0,0.0,0,0.0,0.0,0,27402.00,0.00,0.00,243,12.85,3.37,0.00,-6.5,4.998,4.998,4.998,4.998,108
2022-03-04 01:37:22,3.7,6.3,285,0.0,0.0,0,0.0,0.0,0,27687.00,0.00,0.00,233,12.85,3.23,0.00,-6.5,4.998,4.998,4.998,4.998,37
2022-03-04 01:38:22,4.1,4.8,163,0.0,0.0,0,0.0,0.0,0,27850.00,0.00,0.00,228,12.89,3.16,0.00,-6.5,4.998,4.998,4.998,4.998,141
2022-03-04 01:39:22,2.7,4.6,165,0.0,0.0,0,0.0,0.0,0,28015.00,0.00,0.00,226,12.89,3.14,0.00,-6.5,4.998,4.998,4.998,4.998,232
2022-03-04 01:40:22,3.2,5.4,195,0.0,0.0,0,0.0,0.0,0,28210.00,0.00,0.00,236,12.89,3.28,0.00,-6.0,4.998,4.998,4.998,4.998,71
2022-03-04 01:41:22,1.2,3.7,117,0.0,0.0,0,0.0,0.0,0,28327.00,0.00,0.00,235,12.85,3.27,0.00,-6.5,4.998,4.998,4.998,4.998,10
2022-03-04 01:42:22,1.8,2.4,68,0.0,0.0,0,0.0,0.0,0,28395.00,0.00,0.00,235,12.85,3.27,0.00,-6.5,4.998,4.998,4.998,4.998,236
2022-03-04 01:43:22,3.9,3.9,102,0.0,0.0,0,0.0,0.0,0,28497.00,0.00,0.00,235,12.89,3.27,0.00,-6.5,4.998,4.998,4.998,4.998,236
2022-03-04 01:44:22,2.1,4.5,193,0.0,0.0,0,0.0,0.0,0,28690.00,0.00,0.00,227,12.85,3.16,0.00,-6.5,4.998,4.998,4.998,4.998,42
2022-03-04 01:45:22,3.5,5.4,216,0.0,0.0,0,0.0,0.0,0,28906.00,0.00,0.00,229,12.89,3.19,0.00,-6.0,4.998,4.998,4.998,4.998,40
2022-03-04 01:46:22,3.1,3.8,143,0.0,0.0,0,0.0,0.0,0,29049.00,0.00,0.00,225,12.85,3.13,0.00,-7.0,4.998,4.998,4.998,4.998,226
2022-03-04 01:47:22,2.3,4.3,181,0.0,0.0,0,0.0,0.0,0,29230.00,0.00,0.00,225,12.89,3.12,0.00,-6.5,4.998,4.998,4.998,4.998,17
2022-03-04 01:48:22,2.7,4.8,169,0.0,0.0,0,0.0,0.0,0,29399.00,0.00,0.00,195,12.85,2.70,0.00,-6.5,4.998,4.998,4.998,4.998,20
2022-03-04 01:49:22,1.9,2.8,92,0.0,0.0,0,0.0,0.0,0,29491.00,0.00,0.00,194,12.85,2.70,0.00,-7.0,4.998,4.998,4.998,4.998,113
2022-03-04 01:50:22,3.2,3.7,142,0.0,0.0,0,0.0,0.0,0,29633.00,0.00,0.00,237,12.89,3.30,0.00,-7.0,4.998,4.998,4.998,4.998,120
2022-03-04 01:51:22,2.9,6.6,256,0.0,0.0,0,0.0,0.0,0,29889.00,0.00,0.00,219,12.85,3.04,0.00,-7.0,4.998,4.998,4.998,4.998,242
2022-03-04 01:52:22,4.5,5.4,155,0.0,0.0,0,0.0,0.0,0,30044.00,0.00,0.00,211,12.89,2.93,0.00,-7.0,4.998,4.998,4.998,4.998,202
2022-03-04 01:53:22,2.8,6.6,247,0.0,0.0,0,0.0,0.0,0,30291.00,0.00,0.00,243,12.85,3.37,0.00,-7.0,4.998,4.998,4.998,4.998,237
2022-03-04 01:54:22,1.2,3.1,73,0.0,0.0,0,0.0,0.0,0,30364.00,0.00,0.00,242,12.85,3.37,0.00,-7.0,4.998,4.998,4.998,4.998,39
2022-03-04 01:55:22,5.0,6.3,194,0.0,0.0,0,0.0,0.0,0,30558.00,0.00,0.00,243,12.85,3.38,0.00,-7.0,4.998,4.998,4.998,4.998,20
2022-03-04 01:56:22,3.1,5.1,192,0.0,0.0,0,0.0,0.0,0,30750.00,0.00,0.00,229,12.85,3.18,0.00,-7.0,4.998,4.998,4.998,4.998,28
2022-03-04 01:57:22,2.7,5.3,195,0.0,0.0,0,0.0,0.0,0,30945.00,0.00,0.00,245,12.85,3.40,0.00,-7.0,4.998,4.998,4.998,4.998,75
2022-03-04 01:58:22,2.7,4.1,137,0.0,0.0,0,0.0,0.0,0,31082.00,0.00,0.00,206,12.85,2.87,0.00,-6.5,4.998,4.998,4.998,4.998,205
2022-03-04 01:59:22,4.8,6.3,246,0.0,0.0,0,0.0,0.0,0,31328.00,0.00,0.00,203,12.85,2.82,0.00,-6.5,4.998,4.998,4.998,4.998,165
2022-03-04 02:00:22,3.7,5.1,185,0.0,0.0,0,0.0,0.0,0,31513.00,0.00,0.00,245,12.85,3.41,0.00,-7.0,4.998,4.998,4.998,4.998,150
2022-03-04 02:01:22,2.4,5.1,196,0.0,0.0,0,0.0,0.0,0,31709.00,0.00,0.00,242,12.85,3.36,0.00,-6.5,4.998,4.998,4.998,4.998,110
2022-03-04 02:02:22,3.0,3.9,150,0.0,0.0,0,0.0,0.0,0,31859.00,0.00,0.00,224,12.85,3.12,0.00,-7.0,4.998,4.998,4.998,4.998,152
2022-03-04 02:03:22,5.3,7.9,307,0.0,0.0,0,0.0,0.0,0,32166.00,0.00,0.00,248,12.85,3.45,0.00,-6.5,4.998,4.998,4.998,4.998,115
2022-03-04 02:04:22,2.2,6.2,262,0.0,0.0,0,0.0,0.0,0,32428.00,0.00,0.00,229,12.85,3.18,0.00,-7.0,4.998,4.998,4.998,4.998,51
2022-03-04 02:05:22,3.6,5.3,225,0.0,0.0,0,0.0,0.0,0,32653.00,0.00,0.00,225,12.85,3.13,0.00,-7.0,4.998,4.998,4.998,4.998,249
2022-03-04 02:06:22,3.3,5.4,241,0.0,0.0,0,0.0,0.0,0,32894.00,0.00,0.00,209,12.85,2.90,0.00,-7.0,4.998,4.998,4.998,4.998,145
2022-03-04 02:07:22,3.8,5.3,234,0.0,0.0,0,0.0,0.0,0,33128.00,0.00,0.00,201,12.85,2.79,0.00,-7.0,4.998,4.998,4.998,4.998,218
2022-03-04 02:08:22,3.1,5.0,205,0.0,0.0,0,0.0,0.0,0,33333.00,0.00,0.00,219,12.85,3.04,0.00,-6.5,4.998,4.998,4.998,4.998,62
2022-03-04 02:09:22,5.4,5.6,198,0.0,0.0,0,0.0,0.0,0,33531.00,0.00,0.00,240,12.85,3.33,0.00,-6.5,4.998,4.998,4.998,4.998,100
2022-03-04 02:10:22,3.6,6.1,255,0.0,0.0,0,0.0,0.0,0,33786.00,0.00,0.00,240,12.85,3.34,0.00,-6.5,4.998,4.998,4.998,4.998,251
2022-03-04 02:11:22,3.9,4.3,172,0.0,0.0,0,0.0,0.0,0,33958.00,0.00,0.00,231,12.85,3.21,0.00,-7.0,4.998,4.998,4.998,4.998,100
2022-03-04 02:12:22,3.1,4.9,203,0.0,0.0,0,0.0,0.0,0,34161.00,0.00,0.00,240,12.85,3.34,0.00,-7.0,4.998,4.998,4.998,4.998,13
2022-03-04 02:13:22,3.3,5.4,226,0.0,0.0,0,0.0,0.0,0,34387.00,0.00,0.00,239,12.85,3.33,0.00,-6.5,4.998,4.998,4.998,4.998,174
2022-03-04 02:14:22,2.0,4.1,112,0.0,0.0,0,0.0,0.0,0,34499.00,0.00,0.00,239,12.85,3.32,0.00,-7.0,4.998,4.998,4.998,4.998,17
2022-03-04 02:15:22,2.7,2.7,98,0.0,0.0,0,0.0,0.0,0,34597.00,0.00,0.00,239,12.85,3.32,0.00,-7.5,4.998,4.998,4.998,4.998,192
2022-03-04 02:16:22,2.3,3.3,100,0.0,0.0,0,0.0,0.0,0,34697.00,0.00,0.00,232,12.85,3.22,0.00,-7.5,4.998,4.998,4.998,4.998,158
2022-03-04 02:17:22,2.0,4.3,153,0.0,0.0,0,0.0,0.0,0,34850.00,0.00,0.00,232,12.85,3.22,0.00,-7.5,4.998,4.998,4.998,4.998,224
2022-03-04 02:18:22,4.7,6.4,186,0.0,0.0,0,0.0,0.0,0,35036.00,0.00,0.00,230,12.85,3.19,0.00,-7.5,4.998,4.998,4.998,4.998,196
2022-03-04 02:19:22,2.4,5.4,146,0.0,0.0,0,0.0,0.0,0,35182.00,0.00,0.00,229,12.85,3.19,0.00,-7.0,4.998,4.998,4.998,4.998,53
2022-03-04 02:20:22,2.3,3.6,124,0.0,0.0,0,0.0,0.0,0,35306.00,0.00,0.00,230,12.85,3.19,0.00,-7.0,4.998,4.998,4.998,4.998,21
2022-03-04 02:21:22,3.6,5.5,193,0.0,0.0,0,0.0,0.0,0,35499.00,0.00,0.00,221,12.85,3.07,0.00,-7.0,4.998,4.998,4.998,4.998,228
2022-03-04 02:22:22,2.3,3.7,141,0.0,0.0,0,0.0,0.0,0,35640.00,0.00,0.00,221,12.85,3.07,0.00,-7.0,4.998,4.998,4.998,4.998,54
2022-03-04 02:23:22,2.6,3.3,132,0.0,0.0,0,0.0,0.0,0,35772.00,0.00,0.00,221,12.85,3.07,0.00,-7.5,4.998,4.998,4.998,4.998,200
2022-03-04 02:24:22,2.3,2.6,89,0.0,0.0,0,0.0,0.0,0,35861.00,0.00,0.00,221,12.85,3.07,0.00,-8.0,4.998,4.998,4.998,4.998,217
2022-03-04 02:25:22,2.1,4.3,148,0.0,0.0,0,0.0,0.0,0,36009.00,0.00,0.00,214,12.85,2.97,0.00,-8.0,4.998,4.998,4.998,4.998,141
2022-03-04 02:26:22,1.1,3.9,113,0.0,0.0,0,0.0,0.0,0,36122.00,0.00,0.00,214,12.85,2.98,0.00,-8.0,4.998,4.998,4.998,4.998,67
2022-03-04 02:27:22,1.3,3.3,93,0.0,0.0,0,0.0,0.0,0,36215.00,0.00,0.00,214,12.85,2.98,0.00,-7.5,4.998,4.998,4.998,4.998,113
2022-03-04 02:28:22,0.0,1.9,40,0.0,0.0,0,0.0,0.0,0,36255.00,0.00,0.00,214,12.85,2.98,0.00,-8.0,4.998,4.998,4.998,4.998,86
2022-03-04 02:29:22,1.6,2.3,48,0.0,0.0,0,0.0,0.0,0,36303.00,0.00,0.00,214,12.85,2.97,0.00,-8.0,4.998,4.998,4.998,4.998,6
2022-03-04 02:30:22,2.7,3.7,109,0.0,0.0,0,0.0,0.0,0,36412.00,0.00,0.00,213,12.85,2.96,0.00,-8.0,4.998,4.998,4.998,4.998,192
2022-03-04 02:31:22,1.9,2.8,109,0.0,0.0,0,0.0,0.0,0,36521.00,0.00,0.00,213,12.85,2.95,0.00,-8.0,4.998,4.998,4.998,4.998,99
2022-03-04 02:32:22,2.8,4.2,118,0.0,0.0,0,0.0,0.0,0,36639.00,0.00,0.00,216,12.85,3.01,0.00,-8.0,4.998,4.998,4.998,4.998,91
2022-03-04 02:33:22,0.0,3.0,68,0.0,0.0,0,0.0,0.0,0,36707.00,0.00,0.00,216,12.85,3.01,0.00,-8.0,4.998,4.998,4.998,4.998,135
2022-03-04 02:34:22,1.2,1.6,23,0.0,0.0,0,0.0,0.0,0,36730.00,0.00,0.00,216,12.85,3.01,0.00,-7.5,4.998,4.998,4.998,4.998,194
2022-03-04 02:35:22,3.2,4.0,64,0.0,0.0,0,0.0,0.0,0,36794.00,0.00,0.00,223,12.81,3.10,0.00,-8.0,4.998,4.998,4.998,4.998,171
2022-03-04 02:36:22,3.4,3.4,93,0.0,0.0,0,0.0,0.0,0,36887.00,0.00,0.00,222,12.85,3.09,0.00,-7.5,4.998,4.998,4.998,4.998,255
2022-03-04 02:37:22,0.0,3.4,35,0.0,0.0,0,0.0,0.0,0,36922.00,0.00,0.00,222,12.81,3.09,0.00,-8.0,4.998,4.998,4.998,4.998,249
2022-03-04 02:38:22,0.0,0.0,1,0.0,0.0,0,0.0,0.0,0,36923.00,0.00,0.00,222,12.81,3.09,0.00,-8.0,4.998,4.998,4.998,4.998,26
2022-03-04 02:39:22,1.1,2.2,49,0.0,0.0,0,0.0,0.0,0,36972.00,0.00,0.00,222,12.85,3.09,0.00,-7.5,4.998,4.998,4.998,4.998,130
2022-03-04 02:40:22,0.0,1.4,9,0.0,0.0,0,0.0,0.0,0,36981.00,0.00,0.00,223,12.85,3.10,0.00,-8.0,4.998,4.998,4.998,4.998,114
2022-03-04 02:41:22,0.0,0.0,0,0.0,0.0,0,0.0,0.0,0,36981.00,0.00,0.00,222,12.85,3.09,0.00,-8.0,4.998,4.998,4.998,4.998,70
2022-03-04 02:42:22,0.0,0.0,0,0.0,0.0,0,0.0,0.0,0,36981.00,0.00,0.00,223,12.85,3.10,0.00,-8.0,4.998,4.998,4.998,4.998,118
2022-03-04 02:43:22,0.0,0.0,1,0.0,0.0,0,0.0,0.0,0,36982.00,0.00,0.00,223,12.85,3.10,0.00,-8.5,4.998,4.998,4.998,4.998,37
2022-03-04 02:44:22,0.0,0.0,0,0.0,0.0,0,0.0,0.0,0,36982.00,0.00,0.00,222,12.81,3.09,0.00,-8.5,4.998,4.998,4.998,4.998,238
2022-03-04 02:45:22,0.0,0.0,0,0.0,0.0,0,0.0,0.0,0,36982.00,0.00,0.00,223,12.85,3.10,0.00,-8.5,4.998,4.998,4.998,4.998,20
2022-03-04 02:46:22,0.0,0.0,0,0.0,0.0,0,0.0,0.0,0,36982.00,0.00,0.00,223,12.81,3.10,0.00,-8.5,4.998,4.998,4.998,4.998,167
2022-03-04 02:47:22,1.2,1.4,5,0.0,0.0,0,0.0,0.0,0,36987.00,0.00,0.00,223,12.85,3.10,0.00,-8.5,4.998,4.998,4.998,4.998,161
2022-03-04 02:48:22,1.8,2.3,79,0.0,0.0,0,0.0,0.0,0,37066.00,0.00,0.00,222,12.85,3.09,0.00,-8.5,4.998,4.998,4.998,4.998,78
2022-03-04 02:49:22,2.3,2.6,48,0.0,0.0,0,0.0,0.0,0,37114.00,0.00,0.00,222,12.81,3.09,0.00,-8.5,4.998,4.998,4.998,4.998,97
2022-03-04 02:50:22,1.8,3.3,45,0.0,0.0,0,0.0,0.0,0,37159.00,0.00,0.00,222,12.81,3.09,0.00,-8.9,4.998,4.998,4.998,4.998,124
2022-03-04 02:51:22,0.0,2.3,27,0.0,0.0,0,0.0,0.0,0,37186.00,0.00,0.00,222,12.85,3.09,0.00,-8.5,4.998,4.998,4.998,4.998,92
2022-03-04 02:52:22,0.0,0.0,0,0.0,0.0,0,0.0,0.0,0,37186.00,0.00,0.00,222,12.81,3.09,0.00,-8.9,4.998,4.998,4.998,4.998,216
2022-03-04 02:53:22,0.0,0.0,0,0.0,0.0,0,0.0,0.0,0,37186.00,0.00,0.00,222,12.81,3.09,0.00,-8.5,4.998,4.998,4.998,4.998,74
2022-03-04 02:54:22,1.8,1.8,4,0.0,0.0,0,0.0,0.0,0,37190.00,0.00,0.00,222,12.81,3.09,0.00,-8.5,4.998,4.998,4.998,4.998,144
2022-03-04 02:55:22,2.0,2.2,37,0.0,0.0,0,0.0,0.0,0,37227.00,0.00,0.00,222,12.81,3.09,0.00,-8.5,4.998,4.998,4.998,4.998,216
2022-03-04 02:56:22,0.0,1.9,4,0.0,0.0,0,0.0,0.0,0,37231.00,0.00,0.00,222,12.81,3.09,0.00,-8.9,4.998,4.998,4.998,4.998,35
2022-03-04 02:57:22,0.0,0.0,0,0.0,0.0,0,0.0,0.0,0,37231.00,0.00,0.00,222,12.81,3.09,0.00,-9.4,4.998,4.998,4.998,4.998,83
2022-03-04 02:58:22,0.0,0.0,0,0.0,0.0,0,0.0,0.0,0,37231.00,0.00,0.00,222,12.81,3.09,0.00,-8.9,4.998,4.998,4.998,4.998,57
2022-03-04 02:59:22,0.0,1.0,2,0.0,0.0,0,0.0,0.0,0,37233.00,0.00,0.00,222,12.85,3.09,0.00,-9.4,4.998,4.998,4.998,4.998,44
2022-03-04 03:00:22,0.0,0.0,1,0.0,0.0,0,0.0,0.0,0,37234.00,0.00,0.00,222,12.81,3.09,0.00,-8.9,4.998,4.998,4.998,4.998,112
2022-03-04 03:01:22,1.2,1.3,6,0.0,0.0,0,0.0,0.0,0,37240.00,0.00,0.00,222,12.85,3.09,0.00,-8.9,4.998,4.998,4.998,4.998,100
2022-03-04 03:02:22,0.0,2.0,39,0.0,0.0,0,0.0,0.0,0,37279.00,0.00,0.00,222,12.85,3.09,0.00,-8.5,4.998,4.998,4.998,4.998,133
2022-03-04 03:03:22,0.0,0.0,0,0.0,0.0,0,0.0,0.0,0,37279.00,0.00,0.00,222,12.85,3.09,0.00,-9.4,4.998,4.998,4.998,4.998,49
2022-03-04 03:04:22,0.0,0.0,0,0.0,0.0,0,0.0,0.0,0,37279.00,0.00,0.00,222,12.81,3.09,0.00,-9.9,4.998,4.998,4.998,4.998,142
2022-03-04 03:05:22,0.0,0.0,0,0.0,0.0,0,0.0,0.0,0,37279.00,0.00,0.00,222,12.81,3.09,0.00,-9.9,4.998,4.998,4.998,4.998,247
2022-03-04 03:06:22,1.7,2.4,59,0.0,0.0,0,0.0,0.0,0,37338.00,0.00,0.00,222,12.81,3.09,0.00,-9.4,4.998,4.998,4.998,4.998,146
2022-03-04 03:07:22,1.2,2.1,39,0.0,0.0,0,0.0,0.0,0,37377.00,0.00,0.00,222,12.81,3.09,0.00,-9.9,4.998,4.998,4.998,4.998,130
2022-03-04 03:08:22,0.0,0.0,1,0.0,0.0,0,0.0,0.0,0,37378.00,0.00,0.00,222,12.81,3.08,0.00,-9.9,4.998,4.998,4.998,4.998,48
2022-03-04 03:09:22,0.0,0.0,0,0.0,0.0,0,0.0,0.0,0,37378.00,0.00,0.00,222,12.81,3.08,0.00,-10.4,4.998,4.998,4.998,4.998,5
2022-03-04 03:10:22,0.9,2.6,56,0.0,0.0,0,0.0,0.0,0,37434.00,0.00,0.00,222,12.81,3.08,0.00,-9.9,4.998,4.998,4.998,4.998,54
2022-03-04 03:11:22,0.0,1.7,23,0.0,0.0,0,0.0,0.0,0,37457.00,0.00,0.00,222,12.81,3.08,0.00,-9.9,4.998,4.998,4.998,4.998,61
2022-03-04 03:12:22,1.2,2.2,63,0.0,0.0,0,0.0,0.0,0,37520.00,0.00,0.00,222,12.81,3.09,0.00,-9.9,4.998,4.998,4.998,4.998,235
2022-03-04 03:13:22,2.7,2.8,94,0.0,0.0,0,0.0,0.0,0,37614.00,0.00,0.00,222,12.81,3.08,0.00,-9.9,4.998,4.998,4.998,4.998,130
2022-03-04 03:14:22,2.4,2.9,110,0.0,0.0,0,0.0,0.0,0,37724.00,0.00,0.00,221,12.81,3.08,0.00,-9.9,4.998,4.998,4.998,4.998,252
2022-03-04 03:15:22,1.2,2.4,71,0.0,0.0,0,0.0,0.0,0,37795.00,0.00,0.00,222,12.81,3.08,0.00,-9.4,4.998,4.998,4.998,4.998,181
2022-03-04 03:16:22,0.0,1.7,36,0.0,0.0,0,0.0,0.0,0,37831.00,0.00,0.00,221,12.81,3.08,0.00,-9.9,4.998,4.998,4.998,4.998,98
2022-03-04 03:17:22,0.0,0.0,0,0.0,0.0,0,0.0,0.0,0,37831.00,0.00,0.00,221,12.81,3.08,0.00,-9.9,4.998,4.998,4.998,4.998,80
2022-03-04 03:18:22,1.0,2.0,31,0.0,0.0,0,0.0,0.0,0,37862.00,0.00,0.00,222,12.81,3.08,0.00,-10.9,4.998,4.998,4.998,4.998,207
2022-03-04 03:19:22,0.0,0.0,1,0.0,0.0,0,0.0,0.0,0,37863.00,0.00,0.00,221,12.81,3.08,0.00,-10.4,4.998,4.998,4.998,4.998,206
2022-03-04 03:20:22,0.0,0.0,0,0.0,0.0,0,0.0,0.0,0,37863.00,0.00,0.00,221,12.81,3.08,0.00,-10.4,4.998,4.998,4.998,4.998,139
2022-03-04 03:21:22,0.0,0.0,0,0.0,0.0,0,0.0,0.0,0,37863.00,0.00,0.00,221,12.81,3.08,0.00,-10.4,4.998,4.998,4.998,4.998,152
2022-03-04 03:22:22,2.1,2.9,92,0.0,0.0,0,0.0,0.0,0,37955.00,0.00,0.00,221,12.81,3.08,0.00,-9.9,4.998,4.998,4.998,4.998,77
2022-03-04 03:23:22,1.4,2.4,74,0.0,0.0,0,0.0,0.0,0,38029.00,0.00,0.00,222,12.81,3.08,0.00,-9.9,4.998,4.998,4.998,4.998,29
2022-03-04 03:24:22,0.0,1.5,25,0.0,0.0,0,0.0,0.0,0,38054.00,0.00,0.00,222,12.81,3.08,0.00,-10.4,4.998,4.998,4.998,4.998,247
2022-03-04 03:25:22,0.0,0.0,0,0.0,0.0,0,0.0,0.0,0,38054.00,0.00,0.00,221,12.81,3.08,0.00,-10.4,4.998,4.998,4.998,4.998,252
2022-03-04 03:26:22,0.0,0.0,0,0.0,0.0,0,0.0,0.0,0,38054.00,0.00,0.00,221,12.81,3.08,0.00,-10.4,4.998,4.998,4.998,4.998,101
2022-03-04 03:27:22,0.0,0.0,0,0.0,0.0,0,0.0,0.0,0,38054.00,0.00,0.00,221,12.81,3.08,0.00,-9.9,4.998,4.998,4.998,4.998,69
2022-03-04 03:28:22,0.0,0.0,1,0.0,0.0,0,0.0,0.0,0,38055.00,0.00,0.00,221,12.81,3.08,0.00,-9.9,4.998,4.998,4.998,4.998,107
2022-03-04 03:29:22,1.5,2.9,82,0.0,0.0,0,0.0,0.0,0,38137.00,0.00,0.00,222,12.81,3.08,0.00,-8.9,4.998,4.998,4.998,4.998,132
2022-03-04 03:30:22,0.0,1.4,4,0.0,0.0,0,0.0,0.0,0,38141.00,0.00,0.00,221,12.81,3.08,0.00,-9.4,4.998,4.998,4.998,4.998,103
2022-03-04 03:31:22,0.0,1.8,22,0.0,0.0,0,0.0,0.0,0,38163.00,0.00,0.00,222,12.81,3.08,0.00,-9.4,4.998,4.998,4.998,4.998,97
2022-03-04 03:32:22,0.0,0.0,0,0.0,0.0,0,0.0,0.0,0,38163.00,0.00,0.00,222,12.81,3.08,0.00,-9.9,4.998,4.998,4.998,4.998,159
2022-03-04 03:33:22,1.9,2.3,22,0.0,0.0,0,0.0,0.0,0,38185.00,0.00,0.00,221,12.81,3.08,0.00,-9.9,4.998,4.998,4.998,4.998,78
2022-03-04 03:34:22,0.0,1.8,14,0.0,0.0,0,0.0,0.0,0,38199.00,0.00,0.00,221,12.81,3.08,0.00,-10.4,4.998,4.998,4.998,4.998,160
2022-03-04 03:35:22,1.7,2.4,64,0.0,0.0,0,0.0,0.0,0,38263.00,0.00,0.00,222,12.81,3.08,0.00,-10.4,4.998,4.998,4.998,4.998,40
2022-03-04 03:36:22,2.1,2.3,57,0.0,0.0,0,0.0,0.0,0,38320.00,0.00,0.00,221,12.81,3.08,0.00,-10.4,4.998,4.998,4.998,4.998,223
2022-03-04 03:37:22,3.0,4.2,178,0.0,0.0,0,0.0,0.0,0,38498.00,0.00,0.00,180,12.81,2.50,0.00,-10.9,4.998,4.998,4.998,4.998,222
2022-03-04 03:38:22,1.4,6.0,165,0.0,0.0,0,0.0,0.0,0,38663.00,0.00,0.00,187,12.81,2.60,0.00,-9.9,4.998,4.998,4.998,4.998,159
2022-03-04 03:39:22,0.0,1.9,20,0.0,0.0,0,0.0,0.0,0,38683.00,0.00,0.00,187,12.81,2.60,0.00,-10.4,4.998,4.998,4.998,4.998,251
2022-03-04 03:40:22,0.0,0.0,0,0.0,0.0,0,0.0,0.0,0,38683.00,0.00,0.00,187,12.81,2.60,0.00,-10.9,4.998,4.998,4.998,4.998,244
2022-03-04 03:41:22,0.0,0.0,0,0.0,0.0,0,0.0,0.0,0,38683.00,0.00,0.00,187,12.77,2.60,0.00,-10.9,4.998,4.998,4.998,4.998,108
2022-03-04 03:42:22,0.0,0.0,0,0.0,0.0,0,0.0,0.0,0,38683.00,0.00,0.00,187,12.81,2.60,0.00,-10.4,4.998,4.998,4.998,4.998,174
2022-03-04 03:43:22,2.6,2.9,83,0.0,0.0,0,0.0,0.0,0,38766.00,0.00,0.00,187,12.77,2.59,0.00,-10.9,4.998,4.998,4.998,4.998,105
2022-03-04 03:44:22,0.0,3.0,101,0.0,0.0,0,0.0,0.0,0,38867.00,0.00,0.00,187,12.81,2.59,0.00,-11.4,4.998,4.998,4.998,4.998,91
2022-03-04 03:45:22,3.8,4.4,104,0.0,0.0,0,0.0,0.0,0,38971.00,0.00,0.00,349,12.77,4.84,0.00,-11.9,4.998,4.998,4.998,4.998,9
2022-03-04 03:46:22,3.3,4.4,210,0.0,0.0,0,0.0,0.0,0,39181.00,0.00,0.00,356,12.81,4.94,0.00,-10.9,4.998,4.998,4.998,4.998,95
2022-03-04 03:47:22,2.1,3.8,148,0.0,0.0,0,0.0,0.0,0,39329.00,0.00,0.00,359,12.81,4.99,0.00,-9.9,4.998,4.998,4.998,4.998,62
2022-03-04 03:48:22,0.0,2.1,36,0.0,0.0,0,0.0,0.0,0,39365.00,0.00,0.00,359,12.77,4.99,0.00,-9.4,4.998,4.998,4.998,4.998,32
2022-03-04 03:49:22,1.8,2.0,30,0.0,0.0,0,0.0,0.0,0,39395.00,0.00,0.00,359,12.77,4.99,0.00,-9.9,4.998,4.998,4.998,4.998,48
2022-03-04 03:50:22,0.0,1.9,46,0.0,0.0,0,0.0,0.0,0,39441.00,0.00,0.00,359,12.81,4.99,0.00,-10.4,4.998,4.998,4.998,4.998,98
2022-03-04 03:51:22,1.9,1.9,10,0.0,0.0,0,0.0,0.0,0,39451.00,0.00,0.00,359,12.77,4.99,0.00,-10.9,4.998,4.998,4.998,4.998,73
2022-03-04 03:52:22,2.0,2.2,76,0.0,0.0,0,0.0,0.0,0,39527.00,0.00,0.00,359,12.81,4.99,0.00,-10.9,4.998,4.998,4.998,4.998,156
2022-03-04 03:53:22,2.7,3.1,114,0.0,0.0,0,0.0,0.0,0,39641.00,0.00,0.00,359,12.77,4.99,0.00,-10.4,4.998,4.998,4.998,4.998,102
2022-03-04 03:54:22,0.0,2.8,78,0.0,0.0,0,0.0,0.0,0,39719.00,0.00,0.00,359,12.81,4.99,0.00,-11.4,4.998,4.998,4.998,4.998,209
2022-03-04 03:55:22,1.7,6.2,203,0.0,0.0,0,0.0,0.0,0,39922.00,0.00,0.00,327,12.77,4.55,0.00,-11.9,4.998,4.998,4.998,4.998,238
2022-03-04 03:56:22,0.0,1.6,5,0.0,0.0,0,0.0,0.0,0,39927.00,0.00,0.00,327,12.81,4.54,0.00,-11.4,4.998,4.998,4.998,4.998,8
2022-03-04 03:57:22,0.0,0.0,0,0.0,0.0,0,0.0,0.0,0,39927.00,0.00,0.00,327,12.77,4.55,0.00,-11.4,4.998,4.998,4.998,4.998,65
2022-03-04 03:58:22,0.0,0.0,0,0.0,0.0,0,0.0,0.0,0,39927.00,0.00,0.00,327,12.81,4.55,0.00,-10.9,4.998,4.998,4.998,4.998,169
2022-03-04 03:59:22,0.0,0.0,0,0.0,0.0,0,0.0,0.0,0,39927.00,0.00,0.00,327,12.81,4.55,0.00,-11.4,4.998,4.998,4.998,4.998,164
2022-03-04 04:00:22,0.0,0.0,0,0.0,0.0,0,0.0,0.0,0,39927.00,0.00,0.00,327,12.81,4.55,0.00,-11.4,4.998,4.998,4.998,4.998,119
2022-03-04 04:01:22,2.2,2.5,71,0.0,0.0,0,0.0,0.0,0,39998.00,0.00,0.00,318,12.77,4.41,0.00,-10.9,4.998,4.998,4.998,4.998,140
2022-03-04 04:02:22,3.5,4.0,147,0.0,0.0,0,0.0,0.0,0,40145.00,0.00,0.00,207,12.77,2.88,0.00,-10.9,4.998,4.998,4.998,4.998,54
2022-03-04 04:03:22,6.0,7.5,270,0.0,0.0,0,0.0,0.0,0,40415.00,0.00,0.00,324,12.81,4.50,0.00,-12.4,4.998,4.998,4.998,4.998,123
2022-03-04 04:04:22,3.7,6.0,249,0.0,0.0,0,0.0,0.0,0,40664.00,0.00,0.00,323,12.77,4.49,0.00,-11.9,4.998,4.998,4.998,4.998,4
2022-03-04 04:05:22,0.0,3.8,90,0.0,0.0,0,0.0,0.0,0,40754.00,0.00,0.00,323,12.77,4.49,0.00,-11.4,4.998,4.998,4.998,4.998,198
2022-03-04 04:06:22,0.0,1.6,9,0.0,0.0,0,0.0,0.0,0,40763.00,0.00,0.00,324,12.77,4.50,0.00,-10.9,4.998,4.998,4.998,4.998,16
2022-03-04 04:07:22,1.4,2.1,65,0.0,0.0,0,0.0,0.0,0,40828.00,0.00,0.00,323,12.77,4.49,0.00,-10.9,4.998,4.998,4.998,4.998,73
2022-03-04 04:08:22,1.2,2.2,64,0.0,0.0,0,0.0,0.0,0,40892.00,0.00,0.00,323,12.77,4.49,0.00,-11.4,4.998,4.998,4.998,4.998,205
2022-03-04 04:09:22,0.0,1.8,35,0.0,0.0,0,0.0,0.0,0,40927.00,0.00,0.00,323,12.77,4.49,0.00,-10.9,4.998,4.998,4.998,4.998,2
2022-03-04 04:10:22,0.0,0.0,0,0.0,0.0,0,0.0,0.0,0,40927.00,0.00,0.00,323,12.77,4.49,0.00,-11.4,4.998,4.998,4.998,4.998,116
2022-03-04 04:11:22,0.0,0.0,0,0.0,0.0,0,0.0,0.0,0,40927.00,0.00,0.00,323,12.77,4.48,0.00,-11.4,4.998,4.998,4.998,4.998,144
2022-03-04 04:12:22,0.0,0.0,0,0.0,0.0,0,0.0,0.0,0,40927.00,0.00,0.00,323,12.77,4.48,0.00,-10.9,4.998,4.998,4.998,4.998,23
2022-03-04 04:13:22,0.0,0.0,0,0.0,0.0,0,0.0,0.0,0,40927.00,0.00,0.00,323,12.77,4.48,0.00,-10.9,4.998,4.998,4.998,4.998,4
2022-03-04 04:14:22,0.0,0.0,0,0.0,0.0,0,0.0,0.0,0,40927.00,0.00,0.00,323,12.77,4.49,0.00,-11.4,4.998,4.998,4.998,4.998,49
2022-03-04 04:15:22,0.0,0.0,0,0.0,0.0,0,0.0,0.0,0,40927.00,0.00,0.00,323,12.77,4.49,0.00,-12.4,4.998,4.998,4.998,4.998,139
2022-03-04 04:16:22,0.0,0.0,0,0.0,0.0,0,0.0,0.0,0,40927.00,0.00,0.00,323,12.81,4.48,0.00,-11.9,4.998,4.998,4.998,4.998,23
2022-03-04 04:17:22,0.0,0.0,0,0.0,0.0,0,0.0,0.0,0,40927.00,0.00,0.00,323,12.77,4.48,0.00,-11.9,4.998,4.998,4.998,4.998,143
2022-03-04 04:18:22,0.0,2.6,63,0.0,0.0,0,0.0,0.0,0,40990.00,0.00,0.00,323,12.77,4.49,0.00,-12.4,4.998,4.998,4.998,4.998,204
2022-03-04 04:19:22,2.0,4.1,173,0.0,0.0,0,0.0,0.0,0,41163.00,0.00,0.00,210,12.77,2.92,0.00,-12.8,4.998,4.998,4.998,4.998,228
2022-03-04 04:20:22,4.0,5.1,210,0.0,0.0,0,0.0,0.0,0,41373.00,0.00,0.00,210,12.77,2.91,0.00,-11.4,4.998,4.998,4.998,4.998,124
2022-03-04 04:21:22,2.0,3.9,53,0.0,0.0,0,0.0,0.0,0,41426.00,0.00,0.00,210,12.77,2.92,0.00,-11.4,4.998,4.998,4.998,4.998,29
2022-03-04 04:22:22,3.5,5.4,137,0.0,0.0,0,0.0,0.0,0,41563.00,0.00,0.00,209,12.77,2.90,0.00,-10.4,4.998,4.998,4.998,4.998,131
2022-03-04 04:23:22,0.0,3.4,44,0.0,0.0,0,0.0,0.0,0,41607.00,0.00,0.00,209,12.77,2.90,0.00,-10.9,4.998,4.998,4.998,4.998,252
2022-03-04 04:24:22,0.0,0.0,0,0.0,0.0,0,0.0,0.0,0,41607.00,0.00,0.00,209,12.77,2.90,0.00,-11.4,4.998,4.998,4.998,4.998,6
2022-03-04 04:25:22,0.0,0.0,0,0.0,0.0,0,0.0,0.0,0,41607.00,0.00,0.00,209,12.77,2.90,0.00,-11.9,4.998,4.998,4.998,4.998,197
2022-03-04 04:26:22,0.0,0.0,0,0.0,0.0,0,0.0,0.0,0,41607.00,0.00,0.00,209,12.77,2.90,0.00,-12.4,4.998,4.998,4.998,4.998,37
2022-03-04 04:27:22,0.0,0.0,0,0.0,0.0,0,0.0,0.0,0,41607.00,0.00,0.00,209,12.77,2.90,0.00,-11.9,4.998,4.998,4.998,4.998,79
2022-03-04 04:28:22,1.2,1.5,7,0.0,0.0,0,0.0,0.0,0,41614.00,0.00,0.00,206,12.77,2.86,0.00,-12.4,4.998,4.998,4.998,4.998,221
2022-03-04 04:29:22,0.0,0.0,0,0.0,0.0,0,0.0,0.0,0,41614.00,0.00,0.00,205,12.77,2.85,0.00,-12.4,4.998,4.998,4.998,4.998,109
2022-03-04 04:30:22,0.0,0.0,0,0.0,0.0,0,0.0,0.0,0,41614.00,0.00,0.00,205,12.77,2.85,0.00,-11.9,4.998,4.998,4.998,4.998,121
2022-03-04 04:31:22,0.0,0.0,0,0.0,0.0,0,0.0,0.0,0,41614.00,0.00,0.00,205,12.77,2.85,0.00,-11.9,4.998,4.998,4.998,4.998,106
2022-03-04 04:32:22,0.0,0.0,0,0.0,0.0,0,0.0,0.0,0,41614.00,0.00,0.00,206,12.77,2.86,0.00,-11.9,4.998,4.998,4.998,4.998,228
2022-03-04 04:33:22,0.0,0.0,0,0.0,0.0,0,0.0,0.0,0,41614.00,0.00,0.00,206,12.77,2.86,0.00,-11.9,4.998,4.998,4.998,4.998,247
2022-03-04 04:34:22,0.0,0.0,0,0.0,0.0,0,0.0,0.0,0,41614.00,0.00,0.00,206,12.77,2.86,0.00,-12.4,4.998,4.998,4.998,4.998,82
2022-03-04 04:35:22,0.0,0.0,0,0.0,0.0,0,0.0,0.0,0,41614.00,0.00,0.00,206,12.77,2.86,0.00,-12.4,4.998,4.998,4.998,4.998,65
2022-03-04 04:36:22,0.0,0.0,0,0.0,0.0,0,0.0,0.0,0,41614.00,0.00,0.00,206,12.77,2.86,0.00,-12.4,4.998,4.998,4.998,4.998,216
2022-03-04 04:37:22,0.0,0.0,0,0.0,0.0,0,0.0,0.0,0,41614.00,0.00,0.00,206,12.77,2.86,0.00,-12.4,4.998,4.998,4.998,4.998,203
2022-03-04 04:38:22,0.0,0.0,0,0.0,0.0,0,0.0,0.0,0,41614.00,0.00,0.00,205,12.77,2.85,0.00,-12.8,4.998,4.998,4.998,4.998,74
2022-03-04 04:39:22,0.0,0.0,0,0.0,0.0,0,0.0,0.0,0,41614.00,0.00,0.00,205,12.73,2.85,0.00,-12.8,4.998,4.998,4.998,4.998,253
2022-03-04 04:40:22,0.0,0.0,0,0.0,0.0,0,0.0,0.0,0,41614.00,0.00,0.00,206,12.77,2.86,0.00,-13.3,4.998,4.998,4.998,4.998,118
2022-03-04 04:41:22,0.0,0.0,0,0.0,0.0,0,0.0,0.0,0,41614.00,0.00,0.00,206,12.77,2.86,0.00,-12.8,4.998,4.998,4.998,4.998,170
2022-03-04 04:42:22,0.0,0.0,1,0.0,0.0,0,0.0,0.0,0,41615.00,0.00,0.00,205,12.77,2.85,0.00,-12.8,4.998,4.998,4.998,4.998,58
2022-03-04 04:43:22,2.0,2.3,72,0.0,0.0,0,0.0,0.0,0,41687.00,0.00,0.00,205,12.73,2.85,0.00,-13.3,4.998,4.998,4.998,4.998,10
2022-03-04 04:44:22,1.9,2.1,86,0.0,0.0,0,0.0,0.0,0,41773.00,0.00,0.00,205,12.77,2.85,0.00,-13.3,4.998,4.998,4.998,4.998,60
2022-03-04 04:45:22,1.2,1.9,66,0.0,0.0,0,0.0,0.0,0,41839.00,0.00,0.00,205,12.77,2.85,0.00,-13.3,4.998,4.998,4.998,4.998,168
2022-03-04 04:46:22,0.0,1.1,4,0.0,0.0,0,0.0,0.0,0,41843.00,0.00,0.00,204,12.77,2.84,0.00,-13.3,4.998,4.998,4.998,4.998,43
2022-03-04 04:47:22,0.0,0.0,0,0.0,0.0,0,0.0,0.0,0,41843.00,0.00,0.00,205,12.77,2.85,0.00,-13.3,4.998,4.998,4.998,4.998,54
2022-03-04 04:48:22,0.0,0.0,0,0.0,0.0,0,0.0,0.0,0,41843.00,0.00,0.00,205,12.73,2.85,0.00,-13.3,4.998,4.998,4.998,4.998,239
2022-03-04 04:49:22,0.0,0.0,0,0.0,0.0,0,0.0,0.0,0,41843.00,0.00,0.00,205,12.77,2.85,0.00,-13.3,4.998,4.998,4.998,4.998,88
2022-03-04 04:50:22,0.0,0.0,0,0.0,0.0,0,0.0,0.0,0,41843.00,0.00,0.00,205,12.77,2.85,0.00,-13.3,4.998,4.998,4.998,4.998,53
2022-03-04 04:51:22,0.0,0.0,0,0.0,0.0,0,0.0,0.0,0,41843.00,0.00,0.00,205,12.77,2.85,0.00,-13.3,4.998,4.998,4.998,4.998,38
2022-03-04 04:52:22,0.0,0.0,0,0.0,0.0,0,0.0,0.0,0,41843.00,0.00,0.00,204,12.73,2.84,0.00,-12.8,4.998,4.998,4.998,4.998,51
2022-03-04 04:53:22,0.0,1.2,11,0.0,0.0,0,0.0,0.0,0,41854.00,0.00,0.00,204,12.77,2.84,0.00,-12.8,4.998,4.998,4.998,4.998,95
2022-03-04 04:54:22,0.0,0.0,0,0.0,0.0,0,0.0,0.0,0,41854.00,0.00,0.00,205,12.77,2.85,0.00,-12.8,4.998,4.998,4.998,4.998,32
2022-03-04 04:55:22,0.0,0.0,0,0.0,0.0,0,0.0,0.0,0,41854.00,0.00,0.00,205,12.77,2.85,0.00,-12.8,4.998,4.998,4.998,4.998,51
2022-03-04 04:56:22,0.0,0.0,0,0.0,0.0,0,0.0,0.0,0,41854.00,0.00,0.00,205,12.73,2.85,0.00,-12.8,4.998,4.998,4.998,4.998,14
2022-03-04 04:57:22,0.0,0.0,0,0.0,0.0,0,0.0,0.0,0,41854.00,0.00,0.00,205,12.77,2.85,0.00,-12.8,4.998,4.998,4.998,4.998,185
2022-03-04 04:58:22,0.0,0.0,0,0.0,0.0,0,0.0,0.0,0,41854.00,0.00,0.00,205,12.77,2.85,0.00,-13.3,4.998,4.998,4.998,4.998,11
2022-03-04 04:59:22,0.0,0.0,0,0.0,0.0,0,0.0,0.0,0,41854.00,0.00,0.00,205,12.73,2.85,0.00,-13.3,4.998,4.998,4.998,4.998,188
2022-03-04 05:00:22,0.0,0.0,0,0.0,0.0,0,0.0,0.0,0,41854.00,0.00,0.00,205,12.77,2.85,0.00,-13.3,4.998,4.998,4.998,4.998,97
2022-03-04 05:01:22,0.0,0.0,0,0.0,0.0,0,0.0,0.0,0,41854.00,0.00,0.00,205,12.73,2.85,0.00,-13.3,4.998,4.998,4.998,4.998,214
2022-03-04 05:02:22,0.0,0.0,0,0.0,0.0,0,0.0,0.0,0,41854.00,0.00,0.00,205,12.73,2.85,0.00,-13.3,4.998,4.998,4.998,4.998,79
2022-03-04 05:03:22,0.0,0.0,0,0.0,0.0,0,0.0,0.0,0,41854.00,0.00,0.00,205,12.73,2.85,0.00,-13.3,4.998,4.998,4.998,4.998,92
2022-03-04 05:04:22,0.0,0.0,0,0.0,0.0,0,0.0,0.0,0,41854.00,0.00,0.00,205,12.73,2.85,0.00,-13.3,4.998,4.998,4.998,4.998,128
2022-03-04 05:05:22,0.0,0.0,0,0.0,0.0,0,0.0,0.0,0,41854.00,0.00,0.00,205,12.77,2.85,0.00,-13.3,4.998,4.998,4.998,4.998,55
2022-03-04 05:06:22,0.0,0.0,0,0.0,0.0,0,0.0,0.0,0,41854.00,0.00,0.00,204,12.77,2.84,0.00,-13.3,4.998,4.998,4.998,4.998,73
2022-03-04 05:07:22,0.0,0.0,0,0.0,0.0,0,0.0,0.0,0,41854.00,0.00,0.00,205,12.73,2.85,0.00,-13.8,4.998,4.998,4.998,4.998,24
2022-03-04 05:08:22,0.0,0.0,0,0.0,0.0,0,0.0,0.0,0,41854.00,0.00,0.00,205,12.77,2.85,0.00,-14.3,4.998,4.998,4.998,4.998,217
2022-03-04 05:09:22,0.0,0.0,0,0.0,0.0,0,0.0,0.0,0,41854.00,0.00,0.00,205,12.73,2.85,0.00,-13.8,4.998,4.998,4.998,4.998,118
2022-03-04 05:10:22,0.0,0.0,0,0.0,0.0,0,0.0,0.0,0,41854.00,0.00,0.00,205,12.73,2.85,0.00,-13.8,4.998,4.998,4.998,4.998,27
2022-03-04 05:11:22,0.0,0.0,0,0.0,0.0,0,0.0,0.0,0,41854.00,0.00,0.00,204,12.73,2.84,0.00,-13.8,4.998,4.998,4.998,4.998,239
2022-03-04 05:12:22,0.0,0.0,0,0.0,0.0,0,0.0,0.0,0,41854.00,0.00,0.00,204,12.73,2.84,0.00,-13.8,4.998,4.998,4.998,4.998,118
2022-03-04 05:13:22,0.0,0.0,0,0.0,0.0,0,0.0,0.0,0,41854.00,0.00,0.00,205,12.73,2.85,0.00,-13.8,4.998,4.998,4.998,4.998,130
2022-03-04 05:14:22,0.0,0.0,0,0.0,0.0,0,0.0,0.0,0,41854.00,0.00,0.00,205,12.73,2.85,0.00,-13.8,4.998,4.998,4.998,4.998,94
2022-03-04 05:15:22,0.0,0.0,0,0.0,0.0,0,0.0,0.0,0,41854.00,0.00,0.00,205,12.73,2.85,0.00,-13.3,4.998,4.998,4.998,4.998,76
2022-03-04 05:16:22,0.0,0.0,0,0.0,0.0,0,0.0,0.0,0,41854.00,0.00,0.00,205,12.73,2.85,0.00,-12.8,4.998,4.998,4.998,4.998,26
2022-03-04 05:17:22,0.0,0.0,0,0.0,0.0,0,0.0,0.0,0,41854.00,0.00,0.00,205,12.73,2.85,0.00,-13.3,4.998,4.998,4.998,4.998,198
2022-03-04 05:18:22,0.0,0.0,0,0.0,0.0,0,0.0,0.0,0,41854.00,0.00,0.00,205,12.73,2.85,0.00,-12.8,4.998,4.998,4.998,4.998,116
2022-03-04 05:19:22,0.0,0.0,0,0.0,0.0,0,0.0,0.0,0,41854.00,0.00,0.00,205,12.73,2.85,0.00,-12.8,4.998,4.998,4.998,4.998,103
2022-03-04 05:20:22,0.0,0.0,0,0.0,0.0,0,0.0,0.0,0,41854.00,0.00,0.00,205,12.73,2.85,0.00,-13.3,4.998,4.998,4.998,4.998,41
2022-03-04 05:21:22,0.0,0.0,0,0.0,0.0,0,0.0,0.0,0,41854.00,0.00,0.00,205,12.73,2.85,0.00,-13.8,4.998,4.998,4.998,4.998,59
2022-03-04 05:22:22,0.0,0.0,0,0.0,0.0,0,0.0,0.0,0,41854.00,0.00,0.00,205,12.73,2.85,0.00,-13.8,4.998,4.998,4.998,4.998,162
2022-03-04 05:23:22,0.0,0.0,0,0.0,0.0,0,0.0,0.0,0,41854.00,0.00,0.00,205,12.73,2.85,0.00,-13.3,4.998,4.998,4.998,4.998,176
2022-03-04 05:24:22,0.0,0.0,0,0.0,0.0,0,0.0,0.0,0,41854.00,0.00,0.00,205,12.73,2.85,0.00,-13.3,4.998,4.998,4.998,4.998,108
2022-03-04 05:25:22,0.0,0.0,0,0.0,0.0,0,0.0,0.0,0,41854.00,0.00,0.00,205,12.73,2.85,0.00,-13.8,4.998,4.998,4.998,4.998,126
2022-03-04 05:26:22,0.0,0.0,1,0.0,0.0,0,0.0,0.0,0,41855.00,0.00,0.00,204,12.73,2.84,0.00,-13.3,4.998,4.998,4.998,4.998,31
2022-03-04 05:27:22,0.0,0.0,0,0.0,0.0,0,0.0,0.0,0,41855.00,0.00,0.00,205,12.73,2.85,0.00,-13.8,4.998,4.998,4.998,4.998,46
2022-03-04 05:28:22,0.0,0.0,0,0.0,0.0,0,0.0,0.0,0,41855.00,0.00,0.00,204,12.73,2.84,0.00,-13.8,4.998,4.998,4.998,4.998,180
2022-03-04 05:29:22,0.0,0.0,0,0.0,0.0,0,0.0,0.0,0,41855.00,0.00,0.00,205,12.73,2.85,0.00,-13.8,4.998,4.998,4.998,4.998,64
2022-03-04 05:30:22,0.0,0.0,0,0.0,0.0,0,0.0,0.0,0,41855.00,0.00,0.00,204,12.73,2.84,0.00,-14.3,4.998,4.998,4.998,4.998,210
2022-03-04 05:31:22,0.0,0.0,0,0.0,0.0,0,0.0,0.0,0,41855.00,0.00,0.00,205,12.73,2.85,0.00,-14.3,4.998,4.998,4.998,4.998,38
2022-03-04 05:32:22,0.0,1.2,2,0.0,0.0,0,0.0,0.0,0,41857.00,0.00,0.00,205,12.73,2.85,0.00,-13.8,4.998,4.998,4.998,4.998,205
2022-03-04 05:33:22,0.0,0.0,0,0.0,0.0,0,0.0,0.0,0,41857.00,0.00,0.00,205,12.73,2.85,0.00,-13.8,4.998,4.998,4.998,4.998,217
2022-03-04 05:34:22,0.0,0.0,0,0.0,0.0,0,0.0,0.0,0,41857.00,0.00,0.00,205,12.73,2.85,0.00,-13.8,4.998,4.998,4.998,4.998,5
2022-03-04 05:35:22,0.0,0.0,0,0.0,0.0,0,0.0,0.0,0,41857.00,0.00,0.00,205,12.73,2.85,0.00,-14.3,4.998,4.998,4.998,4.998,14
2022-03-04 05:36:22,0.0,0.0,0,0.0,0.0,0,0.0,0.0,0,41857.00,0.00,0.00,205,12.73,2.85,0.00,-13.8,4.998,4.998,4.998,4.998,143
2022-03-04 05:37:22,0.0,0.0,0,0.0,0.0,0,0.0,0.0,0,41857.00,0.00,0.00,205,12.73,2.85,0.00,-13.3,4.998,4.998,4.998,4.998,157
2022-03-04 05:38:22,0.0,0.0,0,0.0,0.0,0,0.0,0.0,0,41857.00,0.00,0.00,205,12.73,2.85,0.00,-13.3,4.998,4.998,4.998,4.998,224
2022-03-04 05:39:22,0.0,0.0,0,0.0,0.0,0,0.0,0.0,0,41857.00,0.00,0.00,205,12.73,2.85,0.00,-13.3,4.998,4.998,4.998,4.998,243
2022-03-04 05:40:22,0.0,0.0,0,0.0,0.0,0,0.0,0.0,0,41857.00,0.00,0.00,205,12.73,2.85,0.00,-12.8,4.998,4.998,4.998,4.998,203
2022-03-04 05:41:22,0.0,0.0,0,0.0,0.0,0,0.0,0.0,0,41857.00,0.00,0.00,205,12.73,2.85,0.00,-13.3,4.998,4.998,4.998,4.998,23
2022-03-04 05:42:22,0.0,0.0,0,0.0,0.0,0,0.0,0.0,0,41857.00,0.00,0.00,205,12.73,2.85,0.00,-13.3,4.998,4.998,4.998,4.998,142
2022-03-04 05:43:22,0.0,0.0,0,0.0,0.0,0,0.0,0.0,0,41857.00,0.00,0.00,205,12.73,2.85,0.00,-13.3,4.998,4.998,4.998,4.998,157
2022-03-04 05:44:22,0.0,0.0,0,0.0,0.0,0,0.0,0.0,0,41857.00,0.00,0.00,205,12.69,2.85,0.00,-13.3,4.998,4.998,4.998,4.998,110
2022-03-04 05:45:22,0.0,0.0,0,0.0,0.0,0,0.0,0.0,0,41857.00,0.00,0.00,205,12.73,2.85,0.00,-13.8,4.998,4.998,4.998,4.998,83
2022-03-04 05:46:22,0.0,0.0,0,0.0,0.0,0,0.0,0.0,0,41857.00,0.00,0.00,204,12.73,2.84,0.00,-14.3,4.998,4.998,4.998,4.998,53
2022-03-04 05:47:22,0.0,0.0,0,0.0,0.0,0,0.0,0.0,0,41857.00,0.00,0.00,205,12.73,2.85,0.00,-13.8,4.998,4.998,4.998,4.998,217
2022-03-04 05:48:22,0.0,0.0,0,0.0,0.0,0,0.0,0.0,0,41857.00,0.00,0.00,205,12.69,2.85,0.00,-13.8,4.998,4.998,4.998,4.998,139
2022-03-04 05:49:22,0.0,0.0,0,0.0,0.0,0,0.0,0.0,0,41857.00,0.00,0.00,205,12.69,2.85,0.00,-13.8,4.998,4.998,4.998,4.998,152
2022-03-04 05:50:22,0.0,0.0,0,0.0,0.0,0,0.0,0.0,0,41857.00,0.00,0.00,205,12.73,2.85,0.00,-14.3,4.998,4.998,4.998,4.998,194
2022-03-04 05:51:22,0.0,0.0,0,0.0,0.0,0,0.0,0.0,0,41857.00,0.00,0.00,205,12.73,2.85,0.00,-13.8,4.998,4.998,4.998,4.998,201
2022-03-04 05:52:22,0.0,0.0,0,0.0,0.0,0,0.0,0.0,0,41857.00,0.00,0.00,205,12.73,2.85,0.00,-14.3,4.998,4.998,4.998,4.998,72
2022-03-04 05:53:22,0.0,0.0,0,0.0,0.0,0,0.0,0.0,0,41857.00,0.00,0.00,205,12.73,2.85,0.00,-13.8,4.998,4.998,4.998,4.998,67
2022-03-04 05:54:22,0.0,0.0,0,0.0,0.0,0,0.0,0.0,0,41857.00,0.00,0.00,205,12.69,2.85,0.00,-13.8,4.998,4.998,4.998,4.998,176
2022-03-04 05:55:22,0.0,0.0,0,0.0,0.0,0,0.0,0.0,0,41857.00,0.00,0.00,204,12.73,2.84,0.00,-13.8,4.998,4.998,4.998,4.998,107
2022-03-04 05:56:22,0.0,0.0,0,0.0,0.0,0,0.0,0.0,0,41857.00,0.00,0.00,205,12.73,2.85,0.00,-13.8,4.998,4.998,4.998,4.998,21
2022-03-04 05:57:22,0.0,0.0,0,0.0,0.0,0,0.0,0.0,0,41857.00,0.00,0.00,205,12.69,2.85,0.00,-13.8,4.998,4.998,4.998,4.998,41
2022-03-04 05:58:22,0.0,0.0,0,0.0,0.0,0,0.0,0.0,0,41857.00,0.00,0.00,205,12.73,2.85,0.00,-13.8,4.998,4.998,4.998,4.998,123
2022-03-04 05:59:22,0.0,0.0,0,0.0,0.0,0,0.0,0.0,0,41857.00,0.00,0.00,205,12.69,2.85,0.00,-14.3,4.998,4.998,4.998,4.998,95
2022-03-04 06:00:22,0.0,0.0,0,0.0,0.0,0,0.0,0.0,0,41857.00,0.00,0.00,204,12.73,2.84,0.00,-13.8,4.998,4.998,4.998,4.998,199
2022-03-04 06:01:22,0.0,0.0,0,0.0,0.0,0,0.0,0.0,0,41857.00,0.00,0.00,205,12.69,2.85,0.00,-14.3,4.998,4.998,4.998,4.998,4
2022-03-04 06:02:22,0.0,0.0,0,0.0,0.0,0,0.0,0.0,0,41857.00,0.00,0.00,205,12.69,2.85,0.00,-13.8,4.998,4.998,4.998,4.998,133
2022-03-04 06:03:22,0.0,0.0,0,0.0,0.0,0,0.0,0.0,0,41857.00,0.00,0.00,205,12.69,2.85,0.00,-13.8,4.998,4.998,4.998,4.998,150
2022-03-04 06:04:22,0.0,0.0,0,0.0,0.0,0,0.0,0.0,0,41857.00,0.00,0.00,205,12.73,2.85,0.00,-13.8,4.998,4.998,4.998,4.998,101
2022-03-04 06:05:22,0.0,0.0,0,0.0,0.0,0,0.0,0.0,0,41857.00,0.00,0.00,205,12.69,2.85,0.00,-14.8,4.998,4.998,4.998,4.998,64
2022-03-04 06:06:22,0.0,0.0,0,0.0,0.0,0,0.0,0.0,0,41857.00,0.00,0.00,204,12.73,2.84,0.00,-14.8,4.998,4.998,4.998,4.998,17
2022-03-04 06:07:22,0.0,0.0,0,0.0,0.0,0,0.0,0.0,0,41857.00,0.00,0.00,205,12.69,2.85,0.00,-14.8,4.998,4.998,4.998,4.998,202
2022-03-04 06:08:22,0.0,0.0,0,0.0,0.0,0,0.0,0.0,0,41857.00,0.00,0.00,204,12.69,2.84,0.00,-14.3,4.998,4.998,4.998,4.998,81
2022-03-04 06:09:22,0.0,0.0,0,0.0,0.0,0,0.0,0.0,0,41857.00,0.00,0.00,205,12.73,2.85,0.00,-14.3,4.998,4.998,4.998,4.998,138
2022-03-04 06:10:22,0.0,0.0,0,0.0,0.0,0,0.0,0.0,0,41857.00,0.00,0.00,205,12.69,2.85,0.00,-13.8,4.998,4.998,4.998,4.998,208
2022-03-04 06:11:22,0.0,0.0,0,0.0,0.0,0,0.0,0.0,0,41857.00,0.00,0.00,205,12.69,2.85,0.00,-13.8,4.998,4.998,4.998,4.998,195
2022-03-04 06:12:22,0.0,0.0,0,0.0,0.0,0,0.0,0.0,0,41857.00,0.00,0.00,205,12.69,2.85,0.00,-14.3,4.998,4.998,4.998,4.998,66
2022-03-04 06:13:22,0.0,0.0,0,0.0,0.0,0,0.0,0.0,0,41857.00,0.00,0.00,205,12.69,2.85,0.00,-14.8,4.998,4.998,4.998,4.998,80
2022-03-04 06:14:22,0.0,0.0,0,0.0,0.0,0,0.0,0.0,0,41857.00,0.00,0.00,205,12.73,2.85,0.00,-14.8,4.998,4.998,4.998,4.998,163
2022-03-04 06:15:22,0.0,0.0,0,0.0,0.0,0,0.0,0.0,0,41857.00,0.00,0.00,205,12.73,2.85,0.00,-15.3,4.998,4.998,4.998,4.998,127
2022-03-04 06:16:22,0.0,0.0,0,0.0,0.0,0,0.0,0.0,0,41857.00,0.00,0.00,205,12.69,2.85,0.00,-15.3,4.998,4.998,4.998,4.998,201
2022-03-04 06:17:22,0.0,0.0,0,0.0,0.0,0,0.0,0.0,0,41857.00,0.00,0.00,205,12.69,2.85,0.00,-14.8,4.998,4.998,4.998,4.998,21
2022-03-04 06:18:22,0.0,0.0,0,0.0,0.0,0,0.0,0.0,0,41857.00,0.00,0.00,205,12.69,2.85,0.00,-14.8,4.998,4.998,4.998,4.998,104
2022-03-04 06:19:22,0.0,0.0,0,0.0,0.0,0,0.0,0.0,0,41857.00,0.00,0.00,205,12.69,2.85,0.00,-14.8,4.998,4.998,4.998,4.998,123
2022-03-04 06:20:22,0.0,0.0,0,0.0,0.0,0,0.0,0.0,0,41857.00,0.00,0.00,205,12.69,2.85,0.00,-14.8,4.998,4.998,4.998,4.998,250
2022-03-04 06:21:22,0.0,0.0,0,0.0,0.0,0,0.0,0.0,0,41857.00,0.00,0.00,205,12.69,2.85,0.00,-14.8,4.998,4.998,4.998,4.998,233
2022-03-04 06:22:22,0.0,0.0,0,0.0,0.0,0,0.0,0.0,0,41857.00,0.00,0.00,204,12.69,2.84,0.00,-14.8,4.998,4.998,4.998,4.998,151
2022-03-04 06:23:22,0.0,0.0,0,0.0,0.0,0,0.0,0.0,0,41857.00,0.00,0.00,205,12.69,2.85,0.00,-15.3,4.998,4.998,4.998,4.998,172
2022-03-04 06:24:22,0.0,0.0,0,0.0,0.0,0,0.0,0.0,0,41857.00,0.00,0.00,205,12.69,2.85,0.00,-15.3,4.998,4.998,4.998,4.998,112
2022-03-04 06:25:22,0.0,0.0,0,0.0,0.0,0,0.0,0.0,0,41857.00,0.00,0.00,205,12.69,2.85,0.00,-15.3,4.998,4.998,4.998,4.998,99
2022-03-04 06:26:22,0.0,0.0,0,0.0,0.0,0,0.0,0.0,0,41857.00,0.00,0.00,205,12.69,2.85,0.00,-14.8,4.998,4.998,4.998,4.998,53
2022-03-04 06:27:22,0.0,0.0,0,0.0,0.0,0,0.0,0.0,0,41857.00,0.00,0.00,205,12.69,2.85,0.00,-14.8,4.998,4.998,4.998,4.998,38
2022-03-04 06:28:22,0.0,0.0,0,0.0,0.0,0,0.0,0.0,0,41857.00,0.00,0.00,205,12.69,2.85,0.00,-15.3,4.998,4.998,4.998,4.998,148
2022-03-04 06:29:22,0.0,0.0,0,0.0,0.0,0,0.0,0.0,0,41857.00,0.00,0.00,205,12.69,2.85,0.00,-15.3,4.998,4.998,4.998,4.998,135
2022-03-04 06:30:22,0.0,0.0,0,0.0,0.0,0,0.0,0.0,0,41857.00,0.00,0.00,205,12.69,2.85,0.00,-15.3,4.998,4.998,4.998,4.998,234
2022-03-04 06:31:22,0.0,0.0,0,0.0,0.0,0,0.0,0.0,0,41857.00,0.00,0.00,205,12.69,2.85,0.00,-15.8,4.998,4.998,4.998,4.998,248
2022-03-04 06:32:22,0.0,0.0,0,0.0,0.0,0,0.0,0.0,0,41857.00,0.00,0.00,205,12.69,2.85,0.00,-15.3,4.998,4.998,4.998,4.998,96
2022-03-04 06:33:22,0.0,0.0,0,0.0,0.0,0,0.0,0.0,0,41857.00,0.00,0.00,205,12.69,2.85,0.00,-15.8,4.998,4.998,4.998,4.998,114
2022-03-04 06:34:22,0.0,0.0,0,0.0,0.0,0,0.0,0.0,0,41857.00,0.00,0.00,205,12.69,2.85,0.00,-15.8,4.998,4.998,4.998,4.998,174
2022-03-04 06:35:22,0.0,0.0,0,0.0,0.0,0,0.0,0.0,0,41857.00,0.00,0.00,205,12.69,2.85,0.00,-15.8,4.998,4.998,4.998,4.998,189
2022-03-04 06:36:22,0.0,0.0,0,0.0,0.0,0,0.0,0.0,0,41857.00,0.00,0.00,205,12.69,2.85,0.00,-15.3,4.998,4.998,4.998,4.998,37
2022-03-04 06:37:22,0.0,0.0,0,0.0,0.0,0,0.0,0.0,0,41857.00,0.00,0.00,205,12.69,2.85,0.00,-14.8,4.998,4.998,4.998,4.998,249
2022-03-04 06:38:22,0.0,0.0,0,0.0,0.0,0,0.0,0.0,0,41857.00,0.00,0.00,205,12.69,2.85,0.00,-15.3,4.998,4.998,4.998,4.998,75
2022-03-04 06:39:22,0.0,0.0,0,0.0,0.0,0,0.0,0.0,0,41857.00,0.00,0.00,205,12.69,2.85,0.00,-14.8,4.998,4.998,4.998,4.998,151
2022-03-04 06:40:22,0.0,0.0,0,0.0,0.0,0,0.0,0.0,0,41857.00,0.00,0.00,204,12.69,2.84,0.00,-15.3,4.998,4.998,4.998,4.998,72
2022-03-04 06:41:22,0.0,0.0,0,0.0,0.0,0,0.0,0.0,0,41857.00,0.00,0.00,204,12.69,2.84,0.00,-15.3,4.998,4.998,4.998,4.998,91
2022-03-04 06:42:22,0.0,0.0,0,0.0,0.0,0,0.0,0.0,0,41857.00,0.00,0.00,205,12.69,2.85,0.00,-15.8,4.998,4.998,4.998,4.998,36
2022-03-04 06:43:22,0.0,0.0,0,0.0,0.0,0,0.0,0.0,0,41857.00,0.00,0.00,205,12.69,2.85,0.00,-15.8,4.998,4.998,4.998,4.998,55
2022-03-04 06:44:22,1.8,1.9,20,0.0,0.0,0,0.0,0.0,0,41877.00,0.00,0.00,205,12.69,2.85,0.00,-15.3,4.998,4.998,4.998,4.998,147
2022-03-04 06:45:22,0.0,1.9,46,0.0,0.0,0,0.0,0.0,0,41923.00,0.00,0.00,205,12.69,2.85,0.00,-15.3,4.998,4.998,4.998,4.998,50
2022-03-04 06:46:22,0.0,0.0,0,0.0,0.0,0,0.0,0.0,0,41923.00,0.00,0.00,205,12.69,2.85,0.00,-15.3,4.998,4.998,4.998,4.998,62
2022-03-04 06:47:22,0.0,0.0,0,0.0,0.0,0,0.0,0.0,0,41923.00,0.00,0.00,205,12.65,2.85,0.00,-15.3,4.998,4.998,4.998,4.998,219
2022-03-04 06:48:22,0.0,0.0,0,0.0,0.0,0,0.0,0.0,0,41923.00,0.00,0.00,205,12.65,2.85,0.00,-14.8,4.998,4.998,4.998,4.998,105
2022-03-04 06:49:22,0.0,0.0,0,0.0,0.0,0,0.0,0.0,0,41923.00,0.00,0.00,205,12.69,2.85,0.00,-14.8,4.998,4.998,4.998,4.998,140
2022-03-04 06:50:22,1.5,1.7,25,0.0,0.0,0,0.0,0.0,0,41948.00,0.00,0.00,204,12.69,2.84,0.00,-14.8,4.998,4.998,4.998,4.998,127
2022-03-04 06:51:22,0.0,1.5,5,0.0,0.0,0,0.0,0.0,0,41953.00,0.00,0.00,205,12.65,2.85,0.00,-14.8,4.998,4.998,4.998,4.998,42
2022-03-04 06:52:22,0.0,0.0,0,0.0,0.0,0,0.0,0.0,0,41953.00,0.00,0.00,205,12.69,2.85,0.00,-14.8,4.998,4.998,4.998,4.998,222
2022-03-04 06:53:22,0.0,0.0,0,0.0,0.0,0,0.0,0.0,0,41953.00,0.00,0.00,205,12.69,2.85,0.00,-15.3,4.998,4.998,4.998,4.998,2
2022-03-04 06:54:22,0.0,0.0,0,0.0,0.0,0,0.0,0.0,0,41953.00,0.00,0.00,204,12.69,2.84,0.00,-15.3,4.998,4.998,4.998,4.998,57
2022-03-04 06:55:22,0.0,0.0,0,0.0,0.0,0,0.0,0.0,0,41953.00,0.00,0.00,205,12.69,2.85,0.00,-15.3,4.998,4.998,4.998,4.998,205
2022-03-04 06:56:22,0.0,0.0,0,0.0,0.0,0,0.0,0.0,0,41953.00,0.00,0.00,205,12.65,2.85,0.00,-15.3,4.998,4.998,4.998,4.998,162
2022-03-04 06:57:22,0.0,0.0,0,0.0,0.0,0,0.0,0.0,0,41953.00,0.00,0.00,205,12.69,2.85,0.00,-15.3,4.998,4.998,4.998,4.998,71
2022-03-04 06:58:22,0.0,0.0,0,0.0,0.0,0,0.0,0.0,0,41953.00,0.00,0.00,205,12.65,2.85,0.00,-15.8,4.998,4.998,4.998,4.998,205
2022-03-04 06:59:22,0.0,0.0,0,0.0,0.0,0,0.0,0.0,0,41953.00,0.00,0.00,205,12.69,2.85,0.00,-15.8,4.998,4.998,4.998,4.998,40
2022-03-04 07:00:22,0.0,0.0,0,0.0,0.0,0,0.0,0.0,0,41953.00,0.00,0.00,205,12.69,2.85,0.00,-15.8,4.998,4.998,4.998,4.998,81
2022-03-04 07:01:22,0.0,0.0,0,0.0,0.0,0,0.0,0.0,0,41953.00,0.00,0.00,205,12.69,2.85,0.00,-15.3,4.998,4.998,4.998,4.998,67
2022-03-04 07:02:22,0.0,0.0,0,0.0,0.0,0,0.0,0.0,0,41953.00,0.00,0.00,205,12.65,2.85,0.00,-15.8,4.998,4.998,4.998,4.998,45
2022-03-04 07:03:22,0.0,0.0,0,0.0,0.0,0,0.0,0.0,0,41953.00,0.00,0.00,205,12.69,2.85,0.00,-15.8,4.998,4.998,4.998,4.998,200
2022-03-04 07:04:22,0.0,0.0,0,0.0,0.0,0,0.0,0.0,0,41953.00,0.00,0.00,204,12.69,2.84,0.00,-15.8,4.998,4.998,4.998,4.998,243
2022-03-04 07:05:22,0.0,0.0,0,0.0,0.0,0,0.0,0.0,0,41953.00,0.00,0.00,204,12.65,2.84,0.00,-15.8,4.998,4.998,4.998,4.998,22
2022-03-04 07:06:22,0.0,0.0,0,0.0,0.0,0,0.0,0.0,0,41953.00,0.00,0.00,205,12.69,2.85,0.00,-15.3,4.998,4.998,4.998,4.998,159
2022-03-04 07:07:22,0.0,0.0,0,0.0,0.0,0,0.0,0.0,0,41953.00,0.00,0.00,205,12.65,2.85,0.00,-15.8,4.998,4.998,4.998,4.998,123
2022-03-04 07:08:22,0.0,0.0,0,0.0,0.0,0,0.0,0.0,0,41953.00,0.00,0.00,205,12.65,2.85,0.00,-15.3,4.998,4.998,4.998,4.998,7
2022-03-04 07:09:22,0.0,0.0,0,0.0,0.0,0,0.0,0.0,0,41953.00,0.00,0.00,205,12.69,2.85,0.00,-15.8,4.998,4.998,4.998,4.998,227
2022-03-04 07:10:22,0.0,0.0,0,0.0,0.0,0,0.0,0.0,0,41953.00,0.00,0.00,204,12.69,2.84,0.00,-16.3,4.998,4.998,4.998,4.998,193
2022-03-04 07:11:22,0.0,0.0,0,0.0,0.0,0,0.0,0.0,0,41953.00,0.00,0.00,205,12.65,2.85,0.00,-15.8,4.998,4.998,4.998,4.998,107
2022-03-04 07:12:22,0.0,0.0,0,0.0,0.0,0,0.0,0.0,0,41953.00,0.00,0.00,205,12.65,2.85,0.00,-16.3,4.998,4.998,4.998,4.998,90
2022-03-04 07:13:22,0.0,0.0,0,0.0,0.0,0,0.0,0.0,0,41953.00,0.00,0.00,205,12.65,2.85,0.00,-16.3,4.998,4.998,4.998,4.998,73
2022-03-04 07:14:22,0.0,0.0,0,0.0,0.0,0,0.0,0.0,0,41953.00,0.00,0.00,205,12.65,2.85,0.00,-16.3,4.998,4.998,4.998,4.998,149
2022-03-04 07:15:22,0.0,0.0,0,0.0,0.0,0,0.0,0.0,0,41953.00,0.00,0.00,205,12.65,2.85,0.00,-16.3,4.998,4.998,4.998,4.998,134
2022-03-04 07:16:22,1.7,1.9,24,0.0,0.0,0,0.0,0.0,0,41977.00,0.00,0.00,205,12.65,2.85,0.00,-15.8,4.998,4.998,4.998,4.998,1
2022-03-04 07:17:22,0.0,1.8,8,0.0,0.0,0,0.0,0.0,0,41985.00,0.00,0.00,205,12.61,2.85,0.00,-15.8,4.998,4.998,4.998,4.998,159
2022-03-04 07:18:22,2.3,2.5,55,0.0,0.0,0,0.0,0.0,0,42040.00,0.00,0.00,205,12.65,2.85,0.00,-15.8,4.998,4.998,4.998,4.998,156
2022-03-04 07:19:22,1.1,2.4,82,0.0,0.0,0,0.0,0.0,0,42122.00,0.00,0.00,205,12.65,2.85,0.00,-15.3,4.998,4.998,4.998,4.998,68
2022-03-04 07:20:22,0.0,0.0,0,0.0,0.0,0,0.0,0.0,0,42122.00,0.00,0.00,205,12.61,2.85,0.00,-15.3,4.998,4.998,4.998,4.998,2
2022-03-04 07:21:22,0.0,0.0,0,0.0,0.0,0,0.0,0.0,0,42122.00,0.00,0.00,205,12.65,2.85,0.00,-15.8,4.998,4.998,4.998,4.998,180
2022-03-04 07:22:22,0.0,0.0,0,0.0,0.0,0,0.0,0.0,0,42122.00,0.00,0.00,204,12.65,2.84,0.00,-15.8,4.998,4.998,4.998,4.998,202
2022-03-04 07:23:22,2.0,2.5,47,0.0,0.0,0,0.0,0.0,0,42169.00,0.00,0.00,204,12.65,2.84,0.00,-15.3,4.998,4.998,4.998,4.998,6
2022-03-04 07:24:22,1.5,2.1,88,0.0,0.0,0,0.0,0.0,0,42257.00,0.00,0.00,205,12.65,2.85,0.00,-15.8,4.998,4.998,4.998,4.998,99
2022-03-04 07:25:22,0.0,1.5,10,0.0,0.0,0,0.0,0.0,0,42267.00,0.00,0.00,205,12.65,2.85,0.00,-16.3,4.998,4.998,4.998,4.998,188
2022-03-04 07:26:22,0.0,0.0,1,0.0,0.0,0,0.0,0.0,0,42268.00,0.00,0.00,205,12.61,2.85,0.00,-15.8,4.998,4.998,4.998,4.998,40
2022-03-04 07:27:22,0.0,1.5,26,0.0,0.0,0,0.0,0.0,0,42294.00,0.00,0.00,205,12.65,2.85,0.00,-15.8,4.998,4.998,4.998,4.998,98
2022-03-04 07:28:22,0.0,0.0,0,0.0,0.0,0,0.0,0.0,0,42294.00,0.00,0.00,205,12.65,2.85,0.00,-15.8,4.998,4.998,4.998,4.998,14
2022-03-04 07:29:22,0.0,0.0,0,0.0,0.0,0,0.0,0.0,0,42294.00,0.00,0.00,205,12.65,2.85,0.00,-16.3,4.998,4.998,4.998,4.998,181
2022-03-04 07:30:22,0.0,0.0,0,0.0,0.0,0,0.0,0.0,0,42294.00,0.00,0.00,205,12.65,2.85,0.00,-16.3,4.998,4.998,4.998,4.998,216
2022-03-04 07:31:22,0.0,0.0,0,0.0,0.0,0,0.0,0.0,0,42294.00,0.00,0.00,205,12.65,2.85,0.00,-15.8,4.998,4.998,4.998,4.998,99
2022-03-04 07:32:22,0.0,0.0,0,0.0,0.0,0,0.0,0.0,0,42294.00,0.00,0.00,205,12.65,2.85,0.00,-16.3,4.998,4.998,4.998,4.998,82
2022-03-04 07:33:22,0.0,0.0,0,0.0,0.0,0,0.0,0.0,0,42294.00,0.00,0.00,204,12.65,2.84,0.00,-16.3,4.998,4.998,4.998,4.998,166
2022-03-04 07:34:22,0.0,0.0,0,0.0,0.0,0,0.0,0.0,0,42294.00,0.00,0.00,205,12.65,2.85,0.00,-16.3,4.998,4.998,4.998,4.998,157
2022-03-04 07:35:22,0.0,0.0,0,0.0,0.0,0,0.0,0.0,0,42294.00,0.00,0.00,204,12.65,2.84,0.00,-16.3,4.998,4.998,4.998,4.998,105
2022-03-04 07:36:22,0.0,0.0,0,0.0,0.0,0,0.0,0.0,0,42294.00,0.00,0.00,205,12.65,2.85,0.00,-15.8,4.998,4.998,4.998,4.998,191
2022-03-04 07:37:22,0.0,0.0,0,0.0,0.0,0,0.0,0.0,0,42294.00,0.00,0.00,205,12.65,2.85,0.00,-15.8,4.998,4.998,4.998,4.998,172
2022-03-04 07:38:22,0.0,0.0,0,0.0,0.0,0,0.0,0.0,0,42294.00,0.00,0.00,205,12.65,2.85,0.00,-15.8,4.998,4.998,4.998,4.998,209
2022-03-04 07:39:22,0.0,0.0,0,0.0,0.0,0,0.0,0.0,0,42294.00,0.00,0.00,205,12.65,2.85,0.00,-15.8,4.998,4.998,4.998,4.998,194
2022-03-04 07:40:22,0.0,0.0,0,0.0,0.0,0,0.0,0.0,0,42294.00,0.00,0.00,205,12.69,2.85,0.00,-15.8,4.998,4.998,4.998,4.998,195
2022-03-04 07:41:22,0.0,0.0,0,0.0,0.0,0,0.0,0.0,0,42294.00,0.00,0.00,205,12.69,2.85,0.00,-15.8,4.998,4.998,4.998,4.998,208
2022-03-04 07:42:22,0.0,0.0,0,0.0,0.0,0,0.0,0.0,0,42294.00,0.00,0.00,205,12.69,2.85,0.00,-15.8,4.998,4.998,4.998,4.998,73
2022-03-04 07:43:22,0.0,0.0,0,0.0,0.0,0,0.0,0.0,0,42294.00,0.00,0.00,205,12.69,2.85,0.00,-15.8,4.998,4.998,4.998,4.998,90
2022-03-04 07:44:22,0.0,0.0,0,0.0,0.0,0,0.0,0.0,0,42294.00,0.00,0.00,204,12.69,2.84,0.00,-15.8,4.998,4.998,4.998,4.998,97
2022-03-04 07:45:22,0.0,0.0,0,0.0,0.0,0,0.0,0.0,0,42294.00,0.00,0.00,205,12.69,2.85,0.00,-15.8,4.998,4.998,4.998,4.998,149
2022-03-04 07:46:22,0.0,0.0,0,0.0,0.0,0,0.0,0.0,0,42294.00,0.00,0.00,205,12.73,2.85,0.00,-15.3,4.998,4.998,4.998,4.998,34
2022-03-04 07:47:22,0.0,0.0,0,0.0,0.0,0,0.0,0.0,0,42294.00,0.00,0.00,205,12.69,2.85,0.00,-15.3,4.998,4.998,4.998,4.998,30
2022-03-04 07:48:22,0.0,0.0,0,0.0,0.0,0,0.0,0.0,0,42294.00,0.00,0.00,205,12.73,2.85,0.00,-15.3,4.998,4.998,4.998,4.998,76
2022-03-04 07:49:22,0.0,0.0,0,0.0,0.0,0,0.0,0.0,0,42294.00,0.00,0.00,205,12.73,2.85,0.00,-14.8,4.998,4.998,4.998,4.998,144
2022-03-04 07:50:22,0.0,0.0,0,0.0,0.0,0,0.0,0.0,0,42294.00,0.00,0.00,205,12.73,2.85,0.00,-14.8,4.998,4.998,4.998,4.998,253
2022-03-04 07:51:22,0.0,0.0,0,0.0,0.0,0,0.0,0.0,0,42294.00,0.00,0.00,205,12.77,2.85,0.00,-14.8,4.998,4.998,4.998,4.998,74
2022-03-04 07:52:22,0.0,0.0,0,0.0,0.0,0,0.0,0.0,0,42294.00,0.00,0.00,204,12.77,2.84,0.00,-14.3,4.998,4.998,4.998,4.998,53
2022-03-04 07:53:22,0.0,0.0,0,0.0,0.0,0,0.0,0.0,0,42294.00,0.00,0.00,205,12.77,2.85,0.00,-14.3,4.998,4.998,4.998,4.998,193
2022-03-04 07:54:22,0.0,0.0,0,0.0,0.0,0,0.0,0.0,0,42294.00,0.00,0.00,205,12.81,2.85,0.00,-14.8,4.998,4.998,4.998,4.998,151
2022-03-04 07:55:22,0.0,0.0,0,0.0,0.0,0,0.0,0.0,0,42294.00,0.00,0.00,205,12.81,2.85,0.00,-14.8,4.998,4.998,4.998,4.998,132
2022-03-04 07:56:22,0.0,0.0,0,0.0,0.0,0,0.0,0.0,0,42294.00,0.00,0.00,205,12.77,2.85,0.00,-14.8,4.998,4.998,4.998,4.998,150
2022-03-04 07:57:22,0.0,0.0,0,0.0,0.0,0,0.0,0.0,0,42294.00,0.00,0.00,205,12.81,2.85,0.00,-14.8,4.998,4.998,4.998,4.998,14
2022-03-04 07:58:22,0.0,0.0,0,0.0,0.0,0,0.0,0.0,0,42294.00,0.00,0.00,205,12.81,2.85,0.00,-14.8,4.998,4.998,4.998,4.998,115
2022-03-04 07:59:22,0.0,0.0,0,0.0,0.0,0,0.0,0.0,0,42294.00,0.00,0.00,205,12.85,2.85,0.00,-14.8,4.998,4.998,4.998,4.998,196
2022-03-04 08:00:22,0.0,0.0,0,0.0,0.0,0,0.0,0.0,0,42294.00,0.00,0.00,205,12.85,2.85,0.00,-15.3,4.998,4.998,4.998,4.998,22
2022-03-04 08:01:22,0.0,0.0,0,0.0,0.0,0,0.0,0.0,0,42294.00,0.00,0.00,205,12.85,2.85,0.00,-15.3,4.998,4.998,4.998,4.998,5
2022-03-04 08:02:22,2.1,2.4,48,0.0,0.0,0,0.0,0.0,0,42342.00,0.00,0.00,204,12.89,2.84,0.00,-15.3,4.998,4.998,4.998,4.998,125
2022-03-04 08:03:22,2.2,2.3,89,0.0,0.0,0,0.0,0.0,0,42431.00,0.00,0.00,205,12.92,2.85,0.00,-14.8,4.998,4.998,4.998,4.998,55
2022-03-04 08:04:22,1.6,2.2,86,0.0,0.0,0,0.0,0.0,0,42517.00,0.00,0.00,205,12.92,2.85,0.00,-14.8,4.998,4.998,4.998,4.998,20
2022-03-04 08:05:22,2.1,2.3,85,0.0,0.0,0,0.0,0.0,0,42602.00,0.00,0.00,205,12.92,2.85,0.00,-14.8,4.998,4.998,4.998,4.998,219
2022-03-04 08:06:22,1.8,2.2,79,0.0,0.0,0,0.0,0.0,0,42681.00,0.00,0.00,204,12.96,2.84,0.00,-14.8,4.998,4.998,4.998,4.998,49
2022-03-04 08:07:22,1.0,1.8,53,0.0,0.0,0,0.0,0.0,0,42734.00,0.00,0.00,205,12.96,2.85,0.00,-14.8,4.998,4.998,4.998,4.998,89
2022-03-04 08:08:22,0.0,0.0,0,0.0,0.0,0,0.0,0.0,0,42734.00,0.00,0.00,205,13.00,2.85,0.00,-14.8,4.998,4.998,4.998,4.998,210
2022-03-04 08:09:22,0.0,0.0,0,0.0,0.0,0,0.0,0.0,0,42734.00,0.00,0.00,205,13.00,2.85,0.00,-14.8,4.998,4.998,4.998,4.998,193
2022-03-04 08:10:22,0.0,0.0,0,0.0,0.0,0,0.0,0.0,0,42734.00,0.00,0.00,205,13.08,2.85,0.00,-14.8,4.998,4.998,4.998,4.998,254
2022-03-04 08:11:22,0.0,0.0,0,0.0,0.0,0,0.0,0.0,0,42734.00,0.00,0.00,205,13.08,2.85,0.00,-14.8,4.998,4.998,4.998,4.998,237
2022-03-04 08:12:22,0.0,0.0,0,0.0,0.0,0,0.0,0.0,0,42734.00,0.00,0.00,205,13.12,2.85,0.00,-14.8,4.998,4.998,4.998,4.998,91
2022-03-04 08:13:22,0.0,1.5,11,0.0,0.0,0,0.0,0.0,0,42745.00,0.00,0.00,204,13.12,2.84,0.00,-14.8,4.998,4.998,4.998,4.998,28
2022-03-04 08:14:22,0.0,0.0,0,0.0,0.0,0,0.0,0.0,0,42745.00,0.00,0.00,205,13.16,2.85,0.00,-14.8,4.998,4.998,4.998,4.998,95
2022-03-04 08:15:22,0.0,0.0,0,0.0,0.0,0,0.0,0.0,0,42745.00,0.00,0.00,205,13.20,2.85,0.00,-14.8,4.998,4.998,4.998,4.998,140
2022-03-04 08:16:22,0.0,0.0,0,0.0,0.0,0,0.0,0.0,0,42745.00,0.00,0.00,205,13.24,2.85,0.00,-14.8,4.998,4.998,4.998,4.998,177
2022-03-04 08:17:22,0.0,0.0,0,0.0,0.0,0,0.0,0.0,0,42745.00,0.00,0.00,205,13.28,2.85,0.00,-14.8,4.998,4.998,4.998,4.998,84
2022-03-04 08:18:22,0.0,0.0,0,0.0,0.0,0,0.0,0.0,0,42745.00,0.00,0.00,205,13.32,2.85,0.00,-14.8,4.998,4.998,4.998,4.998,6
2022-03-04 08:19:22,0.0,0.0,0,0.0,0.0,0,0.0,0.0,0,42745.00,0.00,0.00,205,13.35,2.85,0.00,-14.3,4.998,4.998,4.998,4.998,97
2022-03-04 08:20:22,0.0,0.0,0,0.0,0.0,0,0.0,0.0,0,42745.00,0.00,0.00,205,13.39,2.85,0.00,-14.3,4.998,4.998,4.998,4.998,22
2022-03-04 08:21:22,0.0,0.0,0,0.0,0.0,0,0.0,0.0,0,42745.00,0.00,0.00,205,13.43,2.85,0.00,-14.8,4.998,4.998,4.998,4.998,189
2022-03-04 08:22:22,0.0,0.0,0,0.0,0.0,0,0.0,0.0,0,42745.00,0.00,0.00,205,13.47,2.85,0.00,-14.3,4.998,4.998,4.998,4.998,129
2022-03-04 08:23:22,0.0,0.0,0,0.0,0.0,0,0.0,0.0,0,42745.00,0.00,0.00,205,13.55,2.85,0.00,-14.3,4.998,4.998,4.998,4.998,239
2022-03-04 08:24:22,0.0,0.0,0,0.0,0.0,0,0.0,0.0,0,42745.00,0.00,0.00,205,13.59,2.85,0.00,-14.3,4.998,4.998,4.998,4.998,197
2022-03-04 08:25:22,0.0,0.0,0,0.0,0.0,0,0.0,0.0,0,42745.00,0.00,0.00,205,13.63,2.85,0.00,-14.3,4.998,4.998,4.998,4.998,224
2022-03-04 08:26:22,0.0,0.0,0,0.0,0.0,0,0.0,0.0,0,42745.00,0.00,0.00,205,13.67,2.85,0.00,-14.3,4.998,4.998,4.998,4.998,221
2022-03-04 08:27:22,0.0,0.0,0,0.0,0.0,0,0.0,0.0,0,42745.00,0.00,0.00,205,13.78,2.85,0.00,-14.3,4.998,4.998,4.998,4.998,219
2022-03-04 08:28:22,0.0,0.0,0,0.0,0.0,0,0.0,0.0,0,42745.00,0.00,0.00,204,13.90,2.84,0.00,-13.8,4.998,4.998,4.998,4.998,89
2022-03-04 08:29:22,0.0,0.0,0,0.0,0.0,0,0.0,0.0,0,42745.00,0.00,0.00,204,13.98,2.84,0.00,-13.8,4.998,4.998,4.998,4.998,24
2022-03-04 08:30:22,0.0,0.0,0,0.0,0.0,0,0.0,0.0,0,42745.00,0.00,0.00,205,14.10,2.85,0.00,-13.8,4.998,4.998,4.998,4.998,92
2022-03-04 08:31:22,0.0,0.0,0,0.0,0.0,0,0.0,0.0,0,42745.00,0.00,0.00,205,14.17,2.85,0.00,-13.8,4.998,4.998,4.998,4.998,58
2022-03-04 08:32:22,0.0,0.0,0,0.0,0.0,0,0.0,0.0,0,42745.00,0.00,0.00,205,14.37,2.85,0.00,-13.8,4.998,4.998,4.998,4.998,186
2022-03-04 08:33:22,0.0,0.0,0,0.0,0.0,0,0.0,0.0,0,42745.00,0.00,0.00,205,14.53,2.85,0.00,-13.8,4.998,4.998,4.998,4.998,155
2022-03-04 08:34:22,0.0,0.0,0,0.0,0.0,0,0.0,0.0,0,42745.00,0.00,0.00,205,14.57,2.85,0.00,-13.8,4.998,4.998,4.998,4.998,227
2022-03-04 08:35:22,0.0,0.0,0,0.0,0.0,0,0.0,0.0,0,42745.00,0.00,0.00,204,14.57,2.84,0.00,-13.8,4.998,4.998,4.998,4.998,23
2022-03-04 08:36:22,0.0,0.0,0,0.0,0.0,0,0.0,0.0,0,42745.00,0.00,0.00,205,14.60,2.85,0.00,-13.3,4.998,4.998,4.998,4.998,54
2022-03-04 08:37:22,0.0,0.0,0,0.0,0.0,0,0.0,0.0,0,42745.00,0.00,0.00,205,14.57,2.85,0.00,-13.3,4.998,4.998,4.998,4.998,123
2022-03-04 08:38:22,0.0,0.0,0,0.0,0.0,0,0.0,0.0,0,42745.00,0.00,0.00,204,14.60,2.84,0.00,-12.8,4.998,4.998,4.998,4.998,112
2022-03-04 08:39:22,0.0,0.0,0,0.0,0.0,0,0.0,0.0,0,42745.00,0.00,0.00,205,14.57,2.85,0.00,-13.3,4.998,4.998,4.998,4.998,21
2022-03-04 08:40:22,0.0,0.0,0,0.0,0.0,0,0.0,0.0,0,42745.00,0.00,0.00,205,14.57,2.85,0.00,-12.8,4.998,4.998,4.998,4.998,45
2022-03-04 08:41:22,0.0,0.0,0,0.0,0.0,0,0.0,0.0,0,42745.00,0.00,0.00,204,14.60,2.84,0.00,-12.4,4.998,4.998,4.998,4.998,108
2022-03-04 08:42:22,0.0,0.0,0,0.0,0.0,0,0.0,0.0,0,42745.00,0.00,0.00,205,14.57,2.85,0.00,-12.4,4.998,4.998,4.998,4.998,76
2022-03-04 08:43:22,0.0,0.0,0,0.0,0.0,0,0.0,0.0,0,42745.00,0.00,0.00,204,14.60,2.84,0.00,-12.4,4.998,4.998,4.998,4.998,230
2022-03-04 08:44:22,0.0,0.0,0,0.0,0.0,0,0.0,0.0,0,42745.00,0.00,0.00,205,14.57,2.85,0.00,-12.4,4.998,4.998,4.998,4.998,131
2022-03-04 08:45:22,0.0,0.0,0,0.0,0.0,0,0.0,0.0,0,42745.00,0.00,0.00,205,14.57,2.85,0.00,-12.8,4.998,4.998,4.998,4.998,123
2022-03-04 08:46:22,0.0,0.0,0,0.0,0.0,0,0.0,0.0,0,42745.00,0.00,0.00,205,14.57,2.85,0.00,-12.4,4.998,4.998,4.998,4.998,9
2022-03-04 08:47:22,0.0,0.0,0,0.0,0.0,0,0.0,0.0,0,42745.00,0.00,0.00,205,14.57,2.85,0.00,-12.4,4.998,4.998,4.998,4.998,26
2022-03-04 08:48:22,0.0,0.0,0,0.0,0.0,0,0.0,0.0,0,42745.00,0.00,0.00,204,14.60,2.84,0.00,-11.9,4.998,4.998,4.998,4.998,167
2022-03-04 08:49:22,0.0,0.0,0,0.0,0.0,0,0.0,0.0,0,42745.00,0.00,0.00,204,14.57,2.84,0.00,-11.9,4.998,4.998,4.998,4.998,234
2022-03-04 08:50:22,0.0,0.0,0,0.0,0.0,0,0.0,0.0,0,42745.00,0.00,0.00,205,14.57,2.85,0.00,-12.4,4.998,4.998,4.998,4.998,25
2022-03-04 08:51:22,0.0,0.0,0,0.0,0.0,0,0.0,0.0,0,42745.00,0.00,0.00,204,14.57,2.84,0.00,-12.4,4.998,4.998,4.998,4.998,237
2022-03-04 08:52:22,0.0,0.0,0,0.0,0.0,0,0.0,0.0,0,42745.00,0.00,0.00,205,14.57,2.85,0.00,-11.9,4.998,4.998,4.998,4.998,234
2022-03-04 08:53:22,0.0,0.0,0,0.0,0.0,0,0.0,0.0,0,42745.00,0.00,0.00,205,14.57,2.85,0.00,-11.4,4.998,4.998,4.998,4.998,41
2022-03-04 08:54:22,0.0,0.0,0,0.0,0.0,0,0.0,0.0,0,42745.00,0.00,0.00,205,14.60,2.85,0.00,-11.9,4.998,4.998,4.998,4.998,123
2022-03-04 08:55:22,0.0,0.0,0,0.0,0.0,0,0.0,0.0,0,42745.00,0.00,0.00,205,14.57,2.85,0.00,-11.9,4.998,4.998,4.998,4.998,54
2022-03-04 08:56:22,0.0,0.0,0,0.0,0.0,0,0.0,0.0,0,42745.00,0.00,0.00,205,14.57,2.85,0.00,-11.9,4.998,4.998,4.998,4.998,175
2022-03-04 08:57:22,0.0,0.0,0,0.0,0.0,0,0.0,0.0,0,42745.00,0.00,0.00,204,14.60,2.84,0.00,-11.4,4.998,4.998,4.998,4.998,213
2022-03-04 08:58:22,0.0,0.0,0,0.0,0.0,0,0.0,0.0,0,42745.00,0.00,0.00,205,14.57,2.85,0.00,-11.4,4.998,4.998,4.998,4.998,17
2022-03-04 08:59:22,0.0,0.0,0,0.0,0.0,0,0.0,0.0,0,42745.00,0.00,0.00,204,14.57,2.84,0.00,-11.4,4.998,4.998,4.998,4.998,229
2022-03-04 09:00:22,0.0,0.0,0,0.0,0.0,0,0.0,0.0,0,42745.00,0.00,0.00,205,14.57,2.85,0.00,-10.9,4.998,4.998,4.998,4.998,101
2022-03-04 09:01:22,0.0,0.0,0,0.0,0.0,0,0.0,0.0,0,42745.00,0.00,0.00,204,14.57,2.84,0.00,-10.4,4.998,4.998,4.998,4.998,65
2022-03-04 09:02:22,0.0,0.0,0,0.0,0.0,0,0.0,0.0,0,42745.00,0.00,0.00,205,14.60,2.85,0.00,-9.9,4.998,4.998,4.998,4.998,32
2022-03-04 09:03:22,0.0,0.0,0,0.0,0.0,0,0.0,0.0,0,42745.00,0.00,0.00,205,14.60,2.85,0.00,-9.9,4.998,4.998,4.998,4.998,89
2022-03-04 09:04:22,0.0,0.0,0,0.0,0.0,0,0.0,0.0,0,42745.00,0.00,0.00,205,14.57,2.85,0.00,-10.4,4.998,4.998,4.998,4.998,240
2022-03-04 09:05:22,0.0,0.0,0,0.0,0.0,0,0.0,0.0,0,42745.00,0.00,0.00,205,14.60,2.85,0.00,-10.4,4.998,4.998,4.998,4.998,189
2022-03-04 09:06:22,0.0,0.0,0,0.0,0.0,0,0.0,0.0,0,42745.00,0.00,0.00,204,14.60,2.84,0.00,-10.4,4.998,4.998,4.998,4.998,195
2022-03-04 09:07:22,0.0,0.0,0,0.0,0.0,0,0.0,0.0,0,42745.00,0.00,0.00,205,14.57,2.85,0.00,-9.9,4.998,4.998,4.998,4.998,24
2022-03-04 09:08:22,0.0,0.0,0,0.0,0.0,0,0.0,0.0,0,42745.00,0.00,0.00,205,14.60,2.85,0.00,-10.4,4.998,4.998,4.998,4.998,74
2022-03-04 09:09:22,0.0,0.0,0,0.0,0.0,0,0.0,0.0,0,42745.00,0.00,0.00,204,14.60,2.84,0.00,-10.4,4.998,4.998,4.998,4.998,190
2022-03-04 09:10:22,0.0,0.0,0,0.0,0.0,0,0.0,0.0,0,42745.00,0.00,0.00,205,14.60,2.85,0.00,-10.4,4.998,4.998,4.998,4.998,52
2022-03-04 09:11:22,0.0,0.0,0,0.0,0.0,0,0.0,0.0,0,42745.00,0.00,0.00,205,14.60,2.85,0.00,-10.4,4.998,4.998,4.998,4.998,39
2022-03-04 09:12:22,0.0,0.0,0,0.0,0.0,0,0.0,0.0,0,42745.00,0.00,0.00,205,14.60,2.85,0.00,-9.9,4.998,4.998,4.998,4.998,51
2022-03-04 09:13:22,0.0,0.0,0,0.0,0.0,0,0.0,0.0,0,42745.00,0.00,0.00,205,14.60,2.85,0.00,-9.4,4.998,4.998,4.998,4.998,154
2022-03-04 09:14:22,0.0,0.0,0,0.0,0.0,0,0.0,0.0,0,42745.00,0.00,0.00,205,14.57,2.85,0.00,-9.4,4.998,4.998,4.998,4.998,29
2022-03-04 09:15:22,0.0,0.0,0,0.0,0.0,0,0.0,0.0,0,42745.00,0.00,0.00,205,14.60,2.85,0.00,-8.9,4.998,4.998,4.998,4.998,231
2022-03-04 09:16:22,0.0,0.0,0,0.0,0.0,0,0.0,0.0,0,42745.00,0.00,0.00,205,14.60,2.85,0.00,-9.4,4.998,4.998,4.998,4.998,63
2022-03-04 09:17:22,0.0,0.0,0,0.0,0.0,0,0.0,0.0,0,42745.00,0.00,0.00,205,14.60,2.85,0.00,-9.9,4.998,4.998,4.998,4.998,150
2022-03-04 09:18:22,0.0,0.0,0,0.0,0.0,0,0.0,0.0,0,42745.00,0.00,0.00,205,14.57,2.85,0.00,-8.9,4.998,4.998,4.998,4.998,177
2022-03-04 09:19:22,0.0,0.0,0,0.0,0.0,0,0.0,0.0,0,42745.00,0.00,0.00,205,14.60,2.85,0.00,-8.9,4.998,4.998,4.998,4.998,85
2022-03-04 09:20:22,0.0,0.0,0,0.0,0.0,0,0.0,0.0,0,42745.00,0.00,0.00,205,14.60,2.85,0.00,-9.4,4.998,4.998,4.998,4.998,197
2022-03-04 09:21:22,0.0,0.0,0,0.0,0.0,0,0.0,0.0,0,42745.00,0.00,0.00,205,14.60,2.85,0.00,-8.9,4.998,4.998,4.998,4.998,162
2022-03-04 09:22:22,0.0,0.0,0,0.0,0.0,0,0.0,0.0,0,42745.00,0.00,0.00,205,14.57,2.85,0.00,-9.4,4.998,4.998,4.998,4.998,231
2022-03-04 09:23:22,0.0,0.0,0,0.0,0.0,0,0.0,0.0,0,42745.00,0.00,0.00,205,14.60,2.85,0.00,-8.9,4.998,4.998,4.998,4.998,29
2022-03-04 09:24:22,0.0,0.0,0,0.0,0.0,0,0.0,0.0,0,42745.00,0.00,0.00,205,14.57,2.85,0.00,-8.9,4.998,4.998,4.998,4.998,154
2022-03-04 09:25:22,0.0,0.0,0,0.0,0.0,0,0.0,0.0,0,42745.00,0.00,0.00,204,14.57,2.84,0.00,-8.5,4.998,4.998,4.998,4.998,179
2022-03-04 09:26:22,0.0,0.0,0,0.0,0.0,0,0.0,0.0,0,42745.00,0.00,0.00,205,14.57,2.85,0.00,-8.9,4.998,4.998,4.998,4.998,37
2022-03-04 09:27:22,0.0,0.0,0,0.0,0.0,0,0.0,0.0,0,42745.00,0.00,0.00,205,14.60,2.85,0.00,-8.5,4.998,4.998,4.998,4.998,42
2022-03-04 09:28:22,0.0,0.0,0,0.0,0.0,0,0.0,0.0,0,42745.00,0.00,0.00,205,14.60,2.85,0.00,-8.5,4.998,4.998,4.998,4.998,94
2022-03-04 09:29:22,0.0,0.0,0,0.0,0.0,0,0.0,0.0,0,42745.00,0.00,0.00,205,14.57,2.85,0.00,-8.5,4.998,4.998,4.998,4.998,186
2022-03-04 09:30:22,0.0,0.0,0,0.0,0.0,0,0.0,0.0,0,42745.00,0.00,0.00,205,14.60,2.85,0.00,-8.0,4.998,4.998,4.998,4.998,87
2022-03-04 09:31:22,0.0,0.0,0,0.0,0.0,0,0.0,0.0,0,42745.00,0.00,0.00,205,14.57,2.85,0.00,-8.0,4.998,4.998,4.998,4.998,179
2022-03-04 09:32:22,0.0,0.0,0,0.0,0.0,0,0.0,0.0,0,42745.00,0.00,0.00,205,14.60,2.85,0.00,-7.5,4.998,4.998,4.998,4.998,221
2022-03-04 09:33:22,0.0,0.0,0,0.0,0.0,0,0.0,0.0,0,42745.00,0.00,0.00,205,14.60,2.85,0.00,-7.0,4.998,4.998,4.998,4.998,208
2022-03-04 09:34:22,0.0,1.4,8,0.0,0.0,0,0.0,0.0,0,42753.00,0.00,0.00,204,14.60,2.84,0.00,-7.0,4.998,4.998,4.998,4.998,68
2022-03-04 09:35:22,1.5,1.5,7,0.0,0.0,0,0.0,0.0,0,42760.00,0.00,0.00,205,14.57,2.85,0.00,-7.5,4.998,4.998,4.998,4.998,184
2022-03-04 09:36:22,0.0,2.0,14,0.0,0.0,0,0.0,0.0,0,42774.00,0.00,0.00,205,14.60,2.85,0.00,-7.5,4.998,4.998,4.998,4.998,214
2022-03-04 09:37:22,0.0,0.0,0,0.0,0.0,0,0.0,0.0,0,42774.00,0.00,0.00,205,14.60,2.85,0.00,-7.5,4.998,4.998,4.998,4.998,199
2022-03-04 09:38:22,2.1,2.6,42,0.0,0.0,0,0.0,0.0,0,42816.00,0.00,0.00,205,14.60,2.85,0.00,-7.0,4.998,4.998,4.998,4.998,61
2022-03-04 09:39:22,1.7,3.0,101,0.0,0.0,0,0.0,0.0,0,42917.00,0.00,0.00,205,14.57,2.85,0.00,-7.5,4.998,4.998,4.998,4.998,198
2022-03-04 09:40:22,1.2,2.4,48,0.0,0.0,0,0.0,0.0,0,42965.00,0.00,0.00,205,14.57,2.85,0.00,-7.0,4.998,4.998,4.998,4.998,239
2022-03-04 09:41:22,1.4,2.5,74,0.0,0.0,0,0.0,0.0,0,43039.00,0.00,0.00,205,14.60,2.85,0.00,-7.5,4.998,4.998,4.998,4.998,82
2022-03-04 09:42:22,2.1,3.1,85,0.0,0.0,0,0.0,0.0,0,43124.00,0.00,0.00,205,14.60,2.85,0.00,-7.0,4.998,4.998,4.998,4.998,145
2022-03-04 09:43:22,1.6,2.5,48,0.0,0.0,0,0.0,0.0,0,43172.00,0.00,0.00,205,14.60,2.85,0.00,-7.0,4.998,4.998,4.998,4.998,169
2022-03-04 09:44:22,0.0,1.9,35,0.0,0.0,0,0.0,0.0,0,43207.00,0.00,0.00,205,14.60,2.85,0.00,-6.5,4.998,4.998,4.998,4.998,75
2022-03-04 09:45:22,0.0,1.6,12,0.0,0.0,0,0.0,0.0,0,43219.00,0.00,0.00,204,14.60,2.84,0.00,-6.5,4.998,4.998,4.998,4.998,224
2022-03-04 09:46:22,0.0,1.4,10,0.0,0.0,0,0.0,0.0,0,43229.00,0.00,0.00,205,14.60,2.85,0.00,-6.0,4.998,4.998,4.998,4.998,67
2022-03-04 09:47:22,0.0,0.0,0,0.0,0.0,0,0.0,0.0,0,43229.00,0.00,0.00,204,14.60,2.84,0.00,-6.0,4.998,4.998,4.998,4.998,88
2022-03-04 09:48:22,2.7,3.1,53,0.0,0.0,0,0.0,0.0,0,43282.00,0.00,0.00,205,14.60,2.85,0.00,-5.5,4.998,4.998,4.998,4.998,173
2022-03-04 09:49:22,2.9,3.8,146,0.0,0.0,0,0.0,0.0,0,43428.00,0.00,0.00,205,14.60,2.85,0.00,-6.0,4.998,4.998,4.998,4.998,230
2022-03-04 09:50:22,1.9,3.2,85,0.0,0.0,0,0.0,0.0,0,43513.00,0.00,0.00,205,14.57,2.85,0.00,-6.0,4.998,4.998,4.998,4.998,92
2022-03-04 09:51:22,1.5,2.9,100,0.0,0.0,0,0.0,0.0,0,43613.00,0.00,0.00,205,14.64,2.85,0.00,-6.0,4.998,4.998,4.998,4.998,164
2022-03-04 09:52:22,3.4,3.4,100,0.0,0.0,0,0.0,0.0,0,43713.00,0.00,0.00,204,14.60,2.84,0.00,-6.0,4.998,4.998,4.998,4.998,234
2022-03-04 09:53:22,2.5,4.3,193,0.0,0.0,0,0.0,0.0,0,43906.00,0.00,0.00,204,14.57,2.84,0.00,-5.5,4.998,4.998,4.998,4.998,214
2022-03-04 09:54:22,3.1,3.9,167,0.0,0.0,0,0.0,0.0,0,44073.00,0.00,0.00,204,14.60,2.84,0.00,-5.5,4.998,4.998,4.998,4.998,224
2022-03-04 09:55:22,3.8,4.4,180,0.0,0.0,0,0.0,0.0,0,44253.00,0.00,0.00,181,14.60,2.52,0.00,-5.5,4.998,4.998,4.998,4.998,99
2022-03-04 09:56:22,4.5,5.5,193,0.0,0.0,0,0.0,0.0,0,44446.00,0.00,0.00,200,14.60,2.77,0.00,-5.5,4.998,4.998,4.998,4.998,161
2022-03-04 09:57:22,2.9,4.8,222,0.0,0.0,0,0.0,0.0,0,44668.00,0.00,0.00,195,14.60,2.71,0.00,-5.0,4.998,4.998,4.998,4.998,97
2022-03-04 09:58:22,5.1,9.2,338,0.0,0.0,0,0.0,0.0,0,45006.00,0.00,0.00,178,14.60,2.47,0.00,-5.5,4.998,4.998,4.998,4.998,119
2022-03-04 09:59:22,2.5,5.6,176,0.0,0.0,0,0.0,0.0,0,45182.00,0.00,0.00,178,14.64,2.48,0.00,-5.0,4.998,4.998,4.998,4.998,76
2022-03-04 10:00:22,2.4,3.6,112,0.0,0.0,0,0.0,0.0,0,45294.00,0.00,0.00,179,14.60,2.49,0.00,-4.5,4.998,4.998,4.998,4.998,44
2022-03-04 10:01:22,2.1,3.1,104,0.0,0.0,0,0.0,0.0,0,45398.00,0.00,0.00,178,14.60,2.48,0.00,-5.0,4.998,4.998,4.998,4.998,190
2022-03-04 10:02:22,1.4,4.0,134,0.0,0.0,0,0.0,0.0,0,45532.00,0.00,0.00,175,14.60,2.43,0.00,-5.0,4.998,4.998,4.998,4.998,3
2022-03-04 10:03:22,3.4,4.9,128,0.0,0.0,0,0.0,0.0,0,45660.00,0.00,0.00,183,14.57,2.55,0.00,-4.5,4.998,4.998,4.998,4.998,67
2022-03-04 10:04:22,2.9,3.9,161,0.0,0.0,0,0.0,0.0,0,45821.00,0.00,0.00,184,14.60,2.56,0.00,-4.5,4.998,4.998,4.998,4.998,16
2022-03-04 10:05:22,3.1,4.0,185,0.0,0.0,0,0.0,0.0,0,46006.00,0.00,0.00,184,14.60,2.55,0.00,-4.5,4.998,4.998,4.998,4.998,144
2022-03-04 10:06:22,2.3,4.1,162,0.0,0.0,0,0.0,0.0,0,46168.00,0.00,0.00,184,14.60,2.55,0.00,-4.1,4.998,4.998,4.998,4.998,12
2022-03-04 10:07:22,3.8,4.7,155,0.0,0.0,0,0.0,0.0,0,46323.00,0.00,0.00,194,14.60,2.69,0.00,-4.5,4.998,4.998,4.998,4.998,94
2022-03-04 10:08:22,2.3,3.7,98,0.0,0.0,0,0.0,0.0,0,46421.00,0.00,0.00,194,14.60,2.69,0.00,-4.5,4.998,4.998,4.998,4.998,166
2022-03-04 10:09:22,0.0,2.7,42,0.0,0.0,0,0.0,0.0,0,46463.00,0.00,0.00,194,14.60,2.69,0.00,-4.1,4.998,4.998,4.998,4.998,236
2022-03-04 10:10:22,0.0,2.0,31,0.0,0.0,0,0.0,0.0,0,46494.00,0.00,0.00,194,14.60,2.69,0.00,-3.6,4.998,4.998,4.998,4.998,64
2022-03-04 10:11:22,1.4,2.9,82,0.0,0.0,0,0.0,0.0,0,46576.00,0.00,0.00,194,14.57,2.70,0.00,-3.6,4.998,4.998,4.998,4.998,96
2022-03-04 10:12:22,2.0,3.4,109,0.0,0.0,0,0.0,0.0,0,46685.00,0.00,0.00,194,14.60,2.69,0.00,-3.6,4.998,4.998,4.998,4.998,30
2022-03-04 10:13:22,2.2,3.0,109,0.0,0.0,0,0.0,0.0,0,46794.00,0.00,0.00,194,14.60,2.69,0.00,-3.6,4.998,4.998,4.998,4.998,246
2022-03-04 10:14:22,0.0,2.2,32,0.0,0.0,0,0.0,0.0,0,46826.00,0.00,0.00,194,14.57,2.69,0.00,-4.1,4.998,4.998,4.998,4.998,5
2022-03-04 10:15:22,0.0,0.0,0,0.0,0.0,0,0.0,0.0,0,46826.00,0.00,0.00,194,14.60,2.69,0.00,-3.6,4.998,4.998,4.998,4.998,11
2022-03-04 10:16:22,2.0,2.9,45,0.0,0.0,0,0.0,0.0,0,46871.00,0.00,0.00,193,14.60,2.69,0.00,-3.1,4.998,4.998,4.998,4.998,233
2022-03-04 10:17:22,1.3,3.1,98,0.0,0.0,0,0.0,0.0,0,46969.00,0.00,0.00,193,14.64,2.68,0.00,-3.1,4.998,4.998,4.998,4.998,134
2022-03-04 10:18:22,1.7,3.1,112,0.0,0.0,0,0.0,0.0,0,47081.00,0.00,0.00,193,14.60,2.68,0.00,-3.1,4.998,4.998,4.998,4.998,3
2022-03-04 10:19:22,0.0,1.7,13,0.0,0.0,0,0.0,0.0,0,47094.00,0.00,0.00,193,14.57,2.68,0.00,-3.1,4.998,4.998,4.998,4.998,232
2022-03-04 10:20:22,0.0,0.0,0,0.0,0.0,0,0.0,0.0,0,47094.00,0.00,0.00,193,14.60,2.69,0.00,-2.6,4.998,4.998,4.998,4.998,104
2022-03-04 10:21:22,0.0,0.0,0,0.0,0.0,0,0.0,0.0,0,47094.00,0.00,0.00,193,14.60,2.68,0.00,-3.1,4.998,4.998,4.998,4.998,254
2022-03-04 10:22:22,0.0,0.0,0,0.0,0.0,0,0.0,0.0,0,47094.00,0.00,0.00,193,14.64,2.68,0.00,-2.6,4.998,4.998,4.998,4.998,105
2022-03-04 10:23:22,0.0,0.0,0,0.0,0.0,0,0.0,0.0,0,47094.00,0.00,0.00,193,14.57,2.68,0.00,-2.6,4.998,4.998,4.998,4.998,248
2022-03-04 10:24:22,0.0,0.0,0,0.0,0.0,0,0.0,0.0,0,47094.00,0.00,0.00,193,14.57,2.68,0.00,-2.6,4.998,4.998,4.998,4.998,226
2022-03-04 10:25:22,3.6,3.6,37,0.0,0.0,0,0.0,0.0,0,47131.00,0.00,0.00,193,14.64,2.69,0.00,-2.6,4.998,4.998,4.998,4.998,215
2022-03-04 10:26:22,0.0,3.9,96,0.0,0.0,0,0.0,0.0,0,47227.00,0.00,0.00,194,14.60,2.70,0.00,-3.1,4.998,4.998,4.998,4.998,82
2022-03-04 10:27:22,0.0,0.0,0,0.0,0.0,0,0.0,0.0,0,47227.00,0.00,0.00,194,14.60,2.70,0.00,-3.1,4.998,4.998,4.998,4.998,43
2022-03-04 10:28:22,0.0,0.0,0,0.0,0.0,0,0.0,0.0,0,47227.00,0.00,0.00,194,14.60,2.69,0.00,-2.6,4.998,4.998,4.998,4.998,253
2022-03-04 10:29:22,2.7,3.8,136,0.0,0.0,0,0.0,0.0,0,47363.00,0.00,0.00,193,14.64,2.68,0.00,-3.1,4.998,4.998,4.998,4.998,170
2022-03-04 10:30:22,0.0,2.7,13,0.0,0.0,0,0.0,0.0,0,47376.00,0.00,0.00,193,14.60,2.68,0.00,-2.6,4.998,4.998,4.998,4.998,83
2022-03-04 10:31:22,4.5,4.8,40,0.0,0.0,0,0.0,0.0,0,47416.00,0.00,0.00,176,14.57,2.45,0.00,-2.6,4.998,4.998,4.998,4.998,14
2022-03-04 10:32:22,2.0,4.5,160,0.0,0.0,0,0.0,0.0,0,47576.00,0.00,0.00,176,14.45,2.45,0.00,-2.6,4.998,4.998,4.998,4.998,19
2022-03-04 10:33:22,0.0,2.1,55,0.0,0.0,0,0.0,0.0,0,47631.00,0.00,0.00,176,14.45,2.44,0.00,-2.1,4.998,4.998,4.998,4.998,11
2022-03-04 10:34:22,0.0,0.0,0,0.0,0.0,0,0.0,0.0,0,47631.00,0.00,0.00,176,14.41,2.45,0.00,-2.1,4.998,4.998,4.998,4.998,20
2022-03-04 10:35:22,0.0,1.6,18,0.0,0.0,0,0.0,0.0,0,47649.00,0.00,0.00,176,14.41,2.45,0.00,-2.1,4.998,4.998,4.998,4.998,71
2022-03-04 10:36:22,0.0,0.0,2,0.0,0.0,0,0.0,0.0,0,47651.00,0.00,0.00,176,14.41,2.44,0.00,-1.6,4.998,4.998,4.998,4.998,210
2022-03-04 10:37:22,0.0,1.8,16,0.0,0.0,0,0.0,0.0,0,47667.00,0.00,0.00,176,14.41,2.45,0.00,-2.1,4.998,4.998,4.998,4.998,87
2022-03-04 10:38:22,0.0,0.0,0,0.0,0.0,0,0.0,0.0,0,47667.00,0.00,0.00,176,14.41,2.45,0.00,-2.1,4.998,4.998,4.998,4.998,207
2022-03-04 10:39:22,0.0,0.0,0,0.0,0.0,0,0.0,0.0,0,47667.00,0.00,0.00,176,14.37,2.44,0.00,-1.6,4.998,4.998,4.998,4.998,212
2022-03-04 10:40:22,0.0,0.0,0,0.0,0.0,0,0.0,0.0,0,47667.00,0.00,0.00,176,14.41,2.45,0.00,-0.6,4.998,4.998,4.998,4.998,240
2022-03-04 10:41:22,0.0,0.0,0,0.0,0.0,0,0.0,0.0,0,47667.00,0.00,0.00,176,14.37,2.44,0.00,-0.6,4.998,4.998,4.998,4.998,168
2022-03-04 10:42:22,1.6,3.5,80,0.0,0.0,0,0.0,0.0,0,47747.00,0.00,0.00,57,14.37,0.80,0.00,-1.1,4.998,4.998,4.998,4.998,123
2022-03-04 10:43:22,4.0,6.0,196,0.0,0.0,0,0.0,0.0,0,47943.00,0.00,0.00,166,14.37,2.31,0.00,-2.1,4.998,4.998,4.998,4.998,30
2022-03-04 10:44:22,4.6,5.5,181,0.0,0.0,0,0.0,0.0,0,48124.00,0.00,0.00,166,14.37,2.31,0.00,-2.6,4.998,4.998,4.998,4.998,187
2022-03-04 10:45:22,4.4,4.8,219,0.0,0.0,0,0.0,0.0,0,48343.00,0.00,0.00,129,14.37,1.80,0.00,-2.6,4.998,4.998,4.998,4.998,165
2022-03-04 10:46:22,4.3,4.8,204,0.0,0.0,0,0.0,0.0,0,48547.00,0.00,0.00,100,14.33,1.39,0.00,-2.6,4.998,4.998,4.998,4.998,217
2022-03-04 10:47:22,2.7,5.2,217,0.0,0.0,0,0.0,0.0,0,48764.00,0.00,0.00,89,14.41,1.24,0.00,-3.1,4.998,4.998,4.998,4.998,64
2022-03-04 10:48:22,3.9,4.3,181,0.0,0.0,0,0.0,0.0,0,48945.00,0.00,0.00,90,14.33,1.25,0.00,-2.6,4.998,4.998,4.998,4.998,159
2022-03-04 10:49:22,4.3,5.7,245,0.0,0.0,0,0.0,0.0,0,49190.00,0.00,0.00,99,14.33,1.38,0.00,-2.6,4.998,4.998,4.998,4.998,5
2022-03-04 10:50:22,0.0,4.6,151,0.0,0.0,0,0.0,0.0,0,49341.00,0.00,0.00,187,14.37,2.59,0.00,-2.1,4.998,4.998,4.998,4.998,131
2022-03-04 10:51:22,0.0,0.0,0,0.0,0.0,0,0.0,0.0,0,49341.00,0.00,0.00,187,14.33,2.60,0.00,-1.6,4.998,4.998,4.998,4.998,7
2022-03-04 10:52:22,0.0,0.0,0,0.0,0.0,0,0.0,0.0,0,49341.00,0.00,0.00,187,14.33,2.59,0.00,-1.1,4.998,4.998,4.998,4.998,85
2022-03-04 10:53:22,0.0,0.0,0,0.0,0.0,0,0.0,0.0,0,49341.00,0.00,0.00,187,14.33,2.59,0.00,-0.6,4.998,4.998,4.998,4.998,8
2022-03-04 10:54:22,0.0,0.0,0,0.0,0.0,0,0.0,0.0,0,49341.00,0.00,0.00,187,14.33,2.59,0.00,-1.1,4.998,4.998,4.998,4.998,54
2022-03-04 10:55:22,0.0,0.0,0,0.0,0.0,0,0.0,0.0,0,49341.00,0.00,0.00,187,14.41,2.59,0.00,-1.1,4.998,4.998,4.998,4.998,208
2022-03-04 10:56:22,0.0,0.0,0,0.0,0.0,0,0.0,0.0,0,49341.00,0.00,0.00,187,14.41,2.59,0.00,-1.1,4.998,4.998,4.998,4.998,22
2022-03-04 10:57:22,1.7,2.2,27,0.0,0.0,0,0.0,0.0,0,49368.00,0.00,0.00,187,14.37,2.59,0.00,-1.1,4.998,4.998,4.998,4.998,130
2022-03-04 10:58:22,0.0,2.4,51,0.0,0.0,0,0.0,0.0,0,49419.00,0.00,0.00,187,14.37,2.59,0.00,-1.6,4.998,4.998,4.998,4.998,73
2022-03-04 10:59:22,1.3,1.3,6,0.0,0.0,0,0.0,0.0,0,49425.00,0.00,0.00,187,14.37,2.59,0.00,-1.1,4.998,4.998,4.998,4.998,175
2022-03-04 11:00:22,0.0,3.2,77,0.0,0.0,0,0.0,0.0,0,49502.00,0.00,0.00,192,14.33,2.67,0.00,-1.6,4.998,4.998,4.998,4.998,79
2022-03-04 11:01:22,0.0,0.0,0,0.0,0.0,0,0.0,0.0,0,49502.00,0.00,0.00,192,14.29,2.67,0.00,-1.6,4.998,4.998,4.998,4.998,6
2022-03-04 11:02:22,0.9,2.1,26,0.0,0.0,0,0.0,0.0,0,49528.00,0.00,0.00,191,14.29,2.66,0.00,-1.6,4.998,4.998,4.998,4.998,182
2022-03-04 11:03:22,2.3,2.9,120,0.0,0.0,0,0.0,0.0,0,49648.00,0.00,0.00,192,14.29,2.67,0.00,-2.1,4.998,4.998,4.998,4.998,93
2022-03-04 11:04:22,2.0,2.8,68,0.0,0.0,0,0.0,0.0,0,49716.00,0.00,0.00,192,14.33,2.67,0.00,-1.6,4.998,4.998,4.998,4.998,139
2022-03-04 11:05:22,1.4,2.2,63,0.0,0.0,0,0.0,0.0,0,49779.00,0.00,0.00,192,14.33,2.67,0.00,-1.6,4.998,4.998,4.998,4.998,253
2022-03-04 11:06:22,0.0,1.1,3,0.0,0.0,0,0.0,0.0,0,49782.00,0.00,0.00,192,14.29,2.67,0.00,-1.1,4.998,4.998,4.998,4.998,159
2022-03-04 11:07:22,0.0,0.0,0,0.0,0.0,0,0.0,0.0,0,49782.00,0.00,0.00,192,14.29,2.67,0.00,-0.6,4.998,4.998,4.998,4.998,191
2022-03-04 11:08:22,0.0,0.0,0,0.0,0.0,0,0.0,0.0,0,49782.00,0.00,0.00,192,14.29,2.67,0.00,-1.1,4.998,4.998,4.998,4.998,239
2022-03-04 11:09:22,3.3,3.7,48,0.0,0.0,0,0.0,0.0,0,49830.00,0.00,0.00,191,14.29,2.66,0.00,-0.6,4.998,4.998,4.998,4.998,23
2022-03-04 11:10:22,1.9,4.2,157,0.0,0.0,0,0.0,0.0,0,49987.00,0.00,0.00,191,14.29,2.66,0.00,-1.1,4.998,4.998,4.998,4.998,180
2022-03-04 11:11:22,3.2,3.2,20,0.0,0.0,0,0.0,0.0,0,50007.00,0.00,0.00,191,14.29,2.66,0.00,-1.1,4.998,4.998,4.998,4.998,44
2022-03-04 11:12:22,0.0,3.4,64,0.0,0.0,0,0.0,0.0,0,50071.00,0.00,0.00,191,14.29,2.66,0.00,-1.1,4.998,4.998,4.998,4.998,205
2022-03-04 11:13:22,1.2,3.0,76,0.0,0.0,0,0.0,0.0,0,50147.00,0.00,0.00,191,14.29,2.66,0.00,-1.1,4.998,4.998,4.998,4.998,228
2022-03-04 11:14:22,2.0,3.4,42,0.0,0.0,0,0.0,0.0,0,50189.00,0.00,0.00,187,14.33,2.59,0.00,-0.6,4.998,4.998,4.998,4.998,229
2022-03-04 11:15:22,0.0,2.0,18,0.0,0.0,0,0.0,0.0,0,50207.00,0.00,0.00,187,14.29,2.59,0.00,-0.2,4.998,4.998,4.998,4.998,28
2022-03-04 11:16:22,1.2,2.8,71,0.0,0.0,0,0.0,0.0,0,50278.00,0.00,0.00,187,14.33,2.60,0.00,-0.2,4.998,4.998,4.998,4.998,228
2022-03-04 11:17:22,2.3,2.5,8,0.0,0.0,0,0.0,0.0,0,50286.00,0.00,0.00,187,14.29,2.60,0.00,-0.6,4.998,4.998,4.998,4.998,155
2022-03-04 11:18:22,0.0,2.5,56,0.0,0.0,0,0.0,0.0,0,50342.00,0.00,0.00,187,14.29,2.60,0.00,-0.6,4.998,4.998,4.998,4.998,223
2022-03-04 11:19:22,0.0,0.0,0,0.0,0.0,0,0.0,0.0,0,50342.00,0.00,0.00,187,14.29,2.60,0.00,-0.2,4.998,4.998,4.998,4.998,34
2022-03-04 11:20:22,1.5,2.4,26,0.0,0.0,0,0.0,0.0,0,50368.00,0.00,0.00,187,14.29,2.60,0.00,0.2,4.998,4.998,4.998,4.998,223
2022-03-04 11:21:22,3.2,4.3,173,0.0,0.0,0,0.0,0.0,0,50541.00,0.00,0.00,217,14.33,3.01,0.00,-0.6,4.998,4.998,4.998,4.998,173
2022-03-04 11:22:22,3.0,4.8,163,0.0,0.0,0,0.0,0.0,0,50704.00,0.00,0.00,204,14.33,2.83,0.00,-0.6,4.998,4.998,4.998,4.998,36
2022-03-04 11:23:22,4.1,5.5,192,0.0,0.0,0,0.0,0.0,0,50896.00,0.00,0.00,176,14.33,2.44,0.00,-1.1,4.998,4.998,4.998,4.998,53
2022-03-04 11:24:22,3.6,5.2,149,0.0,0.0,0,0.0,0.0,0,51045.00,0.00,0.00,228,14.29,3.17,0.00,-0.6,4.998,4.998,4.998,4.998,89
2022-03-04 11:25:22,2.8,5.3,180,0.0,0.0,0,0.0,0.0,0,51225.00,0.00,0.00,228,14.29,3.17,0.00,-1.1,4.998,4.998,4.998,4.998,4
2022-03-04 11:26:22,1.0,3.1,99,0.0,0.0,0,0.0,0.0,0,51324.00,0.00,0.00,228,14.33,3.17,0.00,-1.1,4.998,4.998,4.998,4.998,216
2022-03-04 11:27:22,4.8,5.7,143,0.0,0.0,0,0.0,0.0,0,51467.00,0.00,0.00,189,14.29,2.63,0.00,-0.6,4.998,4.998,4.998,4.998,227
2022-03-04 11:28:22,2.2,5.3,199,0.0,0.0,0,0.0,0.0,0,51666.00,0.00,0.00,196,14.29,2.73,0.00,-1.1,4.998,4.998,4.998,4.998,176
2022-03-04 11:29:22,2.7,3.9,159,0.0,0.0,0,0.0,0.0,0,51825.00,0.00,0.00,196,14.29,2.72,0.00,-0.6,4.998,4.998,4.998,4.998,4
2022-03-04 11:30:22,1.2,6.0,175,0.0,0.0,0,0.0,0.0,0,52000.00,0.00,0.00,196,14.25,2.72,0.00,-0.6,4.998,4.998,4.998,4.998,93
2022-03-04 11:31:22,0.0,2.7,35,0.0,0.0,0,0.0,0.0,0,52035.00,0.00,0.00,196,14.21,2.72,0.00,-0.2,4.998,4.998,4.998,4.998,54
2022-03-04 11:32:22,0.0,1.9,26,0.0,0.0,0,0.0,0.0,0,52061.00,0.00,0.00,196,14.25,2.72,0.00,0.7,4.998,4.998,4.998,4.998,130
2022-03-04 11:33:22,0.0,0.0,0,0.0,0.0,0,0.0,0.0,0,52061.00,0.00,0.00,196,14.25,2.72,0.00,1.2,4.998,4.998,4.998,4.998,172
2022-03-04 11:34:22,0.0,0.0,0,0.0,0.0,0,0.0,0.0,0,52061.00,0.00,0.00,196,14.21,2.72,0.00,1.7,4.998,4.998,4.998,4.998,210
2022-03-04 11:35:22,0.0,0.0,0,0.0,0.0,0,0.0,0.0,0,52061.00,0.00,0.00,196,14.21,2.72,0.00,2.2,4.998,4.998,4.998,4.998,103
2022-03-04 11:36:22,0.0,1.8,18,0.0,0.0,0,0.0,0.0,0,52079.00,0.00,0.00,196,14.25,2.72,0.00,2.2,4.998,4.998,4.998,4.998,80
2022-03-04 11:37:22,2.2,2.4,18,0.0,0.0,0,0.0,0.0,0,52097.00,0.00,0.00,196,14.21,2.73,0.00,2.2,4.998,4.998,4.998,4.998,74
2022-03-04 11:38:22,0.0,2.7,41,0.0,0.0,0,0.0,0.0,0,52138.00,0.00,0.00,197,14.25,2.74,0.00,1.7,4.998,4.998,4.998,4.998,87
2022-03-04 11:39:22,0.0,0.0,1,0.0,0.0,0,0.0,0.0,0,52139.00,0.00,0.00,197,14.29,2.73,0.00,1.7,4.998,4.998,4.998,4.998,205
2022-03-04 11:40:22,0.0,0.0,0,0.0,0.0,0,0.0,0.0,0,52139.00,0.00,0.00,197,14.25,2.73,0.00,2.2,4.998,4.998,4.998,4.998,188
2022-03-04 11:41:22,0.0,1.2,10,0.0,0.0,0,0.0,0.0,0,52149.00,0.00,0.00,197,14.25,2.73,0.00,1.7,4.998,4.998,4.998,4.998,83
2022-03-04 11:42:22,2.1,2.4,78,0.0,0.0,0,0.0,0.0,0,52227.00,0.00,0.00,196,14.29,2.72,0.00,1.2,4.998,4.998,4.998,4.998,30
2022-03-04 11:43:22,2.2,3.2,79,0.0,0.0,0,0.0,0.0,0,52306.00,0.00,0.00,196,14.25,2.72,0.00,2.2,4.998,4.998,4.998,4.998,207
2022-03-04 11:44:22,4.0,5.4,202,0.0,0.0,0,0.0,0.0,0,52508.00,0.00,0.00,145,14.29,2.01,0.00,1.2,4.998,4.998,4.998,4.998,207
2022-03-04 11:45:22,3.4,6.3,270,0.0,0.0,0,0.0,0.0,0,52778.00,0.00,0.00,122,14.25,1.69,0.00,0.7,4.998,4.998,4.998,4.998,164
2022-03-04 11:46:22,1.5,4.3,146,0.0,0.0,0,0.0,0.0,0,52924.00,0.00,0.00,140,14.25,1.94,0.00,0.7,4.998,4.998,4.998,4.998,79
2022-03-04 11:47:22,2.9,4.1,99,0.0,0.0,0,0.0,0.0,0,53023.00,0.00,0.00,162,14.25,2.26,0.00,0.7,4.998,4.998,4.998,4.998,203
2022-03-04 11:48:22,4.5,8.6,353,0.0,0.0,0,0.0,0.0,0,53376.00,0.00,0.00,220,14.21,3.05,0.00,-0.2,4.998,4.998,4.998,4.998,174
2022-03-04 11:49:22,4.5,7.7,319,0.0,0.0,0,0.0,0.0,0,53695.00,0.00,0.00,227,14.21,3.15,0.00,-0.6,4.998,4.998,4.998,4.998,80
2022-03-04 11:50:22,5.3,6.4,261,0.0,0.0,0,0.0,0.0,0,53956.00,0.00,0.00,214,14.21,2.98,0.00,-0.6,4.998,4.998,4.998,4.998,73
2022-03-04 11:51:22,4.9,9.6,421,0.0,0.0,0,0.0,0.0,0,54377.00,0.00,0.00,230,14.21,3.19,0.00,-0.6,4.998,4.998,4.998,4.998,103
2022-03-04 11:52:22,4.0,7.5,269,0.0,0.0,0,0.0,0.0,0,54646.00,0.00,0.00,210,14.17,2.92,0.00,-0.2,4.998,4.998,4.998,4.998,54
2022-03-04 11:53:22,3.9,7.4,251,0.0,0.0,0,0.0,0.0,0,54897.00,0.00,0.00,245,14.17,3.40,0.00,-0.2,4.998,4.998,4.998,4.998,90
2022-03-04 11:54:22,5.0,5.5,222,0.0,0.0,0,0.0,0.0,0,55119.00,0.00,0.00,251,14.21,3.49,0.00,-0.2,4.998,4.998,4.998,4.998,100
2022-03-04 11:55:22,5.9,8.1,404,0.0,0.0,0,0.0,0.0,0,55523.00,0.00,0.00,241,14.21,3.35,0.00,-0.6,4.998,4.998,4.998,4.998,25
2022-03-04 11:56:22,5.0,9.2,342,0.0,0.0,0,0.0,0.0,0,55865.00,0.00,0.00,243,14.21,3.37,0.00,-0.6,4.998,4.998,4.998,4.998,86
2022-03-04 11:57:22,6.8,8.5,350,0.0,0.0,0,0.0,0.0,0,56215.00,0.00,0.00,194,14.17,2.69,0.00,-0.6,4.998,4.998,4.998,4.998,213
2022-03-04 11:58:22,2.0,7.4,243,0.0,0.0,0,0.0,0.0,0,56458.00,0.00,0.00,173,14.17,2.41,0.00,-0.6,4.998,4.998,4.998,4.998,245
2022-03-04 11:59:22,3.7,6.4,260,0.0,0.0,0,0.0,0.0,0,56718.00,0.00,0.00,177,14.21,2.46,0.00,-0.2,4.998,4.998,4.998,4.998,37
2022-03-04 12:00:22,4.8,7.7,273,0.0,0.0,0,0.0,0.0,0,56991.00,0.00,0.00,202,14.21,2.80,0.00,-0.2,4.998,4.998,4.998,4.998,76
2022-03-04 12:01:22,5.5,7.6,305,0.0,0.0,0,0.0,0.0,0,57296.00,0.00,0.00,198,14.25,2.75,0.00,-0.2,4.998,4.998,4.998,4.998,61
2022-03-04 12:02:22,7.6,8.4,303,0.0,0.0,0,0.0,0.0,0,57599.00,0.00,0.00,226,14.21,3.13,0.00,-0.6,4.998,4.998,4.998,4.998,19
2022-03-04 12:03:22,4.3,9.0,356,0.0,0.0,0,0.0,0.0,0,57955.00,0.00,0.00,228,14.21,3.17,0.00,-0.6,4.998,4.998,4.998,4.998,187
2022-03-04 12:04:22,6.4,9.5,357,0.0,0.0,0,0.0,0.0,0,58312.00,0.00,0.00,207,14.21,2.88,0.00,-0.6,4.998,4.998,4.998,4.998,159
2022-03-04 12:05:22,2.0,7.3,303,0.0,0.0,0,0.0,0.0,0,58615.00,0.00,0.00,159,14.21,2.21,0.00,-0.6,4.998,4.998,4.998,4.998,70
2022-03-04 12:06:22,1.3,2.6,40,0.0,0.0,0,0.0,0.0,0,58655.00,0.00,0.00,159,14.17,2.21,0.00,0.2,4.998,4.998,4.998,4.998,65
2022-03-04 12:07:22,0.0,2.7,43,0.0,0.0,0,0.0,0.0,0,58698.00,0.00,0.00,159,14.21,2.22,0.00,0.2,4.998,4.998,4.998,4.998,136
2022-03-04 12:08:22,2.3,4.1,147,0.0,0.0,0,0.0,0.0,0,58845.00,0.00,0.00,173,14.21,2.40,0.00,0.2,4.998,4.998,4.998,4.998,238
2022-03-04 12:09:22,3.0,4.5,146,0.0,0.0,0,0.0,0.0,0,58991.00,0.00,0.00,173,14.25,2.41,0.00,0.2,4.998,4.998,4.998,4.998,230
2022-03-04 12:10:22,4.2,5.5,249,0.0,0.0,0,0.0,0.0,0,59240.00,0.00,0.00,169,14.21,2.35,0.00,-0.2,4.998,4.998,4.998,4.998,35
2022-03-04 12:11:22,7.1,8.0,350,0.0,0.0,0,0.0,0.0,0,59590.00,0.00,0.00,170,14.25,2.36,0.00,-0.2,4.998,4.998,4.998,4.998,191
2022-03-04 12:12:22,4.2,8.3,397,0.0,0.0,0,0.0,0.0,0,59987.00,0.00,0.00,159,14.25,2.22,0.00,-0.6,4.998,4.998,4.998,4.998,108
2022-03-04 12:13:22,5.6,7.0,221,0.0,0.0,0,0.0,0.0,0,60208.00,0.00,0.00,200,14.21,2.77,0.00,-0.2,4.998,4.998,4.998,4.998,103
2022-03-04 12:14:22,1.8,7.2,240,0.0,0.0,0,0.0,0.0,0,60448.00,0.00,0.00,199,14.25,2.76,0.00,0.2,4.998,4.998,4.998,4.998,253
2022-03-04 12:15:22,4.1,5.3,220,0.0,0.0,0,0.0,0.0,0,60668.00,0.00,0.00,193,14.21,2.68,0.00,0.2,4.998,4.998,4.998,4.998,208
2022-03-04 12:16:22,4.5,6.6,311,0.0,0.0,0,0.0,0.0,0,60979.00,0.00,0.00,251,14.21,3.49,0.00,-0.2,4.998,4.998,4.998,4.998,249
2022-03-04 12:17:22,3.5,6.7,257,0.0,0.0,0,0.0,0.0,0,61236.00,0.00,0.00,206,14.21,2.86,0.00,-0.2,4.998,4.998,4.998,4.998,172
2022-03-04 12:18:22,7.4,9.2,143,0.0,0.0,0,0.0,0.0,0,61379.00,0.00,0.00,240,14.21,3.34,0.00,0.2,4.998,4.998,4.998,4.998,215
2022-03-04 12:19:22,5.1,8.9,377,0.0,0.0,0,0.0,0.0,0,61756.00,0.00,0.00,237,14.21,3.29,0.00,-0.2,4.998,4.998,4.998,4.998,180
2022-03-04 12:20:22,2.9,5.2,202,0.0,0.0,0,0.0,0.0,0,61958.00,0.00,0.00,229,14.21,3.19,0.00,-0.2,4.998,4.998,4.998,4.998,27
2022-03-04 12:21:22,1.9,5.5,186,0.0,0.0,0,0.0,0.0,0,62144.00,0.00,0.00,230,14.25,3.19,0.00,-0.2,4.998,4.998,4.998,4.998,246
2022-03-04 12:22:22,2.9,3.4,59,0.0,0.0,0,0.0,0.0,0,62203.00,0.00,0.00,230,14.21,3.20,0.00,0.2,4.998,4.998,4.998,4.998,192
2022-03-04 12:23:22,2.3,6.9,248,0.0,0.0,0,0.0,0.0,0,62451.00,0.00,0.00,228,14.25,3.17,0.00,-0.2,4.998,4.998,4.998,4.998,215
2022-03-04 12:24:22,3.6,6.5,278,0.0,0.0,0,0.0,0.0,0,62729.00,0.00,0.00,260,14.25,3.62,0.00,-0.2,4.998,4.998,4.998,4.998,171
2022-03-04 12:25:22,0.0,3.4,60,0.0,0.0,0,0.0,0.0,0,62789.00,0.00,0.00,260,14.21,3.61,0.00,0.2,4.998,4.998,4.998,4.998,74
2022-03-04 12:26:22,7.7,8.2,188,0.0,0.0,0,0.0,0.0,0,62977.00,0.00,0.00,257,14.21,3.57,0.00,0.7,4.998,4.998,4.998,4.998,175
2022-03-04 12:27:22,3.6,8.1,320,0.0,0.0,0,0.0,0.0,0,63297.00,0.00,0.00,154,14.25,2.14,0.00,0.2,4.998,4.998,4.998,4.998,109
2022-03-04 12:28:22,2.4,4.3,168,0.0,0.0,0,0.0,0.0,0,63465.00,0.00,0.00,157,14.25,2.18,0.00,0.7,4.998,4.998,4.998,4.998,68
2022-03-04 12:29:22,0.0,2.6,60,0.0,0.0,0,0.0,0.0,0,63525.00,0.00,0.00,157,14.25,2.18,0.00,1.2,4.998,4.998,4.998,4.998,221
2022-03-04 12:30:22,3.2,3.8,24,0.0,0.0,0,0.0,0.0,0,63549.00,0.00,0.00,213,14.25,2.96,0.00,1.7,4.998,4.998,4.998,4.998,90
2022-03-04 12:31:22,0.0,3.0,23,0.0,0.0,0,0.0,0.0,0,63572.00,0.00,0.00,211,14.21,2.93,0.00,1.7,4.998,4.998,4.998,4.998,208
2022-03-04 12:32:22,4.6,4.6,45,0.0,0.0,0,0.0,0.0,0,63617.00,0.00,0.00,52,14.25,0.72,0.00,2.2,4.998,4.998,4.998,4.998,28
2022-03-04 12:33:22,4.2,5.0,241,0.0,0.0,0,0.0,0.0,0,63858.00,0.00,0.00,39,14.21,0.54,0.00,1.2,4.998,4.998,4.998,4.998,35
2022-03-04 12:34:22,2.9,6.1,238,0.0,0.0,0,0.0,0.0,0,64096.00,0.00,0.00,64,14.21,0.89,0.00,0.7,4.998,4.998,4.998,4.998,154
2022-03-04 12:35:22,3.3,5.6,196,0.0,0.0,0,0.0,0.0,0,64292.00,0.00,0.00,206,14.21,2.86,0.00,1.2,4.998,4.998,4.998,4.998,85
2022-03-04 12:36:22,5.6,8.4,388,0.0,0.0,0,0.0,0.0,0,64680.00,0.00,0.00,187,14.25,2.60,0.00,0.2,4.998,4.998,4.998,4.998,134
2022-03-04 12:37:22,1.7,6.0,212,0.0,0.0,0,0.0,0.0,0,64892.00,0.00,0.00,189,14.25,2.63,0.00,1.2,4.998,4.998,4.998,4.998,77
2022-03-04 12:38:22,2.0,3.0,71,0.0,0.0,0,0.0,0.0,0,64963.00,0.00,0.00,194,14.29,2.70,0.00,1.2,4.998,4.998,4.998,4.998,110
2022-03-04 12:39:22,3.7,4.0,158,0.0,0.0,0,0.0,0.0,0,65121.00,0.00,0.00,214,14.21,2.98,0.00,1.2,4.998,4.998,4.998,4.998,74
2022-03-04 12:40:22,3.1,3.6,103,0.0,0.0,0,0.0,0.0,0,65224.00,0.00,0.00,229,14.21,3.19,0.00,1.2,4.998,4.998,4.998,4.998,189
2022-03-04 12:41:22,5.9,6.2,163,0.0,0.0,0,0.0,0.0,0,65387.00,0.00,0.00,228,14.21,3.17,0.00,1.2,4.998,4.998,4.998,4.998,210
2022-03-04 12:42:22,5.4,8.2,375,0.0,0.0,0,0.0,0.0,0,65762.00,0.00,0.00,249,14.25,3.46,0.00,0.2,4.998,4.998,4.998,4.998,147
2022-03-04 12:43:22,8.5,9.0,329,0.0,0.0,0,0.0,0.0,0,66091.00,0.00,0.00,262,14.25,3.64,0.00,0.2,4.998,4.998,4.998,4.998,225
2022-03-04 12:44:22,6.4,9.1,433,0.0,0.0,0,0.0,0.0,0,66524.00,0.00,0.00,248,14.21,3.44,0.00,-0.2,4.998,4.998,4.998,4.998,149
2022-03-04 12:45:22,3.2,7.7,264,0.0,0.0,0,0.0,0.0,0,66788.00,0.00,0.00,223,14.21,3.10,0.00,0.2,4.998,4.998,4.998,4.998,108
2022-03-04 12:46:22,4.3,4.3,119,0.0,0.0,0,0.0,0.0,0,66907.00,0.00,0.00,276,14.25,3.83,0.00,0.7,4.998,4.998,4.998,4.998,165
2022-03-04 12:47:22,5.1,6.5,300,0.0,0.0,0,0.0,0.0,0,67207.00,0.00,0.00,247,14.25,3.43,0.00,0.7,4.998,4.998,4.998,4.998,251
2022-03-04 12:48:22,1.3,5.1,160,0.0,0.0,0,0.0,0.0,0,67367.00,0.00,0.00,226,14.21,3.13,0.00,0.7,4.998,4.998,4.998,4.998,66
2022-03-04 12:49:22,1.4,4.0,120,0.0,0.0,0,0.0,0.0,0,67487.00,0.00,0.00,244,14.21,3.39,0.00,1.2,4.998,4.998,4.998,4.998,219
2022-03-04 12:50:22,0.0,1.0,2,0.0,0.0,0,0.0,0.0,0,67489.00,0.00,0.00,244,14.25,3.39,0.00,2.2,4.998,4.998,4.998,4.998,99
2022-03-04 12:51:22,0.0,0.0,0,0.0,0.0,0,0.0,0.0,0,67489.00,0.00,0.00,244,14.21,3.39,0.00,2.2,4.998,4.998,4.998,4.998,78
2022-03-04 12:52:22,5.5,6.4,208,0.0,0.0,0,0.0,0.0,0,67697.00,0.00,0.00,134,14.21,1.86,0.00,1.2,4.998,4.998,4.998,4.998,161
2022-03-04 12:53:22,4.7,6.7,288,0.0,0.0,0,0.0,0.0,0,67985.00,0.00,0.00,186,14.21,2.59,0.00,1.2,4.998,4.998,4.998,4.998,192
2022-03-04 12:54:22,7.4,7.8,218,0.0,0.0,0,0.0,0.0,0,68203.00,0.00,0.00,197,14.21,2.73,0.00,0.7,4.998,4.998,4.998,4.998,187
2022-03-04 12:55:22,4.4,8.7,392,0.0,0.0,0,0.0,0.0,0,68595.00,0.00,0.00,162,14.25,2.25,0.00,0.2,4.998,4.998,4.998,4.998,104
2022-03-04 12:56:22,6.1,7.1,210,0.0,0.0,0,0.0,0.0,0,68805.00,0.00,0.00,180,14.21,2.50,0.00,0.7,4.998,4.998,4.998,4.998,92
2022-03-04 12:57:22,3.1,7.3,327,0.0,0.0,0,0.0,0.0,0,69132.00,0.00,0.00,189,14.25,2.63,0.00,1.2,4.998,4.998,4.998,4.998,125
2022-03-04 12:58:22,5.9,6.4,201,0.0,0.0,0,0.0,0.0,0,69333.00,0.00,0.00,218,14.25,3.03,0.00,0.7,4.998,4.998,4.998,4.998,153
2022-03-04 12:59:22,1.3,7.6,267,0.0,0.0,0,0.0,0.0,0,69600.00,0.00,0.00,193,14.21,2.69,0.00,1.2,4.998,4.998,4.998,4.998,140
2022-03-04 13:00:22,5.0,6.3,254,0.0,0.0,0,0.0,0.0,0,69854.00,0.00,0.00,168,14.21,2.33,0.00,0.7,4.998,4.998,4.998,4.998,212
2022-03-04 13:01:22,4.2,6.0,294,0.0,0.0,0,0.0,0.0,0,70148.00,0.00,0.00,181,14.21,2.51,0.00,1.2,4.998,4.998,4.998,4.998,156
2022-03-04 13:02:22,4.5,6.9,260,0.0,0.0,0,0.0,0.0,0,70408.00,0.00,0.00,190,14.21,2.64,0.00,0.7,4.998,4.998,4.998,4.998,63
2022-03-04 13:03:22,6.0,6.2,321,0.0,0.0,0,0.0,0.0,0,70729.00,0.00,0.00,178,14.21,2.48,0.00,0.7,4.998,4.998,4.998,4.998,44
2022-03-04 13:04:22,3.9,7.0,269,0.0,0.0,0,0.0,0.0,0,70998.00,0.00,0.00,199,14.21,2.76,0.00,0.7,4.998,4.998,4.998,4.998,233
2022-03-04 13:05:22,6.3,7.6,341,0.0,0.0,0,0.0,0.0,0,71339.00,0.00,0.00,200,14.25,2.78,0.00,0.7,4.998,4.998,4.998,4.998,174
2022-03-04 13:06:22,4.5,6.5,283,0.0,0.0,0,0.0,0.0,0,71622.00,0.00,0.00,159,14.25,2.21,0.00,0.7,4.998,4.998,4.998,4.998,25
2022-03-04 13:07:22,3.3,6.5,269,0.0,0.0,0,0.0,0.0,0,71891.00,0.00,0.00,155,14.21,2.15,0.00,0.2,4.998,4.998,4.998,4.998,5
2022-03-04 13:08:22,2.4,4.2,134,0.0,0.0,0,0.0,0.0,0,72025.00,0.00,0.00,126,14.21,1.75,0.00,1.2,4.998,4.998,4.998,4.998,130
2022-03-04 13:09:22,1.1,3.1,69,0.0,0.0,0,0.0,0.0,0,72094.00,0.00,0.00,127,14.21,1.76,0.00,2.2,4.998,4.998,4.998,4.998,230
2022-03-04 13:10:22,0.0,1.6,14,0.0,0.0,0,0.0,0.0,0,72108.00,0.00,0.00,104,14.21,1.45,0.00,2.2,4.998,4.998,4.998,4.998,29
2022-03-04 13:11:22,1.1,2.2,61,0.0,0.0,0,0.0,0.0,0,72169.00,0.00,0.00,77,14.21,1.07,0.00,1.7,4.998,4.998,4.998,4.998,5
2022-03-04 13:12:22,2.2,2.3,7,0.0,0.0,0,0.0,0.0,0,72176.00,0.00,0.00,94,14.25,1.30,0.00,2.2,4.998,4.998,4.998,4.998,239
2022-03-04 13:13:22,2.4,3.4,108,0.0,0.0,0,0.0,0.0,0,72284.00,0.00,0.00,134,14.21,1.87,0.00,2.2,4.998,4.998,4.998,4.998,169
2022-03-04 13:14:22,4.9,5.9,166,0.0,0.0,0,0.0,0.0,0,72450.00,0.00,0.00,190,14.21,2.65,0.00,1.7,4.998,4.998,4.998,4.998,217
2022-03-04 13:15:22,5.9,8.6,397,0.0,0.0,0,0.0,0.0,0,72847.00,0.00,0.00,175,14.21,2.43,0.00,1.2,4.998,4.998,4.998,4.998,40
2022-03-04 13:16:22,4.2,6.0,224,0.0,0.0,0,0.0,0.0,0,73071.00,0.00,0.00,167,14.21,2.32,0.00,0.7,4.998,4.998,4.998,4.998,175
2022-03-04 13:17:22,2.4,5.4,184,0.0,0.0,0,0.0,0.0,0,73255.00,0.00,0.00,202,14.21,2.81,0.00,1.2,4.998,4.998,4.998,4.998,171
2022-03-04 13:18:22,3.5,3.6,103,0.0,0.0,0,0.0,0.0,0,73358.00,0.00,0.00,202,14.21,2.81,0.00,1.7,4.998,4.998,4.998,4.998,198
2022-03-04 13:19:22,2.7,4.9,210,0.0,0.0,0,0.0,0.0,0,73568.00,0.00,0.00,248,14.21,3.45,0.00,0.7,4.998,4.998,4.998,4.998,82
2022-03-04 13:20:22,0.0,2.7,29,0.0,0.0,0,0.0,0.0,0,73597.00,0.00,0.00,248,14.21,3.45,0.00,1.7,4.998,4.998,4.998,4.998,45
2022-03-04 13:21:22,0.0,0.0,0,0.0,0.0,0,0.0,0.0,0,73597.00,0.00,0.00,248,14.21,3.45,0.00,2.2,4.998,4.998,4.998,4.998,166
2022-03-04 13:22:22,1.1,1.6,11,0.0,0.0,0,0.0,0.0,0,73608.00,0.00,0.00,233,14.21,3.24,0.00,2.2,4.998,4.998,4.998,4.998,78
2022-03-04 13:23:22,0.0,2.2,47,0.0,0.0,0,0.0,0.0,0,73655.00,0.00,0.00,233,14.21,3.24,0.00,2.2,4.998,4.998,4.998,4.998,41
2022-03-04 13:24:22,2.7,2.7,18,0.0,0.0,0,0.0,0.0,0,73673.00,0.00,0.00,233,14.21,3.23,0.00,2.7,4.998,4.998,4.998,4.998,163
2022-03-04 13:25:22,6.7,7.5,243,0.0,0.0,0,0.0,0.0,0,73916.00,0.00,0.00,230,14.21,3.19,0.00,1.7,4.998,4.998,4.998,4.998,233
2022-03-04 13:26:22,6.3,7.1,323,0.0,0.0,0,0.0,0.0,0,74239.00,0.00,0.00,216,14.17,3.00,0.00,0.7,4.998,4.998,4.998,4.998,221
2022-03-04 13:27:22,5.8,7.9,360,0.0,0.0,0,0.0,0.0,0,74599.00,0.00,0.00,244,14.21,3.39,0.00,0.7,4.998,4.998,4.998,4.998,113
2022-03-04 13:28:22,5.5,9.1,370,0.0,0.0,0,0.0,0.0,0,74969.00,0.00,0.00,190,14.21,2.65,0.00,0.7,4.998,4.998,4.998,4.998,122
2022-03-04 13:29:22,5.7,8.7,418,0.0,0.0,0,0.0,0.0,0,75387.00,0.00,0.00,204,14.21,2.84,0.00,0.7,4.998,4.998,4.998,4.998,101
2022-03-04 13:30:22,4.0,7.2,327,0.0,0.0,0,0.0,0.0,0,75714.00,0.00,0.00,218,14.25,3.03,0.00,0.7,4.998,4.998,4.998,4.998,201
2022-03-04 13:31:22,1.4,4.4,157,0.0,0.0,0,0.0,0.0,0,75871.00,0.00,0.00,219,14.21,3.04,0.00,0.7,4.998,4.998,4.998,4.998,179
2022-03-04 13:32:22,2.0,3.5,60,0.0,0.0,0,0.0,0.0,0,75931.00,0.00,0.00,219,14.17,3.04,0.00,1.2,4.998,4.998,4.998,4.998,233
2022-03-04 13:33:22,0.0,3.3,88,0.0,0.0,0,0.0,0.0,0,76019.00,0.00,0.00,219,14.17,3.04,0.00,1.7,4.998,4.998,4.998,4.998,88
2022-03-04 13:34:22,0.0,0.0,0,0.0,0.0,0,0.0,0.0,0,76019.00,0.00,0.00,219,14.21,3.04,0.00,2.2,4.998,4.998,4.998,4.998,153
2022-03-04 13:35:22,0.0,0.0,0,0.0,0.0,0,0.0,0.0,0,76019.00,0.00,0.00,219,14.21,3.04,0.00,2.7,4.998,4.998,4.998,4.998,133
2022-03-04 13:36:22,0.0,0.0,0,0.0,0.0,0,0.0,0.0,0,76019.00,0.00,0.00,219,14.17,3.04,0.00,2.7,4.998,4.998,4.998,4.998,52
2022-03-04 13:37:22,2.4,2.9,90,0.0,0.0,0,0.0,0.0,0,76109.00,0.00,0.00,97,14.17,1.35,0.00,2.2,4.998,4.998,4.998,4.998,189
2022-03-04 13:38:22,3.9,5.3,149,0.0,0.0,0,0.0,0.0,0,76258.00,0.00,0.00,125,14.25,1.73,0.00,1.7,4.998,4.998,4.998,4.998,14
2022-03-04 13:39:22,2.3,4.0,146,0.0,0.0,0,0.0,0.0,0,76404.00,0.00,0.00,100,14.21,1.40,0.00,2.2,4.998,4.998,4.998,4.998,116
2022-03-04 13:40:22,0.0,3.2,75,0.0,0.0,0,0.0,0.0,0,76479.00,0.00,0.00,69,14.17,0.96,0.00,2.2,4.998,4.998,4.998,4.998,27
2022-03-04 13:41:22,6.4,6.7,136,0.0,0.0,0,0.0,0.0,0,76615.00,0.00,0.00,108,14.17,1.50,0.00,2.2,4.998,4.998,4.998,4.998,135
2022-03-04 13:42:22,4.9,7.1,349,0.0,0.0,0,0.0,0.0,0,76964.00,0.00,0.00,95,14.17,1.33,0.00,1.7,4.998,4.998,4.998,4.998,234
2022-03-04 13:43:22,5.8,6.4,279,0.0,0.0,0,0.0,0.0,0,77243.00,0.00,0.00,131,14.17,1.82,0.00,1.7,4.998,4.998,4.998,4.998,222
2022-03-04 13:44:22,2.5,6.5,223,0.0,0.0,0,0.0,0.0,0,77466.00,0.00,0.00,168,14.17,2.33,0.00,1.7,4.998,4.998,4.998,4.998,37
2022-03-04 13:45:22,1.3,2.9,92,0.0,0.0,0,0.0,0.0,0,77558.00,0.00,0.00,168,14.21,2.33,0.00,2.2,4.998,4.998,4.998,4.998,129
2022-03-04 13:46:22,6.8,7.8,203,0.0,0.0,0,0.0,0.0,0,77761.00,0.00,0.00,161,14.17,2.24,0.00,1.7,4.998,4.998,4.998,4.998,142
2022-03-04 13:47:22,5.8,6.8,337,0.0,0.0,0,0.0,0.0,0,78098.00,0.00,0.00,175,14.21,2.43,0.00,1.2,4.998,4.998,4.998,4.998,221
2022-03-04 13:48:22,6.6,8.2,372,0.0,0.0,0,0.0,0.0,0,78470.00,0.00,0.00,171,14.17,2.37,0.00,1.7,4.998,4.998,4.998,4.998,241
2022-03-04 13:49:22,2.8,6.9,110,0.0,0.0,0,0.0,0.0,0,78580.00,0.00,0.00,166,14.17,2.30,0.00,1.7,4.998,4.998,4.998,4.998,180
2022-03-04 13:50:22,2.1,4.9,139,0.0,0.0,0,0.0,0.0,0,78719.00,0.00,0.00,156,14.21,2.17,0.00,2.2,4.998,4.998,4.998,4.998,33
2022-03-04 13:51:22,0.0,2.2,32,0.0,0.0,0,0.0,0.0,0,78751.00,0.00,0.00,156,14.25,2.17,0.00,2.2,4.998,4.998,4.998,4.998,137
2022-03-04 13:52:22,0.0,1.9,12,0.0,0.0,0,0.0,0.0,0,78763.00,0.00,0.00,68,14.17,0.94,0.00,3.2,4.998,4.998,4.998,4.998,221
2022-03-04 13:53:22,0.0,0.0,0,0.0,0.0,0,0.0,0.0,0,78763.00,0.00,0.00,68,14.21,0.94,0.00,3.2,4.998,4.998,4.998,4.998,18
2022-03-04 13:54:22,0.0,0.0,0,0.0,0.0,0,0.0,0.0,0,78763.00,0.00,0.00,68,14.17,0.94,0.00,4.1,4.998,4.998,4.998,4.998,150
2022-03-04 13:55:22,0.0,0.0,0,0.0,0.0,0,0.0,0.0,0,78763.00,0.00,0.00,68,14.21,0.94,0.00,4.6,4.998,4.998,4.998,4.998,142
2022-03-04 13:56:22,1.6,3.4,77,0.0,0.0,0,0.0,0.0,0,78840.00,0.00,0.00,0,14.17,0.00,0.00,3.7,4.998,4.998,4.998,4.998,253
2022-03-04 13:57:22,5.0,5.6,144,0.0,0.0,0,0.0,0.0,0,78984.00,0.00,0.00,29,14.21,0.40,0.00,3.7,4.998,4.998,4.998,4.998,52
2022-03-04 13:58:22,2.5,5.2,177,0.0,0.0,0,0.0,0.0,0,79161.00,0.00,0.00,17,14.17,0.24,0.00,3.7,4.998,4.998,4.998,4.998,130
2022-03-04 13:59:22,3.7,4.4,141,0.0,0.0,0,0.0,0.0,0,79302.00,0.00,0.00,65,14.21,0.90,0.00,3.7,4.998,4.998,4.998,4.998,229
2022-03-04 14:00:22,0.0,4.3,60,0.0,0.0,0,0.0,0.0,0,79362.00,0.00,0.00,65,14.17,0.90,0.00,3.2,4.998,4.998,4.998,4.998,14
2022-03-04 14:01:22,0.0,0.0,0,0.0,0.0,0,0.0,0.0,0,79362.00,0.00,0.00,65,14.17,0.90,0.00,3.7,4.998,4.998,4.998,4.998,174
2022-03-04 14:02:22,1.8,3.1,55,0.0,0.0,0,0.0,0.0,0,79417.00,0.00,0.00,330,14.17,4.58,0.00,3.7,4.998,4.998,4.998,4.998,178
2022-03-04 14:03:22,0.0,2.0,10,0.0,0.0,0,0.0,0.0,0,79427.00,0.00,0.00,330,14.17,4.58,0.00,3.7,4.998,4.998,4.998,4.998,36
2022-03-04 14:04:22,2.7,2.8,13,0.0,0.0,0,0.0,0.0,0,79440.00,0.00,0.00,239,14.17,3.33,0.00,3.7,4.998,4.998,4.998,4.998,235
2022-03-04 14:05:22,3.4,5.0,168,0.0,0.0,0,0.0,0.0,0,79608.00,0.00,0.00,178,14.17,2.48,0.00,3.2,4.998,4.998,4.998,4.998,151
2022-03-04 14:06:22,2.6,4.1,177,0.0,0.0,0,0.0,0.0,0,79785.00,0.00,0.00,177,14.17,2.46,0.00,2.7,4.998,4.998,4.998,4.998,41
2022-03-04 14:07:22,1.7,5.5,203,0.0,0.0,0,0.0,0.0,0,79988.00,0.00,0.00,156,14.17,2.17,0.00,2.7,4.998,4.998,4.998,4.998,215
2022-03-04 14:08:22,2.1,2.1,28,0.0,0.0,0,0.0,0.0,0,80016.00,0.00,0.00,156,14.17,2.17,0.00,3.2,4.998,4.998,4.998,4.998,151
2022-03-04 14:09:22,3.4,3.8,96,0.0,0.0,0,0.0,0.0,0,80112.00,0.00,0.00,179,14.21,2.49,0.00,3.2,4.998,4.998,4.998,4.998,9
2022-03-04 14:10:22,0.0,3.9,141,0.0,0.0,0,0.0,0.0,0,80253.00,0.00,0.00,197,14.17,2.73,0.00,3.2,4.998,4.998,4.998,4.998,246
2022-03-04 14:11:22,0.0,0.0,1,0.0,0.0,0,0.0,0.0,0,80254.00,0.00,0.00,197,14.17,2.73,0.00,4.1,4.998,4.998,4.998,4.998,127
2022-03-04 14:12:22,0.0,0.0,1,0.0,0.0,0,0.0,0.0,0,80255.00,0.00,0.00,197,14.17,2.73,0.00,3.7,4.998,4.998,4.998,4.998,211
2022-03-04 14:13:22,0.0,0.0,0,0.0,0.0,0,0.0,0.0,0,80255.00,0.00,0.00,197,14.17,2.73,0.00,4.6,4.998,4.998,4.998,4.998,32
2022-03-04 14:14:22,0.0,0.0,0,0.0,0.0,0,0.0,0.0,0,80255.00,0.00,0.00,197,14.17,2.73,0.00,5.1,4.998,4.998,4.998,4.998,66
2022-03-04 14:15:22,0.0,0.0,0,0.0,0.0,0,0.0,0.0,0,80255.00,0.00,0.00,197,14.17,2.73,0.00,4.6,4.998,4.998,4.998,4.998,14
2022-03-04 14:16:22,0.0,0.0,0,0.0,0.0,0,0.0,0.0,0,80255.00,0.00,0.00,197,14.17,2.73,0.00,5.1,4.998,4.998,4.998,4.998,118
2022-03-04 14:17:22,0.0,0.0,0,0.0,0.0,0,0.0,0.0,0,80255.00,0.00,0.00,197,14.21,2.73,0.00,5.1,4.998,4.998,4.998,4.998,243
2022-03-04 14:18:22,0.0,2.6,38,0.0,0.0,0,0.0,0.0,0,80293.00,0.00,0.00,179,14.17,2.49,0.00,4.1,4.998,4.998,4.998,4.998,62
2022-03-04 14:19:22,3.4,4.2,81,0.0,0.0,0,0.0,0.0,0,80374.00,0.00,0.00,203,14.21,2.82,0.00,3.7,4.998,4.998,4.998,4.998,2
2022-03-04 14:20:22,4.3,7.1,263,0.0,0.0,0,0.0,0.0,0,80637.00,0.00,0.00,149,14.14,2.07,0.00,2.7,4.998,4.998,4.998,4.998,27
2022-03-04 14:21:22,2.6,4.3,152,0.0,0.0,0,0.0,0.0,0,80789.00,0.00,0.00,149,14.17,2.07,0.00,3.2,4.998,4.998,4.998,4.998,236
2022-03-04 14:22:22,4.1,6.1,201,0.0,0.0,0,0.0,0.0,0,80990.00,0.00,0.00,193,14.17,2.68,0.00,3.2,4.998,4.998,4.998,4.998,1
2022-03-04 14:23:22,3.2,8.3,315,0.0,0.0,0,0.0,0.0,0,81305.00,0.00,0.00,212,14.21,2.95,0.00,2.2,4.998,4.998,4.998,4.998,205
2022-03-04 14:24:22,4.3,7.0,269,0.0,0.0,0,0.0,0.0,0,81574.00,0.00,0.00,193,14.17,2.68,0.00,2.7,4.998,4.998,4.998,4.998,69
2022-03-04 14:25:22,4.7,8.9,305,0.0,0.0,0,0.0,0.0,0,81879.00,0.00,0.00,205,14.17,2.85,0.00,2.2,4.998,4.998,4.998,4.998,85
2022-03-04 14:26:22,7.9,8.1,364,0.0,0.0,0,0.0,0.0,0,82243.00,0.00,0.00,198,14.17,2.76,0.00,2.2,4.998,4.998,4.998,4.998,23
2022-03-04 14:27:22,3.9,8.0,248,0.0,0.0,0,0.0,0.0,0,82491.00,0.00,0.00,189,14.17,2.62,0.00,2.2,4.998,4.998,4.998,4.998,253
2022-03-04 14:28:22,2.6,4.5,176,0.0,0.0,0,0.0,0.0,0,82667.00,0.00,0.00,179,14.21,2.49,0.00,2.2,4.998,4.998,4.998,4.998,150
2022-03-04 14:29:22,5.1,5.9,142,0.0,0.0,0,0.0,0.0,0,82809.00,0.00,0.00,144,14.17,2.00,0.00,2.2,4.998,4.998,4.998,4.998,52
2022-03-04 14:30:22,5.8,6.8,297,0.0,0.0,0,0.0,0.0,0,83106.00,0.00,0.00,137,14.17,1.90,0.00,2.2,4.998,4.998,4.998,4.998,139
2022-03-04 14:31:22,5.3,6.6,266,0.0,0.0,0,0.0,0.0,0,83372.00,0.00,0.00,169,14.17,2.35,0.00,2.2,4.998,4.998,4.998,4.998,106
2022-03-04 14:32:22,3.9,6.0,266,0.0,0.0,0,0.0,0.0,0,83638.00,0.00,0.00,169,14.14,2.35,0.00,2.2,4.998,4.998,4.998,4.998,181
2022-03-04 14:33:22,0.0,4.1,105,0.0,0.0,0,0.0,0.0,0,83743.00,0.00,0.00,168,14.14,2.34,0.00,2.7,4.998,4.998,4.998,4.998,61
2022-03-04 14:34:22,3.1,4.4,146,0.0,0.0,0,0.0,0.0,0,83889.00,0.00,0.00,185,14.17,2.58,0.00,2.7,4.998,4.998,4.998,4.998,144
2022-03-04 14:35:22,3.5,4.0,100,0.0,0.0,0,0.0,0.0,0,83989.00,0.00,0.00,103,14.17,1.43,0.00,2.7,4.998,4.998,4.998,4.998,170
2022-03-04 14:36:22,5.3,5.3,196,0.0,0.0,0,0.0,0.0,0,84185.00,0.00,0.00,228,14.17,3.16,0.00,2.7,4.998,4.998,4.998,4.998,48
2022-03-04 14:37:22,1.7,6.3,229,0.0,0.0,0,0.0,0.0,0,84414.00,0.00,0.00,230,14.14,3.19,0.00,2.2,4.998,4.998,4.998,4.998,100
2022-03-04 14:38:22,2.0,4.8,148,0.0,0.0,0,0.0,0.0,0,84562.00,0.00,0.00,182,14.17,2.53,0.00,2.7,4.998,4.998,4.998,4.998,157
2022-03-04 14:39:22,2.4,5.6,202,0.0,0.0,0,0.0,0.0,0,84764.00,0.00,0.00,241,14.14,3.34,0.00,2.2,4.998,4.998,4.998,4.998,186
2022-03-04 14:40:22,3.8,4.6,192,0.0,0.0,0,0.0,0.0,0,84956.00,0.00,0.00,226,14.14,3.13,0.00,2.2,4.998,4.998,4.998,4.998,21
2022-03-04 14:41:22,3.8,6.7,276,0.0,0.0,0,0.0,0.0,0,85232.00,0.00,0.00,224,14.17,3.11,0.00,2.2,4.998,4.998,4.998,4.998,171
2022-03-04 14:42:22,1.8,7.2,219,0.0,0.0,0,0.0,0.0,0,85451.00,0.00,0.00,240,14.17,3.33,0.00,2.2,4.998,4.998,4.998,4.998,132
2022-03-04 14:43:22,3.9,3.9,114,0.0,0.0,0,0.0,0.0,0,85565.00,0.00,0.00,245,14.17,3.40,0.00,2.7,4.998,4.998,4.998,4.998,185
2022-03-04 14:44:22,0.0,3.8,61,0.0,0.0,0,0.0,0.0,0,85626.00,0.00,0.00,245,14.17,3.40,0.00,3.2,4.998,4.998,4.998,4.998,199
2022-03-04 14:45:22,3.7,5.8,135,0.0,0.0,0,0.0,0.0,0,85761.00,0.00,0.00,204,14.17,2.84,0.00,3.2,4.998,4.998,4.998,4.998,226
2022-03-04 14:46:22,0.0,3.8,62,0.0,0.0,0,0.0,0.0,0,85823.00,0.00,0.00,218,14.21,3.03,0.00,2.7,4.998,4.998,4.998,4.998,139
2022-03-04 14:47:22,3.7,4.0,82,0.0,0.0,0,0.0,0.0,0,85905.00,0.00,0.00,203,14.17,2.82,0.00,3.2,4.998,4.998,4.998,4.998,73
2022-03-04 14:48:22,3.4,5.0,224,0.0,0.0,0,0.0,0.0,0,86129.00,0.00,0.00,101,14.14,1.41,0.00,2.7,4.998,4.998,4.998,4.998,223
2022-03-04 14:49:22,3.7,3.7,174,0.0,0.0,0,0.0,0.0,0,86303.00,0.00,0.00,81,14.17,1.13,0.00,2.7,4.998,4.998,4.998,4.998,71
2022-03-04 14:50:22,2.0,4.0,160,0.0,0.0,0,0.0,0.0,0,86463.00,0.00,0.00,81,14.14,1.13,0.00,2.7,4.998,4.998,4.998,4.998,33
2022-03-04 14:51:22,3.0,5.0,89,0.0,0.0,0,0.0,0.0,0,86552.00,0.00,0.00,195,14.14,2.71,0.00,3.2,4.998,4.998,4.998,4.998,141
2022-03-04 14:52:22,2.2,5.5,209,0.0,0.0,0,0.0,0.0,0,86761.00,0.00,0.00,193,14.14,2.68,0.00,2.7,4.998,4.998,4.998,4.998,133
2022-03-04 14:53:22,3.5,5.2,231,0.0,0.0,0,0.0,0.0,0,86992.00,0.00,0.00,156,14.17,2.17,0.00,2.7,4.998,4.998,4.998,4.998,255
2022-03-04 14:54:22,2.0,5.1,178,0.0,0.0,0,0.0,0.0,0,87170.00,0.00,0.00,157,14.17,2.18,0.00,2.7,4.998,4.998,4.998,4.998,20
2022-03-04 14:55:22,0.0,2.7,33,0.0,0.0,0,0.0,0.0,0,87203.00,0.00,0.00,156,14.17,2.17,0.00,3.2,4.998,4.998,4.998,4.998,64
2022-03-04 14:56:22,0.0,0.0,0,0.0,0.0,0,0.0,0.0,0,87203.00,0.00,0.00,157,14.21,2.18,0.00,4.1,4.998,4.998,4.998,4.998,79
2022-03-04 14:57:22,0.0,0.0,0,0.0,0.0,0,0.0,0.0,0,87203.00,0.00,0.00,157,14.21,2.18,0.00,4.1,4.998,4.998,4.998,4.998,39
2022-03-04 14:58:22,0.0,0.0,0,0.0,0.0,0,0.0,0.0,0,87203.00,0.00,0.00,157,14.17,2.18,0.00,5.1,4.998,4.998,4.998,4.998,79
2022-03-04 14:59:22,2.2,2.3,64,0.0,0.0,0,0.0,0.0,0,87267.00,0.00,0.00,156,14.17,2.17,0.00,4.6,4.998,4.998,4.998,4.998,24
2022-03-04 15:00:22,3.1,3.4,141,0.0,0.0,0,0.0,0.0,0,87408.00,0.00,0.00,9,14.14,0.12,0.00,4.6,4.998,4.998,4.998,4.998,34
2022-03-04 15:01:22,0.0,3.2,79,0.0,0.0,0,0.0,0.0,0,87487.00,0.00,0.00,353,14.17,4.91,0.00,4.6,4.998,4.998,4.998,4.998,236
2022-03-04 15:02:22,1.2,2.6,63,0.0,0.0,0,0.0,0.0,0,87550.00,0.00,0.00,309,14.17,4.30,0.00,4.6,4.998,4.998,4.998,4.998,34
2022-03-04 15:03:22,5.1,5.4,52,0.0,0.0,0,0.0,0.0,0,87602.00,0.00,0.00,292,14.17,4.06,0.00,5.6,4.998,4.998,4.998,4.998,218
2022-03-04 15:04:22,5.2,6.7,251,0.0,0.0,0,0.0,0.0,0,87853.00,0.00,0.00,256,14.17,3.56,0.00,4.6,4.998,4.998,4.998,4.998,197
2022-03-04 15:05:22,1.8,5.4,201,0.0,0.0,0,0.0,0.0,0,88054.00,0.00,0.00,258,14.17,3.59,0.00,4.1,4.998,4.998,4.998,4.998,150
2022-03-04 15:06:22,3.2,3.9,102,0.0,0.0,0,0.0,0.0,0,88156.00,0.00,0.00,210,14.17,2.92,0.00,4.6,4.998,4.998,4.998,4.998,185
2022-03-04 15:07:22,4.5,5.0,196,0.0,0.0,0,0.0,0.0,0,88352.00,0.00,0.00,205,14.25,2.85,0.00,4.6,4.998,4.998,4.998,4.998,73
2022-03-04 15:08:22,0.0,4.8,135,0.0,0.0,0,0.0,0.0,0,88487.00,0.00,0.00,206,14.17,2.86,0.00,4.6,4.998,4.998,4.998,4.998,59
2022-03-04 15:09:22,0.0,0.0,0,0.0,0.0,0,0.0,0.0,0,88487.00,0.00,0.00,205,14.14,2.85,0.00,5.6,4.998,4.998,4.998,4.998,40
2022-03-04 15:10:22,0.0,0.0,0,0.0,0.0,0,0.0,0.0,0,88487.00,0.00,0.00,206,14.14,2.86,0.00,6.1,4.998,4.998,4.998,4.998,75
2022-03-04 15:11:22,0.0,0.0,0,0.0,0.0,0,0.0,0.0,0,88487.00,0.00,0.00,205,14.10,2.85,0.00,6.1,4.998,4.998,4.998,4.998,83
2022-03-04 15:12:22,0.0,0.0,0,0.0,0.0,0,0.0,0.0,0,88487.00,0.00,0.00,205,14.14,2.85,0.00,6.1,4.998,4.998,4.998,4.998,67
2022-03-04 15:13:22,2.8,3.1,55,0.0,0.0,0,0.0,0.0,0,88542.00,0.00,0.00,179,14.10,2.49,0.00,5.6,4.998,4.998,4.998,4.998,13
2022-03-04 15:14:22,5.7,9.3,355,0.0,0.0,0,0.0,0.0,0,88897.00,0.00,0.00,194,14.14,2.69,0.00,4.6,4.998,4.998,4.998,4.998,94
2022-03-04 15:15:22,4.3,5.8,248,0.0,0.0,0,0.0,0.0,0,89145.00,0.00,0.00,193,14.10,2.69,0.00,4.6,4.998,4.998,4.998,4.998,203
2022-03-04 15:16:22,0.0,4.5,94,0.0,0.0,0,0.0,0.0,0,89239.00,0.00,0.00,193,14.10,2.69,0.00,4.1,4.998,4.998,4.998,4.998,24
2022-03-04 15:17:22,6.9,7.3,246,0.0,0.0,0,0.0,0.0,0,89485.00,0.00,0.00,101,14.17,1.41,0.00,3.2,4.998,4.998,4.998,4.998,159
2022-03-04 15:18:22,3.7,7.0,275,0.0,0.0,0,0.0,0.0,0,89760.00,0.00,0.00,148,14.10,2.06,0.00,3.2,4.998,4.998,4.998,4.998,0
2022-03-04 15:19:22,1.8,3.9,125,0.0,0.0,0,0.0,0.0,0,89885.00,0.00,0.00,162,14.14,2.25,0.00,3.2,4.998,4.998,4.998,4.998,121
2022-03-04 15:20:22,1.2,2.9,100,0.0,0.0,0,0.0,0.0,0,89985.00,0.00,0.00,161,14.14,2.24,0.00,3.7,4.998,4.998,4.998,4.998,137
2022-03-04 15:21:22,5.7,6.5,190,0.0,0.0,0,0.0,0.0,0,90175.00,0.00,0.00,159,14.14,2.21,0.00,3.7,4.998,4.998,4.998,4.998,181
2022-03-04 15:22:22,4.8,7.7,338,0.0,0.0,0,0.0,0.0,0,90513.00,0.00,0.00,165,14.14,2.30,0.00,2.7,4.998,4.998,4.998,4.998,178
2022-03-04 15:23:22,2.7,4.8,119,0.0,0.0,0,0.0,0.0,0,90632.00,0.00,0.00,143,14.14,1.99,0.00,2.7,4.998,4.998,4.998,4.998,138
2022-03-04 15:24:22,3.3,6.0,155,0.0,0.0,0,0.0,0.0,0,90787.00,0.00,0.00,124,14.10,1.72,0.00,2.7,4.998,4.998,4.998,4.998,157
2022-03-04 15:25:22,1.3,3.6,60,0.0,0.0,0,0.0,0.0,0,90847.00,0.00,0.00,124,14.14,1.73,0.00,3.7,4.998,4.998,4.998,4.998,146
2022-03-04 15:26:22,3.5,5.8,153,0.0,0.0,0,0.0,0.0,0,91000.00,0.00,0.00,157,14.10,2.19,0.00,3.2,4.998,4.998,4.998,4.998,71
2022-03-04 15:27:22,5.9,7.4,198,0.0,0.0,0,0.0,0.0,0,91198.00,0.00,0.00,118,14.10,1.65,0.00,2.7,4.998,4.998,4.998,4.998,130
2022-03-04 15:28:22,2.6,7.5,225,0.0,0.0,0,0.0,0.0,0,91423.00,0.00,0.00,148,14.14,2.06,0.00,3.2,4.998,4.998,4.998,4.998,197
2022-03-04 15:29:22,3.9,4.8,186,0.0,0.0,0,0.0,0.0,0,91609.00,0.00,0.00,136,14.14,1.88,0.00,2.7,4.998,4.998,4.998,4.998,192
2022-03-04 15:30:22,3.4,4.7,144,0.0,0.0,0,0.0,0.0,0,91753.00,0.00,0.00,214,14.10,2.97,0.00,3.2,4.998,4.998,4.998,4.998,196
2022-03-04 15:31:22,4.1,4.3,100,0.0,0.0,0,0.0,0.0,0,91853.00,0.00,0.00,239,14.14,3.33,0.00,3.2,4.998,4.998,4.998,4.998,173
2022-03-04 15:32:22,1.8,4.1,113,0.0,0.0,0,0.0,0.0,0,91966.00,0.00,0.00,239,14.14,3.32,0.00,3.2,4.998,4.998,4.998,4.998,4
2022-03-04 15:33:22,0.0,2.8,51,0.0,0.0,0,0.0,0.0,0,92017.00,0.00,0.00,239,14.14,3.32,0.00,3.7,4.998,4.998,4.998,4.998,109
2022-03-04 15:34:22,0.0,2.1,17,0.0,0.0,0,0.0,0.0,0,92034.00,0.00,0.00,239,14.14,3.32,0.00,3.2,4.998,4.998,4.998,4.998,45
2022-03-04 15:35:22,4.7,9.4,188,0.0,0.0,0,0.0,0.0,0,92222.00,0.00,0.00,149,14.17,2.07,0.00,2.7,4.998,4.998,4.998,4.998,207
2022-03-04 15:36:22,6.6,9.4,406,0.0,0.0,0,0.0,0.0,0,92628.00,0.00,0.00,146,14.17,2.03,0.00,2.7,4.998,4.998,4.998,4.998,160
2022-03-04 15:37:22,3.1,7.2,272,0.0,0.0,0,0.0,0.0,0,92900.00,0.00,0.00,149,14.14,2.07,0.00,2.7,4.998,4.998,4.998,4.998,96
2022-03-04 15:38:22,3.0,4.7,210,0.0,0.0,0,0.0,0.0,0,93110.00,0.00,0.00,175,14.14,2.44,0.00,2.7,4.998,4.998,4.998,4.998,106
2022-03-04 15:39:22,2.8,3.1,140,0.0,0.0,0,0.0,0.0,0,93250.00,0.00,0.00,175,14.17,2.44,0.00,2.7,4.998,4.998,4.998,4.998,52
2022-03-04 15:40:22,0.0,5.0,121,0.0,0.0,0,0.0,0.0,0,93371.00,0.00,0.00,179,14.14,2.49,0.00,3.2,4.998,4.998,4.998,4.998,168
2022-03-04 15:41:22,0.0,4.0,87,0.0,0.0,0,0.0,0.0,0,93458.00,0.00,0.00,178,14.14,2.48,0.00,3.2,4.998,4.998,4.998,4.998,85
2022-03-04 15:42:22,2.0,2.0,10,0.0,0.0,0,0.0,0.0,0,93468.00,0.00,0.00,178,14.17,2.48,0.00,2.7,4.998,4.998,4.998,4.998,247
2022-03-04 15:43:22,0.0,2.4,17,0.0,0.0,0,0.0,0.0,0,93485.00,0.00,0.00,178,14.14,2.48,0.00,3.7,4.998,4.998,4.998,4.998,169
2022-03-04 15:44:22,1.9,2.3,32,0.0,0.0,0,0.0,0.0,0,93517.00,0.00,0.00,179,14.14,2.49,0.00,3.2,4.998,4.998,4.998,4.998,72
2022-03-04 15:45:22,1.8,3.2,124,0.0,0.0,0,0.0,0.0,0,93641.00,0.00,0.00,150,14.17,2.09,0.00,3.2,4.998,4.998,4.998,4.998,221
2022-03-04 15:46:22,0.0,3.0,65,0.0,0.0,0,0.0,0.0,0,93706.00,0.00,0.00,151,14.17,2.09,0.00,3.7,4.998,4.998,4.998,4.998,106
2022-03-04 15:47:22,0.0,0.0,0,0.0,0.0,0,0.0,0.0,0,93706.00,0.00,0.00,151,14.14,2.09,0.00,3.7,4.998,4.998,4.998,4.998,161
2022-03-04 15:48:22,4.1,4.5,21,0.0,0.0,0,0.0,0.0,0,93727.00,0.00,0.00,207,14.14,2.87,0.00,3.7,4.998,4.998,4.998,4.998,24
2022-03-04 15:49:22,2.7,4.2,135,0.0,0.0,0,0.0,0.0,0,93862.00,0.00,0.00,207,14.14,2.87,0.00,3.2,4.998,4.998,4.998,4.998,212
2022-03-04 15:50:22,3.6,5.1,200,0.0,0.0,0,0.0,0.0,0,94062.00,0.00,0.00,206,14.14,2.87,0.00,2.7,4.998,4.998,4.998,4.998,34
2022-03-04 15:51:22,0.0,3.8,41,0.0,0.0,0,0.0,0.0,0,94103.00,0.00,0.00,206,14.14,2.86,0.00,2.7,4.998,4.998,4.998,4.998,205
2022-03-04 15:52:22,5.3,5.9,137,0.0,0.0,0,0.0,0.0,0,94240.00,0.00,0.00,137,14.14,1.91,0.00,2.7,4.998,4.998,4.998,4.998,17
2022-03-04 15:53:22,3.9,6.6,287,0.0,0.0,0,0.0,0.0,0,94527.00,0.00,0.00,136,14.14,1.89,0.00,2.7,4.998,4.998,4.998,4.998,145
2022-03-04 15:54:22,3.3,5.5,237,0.0,0.0,0,0.0,0.0,0,94764.00,0.00,0.00,174,14.17,2.42,0.00,2.7,4.998,4.998,4.998,4.998,201
2022-03-04 15:55:22,3.1,3.8,183,0.0,0.0,0,0.0,0.0,0,94947.00,0.00,0.00,190,14.14,2.64,0.00,3.2,4.998,4.998,4.998,4.998,8
2022-03-04 15:56:22,1.9,3.5,108,0.0,0.0,0,0.0,0.0,0,95055.00,0.00,0.00,211,14.14,2.93,0.00,2.7,4.998,4.998,4.998,4.998,196
2022-03-04 15:57:22,0.0,2.4,63,0.0,0.0,0,0.0,0.0,0,95118.00,0.00,0.00,211,14.17,2.93,0.00,2.7,4.998,4.998,4.998,4.998,215
2022-03-04 15:58:22,2.0,2.9,50,0.0,0.0,0,0.0,0.0,0,95168.00,0.00,0.00,183,14.17,2.55,0.00,2.7,4.998,4.998,4.998,4.998,5
2022-03-04 15:59:22,1.2,2.8,61,0.0,0.0,0,0.0,0.0,0,95229.00,0.00,0.00,176,14.14,2.45,0.00,2.7,4.998,4.998,4.998,4.998,55
2022-03-04 16:00:22,0.0,3.4,61,0.0,0.0,0,0.0,0.0,0,95290.00,0.00,0.00,196,14.14,2.72,0.00,3.2,4.998,4.998,4.998,4.998,153
2022-03-04 16:01:22,1.5,2.7,62,0.0,0.0,0,0.0,0.0,0,95352.00,0.00,0.00,166,14.17,2.31,0.00,3.2,4.998,4.998,4.998,4.998,114
2022-03-04 16:02:22,0.0,1.6,7,0.0,0.0,0,0.0,0.0,0,95359.00,0.00,0.00,166,14.17,2.31,0.00,3.2,4.998,4.998,4.998,4.998,179
2022-03-04 16:03:22,0.0,0.0,0,0.0,0.0,0,0.0,0.0,0,95359.00,0.00,0.00,166,14.14,2.30,0.00,3.7,4.998,4.998,4.998,4.998,112
2022-03-04 16:04:22,0.0,0.0,0,0.0,0.0,0,0.0,0.0,0,95359.00,0.00,0.00,166,14.14,2.30,0.00,3.7,4.998,4.998,4.998,4.998,54
2022-03-04 16:05:22,4.3,5.5,115,0.0,0.0,0,0.0,0.0,0,95474.00,0.00,0.00,157,14.17,2.19,0.00,3.2,4.998,4.998,4.998,4.998,128
2022-03-04 16:06:22,3.1,5.8,266,0.0,0.0,0,0.0,0.0,0,95740.00,0.00,0.00,198,14.17,2.75,0.00,3.2,4.998,4.998,4.998,4.998,238
2022-03-04 16:07:22,3.8,3.8,85,0.0,0.0,0,0.0,0.0,0,95825.00,0.00,0.00,200,14.17,2.78,0.00,3.2,4.998,4.998,4.998,4.998,107
2022-03-04 16:08:22,3.7,4.7,221,0.0,0.0,0,0.0,0.0,0,96046.00,0.00,0.00,206,14.17,2.86,0.00,2.7,4.998,4.998,4.998,4.998,152
2022-03-04 16:09:22,2.5,5.2,163,0.0,0.0,0,0.0,0.0,0,96209.00,0.00,0.00,200,14.17,2.78,0.00,3.2,4.998,4.998,4.998,4.998,107
2022-03-04 16:10:22,3.3,5.9,266,0.0,0.0,0,0.0,0.0,0,96475.00,0.00,0.00,153,14.17,2.13,0.00,2.7,4.998,4.998,4.998,4.998,38
2022-03-04 16:11:22,2.6,3.9,154,0.0,0.0,0,0.0,0.0,0,96629.00,0.00,0.00,153,14.17,2.13,0.00,3.2,4.998,4.998,4.998,4.998,170
2022-03-04 16:12:22,1.1,3.1,45,0.0,0.0,0,0.0,0.0,0,96674.00,0.00,0.00,153,14.17,2.13,0.00,3.2,4.998,4.998,4.998,4.998,136
2022-03-04 16:13:22,2.0,2.0,58,0.0,0.0,0,0.0,0.0,0,96732.00,0.00,0.00,153,14.17,2.13,0.00,3.2,4.998,4.998,4.998,4.998,90
2022-03-04 16:14:22,0.0,2.2,19,0.0,0.0,0,0.0,0.0,0,96751.00,0.00,0.00,153,14.14,2.13,0.00,3.7,4.998,4.998,4.998,4.998,112
2022-03-04 16:15:22,0.0,0.0,0,0.0,0.0,0,0.0,0.0,0,96751.00,0.00,0.00,153,14.14,2.13,0.00,3.7,4.998,4.998,4.998,4.998,171
2022-03-04 16:16:22,0.0,0.0,0,0.0,0.0,0,0.0,0.0,0,96751.00,0.00,0.00,153,14.17,2.13,0.00,3.7,4.998,4.998,4.998,4.998,88
2022-03-04 16:17:22,2.5,3.0,27,0.0,0.0,0,0.0,0.0,0,96778.00,0.00,0.00,153,14.17,2.13,0.00,3.7,4.998,4.998,4.998,4.998,80
2022-03-04 16:18:22,3.4,4.6,208,0.0,0.0,0,0.0,0.0,0,96986.00,0.00,0.00,172,14.17,2.39,0.00,3.2,4.998,4.998,4.998,4.998,156
2022-03-04 16:19:22,2.9,3.5,117,0.0,0.0,0,0.0,0.0,0,97103.00,0.00,0.00,172,14.17,2.39,0.00,3.7,4.998,4.998,4.998,4.998,142
2022-03-04 16:20:22,3.4,5.2,230,0.0,0.0,0,0.0,0.0,0,97333.00,0.00,0.00,196,14.17,2.72,0.00,3.2,4.998,4.998,4.998,4.998,72
2022-03-04 16:21:22,1.9,3.5,122,0.0,0.0,0,0.0,0.0,0,97455.00,0.00,0.00,196,14.17,2.73,0.00,2.7,4.998,4.998,4.998,4.998,203
2022-03-04 16:22:22,3.4,4.0,107,0.0,0.0,0,0.0,0.0,0,97562.00,0.00,0.00,162,14.17,2.26,0.00,2.7,4.998,4.998,4.998,4.998,72
2022-03-04 16:23:22,0.0,3.6,37,0.0,0.0,0,0.0,0.0,0,97599.00,0.00,0.00,163,14.14,2.26,0.00,3.2,4.998,4.998,4.998,4.998,122
2022-03-04 16:24:22,3.6,3.6,50,0.0,0.0,0,0.0,0.0,0,97649.00,0.00,0.00,163,14.17,2.27,0.00,3.2,4.998,4.998,4.998,4.998,174
2022-03-04 16:25:22,3.6,5.0,230,0.0,0.0,0,0.0,0.0,0,97879.00,0.00,0.00,204,14.17,2.83,0.00,3.2,4.998,4.998,4.998,4.998,142
2022-03-04 16:26:22,3.7,4.7,224,0.0,0.0,0,0.0,0.0,0,98103.00,0.00,0.00,120,14.17,1.66,0.00,2.7,4.998,4.998,4.998,4.998,80
2022-03-04 16:27:22,0.0,3.7,87,0.0,0.0,0,0.0,0.0,0,98190.00,0.00,0.00,120,14.17,1.66,0.00,2.7,4.998,4.998,4.998,4.998,169
2022-03-04 16:28:22,2.4,2.4,16,0.0,0.0,0,0.0,0.0,0,98206.00,0.00,0.00,120,14.17,1.66,0.00,3.2,4.998,4.998,4.998,4.998,138
2022-03-04 16:29:22,2.8,4.0,185,0.0,0.0,0,0.0,0.0,0,98391.00,0.00,0.00,68,14.14,0.94,0.00,2.7,4.998,4.998,4.998,4.998,95
2022-03-04 16:30:22,1.9,3.0,90,0.0,0.0,0,0.0,0.0,0,98481.00,0.00,0.00,59,14.17,0.82,0.00,3.2,4.998,4.998,4.998,4.998,43
2022-03-04 16:31:22,1.6,2.8,106,0.0,0.0,0,0.0,0.0,0,98587.00,0.00,0.00,59,14.14,0.82,0.00,3.2,4.998,4.998,4.998,4.998,227
2022-03-04 16:32:22,0.0,1.7,8,0.0,0.0,0,0.0,0.0,0,98595.00,0.00,0.00,59,14.14,0.82,0.00,2.7,4.998,4.998,4.998,4.998,176
2022-03-04 16:33:22,3.8,4.4,150,0.0,0.0,0,0.0,0.0,0,98745.00,0.00,0.00,59,14.17,0.82,0.00,3.2,4.998,4.998,4.998,4.998,198
2022-03-04 16:34:22,4.3,5.2,269,0.0,0.0,0,0.0,0.0,0,99014.00,0.00,0.00,59,14.17,0.82,0.00,2.2,4.998,4.998,4.998,4.998,63
2022-03-04 16:35:22,4.3,4.8,253,0.0,0.0,0,0.0,0.0,0,99267.00,0.00,0.00,54,14.14,0.75,0.00,2.2,4.998,4.998,4.998,4.998,225
2022-03-04 16:36:22,3.2,4.4,207,0.0,0.0,0,0.0,0.0,0,99474.00,0.00,0.00,54,14.17,0.75,0.00,2.2,4.998,4.998,4.998,4.998,245
2022-03-04 16:37:22,2.8,3.3,157,0.0,0.0,0,0.0,0.0,0,99631.00,0.00,0.00,40,14.17,0.56,0.00,2.7,4.998,4.998,4.998,4.998,254
2022-03-04 16:38:22,1.8,2.8,93,0.0,0.0,0,0.0,0.0,0,99724.00,0.00,0.00,40,14.14,0.56,0.00,3.2,4.998,4.998,4.998,4.998,225
2022-03-04 16:39:22,2.6,3.5,133,0.0,0.0,0,0.0,0.0,0,99857.00,0.00,0.00,31,14.17,0.44,0.00,2.7,4.998,4.998,4.998,4.998,8
2022-03-04 16:40:22,1.7,2.8,100,0.0,0.0,0,0.0,0.0,0,99957.00,0.00,0.00,31,14.17,0.44,0.00,3.2,4.998,4.998,4.998,4.998,191
2022-03-04 16:41:22,3.2,3.4,136,0.0,0.0,0,0.0,0.0,0,100093.00,0.00,0.00,31,14.17,0.44,0.00,3.2,4.998,4.998,4.998,4.998,20
2022-03-04 16:42:22,2.6,3.1,146,0.0,0.0,0,0.0,0.0,0,100239.00,0.00,0.00,31,14.17,0.44,0.00,3.2,4.998,4.998,4.998,4.998,36
2022-03-04 16:43:22,2.9,3.5,159,0.0,0.0,0,0.0,0.0,0,100398.00,0.00,0.00,31,14.14,0.44,0.00,2.7,4.998,4.998,4.998,4.998,246
2022-03-04 16:44:22,3.3,3.7,182,0.0,0.0,0,0.0,0.0,0,100580.00,0.00,0.00,31,14.17,0.44,0.00,2.7,4.998,4.998,4.998,4.998,97
2022-03-04 16:45:22,2.8,3.6,170,0.0,0.0,0,0.0,0.0,0,100750.00,0.00,0.00,31,14.17,0.44,0.00,2.7,4.998,4.998,4.998,4.998,102
2022-03-04 16:46:22,2.9,3.0,143,0.0,0.0,0,0.0,0.0,0,100893.00,0.00,0.00,31,14.17,0.44,0.00,2.7,4.998,4.998,4.998,4.998,112
2022-03-04 16:47:22,3.2,4.7,191,0.0,0.0,0,0.0,0.0,0,101084.00,0.00,0.00,42,14.17,0.58,0.00,2.2,4.998,4.998,4.998,4.998,111
2022-03-04 16:48:22,3.1,4.3,197,0.0,0.0,0,0.0,0.0,0,101281.00,0.00,0.00,54,14.17,0.76,0.00,2.2,4.998,4.998,4.998,4.998,218
2022-03-04 16:49:22,3.8,4.0,189,0.0,0.0,0,0.0,0.0,0,101470.00,0.00,0.00,54,14.17,0.76,0.00,2.2,4.998,4.998,4.998,4.998,161
2022-03-04 16:50:22,3.1,4.0,184,0.0,0.0,0,0.0,0.0,0,101654.00,0.00,0.00,54,14.17,0.75,0.00,2.2,4.998,4.998,4.998,4.998,95
2022-03-04 16:51:22,3.4,4.1,209,0.0,0.0,0,0.0,0.0,0,101863.00,0.00,0.00,54,14.17,0.75,0.00,2.2,4.998,4.998,4.998,4.998,120
2022-03-04 16:52:22,3.9,4.7,229,0.0,0.0,0,0.0,0.0,0,102092.00,0.00,0.00,54,14.17,0.75,0.00,1.7,4.998,4.998,4.998,4.998,85
2022-03-04 16:53:22,4.6,4.9,202,0.0,0.0,0,0.0,0.0,0,102294.00,0.00,0.00,42,14.17,0.59,0.00,1.7,4.998,4.998,4.998,4.998,20
2022-03-04 16:54:22,2.8,4.8,173,0.0,0.0,0,0.0,0.0,0,102467.00,0.00,0.00,42,14.17,0.59,0.00,2.2,4.998,4.998,4.998,4.998,74
2022-03-04 16:55:22,0.9,3.0,101,0.0,0.0,0,0.0,0.0,0,102568.00,0.00,0.00,42,14.17,0.59,0.00,2.2,4.998,4.998,4.998,4.998,140
2022-03-04 16:56:22,1.7,2.2,78,0.0,0.0,0,0.0,0.0,0,102646.00,0.00,0.00,42,14.17,0.59,0.00,2.7,4.998,4.998,4.998,4.998,218
2022-03-04 16:57:22,1.7,1.8,68,0.0,0.0,0,0.0,0.0,0,102714.00,0.00,0.00,42,14.17,0.59,0.00,2.2,4.998,4.998,4.998,4.998,64
2022-03-04 16:58:22,0.0,1.6,8,0.0,0.0,0,0.0,0.0,0,102722.00,0.00,0.00,42,14.17,0.59,0.00,2.7,4.998,4.998,4.998,4.998,249
2022-03-04 16:59:22,0.0,0.0,1,0.0,0.0,0,0.0,0.0,0,102723.00,0.00,0.00,42,14.21,0.59,0.00,2.7,4.998,4.998,4.998,4.998,158
2022-03-04 17:00:22,0.0,0.0,0,0.0,0.0,0,0.0,0.0,0,102723.00,0.00,0.00,42,14.21,0.59,0.00,2.7,4.998,4.998,4.998,4.998,56
2022-03-04 17:01:22,0.0,0.0,0,0.0,0.0,0,0.0,0.0,0,102723.00,0.00,0.00,42,14.21,0.59,0.00,2.7,4.998,4.998,4.998,4.998,80
2022-03-04 17:02:22,2.1,2.3,41,0.0,0.0,0,0.0,0.0,0,102764.00,0.00,0.00,42,14.21,0.59,0.00,2.7,4.998,4.998,4.998,4.998,218
2022-03-04 17:03:22,3.1,3.2,122,0.0,0.0,0,0.0,0.0,0,102886.00,0.00,0.00,42,14.21,0.59,0.00,2.7,4.998,4.998,4.998,4.998,106
2022-03-04 17:04:22,3.9,3.9,173,0.0,0.0,0,0.0,0.0,0,103059.00,0.00,0.00,42,14.21,0.59,0.00,2.2,4.998,4.998,4.998,4.998,133
2022-03-04 17:05:22,4.2,4.3,206,0.0,0.0,0,0.0,0.0,0,103265.00,0.00,0.00,33,14.21,0.46,0.00,2.2,4.998,4.998,4.998,4.998,54
2022-03-04 17:06:22,4.2,4.9,249,0.0,0.0,0,0.0,0.0,0,103514.00,0.00,0.00,19,14.21,0.26,0.00,2.7,4.998,4.998,4.998,4.998,35
2022-03-04 17:07:22,4.6,5.1,258,0.0,0.0,0,0.0,0.0,0,103772.00,0.00,0.00,19,14.25,0.26,0.00,2.7,4.998,4.998,4.998,4.998,69
2022-03-04 17:08:22,4.1,4.9,243,0.0,0.0,0,0.0,0.0,0,104015.00,0.00,0.00,19,14.21,0.26,0.00,2.7,4.998,4.998,4.998,4.998,40
2022-03-04 17:09:22,4.9,5.4,274,0.0,0.0,0,0.0,0.0,0,104289.00,0.00,0.00,19,14.21,0.27,0.00,2.2,4.998,4.998,4.998,4.998,4
2022-03-04 17:10:22,5.4,6.0,295,0.0,0.0,0,0.0,0.0,0,104584.00,0.00,0.00,25,14.21,0.35,0.00,2.2,4.998,4.998,4.998,4.998,251
2022-03-04 17:11:22,5.3,7.1,345,0.0,0.0,0,0.0,0.0,0,104929.00,0.00,0.00,34,14.21,0.47,0.00,1.7,4.998,4.998,4.998,4.998,237
2022-03-04 17:12:22,4.5,6.7,305,0.0,0.0,0,0.0,0.0,0,105234.00,0.00,0.00,20,14.21,0.28,0.00,1.7,4.998,4.998,4.998,4.998,233
2022-03-04 17:13:22,5.5,6.5,333,0.0,0.0,0,0.0,0.0,0,105567.00,0.00,0.00,18,14.25,0.25,0.00,2.2,4.998,4.998,4.998,4.998,116
2022-03-04 17:14:22,5.3,6.3,328,0.0,0.0,0,0.0,0.0,0,105895.00,0.00,0.00,17,14.25,0.23,0.00,2.2,4.998,4.998,4.998,4.998,16
2022-03-04 17:15:22,3.9,6.0,279,0.0,0.0,0,0.0,0.0,0,106174.00,0.00,0.00,10,14.21,0.14,0.00,1.7,4.998,4.998,4.998,4.998,205
2022-03-04 17:16:22,3.9,5.5,271,0.0,0.0,0,0.0,0.0,0,106445.00,0.00,0.00,5,14.21,0.07,0.00,2.2,4.998,4.998,4.998,4.998,118
2022-03-04 17:17:22,4.8,5.6,282,0.0,0.0,0,0.0,0.0,0,106727.00,0.00,0.00,2,14.21,0.02,0.00,1.7,4.998,4.998,4.998,4.998,183
2022-03-04 17:18:22,4.1,5.0,237,0.0,0.0,0,0.0,0.0,0,106964.00,0.00,0.00,3,14.21,0.05,0.00,2.2,4.998,4.998,4.998,4.998,112
2022-03-04 17:19:22,5.9,6.3,222,0.0,0.0,0,0.0,0.0,0,107186.00,0.00,0.00,9,14.21,0.13,0.00,1.7,4.998,4.998,4.998,4.998,135
2022-03-04 17:20:22,3.6,6.3,306,0.0,0.0,0,0.0,0.0,0,107492.00,0.00,0.00,28,14.25,0.39,0.00,2.2,4.998,4.998,4.998,4.998,22
2022-03-04 17:21:22,4.8,5.1,258,0.0,0.0,0,0.0,0.0,0,107750.00,0.00,0.00,23,14.25,0.32,0.00,2.2,4.998,4.998,4.998,4.998,114
2022-03-04 17:22:22,4.2,5.2,265,0.0,0.0,0,0.0,0.0,0,108015.00,0.00,0.00,22,14.17,0.31,0.00,2.2,4.998,4.998,4.998,4.998,79
2022-03-04 17:23:22,4.5,5.4,266,0.0,0.0,0,0.0,0.0,0,108281.00,0.00,0.00,22,14.21,0.31,0.00,1.7,4.998,4.998,4.998,4.998,69
2022-03-04 17:24:22,4.3,5.4,271,0.0,0.0,0,0.0,0.0,0,108552.00,0.00,0.00,23,14.21,0.33,0.00,1.7,4.998,4.998,4.998,4.998,95
2022-03-04 17:25:22,4.9,6.0,265,0.0,0.0,0,0.0,0.0,0,108817.00,0.00,0.00,7,14.25,0.10,0.00,1.7,4.998,4.998,4.998,4.998,165
2022-03-04 17:26:22,3.8,5.0,245,0.0,0.0,0,0.0,0.0,0,109062.00,0.00,0.00,26,14.21,0.37,0.00,1.7,4.998,4.998,4.998,4.998,62
2022-03-04 17:27:22,3.2,4.9,198,0.0,0.0,0,0.0,0.0,0,109260.00,0.00,0.00,26,14.21,0.37,0.00,1.7,4.998,4.998,4.998,4.998,91
2022-03-04 17:28:22,3.2,4.1,179,0.0,0.0,0,0.0,0.0,0,109439.00,0.00,0.00,26,14.21,0.37,0.00,1.7,4.998,4.998,4.998,4.998,63
2022-03-04 17:29:22,2.8,3.2,140,0.0,0.0,0,0.0,0.0,0,109579.00,0.00,0.00,26,14.21,0.36,0.00,1.7,4.998,4.998,4.998,4.998,108
2022-03-04 17:30:22,3.2,3.4,154,0.0,0.0,0,0.0,0.0,0,109733.00,0.00,0.00,26,14.21,0.37,0.00,1.7,4.998,4.998,4.998,4.998,239
2022-03-04 17:31:22,2.9,4.6,198,0.0,0.0,0,0.0,0.0,0,109931.00,0.00,0.00,26,14.21,0.36,0.00,1.7,4.998,4.998,4.998,4.998,251
2022-03-04 17:32:22,2.7,5.1,204,0.0,0.0,0,0.0,0.0,0,110135.00,0.00,0.00,21,14.21,0.29,0.00,1.7,4.998,4.998,4.998,4.998,100
2022-03-04 17:33:22,2.4,3.1,146,0.0,0.0,0,0.0,0.0,0,110281.00,0.00,0.00,21,14.21,0.29,0.00,1.7,4.998,4.998,4.998,4.998,119
2022-03-04 17:34:22,2.3,3.7,147,0.0,0.0,0,0.0,0.0,0,110428.00,0.00,0.00,17,14.25,0.23,0.00,1.7,4.998,4.998,4.998,4.998,135
2022-03-04 17:35:22,3.1,3.8,154,0.0,0.0,0,0.0,0.0,0,110582.00,0.00,0.00,17,14.21,0.24,0.00,2.2,4.998,4.998,4.998,4.998,227
2022-03-04 17:36:22,4.7,5.1,253,0.0,0.0,0,0.0,0.0,0,110835.00,0.00,0.00,18,14.21,0.25,0.00,1.7,4.998,4.998,4.998,4.998,76
2022-03-04 17:37:22,3.9,4.9,236,0.0,0.0,0,0.0,0.0,0,111071.00,0.00,0.00,43,14.21,0.61,0.00,1.7,4.998,4.998,4.998,4.998,179
2022-03-04 17:38:22,3.9,4.9,241,0.0,0.0,0,0.0,0.0,0,111312.00,0.00,0.00,41,14.25,0.58,0.00,1.7,4.998,4.998,4.998,4.998,211
2022-03-04 17:39:22,4.3,5.8,268,0.0,0.0,0,0.0,0.0,0,111580.00,0.00,0.00,34,14.21,0.48,0.00,1.7,4.998,4.998,4.998,4.998,149
2022-03-04 17:40:22,4.5,5.9,268,0.0,0.0,0,0.0,0.0,0,111848.00,0.00,0.00,25,14.25,0.35,0.00,2.2,4.998,4.998,4.998,4.998,115
2022-03-04 17:41:22,4.7,5.4,270,0.0,0.0,0,0.0,0.0,0,112118.00,0.00,0.00,35,14.25,0.49,0.00,2.2,4.998,4.998,4.998,4.998,113
2022-03-04 17:42:22,2.6,5.0,213,0.0,0.0,0,0.0,0.0,0,112331.00,0.00,0.00,35,14.21,0.49,0.00,2.2,4.998,4.998,4.998,4.998,181
2022-03-04 17:43:22,4.1,4.6,202,0.0,0.0,0,0.0,0.0,0,112533.00,0.00,0.00,35,14.21,0.49,0.00,1.7,4.998,4.998,4.998,4.998,253
2022-03-04 17:44:22,3.5,5.2,241,0.0,0.0,0,0.0,0.0,0,112774.00,0.00,0.00,42,14.21,0.59,0.00,2.2,4.998,4.998,4.998,4.998,73
2022-03-04 17:45:22,3.2,4.5,200,0.0,0.0,0,0.0,0.0,0,112974.00,0.00,0.00,38,14.14,0.53,0.00,1.7,4.998,4.998,4.998,4.998,47
2022-03-04 17:46:22,3.2,3.6,161,0.0,0.0,0,0.0,0.0,0,113135.00,0.00,0.00,38,14.02,0.53,0.00,1.7,4.998,4.998,4.998,4.998,89
2022-03-04 17:47:22,4.1,4.4,206,0.0,0.0,0,0.0,0.0,0,113341.00,0.00,0.00,37,13.90,0.52,0.00,1.7,4.998,4.998,4.998,4.998,1
2022-03-04 17:48:22,4.8,4.9,239,0.0,0.0,0,0.0,0.0,0,113580.00,0.00,0.00,37,13.78,0.52,0.00,1.7,4.998,4.998,4.998,4.998,38
2022-03-04 17:49:22,4.0,5.0,257,0.0,0.0,0,0.0,0.0,0,113837.00,0.00,0.00,38,13.74,0.53,0.00,1.2,4.998,4.998,4.998,4.998,167
2022-03-04 17:50:22,4.0,4.4,220,0.0,0.0,0,0.0,0.0,0,114057.00,0.00,0.00,37,13.71,0.52,0.00,1.2,4.998,4.998,4.998,4.998,128
2022-03-04 17:51:22,3.5,5.4,262,0.0,0.0,0,0.0,0.0,0,114319.00,0.00,0.00,38,13.71,0.53,0.00,1.2,4.998,4.998,4.998,4.998,227
2022-03-04 17:52:22,4.6,5.5,236,0.0,0.0,0,0.0,0.0,0,114555.00,0.00,0.00,41,13.67,0.58,0.00,1.7,4.998,4.998,4.998,4.998,147
2022-03-04 17:53:22,5.1,6.1,310,0.0,0.0,0,0.0,0.0,0,114865.00,0.00,0.00,51,13.63,0.71,0.00,1.7,4.998,4.998,4.998,4.998,83
2022-03-04 17:54:22,3.9,5.1,257,0.0,0.0,0,0.0,0.0,0,115122.00,0.00,0.00,41,13.63,0.57,0.00,1.7,4.998,4.998,4.998,4.998,187
2022-03-04 17:55:22,4.3,4.9,224,0.0,0.0,0,0.0,0.0,0,115346.00,0.00,0.00,41,13.59,0.57,0.00,1.7,4.998,4.998,4.998,4.998,26
2022-03-04 17:56:22,4.1,4.8,234,0.0,0.0,0,0.0,0.0,0,115580.00,0.00,0.00,27,13.59,0.38,0.00,1.7,4.998,4.998,4.998,4.998,80
2022-03-04 17:57:22,3.7,4.6,227,0.0,0.0,0,0.0,0.0,0,115807.00,0.00,0.00,27,13.59,0.38,0.00,1.7,4.998,4.998,4.998,4.998,230
2022-03-04 17:58:22,5.1,5.4,238,0.0,0.0,0,0.0,0.0,0,116045.00,0.00,0.00,28,13.59,0.39,0.00,1.7,4.998,4.998,4.998,4.998,27
2022-03-04 17:59:22,3.5,5.4,239,0.0,0.0,0,0.0,0.0,0,116284.00,0.00,0.00,28,13.59,0.39,0.00,1.7,4.998,4.998,4.998,4.998,148
2022-03-04 18:00:22,3.9,4.6,231,0.0,0.0,0,0.0,0.0,0,116515.00,0.00,0.00,27,13.55,0.38,0.00,1.7,4.998,4.998,4.998,4.998,140
2022-03-04 18:01:22,3.5,3.9,193,0.0,0.0,0,0.0,0.0,0,116708.00,0.00,0.00,27,13.51,0.38,0.00,2.2,4.998,4.998,4.998,4.998,255
2022-03-04 18:02:22,3.2,3.9,161,0.0,0.0,0,0.0,0.0,0,116869.00,0.00,0.00,27,13.55,0.38,0.00,1.7,4.998,4.998,4.998,4.998,58
2022-03-04 18:03:22,4.2,4.3,199,0.0,0.0,0,0.0,0.0,0,117068.00,0.00,0.00,14,13.51,0.20,0.00,1.7,4.998,4.998,4.998,4.998,85
2022-03-04 18:04:22,4.3,4.4,230,0.0,0.0,0,0.0,0.0,0,117298.00,0.00,0.00,9,13.51,0.13,0.00,1.7,4.998,4.998,4.998,4.998,77
2022-03-04 18:05:22,3.2,4.7,210,0.0,0.0,0,0.0,0.0,0,117508.00,0.00,0.00,9,13.51,0.13,0.00,1.7,4.998,4.998,4.998,4.998,171
2022-03-04 18:06:22,4.0,5.2,242,0.0,0.0,0,0.0,0.0,0,117750.00,0.00,0.00,8,13.51,0.11,0.00,1.7,4.998,4.998,4.998,4.998,214
2022-03-04 18:07:22,5.3,6.2,299,0.0,0.0,0,0.0,0.0,0,118049.00,0.00,0.00,9,13.51,0.13,0.00,1.7,4.998,4.998,4.998,4.998,121
2022-03-04 18:08:22,6.8,7.8,386,0.0,0.0,0,0.0,0.0,0,118435.00,0.00,0.00,25,13.47,0.35,0.00,1.7,4.998,4.998,4.998,4.998,163
2022-03-04 18:09:22,6.4,9.0,428,0.0,0.0,0,0.0,0.0,0,118863.00,0.00,0.00,24,13.47,0.34,0.00,1.7,4.998,4.998,4.998,4.998,103
2022-03-04 18:10:22,5.4,7.5,369,0.0,0.0,0,0.0,0.0,0,119232.00,0.00,0.00,27,13.47,0.38,0.00,1.7,4.998,4.998,4.998,4.998,5
2022-03-04 18:11:22,5.5,8.9,393,0.0,0.0,0,0.0,0.0,0,119625.00,0.00,0.00,36,13.47,0.50,0.00,1.7,4.998,4.998,4.998,4.998,123
2022-03-04 18:12:22,6.6,7.9,404,0.0,0.0,0,0.0,0.0,0,120029.00,0.00,0.00,26,13.43,0.36,0.00,1.7,4.998,4.998,4.998,4.998,63
2022-03-04 18:13:22,6.6,8.4,396,0.0,0.0,0,0.0,0.0,0,120425.00,0.00,0.00,25,13.43,0.35,0.00,1.7,4.998,4.998,4.998,4.998,13
2022-03-04 18:14:22,6.9,8.1,398,0.0,0.0,0,0.0,0.0,0,120823.00,0.00,0.00,29,13.43,0.40,0.00,1.2,4.998,4.998,4.998,4.998,139
2022-03-04 18:15:22,6.0,7.5,399,0.0,0.0,0,0.0,0.0,0,121222.00,0.00,0.00,47,13.43,0.66,0.00,1.7,4.998,4.998,4.998,4.998,234
2022-03-04 18:16:22,6.3,7.0,368,0.0,0.0,0,0.0,0.0,0,121590.00,0.00,0.00,36,13.39,0.50,0.00,1.2,4.998,4.998,4.998,4.998,209
2022-03-04 18:17:22,7.5,9.0,430,0.0,0.0,0,0.0,0.0,0,122020.00,0.00,0.00,40,13.43,0.56,0.00,1.7,4.998,4.998,4.998,4.998,209
2022-03-04 18:18:22,8.4,11.0,544,0.0,0.0,0,0.0,0.0,0,122564.00,0.00,0.00,49,13.39,0.68,0.00,1.7,4.998,4.998,4.998,4.998,209
2022-03-04 18:19:22,7.3,9.0,439,0.0,0.0,0,0.0,0.0,0,123003.00,0.00,0.00,34,13.39,0.47,0.00,1.7,4.998,4.998,4.998,4.998,58
2022-03-04 18:20:22,5.0,7.2,337,0.0,0.0,0,0.0,0.0,0,123340.00,0.00,0.00,39,13.35,0.54,0.00,1.7,4.998,4.998,4.998,4.998,86
2022-03-04 18:21:22,6.1,7.3,372,0.0,0.0,0,0.0,0.0,0,123712.00,0.00,0.00,10,13.35,0.15,0.00,1.7,4.998,4.998,4.998,4.998,19
2022-03-04 18:22:22,6.0,11.1,446,0.0,0.0,0,0.0,0.0,0,124158.00,0.00,0.00,44,13.35,0.62,0.00,1.7,4.998,4.998,4.998,4.998,14
2022-03-04 18:23:22,5.8,8.4,427,0.0,0.0,0,0.0,0.0,0,124585.00,0.00,0.00,27,13.32,0.38,0.00,1.7,4.998,4.998,4.998,4.998,196
2022-03-04 18:24:22,6.0,8.0,369,0.0,0.0,0,0.0,0.0,0,124954.00,0.00,0.00,30,13.32,0.42,0.00,1.7,4.998,4.998,4.998,4.998,77
2022-03-04 18:25:22,5.9,7.8,384,0.0,0.0,0,0.0,0.0,0,125338.00,0.00,0.00,49,13.28,0.69,0.00,1.7,4.998,4.998,4.998,4.998,186
2022-03-04 18:26:22,6.2,6.7,329,0.0,0.0,0,0.0,0.0,0,125667.00,0.00,0.00,29,13.32,0.40,0.00,1.2,4.998,4.998,4.998,4.998,141
2022-03-04 18:27:22,5.6,6.6,315,0.0,0.0,0,0.0,0.0,0,125982.00,0.00,0.00,42,13.28,0.59,0.00,1.7,4.998,4.998,4.998,4.998,115
2022-03-04 18:28:22,4.7,6.6,322,0.0,0.0,0,0.0,0.0,0,126304.00,0.00,0.00,35,13.28,0.49,0.00,1.7,4.998,4.998,4.998,4.998,33
2022-03-04 18:29:22,6.0,6.8,322,0.0,0.0,0,0.0,0.0,0,126626.00,0.00,0.00,35,13.24,0.48,0.00,1.7,4.998,4.998,4.998,4.998,42
2022-03-04 18:30:22,6.5,6.7,330,0.0,0.0,0,0.0,0.0,0,126956.00,0.00,0.00,30,13.24,0.42,0.00,1.7,4.998,4.998,4.998,4.998,117
2022-03-04 18:31:22,6.1,8.2,401,0.0,0.0,0,0.0,0.0,0,127357.00,0.00,0.00,36,13.20,0.50,0.00,1.7,4.998,4.998,4.998,4.998,203
2022-03-04 18:32:22,4.1,5.8,269,0.0,0.0,0,0.0,0.0,0,127626.00,0.00,0.00,29,13.20,0.41,0.00,1.7,4.998,4.998,4.998,4.998,176
2022-03-04 18:33:22,6.7,7.5,312,0.0,0.0,0,0.0,0.0,0,127938.00,0.00,0.00,76,13.20,1.05,0.00,1.7,4.998,4.998,4.998,4.998,213
2022-03-04 18:34:22,4.5,8.4,349,0.0,0.0,0,0.0,0.0,0,128287.00,0.00,0.00,34,13.20,0.47,0.00,1.7,4.998,4.998,4.998,4.998,143
2022-03-04 18:35:22,5.1,6.8,278,0.0,0.0,0,0.0,0.0,0,128565.00,0.00,0.00,32,13.16,0.45,0.00,1.7,4.998,4.998,4.998,4.998,41
2022-03-04 18:36:22,4.7,8.0,362,0.0,0.0,0,0.0,0.0,0,128927.00,0.00,0.00,58,13.16,0.80,0.00,1.7,4.998,4.998,4.998,4.998,166
2022-03-04 18:37:22,5.6,6.6,309,0.0,0.0,0,0.0,0.0,0,129236.00,0.00,0.00,35,13.16,0.49,0.00,1.7,4.998,4.998,4.998,4.998,243
2022-03-04 18:38:22,4.8,6.8,318,0.0,0.0,0,0.0,0.0,0,129554.00,0.00,0.00,41,13.12,0.57,0.00,1.7,4.998,4.998,4.998,4.998,183
2022-03-04 18:39:22,6.5,6.9,353,0.0,0.0,0,0.0,0.0,0,129907.00,0.00,0.00,60,13.16,0.84,0.00,1.7,4.998,4.998,4.998,4.998,58
2022-03-04 18:40:22,5.8,7.8,381,0.0,0.0,0,0.0,0.0,0,130288.00,0.00,0.00,64,13.12,0.89,0.00,1.7,4.998,4.998,4.998,4.998,246
2022-03-04 18:41:22,5.2,7.0,332,0.0,0.0,0,0.0,0.0,0,130620.00,0.00,0.00,51,13.12,0.71,0.00,1.7,4.998,4.998,4.998,4.998,202
2022-03-04 18:42:22,5.2,5.4,267,0.0,0.0,0,0.0,0.0,0,130887.00,0.00,0.00,64,13.12,0.89,0.00,1.7,4.998,4.998,4.998,4.998,252
2022-03-04 18:43:22,5.4,5.9,312,0.0,0.0,0,0.0,0.0,0,131199.00,0.00,0.00,72,13.08,1.00,0.00,1.2,4.998,4.998,4.998,4.998,242
2022-03-04 18:44:22,3.9,6.0,306,0.0,0.0,0,0.0,0.0,0,131505.00,0.00,0.00,63,13.08,0.88,0.00,1.2,4.998,4.998,4.998,4.998,247
2022-03-04 18:45:22,5.9,7.8,316,0.0,0.0,0,0.0,0.0,0,131821.00,0.00,0.00,60,13.08,0.84,0.00,1.2,4.998,4.998,4.998,4.998,63
2022-03-04 18:46:22,7.0,7.4,390,0.0,0.0,0,0.0,0.0,0,132211.00,0.00,0.00,60,13.08,0.83,0.00,1.2,4.998,4.998,4.998,4.998,176
2022-03-04 18:47:22,6.8,8.1,426,0.0,0.0,0,0.0,0.0,0,132637.00,0.00,0.00,68,13.08,0.95,0.00,1.2,4.998,4.998,4.998,4.998,30
2022-03-04 18:48:22,6.9,9.0,463,0.0,0.0,0,0.0,0.0,0,133100.00,0.00,0.00,56,13.08,0.78,0.00,1.7,4.998,4.998,4.998,4.998,33
2022-03-04 18:49:22,6.2,7.9,404,0.0,0.0,0,0.0,0.0,0,133504.00,0.00,0.00,42,13.08,0.59,0.00,1.7,4.998,4.998,4.998,4.998,65
2022-03-04 18:50:22,4.8,7.1,330,0.0,0.0,0,0.0,0.0,0,133834.00,0.00,0.00,48,13.08,0.67,0.00,1.7,4.998,4.998,4.998,4.998,93
2022-03-04 18:51:22,6.3,7.6,361,0.0,0.0,0,0.0,0.0,0,134195.00,0.00,0.00,65,13.04,0.90,0.00,1.7,4.998,4.998,4.998,4.998,81
2022-03-04 18:52:22,7.3,8.5,418,0.0,0.0,0,0.0,0.0,0,134613.00,0.00,0.00,59,13.08,0.83,0.00,1.7,4.998,4.998,4.998,4.998,191
2022-03-04 18:53:22,4.8,9.6,386,0.0,0.0,0,0.0,0.0,0,134999.00,0.00,0.00,55,13.08,0.76,0.00,1.7,4.998,4.998,4.998,4.998,227
2022-03-04 18:54:22,7.6,8.2,384,0.0,0.0,0,0.0,0.0,0,135383.00,0.00,0.00,70,13.08,0.98,0.00,1.7,4.998,4.998,4.998,4.998,59
2022-03-04 18:55:22,8.1,8.7,466,0.0,0.0,0,0.0,0.0,0,135849.00,0.00,0.00,59,13.08,0.82,0.00,1.2,4.998,4.998,4.998,4.998,179
2022-03-04 18:56:22,7.1,8.9,465,0.0,0.0,0,0.0,0.0,0,136314.00,0.00,0.00,65,13.08,0.91,0.00,1.2,4.998,4.998,4.998,4.998,133
2022-03-04 18:57:22,7.9,9.0,470,0.0,0.0,0,0.0,0.0,0,136784.00,0.00,0.00,62,13.08,0.86,0.00,1.2,4.998,4.998,4.998,4.998,38
2022-03-04 18:58:22,5.9,9.9,477,0.0,0.0,0,0.0,0.0,0,137261.00,0.00,0.00,66,13.08,0.92,0.00,1.2,4.998,4.998,4.998,4.998,144
2022-03-04 18:59:22,6.8,8.5,441,0.0,0.0,0,0.0,0.0,0,137702.00,0.00,0.00,64,13.08,0.89,0.00,1.2,4.998,4.998,4.998,4.998,40
2022-03-04 19:00:22,7.5,8.3,423,0.0,0.0,0,0.0,0.0,0,138125.00,0.00,0.00,67,13.08,0.93,0.00,1.2,4.998,4.998,4.998,4.998,103
2022-03-04 19:01:22,10.3,11.3,528,0.0,0.0,0,0.0,0.0,0,138653.00,0.00,0.00,76,13.08,1.06,0.00,1.7,4.998,4.998,4.998,4.998,132
2022-03-04 19:02:22,9.6,10.7,570,0.0,0.0,0,0.0,0.0,0,139223.00,0.00,0.00,75,13.08,1.05,0.00,1.2,4.998,4.998,4.998,4.998,103
2022-03-04 19:03:22,9.6,11.6,612,0.0,0.0,0,0.0,0.0,0,139835.00,0.00,0.00,77,13.04,1.07,0.00,1.7,4.998,4.998,4.998,4.998,238
2022-03-04 19:04:22,9.0,13.0,699,0.0,0.0,0,0.0,0.0,0,140534.00,0.00,0.00,75,13.08,1.05,0.00,1.7,4.998,4.998,4.998,4.998,200
2022-03-04 19:05:22,11.0,14.8,732,0.0,0.0,0,0.0,0.0,0,141266.00,0.00,0.00,86,13.08,1.20,0.00,1.7,4.998,4.998,4.998,4.998,184
2022-03-04 19:06:22,10.7,15.9,823,0.0,0.0,0,0.0,0.0,0,142089.00,0.00,0.00,80,13.08,1.11,0.00,1.7,4.998,4.998,4.998,4.998,64
2022-03-04 19:07:22,11.0,12.1,647,0.0,0.0,0,0.0,0.0,0,142736.00,0.00,0.00,72,13.08,1.00,0.00,1.7,4.998,4.998,4.998,4.998,59
2022-03-04 19:08:22,8.7,12.5,639,0.0,0.0,0,0.0,0.0,0,143375.00,0.00,0.00,87,13.04,1.22,0.00,1.7,4.998,4.998,4.998,4.998,76
2022-03-04 19:09:22,7.7,10.5,524,0.0,0.0,0,0.0,0.0,0,143899.00,0.00,0.00,78,13.04,1.09,0.00,1.7,4.998,4.998,4.998,4.998,121
2022-03-04 19:10:22,6.4,8.2,398,0.0,0.0,0,0.0,0.0,0,144297.00,0.00,0.00,89,13.08,1.24,0.00,1.7,4.998,4.998,4.998,4.998,201
2022-03-04 19:11:22,9.6,9.9,524,0.0,0.0,0,0.0,0.0,0,144821.00,0.00,0.00,65,13.04,0.90,0.00,1.7,4.998,4.998,4.998,4.998,198
2022-03-04 19:12:22,7.0,10.8,457,0.0,0.0,0,0.0,0.0,0,145278.00,0.00,0.00,66,13.04,0.92,0.00,1.2,4.998,4.998,4.998,4.998,127
2022-03-04 19:13:22,5.9,8.5,376,0.0,0.0,0,0.0,0.0,0,145654.00,0.00,0.00,58,13.04,0.81,0.00,1.2,4.998,4.998,4.998,4.998,241
2022-03-04 19:14:22,6.1,7.5,372,0.0,0.0,0,0.0,0.0,0,146026.00,0.00,0.00,61,13.04,0.85,0.00,1.2,4.998,4.998,4.998,4.998,134
2022-03-04 19:15:22,7.5,10.8,540,0.0,0.0,0,0.0,0.0,0,146566.00,0.00,0.00,45,13.04,0.62,0.00,1.7,4.998,4.998,4.998,4.998,133
2022-03-04 19:16:22,4.9,9.2,428,0.0,0.0,0,0.0,0.0,0,146994.00,0.00,0.00,53,13.04,0.74,0.00,1.7,4.998,4.998,4.998,4.998,244
2022-03-04 19:17:22,6.2,7.9,312,0.0,0.0,0,0.0,0.0,0,147306.00,0.00,0.00,61,13.04,0.85,0.00,1.7,4.998,4.998,4.998,4.998,158
2022-03-04 19:18:22,4.9,7.3,374,0.0,0.0,0,0.0,0.0,0,147680.00,0.00,0.00,48,13.04,0.67,0.00,1.7,4.998,4.998,4.998,4.998,41
2022-03-04 19:19:22,6.1,6.1,225,0.0,0.0,0,0.0,0.0,0,147905.00,0.00,0.00,40,13.04,0.55,0.00,1.7,4.998,4.998,4.998,4.998,104
2022-03-04 19:20:22,4.3,8.3,367,0.0,0.0,0,0.0,0.0,0,148272.00,0.00,0.00,40,13.04,0.56,0.00,1.7,4.998,4.998,4.998,4.998,179
2022-03-04 19:21:22,8.4,8.9,331,0.0,0.0,0,0.0,0.0,0,148603.00,0.00,0.00,42,13.04,0.58,0.00,1.7,4.998,4.998,4.998,4.998,180
2022-03-04 19:22:22,7.7,8.5,423,0.0,0.0,0,0.0,0.0,0,149026.00,0.00,0.00,53,13.04,0.74,0.00,1.7,4.998,4.998,4.998,4.998,46
2022-03-04 19:23:22,6.5,8.7,432,0.0,0.0,0,0.0,0.0,0,149458.00,0.00,0.00,63,13.04,0.88,0.00,1.7,4.998,4.998,4.998,4.998,110
2022-03-04 19:24:22,8.3,9.8,494,0.0,0.0,0,0.0,0.0,0,149952.00,0.00,0.00,81,13.04,1.12,0.00,1.7,4.998,4.998,4.998,4.998,78
2022-03-04 19:25:22,7.1,9.2,484,0.0,0.0,0,0.0,0.0,0,150436.00,0.00,0.00,85,13.04,1.18,0.00,1.2,4.998,4.998,4.998,4.998,146
2022-03-04 19:26:22,7.6,8.7,449,0.0,0.0,0,0.0,0.0,0,150885.00,0.00,0.00,80,13.04,1.11,0.00,1.7,4.998,4.998,4.998,4.998,97
2022-03-04 19:27:22,6.4,8.1,389,0.0,0.0,0,0.0,0.0,0,151274.00,0.00,0.00,84,13.04,1.17,0.00,1.7,4.998,4.998,4.998,4.998,198
2022-03-04 19:28:22,6.3,6.8,317,0.0,0.0,0,0.0,0.0,0,151591.00,0.00,0.00,86,13.04,1.19,0.00,1.7,4.998,4.998,4.998,4.998,81
2022-03-04 19:29:22,5.4,7.0,359,0.0,0.0,0,0.0,0.0,0,151950.00,0.00,0.00,79,13.04,1.10,0.00,1.2,4.998,4.998,4.998,4.998,197
2022-03-04 19:30:22,6.3,6.9,363,0.0,0.0,0,0.0,0.0,0,152313.00,0.00,0.00,74,13.04,1.04,0.00,1.7,4.998,4.998,4.998,4.998,44
2022-03-04 19:31:22,7.2,8.6,434,0.0,0.0,0,0.0,0.0,0,152747.00,0.00,0.00,69,13.04,0.96,0.00,1.7,4.998,4.998,4.998,4.998,73
2022-03-04 19:32:22,7.8,8.6,444,0.0,0.0,0,0.0,0.0,0,153191.00,0.00,0.00,80,13.04,1.11,0.00,1.7,4.998,4.998,4.998,4.998,96
2022-03-04 19:33:22,8.2,9.8,502,0.0,0.0,0,0.0,0.0,0,153693.00,0.00,0.00,77,13.04,1.07,0.00,1.7,4.998,4.998,4.998,4.998,94
2022-03-04 19:34:22,6.9,8.9,481,0.0,0.0,0,0.0,0.0,0,154174.00,0.00,0.00,69,13.04,0.96,0.00,1.7,4.998,4.998,4.998,4.998,163
2022-03-04 19:35:22,9.3,9.9,502,0.0,0.0,0,0.0,0.0,0,154676.00,0.00,0.00,79,13.04,1.10,0.00,1.2,4.998,4.998,4.998,4.998,7
2022-03-04 19:36:22,8.0,10.1,489,0.0,0.0,0,0.0,0.0,0,155165.00,0.00,0.00,69,13.04,0.96,0.00,1.2,4.998,4.998,4.998,4.998,118
2022-03-04 19:37:22,7.5,10.4,529,0.0,0.0,0,0.0,0.0,0,155694.00,0.00,0.00,71,13.04,0.99,0.00,1.2,4.998,4.998,4.998,4.998,93
2022-03-04 19:38:22,8.9,10.2,549,0.0,0.0,0,0.0,0.0,0,156243.00,0.00,0.00,72,13.04,1.01,0.00,1.7,4.998,4.998,4.998,4.998,156
2022-03-04 19:39:22,7.8,10.2,550,0.0,0.0,0,0.0,0.0,0,156793.00,0.00,0.00,69,13.04,0.96,0.00,1.7,4.998,4.998,4.998,4.998,23
2022-03-04 19:40:22,8.4,9.9,499,0.0,0.0,0,0.0,0.0,0,157292.00,0.00,0.00,75,13.04,1.05,0.00,1.7,4.998,4.998,4.998,4.998,39
2022-03-04 19:41:22,5.7,9.0,432,0.0,0.0,0,0.0,0.0,0,157724.00,0.00,0.00,71,13.00,0.99,0.00,1.2,4.998,4.998,4.998,4.998,173
2022-03-04 19:42:22,6.3,9.6,442,0.0,0.0,0,0.0,0.0,0,158166.00,0.00,0.00,77,13.00,1.07,0.00,1.7,4.998,4.998,4.998,4.998,21
2022-03-04 19:43:22,6.6,9.1,444,0.0,0.0,0,0.0,0.0,0,158610.00,0.00,0.00,73,13.04,1.02,0.00,1.2,4.998,4.998,4.998,4.998,115
2022-03-04 19:44:22,7.6,10.5,552,0.0,0.0,0,0.0,0.0,0,159162.00,0.00,0.00,75,13.00,1.04,0.00,1.7,4.998,4.998,4.998,4.998,150
2022-03-04 19:45:22,10.9,11.5,575,0.0,0.0,0,0.0,0.0,0,159737.00,0.00,0.00,75,13.00,1.05,0.00,1.7,4.998,4.998,4.998,4.998,59
2022-03-04 19:46:22,10.9,11.3,616,0.0,0.0,0,0.0,0.0,0,160353.00,0.00,0.00,73,13.04,1.02,0.00,1.7,4.998,4.998,4.998,4.998,98
2022-03-04 19:47:22,7.2,11.4,621,0.0,0.0,0,0.0,0.0,0,160974.00,0.00,0.00,73,13.04,1.02,0.00,1.7,4.998,4.998,4.998,4.998,236
2022-03-04 19:48:22,9.2,12.7,650,0.0,0.0,0,0.0,0.0,0,161624.00,0.00,0.00,85,13.00,1.19,0.00,1.7,4.998,4.998,4.998,4.998,204
2022-03-04 19:49:22,10.2,13.7,691,0.0,0.0,0,0.0,0.0,0,162315.00,0.00,0.00,66,13.00,0.91,0.00,1.7,4.998,4.998,4.998,4.998,107
2022-03-04 19:50:22,10.8,14.1,723,0.0,0.0,0,0.0,0.0,0,163038.00,0.00,0.00,74,13.04,1.04,0.00,1.7,4.998,4.998,4.998,4.998,188
2022-03-04 19:51:22,10.0,13.9,663,0.0,0.0,0,0.0,0.0,0,163701.00,0.00,0.00,78,13.00,1.08,0.00,1.2,4.998,4.998,4.998,4.998,74
2022-03-04 19:52:22,10.7,14.9,708,0.0,0.0,0,0.0,0.0,0,164409.00,0.00,0.00,55,13.00,0.77,0.00,1.2,4.998,4.998,4.998,4.998,140
2022-03-04 19:53:22,9.5,13.3,696,0.0,0.0,0,0.0,0.0,0,165105.00,0.00,0.00,73,13.00,1.02,0.00,1.2,4.998,4.998,4.998,4.998,44
2022-03-04 19:54:22,9.6,14.4,713,0.0,0.0,0,0.0,0.0,0,165818.00,0.00,0.00,64,13.00,0.89,0.00,1.2,4.998,4.998,4.998,4.998,31
2022-03-04 19:55:22,7.3,11.8,525,0.0,0.0,0,0.0,0.0,0,166343.00,0.00,0.00,69,13.04,0.96,0.00,1.2,4.998,4.998,4.998,4.998,127
2022-03-04 19:56:22,6.7,10.2,410,0.0,0.0,0,0.0,0.0,0,166753.00,0.00,0.00,67,13.04,0.93,0.00,1.2,4.998,4.998,4.998,4.998,243
2022-03-04 19:57:22,4.6,6.7,324,0.0,0.0,0,0.0,0.0,0,167077.00,0.00,0.00,55,13.00,0.76,0.00,1.7,4.998,4.998,4.998,4.998,185
2022-03-04 19:58:22,4.6,4.9,214,0.0,0.0,0,0.0,0.0,0,167291.00,0.00,0.00,57,13.00,0.79,0.00,1.2,4.998,4.998,4.998,4.998,251
2022-03-04 19:59:22,4.6,5.9,278,0.0,0.0,0,0.0,0.0,0,167569.00,0.00,0.00,63,13.00,0.88,0.00,1.7,4.998,4.998,4.998,4.998,7
2022-03-04 20:00:22,4.6,8.4,384,0.0,0.0,0,0.0,0.0,0,167953.00,0.00,0.00,23,13.00,0.32,0.00,1.7,4.998,4.998,4.998,4.998,92
2022-03-04 20:01:22,4.9,5.9,271,0.0,0.0,0,0.0,0.0,0,168224.00,0.00,0.00,55,13.00,0.77,0.00,1.7,4.998,4.998,4.998,4.998,168
2022-03-04 20:02:22,5.3,7.9,356,0.0,0.0,0,0.0,0.0,0,168580.00,0.00,0.00,54,13.00,0.75,0.00,1.7,4.998,4.998,4.998,4.998,60
2022-03-04 20:03:22,5.2,6.5,282,0.0,0.0,0,0.0,0.0,0,168862.00,0.00,0.00,53,13.00,0.74,0.00,1.7,4.998,4.998,4.998,4.998,194
2022-03-04 20:04:22,5.1,8.2,355,0.0,0.0,0,0.0,0.0,0,169217.00,0.00,0.00,66,13.00,0.92,0.00,1.7,4.998,4.998,4.998,4.998,12
2022-03-04 20:05:22,7.2,7.2,308,0.0,0.0,0,0.0,0.0,0,169525.00,0.00,0.00,61,13.00,0.85,0.00,1.7,4.998,4.998,4.998,4.998,149
2022-03-04 20:06:22,6.1,7.6,406,0.0,0.0,0,0.0,0.0,0,169931.00,0.00,0.00,46,13.00,0.63,0.00,1.7,4.998,4.998,4.998,4.998,223
2022-03-04 20:07:22,3.6,6.2,279,0.0,0.0,0,0.0,0.0,0,170210.00,0.00,0.00,31,13.00,0.44,0.00,1.7,4.998,4.998,4.998,4.998,166
2022-03-04 20:08:22,4.8,4.9,172,0.0,0.0,0,0.0,0.0,0,170382.00,0.00,0.00,22,13.00,0.31,0.00,1.2,4.998,4.998,4.998,4.998,82
2022-03-04 20:09:22,4.9,7.2,315,0.0,0.0,0,0.0,0.0,0,170697.00,0.00,0.00,29,13.00,0.40,0.00,1.2,4.998,4.998,4.998,4.998,9
2022-03-04 20:10:22,6.2,6.8,249,0.0,0.0,0,0.0,0.0,0,170946.00,0.00,0.00,31,13.00,0.44,0.00,1.2,4.998,4.998,4.998,4.998,129
2022-03-04 20:11:22,6.9,7.6,371,0.0,0.0,0,0.0,0.0,0,171317.00,0.00,0.00,25,13.00,0.35,0.00,1.2,4.998,4.998,4.998,4.998,15
2022-03-04 20:12:22,7.2,7.9,390,0.0,0.0,0,0.0,0.0,0,171707.00,0.00,0.00,30,13.00,0.42,0.00,1.2,4.998,4.998,4.998,4.998,143
2022-03-04 20:13:22,5.5,7.6,393,0.0,0.0,0,0.0,0.0,0,172100.00,0.00,0.00,48,13.00,0.67,0.00,1.2,4.998,4.998,4.998,4.998,189
2022-03-04 20:14:22,5.7,6.8,345,0.0,0.0,0,0.0,0.0,0,172445.00,0.00,0.00,26,13.00,0.36,0.00,1.2,4.998,4.998,4.998,4.998,189
2022-03-04 20:15:22,7.4,9.7,448,0.0,0.0,0,0.0,0.0,0,172893.00,0.00,0.00,70,13.00,0.97,0.00,1.2,4.998,4.998,4.998,4.998,90
2022-03-04 20:16:22,5.0,7.3,339,0.0,0.0,0,0.0,0.0,0,173232.00,0.00,0.00,41,13.00,0.57,0.00,1.2,4.998,4.998,4.998,4.998,111
2022-03-04 20:17:22,4.2,6.4,308,0.0,0.0,0,0.0,0.0,0,173540.00,0.00,0.00,36,13.00,0.50,0.00,0.7,4.998,4.998,4.998,4.998,94
2022-03-04 20:18:22,5.3,7.7,350,0.0,0.0,0,0.0,0.0,0,173890.00,0.00,0.00,42,13.00,0.58,0.00,1.2,4.998,4.998,4.998,4.998,173
2022-03-04 20:19:22,4.8,7.1,367,0.0,0.0,0,0.0,0.0,0,174257.00,0.00,0.00,20,13.00,0.28,0.00,0.7,4.998,4.998,4.998,4.998,46
2022-03-04 20:20:22,6.4,7.6,361,0.0,0.0,0,0.0,0.0,0,174618.00,0.00,0.00,13,13.00,0.18,0.00,1.2,4.998,4.998,4.998,4.998,41
2022-03-04 20:21:22,7.0,9.1,403,0.0,0.0,0,0.0,0.0,0,175021.00,0.00,0.00,11,13.00,0.16,0.00,0.7,4.998,4.998,4.998,4.998,225
2022-03-04 20:22:22,6.1,7.4,364,0.0,0.0,0,0.0,0.0,0,175385.00,0.00,0.00,10,13.00,0.15,0.00,1.2,4.998,4.998,4.998,4.998,78
2022-03-04 20:23:22,10.4,12.2,537,0.0,0.0,0,0.0,0.0,0,175922.00,0.00,0.00,17,13.00,0.23,0.00,0.7,4.998,4.998,4.998,4.998,245
2022-03-04 20:24:22,9.7,11.7,553,0.0,0.0,0,0.0,0.0,0,176475.00,0.00,0.00,23,13.00,0.32,0.00,1.2,4.998,4.998,4.998,4.998,162
2022-03-04 20:25:22,7.5,10.8,571,0.0,0.0,0,0.0,0.0,0,177046.00,0.00,0.00,31,13.00,0.44,0.00,0.7,4.998,4.998,4.998,4.998,107
2022-03-04 20:26:22,8.6,10.3,520,0.0,0.0,0,0.0,0.0,0,177566.00,0.00,0.00,30,13.00,0.42,0.00,0.7,4.998,4.998,4.998,4.998,185
2022-03-04 20:27:22,7.1,13.3,543,0.0,0.0,0,0.0,0.0,0,178109.00,0.00,0.00,67,13.00,0.93,0.00,0.7,4.998,4.998,4.998,4.998,38
2022-03-04 20:28:22,7.9,9.6,470,0.0,0.0,0,0.0,0.0,0,178579.00,0.00,0.00,37,13.00,0.52,0.00,0.7,4.998,4.998,4.998,4.998,229
2022-03-04 20:29:22,6.0,9.1,426,0.0,0.0,0,0.0,0.0,0,179005.00,0.00,0.00,63,13.00,0.88,0.00,0.2,4.998,4.998,4.998,4.998,198
2022-03-04 20:30:22,9.6,10.9,439,0.0,0.0,0,0.0,0.0,0,179444.00,0.00,0.00,46,13.00,0.63,0.00,0.7,4.998,4.998,4.998,4.998,78
2022-03-04 20:31:22,5.5,9.8,407,0.0,0.0,0,0.0,0.0,0,179851.00,0.00,0.00,69,13.00,0.96,0.00,0.7,4.998,4.998,4.998,4.998,204
2022-03-04 20:32:22,6.4,8.3,372,0.0,0.0,0,0.0,0.0,0,180223.00,0.00,0.00,45,13.00,0.62,0.00,0.7,4.998,4.998,4.998,4.998,56
2022-03-04 20:33:22,7.5,10.2,520,0.0,0.0,0,0.0,0.0,0,180743.00,0.00,0.00,64,12.96,0.89,0.00,0.2,4.998,4.998,4.998,4.998,14
2022-03-04 20:34:22,6.0,9.9,463,0.0,0.0,0,0.0,0.0,0,181206.00,0.00,0.00,48,13.00,0.66,0.00,0.7,4.998,4.998,4.998,4.998,105
2022-03-04 20:35:22,6.3,8.0,430,0.0,0.0,0,0.0,0.0,0,181636.00,0.00,0.00,52,12.96,0.72,0.00,0.7,4.998,4.998,4.998,4.998,251
2022-03-04 20:36:22,5.1,7.9,364,0.0,0.0,0,0.0,0.0,0,182000.00,0.00,0.00,20,13.00,0.27,0.00,0.7,4.998,4.998,4.998,4.998,157
2022-03-04 20:37:22,5.6,7.6,357,0.0,0.0,0,0.0,0.0,0,182357.00,0.00,0.00,18,12.96,0.25,0.00,0.2,4.998,4.998,4.998,4.998,138
2022-03-04 20:38:22,7.1,8.7,420,0.0,0.0,0,0.0,0.0,0,182777.00,0.00,0.00,4,13.00,0.05,0.00,0.2,4.998,4.998,4.998,4.998,15
2022-03-04 20:39:22,7.4,10.7,468,0.0,0.0,0,0.0,0.0,0,183245.00,0.00,0.00,26,12.96,0.36,0.00,0.2,4.998,4.998,4.998,4.998,43
2022-03-04 20:40:22,6.8,9.1,453,0.0,0.0,0,0.0,0.0,0,183698.00,0.00,0.00,21,12.96,0.29,0.00,0.2,4.998,4.998,4.998,4.998,230
2022-03-04 20:41:22,9.8,11.6,415,0.0,0.0,0,0.0,0.0,0,184113.00,0.00,0.00,19,12.96,0.27,0.00,0.2,4.998,4.998,4.998,4.998,222
2022-03-04 20:42:22,7.4,10.2,517,0.0,0.0,0,0.0,0.0,0,184630.00,0.00,0.00,29,13.00,0.41,0.00,-0.2,4.998,4.998,4.998,4.998,78
2022-03-04 20:43:22,9.9,10.3,523,0.0,0.0,0,0.0,0.0,0,185153.00,0.00,0.00,20,13.00,0.27,0.00,0.2,4.998,4.998,4.998,4.998,88
2022-03-04 20:44:22,5.4,10.1,461,0.0,0.0,0,0.0,0.0,0,185614.00,0.00,0.00,36,12.96,0.51,0.00,0.2,4.998,4.998,4.998,4.998,76
2022-03-04 20:45:22,6.4,10.0,474,0.0,0.0,0,0.0,0.0,0,186088.00,0.00,0.00,48,12.96,0.66,0.00,0.2,4.998,4.998,4.998,4.998,49
2022-03-04 20:46:22,4.7,8.4,376,0.0,0.0,0,0.0,0.0,0,186464.00,0.00,0.00,49,12.96,0.68,0.00,-0.2,4.998,4.998,4.998,4.998,131
2022-03-04 20:47:22,5.5,6.4,302,0.0,0.0,0,0.0,0.0,0,186766.00,0.00,0.00,52,13.00,0.72,0.00,0.2,4.998,4.998,4.998,4.998,90
2022-03-04 20:48:22,5.8,10.2,463,0.0,0.0,0,0.0,0.0,0,187229.00,0.00,0.00,48,13.00,0.67,0.00,0.2,4.998,4.998,4.998,4.998,123
2022-03-04 20:49:22,5.6,8.8,407,0.0,0.0,0,0.0,0.0,0,187636.00,0.00,0.00,45,12.96,0.62,0.00,0.2,4.998,4.998,4.998,4.998,200
2022-03-04 20:50:22,6.2,8.2,389,0.0,0.0,0,0.0,0.0,0,188025.00,0.00,0.00,51,12.96,0.71,0.00,-0.2,4.998,4.998,4.998,4.998,249
2022-03-04 20:51:22,6.6,10.1,447,0.0,0.0,0,0.0,0.0,0,188472.00,0.00,0.00,32,12.96,0.45,0.00,-0.2,4.998,4.998,4.998,4.998,87
2022-03-04 20:52:22,8.1,9.9,475,0.0,0.0,0,0.0,0.0,0,188947.00,0.00,0.00,46,12.96,0.64,0.00,0.2,4.998,4.998,4.998,4.998,44
2022-03-04 20:53:22,6.3,10.1,516,0.0,0.0,0,0.0,0.0,0,189463.00,0.00,0.00,40,12.96,0.56,0.00,-0.2,4.998,4.998,4.998,4.998,169
2022-03-04 20:54:22,5.4,7.8,381,0.0,0.0,0,0.0,0.0,0,189844.00,0.00,0.00,43,12.96,0.60,0.00,-0.2,4.998,4.998,4.998,4.998,67
2022-03-04 20:55:22,5.8,7.0,325,0.0,0.0,0,0.0,0.0,0,190169.00,0.00,0.00,58,12.96,0.81,0.00,-0.2,4.998,4.998,4.998,4.998,19
2022-03-04 20:56:22,8.6,11.4,556,0.0,0.0,0,0.0,0.0,0,190725.00,0.00,0.00,49,12.96,0.69,0.00,-0.2,4.998,4.998,4.998,4.998,128
2022-03-04 20:57:22,10.6,12.2,546,0.0,0.0,0,0.0,0.0,0,191271.00,0.00,0.00,76,13.00,1.06,0.00,-0.2,4.998,4.998,4.998,4.998,244
2022-03-04 20:58:22,11.2,13.0,604,0.0,0.0,0,0.0,0.0,0,191875.00,0.00,0.00,61,12.96,0.85,0.00,-0.2,4.998,4.998,4.998,4.998,161
2022-03-04 20:59:22,7.5,12.2,588,0.0,0.0,0,0.0,0.0,0,192463.00,0.00,0.00,65,12.96,0.90,0.00,0.2,4.998,4.998,4.998,4.998,58
2022-03-04 21:00:22,8.2,10.1,479,0.0,0.0,0,0.0,0.0,0,192942.00,0.00,0.00,62,13.00,0.87,0.00,-0.2,4.998,4.998,4.998,4.998,172
2022-03-04 21:01:22,9.2,10.8,469,0.0,0.0,0,0.0,0.0,0,193411.00,0.00,0.00,76,13.00,1.05,0.00,-0.6,4.998,4.998,4.998,4.998,168
2022-03-04 21:02:22,8.2,10.3,533,0.0,0.0,0,0.0,0.0,0,193944.00,0.00,0.00,50,12.96,0.70,0.00,-0.2,4.998,4.998,4.998,4.998,90
2022-03-04 21:03:22,9.1,11.2,539,0.0,0.0,0,0.0,0.0,0,194483.00,0.00,0.00,55,13.00,0.77,0.00,-0.2,4.998,4.998,4.998,4.998,87
2022-03-04 21:04:22,7.8,11.7,583,0.0,0.0,0,0.0,0.0,0,195066.00,0.00,0.00,64,13.00,0.89,0.00,-0.2,4.998,4.998,4.998,4.998,161
2022-03-04 21:05:22,9.2,9.9,477,0.0,0.0,0,0.0,0.0,0,195543.00,0.00,0.00,48,13.00,0.67,0.00,-0.2,4.998,4.998,4.998,4.998,78
2022-03-04 21:06:22,6.4,9.3,426,0.0,0.0,0,0.0,0.0,0,195969.00,0.00,0.00,53,12.96,0.74,0.00,-0.2,4.998,4.998,4.998,4.998,5
2022-03-04 21:07:22,7.3,7.9,351,0.0,0.0,0,0.0,0.0,0,196320.00,0.00,0.00,63,12.96,0.88,0.00,-0.2,4.998,4.998,4.998,4.998,245
2022-03-04 21:08:22,5.5,9.7,424,0.0,0.0,0,0.0,0.0,0,196744.00,0.00,0.00,44,12.96,0.62,0.00,-0.2,4.998,4.998,4.998,4.998,83
2022-03-04 21:09:22,8.3,9.5,358,0.0,0.0,0,0.0,0.0,0,197102.00,0.00,0.00,56,12.96,0.79,0.00,-0.2,4.998,4.998,4.998,4.998,22
2022-03-04 21:10:22,7.3,9.0,444,0.0,0.0,0,0.0,0.0,0,197546.00,0.00,0.00,68,12.96,0.95,0.00,-0.6,4.998,4.998,4.998,4.998,169
2022-03-04 21:11:22,6.4,8.4,454,0.0,0.0,0,0.0,0.0,0,198000.00,0.00,0.00,52,13.00,0.72,0.00,-0.6,4.998,4.998,4.998,4.998,78
2022-03-04 21:12:22,5.6,8.6,378,0.0,0.0,0,0.0,0.0,0,198378.00,0.00,0.00,58,12.96,0.80,0.00,-0.2,4.998,4.998,4.998,4.998,61
2022-03-04 21:13:22,9.0,9.5,432,0.0,0.0,0,0.0,0.0,0,198810.00,0.00,0.00,55,12.96,0.76,0.00,-0.2,4.998,4.998,4.998,4.998,221
2022-03-04 21:14:22,6.9,10.3,466,0.0,0.0,0,0.0,0.0,0,199276.00,0.00,0.00,72,13.00,1.00,0.00,-0.2,4.998,4.998,4.998,4.998,109
2022-03-04 21:15:22,7.6,9.5,480,0.0,0.0,0,0.0,0.0,0,199756.00,0.00,0.00,53,12.96,0.74,0.00,-0.2,4.998,4.998,4.998,4.998,92
2022-03-04 21:16:22,9.8,10.0,513,0.0,0.0,0,0.0,0.0,0,200269.00,0.00,0.00,73,12.96,1.02,0.00,-0.2,4.998,4.998,4.998,4.998,239
2022-03-04 21:17:22,4.8,10.0,386,0.0,0.0,0,0.0,0.0,0,200655.00,0.00,0.00,64,12.96,0.89,0.00,-0.6,4.998,4.998,4.998,4.998,172
2022-03-04 21:18:22,4.6,7.6,347,0.0,0.0,0,0.0,0.0,0,201002.00,0.00,0.00,63,12.96,0.88,0.00,-0.6,4.998,4.998,4.998,4.998,207
2022-03-04 21:19:22,6.5,6.6,299,0.0,0.0,0,0.0,0.0,0,201301.00,0.00,0.00,62,12.96,0.86,0.00,-0.6,4.998,4.998,4.998,4.998,83
2022-03-04 21:20:22,5.1,10.4,460,0.0,0.0,0,0.0,0.0,0,201761.00,0.00,0.00,41,12.96,0.58,0.00,-0.6,4.998,4.998,4.998,4.998,2
2022-03-04 21:21:22,7.2,9.6,415,0.0,0.0,0,0.0,0.0,0,202176.00,0.00,0.00,67,12.96,0.94,0.00,-0.6,4.998,4.998,4.998,4.998,155
2022-03-04 21:22:22,8.3,9.9,529,0.0,0.0,0,0.0,0.0,0,202705.00,0.00,0.00,70,12.96,0.98,0.00,-0.6,4.998,4.998,4.998,4.998,90
2022-03-04 21:23:22,7.7,9.9,503,0.0,0.0,0,0.0,0.0,0,203208.00,0.00,0.00,67,12.96,0.94,0.00,-0.6,4.998,4.998,4.998,4.998,127
2022-03-04 21:24:22,10.6,11.6,530,0.0,0.0,0,0.0,0.0,0,203738.00,0.00,0.00,70,12.96,0.98,0.00,-0.6,4.998,4.998,4.998,4.998,244
2022-03-04 21:25:22,8.1,12.4,620,0.0,0.0,0,0.0,0.0,0,204358.00,0.00,0.00,72,12.96,1.00,0.00,-0.6,4.998,4.998,4.998,4.998,165
2022-03-04 21:26:22,9.0,10.9,538,0.0,0.0,0,0.0,0.0,0,204896.00,0.00,0.00,50,12.96,0.70,0.00,-1.1,4.998,4.998,4.998,4.998,89
2022-03-04 21:27:22,9.7,13.4,586,0.0,0.0,0,0.0,0.0,0,205482.00,0.00,0.00,54,12.96,0.75,0.00,-0.6,4.998,4.998,4.998,4.998,208
2022-03-04 21:28:22,6.6,12.7,649,0.0,0.0,0,0.0,0.0,0,206131.00,0.00,0.00,59,12.96,0.82,0.00,-0.6,4.998,4.998,4.998,4.998,78
2022-03-04 21:29:22,6.6,9.6,488,0.0,0.0,0,0.0,0.0,0,206619.00,0.00,0.00,41,12.96,0.57,0.00,-0.6,4.998,4.998,4.998,4.998,219
2022-03-04 21:30:22,5.7,8.1,380,0.0,0.0,0,0.0,0.0,0,206999.00,0.00,0.00,56,12.96,0.78,0.00,-0.6,4.998,4.998,4.998,4.998,204
2022-03-04 21:31:22,9.2,10.0,490,0.0,0.0,0,0.0,0.0,0,207489.00,0.00,0.00,60,12.96,0.83,0.00,-0.6,4.998,4.998,4.998,4.998,178
2022-03-04 21:32:22,10.2,12.5,635,0.0,0.0,0,0.0,0.0,0,208124.00,0.00,0.00,61,12.96,0.85,0.00,-0.6,4.998,4.998,4.998,4.998,67
2022-03-04 21:33:22,9.9,13.5,597,0.0,0.0,0,0.0,0.0,0,208721.00,0.00,0.00,53,12.96,0.74,0.00,-0.6,4.998,4.998,4.998,4.998,184
2022-03-04 21:34:22,9.0,11.0,545,0.0,0.0,0,0.0,0.0,0,209266.00,0.00,0.00,66,12.96,0.92,0.00,-1.1,4.998,4.998,4.998,4.998,139
2022-03-04 21:35:22,9.5,11.2,590,0.0,0.0,0,0.0,0.0,0,209856.00,0.00,0.00,85,12.96,1.18,0.00,-0.6,4.998,4.998,4.998,4.998,144
2022-03-04 21:36:22,9.6,11.0,571,0.0,0.0,0,0.0,0.0,0,210427.00,0.00,0.00,71,12.96,0.98,0.00,-1.1,4.998,4.998,4.998,4.998,138
2022-03-04 21:37:22,9.4,12.5,646,0.0,0.0,0,0.0,0.0,0,211073.00,0.00,0.00,78,12.96,1.08,0.00,-0.6,4.998,4.998,4.998,4.998,3
2022-03-04 21:38:22,10.7,12.2,633,0.0,0.0,0,0.0,0.0,0,211706.00,0.00,0.00,68,12.96,0.94,0.00,-0.6,4.998,4.998,4.998,4.998,181
2022-03-04 21:39:22,9.0,14.1,657,0.0,0.0,0,0.0,0.0,0,212363.00,0.00,0.00,80,12.96,1.11,0.00,-0.6,4.998,4.998,4.998,4.998,249
2022-03-04 21:40:22,10.8,14.9,765,0.0,0.0,0,0.0,0.0,0,213128.00,0.00,0.00,82,12.96,1.15,0.00,-1.1,4.998,4.998,4.998,4.998,255
2022-03-04 21:41:22,9.3,13.2,643,0.0,0.0,0,0.0,0.0,0,213771.00,0.00,0.00,81,12.96,1.13,0.00,-0.6,4.998,4.998,4.998,4.998,205
2022-03-04 21:42:22,9.9,12.8,696,0.0,0.0,0,0.0,0.0,0,214467.00,0.00,0.00,80,12.92,1.11,0.00,-0.6,4.998,4.998,4.998,4.998,40
2022-03-04 21:43:22,11.7,13.6,749,0.0,0.0,0,0.0,0.0,0,215216.00,0.00,0.00,73,12.96,1.01,0.00,-1.1,4.998,4.998,4.998,4.998,121
2022-03-04 21:44:22,11.6,14.3,799,0.0,0.0,0,0.0,0.0,0,216015.00,0.00,0.00,74,12.92,1.04,0.00,-0.6,4.998,4.998,4.998,4.998,204
2022-03-04 21:45:22,11.2,13.3,630,0.0,0.0,0,0.0,0.0,0,216645.00,0.00,0.00,74,12.96,1.03,0.00,-1.1,4.998,4.998,4.998,4.998,153
2022-03-04 21:46:22,6.5,11.4,587,0.0,0.0,0,0.0,0.0,0,217232.00,0.00,0.00,83,12.96,1.16,0.00,-1.1,4.998,4.998,4.998,4.998,176
2022-03-04 21:47:22,7.0,10.0,482,0.0,0.0,0,0.0,0.0,0,217714.00,0.00,0.00,76,12.96,1.06,0.00,-0.6,4.998,4.998,4.998,4.998,141
2022-03-04 21:48:22,6.3,9.8,473,0.0,0.0,0,0.0,0.0,0,218187.00,0.00,0.00,54,12.96,0.75,0.00,-1.1,4.998,4.998,4.998,4.998,126
2022-03-04 21:49:22,4.6,7.9,381,0.0,0.0,0,0.0,0.0,0,218568.00,0.00,0.00,54,12.92,0.76,0.00,-1.1,4.998,4.998,4.998,4.998,171
2022-03-04 21:50:22,3.6,6.0,266,0.0,0.0,0,0.0,0.0,0,218834.00,0.00,0.00,43,12.96,0.60,0.00,-1.1,4.998,4.998,4.998,4.998,66
2022-03-04 21:51:22,2.5,4.0,131,0.0,0.0,0,0.0,0.0,0,218965.00,0.00,0.00,42,12.96,0.58,0.00,-1.1,4.998,4.998,4.998,4.998,219
2022-03-04 21:52:22,3.9,4.8,169,0.0,0.0,0,0.0,0.0,0,219134.00,0.00,0.00,333,12.96,4.63,0.00,-0.6,4.998,4.998,4.998,4.998,113
2022-03-04 21:53:22,3.9,4.8,196,0.0,0.0,0,0.0,0.0,0,219330.00,0.00,0.00,354,12.96,4.91,0.00,-1.1,4.998,4.998,4.998,4.998,251
2022-03-04 21:54:22,3.5,7.0,296,0.0,0.0,0,0.0,0.0,0,219626.00,0.00,0.00,359,12.92,4.99,0.00,-0.6,4.998,4.998,4.998,4.998,133
2022-03-04 21:55:22,5.5,6.0,262,0.0,0.0,0,0.0,0.0,0,219888.00,0.00,0.00,17,12.92,0.24,0.00,-1.1,4.998,4.998,4.998,4.998,251
2022-03-04 21:56:22,4.2,6.1,259,0.0,0.0,0,0.0,0.0,0,220147.00,0.00,0.00,359,12.96,4.99,0.00,-1.1,4.998,4.998,4.998,4.998,239
2022-03-04 21:57:22,4.8,6.5,271,0.0,0.0,0,0.0,0.0,0,220418.00,0.00,0.00,15,12.96,0.21,0.00,-0.6,4.998,4.998,4.998,4.998,31
2022-03-04 21:58:22,5.2,5.7,276,0.0,0.0,0,0.0,0.0,0,220694.00,0.00,0.00,358,12.96,4.97,0.00,-0.6,4.998,4.998,4.998,4.998,78
2022-03-04 21:59:22,4.1,6.8,268,0.0,0.0,0,0.0,0.0,0,220962.00,0.00,0.00,15,12.96,0.21,0.00,-1.1,4.998,4.998,4.998,4.998,24
2022-03-04 22:00:22,4.1,7.4,339,0.0,0.0,0,0.0,0.0,0,221301.00,0.00,0.00,20,12.92,0.28,0.00,-1.1,4.998,4.998,4.998,4.998,188
2022-03-04 22:01:22,4.4,7.3,341,0.0,0.0,0,0.0,0.0,0,221642.00,0.00,0.00,26,12.96,0.37,0.00,-0.6,4.998,4.998,4.998,4.998,187
2022-03-04 22:02:22,6.1,6.7,333,0.0,0.0,0,0.0,0.0,0,221975.00,0.00,0.00,12,12.96,0.17,0.00,-1.1,4.998,4.998,4.998,4.998,43
2022-03-04 22:03:22,5.4,6.5,319,0.0,0.0,0,0.0,0.0,0,222294.00,0.00,0.00,24,12.96,0.34,0.00,-1.1,4.998,4.998,4.998,4.998,100
2022-03-04 22:04:22,4.9,7.6,334,0.0,0.0,0,0.0,0.0,0,222628.00,0.00,0.00,15,12.92,0.21,0.00,-1.1,4.998,4.998,4.998,4.998,45
2022-03-04 22:05:22,4.3,7.8,327,0.0,0.0,0,0.0,0.0,0,222955.00,0.00,0.00,10,12.96,0.14,0.00,-1.1,4.998,4.998,4.998,4.998,83
2022-03-04 22:06:22,4.1,5.2,218,0.0,0.0,0,0.0,0.0,0,223173.00,0.00,0.00,24,12.96,0.34,0.00,-1.1,4.998,4.998,4.998,4.998,66
2022-03-04 22:07:22,3.7,7.0,312,0.0,0.0,0,0.0,0.0,0,223485.00,0.00,0.00,1,12.96,0.02,0.00,-1.1,4.998,4.998,4.998,4.998,5
2022-03-04 22:08:22,2.1,4.8,132,0.0,0.0,0,0.0,0.0,0,223617.00,0.00,0.00,5,12.96,0.07,0.00,-1.1,4.998,4.998,4.998,4.998,8
2022-03-04 22:09:22,5.1,6.6,251,0.0,0.0,0,0.0,0.0,0,223868.00,0.00,0.00,24,12.96,0.33,0.00,-1.1,4.998,4.998,4.998,4.998,54
2022-03-04 22:10:22,5.3,7.4,310,0.0,0.0,0,0.0,0.0,0,224178.00,0.00,0.00,26,12.96,0.37,0.00,-1.1,4.998,4.998,4.998,4.998,167
2022-03-04 22:11:22,6.7,6.7,299,0.0,0.0,0,0.0,0.0,0,224477.00,0.00,0.00,48,12.96,0.66,0.00,-1.1,4.998,4.998,4.998,4.998,71
2022-03-04 22:12:22,5.7,7.9,356,0.0,0.0,0,0.0,0.0,0,224833.00,0.00,0.00,34,12.92,0.47,0.00,-1.1,4.998,4.998,4.998,4.998,87
2022-03-04 22:13:22,5.5,10.0,382,0.0,0.0,0,0.0,0.0,0,225215.00,0.00,0.00,86,12.92,1.20,0.00,-1.1,4.998,4.998,4.998,4.998,164
2022-03-04 22:14:22,5.7,7.5,308,0.0,0.0,0,0.0,0.0,0,225523.00,0.00,0.00,46,12.96,0.63,0.00,-0.6,4.998,4.998,4.998,4.998,221
2022-03-04 22:15:22,3.8,6.0,237,0.0,0.0,0,0.0,0.0,0,225760.00,0.00,0.00,64,12.92,0.89,0.00,-1.1,4.998,4.998,4.998,4.998,168
2022-03-04 22:16:22,4.1,4.6,182,0.0,0.0,0,0.0,0.0,0,225942.00,0.00,0.00,54,12.96,0.75,0.00,-0.6,4.998,4.998,4.998,4.998,46
2022-03-04 22:17:22,3.0,4.2,159,0.0,0.0,0,0.0,0.0,0,226101.00,0.00,0.00,31,12.92,0.44,0.00,-1.1,4.998,4.998,4.998,4.998,63
2022-03-04 22:18:22,3.9,5.3,213,0.0,0.0,0,0.0,0.0,0,226314.00,0.00,0.00,81,12.92,1.12,0.00,-1.1,4.998,4.998,4.998,4.998,74
2022-03-04 22:19:22,4.0,5.8,278,0.0,0.0,0,0.0,0.0,0,226592.00,0.00,0.00,78,12.92,1.08,0.00,-1.1,4.998,4.998,4.998,4.998,179
2022-03-04 22:20:22,5.3,5.3,267,0.0,0.0,0,0.0,0.0,0,226859.00,0.00,0.00,85,12.92,1.18,0.00,-1.6,4.998,4.998,4.998,4.998,79
2022-03-04 22:21:22,4.5,5.6,277,0.0,0.0,0,0.0,0.0,0,227136.00,0.00,0.00,76,12.96,1.06,0.00,-1.1,4.998,4.998,4.998,4.998,4
2022-03-04 22:22:22,5.0,6.2,286,0.0,0.0,0,0.0,0.0,0,227422.00,0.00,0.00,66,12.92,0.92,0.00,-1.1,4.998,4.998,4.998,4.998,147
2022-03-04 22:23:22,5.6,6.5,335,0.0,0.0,0,0.0,0.0,0,227757.00,0.00,0.00,59,12.96,0.82,0.00,-0.6,4.998,4.998,4.998,4.998,241
2022-03-04 22:24:22,5.4,6.3,296,0.0,0.0,0,0.0,0.0,0,228053.00,0.00,0.00,59,12.92,0.82,0.00,-1.1,4.998,4.998,4.998,4.998,110
2022-03-04 22:25:22,4.4,5.3,232,0.0,0.0,0,0.0,0.0,0,228285.00,0.00,0.00,30,12.92,0.42,0.00,-0.6,4.998,4.998,4.998,4.998,225
2022-03-04 22:26:22,4.7,5.2,242,0.0,0.0,0,0.0,0.0,0,228527.00,0.00,0.00,24,12.92,0.33,0.00,-1.1,4.998,4.998,4.998,4.998,240
2022-03-04 22:27:22,4.2,6.0,289,0.0,0.0,0,0.0,0.0,0,228816.00,0.00,0.00,41,12.92,0.57,0.00,-1.1,4.998,4.998,4.998,4.998,43
2022-03-04 22:28:22,2.2,4.9,204,0.0,0.0,0,0.0,0.0,0,229020.00,0.00,0.00,41,12.92,0.57,0.00,-1.1,4.998,4.998,4.998,4.998,13
2022-03-04 22:29:22,2.6,3.0,105,0.0,0.0,0,0.0,0.0,0,229125.00,0.00,0.00,41,12.92,0.57,0.00,-1.1,4.998,4.998,4.998,4.998,192
2022-03-04 22:30:22,1.4,2.9,95,0.0,0.0,0,0.0,0.0,0,229220.00,0.00,0.00,41,12.92,0.57,0.00,-0.6,4.998,4.998,4.998,4.998,192
2022-03-04 22:31:22,0.0,2.2,30,0.0,0.0,0,0.0,0.0,0,229250.00,0.00,0.00,41,12.92,0.57,0.00,-1.1,4.998,4.998,4.998,4.998,88
2022-03-04 22:32:22,0.0,0.0,0,0.0,0.0,0,0.0,0.0,0,229250.00,0.00,0.00,41,12.92,0.57,0.00,-0.6,4.998,4.998,4.998,4.998,247
2022-03-04 22:33:22,1.2,3.1,71,0.0,0.0,0,0.0,0.0,0,229321.00,0.00,0.00,41,12.92,0.58,0.00,-1.1,4.998,4.998,4.998,4.998,71
2022-03-04 22:34:22,0.0,1.3,2,0.0,0.0,0,0.0,0.0,0,229323.00,0.00,0.00,41,12.96,0.58,0.00,-1.1,4.998,4.998,4.998,4.998,232
2022-03-04 22:35:22,1.6,2.5,41,0.0,0.0,0,0.0,0.0,0,229364.00,0.00,0.00,41,12.92,0.58,0.00,-0.6,4.998,4.998,4.998,4.998,105
2022-03-04 22:36:22,2.8,5.3,185,0.0,0.0,0,0.0,0.0,0,229549.00,0.00,0.00,62,12.92,0.86,0.00,-0.6,4.998,4.998,4.998,4.998,229
2022-03-04 22:37:22,2.3,4.8,161,0.0,0.0,0,0.0,0.0,0,229710.00,0.00,0.00,62,12.92,0.86,0.00,-0.6,4.998,4.998,4.998,4.998,45
2022-03-04 22:38:22,3.3,3.4,89,0.0,0.0,0,0.0,0.0,0,229799.00,0.00,0.00,62,12.92,0.87,0.00,-1.1,4.998,4.998,4.998,4.998,138
2022-03-04 22:39:22,2.9,5.5,257,0.0,0.0,0,0.0,0.0,0,230056.00,0.00,0.00,49,12.96,0.68,0.00,-0.6,4.998,4.998,4.998,4.998,73
2022-03-04 22:40:22,4.3,4.7,190,0.0,0.0,0,0.0,0.0,0,230246.00,0.00,0.00,64,12.92,0.89,0.00,-1.1,4.998,4.998,4.998,4.998,232
2022-03-04 22:41:22,5.4,6.9,346,0.0,0.0,0,0.0,0.0,0,230592.00,0.00,0.00,74,12.96,1.04,0.00,-1.1,4.998,4.998,4.998,4.998,194
2022-03-04 22:42:22,4.2,6.1,263,0.0,0.0,0,0.0,0.0,0,230855.00,0.00,0.00,51,12.92,0.71,0.00,-1.1,4.998,4.998,4.998,4.998,42
2022-03-04 22:43:22,3.4,5.0,237,0.0,0.0,0,0.0,0.0,0,231092.00,0.00,0.00,43,12.92,0.60,0.00,-0.6,4.998,4.998,4.998,4.998,204
2022-03-04 22:44:22,4.0,4.1,176,0.0,0.0,0,0.0,0.0,0,231268.00,0.00,0.00,29,12.96,0.41,0.00,-1.1,4.998,4.998,4.998,4.998,7
2022-03-04 22:45:22,3.4,5.5,208,0.0,0.0,0,0.0,0.0,0,231476.00,0.00,0.00,49,12.92,0.68,0.00,-0.6,4.998,4.998,4.998,4.998,71
2022-03-04 22:46:22,4.1,5.7,233,0.0,0.0,0,0.0,0.0,0,231709.00,0.00,0.00,64,12.92,0.89,0.00,-1.1,4.998,4.998,4.998,4.998,228
2022-03-04 22:47:22,3.7,5.7,271,0.0,0.0,0,0.0,0.0,0,231980.00,0.00,0.00,62,12.92,0.87,0.00,-0.6,4.998,4.998,4.998,4.998,28
2022-03-04 22:48:22,5.3,6.0,281,0.0,0.0,0,0.0,0.0,0,232261.00,0.00,0.00,76,12.92,1.06,0.00,-1.1,4.998,4.998,4.998,4.998,1
2022-03-04 22:49:22,4.7,9.6,392,0.0,0.0,0,0.0,0.0,0,232653.00,0.00,0.00,66,12.92,0.92,0.00,-0.6,4.998,4.998,4.998,4.998,155
2022-03-04 22:50:22,3.9,6.2,301,0.0,0.0,0,0.0,0.0,0,232954.00,0.00,0.00,66,12.92,0.92,0.00,-0.6,4.998,4.998,4.998,4.998,153
2022-03-04 22:51:22,5.1,6.8,289,0.0,0.0,0,0.0,0.0,0,233243.00,0.00,0.00,73,12.92,1.02,0.00,-1.1,4.998,4.998,4.998,4.998,168
2022-03-04 22:52:22,6.1,6.8,332,0.0,0.0,0,0.0,0.0,0,233575.00,0.00,0.00,79,12.92,1.10,0.00,-0.6,4.998,4.998,4.998,4.998,214
2022-03-04 22:53:22,5.5,7.2,375,0.0,0.0,0,0.0,0.0,0,233950.00,0.00,0.00,82,12.92,1.15,0.00,-0.6,4.998,4.998,4.998,4.998,177
2022-03-04 22:54:22,6.2,7.2,350,0.0,0.0,0,0.0,0.0,0,234300.00,0.00,0.00,97,12.92,1.35,0.00,-1.1,4.998,4.998,4.998,4.998,231
2022-03-04 22:55:22,4.9,7.3,300,0.0,0.0,0,0.0,0.0,0,234600.00,0.00,0.00,123,12.92,1.71,0.00,-0.6,4.998,4.998,4.998,4.998,241
2022-03-04 22:56:22,2.9,5.6,200,0.0,0.0,0,0.0,0.0,0,234800.00,0.00,0.00,104,12.92,1.45,0.00,-1.1,4.998,4.998,4.998,4.998,217
2022-03-04 22:57:22,5.4,7.0,275,0.0,0.0,0,0.0,0.0,0,235075.00,0.00,0.00,87,12.92,1.22,0.00,-1.1,4.998,4.998,4.998,4.998,27
2022-03-04 22:58:22,3.5,6.1,288,0.0,0.0,0,0.0,0.0,0,235363.00,0.00,0.00,85,12.92,1.19,0.00,-0.6,4.998,4.998,4.998,4.998,248
2022-03-04 22:59:22,5.6,5.6,230,0.0,0.0,0,0.0,0.0,0,235593.00,0.00,0.00,100,12.92,1.39,0.00,-0.6,4.998,4.998,4.998,4.998,20
2022-03-04 23:00:22,4.8,5.7,285,0.0,0.0,0,0.0,0.0,0,235878.00,0.00,0.00,97,12.92,1.35,0.00,-1.1,4.998,4.998,4.998,4.998,27
2022-03-04 23:01:22,4.5,7.3,362,0.0,0.0,0,0.0,0.0,0,236240.00,0.00,0.00,87,12.92,1.21,0.00,-1.1,4.998,4.998,4.998,4.998,223
2022-03-04 23:02:22,4.7,5.4,263,0.0,0.0,0,0.0,0.0,0,236503.00,0.00,0.00,87,12.92,1.21,0.00,-1.1,4.998,4.998,4.998,4.998,240
2022-03-04 23:03:22,4.3,5.6,278,0.0,0.0,0,0.0,0.0,0,236781.00,0.00,0.00,92,12.92,1.28,0.00,-1.1,4.998,4.998,4.998,4.998,203
2022-03-04 23:04:22,5.6,7.3,340,0.0,0.0,0,0.0,0.0,0,237121.00,0.00,0.00,89,12.92,1.24,0.00,-1.1,4.998,4.998,4.998,4.998,242
2022-03-04 23:05:22,4.0,5.4,245,0.0,0.0,0,0.0,0.0,0,237366.00,0.00,0.00,89,12.92,1.24,0.00,-1.1,4.998,4.998,4.998,4.998,97
2022-03-04 23:06:22,5.8,7.0,307,0.0,0.0,0,0.0,0.0,0,237673.00,0.00,0.00,70,12.92,0.97,0.00,-0.6,4.998,4.998,4.998,4.998,193
2022-03-04 23:07:22,5.0,6.3,326,0.0,0.0,0,0.0,0.0,0,237999.00,0.00,0.00,72,12.92,1.00,0.00,-0.6,4.998,4.998,4.998,4.998,0
2022-03-04 23:08:22,5.3,6.1,259,0.0,0.0,0,0.0,0.0,0,238258.00,0.00,0.00,76,12.92,1.05,0.00,-1.1,4.998,4.998,4.998,4.998,113
2022-03-04 23:09:22,5.8,6.1,303,0.0,0.0,0,0.0,0.0,0,238561.00,0.00,0.00,62,12.92,0.86,0.00,-1.1,4.998,4.998,4.998,4.998,215
2022-03-04 23:10:22,5.2,6.6,348,0.0,0.0,0,0.0,0.0,0,238909.00,0.00,0.00,60,12.92,0.84,0.00,-1.1,4.998,4.998,4.998,4.998,146
2022-03-04 23:11:22,4.0,6.1,264,0.0,0.0,0,0.0,0.0,0,239173.00,0.00,0.00,53,12.92,0.74,0.00,-1.1,4.998,4.998,4.998,4.998,10
2022-03-04 23:12:22,4.8,6.1,270,0.0,0.0,0,0.0,0.0,0,239443.00,0.00,0.00,41,12.92,0.57,0.00,-1.1,4.998,4.998,4.998,4.998,10
2022-03-04 23:13:22,6.6,8.4,354,0.0,0.0,0,0.0,0.0,0,239797.00,0.00,0.00,73,12.92,1.02,0.00,-1.1,4.998,4.998,4.998,4.998,146
2022-03-04 23:14:22,4.6,8.0,302,0.0,0.0,0,0.0,0.0,0,240099.00,0.00,0.00,60,12.92,0.84,0.00,-1.1,4.998,4.998,4.998,4.998,80
2022-03-04 23:15:22,4.6,5.7,259,0.0,0.0,0,0.0,0.0,0,240358.00,0.00,0.00,61,12.92,0.85,0.00,-1.1,4.998,4.998,4.998,4.998,39
2022-03-04 23:16:22,4.2,5.6,288,0.0,0.0,0,0.0,0.0,0,240646.00,0.00,0.00,69,12.92,0.96,0.00,-0.6,4.998,4.998,4.998,4.998,123
2022-03-04 23:17:22,6.2,6.3,267,0.0,0.0,0,0.0,0.0,0,240913.00,0.00,0.00,74,12.92,1.03,0.00,-1.1,4.998,4.998,4.998,4.998,0
2022-03-04 23:18:22,4.7,6.1,294,0.0,0.0,0,0.0,0.0,0,241207.00,0.00,0.00,81,12.89,1.13,0.00,-1.1,4.998,4.998,4.998,4.998,193
2022-03-04 23:19:22,3.6,6.0,267,0.0,0.0,0,0.0,0.0,0,241474.00,0.00,0.00,72,12.92,1.00,0.00,-1.1,4.998,4.998,4.998,4.998,227
2022-03-04 23:20:22,3.8,4.7,226,0.0,0.0,0,0.0,0.0,0,241700.00,0.00,0.00,72,12.92,1.00,0.00,-1.1,4.998,4.998,4.998,4.998,46
2022-03-04 23:21:22,5.9,6.0,289,0.0,0.0,0,0.0,0.0,0,241989.00,0.00,0.00,90,12.92,1.24,0.00,-1.1,4.998,4.998,4.998,4.998,132
2022-03-04 23:22:22,4.6,6.5,302,0.0,0.0,0,0.0,0.0,0,242291.00,0.00,0.00,66,12.92,0.92,0.00,-0.6,4.998,4.998,4.998,4.998,82
2022-03-04 23:23:22,3.9,6.1,226,0.0,0.0,0,0.0,0.0,0,242517.00,0.00,0.00,68,12.92,0.95,0.00,-1.1,4.998,4.998,4.998,4.998,168
2022-03-04 23:24:22,4.2,5.8,256,0.0,0.0,0,0.0,0.0,0,242773.00,0.00,0.00,61,12.92,0.84,0.00,-0.6,4.998,4.998,4.998,4.998,88
2022-03-04 23:25:22,3.3,4.6,190,0.0,0.0,0,0.0,0.0,0,242963.00,0.00,0.00,58,12.89,0.80,0.00,-0.6,4.998,4.998,4.998,4.998,50
2022-03-04 23:26:22,4.4,4.7,226,0.0,0.0,0,0.0,0.0,0,243189.00,0.00,0.00,48,12.89,0.66,0.00,-1.1,4.998,4.998,4.998,4.998,27
2022-03-04 23:27:22,4.7,5.0,263,0.0,0.0,0,0.0,0.0,0,243452.00,0.00,0.00,48,12.92,0.66,0.00,-1.1,4.998,4.998,4.998,4.998,201
2022-03-04 23:28:22,4.8,6.7,305,0.0,0.0,0,0.0,0.0,0,243757.00,0.00,0.00,45,12.89,0.63,0.00,-1.1,4.998,4.998,4.998,4.998,151
2022-03-04 23:29:22,4.2,5.5,269,0.0,0.0,0,0.0,0.0,0,244026.00,0.00,0.00,33,12.92,0.46,0.00,-1.1,4.998,4.998,4.998,4.998,150
2022-03-04 23:30:22,3.4,4.8,233,0.0,0.0,0,0.0,0.0,0,244259.00,0.00,0.00,19,12.92,0.27,0.00,-1.1,4.998,4.998,4.998,4.998,57
2022-03-04 23:31:22,4.5,5.9,267,0.0,0.0,0,0.0,0.0,0,244526.00,0.00,0.00,5,12.92,0.07,0.00,-1.1,4.998,4.998,4.998,4.998,90
2022-03-04 23:32:22,5.2,6.0,299,0.0,0.0,0,0.0,0.0,0,244825.00,0.00,0.00,14,12.89,0.20,0.00,-1.1,4.998,4.998,4.998,4.998,232
2022-03-04 23:33:22,4.5,6.7,294,0.0,0.0,0,0.0,0.0,0,245119.00,0.00,0.00,21,12.92,0.29,0.00,-1.1,4.998,4.998,4.998,4.998,190
2022-03-04 23:34:22,5.4,6.4,325,0.0,0.0,0,0.0,0.0,0,245444.00,0.00,0.00,29,12.92,0.41,0.00,-1.1,4.998,4.998,4.998,4.998,91
2022-03-04 23:35:22,3.9,6.5,320,0.0,0.0,0,0.0,0.0,0,245764.00,0.00,0.00,26,12.89,0.36,0.00,-1.1,4.998,4.998,4.998,4.998,41
2022-03-04 23:36:22,3.8,5.1,227,0.0,0.0,0,0.0,0.0,0,245991.00,0.00,0.00,26,12.92,0.36,0.00,-1.1,4.998,4.998,4.998,4.998,147
2022-03-04 23:37:22,3.6,3.8,172,0.0,0.0,0,0.0,0.0,0,246163.00,0.00,0.00,26,12.92,0.36,0.00,-1.1,4.998,4.998,4.998,4.998,71
2022-03-04 23:38:22,2.1,3.6,118,0.0,0.0,0,0.0,0.0,0,246281.00,0.00,0.00,26,12.92,0.36,0.00,-1.6,4.998,4.998,4.998,4.998,36
2022-03-04 23:39:22,1.8,2.5,68,0.0,0.0,0,0.0,0.0,0,246349.00,0.00,0.00,26,12.92,0.36,0.00,-1.6,4.998,4.998,4.998,4.998,34
2022-03-04 23:40:22,2.6,3.4,141,0.0,0.0,0,0.0,0.0,0,246490.00,0.00,0.00,27,12.92,0.38,0.00,-1.6,4.998,4.998,4.998,4.998,75
2022-03-04 23:41:22,2.9,3.7,135,0.0,0.0,0,0.0,0.0,0,246625.00,0.00,0.00,43,12.92,0.60,0.00,-1.1,4.998,4.998,4.998,4.998,39
2022-03-04 23:42:22,3.6,3.9,75,0.0,0.0,0,0.0,0.0,0,246700.00,0.00,0.00,43,12.89,0.60,0.00,-1.1,4.998,4.998,4.998,4.998,255
2022-03-04 23:43:22,1.8,3.8,117,0.0,0.0,0,0.0,0.0,0,246817.00,0.00,0.00,44,12.92,0.61,0.00,-1.6,4.998,4.998,4.998,4.998,128
2022-03-04 23:44:22,5.1,5.6,188,0.0,0.0,0,0.0,0.0,0,247005.00,0.00,0.00,63,12.92,0.88,0.00,-1.1,4.998,4.998,4.998,4.998,132
2022-03-04 23:45:22,3.6,5.0,196,0.0,0.0,0,0.0,0.0,0,247201.00,0.00,0.00,60,12.89,0.83,0.00,-1.6,4.998,4.998,4.998,4.998,170
2022-03-04 23:46:22,3.7,5.1,221,0.0,0.0,0,0.0,0.0,0,247422.00,0.00,0.00,60,12.89,0.84,0.00,-1.1,4.998,4.998,4.998,4.998,241
2022-03-04 23:47:22,4.3,5.7,244,0.0,0.0,0,0.0,0.0,0,247666.00,0.00,0.00,56,12.89,0.78,0.00,-1.1,4.998,4.998,4.998,4.998,35
2022-03-04 23:48:22,5.2,7.1,322,0.0,0.0,0,0.0,0.0,0,247988.00,0.00,0.00,71,12.89,0.98,0.00,-1.1,4.998,4.998,4.998,4.998,150
2022-03-04 23:49:22,5.4,6.5,324,0.0,0.0,0,0.0,0.0,0,248312.00,0.00,0.00,75,12.89,1.04,0.00,-1.1,4.998,4.998,4.998,4.998,13
2022-03-04 23:50:22,4.2,5.9,276,0.0,0.0,0,0.0,0.0,0,248588.00,0.00,0.00,72,12.92,1.00,0.00,-1.1,4.998,4.998,4.998,4.998,217
2022-03-04 23:51:22,3.3,5.0,213,0.0,0.0,0,0.0,0.0,0,248801.00,0.00,0.00,70,12.92,0.97,0.00,-1.1,4.998,4.998,4.998,4.998,31
2022-03-04 23:52:22,2.3,3.6,137,0.0,0.0,0,0.0,0.0,0,248938.00,0.00,0.00,70,12.89,0.97,0.00,-1.6,4.998,4.998,4.998,4.998,189
2022-03-04 23:53:22,5.3,5.7,215,0.0,0.0,0,0.0,0.0,0,249153.00,0.00,0.00,67,12.89,0.94,0.00,-1.1,4.998,4.998,4.998,4.998,124
2022-03-04 23:54:22,3.6,6.7,294,0.0,0.0,0,0.0,0.0,0,249447.00,0.00,0.00,69,12.89,0.96,0.00,-0.6,4.998,4.998,4.998,4.998,20
2022-03-04 23:55:22,3.3,5.2,190,0.0,0.0,0,0.0,0.0,0,249637.00,0.00,0.00,52,12.89,0.73,0.00,-1.6,4.998,4.998,4.998,4.998,41
2022-03-04 23:56:22,1.9,3.9,155,0.0,0.0,0,0.0,0.0,0,249792.00,0.00,0.00,52,12.89,0.73,0.00,-0.6,4.998,4.998,4.998,4.998,138
2022-03-04 23:57:22,3.3,4.3,175,0.0,0.0,0,0.0,0.0,0,249967.00,0.00,0.00,40,12.89,0.56,0.00,-1.1,4.998,4.998,4.998,4.998,179
2022-03-04 23:58:22,3.0,3.7,153,0.0,0.0,0,0.0,0.0,0,250120.00,0.00,0.00,26,12.89,0.36,0.00,-1.1,4.998,4.998,4.998,4.998,99
2022-03-04 23:59:22,2.2,3.6,139,0.0,0.0,0,0.0,0.0,0,250259.00,0.00,0.00,26,12.92,0.36,0.00,-0.6,4.998,4.998,4.998,4.998,52
