2022-01-03 00:00:22,0.0,0.0,0,0.0,0.0,0,0.0,0.0,0,0.00,0.00,0.00,330,12.61,4.58,0.00,-23.6,4.998,4.998,4.998,4.998,117
2022-01-03 00:01:22,0.0,0.0,0,0.0,0.0,0,0.0,0.0,0,0.00,0.00,0.00,330,12.61,4.59,0.00,-23.6,4.998,4.998,4.998,4.998,223
2022-01-03 00:02:22,0.0,0.0,0,0.0,0.0,0,0.0,0.0,0,0.00,0.00,0.00,330,12.61,4.58,0.00,-23.6,4.998,4.998,4.998,4.998,216
2022-01-03 00:03:22,0.0,0.0,0,0.0,0.0,0,0.0,0.0,0,0.00,0.00,0.00,330,12.61,4.58,0.00,-23.1,4.998,4.998,4.998,4.998,111
2022-01-03 00:04:22,0.0,0.0,0,0.0,0.0,0,0.0,0.0,0,0.00,0.00,0.00,330,12.61,4.58,0.00,-23.6,4.998,4.998,4.998,4.998,160
2022-01-03 00:05:22,0.0,0.0,0,0.0,0.0,0,0.0,0.0,0,0.00,0.00,0.00,330,12.61,4.58,0.00,-23.1,4.998,4.998,4.998,4.998,23
2022-01-03 00:06:22,0.0,0.0,0,0.0,0.0,0,0.0,0.0,0,0.00,0.00,0.00,330,12.57,4.59,0.00,-23.6,4.998,4.998,4.998,4.998,58
2022-01-03 00:07:22,0.0,0.0,0,0.0,0.0,0,0.0,0.0,0,0.00,0.00,0.00,330,12.57,4.58,0.00,-23.6,4.998,4.998,4.998,4.998,144
2022-01-03 00:08:22,0.0,0.0,0,0.0,0.0,0,0.0,0.0,0,0.00,0.00,0.00,330,12.57,4.58,0.00,-23.1,4.998,4.998,4.998,4.998,182
2022-01-03 00:09:22,0.0,0.0,0,0.0,0.0,0,0.0,0.0,0,0.00,0.00,0.00,330,12.57,4.58,0.00,-23.1,4.998,4.998,4.998,4.998,235
2022-01-03 00:10:22,0.0,0.0,0,0.0,0.0,0,0.0,0.0,0,0.00,0.00,0.00,330,12.61,4.58,0.00,-22.6,4.998,4.998,4.998,4.998,164
2022-01-03 00:11:22,0.0,0.0,0,0.0,0.0,0,0.0,0.0,0,0.00,0.00,0.00,330,12.61,4.58,0.00,-23.1,4.998,4.998,4.998,4.998,221
2022-01-03 00:12:22,0.0,0.0,0,0.0,0.0,0,0.0,0.0,0,0.00,0.00,0.00,330,12.61,4.58,0.00,-22.6,4.998,4.998,4.998,4.998,9
2022-01-03 00:13:22,0.0,0.0,0,0.0,0.0,0,0.0,0.0,0,0.00,0.00,0.00,330,12.61,4.58,0.00,-23.1,4.998,4.998,4.998,4.998,112
2022-01-03 00:14:22,0.0,0.0,0,0.0,0.0,0,0.0,0.0,0,0.00,0.00,0.00,330,12.57,4.58,0.00,-22.6,4.998,4.998,4.998,4.998,177
2022-01-03 00:15:22,0.0,0.0,0,0.0,0.0,0,0.0,0.0,0,0.00,0.00,0.00,330,12.57,4.58,0.00,-22.6,4.998,4.998,4.998,4.998,236
2022-01-03 00:16:22,0.0,0.0,0,0.0,0.0,0,0.0,0.0,0,0.00,0.00,0.00,330,12.57,4.58,0.00,-22.6,4.998,4.998,4.998,4.998,28
2022-01-03 00:17:22,0.0,0.0,0,0.0,0.0,0,0.0,0.0,0,0.00,0.00,0.00,330,12.57,4.58,0.00,-22.6,4.998,4.998,4.998,4.998,65
2022-01-03 00:18:22,0.0,0.0,0,0.0,0.0,0,0.0,0.0,0,0.00,0.00,0.00,330,12.57,4.58,0.00,-22.6,4.998,4.998,4.998,4.998,141
2022-01-03 00:19:22,0.0,0.0,0,0.0,0.0,0,0.0,0.0,0,0.00,0.00,0.00,330,12.57,4.58,0.00,-22.6,4.998,4.998,4.998,4.998,208
2022-01-03 00:20:22,0.0,0.0,0,0.0,0.0,0,0.0,0.0,0,0.00,0.00,0.00,330,12.57,4.58,0.00,-22.6,4.998,4.998,4.998,4.998,247
2022-01-03 00:21:22,0.0,0.0,0,0.0,0.0,0,0.0,0.0,0,0.00,0.00,0.00,330,12.57,4.58,0.00,-22.6,4.998,4.998,4.998,4.998,170
2022-01-03 00:22:22,0.0,0.0,0,0.0,0.0,0,0.0,0.0,0,0.00,0.00,0.00,330,12.57,4.58,0.00,-22.6,4.998,4.998,4.998,4.998,90
2022-01-03 00:23:22,0.0,0.0,0,0.0,0.0,0,0.0,0.0,0,0.00,0.00,0.00,330,12.57,4.59,0.00,-22.6,4.998,4.998,4.998,4.998,240
2022-01-03 00:24:22,0.0,0.0,0,0.0,0.0,0,0.0,0.0,0,0.00,0.00,0.00,330,12.57,4.58,0.00,-22.6,4.998,4.998,4.998,4.998,34
2022-01-03 00:25:22,0.0,0.0,0,0.0,0.0,0,0.0,0.0,0,0.00,0.00,0.00,330,12.57,4.58,0.00,-22.6,4.998,4.998,4.998,4.998,127
2022-01-03 00:26:22,0.0,0.0,0,0.0,0.0,0,0.0,0.0,0,0.00,0.00,0.00,330,12.57,4.58,0.00,-22.6,4.998,4.998,4.998,4.998,143
2022-01-03 00:27:22,0.0,0.0,0,0.0,0.0,0,0.0,0.0,0,0.00,0.00,0.00,330,12.57,4.58,0.00,-22.6,4.998,4.998,4.998,4.998,210
2022-01-03 00:28:22,0.0,0.0,0,0.0,0.0,0,0.0,0.0,0,0.00,0.00,0.00,330,12.57,4.58,0.00,-22.1,4.998,4.998,4.998,4.998,244
2022-01-03 00:29:22,0.0,0.0,0,0.0,0.0,0,0.0,0.0,0,0.00,0.00,0.00,330,12.57,4.58,0.00,-22.1,4.998,4.998,4.998,4.998,169
2022-01-03 00:30:22,0.0,0.0,0,0.0,0.0,0,0.0,0.0,0,0.00,0.00,0.00,330,12.57,4.59,0.00,-22.1,4.998,4.998,4.998,4.998,245
2022-01-03 00:31:22,0.0,0.0,0,0.0,0.0,0,0.0,0.0,0,0.00,0.00,0.00,330,12.57,4.59,0.00,-22.1,4.998,4.998,4.998,4.998,168
2022-01-03 00:32:22,0.0,0.0,0,0.0,0.0,0,0.0,0.0,0,0.00,0.00,0.00,330,12.57,4.58,0.00,-22.1,4.998,4.998,4.998,4.998,175
2022-01-03 00:33:22,0.0,0.0,0,0.0,0.0,0,0.0,0.0,0,0.00,0.00,0.00,330,12.57,4.58,0.00,-22.1,4.998,4.998,4.998,4.998,242
2022-01-03 00:34:22,0.0,0.0,0,0.0,0.0,0,0.0,0.0,0,0.00,0.00,0.00,330,12.57,4.58,0.00,-22.1,4.998,4.998,4.998,4.998,215
2022-01-03 00:35:22,0.0,0.0,0,0.0,0.0,0,0.0,0.0,0,0.00,0.00,0.00,330,12.57,4.58,0.00,-22.1,4.998,4.998,4.998,4.998,138
2022-01-03 00:36:22,0.0,0.0,0,0.0,0.0,0,0.0,0.0,0,0.00,0.00,0.00,330,12.57,4.58,0.00,-22.1,4.998,4.998,4.998,4.998,122
2022-01-03 00:37:22,0.0,0.0,0,0.0,0.0,0,0.0,0.0,0,0.00,0.00,0.00,330,12.57,4.59,0.00,-22.1,4.998,4.998,4.998,4.998,208
2022-01-03 00:38:22,0.0,0.0,0,0.0,0.0,0,0.0,0.0,0,0.00,0.00,0.00,330,12.57,4.59,0.00,-22.1,4.998,4.998,4.998,4.998,28
2022-01-03 00:39:22,0.0,0.0,0,0.0,0.0,0,0.0,0.0,0,0.00,0.00,0.00,330,12.57,4.58,0.00,-22.1,4.998,4.998,4.998,4.998,182
2022-01-03 00:40:22,0.0,0.0,0,0.0,0.0,0,0.0,0.0,0,0.00,0.00,0.00,330,12.57,4.59,0.00,-22.1,4.998,4.998,4.998,4.998,32
2022-01-03 00:41:22,0.0,0.0,0,0.0,0.0,0,0.0,0.0,0,0.00,0.00,0.00,330,12.57,4.59,0.00,-22.1,4.998,4.998,4.998,4.998,125
2022-01-03 00:42:22,0.0,0.0,0,0.0,0.0,0,0.0,0.0,0,0.00,0.00,0.00,330,12.57,4.58,0.00,-22.1,4.998,4.998,4.998,4.998,122
2022-01-03 00:43:22,0.0,0.0,0,0.0,0.0,0,0.0,0.0,0,0.00,0.00,0.00,330,12.57,4.58,0.00,-22.1,4.998,4.998,4.998,4.998,39
2022-01-03 00:44:22,0.0,0.0,0,0.0,0.0,0,0.0,0.0,0,0.00,0.00,0.00,330,12.53,4.58,0.00,-22.6,4.998,4.998,4.998,4.998,76
2022-01-03 00:45:22,0.0,0.0,0,0.0,0.0,0,0.0,0.0,0,0.00,0.00,0.00,330,12.57,4.59,0.00,-22.6,4.998,4.998,4.998,4.998,66
2022-01-03 00:46:22,0.0,0.0,0,0.0,0.0,0,0.0,0.0,0,0.00,0.00,0.00,330,12.57,4.59,0.00,-22.6,4.998,4.998,4.998,4.998,178
2022-01-03 00:47:22,0.0,0.0,0,0.0,0.0,0,0.0,0.0,0,0.00,0.00,0.00,330,12.53,4.58,0.00,-22.6,4.998,4.998,4.998,4.998,188
2022-01-03 00:48:22,0.0,0.0,0,0.0,0.0,0,0.0,0.0,0,0.00,0.00,0.00,330,12.57,4.58,0.00,-22.1,4.998,4.998,4.998,4.998,62
2022-01-03 00:49:22,0.0,0.0,0,0.0,0.0,0,0.0,0.0,0,0.00,0.00,0.00,330,12.53,4.58,0.00,-22.1,4.998,4.998,4.998,4.998,199
2022-01-03 00:50:22,0.0,0.0,0,0.0,0.0,0,0.0,0.0,0,0.00,0.00,0.00,330,12.57,4.58,0.00,-22.1,4.998,4.998,4.998,4.998,200
2022-01-03 00:51:22,0.0,0.0,0,0.0,0.0,0,0.0,0.0,0,0.00,0.00,0.00,330,12.57,4.58,0.00,-22.1,4.998,4.998,4.998,4.998,149
2022-01-03 00:52:22,0.0,0.0,0,0.0,0.0,0,0.0,0.0,0,0.00,0.00,0.00,330,12.57,4.58,0.00,-22.6,4.998,4.998,4.998,4.998,143
2022-01-03 00:53:22,0.0,0.0,0,0.0,0.0,0,0.0,0.0,0,0.00,0.00,0.00,330,12.57,4.58,0.00,-22.6,4.998,4.998,4.998,4.998,210
2022-01-03 00:54:22,0.0,0.0,0,0.0,0.0,0,0.0,0.0,0,0.00,0.00,0.00,330,12.57,4.59,0.00,-22.6,4.998,4.998,4.998,4.998,0
2022-01-03 00:55:22,0.0,0.0,0,0.0,0.0,0,0.0,0.0,0,0.00,0.00,0.00,330,12.53,4.58,0.00,-22.6,4.998,4.998,4.998,4.998,14
2022-01-03 00:56:22,0.0,2.7,24,0.0,0.0,0,0.0,0.0,0,24.00,0.00,0.00,329,12.57,4.58,0.00,-22.6,4.998,4.998,4.998,4.998,52
2022-01-03 00:57:22,0.0,0.0,0,0.0,0.0,0,0.0,0.0,0,24.00,0.00,0.00,329,12.57,4.58,0.00,-22.6,4.998,4.998,4.998,4.998,198
2022-01-03 00:58:22,0.0,0.0,0,0.0,0.0,0,0.0,0.0,0,24.00,0.00,0.00,330,12.53,4.58,0.00,-22.6,4.998,4.998,4.998,4.998,53
2022-01-03 00:59:22,0.0,0.0,0,0.0,0.0,0,0.0,0.0,0,24.00,0.00,0.00,329,12.57,4.58,0.00,-23.1,4.998,4.998,4.998,4.998,11
2022-01-03 01:00:22,0.0,0.0,0,0.0,0.0,0,0.0,0.0,0,24.00,0.00,0.00,330,12.53,4.58,0.00,-22.6,4.998,4.998,4.998,4.998,119
2022-01-03 01:01:22,0.0,0.0,0,0.0,0.0,0,0.0,0.0,0,24.00,0.00,0.00,329,12.53,4.58,0.00,-23.1,4.998,4.998,4.998,4.998,237
2022-01-03 01:02:22,0.0,0.0,0,0.0,0.0,0,0.0,0.0,0,24.00,0.00,0.00,330,12.57,4.58,0.00,-22.6,4.998,4.998,4.998,4.998,95
2022-01-03 01:03:22,0.0,0.0,0,0.0,0.0,0,0.0,0.0,0,24.00,0.00,0.00,330,12.53,4.58,0.00,-23.1,4.998,4.998,4.998,4.998,192
2022-01-03 01:04:22,0.0,0.0,0,0.0,0.0,0,0.0,0.0,0,24.00,0.00,0.00,330,12.53,4.58,0.00,-22.6,4.998,4.998,4.998,4.998,49
2022-01-03 01:05:22,0.0,0.0,0,0.0,0.0,0,0.0,0.0,0,24.00,0.00,0.00,329,12.53,4.58,0.00,-22.6,4.998,4.998,4.998,4.998,143
2022-01-03 01:06:22,0.0,0.0,0,0.0,0.0,0,0.0,0.0,0,24.00,0.00,0.00,330,12.53,4.58,0.00,-22.6,4.998,4.998,4.998,4.998,189
2022-01-03 01:07:22,0.0,0.0,0,0.0,0.0,0,0.0,0.0,0,24.00,0.00,0.00,329,12.57,4.58,0.00,-23.1,4.998,4.998,4.998,4.998,131
2022-01-03 01:08:22,0.0,0.0,0,0.0,0.0,0,0.0,0.0,0,24.00,0.00,0.00,330,12.53,4.58,0.00,-22.6,4.998,4.998,4.998,4.998,84
2022-01-03 01:09:22,0.0,0.0,0,0.0,0.0,0,0.0,0.0,0,24.00,0.00,0.00,329,12.57,4.58,0.00,-23.1,4.998,4.998,4.998,4.998,106
2022-01-03 01:10:22,0.0,0.0,0,0.0,0.0,0,0.0,0.0,0,24.00,0.00,0.00,329,12.57,4.58,0.00,-23.1,4.998,4.998,4.998,4.998,62
2022-01-03 01:11:22,0.0,0.0,0,0.0,0.0,0,0.0,0.0,0,24.00,0.00,0.00,329,12.57,4.58,0.00,-22.6,4.998,4.998,4.998,4.998,5
2022-01-03 01:12:22,0.0,0.0,0,0.0,0.0,0,0.0,0.0,0,24.00,0.00,0.00,330,12.53,4.58,0.00,-23.1,4.998,4.998,4.998,4.998,183
2022-01-03 01:13:22,1.6,1.6,3,0.0,0.0,0,0.0,0.0,0,27.00,0.00,0.00,329,12.57,4.58,0.00,-22.6,4.998,4.998,4.998,4.998,7
2022-01-03 01:14:22,0.0,2.1,40,0.0,0.0,0,0.0,0.0,0,67.00,0.00,0.00,329,12.57,4.58,0.00,-22.6,4.998,4.998,4.998,4.998,187
2022-01-03 01:15:22,0.0,0.0,0,0.0,0.0,0,0.0,0.0,0,67.00,0.00,0.00,330,12.53,4.58,0.00,-22.6,4.998,4.998,4.998,4.998,20
2022-01-03 01:16:22,0.0,0.0,0,0.0,0.0,0,0.0,0.0,0,67.00,0.00,0.00,329,12.57,4.58,0.00,-22.6,4.998,4.998,4.998,4.998,130
2022-01-03 01:17:22,1.0,1.6,13,0.0,0.0,0,0.0,0.0,0,80.00,0.00,0.00,329,12.57,4.57,0.00,-22.6,4.998,4.998,4.998,4.998,142
2022-01-03 01:18:22,0.0,0.0,0,0.0,0.0,0,0.0,0.0,0,80.00,0.00,0.00,329,12.53,4.58,0.00,-22.1,4.998,4.998,4.998,4.998,254
2022-01-03 01:19:22,0.0,0.0,0,0.0,0.0,0,0.0,0.0,0,80.00,0.00,0.00,329,12.53,4.58,0.00,-22.6,4.998,4.998,4.998,4.998,11
2022-01-03 01:20:22,0.0,0.0,0,0.0,0.0,0,0.0,0.0,0,80.00,0.00,0.00,329,12.57,4.58,0.00,-22.1,4.998,4.998,4.998,4.998,37
2022-01-03 01:21:22,0.0,0.0,0,0.0,0.0,0,0.0,0.0,0,80.00,0.00,0.00,329,12.53,4.58,0.00,-22.1,4.998,4.998,4.998,4.998,158
2022-01-03 01:22:22,0.0,0.0,0,0.0,0.0,0,0.0,0.0,0,80.00,0.00,0.00,329,12.53,4.58,0.00,-21.6,4.998,4.998,4.998,4.998,78
2022-01-03 01:23:22,0.0,0.0,0,0.0,0.0,0,0.0,0.0,0,80.00,0.00,0.00,329,12.53,4.58,0.00,-21.6,4.998,4.998,4.998,4.998,81
2022-01-03 01:24:22,0.0,0.0,0,0.0,0.0,0,0.0,0.0,0,80.00,0.00,0.00,329,12.53,4.58,0.00,-21.6,4.998,4.998,4.998,4.998,132
2022-01-03 01:25:22,0.0,0.0,0,0.0,0.0,0,0.0,0.0,0,80.00,0.00,0.00,329,12.53,4.58,0.00,-21.6,4.998,4.998,4.998,4.998,155
2022-01-03 01:26:22,0.0,1.9,16,0.0,0.0,0,0.0,0.0,0,96.00,0.00,0.00,330,12.53,4.58,0.00,-22.1,4.998,4.998,4.998,4.998,210
2022-01-03 01:27:22,0.0,0.0,0,0.0,0.0,0,0.0,0.0,0,96.00,0.00,0.00,330,12.53,4.58,0.00,-22.1,4.998,4.998,4.998,4.998,176
2022-01-03 01:28:22,0.0,2.0,23,0.0,0.0,0,0.0,0.0,0,119.00,0.00,0.00,330,12.53,4.58,0.00,-22.1,4.998,4.998,4.998,4.998,157
2022-01-03 01:29:22,1.4,2.8,47,0.0,0.0,0,0.0,0.0,0,166.00,0.00,0.00,9,12.53,0.12,0.00,-22.1,4.998,4.998,4.998,4.998,115
2022-01-03 01:30:22,0.0,3.7,58,0.0,0.0,0,0.0,0.0,0,224.00,0.00,0.00,10,12.53,0.14,0.00,-22.1,4.998,4.998,4.998,4.998,241
2022-01-03 01:31:22,0.0,0.0,0,0.0,0.0,0,0.0,0.0,0,224.00,0.00,0.00,10,12.49,0.14,0.00,-21.6,4.998,4.998,4.998,4.998,153
2022-01-03 01:32:22,0.0,0.0,0,0.0,0.0,0,0.0,0.0,0,224.00,0.00,0.00,10,12.53,0.14,0.00,-22.1,4.998,4.998,4.998,4.998,102
2022-01-03 01:33:22,0.0,0.0,0,0.0,0.0,0,0.0,0.0,0,224.00,0.00,0.00,10,12.53,0.15,0.00,-22.1,4.998,4.998,4.998,4.998,142
2022-01-03 01:34:22,1.2,1.4,5,0.0,0.0,0,0.0,0.0,0,229.00,0.00,0.00,10,12.53,0.14,0.00,-22.1,4.998,4.998,4.998,4.998,167
2022-01-03 01:35:22,0.0,1.3,4,0.0,0.0,0,0.0,0.0,0,233.00,0.00,0.00,10,12.53,0.15,0.00,-22.1,4.998,4.998,4.998,4.998,77
2022-01-03 01:36:22,2.3,4.3,86,0.0,0.0,0,0.0,0.0,0,319.00,0.00,0.00,127,12.53,1.77,0.00,-22.1,4.998,4.998,4.998,4.998,1
2022-01-03 01:37:22,0.0,2.6,17,0.0,0.0,0,0.0,0.0,0,336.00,0.00,0.00,128,12.53,1.78,0.00,-22.1,4.998,4.998,4.998,4.998,87
2022-01-03 01:38:22,2.0,2.2,12,0.0,0.0,0,0.0,0.0,0,348.00,0.00,0.00,129,12.53,1.80,0.00,-22.1,4.998,4.998,4.998,4.998,186
2022-01-03 01:39:22,0.0,1.9,8,0.0,0.0,0,0.0,0.0,0,356.00,0.00,0.00,129,12.53,1.80,0.00,-21.6,4.998,4.998,4.998,4.998,86
2022-01-03 01:40:22,0.0,0.0,0,0.0,0.0,0,0.0,0.0,0,356.00,0.00,0.00,129,12.53,1.80,0.00,-22.1,4.998,4.998,4.998,4.998,149
2022-01-03 01:41:22,0.0,0.0,0,0.0,0.0,0,0.0,0.0,0,356.00,0.00,0.00,129,12.53,1.80,0.00,-22.1,4.998,4.998,4.998,4.998,253
2022-01-03 01:42:22,0.0,0.0,0,0.0,0.0,0,0.0,0.0,0,356.00,0.00,0.00,130,12.53,1.80,0.00,-21.6,4.998,4.998,4.998,4.998,67
2022-01-03 01:43:22,0.0,0.0,0,0.0,0.0,0,0.0,0.0,0,356.00,0.00,0.00,130,12.53,1.80,0.00,-21.6,4.998,4.998,4.998,4.998,43
2022-01-03 01:44:22,0.0,0.0,0,0.0,0.0,0,0.0,0.0,0,356.00,0.00,0.00,129,12.53,1.80,0.00,-21.6,4.998,4.998,4.998,4.998,204
2022-01-03 01:45:22,0.0,0.0,0,0.0,0.0,0,0.0,0.0,0,356.00,0.00,0.00,129,12.53,1.80,0.00,-21.1,4.998,4.998,4.998,4.998,78
2022-01-03 01:46:22,0.0,0.0,0,0.0,0.0,0,0.0,0.0,0,356.00,0.00,0.00,130,12.53,1.80,0.00,-21.6,4.998,4.998,4.998,4.998,89
2022-01-03 01:47:22,1.2,1.6,27,0.0,0.0,0,0.0,0.0,0,383.00,0.00,0.00,130,12.53,1.80,0.00,-20.7,4.998,4.998,4.998,4.998,112
2022-01-03 01:48:22,1.5,1.5,8,0.0,0.0,0,0.0,0.0,0,391.00,0.00,0.00,130,12.53,1.80,0.00,-20.7,4.998,4.998,4.998,4.998,247
2022-01-03 01:49:22,1.4,2.9,100,0.0,0.0,0,0.0,0.0,0,491.00,0.00,0.00,145,12.53,2.01,0.00,-20.2,4.998,4.998,4.998,4.998,118
2022-01-03 01:50:22,1.9,3.4,95,0.0,0.0,0,0.0,0.0,0,586.00,0.00,0.00,174,12.49,2.41,0.00,-20.7,4.998,4.998,4.998,4.998,106
2022-01-03 01:51:22,1.9,3.2,79,0.0,0.0,0,0.0,0.0,0,665.00,0.00,0.00,177,12.53,2.46,0.00,-20.2,4.998,4.998,4.998,4.998,205
2022-01-03 01:52:22,1.1,2.5,54,0.0,0.0,0,0.0,0.0,0,719.00,0.00,0.00,177,12.49,2.46,0.00,-20.2,4.998,4.998,4.998,4.998,112
2022-01-03 01:53:22,0.0,1.1,2,0.0,0.0,0,0.0,0.0,0,721.00,0.00,0.00,177,12.53,2.46,0.00,-20.2,4.998,4.998,4.998,4.998,16
2022-01-03 01:54:22,0.0,0.0,0,0.0,0.0,0,0.0,0.0,0,721.00,0.00,0.00,177,12.53,2.46,0.00,-20.7,4.998,4.998,4.998,4.998,239
2022-01-03 01:55:22,0.0,0.0,0,0.0,0.0,0,0.0,0.0,0,721.00,0.00,0.00,177,12.49,2.46,0.00,-21.1,4.998,4.998,4.998,4.998,183
2022-01-03 01:56:22,0.0,0.0,0,0.0,0.0,0,0.0,0.0,0,721.00,0.00,0.00,177,12.49,2.46,0.00,-21.6,4.998,4.998,4.998,4.998,1
2022-01-03 01:57:22,0.0,0.0,0,0.0,0.0,0,0.0,0.0,0,721.00,0.00,0.00,177,12.49,2.46,0.00,-21.6,4.998,4.998,4.998,4.998,105
2022-01-03 01:58:22,0.0,0.0,0,0.0,0.0,0,0.0,0.0,0,721.00,0.00,0.00,177,12.49,2.46,0.00,-21.1,4.998,4.998,4.998,4.998,200
2022-01-03 01:59:22,0.0,0.0,0,0.0,0.0,0,0.0,0.0,0,721.00,0.00,0.00,177,12.49,2.46,0.00,-21.1,4.998,4.998,4.998,4.998,160
2022-01-03 02:00:22,0.0,0.0,0,0.0,0.0,0,0.0,0.0,0,721.00,0.00,0.00,177,12.49,2.46,0.00,-21.1,4.998,4.998,4.998,4.998,83
2022-01-03 02:01:22,1.5,2.8,68,0.0,0.0,0,0.0,0.0,0,789.00,0.00,0.00,172,12.49,2.39,0.00,-21.1,4.998,4.998,4.998,4.998,191
2022-01-03 02:02:22,2.6,2.8,91,0.0,0.0,0,0.0,0.0,0,880.00,0.00,0.00,172,12.53,2.39,0.00,-20.2,4.998,4.998,4.998,4.998,109
2022-01-03 02:03:22,3.3,3.4,131,0.0,0.0,0,0.0,0.0,0,1011.00,0.00,0.00,172,12.53,2.39,0.00,-20.2,4.998,4.998,4.998,4.998,63
2022-01-03 02:04:22,3.4,4.8,122,0.0,0.0,0,0.0,0.0,0,1133.00,0.00,0.00,170,12.49,2.37,0.00,-20.2,4.998,4.998,4.998,4.998,135
2022-01-03 02:05:22,3.0,4.4,141,0.0,0.0,0,0.0,0.0,0,1274.00,0.00,0.00,162,12.49,2.25,0.00,-20.7,4.998,4.998,4.998,4.998,246
2022-01-03 02:06:22,1.7,4.2,159,0.0,0.0,0,0.0,0.0,0,1433.00,0.00,0.00,165,12.49,2.29,0.00,-20.7,4.998,4.998,4.998,4.998,21
2022-01-03 02:07:22,1.6,4.6,126,0.0,0.0,0,0.0,0.0,0,1559.00,0.00,0.00,173,12.49,2.41,0.00,-20.2,4.998,4.998,4.998,4.998,204
2022-01-03 02:08:22,2.9,3.8,97,0.0,0.0,0,0.0,0.0,0,1656.00,0.00,0.00,173,12.49,2.40,0.00,-20.2,4.998,4.998,4.998,4.998,209
2022-01-03 02:09:22,2.1,7.5,193,0.0,0.0,0,0.0,0.0,0,1849.00,0.00,0.00,150,12.49,2.09,0.00,-20.7,4.998,4.998,4.998,4.998,132
2022-01-03 02:10:22,2.0,5.3,139,0.0,0.0,0,0.0,0.0,0,1988.00,0.00,0.00,138,12.49,1.92,0.00,-20.2,4.998,4.998,4.998,4.998,164
2022-01-03 02:11:22,2.8,3.9,159,0.0,0.0,0,0.0,0.0,0,2147.00,0.00,0.00,154,12.49,2.14,0.00,-20.7,4.998,4.998,4.998,4.998,244
2022-01-03 02:12:22,1.7,5.0,133,0.0,0.0,0,0.0,0.0,0,2280.00,0.00,0.00,177,12.49,2.46,0.00,-20.7,4.998,4.998,4.998,4.998,147
2022-01-03 02:13:22,4.5,5.9,181,0.0,0.0,0,0.0,0.0,0,2461.00,0.00,0.00,148,12.49,2.06,0.00,-20.2,4.998,4.998,4.998,4.998,208
2022-01-03 02:14:22,1.1,4.4,94,0.0,0.0,0,0.0,0.0,0,2555.00,0.00,0.00,149,12.49,2.07,0.00,-20.2,4.998,4.998,4.998,4.998,103
2022-01-03 02:15:22,4.2,4.4,135,0.0,0.0,0,0.0,0.0,0,2690.00,0.00,0.00,149,12.49,2.07,0.00,-20.2,4.998,4.998,4.998,4.998,63
2022-01-03 02:16:22,4.1,5.4,213,0.0,0.0,0,0.0,0.0,0,2903.00,0.00,0.00,178,12.49,2.47,0.00,-19.7,4.998,4.998,4.998,4.998,85
2022-01-03 02:17:22,4.2,5.3,237,0.0,0.0,0,0.0,0.0,0,3140.00,0.00,0.00,152,12.49,2.11,0.00,-19.2,4.998,4.998,4.998,4.998,163
2022-01-03 02:18:22,3.0,4.5,163,0.0,0.0,0,0.0,0.0,0,3303.00,0.00,0.00,163,12.49,2.27,0.00,-19.2,4.998,4.998,4.998,4.998,148
2022-01-03 02:19:22,3.4,4.6,189,0.0,0.0,0,0.0,0.0,0,3492.00,0.00,0.00,181,12.49,2.52,0.00,-19.2,4.998,4.998,4.998,4.998,8
2022-01-03 02:20:22,2.6,3.5,129,0.0,0.0,0,0.0,0.0,0,3621.00,0.00,0.00,181,12.49,2.52,0.00,-19.7,4.998,4.998,4.998,4.998,245
2022-01-03 02:21:22,3.5,5.8,217,0.0,0.0,0,0.0,0.0,0,3838.00,0.00,0.00,171,12.49,2.37,0.00,-19.7,4.998,4.998,4.998,4.998,212
2022-01-03 02:22:22,4.1,5.8,264,0.0,0.0,0,0.0,0.0,0,4102.00,0.00,0.00,172,12.46,2.39,0.00,-18.7,4.998,4.998,4.998,4.998,250
2022-01-03 02:23:22,5.9,5.9,231,0.0,0.0,0,0.0,0.0,0,4333.00,0.00,0.00,180,12.49,2.50,0.00,-18.7,4.998,4.998,4.998,4.998,128
2022-01-03 02:24:22,2.1,5.9,207,0.0,0.0,0,0.0,0.0,0,4540.00,0.00,0.00,180,12.49,2.50,0.00,-19.2,4.998,4.998,4.998,4.998,5
2022-01-03 02:25:22,3.5,5.6,190,0.0,0.0,0,0.0,0.0,0,4730.00,0.00,0.00,192,12.49,2.67,0.00,-19.2,4.998,4.998,4.998,4.998,13
2022-01-03 02:26:22,3.5,5.2,207,0.0,0.0,0,0.0,0.0,0,4937.00,0.00,0.00,180,12.49,2.50,0.00,-18.7,4.998,4.998,4.998,4.998,100
2022-01-03 02:27:22,3.6,6.1,247,0.0,0.0,0,0.0,0.0,0,5184.00,0.00,0.00,182,12.49,2.53,0.00,-19.2,4.998,4.998,4.998,4.998,48
2022-01-03 02:28:22,3.5,5.9,226,0.0,0.0,0,0.0,0.0,0,5410.00,0.00,0.00,187,12.49,2.59,0.00,-18.7,4.998,4.998,4.998,4.998,228
2022-01-03 02:29:22,2.3,5.0,148,0.0,0.0,0,0.0,0.0,0,5558.00,0.00,0.00,161,12.49,2.24,0.00,-19.2,4.998,4.998,4.998,4.998,129
2022-01-03 02:30:22,2.1,2.7,107,0.0,0.0,0,0.0,0.0,0,5665.00,0.00,0.00,161,12.49,2.24,0.00,-18.7,4.998,4.998,4.998,4.998,179
2022-01-03 02:31:22,3.9,4.8,164,0.0,0.0,0,0.0,0.0,0,5829.00,0.00,0.00,174,12.49,2.41,0.00,-19.2,4.998,4.998,4.998,4.998,20
2022-01-03 02:32:22,1.7,5.0,167,0.0,0.0,0,0.0,0.0,0,5996.00,0.00,0.00,186,12.49,2.58,0.00,-19.2,4.998,4.998,4.998,4.998,6
2022-01-03 02:33:22,1.9,3.1,112,0.0,0.0,0,0.0,0.0,0,6108.00,0.00,0.00,186,12.49,2.58,0.00,-19.2,4.998,4.998,4.998,4.998,57
2022-01-03 02:34:22,3.1,5.4,213,0.0,0.0,0,0.0,0.0,0,6321.00,0.00,0.00,190,12.49,2.65,0.00,-18.7,4.998,4.998,4.998,4.998,236
2022-01-03 02:35:22,2.8,3.6,149,0.0,0.0,0,0.0,0.0,0,6470.00,0.00,0.00,191,12.49,2.65,0.00,-19.2,4.998,4.998,4.998,4.998,33
2022-01-03 02:36:22,2.9,4.0,135,0.0,0.0,0,0.0,0.0,0,6605.00,0.00,0.00,181,12.49,2.52,0.00,-18.7,4.998,4.998,4.998,4.998,119
2022-01-03 02:37:22,2.5,5.1,187,0.0,0.0,0,0.0,0.0,0,6792.00,0.00,0.00,185,12.49,2.57,0.00,-19.2,4.998,4.998,4.998,4.998,148
2022-01-03 02:38:22,3.9,4.8,193,0.0,0.0,0,0.0,0.0,0,6985.00,0.00,0.00,184,12.49,2.56,0.00,-18.7,4.998,4.998,4.998,4.998,61
2022-01-03 02:39:22,4.0,5.2,236,0.0,0.0,0,0.0,0.0,0,7221.00,0.00,0.00,181,12.49,2.52,0.00,-18.7,4.998,4.998,4.998,4.998,163
2022-01-03 02:40:22,3.3,4.6,197,0.0,0.0,0,0.0,0.0,0,7418.00,0.00,0.00,180,12.49,2.49,0.00,-18.7,4.998,4.998,4.998,4.998,65
2022-01-03 02:41:22,4.9,7.2,293,0.0,0.0,0,0.0,0.0,0,7711.00,0.00,0.00,158,12.49,2.20,0.00,-18.2,4.998,4.998,4.998,4.998,219
2022-01-03 02:42:22,3.3,5.6,225,0.0,0.0,0,0.0,0.0,0,7936.00,0.00,0.00,178,12.49,2.47,0.00,-18.2,4.998,4.998,4.998,4.998,176
2022-01-03 02:43:22,4.4,5.4,181,0.0,0.0,0,0.0,0.0,0,8117.00,0.00,0.00,177,12.49,2.46,0.00,-18.2,4.998,4.998,4.998,4.998,105
2022-01-03 02:44:22,2.3,4.3,123,0.0,0.0,0,0.0,0.0,0,8240.00,0.00,0.00,177,12.49,2.46,0.00,-18.7,4.998,4.998,4.998,4.998,160
2022-01-03 02:45:22,1.2,2.9,68,0.0,0.0,0,0.0,0.0,0,8308.00,0.00,0.00,176,12.49,2.45,0.00,-18.7,4.998,4.998,4.998,4.998,217
2022-01-03 02:46:22,0.0,4.9,102,0.0,0.0,0,0.0,0.0,0,8410.00,0.00,0.00,158,12.46,2.20,0.00,-18.2,4.998,4.998,4.998,4.998,41
2022-01-03 02:47:22,0.0,1.5,11,0.0,0.0,0,0.0,0.0,0,8421.00,0.00,0.00,158,12.49,2.20,0.00,-18.7,4.998,4.998,4.998,4.998,109
2022-01-03 02:48:22,5.5,5.5,124,0.0,0.0,0,0.0,0.0,0,8545.00,0.00,0.00,159,12.46,2.22,0.00,-18.2,4.998,4.998,4.998,4.998,47
2022-01-03 02:49:22,3.5,6.6,273,0.0,0.0,0,0.0,0.0,0,8818.00,0.00,0.00,163,12.49,2.26,0.00,-18.2,4.998,4.998,4.998,4.998,225
2022-01-03 02:50:22,4.0,4.6,219,0.0,0.0,0,0.0,0.0,0,9037.00,0.00,0.00,175,12.49,2.43,0.00,-18.2,4.998,4.998,4.998,4.998,81
2022-01-03 02:51:22,3.4,4.0,64,0.0,0.0,0,0.0,0.0,0,9101.00,0.00,0.00,175,12.46,2.43,0.00,-18.7,4.998,4.998,4.998,4.998,142
2022-01-03 02:52:22,2.8,4.5,168,0.0,0.0,0,0.0,0.0,0,9269.00,0.00,0.00,175,12.46,2.44,0.00,-18.2,4.998,4.998,4.998,4.998,249
2022-01-03 02:53:22,4.0,4.6,167,0.0,0.0,0,0.0,0.0,0,9436.00,0.00,0.00,197,12.46,2.74,0.00,-18.2,4.998,4.998,4.998,4.998,114
2022-01-03 02:54:22,4.3,4.8,147,0.0,0.0,0,0.0,0.0,0,9583.00,0.00,0.00,192,12.49,2.67,0.00,-18.2,4.998,4.998,4.998,4.998,36
2022-01-03 02:55:22,4.5,6.4,292,0.0,0.0,0,0.0,0.0,0,9875.00,0.00,0.00,187,12.46,2.60,0.00,-18.2,4.998,4.998,4.998,4.998,192
2022-01-03 02:56:22,4.7,7.2,293,0.0,0.0,0,0.0,0.0,0,10168.00,0.00,0.00,173,12.46,2.41,0.00,-17.7,4.998,4.998,4.998,4.998,137
2022-01-03 02:57:22,4.9,6.7,248,0.0,0.0,0,0.0,0.0,0,10416.00,0.00,0.00,184,12.46,2.55,0.00,-18.2,4.998,4.998,4.998,4.998,241
2022-01-03 02:58:22,4.5,6.3,255,0.0,0.0,0,0.0,0.0,0,10671.00,0.00,0.00,176,12.46,2.45,0.00,-17.7,4.998,4.998,4.998,4.998,142
2022-01-03 02:59:22,4.0,5.2,166,0.0,0.0,0,0.0,0.0,0,10837.00,0.00,0.00,194,12.49,2.69,0.00,-17.7,4.998,4.998,4.998,4.998,191
2022-01-03 03:00:22,2.5,3.9,157,0.0,0.0,0,0.0,0.0,0,10994.00,0.00,0.00,193,12.49,2.69,0.00,-17.7,4.998,4.998,4.998,4.998,83
2022-01-03 03:01:22,2.3,5.2,175,0.0,0.0,0,0.0,0.0,0,11169.00,0.00,0.00,181,12.46,2.52,0.00,-18.2,4.998,4.998,4.998,4.998,150
2022-01-03 03:02:22,1.6,4.3,149,0.0,0.0,0,0.0,0.0,0,11318.00,0.00,0.00,180,12.46,2.50,0.00,-17.7,4.998,4.998,4.998,4.998,188
2022-01-03 03:03:22,4.0,4.6,154,0.0,0.0,0,0.0,0.0,0,11472.00,0.00,0.00,172,12.49,2.39,0.00,-17.7,4.998,4.998,4.998,4.998,175
2022-01-03 03:04:22,3.0,4.7,163,0.0,0.0,0,0.0,0.0,0,11635.00,0.00,0.00,157,12.46,2.18,0.00,-17.7,4.998,4.998,4.998,4.998,48
2022-01-03 03:05:22,3.2,4.6,159,0.0,0.0,0,0.0,0.0,0,11794.00,0.00,0.00,162,12.49,2.25,0.00,-17.7,4.998,4.998,4.998,4.998,18
2022-01-03 03:06:22,3.0,3.9,151,0.0,0.0,0,0.0,0.0,0,11945.00,0.00,0.00,162,12.49,2.25,0.00,-17.7,4.998,4.998,4.998,4.998,149
2022-01-03 03:07:22,3.4,5.7,240,0.0,0.0,0,0.0,0.0,0,12185.00,0.00,0.00,178,12.46,2.48,0.00,-17.7,4.998,4.998,4.998,4.998,111
2022-01-03 03:08:22,3.9,5.3,206,0.0,0.0,0,0.0,0.0,0,12391.00,0.00,0.00,183,12.46,2.54,0.00,-17.2,4.998,4.998,4.998,4.998,141
2022-01-03 03:09:22,4.6,5.9,231,0.0,0.0,0,0.0,0.0,0,12622.00,0.00,0.00,172,12.49,2.39,0.00,-17.2,4.998,4.998,4.998,4.998,240
2022-01-03 03:10:22,4.2,4.8,173,0.0,0.0,0,0.0,0.0,0,12795.00,0.00,0.00,191,12.46,2.66,0.00,-17.2,4.998,4.998,4.998,4.998,45
2022-01-03 03:11:22,2.3,5.8,218,0.0,0.0,0,0.0,0.0,0,13013.00,0.00,0.00,179,12.46,2.49,0.00,-16.8,4.998,4.998,4.998,4.998,61
2022-01-03 03:12:22,3.6,3.9,130,0.0,0.0,0,0.0,0.0,0,13143.00,0.00,0.00,178,12.46,2.48,0.00,-16.8,4.998,4.998,4.998,4.998,228
2022-01-03 03:13:22,3.4,5.3,169,0.0,0.0,0,0.0,0.0,0,13312.00,0.00,0.00,178,12.46,2.48,0.00,-17.2,4.998,4.998,4.998,4.998,247
2022-01-03 03:14:22,4.6,5.0,158,0.0,0.0,0,0.0,0.0,0,13470.00,0.00,0.00,192,12.46,2.67,0.00,-17.2,4.998,4.998,4.998,4.998,69
2022-01-03 03:15:22,4.9,5.7,237,0.0,0.0,0,0.0,0.0,0,13707.00,0.00,0.00,184,12.49,2.56,0.00,-16.8,4.998,4.998,4.998,4.998,165
2022-01-03 03:16:22,2.4,5.7,201,0.0,0.0,0,0.0,0.0,0,13908.00,0.00,0.00,185,12.46,2.57,0.00,-16.8,4.998,4.998,4.998,4.998,114
2022-01-03 03:17:22,3.5,4.9,188,0.0,0.0,0,0.0,0.0,0,14096.00,0.00,0.00,177,12.46,2.46,0.00,-16.8,4.998,4.998,4.998,4.998,247
2022-01-03 03:18:22,2.7,4.4,199,0.0,0.0,0,0.0,0.0,0,14295.00,0.00,0.00,188,12.46,2.62,0.00,-17.2,4.998,4.998,4.998,4.998,96
2022-01-03 03:19:22,3.7,4.2,187,0.0,0.0,0,0.0,0.0,0,14482.00,0.00,0.00,188,12.46,2.61,0.00,-16.8,4.998,4.998,4.998,4.998,234
2022-01-03 03:20:22,1.7,4.2,162,0.0,0.0,0,0.0,0.0,0,14644.00,0.00,0.00,188,12.46,2.61,0.00,-16.8,4.998,4.998,4.998,4.998,245
2022-01-03 03:21:22,1.5,2.5,88,0.0,0.0,0,0.0,0.0,0,14732.00,0.00,0.00,188,12.49,2.61,0.00,-16.8,4.998,4.998,4.998,4.998,247
2022-01-03 03:22:22,3.0,4.4,150,0.0,0.0,0,0.0,0.0,0,14882.00,0.00,0.00,188,12.46,2.62,0.00,-16.8,4.998,4.998,4.998,4.998,248
2022-01-03 03:23:22,2.6,4.0,153,0.0,0.0,0,0.0,0.0,0,15035.00,0.00,0.00,188,12.46,2.62,0.00,-16.8,4.998,4.998,4.998,4.998,29
2022-01-03 03:24:22,2.3,3.0,95,0.0,0.0,0,0.0,0.0,0,15130.00,0.00,0.00,188,12.46,2.62,0.00,-16.8,4.998,4.998,4.998,4.998,202
2022-01-03 03:25:22,3.0,3.3,116,0.0,0.0,0,0.0,0.0,0,15246.00,0.00,0.00,188,12.46,2.61,0.00,-16.3,4.998,4.998,4.998,4.998,101
2022-01-03 03:26:22,4.1,5.7,208,0.0,0.0,0,0.0,0.0,0,15454.00,0.00,0.00,182,12.46,2.53,0.00,-16.3,4.998,4.998,4.998,4.998,23
2022-01-03 03:27:22,2.2,4.3,114,0.0,0.0,0,0.0,0.0,0,15568.00,0.00,0.00,167,12.46,2.32,0.00,-16.3,4.998,4.998,4.998,4.998,73
2022-01-03 03:28:22,0.0,3.7,72,0.0,0.0,0,0.0,0.0,0,15640.00,0.00,0.00,168,12.46,2.33,0.00,-16.8,4.998,4.998,4.998,4.998,20
2022-01-03 03:29:22,2.7,3.1,81,0.0,0.0,0,0.0,0.0,0,15721.00,0.00,0.00,168,12.46,2.33,0.00,-16.3,4.998,4.998,4.998,4.998,169
2022-01-03 03:30:22,3.5,3.5,89,0.0,0.0,0,0.0,0.0,0,15810.00,0.00,0.00,168,12.46,2.33,0.00,-16.3,4.998,4.998,4.998,4.998,255
2022-01-03 03:31:22,3.4,3.9,175,0.0,0.0,0,0.0,0.0,0,15985.00,0.00,0.00,169,12.46,2.35,0.00,-16.3,4.998,4.998,4.998,4.998,213
2022-01-03 03:32:22,3.2,6.3,236,0.0,0.0,0,0.0,0.0,0,16221.00,0.00,0.00,177,12.46,2.46,0.00,-16.3,4.998,4.998,4.998,4.998,188
2022-01-03 03:33:22,3.5,6.3,233,0.0,0.0,0,0.0,0.0,0,16454.00,0.00,0.00,162,12.46,2.25,0.00,-16.3,4.998,4.998,4.998,4.998,188
2022-01-03 03:34:22,4.9,6.0,249,0.0,0.0,0,0.0,0.0,0,16703.00,0.00,0.00,170,12.46,2.36,0.00,-16.3,4.998,4.998,4.998,4.998,71
2022-01-03 03:35:22,3.0,4.9,173,0.0,0.0,0,0.0,0.0,0,16876.00,0.00,0.00,164,12.46,2.28,0.00,-16.3,4.998,4.998,4.998,4.998,189
2022-01-03 03:36:22,4.1,4.2,182,0.0,0.0,0,0.0,0.0,0,17058.00,0.00,0.00,165,12.46,2.30,0.00,-16.3,4.998,4.998,4.998,4.998,49
2022-01-03 03:37:22,3.1,5.3,187,0.0,0.0,0,0.0,0.0,0,17245.00,0.00,0.00,169,12.46,2.35,0.00,-16.3,4.998,4.998,4.998,4.998,10
2022-01-03 03:38:22,3.3,5.0,204,0.0,0.0,0,0.0,0.0,0,17449.00,0.00,0.00,169,12.46,2.35,0.00,-15.8,4.998,4.998,4.998,4.998,185
2022-01-03 03:39:22,3.2,5.0,170,0.0,0.0,0,0.0,0.0,0,17619.00,0.00,0.00,169,12.46,2.35,0.00,-15.8,4.998,4.998,4.998,4.998,238
2022-01-03 03:40:22,4.1,5.4,201,0.0,0.0,0,0.0,0.0,0,17820.00,0.00,0.00,189,12.46,2.62,0.00,-15.8,4.998,4.998,4.998,4.998,78
2022-01-03 03:41:22,3.2,5.4,220,0.0,0.0,0,0.0,0.0,0,18040.00,0.00,0.00,188,12.46,2.61,0.00,-15.8,4.998,4.998,4.998,4.998,250
2022-01-03 03:42:22,4.5,6.1,234,0.0,0.0,0,0.0,0.0,0,18274.00,0.00,0.00,201,12.46,2.79,0.00,-15.8,4.998,4.998,4.998,4.998,244
2022-01-03 03:43:22,4.0,5.2,212,0.0,0.0,0,0.0,0.0,0,18486.00,0.00,0.00,194,12.46,2.70,0.00,-15.8,4.998,4.998,4.998,4.998,165
2022-01-03 03:44:22,3.6,7.3,243,0.0,0.0,0,0.0,0.0,0,18729.00,0.00,0.00,197,12.46,2.73,0.00,-15.8,4.998,4.998,4.998,4.998,220
2022-01-03 03:45:22,4.6,6.0,263,0.0,0.0,0,0.0,0.0,0,18992.00,0.00,0.00,220,12.46,3.05,0.00,-16.3,4.998,4.998,4.998,4.998,179
2022-01-03 03:46:22,4.2,5.7,241,0.0,0.0,0,0.0,0.0,0,19233.00,0.00,0.00,206,12.46,2.87,0.00,-16.3,4.998,4.998,4.998,4.998,222
2022-01-03 03:47:22,2.5,4.6,189,0.0,0.0,0,0.0,0.0,0,19422.00,0.00,0.00,206,12.46,2.87,0.00,-15.8,4.998,4.998,4.998,4.998,130
2022-01-03 03:48:22,1.1,4.3,138,0.0,0.0,0,0.0,0.0,0,19560.00,0.00,0.00,199,12.46,2.77,0.00,-15.8,4.998,4.998,4.998,4.998,18
2022-01-03 03:49:22,2.7,7.1,166,0.0,0.0,0,0.0,0.0,0,19726.00,0.00,0.00,202,12.46,2.81,0.00,-15.8,4.998,4.998,4.998,4.998,197
2022-01-03 03:50:22,4.9,5.0,169,0.0,0.0,0,0.0,0.0,0,19895.00,0.00,0.00,185,12.46,2.58,0.00,-15.3,4.998,4.998,4.998,4.998,152
2022-01-03 03:51:22,3.7,5.6,213,0.0,0.0,0,0.0,0.0,0,20108.00,0.00,0.00,167,12.42,2.32,0.00,-15.8,4.998,4.998,4.998,4.998,189
2022-01-03 03:52:22,3.9,6.2,250,0.0,0.0,0,0.0,0.0,0,20358.00,0.00,0.00,177,12.46,2.46,0.00,-15.3,4.998,4.998,4.998,4.998,253
2022-01-03 03:53:22,6.1,8.4,381,0.0,0.0,0,0.0,0.0,0,20739.00,0.00,0.00,175,12.46,2.44,0.00,-15.3,4.998,4.998,4.998,4.998,124
2022-01-03 03:54:22,4.2,6.1,195,0.0,0.0,0,0.0,0.0,0,20934.00,0.00,0.00,162,12.46,2.26,0.00,-15.8,4.998,4.998,4.998,4.998,157
2022-01-03 03:55:22,7.2,7.4,245,0.0,0.0,0,0.0,0.0,0,21179.00,0.00,0.00,163,12.46,2.26,0.00,-15.3,4.998,4.998,4.998,4.998,123
2022-01-03 03:56:22,4.1,7.5,345,0.0,0.0,0,0.0,0.0,0,21524.00,0.00,0.00,173,12.46,2.41,0.00,-15.3,4.998,4.998,4.998,4.998,36
2022-01-03 03:57:22,4.0,8.4,308,0.0,0.0,0,0.0,0.0,0,21832.00,0.00,0.00,176,12.42,2.45,0.00,-15.3,4.998,4.998,4.998,4.998,140
2022-01-03 03:58:22,6.4,6.4,251,0.0,0.0,0,0.0,0.0,0,22083.00,0.00,0.00,197,12.46,2.73,0.00,-15.8,4.998,4.998,4.998,4.998,75
2022-01-03 03:59:22,4.8,6.2,235,0.0,0.0,0,0.0,0.0,0,22318.00,0.00,0.00,148,12.46,2.06,0.00,-15.8,4.998,4.998,4.998,4.998,0
2022-01-03 04:00:22,2.7,5.3,229,0.0,0.0,0,0.0,0.0,0,22547.00,0.00,0.00,178,12.46,2.48,0.00,-15.3,4.998,4.998,4.998,4.998,27
2022-01-03 04:01:22,3.4,7.8,281,0.0,0.0,0,0.0,0.0,0,22828.00,0.00,0.00,184,12.46,2.56,0.00,-15.8,4.998,4.998,4.998,4.998,133
2022-01-03 04:02:22,5.5,5.9,252,0.0,0.0,0,0.0,0.0,0,23080.00,0.00,0.00,197,12.42,2.74,0.00,-15.3,4.998,4.998,4.998,4.998,214
2022-01-03 04:03:22,4.7,6.4,281,0.0,0.0,0,0.0,0.0,0,23361.00,0.00,0.00,192,12.46,2.67,0.00,-15.3,4.998,4.998,4.998,4.998,80
2022-01-03 04:04:22,4.4,7.1,262,0.0,0.0,0,0.0,0.0,0,23623.00,0.00,0.00,176,12.42,2.45,0.00,-15.3,4.998,4.998,4.998,4.998,175
2022-01-03 04:05:22,1.7,5.6,239,0.0,0.0,0,0.0,0.0,0,23862.00,0.00,0.00,167,12.46,2.32,0.00,-15.3,4.998,4.998,4.998,4.998,141
2022-01-03 04:06:22,4.6,6.0,230,0.0,0.0,0,0.0,0.0,0,24092.00,0.00,0.00,161,12.42,2.24,0.00,-15.3,4.998,4.998,4.998,4.998,110
2022-01-03 04:07:22,4.4,7.7,345,0.0,0.0,0,0.0,0.0,0,24437.00,0.00,0.00,164,12.46,2.29,0.00,-15.3,4.998,4.998,4.998,4.998,225
2022-01-03 04:08:22,4.9,6.8,284,0.0,0.0,0,0.0,0.0,0,24721.00,0.00,0.00,161,12.42,2.24,0.00,-15.3,4.998,4.998,4.998,4.998,1
2022-01-03 04:09:22,5.4,6.3,288,0.0,0.0,0,0.0,0.0,0,25009.00,0.00,0.00,186,12.42,2.58,0.00,-15.3,4.998,4.998,4.998,4.998,86
2022-01-03 04:10:22,6.0,7.3,263,0.0,0.0,0,0.0,0.0,0,25272.00,0.00,0.00,191,12.42,2.66,0.00,-15.3,4.998,4.998,4.998,4.998,230
2022-01-03 04:11:22,4.9,6.8,253,0.0,0.0,0,0.0,0.0,0,25525.00,0.00,0.00,200,12.42,2.77,0.00,-14.8,4.998,4.998,4.998,4.998,3
2022-01-03 04:12:22,3.7,6.1,281,0.0,0.0,0,0.0,0.0,0,25806.00,0.00,0.00,194,12.42,2.70,0.00,-14.8,4.998,4.998,4.998,4.998,48
2022-01-03 04:13:22,5.8,6.5,248,0.0,0.0,0,0.0,0.0,0,26054.00,0.00,0.00,183,12.42,2.55,0.00,-14.8,4.998,4.998,4.998,4.998,16
2022-01-03 04:14:22,5.3,6.4,267,0.0,0.0,0,0.0,0.0,0,26321.00,0.00,0.00,234,12.42,3.26,0.00,-14.8,4.998,4.998,4.998,4.998,178
2022-01-03 04:15:22,4.2,6.7,258,0.0,0.0,0,0.0,0.0,0,26579.00,0.00,0.00,209,12.42,2.91,0.00,-15.3,4.998,4.998,4.998,4.998,202
2022-01-03 04:16:22,4.5,4.9,200,0.0,0.0,0,0.0,0.0,0,26779.00,0.00,0.00,219,12.42,3.05,0.00,-14.8,4.998,4.998,4.998,4.998,119
2022-01-03 04:17:22,6.6,7.6,298,0.0,0.0,0,0.0,0.0,0,27077.00,0.00,0.00,182,12.42,2.52,0.00,-15.3,4.998,4.998,4.998,4.998,13
2022-01-03 04:18:22,4.4,6.6,262,0.0,0.0,0,0.0,0.0,0,27339.00,0.00,0.00,214,12.42,2.97,0.00,-15.3,4.998,4.998,4.998,4.998,225
2022-01-03 04:19:22,4.7,5.4,217,0.0,0.0,0,0.0,0.0,0,27556.00,0.00,0.00,182,12.42,2.52,0.00,-15.3,4.998,4.998,4.998,4.998,167
2022-01-03 04:20:22,6.3,7.3,292,0.0,0.0,0,0.0,0.0,0,27848.00,0.00,0.00,186,12.42,2.59,0.00,-15.3,4.998,4.998,4.998,4.998,26
2022-01-03 04:21:22,4.9,7.6,349,0.0,0.0,0,0.0,0.0,0,28197.00,0.00,0.00,171,12.42,2.37,0.00,-14.8,4.998,4.998,4.998,4.998,233
2022-01-03 04:22:22,5.4,6.6,268,0.0,0.0,0,0.0,0.0,0,28465.00,0.00,0.00,176,12.46,2.45,0.00,-14.8,4.998,4.998,4.998,4.998,6
2022-01-03 04:23:22,5.8,9.4,318,0.0,0.0,0,0.0,0.0,0,28783.00,0.00,0.00,167,12.42,2.32,0.00,-14.8,4.998,4.998,4.998,4.998,116
2022-01-03 04:24:22,5.2,7.3,294,0.0,0.0,0,0.0,0.0,0,29077.00,0.00,0.00,176,12.42,2.45,0.00,-14.8,4.998,4.998,4.998,4.998,163
2022-01-03 04:25:22,4.8,5.1,228,0.0,0.0,0,0.0,0.0,0,29305.00,0.00,0.00,203,12.42,2.83,0.00,-14.8,4.998,4.998,4.998,4.998,108
2022-01-03 04:26:22,4.4,8.0,290,0.0,0.0,0,0.0,0.0,0,29595.00,0.00,0.00,200,12.42,2.77,0.00,-14.8,4.998,4.998,4.998,4.998,254
2022-01-03 04:27:22,5.0,6.7,292,0.0,0.0,0,0.0,0.0,0,29887.00,0.00,0.00,172,12.42,2.39,0.00,-14.8,4.998,4.998,4.998,4.998,5
2022-01-03 04:28:22,6.0,10.3,369,0.0,0.0,0,0.0,0.0,0,30256.00,0.00,0.00,197,12.42,2.74,0.00,-14.3,4.998,4.998,4.998,4.998,110
2022-01-03 04:29:22,3.7,7.6,292,0.0,0.0,0,0.0,0.0,0,30548.00,0.00,0.00,195,12.42,2.70,0.00,-14.8,4.998,4.998,4.998,4.998,41
2022-01-03 04:30:22,4.2,6.9,300,0.0,0.0,0,0.0,0.0,0,30848.00,0.00,0.00,191,12.42,2.65,0.00,-14.3,4.998,4.998,4.998,4.998,156
2022-01-03 04:31:22,5.0,7.6,291,0.0,0.0,0,0.0,0.0,0,31139.00,0.00,0.00,175,12.42,2.43,0.00,-14.8,4.998,4.998,4.998,4.998,230
2022-01-03 04:32:22,5.8,6.6,316,0.0,0.0,0,0.0,0.0,0,31455.00,0.00,0.00,169,12.42,2.34,0.00,-14.3,4.998,4.998,4.998,4.998,142
2022-01-03 04:33:22,3.4,5.7,243,0.0,0.0,0,0.0,0.0,0,31698.00,0.00,0.00,192,12.42,2.67,0.00,-14.3,4.998,4.998,4.998,4.998,163
2022-01-03 04:34:22,6.3,6.4,235,0.0,0.0,0,0.0,0.0,0,31933.00,0.00,0.00,185,12.42,2.57,0.00,-14.8,4.998,4.998,4.998,4.998,248
2022-01-03 04:35:22,6.8,7.3,319,0.0,0.0,0,0.0,0.0,0,32252.00,0.00,0.00,169,12.42,2.35,0.00,-14.3,4.998,4.998,4.998,4.998,219
2022-01-03 04:36:22,4.7,7.1,313,0.0,0.0,0,0.0,0.0,0,32565.00,0.00,0.00,184,12.42,2.56,0.00,-14.8,4.998,4.998,4.998,4.998,62
2022-01-03 04:37:22,2.9,5.7,216,0.0,0.0,0,0.0,0.0,0,32781.00,0.00,0.00,196,12.42,2.72,0.00,-14.3,4.998,4.998,4.998,4.998,146
2022-01-03 04:38:22,7.1,7.2,217,0.0,0.0,0,0.0,0.0,0,32998.00,0.00,0.00,191,12.42,2.66,0.00,-14.3,4.998,4.998,4.998,4.998,70
2022-01-03 04:39:22,6.3,7.6,349,0.0,0.0,0,0.0,0.0,0,33347.00,0.00,0.00,162,12.42,2.25,0.00,-14.3,4.998,4.998,4.998,4.998,198
2022-01-03 04:40:22,3.6,7.0,292,0.0,0.0,0,0.0,0.0,0,33639.00,0.00,0.00,189,12.42,2.63,0.00,-14.3,4.998,4.998,4.998,4.998,35
2022-01-03 04:41:22,2.9,5.5,187,0.0,0.0,0,0.0,0.0,0,33826.00,0.00,0.00,183,12.42,2.54,0.00,-14.3,4.998,4.998,4.998,4.998,89
2022-01-03 04:42:22,4.5,5.4,173,0.0,0.0,0,0.0,0.0,0,33999.00,0.00,0.00,147,12.42,2.04,0.00,-14.3,4.998,4.998,4.998,4.998,220
2022-01-03 04:43:22,2.4,5.3,179,0.0,0.0,0,0.0,0.0,0,34178.00,0.00,0.00,208,12.42,2.89,0.00,-14.3,4.998,4.998,4.998,4.998,176
2022-01-03 04:44:22,6.0,7.6,340,0.0,0.0,0,0.0,0.0,0,34518.00,0.00,0.00,183,12.42,2.54,0.00,-14.3,4.998,4.998,4.998,4.998,31
2022-01-03 04:45:22,4.5,6.8,282,0.0,0.0,0,0.0,0.0,0,34800.00,0.00,0.00,183,12.42,2.55,0.00,-14.3,4.998,4.998,4.998,4.998,115
2022-01-03 04:46:22,5.1,5.5,215,0.0,0.0,0,0.0,0.0,0,35015.00,0.00,0.00,185,12.42,2.57,0.00,-13.8,4.998,4.998,4.998,4.998,79
2022-01-03 04:47:22,4.9,6.3,305,0.0,0.0,0,0.0,0.0,0,35320.00,0.00,0.00,183,12.42,2.55,0.00,-13.8,4.998,4.998,4.998,4.998,67
2022-01-03 04:48:22,6.4,7.4,331,0.0,0.0,0,0.0,0.0,0,35651.00,0.00,0.00,158,12.42,2.20,0.00,-13.8,4.998,4.998,4.998,4.998,233
2022-01-03 04:49:22,3.6,6.3,284,0.0,0.0,0,0.0,0.0,0,35935.00,0.00,0.00,186,12.42,2.59,0.00,-13.8,4.998,4.998,4.998,4.998,146
2022-01-03 04:50:22,2.3,6.4,241,0.0,0.0,0,0.0,0.0,0,36176.00,0.00,0.00,142,12.42,1.97,0.00,-14.3,4.998,4.998,4.998,4.998,149
2022-01-03 04:51:22,3.1,7.2,272,0.0,0.0,0,0.0,0.0,0,36448.00,0.00,0.00,176,12.42,2.45,0.00,-14.3,4.998,4.998,4.998,4.998,3
2022-01-03 04:52:22,5.7,6.8,202,0.0,0.0,0,0.0,0.0,0,36650.00,0.00,0.00,189,12.42,2.62,0.00,-14.3,4.998,4.998,4.998,4.998,37
2022-01-03 04:53:22,4.7,5.7,229,0.0,0.0,0,0.0,0.0,0,36879.00,0.00,0.00,181,12.42,2.51,0.00,-13.8,4.998,4.998,4.998,4.998,108
2022-01-03 04:54:22,5.8,7.1,306,0.0,0.0,0,0.0,0.0,0,37185.00,0.00,0.00,185,12.42,2.57,0.00,-13.8,4.998,4.998,4.998,4.998,50
2022-01-03 04:55:22,3.0,8.6,259,0.0,0.0,0,0.0,0.0,0,37444.00,0.00,0.00,170,12.42,2.36,0.00,-14.3,4.998,4.998,4.998,4.998,227
2022-01-03 04:56:22,6.7,8.2,278,0.0,0.0,0,0.0,0.0,0,37722.00,0.00,0.00,161,12.42,2.23,0.00,-14.3,4.998,4.998,4.998,4.998,150
2022-01-03 04:57:22,4.5,7.3,336,0.0,0.0,0,0.0,0.0,0,38058.00,0.00,0.00,180,12.42,2.50,0.00,-13.8,4.998,4.998,4.998,4.998,177
2022-01-03 04:58:22,3.5,4.7,181,0.0,0.0,0,0.0,0.0,0,38239.00,0.00,0.00,182,12.42,2.52,0.00,-13.8,4.998,4.998,4.998,4.998,247
2022-01-03 04:59:22,3.9,5.0,130,0.0,0.0,0,0.0,0.0,0,38369.00,0.00,0.00,210,12.42,2.92,0.00,-13.8,4.998,4.998,4.998,4.998,209
2022-01-03 05:00:22,6.0,7.9,311,0.0,0.0,0,0.0,0.0,0,38680.00,0.00,0.00,177,12.42,2.47,0.00,-13.8,4.998,4.998,4.998,4.998,9
2022-01-03 05:01:22,6.7,8.4,375,0.0,0.0,0,0.0,0.0,0,39055.00,0.00,0.00,190,12.42,2.64,0.00,-13.8,4.998,4.998,4.998,4.998,56
2022-01-03 05:02:22,5.2,7.0,308,0.0,0.0,0,0.0,0.0,0,39363.00,0.00,0.00,175,12.42,2.43,0.00,-13.8,4.998,4.998,4.998,4.998,217
2022-01-03 05:03:22,4.9,8.1,305,0.0,0.0,0,0.0,0.0,0,39668.00,0.00,0.00,173,12.42,2.40,0.00,-13.8,4.998,4.998,4.998,4.998,16
2022-01-03 05:04:22,3.2,6.5,286,0.0,0.0,0,0.0,0.0,0,39954.00,0.00,0.00,195,12.42,2.71,0.00,-13.8,4.998,4.998,4.998,4.998,249
2022-01-03 05:05:22,3.2,5.2,216,0.0,0.0,0,0.0,0.0,0,40170.00,0.00,0.00,175,12.42,2.44,0.00,-13.8,4.998,4.998,4.998,4.998,124
2022-01-03 05:06:22,5.5,6.8,240,0.0,0.0,0,0.0,0.0,0,40410.00,0.00,0.00,217,12.42,3.02,0.00,-13.8,4.998,4.998,4.998,4.998,69
2022-01-03 05:07:22,3.8,6.5,246,0.0,0.0,0,0.0,0.0,0,40656.00,0.00,0.00,171,12.42,2.38,0.00,-13.8,4.998,4.998,4.998,4.998,56
2022-01-03 05:08:22,4.0,8.0,335,0.0,0.0,0,0.0,0.0,0,40991.00,0.00,0.00,182,12.42,2.53,0.00,-13.3,4.998,4.998,4.998,4.998,173
2022-01-03 05:09:22,5.9,6.4,218,0.0,0.0,0,0.0,0.0,0,41209.00,0.00,0.00,152,12.42,2.11,0.00,-13.8,4.998,4.998,4.998,4.998,186
2022-01-03 05:10:22,3.7,7.0,300,0.0,0.0,0,0.0,0.0,0,41509.00,0.00,0.00,153,12.42,2.13,0.00,-13.3,4.998,4.998,4.998,4.998,249
2022-01-03 05:11:22,4.4,5.5,202,0.0,0.0,0,0.0,0.0,0,41711.00,0.00,0.00,154,12.42,2.14,0.00,-13.3,4.998,4.998,4.998,4.998,60
2022-01-03 05:12:22,4.2,8.1,361,0.0,0.0,0,0.0,0.0,0,42072.00,0.00,0.00,172,12.42,2.39,0.00,-13.3,4.998,4.998,4.998,4.998,55
2022-01-03 05:13:22,4.7,6.3,254,0.0,0.0,0,0.0,0.0,0,42326.00,0.00,0.00,178,12.42,2.48,0.00,-13.3,4.998,4.998,4.998,4.998,78
2022-01-03 05:14:22,4.5,5.0,199,0.0,0.0,0,0.0,0.0,0,42525.00,0.00,0.00,189,12.42,2.62,0.00,-13.3,4.998,4.998,4.998,4.998,107
2022-01-03 05:15:22,4.1,7.0,244,0.0,0.0,0,0.0,0.0,0,42769.00,0.00,0.00,186,12.42,2.58,0.00,-13.3,4.998,4.998,4.998,4.998,105
2022-01-03 05:16:22,5.7,6.6,264,0.0,0.0,0,0.0,0.0,0,43033.00,0.00,0.00,214,12.42,2.97,0.00,-13.3,4.998,4.998,4.998,4.998,77
2022-01-03 05:17:22,3.2,5.9,253,0.0,0.0,0,0.0,0.0,0,43286.00,0.00,0.00,181,12.42,2.52,0.00,-13.3,4.998,4.998,4.998,4.998,184
2022-01-03 05:18:22,3.8,5.6,207,0.0,0.0,0,0.0,0.0,0,43493.00,0.00,0.00,191,12.42,2.65,0.00,-13.3,4.998,4.998,4.998,4.998,252
2022-01-03 05:19:22,3.6,4.3,183,0.0,0.0,0,0.0,0.0,0,43676.00,0.00,0.00,196,12.42,2.72,0.00,-13.3,4.998,4.998,4.998,4.998,126
2022-01-03 05:20:22,4.4,4.4,187,0.0,0.0,0,0.0,0.0,0,43863.00,0.00,0.00,181,12.42,2.51,0.00,-13.3,4.998,4.998,4.998,4.998,173
2022-01-03 05:21:22,4.8,5.9,248,0.0,0.0,0,0.0,0.0,0,44111.00,0.00,0.00,188,12.42,2.62,0.00,-12.8,4.998,4.998,4.998,4.998,38
2022-01-03 05:22:22,6.5,7.6,288,0.0,0.0,0,0.0,0.0,0,44399.00,0.00,0.00,198,12.42,2.76,0.00,-13.3,4.998,4.998,4.998,4.998,60
2022-01-03 05:23:22,3.1,6.4,228,0.0,0.0,0,0.0,0.0,0,44627.00,0.00,0.00,214,12.42,2.97,0.00,-13.3,4.998,4.998,4.998,4.998,251
2022-01-03 05:24:22,3.9,5.5,204,0.0,0.0,0,0.0,0.0,0,44831.00,0.00,0.00,164,12.42,2.28,0.00,-12.8,4.998,4.998,4.998,4.998,91
2022-01-03 05:25:22,3.1,6.3,243,0.0,0.0,0,0.0,0.0,0,45074.00,0.00,0.00,187,12.42,2.59,0.00,-13.3,4.998,4.998,4.998,4.998,121
2022-01-03 05:26:22,3.9,6.8,289,0.0,0.0,0,0.0,0.0,0,45363.00,0.00,0.00,176,12.42,2.44,0.00,-12.8,4.998,4.998,4.998,4.998,204
2022-01-03 05:27:22,3.8,5.8,223,0.0,0.0,0,0.0,0.0,0,45586.00,0.00,0.00,161,12.42,2.24,0.00,-13.3,4.998,4.998,4.998,4.998,247
2022-01-03 05:28:22,3.5,9.5,317,0.0,0.0,0,0.0,0.0,0,45903.00,0.00,0.00,195,12.42,2.70,0.00,-13.3,4.998,4.998,4.998,4.998,113
2022-01-03 05:29:22,6.1,9.4,382,0.0,0.0,0,0.0,0.0,0,46285.00,0.00,0.00,183,12.42,2.54,0.00,-12.8,4.998,4.998,4.998,4.998,235
2022-01-03 05:30:22,5.3,7.1,339,0.0,0.0,0,0.0,0.0,0,46624.00,0.00,0.00,183,12.42,2.54,0.00,-12.8,4.998,4.998,4.998,4.998,162
2022-01-03 05:31:22,9.2,9.6,383,0.0,0.0,0,0.0,0.0,0,47007.00,0.00,0.00,189,12.42,2.63,0.00,-13.3,4.998,4.998,4.998,4.998,171
2022-01-03 05:32:22,4.1,9.2,354,0.0,0.0,0,0.0,0.0,0,47361.00,0.00,0.00,163,12.42,2.26,0.00,-12.8,4.998,4.998,4.998,4.998,109
2022-01-03 05:33:22,4.7,7.5,344,0.0,0.0,0,0.0,0.0,0,47705.00,0.00,0.00,188,12.42,2.62,0.00,-13.3,4.998,4.998,4.998,4.998,73
2022-01-03 05:34:22,6.3,9.3,424,0.0,0.0,0,0.0,0.0,0,48129.00,0.00,0.00,177,12.42,2.46,0.00,-12.8,4.998,4.998,4.998,4.998,179
2022-01-03 05:35:22,6.3,7.1,319,0.0,0.0,0,0.0,0.0,0,48448.00,0.00,0.00,175,12.42,2.44,0.00,-12.8,4.998,4.998,4.998,4.998,200
2022-01-03 05:36:22,5.9,7.7,375,0.0,0.0,0,0.0,0.0,0,48823.00,0.00,0.00,171,12.42,2.38,0.00,-12.8,4.998,4.998,4.998,4.998,172
2022-01-03 05:37:22,8.3,10.8,397,0.0,0.0,0,0.0,0.0,0,49220.00,0.00,0.00,204,12.42,2.84,0.00,-12.4,4.998,4.998,4.998,4.998,79
2022-01-03 05:38:22,6.3,10.3,442,0.0,0.0,0,0.0,0.0,0,49662.00,0.00,0.00,167,12.42,2.32,0.00,-12.8,4.998,4.998,4.998,4.998,11
2022-01-03 05:39:22,5.9,6.5,305,0.0,0.0,0,0.0,0.0,0,49967.00,0.00,0.00,166,12.42,2.30,0.00,-12.8,4.998,4.998,4.998,4.998,209
2022-01-03 05:40:22,9.3,12.1,409,0.0,0.0,0,0.0,0.0,0,50376.00,0.00,0.00,181,12.42,2.52,0.00,-12.8,4.998,4.998,4.998,4.998,93
2022-01-03 05:41:22,9.0,12.4,422,0.0,0.0,0,0.0,0.0,0,50798.00,0.00,0.00,194,12.42,2.70,0.00,-12.4,4.998,4.998,4.998,4.998,219
2022-01-03 05:42:22,5.7,12.3,545,0.0,0.0,0,0.0,0.0,0,51343.00,0.00,0.00,184,12.42,2.56,0.00,-12.4,4.998,4.998,4.998,4.998,17
2022-01-03 05:43:22,9.9,9.9,394,0.0,0.0,0,0.0,0.0,0,51737.00,0.00,0.00,193,12.42,2.68,0.00,-12.4,4.998,4.998,4.998,4.998,75
2022-01-03 05:44:22,5.7,10.4,394,0.0,0.0,0,0.0,0.0,0,52131.00,0.00,0.00,182,12.42,2.53,0.00,-12.4,4.998,4.998,4.998,4.998,234
2022-01-03 05:45:22,6.8,11.0,477,0.0,0.0,0,0.0,0.0,0,52608.00,0.00,0.00,205,12.42,2.85,0.00,-12.4,4.998,4.998,4.998,4.998,197
2022-01-03 05:46:22,7.6,12.6,540,0.0,0.0,0,0.0,0.0,0,53148.00,0.00,0.00,203,12.42,2.82,0.00,-12.4,4.998,4.998,4.998,4.998,243
2022-01-03 05:47:22,8.6,9.7,452,0.0,0.0,0,0.0,0.0,0,53600.00,0.00,0.00,177,12.42,2.47,0.00,-12.4,4.998,4.998,4.998,4.998,80
2022-01-03 05:48:22,4.5,12.2,444,0.0,0.0,0,0.0,0.0,0,54044.00,0.00,0.00,198,12.42,2.76,0.00,-11.9,4.998,4.998,4.998,4.998,239
2022-01-03 05:49:22,8.7,11.7,441,0.0,0.0,0,0.0,0.0,0,54485.00,0.00,0.00,190,12.42,2.64,0.00,-12.4,4.998,4.998,4.998,4.998,107
2022-01-03 05:50:22,5.2,11.1,519,0.0,0.0,0,0.0,0.0,0,55004.00,0.00,0.00,187,12.42,2.59,0.00,-11.9,4.998,4.998,4.998,4.998,191
2022-01-03 05:51:22,5.0,8.3,346,0.0,0.0,0,0.0,0.0,0,55350.00,0.00,0.00,195,12.42,2.71,0.00,-12.4,4.998,4.998,4.998,4.998,91
2022-01-03 05:52:22,5.8,11.9,478,0.0,0.0,0,0.0,0.0,0,55828.00,0.00,0.00,181,12.42,2.52,0.00,-12.4,4.998,4.998,4.998,4.998,42
2022-01-03 05:53:22,6.1,9.5,435,0.0,0.0,0,0.0,0.0,0,56263.00,0.00,0.00,172,12.42,2.39,0.00,-12.4,4.998,4.998,4.998,4.998,146
2022-01-03 05:54:22,8.2,13.9,584,0.0,0.0,0,0.0,0.0,0,56847.00,0.00,0.00,179,12.42,2.49,0.00,-11.9,4.998,4.998,4.998,4.998,250
2022-01-03 05:55:22,6.5,11.0,543,0.0,0.0,0,0.0,0.0,0,57390.00,0.00,0.00,201,12.42,2.79,0.00,-12.4,4.998,4.998,4.998,4.998,212
2022-01-03 05:56:22,7.8,13.2,510,0.0,0.0,0,0.0,0.0,0,57900.00,0.00,0.00,181,12.42,2.51,0.00,-12.4,4.998,4.998,4.998,4.998,186
2022-01-03 05:57:22,9.5,10.2,478,0.0,0.0,0,0.0,0.0,0,58378.00,0.00,0.00,188,12.42,2.62,0.00,-11.9,4.998,4.998,4.998,4.998,41
2022-01-03 05:58:22,7.1,12.0,519,0.0,0.0,0,0.0,0.0,0,58897.00,0.00,0.00,169,12.42,2.35,0.00,-12.4,4.998,4.998,4.998,4.998,28
2022-01-03 05:59:22,5.0,10.0,473,0.0,0.0,0,0.0,0.0,0,59370.00,0.00,0.00,214,12.42,2.97,0.00,-11.9,4.998,4.998,4.998,4.998,197
2022-01-03 06:00:22,8.4,9.0,326,0.0,0.0,0,0.0,0.0,0,59696.00,0.00,0.00,186,12.42,2.58,0.00,-11.9,4.998,4.998,4.998,4.998,12
2022-01-03 06:01:22,5.9,13.4,531,0.0,0.0,0,0.0,0.0,0,60227.00,0.00,0.00,227,12.42,3.15,0.00,-11.9,4.998,4.998,4.998,4.998,54
2022-01-03 06:02:22,3.9,7.1,344,0.0,0.0,0,0.0,0.0,0,60571.00,0.00,0.00,200,12.42,2.78,0.00,-11.9,4.998,4.998,4.998,4.998,222
2022-01-03 06:03:22,7.9,10.3,389,0.0,0.0,0,0.0,0.0,0,60960.00,0.00,0.00,174,12.42,2.42,0.00,-11.9,4.998,4.998,4.998,4.998,231
2022-01-03 06:04:22,4.6,8.4,328,0.0,0.0,0,0.0,0.0,0,61288.00,0.00,0.00,194,12.42,2.70,0.00,-11.9,4.998,4.998,4.998,4.998,61
2022-01-03 06:05:22,9.2,12.0,512,0.0,0.0,0,0.0,0.0,0,61800.00,0.00,0.00,197,12.42,2.73,0.00,-11.9,4.998,4.998,4.998,4.998,222
2022-01-03 06:06:22,4.2,9.8,301,0.0,0.0,0,0.0,0.0,0,62101.00,0.00,0.00,191,12.42,2.66,0.00,-11.9,4.998,4.998,4.998,4.998,251
2022-01-03 06:07:22,11.3,11.3,478,0.0,0.0,0,0.0,0.0,0,62579.00,0.00,0.00,177,12.42,2.46,0.00,-11.9,4.998,4.998,4.998,4.998,15
2022-01-03 06:08:22,8.7,11.6,518,0.0,0.0,0,0.0,0.0,0,63097.00,0.00,0.00,178,12.42,2.48,0.00,-11.9,4.998,4.998,4.998,4.998,115
2022-01-03 06:09:22,9.4,11.3,398,0.0,0.0,0,0.0,0.0,0,63495.00,0.00,0.00,172,12.42,2.39,0.00,-11.4,4.998,4.998,4.998,4.998,244
2022-01-03 06:10:22,5.9,11.5,523,0.0,0.0,0,0.0,0.0,0,64018.00,0.00,0.00,189,12.42,2.63,0.00,-11.9,4.998,4.998,4.998,4.998,44
2022-01-03 06:11:22,6.8,10.0,464,0.0,0.0,0,0.0,0.0,0,64482.00,0.00,0.00,176,12.42,2.45,0.00,-11.9,4.998,4.998,4.998,4.998,16
2022-01-03 06:12:22,8.4,9.5,414,0.0,0.0,0,0.0,0.0,0,64896.00,0.00,0.00,177,12.42,2.47,0.00,-11.9,4.998,4.998,4.998,4.998,106
2022-01-03 06:13:22,10.0,13.3,543,0.0,0.0,0,0.0,0.0,0,65439.00,0.00,0.00,195,12.42,2.71,0.00,-11.4,4.998,4.998,4.998,4.998,47
2022-01-03 06:14:22,6.7,12.2,559,0.0,0.0,0,0.0,0.0,0,65998.00,0.00,0.00,172,12.42,2.39,0.00,-11.4,4.998,4.998,4.998,4.998,73
2022-01-03 06:15:22,4.9,14.0,536,0.0,0.0,0,0.0,0.0,0,66534.00,0.00,0.00,168,12.42,2.33,0.00,-11.4,4.998,4.998,4.998,4.998,150
2022-01-03 06:16:22,6.5,8.7,380,0.0,0.0,0,0.0,0.0,0,66914.00,0.00,0.00,193,12.42,2.69,0.00,-11.4,4.998,4.998,4.998,4.998,160
2022-01-03 06:17:22,10.8,11.7,487,0.0,0.0,0,0.0,0.0,0,67401.00,0.00,0.00,195,12.42,2.71,0.00,-11.4,4.998,4.998,4.998,4.998,64
2022-01-03 06:18:22,5.3,12.0,431,0.0,0.0,0,0.0,0.0,0,67832.00,0.00,0.00,201,12.42,2.79,0.00,-11.4,4.998,4.998,4.998,4.998,181
2022-01-03 06:19:22,7.1,12.4,516,0.0,0.0,0,0.0,0.0,0,68348.00,0.00,0.00,209,12.42,2.90,0.00,-11.4,4.998,4.998,4.998,4.998,111
2022-01-03 06:20:22,10.1,10.1,441,0.0,0.0,0,0.0,0.0,0,68789.00,0.00,0.00,166,12.42,2.31,0.00,-11.4,4.998,4.998,4.998,4.998,48
2022-01-03 06:21:22,5.6,13.6,499,0.0,0.0,0,0.0,0.0,0,69288.00,0.00,0.00,207,12.42,2.87,0.00,-11.4,4.998,4.998,4.998,4.998,149
2022-01-03 06:22:22,6.7,9.3,431,0.0,0.0,0,0.0,0.0,0,69719.00,0.00,0.00,189,12.42,2.62,0.00,-11.9,4.998,4.998,4.998,4.998,17
2022-01-03 06:23:22,9.3,14.7,568,0.0,0.0,0,0.0,0.0,0,70287.00,0.00,0.00,181,12.42,2.51,0.00,-11.4,4.998,4.998,4.998,4.998,18
2022-01-03 06:24:22,7.7,10.0,419,0.0,0.0,0,0.0,0.0,0,70706.00,0.00,0.00,196,12.42,2.72,0.00,-11.4,4.998,4.998,4.998,4.998,97
2022-01-03 06:25:22,3.9,8.5,420,0.0,0.0,0,0.0,0.0,0,71126.00,0.00,0.00,160,12.42,2.23,0.00,-11.4,4.998,4.998,4.998,4.998,107
2022-01-03 06:26:22,4.3,8.5,297,0.0,0.0,0,0.0,0.0,0,71423.00,0.00,0.00,193,12.42,2.68,0.00,-11.9,4.998,4.998,4.998,4.998,103
2022-01-03 06:27:22,5.3,9.5,274,0.0,0.0,0,0.0,0.0,0,71697.00,0.00,0.00,171,12.42,2.37,0.00,-11.4,4.998,4.998,4.998,4.998,64
2022-01-03 06:28:22,7.5,10.2,400,0.0,0.0,0,0.0,0.0,0,72097.00,0.00,0.00,185,12.42,2.57,0.00,-11.4,4.998,4.998,4.998,4.998,109
2022-01-03 06:29:22,5.5,11.7,504,0.0,0.0,0,0.0,0.0,0,72601.00,0.00,0.00,190,12.42,2.64,0.00,-11.9,4.998,4.998,4.998,4.998,75
2022-01-03 06:30:22,7.4,8.1,365,0.0,0.0,0,0.0,0.0,0,72966.00,0.00,0.00,167,12.42,2.32,0.00,-11.4,4.998,4.998,4.998,4.998,228
2022-01-03 06:31:22,7.1,9.8,407,0.0,0.0,0,0.0,0.0,0,73373.00,0.00,0.00,178,12.42,2.48,0.00,-11.4,4.998,4.998,4.998,4.998,0
2022-01-03 06:32:22,7.0,7.7,330,0.0,0.0,0,0.0,0.0,0,73703.00,0.00,0.00,188,12.42,2.61,0.00,-11.9,4.998,4.998,4.998,4.998,71
2022-01-03 06:33:22,5.6,7.0,283,0.0,0.0,0,0.0,0.0,0,73986.00,0.00,0.00,188,12.42,2.61,0.00,-11.9,4.998,4.998,4.998,4.998,167
2022-01-03 06:34:22,5.2,7.9,357,0.0,0.0,0,0.0,0.0,0,74343.00,0.00,0.00,175,12.42,2.43,0.00,-11.9,4.998,4.998,4.998,4.998,96
2022-01-03 06:35:22,7.3,9.5,381,0.0,0.0,0,0.0,0.0,0,74724.00,0.00,0.00,161,12.42,2.24,0.00,-11.4,4.998,4.998,4.998,4.998,229
2022-01-03 06:36:22,4.7,10.2,437,0.0,0.0,0,0.0,0.0,0,75161.00,0.00,0.00,177,12.42,2.46,0.00,-11.4,4.998,4.998,4.998,4.998,201
2022-01-03 06:37:22,4.3,6.0,254,0.0,0.0,0,0.0,0.0,0,75415.00,0.00,0.00,221,12.42,3.08,0.00,-11.4,4.998,4.998,4.998,4.998,227
2022-01-03 06:38:22,3.3,5.3,192,0.0,0.0,0,0.0,0.0,0,75607.00,0.00,0.00,219,12.42,3.04,0.00,-11.4,4.998,4.998,4.998,4.998,212
2022-01-03 06:39:22,3.7,4.9,193,0.0,0.0,0,0.0,0.0,0,75800.00,0.00,0.00,220,12.42,3.06,0.00,-11.4,4.998,4.998,4.998,4.998,158
2022-01-03 06:40:22,2.7,4.1,146,0.0,0.0,0,0.0,0.0,0,75946.00,0.00,0.00,217,12.42,3.02,0.00,-11.4,4.998,4.998,4.998,4.998,122
2022-01-03 06:41:22,5.6,5.7,235,0.0,0.0,0,0.0,0.0,0,76181.00,0.00,0.00,239,12.42,3.32,0.00,-11.4,4.998,4.998,4.998,4.998,144
2022-01-03 06:42:22,6.9,10.5,430,0.0,0.0,0,0.0,0.0,0,76611.00,0.00,0.00,279,12.46,3.88,0.00,-11.4,4.998,4.998,4.998,4.998,27
2022-01-03 06:43:22,2.8,9.8,361,0.0,0.0,0,0.0,0.0,0,76972.00,0.00,0.00,241,12.42,3.34,0.00,-11.4,4.998,4.998,4.998,4.998,5
2022-01-03 06:44:22,8.3,10.9,445,0.0,0.0,0,0.0,0.0,0,77417.00,0.00,0.00,166,12.42,2.31,0.00,-11.4,4.998,4.998,4.998,4.998,10
2022-01-03 06:45:22,5.4,15.6,680,0.0,0.0,0,0.0,0.0,0,78097.00,0.00,0.00,158,12.42,2.19,0.00,-10.4,4.998,4.998,4.998,4.998,48
2022-01-03 06:46:22,8.3,15.2,641,0.0,0.0,0,0.0,0.0,0,78738.00,0.00,0.00,180,12.42,2.50,0.00,-10.4,4.998,4.998,4.998,4.998,245
2022-01-03 06:47:22,16.3,19.0,809,0.0,0.0,0,0.0,0.0,0,79547.00,0.00,0.00,211,12.42,2.94,0.00,-9.9,4.998,4.998,4.998,4.998,123
2022-01-03 06:48:22,13.4,17.6,847,0.0,0.0,0,0.0,0.0,0,80394.00,0.00,0.00,210,12.42,2.91,0.00,-9.9,4.998,4.998,4.998,4.998,51
2022-01-03 06:49:22,10.7,16.1,560,0.0,0.0,0,0.0,0.0,0,80954.00,0.00,0.00,327,12.46,4.55,0.00,-9.9,4.998,4.998,4.998,4.998,78
2022-01-03 06:50:22,7.3,11.8,541,0.0,0.0,0,0.0,0.0,0,81495.00,0.00,0.00,284,12.42,3.94,0.00,-9.9,4.998,4.998,4.998,4.998,102
2022-01-03 06:51:22,9.3,10.5,370,0.0,0.0,0,0.0,0.0,0,81865.00,0.00,0.00,315,12.42,4.38,0.00,-10.4,4.998,4.998,4.998,4.998,235
2022-01-03 06:52:22,10.5,14.7,572,0.0,0.0,0,0.0,0.0,0,82437.00,0.00,0.00,343,12.42,4.77,0.00,-9.9,4.998,4.998,4.998,4.998,246
2022-01-03 06:53:22,5.1,11.6,403,0.0,0.0,0,0.0,0.0,0,82840.00,0.00,0.00,346,12.42,4.81,0.00,-9.9,4.998,4.998,4.998,4.998,205
2022-01-03 06:54:22,5.7,9.1,373,0.0,0.0,0,0.0,0.0,0,83213.00,0.00,0.00,284,12.42,3.94,0.00,-9.4,4.998,4.998,4.998,4.998,217
2022-01-03 06:55:22,4.9,6.5,276,0.0,0.0,0,0.0,0.0,0,83489.00,0.00,0.00,203,12.42,2.82,0.00,-9.4,4.998,4.998,4.998,4.998,18
2022-01-03 06:56:22,5.4,8.7,409,0.0,0.0,0,0.0,0.0,0,83898.00,0.00,0.00,196,12.42,2.72,0.00,-9.9,4.998,4.998,4.998,4.998,43
2022-01-03 06:57:22,7.3,7.9,354,0.0,0.0,0,0.0,0.0,0,84252.00,0.00,0.00,191,12.42,2.66,0.00,-9.9,4.998,4.998,4.998,4.998,6
2022-01-03 06:58:22,6.0,10.3,440,0.0,0.0,0,0.0,0.0,0,84692.00,0.00,0.00,230,12.42,3.20,0.00,-9.9,4.998,4.998,4.998,4.998,10
2022-01-03 06:59:22,5.4,8.8,413,0.0,0.0,0,0.0,0.0,0,85105.00,0.00,0.00,206,12.42,2.87,0.00,-9.9,4.998,4.998,4.998,4.998,80
2022-01-03 07:00:22,6.2,6.4,273,0.0,0.0,0,0.0,0.0,0,85378.00,0.00,0.00,195,12.42,2.70,0.00,-9.9,4.998,4.998,4.998,4.998,29
2022-01-03 07:01:22,5.7,6.9,347,0.0,0.0,0,0.0,0.0,0,85725.00,0.00,0.00,191,12.46,2.66,0.00,-9.9,4.998,4.998,4.998,4.998,223
2022-01-03 07:02:22,5.8,9.1,354,0.0,0.0,0,0.0,0.0,0,86079.00,0.00,0.00,186,12.42,2.59,0.00,-9.9,4.998,4.998,4.998,4.998,181
2022-01-03 07:03:22,8.3,8.3,376,0.0,0.0,0,0.0,0.0,0,86455.00,0.00,0.00,176,12.42,2.45,0.00,-9.9,4.998,4.998,4.998,4.998,22
2022-01-03 07:04:22,3.4,8.6,310,0.0,0.0,0,0.0,0.0,0,86765.00,0.00,0.00,168,12.42,2.33,0.00,-9.9,4.998,4.998,4.998,4.998,208
2022-01-03 07:05:22,7.4,9.8,344,0.0,0.0,0,0.0,0.0,0,87109.00,0.00,0.00,221,12.42,3.07,0.00,-10.4,4.998,4.998,4.998,4.998,58
2022-01-03 07:06:22,10.3,12.0,463,0.0,0.0,0,0.0,0.0,0,87572.00,0.00,0.00,179,12.46,2.49,0.00,-10.4,4.998,4.998,4.998,4.998,22
2022-01-03 07:07:22,10.3,11.7,474,0.0,0.0,0,0.0,0.0,0,88046.00,0.00,0.00,205,12.42,2.85,0.00,-9.9,4.998,4.998,4.998,4.998,102
2022-01-03 07:08:22,5.3,10.7,386,0.0,0.0,0,0.0,0.0,0,88432.00,0.00,0.00,184,12.46,2.56,0.00,-9.9,4.998,4.998,4.998,4.998,167
2022-01-03 07:09:22,5.3,10.2,450,0.0,0.0,0,0.0,0.0,0,88882.00,0.00,0.00,184,12.42,2.56,0.00,-9.9,4.998,4.998,4.998,4.998,195
2022-01-03 07:10:22,7.8,7.8,328,0.0,0.0,0,0.0,0.0,0,89210.00,0.00,0.00,163,12.42,2.26,0.00,-10.4,4.998,4.998,4.998,4.998,145
2022-01-03 07:11:22,5.9,9.3,432,0.0,0.0,0,0.0,0.0,0,89642.00,0.00,0.00,181,12.42,2.52,0.00,-10.4,4.998,4.998,4.998,4.998,126
2022-01-03 07:12:22,5.0,7.6,316,0.0,0.0,0,0.0,0.0,0,89958.00,0.00,0.00,190,12.46,2.65,0.00,-10.4,4.998,4.998,4.998,4.998,140
2022-01-03 07:13:22,2.9,7.8,322,0.0,0.0,0,0.0,0.0,0,90280.00,0.00,0.00,176,12.46,2.45,0.00,-9.9,4.998,4.998,4.998,4.998,133
2022-01-03 07:14:22,5.6,9.8,381,0.0,0.0,0,0.0,0.0,0,90661.00,0.00,0.00,192,12.46,2.67,0.00,-9.9,4.998,4.998,4.998,4.998,214
2022-01-03 07:15:22,5.6,11.0,453,0.0,0.0,0,0.0,0.0,0,91114.00,0.00,0.00,188,12.46,2.61,0.00,-9.9,4.998,4.998,4.998,4.998,232
2022-01-03 07:16:22,7.1,13.1,572,0.0,0.0,0,0.0,0.0,0,91686.00,0.00,0.00,217,12.46,3.02,0.00,-9.4,4.998,4.998,4.998,4.998,121
2022-01-03 07:17:22,7.4,10.5,446,0.0,0.0,0,0.0,0.0,0,92132.00,0.00,0.00,180,12.46,2.50,0.00,-9.4,4.998,4.998,4.998,4.998,25
2022-01-03 07:18:22,5.6,7.8,313,0.0,0.0,0,0.0,0.0,0,92445.00,0.00,0.00,201,12.46,2.79,0.00,-9.4,4.998,4.998,4.998,4.998,27
2022-01-03 07:19:22,4.9,8.0,368,0.0,0.0,0,0.0,0.0,0,92813.00,0.00,0.00,188,12.42,2.62,0.00,-9.4,4.998,4.998,4.998,4.998,84
2022-01-03 07:20:22,3.8,7.8,329,0.0,0.0,0,0.0,0.0,0,93142.00,0.00,0.00,186,12.46,2.58,0.00,-9.4,4.998,4.998,4.998,4.998,113
2022-01-03 07:21:22,8.8,10.7,439,0.0,0.0,0,0.0,0.0,0,93581.00,0.00,0.00,206,12.42,2.87,0.00,-9.4,4.998,4.998,4.998,4.998,249
2022-01-03 07:22:22,6.1,9.0,316,0.0,0.0,0,0.0,0.0,0,93897.00,0.00,0.00,177,12.42,2.46,0.00,-9.4,4.998,4.998,4.998,4.998,24
2022-01-03 07:23:22,5.4,7.6,373,0.0,0.0,0,0.0,0.0,0,94270.00,0.00,0.00,185,12.46,2.57,0.00,-9.4,4.998,4.998,4.998,4.998,218
2022-01-03 07:24:22,10.3,12.2,449,0.0,0.0,0,0.0,0.0,0,94719.00,0.00,0.00,222,12.42,3.09,0.00,-9.4,4.998,4.998,4.998,4.998,179
2022-01-03 07:25:22,7.3,10.1,473,0.0,0.0,0,0.0,0.0,0,95192.00,0.00,0.00,189,12.42,2.62,0.00,-9.4,4.998,4.998,4.998,4.998,127
2022-01-03 07:26:22,3.2,9.5,455,0.0,0.0,0,0.0,0.0,0,95647.00,0.00,0.00,203,12.46,2.82,0.00,-9.4,4.998,4.998,4.998,4.998,211
2022-01-03 07:27:22,4.4,10.0,329,0.0,0.0,0,0.0,0.0,0,95976.00,0.00,0.00,226,12.46,3.14,0.00,-9.4,4.998,4.998,4.998,4.998,82
2022-01-03 07:28:22,5.1,10.1,417,0.0,0.0,0,0.0,0.0,0,96393.00,0.00,0.00,195,12.42,2.71,0.00,-9.4,4.998,4.998,4.998,4.998,148
2022-01-03 07:29:22,8.7,10.2,421,0.0,0.0,0,0.0,0.0,0,96814.00,0.00,0.00,178,12.46,2.48,0.00,-9.4,4.998,4.998,4.998,4.998,158
2022-01-03 07:30:22,9.0,9.8,475,0.0,0.0,0,0.0,0.0,0,97289.00,0.00,0.00,180,12.42,2.50,0.00,-9.4,4.998,4.998,4.998,4.998,119
2022-01-03 07:31:22,8.9,12.0,572,0.0,0.0,0,0.0,0.0,0,97861.00,0.00,0.00,214,12.42,2.97,0.00,-8.9,4.998,4.998,4.998,4.998,203
2022-01-03 07:32:22,5.0,9.2,394,0.0,0.0,0,0.0,0.0,0,98255.00,0.00,0.00,177,12.46,2.46,0.00,-8.9,4.998,4.998,4.998,4.998,135
2022-01-03 07:33:22,3.1,5.5,221,0.0,0.0,0,0.0,0.0,0,98476.00,0.00,0.00,190,12.46,2.64,0.00,-8.9,4.998,4.998,4.998,4.998,235
2022-01-03 07:34:22,7.7,9.2,363,0.0,0.0,0,0.0,0.0,0,98839.00,0.00,0.00,188,12.46,2.61,0.00,-9.4,4.998,4.998,4.998,4.998,164
2022-01-03 07:35:22,3.4,10.2,456,0.0,0.0,0,0.0,0.0,0,99295.00,0.00,0.00,191,12.46,2.66,0.00,-9.4,4.998,4.998,4.998,4.998,160
2022-01-03 07:36:22,3.9,10.1,338,0.0,0.0,0,0.0,0.0,0,99633.00,0.00,0.00,172,12.42,2.39,0.00,-8.9,4.998,4.998,4.998,4.998,0
2022-01-03 07:37:22,7.5,8.8,328,0.0,0.0,0,0.0,0.0,0,99961.00,0.00,0.00,194,12.46,2.70,0.00,-8.9,4.998,4.998,4.998,4.998,185
2022-01-03 07:38:22,4.4,11.7,425,0.0,0.0,0,0.0,0.0,0,100386.00,0.00,0.00,200,12.42,2.78,0.00,-9.4,4.998,4.998,4.998,4.998,84
2022-01-03 07:39:22,4.4,5.7,239,0.0,0.0,0,0.0,0.0,0,100625.00,0.00,0.00,195,12.46,2.70,0.00,-9.4,4.998,4.998,4.998,4.998,61
2022-01-03 07:40:22,6.8,10.9,421,0.0,0.0,0,0.0,0.0,0,101046.00,0.00,0.00,190,12.46,2.64,0.00,-8.9,4.998,4.998,4.998,4.998,6
2022-01-03 07:41:22,8.5,10.1,489,0.0,0.0,0,0.0,0.0,0,101535.00,0.00,0.00,197,12.46,2.73,0.00,-8.9,4.998,4.998,4.998,4.998,230
2022-01-03 07:42:22,6.5,9.6,431,0.0,0.0,0,0.0,0.0,0,101966.00,0.00,0.00,193,12.46,2.69,0.00,-8.9,4.998,4.998,4.998,4.998,123
2022-01-03 07:43:22,8.8,9.3,408,0.0,0.0,0,0.0,0.0,0,102374.00,0.00,0.00,185,12.46,2.57,0.00,-8.9,4.998,4.998,4.998,4.998,247
2022-01-03 07:44:22,4.1,11.0,411,0.0,0.0,0,0.0,0.0,0,102785.00,0.00,0.00,216,12.42,3.00,0.00,-8.9,4.998,4.998,4.998,4.998,48
2022-01-03 07:45:22,7.4,15.0,410,0.0,0.0,0,0.0,0.0,0,103195.00,0.00,0.00,168,12.46,2.33,0.00,-9.4,4.998,4.998,4.998,4.998,146
2022-01-03 07:46:22,4.1,7.9,313,0.0,0.0,0,0.0,0.0,0,103508.00,0.00,0.00,195,12.42,2.71,0.00,-8.9,4.998,4.998,4.998,4.998,150
2022-01-03 07:47:22,5.6,16.4,494,0.0,0.0,0,0.0,0.0,0,104002.00,0.00,0.00,216,12.46,3.00,0.00,-8.9,4.998,4.998,4.998,4.998,242
2022-01-03 07:48:22,7.0,9.9,409,0.0,0.0,0,0.0,0.0,0,104411.00,0.00,0.00,206,12.46,2.86,0.00,-8.9,4.998,4.998,4.998,4.998,72
2022-01-03 07:49:22,8.5,17.4,634,0.0,0.0,0,0.0,0.0,0,105045.00,0.00,0.00,199,12.46,2.77,0.00,-9.4,4.998,4.998,4.998,4.998,53
2022-01-03 07:50:22,11.1,12.4,457,0.0,0.0,0,0.0,0.0,0,105502.00,0.00,0.00,187,12.46,2.59,0.00,-9.4,4.998,4.998,4.998,4.998,48
2022-01-03 07:51:22,8.9,13.5,565,0.0,0.0,0,0.0,0.0,0,106067.00,0.00,0.00,236,12.46,3.28,0.00,-9.4,4.998,4.998,4.998,4.998,165
2022-01-03 07:52:22,12.9,15.3,461,0.0,0.0,0,0.0,0.0,0,106528.00,0.00,0.00,231,12.46,3.21,0.00,-9.4,4.998,4.998,4.998,4.998,239
2022-01-03 07:53:22,8.5,13.8,575,0.0,0.0,0,0.0,0.0,0,107103.00,0.00,0.00,222,12.46,3.09,0.00,-8.9,4.998,4.998,4.998,4.998,114
2022-01-03 07:54:22,6.9,15.2,638,0.0,0.0,0,0.0,0.0,0,107741.00,0.00,0.00,204,12.46,2.84,0.00,-9.4,4.998,4.998,4.998,4.998,30
2022-01-03 07:55:22,8.6,13.6,542,0.0,0.0,0,0.0,0.0,0,108283.00,0.00,0.00,203,12.46,2.82,0.00,-9.4,4.998,4.998,4.998,4.998,46
2022-01-03 07:56:22,16.9,17.5,595,0.0,0.0,0,0.0,0.0,0,108878.00,0.00,0.00,219,12.46,3.04,0.00,-9.4,4.998,4.998,4.998,4.998,44
2022-01-03 07:57:22,7.6,17.8,768,0.0,0.0,0,0.0,0.0,0,109646.00,0.00,0.00,176,12.46,2.45,0.00,-9.4,4.998,4.998,4.998,4.998,32
2022-01-03 07:58:22,11.0,16.3,711,0.0,0.0,0,0.0,0.0,0,110357.00,0.00,0.00,152,12.46,2.11,0.00,-9.4,4.998,4.998,4.998,4.998,229
2022-01-03 07:59:22,6.1,16.7,665,0.0,0.0,0,0.0,0.0,0,111022.00,0.00,0.00,187,12.46,2.60,0.00,-9.4,4.998,4.998,4.998,4.998,40
2022-01-03 08:00:22,9.0,18.2,746,0.0,0.0,0,0.0,0.0,0,111768.00,0.00,0.00,190,12.46,2.64,0.00,-9.4,4.998,4.998,4.998,4.998,161
2022-01-03 08:01:22,6.5,12.6,550,0.0,0.0,0,0.0,0.0,0,112318.00,0.00,0.00,227,12.46,3.15,0.00,-9.4,4.998,4.998,4.998,4.998,53
2022-01-03 08:02:22,12.1,12.9,545,0.0,0.0,0,0.0,0.0,0,112863.00,0.00,0.00,208,12.46,2.89,0.00,-9.4,4.998,4.998,4.998,4.998,173
2022-01-03 08:03:22,14.5,17.9,727,0.0,0.0,0,0.0,0.0,0,113590.00,0.00,0.00,213,12.46,2.95,0.00,-9.4,4.998,4.998,4.998,4.998,102
2022-01-03 08:04:22,5.2,14.9,598,0.0,0.0,0,0.0,0.0,0,114188.00,0.00,0.00,194,12.46,2.69,0.00,-9.4,4.998,4.998,4.998,4.998,45
2022-01-03 08:05:22,10.5,13.0,459,0.0,0.0,0,0.0,0.0,0,114647.00,0.00,0.00,211,12.46,2.93,0.00,-9.4,4.998,4.998,4.998,4.998,180
2022-01-03 08:06:22,8.2,13.5,494,0.0,0.0,0,0.0,0.0,0,115141.00,0.00,0.00,180,12.46,2.50,0.00,-9.4,4.998,4.998,4.998,4.998,21
2022-01-03 08:07:22,7.8,15.5,677,0.0,0.0,0,0.0,0.0,0,115818.00,0.00,0.00,179,12.46,2.49,0.00,-9.4,4.998,4.998,4.998,4.998,244
2022-01-03 08:08:22,11.2,13.8,515,0.0,0.0,0,0.0,0.0,0,116333.00,0.00,0.00,170,12.46,2.36,0.00,-9.4,4.998,4.998,4.998,4.998,33
2022-01-03 08:09:22,7.3,12.6,577,0.0,0.0,0,0.0,0.0,0,116910.00,0.00,0.00,178,12.46,2.47,0.00,-9.4,4.998,4.998,4.998,4.998,12
2022-01-03 08:10:22,6.5,13.2,537,0.0,0.0,0,0.0,0.0,0,117447.00,0.00,0.00,208,12.46,2.89,0.00,-9.4,4.998,4.998,4.998,4.998,54
2022-01-03 08:11:22,2.9,8.3,351,0.0,0.0,0,0.0,0.0,0,117798.00,0.00,0.00,174,12.46,2.42,0.00,-9.9,4.998,4.998,4.998,4.998,253
2022-01-03 08:12:22,12.3,12.8,467,0.0,0.0,0,0.0,0.0,0,118265.00,0.00,0.00,215,12.46,2.99,0.00,-9.9,4.998,4.998,4.998,4.998,205
2022-01-03 08:13:22,9.0,16.3,559,0.0,0.0,0,0.0,0.0,0,118824.00,0.00,0.00,201,12.46,2.79,0.00,-9.4,4.998,4.998,4.998,4.998,123
2022-01-03 08:14:22,9.4,13.9,570,0.0,0.0,0,0.0,0.0,0,119394.00,0.00,0.00,200,12.46,2.77,0.00,-9.4,4.998,4.998,4.998,4.998,252
2022-01-03 08:15:22,7.1,11.8,484,0.0,0.0,0,0.0,0.0,0,119878.00,0.00,0.00,187,12.46,2.60,0.00,-9.4,4.998,4.998,4.998,4.998,135
2022-01-03 08:16:22,7.1,11.9,479,0.0,0.0,0,0.0,0.0,0,120357.00,0.00,0.00,185,12.46,2.57,0.00,-9.4,4.998,4.998,4.998,4.998,116
2022-01-03 08:17:22,8.5,12.4,489,0.0,0.0,0,0.0,0.0,0,120846.00,0.00,0.00,189,12.46,2.63,0.00,-9.4,4.998,4.998,4.998,4.998,128
2022-01-03 08:18:22,4.5,11.1,494,0.0,0.0,0,0.0,0.0,0,121340.00,0.00,0.00,182,12.46,2.52,0.00,-9.4,4.998,4.998,4.998,4.998,74
2022-01-03 08:19:22,6.0,9.0,437,0.0,0.0,0,0.0,0.0,0,121777.00,0.00,0.00,186,12.46,2.59,0.00,-9.4,4.998,4.998,4.998,4.998,201
2022-01-03 08:20:22,5.9,10.9,451,0.0,0.0,0,0.0,0.0,0,122228.00,0.00,0.00,188,12.46,2.62,0.00,-9.4,4.998,4.998,4.998,4.998,76
2022-01-03 08:21:22,8.5,12.7,557,0.0,0.0,0,0.0,0.0,0,122785.00,0.00,0.00,193,12.46,2.68,0.00,-9.4,4.998,4.998,4.998,4.998,59
2022-01-03 08:22:22,4.1,10.7,434,0.0,0.0,0,0.0,0.0,0,123219.00,0.00,0.00,204,12.46,2.83,0.00,-9.4,4.998,4.998,4.998,4.998,58
2022-01-03 08:23:22,4.8,8.6,349,0.0,0.0,0,0.0,0.0,0,123568.00,0.00,0.00,265,12.46,3.68,0.00,-9.4,4.998,4.998,4.998,4.998,237
2022-01-03 08:24:22,7.7,10.3,443,0.0,0.0,0,0.0,0.0,0,124011.00,0.00,0.00,224,12.46,3.12,0.00,-9.4,4.998,4.998,4.998,4.998,52
2022-01-03 08:25:22,7.2,9.6,400,0.0,0.0,0,0.0,0.0,0,124411.00,0.00,0.00,228,12.46,3.16,0.00,-8.9,4.998,4.998,4.998,4.998,71
2022-01-03 08:26:22,6.2,10.2,448,0.0,0.0,0,0.0,0.0,0,124859.00,0.00,0.00,237,12.46,3.29,0.00,-8.9,4.998,4.998,4.998,4.998,77
2022-01-03 08:27:22,7.1,8.6,361,0.0,0.0,0,0.0,0.0,0,125220.00,0.00,0.00,206,12.46,2.87,0.00,-8.9,4.998,4.998,4.998,4.998,5
2022-01-03 08:28:22,6.3,8.2,344,0.0,0.0,0,0.0,0.0,0,125564.00,0.00,0.00,195,12.46,2.70,0.00,-9.4,4.998,4.998,4.998,4.998,29
2022-01-03 08:29:22,5.2,8.9,314,0.0,0.0,0,0.0,0.0,0,125878.00,0.00,0.00,206,12.46,2.86,0.00,-9.4,4.998,4.998,4.998,4.998,230
2022-01-03 08:30:22,12.3,13.6,515,0.0,0.0,0,0.0,0.0,0,126393.00,0.00,0.00,193,12.46,2.68,0.00,-9.4,4.998,4.998,4.998,4.998,230
2022-01-03 08:31:22,8.1,12.2,491,0.0,0.0,0,0.0,0.0,0,126884.00,0.00,0.00,194,12.46,2.69,0.00,-8.9,4.998,4.998,4.998,4.998,39
2022-01-03 08:32:22,7.4,15.5,510,0.0,0.0,0,0.0,0.0,0,127394.00,0.00,0.00,211,12.46,2.93,0.00,-8.9,4.998,4.998,4.998,4.998,26
2022-01-03 08:33:22,6.0,8.3,404,0.0,0.0,0,0.0,0.0,0,127798.00,0.00,0.00,192,12.46,2.67,0.00,-9.4,4.998,4.998,4.998,4.998,178
2022-01-03 08:34:22,10.1,10.4,395,0.0,0.0,0,0.0,0.0,0,128193.00,0.00,0.00,180,12.46,2.50,0.00,-9.4,4.998,4.998,4.998,4.998,24
2022-01-03 08:35:22,11.6,14.4,578,0.0,0.0,0,0.0,0.0,0,128771.00,0.00,0.00,199,12.46,2.76,0.00,-8.9,4.998,4.998,4.998,4.998,180
2022-01-03 08:36:22,8.9,13.7,594,0.0,0.0,0,0.0,0.0,0,129365.00,0.00,0.00,203,12.46,2.82,0.00,-8.5,4.998,4.998,4.998,4.998,240
2022-01-03 08:37:22,10.7,12.4,538,0.0,0.0,0,0.0,0.0,0,129903.00,0.00,0.00,179,12.46,2.49,0.00,-8.9,4.998,4.998,4.998,4.998,211
2022-01-03 08:38:22,9.5,11.6,506,0.0,0.0,0,0.0,0.0,0,130409.00,0.00,0.00,196,12.46,2.73,0.00,-8.5,4.998,4.998,4.998,4.998,71
2022-01-03 08:39:22,8.4,14.4,598,0.0,0.0,0,0.0,0.0,0,131007.00,0.00,0.00,181,12.46,2.51,0.00,-8.9,4.998,4.998,4.998,4.998,34
2022-01-03 08:40:22,5.2,11.0,420,0.0,0.0,0,0.0,0.0,0,131427.00,0.00,0.00,168,12.46,2.33,0.00,-8.9,4.998,4.998,4.998,4.998,163
2022-01-03 08:41:22,7.6,9.5,410,0.0,0.0,0,0.0,0.0,0,131837.00,0.00,0.00,220,12.46,3.05,0.00,-8.9,4.998,4.998,4.998,4.998,55
2022-01-03 08:42:22,9.1,9.4,328,0.0,0.0,0,0.0,0.0,0,132165.00,0.00,0.00,217,12.46,3.02,0.00,-8.9,4.998,4.998,4.998,4.998,91
2022-01-03 08:43:22,6.2,11.3,418,0.0,0.0,0,0.0,0.0,0,132583.00,0.00,0.00,210,12.46,2.92,0.00,-8.5,4.998,4.998,4.998,4.998,195
2022-01-03 08:44:22,8.1,9.9,437,0.0,0.0,0,0.0,0.0,0,133020.00,0.00,0.00,193,12.42,2.68,0.00,-8.5,4.998,4.998,4.998,4.998,54
2022-01-03 08:45:22,6.4,8.9,263,0.0,0.0,0,0.0,0.0,0,133283.00,0.00,0.00,161,12.46,2.24,0.00,-8.5,4.998,4.998,4.998,4.998,170
2022-01-03 08:46:22,10.8,13.2,546,0.0,0.0,0,0.0,0.0,0,133829.00,0.00,0.00,176,12.42,2.45,0.00,-8.9,4.998,4.998,4.998,4.998,65
2022-01-03 08:47:22,6.8,11.8,512,0.0,0.0,0,0.0,0.0,0,134341.00,0.00,0.00,151,12.46,2.09,0.00,-8.5,4.998,4.998,4.998,4.998,194
2022-01-03 08:48:22,5.2,8.8,364,0.0,0.0,0,0.0,0.0,0,134705.00,0.00,0.00,200,12.42,2.78,0.00,-8.5,4.998,4.998,4.998,4.998,252
2022-01-03 08:49:22,7.4,9.4,405,0.0,0.0,0,0.0,0.0,0,135110.00,0.00,0.00,176,12.42,2.45,0.00,-8.5,4.998,4.998,4.998,4.998,107
2022-01-03 08:50:22,7.8,11.1,409,0.0,0.0,0,0.0,0.0,0,135519.00,0.00,0.00,165,12.42,2.29,0.00,-8.5,4.998,4.998,4.998,4.998,108
2022-01-03 08:51:22,8.3,10.5,451,0.0,0.0,0,0.0,0.0,0,135970.00,0.00,0.00,198,12.46,2.76,0.00,-8.5,4.998,4.998,4.998,4.998,118
2022-01-03 08:52:22,4.1,10.0,385,0.0,0.0,0,0.0,0.0,0,136355.00,0.00,0.00,203,12.46,2.82,0.00,-8.5,4.998,4.998,4.998,4.998,163
2022-01-03 08:53:22,5.2,8.3,313,0.0,0.0,0,0.0,0.0,0,136668.00,0.00,0.00,185,12.42,2.58,0.00,-8.5,4.998,4.998,4.998,4.998,53
2022-01-03 08:54:22,5.5,7.8,281,0.0,0.0,0,0.0,0.0,0,136949.00,0.00,0.00,220,12.42,3.05,0.00,-8.5,4.998,4.998,4.998,4.998,186
2022-01-03 08:55:22,3.8,8.5,360,0.0,0.0,0,0.0,0.0,0,137309.00,0.00,0.00,178,12.42,2.48,0.00,-8.5,4.998,4.998,4.998,4.998,22
2022-01-03 08:56:22,6.5,9.3,352,0.0,0.0,0,0.0,0.0,0,137661.00,0.00,0.00,208,12.42,2.90,0.00,-8.5,4.998,4.998,4.998,4.998,96
2022-01-03 08:57:22,6.5,8.8,365,0.0,0.0,0,0.0,0.0,0,138026.00,0.00,0.00,198,12.42,2.76,0.00,-8.5,4.998,4.998,4.998,4.998,112
2022-01-03 08:58:22,5.5,6.9,315,0.0,0.0,0,0.0,0.0,0,138341.00,0.00,0.00,216,12.46,3.01,0.00,-8.5,4.998,4.998,4.998,4.998,22
2022-01-03 08:59:22,5.1,6.6,255,0.0,0.0,0,0.0,0.0,0,138596.00,0.00,0.00,199,12.42,2.77,0.00,-8.5,4.998,4.998,4.998,4.998,185
2022-01-03 09:00:22,8.2,8.8,340,0.0,0.0,0,0.0,0.0,0,138936.00,0.00,0.00,186,12.42,2.58,0.00,-8.5,4.998,4.998,4.998,4.998,62
2022-01-03 09:01:22,7.6,10.9,403,0.0,0.0,0,0.0,0.0,0,139339.00,0.00,0.00,207,12.46,2.87,0.00,-8.0,4.998,4.998,4.998,4.998,56
2022-01-03 09:02:22,4.6,9.5,394,0.0,0.0,0,0.0,0.0,0,139733.00,0.00,0.00,179,12.42,2.49,0.00,-8.0,4.998,4.998,4.998,4.998,131
2022-01-03 09:03:22,7.8,8.6,296,0.0,0.0,0,0.0,0.0,0,140029.00,0.00,0.00,209,12.42,2.91,0.00,-8.5,4.998,4.998,4.998,4.998,43
2022-01-03 09:04:22,6.0,7.7,358,0.0,0.0,0,0.0,0.0,0,140387.00,0.00,0.00,210,12.42,2.92,0.00,-8.5,4.998,4.998,4.998,4.998,153
2022-01-03 09:05:22,7.2,12.3,451,0.0,0.0,0,0.0,0.0,0,140838.00,0.00,0.00,192,12.42,2.67,0.00,-8.0,4.998,4.998,4.998,4.998,92
2022-01-03 09:06:22,8.4,12.4,435,0.0,0.0,0,0.0,0.0,0,141273.00,0.00,0.00,202,12.46,2.81,0.00,-8.0,4.998,4.998,4.998,4.998,98
2022-01-03 09:07:22,6.8,13.2,477,0.0,0.0,0,0.0,0.0,0,141750.00,0.00,0.00,205,12.42,2.85,0.00,-8.5,4.998,4.998,4.998,4.998,123
2022-01-03 09:08:22,7.5,9.2,413,0.0,0.0,0,0.0,0.0,0,142163.00,0.00,0.00,187,12.46,2.60,0.00,-8.5,4.998,4.998,4.998,4.998,250
2022-01-03 09:09:22,3.8,10.0,366,0.0,0.0,0,0.0,0.0,0,142529.00,0.00,0.00,176,12.46,2.45,0.00,-8.5,4.998,4.998,4.998,4.998,88
2022-01-03 09:10:22,7.6,10.1,406,0.0,0.0,0,0.0,0.0,0,142935.00,0.00,0.00,204,12.42,2.83,0.00,-8.5,4.998,4.998,4.998,4.998,83
2022-01-03 09:11:22,5.8,9.1,363,0.0,0.0,0,0.0,0.0,0,143298.00,0.00,0.00,166,12.42,2.31,0.00,-8.5,4.998,4.998,4.998,4.998,217
2022-01-03 09:12:22,8.0,10.8,422,0.0,0.0,0,0.0,0.0,0,143720.00,0.00,0.00,207,12.46,2.88,0.00,-8.0,4.998,4.998,4.998,4.998,177
2022-01-03 09:13:22,13.4,14.4,528,0.0,0.0,0,0.0,0.0,0,144248.00,0.00,0.00,197,12.46,2.74,0.00,-8.5,4.998,4.998,4.998,4.998,238
2022-01-03 09:14:22,6.0,14.9,505,0.0,0.0,0,0.0,0.0,0,144753.00,0.00,0.00,189,12.46,2.62,0.00,-8.0,4.998,4.998,4.998,4.998,194
2022-01-03 09:15:22,4.5,8.3,379,0.0,0.0,0,0.0,0.0,0,145132.00,0.00,0.00,174,12.46,2.42,0.00,-8.0,4.998,4.998,4.998,4.998,100
2022-01-03 09:16:22,7.3,9.1,403,0.0,0.0,0,0.0,0.0,0,145535.00,0.00,0.00,178,12.42,2.47,0.00,-8.0,4.998,4.998,4.998,4.998,99
2022-01-03 09:17:22,9.6,11.8,399,0.0,0.0,0,0.0,0.0,0,145934.00,0.00,0.00,196,12.46,2.72,0.00,-8.5,4.998,4.998,4.998,4.998,179
2022-01-03 09:18:22,5.3,10.2,429,0.0,0.0,0,0.0,0.0,0,146363.00,0.00,0.00,204,12.46,2.84,0.00,-8.0,4.998,4.998,4.998,4.998,172
2022-01-03 09:19:22,8.5,14.1,536,0.0,0.0,0,0.0,0.0,0,146899.00,0.00,0.00,217,12.46,3.02,0.00,-8.0,4.998,4.998,4.998,4.998,208
2022-01-03 09:20:22,6.1,11.7,545,0.0,0.0,0,0.0,0.0,0,147444.00,0.00,0.00,177,12.42,2.47,0.00,-8.0,4.998,4.998,4.998,4.998,123
2022-01-03 09:21:22,7.9,11.8,448,0.0,0.0,0,0.0,0.0,0,147892.00,0.00,0.00,178,12.46,2.47,0.00,-8.0,4.998,4.998,4.998,4.998,98
2022-01-03 09:22:22,7.4,13.7,533,0.0,0.0,0,0.0,0.0,0,148425.00,0.00,0.00,179,12.42,2.49,0.00,-8.0,4.998,4.998,4.998,4.998,107
2022-01-03 09:23:22,5.1,10.4,339,0.0,0.0,0,0.0,0.0,0,148764.00,0.00,0.00,174,12.46,2.41,0.00,-8.0,4.998,4.998,4.998,4.998,180
2022-01-03 09:24:22,8.1,9.1,314,0.0,0.0,0,0.0,0.0,0,149078.00,0.00,0.00,206,12.46,2.86,0.00,-8.0,4.998,4.998,4.998,4.998,16
2022-01-03 09:25:22,6.3,8.6,363,0.0,0.0,0,0.0,0.0,0,149441.00,0.00,0.00,208,12.46,2.90,0.00,-8.0,4.998,4.998,4.998,4.998,19
2022-01-03 09:26:22,5.2,12.1,470,0.0,0.0,0,0.0,0.0,0,149911.00,0.00,0.00,181,12.46,2.52,0.00,-8.0,4.998,4.998,4.998,4.998,146
2022-01-03 09:27:22,5.6,12.6,405,0.0,0.0,0,0.0,0.0,0,150316.00,0.00,0.00,182,12.46,2.53,0.00,-8.0,4.998,4.998,4.998,4.998,190
2022-01-03 09:28:22,5.4,11.6,404,0.0,0.0,0,0.0,0.0,0,150720.00,0.00,0.00,169,12.46,2.35,0.00,-8.0,4.998,4.998,4.998,4.998,176
2022-01-03 09:29:22,3.7,8.1,314,0.0,0.0,0,0.0,0.0,0,151034.00,0.00,0.00,188,12.46,2.61,0.00,-8.0,4.998,4.998,4.998,4.998,213
2022-01-03 09:30:22,8.4,10.9,321,0.0,0.0,0,0.0,0.0,0,151355.00,0.00,0.00,207,12.46,2.88,0.00,-8.0,4.998,4.998,4.998,4.998,76
2022-01-03 09:31:22,8.0,9.2,423,0.0,0.0,0,0.0,0.0,0,151778.00,0.00,0.00,183,12.46,2.54,0.00,-8.0,4.998,4.998,4.998,4.998,112
2022-01-03 09:32:22,8.2,11.1,528,0.0,0.0,0,0.0,0.0,0,152306.00,0.00,0.00,194,12.46,2.69,0.00,-8.5,4.998,4.998,4.998,4.998,86
2022-01-03 09:33:22,3.9,9.0,369,0.0,0.0,0,0.0,0.0,0,152675.00,0.00,0.00,164,12.46,2.28,0.00,-8.0,4.998,4.998,4.998,4.998,171
2022-01-03 09:34:22,5.3,9.3,357,0.0,0.0,0,0.0,0.0,0,153032.00,0.00,0.00,193,12.46,2.68,0.00,-7.5,4.998,4.998,4.998,4.998,249
2022-01-03 09:35:22,5.3,7.7,314,0.0,0.0,0,0.0,0.0,0,153346.00,0.00,0.00,214,12.46,2.97,0.00,-8.0,4.998,4.998,4.998,4.998,204
2022-01-03 09:36:22,7.1,9.5,383,0.0,0.0,0,0.0,0.0,0,153729.00,0.00,0.00,193,12.46,2.68,0.00,-8.0,4.998,4.998,4.998,4.998,232
2022-01-03 09:37:22,5.8,8.9,416,0.0,0.0,0,0.0,0.0,0,154145.00,0.00,0.00,170,12.49,2.36,0.00,-8.0,4.998,4.998,4.998,4.998,104
2022-01-03 09:38:22,5.7,12.2,463,0.0,0.0,0,0.0,0.0,0,154608.00,0.00,0.00,202,12.46,2.81,0.00,-8.0,4.998,4.998,4.998,4.998,52
2022-01-03 09:39:22,2.6,7.5,286,0.0,0.0,0,0.0,0.0,0,154894.00,0.00,0.00,194,12.46,2.70,0.00,-8.0,4.998,4.998,4.998,4.998,100
2022-01-03 09:40:22,3.7,4.6,183,0.0,0.0,0,0.0,0.0,0,155077.00,0.00,0.00,217,12.46,3.01,0.00,-8.0,4.998,4.998,4.998,4.998,251
2022-01-03 09:41:22,5.6,8.7,368,0.0,0.0,0,0.0,0.0,0,155445.00,0.00,0.00,184,12.49,2.56,0.00,-8.0,4.998,4.998,4.998,4.998,148
2022-01-03 09:42:22,5.4,6.2,303,0.0,0.0,0,0.0,0.0,0,155748.00,0.00,0.00,180,12.46,2.50,0.00,-8.0,4.998,4.998,4.998,4.998,43
2022-01-03 09:43:22,7.8,11.3,473,0.0,0.0,0,0.0,0.0,0,156221.00,0.00,0.00,190,12.46,2.64,0.00,-8.0,4.998,4.998,4.998,4.998,107
2022-01-03 09:44:22,2.7,8.7,340,0.0,0.0,0,0.0,0.0,0,156561.00,0.00,0.00,183,12.46,2.55,0.00,-8.0,4.998,4.998,4.998,4.998,182
2022-01-03 09:45:22,3.0,6.5,223,0.0,0.0,0,0.0,0.0,0,156784.00,0.00,0.00,193,12.46,2.69,0.00,-7.5,4.998,4.998,4.998,4.998,246
2022-01-03 09:46:22,2.2,6.1,192,0.0,0.0,0,0.0,0.0,0,156976.00,0.00,0.00,187,12.46,2.59,0.00,-7.5,4.998,4.998,4.998,4.998,93
2022-01-03 09:47:22,3.7,4.7,146,0.0,0.0,0,0.0,0.0,0,157122.00,0.00,0.00,160,12.46,2.22,0.00,-8.0,4.998,4.998,4.998,4.998,93
2022-01-03 09:48:22,5.9,8.0,293,0.0,0.0,0,0.0,0.0,0,157415.00,0.00,0.00,172,12.49,2.39,0.00,-8.0,4.998,4.998,4.998,4.998,124
2022-01-03 09:49:22,5.5,7.8,361,0.0,0.0,0,0.0,0.0,0,157776.00,0.00,0.00,172,12.49,2.40,0.00,-7.5,4.998,4.998,4.998,4.998,102
2022-01-03 09:50:22,6.6,8.3,294,0.0,0.0,0,0.0,0.0,0,158070.00,0.00,0.00,171,12.49,2.38,0.00,-7.5,4.998,4.998,4.998,4.998,51
2022-01-03 09:51:22,5.4,6.7,257,0.0,0.0,0,0.0,0.0,0,158327.00,0.00,0.00,219,12.49,3.04,0.00,-8.0,4.998,4.998,4.998,4.998,134
2022-01-03 09:52:22,5.8,6.1,225,0.0,0.0,0,0.0,0.0,0,158552.00,0.00,0.00,217,12.49,3.02,0.00,-7.5,4.998,4.998,4.998,4.998,242
2022-01-03 09:53:22,9.9,9.9,254,0.0,0.0,0,0.0,0.0,0,158806.00,0.00,0.00,183,12.49,2.55,0.00,-7.5,4.998,4.998,4.998,4.998,59
2022-01-03 09:54:22,6.0,12.3,437,0.0,0.0,0,0.0,0.0,0,159243.00,0.00,0.00,188,12.49,2.61,0.00,-7.5,4.998,4.998,4.998,4.998,119
2022-01-03 09:55:22,6.8,8.6,399,0.0,0.0,0,0.0,0.0,0,159642.00,0.00,0.00,196,12.46,2.73,0.00,-7.5,4.998,4.998,4.998,4.998,155
2022-01-03 09:56:22,6.4,8.5,288,0.0,0.0,0,0.0,0.0,0,159930.00,0.00,0.00,182,12.49,2.53,0.00,-7.5,4.998,4.998,4.998,4.998,229
2022-01-03 09:57:22,3.3,8.2,355,0.0,0.0,0,0.0,0.0,0,160285.00,0.00,0.00,196,12.46,2.72,0.00,-7.5,4.998,4.998,4.998,4.998,44
2022-01-03 09:58:22,4.5,11.6,381,0.0,0.0,0,0.0,0.0,0,160666.00,0.00,0.00,206,12.49,2.86,0.00,-7.5,4.998,4.998,4.998,4.998,98
2022-01-03 09:59:22,5.3,12.7,460,0.0,0.0,0,0.0,0.0,0,161126.00,0.00,0.00,184,12.46,2.55,0.00,-7.5,4.998,4.998,4.998,4.998,70
2022-01-03 10:00:22,3.5,7.8,314,0.0,0.0,0,0.0,0.0,0,161440.00,0.00,0.00,207,12.49,2.88,0.00,-7.5,4.998,4.998,4.998,4.998,28
2022-01-03 10:01:22,5.6,11.6,467,0.0,0.0,0,0.0,0.0,0,161907.00,0.00,0.00,225,12.49,3.12,0.00,-7.5,4.998,4.998,4.998,4.998,66
2022-01-03 10:02:22,5.7,11.2,433,0.0,0.0,0,0.0,0.0,0,162340.00,0.00,0.00,197,12.49,2.74,0.00,-7.5,4.998,4.998,4.998,4.998,243
2022-01-03 10:03:22,6.2,10.9,419,0.0,0.0,0,0.0,0.0,0,162759.00,0.00,0.00,204,12.49,2.84,0.00,-7.5,4.998,4.998,4.998,4.998,30
2022-01-03 10:04:22,5.3,9.4,383,0.0,0.0,0,0.0,0.0,0,163142.00,0.00,0.00,195,12.49,2.71,0.00,-7.5,4.998,4.998,4.998,4.998,98
2022-01-03 10:05:22,3.6,7.0,300,0.0,0.0,0,0.0,0.0,0,163442.00,0.00,0.00,191,12.49,2.66,0.00,-7.5,4.998,4.998,4.998,4.998,159
2022-01-03 10:06:22,5.8,10.3,397,0.0,0.0,0,0.0,0.0,0,163839.00,0.00,0.00,177,12.49,2.46,0.00,-7.5,4.998,4.998,4.998,4.998,166
2022-01-03 10:07:22,5.9,9.9,402,0.0,0.0,0,0.0,0.0,0,164241.00,0.00,0.00,209,12.49,2.91,0.00,-7.5,4.998,4.998,4.998,4.998,234
2022-01-03 10:08:22,7.0,9.8,432,0.0,0.0,0,0.0,0.0,0,164673.00,0.00,0.00,196,12.49,2.73,0.00,-7.5,4.998,4.998,4.998,4.998,110
2022-01-03 10:09:22,5.9,7.3,326,0.0,0.0,0,0.0,0.0,0,164999.00,0.00,0.00,171,12.49,2.38,0.00,-7.0,4.998,4.998,4.998,4.998,214
2022-01-03 10:10:22,6.0,9.5,344,0.0,0.0,0,0.0,0.0,0,165343.00,0.00,0.00,216,12.53,3.00,0.00,-7.5,4.998,4.998,4.998,4.998,60
2022-01-03 10:11:22,5.9,9.0,375,0.0,0.0,0,0.0,0.0,0,165718.00,0.00,0.00,225,12.49,3.12,0.00,-7.0,4.998,4.998,4.998,4.998,140
2022-01-03 10:12:22,6.4,10.3,417,0.0,0.0,0,0.0,0.0,0,166135.00,0.00,0.00,209,12.53,2.91,0.00,-7.0,4.998,4.998,4.998,4.998,110
2022-01-03 10:13:22,5.7,11.7,421,0.0,0.0,0,0.0,0.0,0,166556.00,0.00,0.00,188,12.53,2.62,0.00,-7.0,4.998,4.998,4.998,4.998,182
2022-01-03 10:14:22,6.2,13.0,512,0.0,0.0,0,0.0,0.0,0,167068.00,0.00,0.00,188,12.53,2.62,0.00,-7.0,4.998,4.998,4.998,4.998,38
2022-01-03 10:15:22,7.2,9.6,449,0.0,0.0,0,0.0,0.0,0,167517.00,0.00,0.00,186,12.49,2.58,0.00,-7.0,4.998,4.998,4.998,4.998,248
2022-01-03 10:16:22,7.4,9.7,391,0.0,0.0,0,0.0,0.0,0,167908.00,0.00,0.00,191,12.53,2.66,0.00,-7.0,4.998,4.998,4.998,4.998,126
2022-01-03 10:17:22,4.5,11.6,449,0.0,0.0,0,0.0,0.0,0,168357.00,0.00,0.00,201,12.49,2.79,0.00,-7.0,4.998,4.998,4.998,4.998,9
2022-01-03 10:18:22,6.3,8.7,331,0.0,0.0,0,0.0,0.0,0,168688.00,0.00,0.00,187,12.53,2.59,0.00,-7.0,4.998,4.998,4.998,4.998,105
2022-01-03 10:19:22,5.0,8.9,356,0.0,0.0,0,0.0,0.0,0,169044.00,0.00,0.00,220,12.49,3.06,0.00,-6.5,4.998,4.998,4.998,4.998,243
2022-01-03 10:20:22,8.2,11.7,437,0.0,0.0,0,0.0,0.0,0,169481.00,0.00,0.00,178,12.49,2.48,0.00,-7.0,4.998,4.998,4.998,4.998,141
2022-01-03 10:21:22,5.1,12.3,581,0.0,0.0,0,0.0,0.0,0,170062.00,0.00,0.00,198,12.53,2.75,0.00,-7.0,4.998,4.998,4.998,4.998,244
2022-01-03 10:22:22,8.9,13.1,517,0.0,0.0,0,0.0,0.0,0,170579.00,0.00,0.00,200,12.53,2.78,0.00,-6.5,4.998,4.998,4.998,4.998,24
2022-01-03 10:23:22,7.0,9.6,386,0.0,0.0,0,0.0,0.0,0,170965.00,0.00,0.00,189,12.53,2.62,0.00,-6.5,4.998,4.998,4.998,4.998,206
2022-01-03 10:24:22,6.1,11.5,487,0.0,0.0,0,0.0,0.0,0,171452.00,0.00,0.00,217,12.49,3.02,0.00,-7.0,4.998,4.998,4.998,4.998,103
2022-01-03 10:25:22,4.8,7.2,338,0.0,0.0,0,0.0,0.0,0,171790.00,0.00,0.00,214,12.49,2.97,0.00,-7.0,4.998,4.998,4.998,4.998,104
2022-01-03 10:26:22,4.5,7.4,280,0.0,0.0,0,0.0,0.0,0,172070.00,0.00,0.00,186,12.53,2.59,0.00,-6.5,4.998,4.998,4.998,4.998,28
2022-01-03 10:27:22,7.2,8.3,339,0.0,0.0,0,0.0,0.0,0,172409.00,0.00,0.00,191,12.49,2.66,0.00,-6.5,4.998,4.998,4.998,4.998,26
2022-01-03 10:28:22,8.5,11.0,431,0.0,0.0,0,0.0,0.0,0,172840.00,0.00,0.00,233,12.53,3.24,0.00,-6.5,4.998,4.998,4.998,4.998,16
2022-01-03 10:29:22,8.1,12.7,555,0.0,0.0,0,0.0,0.0,0,173395.00,0.00,0.00,182,12.53,2.53,0.00,-7.0,4.998,4.998,4.998,4.998,234
2022-01-03 10:30:22,10.3,11.4,479,0.0,0.0,0,0.0,0.0,0,173874.00,0.00,0.00,166,12.53,2.30,0.00,-6.5,4.998,4.998,4.998,4.998,7
2022-01-03 10:31:22,7.4,12.0,532,0.0,0.0,0,0.0,0.0,0,174406.00,0.00,0.00,155,12.53,2.15,0.00,-6.5,4.998,4.998,4.998,4.998,188
2022-01-03 10:32:22,9.9,11.5,472,0.0,0.0,0,0.0,0.0,0,174878.00,0.00,0.00,220,12.53,3.06,0.00,-6.5,4.998,4.998,4.998,4.998,197
2022-01-03 10:33:22,7.6,10.5,440,0.0,0.0,0,0.0,0.0,0,175318.00,0.00,0.00,179,12.57,2.49,0.00,-6.5,4.998,4.998,4.998,4.998,233
2022-01-03 10:34:22,8.1,14.9,547,0.0,0.0,0,0.0,0.0,0,175865.00,0.00,0.00,185,12.57,2.57,0.00,-6.5,4.998,4.998,4.998,4.998,93
2022-01-03 10:35:22,8.9,9.7,472,0.0,0.0,0,0.0,0.0,0,176337.00,0.00,0.00,209,12.57,2.90,0.00,-6.5,4.998,4.998,4.998,4.998,218
2022-01-03 10:36:22,7.2,9.7,431,0.0,0.0,0,0.0,0.0,0,176768.00,0.00,0.00,206,12.57,2.87,0.00,-6.0,4.998,4.998,4.998,4.998,114
2022-01-03 10:37:22,9.9,13.1,564,0.0,0.0,0,0.0,0.0,0,177332.00,0.00,0.00,180,12.61,2.49,0.00,-6.5,4.998,4.998,4.998,4.998,233
2022-01-03 10:38:22,9.3,14.4,548,0.0,0.0,0,0.0,0.0,0,177880.00,0.00,0.00,197,12.57,2.73,0.00,-6.5,4.998,4.998,4.998,4.998,136
2022-01-03 10:39:22,7.9,12.1,415,0.0,0.0,0,0.0,0.0,0,178295.00,0.00,0.00,156,12.57,2.16,0.00,-6.5,4.998,4.998,4.998,4.998,163
2022-01-03 10:40:22,8.2,13.4,580,0.0,0.0,0,0.0,0.0,0,178875.00,0.00,0.00,202,12.61,2.80,0.00,-6.5,4.998,4.998,4.998,4.998,58
2022-01-03 10:41:22,6.4,10.3,485,0.0,0.0,0,0.0,0.0,0,179360.00,0.00,0.00,197,12.61,2.74,0.00,-6.0,4.998,4.998,4.998,4.998,183
2022-01-03 10:42:22,6.4,9.3,353,0.0,0.0,0,0.0,0.0,0,179713.00,0.00,0.00,207,12.61,2.87,0.00,-6.0,4.998,4.998,4.998,4.998,104
2022-01-03 10:43:22,9.7,10.5,432,0.0,0.0,0,0.0,0.0,0,180145.00,0.00,0.00,232,12.65,3.22,0.00,-6.0,4.998,4.998,4.998,4.998,247
2022-01-03 10:44:22,11.2,14.1,582,0.0,0.0,0,0.0,0.0,0,180727.00,0.00,0.00,180,12.61,2.49,0.00,-6.0,4.998,4.998,4.998,4.998,178
2022-01-03 10:45:22,6.9,12.2,503,0.0,0.0,0,0.0,0.0,0,181230.00,0.00,0.00,185,12.65,2.58,0.00,-6.0,4.998,4.998,4.998,4.998,116
2022-01-03 10:46:22,4.4,8.3,390,0.0,0.0,0,0.0,0.0,0,181620.00,0.00,0.00,201,12.65,2.79,0.00,-6.0,4.998,4.998,4.998,4.998,212
2022-01-03 10:47:22,9.7,11.2,321,0.0,0.0,0,0.0,0.0,0,181941.00,0.00,0.00,191,12.65,2.66,0.00,-6.0,4.998,4.998,4.998,4.998,221
2022-01-03 10:48:22,9.0,15.7,672,0.0,0.0,0,0.0,0.0,0,182613.00,0.00,0.00,179,12.69,2.49,0.00,-6.0,4.998,4.998,4.998,4.998,240
2022-01-03 10:49:22,5.6,12.3,460,0.0,0.0,0,0.0,0.0,0,183073.00,0.00,0.00,179,12.69,2.49,0.00,-6.0,4.998,4.998,4.998,4.998,117
2022-01-03 10:50:22,5.8,15.0,562,0.0,0.0,0,0.0,0.0,0,183635.00,0.00,0.00,207,12.73,2.87,0.00,-6.0,4.998,4.998,4.998,4.998,4
2022-01-03 10:51:22,9.8,13.6,521,0.0,0.0,0,0.0,0.0,0,184156.00,0.00,0.00,200,12.77,2.78,0.00,-5.5,4.998,4.998,4.998,4.998,188
2022-01-03 10:52:22,6.9,13.6,631,0.0,0.0,0,0.0,0.0,0,184787.00,0.00,0.00,220,12.77,3.06,0.00,-6.0,4.998,4.998,4.998,4.998,242
2022-01-03 10:53:22,5.4,8.2,366,0.0,0.0,0,0.0,0.0,0,185153.00,0.00,0.00,201,12.77,2.80,0.00,-5.5,4.998,4.998,4.998,4.998,24
2022-01-03 10:54:22,8.4,10.8,465,0.0,0.0,0,0.0,0.0,0,185618.00,0.00,0.00,209,12.81,2.91,0.00,-5.5,4.998,4.998,4.998,4.998,2
2022-01-03 10:55:22,7.0,12.4,476,0.0,0.0,0,0.0,0.0,0,186094.00,0.00,0.00,208,12.81,2.90,0.00,-5.0,4.998,4.998,4.998,4.998,33
2022-01-03 10:56:22,11.0,20.9,703,0.0,0.0,0,0.0,0.0,0,186797.00,0.00,0.00,182,12.89,2.52,0.00,-5.5,4.998,4.998,4.998,4.998,189
2022-01-03 10:57:22,7.4,15.5,682,0.0,0.0,0,0.0,0.0,0,187479.00,0.00,0.00,211,12.92,2.93,0.00,-5.0,4.998,4.998,4.998,4.998,240
2022-01-03 10:58:22,8.7,10.6,428,0.0,0.0,0,0.0,0.0,0,187907.00,0.00,0.00,187,12.89,2.60,0.00,-5.0,4.998,4.998,4.998,4.998,177
2022-01-03 10:59:22,6.5,12.8,548,0.0,0.0,0,0.0,0.0,0,188455.00,0.00,0.00,197,12.89,2.73,0.00,-5.0,4.998,4.998,4.998,4.998,15
2022-01-03 11:00:22,6.3,14.4,467,0.0,0.0,0,0.0,0.0,0,188922.00,0.00,0.00,232,12.89,3.23,0.00,-5.5,4.998,4.998,4.998,4.998,148
2022-01-03 11:01:22,6.2,10.2,472,0.0,0.0,0,0.0,0.0,0,189394.00,0.00,0.00,176,12.92,2.45,0.00,-5.0,4.998,4.998,4.998,4.998,159
2022-01-03 11:02:22,9.8,11.4,533,0.0,0.0,0,0.0,0.0,0,189927.00,0.00,0.00,188,12.92,2.61,0.00,-5.0,4.998,4.998,4.998,4.998,9
2022-01-03 11:03:22,4.6,13.9,491,0.0,0.0,0,0.0,0.0,0,190418.00,0.00,0.00,211,12.92,2.93,0.00,-5.5,4.998,4.998,4.998,4.998,58
2022-01-03 11:04:22,10.4,12.3,465,0.0,0.0,0,0.0,0.0,0,190883.00,0.00,0.00,218,12.92,3.03,0.00,-5.0,4.998,4.998,4.998,4.998,243
2022-01-03 11:05:22,5.4,10.7,412,0.0,0.0,0,0.0,0.0,0,191295.00,0.00,0.00,200,13.00,2.77,0.00,-4.5,4.998,4.998,4.998,4.998,92
2022-01-03 11:06:22,9.5,10.8,421,0.0,0.0,0,0.0,0.0,0,191716.00,0.00,0.00,213,12.96,2.96,0.00,-5.0,4.998,4.998,4.998,4.998,26
2022-01-03 11:07:22,6.0,11.7,539,0.0,0.0,0,0.0,0.0,0,192255.00,0.00,0.00,186,12.92,2.59,0.00,-5.0,4.998,4.998,4.998,4.998,210
2022-01-03 11:08:22,14.2,15.5,641,0.0,0.0,0,0.0,0.0,0,192896.00,0.00,0.00,178,12.92,2.47,0.00,-5.5,4.998,4.998,4.998,4.998,120
2022-01-03 11:09:22,9.2,15.7,501,0.0,0.0,0,0.0,0.0,0,193397.00,0.00,0.00,197,12.92,2.73,0.00,-6.0,4.998,4.998,4.998,4.998,216
2022-01-03 11:10:22,6.9,11.6,513,0.0,0.0,0,0.0,0.0,0,193910.00,0.00,0.00,189,12.89,2.62,0.00,-5.5,4.998,4.998,4.998,4.998,177
2022-01-03 11:11:22,12.3,17.8,591,0.0,0.0,0,0.0,0.0,0,194501.00,0.00,0.00,180,12.89,2.50,0.00,-5.5,4.998,4.998,4.998,4.998,166
2022-01-03 11:12:22,6.8,17.7,578,0.0,0.0,0,0.0,0.0,0,195079.00,0.00,0.00,185,12.89,2.58,0.00,-6.0,4.998,4.998,4.998,4.998,95
2022-01-03 11:13:22,9.6,9.7,406,0.0,0.0,0,0.0,0.0,0,195485.00,0.00,0.00,184,12.89,2.55,0.00,-5.5,4.998,4.998,4.998,4.998,90
2022-01-03 11:14:22,6.2,12.9,417,0.0,0.0,0,0.0,0.0,0,195902.00,0.00,0.00,226,12.92,3.14,0.00,-5.5,4.998,4.998,4.998,4.998,80
2022-01-03 11:15:22,9.1,13.4,514,0.0,0.0,0,0.0,0.0,0,196416.00,0.00,0.00,162,12.89,2.25,0.00,-5.5,4.998,4.998,4.998,4.998,140
2022-01-03 11:16:22,6.4,11.3,524,0.0,0.0,0,0.0,0.0,0,196940.00,0.00,0.00,193,12.89,2.69,0.00,-5.5,4.998,4.998,4.998,4.998,77
2022-01-03 11:17:22,6.6,10.4,417,0.0,0.0,0,0.0,0.0,0,197357.00,0.00,0.00,172,12.92,2.39,0.00,-5.5,4.998,4.998,4.998,4.998,169
2022-01-03 11:18:22,4.5,14.1,493,0.0,0.0,0,0.0,0.0,0,197850.00,0.00,0.00,191,12.96,2.66,0.00,-5.5,4.998,4.998,4.998,4.998,78
2022-01-03 11:19:22,6.8,11.8,428,0.0,0.0,0,0.0,0.0,0,198278.00,0.00,0.00,188,13.00,2.62,0.00,-5.0,4.998,4.998,4.998,4.998,78
2022-01-03 11:20:22,5.5,8.9,414,0.0,0.0,0,0.0,0.0,0,198692.00,0.00,0.00,203,12.96,2.82,0.00,-5.0,4.998,4.998,4.998,4.998,98
2022-01-03 11:21:22,9.1,9.6,410,0.0,0.0,0,0.0,0.0,0,199102.00,0.00,0.00,193,13.00,2.69,0.00,-5.5,4.998,4.998,4.998,4.998,184
2022-01-03 11:22:22,7.8,9.5,454,0.0,0.0,0,0.0,0.0,0,199556.00,0.00,0.00,164,12.96,2.28,0.00,-5.0,4.998,4.998,4.998,4.998,236
2022-01-03 11:23:22,12.6,14.1,618,0.0,0.0,0,0.0,0.0,0,200174.00,0.00,0.00,198,12.96,2.76,0.00,-5.5,4.998,4.998,4.998,4.998,67
2022-01-03 11:24:22,8.1,14.9,666,0.0,0.0,0,0.0,0.0,0,200840.00,0.00,0.00,191,12.96,2.66,0.00,-5.5,4.998,4.998,4.998,4.998,14
2022-01-03 11:25:22,3.8,13.6,462,0.0,0.0,0,0.0,0.0,0,201302.00,0.00,0.00,215,12.96,2.99,0.00,-5.5,4.998,4.998,4.998,4.998,9
2022-01-03 11:26:22,11.7,13.9,600,0.0,0.0,0,0.0,0.0,0,201902.00,0.00,0.00,165,12.96,2.29,0.00,-5.5,4.998,4.998,4.998,4.998,30
2022-01-03 11:27:22,7.8,14.4,473,0.0,0.0,0,0.0,0.0,0,202375.00,0.00,0.00,200,12.92,2.78,0.00,-5.5,4.998,4.998,4.998,4.998,75
2022-01-03 11:28:22,9.0,17.2,658,0.0,0.0,0,0.0,0.0,0,203033.00,0.00,0.00,197,12.96,2.73,0.00,-5.5,4.998,4.998,4.998,4.998,92
2022-01-03 11:29:22,4.9,13.0,592,0.0,0.0,0,0.0,0.0,0,203625.00,0.00,0.00,197,12.92,2.74,0.00,-5.5,4.998,4.998,4.998,4.998,11
2022-01-03 11:30:22,8.4,11.4,451,0.0,0.0,0,0.0,0.0,0,204076.00,0.00,0.00,196,12.92,2.73,0.00,-5.5,4.998,4.998,4.998,4.998,227
2022-01-03 11:31:22,8.6,13.0,578,0.0,0.0,0,0.0,0.0,0,204654.00,0.00,0.00,179,12.92,2.49,0.00,-5.5,4.998,4.998,4.998,4.998,172
2022-01-03 11:32:22,8.7,14.6,415,0.0,0.0,0,0.0,0.0,0,205069.00,0.00,0.00,187,12.92,2.60,0.00,-5.5,4.998,4.998,4.998,4.998,116
2022-01-03 11:33:22,12.5,13.5,582,0.0,0.0,0,0.0,0.0,0,205651.00,0.00,0.00,208,12.92,2.89,0.00,-5.0,4.998,4.998,4.998,4.998,254
2022-01-03 11:34:22,9.0,16.9,703,0.0,0.0,0,0.0,0.0,0,206354.00,0.00,0.00,206,12.89,2.86,0.00,-5.5,4.998,4.998,4.998,4.998,246
2022-01-03 11:35:22,12.0,16.0,605,0.0,0.0,0,0.0,0.0,0,206959.00,0.00,0.00,197,12.89,2.74,0.00,-5.0,4.998,4.998,4.998,4.998,199
2022-01-03 11:36:22,6.0,11.6,537,0.0,0.0,0,0.0,0.0,0,207496.00,0.00,0.00,201,12.89,2.79,0.00,-5.5,4.998,4.998,4.998,4.998,216
2022-01-03 11:37:22,7.6,8.4,327,0.0,0.0,0,0.0,0.0,0,207823.00,0.00,0.00,204,12.89,2.84,0.00,-5.5,4.998,4.998,4.998,4.998,47
2022-01-03 11:38:22,10.2,14.1,602,0.0,0.0,0,0.0,0.0,0,208425.00,0.00,0.00,239,12.85,3.33,0.00,-5.0,4.998,4.998,4.998,4.998,150
2022-01-03 11:39:22,8.2,12.7,519,0.0,0.0,0,0.0,0.0,0,208944.00,0.00,0.00,193,12.81,2.69,0.00,-5.5,4.998,4.998,4.998,4.998,117
2022-01-03 11:40:22,12.3,12.6,543,0.0,0.0,0,0.0,0.0,0,209487.00,0.00,0.00,232,12.85,3.22,0.00,-5.5,4.998,4.998,4.998,4.998,23
2022-01-03 11:41:22,7.0,14.5,590,0.0,0.0,0,0.0,0.0,0,210077.00,0.00,0.00,163,12.85,2.26,0.00,-5.5,4.998,4.998,4.998,4.998,51
2022-01-03 11:42:22,11.7,16.1,484,0.0,0.0,0,0.0,0.0,0,210561.00,0.00,0.00,208,12.81,2.90,0.00,-5.0,4.998,4.998,4.998,4.998,191
2022-01-03 11:43:22,9.1,16.0,677,0.0,0.0,0,0.0,0.0,0,211238.00,0.00,0.00,209,12.81,2.91,0.00,-5.0,4.998,4.998,4.998,4.998,142
2022-01-03 11:44:22,6.6,14.3,623,0.0,0.0,0,0.0,0.0,0,211861.00,0.00,0.00,179,12.81,2.49,0.00,-5.5,4.998,4.998,4.998,4.998,186
2022-01-03 11:45:22,8.4,15.6,514,0.0,0.0,0,0.0,0.0,0,212375.00,0.00,0.00,165,12.77,2.29,0.00,-5.5,4.998,4.998,4.998,4.998,75
2022-01-03 11:46:22,8.8,11.2,429,0.0,0.0,0,0.0,0.0,0,212804.00,0.00,0.00,185,12.77,2.57,0.00,-5.5,4.998,4.998,4.998,4.998,48
2022-01-03 11:47:22,8.0,11.0,481,0.0,0.0,0,0.0,0.0,0,213285.00,0.00,0.00,184,12.77,2.56,0.00,-5.0,4.998,4.998,4.998,4.998,203
2022-01-03 11:48:22,7.9,13.0,531,0.0,0.0,0,0.0,0.0,0,213816.00,0.00,0.00,161,12.77,2.24,0.00,-5.5,4.998,4.998,4.998,4.998,49
2022-01-03 11:49:22,11.9,14.3,543,0.0,0.0,0,0.0,0.0,0,214359.00,0.00,0.00,164,12.73,2.28,0.00,-5.5,4.998,4.998,4.998,4.998,45
2022-01-03 11:50:22,6.8,11.7,480,0.0,0.0,0,0.0,0.0,0,214839.00,0.00,0.00,216,12.77,3.00,0.00,-5.5,4.998,4.998,4.998,4.998,138
2022-01-03 11:51:22,6.7,9.5,397,0.0,0.0,0,0.0,0.0,0,215236.00,0.00,0.00,230,12.73,3.19,0.00,-5.5,4.998,4.998,4.998,4.998,216
2022-01-03 11:52:22,9.3,10.2,467,0.0,0.0,0,0.0,0.0,0,215703.00,0.00,0.00,181,12.73,2.51,0.00,-5.5,4.998,4.998,4.998,4.998,233
2022-01-03 11:53:22,6.3,11.8,570,0.0,0.0,0,0.0,0.0,0,216273.00,0.00,0.00,206,12.73,2.86,0.00,-5.5,4.998,4.998,4.998,4.998,128
2022-01-03 11:54:22,10.4,10.6,449,0.0,0.0,0,0.0,0.0,0,216722.00,0.00,0.00,179,12.73,2.49,0.00,-5.5,4.998,4.998,4.998,4.998,42
2022-01-03 11:55:22,9.8,15.3,618,0.0,0.0,0,0.0,0.0,0,217340.00,0.00,0.00,187,12.73,2.59,0.00,-5.0,4.998,4.998,4.998,4.998,163
2022-01-03 11:56:22,10.1,17.3,768,0.0,0.0,0,0.0,0.0,0,218108.00,0.00,0.00,216,12.69,3.00,0.00,-5.5,4.998,4.998,4.998,4.998,0
2022-01-03 11:57:22,6.6,11.7,483,0.0,0.0,0,0.0,0.0,0,218591.00,0.00,0.00,207,12.73,2.88,0.00,-5.5,4.998,4.998,4.998,4.998,131
2022-01-03 11:58:22,7.8,12.2,525,0.0,0.0,0,0.0,0.0,0,219116.00,0.00,0.00,180,12.69,2.50,0.00,-5.5,4.998,4.998,4.998,4.998,26
2022-01-03 11:59:22,6.3,11.4,474,0.0,0.0,0,0.0,0.0,0,219590.00,0.00,0.00,208,12.69,2.89,0.00,-5.0,4.998,4.998,4.998,4.998,56
2022-01-03 12:00:22,6.2,10.5,499,0.0,0.0,0,0.0,0.0,0,220089.00,0.00,0.00,187,12.69,2.60,0.00,-5.0,4.998,4.998,4.998,4.998,7
2022-01-03 12:01:22,9.8,14.1,600,0.0,0.0,0,0.0,0.0,0,220689.00,0.00,0.00,199,12.69,2.76,0.00,-5.0,4.998,4.998,4.998,4.998,235
2022-01-03 12:02:22,5.8,14.0,595,0.0,0.0,0,0.0,0.0,0,221284.00,0.00,0.00,203,12.69,2.82,0.00,-5.5,4.998,4.998,4.998,4.998,244
2022-01-03 12:03:22,8.1,10.3,435,0.0,0.0,0,0.0,0.0,0,221719.00,0.00,0.00,167,12.69,2.32,0.00,-5.0,4.998,4.998,4.998,4.998,177
2022-01-03 12:04:22,9.8,14.9,627,0.0,0.0,0,0.0,0.0,0,222346.00,0.00,0.00,193,12.69,2.69,0.00,-5.5,4.998,4.998,4.998,4.998,182
2022-01-03 12:05:22,6.9,15.0,597,0.0,0.0,0,0.0,0.0,0,222943.00,0.00,0.00,221,12.65,3.08,0.00,-5.5,4.998,4.998,4.998,4.998,67
2022-01-03 12:06:22,3.9,10.6,425,0.0,0.0,0,0.0,0.0,0,223368.00,0.00,0.00,187,12.65,2.60,0.00,-5.0,4.998,4.998,4.998,4.998,61
2022-01-03 12:07:22,10.1,10.8,369,0.0,0.0,0,0.0,0.0,0,223737.00,0.00,0.00,159,12.65,2.21,0.00,-5.5,4.998,4.998,4.998,4.998,54
2022-01-03 12:08:22,4.9,11.9,503,0.0,0.0,0,0.0,0.0,0,224240.00,0.00,0.00,178,12.65,2.47,0.00,-5.0,4.998,4.998,4.998,4.998,6
2022-01-03 12:09:22,10.8,12.7,431,0.0,0.0,0,0.0,0.0,0,224671.00,0.00,0.00,223,12.65,3.11,0.00,-5.0,4.998,4.998,4.998,4.998,157
2022-01-03 12:10:22,9.4,13.5,545,0.0,0.0,0,0.0,0.0,0,225216.00,0.00,0.00,177,12.65,2.46,0.00,-5.0,4.998,4.998,4.998,4.998,39
2022-01-03 12:11:22,5.6,11.6,551,0.0,0.0,0,0.0,0.0,0,225767.00,0.00,0.00,228,12.61,3.16,0.00,-5.0,4.998,4.998,4.998,4.998,28
2022-01-03 12:12:22,8.2,12.9,461,0.0,0.0,0,0.0,0.0,0,226228.00,0.00,0.00,197,12.65,2.73,0.00,-5.5,4.998,4.998,4.998,4.998,142
2022-01-03 12:13:22,12.3,15.8,663,0.0,0.0,0,0.0,0.0,0,226891.00,0.00,0.00,203,12.65,2.83,0.00,-5.5,4.998,4.998,4.998,4.998,214
2022-01-03 12:14:22,8.3,15.1,563,0.0,0.0,0,0.0,0.0,0,227454.00,0.00,0.00,211,12.65,2.94,0.00,-5.5,4.998,4.998,4.998,4.998,210
2022-01-03 12:15:22,5.0,14.5,531,0.0,0.0,0,0.0,0.0,0,227985.00,0.00,0.00,214,12.61,2.98,0.00,-5.5,4.998,4.998,4.998,4.998,168
2022-01-03 12:16:22,6.2,9.6,449,0.0,0.0,0,0.0,0.0,0,228434.00,0.00,0.00,208,12.61,2.89,0.00,-5.5,4.998,4.998,4.998,4.998,121
2022-01-03 12:17:22,9.6,14.8,595,0.0,0.0,0,0.0,0.0,0,229029.00,0.00,0.00,162,12.61,2.26,0.00,-5.5,4.998,4.998,4.998,4.998,252
2022-01-03 12:18:22,8.3,13.3,571,0.0,0.0,0,0.0,0.0,0,229600.00,0.00,0.00,226,12.65,3.14,0.00,-5.5,4.998,4.998,4.998,4.998,94
2022-01-03 12:19:22,4.8,11.1,492,0.0,0.0,0,0.0,0.0,0,230092.00,0.00,0.00,207,12.61,2.88,0.00,-5.0,4.998,4.998,4.998,4.998,179
2022-01-03 12:20:22,7.0,9.9,362,0.0,0.0,0,0.0,0.0,0,230454.00,0.00,0.00,222,12.61,3.09,0.00,-5.0,4.998,4.998,4.998,4.998,217
2022-01-03 12:21:22,5.4,10.3,451,0.0,0.0,0,0.0,0.0,0,230905.00,0.00,0.00,182,12.61,2.53,0.00,-5.0,4.998,4.998,4.998,4.998,233
2022-01-03 12:22:22,9.6,13.0,515,0.0,0.0,0,0.0,0.0,0,231420.00,0.00,0.00,223,12.61,3.10,0.00,-5.5,4.998,4.998,4.998,4.998,138
2022-01-03 12:23:22,7.8,13.0,570,0.0,0.0,0,0.0,0.0,0,231990.00,0.00,0.00,209,12.61,2.91,0.00,-5.5,4.998,4.998,4.998,4.998,27
2022-01-03 12:24:22,7.6,10.3,388,0.0,0.0,0,0.0,0.0,0,232378.00,0.00,0.00,214,12.61,2.98,0.00,-5.5,4.998,4.998,4.998,4.998,152
2022-01-03 12:25:22,8.8,15.3,624,0.0,0.0,0,0.0,0.0,0,233002.00,0.00,0.00,188,12.61,2.62,0.00,-5.5,4.998,4.998,4.998,4.998,81
2022-01-03 12:26:22,7.5,9.5,424,0.0,0.0,0,0.0,0.0,0,233426.00,0.00,0.00,191,12.61,2.66,0.00,-5.0,4.998,4.998,4.998,4.998,13
2022-01-03 12:27:22,7.2,10.7,446,0.0,0.0,0,0.0,0.0,0,233872.00,0.00,0.00,204,12.57,2.84,0.00,-5.0,4.998,4.998,4.998,4.998,62
2022-01-03 12:28:22,6.7,9.4,435,0.0,0.0,0,0.0,0.0,0,234307.00,0.00,0.00,198,12.61,2.75,0.00,-5.0,4.998,4.998,4.998,4.998,20
2022-01-03 12:29:22,6.3,9.8,432,0.0,0.0,0,0.0,0.0,0,234739.00,0.00,0.00,161,12.61,2.24,0.00,-5.0,4.998,4.998,4.998,4.998,58
2022-01-03 12:30:22,9.5,12.6,443,0.0,0.0,0,0.0,0.0,0,235182.00,0.00,0.00,191,12.61,2.65,0.00,-5.0,4.998,4.998,4.998,4.998,224
2022-01-03 12:31:22,6.0,10.4,496,0.0,0.0,0,0.0,0.0,0,235678.00,0.00,0.00,201,12.57,2.80,0.00,-5.0,4.998,4.998,4.998,4.998,151
2022-01-03 12:32:22,7.0,8.3,310,0.0,0.0,0,0.0,0.0,0,235988.00,0.00,0.00,177,12.61,2.46,0.00,-5.0,4.998,4.998,4.998,4.998,119
2022-01-03 12:33:22,6.8,8.9,367,0.0,0.0,0,0.0,0.0,0,236355.00,0.00,0.00,182,12.57,2.53,0.00,-5.0,4.998,4.998,4.998,4.998,178
2022-01-03 12:34:22,7.0,11.6,446,0.0,0.0,0,0.0,0.0,0,236801.00,0.00,0.00,184,12.57,2.56,0.00,-5.0,4.998,4.998,4.998,4.998,145
2022-01-03 12:35:22,8.9,13.0,552,0.0,0.0,0,0.0,0.0,0,237353.00,0.00,0.00,206,12.57,2.86,0.00,-5.0,4.998,4.998,4.998,4.998,235
2022-01-03 12:36:22,7.2,11.5,517,0.0,0.0,0,0.0,0.0,0,237870.00,0.00,0.00,180,12.57,2.50,0.00,-5.5,4.998,4.998,4.998,4.998,152
2022-01-03 12:37:22,5.9,9.5,459,0.0,0.0,0,0.0,0.0,0,238329.00,0.00,0.00,223,12.57,3.11,0.00,-5.0,4.998,4.998,4.998,4.998,13
2022-01-03 12:38:22,8.7,11.0,392,0.0,0.0,0,0.0,0.0,0,238721.00,0.00,0.00,193,12.57,2.68,0.00,-5.0,4.998,4.998,4.998,4.998,10
2022-01-03 12:39:22,6.4,8.6,383,0.0,0.0,0,0.0,0.0,0,239104.00,0.00,0.00,161,12.57,2.23,0.00,-5.0,4.998,4.998,4.998,4.998,166
2022-01-03 12:40:22,5.2,8.1,365,0.0,0.0,0,0.0,0.0,0,239469.00,0.00,0.00,164,12.61,2.28,0.00,-5.0,4.998,4.998,4.998,4.998,128
2022-01-03 12:41:22,5.6,8.5,366,0.0,0.0,0,0.0,0.0,0,239835.00,0.00,0.00,199,12.57,2.77,0.00,-5.5,4.998,4.998,4.998,4.998,251
2022-01-03 12:42:22,8.3,8.6,391,0.0,0.0,0,0.0,0.0,0,240226.00,0.00,0.00,179,12.57,2.49,0.00,-5.5,4.998,4.998,4.998,4.998,227
2022-01-03 12:43:22,10.2,14.3,584,0.0,0.0,0,0.0,0.0,0,240810.00,0.00,0.00,217,12.57,3.01,0.00,-5.0,4.998,4.998,4.998,4.998,81
2022-01-03 12:44:22,5.7,10.8,385,0.0,0.0,0,0.0,0.0,0,241195.00,0.00,0.00,154,12.61,2.14,0.00,-5.0,4.998,4.998,4.998,4.998,151
2022-01-03 12:45:22,6.8,8.2,276,0.0,0.0,0,0.0,0.0,0,241471.00,0.00,0.00,166,12.57,2.31,0.00,-5.5,4.998,4.998,4.998,4.998,253
2022-01-03 12:46:22,8.7,10.6,481,0.0,0.0,0,0.0,0.0,0,241952.00,0.00,0.00,216,12.57,3.00,0.00,-5.0,4.998,4.998,4.998,4.998,173
2022-01-03 12:47:22,6.0,9.5,439,0.0,0.0,0,0.0,0.0,0,242391.00,0.00,0.00,173,12.61,2.40,0.00,-5.0,4.998,4.998,4.998,4.998,38
2022-01-03 12:48:22,8.6,10.9,428,0.0,0.0,0,0.0,0.0,0,242819.00,0.00,0.00,146,12.61,2.03,0.00,-4.5,4.998,4.998,4.998,4.998,231
2022-01-03 12:49:22,4.8,11.6,434,0.0,0.0,0,0.0,0.0,0,243253.00,0.00,0.00,158,12.61,2.20,0.00,-5.0,4.998,4.998,4.998,4.998,126
2022-01-03 12:50:22,5.9,8.1,378,0.0,0.0,0,0.0,0.0,0,243631.00,0.00,0.00,208,12.57,2.89,0.00,-5.0,4.998,4.998,4.998,4.998,137
2022-01-03 12:51:22,4.8,8.1,384,0.0,0.0,0,0.0,0.0,0,244015.00,0.00,0.00,202,12.61,2.81,0.00,-4.5,4.998,4.998,4.998,4.998,236
2022-01-03 12:52:22,6.5,12.8,509,0.0,0.0,0,0.0,0.0,0,244524.00,0.00,0.00,222,12.57,3.09,0.00,-5.0,4.998,4.998,4.998,4.998,212
2022-01-03 12:53:22,7.1,7.8,357,0.0,0.0,0,0.0,0.0,0,244881.00,0.00,0.00,191,12.57,2.66,0.00,-4.5,4.998,4.998,4.998,4.998,186
2022-01-03 12:54:22,7.8,12.9,496,0.0,0.0,0,0.0,0.0,0,245377.00,0.00,0.00,177,12.57,2.46,0.00,-5.0,4.998,4.998,4.998,4.998,16
2022-01-03 12:55:22,6.7,8.6,397,0.0,0.0,0,0.0,0.0,0,245774.00,0.00,0.00,190,12.61,2.64,0.00,-4.5,4.998,4.998,4.998,4.998,187
2022-01-03 12:56:22,7.3,12.4,480,0.0,0.0,0,0.0,0.0,0,246254.00,0.00,0.00,189,12.57,2.63,0.00,-5.0,4.998,4.998,4.998,4.998,112
2022-01-03 12:57:22,9.1,11.2,499,0.0,0.0,0,0.0,0.0,0,246753.00,0.00,0.00,149,12.57,2.07,0.00,-5.0,4.998,4.998,4.998,4.998,131
2022-01-03 12:58:22,6.4,10.2,439,0.0,0.0,0,0.0,0.0,0,247192.00,0.00,0.00,216,12.57,3.00,0.00,-4.5,4.998,4.998,4.998,4.998,55
2022-01-03 12:59:22,6.2,7.5,341,0.0,0.0,0,0.0,0.0,0,247533.00,0.00,0.00,168,12.61,2.34,0.00,-5.0,4.998,4.998,4.998,4.998,82
2022-01-03 13:00:22,6.0,9.0,437,0.0,0.0,0,0.0,0.0,0,247970.00,0.00,0.00,206,12.57,2.87,0.00,-5.0,4.998,4.998,4.998,4.998,82
2022-01-03 13:01:22,6.5,15.2,661,0.0,0.0,0,0.0,0.0,0,248631.00,0.00,0.00,169,12.57,2.34,0.00,-4.5,4.998,4.998,4.998,4.998,186
2022-01-03 13:02:22,5.6,9.3,400,0.0,0.0,0,0.0,0.0,0,249031.00,0.00,0.00,197,12.61,2.73,0.00,-4.5,4.998,4.998,4.998,4.998,124
2022-01-03 13:03:22,5.7,8.5,366,0.0,0.0,0,0.0,0.0,0,249397.00,0.00,0.00,192,12.57,2.67,0.00,-4.5,4.998,4.998,4.998,4.998,242
2022-01-03 13:04:22,6.2,10.2,396,0.0,0.0,0,0.0,0.0,0,249793.00,0.00,0.00,197,12.61,2.74,0.00,-4.5,4.998,4.998,4.998,4.998,9
2022-01-03 13:05:22,10.3,10.3,440,0.0,0.0,0,0.0,0.0,0,250233.00,0.00,0.00,237,12.57,3.29,0.00,-4.5,4.998,4.998,4.998,4.998,134
2022-01-03 13:06:22,6.8,13.5,514,0.0,0.0,0,0.0,0.0,0,250747.00,0.00,0.00,224,12.61,3.12,0.00,-4.5,4.998,4.998,4.998,4.998,220
2022-01-03 13:07:22,8.4,13.0,563,0.0,0.0,0,0.0,0.0,0,251310.00,0.00,0.00,190,12.61,2.64,0.00,-4.5,4.998,4.998,4.998,4.998,95
2022-01-03 13:08:22,6.0,9.8,344,0.0,0.0,0,0.0,0.0,0,251654.00,0.00,0.00,209,12.57,2.91,0.00,-4.5,4.998,4.998,4.998,4.998,139
2022-01-03 13:09:22,4.7,9.3,370,0.0,0.0,0,0.0,0.0,0,252024.00,0.00,0.00,160,12.61,2.22,0.00,-5.0,4.998,4.998,4.998,4.998,63
2022-01-03 13:10:22,3.8,10.9,370,0.0,0.0,0,0.0,0.0,0,252394.00,0.00,0.00,189,12.61,2.63,0.00,-4.1,4.998,4.998,4.998,4.998,76
2022-01-03 13:11:22,8.1,13.2,429,0.0,0.0,0,0.0,0.0,0,252823.00,0.00,0.00,211,12.61,2.93,0.00,-4.5,4.998,4.998,4.998,4.998,43
2022-01-03 13:12:22,6.8,11.6,445,0.0,0.0,0,0.0,0.0,0,253268.00,0.00,0.00,190,12.57,2.64,0.00,-4.1,4.998,4.998,4.998,4.998,210
2022-01-03 13:13:22,7.6,11.7,526,0.0,0.0,0,0.0,0.0,0,253794.00,0.00,0.00,181,12.61,2.51,0.00,-4.5,4.998,4.998,4.998,4.998,92
2022-01-03 13:14:22,6.4,7.9,347,0.0,0.0,0,0.0,0.0,0,254141.00,0.00,0.00,192,12.57,2.67,0.00,-4.5,4.998,4.998,4.998,4.998,64
2022-01-03 13:15:22,6.8,10.8,441,0.0,0.0,0,0.0,0.0,0,254582.00,0.00,0.00,213,12.57,2.96,0.00,-4.5,4.998,4.998,4.998,4.998,202
2022-01-03 13:16:22,8.1,12.8,514,0.0,0.0,0,0.0,0.0,0,255096.00,0.00,0.00,202,12.57,2.80,0.00,-5.0,4.998,4.998,4.998,4.998,149
2022-01-03 13:17:22,7.4,12.3,541,0.0,0.0,0,0.0,0.0,0,255637.00,0.00,0.00,214,12.57,2.97,0.00,-4.5,4.998,4.998,4.998,4.998,28
2022-01-03 13:18:22,5.5,7.2,338,0.0,0.0,0,0.0,0.0,0,255975.00,0.00,0.00,195,12.61,2.70,0.00,-4.5,4.998,4.998,4.998,4.998,54
2022-01-03 13:19:22,6.9,8.3,278,0.0,0.0,0,0.0,0.0,0,256253.00,0.00,0.00,203,12.61,2.82,0.00,-4.1,4.998,4.998,4.998,4.998,156
2022-01-03 13:20:22,7.0,9.7,404,0.0,0.0,0,0.0,0.0,0,256657.00,0.00,0.00,195,12.61,2.70,0.00,-4.1,4.998,4.998,4.998,4.998,248
2022-01-03 13:21:22,8.8,12.2,525,0.0,0.0,0,0.0,0.0,0,257182.00,0.00,0.00,207,12.65,2.88,0.00,-4.5,4.998,4.998,4.998,4.998,112
2022-01-03 13:22:22,5.7,10.7,484,0.0,0.0,0,0.0,0.0,0,257666.00,0.00,0.00,198,12.61,2.75,0.00,-4.5,4.998,4.998,4.998,4.998,232
2022-01-03 13:23:22,4.8,7.1,315,0.0,0.0,0,0.0,0.0,0,257981.00,0.00,0.00,183,12.61,2.55,0.00,-4.1,4.998,4.998,4.998,4.998,60
2022-01-03 13:24:22,7.0,7.1,224,0.0,0.0,0,0.0,0.0,0,258205.00,0.00,0.00,210,12.61,2.92,0.00,-4.1,4.998,4.998,4.998,4.998,154
2022-01-03 13:25:22,5.1,10.3,420,0.0,0.0,0,0.0,0.0,0,258625.00,0.00,0.00,227,12.57,3.15,0.00,-4.1,4.998,4.998,4.998,4.998,70
2022-01-03 13:26:22,6.6,9.3,430,0.0,0.0,0,0.0,0.0,0,259055.00,0.00,0.00,239,12.57,3.33,0.00,-4.5,4.998,4.998,4.998,4.998,123
2022-01-03 13:27:22,5.0,6.9,217,0.0,0.0,0,0.0,0.0,0,259272.00,0.00,0.00,188,12.57,2.61,0.00,-4.5,4.998,4.998,4.998,4.998,135
2022-01-03 13:28:22,7.0,10.7,488,0.0,0.0,0,0.0,0.0,0,259760.00,0.00,0.00,183,12.57,2.54,0.00,-4.1,4.998,4.998,4.998,4.998,162
2022-01-03 13:29:22,8.2,8.2,322,0.0,0.0,0,0.0,0.0,0,260082.00,0.00,0.00,213,12.61,2.96,0.00,-4.1,4.998,4.998,4.998,4.998,250
2022-01-03 13:30:22,9.7,11.7,537,0.0,0.0,0,0.0,0.0,0,260619.00,0.00,0.00,194,12.57,2.70,0.00,-4.5,4.998,4.998,4.998,4.998,100
2022-01-03 13:31:22,4.5,10.5,479,0.0,0.0,0,0.0,0.0,0,261098.00,0.00,0.00,188,12.61,2.61,0.00,-4.1,4.998,4.998,4.998,4.998,235
2022-01-03 13:32:22,4.9,7.5,312,0.0,0.0,0,0.0,0.0,0,261410.00,0.00,0.00,198,12.57,2.75,0.00,-4.1,4.998,4.998,4.998,4.998,228
2022-01-03 13:33:22,3.6,7.8,344,0.0,0.0,0,0.0,0.0,0,261754.00,0.00,0.00,194,12.57,2.69,0.00,-4.1,4.998,4.998,4.998,4.998,3
2022-01-03 13:34:22,11.9,13.6,428,0.0,0.0,0,0.0,0.0,0,262182.00,0.00,0.00,211,12.57,2.94,0.00,-4.1,4.998,4.998,4.998,4.998,0
2022-01-03 13:35:22,9.8,12.9,506,0.0,0.0,0,0.0,0.0,0,262688.00,0.00,0.00,201,12.57,2.79,0.00,-4.1,4.998,4.998,4.998,4.998,9
2022-01-03 13:36:22,7.2,12.0,510,0.0,0.0,0,0.0,0.0,0,263198.00,0.00,0.00,178,12.57,2.48,0.00,-4.1,4.998,4.998,4.998,4.998,242
2022-01-03 13:37:22,8.0,10.0,425,0.0,0.0,0,0.0,0.0,0,263623.00,0.00,0.00,173,12.61,2.40,0.00,-4.1,4.998,4.998,4.998,4.998,210
2022-01-03 13:38:22,3.4,7.8,308,0.0,0.0,0,0.0,0.0,0,263931.00,0.00,0.00,201,12.57,2.79,0.00,-4.1,4.998,4.998,4.998,4.998,246
2022-01-03 13:39:22,8.4,12.4,549,0.0,0.0,0,0.0,0.0,0,264480.00,0.00,0.00,179,12.61,2.49,0.00,-4.1,4.998,4.998,4.998,4.998,140
2022-01-03 13:40:22,7.9,10.4,456,0.0,0.0,0,0.0,0.0,0,264936.00,0.00,0.00,157,12.61,2.18,0.00,-4.1,4.998,4.998,4.998,4.998,61
2022-01-03 13:41:22,9.3,12.6,473,0.0,0.0,0,0.0,0.0,0,265409.00,0.00,0.00,211,12.61,2.93,0.00,-4.1,4.998,4.998,4.998,4.998,138
2022-01-03 13:42:22,4.5,11.0,391,0.0,0.0,0,0.0,0.0,0,265800.00,0.00,0.00,213,12.57,2.95,0.00,-4.5,4.998,4.998,4.998,4.998,118
2022-01-03 13:43:22,6.0,13.3,444,0.0,0.0,0,0.0,0.0,0,266244.00,0.00,0.00,193,12.57,2.68,0.00,-4.5,4.998,4.998,4.998,4.998,249
2022-01-03 13:44:22,6.1,12.4,455,0.0,0.0,0,0.0,0.0,0,266699.00,0.00,0.00,160,12.57,2.22,0.00,-4.1,4.998,4.998,4.998,4.998,217
2022-01-03 13:45:22,4.5,8.0,402,0.0,0.0,0,0.0,0.0,0,267101.00,0.00,0.00,190,12.61,2.65,0.00,-4.1,4.998,4.998,4.998,4.998,150
2022-01-03 13:46:22,7.4,8.7,330,0.0,0.0,0,0.0,0.0,0,267431.00,0.00,0.00,192,12.61,2.67,0.00,-4.1,4.998,4.998,4.998,4.998,228
2022-01-03 13:47:22,7.9,8.6,379,0.0,0.0,0,0.0,0.0,0,267810.00,0.00,0.00,210,12.57,2.91,0.00,-3.6,4.998,4.998,4.998,4.998,240
2022-01-03 13:48:22,5.7,9.6,412,0.0,0.0,0,0.0,0.0,0,268222.00,0.00,0.00,207,12.61,2.88,0.00,-4.1,4.998,4.998,4.998,4.998,81
2022-01-03 13:49:22,8.3,8.9,371,0.0,0.0,0,0.0,0.0,0,268593.00,0.00,0.00,189,12.61,2.62,0.00,-3.6,4.998,4.998,4.998,4.998,108
2022-01-03 13:50:22,2.3,13.4,515,0.0,0.0,0,0.0,0.0,0,269108.00,0.00,0.00,200,12.61,2.78,0.00,-4.1,4.998,4.998,4.998,4.998,102
2022-01-03 13:51:22,6.3,18.3,543,0.0,0.0,0,0.0,0.0,0,269651.00,0.00,0.00,198,12.57,2.75,0.00,-4.1,4.998,4.998,4.998,4.998,145
2022-01-03 13:52:22,6.3,12.5,487,0.0,0.0,0,0.0,0.0,0,270138.00,0.00,0.00,196,12.61,2.72,0.00,-4.1,4.998,4.998,4.998,4.998,59
2022-01-03 13:53:22,7.1,12.8,489,0.0,0.0,0,0.0,0.0,0,270627.00,0.00,0.00,167,12.57,2.32,0.00,-4.1,4.998,4.998,4.998,4.998,166
2022-01-03 13:54:22,7.8,14.4,366,0.0,0.0,0,0.0,0.0,0,270993.00,0.00,0.00,206,12.57,2.87,0.00,-4.1,4.998,4.998,4.998,4.998,4
2022-01-03 13:55:22,5.5,12.5,506,0.0,0.0,0,0.0,0.0,0,271499.00,0.00,0.00,190,12.57,2.65,0.00,-4.1,4.998,4.998,4.998,4.998,26
2022-01-03 13:56:22,3.6,5.6,254,0.0,0.0,0,0.0,0.0,0,271753.00,0.00,0.00,197,12.57,2.74,0.00,-3.6,4.998,4.998,4.998,4.998,159
2022-01-03 13:57:22,6.3,14.8,467,0.0,0.0,0,0.0,0.0,0,272220.00,0.00,0.00,209,12.61,2.91,0.00,-3.6,4.998,4.998,4.998,4.998,64
2022-01-03 13:58:22,8.7,12.5,415,0.0,0.0,0,0.0,0.0,0,272635.00,0.00,0.00,191,12.57,2.66,0.00,-3.6,4.998,4.998,4.998,4.998,6
2022-01-03 13:59:22,5.7,13.6,522,0.0,0.0,0,0.0,0.0,0,273157.00,0.00,0.00,197,12.61,2.74,0.00,-4.1,4.998,4.998,4.998,4.998,99
2022-01-03 14:00:22,6.0,9.7,402,0.0,0.0,0,0.0,0.0,0,273559.00,0.00,0.00,174,12.61,2.42,0.00,-3.6,4.998,4.998,4.998,4.998,64
2022-01-03 14:01:22,5.5,8.1,354,0.0,0.0,0,0.0,0.0,0,273913.00,0.00,0.00,215,12.57,2.99,0.00,-4.1,4.998,4.998,4.998,4.998,40
2022-01-03 14:02:22,9.4,10.1,404,0.0,0.0,0,0.0,0.0,0,274317.00,0.00,0.00,206,12.57,2.86,0.00,-3.6,4.998,4.998,4.998,4.998,36
2022-01-03 14:03:22,6.9,10.2,478,0.0,0.0,0,0.0,0.0,0,274795.00,0.00,0.00,171,12.57,2.38,0.00,-4.1,4.998,4.998,4.998,4.998,10
2022-01-03 14:04:22,6.4,9.4,407,0.0,0.0,0,0.0,0.0,0,275202.00,0.00,0.00,176,12.57,2.44,0.00,-4.1,4.998,4.998,4.998,4.998,45
2022-01-03 14:05:22,5.6,10.8,412,0.0,0.0,0,0.0,0.0,0,275614.00,0.00,0.00,196,12.57,2.72,0.00,-4.1,4.998,4.998,4.998,4.998,251
2022-01-03 14:06:22,6.9,12.1,507,0.0,0.0,0,0.0,0.0,0,276121.00,0.00,0.00,181,12.57,2.52,0.00,-3.6,4.998,4.998,4.998,4.998,150
2022-01-03 14:07:22,11.1,14.3,390,0.0,0.0,0,0.0,0.0,0,276511.00,0.00,0.00,191,12.57,2.66,0.00,-3.6,4.998,4.998,4.998,4.998,241
2022-01-03 14:08:22,7.1,13.0,554,0.0,0.0,0,0.0,0.0,0,277065.00,0.00,0.00,172,12.57,2.39,0.00,-3.6,4.998,4.998,4.998,4.998,120
2022-01-03 14:09:22,3.8,7.8,318,0.0,0.0,0,0.0,0.0,0,277383.00,0.00,0.00,179,12.61,2.49,0.00,-3.6,4.998,4.998,4.998,4.998,234
2022-01-03 14:10:22,8.9,12.6,415,0.0,0.0,0,0.0,0.0,0,277798.00,0.00,0.00,183,12.57,2.55,0.00,-3.6,4.998,4.998,4.998,4.998,111
2022-01-03 14:11:22,6.6,16.0,607,0.0,0.0,0,0.0,0.0,0,278405.00,0.00,0.00,212,12.57,2.95,0.00,-3.6,4.998,4.998,4.998,4.998,17
2022-01-03 14:12:22,5.9,12.6,421,0.0,0.0,0,0.0,0.0,0,278826.00,0.00,0.00,216,12.61,3.01,0.00,-4.1,4.998,4.998,4.998,4.998,127
2022-01-03 14:13:22,7.6,8.3,298,0.0,0.0,0,0.0,0.0,0,279124.00,0.00,0.00,180,12.57,2.50,0.00,-4.1,4.998,4.998,4.998,4.998,112
2022-01-03 14:14:22,4.4,9.1,425,0.0,0.0,0,0.0,0.0,0,279549.00,0.00,0.00,168,12.57,2.34,0.00,-3.6,4.998,4.998,4.998,4.998,80
2022-01-03 14:15:22,11.8,14.7,367,0.0,0.0,0,0.0,0.0,0,279916.00,0.00,0.00,190,12.57,2.64,0.00,-3.1,4.998,4.998,4.998,4.998,76
2022-01-03 14:16:22,8.3,13.3,556,0.0,0.0,0,0.0,0.0,0,280472.00,0.00,0.00,209,12.57,2.91,0.00,-3.6,4.998,4.998,4.998,4.998,37
2022-01-03 14:17:22,10.1,15.0,653,0.0,0.0,0,0.0,0.0,0,281125.00,0.00,0.00,212,12.57,2.94,0.00,-3.6,4.998,4.998,4.998,4.998,1
2022-01-03 14:18:22,9.8,16.1,679,0.0,0.0,0,0.0,0.0,0,281804.00,0.00,0.00,214,12.57,2.97,0.00,-3.6,4.998,4.998,4.998,4.998,99
2022-01-03 14:19:22,9.4,16.0,711,0.0,0.0,0,0.0,0.0,0,282515.00,0.00,0.00,196,12.57,2.72,0.00,-3.6,4.998,4.998,4.998,4.998,24
2022-01-03 14:20:22,7.2,13.3,456,0.0,0.0,0,0.0,0.0,0,282971.00,0.00,0.00,178,12.57,2.48,0.00,-3.6,4.998,4.998,4.998,4.998,57
2022-01-03 14:21:22,5.6,9.0,388,0.0,0.0,0,0.0,0.0,0,283359.00,0.00,0.00,203,12.57,2.82,0.00,-3.6,4.998,4.998,4.998,4.998,101
2022-01-03 14:22:22,8.8,13.5,512,0.0,0.0,0,0.0,0.0,0,283871.00,0.00,0.00,208,12.57,2.89,0.00,-3.6,4.998,4.998,4.998,4.998,83
2022-01-03 14:23:22,10.9,11.3,478,0.0,0.0,0,0.0,0.0,0,284349.00,0.00,0.00,190,12.57,2.64,0.00,-3.6,4.998,4.998,4.998,4.998,215
2022-01-03 14:24:22,12.0,12.3,532,0.0,0.0,0,0.0,0.0,0,284881.00,0.00,0.00,183,12.57,2.54,0.00,-3.6,4.998,4.998,4.998,4.998,31
2022-01-03 14:25:22,6.2,12.8,538,0.0,0.0,0,0.0,0.0,0,285419.00,0.00,0.00,182,12.57,2.53,0.00,-3.6,4.998,4.998,4.998,4.998,170
2022-01-03 14:26:22,13.0,13.7,560,0.0,0.0,0,0.0,0.0,0,285979.00,0.00,0.00,208,12.57,2.89,0.00,-3.6,4.998,4.998,4.998,4.998,143
2022-01-03 14:27:22,7.4,13.0,501,0.0,0.0,0,0.0,0.0,0,286480.00,0.00,0.00,220,12.57,3.05,0.00,-3.6,4.998,4.998,4.998,4.998,160
2022-01-03 14:28:22,4.3,10.1,377,0.0,0.0,0,0.0,0.0,0,286857.00,0.00,0.00,191,12.57,2.65,0.00,-3.6,4.998,4.998,4.998,4.998,172
2022-01-03 14:29:22,4.8,9.0,347,0.0,0.0,0,0.0,0.0,0,287204.00,0.00,0.00,187,12.57,2.60,0.00,-3.6,4.998,4.998,4.998,4.998,39
2022-01-03 14:30:22,3.8,11.6,395,0.0,0.0,0,0.0,0.0,0,287599.00,0.00,0.00,171,12.61,2.38,0.00,-3.6,4.998,4.998,4.998,4.998,155
2022-01-03 14:31:22,8.0,9.1,420,0.0,0.0,0,0.0,0.0,0,288019.00,0.00,0.00,215,12.61,2.99,0.00,-3.1,4.998,4.998,4.998,4.998,50
2022-01-03 14:32:22,11.4,11.4,512,0.0,0.0,0,0.0,0.0,0,288531.00,0.00,0.00,172,12.61,2.39,0.00,-3.1,4.998,4.998,4.998,4.998,246
2022-01-03 14:33:22,5.5,12.4,497,0.0,0.0,0,0.0,0.0,0,289028.00,0.00,0.00,177,12.57,2.46,0.00,-3.6,4.998,4.998,4.998,4.998,92
2022-01-03 14:34:22,6.7,10.8,416,0.0,0.0,0,0.0,0.0,0,289444.00,0.00,0.00,199,12.61,2.76,0.00,-3.6,4.998,4.998,4.998,4.998,101
2022-01-03 14:35:22,7.0,9.8,430,0.0,0.0,0,0.0,0.0,0,289874.00,0.00,0.00,211,12.57,2.93,0.00,-3.6,4.998,4.998,4.998,4.998,246
2022-01-03 14:36:22,4.4,8.3,339,0.0,0.0,0,0.0,0.0,0,290213.00,0.00,0.00,183,12.57,2.54,0.00,-3.6,4.998,4.998,4.998,4.998,132
2022-01-03 14:37:22,3.9,6.8,238,0.0,0.0,0,0.0,0.0,0,290451.00,0.00,0.00,226,12.57,3.14,0.00,-3.6,4.998,4.998,4.998,4.998,174
2022-01-03 14:38:22,9.6,11.3,335,0.0,0.0,0,0.0,0.0,0,290786.00,0.00,0.00,209,12.61,2.91,0.00,-3.6,4.998,4.998,4.998,4.998,161
2022-01-03 14:39:22,6.6,10.3,441,0.0,0.0,0,0.0,0.0,0,291227.00,0.00,0.00,208,12.57,2.90,0.00,-3.6,4.998,4.998,4.998,4.998,89
2022-01-03 14:40:22,5.0,7.7,294,0.0,0.0,0,0.0,0.0,0,291521.00,0.00,0.00,187,12.57,2.60,0.00,-3.6,4.998,4.998,4.998,4.998,206
2022-01-03 14:41:22,6.5,9.6,392,0.0,0.0,0,0.0,0.0,0,291913.00,0.00,0.00,201,12.57,2.80,0.00,-3.1,4.998,4.998,4.998,4.998,52
2022-01-03 14:42:22,6.8,8.7,376,0.0,0.0,0,0.0,0.0,0,292289.00,0.00,0.00,196,12.57,2.72,0.00,-3.1,4.998,4.998,4.998,4.998,233
2022-01-03 14:43:22,7.6,10.0,375,0.0,0.0,0,0.0,0.0,0,292664.00,0.00,0.00,200,12.57,2.78,0.00,-3.1,4.998,4.998,4.998,4.998,149
2022-01-03 14:44:22,8.3,10.5,439,0.0,0.0,0,0.0,0.0,0,293103.00,0.00,0.00,200,12.57,2.78,0.00,-3.6,4.998,4.998,4.998,4.998,109
2022-01-03 14:45:22,9.9,11.9,507,0.0,0.0,0,0.0,0.0,0,293610.00,0.00,0.00,192,12.57,2.67,0.00,-3.1,4.998,4.998,4.998,4.998,171
2022-01-03 14:46:22,5.8,14.5,563,0.0,0.0,0,0.0,0.0,0,294173.00,0.00,0.00,194,12.57,2.70,0.00,-3.1,4.998,4.998,4.998,4.998,13
2022-01-03 14:47:22,8.7,13.4,414,0.0,0.0,0,0.0,0.0,0,294587.00,0.00,0.00,203,12.57,2.82,0.00,-3.1,4.998,4.998,4.998,4.998,153
2022-01-03 14:48:22,6.1,11.1,528,0.0,0.0,0,0.0,0.0,0,295115.00,0.00,0.00,222,12.57,3.09,0.00,-3.1,4.998,4.998,4.998,4.998,61
2022-01-03 14:49:22,8.3,10.8,475,0.0,0.0,0,0.0,0.0,0,295590.00,0.00,0.00,197,12.57,2.74,0.00,-3.6,4.998,4.998,4.998,4.998,130
2022-01-03 14:50:22,5.6,8.6,367,0.0,0.0,0,0.0,0.0,0,295957.00,0.00,0.00,175,12.57,2.44,0.00,-3.1,4.998,4.998,4.998,4.998,190
2022-01-03 14:51:22,4.8,5.8,205,0.0,0.0,0,0.0,0.0,0,296162.00,0.00,0.00,185,12.57,2.57,0.00,-3.1,4.998,4.998,4.998,4.998,79
2022-01-03 14:52:22,6.3,10.7,445,0.0,0.0,0,0.0,0.0,0,296607.00,0.00,0.00,189,12.57,2.62,0.00,-3.1,4.998,4.998,4.998,4.998,71
2022-01-03 14:53:22,5.4,12.4,539,0.0,0.0,0,0.0,0.0,0,297146.00,0.00,0.00,209,12.57,2.91,0.00,-3.1,4.998,4.998,4.998,4.998,156
2022-01-03 14:54:22,4.7,9.4,431,0.0,0.0,0,0.0,0.0,0,297577.00,0.00,0.00,196,12.57,2.72,0.00,-3.1,4.998,4.998,4.998,4.998,186
2022-01-03 14:55:22,8.9,9.1,282,0.0,0.0,0,0.0,0.0,0,297859.00,0.00,0.00,224,12.57,3.12,0.00,-3.1,4.998,4.998,4.998,4.998,232
2022-01-03 14:56:22,8.4,10.7,517,0.0,0.0,0,0.0,0.0,0,298376.00,0.00,0.00,179,12.61,2.49,0.00,-3.1,4.998,4.998,4.998,4.998,245
2022-01-03 14:57:22,9.4,10.2,431,0.0,0.0,0,0.0,0.0,0,298807.00,0.00,0.00,185,12.57,2.57,0.00,-3.1,4.998,4.998,4.998,4.998,211
2022-01-03 14:58:22,6.8,11.2,530,0.0,0.0,0,0.0,0.0,0,299337.00,0.00,0.00,225,12.61,3.12,0.00,-3.1,4.998,4.998,4.998,4.998,33
2022-01-03 14:59:22,7.2,11.8,548,0.0,0.0,0,0.0,0.0,0,299885.00,0.00,0.00,207,12.57,2.87,0.00,-3.1,4.998,4.998,4.998,4.998,195
2022-01-03 15:00:22,7.9,8.4,374,0.0,0.0,0,0.0,0.0,0,300259.00,0.00,0.00,197,12.61,2.74,0.00,-3.1,4.998,4.998,4.998,4.998,254
2022-01-03 15:01:22,5.1,10.4,383,0.0,0.0,0,0.0,0.0,0,300642.00,0.00,0.00,204,12.57,2.83,0.00,-2.6,4.998,4.998,4.998,4.998,70
2022-01-03 15:02:22,6.7,7.6,341,0.0,0.0,0,0.0,0.0,0,300983.00,0.00,0.00,176,12.57,2.44,0.00,-2.6,4.998,4.998,4.998,4.998,62
2022-01-03 15:03:22,3.6,6.8,320,0.0,0.0,0,0.0,0.0,0,301303.00,0.00,0.00,176,12.57,2.44,0.00,-2.6,4.998,4.998,4.998,4.998,202
2022-01-03 15:04:22,5.9,7.2,296,0.0,0.0,0,0.0,0.0,0,301599.00,0.00,0.00,183,12.57,2.55,0.00,-3.1,4.998,4.998,4.998,4.998,147
2022-01-03 15:05:22,8.9,12.2,564,0.0,0.0,0,0.0,0.0,0,302163.00,0.00,0.00,194,12.57,2.70,0.00,-3.1,4.998,4.998,4.998,4.998,4
2022-01-03 15:06:22,5.4,10.1,400,0.0,0.0,0,0.0,0.0,0,302563.00,0.00,0.00,204,12.57,2.84,0.00,-3.1,4.998,4.998,4.998,4.998,195
2022-01-03 15:07:22,4.4,8.0,316,0.0,0.0,0,0.0,0.0,0,302879.00,0.00,0.00,207,12.57,2.88,0.00,-3.1,4.998,4.998,4.998,4.998,11
2022-01-03 15:08:22,6.6,9.7,415,0.0,0.0,0,0.0,0.0,0,303294.00,0.00,0.00,183,12.57,2.54,0.00,-3.1,4.998,4.998,4.998,4.998,45
2022-01-03 15:09:22,5.4,8.9,366,0.0,0.0,0,0.0,0.0,0,303660.00,0.00,0.00,189,12.57,2.63,0.00,-3.1,4.998,4.998,4.998,4.998,104
2022-01-03 15:10:22,3.9,6.2,256,0.0,0.0,0,0.0,0.0,0,303916.00,0.00,0.00,181,12.57,2.51,0.00,-3.1,4.998,4.998,4.998,4.998,109
2022-01-03 15:11:22,7.4,8.7,308,0.0,0.0,0,0.0,0.0,0,304224.00,0.00,0.00,172,12.57,2.39,0.00,-2.6,4.998,4.998,4.998,4.998,236
2022-01-03 15:12:22,1.7,9.2,323,0.0,0.0,0,0.0,0.0,0,304547.00,0.00,0.00,201,12.57,2.79,0.00,-3.1,4.998,4.998,4.998,4.998,82
2022-01-03 15:13:22,6.2,7.1,261,0.0,0.0,0,0.0,0.0,0,304808.00,0.00,0.00,148,12.57,2.05,0.00,-2.6,4.998,4.998,4.998,4.998,213
2022-01-03 15:14:22,4.6,8.2,312,0.0,0.0,0,0.0,0.0,0,305120.00,0.00,0.00,180,12.57,2.50,0.00,-3.1,4.998,4.998,4.998,4.998,116
2022-01-03 15:15:22,3.6,5.6,244,0.0,0.0,0,0.0,0.0,0,305364.00,0.00,0.00,196,12.53,2.72,0.00,-3.1,4.998,4.998,4.998,4.998,33
2022-01-03 15:16:22,7.1,8.3,343,0.0,0.0,0,0.0,0.0,0,305707.00,0.00,0.00,208,12.57,2.89,0.00,-2.6,4.998,4.998,4.998,4.998,168
2022-01-03 15:17:22,4.7,6.8,242,0.0,0.0,0,0.0,0.0,0,305949.00,0.00,0.00,196,12.53,2.72,0.00,-3.1,4.998,4.998,4.998,4.998,85
2022-01-03 15:18:22,3.7,4.5,174,0.0,0.0,0,0.0,0.0,0,306123.00,0.00,0.00,205,12.53,2.85,0.00,-3.1,4.998,4.998,4.998,4.998,44
2022-01-03 15:19:22,5.5,8.5,320,0.0,0.0,0,0.0,0.0,0,306443.00,0.00,0.00,211,12.57,2.94,0.00,-3.1,4.998,4.998,4.998,4.998,6
2022-01-03 15:20:22,5.2,8.4,324,0.0,0.0,0,0.0,0.0,0,306767.00,0.00,0.00,196,12.57,2.73,0.00,-3.1,4.998,4.998,4.998,4.998,56
2022-01-03 15:21:22,7.3,8.9,391,0.0,0.0,0,0.0,0.0,0,307158.00,0.00,0.00,183,12.57,2.54,0.00,-2.6,4.998,4.998,4.998,4.998,190
2022-01-03 15:22:22,3.6,8.4,330,0.0,0.0,0,0.0,0.0,0,307488.00,0.00,0.00,185,12.57,2.58,0.00,-3.1,4.998,4.998,4.998,4.998,106
2022-01-03 15:23:22,5.4,7.5,261,0.0,0.0,0,0.0,0.0,0,307749.00,0.00,0.00,186,12.57,2.59,0.00,-2.1,4.998,4.998,4.998,4.998,246
2022-01-03 15:24:22,4.7,8.4,319,0.0,0.0,0,0.0,0.0,0,308068.00,0.00,0.00,188,12.61,2.61,0.00,-2.6,4.998,4.998,4.998,4.998,0
2022-01-03 15:25:22,6.9,8.9,292,0.0,0.0,0,0.0,0.0,0,308360.00,0.00,0.00,195,12.57,2.71,0.00,-2.6,4.998,4.998,4.998,4.998,98
2022-01-03 15:26:22,5.9,10.6,443,0.0,0.0,0,0.0,0.0,0,308803.00,0.00,0.00,191,12.61,2.65,0.00,-2.6,4.998,4.998,4.998,4.998,181
2022-01-03 15:27:22,4.9,6.3,232,0.0,0.0,0,0.0,0.0,0,309035.00,0.00,0.00,190,12.61,2.64,0.00,-2.1,4.998,4.998,4.998,4.998,128
2022-01-03 15:28:22,7.8,8.5,345,0.0,0.0,0,0.0,0.0,0,309380.00,0.00,0.00,187,12.57,2.59,0.00,-2.6,4.998,4.998,4.998,4.998,121
2022-01-03 15:29:22,5.6,9.6,381,0.0,0.0,0,0.0,0.0,0,309761.00,0.00,0.00,203,12.57,2.82,0.00,-2.6,4.998,4.998,4.998,4.998,155
2022-01-03 15:30:22,6.4,8.1,410,0.0,0.0,0,0.0,0.0,0,310171.00,0.00,0.00,213,12.57,2.96,0.00,-2.6,4.998,4.998,4.998,4.998,53
2022-01-03 15:31:22,5.3,8.4,382,0.0,0.0,0,0.0,0.0,0,310553.00,0.00,0.00,196,12.57,2.72,0.00,-2.6,4.998,4.998,4.998,4.998,123
2022-01-03 15:32:22,5.5,9.9,371,0.0,0.0,0,0.0,0.0,0,310924.00,0.00,0.00,217,12.57,3.02,0.00,-2.6,4.998,4.998,4.998,4.998,53
2022-01-03 15:33:22,4.6,8.0,325,0.0,0.0,0,0.0,0.0,0,311249.00,0.00,0.00,209,12.53,2.91,0.00,-2.6,4.998,4.998,4.998,4.998,50
2022-01-03 15:34:22,5.0,9.6,360,0.0,0.0,0,0.0,0.0,0,311609.00,0.00,0.00,210,12.57,2.92,0.00,-2.6,4.998,4.998,4.998,4.998,158
2022-01-03 15:35:22,4.8,9.9,306,0.0,0.0,0,0.0,0.0,0,311915.00,0.00,0.00,200,12.57,2.78,0.00,-2.6,4.998,4.998,4.998,4.998,213
2022-01-03 15:36:22,5.0,6.4,269,0.0,0.0,0,0.0,0.0,0,312184.00,0.00,0.00,176,12.57,2.45,0.00,-2.6,4.998,4.998,4.998,4.998,76
2022-01-03 15:37:22,5.7,9.2,380,0.0,0.0,0,0.0,0.0,0,312564.00,0.00,0.00,157,12.57,2.18,0.00,-2.6,4.998,4.998,4.998,4.998,105
2022-01-03 15:38:22,5.4,10.0,402,0.0,0.0,0,0.0,0.0,0,312966.00,0.00,0.00,174,12.57,2.41,0.00,-2.6,4.998,4.998,4.998,4.998,16
2022-01-03 15:39:22,3.5,5.6,258,0.0,0.0,0,0.0,0.0,0,313224.00,0.00,0.00,176,12.57,2.44,0.00,-2.6,4.998,4.998,4.998,4.998,193
2022-01-03 15:40:22,7.1,7.6,293,0.0,0.0,0,0.0,0.0,0,313517.00,0.00,0.00,185,12.57,2.57,0.00,-2.6,4.998,4.998,4.998,4.998,204
2022-01-03 15:41:22,7.1,8.4,365,0.0,0.0,0,0.0,0.0,0,313882.00,0.00,0.00,198,12.57,2.75,0.00,-2.6,4.998,4.998,4.998,4.998,75
2022-01-03 15:42:22,7.6,10.8,495,0.0,0.0,0,0.0,0.0,0,314377.00,0.00,0.00,198,12.57,2.75,0.00,-2.6,4.998,4.998,4.998,4.998,165
2022-01-03 15:43:22,4.9,8.4,354,0.0,0.0,0,0.0,0.0,0,314731.00,0.00,0.00,202,12.57,2.81,0.00,-2.6,4.998,4.998,4.998,4.998,144
2022-01-03 15:44:22,2.4,6.0,260,0.0,0.0,0,0.0,0.0,0,314991.00,0.00,0.00,196,12.57,2.72,0.00,-2.6,4.998,4.998,4.998,4.998,249
2022-01-03 15:45:22,8.5,9.8,366,0.0,0.0,0,0.0,0.0,0,315357.00,0.00,0.00,207,12.53,2.88,0.00,-2.6,4.998,4.998,4.998,4.998,62
2022-01-03 15:46:22,8.2,13.8,519,0.0,0.0,0,0.0,0.0,0,315876.00,0.00,0.00,183,12.57,2.54,0.00,-2.6,4.998,4.998,4.998,4.998,164
2022-01-03 15:47:22,4.5,11.4,396,0.0,0.0,0,0.0,0.0,0,316272.00,0.00,0.00,195,12.57,2.70,0.00,-2.6,4.998,4.998,4.998,4.998,74
2022-01-03 15:48:22,5.8,9.2,368,0.0,0.0,0,0.0,0.0,0,316640.00,0.00,0.00,201,12.57,2.79,0.00,-2.6,4.998,4.998,4.998,4.998,100
2022-01-03 15:49:22,4.4,8.7,339,0.0,0.0,0,0.0,0.0,0,316979.00,0.00,0.00,195,12.53,2.71,0.00,-2.6,4.998,4.998,4.998,4.998,108
2022-01-03 15:50:22,5.3,8.1,294,0.0,0.0,0,0.0,0.0,0,317273.00,0.00,0.00,181,12.53,2.51,0.00,-2.6,4.998,4.998,4.998,4.998,6
2022-01-03 15:51:22,9.7,12.0,445,0.0,0.0,0,0.0,0.0,0,317718.00,0.00,0.00,180,12.57,2.50,0.00,-2.1,4.998,4.998,4.998,4.998,81
2022-01-03 15:52:22,5.5,11.3,406,0.0,0.0,0,0.0,0.0,0,318124.00,0.00,0.00,165,12.57,2.30,0.00,-2.1,4.998,4.998,4.998,4.998,165
2022-01-03 15:53:22,3.2,6.6,260,0.0,0.0,0,0.0,0.0,0,318384.00,0.00,0.00,191,12.53,2.66,0.00,-2.1,4.998,4.998,4.998,4.998,103
2022-01-03 15:54:22,6.7,9.6,366,0.0,0.0,0,0.0,0.0,0,318750.00,0.00,0.00,162,12.53,2.25,0.00,-2.1,4.998,4.998,4.998,4.998,93
2022-01-03 15:55:22,7.3,9.2,399,0.0,0.0,0,0.0,0.0,0,319149.00,0.00,0.00,166,12.53,2.30,0.00,-2.1,4.998,4.998,4.998,4.998,131
2022-01-03 15:56:22,4.4,8.9,349,0.0,0.0,0,0.0,0.0,0,319498.00,0.00,0.00,212,12.57,2.94,0.00,-2.6,4.998,4.998,4.998,4.998,141
2022-01-03 15:57:22,5.3,6.4,212,0.0,0.0,0,0.0,0.0,0,319710.00,0.00,0.00,203,12.53,2.82,0.00,-2.1,4.998,4.998,4.998,4.998,149
2022-01-03 15:58:22,5.7,8.0,335,0.0,0.0,0,0.0,0.0,0,320045.00,0.00,0.00,175,12.57,2.43,0.00,-2.6,4.998,4.998,4.998,4.998,253
2022-01-03 15:59:22,7.3,7.3,281,0.0,0.0,0,0.0,0.0,0,320326.00,0.00,0.00,161,12.53,2.23,0.00,-2.6,4.998,4.998,4.998,4.998,33
2022-01-03 16:00:22,6.5,9.3,366,0.0,0.0,0,0.0,0.0,0,320692.00,0.00,0.00,187,12.53,2.60,0.00,-2.1,4.998,4.998,4.998,4.998,165
2022-01-03 16:01:22,4.5,9.6,412,0.0,0.0,0,0.0,0.0,0,321104.00,0.00,0.00,200,12.53,2.78,0.00,-2.6,4.998,4.998,4.998,4.998,243
2022-01-03 16:02:22,5.6,5.6,231,0.0,0.0,0,0.0,0.0,0,321335.00,0.00,0.00,227,12.53,3.15,0.00,-2.1,4.998,4.998,4.998,4.998,61
2022-01-03 16:03:22,5.4,8.1,407,0.0,0.0,0,0.0,0.0,0,321742.00,0.00,0.00,214,12.53,2.97,0.00,-2.6,4.998,4.998,4.998,4.998,195
2022-01-03 16:04:22,3.0,6.2,216,0.0,0.0,0,0.0,0.0,0,321958.00,0.00,0.00,200,12.57,2.77,0.00,-2.6,4.998,4.998,4.998,4.998,97
2022-01-03 16:05:22,6.1,9.5,383,0.0,0.0,0,0.0,0.0,0,322341.00,0.00,0.00,173,12.53,2.40,0.00,-2.1,4.998,4.998,4.998,4.998,159
2022-01-03 16:06:22,7.4,11.1,450,0.0,0.0,0,0.0,0.0,0,322791.00,0.00,0.00,186,12.53,2.58,0.00,-2.1,4.998,4.998,4.998,4.998,197
2022-01-03 16:07:22,5.2,9.4,312,0.0,0.0,0,0.0,0.0,0,323103.00,0.00,0.00,188,12.53,2.61,0.00,-2.1,4.998,4.998,4.998,4.998,108
2022-01-03 16:08:22,3.5,10.2,422,0.0,0.0,0,0.0,0.0,0,323525.00,0.00,0.00,201,12.57,2.79,0.00,-2.6,4.998,4.998,4.998,4.998,101
2022-01-03 16:09:22,4.2,6.5,236,0.0,0.0,0,0.0,0.0,0,323761.00,0.00,0.00,172,12.57,2.39,0.00,-2.1,4.998,4.998,4.998,4.998,88
2022-01-03 16:10:22,4.6,5.6,220,0.0,0.0,0,0.0,0.0,0,323981.00,0.00,0.00,168,12.53,2.33,0.00,-2.1,4.998,4.998,4.998,4.998,159
2022-01-03 16:11:22,3.2,6.6,274,0.0,0.0,0,0.0,0.0,0,324255.00,0.00,0.00,209,12.53,2.91,0.00,-2.1,4.998,4.998,4.998,4.998,249
2022-01-03 16:12:22,4.5,7.5,286,0.0,0.0,0,0.0,0.0,0,324541.00,0.00,0.00,193,12.53,2.68,0.00,-2.1,4.998,4.998,4.998,4.998,28
2022-01-03 16:13:22,2.9,5.7,241,0.0,0.0,0,0.0,0.0,0,324782.00,0.00,0.00,206,12.53,2.87,0.00,-2.1,4.998,4.998,4.998,4.998,107
2022-01-03 16:14:22,3.7,4.9,192,0.0,0.0,0,0.0,0.0,0,324974.00,0.00,0.00,206,12.53,2.86,0.00,-2.1,4.998,4.998,4.998,4.998,251
2022-01-03 16:15:22,5.0,6.7,316,0.0,0.0,0,0.0,0.0,0,325290.00,0.00,0.00,192,12.53,2.67,0.00,-2.1,4.998,4.998,4.998,4.998,203
2022-01-03 16:16:22,4.6,7.8,301,0.0,0.0,0,0.0,0.0,0,325591.00,0.00,0.00,205,12.57,2.85,0.00,-2.1,4.998,4.998,4.998,4.998,121
2022-01-03 16:17:22,6.6,9.7,418,0.0,0.0,0,0.0,0.0,0,326009.00,0.00,0.00,187,12.53,2.60,0.00,-2.1,4.998,4.998,4.998,4.998,128
2022-01-03 16:18:22,6.2,8.3,404,0.0,0.0,0,0.0,0.0,0,326413.00,0.00,0.00,218,12.53,3.03,0.00,-2.1,4.998,4.998,4.998,4.998,51
2022-01-03 16:19:22,1.2,6.3,217,0.0,0.0,0,0.0,0.0,0,326630.00,0.00,0.00,203,12.53,2.82,0.00,-2.1,4.998,4.998,4.998,4.998,208
2022-01-03 16:20:22,6.5,8.2,271,0.0,0.0,0,0.0,0.0,0,326901.00,0.00,0.00,172,12.53,2.39,0.00,-2.1,4.998,4.998,4.998,4.998,58
2022-01-03 16:21:22,3.6,7.6,330,0.0,0.0,0,0.0,0.0,0,327231.00,0.00,0.00,186,12.53,2.58,0.00,-2.1,4.998,4.998,4.998,4.998,127
2022-01-03 16:22:22,4.4,7.3,341,0.0,0.0,0,0.0,0.0,0,327572.00,0.00,0.00,179,12.53,2.49,0.00,-2.1,4.998,4.998,4.998,4.998,81
2022-01-03 16:23:22,8.5,11.3,371,0.0,0.0,0,0.0,0.0,0,327943.00,0.00,0.00,194,12.53,2.70,0.00,-2.1,4.998,4.998,4.998,4.998,52
2022-01-03 16:24:22,4.2,10.1,410,0.0,0.0,0,0.0,0.0,0,328353.00,0.00,0.00,203,12.57,2.83,0.00,-1.6,4.998,4.998,4.998,4.998,158
2022-01-03 16:25:22,4.8,6.2,298,0.0,0.0,0,0.0,0.0,0,328651.00,0.00,0.00,191,12.53,2.66,0.00,-1.6,4.998,4.998,4.998,4.998,193
2022-01-03 16:26:22,2.9,9.4,371,0.0,0.0,0,0.0,0.0,0,329022.00,0.00,0.00,193,12.57,2.69,0.00,-2.1,4.998,4.998,4.998,4.998,81
2022-01-03 16:27:22,2.0,4.6,144,0.0,0.0,0,0.0,0.0,0,329166.00,0.00,0.00,193,12.53,2.68,0.00,-2.1,4.998,4.998,4.998,4.998,228
2022-01-03 16:28:22,5.7,5.9,192,0.0,0.0,0,0.0,0.0,0,329358.00,0.00,0.00,204,12.53,2.83,0.00,-1.6,4.998,4.998,4.998,4.998,106
2022-01-03 16:29:22,5.1,6.8,307,0.0,0.0,0,0.0,0.0,0,329665.00,0.00,0.00,212,12.57,2.94,0.00,-2.1,4.998,4.998,4.998,4.998,21
2022-01-03 16:30:22,7.2,11.1,455,0.0,0.0,0,0.0,0.0,0,330120.00,0.00,0.00,172,12.57,2.39,0.00,-1.6,4.998,4.998,4.998,4.998,150
2022-01-03 16:31:22,5.0,7.9,332,0.0,0.0,0,0.0,0.0,0,330452.00,0.00,0.00,170,12.53,2.36,0.00,-1.6,4.998,4.998,4.998,4.998,171
2022-01-03 16:32:22,7.4,8.7,309,0.0,0.0,0,0.0,0.0,0,330761.00,0.00,0.00,196,12.57,2.73,0.00,-1.6,4.998,4.998,4.998,4.998,123
2022-01-03 16:33:22,5.9,10.8,401,0.0,0.0,0,0.0,0.0,0,331162.00,0.00,0.00,177,12.57,2.46,0.00,-2.1,4.998,4.998,4.998,4.998,82
2022-01-03 16:34:22,4.4,9.3,412,0.0,0.0,0,0.0,0.0,0,331574.00,0.00,0.00,196,12.57,2.72,0.00,-1.6,4.998,4.998,4.998,4.998,16
2022-01-03 16:35:22,3.0,6.6,226,0.0,0.0,0,0.0,0.0,0,331800.00,0.00,0.00,172,12.53,2.39,0.00,-1.6,4.998,4.998,4.998,4.998,227
2022-01-03 16:36:22,7.3,8.7,356,0.0,0.0,0,0.0,0.0,0,332156.00,0.00,0.00,214,12.57,2.97,0.00,-1.6,4.998,4.998,4.998,4.998,71
2022-01-03 16:37:22,6.5,8.7,358,0.0,0.0,0,0.0,0.0,0,332514.00,0.00,0.00,184,12.57,2.56,0.00,-1.6,4.998,4.998,4.998,4.998,112
2022-01-03 16:38:22,5.7,8.2,279,0.0,0.0,0,0.0,0.0,0,332793.00,0.00,0.00,193,12.57,2.68,0.00,-1.6,4.998,4.998,4.998,4.998,79
2022-01-03 16:39:22,7.5,10.1,513,0.0,0.0,0,0.0,0.0,0,333306.00,0.00,0.00,216,12.53,3.01,0.00,-1.6,4.998,4.998,4.998,4.998,207
2022-01-03 16:40:22,10.1,11.0,511,0.0,0.0,0,0.0,0.0,0,333817.00,0.00,0.00,178,12.57,2.48,0.00,-1.6,4.998,4.998,4.998,4.998,177
2022-01-03 16:41:22,7.2,13.2,609,0.0,0.0,0,0.0,0.0,0,334426.00,0.00,0.00,196,12.53,2.72,0.00,-1.6,4.998,4.998,4.998,4.998,63
2022-01-03 16:42:22,7.7,8.9,391,0.0,0.0,0,0.0,0.0,0,334817.00,0.00,0.00,174,12.57,2.41,0.00,-1.6,4.998,4.998,4.998,4.998,144
2022-01-03 16:43:22,3.1,11.0,432,0.0,0.0,0,0.0,0.0,0,335249.00,0.00,0.00,184,12.53,2.56,0.00,-1.1,4.998,4.998,4.998,4.998,190
2022-01-03 16:44:22,10.6,13.4,417,0.0,0.0,0,0.0,0.0,0,335666.00,0.00,0.00,168,12.57,2.34,0.00,-1.6,4.998,4.998,4.998,4.998,12
2022-01-03 16:45:22,6.0,12.1,490,0.0,0.0,0,0.0,0.0,0,336156.00,0.00,0.00,173,12.53,2.40,0.00,-1.6,4.998,4.998,4.998,4.998,157
2022-01-03 16:46:22,9.0,10.1,426,0.0,0.0,0,0.0,0.0,0,336582.00,0.00,0.00,203,12.53,2.82,0.00,-1.6,4.998,4.998,4.998,4.998,51
2022-01-03 16:47:22,4.4,13.0,477,0.0,0.0,0,0.0,0.0,0,337059.00,0.00,0.00,196,12.57,2.72,0.00,-1.1,4.998,4.998,4.998,4.998,34
2022-01-03 16:48:22,3.1,6.1,213,0.0,0.0,0,0.0,0.0,0,337272.00,0.00,0.00,194,12.57,2.69,0.00,-1.6,4.998,4.998,4.998,4.998,41
2022-01-03 16:49:22,6.7,10.2,436,0.0,0.0,0,0.0,0.0,0,337708.00,0.00,0.00,194,12.57,2.70,0.00,-1.6,4.998,4.998,4.998,4.998,192
2022-01-03 16:50:22,7.2,10.1,448,0.0,0.0,0,0.0,0.0,0,338156.00,0.00,0.00,168,12.57,2.33,0.00,-1.1,4.998,4.998,4.998,4.998,50
2022-01-03 16:51:22,7.1,7.7,351,0.0,0.0,0,0.0,0.0,0,338507.00,0.00,0.00,181,12.57,2.52,0.00,-1.6,4.998,4.998,4.998,4.998,59
2022-01-03 16:52:22,4.1,10.9,421,0.0,0.0,0,0.0,0.0,0,338928.00,0.00,0.00,195,12.57,2.70,0.00,-1.1,4.998,4.998,4.998,4.998,116
2022-01-03 16:53:22,4.1,8.8,331,0.0,0.0,0,0.0,0.0,0,339259.00,0.00,0.00,209,12.57,2.91,0.00,-1.6,4.998,4.998,4.998,4.998,21
2022-01-03 16:54:22,7.0,10.0,366,0.0,0.0,0,0.0,0.0,0,339625.00,0.00,0.00,177,12.53,2.46,0.00,-1.1,4.998,4.998,4.998,4.998,206
2022-01-03 16:55:22,3.6,7.8,261,0.0,0.0,0,0.0,0.0,0,339886.00,0.00,0.00,205,12.57,2.85,0.00,-1.1,4.998,4.998,4.998,4.998,27
2022-01-03 16:56:22,7.4,10.8,395,0.0,0.0,0,0.0,0.0,0,340281.00,0.00,0.00,184,12.53,2.56,0.00,-1.6,4.998,4.998,4.998,4.998,227
2022-01-03 16:57:22,4.9,7.7,300,0.0,0.0,0,0.0,0.0,0,340581.00,0.00,0.00,209,12.53,2.90,0.00,-1.1,4.998,4.998,4.998,4.998,218
2022-01-03 16:58:22,3.0,7.4,232,0.0,0.0,0,0.0,0.0,0,340813.00,0.00,0.00,194,12.53,2.70,0.00,-1.1,4.998,4.998,4.998,4.998,178
2022-01-03 16:59:22,10.3,15.1,583,0.0,0.0,0,0.0,0.0,0,341396.00,0.00,0.00,180,12.57,2.50,0.00,-1.1,4.998,4.998,4.998,4.998,119
2022-01-03 17:00:22,4.3,11.2,426,0.0,0.0,0,0.0,0.0,0,341822.00,0.00,0.00,191,12.57,2.65,0.00,-1.1,4.998,4.998,4.998,4.998,77
2022-01-03 17:01:22,5.9,8.3,387,0.0,0.0,0,0.0,0.0,0,342209.00,0.00,0.00,201,12.53,2.79,0.00,-1.1,4.998,4.998,4.998,4.998,105
2022-01-03 17:02:22,6.1,11.0,494,0.0,0.0,0,0.0,0.0,0,342703.00,0.00,0.00,201,12.53,2.79,0.00,-1.1,4.998,4.998,4.998,4.998,92
2022-01-03 17:03:22,6.1,8.4,332,0.0,0.0,0,0.0,0.0,0,343035.00,0.00,0.00,172,12.53,2.40,0.00,-1.1,4.998,4.998,4.998,4.998,88
2022-01-03 17:04:22,6.5,7.5,302,0.0,0.0,0,0.0,0.0,0,343337.00,0.00,0.00,224,12.53,3.11,0.00,-1.6,4.998,4.998,4.998,4.998,106
2022-01-03 17:05:22,9.9,9.9,342,0.0,0.0,0,0.0,0.0,0,343679.00,0.00,0.00,201,12.53,2.79,0.00,-1.1,4.998,4.998,4.998,4.998,247
2022-01-03 17:06:22,4.5,11.6,407,0.0,0.0,0,0.0,0.0,0,344086.00,0.00,0.00,228,12.53,3.16,0.00,-1.1,4.998,4.998,4.998,4.998,227
2022-01-03 17:07:22,7.9,15.8,344,0.0,0.0,0,0.0,0.0,0,344430.00,0.00,0.00,249,12.53,3.46,0.00,-1.6,4.998,4.998,4.998,4.998,255
2022-01-03 17:08:22,13.8,24.3,724,0.0,0.0,0,0.0,0.0,0,345154.00,0.00,0.00,174,12.53,2.41,0.00,-1.1,4.998,4.998,4.998,4.998,163
2022-01-03 17:09:22,10.6,19.9,599,0.0,0.0,0,0.0,0.0,0,345753.00,0.00,0.00,198,12.53,2.76,0.00,-1.1,4.998,4.998,4.998,4.998,87
2022-01-03 17:10:22,4.1,12.5,465,0.0,0.0,0,0.0,0.0,0,346218.00,0.00,0.00,220,12.53,3.06,0.00,-1.1,4.998,4.998,4.998,4.998,143
2022-01-03 17:11:22,6.8,9.7,360,0.0,0.0,0,0.0,0.0,0,346578.00,0.00,0.00,184,12.53,2.55,0.00,-1.1,4.998,4.998,4.998,4.998,40
2022-01-03 17:12:22,8.8,12.4,499,0.0,0.0,0,0.0,0.0,0,347077.00,0.00,0.00,193,12.53,2.69,0.00,-1.1,4.998,4.998,4.998,4.998,148
2022-01-03 17:13:22,9.9,13.5,552,0.0,0.0,0,0.0,0.0,0,347629.00,0.00,0.00,193,12.53,2.68,0.00,-1.1,4.998,4.998,4.998,4.998,149
2022-01-03 17:14:22,4.8,11.8,541,0.0,0.0,0,0.0,0.0,0,348170.00,0.00,0.00,162,12.53,2.26,0.00,-1.1,4.998,4.998,4.998,4.998,163
2022-01-03 17:15:22,6.0,8.1,329,0.0,0.0,0,0.0,0.0,0,348499.00,0.00,0.00,195,12.53,2.71,0.00,-1.6,4.998,4.998,4.998,4.998,115
2022-01-03 17:16:22,6.8,11.2,521,0.0,0.0,0,0.0,0.0,0,349020.00,0.00,0.00,154,12.53,2.14,0.00,-1.1,4.998,4.998,4.998,4.998,133
2022-01-03 17:17:22,10.3,11.8,455,0.0,0.0,0,0.0,0.0,0,349475.00,0.00,0.00,200,12.53,2.77,0.00,-1.1,4.998,4.998,4.998,4.998,42
2022-01-03 17:18:22,7.2,10.9,430,0.0,0.0,0,0.0,0.0,0,349905.00,0.00,0.00,234,12.49,3.25,0.00,-1.1,4.998,4.998,4.998,4.998,237
2022-01-03 17:19:22,7.5,8.6,300,0.0,0.0,0,0.0,0.0,0,350205.00,0.00,0.00,188,12.49,2.62,0.00,-1.1,4.998,4.998,4.998,4.998,47
2022-01-03 17:20:22,4.3,8.7,318,0.0,0.0,0,0.0,0.0,0,350523.00,0.00,0.00,166,12.53,2.30,0.00,-1.1,4.998,4.998,4.998,4.998,46
2022-01-03 17:21:22,5.2,11.4,456,0.0,0.0,0,0.0,0.0,0,350979.00,0.00,0.00,186,12.53,2.58,0.00,-1.6,4.998,4.998,4.998,4.998,163
2022-01-03 17:22:22,13.0,13.0,348,0.0,0.0,0,0.0,0.0,0,351327.00,0.00,0.00,194,12.53,2.70,0.00,-1.1,4.998,4.998,4.998,4.998,197
2022-01-03 17:23:22,9.6,13.2,560,0.0,0.0,0,0.0,0.0,0,351887.00,0.00,0.00,195,12.53,2.71,0.00,-1.1,4.998,4.998,4.998,4.998,149
2022-01-03 17:24:22,13.1,13.7,658,0.0,0.0,0,0.0,0.0,0,352545.00,0.00,0.00,186,12.53,2.58,0.00,-1.1,4.998,4.998,4.998,4.998,63
2022-01-03 17:25:22,6.6,15.2,644,0.0,0.0,0,0.0,0.0,0,353189.00,0.00,0.00,187,12.53,2.60,0.00,-1.6,4.998,4.998,4.998,4.998,98
2022-01-03 17:26:22,10.2,14.3,648,0.0,0.0,0,0.0,0.0,0,353837.00,0.00,0.00,213,12.53,2.95,0.00,-1.1,4.998,4.998,4.998,4.998,49
2022-01-03 17:27:22,8.9,14.5,495,0.0,0.0,0,0.0,0.0,0,354332.00,0.00,0.00,210,12.53,2.92,0.00,-1.1,4.998,4.998,4.998,4.998,171
2022-01-03 17:28:22,5.1,16.3,575,0.0,0.0,0,0.0,0.0,0,354907.00,0.00,0.00,184,12.53,2.56,0.00,-1.1,4.998,4.998,4.998,4.998,255
2022-01-03 17:29:22,5.7,11.1,498,0.0,0.0,0,0.0,0.0,0,355405.00,0.00,0.00,216,12.53,3.00,0.00,-1.1,4.998,4.998,4.998,4.998,73
2022-01-03 17:30:22,3.5,10.1,387,0.0,0.0,0,0.0,0.0,0,355792.00,0.00,0.00,203,12.53,2.82,0.00,-1.1,4.998,4.998,4.998,4.998,146
2022-01-03 17:31:22,6.8,12.2,445,0.0,0.0,0,0.0,0.0,0,356237.00,0.00,0.00,201,12.53,2.80,0.00,-1.6,4.998,4.998,4.998,4.998,84
2022-01-03 17:32:22,6.3,10.2,457,0.0,0.0,0,0.0,0.0,0,356694.00,0.00,0.00,195,12.53,2.71,0.00,-1.1,4.998,4.998,4.998,4.998,223
2022-01-03 17:33:22,7.9,9.8,405,0.0,0.0,0,0.0,0.0,0,357099.00,0.00,0.00,193,12.53,2.69,0.00,-1.1,4.998,4.998,4.998,4.998,241
2022-01-03 17:34:22,5.1,10.7,416,0.0,0.0,0,0.0,0.0,0,357515.00,0.00,0.00,217,12.53,3.02,0.00,-1.1,4.998,4.998,4.998,4.998,146
2022-01-03 17:35:22,4.2,6.8,268,0.0,0.0,0,0.0,0.0,0,357783.00,0.00,0.00,195,12.57,2.70,0.00,-1.1,4.998,4.998,4.998,4.998,22
2022-01-03 17:36:22,5.7,9.3,391,0.0,0.0,0,0.0,0.0,0,358174.00,0.00,0.00,211,12.53,2.93,0.00,-1.6,4.998,4.998,4.998,4.998,43
2022-01-03 17:37:22,9.6,10.3,410,0.0,0.0,0,0.0,0.0,0,358584.00,0.00,0.00,217,12.53,3.02,0.00,-1.1,4.998,4.998,4.998,4.998,132
2022-01-03 17:38:22,7.8,11.1,534,0.0,0.0,0,0.0,0.0,0,359118.00,0.00,0.00,193,12.53,2.68,0.00,-1.1,4.998,4.998,4.998,4.998,226
2022-01-03 17:39:22,8.1,17.2,614,0.0,0.0,0,0.0,0.0,0,359732.00,0.00,0.00,218,12.53,3.03,0.00,-1.1,4.998,4.998,4.998,4.998,16
2022-01-03 17:40:22,7.1,14.6,563,0.0,0.0,0,0.0,0.0,0,360295.00,0.00,0.00,195,12.53,2.71,0.00,-1.6,4.998,4.998,4.998,4.998,119
2022-01-03 17:41:22,6.2,14.1,617,0.0,0.0,0,0.0,0.0,0,360912.00,0.00,0.00,195,12.57,2.71,0.00,-1.1,4.998,4.998,4.998,4.998,80
2022-01-03 17:42:22,6.3,12.1,525,0.0,0.0,0,0.0,0.0,0,361437.00,0.00,0.00,222,12.57,3.09,0.00,-1.6,4.998,4.998,4.998,4.998,188
2022-01-03 17:43:22,7.5,10.3,394,0.0,0.0,0,0.0,0.0,0,361831.00,0.00,0.00,174,12.53,2.42,0.00,-1.1,4.998,4.998,4.998,4.998,15
2022-01-03 17:44:22,6.3,13.8,512,0.0,0.0,0,0.0,0.0,0,362343.00,0.00,0.00,187,12.53,2.59,0.00,-1.1,4.998,4.998,4.998,4.998,26
2022-01-03 17:45:22,9.7,10.2,371,0.0,0.0,0,0.0,0.0,0,362714.00,0.00,0.00,179,12.53,2.49,0.00,-1.6,4.998,4.998,4.998,4.998,6
2022-01-03 17:46:22,4.1,12.0,517,0.0,0.0,0,0.0,0.0,0,363231.00,0.00,0.00,186,12.53,2.59,0.00,-1.6,4.998,4.998,4.998,4.998,237
2022-01-03 17:47:22,8.2,15.1,621,0.0,0.0,0,0.0,0.0,0,363852.00,0.00,0.00,166,12.57,2.31,0.00,-1.6,4.998,4.998,4.998,4.998,156
2022-01-03 17:48:22,9.9,12.7,536,0.0,0.0,0,0.0,0.0,0,364388.00,0.00,0.00,204,12.53,2.84,0.00,-1.1,4.998,4.998,4.998,4.998,85
2022-01-03 17:49:22,6.0,11.6,424,0.0,0.0,0,0.0,0.0,0,364812.00,0.00,0.00,191,12.57,2.65,0.00,-1.6,4.998,4.998,4.998,4.998,108
2022-01-03 17:50:22,11.2,13.5,554,0.0,0.0,0,0.0,0.0,0,365366.00,0.00,0.00,182,12.53,2.53,0.00,-1.1,4.998,4.998,4.998,4.998,5
2022-01-03 17:51:22,10.0,11.6,533,0.0,0.0,0,0.0,0.0,0,365899.00,0.00,0.00,191,12.53,2.66,0.00,-1.6,4.998,4.998,4.998,4.998,252
2022-01-03 17:52:22,9.8,11.6,443,0.0,0.0,0,0.0,0.0,0,366342.00,0.00,0.00,164,12.53,2.28,0.00,-1.1,4.998,4.998,4.998,4.998,189
2022-01-03 17:53:22,10.8,14.3,488,0.0,0.0,0,0.0,0.0,0,366830.00,0.00,0.00,165,12.57,2.29,0.00,-1.6,4.998,4.998,4.998,4.998,190
2022-01-03 17:54:22,9.2,13.9,545,0.0,0.0,0,0.0,0.0,0,367375.00,0.00,0.00,197,12.53,2.74,0.00,-1.1,4.998,4.998,4.998,4.998,53
2022-01-03 17:55:22,4.1,9.2,390,0.0,0.0,0,0.0,0.0,0,367765.00,0.00,0.00,200,12.53,2.78,0.00,-1.1,4.998,4.998,4.998,4.998,190
2022-01-03 17:56:22,9.2,12.6,498,0.0,0.0,0,0.0,0.0,0,368263.00,0.00,0.00,193,12.57,2.69,0.00,-1.1,4.998,4.998,4.998,4.998,19
2022-01-03 17:57:22,9.1,14.4,584,0.0,0.0,0,0.0,0.0,0,368847.00,0.00,0.00,201,12.53,2.79,0.00,-1.1,4.998,4.998,4.998,4.998,114
2022-01-03 17:58:22,4.7,11.7,543,0.0,0.0,0,0.0,0.0,0,369390.00,0.00,0.00,176,12.53,2.45,0.00,-1.1,4.998,4.998,4.998,4.998,154
2022-01-03 17:59:22,7.0,10.2,395,0.0,0.0,0,0.0,0.0,0,369785.00,0.00,0.00,198,12.53,2.75,0.00,-1.6,4.998,4.998,4.998,4.998,97
2022-01-03 18:00:22,8.4,13.6,549,0.0,0.0,0,0.0,0.0,0,370334.00,0.00,0.00,165,12.53,2.29,0.00,-1.1,4.998,4.998,4.998,4.998,114
2022-01-03 18:01:22,4.6,9.8,396,0.0,0.0,0,0.0,0.0,0,370730.00,0.00,0.00,194,12.53,2.69,0.00,-1.6,4.998,4.998,4.998,4.998,10
2022-01-03 18:02:22,12.6,12.6,459,0.0,0.0,0,0.0,0.0,0,371189.00,0.00,0.00,207,12.57,2.88,0.00,-1.6,4.998,4.998,4.998,4.998,202
2022-01-03 18:03:22,7.5,14.7,522,0.0,0.0,0,0.0,0.0,0,371711.00,0.00,0.00,194,12.53,2.69,0.00,-1.1,4.998,4.998,4.998,4.998,84
2022-01-03 18:04:22,5.6,8.6,396,0.0,0.0,0,0.0,0.0,0,372107.00,0.00,0.00,171,12.53,2.38,0.00,-1.6,4.998,4.998,4.998,4.998,26
2022-01-03 18:05:22,4.1,10.5,385,0.0,0.0,0,0.0,0.0,0,372492.00,0.00,0.00,215,12.53,2.99,0.00,-1.6,4.998,4.998,4.998,4.998,13
2022-01-03 18:06:22,4.8,8.0,350,0.0,0.0,0,0.0,0.0,0,372842.00,0.00,0.00,212,12.53,2.94,0.00,-1.1,4.998,4.998,4.998,4.998,46
2022-01-03 18:07:22,4.6,9.3,326,0.0,0.0,0,0.0,0.0,0,373168.00,0.00,0.00,189,12.53,2.63,0.00,-1.6,4.998,4.998,4.998,4.998,185
2022-01-03 18:08:22,8.3,9.2,422,0.0,0.0,0,0.0,0.0,0,373590.00,0.00,0.00,185,12.53,2.57,0.00,-1.6,4.998,4.998,4.998,4.998,26
2022-01-03 18:09:22,5.4,10.5,479,0.0,0.0,0,0.0,0.0,0,374069.00,0.00,0.00,197,12.57,2.74,0.00,-1.1,4.998,4.998,4.998,4.998,82
2022-01-03 18:10:22,6.3,13.3,524,0.0,0.0,0,0.0,0.0,0,374593.00,0.00,0.00,173,12.53,2.41,0.00,-1.1,4.998,4.998,4.998,4.998,147
2022-01-03 18:11:22,9.4,10.2,424,0.0,0.0,0,0.0,0.0,0,375017.00,0.00,0.00,203,12.53,2.82,0.00,-1.6,4.998,4.998,4.998,4.998,38
2022-01-03 18:12:22,6.4,10.9,515,0.0,0.0,0,0.0,0.0,0,375532.00,0.00,0.00,205,12.57,2.85,0.00,-1.6,4.998,4.998,4.998,4.998,79
2022-01-03 18:13:22,5.8,9.6,438,0.0,0.0,0,0.0,0.0,0,375970.00,0.00,0.00,190,12.53,2.65,0.00,-1.6,4.998,4.998,4.998,4.998,249
2022-01-03 18:14:22,8.6,11.1,455,0.0,0.0,0,0.0,0.0,0,376425.00,0.00,0.00,193,12.57,2.68,0.00,-1.1,4.998,4.998,4.998,4.998,118
2022-01-03 18:15:22,8.5,8.6,409,0.0,0.0,0,0.0,0.0,0,376834.00,0.00,0.00,210,12.57,2.92,0.00,-1.6,4.998,4.998,4.998,4.998,225
2022-01-03 18:16:22,10.2,18.5,772,0.0,0.0,0,0.0,0.0,0,377606.00,0.00,0.00,212,12.57,2.94,0.00,-1.1,4.998,4.998,4.998,4.998,4
2022-01-03 18:17:22,9.9,14.8,632,0.0,0.0,0,0.0,0.0,0,378238.00,0.00,0.00,202,12.53,2.80,0.00,-1.1,4.998,4.998,4.998,4.998,2
2022-01-03 18:18:22,9.8,18.9,578,0.0,0.0,0,0.0,0.0,0,378816.00,0.00,0.00,213,12.53,2.95,0.00,-1.6,4.998,4.998,4.998,4.998,144
2022-01-03 18:19:22,7.9,16.6,703,0.0,0.0,0,0.0,0.0,0,379519.00,0.00,0.00,211,12.53,2.93,0.00,-1.1,4.998,4.998,4.998,4.998,127
2022-01-03 18:20:22,9.8,11.1,431,0.0,0.0,0,0.0,0.0,0,379950.00,0.00,0.00,182,12.57,2.52,0.00,-1.1,4.998,4.998,4.998,4.998,56
2022-01-03 18:21:22,10.7,15.9,578,0.0,0.0,0,0.0,0.0,0,380528.00,0.00,0.00,201,12.57,2.80,0.00,-1.1,4.998,4.998,4.998,4.998,12
2022-01-03 18:22:22,5.8,18.1,674,0.0,0.0,0,0.0,0.0,0,381202.00,0.00,0.00,211,12.53,2.93,0.00,-1.1,4.998,4.998,4.998,4.998,188
2022-01-03 18:23:22,10.7,12.6,539,0.0,0.0,0,0.0,0.0,0,381741.00,0.00,0.00,210,12.53,2.92,0.00,-1.6,4.998,4.998,4.998,4.998,46
2022-01-03 18:24:22,6.6,14.8,618,0.0,0.0,0,0.0,0.0,0,382359.00,0.00,0.00,209,12.57,2.91,0.00,-1.6,4.998,4.998,4.998,4.998,208
2022-01-03 18:25:22,8.8,10.7,417,0.0,0.0,0,0.0,0.0,0,382776.00,0.00,0.00,168,12.57,2.34,0.00,-1.6,4.998,4.998,4.998,4.998,173
2022-01-03 18:26:22,14.2,16.9,589,0.0,0.0,0,0.0,0.0,0,383365.00,0.00,0.00,199,12.57,2.76,0.00,-1.6,4.998,4.998,4.998,4.998,186
2022-01-03 18:27:22,8.0,14.7,552,0.0,0.0,0,0.0,0.0,0,383917.00,0.00,0.00,193,12.53,2.68,0.00,-1.6,4.998,4.998,4.998,4.998,138
2022-01-03 18:28:22,4.8,10.9,454,0.0,0.0,0,0.0,0.0,0,384371.00,0.00,0.00,207,12.57,2.88,0.00,-1.1,4.998,4.998,4.998,4.998,154
2022-01-03 18:29:22,12.5,18.4,531,0.0,0.0,0,0.0,0.0,0,384902.00,0.00,0.00,215,12.53,2.98,0.00,-1.1,4.998,4.998,4.998,4.998,62
2022-01-03 18:30:22,11.9,15.8,685,0.0,0.0,0,0.0,0.0,0,385587.00,0.00,0.00,198,12.57,2.75,0.00,-1.6,4.998,4.998,4.998,4.998,137
2022-01-03 18:31:22,5.2,11.4,467,0.0,0.0,0,0.0,0.0,0,386054.00,0.00,0.00,189,12.57,2.62,0.00,-1.6,4.998,4.998,4.998,4.998,190
2022-01-03 18:32:22,7.2,11.4,454,0.0,0.0,0,0.0,0.0,0,386508.00,0.00,0.00,176,12.57,2.45,0.00,-1.1,4.998,4.998,4.998,4.998,89
2022-01-03 18:33:22,7.4,11.7,521,0.0,0.0,0,0.0,0.0,0,387029.00,0.00,0.00,195,12.53,2.71,0.00,-1.6,4.998,4.998,4.998,4.998,190
2022-01-03 18:34:22,11.2,12.9,514,0.0,0.0,0,0.0,0.0,0,387543.00,0.00,0.00,212,12.57,2.94,0.00,-1.1,4.998,4.998,4.998,4.998,207
2022-01-03 18:35:22,7.5,10.6,405,0.0,0.0,0,0.0,0.0,0,387948.00,0.00,0.00,190,12.57,2.64,0.00,-1.6,4.998,4.998,4.998,4.998,233
2022-01-03 18:36:22,12.5,13.1,465,0.0,0.0,0,0.0,0.0,0,388413.00,0.00,0.00,201,12.53,2.79,0.00,-1.1,4.998,4.998,4.998,4.998,163
2022-01-03 18:37:22,8.9,14.0,568,0.0,0.0,0,0.0,0.0,0,388981.00,0.00,0.00,204,12.53,2.84,0.00,-1.1,4.998,4.998,4.998,4.998,234
2022-01-03 18:38:22,5.3,10.4,483,0.0,0.0,0,0.0,0.0,0,389464.00,0.00,0.00,197,12.53,2.73,0.00,-1.1,4.998,4.998,4.998,4.998,52
2022-01-03 18:39:22,4.7,7.4,318,0.0,0.0,0,0.0,0.0,0,389782.00,0.00,0.00,190,12.53,2.64,0.00,-1.6,4.998,4.998,4.998,4.998,188
2022-01-03 18:40:22,5.4,8.6,365,0.0,0.0,0,0.0,0.0,0,390147.00,0.00,0.00,175,12.57,2.43,0.00,-1.1,4.998,4.998,4.998,4.998,165
2022-01-03 18:41:22,6.2,10.7,455,0.0,0.0,0,0.0,0.0,0,390602.00,0.00,0.00,228,12.53,3.16,0.00,-1.1,4.998,4.998,4.998,4.998,29
2022-01-03 18:42:22,13.0,15.6,558,0.0,0.0,0,0.0,0.0,0,391160.00,0.00,0.00,170,12.53,2.36,0.00,-1.6,4.998,4.998,4.998,4.998,24
2022-01-03 18:43:22,8.0,15.8,677,0.0,0.0,0,0.0,0.0,0,391837.00,0.00,0.00,201,12.57,2.79,0.00,-1.6,4.998,4.998,4.998,4.998,24
2022-01-03 18:44:22,5.1,15.0,585,0.0,0.0,0,0.0,0.0,0,392422.00,0.00,0.00,195,12.57,2.71,0.00,-1.6,4.998,4.998,4.998,4.998,178
2022-01-03 18:45:22,6.4,8.3,351,0.0,0.0,0,0.0,0.0,0,392773.00,0.00,0.00,212,12.57,2.95,0.00,-1.6,4.998,4.998,4.998,4.998,27
2022-01-03 18:46:22,8.8,11.1,413,0.0,0.0,0,0.0,0.0,0,393186.00,0.00,0.00,186,12.53,2.59,0.00,-1.6,4.998,4.998,4.998,4.998,121
2022-01-03 18:47:22,9.8,15.2,549,0.0,0.0,0,0.0,0.0,0,393735.00,0.00,0.00,186,12.53,2.58,0.00,-1.6,4.998,4.998,4.998,4.998,28
2022-01-03 18:48:22,6.1,14.5,546,0.0,0.0,0,0.0,0.0,0,394281.00,0.00,0.00,202,12.57,2.81,0.00,-1.6,4.998,4.998,4.998,4.998,226
2022-01-03 18:49:22,6.7,11.6,419,0.0,0.0,0,0.0,0.0,0,394700.00,0.00,0.00,219,12.53,3.04,0.00,-1.1,4.998,4.998,4.998,4.998,53
2022-01-03 18:50:22,6.7,12.6,483,0.0,0.0,0,0.0,0.0,0,395183.00,0.00,0.00,177,12.57,2.46,0.00,-1.6,4.998,4.998,4.998,4.998,220
2022-01-03 18:51:22,10.3,15.9,654,0.0,0.0,0,0.0,0.0,0,395837.00,0.00,0.00,198,12.53,2.75,0.00,-1.6,4.998,4.998,4.998,4.998,212
2022-01-03 18:52:22,5.5,13.0,430,0.0,0.0,0,0.0,0.0,0,396267.00,0.00,0.00,191,12.57,2.65,0.00,-1.6,4.998,4.998,4.998,4.998,233
2022-01-03 18:53:22,7.1,11.7,480,0.0,0.0,0,0.0,0.0,0,396747.00,0.00,0.00,189,12.57,2.63,0.00,-1.6,4.998,4.998,4.998,4.998,24
2022-01-03 18:54:22,11.4,18.4,728,0.0,0.0,0,0.0,0.0,0,397475.00,0.00,0.00,183,12.57,2.54,0.00,-1.6,4.998,4.998,4.998,4.998,190
2022-01-03 18:55:22,6.6,13.3,492,0.0,0.0,0,0.0,0.0,0,397967.00,0.00,0.00,201,12.57,2.80,0.00,-1.1,4.998,4.998,4.998,4.998,26
2022-01-03 18:56:22,8.8,10.3,457,0.0,0.0,0,0.0,0.0,0,398424.00,0.00,0.00,211,12.57,2.93,0.00,-1.6,4.998,4.998,4.998,4.998,80
2022-01-03 18:57:22,7.3,11.0,431,0.0,0.0,0,0.0,0.0,0,398855.00,0.00,0.00,169,12.57,2.34,0.00,-1.1,4.998,4.998,4.998,4.998,133
2022-01-03 18:58:22,3.4,7.4,336,0.0,0.0,0,0.0,0.0,0,399191.00,0.00,0.00,178,12.57,2.48,0.00,-1.6,4.998,4.998,4.998,4.998,35
2022-01-03 18:59:22,6.8,11.6,452,0.0,0.0,0,0.0,0.0,0,399643.00,0.00,0.00,183,12.57,2.54,0.00,-1.6,4.998,4.998,4.998,4.998,161
2022-01-03 19:00:22,10.4,11.6,499,0.0,0.0,0,0.0,0.0,0,400142.00,0.00,0.00,176,12.53,2.45,0.00,-1.6,4.998,4.998,4.998,4.998,120
2022-01-03 19:01:22,13.6,18.3,697,0.0,0.0,0,0.0,0.0,0,400839.00,0.00,0.00,213,12.53,2.95,0.00,-1.6,4.998,4.998,4.998,4.998,44
2022-01-03 19:02:22,7.2,13.2,563,0.0,0.0,0,0.0,0.0,0,401402.00,0.00,0.00,199,12.57,2.76,0.00,-1.6,4.998,4.998,4.998,4.998,101
2022-01-03 19:03:22,8.7,10.5,412,0.0,0.0,0,0.0,0.0,0,401814.00,0.00,0.00,193,12.53,2.68,0.00,-1.1,4.998,4.998,4.998,4.998,187
2022-01-03 19:04:22,4.3,10.9,420,0.0,0.0,0,0.0,0.0,0,402234.00,0.00,0.00,194,12.57,2.70,0.00,-1.1,4.998,4.998,4.998,4.998,101
2022-01-03 19:05:22,4.7,6.3,289,0.0,0.0,0,0.0,0.0,0,402523.00,0.00,0.00,186,12.53,2.59,0.00,-1.6,4.998,4.998,4.998,4.998,47
2022-01-03 19:06:22,8.4,9.8,298,0.0,0.0,0,0.0,0.0,0,402821.00,0.00,0.00,209,12.57,2.90,0.00,-1.6,4.998,4.998,4.998,4.998,6
2022-01-03 19:07:22,8.9,14.6,674,0.0,0.0,0,0.0,0.0,0,403495.00,0.00,0.00,184,12.53,2.55,0.00,-1.1,4.998,4.998,4.998,4.998,209
2022-01-03 19:08:22,7.6,12.2,486,0.0,0.0,0,0.0,0.0,0,403981.00,0.00,0.00,188,12.57,2.61,0.00,-1.1,4.998,4.998,4.998,4.998,18
2022-01-03 19:09:22,10.8,14.7,606,0.0,0.0,0,0.0,0.0,0,404587.00,0.00,0.00,203,12.57,2.82,0.00,-1.6,4.998,4.998,4.998,4.998,239
2022-01-03 19:10:22,6.2,10.1,357,0.0,0.0,0,0.0,0.0,0,404944.00,0.00,0.00,181,12.57,2.52,0.00,-1.6,4.998,4.998,4.998,4.998,252
2022-01-03 19:11:22,7.6,15.7,576,0.0,0.0,0,0.0,0.0,0,405520.00,0.00,0.00,187,12.53,2.59,0.00,-1.1,4.998,4.998,4.998,4.998,77
2022-01-03 19:12:22,6.6,12.2,524,0.0,0.0,0,0.0,0.0,0,406044.00,0.00,0.00,195,12.53,2.71,0.00,-1.6,4.998,4.998,4.998,4.998,109
2022-01-03 19:13:22,8.2,9.7,458,0.0,0.0,0,0.0,0.0,0,406502.00,0.00,0.00,210,12.53,2.91,0.00,-1.1,4.998,4.998,4.998,4.998,53
2022-01-03 19:14:22,7.1,13.1,532,0.0,0.0,0,0.0,0.0,0,407034.00,0.00,0.00,183,12.57,2.54,0.00,-1.1,4.998,4.998,4.998,4.998,254
2022-01-03 19:15:22,3.7,9.3,376,0.0,0.0,0,0.0,0.0,0,407410.00,0.00,0.00,220,12.53,3.05,0.00,-1.6,4.998,4.998,4.998,4.998,238
2022-01-03 19:16:22,10.1,16.1,674,0.0,0.0,0,0.0,0.0,0,408084.00,0.00,0.00,166,12.57,2.31,0.00,-1.1,4.998,4.998,4.998,4.998,176
2022-01-03 19:17:22,12.5,14.0,591,0.0,0.0,0,0.0,0.0,0,408675.00,0.00,0.00,174,12.53,2.42,0.00,-1.1,4.998,4.998,4.998,4.998,187
2022-01-03 19:18:22,7.2,12.4,485,0.0,0.0,0,0.0,0.0,0,409160.00,0.00,0.00,191,12.57,2.65,0.00,-1.1,4.998,4.998,4.998,4.998,112
2022-01-03 19:19:22,7.2,10.8,467,0.0,0.0,0,0.0,0.0,0,409627.00,0.00,0.00,182,12.57,2.52,0.00,-1.1,4.998,4.998,4.998,4.998,245
2022-01-03 19:20:22,13.7,16.8,624,0.0,0.0,0,0.0,0.0,0,410251.00,0.00,0.00,153,12.53,2.13,0.00,-1.6,4.998,4.998,4.998,4.998,16
2022-01-03 19:21:22,9.5,14.0,594,0.0,0.0,0,0.0,0.0,0,410845.00,0.00,0.00,172,12.53,2.40,0.00,-1.1,4.998,4.998,4.998,4.998,80
2022-01-03 19:22:22,10.6,21.3,748,0.0,0.0,0,0.0,0.0,0,411593.00,0.00,0.00,194,12.57,2.70,0.00,-1.6,4.998,4.998,4.998,4.998,168
2022-01-03 19:23:22,6.2,11.7,521,0.0,0.0,0,0.0,0.0,0,412114.00,0.00,0.00,202,12.53,2.81,0.00,-1.1,4.998,4.998,4.998,4.998,77
2022-01-03 19:24:22,10.3,11.5,411,0.0,0.0,0,0.0,0.0,0,412525.00,0.00,0.00,169,12.53,2.35,0.00,-1.6,4.998,4.998,4.998,4.998,47
2022-01-03 19:25:22,10.7,14.7,589,0.0,0.0,0,0.0,0.0,0,413114.00,0.00,0.00,169,12.57,2.35,0.00,-1.6,4.998,4.998,4.998,4.998,39
2022-01-03 19:26:22,5.8,11.8,518,0.0,0.0,0,0.0,0.0,0,413632.00,0.00,0.00,231,12.53,3.21,0.00,-1.6,4.998,4.998,4.998,4.998,121
2022-01-03 19:27:22,12.7,14.6,543,0.0,0.0,0,0.0,0.0,0,414175.00,0.00,0.00,169,12.53,2.35,0.00,-1.1,4.998,4.998,4.998,4.998,200
2022-01-03 19:28:22,2.2,14.4,374,0.0,0.0,0,0.0,0.0,0,414549.00,0.00,0.00,212,12.53,2.94,0.00,-1.1,4.998,4.998,4.998,4.998,243
2022-01-03 19:29:22,10.3,17.4,511,0.0,0.0,0,0.0,0.0,0,415060.00,0.00,0.00,214,12.53,2.97,0.00,-1.1,4.998,4.998,4.998,4.998,237
2022-01-03 19:30:22,8.8,13.6,544,0.0,0.0,0,0.0,0.0,0,415604.00,0.00,0.00,153,12.57,2.13,0.00,-1.6,4.998,4.998,4.998,4.998,103
2022-01-03 19:31:22,10.8,14.5,670,0.0,0.0,0,0.0,0.0,0,416274.00,0.00,0.00,151,12.57,2.10,0.00,-1.1,4.998,4.998,4.998,4.998,170
2022-01-03 19:32:22,8.6,19.0,567,0.0,0.0,0,0.0,0.0,0,416841.00,0.00,0.00,168,12.57,2.34,0.00,-1.1,4.998,4.998,4.998,4.998,216
2022-01-03 19:33:22,5.7,13.5,490,0.0,0.0,0,0.0,0.0,0,417331.00,0.00,0.00,178,12.53,2.48,0.00,-1.1,4.998,4.998,4.998,4.998,239
2022-01-03 19:34:22,7.5,13.6,569,0.0,0.0,0,0.0,0.0,0,417900.00,0.00,0.00,193,12.57,2.68,0.00,-1.6,4.998,4.998,4.998,4.998,37
2022-01-03 19:35:22,8.9,15.5,661,0.0,0.0,0,0.0,0.0,0,418561.00,0.00,0.00,221,12.57,3.07,0.00,-1.1,4.998,4.998,4.998,4.998,6
2022-01-03 19:36:22,9.4,12.4,532,0.0,0.0,0,0.0,0.0,0,419093.00,0.00,0.00,195,12.53,2.70,0.00,-1.1,4.998,4.998,4.998,4.998,166
2022-01-03 19:37:22,12.1,12.8,567,0.0,0.0,0,0.0,0.0,0,419660.00,0.00,0.00,165,12.57,2.29,0.00,-1.6,4.998,4.998,4.998,4.998,91
2022-01-03 19:38:22,5.3,13.8,546,0.0,0.0,0,0.0,0.0,0,420206.00,0.00,0.00,203,12.53,2.83,0.00,-1.1,4.998,4.998,4.998,4.998,163
2022-01-03 19:39:22,5.6,8.8,358,0.0,0.0,0,0.0,0.0,0,420564.00,0.00,0.00,185,12.53,2.57,0.00,-1.6,4.998,4.998,4.998,4.998,42
2022-01-03 19:40:22,7.8,10.3,381,0.0,0.0,0,0.0,0.0,0,420945.00,0.00,0.00,189,12.57,2.62,0.00,-1.6,4.998,4.998,4.998,4.998,146
2022-01-03 19:41:22,6.2,16.5,492,0.0,0.0,0,0.0,0.0,0,421437.00,0.00,0.00,178,12.53,2.48,0.00,-1.6,4.998,4.998,4.998,4.998,130
2022-01-03 19:42:22,6.3,18.9,587,0.0,0.0,0,0.0,0.0,0,422024.00,0.00,0.00,206,12.53,2.86,0.00,-1.1,4.998,4.998,4.998,4.998,27
2022-01-03 19:43:22,6.2,11.2,467,0.0,0.0,0,0.0,0.0,0,422491.00,0.00,0.00,200,12.57,2.77,0.00,-1.6,4.998,4.998,4.998,4.998,221
2022-01-03 19:44:22,5.8,15.8,594,0.0,0.0,0,0.0,0.0,0,423085.00,0.00,0.00,229,12.53,3.19,0.00,-1.6,4.998,4.998,4.998,4.998,44
2022-01-03 19:45:22,9.6,11.6,466,0.0,0.0,0,0.0,0.0,0,423551.00,0.00,0.00,185,12.53,2.57,0.00,-1.1,4.998,4.998,4.998,4.998,98
2022-01-03 19:46:22,6.7,12.4,477,0.0,0.0,0,0.0,0.0,0,424028.00,0.00,0.00,220,12.57,3.06,0.00,-1.6,4.998,4.998,4.998,4.998,103
2022-01-03 19:47:22,8.9,13.7,522,0.0,0.0,0,0.0,0.0,0,424550.00,0.00,0.00,220,12.57,3.06,0.00,-1.6,4.998,4.998,4.998,4.998,116
2022-01-03 19:48:22,8.3,15.5,629,0.0,0.0,0,0.0,0.0,0,425179.00,0.00,0.00,174,12.57,2.41,0.00,-1.6,4.998,4.998,4.998,4.998,158
2022-01-03 19:49:22,7.2,11.1,461,0.0,0.0,0,0.0,0.0,0,425640.00,0.00,0.00,169,12.53,2.35,0.00,-1.6,4.998,4.998,4.998,4.998,114
2022-01-03 19:50:22,7.7,22.2,680,0.0,0.0,0,0.0,0.0,0,426320.00,0.00,0.00,209,12.57,2.90,0.00,-1.6,4.998,4.998,4.998,4.998,186
2022-01-03 19:51:22,7.3,13.4,596,0.0,0.0,0,0.0,0.0,0,426916.00,0.00,0.00,192,12.53,2.67,0.00,-1.1,4.998,4.998,4.998,4.998,213
2022-01-03 19:52:22,7.8,13.8,556,0.0,0.0,0,0.0,0.0,0,427472.00,0.00,0.00,158,12.53,2.20,0.00,-1.1,4.998,4.998,4.998,4.998,205
2022-01-03 19:53:22,9.4,15.8,515,0.0,0.0,0,0.0,0.0,0,427987.00,0.00,0.00,200,12.53,2.78,0.00,-1.6,4.998,4.998,4.998,4.998,219
2022-01-03 19:54:22,7.0,11.1,485,0.0,0.0,0,0.0,0.0,0,428472.00,0.00,0.00,191,12.53,2.66,0.00,-1.1,4.998,4.998,4.998,4.998,246
2022-01-03 19:55:22,8.0,14.0,595,0.0,0.0,0,0.0,0.0,0,429067.00,0.00,0.00,214,12.53,2.98,0.00,-1.1,4.998,4.998,4.998,4.998,127
2022-01-03 19:56:22,8.0,15.7,598,0.0,0.0,0,0.0,0.0,0,429665.00,0.00,0.00,204,12.57,2.83,0.00,-1.1,4.998,4.998,4.998,4.998,87
2022-01-03 19:57:22,8.0,15.0,579,0.0,0.0,0,0.0,0.0,0,430244.00,0.00,0.00,183,12.57,2.55,0.00,-1.6,4.998,4.998,4.998,4.998,241
2022-01-03 19:58:22,11.6,17.1,622,0.0,0.0,0,0.0,0.0,0,430866.00,0.00,0.00,207,12.57,2.88,0.00,-1.1,4.998,4.998,4.998,4.998,139
2022-01-03 19:59:22,8.2,14.1,534,0.0,0.0,0,0.0,0.0,0,431400.00,0.00,0.00,202,12.57,2.80,0.00,-1.1,4.998,4.998,4.998,4.998,219
2022-01-03 20:00:22,8.3,12.8,471,0.0,0.0,0,0.0,0.0,0,431871.00,0.00,0.00,187,12.53,2.60,0.00,-1.1,4.998,4.998,4.998,4.998,78
2022-01-03 20:01:22,6.3,12.4,555,0.0,0.0,0,0.0,0.0,0,432426.00,0.00,0.00,203,12.53,2.82,0.00,-1.6,4.998,4.998,4.998,4.998,251
2022-01-03 20:02:22,4.3,10.4,432,0.0,0.0,0,0.0,0.0,0,432858.00,0.00,0.00,214,12.57,2.97,0.00,-1.1,4.998,4.998,4.998,4.998,156
2022-01-03 20:03:22,8.5,11.0,385,0.0,0.0,0,0.0,0.0,0,433243.00,0.00,0.00,183,12.57,2.54,0.00,-1.6,4.998,4.998,4.998,4.998,155
2022-01-03 20:04:22,10.7,11.8,488,0.0,0.0,0,0.0,0.0,0,433731.00,0.00,0.00,199,12.57,2.77,0.00,-1.6,4.998,4.998,4.998,4.998,210
2022-01-03 20:05:22,6.6,10.5,465,0.0,0.0,0,0.0,0.0,0,434196.00,0.00,0.00,180,12.57,2.50,0.00,-1.6,4.998,4.998,4.998,4.998,123
2022-01-03 20:06:22,3.2,6.9,268,0.0,0.0,0,0.0,0.0,0,434464.00,0.00,0.00,226,12.57,3.14,0.00,-1.6,4.998,4.998,4.998,4.998,13
2022-01-03 20:07:22,6.1,8.5,318,0.0,0.0,0,0.0,0.0,0,434782.00,0.00,0.00,229,12.57,3.18,0.00,-1.6,4.998,4.998,4.998,4.998,130
2022-01-03 20:08:22,8.7,12.3,502,0.0,0.0,0,0.0,0.0,0,435284.00,0.00,0.00,180,12.53,2.50,0.00,-1.1,4.998,4.998,4.998,4.998,127
2022-01-03 20:09:22,6.7,11.5,533,0.0,0.0,0,0.0,0.0,0,435817.00,0.00,0.00,203,12.53,2.82,0.00,-1.6,4.998,4.998,4.998,4.998,130
2022-01-03 20:10:22,7.7,10.3,429,0.0,0.0,0,0.0,0.0,0,436246.00,0.00,0.00,182,12.53,2.52,0.00,-1.6,4.998,4.998,4.998,4.998,229
2022-01-03 20:11:22,6.9,13.7,537,0.0,0.0,0,0.0,0.0,0,436783.00,0.00,0.00,179,12.57,2.49,0.00,-1.6,4.998,4.998,4.998,4.998,243
2022-01-03 20:12:22,6.5,9.1,400,0.0,0.0,0,0.0,0.0,0,437183.00,0.00,0.00,200,12.57,2.78,0.00,-1.1,4.998,4.998,4.998,4.998,97
2022-01-03 20:13:22,6.2,8.2,331,0.0,0.0,0,0.0,0.0,0,437514.00,0.00,0.00,222,12.53,3.09,0.00,-1.6,4.998,4.998,4.998,4.998,128
2022-01-03 20:14:22,6.2,6.8,299,0.0,0.0,0,0.0,0.0,0,437813.00,0.00,0.00,192,12.57,2.67,0.00,-1.6,4.998,4.998,4.998,4.998,1
2022-01-03 20:15:22,10.1,11.1,311,0.0,0.0,0,0.0,0.0,0,438124.00,0.00,0.00,238,12.57,3.31,0.00,-1.6,4.998,4.998,4.998,4.998,219
2022-01-03 20:16:22,6.3,14.8,554,0.0,0.0,0,0.0,0.0,0,438678.00,0.00,0.00,149,12.53,2.07,0.00,-1.1,4.998,4.998,4.998,4.998,224
2022-01-03 20:17:22,5.7,11.4,435,0.0,0.0,0,0.0,0.0,0,439113.00,0.00,0.00,200,12.53,2.78,0.00,-1.6,4.998,4.998,4.998,4.998,206
2022-01-03 20:18:22,9.2,11.3,392,0.0,0.0,0,0.0,0.0,0,439505.00,0.00,0.00,206,12.53,2.86,0.00,-1.6,4.998,4.998,4.998,4.998,173
2022-01-03 20:19:22,9.4,11.9,529,0.0,0.0,0,0.0,0.0,0,440034.00,0.00,0.00,222,12.57,3.09,0.00,-1.6,4.998,4.998,4.998,4.998,213
2022-01-03 20:20:22,6.3,12.8,488,0.0,0.0,0,0.0,0.0,0,440522.00,0.00,0.00,208,12.53,2.89,0.00,-1.6,4.998,4.998,4.998,4.998,190
2022-01-03 20:21:22,4.7,10.2,389,0.0,0.0,0,0.0,0.0,0,440911.00,0.00,0.00,185,12.53,2.57,0.00,-1.6,4.998,4.998,4.998,4.998,80
2022-01-03 20:22:22,3.8,10.7,426,0.0,0.0,0,0.0,0.0,0,441337.00,0.00,0.00,204,12.53,2.83,0.00,-1.6,4.998,4.998,4.998,4.998,68
2022-01-03 20:23:22,4.1,7.8,302,0.0,0.0,0,0.0,0.0,0,441639.00,0.00,0.00,254,12.53,3.53,0.00,-1.1,4.998,4.998,4.998,4.998,49
2022-01-03 20:24:22,3.9,6.8,275,0.0,0.0,0,0.0,0.0,0,441914.00,0.00,0.00,186,12.57,2.59,0.00,-1.6,4.998,4.998,4.998,4.998,229
2022-01-03 20:25:22,5.3,9.9,294,0.0,0.0,0,0.0,0.0,0,442208.00,0.00,0.00,174,12.57,2.42,0.00,-1.6,4.998,4.998,4.998,4.998,180
2022-01-03 20:26:22,5.2,9.4,300,0.0,0.0,0,0.0,0.0,0,442508.00,0.00,0.00,221,12.53,3.08,0.00,-1.6,4.998,4.998,4.998,4.998,105
2022-01-03 20:27:22,10.1,10.8,340,0.0,0.0,0,0.0,0.0,0,442848.00,0.00,0.00,181,12.57,2.52,0.00,-1.6,4.998,4.998,4.998,4.998,114
2022-01-03 20:28:22,5.9,12.0,487,0.0,0.0,0,0.0,0.0,0,443335.00,0.00,0.00,183,12.53,2.54,0.00,-1.6,4.998,4.998,4.998,4.998,51
2022-01-03 20:29:22,3.4,7.7,331,0.0,0.0,0,0.0,0.0,0,443666.00,0.00,0.00,172,12.53,2.39,0.00,-1.6,4.998,4.998,4.998,4.998,78
2022-01-03 20:30:22,6.5,9.7,259,0.0,0.0,0,0.0,0.0,0,443925.00,0.00,0.00,174,12.53,2.42,0.00,-2.1,4.998,4.998,4.998,4.998,64
2022-01-03 20:31:22,3.9,8.5,314,0.0,0.0,0,0.0,0.0,0,444239.00,0.00,0.00,203,12.53,2.83,0.00,-1.6,4.998,4.998,4.998,4.998,243
2022-01-03 20:32:22,9.2,9.6,356,0.0,0.0,0,0.0,0.0,0,444595.00,0.00,0.00,153,12.53,2.13,0.00,-1.6,4.998,4.998,4.998,4.998,206
2022-01-03 20:33:22,4.4,9.1,339,0.0,0.0,0,0.0,0.0,0,444934.00,0.00,0.00,176,12.57,2.45,0.00,-1.6,4.998,4.998,4.998,4.998,205
2022-01-03 20:34:22,2.7,7.4,282,0.0,0.0,0,0.0,0.0,0,445216.00,0.00,0.00,190,12.57,2.65,0.00,-1.6,4.998,4.998,4.998,4.998,240
2022-01-03 20:35:22,3.6,4.0,150,0.0,0.0,0,0.0,0.0,0,445366.00,0.00,0.00,191,12.53,2.65,0.00,-2.1,4.998,4.998,4.998,4.998,25
2022-01-03 20:36:22,3.2,5.3,202,0.0,0.0,0,0.0,0.0,0,445568.00,0.00,0.00,204,12.57,2.84,0.00,-1.6,4.998,4.998,4.998,4.998,185
2022-01-03 20:37:22,4.8,7.9,342,0.0,0.0,0,0.0,0.0,0,445910.00,0.00,0.00,209,12.53,2.91,0.00,-1.6,4.998,4.998,4.998,4.998,146
2022-01-03 20:38:22,5.5,10.2,307,0.0,0.0,0,0.0,0.0,0,446217.00,0.00,0.00,162,12.53,2.25,0.00,-1.6,4.998,4.998,4.998,4.998,178
2022-01-03 20:39:22,3.1,10.1,412,0.0,0.0,0,0.0,0.0,0,446629.00,0.00,0.00,176,12.57,2.45,0.00,-1.6,4.998,4.998,4.998,4.998,88
2022-01-03 20:40:22,5.5,7.4,288,0.0,0.0,0,0.0,0.0,0,446917.00,0.00,0.00,176,12.53,2.45,0.00,-2.1,4.998,4.998,4.998,4.998,170
2022-01-03 20:41:22,3.6,6.9,295,0.0,0.0,0,0.0,0.0,0,447212.00,0.00,0.00,178,12.53,2.47,0.00,-2.1,4.998,4.998,4.998,4.998,151
2022-01-03 20:42:22,3.1,4.4,193,0.0,0.0,0,0.0,0.0,0,447405.00,0.00,0.00,178,12.53,2.48,0.00,-1.6,4.998,4.998,4.998,4.998,112
2022-01-03 20:43:22,4.0,5.2,206,0.0,0.0,0,0.0,0.0,0,447611.00,0.00,0.00,165,12.57,2.29,0.00,-2.1,4.998,4.998,4.998,4.998,214
2022-01-03 20:44:22,4.3,7.0,242,0.0,0.0,0,0.0,0.0,0,447853.00,0.00,0.00,181,12.53,2.51,0.00,-2.1,4.998,4.998,4.998,4.998,92
2022-01-03 20:45:22,2.9,5.9,261,0.0,0.0,0,0.0,0.0,0,448114.00,0.00,0.00,137,12.53,1.90,0.00,-2.1,4.998,4.998,4.998,4.998,200
2022-01-03 20:46:22,3.7,7.2,298,0.0,0.0,0,0.0,0.0,0,448412.00,0.00,0.00,192,12.57,2.67,0.00,-1.6,4.998,4.998,4.998,4.998,150
2022-01-03 20:47:22,3.8,8.5,340,0.0,0.0,0,0.0,0.0,0,448752.00,0.00,0.00,175,12.53,2.44,0.00,-1.6,4.998,4.998,4.998,4.998,216
2022-01-03 20:48:22,2.9,5.4,215,0.0,0.0,0,0.0,0.0,0,448967.00,0.00,0.00,164,12.53,2.28,0.00,-2.1,4.998,4.998,4.998,4.998,239
2022-01-03 20:49:22,4.2,6.2,218,0.0,0.0,0,0.0,0.0,0,449185.00,0.00,0.00,170,12.53,2.37,0.00,-2.1,4.998,4.998,4.998,4.998,115
2022-01-03 20:50:22,7.5,9.6,343,0.0,0.0,0,0.0,0.0,0,449528.00,0.00,0.00,163,12.53,2.26,0.00,-2.1,4.998,4.998,4.998,4.998,49
2022-01-03 20:51:22,3.7,8.6,349,0.0,0.0,0,0.0,0.0,0,449877.00,0.00,0.00,185,12.53,2.57,0.00,-2.1,4.998,4.998,4.998,4.998,35
2022-01-03 20:52:22,3.5,5.0,237,0.0,0.0,0,0.0,0.0,0,450114.00,0.00,0.00,166,12.53,2.31,0.00,-2.1,4.998,4.998,4.998,4.998,89
2022-01-03 20:53:22,3.1,8.4,216,0.0,0.0,0,0.0,0.0,0,450330.00,0.00,0.00,162,12.53,2.25,0.00,-1.6,4.998,4.998,4.998,4.998,208
2022-01-03 20:54:22,2.2,6.8,255,0.0,0.0,0,0.0,0.0,0,450585.00,0.00,0.00,181,12.57,2.52,0.00,-1.6,4.998,4.998,4.998,4.998,154
2022-01-03 20:55:22,3.7,5.5,227,0.0,0.0,0,0.0,0.0,0,450812.00,0.00,0.00,166,12.53,2.31,0.00,-2.1,4.998,4.998,4.998,4.998,173
2022-01-03 20:56:22,4.8,6.1,247,0.0,0.0,0,0.0,0.0,0,451059.00,0.00,0.00,191,12.57,2.66,0.00,-2.1,4.998,4.998,4.998,4.998,160
2022-01-03 20:57:22,2.9,4.7,187,0.0,0.0,0,0.0,0.0,0,451246.00,0.00,0.00,191,12.57,2.65,0.00,-2.1,4.998,4.998,4.998,4.998,140
2022-01-03 20:58:22,3.5,3.7,91,0.0,0.0,0,0.0,0.0,0,451337.00,0.00,0.00,191,12.53,2.65,0.00,-2.1,4.998,4.998,4.998,4.998,239
2022-01-03 20:59:22,1.9,3.9,167,0.0,0.0,0,0.0,0.0,0,451504.00,0.00,0.00,190,12.53,2.64,0.00,-2.1,4.998,4.998,4.998,4.998,49
2022-01-03 21:00:22,3.0,5.1,183,0.0,0.0,0,0.0,0.0,0,451687.00,0.00,0.00,176,12.53,2.45,0.00,-2.1,4.998,4.998,4.998,4.998,39
2022-01-03 21:01:22,4.8,6.1,187,0.0,0.0,0,0.0,0.0,0,451874.00,0.00,0.00,148,12.53,2.05,0.00,-2.1,4.998,4.998,4.998,4.998,87
2022-01-03 21:02:22,3.9,4.9,167,0.0,0.0,0,0.0,0.0,0,452041.00,0.00,0.00,166,12.53,2.31,0.00,-2.1,4.998,4.998,4.998,4.998,201
2022-01-03 21:03:22,2.6,4.8,172,0.0,0.0,0,0.0,0.0,0,452213.00,0.00,0.00,149,12.53,2.07,0.00,-2.1,4.998,4.998,4.998,4.998,44
2022-01-03 21:04:22,3.2,5.0,196,0.0,0.0,0,0.0,0.0,0,452409.00,0.00,0.00,144,12.53,2.00,0.00,-2.1,4.998,4.998,4.998,4.998,244
2022-01-03 21:05:22,4.9,7.8,306,0.0,0.0,0,0.0,0.0,0,452715.00,0.00,0.00,172,12.53,2.40,0.00,-2.1,4.998,4.998,4.998,4.998,214
2022-01-03 21:06:22,1.2,5.2,175,0.0,0.0,0,0.0,0.0,0,452890.00,0.00,0.00,172,12.53,2.40,0.00,-2.1,4.998,4.998,4.998,4.998,139
2022-01-03 21:07:22,3.3,3.7,136,0.0,0.0,0,0.0,0.0,0,453026.00,0.00,0.00,172,12.53,2.39,0.00,-2.1,4.998,4.998,4.998,4.998,106
2022-01-03 21:08:22,3.6,4.5,156,0.0,0.0,0,0.0,0.0,0,453182.00,0.00,0.00,171,12.53,2.37,0.00,-2.1,4.998,4.998,4.998,4.998,28
2022-01-03 21:09:22,3.6,5.8,239,0.0,0.0,0,0.0,0.0,0,453421.00,0.00,0.00,168,12.53,2.33,0.00,-2.1,4.998,4.998,4.998,4.998,63
2022-01-03 21:10:22,3.4,3.9,126,0.0,0.0,0,0.0,0.0,0,453547.00,0.00,0.00,168,12.53,2.33,0.00,-2.1,4.998,4.998,4.998,4.998,188
2022-01-03 21:11:22,3.0,3.8,138,0.0,0.0,0,0.0,0.0,0,453685.00,0.00,0.00,167,12.53,2.32,0.00,-2.1,4.998,4.998,4.998,4.998,243
2022-01-03 21:12:22,2.5,4.7,177,0.0,0.0,0,0.0,0.0,0,453862.00,0.00,0.00,168,12.53,2.33,0.00,-2.1,4.998,4.998,4.998,4.998,233
2022-01-03 21:13:22,2.6,3.9,119,0.0,0.0,0,0.0,0.0,0,453981.00,0.00,0.00,168,12.53,2.33,0.00,-2.1,4.998,4.998,4.998,4.998,31
2022-01-03 21:14:22,4.1,4.8,174,0.0,0.0,0,0.0,0.0,0,454155.00,0.00,0.00,168,12.53,2.33,0.00,-2.1,4.998,4.998,4.998,4.998,6
2022-01-03 21:15:22,2.5,3.9,135,0.0,0.0,0,0.0,0.0,0,454290.00,0.00,0.00,168,12.53,2.33,0.00,-2.1,4.998,4.998,4.998,4.998,180
2022-01-03 21:16:22,0.0,2.6,23,0.0,0.0,0,0.0,0.0,0,454313.00,0.00,0.00,168,12.53,2.33,0.00,-2.6,4.998,4.998,4.998,4.998,185
2022-01-03 21:17:22,4.0,5.0,162,0.0,0.0,0,0.0,0.0,0,454475.00,0.00,0.00,168,12.53,2.34,0.00,-2.6,4.998,4.998,4.998,4.998,7
2022-01-03 21:18:22,2.9,5.0,170,0.0,0.0,0,0.0,0.0,0,454645.00,0.00,0.00,168,12.53,2.33,0.00,-2.1,4.998,4.998,4.998,4.998,90
2022-01-03 21:19:22,0.0,2.9,87,0.0,0.0,0,0.0,0.0,0,454732.00,0.00,0.00,168,12.53,2.33,0.00,-2.1,4.998,4.998,4.998,4.998,125
2022-01-03 21:20:22,4.6,5.6,149,0.0,0.0,0,0.0,0.0,0,454881.00,0.00,0.00,167,12.53,2.32,0.00,-2.1,4.998,4.998,4.998,4.998,9
2022-01-03 21:21:22,4.1,5.2,211,0.0,0.0,0,0.0,0.0,0,455092.00,0.00,0.00,161,12.53,2.24,0.00,-2.1,4.998,4.998,4.998,4.998,101
2022-01-03 21:22:22,3.1,4.6,207,0.0,0.0,0,0.0,0.0,0,455299.00,0.00,0.00,162,12.53,2.25,0.00,-2.1,4.998,4.998,4.998,4.998,7
2022-01-03 21:23:22,0.0,3.3,77,0.0,0.0,0,0.0,0.0,0,455376.00,0.00,0.00,162,12.53,2.25,0.00,-2.1,4.998,4.998,4.998,4.998,43
2022-01-03 21:24:22,2.3,4.2,145,0.0,0.0,0,0.0,0.0,0,455521.00,0.00,0.00,161,12.53,2.23,0.00,-2.1,4.998,4.998,4.998,4.998,94
2022-01-03 21:25:22,0.0,3.5,84,0.0,0.0,0,0.0,0.0,0,455605.00,0.00,0.00,161,12.53,2.23,0.00,-2.1,4.998,4.998,4.998,4.998,151
2022-01-03 21:26:22,4.5,4.7,95,0.0,0.0,0,0.0,0.0,0,455700.00,0.00,0.00,164,12.57,2.28,0.00,-2.1,4.998,4.998,4.998,4.998,11
2022-01-03 21:27:22,4.2,5.8,220,0.0,0.0,0,0.0,0.0,0,455920.00,0.00,0.00,133,12.53,1.86,0.00,-2.1,4.998,4.998,4.998,4.998,19
2022-01-03 21:28:22,2.9,5.2,214,0.0,0.0,0,0.0,0.0,0,456134.00,0.00,0.00,148,12.53,2.06,0.00,-2.1,4.998,4.998,4.998,4.998,176
2022-01-03 21:29:22,3.0,4.5,168,0.0,0.0,0,0.0,0.0,0,456302.00,0.00,0.00,141,12.53,1.96,0.00,-2.1,4.998,4.998,4.998,4.998,22
2022-01-03 21:30:22,0.0,3.4,43,0.0,0.0,0,0.0,0.0,0,456345.00,0.00,0.00,141,12.53,1.96,0.00,-2.6,4.998,4.998,4.998,4.998,180
2022-01-03 21:31:22,0.0,0.0,0,0.0,0.0,0,0.0,0.0,0,456345.00,0.00,0.00,142,12.53,1.97,0.00,-2.6,4.998,4.998,4.998,4.998,139
2022-01-03 21:32:22,0.0,1.3,4,0.0,0.0,0,0.0,0.0,0,456349.00,0.00,0.00,142,12.57,1.97,0.00,-2.1,4.998,4.998,4.998,4.998,12
2022-01-03 21:33:22,3.3,3.3,52,0.0,0.0,0,0.0,0.0,0,456401.00,0.00,0.00,142,12.53,1.98,0.00,-2.6,4.998,4.998,4.998,4.998,88
2022-01-03 21:34:22,2.1,3.5,126,0.0,0.0,0,0.0,0.0,0,456527.00,0.00,0.00,142,12.53,1.98,0.00,-2.6,4.998,4.998,4.998,4.998,248
2022-01-03 21:35:22,3.1,4.0,132,0.0,0.0,0,0.0,0.0,0,456659.00,0.00,0.00,143,12.57,1.98,0.00,-2.6,4.998,4.998,4.998,4.998,142
2022-01-03 21:36:22,2.8,4.8,184,0.0,0.0,0,0.0,0.0,0,456843.00,0.00,0.00,182,12.57,2.53,0.00,-2.1,4.998,4.998,4.998,4.998,142
2022-01-03 21:37:22,3.5,4.5,173,0.0,0.0,0,0.0,0.0,0,457016.00,0.00,0.00,182,12.53,2.53,0.00,-2.6,4.998,4.998,4.998,4.998,35
2022-01-03 21:38:22,3.6,4.3,195,0.0,0.0,0,0.0,0.0,0,457211.00,0.00,0.00,182,12.53,2.53,0.00,-2.1,4.998,4.998,4.998,4.998,137
2022-01-03 21:39:22,3.2,5.2,220,0.0,0.0,0,0.0,0.0,0,457431.00,0.00,0.00,165,12.53,2.29,0.00,-2.1,4.998,4.998,4.998,4.998,250
2022-01-03 21:40:22,2.6,3.3,145,0.0,0.0,0,0.0,0.0,0,457576.00,0.00,0.00,165,12.53,2.29,0.00,-2.6,4.998,4.998,4.998,4.998,228
2022-01-03 21:41:22,1.6,2.8,75,0.0,0.0,0,0.0,0.0,0,457651.00,0.00,0.00,165,12.53,2.29,0.00,-2.1,4.998,4.998,4.998,4.998,254
2022-01-03 21:42:22,3.6,3.7,125,0.0,0.0,0,0.0,0.0,0,457776.00,0.00,0.00,165,12.53,2.30,0.00,-2.6,4.998,4.998,4.998,4.998,186
2022-01-03 21:43:22,0.0,3.8,68,0.0,0.0,0,0.0,0.0,0,457844.00,0.00,0.00,165,12.53,2.30,0.00,-2.6,4.998,4.998,4.998,4.998,96
2022-01-03 21:44:22,1.8,3.2,106,0.0,0.0,0,0.0,0.0,0,457950.00,0.00,0.00,165,12.53,2.29,0.00,-2.6,4.998,4.998,4.998,4.998,157
2022-01-03 21:45:22,2.1,5.3,212,0.0,0.0,0,0.0,0.0,0,458162.00,0.00,0.00,165,12.53,2.29,0.00,-2.6,4.998,4.998,4.998,4.998,87
2022-01-03 21:46:22,1.8,2.7,91,0.0,0.0,0,0.0,0.0,0,458253.00,0.00,0.00,165,12.53,2.29,0.00,-3.1,4.998,4.998,4.998,4.998,20
2022-01-03 21:47:22,0.0,2.6,55,0.0,0.0,0,0.0,0.0,0,458308.00,0.00,0.00,165,12.53,2.29,0.00,-2.6,4.998,4.998,4.998,4.998,37
2022-01-03 21:48:22,3.5,3.6,13,0.0,0.0,0,0.0,0.0,0,458321.00,0.00,0.00,164,12.53,2.29,0.00,-2.6,4.998,4.998,4.998,4.998,251
2022-01-03 21:49:22,2.1,3.4,126,0.0,0.0,0,0.0,0.0,0,458447.00,0.00,0.00,164,12.53,2.29,0.00,-2.6,4.998,4.998,4.998,4.998,157
2022-01-03 21:50:22,2.4,3.3,139,0.0,0.0,0,0.0,0.0,0,458586.00,0.00,0.00,165,12.53,2.29,0.00,-2.6,4.998,4.998,4.998,4.998,35
2022-01-03 21:51:22,1.8,3.7,139,0.0,0.0,0,0.0,0.0,0,458725.00,0.00,0.00,164,12.53,2.29,0.00,-2.6,4.998,4.998,4.998,4.998,168
2022-01-03 21:52:22,0.0,2.3,32,0.0,0.0,0,0.0,0.0,0,458757.00,0.00,0.00,165,12.53,2.29,0.00,-2.6,4.998,4.998,4.998,4.998,9
2022-01-03 21:53:22,3.1,3.2,20,0.0,0.0,0,0.0,0.0,0,458777.00,0.00,0.00,165,12.53,2.29,0.00,-2.6,4.998,4.998,4.998,4.998,200
2022-01-03 21:54:22,1.5,4.5,128,0.0,0.0,0,0.0,0.0,0,458905.00,0.00,0.00,164,12.53,2.29,0.00,-2.6,4.998,4.998,4.998,4.998,177
2022-01-03 21:55:22,0.0,1.4,4,0.0,0.0,0,0.0,0.0,0,458909.00,0.00,0.00,164,12.53,2.28,0.00,-2.6,4.998,4.998,4.998,4.998,27
2022-01-03 21:56:22,0.0,1.4,8,0.0,0.0,0,0.0,0.0,0,458917.00,0.00,0.00,164,12.53,2.29,0.00,-2.6,4.998,4.998,4.998,4.998,62
2022-01-03 21:57:22,0.0,2.5,75,0.0,0.0,0,0.0,0.0,0,458992.00,0.00,0.00,164,12.53,2.29,0.00,-2.6,4.998,4.998,4.998,4.998,111
2022-01-03 21:58:22,2.6,3.2,60,0.0,0.0,0,0.0,0.0,0,459052.00,0.00,0.00,164,12.53,2.29,0.00,-2.6,4.998,4.998,4.998,4.998,133
2022-01-03 21:59:22,1.4,3.6,117,0.0,0.0,0,0.0,0.0,0,459169.00,0.00,0.00,164,12.53,2.28,0.00,-2.6,4.998,4.998,4.998,4.998,163
2022-01-03 22:00:22,0.0,1.3,4,0.0,0.0,0,0.0,0.0,0,459173.00,0.00,0.00,164,12.53,2.28,0.00,-3.1,4.998,4.998,4.998,4.998,48
2022-01-03 22:01:22,0.0,0.0,0,0.0,0.0,0,0.0,0.0,0,459173.00,0.00,0.00,164,12.53,2.28,0.00,-2.6,4.998,4.998,4.998,4.998,133
2022-01-03 22:02:22,0.0,0.0,0,0.0,0.0,0,0.0,0.0,0,459173.00,0.00,0.00,164,12.53,2.28,0.00,-3.1,4.998,4.998,4.998,4.998,56
2022-01-03 22:03:22,0.0,0.0,0,0.0,0.0,0,0.0,0.0,0,459173.00,0.00,0.00,164,12.53,2.28,0.00,-3.6,4.998,4.998,4.998,4.998,193
2022-01-03 22:04:22,0.0,0.0,0,0.0,0.0,0,0.0,0.0,0,459173.00,0.00,0.00,164,12.53,2.28,0.00,-3.1,4.998,4.998,4.998,4.998,247
2022-01-03 22:05:22,0.0,0.0,0,0.0,0.0,0,0.0,0.0,0,459173.00,0.00,0.00,164,12.53,2.28,0.00,-2.6,4.998,4.998,4.998,4.998,192
2022-01-03 22:06:22,0.0,0.0,0,0.0,0.0,0,0.0,0.0,0,459173.00,0.00,0.00,164,12.53,2.28,0.00,-3.1,4.998,4.998,4.998,4.998,125
2022-01-03 22:07:22,0.0,0.0,0,0.0,0.0,0,0.0,0.0,0,459173.00,0.00,0.00,164,12.53,2.29,0.00,-3.1,4.998,4.998,4.998,4.998,165
2022-01-03 22:08:22,0.0,0.0,0,0.0,0.0,0,0.0,0.0,0,459173.00,0.00,0.00,164,12.53,2.28,0.00,-2.6,4.998,4.998,4.998,4.998,55
2022-01-03 22:09:22,0.0,0.0,0,0.0,0.0,0,0.0,0.0,0,459173.00,0.00,0.00,164,12.53,2.28,0.00,-3.1,4.998,4.998,4.998,4.998,0
2022-01-03 22:10:22,0.0,0.0,0,0.0,0.0,0,0.0,0.0,0,459173.00,0.00,0.00,164,12.53,2.28,0.00,-3.1,4.998,4.998,4.998,4.998,109
2022-01-03 22:11:22,0.0,0.0,0,0.0,0.0,0,0.0,0.0,0,459173.00,0.00,0.00,164,12.53,2.28,0.00,-2.6,4.998,4.998,4.998,4.998,90
2022-01-03 22:12:22,0.0,0.0,0,0.0,0.0,0,0.0,0.0,0,459173.00,0.00,0.00,164,12.53,2.28,0.00,-3.1,4.998,4.998,4.998,4.998,231
2022-01-03 22:13:22,0.0,0.0,0,0.0,0.0,0,0.0,0.0,0,459173.00,0.00,0.00,164,12.53,2.28,0.00,-3.1,4.998,4.998,4.998,4.998,244
2022-01-03 22:14:22,0.0,0.0,0,0.0,0.0,0,0.0,0.0,0,459173.00,0.00,0.00,164,12.53,2.28,0.00,-3.1,4.998,4.998,4.998,4.998,40
2022-01-03 22:15:22,0.0,0.0,0,0.0,0.0,0,0.0,0.0,0,459173.00,0.00,0.00,164,12.53,2.28,0.00,-3.1,4.998,4.998,4.998,4.998,59
2022-01-03 22:16:22,0.0,0.0,0,0.0,0.0,0,0.0,0.0,0,459173.00,0.00,0.00,164,12.53,2.28,0.00,-3.1,4.998,4.998,4.998,4.998,162
2022-01-03 22:17:22,0.0,0.0,0,0.0,0.0,0,0.0,0.0,0,459173.00,0.00,0.00,164,12.53,2.28,0.00,-3.1,4.998,4.998,4.998,4.998,177
2022-01-03 22:18:22,0.0,0.0,0,0.0,0.0,0,0.0,0.0,0,459173.00,0.00,0.00,164,12.53,2.28,0.00,-3.1,4.998,4.998,4.998,4.998,204
2022-01-03 22:19:22,0.0,0.0,0,0.0,0.0,0,0.0,0.0,0,459173.00,0.00,0.00,164,12.53,2.28,0.00,-2.6,4.998,4.998,4.998,4.998,251
2022-01-03 22:20:22,1.4,2.6,50,0.0,0.0,0,0.0,0.0,0,459223.00,0.00,0.00,164,12.53,2.28,0.00,-2.6,4.998,4.998,4.998,4.998,105
2022-01-03 22:21:22,0.0,1.3,2,0.0,0.0,0,0.0,0.0,0,459225.00,0.00,0.00,164,12.53,2.28,0.00,-3.1,4.998,4.998,4.998,4.998,165
2022-01-03 22:22:22,0.0,0.0,0,0.0,0.0,0,0.0,0.0,0,459225.00,0.00,0.00,164,12.53,2.28,0.00,-2.6,4.998,4.998,4.998,4.998,201
2022-01-03 22:23:22,3.2,3.2,32,0.0,0.0,0,0.0,0.0,0,459257.00,0.00,0.00,164,12.53,2.28,0.00,-3.1,4.998,4.998,4.998,4.998,45
2022-01-03 22:24:22,0.0,3.4,87,0.0,0.0,0,0.0,0.0,0,459344.00,0.00,0.00,165,12.53,2.29,0.00,-3.1,4.998,4.998,4.998,4.998,76
2022-01-03 22:25:22,1.6,3.2,102,0.0,0.0,0,0.0,0.0,0,459446.00,0.00,0.00,164,12.53,2.29,0.00,-2.6,4.998,4.998,4.998,4.998,216
2022-01-03 22:26:22,1.2,2.0,34,0.0,0.0,0,0.0,0.0,0,459480.00,0.00,0.00,164,12.53,2.29,0.00,-3.1,4.998,4.998,4.998,4.998,54
2022-01-03 22:27:22,0.0,0.0,0,0.0,0.0,0,0.0,0.0,0,459480.00,0.00,0.00,164,12.53,2.29,0.00,-2.6,4.998,4.998,4.998,4.998,194
2022-01-03 22:28:22,2.2,2.2,16,0.0,0.0,0,0.0,0.0,0,459496.00,0.00,0.00,165,12.53,2.29,0.00,-3.1,4.998,4.998,4.998,4.998,170
2022-01-03 22:29:22,0.0,2.3,29,0.0,0.0,0,0.0,0.0,0,459525.00,0.00,0.00,165,12.53,2.29,0.00,-3.1,4.998,4.998,4.998,4.998,202
2022-01-03 22:30:22,0.0,0.0,0,0.0,0.0,0,0.0,0.0,0,459525.00,0.00,0.00,165,12.53,2.29,0.00,-2.6,4.998,4.998,4.998,4.998,146
2022-01-03 22:31:22,0.0,0.0,0,0.0,0.0,0,0.0,0.0,0,459525.00,0.00,0.00,164,12.53,2.29,0.00,-3.1,4.998,4.998,4.998,4.998,213
2022-01-03 22:32:22,1.7,4.4,107,0.0,0.0,0,0.0,0.0,0,459632.00,0.00,0.00,165,12.53,2.29,0.00,-3.1,4.998,4.998,4.998,4.998,48
2022-01-03 22:33:22,3.0,3.0,76,0.0,0.0,0,0.0,0.0,0,459708.00,0.00,0.00,165,12.53,2.29,0.00,-3.1,4.998,4.998,4.998,4.998,121
2022-01-03 22:34:22,0.0,3.9,40,0.0,0.0,0,0.0,0.0,0,459748.00,0.00,0.00,164,12.53,2.29,0.00,-2.6,4.998,4.998,4.998,4.998,169
2022-01-03 22:35:22,0.0,0.0,1,0.0,0.0,0,0.0,0.0,0,459749.00,0.00,0.00,164,12.53,2.29,0.00,-3.1,4.998,4.998,4.998,4.998,66
2022-01-03 22:36:22,0.0,2.9,67,0.0,0.0,0,0.0,0.0,0,459816.00,0.00,0.00,164,12.53,2.29,0.00,-2.6,4.998,4.998,4.998,4.998,234
2022-01-03 22:37:22,0.0,0.0,0,0.0,0.0,0,0.0,0.0,0,459816.00,0.00,0.00,164,12.53,2.28,0.00,-2.6,4.998,4.998,4.998,4.998,199
2022-01-03 22:38:22,0.0,0.0,0,0.0,0.0,0,0.0,0.0,0,459816.00,0.00,0.00,164,12.53,2.29,0.00,-2.6,4.998,4.998,4.998,4.998,113
2022-01-03 22:39:22,1.3,3.2,89,0.0,0.0,0,0.0,0.0,0,459905.00,0.00,0.00,164,12.53,2.29,0.00,-2.6,4.998,4.998,4.998,4.998,63
2022-01-03 22:40:22,0.0,3.4,76,0.0,0.0,0,0.0,0.0,0,459981.00,0.00,0.00,164,12.53,2.29,0.00,-2.6,4.998,4.998,4.998,4.998,24
2022-01-03 22:41:22,0.0,0.0,1,0.0,0.0,0,0.0,0.0,0,459982.00,0.00,0.00,164,12.53,2.28,0.00,-3.1,4.998,4.998,4.998,4.998,49
2022-01-03 22:42:22,0.0,2.1,26,0.0,0.0,0,0.0,0.0,0,460008.00,0.00,0.00,164,12.53,2.29,0.00,-2.6,4.998,4.998,4.998,4.998,19
2022-01-03 22:43:22,0.0,2.6,32,0.0,0.0,0,0.0,0.0,0,460040.00,0.00,0.00,164,12.53,2.29,0.00,-2.6,4.998,4.998,4.998,4.998,211
2022-01-03 22:44:22,0.0,0.0,0,0.0,0.0,0,0.0,0.0,0,460040.00,0.00,0.00,164,12.53,2.29,0.00,-2.6,4.998,4.998,4.998,4.998,149
2022-01-03 22:45:22,0.0,0.0,0,0.0,0.0,0,0.0,0.0,0,460040.00,0.00,0.00,164,12.53,2.29,0.00,-2.6,4.998,4.998,4.998,4.998,134
2022-01-03 22:46:22,0.0,0.0,0,0.0,0.0,0,0.0,0.0,0,460040.00,0.00,0.00,164,12.53,2.29,0.00,-2.6,4.998,4.998,4.998,4.998,31
2022-01-03 22:47:22,0.0,0.0,0,0.0,0.0,0,0.0,0.0,0,460040.00,0.00,0.00,164,12.53,2.29,0.00,-3.1,4.998,4.998,4.998,4.998,40
2022-01-03 22:48:22,0.0,0.0,0,0.0,0.0,0,0.0,0.0,0,460040.00,0.00,0.00,164,12.53,2.29,0.00,-2.6,4.998,4.998,4.998,4.998,113
2022-01-03 22:49:22,0.0,0.0,0,0.0,0.0,0,0.0,0.0,0,460040.00,0.00,0.00,164,12.53,2.29,0.00,-2.6,4.998,4.998,4.998,4.998,98
2022-01-03 22:50:22,1.1,2.1,30,0.0,0.0,0,0.0,0.0,0,460070.00,0.00,0.00,164,12.53,2.29,0.00,-2.6,4.998,4.998,4.998,4.998,18
2022-01-03 22:51:22,0.0,2.3,42,0.0,0.0,0,0.0,0.0,0,460112.00,0.00,0.00,164,12.53,2.29,0.00,-2.6,4.998,4.998,4.998,4.998,114
2022-01-03 22:52:22,0.0,0.0,0,0.0,0.0,0,0.0,0.0,0,460112.00,0.00,0.00,164,12.53,2.29,0.00,-2.6,4.998,4.998,4.998,4.998,115
2022-01-03 22:53:22,0.0,0.0,0,0.0,0.0,0,0.0,0.0,0,460112.00,0.00,0.00,164,12.53,2.29,0.00,-2.6,4.998,4.998,4.998,4.998,96
2022-01-03 22:54:22,0.0,0.0,0,0.0,0.0,0,0.0,0.0,0,460112.00,0.00,0.00,164,12.53,2.29,0.00,-2.6,4.998,4.998,4.998,4.998,188
2022-01-03 22:55:22,2.2,2.7,30,0.0,0.0,0,0.0,0.0,0,460142.00,0.00,0.00,164,12.53,2.29,0.00,-3.1,4.998,4.998,4.998,4.998,201
2022-01-03 22:56:22,0.0,2.3,54,0.0,0.0,0,0.0,0.0,0,460196.00,0.00,0.00,164,12.53,2.29,0.00,-3.1,4.998,4.998,4.998,4.998,183
2022-01-03 22:57:22,0.0,0.0,0,0.0,0.0,0,0.0,0.0,0,460196.00,0.00,0.00,164,12.53,2.29,0.00,-3.1,4.998,4.998,4.998,4.998,218
2022-01-03 22:58:22,0.0,0.0,0,0.0,0.0,0,0.0,0.0,0,460196.00,0.00,0.00,164,12.53,2.29,0.00,-3.1,4.998,4.998,4.998,4.998,167
2022-01-03 22:59:22,0.0,0.0,0,0.0,0.0,0,0.0,0.0,0,460196.00,0.00,0.00,164,12.53,2.29,0.00,-3.1,4.998,4.998,4.998,4.998,180
2022-01-03 23:00:22,0.0,0.0,0,0.0,0.0,0,0.0,0.0,0,460196.00,0.00,0.00,164,12.53,2.29,0.00,-2.6,4.998,4.998,4.998,4.998,233
2022-01-03 23:01:22,0.0,0.0,0,0.0,0.0,0,0.0,0.0,0,460196.00,0.00,0.00,164,12.53,2.29,0.00,-2.6,4.998,4.998,4.998,4.998,250
2022-01-03 23:02:22,0.0,0.0,1,0.0,0.0,0,0.0,0.0,0,460197.00,0.00,0.00,164,12.53,2.29,0.00,-2.6,4.998,4.998,4.998,4.998,175
2022-01-03 23:03:22,0.0,0.0,0,0.0,0.0,0,0.0,0.0,0,460197.00,0.00,0.00,164,12.53,2.29,0.00,-2.6,4.998,4.998,4.998,4.998,120
2022-01-03 23:04:22,0.0,1.3,12,0.0,0.0,0,0.0,0.0,0,460209.00,0.00,0.00,164,12.53,2.28,0.00,-2.6,4.998,4.998,4.998,4.998,68
2022-01-03 23:05:22,0.0,0.0,0,0.0,0.0,0,0.0,0.0,0,460209.00,0.00,0.00,164,12.53,2.29,0.00,-2.6,4.998,4.998,4.998,4.998,227
2022-01-03 23:06:22,0.0,0.0,0,0.0,0.0,0,0.0,0.0,0,460209.00,0.00,0.00,164,12.53,2.29,0.00,-2.6,4.998,4.998,4.998,4.998,122
2022-01-03 23:07:22,0.0,0.0,0,0.0,0.0,0,0.0,0.0,0,460209.00,0.00,0.00,164,12.53,2.29,0.00,-2.6,4.998,4.998,4.998,4.998,105
2022-01-03 23:08:22,0.0,0.0,0,0.0,0.0,0,0.0,0.0,0,460209.00,0.00,0.00,164,12.49,2.29,0.00,-2.6,4.998,4.998,4.998,4.998,217
2022-01-03 23:09:22,0.0,1.3,4,0.0,0.0,0,0.0,0.0,0,460213.00,0.00,0.00,164,12.53,2.29,0.00,-2.6,4.998,4.998,4.998,4.998,90
2022-01-03 23:10:22,0.0,0.0,0,0.0,0.0,0,0.0,0.0,0,460213.00,0.00,0.00,164,12.53,2.28,0.00,-2.1,4.998,4.998,4.998,4.998,148
2022-01-03 23:11:22,0.0,0.0,0,0.0,0.0,0,0.0,0.0,0,460213.00,0.00,0.00,164,12.53,2.29,0.00,-2.1,4.998,4.998,4.998,4.998,76
2022-01-03 23:12:22,0.0,0.0,0,0.0,0.0,0,0.0,0.0,0,460213.00,0.00,0.00,164,12.53,2.28,0.00,-2.6,4.998,4.998,4.998,4.998,244
2022-01-03 23:13:22,0.0,0.0,0,0.0,0.0,0,0.0,0.0,0,460213.00,0.00,0.00,164,12.53,2.29,0.00,-2.6,4.998,4.998,4.998,4.998,44
2022-01-03 23:14:22,0.0,0.0,0,0.0,0.0,0,0.0,0.0,0,460213.00,0.00,0.00,164,12.53,2.29,0.00,-2.6,4.998,4.998,4.998,4.998,240
2022-01-03 23:15:22,0.0,0.0,0,0.0,0.0,0,0.0,0.0,0,460213.00,0.00,0.00,164,12.53,2.29,0.00,-2.1,4.998,4.998,4.998,4.998,9
2022-01-03 23:16:22,0.0,0.0,0,0.0,0.0,0,0.0,0.0,0,460213.00,0.00,0.00,164,12.53,2.29,0.00,-2.6,4.998,4.998,4.998,4.998,122
2022-01-03 23:17:22,0.0,0.0,0,0.0,0.0,0,0.0,0.0,0,460213.00,0.00,0.00,164,12.53,2.29,0.00,-2.6,4.998,4.998,4.998,4.998,105
2022-01-03 23:18:22,0.0,0.0,0,0.0,0.0,0,0.0,0.0,0,460213.00,0.00,0.00,164,12.53,2.29,0.00,-2.6,4.998,4.998,4.998,4.998,20
2022-01-03 23:19:22,0.0,0.0,0,0.0,0.0,0,0.0,0.0,0,460213.00,0.00,0.00,164,12.53,2.29,0.00,-2.6,4.998,4.998,4.998,4.998,7
2022-01-03 23:20:22,0.0,0.0,0,0.0,0.0,0,0.0,0.0,0,460213.00,0.00,0.00,164,12.53,2.29,0.00,-2.6,4.998,4.998,4.998,4.998,134
2022-01-03 23:21:22,0.0,0.0,0,0.0,0.0,0,0.0,0.0,0,460213.00,0.00,0.00,164,12.53,2.29,0.00,-3.1,4.998,4.998,4.998,4.998,177
2022-01-03 23:22:22,0.0,0.0,0,0.0,0.0,0,0.0,0.0,0,460213.00,0.00,0.00,164,12.53,2.29,0.00,-3.1,4.998,4.998,4.998,4.998,40
2022-01-03 23:23:22,0.0,0.0,0,0.0,0.0,0,0.0,0.0,0,460213.00,0.00,0.00,164,12.53,2.29,0.00,-3.1,4.998,4.998,4.998,4.998,59
2022-01-03 23:24:22,0.0,0.0,0,0.0,0.0,0,0.0,0.0,0,460213.00,0.00,0.00,164,12.53,2.29,0.00,-3.1,4.998,4.998,4.998,4.998,231
2022-01-03 23:25:22,0.0,0.0,0,0.0,0.0,0,0.0,0.0,0,460213.00,0.00,0.00,164,12.53,2.29,0.00,-3.1,4.998,4.998,4.998,4.998,244
2022-01-03 23:26:22,0.0,0.0,0,0.0,0.0,0,0.0,0.0,0,460213.00,0.00,0.00,164,12.53,2.29,0.00,-3.1,4.998,4.998,4.998,4.998,109
2022-01-03 23:27:22,0.0,0.0,0,0.0,0.0,0,0.0,0.0,0,460213.00,0.00,0.00,164,12.53,2.29,0.00,-3.1,4.998,4.998,4.998,4.998,126
2022-01-03 23:28:22,0.0,0.0,0,0.0,0.0,0,0.0,0.0,0,460213.00,0.00,0.00,164,12.53,2.29,0.00,-2.6,4.998,4.998,4.998,4.998,39
2022-01-03 23:29:22,0.0,0.0,0,0.0,0.0,0,0.0,0.0,0,460213.00,0.00,0.00,164,12.53,2.29,0.00,-2.6,4.998,4.998,4.998,4.998,52
2022-01-03 23:30:22,0.0,0.0,0,0.0,0.0,0,0.0,0.0,0,460213.00,0.00,0.00,165,12.53,2.29,0.00,-3.1,4.998,4.998,4.998,4.998,13
2022-01-03 23:31:22,0.0,0.0,0,0.0,0.0,0,0.0,0.0,0,460213.00,0.00,0.00,165,12.53,2.29,0.00,-3.1,4.998,4.998,4.998,4.998,30
2022-01-03 23:32:22,0.0,0.0,0,0.0,0.0,0,0.0,0.0,0,460213.00,0.00,0.00,165,12.53,2.29,0.00,-3.1,4.998,4.998,4.998,4.998,135
2022-01-03 23:33:22,0.0,0.0,0,0.0,0.0,0,0.0,0.0,0,460213.00,0.00,0.00,165,12.53,2.29,0.00,-3.1,4.998,4.998,4.998,4.998,148
2022-01-03 23:34:22,0.0,0.0,0,0.0,0.0,0,0.0,0.0,0,460213.00,0.00,0.00,165,12.53,2.29,0.00,-3.1,4.998,4.998,4.998,4.998,72
2022-01-03 23:35:22,0.0,0.0,0,0.0,0.0,0,0.0,0.0,0,460213.00,0.00,0.00,165,12.53,2.29,0.00,-3.6,4.998,4.998,4.998,4.998,177
2022-01-03 23:36:22,0.0,0.0,0,0.0,0.0,0,0.0,0.0,0,460213.00,0.00,0.00,165,12.53,2.29,0.00,-3.6,4.998,4.998,4.998,4.998,40
2022-01-03 23:37:22,0.0,0.0,0,0.0,0.0,0,0.0,0.0,0,460213.00,0.00,0.00,165,12.53,2.29,0.00,-3.6,4.998,4.998,4.998,4.998,59
2022-01-03 23:38:22,0.0,0.0,1,0.0,0.0,0,0.0,0.0,0,460214.00,0.00,0.00,165,12.53,2.29,0.00,-3.6,4.998,4.998,4.998,4.998,140
2022-01-03 23:39:22,2.7,2.9,96,0.0,0.0,0,0.0,0.0,0,460310.00,0.00,0.00,165,12.53,2.29,0.00,-4.1,4.998,4.998,4.998,4.998,132
2022-01-03 23:40:22,1.4,2.9,95,0.0,0.0,0,0.0,0.0,0,460405.00,0.00,0.00,165,12.53,2.29,0.00,-4.5,4.998,4.998,4.998,4.998,126
2022-01-03 23:41:22,1.9,2.1,73,0.0,0.0,0,0.0,0.0,0,460478.00,0.00,0.00,165,12.53,2.29,0.00,-4.5,4.998,4.998,4.998,4.998,71
2022-01-03 23:42:22,0.0,2.1,62,0.0,0.0,0,0.0,0.0,0,460540.00,0.00,0.00,165,12.53,2.29,0.00,-4.5,4.998,4.998,4.998,4.998,241
2022-01-03 23:43:22,0.0,0.0,0,0.0,0.0,0,0.0,0.0,0,460540.00,0.00,0.00,164,12.53,2.29,0.00,-4.1,4.998,4.998,4.998,4.998,110
2022-01-03 23:44:22,0.0,0.0,0,0.0,0.0,0,0.0,0.0,0,460540.00,0.00,0.00,165,12.53,2.29,0.00,-4.1,4.998,4.998,4.998,4.998,194
2022-01-03 23:45:22,0.0,0.0,0,0.0,0.0,0,0.0,0.0,0,460540.00,0.00,0.00,165,12.53,2.29,0.00,-4.1,4.998,4.998,4.998,4.998,209
2022-01-03 23:46:22,0.0,0.0,0,0.0,0.0,0,0.0,0.0,0,460540.00,0.00,0.00,165,12.53,2.29,0.00,-4.1,4.998,4.998,4.998,4.998,72
2022-01-03 23:47:22,0.0,0.0,0,0.0,0.0,0,0.0,0.0,0,460540.00,0.00,0.00,165,12.53,2.29,0.00,-4.5,4.998,4.998,4.998,4.998,20
2022-01-03 23:48:22,3.7,4.6,43,0.0,0.0,0,0.0,0.0,0,460583.00,0.00,0.00,133,12.53,1.85,0.00,-4.1,4.998,4.998,4.998,4.998,139
2022-01-03 23:49:22,2.3,3.5,87,0.0,0.0,0,0.0,0.0,0,460670.00,0.00,0.00,133,12.53,1.85,0.00,-4.1,4.998,4.998,4.998,4.998,118
2022-01-03 23:50:22,2.1,3.1,114,0.0,0.0,0,0.0,0.0,0,460784.00,0.00,0.00,133,12.53,1.85,0.00,-4.1,4.998,4.998,4.998,4.998,87
2022-01-03 23:51:22,0.0,2.2,32,0.0,0.0,0,0.0,0.0,0,460816.00,0.00,0.00,133,12.53,1.85,0.00,-4.5,4.998,4.998,4.998,4.998,104
2022-01-03 23:52:22,1.2,2.1,40,0.0,0.0,0,0.0,0.0,0,460856.00,0.00,0.00,133,12.49,1.85,0.00,-4.1,4.998,4.998,4.998,4.998,172
2022-01-03 23:53:22,2.1,2.8,98,0.0,0.0,0,0.0,0.0,0,460954.00,0.00,0.00,132,12.53,1.84,0.00,-3.6,4.998,4.998,4.998,4.998,92
2022-01-03 23:54:22,0.0,2.5,30,0.0,0.0,0,0.0,0.0,0,460984.00,0.00,0.00,132,12.53,1.84,0.00,-3.6,4.998,4.998,4.998,4.998,136
2022-01-03 23:55:22,1.4,2.6,64,0.0,0.0,0,0.0,0.0,0,461048.00,0.00,0.00,132,12.53,1.84,0.00,-3.6,4.998,4.998,4.998,4.998,133
2022-01-03 23:56:22,0.0,2.7,31,0.0,0.0,0,0.0,0.0,0,461079.00,0.00,0.00,133,12.53,1.85,0.00,-3.1,4.998,4.998,4.998,4.998,6
2022-01-03 23:57:22,0.0,1.9,14,0.0,0.0,0,0.0,0.0,0,461093.00,0.00,0.00,133,12.53,1.85,0.00,-3.6,4.998,4.998,4.998,4.998,140
2022-01-03 23:58:22,0.0,4.0,100,0.0,0.0,0,0.0,0.0,0,461193.00,0.00,0.00,162,12.53,2.25,0.00,-3.1,4.998,4.998,4.998,4.998,230
2022-01-03 23:59:22,0.0,1.2,3,0.0,0.0,0,0.0,0.0,0,461196.00,0.00,0.00,162,12.53,2.25,0.00,-3.1,4.998,4.998,4.998,4.998,166
